queue_utc,seller_sku,asin,supplier_code,supplier_name,supplier_sku,barcode,price_list_unit_cost_gbp,purchase_reference_list_cost_gbp,actual_paid_unit_cost_gbp,actual_vs_list_ratio,discount_assumption_pct,expected_next_unit_cost_gbp,confirmation_status,review_reason,user_prompt,source_lineage,title,price_list_source_batch_id,price_list_source_received_at_utc,expected_cost_source,cost_confidence
2026-05-19T12:28:57Z,N9-IOWG-NGD9,,333 SI568,ABGee,,,,,4.44,,,4.44,needs_user_price_check,missing_current_price_list_cost|actual_paid_without_list_reference,Check supplier price for N9-IOWG-NGD9: no current collected price-list cost is available.,product_db_preview,"Worlds Smallest 568 UNO ONE, Multicoloured, único",,,last_purchase_price,actual_paid_without_list_reference
2026-05-19T12:28:57Z,BF-KVJ0-RUA9,,DC,ABGee,,,,,,,,,needs_user_price_check,missing_all_cost_inputs,Add supplier cost evidence for BF-KVJ0-RUA9: no usable list or purchase cost is available.,product_db_preview,"Hey Duggee - 4 in Box (12, 16, 20, 24 piece) Jigsaw Puzzles for Kids age 3 years and up",,,missing_cost,none
2026-05-19T12:28:57Z,12-749B-9EB5,,985 49830,ABGee,,,,,7.59,,,7.59,needs_user_price_check,missing_current_price_list_cost|actual_paid_without_list_reference,Check supplier price for 12-749B-9EB5: no current collected price-list cost is available.,product_db_preview,Funko POP! Movies: TCM - Leatherface - Texas Chainsaw Massacre - Collectable Vinyl Figure - Gift Idea - Official Merchandise - Toys for Kids & Adults - Movies Fans - Model Figure for Collectors,,,last_purchase_price,actual_paid_without_list_reference
2026-05-19T12:28:57Z,WT-LPJW-NOXR,,985 48186,ABGee,,,,,7.59,,,7.59,needs_user_price_check,missing_current_price_list_cost|actual_paid_without_list_reference,Check supplier price for WT-LPJW-NOXR: no current collected price-list cost is available.,product_db_preview,Funko POP! TV: the Boys-Homelander Levitating - Collectable Vinyl Figure - Gift Idea - Official Merchandise - Toys for Kids & Adults - TV Fans - Model Figure for Collectors and Display,,,last_purchase_price,actual_paid_without_list_reference
2026-05-19T12:28:57Z,BF-EX14-XMNB,,985 72185,ABGee,,,,,,,,,needs_user_price_check,missing_all_cost_inputs,Add supplier cost evidence for BF-EX14-XMNB: no usable list or purchase cost is available.,product_db_preview,Funko POP! TV: Peaky Blinders - Thomas Shelby - 1/6 Odds for Rare Chase Variant - Collectable Vinyl Figure - Gift Idea - Official Merchandise - Toys for Kids & Adults - TV Fans,,,missing_cost,none
2026-05-19T12:28:57Z,WB-6YBC-16X8,,985 49695,ABGee,,,,,7.59,,,7.59,needs_user_price_check,missing_current_price_list_cost|actual_paid_without_list_reference,Check supplier price for WB-6YBC-16X8: no current collected price-list cost is available.,product_db_preview,Funko POP! Movies Edward Scissorhands - Collectable Vinyl Figure - Gift Idea - Official Merchandise - Toys for Kids & Adults - Movies Fans - Model Figure for Collectors and Display,,,last_purchase_price,actual_paid_without_list_reference
2026-05-19T12:28:57Z,5B-DQES-2T3E,,,ABGee,,,,,,,,,needs_user_price_check,missing_all_cost_inputs,Add supplier cost evidence for 5B-DQES-2T3E: no usable list or purchase cost is available.,product_db_preview,Ravensburger Super Mario Brothers Pencil Pot 3D Jigsaw Puzzles for Kids Age 6 Years Up - 54 Pieces - No Glue Required,,,missing_cost,none
2026-05-19T12:28:57Z,BJ-1TEF-1BUZ,,,ABGee,,,,,,,,,needs_user_price_check,missing_all_cost_inputs,Add supplier cost evidence for BJ-1TEF-1BUZ: no usable list or purchase cost is available.,product_db_preview,Ravensburger Marvel Avengers Mini Memory Game - Matching Picture Snap Pairs Game For Kids Age 3 Years and Up,,,missing_cost,none
2026-05-19T12:28:57Z,2S-T29M-BDIZ,,985 28806,ABGee,,,,,7.59,,,7.59,needs_user_price_check,missing_current_price_list_cost|actual_paid_without_list_reference,Check supplier price for 2S-T29M-BDIZ: no current collected price-list cost is available.,product_db_preview,Funko POP! Books: Five Nights At Freddy's (FNAF) - Twisted Bonnie - FNAF the Twisted Ones - Collectable Vinyl Figure - Gift Idea - Official Merchandise,,,last_purchase_price,actual_paid_without_list_reference
2026-05-19T12:28:57Z,DY-51D1-CSIX,,520 02224,ABGee,,,,,2.5,,,2.5,needs_user_price_check,missing_current_price_list_cost|actual_paid_without_list_reference,Check supplier price for DY-51D1-CSIX: no current collected price-list cost is available.,product_db_preview,"Basic Fun Lite-Brite | Peg & Template Refill Pack | Light Up Drawing Board, LED Board with Colours, Toys for Creative Play, Glow Art Neon Effect Drawing Board, Light Toys for Kids Ages 4 02224",,,last_purchase_price,actual_paid_without_list_reference
2026-05-19T12:28:57Z,09-CZ59-Q6OR,,,DHB,,,,,,,,,needs_user_price_check,missing_all_cost_inputs,Add supplier cost evidence for 09-CZ59-Q6OR: no usable list or purchase cost is available.,product_db_preview,Stoddard Icon White Standard Interdental Brushes - 8 Brush Plus 2 Free Brush in 1 Pack,,,missing_cost,none
2026-05-19T12:28:57Z,B2-5FFM-153A,,,ABGee,,,,,,,,,needs_user_price_check,missing_all_cost_inputs,Add supplier cost evidence for B2-5FFM-153A: no usable list or purchase cost is available.,product_db_preview,Ravensburger Disney Princess 100 Piece Jigsaw Puzzles for Kids Age 6 Years Up,,,missing_cost,none
2026-05-19T12:28:57Z,XI-DUS3-PXC9,,413674,ABGee,,,,,,,,,needs_user_price_check,missing_all_cost_inputs,Add supplier cost evidence for XI-DUS3-PXC9: no usable list or purchase cost is available.,product_db_preview,"Super Mario - 2,5 Deluxe Toad House Playset (413674)",,,missing_cost,none
2026-05-19T12:28:57Z,0T-LQK2-KFCY,,,ABGee,,,,,,,,,needs_user_price_check,missing_all_cost_inputs,Add supplier cost evidence for 0T-LQK2-KFCY: no usable list or purchase cost is available.,product_db_preview,"Mattel WWE Ultimate Edition Asuka Action Figure & Accessories, 6-inch Collectible Set, Swappable Heads & Hands, Entrance Gear & 30 Articulation Points, HWP53",,,missing_cost,none
2026-05-19T12:28:57Z,OL-F41R-EZEF,,,ABGee,,,,,,,,,needs_user_price_check,missing_all_cost_inputs,Add supplier cost evidence for OL-F41R-EZEF: no usable list or purchase cost is available.,product_db_preview,BRIO World Collapsing Bridge for Kids Age 3 Years Up - Compatible With All BRIO Railway Train Sets and Accessories,,,missing_cost,none
2026-05-19T12:28:57Z,NC-MA70-7OJ9,,,ABGee,,,,,,,,,needs_user_price_check,missing_all_cost_inputs,Add supplier cost evidence for NC-MA70-7OJ9: no usable list or purchase cost is available.,product_db_preview,Learning Resources Playfoam Sparkle (Set of 4) EI-1910,,,missing_cost,none
2026-05-19T12:28:57Z,T7-NZWY-R44R,,,ABGee,,,,,,,,,needs_user_price_check,missing_all_cost_inputs,Add supplier cost evidence for T7-NZWY-R44R: no usable list or purchase cost is available.,product_db_preview,"The Original Plasticine, FunTUBulous, Original Modelling Clay, Soft and Non-Hardening, Includes 8 Bumper Sticks of Plasticine in Plastic Bucket with Carry Handle, Suitable for Ages 3+",,,missing_cost,none
2026-05-19T12:28:57Z,I2-OJSR-TKZ6,,,ABGee,,,,,,,,,needs_user_price_check,missing_all_cost_inputs,Add supplier cost evidence for I2-OJSR-TKZ6: no usable list or purchase cost is available.,product_db_preview,BRIO World Wooden Tunnel Train for Kids Age 3 Years Up - Compatible with all BRIO Railway Sets & Accessories,,,missing_cost,none
2026-05-19T12:28:57Z,9C-ZLCN-WWGK,,985 5862,ABGee,,,,,7.59,,,7.59,needs_user_price_check,missing_current_price_list_cost|actual_paid_without_list_reference,Check supplier price for 9C-ZLCN-WWGK: no current collected price-list cost is available.,product_db_preview,Funko POP! Movies: Harry Potter - Severus Snape - Collectable Vinyl Figure - Gift Idea - Official Merchandise - Toys for Kids & Adults - Movies Fans - Model Figure for Collectors and Display,,,last_purchase_price,actual_paid_without_list_reference
2026-05-19T12:28:57Z,6L-LO0H-2WGF,,198 3202,ABGee,,,,,3.33,,,3.33,needs_user_price_check,missing_current_price_list_cost|actual_paid_without_list_reference,Check supplier price for 6L-LO0H-2WGF: no current collected price-list cost is available.,product_db_preview,"Make It Real Blooming Vibes Sketchbook - Princess Fashion Design Drawing and Craft Book - Fashion Designer Kits for Girls with Templates, Stencils, Stickers - Kids Arts and Crafts Sets, Creative Gifts",,,last_purchase_price,actual_paid_without_list_reference
2026-05-19T12:28:57Z,7C-XI7G-FMUU,,985 36391,ABGee,,,,,7.59,,,7.59,needs_user_price_check,missing_current_price_list_cost|actual_paid_without_list_reference,Check supplier price for 7C-XI7G-FMUU: no current collected price-list cost is available.,product_db_preview,Funko POP! Vinyl: Disney: the Lion King: Mufasa - Collectable Vinyl Figure - Gift Idea - Official Merchandise - Toys for Kids & Adults - Movies Fans - Model Figure for Collectors and Display,,,last_purchase_price,actual_paid_without_list_reference
2026-05-19T12:28:57Z,W7-F06R-CW3C,,,ABGee,,,,,,,,,needs_user_price_check,missing_all_cost_inputs,Add supplier cost evidence for W7-F06R-CW3C: no usable list or purchase cost is available.,product_db_preview,Giga Pets AR Virtual Animal Pet Toy (Unicorn),,,missing_cost,none
2026-05-19T12:28:57Z,D6-Y4EX-C9HL,,,ABGee,,,,,,,,,needs_user_price_check,missing_all_cost_inputs,Add supplier cost evidence for D6-Y4EX-C9HL: no usable list or purchase cost is available.,product_db_preview,Ravensburger Hey Duggee Mini Memory Game - Matching Picture Snap Pairs Game for Kids Age 3 Years Up,,,missing_cost,none
2026-05-19T12:28:57Z,NB-UWOU-68PW,,,ABGee,,,,,,,,,needs_user_price_check,missing_all_cost_inputs,Add supplier cost evidence for NB-UWOU-68PW: no usable list or purchase cost is available.,product_db_preview,Funko Mystery Mini: Marvel Deadpool 30th - 1 Of 12 to Collect - Styles Vary - Collectable Vinyl Figure - Gift Idea - Official Merchandise - Toys for Kids & Adults - Comic Books Fans and Display,,,missing_cost,none
2026-05-19T12:28:57Z,QG-6O1N-7HTR,,,ABGee,,,,,,,,,needs_user_price_check,missing_all_cost_inputs,Add supplier cost evidence for QG-6O1N-7HTR: no usable list or purchase cost is available.,product_db_preview,Pokemon Piplup 8 inch Plush,,,missing_cost,none
2026-05-19T12:28:57Z,E7-LAKI-9FEO,,,ABGee,,,,,,,,,needs_user_price_check,missing_all_cost_inputs,Add supplier cost evidence for E7-LAKI-9FEO: no usable list or purchase cost is available.,product_db_preview,"Ravensburger Disney Princess - Jigsaw Puzzles for Kids Age 3 Years Up, Multicolored, 4 in Box (12, 16, 20, 24 Piece)",,,missing_cost,none
2026-05-19T12:28:57Z,FQ-DRSZ-XVJI,,,ABGee,,,,,,,,,needs_user_price_check,missing_all_cost_inputs,Add supplier cost evidence for FQ-DRSZ-XVJI: no usable list or purchase cost is available.,product_db_preview,"Purse Pets, Glamicorn Unicorn Interactive Purse Pet with Over 25 Sounds and Reactions, Kids Toys for Girls Ages 5 and up",,,missing_cost,none
2026-05-19T12:28:57Z,WY-Z6LP-JOMV,,542 12001074,ABGee,,,,,,,,,needs_user_price_check,missing_all_cost_inputs,Add supplier cost evidence for WY-Z6LP-JOMV: no usable list or purchase cost is available.,product_db_preview,Ravensburger Super Mario 100 Piece XXL Jigsaw Puzzles for Kids Age 6 Years Up - Extra Large Pieces,,,missing_cost,none
2026-05-19T12:28:57Z,IX-E0R5-6P6G,,,ABGee,,,,,,,,,needs_user_price_check,missing_all_cost_inputs,Add supplier cost evidence for IX-E0R5-6P6G: no usable list or purchase cost is available.,product_db_preview,Ravensburger Super Mario 3x 49 Piece Jigsaw Puzzles for Kids Age 5 Years Up,,,missing_cost,none
2026-05-19T12:28:57Z,J7-QL4P-4SOM,,,ABGee,,,,,,,,,needs_user_price_check,missing_all_cost_inputs,Add supplier cost evidence for J7-QL4P-4SOM: no usable list or purchase cost is available.,product_db_preview,ThinkFun Cold Case Files A Pinch of Murder - Murder Mystery Game for Adults and Kids Age 14 Years Up - 1 to 4 Players,,,missing_cost,none
2026-05-19T12:28:57Z,UF-8XYI-JUTX,,,ABGee,,,,,,,,,needs_user_price_check,missing_all_cost_inputs,Add supplier cost evidence for UF-8XYI-JUTX: no usable list or purchase cost is available.,product_db_preview,ThinkFun Cold Case Files A Pinch of Murder - Murder Mystery Game for Adults and Kids Age 14 Years Up - 1 to 4 Players,,,missing_cost,none
2026-05-19T12:28:57Z,LG-AZOP-KOUU,,,ABGee,,,,,,,,,needs_user_price_check,missing_all_cost_inputs,Add supplier cost evidence for LG-AZOP-KOUU: no usable list or purchase cost is available.,product_db_preview,ThinkFun Cold Case Files A Pinch of Murder - Murder Mystery Game for Adults and Kids Age 14 Years Up - 1 to 4 Players,,,missing_cost,none
2026-05-19T12:28:57Z,0K-6BX5-D5AH,,856 PSTSP414IN0,ABGee,,,,,7.51,,,7.51,needs_user_price_check,missing_current_price_list_cost|actual_paid_without_list_reference,Check supplier price for 0K-6BX5-D5AH: no current collected price-list cost is available.,product_db_preview,"SUPERTHINGS Balloon Boxer – Large vehicle plus two attachable vehicles, 3 SuperThings and 1 exclusive Kazoom Kid",,,last_purchase_price,actual_paid_without_list_reference
2026-05-19T12:28:57Z,Z3-HICR-CPBW,,985 59686,ABGee,,,,,7.76,,,7.76,needs_user_price_check,missing_current_price_list_cost|actual_paid_without_list_reference,Check supplier price for Z3-HICR-CPBW: no current collected price-list cost is available.,product_db_preview,Funko Action Figure: Five Nights At Freddy's (FNAF) - Toxic Springtrap - Glow In the Dark - Collectable Toy - Gift Idea - Official Merchandise,,,last_purchase_price,actual_paid_without_list_reference
2026-05-19T12:28:57Z,OO-KLJU-ZBO9,,985 62221,ABGee,,,,,7.59,,,7.59,needs_user_price_check,missing_current_price_list_cost|actual_paid_without_list_reference,Check supplier price for OO-KLJU-ZBO9: no current collected price-list cost is available.,product_db_preview,Funko POP! Vinyl: Formula One - Valtteri Bottas - Mercedes-Benz - Collectable Vinyl Figure - Gift Idea - Official Merchandise - Toys for Kids & Adults - Sports Fans - Model Figure for Collectors,,,last_purchase_price,actual_paid_without_list_reference
2026-05-19T12:28:57Z,UL-6G4Z-72JE,,198 3209,ABGee,,,,,3.33,,,3.33,needs_user_price_check,missing_current_price_list_cost|actual_paid_without_list_reference,Check supplier price for UL-6G4Z-72JE: no current collected price-list cost is available.,product_db_preview,Make It Real Love and Daisy Inspired Fashion Design Sketchbook with Stencils and Stickers for Creativity - Kids Arts and Crafts Colouring Book - Girls Gifts,,,last_purchase_price,actual_paid_without_list_reference
2026-05-19T12:28:57Z,2K-6X85-CXUL,,,ABGee,,,,,,,,,needs_user_price_check,missing_all_cost_inputs,Add supplier cost evidence for 2K-6X85-CXUL: no usable list or purchase cost is available.,product_db_preview,Ravensburger Happy Days Royal Residences 4x 500 Piece Jigsaw Puzzle for Adults and Kids Age 10 Years Up,,,missing_cost,none
2026-05-19T12:28:57Z,MF-MNIN-FGXW,,,ABGee,,,,,,,,,needs_user_price_check,missing_all_cost_inputs,Add supplier cost evidence for MF-MNIN-FGXW: no usable list or purchase cost is available.,product_db_preview,Squishville Squad 4 pack - Puppy Love Squad,,,missing_cost,none
2026-05-19T12:28:57Z,FQ-MTRD-YPII,,,ABGee,,,,,,,,,needs_user_price_check,missing_all_cost_inputs,Add supplier cost evidence for FQ-MTRD-YPII: no usable list or purchase cost is available.,product_db_preview,"Learning Resources Carlos the Pop & Count Cactus, Top Toddler Toys, Preschool, Fine Motor Skills, Educational Toys, 16 Pieces, Age 18 Months",,,missing_cost,none
2026-05-19T12:28:57Z,8N-T5OY-DSW9,,,ABGee,,,,,,,,,needs_user_price_check,missing_all_cost_inputs,Add supplier cost evidence for 8N-T5OY-DSW9: no usable list or purchase cost is available.,product_db_preview,Funko POP! Animation: Demon Slayer - Mitsuri Kanroji - Collectable Vinyl Figure - Gift Idea - Official Merchandise - Toys for Kids & Adults - Anime Fans - Model Figure for Collectors and Display,,,missing_cost,none
2026-05-19T12:28:57Z,JE-NHAA-HEYR,,,ABGee,,,,,,,,,needs_user_price_check,missing_all_cost_inputs,Add supplier cost evidence for JE-NHAA-HEYR: no usable list or purchase cost is available.,product_db_preview,Ravensburger Disney Encanto The Magic Awaits 3x 49 Pieces Jigsaw Puzzle for Kids Age 5 Years Up,,,missing_cost,none
2026-05-19T12:28:57Z,6V-0L0T-OF72,,930 1108,ABGee,,,,,10,,,10,needs_user_price_check,missing_current_price_list_cost|actual_paid_without_list_reference,Check supplier price for 6V-0L0T-OF72: no current collected price-list cost is available.,product_db_preview,Top Secret Toys Giga Pets Animal Toy (1108),,,last_purchase_price,actual_paid_without_list_reference
2026-05-19T12:28:57Z,IQ-PR7Z-1RKG,,888 PKW0167,ABGee,,,,,7,,,7,needs_user_price_check,missing_current_price_list_cost|actual_paid_without_list_reference,Check supplier price for IQ-PR7Z-1RKG: no current collected price-list cost is available.,product_db_preview,Pokémon SCYTHER BATTLE FEATURE FIGURE - 4.5-Inch Scyther Battle Figure with Chop Attack Arms,,,last_purchase_price,actual_paid_without_list_reference
2026-05-19T12:28:57Z,A9-31T9-JF3W,,,ABGee,,,,,,,,,needs_user_price_check,missing_all_cost_inputs,Add supplier cost evidence for A9-31T9-JF3W: no usable list or purchase cost is available.,product_db_preview,"Squishville by Original Squishmallows Pep Squad Plush - Four 2-Inch Squishmallows Plush Including Prim, Harley, Mellie, and Zaylee - Toys for Kids",,,missing_cost,none
2026-05-19T12:28:57Z,TT-1DQK-CJFF,,,ABGee,,,,,,,,,needs_user_price_check,missing_all_cost_inputs,Add supplier cost evidence for TT-1DQK-CJFF: no usable list or purchase cost is available.,product_db_preview,"Squishville by Original Squishmallows Cow Squad Plush - Four 2-Inch Squishmallows Plush Including Reshma, Candess, Calton, and 1 Surprise - Toys for Kids",,,missing_cost,none
2026-05-19T12:28:57Z,EO-RQ6J-PAPY,,,ABGee,,,,,7.59,,,7.59,needs_user_price_check,missing_current_price_list_cost|actual_paid_without_list_reference,Check supplier price for EO-RQ6J-PAPY: no current collected price-list cost is available.,product_db_preview,Funko POP! Disney: Robin Hood - Maid Marian - Collectable Vinyl Figure - Gift Idea - Official Merchandise - Toys for Kids & Adults - Movies Fans - Model Figure for Collectors and Display,,,last_purchase_price,actual_paid_without_list_reference
2026-05-19T12:28:57Z,F9-ETRB-6FVQ,,,ABGee,,,,,,,,,needs_user_price_check,missing_all_cost_inputs,Add supplier cost evidence for F9-ETRB-6FVQ: no usable list or purchase cost is available.,product_db_preview,DOCTOR WHO 14th Doctor sonic screwdriver,,,missing_cost,none
2026-05-19T12:28:57Z,10-PGVO-YV15,,OSP54,CLF,OSP54,4744183012622,2.34,2.34,2.25,0.961538,3.8462,2.25,needs_user_price_check,discount_assumption_needs_confirmation,"Check supplier price for 10-PGVO-YV15: latest list is 2.34, last paid was 2.25, assumed ratio is 0.961538, expected next cost is 2.25.",product_db_preview|f_price_list_batch:clf_source_20260519T105542Z_8f9b91f4a9b2,Organic Shop 250ml Body Scrub Repairing Mango & Sugar,clf_source_20260519T105542Z_8f9b91f4a9b2,2026-05-19T10:55:35Z,discount_assumption_from_actual_paid,discount_assumption_needs_confirmation
2026-05-19T12:28:57Z,LL-NBBZ-I90A,,,BEM,,,,,,,,,needs_user_price_check,missing_all_cost_inputs,Add supplier cost evidence for LL-NBBZ-I90A: no usable list or purchase cost is available.,product_db_preview,Funko POP! Movies - Lord Of the Rings - Hobbit - Samwise Gamgee - Lord Of the Rings - Collectable Vinyl Figure - Gift Idea - Official Merchandise - Toys for Kids & Adults - Movies Fans,,,missing_cost,none
2026-05-19T12:28:57Z,HJ-6HB4-VVF2,,,BEM,,,,,,,,,needs_user_price_check,missing_all_cost_inputs,Add supplier cost evidence for HJ-6HB4-VVF2: no usable list or purchase cost is available.,product_db_preview,Pyramid International HARRY POTTER A5 Lined Wiro Notebook The Marauders Map - Official Merchandise,,,missing_cost,none
2026-05-19T12:28:57Z,R7-RF9Q-9AMN,,,BEM,,,,,,,,,needs_user_price_check,missing_all_cost_inputs,Add supplier cost evidence for R7-RF9Q-9AMN: no usable list or purchase cost is available.,product_db_preview,"Super Mario Bros. Mushroom Collectible Figure Light, Officially Licensed Nintendo Merchandise",,,missing_cost,none
2026-05-19T12:28:57Z,9I-QC5D-QDT2,,,BEM,,,,,,,,,needs_user_price_check,missing_all_cost_inputs,Add supplier cost evidence for 9I-QC5D-QDT2: no usable list or purchase cost is available.,product_db_preview,Funko Pop! Games: OverWatch2- Kiriko - Kuriko - Overwatch - Collectable Vinyl Figure - Gift Idea - Official Merchandise - Toys for Kids & Adults - Video Games Fans - Model Figure for Collectors,,,missing_cost,none
2026-05-19T12:28:57Z,26-E5TZ-WU0I,,AT-15052,Bliss Distribution,,,,,,,,,needs_user_price_check,missing_all_cost_inputs,Add supplier cost evidence for 26-E5TZ-WU0I: no usable list or purchase cost is available.,product_db_preview,Dragon Shield AT-15052 Standard Size Dual Matte Crypt (100 Sleeves),,,missing_cost,none
2026-05-19T12:28:57Z,1Q-OTO8-JG8E,,AT-11009,Bliss Distribution,,,,,4.32,,,4.32,needs_user_price_check,missing_current_price_list_cost|actual_paid_without_list_reference,Check supplier price for 1Q-OTO8-JG8E: no current collected price-list cost is available.,product_db_preview,Dragon Shield 11009 Matte Purple Standard Sleeves (100 Sleeves),,,last_purchase_price,actual_paid_without_list_reference
2026-05-19T12:28:57Z,27-VH0D-TKGK,,,CLF,,,,,,,,,needs_user_price_check,missing_all_cost_inputs,Add supplier cost evidence for 27-VH0D-TKGK: no usable list or purchase cost is available.,product_db_preview,Colgin Natural Pecan Liquid Smoke 118 ml,,,missing_cost,none
2026-05-19T12:28:57Z,2L-4Y1Q-E6OA,,674 05288,ABGee,,,,,6.2,,,6.2,needs_user_price_check,missing_current_price_list_cost|actual_paid_without_list_reference,Check supplier price for 2L-4Y1Q-E6OA: no current collected price-list cost is available.,product_db_preview,Ben & Holly Talking Plush Assorted,,,last_purchase_price,actual_paid_without_list_reference
2026-05-19T12:28:57Z,ON-XPCR-TAZW,,UGD011337,Bliss Distribution,,,,,2.62,,,2.62,needs_user_price_check,missing_current_price_list_cost|actual_paid_without_list_reference,Check supplier price for ON-XPCR-TAZW: no current collected price-list cost is available.,product_db_preview,Ultimate Guard Katana Inner Sleeves Standard Size Transparent (100),,,last_purchase_price,actual_paid_without_list_reference
2026-05-19T12:28:57Z,BH-QYC3-K7VG,,UGD010696,Bliss Distribution,UGD010696,4056133006194,5.2,5.2,4.65,0.894231,10.5769,4.65,needs_user_price_check,discount_assumption_needs_confirmation,"Check supplier price for BH-QYC3-K7VG: latest list is 5.2, last paid was 4.65, assumed ratio is 0.894231, expected next cost is 4.65.",product_db_preview|f_price_list_batch:bliss_distribution_source_20260518T094415Z_193729ee1063,"Ultimate Guard UGD010696 Boulder Deck Case, 100 Plus, standard size, malachite",bliss_distribution_source_20260518T094415Z_193729ee1063,2026-05-18T09:43:37Z,discount_assumption_from_actual_paid,discount_assumption_needs_confirmation
2026-05-19T12:28:57Z,T0-4R2M-4BLV,,E-15612,Bliss Distribution,,,,,4.68,,,4.68,needs_user_price_check,missing_current_price_list_cost|actual_paid_without_list_reference,Check supplier price for T0-4R2M-4BLV: no current collected price-list cost is available.,product_db_preview,Ultra Pro - Eclipse Standard Matte Sleeves 100 Pack - Arctic White,,,last_purchase_price,actual_paid_without_list_reference
2026-05-19T12:28:57Z,46-MOBK-YBS1,,FK51965,Heo,,,,,6.84,,,6.84,needs_user_price_check,missing_current_price_list_cost|actual_paid_without_list_reference,Check supplier price for 46-MOBK-YBS1: no current collected price-list cost is available.,product_db_preview,Funko POP! Games: Sonic 30th-Silver Hedgehog the Hedgehog - Sonic the Hedgehog - Collectable Vinyl Figure - Gift Idea - Official Merchandise - Toys for Kids & Adults - Video Games Fans,,,last_purchase_price,actual_paid_without_list_reference
2026-05-19T12:28:57Z,NY-AI90-84GR,,UGD010896,Bliss Distribution,UGD010896,4056133011655,6.11,6.11,5.86,0.959083,4.0917,5.86,needs_user_price_check,discount_assumption_needs_confirmation,"Check supplier price for NY-AI90-84GR: latest list is 6.11, last paid was 5.86, assumed ratio is 0.959083, expected next cost is 5.86.",product_db_preview|f_price_list_batch:heo_source_20260430T174504Z_f7cc77113c30,Ultimate Guard UGD010896 Standard Size Katana Sleeves - Turquoise (100 Sleeves),heo_source_20260430T174504Z_f7cc77113c30,2026-04-30T12:41:16Z,discount_assumption_from_actual_paid,discount_assumption_needs_confirmation
2026-05-19T12:28:57Z,3Z-S01D-H4GA,,,Bliss Distribution,,,,,,,,,needs_user_price_check,missing_all_cost_inputs,Add supplier cost evidence for 3Z-S01D-H4GA: no usable list or purchase cost is available.,product_db_preview,"PLATINUM 9-Pocket Page For Standard Size Cards (11-Holes, Box 100),White",,,missing_cost,none
2026-05-19T12:28:57Z,2T-07RT-8IMX,B07W65T6VT,E-15219,Bliss Distribution,,,,,8.58,,,8.58,needs_user_price_check,missing_current_price_list_cost|actual_paid_without_list_reference,Check supplier price for 2T-07RT-8IMX: no current collected price-list cost is available.,product_db_preview,Ultra Pro - Eclipse 9-Pocket Pro-Binder - Jet Black,,,last_purchase_price,actual_paid_without_list_reference
2026-05-19T12:28:57Z,66-6EUM-PSH8,,,Bliss Distribution,,,,,,,,,needs_user_price_check,missing_all_cost_inputs,Add supplier cost evidence for 66-6EUM-PSH8: no usable list or purchase cost is available.,product_db_preview,Ultra Pro - Eclipse Standard Matte Sleeves 100 Pack - Smoke Grey,,,missing_cost,none
2026-05-19T12:28:57Z,CN-NR50-TSFE,B0024I0DBW,E-15146,Bliss Distribution,,,,,8.58,,,8.58,needs_user_price_check,missing_current_price_list_cost|actual_paid_without_list_reference,Check supplier price for CN-NR50-TSFE: no current collected price-list cost is available.,product_db_preview,Ultra Pro - Eclipse 9-Pocket Pro-Binder - Apple Red,,,last_purchase_price,actual_paid_without_list_reference
2026-05-19T12:28:57Z,0C-AOG2-B23Z,,,Bliss Distribution,,,,,,,,,needs_user_price_check,missing_all_cost_inputs,Add supplier cost evidence for 0C-AOG2-B23Z: no usable list or purchase cost is available.,product_db_preview,White Deck Box for Trading Cards,,,missing_cost,none
2026-05-19T12:28:57Z,XB-PLFM-VNLX,,UGD010069,Bliss Distribution,UGD010069,4260250072189,0.76,0.76,0.69,0.907895,9.2105,0.69,needs_user_price_check,discount_assumption_needs_confirmation,"Check supplier price for XB-PLFM-VNLX: latest list is 0.76, last paid was 0.69, assumed ratio is 0.907895, expected next cost is 0.69.",product_db_preview|f_price_list_batch:bliss_distribution_source_20260518T094415Z_193729ee1063,"Ultimate Guard UGD010069 Japanese Size Classic Soft Card Sleeves (Pack of 100, Transparent)",bliss_distribution_source_20260518T094415Z_193729ee1063,2026-05-18T09:43:37Z,discount_assumption_from_actual_paid,discount_assumption_needs_confirmation
2026-05-19T12:28:57Z,8G-7PJ0-25UD,,,Bliss Distribution,,,,,,,,,needs_user_price_check,missing_all_cost_inputs,Add supplier cost evidence for 8G-7PJ0-25UD: no usable list or purchase cost is available.,product_db_preview,Ultra Pro PLAYMAT and Artwork Tube C20 Card Game,,,missing_cost,none
2026-05-19T12:28:57Z,EH-ZRT0-U4YM,,E-84516,Bliss Distribution,,,,,3.17,,,3.17,needs_user_price_check,missing_current_price_list_cost|actual_paid_without_list_reference,Check supplier price for EH-ZRT0-U4YM: no current collected price-list cost is available.,product_db_preview,Ultra Pro - Standard Pro Matte Card Sleeves 100 Pack - Red,,,last_purchase_price,actual_paid_without_list_reference
2026-05-19T12:28:57Z,7I-GPVA-PDJ6,,,Bliss Distribution,,,,,,,,,needs_user_price_check,missing_all_cost_inputs,Add supplier cost evidence for 7I-GPVA-PDJ6: no usable list or purchase cost is available.,product_db_preview,Dungeons & Dragons Dungeon Mayhem Card Game: Monster Madness,,,missing_cost,none
2026-05-19T12:28:57Z,Z7-ZI0R-NWCK,,,Bliss Distribution,,,,,,,,,needs_user_price_check,missing_all_cost_inputs,Add supplier cost evidence for Z7-ZI0R-NWCK: no usable list or purchase cost is available.,product_db_preview,"Magic The Gathering The Lord of the Rings: Tales of Middle-earth Starter Kit - Learn to Play with 2 Ready-to-Play Decks + 2 Codes to Play Online (2-Player Card Game), Multicolor (D15290000)",,,missing_cost,none
2026-05-19T12:28:57Z,M1-UFU0-V1X3,,AT-11056,Bliss Distribution,,,,,4.31,,,4.31,needs_user_price_check,missing_current_price_list_cost|actual_paid_without_list_reference,Check supplier price for M1-UFU0-V1X3: no current collected price-list cost is available.,product_db_preview,Dragon Shield Sleeves – Dragon Shield Matte: Forest Green 100 CT - MTG Card Sleeves are Smooth & Tough - Compatible with Pokemon & Magic The Gathering Cards,,,last_purchase_price,actual_paid_without_list_reference
2026-05-19T12:28:57Z,E0-9FJI-8AD2,,AT-15063,Bliss Distribution,,,,,5.04,,,5.04,needs_user_price_check,missing_current_price_list_cost|actual_paid_without_list_reference,Check supplier price for E0-9FJI-8AD2: no current collected price-list cost is available.,product_db_preview,Arcane Tinmen ApS ART15063 Dragon Shield: Matte - Dual Power (Metallic Green),,,last_purchase_price,actual_paid_without_list_reference
2026-05-19T12:28:57Z,TL-AUNR-5YK0,,CP3003,Bliss Distribution,,,,,6.1,,,6.1,needs_user_price_check,missing_current_price_list_cost|actual_paid_without_list_reference,Check supplier price for TL-AUNR-5YK0: no current collected price-list cost is available.,product_db_preview,The Army Painter Anti Shine Matt Varnish for Miniature Painting - Acrylic after Quickshade Protector Spray Varnish for Miniatures,,,last_purchase_price,actual_paid_without_list_reference
2026-05-19T12:28:57Z,JQ-6JZ4-3GJ7,,,Clearance King,,,,,,,,,needs_user_price_check,missing_all_cost_inputs,Add supplier cost evidence for JQ-6JZ4-3GJ7: no usable list or purchase cost is available.,product_db_preview,"Daewoo 1-Gang Extension, White, 2 m",,,missing_cost,none
2026-05-19T12:28:57Z,GB-RXX5-97UW,,,Clearance King,,,,,,,,,needs_user_price_check,missing_all_cost_inputs,Add supplier cost evidence for GB-RXX5-97UW: no usable list or purchase cost is available.,product_db_preview,24pk Soap Filled Scourer Pads | 2 x 12pk Stain and Grease-Cutting Pad with Soap | Durable and Long Lasting Scourer Pads for Tough Food Stain Cleaning,,,missing_cost,none
2026-05-19T12:28:57Z,N0-JAU8-SI40,,,Clearance King,,,,,,,,,needs_user_price_check,missing_all_cost_inputs,Add supplier cost evidence for N0-JAU8-SI40: no usable list or purchase cost is available.,product_db_preview,"Vaseline Baby Gel for Baby, 100 ml.",,,missing_cost,none
2026-05-19T12:28:57Z,MI-J6KS-0097,,,Clearance King,,,,,,,,,needs_user_price_check,missing_all_cost_inputs,Add supplier cost evidence for MI-J6KS-0097: no usable list or purchase cost is available.,product_db_preview,Vaseline Soothing Jelly No 3 250Ml Aloe Vera,,,missing_cost,none
2026-05-19T12:28:57Z,PF-7VUQ-LIUC,,PUR6,CLF,,,,,,,,,needs_user_price_check,missing_all_cost_inputs,Add supplier cost evidence for PF-7VUQ-LIUC: no usable list or purchase cost is available.,product_db_preview,"PUR Gum | Sugar Free Chewing Gum | Made with Xylitol | Vegan, Aspartame Free, Gluten Free & Keto Friendly | Natural Peppermint Flavoured Gum, 55 Pieces (Pack of 1)",,,missing_cost,none
2026-05-19T12:28:57Z,6E-GK4T-QBFF,,HAS-DUN52,Bliss Distribution,,,,,5.49,,,5.49,needs_user_price_check,missing_current_price_list_cost|actual_paid_without_list_reference,Check supplier price for 6E-GK4T-QBFF: no current collected price-list cost is available.,product_db_preview,FaNaTtik Dungeons & Dragons Baldur's Gate 3 Collectible Soul Coin,,,last_purchase_price,actual_paid_without_list_reference
2026-05-19T12:28:57Z,16-5NE0-75DT,,FIN178,CLF,,,,,1.46,,,1.46,needs_user_price_check,missing_current_price_list_cost|actual_paid_without_list_reference,Check supplier price for 16-5NE0-75DT: no current collected price-list cost is available.,product_db_preview,"Faith In Nature 3 x 100ml Natural Body Wash Travel Gift Set, Vegan & Cruelty Free, No SLS or Parabens",,,last_purchase_price,actual_paid_without_list_reference
2026-05-19T12:28:57Z,7R-DKJR-F0UF,,9310346414302,Stax,,,,,5.87,,,5.87,needs_user_price_check,missing_current_price_list_cost|actual_paid_without_list_reference,Check supplier price for 7R-DKJR-F0UF: no current collected price-list cost is available.,product_db_preview,"Wiltshire Staysharp Triple Rivet Multi-Purpose Paring Knife 9cm, Stainless Steel Sharp Blade for Chopping Cutting & Slicing, Built-in Sharpener, Slim Scabbard, Ergonomic Triple Rivet Handle",,,last_purchase_price,actual_paid_without_list_reference
2026-05-19T12:28:57Z,7W-PCZV-CX51,,FK73415,Heo,,,,,7.06,,,7.06,needs_user_price_check,missing_current_price_list_cost|actual_paid_without_list_reference,Check supplier price for 7W-PCZV-CX51: no current collected price-list cost is available.,product_db_preview,Funko POP! Ad Icons: McDonalds - Birthday Ronald McDonald - McDonald's - Collectable Vinyl Figure - Gift Idea - Official Merchandise - Toys for Kids & Adults - Ad Icons Fans,,,last_purchase_price,actual_paid_without_list_reference
2026-05-19T12:28:57Z,HI-4CXM-9WVU,,HIM57,CLF,,,,,2.97,,,2.97,needs_user_price_check,missing_current_price_list_cost|actual_paid_without_list_reference,Check supplier price for HI-4CXM-9WVU: no current collected price-list cost is available.,product_db_preview,"Himalaya Botanique Complete Care Toothpaste, Herbal, Cinnamon Flavor, Fights Plaque, Freshens Breath, Fluoride Free, No Artificial Flavors, SLS Free, Cruelty Free, Foaming 150ml",,,last_purchase_price,actual_paid_without_list_reference
2026-05-19T12:28:57Z,JC-NYJZ-DIWR,,,CLF,,,,,,,,,needs_user_price_check,missing_all_cost_inputs,Add supplier cost evidence for JC-NYJZ-DIWR: no usable list or purchase cost is available.,product_db_preview,RAWGANIC Pure Cleansing Anti-aging Facial Wipes with Pomegranate and Aloe Vera | Gentle Hydrating Biodegradable Makeup Removal Wipes | Organic Cotton Face Wipes | 1 Pack (25 wipes in total),,,missing_cost,none
2026-05-19T12:28:57Z,FX-3YH6-IF6A,,,CLF,,,,,,,,,needs_user_price_check,missing_all_cost_inputs,Add supplier cost evidence for FX-3YH6-IF6A: no usable list or purchase cost is available.,product_db_preview,COLGIN LIQUID SMOKE NATURAL HICKORY FLAVOUR 1 x 118 ml BOTTLE AMERICAN IMPORT,,,missing_cost,none
2026-05-19T12:28:57Z,3L-LSBT-PRST,,HIM30,CLF,HIM30,8901138512811,3.59,3.59,2.2,0.612813,38.7187,2.2,needs_user_price_check,discount_assumption_needs_confirmation,"Check supplier price for 3L-LSBT-PRST: latest list is 3.59, last paid was 2.2, assumed ratio is 0.612813, expected next cost is 2.2.",product_db_preview|f_price_list_batch:clf_source_20260519T105542Z_8f9b91f4a9b2,"Himalaya Herbals Neem Face Wash Foam with Turmeric Extract, 150 ml",clf_source_20260519T105542Z_8f9b91f4a9b2,2026-05-19T10:55:35Z,discount_assumption_from_actual_paid,discount_assumption_needs_confirmation
2026-05-19T12:28:57Z,PF-9T40-Q7YW,,,CLF,,,,,,,,,needs_user_price_check,missing_all_cost_inputs,Add supplier cost evidence for PF-9T40-Q7YW: no usable list or purchase cost is available.,product_db_preview,"PUR Gum | Sugar Free Chewing Gum | Made with Xylitol | Vegan, Aspartame Free, Gluten Free & Keto Friendly | Natural Spearmint Flavoured Gum, 55 Pieces (Pack of 1)",,,missing_cost,none
2026-05-19T12:28:57Z,PQ-SCCQ-7RCR,,,CLF,,,,,,,,,needs_user_price_check,missing_all_cost_inputs,Add supplier cost evidence for PQ-SCCQ-7RCR: no usable list or purchase cost is available.,product_db_preview,"Doves Farm Rice Flour, 1kg",,,missing_cost,none
2026-05-19T12:28:57Z,YM-HLZL-A3XS,,,CLF,,,,,,,,,needs_user_price_check,missing_all_cost_inputs,Add supplier cost evidence for YM-HLZL-A3XS: no usable list or purchase cost is available.,product_db_preview,"Doves Farm Rice Flour, 1kg",,,missing_cost,none
2026-05-19T12:28:57Z,HN-13OB-TAYD,,,CLF,,,,,,,,,needs_user_price_check,missing_all_cost_inputs,Add supplier cost evidence for HN-13OB-TAYD: no usable list or purchase cost is available.,product_db_preview,"Mustela Very High Protection SPF 50+ Sun Lotion, 100 ml",,,missing_cost,none
2026-05-19T12:28:57Z,CQ-GZA7-CZBW,,HIM30,CLF,HIM30,8901138512811,3.59,3.59,4.4,1.225627,,4.4,needs_user_price_check,actual_paid_above_list_needs_review,Check supplier price for CQ-GZA7-CZBW: last paid cost is above the reference list price.,product_db_preview|f_price_list_batch:clf_source_20260519T105542Z_8f9b91f4a9b2,"Himalaya Herbals Purifying Neem Foaming Face Wash ,Soap-free formulation For all skin types -150ml (Pack of 2)",clf_source_20260519T105542Z_8f9b91f4a9b2,2026-05-19T10:55:35Z,actual_paid_above_list_review,actual_paid_above_list_needs_review
2026-05-19T12:28:57Z,WN-BBR4-67NP,,,CLF,,,,,,,,,needs_user_price_check,missing_all_cost_inputs,Add supplier cost evidence for WN-BBR4-67NP: no usable list or purchase cost is available.,product_db_preview,"ATTITUDE Baby Lotion, EWG Verified Moisturizer, Dermatologically Tested Moisturizing Cream, Vegan, Pear Nectar, 473 mL",,,missing_cost,none
2026-05-19T12:28:57Z,C1-4N7O-1LWT,,,CLF,,,,,,,,,needs_user_price_check,missing_all_cost_inputs,Add supplier cost evidence for C1-4N7O-1LWT: no usable list or purchase cost is available.,product_db_preview,"OceanSaver Eco Laundry Detergent Sheets | Non-Bio | Eco-Friendly, Biodegradable & Freshly Scented | Zero-Waste & Removes Tough Stains | Vegan, Plastic & Cruelty-Free | Plant Based Formula (30 Washes)",,,missing_cost,none
2026-05-19T12:28:57Z,2U-EUMC-7E5P,,BDH8,CLF,,,,,4.94,,,4.94,needs_user_price_check,missing_current_price_list_cost|actual_paid_without_list_reference,Check supplier price for 2U-EUMC-7E5P: no current collected price-list cost is available.,product_db_preview,"Buddha Teas Dandelion Root Tea - Kosher, Caffeine-Free, GMO-Free - 18 Bleach-Free Tea Bags multi 24g",,,last_purchase_price,actual_paid_without_list_reference
2026-05-19T12:28:57Z,9R-YGAK-KTA0,,,Culpitt,,,,,,,,,needs_user_price_check,missing_all_cost_inputs,Add supplier cost evidence for 9R-YGAK-KTA0: no usable list or purchase cost is available.,product_db_preview,"RAINBOW DUST Pearl Food Colouring, Edible Paint in Pearlescent Colours, Ready to Use, Easy to Apply, Create Cakes & Cupcakes with an Indulgent Shimmer - Light Silver 25ml",,,missing_cost,none
2026-05-19T12:28:57Z,KG-GAQU-OLI0,,,Culpitt,,,,,,,,,needs_user_price_check,missing_all_cost_inputs,Add supplier cost evidence for KG-GAQU-OLI0: no usable list or purchase cost is available.,product_db_preview,"Rainbow Dust Metallic Paint Light Gold, 25 g",,,missing_cost,none
2026-05-19T12:28:57Z,B7-9S5E-KOHG,,,Darlac,,,,,18.75,,,18.75,needs_user_price_check,missing_current_price_list_cost|actual_paid_without_list_reference,Check supplier price for B7-9S5E-KOHG: no current collected price-list cost is available.,product_db_preview,"Darlac Snapper 1000mm Reach Pruner - Lightweight, Razor Sharp & Strong Ideal for Pruning, Deadheading & Collecting Fruit - Right & Left Handed Use - Perfect for Disabled Gardeners & Wheelchair Users",,,last_purchase_price,actual_paid_without_list_reference
2026-05-19T12:28:57Z,LH-LOUH-H54B,,,Darlac,,,,,,,,,needs_user_price_check,missing_all_cost_inputs,Add supplier cost evidence for LH-LOUH-H54B: no usable list or purchase cost is available.,product_db_preview,"Darlac Compound Action Pruner, Garden Secateurs",,,missing_cost,none
2026-05-19T12:28:57Z,ET-D23X-A5I2,,,Darlac,,,,,,,,,needs_user_price_check,missing_all_cost_inputs,Add supplier cost evidence for ET-D23X-A5I2: no usable list or purchase cost is available.,product_db_preview,"Darlac Ergo Gardening Snips – Strong, Lightweight Gardening Scissors Ideal for Houseplants and Flower Arranging – Razor Sharp, Pocket-Sized Pruners - SK5 High Carbon Steel Blade",,,missing_cost,none
2026-05-19T12:28:57Z,BB-JN90-IUUP,,FK63981,Heo,,,,,7.64,,,7.64,needs_user_price_check,missing_current_price_list_cost|actual_paid_without_list_reference,Check supplier price for BB-JN90-IUUP: no current collected price-list cost is available.,product_db_preview,Funko Pop! Movies: Carrie,,,last_purchase_price,actual_paid_without_list_reference
2026-05-19T12:28:57Z,BU-H22U-ACK3,,VIC0221,Trilanco,,,,,1.99,,,1.99,needs_user_price_check,missing_current_price_list_cost|actual_paid_without_list_reference,Check supplier price for BU-H22U-ACK3: no current collected price-list cost is available.,product_db_preview,"Zero In Wasp Trap Bait Refill Sachet – 3-Pack Effective Wasp Attractant, Green",,,last_purchase_price,actual_paid_without_list_reference
2026-05-19T12:28:57Z,3L-1I88-19GF,,CUR005,DHB,,,,,4.35,,,4.35,needs_user_price_check,missing_current_price_list_cost|actual_paid_without_list_reference,Check supplier price for 3L-1I88-19GF: no current collected price-list cost is available.,product_db_preview,Curaprox Interdental Brush Refills CPS 10 Regular Conique | White | for Tight Interdental Spaces | Ultra-Fine Filaments for Gentle Cleaning | 5-Pieces | Designed in Switzerland,,,last_purchase_price,actual_paid_without_list_reference
2026-05-19T12:28:57Z,CJ-DLBW-HKFS,,,DHB,,,,,,,,,needs_user_price_check,missing_all_cost_inputs,Add supplier cost evidence for CJ-DLBW-HKFS: no usable list or purchase cost is available.,product_db_preview,"Meditrade Nitril® Black Nitrile Examination Gloves - Powder-Free, Latex-Free, Multi Use Protective Exam Gloves - Size Large - Black - 100pcs",,,missing_cost,none
2026-05-19T12:28:57Z,0N-JV0B-5UNV,,,DHB,,,,,,,,,needs_user_price_check,missing_all_cost_inputs,Add supplier cost evidence for 0N-JV0B-5UNV: no usable list or purchase cost is available.,product_db_preview,"Proxysoft Dental Floss for Bridges and Implants 30 Strands - Floss Threaders for Bridges, Dental Implants, Braces with Extra-Thick Proxy Brush for Optimal Oral Hygiene -Teeth Bridge and Implant Cleaners",,,missing_cost,none
2026-05-19T12:28:57Z,8G-JH1T-98X4,,,DHB,,,,,,,,,needs_user_price_check,missing_all_cost_inputs,Add supplier cost evidence for 8G-JH1T-98X4: no usable list or purchase cost is available.,product_db_preview,"Curaprox CS 3960 Super Soft Toothbrush– Adult Gum and Tooth Care | Super Soft Curen® Filaments for Gentle Cleaning | Assorted Colours, Single Pack | Made in Switzerland",,,missing_cost,none
2026-05-19T12:28:57Z,7Y-B7S7-O5OZ,,,DHB,,,,,4.12,,,4.12,needs_user_price_check,missing_current_price_list_cost|actual_paid_without_list_reference,Check supplier price for 7Y-B7S7-O5OZ: no current collected price-list cost is available.,product_db_preview,"Oral-B Kids Electric Toothbrush Head, with Disney Characters, Extra Soft Bristles, For Ages 3+, Pack of 2 Toothbrush Heads, Red",,,last_purchase_price,actual_paid_without_list_reference
2026-05-19T12:28:57Z,3K-PWXF-IHKI,,,DHB,,,,,,,,,needs_user_price_check,missing_all_cost_inputs,Add supplier cost evidence for 3K-PWXF-IHKI: no usable list or purchase cost is available.,product_db_preview,"Clinell Universal Cleaning and Disinfectant Spray for Surfaces - 500 ml - White Universal Spray, Kills 99.9% of Germs, Quick Action, Surface Cleaning, NO Bleach",,,missing_cost,none
2026-05-19T12:28:57Z,PT-CVT8-NV21,,,DHB,,,,,,,,,needs_user_price_check,missing_all_cost_inputs,Add supplier cost evidence for PT-CVT8-NV21: no usable list or purchase cost is available.,product_db_preview,"Neutrogena Norwegian Formula Deep Moisture Fast-Absorbing Body Lotion (1x 250ml), Non-Greasy Body Moisturiser for Dry Skin with 10% Glycerine and Pro-Ceramide Technology, Provides 72-Hour Moisturisation",,,missing_cost,none
2026-05-19T12:28:57Z,10-JQEP-V8I7,,,DHB,,,,,,,,,needs_user_price_check,missing_all_cost_inputs,Add supplier cost evidence for 10-JQEP-V8I7: no usable list or purchase cost is available.,product_db_preview,The Original TUNG Brush - 2 Pack,,,missing_cost,none
2026-05-19T12:28:57Z,YD-0TJL-WINU,,,DHB,,,,,,,,,needs_user_price_check,missing_all_cost_inputs,Add supplier cost evidence for YD-0TJL-WINU: no usable list or purchase cost is available.,product_db_preview,"Oral-B Stages Power Kids Electric Toothbrush Featuring Frozen Characters, 1 Handle, 1 Brush Head, UK 2 Pin Plug",,,missing_cost,none
2026-05-19T12:28:57Z,VY-FXRV-DEAT,,,DHB,,,,,2.06,,,2.06,needs_user_price_check,missing_current_price_list_cost|actual_paid_without_list_reference,Check supplier price for VY-FXRV-DEAT: no current collected price-list cost is available.,product_db_preview,"Meditrade Nitril® Black Nitrile Examination Gloves - Powder-Free, Latex-Free, Multi Use Protective Exam Gloves - Size Medium - Black - 100pcs",,,last_purchase_price,actual_paid_without_list_reference
2026-05-19T12:28:57Z,SA-T4GN-HUNR,,OB292,DHB,,,,,2.67,,,2.67,needs_user_price_check,missing_current_price_list_cost|actual_paid_without_list_reference,Check supplier price for SA-T4GN-HUNR: no current collected price-list cost is available.,product_db_preview,"Oral-B Kids Electric Toothbrush, Christmas Gifts For Kids, 1 Toothbrush Head, Battery Powered, Extra Soft Bristles For Gentle Cleaning, For Ages 3+",,,last_purchase_price,actual_paid_without_list_reference
2026-05-19T12:28:57Z,Z4-04O5-E86C,,,DHB,,,,,,,,,needs_user_price_check,missing_all_cost_inputs,Add supplier cost evidence for Z4-04O5-E86C: no usable list or purchase cost is available.,product_db_preview,"DenTek 3-in 1 Interdental Cleaners - Features an Interdental Brush, Floss and Pick All in One, 12 Pack",,,missing_cost,none
2026-05-19T12:28:57Z,FY-TQNI-4ZV5,,,DHB,,,,,18.44,,,18.44,needs_user_price_check,missing_current_price_list_cost|actual_paid_without_list_reference,Check supplier price for FY-TQNI-4ZV5: no current collected price-list cost is available.,product_db_preview,"Oclean Air 2, Sonic Electric Toothbrush, Portable Ultra Quiet Design, Dupont Brush Head Bristles, 2h Quick Charge for 40 Days, IPX7 – Eucalyptus Green",,,last_purchase_price,actual_paid_without_list_reference
2026-05-19T12:28:57Z,4V-OE5G-EJKM,,,DHB,,,,,35.51,,,35.51,needs_user_price_check,missing_current_price_list_cost|actual_paid_without_list_reference,Check supplier price for 4V-OE5G-EJKM: no current collected price-list cost is available.,product_db_preview,"Oclean X Pro Elite, Smart Mute Sonic Electric Toothbrush, 4 Modes with Whitening, Quick Charge for 35 Days, IPX7 – Grey",,,last_purchase_price,actual_paid_without_list_reference
2026-05-19T12:28:57Z,7U-508Y-MZAQ,,V4055,DK Tools,,,,,,,,,needs_user_price_check,missing_all_cost_inputs,Add supplier cost evidence for 7U-508Y-MZAQ: no usable list or purchase cost is available.,product_db_preview,"Amtech V4055 P240 Hook and Loop Square Sheets, 10 Piece Set, 110mm x 100mm Sanding Paper, 240 V, Clear, 110 x 100mm",,,missing_cost,none
2026-05-19T12:28:57Z,55-5RSU-1KG1,,,DK Tools,,,,,,,,,needs_user_price_check,missing_all_cost_inputs,Add supplier cost evidence for 55-5RSU-1KG1: no usable list or purchase cost is available.,product_db_preview,"Amtech N2376 Thermal Work Gloves Large (Size 9), Certified Quality for Heavy Duty Tasks, Hi-Vis Yellow",,,missing_cost,none
2026-05-19T12:28:57Z,FN-ZANK-PHQO,,C3185,DK Tools,,,,,,,,,needs_user_price_check,missing_all_cost_inputs,Add supplier cost evidence for FN-ZANK-PHQO: no usable list or purchase cost is available.,product_db_preview,Amtech C3185 2 Piece T-Handle Manhole Key Set,,,missing_cost,none
2026-05-19T12:28:57Z,FW-WGL2-H61I,,G4480,DK Tools,,,,,,,,,needs_user_price_check,missing_all_cost_inputs,Add supplier cost evidence for FW-WGL2-H61I: no usable list or purchase cost is available.,product_db_preview,Amtech G4480 7 Piece Paint pad Set,,,missing_cost,none
2026-05-19T12:28:57Z,HT-LVU9-4F5R,,N2377,DK Tools,,,,,,,,,needs_user_price_check,missing_all_cost_inputs,Add supplier cost evidence for HT-LVU9-4F5R: no usable list or purchase cost is available.,product_db_preview,"Amtech N2377 Thermal Work Gloves Medium (Size 8), Certified Quality for Heavy Duty Tasks, Hi-Vis Yellow",,,missing_cost,none
2026-05-19T12:28:57Z,YB-8YQ7-X1X8,,N2382,DK Tools,,,,,,,,,needs_user_price_check,missing_all_cost_inputs,Add supplier cost evidence for YB-8YQ7-X1X8: no usable list or purchase cost is available.,product_db_preview,"Amtech N2382 Hi Vis Gloves Medium (Size 8), Certified Quality Rubber Coated Hi Vis Work Gloves, Black/Yellow",,,missing_cost,none
2026-05-19T12:28:57Z,TX-7TYN-NVF4,,,DK Tools,,,,,,,,,needs_user_price_check,missing_all_cost_inputs,Add supplier cost evidence for TX-7TYN-NVF4: no usable list or purchase cost is available.,product_db_preview,"Amtech D0929 Ratchet Non-Marking Durable 9-inch Spring Clamp, 75mm Max Jaw Opening, Soft Grip Handle",,,missing_cost,none
2026-05-19T12:28:57Z,WI-QO7X-YZOL,,,EE Distribution,,,,,,,,,needs_user_price_check,missing_all_cost_inputs,Add supplier cost evidence for WI-QO7X-YZOL: no usable list or purchase cost is available.,product_db_preview,"Power Rangers, Dino Fury Ranger Red Electronic Mask Fancy Dress",,,missing_cost,none
2026-05-19T12:28:57Z,G0-25T9-9YZS,,,EE Distribution,,,,,,,,,needs_user_price_check,missing_all_cost_inputs,Add supplier cost evidence for G0-25T9-9YZS: no usable list or purchase cost is available.,product_db_preview,"Monster High Doll, Abbey Bominable Yeti Fashion Doll with Pet Mammoth and Themed Accessories, HNF64",,,missing_cost,none
2026-05-19T12:28:57Z,2I-R2RY-BZ85,,,Entertainment Trading,,,,,,,,,needs_user_price_check,missing_all_cost_inputs,Add supplier cost evidence for 2I-R2RY-BZ85: no usable list or purchase cost is available.,product_db_preview,Australian Gold - Instant Sunscreen Spray SPF 30 100 ml (Pack of 1),,,missing_cost,none
2026-05-19T12:28:57Z,RR-0TGC-U4IT,,,Entertainment Trading,,,,,,,,,needs_user_price_check,missing_all_cost_inputs,Add supplier cost evidence for RR-0TGC-U4IT: no usable list or purchase cost is available.,product_db_preview,Australian Gold - Instant Sunscreen Spray SPF 15 100 ml (Pack of 1) White,,,missing_cost,none
2026-05-19T12:28:57Z,1P-BRGG-P0N6,,WST568,Heo,,,,,4.44,,,4.44,needs_user_price_check,missing_current_price_list_cost|actual_paid_without_list_reference,Check supplier price for 1P-BRGG-P0N6: no current collected price-list cost is available.,product_db_preview,"Worlds Smallest 568 UNO ONE, Multicoloured, único",,,last_purchase_price,actual_paid_without_list_reference
2026-05-19T12:28:57Z,HY-VZF3-EFS3,,FK73022,Heo,,,,,4.85,,,4.85,needs_user_price_check,missing_current_price_list_cost|actual_paid_without_list_reference,Check supplier price for HY-VZF3-EFS3: no current collected price-list cost is available.,product_db_preview,"Funko Bitty Pop! the Nightmare Before Christmas - Santa Jack 4PK - Santa Jack, Sandy Claws, Vampire Teddy With Duck and A Surprise Mystery Mini Figure - 0.9 Inch (2.2 Cm) Collectable - Gift Idea",,,last_purchase_price,actual_paid_without_list_reference
2026-05-19T12:28:57Z,4C-6VFW-JO2C,,NMR52536,Heo,,,,,3,,,3,needs_user_price_check,missing_current_price_list_cost|actual_paid_without_list_reference,Check supplier price for 4C-6VFW-JO2C: no current collected price-list cost is available.,product_db_preview,AQUARIUS Labyrinth Playing Cards - Labyrinth Themed Deck of Cards for Your Favorite Card Games - Officially Licensed Labyrinth Merchandise & Collectibles,,,last_purchase_price,actual_paid_without_list_reference
2026-05-19T12:28:57Z,3V-HQSI-8QRU,,FK67424,Heo,,,,,3.97,,,3.97,needs_user_price_check,missing_current_price_list_cost|actual_paid_without_list_reference,Check supplier price for 3V-HQSI-8QRU: no current collected price-list cost is available.,product_db_preview,Funko POP! TV: Witcher - Geralt - (shield) - the Witcher - Collectable Vinyl Figure - Gift Idea - Official Merchandise - Toys for Kids & Adults - TV Fans - Model Figure for Collectors and Display,,,last_purchase_price,actual_paid_without_list_reference
2026-05-19T12:28:57Z,KE-WQ91-B6JF,,WST503,Heo,,,,,3.68,,,3.68,needs_user_price_check,missing_current_price_list_cost|actual_paid_without_list_reference,Check supplier price for KE-WQ91-B6JF: no current collected price-list cost is available.,product_db_preview,Worlds Smallest Rubiks Cube,,,last_purchase_price,actual_paid_without_list_reference
2026-05-19T12:28:57Z,JX-Q0XX-QBZ2,,EXGMER-2927,Heo,,,,,8.95,,,8.95,needs_user_price_check,missing_current_price_list_cost|actual_paid_without_list_reference,Check supplier price for JX-Q0XX-QBZ2: no current collected price-list cost is available.,product_db_preview,"Cableguys Borderlands Psycho Controller Holder & Phone Stand - Gaming Accessories for Room and Desk Setup, Holder Compatible with Xbox, PlayStation & Most Standard Game Controllers",,,last_purchase_price,actual_paid_without_list_reference
2026-05-19T12:28:57Z,SH-RGTH-QQM2,,FK49154,Heo,,,,,4.99,,,4.99,needs_user_price_check,missing_current_price_list_cost|actual_paid_without_list_reference,Check supplier price for SH-RGTH-QQM2: no current collected price-list cost is available.,product_db_preview,Funko POP! Disney: SitS - Madam Mim - Sword In the Stone - Collectable Vinyl Figure - Gift Idea - Official Merchandise - Toys for Kids & Adults - Movies Fans - Model Figure for Collectors and Display,,,last_purchase_price,actual_paid_without_list_reference
2026-05-19T12:28:57Z,FR-41MF-KWKU,,825001,Culpitt,,,,,4.67,,,4.67,needs_user_price_check,missing_current_price_list_cost|actual_paid_without_list_reference,Check supplier price for FR-41MF-KWKU: no current collected price-list cost is available.,product_db_preview,"Saracino Sugarplus - Isomalt Granules for Sugar Decorations with Crystal Clear Effect 0,5 Kg Made in Italy",,,last_purchase_price,actual_paid_without_list_reference
2026-05-19T12:28:57Z,MF-FBAW-SRXY,,FK33248,Heo,,,,,7.64,,,7.64,needs_user_price_check,missing_current_price_list_cost|actual_paid_without_list_reference,Check supplier price for MF-FBAW-SRXY: no current collected price-list cost is available.,product_db_preview,Funko POP! Vinyl: LOTR/Hobbit: Gimli Lord Of the Rings - Collectable Vinyl Figure - Gift Idea - Official Merchandise - Toys for Kids & Adults - Movies Fans - Model Figure for Collectors and Display,,,last_purchase_price,actual_paid_without_list_reference
2026-05-19T12:28:57Z,J2-N9NA-57NA,,DHCS,Bliss Distribution,,,,,1.95,,,1.95,needs_user_price_check,missing_current_price_list_cost|actual_paid_without_list_reference,Check supplier price for J2-N9NA-57NA: no current collected price-list cost is available.,product_db_preview,Yu-Gi-Oh! Dark Hex Sleeves,,,last_purchase_price,actual_paid_without_list_reference
2026-05-19T12:28:57Z,KR-H2ZK-DRS7,,L27660,Aldridge Security,,,,,11.59,,,11.59,needs_user_price_check,missing_current_price_list_cost|actual_paid_without_list_reference,Check supplier price for KR-H2ZK-DRS7: no current collected price-list cost is available.,product_db_preview,ERA Fortress BS 3621 2.5-inch/ 64mm 5 Lever Maximum Security Mortice Sashlock - Chrome Effect,,,last_purchase_price,actual_paid_without_list_reference
2026-05-19T12:28:57Z,M4-MV10-9TX7,,113299,Stax,,,,,1.04,,,1.04,needs_user_price_check,missing_current_price_list_cost|actual_paid_without_list_reference,Check supplier price for M4-MV10-9TX7: no current collected price-list cost is available.,product_db_preview,"Tala 40ml Mini Glass Measuring Jug, 10A26012, Transparent",,,last_purchase_price,actual_paid_without_list_reference
2026-05-19T12:28:57Z,M5-EOFN-2WPJ,,HUM028,DHB,,,,,1.54,,,1.54,needs_user_price_check,missing_current_price_list_cost|actual_paid_without_list_reference,Check supplier price for M5-EOFN-2WPJ: no current collected price-list cost is available.,product_db_preview,THE HUMBLE CO. - Dental Floss Picks - 2 in 1 Charcoal Infused with Mint Flavour - Developed by Dentists - Designed in Sweden - Teeth Cleaning - Reusable - Vegan & Cruelty-Free - 50p,,,last_purchase_price,actual_paid_without_list_reference
2026-05-19T12:28:57Z,8K-FX05-CCPX,,,Infinity Foods,,,,,,,,,needs_user_price_check,missing_all_cost_inputs,Add supplier cost evidence for 8K-FX05-CCPX: no usable list or purchase cost is available.,product_db_preview,"Jack N’ Jill Natural Certified Kids Toothpaste – Fluoride-Free Toddler & Baby Toothpaste with 40% Xylitol, No Sugar, Suitable from 6 Months+, Organic Banana Flavour, Pack of 1 (50g)",,,missing_cost,none
2026-05-19T12:28:57Z,DK-9CZR-7SUV,,,Infinity Foods,,,,,,,,,needs_user_price_check,missing_all_cost_inputs,Add supplier cost evidence for DK-9CZR-7SUV: no usable list or purchase cost is available.,product_db_preview,Fairtrade Organic Ground Coffee 200g - Medium Roast - Ideal For French Press Cafetiere Filter Drip V60 Aeropress - Shade Grown Bird Friendly Certified - Bird and Wild - Donation to RSPB - Strength 3,,,missing_cost,none
2026-05-19T12:28:57Z,4Y-2V2S-KSTO,,,Jones Wholesale,,,,,,,,,needs_user_price_check,missing_all_cost_inputs,Add supplier cost evidence for 4Y-2V2S-KSTO: no usable list or purchase cost is available.,product_db_preview,"LICKIMAT Buddy Treat Mat , Assorted colors",,,missing_cost,none
2026-05-19T12:28:57Z,VF-WENE-0QSF,,,Jones Wholesale,,,,,,,,,needs_user_price_check,missing_all_cost_inputs,Add supplier cost evidence for VF-WENE-0QSF: no usable list or purchase cost is available.,product_db_preview,Metal Screw-In Dog Lead Stake,,,missing_cost,none
2026-05-19T12:28:57Z,10-KNVB-4BRI,,,Jones Wholesale,,,,,,,,,needs_user_price_check,missing_all_cost_inputs,Add supplier cost evidence for 10-KNVB-4BRI: no usable list or purchase cost is available.,product_db_preview,"Kitchen Devils S8603000 Control Vegetable Knife, 10 cm, Multi-Colour , Black",,,missing_cost,none
2026-05-19T12:28:57Z,CC-9HJK-1XR3,,,Jones Wholesale,,,,,,,,,needs_user_price_check,missing_all_cost_inputs,Add supplier cost evidence for CC-9HJK-1XR3: no usable list or purchase cost is available.,product_db_preview,Partisan Products Happy Birthday Boy Blue Occassions Gift Bag With Gift Tag Made From Recycled Board Medium,,,missing_cost,none
2026-05-19T12:28:57Z,IX-BHAG-7688,,,Knights Fragrances,,,,,,,,,needs_user_price_check,missing_all_cost_inputs,Add supplier cost evidence for IX-BHAG-7688: no usable list or purchase cost is available.,product_db_preview,Guy Laroche DRAKKAR NOIR Eau De Toilette Spray for Men 30ml (1 Oz) EDT Cologne,,,missing_cost,none
2026-05-19T12:28:57Z,8Y-8UTW-YHVV,,,Knights Fragrances,,,,,,,,,needs_user_price_check,missing_all_cost_inputs,Add supplier cost evidence for 8Y-8UTW-YHVV: no usable list or purchase cost is available.,product_db_preview,"Brut Original Eau De Toilette Spray, 100 ml",,,missing_cost,none
2026-05-19T12:28:57Z,IS-RZRJ-JMUQ,,,Knights Fragrances,,,,,,,,,needs_user_price_check,missing_all_cost_inputs,Add supplier cost evidence for IS-RZRJ-JMUQ: no usable list or purchase cost is available.,product_db_preview,"ALYSSA ASHLEY Cologne Spray, 100 ml",,,missing_cost,none
2026-05-19T12:28:57Z,4D-KUD8-5IQP,,,Knights Fragrances,,,,,,,,,needs_user_price_check,missing_all_cost_inputs,Add supplier cost evidence for 4D-KUD8-5IQP: no usable list or purchase cost is available.,product_db_preview,"ALYSSA ASHLEY Vanilla Eau Parfumee Cologne Spray, Women (100 ml)",,,missing_cost,none
2026-05-19T12:28:57Z,6L-R2ZY-X2E0,,,Knights Fragrances,,,,,,,,,needs_user_price_check,missing_all_cost_inputs,Add supplier cost evidence for 6L-R2ZY-X2E0: no usable list or purchase cost is available.,product_db_preview,"Alyssa Ashley Essence De Patchouli Perfume, 100 ml",,,missing_cost,none
2026-05-19T12:28:57Z,H4-EFUP-2ASL,,,Knights Fragrances,,,,,,,,,needs_user_price_check,missing_all_cost_inputs,Add supplier cost evidence for H4-EFUP-2ASL: no usable list or purchase cost is available.,product_db_preview,"Woods of Windsor Rose Bath and Shower Gel, Womens Shower Gel with Floral White Jasmine and Ylang Ylang Notes, Moisturising Body Wash for Women with Vitamin E, True Rose Scent 250ml",,,missing_cost,none
2026-05-19T12:28:57Z,QZ-5ZK7-W02G,,,Mark Up Wholesale,,,,,,,,,needs_user_price_check,missing_all_cost_inputs,Add supplier cost evidence for QZ-5ZK7-W02G: no usable list or purchase cost is available.,product_db_preview,XPRO All Purpose Super Glue Gel 20g - Industrial Grade (2 Pcs),,,missing_cost,none
2026-05-19T12:28:57Z,9H-K7TV-V6NU,,,Murrays Health and Beauty,,,,,2.97,,,2.97,needs_user_price_check,missing_current_price_list_cost|actual_paid_without_list_reference,Check supplier price for 9H-K7TV-V6NU: no current collected price-list cost is available.,product_db_preview,"NUK First Choice+ Size 2 Latex Teats, Medium 6-18 months, 2ea",,,last_purchase_price,actual_paid_without_list_reference
2026-05-19T12:28:57Z,PI-JTWZ-8YNT,,,Murrays Health and Beauty,,,,,,,,,needs_user_price_check,missing_all_cost_inputs,Add supplier cost evidence for PI-JTWZ-8YNT: no usable list or purchase cost is available.,product_db_preview,"7th Heaven Pink Rose Clay Hard Drying Mud Face Mask with Shea Butter, Damask Rose and Marula Oil to Cleanse and Hydrate Skin - Ideal for Normal, Combination and Dry Skin",,,missing_cost,none
2026-05-19T12:28:57Z,UC-D1G4-MTYN,,,Murrays Health and Beauty,,,,,,,,,needs_user_price_check,missing_all_cost_inputs,Add supplier cost evidence for UC-D1G4-MTYN: no usable list or purchase cost is available.,product_db_preview,,,,missing_cost,none
2026-05-19T12:28:57Z,RJ-OVDC-R9JF,,,Murrays Health and Beauty,,,,,,,,,needs_user_price_check,missing_all_cost_inputs,Add supplier cost evidence for RJ-OVDC-R9JF: no usable list or purchase cost is available.,product_db_preview,,,,missing_cost,none
2026-05-19T12:28:57Z,HO-7XV5-UD4D,,,Murrays Health and Beauty,,,,,,,,,needs_user_price_check,missing_all_cost_inputs,Add supplier cost evidence for HO-7XV5-UD4D: no usable list or purchase cost is available.,product_db_preview,LaModa Bare Essentials Natural Wood-Effect Large Paddle Brush with Rose Gold Detailing for Wet or Dry Hair,,,missing_cost,none
2026-05-19T12:28:57Z,P4-XF7W-GMJA,,,Murrays Health and Beauty,,,,,3.21,,,3.21,needs_user_price_check,missing_current_price_list_cost|actual_paid_without_list_reference,Check supplier price for P4-XF7W-GMJA: no current collected price-list cost is available.,product_db_preview,Eylure Volume & Curl 3.4 Length No.125,,,last_purchase_price,actual_paid_without_list_reference
2026-05-19T12:28:57Z,D8-QDS3-LH4T,,,Peak Dale Products,,,,,,,,,needs_user_price_check,missing_all_cost_inputs,Add supplier cost evidence for D8-QDS3-LH4T: no usable list or purchase cost is available.,product_db_preview,"Décopatch - Ref PP70AO - PaperPatch Glossy Glue - 70g Tub - Formualted with Varnish, No Pull-In or Crinkle, Child Safe & Food Safe, Suitable for Wood, Metal, Plastic & More.",,,missing_cost,none
2026-05-19T12:28:57Z,XN-OHVO-FXL6,,,Pulse Wholesale,,,,,,,,,needs_user_price_check,missing_all_cost_inputs,Add supplier cost evidence for XN-OHVO-FXL6: no usable list or purchase cost is available.,product_db_preview,OTOSAN FORTUSS COUGH SYRUP 180G,,,missing_cost,none
2026-05-19T12:28:57Z,VU-YLRN-9V7D,,LV195370,Rashmian,,,,,1.32,,,1.32,needs_user_price_check,missing_current_price_list_cost|actual_paid_without_list_reference,Check supplier price for VU-YLRN-9V7D: no current collected price-list cost is available.,product_db_preview,OSRAM Halogen-pin-Base/HALOPIN / G9-Socket/dimmable / 33 Watt - 40 Watt/warmwhite - 2700K / Pack of 2,,,last_purchase_price,actual_paid_without_list_reference
2026-05-19T12:28:57Z,QB-I6MR-7F61,,F-91WM-3AEF,Rashmian,,,,,11.6,,,11.6,needs_user_price_check,missing_current_price_list_cost|actual_paid_without_list_reference,Check supplier price for QB-I6MR-7F61: no current collected price-list cost is available.,product_db_preview,"Casio Unisex Adult Quartz Watch, digital Display and Resin Strap F-91WM-3AEF",,,last_purchase_price,actual_paid_without_list_reference
2026-05-19T12:28:57Z,TH-JWYZ-LM0D,,RL800NI,Rashmian,,,,,15.5,,,15.5,needs_user_price_check,missing_current_price_list_cost|actual_paid_without_list_reference,Check supplier price for TH-JWYZ-LM0D: no current collected price-list cost is available.,product_db_preview,"LEXIBOOK, Super Mario, Mario Nightlight alarm clock, Sounds and Melodies, LCD Backlit screen, Luminous, Snooze, Blue, RL800NI",,,last_purchase_price,actual_paid_without_list_reference
2026-05-19T12:28:57Z,J5-IJ6Y-64VG,,,Reydon,,,,,,,,,needs_user_price_check,missing_all_cost_inputs,Add supplier cost evidence for J5-IJ6Y-64VG: no usable list or purchase cost is available.,product_db_preview,"Grangers Merino Wash | 300ml | Cleans, Gently Refreshes and Restores the Appearance of All Merino Wool | Outdoor Down Jacket | Waterproof Down Jacket Wash Merino Wash…",,,missing_cost,none
2026-05-19T12:28:57Z,9Q-XGAX-ZGBT,,,Shure Cosmetics,,,,,,,,,needs_user_price_check,missing_all_cost_inputs,Add supplier cost evidence for 9Q-XGAX-ZGBT: no usable list or purchase cost is available.,product_db_preview,"REVOLUTION Ultra 32 Eyeshadow Palette Flawless Matte, Powder",,,missing_cost,none
2026-05-19T12:28:57Z,P5-KMQZ-JK8Y,,231 6066104,ABGee,,,,,10,,,10,needs_user_price_check,missing_current_price_list_cost|actual_paid_without_list_reference,Check supplier price for P5-KMQZ-JK8Y: no current collected price-list cost is available.,product_db_preview,"BAKUGAN Legends Starter Pack 3-Pack, Gorthion Ultra with Leonidas and Viloch, Collectible Action Figures, Ages 6 and Up",,,last_purchase_price,actual_paid_without_list_reference
2026-05-19T12:28:57Z,P7-91M2-092T,,5647107,TD Synnex,,,,,3.85,,,3.85,needs_user_price_check,missing_current_price_list_cost|actual_paid_without_list_reference,Check supplier price for P7-91M2-092T: no current collected price-list cost is available.,product_db_preview,Crucial RAM 4GB DDR4 2666MHz CL19 Desktop Memory CT4G4DFS8266,,,last_purchase_price,actual_paid_without_list_reference
2026-05-19T12:28:57Z,BC-6AFY-0M24,,,Shure Cosmetics,,,,,,,,,needs_user_price_check,missing_all_cost_inputs,Add supplier cost evidence for BC-6AFY-0M24: no usable list or purchase cost is available.,product_db_preview,Max Factor Lash Revival Strengthening Mascara with Bamboo Extract Shade Black 001,,,missing_cost,none
2026-05-19T12:28:57Z,QD-2EAL-Z4J5,,,Shure Cosmetics,,,,,1.25,,,1.25,needs_user_price_check,missing_current_price_list_cost|actual_paid_without_list_reference,Check supplier price for QD-2EAL-Z4J5: no current collected price-list cost is available.,product_db_preview,"NIVEA Q10 Anti-Ageing Bb Cream Cushion Light, 24H Anti-Wrinkle Moisture, 15 g",,,last_purchase_price,actual_paid_without_list_reference
2026-05-19T12:28:57Z,R8-VELO-CPUA,,,Shure Cosmetics,,,,,,,,,needs_user_price_check,missing_all_cost_inputs,Add supplier cost evidence for R8-VELO-CPUA: no usable list or purchase cost is available.,product_db_preview,Makeup Revolution Shimmers and Matte Nudes Ultra 32 Eyeshadows Flawless Palette,,,missing_cost,none
2026-05-19T12:28:57Z,WO-75W6-980Q,,,Shure Cosmetics,,,,,,,,,needs_user_price_check,missing_all_cost_inputs,Add supplier cost evidence for WO-75W6-980Q: no usable list or purchase cost is available.,product_db_preview,"Max Factor 2000 Calorie Pro Stylist Mascara, Black, 9ml",,,missing_cost,none
2026-05-19T12:28:57Z,YF-KP66-IJY6,,,Shure Cosmetics,,,,,,,,,needs_user_price_check,missing_all_cost_inputs,Add supplier cost evidence for YF-KP66-IJY6: no usable list or purchase cost is available.,product_db_preview,Sukin Oil Balancing Mattifying Facial Moisturiser 125ml,,,missing_cost,none
2026-05-19T12:28:57Z,1A-S381-J09C,,,Shure Cosmetics,,,,,,,,,needs_user_price_check,missing_all_cost_inputs,Add supplier cost evidence for 1A-S381-J09C: no usable list or purchase cost is available.,product_db_preview,Maybelline The Colossal Volum Express Mascara - # 230 Glam Black For Women 0.31 oz Mascara,,,missing_cost,none
2026-05-19T12:28:57Z,GQ-JASA-966U,,,Shure Cosmetics,,,,,,,,,needs_user_price_check,missing_all_cost_inputs,Add supplier cost evidence for GQ-JASA-966U: no usable list or purchase cost is available.,product_db_preview,Figure Out Men by Saffron Eau de toilette 100ml,,,missing_cost,none
2026-05-19T12:28:57Z,3Q-JJ0H-Y8K7,,,Shure Cosmetics,,,,,,,,,needs_user_price_check,missing_all_cost_inputs,Add supplier cost evidence for 3Q-JJ0H-Y8K7: no usable list or purchase cost is available.,product_db_preview,L'Oreal Mega Volume Collagene 24h Black Mascara 9ml,,,missing_cost,none
2026-05-19T12:28:57Z,1C-WYGV-IW8O,,,Shure Cosmetics,,,,,,,,,needs_user_price_check,missing_all_cost_inputs,Add supplier cost evidence for 1C-WYGV-IW8O: no usable list or purchase cost is available.,product_db_preview,"Sukin Super Greens Detoxifying Clay Masque 100ml - with Goji Berry, Avocado & Baobab; cruelty free & vegan friendly - detoxes & brightens the complexion.",,,missing_cost,none
2026-05-19T12:28:57Z,2C-S7N4-TU7U,,,Shure Cosmetics,,,,,,,,,needs_user_price_check,missing_all_cost_inputs,Add supplier cost evidence for 2C-S7N4-TU7U: no usable list or purchase cost is available.,product_db_preview,"Makeup Revolution Ultra Contour Palette, Makeup Palette Includes Highlighters & Contour Shades, Adds Definition & Sculpts Features, Vegan, 13g",,,missing_cost,none
2026-05-19T12:28:57Z,EI-2WXL-O395,,,Shure Cosmetics,,,,,,,,,needs_user_price_check,missing_all_cost_inputs,Add supplier cost evidence for EI-2WXL-O395: no usable list or purchase cost is available.,product_db_preview,Makeup RevolutionLondon 32 Eyeshadow MERMAIDS FOREVER,,,missing_cost,none
2026-05-19T12:28:57Z,KP-AMHW-L7J3,,,Shure Cosmetics,,,,,,,,,needs_user_price_check,missing_all_cost_inputs,Add supplier cost evidence for KP-AMHW-L7J3: no usable list or purchase cost is available.,product_db_preview,"L'Oréal Volume Million Lashes, Extra Black 9 ml",,,missing_cost,none
2026-05-19T12:28:57Z,B0-FSK3-1L88,,,Shure Cosmetics,,,,,,,,,needs_user_price_check,missing_all_cost_inputs,Add supplier cost evidence for B0-FSK3-1L88: no usable list or purchase cost is available.,product_db_preview,"Max Factor False Lash Effect Voluptuous Volume Mascara, 13.1 ml, Black",,,missing_cost,none
2026-05-19T12:28:57Z,WR-IXBZ-8DOL,,,Shure Cosmetics,,,,,,,,,needs_user_price_check,missing_all_cost_inputs,Add supplier cost evidence for WR-IXBZ-8DOL: no usable list or purchase cost is available.,product_db_preview,W7 IT'S MAGIC! Make Up Remover Cloth,,,missing_cost,none
2026-05-19T12:28:57Z,BT-7DBY-VHSC,,,Shure Cosmetics,,,,,,,,,needs_user_price_check,missing_all_cost_inputs,Add supplier cost evidence for BT-7DBY-VHSC: no usable list or purchase cost is available.,product_db_preview,Original Attar Full Jasmine 100ml Perfume Spray from Ahsan,,,missing_cost,none
2026-05-19T12:28:57Z,AB-B7ZS-3CGI,,,Shure Cosmetics,,,,,,,,,needs_user_price_check,missing_all_cost_inputs,Add supplier cost evidence for AB-B7ZS-3CGI: no usable list or purchase cost is available.,product_db_preview,"Rimmel London Wonder Wing Eyeliner, Black",,,missing_cost,none
2026-05-19T12:28:57Z,VE-1BJX-JY53,,,Shure Cosmetics,,,,,,,,,needs_user_price_check,missing_all_cost_inputs,Add supplier cost evidence for VE-1BJX-JY53: no usable list or purchase cost is available.,product_db_preview,"Essie Nail Polish Nail Care Quick-E Drying Drops Fast Drying Quick Dry Nail Polish Treatment, 13.5 ML",,,missing_cost,none
2026-05-19T12:28:57Z,AQ-4A75-UZQ4,,,Shure Cosmetics,,,,,,,,,needs_user_price_check,missing_all_cost_inputs,Add supplier cost evidence for AQ-4A75-UZQ4: no usable list or purchase cost is available.,product_db_preview,Max Factor Miracle Prep Lip Scrub,,,missing_cost,none
2026-05-19T12:28:57Z,4A-DZKT-5L3H,,,Shure Cosmetics,,,,,,,,,needs_user_price_check,missing_all_cost_inputs,Add supplier cost evidence for 4A-DZKT-5L3H: no usable list or purchase cost is available.,product_db_preview,"Olay Mist Ultimate Hydration Essence Calming With Aloe Leaf & Chamomile, 3.3 fl oz",,,missing_cost,none
2026-05-19T12:28:57Z,56-K5VJ-WKGX,,,Shure Cosmetics,,,,,,,,,needs_user_price_check,missing_all_cost_inputs,Add supplier cost evidence for 56-K5VJ-WKGX: no usable list or purchase cost is available.,product_db_preview,"Max Factor Miracle Second Skin Hydrating Foundation, Golden Medium - 30 ml",,,missing_cost,none
2026-05-19T12:28:57Z,RR-A7OX-MCB4,,,Shure Cosmetics,,,,,,,,,needs_user_price_check,missing_all_cost_inputs,Add supplier cost evidence for RR-A7OX-MCB4: no usable list or purchase cost is available.,product_db_preview,"Max Factor Miracle Second Skin Hydrating Foundation, Neutral Medium, 30 ml (Pack of 1)",,,missing_cost,none
2026-05-19T12:28:57Z,E8-4EWH-VI2G,,,Shure Cosmetics,,,,,,,,,needs_user_price_check,missing_all_cost_inputs,Add supplier cost evidence for E8-4EWH-VI2G: no usable list or purchase cost is available.,product_db_preview,"Max Factor Miracle Second Skin Hydrating Foundation, Neutral Medium, 30 ml (Pack of 1)",,,missing_cost,none
2026-05-19T12:28:57Z,UE-IIJJ-P6EL,,,Shure Cosmetics,,,,,,,,,needs_user_price_check,missing_all_cost_inputs,Add supplier cost evidence for UE-IIJJ-P6EL: no usable list or purchase cost is available.,product_db_preview,"Max Factor Miracle Second Skin Hydrating Foundation, Light-Medium - 30 ml",,,missing_cost,none
2026-05-19T12:28:57Z,DW-459L-AFIY,,,Shure Cosmetics,,,,,,,,,needs_user_price_check,missing_all_cost_inputs,Add supplier cost evidence for DW-459L-AFIY: no usable list or purchase cost is available.,product_db_preview,La Roche-Posay Anthelios Invisible Sun Protection Spray SPF 30 200ml,,,missing_cost,none
2026-05-19T12:28:57Z,0G-0234-E9NG,,,Shure Cosmetics,,,,,,,,,needs_user_price_check,missing_all_cost_inputs,Add supplier cost evidence for 0G-0234-E9NG: no usable list or purchase cost is available.,product_db_preview,Tangle Teezer | The Mini Ultimate Detangler Hairbrush |Gentle on Wet Hair | Two-Tiered Teeth & Comfortable Handle | Ideal for Kids And Travel | Reduces Knots & Breakage | Wisteria Leaf,,,missing_cost,none
2026-05-19T12:28:57Z,3X-9BNK-4A9V,,,Shure Cosmetics,,,,,,,,,needs_user_price_check,missing_all_cost_inputs,Add supplier cost evidence for 3X-9BNK-4A9V: no usable list or purchase cost is available.,product_db_preview,"Tangle Teezer, The Mini Wet Detangler Hairbrush for Wet and Dry Hair, Perfect for Kids and Traveling, Eliminates Knots and Reduces Breakage, Baby Pink Sparkle",,,missing_cost,none
2026-05-19T12:28:57Z,ML-L9EE-YFAW,,,Shure Cosmetics,,,,,,,,,needs_user_price_check,missing_all_cost_inputs,Add supplier cost evidence for ML-L9EE-YFAW: no usable list or purchase cost is available.,product_db_preview,"Rimmel  London, Wonder’Extension  Lash Extension Effect Mascara, 001 Very Black",,,missing_cost,none
2026-05-19T12:28:57Z,RZ-QO7D-HPGQ,,QUE034,Tropicana Wholesale,,,,,19.99,,,19.99,needs_user_price_check,missing_current_price_list_cost|actual_paid_without_list_reference,Check supplier price for RZ-QO7D-HPGQ: no current collected price-list cost is available.,product_db_preview,Quest Nutrition Quest Bar Protein â€“ 12 x 60 Gr,,,last_purchase_price,actual_paid_without_list_reference
2026-05-19T12:28:57Z,8G-5YVC-GJ6P,,484651,Sika,484651,5029347900069,1.45,1.45,2.07,1.427586,,2.07,needs_user_price_check,actual_paid_above_list_needs_review,Check supplier price for 8G-5YVC-GJ6P: last paid cost is above the reference list price.,product_db_preview|f_price_list_batch:stax_source_20260430T174504Z_57033a49c502,3 X Everbuild CYN20 20g General Purpose Industrial Superglue,stax_source_20260430T174504Z_57033a49c502,2026-04-30T12:37:30Z,actual_paid_above_list_review,actual_paid_above_list_needs_review
2026-05-19T12:28:57Z,9I-A0BY-EW0X,,484651,Sika,484651,5029347900069,1.45,1.45,0.69,0.475862,52.4138,0.69,needs_user_price_check,discount_assumption_needs_confirmation,"Check supplier price for 9I-A0BY-EW0X: latest list is 1.45, last paid was 0.69, assumed ratio is 0.475862, expected next cost is 0.69.",product_db_preview|f_price_list_batch:stax_source_20260430T174504Z_57033a49c502,Everbuild Stick2 General Purpose Superglue – Industrial Grade – High Strength – Rapid Setting – Clear – 20g,stax_source_20260430T174504Z_57033a49c502,2026-04-30T12:37:30Z,discount_assumption_from_actual_paid,discount_assumption_needs_confirmation
2026-05-19T12:28:57Z,YV-2E21-62SB,,5016318100283,Stax,,,,,2.63,,,2.63,needs_user_price_check,missing_current_price_list_cost|actual_paid_without_list_reference,Check supplier price for YV-2E21-62SB: no current collected price-list cost is available.,product_db_preview,"Liquid Skin Liquid Plaster - Waterproof Liquid Bandage for Small Cuts, Wounds, Cracked Skin - Promotes Faster Natural Healing - No Sting, Non-Burning, Safe for Kids Formula - Pack of 2 x 1g Pipettes",,,last_purchase_price,actual_paid_without_list_reference
2026-05-19T12:28:57Z,RX-E62R-OEMW,,5011309026917,Stax,,,,,,,,,needs_user_price_check,missing_all_cost_inputs,Add supplier cost evidence for RX-E62R-OEMW: no usable list or purchase cost is available.,product_db_preview,Zoflora Multipurpose Concentrated Antibacterial Disinfectant Multi Surface Cleaning Solution Country Garden 120 ml Green,,,missing_cost,none
2026-05-19T12:28:57Z,SE-GMXY-FA0M,,,Party Wholesale,,,,,,,,,needs_user_price_check,missing_all_cost_inputs,Add supplier cost evidence for SE-GMXY-FA0M: no usable list or purchase cost is available.,product_db_preview,"Anniversary House Metallic Gold Glitter Candle, Number 60, 60th Birthday Cake Topper, 7 Centimeters, AHC208",,,missing_cost,none
2026-05-19T12:28:57Z,EQ-EZL7-FAU3,,1000758,Stax,1000758,5010624437217,4.36,4.36,3.96,0.908257,9.1743,3.96,needs_user_price_check,discount_assumption_needs_confirmation,"Check supplier price for EQ-EZL7-FAU3: latest list is 4.36, last paid was 3.96, assumed ratio is 0.908257, expected next cost is 3.96.",product_db_preview|f_price_list_batch:stax_source_20260430T174504Z_57033a49c502,"Kitchen Devils 602002 Multi Purpose Knife,Black,30.5x8.5x1.9 cm - Packaging May Vary",stax_source_20260430T174504Z_57033a49c502,2026-04-30T12:37:30Z,discount_assumption_from_actual_paid,discount_assumption_needs_confirmation
2026-05-19T12:28:57Z,S8-3SXM-Y0JF,,5010624437262,Stax,,,,,,,,,needs_user_price_check,missing_all_cost_inputs,Add supplier cost evidence for S8-3SXM-Y0JF: no usable list or purchase cost is available.,product_db_preview,"Kitchen Devils 1000763 Kitchen Knife, Metal, Black",,,missing_cost,none
2026-05-19T12:28:57Z,R4-IXFX-2AQQ,,5010624437545,Stax,,,,,3.96,,,3.96,needs_user_price_check,missing_current_price_list_cost|actual_paid_without_list_reference,Check supplier price for R4-IXFX-2AQQ: no current collected price-list cost is available.,product_db_preview,"Kitchen Devils 1000775 Lifestyle Tomato Knife , Black , 30.5x8.5x2 cm",,,last_purchase_price,actual_paid_without_list_reference
2026-05-19T12:28:57Z,U8-RDSV-JZ7U,,87298406,Stax,,,,,,,,,needs_user_price_check,missing_all_cost_inputs,Add supplier cost evidence for U8-RDSV-JZ7U: no usable list or purchase cost is available.,product_db_preview,"HG Stain Away 7 Rust, Stain Remover for Stubborn Rusty Marks, Erases Stains from Clothes, Tiles, Flagstone, Concrete & Natural Stone Surfaces, Textile Safe – 50ml (426005106)",,,missing_cost,none
2026-05-19T12:28:57Z,3M-SOO9-5R17,,5015056394459,Stax,,,,,,,,,needs_user_price_check,missing_all_cost_inputs,Add supplier cost evidence for 3M-SOO9-5R17: no usable list or purchase cost is available.,product_db_preview,"Masterplug SPTO-MS Splash-Proof Outdoor and Indoor Plug and Socket Cover, 21 x 8.5 cm, Orange",,,missing_cost,none
2026-05-19T12:28:57Z,K7-L390-M667,,5010624437422,Stax,,,,,,,,,needs_user_price_check,missing_all_cost_inputs,Add supplier cost evidence for K7-L390-M667: no usable list or purchase cost is available.,product_db_preview,Kitchen Devils Control 11cm Multi-Purpose Knife 603002,,,missing_cost,none
2026-05-19T12:28:57Z,50-U3CD-LWFE,,5028250441898,Stax,,,,,,,,,needs_user_price_check,missing_all_cost_inputs,Add supplier cost evidence for 50-U3CD-LWFE: no usable list or purchase cost is available.,product_db_preview,"KitchenCraft 1-Pack Glass Mini Measures, 50 ml, Multi-colour",,,missing_cost,none
2026-05-19T12:28:57Z,T8-R745-DYOV,,51141346939,Stax,,,,,,,,,needs_user_price_check,missing_all_cost_inputs,Add supplier cost evidence for T8-R745-DYOV: no usable list or purchase cost is available.,product_db_preview,Command Strips 17006CLR Clear Mini Command Hooks 6 Count,,,missing_cost,none
2026-05-19T12:28:57Z,F7-3B20-C9TW,,5010853203508,Stax,,,,,,,,,needs_user_price_check,missing_all_cost_inputs,Add supplier cost evidence for F7-3B20-C9TW: no usable list or purchase cost is available.,product_db_preview,"Mason Cash 2001.542 Collection Fine Stoneware Square Roasting Baking and Serving Dish, Ceramic, White, 16 x 16 x 4.5 cm",,,missing_cost,none
2026-05-19T12:28:57Z,9G-57PS-EN16,,5015056356044,Stax,,,,,1.17,,,1.17,needs_user_price_check,missing_current_price_list_cost|actual_paid_without_list_reference,Check supplier price for 9G-57PS-EN16: no current collected price-list cost is available.,product_db_preview,,,,last_purchase_price,actual_paid_without_list_reference
2026-05-19T12:28:57Z,08-3ABG-PL11,,5023778070223,Stax,,,,,2.98,,,2.98,needs_user_price_check,missing_current_price_list_cost|actual_paid_without_list_reference,Check supplier price for 08-3ABG-PL11: no current collected price-list cost is available.,product_db_preview,"Unika EasyShine Wood and Laminate Floor Cleaner, 500ml",,,last_purchase_price,actual_paid_without_list_reference
2026-05-19T12:28:57Z,UG-OV2U-0MBJ,,5010853265179,Stax,,,,,,,,,needs_user_price_check,missing_all_cost_inputs,Add supplier cost evidence for UG-OV2U-0MBJ: no usable list or purchase cost is available.,product_db_preview,Viners Everyday Purity 4 Piece 18/0 Silver Stainless Steel Table Knife Set,,,missing_cost,none
2026-05-19T12:28:57Z,D3-R4XE-XV0R,,5010853268477,Stax,,,,,15.29,,,15.29,needs_user_price_check,missing_current_price_list_cost|actual_paid_without_list_reference,Check supplier price for D3-R4XE-XV0R: no current collected price-list cost is available.,product_db_preview,"Viners Assure 5 Piece Knife Set with Stylish Soft Touch Universal Block Stainless Steel Blades with Squared Tips for Safety, Non-Stick Coating, Rust-Resistant, Ideal for Everyday Food Prep",,,last_purchase_price,actual_paid_without_list_reference
2026-05-19T12:28:57Z,X6-7E52-0VB3,,356869,Stax,,,,,5.26,,,5.26,needs_user_price_check,missing_current_price_list_cost|actual_paid_without_list_reference,Check supplier price for X6-7E52-0VB3: no current collected price-list cost is available.,product_db_preview,"Liquid Skin Liquid Plaster - Waterproof Liquid Bandage for Cuts, Wounds, Cracked Skin, Scrapes - Promotes Faster Natural Healing - No Sting, Non-Burning, Safe for Kids Formula - Pack of 4 Pipettes",,,last_purchase_price,actual_paid_without_list_reference
2026-05-19T12:28:57Z,SY-KXX7-PDAL,,,Shure Cosmetics,,,,,,,,,needs_user_price_check,missing_all_cost_inputs,Add supplier cost evidence for SY-KXX7-PDAL: no usable list or purchase cost is available.,product_db_preview,Dove Hair Therapy Dry Scalp Care sulphate free Conditioner clinically proven dryness relief 400 ml,,,missing_cost,none
2026-05-19T12:28:57Z,LW-0BSW-ZD88,,,Stax,,,,,0.7,,,0.7,needs_user_price_check,missing_current_price_list_cost|actual_paid_without_list_reference,Check supplier price for LW-0BSW-ZD88: no current collected price-list cost is available.,product_db_preview,"Chef Aid 12 Reusable Thick Plastic Drinking Straws, Suitable for Hot and Cold Drinks, Made from BPA Free Stong and Durable Plastic, Each Pack Contain 4 Blue, 4 Pink and 4 Yellow Straws",,,last_purchase_price,actual_paid_without_list_reference
2026-05-19T12:28:57Z,TK-2H97-E7UH,,OSP51,CLF,OSP51,4744183012608,2.34,2.34,2.25,0.961538,3.8462,2.25,needs_user_price_check,discount_assumption_needs_confirmation,"Check supplier price for TK-2H97-E7UH: latest list is 2.34, last paid was 2.25, assumed ratio is 0.961538, expected next cost is 2.25.",product_db_preview|f_price_list_batch:clf_source_20260519T105542Z_8f9b91f4a9b2,Organic Shop 250ml Body Scrub Softening Coffee & Sugar,clf_source_20260519T105542Z_8f9b91f4a9b2,2026-05-19T10:55:35Z,discount_assumption_from_actual_paid,discount_assumption_needs_confirmation
2026-05-19T12:28:57Z,ZU-VG38-OF3L,,10290397,TD Synnex,,,,,18.54,,,18.54,needs_user_price_check,missing_current_price_list_cost|actual_paid_without_list_reference,Check supplier price for ZU-VG38-OF3L: no current collected price-list cost is available.,product_db_preview,"OtterBox Symmetry Folio Case for iPad Pro 13"" (M5/M4), Shockproof, Drop proof, Slim Protective Folio Case, Tested to Military Standard, Purple",,,last_purchase_price,actual_paid_without_list_reference
2026-05-19T12:28:57Z,1D-E3I8-TUK8,,,TD Synnex,,,,,,,,,needs_user_price_check,missing_all_cost_inputs,Add supplier cost evidence for 1D-E3I8-TUK8: no usable list or purchase cost is available.,product_db_preview,"Epson C13T295000 - WF100W MAINTENANCE BOX,Black",,,missing_cost,none
2026-05-19T12:28:57Z,V0-8QPG-0A04,,,Shure Cosmetics,,,,,,,,,needs_user_price_check,missing_all_cost_inputs,Add supplier cost evidence for V0-8QPG-0A04: no usable list or purchase cost is available.,product_db_preview,"Makeup Revolution X Roxxsaurus, Highlight & Contour Palette, 8 shades, 20 g",,,missing_cost,none
2026-05-19T12:28:57Z,8N-DRTH-Z7K0,,COA1031,Trilanco,,,,,4.69,,,4.69,needs_user_price_check,missing_current_price_list_cost|actual_paid_without_list_reference,Check supplier price for 8N-DRTH-Z7K0: no current collected price-list cost is available.,product_db_preview,Pet Head Birthday Sparkle Dog Shampoo | Cotton Candy Scent | Shampoo for Dogs with Sensitive Skin | Dog Birthday Present | Vegan | Gentle Formula for Puppies | 300ml,,,last_purchase_price,actual_paid_without_list_reference
2026-05-19T12:28:57Z,JA-LKQX-7YEN,,,DHB,,,,,,,,,needs_user_price_check,missing_all_cost_inputs,Add supplier cost evidence for JA-LKQX-7YEN: no usable list or purchase cost is available.,product_db_preview,"Westlab - Reviving Epsom Salt - 2kg Resealable Pouch - 100% Natural, Pure & Unscented Mineral Salts - Supports Sleep and Relieves Aching Muscles",,,missing_cost,none
2026-05-19T12:28:57Z,FY-HXC0-DSPO,,,Vital Pet,,,,,,,,,needs_user_price_check,missing_all_cost_inputs,Add supplier cost evidence for FY-HXC0-DSPO: no usable list or purchase cost is available.,product_db_preview,"Other KONG Handipod Mini Pick Up Bag Refills, clear, 8410",,,missing_cost,none
2026-05-19T12:28:57Z,96-FPCV-82R1,,,We Stock Lots,,,,,,,,,needs_user_price_check,missing_all_cost_inputs,Add supplier cost evidence for 96-FPCV-82R1: no usable list or purchase cost is available.,product_db_preview,"Morphy Richards Turbosteam Steam Iron, Non stick Ceramic Soleplate, 170g Boost, 50g Output, 380ml Water Tank, Anti-Scale and Drip, Auto Shut-off, 3m Cord, 2800W, Purple and Black, 303140",,,missing_cost,none
2026-05-19T12:28:57Z,YB-QDA8-VS05,,,We Stock Lots,,,,,,,,,needs_user_price_check,missing_all_cost_inputs,Add supplier cost evidence for YB-QDA8-VS05: no usable list or purchase cost is available.,product_db_preview,"Morphy Richards Turbosteam Steam Iron, Non stick Ceramic Soleplate, 170g Boost, 50g Output, 380ml Water Tank, Anti-Scale and Drip, Auto Shut-off, 3m Cord, 2800W, Purple and Black, 303140",,,missing_cost,none
2026-05-19T12:28:57Z,YG-H850-FPEW,,3988458,TD Synnex,,,,,5.01,,,5.01,needs_user_price_check,missing_current_price_list_cost|actual_paid_without_list_reference,Check supplier price for YG-H850-FPEW: no current collected price-list cost is available.,product_db_preview,SanDisk Ultra 32GB Dual USB Flash Drive USB M3.0 up to 130 MB/s,,,last_purchase_price,actual_paid_without_list_reference
2026-05-19T12:28:57Z,X4-FG91-H4MR,,,Shure Cosmetics,,,,,,,,,needs_user_price_check,missing_all_cost_inputs,Add supplier cost evidence for X4-FG91-H4MR: no usable list or purchase cost is available.,product_db_preview,"Rimmel London Moisture Renew Lip Liner, Transparent, 1.2 g",,,missing_cost,none
2026-05-19T12:28:57Z,YI-3CHP-LJOZ,,FIN159,CLF,,,,,,,,,needs_user_price_check,missing_all_cost_inputs,Add supplier cost evidence for YI-3CHP-LJOZ: no usable list or purchase cost is available.,product_db_preview,"Faith In Nature Natural Coconut & Shea Butter Conditioner Bar, Hydrating, Vegan & Cruelty Free, No SLS or Parabens, For Normal to Dry Hair, 85g",,,missing_cost,none
2026-05-19T12:28:57Z,YP-C2ZB-ES8H,,,DK Tools,,,,,,,,,needs_user_price_check,missing_all_cost_inputs,Add supplier cost evidence for YP-C2ZB-ES8H: no usable list or purchase cost is available.,product_db_preview,Amtech F5103 6mm x 100mm Masonry drill bit,,,missing_cost,none
2026-05-19T12:28:57Z,Z7-VYUL-255V,,5647144,TD Synnex,,,,,3.85,,,3.85,needs_user_price_check,missing_current_price_list_cost|actual_paid_without_list_reference,Check supplier price for Z7-VYUL-255V: no current collected price-list cost is available.,product_db_preview,Crucial RAM CT4G4SFS824A 4GB DDR4 2400MHz CL17 Laptop Memory,,,last_purchase_price,actual_paid_without_list_reference
2026-05-19T12:28:57Z,ZA-4RO9-GD8M,,,Shure Cosmetics,,,,,,,,,needs_user_price_check,missing_all_cost_inputs,Add supplier cost evidence for ZA-4RO9-GD8M: no usable list or purchase cost is available.,product_db_preview,"Delia Cosmetics - DARK BROWN Eyebrow & Eyelashes Tint, Innovative Formula, Easy 15 Applications, Full Treatment Kit",,,missing_cost,none
2026-05-19T12:28:57Z,ZB-SIAQ-2V7L,,HIG029,Tropicana,,,,,,,,,needs_user_price_check,missing_all_cost_inputs,Add supplier cost evidence for ZB-SIAQ-2V7L: no usable list or purchase cost is available.,product_db_preview,"HIGH5 Energy Gel Aqua - Quick Release Sports Gels to Power Muscles for Peak Performance - Natural Fruit Juice & Caffeine-Free - Energy Boost for Running, Cycling and Endurance (Berry, 20 x 66g)",,,missing_cost,none
2026-05-19T12:28:57Z,1S-ZFUI-RE1A,,484651,Sika,484651,5029347900069,1.45,1.45,0.69,0.475862,52.4138,0.69,needs_user_price_check,discount_assumption_needs_confirmation,"Check supplier price for 1S-ZFUI-RE1A: latest list is 1.45, last paid was 0.69, assumed ratio is 0.475862, expected next cost is 0.69.",product_db_preview|f_price_list_batch:stax_source_20260430T174504Z_57033a49c502,Everbuild Stick2 General Purpose Superglue – Industrial Grade – High Strength – Rapid Setting – Clear – 20g,stax_source_20260430T174504Z_57033a49c502,2026-04-30T12:37:30Z,discount_assumption_from_actual_paid,discount_assumption_needs_confirmation
2026-05-19T12:28:57Z,0W-VJRK-9VCG,,674 05288,ABGee,,,,,6.2,,,6.2,needs_user_price_check,missing_current_price_list_cost|actual_paid_without_list_reference,Check supplier price for 0W-VJRK-9VCG: no current collected price-list cost is available.,product_db_preview,Character Options Ben And Holly's Little Kingdom 18cm Talking Holly Soft Plush Toy 05288,,,last_purchase_price,actual_paid_without_list_reference
2026-05-19T12:28:57Z,E8-MXNZ-4UKU,,EN025X,DHB,EN025X,5035559015620,1.25,1.25,1.26,1.008,,1.26,needs_user_price_check,actual_paid_above_list_needs_review,Check supplier price for E8-MXNZ-4UKU: last paid cost is above the reference list price.,product_db_preview|f_price_list_batch:dhb_source_20260430T121200Z_c4b2b32cee41,Ceplac Dental Disclosing Tablets 12,dhb_source_20260430T121200Z_c4b2b32cee41,2026-05-05T14:48:28Z,actual_paid_above_list_review,actual_paid_above_list_needs_review
2026-05-19T12:28:57Z,EL-1QQR-J77R,,OB279,DHB,,,,,6.59,,,6.59,needs_user_price_check,missing_current_price_list_cost|actual_paid_without_list_reference,Check supplier price for EL-1QQR-J77R: no current collected price-list cost is available.,product_db_preview,"Oral-B Ortho Care Essentials Electric Toothbrush Head, 1 Interspace Brush and 2 Ortho Brush Heads for Teeth with Braces, Pack of 3, White",,,last_purchase_price,actual_paid_without_list_reference
2026-05-19T12:28:57Z,AQ-QMA9-SLHK,,PRO035,DHB,,,,,1.37,,,1.37,needs_user_price_check,missing_current_price_list_cost|actual_paid_without_list_reference,Check supplier price for AQ-QMA9-SLHK: no current collected price-list cost is available.,product_db_preview,"Sure Maximum Protection Clean Scent 96h protection deodorant Anti-perspirant Cream Stick for Men, 3x stronger* sweat protection 45 ml (Pack of 3)",,,last_purchase_price,actual_paid_without_list_reference
2026-05-19T12:28:57Z,C5-V0VF-ZQAV,,TEP084,DHB,TEP084,7317400020594,1.09,1.09,1.17,1.073394,,1.17,needs_user_price_check,actual_paid_above_list_needs_review,Check supplier price for C5-V0VF-ZQAV: last paid cost is above the reference list price.,product_db_preview|f_price_list_batch:dhb_source_20260430T121200Z_c4b2b32cee41,"TePe GOOD Compact Toothbrush, Soft, Assorted Colours, 1pc, soft toothbrush for adults, sustainable toothbrush",dhb_source_20260430T121200Z_c4b2b32cee41,2026-05-05T14:48:28Z,actual_paid_above_list_review,actual_paid_above_list_needs_review
2026-05-19T12:28:57Z,VZ-MTBC-3AJ6,,PRO048,DHB,PRO048,5010924986064,4.19,4.19,1.11,0.264916,73.5084,1.11,needs_user_price_check,discount_assumption_needs_confirmation,"Check supplier price for VZ-MTBC-3AJ6: latest list is 4.19, last paid was 1.11, assumed ratio is 0.264916, expected next cost is 1.11.",product_db_preview|f_price_list_batch:stax_source_20260430T174504Z_57033a49c502,"Vaseline Intensive Care Advanced Repair Hand Cream, fragrance free, 75ml",stax_source_20260430T174504Z_57033a49c502,2026-04-30T12:37:30Z,discount_assumption_from_actual_paid,discount_assumption_needs_confirmation
2026-05-19T12:28:57Z,D9-42IB-HEVC,,121782,Stax,,,,,3.34,,,3.34,needs_user_price_check,missing_current_price_list_cost|actual_paid_without_list_reference,Check supplier price for D9-42IB-HEVC: no current collected price-list cost is available.,product_db_preview,"Zyliss E920250 Comfort Spreading Knife, Japanese Stainless Steel, Black/White, Butter Knife/Butter Spreader/Cheese Spreader, Dishwasher Safe",,,last_purchase_price,actual_paid_without_list_reference
2026-05-19T12:28:57Z,LX-K206-ENZX,,118744,Stax,,,,,3.92,,,3.92,needs_user_price_check,missing_current_price_list_cost|actual_paid_without_list_reference,Check supplier price for LX-K206-ENZX: no current collected price-list cost is available.,product_db_preview,The Big Cheese Ultra Power Anti Rodent Laquer - 500ml Dual Action Aerosol,,,last_purchase_price,actual_paid_without_list_reference
2026-05-19T12:28:57Z,X1-68KO-184Y,,102272,Stax,,,,,46,,,46,needs_user_price_check,missing_current_price_list_cost|actual_paid_without_list_reference,Check supplier price for X1-68KO-184Y: no current collected price-list cost is available.,product_db_preview,"WAGNER Control Pro Nozzle Extension for high Walls, Ceilings and Floors, accessory for WAGNER paint spraying systems ControlPro, 60 cm",,,last_purchase_price,actual_paid_without_list_reference
2026-05-19T12:28:57Z,3A-T942-KVZH,,568080,Stax,,,,,1.61,,,1.61,needs_user_price_check,missing_current_price_list_cost|actual_paid_without_list_reference,Check supplier price for 3A-T942-KVZH: no current collected price-list cost is available.,product_db_preview,16W 2 PIN Energy Saver 2D LAMP*,,,last_purchase_price,actual_paid_without_list_reference
2026-05-19T12:28:57Z,Y0-Q6YF-SIEG,,QUBO,Bliss Distribution,,,,,63.25,,,63.25,needs_user_price_check,missing_current_price_list_cost|actual_paid_without_list_reference,Check supplier price for Y0-Q6YF-SIEG: no current collected price-list cost is available.,product_db_preview,YU-GI-OH! Quarter Century Bonanza Display (24),,,last_purchase_price,actual_paid_without_list_reference
2026-05-19T12:28:57Z,FY-L1AO-4YOT,,77-95360,TD Synnex,,,,,13.34,,,13.34,needs_user_price_check,missing_current_price_list_cost|actual_paid_without_list_reference,Check supplier price for FY-L1AO-4YOT: no current collected price-list cost is available.,product_db_preview,"OtterBox React Folio Case for iPad Pro 13"" (M5/M4), Shockproof, Drop proof, Ultra-Slim Protective Folio Case, Tested to Military Standard, Black",,,last_purchase_price,actual_paid_without_list_reference
2026-05-19T12:28:57Z,ZP-F5C8-7ZCG,,TAPO L510B(4-PACK),TD Synnex,,,,,27.75,,,27.75,needs_user_price_check,missing_current_price_list_cost|actual_paid_without_list_reference,Check supplier price for ZP-F5C8-7ZCG: no current collected price-list cost is available.,product_db_preview,"Tapo Smart Bulb, Smart Wi-Fi LED Light, B22, 8.7W, Energy Saving, Works with Amazon Alexa and Google Home, Dimmable Soft Warm White, No Hub Required L510B(4-Pack) [Energy Class F]",,,last_purchase_price,actual_paid_without_list_reference
2026-05-19T12:28:57Z,KJ-T17P-5CVS,,PAG93,Knights Fragrances,,,,,15.61,,,15.61,needs_user_price_check,missing_current_price_list_cost|actual_paid_without_list_reference,Check supplier price for KJ-T17P-5CVS: no current collected price-list cost is available.,product_db_preview,"Mayfair Pagan Perfume for Women Perfume, 3 ml",,,last_purchase_price,actual_paid_without_list_reference
2026-05-19T12:28:57Z,Approval-1,,285 F9988,ABGee,,,,,,,,,needs_user_price_check,missing_all_cost_inputs,Add supplier cost evidence for Approval-1: no usable list or purchase cost is available.,product_db_preview,Star Wars The Black Series Wim (At Attin) Skeleton Crew 15-cm Action Figure,,,missing_cost,none
2026-05-19T12:28:57Z,L7-ZGYU-IWOW,,NK701236SP,Murrays Health and Beauty,,,,,2.97,,,2.97,needs_user_price_check,missing_current_price_list_cost|actual_paid_without_list_reference,Check supplier price for L7-ZGYU-IWOW: no current collected price-list cost is available.,product_db_preview,NUK First Choice+ Latex Replacement Teats | 0-6 Months with Medium Feed Hole | 2 Count,,,last_purchase_price,actual_paid_without_list_reference
2026-05-19T12:28:57Z,XX-ISP6-LTOY,,449066,Jones Wholesale,,,,,2.33,,,2.33,needs_user_price_check,missing_current_price_list_cost|actual_paid_without_list_reference,Check supplier price for XX-ISP6-LTOY: no current collected price-list cost is available.,product_db_preview,"Ravenhead Entertain Glass Espresso Cup and Saucer, Set of 2, 8cl",,,last_purchase_price,actual_paid_without_list_reference
2026-05-19T12:28:57Z,8R-0UT9-SEOY,,229237,Jones Wholesale,,,,,6.56,,,6.56,needs_user_price_check,missing_current_price_list_cost|actual_paid_without_list_reference,Check supplier price for 8R-0UT9-SEOY: no current collected price-list cost is available.,product_db_preview,"Lock & Lock HPL836 Rectangular Storage Container - Clear/Blue, 5.5 L",,,last_purchase_price,actual_paid_without_list_reference
2026-05-19T12:28:57Z,7C-MBEY-QA37,,UGD011356,Heo,UGD011356,4056133025041,2.91,2.91,2.62,0.900344,9.9656,2.62,needs_user_price_check,discount_assumption_needs_confirmation,"Check supplier price for 7C-MBEY-QA37: latest list is 2.91, last paid was 2.62, assumed ratio is 0.900344, expected next cost is 2.62.",product_db_preview|f_price_list_batch:heo_source_20260430T174504Z_f7cc77113c30,Ultimate Guard Katana Inner Sleeves Standard Size Transparent (100),heo_source_20260430T174504Z_f7cc77113c30,2026-04-30T12:41:16Z,discount_assumption_from_actual_paid,discount_assumption_needs_confirmation
2026-05-19T12:28:57Z,QS-V8XL-25CO,,119408,Stax,,,,,36.4,,,36.4,needs_user_price_check,missing_current_price_list_cost|actual_paid_without_list_reference,Check supplier price for QS-V8XL-25CO: no current collected price-list cost is available.,product_db_preview,Beurer WL50 Wake Up Light | Daylight Table Lamp | Helps to Support The Sleep Rhythm | LED Technology | FM Radio with 10 Memory Spaces | Bluetooth & Aux Input | 3 Light Levels,,,last_purchase_price,actual_paid_without_list_reference
2026-05-19T12:28:57Z,L3-OHWF-OL4P,,300641,Stax,,,,,1.54,,,1.54,needs_user_price_check,missing_current_price_list_cost|actual_paid_without_list_reference,Check supplier price for L3-OHWF-OL4P: no current collected price-list cost is available.,product_db_preview,FRSH Scents FR9170 Black Cherry x2 Mini Vent Clip Deluxe Diffuser Air Freshener - Lifespan of Upto 90 Days - Ideal for any Sized Car Vent,,,last_purchase_price,actual_paid_without_list_reference
2026-05-19T12:28:57Z,VA-7T3X-R64D,,300653,Stax,,,,,1.56,,,1.56,needs_user_price_check,missing_current_price_list_cost|actual_paid_without_list_reference,Check supplier price for VA-7T3X-R64D: no current collected price-list cost is available.,product_db_preview,"FRSH Scents FR9187 New Car x2 Mini Vent Clip Deluxe Diffuser Air Freshener - Lifespan of Upto 90 Days - Ideal for Any Sized Car Vent, Silver",,,last_purchase_price,actual_paid_without_list_reference
2026-05-19T12:28:57Z,Y3-RYVT-A6Y8,,358690,Stax,,,,,2.85,,,2.85,needs_user_price_check,missing_current_price_list_cost|actual_paid_without_list_reference,Check supplier price for Y3-RYVT-A6Y8: no current collected price-list cost is available.,product_db_preview,"The Big Cheese Prickle Strip Dog Stopper – 2 m x 28 cm wide, durable Grow-thru Deterrent Protects Plants and Bulbs and Prevents Cats, Dogs, and Wildlife from Digging the Garden and Plant Pots",,,last_purchase_price,actual_paid_without_list_reference
2026-05-19T12:28:57Z,ZU-RET1-5CSU,,SCS22441,Shure Cosmetics,,,,,3.95,,,3.95,needs_user_price_check,missing_current_price_list_cost|actual_paid_without_list_reference,Check supplier price for ZU-RET1-5CSU: no current collected price-list cost is available.,product_db_preview,"Sukin Sensitive Calming Night Cream 120ml - with Rosehip & Evening Primrose; vegan friendly - improves texture while you sleep, soothes & helps relieve redness, boost moisture levels for dry skin.",,,last_purchase_price,actual_paid_without_list_reference
2026-05-19T12:28:57Z,62-2H0B-RRR3,,SCS21275,Shure Cosmetics,,,,,2.5,,,2.5,needs_user_price_check,missing_current_price_list_cost|actual_paid_without_list_reference,Check supplier price for 62-2H0B-RRR3: no current collected price-list cost is available.,product_db_preview,"Sukin Signature Cleansing Hand Wash 500ml - gently removes dirt, moisturises & hydrates the skin - with Rosehip and Avocado Oils; cruelty free & vegan friendly.",,,last_purchase_price,actual_paid_without_list_reference
2026-05-19T12:28:57Z,R9-20LM-YJL9,,SCS19803,Shure Cosmetics,,,,,1.65,,,1.65,needs_user_price_check,missing_current_price_list_cost|actual_paid_without_list_reference,Check supplier price for R9-20LM-YJL9: no current collected price-list cost is available.,product_db_preview,"Cameleo - Permanent Hair Colour Cream - Blue Black - Intensive Color & Protection - 5 Oils + Omega Plus Acids - Professional, Luxurious Hair Dye - Full Kit",,,last_purchase_price,actual_paid_without_list_reference
2026-05-19T12:28:57Z,B7-D9X9-FWYR,,SCS20085,Shure Cosmetics,,,,,2.95,,,2.95,needs_user_price_check,missing_current_price_list_cost|actual_paid_without_list_reference,Check supplier price for B7-D9X9-FWYR: no current collected price-list cost is available.,product_db_preview,Maybelline Mascara Volum' Express Lift Black 10ml,,,last_purchase_price,actual_paid_without_list_reference
2026-05-19T12:28:57Z,5R-LL8J-AP4S,,SCS16923,Shure Cosmetics,,,,,3.5,,,3.5,needs_user_price_check,missing_current_price_list_cost|actual_paid_without_list_reference,Check supplier price for 5R-LL8J-AP4S: no current collected price-list cost is available.,product_db_preview,"L'Oréal Paris Mascara, Salon Lash Volume, Infused with Panthenol, Long-lasting, No Clumping or Smudging, Pro XXL Volume, Black",,,last_purchase_price,actual_paid_without_list_reference
2026-05-19T12:28:57Z,3C-HIAR-JEF0,,SCS20397,Shure Cosmetics,,,,,1.25,,,1.25,needs_user_price_check,missing_current_price_list_cost|actual_paid_without_list_reference,Check supplier price for 3C-HIAR-JEF0: no current collected price-list cost is available.,product_db_preview,"NIVEA Q10 Anti-Ageing Bb Cream Cushion Light, 24H Anti-Wrinkle Moisture, 15 g",,,last_purchase_price,actual_paid_without_list_reference
2026-05-19T12:28:57Z,CLFAPPLY1,,MAU2,CLF,MAU2,5060135230579,16.99,16.99,11.89,0.699823,30.0177,11.89,needs_user_price_check,discount_assumption_needs_confirmation,"Check supplier price for CLFAPPLY1: latest list is 16.99, last paid was 11.89, assumed ratio is 0.699823, expected next cost is 11.89.",product_db_preview|f_price_list_batch:clf_source_20260519T105542Z_8f9b91f4a9b2,"MACU-SAVE Eye Health Supplement* 90-Day Pack, with Lutein Zeaxanthin and Meso-Zeaxanthin – 90 Capsules",clf_source_20260519T105542Z_8f9b91f4a9b2,2026-05-19T10:55:35Z,discount_assumption_from_actual_paid,discount_assumption_needs_confirmation
2026-05-19T12:28:57Z,---,,HRI-GM,CLF,,,,,,,,,needs_user_price_check,missing_all_cost_inputs,Add supplier cost evidence for ---: no usable list or purchase cost is available.,product_db_preview,HRI Good Mood. St John's Wort 344 Milligrams Tablets. To Relieve the Symptoms of Slightly Low Mood and Mild Anxiety Relief. 30 Tablets,,,missing_cost,none
2026-05-19T12:28:57Z,RI-DHUT-XR75,,UGD010894,Bliss Distribution,,,,,4.3,,,4.3,needs_user_price_check,missing_current_price_list_cost|actual_paid_without_list_reference,Check supplier price for RI-DHUT-XR75: no current collected price-list cost is available.,product_db_preview,"Ultimate Guard Boulder Deck Case 100+ Standard Size Clear, UGD010894",,,last_purchase_price,actual_paid_without_list_reference
2026-05-19T12:28:57Z,Y2-A0XO-9DCH,,484652,Sika,,,,,4.29,,,4.29,needs_user_price_check,missing_current_price_list_cost|actual_paid_without_list_reference,Check supplier price for Y2-A0XO-9DCH: no current collected price-list cost is available.,product_db_preview,Everbuild Industrial Grade Superglue GP 50 g Pack of 3,,,last_purchase_price,actual_paid_without_list_reference
2026-05-19T12:28:57Z,JP-9X4T-0CCC,,77-95379,TD Synnex,,,,,13.57,,,13.57,needs_user_price_check,missing_current_price_list_cost|actual_paid_without_list_reference,Check supplier price for JP-9X4T-0CCC: no current collected price-list cost is available.,product_db_preview,"OtterBox React Folio Case for Samsung Galaxy Tab A9, Shockproof, Drop proof, Ultra-Slim Protective Folio Case, Tested to Military Standard, Black",,,last_purchase_price,actual_paid_without_list_reference
2026-05-19T12:28:57Z,9Q-K2SI-Q5LI,,4P4F4AA,TD Synnex,,,,,28.5,,,28.5,needs_user_price_check,missing_current_price_list_cost|actual_paid_without_list_reference,Check supplier price for 9Q-K2SI-Q5LI: no current collected price-list cost is available.,product_db_preview,"HyperX CloudStinger Core -Gaming headset for PC, PS5, PS4, Xbox One, Xbox Series X|S, Nintendo Switch, DTS Headphone:X spatial audio, Lightweight over-ear headset with mic",,,last_purchase_price,actual_paid_without_list_reference
2026-05-19T12:28:57Z,2Z-WVXG-I7W1,,CT2K8G4DFS824A,TD Synnex,,,,,,,,,needs_user_price_check,missing_all_cost_inputs,Add supplier cost evidence for 2Z-WVXG-I7W1: no usable list or purchase cost is available.,product_db_preview,"Crucial DDR4 RAM 16GB Kit (8GBx2) 2400MHz CL17, Desktop Computer Memory - CT2K8G4DFS824A",,,missing_cost,none
2026-05-19T12:28:57Z,E1-W7LJ-CUKO,,CT2K8G4SFS824A,TD Synnex,,,,,,,,,needs_user_price_check,missing_all_cost_inputs,Add supplier cost evidence for E1-W7LJ-CUKO: no usable list or purchase cost is available.,product_db_preview,"Crucial DDR4 RAM 16GB Kit (2x8GB) 2400MHz SODIMM CL17, Laptop Computer Memory, Mini PC - CT2K8G4SFS824A",,,missing_cost,none
2026-05-19T12:28:57Z,6S-TT0C-48SV,,838917,Stax,,,,,9.49,,,9.49,needs_user_price_check,missing_current_price_list_cost|actual_paid_without_list_reference,Check supplier price for 6S-TT0C-48SV: no current collected price-list cost is available.,product_db_preview,Bahco 10-30-51 Bowsaw 30In,,,last_purchase_price,actual_paid_without_list_reference
2026-05-19T12:28:57Z,N2-I82D-3I3Q,,743941,Stax,,,,,6.96,,,6.96,needs_user_price_check,missing_current_price_list_cost|actual_paid_without_list_reference,Check supplier price for N2-I82D-3I3Q: no current collected price-list cost is available.,product_db_preview,"Ring Digital Keyring Tyre Pressure Gauge & LED Torch - Shows pressure in PSI, kPA, BAR & kg/cm2",,,last_purchase_price,actual_paid_without_list_reference
2026-05-19T12:28:57Z,GZ-0NY2-BOHL,,BOTI38687,Heo,,,,,5.34,,,5.34,needs_user_price_check,missing_current_price_list_cost|actual_paid_without_list_reference,Check supplier price for GZ-0NY2-BOHL: no current collected price-list cost is available.,product_db_preview,Doctor Squish - Squishy Pack - 10 Pack Balloon Refill,,,last_purchase_price,actual_paid_without_list_reference
2026-05-19T12:28:57Z,S2-RZ4R-15M6,,SCS18973,Shure Cosmetics,,,,,9.15,,,9.15,needs_user_price_check,missing_current_price_list_cost|actual_paid_without_list_reference,Check supplier price for S2-RZ4R-15M6: no current collected price-list cost is available.,product_db_preview,,,,last_purchase_price,actual_paid_without_list_reference
2026-05-19T12:28:57Z,VU-UQNN-35C8,,SKI037,Tropicana Wholesale,,,,,2,,,2,needs_user_price_check,missing_current_price_list_cost|actual_paid_without_list_reference,Check supplier price for VU-UQNN-35C8: no current collected price-list cost is available.,product_db_preview,Skinny Syrup 425ml Cookies & Cream,,,last_purchase_price,actual_paid_without_list_reference
2026-05-19T12:28:57Z,Apply2,,6F22R-1BP,Rashmian,,,,,,,,,needs_user_price_check,missing_all_cost_inputs,Add supplier cost evidence for Apply2: no usable list or purchase cost is available.,product_db_preview,Panasonic 1148 Zinc 6F22R 9 V Special Power Battery,,,missing_cost,none
2026-05-19T12:28:57Z,Apply-B0CSGSCWTP,,HASF9991,Heo,HASF9991,5010996274946,5.3,5.3,6.88,1.298113,,6.88,needs_user_price_check,actual_paid_above_list_needs_review,Check supplier price for Apply-B0CSGSCWTP: last paid cost is above the reference list price.,product_db_preview|f_price_list_batch:heo_source_20260430T174504Z_f7cc77113c30,Star Wars The Black Series KB (At Attin) Skeleton Crew 15-cm Action Figure,heo_source_20260430T174504Z_f7cc77113c30,2026-04-30T12:41:16Z,actual_paid_above_list_review,actual_paid_above_list_needs_review
2026-05-19T12:28:57Z,Apply-B0CSH9HXQ5,,HASF9987,Heo,,,,,5.27,,,5.27,needs_user_price_check,missing_current_price_list_cost|actual_paid_without_list_reference,Check supplier price for Apply-B0CSH9HXQ5: no current collected price-list cost is available.,product_db_preview,Star Wars The Black Series Jod Na Nawood Skeleton Crew 15-cm Action Figure,,,last_purchase_price,actual_paid_without_list_reference
2026-05-19T12:28:57Z,UE-BZE5-I0WM,,,,,,,,,,,,needs_user_price_check,missing_all_cost_inputs,Add supplier cost evidence for UE-BZE5-I0WM: no usable list or purchase cost is available.,product_db_preview,,,,missing_cost,none
2026-05-19T12:28:57Z,PT-7SUD-DDSG,B09NQ9ZHDQ,,,,,,,,,,,needs_user_price_check,missing_all_cost_inputs,Add supplier cost evidence for PT-7SUD-DDSG: no usable list or purchase cost is available.,product_db_preview,The Army Painter Speedpaint Singles - Cloudburst Blue,,,missing_cost,none
2026-05-19T12:28:57Z,3Z-03PB-Q1A8,B09NQ9ZHDQ,WP2022,Bliss Distribution,,,,,,,,,needs_user_price_check,missing_all_cost_inputs,Add supplier cost evidence for 3Z-03PB-Q1A8: no usable list or purchase cost is available.,product_db_preview,The Army Painter Speedpaint Singles - Cloudburst Blue,,,missing_cost,none
2026-05-19T12:28:57Z,02-7AZG-O0CV,B01N31JDVX,,Party Wholesalers,,,,,,,,,needs_user_price_check,missing_all_cost_inputs,Add supplier cost evidence for 02-7AZG-O0CV: no usable list or purchase cost is available.,product_db_preview,Anniversary House Metallic Colourful Pink Glitter Number 7 Cake Candle for Birthday and Anniversary Decorations - Elegant Birthday Candle for Cake - Stylish Silver Number Candle Topper 7 cm,,,missing_cost,none
2026-05-19T12:28:57Z,0B-IC3D-6S96,B00ICS6JWK,,,,,,,,,,,needs_user_price_check,missing_all_cost_inputs,Add supplier cost evidence for 0B-IC3D-6S96: no usable list or purchase cost is available.,product_db_preview,"Idontix X-Floss Lite, Blue",,,missing_cost,none
2026-05-19T12:28:57Z,0G-JB6S-PN34,B07H2WXMDJ,SKI002,Tropicana Wholesale,,,,,,,,,needs_user_price_check,missing_all_cost_inputs,Add supplier cost evidence for 0G-JB6S-PN34: no usable list or purchase cost is available.,product_db_preview,"Skinny Food Co Sugar Free Maple Syrup 425ml - Zero Calorie Syrup For Breakfast, Snacks, Drinks & Desserts - Vegan, Gluten-free, Keto & Paleo Friendly Maple Syrup - Sugar Free Maple Syrup UK",,,missing_cost,none
2026-05-19T12:28:57Z,0H-5V53-GPG4,B0CRRPCT5P,AT-15062,Bliss Distribution,,,,,,,,,needs_user_price_check,missing_all_cost_inputs,Add supplier cost evidence for 0H-5V53-GPG4: no usable list or purchase cost is available.,product_db_preview,Arcane Tinmen ApS ART15062 Dragon Shield: Matte - Dual Soul (Metallic Purple),,,missing_cost,none
2026-05-19T12:28:57Z,0N-VZG5-JH06,B0CJMMYYCJ,AT-15061,Bliss Distribution,,,,,,,,,needs_user_price_check,missing_all_cost_inputs,Add supplier cost evidence for 0N-VZG5-JH06: no usable list or purchase cost is available.,product_db_preview,"Dragon Shield | Matte Dual Standard Size Card Sleeves | 100 CT - Smooth & Tough Premium TCG Sleeves - Compatible with Pokemon, Flesh & Blood, One Piece & Magic The Gathering | Justice",,,missing_cost,none
2026-05-19T12:28:57Z,0R-GRRH-W0Z9,B09NQD4S5N,WP2013,Bliss Distribution,,,,,,,,,needs_user_price_check,missing_all_cost_inputs,Add supplier cost evidence for 0R-GRRH-W0Z9: no usable list or purchase cost is available.,product_db_preview,"The Army Painter Speedpaint Zealot Yellow 2.0, Single Acrylic Paint 18ml One-coat Painting Soloution For Fantasy Tabletop Miniatures Like Warhammer 40k and Dungeons And Dragons Figures",,,missing_cost,none
2026-05-19T12:28:57Z,0X-VJWI-4OT8,B0BWFT5RGN,FK73090,Heo,,,,,,,,,needs_user_price_check,missing_all_cost_inputs,Add supplier cost evidence for 0X-VJWI-4OT8: no usable list or purchase cost is available.,product_db_preview,Funko POP! Movies: Avatar: the Way Of Water - Lo’ak - Collectable Vinyl Figure - Gift Idea - Official Merchandise - Toys for Kids & Adults - Movies Fans - Model Figure for Collectors and Display,,,missing_cost,none
2026-05-19T12:28:57Z,0Z-Y60V-499R,B09NQBQW49,WP2007,Bliss Distribution,,,,,,,,,needs_user_price_check,missing_all_cost_inputs,Add supplier cost evidence for 0Z-Y60V-499R: no usable list or purchase cost is available.,product_db_preview,"The Army Painter Speedpaint Absolution Green 2.0, Single Model Building Acrylic Paint, 18 ml, Single Layer Paint Solution for Fantasy Tabletop Miniatures Like Warhammer 40k Figures and DnD Miniatures",,,missing_cost,none
2026-05-19T12:28:57Z,18-WD7G-J8U4,B0B32365PH,,,,,,,,,,,needs_user_price_check,missing_all_cost_inputs,Add supplier cost evidence for 18-WD7G-J8U4: no usable list or purchase cost is available.,product_db_preview,"Pokémon Paldea Battle Figure 4 Pack - Features 2-Inch Pikachu, Fuecoco, Sprigatito, and Quaxly Battle Figures",,,missing_cost,none
2026-05-19T12:28:57Z,1U-1W76-M840,B07V9CRX7Y,,,,,,,,,,,needs_user_price_check,missing_all_cost_inputs,Add supplier cost evidence for 1U-1W76-M840: no usable list or purchase cost is available.,product_db_preview,PERFECT SCENTS 3 SCENTS - MYSTIC JAPAN,,,missing_cost,none
2026-05-19T12:28:57Z,1U-YF3T-TR74,B082BVCQMQ,FLFALE005,Bliss Distribution,,,,,,,,,needs_user_price_check,missing_all_cost_inputs,Add supplier cost evidence for 1U-YF3T-TR74: no usable list or purchase cost is available.,product_db_preview,Modiphius Entertainment Role Playing Game Alien RPG: Stress Dice Set,,,missing_cost,none
2026-05-19T12:28:57Z,QP-BCUW-E90M,B00O5NEUAY,446271,Jones Wholesale,,,,,,,,,needs_user_price_check,missing_all_cost_inputs,Add supplier cost evidence for QP-BCUW-E90M: no usable list or purchase cost is available.,product_db_preview,"Thermos Stainless King Red Travel Mug (470ml), Reusable Insulated Stainless Steel Coffee Cup for Hot or Cold Drinks, Vacuum Sealed Water Flask with a Leak-Proof Lid, 7hr Hot/18hr",,,missing_cost,none
2026-05-19T12:28:57Z,714776,B001KYTW0O,,,,,,,,,,,needs_user_price_check,missing_all_cost_inputs,Add supplier cost evidence for 714776: no usable list or purchase cost is available.,product_db_preview,"Fackelmann OPAL Melon Baller, Food & Fruit Scoop, Grapefruit & Potato Scoop, Cutting Scoop Head, Stainless Steel, 16.5x2.3x1.5cm, Silver",,,missing_cost,none
2026-05-19T12:28:57Z,GA-9DTN-9O1E,B086763VT8,LED01009,Bliss Distribution,,,,,,,,,needs_user_price_check,missing_all_cost_inputs,Add supplier cost evidence for GA-9DTN-9O1E: no usable list or purchase cost is available.,product_db_preview,"Root: The Clockwork Expansion, LED01009",,,missing_cost,none
2026-05-19T12:28:57Z,D3-QTSY-BCV5,B09P24SGN5,ATE71,CLF,,,,,,,,,needs_user_price_check,missing_all_cost_inputs,Add supplier cost evidence for D3-QTSY-BCV5: no usable list or purchase cost is available.,product_db_preview,"ATTITUDE Lip Balm, Natural Origin, Nourishes & Protects, Shea Butter, Coconut & Olive Oils, EWG Verified, For Dry Lips, Men and Women, Vegan, Fresh Mint, 8.5 g",,,missing_cost,none
2026-05-19T12:28:57Z,K7-1K9P-TTAZ,B00VREYQYO,657732,Stax,,,,,,,,,needs_user_price_check,missing_all_cost_inputs,Add supplier cost evidence for K7-1K9P-TTAZ: no usable list or purchase cost is available.,product_db_preview,Matt Tester 75ml (Seashell),,,missing_cost,none
2026-05-19T12:28:57Z,2U-4KLP-68HB,B07NGGSR3D,UGD010923,Bliss Distribution,,,,,,,,,needs_user_price_check,missing_all_cost_inputs,Add supplier cost evidence for 2U-4KLP-68HB: no usable list or purchase cost is available.,product_db_preview,"Ultimate Guard - Katana Sleeves - Purple (100) [Standard Size, 66 x 91mm]",,,missing_cost,none
2026-05-19T12:28:57Z,EA-FZ2V-D7II,B00D1V5NWK,6949509209504,Stax,,,,,,,,,needs_user_price_check,missing_all_cost_inputs,Add supplier cost evidence for EA-FZ2V-D7II: no usable list or purchase cost is available.,product_db_preview,"Bosch 2608831019 ""SDS Plus-3"" Hammer Drill Bit, 0 V, Grey, 8 x 100 x 160 mm",,,missing_cost,none
2026-05-19T12:28:57Z,8S-MI05-1R1X,B09NQ9ZHDQ,,,,,,,,,,,needs_user_price_check,missing_all_cost_inputs,Add supplier cost evidence for 8S-MI05-1R1X: no usable list or purchase cost is available.,product_db_preview,The Army Painter Speedpaint Singles - Cloudburst Blue,,,missing_cost,none
2026-05-19T12:28:57Z,A9-2Y9G-M2K7,B00KB225MS,216090,Jones Wholesale,,,,,,,,,needs_user_price_check,missing_all_cost_inputs,Add supplier cost evidence for A9-2Y9G-M2K7: no usable list or purchase cost is available.,product_db_preview,"Elliott Multi-Purpose Window Squeegee perfect for streak free cleaning on Windows, shower screens, cars and mirrors, Aluminium frame housing a 20cm rubber squeegee with an ergonomic Grey Handle.",,,missing_cost,none
2026-05-19T12:28:57Z,8W-I703-VOFQ,B074H6M7TW,,,,,,,,,,,needs_user_price_check,missing_all_cost_inputs,Add supplier cost evidence for 8W-I703-VOFQ: no usable list or purchase cost is available.,product_db_preview,"LEXIBOOK, Peppa Pig, Walkie-Talkies 200m, Communication Game for Children, 2 Communication Channels, Belt Clip, Battery Operated, Blue, TW12PP",,,missing_cost,none
2026-05-19T12:28:57Z,JY-781R-EYHZ,B005HXLH3O,E-82712,Bliss Distribution,,,,,,,,,needs_user_price_check,missing_all_cost_inputs,Add supplier cost evidence for JY-781R-EYHZ: no usable list or purchase cost is available.,product_db_preview,"Ultra Pro-Fit Sleeves Card Cases, Transparent Color, Miscellaneous (82712)",,,missing_cost,none
2026-05-19T12:28:57Z,R4-0AXZ-ZZ9D,B0844ZRHS9,,,,,,,,,,,needs_user_price_check,missing_all_cost_inputs,Add supplier cost evidence for R4-0AXZ-ZZ9D: no usable list or purchase cost is available.,product_db_preview,"Paladone Minecraft Zombie Light - Officially Licensed Merchandise, Portable Night Light and Gaming Room Decor for Kids, Gift for Gamer, Battery Powered",,,missing_cost,none
2026-05-19T12:28:57Z,M5-71MK-T0DL,B0B337ZY41,AT-11050,Bliss Distribution,,,,,,,,,needs_user_price_check,missing_all_cost_inputs,Add supplier cost evidence for M5-71MK-T0DL: no usable list or purchase cost is available.,product_db_preview,"Dragon Shield | Standard Size Card Matte Sleeves | 100 CT - Smooth & Tough Premium TCG Sleeves | Compatible with Pokemon, Flesh & Blood, One Piece & Magic The Gathering | Blood Red - Matte",,,missing_cost,none
2026-05-19T12:28:57Z,GD-B8SW-1PCP,B0D2Y4NPKZ,VN541PC,Rashmian,,,,,,,,,needs_user_price_check,missing_all_cost_inputs,Add supplier cost evidence for GD-B8SW-1PCP: no usable list or purchase cost is available.,product_db_preview,"OM SYSTEM VN-541 PC Digital Voice Recorder with One-Touch Recording, Omnidirectional Microphone, Noise Cancellation, 4GB Built-in Memory, Ideal for Lectures & Meetings",,,missing_cost,none
2026-05-19T12:28:57Z,4J-IY7T-6LBS,9188805557,FLFALE002,Bliss Distribution,,,,,,,,,needs_user_price_check,missing_all_cost_inputs,Add supplier cost evidence for 4J-IY7T-6LBS: no usable list or purchase cost is available.,product_db_preview,Free League | Alien RPG | Role Playing Game | Ages 14+ | 1+ Players,,,missing_cost,none
2026-05-19T12:28:57Z,VO-A6AR-18YS,B09NQDQ8X7,WP2012,Bliss Distribution,,,,,,,,,needs_user_price_check,missing_all_cost_inputs,Add supplier cost evidence for VO-A6AR-18YS: no usable list or purchase cost is available.,product_db_preview,"The Army Painter Speedpaint Slaughter Red 2.0, Single Acrylic Paint 18ml One-coat Painting Soloution For Fantasy Tabletop Miniatures Like Warhammer 40k and Dungeons And Dragons Figures",,,missing_cost,none
2026-05-19T12:28:57Z,DT-SPI3-IK34,B00BA4IOTY,4428167,TD Synnex,,,,,,,,,needs_user_price_check,missing_all_cost_inputs,Add supplier cost evidence for DT-SPI3-IK34: no usable list or purchase cost is available.,product_db_preview,"StarTech.com 15 ft Thin Toslink Digital Optical SPDIF Audio Cable - 15ft / 15 Feet Optical Audio Cable (THINTOS15),Black",,,missing_cost,none
2026-05-19T12:28:57Z,2G-AYBQ-TUQG,B002KFZKZ8,416645,Jones Wholesale,,,,,,,,,needs_user_price_check,missing_all_cost_inputs,Add supplier cost evidence for 2G-AYBQ-TUQG: no usable list or purchase cost is available.,product_db_preview,"Zyliss E46145 Strongboy 2 Jar Opener, Plastic/Metal, White, Adjustable Grip to Open Opens Jar/Bottle Lids/Caps",,,missing_cost,none
2026-05-19T12:28:57Z,DV-USYD-8WR2,B0D3JD4FFD,10290403,TD Synnex,,,,,,,,,needs_user_price_check,missing_all_cost_inputs,Add supplier cost evidence for DV-USYD-8WR2: no usable list or purchase cost is available.,product_db_preview,"OtterBox Symmetry Folio Case for iPad Air 11"" (M2/M3/M4) & iPad Air 10.9"" (2022/2020), Shockproof, Drop proof, Slim Protective Folio Case, Tested to Military Standard, Black",,,missing_cost,none
2026-05-19T12:28:57Z,4V-19KJ-15J4,B00D2O8936,5017193064707,Stax,,,,,,,,,needs_user_price_check,missing_all_cost_inputs,Add supplier cost evidence for 4V-19KJ-15J4: no usable list or purchase cost is available.,product_db_preview,SupaTool Nuisance Dust Mask Disposable Cleaning Molded Face Masks Respirator X 20 Masks,,,missing_cost,none
2026-05-19T12:28:57Z,8T-HE78-3AQ3,B07772WMSM,,DHB,,,,,,,,,needs_user_price_check,missing_all_cost_inputs,Add supplier cost evidence for 8T-HE78-3AQ3: no usable list or purchase cost is available.,product_db_preview,"Meditrade Nitril® Black Nitrile Examination Gloves - Powder-Free, Latex-Free, Multi Use Protective Exam Gloves - Size X-Large - Black - 100pcs",,,missing_cost,none
2026-05-19T12:28:57Z,SE-IQQJ-EOU3,B004R1ZS64,343398,Stax,,,,,,,,,needs_user_price_check,missing_all_cost_inputs,Add supplier cost evidence for SE-IQQJ-EOU3: no usable list or purchase cost is available.,product_db_preview,"BG Electrical Intelligent Single Wall Dimmer Switch, 2 Way, Screwless Front Plate, Premium Flatplate, Brushed Steel, 200W, FBS81",,,missing_cost,none
2026-05-19T12:28:57Z,D8-1A3E-I37F,B001ET78RY,AVA-9110,CLF,,,,,,,,,needs_user_price_check,missing_all_cost_inputs,Add supplier cost evidence for D8-1A3E-I37F: no usable list or purchase cost is available.,product_db_preview,Avalon Organics Rosemary Volumizing Conditioner 325ml Pack of 3,,,missing_cost,none
2026-05-19T12:28:57Z,MV-UNOG-CTUU,B00FO70GG2,386 51025,ABGee,,,,,,,,,needs_user_price_check,missing_all_cost_inputs,Add supplier cost evidence for MV-UNOG-CTUU: no usable list or purchase cost is available.,product_db_preview,"Bestway 51025-17 Splash and Play Three Ring Play Paddling Pool - Multi-Colour, 1.22 m x 25 cm",,,missing_cost,none
2026-05-19T12:28:57Z,US-AK96-YFSB,B002DPGTF0,714760,Stax,,,,,,,,,needs_user_price_check,missing_all_cost_inputs,Add supplier cost evidence for US-AK96-YFSB: no usable list or purchase cost is available.,product_db_preview,"Fackelmann OPAL Hand Grater, Fine Lemon & Lime Zester, Chocolate & Parmesan Grater, Sharp Durable Grating Blade, Stainless Steel, 24x5.5x1.5cm, Silver",,,missing_cost,none
2026-05-19T12:28:57Z,HS-R5IP-7E1C,B00LXM3PGK,590856,Stax,,,,,,,,,needs_user_price_check,missing_all_cost_inputs,Add supplier cost evidence for HS-R5IP-7E1C: no usable list or purchase cost is available.,product_db_preview,SupaDec Sugar Soap 500ml,,,missing_cost,none
2026-05-19T12:28:57Z,BM-1O5E-RW8I,B07BC5K5W5,F4010,DK Tools,,,,,,,,,needs_user_price_check,missing_all_cost_inputs,Add supplier cost evidence for BM-1O5E-RW8I: no usable list or purchase cost is available.,product_db_preview,Amtech F4010 7mm x 210mm SDS masonry drill bit,,,missing_cost,none
2026-05-19T12:28:57Z,4B-HMJG-PHW4,B00D1V5E5G,108447,Stax,,,,,,,,,needs_user_price_check,missing_all_cost_inputs,Add supplier cost evidence for 4B-HMJG-PHW4: no usable list or purchase cost is available.,product_db_preview,"Bosch 2608831009 ""SDS Plus-3"" Hammer Drill Bit, 0 V, Grey, 6 x 150 x 210 mm",,,missing_cost,none
2026-05-19T12:28:57Z,R5-Y2AA-V5FS,B07Z2QNW7R,,,,,,,,,,,needs_user_price_check,missing_all_cost_inputs,Add supplier cost evidence for R5-Y2AA-V5FS: no usable list or purchase cost is available.,product_db_preview,"Cliganic 100% Pure Vitamin E Oil for Skin, Hair & Face - 30,000 IU, Non-GMO Verified | Natural D-Alpha Tocopherol",,,missing_cost,none
2026-05-19T12:28:57Z,WR-3V7D-BB7Z,B07BBZZ8RC,V4045,DK Tools,,,,,,,,,needs_user_price_check,missing_all_cost_inputs,Add supplier cost evidence for WR-3V7D-BB7Z: no usable list or purchase cost is available.,product_db_preview,"Amtech V4045 P80 Hook and Loop Square Sheets, 10 Piece Set, 110mm x 100mm Sanding Paper, 240 V",,,missing_cost,none
2026-05-19T12:28:57Z,L3-ZQ8U-A7LQ,B004I2N5AS,2046517,TD Synnex,,,,,,,,,needs_user_price_check,missing_all_cost_inputs,Add supplier cost evidence for L3-ZQ8U-A7LQ: no usable list or purchase cost is available.,product_db_preview,Sandisk SDCZ50-016G-B35 USB 2.0 Flash Drive 16GB Black/Red,,,missing_cost,none
2026-05-19T12:28:57Z,6L-SDA9-P13J,B00605WJ9O,552760,Culpitt,,,,,,,,,needs_user_price_check,missing_all_cost_inputs,Add supplier cost evidence for 6L-SDA9-P13J: no usable list or purchase cost is available.,product_db_preview,"RAINBOW DUST Pearl Food Colouring, Edible Paint in Pearlescent Colours, Ready to Use, Easy to Apply, Create Cakes & Cupcakes with an Indulgent Shimmer - Dark Gold 25ml",,,missing_cost,none
2026-05-19T12:28:57Z,GW-1ECO-QZA7,B00N5SLQ7A,A500WEA-1EF,Rashmian,,,,,,,,,needs_user_price_check,missing_all_cost_inputs,Add supplier cost evidence for GW-1ECO-QZA7: no usable list or purchase cost is available.,product_db_preview,Casio Gents 33.00mm Quartz Watch with LCD Digital dial and Silver Metal Bracelet Strap A500WEA-1EF,,,missing_cost,none
2026-05-19T12:28:57Z,N4-5C3G-RJS1,B000MQ663C,124720,Stax,,,,,,,,,needs_user_price_check,missing_all_cost_inputs,Add supplier cost evidence for N4-5C3G-RJS1: no usable list or purchase cost is available.,product_db_preview,Draper 79579 230mm Spirit Level,,,missing_cost,none
2026-05-19T12:28:57Z,B1-4B2R-MBRP,B0C4RR58SF,FK75274,Heo,,,,,,,,,needs_user_price_check,missing_all_cost_inputs,Add supplier cost evidence for B1-4B2R-MBRP: no usable list or purchase cost is available.,product_db_preview,Funko POP! Rocks: Mariah Carey - Emancipation Of Mimi - Collectable Vinyl Figure - Gift Idea - Official Merchandise - Toys for Kids & Adults - Music Fans - Model Figure for Collectors and Display,,,missing_cost,none
2026-05-19T12:28:57Z,B7-JEPF-6CU7,B00GI299M4,497891,Jones Wholesale,,,,,,,,,needs_user_price_check,missing_all_cost_inputs,Add supplier cost evidence for B7-JEPF-6CU7: no usable list or purchase cost is available.,product_db_preview,Vaseline Lip Therapy - 0.25 OZ Pack of 2 (Lip Therapy - Rosy Lips),,,missing_cost,none
2026-05-19T12:28:57Z,ZJ-9IR6-7M3A,B07RXCFY28,,Party Wholesalers,,,,,,,,,needs_user_price_check,missing_all_cost_inputs,Add supplier cost evidence for ZJ-9IR6-7M3A: no usable list or purchase cost is available.,product_db_preview,"Procos Dnpx Toy Story 4 Party Table Cover 1CT, 120 x 180 cm",,,missing_cost,none
2026-05-19T12:28:57Z,K0-71JR-UNLF,B01JL0WRI2,BEAN10,CLF,,,,,,,,,needs_user_price_check,missing_all_cost_inputs,Add supplier cost evidence for K0-71JR-UNLF: no usable list or purchase cost is available.,product_db_preview,"Beanies Instant Coffee Flavoured 50g, Freeze-Dried Granules, Quick & Easy to Brew, Nut-Free, Premium Taste,Rich in Flavour, Low-Calorie, Sugar-Free (50g, Cookie dough)",,,missing_cost,none
2026-05-19T12:28:57Z,JE-D4LO-O2JD,B07JXBDGJB,85683,Bliss Distribution,,,,,,,,,needs_user_price_check,missing_all_cost_inputs,Add supplier cost evidence for JE-D4LO-O2JD: no usable list or purchase cost is available.,product_db_preview,Ultra Pro - Eclipse Pro 100+ Deck Box - Jet Black,,,missing_cost,none
2026-05-19T12:28:57Z,JH-97NP-GJDG,B007C3KBIY,,Party Wholesalers,,,,,,,,,needs_user_price_check,missing_all_cost_inputs,Add supplier cost evidence for JH-97NP-GJDG: no usable list or purchase cost is available.,product_db_preview,Floral Cellophane Bags | Multicolor | 20 Pcs.,,,missing_cost,none
2026-05-19T12:28:57Z,U4-61J7-ERHI,B088FKCDV6,479182,Jones Wholesale,,,,,,,,,needs_user_price_check,missing_all_cost_inputs,Add supplier cost evidence for U4-61J7-ERHI: no usable list or purchase cost is available.,product_db_preview,PRESTIGE ECO FRYPAN 24CM 12298,,,missing_cost,none
2026-05-19T12:28:57Z,G9-GAEI-FQI3,B0001IWI10,757126,Stax,,,,,,,,,needs_user_price_check,missing_all_cost_inputs,Add supplier cost evidence for G9-GAEI-FQI3: no usable list or purchase cost is available.,product_db_preview,Town & Country TGL200M Master Gardener Green Ladies Gloves Medium,,,missing_cost,none
2026-05-19T12:28:57Z,R7-98IN-2PW8,B08CHKHTWX,,,,,,,,,,,needs_user_price_check,missing_all_cost_inputs,Add supplier cost evidence for R7-98IN-2PW8: no usable list or purchase cost is available.,product_db_preview,"Max Factor Facefinity Matte Bronzer, 001 Light Bronze",,,missing_cost,none
2026-05-19T12:28:57Z,CH-RLZA-2OYU,B01M6BSYME,,,,,,,,,,,needs_user_price_check,missing_all_cost_inputs,Add supplier cost evidence for CH-RLZA-2OYU: no usable list or purchase cost is available.,product_db_preview,"Brother LC-3219XLBK Inkjet Cartridge, Black, Single Pack, High Yield, Includes 1 x Inkjet Cartridge, Genuine Supplies",,,missing_cost,none
2026-05-19T12:28:57Z,E4-HG4R-5022,B07TGKYLLT,SKI032,Tropicana Wholesale,,,,,,,,,needs_user_price_check,missing_all_cost_inputs,Add supplier cost evidence for E4-HG4R-5022: no usable list or purchase cost is available.,product_db_preview,"The Skinny Food Co Zero Calorie Butterscotch Syrup, 400 g SFC1062/100/101",,,missing_cost,none
2026-05-19T12:28:57Z,FD-R7YW-X0GH,B09NQC79GF,,,,,,,,,,,needs_user_price_check,missing_all_cost_inputs,Add supplier cost evidence for FD-R7YW-X0GH: no usable list or purchase cost is available.,product_db_preview,The Army Painter Speedpaint Grim Black (WP2001),,,missing_cost,none
2026-05-19T12:28:57Z,94-X6R7-SCOW,B0B6GD6QF8,FK67426,Heo,,,,,,,,,needs_user_price_check,missing_all_cost_inputs,Add supplier cost evidence for 94-X6R7-SCOW: no usable list or purchase cost is available.,product_db_preview,Funko POP! TV: Witcher - Yennefer - the Witcher - Collectable Vinyl Figure - Gift Idea - Official Merchandise - Toys for Kids & Adults - TV Fans - Model Figure for Collectors and Display,,,missing_cost,none
2026-05-19T12:28:57Z,MF-TPXM-F8AF,B0D3J9C8NN,10290415,TD Synnex,,,,,,,,,needs_user_price_check,missing_all_cost_inputs,Add supplier cost evidence for MF-TPXM-F8AF: no usable list or purchase cost is available.,product_db_preview,"OtterBox Symmetry Folio Case for iPad Pro 11"" (M5 2025 /M4 2024), Shockproof, Drop proof, Slim Protective Folio Case, Tested to Military Standard, Purple",,,missing_cost,none
2026-05-19T12:28:57Z,MN-LXY0-1MMT,B07DFB8DKB,FK32837,Heo,,,,,,,,,needs_user_price_check,missing_all_cost_inputs,Add supplier cost evidence for MN-LXY0-1MMT: no usable list or purchase cost is available.,product_db_preview,Funko Pop! Vinyl: Disney: Nightmare Before Christmas: Sally - Disney: the Nightmare Before Christmas - Collectable Vinyl Figure - Gift Idea - Official Merchandise - Toys for Kids & Adults,,,missing_cost,none
2026-05-19T12:28:57Z,EE-KTDC-KCFY,B08FSDMVNP,6302977,TD Synnex,,,,,,,,,needs_user_price_check,missing_all_cost_inputs,Add supplier cost evidence for EE-KTDC-KCFY: no usable list or purchase cost is available.,product_db_preview,Crucial USB-C to USB-A Adapter - CTUSBCFUSBAMAD,,,missing_cost,none
2026-05-19T12:28:57Z,ZV-RLOD-Q0JI,B0BS1WDHP7,,,,,,,,,,,needs_user_price_check,missing_all_cost_inputs,Add supplier cost evidence for ZV-RLOD-Q0JI: no usable list or purchase cost is available.,product_db_preview,Funko Pop! Deluxe: Disney the Nightmare Before Christmas 30th - Jack Skellington & Zero With Tree - Disney: the Nightmare Before Christmas - Collectable Vinyl Figure - Gift Idea - Movies Fans,,,missing_cost,none
2026-05-19T12:28:57Z,KQ-XRZK-09KK,B0CSG9BFMJ,,,,,,,,,,,needs_user_price_check,missing_all_cost_inputs,Add supplier cost evidence for KQ-XRZK-09KK: no usable list or purchase cost is available.,product_db_preview,"The Army Painter, Warpaints Fanatic Mega Paint Set, 50 x 18 ml Acrylic Paints Including Metallic, Effects, Washes, 1 Model Making Holder and 1 Paint Brushes – Model Paints for Dnd and Warhammer",,,missing_cost,none
2026-05-19T12:28:57Z,X1-APP3-4HQ6,B0BMKQKC3M,JC598UNII1,Rashmian,,,,,,,,,needs_user_price_check,missing_all_cost_inputs,Add supplier cost evidence for X1-APP3-4HQ6: no usable list or purchase cost is available.,product_db_preview,"LEXIBOOK, Unicorn, Educational and Bilingual Laptop French/English, Toy for Children with 124 Activities to Learn Mathematics, Dactylography, Logic, Clock Reading, Games and Music, Pink, JC598UNIi1",,,missing_cost,none
2026-05-19T12:28:57Z,M8-LMW1-Z8AS,B00IQFGOGA,,,,,,,,,,,needs_user_price_check,missing_all_cost_inputs,Add supplier cost evidence for M8-LMW1-Z8AS: no usable list or purchase cost is available.,product_db_preview,"Yale Euro Double Cylinder, 3 Keys Supplied, Standard Security, Visi Packed, Suitable for All Door Types, Nickel Finish, 30:10:30 (70 mm)",,,missing_cost,none
2026-05-19T12:28:57Z,VL-48KZ-J3F2,B07L8N2TC1,424668,Stax,,,,,,,,,needs_user_price_check,missing_all_cost_inputs,Add supplier cost evidence for VL-48KZ-J3F2: no usable list or purchase cost is available.,product_db_preview,"Masterplug Heavy Duty Single Socket Trailing Socket, without Plug and Cable, White",,,missing_cost,none
2026-05-19T12:28:57Z,9D-PMDG-ALP4,B005BFZAK4,E-82689,Bliss Distribution,,,,,,,,,needs_user_price_check,missing_all_cost_inputs,Add supplier cost evidence for 9D-PMDG-ALP4: no usable list or purchase cost is available.,product_db_preview,Ultra Pro SLEEVES Solid 100 Card Game (Clear),,,missing_cost,none
2026-05-19T12:28:57Z,UR-Q7TM-1F3I,B072YZPBJ3,985 20117,ABGee,,,,,,,,,needs_user_price_check,missing_all_cost_inputs,Add supplier cost evidence for UR-Q7TM-1F3I: no usable list or purchase cost is available.,product_db_preview,Funko Pop! Movies: Bride Of Chucky - Tiffany Valentine-Ray - 1/6 Odds for Rare Chase Variant - Collectable Vinyl Figure - Gift Idea - Official Merchandise - Toys for Kids & Adults - Horror Fans,,,missing_cost,none
2026-05-19T12:28:57Z,OZ-3NKR-VLYG,B0049A27FS,GDB0101,Trilanco,,,,,,,,,needs_user_price_check,missing_all_cost_inputs,Add supplier cost evidence for OZ-3NKR-VLYG: no usable list or purchase cost is available.,product_db_preview,Good Boy Armitage Latex Space Lobber Toy Junior,,,missing_cost,none
2026-05-19T12:28:57Z,I2-6YKQ-CIBP,B007YX9O9E,,,,,,,,,,,needs_user_price_check,missing_all_cost_inputs,Add supplier cost evidence for I2-6YKQ-CIBP: no usable list or purchase cost is available.,product_db_preview,"SanDisk Cruzer Glide 32 GB USB Flash Drive USB 2.0 , Black & Red",,,missing_cost,none
2026-05-19T12:28:57Z,RB-82FL-T88J,B0CJ8TNZ67,RL800D,Rashmian,,,,,,,,,needs_user_price_check,missing_all_cost_inputs,Add supplier cost evidence for RB-82FL-T88J: no usable list or purchase cost is available.,product_db_preview,"LEXIBOOK, Disney Stitch, Nightlight alarm clock, Sounds and Melodies, LCD Backlit screen, Luminous, Snooze, Blue, RL800D",,,missing_cost,none
2026-05-19T12:28:57Z,H8-MI8Q-WG5C,B092K24B2Q,SCS23252,Shure Cosmetics,,,,,,,,,needs_user_price_check,missing_all_cost_inputs,Add supplier cost evidence for H8-MI8Q-WG5C: no usable list or purchase cost is available.,product_db_preview,Maybelline Fit Me! Luminous + Smooth Primer,,,missing_cost,none
2026-05-19T12:28:57Z,IB-U5FA-BO2Y,B0D3JC45CK,10290417,TD Synnex,,,,,,,,,needs_user_price_check,missing_all_cost_inputs,Add supplier cost evidence for IB-U5FA-BO2Y: no usable list or purchase cost is available.,product_db_preview,"OtterBox Symmetry Folio Case for iPad Pro 11"" (M5 2025 /M4 2024), Shockproof, Drop proof, Slim Protective Folio Case, Tested to Military Standard, Black",,,missing_cost,none
2026-05-19T12:28:57Z,AK-OB6V-HIYD,B00IUKPVYM,348926,Stax,,,,,,,,,needs_user_price_check,missing_all_cost_inputs,Add supplier cost evidence for AK-OB6V-HIYD: no usable list or purchase cost is available.,product_db_preview,Price's Petali Brand Scented Tealights | 25 Pack Tealights 4 Hour Burn Time | Available in Multiple Scents (Rose),,,missing_cost,none
2026-05-19T12:28:57Z,U1-M5BM-8F5W,B0C9J86XCZ,GVDR09BK,Rashmian,,,,,,,,,needs_user_price_check,missing_all_cost_inputs,Add supplier cost evidence for U1-M5BM-8F5W: no usable list or purchase cost is available.,product_db_preview,Groov-e Geneva Rechargeable DAB & FM Digital Radio - Built-In Alarm Clock & Bluetooth Connectivity - LCD Display - USB or Battery Operated - Portable Radio - 80 Preset Stations - Black,,,missing_cost,none
2026-05-19T12:28:57Z,4F-HT42-FD26,B010E25DI2,E-84517,Bliss Distribution,,,,,,,,,needs_user_price_check,missing_all_cost_inputs,Add supplier cost evidence for 4F-HT42-FD26: no usable list or purchase cost is available.,product_db_preview,100 Ultra Pro Card Protector Sleeves: Pro-Matte - 66 x 91 mm,,,missing_cost,none
2026-05-19T12:28:57Z,UR-UAT8-4JSI,B00LDLBG3A,334657,Stax,,,,,,,,,needs_user_price_check,missing_all_cost_inputs,Add supplier cost evidence for UR-UAT8-4JSI: no usable list or purchase cost is available.,product_db_preview,Ravenhead Essentials Vinegar Pot,,,missing_cost,none
2026-05-19T12:28:57Z,714810,B002BX8ZFG,,,,,,,,,,,needs_user_price_check,missing_all_cost_inputs,Add supplier cost evidence for 714810: no usable list or purchase cost is available.,product_db_preview,"Fackelmann OPAL Pizza Wheel, Pizza Cutter & Slicer, Super Sharp Blade, Stainless Steel, 18.5x5x1.2cm, Silver",,,missing_cost,none
2026-05-19T12:28:57Z,D7-MGBX-RX2P,B001Q77TI2,E-81181,Bliss Distribution,,,,,,,,,needs_user_price_check,missing_all_cost_inputs,Add supplier cost evidence for D7-MGBX-RX2P: no usable list or purchase cost is available.,product_db_preview,"Ultra Pro 81181 3"" x 4"" Clear Thick 55PT Toploaders (25ct)",,,missing_cost,none
2026-05-19T12:28:57Z,RY-2DTP-16YZ,B01N273YMX,,Party Wholesalers,,,,,,,,,needs_user_price_check,missing_all_cost_inputs,Add supplier cost evidence for RY-2DTP-16YZ: no usable list or purchase cost is available.,product_db_preview,"Anniversary House Elegant Gold Glitter 70th Birthday Candle - Premium Wax Number 70 Cake Topper for Anniversary, Party Decor & Milestone Celebrations - Shiny Metallic Sparkle Finish, 7cm Large",,,missing_cost,none
2026-05-19T12:28:57Z,TK-E7QE-T40G,B000FPU2SK,5010624437194,Stax,,,,,,,,,needs_user_price_check,missing_all_cost_inputs,Add supplier cost evidence for TK-E7QE-T40G: no usable list or purchase cost is available.,product_db_preview,"Kitchen Devils S8602000 Lifestyle Vegetable Knife, 1 cm",,,missing_cost,none
2026-05-19T12:28:57Z,GK-YI4S-C158,B0009JJZ8A,4008033424400,Stax,,,,,,,,,needs_user_price_check,missing_all_cost_inputs,Add supplier cost evidence for GK-YI4S-C158: no usable list or purchase cost is available.,product_db_preview,"Fackelmann Sieve 15cm⌀, Strainer, Fine Mesh, Stainless Steel, 15x20x32.5cm, Silver",,,missing_cost,none
2026-05-19T12:28:57Z,LR-7GM6-1RCH,B08MQB42B3,D850EN,Rashmian,,,,,,,,,needs_user_price_check,missing_all_cost_inputs,Add supplier cost evidence for LR-7GM6-1RCH: no usable list or purchase cost is available.,product_db_preview,"LEXIBOOK, The Collins English dictionary, 13th Edition-Electronic Dictionary, Definitions, Thesaurus, Conjugation, Phonetic Spellchecker, Crossword Solver, with Battery, Blue/White, D850EN",,,missing_cost,none
2026-05-19T12:28:57Z,RY-U14K-5XDR,B005NG23OW,109754,Jones Wholesale,,,,,,,,,needs_user_price_check,missing_all_cost_inputs,Add supplier cost evidence for RY-U14K-5XDR: no usable list or purchase cost is available.,product_db_preview,"Chef Aid 20cm / 8 Inch Long Handled Metal Sieve, Kitchen Essential Tool and Ideal for Straining, draining, Washing and Wide Range of Foods, with a fine mesh for Ease of use",,,missing_cost,none
2026-05-19T12:28:57Z,HL-B4VJ-L8FP,B0813VNJF8,TP77,CLF,,,,,,,,,needs_user_price_check,missing_all_cost_inputs,Add supplier cost evidence for HL-B4VJ-L8FP: no usable list or purchase cost is available.,product_db_preview,Teapigs Limited Edition Winter Glühwein Tea Bags - Mulled Wine-Inspired Herbal Infusion with Whole Fruits & Spices - Naturally Caffeine-Free - 10 Biodegradable Tea Temples,,,missing_cost,none
2026-05-19T12:28:57Z,3E-KHO2-YIAU,B012DV4306,SCS19763,Shure Cosmetics,,,,,,,,,needs_user_price_check,missing_all_cost_inputs,Add supplier cost evidence for 3E-KHO2-YIAU: no usable list or purchase cost is available.,product_db_preview,Cameleo Men - Permanent Hair Dye | Medium Brown Colour for Hair Beard & Moustache | Natural Colour Effect in 5 Minutes | Cover Grey Hair | Ammonia FREE | 30ml,,,missing_cost,none
2026-05-19T12:28:57Z,QT-C0ZN-T4R7,9188805972,FLFALE013,Bliss Distribution,,,,,,,,,needs_user_price_check,missing_all_cost_inputs,Add supplier cost evidence for QT-C0ZN-T4R7: no usable list or purchase cost is available.,product_db_preview,Free League ALIEN RPG Starter Set - Tabletop Roleplaying Game - Age 168+,,,missing_cost,none
2026-05-19T12:28:57Z,IB-PMXX-S0AE,B002BWSZS4,5013174036855,Stax,,,,,,,,,needs_user_price_check,missing_all_cost_inputs,Add supplier cost evidence for IB-PMXX-S0AE: no usable list or purchase cost is available.,product_db_preview,Economy Scourer Flat 150x115mm Green (Pack of 10) SP120,,,missing_cost,none
2026-05-19T12:28:57Z,TA-HQMF-9SUB,B074JHRC6J,366045,Stax,,,,,,,,,needs_user_price_check,missing_all_cost_inputs,Add supplier cost evidence for TA-HQMF-9SUB: no usable list or purchase cost is available.,product_db_preview,Ravenhead 0041.625 Entertain Set of 2 Highly Transparent 29.5 cl Margarita Glasses,,,missing_cost,none
2026-05-19T12:28:57Z,MY-85FY-TSON,B0CKS4H64X,4005240136836,Stax,,,,,,,,,needs_user_price_check,missing_all_cost_inputs,Add supplier cost evidence for MY-85FY-TSON: no usable list or purchase cost is available.,product_db_preview,"Neudorff WeedFree Plus RTU Weed Killer Spray, 750 ml, Glyphosate Free Spray, Weed Remover, Animal Fiendly, Herbicide",,,missing_cost,none
2026-05-19T12:28:57Z,NX-YY01-TLFO,B004TRSSIQ,782519,Stax,,,,,,,,,needs_user_price_check,missing_all_cost_inputs,Add supplier cost evidence for NX-YY01-TLFO: no usable list or purchase cost is available.,product_db_preview,"Masterplug ELS132B-01 Permaplug Two Socket Trailing Socket, without Plug and Cable, 13 Amp, Black",,,missing_cost,none
2026-05-19T12:28:57Z,L1-54EX-56YC,B09445GL1C,103987,Stax,,,,,,,,,needs_user_price_check,missing_all_cost_inputs,Add supplier cost evidence for L1-54EX-56YC: no usable list or purchase cost is available.,product_db_preview,"Price's - Time for You Large Jar Candle - Sweet, Delicious Fragrance - Long Lasting Scent - Up to 100 Hour Burn Time - Ideal for All Occasions",,,missing_cost,none
2026-05-19T12:28:57Z,IM-AYXV-79NJ,B09HXXMJV9,,,,,,,,,,,needs_user_price_check,missing_all_cost_inputs,Add supplier cost evidence for IM-AYXV-79NJ: no usable list or purchase cost is available.,product_db_preview,Revlon ColorStay Matte Lite Crayon - She's Fly,,,missing_cost,none
2026-05-19T12:28:57Z,94-7TOA-9ZBH,B07QNL4BNM,N2381,DK Tools,,,,,,,,,needs_user_price_check,missing_all_cost_inputs,Add supplier cost evidence for 94-7TOA-9ZBH: no usable list or purchase cost is available.,product_db_preview,"Amtech N2381 Hi Vis Gloves Large (Size 9), Certified Quality Rubber Coated Hi Vis Work Gloves, Black/Yellow",,,missing_cost,none
2026-05-19T12:28:57Z,SC-LYFM-ORXK,B07QXSDZJM,541 61176,ABGee,,,,,,,,,needs_user_price_check,missing_all_cost_inputs,Add supplier cost evidence for SC-LYFM-ORXK: no usable list or purchase cost is available.,product_db_preview,"Shaun the Sheep Plush 61176 Backpack Clip, Black and White, Great Gift Idea,9 x 7 x 14 centimetres",,,missing_cost,none
2026-05-19T12:28:57Z,BL-WX51-KQOK,B0897VHKW6,HTP41,CLF,,,,,,,,,needs_user_price_check,missing_all_cost_inputs,Add supplier cost evidence for BL-WX51-KQOK: no usable list or purchase cost is available.,product_db_preview,Hilltop Maple Syrup - Very Dark Late Harvest - Squeezy Bottle - 230g,,,missing_cost,none
2026-05-19T12:28:57Z,7C-7V6B-QQZL,B003M36498,407720,Stax,,,,,,,,,needs_user_price_check,missing_all_cost_inputs,Add supplier cost evidence for 7C-7V6B-QQZL: no usable list or purchase cost is available.,product_db_preview,Kitchen Devils Control 7cm Paring Knife 603001,,,missing_cost,none
2026-05-19T12:28:57Z,T8-6UWL-I3E1,B001OXH0X2,368831,Stax,,,,,,,,,needs_user_price_check,missing_all_cost_inputs,Add supplier cost evidence for T8-6UWL-I3E1: no usable list or purchase cost is available.,product_db_preview,"Solvite SLVTHRIFT Wallpaper & Border Paste, Set of 1",,,missing_cost,none
2026-05-19T12:28:57Z,GJ-2OZK-0GCA,B0CS3VF4GK,MIX024,Tropicana Wholesale,,,,,,,,,needs_user_price_check,missing_all_cost_inputs,Add supplier cost evidence for GJ-2OZK-0GCA: no usable list or purchase cost is available.,product_db_preview,Promixx PRO Electric Protein Shaker Bottle,,,missing_cost,none
2026-05-19T12:28:57Z,6E-U01F-GUCT,B0CSVLW6QL,,,,,,,,,,,needs_user_price_check,missing_all_cost_inputs,Add supplier cost evidence for 6E-U01F-GUCT: no usable list or purchase cost is available.,product_db_preview,Funko Pop! TV: Wednesday - Enid Sinclair - Rave'n E - Collectable Vinyl Figure - Gift Idea - Official Merchandise - Toys for Kids & Adults - TV Fans - Model Figure for Collectors and Display,,,missing_cost,none
2026-05-19T12:28:57Z,H4-86XG-NLX6,B0CVNMZHZ6,FK79749,Heo,,,,,,,,,needs_user_price_check,missing_all_cost_inputs,Add supplier cost evidence for H4-86XG-NLX6: no usable list or purchase cost is available.,product_db_preview,Funko Pop! Movies: Wicked - Fiyero - Collectable Vinyl Figure - Gift Idea - Official Merchandise - Toys for Kids & Adults - Movies Fans - Model Figure for Collectors and Display,,,missing_cost,none
2026-05-19T12:28:57Z,86-0EBH-JQX6,B0D59LGPWS,D660EN,Rashmian,,,,,,,,,needs_user_price_check,missing_all_cost_inputs,Add supplier cost evidence for 86-0EBH-JQX6: no usable list or purchase cost is available.,product_db_preview,"LEXIBOOK, English Dictionary, Pocket electronic dictionary, Definitions, Thesaurus, Grammar functions, Phonetic spellchecker, Word games, 4"" screen, Advanced features, Blue, D660EN",,,missing_cost,none
2026-05-19T12:28:57Z,WE-1Z7L-SA2I,B08MVG9QZW,,,,,,,,,,,needs_user_price_check,missing_all_cost_inputs,Add supplier cost evidence for WE-1Z7L-SA2I: no usable list or purchase cost is available.,product_db_preview,"Cameleo - Permanent Hair Colour Cream - Dark Mahogany - Intensive Color & Protection - 5 Oils + Omega Plus Acids - Professional, Luxurious Hair Dye - Full Kit",,,missing_cost,none
2026-05-19T12:28:57Z,TU-8I14-25ZR,B0CN5KRVXB,,,,,,,,,,,needs_user_price_check,missing_all_cost_inputs,Add supplier cost evidence for TU-8I14-25ZR: no usable list or purchase cost is available.,product_db_preview,Yu-Gi-Oh Legendary Decks 2 2024 Unlimited Reprint,,,missing_cost,none
2026-05-19T12:28:57Z,S8-7VIK-3VEL,B0CT2BZ864,NS01D,Rashmian,,,,,,,,,needs_user_price_check,missing_all_cost_inputs,Add supplier cost evidence for S8-7VIK-3VEL: no usable list or purchase cost is available.,product_db_preview,"LEXIBOOK, Disney Stitch, Nightlight with Speaker, Colour change, Soft light, Battery operated, Blue, NS01D",,,missing_cost,none
2026-05-19T12:28:57Z,UT-WXOQ-6CZL,B08CVTBP81,,Bliss Distribution,,,,,,,,,needs_user_price_check,missing_all_cost_inputs,Add supplier cost evidence for UT-WXOQ-6CZL: no usable list or purchase cost is available.,product_db_preview,Deck Protector: Eclipse Gloss: Apple Red (100),,,missing_cost,none
2026-05-19T12:28:57Z,51-79LN-GGLK,B09HHLMG1V,109696,Stax,,,,,,,,,needs_user_price_check,missing_all_cost_inputs,Add supplier cost evidence for 51-79LN-GGLK: no usable list or purchase cost is available.,product_db_preview,"Defenders All-Seasons Multi-Purpose Handy Spreader with Scoop - Green, Ideal for Application of Granules and Seeds",,,missing_cost,none
2026-05-19T12:28:57Z,J1-6I0O-YXCL,B08CHK57TB,,,,,,,,,,,needs_user_price_check,missing_all_cost_inputs,Add supplier cost evidence for J1-6I0O-YXCL: no usable list or purchase cost is available.,product_db_preview,"Max Factor Facefinity Matte Bronzer, 002 Warm Tan",,,missing_cost,none
2026-05-19T12:28:57Z,VA-V4J8-WHCT,B08FKZMQH8,DC753EN,Rashmian,,,,,,,,,needs_user_price_check,missing_all_cost_inputs,Add supplier cost evidence for VA-V4J8-WHCT: no usable list or purchase cost is available.,product_db_preview,"LEXIBOOK, The Collins English Dictionary, 13th Edition-Electronic Pocket Spellchecker, Thesaurus, Crossword, Conjugation, Anagram Solver, Words Games, with Battery, Blue/White, DC753EN",,,missing_cost,none
2026-05-19T12:28:57Z,XE-27ZG-EZPZ,B0001IWX7E,377564,Stax,,,,,,,,,needs_user_price_check,missing_all_cost_inputs,Add supplier cost evidence for XE-27ZG-EZPZ: no usable list or purchase cost is available.,product_db_preview,"KitchenCraft Kitchen Scissors with Bottle Opener, Stainless Steel, Multi Purpose Shears 21 cm (8.3''), Black",,,missing_cost,none
2026-05-19T12:28:57Z,IO-9ZD2-3HDO,B09SBGM9Q8,FK64036,Heo,,,,,,,,,needs_user_price_check,missing_all_cost_inputs,Add supplier cost evidence for IO-9ZD2-3HDO: no usable list or purchase cost is available.,product_db_preview,Funko Pop! Albums: Queen - Freddie Mercury - Flash Gordon - Music - Collectable Vinyl Figure - Gift Idea - Official Merchandise - Toys for Kids & Adults - Music Fans - Model Figure for Collectors,,,missing_cost,none
2026-05-19T12:28:57Z,7I-1717-OHRW,B0CJMRL1WT,AT-15060,Bliss Distribution,,,,,,,,,needs_user_price_check,missing_all_cost_inputs,Add supplier cost evidence for 7I-1717-OHRW: no usable list or purchase cost is available.,product_db_preview,"Dragon Shield | Matte Dual Standard Size Card Sleeves | 100 CT - Smooth & Tough Premium TCG Sleeves - Compatible with Pokemon, Flesh & Blood, One Piece & Magic The Gathering | Truth",,,missing_cost,none
2026-05-19T12:28:57Z,F7-PMJ2-SG6A,B07RZBBG14,,,,,,,,,,,needs_user_price_check,missing_all_cost_inputs,Add supplier cost evidence for F7-PMJ2-SG6A: no usable list or purchase cost is available.,product_db_preview,"Dragon Shield AT-13201 Standard Size Perfect Fit Sealable (100 Sleeves), clear",,,missing_cost,none
2026-05-19T12:28:57Z,3B-3H3V-Z93T,B0CP69JJGG,MYP044,Tropicana Wholesale,,,,,,,,,needs_user_price_check,missing_all_cost_inputs,Add supplier cost evidence for 3B-3H3V-Z93T: no usable list or purchase cost is available.,product_db_preview,"Myprotein Unisex Adult Mini Bottle Shaker - Black, 400 ml (Pack of 1)",,,missing_cost,none
2026-05-19T12:28:57Z,DX-1NE9-39YS,B08MT6CW12,103073,Stax,,,,,,,,,needs_user_price_check,missing_all_cost_inputs,Add supplier cost evidence for DX-1NE9-39YS: no usable list or purchase cost is available.,product_db_preview,"Rawlplug WetNFix Wall Filler for Hole Quick setting Pack of 10 | Fixing Wall Plugs perfect for oversized holes | Suitable for Masonry, Wood, and Plasterboard | Repair Kit white",,,missing_cost,none
2026-05-19T12:28:57Z,PY-XV78-3OG5,B0D3J9M2H8,,,,,,,,,,,needs_user_price_check,missing_all_cost_inputs,Add supplier cost evidence for PY-XV78-3OG5: no usable list or purchase cost is available.,product_db_preview,"OtterBox Symmetry Folio Case for iPad Air 13-Inch (2024 M2, 2025 M3, 2026 M4), Shockproof, Drop proof, Slim Protective Folio Case, Tested to Military Standard, Black",,,missing_cost,none
2026-05-19T12:28:57Z,PE-G94Y-4PYO,B011SEA38A,484652,Sika,,,,,,,,,needs_user_price_check,missing_all_cost_inputs,Add supplier cost evidence for PE-G94Y-4PYO: no usable list or purchase cost is available.,product_db_preview,Everbuild 2 X CYN50 Industrial Superglue General Purpose 50 g,,,missing_cost,none
2026-05-19T12:28:57Z,XG-Z9LW-Z27Q,B09NQ9YX9R,WP2000,Bliss Distribution,,,,,,,,,needs_user_price_check,missing_all_cost_inputs,Add supplier cost evidence for XG-Z9LW-Z27Q: no usable list or purchase cost is available.,product_db_preview,"The Army Painter Speedpaint Medium 2.0, Single White Medium 18 ml Acrylic Paint One-coat Painting Solution For Fantasy Tabletop Miniatures Like Warhammer 40k And Dungeons And Dragons",,,missing_cost,none
2026-05-19T12:28:57Z,JV-D1TI-6UF6,B002HY4YSQ,5010624437200,Stax,,,,,,,,,needs_user_price_check,missing_all_cost_inputs,Add supplier cost evidence for JV-D1TI-6UF6: no usable list or purchase cost is available.,product_db_preview,Kitchen Devils Lifestyle Peeler Parer Knife 602001,,,missing_cost,none
2026-05-19T12:28:57Z,DD-94AN-QL9L,B00VQTO21M,MIR018,DHB,,,,,,,,,needs_user_price_check,missing_all_cost_inputs,Add supplier cost evidence for DD-94AN-QL9L: no usable list or purchase cost is available.,product_db_preview,4 Pack - TUNG Brush - Tongue Cleaner,,,missing_cost,none
2026-05-19T12:28:57Z,H0-BYHY-BTUT,B08WX4Y25G,E-15613,Bliss Distribution,,,,,,,,,needs_user_price_check,missing_all_cost_inputs,Add supplier cost evidence for H0-BYHY-BTUT: no usable list or purchase cost is available.,product_db_preview,Ultra Pro - Eclipse Standard Matte Sleeves 100 Pack - Jet Black,,,missing_cost,none
2026-05-19T12:28:57Z,NX-0Q7A-XR6H,B082DG6GJ6,SKI072,Tropicana Wholesale,,,,,,,,,needs_user_price_check,missing_all_cost_inputs,Add supplier cost evidence for NX-0Q7A-XR6H: no usable list or purchase cost is available.,product_db_preview,The Skinny Food Co White Chocolate Chocahalic Skinny Spread 350g,,,missing_cost,none
2026-05-19T12:28:57Z,QF-JFBE-D4VE,B008ID91XI,,,,,,,,,,,needs_user_price_check,missing_all_cost_inputs,Add supplier cost evidence for QF-JFBE-D4VE: no usable list or purchase cost is available.,product_db_preview,"The Big Cheese Prickle Strip Dog Stopper – 2 m x 28 cm wide, durable Grow-thru Deterrent Protects Plants and Bulbs and Prevents Cats, Dogs, and Wildlife from Digging the Garden and Plant Pots",,,missing_cost,none
2026-05-19T12:28:57Z,MY-KL21-NMV5,B0913SVFD3,JC598PAI2,Rashmian,,,,,,,,,needs_user_price_check,missing_all_cost_inputs,Add supplier cost evidence for MY-KL21-NMV5: no usable list or purchase cost is available.,product_db_preview,"LEXIBOOK Paw Patrol - Educational and Bilingual Laptop Spanish/English - Toy for Child Kid (Boys & Girls), 124 Activities, Learn Play Games and Music with Chase Marshall - Red/Blue, JC598PAi2",,,missing_cost,none
2026-05-19T12:28:57Z,6Q-9G2A-IKVV,B000PSB13C,MGB692KIT,Tool Chimp,,,,,,,,,needs_user_price_check,missing_all_cost_inputs,Add supplier cost evidence for 6Q-9G2A-IKVV: no usable list or purchase cost is available.,product_db_preview,"MARSHALLTOWN Masonry Grout Bags for Mortar and Grout, Tiling Tools, Durable Black Vinyl Bag, 30 x 60 cm, Tip Included, Made in USA, GB692",,,missing_cost,none
2026-05-19T12:28:57Z,52-BC73-O7B2,B0C7HGQRY6,MUT157,Tropicana Wholesale,,,,,,,,,needs_user_price_check,missing_all_cost_inputs,Add supplier cost evidence for 52-BC73-O7B2: no usable list or purchase cost is available.,product_db_preview,"MUTANT GEAAR | 9.4g of EAA Powder + Arginine, 7g BCAAs, 4g Leucine, Electrolytes, Coconut Water, No Artificial Colours or Flavours | 30 Servings | Orange Rush",,,missing_cost,none
2026-05-19T12:28:57Z,YC-3L3M-BV48,B0CTD6Q6KY,MCF15193,Heo,,,,,,,,,needs_user_price_check,missing_all_cost_inputs,Add supplier cost evidence for YC-3L3M-BV48: no usable list or purchase cost is available.,product_db_preview,"McFarlane DC Multiverse 7"" Scale Vehicles - Tumbler with Lucius Fox (The Dark Knight) Gold Label, Includes Action Figure and Accessories",,,missing_cost,none
2026-05-19T12:28:57Z,MW-RSG9-3S2C,B07DRLVHM2,,,,,,,,,,,needs_user_price_check,missing_all_cost_inputs,Add supplier cost evidence for MW-RSG9-3S2C: no usable list or purchase cost is available.,product_db_preview,Tracer Deep Hole Construction Pencil with 6 x Replacement Lead Pack and accompanying Site Holsters all-in-one Marking Kit. Carpenter Pencil Set,,,missing_cost,none
2026-05-19T12:28:57Z,7M-48OU-23X3,B004GFPFBO,985 2291,ABGee,,,,,,,,,needs_user_price_check,missing_all_cost_inputs,Add supplier cost evidence for 7M-48OU-23X3: no usable list or purchase cost is available.,product_db_preview,Funko POP! Movies : Freddy Krueger - Nightmare on Elm Street - Collectable Vinyl Figure - Gift Idea - Official Merchandise - Toys for Kids & Adults - Movies Fans - Model Figure for Collectors,,,missing_cost,none
2026-05-19T12:28:57Z,88-PT9Z-DP6C,B081SWQNFS,SCS24049,Shure Cosmetics,,,,,,,,,needs_user_price_check,missing_all_cost_inputs,Add supplier cost evidence for 88-PT9Z-DP6C: no usable list or purchase cost is available.,product_db_preview,"Max Factor Miracle Second Skin Hydrating Foundation, Tan - 30 ml",,,missing_cost,none
2026-05-19T12:28:57Z,MY-XMO2-EXY1,B0042SNS7S,F-91WC-4AEF,Rashmian,,,,,,,,,needs_user_price_check,missing_all_cost_inputs,Add supplier cost evidence for MY-XMO2-EXY1: no usable list or purchase cost is available.,product_db_preview,Casio F-91WC-4AEF Mens Collection Watch,,,missing_cost,none
2026-05-19T12:28:57Z,UR-W905-8D8D,B00B2KJ59Y,5060494310363,Stax,,,,,,,,,needs_user_price_check,missing_all_cost_inputs,Add supplier cost evidence for UR-W905-8D8D: no usable list or purchase cost is available.,product_db_preview,FITO DRIPFEEDER CITRUS 32ML PK5,,,missing_cost,none
2026-05-19T12:28:57Z,91-PZCP-NNGD,B0198KU5PW,985 5305,ABGee,,,,,,,,,needs_user_price_check,missing_all_cost_inputs,Add supplier cost evidence for 91-PZCP-NNGD: no usable list or purchase cost is available.,product_db_preview,Funko POP! Animation: One Piece - Monkey D. Luffy - Collectable Vinyl Figure - Gift Idea - Official Merchandise - Toys for Kids & Adults - Anime Fans - Model Figure for Collectors and Display,,,missing_cost,none
2026-05-19T12:28:57Z,8D-Y151-NFFF,B0031DCJWU,PE4,CLF,,,,,,,,,needs_user_price_check,missing_all_cost_inputs,Add supplier cost evidence for 8D-Y151-NFFF: no usable list or purchase cost is available.,product_db_preview,"Puressentiel Rest & Relax, Stress Roll-On - 5 ml - Helps Promote Healthy Sleep, Stress Relief & Anxiety Relief Routines - Soothing, Relaxing & Naturally Calming Essential Oils - Aromatherapy",,,missing_cost,none
2026-05-19T12:28:57Z,BB-ZT14-1QQA,B086MBW9R9,BF4232,Bliss Distribution,,,,,,,,,needs_user_price_check,missing_all_cost_inputs,Add supplier cost evidence for BB-ZT14-1QQA: no usable list or purchase cost is available.,product_db_preview,"The Army Painter Lowland Shrubs, 77 Self Adhesive Static Grass Tufts in 3 Sizes, for Model Bases, Terrain Scenics, Miniature Bases and Diorama Base, Green Grass Tufts for Gaming Bases",,,missing_cost,none
2026-05-19T12:28:57Z,WJ-YHKC-EES5,B07CN7NRF7,HPE560165,Heo,,,,,,,,,needs_user_price_check,missing_all_cost_inputs,Add supplier cost evidence for WJ-YHKC-EES5: no usable list or purchase cost is available.,product_db_preview,Harry Potter - Tattoos (Temporary) - Set of 35 Styles - Official - Cinereplicas,,,missing_cost,none
2026-05-19T12:28:57Z,K2-VE7K-V9TU,B08FR6S7CD,,Culpitt,,,,,,,,,needs_user_price_check,missing_all_cost_inputs,Add supplier cost evidence for K2-VE7K-V9TU: no usable list or purchase cost is available.,product_db_preview,"Sugarflair Rose Gold Chocolate Paint - Coloured Cocoa Butter for Painting Directly Onto Chocolate, Transfer Sheets or Moulds - 35g",,,missing_cost,none
2026-05-19T12:28:57Z,CA-JM6T-ZXP6,B0CMY2G83J,888 SQAL0033,ABGee,,,,,,,,,needs_user_price_check,missing_all_cost_inputs,Add supplier cost evidence for CA-JM6T-ZXP6: no usable list or purchase cost is available.,product_db_preview,"Squish-a-longs by Original Squishmallows 25 Pack - Series 1 - (25) 1” Mini-Squish with 5 Accessories, Ring, and Collector’s Guide - Collect, Trade, & Play",,,missing_cost,none
2026-05-19T12:28:57Z,3E-62Y1-WPYU,B0DN6KL887,505534,Jones Wholesale,,,,,,,,,needs_user_price_check,missing_all_cost_inputs,Add supplier cost evidence for 3E-62Y1-WPYU: no usable list or purchase cost is available.,product_db_preview,ECO CHIC Lightweight Foldable Reusable Shopping Bag Water Resistant Tote Bag (Cosy Camping Blue),,,missing_cost,none
2026-05-19T12:28:57Z,X7-MY4W-H2I4,B00S9IXBVU,319378,Stax,,,,,,,,,needs_user_price_check,missing_all_cost_inputs,Add supplier cost evidence for X7-MY4W-H2I4: no usable list or purchase cost is available.,product_db_preview,ProDec Combination Shavehook for Removing Paint and Varnish from Flat and Irregular Surfaces,,,missing_cost,none
2026-05-19T12:28:57Z,NO-N6RP-Y30Q,B07NJCFPKF,AT-11036,Bliss Distribution,,,,,,,,,needs_user_price_check,missing_all_cost_inputs,Add supplier cost evidence for NO-N6RP-Y30Q: no usable list or purchase cost is available.,product_db_preview,"Dragon Shield | Standard Size Card Matte Sleeves | 100 CT - Smooth & Tough Premium TCG Sleeves | Compatible with Pokemon, Flesh & Blood, One Piece & Magic The Gathering | Emerald",,,missing_cost,none
2026-05-19T12:28:57Z,OW-ONY2-KNM7,B09MTXZY2Y,62104,Jones Wholesale,,,,,,,,,needs_user_price_check,missing_all_cost_inputs,Add supplier cost evidence for OW-ONY2-KNM7: no usable list or purchase cost is available.,product_db_preview,"Blistex Relief Cream Soothing Protective Lip Cream, 5g",,,missing_cost,none
2026-05-19T12:28:57Z,4U-9ZL6-9G0Y,B07C8QSSR2,PIK054,DHB,,,,,,,,,needs_user_price_check,missing_all_cost_inputs,Add supplier cost evidence for 4U-9ZL6-9G0Y: no usable list or purchase cost is available.,product_db_preview,"Piksters Wax for Orthodontics and Braces, 2 Count (Pack of 1)",,,missing_cost,none
2026-05-19T12:28:57Z,D2-8SPY-Q095,B0052VXJGO,312457,Stax,,,,,,,,,needs_user_price_check,missing_all_cost_inputs,Add supplier cost evidence for D2-8SPY-Q095: no usable list or purchase cost is available.,product_db_preview,"Fackelmann OPAL Skimmer, Straining Spoon, Frying Strainer, Fine Mesh, Medium Spider Ladle Stainless Steel, 37.5x12x5.5cm, Silver",,,missing_cost,none
2026-05-19T12:28:57Z,A1-KSU1-GZMS,B07BC1CMDK,P240,DK Tools,,,,,,,,,needs_user_price_check,missing_all_cost_inputs,Add supplier cost evidence for A1-KSU1-GZMS: no usable list or purchase cost is available.,product_db_preview,"Amtech V4075 P240 Hook and Loop Orbital Sanding Sheets, 10 Piece Set, 115mm Diameter Sanding Paper",,,missing_cost,none
2026-05-19T12:28:57Z,5H-EJ59-AZPA,B004ZMXOMA,TEP418SP,DHB,,,,,,,,,needs_user_price_check,missing_all_cost_inputs,Add supplier cost evidence for 5H-EJ59-AZPA: no usable list or purchase cost is available.,product_db_preview,"TEPE ANGLE YELLOW BLISTER, 6 pc",,,missing_cost,none
2026-05-19T12:28:57Z,XN-OF53-7WRU,B0084CNKAI,MT411134,Murrays Health and Beauty,,,,,,,,,needs_user_price_check,missing_all_cost_inputs,Add supplier cost evidence for XN-OF53-7WRU: no usable list or purchase cost is available.,product_db_preview,Marvis Amarelli Licorice Toothpaste - 25 ml,,,missing_cost,none
2026-05-19T12:28:57Z,WX-L5UA-UB1Q,B007R2ICTK,87298406,Stax,,,,,,,,,needs_user_price_check,missing_all_cost_inputs,Add supplier cost evidence for WX-L5UA-UB1Q: no usable list or purchase cost is available.,product_db_preview,"HG Stain Away 7, Removes Rust Stains from Clothing & Textiles, Concentrated Rusty Mark Remover for Surfaces & Tiles, Fabric & Natural Stone Safe – 50m (426005106)",,,missing_cost,none
2026-05-19T12:28:57Z,UL-D0Y8-ZNI5,B08DR97BX2,,,,,,,,,,,needs_user_price_check,missing_all_cost_inputs,Add supplier cost evidence for UL-D0Y8-ZNI5: no usable list or purchase cost is available.,product_db_preview,"Cliganic Organic Argan Oil, 100% Pure (473ml) | Moroccan Argan Oil for Hair, Face & Skin | Natural Cold Pressed Carrier Oil - Certified Organic | Cliganic 90 Days Warranty",,,missing_cost,none
2026-05-19T12:28:57Z,49-4UKW-G81R,B00WI8O0RG,E-84515,Bliss Distribution,,,,,,,,,needs_user_price_check,missing_all_cost_inputs,Add supplier cost evidence for 49-4UKW-G81R: no usable list or purchase cost is available.,product_db_preview,100 Ultra Pro Card Protector Sleeves: Pro-Matte - 66 x 91 mm,,,missing_cost,none
2026-05-19T12:28:57Z,L5-PF3B-WHU4,B09LDDFK4R,MIX025,Tropicana Wholesale,,,,,,,,,needs_user_price_check,missing_all_cost_inputs,Add supplier cost evidence for L5-PF3B-WHU4: no usable list or purchase cost is available.,product_db_preview,"Promixx Pro Shaker Bottle - Refillable, Powerful for Smooth Protein Shakes - Includes Extra Storage - BPA Free, Tumbler 600ml (Silver White/Grey)",,,missing_cost,none
2026-05-19T12:28:57Z,N7-A24N-WJA7,B09NM9TVYX,,,,,,,,,,,needs_user_price_check,missing_all_cost_inputs,Add supplier cost evidence for N7-A24N-WJA7: no usable list or purchase cost is available.,product_db_preview,"Disney 6315875812X12 25cm DAR Spiderverse Miles Morales Action Figure 25 cm Soft Toy with Glow in The Dark Eyes, One Size",,,missing_cost,none
2026-05-19T12:28:57Z,2X-8XI7-C9T5,B07L6H9GZ2,SKI006,Tropicana Wholesale,,,,,,,,,needs_user_price_check,missing_all_cost_inputs,Add supplier cost evidence for 2X-8XI7-C9T5: no usable list or purchase cost is available.,product_db_preview,White Chocolate Skinny Syrup,,,missing_cost,none
2026-05-19T12:28:57Z,QW-9XV0-Q3EH,B00J5H1E9K,UGD010109,Bliss Distribution,,,,,,,,,needs_user_price_check,missing_all_cost_inputs,Add supplier cost evidence for QW-9XV0-Q3EH: no usable list or purchase cost is available.,product_db_preview,"Ultimate Guard - Katana Sleeves - Red (100) [Standard Size, 66 x 91mm]",,,missing_cost,none
2026-05-19T12:28:57Z,IZ-8NZ9-VXR2,B08XLT86GL,515 706404,ABGee,,,,,,,,,needs_user_price_check,missing_all_cost_inputs,Add supplier cost evidence for IZ-8NZ9-VXR2: no usable list or purchase cost is available.,product_db_preview,"Baby Annabell Lunch Time Trickbottle, Pink",,,missing_cost,none
2026-05-19T12:28:57Z,I5-DDJZ-N4EF,B07QLML4ZG,N2380,DK Tools,,,,,,,,,needs_user_price_check,missing_all_cost_inputs,Add supplier cost evidence for I5-DDJZ-N4EF: no usable list or purchase cost is available.,product_db_preview,"Amtech N2380 XL (Size 10), Certified Quality Rubber Coated Hi Vis Work Gloves, Black/Yellow",,,missing_cost,none
2026-05-19T12:28:57Z,ZB-PV7O-TKUD,B0BBH9MHBH,77-89965,TD Synnex,,,,,,,,,needs_user_price_check,missing_all_cost_inputs,Add supplier cost evidence for ZB-PV7O-TKUD: no usable list or purchase cost is available.,product_db_preview,"OtterBox Symmetry Folio Case for iPad 10th gen 2022, iPad 11th gen 2025 (A16), Shockproof, Drop proof, Slim Protective Folio Case, Tested to Military Standard, Blue",,,missing_cost,none
2026-05-19T12:28:57Z,VU-8KRA-QP5M,B0BNLWBLMV,AT-11055,Bliss Distribution,,,,,,,,,needs_user_price_check,missing_all_cost_inputs,Add supplier cost evidence for VU-8KRA-QP5M: no usable list or purchase cost is available.,product_db_preview,"Dragon Shield | Standard Size Card Matte Sleeves | 100 CT - Smooth & Tough Premium TCG Sleeves | Compatible with Pokemon, Flesh & Blood, One Piece & Magic The Gathering | Turquoise - Players' Choice",,,missing_cost,none
2026-05-19T12:28:57Z,5M-QO6K-LNH0,B00ANP09LM,312496,Stax,,,,,,,,,needs_user_price_check,missing_all_cost_inputs,Add supplier cost evidence for 5M-QO6K-LNH0: no usable list or purchase cost is available.,product_db_preview,"Easycook NS613R Easy Cook Polly Carbonate Non-Staining Microwave Sauce Pan and Lid, Red",,,missing_cost,none
2026-05-19T12:28:57Z,TA-7DAZ-18PU,B0CNT2Z32S,HPBT010D,Rashmian,,,,,,,,,needs_user_price_check,missing_all_cost_inputs,Add supplier cost evidence for TA-7DAZ-18PU: no usable list or purchase cost is available.,product_db_preview,"LEXIBOOK - Disney Stitch - 2-in-1 Bluetooth & Wired Headphones with microphone and control button, Foldable and Ajustable, Long lasting rechargeable battery, HPBT010D",,,missing_cost,none
2026-05-19T12:28:57Z,V1-ON8D-S6WQ,B06XY4DS8H,,,,,,,,,,,needs_user_price_check,missing_all_cost_inputs,Add supplier cost evidence for V1-ON8D-S6WQ: no usable list or purchase cost is available.,product_db_preview,"Yale B-YS3-3535NT Anti-Snap 3 Star Euro Thumbturn Cylinder, High Security, 35:35 (70mm), Nickel Finish",,,missing_cost,none
2026-05-19T12:28:57Z,TE-Y18U-S2O1,B08X1WM596,333 SI5038,ABGee,,,,,,,,,needs_user_price_check,missing_all_cost_inputs,Add supplier cost evidence for TE-Y18U-S2O1: no usable list or purchase cost is available.,product_db_preview,"Super Impulse 361224 Worlds Smallest Monopoly Board Game in the World as Mini Version, from 8 Years",,,missing_cost,none
2026-05-19T12:28:57Z,ZU-PFDN-JSYV,B07MW9H6P4,112387,Stax,,,,,,,,,needs_user_price_check,missing_all_cost_inputs,Add supplier cost evidence for ZU-PFDN-JSYV: no usable list or purchase cost is available.,product_db_preview,GoodBoy BOY BIG DOG SUPER SOFT PLUSH SQUEAKY TOY 44 CM,,,missing_cost,none
2026-05-19T12:28:57Z,1W-8WI9-7AUU,B0BLQRDTLL,FK72333,Heo,,,,,,,,,needs_user_price_check,missing_all_cost_inputs,Add supplier cost evidence for 1W-8WI9-7AUU: no usable list or purchase cost is available.,product_db_preview,Funko Pop! Movies: Teenage Mutant Ninja Turtles - (Teenage Mutant Ninja Turtles (TMNT) ) - April O'Neil O Neil - Collectable Vinyl Figure - Gift Idea - Official Merchandise - Toys for Kids & Adults,,,missing_cost,none
2026-05-19T12:28:57Z,3Z-45IC-N1H4,B07QPB3T1J,GL2013,Bliss Distribution,,,,,,,,,needs_user_price_check,missing_all_cost_inputs,Add supplier cost evidence for 3Z-45IC-N1H4: no usable list or purchase cost is available.,product_db_preview,The Army Painter | Basing Glue,,,missing_cost,none
2026-05-19T12:28:57Z,9X-7TBD-NA16,B01N49MD2S,AT-13023,Bliss Distribution,,,,,,,,,needs_user_price_check,missing_all_cost_inputs,Add supplier cost evidence for 9X-7TBD-NA16: no usable list or purchase cost is available.,product_db_preview,"Arcane Tinman ART13023 AT-13023 Dragon Shield-Perfect Fit Standard Sleeves 100pk-Smoke, Smoke, One Size",,,missing_cost,none
2026-05-19T12:28:57Z,Y5-REMJ-CY7A,B0BLTGP2JX,7890808,TD Synnex,,,,,,,,,needs_user_price_check,missing_all_cost_inputs,Add supplier cost evidence for Y5-REMJ-CY7A: no usable list or purchase cost is available.,product_db_preview,"Crucial DDR5 RAM 32GB Kit (2x16GB) 5600MHz, Desktop Computer Memory, (or 5200MHz, 4800MHz) CL46 - CT2K16G56C46U5",,,missing_cost,none
2026-05-19T12:28:57Z,EV-CHU5-XU3G,B07QQDMJ6M,GL2014,Bliss Distribution,,,,,,,,,needs_user_price_check,missing_all_cost_inputs,Add supplier cost evidence for EV-CHU5-XU3G: no usable list or purchase cost is available.,product_db_preview,The Army Painter | Hobby: Super Glue,,,missing_cost,none
2026-05-19T12:28:57Z,W3-H7LU-CTRI,B0002TT36Q,E-81367,Bliss Distribution,,,,,,,,,needs_user_price_check,missing_all_cost_inputs,Add supplier cost evidence for W3-H7LU-CTRI: no usable list or purchase cost is available.,product_db_preview,Ultra Pro 12911 9-Pocket Portfolio Collectors Blue C12 Card Game,,,missing_cost,none
2026-05-19T12:28:57Z,MU-717K-DELS,B076V4V2QQ,E-83648,Bliss Distribution,,,,,,,,,needs_user_price_check,missing_all_cost_inputs,Add supplier cost evidence for MU-717K-DELS: no usable list or purchase cost is available.,product_db_preview,"Ultra PRO 3"" x 4"" Clear Regular Top Loaders For Cards With Card Sleeves Bundle Standard Size 100ct Baseball Card Sleeves Trading Card Sleeve Baseball Card Protectors Toploader Card Protectors",,,missing_cost,none
2026-05-19T12:28:57Z,OT-3LZR-3R6K,B08CB36DY9,,,,,,,,,,,needs_user_price_check,missing_all_cost_inputs,Add supplier cost evidence for OT-3LZR-3R6K: no usable list or purchase cost is available.,product_db_preview,"Lay-Z Spa 60304 Hot Tub Canopy Cover for Weather and Sun Shelter, Hot Tub Accessories, Fits Most Lay-Z-Spa Models, Multicolor, 109.0 cm*183.0 cm*94.0 cm",,,missing_cost,none
2026-05-19T12:28:57Z,L2-WL35-LG0D,B07PRCJQFX,333644,Stax,,,,,,,,,needs_user_price_check,missing_all_cost_inputs,Add supplier cost evidence for L2-WL35-LG0D: no usable list or purchase cost is available.,product_db_preview,"Johnstone's - Amphibious Wall & Ceiling Paint Tester Pots - Emulsion - Easy Apply, Dries in 1-2 Hours - 75ml",,,missing_cost,none
2026-05-19T12:28:57Z,OI-0483-CBVX,B07BC5J1WW,F4023,DK Tools,,,,,,,,,needs_user_price_check,missing_all_cost_inputs,Add supplier cost evidence for OI-0483-CBVX: no usable list or purchase cost is available.,product_db_preview,Amtech F4023 14mm x 210mm SDS masonry drill bit,,,missing_cost,none
2026-05-19T12:28:57Z,GH-PONH-K4WQ,B08L3FB3G2,,,,,,,,,,,needs_user_price_check,missing_all_cost_inputs,Add supplier cost evidence for GH-PONH-K4WQ: no usable list or purchase cost is available.,product_db_preview,Ultimate Guard Katana Sleeves Japanese Size Black (60),,,missing_cost,none
2026-05-19T12:28:57Z,NX-0OE3-AD7U,B083G9XHT9,101798,Stax,,,,,,,,,needs_user_price_check,missing_all_cost_inputs,Add supplier cost evidence for NX-0OE3-AD7U: no usable list or purchase cost is available.,product_db_preview,"Viners Assure 5” Utility Knife Stainless Steel Blade with Squared Tip for Safety, Soft Grip Handle, Non-Stick Coating, Rust-Resistant, Ideal for Cutting Fruit, Vegetables & Everyday Foods",,,missing_cost,none
2026-05-19T12:28:57Z,XY-UM2X-TPS3,B003VTZAM0,889142,Stax,,,,,,,,,needs_user_price_check,missing_all_cost_inputs,Add supplier cost evidence for XY-UM2X-TPS3: no usable list or purchase cost is available.,product_db_preview,"Minky Metallic Reflector Ironing Board Cover, Extra Large",,,missing_cost,none
2026-05-19T12:28:57Z,MW-9K5M-VKW8,B0073TTHBY,MRW-200H-1BVES,Rashmian,,,,,,,,,needs_user_price_check,missing_all_cost_inputs,Add supplier cost evidence for MW-9K5M-VKW8: no usable list or purchase cost is available.,product_db_preview,Casio Gents 43.00mm Quartz Watch with Black Analogue dial and Black Rubber Strap Strap MRW-200H-1BVES,,,missing_cost,none
2026-05-19T12:28:57Z,98-MF34-BSCF,B079MFZL6K,369621,Stax,,,,,,,,,needs_user_price_check,missing_all_cost_inputs,Add supplier cost evidence for 98-MF34-BSCF: no usable list or purchase cost is available.,product_db_preview,Acctim Wickford Kids Teaching Wall Clock Quartz Rainbow Dial Quarter Markers Pink 20cm 22520,,,missing_cost,none
2026-05-19T12:28:57Z,SZ-UL4K-SE7W,B002QGAF8S,E-82225,Bliss Distribution,,,,,,,,,needs_user_price_check,missing_all_cost_inputs,Add supplier cost evidence for SZ-UL4K-SE7W: no usable list or purchase cost is available.,product_db_preview,Ultra Pro Comic Bags (100-Piece),,,missing_cost,none
2026-05-19T12:28:57Z,BQ-O3OI-FTJU,B01CKK8CU2,,Bliss Distribution,,,,,,,,,needs_user_price_check,missing_all_cost_inputs,Add supplier cost evidence for BQ-O3OI-FTJU: no usable list or purchase cost is available.,product_db_preview,5 Ultra Pro 130pt Magnetic One Touch Card Holders (5 Total) 81721 - Fits Cards Up to 130 Point in Thickness,,,missing_cost,none
2026-05-19T12:28:57Z,LF-X542-9TDZ,B07YYG14S1,,,,,,,,,,,needs_user_price_check,missing_all_cost_inputs,Add supplier cost evidence for LF-X542-9TDZ: no usable list or purchase cost is available.,product_db_preview,"Cliganic USDA Organic Argan Oil, 100% Pure | Moroccan Argan Oil for Hair, Face & Skin | Natural Cold Pressed Carrier Oil - Certified Organic | Cliganic 90 Days Warranty",,,missing_cost,none
2026-05-19T12:28:57Z,FM-7COC-V8U2,B078SZDV17,MOQ - 36,We Stock Lots,,,,,,,,,needs_user_price_check,missing_all_cost_inputs,Add supplier cost evidence for FM-7COC-V8U2: no usable list or purchase cost is available.,product_db_preview,"Joseph Joseph GoAvocado, 3-in-1 Avocado Tool with soft grip handle, Green",,,missing_cost,none
2026-05-19T12:28:57Z,SU-JM8R-2U82,B09ST7SSLW,MLT10NI,Rashmian,,,,,,,,,needs_user_price_check,missing_all_cost_inputs,Add supplier cost evidence for SU-JM8R-2U82: no usable list or purchase cost is available.,product_db_preview,LEXIBOOK Cordless Mini Bedside Lamp and Nightlight Nintendo - Red - MLT10NI,,,missing_cost,none
2026-05-19T12:28:57Z,A7-868U-HTPI,B003DZUDYC,786757,Stax,,,,,,,,,needs_user_price_check,missing_all_cost_inputs,Add supplier cost evidence for A7-868U-HTPI: no usable list or purchase cost is available.,product_db_preview,"Pendeford Value Plus Saucepan Set 3PC | Carbon Steel Non-Stick with Tempered Glass Lids | 16cm 18cm 20cm | Easy Clean, Lightweight, Dishwasher Safe | Suitable for All Hob Types Except Induction",,,missing_cost,none
2026-05-19T12:28:57Z,6Z-8POQ-K5XH,B00ANOXX9I,312494,Stax,,,,,,,,,needs_user_price_check,missing_all_cost_inputs,Add supplier cost evidence for 6Z-8POQ-K5XH: no usable list or purchase cost is available.,product_db_preview,Easycook Microwave Saucepan with Lid 750ML RED,,,missing_cost,none
2026-05-19T12:28:57Z,IJ-V0PQ-4CZ4,B09NQCV872,WP2020,Bliss Distribution,,,,,,,,,needs_user_price_check,missing_all_cost_inputs,Add supplier cost evidence for IJ-V0PQ-4CZ4: no usable list or purchase cost is available.,product_db_preview,"The Army Painter Speedpaint Sand Golem 2.0, Single Acrylic Paint 18ml One-coat Painting Soloution For Fantasy Tabletop Miniatures Like Warhammer 40k and Dungeons And Dragons Figures",,,missing_cost,none
2026-05-19T12:28:57Z,YJ-WD59-WWA2,B071X4RKYL,456390,Jones Wholesale,,,,,,,,,needs_user_price_check,missing_all_cost_inputs,Add supplier cost evidence for YJ-WD59-WWA2: no usable list or purchase cost is available.,product_db_preview,"Addis 513881 Essentials Wooden Outdoor Complete Broom with Metal Handle, Natural/ Black, 27.5 cm",,,missing_cost,none
2026-05-19T12:28:57Z,FZ-YQYO-ICX5,B0BTTHVGD3,GVDR08WD,Rashmian,,,,,,,,,needs_user_price_check,missing_all_cost_inputs,Add supplier cost evidence for FZ-YQYO-ICX5: no usable list or purchase cost is available.,product_db_preview,"Groov-e Boston Wooden DAB & FM Digital Radio - Built-In Alarm Clock, Dynamic Range Control & Bluetooth Connectivity - LCD Display - Mains or Battery Operated - Portable Radio - 40 Preset Stations",,,missing_cost,none
2026-05-19T12:28:57Z,XH-OMMJ-C7MT,B096BPSDRZ,542 5224,ABGee,,,,,,,,,needs_user_price_check,missing_all_cost_inputs,Add supplier cost evidence for XH-OMMJ-C7MT: no usable list or purchase cost is available.,product_db_preview,Ravensburger Bluey 35 Piece Jigsaw Puzzle for Kids Age 3 Years Up - Educational Toddler Toys,,,missing_cost,none
2026-05-19T12:28:57Z,FB-6FW0-Z82Q,B005F5TRBI,356204,Stax,,,,,,,,,needs_user_price_check,missing_all_cost_inputs,Add supplier cost evidence for FB-6FW0-Z82Q: no usable list or purchase cost is available.,product_db_preview,"Croydex White Button Shower Curtain Rings 12pk, 75g, 34F",,,missing_cost,none
2026-05-19T12:28:57Z,CJ-X0SS-QOUW,B0CG234KW1,777 77510GQ1-A,ABGee,,,,,,,,,needs_user_price_check,missing_all_cost_inputs,Add supplier cost evidence for CJ-X0SS-QOUW: no usable list or purchase cost is available.,product_db_preview,Snackles Small Sized 14 cm by ZURU Cuddly Squishy Comfort Plush with License Snack Brand Accessory (Random Assortment),,,missing_cost,none
2026-05-19T12:28:57Z,SU-5LQH-2DVN,B07SLLYRSP,484654,Sika,,,,,,,,,needs_user_price_check,missing_all_cost_inputs,Add supplier cost evidence for SU-5LQH-2DVN: no usable list or purchase cost is available.,product_db_preview,"3 PCS EVERBUILD INDUSTRIAL GRADE SUPER GLUE HV HIGH VISCOSITY BONDS PVC, METAL, MDF, ALUMINIUM, CERAMICS, RUBBER ETC. 20G EACH",,,missing_cost,none
2026-05-19T12:28:57Z,VF-3T0K-DR5O,B08KFFY86W,TEP484,DHB,,,,,,,,,needs_user_price_check,missing_all_cost_inputs,Add supplier cost evidence for VF-3T0K-DR5O: no usable list or purchase cost is available.,product_db_preview,"TePe EasyPick Toothpicks, Purple, ISO XL, 36pcs, Plaque Remover, efficient Clean Between The Teeth, Durable Dental Picks for Wide Gaps, Travel case Included",,,missing_cost,none
2026-05-19T12:28:57Z,8L-INBX-OUTU,B016Y8SWZQ,312497,Stax,,,,,,,,,needs_user_price_check,missing_all_cost_inputs,Add supplier cost evidence for 8L-INBX-OUTU: no usable list or purchase cost is available.,product_db_preview,"Easy Cook NS606R Microwave Egg Poacher, red, 2 cup",,,missing_cost,none
2026-05-19T12:28:57Z,PH-M7S4-05R5,B0D3JCMSF5,10290405,TD Synnex,,,,,,,,,needs_user_price_check,missing_all_cost_inputs,Add supplier cost evidence for PH-M7S4-05R5: no usable list or purchase cost is available.,product_db_preview,"OtterBox Symmetry Folio Case for iPad Air 11"" (M2/M3/M4) & iPad Air 10.9"" (2022/2020), Shockproof, Drop proof, Slim Protective Folio Case, Tested to Military Standard, Blue",,,missing_cost,none
2026-05-19T12:28:57Z,HJ-DHEU-9WG8,B0DHDCRX76,77-95357,TD Synnex,,,,,,,,,needs_user_price_check,missing_all_cost_inputs,Add supplier cost evidence for HJ-DHEU-9WG8: no usable list or purchase cost is available.,product_db_preview,"OtterBox React Folio Case for iPad Pro 11"" M4 (M5/M4), Shockproof, Drop proof, Ultra-Slim Protective Folio Case, Tested to Military Standard, Black",,,missing_cost,none
2026-05-19T12:28:57Z,MU-A667-UQ3J,B081TGZQVR,542 16479,ABGee,,,,,,,,,needs_user_price_check,missing_all_cost_inputs,Add supplier cost evidence for MU-A667-UQ3J: no usable list or purchase cost is available.,product_db_preview,Ravensburger Aimee Stewart Myths & Legends 1000 Piece Jigsaw Puzzle for Adults and Kids Age 12 and Up,,,missing_cost,none
2026-05-19T12:28:57Z,WF-JLK1-5PKN,B08563KQKG,L32299,Aldridge Security,,,,,,,,,needs_user_price_check,missing_all_cost_inputs,Add supplier cost evidence for WF-JLK1-5PKN: no usable list or purchase cost is available.,product_db_preview,Yale - YE3B/32/116/1/P Standard Security 32mm Aluminium Padlock - Pink - Open Hardened Steel Shackle - 3 Keys,,,missing_cost,none
2026-05-19T12:28:57Z,Z3-ORV9-K8XD,B000FGECAI,290 EI-2978,ABGee,,,,,,,,,needs_user_price_check,missing_all_cost_inputs,Add supplier cost evidence for Z3-ORV9-K8XD: no usable list or purchase cost is available.,product_db_preview,"Learning Resources Kanoodle 3D Brain Teaser Puzzle, Travel Game for Adults and Kids Ages 7 8 9 10+, Gift for Boys and Girls, Featuring over 200 Challenges",,,missing_cost,none
2026-05-19T12:28:57Z,OV-LVEL-DQL6,B08W25WKTN,MLT10PA,Rashmian,,,,,,,,,needs_user_price_check,missing_all_cost_inputs,Add supplier cost evidence for OV-LVEL-DQL6: no usable list or purchase cost is available.,product_db_preview,LEXIBOOK - Paw Patrol - Cordless Mini Bedside Lamp and Nightlight Paw Patrol - Blue - MLT10PA,,,missing_cost,none
2026-05-19T12:28:57Z,XL-BFPF-CBW4,B07QNL62Z2,N2352,DK Tools,,,,,,,,,needs_user_price_check,missing_all_cost_inputs,Add supplier cost evidence for XL-BFPF-CBW4: no usable list or purchase cost is available.,product_db_preview,"Amtech N2352 Rubber Palm Coated Builders Gloves Medium (Size 8), Certified Quality for Heavy Duty Tasks, Yellow/Orange",,,missing_cost,none
2026-05-19T12:28:57Z,A2-T2AC-TW3L,B006PFN3BW,484652,Sika,,,,,,,,,needs_user_price_check,missing_all_cost_inputs,Add supplier cost evidence for A2-T2AC-TW3L: no usable list or purchase cost is available.,product_db_preview,Everbuild Industrial Grade Superglue GP 50 g Pack of 3,,,missing_cost,none
2026-05-19T12:28:57Z,MW-1ILH-TLS4,B0CDH5Y3N9,RSC31,CLF,,,,,,,,,needs_user_price_check,missing_all_cost_inputs,Add supplier cost evidence for MW-1ILH-TLS4: no usable list or purchase cost is available.,product_db_preview,"Rescue Remedy Kids Restful Nights Dropper, for A Natural Night’s Sleep, Flower Essences, to Support Your Child and Promote A Calming Bedtime Routine, Alcohol Free, Alternative to Sleep Aid for Kids",,,missing_cost,none
2026-05-19T12:28:57Z,QV-VH06-EAV3,B07CPKRL8Z,SCS13160,Shure Cosmetics,,,,,,,,,needs_user_price_check,missing_all_cost_inputs,Add supplier cost evidence for QV-VH06-EAV3: no usable list or purchase cost is available.,product_db_preview,"L 'Oréal Paris Clay Absolue Glow Mask for Clear, Radiant Complexion Cream 50 ml",,,missing_cost,none
2026-05-19T12:28:57Z,AI-IG9I-YB5A,B081QV8W38,WZK90035,Bliss Distribution,,,,,,,,,needs_user_price_check,missing_all_cost_inputs,Add supplier cost evidence for AI-IG9I-YB5A: no usable list or purchase cost is available.,product_db_preview,WizKids WZK90035 Accessories,,,missing_cost,none
2026-05-19T12:28:57Z,KI-CR51-18J3,B0070Y60K8,T2N747,Rashmian,,,,,,,,,needs_user_price_check,missing_all_cost_inputs,Add supplier cost evidence for KI-CR51-18J3: no usable list or purchase cost is available.,product_db_preview,"Weekender Timex Central Park Quartz Watch with Analogue Display and Nylon Strap - T2N747, Blue, T2N747PF",,,missing_cost,none
2026-05-19T12:28:57Z,Q1-00D7-5IQF,B0042SI594,F-91WC-9AEF,Rashmian,,,,,,,,,needs_user_price_check,missing_all_cost_inputs,Add supplier cost evidence for Q1-00D7-5IQF: no usable list or purchase cost is available.,product_db_preview,Casio Unisex 37.00mm Quartz Watch with LCD Digital dial and Yellow Plastic/Resin Strap Strap F-91WC-9AEF,,,missing_cost,none
2026-05-19T12:28:57Z,FH-DOIH-J7JE,B01MUA5DU5,F-91WM-7AEF,Rashmian,,,,,,,,,needs_user_price_check,missing_all_cost_inputs,Add supplier cost evidence for FH-DOIH-J7JE: no usable list or purchase cost is available.,product_db_preview,Casio Men's Quartz Watch with Grey Dial Digital Display and Black Resin Strap F-91WM-7AEF,,,missing_cost,none
2026-05-19T12:28:57Z,DO-QDI1-K7R9,B0BBH71LQN,77-89975,TD Synnex,,,,,,,,,needs_user_price_check,missing_all_cost_inputs,Add supplier cost evidence for DO-QDI1-K7R9: no usable list or purchase cost is available.,product_db_preview,"OtterBox Symmetry Folio Case for iPad 10th gen 2022, iPad 11th gen 2025 (A16), Shockproof, Drop proof, Slim Protective Folio Case, Tested to Military Standard, Black",,,missing_cost,none
2026-05-19T12:28:57Z,RW-AZK6-O4M2,B00F4LA0K0,417440,Stax,,,,,,,,,needs_user_price_check,missing_all_cost_inputs,Add supplier cost evidence for RW-AZK6-O4M2: no usable list or purchase cost is available.,product_db_preview,"Chef Aid Cocktail Sticks, Pack of 200 Stick perfect for Buffets and Cocktails use, The Skewer design helps hold sweet and savoury foods, Each cocktails stick measures 8 cm",,,missing_cost,none
2026-05-19T12:28:57Z,YD-NO15-VYZL,B00VRF1XEY,658717,Stax,,,,,,,,,needs_user_price_check,missing_all_cost_inputs,Add supplier cost evidence for YD-NO15-VYZL: no usable list or purchase cost is available.,product_db_preview,Matt Tester 75ml (Waterfall),,,missing_cost,none
2026-05-19T12:28:57Z,JL-VTP2-JF3Q,B07BLX7YG9,NLJ001PA1,Rashmian,,,,,,,,,needs_user_price_check,missing_all_cost_inputs,Add supplier cost evidence for JL-VTP2-JF3Q: no usable list or purchase cost is available.,product_db_preview,"Lexibook PAW Patrol Helper on Four Paws Chase LED Night Light for Kids, Color Changing, Soft Light, Batteries, Plastic, Blue/Beige, NLJ001PA1, Multicolor, 13, Colour Change",,,missing_cost,none
2026-05-19T12:28:57Z,AF-KIHX-ANYY,B0001P15T4,862225,Stax,,,,,,,,,needs_user_price_check,missing_all_cost_inputs,Add supplier cost evidence for AF-KIHX-ANYY: no usable list or purchase cost is available.,product_db_preview,"Vitrex 10 2280 Grout Finisher, Blue",,,missing_cost,none
2026-05-19T12:28:57Z,D0-C7C0-H6LN,B07F1MFWV1,SKI004,Tropicana Wholesale,,,,,,,,,needs_user_price_check,missing_all_cost_inputs,Add supplier cost evidence for D0-C7C0-H6LN: no usable list or purchase cost is available.,product_db_preview,"Skinny Food Co Salted Caramel Zero Calorie Syrup 425ml - Sugar Free Salted Caramel Syrup For Snacks, Drinks & Desserts - Vegan, Gluten-free, Keto & Paleo Friendly Caramel Syrup - Salted Caramel Syrup",,,missing_cost,none
2026-05-19T12:28:57Z,JB-RGB6-LZOJ,B0001P0DLU,5010266168227,Stax,,,,,,,,,needs_user_price_check,missing_all_cost_inputs,Add supplier cost evidence for JB-RGB6-LZOJ: no usable list or purchase cost is available.,product_db_preview,Loctite 319 Rear View Mirror Bonder 0.5ml,,,missing_cost,none
2026-05-19T12:28:57Z,R0-ODDX-WROO,B076RY52XG,,CLF,,,,,,,,,needs_user_price_check,missing_all_cost_inputs,Add supplier cost evidence for R0-ODDX-WROO: no usable list or purchase cost is available.,product_db_preview,The Humble CO. - Natural Toothpaste - Fresh Mint - Caries Prevention - Natural Fluoride - Developed by Dentists - Designed in Sweden - Vegan & Cruelty-Free - Eco-Friendly Packaging - 75ml,,,missing_cost,none
2026-05-19T12:28:57Z,SR-6OBB-WC03,B06XXDNH1P,AT-11105,Bliss Distribution,,,,,,,,,needs_user_price_check,missing_all_cost_inputs,Add supplier cost evidence for SR-6OBB-WC03: no usable list or purchase cost is available.,product_db_preview,"Dragon Shield | Japanese Size Card Matte Sleeves | 60 CT - Smooth & Tough Premium TCG Sleeves - Compatible with Yu-Gi-Oh, Naruto, Cardfight & Vanguard | White",,,missing_cost,none
2026-05-19T12:28:57Z,D8-VDSF-LENN,B00P82UZ6Y,367853,Stax,,,,,,,,,needs_user_price_check,missing_all_cost_inputs,Add supplier cost evidence for D8-VDSF-LENN: no usable list or purchase cost is available.,product_db_preview,"Unika ColorSealant CS4218-AZ Acrylic Gap Filler and Sealant, Grey, 0.57 kg",,,missing_cost,none
2026-05-19T12:28:57Z,RS-NSGK-AN7M,B09P24GP9M,ATE74,CLF,,,,,,,,,needs_user_price_check,missing_all_cost_inputs,Add supplier cost evidence for RS-NSGK-AN7M: no usable list or purchase cost is available.,product_db_preview,"ATTITUDE Lip Balm, Natural Origin, Nourishes & Protects, Shea Butter, Coconut & Castor Oils, EWG Verified, For Dry Lips, Men and Women, Vegan, Unscented, 8.5 g",,,missing_cost,none
2026-05-19T12:28:57Z,8M-LM6B-F2Q5,B00D1V5FPU,6949509209344,Stax,,,,,,,,,needs_user_price_check,missing_all_cost_inputs,Add supplier cost evidence for 8M-LM6B-F2Q5: no usable list or purchase cost is available.,product_db_preview,"Bosch 2608831003 ""SDS Plus-3"" Hammer Drill Bit, 0 V, Grey, 5 x 100 x 160 mm",,,missing_cost,none
2026-05-19T12:28:57Z,ZI-1MA2-8QGC,B08M8CQHHV,NMR65370,Heo,,,,,,,,,needs_user_price_check,missing_all_cost_inputs,Add supplier cost evidence for ZI-1MA2-8QGC: no usable list or purchase cost is available.,product_db_preview,"AQUARIUS 65370 Lord of The Rings Map 1000 Piece Jigsaw Puzzle, Multi-Colored, One Size",,,missing_cost,none
2026-05-19T12:28:57Z,FA-LRV6-YRFW,B00BUY54DI,FK3143,Heo,,,,,,,,,needs_user_price_check,missing_all_cost_inputs,Add supplier cost evidence for FA-LRV6-YRFW: no usable list or purchase cost is available.,product_db_preview,Funko POP! Vinyl Alien,,,missing_cost,none
2026-05-19T12:28:57Z,4W-VS57-BV6A,B0C9LJNJWZ,JC598BBI1,Rashmian,,,,,,,,,needs_user_price_check,missing_all_cost_inputs,Add supplier cost evidence for 4W-VS57-BV6A: no usable list or purchase cost is available.,product_db_preview,"LEXIBOOK, Barbie, Educational and Bilingual Laptop in English/French, Toy for children with 124 activities to learn, play games and music, Pink, JC598BBi1",,,missing_cost,none
2026-05-19T12:28:57Z,H6-E7MP-EBPD,B00000IU72,542 33344,ABGee,,,,,,,,,needs_user_price_check,missing_all_cost_inputs,Add supplier cost evidence for H6-E7MP-EBPD: no usable list or purchase cost is available.,product_db_preview,"BRIO 33344 Mechanical Switches Wooden Train Track for Kids Age 3 Years Up - Compatible with all BRIO Railway Sets & Accessories, Multicoloured",,,missing_cost,none
2026-05-19T12:28:57Z,2L-M26G-560I,B075WYWJ5L,USN026,Tropicana Wholesale,,,,,,,,,needs_user_price_check,missing_all_cost_inputs,Add supplier cost evidence for 2L-M26G-560I: no usable list or purchase cost is available.,product_db_preview,"USN Power Punch BCAA Amino Acids Powder, Blue Raspberry Flavour - 400g, Vegan BCAA Powder, Vitamin B6 & No Sugar, Pre Workout & Intra Workout Energy Drink & Dietary Supplement to Maximise Performance",,,missing_cost,none
2026-05-19T12:28:57Z,9X-HL62-83C7,B00BEUFYE2,319880,Stax,,,,,,,,,needs_user_price_check,missing_all_cost_inputs,Add supplier cost evidence for 9X-HL62-83C7: no usable list or purchase cost is available.,product_db_preview,"Tala Adjustable Cake Leveller, Stainless Steel Wire Cutter for Even Cake Layers, Multi-Height Settings for Cakes up to 25cm Wide, Perfect for Leveling & Decorating Sponges",,,missing_cost,none
2026-05-19T12:28:57Z,6P-IWYA-X18B,B07B8RJDXT,AT-11006,Bliss Distribution,,,,,,,,,needs_user_price_check,missing_all_cost_inputs,Add supplier cost evidence for 6P-IWYA-X18B: no usable list or purchase cost is available.,product_db_preview,"Dragon Shield | Standard Size Card Matte Sleeves | 100 CT - Smooth & Tough Premium TCG Sleeves | Compatible with Pokemon, Flesh & Blood, One Piece & Magic The Gathering | Gold - Matte",,,missing_cost,none
2026-05-19T12:28:57Z,QD-UWUI-6381,B00DSYVL7Q,LA680WEA-7EF,Rashmian,,,,,,,,,needs_user_price_check,missing_all_cost_inputs,Add supplier cost evidence for QD-UWUI-6381: no usable list or purchase cost is available.,product_db_preview,Casio Unisex 28.00mm Quartz Watch with LCD Digital dial and Silver Metal Bracelet Strap LA680WEA-7EF,,,missing_cost,none
2026-05-19T12:28:57Z,RI-VSUS-0YTD,B08MVGD2ND,,,,,,,,,,,needs_user_price_check,missing_all_cost_inputs,Add supplier cost evidence for RI-VSUS-0YTD: no usable list or purchase cost is available.,product_db_preview,"Cameleo - Permanent Hair Colour Cream - Copper Brown - Intensive Color & Protection - 5 Oils + Omega Plus Acids - Professional, Luxurious Hair Dye - Full Kit",,,missing_cost,none
2026-05-19T12:28:57Z,81-3DY5-BFOR,B07W45L22P,FK45540,Heo,,,,,,,,,needs_user_price_check,missing_all_cost_inputs,Add supplier cost evidence for 81-3DY5-BFOR: no usable list or purchase cost is available.,product_db_preview,Funko POP! Star Wars: the Mandalorian - Big Tom - Heavy Infantry Mandalorian - Collectable Vinyl Figure - Gift Idea - Official Merchandise - Toys for Kids & Adults - TV Fans,,,missing_cost,none
2026-05-19T12:28:57Z,7L-OT45-7LYB,B01NBDFDBC,5011802251854,Stax,,,,,,,,,needs_user_price_check,missing_all_cost_inputs,Add supplier cost evidence for 7L-OT45-7LYB: no usable list or purchase cost is available.,product_db_preview,"Yale YES-CYLPULL-CH Essentials Rim Cylinder Door Pull, Great for External Doors, for Easy Door Closing, Chrome Finish",,,missing_cost,none
2026-05-19T12:28:57Z,3N-WGU4-MT5X,B00SWSU5BG,,,,,,,,,,,needs_user_price_check,missing_all_cost_inputs,Add supplier cost evidence for 3N-WGU4-MT5X: no usable list or purchase cost is available.,product_db_preview,"Curaprox CUR010 CPS15 Interdental Brush, Regular, Black, 1.8 mm-4 mm (Pack of 5)",,,missing_cost,none
2026-05-19T12:28:57Z,C6-XGZB-J6QA,B0083HIM7U,,,,,,,,,,,needs_user_price_check,missing_all_cost_inputs,Add supplier cost evidence for C6-XGZB-J6QA: no usable list or purchase cost is available.,product_db_preview,"Curaprox CS 1560 Soft Toothbrush – Firmer Brushing Experience | Gentle Plaque Removal for Adults | Single Pack, Random Color | Made in Switzerland",,,missing_cost,none
2026-05-19T12:28:57Z,LP-QMNJ-J49G,B0CL5DHG37,,,,,,,,,,,needs_user_price_check,missing_all_cost_inputs,Add supplier cost evidence for LP-QMNJ-J49G: no usable list or purchase cost is available.,product_db_preview,CoComelon Children's Toothpaste - Strawberry Flavour - Sugar Free- 74ml - Award Winning,,,missing_cost,none
2026-05-19T12:28:57Z,W3-8FN7-FSP0,B004J71OSC,,,,,,,,,,,needs_user_price_check,missing_all_cost_inputs,Add supplier cost evidence for W3-8FN7-FSP0: no usable list or purchase cost is available.,product_db_preview,"Curaprox CS 5460 Ortho (Sortiert), Pack of 1 Unit",,,missing_cost,none
2026-05-19T12:28:57Z,04-FYSA-YCV0,B001JYLJB0,,,,,,,,,,,needs_user_price_check,missing_all_cost_inputs,Add supplier cost evidence for 04-FYSA-YCV0: no usable list or purchase cost is available.,product_db_preview,Blackspur BB-RLP102 Heavy Duty Revolving Leather Punch,,,missing_cost,none
2026-05-19T12:28:57Z,04-PU0K-EVHU,B009NST7AY,,,,,,,,,,,needs_user_price_check,missing_all_cost_inputs,Add supplier cost evidence for 04-PU0K-EVHU: no usable list or purchase cost is available.,product_db_preview,GREEN SHIELD CONDITIONING LEATHER SURFACE WIPES 70 PACK - EXTRA LARGE WIPES,,,missing_cost,none
2026-05-19T12:28:57Z,05-CH74-4EW3,B006R5Z7DC,,,,,,,,,,,needs_user_price_check,missing_all_cost_inputs,Add supplier cost evidence for 05-CH74-4EW3: no usable list or purchase cost is available.,product_db_preview,Opies Red Marachino Cocktail Cherries with Stem 225g Jar - Marachino Cherries for Cocktails,,,missing_cost,none
2026-05-19T12:28:57Z,0A-HHXO-QF32,B0993N4XMC,,,,,,,,,,,needs_user_price_check,missing_all_cost_inputs,Add supplier cost evidence for 0A-HHXO-QF32: no usable list or purchase cost is available.,product_db_preview,"Goodyear Bumper and Trim Restorer 750ml-back to Black| Helps Bumper and Trim Plastic Look Like New| Restores, Protects and Shines| Long Lasting Gloss Finish| Suitable for All Exterior Plastics",,,missing_cost,none
2026-05-19T12:28:57Z,0B-KZD0-FZB1,B07Y5KYLQ8,,,,,,,,,,,needs_user_price_check,missing_all_cost_inputs,Add supplier cost evidence for 0B-KZD0-FZB1: no usable list or purchase cost is available.,product_db_preview,"Silvine Cloakroom/Raffle Tickets, Numbered 1-1000 with Security Numbering. Ref CRT1000, Single",,,missing_cost,none
2026-05-19T12:28:57Z,0B-OUCV-UQE9,B01N4LH1PN,,,,,,,,,,,needs_user_price_check,missing_all_cost_inputs,Add supplier cost evidence for 0B-OUCV-UQE9: no usable list or purchase cost is available.,product_db_preview,PETITFEE Gold Hydrogel Eye Patch,,,missing_cost,none
2026-05-19T12:28:57Z,0D-0039-WEPJ,B09V8GFY8C,,,,,,,,,,,needs_user_price_check,missing_all_cost_inputs,Add supplier cost evidence for 0D-0039-WEPJ: no usable list or purchase cost is available.,product_db_preview,,,,missing_cost,none
2026-05-19T12:28:57Z,0F-MLCO-206G,B00RO5R4JE,,,,,,,,,,,needs_user_price_check,missing_all_cost_inputs,Add supplier cost evidence for 0F-MLCO-206G: no usable list or purchase cost is available.,product_db_preview,"Bettina Soap Pads, 12 Pcs – Plastic-Free, Biodegradable, 100% Recycled Material, Eco-Friendly Steel Wool Pads for Sparkling Cleaning, Animal-Free Ingredients",,,missing_cost,none
2026-05-19T12:28:57Z,0Q-F5R3-333E,1848450486,,,,,,,,,,,needs_user_price_check,missing_all_cost_inputs,Add supplier cost evidence for 0Q-F5R3-333E: no usable list or purchase cost is available.,product_db_preview,The Darkest Surrender (Lords of the Underworld: Book 8),,,missing_cost,none
2026-05-19T12:28:57Z,0R-31MX-8MNY,B07B4NQSYS,,,,,,,,,,,needs_user_price_check,missing_all_cost_inputs,Add supplier cost evidence for 0R-31MX-8MNY: no usable list or purchase cost is available.,product_db_preview,Kilner Wide Mouth Preserve Jar 0.35L (350ml) Glass Storage Jar with Vacuum Seal Lid Ideal for Preserving Whole Fruits Vegetables Pickles Jams,,,missing_cost,none
2026-05-19T12:28:57Z,0T-2B9X-7G65,B0B8T9L8RY,,,,,,,,,,,needs_user_price_check,missing_all_cost_inputs,Add supplier cost evidence for 0T-2B9X-7G65: no usable list or purchase cost is available.,product_db_preview,"Smart Choice Dog Toy Box, Grey",,,missing_cost,none
2026-05-19T12:28:57Z,1B-X7OV-DC22,B00SH4QZIM,,,,,,,,,,,needs_user_price_check,missing_all_cost_inputs,Add supplier cost evidence for 1B-X7OV-DC22: no usable list or purchase cost is available.,product_db_preview,"Darlac Grab-N-Lift Garden Waste Collector, Leaf Grabber Tool for Gardens, Ultra Lightweight Design, Leaf and Garden Waste Collection, Ref. DP556, Back Friendly Large Jaw Grabber with Moulded Handles",,,missing_cost,none
2026-05-19T12:28:57Z,1I-68NK-QBN0,B095ZY4PCG,,,,,,,,,,,needs_user_price_check,missing_all_cost_inputs,Add supplier cost evidence for 1I-68NK-QBN0: no usable list or purchase cost is available.,product_db_preview,"Fry's Turkish Delight Mini Chocolate Bars, 105 g (pack of 7)",,,missing_cost,none
2026-05-19T12:28:57Z,1L-X5VM-8E2W,B09S5RXYKR,,,,,,,,,,,needs_user_price_check,missing_all_cost_inputs,Add supplier cost evidence for 1L-X5VM-8E2W: no usable list or purchase cost is available.,product_db_preview,Etude House Fixing Tint #11 Rose Blending | Long Lasting High Pigmented Liquid Lipstick |Waterproof Lightweight Matte Finish Lip Stain| Full Coverage,,,missing_cost,none
2026-05-19T12:28:57Z,3Q-JVVB-BIT7,0786964502,A35790000,Bliss Distribution,,,,,,,,,needs_user_price_check,missing_all_cost_inputs,Add supplier cost evidence for 3Q-JVVB-BIT7: no usable list or purchase cost is available.,product_db_preview,Wizards of the Coast Lords of Waterdeep Expansion: Scoundrels of Skullport,,,missing_cost,none
2026-05-19T12:28:57Z,JX-6USZ-SK7E,0786964502,A35790000,Heo,,,,,,,,,needs_user_price_check,missing_all_cost_inputs,Add supplier cost evidence for JX-6USZ-SK7E: no usable list or purchase cost is available.,product_db_preview,Wizards of the Coast Lords of Waterdeep Expansion: Scoundrels of Skullport,,,missing_cost,none
2026-05-19T12:28:57Z,RB-1O77-8969,B000X2F4II,,,,,,,,,,,needs_user_price_check,missing_all_cost_inputs,Add supplier cost evidence for RB-1O77-8969: no usable list or purchase cost is available.,product_db_preview,"Tacwise 0283 Type 91 / 15 mm Galvanised Narrow Crown Staples, Pack of 1",,,missing_cost,none
2026-05-19T12:28:57Z,SE-UITZ-7CPY,B006SYGN9O,,,,,,,,,,,needs_user_price_check,missing_all_cost_inputs,Add supplier cost evidence for SE-UITZ-7CPY: no usable list or purchase cost is available.,product_db_preview,"Minky PP23004003 Easy Medium Ironing Cover Fits Boards, 110 x 35 cm, Black",,,missing_cost,none
