diagnostics_utc,seller_sku,asin,supplier_code,supplier_name,sale_status,sale_status_normalized,cost_mode,recommendation_basis,cost_source_type,cost_source_reference,current_cost_truth_type,current_cost_source,current_cost_confidence,current_cost_value_gbp,current_cost_class,current_supplier_cost_source,market_price_basis_used,velocity_30d,is_active_candidate,has_current_cost_input,has_current_market_price_input,has_demand_input,has_minimum_restock_inputs,coverage_block_reason,recommendation_status,reason_codes,recommended_qty_raw,recommended_qty_rounded,forward_roi_pct,confidence_note,blocked_note,missing_supplier_catalog_price,missing_last_purchase_price,missing_both_cost_fields,missing_market_price_context,zero_or_null_velocity_30d,zero_or_null_available_now,zero_or_null_inbound_working,zero_or_null_inbound_shipped,zero_or_null_inbound_receiving,reduced_confidence_row,fallback_cost_row,roi_below_10,roi_between_10_and_15,roi_above_15,roi_null,net_needed_qty_raw_le_0,test_spend_capped,moq_pack_rounding_applied,active_actionable_now,active_missing_cost_only,active_missing_market_only,active_missing_demand_only,active_missing_both_cost_and_market,active_missing_multiple_inputs,active_test_cost_truth,active_live_cost_truth,active_no_cost_truth,active_blocked_weak_demand_only,active_other_blocked
2026-04-04T13:58:53Z,N9-IOWG-NGD9,,333 SI568,ABGee,dropped,inactive,live,live_cost_inputs,live_product_inputs,out/product_db_preview.csv,live_cost_truth,last_purchase_price,medium,4.44,last_purchase_fallback,last_purchase_price,MISSING_MARKET_CONTEXT,0,False,True,False,False,False,inactive_status,wait,"LOW_CONFIDENCE_MARKET_CONTEXT,SALE_STATUS_NOT_ACTIVE",0,0,,inactive_sale_status,inactive_sale_status,True,False,False,True,True,True,True,True,True,True,True,False,False,False,True,True,False,False,False,False,False,False,False,False,False,False,False,False,False
2026-04-04T13:58:53Z,BF-KVJ0-RUA9,,DC,ABGee,dropped,inactive,live,live_mode_missing_cost,live_product_inputs,out/product_db_preview.csv,no_cost_truth,missing_cost,none,,no_cost,missing_cost,MISSING_MARKET_CONTEXT,0,False,False,False,False,False,inactive_status,wait,"LOW_CONFIDENCE_MARKET_CONTEXT,SALE_STATUS_NOT_ACTIVE",0,0,,inactive_sale_status,inactive_sale_status,True,True,True,True,True,True,True,True,True,True,False,False,False,False,True,True,False,False,False,False,False,False,False,False,False,False,False,False,False
2026-04-04T13:58:53Z,12-749B-9EB5,B084HZRR8G,985 49830,ABGee,dropped,inactive,live,live_cost_inputs,live_product_inputs,out/product_db_preview.csv,live_cost_truth,last_purchase_price,medium,7.59,last_purchase_fallback,last_purchase_price,MISSING_MARKET_CONTEXT,0,False,True,False,False,False,inactive_status,wait,"LOW_CONFIDENCE_MARKET_CONTEXT,SALE_STATUS_NOT_ACTIVE",0,0,,inactive_sale_status,inactive_sale_status,True,False,False,True,True,True,True,True,True,True,True,False,False,False,True,True,False,False,False,False,False,False,False,False,False,False,False,False,False
2026-04-04T13:58:53Z,WT-LPJW-NOXR,,985 48186,ABGee,dropped,inactive,live,live_cost_inputs,live_product_inputs,out/product_db_preview.csv,live_cost_truth,last_purchase_price,medium,7.59,last_purchase_fallback,last_purchase_price,MISSING_MARKET_CONTEXT,0,False,True,False,False,False,inactive_status,wait,"LOW_CONFIDENCE_MARKET_CONTEXT,SALE_STATUS_NOT_ACTIVE",0,0,,inactive_sale_status,inactive_sale_status,True,False,False,True,True,True,True,True,True,True,True,False,False,False,True,True,False,False,False,False,False,False,False,False,False,False,False,False,False
2026-04-04T13:58:53Z,BF-EX14-XMNB,,985 72185,ABGee,dropped,inactive,live,live_mode_missing_cost,live_product_inputs,out/product_db_preview.csv,no_cost_truth,missing_cost,none,,no_cost,missing_cost,MISSING_MARKET_CONTEXT,0,False,False,False,False,False,inactive_status,wait,"LOW_CONFIDENCE_MARKET_CONTEXT,SALE_STATUS_NOT_ACTIVE",0,0,,inactive_sale_status,inactive_sale_status,True,True,True,True,True,True,True,True,True,True,False,False,False,False,True,True,False,False,False,False,False,False,False,False,False,False,False,False,False
2026-04-04T13:58:53Z,WB-6YBC-16X8,,985 49695,ABGee,dropped,inactive,live,live_cost_inputs,live_product_inputs,out/product_db_preview.csv,live_cost_truth,last_purchase_price,medium,7.59,last_purchase_fallback,last_purchase_price,MISSING_MARKET_CONTEXT,0,False,True,False,False,False,inactive_status,wait,"LOW_CONFIDENCE_MARKET_CONTEXT,SALE_STATUS_NOT_ACTIVE",0,0,,inactive_sale_status,inactive_sale_status,True,False,False,True,True,True,True,True,True,True,True,False,False,False,True,True,False,False,False,False,False,False,False,False,False,False,False,False,False
2026-04-04T13:58:53Z,5B-DQES-2T3E,,,ABGee,dropped,inactive,live,live_mode_missing_cost,live_product_inputs,out/product_db_preview.csv,no_cost_truth,missing_cost,none,,no_cost,missing_cost,MISSING_MARKET_CONTEXT,0,False,False,False,False,False,inactive_status,wait,"LOW_CONFIDENCE_MARKET_CONTEXT,SALE_STATUS_NOT_ACTIVE",0,0,,inactive_sale_status,inactive_sale_status,True,True,True,True,True,True,True,True,True,True,False,False,False,False,True,True,False,False,False,False,False,False,False,False,False,False,False,False,False
2026-04-04T13:58:53Z,BJ-1TEF-1BUZ,,,ABGee,dropped,inactive,live,live_mode_missing_cost,live_product_inputs,out/product_db_preview.csv,no_cost_truth,missing_cost,none,,no_cost,missing_cost,MISSING_MARKET_CONTEXT,0,False,False,False,False,False,inactive_status,wait,"LOW_CONFIDENCE_MARKET_CONTEXT,SALE_STATUS_NOT_ACTIVE",0,0,,inactive_sale_status,inactive_sale_status,True,True,True,True,True,True,True,True,True,True,False,False,False,False,True,True,False,False,False,False,False,False,False,False,False,False,False,False,False
2026-04-04T13:58:53Z,2S-T29M-BDIZ,,985 28806,ABGee,dropped,inactive,live,live_cost_inputs,live_product_inputs,out/product_db_preview.csv,live_cost_truth,last_purchase_price,medium,7.59,last_purchase_fallback,last_purchase_price,MISSING_MARKET_CONTEXT,0,False,True,False,False,False,inactive_status,wait,"LOW_CONFIDENCE_MARKET_CONTEXT,SALE_STATUS_NOT_ACTIVE",0,0,,inactive_sale_status,inactive_sale_status,True,False,False,True,True,True,True,True,True,True,True,False,False,False,True,True,False,False,False,False,False,False,False,False,False,False,False,False,False
2026-04-04T13:58:53Z,DY-51D1-CSIX,,520 02224,ABGee,dropped,inactive,live,live_cost_inputs,live_product_inputs,out/product_db_preview.csv,live_cost_truth,last_purchase_price,medium,2.5,last_purchase_fallback,last_purchase_price,MISSING_MARKET_CONTEXT,0,False,True,False,False,False,inactive_status,wait,"LOW_CONFIDENCE_MARKET_CONTEXT,SALE_STATUS_NOT_ACTIVE",0,0,,inactive_sale_status,inactive_sale_status,True,False,False,True,True,True,True,True,True,True,True,False,False,False,True,True,False,False,False,False,False,False,False,False,False,False,False,False,False
2026-04-04T13:58:53Z,09-CZ59-Q6OR,B09BR88BPW,,DHB,dropped,inactive,live,live_mode_missing_cost,live_product_inputs,out/product_db_preview.csv,no_cost_truth,missing_cost,none,,no_cost,missing_cost,MISSING_MARKET_CONTEXT,0,False,False,False,False,False,inactive_status,wait,"LOW_CONFIDENCE_MARKET_CONTEXT,SALE_STATUS_NOT_ACTIVE",0,0,,inactive_sale_status,inactive_sale_status,True,True,True,True,True,True,True,True,True,True,False,False,False,False,True,True,False,False,False,False,False,False,False,False,False,False,False,False,False
2026-04-04T13:58:53Z,B2-5FFM-153A,,,ABGee,dropped,inactive,live,live_mode_missing_cost,live_product_inputs,out/product_db_preview.csv,no_cost_truth,missing_cost,none,,no_cost,missing_cost,MISSING_MARKET_CONTEXT,0,False,False,False,False,False,inactive_status,wait,"LOW_CONFIDENCE_MARKET_CONTEXT,SALE_STATUS_NOT_ACTIVE",0,0,,inactive_sale_status,inactive_sale_status,True,True,True,True,True,True,True,True,True,True,False,False,False,False,True,True,False,False,False,False,False,False,False,False,False,False,False,False,False
2026-04-04T13:58:53Z,XI-DUS3-PXC9,,413674,ABGee,dropped,inactive,live,live_mode_missing_cost,live_product_inputs,out/product_db_preview.csv,no_cost_truth,missing_cost,none,,no_cost,missing_cost,MISSING_MARKET_CONTEXT,0,False,False,False,False,False,inactive_status,wait,"LOW_CONFIDENCE_MARKET_CONTEXT,SALE_STATUS_NOT_ACTIVE",0,0,,inactive_sale_status,inactive_sale_status,True,True,True,True,True,True,True,True,True,True,False,False,False,False,True,True,False,False,False,False,False,False,False,False,False,False,False,False,False
2026-04-04T13:58:53Z,0T-LQK2-KFCY,B0CBNNKLYJ,,ABGee,dropped,inactive,live,live_mode_missing_cost,live_product_inputs,out/product_db_preview.csv,no_cost_truth,missing_cost,none,,no_cost,missing_cost,MISSING_MARKET_CONTEXT,0,False,False,False,False,False,inactive_status,wait,"LOW_CONFIDENCE_MARKET_CONTEXT,SALE_STATUS_NOT_ACTIVE",0,0,,inactive_sale_status,inactive_sale_status,True,True,True,True,True,True,True,True,True,True,False,False,False,False,True,True,False,False,False,False,False,False,False,False,False,False,False,False,False
2026-04-04T13:58:53Z,OL-F41R-EZEF,,,ABGee,dropped,inactive,live,live_mode_missing_cost,live_product_inputs,out/product_db_preview.csv,no_cost_truth,missing_cost,none,,no_cost,missing_cost,MISSING_MARKET_CONTEXT,0,False,False,False,False,False,inactive_status,wait,"LOW_CONFIDENCE_MARKET_CONTEXT,SALE_STATUS_NOT_ACTIVE",0,0,,inactive_sale_status,inactive_sale_status,True,True,True,True,True,True,True,True,True,True,False,False,False,False,True,True,False,False,False,False,False,False,False,False,False,False,False,False,False
2026-04-04T13:58:53Z,NC-MA70-7OJ9,,,ABGee,dropped,inactive,live,live_mode_missing_cost,live_product_inputs,out/product_db_preview.csv,no_cost_truth,missing_cost,none,,no_cost,missing_cost,MISSING_MARKET_CONTEXT,0,False,False,False,False,False,inactive_status,wait,"LOW_CONFIDENCE_MARKET_CONTEXT,SALE_STATUS_NOT_ACTIVE",0,0,,inactive_sale_status,inactive_sale_status,True,True,True,True,True,True,True,True,True,True,False,False,False,False,True,True,False,False,False,False,False,False,False,False,False,False,False,False,False
2026-04-04T13:58:53Z,T7-NZWY-R44R,,,ABGee,dropped,inactive,live,live_mode_missing_cost,live_product_inputs,out/product_db_preview.csv,no_cost_truth,missing_cost,none,,no_cost,missing_cost,MISSING_MARKET_CONTEXT,0,False,False,False,False,False,inactive_status,wait,"LOW_CONFIDENCE_MARKET_CONTEXT,SALE_STATUS_NOT_ACTIVE",0,0,,inactive_sale_status,inactive_sale_status,True,True,True,True,True,True,True,True,True,True,False,False,False,False,True,True,False,False,False,False,False,False,False,False,False,False,False,False,False
2026-04-04T13:58:53Z,I2-OJSR-TKZ6,,,ABGee,dropped,inactive,live,live_mode_missing_cost,live_product_inputs,out/product_db_preview.csv,no_cost_truth,missing_cost,none,,no_cost,missing_cost,MISSING_MARKET_CONTEXT,0,False,False,False,False,False,inactive_status,wait,"LOW_CONFIDENCE_MARKET_CONTEXT,SALE_STATUS_NOT_ACTIVE",0,0,,inactive_sale_status,inactive_sale_status,True,True,True,True,True,True,True,True,True,True,False,False,False,False,True,True,False,False,False,False,False,False,False,False,False,False,False,False,False
2026-04-04T13:58:53Z,9C-ZLCN-WWGK,,985 5862,ABGee,dropped,inactive,live,live_cost_inputs,live_product_inputs,out/product_db_preview.csv,live_cost_truth,last_purchase_price,medium,7.59,last_purchase_fallback,last_purchase_price,MISSING_MARKET_CONTEXT,0,False,True,False,False,False,inactive_status,wait,"LOW_CONFIDENCE_MARKET_CONTEXT,SALE_STATUS_NOT_ACTIVE",0,0,,inactive_sale_status,inactive_sale_status,True,False,False,True,True,True,True,True,True,True,True,False,False,False,True,True,False,False,False,False,False,False,False,False,False,False,False,False,False
2026-04-04T13:58:53Z,6L-LO0H-2WGF,,198 3202,ABGee,dropped,inactive,live,live_cost_inputs,live_product_inputs,out/product_db_preview.csv,live_cost_truth,last_purchase_price,medium,3.33,last_purchase_fallback,last_purchase_price,MISSING_MARKET_CONTEXT,0,False,True,False,False,False,inactive_status,wait,"LOW_CONFIDENCE_MARKET_CONTEXT,SALE_STATUS_NOT_ACTIVE",0,0,,inactive_sale_status,inactive_sale_status,True,False,False,True,True,True,True,True,True,True,True,False,False,False,True,True,False,False,False,False,False,False,False,False,False,False,False,False,False
2026-04-04T13:58:53Z,7C-XI7G-FMUU,,985 36391,ABGee,dropped,inactive,live,live_cost_inputs,live_product_inputs,out/product_db_preview.csv,live_cost_truth,last_purchase_price,medium,7.59,last_purchase_fallback,last_purchase_price,MISSING_MARKET_CONTEXT,0,False,True,False,False,False,inactive_status,wait,"LOW_CONFIDENCE_MARKET_CONTEXT,SALE_STATUS_NOT_ACTIVE",0,0,,inactive_sale_status,inactive_sale_status,True,False,False,True,True,True,True,True,True,True,True,False,False,False,True,True,False,False,False,False,False,False,False,False,False,False,False,False,False
2026-04-04T13:58:53Z,W7-F06R-CW3C,,,ABGee,dropped,inactive,live,live_mode_missing_cost,live_product_inputs,out/product_db_preview.csv,no_cost_truth,missing_cost,none,,no_cost,missing_cost,MISSING_MARKET_CONTEXT,0,False,False,False,False,False,inactive_status,wait,"LOW_CONFIDENCE_MARKET_CONTEXT,SALE_STATUS_NOT_ACTIVE",0,0,,inactive_sale_status,inactive_sale_status,True,True,True,True,True,True,True,True,True,True,False,False,False,False,True,True,False,False,False,False,False,False,False,False,False,False,False,False,False
2026-04-04T13:58:53Z,D6-Y4EX-C9HL,,,ABGee,dropped,inactive,live,live_mode_missing_cost,live_product_inputs,out/product_db_preview.csv,no_cost_truth,missing_cost,none,,no_cost,missing_cost,MISSING_MARKET_CONTEXT,0,False,False,False,False,False,inactive_status,wait,"LOW_CONFIDENCE_MARKET_CONTEXT,SALE_STATUS_NOT_ACTIVE",0,0,,inactive_sale_status,inactive_sale_status,True,True,True,True,True,True,True,True,True,True,False,False,False,False,True,True,False,False,False,False,False,False,False,False,False,False,False,False,False
2026-04-04T13:58:53Z,NB-UWOU-68PW,,,ABGee,dropped,inactive,live,live_mode_missing_cost,live_product_inputs,out/product_db_preview.csv,no_cost_truth,missing_cost,none,,no_cost,missing_cost,MISSING_MARKET_CONTEXT,0,False,False,False,False,False,inactive_status,wait,"LOW_CONFIDENCE_MARKET_CONTEXT,SALE_STATUS_NOT_ACTIVE",0,0,,inactive_sale_status,inactive_sale_status,True,True,True,True,True,True,True,True,True,True,False,False,False,False,True,True,False,False,False,False,False,False,False,False,False,False,False,False,False
2026-04-04T13:58:53Z,QG-6O1N-7HTR,,,ABGee,dropped,inactive,live,live_mode_missing_cost,live_product_inputs,out/product_db_preview.csv,no_cost_truth,missing_cost,none,,no_cost,missing_cost,MISSING_MARKET_CONTEXT,0,False,False,False,False,False,inactive_status,wait,"LOW_CONFIDENCE_MARKET_CONTEXT,SALE_STATUS_NOT_ACTIVE",0,0,,inactive_sale_status,inactive_sale_status,True,True,True,True,True,True,True,True,True,True,False,False,False,False,True,True,False,False,False,False,False,False,False,False,False,False,False,False,False
2026-04-04T13:58:53Z,E7-LAKI-9FEO,,,ABGee,dropped,inactive,live,live_mode_missing_cost,live_product_inputs,out/product_db_preview.csv,no_cost_truth,missing_cost,none,,no_cost,missing_cost,MISSING_MARKET_CONTEXT,0,False,False,False,False,False,inactive_status,wait,"LOW_CONFIDENCE_MARKET_CONTEXT,SALE_STATUS_NOT_ACTIVE",0,0,,inactive_sale_status,inactive_sale_status,True,True,True,True,True,True,True,True,True,True,False,False,False,False,True,True,False,False,False,False,False,False,False,False,False,False,False,False,False
2026-04-04T13:58:53Z,FQ-DRSZ-XVJI,,,ABGee,dropped,inactive,live,live_mode_missing_cost,live_product_inputs,out/product_db_preview.csv,no_cost_truth,missing_cost,none,,no_cost,missing_cost,MISSING_MARKET_CONTEXT,0,False,False,False,False,False,inactive_status,wait,"LOW_CONFIDENCE_MARKET_CONTEXT,SALE_STATUS_NOT_ACTIVE",0,0,,inactive_sale_status,inactive_sale_status,True,True,True,True,True,True,True,True,True,True,False,False,False,False,True,True,False,False,False,False,False,False,False,False,False,False,False,False,False
2026-04-04T13:58:53Z,WY-Z6LP-JOMV,,542 12001074,ABGee,dropped,inactive,live,live_mode_missing_cost,live_product_inputs,out/product_db_preview.csv,no_cost_truth,missing_cost,none,,no_cost,missing_cost,MISSING_MARKET_CONTEXT,0,False,False,False,False,False,inactive_status,wait,"LOW_CONFIDENCE_MARKET_CONTEXT,SALE_STATUS_NOT_ACTIVE",0,0,,inactive_sale_status,inactive_sale_status,True,True,True,True,True,True,True,True,True,True,False,False,False,False,True,True,False,False,False,False,False,False,False,False,False,False,False,False,False
2026-04-04T13:58:53Z,IX-E0R5-6P6G,,,ABGee,dropped,inactive,live,live_mode_missing_cost,live_product_inputs,out/product_db_preview.csv,no_cost_truth,missing_cost,none,,no_cost,missing_cost,MISSING_MARKET_CONTEXT,0,False,False,False,False,False,inactive_status,wait,"LOW_CONFIDENCE_MARKET_CONTEXT,SALE_STATUS_NOT_ACTIVE",0,0,,inactive_sale_status,inactive_sale_status,True,True,True,True,True,True,True,True,True,True,False,False,False,False,True,True,False,False,False,False,False,False,False,False,False,False,False,False,False
2026-04-04T13:58:53Z,J7-QL4P-4SOM,,,ABGee,dropped,inactive,live,live_mode_missing_cost,live_product_inputs,out/product_db_preview.csv,no_cost_truth,missing_cost,none,,no_cost,missing_cost,MISSING_MARKET_CONTEXT,0,False,False,False,False,False,inactive_status,wait,"LOW_CONFIDENCE_MARKET_CONTEXT,SALE_STATUS_NOT_ACTIVE",0,0,,inactive_sale_status,inactive_sale_status,True,True,True,True,True,True,True,True,True,True,False,False,False,False,True,True,False,False,False,False,False,False,False,False,False,False,False,False,False
2026-04-04T13:58:53Z,UF-8XYI-JUTX,,,ABGee,dropped,inactive,live,live_mode_missing_cost,live_product_inputs,out/product_db_preview.csv,no_cost_truth,missing_cost,none,,no_cost,missing_cost,MISSING_MARKET_CONTEXT,0,False,False,False,False,False,inactive_status,wait,"LOW_CONFIDENCE_MARKET_CONTEXT,SALE_STATUS_NOT_ACTIVE",0,0,,inactive_sale_status,inactive_sale_status,True,True,True,True,True,True,True,True,True,True,False,False,False,False,True,True,False,False,False,False,False,False,False,False,False,False,False,False,False
2026-04-04T13:58:53Z,LG-AZOP-KOUU,,,ABGee,dropped,inactive,live,live_mode_missing_cost,live_product_inputs,out/product_db_preview.csv,no_cost_truth,missing_cost,none,,no_cost,missing_cost,MISSING_MARKET_CONTEXT,0,False,False,False,False,False,inactive_status,wait,"LOW_CONFIDENCE_MARKET_CONTEXT,SALE_STATUS_NOT_ACTIVE",0,0,,inactive_sale_status,inactive_sale_status,True,True,True,True,True,True,True,True,True,True,False,False,False,False,True,True,False,False,False,False,False,False,False,False,False,False,False,False,False
2026-04-04T13:58:53Z,0K-6BX5-D5AH,B093WHTJL7,856 PSTSP414IN0,ABGee,dropped,inactive,live,live_cost_inputs,live_product_inputs,out/product_db_preview.csv,live_cost_truth,last_purchase_price,medium,7.51,last_purchase_fallback,last_purchase_price,MISSING_MARKET_CONTEXT,0,False,True,False,False,False,inactive_status,wait,"LOW_CONFIDENCE_MARKET_CONTEXT,SALE_STATUS_NOT_ACTIVE",0,0,,inactive_sale_status,inactive_sale_status,True,False,False,True,True,True,True,True,True,True,True,False,False,False,True,True,False,False,False,False,False,False,False,False,False,False,False,False,False
2026-04-04T13:58:53Z,Z3-HICR-CPBW,,985 59686,ABGee,dropped,inactive,live,live_cost_inputs,live_product_inputs,out/product_db_preview.csv,live_cost_truth,last_purchase_price,medium,7.76,last_purchase_fallback,last_purchase_price,MISSING_MARKET_CONTEXT,0,False,True,False,False,False,inactive_status,wait,"LOW_CONFIDENCE_MARKET_CONTEXT,SALE_STATUS_NOT_ACTIVE",0,0,,inactive_sale_status,inactive_sale_status,True,False,False,True,True,True,True,True,True,True,True,False,False,False,True,True,False,False,False,False,False,False,False,False,False,False,False,False,False
2026-04-04T13:58:53Z,OO-KLJU-ZBO9,,985 62221,ABGee,dropped,inactive,live,live_cost_inputs,live_product_inputs,out/product_db_preview.csv,live_cost_truth,last_purchase_price,medium,7.59,last_purchase_fallback,last_purchase_price,MISSING_MARKET_CONTEXT,0,False,True,False,False,False,inactive_status,wait,"LOW_CONFIDENCE_MARKET_CONTEXT,SALE_STATUS_NOT_ACTIVE",0,0,,inactive_sale_status,inactive_sale_status,True,False,False,True,True,True,True,True,True,True,True,False,False,False,True,True,False,False,False,False,False,False,False,False,False,False,False,False,False
2026-04-04T13:58:53Z,UL-6G4Z-72JE,,198 3209,ABGee,dropped,inactive,live,live_cost_inputs,live_product_inputs,out/product_db_preview.csv,live_cost_truth,last_purchase_price,medium,3.33,last_purchase_fallback,last_purchase_price,MISSING_MARKET_CONTEXT,0,False,True,False,False,False,inactive_status,wait,"LOW_CONFIDENCE_MARKET_CONTEXT,SALE_STATUS_NOT_ACTIVE",0,0,,inactive_sale_status,inactive_sale_status,True,False,False,True,True,True,True,True,True,True,True,False,False,False,True,True,False,False,False,False,False,False,False,False,False,False,False,False,False
2026-04-04T13:58:53Z,2K-6X85-CXUL,,,ABGee,dropped,inactive,live,live_mode_missing_cost,live_product_inputs,out/product_db_preview.csv,no_cost_truth,missing_cost,none,,no_cost,missing_cost,MISSING_MARKET_CONTEXT,0,False,False,False,False,False,inactive_status,wait,"LOW_CONFIDENCE_MARKET_CONTEXT,SALE_STATUS_NOT_ACTIVE",0,0,,inactive_sale_status,inactive_sale_status,True,True,True,True,True,True,True,True,True,True,False,False,False,False,True,True,False,False,False,False,False,False,False,False,False,False,False,False,False
2026-04-04T13:58:53Z,MF-MNIN-FGXW,,,ABGee,dropped,inactive,live,live_mode_missing_cost,live_product_inputs,out/product_db_preview.csv,no_cost_truth,missing_cost,none,,no_cost,missing_cost,MISSING_MARKET_CONTEXT,0,False,False,False,False,False,inactive_status,wait,"LOW_CONFIDENCE_MARKET_CONTEXT,SALE_STATUS_NOT_ACTIVE",0,0,,inactive_sale_status,inactive_sale_status,True,True,True,True,True,True,True,True,True,True,False,False,False,False,True,True,False,False,False,False,False,False,False,False,False,False,False,False,False
2026-04-04T13:58:53Z,FQ-MTRD-YPII,,,ABGee,dropped,inactive,live,live_mode_missing_cost,live_product_inputs,out/product_db_preview.csv,no_cost_truth,missing_cost,none,,no_cost,missing_cost,MISSING_MARKET_CONTEXT,0,False,False,False,False,False,inactive_status,wait,"LOW_CONFIDENCE_MARKET_CONTEXT,SALE_STATUS_NOT_ACTIVE",0,0,,inactive_sale_status,inactive_sale_status,True,True,True,True,True,True,True,True,True,True,False,False,False,False,True,True,False,False,False,False,False,False,False,False,False,False,False,False,False
2026-04-04T13:58:53Z,8N-T5OY-DSW9,,,ABGee,dropped,inactive,live,live_mode_missing_cost,live_product_inputs,out/product_db_preview.csv,no_cost_truth,missing_cost,none,,no_cost,missing_cost,MISSING_MARKET_CONTEXT,0,False,False,False,False,False,inactive_status,wait,"LOW_CONFIDENCE_MARKET_CONTEXT,SALE_STATUS_NOT_ACTIVE",0,0,,inactive_sale_status,inactive_sale_status,True,True,True,True,True,True,True,True,True,True,False,False,False,False,True,True,False,False,False,False,False,False,False,False,False,False,False,False,False
2026-04-04T13:58:53Z,JE-NHAA-HEYR,,,ABGee,dropped,inactive,live,live_mode_missing_cost,live_product_inputs,out/product_db_preview.csv,no_cost_truth,missing_cost,none,,no_cost,missing_cost,MISSING_MARKET_CONTEXT,0,False,False,False,False,False,inactive_status,wait,"LOW_CONFIDENCE_MARKET_CONTEXT,SALE_STATUS_NOT_ACTIVE",0,0,,inactive_sale_status,inactive_sale_status,True,True,True,True,True,True,True,True,True,True,False,False,False,False,True,True,False,False,False,False,False,False,False,False,False,False,False,False,False
2026-04-04T13:58:53Z,6V-0L0T-OF72,,930 1108,ABGee,dropped,inactive,live,live_cost_inputs,live_product_inputs,out/product_db_preview.csv,live_cost_truth,last_purchase_price,medium,10,last_purchase_fallback,last_purchase_price,MISSING_MARKET_CONTEXT,0,False,True,False,False,False,inactive_status,wait,"LOW_CONFIDENCE_MARKET_CONTEXT,SALE_STATUS_NOT_ACTIVE",0,0,,inactive_sale_status,inactive_sale_status,True,False,False,True,True,True,True,True,True,True,True,False,False,False,True,True,False,False,False,False,False,False,False,False,False,False,False,False,False
2026-04-04T13:58:53Z,IQ-PR7Z-1RKG,,888 PKW0167,ABGee,dropped,inactive,live,live_cost_inputs,live_product_inputs,out/product_db_preview.csv,live_cost_truth,last_purchase_price,medium,7,last_purchase_fallback,last_purchase_price,MISSING_MARKET_CONTEXT,0,False,True,False,False,False,inactive_status,wait,"LOW_CONFIDENCE_MARKET_CONTEXT,SALE_STATUS_NOT_ACTIVE",0,0,,inactive_sale_status,inactive_sale_status,True,False,False,True,True,True,True,True,True,True,True,False,False,False,True,True,False,False,False,False,False,False,False,False,False,False,False,False,False
2026-04-04T13:58:53Z,A9-31T9-JF3W,,,ABGee,dropped,inactive,live,live_mode_missing_cost,live_product_inputs,out/product_db_preview.csv,no_cost_truth,missing_cost,none,,no_cost,missing_cost,MISSING_MARKET_CONTEXT,0,False,False,False,False,False,inactive_status,wait,"LOW_CONFIDENCE_MARKET_CONTEXT,SALE_STATUS_NOT_ACTIVE",0,0,,inactive_sale_status,inactive_sale_status,True,True,True,True,True,True,True,True,True,True,False,False,False,False,True,True,False,False,False,False,False,False,False,False,False,False,False,False,False
2026-04-04T13:58:53Z,TT-1DQK-CJFF,,,ABGee,dropped,inactive,live,live_mode_missing_cost,live_product_inputs,out/product_db_preview.csv,no_cost_truth,missing_cost,none,,no_cost,missing_cost,MISSING_MARKET_CONTEXT,0,False,False,False,False,False,inactive_status,wait,"LOW_CONFIDENCE_MARKET_CONTEXT,SALE_STATUS_NOT_ACTIVE",0,0,,inactive_sale_status,inactive_sale_status,True,True,True,True,True,True,True,True,True,True,False,False,False,False,True,True,False,False,False,False,False,False,False,False,False,False,False,False,False
2026-04-04T13:58:53Z,EO-RQ6J-PAPY,,,ABGee,dropped,inactive,live,live_cost_inputs,live_product_inputs,out/product_db_preview.csv,live_cost_truth,last_purchase_price,medium,7.59,last_purchase_fallback,last_purchase_price,MISSING_MARKET_CONTEXT,0,False,True,False,False,False,inactive_status,wait,"LOW_CONFIDENCE_MARKET_CONTEXT,SALE_STATUS_NOT_ACTIVE",0,0,,inactive_sale_status,inactive_sale_status,True,False,False,True,True,True,True,True,True,True,True,False,False,False,True,True,False,False,False,False,False,False,False,False,False,False,False,False,False
2026-04-04T13:58:53Z,F9-ETRB-6FVQ,,,ABGee,dropped,inactive,live,live_mode_missing_cost,live_product_inputs,out/product_db_preview.csv,no_cost_truth,missing_cost,none,,no_cost,missing_cost,MISSING_MARKET_CONTEXT,0,False,False,False,False,False,inactive_status,wait,"LOW_CONFIDENCE_MARKET_CONTEXT,SALE_STATUS_NOT_ACTIVE",0,0,,inactive_sale_status,inactive_sale_status,True,True,True,True,True,True,True,True,True,True,False,False,False,False,True,True,False,False,False,False,False,False,False,False,False,False,False,False,False
2026-04-04T13:58:53Z,10-PGVO-YV15,B01H8QOUTA,OSP54,CLF,dropped,inactive,live,live_cost_inputs,live_product_inputs,out/product_db_preview.csv,live_cost_truth,last_purchase_price,medium,2.25,last_purchase_fallback,last_purchase_price,MISSING_MARKET_CONTEXT,0,False,True,False,False,False,inactive_status,wait,"LOW_CONFIDENCE_MARKET_CONTEXT,SALE_STATUS_NOT_ACTIVE",0,0,,inactive_sale_status,inactive_sale_status,True,False,False,True,True,True,True,True,True,True,True,False,False,False,True,True,False,False,False,False,False,False,False,False,False,False,False,False,False
2026-04-04T13:58:53Z,LL-NBBZ-I90A,,,BEM,dropped,inactive,live,live_mode_missing_cost,live_product_inputs,out/product_db_preview.csv,no_cost_truth,missing_cost,none,,no_cost,missing_cost,MISSING_MARKET_CONTEXT,0,False,False,False,False,False,inactive_status,wait,"LOW_CONFIDENCE_MARKET_CONTEXT,SALE_STATUS_NOT_ACTIVE",0,0,,inactive_sale_status,inactive_sale_status,True,True,True,True,True,True,True,True,True,True,False,False,False,False,True,True,False,False,False,False,False,False,False,False,False,False,False,False,False
2026-04-04T13:58:53Z,HJ-6HB4-VVF2,,,BEM,dropped,inactive,live,live_mode_missing_cost,live_product_inputs,out/product_db_preview.csv,no_cost_truth,missing_cost,none,,no_cost,missing_cost,MISSING_MARKET_CONTEXT,0,False,False,False,False,False,inactive_status,wait,"LOW_CONFIDENCE_MARKET_CONTEXT,SALE_STATUS_NOT_ACTIVE",0,0,,inactive_sale_status,inactive_sale_status,True,True,True,True,True,True,True,True,True,True,False,False,False,False,True,True,False,False,False,False,False,False,False,False,False,False,False,False,False
2026-04-04T13:58:53Z,R7-RF9Q-9AMN,,,BEM,dropped,inactive,live,live_mode_missing_cost,live_product_inputs,out/product_db_preview.csv,no_cost_truth,missing_cost,none,,no_cost,missing_cost,MISSING_MARKET_CONTEXT,0,False,False,False,False,False,inactive_status,wait,"LOW_CONFIDENCE_MARKET_CONTEXT,SALE_STATUS_NOT_ACTIVE",0,0,,inactive_sale_status,inactive_sale_status,True,True,True,True,True,True,True,True,True,True,False,False,False,False,True,True,False,False,False,False,False,False,False,False,False,False,False,False,False
2026-04-04T13:58:53Z,9I-QC5D-QDT2,,,BEM,dropped,inactive,live,live_mode_missing_cost,live_product_inputs,out/product_db_preview.csv,no_cost_truth,missing_cost,none,,no_cost,missing_cost,MISSING_MARKET_CONTEXT,0,False,False,False,False,False,inactive_status,wait,"LOW_CONFIDENCE_MARKET_CONTEXT,SALE_STATUS_NOT_ACTIVE",0,0,,inactive_sale_status,inactive_sale_status,True,True,True,True,True,True,True,True,True,True,False,False,False,False,True,True,False,False,False,False,False,False,False,False,False,False,False,False,False
2026-04-04T13:58:53Z,26-E5TZ-WU0I,,AT-15052,Bliss Distribution,dropped,inactive,live,live_mode_missing_cost,live_product_inputs,out/product_db_preview.csv,no_cost_truth,missing_cost,none,,no_cost,missing_cost,MISSING_MARKET_CONTEXT,0,False,False,False,False,False,inactive_status,wait,"LOW_CONFIDENCE_MARKET_CONTEXT,SALE_STATUS_NOT_ACTIVE",0,0,,inactive_sale_status,inactive_sale_status,True,True,True,True,True,True,True,True,True,True,False,False,False,False,True,True,False,False,False,False,False,False,False,False,False,False,False,False,False
2026-04-04T13:58:53Z,1Q-OTO8-JG8E,B01G263L1K,AT-11009,Bliss Distribution,dropped,inactive,live,live_cost_inputs,live_product_inputs,out/product_db_preview.csv,live_cost_truth,last_purchase_price,medium,4.32,last_purchase_fallback,last_purchase_price,MISSING_MARKET_CONTEXT,0,False,True,False,False,False,inactive_status,wait,"LOW_CONFIDENCE_MARKET_CONTEXT,SALE_STATUS_NOT_ACTIVE",0,0,,inactive_sale_status,inactive_sale_status,True,False,False,True,True,True,True,True,True,True,True,False,False,False,True,True,False,False,False,False,False,False,False,False,False,False,False,False,False
2026-04-04T13:58:53Z,27-VH0D-TKGK,,,CLF,dropped,inactive,live,live_mode_missing_cost,live_product_inputs,out/product_db_preview.csv,no_cost_truth,missing_cost,none,,no_cost,missing_cost,MISSING_MARKET_CONTEXT,0,False,False,False,False,False,inactive_status,wait,"LOW_CONFIDENCE_MARKET_CONTEXT,SALE_STATUS_NOT_ACTIVE",0,0,,inactive_sale_status,inactive_sale_status,True,True,True,True,True,True,True,True,True,True,False,False,False,False,True,True,False,False,False,False,False,False,False,False,False,False,False,False,False
2026-04-04T13:58:53Z,2L-4Y1Q-E6OA,,674 05288,ABGee,dropped,inactive,live,live_cost_inputs,live_product_inputs,out/product_db_preview.csv,live_cost_truth,last_purchase_price,medium,6.2,last_purchase_fallback,last_purchase_price,MISSING_MARKET_CONTEXT,0,False,True,False,False,False,inactive_status,wait,"LOW_CONFIDENCE_MARKET_CONTEXT,SALE_STATUS_NOT_ACTIVE",0,0,,inactive_sale_status,inactive_sale_status,True,False,False,True,True,True,True,True,True,True,True,False,False,False,True,True,False,False,False,False,False,False,False,False,False,False,False,False,False
2026-04-04T13:58:53Z,ON-XPCR-TAZW,,UGD011337,Bliss Distribution,dropped,inactive,live,live_cost_inputs,live_product_inputs,out/product_db_preview.csv,live_cost_truth,last_purchase_price,medium,2.62,last_purchase_fallback,last_purchase_price,MISSING_MARKET_CONTEXT,0,False,True,False,False,False,inactive_status,wait,"LOW_CONFIDENCE_MARKET_CONTEXT,SALE_STATUS_NOT_ACTIVE",0,0,,inactive_sale_status,inactive_sale_status,True,False,False,True,True,True,True,True,True,True,True,False,False,False,True,True,False,False,False,False,False,False,False,False,False,False,False,False,False
2026-04-04T13:58:53Z,BH-QYC3-K7VG,,UGD010696,Bliss Distribution,dropped,inactive,live,live_cost_inputs,live_product_inputs,out/product_db_preview.csv,live_cost_truth,last_purchase_price,medium,4.65,last_purchase_fallback,last_purchase_price,MISSING_MARKET_CONTEXT,0,False,True,False,False,False,inactive_status,wait,"LOW_CONFIDENCE_MARKET_CONTEXT,SALE_STATUS_NOT_ACTIVE",0,0,,inactive_sale_status,inactive_sale_status,True,False,False,True,True,True,True,True,True,True,True,False,False,False,True,True,False,False,False,False,False,False,False,False,False,False,False,False,False
2026-04-04T13:58:53Z,T0-4R2M-4BLV,,E-15612,Bliss Distribution,dropped,inactive,live,live_cost_inputs,live_product_inputs,out/product_db_preview.csv,live_cost_truth,last_purchase_price,medium,4.68,last_purchase_fallback,last_purchase_price,MISSING_MARKET_CONTEXT,0,False,True,False,False,False,inactive_status,wait,"LOW_CONFIDENCE_MARKET_CONTEXT,SALE_STATUS_NOT_ACTIVE",0,0,,inactive_sale_status,inactive_sale_status,True,False,False,True,True,True,True,True,True,True,True,False,False,False,True,True,False,False,False,False,False,False,False,False,False,False,False,False,False
2026-04-04T13:58:53Z,46-MOBK-YBS1,,FK51965,Heo,dropped,inactive,live,live_cost_inputs,live_product_inputs,out/product_db_preview.csv,live_cost_truth,last_purchase_price,medium,6.84,last_purchase_fallback,last_purchase_price,MISSING_MARKET_CONTEXT,0,False,True,False,False,False,inactive_status,wait,"LOW_CONFIDENCE_MARKET_CONTEXT,SALE_STATUS_NOT_ACTIVE",0,0,,inactive_sale_status,inactive_sale_status,True,False,False,True,True,True,True,True,True,True,True,False,False,False,True,True,False,False,False,False,False,False,False,False,False,False,False,False,False
2026-04-04T13:58:53Z,NY-AI90-84GR,,UGD010896,Bliss Distribution,dropped,inactive,live,live_cost_inputs,live_product_inputs,out/product_db_preview.csv,live_cost_truth,last_purchase_price,medium,5.86,last_purchase_fallback,last_purchase_price,MISSING_MARKET_CONTEXT,0,False,True,False,False,False,inactive_status,wait,"LOW_CONFIDENCE_MARKET_CONTEXT,SALE_STATUS_NOT_ACTIVE",0,0,,inactive_sale_status,inactive_sale_status,True,False,False,True,True,True,True,True,True,True,True,False,False,False,True,True,False,False,False,False,False,False,False,False,False,False,False,False,False
2026-04-04T13:58:53Z,3Z-S01D-H4GA,,,Bliss Distribution,dropped,inactive,live,live_mode_missing_cost,live_product_inputs,out/product_db_preview.csv,no_cost_truth,missing_cost,none,,no_cost,missing_cost,MISSING_MARKET_CONTEXT,0,False,False,False,False,False,inactive_status,wait,"LOW_CONFIDENCE_MARKET_CONTEXT,SALE_STATUS_NOT_ACTIVE",0,0,,inactive_sale_status,inactive_sale_status,True,True,True,True,True,True,True,True,True,True,False,False,False,False,True,True,False,False,False,False,False,False,False,False,False,False,False,False,False
2026-04-04T13:58:53Z,2T-07RT-8IMX,B07W65T6VT,E-15219,Bliss Distribution,dropped,inactive,live,live_cost_inputs,live_product_inputs,out/product_db_preview.csv,live_cost_truth,last_purchase_price,medium,8.58,last_purchase_fallback,last_purchase_price,BUY_BOX_PRICE,1.333333,False,True,True,True,False,inactive_status,wait,SALE_STATUS_NOT_ACTIVE,0,0,115.268065,inactive_sale_status,inactive_sale_status,True,False,False,False,False,False,True,True,True,False,True,False,False,True,False,True,False,False,False,False,False,False,False,False,False,False,False,False,False
2026-04-04T13:58:53Z,66-6EUM-PSH8,,,Bliss Distribution,dropped,inactive,live,live_mode_missing_cost,live_product_inputs,out/product_db_preview.csv,no_cost_truth,missing_cost,none,,no_cost,missing_cost,MISSING_MARKET_CONTEXT,0,False,False,False,False,False,inactive_status,wait,"LOW_CONFIDENCE_MARKET_CONTEXT,SALE_STATUS_NOT_ACTIVE",0,0,,inactive_sale_status,inactive_sale_status,True,True,True,True,True,True,True,True,True,True,False,False,False,False,True,True,False,False,False,False,False,False,False,False,False,False,False,False,False
2026-04-04T13:58:53Z,CN-NR50-TSFE,B0024I0DBW,E-15146,Bliss Distribution,dropped,inactive,live,live_cost_inputs,live_product_inputs,out/product_db_preview.csv,live_cost_truth,last_purchase_price,medium,8.58,last_purchase_fallback,last_purchase_price,BUY_BOX_PRICE,0.153846,False,True,True,True,False,inactive_status,wait,SALE_STATUS_NOT_ACTIVE,0,0,115.268065,inactive_sale_status,inactive_sale_status,True,False,False,False,False,False,True,True,True,False,True,False,False,True,False,True,False,False,False,False,False,False,False,False,False,False,False,False,False
2026-04-04T13:58:53Z,0C-AOG2-B23Z,B003TYWR5K,,Bliss Distribution,dropped,inactive,live,live_mode_missing_cost,live_product_inputs,out/product_db_preview.csv,no_cost_truth,missing_cost,none,,no_cost,missing_cost,MISSING_MARKET_CONTEXT,0,False,False,False,False,False,inactive_status,wait,"LOW_CONFIDENCE_MARKET_CONTEXT,SALE_STATUS_NOT_ACTIVE",0,0,,inactive_sale_status,inactive_sale_status,True,True,True,True,True,True,True,True,True,True,False,False,False,False,True,True,False,False,False,False,False,False,False,False,False,False,False,False,False
2026-04-04T13:58:53Z,XB-PLFM-VNLX,,UGD010069,Bliss Distribution,dropped,inactive,live,live_cost_inputs,live_product_inputs,out/product_db_preview.csv,live_cost_truth,last_purchase_price,medium,0.69,last_purchase_fallback,last_purchase_price,MISSING_MARKET_CONTEXT,0,False,True,False,False,False,inactive_status,wait,"LOW_CONFIDENCE_MARKET_CONTEXT,SALE_STATUS_NOT_ACTIVE",0,0,,inactive_sale_status,inactive_sale_status,True,False,False,True,True,True,True,True,True,True,True,False,False,False,True,True,False,False,False,False,False,False,False,False,False,False,False,False,False
2026-04-04T13:58:53Z,8G-7PJ0-25UD,,,Bliss Distribution,dropped,inactive,live,live_mode_missing_cost,live_product_inputs,out/product_db_preview.csv,no_cost_truth,missing_cost,none,,no_cost,missing_cost,MISSING_MARKET_CONTEXT,0,False,False,False,False,False,inactive_status,wait,"LOW_CONFIDENCE_MARKET_CONTEXT,SALE_STATUS_NOT_ACTIVE",0,0,,inactive_sale_status,inactive_sale_status,True,True,True,True,True,True,True,True,True,True,False,False,False,False,True,True,False,False,False,False,False,False,False,False,False,False,False,False,False
2026-04-04T13:58:53Z,EH-ZRT0-U4YM,,E-84516,Bliss Distribution,dropped,inactive,live,live_cost_inputs,live_product_inputs,out/product_db_preview.csv,live_cost_truth,last_purchase_price,medium,3.17,last_purchase_fallback,last_purchase_price,MISSING_MARKET_CONTEXT,0,False,True,False,False,False,inactive_status,wait,"LOW_CONFIDENCE_MARKET_CONTEXT,SALE_STATUS_NOT_ACTIVE",0,0,,inactive_sale_status,inactive_sale_status,True,False,False,True,True,True,True,True,True,True,True,False,False,False,True,True,False,False,False,False,False,False,False,False,False,False,False,False,False
2026-04-04T13:58:53Z,7I-GPVA-PDJ6,,,Bliss Distribution,dropped,inactive,live,live_mode_missing_cost,live_product_inputs,out/product_db_preview.csv,no_cost_truth,missing_cost,none,,no_cost,missing_cost,MISSING_MARKET_CONTEXT,0,False,False,False,False,False,inactive_status,wait,"LOW_CONFIDENCE_MARKET_CONTEXT,SALE_STATUS_NOT_ACTIVE",0,0,,inactive_sale_status,inactive_sale_status,True,True,True,True,True,True,True,True,True,True,False,False,False,False,True,True,False,False,False,False,False,False,False,False,False,False,False,False,False
2026-04-04T13:58:53Z,Z7-ZI0R-NWCK,,,Bliss Distribution,dropped,inactive,live,live_mode_missing_cost,live_product_inputs,out/product_db_preview.csv,no_cost_truth,missing_cost,none,,no_cost,missing_cost,MISSING_MARKET_CONTEXT,0,False,False,False,False,False,inactive_status,wait,"LOW_CONFIDENCE_MARKET_CONTEXT,SALE_STATUS_NOT_ACTIVE",0,0,,inactive_sale_status,inactive_sale_status,True,True,True,True,True,True,True,True,True,True,False,False,False,False,True,True,False,False,False,False,False,False,False,False,False,False,False,False,False
2026-04-04T13:58:53Z,M1-UFU0-V1X3,,AT-11056,Bliss Distribution,dropped,inactive,live,live_cost_inputs,live_product_inputs,out/product_db_preview.csv,live_cost_truth,last_purchase_price,medium,4.31,last_purchase_fallback,last_purchase_price,MISSING_MARKET_CONTEXT,0,False,True,False,False,False,inactive_status,wait,"LOW_CONFIDENCE_MARKET_CONTEXT,SALE_STATUS_NOT_ACTIVE",0,0,,inactive_sale_status,inactive_sale_status,True,False,False,True,True,True,True,True,True,True,True,False,False,False,True,True,False,False,False,False,False,False,False,False,False,False,False,False,False
2026-04-04T13:58:53Z,E0-9FJI-8AD2,,AT-15063,Bliss Distribution,dropped,inactive,live,live_cost_inputs,live_product_inputs,out/product_db_preview.csv,live_cost_truth,last_purchase_price,medium,5.04,last_purchase_fallback,last_purchase_price,MISSING_MARKET_CONTEXT,0,False,True,False,False,False,inactive_status,wait,"LOW_CONFIDENCE_MARKET_CONTEXT,SALE_STATUS_NOT_ACTIVE",0,0,,inactive_sale_status,inactive_sale_status,True,False,False,True,True,True,True,True,True,True,True,False,False,False,True,True,False,False,False,False,False,False,False,False,False,False,False,False,False
2026-04-04T13:58:53Z,TL-AUNR-5YK0,,CP3003,Bliss Distribution,dropped,inactive,live,live_cost_inputs,live_product_inputs,out/product_db_preview.csv,live_cost_truth,last_purchase_price,medium,6.1,last_purchase_fallback,last_purchase_price,MISSING_MARKET_CONTEXT,0,False,True,False,False,False,inactive_status,wait,"LOW_CONFIDENCE_MARKET_CONTEXT,SALE_STATUS_NOT_ACTIVE",0,0,,inactive_sale_status,inactive_sale_status,True,False,False,True,True,True,True,True,True,True,True,False,False,False,True,True,False,False,False,False,False,False,False,False,False,False,False,False,False
2026-04-04T13:58:53Z,JQ-6JZ4-3GJ7,,,Clearance King,dropped,inactive,live,live_mode_missing_cost,live_product_inputs,out/product_db_preview.csv,no_cost_truth,missing_cost,none,,no_cost,missing_cost,MISSING_MARKET_CONTEXT,0,False,False,False,False,False,inactive_status,wait,"LOW_CONFIDENCE_MARKET_CONTEXT,SALE_STATUS_NOT_ACTIVE",0,0,,inactive_sale_status,inactive_sale_status,True,True,True,True,True,True,True,True,True,True,False,False,False,False,True,True,False,False,False,False,False,False,False,False,False,False,False,False,False
2026-04-04T13:58:53Z,GB-RXX5-97UW,,,Clearance King,dropped,inactive,live,live_mode_missing_cost,live_product_inputs,out/product_db_preview.csv,no_cost_truth,missing_cost,none,,no_cost,missing_cost,MISSING_MARKET_CONTEXT,0,False,False,False,False,False,inactive_status,wait,"LOW_CONFIDENCE_MARKET_CONTEXT,SALE_STATUS_NOT_ACTIVE",0,0,,inactive_sale_status,inactive_sale_status,True,True,True,True,True,True,True,True,True,True,False,False,False,False,True,True,False,False,False,False,False,False,False,False,False,False,False,False,False
2026-04-04T13:58:53Z,N0-JAU8-SI40,,,Clearance King,dropped,inactive,live,live_mode_missing_cost,live_product_inputs,out/product_db_preview.csv,no_cost_truth,missing_cost,none,,no_cost,missing_cost,MISSING_MARKET_CONTEXT,0,False,False,False,False,False,inactive_status,wait,"LOW_CONFIDENCE_MARKET_CONTEXT,SALE_STATUS_NOT_ACTIVE",0,0,,inactive_sale_status,inactive_sale_status,True,True,True,True,True,True,True,True,True,True,False,False,False,False,True,True,False,False,False,False,False,False,False,False,False,False,False,False,False
2026-04-04T13:58:53Z,MI-J6KS-0097,,,Clearance King,dropped,inactive,live,live_mode_missing_cost,live_product_inputs,out/product_db_preview.csv,no_cost_truth,missing_cost,none,,no_cost,missing_cost,MISSING_MARKET_CONTEXT,0,False,False,False,False,False,inactive_status,wait,"LOW_CONFIDENCE_MARKET_CONTEXT,SALE_STATUS_NOT_ACTIVE",0,0,,inactive_sale_status,inactive_sale_status,True,True,True,True,True,True,True,True,True,True,False,False,False,False,True,True,False,False,False,False,False,False,False,False,False,False,False,False,False
2026-04-04T13:58:53Z,PF-7VUQ-LIUC,,PUR6,CLF,dropped,inactive,live,live_mode_missing_cost,live_product_inputs,out/product_db_preview.csv,no_cost_truth,missing_cost,none,,no_cost,missing_cost,MISSING_MARKET_CONTEXT,0,False,False,False,False,False,inactive_status,wait,"LOW_CONFIDENCE_MARKET_CONTEXT,SALE_STATUS_NOT_ACTIVE",0,0,,inactive_sale_status,inactive_sale_status,True,True,True,True,True,True,True,True,True,True,False,False,False,False,True,True,False,False,False,False,False,False,False,False,False,False,False,False,False
2026-04-04T13:58:53Z,6E-GK4T-QBFF,,HAS-DUN52,Bliss Distribution,dropped,inactive,live,live_cost_inputs,live_product_inputs,out/product_db_preview.csv,live_cost_truth,last_purchase_price,medium,5.49,last_purchase_fallback,last_purchase_price,MISSING_MARKET_CONTEXT,0,False,True,False,False,False,inactive_status,wait,"LOW_CONFIDENCE_MARKET_CONTEXT,SALE_STATUS_NOT_ACTIVE",0,0,,inactive_sale_status,inactive_sale_status,True,False,False,True,True,True,True,True,True,True,True,False,False,False,True,True,False,False,False,False,False,False,False,False,False,False,False,False,False
2026-04-04T13:58:53Z,16-5NE0-75DT,B097F7QHFF,FIN178,CLF,dropped,inactive,live,live_cost_inputs,live_product_inputs,out/product_db_preview.csv,live_cost_truth,last_purchase_price,medium,1.46,last_purchase_fallback,last_purchase_price,MISSING_MARKET_CONTEXT,0,False,True,False,False,False,inactive_status,wait,"LOW_CONFIDENCE_MARKET_CONTEXT,SALE_STATUS_NOT_ACTIVE",0,0,,inactive_sale_status,inactive_sale_status,True,False,False,True,True,True,True,True,True,True,True,False,False,False,True,True,False,False,False,False,False,False,False,False,False,False,False,False,False
2026-04-04T13:58:53Z,7R-DKJR-F0UF,,9310346414302,Stax,dropped,inactive,live,live_cost_inputs,live_product_inputs,out/product_db_preview.csv,live_cost_truth,last_purchase_price,medium,5.87,last_purchase_fallback,last_purchase_price,MISSING_MARKET_CONTEXT,0,False,True,False,False,False,inactive_status,wait,"LOW_CONFIDENCE_MARKET_CONTEXT,SALE_STATUS_NOT_ACTIVE",0,0,,inactive_sale_status,inactive_sale_status,True,False,False,True,True,True,True,True,True,True,True,False,False,False,True,True,False,False,False,False,False,False,False,False,False,False,False,False,False
2026-04-04T13:58:53Z,7W-PCZV-CX51,,FK73415,Heo,dropped,inactive,live,live_cost_inputs,live_product_inputs,out/product_db_preview.csv,live_cost_truth,last_purchase_price,medium,7.06,last_purchase_fallback,last_purchase_price,MISSING_MARKET_CONTEXT,0,False,True,False,False,False,inactive_status,wait,"LOW_CONFIDENCE_MARKET_CONTEXT,SALE_STATUS_NOT_ACTIVE",0,0,,inactive_sale_status,inactive_sale_status,True,False,False,True,True,True,True,True,True,True,True,False,False,False,True,True,False,False,False,False,False,False,False,False,False,False,False,False,False
2026-04-04T13:58:53Z,HI-4CXM-9WVU,,HIM57,CLF,dropped,inactive,live,live_cost_inputs,live_product_inputs,out/product_db_preview.csv,live_cost_truth,last_purchase_price,medium,2.97,last_purchase_fallback,last_purchase_price,MISSING_MARKET_CONTEXT,0,False,True,False,False,False,inactive_status,wait,"LOW_CONFIDENCE_MARKET_CONTEXT,SALE_STATUS_NOT_ACTIVE",0,0,,inactive_sale_status,inactive_sale_status,True,False,False,True,True,True,True,True,True,True,True,False,False,False,True,True,False,False,False,False,False,False,False,False,False,False,False,False,False
2026-04-04T13:58:53Z,JC-NYJZ-DIWR,,,CLF,dropped,inactive,live,live_mode_missing_cost,live_product_inputs,out/product_db_preview.csv,no_cost_truth,missing_cost,none,,no_cost,missing_cost,MISSING_MARKET_CONTEXT,0,False,False,False,False,False,inactive_status,wait,"LOW_CONFIDENCE_MARKET_CONTEXT,SALE_STATUS_NOT_ACTIVE",0,0,,inactive_sale_status,inactive_sale_status,True,True,True,True,True,True,True,True,True,True,False,False,False,False,True,True,False,False,False,False,False,False,False,False,False,False,False,False,False
2026-04-04T13:58:53Z,FX-3YH6-IF6A,,,CLF,dropped,inactive,live,live_mode_missing_cost,live_product_inputs,out/product_db_preview.csv,no_cost_truth,missing_cost,none,,no_cost,missing_cost,MISSING_MARKET_CONTEXT,0,False,False,False,False,False,inactive_status,wait,"LOW_CONFIDENCE_MARKET_CONTEXT,SALE_STATUS_NOT_ACTIVE",0,0,,inactive_sale_status,inactive_sale_status,True,True,True,True,True,True,True,True,True,True,False,False,False,False,True,True,False,False,False,False,False,False,False,False,False,False,False,False,False
2026-04-04T13:58:53Z,PZ-X5VL-NVBR,,TIP-05011,CLF,dropped,inactive,live,live_cost_inputs,live_product_inputs,out/product_db_preview.csv,live_cost_truth,last_purchase_price,medium,2.76,last_purchase_fallback,last_purchase_price,MISSING_MARKET_CONTEXT,0,False,True,False,False,False,inactive_status,wait,"LOW_CONFIDENCE_MARKET_CONTEXT,SALE_STATUS_NOT_ACTIVE",0,0,,inactive_sale_status,inactive_sale_status,True,False,False,True,True,True,True,True,True,True,True,False,False,False,True,True,False,False,False,False,False,False,False,False,False,False,False,False,False
2026-04-04T13:58:53Z,AY-LA00-LUJD,,MER-15579050,CLF,dropped,inactive,live,live_mode_missing_cost,live_product_inputs,out/product_db_preview.csv,no_cost_truth,missing_cost,none,,no_cost,missing_cost,MISSING_MARKET_CONTEXT,0,False,False,False,False,False,inactive_status,wait,"LOW_CONFIDENCE_MARKET_CONTEXT,SALE_STATUS_NOT_ACTIVE",0,0,,inactive_sale_status,inactive_sale_status,True,True,True,True,True,True,True,True,True,True,False,False,False,False,True,True,False,False,False,False,False,False,False,False,False,False,False,False,False
2026-04-04T13:58:53Z,3L-LSBT-PRST,,HIM30,CLF,dropped,inactive,live,live_cost_inputs,live_product_inputs,out/product_db_preview.csv,live_cost_truth,last_purchase_price,medium,2.2,last_purchase_fallback,last_purchase_price,MISSING_MARKET_CONTEXT,0,False,True,False,False,False,inactive_status,wait,"LOW_CONFIDENCE_MARKET_CONTEXT,SALE_STATUS_NOT_ACTIVE",0,0,,inactive_sale_status,inactive_sale_status,True,False,False,True,True,True,True,True,True,True,True,False,False,False,True,True,False,False,False,False,False,False,False,False,False,False,False,False,False
2026-04-04T13:58:53Z,PF-9T40-Q7YW,,,CLF,dropped,inactive,live,live_mode_missing_cost,live_product_inputs,out/product_db_preview.csv,no_cost_truth,missing_cost,none,,no_cost,missing_cost,MISSING_MARKET_CONTEXT,0,False,False,False,False,False,inactive_status,wait,"LOW_CONFIDENCE_MARKET_CONTEXT,SALE_STATUS_NOT_ACTIVE",0,0,,inactive_sale_status,inactive_sale_status,True,True,True,True,True,True,True,True,True,True,False,False,False,False,True,True,False,False,False,False,False,False,False,False,False,False,False,False,False
2026-04-04T13:58:53Z,PQ-SCCQ-7RCR,,,CLF,dropped,inactive,live,live_mode_missing_cost,live_product_inputs,out/product_db_preview.csv,no_cost_truth,missing_cost,none,,no_cost,missing_cost,MISSING_MARKET_CONTEXT,0,False,False,False,False,False,inactive_status,wait,"LOW_CONFIDENCE_MARKET_CONTEXT,SALE_STATUS_NOT_ACTIVE",0,0,,inactive_sale_status,inactive_sale_status,True,True,True,True,True,True,True,True,True,True,False,False,False,False,True,True,False,False,False,False,False,False,False,False,False,False,False,False,False
2026-04-04T13:58:53Z,YM-HLZL-A3XS,,,CLF,dropped,inactive,live,live_mode_missing_cost,live_product_inputs,out/product_db_preview.csv,no_cost_truth,missing_cost,none,,no_cost,missing_cost,MISSING_MARKET_CONTEXT,0,False,False,False,False,False,inactive_status,wait,"LOW_CONFIDENCE_MARKET_CONTEXT,SALE_STATUS_NOT_ACTIVE",0,0,,inactive_sale_status,inactive_sale_status,True,True,True,True,True,True,True,True,True,True,False,False,False,False,True,True,False,False,False,False,False,False,False,False,False,False,False,False,False
2026-04-04T13:58:53Z,HN-13OB-TAYD,,,CLF,dropped,inactive,live,live_mode_missing_cost,live_product_inputs,out/product_db_preview.csv,no_cost_truth,missing_cost,none,,no_cost,missing_cost,MISSING_MARKET_CONTEXT,0,False,False,False,False,False,inactive_status,wait,"LOW_CONFIDENCE_MARKET_CONTEXT,SALE_STATUS_NOT_ACTIVE",0,0,,inactive_sale_status,inactive_sale_status,True,True,True,True,True,True,True,True,True,True,False,False,False,False,True,True,False,False,False,False,False,False,False,False,False,False,False,False,False
2026-04-04T13:58:53Z,RF-3X39-FYXB,,OSP56,CLF,dropped,inactive,live,live_mode_missing_cost,live_product_inputs,out/product_db_preview.csv,no_cost_truth,missing_cost,none,,no_cost,missing_cost,MISSING_MARKET_CONTEXT,0,False,False,False,False,False,inactive_status,wait,"LOW_CONFIDENCE_MARKET_CONTEXT,SALE_STATUS_NOT_ACTIVE",0,0,,inactive_sale_status,inactive_sale_status,True,True,True,True,True,True,True,True,True,True,False,False,False,False,True,True,False,False,False,False,False,False,False,False,False,False,False,False,False
2026-04-04T13:58:53Z,CQ-GZA7-CZBW,,HIM30,CLF,dropped,inactive,live,live_cost_inputs,live_product_inputs,out/product_db_preview.csv,live_cost_truth,last_purchase_price,medium,4.4,last_purchase_fallback,last_purchase_price,MISSING_MARKET_CONTEXT,0,False,True,False,False,False,inactive_status,wait,"LOW_CONFIDENCE_MARKET_CONTEXT,SALE_STATUS_NOT_ACTIVE",0,0,,inactive_sale_status,inactive_sale_status,True,False,False,True,True,True,True,True,True,True,True,False,False,False,True,True,False,False,False,False,False,False,False,False,False,False,False,False,False
2026-04-04T13:58:53Z,WN-BBR4-67NP,,,CLF,dropped,inactive,live,live_mode_missing_cost,live_product_inputs,out/product_db_preview.csv,no_cost_truth,missing_cost,none,,no_cost,missing_cost,MISSING_MARKET_CONTEXT,0,False,False,False,False,False,inactive_status,wait,"LOW_CONFIDENCE_MARKET_CONTEXT,SALE_STATUS_NOT_ACTIVE",0,0,,inactive_sale_status,inactive_sale_status,True,True,True,True,True,True,True,True,True,True,False,False,False,False,True,True,False,False,False,False,False,False,False,False,False,False,False,False,False
2026-04-04T13:58:53Z,6H-ZZN4-I77B,,SPC16,CLF,dropped,inactive,live,live_cost_inputs,live_product_inputs,out/product_db_preview.csv,live_cost_truth,last_purchase_price,medium,2,last_purchase_fallback,last_purchase_price,MISSING_MARKET_CONTEXT,0,False,True,False,False,False,inactive_status,wait,"LOW_CONFIDENCE_MARKET_CONTEXT,SALE_STATUS_NOT_ACTIVE",0,0,,inactive_sale_status,inactive_sale_status,True,False,False,True,True,True,True,True,True,True,True,False,False,False,True,True,False,False,False,False,False,False,False,False,False,False,False,False,False
2026-04-04T13:58:53Z,V7-HT4G-K9QH,,NOJ6,CLF,dropped,inactive,live,live_mode_missing_cost,live_product_inputs,out/product_db_preview.csv,no_cost_truth,missing_cost,none,,no_cost,missing_cost,MISSING_MARKET_CONTEXT,0,False,False,False,False,False,inactive_status,wait,"LOW_CONFIDENCE_MARKET_CONTEXT,SALE_STATUS_NOT_ACTIVE",0,0,,inactive_sale_status,inactive_sale_status,True,True,True,True,True,True,True,True,True,True,False,False,False,False,True,True,False,False,False,False,False,False,False,False,False,False,False,False,False
2026-04-04T13:58:53Z,C1-4N7O-1LWT,,,CLF,dropped,inactive,live,live_mode_missing_cost,live_product_inputs,out/product_db_preview.csv,no_cost_truth,missing_cost,none,,no_cost,missing_cost,MISSING_MARKET_CONTEXT,0,False,False,False,False,False,inactive_status,wait,"LOW_CONFIDENCE_MARKET_CONTEXT,SALE_STATUS_NOT_ACTIVE",0,0,,inactive_sale_status,inactive_sale_status,True,True,True,True,True,True,True,True,True,True,False,False,False,False,True,True,False,False,False,False,False,False,False,False,False,False,False,False,False
2026-04-04T13:58:53Z,2U-EUMC-7E5P,,BDH8,CLF,dropped,inactive,live,live_cost_inputs,live_product_inputs,out/product_db_preview.csv,live_cost_truth,last_purchase_price,medium,4.94,last_purchase_fallback,last_purchase_price,MISSING_MARKET_CONTEXT,0,False,True,False,False,False,inactive_status,wait,"LOW_CONFIDENCE_MARKET_CONTEXT,SALE_STATUS_NOT_ACTIVE",0,0,,inactive_sale_status,inactive_sale_status,True,False,False,True,True,True,True,True,True,True,True,False,False,False,True,True,False,False,False,False,False,False,False,False,False,False,False,False,False
2026-04-04T13:58:53Z,9R-YGAK-KTA0,,,Culpitt,dropped,inactive,live,live_mode_missing_cost,live_product_inputs,out/product_db_preview.csv,no_cost_truth,missing_cost,none,,no_cost,missing_cost,MISSING_MARKET_CONTEXT,0,False,False,False,False,False,inactive_status,wait,"LOW_CONFIDENCE_MARKET_CONTEXT,SALE_STATUS_NOT_ACTIVE",0,0,,inactive_sale_status,inactive_sale_status,True,True,True,True,True,True,True,True,True,True,False,False,False,False,True,True,False,False,False,False,False,False,False,False,False,False,False,False,False
2026-04-04T13:58:53Z,KG-GAQU-OLI0,,,Culpitt,dropped,inactive,live,live_mode_missing_cost,live_product_inputs,out/product_db_preview.csv,no_cost_truth,missing_cost,none,,no_cost,missing_cost,MISSING_MARKET_CONTEXT,0,False,False,False,False,False,inactive_status,wait,"LOW_CONFIDENCE_MARKET_CONTEXT,SALE_STATUS_NOT_ACTIVE",0,0,,inactive_sale_status,inactive_sale_status,True,True,True,True,True,True,True,True,True,True,False,False,False,False,True,True,False,False,False,False,False,False,False,False,False,False,False,False,False
2026-04-04T13:58:53Z,B7-9S5E-KOHG,,,Darlac,dropped,inactive,live,live_cost_inputs,live_product_inputs,out/product_db_preview.csv,live_cost_truth,last_purchase_price,medium,18.75,last_purchase_fallback,last_purchase_price,MISSING_MARKET_CONTEXT,0,False,True,False,False,False,inactive_status,wait,"LOW_CONFIDENCE_MARKET_CONTEXT,SALE_STATUS_NOT_ACTIVE",0,0,,inactive_sale_status,inactive_sale_status,True,False,False,True,True,True,True,True,True,True,True,False,False,False,True,True,False,False,False,False,False,False,False,False,False,False,False,False,False
2026-04-04T13:58:53Z,LH-LOUH-H54B,,,Darlac,dropped,inactive,live,live_mode_missing_cost,live_product_inputs,out/product_db_preview.csv,no_cost_truth,missing_cost,none,,no_cost,missing_cost,MISSING_MARKET_CONTEXT,0,False,False,False,False,False,inactive_status,wait,"LOW_CONFIDENCE_MARKET_CONTEXT,SALE_STATUS_NOT_ACTIVE",0,0,,inactive_sale_status,inactive_sale_status,True,True,True,True,True,True,True,True,True,True,False,False,False,False,True,True,False,False,False,False,False,False,False,False,False,False,False,False,False
2026-04-04T13:58:53Z,ET-D23X-A5I2,,,Darlac,dropped,inactive,live,live_mode_missing_cost,live_product_inputs,out/product_db_preview.csv,no_cost_truth,missing_cost,none,,no_cost,missing_cost,MISSING_MARKET_CONTEXT,0,False,False,False,False,False,inactive_status,wait,"LOW_CONFIDENCE_MARKET_CONTEXT,SALE_STATUS_NOT_ACTIVE",0,0,,inactive_sale_status,inactive_sale_status,True,True,True,True,True,True,True,True,True,True,False,False,False,False,True,True,False,False,False,False,False,False,False,False,False,False,False,False,False
2026-04-04T13:58:53Z,BB-JN90-IUUP,,FK63981,Heo,dropped,inactive,live,live_cost_inputs,live_product_inputs,out/product_db_preview.csv,live_cost_truth,last_purchase_price,medium,7.64,last_purchase_fallback,last_purchase_price,MISSING_MARKET_CONTEXT,0,False,True,False,False,False,inactive_status,wait,"LOW_CONFIDENCE_MARKET_CONTEXT,SALE_STATUS_NOT_ACTIVE",0,0,,inactive_sale_status,inactive_sale_status,True,False,False,True,True,True,True,True,True,True,True,False,False,False,True,True,False,False,False,False,False,False,False,False,False,False,False,False,False
2026-04-04T13:58:53Z,BU-H22U-ACK3,,VIC0221,Trilanco,dropped,inactive,live,live_cost_inputs,live_product_inputs,out/product_db_preview.csv,live_cost_truth,last_purchase_price,medium,1.99,last_purchase_fallback,last_purchase_price,MISSING_MARKET_CONTEXT,0,False,True,False,False,False,inactive_status,wait,"LOW_CONFIDENCE_MARKET_CONTEXT,SALE_STATUS_NOT_ACTIVE",0,0,,inactive_sale_status,inactive_sale_status,True,False,False,True,True,True,True,True,True,True,True,False,False,False,True,True,False,False,False,False,False,False,False,False,False,False,False,False,False
2026-04-04T13:58:53Z,3L-1I88-19GF,,CUR005,DHB,dropped,inactive,live,live_cost_inputs,live_product_inputs,out/product_db_preview.csv,live_cost_truth,last_purchase_price,medium,4.35,last_purchase_fallback,last_purchase_price,MISSING_MARKET_CONTEXT,0,False,True,False,False,False,inactive_status,wait,"LOW_CONFIDENCE_MARKET_CONTEXT,SALE_STATUS_NOT_ACTIVE",0,0,,inactive_sale_status,inactive_sale_status,True,False,False,True,True,True,True,True,True,True,True,False,False,False,True,True,False,False,False,False,False,False,False,False,False,False,False,False,False
2026-04-04T13:58:53Z,CJ-DLBW-HKFS,,,DHB,dropped,inactive,live,live_mode_missing_cost,live_product_inputs,out/product_db_preview.csv,no_cost_truth,missing_cost,none,,no_cost,missing_cost,MISSING_MARKET_CONTEXT,0,False,False,False,False,False,inactive_status,wait,"LOW_CONFIDENCE_MARKET_CONTEXT,SALE_STATUS_NOT_ACTIVE",0,0,,inactive_sale_status,inactive_sale_status,True,True,True,True,True,True,True,True,True,True,False,False,False,False,True,True,False,False,False,False,False,False,False,False,False,False,False,False,False
2026-04-04T13:58:53Z,0N-JV0B-5UNV,B009L12MLO,,DHB,dropped,inactive,live,live_mode_missing_cost,live_product_inputs,out/product_db_preview.csv,no_cost_truth,missing_cost,none,,no_cost,missing_cost,MISSING_MARKET_CONTEXT,0,False,False,False,False,False,inactive_status,wait,"LOW_CONFIDENCE_MARKET_CONTEXT,SALE_STATUS_NOT_ACTIVE",0,0,,inactive_sale_status,inactive_sale_status,True,True,True,True,True,True,True,True,True,True,False,False,False,False,True,True,False,False,False,False,False,False,False,False,False,False,False,False,False
2026-04-04T13:58:53Z,8G-JH1T-98X4,,,DHB,dropped,inactive,live,live_mode_missing_cost,live_product_inputs,out/product_db_preview.csv,no_cost_truth,missing_cost,none,,no_cost,missing_cost,MISSING_MARKET_CONTEXT,0,False,False,False,False,False,inactive_status,wait,"LOW_CONFIDENCE_MARKET_CONTEXT,SALE_STATUS_NOT_ACTIVE",0,0,,inactive_sale_status,inactive_sale_status,True,True,True,True,True,True,True,True,True,True,False,False,False,False,True,True,False,False,False,False,False,False,False,False,False,False,False,False,False
2026-04-04T13:58:53Z,7Y-B7S7-O5OZ,,,DHB,dropped,inactive,live,live_cost_inputs,live_product_inputs,out/product_db_preview.csv,live_cost_truth,last_purchase_price,medium,4.12,last_purchase_fallback,last_purchase_price,MISSING_MARKET_CONTEXT,0,False,True,False,False,False,inactive_status,wait,"LOW_CONFIDENCE_MARKET_CONTEXT,SALE_STATUS_NOT_ACTIVE",0,0,,inactive_sale_status,inactive_sale_status,True,False,False,True,True,True,True,True,True,True,True,False,False,False,True,True,False,False,False,False,False,False,False,False,False,False,False,False,False
2026-04-04T13:58:53Z,3K-PWXF-IHKI,,,DHB,dropped,inactive,live,live_mode_missing_cost,live_product_inputs,out/product_db_preview.csv,no_cost_truth,missing_cost,none,,no_cost,missing_cost,MISSING_MARKET_CONTEXT,0,False,False,False,False,False,inactive_status,wait,"LOW_CONFIDENCE_MARKET_CONTEXT,SALE_STATUS_NOT_ACTIVE",0,0,,inactive_sale_status,inactive_sale_status,True,True,True,True,True,True,True,True,True,True,False,False,False,False,True,True,False,False,False,False,False,False,False,False,False,False,False,False,False
2026-04-04T13:58:53Z,PT-CVT8-NV21,,,DHB,dropped,inactive,live,live_mode_missing_cost,live_product_inputs,out/product_db_preview.csv,no_cost_truth,missing_cost,none,,no_cost,missing_cost,MISSING_MARKET_CONTEXT,0,False,False,False,False,False,inactive_status,wait,"LOW_CONFIDENCE_MARKET_CONTEXT,SALE_STATUS_NOT_ACTIVE",0,0,,inactive_sale_status,inactive_sale_status,True,True,True,True,True,True,True,True,True,True,False,False,False,False,True,True,False,False,False,False,False,False,False,False,False,False,False,False,False
2026-04-04T13:58:53Z,10-JQEP-V8I7,B00CRGM45O,,DHB,dropped,inactive,live,live_mode_missing_cost,live_product_inputs,out/product_db_preview.csv,no_cost_truth,missing_cost,none,,no_cost,missing_cost,MISSING_MARKET_CONTEXT,0,False,False,False,False,False,inactive_status,wait,"LOW_CONFIDENCE_MARKET_CONTEXT,SALE_STATUS_NOT_ACTIVE",0,0,,inactive_sale_status,inactive_sale_status,True,True,True,True,True,True,True,True,True,True,False,False,False,False,True,True,False,False,False,False,False,False,False,False,False,False,False,False,False
2026-04-04T13:58:53Z,YD-0TJL-WINU,,,DHB,dropped,inactive,live,live_mode_missing_cost,live_product_inputs,out/product_db_preview.csv,no_cost_truth,missing_cost,none,,no_cost,missing_cost,MISSING_MARKET_CONTEXT,0,False,False,False,False,False,inactive_status,wait,"LOW_CONFIDENCE_MARKET_CONTEXT,SALE_STATUS_NOT_ACTIVE",0,0,,inactive_sale_status,inactive_sale_status,True,True,True,True,True,True,True,True,True,True,False,False,False,False,True,True,False,False,False,False,False,False,False,False,False,False,False,False,False
2026-04-04T13:58:53Z,VY-FXRV-DEAT,,,DHB,dropped,inactive,live,live_cost_inputs,live_product_inputs,out/product_db_preview.csv,live_cost_truth,last_purchase_price,medium,2.06,last_purchase_fallback,last_purchase_price,MISSING_MARKET_CONTEXT,0,False,True,False,False,False,inactive_status,wait,"LOW_CONFIDENCE_MARKET_CONTEXT,SALE_STATUS_NOT_ACTIVE",0,0,,inactive_sale_status,inactive_sale_status,True,False,False,True,True,True,True,True,True,True,True,False,False,False,True,True,False,False,False,False,False,False,False,False,False,False,False,False,False
2026-04-04T13:58:53Z,SA-T4GN-HUNR,,OB292,DHB,dropped,inactive,live,live_cost_inputs,live_product_inputs,out/product_db_preview.csv,live_cost_truth,last_purchase_price,medium,2.67,last_purchase_fallback,last_purchase_price,MISSING_MARKET_CONTEXT,0,False,True,False,False,False,inactive_status,wait,"LOW_CONFIDENCE_MARKET_CONTEXT,SALE_STATUS_NOT_ACTIVE",0,0,,inactive_sale_status,inactive_sale_status,True,False,False,True,True,True,True,True,True,True,True,False,False,False,True,True,False,False,False,False,False,False,False,False,False,False,False,False,False
2026-04-04T13:58:53Z,Z4-04O5-E86C,,,DHB,dropped,inactive,live,live_mode_missing_cost,live_product_inputs,out/product_db_preview.csv,no_cost_truth,missing_cost,none,,no_cost,missing_cost,MISSING_MARKET_CONTEXT,0,False,False,False,False,False,inactive_status,wait,"LOW_CONFIDENCE_MARKET_CONTEXT,SALE_STATUS_NOT_ACTIVE",0,0,,inactive_sale_status,inactive_sale_status,True,True,True,True,True,True,True,True,True,True,False,False,False,False,True,True,False,False,False,False,False,False,False,False,False,False,False,False,False
2026-04-04T13:58:53Z,FY-TQNI-4ZV5,,,DHB,dropped,inactive,live,live_cost_inputs,live_product_inputs,out/product_db_preview.csv,live_cost_truth,last_purchase_price,medium,18.44,last_purchase_fallback,last_purchase_price,MISSING_MARKET_CONTEXT,0,False,True,False,False,False,inactive_status,wait,"LOW_CONFIDENCE_MARKET_CONTEXT,SALE_STATUS_NOT_ACTIVE",0,0,,inactive_sale_status,inactive_sale_status,True,False,False,True,True,True,True,True,True,True,True,False,False,False,True,True,False,False,False,False,False,False,False,False,False,False,False,False,False
2026-04-04T13:58:53Z,4V-OE5G-EJKM,,,DHB,dropped,inactive,live,live_cost_inputs,live_product_inputs,out/product_db_preview.csv,live_cost_truth,last_purchase_price,medium,35.51,last_purchase_fallback,last_purchase_price,MISSING_MARKET_CONTEXT,0,False,True,False,False,False,inactive_status,wait,"LOW_CONFIDENCE_MARKET_CONTEXT,SALE_STATUS_NOT_ACTIVE",0,0,,inactive_sale_status,inactive_sale_status,True,False,False,True,True,True,True,True,True,True,True,False,False,False,True,True,False,False,False,False,False,False,False,False,False,False,False,False,False
2026-04-04T13:58:53Z,7U-508Y-MZAQ,,V4055,DK Tools,dropped,inactive,live,live_mode_missing_cost,live_product_inputs,out/product_db_preview.csv,no_cost_truth,missing_cost,none,,no_cost,missing_cost,MISSING_MARKET_CONTEXT,0,False,False,False,False,False,inactive_status,wait,"LOW_CONFIDENCE_MARKET_CONTEXT,SALE_STATUS_NOT_ACTIVE",0,0,,inactive_sale_status,inactive_sale_status,True,True,True,True,True,True,True,True,True,True,False,False,False,False,True,True,False,False,False,False,False,False,False,False,False,False,False,False,False
2026-04-04T13:58:53Z,55-5RSU-1KG1,,,DK Tools,dropped,inactive,live,live_mode_missing_cost,live_product_inputs,out/product_db_preview.csv,no_cost_truth,missing_cost,none,,no_cost,missing_cost,MISSING_MARKET_CONTEXT,0,False,False,False,False,False,inactive_status,wait,"LOW_CONFIDENCE_MARKET_CONTEXT,SALE_STATUS_NOT_ACTIVE",0,0,,inactive_sale_status,inactive_sale_status,True,True,True,True,True,True,True,True,True,True,False,False,False,False,True,True,False,False,False,False,False,False,False,False,False,False,False,False,False
2026-04-04T13:58:53Z,FN-ZANK-PHQO,,C3185,DK Tools,dropped,inactive,live,live_mode_missing_cost,live_product_inputs,out/product_db_preview.csv,no_cost_truth,missing_cost,none,,no_cost,missing_cost,MISSING_MARKET_CONTEXT,0,False,False,False,False,False,inactive_status,wait,"LOW_CONFIDENCE_MARKET_CONTEXT,SALE_STATUS_NOT_ACTIVE",0,0,,inactive_sale_status,inactive_sale_status,True,True,True,True,True,True,True,True,True,True,False,False,False,False,True,True,False,False,False,False,False,False,False,False,False,False,False,False,False
2026-04-04T13:58:53Z,FW-WGL2-H61I,,G4480,DK Tools,dropped,inactive,live,live_mode_missing_cost,live_product_inputs,out/product_db_preview.csv,no_cost_truth,missing_cost,none,,no_cost,missing_cost,MISSING_MARKET_CONTEXT,0,False,False,False,False,False,inactive_status,wait,"LOW_CONFIDENCE_MARKET_CONTEXT,SALE_STATUS_NOT_ACTIVE",0,0,,inactive_sale_status,inactive_sale_status,True,True,True,True,True,True,True,True,True,True,False,False,False,False,True,True,False,False,False,False,False,False,False,False,False,False,False,False,False
2026-04-04T13:58:53Z,HT-LVU9-4F5R,,N2377,DK Tools,dropped,inactive,live,live_mode_missing_cost,live_product_inputs,out/product_db_preview.csv,no_cost_truth,missing_cost,none,,no_cost,missing_cost,MISSING_MARKET_CONTEXT,0,False,False,False,False,False,inactive_status,wait,"LOW_CONFIDENCE_MARKET_CONTEXT,SALE_STATUS_NOT_ACTIVE",0,0,,inactive_sale_status,inactive_sale_status,True,True,True,True,True,True,True,True,True,True,False,False,False,False,True,True,False,False,False,False,False,False,False,False,False,False,False,False,False
2026-04-04T13:58:53Z,YB-8YQ7-X1X8,,N2382,DK Tools,dropped,inactive,live,live_mode_missing_cost,live_product_inputs,out/product_db_preview.csv,no_cost_truth,missing_cost,none,,no_cost,missing_cost,MISSING_MARKET_CONTEXT,0,False,False,False,False,False,inactive_status,wait,"LOW_CONFIDENCE_MARKET_CONTEXT,SALE_STATUS_NOT_ACTIVE",0,0,,inactive_sale_status,inactive_sale_status,True,True,True,True,True,True,True,True,True,True,False,False,False,False,True,True,False,False,False,False,False,False,False,False,False,False,False,False,False
2026-04-04T13:58:53Z,TX-7TYN-NVF4,,,DK Tools,dropped,inactive,live,live_mode_missing_cost,live_product_inputs,out/product_db_preview.csv,no_cost_truth,missing_cost,none,,no_cost,missing_cost,MISSING_MARKET_CONTEXT,0,False,False,False,False,False,inactive_status,wait,"LOW_CONFIDENCE_MARKET_CONTEXT,SALE_STATUS_NOT_ACTIVE",0,0,,inactive_sale_status,inactive_sale_status,True,True,True,True,True,True,True,True,True,True,False,False,False,False,True,True,False,False,False,False,False,False,False,False,False,False,False,False,False
2026-04-04T13:58:53Z,WI-QO7X-YZOL,,,EE Distribution,dropped,inactive,live,live_mode_missing_cost,live_product_inputs,out/product_db_preview.csv,no_cost_truth,missing_cost,none,,no_cost,missing_cost,MISSING_MARKET_CONTEXT,0,False,False,False,False,False,inactive_status,wait,"LOW_CONFIDENCE_MARKET_CONTEXT,SALE_STATUS_NOT_ACTIVE",0,0,,inactive_sale_status,inactive_sale_status,True,True,True,True,True,True,True,True,True,True,False,False,False,False,True,True,False,False,False,False,False,False,False,False,False,False,False,False,False
2026-04-04T13:58:53Z,G0-25T9-9YZS,,,EE Distribution,dropped,inactive,live,live_mode_missing_cost,live_product_inputs,out/product_db_preview.csv,no_cost_truth,missing_cost,none,,no_cost,missing_cost,MISSING_MARKET_CONTEXT,0,False,False,False,False,False,inactive_status,wait,"LOW_CONFIDENCE_MARKET_CONTEXT,SALE_STATUS_NOT_ACTIVE",0,0,,inactive_sale_status,inactive_sale_status,True,True,True,True,True,True,True,True,True,True,False,False,False,False,True,True,False,False,False,False,False,False,False,False,False,False,False,False,False
2026-04-04T13:58:53Z,2I-R2RY-BZ85,,,Entertainment Trading,dropped,inactive,live,live_mode_missing_cost,live_product_inputs,out/product_db_preview.csv,no_cost_truth,missing_cost,none,,no_cost,missing_cost,MISSING_MARKET_CONTEXT,0,False,False,False,False,False,inactive_status,wait,"LOW_CONFIDENCE_MARKET_CONTEXT,SALE_STATUS_NOT_ACTIVE",0,0,,inactive_sale_status,inactive_sale_status,True,True,True,True,True,True,True,True,True,True,False,False,False,False,True,True,False,False,False,False,False,False,False,False,False,False,False,False,False
2026-04-04T13:58:53Z,RR-0TGC-U4IT,,,Entertainment Trading,dropped,inactive,live,live_mode_missing_cost,live_product_inputs,out/product_db_preview.csv,no_cost_truth,missing_cost,none,,no_cost,missing_cost,MISSING_MARKET_CONTEXT,0,False,False,False,False,False,inactive_status,wait,"LOW_CONFIDENCE_MARKET_CONTEXT,SALE_STATUS_NOT_ACTIVE",0,0,,inactive_sale_status,inactive_sale_status,True,True,True,True,True,True,True,True,True,True,False,False,False,False,True,True,False,False,False,False,False,False,False,False,False,False,False,False,False
2026-04-04T13:58:53Z,1P-BRGG-P0N6,B07QGGFKYK,WST568,Heo,dropped,inactive,live,live_cost_inputs,live_product_inputs,out/product_db_preview.csv,live_cost_truth,last_purchase_price,medium,4.44,last_purchase_fallback,last_purchase_price,MISSING_MARKET_CONTEXT,0,False,True,False,False,False,inactive_status,wait,"LOW_CONFIDENCE_MARKET_CONTEXT,SALE_STATUS_NOT_ACTIVE",0,0,,inactive_sale_status,inactive_sale_status,True,False,False,True,True,True,True,True,True,True,True,False,False,False,True,True,False,False,False,False,False,False,False,False,False,False,False,False,False
2026-04-04T13:58:53Z,HY-VZF3-EFS3,,FK73022,Heo,dropped,inactive,live,live_cost_inputs,live_product_inputs,out/product_db_preview.csv,live_cost_truth,last_purchase_price,medium,4.85,last_purchase_fallback,last_purchase_price,MISSING_MARKET_CONTEXT,0,False,True,False,False,False,inactive_status,wait,"LOW_CONFIDENCE_MARKET_CONTEXT,SALE_STATUS_NOT_ACTIVE",0,0,,inactive_sale_status,inactive_sale_status,True,False,False,True,True,True,True,True,True,True,True,False,False,False,True,True,False,False,False,False,False,False,False,False,False,False,False,False,False
2026-04-04T13:58:53Z,4C-6VFW-JO2C,,NMR52536,Heo,dropped,inactive,live,live_cost_inputs,live_product_inputs,out/product_db_preview.csv,live_cost_truth,last_purchase_price,medium,3,last_purchase_fallback,last_purchase_price,MISSING_MARKET_CONTEXT,0,False,True,False,False,False,inactive_status,wait,"LOW_CONFIDENCE_MARKET_CONTEXT,SALE_STATUS_NOT_ACTIVE",0,0,,inactive_sale_status,inactive_sale_status,True,False,False,True,True,True,True,True,True,True,True,False,False,False,True,True,False,False,False,False,False,False,False,False,False,False,False,False,False
2026-04-04T13:58:53Z,3V-HQSI-8QRU,,FK67424,Heo,dropped,inactive,live,live_cost_inputs,live_product_inputs,out/product_db_preview.csv,live_cost_truth,last_purchase_price,medium,3.97,last_purchase_fallback,last_purchase_price,MISSING_MARKET_CONTEXT,0,False,True,False,False,False,inactive_status,wait,"LOW_CONFIDENCE_MARKET_CONTEXT,SALE_STATUS_NOT_ACTIVE",0,0,,inactive_sale_status,inactive_sale_status,True,False,False,True,True,True,True,True,True,True,True,False,False,False,True,True,False,False,False,False,False,False,False,False,False,False,False,False,False
2026-04-04T13:58:53Z,KE-WQ91-B6JF,,WST503,Heo,dropped,inactive,live,live_cost_inputs,live_product_inputs,out/product_db_preview.csv,live_cost_truth,last_purchase_price,medium,3.68,last_purchase_fallback,last_purchase_price,MISSING_MARKET_CONTEXT,0,False,True,False,False,False,inactive_status,wait,"LOW_CONFIDENCE_MARKET_CONTEXT,SALE_STATUS_NOT_ACTIVE",0,0,,inactive_sale_status,inactive_sale_status,True,False,False,True,True,True,True,True,True,True,True,False,False,False,True,True,False,False,False,False,False,False,False,False,False,False,False,False,False
2026-04-04T13:58:53Z,JX-Q0XX-QBZ2,,EXGMER-2927,Heo,dropped,inactive,live,live_cost_inputs,live_product_inputs,out/product_db_preview.csv,live_cost_truth,last_purchase_price,medium,8.95,last_purchase_fallback,last_purchase_price,MISSING_MARKET_CONTEXT,0,False,True,False,False,False,inactive_status,wait,"LOW_CONFIDENCE_MARKET_CONTEXT,SALE_STATUS_NOT_ACTIVE",0,0,,inactive_sale_status,inactive_sale_status,True,False,False,True,True,True,True,True,True,True,True,False,False,False,True,True,False,False,False,False,False,False,False,False,False,False,False,False,False
2026-04-04T13:58:53Z,SH-RGTH-QQM2,,FK49154,Heo,dropped,inactive,live,live_cost_inputs,live_product_inputs,out/product_db_preview.csv,live_cost_truth,last_purchase_price,medium,4.99,last_purchase_fallback,last_purchase_price,MISSING_MARKET_CONTEXT,0,False,True,False,False,False,inactive_status,wait,"LOW_CONFIDENCE_MARKET_CONTEXT,SALE_STATUS_NOT_ACTIVE",0,0,,inactive_sale_status,inactive_sale_status,True,False,False,True,True,True,True,True,True,True,True,False,False,False,True,True,False,False,False,False,False,False,False,False,False,False,False,False,False
2026-04-04T13:58:53Z,FR-41MF-KWKU,,825001,Culpitt,dropped,inactive,live,live_cost_inputs,live_product_inputs,out/product_db_preview.csv,live_cost_truth,last_purchase_price,medium,4.67,last_purchase_fallback,last_purchase_price,MISSING_MARKET_CONTEXT,0,False,True,False,False,False,inactive_status,wait,"LOW_CONFIDENCE_MARKET_CONTEXT,SALE_STATUS_NOT_ACTIVE",0,0,,inactive_sale_status,inactive_sale_status,True,False,False,True,True,True,True,True,True,True,True,False,False,False,True,True,False,False,False,False,False,False,False,False,False,False,False,False,False
2026-04-04T13:58:53Z,MF-FBAW-SRXY,,FK33248,Heo,dropped,inactive,live,live_cost_inputs,live_product_inputs,out/product_db_preview.csv,live_cost_truth,last_purchase_price,medium,7.64,last_purchase_fallback,last_purchase_price,MISSING_MARKET_CONTEXT,0,False,True,False,False,False,inactive_status,wait,"LOW_CONFIDENCE_MARKET_CONTEXT,SALE_STATUS_NOT_ACTIVE",0,0,,inactive_sale_status,inactive_sale_status,True,False,False,True,True,True,True,True,True,True,True,False,False,False,True,True,False,False,False,False,False,False,False,False,False,False,False,False,False
2026-04-04T13:58:53Z,J2-N9NA-57NA,,DHCS,Bliss Distribution,dropped,inactive,live,live_cost_inputs,live_product_inputs,out/product_db_preview.csv,live_cost_truth,last_purchase_price,medium,1.95,last_purchase_fallback,last_purchase_price,MISSING_MARKET_CONTEXT,0,False,True,False,False,False,inactive_status,wait,"LOW_CONFIDENCE_MARKET_CONTEXT,SALE_STATUS_NOT_ACTIVE",0,0,,inactive_sale_status,inactive_sale_status,True,False,False,True,True,True,True,True,True,True,True,False,False,False,True,True,False,False,False,False,False,False,False,False,False,False,False,False,False
2026-04-04T13:58:53Z,KR-H2ZK-DRS7,,L27660,Aldridge Security,dropped,inactive,live,live_cost_inputs,live_product_inputs,out/product_db_preview.csv,live_cost_truth,last_purchase_price,medium,11.59,last_purchase_fallback,last_purchase_price,MISSING_MARKET_CONTEXT,0,False,True,False,False,False,inactive_status,wait,"LOW_CONFIDENCE_MARKET_CONTEXT,SALE_STATUS_NOT_ACTIVE",0,0,,inactive_sale_status,inactive_sale_status,True,False,False,True,True,True,True,True,True,True,True,False,False,False,True,True,False,False,False,False,False,False,False,False,False,False,False,False,False
2026-04-04T13:58:53Z,M4-MV10-9TX7,,113299,Stax,dropped,inactive,live,live_cost_inputs,live_product_inputs,out/product_db_preview.csv,live_cost_truth,last_purchase_price,medium,1.04,last_purchase_fallback,last_purchase_price,MISSING_MARKET_CONTEXT,0,False,True,False,False,False,inactive_status,wait,"LOW_CONFIDENCE_MARKET_CONTEXT,SALE_STATUS_NOT_ACTIVE",0,0,,inactive_sale_status,inactive_sale_status,True,False,False,True,True,True,True,True,True,True,True,False,False,False,True,True,False,False,False,False,False,False,False,False,False,False,False,False,False
2026-04-04T13:58:53Z,M5-EOFN-2WPJ,,HUM028,DHB,dropped,inactive,live,live_cost_inputs,live_product_inputs,out/product_db_preview.csv,live_cost_truth,last_purchase_price,medium,1.54,last_purchase_fallback,last_purchase_price,MISSING_MARKET_CONTEXT,0,False,True,False,False,False,inactive_status,wait,"LOW_CONFIDENCE_MARKET_CONTEXT,SALE_STATUS_NOT_ACTIVE",0,0,,inactive_sale_status,inactive_sale_status,True,False,False,True,True,True,True,True,True,True,True,False,False,False,True,True,False,False,False,False,False,False,False,False,False,False,False,False,False
2026-04-04T13:58:53Z,8K-FX05-CCPX,,,Infinity Foods,dropped,inactive,live,live_mode_missing_cost,live_product_inputs,out/product_db_preview.csv,no_cost_truth,missing_cost,none,,no_cost,missing_cost,MISSING_MARKET_CONTEXT,0,False,False,False,False,False,inactive_status,wait,"LOW_CONFIDENCE_MARKET_CONTEXT,SALE_STATUS_NOT_ACTIVE",0,0,,inactive_sale_status,inactive_sale_status,True,True,True,True,True,True,True,True,True,True,False,False,False,False,True,True,False,False,False,False,False,False,False,False,False,False,False,False,False
2026-04-04T13:58:53Z,DK-9CZR-7SUV,,,Infinity Foods,dropped,inactive,live,live_mode_missing_cost,live_product_inputs,out/product_db_preview.csv,no_cost_truth,missing_cost,none,,no_cost,missing_cost,MISSING_MARKET_CONTEXT,0,False,False,False,False,False,inactive_status,wait,"LOW_CONFIDENCE_MARKET_CONTEXT,SALE_STATUS_NOT_ACTIVE",0,0,,inactive_sale_status,inactive_sale_status,True,True,True,True,True,True,True,True,True,True,False,False,False,False,True,True,False,False,False,False,False,False,False,False,False,False,False,False,False
2026-04-04T13:58:53Z,4Y-2V2S-KSTO,,,Jones Wholesale,dropped,inactive,live,live_mode_missing_cost,live_product_inputs,out/product_db_preview.csv,no_cost_truth,missing_cost,none,,no_cost,missing_cost,MISSING_MARKET_CONTEXT,0,False,False,False,False,False,inactive_status,wait,"LOW_CONFIDENCE_MARKET_CONTEXT,SALE_STATUS_NOT_ACTIVE",0,0,,inactive_sale_status,inactive_sale_status,True,True,True,True,True,True,True,True,True,True,False,False,False,False,True,True,False,False,False,False,False,False,False,False,False,False,False,False,False
2026-04-04T13:58:53Z,VF-WENE-0QSF,,,Jones Wholesale,dropped,inactive,live,live_mode_missing_cost,live_product_inputs,out/product_db_preview.csv,no_cost_truth,missing_cost,none,,no_cost,missing_cost,MISSING_MARKET_CONTEXT,0,False,False,False,False,False,inactive_status,wait,"LOW_CONFIDENCE_MARKET_CONTEXT,SALE_STATUS_NOT_ACTIVE",0,0,,inactive_sale_status,inactive_sale_status,True,True,True,True,True,True,True,True,True,True,False,False,False,False,True,True,False,False,False,False,False,False,False,False,False,False,False,False,False
2026-04-04T13:58:53Z,10-KNVB-4BRI,B002GZJUQ2,,Jones Wholesale,dropped,inactive,live,live_mode_missing_cost,live_product_inputs,out/product_db_preview.csv,no_cost_truth,missing_cost,none,,no_cost,missing_cost,MISSING_MARKET_CONTEXT,0,False,False,False,False,False,inactive_status,wait,"LOW_CONFIDENCE_MARKET_CONTEXT,SALE_STATUS_NOT_ACTIVE",0,0,,inactive_sale_status,inactive_sale_status,True,True,True,True,True,True,True,True,True,True,False,False,False,False,True,True,False,False,False,False,False,False,False,False,False,False,False,False,False
2026-04-04T13:58:53Z,CC-9HJK-1XR3,,,Jones Wholesale,dropped,inactive,live,live_mode_missing_cost,live_product_inputs,out/product_db_preview.csv,no_cost_truth,missing_cost,none,,no_cost,missing_cost,MISSING_MARKET_CONTEXT,0,False,False,False,False,False,inactive_status,wait,"LOW_CONFIDENCE_MARKET_CONTEXT,SALE_STATUS_NOT_ACTIVE",0,0,,inactive_sale_status,inactive_sale_status,True,True,True,True,True,True,True,True,True,True,False,False,False,False,True,True,False,False,False,False,False,False,False,False,False,False,False,False,False
2026-04-04T13:58:53Z,IX-BHAG-7688,,,Knights Fragrances,dropped,inactive,live,live_mode_missing_cost,live_product_inputs,out/product_db_preview.csv,no_cost_truth,missing_cost,none,,no_cost,missing_cost,MISSING_MARKET_CONTEXT,0,False,False,False,False,False,inactive_status,wait,"LOW_CONFIDENCE_MARKET_CONTEXT,SALE_STATUS_NOT_ACTIVE",0,0,,inactive_sale_status,inactive_sale_status,True,True,True,True,True,True,True,True,True,True,False,False,False,False,True,True,False,False,False,False,False,False,False,False,False,False,False,False,False
2026-04-04T13:58:53Z,8Y-8UTW-YHVV,,,Knights Fragrances,dropped,inactive,live,live_mode_missing_cost,live_product_inputs,out/product_db_preview.csv,no_cost_truth,missing_cost,none,,no_cost,missing_cost,MISSING_MARKET_CONTEXT,0,False,False,False,False,False,inactive_status,wait,"LOW_CONFIDENCE_MARKET_CONTEXT,SALE_STATUS_NOT_ACTIVE",0,0,,inactive_sale_status,inactive_sale_status,True,True,True,True,True,True,True,True,True,True,False,False,False,False,True,True,False,False,False,False,False,False,False,False,False,False,False,False,False
2026-04-04T13:58:53Z,IS-RZRJ-JMUQ,,,Knights Fragrances,dropped,inactive,live,live_mode_missing_cost,live_product_inputs,out/product_db_preview.csv,no_cost_truth,missing_cost,none,,no_cost,missing_cost,MISSING_MARKET_CONTEXT,0,False,False,False,False,False,inactive_status,wait,"LOW_CONFIDENCE_MARKET_CONTEXT,SALE_STATUS_NOT_ACTIVE",0,0,,inactive_sale_status,inactive_sale_status,True,True,True,True,True,True,True,True,True,True,False,False,False,False,True,True,False,False,False,False,False,False,False,False,False,False,False,False,False
2026-04-04T13:58:53Z,4D-KUD8-5IQP,,,Knights Fragrances,dropped,inactive,live,live_mode_missing_cost,live_product_inputs,out/product_db_preview.csv,no_cost_truth,missing_cost,none,,no_cost,missing_cost,MISSING_MARKET_CONTEXT,0,False,False,False,False,False,inactive_status,wait,"LOW_CONFIDENCE_MARKET_CONTEXT,SALE_STATUS_NOT_ACTIVE",0,0,,inactive_sale_status,inactive_sale_status,True,True,True,True,True,True,True,True,True,True,False,False,False,False,True,True,False,False,False,False,False,False,False,False,False,False,False,False,False
2026-04-04T13:58:53Z,6L-R2ZY-X2E0,,,Knights Fragrances,dropped,inactive,live,live_mode_missing_cost,live_product_inputs,out/product_db_preview.csv,no_cost_truth,missing_cost,none,,no_cost,missing_cost,MISSING_MARKET_CONTEXT,0,False,False,False,False,False,inactive_status,wait,"LOW_CONFIDENCE_MARKET_CONTEXT,SALE_STATUS_NOT_ACTIVE",0,0,,inactive_sale_status,inactive_sale_status,True,True,True,True,True,True,True,True,True,True,False,False,False,False,True,True,False,False,False,False,False,False,False,False,False,False,False,False,False
2026-04-04T13:58:53Z,H4-EFUP-2ASL,,,Knights Fragrances,dropped,inactive,live,live_mode_missing_cost,live_product_inputs,out/product_db_preview.csv,no_cost_truth,missing_cost,none,,no_cost,missing_cost,MISSING_MARKET_CONTEXT,0,False,False,False,False,False,inactive_status,wait,"LOW_CONFIDENCE_MARKET_CONTEXT,SALE_STATUS_NOT_ACTIVE",0,0,,inactive_sale_status,inactive_sale_status,True,True,True,True,True,True,True,True,True,True,False,False,False,False,True,True,False,False,False,False,False,False,False,False,False,False,False,False,False
2026-04-04T13:58:53Z,QZ-5ZK7-W02G,,,Mark Up Wholesale,dropped,inactive,live,live_mode_missing_cost,live_product_inputs,out/product_db_preview.csv,no_cost_truth,missing_cost,none,,no_cost,missing_cost,MISSING_MARKET_CONTEXT,0,False,False,False,False,False,inactive_status,wait,"LOW_CONFIDENCE_MARKET_CONTEXT,SALE_STATUS_NOT_ACTIVE",0,0,,inactive_sale_status,inactive_sale_status,True,True,True,True,True,True,True,True,True,True,False,False,False,False,True,True,False,False,False,False,False,False,False,False,False,False,False,False,False
2026-04-04T13:58:53Z,9H-K7TV-V6NU,,,Murrays Health and Beauty,dropped,inactive,live,live_cost_inputs,live_product_inputs,out/product_db_preview.csv,live_cost_truth,last_purchase_price,medium,2.97,last_purchase_fallback,last_purchase_price,MISSING_MARKET_CONTEXT,0,False,True,False,False,False,inactive_status,wait,"LOW_CONFIDENCE_MARKET_CONTEXT,SALE_STATUS_NOT_ACTIVE",0,0,,inactive_sale_status,inactive_sale_status,True,False,False,True,True,True,True,True,True,True,True,False,False,False,True,True,False,False,False,False,False,False,False,False,False,False,False,False,False
2026-04-04T13:58:53Z,PI-JTWZ-8YNT,,,Murrays Health and Beauty,dropped,inactive,live,live_mode_missing_cost,live_product_inputs,out/product_db_preview.csv,no_cost_truth,missing_cost,none,,no_cost,missing_cost,MISSING_MARKET_CONTEXT,0,False,False,False,False,False,inactive_status,wait,"LOW_CONFIDENCE_MARKET_CONTEXT,SALE_STATUS_NOT_ACTIVE",0,0,,inactive_sale_status,inactive_sale_status,True,True,True,True,True,True,True,True,True,True,False,False,False,False,True,True,False,False,False,False,False,False,False,False,False,False,False,False,False
2026-04-04T13:58:53Z,UC-D1G4-MTYN,,,Murrays Health and Beauty,dropped,inactive,live,live_mode_missing_cost,live_product_inputs,out/product_db_preview.csv,no_cost_truth,missing_cost,none,,no_cost,missing_cost,MISSING_MARKET_CONTEXT,0,False,False,False,False,False,inactive_status,wait,"LOW_CONFIDENCE_MARKET_CONTEXT,SALE_STATUS_NOT_ACTIVE",0,0,,inactive_sale_status,inactive_sale_status,True,True,True,True,True,True,True,True,True,True,False,False,False,False,True,True,False,False,False,False,False,False,False,False,False,False,False,False,False
2026-04-04T13:58:53Z,RJ-OVDC-R9JF,,,Murrays Health and Beauty,dropped,inactive,live,live_mode_missing_cost,live_product_inputs,out/product_db_preview.csv,no_cost_truth,missing_cost,none,,no_cost,missing_cost,MISSING_MARKET_CONTEXT,0,False,False,False,False,False,inactive_status,wait,"LOW_CONFIDENCE_MARKET_CONTEXT,SALE_STATUS_NOT_ACTIVE",0,0,,inactive_sale_status,inactive_sale_status,True,True,True,True,True,True,True,True,True,True,False,False,False,False,True,True,False,False,False,False,False,False,False,False,False,False,False,False,False
2026-04-04T13:58:53Z,HO-7XV5-UD4D,,,Murrays Health and Beauty,dropped,inactive,live,live_mode_missing_cost,live_product_inputs,out/product_db_preview.csv,no_cost_truth,missing_cost,none,,no_cost,missing_cost,MISSING_MARKET_CONTEXT,0,False,False,False,False,False,inactive_status,wait,"LOW_CONFIDENCE_MARKET_CONTEXT,SALE_STATUS_NOT_ACTIVE",0,0,,inactive_sale_status,inactive_sale_status,True,True,True,True,True,True,True,True,True,True,False,False,False,False,True,True,False,False,False,False,False,False,False,False,False,False,False,False,False
2026-04-04T13:58:53Z,P4-XF7W-GMJA,,,Murrays Health and Beauty,dropped,inactive,live,live_cost_inputs,live_product_inputs,out/product_db_preview.csv,live_cost_truth,last_purchase_price,medium,3.21,last_purchase_fallback,last_purchase_price,MISSING_MARKET_CONTEXT,0,False,True,False,False,False,inactive_status,wait,"LOW_CONFIDENCE_MARKET_CONTEXT,SALE_STATUS_NOT_ACTIVE",0,0,,inactive_sale_status,inactive_sale_status,True,False,False,True,True,True,True,True,True,True,True,False,False,False,True,True,False,False,False,False,False,False,False,False,False,False,False,False,False
2026-04-04T13:58:53Z,D8-QDS3-LH4T,,,Peak Dale Products,dropped,inactive,live,live_mode_missing_cost,live_product_inputs,out/product_db_preview.csv,no_cost_truth,missing_cost,none,,no_cost,missing_cost,MISSING_MARKET_CONTEXT,0,False,False,False,False,False,inactive_status,wait,"LOW_CONFIDENCE_MARKET_CONTEXT,SALE_STATUS_NOT_ACTIVE",0,0,,inactive_sale_status,inactive_sale_status,True,True,True,True,True,True,True,True,True,True,False,False,False,False,True,True,False,False,False,False,False,False,False,False,False,False,False,False,False
2026-04-04T13:58:53Z,XN-OHVO-FXL6,,,Pulse Wholesale,dropped,inactive,live,live_mode_missing_cost,live_product_inputs,out/product_db_preview.csv,no_cost_truth,missing_cost,none,,no_cost,missing_cost,MISSING_MARKET_CONTEXT,0,False,False,False,False,False,inactive_status,wait,"LOW_CONFIDENCE_MARKET_CONTEXT,SALE_STATUS_NOT_ACTIVE",0,0,,inactive_sale_status,inactive_sale_status,True,True,True,True,True,True,True,True,True,True,False,False,False,False,True,True,False,False,False,False,False,False,False,False,False,False,False,False,False
2026-04-04T13:58:53Z,VU-YLRN-9V7D,,LV195370,Rashmian,dropped,inactive,live,live_cost_inputs,live_product_inputs,out/product_db_preview.csv,live_cost_truth,last_purchase_price,medium,1.32,last_purchase_fallback,last_purchase_price,MISSING_MARKET_CONTEXT,0,False,True,False,False,False,inactive_status,wait,"LOW_CONFIDENCE_MARKET_CONTEXT,SALE_STATUS_NOT_ACTIVE",0,0,,inactive_sale_status,inactive_sale_status,True,False,False,True,True,True,True,True,True,True,True,False,False,False,True,True,False,False,False,False,False,False,False,False,False,False,False,False,False
2026-04-04T13:58:53Z,QB-I6MR-7F61,,F-91WM-3AEF,Rashmian,dropped,inactive,live,live_cost_inputs,live_product_inputs,out/product_db_preview.csv,live_cost_truth,last_purchase_price,medium,11.6,last_purchase_fallback,last_purchase_price,MISSING_MARKET_CONTEXT,0,False,True,False,False,False,inactive_status,wait,"LOW_CONFIDENCE_MARKET_CONTEXT,SALE_STATUS_NOT_ACTIVE",0,0,,inactive_sale_status,inactive_sale_status,True,False,False,True,True,True,True,True,True,True,True,False,False,False,True,True,False,False,False,False,False,False,False,False,False,False,False,False,False
2026-04-04T13:58:53Z,TH-JWYZ-LM0D,,RL800NI,Rashmian,dropped,inactive,live,live_cost_inputs,live_product_inputs,out/product_db_preview.csv,live_cost_truth,last_purchase_price,medium,15.5,last_purchase_fallback,last_purchase_price,MISSING_MARKET_CONTEXT,0,False,True,False,False,False,inactive_status,wait,"LOW_CONFIDENCE_MARKET_CONTEXT,SALE_STATUS_NOT_ACTIVE",0,0,,inactive_sale_status,inactive_sale_status,True,False,False,True,True,True,True,True,True,True,True,False,False,False,True,True,False,False,False,False,False,False,False,False,False,False,False,False,False
2026-04-04T13:58:53Z,J5-IJ6Y-64VG,,,Reydon,dropped,inactive,live,live_mode_missing_cost,live_product_inputs,out/product_db_preview.csv,no_cost_truth,missing_cost,none,,no_cost,missing_cost,MISSING_MARKET_CONTEXT,0,False,False,False,False,False,inactive_status,wait,"LOW_CONFIDENCE_MARKET_CONTEXT,SALE_STATUS_NOT_ACTIVE",0,0,,inactive_sale_status,inactive_sale_status,True,True,True,True,True,True,True,True,True,True,False,False,False,False,True,True,False,False,False,False,False,False,False,False,False,False,False,False,False
2026-04-04T13:58:53Z,9Q-XGAX-ZGBT,,,Shure Cosmetics,dropped,inactive,live,live_mode_missing_cost,live_product_inputs,out/product_db_preview.csv,no_cost_truth,missing_cost,none,,no_cost,missing_cost,MISSING_MARKET_CONTEXT,0,False,False,False,False,False,inactive_status,wait,"LOW_CONFIDENCE_MARKET_CONTEXT,SALE_STATUS_NOT_ACTIVE",0,0,,inactive_sale_status,inactive_sale_status,True,True,True,True,True,True,True,True,True,True,False,False,False,False,True,True,False,False,False,False,False,False,False,False,False,False,False,False,False
2026-04-04T13:58:53Z,P5-KMQZ-JK8Y,,231 6066104,ABGee,dropped,inactive,live,live_cost_inputs,live_product_inputs,out/product_db_preview.csv,live_cost_truth,last_purchase_price,medium,10,last_purchase_fallback,last_purchase_price,MISSING_MARKET_CONTEXT,0,False,True,False,False,False,inactive_status,wait,"LOW_CONFIDENCE_MARKET_CONTEXT,SALE_STATUS_NOT_ACTIVE",0,0,,inactive_sale_status,inactive_sale_status,True,False,False,True,True,True,True,True,True,True,True,False,False,False,True,True,False,False,False,False,False,False,False,False,False,False,False,False,False
2026-04-04T13:58:53Z,P7-91M2-092T,,5647107,TD Synnex,dropped,inactive,live,live_cost_inputs,live_product_inputs,out/product_db_preview.csv,live_cost_truth,last_purchase_price,medium,3.85,last_purchase_fallback,last_purchase_price,MISSING_MARKET_CONTEXT,0,False,True,False,False,False,inactive_status,wait,"LOW_CONFIDENCE_MARKET_CONTEXT,SALE_STATUS_NOT_ACTIVE",0,0,,inactive_sale_status,inactive_sale_status,True,False,False,True,True,True,True,True,True,True,True,False,False,False,True,True,False,False,False,False,False,False,False,False,False,False,False,False,False
2026-04-04T13:58:53Z,BC-6AFY-0M24,,,Shure Cosmetics,dropped,inactive,live,live_mode_missing_cost,live_product_inputs,out/product_db_preview.csv,no_cost_truth,missing_cost,none,,no_cost,missing_cost,MISSING_MARKET_CONTEXT,0,False,False,False,False,False,inactive_status,wait,"LOW_CONFIDENCE_MARKET_CONTEXT,SALE_STATUS_NOT_ACTIVE",0,0,,inactive_sale_status,inactive_sale_status,True,True,True,True,True,True,True,True,True,True,False,False,False,False,True,True,False,False,False,False,False,False,False,False,False,False,False,False,False
2026-04-04T13:58:53Z,QD-2EAL-Z4J5,,,Shure Cosmetics,dropped,inactive,live,live_cost_inputs,live_product_inputs,out/product_db_preview.csv,live_cost_truth,last_purchase_price,medium,1.25,last_purchase_fallback,last_purchase_price,MISSING_MARKET_CONTEXT,0,False,True,False,False,False,inactive_status,wait,"LOW_CONFIDENCE_MARKET_CONTEXT,SALE_STATUS_NOT_ACTIVE",0,0,,inactive_sale_status,inactive_sale_status,True,False,False,True,True,True,True,True,True,True,True,False,False,False,True,True,False,False,False,False,False,False,False,False,False,False,False,False,False
2026-04-04T13:58:53Z,R8-VELO-CPUA,,,Shure Cosmetics,dropped,inactive,live,live_mode_missing_cost,live_product_inputs,out/product_db_preview.csv,no_cost_truth,missing_cost,none,,no_cost,missing_cost,MISSING_MARKET_CONTEXT,0,False,False,False,False,False,inactive_status,wait,"LOW_CONFIDENCE_MARKET_CONTEXT,SALE_STATUS_NOT_ACTIVE",0,0,,inactive_sale_status,inactive_sale_status,True,True,True,True,True,True,True,True,True,True,False,False,False,False,True,True,False,False,False,False,False,False,False,False,False,False,False,False,False
2026-04-04T13:58:53Z,QM-QAGK-D2UQ,,MAL4,CLF,dropped,inactive,live,live_cost_inputs,live_product_inputs,out/product_db_preview.csv,live_cost_truth,last_purchase_price,medium,2.6,last_purchase_fallback,last_purchase_price,MISSING_MARKET_CONTEXT,0.0,False,True,False,False,False,inactive_status,wait,"LOW_CONFIDENCE_MARKET_CONTEXT,SALE_STATUS_NOT_ACTIVE",0,0,,inactive_sale_status,inactive_sale_status,True,False,False,True,True,True,True,True,True,True,True,False,False,False,True,True,False,False,False,False,False,False,False,False,False,False,False,False,False
2026-04-04T13:58:53Z,WO-75W6-980Q,,,Shure Cosmetics,dropped,inactive,live,live_mode_missing_cost,live_product_inputs,out/product_db_preview.csv,no_cost_truth,missing_cost,none,,no_cost,missing_cost,MISSING_MARKET_CONTEXT,0,False,False,False,False,False,inactive_status,wait,"LOW_CONFIDENCE_MARKET_CONTEXT,SALE_STATUS_NOT_ACTIVE",0,0,,inactive_sale_status,inactive_sale_status,True,True,True,True,True,True,True,True,True,True,False,False,False,False,True,True,False,False,False,False,False,False,False,False,False,False,False,False,False
2026-04-04T13:58:53Z,YF-KP66-IJY6,,,Shure Cosmetics,dropped,inactive,live,live_mode_missing_cost,live_product_inputs,out/product_db_preview.csv,no_cost_truth,missing_cost,none,,no_cost,missing_cost,MISSING_MARKET_CONTEXT,0,False,False,False,False,False,inactive_status,wait,"LOW_CONFIDENCE_MARKET_CONTEXT,SALE_STATUS_NOT_ACTIVE",0,0,,inactive_sale_status,inactive_sale_status,True,True,True,True,True,True,True,True,True,True,False,False,False,False,True,True,False,False,False,False,False,False,False,False,False,False,False,False,False
2026-04-04T13:58:53Z,1A-S381-J09C,B002ZTVMDI,,Shure Cosmetics,dropped,inactive,live,live_mode_missing_cost,live_product_inputs,out/product_db_preview.csv,no_cost_truth,missing_cost,none,,no_cost,missing_cost,MISSING_MARKET_CONTEXT,0,False,False,False,False,False,inactive_status,wait,"LOW_CONFIDENCE_MARKET_CONTEXT,SALE_STATUS_NOT_ACTIVE",0,0,,inactive_sale_status,inactive_sale_status,True,True,True,True,True,True,True,True,True,True,False,False,False,False,True,True,False,False,False,False,False,False,False,False,False,False,False,False,False
2026-04-04T13:58:53Z,GQ-JASA-966U,,,Shure Cosmetics,dropped,inactive,live,live_mode_missing_cost,live_product_inputs,out/product_db_preview.csv,no_cost_truth,missing_cost,none,,no_cost,missing_cost,MISSING_MARKET_CONTEXT,0,False,False,False,False,False,inactive_status,wait,"LOW_CONFIDENCE_MARKET_CONTEXT,SALE_STATUS_NOT_ACTIVE",0,0,,inactive_sale_status,inactive_sale_status,True,True,True,True,True,True,True,True,True,True,False,False,False,False,True,True,False,False,False,False,False,False,False,False,False,False,False,False,False
2026-04-04T13:58:53Z,3Q-JJ0H-Y8K7,,,Shure Cosmetics,dropped,inactive,live,live_mode_missing_cost,live_product_inputs,out/product_db_preview.csv,no_cost_truth,missing_cost,none,,no_cost,missing_cost,MISSING_MARKET_CONTEXT,0,False,False,False,False,False,inactive_status,wait,"LOW_CONFIDENCE_MARKET_CONTEXT,SALE_STATUS_NOT_ACTIVE",0,0,,inactive_sale_status,inactive_sale_status,True,True,True,True,True,True,True,True,True,True,False,False,False,False,True,True,False,False,False,False,False,False,False,False,False,False,False,False,False
2026-04-04T13:58:53Z,1C-WYGV-IW8O,B00YPA854Y,,Shure Cosmetics,dropped,inactive,live,live_mode_missing_cost,live_product_inputs,out/product_db_preview.csv,no_cost_truth,missing_cost,none,,no_cost,missing_cost,MISSING_MARKET_CONTEXT,0,False,False,False,False,False,inactive_status,wait,"LOW_CONFIDENCE_MARKET_CONTEXT,SALE_STATUS_NOT_ACTIVE",0,0,,inactive_sale_status,inactive_sale_status,True,True,True,True,True,True,True,True,True,True,False,False,False,False,True,True,False,False,False,False,False,False,False,False,False,False,False,False,False
2026-04-04T13:58:53Z,2C-S7N4-TU7U,,,Shure Cosmetics,dropped,inactive,live,live_mode_missing_cost,live_product_inputs,out/product_db_preview.csv,no_cost_truth,missing_cost,none,,no_cost,missing_cost,MISSING_MARKET_CONTEXT,0,False,False,False,False,False,inactive_status,wait,"LOW_CONFIDENCE_MARKET_CONTEXT,SALE_STATUS_NOT_ACTIVE",0,0,,inactive_sale_status,inactive_sale_status,True,True,True,True,True,True,True,True,True,True,False,False,False,False,True,True,False,False,False,False,False,False,False,False,False,False,False,False,False
2026-04-04T13:58:53Z,EI-2WXL-O395,,,Shure Cosmetics,dropped,inactive,live,live_mode_missing_cost,live_product_inputs,out/product_db_preview.csv,no_cost_truth,missing_cost,none,,no_cost,missing_cost,MISSING_MARKET_CONTEXT,0,False,False,False,False,False,inactive_status,wait,"LOW_CONFIDENCE_MARKET_CONTEXT,SALE_STATUS_NOT_ACTIVE",0,0,,inactive_sale_status,inactive_sale_status,True,True,True,True,True,True,True,True,True,True,False,False,False,False,True,True,False,False,False,False,False,False,False,False,False,False,False,False,False
2026-04-04T13:58:53Z,KP-AMHW-L7J3,,,Shure Cosmetics,dropped,inactive,live,live_mode_missing_cost,live_product_inputs,out/product_db_preview.csv,no_cost_truth,missing_cost,none,,no_cost,missing_cost,MISSING_MARKET_CONTEXT,0,False,False,False,False,False,inactive_status,wait,"LOW_CONFIDENCE_MARKET_CONTEXT,SALE_STATUS_NOT_ACTIVE",0,0,,inactive_sale_status,inactive_sale_status,True,True,True,True,True,True,True,True,True,True,False,False,False,False,True,True,False,False,False,False,False,False,False,False,False,False,False,False,False
2026-04-04T13:58:53Z,B0-FSK3-1L88,,,Shure Cosmetics,dropped,inactive,live,live_mode_missing_cost,live_product_inputs,out/product_db_preview.csv,no_cost_truth,missing_cost,none,,no_cost,missing_cost,MISSING_MARKET_CONTEXT,0,False,False,False,False,False,inactive_status,wait,"LOW_CONFIDENCE_MARKET_CONTEXT,SALE_STATUS_NOT_ACTIVE",0,0,,inactive_sale_status,inactive_sale_status,True,True,True,True,True,True,True,True,True,True,False,False,False,False,True,True,False,False,False,False,False,False,False,False,False,False,False,False,False
2026-04-04T13:58:53Z,WR-IXBZ-8DOL,,,Shure Cosmetics,dropped,inactive,live,live_mode_missing_cost,live_product_inputs,out/product_db_preview.csv,no_cost_truth,missing_cost,none,,no_cost,missing_cost,MISSING_MARKET_CONTEXT,0,False,False,False,False,False,inactive_status,wait,"LOW_CONFIDENCE_MARKET_CONTEXT,SALE_STATUS_NOT_ACTIVE",0,0,,inactive_sale_status,inactive_sale_status,True,True,True,True,True,True,True,True,True,True,False,False,False,False,True,True,False,False,False,False,False,False,False,False,False,False,False,False,False
2026-04-04T13:58:53Z,BT-7DBY-VHSC,,,Shure Cosmetics,dropped,inactive,live,live_mode_missing_cost,live_product_inputs,out/product_db_preview.csv,no_cost_truth,missing_cost,none,,no_cost,missing_cost,MISSING_MARKET_CONTEXT,0,False,False,False,False,False,inactive_status,wait,"LOW_CONFIDENCE_MARKET_CONTEXT,SALE_STATUS_NOT_ACTIVE",0,0,,inactive_sale_status,inactive_sale_status,True,True,True,True,True,True,True,True,True,True,False,False,False,False,True,True,False,False,False,False,False,False,False,False,False,False,False,False,False
2026-04-04T13:58:53Z,AB-B7ZS-3CGI,,,Shure Cosmetics,dropped,inactive,live,live_mode_missing_cost,live_product_inputs,out/product_db_preview.csv,no_cost_truth,missing_cost,none,,no_cost,missing_cost,MISSING_MARKET_CONTEXT,0,False,False,False,False,False,inactive_status,wait,"LOW_CONFIDENCE_MARKET_CONTEXT,SALE_STATUS_NOT_ACTIVE",0,0,,inactive_sale_status,inactive_sale_status,True,True,True,True,True,True,True,True,True,True,False,False,False,False,True,True,False,False,False,False,False,False,False,False,False,False,False,False,False
2026-04-04T13:58:53Z,VE-1BJX-JY53,,,Shure Cosmetics,dropped,inactive,live,live_mode_missing_cost,live_product_inputs,out/product_db_preview.csv,no_cost_truth,missing_cost,none,,no_cost,missing_cost,MISSING_MARKET_CONTEXT,0,False,False,False,False,False,inactive_status,wait,"LOW_CONFIDENCE_MARKET_CONTEXT,SALE_STATUS_NOT_ACTIVE",0,0,,inactive_sale_status,inactive_sale_status,True,True,True,True,True,True,True,True,True,True,False,False,False,False,True,True,False,False,False,False,False,False,False,False,False,False,False,False,False
2026-04-04T13:58:53Z,AQ-4A75-UZQ4,,,Shure Cosmetics,dropped,inactive,live,live_mode_missing_cost,live_product_inputs,out/product_db_preview.csv,no_cost_truth,missing_cost,none,,no_cost,missing_cost,MISSING_MARKET_CONTEXT,0,False,False,False,False,False,inactive_status,wait,"LOW_CONFIDENCE_MARKET_CONTEXT,SALE_STATUS_NOT_ACTIVE",0,0,,inactive_sale_status,inactive_sale_status,True,True,True,True,True,True,True,True,True,True,False,False,False,False,True,True,False,False,False,False,False,False,False,False,False,False,False,False,False
2026-04-04T13:58:53Z,4A-DZKT-5L3H,,,Shure Cosmetics,dropped,inactive,live,live_mode_missing_cost,live_product_inputs,out/product_db_preview.csv,no_cost_truth,missing_cost,none,,no_cost,missing_cost,MISSING_MARKET_CONTEXT,0,False,False,False,False,False,inactive_status,wait,"LOW_CONFIDENCE_MARKET_CONTEXT,SALE_STATUS_NOT_ACTIVE",0,0,,inactive_sale_status,inactive_sale_status,True,True,True,True,True,True,True,True,True,True,False,False,False,False,True,True,False,False,False,False,False,False,False,False,False,False,False,False,False
2026-04-04T13:58:53Z,56-K5VJ-WKGX,,,Shure Cosmetics,dropped,inactive,live,live_mode_missing_cost,live_product_inputs,out/product_db_preview.csv,no_cost_truth,missing_cost,none,,no_cost,missing_cost,MISSING_MARKET_CONTEXT,0,False,False,False,False,False,inactive_status,wait,"LOW_CONFIDENCE_MARKET_CONTEXT,SALE_STATUS_NOT_ACTIVE",0,0,,inactive_sale_status,inactive_sale_status,True,True,True,True,True,True,True,True,True,True,False,False,False,False,True,True,False,False,False,False,False,False,False,False,False,False,False,False,False
2026-04-04T13:58:53Z,RR-A7OX-MCB4,,,Shure Cosmetics,dropped,inactive,live,live_mode_missing_cost,live_product_inputs,out/product_db_preview.csv,no_cost_truth,missing_cost,none,,no_cost,missing_cost,MISSING_MARKET_CONTEXT,0,False,False,False,False,False,inactive_status,wait,"LOW_CONFIDENCE_MARKET_CONTEXT,SALE_STATUS_NOT_ACTIVE",0,0,,inactive_sale_status,inactive_sale_status,True,True,True,True,True,True,True,True,True,True,False,False,False,False,True,True,False,False,False,False,False,False,False,False,False,False,False,False,False
2026-04-04T13:58:53Z,E8-4EWH-VI2G,,,Shure Cosmetics,dropped,inactive,live,live_mode_missing_cost,live_product_inputs,out/product_db_preview.csv,no_cost_truth,missing_cost,none,,no_cost,missing_cost,MISSING_MARKET_CONTEXT,0,False,False,False,False,False,inactive_status,wait,"LOW_CONFIDENCE_MARKET_CONTEXT,SALE_STATUS_NOT_ACTIVE",0,0,,inactive_sale_status,inactive_sale_status,True,True,True,True,True,True,True,True,True,True,False,False,False,False,True,True,False,False,False,False,False,False,False,False,False,False,False,False,False
2026-04-04T13:58:53Z,UE-IIJJ-P6EL,,,Shure Cosmetics,dropped,inactive,live,live_mode_missing_cost,live_product_inputs,out/product_db_preview.csv,no_cost_truth,missing_cost,none,,no_cost,missing_cost,MISSING_MARKET_CONTEXT,0,False,False,False,False,False,inactive_status,wait,"LOW_CONFIDENCE_MARKET_CONTEXT,SALE_STATUS_NOT_ACTIVE",0,0,,inactive_sale_status,inactive_sale_status,True,True,True,True,True,True,True,True,True,True,False,False,False,False,True,True,False,False,False,False,False,False,False,False,False,False,False,False,False
2026-04-04T13:58:53Z,DW-459L-AFIY,,,Shure Cosmetics,dropped,inactive,live,live_mode_missing_cost,live_product_inputs,out/product_db_preview.csv,no_cost_truth,missing_cost,none,,no_cost,missing_cost,MISSING_MARKET_CONTEXT,0,False,False,False,False,False,inactive_status,wait,"LOW_CONFIDENCE_MARKET_CONTEXT,SALE_STATUS_NOT_ACTIVE",0,0,,inactive_sale_status,inactive_sale_status,True,True,True,True,True,True,True,True,True,True,False,False,False,False,True,True,False,False,False,False,False,False,False,False,False,False,False,False,False
2026-04-04T13:58:53Z,0G-0234-E9NG,B08J1X9VVF,,Shure Cosmetics,dropped,inactive,live,live_mode_missing_cost,live_product_inputs,out/product_db_preview.csv,no_cost_truth,missing_cost,none,,no_cost,missing_cost,MISSING_MARKET_CONTEXT,0,False,False,False,False,False,inactive_status,wait,"LOW_CONFIDENCE_MARKET_CONTEXT,SALE_STATUS_NOT_ACTIVE",0,0,,inactive_sale_status,inactive_sale_status,True,True,True,True,True,True,True,True,True,True,False,False,False,False,True,True,False,False,False,False,False,False,False,False,False,False,False,False,False
2026-04-04T13:58:53Z,3X-9BNK-4A9V,,,Shure Cosmetics,dropped,inactive,live,live_mode_missing_cost,live_product_inputs,out/product_db_preview.csv,no_cost_truth,missing_cost,none,,no_cost,missing_cost,MISSING_MARKET_CONTEXT,0,False,False,False,False,False,inactive_status,wait,"LOW_CONFIDENCE_MARKET_CONTEXT,SALE_STATUS_NOT_ACTIVE",0,0,,inactive_sale_status,inactive_sale_status,True,True,True,True,True,True,True,True,True,True,False,False,False,False,True,True,False,False,False,False,False,False,False,False,False,False,False,False,False
2026-04-04T13:58:53Z,ML-L9EE-YFAW,,,Shure Cosmetics,dropped,inactive,live,live_mode_missing_cost,live_product_inputs,out/product_db_preview.csv,no_cost_truth,missing_cost,none,,no_cost,missing_cost,MISSING_MARKET_CONTEXT,0,False,False,False,False,False,inactive_status,wait,"LOW_CONFIDENCE_MARKET_CONTEXT,SALE_STATUS_NOT_ACTIVE",0,0,,inactive_sale_status,inactive_sale_status,True,True,True,True,True,True,True,True,True,True,False,False,False,False,True,True,False,False,False,False,False,False,False,False,False,False,False,False,False
2026-04-04T13:58:53Z,RZ-QO7D-HPGQ,,QUE034,Tropicana Wholesale,dropped,inactive,live,live_cost_inputs,live_product_inputs,out/product_db_preview.csv,live_cost_truth,last_purchase_price,medium,19.99,last_purchase_fallback,last_purchase_price,MISSING_MARKET_CONTEXT,0,False,True,False,False,False,inactive_status,wait,"LOW_CONFIDENCE_MARKET_CONTEXT,SALE_STATUS_NOT_ACTIVE",0,0,,inactive_sale_status,inactive_sale_status,True,False,False,True,True,True,True,True,True,True,True,False,False,False,True,True,False,False,False,False,False,False,False,False,False,False,False,False,False
2026-04-04T13:58:53Z,8G-5YVC-GJ6P,,484651,Sika,dropped,inactive,live,live_cost_inputs,live_product_inputs,out/product_db_preview.csv,live_cost_truth,last_purchase_price,medium,2.07,last_purchase_fallback,last_purchase_price,MISSING_MARKET_CONTEXT,0,False,True,False,False,False,inactive_status,wait,"LOW_CONFIDENCE_MARKET_CONTEXT,SALE_STATUS_NOT_ACTIVE",0,0,,inactive_sale_status,inactive_sale_status,True,False,False,True,True,True,True,True,True,True,True,False,False,False,True,True,False,False,False,False,False,False,False,False,False,False,False,False,False
2026-04-04T13:58:53Z,9I-A0BY-EW0X,,484651,Sika,dropped,inactive,live,live_cost_inputs,live_product_inputs,out/product_db_preview.csv,live_cost_truth,last_purchase_price,medium,0.69,last_purchase_fallback,last_purchase_price,MISSING_MARKET_CONTEXT,0,False,True,False,False,False,inactive_status,wait,"LOW_CONFIDENCE_MARKET_CONTEXT,SALE_STATUS_NOT_ACTIVE",0,0,,inactive_sale_status,inactive_sale_status,True,False,False,True,True,True,True,True,True,True,True,False,False,False,True,True,False,False,False,False,False,False,False,False,False,False,False,False,False
2026-04-04T13:58:53Z,YV-2E21-62SB,,5016318100283,Stax,dropped,inactive,live,live_cost_inputs,live_product_inputs,out/product_db_preview.csv,live_cost_truth,last_purchase_price,medium,2.63,last_purchase_fallback,last_purchase_price,MISSING_MARKET_CONTEXT,0,False,True,False,False,False,inactive_status,wait,"LOW_CONFIDENCE_MARKET_CONTEXT,SALE_STATUS_NOT_ACTIVE",0,0,,inactive_sale_status,inactive_sale_status,True,False,False,True,True,True,True,True,True,True,True,False,False,False,True,True,False,False,False,False,False,False,False,False,False,False,False,False,False
2026-04-04T13:58:53Z,RX-E62R-OEMW,,5011309026917,Stax,dropped,inactive,live,live_mode_missing_cost,live_product_inputs,out/product_db_preview.csv,no_cost_truth,missing_cost,none,,no_cost,missing_cost,MISSING_MARKET_CONTEXT,0,False,False,False,False,False,inactive_status,wait,"LOW_CONFIDENCE_MARKET_CONTEXT,SALE_STATUS_NOT_ACTIVE",0,0,,inactive_sale_status,inactive_sale_status,True,True,True,True,True,True,True,True,True,True,False,False,False,False,True,True,False,False,False,False,False,False,False,False,False,False,False,False,False
2026-04-04T13:58:53Z,SE-GMXY-FA0M,,,Party Wholesale,dropped,inactive,live,live_mode_missing_cost,live_product_inputs,out/product_db_preview.csv,no_cost_truth,missing_cost,none,,no_cost,missing_cost,MISSING_MARKET_CONTEXT,0,False,False,False,False,False,inactive_status,wait,"LOW_CONFIDENCE_MARKET_CONTEXT,SALE_STATUS_NOT_ACTIVE",0,0,,inactive_sale_status,inactive_sale_status,True,True,True,True,True,True,True,True,True,True,False,False,False,False,True,True,False,False,False,False,False,False,False,False,False,False,False,False,False
2026-04-04T13:58:53Z,EQ-EZL7-FAU3,,1000758,Stax,dropped,inactive,live,live_cost_inputs,live_product_inputs,out/product_db_preview.csv,live_cost_truth,last_purchase_price,medium,3.96,last_purchase_fallback,last_purchase_price,MISSING_MARKET_CONTEXT,0,False,True,False,False,False,inactive_status,wait,"LOW_CONFIDENCE_MARKET_CONTEXT,SALE_STATUS_NOT_ACTIVE",0,0,,inactive_sale_status,inactive_sale_status,True,False,False,True,True,True,True,True,True,True,True,False,False,False,True,True,False,False,False,False,False,False,False,False,False,False,False,False,False
2026-04-04T13:58:53Z,S8-3SXM-Y0JF,,5010624437262,Stax,dropped,inactive,live,live_mode_missing_cost,live_product_inputs,out/product_db_preview.csv,no_cost_truth,missing_cost,none,,no_cost,missing_cost,MISSING_MARKET_CONTEXT,0,False,False,False,False,False,inactive_status,wait,"LOW_CONFIDENCE_MARKET_CONTEXT,SALE_STATUS_NOT_ACTIVE",0,0,,inactive_sale_status,inactive_sale_status,True,True,True,True,True,True,True,True,True,True,False,False,False,False,True,True,False,False,False,False,False,False,False,False,False,False,False,False,False
2026-04-04T13:58:53Z,R4-IXFX-2AQQ,,5010624437545,Stax,dropped,inactive,live,live_cost_inputs,live_product_inputs,out/product_db_preview.csv,live_cost_truth,last_purchase_price,medium,3.96,last_purchase_fallback,last_purchase_price,MISSING_MARKET_CONTEXT,0,False,True,False,False,False,inactive_status,wait,"LOW_CONFIDENCE_MARKET_CONTEXT,SALE_STATUS_NOT_ACTIVE",0,0,,inactive_sale_status,inactive_sale_status,True,False,False,True,True,True,True,True,True,True,True,False,False,False,True,True,False,False,False,False,False,False,False,False,False,False,False,False,False
2026-04-04T13:58:53Z,U8-RDSV-JZ7U,,87298406,Stax,dropped,inactive,live,live_mode_missing_cost,live_product_inputs,out/product_db_preview.csv,no_cost_truth,missing_cost,none,,no_cost,missing_cost,MISSING_MARKET_CONTEXT,0,False,False,False,False,False,inactive_status,wait,"LOW_CONFIDENCE_MARKET_CONTEXT,SALE_STATUS_NOT_ACTIVE",0,0,,inactive_sale_status,inactive_sale_status,True,True,True,True,True,True,True,True,True,True,False,False,False,False,True,True,False,False,False,False,False,False,False,False,False,False,False,False,False
2026-04-04T13:58:53Z,3M-SOO9-5R17,,5015056394459,Stax,dropped,inactive,live,live_mode_missing_cost,live_product_inputs,out/product_db_preview.csv,no_cost_truth,missing_cost,none,,no_cost,missing_cost,MISSING_MARKET_CONTEXT,0,False,False,False,False,False,inactive_status,wait,"LOW_CONFIDENCE_MARKET_CONTEXT,SALE_STATUS_NOT_ACTIVE",0,0,,inactive_sale_status,inactive_sale_status,True,True,True,True,True,True,True,True,True,True,False,False,False,False,True,True,False,False,False,False,False,False,False,False,False,False,False,False,False
2026-04-04T13:58:53Z,K7-L390-M667,,5010624437422,Stax,dropped,inactive,live,live_mode_missing_cost,live_product_inputs,out/product_db_preview.csv,no_cost_truth,missing_cost,none,,no_cost,missing_cost,MISSING_MARKET_CONTEXT,0,False,False,False,False,False,inactive_status,wait,"LOW_CONFIDENCE_MARKET_CONTEXT,SALE_STATUS_NOT_ACTIVE",0,0,,inactive_sale_status,inactive_sale_status,True,True,True,True,True,True,True,True,True,True,False,False,False,False,True,True,False,False,False,False,False,False,False,False,False,False,False,False,False
2026-04-04T13:58:53Z,50-U3CD-LWFE,,5028250441898,Stax,dropped,inactive,live,live_mode_missing_cost,live_product_inputs,out/product_db_preview.csv,no_cost_truth,missing_cost,none,,no_cost,missing_cost,MISSING_MARKET_CONTEXT,0,False,False,False,False,False,inactive_status,wait,"LOW_CONFIDENCE_MARKET_CONTEXT,SALE_STATUS_NOT_ACTIVE",0,0,,inactive_sale_status,inactive_sale_status,True,True,True,True,True,True,True,True,True,True,False,False,False,False,True,True,False,False,False,False,False,False,False,False,False,False,False,False,False
2026-04-04T13:58:53Z,T8-R745-DYOV,,51141346939,Stax,dropped,inactive,live,live_mode_missing_cost,live_product_inputs,out/product_db_preview.csv,no_cost_truth,missing_cost,none,,no_cost,missing_cost,MISSING_MARKET_CONTEXT,0,False,False,False,False,False,inactive_status,wait,"LOW_CONFIDENCE_MARKET_CONTEXT,SALE_STATUS_NOT_ACTIVE",0,0,,inactive_sale_status,inactive_sale_status,True,True,True,True,True,True,True,True,True,True,False,False,False,False,True,True,False,False,False,False,False,False,False,False,False,False,False,False,False
2026-04-04T13:58:53Z,F7-3B20-C9TW,,5010853203508,Stax,dropped,inactive,live,live_mode_missing_cost,live_product_inputs,out/product_db_preview.csv,no_cost_truth,missing_cost,none,,no_cost,missing_cost,MISSING_MARKET_CONTEXT,0,False,False,False,False,False,inactive_status,wait,"LOW_CONFIDENCE_MARKET_CONTEXT,SALE_STATUS_NOT_ACTIVE",0,0,,inactive_sale_status,inactive_sale_status,True,True,True,True,True,True,True,True,True,True,False,False,False,False,True,True,False,False,False,False,False,False,False,False,False,False,False,False,False
2026-04-04T13:58:53Z,9G-57PS-EN16,,5015056356044,Stax,dropped,inactive,live,live_cost_inputs,live_product_inputs,out/product_db_preview.csv,live_cost_truth,last_purchase_price,medium,1.17,last_purchase_fallback,last_purchase_price,MISSING_MARKET_CONTEXT,0,False,True,False,False,False,inactive_status,wait,"LOW_CONFIDENCE_MARKET_CONTEXT,SALE_STATUS_NOT_ACTIVE",0,0,,inactive_sale_status,inactive_sale_status,True,False,False,True,True,True,True,True,True,True,True,False,False,False,True,True,False,False,False,False,False,False,False,False,False,False,False,False,False
2026-04-04T13:58:53Z,08-3ABG-PL11,B01N58L3PP,5023778070223,Stax,dropped,inactive,live,live_cost_inputs,live_product_inputs,out/product_db_preview.csv,live_cost_truth,last_purchase_price,medium,2.98,last_purchase_fallback,last_purchase_price,MISSING_MARKET_CONTEXT,0,False,True,False,False,False,inactive_status,wait,"LOW_CONFIDENCE_MARKET_CONTEXT,SALE_STATUS_NOT_ACTIVE",0,0,,inactive_sale_status,inactive_sale_status,True,False,False,True,True,True,True,True,True,True,True,False,False,False,True,True,False,False,False,False,False,False,False,False,False,False,False,False,False
2026-04-04T13:58:53Z,UG-OV2U-0MBJ,,5010853265179,Stax,dropped,inactive,live,live_mode_missing_cost,live_product_inputs,out/product_db_preview.csv,no_cost_truth,missing_cost,none,,no_cost,missing_cost,MISSING_MARKET_CONTEXT,0,False,False,False,False,False,inactive_status,wait,"LOW_CONFIDENCE_MARKET_CONTEXT,SALE_STATUS_NOT_ACTIVE",0,0,,inactive_sale_status,inactive_sale_status,True,True,True,True,True,True,True,True,True,True,False,False,False,False,True,True,False,False,False,False,False,False,False,False,False,False,False,False,False
2026-04-04T13:58:53Z,D3-R4XE-XV0R,,5010853268477,Stax,dropped,inactive,live,live_cost_inputs,live_product_inputs,out/product_db_preview.csv,live_cost_truth,last_purchase_price,medium,15.29,last_purchase_fallback,last_purchase_price,MISSING_MARKET_CONTEXT,0,False,True,False,False,False,inactive_status,wait,"LOW_CONFIDENCE_MARKET_CONTEXT,SALE_STATUS_NOT_ACTIVE",0,0,,inactive_sale_status,inactive_sale_status,True,False,False,True,True,True,True,True,True,True,True,False,False,False,True,True,False,False,False,False,False,False,False,False,False,False,False,False,False
2026-04-04T13:58:53Z,X6-7E52-0VB3,,356869,Stax,dropped,inactive,live,live_cost_inputs,live_product_inputs,out/product_db_preview.csv,live_cost_truth,last_purchase_price,medium,5.26,last_purchase_fallback,last_purchase_price,MISSING_MARKET_CONTEXT,0,False,True,False,False,False,inactive_status,wait,"LOW_CONFIDENCE_MARKET_CONTEXT,SALE_STATUS_NOT_ACTIVE",0,0,,inactive_sale_status,inactive_sale_status,True,False,False,True,True,True,True,True,True,True,True,False,False,False,True,True,False,False,False,False,False,False,False,False,False,False,False,False,False
2026-04-04T13:58:53Z,SY-KXX7-PDAL,,,Shure Cosmetics,dropped,inactive,live,live_mode_missing_cost,live_product_inputs,out/product_db_preview.csv,no_cost_truth,missing_cost,none,,no_cost,missing_cost,MISSING_MARKET_CONTEXT,0,False,False,False,False,False,inactive_status,wait,"LOW_CONFIDENCE_MARKET_CONTEXT,SALE_STATUS_NOT_ACTIVE",0,0,,inactive_sale_status,inactive_sale_status,True,True,True,True,True,True,True,True,True,True,False,False,False,False,True,True,False,False,False,False,False,False,False,False,False,False,False,False,False
2026-04-04T13:58:53Z,LW-0BSW-ZD88,,,Stax,dropped,inactive,live,live_cost_inputs,live_product_inputs,out/product_db_preview.csv,live_cost_truth,last_purchase_price,medium,0.7,last_purchase_fallback,last_purchase_price,MISSING_MARKET_CONTEXT,0,False,True,False,False,False,inactive_status,wait,"LOW_CONFIDENCE_MARKET_CONTEXT,SALE_STATUS_NOT_ACTIVE",0,0,,inactive_sale_status,inactive_sale_status,True,False,False,True,True,True,True,True,True,True,True,False,False,False,True,True,False,False,False,False,False,False,False,False,False,False,False,False,False
2026-04-04T13:58:53Z,TE-PYY9-E5X8,,HBH30,CLF,dropped,inactive,live,live_cost_inputs,live_product_inputs,out/product_db_preview.csv,live_cost_truth,last_purchase_price,medium,1.66,last_purchase_fallback,last_purchase_price,MISSING_MARKET_CONTEXT,0,False,True,False,False,False,inactive_status,wait,"LOW_CONFIDENCE_MARKET_CONTEXT,SALE_STATUS_NOT_ACTIVE",0,0,,inactive_sale_status,inactive_sale_status,True,False,False,True,True,True,True,True,True,True,True,False,False,False,True,True,False,False,False,False,False,False,False,False,False,False,False,False,False
2026-04-04T13:58:53Z,TK-2H97-E7UH,,OSP51,CLF,dropped,inactive,live,live_cost_inputs,live_product_inputs,out/product_db_preview.csv,live_cost_truth,last_purchase_price,medium,2.25,last_purchase_fallback,last_purchase_price,MISSING_MARKET_CONTEXT,0,False,True,False,False,False,inactive_status,wait,"LOW_CONFIDENCE_MARKET_CONTEXT,SALE_STATUS_NOT_ACTIVE",0,0,,inactive_sale_status,inactive_sale_status,True,False,False,True,True,True,True,True,True,True,True,False,False,False,True,True,False,False,False,False,False,False,False,False,False,False,False,False,False
2026-04-04T13:58:53Z,ZU-VG38-OF3L,,10290397,TD Synnex,dropped,inactive,live,live_cost_inputs,live_product_inputs,out/product_db_preview.csv,live_cost_truth,last_purchase_price,medium,18.54,last_purchase_fallback,last_purchase_price,MISSING_MARKET_CONTEXT,0,False,True,False,False,False,inactive_status,wait,"LOW_CONFIDENCE_MARKET_CONTEXT,SALE_STATUS_NOT_ACTIVE",0,0,,inactive_sale_status,inactive_sale_status,True,False,False,True,True,True,True,True,True,True,True,False,False,False,True,True,False,False,False,False,False,False,False,False,False,False,False,False,False
2026-04-04T13:58:53Z,1D-E3I8-TUK8,B00O3XUG5E,,TD Synnex,dropped,inactive,live,live_mode_missing_cost,live_product_inputs,out/product_db_preview.csv,no_cost_truth,missing_cost,none,,no_cost,missing_cost,MISSING_MARKET_CONTEXT,0,False,False,False,False,False,inactive_status,wait,"LOW_CONFIDENCE_MARKET_CONTEXT,SALE_STATUS_NOT_ACTIVE",0,0,,inactive_sale_status,inactive_sale_status,True,True,True,True,True,True,True,True,True,True,False,False,False,False,True,True,False,False,False,False,False,False,False,False,False,False,False,False,False
2026-04-04T13:58:53Z,V0-8QPG-0A04,,,Shure Cosmetics,dropped,inactive,live,live_mode_missing_cost,live_product_inputs,out/product_db_preview.csv,no_cost_truth,missing_cost,none,,no_cost,missing_cost,MISSING_MARKET_CONTEXT,0,False,False,False,False,False,inactive_status,wait,"LOW_CONFIDENCE_MARKET_CONTEXT,SALE_STATUS_NOT_ACTIVE",0,0,,inactive_sale_status,inactive_sale_status,True,True,True,True,True,True,True,True,True,True,False,False,False,False,True,True,False,False,False,False,False,False,False,False,False,False,False,False,False
2026-04-04T13:58:53Z,V5-VWRV-4S7K,,JNJ35,CLF,dropped,inactive,live,live_cost_inputs,live_product_inputs,out/product_db_preview.csv,live_cost_truth,last_purchase_price,medium,2.83,last_purchase_fallback,last_purchase_price,MISSING_MARKET_CONTEXT,0,False,True,False,False,False,inactive_status,wait,"LOW_CONFIDENCE_MARKET_CONTEXT,SALE_STATUS_NOT_ACTIVE",0,0,,inactive_sale_status,inactive_sale_status,True,False,False,True,True,True,True,True,True,True,True,False,False,False,True,True,False,False,False,False,False,False,False,False,False,False,False,False,False
2026-04-04T13:58:53Z,8N-DRTH-Z7K0,,COA1031,Trilanco,dropped,inactive,live,live_cost_inputs,live_product_inputs,out/product_db_preview.csv,live_cost_truth,last_purchase_price,medium,4.69,last_purchase_fallback,last_purchase_price,MISSING_MARKET_CONTEXT,0,False,True,False,False,False,inactive_status,wait,"LOW_CONFIDENCE_MARKET_CONTEXT,SALE_STATUS_NOT_ACTIVE",0,0,,inactive_sale_status,inactive_sale_status,True,False,False,True,True,True,True,True,True,True,True,False,False,False,True,True,False,False,False,False,False,False,False,False,False,False,False,False,False
2026-04-04T13:58:53Z,JA-LKQX-7YEN,,,DHB,dropped,inactive,live,live_mode_missing_cost,live_product_inputs,out/product_db_preview.csv,no_cost_truth,missing_cost,none,,no_cost,missing_cost,MISSING_MARKET_CONTEXT,0,False,False,False,False,False,inactive_status,wait,"LOW_CONFIDENCE_MARKET_CONTEXT,SALE_STATUS_NOT_ACTIVE",0,0,,inactive_sale_status,inactive_sale_status,True,True,True,True,True,True,True,True,True,True,False,False,False,False,True,True,False,False,False,False,False,False,False,False,False,False,False,False,False
2026-04-04T13:58:53Z,FY-HXC0-DSPO,,,Vital Pet,dropped,inactive,live,live_mode_missing_cost,live_product_inputs,out/product_db_preview.csv,no_cost_truth,missing_cost,none,,no_cost,missing_cost,MISSING_MARKET_CONTEXT,0,False,False,False,False,False,inactive_status,wait,"LOW_CONFIDENCE_MARKET_CONTEXT,SALE_STATUS_NOT_ACTIVE",0,0,,inactive_sale_status,inactive_sale_status,True,True,True,True,True,True,True,True,True,True,False,False,False,False,True,True,False,False,False,False,False,False,False,False,False,False,False,False,False
2026-04-04T13:58:53Z,96-FPCV-82R1,,,We Stock Lots,dropped,inactive,live,live_mode_missing_cost,live_product_inputs,out/product_db_preview.csv,no_cost_truth,missing_cost,none,,no_cost,missing_cost,MISSING_MARKET_CONTEXT,0,False,False,False,False,False,inactive_status,wait,"LOW_CONFIDENCE_MARKET_CONTEXT,SALE_STATUS_NOT_ACTIVE",0,0,,inactive_sale_status,inactive_sale_status,True,True,True,True,True,True,True,True,True,True,False,False,False,False,True,True,False,False,False,False,False,False,False,False,False,False,False,False,False
2026-04-04T13:58:53Z,YB-QDA8-VS05,,,We Stock Lots,dropped,inactive,live,live_mode_missing_cost,live_product_inputs,out/product_db_preview.csv,no_cost_truth,missing_cost,none,,no_cost,missing_cost,MISSING_MARKET_CONTEXT,0,False,False,False,False,False,inactive_status,wait,"LOW_CONFIDENCE_MARKET_CONTEXT,SALE_STATUS_NOT_ACTIVE",0,0,,inactive_sale_status,inactive_sale_status,True,True,True,True,True,True,True,True,True,True,False,False,False,False,True,True,False,False,False,False,False,False,False,False,False,False,False,False,False
2026-04-04T13:58:53Z,YG-H850-FPEW,,3988458,TD Synnex,dropped,inactive,live,live_cost_inputs,live_product_inputs,out/product_db_preview.csv,live_cost_truth,last_purchase_price,medium,5.01,last_purchase_fallback,last_purchase_price,MISSING_MARKET_CONTEXT,0,False,True,False,False,False,inactive_status,wait,"LOW_CONFIDENCE_MARKET_CONTEXT,SALE_STATUS_NOT_ACTIVE",0,0,,inactive_sale_status,inactive_sale_status,True,False,False,True,True,True,True,True,True,True,True,False,False,False,True,True,False,False,False,False,False,False,False,False,False,False,False,False,False
2026-04-04T13:58:53Z,X4-FG91-H4MR,,,Shure Cosmetics,dropped,inactive,live,live_mode_missing_cost,live_product_inputs,out/product_db_preview.csv,no_cost_truth,missing_cost,none,,no_cost,missing_cost,MISSING_MARKET_CONTEXT,0,False,False,False,False,False,inactive_status,wait,"LOW_CONFIDENCE_MARKET_CONTEXT,SALE_STATUS_NOT_ACTIVE",0,0,,inactive_sale_status,inactive_sale_status,True,True,True,True,True,True,True,True,True,True,False,False,False,False,True,True,False,False,False,False,False,False,False,False,False,False,False,False,False
2026-04-04T13:58:53Z,YI-3CHP-LJOZ,,FIN159,CLF,dropped,inactive,live,live_mode_missing_cost,live_product_inputs,out/product_db_preview.csv,no_cost_truth,missing_cost,none,,no_cost,missing_cost,MISSING_MARKET_CONTEXT,0,False,False,False,False,False,inactive_status,wait,"LOW_CONFIDENCE_MARKET_CONTEXT,SALE_STATUS_NOT_ACTIVE",0,0,,inactive_sale_status,inactive_sale_status,True,True,True,True,True,True,True,True,True,True,False,False,False,False,True,True,False,False,False,False,False,False,False,False,False,False,False,False,False
2026-04-04T13:58:53Z,YP-C2ZB-ES8H,,,DK Tools,dropped,inactive,live,live_mode_missing_cost,live_product_inputs,out/product_db_preview.csv,no_cost_truth,missing_cost,none,,no_cost,missing_cost,MISSING_MARKET_CONTEXT,0,False,False,False,False,False,inactive_status,wait,"LOW_CONFIDENCE_MARKET_CONTEXT,SALE_STATUS_NOT_ACTIVE",0,0,,inactive_sale_status,inactive_sale_status,True,True,True,True,True,True,True,True,True,True,False,False,False,False,True,True,False,False,False,False,False,False,False,False,False,False,False,False,False
2026-04-04T13:58:53Z,Z7-VYUL-255V,,5647144,TD Synnex,dropped,inactive,live,live_cost_inputs,live_product_inputs,out/product_db_preview.csv,live_cost_truth,last_purchase_price,medium,3.85,last_purchase_fallback,last_purchase_price,MISSING_MARKET_CONTEXT,0,False,True,False,False,False,inactive_status,wait,"LOW_CONFIDENCE_MARKET_CONTEXT,SALE_STATUS_NOT_ACTIVE",0,0,,inactive_sale_status,inactive_sale_status,True,False,False,True,True,True,True,True,True,True,True,False,False,False,True,True,False,False,False,False,False,False,False,False,False,False,False,False,False
2026-04-04T13:58:53Z,ZA-4RO9-GD8M,,,Shure Cosmetics,dropped,inactive,live,live_mode_missing_cost,live_product_inputs,out/product_db_preview.csv,no_cost_truth,missing_cost,none,,no_cost,missing_cost,MISSING_MARKET_CONTEXT,0,False,False,False,False,False,inactive_status,wait,"LOW_CONFIDENCE_MARKET_CONTEXT,SALE_STATUS_NOT_ACTIVE",0,0,,inactive_sale_status,inactive_sale_status,True,True,True,True,True,True,True,True,True,True,False,False,False,False,True,True,False,False,False,False,False,False,False,False,False,False,False,False,False
2026-04-04T13:58:53Z,ZB-SIAQ-2V7L,,HIG029,Tropicana,dropped,inactive,live,live_mode_missing_cost,live_product_inputs,out/product_db_preview.csv,no_cost_truth,missing_cost,none,,no_cost,missing_cost,MISSING_MARKET_CONTEXT,0,False,False,False,False,False,inactive_status,wait,"LOW_CONFIDENCE_MARKET_CONTEXT,SALE_STATUS_NOT_ACTIVE",0,0,,inactive_sale_status,inactive_sale_status,True,True,True,True,True,True,True,True,True,True,False,False,False,False,True,True,False,False,False,False,False,False,False,False,False,False,False,False,False
2026-04-04T13:58:53Z,1S-ZFUI-RE1A,B0032NGZII,484651,Sika,dropped,inactive,live,live_cost_inputs,live_product_inputs,out/product_db_preview.csv,live_cost_truth,last_purchase_price,medium,0.69,last_purchase_fallback,last_purchase_price,MISSING_MARKET_CONTEXT,0,False,True,False,False,False,inactive_status,wait,"LOW_CONFIDENCE_MARKET_CONTEXT,SALE_STATUS_NOT_ACTIVE",0,0,,inactive_sale_status,inactive_sale_status,True,False,False,True,True,True,True,True,True,True,True,False,False,False,True,True,False,False,False,False,False,False,False,False,False,False,False,False,False
2026-04-04T13:58:53Z,0W-VJRK-9VCG,B00M9UFVGM,674 05288,ABGee,dropped,inactive,live,live_cost_inputs,live_product_inputs,out/product_db_preview.csv,live_cost_truth,last_purchase_price,medium,6.2,last_purchase_fallback,last_purchase_price,MISSING_MARKET_CONTEXT,0,False,True,False,False,False,inactive_status,wait,"LOW_CONFIDENCE_MARKET_CONTEXT,SALE_STATUS_NOT_ACTIVE",0,0,,inactive_sale_status,inactive_sale_status,True,False,False,True,True,True,True,True,True,True,True,False,False,False,True,True,False,False,False,False,False,False,False,False,False,False,False,False,False
2026-04-04T13:58:53Z,E8-MXNZ-4UKU,,EN025X,DHB,dropped,inactive,live,live_cost_inputs,live_product_inputs,out/product_db_preview.csv,live_cost_truth,last_purchase_price,medium,1.26,last_purchase_fallback,last_purchase_price,MISSING_MARKET_CONTEXT,0,False,True,False,False,False,inactive_status,wait,"LOW_CONFIDENCE_MARKET_CONTEXT,SALE_STATUS_NOT_ACTIVE",0,0,,inactive_sale_status,inactive_sale_status,True,False,False,True,True,True,True,True,True,True,True,False,False,False,True,True,False,False,False,False,False,False,False,False,False,False,False,False,False
2026-04-04T13:58:53Z,EL-1QQR-J77R,,OB279,DHB,dropped,inactive,live,live_cost_inputs,live_product_inputs,out/product_db_preview.csv,live_cost_truth,last_purchase_price,medium,6.59,last_purchase_fallback,last_purchase_price,MISSING_MARKET_CONTEXT,0,False,True,False,False,False,inactive_status,wait,"LOW_CONFIDENCE_MARKET_CONTEXT,SALE_STATUS_NOT_ACTIVE",0,0,,inactive_sale_status,inactive_sale_status,True,False,False,True,True,True,True,True,True,True,True,False,False,False,True,True,False,False,False,False,False,False,False,False,False,False,False,False,False
2026-04-04T13:58:53Z,AQ-QMA9-SLHK,,PRO035,DHB,dropped,inactive,live,live_cost_inputs,live_product_inputs,out/product_db_preview.csv,live_cost_truth,last_purchase_price,medium,1.37,last_purchase_fallback,last_purchase_price,MISSING_MARKET_CONTEXT,0,False,True,False,False,False,inactive_status,wait,"LOW_CONFIDENCE_MARKET_CONTEXT,SALE_STATUS_NOT_ACTIVE",0,0,,inactive_sale_status,inactive_sale_status,True,False,False,True,True,True,True,True,True,True,True,False,False,False,True,True,False,False,False,False,False,False,False,False,False,False,False,False,False
2026-04-04T13:58:53Z,C5-V0VF-ZQAV,,TEP084,DHB,dropped,inactive,live,live_cost_inputs,live_product_inputs,out/product_db_preview.csv,live_cost_truth,last_purchase_price,medium,1.17,last_purchase_fallback,last_purchase_price,MISSING_MARKET_CONTEXT,0,False,True,False,False,False,inactive_status,wait,"LOW_CONFIDENCE_MARKET_CONTEXT,SALE_STATUS_NOT_ACTIVE",0,0,,inactive_sale_status,inactive_sale_status,True,False,False,True,True,True,True,True,True,True,True,False,False,False,True,True,False,False,False,False,False,False,False,False,False,False,False,False,False
2026-04-04T13:58:53Z,VZ-MTBC-3AJ6,,PRO048,DHB,dropped,inactive,live,live_cost_inputs,live_product_inputs,out/product_db_preview.csv,live_cost_truth,last_purchase_price,medium,1.11,last_purchase_fallback,last_purchase_price,MISSING_MARKET_CONTEXT,0,False,True,False,False,False,inactive_status,wait,"LOW_CONFIDENCE_MARKET_CONTEXT,SALE_STATUS_NOT_ACTIVE",0,0,,inactive_sale_status,inactive_sale_status,True,False,False,True,True,True,True,True,True,True,True,False,False,False,True,True,False,False,False,False,False,False,False,False,False,False,False,False,False
2026-04-04T13:58:53Z,D9-42IB-HEVC,,121782,Stax,dropped,inactive,live,live_cost_inputs,live_product_inputs,out/product_db_preview.csv,live_cost_truth,last_purchase_price,medium,3.34,last_purchase_fallback,last_purchase_price,MISSING_MARKET_CONTEXT,0,False,True,False,False,False,inactive_status,wait,"LOW_CONFIDENCE_MARKET_CONTEXT,SALE_STATUS_NOT_ACTIVE",0,0,,inactive_sale_status,inactive_sale_status,True,False,False,True,True,True,True,True,True,True,True,False,False,False,True,True,False,False,False,False,False,False,False,False,False,False,False,False,False
2026-04-04T13:58:53Z,LX-K206-ENZX,,118744,Stax,dropped,inactive,live,live_cost_inputs,live_product_inputs,out/product_db_preview.csv,live_cost_truth,last_purchase_price,medium,3.92,last_purchase_fallback,last_purchase_price,MISSING_MARKET_CONTEXT,0,False,True,False,False,False,inactive_status,wait,"LOW_CONFIDENCE_MARKET_CONTEXT,SALE_STATUS_NOT_ACTIVE",0,0,,inactive_sale_status,inactive_sale_status,True,False,False,True,True,True,True,True,True,True,True,False,False,False,True,True,False,False,False,False,False,False,False,False,False,False,False,False,False
2026-04-04T13:58:53Z,X1-68KO-184Y,,102272,Stax,dropped,inactive,live,live_cost_inputs,live_product_inputs,out/product_db_preview.csv,live_cost_truth,last_purchase_price,medium,46,last_purchase_fallback,last_purchase_price,MISSING_MARKET_CONTEXT,0,False,True,False,False,False,inactive_status,wait,"LOW_CONFIDENCE_MARKET_CONTEXT,SALE_STATUS_NOT_ACTIVE",0,0,,inactive_sale_status,inactive_sale_status,True,False,False,True,True,True,True,True,True,True,True,False,False,False,True,True,False,False,False,False,False,False,False,False,False,False,False,False,False
2026-04-04T13:58:53Z,3A-T942-KVZH,,568080,Stax,dropped,inactive,live,live_cost_inputs,live_product_inputs,out/product_db_preview.csv,live_cost_truth,last_purchase_price,medium,1.61,last_purchase_fallback,last_purchase_price,MISSING_MARKET_CONTEXT,0,False,True,False,False,False,inactive_status,wait,"LOW_CONFIDENCE_MARKET_CONTEXT,SALE_STATUS_NOT_ACTIVE",0,0,,inactive_sale_status,inactive_sale_status,True,False,False,True,True,True,True,True,True,True,True,False,False,False,True,True,False,False,False,False,False,False,False,False,False,False,False,False,False
2026-04-04T13:58:53Z,Y0-Q6YF-SIEG,,QUBO,Bliss Distribution,dropped,inactive,live,live_cost_inputs,live_product_inputs,out/product_db_preview.csv,live_cost_truth,last_purchase_price,medium,63.25,last_purchase_fallback,last_purchase_price,MISSING_MARKET_CONTEXT,0,False,True,False,False,False,inactive_status,wait,"LOW_CONFIDENCE_MARKET_CONTEXT,SALE_STATUS_NOT_ACTIVE",0,0,,inactive_sale_status,inactive_sale_status,True,False,False,True,True,True,True,True,True,True,True,False,False,False,True,True,False,False,False,False,False,False,False,False,False,False,False,False,False
2026-04-04T13:58:53Z,FY-L1AO-4YOT,,77-95360,TD Synnex,dropped,inactive,live,live_cost_inputs,live_product_inputs,out/product_db_preview.csv,live_cost_truth,last_purchase_price,medium,13.34,last_purchase_fallback,last_purchase_price,MISSING_MARKET_CONTEXT,0,False,True,False,False,False,inactive_status,wait,"LOW_CONFIDENCE_MARKET_CONTEXT,SALE_STATUS_NOT_ACTIVE",0,0,,inactive_sale_status,inactive_sale_status,True,False,False,True,True,True,True,True,True,True,True,False,False,False,True,True,False,False,False,False,False,False,False,False,False,False,False,False,False
2026-04-04T13:58:53Z,ZP-F5C8-7ZCG,,TAPO L510B(4-PACK),TD Synnex,dropped,inactive,live,live_cost_inputs,live_product_inputs,out/product_db_preview.csv,live_cost_truth,last_purchase_price,medium,27.75,last_purchase_fallback,last_purchase_price,MISSING_MARKET_CONTEXT,0,False,True,False,False,False,inactive_status,wait,"LOW_CONFIDENCE_MARKET_CONTEXT,SALE_STATUS_NOT_ACTIVE",0,0,,inactive_sale_status,inactive_sale_status,True,False,False,True,True,True,True,True,True,True,True,False,False,False,True,True,False,False,False,False,False,False,False,False,False,False,False,False,False
2026-04-04T13:58:53Z,KJ-T17P-5CVS,,PAG93,Knights Fragrances,dropped,inactive,live,live_cost_inputs,live_product_inputs,out/product_db_preview.csv,live_cost_truth,last_purchase_price,medium,15.61,last_purchase_fallback,last_purchase_price,MISSING_MARKET_CONTEXT,0,False,True,False,False,False,inactive_status,wait,"LOW_CONFIDENCE_MARKET_CONTEXT,SALE_STATUS_NOT_ACTIVE",0,0,,inactive_sale_status,inactive_sale_status,True,False,False,True,True,True,True,True,True,True,True,False,False,False,True,True,False,False,False,False,False,False,False,False,False,False,False,False,False
2026-04-04T13:58:53Z,Approval-1,,285 F9988,ABGee,dropped,inactive,live,live_mode_missing_cost,live_product_inputs,out/product_db_preview.csv,no_cost_truth,missing_cost,none,,no_cost,missing_cost,MISSING_MARKET_CONTEXT,0,False,False,False,False,False,inactive_status,wait,"LOW_CONFIDENCE_MARKET_CONTEXT,SALE_STATUS_NOT_ACTIVE",0,0,,inactive_sale_status,inactive_sale_status,True,True,True,True,True,True,True,True,True,True,False,False,False,False,True,True,False,False,False,False,False,False,False,False,False,False,False,False,False
2026-04-04T13:58:53Z,L7-ZGYU-IWOW,,NK701236SP,Murrays Health and Beauty,dropped,inactive,live,live_cost_inputs,live_product_inputs,out/product_db_preview.csv,live_cost_truth,last_purchase_price,medium,2.97,last_purchase_fallback,last_purchase_price,MISSING_MARKET_CONTEXT,0,False,True,False,False,False,inactive_status,wait,"LOW_CONFIDENCE_MARKET_CONTEXT,SALE_STATUS_NOT_ACTIVE",0,0,,inactive_sale_status,inactive_sale_status,True,False,False,True,True,True,True,True,True,True,True,False,False,False,True,True,False,False,False,False,False,False,False,False,False,False,False,False,False
2026-04-04T13:58:53Z,XX-ISP6-LTOY,,449066,Jones Wholesale,dropped,inactive,live,live_cost_inputs,live_product_inputs,out/product_db_preview.csv,live_cost_truth,last_purchase_price,medium,2.33,last_purchase_fallback,last_purchase_price,MISSING_MARKET_CONTEXT,0,False,True,False,False,False,inactive_status,wait,"LOW_CONFIDENCE_MARKET_CONTEXT,SALE_STATUS_NOT_ACTIVE",0,0,,inactive_sale_status,inactive_sale_status,True,False,False,True,True,True,True,True,True,True,True,False,False,False,True,True,False,False,False,False,False,False,False,False,False,False,False,False,False
2026-04-04T13:58:53Z,8R-0UT9-SEOY,,229237,Jones Wholesale,dropped,inactive,live,live_cost_inputs,live_product_inputs,out/product_db_preview.csv,live_cost_truth,last_purchase_price,medium,6.56,last_purchase_fallback,last_purchase_price,MISSING_MARKET_CONTEXT,0,False,True,False,False,False,inactive_status,wait,"LOW_CONFIDENCE_MARKET_CONTEXT,SALE_STATUS_NOT_ACTIVE",0,0,,inactive_sale_status,inactive_sale_status,True,False,False,True,True,True,True,True,True,True,True,False,False,False,True,True,False,False,False,False,False,False,False,False,False,False,False,False,False
2026-04-04T13:58:53Z,7C-MBEY-QA37,,UGD011356,Heo,dropped,inactive,live,live_cost_inputs,live_product_inputs,out/product_db_preview.csv,live_cost_truth,last_purchase_price,medium,2.62,last_purchase_fallback,last_purchase_price,MISSING_MARKET_CONTEXT,0,False,True,False,False,False,inactive_status,wait,"LOW_CONFIDENCE_MARKET_CONTEXT,SALE_STATUS_NOT_ACTIVE",0,0,,inactive_sale_status,inactive_sale_status,True,False,False,True,True,True,True,True,True,True,True,False,False,False,True,True,False,False,False,False,False,False,False,False,False,False,False,False,False
2026-04-04T13:58:53Z,QS-V8XL-25CO,,119408,Stax,dropped,inactive,live,live_cost_inputs,live_product_inputs,out/product_db_preview.csv,live_cost_truth,last_purchase_price,medium,36.4,last_purchase_fallback,last_purchase_price,MISSING_MARKET_CONTEXT,0,False,True,False,False,False,inactive_status,wait,"LOW_CONFIDENCE_MARKET_CONTEXT,SALE_STATUS_NOT_ACTIVE",0,0,,inactive_sale_status,inactive_sale_status,True,False,False,True,True,True,True,True,True,True,True,False,False,False,True,True,False,False,False,False,False,False,False,False,False,False,False,False,False
2026-04-04T13:58:53Z,L3-OHWF-OL4P,,300641,Stax,dropped,inactive,live,live_cost_inputs,live_product_inputs,out/product_db_preview.csv,live_cost_truth,last_purchase_price,medium,1.54,last_purchase_fallback,last_purchase_price,MISSING_MARKET_CONTEXT,0,False,True,False,False,False,inactive_status,wait,"LOW_CONFIDENCE_MARKET_CONTEXT,SALE_STATUS_NOT_ACTIVE",0,0,,inactive_sale_status,inactive_sale_status,True,False,False,True,True,True,True,True,True,True,True,False,False,False,True,True,False,False,False,False,False,False,False,False,False,False,False,False,False
2026-04-04T13:58:53Z,VA-7T3X-R64D,,300653,Stax,dropped,inactive,live,live_cost_inputs,live_product_inputs,out/product_db_preview.csv,live_cost_truth,last_purchase_price,medium,1.56,last_purchase_fallback,last_purchase_price,MISSING_MARKET_CONTEXT,0,False,True,False,False,False,inactive_status,wait,"LOW_CONFIDENCE_MARKET_CONTEXT,SALE_STATUS_NOT_ACTIVE",0,0,,inactive_sale_status,inactive_sale_status,True,False,False,True,True,True,True,True,True,True,True,False,False,False,True,True,False,False,False,False,False,False,False,False,False,False,False,False,False
2026-04-04T13:58:53Z,Y3-RYVT-A6Y8,,358690,Stax,dropped,inactive,live,live_cost_inputs,live_product_inputs,out/product_db_preview.csv,live_cost_truth,last_purchase_price,medium,2.85,last_purchase_fallback,last_purchase_price,PRODUCT_DB_LIVE_LISTING_PRICE,0,False,True,True,False,False,inactive_status,wait,"LOW_CONFIDENCE_MARKET_CONTEXT,SALE_STATUS_NOT_ACTIVE",0,0,322.105263,inactive_sale_status,inactive_sale_status,True,False,False,False,True,True,True,True,True,True,True,False,False,True,False,True,False,False,False,False,False,False,False,False,False,False,False,False,False
2026-04-04T13:58:53Z,ZU-RET1-5CSU,,SCS22441,Shure Cosmetics,dropped,inactive,live,live_cost_inputs,live_product_inputs,out/product_db_preview.csv,live_cost_truth,last_purchase_price,medium,3.95,last_purchase_fallback,last_purchase_price,MISSING_MARKET_CONTEXT,0,False,True,False,False,False,inactive_status,wait,"LOW_CONFIDENCE_MARKET_CONTEXT,SALE_STATUS_NOT_ACTIVE",0,0,,inactive_sale_status,inactive_sale_status,True,False,False,True,True,True,True,True,True,True,True,False,False,False,True,True,False,False,False,False,False,False,False,False,False,False,False,False,False
2026-04-04T13:58:53Z,62-2H0B-RRR3,,SCS21275,Shure Cosmetics,dropped,inactive,live,live_cost_inputs,live_product_inputs,out/product_db_preview.csv,live_cost_truth,last_purchase_price,medium,2.5,last_purchase_fallback,last_purchase_price,MISSING_MARKET_CONTEXT,0,False,True,False,False,False,inactive_status,wait,"LOW_CONFIDENCE_MARKET_CONTEXT,SALE_STATUS_NOT_ACTIVE",0,0,,inactive_sale_status,inactive_sale_status,True,False,False,True,True,True,True,True,True,True,True,False,False,False,True,True,False,False,False,False,False,False,False,False,False,False,False,False,False
2026-04-04T13:58:53Z,R9-20LM-YJL9,,SCS19803,Shure Cosmetics,dropped,inactive,live,live_cost_inputs,live_product_inputs,out/product_db_preview.csv,live_cost_truth,last_purchase_price,medium,1.65,last_purchase_fallback,last_purchase_price,MISSING_MARKET_CONTEXT,0,False,True,False,False,False,inactive_status,wait,"LOW_CONFIDENCE_MARKET_CONTEXT,SALE_STATUS_NOT_ACTIVE",0,0,,inactive_sale_status,inactive_sale_status,True,False,False,True,True,True,True,True,True,True,True,False,False,False,True,True,False,False,False,False,False,False,False,False,False,False,False,False,False
2026-04-04T13:58:53Z,B7-D9X9-FWYR,,SCS20085,Shure Cosmetics,dropped,inactive,live,live_cost_inputs,live_product_inputs,out/product_db_preview.csv,live_cost_truth,last_purchase_price,medium,2.95,last_purchase_fallback,last_purchase_price,MISSING_MARKET_CONTEXT,0,False,True,False,False,False,inactive_status,wait,"LOW_CONFIDENCE_MARKET_CONTEXT,SALE_STATUS_NOT_ACTIVE",0,0,,inactive_sale_status,inactive_sale_status,True,False,False,True,True,True,True,True,True,True,True,False,False,False,True,True,False,False,False,False,False,False,False,False,False,False,False,False,False
2026-04-04T13:58:53Z,5R-LL8J-AP4S,,SCS16923,Shure Cosmetics,dropped,inactive,live,live_cost_inputs,live_product_inputs,out/product_db_preview.csv,live_cost_truth,last_purchase_price,medium,3.5,last_purchase_fallback,last_purchase_price,MISSING_MARKET_CONTEXT,0,False,True,False,False,False,inactive_status,wait,"LOW_CONFIDENCE_MARKET_CONTEXT,SALE_STATUS_NOT_ACTIVE",0,0,,inactive_sale_status,inactive_sale_status,True,False,False,True,True,True,True,True,True,True,True,False,False,False,True,True,False,False,False,False,False,False,False,False,False,False,False,False,False
2026-04-04T13:58:53Z,3C-HIAR-JEF0,,SCS20397,Shure Cosmetics,dropped,inactive,live,live_cost_inputs,live_product_inputs,out/product_db_preview.csv,live_cost_truth,last_purchase_price,medium,1.25,last_purchase_fallback,last_purchase_price,MISSING_MARKET_CONTEXT,0,False,True,False,False,False,inactive_status,wait,"LOW_CONFIDENCE_MARKET_CONTEXT,SALE_STATUS_NOT_ACTIVE",0,0,,inactive_sale_status,inactive_sale_status,True,False,False,True,True,True,True,True,True,True,True,False,False,False,True,True,False,False,False,False,False,False,False,False,False,False,False,False,False
2026-04-04T13:58:53Z,CLFAPPLY1,,MAU2,CLF,dropped,inactive,live,live_cost_inputs,live_product_inputs,out/product_db_preview.csv,live_cost_truth,last_purchase_price,medium,11.89,last_purchase_fallback,last_purchase_price,MISSING_MARKET_CONTEXT,0,False,True,False,False,False,inactive_status,wait,"LOW_CONFIDENCE_MARKET_CONTEXT,SALE_STATUS_NOT_ACTIVE",0,0,,inactive_sale_status,inactive_sale_status,True,False,False,True,True,True,True,True,True,True,True,False,False,False,True,True,False,False,False,False,False,False,False,False,False,False,False,False,False
2026-04-04T13:58:53Z,---,,HRI-GM,CLF,dropped,inactive,live,live_mode_missing_cost,live_product_inputs,out/product_db_preview.csv,no_cost_truth,missing_cost,none,,no_cost,missing_cost,MISSING_MARKET_CONTEXT,0,False,False,False,False,False,inactive_status,wait,"LOW_CONFIDENCE_MARKET_CONTEXT,SALE_STATUS_NOT_ACTIVE",0,0,,inactive_sale_status,inactive_sale_status,True,True,True,True,True,True,True,True,True,True,False,False,False,False,True,True,False,False,False,False,False,False,False,False,False,False,False,False,False
2026-04-04T13:58:53Z,C7-D8C6-UWDV,,BBW53,CLF,dropped,inactive,live,live_cost_inputs,live_product_inputs,out/product_db_preview.csv,live_cost_truth,last_purchase_price,medium,2.5,last_purchase_fallback,last_purchase_price,MISSING_MARKET_CONTEXT,0,False,True,False,False,False,inactive_status,wait,"LOW_CONFIDENCE_MARKET_CONTEXT,SALE_STATUS_NOT_ACTIVE",0,0,,inactive_sale_status,inactive_sale_status,True,False,False,True,True,True,True,True,True,True,True,False,False,False,True,True,False,False,False,False,False,False,False,False,False,False,False,False,False
2026-04-04T13:58:53Z,RI-DHUT-XR75,,UGD010894,Bliss Distribution,dropped,inactive,live,live_cost_inputs,live_product_inputs,out/product_db_preview.csv,live_cost_truth,last_purchase_price,medium,4.3,last_purchase_fallback,last_purchase_price,MISSING_MARKET_CONTEXT,0,False,True,False,False,False,inactive_status,wait,"LOW_CONFIDENCE_MARKET_CONTEXT,SALE_STATUS_NOT_ACTIVE",0,0,,inactive_sale_status,inactive_sale_status,True,False,False,True,True,True,True,True,True,True,True,False,False,False,True,True,False,False,False,False,False,False,False,False,False,False,False,False,False
2026-04-04T13:58:53Z,Y2-A0XO-9DCH,,484652,Sika,dropped,inactive,live,live_cost_inputs,live_product_inputs,out/product_db_preview.csv,live_cost_truth,last_purchase_price,medium,4.29,last_purchase_fallback,last_purchase_price,MISSING_MARKET_CONTEXT,0,False,True,False,False,False,inactive_status,wait,"LOW_CONFIDENCE_MARKET_CONTEXT,SALE_STATUS_NOT_ACTIVE",0,0,,inactive_sale_status,inactive_sale_status,True,False,False,True,True,True,True,True,True,True,True,False,False,False,True,True,False,False,False,False,False,False,False,False,False,False,False,False,False
2026-04-04T13:58:53Z,JP-9X4T-0CCC,,77-95379,TD Synnex,dropped,inactive,live,live_cost_inputs,live_product_inputs,out/product_db_preview.csv,live_cost_truth,last_purchase_price,medium,13.57,last_purchase_fallback,last_purchase_price,MISSING_MARKET_CONTEXT,0,False,True,False,False,False,inactive_status,wait,"LOW_CONFIDENCE_MARKET_CONTEXT,SALE_STATUS_NOT_ACTIVE",0,0,,inactive_sale_status,inactive_sale_status,True,False,False,True,True,True,True,True,True,True,True,False,False,False,True,True,False,False,False,False,False,False,False,False,False,False,False,False,False
2026-04-04T13:58:53Z,9Q-K2SI-Q5LI,,4P4F4AA,TD Synnex,dropped,inactive,live,live_cost_inputs,live_product_inputs,out/product_db_preview.csv,live_cost_truth,last_purchase_price,medium,28.5,last_purchase_fallback,last_purchase_price,MISSING_MARKET_CONTEXT,0,False,True,False,False,False,inactive_status,wait,"LOW_CONFIDENCE_MARKET_CONTEXT,SALE_STATUS_NOT_ACTIVE",0,0,,inactive_sale_status,inactive_sale_status,True,False,False,True,True,True,True,True,True,True,True,False,False,False,True,True,False,False,False,False,False,False,False,False,False,False,False,False,False
2026-04-04T13:58:53Z,2Z-WVXG-I7W1,,CT2K8G4DFS824A,TD Synnex,dropped,inactive,live,live_mode_missing_cost,live_product_inputs,out/product_db_preview.csv,no_cost_truth,missing_cost,none,,no_cost,missing_cost,MISSING_MARKET_CONTEXT,0,False,False,False,False,False,inactive_status,wait,"LOW_CONFIDENCE_MARKET_CONTEXT,SALE_STATUS_NOT_ACTIVE",0,0,,inactive_sale_status,inactive_sale_status,True,True,True,True,True,True,True,True,True,True,False,False,False,False,True,True,False,False,False,False,False,False,False,False,False,False,False,False,False
2026-04-04T13:58:53Z,E1-W7LJ-CUKO,,CT2K8G4SFS824A,TD Synnex,dropped,inactive,live,live_mode_missing_cost,live_product_inputs,out/product_db_preview.csv,no_cost_truth,missing_cost,none,,no_cost,missing_cost,MISSING_MARKET_CONTEXT,0,False,False,False,False,False,inactive_status,wait,"LOW_CONFIDENCE_MARKET_CONTEXT,SALE_STATUS_NOT_ACTIVE",0,0,,inactive_sale_status,inactive_sale_status,True,True,True,True,True,True,True,True,True,True,False,False,False,False,True,True,False,False,False,False,False,False,False,False,False,False,False,False,False
2026-04-04T13:58:53Z,U4-Z3VT-1WNS,,4X90U90618,TD Synnex,dropped,inactive,live,live_mode_missing_cost,live_product_inputs,out/product_db_preview.csv,no_cost_truth,missing_cost,none,,no_cost,missing_cost,MISSING_MARKET_CONTEXT,0,False,False,False,False,False,inactive_status,wait,"LOW_CONFIDENCE_MARKET_CONTEXT,SALE_STATUS_NOT_ACTIVE",0,0,,inactive_sale_status,inactive_sale_status,True,True,True,True,True,True,True,True,True,True,False,False,False,False,True,True,False,False,False,False,False,False,False,False,False,False,False,False,False
2026-04-04T13:58:53Z,6S-TT0C-48SV,,838917,Stax,dropped,inactive,live,live_cost_inputs,live_product_inputs,out/product_db_preview.csv,live_cost_truth,last_purchase_price,medium,9.49,last_purchase_fallback,last_purchase_price,MISSING_MARKET_CONTEXT,0,False,True,False,False,False,inactive_status,wait,"LOW_CONFIDENCE_MARKET_CONTEXT,SALE_STATUS_NOT_ACTIVE",0,0,,inactive_sale_status,inactive_sale_status,True,False,False,True,True,True,True,True,True,True,True,False,False,False,True,True,False,False,False,False,False,False,False,False,False,False,False,False,False
2026-04-04T13:58:53Z,N2-I82D-3I3Q,,743941,Stax,dropped,inactive,live,live_cost_inputs,live_product_inputs,out/product_db_preview.csv,live_cost_truth,last_purchase_price,medium,6.96,last_purchase_fallback,last_purchase_price,MISSING_MARKET_CONTEXT,0,False,True,False,False,False,inactive_status,wait,"LOW_CONFIDENCE_MARKET_CONTEXT,SALE_STATUS_NOT_ACTIVE",0,0,,inactive_sale_status,inactive_sale_status,True,False,False,True,True,True,True,True,True,True,True,False,False,False,True,True,False,False,False,False,False,False,False,False,False,False,False,False,False
2026-04-04T13:58:53Z,GZ-0NY2-BOHL,,BOTI38687,Heo,dropped,inactive,live,live_cost_inputs,live_product_inputs,out/product_db_preview.csv,live_cost_truth,last_purchase_price,medium,5.34,last_purchase_fallback,last_purchase_price,MISSING_MARKET_CONTEXT,0,False,True,False,False,False,inactive_status,wait,"LOW_CONFIDENCE_MARKET_CONTEXT,SALE_STATUS_NOT_ACTIVE",0,0,,inactive_sale_status,inactive_sale_status,True,False,False,True,True,True,True,True,True,True,True,False,False,False,True,True,False,False,False,False,False,False,False,False,False,False,False,False,False
2026-04-04T13:58:53Z,S2-RZ4R-15M6,,SCS18973,Shure Cosmetics,dropped,inactive,live,live_cost_inputs,live_product_inputs,out/product_db_preview.csv,live_cost_truth,last_purchase_price,medium,9.15,last_purchase_fallback,last_purchase_price,MISSING_MARKET_CONTEXT,0,False,True,False,False,False,inactive_status,wait,"LOW_CONFIDENCE_MARKET_CONTEXT,SALE_STATUS_NOT_ACTIVE",0,0,,inactive_sale_status,inactive_sale_status,True,False,False,True,True,True,True,True,True,True,True,False,False,False,True,True,False,False,False,False,False,False,False,False,False,False,False,False,False
2026-04-04T13:58:53Z,VU-UQNN-35C8,,SKI037,Tropicana Wholesale,dropped,inactive,live,live_cost_inputs,live_product_inputs,out/product_db_preview.csv,live_cost_truth,last_purchase_price,medium,2,last_purchase_fallback,last_purchase_price,PRODUCT_DB_LIVE_LISTING_PRICE,0,False,True,True,False,False,inactive_status,wait,"LOW_CONFIDENCE_MARKET_CONTEXT,SALE_STATUS_NOT_ACTIVE",0,0,398.5,inactive_sale_status,inactive_sale_status,True,False,False,False,True,True,True,True,True,True,True,False,False,True,False,True,False,False,False,False,False,False,False,False,False,False,False,False,False
2026-04-04T13:58:53Z,Apply2,,6F22R-1BP,Rashmian,dropped,inactive,live,live_mode_missing_cost,live_product_inputs,out/product_db_preview.csv,no_cost_truth,missing_cost,none,,no_cost,missing_cost,MISSING_MARKET_CONTEXT,0,False,False,False,False,False,inactive_status,wait,"LOW_CONFIDENCE_MARKET_CONTEXT,SALE_STATUS_NOT_ACTIVE",0,0,,inactive_sale_status,inactive_sale_status,True,True,True,True,True,True,True,True,True,True,False,False,False,False,True,True,False,False,False,False,False,False,False,False,False,False,False,False,False
2026-04-04T13:58:53Z,Apply-B0CSGSCWTP,,HASF9991,Heo,dropped,inactive,live,live_cost_inputs,live_product_inputs,out/product_db_preview.csv,live_cost_truth,last_purchase_price,medium,6.88,last_purchase_fallback,last_purchase_price,MISSING_MARKET_CONTEXT,0,False,True,False,False,False,inactive_status,wait,"LOW_CONFIDENCE_MARKET_CONTEXT,SALE_STATUS_NOT_ACTIVE",0,0,,inactive_sale_status,inactive_sale_status,True,False,False,True,True,True,True,True,True,True,True,False,False,False,True,True,False,False,False,False,False,False,False,False,False,False,False,False,False
2026-04-04T13:58:53Z,Apply-B0CSH9HXQ5,,HASF9987,Heo,dropped,inactive,live,live_cost_inputs,live_product_inputs,out/product_db_preview.csv,live_cost_truth,last_purchase_price,medium,5.27,last_purchase_fallback,last_purchase_price,MISSING_MARKET_CONTEXT,0,False,True,False,False,False,inactive_status,wait,"LOW_CONFIDENCE_MARKET_CONTEXT,SALE_STATUS_NOT_ACTIVE",0,0,,inactive_sale_status,inactive_sale_status,True,False,False,True,True,True,True,True,True,True,True,False,False,False,True,True,False,False,False,False,False,False,False,False,False,False,False,False,False
2026-04-04T13:58:53Z,REJECT,,EAN1,CLF,dropped,inactive,live,live_mode_missing_cost,live_product_inputs,out/product_db_preview.csv,no_cost_truth,missing_cost,none,,no_cost,missing_cost,MISSING_MARKET_CONTEXT,0,False,False,False,False,False,inactive_status,wait,"LOW_CONFIDENCE_MARKET_CONTEXT,SALE_STATUS_NOT_ACTIVE",0,0,,inactive_sale_status,inactive_sale_status,True,True,True,True,True,True,True,True,True,True,False,False,False,False,True,True,False,False,False,False,False,False,False,False,False,False,False,False,False
2026-04-04T13:58:53Z,UE-BZE5-I0WM,,,,dropped,inactive,live,live_mode_missing_cost,live_product_inputs,out/product_db_preview.csv,no_cost_truth,missing_cost,none,,no_cost,missing_cost,MISSING_MARKET_CONTEXT,0,False,False,False,False,False,inactive_status,wait,"LOW_CONFIDENCE_MARKET_CONTEXT,SALE_STATUS_NOT_ACTIVE",0,0,,inactive_sale_status,inactive_sale_status,True,True,True,True,True,True,True,True,True,True,False,False,False,False,True,True,False,False,False,False,False,False,False,False,False,False,False,False,False
2026-04-04T13:58:53Z,FBA15K3QTGNT_unexpected_item_01,B07RRQX71T,HBH30,CLF,discontinued,inactive,live,live_mode_missing_cost,live_product_inputs,out/product_db_preview.csv,no_cost_truth,missing_cost,none,,no_cost,missing_cost,PRODUCT_DB_LIVE_LISTING_PRICE,0.0,False,False,True,False,False,inactive_status,wait,"LOW_CONFIDENCE_MARKET_CONTEXT,SALE_STATUS_NOT_ACTIVE",0,0,,inactive_sale_status,inactive_sale_status,True,True,True,False,True,True,True,True,True,True,False,False,False,False,True,True,False,False,False,False,False,False,False,False,False,False,False,False,False
2026-04-04T13:58:53Z,PT-7SUD-DDSG,B09NQ9ZHDQ,,,,unknown,live,live_mode_missing_cost,live_product_inputs,out/product_db_preview.csv,no_cost_truth,missing_cost,none,,no_cost,missing_cost,PRODUCT_DB_LIVE_LISTING_PRICE,0,False,False,True,False,False,inactive_or_unknown_status,wait,"LOW_CONFIDENCE_MARKET_CONTEXT,SALE_STATUS_NOT_ACTIVE",0,0,,inactive_sale_status,inactive_sale_status,True,True,True,False,True,True,True,True,True,True,False,False,False,False,True,True,False,False,False,False,False,False,False,False,False,False,False,False,False
2026-04-04T13:58:53Z,3Z-03PB-Q1A8,B09NQ9ZHDQ,WP2022,Bliss Distribution,dropped,inactive,live,live_mode_missing_cost,live_product_inputs,out/product_db_preview.csv,no_cost_truth,missing_cost,none,,no_cost,missing_cost,PRODUCT_DB_LIVE_LISTING_PRICE,0,False,False,True,False,False,inactive_status,wait,"LOW_CONFIDENCE_MARKET_CONTEXT,SALE_STATUS_NOT_ACTIVE",0,0,,inactive_sale_status,inactive_sale_status,True,True,True,False,True,True,True,True,True,True,False,False,False,False,True,True,False,False,False,False,False,False,False,False,False,False,False,False,False
2026-04-04T13:58:53Z,02-7AZG-O0CV,B01N31JDVX,,Party Wholesalers,active,active,live,live_mode_missing_cost,live_product_inputs,out/product_db_preview.csv,no_cost_truth,missing_cost,none,,no_cost,missing_cost,PRODUCT_DB_LIVE_LISTING_PRICE,0.0,True,False,True,False,False,missing_cost_and_demand,wait,"LOW_CONFIDENCE_MARKET_CONTEXT,WEAK_DEMAND_SIGNAL",0,0,,weak_demand,weak_demand,True,True,True,False,True,True,True,True,True,True,False,False,False,False,True,True,False,False,False,False,False,False,False,True,False,False,True,False,True
2026-04-04T13:58:53Z,03-7TNF-U2A1,B08C34199M,WIS112,DHB,dropped,inactive,live,live_mode_missing_cost,live_product_inputs,out/product_db_preview.csv,no_cost_truth,missing_cost,none,,no_cost,missing_cost,PRODUCT_DB_LIVE_LISTING_PRICE,0,False,False,True,False,False,inactive_status,wait,"LOW_CONFIDENCE_MARKET_CONTEXT,SALE_STATUS_NOT_ACTIVE",0,0,,inactive_sale_status,inactive_sale_status,True,True,True,False,True,True,True,True,True,True,False,False,False,False,True,True,False,False,False,False,False,False,False,False,False,False,False,False,False
2026-04-04T13:58:53Z,06-6WC0-UGFH,B004YJLV6K,TZE242,TD Synnex,active,active,live,live_mode_missing_cost,live_product_inputs,out/product_db_preview.csv,no_cost_truth,missing_cost,none,,no_cost,missing_cost,PRODUCT_DB_LIVE_LISTING_PRICE,0,True,False,True,False,False,missing_cost_and_demand,wait,"LOW_CONFIDENCE_MARKET_CONTEXT,WEAK_DEMAND_SIGNAL",0,0,,weak_demand,weak_demand,True,True,True,False,True,True,True,True,True,True,False,False,False,False,True,True,False,False,False,False,False,False,False,True,False,False,True,False,True
2026-04-04T13:58:53Z,0B-IC3D-6S96,B00ICS6JWK,,,,unknown,live,live_mode_missing_cost,live_product_inputs,out/product_db_preview.csv,no_cost_truth,missing_cost,none,,no_cost,missing_cost,PRODUCT_DB_LIVE_LISTING_PRICE,0,False,False,True,False,False,inactive_or_unknown_status,wait,"LOW_CONFIDENCE_MARKET_CONTEXT,SALE_STATUS_NOT_ACTIVE",0,0,,inactive_sale_status,inactive_sale_status,True,True,True,False,True,True,True,True,True,True,False,False,False,False,True,True,False,False,False,False,False,False,False,False,False,False,False,False,False
2026-04-04T13:58:53Z,0G-JB6S-PN34,B07H2WXMDJ,SKI002,Tropicana Wholesale,active,active,live,live_mode_missing_cost,live_product_inputs,out/product_db_preview.csv,no_cost_truth,missing_cost,none,,no_cost,missing_cost,PRODUCT_DB_LIVE_LISTING_PRICE,1.0,True,False,True,True,False,missing_cost_only,wait,"LOW_CONFIDENCE_MARKET_CONTEXT,BLOCKED_MISSING_COST_INPUT",0,0,,missing_forward_roi_inputs,missing_forward_roi_inputs,True,True,True,False,False,True,True,True,True,True,False,False,False,False,True,True,False,False,False,True,False,False,False,False,False,False,True,False,False
2026-04-04T13:58:53Z,0H-5V53-GPG4,B0CRRPCT5P,AT-15062,Bliss Distribution,dropped,inactive,live,live_mode_missing_cost,live_product_inputs,out/product_db_preview.csv,no_cost_truth,missing_cost,none,,no_cost,missing_cost,PRODUCT_DB_LIVE_LISTING_PRICE,0.0,False,False,True,False,False,inactive_status,wait,"LOW_CONFIDENCE_MARKET_CONTEXT,SALE_STATUS_NOT_ACTIVE",0,0,,inactive_sale_status,inactive_sale_status,True,True,True,False,True,True,True,True,True,True,False,False,False,False,True,True,False,False,False,False,False,False,False,False,False,False,False,False,False
2026-04-04T13:58:53Z,0N-VZG5-JH06,B0CJMMYYCJ,AT-15061,Bliss Distribution,dropped,inactive,live,live_mode_missing_cost,live_product_inputs,out/product_db_preview.csv,no_cost_truth,missing_cost,none,,no_cost,missing_cost,PRODUCT_DB_LIVE_LISTING_PRICE,0,False,False,True,False,False,inactive_status,wait,"LOW_CONFIDENCE_MARKET_CONTEXT,SALE_STATUS_NOT_ACTIVE",0,0,,inactive_sale_status,inactive_sale_status,True,True,True,False,True,True,True,True,True,True,False,False,False,False,True,True,False,False,False,False,False,False,False,False,False,False,False,False,False
2026-04-04T13:58:53Z,0N-X5KF-213D,B09M3RB8R1,CUR144,DHB,dropped,inactive,live,live_mode_missing_cost,live_product_inputs,out/product_db_preview.csv,no_cost_truth,missing_cost,none,,no_cost,missing_cost,PRODUCT_DB_LIVE_LISTING_PRICE,0,False,False,True,False,False,inactive_status,wait,"LOW_CONFIDENCE_MARKET_CONTEXT,SALE_STATUS_NOT_ACTIVE",0,0,,inactive_sale_status,inactive_sale_status,True,True,True,False,True,True,True,True,True,True,False,False,False,False,True,True,False,False,False,False,False,False,False,False,False,False,False,False,False
2026-04-04T13:58:53Z,0R-GRRH-W0Z9,B09NQD4S5N,WP2013,Bliss Distribution,active,active,live,live_mode_missing_cost,live_product_inputs,out/product_db_preview.csv,no_cost_truth,missing_cost,none,,no_cost,missing_cost,PRODUCT_DB_LIVE_LISTING_PRICE,0.0,True,False,True,False,False,missing_cost_and_demand,wait,"LOW_CONFIDENCE_MARKET_CONTEXT,WEAK_DEMAND_SIGNAL",0,0,,weak_demand,weak_demand,True,True,True,False,True,True,True,True,True,True,False,False,False,False,True,True,False,False,False,False,False,False,False,True,False,False,True,False,True
2026-04-04T13:58:53Z,0X-VJWI-4OT8,B0BWFT5RGN,FK73090,Heo,dropped,inactive,live,live_mode_missing_cost,live_product_inputs,out/product_db_preview.csv,no_cost_truth,missing_cost,none,,no_cost,missing_cost,PRODUCT_DB_LIVE_LISTING_PRICE,0,False,False,True,False,False,inactive_status,wait,"LOW_CONFIDENCE_MARKET_CONTEXT,SALE_STATUS_NOT_ACTIVE",0,0,,inactive_sale_status,inactive_sale_status,True,True,True,False,True,True,True,True,True,True,False,False,False,False,True,True,False,False,False,False,False,False,False,False,False,False,False,False,False
2026-04-04T13:58:53Z,0Z-Y60V-499R,B09NQBQW49,WP2007,Bliss Distribution,active,active,live,live_mode_missing_cost,live_product_inputs,out/product_db_preview.csv,no_cost_truth,missing_cost,none,,no_cost,missing_cost,PRODUCT_DB_LIVE_LISTING_PRICE,0.0,True,False,True,False,False,missing_cost_and_demand,wait,"LOW_CONFIDENCE_MARKET_CONTEXT,WEAK_DEMAND_SIGNAL",0,0,,weak_demand,weak_demand,True,True,True,False,True,True,True,True,True,True,False,False,False,False,True,True,False,False,False,False,False,False,False,True,False,False,True,False,True
2026-04-04T13:58:53Z,12-3VTE-5T3Z,9189143078,FLFFLW09,Bliss Distribution,dropped,inactive,live,live_mode_missing_cost,live_product_inputs,out/product_db_preview.csv,no_cost_truth,missing_cost,none,,no_cost,missing_cost,PRODUCT_DB_LIVE_LISTING_PRICE,0,False,False,True,False,False,inactive_status,wait,"LOW_CONFIDENCE_MARKET_CONTEXT,SALE_STATUS_NOT_ACTIVE",0,0,,inactive_sale_status,inactive_sale_status,True,True,True,False,True,True,True,True,True,True,False,False,False,False,True,True,False,False,False,False,False,False,False,False,False,False,False,False,False
2026-04-04T13:58:53Z,18-WD7G-J8U4,B0B32365PH,,,,unknown,live,live_mode_missing_cost,live_product_inputs,out/product_db_preview.csv,no_cost_truth,missing_cost,none,,no_cost,missing_cost,PRODUCT_DB_LIVE_LISTING_PRICE,0,False,False,True,False,False,inactive_or_unknown_status,wait,"LOW_CONFIDENCE_MARKET_CONTEXT,SALE_STATUS_NOT_ACTIVE",0,0,,inactive_sale_status,inactive_sale_status,True,True,True,False,True,True,True,True,True,True,False,False,False,False,True,True,False,False,False,False,False,False,False,False,False,False,False,False,False
2026-04-04T13:58:53Z,1U-1W76-M840,B07V9CRX7Y,,,,unknown,live,live_mode_missing_cost,live_product_inputs,out/product_db_preview.csv,no_cost_truth,missing_cost,none,,no_cost,missing_cost,PRODUCT_DB_LIVE_LISTING_PRICE,0.0,False,False,True,False,False,inactive_or_unknown_status,wait,"LOW_CONFIDENCE_MARKET_CONTEXT,SALE_STATUS_NOT_ACTIVE",0,0,,inactive_sale_status,inactive_sale_status,True,True,True,False,True,True,True,True,True,True,False,False,False,False,True,True,False,False,False,False,False,False,False,False,False,False,False,False,False
2026-04-04T13:58:53Z,1U-YF3T-TR74,B082BVCQMQ,FLFALE005,Bliss Distribution,active,active,live,live_mode_missing_cost,live_product_inputs,out/product_db_preview.csv,no_cost_truth,missing_cost,none,,no_cost,missing_cost,PRODUCT_DB_LIVE_LISTING_PRICE,0,True,False,True,False,False,missing_cost_and_demand,wait,"LOW_CONFIDENCE_MARKET_CONTEXT,WEAK_DEMAND_SIGNAL",0,0,,weak_demand,weak_demand,True,True,True,False,True,True,True,True,True,True,False,False,False,False,True,True,False,False,False,False,False,False,False,True,False,False,True,False,True
2026-04-04T13:58:53Z,QP-BCUW-E90M,B00O5NEUAY,446271,Jones Wholesale,active,active,live,live_mode_missing_cost,live_product_inputs,out/product_db_preview.csv,no_cost_truth,missing_cost,none,,no_cost,missing_cost,PRODUCT_DB_LIVE_LISTING_PRICE,0,True,False,True,False,False,missing_cost_and_demand,wait,"LOW_CONFIDENCE_MARKET_CONTEXT,WEAK_DEMAND_SIGNAL",0,0,,weak_demand,weak_demand,True,True,True,False,True,True,True,True,True,True,False,False,False,False,True,True,False,False,False,False,False,False,False,True,False,False,True,False,True
2026-04-04T13:58:53Z,714776,B001KYTW0O,,,,unknown,live,live_mode_missing_cost,live_product_inputs,out/product_db_preview.csv,no_cost_truth,missing_cost,none,,no_cost,missing_cost,BUY_BOX_PRICE,0.0,False,False,True,False,False,inactive_or_unknown_status,wait,SALE_STATUS_NOT_ACTIVE,0,0,,inactive_sale_status,inactive_sale_status,True,True,True,False,True,False,True,True,False,False,False,False,False,False,True,True,False,False,False,False,False,False,False,False,False,False,False,False,False
2026-04-04T13:58:53Z,GA-9DTN-9O1E,B086763VT8,LED01009,Bliss Distribution,active,active,live,live_mode_missing_cost,live_product_inputs,out/product_db_preview.csv,no_cost_truth,missing_cost,none,,no_cost,missing_cost,PRODUCT_DB_LIVE_LISTING_PRICE,0.0,True,False,True,False,False,missing_cost_and_demand,wait,"LOW_CONFIDENCE_MARKET_CONTEXT,WEAK_DEMAND_SIGNAL",0,0,,weak_demand,weak_demand,True,True,True,False,True,True,True,True,True,True,False,False,False,False,True,True,False,False,False,False,False,False,False,True,False,False,True,False,True
2026-04-04T13:58:53Z,D3-QTSY-BCV5,B09P24SGN5,ATE71,CLF,dropped,inactive,live,live_mode_missing_cost,live_product_inputs,out/product_db_preview.csv,no_cost_truth,missing_cost,none,,no_cost,missing_cost,PRODUCT_DB_LIVE_LISTING_PRICE,0,False,False,True,False,False,inactive_status,wait,"LOW_CONFIDENCE_MARKET_CONTEXT,SALE_STATUS_NOT_ACTIVE",0,0,,inactive_sale_status,inactive_sale_status,True,True,True,False,True,True,True,True,True,True,False,False,False,False,True,True,False,False,False,False,False,False,False,False,False,False,False,False,False
2026-04-04T13:58:53Z,K7-1K9P-TTAZ,B00VREYQYO,657732,Stax,discontinued,inactive,live,live_mode_missing_cost,live_product_inputs,out/product_db_preview.csv,no_cost_truth,missing_cost,none,,no_cost,missing_cost,PRODUCT_DB_LIVE_LISTING_PRICE,0,False,False,True,False,False,inactive_status,wait,"LOW_CONFIDENCE_MARKET_CONTEXT,SALE_STATUS_NOT_ACTIVE",0,0,,inactive_sale_status,inactive_sale_status,True,True,True,False,True,True,True,True,True,True,False,False,False,False,True,True,False,False,False,False,False,False,False,False,False,False,False,False,False
2026-04-04T13:58:53Z,2U-4KLP-68HB,B07NGGSR3D,UGD010923,Bliss Distribution,active,active,live,live_mode_missing_cost,live_product_inputs,out/product_db_preview.csv,no_cost_truth,missing_cost,none,,no_cost,missing_cost,PRODUCT_DB_LIVE_LISTING_PRICE,0,True,False,True,False,False,missing_cost_and_demand,wait,"LOW_CONFIDENCE_MARKET_CONTEXT,WEAK_DEMAND_SIGNAL",0,0,,weak_demand,weak_demand,True,True,True,False,True,True,True,True,True,True,False,False,False,False,True,True,False,False,False,False,False,False,False,True,False,False,True,False,True
2026-04-04T13:58:53Z,86-1VHQ-ABNK,B08WPCW7TH,MOO55,CLF,dropped,inactive,live,live_mode_missing_cost,live_product_inputs,out/product_db_preview.csv,no_cost_truth,missing_cost,none,,no_cost,missing_cost,PRODUCT_DB_LIVE_LISTING_PRICE,0,False,False,True,False,False,inactive_status,wait,"LOW_CONFIDENCE_MARKET_CONTEXT,SALE_STATUS_NOT_ACTIVE",0,0,,inactive_sale_status,inactive_sale_status,True,True,True,False,True,True,True,True,True,True,False,False,False,False,True,True,False,False,False,False,False,False,False,False,False,False,False,False,False
2026-04-04T13:58:53Z,AX-NKNU-29C1,B08M52B4M5,MOO62,CLF,active,active,live,live_mode_missing_cost,live_product_inputs,out/product_db_preview.csv,no_cost_truth,missing_cost,none,,no_cost,missing_cost,PRODUCT_DB_LIVE_LISTING_PRICE,9.769231,True,False,True,True,False,missing_cost_only,wait,"LOW_CONFIDENCE_MARKET_CONTEXT,BLOCKED_MISSING_COST_INPUT",0,0,,missing_forward_roi_inputs,missing_forward_roi_inputs,True,True,True,False,False,True,True,True,True,True,False,False,False,False,True,True,False,False,False,True,False,False,False,False,False,False,True,False,False
2026-04-04T13:58:53Z,EA-FZ2V-D7II,B00D1V5NWK,6949509209504,Stax,dropped,inactive,live,live_mode_missing_cost,live_product_inputs,out/product_db_preview.csv,no_cost_truth,missing_cost,none,,no_cost,missing_cost,PRODUCT_DB_LIVE_LISTING_PRICE,0.0,False,False,True,False,False,inactive_status,wait,"LOW_CONFIDENCE_MARKET_CONTEXT,SALE_STATUS_NOT_ACTIVE",0,0,,inactive_sale_status,inactive_sale_status,True,True,True,False,True,True,True,True,True,True,False,False,False,False,True,True,False,False,False,False,False,False,False,False,False,False,False,False,False
2026-04-04T13:58:53Z,8S-MI05-1R1X,B09NQ9ZHDQ,,,,unknown,live,live_mode_missing_cost,live_product_inputs,out/product_db_preview.csv,no_cost_truth,missing_cost,none,,no_cost,missing_cost,PRODUCT_DB_LIVE_LISTING_PRICE,0,False,False,True,False,False,inactive_or_unknown_status,wait,"LOW_CONFIDENCE_MARKET_CONTEXT,SALE_STATUS_NOT_ACTIVE",0,0,,inactive_sale_status,inactive_sale_status,True,True,True,False,True,True,True,True,True,True,False,False,False,False,True,True,False,False,False,False,False,False,False,False,False,False,False,False,False
2026-04-04T13:58:53Z,SR-JF1N-II8S,B094D24L5J,ORT012,DHB,discontinued,inactive,live,live_mode_missing_cost,live_product_inputs,out/product_db_preview.csv,no_cost_truth,missing_cost,none,,no_cost,missing_cost,PRODUCT_DB_LIVE_LISTING_PRICE,0,False,False,True,False,False,inactive_status,wait,"LOW_CONFIDENCE_MARKET_CONTEXT,SALE_STATUS_NOT_ACTIVE",0,0,,inactive_sale_status,inactive_sale_status,True,True,True,False,True,True,True,True,True,True,False,False,False,False,True,True,False,False,False,False,False,False,False,False,False,False,False,False,False
2026-04-04T13:58:53Z,A9-2Y9G-M2K7,B00KB225MS,216090,Jones Wholesale,active,active,live,live_mode_missing_cost,live_product_inputs,out/product_db_preview.csv,no_cost_truth,missing_cost,none,,no_cost,missing_cost,PRODUCT_DB_LIVE_LISTING_PRICE,0.0,True,False,True,False,False,missing_cost_and_demand,wait,"LOW_CONFIDENCE_MARKET_CONTEXT,WEAK_DEMAND_SIGNAL",0,0,,weak_demand,weak_demand,True,True,True,False,True,True,True,True,True,True,False,False,False,False,True,True,False,False,False,False,False,False,False,True,False,False,True,False,True
2026-04-04T13:58:53Z,ZT-QPY3-P24I,B0D3JBBGSB,77-95220,TD Synnex,active,active,live,live_mode_missing_cost,live_product_inputs,out/product_db_preview.csv,no_cost_truth,missing_cost,none,,no_cost,missing_cost,PRODUCT_DB_LIVE_LISTING_PRICE,0.0,True,False,True,False,False,missing_cost_and_demand,wait,"LOW_CONFIDENCE_MARKET_CONTEXT,WEAK_DEMAND_SIGNAL",0,0,,weak_demand,weak_demand,True,True,True,False,True,True,True,True,True,True,False,False,False,False,True,True,False,False,False,False,False,False,False,True,False,False,True,False,True
2026-04-04T13:58:53Z,8W-I703-VOFQ,B074H6M7TW,,,,unknown,live,live_mode_missing_cost,live_product_inputs,out/product_db_preview.csv,no_cost_truth,missing_cost,none,,no_cost,missing_cost,BUY_BOX_PRICE,0,False,False,True,False,False,inactive_or_unknown_status,wait,SALE_STATUS_NOT_ACTIVE,0,0,,inactive_sale_status,inactive_sale_status,True,True,True,False,True,False,True,True,True,False,False,False,False,False,True,True,False,False,False,False,False,False,False,False,False,False,False,False,False
2026-04-04T13:58:53Z,JY-781R-EYHZ,B005HXLH3O,E-82712,Bliss Distribution,active,active,live,live_mode_missing_cost,live_product_inputs,out/product_db_preview.csv,no_cost_truth,missing_cost,none,,no_cost,missing_cost,PRODUCT_DB_LIVE_LISTING_PRICE,0,True,False,True,False,False,missing_cost_and_demand,wait,"LOW_CONFIDENCE_MARKET_CONTEXT,WEAK_DEMAND_SIGNAL",0,0,,weak_demand,weak_demand,True,True,True,False,True,True,True,True,True,True,False,False,False,False,True,True,False,False,False,False,False,False,False,True,False,False,True,False,True
2026-04-04T13:58:53Z,R4-0AXZ-ZZ9D,B0844ZRHS9,,,,unknown,live,live_mode_missing_cost,live_product_inputs,out/product_db_preview.csv,no_cost_truth,missing_cost,none,,no_cost,missing_cost,PRODUCT_DB_LIVE_LISTING_PRICE,1.0,False,False,True,True,False,inactive_or_unknown_status,wait,"LOW_CONFIDENCE_MARKET_CONTEXT,SALE_STATUS_NOT_ACTIVE",0,0,,inactive_sale_status,inactive_sale_status,True,True,True,False,False,True,True,True,True,True,False,False,False,False,True,True,False,False,False,False,False,False,False,False,False,False,False,False,False
2026-04-04T13:58:53Z,M5-71MK-T0DL,B0B337ZY41,AT-11050,Bliss Distribution,dropped,inactive,live,live_mode_missing_cost,live_product_inputs,out/product_db_preview.csv,no_cost_truth,missing_cost,none,,no_cost,missing_cost,PRODUCT_DB_LIVE_LISTING_PRICE,0.0,False,False,True,False,False,inactive_status,wait,"LOW_CONFIDENCE_MARKET_CONTEXT,SALE_STATUS_NOT_ACTIVE",0,0,,inactive_sale_status,inactive_sale_status,True,True,True,False,True,True,True,True,True,True,False,False,False,False,True,True,False,False,False,False,False,False,False,False,False,False,False,False,False
2026-04-04T13:58:53Z,GD-B8SW-1PCP,B0D2Y4NPKZ,VN541PC,Rashmian,active,active,live,live_mode_missing_cost,live_product_inputs,out/product_db_preview.csv,no_cost_truth,missing_cost,none,,no_cost,missing_cost,PRODUCT_DB_LIVE_LISTING_PRICE,0.0,True,False,True,False,False,missing_cost_and_demand,wait,"LOW_CONFIDENCE_MARKET_CONTEXT,WEAK_DEMAND_SIGNAL",0,0,,weak_demand,weak_demand,True,True,True,False,True,True,True,True,True,True,False,False,False,False,True,True,False,False,False,False,False,False,False,True,False,False,True,False,True
2026-04-04T13:58:53Z,4J-IY7T-6LBS,9188805557,FLFALE002,Bliss Distribution,active,active,live,live_mode_missing_cost,live_product_inputs,out/product_db_preview.csv,no_cost_truth,missing_cost,none,,no_cost,missing_cost,PRODUCT_DB_LIVE_LISTING_PRICE,0,True,False,True,False,False,missing_cost_and_demand,wait,"LOW_CONFIDENCE_MARKET_CONTEXT,WEAK_DEMAND_SIGNAL",0,0,,weak_demand,weak_demand,True,True,True,False,True,True,True,True,True,True,False,False,False,False,True,True,False,False,False,False,False,False,False,True,False,False,True,False,True
2026-04-04T13:58:53Z,VO-A6AR-18YS,B09NQDQ8X7,WP2012,Bliss Distribution,active,active,live,live_mode_missing_cost,live_product_inputs,out/product_db_preview.csv,no_cost_truth,missing_cost,none,,no_cost,missing_cost,PRODUCT_DB_LIVE_LISTING_PRICE,0.0,True,False,True,False,False,missing_cost_and_demand,wait,"LOW_CONFIDENCE_MARKET_CONTEXT,WEAK_DEMAND_SIGNAL",0,0,,weak_demand,weak_demand,True,True,True,False,True,True,True,True,True,True,False,False,False,False,True,True,False,False,False,False,False,False,False,True,False,False,True,False,True
2026-04-04T13:58:53Z,Z9-FBUQ-EZN3,B074RQ8G8Z,COE12,CLF,active,active,live,live_mode_missing_cost,live_product_inputs,out/product_db_preview.csv,no_cost_truth,missing_cost,none,,no_cost,missing_cost,PRODUCT_DB_LIVE_LISTING_PRICE,0.0,True,False,True,False,False,missing_cost_and_demand,wait,"LOW_CONFIDENCE_MARKET_CONTEXT,WEAK_DEMAND_SIGNAL",0,0,,weak_demand,weak_demand,True,True,True,False,True,True,True,True,True,True,False,False,False,False,True,True,False,False,False,False,False,False,False,True,False,False,True,False,True
2026-04-04T13:58:53Z,DT-SPI3-IK34,B00BA4IOTY,4428167,TD Synnex,dropped,inactive,live,live_mode_missing_cost,live_product_inputs,out/product_db_preview.csv,no_cost_truth,missing_cost,none,,no_cost,missing_cost,PRODUCT_DB_LIVE_LISTING_PRICE,0.0,False,False,True,False,False,inactive_status,wait,"LOW_CONFIDENCE_MARKET_CONTEXT,SALE_STATUS_NOT_ACTIVE",0,0,,inactive_sale_status,inactive_sale_status,True,True,True,False,True,True,True,True,True,True,False,False,False,False,True,True,False,False,False,False,False,False,False,False,False,False,False,False,False
2026-04-04T13:58:53Z,2G-AYBQ-TUQG,B002KFZKZ8,416645,Jones Wholesale,active,active,live,live_mode_missing_cost,live_product_inputs,out/product_db_preview.csv,no_cost_truth,missing_cost,none,,no_cost,missing_cost,BUY_BOX_PRICE,0.0,True,False,True,False,False,missing_cost_and_demand,wait,WEAK_DEMAND_SIGNAL,0,0,,weak_demand,weak_demand,True,True,True,False,True,False,True,True,True,False,False,False,False,False,True,True,False,False,False,False,False,False,False,True,False,False,True,False,True
2026-04-04T13:58:53Z,DV-USYD-8WR2,B0D3JD4FFD,10290403,TD Synnex,active,active,live,live_mode_missing_cost,live_product_inputs,out/product_db_preview.csv,no_cost_truth,missing_cost,none,,no_cost,missing_cost,PRODUCT_DB_LIVE_LISTING_PRICE,0.0,True,False,True,False,False,missing_cost_and_demand,wait,"LOW_CONFIDENCE_MARKET_CONTEXT,WEAK_DEMAND_SIGNAL",0,0,,weak_demand,weak_demand,True,True,True,False,True,True,True,True,True,True,False,False,False,False,True,True,False,False,False,False,False,False,False,True,False,False,True,False,True
2026-04-04T13:58:53Z,K5-QUBI-YTWD,B0037B0C66,TP-03,CLF,dropped,inactive,live,live_mode_missing_cost,live_product_inputs,out/product_db_preview.csv,no_cost_truth,missing_cost,none,,no_cost,missing_cost,PRODUCT_DB_LIVE_LISTING_PRICE,0,False,False,True,False,False,inactive_status,wait,"LOW_CONFIDENCE_MARKET_CONTEXT,SALE_STATUS_NOT_ACTIVE",0,0,,inactive_sale_status,inactive_sale_status,True,True,True,False,True,True,True,True,True,True,False,False,False,False,True,True,False,False,False,False,False,False,False,False,False,False,False,False,False
2026-04-04T13:58:53Z,4V-19KJ-15J4,B00D2O8936,5017193064707,Stax,dropped,inactive,live,live_mode_missing_cost,live_product_inputs,out/product_db_preview.csv,no_cost_truth,missing_cost,none,,no_cost,missing_cost,PRODUCT_DB_LIVE_LISTING_PRICE,0,False,False,True,False,False,inactive_status,wait,"LOW_CONFIDENCE_MARKET_CONTEXT,SALE_STATUS_NOT_ACTIVE",0,0,,inactive_sale_status,inactive_sale_status,True,True,True,False,True,True,True,True,True,True,False,False,False,False,True,True,False,False,False,False,False,False,False,False,False,False,False,False,False
2026-04-04T13:58:53Z,RZ-6ZL9-CZ7J,B075XT2J8X,KIN2,CLF,active,active,live,live_mode_missing_cost,live_product_inputs,out/product_db_preview.csv,no_cost_truth,missing_cost,none,,no_cost,missing_cost,BUY_BOX_PRICE,0.0,True,False,True,False,False,missing_cost_and_demand,wait,WEAK_DEMAND_SIGNAL,0,0,,weak_demand,weak_demand,True,True,True,False,True,False,True,True,True,False,False,False,False,False,True,True,False,False,False,False,False,False,False,True,False,False,True,False,True
2026-04-04T13:58:53Z,8T-HE78-3AQ3,B07772WMSM,,DHB,dropped,inactive,live,live_mode_missing_cost,live_product_inputs,out/product_db_preview.csv,no_cost_truth,missing_cost,none,,no_cost,missing_cost,PRODUCT_DB_LIVE_LISTING_PRICE,0,False,False,True,False,False,inactive_status,wait,"LOW_CONFIDENCE_MARKET_CONTEXT,SALE_STATUS_NOT_ACTIVE",0,0,,inactive_sale_status,inactive_sale_status,True,True,True,False,True,True,True,True,True,True,False,False,False,False,True,True,False,False,False,False,False,False,False,False,False,False,False,False,False
2026-04-04T13:58:53Z,SE-IQQJ-EOU3,B004R1ZS64,343398,Stax,dropped,inactive,live,live_mode_missing_cost,live_product_inputs,out/product_db_preview.csv,no_cost_truth,missing_cost,none,,no_cost,missing_cost,PRODUCT_DB_LIVE_LISTING_PRICE,0.0,False,False,True,False,False,inactive_status,wait,"LOW_CONFIDENCE_MARKET_CONTEXT,SALE_STATUS_NOT_ACTIVE",0,0,,inactive_sale_status,inactive_sale_status,True,True,True,False,True,True,True,True,True,True,False,False,False,False,True,True,False,False,False,False,False,False,False,False,False,False,False,False,False
2026-04-04T13:58:53Z,D8-1A3E-I37F,B001ET78RY,AVA-9110,CLF,active,active,live,live_mode_missing_cost,live_product_inputs,out/product_db_preview.csv,no_cost_truth,missing_cost,none,,no_cost,missing_cost,PRODUCT_DB_LIVE_LISTING_PRICE,6.0,True,False,True,True,False,missing_cost_only,wait,"LOW_CONFIDENCE_MARKET_CONTEXT,BLOCKED_MISSING_COST_INPUT",0,0,,missing_forward_roi_inputs,missing_forward_roi_inputs,True,True,True,False,False,True,True,True,True,True,False,False,False,False,True,True,False,False,False,True,False,False,False,False,False,False,True,False,False
2026-04-04T13:58:53Z,MV-UNOG-CTUU,B00FO70GG2,386 51025,ABGee,discontinued,inactive,live,live_mode_missing_cost,live_product_inputs,out/product_db_preview.csv,no_cost_truth,missing_cost,none,,no_cost,missing_cost,PRODUCT_DB_LIVE_LISTING_PRICE,0,False,False,True,False,False,inactive_status,wait,"LOW_CONFIDENCE_MARKET_CONTEXT,SALE_STATUS_NOT_ACTIVE",0,0,,inactive_sale_status,inactive_sale_status,True,True,True,False,True,True,True,True,True,True,False,False,False,False,True,True,False,False,False,False,False,False,False,False,False,False,False,False,False
2026-04-04T13:58:53Z,US-AK96-YFSB,B002DPGTF0,714760,Stax,active,active,live,live_mode_missing_cost,live_product_inputs,out/product_db_preview.csv,no_cost_truth,missing_cost,none,,no_cost,missing_cost,BUY_BOX_PRICE,0,True,False,True,False,False,missing_cost_and_demand,wait,WEAK_DEMAND_SIGNAL,0,0,,weak_demand,weak_demand,True,True,True,False,True,False,True,True,True,False,False,False,False,False,True,True,False,False,False,False,False,False,False,True,False,False,True,False,True
2026-04-04T13:58:53Z,Z7-26PV-O9LR,B07J9JGZZV,PIK065,DHB,active,active,live,live_mode_missing_cost,live_product_inputs,out/product_db_preview.csv,no_cost_truth,missing_cost,none,,no_cost,missing_cost,PRODUCT_DB_LIVE_LISTING_PRICE,0.5,True,False,True,True,False,missing_cost_only,wait,"LOW_CONFIDENCE_MARKET_CONTEXT,BLOCKED_MISSING_COST_INPUT",0,0,,missing_forward_roi_inputs,missing_forward_roi_inputs,True,True,True,False,False,True,True,True,True,True,False,False,False,False,True,True,False,False,False,True,False,False,False,False,False,False,True,False,False
2026-04-04T13:58:53Z,HS-R5IP-7E1C,B00LXM3PGK,590856,Stax,active,active,live,live_mode_missing_cost,live_product_inputs,out/product_db_preview.csv,no_cost_truth,missing_cost,none,,no_cost,missing_cost,LOWEST_FBA_PRICE,0,True,False,True,False,False,missing_cost_and_demand,wait,WEAK_DEMAND_SIGNAL,0,0,,weak_demand,weak_demand,True,True,True,False,True,False,True,True,True,False,False,False,False,False,True,True,False,False,False,False,False,False,False,True,False,False,True,False,True
2026-04-04T13:58:53Z,BM-1O5E-RW8I,B07BC5K5W5,F4010,DK Tools,dropped,inactive,live,live_mode_missing_cost,live_product_inputs,out/product_db_preview.csv,no_cost_truth,missing_cost,none,,no_cost,missing_cost,PRODUCT_DB_LIVE_LISTING_PRICE,0,False,False,True,False,False,inactive_status,wait,"LOW_CONFIDENCE_MARKET_CONTEXT,SALE_STATUS_NOT_ACTIVE",0,0,,inactive_sale_status,inactive_sale_status,True,True,True,False,True,True,True,True,True,True,False,False,False,False,True,True,False,False,False,False,False,False,False,False,False,False,False,False,False
2026-04-04T13:58:53Z,PN-0NVI-R2WQ,B06XGFW1Q2,UGD010691,Bliss Distribution,dropped,inactive,live,live_mode_missing_cost,live_product_inputs,out/product_db_preview.csv,no_cost_truth,missing_cost,none,,no_cost,missing_cost,PRODUCT_DB_LIVE_LISTING_PRICE,0,False,False,True,False,False,inactive_status,wait,"LOW_CONFIDENCE_MARKET_CONTEXT,SALE_STATUS_NOT_ACTIVE",0,0,,inactive_sale_status,inactive_sale_status,True,True,True,False,True,True,True,True,True,True,False,False,False,False,True,True,False,False,False,False,False,False,False,False,False,False,False,False,False
2026-04-04T13:58:53Z,4B-HMJG-PHW4,B00D1V5E5G,108447,Stax,discontinued,inactive,live,live_mode_missing_cost,live_product_inputs,out/product_db_preview.csv,no_cost_truth,missing_cost,none,,no_cost,missing_cost,PRODUCT_DB_LIVE_LISTING_PRICE,0,False,False,True,False,False,inactive_status,wait,"LOW_CONFIDENCE_MARKET_CONTEXT,SALE_STATUS_NOT_ACTIVE",0,0,,inactive_sale_status,inactive_sale_status,True,True,True,False,True,True,True,True,True,True,False,False,False,False,True,True,False,False,False,False,False,False,False,False,False,False,False,False,False
2026-04-04T13:58:53Z,GH-XAAE-HRU7,B072K2PG11,116500,Stax,active,active,live,live_mode_missing_cost,live_product_inputs,out/product_db_preview.csv,no_cost_truth,missing_cost,none,,no_cost,missing_cost,BUY_BOX_PRICE,0,True,False,True,False,False,missing_cost_and_demand,wait,WEAK_DEMAND_SIGNAL,0,0,,weak_demand,weak_demand,True,True,True,False,True,False,True,True,False,False,False,False,False,False,True,True,False,False,False,False,False,False,False,True,False,False,True,False,True
2026-04-04T13:58:53Z,R5-Y2AA-V5FS,B07Z2QNW7R,,,,unknown,live,live_mode_missing_cost,live_product_inputs,out/product_db_preview.csv,no_cost_truth,missing_cost,none,,no_cost,missing_cost,PRODUCT_DB_LIVE_LISTING_PRICE,0,False,False,True,False,False,inactive_or_unknown_status,wait,"LOW_CONFIDENCE_MARKET_CONTEXT,SALE_STATUS_NOT_ACTIVE",0,0,,inactive_sale_status,inactive_sale_status,True,True,True,False,True,True,True,True,True,True,False,False,False,False,True,True,False,False,False,False,False,False,False,False,False,False,False,False,False
2026-04-04T13:58:53Z,WR-3V7D-BB7Z,B07BBZZ8RC,V4045,DK Tools,dropped,inactive,live,live_mode_missing_cost,live_product_inputs,out/product_db_preview.csv,no_cost_truth,missing_cost,none,,no_cost,missing_cost,PRODUCT_DB_LIVE_LISTING_PRICE,0,False,False,True,False,False,inactive_status,wait,"LOW_CONFIDENCE_MARKET_CONTEXT,SALE_STATUS_NOT_ACTIVE",0,0,,inactive_sale_status,inactive_sale_status,True,True,True,False,True,True,True,True,True,True,False,False,False,False,True,True,False,False,False,False,False,False,False,False,False,False,False,False,False
2026-04-04T13:58:53Z,L3-ZQ8U-A7LQ,B004I2N5AS,2046517,TD Synnex,active,active,live,live_mode_missing_cost,live_product_inputs,out/product_db_preview.csv,no_cost_truth,missing_cost,none,,no_cost,missing_cost,BUY_BOX_PRICE,2.0,True,False,True,True,False,missing_cost_only,wait,BLOCKED_MISSING_COST_INPUT,0,0,,missing_forward_roi_inputs,missing_forward_roi_inputs,True,True,True,False,False,True,True,True,True,False,False,False,False,False,True,True,False,False,False,True,False,False,False,False,False,False,True,False,False
2026-04-04T13:58:53Z,6L-SDA9-P13J,B00605WJ9O,552760,Culpitt,active,active,live,live_mode_missing_cost,live_product_inputs,out/product_db_preview.csv,no_cost_truth,missing_cost,none,,no_cost,missing_cost,PRODUCT_DB_LIVE_LISTING_PRICE,0,True,False,True,False,False,missing_cost_and_demand,wait,"LOW_CONFIDENCE_MARKET_CONTEXT,WEAK_DEMAND_SIGNAL",0,0,,weak_demand,weak_demand,True,True,True,False,True,True,True,True,True,True,False,False,False,False,True,True,False,False,False,False,False,False,False,True,False,False,True,False,True
2026-04-04T13:58:53Z,GW-1ECO-QZA7,B00N5SLQ7A,A500WEA-1EF,Rashmian,active,active,live,live_mode_missing_cost,live_product_inputs,out/product_db_preview.csv,no_cost_truth,missing_cost,none,,no_cost,missing_cost,PRODUCT_DB_LIVE_LISTING_PRICE,0,True,False,True,False,False,missing_cost_and_demand,wait,"LOW_CONFIDENCE_MARKET_CONTEXT,WEAK_DEMAND_SIGNAL",0,0,,weak_demand,weak_demand,True,True,True,False,True,True,True,True,True,True,False,False,False,False,True,True,False,False,False,False,False,False,False,True,False,False,True,False,True
2026-04-04T13:58:53Z,VI-ICHI-WPB5,B004S0S0S2,LAV78,CLF,dropped,inactive,live,live_mode_missing_cost,live_product_inputs,out/product_db_preview.csv,no_cost_truth,missing_cost,none,,no_cost,missing_cost,PRODUCT_DB_LIVE_LISTING_PRICE,0,False,False,True,False,False,inactive_status,wait,"LOW_CONFIDENCE_MARKET_CONTEXT,SALE_STATUS_NOT_ACTIVE",0,0,,inactive_sale_status,inactive_sale_status,True,True,True,False,True,True,True,True,True,True,False,False,False,False,True,True,False,False,False,False,False,False,False,False,False,False,False,False,False
2026-04-04T13:58:53Z,N4-5C3G-RJS1,B000MQ663C,124720,Stax,dropped,inactive,live,live_mode_missing_cost,live_product_inputs,out/product_db_preview.csv,no_cost_truth,missing_cost,none,,no_cost,missing_cost,PRODUCT_DB_LIVE_LISTING_PRICE,0,False,False,True,False,False,inactive_status,wait,"LOW_CONFIDENCE_MARKET_CONTEXT,SALE_STATUS_NOT_ACTIVE",0,0,,inactive_sale_status,inactive_sale_status,True,True,True,False,True,True,True,True,True,True,False,False,False,False,True,True,False,False,False,False,False,False,False,False,False,False,False,False,False
2026-04-04T13:58:53Z,B1-4B2R-MBRP,B0C4RR58SF,FK75274,Heo,discontinued,inactive,live,live_mode_missing_cost,live_product_inputs,out/product_db_preview.csv,no_cost_truth,missing_cost,none,,no_cost,missing_cost,PRODUCT_DB_LIVE_LISTING_PRICE,0,False,False,True,False,False,inactive_status,wait,"LOW_CONFIDENCE_MARKET_CONTEXT,SALE_STATUS_NOT_ACTIVE",0,0,,inactive_sale_status,inactive_sale_status,True,True,True,False,True,True,True,True,True,True,False,False,False,False,True,True,False,False,False,False,False,False,False,False,False,False,False,False,False
2026-04-04T13:58:53Z,B7-JEPF-6CU7,B00GI299M4,497891,Jones Wholesale,active,active,live,live_mode_missing_cost,live_product_inputs,out/product_db_preview.csv,no_cost_truth,missing_cost,none,,no_cost,missing_cost,PRODUCT_DB_LIVE_LISTING_PRICE,0,True,False,True,False,False,missing_cost_and_demand,wait,"LOW_CONFIDENCE_MARKET_CONTEXT,WEAK_DEMAND_SIGNAL",0,0,,weak_demand,weak_demand,True,True,True,False,True,True,True,True,True,True,False,False,False,False,True,True,False,False,False,False,False,False,False,True,False,False,True,False,True
2026-04-04T13:58:53Z,ZJ-9IR6-7M3A,B07RXCFY28,,Party Wholesalers,dropped,inactive,live,live_mode_missing_cost,live_product_inputs,out/product_db_preview.csv,no_cost_truth,missing_cost,none,,no_cost,missing_cost,PRODUCT_DB_LIVE_LISTING_PRICE,0,False,False,True,False,False,inactive_status,wait,"LOW_CONFIDENCE_MARKET_CONTEXT,SALE_STATUS_NOT_ACTIVE",0,0,,inactive_sale_status,inactive_sale_status,True,True,True,False,True,True,True,True,True,True,False,False,False,False,True,True,False,False,False,False,False,False,False,False,False,False,False,False,False
2026-04-04T13:58:53Z,PK-9T59-FNWW,B0D3JBK56B,77-95232,TD Synnex,discontinued,inactive,live,live_mode_missing_cost,live_product_inputs,out/product_db_preview.csv,no_cost_truth,missing_cost,none,,no_cost,missing_cost,PRODUCT_DB_LIVE_LISTING_PRICE,0,False,False,True,False,False,inactive_status,wait,"LOW_CONFIDENCE_MARKET_CONTEXT,SALE_STATUS_NOT_ACTIVE",0,0,,inactive_sale_status,inactive_sale_status,True,True,True,False,True,True,True,True,True,True,False,False,False,False,True,True,False,False,False,False,False,False,False,False,False,False,False,False,False
2026-04-04T13:58:53Z,XE-YPAI-HX9F,B086ZD7MG6,CUR120,DHB,active,active,live,live_mode_missing_cost,live_product_inputs,out/product_db_preview.csv,no_cost_truth,missing_cost,none,,no_cost,missing_cost,BUY_BOX_PRICE,2.875,True,False,True,True,False,missing_cost_only,wait,BLOCKED_MISSING_COST_INPUT,0,0,,missing_forward_roi_inputs,missing_forward_roi_inputs,True,True,True,False,False,False,True,True,True,False,False,False,False,False,True,True,False,False,False,True,False,False,False,False,False,False,True,False,False
2026-04-04T13:58:53Z,K0-71JR-UNLF,B01JL0WRI2,BEAN10,CLF,active,active,live,live_mode_missing_cost,live_product_inputs,out/product_db_preview.csv,no_cost_truth,missing_cost,none,,no_cost,missing_cost,PRODUCT_DB_LIVE_LISTING_PRICE,0.0,True,False,True,False,False,missing_cost_and_demand,wait,"LOW_CONFIDENCE_MARKET_CONTEXT,WEAK_DEMAND_SIGNAL",0,0,,weak_demand,weak_demand,True,True,True,False,True,True,True,True,True,True,False,False,False,False,True,True,False,False,False,False,False,False,False,True,False,False,True,False,True
2026-04-04T13:58:53Z,JE-D4LO-O2JD,B07JXBDGJB,85683,Bliss Distribution,active,active,live,live_mode_missing_cost,live_product_inputs,out/product_db_preview.csv,no_cost_truth,missing_cost,none,,no_cost,missing_cost,BUY_BOX_PRICE,0.363636,True,False,True,True,False,missing_cost_only,wait,BLOCKED_MISSING_COST_INPUT,0,0,,missing_forward_roi_inputs,missing_forward_roi_inputs,True,True,True,False,False,False,True,True,True,False,False,False,False,False,True,True,False,False,False,True,False,False,False,False,False,False,True,False,False
2026-04-04T13:58:53Z,JH-97NP-GJDG,B007C3KBIY,,Party Wholesalers,active,active,live,live_mode_missing_cost,live_product_inputs,out/product_db_preview.csv,no_cost_truth,missing_cost,none,,no_cost,missing_cost,PRODUCT_DB_LIVE_LISTING_PRICE,0.0,True,False,True,False,False,missing_cost_and_demand,wait,"LOW_CONFIDENCE_MARKET_CONTEXT,WEAK_DEMAND_SIGNAL",0,0,,weak_demand,weak_demand,True,True,True,False,True,True,True,True,True,True,False,False,False,False,True,True,False,False,False,False,False,False,False,True,False,False,True,False,True
2026-04-04T13:58:53Z,U4-61J7-ERHI,B088FKCDV6,479182,Jones Wholesale,discontinued,inactive,live,live_mode_missing_cost,live_product_inputs,out/product_db_preview.csv,no_cost_truth,missing_cost,none,,no_cost,missing_cost,PRODUCT_DB_LIVE_LISTING_PRICE,0,False,False,True,False,False,inactive_status,wait,"LOW_CONFIDENCE_MARKET_CONTEXT,SALE_STATUS_NOT_ACTIVE",0,0,,inactive_sale_status,inactive_sale_status,True,True,True,False,True,True,True,True,True,True,False,False,False,False,True,True,False,False,False,False,False,False,False,False,False,False,False,False,False
2026-04-04T13:58:53Z,G9-GAEI-FQI3,B0001IWI10,757126,Stax,dropped,inactive,live,live_mode_missing_cost,live_product_inputs,out/product_db_preview.csv,no_cost_truth,missing_cost,none,,no_cost,missing_cost,PRODUCT_DB_LIVE_LISTING_PRICE,0,False,False,True,False,False,inactive_status,wait,"LOW_CONFIDENCE_MARKET_CONTEXT,SALE_STATUS_NOT_ACTIVE",0,0,,inactive_sale_status,inactive_sale_status,True,True,True,False,True,True,True,True,True,True,False,False,False,False,True,True,False,False,False,False,False,False,False,False,False,False,False,False,False
2026-04-04T13:58:53Z,R7-98IN-2PW8,B08CHKHTWX,,,,unknown,live,live_mode_missing_cost,live_product_inputs,out/product_db_preview.csv,no_cost_truth,missing_cost,none,,no_cost,missing_cost,BUY_BOX_PRICE,0.185185,False,False,True,True,False,inactive_or_unknown_status,wait,SALE_STATUS_NOT_ACTIVE,0,0,,inactive_sale_status,inactive_sale_status,True,True,True,False,False,False,True,True,True,False,False,False,False,False,True,True,False,False,False,False,False,False,False,False,False,False,False,False,False
2026-04-04T13:58:53Z,M7-TSI2-5W7I,B06XYTDCC5,SDSQXAF-032G-GN6AA,TD Synnex,active,active,live,live_mode_missing_cost,live_product_inputs,out/product_db_preview.csv,no_cost_truth,missing_cost,none,,no_cost,missing_cost,PRODUCT_DB_LIVE_LISTING_PRICE,0,True,False,True,False,False,missing_cost_and_demand,wait,"LOW_CONFIDENCE_MARKET_CONTEXT,WEAK_DEMAND_SIGNAL",0,0,,weak_demand,weak_demand,True,True,True,False,True,True,True,True,True,True,False,False,False,False,True,True,False,False,False,False,False,False,False,True,False,False,True,False,True
2026-04-04T13:58:53Z,CH-RLZA-2OYU,B01M6BSYME,,,,unknown,live,live_mode_missing_cost,live_product_inputs,out/product_db_preview.csv,no_cost_truth,missing_cost,none,,no_cost,missing_cost,PRODUCT_DB_LIVE_LISTING_PRICE,0,False,False,True,False,False,inactive_or_unknown_status,wait,"LOW_CONFIDENCE_MARKET_CONTEXT,SALE_STATUS_NOT_ACTIVE",0,0,,inactive_sale_status,inactive_sale_status,True,True,True,False,True,True,True,True,True,True,False,False,False,False,True,True,False,False,False,False,False,False,False,False,False,False,False,False,False
2026-04-04T13:58:53Z,E4-HG4R-5022,B07TGKYLLT,SKI032,Tropicana Wholesale,dropped,inactive,live,live_mode_missing_cost,live_product_inputs,out/product_db_preview.csv,no_cost_truth,missing_cost,none,,no_cost,missing_cost,PRODUCT_DB_LIVE_LISTING_PRICE,0,False,False,True,False,False,inactive_status,wait,"LOW_CONFIDENCE_MARKET_CONTEXT,SALE_STATUS_NOT_ACTIVE",0,0,,inactive_sale_status,inactive_sale_status,True,True,True,False,True,True,True,True,True,True,False,False,False,False,True,True,False,False,False,False,False,False,False,False,False,False,False,False,False
2026-04-04T13:58:53Z,6V-EEC1-2S9Z,B06WW79DX5,484651,Sika,active,active,live,live_mode_missing_cost,live_product_inputs,out/product_db_preview.csv,no_cost_truth,missing_cost,none,,no_cost,missing_cost,BUY_BOX_PRICE,15.966667,True,False,True,True,False,missing_cost_only,wait,BLOCKED_MISSING_COST_INPUT,0,0,,missing_forward_roi_inputs,missing_forward_roi_inputs,True,True,True,False,False,False,True,False,True,False,False,False,False,False,True,True,False,False,False,True,False,False,False,False,False,False,True,False,False
2026-04-04T13:58:53Z,FD-R7YW-X0GH,B09NQC79GF,,,,unknown,live,live_mode_missing_cost,live_product_inputs,out/product_db_preview.csv,no_cost_truth,missing_cost,none,,no_cost,missing_cost,PRODUCT_DB_LIVE_LISTING_PRICE,0,False,False,True,False,False,inactive_or_unknown_status,wait,"LOW_CONFIDENCE_MARKET_CONTEXT,SALE_STATUS_NOT_ACTIVE",0,0,,inactive_sale_status,inactive_sale_status,True,True,True,False,True,True,True,True,True,True,False,False,False,False,True,True,False,False,False,False,False,False,False,False,False,False,False,False,False
2026-04-04T13:58:53Z,94-X6R7-SCOW,B0B6GD6QF8,FK67426,Heo,discontinued,inactive,live,live_mode_missing_cost,live_product_inputs,out/product_db_preview.csv,no_cost_truth,missing_cost,none,,no_cost,missing_cost,PRODUCT_DB_LIVE_LISTING_PRICE,0,False,False,True,False,False,inactive_status,wait,"LOW_CONFIDENCE_MARKET_CONTEXT,SALE_STATUS_NOT_ACTIVE",0,0,,inactive_sale_status,inactive_sale_status,True,True,True,False,True,True,True,True,True,True,False,False,False,False,True,True,False,False,False,False,False,False,False,False,False,False,False,False,False
2026-04-04T13:58:53Z,MF-TPXM-F8AF,B0D3J9C8NN,10290415,TD Synnex,dropped,inactive,live,live_mode_missing_cost,live_product_inputs,out/product_db_preview.csv,no_cost_truth,missing_cost,none,,no_cost,missing_cost,PRODUCT_DB_LIVE_LISTING_PRICE,0.0,False,False,True,False,False,inactive_status,wait,"LOW_CONFIDENCE_MARKET_CONTEXT,SALE_STATUS_NOT_ACTIVE",0,0,,inactive_sale_status,inactive_sale_status,True,True,True,False,True,True,True,True,True,True,False,False,False,False,True,True,False,False,False,False,False,False,False,False,False,False,False,False,False
2026-04-04T13:58:53Z,MN-LXY0-1MMT,B07DFB8DKB,FK32837,Heo,dropped,inactive,live,live_mode_missing_cost,live_product_inputs,out/product_db_preview.csv,no_cost_truth,missing_cost,none,,no_cost,missing_cost,PRODUCT_DB_LIVE_LISTING_PRICE,0,False,False,True,False,False,inactive_status,wait,"LOW_CONFIDENCE_MARKET_CONTEXT,SALE_STATUS_NOT_ACTIVE",0,0,,inactive_sale_status,inactive_sale_status,True,True,True,False,True,True,True,True,True,True,False,False,False,False,True,True,False,False,False,False,False,False,False,False,False,False,False,False,False
2026-04-04T13:58:53Z,EE-KTDC-KCFY,B08FSDMVNP,6302977,TD Synnex,dropped,inactive,live,live_mode_missing_cost,live_product_inputs,out/product_db_preview.csv,no_cost_truth,missing_cost,none,,no_cost,missing_cost,PRODUCT_DB_LIVE_LISTING_PRICE,0.0,False,False,True,False,False,inactive_status,wait,"LOW_CONFIDENCE_MARKET_CONTEXT,SALE_STATUS_NOT_ACTIVE",0,0,,inactive_sale_status,inactive_sale_status,True,True,True,False,True,True,True,True,True,True,False,False,False,False,True,True,False,False,False,False,False,False,False,False,False,False,False,False,False
2026-04-04T13:58:53Z,5Q-LUQ1-L14K,B09MWLJFFX,77-87476,TD Synnex,active,active,live,live_mode_missing_cost,live_product_inputs,out/product_db_preview.csv,no_cost_truth,missing_cost,none,,no_cost,missing_cost,PRODUCT_DB_LIVE_LISTING_PRICE,0,True,False,True,False,False,missing_cost_and_demand,wait,"LOW_CONFIDENCE_MARKET_CONTEXT,WEAK_DEMAND_SIGNAL",0,0,,weak_demand,weak_demand,True,True,True,False,True,True,True,True,True,True,False,False,False,False,True,True,False,False,False,False,False,False,False,True,False,False,True,False,True
2026-04-04T13:58:53Z,ZV-RLOD-Q0JI,B0BS1WDHP7,,,,unknown,live,live_mode_missing_cost,live_product_inputs,out/product_db_preview.csv,no_cost_truth,missing_cost,none,,no_cost,missing_cost,PRODUCT_DB_LIVE_LISTING_PRICE,0.0,False,False,True,False,False,inactive_or_unknown_status,wait,"LOW_CONFIDENCE_MARKET_CONTEXT,SALE_STATUS_NOT_ACTIVE",0,0,,inactive_sale_status,inactive_sale_status,True,True,True,False,True,True,True,True,True,True,False,False,False,False,True,True,False,False,False,False,False,False,False,False,False,False,False,False,False
2026-04-04T13:58:53Z,D1-LSS7-93U8,B003SYNGE2,RO-0717,CLF,active,active,live,live_mode_missing_cost,live_product_inputs,out/product_db_preview.csv,no_cost_truth,missing_cost,none,,no_cost,missing_cost,PRODUCT_DB_LIVE_LISTING_PRICE,0,True,False,True,False,False,missing_cost_and_demand,wait,"LOW_CONFIDENCE_MARKET_CONTEXT,WEAK_DEMAND_SIGNAL",0,0,,weak_demand,weak_demand,True,True,True,False,True,True,True,True,True,True,False,False,False,False,True,True,False,False,False,False,False,False,False,True,False,False,True,False,True
2026-04-04T13:58:53Z,KQ-XRZK-09KK,B0CSG9BFMJ,,,,unknown,live,live_mode_missing_cost,live_product_inputs,out/product_db_preview.csv,no_cost_truth,missing_cost,none,,no_cost,missing_cost,PRODUCT_DB_LIVE_LISTING_PRICE,0,False,False,True,False,False,inactive_or_unknown_status,wait,"LOW_CONFIDENCE_MARKET_CONTEXT,SALE_STATUS_NOT_ACTIVE",0,0,,inactive_sale_status,inactive_sale_status,True,True,True,False,True,True,True,True,True,True,False,False,False,False,True,True,False,False,False,False,False,False,False,False,False,False,False,False,False
2026-04-04T13:58:53Z,X1-APP3-4HQ6,B0BMKQKC3M,JC598UNII1,Rashmian,dropped,inactive,live,live_mode_missing_cost,live_product_inputs,out/product_db_preview.csv,no_cost_truth,missing_cost,none,,no_cost,missing_cost,PRODUCT_DB_LIVE_LISTING_PRICE,0,False,False,True,False,False,inactive_status,wait,"LOW_CONFIDENCE_MARKET_CONTEXT,SALE_STATUS_NOT_ACTIVE",0,0,,inactive_sale_status,inactive_sale_status,True,True,True,False,True,True,True,True,True,True,False,False,False,False,True,True,False,False,False,False,False,False,False,False,False,False,False,False,False
2026-04-04T13:58:53Z,M8-LMW1-Z8AS,B00IQFGOGA,,,,unknown,live,live_mode_missing_cost,live_product_inputs,out/product_db_preview.csv,no_cost_truth,missing_cost,none,,no_cost,missing_cost,PRODUCT_DB_LIVE_LISTING_PRICE,0,False,False,True,False,False,inactive_or_unknown_status,wait,"LOW_CONFIDENCE_MARKET_CONTEXT,SALE_STATUS_NOT_ACTIVE",0,0,,inactive_sale_status,inactive_sale_status,True,True,True,False,True,True,True,True,True,True,False,False,False,False,True,True,False,False,False,False,False,False,False,False,False,False,False,False,False
2026-04-04T13:58:53Z,VL-48KZ-J3F2,B07L8N2TC1,424668,Stax,active,active,live,live_mode_missing_cost,live_product_inputs,out/product_db_preview.csv,no_cost_truth,missing_cost,none,,no_cost,missing_cost,BUY_BOX_PRICE,0.0,True,False,True,False,False,missing_cost_and_demand,wait,WEAK_DEMAND_SIGNAL,0,0,,weak_demand,weak_demand,True,True,True,False,True,False,True,True,False,False,False,False,False,False,True,True,False,False,False,False,False,False,False,True,False,False,True,False,True
2026-04-04T13:58:53Z,9D-PMDG-ALP4,B005BFZAK4,E-82689,Bliss Distribution,active,active,live,live_mode_missing_cost,live_product_inputs,out/product_db_preview.csv,no_cost_truth,missing_cost,none,,no_cost,missing_cost,PRODUCT_DB_LIVE_LISTING_PRICE,0,True,False,True,False,False,missing_cost_and_demand,wait,"LOW_CONFIDENCE_MARKET_CONTEXT,WEAK_DEMAND_SIGNAL",0,0,,weak_demand,weak_demand,True,True,True,False,True,True,True,True,True,True,False,False,False,False,True,True,False,False,False,False,False,False,False,True,False,False,True,False,True
2026-04-04T13:58:53Z,UR-Q7TM-1F3I,B072YZPBJ3,985 20117,ABGee,active,active,live,live_mode_missing_cost,live_product_inputs,out/product_db_preview.csv,no_cost_truth,missing_cost,none,,no_cost,missing_cost,PRODUCT_DB_LIVE_LISTING_PRICE,1.0,True,False,True,True,False,missing_cost_only,wait,"LOW_CONFIDENCE_MARKET_CONTEXT,BLOCKED_MISSING_COST_INPUT",0,0,,missing_forward_roi_inputs,missing_forward_roi_inputs,True,True,True,False,False,True,True,True,True,True,False,False,False,False,True,True,False,False,False,True,False,False,False,False,False,False,True,False,False
2026-04-04T13:58:53Z,OZ-3NKR-VLYG,B0049A27FS,GDB0101,Trilanco,discontinued,inactive,live,live_mode_missing_cost,live_product_inputs,out/product_db_preview.csv,no_cost_truth,missing_cost,none,,no_cost,missing_cost,PRODUCT_DB_LIVE_LISTING_PRICE,0,False,False,True,False,False,inactive_status,wait,"LOW_CONFIDENCE_MARKET_CONTEXT,SALE_STATUS_NOT_ACTIVE",0,0,,inactive_sale_status,inactive_sale_status,True,True,True,False,True,True,True,True,True,True,False,False,False,False,True,True,False,False,False,False,False,False,False,False,False,False,False,False,False
2026-04-04T13:58:53Z,I2-6YKQ-CIBP,B007YX9O9E,,,,unknown,live,live_mode_missing_cost,live_product_inputs,out/product_db_preview.csv,no_cost_truth,missing_cost,none,,no_cost,missing_cost,PRODUCT_DB_LIVE_LISTING_PRICE,0.0,False,False,True,False,False,inactive_or_unknown_status,wait,"LOW_CONFIDENCE_MARKET_CONTEXT,SALE_STATUS_NOT_ACTIVE",0,0,,inactive_sale_status,inactive_sale_status,True,True,True,False,True,True,True,True,True,True,False,False,False,False,True,True,False,False,False,False,False,False,False,False,False,False,False,False,False
2026-04-04T13:58:53Z,RB-82FL-T88J,B0CJ8TNZ67,RL800D,Rashmian,active,active,live,live_mode_missing_cost,live_product_inputs,out/product_db_preview.csv,no_cost_truth,missing_cost,none,,no_cost,missing_cost,BUY_BOX_PRICE,0.0,True,False,True,False,False,missing_cost_and_demand,wait,WEAK_DEMAND_SIGNAL,0,0,,weak_demand,weak_demand,True,True,True,False,True,False,True,True,True,False,False,False,False,False,True,True,False,False,False,False,False,False,False,True,False,False,True,False,True
2026-04-04T13:58:53Z,H8-MI8Q-WG5C,B092K24B2Q,SCS23252,Shure Cosmetics,discontinued,inactive,live,live_mode_missing_cost,live_product_inputs,out/product_db_preview.csv,no_cost_truth,missing_cost,none,,no_cost,missing_cost,PRODUCT_DB_LIVE_LISTING_PRICE,0,False,False,True,False,False,inactive_status,wait,"LOW_CONFIDENCE_MARKET_CONTEXT,SALE_STATUS_NOT_ACTIVE",0,0,,inactive_sale_status,inactive_sale_status,True,True,True,False,True,True,True,True,True,True,False,False,False,False,True,True,False,False,False,False,False,False,False,False,False,False,False,False,False
2026-04-04T13:58:53Z,4U-XT39-AMUJ,B07RRQX71T,HBH30,CLF,dropped,inactive,live,live_mode_missing_cost,live_product_inputs,out/product_db_preview.csv,no_cost_truth,missing_cost,none,,no_cost,missing_cost,PRODUCT_DB_LIVE_LISTING_PRICE,0.0,False,False,True,False,False,inactive_status,wait,"LOW_CONFIDENCE_MARKET_CONTEXT,SALE_STATUS_NOT_ACTIVE",0,0,,inactive_sale_status,inactive_sale_status,True,True,True,False,True,True,True,True,True,True,False,False,False,False,True,True,False,False,False,False,False,False,False,False,False,False,False,False,False
2026-04-04T13:58:53Z,OP-0TPO-SB3I,B08MQ1N1CC,FK55621,Heo,dropped,inactive,live,live_mode_missing_cost,live_product_inputs,out/product_db_preview.csv,no_cost_truth,missing_cost,none,,no_cost,missing_cost,PRODUCT_DB_LIVE_LISTING_PRICE,0,False,False,True,False,False,inactive_status,wait,"LOW_CONFIDENCE_MARKET_CONTEXT,SALE_STATUS_NOT_ACTIVE",0,0,,inactive_sale_status,inactive_sale_status,True,True,True,False,True,True,True,True,True,True,False,False,False,False,True,True,False,False,False,False,False,False,False,False,False,False,False,False,False
2026-04-04T13:58:53Z,IB-U5FA-BO2Y,B0D3JC45CK,10290417,TD Synnex,active,active,live,live_mode_missing_cost,live_product_inputs,out/product_db_preview.csv,no_cost_truth,missing_cost,none,,no_cost,missing_cost,PRODUCT_DB_LIVE_LISTING_PRICE,0.0,True,False,True,False,False,missing_cost_and_demand,wait,"LOW_CONFIDENCE_MARKET_CONTEXT,WEAK_DEMAND_SIGNAL",0,0,,weak_demand,weak_demand,True,True,True,False,True,True,True,True,True,True,False,False,False,False,True,True,False,False,False,False,False,False,False,True,False,False,True,False,True
2026-04-04T13:58:53Z,AK-OB6V-HIYD,B00IUKPVYM,348926,Stax,active,active,live,live_mode_missing_cost,live_product_inputs,out/product_db_preview.csv,no_cost_truth,missing_cost,none,,no_cost,missing_cost,BUY_BOX_PRICE,1.428571,True,False,True,True,False,missing_cost_only,wait,BLOCKED_MISSING_COST_INPUT,0,0,,missing_forward_roi_inputs,missing_forward_roi_inputs,True,True,True,False,False,True,True,True,False,False,False,False,False,False,True,True,False,False,False,True,False,False,False,False,False,False,True,False,False
2026-04-04T13:58:53Z,U1-M5BM-8F5W,B0C9J86XCZ,GVDR09BK,Rashmian,active,active,live,live_mode_missing_cost,live_product_inputs,out/product_db_preview.csv,no_cost_truth,missing_cost,none,,no_cost,missing_cost,BUY_BOX_PRICE,0.0,True,False,True,False,False,missing_cost_and_demand,wait,WEAK_DEMAND_SIGNAL,0,0,,weak_demand,weak_demand,True,True,True,False,True,False,True,True,True,False,False,False,False,False,True,True,False,False,False,False,False,False,False,True,False,False,True,False,True
2026-04-04T13:58:53Z,4F-HT42-FD26,B010E25DI2,E-84517,Bliss Distribution,active,active,live,live_mode_missing_cost,live_product_inputs,out/product_db_preview.csv,no_cost_truth,missing_cost,none,,no_cost,missing_cost,BUY_BOX_PRICE,0.25,True,False,True,True,False,missing_cost_only,wait,BLOCKED_MISSING_COST_INPUT,0,0,,missing_forward_roi_inputs,missing_forward_roi_inputs,True,True,True,False,False,False,True,True,True,False,False,False,False,False,True,True,False,False,False,True,False,False,False,False,False,False,True,False,False
2026-04-04T13:58:53Z,UR-UAT8-4JSI,B00LDLBG3A,334657,Stax,dropped,inactive,live,live_mode_missing_cost,live_product_inputs,out/product_db_preview.csv,no_cost_truth,missing_cost,none,,no_cost,missing_cost,PRODUCT_DB_LIVE_LISTING_PRICE,0.0,False,False,True,False,False,inactive_status,wait,"LOW_CONFIDENCE_MARKET_CONTEXT,SALE_STATUS_NOT_ACTIVE",0,0,,inactive_sale_status,inactive_sale_status,True,True,True,False,True,True,True,True,True,True,False,False,False,False,True,True,False,False,False,False,False,False,False,False,False,False,False,False,False
2026-04-04T13:58:53Z,714810,B002BX8ZFG,,,,unknown,live,live_mode_missing_cost,live_product_inputs,out/product_db_preview.csv,no_cost_truth,missing_cost,none,,no_cost,missing_cost,BUY_BOX_PRICE,0.0,False,False,True,False,False,inactive_or_unknown_status,wait,SALE_STATUS_NOT_ACTIVE,0,0,,inactive_sale_status,inactive_sale_status,True,True,True,False,True,False,True,True,True,False,False,False,False,False,True,True,False,False,False,False,False,False,False,False,False,False,False,False,False
2026-04-04T13:58:53Z,D7-MGBX-RX2P,B001Q77TI2,E-81181,Bliss Distribution,active,active,live,live_mode_missing_cost,live_product_inputs,out/product_db_preview.csv,no_cost_truth,missing_cost,none,,no_cost,missing_cost,PRODUCT_DB_LIVE_LISTING_PRICE,0.0,True,False,True,False,False,missing_cost_and_demand,wait,"LOW_CONFIDENCE_MARKET_CONTEXT,WEAK_DEMAND_SIGNAL",0,0,,weak_demand,weak_demand,True,True,True,False,True,True,True,True,True,True,False,False,False,False,True,True,False,False,False,False,False,False,False,True,False,False,True,False,True
2026-04-04T13:58:53Z,LR-Q5V9-S4GK,B09P244SML,ATE72,CLF,dropped,inactive,live,live_mode_missing_cost,live_product_inputs,out/product_db_preview.csv,no_cost_truth,missing_cost,none,,no_cost,missing_cost,PRODUCT_DB_LIVE_LISTING_PRICE,0,False,False,True,False,False,inactive_status,wait,"LOW_CONFIDENCE_MARKET_CONTEXT,SALE_STATUS_NOT_ACTIVE",0,0,,inactive_sale_status,inactive_sale_status,True,True,True,False,True,True,True,True,True,True,False,False,False,False,True,True,False,False,False,False,False,False,False,False,False,False,False,False,False
2026-04-04T13:58:53Z,RY-2DTP-16YZ,B01N273YMX,,Party Wholesalers,dropped,inactive,live,live_mode_missing_cost,live_product_inputs,out/product_db_preview.csv,no_cost_truth,missing_cost,none,,no_cost,missing_cost,PRODUCT_DB_LIVE_LISTING_PRICE,0,False,False,True,False,False,inactive_status,wait,"LOW_CONFIDENCE_MARKET_CONTEXT,SALE_STATUS_NOT_ACTIVE",0,0,,inactive_sale_status,inactive_sale_status,True,True,True,False,True,True,True,True,True,True,False,False,False,False,True,True,False,False,False,False,False,False,False,False,False,False,False,False,False
2026-04-04T13:58:53Z,TK-E7QE-T40G,B000FPU2SK,5010624437194,Stax,active,active,live,live_mode_missing_cost,live_product_inputs,out/product_db_preview.csv,no_cost_truth,missing_cost,none,,no_cost,missing_cost,BUY_BOX_PRICE,0.0,True,False,True,False,False,missing_cost_and_demand,wait,WEAK_DEMAND_SIGNAL,0,0,,weak_demand,weak_demand,True,True,True,False,True,False,True,True,True,False,False,False,False,False,True,True,False,False,False,False,False,False,False,True,False,False,True,False,True
2026-04-04T13:58:53Z,GY-FO04-RDYL,B09M3PQRBG,CUR143,DHB,dropped,inactive,live,live_mode_missing_cost,live_product_inputs,out/product_db_preview.csv,no_cost_truth,missing_cost,none,,no_cost,missing_cost,PRODUCT_DB_LIVE_LISTING_PRICE,1.0,False,False,True,True,False,inactive_status,wait,"LOW_CONFIDENCE_MARKET_CONTEXT,SALE_STATUS_NOT_ACTIVE",0,0,,inactive_sale_status,inactive_sale_status,True,True,True,False,False,True,True,True,True,True,False,False,False,False,True,True,False,False,False,False,False,False,False,False,False,False,False,False,False
2026-04-04T13:58:53Z,SQ-7QYT-5D5B,B0915M1DLF,SCS22096,Shure Cosmetics,active,active,live,live_mode_missing_cost,live_product_inputs,out/product_db_preview.csv,no_cost_truth,missing_cost,none,,no_cost,missing_cost,PRODUCT_DB_LIVE_LISTING_PRICE,0.0,True,False,True,False,False,missing_cost_and_demand,wait,"LOW_CONFIDENCE_MARKET_CONTEXT,WEAK_DEMAND_SIGNAL",0,0,,weak_demand,weak_demand,True,True,True,False,True,True,True,True,True,True,False,False,False,False,True,True,False,False,False,False,False,False,False,True,False,False,True,False,True
2026-04-04T13:58:53Z,GK-YI4S-C158,B0009JJZ8A,4008033424400,Stax,active,active,live,live_mode_missing_cost,live_product_inputs,out/product_db_preview.csv,no_cost_truth,missing_cost,none,,no_cost,missing_cost,BUY_BOX_PRICE,0.0,True,False,True,False,False,missing_cost_and_demand,wait,WEAK_DEMAND_SIGNAL,0,0,,weak_demand,weak_demand,True,True,True,False,True,False,True,True,False,False,False,False,False,False,True,True,False,False,False,False,False,False,False,True,False,False,True,False,True
2026-04-04T13:58:53Z,LR-7GM6-1RCH,B08MQB42B3,D850EN,Rashmian,active,active,live,live_mode_missing_cost,live_product_inputs,out/product_db_preview.csv,no_cost_truth,missing_cost,none,,no_cost,missing_cost,PRODUCT_DB_LIVE_LISTING_PRICE,2.0,True,False,True,True,False,missing_cost_only,wait,"LOW_CONFIDENCE_MARKET_CONTEXT,BLOCKED_MISSING_COST_INPUT",0,0,,missing_forward_roi_inputs,missing_forward_roi_inputs,True,True,True,False,False,True,True,True,True,True,False,False,False,False,True,True,False,False,False,True,False,False,False,False,False,False,True,False,False
2026-04-04T13:58:53Z,RY-U14K-5XDR,B005NG23OW,109754,Jones Wholesale,active,active,live,live_mode_missing_cost,live_product_inputs,out/product_db_preview.csv,no_cost_truth,missing_cost,none,,no_cost,missing_cost,PRODUCT_DB_LIVE_LISTING_PRICE,0,True,False,True,False,False,missing_cost_and_demand,wait,"LOW_CONFIDENCE_MARKET_CONTEXT,WEAK_DEMAND_SIGNAL",0,0,,weak_demand,weak_demand,True,True,True,False,True,True,True,True,True,True,False,False,False,False,True,True,False,False,False,False,False,False,False,True,False,False,True,False,True
2026-04-04T13:58:53Z,HL-B4VJ-L8FP,B0813VNJF8,TP77,CLF,dropped,inactive,live,live_mode_missing_cost,live_product_inputs,out/product_db_preview.csv,no_cost_truth,missing_cost,none,,no_cost,missing_cost,PRODUCT_DB_LIVE_LISTING_PRICE,0,False,False,True,False,False,inactive_status,wait,"LOW_CONFIDENCE_MARKET_CONTEXT,SALE_STATUS_NOT_ACTIVE",0,0,,inactive_sale_status,inactive_sale_status,True,True,True,False,True,True,True,True,True,True,False,False,False,False,True,True,False,False,False,False,False,False,False,False,False,False,False,False,False
2026-04-04T13:58:53Z,3E-KHO2-YIAU,B012DV4306,SCS19763,Shure Cosmetics,discontinued,inactive,live,live_mode_missing_cost,live_product_inputs,out/product_db_preview.csv,no_cost_truth,missing_cost,none,,no_cost,missing_cost,PRODUCT_DB_LIVE_LISTING_PRICE,0,False,False,True,False,False,inactive_status,wait,"LOW_CONFIDENCE_MARKET_CONTEXT,SALE_STATUS_NOT_ACTIVE",0,0,,inactive_sale_status,inactive_sale_status,True,True,True,False,True,True,True,True,True,True,False,False,False,False,True,True,False,False,False,False,False,False,False,False,False,False,False,False,False
2026-04-04T13:58:53Z,QT-C0ZN-T4R7,9188805972,FLFALE013,Bliss Distribution,discontinued,inactive,live,live_mode_missing_cost,live_product_inputs,out/product_db_preview.csv,no_cost_truth,missing_cost,none,,no_cost,missing_cost,PRODUCT_DB_LIVE_LISTING_PRICE,0,False,False,True,False,False,inactive_status,wait,"LOW_CONFIDENCE_MARKET_CONTEXT,SALE_STATUS_NOT_ACTIVE",0,0,,inactive_sale_status,inactive_sale_status,True,True,True,False,True,True,True,True,True,True,False,False,False,False,True,True,False,False,False,False,False,False,False,False,False,False,False,False,False
2026-04-04T13:58:53Z,IB-PMXX-S0AE,B002BWSZS4,5013174036855,Stax,dropped,inactive,live,live_mode_missing_cost,live_product_inputs,out/product_db_preview.csv,no_cost_truth,missing_cost,none,,no_cost,missing_cost,PRODUCT_DB_LIVE_LISTING_PRICE,0,False,False,True,False,False,inactive_status,wait,"LOW_CONFIDENCE_MARKET_CONTEXT,SALE_STATUS_NOT_ACTIVE",0,0,,inactive_sale_status,inactive_sale_status,True,True,True,False,True,True,True,True,True,True,False,False,False,False,True,True,False,False,False,False,False,False,False,False,False,False,False,False,False
2026-04-04T13:58:53Z,TA-HQMF-9SUB,B074JHRC6J,366045,Stax,dropped,inactive,live,live_mode_missing_cost,live_product_inputs,out/product_db_preview.csv,no_cost_truth,missing_cost,none,,no_cost,missing_cost,PRODUCT_DB_LIVE_LISTING_PRICE,0,False,False,True,False,False,inactive_status,wait,"LOW_CONFIDENCE_MARKET_CONTEXT,SALE_STATUS_NOT_ACTIVE",0,0,,inactive_sale_status,inactive_sale_status,True,True,True,False,True,True,True,True,True,True,False,False,False,False,True,True,False,False,False,False,False,False,False,False,False,False,False,False,False
2026-04-04T13:58:53Z,MY-85FY-TSON,B0CKS4H64X,4005240136836,Stax,dropped,inactive,live,live_mode_missing_cost,live_product_inputs,out/product_db_preview.csv,no_cost_truth,missing_cost,none,,no_cost,missing_cost,PRODUCT_DB_LIVE_LISTING_PRICE,0,False,False,True,False,False,inactive_status,wait,"LOW_CONFIDENCE_MARKET_CONTEXT,SALE_STATUS_NOT_ACTIVE",0,0,,inactive_sale_status,inactive_sale_status,True,True,True,False,True,True,True,True,True,True,False,False,False,False,True,True,False,False,False,False,False,False,False,False,False,False,False,False,False
2026-04-04T13:58:53Z,NX-YY01-TLFO,B004TRSSIQ,782519,Stax,dropped,inactive,live,live_mode_missing_cost,live_product_inputs,out/product_db_preview.csv,no_cost_truth,missing_cost,none,,no_cost,missing_cost,PRODUCT_DB_LIVE_LISTING_PRICE,0,False,False,True,False,False,inactive_status,wait,"LOW_CONFIDENCE_MARKET_CONTEXT,SALE_STATUS_NOT_ACTIVE",0,0,,inactive_sale_status,inactive_sale_status,True,True,True,False,True,True,True,True,True,True,False,False,False,False,True,True,False,False,False,False,False,False,False,False,False,False,False,False,False
2026-04-04T13:58:53Z,L1-54EX-56YC,B09445GL1C,103987,Stax,active,active,live,live_mode_missing_cost,live_product_inputs,out/product_db_preview.csv,no_cost_truth,missing_cost,none,,no_cost,missing_cost,BUY_BOX_PRICE,1.75,True,False,True,True,False,missing_cost_only,wait,BLOCKED_MISSING_COST_INPUT,0,0,,missing_forward_roi_inputs,missing_forward_roi_inputs,True,True,True,False,False,True,True,True,False,False,False,False,False,False,True,True,False,False,False,True,False,False,False,False,False,False,True,False,False
2026-04-04T13:58:53Z,IM-AYXV-79NJ,B09HXXMJV9,,,,unknown,live,live_mode_missing_cost,live_product_inputs,out/product_db_preview.csv,no_cost_truth,missing_cost,none,,no_cost,missing_cost,PRODUCT_DB_LIVE_LISTING_PRICE,0.0,False,False,True,False,False,inactive_or_unknown_status,wait,"LOW_CONFIDENCE_MARKET_CONTEXT,SALE_STATUS_NOT_ACTIVE",0,0,,inactive_sale_status,inactive_sale_status,True,True,True,False,True,True,True,True,True,True,False,False,False,False,True,True,False,False,False,False,False,False,False,False,False,False,False,False,False
2026-04-04T13:58:53Z,94-7TOA-9ZBH,B07QNL4BNM,N2381,DK Tools,dropped,inactive,live,live_mode_missing_cost,live_product_inputs,out/product_db_preview.csv,no_cost_truth,missing_cost,none,,no_cost,missing_cost,PRODUCT_DB_LIVE_LISTING_PRICE,0,False,False,True,False,False,inactive_status,wait,"LOW_CONFIDENCE_MARKET_CONTEXT,SALE_STATUS_NOT_ACTIVE",0,0,,inactive_sale_status,inactive_sale_status,True,True,True,False,True,True,True,True,True,True,False,False,False,False,True,True,False,False,False,False,False,False,False,False,False,False,False,False,False
2026-04-04T13:58:53Z,SC-LYFM-ORXK,B07QXSDZJM,541 61176,ABGee,active,active,live,live_mode_missing_cost,live_product_inputs,out/product_db_preview.csv,no_cost_truth,missing_cost,none,,no_cost,missing_cost,PRODUCT_DB_LIVE_LISTING_PRICE,0.0,True,False,True,False,False,missing_cost_and_demand,wait,"LOW_CONFIDENCE_MARKET_CONTEXT,WEAK_DEMAND_SIGNAL",0,0,,weak_demand,weak_demand,True,True,True,False,True,True,True,True,True,True,False,False,False,False,True,True,False,False,False,False,False,False,False,True,False,False,True,False,True
2026-04-04T13:58:53Z,BL-WX51-KQOK,B0897VHKW6,HTP41,CLF,active,active,live,live_mode_missing_cost,live_product_inputs,out/product_db_preview.csv,no_cost_truth,missing_cost,none,,no_cost,missing_cost,PRODUCT_DB_LIVE_LISTING_PRICE,0.125,True,False,True,True,False,missing_cost_only,wait,"LOW_CONFIDENCE_MARKET_CONTEXT,BLOCKED_MISSING_COST_INPUT",0,0,,missing_forward_roi_inputs,missing_forward_roi_inputs,True,True,True,False,False,True,True,True,True,True,False,False,False,False,True,True,False,False,False,True,False,False,False,False,False,False,True,False,False
2026-04-04T13:58:53Z,3Q-8PJ1-BLBC,B0BBWH7DBT,SNV2S/250G,TD Synnex,active,active,live,live_mode_missing_cost,live_product_inputs,out/product_db_preview.csv,no_cost_truth,missing_cost,none,,no_cost,missing_cost,PRODUCT_DB_LIVE_LISTING_PRICE,0,True,False,True,False,False,missing_cost_and_demand,wait,"LOW_CONFIDENCE_MARKET_CONTEXT,WEAK_DEMAND_SIGNAL",0,0,,weak_demand,weak_demand,True,True,True,False,True,True,True,True,True,True,False,False,False,False,True,True,False,False,False,False,False,False,False,True,False,False,True,False,True
2026-04-04T13:58:53Z,7C-7V6B-QQZL,B003M36498,407720,Stax,dropped,inactive,live,live_mode_missing_cost,live_product_inputs,out/product_db_preview.csv,no_cost_truth,missing_cost,none,,no_cost,missing_cost,PRODUCT_DB_LIVE_LISTING_PRICE,0,False,False,True,False,False,inactive_status,wait,"LOW_CONFIDENCE_MARKET_CONTEXT,SALE_STATUS_NOT_ACTIVE",0,0,,inactive_sale_status,inactive_sale_status,True,True,True,False,True,True,True,True,True,True,False,False,False,False,True,True,False,False,False,False,False,False,False,False,False,False,False,False,False
2026-04-04T13:58:53Z,T8-6UWL-I3E1,B001OXH0X2,368831,Stax,dropped,inactive,live,live_mode_missing_cost,live_product_inputs,out/product_db_preview.csv,no_cost_truth,missing_cost,none,,no_cost,missing_cost,PRODUCT_DB_LIVE_LISTING_PRICE,0.0,False,False,True,False,False,inactive_status,wait,"LOW_CONFIDENCE_MARKET_CONTEXT,SALE_STATUS_NOT_ACTIVE",0,0,,inactive_sale_status,inactive_sale_status,True,True,True,False,True,True,True,True,True,True,False,False,False,False,True,True,False,False,False,False,False,False,False,False,False,False,False,False,False
2026-04-04T13:58:53Z,GJ-2OZK-0GCA,B0CS3VF4GK,MIX024,Tropicana Wholesale,active,active,live,live_mode_missing_cost,live_product_inputs,out/product_db_preview.csv,no_cost_truth,missing_cost,none,,no_cost,missing_cost,BUY_BOX_PRICE,1.0,True,False,True,True,False,missing_cost_only,wait,BLOCKED_MISSING_COST_INPUT,0,0,,missing_forward_roi_inputs,missing_forward_roi_inputs,True,True,True,False,False,True,True,True,True,False,False,False,False,False,True,True,False,False,False,True,False,False,False,False,False,False,True,False,False
2026-04-04T13:58:53Z,6E-U01F-GUCT,B0CSVLW6QL,,,,unknown,live,live_mode_missing_cost,live_product_inputs,out/product_db_preview.csv,no_cost_truth,missing_cost,none,,no_cost,missing_cost,PRODUCT_DB_LIVE_LISTING_PRICE,0,False,False,True,False,False,inactive_or_unknown_status,wait,"LOW_CONFIDENCE_MARKET_CONTEXT,SALE_STATUS_NOT_ACTIVE",0,0,,inactive_sale_status,inactive_sale_status,True,True,True,False,True,True,True,True,True,True,False,False,False,False,True,True,False,False,False,False,False,False,False,False,False,False,False,False,False
2026-04-04T13:58:53Z,H4-86XG-NLX6,B0CVNMZHZ6,FK79749,Heo,active,active,live,live_mode_missing_cost,live_product_inputs,out/product_db_preview.csv,no_cost_truth,missing_cost,none,,no_cost,missing_cost,PRODUCT_DB_LIVE_LISTING_PRICE,0.0,True,False,True,False,False,missing_cost_and_demand,wait,"LOW_CONFIDENCE_MARKET_CONTEXT,WEAK_DEMAND_SIGNAL",0,0,,weak_demand,weak_demand,True,True,True,False,True,True,True,True,True,True,False,False,False,False,True,True,False,False,False,False,False,False,False,True,False,False,True,False,True
2026-04-04T13:58:53Z,CY-5VNG-I5M8,B07Y354HMP,WIS105,DHB,discontinued,inactive,live,live_mode_missing_cost,live_product_inputs,out/product_db_preview.csv,no_cost_truth,missing_cost,none,,no_cost,missing_cost,PRODUCT_DB_LIVE_LISTING_PRICE,0.0,False,False,True,False,False,inactive_status,wait,"LOW_CONFIDENCE_MARKET_CONTEXT,SALE_STATUS_NOT_ACTIVE",0,0,,inactive_sale_status,inactive_sale_status,True,True,True,False,True,True,True,True,True,True,False,False,False,False,True,True,False,False,False,False,False,False,False,False,False,False,False,False,False
2026-04-04T13:58:53Z,86-0EBH-JQX6,B0D59LGPWS,D660EN,Rashmian,dropped,inactive,live,live_mode_missing_cost,live_product_inputs,out/product_db_preview.csv,no_cost_truth,missing_cost,none,,no_cost,missing_cost,PRODUCT_DB_LIVE_LISTING_PRICE,0,False,False,True,False,False,inactive_status,wait,"LOW_CONFIDENCE_MARKET_CONTEXT,SALE_STATUS_NOT_ACTIVE",0,0,,inactive_sale_status,inactive_sale_status,True,True,True,False,True,True,True,True,True,True,False,False,False,False,True,True,False,False,False,False,False,False,False,False,False,False,False,False,False
2026-04-04T13:58:53Z,WE-1Z7L-SA2I,B08MVG9QZW,,,,unknown,live,live_mode_missing_cost,live_product_inputs,out/product_db_preview.csv,no_cost_truth,missing_cost,none,,no_cost,missing_cost,BUY_BOX_PRICE,1.0,False,False,True,True,False,inactive_or_unknown_status,wait,SALE_STATUS_NOT_ACTIVE,0,0,,inactive_sale_status,inactive_sale_status,True,True,True,False,False,False,True,True,True,False,False,False,False,False,True,True,False,False,False,False,False,False,False,False,False,False,False,False,False
2026-04-04T13:58:53Z,TU-8I14-25ZR,B0CN5KRVXB,,,,unknown,live,live_mode_missing_cost,live_product_inputs,out/product_db_preview.csv,no_cost_truth,missing_cost,none,,no_cost,missing_cost,PRODUCT_DB_LIVE_LISTING_PRICE,0.0,False,False,True,False,False,inactive_or_unknown_status,wait,"LOW_CONFIDENCE_MARKET_CONTEXT,SALE_STATUS_NOT_ACTIVE",0,0,,inactive_sale_status,inactive_sale_status,True,True,True,False,True,True,True,True,True,True,False,False,False,False,True,True,False,False,False,False,False,False,False,False,False,False,False,False,False
2026-04-04T13:58:53Z,93-TB6X-UKTU,B078K3B7R6,PIK021,DHB,dropped,inactive,live,live_mode_missing_cost,live_product_inputs,out/product_db_preview.csv,no_cost_truth,missing_cost,none,,no_cost,missing_cost,PRODUCT_DB_LIVE_LISTING_PRICE,0,False,False,True,False,False,inactive_status,wait,"LOW_CONFIDENCE_MARKET_CONTEXT,SALE_STATUS_NOT_ACTIVE",0,0,,inactive_sale_status,inactive_sale_status,True,True,True,False,True,True,True,True,True,True,False,False,False,False,True,True,False,False,False,False,False,False,False,False,False,False,False,False,False
2026-04-04T13:58:53Z,LV-425G-BY4X,9188805646,FLFFLW01,Bliss Distribution,active,active,live,live_mode_missing_cost,live_product_inputs,out/product_db_preview.csv,no_cost_truth,missing_cost,none,,no_cost,missing_cost,BUY_BOX_PRICE,1.0,True,False,True,True,False,missing_cost_only,wait,BLOCKED_MISSING_COST_INPUT,0,0,,missing_forward_roi_inputs,missing_forward_roi_inputs,True,True,True,False,False,False,True,True,True,False,False,False,False,False,True,True,False,False,False,True,False,False,False,False,False,False,True,False,False
2026-04-04T13:58:53Z,90-0G83-3P0X,B0054RRCQY,BDG11,CLF,dropped,inactive,live,live_mode_missing_cost,live_product_inputs,out/product_db_preview.csv,no_cost_truth,missing_cost,none,,no_cost,missing_cost,PRODUCT_DB_LIVE_LISTING_PRICE,0,False,False,True,False,False,inactive_status,wait,"LOW_CONFIDENCE_MARKET_CONTEXT,SALE_STATUS_NOT_ACTIVE",0,0,,inactive_sale_status,inactive_sale_status,True,True,True,False,True,True,True,True,True,True,False,False,False,False,True,True,False,False,False,False,False,False,False,False,False,False,False,False,False
2026-04-04T13:58:53Z,S8-7VIK-3VEL,B0CT2BZ864,NS01D,Rashmian,dropped,inactive,live,live_mode_missing_cost,live_product_inputs,out/product_db_preview.csv,no_cost_truth,missing_cost,none,,no_cost,missing_cost,PRODUCT_DB_LIVE_LISTING_PRICE,0,False,False,True,False,False,inactive_status,wait,"LOW_CONFIDENCE_MARKET_CONTEXT,SALE_STATUS_NOT_ACTIVE",0,0,,inactive_sale_status,inactive_sale_status,True,True,True,False,True,True,True,True,True,True,False,False,False,False,True,True,False,False,False,False,False,False,False,False,False,False,False,False,False
2026-04-04T13:58:53Z,79-CPJ6-DSG6,9189143051,FLFALE014,Bliss Distribution,active,active,live,live_mode_missing_cost,live_product_inputs,out/product_db_preview.csv,no_cost_truth,missing_cost,none,,no_cost,missing_cost,PRODUCT_DB_LIVE_LISTING_PRICE,0.0,True,False,True,False,False,missing_cost_and_demand,wait,"LOW_CONFIDENCE_MARKET_CONTEXT,WEAK_DEMAND_SIGNAL",0,0,,weak_demand,weak_demand,True,True,True,False,True,True,False,True,True,True,False,False,False,False,True,True,False,False,False,False,False,False,False,True,False,False,True,False,True
2026-04-04T13:58:53Z,UT-WXOQ-6CZL,B08CVTBP81,,Bliss Distribution,dropped,inactive,live,live_mode_missing_cost,live_product_inputs,out/product_db_preview.csv,no_cost_truth,missing_cost,none,,no_cost,missing_cost,PRODUCT_DB_LIVE_LISTING_PRICE,0,False,False,True,False,False,inactive_status,wait,"LOW_CONFIDENCE_MARKET_CONTEXT,SALE_STATUS_NOT_ACTIVE",0,0,,inactive_sale_status,inactive_sale_status,True,True,True,False,True,True,True,True,True,True,False,False,False,False,True,True,False,False,False,False,False,False,False,False,False,False,False,False,False
2026-04-04T13:58:53Z,51-79LN-GGLK,B09HHLMG1V,109696,Stax,discontinued,inactive,live,live_mode_missing_cost,live_product_inputs,out/product_db_preview.csv,no_cost_truth,missing_cost,none,,no_cost,missing_cost,PRODUCT_DB_LIVE_LISTING_PRICE,0,False,False,True,False,False,inactive_status,wait,"LOW_CONFIDENCE_MARKET_CONTEXT,SALE_STATUS_NOT_ACTIVE",0,0,,inactive_sale_status,inactive_sale_status,True,True,True,False,True,True,True,True,True,True,False,False,False,False,True,True,False,False,False,False,False,False,False,False,False,False,False,False,False
2026-04-04T13:58:53Z,J1-6I0O-YXCL,B08CHK57TB,,,,unknown,live,live_mode_missing_cost,live_product_inputs,out/product_db_preview.csv,no_cost_truth,missing_cost,none,,no_cost,missing_cost,PRODUCT_DB_LIVE_LISTING_PRICE,0,False,False,True,False,False,inactive_or_unknown_status,wait,"LOW_CONFIDENCE_MARKET_CONTEXT,SALE_STATUS_NOT_ACTIVE",0,0,,inactive_sale_status,inactive_sale_status,True,True,True,False,True,True,True,True,True,True,False,False,False,False,True,True,False,False,False,False,False,False,False,False,False,False,False,False,False
2026-04-04T13:58:53Z,VA-V4J8-WHCT,B08FKZMQH8,DC753EN,Rashmian,dropped,inactive,live,live_mode_missing_cost,live_product_inputs,out/product_db_preview.csv,no_cost_truth,missing_cost,none,,no_cost,missing_cost,PRODUCT_DB_LIVE_LISTING_PRICE,0,False,False,True,False,False,inactive_status,wait,"LOW_CONFIDENCE_MARKET_CONTEXT,SALE_STATUS_NOT_ACTIVE",0,0,,inactive_sale_status,inactive_sale_status,True,True,True,False,True,True,True,True,True,True,False,False,False,False,True,True,False,False,False,False,False,False,False,False,False,False,False,False,False
2026-04-04T13:58:53Z,XE-27ZG-EZPZ,B0001IWX7E,377564,Stax,active,active,live,live_mode_missing_cost,live_product_inputs,out/product_db_preview.csv,no_cost_truth,missing_cost,none,,no_cost,missing_cost,PRODUCT_DB_LIVE_LISTING_PRICE,0.0,True,False,True,False,False,missing_cost_and_demand,wait,"LOW_CONFIDENCE_MARKET_CONTEXT,WEAK_DEMAND_SIGNAL",0,0,,weak_demand,weak_demand,True,True,True,False,True,True,True,True,True,True,False,False,False,False,True,True,False,False,False,False,False,False,False,True,False,False,True,False,True
2026-04-04T13:58:53Z,IO-9ZD2-3HDO,B09SBGM9Q8,FK64036,Heo,discontinued,inactive,live,live_mode_missing_cost,live_product_inputs,out/product_db_preview.csv,no_cost_truth,missing_cost,none,,no_cost,missing_cost,PRODUCT_DB_LIVE_LISTING_PRICE,0,False,False,True,False,False,inactive_status,wait,"LOW_CONFIDENCE_MARKET_CONTEXT,SALE_STATUS_NOT_ACTIVE",0,0,,inactive_sale_status,inactive_sale_status,True,True,True,False,True,True,True,True,True,True,False,False,False,False,True,True,False,False,False,False,False,False,False,False,False,False,False,False,False
2026-04-04T13:58:53Z,7I-1717-OHRW,B0CJMRL1WT,AT-15060,Bliss Distribution,dropped,inactive,live,live_mode_missing_cost,live_product_inputs,out/product_db_preview.csv,no_cost_truth,missing_cost,none,,no_cost,missing_cost,PRODUCT_DB_LIVE_LISTING_PRICE,0,False,False,True,False,False,inactive_status,wait,"LOW_CONFIDENCE_MARKET_CONTEXT,SALE_STATUS_NOT_ACTIVE",0,0,,inactive_sale_status,inactive_sale_status,True,True,True,False,True,True,True,True,True,True,False,False,False,False,True,True,False,False,False,False,False,False,False,False,False,False,False,False,False
2026-04-04T13:58:53Z,F7-PMJ2-SG6A,B07RZBBG14,,,,unknown,live,live_mode_missing_cost,live_product_inputs,out/product_db_preview.csv,no_cost_truth,missing_cost,none,,no_cost,missing_cost,PRODUCT_DB_LIVE_LISTING_PRICE,0.0,False,False,True,False,False,inactive_or_unknown_status,wait,"LOW_CONFIDENCE_MARKET_CONTEXT,SALE_STATUS_NOT_ACTIVE",0,0,,inactive_sale_status,inactive_sale_status,True,True,True,False,True,True,False,True,True,True,False,False,False,False,True,True,False,False,False,False,False,False,False,False,False,False,False,False,False
2026-04-04T13:58:53Z,3B-3H3V-Z93T,B0CP69JJGG,MYP044,Tropicana Wholesale,active,active,live,live_mode_missing_cost,live_product_inputs,out/product_db_preview.csv,no_cost_truth,missing_cost,none,,no_cost,missing_cost,PRODUCT_DB_LIVE_LISTING_PRICE,0.0,True,False,True,False,False,missing_cost_and_demand,wait,"LOW_CONFIDENCE_MARKET_CONTEXT,WEAK_DEMAND_SIGNAL",0,0,,weak_demand,weak_demand,True,True,True,False,True,True,True,True,True,True,False,False,False,False,True,True,False,False,False,False,False,False,False,True,False,False,True,False,True
2026-04-04T13:58:53Z,DX-1NE9-39YS,B08MT6CW12,103073,Stax,dropped,inactive,live,live_mode_missing_cost,live_product_inputs,out/product_db_preview.csv,no_cost_truth,missing_cost,none,,no_cost,missing_cost,PRODUCT_DB_LIVE_LISTING_PRICE,0,False,False,True,False,False,inactive_status,wait,"LOW_CONFIDENCE_MARKET_CONTEXT,SALE_STATUS_NOT_ACTIVE",0,0,,inactive_sale_status,inactive_sale_status,True,True,True,False,True,True,True,True,True,True,False,False,False,False,True,True,False,False,False,False,False,False,False,False,False,False,False,False,False
2026-04-04T13:58:53Z,PY-XV78-3OG5,B0D3J9M2H8,,,,unknown,live,live_mode_missing_cost,live_product_inputs,out/product_db_preview.csv,no_cost_truth,missing_cost,none,,no_cost,missing_cost,PRODUCT_DB_LIVE_LISTING_PRICE,0.0,False,False,True,False,False,inactive_or_unknown_status,wait,"LOW_CONFIDENCE_MARKET_CONTEXT,SALE_STATUS_NOT_ACTIVE",0,0,,inactive_sale_status,inactive_sale_status,True,True,True,False,True,True,True,True,True,True,False,False,False,False,True,True,False,False,False,False,False,False,False,False,False,False,False,False,False
2026-04-04T13:58:53Z,PE-G94Y-4PYO,B011SEA38A,484652,Sika,active,active,live,live_mode_missing_cost,live_product_inputs,out/product_db_preview.csv,no_cost_truth,missing_cost,none,,no_cost,missing_cost,PRODUCT_DB_LIVE_LISTING_PRICE,0.0,True,False,True,False,False,missing_cost_and_demand,wait,"LOW_CONFIDENCE_MARKET_CONTEXT,WEAK_DEMAND_SIGNAL",0,0,,weak_demand,weak_demand,True,True,True,False,True,True,True,True,True,True,False,False,False,False,True,True,False,False,False,False,False,False,False,True,False,False,True,False,True
2026-04-04T13:58:53Z,XG-Z9LW-Z27Q,B09NQ9YX9R,WP2000,Bliss Distribution,active,active,live,live_mode_missing_cost,live_product_inputs,out/product_db_preview.csv,no_cost_truth,missing_cost,none,,no_cost,missing_cost,PRODUCT_DB_LIVE_LISTING_PRICE,0.0,True,False,True,False,False,missing_cost_and_demand,wait,"LOW_CONFIDENCE_MARKET_CONTEXT,WEAK_DEMAND_SIGNAL",0,0,,weak_demand,weak_demand,True,True,True,False,True,True,True,True,True,True,False,False,False,False,True,True,False,False,False,False,False,False,False,True,False,False,True,False,True
2026-04-04T13:58:53Z,G8-L8EI-INMK,B0054SB72I,BRU020,DHB,active,active,live,live_mode_missing_cost,live_product_inputs,out/product_db_preview.csv,no_cost_truth,missing_cost,none,,no_cost,missing_cost,PRODUCT_DB_LIVE_LISTING_PRICE,0.0,True,False,True,False,False,missing_cost_and_demand,wait,"LOW_CONFIDENCE_MARKET_CONTEXT,WEAK_DEMAND_SIGNAL",0,0,,weak_demand,weak_demand,True,True,True,False,True,True,True,True,True,True,False,False,False,False,True,True,False,False,False,False,False,False,False,True,False,False,True,False,True
2026-04-04T13:58:53Z,3T-6QPR-E2MV,B06XGSJS7N,UGD010696,Heo,active,active,live,live_mode_missing_cost,live_product_inputs,out/product_db_preview.csv,no_cost_truth,missing_cost,none,,no_cost,missing_cost,PRODUCT_DB_LIVE_LISTING_PRICE,0.0,True,False,True,False,False,missing_cost_and_demand,wait,"LOW_CONFIDENCE_MARKET_CONTEXT,WEAK_DEMAND_SIGNAL",0,0,,weak_demand,weak_demand,True,True,True,False,True,True,True,True,True,True,False,False,False,False,True,True,False,False,False,False,False,False,False,True,False,False,True,False,True
2026-04-04T13:58:53Z,JV-D1TI-6UF6,B002HY4YSQ,5010624437200,Stax,dropped,inactive,live,live_mode_missing_cost,live_product_inputs,out/product_db_preview.csv,no_cost_truth,missing_cost,none,,no_cost,missing_cost,PRODUCT_DB_LIVE_LISTING_PRICE,0.0,False,False,True,False,False,inactive_status,wait,"LOW_CONFIDENCE_MARKET_CONTEXT,SALE_STATUS_NOT_ACTIVE",0,0,,inactive_sale_status,inactive_sale_status,True,True,True,False,True,True,True,True,True,True,False,False,False,False,True,True,False,False,False,False,False,False,False,False,False,False,False,False,False
2026-04-04T13:58:53Z,DD-94AN-QL9L,B00VQTO21M,MIR018,DHB,dropped,inactive,live,live_mode_missing_cost,live_product_inputs,out/product_db_preview.csv,no_cost_truth,missing_cost,none,,no_cost,missing_cost,PRODUCT_DB_LIVE_LISTING_PRICE,0,False,False,True,False,False,inactive_status,wait,"LOW_CONFIDENCE_MARKET_CONTEXT,SALE_STATUS_NOT_ACTIVE",0,0,,inactive_sale_status,inactive_sale_status,True,True,True,False,True,True,True,True,True,True,False,False,False,False,True,True,False,False,False,False,False,False,False,False,False,False,False,False,False
2026-04-04T13:58:53Z,H0-BYHY-BTUT,B08WX4Y25G,E-15613,Bliss Distribution,dropped,inactive,live,live_mode_missing_cost,live_product_inputs,out/product_db_preview.csv,no_cost_truth,missing_cost,none,,no_cost,missing_cost,PRODUCT_DB_LIVE_LISTING_PRICE,0,False,False,True,False,False,inactive_status,wait,"LOW_CONFIDENCE_MARKET_CONTEXT,SALE_STATUS_NOT_ACTIVE",0,0,,inactive_sale_status,inactive_sale_status,True,True,True,False,True,True,True,True,True,True,False,False,False,False,True,True,False,False,False,False,False,False,False,False,False,False,False,False,False
2026-04-04T13:58:53Z,NX-0Q7A-XR6H,B082DG6GJ6,SKI072,Tropicana Wholesale,dropped,inactive,live,live_mode_missing_cost,live_product_inputs,out/product_db_preview.csv,no_cost_truth,missing_cost,none,,no_cost,missing_cost,PRODUCT_DB_LIVE_LISTING_PRICE,0.0,False,False,True,False,False,inactive_status,wait,"LOW_CONFIDENCE_MARKET_CONTEXT,SALE_STATUS_NOT_ACTIVE",0,0,,inactive_sale_status,inactive_sale_status,True,True,True,False,True,True,True,True,True,True,False,False,False,False,True,True,False,False,False,False,False,False,False,False,False,False,False,False,False
2026-04-04T13:58:53Z,QF-JFBE-D4VE,B008ID91XI,,,,unknown,live,live_mode_missing_cost,live_product_inputs,out/product_db_preview.csv,no_cost_truth,missing_cost,none,,no_cost,missing_cost,PRODUCT_DB_LIVE_LISTING_PRICE,0,False,False,True,False,False,inactive_or_unknown_status,wait,"LOW_CONFIDENCE_MARKET_CONTEXT,SALE_STATUS_NOT_ACTIVE",0,0,,inactive_sale_status,inactive_sale_status,True,True,True,False,True,True,True,True,True,True,False,False,False,False,True,True,False,False,False,False,False,False,False,False,False,False,False,False,False
2026-04-04T13:58:53Z,MY-KL21-NMV5,B0913SVFD3,JC598PAI2,Rashmian,active,active,live,live_mode_missing_cost,live_product_inputs,out/product_db_preview.csv,no_cost_truth,missing_cost,none,,no_cost,missing_cost,BUY_BOX_PRICE,0.0,True,False,True,False,False,missing_cost_and_demand,wait,WEAK_DEMAND_SIGNAL,0,0,,weak_demand,weak_demand,True,True,True,False,True,False,False,True,True,False,False,False,False,False,True,True,False,False,False,False,False,False,False,True,False,False,True,False,True
2026-04-04T13:58:53Z,4D-BI2L-5PZ8,B000Q351JG,TSD84,CLF,active,active,live,live_mode_missing_cost,live_product_inputs,out/product_db_preview.csv,no_cost_truth,missing_cost,none,,no_cost,missing_cost,PRODUCT_DB_LIVE_LISTING_PRICE,0.0,True,False,True,False,False,missing_cost_and_demand,wait,"LOW_CONFIDENCE_MARKET_CONTEXT,WEAK_DEMAND_SIGNAL",0,0,,weak_demand,weak_demand,True,True,True,False,True,True,True,True,True,True,False,False,False,False,True,True,False,False,False,False,False,False,False,True,False,False,True,False,True
2026-04-04T13:58:53Z,NN-TSZ1-X2RD,B093FQYQJH,CUR141,DHB,active,active,live,live_mode_missing_cost,live_product_inputs,out/product_db_preview.csv,no_cost_truth,missing_cost,none,,no_cost,missing_cost,BUY_BOX_PRICE,0.0,True,False,True,False,False,missing_cost_and_demand,wait,WEAK_DEMAND_SIGNAL,0,0,,weak_demand,weak_demand,True,True,True,False,True,False,True,True,True,False,False,False,False,False,True,True,False,False,False,False,False,False,False,True,False,False,True,False,True
2026-04-04T13:58:53Z,6Q-9G2A-IKVV,B000PSB13C,MGB692KIT,Tool Chimp,active,active,live,live_mode_missing_cost,live_product_inputs,out/product_db_preview.csv,no_cost_truth,missing_cost,none,,no_cost,missing_cost,BUY_BOX_PRICE,3.083333,True,False,True,True,False,missing_cost_only,wait,BLOCKED_MISSING_COST_INPUT,0,0,,missing_forward_roi_inputs,missing_forward_roi_inputs,True,True,True,False,False,False,True,True,True,False,False,False,False,False,True,True,False,False,False,True,False,False,False,False,False,False,True,False,False
2026-04-04T13:58:53Z,52-BC73-O7B2,B0C7HGQRY6,MUT157,Tropicana Wholesale,dropped,inactive,live,live_mode_missing_cost,live_product_inputs,out/product_db_preview.csv,no_cost_truth,missing_cost,none,,no_cost,missing_cost,PRODUCT_DB_LIVE_LISTING_PRICE,0,False,False,True,False,False,inactive_status,wait,"LOW_CONFIDENCE_MARKET_CONTEXT,SALE_STATUS_NOT_ACTIVE",0,0,,inactive_sale_status,inactive_sale_status,True,True,True,False,True,True,True,True,True,True,False,False,False,False,True,True,False,False,False,False,False,False,False,False,False,False,False,False,False
2026-04-04T13:58:53Z,UN-2721-RX94,B08ZJL6FGL,77-82261,TD Synnex,active,active,live,live_mode_missing_cost,live_product_inputs,out/product_db_preview.csv,no_cost_truth,missing_cost,none,,no_cost,missing_cost,PRODUCT_DB_LIVE_LISTING_PRICE,0,True,False,True,False,False,missing_cost_and_demand,wait,"LOW_CONFIDENCE_MARKET_CONTEXT,WEAK_DEMAND_SIGNAL",0,0,,weak_demand,weak_demand,True,True,True,False,True,True,True,True,True,True,False,False,False,False,True,True,False,False,False,False,False,False,False,True,False,False,True,False,True
2026-04-04T13:58:53Z,YC-3L3M-BV48,B0CTD6Q6KY,MCF15193,Heo,active,active,live,live_mode_missing_cost,live_product_inputs,out/product_db_preview.csv,no_cost_truth,missing_cost,none,,no_cost,missing_cost,PRODUCT_DB_LIVE_LISTING_PRICE,0.625,True,False,True,True,False,missing_cost_only,wait,"LOW_CONFIDENCE_MARKET_CONTEXT,BLOCKED_MISSING_COST_INPUT",0,0,,missing_forward_roi_inputs,missing_forward_roi_inputs,True,True,True,False,False,True,True,True,True,True,False,False,False,False,True,True,False,False,False,True,False,False,False,False,False,False,True,False,False
2026-04-04T13:58:53Z,MW-RSG9-3S2C,B07DRLVHM2,,,,unknown,live,live_mode_missing_cost,live_product_inputs,out/product_db_preview.csv,no_cost_truth,missing_cost,none,,no_cost,missing_cost,PRODUCT_DB_LIVE_LISTING_PRICE,0,False,False,True,False,False,inactive_or_unknown_status,wait,"LOW_CONFIDENCE_MARKET_CONTEXT,SALE_STATUS_NOT_ACTIVE",0,0,,inactive_sale_status,inactive_sale_status,True,True,True,False,True,True,True,True,True,True,False,False,False,False,True,True,False,False,False,False,False,False,False,False,False,False,False,False,False
2026-04-04T13:58:53Z,7M-48OU-23X3,B004GFPFBO,985 2291,ABGee,active,active,live,live_mode_missing_cost,live_product_inputs,out/product_db_preview.csv,no_cost_truth,missing_cost,none,,no_cost,missing_cost,PRODUCT_DB_LIVE_LISTING_PRICE,0.0,True,False,True,False,False,missing_cost_and_demand,wait,"LOW_CONFIDENCE_MARKET_CONTEXT,WEAK_DEMAND_SIGNAL",0,0,,weak_demand,weak_demand,True,True,True,False,True,True,True,True,True,True,False,False,False,False,True,True,False,False,False,False,False,False,False,True,False,False,True,False,True
2026-04-04T13:58:53Z,88-PT9Z-DP6C,B081SWQNFS,SCS24049,Shure Cosmetics,discontinued,inactive,live,live_mode_missing_cost,live_product_inputs,out/product_db_preview.csv,no_cost_truth,missing_cost,none,,no_cost,missing_cost,PRODUCT_DB_LIVE_LISTING_PRICE,0,False,False,True,False,False,inactive_status,wait,"LOW_CONFIDENCE_MARKET_CONTEXT,SALE_STATUS_NOT_ACTIVE",0,0,,inactive_sale_status,inactive_sale_status,True,True,True,False,True,True,True,True,True,True,False,False,False,False,True,True,False,False,False,False,False,False,False,False,False,False,False,False,False
2026-04-04T13:58:53Z,MY-XMO2-EXY1,B0042SNS7S,F-91WC-4AEF,Rashmian,active,active,live,live_mode_missing_cost,live_product_inputs,out/product_db_preview.csv,no_cost_truth,missing_cost,none,,no_cost,missing_cost,PRODUCT_DB_LIVE_LISTING_PRICE,0,True,False,True,False,False,missing_cost_and_demand,wait,"LOW_CONFIDENCE_MARKET_CONTEXT,WEAK_DEMAND_SIGNAL",0,0,,weak_demand,weak_demand,True,True,True,False,True,True,True,True,True,True,False,False,False,False,True,True,False,False,False,False,False,False,False,True,False,False,True,False,True
2026-04-04T13:58:53Z,UR-W905-8D8D,B00B2KJ59Y,5060494310363,Stax,discontinued,inactive,live,live_mode_missing_cost,live_product_inputs,out/product_db_preview.csv,no_cost_truth,missing_cost,none,,no_cost,missing_cost,PRODUCT_DB_LIVE_LISTING_PRICE,0,False,False,True,False,False,inactive_status,wait,"LOW_CONFIDENCE_MARKET_CONTEXT,SALE_STATUS_NOT_ACTIVE",0,0,,inactive_sale_status,inactive_sale_status,True,True,True,False,True,True,True,True,True,True,False,False,False,False,True,True,False,False,False,False,False,False,False,False,False,False,False,False,False
2026-04-04T13:58:53Z,5Z-6Z0P-9TQQ,B08MW8XMNQ,PIK077,DHB,discontinued,inactive,live,live_mode_missing_cost,live_product_inputs,out/product_db_preview.csv,no_cost_truth,missing_cost,none,,no_cost,missing_cost,PRODUCT_DB_LIVE_LISTING_PRICE,1.571429,False,False,True,True,False,inactive_status,wait,"LOW_CONFIDENCE_MARKET_CONTEXT,SALE_STATUS_NOT_ACTIVE",0,0,,inactive_sale_status,inactive_sale_status,True,True,True,False,False,True,True,True,True,True,False,False,False,False,True,True,False,False,False,False,False,False,False,False,False,False,False,False,False
2026-04-04T13:58:53Z,91-PZCP-NNGD,B0198KU5PW,985 5305,ABGee,dropped,inactive,live,live_mode_missing_cost,live_product_inputs,out/product_db_preview.csv,no_cost_truth,missing_cost,none,,no_cost,missing_cost,PRODUCT_DB_LIVE_LISTING_PRICE,0,False,False,True,False,False,inactive_status,wait,"LOW_CONFIDENCE_MARKET_CONTEXT,SALE_STATUS_NOT_ACTIVE",0,0,,inactive_sale_status,inactive_sale_status,True,True,True,False,True,True,True,True,True,True,False,False,False,False,True,True,False,False,False,False,False,False,False,False,False,False,False,False,False
2026-04-04T13:58:53Z,8D-Y151-NFFF,B0031DCJWU,PE4,CLF,active,active,live,live_mode_missing_cost,live_product_inputs,out/product_db_preview.csv,no_cost_truth,missing_cost,none,,no_cost,missing_cost,PRODUCT_DB_LIVE_LISTING_PRICE,0,True,False,True,False,False,missing_cost_and_demand,wait,"LOW_CONFIDENCE_MARKET_CONTEXT,WEAK_DEMAND_SIGNAL",0,0,,weak_demand,weak_demand,True,True,True,False,True,True,True,True,True,True,False,False,False,False,True,True,False,False,False,False,False,False,False,True,False,False,True,False,True
2026-04-04T13:58:53Z,BB-ZT14-1QQA,B086MBW9R9,BF4232,Bliss Distribution,active,active,live,live_mode_missing_cost,live_product_inputs,out/product_db_preview.csv,no_cost_truth,missing_cost,none,,no_cost,missing_cost,PRODUCT_DB_LIVE_LISTING_PRICE,0.75,True,False,True,True,False,missing_cost_only,wait,"LOW_CONFIDENCE_MARKET_CONTEXT,BLOCKED_MISSING_COST_INPUT",0,0,,missing_forward_roi_inputs,missing_forward_roi_inputs,True,True,True,False,False,True,True,True,True,True,False,False,False,False,True,True,False,False,False,True,False,False,False,False,False,False,True,False,False
2026-04-04T13:58:53Z,WJ-YHKC-EES5,B07CN7NRF7,HPE560165,Heo,active,active,live,live_mode_missing_cost,live_product_inputs,out/product_db_preview.csv,no_cost_truth,missing_cost,none,,no_cost,missing_cost,BUY_BOX_PRICE,0.304348,True,False,True,True,False,missing_cost_only,wait,BLOCKED_MISSING_COST_INPUT,0,0,,missing_forward_roi_inputs,missing_forward_roi_inputs,True,True,True,False,False,False,True,True,True,False,False,False,False,False,True,True,False,False,False,True,False,False,False,False,False,False,True,False,False
2026-04-04T13:58:53Z,K2-VE7K-V9TU,B08FR6S7CD,,Culpitt,dropped,inactive,live,live_mode_missing_cost,live_product_inputs,out/product_db_preview.csv,no_cost_truth,missing_cost,none,,no_cost,missing_cost,PRODUCT_DB_LIVE_LISTING_PRICE,0,False,False,True,False,False,inactive_status,wait,"LOW_CONFIDENCE_MARKET_CONTEXT,SALE_STATUS_NOT_ACTIVE",0,0,,inactive_sale_status,inactive_sale_status,True,True,True,False,True,True,True,True,True,True,False,False,False,False,True,True,False,False,False,False,False,False,False,False,False,False,False,False,False
2026-04-04T13:58:53Z,CA-JM6T-ZXP6,B0CMY2G83J,888 SQAL0033,ABGee,discontinued,inactive,live,live_mode_missing_cost,live_product_inputs,out/product_db_preview.csv,no_cost_truth,missing_cost,none,,no_cost,missing_cost,PRODUCT_DB_LIVE_LISTING_PRICE,0,False,False,True,False,False,inactive_status,wait,"LOW_CONFIDENCE_MARKET_CONTEXT,SALE_STATUS_NOT_ACTIVE",0,0,,inactive_sale_status,inactive_sale_status,True,True,True,False,True,True,True,True,True,True,False,False,False,False,True,True,False,False,False,False,False,False,False,False,False,False,False,False,False
2026-04-04T13:58:53Z,3E-62Y1-WPYU,B0DN6KL887,505534,Jones Wholesale,active,active,live,live_mode_missing_cost,live_product_inputs,out/product_db_preview.csv,no_cost_truth,missing_cost,none,,no_cost,missing_cost,PRODUCT_DB_LIVE_LISTING_PRICE,0.0,True,False,True,False,False,missing_cost_and_demand,wait,"LOW_CONFIDENCE_MARKET_CONTEXT,WEAK_DEMAND_SIGNAL",0,0,,weak_demand,weak_demand,True,True,True,False,True,True,True,True,True,True,False,False,False,False,True,True,False,False,False,False,False,False,False,True,False,False,True,False,True
2026-04-04T13:58:53Z,X7-MY4W-H2I4,B00S9IXBVU,319378,Stax,active,active,live,live_mode_missing_cost,live_product_inputs,out/product_db_preview.csv,no_cost_truth,missing_cost,none,,no_cost,missing_cost,BUY_BOX_PRICE,0.0,True,False,True,False,False,missing_cost_and_demand,wait,WEAK_DEMAND_SIGNAL,0,0,,weak_demand,weak_demand,True,True,True,False,True,False,True,True,True,False,False,False,False,False,True,True,False,False,False,False,False,False,False,True,False,False,True,False,True
2026-04-04T13:58:53Z,NO-N6RP-Y30Q,B07NJCFPKF,AT-11036,Bliss Distribution,dropped,inactive,live,live_mode_missing_cost,live_product_inputs,out/product_db_preview.csv,no_cost_truth,missing_cost,none,,no_cost,missing_cost,PRODUCT_DB_LIVE_LISTING_PRICE,0,False,False,True,False,False,inactive_status,wait,"LOW_CONFIDENCE_MARKET_CONTEXT,SALE_STATUS_NOT_ACTIVE",0,0,,inactive_sale_status,inactive_sale_status,True,True,True,False,True,True,True,True,True,True,False,False,False,False,True,True,False,False,False,False,False,False,False,False,False,False,False,False,False
2026-04-04T13:58:53Z,OW-ONY2-KNM7,B09MTXZY2Y,62104,Jones Wholesale,active,active,live,live_mode_missing_cost,live_product_inputs,out/product_db_preview.csv,no_cost_truth,missing_cost,none,,no_cost,missing_cost,PRODUCT_DB_LIVE_LISTING_PRICE,0,True,False,True,False,False,missing_cost_and_demand,wait,"LOW_CONFIDENCE_MARKET_CONTEXT,WEAK_DEMAND_SIGNAL",0,0,,weak_demand,weak_demand,True,True,True,False,True,True,True,True,True,True,False,False,False,False,True,True,False,False,False,False,False,False,False,True,False,False,True,False,True
2026-04-04T13:58:53Z,8U-QPFH-3EKQ,B07T9WVBZ2,CUR204,DHB,active,active,live,live_mode_missing_cost,live_product_inputs,out/product_db_preview.csv,no_cost_truth,missing_cost,none,,no_cost,missing_cost,BUY_BOX_PRICE,1.0,True,False,True,True,False,missing_cost_only,wait,BLOCKED_MISSING_COST_INPUT,0,0,,missing_forward_roi_inputs,missing_forward_roi_inputs,True,True,True,False,False,False,True,True,True,False,False,False,False,False,True,True,False,False,False,True,False,False,False,False,False,False,True,False,False
2026-04-04T13:58:53Z,4U-9ZL6-9G0Y,B07C8QSSR2,PIK054,DHB,active,active,live,live_mode_missing_cost,live_product_inputs,out/product_db_preview.csv,no_cost_truth,missing_cost,none,,no_cost,missing_cost,PRODUCT_DB_LIVE_LISTING_PRICE,0.0,True,False,True,False,False,missing_cost_and_demand,wait,"LOW_CONFIDENCE_MARKET_CONTEXT,WEAK_DEMAND_SIGNAL",0,0,,weak_demand,weak_demand,True,True,True,False,True,True,True,True,True,True,False,False,False,False,True,True,False,False,False,False,False,False,False,True,False,False,True,False,True
2026-04-04T13:58:53Z,D2-8SPY-Q095,B0052VXJGO,312457,Stax,active,active,live,live_mode_missing_cost,live_product_inputs,out/product_db_preview.csv,no_cost_truth,missing_cost,none,,no_cost,missing_cost,PRODUCT_DB_LIVE_LISTING_PRICE,0.0,True,False,True,False,False,missing_cost_and_demand,wait,"LOW_CONFIDENCE_MARKET_CONTEXT,WEAK_DEMAND_SIGNAL",0,0,,weak_demand,weak_demand,True,True,True,False,True,True,True,True,True,True,False,False,False,False,True,True,False,False,False,False,False,False,False,True,False,False,True,False,True
2026-04-04T13:58:53Z,A1-KSU1-GZMS,B07BC1CMDK,P240,DK Tools,active,active,live,live_mode_missing_cost,live_product_inputs,out/product_db_preview.csv,no_cost_truth,missing_cost,none,,no_cost,missing_cost,BUY_BOX_PRICE,0,True,False,True,False,False,missing_cost_and_demand,wait,WEAK_DEMAND_SIGNAL,0,0,,weak_demand,weak_demand,True,True,True,False,True,False,True,True,True,False,False,False,False,False,True,True,False,False,False,False,False,False,False,True,False,False,True,False,True
2026-04-04T13:58:53Z,5H-EJ59-AZPA,B004ZMXOMA,TEP418SP,DHB,discontinued,inactive,live,live_mode_missing_cost,live_product_inputs,out/product_db_preview.csv,no_cost_truth,missing_cost,none,,no_cost,missing_cost,PRODUCT_DB_LIVE_LISTING_PRICE,0,False,False,True,False,False,inactive_status,wait,"LOW_CONFIDENCE_MARKET_CONTEXT,SALE_STATUS_NOT_ACTIVE",0,0,,inactive_sale_status,inactive_sale_status,True,True,True,False,True,True,True,True,True,True,False,False,False,False,True,True,False,False,False,False,False,False,False,False,False,False,False,False,False
2026-04-04T13:58:53Z,XN-OF53-7WRU,B0084CNKAI,MT411134,Murrays Health and Beauty,discontinued,inactive,live,live_mode_missing_cost,live_product_inputs,out/product_db_preview.csv,no_cost_truth,missing_cost,none,,no_cost,missing_cost,PRODUCT_DB_LIVE_LISTING_PRICE,0,False,False,True,False,False,inactive_status,wait,"LOW_CONFIDENCE_MARKET_CONTEXT,SALE_STATUS_NOT_ACTIVE",0,0,,inactive_sale_status,inactive_sale_status,True,True,True,False,True,True,True,True,True,True,False,False,False,False,True,True,False,False,False,False,False,False,False,False,False,False,False,False,False
2026-04-04T13:58:53Z,8R-E0Y9-0LAU,B0BBHBX72C,77-89955,TD Synnex,active,active,live,live_mode_missing_cost,live_product_inputs,out/product_db_preview.csv,no_cost_truth,missing_cost,none,,no_cost,missing_cost,BUY_BOX_PRICE,0.0,True,False,True,False,False,missing_cost_and_demand,wait,WEAK_DEMAND_SIGNAL,0,0,,weak_demand,weak_demand,True,True,True,False,True,False,True,True,True,False,False,False,False,False,True,True,False,False,False,False,False,False,False,True,False,False,True,False,True
2026-04-04T13:58:53Z,3X-EXDD-TD2K,B0D6W9DZX4,77-95790,TD Synnex,active,active,live,live_mode_missing_cost,live_product_inputs,out/product_db_preview.csv,no_cost_truth,missing_cost,none,,no_cost,missing_cost,PRODUCT_DB_LIVE_LISTING_PRICE,0.230769,True,False,True,True,False,missing_cost_only,wait,"LOW_CONFIDENCE_MARKET_CONTEXT,BLOCKED_MISSING_COST_INPUT",0,0,,missing_forward_roi_inputs,missing_forward_roi_inputs,True,True,True,False,False,True,True,True,True,True,False,False,False,False,True,True,False,False,False,True,False,False,False,False,False,False,True,False,False
2026-04-04T13:58:53Z,XJ-2FN3-M9FH,B099FBD93Y,CUR164,DHB,discontinued,inactive,live,live_mode_missing_cost,live_product_inputs,out/product_db_preview.csv,no_cost_truth,missing_cost,none,,no_cost,missing_cost,PRODUCT_DB_LIVE_LISTING_PRICE,0,False,False,True,False,False,inactive_status,wait,"LOW_CONFIDENCE_MARKET_CONTEXT,SALE_STATUS_NOT_ACTIVE",0,0,,inactive_sale_status,inactive_sale_status,True,True,True,False,True,True,True,True,True,True,False,False,False,False,True,True,False,False,False,False,False,False,False,False,False,False,False,False,False
2026-04-04T13:58:53Z,WX-L5UA-UB1Q,B007R2ICTK,87298406,Stax,active,active,live,live_mode_missing_cost,live_product_inputs,out/product_db_preview.csv,no_cost_truth,missing_cost,none,,no_cost,missing_cost,PRODUCT_DB_LIVE_LISTING_PRICE,0.0,True,False,True,False,False,missing_cost_and_demand,wait,"LOW_CONFIDENCE_MARKET_CONTEXT,WEAK_DEMAND_SIGNAL",0,0,,weak_demand,weak_demand,True,True,True,False,True,True,True,True,True,True,False,False,False,False,True,True,False,False,False,False,False,False,False,True,False,False,True,False,True
2026-04-04T13:58:53Z,UL-D0Y8-ZNI5,B08DR97BX2,,,,unknown,live,live_mode_missing_cost,live_product_inputs,out/product_db_preview.csv,no_cost_truth,missing_cost,none,,no_cost,missing_cost,PRODUCT_DB_LIVE_LISTING_PRICE,0.0,False,False,True,False,False,inactive_or_unknown_status,wait,"LOW_CONFIDENCE_MARKET_CONTEXT,SALE_STATUS_NOT_ACTIVE",0,0,,inactive_sale_status,inactive_sale_status,True,True,True,False,True,True,True,True,True,True,False,False,False,False,True,True,False,False,False,False,False,False,False,False,False,False,False,False,False
2026-04-04T13:58:53Z,49-4UKW-G81R,B00WI8O0RG,E-84515,Bliss Distribution,active,active,live,live_mode_missing_cost,live_product_inputs,out/product_db_preview.csv,no_cost_truth,missing_cost,none,,no_cost,missing_cost,PRODUCT_DB_LIVE_LISTING_PRICE,2.142857,True,False,True,True,False,missing_cost_only,wait,"LOW_CONFIDENCE_MARKET_CONTEXT,BLOCKED_MISSING_COST_INPUT",0,0,,missing_forward_roi_inputs,missing_forward_roi_inputs,True,True,True,False,False,True,True,True,True,True,False,False,False,False,True,True,False,False,False,True,False,False,False,False,False,False,True,False,False
2026-04-04T13:58:53Z,YO-EKK2-FRCC,B00BWU7MNU,SPLT28,CLF,active,active,live,live_mode_missing_cost,live_product_inputs,out/product_db_preview.csv,no_cost_truth,missing_cost,none,,no_cost,missing_cost,BUY_BOX_PRICE,1.0,True,False,True,True,False,missing_cost_only,wait,BLOCKED_MISSING_COST_INPUT,0,0,,missing_forward_roi_inputs,missing_forward_roi_inputs,True,True,True,False,False,False,True,True,True,False,False,False,False,False,True,True,False,False,False,True,False,False,False,False,False,False,True,False,False
2026-04-04T13:58:53Z,L5-PF3B-WHU4,B09LDDFK4R,MIX025,Tropicana Wholesale,active,active,live,live_mode_missing_cost,live_product_inputs,out/product_db_preview.csv,no_cost_truth,missing_cost,none,,no_cost,missing_cost,BUY_BOX_PRICE,0.12,True,False,True,True,False,missing_cost_only,wait,BLOCKED_MISSING_COST_INPUT,0,0,,missing_forward_roi_inputs,missing_forward_roi_inputs,True,True,True,False,False,False,True,True,True,False,False,False,False,False,True,True,False,False,False,True,False,False,False,False,False,False,True,False,False
2026-04-04T13:58:53Z,DC-K5WH-R7F5,B0073FT7FY,TEP068SP,DHB,active,active,live,live_mode_missing_cost,live_product_inputs,out/product_db_preview.csv,no_cost_truth,missing_cost,none,,no_cost,missing_cost,BUY_BOX_PRICE,1.533333,True,False,True,True,False,missing_cost_only,wait,BLOCKED_MISSING_COST_INPUT,0,0,,missing_forward_roi_inputs,missing_forward_roi_inputs,True,True,True,False,False,False,True,True,True,False,False,False,False,False,True,True,False,False,False,True,False,False,False,False,False,False,True,False,False
2026-04-04T13:58:53Z,BD-TLOK-BCEE,B0D3JCG3YJ,77-95261,TD Synnex,active,active,live,live_mode_missing_cost,live_product_inputs,out/product_db_preview.csv,no_cost_truth,missing_cost,none,,no_cost,missing_cost,PRODUCT_DB_LIVE_LISTING_PRICE,0,True,False,True,False,False,missing_cost_and_demand,wait,"LOW_CONFIDENCE_MARKET_CONTEXT,WEAK_DEMAND_SIGNAL",0,0,,weak_demand,weak_demand,True,True,True,False,True,True,True,True,True,True,False,False,False,False,True,True,False,False,False,False,False,False,False,True,False,False,True,False,True
2026-04-04T13:58:53Z,N7-A24N-WJA7,B09NM9TVYX,,,,unknown,live,live_mode_missing_cost,live_product_inputs,out/product_db_preview.csv,no_cost_truth,missing_cost,none,,no_cost,missing_cost,PRODUCT_DB_LIVE_LISTING_PRICE,0.0,False,False,True,False,False,inactive_or_unknown_status,wait,"LOW_CONFIDENCE_MARKET_CONTEXT,SALE_STATUS_NOT_ACTIVE",0,0,,inactive_sale_status,inactive_sale_status,True,True,True,False,True,True,True,True,True,True,False,False,False,False,True,True,False,False,False,False,False,False,False,False,False,False,False,False,False
2026-04-04T13:58:53Z,2X-8XI7-C9T5,B07L6H9GZ2,SKI006,Tropicana Wholesale,active,active,live,live_mode_missing_cost,live_product_inputs,out/product_db_preview.csv,no_cost_truth,missing_cost,none,,no_cost,missing_cost,BUY_BOX_PRICE,1.75,True,False,True,True,False,missing_cost_only,wait,BLOCKED_MISSING_COST_INPUT,0,0,,missing_forward_roi_inputs,missing_forward_roi_inputs,True,True,True,False,False,False,True,True,True,False,False,False,False,False,True,True,False,False,False,True,False,False,False,False,False,False,True,False,False
2026-04-04T13:58:53Z,QW-9XV0-Q3EH,B00J5H1E9K,UGD010109,Bliss Distribution,active,active,live,live_mode_missing_cost,live_product_inputs,out/product_db_preview.csv,no_cost_truth,missing_cost,none,,no_cost,missing_cost,PRODUCT_DB_LIVE_LISTING_PRICE,0,True,False,True,False,False,missing_cost_and_demand,wait,"LOW_CONFIDENCE_MARKET_CONTEXT,WEAK_DEMAND_SIGNAL",0,0,,weak_demand,weak_demand,True,True,True,False,True,True,True,True,True,True,False,False,False,False,True,True,False,False,False,False,False,False,False,True,False,False,True,False,True
2026-04-04T13:58:53Z,IZ-8NZ9-VXR2,B08XLT86GL,515 706404,ABGee,active,active,live,live_mode_missing_cost,live_product_inputs,out/product_db_preview.csv,no_cost_truth,missing_cost,none,,no_cost,missing_cost,PRODUCT_DB_LIVE_LISTING_PRICE,0,True,False,True,False,False,missing_cost_and_demand,wait,"LOW_CONFIDENCE_MARKET_CONTEXT,WEAK_DEMAND_SIGNAL",0,0,,weak_demand,weak_demand,True,True,True,False,True,True,True,True,True,True,False,False,False,False,True,True,False,False,False,False,False,False,False,True,False,False,True,False,True
2026-04-04T13:58:53Z,I5-DDJZ-N4EF,B07QLML4ZG,N2380,DK Tools,dropped,inactive,live,live_mode_missing_cost,live_product_inputs,out/product_db_preview.csv,no_cost_truth,missing_cost,none,,no_cost,missing_cost,PRODUCT_DB_LIVE_LISTING_PRICE,0,False,False,True,False,False,inactive_status,wait,"LOW_CONFIDENCE_MARKET_CONTEXT,SALE_STATUS_NOT_ACTIVE",0,0,,inactive_sale_status,inactive_sale_status,True,True,True,False,True,True,True,True,True,True,False,False,False,False,True,True,False,False,False,False,False,False,False,False,False,False,False,False,False
2026-04-04T13:58:53Z,ZB-PV7O-TKUD,B0BBH9MHBH,77-89965,TD Synnex,discontinued,inactive,live,live_mode_missing_cost,live_product_inputs,out/product_db_preview.csv,no_cost_truth,missing_cost,none,,no_cost,missing_cost,PRODUCT_DB_LIVE_LISTING_PRICE,0,False,False,True,False,False,inactive_status,wait,"LOW_CONFIDENCE_MARKET_CONTEXT,SALE_STATUS_NOT_ACTIVE",0,0,,inactive_sale_status,inactive_sale_status,True,True,True,False,True,True,True,True,True,True,False,False,False,False,True,True,False,False,False,False,False,False,False,False,False,False,False,False,False
2026-04-04T13:58:53Z,4F-I024-EY2R,B012AO02EM,FSP3,CLF,dropped,inactive,live,live_mode_missing_cost,live_product_inputs,out/product_db_preview.csv,no_cost_truth,missing_cost,none,,no_cost,missing_cost,PRODUCT_DB_LIVE_LISTING_PRICE,0,False,False,True,False,False,inactive_status,wait,"LOW_CONFIDENCE_MARKET_CONTEXT,SALE_STATUS_NOT_ACTIVE",0,0,,inactive_sale_status,inactive_sale_status,True,True,True,False,True,True,True,True,True,True,False,False,False,False,True,True,False,False,False,False,False,False,False,False,False,False,False,False,False
2026-04-04T13:58:53Z,VU-8KRA-QP5M,B0BNLWBLMV,AT-11055,Bliss Distribution,active,active,live,live_mode_missing_cost,live_product_inputs,out/product_db_preview.csv,no_cost_truth,missing_cost,none,,no_cost,missing_cost,BUY_BOX_PRICE,0.758621,True,False,True,True,False,missing_cost_only,wait,BLOCKED_MISSING_COST_INPUT,0,0,,missing_forward_roi_inputs,missing_forward_roi_inputs,True,True,True,False,False,False,True,True,True,False,False,False,False,False,True,True,False,False,False,True,False,False,False,False,False,False,True,False,False
2026-04-04T13:58:53Z,5M-QO6K-LNH0,B00ANP09LM,312496,Stax,dropped,inactive,live,live_mode_missing_cost,live_product_inputs,out/product_db_preview.csv,no_cost_truth,missing_cost,none,,no_cost,missing_cost,PRODUCT_DB_LIVE_LISTING_PRICE,0.0,False,False,True,False,False,inactive_status,wait,"LOW_CONFIDENCE_MARKET_CONTEXT,SALE_STATUS_NOT_ACTIVE",0,0,,inactive_sale_status,inactive_sale_status,True,True,True,False,True,True,True,True,True,True,False,False,False,False,True,True,False,False,False,False,False,False,False,False,False,False,False,False,False
2026-04-04T13:58:53Z,TA-7DAZ-18PU,B0CNT2Z32S,HPBT010D,Rashmian,dropped,inactive,live,live_mode_missing_cost,live_product_inputs,out/product_db_preview.csv,no_cost_truth,missing_cost,none,,no_cost,missing_cost,PRODUCT_DB_LIVE_LISTING_PRICE,0,False,False,True,False,False,inactive_status,wait,"LOW_CONFIDENCE_MARKET_CONTEXT,SALE_STATUS_NOT_ACTIVE",0,0,,inactive_sale_status,inactive_sale_status,True,True,True,False,True,True,True,True,True,True,False,False,False,False,True,True,False,False,False,False,False,False,False,False,False,False,False,False,False
2026-04-04T13:58:53Z,V1-ON8D-S6WQ,B06XY4DS8H,,,,unknown,live,live_mode_missing_cost,live_product_inputs,out/product_db_preview.csv,no_cost_truth,missing_cost,none,,no_cost,missing_cost,PRODUCT_DB_LIVE_LISTING_PRICE,0,False,False,True,False,False,inactive_or_unknown_status,wait,"LOW_CONFIDENCE_MARKET_CONTEXT,SALE_STATUS_NOT_ACTIVE",0,0,,inactive_sale_status,inactive_sale_status,True,True,True,False,True,True,True,True,True,True,False,False,False,False,True,True,False,False,False,False,False,False,False,False,False,False,False,False,False
2026-04-04T13:58:53Z,TE-Y18U-S2O1,B08X1WM596,333 SI5038,ABGee,active,active,live,live_mode_missing_cost,live_product_inputs,out/product_db_preview.csv,no_cost_truth,missing_cost,none,,no_cost,missing_cost,PRODUCT_DB_LIVE_LISTING_PRICE,0.0,True,False,True,False,False,missing_cost_and_demand,wait,"LOW_CONFIDENCE_MARKET_CONTEXT,WEAK_DEMAND_SIGNAL",0,0,,weak_demand,weak_demand,True,True,True,False,True,True,True,True,True,True,False,False,False,False,True,True,False,False,False,False,False,False,False,True,False,False,True,False,True
2026-04-04T13:58:53Z,HO-LSOY-8R05,B0BVZZDW1W,77-92188,TD Synnex,active,active,live,live_mode_missing_cost,live_product_inputs,out/product_db_preview.csv,no_cost_truth,missing_cost,none,,no_cost,missing_cost,PRODUCT_DB_LIVE_LISTING_PRICE,0.0,True,False,True,False,False,missing_cost_and_demand,wait,"LOW_CONFIDENCE_MARKET_CONTEXT,WEAK_DEMAND_SIGNAL",0,0,,weak_demand,weak_demand,True,True,True,False,True,True,True,True,True,True,False,False,False,False,True,True,False,False,False,False,False,False,False,True,False,False,True,False,True
2026-04-04T13:58:53Z,ZU-PFDN-JSYV,B07MW9H6P4,112387,Stax,dropped,inactive,live,live_mode_missing_cost,live_product_inputs,out/product_db_preview.csv,no_cost_truth,missing_cost,none,,no_cost,missing_cost,PRODUCT_DB_LIVE_LISTING_PRICE,0.0,False,False,True,False,False,inactive_status,wait,"LOW_CONFIDENCE_MARKET_CONTEXT,SALE_STATUS_NOT_ACTIVE",0,0,,inactive_sale_status,inactive_sale_status,True,True,True,False,True,True,True,True,True,True,False,False,False,False,True,True,False,False,False,False,False,False,False,False,False,False,False,False,False
2026-04-04T13:58:53Z,1W-8WI9-7AUU,B0BLQRDTLL,FK72333,Heo,dropped,inactive,live,live_mode_missing_cost,live_product_inputs,out/product_db_preview.csv,no_cost_truth,missing_cost,none,,no_cost,missing_cost,PRODUCT_DB_LIVE_LISTING_PRICE,0,False,False,True,False,False,inactive_status,wait,"LOW_CONFIDENCE_MARKET_CONTEXT,SALE_STATUS_NOT_ACTIVE",0,0,,inactive_sale_status,inactive_sale_status,True,True,True,False,True,True,True,True,True,True,False,False,False,False,True,True,False,False,False,False,False,False,False,False,False,False,False,False,False
2026-04-04T13:58:53Z,TJ-6LOP-OPEU,B08P63MSS9,CYA21,CLF,active,active,live,live_mode_missing_cost,live_product_inputs,out/product_db_preview.csv,no_cost_truth,missing_cost,none,,no_cost,missing_cost,BUY_BOX_PRICE,1.0,True,False,True,True,False,missing_cost_only,wait,BLOCKED_MISSING_COST_INPUT,0,0,,missing_forward_roi_inputs,missing_forward_roi_inputs,True,True,True,False,False,False,True,True,True,False,False,False,False,False,True,True,False,False,False,True,False,False,False,False,False,False,True,False,False
2026-04-04T13:58:53Z,3Z-45IC-N1H4,B07QPB3T1J,GL2013,Bliss Distribution,dropped,inactive,live,live_mode_missing_cost,live_product_inputs,out/product_db_preview.csv,no_cost_truth,missing_cost,none,,no_cost,missing_cost,PRODUCT_DB_LIVE_LISTING_PRICE,0,False,False,True,False,False,inactive_status,wait,"LOW_CONFIDENCE_MARKET_CONTEXT,SALE_STATUS_NOT_ACTIVE",0,0,,inactive_sale_status,inactive_sale_status,True,True,True,False,True,True,True,True,True,True,False,False,False,False,True,True,False,False,False,False,False,False,False,False,False,False,False,False,False
2026-04-04T13:58:53Z,MR-727N-ZG8K,B07T2PV79R,PIK200,DHB,dropped,inactive,live,live_mode_missing_cost,live_product_inputs,out/product_db_preview.csv,no_cost_truth,missing_cost,none,,no_cost,missing_cost,PRODUCT_DB_LIVE_LISTING_PRICE,0,False,False,True,False,False,inactive_status,wait,"LOW_CONFIDENCE_MARKET_CONTEXT,SALE_STATUS_NOT_ACTIVE",0,0,,inactive_sale_status,inactive_sale_status,True,True,True,False,True,True,True,True,True,True,False,False,False,False,True,True,False,False,False,False,False,False,False,False,False,False,False,False,False
2026-04-04T13:58:53Z,9X-7TBD-NA16,B01N49MD2S,AT-13023,Bliss Distribution,active,active,live,live_mode_missing_cost,live_product_inputs,out/product_db_preview.csv,no_cost_truth,missing_cost,none,,no_cost,missing_cost,PRODUCT_DB_LIVE_LISTING_PRICE,0.0,True,False,True,False,False,missing_cost_and_demand,wait,"LOW_CONFIDENCE_MARKET_CONTEXT,WEAK_DEMAND_SIGNAL",0,0,,weak_demand,weak_demand,True,True,True,False,True,True,True,True,True,True,False,False,False,False,True,True,False,False,False,False,False,False,False,True,False,False,True,False,True
2026-04-04T13:58:53Z,7H-7G2P-ONWJ,B081Q9CFGC,OCN6,CLF,active,active,live,live_mode_missing_cost,live_product_inputs,out/product_db_preview.csv,no_cost_truth,missing_cost,none,,no_cost,missing_cost,PRODUCT_DB_LIVE_LISTING_PRICE,0.0,True,False,True,False,False,missing_cost_and_demand,wait,"LOW_CONFIDENCE_MARKET_CONTEXT,WEAK_DEMAND_SIGNAL",0,0,,weak_demand,weak_demand,True,True,True,False,True,True,True,True,True,True,False,False,False,False,True,True,False,False,False,False,False,False,False,True,False,False,True,False,True
2026-04-04T13:58:53Z,Y5-REMJ-CY7A,B0BLTGP2JX,7890808,TD Synnex,dropped,inactive,live,live_mode_missing_cost,live_product_inputs,out/product_db_preview.csv,no_cost_truth,missing_cost,none,,no_cost,missing_cost,PRODUCT_DB_LIVE_LISTING_PRICE,0,False,False,True,False,False,inactive_status,wait,"LOW_CONFIDENCE_MARKET_CONTEXT,SALE_STATUS_NOT_ACTIVE",0,0,,inactive_sale_status,inactive_sale_status,True,True,True,False,True,True,True,True,True,True,False,False,False,False,True,True,False,False,False,False,False,False,False,False,False,False,False,False,False
2026-04-04T13:58:53Z,EV-CHU5-XU3G,B07QQDMJ6M,GL2014,Bliss Distribution,active,active,live,live_mode_missing_cost,live_product_inputs,out/product_db_preview.csv,no_cost_truth,missing_cost,none,,no_cost,missing_cost,BUY_BOX_PRICE,0.75,True,False,True,True,False,missing_cost_only,wait,BLOCKED_MISSING_COST_INPUT,0,0,,missing_forward_roi_inputs,missing_forward_roi_inputs,True,True,True,False,False,False,True,True,True,False,False,False,False,False,True,True,False,False,False,True,False,False,False,False,False,False,True,False,False
2026-04-04T13:58:53Z,W3-H7LU-CTRI,B0002TT36Q,E-81367,Bliss Distribution,discontinued,inactive,live,live_mode_missing_cost,live_product_inputs,out/product_db_preview.csv,no_cost_truth,missing_cost,none,,no_cost,missing_cost,PRODUCT_DB_LIVE_LISTING_PRICE,0,False,False,True,False,False,inactive_status,wait,"LOW_CONFIDENCE_MARKET_CONTEXT,SALE_STATUS_NOT_ACTIVE",0,0,,inactive_sale_status,inactive_sale_status,True,True,True,False,True,True,True,True,True,True,False,False,False,False,True,True,False,False,False,False,False,False,False,False,False,False,False,False,False
2026-04-04T13:58:53Z,MU-717K-DELS,B076V4V2QQ,E-83648,Bliss Distribution,active,active,live,live_mode_missing_cost,live_product_inputs,out/product_db_preview.csv,no_cost_truth,missing_cost,none,,no_cost,missing_cost,PRODUCT_DB_LIVE_LISTING_PRICE,0,True,False,True,False,False,missing_cost_and_demand,wait,"LOW_CONFIDENCE_MARKET_CONTEXT,WEAK_DEMAND_SIGNAL",0,0,,weak_demand,weak_demand,True,True,True,False,True,True,True,True,True,True,False,False,False,False,True,True,False,False,False,False,False,False,False,True,False,False,True,False,True
2026-04-04T13:58:53Z,OT-3LZR-3R6K,B08CB36DY9,,,,unknown,live,live_mode_missing_cost,live_product_inputs,out/product_db_preview.csv,no_cost_truth,missing_cost,none,,no_cost,missing_cost,PRODUCT_DB_LIVE_LISTING_PRICE,0,False,False,True,False,False,inactive_or_unknown_status,wait,"LOW_CONFIDENCE_MARKET_CONTEXT,SALE_STATUS_NOT_ACTIVE",0,0,,inactive_sale_status,inactive_sale_status,True,True,True,False,True,True,True,True,True,True,False,False,False,False,True,True,False,False,False,False,False,False,False,False,False,False,False,False,False
2026-04-04T13:58:53Z,L2-WL35-LG0D,B07PRCJQFX,333644,Stax,discontinued,inactive,live,live_mode_missing_cost,live_product_inputs,out/product_db_preview.csv,no_cost_truth,missing_cost,none,,no_cost,missing_cost,PRODUCT_DB_LIVE_LISTING_PRICE,0,False,False,True,False,False,inactive_status,wait,"LOW_CONFIDENCE_MARKET_CONTEXT,SALE_STATUS_NOT_ACTIVE",0,0,,inactive_sale_status,inactive_sale_status,True,True,True,False,True,True,True,True,True,True,False,False,False,False,True,True,False,False,False,False,False,False,False,False,False,False,False,False,False
2026-04-04T13:58:53Z,OI-0483-CBVX,B07BC5J1WW,F4023,DK Tools,dropped,inactive,live,live_mode_missing_cost,live_product_inputs,out/product_db_preview.csv,no_cost_truth,missing_cost,none,,no_cost,missing_cost,PRODUCT_DB_LIVE_LISTING_PRICE,0,False,False,True,False,False,inactive_status,wait,"LOW_CONFIDENCE_MARKET_CONTEXT,SALE_STATUS_NOT_ACTIVE",0,0,,inactive_sale_status,inactive_sale_status,True,True,True,False,True,True,True,True,True,True,False,False,False,False,True,True,False,False,False,False,False,False,False,False,False,False,False,False,False
2026-04-04T13:58:53Z,XY-SHVR-W7PG,B076VTQGGL,SCS23103,Shure Cosmetics,discontinued,inactive,live,live_mode_missing_cost,live_product_inputs,out/product_db_preview.csv,no_cost_truth,missing_cost,none,,no_cost,missing_cost,PRODUCT_DB_LIVE_LISTING_PRICE,0,False,False,True,False,False,inactive_status,wait,"LOW_CONFIDENCE_MARKET_CONTEXT,SALE_STATUS_NOT_ACTIVE",0,0,,inactive_sale_status,inactive_sale_status,True,True,True,False,True,True,True,True,True,True,False,False,False,False,True,True,False,False,False,False,False,False,False,False,False,False,False,False,False
2026-04-04T13:58:53Z,GH-PONH-K4WQ,B08L3FB3G2,,,,unknown,live,live_mode_missing_cost,live_product_inputs,out/product_db_preview.csv,no_cost_truth,missing_cost,none,,no_cost,missing_cost,PRODUCT_DB_LIVE_LISTING_PRICE,0.0,False,False,True,False,False,inactive_or_unknown_status,wait,"LOW_CONFIDENCE_MARKET_CONTEXT,SALE_STATUS_NOT_ACTIVE",0,0,,inactive_sale_status,inactive_sale_status,True,True,True,False,True,True,True,True,True,True,False,False,False,False,True,True,False,False,False,False,False,False,False,False,False,False,False,False,False
2026-04-04T13:58:53Z,NX-0OE3-AD7U,B083G9XHT9,101798,Stax,discontinued,inactive,live,live_mode_missing_cost,live_product_inputs,out/product_db_preview.csv,no_cost_truth,missing_cost,none,,no_cost,missing_cost,PRODUCT_DB_LIVE_LISTING_PRICE,0,False,False,True,False,False,inactive_status,wait,"LOW_CONFIDENCE_MARKET_CONTEXT,SALE_STATUS_NOT_ACTIVE",0,0,,inactive_sale_status,inactive_sale_status,True,True,True,False,True,True,True,True,True,True,False,False,False,False,True,True,False,False,False,False,False,False,False,False,False,False,False,False,False
2026-04-04T13:58:53Z,XY-UM2X-TPS3,B003VTZAM0,889142,Stax,dropped,inactive,live,live_mode_missing_cost,live_product_inputs,out/product_db_preview.csv,no_cost_truth,missing_cost,none,,no_cost,missing_cost,BUY_BOX_PRICE,0.0,False,False,True,False,False,inactive_status,wait,SALE_STATUS_NOT_ACTIVE,0,0,,inactive_sale_status,inactive_sale_status,True,True,True,False,True,False,True,True,True,False,False,False,False,False,True,True,False,False,False,False,False,False,False,False,False,False,False,False,False
2026-04-04T13:58:53Z,MW-9K5M-VKW8,B0073TTHBY,MRW-200H-1BVES,Rashmian,active,active,live,live_mode_missing_cost,live_product_inputs,out/product_db_preview.csv,no_cost_truth,missing_cost,none,,no_cost,missing_cost,PRODUCT_DB_LIVE_LISTING_PRICE,0.0,True,False,True,False,False,missing_cost_and_demand,wait,"LOW_CONFIDENCE_MARKET_CONTEXT,WEAK_DEMAND_SIGNAL",0,0,,weak_demand,weak_demand,True,True,True,False,True,True,True,True,True,True,False,False,False,False,True,True,False,False,False,False,False,False,False,True,False,False,True,False,True
2026-04-04T13:58:53Z,3C-5W5L-CT0T,B0BZQCZYN7,SBC1,Bliss Distribution,dropped,inactive,live,live_mode_missing_cost,live_product_inputs,out/product_db_preview.csv,no_cost_truth,missing_cost,none,,no_cost,missing_cost,PRODUCT_DB_LIVE_LISTING_PRICE,0,False,False,True,False,False,inactive_status,wait,"LOW_CONFIDENCE_MARKET_CONTEXT,SALE_STATUS_NOT_ACTIVE",0,0,,inactive_sale_status,inactive_sale_status,True,True,True,False,True,True,True,True,True,True,False,False,False,False,True,True,False,False,False,False,False,False,False,False,False,False,False,False,False
2026-04-04T13:58:53Z,98-MF34-BSCF,B079MFZL6K,369621,Stax,discontinued,inactive,live,live_mode_missing_cost,live_product_inputs,out/product_db_preview.csv,no_cost_truth,missing_cost,none,,no_cost,missing_cost,PRODUCT_DB_LIVE_LISTING_PRICE,0,False,False,True,False,False,inactive_status,wait,"LOW_CONFIDENCE_MARKET_CONTEXT,SALE_STATUS_NOT_ACTIVE",0,0,,inactive_sale_status,inactive_sale_status,True,True,True,False,True,True,True,True,True,True,False,False,False,False,True,True,False,False,False,False,False,False,False,False,False,False,False,False,False
2026-04-04T13:58:53Z,SZ-UL4K-SE7W,B002QGAF8S,E-82225,Bliss Distribution,active,active,live,live_mode_missing_cost,live_product_inputs,out/product_db_preview.csv,no_cost_truth,missing_cost,none,,no_cost,missing_cost,BUY_BOX_PRICE,2.2,True,False,True,True,False,missing_cost_only,wait,BLOCKED_MISSING_COST_INPUT,0,0,,missing_forward_roi_inputs,missing_forward_roi_inputs,True,True,True,False,False,False,True,True,True,False,False,False,False,False,True,True,False,False,False,True,False,False,False,False,False,False,True,False,False
2026-04-04T13:58:53Z,BQ-O3OI-FTJU,B01CKK8CU2,,Bliss Distribution,active,active,live,live_mode_missing_cost,live_product_inputs,out/product_db_preview.csv,no_cost_truth,missing_cost,none,,no_cost,missing_cost,PRODUCT_DB_LIVE_LISTING_PRICE,0.0,True,False,True,False,False,missing_cost_and_demand,wait,"LOW_CONFIDENCE_MARKET_CONTEXT,WEAK_DEMAND_SIGNAL",0,0,,weak_demand,weak_demand,True,True,True,False,True,True,True,True,True,True,False,False,False,False,True,True,False,False,False,False,False,False,False,True,False,False,True,False,True
2026-04-04T13:58:53Z,LF-X542-9TDZ,B07YYG14S1,,,,unknown,live,live_mode_missing_cost,live_product_inputs,out/product_db_preview.csv,no_cost_truth,missing_cost,none,,no_cost,missing_cost,PRODUCT_DB_LIVE_LISTING_PRICE,0.0,False,False,True,False,False,inactive_or_unknown_status,wait,"LOW_CONFIDENCE_MARKET_CONTEXT,SALE_STATUS_NOT_ACTIVE",0,0,,inactive_sale_status,inactive_sale_status,True,True,True,False,True,True,True,True,True,True,False,False,False,False,True,True,False,False,False,False,False,False,False,False,False,False,False,False,False
2026-04-04T13:58:53Z,FM-7COC-V8U2,B078SZDV17,MOQ - 36,We Stock Lots,dropped,inactive,live,live_mode_missing_cost,live_product_inputs,out/product_db_preview.csv,no_cost_truth,missing_cost,none,,no_cost,missing_cost,PRODUCT_DB_LIVE_LISTING_PRICE,0,False,False,True,False,False,inactive_status,wait,"LOW_CONFIDENCE_MARKET_CONTEXT,SALE_STATUS_NOT_ACTIVE",0,0,,inactive_sale_status,inactive_sale_status,True,True,True,False,True,True,True,True,True,True,False,False,False,False,True,True,False,False,False,False,False,False,False,False,False,False,False,False,False
2026-04-04T13:58:53Z,SU-JM8R-2U82,B09ST7SSLW,MLT10NI,Rashmian,active,active,live,live_mode_missing_cost,live_product_inputs,out/product_db_preview.csv,no_cost_truth,missing_cost,none,,no_cost,missing_cost,BUY_BOX_PRICE,0.0,True,False,True,False,False,missing_cost_and_demand,wait,WEAK_DEMAND_SIGNAL,0,0,,weak_demand,weak_demand,True,True,True,False,True,False,True,True,True,False,False,False,False,False,True,True,False,False,False,False,False,False,False,True,False,False,True,False,True
2026-04-04T13:58:53Z,A7-868U-HTPI,B003DZUDYC,786757,Stax,dropped,inactive,live,live_mode_missing_cost,live_product_inputs,out/product_db_preview.csv,no_cost_truth,missing_cost,none,,no_cost,missing_cost,PRODUCT_DB_LIVE_LISTING_PRICE,0,False,False,True,False,False,inactive_status,wait,"LOW_CONFIDENCE_MARKET_CONTEXT,SALE_STATUS_NOT_ACTIVE",0,0,,inactive_sale_status,inactive_sale_status,True,True,True,False,True,True,True,True,True,True,False,False,False,False,True,True,False,False,False,False,False,False,False,False,False,False,False,False,False
2026-04-04T13:58:53Z,6Z-8POQ-K5XH,B00ANOXX9I,312494,Stax,dropped,inactive,live,live_mode_missing_cost,live_product_inputs,out/product_db_preview.csv,no_cost_truth,missing_cost,none,,no_cost,missing_cost,PRODUCT_DB_LIVE_LISTING_PRICE,0,False,False,True,False,False,inactive_status,wait,"LOW_CONFIDENCE_MARKET_CONTEXT,SALE_STATUS_NOT_ACTIVE",0,0,,inactive_sale_status,inactive_sale_status,True,True,True,False,True,True,True,True,True,True,False,False,False,False,True,True,False,False,False,False,False,False,False,False,False,False,False,False,False
2026-04-04T13:58:53Z,IJ-V0PQ-4CZ4,B09NQCV872,WP2020,Bliss Distribution,active,active,live,live_mode_missing_cost,live_product_inputs,out/product_db_preview.csv,no_cost_truth,missing_cost,none,,no_cost,missing_cost,PRODUCT_DB_LIVE_LISTING_PRICE,0.875,True,False,True,True,False,missing_cost_only,wait,"LOW_CONFIDENCE_MARKET_CONTEXT,BLOCKED_MISSING_COST_INPUT",0,0,,missing_forward_roi_inputs,missing_forward_roi_inputs,True,True,True,False,False,True,True,True,True,True,False,False,False,False,True,True,False,False,False,True,False,False,False,False,False,False,True,False,False
2026-04-04T13:58:53Z,YJ-WD59-WWA2,B071X4RKYL,456390,Jones Wholesale,dropped,inactive,live,live_mode_missing_cost,live_product_inputs,out/product_db_preview.csv,no_cost_truth,missing_cost,none,,no_cost,missing_cost,PRODUCT_DB_LIVE_LISTING_PRICE,0,False,False,True,False,False,inactive_status,wait,"LOW_CONFIDENCE_MARKET_CONTEXT,SALE_STATUS_NOT_ACTIVE",0,0,,inactive_sale_status,inactive_sale_status,True,True,True,False,True,True,True,True,True,True,False,False,False,False,True,True,False,False,False,False,False,False,False,False,False,False,False,False,False
2026-04-04T13:58:53Z,8M-NHB7-T8TR,B0B2RBG672,SE66,CLF,active,active,live,live_mode_missing_cost,live_product_inputs,out/product_db_preview.csv,no_cost_truth,missing_cost,none,,no_cost,missing_cost,PRODUCT_DB_LIVE_LISTING_PRICE,0.333333,True,False,True,True,False,missing_cost_only,wait,"LOW_CONFIDENCE_MARKET_CONTEXT,BLOCKED_MISSING_COST_INPUT",0,0,,missing_forward_roi_inputs,missing_forward_roi_inputs,True,True,True,False,False,True,True,True,True,True,False,False,False,False,True,True,False,False,False,True,False,False,False,False,False,False,True,False,False
2026-04-04T13:58:53Z,FZ-YQYO-ICX5,B0BTTHVGD3,GVDR08WD,Rashmian,active,active,live,live_mode_missing_cost,live_product_inputs,out/product_db_preview.csv,no_cost_truth,missing_cost,none,,no_cost,missing_cost,PRODUCT_DB_LIVE_LISTING_PRICE,0,True,False,True,False,False,missing_cost_and_demand,wait,"LOW_CONFIDENCE_MARKET_CONTEXT,WEAK_DEMAND_SIGNAL",0,0,,weak_demand,weak_demand,True,True,True,False,True,True,True,True,True,True,False,False,False,False,True,True,False,False,False,False,False,False,False,True,False,False,True,False,True
2026-04-04T13:58:53Z,CX-1R85-163Z,B0CVHD7892,WID1,CLF,dropped,inactive,live,live_mode_missing_cost,live_product_inputs,out/product_db_preview.csv,no_cost_truth,missing_cost,none,,no_cost,missing_cost,PRODUCT_DB_LIVE_LISTING_PRICE,0,False,False,True,False,False,inactive_status,wait,"LOW_CONFIDENCE_MARKET_CONTEXT,SALE_STATUS_NOT_ACTIVE",0,0,,inactive_sale_status,inactive_sale_status,True,True,True,False,True,True,True,True,True,True,False,False,False,False,True,True,False,False,False,False,False,False,False,False,False,False,False,False,False
2026-04-04T13:58:53Z,XH-OMMJ-C7MT,B096BPSDRZ,542 5224,ABGee,dropped,inactive,live,live_mode_missing_cost,live_product_inputs,out/product_db_preview.csv,no_cost_truth,missing_cost,none,,no_cost,missing_cost,PRODUCT_DB_LIVE_LISTING_PRICE,0.0,False,False,True,False,False,inactive_status,wait,"LOW_CONFIDENCE_MARKET_CONTEXT,SALE_STATUS_NOT_ACTIVE",0,0,,inactive_sale_status,inactive_sale_status,True,True,True,False,True,True,True,True,True,True,False,False,False,False,True,True,False,False,False,False,False,False,False,False,False,False,False,False,False
2026-04-04T13:58:53Z,FB-6FW0-Z82Q,B005F5TRBI,356204,Stax,active,active,live,live_mode_missing_cost,live_product_inputs,out/product_db_preview.csv,no_cost_truth,missing_cost,none,,no_cost,missing_cost,BUY_BOX_PRICE,0.0,True,False,True,False,False,missing_cost_and_demand,wait,WEAK_DEMAND_SIGNAL,0,0,,weak_demand,weak_demand,True,True,True,False,True,False,True,True,True,False,False,False,False,False,True,True,False,False,False,False,False,False,False,True,False,False,True,False,True
2026-04-04T13:58:53Z,CJ-X0SS-QOUW,B0CG234KW1,777 77510GQ1-A,ABGee,active,active,live,live_mode_missing_cost,live_product_inputs,out/product_db_preview.csv,no_cost_truth,missing_cost,none,,no_cost,missing_cost,BUY_BOX_PRICE,0.333333,True,False,True,True,False,missing_cost_only,wait,BLOCKED_MISSING_COST_INPUT,0,0,,missing_forward_roi_inputs,missing_forward_roi_inputs,True,True,True,False,False,False,True,True,True,False,False,False,False,False,True,True,False,False,False,True,False,False,False,False,False,False,True,False,False
2026-04-04T13:58:53Z,SU-5LQH-2DVN,B07SLLYRSP,484654,Sika,active,active,live,live_mode_missing_cost,live_product_inputs,out/product_db_preview.csv,no_cost_truth,missing_cost,none,,no_cost,missing_cost,PRODUCT_DB_LIVE_LISTING_PRICE,0.0,True,False,True,False,False,missing_cost_and_demand,wait,"LOW_CONFIDENCE_MARKET_CONTEXT,WEAK_DEMAND_SIGNAL",0,0,,weak_demand,weak_demand,True,True,True,False,True,True,True,True,True,True,False,False,False,False,True,True,False,False,False,False,False,False,False,True,False,False,True,False,True
2026-04-04T13:58:53Z,VF-3T0K-DR5O,B08KFFY86W,TEP484,DHB,active,active,live,live_mode_missing_cost,live_product_inputs,out/product_db_preview.csv,no_cost_truth,missing_cost,none,,no_cost,missing_cost,BUY_BOX_PRICE,6.25,True,False,True,True,False,missing_cost_only,wait,BLOCKED_MISSING_COST_INPUT,0,0,,missing_forward_roi_inputs,missing_forward_roi_inputs,True,True,True,False,False,False,True,True,True,False,False,False,False,False,True,True,False,False,False,True,False,False,False,False,False,False,True,False,False
2026-04-04T13:58:53Z,8L-INBX-OUTU,B016Y8SWZQ,312497,Stax,active,active,live,live_mode_missing_cost,live_product_inputs,out/product_db_preview.csv,no_cost_truth,missing_cost,none,,no_cost,missing_cost,BUY_BOX_PRICE,0.5,True,False,True,True,False,missing_cost_only,wait,BLOCKED_MISSING_COST_INPUT,0,0,,missing_forward_roi_inputs,missing_forward_roi_inputs,True,True,True,False,False,False,True,True,False,False,False,False,False,False,True,True,False,False,False,True,False,False,False,False,False,False,True,False,False
2026-04-04T13:58:53Z,PH-M7S4-05R5,B0D3JCMSF5,10290405,TD Synnex,active,active,live,live_mode_missing_cost,live_product_inputs,out/product_db_preview.csv,no_cost_truth,missing_cost,none,,no_cost,missing_cost,PRODUCT_DB_LIVE_LISTING_PRICE,0,True,False,True,False,False,missing_cost_and_demand,wait,"LOW_CONFIDENCE_MARKET_CONTEXT,WEAK_DEMAND_SIGNAL",0,0,,weak_demand,weak_demand,True,True,True,False,True,True,True,True,True,True,False,False,False,False,True,True,False,False,False,False,False,False,False,True,False,False,True,False,True
2026-04-04T13:58:53Z,HJ-DHEU-9WG8,B0DHDCRX76,77-95357,TD Synnex,active,active,live,live_mode_missing_cost,live_product_inputs,out/product_db_preview.csv,no_cost_truth,missing_cost,none,,no_cost,missing_cost,PRODUCT_DB_LIVE_LISTING_PRICE,0,True,False,True,False,False,missing_cost_and_demand,wait,"LOW_CONFIDENCE_MARKET_CONTEXT,WEAK_DEMAND_SIGNAL",0,0,,weak_demand,weak_demand,True,True,True,False,True,True,True,True,True,True,False,False,False,False,True,True,False,False,False,False,False,False,False,True,False,False,True,False,True
2026-04-04T13:58:53Z,QV-8RC1-EYAM,B07DVPP57X,CGC39,CLF,active,active,live,live_mode_missing_cost,live_product_inputs,out/product_db_preview.csv,no_cost_truth,missing_cost,none,,no_cost,missing_cost,PRODUCT_DB_LIVE_LISTING_PRICE,0,True,False,True,False,False,missing_cost_and_demand,wait,"LOW_CONFIDENCE_MARKET_CONTEXT,WEAK_DEMAND_SIGNAL",0,0,,weak_demand,weak_demand,True,True,True,False,True,True,True,True,True,True,False,False,False,False,True,True,False,False,False,False,False,False,False,True,False,False,True,False,True
2026-04-04T13:58:53Z,MU-A667-UQ3J,B081TGZQVR,542 16479,ABGee,discontinued,inactive,live,live_mode_missing_cost,live_product_inputs,out/product_db_preview.csv,no_cost_truth,missing_cost,none,,no_cost,missing_cost,PRODUCT_DB_LIVE_LISTING_PRICE,0,False,False,True,False,False,inactive_status,wait,"LOW_CONFIDENCE_MARKET_CONTEXT,SALE_STATUS_NOT_ACTIVE",0,0,,inactive_sale_status,inactive_sale_status,True,True,True,False,True,True,True,True,True,True,False,False,False,False,True,True,False,False,False,False,False,False,False,False,False,False,False,False,False
2026-04-04T13:58:53Z,WF-JLK1-5PKN,B08563KQKG,L32299,Aldridge Security,active,active,live,live_mode_missing_cost,live_product_inputs,out/product_db_preview.csv,no_cost_truth,missing_cost,none,,no_cost,missing_cost,PRODUCT_DB_LIVE_LISTING_PRICE,0,True,False,True,False,False,missing_cost_and_demand,wait,"LOW_CONFIDENCE_MARKET_CONTEXT,WEAK_DEMAND_SIGNAL",0,0,,weak_demand,weak_demand,True,True,True,False,True,True,True,True,True,True,False,False,False,False,True,True,False,False,False,False,False,False,False,True,False,False,True,False,True
2026-04-04T13:58:53Z,Z3-ORV9-K8XD,B000FGECAI,290 EI-2978,ABGee,active,active,live,live_mode_missing_cost,live_product_inputs,out/product_db_preview.csv,no_cost_truth,missing_cost,none,,no_cost,missing_cost,PRODUCT_DB_LIVE_LISTING_PRICE,0.0,True,False,True,False,False,missing_cost_and_demand,wait,"LOW_CONFIDENCE_MARKET_CONTEXT,WEAK_DEMAND_SIGNAL",0,0,,weak_demand,weak_demand,True,True,True,False,True,True,True,True,True,True,False,False,False,False,True,True,False,False,False,False,False,False,False,True,False,False,True,False,True
2026-04-04T13:58:53Z,OV-LVEL-DQL6,B08W25WKTN,MLT10PA,Rashmian,active,active,live,live_mode_missing_cost,live_product_inputs,out/product_db_preview.csv,no_cost_truth,missing_cost,none,,no_cost,missing_cost,BUY_BOX_PRICE,0.368421,True,False,True,True,False,missing_cost_only,wait,BLOCKED_MISSING_COST_INPUT,0,0,,missing_forward_roi_inputs,missing_forward_roi_inputs,True,True,True,False,False,False,True,True,True,False,False,False,False,False,True,True,False,False,False,True,False,False,False,False,False,False,True,False,False
2026-04-04T13:58:53Z,HL-03ZR-QPHH,B09M3PFZC8,CUR142,DHB,active,active,live,live_mode_missing_cost,live_product_inputs,out/product_db_preview.csv,no_cost_truth,missing_cost,none,,no_cost,missing_cost,PRODUCT_DB_LIVE_LISTING_PRICE,0.0,True,False,True,False,False,missing_cost_and_demand,wait,"LOW_CONFIDENCE_MARKET_CONTEXT,WEAK_DEMAND_SIGNAL",0,0,,weak_demand,weak_demand,True,True,True,False,True,True,True,True,True,True,False,False,False,False,True,True,False,False,False,False,False,False,False,True,False,False,True,False,True
2026-04-04T13:58:53Z,XL-BFPF-CBW4,B07QNL62Z2,N2352,DK Tools,dropped,inactive,live,live_mode_missing_cost,live_product_inputs,out/product_db_preview.csv,no_cost_truth,missing_cost,none,,no_cost,missing_cost,PRODUCT_DB_LIVE_LISTING_PRICE,0,False,False,True,False,False,inactive_status,wait,"LOW_CONFIDENCE_MARKET_CONTEXT,SALE_STATUS_NOT_ACTIVE",0,0,,inactive_sale_status,inactive_sale_status,True,True,True,False,True,True,True,True,True,True,False,False,False,False,True,True,False,False,False,False,False,False,False,False,False,False,False,False,False
2026-04-04T13:58:53Z,A2-T2AC-TW3L,B006PFN3BW,484652,Sika,active,active,live,live_mode_missing_cost,live_product_inputs,out/product_db_preview.csv,no_cost_truth,missing_cost,none,,no_cost,missing_cost,BUY_BOX_PRICE,11.870968,True,False,True,True,False,missing_cost_only,wait,BLOCKED_MISSING_COST_INPUT,0,0,,missing_forward_roi_inputs,missing_forward_roi_inputs,True,True,True,False,False,False,True,False,True,False,False,False,False,False,True,True,False,False,False,True,False,False,False,False,False,False,True,False,False
2026-04-04T13:58:53Z,MW-1ILH-TLS4,B0CDH5Y3N9,RSC31,CLF,dropped,inactive,live,live_mode_missing_cost,live_product_inputs,out/product_db_preview.csv,no_cost_truth,missing_cost,none,,no_cost,missing_cost,PRODUCT_DB_LIVE_LISTING_PRICE,0,False,False,True,False,False,inactive_status,wait,"LOW_CONFIDENCE_MARKET_CONTEXT,SALE_STATUS_NOT_ACTIVE",0,0,,inactive_sale_status,inactive_sale_status,True,True,True,False,True,True,True,True,True,True,False,False,False,False,True,True,False,False,False,False,False,False,False,False,False,False,False,False,False
2026-04-04T13:58:53Z,QV-VH06-EAV3,B07CPKRL8Z,SCS13160,Shure Cosmetics,discontinued,inactive,live,live_mode_missing_cost,live_product_inputs,out/product_db_preview.csv,no_cost_truth,missing_cost,none,,no_cost,missing_cost,PRODUCT_DB_LIVE_LISTING_PRICE,0,False,False,True,False,False,inactive_status,wait,"LOW_CONFIDENCE_MARKET_CONTEXT,SALE_STATUS_NOT_ACTIVE",0,0,,inactive_sale_status,inactive_sale_status,True,True,True,False,True,True,True,True,True,True,False,False,False,False,True,True,False,False,False,False,False,False,False,False,False,False,False,False,False
2026-04-04T13:58:53Z,AI-IG9I-YB5A,B081QV8W38,WZK90035,Bliss Distribution,discontinued,inactive,live,live_mode_missing_cost,live_product_inputs,out/product_db_preview.csv,no_cost_truth,missing_cost,none,,no_cost,missing_cost,PRODUCT_DB_LIVE_LISTING_PRICE,0,False,False,True,False,False,inactive_status,wait,"LOW_CONFIDENCE_MARKET_CONTEXT,SALE_STATUS_NOT_ACTIVE",0,0,,inactive_sale_status,inactive_sale_status,True,True,True,False,True,True,True,True,True,True,False,False,False,False,True,True,False,False,False,False,False,False,False,False,False,False,False,False,False
2026-04-04T13:58:53Z,KI-CR51-18J3,B0070Y60K8,T2N747,Rashmian,active,active,live,live_mode_missing_cost,live_product_inputs,out/product_db_preview.csv,no_cost_truth,missing_cost,none,,no_cost,missing_cost,PRODUCT_DB_LIVE_LISTING_PRICE,0.0,True,False,True,False,False,missing_cost_and_demand,wait,"LOW_CONFIDENCE_MARKET_CONTEXT,WEAK_DEMAND_SIGNAL",0,0,,weak_demand,weak_demand,True,True,True,False,True,True,True,True,True,True,False,False,False,False,True,True,False,False,False,False,False,False,False,True,False,False,True,False,True
2026-04-04T13:58:53Z,Q1-00D7-5IQF,B0042SI594,F-91WC-9AEF,Rashmian,active,active,live,live_mode_missing_cost,live_product_inputs,out/product_db_preview.csv,no_cost_truth,missing_cost,none,,no_cost,missing_cost,PRODUCT_DB_LIVE_LISTING_PRICE,1.033333,True,False,True,True,False,missing_cost_only,wait,"LOW_CONFIDENCE_MARKET_CONTEXT,BLOCKED_MISSING_COST_INPUT",0,0,,missing_forward_roi_inputs,missing_forward_roi_inputs,True,True,True,False,False,True,False,True,True,True,False,False,False,False,True,True,False,False,False,True,False,False,False,False,False,False,True,False,False
2026-04-04T13:58:53Z,FH-DOIH-J7JE,B01MUA5DU5,F-91WM-7AEF,Rashmian,active,active,live,live_mode_missing_cost,live_product_inputs,out/product_db_preview.csv,no_cost_truth,missing_cost,none,,no_cost,missing_cost,PRODUCT_DB_LIVE_LISTING_PRICE,0,True,False,True,False,False,missing_cost_and_demand,wait,"LOW_CONFIDENCE_MARKET_CONTEXT,WEAK_DEMAND_SIGNAL",0,0,,weak_demand,weak_demand,True,True,True,False,True,True,True,True,True,True,False,False,False,False,True,True,False,False,False,False,False,False,False,True,False,False,True,False,True
2026-04-04T13:58:53Z,IR-BP1X-M8DG,B008HSBYS4,SCS06536,Shure Cosmetics,dropped,inactive,live,live_mode_missing_cost,live_product_inputs,out/product_db_preview.csv,no_cost_truth,missing_cost,none,,no_cost,missing_cost,PRODUCT_DB_LIVE_LISTING_PRICE,0,False,False,True,False,False,inactive_status,wait,"LOW_CONFIDENCE_MARKET_CONTEXT,SALE_STATUS_NOT_ACTIVE",0,0,,inactive_sale_status,inactive_sale_status,True,True,True,False,True,True,True,True,True,True,False,False,False,False,True,True,False,False,False,False,False,False,False,False,False,False,False,False,False
2026-04-04T13:58:53Z,DO-QDI1-K7R9,B0BBH71LQN,77-89975,TD Synnex,discontinued,inactive,live,live_mode_missing_cost,live_product_inputs,out/product_db_preview.csv,no_cost_truth,missing_cost,none,,no_cost,missing_cost,PRODUCT_DB_LIVE_LISTING_PRICE,0.0,False,False,True,False,False,inactive_status,wait,"LOW_CONFIDENCE_MARKET_CONTEXT,SALE_STATUS_NOT_ACTIVE",0,0,,inactive_sale_status,inactive_sale_status,True,True,True,False,True,True,True,True,True,True,False,False,False,False,True,True,False,False,False,False,False,False,False,False,False,False,False,False,False
2026-04-04T13:58:53Z,RW-AZK6-O4M2,B00F4LA0K0,417440,Stax,dropped,inactive,live,live_mode_missing_cost,live_product_inputs,out/product_db_preview.csv,no_cost_truth,missing_cost,none,,no_cost,missing_cost,PRODUCT_DB_LIVE_LISTING_PRICE,3.0,False,False,True,True,False,inactive_status,wait,"LOW_CONFIDENCE_MARKET_CONTEXT,SALE_STATUS_NOT_ACTIVE",0,0,,inactive_sale_status,inactive_sale_status,True,True,True,False,False,True,True,True,True,True,False,False,False,False,True,True,False,False,False,False,False,False,False,False,False,False,False,False,False
2026-04-04T13:58:53Z,YD-NO15-VYZL,B00VRF1XEY,658717,Stax,discontinued,inactive,live,live_mode_missing_cost,live_product_inputs,out/product_db_preview.csv,no_cost_truth,missing_cost,none,,no_cost,missing_cost,PRODUCT_DB_LIVE_LISTING_PRICE,0,False,False,True,False,False,inactive_status,wait,"LOW_CONFIDENCE_MARKET_CONTEXT,SALE_STATUS_NOT_ACTIVE",0,0,,inactive_sale_status,inactive_sale_status,True,True,True,False,True,True,True,True,True,True,False,False,False,False,True,True,False,False,False,False,False,False,False,False,False,False,False,False,False
2026-04-04T13:58:53Z,JL-VTP2-JF3Q,B07BLX7YG9,NLJ001PA1,Rashmian,active,active,live,live_mode_missing_cost,live_product_inputs,out/product_db_preview.csv,no_cost_truth,missing_cost,none,,no_cost,missing_cost,PRODUCT_DB_LIVE_LISTING_PRICE,0.0,True,False,True,False,False,missing_cost_and_demand,wait,"LOW_CONFIDENCE_MARKET_CONTEXT,WEAK_DEMAND_SIGNAL",0,0,,weak_demand,weak_demand,True,True,True,False,True,True,True,True,True,True,False,False,False,False,True,True,False,False,False,False,False,False,False,True,False,False,True,False,True
2026-04-04T13:58:53Z,AF-KIHX-ANYY,B0001P15T4,862225,Stax,active,active,live,live_mode_missing_cost,live_product_inputs,out/product_db_preview.csv,no_cost_truth,missing_cost,none,,no_cost,missing_cost,PRODUCT_DB_LIVE_LISTING_PRICE,2.590909,True,False,True,True,False,missing_cost_only,wait,"LOW_CONFIDENCE_MARKET_CONTEXT,BLOCKED_MISSING_COST_INPUT",0,0,,missing_forward_roi_inputs,missing_forward_roi_inputs,True,True,True,False,False,True,True,True,True,True,False,False,False,False,True,True,False,False,False,True,False,False,False,False,False,False,True,False,False
2026-04-04T13:58:53Z,D0-C7C0-H6LN,B07F1MFWV1,SKI004,Tropicana Wholesale,active,active,live,live_mode_missing_cost,live_product_inputs,out/product_db_preview.csv,no_cost_truth,missing_cost,none,,no_cost,missing_cost,LOWEST_FBA_PRICE,2.0,True,False,True,True,False,missing_cost_only,wait,BLOCKED_MISSING_COST_INPUT,0,0,,missing_forward_roi_inputs,missing_forward_roi_inputs,True,True,True,False,False,False,True,True,True,False,False,False,False,False,True,True,False,False,False,True,False,False,False,False,False,False,True,False,False
2026-04-04T13:58:53Z,JB-RGB6-LZOJ,B0001P0DLU,5010266168227,Stax,active,active,live,live_mode_missing_cost,live_product_inputs,out/product_db_preview.csv,no_cost_truth,missing_cost,none,,no_cost,missing_cost,BUY_BOX_PRICE,0.88,True,False,True,True,False,missing_cost_only,wait,BLOCKED_MISSING_COST_INPUT,0,0,,missing_forward_roi_inputs,missing_forward_roi_inputs,True,True,True,False,False,False,True,True,True,False,False,False,False,False,True,True,False,False,False,True,False,False,False,False,False,False,True,False,False
2026-04-04T13:58:53Z,R0-ODDX-WROO,B076RY52XG,,CLF,discontinued,inactive,live,live_mode_missing_cost,live_product_inputs,out/product_db_preview.csv,no_cost_truth,missing_cost,none,,no_cost,missing_cost,PRODUCT_DB_LIVE_LISTING_PRICE,0,False,False,True,False,False,inactive_status,wait,"LOW_CONFIDENCE_MARKET_CONTEXT,SALE_STATUS_NOT_ACTIVE",0,0,,inactive_sale_status,inactive_sale_status,True,True,True,False,True,True,True,True,True,True,False,False,False,False,True,True,False,False,False,False,False,False,False,False,False,False,False,False,False
2026-04-04T13:58:53Z,SR-6OBB-WC03,B06XXDNH1P,AT-11105,Bliss Distribution,active,active,live,live_mode_missing_cost,live_product_inputs,out/product_db_preview.csv,no_cost_truth,missing_cost,none,,no_cost,missing_cost,PRODUCT_DB_LIVE_LISTING_PRICE,0.0,True,False,True,False,False,missing_cost_and_demand,wait,"LOW_CONFIDENCE_MARKET_CONTEXT,WEAK_DEMAND_SIGNAL",0,0,,weak_demand,weak_demand,True,True,True,False,True,True,True,True,True,True,False,False,False,False,True,True,False,False,False,False,False,False,False,True,False,False,True,False,True
2026-04-04T13:58:53Z,D8-VDSF-LENN,B00P82UZ6Y,367853,Stax,discontinued,inactive,live,live_mode_missing_cost,live_product_inputs,out/product_db_preview.csv,no_cost_truth,missing_cost,none,,no_cost,missing_cost,PRODUCT_DB_LIVE_LISTING_PRICE,0,False,False,True,False,False,inactive_status,wait,"LOW_CONFIDENCE_MARKET_CONTEXT,SALE_STATUS_NOT_ACTIVE",0,0,,inactive_sale_status,inactive_sale_status,True,True,True,False,True,True,True,True,True,True,False,False,False,False,True,True,False,False,False,False,False,False,False,False,False,False,False,False,False
2026-04-04T13:58:53Z,RS-NSGK-AN7M,B09P24GP9M,ATE74,CLF,dropped,inactive,live,live_mode_missing_cost,live_product_inputs,out/product_db_preview.csv,no_cost_truth,missing_cost,none,,no_cost,missing_cost,PRODUCT_DB_LIVE_LISTING_PRICE,0,False,False,True,False,False,inactive_status,wait,"LOW_CONFIDENCE_MARKET_CONTEXT,SALE_STATUS_NOT_ACTIVE",0,0,,inactive_sale_status,inactive_sale_status,True,True,True,False,True,True,True,True,True,True,False,False,False,False,True,True,False,False,False,False,False,False,False,False,False,False,False,False,False
2026-04-04T13:58:53Z,8M-LM6B-F2Q5,B00D1V5FPU,6949509209344,Stax,active,active,live,live_mode_missing_cost,live_product_inputs,out/product_db_preview.csv,no_cost_truth,missing_cost,none,,no_cost,missing_cost,BUY_BOX_PRICE,1.0,True,False,True,True,False,missing_cost_only,wait,BLOCKED_MISSING_COST_INPUT,0,0,,missing_forward_roi_inputs,missing_forward_roi_inputs,True,True,True,False,False,False,True,True,False,False,False,False,False,False,True,True,False,False,False,True,False,False,False,False,False,False,True,False,False
2026-04-04T13:58:53Z,ZI-1MA2-8QGC,B08M8CQHHV,NMR65370,Heo,active,active,live,live_mode_missing_cost,live_product_inputs,out/product_db_preview.csv,no_cost_truth,missing_cost,none,,no_cost,missing_cost,PRODUCT_DB_LIVE_LISTING_PRICE,0.0,True,False,True,False,False,missing_cost_and_demand,wait,"LOW_CONFIDENCE_MARKET_CONTEXT,WEAK_DEMAND_SIGNAL",0,0,,weak_demand,weak_demand,True,True,True,False,True,True,True,True,True,True,False,False,False,False,True,True,False,False,False,False,False,False,False,True,False,False,True,False,True
2026-04-04T13:58:53Z,FA-LRV6-YRFW,B00BUY54DI,FK3143,Heo,active,active,live,live_mode_missing_cost,live_product_inputs,out/product_db_preview.csv,no_cost_truth,missing_cost,none,,no_cost,missing_cost,BUY_BOX_PRICE,1.0,True,False,True,True,False,missing_cost_only,wait,BLOCKED_MISSING_COST_INPUT,0,0,,missing_forward_roi_inputs,missing_forward_roi_inputs,True,True,True,False,False,False,True,True,True,False,False,False,False,False,True,True,False,False,False,True,False,False,False,False,False,False,True,False,False
2026-04-04T13:58:53Z,4W-VS57-BV6A,B0C9LJNJWZ,JC598BBI1,Rashmian,active,active,live,live_mode_missing_cost,live_product_inputs,out/product_db_preview.csv,no_cost_truth,missing_cost,none,,no_cost,missing_cost,PRODUCT_DB_LIVE_LISTING_PRICE,1.166667,True,False,True,True,False,missing_cost_only,wait,"LOW_CONFIDENCE_MARKET_CONTEXT,BLOCKED_MISSING_COST_INPUT",0,0,,missing_forward_roi_inputs,missing_forward_roi_inputs,True,True,True,False,False,True,True,True,True,True,False,False,False,False,True,True,False,False,False,True,False,False,False,False,False,False,True,False,False
2026-04-04T13:58:53Z,H6-E7MP-EBPD,B00000IU72,542 33344,ABGee,active,active,live,live_mode_missing_cost,live_product_inputs,out/product_db_preview.csv,no_cost_truth,missing_cost,none,,no_cost,missing_cost,BUY_BOX_PRICE,0.777778,True,False,True,True,False,missing_cost_only,wait,BLOCKED_MISSING_COST_INPUT,0,0,,missing_forward_roi_inputs,missing_forward_roi_inputs,True,True,True,False,False,False,True,True,True,False,False,False,False,False,True,True,False,False,False,True,False,False,False,False,False,False,True,False,False
2026-04-04T13:58:53Z,2L-M26G-560I,B075WYWJ5L,USN026,Tropicana Wholesale,dropped,inactive,live,live_mode_missing_cost,live_product_inputs,out/product_db_preview.csv,no_cost_truth,missing_cost,none,,no_cost,missing_cost,PRODUCT_DB_LIVE_LISTING_PRICE,0.0,False,False,True,False,False,inactive_status,wait,"LOW_CONFIDENCE_MARKET_CONTEXT,SALE_STATUS_NOT_ACTIVE",0,0,,inactive_sale_status,inactive_sale_status,True,True,True,False,True,True,True,True,True,True,False,False,False,False,True,True,False,False,False,False,False,False,False,False,False,False,False,False,False
2026-04-04T13:58:53Z,9X-HL62-83C7,B00BEUFYE2,319880,Stax,active,active,live,live_mode_missing_cost,live_product_inputs,out/product_db_preview.csv,no_cost_truth,missing_cost,none,,no_cost,missing_cost,BUY_BOX_PRICE,0.0,True,False,True,False,False,missing_cost_and_demand,wait,WEAK_DEMAND_SIGNAL,0,0,,weak_demand,weak_demand,True,True,True,False,True,False,True,True,True,False,False,False,False,False,True,True,False,False,False,False,False,False,False,True,False,False,True,False,True
2026-04-04T13:58:53Z,6P-IWYA-X18B,B07B8RJDXT,AT-11006,Bliss Distribution,active,active,live,live_mode_missing_cost,live_product_inputs,out/product_db_preview.csv,no_cost_truth,missing_cost,none,,no_cost,missing_cost,PRODUCT_DB_LIVE_LISTING_PRICE,0.0,True,False,True,False,False,missing_cost_and_demand,wait,"LOW_CONFIDENCE_MARKET_CONTEXT,WEAK_DEMAND_SIGNAL",0,0,,weak_demand,weak_demand,True,True,True,False,True,True,True,True,True,True,False,False,False,False,True,True,False,False,False,False,False,False,False,True,False,False,True,False,True
2026-04-04T13:58:53Z,QD-UWUI-6381,B00DSYVL7Q,LA680WEA-7EF,Rashmian,dropped,inactive,live,live_mode_missing_cost,live_product_inputs,out/product_db_preview.csv,no_cost_truth,missing_cost,none,,no_cost,missing_cost,PRODUCT_DB_LIVE_LISTING_PRICE,0,False,False,True,False,False,inactive_status,wait,"LOW_CONFIDENCE_MARKET_CONTEXT,SALE_STATUS_NOT_ACTIVE",0,0,,inactive_sale_status,inactive_sale_status,True,True,True,False,True,True,True,True,True,True,False,False,False,False,True,True,False,False,False,False,False,False,False,False,False,False,False,False,False
2026-04-04T13:58:53Z,RI-VSUS-0YTD,B08MVGD2ND,,,,unknown,live,live_mode_missing_cost,live_product_inputs,out/product_db_preview.csv,no_cost_truth,missing_cost,none,,no_cost,missing_cost,BUY_BOX_PRICE,0.28,False,False,True,True,False,inactive_or_unknown_status,wait,SALE_STATUS_NOT_ACTIVE,0,0,,inactive_sale_status,inactive_sale_status,True,True,True,False,False,False,True,True,True,False,False,False,False,False,True,True,False,False,False,False,False,False,False,False,False,False,False,False,False
2026-04-04T13:58:53Z,WR-MNST-TKW6,B0BVZVSHZP,77-92189,TD Synnex,active,active,live,live_mode_missing_cost,live_product_inputs,out/product_db_preview.csv,no_cost_truth,missing_cost,none,,no_cost,missing_cost,PRODUCT_DB_LIVE_LISTING_PRICE,0,True,False,True,False,False,missing_cost_and_demand,wait,"LOW_CONFIDENCE_MARKET_CONTEXT,WEAK_DEMAND_SIGNAL",0,0,,weak_demand,weak_demand,True,True,True,False,True,True,True,True,True,True,False,False,False,False,True,True,False,False,False,False,False,False,False,True,False,False,True,False,True
2026-04-04T13:58:53Z,CX-SMCH-4DYA,B0012B80HG,1000759,Jones Wholesale,active,active,live,live_mode_missing_cost,live_product_inputs,out/product_db_preview.csv,no_cost_truth,missing_cost,none,,no_cost,missing_cost,BUY_BOX_PRICE,0.0,True,False,True,False,False,missing_cost_and_demand,wait,WEAK_DEMAND_SIGNAL,0,0,,weak_demand,weak_demand,True,True,True,False,True,False,True,True,True,False,False,False,False,False,True,True,False,False,False,False,False,False,False,True,False,False,True,False,True
2026-04-04T13:58:53Z,81-3DY5-BFOR,B07W45L22P,FK45540,Heo,active,active,live,live_mode_missing_cost,live_product_inputs,out/product_db_preview.csv,no_cost_truth,missing_cost,none,,no_cost,missing_cost,PRODUCT_DB_LIVE_LISTING_PRICE,0.0,True,False,True,False,False,missing_cost_and_demand,wait,"LOW_CONFIDENCE_MARKET_CONTEXT,WEAK_DEMAND_SIGNAL",0,0,,weak_demand,weak_demand,True,True,True,False,True,True,True,True,True,True,False,False,False,False,True,True,False,False,False,False,False,False,False,True,False,False,True,False,True
2026-04-04T13:58:53Z,77-GYTL-JFN4,B00009OY9U,942-000031,TD Synnex,active,active,live,live_mode_missing_cost,live_product_inputs,out/product_db_preview.csv,no_cost_truth,missing_cost,none,,no_cost,missing_cost,PRODUCT_DB_LIVE_LISTING_PRICE,0,True,False,True,False,False,missing_cost_and_demand,wait,"LOW_CONFIDENCE_MARKET_CONTEXT,WEAK_DEMAND_SIGNAL",0,0,,weak_demand,weak_demand,True,True,True,False,True,True,True,True,True,True,False,False,False,False,True,True,False,False,False,False,False,False,False,True,False,False,True,False,True
2026-04-04T13:58:53Z,XH-0LAE-FQO5,B00AOES9GE,CUR035X,DHB,active,active,live,live_mode_missing_cost,live_product_inputs,out/product_db_preview.csv,no_cost_truth,missing_cost,none,,no_cost,missing_cost,BUY_BOX_PRICE,0.758621,True,False,True,True,False,missing_cost_only,wait,BLOCKED_MISSING_COST_INPUT,0,0,,missing_forward_roi_inputs,missing_forward_roi_inputs,True,True,True,False,False,False,True,True,True,False,False,False,False,False,True,True,False,False,False,True,False,False,False,False,False,False,True,False,False
2026-04-04T13:58:53Z,7L-OT45-7LYB,B01NBDFDBC,5011802251854,Stax,active,active,live,live_mode_missing_cost,live_product_inputs,out/product_db_preview.csv,no_cost_truth,missing_cost,none,,no_cost,missing_cost,BUY_BOX_PRICE,1.285714,True,False,True,True,False,missing_cost_only,wait,BLOCKED_MISSING_COST_INPUT,0,0,,missing_forward_roi_inputs,missing_forward_roi_inputs,True,True,True,False,False,False,True,True,False,False,False,False,False,False,True,True,False,False,False,True,False,False,False,False,False,False,True,False,False
2026-04-04T13:58:53Z,3N-WGU4-MT5X,B00SWSU5BG,,,,unknown,live,live_mode_missing_cost,live_product_inputs,out/product_db_preview.csv,no_cost_truth,missing_cost,none,,no_cost,missing_cost,PRODUCT_DB_LIVE_LISTING_PRICE,0,False,False,True,False,False,inactive_or_unknown_status,wait,"LOW_CONFIDENCE_MARKET_CONTEXT,SALE_STATUS_NOT_ACTIVE",0,0,,inactive_sale_status,inactive_sale_status,True,True,True,False,True,True,True,True,True,True,False,False,False,False,True,True,False,False,False,False,False,False,False,False,False,False,False,False,False
2026-04-04T13:58:53Z,C6-XGZB-J6QA,B0083HIM7U,,,,unknown,live,live_mode_missing_cost,live_product_inputs,out/product_db_preview.csv,no_cost_truth,missing_cost,none,,no_cost,missing_cost,BUY_BOX_PRICE,1.5,False,False,True,True,False,inactive_or_unknown_status,wait,SALE_STATUS_NOT_ACTIVE,0,0,,inactive_sale_status,inactive_sale_status,True,True,True,False,False,False,True,True,True,False,False,False,False,False,True,True,False,False,False,False,False,False,False,False,False,False,False,False,False
2026-04-04T13:58:53Z,LP-QMNJ-J49G,B0CL5DHG37,,,,unknown,live,live_mode_missing_cost,live_product_inputs,out/product_db_preview.csv,no_cost_truth,missing_cost,none,,no_cost,missing_cost,LOWEST_FBA_PRICE,1.0,False,False,True,True,False,inactive_or_unknown_status,wait,SALE_STATUS_NOT_ACTIVE,0,0,,inactive_sale_status,inactive_sale_status,True,True,True,False,False,False,True,True,True,False,False,False,False,False,True,True,False,False,False,False,False,False,False,False,False,False,False,False,False
2026-04-04T13:58:53Z,W3-8FN7-FSP0,B004J71OSC,,,,unknown,live,live_mode_missing_cost,live_product_inputs,out/product_db_preview.csv,no_cost_truth,missing_cost,none,,no_cost,missing_cost,LOWEST_FBA_PRICE,0,False,False,True,False,False,inactive_or_unknown_status,wait,SALE_STATUS_NOT_ACTIVE,0,0,,inactive_sale_status,inactive_sale_status,True,True,True,False,True,False,True,True,True,False,False,False,False,False,True,True,False,False,False,False,False,False,False,False,False,False,False,False,False
2026-04-04T13:58:53Z,04-FYSA-YCV0,B001JYLJB0,,,,unknown,live,live_mode_missing_cost,live_product_inputs,out/product_db_preview.csv,no_cost_truth,missing_cost,none,,no_cost,missing_cost,MISSING_MARKET_CONTEXT,0,False,False,False,False,False,inactive_or_unknown_status,wait,"LOW_CONFIDENCE_MARKET_CONTEXT,SALE_STATUS_NOT_ACTIVE",0,0,,inactive_sale_status,inactive_sale_status,True,True,True,True,True,True,True,True,True,True,False,False,False,False,True,True,False,False,False,False,False,False,False,False,False,False,False,False,False
2026-04-04T13:58:53Z,04-PU0K-EVHU,B009NST7AY,,,,unknown,live,live_mode_missing_cost,live_product_inputs,out/product_db_preview.csv,no_cost_truth,missing_cost,none,,no_cost,missing_cost,MISSING_MARKET_CONTEXT,0,False,False,False,False,False,inactive_or_unknown_status,wait,"LOW_CONFIDENCE_MARKET_CONTEXT,SALE_STATUS_NOT_ACTIVE",0,0,,inactive_sale_status,inactive_sale_status,True,True,True,True,True,True,True,True,True,True,False,False,False,False,True,True,False,False,False,False,False,False,False,False,False,False,False,False,False
2026-04-04T13:58:53Z,05-CH74-4EW3,B006R5Z7DC,,,,unknown,live,live_mode_missing_cost,live_product_inputs,out/product_db_preview.csv,no_cost_truth,missing_cost,none,,no_cost,missing_cost,MISSING_MARKET_CONTEXT,0,False,False,False,False,False,inactive_or_unknown_status,wait,"LOW_CONFIDENCE_MARKET_CONTEXT,SALE_STATUS_NOT_ACTIVE",0,0,,inactive_sale_status,inactive_sale_status,True,True,True,True,True,True,True,True,True,True,False,False,False,False,True,True,False,False,False,False,False,False,False,False,False,False,False,False,False
2026-04-04T13:58:53Z,0A-HHXO-QF32,B0993N4XMC,,,,unknown,live,live_mode_missing_cost,live_product_inputs,out/product_db_preview.csv,no_cost_truth,missing_cost,none,,no_cost,missing_cost,MISSING_MARKET_CONTEXT,0,False,False,False,False,False,inactive_or_unknown_status,wait,"LOW_CONFIDENCE_MARKET_CONTEXT,SALE_STATUS_NOT_ACTIVE",0,0,,inactive_sale_status,inactive_sale_status,True,True,True,True,True,True,True,True,True,True,False,False,False,False,True,True,False,False,False,False,False,False,False,False,False,False,False,False,False
2026-04-04T13:58:53Z,0B-KZD0-FZB1,B07Y5KYLQ8,,,,unknown,live,live_mode_missing_cost,live_product_inputs,out/product_db_preview.csv,no_cost_truth,missing_cost,none,,no_cost,missing_cost,MISSING_MARKET_CONTEXT,0,False,False,False,False,False,inactive_or_unknown_status,wait,"LOW_CONFIDENCE_MARKET_CONTEXT,SALE_STATUS_NOT_ACTIVE",0,0,,inactive_sale_status,inactive_sale_status,True,True,True,True,True,True,True,True,True,True,False,False,False,False,True,True,False,False,False,False,False,False,False,False,False,False,False,False,False
2026-04-04T13:58:53Z,0B-OUCV-UQE9,B01N4LH1PN,,,,unknown,live,live_mode_missing_cost,live_product_inputs,out/product_db_preview.csv,no_cost_truth,missing_cost,none,,no_cost,missing_cost,MISSING_MARKET_CONTEXT,0,False,False,False,False,False,inactive_or_unknown_status,wait,"LOW_CONFIDENCE_MARKET_CONTEXT,SALE_STATUS_NOT_ACTIVE",0,0,,inactive_sale_status,inactive_sale_status,True,True,True,True,True,True,True,True,True,True,False,False,False,False,True,True,False,False,False,False,False,False,False,False,False,False,False,False,False
2026-04-04T13:58:53Z,0D-0039-WEPJ,B09V8GFY8C,,,,unknown,live,live_mode_missing_cost,live_product_inputs,out/product_db_preview.csv,no_cost_truth,missing_cost,none,,no_cost,missing_cost,MISSING_MARKET_CONTEXT,0,False,False,False,False,False,inactive_or_unknown_status,wait,"LOW_CONFIDENCE_MARKET_CONTEXT,SALE_STATUS_NOT_ACTIVE",0,0,,inactive_sale_status,inactive_sale_status,True,True,True,True,True,True,True,True,True,True,False,False,False,False,True,True,False,False,False,False,False,False,False,False,False,False,False,False,False
2026-04-04T13:58:53Z,0F-MLCO-206G,B00RO5R4JE,,,,unknown,live,live_mode_missing_cost,live_product_inputs,out/product_db_preview.csv,no_cost_truth,missing_cost,none,,no_cost,missing_cost,MISSING_MARKET_CONTEXT,0,False,False,False,False,False,inactive_or_unknown_status,wait,"LOW_CONFIDENCE_MARKET_CONTEXT,SALE_STATUS_NOT_ACTIVE",0,0,,inactive_sale_status,inactive_sale_status,True,True,True,True,True,True,True,True,True,True,False,False,False,False,True,True,False,False,False,False,False,False,False,False,False,False,False,False,False
2026-04-04T13:58:53Z,0Q-F5R3-333E,1848450486,,,,unknown,live,live_mode_missing_cost,live_product_inputs,out/product_db_preview.csv,no_cost_truth,missing_cost,none,,no_cost,missing_cost,MISSING_MARKET_CONTEXT,0,False,False,False,False,False,inactive_or_unknown_status,wait,"LOW_CONFIDENCE_MARKET_CONTEXT,SALE_STATUS_NOT_ACTIVE",0,0,,inactive_sale_status,inactive_sale_status,True,True,True,True,True,True,True,True,True,True,False,False,False,False,True,True,False,False,False,False,False,False,False,False,False,False,False,False,False
2026-04-04T13:58:53Z,0R-31MX-8MNY,B07B4NQSYS,,,,unknown,live,live_mode_missing_cost,live_product_inputs,out/product_db_preview.csv,no_cost_truth,missing_cost,none,,no_cost,missing_cost,MISSING_MARKET_CONTEXT,0,False,False,False,False,False,inactive_or_unknown_status,wait,"LOW_CONFIDENCE_MARKET_CONTEXT,SALE_STATUS_NOT_ACTIVE",0,0,,inactive_sale_status,inactive_sale_status,True,True,True,True,True,True,True,True,True,True,False,False,False,False,True,True,False,False,False,False,False,False,False,False,False,False,False,False,False
2026-04-04T13:58:53Z,0T-2B9X-7G65,B0B8T9L8RY,,,,unknown,live,live_mode_missing_cost,live_product_inputs,out/product_db_preview.csv,no_cost_truth,missing_cost,none,,no_cost,missing_cost,MISSING_MARKET_CONTEXT,0,False,False,False,False,False,inactive_or_unknown_status,wait,"LOW_CONFIDENCE_MARKET_CONTEXT,SALE_STATUS_NOT_ACTIVE",0,0,,inactive_sale_status,inactive_sale_status,True,True,True,True,True,True,True,True,True,True,False,False,False,False,True,True,False,False,False,False,False,False,False,False,False,False,False,False,False
2026-04-04T13:58:53Z,1B-X7OV-DC22,B00SH4QZIM,,,,unknown,live,live_mode_missing_cost,live_product_inputs,out/product_db_preview.csv,no_cost_truth,missing_cost,none,,no_cost,missing_cost,MISSING_MARKET_CONTEXT,0,False,False,False,False,False,inactive_or_unknown_status,wait,"LOW_CONFIDENCE_MARKET_CONTEXT,SALE_STATUS_NOT_ACTIVE",0,0,,inactive_sale_status,inactive_sale_status,True,True,True,True,True,True,True,True,True,True,False,False,False,False,True,True,False,False,False,False,False,False,False,False,False,False,False,False,False
2026-04-04T13:58:53Z,1I-68NK-QBN0,B095ZY4PCG,,,,unknown,live,live_mode_missing_cost,live_product_inputs,out/product_db_preview.csv,no_cost_truth,missing_cost,none,,no_cost,missing_cost,MISSING_MARKET_CONTEXT,0,False,False,False,False,False,inactive_or_unknown_status,wait,"LOW_CONFIDENCE_MARKET_CONTEXT,SALE_STATUS_NOT_ACTIVE",0,0,,inactive_sale_status,inactive_sale_status,True,True,True,True,True,True,True,True,True,True,False,False,False,False,True,True,False,False,False,False,False,False,False,False,False,False,False,False,False
2026-04-04T13:58:53Z,1L-X5VM-8E2W,B09S5RXYKR,,,,unknown,live,live_mode_missing_cost,live_product_inputs,out/product_db_preview.csv,no_cost_truth,missing_cost,none,,no_cost,missing_cost,MISSING_MARKET_CONTEXT,0,False,False,False,False,False,inactive_or_unknown_status,wait,"LOW_CONFIDENCE_MARKET_CONTEXT,SALE_STATUS_NOT_ACTIVE",0,0,,inactive_sale_status,inactive_sale_status,True,True,True,True,True,True,True,True,True,True,False,False,False,False,True,True,False,False,False,False,False,False,False,False,False,False,False,False,False
2026-04-04T13:58:53Z,3Q-JVVB-BIT7,0786964502,A35790000,Bliss Distribution,discontinued,inactive,live,live_mode_missing_cost,live_product_inputs,out/product_db_preview.csv,no_cost_truth,missing_cost,none,,no_cost,missing_cost,PRODUCT_DB_LIVE_LISTING_PRICE,0,False,False,True,False,False,inactive_status,wait,"LOW_CONFIDENCE_MARKET_CONTEXT,SALE_STATUS_NOT_ACTIVE",0,0,,inactive_sale_status,inactive_sale_status,True,True,True,False,True,True,True,True,True,True,False,False,False,False,True,True,False,False,False,False,False,False,False,False,False,False,False,False,False
2026-04-04T13:58:53Z,JX-6USZ-SK7E,0786964502,A35790000,Heo,active,active,live,live_mode_missing_cost,live_product_inputs,out/product_db_preview.csv,no_cost_truth,missing_cost,none,,no_cost,missing_cost,PRODUCT_DB_LIVE_LISTING_PRICE,0,True,False,True,False,False,missing_cost_and_demand,wait,"LOW_CONFIDENCE_MARKET_CONTEXT,WEAK_DEMAND_SIGNAL",0,0,,weak_demand,weak_demand,True,True,True,False,True,True,True,True,True,True,False,False,False,False,True,True,False,False,False,False,False,False,False,True,False,False,True,False,True
2026-04-04T13:58:53Z,RB-1O77-8969,B000X2F4II,,,,unknown,live,live_mode_missing_cost,live_product_inputs,out/product_db_preview.csv,no_cost_truth,missing_cost,none,,no_cost,missing_cost,BUY_BOX_PRICE,0.666667,False,False,True,True,False,inactive_or_unknown_status,wait,SALE_STATUS_NOT_ACTIVE,0,0,,inactive_sale_status,inactive_sale_status,True,True,True,False,False,False,True,True,False,False,False,False,False,False,True,True,False,False,False,False,False,False,False,False,False,False,False,False,False
2026-04-04T13:58:53Z,SE-UITZ-7CPY,B006SYGN9O,,,,unknown,live,live_mode_missing_cost,live_product_inputs,out/product_db_preview.csv,no_cost_truth,missing_cost,none,,no_cost,missing_cost,BUY_BOX_PRICE,3.0,False,False,True,True,False,inactive_or_unknown_status,wait,SALE_STATUS_NOT_ACTIVE,0,0,,inactive_sale_status,inactive_sale_status,True,True,True,False,False,True,True,True,False,False,False,False,False,False,True,True,False,False,False,False,False,False,False,False,False,False,False,False,False
