Data,,,,,,,,DC,X,,,,,,,,,,,
SKU,Name,Asin,Supplier,Qtys,Barcode,Supply Code,CPU,Discontinued,Drop,ROI,Sales VElocity,Ordered,At Unit,Sent,Delviery Recognised,Processing,In Stock,Restock,Snze,Advice
N9-IOWG-NGD9,"Worlds Smallest 568 UNO ONE, Multicoloured, único",B07QGGFKYK,ABGee,1,854941007631,333 SI568,£4.44,FALSE,TRUE,0.00%,0,0,0,0,0,0,0,0,,No Data
BF-KVJ0-RUA9,"Ravensburger Hey Duggee 4 in Box (12, 16, 20, 24 Piece) Jigsaw Puzzles for Kids Age 3 Years Up",B08C5L6YMH,ABGee,,,DC,,TRUE,FALSE,24.00%,1.98,0,0,0,0,0,0,0,,Restock
12-749B-9EB5,Funko POP! Movies: TCM - Leatherface - Texas Chainsaw Massacre - Collectable Vinyl Figure - Gift Idea - Official Merchandise - Toys for Kids & Adults - Movies Fans - Model Figure for Collectors,B084HZRR8G,ABGee,1,889698498302,985 49830,£7.59,FALSE,FALSE,36.00%,0.27,8,0,0,0,0,0,0,2026-04-05,Restock
WT-LPJW-NOXR,Funko POP! TV: the Boys-Homelander Levitating - Collectable Vinyl Figure - Gift Idea - Official Merchandise - Toys for Kids & Adults - TV Fans - Model Figure for Collectors and Display,B082FRV6QN,ABGee,1,889698481861,985 48186,£7.59,TRUE,FALSE,0.00%,0,0,0,0,0,0,0,0,,No Data
BF-EX14-XMNB,Funko POP! TV: Peaky Blinders - Thomas Shelby - 1/6 Odds for Rare Chase Variant - Collectable Vinyl Figure - Gift Idea - Official Merchandise - Toys for Kids & Adults - TV Fans,B0BT3W5FJZ,ABGee,,,985 72185,,FALSE,TRUE,-11.00%,1.38,0,0,0,0,0,0,0,,Drop
WB-6YBC-16X8,Funko POP! Movies Edward Scissorhands - Collectable Vinyl Figure - Gift Idea - Official Merchandise - Toys for Kids & Adults - Movies Fans - Model Figure for Collectors and Display,B0863J9XMR,ABGee,1,889698496957,985 49695,£7.59,TRUE,FALSE,42.00%,0.88,0,0,0,0,0,0,0,2025-06-15,Restock
SC-LYFM-ORXK,"Shaun the Sheep Plush 61176 Backpack Clip, Black and White, Great Gift Idea,9 x 7 x 14 centimetres",B07QXSDZJM,ABGee,1,,541 61176,£4.20,FALSE,FALSE,25.00%,0.6,0,0,0,0,0,0,0,2026-04-05,Restock
5B-DQES-2T3E,Ravensburger Super Mario Brothers Pencil Pot 3D Jigsaw Puzzles for Kids Age 6 Years Up - 54 Pieces - No Glue Required,B08PM3MG36,ABGee,,,,,FALSE,TRUE,4.00%,0.56,0,0,0,0,0,0,0,,Drop
BJ-1TEF-1BUZ,"Ravensburger Marvel Avengers Mini Memory Game - Matching Picture Snap Pairs Game For Kids Age 3 Years and Up - Hulk, Thor, Iron Man",B00WOFBCHO,ABGee,,,,,FALSE,TRUE,50.00%,21.02,0,0,0,0,0,0,0,,Restock
2S-T29M-BDIZ,Funko POP! Books: Five Nights At Freddy's (FNAF) - Twisted Bonnie - FNAF the Twisted Ones - Collectable Vinyl Figure - Gift Idea - Official Merchandise,B07978WZ4L,ABGee,1,889698288064,985 28806,£7.59,FALSE,TRUE,66.00%,0.45,0,0,0,0,0,0,0,,Restock
DY-51D1-CSIX,"Lite-Brite | Peg & Template Refill Pack | Light Up Drawing Board, LED Board with Colours, Toys for Creative Play, Glow Art Neon Effect Drawing Board, Light Toys for Kids Ages 4+ | Basic Fun 02224",B07FFHPY7X,ABGee,12,885561022247,520 02224,£2.50,FALSE,TRUE,27.00%,1.69,60,0,0,0,0,0,0,,Restock
09-CZ59-Q6OR,Stoddard Icon White Standard Interdental Brushes - 8 Brush Plus 2 Free Brush in 1 Pack,B09BR88BPW,DHB,,5051717179447,,,TRUE,FALSE,10.00%,0.24,0,0,0,0,0,0,0,,Restock
B2-5FFM-153A,Ravensburger Disney Princess Princess - 100 Piece Jigsaw Puzzles for Kids Age 6 Years Up,B00R6C2JPO,ABGee,,4005556105700,,,TRUE,FALSE,27.00%,1.03,0,0,0,0,0,0,0,,Restock
91-PZCP-NNGD,Funko POP! Animation: One Piece - Monkey D. Luffy - Collectable Vinyl Figure - Gift Idea - Official Merchandise - Toys for Kids & Adults - Anime Fans - Model Figure for Collectors and Display,B0198KU5PW,ABGee,1,849803053055,985 5305,,FALSE,TRUE,0.00%,0,0,0,0,0,0,0,0,,No Data
XI-DUS3-PXC9,"Super Mario - 2,5 Deluxe Toad House Playset (413674)",B07KWX9MLS,ABGee,1,,413674,,TRUE,FALSE,0.00%,0,0,0,0,0,0,0,0,,No Data
0T-LQK2-KFCY,"Mattel WWE Ultimate Edition Asuka Action Figure & Accessories, 6-inch Collectible Set, Swappable Heads & Hands, Entrance Gear & 30 Articulation Points, HWP53",B0CBNNKLYJ,ABGee,1,194735218318,,,TRUE,FALSE,0.00%,0,0,0,0,0,0,0,0,,No Data
OL-F41R-EZEF,BRIO World Collapsing Bridge for Kids Age 3 Years Up - Compatible With All BRIO Railway Train Sets and Accessories,B000WLIOSW,ABGee,,7312350333916,,,FALSE,TRUE,0.00%,0,0,0,0,0,0,0,0,,No Data
NC-MA70-7OJ9,Learning Resources Playfoam Sparkle (Set of 4) EI-1910,B004ALKMF8,ABGee,,86002019103,,,FALSE,TRUE,0.00%,0,0,0,0,0,0,0,0,,No Data
T7-NZWY-R44R,"Plasticine FunTUBulous, Original Modelling Clay, Soft and Non-Hardening, Includes 8 Bumper Sticks of Plasticine in Plastic Bucket with Carry Handle, Suitable for Ages 3+",B00CUB7726,ABGee,,5038701102599,,,FALSE,TRUE,-43.00%,3.46,0,0,0,0,0,0,0,,Drop
I2-OJSR-TKZ6,BRIO Wooden Tunnel Train for Kids Age 3 Years Up - Compatible with all BRIO Railway Sets & Accessories,B00J6SEG7A,ABGee,,7312350337358,,,FALSE,TRUE,0.00%,0,0,0,0,0,0,0,0,,No Data
9C-ZLCN-WWGK,Funko POP! Movies: Harry Potter - Severus Snape - Collectable Vinyl Figure - Gift Idea - Official Merchandise - Toys for Kids & Adults - Movies Fans - Model Figure for Collectors and Display,B00TQ5KPNC,ABGee,1,849803058623,985 5862,£7.59,FALSE,FALSE,35.00%,1.61,20,0,0,0,0,0,0,2026-04-05,Restock
6L-LO0H-2WGF,"Make It Real – Fashion Design Sketchbook: Blooming Creativity. Inspirational Fashion Design Coloring Book for Girls. includes Sketchbook, Stencils, Puffy Stickers, Foil Stickers, and Design Guide",B06XG8519L,ABGee,1,695929032029,198 3202,£3.33,FALSE,FALSE,0.00%,0,10,0,0,0,0,0,0,,No Data
7C-XI7G-FMUU,Funko POP! Vinyl: Disney: the Lion King: Mufasa - Collectable Vinyl Figure - Gift Idea - Official Merchandise - Toys for Kids & Adults - Movies Fans - Model Figure for Collectors and Display,B07HB4VNVV,ABGee,1,889698363914,985 36391,£7.59,FALSE,FALSE,0.00%,0,15,0,0,0,0,0,0,,No Data
W7-F06R-CW3C,Giga Pets AR Virtual Animal Pet Toy (Unicorn),B088BD4ZRQ,ABGee,,4897073710693,,,FALSE,TRUE,0.00%,0,0,0,0,0,0,0,0,,No Data
D6-Y4EX-C9HL,Ravensburger Hey Duggee Mini Memory Game - Matching Picture Snap Pairs Game For Kids Age 3 Years and Up,B08C5LLPF2,ABGee,,,,,TRUE,FALSE,0.00%,0,0,0,0,0,0,0,0,,No Data
NB-UWOU-68PW,Funko Mystery Mini: Marvel Deadpool 30th - 1 Of 12 to Collect - Styles Vary - Collectable Vinyl Figure - Gift Idea - Official Merchandise - Toys for Kids & Adults - Comic Books Fans and Display,B08FMRRD53,ABGee,,889698552103,,,TRUE,FALSE,11.00%,0.59,0,0,0,0,0,0,0,,Restock
QG-6O1N-7HTR,Pokemon Piplup 8 inch Plush,B08H8B19KW,ABGee,1,889933978712,,,TRUE,FALSE,0.00%,0,0,0,0,0,0,0,0,,No Data
E7-LAKI-9FEO,"Ravensburger Disney Princess - 4 in Box (12, 16, 20, 24 Piece) Jigsaw Puzzles for Kids Age 3 Years Up",B08PM2N9H6,ABGee,1,,,,TRUE,FALSE,0.00%,0,0,0,0,0,0,0,0,,No Data
FQ-DRSZ-XVJI,"Purse Pets, Glamicorn Unicorn Interactive Purse Pet with Over 25 Sounds and Reactions, Kids Toys for Girls Ages 5 and up",B08SR72PMM,ABGee,1,778988375402,,,TRUE,FALSE,0.00%,0,0,0,0,0,0,0,0,,No Data
WY-Z6LP-JOMV,Ravensburger Super Mario - 100 Piece Jigsaw Puzzles for Kids Age 6 Years Up - Extra Large Pieces,B08T9KT6WR,ABGee,1,,542 12001074,,FALSE,TRUE,0.00%,0,0,0,0,0,0,0,0,,No Data
IX-E0R5-6P6G,Ravensburger Super Mario Toys - 3x 49 Piece Jigsaw Puzzles for Kids Age 5 Years Up,B08WKT6B6G,ABGee,1,4005556051861,,,FALSE,TRUE,0.00%,0,0,0,0,0,0,0,0,,No Data
J7-QL4P-4SOM,Thinkfun Cold Case Files - A Pinch of Murder - Murder Mystery Game for Adults and Kids Age 14 Years Up,B0937P8DBF,ABGee,1,4005556764457,,,TRUE,FALSE,0.00%,0,0,0,0,0,0,0,0,,No Data
UF-8XYI-JUTX,Thinkfun Cold Case Files - A Pinch of Murder - Murder Mystery Game for Adults and Kids Age 14 Years Up,B0937P8DBF,ABGee,1,4005556764457,,,TRUE,FALSE,0.00%,0,0,0,0,0,0,0,0,,No Data
LG-AZOP-KOUU,Thinkfun Cold Case Files - A Pinch of Murder - Murder Mystery Game for Adults and Kids Age 14 Years Up,B0937P8DBF,ABGee,1,4005556764457,,,TRUE,FALSE,0.00%,0,0,0,0,0,0,0,0,,No Data
0K-6BX5-D5AH,"SUPERTHINGS Balloon Boxer – Large vehicle plus two attachable vehicles, 3 SuperThings and 1 exclusive Kazoom Kid",B093WHTJL7,ABGee,1,8431618016626,856 PSTSP414IN0,£7.51,FALSE,FALSE,0.00%,0,10,0,0,0,0,0,0,,No Data
XH-OMMJ-C7MT,"Ravensburger Bluey 35 Piece Jigsaw Puzzle for Kids Age 3 Years Up - Educational Toddler Toys, 26,4 x 18,1 x 0,2 cm",B096BPSDRZ,ABGee,1,4005556052240,542 5224,£2.45,FALSE,TRUE,61.00%,0.17,0,0,0,0,0,0,0,2025-07-06,Restock
Z3-HICR-CPBW,Funko Action Figure: Five Nights At Freddy's (FNAF) - Toxic Springtrap - Glow In the Dark - Collectable Toy - Gift Idea - Official Merchandise,B09DL7M3NJ,ABGee,1,889698596862,985 59686,£7.76,TRUE,FALSE,19.00%,2.48,0,0,0,0,0,0,0,,Restock
OO-KLJU-ZBO9,Funko POP! Vinyl: Formula One - Valtteri Bottas - Mercedes-Benz - Collectable Vinyl Figure - Gift Idea - Official Merchandise - Toys for Kids & Adults - Sports Fans - Model Figure for Collectors,B09LHXLGKD,ABGee,,889698622219,985 62221,£7.59,TRUE,FALSE,18.00%,0.87,0,0,0,0,0,0,0,,Restock
UL-6G4Z-72JE,Make It Real Love and Daisy Inspired Fashion Design Sketchbook with Stencils and Stickers for Creativity - Kids Arts and Crafts Colouring Book - Girls Gifts,B09NCKDG86,ABGee,1,695929032098,198 3209,£3.33,FALSE,TRUE,0.00%,0,0,0,0,0,0,0,0,,No Data
2K-6X85-CXUL,Ravensburger Happy Days Royal Residences 4X 500 Piece Jigsaw Puzzle for Adults & Kids Age 10 Years Up,B09P1WWG17,ABGee,1,4005556171408,,,TRUE,FALSE,0.00%,0,0,0,0,0,0,0,0,,No Data
MF-MNIN-FGXW,Squishville Squad 4 pack - Puppy Love Squad,B09S12NTWM,ABGee,1,,,,TRUE,FALSE,0.00%,0,0,0,0,0,0,0,0,,No Data
FQ-MTRD-YPII,"Learning Resources LER9125 Carlos The Pop & Count Cactus, Top Toddler, Preschool, Fine Motor Skills, Educational Toys, 16 Pieces, Age 18 Months, Multi-Color",B09SQH37Y1,ABGee,1,765023091250,,,TRUE,FALSE,0.00%,0,0,0,0,0,0,0,0,,No Data
8N-T5OY-DSW9,Funko POP! Animation: Demon Slayer - Mitsuri Kanroji - Collectable Vinyl Figure - Gift Idea - Official Merchandise - Toys for Kids & Adults - Anime Fans - Model Figure for Collectors and Display,B09V85SK3J,ABGee,1,889698573443,,,TRUE,FALSE,0.00%,0,0,0,0,0,0,0,0,,No Data
JE-NHAA-HEYR,Ravensburger Disney Encanto Jigsaw Puzzle for Kids Age 5 Years Up - The Magic Awaits - 3x 49 Pieces,B09YRX2HGZ,ABGee,,,,,FALSE,TRUE,0.00%,0,0,0,0,0,0,0,0,,No Data
6V-0L0T-OF72,Top Secret Toys Giga Pets Animal Toy (1108),B0B1P26Q8H,ABGee,1,,930 1108,£10.00,FALSE,TRUE,20.00%,0.04,0,0,0,0,0,0,0,,Restock
IQ-PR7Z-1RKG,Pokémon SCYTHER BATTLE FEATURE FIGURE - 4.5-Inch Scyther Battle Figure with Chop Attack Arms,B0B77CDN6J,ABGee,1,191726382164,888 PKW0167,£7.00,FALSE,FALSE,0.00%,0,8,0,0,0,0,0,0,,No Data
A9-31T9-JF3W,"Squishville by Original Squishmallows Pep Squad Plush - Four 2-Inch Squishmallows Plush Including Prim, Harley, Mellie, and Zaylee - Toys for Kids",B0BXSY46TV,ABGee,1,,,,TRUE,FALSE,0.00%,0,0,0,0,0,0,0,0,,No Data
TT-1DQK-CJFF,"Squishville by Original Squishmallows Cow Squad Plush - Four 2-Inch Squishmallows Plush Including Reshma, Candess, Calton, and 1 Surprise - Toys for Kids",B0BZ5NYPPD,ABGee,1,191726467366,,,TRUE,FALSE,0.00%,0,0,0,0,0,0,0,0,,No Data
EO-RQ6J-PAPY,Funko POP! Disney: Robin Hood - Maid Marian - Collectable Vinyl Figure - Gift Idea - Official Merchandise - Toys for Kids & Adults - Movies Fans - Model Figure for Collectors and Display,B0C4S2Y186,ABGee,,889698759120,,£7.59,FALSE,TRUE,-5.00%,0.43,0,0,0,0,0,0,0,,Drop
F9-ETRB-6FVQ,DOCTOR WHO 14th Doctor sonic screwdriver,B0CG4TDDKM,ABGee,,5029736080723,,,FALSE,TRUE,-11.00%,0.86,0,0,0,0,0,0,0,,Drop
10-PGVO-YV15,"Organic Shop Repairing Body Scrub Mango & Sugar, 250 ml",B01H8QOUTA,CLF,1,4744183012622,OSP54,£2.25,FALSE,TRUE,13.00%,0.01,0,0,0,0,0,0,0,,Restock
WF-JLK1-5PKN,Yale - YE3B/32/116/1/P Standard Security 32mm Aluminium Padlock - Pink - Open Hardened Steel Shackle - 3 Keys,B08563KQKG,Aldridge Security,,5052847107324,L32299,£3.22,FALSE,FALSE,58.00%,0.22,31,0,0,0,0,0,0,2025-09-14,Restock
LL-NBBZ-I90A,Funko POP! Movies - Lord Of the Rings - Hobbit - Samwise Gamgee - Lord Of the Rings - Collectable Vinyl Figure - Gift Idea - Official Merchandise - Toys for Kids & Adults - Movies Fans,B06XGTSWXG,BEM,,889698135535,,,TRUE,FALSE,0.00%,0,0,0,0,0,0,0,0,,No Data
HJ-6HB4-VVF2,Pyramid International HARRY POTTER A5 Lined Wiro Notebook The Marauders Map - Official Merchandise,B06XXLK96G,BEM,,5051265723253,,,TRUE,FALSE,0.00%,0,0,0,0,0,0,0,0,,No Data
R7-RF9Q-9AMN,"Paladone Super Mario Bros. Mushroom 3D Night Light, Decorative Lamp Collectible, Multi-Colour",B07B35PCF6,BEM,,5055964717858,,,TRUE,FALSE,0.00%,0,0,0,0,0,0,0,0,,No Data
9I-QC5D-QDT2,Funko Pop! Games: OverWatch2- Kiriko - Kuriko - Overwatch - Collectable Vinyl Figure - Gift Idea - Official Merchandise - Toys for Kids & Adults - Video Games Fans - Model Figure for Collectors,B0BG3LJKT9,BEM,,889698615501,,,TRUE,FALSE,0.00%,0,0,0,0,0,0,0,0,,No Data
1W-8WI9-7AUU,Funko Pop! Movies: Teenage Mutant Ninja Turtles - (Teenage Mutant Ninja Turtles (TMNT) ) - April O'Neil O Neil - Collectable Vinyl Figure - Gift Idea - Official Merchandise - Toys for Kids & Adults,B0BLQRDTLL,Heo,,889698723336,FK72333,£2.42,FALSE,TRUE,25.00%,0.01,0,0,0,0,0,0,0,2025-04-27,Restock
SZ-UL4K-SE7W,Ultra Pro Comic Bags (100-Piece),B002QGAF8S,Bliss Distribution,20,74427822255,E-82225,£3.17,FALSE,FALSE,61.00%,2.95,60,0,0,0,1,49,0,2025-10-12,Restock
26-E5TZ-WU0I,Dragon Shield AT-15052 Standard Size Dual Matte Crypt (100 Sleeves),B09Z35W2SZ,Bliss Distribution,,5706569150525,AT-15052,,FALSE,TRUE,5.00%,0.35,0,0,0,0,0,0,0,,Restock
1Q-OTO8-JG8E,Dragon Shield 11009 Matte Purple Standard Sleeves (100 Sleeves),B01G263L1K,Bliss Distribution,100,5706569110093,AT-11009,£4.32,FALSE,TRUE,-20.00%,0.09,0,0,0,0,0,0,0,,Drop
27-VH0D-TKGK,Colgin Natural Pecan Liquid Smoke 118 ml,B000SBLNVG,CLF,,CGN3,,,FALSE,TRUE,-20.00%,0.25,0,0,0,0,0,0,0,,Drop
2L-4Y1Q-E6OA,Ben & Holly Talking Plush Assorted,B00M8QBEIG,ABGee,9,5029736052898,674 05288,£6.20,FALSE,TRUE,0.00%,0,0,0,0,0,0,0,0,,No Data
ON-XPCR-TAZW,Ultimate Guard Katana Inner Sleeves Standard Size Transparent (100),B0BHCWWGKS,Bliss Distribution,1,4056133024273,UGD011337,£2.62,FALSE,TRUE,25.00%,0.05,0,0,0,0,0,0,0,,Restock
D7-MGBX-RX2P,"Ultra Pro 81181 3"" x 4"" Clear Thick 55PT Toploaders (25ct)",B001Q77TI2,Bliss Distribution,40,74427811815,E-81181,£2.73,FALSE,FALSE,76.00%,1.1,40,0,0,0,0,0,0,2025-06-08,Restock
2U-4KLP-68HB,"Ultimate Guard - Katana Sleeves - Purple (100) [Standard Size, 66 x 91mm]",B07NGGSR3D,Bliss Distribution,1,4056133012225,UGD010923,£5.86,FALSE,FALSE,10.00%,1.46,52,0,0,0,0,0,0,2025-06-08,Restock
BH-QYC3-K7VG,"Ultimate Guard UGD010696 Boulder Deck Case, 100 Plus, standard size, malachite",B06XGSJS7N,Bliss Distribution,1,4056133006194,UGD010696,£4.65,TRUE,FALSE,22.00%,0.18,0,0,0,0,0,0,0,,Restock
3Q-JVVB-BIT7,Wizards of the Coast Lords of Waterdeep Expansion: Scoundrels of Skullport,786964502,Bliss Distribution,4,653569831679,A35790000,£18.87,TRUE,FALSE,14.00%,0.12,0,0,0,0,0,0,0,,Restock
H0-BYHY-BTUT,Ultra Pro E-15613 Eclipse Standard Matte Sleeves 100 Pack-Jet Black,B08WX4Y25G,Bliss Distribution,12,74427156138,E-15613,£4.83,FALSE,TRUE,5.00%,0.15,0,0,0,0,0,0,0,,Restock
49-4UKW-G81R,100 Ultra Pro Card Protector Sleeves: Pro-Matte - 66 x 91 mm,B00WI8O0RG,Bliss Distribution,30,74427845155,E-84515,£3.37,FALSE,FALSE,24.00%,3.22,120,0,0,0,0,0,0,2025-05-04,Restock
T0-4R2M-4BLV,Ultra Pro E-15612 Eclipse Standard Matte Sleeves 100 Pack-Arctic White,B08WYJM23V,Bliss Distribution,12,74427156121,E-15612,£4.68,FALSE,TRUE,4.00%,0.64,0,0,0,0,0,0,0,,Drop
3T-6QPR-E2MV,"Ultimate Guard UGD010696 Boulder Deck Case, 100 Plus, standard size, malachite",B06XGSJS7N,Heo,24,4056133006194,UGD010696,£4.65,FALSE,TRUE,0.00%,0.08,0,0,0,0,0,0,0,2025-07-13,Drop
3Z-45IC-N1H4,The Army Painter | Basing Glue,B07QPB3T1J,Bliss Distribution,6,5713799201309,GL2013,£2.34,FALSE,TRUE,33.00%,0.06,0,0,0,0,0,0,0,2025-07-13,Restock
46-MOBK-YBS1,Funko POP! Games: Sonic 30th-Silver Hedgehog the Hedgehog - Sonic the Hedgehog - Collectable Vinyl Figure - Gift Idea - Official Merchandise - Toys for Kids & Adults - Video Games Fans,B089B7YDRN,Heo,6,889698519656,FK51965,£6.84,FALSE,FALSE,61.00%,2.14,75,0,0,0,0,0,0,2025-05-04,Restock
4F-HT42-FD26,100 Ultra Pro Card Protector Sleeves: Pro-Matte - 66 x 91 mm,B010E25DI2,Bliss Distribution,30,74427845179,E-84517,£3.38,FALSE,FALSE,9.00%,0.02,0,0,0,0,1,27,0,2025-12-07,Restock
NY-AI90-84GR,Ultimate Guard UGD010896 Standard Size Katana Sleeves - Turquoise (100 Sleeves),B07NH5TQSF,Bliss Distribution,1,4056133011655,UGD010896,£5.86,FALSE,TRUE,20.00%,0.88,0,0,0,0,0,0,0,,Restock
4U-9ZL6-9G0Y,"Piksters Wax for Orthodontics and Braces, 2 Count (Pack of 1)",B07C8QSSR2,DHB,192,9336628001701,PIK054,£1.24,FALSE,FALSE,199.00%,0,0,0,0,0,0,0,0,2026-06-01,No Data
3Z-S01D-H4GA,"PLATINUM 9-Pocket Page For Standard Size Cards (11-Holes, Box 100),White",B00DI2B8IU,Bliss Distribution,,74427834234,,,FALSE,TRUE,12.00%,0.85,0,0,0,0,0,0,0,,Restock
2T-07RT-8IMX,Ultra Pro E-15219 Eclipse 9-Pocket PRO-Binder-Jet Black,B07W65T6VT,Bliss Distribution,12,74427152192,E-15219,£8.58,FALSE,FALSE,17.00%,0.38,24,0,0,0,1,7,0,,Restock
UT-WXOQ-6CZL,Ultra Pro E-15604 Eclipse Gloss Standard Sleeves (100 Pack) -Apple Red,B08CVTBP81,Bliss Distribution,,74427156046,,,FALSE,TRUE,-18.00%,0.01,0,0,0,0,0,0,0,,Drop
66-6EUM-PSH8,Ultra Pro E-15623 Eclipse Standard Matte Sleeves 100 Pack-Smoke Grey,B08WYDVF97,Bliss Distribution,,74427156237,,,FALSE,TRUE,-1.00%,0.54,0,0,0,0,0,0,0,,Drop
W3-H7LU-CTRI,Ultra Pro 12911 9-Pocket Portfolio Collectors Blue C12 Card Game,B0002TT36Q,Bliss Distribution,24,74427813673,E-81367,£3.33,TRUE,FALSE,41.00%,0.05,0,0,0,0,0,0,0,2025-08-10,Restock
CN-NR50-TSFE,Ultra Pro E-15146 Eclipse 9-Pocket PRO-Binder-Apple Red,B0024I0DBW,Bliss Distribution,12,74427151461,E-15146,£8.58,FALSE,FALSE,41.00%,0.06,0,0,0,0,0,10,0,,Restock
0C-AOG2-B23Z,White Deck Box for Trading Cards,B003TYWR5K,Bliss Distribution,,74427825911,,,FALSE,TRUE,-85.00%,0.55,0,0,0,0,0,0,0,,Drop
9D-PMDG-ALP4,"Ultra Pro 330485 Standard Sleeves, Clear",B005BFZAK4,Bliss Distribution,,74427827120,E-82689,£3.00,FALSE,FALSE,58.00%,1.27,47,0,0,0,0,0,0,2025-04-27,Restock
XB-PLFM-VNLX,"Ultimate Guard UGD010069 Japanese Size Classic Soft Card Sleeves (Pack of 100, Transparent)",B00FAQCE08,Bliss Distribution,1,4260250072189,UGD010069,£0.69,FALSE,TRUE,56.00%,0.01,0,0,0,0,0,0,0,,Restock
8G-7PJ0-25UD,Ultra Pro PLAYMAT and Artwork Tube C20 Card Game,B00FBC54VW,Bliss Distribution,,74427828592,,,TRUE,FALSE,0.00%,0,0,0,0,0,0,0,0,,No Data
EH-ZRT0-U4YM,"Ultra Pro 84516 Standard Pro Matte Card Sleeves 100 Pack, Red",B00WI9YJVW,Bliss Distribution,,74427845162,E-84516,£3.17,FALSE,TRUE,-3.00%,0.32,0,0,0,0,0,0,0,,Drop
BQ-O3OI-FTJU,5 Ultra Pro 130pt Magnetic One Touch Card Holders (5 Total) 81721 - Fits Cards Up To 130 Point in Thickness,B01CKK8CU2,Bliss Distribution,,74427817213,UPR81721,£6.50,FALSE,FALSE,75.00%,0.13,40,0,0,0,0,0,0,,Restock
MU-717K-DELS,"Ultra Pro 3"" x 4"" Clear Regular Top Loaders For Cards With Card Sleeves Bundle Standard Size 100ct Baseball Card Sleeves Trading Card Sleeve Baseball Card Protectors Toploader Card Protectors",B076V4V2QQ,Bliss Distribution,20,74427836481,E-83648,£6.42,FALSE,FALSE,31.00%,5.7,140,0,0,0,0,0,0,2026-04-05,Restock
JE-D4LO-O2JD,"Ultra Pro 85683 Eclipse Pro 100+ Deck Box, Jet Black",B07JXBDGJB,Bliss Distribution,,74427856830,85683,£1.68,FALSE,FALSE,3.00%,0.48,0,0,0,0,3,21,0,2025-09-28,Drop
AI-IG9I-YB5A,WizKids WZK90035 Accessories,B081QV8W38,Bliss Distribution,,634482900352,WZK90035,£7.13,TRUE,FALSE,90.00%,0.01,0,0,0,0,0,0,0,2025-04-27,Restock
7I-GPVA-PDJ6,Dungeons & Dragons Dungeon Mayhem Card Game: Monster Madness,B081SNXGJZ,Bliss Distribution,,630509926275,,,TRUE,FALSE,0.00%,0,0,0,0,0,0,0,0,,No Data
Z7-ZI0R-NWCK,Magic The Gathering The Lord of The Rings: Tales of Middle-Earth Starter Kit | Learn to Play with 2 Ready-to-Play Decks | 2 Codes to Play Online | Ages 13+ | 2 Players,B0BVMYDKYJ,Bliss Distribution,,195166205717,,,TRUE,FALSE,0.00%,0,0,0,0,0,0,0,0,,No Data
M1-UFU0-V1X3,Dragon Shield Sleeves – Dragon Shield Matte: Forest Green 100 CT - MTG Card Sleeves are Smooth & Tough - Compatible with Pokemon & Magic The Gathering Cards,B0C18VY3LL,Bliss Distribution,100,5706569110567,AT-11056,£4.31,FALSE,TRUE,1.00%,1.23,0,0,0,0,0,0,0,,Drop
6P-IWYA-X18B,"Arcane Tinman ART11006 Sleeves: Dragon Shield Matte Gold Standard 100pk-Gold, One Size",B07B8RJDXT,Bliss Distribution,100,5706569110062,AT-11006,£4.48,FALSE,FALSE,23.00%,1.44,100,0,0,0,0,0,0,2025-11-16,Restock
0N-VZG5-JH06,Arcane Tinmen ApS ART15061 Dragon Shield: Matte - Dual Justice (100),B0CJMMYYCJ,Bliss Distribution,100,5706569150617,AT-15061,£5.04,FALSE,TRUE,7.00%,0.65,0,0,0,0,0,0,0,,Restock
E0-9FJI-8AD2,Arcane Tinmen ApS ART15063 Dragon Shield: Matte - Dual Power (Metallic Green),B0CRRPLF9J,Bliss Distribution,100,5706569150631,AT-15063,£5.04,FALSE,TRUE,15.00%,0.3,0,0,0,0,0,0,0,,Restock
7I-1717-OHRW,Dragon Shield Dual Matte Sleeves - Truth (100),B0CJMRL1WT,Bliss Distribution,100,5706569150600,AT-15060,£5.01,FALSE,TRUE,19.00%,0.43,0,0,0,0,0,0,0,2025-09-14,Restock
GA-9DTN-9O1E,"Leder Games Root: The Clockwork Expansion, LED01009",B086763VT8,Bliss Distribution,1,672975032081,LED01009,£18.18,FALSE,TRUE,0.00%,0,0,0,0,0,0,0,0,2026-03-22,No Data
TL-AUNR-5YK0,The Army Painter Anti Shine Matt Varnish for Miniature Painting - Acrylic after Quickshade Protector Spray Varnish for Miniatures,B005WH4C2S,Bliss Distribution,6,5713799300316,CP3003,£6.10,FALSE,TRUE,54.00%,0.09,0,0,0,0,0,0,0,,Restock
6Q-9G2A-IKVV,Marshalltown The Premier Line GB692 12-Inch by 24-Inch Vinyl Grout Bag with Metal Tip,B000PSB13C,Tool Chimp,72,35965078184,MGB692KIT,£7.29,FALSE,FALSE,13.00%,0.42,0,0,0,0,0,22,0,2025-07-13,Restock
JQ-6JZ4-3GJ7,"Daewoo 1-Gang Extension, White, 2 m",B0772XHJN8,Clearance King,,5024996704389,,,FALSE,TRUE,0.00%,0,0,0,0,0,0,0,0,,No Data
GB-RXX5-97UW,24pk Soap Filled Scourer Pads | 2 x 12pk Stain and Grease-Cutting Pad with Soap | Durable and Long Lasting Scourer Pads for Tough Food Stain Cleaning,B07RM3ND3R,Clearance King,,5055566995982,,,FALSE,TRUE,0.00%,0,0,0,0,0,0,0,0,,No Data
N0-JAU8-SI40,"Vaseline Baby Gel for Baby, 100 ml.",B08R1S1YK7,Clearance King,,8901030806605,,,FALSE,TRUE,0.00%,0,0,0,0,0,0,0,0,,No Data
MI-J6KS-0097,Vaseline Soothing Jelly No 3 250Ml Aloe Vera,B08WR9CJKH,Clearance King,,8901030813276,,,FALSE,TRUE,0.00%,0,0,0,0,0,0,0,0,,No Data
PF-7VUQ-LIUC,"PUR 100% Xylitol Chewing Gum, Sugarless Peppermint, Sugar Free + Aspartame Free + Gluten Free, Vegan & Keto Friendly - Healthy, Low Carb, Simply Pure Natural Flavoured Gum, 55 Pieces (Pack of 1)",B00ARABJZS,CLF,1,830028000856,PUR6,,TRUE,FALSE,50.00%,2.14,0,0,0,0,0,0,0,,Restock
6E-GK4T-QBFF,Dungeons & Dragons Baldur's Gate 3 Collectible Soul Coin,B0CND68C7W,Bliss Distribution,1,5060948293822,HAS-DUN52,£5.49,TRUE,FALSE,33.00%,2.98,0,0,0,0,0,0,0,,Restock
16-5NE0-75DT,"Faith In Nature 3 x 100ml Natural Body Wash Travel Gift Set, Vegan & Cruelty Free, No SLS or Parabens",B097F7QHFF,CLF,1,708002800078,FIN178 ,£1.46,TRUE,FALSE,0.00%,0,0,0,0,0,0,0,0,2025-08-17,No Data
6V-EEC1-2S9Z,3 X Everbuild CYN20 20g General Purpose Industrial Superglue,B06WW79DX5,Sika,25,,484651,£2.07,FALSE,FALSE,33.00%,14.12,0,250,250,250,17,223,0,2025-11-09,Restock
7R-DKJR-F0UF,"Wiltshire Staysharp Triple Rivet Paring Knife 9cm, 4"", Kitchen Knife with Built-in Sharpener, Keep Your Knife Sharp at All Times, Slim Design Scabbard, Ergonomic Triple Rivet Handle, 10 Year Guarantee",B08F8MQT1G,Stax,3,9310346414302,9310346414302,£5.87,FALSE,TRUE,15.00%,0.52,0,0,0,0,0,0,0,,Restock
7W-PCZV-CX51,Funko POP! Ad Icons: McDonalds - Birthday Ronald McDonald - McDonald's - Collectable Vinyl Figure - Gift Idea - Official Merchandise - Toys for Kids & Adults - Ad Icons Fans,B0BLRF1Q55,Heo,,889698734158,FK73415,£7.06,TRUE,FALSE,62.00%,0.06,0,0,0,0,0,0,0,,Restock
HI-4CXM-9WVU,Himalaya Botanique Simply Cinnamon Complete Care Toothpaste 150 g,B01CWYES90,CLF,1,605069200264,HIM57,£2.97,FALSE,FALSE,30.00%,0.79,0,0,0,0,0,0,0,2026-04-05,Restock
81-3DY5-BFOR,Funko POP! Star Wars: the Mandalorian - Big Tom - Heavy Infantry Mandalorian - Collectable Vinyl Figure - Gift Idea - Official Merchandise - Toys for Kids & Adults - TV Fans,B07W45L22P,Heo,6,889698455404,FK45540,£7.64,FALSE,FALSE,0.00%,0,12,0,0,0,0,0,0,2026-01-11,No Data
93-TB6X-UKTU,"Piksters Interdental Brushes, Size 00, Pink Handle, 10 Pack",B078K3B7R6,DHB,1,9336628002036,PIK021,£1.69,FALSE,TRUE,-3.00%,1.3,0,0,0,0,0,0,0,2025-06-22,Drop
94-X6R7-SCOW,Funko POP! TV: Witcher - Yennefer - the Witcher - Collectable Vinyl Figure - Gift Idea - Official Merchandise - Toys for Kids & Adults - TV Fans - Model Figure for Collectors and Display,B0B6GD6QF8,Heo,,889698674263,FK67426,£2.82,TRUE,FALSE,21.00%,0.49,0,0,0,0,0,0,0,2025-07-13,Restock
JC-NYJZ-DIWR,RAWGANIC Pure Cleansing Anti-aging Facial Wipes with Pomegranate and Aloe Vera | Gentle Hydrating Biodegradable Makeup Removal Wipes | Organic Cotton Face Wipes | 1 Pack (25 wipes in total),B071ZFGRQB,CLF,,5060169467354,,,FALSE,TRUE,-54.00%,0.79,0,0,0,0,0,0,0,,Drop
90-0G83-3P0X,"Badger Sleep Balm, Softens Skin whilst Soothing the Mind, For a Blissful Nights Sleep Rub on the Temples or Pulse Points, Lavender and Bergamot Scent with Added Essential Oils, 56g",B0054RRCQY,CLF,1,634084135800,BDG11,£7.15,FALSE,TRUE,-2.00%,0.31,0,0,0,0,0,0,0,2025-05-25,Drop
R0-ODDX-WROO,"The Humble Co. Natural Fluoride Toothpaste (1 x75ml) | Fresh Mint | Eco-Friendly, Vegan for your Everyday Oral Care - Dentist Approved - Prevents Bad Breath, Caries, Plaque",B076RY52XG,CLF,,7350075691492,,,TRUE,FALSE,-19.00%,0,0,0,0,0,0,0,0,,No Data
FX-3YH6-IF6A,COLGIN LIQUID SMOKE NATURAL HICKORY FLAVOUR 1 x 118 ml BOTTLE AMERICAN IMPORT,B0005Z8NCM,CLF,,71053000019,,,TRUE,FALSE,0.00%,0,0,0,0,0,0,0,0,,No Data
PZ-X5VL-NVBR,Tiptree Green Gooseberry Conserve 340g,B000I4OEVO,CLF,,43647050014,TIP-05011,£2.76,FALSE,TRUE,15.00%,0.75,0,0,0,0,0,0,0,,Restock
AY-LA00-LUJD,Meridian Barley Malt Extract -- 370g,B002E2SOFA,CLF,,5014213711344,MER-15579050,,FALSE,TRUE,0.00%,0,0,0,0,0,0,0,0,,No Data
K5-QUBI-YTWD,Teapigs Masala Dream Chai Tea Bags Made With Whole Leaves (1 Pack of 15 Tea bags),B0037B0C66,CLF,,5060136750021,TP-03,,FALSE,TRUE,-11.00%,0.04,0,0,0,0,0,0,0,,Drop
3L-LSBT-PRST,"Himalaya Herbals Neem Face Wash Foam with Turmeric Extract. Soap free, SLS, Paraben Free Hypoallergenic Herbal Based Face Wash Foam. DERMATOLOGICALLY TESTED 150 ml",B003OPE57C,CLF,,,HIM30,£2.20,TRUE,TRUE,90.00%,1.16,0,0,0,0,0,0,0,,Restock
PF-9T40-Q7YW,"PUR 100% Xylitol Chewing Gum, Sugarless Spearmint, Sugar Free + Aspartame Free + Gluten Free, Vegan & Keto Friendly - Healthy, Low Carb, Simply Pure Natural Flavoured Gum, 55 Pieces (Pack of 1)",B00ARABK20,CLF,,830028000832,,,TRUE,FALSE,0.00%,0,0,0,0,0,0,0,0,,No Data
PQ-SCCQ-7RCR,"Doves Farm Rice Flour, 1kg",B00EAKEGW4,CLF,,5011766010085,,,FALSE,TRUE,0.00%,0,0,0,0,0,0,0,0,,No Data
YM-HLZL-A3XS,"Doves Farm Rice Flour, 1kg",B00EAKEGW4,CLF,,5011766010085,,,FALSE,TRUE,74.00%,0,0,0,0,0,0,0,0,,No Data
HN-13OB-TAYD,"Mustela Very High Protection SPF 50+ Sun Lotion, 100 ml",B01466BHAK,CLF,,3504105036775,,,FALSE,TRUE,0.00%,0,0,0,0,0,0,0,0,,No Data
RF-3X39-FYXB,"Organic Shop Restoring Body Scrub Chocolate, 250 ml",B01H8QP2II,CLF,,4744183012592,OSP56,,FALSE,TRUE,-38.00%,0,0,0,0,0,0,0,0,,No Data
CQ-GZA7-CZBW,"Himalaya Herbals Purifying Neem Foaming Face Wash ,Soap-free formulation For all skin types -150ml (Pack of 2)",B07BD35HQ9,CLF,,8901138512811,HIM30,£4.40,TRUE,TRUE,0.00%,0,0,0,0,0,0,0,0,,No Data
WN-BBR4-67NP,"ATTITUDE Baby Lotion, EWG Verified Moisturizer, Dermatologically Tested Moisturizing Cream, Vegan, Pear Nectar, 473 mL",B07DQ6SN49,CLF,,Barcode/link,,,TRUE,FALSE,0.00%,0,0,0,0,0,0,0,0,,No Data
7H-7G2P-ONWJ,OceanSaver Anti-Bac Cleaning EcoDrop | Anti-Bacterial Multipurpose Cleaning Spray | Ocean Mist | Eco Friendly Cleaning (1 Pack),B081Q9CFGC,CLF,,5060727260069,OCN6,£0.88,FALSE,FALSE,46.00%,0.13,0,0,0,0,0,0,0,2026-04-05,Restock
6H-ZZN4-I77B,Marcel's Green Soap - Toilet Cleaner Orange & Jasmine - Kill bacteria and leave a fresh scent without bleach - 100% Eco friendly - 100% Vegan - 97% Biodegradable - 750 ML,B084HF25YN,CLF,1,8719189416237,SPC16,£2.00,FALSE,TRUE,-266.00%,0.01,0,0,0,0,0,0,0,,Drop
V7-HT4G-K9QH,"Yuzu Sauce with Natural Ponzu Juices for Umami Dressing & Marinade | Non-GMO & No Added Sugar | Gluten-Free, Nut-Free, Vegan | 200ml x 1 Recycled Glass Bottle | NOJŌ Yuzu Sauce",B095KZCB8B,CLF,,5060622270040,NOJ6,,FALSE,TRUE,0.00%,0,0,0,0,0,0,0,0,,No Data
C1-4N7O-1LWT,"OceanSaver Eco Laundry Detergent Sheets | Non-Bio | Eco-Friendly, Biodegradable & Freshly Scented | Zero-Waste & Removes Tough Stains | Vegan, Plastic & Cruelty-Free | Plant Based Formula (30 Washes)",B0BZJ926BP,CLF,,5060727261790,,,FALSE,TRUE,0.00%,0,0,0,0,0,0,0,0,,No Data
AX-NKNU-29C1,Moo Free Choccy Buttons - Dairy Free Vegan Milk Chocolate (25g x 1 bag),B08M52B4M5,CLF,1,5060235831003,MOO62,£0.61,FALSE,FALSE,11.00%,0.07,0,0,0,0,0,0,0,2026-04-05,Restock
2U-EUMC-7E5P,"Buddha Teas Dandelion Root Tea - Kosher, Caffeine-Free, GMO-Free - 18 Bleach-Free Tea Bags multi 24g : Amazon.co.uk: Grocery",B00DLILCPU,CLF,1,819005010170,BDH8,£4.94,TRUE,FALSE,61.00%,0.66,0,0,0,0,0,0,0,,Restock
9R-YGAK-KTA0,"RAINBOW DUST Pearl Food Colouring, Edible Paint in Pearlescent Colours, Ready to Use, Easy to Apply, Create Cakes & Cupcakes with an Indulgent Shimmer - Light Silver 25ml",B00CWF4J4E,Culpitt,,5060475073515,,,FALSE,TRUE,4.00%,0.85,0,0,0,0,0,0,0,,Drop
A2-T2AC-TW3L,Everbuild Industrial Grade Superglue GP 50 g Pack of 3,B006PFN3BW,Sika,20,,484652,£4.29,FALSE,FALSE,15.00%,12.16,0,0,360,360,4,43,0,2026-01-18,Restock
6L-SDA9-P13J,"RAINBOW DUST Pearl Food Colouring, Edible Paint in Pearlescent Colours, Ready to Use, Easy to Apply, Create Cakes & Cupcakes with an Indulgent Shimmer - Dark Gold 25ml",B00605WJ9O,Culpitt,1,5060475073355,552760,£2.44,FALSE,FALSE,35.00%,0.38,0,0,0,0,0,0,0,2026-04-05,Restock
KG-GAQU-OLI0,"Rainbow Dust Metallic Paint Light Gold, 25 g",B00BDTS1SK,Culpitt,,5060475073478,,,FALSE,TRUE,0.00%,0,0,0,0,0,0,0,0,,No Data
K2-VE7K-V9TU,"Sugarflair Rose Gold Chocolate Paint - Coloured Cocoa Butter for Painting Directly Onto Chocolate, Transfer Sheets or Moulds - 35g",B08FR6S7CD,Culpitt,,634158999604,,,FALSE,TRUE,28.00%,0.03,0,0,0,0,0,0,0,2025-07-13,Restock
B7-9S5E-KOHG,"Darlac Snapper 1000mm Reach Pruner - Lightweight, Razor Sharp & Strong Ideal for Pruning, Deadheading & Collecting Fruit - Right & Left Handed Use - Perfect for Disabled Gardeners & Wheelchair Users",B00284EJ3K,Darlac,,5038210000805,,£18.75,TRUE,FALSE,-1.00%,2.82,0,0,0,0,0,0,0,,Drop
LH-LOUH-H54B,Darlac Compound Action Pruner,B005762690,Darlac,,,,,FALSE,TRUE,0.00%,0,0,0,0,0,0,0,0,,No Data
ET-D23X-A5I2,"Darlac Ergo Gardening Snips – Strong, Lightweight Gardening Scissors Ideal for Houseplants and Flower Arranging – Razor Sharp, Pocket-Sized Pruners - SK5 High Carbon Steel Blade",B0114M1ARE,Darlac,,,,,FALSE,TRUE,0.00%,0,0,0,0,0,0,0,0,,No Data
AF-KIHX-ANYY,"Vitrex 10 2280 Grout Finisher, Blue",B0001P15T4,Stax,10,5011204022809,862225,£0.84,FALSE,FALSE,19.00%,3.47,0,0,0,0,0,0,0,2026-04-05,Restock
BB-JN90-IUUP,Pop Vinyl - Carrie - Carrie 1247,B09QFWDJHP,Heo,6,889698639811,FK63981,£7.64,FALSE,TRUE,0.00%,0,0,0,0,0,0,0,0,,No Data
BM-1O5E-RW8I,Amtech F4010 7mm x 210mm SDS Masonry Drill bit,B07BC5K5W5,DK Tools,1,5032759047840,F4010 ,£0.95,FALSE,TRUE,24.00%,0.27,0,0,0,0,0,0,0,2025-09-28,Restock
BU-H22U-ACK3,Zero In Wasp Trap Bait Refill Sachet – 3-Pack Effective Wasp Attractant,B00VAID1UW,Trilanco,1,5036200123718,VIC0221,£1.99,FALSE,TRUE,26.00%,3.39,0,0,0,0,0,0,0,,Restock
3L-1I88-19GF,"Curaprox interdental Brushes CPS 10 Regular, Refill, 5 Pieces, White, 1.0 mm Diameter, 2.2 mm Effectiveness, Refill Pack, Without Holder",B00SYI2OCW,DHB,1,7612412010008,CUR005,£4.35,TRUE,FALSE,37.00%,5,0,0,0,0,0,0,0,,Restock
CJ-DLBW-HKFS,"Meditrade 1284L Nitrile Examination Glove, Black, Large, Pack of 10",B077745NY9,DHB,,,,,FALSE,TRUE,-26.00%,1.75,0,0,0,0,0,0,0,,Drop
D1-LSS7-93U8,RAWGANIC Pure Cleansing Refreshing Facial Wipes with Aloe Vera and Green Tea | Gentle Soothing Biodegradable Makeup Removal Organic Cotton Wipes | 1 Pack (25 wipes in total),B003SYNGE2,CLF,1,5060169467170,RO-0717,£2.01,FALSE,FALSE,21.00%,0.91,0,0,0,0,0,0,0,2026-04-05,Restock
DT-SPI3-IK34,"StarTech.com 15 ft Thin Toslink Digital Optical SPDIF Audio Cable - 15ft / 15 Feet Optical Audio Cable (THINTOS15),Black",B00BA4IOTY,TD Synnex,1,65030849623,4428167,£3.74,FALSE,TRUE,-62.00%,0.01,0,0,0,0,0,0,0,2025-11-16,Drop
0N-JV0B-5UNV,"Proxysoft Dental Floss for Bridges and Implants 30 Strands - Floss Threaders for Bridges, Dental Implants, Braces with Extra-Thick Proxy Brush for Optimal Oral Hygiene -Teeth Bridge and Implant Cleaners",B009L12MLO,DHB,,858145006421,,,FALSE,TRUE,-6.00%,0.5,0,0,0,0,0,0,0,,Drop
EE-KTDC-KCFY,Crucial USB Adapter USB-C to USB-A CTUSBCFUSBAMAD,B08FSDMVNP,TD Synnex,1,649528903648,6302977,£3.46,FALSE,TRUE,36.00%,2.59,0,0,0,0,0,0,0,2025-10-12,Restock
8G-JH1T-98X4,"Curaprox CS 3960 Toothbrush Super Soft, Pack of 1, Assorted Color",B0083DPLJQ,DHB,,7612412039603,,,FALSE,TRUE,11.00%,1.46,0,0,0,0,0,0,0,,Restock
8T-HE78-3AQ3,"Meditrade Nitril® Black Nitrile Examination Gloves - Powder-Free, Latex-Free, Multi Use Protective Exam Gloves - Size X-Large - Black - 100pcs",B07772WMSM,DHB,,4250016405108,,,FALSE,TRUE,34.00%,0.1,0,0,0,0,0,0,0,2025-05-18,Restock
5Z-6Z0P-9TQQ,Piksters Eco Charcoal 30 Floss Picks - Pack of 1,B08MW8XMNQ,DHB,,9336628005563,PIK077,£1.15,TRUE,FALSE,-29.00%,1.4,0,0,0,0,0,0,0,,Drop
7Y-B7S7-O5OZ,"Oral-B Kids Electric Toothbrush Head, with Disney Characters, Extra Soft Bristles, For Ages 3+, Pack of 2 Toothbrush Heads, Red",B0014RIL1S,DHB,,4210201746249,,£4.12,TRUE,FALSE,0.00%,0,0,0,0,0,0,0,0,,No Data
3K-PWXF-IHKI,"Clinell Universal Cleaning and Disinfectant Spray for Surfaces - 500 ml - White Universal Spray, Kills 99.9% of Germs, Quick and Absorbent, Kind to Skin, NO Bleach",B002ZM4SVI,DHB,,5060130440003,,,TRUE,FALSE,0.00%,0,0,0,0,0,0,0,0,,No Data
PT-CVT8-NV21,"Neutrogena Norwegian Formula Deep Moisture Fast-Absorbing Body Lotion (1x 250ml), Non-Greasy Body Moisturiser for Dry Skin with 10% Glycerine and Pro-Ceramide Technology, Provides 72-Hour Moisturisation",B003BNKNWI,DHB,,3574661017419,,,TRUE,FALSE,0.00%,0,0,0,0,0,0,0,0,,No Data
10-JQEP-V8I7,The Original TUNG Brush - 2 Pack,B00CRGM45O,DHB,,614373180056,,,FALSE,TRUE,-5.00%,0.94,0,0,0,0,0,0,0,,Drop
YD-0TJL-WINU,"Oral-B Stages Power Kids Electric Toothbrush Featuring Frozen Characters, 1 Handle, 1 Brush Head, UK 2 Pin Plug",B017DL5O7M,DHB,,4210201154655,,,TRUE,FALSE,0.00%,0,0,0,0,0,0,0,0,,No Data
VY-FXRV-DEAT,"Meditrade 1284M Nitrile Examination Gloves, Black, Medium",B07774W5SC,DHB,,4250016405085,,£2.06,TRUE,FALSE,0.00%,0,0,0,0,0,0,0,0,,No Data
SA-T4GN-HUNR,"Oral-B Kids Electric Toothbrush, Christmas Gifts For Kids, 1 Toothbrush Head, Battery Powered, Extra Soft Bristles For Gentle Cleaning, For Ages 3+",B07NSZ2DRS,DHB,1,4210201193616,OB292,£2.67,TRUE,FALSE,0.00%,0,0,0,0,0,0,0,0,,No Data
Z4-04O5-E86C,"DenTek 3-in 1 Interdental Cleaners - Features an Interdental Brush, Floss and Pick All in One, 12 Pack",B07Z49M8RS,DHB,,47701000731,,,TRUE,FALSE,0.00%,0,0,0,0,0,0,0,0,,No Data
FY-TQNI-4ZV5,"Oclean Air 2, Sonic Electric Toothbrush, Portable Ultra Quiet Design, Dupont Brush Head Bristles, 2h Quick Charge for 40 Days, IPX7 – Eucalyptus Green",B08RHKZM4N,DHB,,6970810551587,,£18.44,TRUE,FALSE,0.00%,0,0,0,0,0,0,0,0,,No Data
4V-OE5G-EJKM,"Oclean X Pro Elite, Smart Mute Sonic Electric Toothbrush, 4 Modes with Whitening, Quick Charge for 35 Days, IPX7 – Grey",B095X23HDH,DHB,,6970810551815,,£35.51,TRUE,FALSE,0.00%,0,0,0,0,0,0,0,0,,No Data
EV-CHU5-XU3G,The Army Painter | Hobby: Super Glue,B07QQDMJ6M,Bliss Distribution,6,5713799201408,GL2014,£2.46,FALSE,FALSE,43.00%,0.72,0,0,0,0,1,139,0,2025-09-28,Restock
FA-LRV6-YRFW,Funko POP! Vinyl Alien,B00BUY54DI,Heo,6,830395031439,FK3143,£7.68,FALSE,FALSE,-82.00%,0.01,0,0,0,0,0,71,0,2025-09-28,Drop
7U-508Y-MZAQ,"Amtech V4055 P240 Hook and Loop Square Sheets, 10 Piece Set, 110mm x 100mm Sanding Paper, 240 V, Clear, 110 x 100mm",B07BC6P4DX,DK Tools,,5032759048533,V4055,,FALSE,TRUE,0.00%,0,0,0,0,0,0,0,0,,No Data
55-5RSU-1KG1,"Amtech N2376 Thermal Work Gloves Large (Size 9), Certified Quality for Heavy Duty Tasks, Hi-Vis Yellow",B07QRP7V6V,DK Tools,,5032759049455,,,FALSE,TRUE,229.00%,0.22,0,0,0,0,0,0,0,,Restock
FN-ZANK-PHQO,Amtech C3185 2 Piece T-Handle Manhole Key Set,B06X6FDJMF,DK Tools,,5032759046607,C3185,,FALSE,TRUE,0.00%,0,0,0,0,0,0,0,0,,No Data
WR-3V7D-BB7Z,"Amtech V4045 P80 Hook and Loop Square Sheets, 10 Piece Set, 110mm x 100mm Sanding Paper, 240 V",B07BBZZ8RC,DK Tools,1,5032759048519,V4045,£0.98,FALSE,TRUE,-58.00%,0.66,0,0,0,0,0,0,0,2025-11-09,Drop
A1-KSU1-GZMS,"Amtech V4075 P240 Hook and Loop Orbital Sanding Sheets, 10 Piece Set, 115mm Diameter Sanding Paper",B07BC1CMDK,DK Tools,1,5032759048571,P240,,FALSE,FALSE,0.00%,0,0,0,0,0,0,17,0,,No Data
OI-0483-CBVX,Amtech F4023 14mm x 210mm SDS Masonry Drill bit,B07BC5J1WW,DK Tools,1,5032759047970,F4023,£1.39,FALSE,TRUE,39.00%,0.43,0,0,0,0,0,0,0,2025-09-28,Restock
FW-WGL2-H61I,Amtech G4480 7 Piece Paint pad Set,B07JGH6PGK,DK Tools,,5032759049691,G4480,,FALSE,TRUE,0.00%,0,0,0,0,0,0,0,0,,No Data
I5-DDJZ-N4EF,"Amtech N2380 XL (Size 10), Certified Quality Latex Coated Hi Vis Work Gloves, Black/Yellow",B07QLML4ZG,DK Tools,,5032759049424,N2380 ,,FALSE,TRUE,6.00%,0.01,0,0,0,0,0,0,0,2025-09-28,Restock
HT-LVU9-4F5R,"Amtech N2377 Thermal Work Gloves Medium (Size 8), Certified Quality for Heavy Duty Tasks, Hi-Vis Yellow",B07QMMTYFZ,DK Tools,,5032759049462,N2377 ,,FALSE,TRUE,0.00%,0,0,0,0,0,0,0,0,,No Data
94-7TOA-9ZBH,"Amtech N2381 Hi Vis Gloves Large (Size 9), Certified Quality Latex Coated Hi Vis Work Gloves, Black/Yellow",B07QNL4BNM,DK Tools,,5032759049431,N2381 ,,FALSE,TRUE,-213.00%,0.34,0,0,0,0,0,0,0,,Drop
XL-BFPF-CBW4,"Amtech N2352 Rubber Palm Coated Builders Gloves Medium (Size 8), Certified Quality for Heavy Duty Tasks, Yellow/Orange",B07QNL62Z2,DK Tools,,5032759049417,N2352 ,,FALSE,TRUE,240.00%,0,0,0,0,0,0,0,0,2025-09-28,No Data
YB-8YQ7-X1X8,"Amtech N2382 Hi Vis Gloves Medium (Size 8), Certified Quality Latex Coated Hi Vis Work Gloves, Black/Yellow",B07QQTBK5K,DK Tools,,5032759049448,N2382 ,,FALSE,TRUE,33.00%,0.02,0,0,0,0,0,0,0,,Restock
TX-7TYN-NVF4,"Amtech D0929 Ratchet Non-Marking Durable 9-inch Spring Clamp, 75mm Max Jaw Opening, Soft Grip Handle",B0864N9WBR,DK Tools,,5032759050468,,,TRUE,FALSE,0.00%,0,0,0,0,0,0,0,0,,No Data
WI-QO7X-YZOL,"Power Rangers, Dino Fury Ranger Red Electronic Mask Fancy Dress",B08YJ6VDMK,EE Distribution,,5010993860968,,,TRUE,FALSE,0.00%,0,0,0,0,0,0,0,0,,No Data
G0-25T9-9YZS,"Monster High Doll, Abbey Bominable Yeti Fashion Doll with Pet Mammoth and Themed Accessories, HNF64, ‎multicolour",B0BLJSH45T,EE Distribution,,194735139446,,,TRUE,FALSE,0.00%,0,0,0,0,0,0,0,0,,No Data
2I-R2RY-BZ85, Name not found,B08T7DKMD6,Entertainment Trading,,54402730430,,,TRUE,FALSE,0.00%,0,0,0,0,0,0,0,0,,No Data
RR-0TGC-U4IT, Name not found,B08T7F964H,Entertainment Trading,,54402730423,,,TRUE,FALSE,0.00%,0,0,0,0,0,0,0,0,,No Data
1P-BRGG-P0N6,"Worlds Smallest 568 UNO ONE, Multicoloured, único",B07QGGFKYK,Heo,,854941007631,WST568,£4.44,TRUE,FALSE,0.00%,0,0,0,0,0,0,0,0,,No Data
OP-0TPO-SB3I,Funko Pop! and Buddy: Lilo With Pudge - Disney: Lilo & Stitch - Collectable Vinyl Figure - Gift Idea - Official Merchandise - Toys for Kids & Adults - Movies Fans - Model Figure for Collectors,B08MQ1N1CC,Heo,,889698556217,FK55621,£7.64,FALSE,TRUE,19.00%,0.01,0,0,0,0,0,0,0,2025-07-13,Restock
HY-VZF3-EFS3,"Funko Bitty Pop! the Nightmare Before Christmas - Santa Jack 4PK - Santa Jack, Sandy Claws, Vampire Teddy With Duck and A Surprise Mystery Mini Figure - 0.9 Inch (2.2 Cm) Collectable - Gift Idea",B0BS27RGPX,Heo,,889698730228,FK73022,£4.85,TRUE,FALSE,49.00%,0.76,0,0,0,0,0,0,0,,Restock
4C-6VFW-JO2C,AQUARIUS Labyrinth Playing Cards - Labyrinth Themed Deck of Cards for Your Favorite Card Games - Officially Licensed Labyrinth Merchandise & Collectibles,B078Y34P17,Heo,,840391124516,NMR52536,£3.00,TRUE,FALSE,74.00%,0.08,0,0,0,0,0,0,0,,Restock
3V-HQSI-8QRU,Funko POP! TV: Witcher - Geralt - (shield) - the Witcher - Collectable Vinyl Figure - Gift Idea - Official Merchandise - Toys for Kids & Adults - TV Fans - Model Figure for Collectors and Display,B0B6GC25G1,Heo,,889698674249,FK67424,£3.97,TRUE,FALSE,0.00%,0,0,0,0,0,0,0,0,,No Data
KE-WQ91-B6JF,"World's Smallest Toys 503 Worlds Smallest Rubiks Cube small, one size",B0175BSI28,Heo,,859421005145,WST503,£3.68,TRUE,FALSE,22.00%,1.15,0,0,0,0,0,0,0,,Restock
JX-Q0XX-QBZ2,"Cable Guys - Borderlands Psycho Bandit Gaming Accessories Holder & Phone Holder for Most Controller (Xbox, Play Station, Nintendo Switch) & Phone",B087538JGK,Heo,,5060525893902,EXGMER-2927,£8.95,TRUE,FALSE,133.00%,0.5,0,0,0,0,0,0,0,,Restock
SH-RGTH-QQM2,Funko POP! Disney: SitS - Madam Mim - Sword In the Stone - Collectable Vinyl Figure - Gift Idea - Official Merchandise - Toys for Kids & Adults - Movies Fans - Model Figure for Collectors and Display,B08T5WCLF2,Heo,,889698491549,FK49154,£4.99,TRUE,FALSE,52.00%,0.05,0,0,0,0,0,0,0,,Restock
FR-41MF-KWKU,"Saracino Sugarplus - Isomalt Granules for Sugar Decorations with Crystal Clear Effect 0,5 Kg Made in Italy",B01FJOSX3W,Culpitt,,8051277120757,825001,£4.67,FALSE,TRUE,-4.00%,0.52,0,0,0,0,0,0,0,,Drop
MF-FBAW-SRXY,Funko POP! Vinyl: LOTR/Hobbit: Gimli Lord Of the Rings - Collectable Vinyl Figure - Gift Idea - Official Merchandise - Toys for Kids & Adults - Movies Fans - Model Figure for Collectors and Display,B07DFCXCQF,Heo,6,889698332484,FK33248,£7.64,TRUE,FALSE,22.00%,1.97,0,0,0,0,0,0,0,,Restock
ZI-1MA2-8QGC,"AQUARIUS 65370 Lord of The Rings Map 1000 Piece Jigsaw Puzzle, Multi-Colored, One Size",B08M8CQHHV,Heo,,840391148840,NMR65370,£8.48,FALSE,FALSE,13.00%,0.32,36,0,0,0,0,0,0,2026-01-11,Restock
IO-9ZD2-3HDO,Funko Pop! Albums: Queen - Freddie Mercury - Flash Gordon - Music - Collectable Vinyl Figure - Gift Idea - Official Merchandise - Toys for Kids & Adults - Music Fans - Model Figure for Collectors,B09SBGM9Q8,Heo,,889698640367,FK64036,£5.05,TRUE,FALSE,29.00%,0.14,0,0,0,0,0,0,0,,Restock
J2-N9NA-57NA,Yu-Gi-Oh! Dark Hex Sleeves,B07VBB218V,Bliss Distribution,1,4012927741481,DHCS,£1.95,FALSE,TRUE,0.00%,0,0,0,0,0,0,0,0,,No Data
JY-781R-EYHZ,"Ultra Pro-Fit Sleeves Card Cases, Transparent Color, Miscellaneous (82712)",B005HXLH3O,Bliss Distribution,50,,E-82712,£1.29,FALSE,FALSE,178.00%,0.45,100,0,0,0,0,0,0,2025-04-27,Restock
0X-VJWI-4OT8,Funko POP! Movies: Avatar: the Way Of Water - Lo’ak - Collectable Vinyl Figure - Gift Idea - Official Merchandise - Toys for Kids & Adults - Movies Fans - Model Figure for Collectors and Display,B0BWFT5RGN,Heo,,889698730907,FK73090,£4.29,FALSE,TRUE,-7.00%,0.28,0,0,0,0,0,0,0,2025-06-29,Drop
KR-H2ZK-DRS7,ERA Fortress BS 3621 2.5-inch/ 64mm 5 Lever Maximum Security Mortice Sashlock - Chrome Effect,B0074JFW3A,Aldridge Security,,5054040365303,L27660,£11.59,FALSE,TRUE,-6.00%,1.62,0,0,0,0,0,0,0,,Drop
M4-MV10-9TX7,"Tala 40ml Mini Glass Measuring Jug, 10A26012, Transparent",B0B18N781Q,Stax,12,5012904260126,113299,£1.04,FALSE,TRUE,12.00%,0.03,0,0,0,0,0,0,0,,Restock
M5-71MK-T0DL,Arcane Tinmen Dragon Shield Sleeves – Matte: Blood Red 100CT - MTG Card Sleeves are Smooth & Tough - Compatible with Pokemon & Magic The Gathering Card Sleeves (AT-11050),B0B337ZY41,Bliss Distribution,100,5706569110505,AT-11050,£4.32,FALSE,TRUE,-17.00%,0,0,0,0,0,0,0,0,,No Data
M5-EOFN-2WPJ,"The Humble Co. Plant Based Floss Picks | Charcoal | Eco-Friendly, Vegan for Your Everyday Oral Care - Dentist Approved - Removes Plaque and Gives a Fresh Feel (1 x 50p)",B07RBWJ6W8,DHB,1,7350075692741,HUM028,£1.54,TRUE,FALSE,65.00%,2.33,0,0,0,0,0,0,0,,Restock
MF-TPXM-F8AF,"OtterBox Symmetry Folio Case for iPad Pro 11"" (2024), Shockproof, Drop proof, Slim Protective Folio Case, Tested to Military Standard, Purple",B0D3J9C8NN,TD Synnex,1,840304759026,10290415,£18.54,FALSE,TRUE,-128.00%,0.01,0,0,0,0,0,0,0,2025-07-13,Drop
MN-LXY0-1MMT,Funko Pop! Vinyl: Disney: Nightmare Before Christmas: Sally - Disney: the Nightmare Before Christmas - Collectable Vinyl Figure - Gift Idea - Official Merchandise - Toys for Kids & Adults,B07DFB8DKB,Heo,6,889698328371,FK32837,£7.68,FALSE,TRUE,-14.00%,0.67,0,0,0,0,0,0,0,,Drop
NO-N6RP-Y30Q,Dragon Shield - Matte Standard Size Sleeves 100pk - Emerald,B07NJCFPKF,Bliss Distribution,100,5706569110369,AT-11036,£4.48,FALSE,TRUE,2.00%,1.28,0,0,0,0,0,0,0,,Drop
8K-FX05-CCPX,"Jack N' Jill Natural Certified Toothpaste - Baby & Toddler Toothpaste, Fluoride-Free, 40% Xylitol, Sugar-Free, Safe for 6 Months and Up, Makes Tooth Brushing Fun, Organic Banana Flavour, 1 x 50g",B00JLESNIC,Infinity Foods,,9312657008010,,,TRUE,FALSE,0.00%,0,0,0,0,0,0,0,0,,No Data
DK-9CZR-7SUV,Fairtrade Organic Ground Coffee 200g - Medium Roast - Ideal For French Press Cafetiere Filter Drip V60 Aeropress - Shade Grown Bird Friendly Certified - Bird and Wild - Donation to RSPB - Strength 3,B074T1RYDC,Infinity Foods,,700461912842,,,TRUE,FALSE,0.00%,0,0,0,0,0,0,0,0,,No Data
4Y-2V2S-KSTO,"LICKIMAT Buddy Treat Mat , Assorted colors",B072HKRVGB,Jones Wholesale,,,,,FALSE,TRUE,-5.00%,0.32,0,0,0,0,0,0,0,,Drop
CX-SMCH-4DYA,"Kitchen Devils S8602003 Lifestyle Kitchen Knife, Black, 30x8.5x2 cm",B0012B80HG,Jones Wholesale,,5010624437224,1000759,,FALSE,FALSE,0.00%,0,0,0,0,0,0,7,0,2025-06-22,No Data
VF-WENE-0QSF,Metal Screw-In Dog Lead Stake,B001A2XG7G,Jones Wholesale,,,,,FALSE,TRUE,0.00%,0,0,0,0,0,0,0,0,,No Data
10-KNVB-4BRI,"Kitchen Devils S8603000 Control Vegetable Knife, 10 cm, Multi-Colour , Black",B002GZJUQ2,Jones Wholesale,,5010624437408,,,FALSE,TRUE,0.00%,0,0,0,0,0,0,0,0,2025-06-22,No Data
CC-9HJK-1XR3, Name not found,B0BVL9BZYQ,Jones Wholesale,,5059618065609,,,TRUE,FALSE,0.00%,0,0,0,0,0,0,0,0,,No Data
IX-BHAG-7688,Guy Laroche DRAKKAR NOIR Eau De Toilette Spray for Men 30ml (1 Oz) EDT Cologne,B000VXRMBQ,Knights Fragrances,,3360372050827,,,TRUE,FALSE,0.00%,0,0,0,0,0,0,0,0,,No Data
8Y-8UTW-YHVV,"Brut Original Eau De Toilette Spray, 100 ml",B001EKUVT0,Knights Fragrances,,3014230021039,,,TRUE,FALSE,0.00%,0,0,0,0,0,0,0,0,,No Data
IS-RZRJ-JMUQ,"ALYSSA ASHLEY Cologne Spray, 100 ml",B002IDVWB8,Knights Fragrances,,3495080703113,,,TRUE,FALSE,0.00%,0,0,0,0,0,0,0,0,,No Data
4D-KUD8-5IQP,"Alyssa Ashley vanilla Femme/Woman, Eau de Cologne 100 ml",B002IDZNTA,Knights Fragrances,,3495080773116,,,TRUE,FALSE,0.00%,0,0,0,0,0,0,0,0,,No Data
6L-R2ZY-X2E0,"Alyssa Ashley Essence De Patchouli Perfume, 100 ml",B01I9I29CG,Knights Fragrances,,652685683117,,,TRUE,FALSE,0.00%,0,0,0,0,0,0,0,0,,No Data
H4-EFUP-2ASL,True Rose Moisturising Bath & Shower Gel for her,B01JJ2BNPK,Knights Fragrances,,5060322953403,,,TRUE,FALSE,0.00%,0,0,0,0,0,0,0,0,,No Data
QZ-5ZK7-W02G,XPRO All Purpose Super Glue Gel 20g - Industrial Grade (2 Pcs),B07DNFPY6T,Mark Up Wholesale,,5060416996811,,,FALSE,TRUE,60.00%,3,0,0,0,0,0,0,0,,Restock
9H-K7TV-V6NU,"NUK First Choice+ Size 2 Latex Teats, Medium 6-18 months, 2ea",B014G545T6,Murrays Health and Beauty,,4008600208693,,£2.97,TRUE,FALSE,-16.00%,1.04,0,0,0,0,0,0,0,,Drop
OZ-3NKR-VLYG,Good Boy Armitage Latex Space Lobber Toy Junior,B0049A27FS,Trilanco,1,5000239085446,GDB0101,£1.64,TRUE,FALSE,26.00%,1.1,0,0,0,0,0,0,0,2025-06-30,Restock
PI-JTWZ-8YNT,"7th Heaven Pink Rose Clay Hard Drying Mud Face Mask with Shea Butter, Damask Rose and Marula Oil to Cleanse and Hydrate Skin - Ideal for Normal, Combination and Dry Skin",B07DPPBBZP,Murrays Health and Beauty,,83800044023,,,TRUE,FALSE,76.00%,0.23,0,0,0,0,0,0,0,,Restock
UC-D1G4-MTYN,"Nails Inc Thirsty Feet, Super Hydrating Foot Mask, 18 ml ( Pack of 1)",B07CJB6QP5,Murrays Health and Beauty,,843060104819,,,TRUE,FALSE,0.00%,0,0,0,0,0,0,0,0,,No Data
RJ-OVDC-R9JF,"Nails Inc Thirsty Feet, Super Hydrating Foot Mask, 18 ml ( Pack of 1)",B07CJB6QP5,Murrays Health and Beauty,,843060104819,,,TRUE,FALSE,0.00%,0,0,0,0,0,0,0,0,,No Data
HO-7XV5-UD4D,LaModa Bare Essentials Natural Wood-Effect Large Paddle Brush with Rose Gold Detailing for Wet or Dry Hair,B07PGQMYBY,Murrays Health and Beauty,,5018632261589,,,TRUE,FALSE,0.00%,0,0,0,0,0,0,0,0,,No Data
P4-XF7W-GMJA,Eylure Volume & Curl 3.4 Length No.125,B0CD8DY9LF,Murrays Health and Beauty,,619232008755,,£3.21,TRUE,FALSE,26.00%,0.5,0,0,0,0,0,0,0,,Restock
RY-2DTP-16YZ,"Anniversary House Metallic Gold Glitter Candle, Number 70, 70th Birthday Cake Topper, 7 Centimeters, AHC209",B01N273YMX,Party Wholesalers,,5026281921129,,,FALSE,TRUE,134.00%,0.11,0,0,0,0,0,0,0,2025-07-13,Restock
ZJ-9IR6-7M3A,"Procos Dnpx Toy Story 4 Party Table Cover 1CT, 120 x 180 cm",B07RXCFY28,Party Wholesalers,,5201184902325,,,FALSE,TRUE,-7.00%,0.01,0,0,0,0,0,0,0,2025-10-26,Drop
JH-97NP-GJDG,"Unique Party 40290 Gift Bags | Cellophane | Pretty Blossoms | 20 Pcs Floral Multicolor, Multi Color, 1",B007C3KBIY,Party Wholesalers,,11179402908,,,FALSE,TRUE,-17.00%,0.01,0,0,0,0,0,0,0,2025-04-06,Drop
02-7AZG-O0CV,"Anniversary House Colourful Pink Glitter Candle, Number 7, 7th Birthday Cake Topper, 7 Centimeters, AHC80/7",B01N31JDVX,Party Wholesalers,,5026281920528,,,FALSE,TRUE,0.00%,0,0,0,0,0,0,0,0,2026-01-11,No Data
D8-QDS3-LH4T,"Décopatch - Ref PP70AO - PaperPatch Glossy Glue - 70g Tub - Formualted with Varnish, No Pull-In or Crinkle, Child Safe & Food Safe, Suitable for Wood, Metal, Plastic & More.",B005PXT1NE,Peak Dale Products,,3760018740554,,,TRUE,FALSE,0.00%,0,0,0,0,0,0,0,0,,No Data
XN-OHVO-FXL6, Name not found,B076X4QLLB,Pulse Wholesale,,8016887000226,,,TRUE,FALSE,0.00%,0,0,0,0,0,0,0,0,,No Data
VU-YLRN-9V7D,OSRAM Halogen-pin-Base/HALOPIN / G9-Socket/dimmable / 33 Watt - 40 Watt/warmwhite - 2700K / Pack of 2,B00LTMM91G,Rashmian,20,4052899195370,LV195370,£1.32,TRUE,FALSE,17.00%,0.35,0,0,0,0,0,0,0,,Restock
U1-M5BM-8F5W,Groov-e Geneva Rechargeable DAB & FM Digital Radio - Built-In Alarm Clock & Bluetooth Connectivity - LCD Display - USB or Battery Operated - Portable Radio - 80 Preset Stations - Black,B0C9J86XCZ,Rashmian,20,5060108297486,GVDR09BK,£13.00,FALSE,FALSE,0.00%,0,0,0,0,0,2,18,0,2026-01-11,No Data
MW-9K5M-VKW8,Casio Gents 43.00mm Quartz Watch with Black Analogue dial and Black Rubber Strap Strap MRW-200H-1BVES,B0073TTHBY,Rashmian,1,4971850965022,MRW-200H-1BVES,£13.65,FALSE,FALSE,11.00%,11.52,50,0,0,0,0,0,0,2026-04-05,Restock
SU-JM8R-2U82,"Lexibook, Super Mario, Mini Cordless Bedside Lamp and Nightlight, Red, MLT10NI",B09ST7SSLW,Rashmian,12,3380743086316,MLT10NI,£6.95,FALSE,FALSE,0.00%,0,0,0,0,0,2,10,0,2026-01-11,No Data
GW-1ECO-QZA7,Casio Gents 33.00mm Quartz Watch with LCD Digital dial and Silver Metal Bracelet Strap A500WEA-1EF,B00N5SLQ7A,Rashmian,1,4971850050025,A500WEA-1EF,£20.05,FALSE,FALSE,18.00%,2.31,80,0,0,0,0,0,0,2026-04-05,Restock
MY-KL21-NMV5,"LEXIBOOK Paw Patrol - Educational and Bilingual Laptop Spanish/English - Toy for Child Kid 124 Activities, Learn Play Games and Music with Chase Marshall - Red/Blue JC598PAi2,24 x 18 x 3.6 inches",B0913SVFD3,Rashmian,12,3380743088884,JC598PAI2,£18.50,FALSE,FALSE,0.00%,0,4,0,1,1,1,6,0,2026-01-11,No Data
QD-UWUI-6381,Casio Unisex 28.00mm Quartz Watch with LCD Digital dial and Silver Metal Bracelet Strap LA680WEA-7EF,B00DSYVL7Q,Rashmian,1,4971850923930,LA680WEA-7EF,£16.50,FALSE,TRUE,0.00%,0,0,0,0,0,0,0,0,,No Data
QB-I6MR-7F61,"Casio Unisex Adult Quartz Watch, digital Display and Resin Strap F-91WM-3AEF",B0788CGDMC,Rashmian,1,4549526187605,F-91WM-3AEF,£11.60,FALSE,TRUE,9.00%,1.14,0,0,0,0,0,0,0,,Restock
TH-JWYZ-LM0D,"LEXIBOOK Nintendo Digital Alarm Clock - Snooze Function - Super Mario Sound Effects - Children Boys, Blue/Red, T.Unica, T.Única",B087V742Y5,Rashmian,12,3380743085203,RL800NI,£15.50,FALSE,TRUE,8.00%,0.9,0,0,0,0,0,0,0,,Restock
OV-LVEL-DQL6,"Lexibook, Paw Patrol, Mini Cordless Bedside Lamp and Nightlight, Blue, MLT10PA",B08W25WKTN,Rashmian,12,3380743086248,MLT10PA,£6.95,FALSE,TRUE,7.00%,0.5,0,0,0,0,2,2,0,,Restock
GD-B8SW-1PCP,"OM SYSTEM VN-541 PC (Successor Olympus VN-541 PC) Digital Voice Recorder with Omnidirectional Microphone, One-Touch Recording, Noise Cancellation & 4 GB Memory",B0D2Y4NPKZ,Rashmian,1,4545350055455,VN541PC,£28.75,FALSE,TRUE,8.00%,0.26,0,0,0,0,0,0,0,2026-03-22,Restock
J5-IJ6Y-64VG,"Grangers Merino Wash Cleaner -300 ml, Transparent",B00R1FO6PM,Reydon,,799756006540,,,TRUE,FALSE,0.00%,0,0,0,0,0,0,0,0,,No Data
9Q-XGAX-ZGBT,"REVOLUTION Ultra 32 Eyeshadow Palette Flawless Matte, Powder",B00UP5XTPI,Shure Cosmetics,1,5029066052582,,,TRUE,FALSE,0.00%,0,0,0,0,0,0,0,0,,No Data
P5-KMQZ-JK8Y,"BAKUGAN Legends Starter Pack 3-Pack, Gorthion Ultra with Leonidas and Viloch, Collectible Action Figures, Ages 6 and Up",B0B4YLLV8J,ABGee,1,778988446362,231 6066104,£10.00,TRUE,FALSE,52.00%,0.03,0,0,0,0,0,0,0,,Restock
P7-91M2-092T,Crucial RAM 4GB DDR4 2666MHz CL19 Desktop Memory CT4G4DFS8266,B07GMRJTS9,TD Synnex,1,649528785930,5647107,£3.85,TRUE,FALSE,0.00%,0,0,0,0,0,0,0,0,,No Data
BC-6AFY-0M24,Max Factor Lash Revival Strengthening Mascara with Bamboo Extract Shade Black 001,B07V6TVSFL,Shure Cosmetics,,3614227918092,,,FALSE,TRUE,0.00%,0,0,0,0,0,0,0,0,,No Data
QD-2EAL-Z4J5,"NIVEA Q10 Anti-Ageing Bb Cream Cushion Light, 24H Anti-Wrinkle Moisture, 15 g",B08BTN21C4,Shure Cosmetics,,4005900462954,,£1.25,TRUE,FALSE,139.00%,0.58,0,0,0,0,0,0,0,,Restock
R8-VELO-CPUA,Makeup Revolution Shimmers and Matte Nudes Ultra 32 Eyeshadows Flawless Palette,B00U84TQ2Q,Shure Cosmetics,,5029066023698,,,TRUE,FALSE,0.00%,0,0,0,0,0,0,0,0,,No Data
QM-QAGK-D2UQ,"Maldon Crushed Sea Salt Flakes Grinder, 55g",B07RX3FCV7,CLF,1,5011428000232,MAL4,£2.60,FALSE,TRUE,0.00%,0,0,0,0,0,0,0,0,,No Data
RB-82FL-T88J,"Lexibook, Disney, Stitch Nightlight alarm clock, Sounds and Melodies, LCD Backlit screen, Luminous, Snooze, Blue, One size",B0CJ8TNZ67,Rashmian,12,3380743102139,RL800D,£14.50,FALSE,FALSE,0.00%,0,0,0,0,0,1,11,0,2026-01-11,No Data
WO-75W6-980Q,"Max Factor 2000 Calorie Pro Stylist Mascara, Black, 9ml",B0C6YDPSJ7,Shure Cosmetics,,3616304782534,,,FALSE,TRUE,-17.00%,0.06,0,0,0,0,0,0,0,,Drop
YF-KP66-IJY6,Sukin Oil Balancing Mattifying Facial Moisturiser 125ml,B01H10I0P8,Shure Cosmetics,,9327693005305,,,FALSE,TRUE,0.00%,1.26,0,0,0,0,0,0,0,,Drop
1A-S381-J09C,Maybelline The Colossal Volum Express Mascara - # 230 Glam Black For Women 0.31 oz Mascara,B002ZTVMDI,Shure Cosmetics,,41554050899,,,FALSE,TRUE,-40.00%,0.18,0,0,0,0,0,0,0,,Drop
GQ-JASA-966U,Figure Out Men by Saffron Eau de toilette 100ml,B00560RYBC,Shure Cosmetics,,5055339900304,,,TRUE,FALSE,0.00%,0,0,0,0,0,0,0,0,,No Data
3Q-JJ0H-Y8K7,L'Oreal Mega Volume Collagene 24h Black Mascara 9ml,B0077HAQJE,Shure Cosmetics,,3600522066798,,,TRUE,FALSE,0.00%,0,0,0,0,0,0,0,0,,No Data
1C-WYGV-IW8O,Super Greens Detoxifying Clay Masque,B00YPA854Y,Shure Cosmetics,,9327693004414,,,TRUE,FALSE,30.00%,0.86,0,0,0,0,0,0,0,,Restock
2C-S7N4-TU7U,"Revolution Beauty, Ultra Contour Palette, Zeer Gepigmenteerde Contour Kleuren",B0130O3CWA,Shure Cosmetics,,5057566146012,,,TRUE,FALSE,0.00%,0,0,0,0,0,0,0,0,,No Data
EI-2WXL-O395,Makeup RevolutionLondon 32 Eyeshadow MERMAIDS FOREVER,B015ALFA12,Shure Cosmetics,,838623200596,,,TRUE,FALSE,76.00%,0.87,0,0,0,0,0,0,0,,Restock
KP-AMHW-L7J3,"L'Oreal Volume Million Lashes Extra Black, 9ml",B016WOGIDA,Shure Cosmetics,,3600521893500,,,TRUE,FALSE,0.00%,0,0,0,0,0,0,0,0,,No Data
B0-FSK3-1L88,"Max Factor False Lash Effect Voluptuous Volume Mascara, 13.1 ml, Black",B01BI1IFR4,Shure Cosmetics,,4015400857839,,,FALSE,TRUE,0.00%,0,0,0,0,0,0,0,0,,No Data
WR-IXBZ-8DOL,W7 IT'S MAGIC! Make Up Remover Cloth,B01LY5OD9J,Shure Cosmetics,,5060406147179,,,TRUE,FALSE,0.00%,0,0,0,0,0,0,0,0,,No Data
BT-7DBY-VHSC,Original Attar Full Jasmine 100ml Perfume Spray from Ahsan,B072C196NF,Shure Cosmetics,,8901360338074,,,FALSE,TRUE,0.00%,0,0,0,0,0,0,0,0,,No Data
AB-B7ZS-3CGI,"Rimmel London Wonder Wing Eyeliner, Black",B073WYCH2G,Shure Cosmetics,,3614224552152,,,TRUE,FALSE,0.00%,0,0,0,0,0,0,0,0,,No Data
VE-1BJX-JY53,Essie Nail Polish Nail Care Quick-E Drying Drops Fast Drying Quick Dry Nail Varnish Treatment 13.5 ML,B07D9J1CLZ,Shure Cosmetics,,3600531511692,,,TRUE,FALSE,0.00%,0,0,0,0,0,0,0,0,,No Data
AQ-4A75-UZQ4,Max Factor Miracle Prep Lip Scrub,B07G5NY5X6,Shure Cosmetics,,3607346353677,,,TRUE,FALSE,0.00%,0,0,0,0,0,0,0,0,,No Data
4A-DZKT-5L3H,"Olay Mist Ultimate Hydration Essence Calming With Aloe Leaf & Chamomile, 3.3 fl oz",B07GBTZTV5,Shure Cosmetics,,75609197468,,,TRUE,FALSE,0.00%,0,0,0,0,0,0,0,0,,No Data
56-K5VJ-WKGX,"Max Factor Miracle Second Skin Hydrating Foundation, Golden Medium - 30 ml",B081SWNRF9,Shure Cosmetics,,3614229764734,,,TRUE,FALSE,0.00%,0,0,0,0,0,0,0,0,,No Data
RR-A7OX-MCB4,"Max Factor Miracle Second Skin Hydrating Foundation, Neutral Medium, 30 ml (Pack of 1)",B081SWQHGV,Shure Cosmetics,,3614229764857,,,TRUE,FALSE,0.00%,0,0,0,0,0,0,0,0,,No Data
E8-4EWH-VI2G,"Max Factor Miracle Second Skin Hydrating Foundation, Neutral Medium, 30 ml (Pack of 1)",B081SWQHGV,Shure Cosmetics,,3614229764857,,,TRUE,FALSE,0.00%,0,0,0,0,0,0,0,0,,No Data
UE-IIJJ-P6EL,"Max Factor Miracle Second Skin Hydrating Foundation, Light-Medium - 30 ml",B081SWVG5H,Shure Cosmetics,,3614229764840,,,TRUE,FALSE,-16.00%,8,0,0,0,0,0,0,0,,Drop
DW-459L-AFIY,La Roche-Posay Anthelios Invisible Spray SPF30 200ml,B084P2JCSG,Shure Cosmetics,,3337875696821,,,TRUE,FALSE,0.00%,0,0,0,0,0,0,0,0,,No Data
0G-0234-E9NG,Tangle Teezer | The Mini Ultimate Detangler Hairbrush |Gentle on Wet Hair | Two-Tiered Teeth & Comfortable Handle | Ideal for Kids And Travel | Reduces Knots & Breakage | Wisteria Leaf,B08J1X9VVF,Shure Cosmetics,,5060630041311,,,TRUE,FALSE,0.00%,0,0,0,0,0,0,0,0,,No Data
3X-9BNK-4A9V,"Tangle Teezer, The Mini Wet Detangler Hairbrush for Wet and Dry Hair, Perfect for Kids and Traveling, Eliminates Knots and Reduces Breakage, Baby Pink Sparkle",B08J1YMG6V,Shure Cosmetics,,5060630041250,,,FALSE,TRUE,0.00%,0,0,0,0,0,0,0,0,,No Data
ML-L9EE-YFAW,"Rimmel  London, Wonder’Extension  Lash Extension Effect Mascara, 001 Very Black",B0977MGD5X,Shure Cosmetics,,3616300776759,,,FALSE,TRUE,0.00%,0,0,0,0,0,0,0,0,,No Data
RZ-QO7D-HPGQ,Quest Nutrition Quest Bar Protein â€“ 12 x 60 Gr,B0194LKIR0,Tropicana Wholesale,1,888849000227,QUE034,£19.99,FALSE,TRUE,37.00%,0.03,0,0,0,0,0,0,0,,Restock
SU-5LQH-2DVN,"3 PCS EVERBUILD INDUSTRIAL GRADE SUPER GLUE HV HIGH VISCOSITY BONDS PVC, METAL, MDF, ALUMINIUM, CERAMICS, RUBBER ETC. 20G EACH",B07SLLYRSP,Sika,25,,484654,£2.01,FALSE,FALSE,42.00%,0.45,0,0,0,0,0,0,0,2026-04-05,Restock
8G-5YVC-GJ6P,3 X Everbuild CYN20 20g General Purpose Industrial Superglue,B06WW79DX5,Sika,25,,484651,£2.07,TRUE,FALSE,0.00%,0,0,0,0,0,0,0,0,,No Data
9I-A0BY-EW0X,Everbuild Stick2 General Purpose Superglue – Industrial Grade – High Strength – Rapid Setting – Clear – 20g,B0032NGZII,Sika,25,,484651,£0.69,TRUE,FALSE,0.00%,0,0,0,0,0,0,0,0,,No Data
PE-G94Y-4PYO,2 X Everbuild CYN50 Industrial Superglue General Purpose 50 g,B011SEA38A,Sika,20,,484652,£2.86,FALSE,FALSE,10.00%,0.31,0,0,0,0,0,0,0,2026-04-05,Restock
S8-7VIK-3VEL,"LEXIBOOK NS01D, Disney Stitch, Nightlight with Speaker, Colour change, Soft light, Battery operated, Blue",B0CT2BZ864,Rashmian,12,3380743102146,NS01D,£9.95,FALSE,TRUE,3.00%,0.36,0,0,0,0,0,0,0,,Drop
WX-L5UA-UB1Q,"HG Stain Away 7 Rusty Mark Remover, 50 ml",B007R2ICTK,Stax,400,87298406,87298406,£1.84,FALSE,FALSE,40.00%,7.92,802,0,0,0,0,0,0,2025-06-08,Restock
JB-RGB6-LZOJ,Loctite 194088 AA 319 Rear View Mirror/Phone/Radio Aerial Bonder Adhesive Glue,B0001P0DLU,Stax,12,5010266168227,5010266168227,£2.47,FALSE,FALSE,14.00%,0.87,0,0,0,0,0,48,0,,Restock
YV-2E21-62SB,"Liquid Skin Liquid Plaster - Waterproof Liquid Bandage for Small Cuts, Wounds, Cracked Skin - Promotes Faster Natural Healing - No Sting, Non-Burning, Safe for Kids Formula - Pack of 2 x 1g Pipettes",B01JM7KWTK,Stax,,5016318100283,5016318100283,£2.63,TRUE,FALSE,0.00%,0,0,0,0,0,0,0,0,,No Data
RX-E62R-OEMW,Zoflora Multipurpose Concentrated Antibacterial Disinfectant Multi Surface Cleaning Solution Country Garden 120 ml Green,B07S6MXTTJ,Stax,,5011309026917,5011309026917,,FALSE,TRUE,0.00%,0,0,0,0,0,0,0,0,,No Data
7L-OT45-7LYB,"Yale YES-CYLPULL-CH Essentials Rim Cylinder Door Pull, Great for External Doors, for Easy Door Closing, Chrome Finish",B01NBDFDBC,Stax,6,5011802251854,5011802251854,£1.19,FALSE,FALSE,-11.00%,0.67,0,0,13,13,0,17,0,2026-01-11,Drop
SE-GMXY-FA0M,"Anniversary House Metallic Gold Glitter Candle, Number 60, 60th Birthday Cake Topper, 7 Centimeters, AHC208",B01NBZBC2A,Party Wholesale,,5026281921112,,,FALSE,TRUE,-59.00%,1,0,0,0,0,0,0,0,,Drop
MY-85FY-TSON,"Neudorff WeedFree Plus RTU Weed Killer Spray, 750ml – Glyphosate Free Weedkiller Spray, Weed Remover, Animal Fiendly Weed Killer, Eco–Friendly Weed Killer Herbicide, Pet Friendly Weedkiller",B0CKS4H64X,Stax,6,4005240136836,4005240136836,,FALSE,TRUE,52.00%,0,0,0,0,0,0,0,0,,No Data
JV-D1TI-6UF6,Kitchen Devils Lifestyle Peeler Parer Knife 602001,B002HY4YSQ,Stax,5,5010624437200,5010624437200,£3.96,FALSE,TRUE,40.00%,0.92,0,0,0,0,0,0,0,2025-09-14,Restock
TK-E7QE-T40G,Kitchen Devils S8602000 Lifestyle Vegetable Knife,B000FPU2SK,Stax,5,5010624437194,5010624437194,£3.80,FALSE,FALSE,0.00%,0,0,0,0,0,0,17,0,,No Data
EQ-EZL7-FAU3,"Kitchen Devils 602002 Multi Purpose Knife,Black,30.5x8.5x1.9 cm",B000FPYPM4,Stax,5,5010624437217,1000758,£3.96,FALSE,TRUE,-20.00%,0,0,0,0,0,0,0,0,,No Data
S8-3SXM-Y0JF,"Kitchen Devils 1000763 Kitchen Knife, Metal, Black",B0044P0MHS,Stax,,5010624437262,5010624437262,,FALSE,TRUE,16.00%,0.22,0,0,0,0,0,0,0,,Restock
R4-IXFX-2AQQ,"Kitchen Devils 1000775 Lifestyle Tomato Knife , Black , 30.5x8.5x2 cm",B0012B4EXK,Stax,5,5010624437545,5010624437545,£3.96,FALSE,TRUE,2.00%,1.43,0,0,0,0,0,0,0,,Drop
GK-YI4S-C158,"Fackelmann Sieve 15cm⌀, Strainer, Fine Mesh, Stainless Steel, 15x20x32.5cm, Silver",B0009JJZ8A,Stax,6,4008033424400,4008033424400,£2.58,FALSE,FALSE,0.00%,0,0,0,4,4,0,8,0,2025-08-31,No Data
U8-RDSV-JZ7U,"HG Stain Away 7 Rust, Stain Remover for Stubborn Rusty Marks, Erases Stains from Clothes, Tiles, Flagstone, Concrete & Natural Stone Surfaces, Textile Safe – 50ml (426005106)",B000IU3VJ4,Stax,,87298406,87298406,,FALSE,TRUE,0.00%,0,0,0,0,0,0,0,0,,No Data
IB-PMXX-S0AE,Economy Scourer Flat 150x115mm Green (Pack of 10) SP120,B002BWSZS4,Stax,25,5013174036855,5013174036855,£1.13,FALSE,TRUE,22.00%,0.01,0,0,0,0,0,0,0,,Restock
3M-SOO9-5R17,"Masterplug SPTO-MS Splash-Proof Outdoor and Indoor Plug and Socket Cover, 21 x 8.5 cm, Orange",B003DPNQ6Y,Stax,,5015056394459,5015056394459,,FALSE,TRUE,0.00%,0,0,0,0,0,0,0,0,,No Data
K7-L390-M667,Kitchen Devils Control 11cm Multi-Purpose Knife 603002,B003M32C1W,Stax,5,5010624437422,5010624437422,,FALSE,TRUE,0.00%,0,0,0,0,0,0,0,0,,No Data
UR-W905-8D8D,"FITO 2044394 Citrus Plant Drip Feeder, 160 ml (5x32ml), Yellow, 13.5x2.8x18.5 cm",B00B2KJ59Y,Stax,12,5060494310363,5060494310363,£2.78,TRUE,FALSE,52.00%,5.55,0,0,0,0,0,0,0,,Restock
50-U3CD-LWFE,"KitchenCraft 1-Pack Glass Mini Measures, 50 ml, Multi-colour",B00CCTLIQW,Stax,,5028250441898,5028250441898,,FALSE,TRUE,0.00%,0,0,0,0,0,0,0,0,,No Data
8M-LM6B-F2Q5,"Bosch 2608831003 ""SDS Plus-3"" Hammer Drill Bit, 0 V, Grey, 5 x 100 x 160 mm",B00D1V5FPU,Stax,10,6949509209344,6949509209344,£1.57,FALSE,FALSE,-13.00%,0.25,0,0,4,4,0,15,0,2025-11-16,Drop
EA-FZ2V-D7II,"Bosch 2608831019 ""SDS Plus-3"" Hammer Drill Bit, 0 V, Grey, 8 x 100 x 160 mm",B00D1V5NWK,Stax,10,6949509209504,6949509209504,£1.83,FALSE,TRUE,0.00%,0,0,0,0,0,0,0,0,,No Data
4V-19KJ-15J4,SupaTool Nuisance Dust Mask Disposable Cleaning Molded Face Masks Respirator X 20 Masks,B00D2O8936,Stax,,5017193064707,5017193064707,£0.32,FALSE,TRUE,0.00%,0,0,0,0,0,0,0,0,,No Data
T8-R745-DYOV,Command Strips 17006CLR Clear Mini Command Hooks 6 Count,B00OI6HZ0U,Stax,,51141346939,51141346939,,FALSE,TRUE,42.00%,0.03,0,0,0,0,0,0,0,,Restock
F7-3B20-C9TW,"Mason Cash 2001.542 Collection Fine Stoneware Square Roasting Baking and Serving Dish, Ceramic, White, 16 x 16 x 4.5 cm",B00W3RVAG6,Stax,,5010853203508,5010853203508,,TRUE,FALSE,0.00%,0,0,0,0,0,0,0,0,,No Data
9G-57PS-EN16,2 PIN ORANGE RUBBER CONNECTOR 5A IN-LINE GARDEN LAWNMOWER 2PFC10,B01L4P0J64,Stax,10,5015056356044,5015056356044,£1.17,FALSE,TRUE,0.00%,0,0,0,0,0,0,0,0,,No Data
08-3ABG-PL11,"Unika EasyShine Wood and Laminate Floor Cleaner, 500ml",B01N58L3PP,Stax,,5023778070223,5023778070223,£2.98,FALSE,TRUE,19.00%,0.14,0,0,0,0,0,0,0,,Restock
UG-OV2U-0MBJ,Viners Everyday Purity 4 Piece 18/0 Silver Stainless Steel Table Knife Set,B082JBH999,Stax,,5010853265179,5010853265179,,FALSE,TRUE,0.00%,0,0,0,0,0,0,0,0,,No Data
D3-R4XE-XV0R,"Viners Assure Knife Block; Set of 5 Kitchen Knives & Universal Knife Holder; Chef, Santoku, Carving, Utility & Paring Knives, Stainless Steel, ‎0305.217",B08G4Q5KK8,Stax,,5010853268477,5010853268477,£15.29,FALSE,TRUE,0.00%,0,0,0,0,0,0,0,0,2025-04-06,No Data
X6-7E52-0VB3,"Liquid Skin Liquid Plaster - Pack of 4 Pipettes - Waterproof Liquid Bandage for Small Cuts, Wounds, Cracked Skin - Promotes Faster Natural Healing - No Sting, Non-Burning, Safe for Kids Formula",B01JM7KWSG,Stax,36,,356869,£5.26,TRUE,FALSE,7.00%,4.97,0,0,0,0,0,0,0,,Restock
SY-KXX7-PDAL,Dove Hair Therapy Dry Scalp Care sulphate free Conditioner clinically proven dryness relief 400 ml,B08TLHVHLD,Shure Cosmetics,,79400478962,,,TRUE,FALSE,46.00%,0.24,0,0,0,0,0,0,0,,Restock
LW-0BSW-ZD88,"Chef Aid 12 Reusable Thick Plastic Drinking Straws, Suitable for Hot and Cold Drinks, Made from BPA Free Stong and Durable Plastic, Each Pack Contain 4 Blue, 4 Pink and 4 Yellow Straws",B0C3WPYJHL,Stax,12,5012904215164,,£0.70,TRUE,FALSE,17.00%,0.88,0,0,0,0,0,0,0,,Restock
TE-PYY9-E5X8,"THE HUMBLE CO. - Bamboo Interdental Brushes - SIZE 3 - 0,6 mm - Developed by Dentists - Designed In Sweden - Teeth Cleaning - Vegan & Cruelty-free - Eco-Friendly Packaging - 8p",B07TRJPM5R,CLF,1,7350075692895,HBH30,£1.66,FALSE,TRUE,107.00%,1,0,0,0,0,0,0,0,,Restock
TK-2H97-E7UH,"Organic Shop Softening Body Scrub Coffee, 250 ml",B01H8QOWA2,CLF,1,4744183012608,OSP51,£2.25,FALSE,TRUE,17.00%,1.67,0,0,0,0,0,0,0,,Restock
US-AK96-YFSB,"Fackelmann OPAL Hand Grater, Fine Lemon & Lime Zester, Chocolate & Parmesan Grater, Sharp Durable Grating Blade, Stainless Steel, 24x5.5x1.5cm, Silver",B002DPGTF0,Stax,6,4008033404402,714760,£1.25,FALSE,FALSE,0.00%,0,0,0,0,0,0,3,0,2025-09-28,No Data
PH-M7S4-05R5,"OtterBox Symmetry Folio Case for iPad Air 11"" (2024) & iPad Air 10.9"" (2022/2020), Shockproof, Drop proof, Slim Protective Folio Case, Tested to Military Standard, Blue",B0D3JCMSF5,TD Synnex,1,840304759217,10290405,£19.49,FALSE,FALSE,23.00%,0.32,0,0,0,0,0,0,12,2026-03-22,Restock
IB-U5FA-BO2Y,"OtterBox Symmetry Folio Case for iPad Pro 11"" (2024), Shockproof, Drop proof, Slim Protective Folio Case, Tested to Military Standard, Black",B0D3JC45CK,TD Synnex,1,840304759033,77-95257,£19.52,FALSE,TRUE,-15.00%,0.04,0,0,0,0,0,0,0,2025-12-07,Drop
DV-USYD-8WR2,"OtterBox Symmetry Folio Case for iPad Air 11"" (2024) & iPad Air 10.9"" (2022/2020), Shockproof, Drop proof, Slim Protective Folio Case, Tested to Military Standard, Black",B0D3JD4FFD,TD Synnex,1,840304759194,10290403,£20.07,FALSE,FALSE,0.00%,0,4,0,0,0,0,0,0,2025-09-21,No Data
ZU-VG38-OF3L,"OtterBox Symmetry Folio Case for iPad Pro 13"" (2024), Shockproof, Drop proof, Slim Protective Folio Case, Tested to Military Standard, Purple",B0D3JBV3MY,TD Synnex,1,840304759064,10290397,£18.54,FALSE,TRUE,-4.00%,0.99,0,0,0,0,0,0,0,,Drop
1D-E3I8-TUK8,"Epson C13T295000 - WF100W MAINTENANCE BOX,Black",B00O3XUG5E,TD Synnex,1,8715946543727,,,FALSE,TRUE,-45.00%,1.48,0,0,0,0,0,0,0,,Drop
V0-8QPG-0A04,"Makeup Revolution X Roxxsaurus, Highlight & Contour Palette, 8 shades, 20 g",B07WGHTLLL,Shure Cosmetics,,5057566139908,,,TRUE,FALSE,184.00%,0.26,0,0,0,0,0,0,0,,Restock
V5-VWRV-4S7K,"Jack N' Jill Natural Certified Toothpaste - Baby & Toddler Toothpaste, Fluoride-Free, 40% Xylitol, Sugar-Free, Safe for 6 Months and Up, Makes Tooth Brushing Fun, Bubblegum Flavour, 1 x 50g",B082L15JYR,CLF,1,9312657108031,JNJ35,£2.83,FALSE,TRUE,-2.00%,0.55,0,0,0,0,0,0,0,,Drop
8N-DRTH-Z7K0,"PET HEAD Dog Shampoo 300ml, Birthday Sparkle, Cotton Candy Fragrance, Shampoo for Dogs with Sensitive Skin, Dog Birthday Present, Vegan, Hypoallergenic, Natural, Gentle Formula for Puppies",B0CHBQ7M5H,Trilanco,1,886284912136,COA1031,£4.69,FALSE,TRUE,-3.00%,0.71,0,0,0,0,0,0,0,,Drop
JA-LKQX-7YEN,"Westlab - Reviving Epsom Salt - 2kg Resealable Pouch - 100% Natural, Pure & Unscented Mineral Salts - Supports Sleep and Relieves Aching Muscles (Packing may vary).",B003VABZDM,DHB,,5060209110189,,,FALSE,TRUE,-80.00%,0.84,0,0,0,0,0,0,0,,Drop
VF-3T0K-DR5O,"TePe EasyPick Toothpicks, Purple, ISO XL, 36pcs, Plaque Remover, efficient Clean Between The Teeth, Durable Dental Picks for Wide Gaps, Travel case Included",B08KFFY86W,DHB,1,7317400024011,TEP484,£2.05,FALSE,FALSE,21.00%,8.7,0,800,0,0,36,367,0,2025-10-27,Restock
FY-HXC0-DSPO,"Other KONG Handipod Mini Pick Up Bag Refills, clear, 8410",B077C3CWM1,Vital Pet,,5060428498204,,,TRUE,FALSE,0.00%,0,0,0,0,0,0,0,0,,No Data
96-FPCV-82R1,"Morphy Richards Turbosteam Steam Iron, Ceramic Non-stick Soleplate, 170g Steam Boost, 50g Steam Output, 380ml Water Tank, Anti Drip, Anti Scale, Auto Shut-off, 3m Cord, 2800W, Purple/Black, 303140",B092RDCGYC,We Stock Lots,,5011832070012,,,FALSE,TRUE,0.00%,0,0,0,0,0,0,0,0,,No Data
YB-QDA8-VS05,"Morphy Richards Turbosteam Steam Iron, Ceramic Non-stick Soleplate, 170g Steam Boost, 50g Steam Output, 380ml Water Tank, Anti Drip, Anti Scale, Auto Shut-off, 3m Cord, 2800W, Purple/Black, 303140",B092RDCGYC,We Stock Lots,,5011832070012,,,FALSE,TRUE,0.00%,0,0,0,0,0,0,0,0,,No Data
L3-ZQ8U-A7LQ,Sandisk SDCZ50-016G-B35 USB 2.0 Flash Drive 16GB Black/Red,B004I2N5AS,TD Synnex,1,619659000431,2046517,£3.51,FALSE,FALSE,-37.00%,1.63,0,0,0,0,18,0,0,2025-06-01,Drop
YG-H850-FPEW,SanDisk Ultra 32GB Dual USB Flash Drive USB M3.0 up to 130 MB/s,B01LXHKR4T,TD Synnex,1,619659149598,3988458,£5.01,FALSE,FALSE,69.00%,0.11,0,0,0,0,0,0,4,2026-03-22,Restock
X4-FG91-H4MR,"Rimmel London Moisture Renew Lip Liner, Transparent, 1.2 g",B00GB0I86Q,Shure Cosmetics,,3607342501959,,,TRUE,FALSE,0.00%,0,0,0,0,0,0,0,0,,No Data
XH-0LAE-FQO5,"Curaprox CS 1006 Interdental Toothbrush, Assorted Colour. Manual Single Tuft Interdental Brush Ultra-Fine CUREN® Filaments",B00AOES9GE,DHB,1,7612412100600,CUR035X,£2.96,FALSE,FALSE,16.00%,0.28,0,-1,0,0,19,39,0,2026-01-11,Restock
Y5-REMJ-CY7A,Crucial RAM 32GB Kit (2x16GB) DDR5 5600MHz (or 5200MHz or 4800MHz) Desktop Memory CT2K16G56C46U5,B0BLTGP2JX,TD Synnex,1,649528929785,7890808,£58.87,FALSE,TRUE,-4.00%,0.1,0,0,0,0,0,0,0,,Drop
YI-3CHP-LJOZ,"Faith In Nature Natural Coconut & Shea Butter Conditioner Bar, Hydrating, Vegan & Cruelty Free, No SLS or Parabens, For Normal to Dry Hair, 85g",B08RQBFN5B,CLF,,708002306259,FIN159,,TRUE,FALSE,11.00%,1.45,0,0,0,0,0,0,0,,Restock
YP-C2ZB-ES8H,Amtech F5103 6mm x 100mm Masonry Drill bit,B07BC5H5Q6,DK Tools,,5032759048618,,,FALSE,TRUE,42.00%,0.09,0,0,0,0,0,0,0,,Restock
Z3-ORV9-K8XD,"Learning Resources EI-2978 Kanoodle 3D Brain Teaser Puzzle, Travel Game for Adults and Kids Ages 7 8 9 10+, Gift for Boys & Girls, Featuring 200 Challenges, Multicoloured",B000FGECAI,ABGee,1,86002029782,290 EI-2978,£6.56,FALSE,TRUE,-6.00%,0.54,0,0,0,0,0,0,0,2026-01-18,Drop
Z7-26PV-O9LR,Plaque Glo Plaque Disclosing Toothpaste and Torch System (Tropical),B07J9JGZZV,DHB,1,9336628002760,PIK065,£2.41,FALSE,FALSE,5.00%,0.86,0,0,0,0,0,0,0,2026-04-05,Restock
Z7-VYUL-255V,Crucial RAM 4GB DDR4 2400MHz CL17 Laptop Memory CT4G4SFS824A,B019FRDKWI,TD Synnex,1,649528774798,5647144,£3.85,TRUE,FALSE,0.00%,0,0,0,0,0,0,0,0,2025-06-22,No Data
ZA-4RO9-GD8M,"Delia Cosmetics - DARK BROWN Eyebrow & Eyelashes Tint, Innovative Formula, Easy 15 Applications, Full Treatment Kit",B00Q8JQ9NE,Shure Cosmetics,,5901350441985,,,TRUE,FALSE,26.00%,2.11,0,0,0,0,0,0,0,,Restock
ZB-SIAQ-2V7L,"HIGH5 Energy Gel Aqua - Quick Release Sports Gels to Power Muscles for Top Performance - Natural Fruit Juice & No Caffeine - On The Go Energy Boost for Running, Cycling and Endurance (Berry, 20 x 66g)",B07CP2QCYL,Tropicana,1,5027492003154,HIG029,,TRUE,FALSE,13.00%,5.1,0,0,0,0,0,0,0,,Restock
1S-ZFUI-RE1A,Everbuild Stick2 General Purpose Superglue – Industrial Grade – High Strength – Rapid Setting – Clear – 20g,B0032NGZII,Sika,25,,484651,£0.69,FALSE,TRUE,0.00%,0,0,0,0,0,0,0,0,,No Data
HL-B4VJ-L8FP,Teapigs Limited Edition Winter Glühwein Herbal Tea Made With Whole Fruits and Spices (1 Pack of 10 Tea Bags) Naturally Caffeine Free | Herbal Tea | Christmas Limited Edition,B0813VNJF8,CLF,1,5060136752391,TP77,£3.36,FALSE,TRUE,36.00%,1.75,0,0,0,0,0,0,0,,Restock
0W-VJRK-9VCG,Character Options Ben And Holly's Little Kingdom 18cm Talking Holly Soft Plush Toy 05288,B00M9UFVGM,ABGee,9,,674 05288,£6.20,FALSE,TRUE,0.00%,0,0,0,0,0,0,0,0,,No Data
QW-9XV0-Q3EH,"Ultimate Guard - Katana Sleeves - Red (100) [Standard Size, 66 x 91mm]",B00J5H1E9K,Bliss Distribution,1,4260250073780,UGD010109,£6.05,FALSE,FALSE,12.00%,1.51,64,0,0,0,0,0,0,,Restock
E8-MXNZ-4UKU,Ceplac Dental Disclosing Tablets 12,B001E1E9AG,DHB,1,5035559015620,EN025X,£1.26,FALSE,TRUE,22.00%,2.36,0,0,0,0,0,0,0,,Restock
EL-1QQR-J77R,"Oral-B Ortho Care Essentials Electric Toothbrush Head, 1 Interspace Brush and 2 Ortho Brush Heads for Teeth with Braces, Pack of 3, White",B003U9V7QO,DHB,1,4210201849735,OB279,£6.59,TRUE,FALSE,0.00%,0,0,0,0,0,0,0,0,,No Data
SR-JF1N-II8S,OrthoSpace - Orthodontic Braces Toothbrush V-Trim (Blue),B094D24L5J,DHB,1,5060104910075,ORT012,£1.08,TRUE,FALSE,40.00%,0.08,0,0,0,0,0,0,0,2025-05-04,Restock
MR-727N-ZG8K,Piksters Bamboo Interdental Brush - Size 00 Pink 0.60mm - 8 Brushes Per Pack,B07T2PV79R,DHB,1,9336628004016,PIK200,£1.90,FALSE,TRUE,29.00%,0.03,0,0,0,0,0,0,0,2025-08-31,Restock
AQ-QMA9-SLHK,"Sure Maximum Protection Clean Scent 96h protection deodorant Anti-perspirant Cream Stick for Men, 3x stronger* sweat protection 45 ml (Pack of 3)",B00OQ3KBZG,DHB,1,8717644474945,PRO035,£1.37,TRUE,FALSE,0.00%,0,0,0,0,0,0,0,0,,No Data
DC-K5WH-R7F5,TEPE INTERDENTAL Travel CASE,B0073FT7FY,DHB,1,7317400004457,TEP068SP,£0.63,FALSE,FALSE,12.00%,1.44,0,0,0,0,3,44,0,2026-04-05,Restock
C5-V0VF-ZQAV,"TePe Good Compact Toothbrush, Soft, Assorted Colours, 1pc, Soft Toothbrush for Adults, Sustainable Toothbrush",B0853KGR7X,DHB,1,7317400020594,TEP084,£1.17,FALSE,TRUE,178.00%,0.03,0,0,0,0,0,0,0,2025-04-27,Restock
03-7TNF-U2A1,Wisdom Clean Between Pro Interdental Brushes Large Purple,B08C34199M,DHB,1,5028763013148,WIS112,£1.40,FALSE,TRUE,19.00%,2.98,0,0,0,0,0,0,0,2025-04-27,Restock
VZ-MTBC-3AJ6,"Vaseline Intensive Care Advanced Repair Hand Cream, fragrance free, 75ml",B001RYSHFS,DHB,1,8712561480307,PRO048,£1.11,TRUE,FALSE,0.00%,0,0,0,0,0,0,0,0,,No Data
N4-5C3G-RJS1,Draper 79579 230mm Spirit Level,B000MQ663C,Stax,1,5010559795796,124720,£3.23,FALSE,TRUE,-13.00%,0,0,0,0,0,0,0,0,2025-09-14,No Data
D9-42IB-HEVC,"Zyliss E920250 Comfort Spreading Knife, Japanese Stainless Steel, Black/White, Butter Knife/Butter Spreader/Cheese Spreader, Dishwasher Safe",B088HZB5S3,Stax,6,5011268840357,121782,£3.34,TRUE,FALSE,0.00%,0,0,0,0,0,0,0,0,2025-06-08,No Data
LX-K206-ENZX,The Big Cheese Ultra Power Anti Rodent Laquer - 500ml Dual Action Aerosol,B0CGVDXC9C,Stax,6,5036200124029,118744,£3.92,TRUE,FALSE,0.00%,0,0,0,0,0,0,0,0,,No Data
X1-68KO-184Y,"WAGNER Control Pro Nozzle Extension for high Walls, Ceilings and Floors, accessory for WAGNER paint spraying systems ControlPro, 60 cm",B07P29MP2G,Stax,1,4004025087646,102272,£46.00,TRUE,FALSE,0.00%,0,0,0,0,0,0,0,0,2025-06-08,No Data
5M-QO6K-LNH0,"Easycook NS613R Easy Cook Polly Carbonate Non-Staining Microwave Sauce Pan and Lid, Red",B00ANP09LM,Stax,12,5060064096130,312496,£2.36,FALSE,TRUE,-8.00%,0.36,0,0,0,0,0,0,0,2025-05-11,Drop
8L-INBX-OUTU,"Easy Cook NS606R Microwave Egg Poacher, red, 2 cup",B016Y8SWZQ,Stax,12,5060064096062,312497,£2.43,FALSE,FALSE,51.00%,0.33,0,0,9,9,0,13,0,2026-01-11,Restock
6Z-8POQ-K5XH,Easycook Microwave Saucepan with Lid 0.9lt RED,B00ANOXX9I,Stax,12,5060064096161,312494,£2.85,FALSE,TRUE,5.00%,0.92,0,0,0,0,0,0,0,2025-06-22,Restock
D2-8SPY-Q095,"Fackelmann OPAL Skimmer, Straining Spoon, Frying Strainer, Fine Mesh, Medium Spider Ladle Stainless Steel, 37.5x12x5.5cm, Silver",B0052VXJGO,Stax,4,4008033406741,312457,£2.42,FALSE,TRUE,9.00%,0.01,0,0,0,0,0,0,0,2026-01-11,Restock
NX-YY01-TLFO,"Masterplug ELS132B-01 Permaplug Two Socket Trailing Socket, without Plug and Cable, 13 Amp, Black",B004TRSSIQ,Stax,5,5015056355924,782519,£1.61,FALSE,TRUE,-139.00%,0.29,0,0,0,0,0,0,0,,Drop
3A-T942-KVZH,"Eveready ER2D16W2P 16W 2 PIN Energy Saver 2D LAMP, 16 W, Warm",B002KGLYLG,Stax,10,5050028006107,568080,£1.61,TRUE,FALSE,0.00%,0,0,0,0,0,0,0,0,,No Data
7C-7V6B-QQZL,Kitchen Devils Control 7cm Paring Knife 603001,B003M36498,Stax,5,5010624437415,407720,£4.99,FALSE,TRUE,3.00%,0.03,0,0,0,0,0,0,0,2025-05-04,Drop
G9-GAEI-FQI3,Town & Country TGL200M Master Gardener Green Ladies Gloves Medium,B0001IWI10,Stax,6,5020358012000,757126,£3.30,FALSE,TRUE,0.00%,0,0,0,0,0,0,0,0,,No Data
RW-AZK6-O4M2,"Chef Aid Cocktail Sticks, Pack of 200 Stick perfect for Buffets and Cocktails use, The Skewer design helps hold sweet and savoury foods, Each cocktails stick measures 8 cm",B00F4LA0K0,Stax,12,5012904611201,417440,£0.52,FALSE,TRUE,64.00%,3.14,0,0,0,0,0,0,0,2025-07-13,Restock
HS-R5IP-7E1C,SupaDec Sugar Soap 500ml,B00LXM3PGK,Stax,6,5017193008565,590856,£0.99,FALSE,FALSE,0.00%,0,0,0,0,0,0,2,0,2025-05-25,No Data
TA-HQMF-9SUB,Ravenhead 0041.625 Entertain Set of 2 Highly Transparent 29.5 cl Margarita Glasses,B074JHRC6J,Stax,6,5010853250694,366045,£2.79,FALSE,TRUE,-14.00%,0.89,0,0,0,0,0,0,0,2025-04-27,Drop
3C-5W5L-CT0T,Yu-Gi-Oh! Speed Duel: Streets of Battle City,B0BZQCZYN7,Bliss Distribution,1,4012927169490,SBC1,£13.40,FALSE,TRUE,0.00%,0,0,0,0,0,0,0,0,,No Data
Y0-Q6YF-SIEG,YU-GI-OH! Quarter Century Bonanza Display (24),B0D9KZGL4H,Bliss Distribution,12,4012927188125,QUBO,£63.25,TRUE,FALSE,16.00%,0.99,0,0,0,0,0,0,0,,Restock
YO-EKK2-FRCC,"SPLAT Biocalcium Toothpaste, 100 ml",B00BWU7MNU,CLF,1,7640168930059,SPLT28,£2.38,FALSE,FALSE,9.00%,0.22,0,0,0,0,0,4,0,2026-04-05,Restock
LR-Q5V9-S4GK,"ATTITUDE Plastic-free Lip Balm, EWG Verified Plant- and Mineral-Based Ingredients, Vegan, Coconut, 8.5 g",B09P244SML,CLF,1,626232119817,ATE72,£2.50,FALSE,TRUE,1.00%,0.49,0,0,0,0,0,0,0,2025-06-22,Drop
D3-QTSY-BCV5,"ATTITUDE Plastic-free Lip Balm, EWG Verified Plant- and Mineral-Based Ingredients, Vegan, Unscented, 8.5 g",B09P24SGN5,CLF,1,626232119800,ATE71,£2.50,FALSE,TRUE,5.00%,0.02,0,0,0,0,0,0,0,,Restock
RS-NSGK-AN7M,"ATTITUDE Plastic-free Lip Balm, EWG Verified Plant- and Mineral-Based Ingredients, Vegan, Unscented, 8.5 g",B09P24GP9M,CLF,1,626232119848,ATE74,£2.50,FALSE,TRUE,3.00%,0.24,0,0,0,0,0,0,0,2025-08-10,Drop
FY-L1AO-4YOT,"OtterBox React Folio Case for iPad Pro 13"" M4 (2024), Shockproof, Drop proof, Ultra-Slim Protective Folio Case, Tested to Military Standard, Black",B0DHDCNX48,TD Synnex,1,840304760398,77-95360,£13.34,TRUE,FALSE,0.00%,0,0,0,0,0,0,0,0,2026-01-18,No Data
ZP-F5C8-7ZCG,"Tapo Smart Bulb, Smart Wi-Fi LED Light, B22, 8.7W, Energy saving, Works with Amazon Alexa and Google Home, Dimmable Soft Warm White, No Hub Required - Tapo L510B(4-pack) [Energy Class F]",B0B7TMCPK1,TD Synnex,1,4897098681251,TAPO L510B(4-PACK),£27.75,TRUE,FALSE,0.00%,0,0,0,0,0,0,0,0,,No Data
KJ-T17P-5CVS,"Mayfair Pagan Perfume for Women Perfume, 3 ml",B001BB2474,Knights Fragrances,1,5038633042116,PAG93,£15.61,TRUE,FALSE,0.00%,0,0,0,0,0,0,0,0,,No Data
UR-Q7TM-1F3I,Funko Pop! Movies: Bride Of Chucky - Tiffany Valentine-Ray - 1/6 Odds for Rare Chase Variant - Collectable Vinyl Figure - Gift Idea - Official Merchandise - Toys for Kids & Adults - Horror Fans,B072YZPBJ3,ABGee,1,889698201179,985 20117,£7.59,FALSE,FALSE,0.00%,0,0,0,0,0,0,0,0,2026-04-05,No Data
CA-JM6T-ZXP6,"Squish-a-longs by Original Squishmallows 25 Pack - Series 1 - (25) 1” Mini-Squish with 5 Accessories, Ring, and Collector’s Guide - Collect, Trade, & Play",B0CMY2G83J,ABGee,1,191726755289,888 SQAL0033,£14.58,TRUE,FALSE,32.00%,0.44,0,0,0,0,0,0,0,2025-07-13,Restock
H6-E7MP-EBPD,"BRIO 33344 Mechanical Switches Wooden Train Track for Kids Age 3 Years Up - Compatible with all BRIO Railway Sets & Accessories, Multicoloured",B00000IU72,ABGee,1,7312350333442,542 33344,£8.45,FALSE,FALSE,10.00%,0.05,0,0,0,0,0,18,0,2025-07-06,Restock
IZ-8NZ9-VXR2,"Baby Annabell Lunch Time Trickbottle, Pink",B08XLT86GL,ABGee,8,4001167706404,515 706404,£3.80,FALSE,FALSE,22.00%,1.51,48,0,0,0,0,0,0,2026-04-05,Restock
Approval-1,Star Wars The Black Series Wim (At Attin) Skeleton Crew 15-cm Action Figure,B0CSH5XK1L,ABGee,8,5010996274915,285 F9988,,TRUE,FALSE,0.00%,0,0,0,0,0,0,0,0,2025-06-08,No Data
L7-ZGYU-IWOW,"NUK First Choice+ Baby Bottle Teat, 0-6 Months, Latex with Medium Feed Hole, Anti-Colic, 2 Count",B0013NFOS6,Murrays Health and Beauty,,4008600208709,NK701236SP,£2.97,TRUE,FALSE,0.00%,0,0,0,0,0,0,0,0,,No Data
XN-OF53-7WRU,Marvis Amarelli Licorice Toothpaste - 25 ml,B0084CNKAI,Murrays Health and Beauty,,8004395111343,MT411134,£2.41,TRUE,FALSE,23.00%,0.86,0,0,0,0,0,0,0,,Restock
3E-62Y1-WPYU,ECO CHIC Lightweight Foldable Reusable Shopping Bag Water Resistant Tote Bag,B0DN6KL887,Jones Wholesale,,5061017932987,505534,£2.96,FALSE,FALSE,0.00%,0,0,0,0,0,0,0,0,2026-04-05,No Data
YJ-WD59-WWA2,"Addis 513881 Essentials Wooden Outdoor Complete Broom with Metal Handle, Natural/ Black, 27.5 cm",B071X4RKYL,Jones Wholesale,,5010303144863,456390,£3.05,FALSE,TRUE,-345.00%,0,0,0,0,0,0,0,0,2025-11-09,No Data
XX-ISP6-LTOY,"Ravenhead Entertain Glass Espresso Cup and Saucer, Set of 2, 8cl",B00J4S83HQ,Jones Wholesale,,5010853201047,449066,£2.33,TRUE,FALSE,41.00%,0.08,0,0,0,0,0,0,0,2025-06-22,Restock
QP-BCUW-E90M,"Thermos Stainless King Red Travel Mug (470ml), Reusable Insulated Stainless Steel Coffee Cup for Hot or Cold Drinks, Vacuum Sealed Water Flask with a Leak-Proof Lid, 7hr Hot/18hr",B00O5NEUAY,Jones Wholesale,,5010576018137,446271,£13.76,FALSE,FALSE,14.00%,0.24,0,0,0,0,0,0,0,2026-04-05,Restock
2G-AYBQ-TUQG,"Zyliss E46145 Strongboy 2 Jar Opener, Plastic/Metal, White, Adjustable Grip to Open Opens Jar/Bottle Lids/Caps",B002KFZKZ8,Jones Wholesale,,5011268911323,416645,£8.27,FALSE,FALSE,0.00%,0,0,0,0,0,0,4,0,2025-11-09,No Data
8R-0UT9-SEOY,"Lock & Lock HPL836 Rectangular Storage Container - Clear/Blue, 5.5 L",B0000AN4CV,Jones Wholesale,,8803733183680,229237,£6.56,FALSE,TRUE,19.00%,2.16,0,0,0,0,0,0,0,,Restock
8U-QPFH-3EKQ,"Curaprox PerioPlus+ Focus Gel, 10ml - Oral Gel for Gum Disease Treatment & Enamel Repair.",B07T9WVBZ2,DHB,1,7612412426625,CUR204,£2.93,FALSE,FALSE,10.00%,0.05,0,0,0,0,0,9,0,2026-01-11,Restock
7C-MBEY-QA37,Ultimate Guard Katana Inner Sleeves Standard Size Transparent (100),B0BHCWWGKS,Heo,,4056133025041,UGD011356,£2.62,FALSE,TRUE,0.00%,0,0,0,0,0,0,0,0,2025-09-21,No Data
WJ-YHKC-EES5,Harry Potter - Tattoos (Temporary) - Set of 35 Styles - Official - Cinereplicas,B07CN7NRF7,Heo,,4895205601659,HPE560165,£2.09,FALSE,FALSE,162.00%,0.14,0,0,0,0,0,29,0,2025-09-21,Restock
5H-EJ59-AZPA,"TEPE ANGLE YELLOW BLISTER, 6 pc",B004ZMXOMA,DHB,,7317400011592,TEP418SP,£2.03,TRUE,FALSE,0.00%,0,0,0,0,0,0,0,0,2025-08-31,No Data
DD-94AN-QL9L,4 Pack - TUNG Brush - Tongue Cleaner,B00VQTO21M,DHB,,614373180018,MIR018,£8.33,FALSE,TRUE,52.00%,0.08,0,0,0,0,0,0,0,2025-08-31,Restock
XJ-2FN3-M9FH,"Curaprox Be You Watermelon Toothpaste Pink 60ml - Gentle Everyday Whitening Toothpaste - SLS Free, Microplastic Free, Triclosan Free, Fluoride Toothpaste",B099FBD93Y,DHB,,7612412429497,CUR164,£6.99,TRUE,FALSE,12.00%,0.01,0,0,0,0,0,0,0,2025-07-13,Restock
0N-X5KF-213D,"Curaprox Children's Toothpaste Watermelon, 60ml - Fresh & Fruity Watermelon Flavoured Toothpaste for Kids 6 Years +., Clear",B09M3RB8R1,DHB,,7612412429480,CUR144,£3.60,FALSE,TRUE,13.00%,0.03,0,0,0,0,0,0,0,2025-08-31,Restock
GY-FO04-RDYL,"Curaprox Children's Toothpaste CS Kids Strawberry, 60ml - Strawberry Toothpaste for Kids 2 + Years with 950 ppm Fluoride - SLS Free, Microplastic Free & Triclosan Free Kids Toothpaste., Clear",B09M3PQRBG,DHB,,7612412429473,CUR143,£3.60,FALSE,TRUE,0.00%,0,0,0,0,0,0,0,0,2025-05-04,No Data
HL-03ZR-QPHH,"Curaprox Children's Toothpaste CS Kids Strawberry, Zero Fluoride, 60ml - Fluoride Free Strawberry Toothpaste for Kids 2 + Years - SLS Free, Microplastic Free & Triclosan Free Kids Toothpaste., Clear",B09M3PFZC8,DHB,,7612412429466,CUR142,£3.60,FALSE,FALSE,0.00%,0,0,0,0,0,0,0,10,2025-08-31,No Data
NN-TSZ1-X2RD,Curaprox CS 12460 Velvet Ultra-Soft Toothbrush; Extra Soft bristles for Sensitive Gums,B093FQYQJH,DHB,,7612412428964,CUR141,£3.49,FALSE,FALSE,0.00%,0,0,0,0,0,8,193,0,2025-12-07,No Data
XE-YPAI-HX9F,"Curaprox CPS 07 Prime Start Interdental Brush Kit, Red - 5 x 0.7mm - 2.5mm Interdental Brushes + 2 Interdental Toothbrush Holders",B086ZD7MG6,DHB,,7612412427707,CUR120,£4.79,FALSE,FALSE,10.00%,2.2,0,0,0,0,3,17,0,2026-04-05,Restock
QS-V8XL-25CO,Beurer WL50 Wake Up Light | Daylight Table Lamp | Helps to Support The Sleep Rhythm | LED Technology | FM Radio with 10 Memory Spaces | Bluetooth & Aux Input | 3 Light Levels,B0BWNDYLL2,Stax,,4211125589196,119408,£36.40,TRUE,FALSE,0.00%,0,0,0,0,0,0,0,0,2025-04-06,No Data
SE-IQQJ-EOU3,"BG Electrical Intelligent Single Wall Dimmer Switch, 2 Way, Screwless Front Plate, Premium Flatplate, Brushed Steel, 200W, FBS81",B004R1ZS64,Stax,,5050765006545,343398,£10.38,FALSE,TRUE,3.00%,0.15,0,0,0,0,0,0,0,2025-07-13,Drop
L3-OHWF-OL4P,FRSH Scents FR9170 Black Cherry x2 Mini Vent Clip Deluxe Diffuser Air Freshener - Lifespan of Upto 90 Days - Ideal for any Sized Car Vent,B07J2WCXGN,Stax,,5037409099170,300641,£1.54,TRUE,FALSE,0.00%,0,0,0,0,0,0,0,0,2025-06-08,No Data
VA-7T3X-R64D,"FRSH Scents FR9187 New Car x2 Mini Vent Clip Deluxe Diffuser Air Freshener - Lifespan of Upto 90 Days - Ideal for Any Sized Car Vent, Silver",B07J2VFYWB,Stax,,5037409099187,300653,£1.56,TRUE,FALSE,0.00%,0,0,0,0,0,0,0,0,2025-06-08,No Data
D8-VDSF-LENN,"Unika ColorSealant CS4218-AZ Acrylic Gap Filler and Sealant, Grey, 0.57 kg",B00P82UZ6Y,Stax,,5023778042183,367853,£2.78,TRUE,FALSE,0.00%,0,0,0,0,0,0,0,0,,No Data
Y3-RYVT-A6Y8,"The Big Cheese Prickle Strip Dog Stopper – 2 m x 28 cm wide, durable Grow-thru Deterrent Protects Plants and Bulbs and Prevents Cats, Dogs, and Wildlife from Digging the Garden and Plant Pots",B008ID91XI,Stax,,5036200126283,358690,£2.85,TRUE,FALSE,0.00%,0,0,0,0,0,0,0,0,2025-04-06,No Data
UR-UAT8-4JSI,Ravenhead Essentials Vinegar Pot,B00LDLBG3A,Stax,,5010853208114,334657,£0.83,FALSE,TRUE,0.00%,0,0,0,0,0,0,0,0,2025-07-13,No Data
9X-HL62-83C7,"Tala 61A09744 Cake Leveller, Aluminium, Pink",B00BEUFYE2,Stax,,5012904097449,319880,£1.99,FALSE,FALSE,0.00%,0,0,0,0,0,0,5,0,,No Data
X7-MY4W-H2I4,ProDec Combination Shavehook for Removing Paint and Varnish From Flat and Irregular Surfaces,B00S9IXBVU,Stax,,5019200008834,319378,£2.28,FALSE,FALSE,0.00%,0,0,0,0,0,0,1,0,2025-09-28,No Data
VL-48KZ-J3F2,"Masterplug Heavy Duty Single Socket Trailing Socket, Without Plug and Cable, White",B07L8N2TC1,Stax,,5015056351704,424668,£1.19,FALSE,FALSE,0.00%,0,0,0,20,20,0,30,0,2026-01-11,No Data
XY-UM2X-TPS3,"Minky Reflector Ironing Board Cover, Metallic, Multicolor, 125 x 45 cm",B003VTZAM0,Stax,,5010353050176,889142,£2.56,FALSE,TRUE,0.00%,0,0,0,0,0,0,36,0,2025-04-27,No Data
A7-868U-HTPI,"Value plus AP120 Value Plus 3 PCE Sauce pan Set with Glass Lids, Multi-Colour, 16, 18, 20cm",B003DZUDYC,Stax,,5015826001204,786757,£9.32,FALSE,TRUE,63.00%,0.01,0,0,0,0,0,0,0,,Restock
T8-6UWL-I3E1,"Solvite SLVTHRIFT Wallpaper & Border Paste, Set of 1",B001OXH0X2,Stax,,5010305104278,368831,£1.48,FALSE,TRUE,-71.00%,0.25,0,0,0,0,0,0,0,,Drop
ZU-RET1-5CSU,Sensitive Night Cream,B01JH0N5SC,Shure Cosmetics,,9327693003769,SCS22441,£3.95,TRUE,FALSE,23.00%,0.46,0,0,0,0,0,0,0,,Restock
62-2H0B-RRR3,Sukin Cleansing Hand Wash 500 ml,B07VZ14N9Q,Shure Cosmetics,,9327693008412,SCS21275,£2.50,TRUE,FALSE,60.00%,0.39,0,0,0,0,0,0,0,2025-04-20,Restock
QV-VH06-EAV3,"L 'Oréal Paris Clay Absolue Glow Mask for Clear, Radiant Complexion Cream 50 ml",B07CPKRL8Z,Shure Cosmetics,,3600523523191,SCS13160,£3.85,TRUE,FALSE,19.00%,0.19,0,0,0,0,0,0,0,,Restock
R9-20LM-YJL9,"Cameleo - Permanent Hair Colour Cream - Blue Black - Intensive Color & Protection - 5 Oils + Omega Plus Acids - Professional, Luxurious Hair Dye - Full Kit",B01HIM4N96,Shure Cosmetics,,5060061200417,SCS19803,£1.65,TRUE,FALSE,0.00%,0,0,0,0,0,0,0,0,,No Data
XY-SHVR-W7PG,Revolution Beauty London Soph Eyeshadow Palette,B076VTQGGL,Shure Cosmetics,,5057566008488,SCS23103,£1.50,TRUE,FALSE,36.00%,0.97,0,0,0,0,0,0,0,2025-08-17,Restock
B7-D9X9-FWYR,Maybelline Mascara Volum' Express Lift Black 10ml,B002BNKQ0I,Shure Cosmetics,,3600530426294,SCS20085,£2.95,TRUE,FALSE,0.00%,0,0,0,0,0,0,0,0,,No Data
5R-LL8J-AP4S,"L'Oréal Paris Mascara, Salon Lash Volume, Infused with Panthenol, Long-lasting, No Clumping or Smudging, Pro XXL Volume, Black",B09XVMV632,Shure Cosmetics,,3600524031138,SCS16923,£3.50,TRUE,FALSE,10.00%,2.99,0,0,0,0,0,0,0,,Restock
3C-HIAR-JEF0,"NIVEA Q10 Anti-Ageing Bb Cream Cushion Light, 24H Anti-Wrinkle Moisture, 15 g",B08BTN21C4,Shure Cosmetics,,4005900462954,SCS20397,£1.25,TRUE,FALSE,81.00%,0.31,0,0,0,0,0,0,0,,Restock
CX-1R85-163Z,Wild Aqua Case And Fresh Cotton & Sea Salt Deodorant Starter Pack 40g,B0CVHD7892,CLF,,5065003990524,WID1,£6.50,FALSE,TRUE,2.00%,0.98,0,0,0,0,0,0,0,2025-05-25,Drop
4D-BI2L-5PZ8,Jojoba Blending Oil,B000Q351JG,CLF,,5017402006801,TSD84,£7.35,FALSE,FALSE,0.00%,0,0,0,0,0,0,0,0,2026-04-05,No Data
MW-1ILH-TLS4,"Rescue Remedy Kids Restful Nights Dropper, for A Natural Night’s Sleep, Flower Essences, to Support Your Child and Promote A Calming Bedtime Routine, Alcohol Free, Alternative to Sleep Aid for Kids",B0CDH5Y3N9,CLF,,5000488303919,RSC31,£4.62,FALSE,TRUE,25.00%,7.47,30,0,0,0,0,0,0,2025-10-26,Restock
86-1VHQ-ABNK,"Moo Free White Chocolate Bars - Dairy Free, Gluten Free & Vegan (20g)",B08WPCW7TH,CLF,,5060235830945,MOO55,£0.57,FALSE,TRUE,0.00%,0,0,0,0,0,0,0,0,,No Data
CLFAPPLY1,"Macu-SAVE Food Supplement 90 Day Pack, Eye Health Food Capsules containing Lutein, Zeaxanthin and Meso-Zeaxanthin",B07T561RGR,CLF,,5060135230579,MAU2,£11.89,TRUE,FALSE,0.00%,0,0,0,0,0,0,0,0,2025-05-04,No Data
VI-ICHI-WPB5,"Lavera All-Round Cream, 150ml",B004S0S0S2,CLF,,4021457613953,LAV78,£4.19,FALSE,TRUE,6.00%,0.24,0,0,0,0,0,0,0,2025-07-13,Restock
RZ-6ZL9-CZ7J,Kingfisher Natural Toothpaste Charcoal Mint Fluoride-Free | vegetarian & vegan | Oral Health Foundation approved | Gluten-Free & GM-Free | Ethical Consumer Best Buy | 1 x 100ml tube,B075XT2J8X,CLF,,5016912212924,KIN2,£2.42,FALSE,FALSE,0.00%,0,0,0,0,0,0,47,0,2025-05-25,No Data
---,"HRI Water Balance - to Relieve Symptoms of Mild Water Retention. with Dandelion Root, Uva Ursi and Buchu Leaf Extract. 1 Pack. 60 Tablets",B0013G8KN4,CLF,,5012689000771,HRI1,,TRUE,FALSE,0.00%,0,0,0,0,0,0,0,0,,No Data
---,"HRI Good Mood 30 Tablets - to Relieve The Symptoms of Slightly Low Mood and Mild Anxiety. 334 mg of St John's Wort Extract, Equivalent to 1670mg – 2338mg of St John’s Wort. 1 Pack",B01B69JJRS,CLF,,5012689000450,HRI-GM,,TRUE,FALSE,0.00%,0,0,0,0,0,0,0,0,,No Data
TJ-6LOP-OPEU,The Cheeky Panda Bamboo Facial Make Up Remover Wipes | Sustainable Face Wipes Eye Makeup Remover | Rose Scented Pack of 25 Face Wipes | 99% Purified Water,B08P63MSS9,CLF,,5060561630790,CYA21,£2.19,FALSE,FALSE,-40.00%,0.01,0,0,0,0,0,15,0,,Drop
C7-D8C6-UWDV,400 Bamboo Cotton Buds | Q Tips | Ear Sticks | Cotton Swab | Wooden Cotton Bud | Eco Friendly Cotton Buds| Ear Buds Cotton | Biodegradable Cotton Buds | Bamboo Earbuds | Wooden Ear Buds | Bambaw,B07DY1R6YX,CLF,,5430000934299,BBW53,£2.50,FALSE,TRUE,0.00%,0,0,0,0,0,0,0,0,,No Data
RI-DHUT-XR75,"Ultimate Guard Boulder Deck Case 100+ Standard Size Clear, UGD010894",B0831P1SBS,Bliss Distribution,,4056133011471,UGD010894,£4.30,FALSE,FALSE,0.00%,0,10,0,0,0,0,0,0,,No Data
PN-0NVI-R2WQ,Ultimate Guard Boulder Deck Case 100+ Standard Size Sapphire,B06XGFW1Q2,Bliss Distribution,,4056133006149,UGD010691,£4.92,FALSE,TRUE,43.00%,0.04,0,0,0,0,0,0,0,2025-07-13,Restock
12-3VTE-5T3Z,Feretory: Mork Borg Cult,9189143078,Bliss Distribution,,9789189143074,FLFFLW09,£10.23,FALSE,TRUE,28.00%,0.01,0,0,0,0,0,0,0,2025-07-13,Restock
LV-425G-BY4X,"Free League Publishing MÖRK Borg (Fantasy OSR RPG, Hardback, Full Color",9188805646,Bliss Distribution,,9789188805645,FLFFLW01,£16.38,FALSE,FALSE,-25.00%,0.49,10,0,0,0,31,25,0,2025-12-07,Drop
1U-YF3T-TR74,Modiphius Entertainment Role Playing Game Alien RPG: Stress Dice Set,B082BVCQMQ,Bliss Distribution,,7350105220159,FLFALE005,£7.67,FALSE,FALSE,43.00%,0.01,6,0,0,0,0,0,0,2025-05-18,Restock
79-CPJ6-DSG6,Free League FLF-ALE014 ALIEN RPG Destroyer of Worlds Game,9189143051,Bliss Distribution,,9789189143050,FLFALE014,£13.65,FALSE,FALSE,78.00%,0.49,1,0,20,20,0,0,0,2025-06-01,Restock
4J-IY7T-6LBS,Free League | Alien RPG | Role Playing Game | Ages 14+ | 1+ Players,9188805557,Bliss Distribution,,9789188805553,FLFALE002,£22.01,FALSE,FALSE,0.00%,0,4,0,0,0,0,0,0,,No Data
QT-C0ZN-T4R7,Free League ALIEN RPG Starter Set - Tabletop Roleplaying Game - Age 168+,9188805972,Bliss Distribution,,9789188805973,FLFALE013,£17.06,TRUE,FALSE,51.00%,0.85,0,0,0,0,0,0,0,2025-06-08,Restock
Y2-A0XO-9DCH,Everbuild Industrial Grade Superglue GP 50 g Pack of 3,B006PFN3BW,Sika,20,,484652,£4.29,FALSE,FALSE,0.00%,0,0,0,0,0,0,1,0,2025-07-06,No Data
FBA15K3QTGNT_unexpected_item_01,THE HUMBLE CO. - Interdental Brushes - Size 3-0.6 mm - Developed by Dentists - Designed in Sweden - Teeth Cleaning - Vegan & Cruelty-Free - 6p,B07RRQX71T,CLF,1,7350075692895,HBH30,£1.66,TRUE,FALSE,16.00%,0.12,0,0,0,0,0,0,0,2025-09-28,Restock
VA-V4J8-WHCT,"Lexibook, The Collins English Dictionary, 13th Edition-Electronic Pocket Spellchecker, Thesaurus, Crossword, Conjugation, Anagram Solver, Words Games, with Battery, Blue/White, DC753EN",B08FKZMQH8,Rashmian,,3380743088594,DC753EN,£15.25,FALSE,TRUE,8.00%,0.05,0,0,0,0,0,0,0,,Restock
KI-CR51-18J3,Timex Weekender 38 mm Watch,B0070Y60K8,Rashmian,,753048401635,T2N747,£28.20,FALSE,TRUE,6.00%,0.05,0,0,0,0,0,0,0,2026-03-22,Restock
LR-7GM6-1RCH,"Lexibook, The Collins English dictionary, 13th Edition-Electronic Dictionary, Definitions, Thesaurus, Conjugation, Phonetic Spellchecker, Crossword Solver, with Battery, Blue/White, D850EN",B08MQB42B3,Rashmian,,3380743088631,D850EN,£23.25,FALSE,TRUE,-2.00%,0.66,0,0,0,0,0,0,0,2025-08-10,Drop
Q1-00D7-5IQF,Casio F-91WC Collection Men Watch,B0042SI594,Rashmian,,4971850475569,F-91WC-9AEF,£9.80,FALSE,FALSE,36.00%,1,0,0,20,20,1,0,0,2026-03-22,Restock
MY-XMO2-EXY1,Casio F-91WC Collection Men Watch,B0042SNS7S,Rashmian,,4971850475484,F-91WC-4AEF,£9.80,FALSE,FALSE,11.00%,1.23,50,0,0,0,0,0,0,2025-05-18,Restock
JL-VTP2-JF3Q,"Lexibook PAW Patrol Helper on Four Paws Chase LED Night Light for Kids, Color Changing, Soft Light, Batteries, Plastic, Blue/Beige, NLJ001PA1, Multicolor",B07BLX7YG9,Rashmian,,3380743072180,NLJ001PA1,£6.95,TRUE,FALSE,0.00%,0,0,0,0,0,0,0,0,2025-06-08,No Data
4W-VS57-BV6A,"Lexibook Barbie, French/English Bilingual Educational Computer, Toy for Kids with 124 Activities for Learning, Having Fun and Playing the Piano, Pink, Color, JC598bbi1",B0C9LJNJWZ,Rashmian,,3380743096117,JC598BBI1,£18.50,FALSE,TRUE,5.00%,1.08,0,0,0,0,0,0,0,2026-03-22,Restock
TA-7DAZ-18PU,"Lexibook - Disney Stitch - 2-in-1 Bluetooth & Wired Headphones with microphone and control button, Foldable and Ajustable, Long lasting rechargeable battery, HPBT010D",B0CNT2Z32S,Rashmian,,3380743099477,HPBT010D,£12.50,FALSE,TRUE,-18.00%,0.07,0,0,0,0,0,0,0,,Drop
86-0EBH-JQX6,"Lexibook, English Dictionary, Pocket electronic dictionary, Definitions, Thesaurus, Grammar functions, Phonetic spellchecker, Word games, 4"" screen, Advanced features, Blue, D660EN",B0D59LGPWS,Rashmian,,3380743103303,D660EN,£19.50,FALSE,TRUE,1.00%,1.22,0,0,0,0,0,0,0,,Drop
ZT-QPY3-P24I,"OtterBox Defender Case for iPad Air 11"" (2024) & iPad Air 10.9"" (2022/2020), Ultra-Rugged Protective Case with built in Screen Protector, 2x Tested to Military Standard, Black",B0D3JBBGSB,TD Synnex,,840304758647,77-95220,£34.65,FALSE,FALSE,57.00%,0.05,9,0,0,0,0,0,0,2025-09-21,Restock
JP-9X4T-0CCC,"OtterBox React Folio Case for Samsung Galaxy Tab A9, Shockproof, Drop proof, Ultra-Slim Protective Folio Case, Tested to Military Standard, Black",B0D637RYWB,TD Synnex,,840304760589,77-95379,£13.57,TRUE,FALSE,0.00%,0,0,0,0,0,0,0,0,2025-05-11,No Data
PK-9T59-FNWW,"OtterBox Defender Case for iPad Pro 13"" (2024), Shockproof, Ultra-Rugged Protective Case with built in Screen Protector, 2x Tested to Military Standard, Back",B0D3JBK56B,TD Synnex,,840304758784,77-95232,£37.17,TRUE,FALSE,6.00%,0.08,0,0,0,0,0,0,0,2025-05-18,Restock
3X-EXDD-TD2K,"OtterBox Symmetry Folio Case for iPad 10th gen 2022, iPad 11th gen 2025 (A16), Shockproof, Drop proof, Slim Protective Folio Case, Tested to Military Standard, Black",B0D6W9DZX4,TD Synnex,,840304766048,77-95790,£20.51,FALSE,FALSE,24.00%,0.03,0,0,0,0,0,0,2,2025-12-07,Restock
9Q-K2SI-Q5LI,"HyperX CloudStinger Core -Gaming headset for PC, PS5, PS4, Xbox One, Xbox Series X|S, Nintendo Switch, DTS Headphone:X spatial audio, Lightweight over-ear headset with mic",B083Q6Q41G,TD Synnex,,196188042489,4P4F4AA,£28.50,TRUE,FALSE,0.00%,0,0,0,0,0,0,0,0,2025-10-12,No Data
8R-E0Y9-0LAU,"OtterBox Defender Case for iPad 10th gen 2022, iPad 11th gen 2025 (A16), Shockproof, Rugged Protective Case with built in Screen Protector, 2x Tested to Military Standard, Black, No Retail Packaging",B0BBHBX72C,TD Synnex,,840262399692,77-89955,£39.10,FALSE,FALSE,0.00%,0,0,0,0,0,1,19,0,2026-01-11,No Data
ZB-PV7O-TKUD,"OtterBox Symmetry Folio Case for iPad 10th gen 2022, iPad 11th gen 2025 (A16), Shockproof, Drop proof, Slim Protective Folio Case, Tested to Military Standard, Blue",B0BBH9MHBH,TD Synnex,,840262399784,77-89965,£20.57,TRUE,FALSE,63.00%,0.02,0,0,0,0,0,0,0,2025-07-13,Restock
DO-QDI1-K7R9,"OtterBox Symmetry Folio Case for iPad 10th gen 2022, iPad 11th gen 2025 (A16), Shockproof, Drop proof, Slim Protective Folio Case, Tested to Military Standard, Black",B0BBH71LQN,TD Synnex,,840262399883,77-89975,£20.07,TRUE,FALSE,0.00%,0,0,0,0,0,0,0,0,2025-04-27,No Data
2Z-WVXG-I7W1,Crucial RAM 16GB Kit (2x8GB) DDR4 2400MHz CL17 Desktop Memory CT2K8G4DFS824A,B01BIWLED0,TD Synnex,,649528776396,CT2K8G4DFS824A,,TRUE,FALSE,0.00%,0,0,0,0,0,0,0,0,2025-04-06,No Data
E1-W7LJ-CUKO,Crucial RAM 16GB Kit (2x8GB) DDR4 2400MHz CL17 Laptop Memory CT2K8G4SFS824A,B01BIWMWVS,TD Synnex,,649528776341,CT2K8G4SFS824A,,TRUE,FALSE,0.00%,0,0,0,0,0,0,0,0,2025-04-06,No Data
U4-Z3VT-1WNS,"Lenovo HYBRID USB-C with USB-A, 4X90U90618, schwarz, 3 feet",B07TN23PZC,TD Synnex,,193386287346,4X90U90618,,TRUE,FALSE,0.00%,0,0,0,0,0,0,0,0,2025-05-04,No Data
M7-TSI2-5W7I,"SanDisk Extreme 32 GB microSDhC Memory Card for Action Cameras and Drones with A1 App Performance up to 100 MB/s, Class 10, U3, V30",B06XYTDCC5,TD Synnex,,619659155100,SDSQXAF-032G-GN6AA,£6.51,FALSE,FALSE,0.00%,0,0,0,0,0,0,0,10,2026-03-22,No Data
7M-48OU-23X3,Funko POP! Movies : Freddy Krueger - Nightmare on Elm Street - Collectable Vinyl Figure - Gift Idea - Official Merchandise - Toys for Kids & Adults - Movies Fans - Model Figure for Collectors,B004GFPFBO,ABGee,,830395022918,985 2291,£7.59,FALSE,FALSE,23.00%,0.09,0,0,0,0,0,0,0,2026-04-05,Restock
TE-Y18U-S2O1,"Super Impulse 361224 Worlds Smallest Monopoly Board Game in the World as Mini Version, from 8 Years",B08X1WM596,ABGee,,810010991225,333 SI5038,£4.16,FALSE,FALSE,11.00%,0.27,0,0,0,0,0,0,0,2026-04-05,Restock
JX-6USZ-SK7E,Wizards of the Coast Lords of Waterdeep Expansion: Scoundrels of Skullport,786964502,Heo,4,653569831679,A35790000,£18.87,FALSE,FALSE,27.00%,0.03,5,0,0,0,0,0,0,2025-06-29,Restock
4B-HMJG-PHW4,"Bosch 2608831009 ""SDS Plus-3"" Hammer Drill Bit, 0 V, Grey, 6 x 150 x 210 mm",B00D1V5E5G,Stax,,6949509209405,108447,£2.23,TRUE,FALSE,0.00%,0,0,0,0,0,0,0,0,2025-07-13,No Data
NX-0OE3-AD7U,"Viners Assure 5 inch Utility Knife, Stainless Steel",B083G9XHT9,Stax,,5010853266220,101798,£1.86,TRUE,FALSE,0.00%,0,0,0,0,0,0,0,0,2025-07-13,No Data
XE-27ZG-EZPZ,"KitchenCraft Kitchen Scissors with Bottle Opener, Stainless Steel, Multi Purpose Shears 21 cm (8.3''), Black",B0001IWX7E,Stax,,5028250121776,377564,£1.23,TRUE,FALSE,198.00%,0.43,0,0,0,0,0,0,0,,Restock
AK-OB6V-HIYD,Price's Petali Brand Scented Tealights | 25 Pack Tealights 4 Hour Burn Time | Available in Multiple Scents (Rose),B00IUKPVYM,Stax,,5205097174039,348926,£1.21,FALSE,FALSE,-55.00%,0.53,0,0,3,3,0,0,0,2026-01-11,Drop
6S-TT0C-48SV,10-30-51 Bowsaw 30In,B0001IX7TM,Stax,,7311518229375,838917,£9.49,TRUE,FALSE,0.00%,0,0,0,0,0,0,0,0,2025-07-13,No Data
N2-I82D-3I3Q,"Ring Automotive Digital Keyring Tyre Pressure Gauge & LED Torch - Shows pressure in PSI, kPA, BAR & kg/cm2",B00499DTS8,Stax,,5055175220154,743941,£6.96,TRUE,FALSE,0.00%,0,0,0,0,0,0,0,0,2025-07-13,No Data
FB-6FW0-Z82Q,"Croydex White Button Shower Curtain Rings 12pk, 75g, 34F",B005F5TRBI,Stax,,5012044060198,356204,£1.62,FALSE,FALSE,0.00%,0,0,0,0,0,0,7,0,,No Data
YC-3L3M-BV48,"McFarlane DC Multiverse 7"" Scale Vehicles - Tumbler with Lucius Fox (The Dark Knight) Gold Label, Includes Action Figure and Accessories",B0CTD6Q6KY,Heo,,787926151930,MCF15193,£39.61,TRUE,FALSE,14.00%,0.51,0,0,0,0,0,0,0,2025-10-26,Restock
GZ-0NY2-BOHL,Squishy Pack - 10 Pack Balloon Refill,B0CVY2GT53,Heo,,4897046474737,BOTI38687,£5.34,FALSE,TRUE,0.00%,0,0,0,0,0,0,0,0,,No Data
Z9-FBUQ-EZN3,Chipotle Chillies in Adobo Paste - 170g Jar | Smoky Chilli Peppers in Sauce for Mexican Cooking,B074RQ8G8Z,CLF,,5029210000513,COE12,£2.89,FALSE,FALSE,92.00%,0.75,0,0,0,0,0,0,0,2026-04-05,Restock
K0-71JR-UNLF,"Beanies Instant Coffee Flavoured 50g, Freeze-Dried Granules, Quick & Easy to Brew, Nut-Free, Premium Taste,Rich in Flavour, Low-Calorie, Sugar-Free (50g, Cookie dough)",B01JL0WRI2,CLF,,5060169982079,BEAN10,£2.44,FALSE,FALSE,68.00%,0.01,0,0,0,0,0,0,0,2026-04-05,Restock
D8-1A3E-I37F,Avalon Organics Rosemary Volumizing Conditioner 325ml Pack of 3,B001ET78RY,CLF,,654749351604,AVA-9110,£16.74,FALSE,FALSE,0.00%,0,0,0,0,0,0,0,0,2026-04-05,No Data
IR-BP1X-M8DG,"Story of Lily Ladies perfume Natural Spray,Floral, 100 ml",B008HSBYS4,Shure Cosmetics,,5055170280900,SCS06536,£1.00,FALSE,TRUE,0.00%,1.15,0,0,0,0,0,0,0,2025-05-25,Drop
3E-KHO2-YIAU,Men - Permanent Hair Dye | Medium Brown Colour for Hair Beard & Moustache | Natural Colour Effect in 5 Minutes | Cover Grey Hair | Ammonia FREE | 30ml,B012DV4306,Shure Cosmetics,,5901350445846,SCS19763,£1.70,TRUE,FALSE,46.00%,0.48,0,0,0,0,0,0,0,,Restock
S2-RZ4R-15M6,Crazy Color Semi-Permanent Hair Color Cream 4 Bottles of Violet 100 ml,B009M3917O,Shure Cosmetics,,5035832008035,SCS18973,£9.15,TRUE,TRUE,0.00%,0,0,0,0,0,0,0,0,,No Data
BL-WX51-KQOK,Hilltop Maple Syrup - Very Dark Late Harvest - Squeezy Bottle - 230g,B0897VHKW6,CLF,,5060298572752,HTP41,£3.40,FALSE,FALSE,-21.00%,0.06,0,0,0,0,0,0,0,2026-04-05,Drop
X1-APP3-4HQ6,"LEXIBOOK JC598UNIi1 Unicorn Educational and Bilingual Laptop French/English-Toy for Children with 124 Activities to Learn Mathematics, Dactylography, Logic, Clock Reading, Play Games and Music, Pink",B0BMKQKC3M,Rashmian,,3380743085869,JC598UNII1,£17.00,FALSE,TRUE,-65.00%,0.06,0,0,0,0,0,0,0,2025-08-17,Drop
77-GYTL-JFN4,Logitech G Extreme 3D Pro USB Joystick for Windows - Black/Silver,B00009OY9U,TD Synnex,,5099206041912,942-000031,£37.45,FALSE,FALSE,0.00%,0,0,0,0,0,0,0,10,2026-03-22,No Data
XG-Z9LW-Z27Q,"The Army Painter Speedpaint Medium 2.0, Single White Medium 18 ml Acrylic Paint One-coat Painting Solution For Fantasy Tabletop Miniatures Like Warhammer 40k And Dungeons And Dragons",B09NQ9YX9R,Bliss Distribution,,5713799200081,WP2000,£1.78,FALSE,FALSE,68.00%,1.14,40,0,0,0,0,0,0,2025-07-13,Restock
0R-GRRH-W0Z9,"The Army Painter Speedpaint Zealot Yellow 2.0, Single Acrylic Paint 18ml One-coat Painting Soloution For Fantasy Tabletop Miniatures Like Warhammer 40k and Dungeons And Dragons Figures",B09NQD4S5N,Bliss Distribution,,5713799201385,WP2013,£1.95,FALSE,FALSE,22.00%,0.91,60,0,0,0,0,0,0,2026-03-22,Restock
VO-A6AR-18YS,"The Army Painter Speedpaint Slaughter Red 2.0, Single Acrylic Paint 18ml One-coat Painting Soloution For Fantasy Tabletop Miniatures Like Warhammer 40k and Dungeons And Dragons Figures",B09NQDQ8X7,Bliss Distribution,,5713799201286,WP2012,£1.97,FALSE,FALSE,0.00%,0,4,0,0,0,0,0,0,2025-11-16,No Data
IJ-V0PQ-4CZ4,"The Army Painter Speedpaint Sand Golem 2.0, Single Acrylic Paint 18ml One-coat Painting Soloution For Fantasy Tabletop Miniatures Like Warhammer 40k and Dungeons And Dragons Figures",B09NQCV872,Bliss Distribution,,5713799202085,WP2020,£1.95,FALSE,FALSE,37.00%,0.37,30,0,0,0,0,0,0,2026-03-22,Restock
3Z-03PB-Q1A8,The Army Painter Speedpaint Singles - Cloudburst Blue,B09NQ9ZHDQ,Bliss Distribution,,5713799202283,WP2022,£1.84,FALSE,TRUE,-60.00%,0.06,0,0,0,0,0,0,0,,Drop
0Z-Y60V-499R,"The Army Painter Speedpaint Absolution Green 2.0, Single Model Building Acrylic Paint, 18 ml, Single Layer Paint Solution for Fantasy Tabletop Miniatures Like Warhammer 40k Figures and DnD Miniatures",B09NQBQW49,Bliss Distribution,,5713799200784,WP2007,£1.92,FALSE,FALSE,70.00%,0.11,12,0,0,0,0,0,0,2025-06-01,Restock
BB-ZT14-1QQA,"The Army Painter Lowland Shrubs, 77 Self Adhesive Static Grass Tufts in 3 Sizes, for Model Bases, Terrain Scenics, Miniature Bases and Diorama Base, Green Grass Tufts for Gaming Bases",B086MBW9R9,Bliss Distribution,,5713799423206,BF4232,£3.28,FALSE,FALSE,33.00%,1.12,50,0,0,0,0,0,0,2026-03-22,Restock
SR-6OBB-WC03,Dragon Shield ART11105 White (60) Matte Japanese Size Sleeves 60pk,B06XXDNH1P,Bliss Distribution,,5706569111052,AT-11105,£2.86,FALSE,TRUE,-17.00%,0.35,0,0,0,0,0,0,0,2025-08-10,Drop
0H-5V53-GPG4,Arcane Tinmen ApS ART15062 Dragon Shield: Matte - Dual Soul (Metallic Purple),B0CRRPCT5P,Bliss Distribution,,5706569150624,AT-15062,£4.85,FALSE,TRUE,2.00%,2.18,0,0,0,0,0,0,0,,Drop
CJ-X0SS-QOUW,Snackles Small Sized 14 cm by ZURU Cuddly Squishy Comfort Plush with License Snack Brand Accessory (Random Assortment),B0CG234KW1,ABGee,,193052060655,777 77510GQ1-A,£4.16,FALSE,FALSE,0.00%,0,0,0,0,0,3,0,0,,No Data
B1-4B2R-MBRP,Funko POP! Rocks: Mariah Carey - Emancipation Of Mimi - Collectable Vinyl Figure - Gift Idea - Official Merchandise - Toys for Kids & Adults - Music Fans - Model Figure for Collectors and Display,B0C4RR58SF,Heo,,889698752749,FK75274,£1.82,TRUE,FALSE,41.00%,0.22,0,0,0,0,0,0,0,2025-05-25,Restock
UE-BZE5-I0WM,"Dog Toy Good Boy Mini Ball-istic Thrower Ball Launcher, Colour may Vary",B003L6RJDQ,Jones Wholesale,,5000239083381,221598,£0.89,FALSE,FALSE,0.00%,0,0,0,0,0,0,0,0,2026-04-05,No Data
A9-2Y9G-M2K7,"Elliott Multi-Purpose Window Squeegee perfect for streak free cleaning on Windows, shower screens, cars and mirrors, Aluminium frame housing a 20cm rubber squeegee with an ergonomic Grey Handle.",B00KB225MS,Jones Wholesale,,5013159300353,216090,£1.52,FALSE,FALSE,31.00%,1.29,0,0,0,0,0,0,0,2026-04-05,Restock
RY-U14K-5XDR,"Chef Aid 20cm / 8 Inch Long Handled Metal Sieve, Kitchen Essential Tool and Ideal for Straining, draining, Washing and Wide Range of Foods, with a fine mesh for Ease of use",B005NG23OW,Jones Wholesale,,5012904004201,109754,£1.70,FALSE,FALSE,59.00%,0.36,0,0,0,0,0,0,0,2026-04-05,Restock
52-BC73-O7B2,"Mutant GEAAR - 9.4g of EAA Powder + Arginine, 7g BCAAs, 4g Leucine, Electrolytes, Coconut Water, 30 Servings (Orange Rush)",B0C7HGQRY6,Tropicana Wholesale,,627933222073,MUT157,£12.44,FALSE,TRUE,0.00%,0,0,0,0,0,0,0,0,,No Data
3B-3H3V-Z93T,"Myprotein Unisex Adult Mini Bottle Shaker - Black, 400 ml (Pack of 1)",B0CP69JJGG,Tropicana Wholesale,,5059883286433,MYP044,£1.60,FALSE,FALSE,22.00%,0.78,0,0,0,0,0,0,28,2026-03-22,Restock
L5-PF3B-WHU4,"Promixx Pro Shaker Bottle - Refillable, Powerful for Smooth Protein Shakes - Includes Extra Storage - BPA Free, Tumbler 600ml (Silver White/Grey)",B09LDDFK4R,Tropicana Wholesale,,5060542840798,MIX025,£17.50,FALSE,FALSE,28.00%,0.01,0,0,0,0,1,0,0,2026-01-11,Restock
D0-C7C0-H6LN,"Skinny Food Co Salted Caramel Zero Calorie Syrup 425ml - Sugar Free Salted Caramel Syrup For Snacks, Drinks & Desserts - Vegan, Gluten-free, Keto & Paleo Friendly Caramel Syrup - Salted Caramel Syrup",B07F1MFWV1,Tropicana Wholesale,,5060614800132,SKI004,£2.74,FALSE,FALSE,-91.00%,0.5,0,0,0,0,11,29,0,2025-05-25,Drop
VU-UQNN-35C8,Skinny Syrup 425ml Cookies & Cream,B07XSLL4YW,Tropicana Wholesale,,5060614801405,SKI037,£2.00,FALSE,TRUE,0.00%,0,0,0,0,0,0,0,0,2025-11-16,No Data
E4-HG4R-5022,"The Skinny Food Co Zero Calorie Butterscotch Syrup, 400 g SFC1062/100/101",B07TGKYLLT,Tropicana Wholesale,,5060614800477,SKI032,£2.74,FALSE,TRUE,-70.00%,0.01,0,0,0,0,0,0,0,2025-08-31,Drop
2X-8XI7-C9T5,White Chocolate Skinny Syrup,B07L6H9GZ2,Tropicana Wholesale,,5060614800200,SKI006,£2.74,FALSE,FALSE,125.00%,2,0,0,0,0,5,2,63,2026-01-18,Restock
2L-M26G-560I,"USN Power Punch BCAA Amino Acids Powder, Blue Raspberry Flavour - 400g, Vegan BCAA Powder, Vitamin B6 & No Sugar, Pre Workout & Intra Workout Energy Drink & Dietary Supplement to Maximise Performance",B075WYWJ5L,Tropicana Wholesale,,6009544907381,USN026,£13.52,FALSE,TRUE,4.00%,0.75,0,0,0,0,0,0,0,2025-07-13,Drop
FM-7COC-V8U2,"Joseph Joseph GoAvocado, 3-in-1 Avocado Tool with soft grip handle, Green, 12",B078SZDV17,We Stock Lots,,5028420201123,MOQ - 36,£3.30,FALSE,TRUE,0.00%,0,0,0,0,0,0,0,0,2025-06-01,No Data
ZU-PFDN-JSYV,GOODBOY BOY BIG DOG SUPER SOFT PLUSH SQUEAKY TOY 44 CM,B07MW9H6P4,Stax,,5000239083428,112387,£4.89,FALSE,TRUE,-24.00%,1.05,0,0,0,0,0,0,0,2025-11-16,Drop
51-79LN-GGLK,"Defenders All-Seasons Multi-Purpose Handy Spreader with Scoop - Green, Ideal for Application of Granules and Seeds",B09HHLMG1V,Stax,,5036200120274,109696,£1.43,TRUE,FALSE,171.00%,0.58,0,0,0,0,0,0,0,2025-06-22,Restock
L1-54EX-56YC,"Price's - Time for You Large Jar Candle - Sweet, Delicious Fragrance - Long Lasting Scent - Up to 100 Hour Burn Time - Ideal for All Occasions",B09445GL1C,Stax,,5010414383632,103987,£5.35,FALSE,FALSE,12.00%,1,0,0,2,2,1,0,0,2026-04-05,Restock
L2-WL35-LG0D,"Johnstone's - Amphibious Wall & Ceiling Paint Tester Pots - Emulsion - Easy Apply, Dries in 1-2 Hours - 75ml",B07PRCJQFX,Stax,,5010426808468,333644,£1.88,TRUE,FALSE,0.00%,0,0,0,0,0,0,0,0,2025-07-13,No Data
98-MF34-BSCF,Acctim Wickford Kids Teaching Wall Clock Quartz Rainbow Dial Quarter Markers Pink 20cm 22520,B079MFZL6K,Stax,,5012562225208,369621,£3.19,TRUE,FALSE,30.00%,0.43,0,0,0,0,0,0,0,,Restock
YD-NO15-VYZL,Johnstone's - Paint Tester Pots - Wall & Ceiling Paint - Waterfall - Emulsion Paint - Easy to Apply - Dry in 1-2 Hours - 75ml,B00VRF1XEY,Stax,,5010426738321,658717,£1.88,TRUE,FALSE,0.00%,0,0,0,0,0,0,0,0,2025-07-13,No Data
K7-1K9P-TTAZ,Matt Tester 75ml (Seashell),B00VREYQYO,Stax,,5010426737881,657732,£1.88,TRUE,FALSE,0.00%,0,0,0,0,0,0,0,0,2025-07-13,No Data
8M-NHB7-T8TR,"Salt of the Earth - Natural Deodorant Roll On Refill Bottle, x7 Uses - Amber & Sandalwood - Vegan, Long Lasting Protection, Leaping Bunny Approved, Made in the UK - 525ml",B0B2RBG672,CLF,,5025452001875,SE66,£15.26,FALSE,FALSE,11.00%,0.23,0,0,0,0,0,0,0,2026-04-05,Restock
4F-I024-EY2R,"Friendly Soap - Sweet & Uplifting Lemongrass Soap (95g), Plant-Based, Cruelty-Free, Made By Hand, No Preservatives or Sulphates, Sustainable",B012AO02EM,CLF,,5573063264856,FSP3,£1.67,FALSE,TRUE,-2.00%,0.01,0,0,0,0,0,0,0,2025-07-13,Drop
Apply2,Panasonic 1148 Zinc 6F22R 9 V Special Power Battery,B000VH11JQ,Rashmian,,5410853032892,6F22R-1BP,,TRUE,FALSE,0.00%,0,0,0,0,0,0,0,0,,No Data
FH-DOIH-J7JE,Casio Men's Quartz Watch with Grey Dial Digital Display and Black Resin Strap F-91WM-7AEF,B01MUA5DU5,Rashmian,,4549526140808,F-91WM-7AEF,£11.60,TRUE,FALSE,0.00%,0,0,0,0,0,0,0,0,,No Data
SQ-7QYT-5D5B,"Makeup Revolution, Conceal & Fix, Ultimate Coverage, Concealer, Medium Sand, 11g",B0915M1DLF,Shure Cosmetics,,5057566143714,SCS22096,£1.50,FALSE,FALSE,102.00%,0.35,0,0,0,0,0,0,0,2026-04-05,Restock
H8-MI8Q-WG5C,Maybelline Fit Me! Luminous + Smooth Primer,B092K24B2Q,Shure Cosmetics,,3600531631390,SCS23252,£3.25,TRUE,FALSE,18.00%,5.44,0,0,0,0,0,0,0,,Restock
88-PT9Z-DP6C,"Max Factor Miracle Second Skin Hydrating Foundation, Tan - 30 ml",B081SWQNFS,Shure Cosmetics,,3614229764826,SCS24049,£0.50,TRUE,FALSE,146.00%,0.35,0,0,0,0,0,0,0,,Restock
BD-TLOK-BCEE,"OtterBox Symmetry Folio Case for iPad Pro 13"" (2024), Shockproof, Drop proof, Slim Protective Folio Case, Tested to Military Standard, Black",B0D3JCG3YJ,TD Synnex,,840304759071,77-95261,,FALSE,FALSE,0.00%,0,0,0,0,0,0,0,10,2026-03-22,No Data
HO-LSOY-8R05,"OtterBox React Folio Case for iPad 10th gen 2022, iPad 11th gen 2025 (A16), Shockproof, Drop proof, Ultra-Slim Protective Folio Case, Tested to Military Standard, Black",B0BVZZDW1W,TD Synnex,,840304725373,77-92188,£17.40,FALSE,FALSE,22.00%,0.01,0,0,0,0,0,0,1,2026-03-22,Restock
NX-0Q7A-XR6H,The Skinny Food Co White Chocolate Chocahalic Skinny Spread 350g,B082DG6GJ6,Tropicana Wholesale,,5060614801795,SKI072,£2.74,FALSE,TRUE,-11.00%,0.07,0,0,0,0,0,0,0,,Drop
0G-JB6S-PN34,"Skinny Food Co Sugar Free Maple Syrup 425ml - Zero Calorie Syrup For Breakfast, Snacks, Drinks & Desserts - Vegan, Gluten-free, Keto & Paleo Friendly Maple Syrup - Sugar Free Maple Syrup UK",B07H2WXMDJ,Tropicana Wholesale,,5060614800118,SKI002,£2.74,FALSE,FALSE,-27.00%,0.33,0,0,0,0,113,0,0,2025-09-21,Drop
GJ-2OZK-0GCA,Promixx PRO Electric Protein Shaker Bottle,B0CS3VF4GK,Tropicana Wholesale,,5060542841306,MIX024,£17.50,FALSE,FALSE,6.00%,2,0,0,0,0,12,0,58,2025-11-16,Restock
9X-7TBD-NA16,"Arcane Tinman ART13023 AT-13023 Dragon Shield-Perfect Fit Standard Sleeves 100pk-Smoke, Smoke, One Size",B01N49MD2S,Bliss Distribution,,5706569130237,AT-13023,£2.05,FALSE,FALSE,58.00%,2.19,180,0,0,0,0,0,0,2025-11-16,Restock
VU-8KRA-QP5M,Arcane Tinmen Dragon Shield Standard Sleeves - Matte Turquoise (100ct),B0BNLWBLMV,Bliss Distribution,,5706569110550,AT-11055,£4.45,FALSE,FALSE,26.00%,1.6,100,0,0,0,1,2,0,,Restock
B7-JEPF-6CU7,Vaseline Lip Therapy - 0.25 OZ Pack of 2 (Lip Therapy - Rosy Lips),B00GI299M4,Jones Wholesale,,50064861,497891,£0.89,FALSE,FALSE,265.00%,0.93,0,0,0,0,0,0,0,2026-04-05,Restock
U4-61J7-ERHI,"Prestige Eco Non Toxic Non Stick Frying Pan Set of 2 - Induction Frying Pans Set 20cm & 24cm, PFOA Free, Dishwasher Safe Cookware Made in Italy of Recyclable Materials, Green",B088FKCDV6,Jones Wholesale,,5000263122988,479182,£16.28,TRUE,FALSE,86.00%,0.01,0,0,0,0,0,0,0,2025-11-16,Restock
OW-ONY2-KNM7,"Blistex Relief Cream Soothing Protective Lip Cream, 5g",B09MTXZY2Y,Jones Wholesale,,5060177241236,62104,£2.51,FALSE,FALSE,0.00%,0,0,0,0,0,0,0,0,2026-04-05,No Data
MU-A667-UQ3J,Ravensburger Aimee Stewart Myths & Legends 1000 Piece Jigsaw Puzzle for Adults and Kids Age 12 and Up,B081TGZQVR,ABGee,,4005556164790,542 16479,£4.49,TRUE,FALSE,0.00%,0,0,0,0,0,0,0,0,2025-07-13,No Data
MV-UNOG-CTUU,Bestway Splash And Play 3 Ring Play Above Ground Pool,B00FO70GG2,ABGee,,6942138915655,386 51025,£1.50,TRUE,FALSE,22.00%,1.44,0,0,0,0,0,0,0,2025-08-03,Restock
ApplyB07KXXS57R,"Minecraft Netherite Sword, Official Costume Accessory for Kids, Single Size Video Game Costume Prop",B07KXXS57R,Heo,,192995124363,JPA124369-15L,,TRUE,FALSE,0.00%,0,0,0,0,0,0,0,0,2025-10-26,No Data
714776,"Fackelmann OPAL Melon Baller, Food & Fruit Scoop, Grapefruit & Potato Scoop, Cutting Scoop Head, Stainless Steel, 16.5x2.3x1.5cm, Silver",B001KYTW0O,Stax,,4008033404396,714776,£1.23,FALSE,FALSE,0.00%,0,0,0,3,3,0,9,0,2026-01-11,No Data
714810,"Fackelmann OPAL Pizza Wheel, Pizza Cutter & Slicer, Super Sharp Blade, Stainless Steel, 18.5x5x1.2cm, Silver",B002BX8ZFG,Stax,,4008033404372,714810,£1.34,FALSE,FALSE,0.00%,0,0,0,0,0,0,10,0,,No Data
R5-Y2AA-V5FS,"Cliganic 100% Pure Vitamin E Oil for Skin, Hair & Face - 30,000 IU, Non-GMO Verified | Natural D-Alpha Tocopherol",B07Z2QNW7R,CLF,,855102007910,CGC26,,FALSE,TRUE,0.00%,0,0,0,0,0,0,0,0,2025-10-26,No Data
IM-AYXV-79NJ,Revlon ColorStay Matte Lite Crayon - She's Fly,B09HXXMJV9,Shure Cosmetics,,309970175146,SCS24236,£2.25,FALSE,FALSE,33.00%,0.69,0,0,0,0,0,0,0,2026-04-05,Restock
J1-6I0O-YXCL,"Max Factor Facefinity Matte Bronzer, 002 Warm Tan",B08CHK57TB,Shure Cosmetics,,3616301238461,SCS20446,,FALSE,FALSE,0.00%,0,0,0,0,0,0,0,0,2026-04-05,No Data
0B-IC3D-6S96,"Idontix X-Floss Lite, Blue",B00ICS6JWK,DHB,,9369999040949,PIK015X,£3.09,TRUE,FALSE,0.00%,0,0,0,0,0,0,0,0,2025-12-07,No Data
FD-R7YW-X0GH,The Army Painter Speedpaint Grim Black (WP2001),B09NQC79GF,Bliss Distribution,,5713799200180,WP2001,£1.98,FALSE,FALSE,60.00%,0.14,42,0,0,0,0,0,0,,Restock
PY-XV78-3OG5,"OtterBox Symmetry Folio Case for iPad Air 13-Inch (2024 M2, 2025 M3), Shockproof, Drop proof, Slim Protective Folio Case, Tested to Military Standard, Black",B0D3J9M2H8,TD Synnex,,840304759101,77-95264,£20.51,FALSE,FALSE,7.00%,0.17,0,0,0,0,0,0,6,2026-03-22,Restock
18-WD7G-J8U4,"Pokémon Paldea Battle Figure 4 Pack - Features 2-Inch Pikachu Age 6+, Fuecoco, Sprigatito, and Quaxly Battle Figures",B0B32365PH,ABGee,,191726507185,888 PKW3402,,FALSE,FALSE,0.00%,0,0,0,0,0,0,0,0,2026-04-05,No Data
6E-U01F-GUCT,Funko Pop! TV: Wednesday - Enid Sinclair - Rave'n E - Collectable Vinyl Figure - Gift Idea - Official Merchandise - Toys for Kids & Adults - TV Fans - Model Figure for Collectors and Display,B0CSVLW6QL,Heo,,889698833158,FK83315,£2.39,FALSE,FALSE,0.00%,0,10,0,0,0,0,0,0,,No Data
ZV-RLOD-Q0JI,Funko Pop! Deluxe: Disney the Nightmare Before Christmas 30th - Jack Skellington & Zero With Tree - Disney: the Nightmare Before Christmas - Collectable Vinyl Figure - Gift Idea - Movies Fans,B0BS1WDHP7,Heo,,889698723824,FK72382,£7.55,TRUE,FALSE,11.00%,0.65,0,0,0,0,0,0,0,2026-01-11,Restock
M8-LMW1-Z8AS,"Yale Euro Double Cylinder, 3 Keys Supplied, Standard Security, Visi Packed, Suitable for All Door Types, Nickel Finish, 30:10:30 (70 mm)",B00IQFGOGA,Stax,,5010609306361,125822,£4.99,TRUE,FALSE,0.00%,0,0,0,0,0,0,0,0,2025-10-26,No Data
MW-RSG9-3S2C,Tracer Deep Hole Construction Pencil with 6 x Replacement Lead Pack and accompanying Site Holsters all-in-one Marking Kit. Carpenter Pencil Set,B07DRLVHM2,Stax,,761856099548,116041,£5.22,TRUE,FALSE,0.00%,0,0,0,0,0,0,0,0,2025-11-16,No Data
1U-1W76-M840,3 x Perfect Scents Plug In Air Freshener Refill Compatible with 3volution Mystical Japan 20ml,B07V9CRX7Y,Stax,,5055586604796,114168,£0.76,FALSE,TRUE,65.00%,1,0,0,0,0,0,0,0,2025-09-28,Restock
OT-3LZR-3R6K,"Lay-Z Spa 60304 Canopy Cover for Weather and Sun Shelter, Hot Tub Accessories, Fits Most Lay-Z-Spa Models, Multicolor, 109.0 cm*183.0 cm*94.0 cm",B08CB36DY9,Stax,,6942138977110,107736,£9.50,TRUE,FALSE,74.00%,0.06,0,0,0,0,0,0,0,,Restock
HY-T1P7-038S,"FireAngel Pro Connected Kitchen Heat Alarm - FP1720W2-R Wireless, Interlink, 10-Year Battery Heat Detector for Kitchen, Garage, Loft - Fire Alarms for Home with Free App - White",B07WNJWTTL,Stax,,816317005528,339243,£21.99,TRUE,FALSE,23.00%,0.25,0,0,0,0,0,0,0,,Restock
UL-D0Y8-ZNI5,"Cliganic Organic Argan Oil, 100% Pure (473ml) | Moroccan Argan Oil for Hair, Face & Skin | Natural Cold Pressed Carrier Oil - Certified Organic | Cliganic 90 Days Warranty",B08DR97BX2,CLF,,810057560040,CGC27,£19.50,FALSE,FALSE,32.00%,0.22,0,0,0,0,0,0,0,2026-04-05,Restock
LF-X542-9TDZ,"Cliganic USDA Organic Argan Oil, 100% Pure | Moroccan Argan Oil for Hair, Face & Skin | Natural Cold Pressed Carrier Oil - Certified Organic | Cliganic 90 Days Warranty",B07YYG14S1,CLF,,855102007897,CGC23,£7.74,FALSE,FALSE,35.00%,0.45,0,0,0,0,0,0,0,2026-04-05,Restock
WE-1Z7L-SA2I,"Cameleo - Permanent Hair Colour Cream - Dark Mahogany - Intensive Color & Protection - 5 Oils + Omega Plus Acids - Professional, Luxurious Hair Dye - Full Kit",B08MVG9QZW,Shure Cosmetics,,5060061200479,SCS19765,£1.65,FALSE,FALSE,2.00%,0,0,0,0,0,1,38,0,2025-09-28,No Data
RI-VSUS-0YTD,"Cameleo - Permanent Hair Colour Cream - Copper Brown - Intensive Color & Protection - 5 Oils + Omega Plus Acids - Professional, Luxurious Hair Dye - Full Kit",B08MVGD2ND,Shure Cosmetics,,5901350403105,SCS19793,£1.65,FALSE,FALSE,43.00%,0.33,0,0,0,0,0,3,9,2025-09-28,Restock
CH-RLZA-2OYU,"Brother LC-3219XLBK Inkjet Cartridge, Black, Single Pack, Super High Yield, Includes 1 x Inkjet Cartridge, Brother Genuine Supplies",B01M6BSYME,TD Synnex,,4977766762199,LC3219XLC,,FALSE,FALSE,0.00%,0,0,0,0,0,0,0,10,2026-03-22,No Data
I2-6YKQ-CIBP,"SanDisk Cruzer Glide 32 GB USB Flash Drive USB 2.0 , Black & Red",B007YX9O9E,TD Synnex,,619659075576,SDCZ60-032G-B35,£3.96,FALSE,TRUE,5.00%,1.65,0,0,0,0,0,0,0,2026-01-11,Restock
R7-98IN-2PW8,"Max Factor Facefinity Matte Bronzer, 001",B08CHKHTWX,Shure Cosmetics,,,,,FALSE,FALSE,-22.00%,0.27,0,0,0,0,0,21,0,,Drop
TU-8I14-25ZR,"Yu-Gi-Oh! LDK2 Legendary Decks 2 2024 Unlimited Reprint, White, Black, Gray",B0CN5KRVXB,Bliss Distribution,,4012927182697,LD24RP,£12.66,FALSE,FALSE,13.00%,1.41,60,0,0,0,0,0,0,,Restock
GH-PONH-K4WQ,Ultimate Guard Katana Sleeves Japanese Size Black (60),B08L3FB3G2,Bliss Distribution,,4056133014885,UGD011054,£3.78,FALSE,TRUE,-35.00%,0.05,0,0,0,0,0,0,0,,Drop
KQ-XRZK-09KK,"The Army Painter, Warpaints Fanatic Mega Paint Set, 50 x 18 ml Acrylic Paints Including Metallic, Effects, Washes, 1 Model Making Holder and 1 Paint Brushes – Model Paints for Dnd and Warhammer",B0CSG9BFMJ,Bliss Distribution,,5713799806702,WP8067P,£71.02,FALSE,FALSE,0.00%,0,5,0,0,0,0,0,0,,No Data
F7-PMJ2-SG6A,"Dragon Shield AT-13201 Standard Size Perfect Fit Sealable (100 Sleeves), clear",B07RZBBG14,Bliss Distribution,,5706569132019,AT-13201,£2.70,FALSE,FALSE,35.00%,3.13,0,0,180,180,0,0,0,,Restock
N7-A24N-WJA7,"Disney 6315875812X12 25cm DAR Spiderverse Miles Morales Action Figure 25 cm Soft Toy with Glow in The Dark Eyes, One Size",B09NM9TVYX,Heo,,5400868014419,SIM6315875812X12,£3.01,TRUE,FALSE,48.00%,0.72,0,0,0,0,0,0,0,2026-01-11,Restock
R4-0AXZ-ZZ9D,"Minecraft Zombie Light - Officially Licensed Merchandise, Portable Night Light and Gaming Room Decor for Kids, Gift for Gamer, Battery Powered | Paladone, Green",B0844ZRHS9,Heo,,5055964742263,PP6592MCF,£4.85,TRUE,FALSE,18.00%,0.15,0,0,0,0,0,0,0,2026-01-11,Restock
Apply-B0CSGSCWTP,Star Wars The Black Series KB (At Attin) Skeleton Crew 15-cm Action Figure,B0CSGSCWTP,Heo,,5010996274946,HASF9991,£6.88,FALSE,FALSE,0.00%,0,0,10,0,0,0,0,0,,No Data
Apply-B0CSH9HXQ5,Star Wars The Black Series Jod Na Nawood Skeleton Crew 15-cm Action Figure,B0CSH9HXQ5,Heo,,5010996274908,HASF9987,£5.27,FALSE,FALSE,0.00%,0,0,10,0,0,0,0,0,,No Data
H4-86XG-NLX6,Funko Pop! Movies: Wicked - Fiyero - Collectable Vinyl Figure - Gift Idea - Official Merchandise - Toys for Kids & Adults - Movies Fans - Model Figure for Collectors and Display,B0CVNMZHZ6,Heo,,889698797498,FK79749,£3.25,FALSE,TRUE,-23.00%,0.05,0,0,0,0,0,0,0,2026-01-11,Drop
GH-XAAE-HRU7,Dishmatic Value Pack Kit – 1x Refillable Washing-Up Liquid Dispensing Handle with 6X Replaceable General-Purpose Sponge Heads – Antibacterial Kitchen Washing-Up Handle with Easy-Grip Handle,B072K2PG11,Stax,,5013931014935,116500,£2.37,FALSE,FALSE,0.00%,0,0,0,3,3,0,9,0,2026-01-11,No Data
DX-1NE9-39YS,"Rawlplug WetNFix Wall Filler for Hole Quick setting Pack of 10 | Fixing Wall Plugs perfect for oversized holes | Suitable for Masonry, Wood, and Plasterboard | Repair Kit white",B08MT6CW12,Stax,,5060021030009,103073,,FALSE,TRUE,0.00%,0,0,0,0,0,0,0,0,,No Data
G8-L8EI-INMK,"Brush-Baby Applemint Toothpaste for Babies & Toddlers | Stage 2-First Teeth | 0-36 Months, 50ml, Clear",B0054SB72I,DHB,,5060178101171,BRU020,£1.12,TRUE,FALSE,89.00%,0.47,0,0,0,0,0,0,0,2026-01-25,Restock
CY-5VNG-I5M8,Wisdom Pro Flex Interdental Brushes 0.70mm Yellow 25 Pack,B07Y354HMP,DHB,,5028763012547,WIS105,£2.22,TRUE,FALSE,56.00%,0.03,0,0,0,0,0,0,0,,Restock
4U-XT39-AMUJ,THE HUMBLE CO. - Interdental Brushes - Size 3-0.6 mm - Developed by Dentists - Designed in Sweden - Teeth Cleaning - Vegan & Cruelty-Free - 6p,B07RRQX71T,CLF,1,7350075692895,HBH30,£1.66,FALSE,TRUE,0.00%,0.09,0,0,0,0,0,0,0,2025-09-28,Drop
8W-I703-VOFQ,"LEXIBOOK, Peppa Pig, Walkie-Talkies 200m, Communication Game for Children, 2 Communication Channels, Belt Clip, Battery Operated, Blue, TW12PP",B074H6M7TW,Rashmian,,3380743064192,TW12PP,£9.95,FALSE,FALSE,0.00%,0,0,0,0,0,0,12,0,2026-01-11,No Data
FZ-YQYO-ICX5,"Groov-e Boston Wooden DAB & FM Digital Radio - Built-In Alarm Clock, Dynamic Range Control & Bluetooth Connectivity - LCD Display - Mains or Battery Operated - Portable Radio - 40 Preset Stations",B0BTTHVGD3,Rashmian,,5060108297332,GVDR08WD,£22.10,FALSE,FALSE,0.00%,0,10,0,0,0,0,0,0,2026-01-11,No Data
HJ-DHEU-9WG8,"OtterBox React Folio Case for iPad Pro 11"" M4 (2024), Shockproof, Drop proof, Ultra-Slim Protective Folio Case, Tested to Military Standard, Black",B0DHDCRX76,TD Synnex,,840304760367,77-95357,,TRUE,FALSE,0.00%,0,0,0,0,0,0,0,0,2026-01-11,No Data
WR-MNST-TKW6,"OtterBox React Folio Case for iPad 10th gen 2022, iPad 11th gen 2025 (A16), Shockproof, Drop proof, Ultra-Slim Protective Folio Case, Tested to Military Standard, Blue",B0BVZVSHZP,TD Synnex,,840304725380,77-92189,,FALSE,FALSE,0.00%,0,0,0,0,0,0,0,10,2026-03-22,No Data
3Q-8PJ1-BLBC,Kingston NV2 NVMe PCIe 4.0 Internal SSD 250GB M.2 2280 - SNV2S/250G,B0BBWH7DBT,TD Synnex,,740617329889,SNV2S/250G,,FALSE,FALSE,0.00%,0,0,0,0,0,0,0,10,2026-03-22,No Data
5Q-LUQ1-L14K,"OtterBox Defender Case for iPad Mini 8.3-Inch 7th gen 2024 (A17 Pro) / 6th gen 2021, Shockproof, Ultra-Rugged Protective Case with built in Screen Protector, 2x Tested to Military Standard, Black",B09MWLJFFX,TD Synnex,,840262369183,77-87476,,FALSE,FALSE,0.00%,0,0,0,0,0,0,0,10,2026-03-22,No Data
UN-2721-RX94,"OtterBox Defender Case for iPad Pro 11"" (1st gen/2nd gen/3rd gen/4th gen), Shockproof, Ultra-Rugged Protective Case with built in Screen Protector, 2x Tested to Military Standard, Black",B08ZJL6FGL,TD Synnex,,840104250969,77-82261,,FALSE,FALSE,0.00%,0,0,0,0,0,0,0,10,2026-03-22,No Data
06-6WC0-UGFH,"Brother TZe-242 Labelling Tape Cassette, 18 mm (W) x 8 m (L), Laminated, Brother Genuine Supplies - Red on White",B004YJLV6K,TD Synnex,,4977766685351,TZE242,,FALSE,FALSE,0.00%,0,0,0,0,0,0,0,10,2026-03-22,No Data
8D-Y151-NFFF,"Puressentiel Rest & Relax, Stress Roll-On - 5 ml - Helps promote Healthy Sleep, Stress Relief & Anxiety Relief Routines - Soothing, Relaxing & Naturally Calming Essential Oils - Aromatherapy",B0031DCJWU,CLF,,3401546259551,PE4,,FALSE,FALSE,0.00%,0,0,0,0,0,0,0,0,2026-04-05,No Data
REJECT,"Explore Cuisine Edamame & Mung Bean Fettuccine, Delicious Low Carb, Plant-based Vegan Pasta, High in Protein, High in Fibre, Gluten Free, Easy to Cook",B00OTOCKWO,CLF,,7640164290041,EAN1,,FALSE,TRUE,0.00%,0,0,0,0,0,0,0,0,,No Data
QV-8RC1-EYAM,"USDA Organic Frankincense Essential Oil, 10ml - 100% Pure Natural Undiluted, Therapeutic Grade for Aromatherapy | Premium Certified Organic | Cliganic 90 Days Warranty",B07DVPP57X,CLF,,855102007415,CGC39,,FALSE,FALSE,0.00%,0,0,0,0,0,0,0,0,2026-04-05,No Data
LP-QMNJ-J49G,CoComelon Children's Toothpaste - Strawberry Flavour - Sugar Free- 74ml - Award Winning,B0CL5DHG37,DHB,,5060228458170,KOK011,£0.70,FALSE,FALSE,253.00%,0.01,0,0,0,0,0,8,0,,Restock
W3-8FN7-FSP0,"Curaprox CS 5460 Ortho (Sortiert), Pack of 1 Unit",B004J71OSC,DHB,,7612412700077,CUR181,£2.99,FALSE,FALSE,0.00%,0,0,0,0,0,0,10,0,,No Data
C6-XGZB-J6QA,CURAPROX 1560 Soft 0.15mm Brush Colours Vary,B0083HIM7U,DHB,,7612412015607,CUR036X,£2.75,FALSE,FALSE,0.00%,0,0,0,0,0,6,34,0,,No Data
3N-WGU4-MT5X,"Curaprox CUR010 CPS15 Interdental Brush, Regular, Black, 1.8 mm-4 mm (Pack of 5)",B00SWSU5BG,DHB,,7612412015003,CUR010,£4.41,TRUE,FALSE,0.00%,0,0,0,0,0,0,0,0,,No Data
SE-UITZ-7CPY,"Minky PP23004003 Easy Medium Ironing Cover Fits Boards, 110 x 35 cm, Black",B006SYGN9O,Stax,,5010353045936,889159,£3.41,FALSE,FALSE,2.00%,0,0,0,2,2,0,0,0,,No Data
RB-1O77-8969,"Tacwise 0283 Type 91 / 15 mm Galvanised Narrow Crown Staples, Pack of 1",B000X2F4II,Stax,,5018505103084,784020,£2.60,FALSE,FALSE,-6.00%,0.25,0,0,4,4,0,6,0,,Drop