2026-02-18T13:07:21Z [2026-02-18T13:04:23Z] fail A015_build_system_health_check.py end_of_cycle rc=2
2026-02-18T13:07:21Z [2026-02-18T13:04:23Z] health_snapshot {"event":"health_snapshot","cycle_start_utc":"2026-02-18T13:04:23Z","health_snapshot_utc":"2026-02-18T13:07:21Z","fail":0,"warn":1,"fail_checks":[],"warn_checks":["b_cycle_recent_fail_lines"],"path":"C:\\Users\\Luke\\Desktop\\SellerOne 2.0\\out\\cycle_alerts\\checklist_B.csv"}
2026-02-18T13:07:21Z [2026-02-18T13:04:23Z] run A015_build_system_health_check.py profile=b shadow_compare
2026-02-18T13:07:24Z [2026-02-18T13:04:23Z] split_health_snapshot {"event":"split_health_snapshot","cycle_start_utc":"2026-02-18T13:04:23Z","health_snapshot_utc":"2026-02-18T13:07:24Z","fail":0,"warn":1,"fail_checks":[],"warn_checks":["b_cycle_recent_fail_lines"],"path":"C:\\Users\\Luke\\Desktop\\SellerOne 2.0\\out\\cycle_alerts\\checklist_B_split.csv"}
2026-02-18T13:07:24Z [2026-02-18T13:04:23Z] split_shadow_compare legacy_fail=0 legacy_warn=1 split_fail=0 split_warn=1 decision_match=1 a_match_streak=0 b_match_streak=42 e_match_streak=0 ready_for_cutover=0
2026-02-18T13:07:24Z [2026-02-18T13:04:23Z] cycle sleep 30s
2026-02-18T13:07:54Z [2026-02-18T13:04:23Z] manifest written C:\Users\Luke\Desktop\SellerOne 2.0\out\manifests\B\2026-02-18\B_20260218T130423Z.json
2026-02-18T13:07:54Z [2026-02-18T13:07:54Z] split_health mode_requested=shadow mode_effective=shadow
2026-02-18T13:07:54Z [2026-02-18T13:07:54Z] run B001_run_orders_to_sheet.py attempt 1
2026-02-18T13:08:59Z [2026-02-18T13:07:54Z] ok B001_run_orders_to_sheet.py
2026-02-18T13:08:59Z [2026-02-18T13:07:54Z] skip B002_run_pending_orders_to_sheet.py (last run 2850s ago)
2026-02-18T13:08:59Z [2026-02-18T13:07:54Z] run B030_sync_token_allocations_from_sheet.py attempt 1
2026-02-18T13:09:02Z [2026-02-18T13:07:54Z] ok B030_sync_token_allocations_from_sheet.py
2026-02-18T13:09:02Z [2026-02-18T13:07:54Z] run B007_allocate_tokens_live.py attempt 1
2026-02-18T13:09:08Z [2026-02-18T13:07:54Z] ok B007_allocate_tokens_live.py
2026-02-18T13:09:08Z [2026-02-18T13:07:54Z] run B025_build_token_cogs_ledger.py attempt 1
2026-02-18T13:09:09Z [2026-02-18T13:07:54Z] ok B025_build_token_cogs_ledger.py
2026-02-18T13:09:09Z [2026-02-18T13:07:54Z] run B004_build_order_master.py attempt 1
2026-02-18T13:09:46Z [2026-02-18T13:07:54Z] ok B004_build_order_master.py
2026-02-18T13:09:46Z [2026-02-18T13:07:54Z] run B011_recover_l3_orphans.py attempt 1
2026-02-18T13:09:46Z [2026-02-18T13:07:54Z] ok B011_recover_l3_orphans.py
2026-02-18T13:09:46Z [2026-02-18T13:07:54Z] skip listing_offer collection (already ran for 2026-02-18)
2026-02-18T13:09:46Z [2026-02-18T13:07:54Z] skip refunds_adjustments collection (last run 13805s ago)
2026-02-18T13:09:46Z [2026-02-18T13:07:54Z] health_gate snapshot FAIL=0 WARN=1 source=checklist_B.csv
2026-02-18T13:09:46Z [2026-02-18T13:07:54Z] publish Order_Master
2026-02-18T13:09:46Z [2026-02-18T13:07:54Z] run B004_build_order_master.py attempt 1
2026-02-18T13:10:37Z [2026-02-18T13:07:54Z] ok B004_build_order_master.py
2026-02-18T13:10:37Z [2026-02-18T13:07:54Z] publish P&L
2026-02-18T13:10:37Z [2026-02-18T13:07:54Z] run D001_build_pnl_daily.py attempt 1
2026-02-18T13:10:43Z [2026-02-18T13:07:54Z] ok D001_build_pnl_daily.py
2026-02-18T13:10:43Z [2026-02-18T13:07:54Z] run A015_build_system_health_check.py end_of_cycle attempt 1
2026-02-18T13:10:46Z [2026-02-18T13:07:54Z] fail A015_build_system_health_check.py end_of_cycle rc=2
2026-02-18T13:10:46Z [2026-02-18T13:07:54Z] health_snapshot {"event":"health_snapshot","cycle_start_utc":"2026-02-18T13:07:54Z","health_snapshot_utc":"2026-02-18T13:10:46Z","fail":1,"warn":3,"fail_checks":["l3_orphans_count"],"warn_checks":["b_cycle_recent_fail_lines","b_schema_orphan_order_items_failed","b_schema_orphan_order_items_recovered"],"path":"C:\\Users\\Luke\\Desktop\\SellerOne 2.0\\out\\cycle_alerts\\checklist_B.csv"}
2026-02-18T13:10:46Z [2026-02-18T13:07:54Z] run A015_build_system_health_check.py profile=b shadow_compare
2026-02-18T13:10:48Z [2026-02-18T13:07:54Z] split_health_snapshot {"event":"split_health_snapshot","cycle_start_utc":"2026-02-18T13:07:54Z","health_snapshot_utc":"2026-02-18T13:10:48Z","fail":1,"warn":3,"fail_checks":["l3_orphans_count"],"warn_checks":["b_cycle_recent_fail_lines","b_schema_orphan_order_items_failed","b_schema_orphan_order_items_recovered"],"path":"C:\\Users\\Luke\\Desktop\\SellerOne 2.0\\out\\cycle_alerts\\checklist_B_split.csv"}
2026-02-18T13:10:48Z [2026-02-18T13:07:54Z] split_shadow_compare legacy_fail=1 legacy_warn=3 split_fail=1 split_warn=3 decision_match=1 a_match_streak=0 b_match_streak=43 e_match_streak=0 ready_for_cutover=0
2026-02-18T13:10:48Z [2026-02-18T13:07:54Z] cycle sleep 30s
2026-02-18T13:11:18Z [2026-02-18T13:07:54Z] manifest written C:\Users\Luke\Desktop\SellerOne 2.0\out\manifests\B\2026-02-18\B_20260218T130754Z.json
2026-02-18T13:11:18Z [2026-02-18T13:11:18Z] split_health mode_requested=shadow mode_effective=shadow
2026-02-18T13:11:18Z [2026-02-18T13:11:18Z] run B001_run_orders_to_sheet.py attempt 1
2026-02-18T13:12:21Z [2026-02-18T13:11:18Z] ok B001_run_orders_to_sheet.py
2026-02-18T13:12:21Z [2026-02-18T13:11:18Z] skip B002_run_pending_orders_to_sheet.py (last run 3052s ago)
2026-02-18T13:12:21Z [2026-02-18T13:11:18Z] run B030_sync_token_allocations_from_sheet.py attempt 1
2026-02-18T13:12:24Z [2026-02-18T13:11:18Z] ok B030_sync_token_allocations_from_sheet.py
2026-02-18T13:12:24Z [2026-02-18T13:11:18Z] run B007_allocate_tokens_live.py attempt 1
2026-02-18T13:12:30Z [2026-02-18T13:11:18Z] ok B007_allocate_tokens_live.py
2026-02-18T13:12:30Z [2026-02-18T13:11:18Z] run B025_build_token_cogs_ledger.py attempt 1
2026-02-18T13:12:31Z [2026-02-18T13:11:18Z] ok B025_build_token_cogs_ledger.py
2026-02-18T13:12:31Z [2026-02-18T13:11:18Z] run B004_build_order_master.py attempt 1
2026-02-18T13:12:32Z [2026-02-18T13:11:18Z] retry B004_build_order_master.py in 2.0s
2026-02-18T13:12:34Z [2026-02-18T13:11:18Z] run B004_build_order_master.py attempt 2
2026-02-18T13:13:10Z [2026-02-18T13:11:18Z] ok B004_build_order_master.py
2026-02-18T13:13:10Z [2026-02-18T13:11:18Z] run B011_recover_l3_orphans.py attempt 1
2026-02-18T13:13:11Z [2026-02-18T13:11:18Z] ok B011_recover_l3_orphans.py
2026-02-18T13:13:11Z [2026-02-18T13:11:18Z] skip listing_offer collection (already ran for 2026-02-18)
2026-02-18T13:13:11Z [2026-02-18T13:11:18Z] skip refunds_adjustments collection (last run 14010s ago)
2026-02-18T13:13:11Z [2026-02-18T13:11:18Z] health_gate snapshot FAIL=1 WARN=3 source=checklist_B.csv
2026-02-18T13:13:11Z [2026-02-18T13:11:18Z] health_gate snapshot FAIL - skip publish
2026-02-18T13:13:11Z [2026-02-18T13:11:18Z] run A015_build_system_health_check.py end_of_cycle attempt 1
2026-02-18T13:13:14Z [2026-02-18T13:11:18Z] fail A015_build_system_health_check.py end_of_cycle rc=2
2026-02-18T13:13:14Z [2026-02-18T13:11:18Z] health_snapshot {"event":"health_snapshot","cycle_start_utc":"2026-02-18T13:11:18Z","health_snapshot_utc":"2026-02-18T13:13:14Z","fail":1,"warn":1,"fail_checks":["l3_orphans_count"],"warn_checks":["b_cycle_recent_fail_lines"],"path":"C:\\Users\\Luke\\Desktop\\SellerOne 2.0\\out\\cycle_alerts\\checklist_B.csv"}
2026-02-18T13:13:14Z [2026-02-18T13:11:18Z] run A015_build_system_health_check.py profile=b shadow_compare
2026-02-18T13:13:16Z [2026-02-18T13:11:18Z] split_health_snapshot {"event":"split_health_snapshot","cycle_start_utc":"2026-02-18T13:11:18Z","health_snapshot_utc":"2026-02-18T13:13:16Z","fail":1,"warn":1,"fail_checks":["l3_orphans_count"],"warn_checks":["b_cycle_recent_fail_lines"],"path":"C:\\Users\\Luke\\Desktop\\SellerOne 2.0\\out\\cycle_alerts\\checklist_B_split.csv"}
2026-02-18T13:13:16Z [2026-02-18T13:11:18Z] split_shadow_compare legacy_fail=1 legacy_warn=1 split_fail=1 split_warn=1 decision_match=1 a_match_streak=0 b_match_streak=44 e_match_streak=0 ready_for_cutover=0
2026-02-18T13:13:16Z [2026-02-18T13:11:18Z] cycle sleep 30s
2026-02-18T13:13:46Z [2026-02-18T13:11:18Z] manifest written C:\Users\Luke\Desktop\SellerOne 2.0\out\manifests\B\2026-02-18\B_20260218T131118Z.json
2026-02-18T13:13:46Z [2026-02-18T13:13:46Z] split_health mode_requested=shadow mode_effective=shadow
2026-02-18T13:13:46Z [2026-02-18T13:13:46Z] run B001_run_orders_to_sheet.py attempt 1
2026-02-18T13:19:17Z [2026-02-18T13:13:46Z] ok B001_run_orders_to_sheet.py
2026-02-18T13:19:17Z [2026-02-18T13:13:46Z] skip B002_run_pending_orders_to_sheet.py (last run 3467s ago)
2026-02-18T13:19:17Z [2026-02-18T13:13:46Z] run B030_sync_token_allocations_from_sheet.py attempt 1
2026-02-18T13:19:22Z [2026-02-18T13:13:46Z] ok B030_sync_token_allocations_from_sheet.py
2026-02-18T13:19:22Z [2026-02-18T13:13:46Z] run B007_allocate_tokens_live.py attempt 1
2026-02-18T13:19:29Z [2026-02-18T13:13:46Z] ok B007_allocate_tokens_live.py
2026-02-18T13:19:29Z [2026-02-18T13:13:46Z] run B025_build_token_cogs_ledger.py attempt 1
2026-02-18T13:19:30Z [2026-02-18T13:13:46Z] ok B025_build_token_cogs_ledger.py
2026-02-18T13:19:30Z [2026-02-18T13:13:46Z] run B004_build_order_master.py attempt 1
2026-02-18T13:20:07Z [2026-02-18T13:13:46Z] ok B004_build_order_master.py
2026-02-18T13:20:07Z [2026-02-18T13:13:46Z] run B011_recover_l3_orphans.py attempt 1
2026-02-18T13:20:08Z [2026-02-18T13:13:46Z] ok B011_recover_l3_orphans.py
2026-02-18T13:20:08Z [2026-02-18T13:13:46Z] skip listing_offer collection (already ran for 2026-02-18)
2026-02-18T13:20:08Z [2026-02-18T13:13:46Z] run refunds_adjustments collection attempt 1
2026-02-18T13:20:11Z [2026-02-18T13:13:46Z] ok refunds_adjustments collection
2026-02-18T13:20:11Z [2026-02-18T13:13:46Z] health_gate snapshot FAIL=1 WARN=1 source=checklist_B.csv
2026-02-18T13:20:11Z [2026-02-18T13:13:46Z] health_gate snapshot FAIL - skip publish
2026-02-18T13:20:11Z [2026-02-18T13:13:46Z] run A015_build_system_health_check.py end_of_cycle attempt 1
2026-02-18T13:20:13Z [2026-02-18T13:13:46Z] fail A015_build_system_health_check.py end_of_cycle rc=2
2026-02-18T13:20:13Z [2026-02-18T13:13:46Z] health_snapshot {"event":"health_snapshot","cycle_start_utc":"2026-02-18T13:13:46Z","health_snapshot_utc":"2026-02-18T13:20:13Z","fail":1,"warn":1,"fail_checks":["l3_orphans_count"],"warn_checks":["b_cycle_recent_fail_lines"],"path":"C:\\Users\\Luke\\Desktop\\SellerOne 2.0\\out\\cycle_alerts\\checklist_B.csv"}
2026-02-18T13:20:13Z [2026-02-18T13:13:46Z] run A015_build_system_health_check.py profile=b shadow_compare
2026-02-18T13:20:16Z [2026-02-18T13:13:46Z] split_health_snapshot {"event":"split_health_snapshot","cycle_start_utc":"2026-02-18T13:13:46Z","health_snapshot_utc":"2026-02-18T13:20:16Z","fail":1,"warn":1,"fail_checks":["l3_orphans_count"],"warn_checks":["b_cycle_recent_fail_lines"],"path":"C:\\Users\\Luke\\Desktop\\SellerOne 2.0\\out\\cycle_alerts\\checklist_B_split.csv"}
2026-02-18T13:20:16Z [2026-02-18T13:13:46Z] split_shadow_compare legacy_fail=1 legacy_warn=1 split_fail=1 split_warn=1 decision_match=1 a_match_streak=0 b_match_streak=45 e_match_streak=0 ready_for_cutover=0
2026-02-18T13:20:16Z [2026-02-18T13:13:46Z] cycle sleep 30s
2026-02-18T13:20:46Z [2026-02-18T13:13:46Z] manifest written C:\Users\Luke\Desktop\SellerOne 2.0\out\manifests\B\2026-02-18\B_20260218T131346Z.json
2026-02-18T13:20:46Z [2026-02-18T13:20:46Z] split_health mode_requested=shadow mode_effective=shadow
2026-02-18T13:20:46Z [2026-02-18T13:20:46Z] run B001_run_orders_to_sheet.py attempt 1
2026-02-18T13:21:39Z [2026-02-18T13:20:46Z] ok B001_run_orders_to_sheet.py
2026-02-18T13:21:39Z [2026-02-18T13:20:46Z] run B002_run_pending_orders_to_sheet.py attempt 1
2026-02-18T13:22:54Z [2026-02-18T13:20:46Z] ok B002_run_pending_orders_to_sheet.py
2026-02-18T13:22:54Z [2026-02-18T13:20:46Z] run B030_sync_token_allocations_from_sheet.py attempt 1
2026-02-18T13:22:57Z [2026-02-18T13:20:46Z] ok B030_sync_token_allocations_from_sheet.py
2026-02-18T13:22:57Z [2026-02-18T13:20:46Z] run B007_allocate_tokens_live.py attempt 1
2026-02-18T13:23:03Z [2026-02-18T13:20:46Z] ok B007_allocate_tokens_live.py
2026-02-18T13:23:03Z [2026-02-18T13:20:46Z] run B025_build_token_cogs_ledger.py attempt 1
2026-02-18T13:23:04Z [2026-02-18T13:20:46Z] ok B025_build_token_cogs_ledger.py
2026-02-18T13:23:04Z [2026-02-18T13:20:46Z] run B004_build_order_master.py attempt 1
2026-02-18T13:23:43Z [2026-02-18T13:20:46Z] ok B004_build_order_master.py
2026-02-18T13:23:43Z [2026-02-18T13:20:46Z] run B011_recover_l3_orphans.py attempt 1
2026-02-18T13:26:34Z [2026-02-18T13:20:46Z] retry B011_recover_l3_orphans.py in 2.0s
2026-02-20T09:17:54Z [-] lock_recovered path=C:\Users\Luke\AppData\Local\Temp\b_lock_test_ixro5j0a\B_cycle.lock reason=dead_pid pid=999999
2026-02-21T11:58:35Z [2026-02-21T11:58:35Z] split_health mode_requested=shadow mode_effective=shadow
2026-02-21T11:58:35Z [2026-02-21T11:58:35Z] run B001_run_orders_to_sheet.py attempt 1
2026-02-21T11:59:45Z [2026-02-21T11:58:35Z] ok B001_run_orders_to_sheet.py
2026-02-21T11:59:45Z [2026-02-21T11:58:35Z] run B002_run_pending_orders_to_sheet.py attempt 1
2026-02-21T12:01:11Z [2026-02-21T11:58:35Z] ok B002_run_pending_orders_to_sheet.py
2026-02-21T12:01:11Z [2026-02-21T11:58:35Z] run B030_sync_token_allocations_from_sheet.py attempt 1
2026-02-21T12:01:11Z [2026-02-21T11:58:35Z] retry B030_sync_token_allocations_from_sheet.py in 2.0s; stderr_tail=from scripts.core.out_paths import resolve_compat_path, write_csv_with_compat | ModuleNotFoundError: No module named 'scripts.core'
2026-02-21T12:01:13Z [2026-02-21T11:58:35Z] run B030_sync_token_allocations_from_sheet.py attempt 2
2026-02-21T12:01:14Z [2026-02-21T11:58:35Z] retry B030_sync_token_allocations_from_sheet.py in 4.0s; stderr_tail=from scripts.core.out_paths import resolve_compat_path, write_csv_with_compat | ModuleNotFoundError: No module named 'scripts.core'
2026-02-21T12:01:18Z [2026-02-21T11:58:35Z] run B030_sync_token_allocations_from_sheet.py attempt 3
2026-02-21T12:01:19Z [2026-02-21T11:58:35Z] retry B030_sync_token_allocations_from_sheet.py in 8.0s; stderr_tail=from scripts.core.out_paths import resolve_compat_path, write_csv_with_compat | ModuleNotFoundError: No module named 'scripts.core'
2026-02-21T12:01:27Z [2026-02-21T11:58:35Z] run B030_sync_token_allocations_from_sheet.py attempt 4
2026-02-21T12:01:28Z [2026-02-21T11:58:35Z] retry B030_sync_token_allocations_from_sheet.py in 16.0s; stderr_tail=from scripts.core.out_paths import resolve_compat_path, write_csv_with_compat | ModuleNotFoundError: No module named 'scripts.core'
2026-02-21T12:01:44Z [2026-02-21T11:58:35Z] run B030_sync_token_allocations_from_sheet.py attempt 5
2026-02-21T12:01:44Z [2026-02-21T11:58:35Z] fail B030_sync_token_allocations_from_sheet.py after 5; stderr_tail=File "C:\Users\Luke\Desktop\SellerOne 2.0\scripts\flows\B\B030_sync_token_allocations_from_sheet.py", line 15, in <module> | from scripts.core.out_paths import resolve_compat_path, write_csv_with_compat | ModuleNotFoundError: No module named 'scripts.core'
2026-02-21T12:01:44Z [2026-02-21T11:58:35Z] run B007_allocate_tokens_live.py attempt 1
2026-02-21T12:01:46Z [2026-02-21T11:58:35Z] retry B007_allocate_tokens_live.py in 2.0s; stderr_tail=from scripts.core.out_paths import resolve_compat_path, write_csv_with_compat | ModuleNotFoundError: No module named 'scripts.core'
2026-02-21T12:01:48Z [2026-02-21T11:58:35Z] run B007_allocate_tokens_live.py attempt 2
2026-02-21T12:01:49Z [2026-02-21T11:58:35Z] retry B007_allocate_tokens_live.py in 4.0s; stderr_tail=from scripts.core.out_paths import resolve_compat_path, write_csv_with_compat | ModuleNotFoundError: No module named 'scripts.core'
2026-02-21T12:01:53Z [2026-02-21T11:58:35Z] run B007_allocate_tokens_live.py attempt 3
2026-02-21T12:01:55Z [2026-02-21T11:58:35Z] retry B007_allocate_tokens_live.py in 8.0s; stderr_tail=from scripts.core.out_paths import resolve_compat_path, write_csv_with_compat | ModuleNotFoundError: No module named 'scripts.core'
2026-02-21T12:02:03Z [2026-02-21T11:58:35Z] run B007_allocate_tokens_live.py attempt 4
2026-02-21T12:02:04Z [2026-02-21T11:58:35Z] retry B007_allocate_tokens_live.py in 16.0s; stderr_tail=from scripts.core.out_paths import resolve_compat_path, write_csv_with_compat | ModuleNotFoundError: No module named 'scripts.core'
2026-02-21T12:02:20Z [2026-02-21T11:58:35Z] run B007_allocate_tokens_live.py attempt 5
2026-02-21T12:02:22Z [2026-02-21T11:58:35Z] fail B007_allocate_tokens_live.py after 5; stderr_tail=File "C:\Users\Luke\Desktop\SellerOne 2.0\scripts\flows\B\B007_allocate_tokens_live.py", line 21, in <module> | from scripts.core.out_paths import resolve_compat_path, write_csv_with_compat | ModuleNotFoundError: No module named 'scripts.core'
2026-02-21T12:02:22Z [2026-02-21T11:58:35Z] run B025_build_token_cogs_ledger.py attempt 1
2026-02-21T12:02:23Z [2026-02-21T11:58:35Z] ok B025_build_token_cogs_ledger.py
2026-02-21T12:02:23Z [2026-02-21T11:58:35Z] run B004_build_order_master.py attempt 1
2026-02-21T12:02:58Z [2026-02-21T11:58:35Z] ok B004_build_order_master.py
2026-02-21T12:02:58Z [2026-02-21T11:58:35Z] run B011_recover_l3_orphans.py attempt 1
2026-02-21T12:02:59Z [2026-02-21T11:58:35Z] retry B011_recover_l3_orphans.py in 2.0s; stderr_tail=from scripts.core.script_locator import resolve_script_path | ModuleNotFoundError: No module named 'scripts.core'
2026-02-21T12:03:01Z [2026-02-21T11:58:35Z] run B011_recover_l3_orphans.py attempt 2
2026-02-21T12:03:02Z [2026-02-21T11:58:35Z] retry B011_recover_l3_orphans.py in 4.0s; stderr_tail=from scripts.core.script_locator import resolve_script_path | ModuleNotFoundError: No module named 'scripts.core'
2026-02-21T12:03:06Z [2026-02-21T11:58:35Z] run B011_recover_l3_orphans.py attempt 3
2026-02-21T12:03:06Z [2026-02-21T11:58:35Z] retry B011_recover_l3_orphans.py in 8.0s; stderr_tail=from scripts.core.script_locator import resolve_script_path | ModuleNotFoundError: No module named 'scripts.core'
2026-02-21T12:03:14Z [2026-02-21T11:58:35Z] run B011_recover_l3_orphans.py attempt 4
2026-02-21T12:03:15Z [2026-02-21T11:58:35Z] retry B011_recover_l3_orphans.py in 16.0s; stderr_tail=from scripts.core.script_locator import resolve_script_path | ModuleNotFoundError: No module named 'scripts.core'
2026-02-21T12:03:31Z [2026-02-21T11:58:35Z] run B011_recover_l3_orphans.py attempt 5
2026-02-21T12:03:32Z [2026-02-21T11:58:35Z] fail B011_recover_l3_orphans.py after 5; stderr_tail=File "C:\Users\Luke\Desktop\SellerOne 2.0\scripts\flows\B\B011_recover_l3_orphans.py", line 21, in <module> | from scripts.core.script_locator import resolve_script_path | ModuleNotFoundError: No module named 'scripts.core'
2026-02-21T12:03:32Z [2026-02-21T11:58:35Z] run listing_offer collection attempt 1
2026-02-21T12:08:01Z [2026-02-21T11:58:35Z] ok listing_offer collection
2026-02-21T12:08:01Z [2026-02-21T11:58:35Z] run refunds_adjustments collection attempt 1
2026-02-21T12:08:04Z [2026-02-21T11:58:35Z] ok refunds_adjustments collection
2026-02-21T12:08:04Z [2026-02-21T11:58:35Z] health_gate snapshot FAIL=0 WARN=0 source=checklist_B.csv
2026-02-21T12:08:04Z [2026-02-21T11:58:35Z] publish Order_Master
2026-02-21T12:08:04Z [2026-02-21T11:58:35Z] run B004_build_order_master.py attempt 1
2026-02-21T12:08:55Z [2026-02-21T11:58:35Z] ok B004_build_order_master.py
2026-02-21T12:08:55Z [2026-02-21T11:58:35Z] publish P&L
2026-02-21T12:08:55Z [2026-02-21T11:58:35Z] run D001_build_pnl_daily.py attempt 1
2026-02-21T12:08:59Z [2026-02-21T11:58:35Z] ok D001_build_pnl_daily.py
2026-02-21T12:08:59Z [2026-02-21T11:58:35Z] run A015_build_system_health_check.py profile=b end_of_cycle shadow_legacy
2026-02-21T12:09:07Z [2026-02-21T11:58:35Z] ok A015_build_system_health_check.py profile=b end_of_cycle shadow_legacy
2026-02-21T12:09:07Z [2026-02-21T11:58:35Z] health_snapshot {"event":"health_snapshot","cycle_start_utc":"2026-02-21T11:58:35Z","health_snapshot_utc":"2026-02-21T12:09:06Z","fail":0,"warn":0,"fail_checks":[],"warn_checks":[],"path":"C:\\Users\\Luke\\Desktop\\SellerOne 2.0\\out\\cycle_alerts\\checklist_B.csv"}
2026-02-21T12:09:07Z [2026-02-21T11:58:35Z] run A015_build_system_health_check.py profile=b shadow_compare
2026-02-21T12:09:13Z [2026-02-21T11:58:35Z] split_health_snapshot {"event":"split_health_snapshot","cycle_start_utc":"2026-02-21T11:58:35Z","health_snapshot_utc":"2026-02-21T12:09:13Z","fail":0,"warn":0,"fail_checks":[],"warn_checks":[],"path":"C:\\Users\\Luke\\Desktop\\SellerOne 2.0\\out\\cycle_alerts\\checklist_B_split.csv"}
2026-02-21T12:09:13Z [2026-02-21T11:58:35Z] split_shadow_compare legacy_fail=0 legacy_warn=0 split_fail=0 split_warn=0 decision_match=1 a_match_streak=1 b_match_streak=210 e_match_streak=0 ready_for_cutover=0
2026-02-21T12:09:13Z [2026-02-21T11:58:35Z] cycle sleep 30s
2026-02-21T12:09:43Z [2026-02-21T11:58:35Z] manifest written C:\Users\Luke\Desktop\SellerOne 2.0\out\manifests\B\2026-02-21\B_20260221T115835Z.json
2026-02-21T12:09:43Z [2026-02-21T12:09:43Z] split_health mode_requested=shadow mode_effective=shadow
2026-02-21T12:09:43Z [2026-02-21T12:09:43Z] run B001_run_orders_to_sheet.py attempt 1
2026-02-21T12:10:44Z [2026-02-21T12:09:43Z] ok B001_run_orders_to_sheet.py
2026-02-21T12:10:44Z [2026-02-21T12:09:43Z] skip B002_run_pending_orders_to_sheet.py (last run 574s ago)
2026-02-21T12:10:44Z [2026-02-21T12:09:43Z] run B030_sync_token_allocations_from_sheet.py attempt 1
2026-02-21T12:10:45Z [2026-02-21T12:09:43Z] retry B030_sync_token_allocations_from_sheet.py in 2.0s; stderr_tail=from scripts.core.out_paths import resolve_compat_path, write_csv_with_compat | ModuleNotFoundError: No module named 'scripts.core'
2026-02-21T12:10:47Z [2026-02-21T12:09:43Z] run B030_sync_token_allocations_from_sheet.py attempt 2
2026-02-21T12:10:48Z [2026-02-21T12:09:43Z] retry B030_sync_token_allocations_from_sheet.py in 4.0s; stderr_tail=from scripts.core.out_paths import resolve_compat_path, write_csv_with_compat | ModuleNotFoundError: No module named 'scripts.core'
2026-02-21T12:10:52Z [2026-02-21T12:09:43Z] run B030_sync_token_allocations_from_sheet.py attempt 3
2026-02-21T12:10:52Z [2026-02-21T12:09:43Z] retry B030_sync_token_allocations_from_sheet.py in 8.0s; stderr_tail=from scripts.core.out_paths import resolve_compat_path, write_csv_with_compat | ModuleNotFoundError: No module named 'scripts.core'
2026-02-21T12:11:00Z [2026-02-21T12:09:43Z] run B030_sync_token_allocations_from_sheet.py attempt 4
2026-02-21T12:11:01Z [2026-02-21T12:09:43Z] retry B030_sync_token_allocations_from_sheet.py in 16.0s; stderr_tail=from scripts.core.out_paths import resolve_compat_path, write_csv_with_compat | ModuleNotFoundError: No module named 'scripts.core'
2026-02-21T12:11:17Z [2026-02-21T12:09:43Z] run B030_sync_token_allocations_from_sheet.py attempt 5
2026-02-21T12:11:18Z [2026-02-21T12:09:43Z] fail B030_sync_token_allocations_from_sheet.py after 5; stderr_tail=File "C:\Users\Luke\Desktop\SellerOne 2.0\scripts\flows\B\B030_sync_token_allocations_from_sheet.py", line 15, in <module> | from scripts.core.out_paths import resolve_compat_path, write_csv_with_compat | ModuleNotFoundError: No module named 'scripts.core'
2026-02-21T12:11:18Z [2026-02-21T12:09:43Z] run B007_allocate_tokens_live.py attempt 1
2026-02-21T12:11:19Z [2026-02-21T12:09:43Z] retry B007_allocate_tokens_live.py in 2.0s; stderr_tail=from scripts.core.out_paths import resolve_compat_path, write_csv_with_compat | ModuleNotFoundError: No module named 'scripts.core'
2026-02-21T12:11:21Z [2026-02-21T12:09:43Z] run B007_allocate_tokens_live.py attempt 2
2026-02-21T12:11:23Z [2026-02-21T12:09:43Z] retry B007_allocate_tokens_live.py in 4.0s; stderr_tail=from scripts.core.out_paths import resolve_compat_path, write_csv_with_compat | ModuleNotFoundError: No module named 'scripts.core'
2026-02-21T12:11:27Z [2026-02-21T12:09:43Z] run B007_allocate_tokens_live.py attempt 3
2026-02-21T12:11:28Z [2026-02-21T12:09:43Z] retry B007_allocate_tokens_live.py in 8.0s; stderr_tail=from scripts.core.out_paths import resolve_compat_path, write_csv_with_compat | ModuleNotFoundError: No module named 'scripts.core'
2026-02-21T12:11:36Z [2026-02-21T12:09:43Z] run B007_allocate_tokens_live.py attempt 4
2026-02-21T12:11:38Z [2026-02-21T12:09:43Z] retry B007_allocate_tokens_live.py in 16.0s; stderr_tail=from scripts.core.out_paths import resolve_compat_path, write_csv_with_compat | ModuleNotFoundError: No module named 'scripts.core'
2026-02-21T12:11:54Z [2026-02-21T12:09:43Z] run B007_allocate_tokens_live.py attempt 5
2026-02-21T12:11:55Z [2026-02-21T12:09:43Z] fail B007_allocate_tokens_live.py after 5; stderr_tail=File "C:\Users\Luke\Desktop\SellerOne 2.0\scripts\flows\B\B007_allocate_tokens_live.py", line 21, in <module> | from scripts.core.out_paths import resolve_compat_path, write_csv_with_compat | ModuleNotFoundError: No module named 'scripts.core'
2026-02-21T12:11:55Z [2026-02-21T12:09:43Z] run B025_build_token_cogs_ledger.py attempt 1
2026-02-21T12:11:56Z [2026-02-21T12:09:43Z] ok B025_build_token_cogs_ledger.py
2026-02-21T12:11:56Z [2026-02-21T12:09:43Z] run B004_build_order_master.py attempt 1
2026-02-21T12:12:33Z [2026-02-21T12:09:43Z] ok B004_build_order_master.py
2026-02-21T12:12:33Z [2026-02-21T12:09:43Z] run B011_recover_l3_orphans.py attempt 1
2026-02-21T12:12:34Z [2026-02-21T12:09:43Z] retry B011_recover_l3_orphans.py in 2.0s; stderr_tail=from scripts.core.script_locator import resolve_script_path | ModuleNotFoundError: No module named 'scripts.core'
2026-02-21T12:12:36Z [2026-02-21T12:09:43Z] run B011_recover_l3_orphans.py attempt 2
2026-02-21T12:12:36Z [2026-02-21T12:09:43Z] retry B011_recover_l3_orphans.py in 4.0s; stderr_tail=from scripts.core.script_locator import resolve_script_path | ModuleNotFoundError: No module named 'scripts.core'
2026-02-21T12:12:40Z [2026-02-21T12:09:43Z] run B011_recover_l3_orphans.py attempt 3
2026-02-21T12:12:41Z [2026-02-21T12:09:43Z] retry B011_recover_l3_orphans.py in 8.0s; stderr_tail=from scripts.core.script_locator import resolve_script_path | ModuleNotFoundError: No module named 'scripts.core'
2026-02-21T12:12:49Z [2026-02-21T12:09:43Z] run B011_recover_l3_orphans.py attempt 4
2026-02-21T12:12:50Z [2026-02-21T12:09:43Z] retry B011_recover_l3_orphans.py in 16.0s; stderr_tail=from scripts.core.script_locator import resolve_script_path | ModuleNotFoundError: No module named 'scripts.core'
2026-02-21T12:13:06Z [2026-02-21T12:09:43Z] run B011_recover_l3_orphans.py attempt 5
2026-02-21T12:13:06Z [2026-02-21T12:09:43Z] fail B011_recover_l3_orphans.py after 5; stderr_tail=File "C:\Users\Luke\Desktop\SellerOne 2.0\scripts\flows\B\B011_recover_l3_orphans.py", line 21, in <module> | from scripts.core.script_locator import resolve_script_path | ModuleNotFoundError: No module named 'scripts.core'
2026-02-21T12:13:06Z [2026-02-21T12:09:43Z] skip listing_offer collection (last run 306s ago)
2026-02-21T12:13:06Z [2026-02-21T12:09:43Z] skip refunds_adjustments collection (last run 303s ago)
2026-02-21T12:13:06Z [2026-02-21T12:09:43Z] health_gate snapshot FAIL=0 WARN=0 source=checklist_B.csv
2026-02-21T12:13:06Z [2026-02-21T12:09:43Z] publish Order_Master
2026-02-21T12:13:06Z [2026-02-21T12:09:43Z] run B004_build_order_master.py attempt 1
2026-02-21T12:13:59Z [2026-02-21T12:09:43Z] ok B004_build_order_master.py
2026-02-21T12:13:59Z [2026-02-21T12:09:43Z] publish P&L
2026-02-21T12:13:59Z [2026-02-21T12:09:43Z] run D001_build_pnl_daily.py attempt 1
2026-02-21T12:14:05Z [2026-02-21T12:09:43Z] ok D001_build_pnl_daily.py
2026-02-21T12:14:05Z [2026-02-21T12:09:43Z] run A015_build_system_health_check.py profile=b end_of_cycle shadow_legacy
2026-02-21T12:14:13Z [2026-02-21T12:09:43Z] ok A015_build_system_health_check.py profile=b end_of_cycle shadow_legacy
2026-02-21T12:14:13Z [2026-02-21T12:09:43Z] health_snapshot {"event":"health_snapshot","cycle_start_utc":"2026-02-21T12:09:43Z","health_snapshot_utc":"2026-02-21T12:14:12Z","fail":0,"warn":0,"fail_checks":[],"warn_checks":[],"path":"C:\\Users\\Luke\\Desktop\\SellerOne 2.0\\out\\cycle_alerts\\checklist_B.csv"}
2026-02-21T12:14:13Z [2026-02-21T12:09:43Z] run A015_build_system_health_check.py profile=b shadow_compare
2026-02-21T12:14:21Z [2026-02-21T12:09:43Z] split_health_snapshot {"event":"split_health_snapshot","cycle_start_utc":"2026-02-21T12:09:43Z","health_snapshot_utc":"2026-02-21T12:14:21Z","fail":0,"warn":0,"fail_checks":[],"warn_checks":[],"path":"C:\\Users\\Luke\\Desktop\\SellerOne 2.0\\out\\cycle_alerts\\checklist_B_split.csv"}
2026-02-21T12:14:21Z [2026-02-21T12:09:43Z] split_shadow_compare legacy_fail=0 legacy_warn=0 split_fail=0 split_warn=0 decision_match=1 a_match_streak=1 b_match_streak=211 e_match_streak=0 ready_for_cutover=0
2026-02-21T12:14:21Z [2026-02-21T12:09:43Z] cycle sleep 30s
2026-02-21T12:14:51Z [2026-02-21T12:09:43Z] manifest written C:\Users\Luke\Desktop\SellerOne 2.0\out\manifests\B\2026-02-21\B_20260221T120943Z.json
2026-02-21T12:14:51Z [2026-02-21T12:14:51Z] split_health mode_requested=shadow mode_effective=shadow
2026-02-21T12:14:51Z [2026-02-21T12:14:51Z] run B001_run_orders_to_sheet.py attempt 1
2026-02-21T12:15:54Z [2026-02-21T12:14:51Z] ok B001_run_orders_to_sheet.py
2026-02-21T12:15:54Z [2026-02-21T12:14:51Z] skip B002_run_pending_orders_to_sheet.py (last run 883s ago)
2026-02-21T12:15:54Z [2026-02-21T12:14:51Z] run B030_sync_token_allocations_from_sheet.py attempt 1
2026-02-21T12:15:54Z [2026-02-21T12:14:51Z] retry B030_sync_token_allocations_from_sheet.py in 2.0s; stderr_tail=from scripts.core.out_paths import resolve_compat_path, write_csv_with_compat | ModuleNotFoundError: No module named 'scripts.core'
2026-02-21T12:15:56Z [2026-02-21T12:14:51Z] run B030_sync_token_allocations_from_sheet.py attempt 2
2026-02-21T12:15:57Z [2026-02-21T12:14:51Z] retry B030_sync_token_allocations_from_sheet.py in 4.0s; stderr_tail=from scripts.core.out_paths import resolve_compat_path, write_csv_with_compat | ModuleNotFoundError: No module named 'scripts.core'
2026-02-21T12:16:01Z [2026-02-21T12:14:51Z] run B030_sync_token_allocations_from_sheet.py attempt 3
2026-02-21T12:16:02Z [2026-02-21T12:14:51Z] retry B030_sync_token_allocations_from_sheet.py in 8.0s; stderr_tail=from scripts.core.out_paths import resolve_compat_path, write_csv_with_compat | ModuleNotFoundError: No module named 'scripts.core'
2026-02-21T12:16:10Z [2026-02-21T12:14:51Z] run B030_sync_token_allocations_from_sheet.py attempt 4
2026-02-21T12:16:10Z [2026-02-21T12:14:51Z] retry B030_sync_token_allocations_from_sheet.py in 16.0s; stderr_tail=from scripts.core.out_paths import resolve_compat_path, write_csv_with_compat | ModuleNotFoundError: No module named 'scripts.core'
2026-02-21T12:16:26Z [2026-02-21T12:14:51Z] run B030_sync_token_allocations_from_sheet.py attempt 5
2026-02-21T12:16:27Z [2026-02-21T12:14:51Z] fail B030_sync_token_allocations_from_sheet.py after 5; stderr_tail=File "C:\Users\Luke\Desktop\SellerOne 2.0\scripts\flows\B\B030_sync_token_allocations_from_sheet.py", line 15, in <module> | from scripts.core.out_paths import resolve_compat_path, write_csv_with_compat | ModuleNotFoundError: No module named 'scripts.core'
2026-02-21T12:16:27Z [2026-02-21T12:14:51Z] run B007_allocate_tokens_live.py attempt 1
2026-02-21T12:16:29Z [2026-02-21T12:14:51Z] retry B007_allocate_tokens_live.py in 2.0s; stderr_tail=from scripts.core.out_paths import resolve_compat_path, write_csv_with_compat | ModuleNotFoundError: No module named 'scripts.core'
2026-02-21T12:16:31Z [2026-02-21T12:14:51Z] run B007_allocate_tokens_live.py attempt 2
2026-02-21T12:16:32Z [2026-02-21T12:14:51Z] retry B007_allocate_tokens_live.py in 4.0s; stderr_tail=from scripts.core.out_paths import resolve_compat_path, write_csv_with_compat | ModuleNotFoundError: No module named 'scripts.core'
2026-02-21T12:16:36Z [2026-02-21T12:14:51Z] run B007_allocate_tokens_live.py attempt 3
2026-02-21T12:16:38Z [2026-02-21T12:14:51Z] retry B007_allocate_tokens_live.py in 8.0s; stderr_tail=from scripts.core.out_paths import resolve_compat_path, write_csv_with_compat | ModuleNotFoundError: No module named 'scripts.core'
2026-02-21T12:16:46Z [2026-02-21T12:14:51Z] run B007_allocate_tokens_live.py attempt 4
2026-02-21T12:16:47Z [2026-02-21T12:14:51Z] retry B007_allocate_tokens_live.py in 16.0s; stderr_tail=from scripts.core.out_paths import resolve_compat_path, write_csv_with_compat | ModuleNotFoundError: No module named 'scripts.core'
2026-02-21T12:17:03Z [2026-02-21T12:14:51Z] run B007_allocate_tokens_live.py attempt 5
2026-02-21T12:17:05Z [2026-02-21T12:14:51Z] fail B007_allocate_tokens_live.py after 5; stderr_tail=File "C:\Users\Luke\Desktop\SellerOne 2.0\scripts\flows\B\B007_allocate_tokens_live.py", line 21, in <module> | from scripts.core.out_paths import resolve_compat_path, write_csv_with_compat | ModuleNotFoundError: No module named 'scripts.core'
2026-02-21T12:17:05Z [2026-02-21T12:14:51Z] run B025_build_token_cogs_ledger.py attempt 1
2026-02-21T12:17:06Z [2026-02-21T12:14:51Z] ok B025_build_token_cogs_ledger.py
2026-02-21T12:17:06Z [2026-02-21T12:14:51Z] run B004_build_order_master.py attempt 1
2026-02-21T12:17:42Z [2026-02-21T12:14:51Z] ok B004_build_order_master.py
2026-02-21T12:17:42Z [2026-02-21T12:14:51Z] run B011_recover_l3_orphans.py attempt 1
2026-02-21T12:17:43Z [2026-02-21T12:14:51Z] retry B011_recover_l3_orphans.py in 2.0s; stderr_tail=from scripts.core.script_locator import resolve_script_path | ModuleNotFoundError: No module named 'scripts.core'
2026-02-21T12:17:45Z [2026-02-21T12:14:51Z] run B011_recover_l3_orphans.py attempt 2
2026-02-21T12:17:46Z [2026-02-21T12:14:51Z] retry B011_recover_l3_orphans.py in 4.0s; stderr_tail=from scripts.core.script_locator import resolve_script_path | ModuleNotFoundError: No module named 'scripts.core'
2026-02-21T12:17:50Z [2026-02-21T12:14:51Z] run B011_recover_l3_orphans.py attempt 3
2026-02-21T12:17:51Z [2026-02-21T12:14:51Z] retry B011_recover_l3_orphans.py in 8.0s; stderr_tail=from scripts.core.script_locator import resolve_script_path | ModuleNotFoundError: No module named 'scripts.core'
2026-02-21T12:17:59Z [2026-02-21T12:14:51Z] run B011_recover_l3_orphans.py attempt 4
2026-02-21T12:17:59Z [2026-02-21T12:14:51Z] retry B011_recover_l3_orphans.py in 16.0s; stderr_tail=from scripts.core.script_locator import resolve_script_path | ModuleNotFoundError: No module named 'scripts.core'
2026-02-21T12:18:15Z [2026-02-21T12:14:51Z] run B011_recover_l3_orphans.py attempt 5
2026-02-21T12:18:16Z [2026-02-21T12:14:51Z] fail B011_recover_l3_orphans.py after 5; stderr_tail=File "C:\Users\Luke\Desktop\SellerOne 2.0\scripts\flows\B\B011_recover_l3_orphans.py", line 21, in <module> | from scripts.core.script_locator import resolve_script_path | ModuleNotFoundError: No module named 'scripts.core'
2026-02-21T12:18:16Z [2026-02-21T12:14:51Z] skip listing_offer collection (last run 616s ago)
2026-02-21T12:18:16Z [2026-02-21T12:14:51Z] skip refunds_adjustments collection (last run 613s ago)
2026-02-21T12:18:16Z [2026-02-21T12:14:51Z] health_gate snapshot FAIL=0 WARN=0 source=checklist_B.csv
2026-02-21T12:18:16Z [2026-02-21T12:14:51Z] publish Order_Master
2026-02-21T12:18:16Z [2026-02-21T12:14:51Z] run B004_build_order_master.py attempt 1
2026-02-21T12:19:07Z [2026-02-21T12:14:51Z] ok B004_build_order_master.py
2026-02-21T12:19:07Z [2026-02-21T12:14:51Z] publish P&L
2026-02-21T12:19:07Z [2026-02-21T12:14:51Z] run D001_build_pnl_daily.py attempt 1
2026-02-21T12:19:12Z [2026-02-21T12:14:51Z] ok D001_build_pnl_daily.py
2026-02-21T12:19:12Z [2026-02-21T12:14:51Z] run A015_build_system_health_check.py profile=b end_of_cycle shadow_legacy
2026-02-21T12:19:20Z [2026-02-21T12:14:51Z] ok A015_build_system_health_check.py profile=b end_of_cycle shadow_legacy
2026-02-21T12:19:20Z [2026-02-21T12:14:51Z] health_snapshot {"event":"health_snapshot","cycle_start_utc":"2026-02-21T12:14:51Z","health_snapshot_utc":"2026-02-21T12:19:20Z","fail":0,"warn":0,"fail_checks":[],"warn_checks":[],"path":"C:\\Users\\Luke\\Desktop\\SellerOne 2.0\\out\\cycle_alerts\\checklist_B.csv"}
2026-02-21T12:19:20Z [2026-02-21T12:14:51Z] run A015_build_system_health_check.py profile=b shadow_compare
2026-02-21T12:19:27Z [2026-02-21T12:14:51Z] split_health_snapshot {"event":"split_health_snapshot","cycle_start_utc":"2026-02-21T12:14:51Z","health_snapshot_utc":"2026-02-21T12:19:27Z","fail":0,"warn":0,"fail_checks":[],"warn_checks":[],"path":"C:\\Users\\Luke\\Desktop\\SellerOne 2.0\\out\\cycle_alerts\\checklist_B_split.csv"}
2026-02-21T12:19:27Z [2026-02-21T12:14:51Z] split_shadow_compare legacy_fail=0 legacy_warn=0 split_fail=0 split_warn=0 decision_match=1 a_match_streak=1 b_match_streak=214 e_match_streak=0 ready_for_cutover=0
2026-02-21T12:19:27Z [2026-02-21T12:14:51Z] cycle sleep 30s
2026-02-21T12:19:57Z [2026-02-21T12:14:51Z] manifest written C:\Users\Luke\Desktop\SellerOne 2.0\out\manifests\B\2026-02-21\B_20260221T121451Z.json
2026-02-21T12:19:57Z [2026-02-21T12:19:57Z] split_health mode_requested=shadow mode_effective=shadow
2026-02-21T12:19:57Z [2026-02-21T12:19:57Z] run B001_run_orders_to_sheet.py attempt 1
2026-02-21T12:21:06Z [2026-02-21T12:19:57Z] ok B001_run_orders_to_sheet.py
2026-02-21T12:21:06Z [2026-02-21T12:19:57Z] skip B002_run_pending_orders_to_sheet.py (last run 1195s ago)
2026-02-21T12:21:06Z [2026-02-21T12:19:57Z] run B030_sync_token_allocations_from_sheet.py attempt 1
2026-02-21T12:21:07Z [2026-02-21T12:19:57Z] retry B030_sync_token_allocations_from_sheet.py in 2.0s; stderr_tail=from scripts.core.out_paths import resolve_compat_path, write_csv_with_compat | ModuleNotFoundError: No module named 'scripts.core'
2026-02-21T12:21:09Z [2026-02-21T12:19:57Z] run B030_sync_token_allocations_from_sheet.py attempt 2
2026-02-21T12:21:09Z [2026-02-21T12:19:57Z] retry B030_sync_token_allocations_from_sheet.py in 4.0s; stderr_tail=from scripts.core.out_paths import resolve_compat_path, write_csv_with_compat | ModuleNotFoundError: No module named 'scripts.core'
2026-02-21T12:21:13Z [2026-02-21T12:19:57Z] run B030_sync_token_allocations_from_sheet.py attempt 3
2026-02-21T12:21:14Z [2026-02-21T12:19:57Z] retry B030_sync_token_allocations_from_sheet.py in 8.0s; stderr_tail=from scripts.core.out_paths import resolve_compat_path, write_csv_with_compat | ModuleNotFoundError: No module named 'scripts.core'
2026-02-21T12:21:22Z [2026-02-21T12:19:57Z] run B030_sync_token_allocations_from_sheet.py attempt 4
2026-02-21T12:21:23Z [2026-02-21T12:19:57Z] retry B030_sync_token_allocations_from_sheet.py in 16.0s; stderr_tail=from scripts.core.out_paths import resolve_compat_path, write_csv_with_compat | ModuleNotFoundError: No module named 'scripts.core'
2026-02-21T12:21:39Z [2026-02-21T12:19:57Z] run B030_sync_token_allocations_from_sheet.py attempt 5
2026-02-21T12:21:39Z [2026-02-21T12:19:57Z] fail B030_sync_token_allocations_from_sheet.py after 5; stderr_tail=File "C:\Users\Luke\Desktop\SellerOne 2.0\scripts\flows\B\B030_sync_token_allocations_from_sheet.py", line 15, in <module> | from scripts.core.out_paths import resolve_compat_path, write_csv_with_compat | ModuleNotFoundError: No module named 'scripts.core'
2026-02-21T12:21:39Z [2026-02-21T12:19:57Z] run B007_allocate_tokens_live.py attempt 1
2026-02-21T12:21:41Z [2026-02-21T12:19:57Z] retry B007_allocate_tokens_live.py in 2.0s; stderr_tail=from scripts.core.out_paths import resolve_compat_path, write_csv_with_compat | ModuleNotFoundError: No module named 'scripts.core'
2026-02-21T12:21:43Z [2026-02-21T12:19:57Z] run B007_allocate_tokens_live.py attempt 2
2026-02-21T12:21:44Z [2026-02-21T12:19:57Z] retry B007_allocate_tokens_live.py in 4.0s; stderr_tail=from scripts.core.out_paths import resolve_compat_path, write_csv_with_compat | ModuleNotFoundError: No module named 'scripts.core'
2026-02-21T12:21:48Z [2026-02-21T12:19:57Z] run B007_allocate_tokens_live.py attempt 3
2026-02-21T12:21:50Z [2026-02-21T12:19:57Z] retry B007_allocate_tokens_live.py in 8.0s; stderr_tail=from scripts.core.out_paths import resolve_compat_path, write_csv_with_compat | ModuleNotFoundError: No module named 'scripts.core'
2026-02-21T12:21:58Z [2026-02-21T12:19:57Z] run B007_allocate_tokens_live.py attempt 4
2026-02-21T12:21:59Z [2026-02-21T12:19:57Z] retry B007_allocate_tokens_live.py in 16.0s; stderr_tail=from scripts.core.out_paths import resolve_compat_path, write_csv_with_compat | ModuleNotFoundError: No module named 'scripts.core'
2026-02-21T12:22:15Z [2026-02-21T12:19:57Z] run B007_allocate_tokens_live.py attempt 5
2026-02-21T12:22:17Z [2026-02-21T12:19:57Z] fail B007_allocate_tokens_live.py after 5; stderr_tail=File "C:\Users\Luke\Desktop\SellerOne 2.0\scripts\flows\B\B007_allocate_tokens_live.py", line 21, in <module> | from scripts.core.out_paths import resolve_compat_path, write_csv_with_compat | ModuleNotFoundError: No module named 'scripts.core'
2026-02-21T12:22:17Z [2026-02-21T12:19:57Z] run B025_build_token_cogs_ledger.py attempt 1
2026-02-21T12:22:18Z [2026-02-21T12:19:57Z] ok B025_build_token_cogs_ledger.py
2026-02-21T12:22:18Z [2026-02-21T12:19:57Z] order_master prewait l1_age_seconds=16.2 sleep_seconds=5.0
2026-02-21T12:22:23Z [2026-02-21T12:19:57Z] order_master prewait l1_age_seconds=21.2 sleep_seconds=5.0
2026-02-21T12:22:28Z [2026-02-21T12:19:57Z] order_master prewait l1_age_seconds=26.2 sleep_seconds=5.0
2026-02-21T12:22:33Z [2026-02-21T12:19:57Z] order_master prewait l1_age_seconds=31.2 sleep_seconds=5.0
2026-02-21T12:22:38Z [2026-02-21T12:19:57Z] order_master prewait l1_age_seconds=36.2 sleep_seconds=5.0
2026-02-21T12:22:43Z [2026-02-21T12:19:57Z] order_master prewait l1_age_seconds=41.2 sleep_seconds=5.0
2026-02-21T12:22:48Z [2026-02-21T12:19:57Z] order_master prewait l1_age_seconds=46.2 sleep_seconds=5.0
2026-02-21T12:22:53Z [2026-02-21T12:19:57Z] order_master prewait l1_age_seconds=51.2 sleep_seconds=5.0
2026-02-21T12:22:58Z [2026-02-21T12:19:57Z] order_master prewait l1_age_seconds=56.2 sleep_seconds=5.0
2026-02-21T12:23:03Z [2026-02-21T12:19:57Z] order_master prewait complete l1_age_seconds=61.2
2026-02-21T12:23:03Z [2026-02-21T12:19:57Z] run B004_build_order_master.py attempt 1
2026-02-21T12:23:38Z [2026-02-21T12:19:57Z] ok B004_build_order_master.py
2026-02-21T12:23:38Z [2026-02-21T12:19:57Z] run B011_recover_l3_orphans.py attempt 1
2026-02-21T12:23:39Z [2026-02-21T12:19:57Z] retry B011_recover_l3_orphans.py in 2.0s; stderr_tail=from scripts.core.script_locator import resolve_script_path | ModuleNotFoundError: No module named 'scripts.core'
2026-02-21T12:23:41Z [2026-02-21T12:19:57Z] run B011_recover_l3_orphans.py attempt 2
2026-02-21T12:23:42Z [2026-02-21T12:19:57Z] retry B011_recover_l3_orphans.py in 4.0s; stderr_tail=from scripts.core.script_locator import resolve_script_path | ModuleNotFoundError: No module named 'scripts.core'
2026-02-21T12:23:46Z [2026-02-21T12:19:57Z] run B011_recover_l3_orphans.py attempt 3
2026-02-21T12:23:46Z [2026-02-21T12:19:57Z] retry B011_recover_l3_orphans.py in 8.0s; stderr_tail=from scripts.core.script_locator import resolve_script_path | ModuleNotFoundError: No module named 'scripts.core'
2026-02-21T12:23:54Z [2026-02-21T12:19:57Z] run B011_recover_l3_orphans.py attempt 4
2026-02-21T12:23:55Z [2026-02-21T12:19:57Z] retry B011_recover_l3_orphans.py in 16.0s; stderr_tail=from scripts.core.script_locator import resolve_script_path | ModuleNotFoundError: No module named 'scripts.core'
2026-02-21T12:24:11Z [2026-02-21T12:19:57Z] run B011_recover_l3_orphans.py attempt 5
2026-02-21T12:24:12Z [2026-02-21T12:19:57Z] fail B011_recover_l3_orphans.py after 5; stderr_tail=File "C:\Users\Luke\Desktop\SellerOne 2.0\scripts\flows\B\B011_recover_l3_orphans.py", line 21, in <module> | from scripts.core.script_locator import resolve_script_path | ModuleNotFoundError: No module named 'scripts.core'
2026-02-21T12:24:12Z [2026-02-21T12:19:57Z] run listing_offer collection attempt 1
2026-02-21T12:29:19Z [2026-02-21T12:19:57Z] ok listing_offer collection
2026-02-21T12:29:19Z [2026-02-21T12:19:57Z] skip refunds_adjustments collection (last run 1276s ago)
2026-02-21T12:29:19Z [2026-02-21T12:19:57Z] health_gate snapshot FAIL=0 WARN=0 source=checklist_B.csv
2026-02-21T12:29:19Z [2026-02-21T12:19:57Z] publish Order_Master
2026-02-21T12:29:19Z [2026-02-21T12:19:57Z] run B004_build_order_master.py attempt 1
2026-02-21T12:29:21Z [2026-02-21T12:19:57Z] retry B004_build_order_master.py in 2.0s; stdout_tail={'status': 'warning', 'reason': 'level1_recently_modified', 'path': 'out\\financial_events_level1.csv', 'stable_seconds_required': 60} | {'status': 'error', 'error': 'Level 1 file still updating. Retry after it stabilizes.'}
2026-02-21T12:29:23Z [2026-02-21T12:19:57Z] run B004_build_order_master.py attempt 2
2026-02-21T12:29:24Z [2026-02-21T12:19:57Z] retry B004_build_order_master.py in 4.0s; stdout_tail={'status': 'warning', 'reason': 'level1_recently_modified', 'path': 'out\\financial_events_level1.csv', 'stable_seconds_required': 60} | {'status': 'error', 'error': 'Level 1 file still updating. Retry after it stabilizes.'}
2026-02-21T12:29:28Z [2026-02-21T12:19:57Z] run B004_build_order_master.py attempt 3
2026-02-21T12:29:30Z [2026-02-21T12:19:57Z] retry B004_build_order_master.py in 8.0s; stdout_tail={'status': 'warning', 'reason': 'level1_recently_modified', 'path': 'out\\financial_events_level1.csv', 'stable_seconds_required': 60} | {'status': 'error', 'error': 'Level 1 file still updating. Retry after it stabilizes.'}
2026-02-21T12:29:38Z [2026-02-21T12:19:57Z] run B004_build_order_master.py attempt 4
2026-02-21T12:29:40Z [2026-02-21T12:19:57Z] retry B004_build_order_master.py in 16.0s; stdout_tail={'status': 'warning', 'reason': 'level1_recently_modified', 'path': 'out\\financial_events_level1.csv', 'stable_seconds_required': 60} | {'status': 'error', 'error': 'Level 1 file still updating. Retry after it stabilizes.'}
2026-02-21T12:29:56Z [2026-02-21T12:19:57Z] run B004_build_order_master.py attempt 5
2026-02-21T12:29:57Z [2026-02-21T12:19:57Z] fail B004_build_order_master.py after 5; stdout_tail={'status': 'info', 'stage': 'load_inputs', 'elapsed_s': 0.0} | {'status': 'warning', 'reason': 'level1_recently_modified', 'path': 'out\\financial_events_level1.csv', 'stable_seconds_required': 60} | {'status': 'error', 'error': 'Level 1 file still updating. Retry after it stabilizes.'}
2026-02-21T12:29:57Z [2026-02-21T12:19:57Z] publish P&L
2026-02-21T12:29:57Z [2026-02-21T12:19:57Z] run D001_build_pnl_daily.py attempt 1
2026-02-21T12:30:03Z [2026-02-21T12:19:57Z] ok D001_build_pnl_daily.py
2026-02-21T12:30:03Z [2026-02-21T12:19:57Z] run A015_build_system_health_check.py profile=b end_of_cycle shadow_legacy
2026-02-21T12:30:11Z [2026-02-21T12:19:57Z] ok A015_build_system_health_check.py profile=b end_of_cycle shadow_legacy
2026-02-21T12:30:11Z [2026-02-21T12:19:57Z] health_snapshot {"event":"health_snapshot","cycle_start_utc":"2026-02-21T12:19:57Z","health_snapshot_utc":"2026-02-21T12:30:11Z","fail":0,"warn":0,"fail_checks":[],"warn_checks":[],"path":"C:\\Users\\Luke\\Desktop\\SellerOne 2.0\\out\\cycle_alerts\\checklist_B.csv"}
2026-02-21T12:30:11Z [2026-02-21T12:19:57Z] run A015_build_system_health_check.py profile=b shadow_compare
2026-02-21T12:30:19Z [2026-02-21T12:19:57Z] split_health_snapshot {"event":"split_health_snapshot","cycle_start_utc":"2026-02-21T12:19:57Z","health_snapshot_utc":"2026-02-21T12:30:19Z","fail":0,"warn":0,"fail_checks":[],"warn_checks":[],"path":"C:\\Users\\Luke\\Desktop\\SellerOne 2.0\\out\\cycle_alerts\\checklist_B_split.csv"}
2026-02-21T12:30:19Z [2026-02-21T12:19:57Z] split_shadow_compare legacy_fail=0 legacy_warn=0 split_fail=0 split_warn=0 decision_match=1 a_match_streak=1 b_match_streak=218 e_match_streak=0 ready_for_cutover=0
2026-02-21T12:30:19Z [2026-02-21T12:19:57Z] cycle sleep 30s
2026-02-21T12:30:49Z [2026-02-21T12:19:57Z] manifest written C:\Users\Luke\Desktop\SellerOne 2.0\out\manifests\B\2026-02-21\B_20260221T121957Z.json
2026-02-21T12:30:49Z [2026-02-21T12:30:49Z] split_health mode_requested=shadow mode_effective=shadow
2026-02-21T12:30:49Z [2026-02-21T12:30:49Z] run B001_run_orders_to_sheet.py attempt 1
2026-02-21T12:31:51Z [2026-02-21T12:30:49Z] ok B001_run_orders_to_sheet.py
2026-02-21T12:31:51Z [2026-02-21T12:30:49Z] skip B002_run_pending_orders_to_sheet.py (last run 1840s ago)
2026-02-21T12:31:51Z [2026-02-21T12:30:49Z] run B030_sync_token_allocations_from_sheet.py attempt 1
2026-02-21T12:31:51Z [2026-02-21T12:30:49Z] retry B030_sync_token_allocations_from_sheet.py in 2.0s; stderr_tail=from scripts.core.out_paths import resolve_compat_path, write_csv_with_compat | ModuleNotFoundError: No module named 'scripts.core'
2026-02-21T12:31:53Z [2026-02-21T12:30:49Z] run B030_sync_token_allocations_from_sheet.py attempt 2
2026-02-21T12:31:54Z [2026-02-21T12:30:49Z] retry B030_sync_token_allocations_from_sheet.py in 4.0s; stderr_tail=from scripts.core.out_paths import resolve_compat_path, write_csv_with_compat | ModuleNotFoundError: No module named 'scripts.core'
2026-02-21T12:31:58Z [2026-02-21T12:30:49Z] run B030_sync_token_allocations_from_sheet.py attempt 3
2026-02-21T12:31:59Z [2026-02-21T12:30:49Z] retry B030_sync_token_allocations_from_sheet.py in 8.0s; stderr_tail=from scripts.core.out_paths import resolve_compat_path, write_csv_with_compat | ModuleNotFoundError: No module named 'scripts.core'
2026-02-21T12:32:07Z [2026-02-21T12:30:49Z] run B030_sync_token_allocations_from_sheet.py attempt 4
2026-02-21T12:32:07Z [2026-02-21T12:30:49Z] retry B030_sync_token_allocations_from_sheet.py in 16.0s; stderr_tail=from scripts.core.out_paths import resolve_compat_path, write_csv_with_compat | ModuleNotFoundError: No module named 'scripts.core'
2026-02-21T12:32:23Z [2026-02-21T12:30:49Z] run B030_sync_token_allocations_from_sheet.py attempt 5
2026-02-21T12:32:24Z [2026-02-21T12:30:49Z] fail B030_sync_token_allocations_from_sheet.py after 5; stderr_tail=File "C:\Users\Luke\Desktop\SellerOne 2.0\scripts\flows\B\B030_sync_token_allocations_from_sheet.py", line 15, in <module> | from scripts.core.out_paths import resolve_compat_path, write_csv_with_compat | ModuleNotFoundError: No module named 'scripts.core'
2026-02-21T12:32:24Z [2026-02-21T12:30:49Z] run B007_allocate_tokens_live.py attempt 1
2026-02-21T12:32:25Z [2026-02-21T12:30:49Z] retry B007_allocate_tokens_live.py in 2.0s; stderr_tail=from scripts.core.out_paths import resolve_compat_path, write_csv_with_compat | ModuleNotFoundError: No module named 'scripts.core'
2026-02-21T12:32:27Z [2026-02-21T12:30:49Z] run B007_allocate_tokens_live.py attempt 2
2026-02-21T12:32:29Z [2026-02-21T12:30:49Z] retry B007_allocate_tokens_live.py in 4.0s; stderr_tail=from scripts.core.out_paths import resolve_compat_path, write_csv_with_compat | ModuleNotFoundError: No module named 'scripts.core'
2026-02-21T12:32:33Z [2026-02-21T12:30:49Z] run B007_allocate_tokens_live.py attempt 3
2026-02-21T12:32:34Z [2026-02-21T12:30:49Z] retry B007_allocate_tokens_live.py in 8.0s; stderr_tail=from scripts.core.out_paths import resolve_compat_path, write_csv_with_compat | ModuleNotFoundError: No module named 'scripts.core'
2026-02-21T12:32:42Z [2026-02-21T12:30:49Z] run B007_allocate_tokens_live.py attempt 4
2026-02-21T12:32:44Z [2026-02-21T12:30:49Z] retry B007_allocate_tokens_live.py in 16.0s; stderr_tail=from scripts.core.out_paths import resolve_compat_path, write_csv_with_compat | ModuleNotFoundError: No module named 'scripts.core'
2026-02-21T12:33:00Z [2026-02-21T12:30:49Z] run B007_allocate_tokens_live.py attempt 5
2026-02-21T12:33:01Z [2026-02-21T12:30:49Z] fail B007_allocate_tokens_live.py after 5; stderr_tail=File "C:\Users\Luke\Desktop\SellerOne 2.0\scripts\flows\B\B007_allocate_tokens_live.py", line 21, in <module> | from scripts.core.out_paths import resolve_compat_path, write_csv_with_compat | ModuleNotFoundError: No module named 'scripts.core'
2026-02-21T12:33:01Z [2026-02-21T12:30:49Z] run B025_build_token_cogs_ledger.py attempt 1
2026-02-21T12:33:02Z [2026-02-21T12:30:49Z] ok B025_build_token_cogs_ledger.py
2026-02-21T12:33:02Z [2026-02-21T12:30:49Z] run B004_build_order_master.py attempt 1
2026-02-21T12:33:37Z [2026-02-21T12:30:49Z] ok B004_build_order_master.py
2026-02-21T12:33:37Z [2026-02-21T12:30:49Z] run B011_recover_l3_orphans.py attempt 1
2026-02-21T12:33:37Z [2026-02-21T12:30:49Z] retry B011_recover_l3_orphans.py in 2.0s; stderr_tail=from scripts.core.script_locator import resolve_script_path | ModuleNotFoundError: No module named 'scripts.core'
2026-02-21T12:33:39Z [2026-02-21T12:30:49Z] run B011_recover_l3_orphans.py attempt 2
2026-02-21T12:33:40Z [2026-02-21T12:30:49Z] retry B011_recover_l3_orphans.py in 4.0s; stderr_tail=from scripts.core.script_locator import resolve_script_path | ModuleNotFoundError: No module named 'scripts.core'
2026-02-21T12:33:44Z [2026-02-21T12:30:49Z] run B011_recover_l3_orphans.py attempt 3
2026-02-21T12:33:45Z [2026-02-21T12:30:49Z] retry B011_recover_l3_orphans.py in 8.0s; stderr_tail=from scripts.core.script_locator import resolve_script_path | ModuleNotFoundError: No module named 'scripts.core'
2026-02-21T12:33:53Z [2026-02-21T12:30:49Z] run B011_recover_l3_orphans.py attempt 4
2026-02-21T12:33:53Z [2026-02-21T12:30:49Z] retry B011_recover_l3_orphans.py in 16.0s; stderr_tail=from scripts.core.script_locator import resolve_script_path | ModuleNotFoundError: No module named 'scripts.core'
2026-02-21T12:34:09Z [2026-02-21T12:30:49Z] run B011_recover_l3_orphans.py attempt 5
2026-02-21T12:34:10Z [2026-02-21T12:30:49Z] fail B011_recover_l3_orphans.py after 5; stderr_tail=File "C:\Users\Luke\Desktop\SellerOne 2.0\scripts\flows\B\B011_recover_l3_orphans.py", line 21, in <module> | from scripts.core.script_locator import resolve_script_path | ModuleNotFoundError: No module named 'scripts.core'
2026-02-21T12:34:10Z [2026-02-21T12:30:49Z] skip listing_offer collection (last run 292s ago)
2026-02-21T12:34:10Z [2026-02-21T12:30:49Z] skip refunds_adjustments collection (last run 1567s ago)
2026-02-21T12:34:10Z [2026-02-21T12:30:49Z] health_gate snapshot FAIL=0 WARN=0 source=checklist_B.csv
2026-02-21T12:34:10Z [2026-02-21T12:30:49Z] publish Order_Master
2026-02-21T12:34:10Z [2026-02-21T12:30:49Z] run B004_build_order_master.py attempt 1
2026-02-21T12:35:00Z [2026-02-21T12:30:49Z] ok B004_build_order_master.py
2026-02-21T12:35:00Z [2026-02-21T12:30:49Z] publish P&L
2026-02-21T12:35:00Z [2026-02-21T12:30:49Z] run D001_build_pnl_daily.py attempt 1
2026-02-21T12:35:05Z [2026-02-21T12:30:49Z] ok D001_build_pnl_daily.py
2026-02-21T12:35:05Z [2026-02-21T12:30:49Z] run A015_build_system_health_check.py profile=b end_of_cycle shadow_legacy
2026-02-21T12:35:12Z [2026-02-21T12:30:49Z] ok A015_build_system_health_check.py profile=b end_of_cycle shadow_legacy
2026-02-21T12:35:12Z [2026-02-21T12:30:49Z] health_snapshot {"event":"health_snapshot","cycle_start_utc":"2026-02-21T12:30:49Z","health_snapshot_utc":"2026-02-21T12:35:12Z","fail":0,"warn":0,"fail_checks":[],"warn_checks":[],"path":"C:\\Users\\Luke\\Desktop\\SellerOne 2.0\\out\\cycle_alerts\\checklist_B.csv"}
2026-02-21T12:35:12Z [2026-02-21T12:30:49Z] run A015_build_system_health_check.py profile=b shadow_compare
2026-02-21T12:35:19Z [2026-02-21T12:30:49Z] split_health_snapshot {"event":"split_health_snapshot","cycle_start_utc":"2026-02-21T12:30:49Z","health_snapshot_utc":"2026-02-21T12:35:19Z","fail":0,"warn":0,"fail_checks":[],"warn_checks":[],"path":"C:\\Users\\Luke\\Desktop\\SellerOne 2.0\\out\\cycle_alerts\\checklist_B_split.csv"}
2026-02-21T12:35:19Z [2026-02-21T12:30:49Z] split_shadow_compare legacy_fail=0 legacy_warn=0 split_fail=0 split_warn=0 decision_match=1 a_match_streak=1 b_match_streak=219 e_match_streak=0 ready_for_cutover=0
2026-02-21T12:35:19Z [2026-02-21T12:30:49Z] cycle sleep 30s
2026-02-21T12:35:49Z [2026-02-21T12:30:49Z] manifest written C:\Users\Luke\Desktop\SellerOne 2.0\out\manifests\B\2026-02-21\B_20260221T123049Z.json
2026-02-21T12:35:49Z [2026-02-21T12:35:49Z] split_health mode_requested=shadow mode_effective=shadow
2026-02-21T12:35:49Z [2026-02-21T12:35:49Z] run B001_run_orders_to_sheet.py attempt 1
2026-02-21T12:36:51Z [2026-02-21T12:35:49Z] ok B001_run_orders_to_sheet.py
2026-02-21T12:36:51Z [2026-02-21T12:35:49Z] skip B002_run_pending_orders_to_sheet.py (last run 2140s ago)
2026-02-21T12:36:51Z [2026-02-21T12:35:49Z] run B030_sync_token_allocations_from_sheet.py attempt 1
2026-02-21T12:36:51Z [2026-02-21T12:35:49Z] retry B030_sync_token_allocations_from_sheet.py in 2.0s; stderr_tail=from scripts.core.out_paths import resolve_compat_path, write_csv_with_compat | ModuleNotFoundError: No module named 'scripts.core'
2026-02-21T12:36:53Z [2026-02-21T12:35:49Z] run B030_sync_token_allocations_from_sheet.py attempt 2
2026-02-21T12:36:54Z [2026-02-21T12:35:49Z] retry B030_sync_token_allocations_from_sheet.py in 4.0s; stderr_tail=from scripts.core.out_paths import resolve_compat_path, write_csv_with_compat | ModuleNotFoundError: No module named 'scripts.core'
2026-02-21T12:36:58Z [2026-02-21T12:35:49Z] run B030_sync_token_allocations_from_sheet.py attempt 3
2026-02-21T12:36:59Z [2026-02-21T12:35:49Z] retry B030_sync_token_allocations_from_sheet.py in 8.0s; stderr_tail=from scripts.core.out_paths import resolve_compat_path, write_csv_with_compat | ModuleNotFoundError: No module named 'scripts.core'
2026-02-21T12:37:07Z [2026-02-21T12:35:49Z] run B030_sync_token_allocations_from_sheet.py attempt 4
2026-02-21T12:37:08Z [2026-02-21T12:35:49Z] retry B030_sync_token_allocations_from_sheet.py in 16.0s; stderr_tail=from scripts.core.out_paths import resolve_compat_path, write_csv_with_compat | ModuleNotFoundError: No module named 'scripts.core'
2026-02-21T12:37:24Z [2026-02-21T12:35:49Z] run B030_sync_token_allocations_from_sheet.py attempt 5
2026-02-21T12:37:24Z [2026-02-21T12:35:49Z] fail B030_sync_token_allocations_from_sheet.py after 5; stderr_tail=File "C:\Users\Luke\Desktop\SellerOne 2.0\scripts\flows\B\B030_sync_token_allocations_from_sheet.py", line 15, in <module> | from scripts.core.out_paths import resolve_compat_path, write_csv_with_compat | ModuleNotFoundError: No module named 'scripts.core'
2026-02-21T12:37:24Z [2026-02-21T12:35:49Z] run B007_allocate_tokens_live.py attempt 1
2026-02-21T12:37:26Z [2026-02-21T12:35:49Z] retry B007_allocate_tokens_live.py in 2.0s; stderr_tail=from scripts.core.out_paths import resolve_compat_path, write_csv_with_compat | ModuleNotFoundError: No module named 'scripts.core'
2026-02-21T12:37:28Z [2026-02-21T12:35:49Z] run B007_allocate_tokens_live.py attempt 2
2026-02-21T12:37:29Z [2026-02-21T12:35:49Z] retry B007_allocate_tokens_live.py in 4.0s; stderr_tail=from scripts.core.out_paths import resolve_compat_path, write_csv_with_compat | ModuleNotFoundError: No module named 'scripts.core'
2026-02-21T12:37:33Z [2026-02-21T12:35:49Z] run B007_allocate_tokens_live.py attempt 3
2026-02-21T12:37:35Z [2026-02-21T12:35:49Z] retry B007_allocate_tokens_live.py in 8.0s; stderr_tail=from scripts.core.out_paths import resolve_compat_path, write_csv_with_compat | ModuleNotFoundError: No module named 'scripts.core'
2026-02-21T12:37:43Z [2026-02-21T12:35:49Z] run B007_allocate_tokens_live.py attempt 4
2026-02-21T12:37:44Z [2026-02-21T12:35:49Z] retry B007_allocate_tokens_live.py in 16.0s; stderr_tail=from scripts.core.out_paths import resolve_compat_path, write_csv_with_compat | ModuleNotFoundError: No module named 'scripts.core'
2026-02-21T12:38:00Z [2026-02-21T12:35:49Z] run B007_allocate_tokens_live.py attempt 5
2026-02-21T12:38:02Z [2026-02-21T12:35:49Z] fail B007_allocate_tokens_live.py after 5; stderr_tail=File "C:\Users\Luke\Desktop\SellerOne 2.0\scripts\flows\B\B007_allocate_tokens_live.py", line 21, in <module> | from scripts.core.out_paths import resolve_compat_path, write_csv_with_compat | ModuleNotFoundError: No module named 'scripts.core'
2026-02-21T12:38:02Z [2026-02-21T12:35:49Z] run B025_build_token_cogs_ledger.py attempt 1
2026-02-21T12:38:03Z [2026-02-21T12:35:49Z] ok B025_build_token_cogs_ledger.py
2026-02-21T12:38:03Z [2026-02-21T12:35:49Z] order_master prewait l1_age_seconds=49.5 sleep_seconds=5.0
2026-02-21T12:38:08Z [2026-02-21T12:35:49Z] order_master prewait l1_age_seconds=54.5 sleep_seconds=5.0
2026-02-21T12:38:13Z [2026-02-21T12:35:49Z] order_master prewait l1_age_seconds=59.5 sleep_seconds=5.0
2026-02-21T12:38:18Z [2026-02-21T12:35:49Z] order_master prewait complete l1_age_seconds=64.5
2026-02-21T12:38:18Z [2026-02-21T12:35:49Z] run B004_build_order_master.py attempt 1
2026-02-21T12:38:55Z [2026-02-21T12:35:49Z] ok B004_build_order_master.py
2026-02-21T12:38:55Z [2026-02-21T12:35:49Z] run B011_recover_l3_orphans.py attempt 1
2026-02-21T12:38:56Z [2026-02-21T12:35:49Z] retry B011_recover_l3_orphans.py in 2.0s; stderr_tail=from scripts.core.script_locator import resolve_script_path | ModuleNotFoundError: No module named 'scripts.core'
2026-02-21T12:38:58Z [2026-02-21T12:35:49Z] run B011_recover_l3_orphans.py attempt 2
2026-02-21T12:38:58Z [2026-02-21T12:35:49Z] retry B011_recover_l3_orphans.py in 4.0s; stderr_tail=from scripts.core.script_locator import resolve_script_path | ModuleNotFoundError: No module named 'scripts.core'
2026-02-21T12:39:02Z [2026-02-21T12:35:49Z] run B011_recover_l3_orphans.py attempt 3
2026-02-21T12:39:03Z [2026-02-21T12:35:49Z] retry B011_recover_l3_orphans.py in 8.0s; stderr_tail=from scripts.core.script_locator import resolve_script_path | ModuleNotFoundError: No module named 'scripts.core'
2026-02-21T12:39:11Z [2026-02-21T12:35:49Z] run B011_recover_l3_orphans.py attempt 4
2026-02-21T12:39:12Z [2026-02-21T12:35:49Z] retry B011_recover_l3_orphans.py in 16.0s; stderr_tail=from scripts.core.script_locator import resolve_script_path | ModuleNotFoundError: No module named 'scripts.core'
2026-02-21T12:39:28Z [2026-02-21T12:35:49Z] run B011_recover_l3_orphans.py attempt 5
2026-02-21T12:39:29Z [2026-02-21T12:35:49Z] fail B011_recover_l3_orphans.py after 5; stderr_tail=File "C:\Users\Luke\Desktop\SellerOne 2.0\scripts\flows\B\B011_recover_l3_orphans.py", line 21, in <module> | from scripts.core.script_locator import resolve_script_path | ModuleNotFoundError: No module named 'scripts.core'
2026-02-21T12:39:29Z [2026-02-21T12:35:49Z] skip listing_offer collection (last run 610s ago)
2026-02-21T12:39:29Z [2026-02-21T12:35:49Z] skip refunds_adjustments collection (last run 1885s ago)
2026-02-21T12:39:29Z [2026-02-21T12:35:49Z] health_gate snapshot FAIL=0 WARN=0 source=checklist_B.csv
2026-02-21T12:39:29Z [2026-02-21T12:35:49Z] publish Order_Master
2026-02-21T12:39:29Z [2026-02-21T12:35:49Z] run B004_build_order_master.py attempt 1
2026-02-21T12:39:30Z [2026-02-21T12:35:49Z] retry B004_build_order_master.py in 2.0s; stdout_tail={'status': 'warning', 'reason': 'level1_recently_modified', 'path': 'out\\financial_events_level1.csv', 'stable_seconds_required': 60} | {'status': 'error', 'error': 'Level 1 file still updating. Retry after it stabilizes.'}
2026-02-21T12:39:32Z [2026-02-21T12:35:49Z] run B004_build_order_master.py attempt 2
2026-02-21T12:39:34Z [2026-02-21T12:35:49Z] retry B004_build_order_master.py in 4.0s; stdout_tail={'status': 'warning', 'reason': 'level1_recently_modified', 'path': 'out\\financial_events_level1.csv', 'stable_seconds_required': 60} | {'status': 'error', 'error': 'Level 1 file still updating. Retry after it stabilizes.'}
2026-02-21T12:39:38Z [2026-02-21T12:35:49Z] run B004_build_order_master.py attempt 3
2026-02-21T12:39:39Z [2026-02-21T12:35:49Z] retry B004_build_order_master.py in 8.0s; stdout_tail={'status': 'warning', 'reason': 'level1_recently_modified', 'path': 'out\\financial_events_level1.csv', 'stable_seconds_required': 60} | {'status': 'error', 'error': 'Level 1 file still updating. Retry after it stabilizes.'}
2026-02-21T12:39:47Z [2026-02-21T12:35:49Z] run B004_build_order_master.py attempt 4
2026-02-21T12:39:49Z [2026-02-21T12:35:49Z] retry B004_build_order_master.py in 16.0s; stdout_tail={'status': 'warning', 'reason': 'level1_recently_modified', 'path': 'out\\financial_events_level1.csv', 'stable_seconds_required': 60} | {'status': 'error', 'error': 'Level 1 file still updating. Retry after it stabilizes.'}
2026-02-21T12:40:05Z [2026-02-21T12:35:49Z] run B004_build_order_master.py attempt 5
2026-02-21T12:40:54Z [2026-02-21T12:35:49Z] ok B004_build_order_master.py
2026-02-21T12:40:54Z [2026-02-21T12:35:49Z] publish P&L
2026-02-21T12:40:54Z [2026-02-21T12:35:49Z] run D001_build_pnl_daily.py attempt 1
2026-02-21T12:41:00Z [2026-02-21T12:35:49Z] ok D001_build_pnl_daily.py
2026-02-21T12:41:00Z [2026-02-21T12:35:49Z] run A015_build_system_health_check.py profile=b end_of_cycle shadow_legacy
2026-02-21T12:41:07Z [2026-02-21T12:35:49Z] ok A015_build_system_health_check.py profile=b end_of_cycle shadow_legacy
2026-02-21T12:41:07Z [2026-02-21T12:35:49Z] health_snapshot {"event":"health_snapshot","cycle_start_utc":"2026-02-21T12:35:49Z","health_snapshot_utc":"2026-02-21T12:41:06Z","fail":0,"warn":0,"fail_checks":[],"warn_checks":[],"path":"C:\\Users\\Luke\\Desktop\\SellerOne 2.0\\out\\cycle_alerts\\checklist_B.csv"}
2026-02-21T12:41:07Z [2026-02-21T12:35:49Z] run A015_build_system_health_check.py profile=b shadow_compare
2026-02-21T12:41:13Z [2026-02-21T12:35:49Z] split_health_snapshot {"event":"split_health_snapshot","cycle_start_utc":"2026-02-21T12:35:49Z","health_snapshot_utc":"2026-02-21T12:41:13Z","fail":0,"warn":0,"fail_checks":[],"warn_checks":[],"path":"C:\\Users\\Luke\\Desktop\\SellerOne 2.0\\out\\cycle_alerts\\checklist_B_split.csv"}
2026-02-21T12:41:13Z [2026-02-21T12:35:49Z] split_shadow_compare legacy_fail=0 legacy_warn=0 split_fail=0 split_warn=0 decision_match=1 a_match_streak=1 b_match_streak=221 e_match_streak=0 ready_for_cutover=0
2026-02-21T12:41:13Z [2026-02-21T12:35:49Z] cycle sleep 30s
2026-02-21T12:41:43Z [2026-02-21T12:35:49Z] manifest written C:\Users\Luke\Desktop\SellerOne 2.0\out\manifests\B\2026-02-21\B_20260221T123549Z.json
2026-02-21T12:41:43Z [2026-02-21T12:41:43Z] split_health mode_requested=shadow mode_effective=shadow
2026-02-21T12:41:43Z [2026-02-21T12:41:43Z] run B001_run_orders_to_sheet.py attempt 1
2026-02-21T12:42:58Z [2026-02-21T12:41:43Z] ok B001_run_orders_to_sheet.py
2026-02-21T12:42:58Z [2026-02-21T12:41:43Z] skip B002_run_pending_orders_to_sheet.py (last run 2507s ago)
2026-02-21T12:42:58Z [2026-02-21T12:41:43Z] run B030_sync_token_allocations_from_sheet.py attempt 1
2026-02-21T12:42:58Z [2026-02-21T12:41:43Z] retry B030_sync_token_allocations_from_sheet.py in 2.0s; stderr_tail=from scripts.core.out_paths import resolve_compat_path, write_csv_with_compat | ModuleNotFoundError: No module named 'scripts.core'
2026-02-21T12:43:00Z [2026-02-21T12:41:43Z] run B030_sync_token_allocations_from_sheet.py attempt 2
2026-02-21T12:43:01Z [2026-02-21T12:41:43Z] retry B030_sync_token_allocations_from_sheet.py in 4.0s; stderr_tail=from scripts.core.out_paths import resolve_compat_path, write_csv_with_compat | ModuleNotFoundError: No module named 'scripts.core'
2026-02-21T12:43:05Z [2026-02-21T12:41:43Z] run B030_sync_token_allocations_from_sheet.py attempt 3
2026-02-21T12:43:06Z [2026-02-21T12:41:43Z] retry B030_sync_token_allocations_from_sheet.py in 8.0s; stderr_tail=from scripts.core.out_paths import resolve_compat_path, write_csv_with_compat | ModuleNotFoundError: No module named 'scripts.core'
2026-02-21T12:43:14Z [2026-02-21T12:41:43Z] run B030_sync_token_allocations_from_sheet.py attempt 4
2026-02-21T12:43:14Z [2026-02-21T12:41:43Z] retry B030_sync_token_allocations_from_sheet.py in 16.0s; stderr_tail=from scripts.core.out_paths import resolve_compat_path, write_csv_with_compat | ModuleNotFoundError: No module named 'scripts.core'
2026-02-21T12:43:30Z [2026-02-21T12:41:43Z] run B030_sync_token_allocations_from_sheet.py attempt 5
2026-02-21T12:43:31Z [2026-02-21T12:41:43Z] fail B030_sync_token_allocations_from_sheet.py after 5; stderr_tail=File "C:\Users\Luke\Desktop\SellerOne 2.0\scripts\flows\B\B030_sync_token_allocations_from_sheet.py", line 15, in <module> | from scripts.core.out_paths import resolve_compat_path, write_csv_with_compat | ModuleNotFoundError: No module named 'scripts.core'
2026-02-21T12:43:31Z [2026-02-21T12:41:43Z] run B007_allocate_tokens_live.py attempt 1
2026-02-21T12:43:32Z [2026-02-21T12:41:43Z] retry B007_allocate_tokens_live.py in 2.0s; stderr_tail=from scripts.core.out_paths import resolve_compat_path, write_csv_with_compat | ModuleNotFoundError: No module named 'scripts.core'
2026-02-21T12:43:34Z [2026-02-21T12:41:43Z] run B007_allocate_tokens_live.py attempt 2
2026-02-21T12:43:37Z [2026-02-21T12:41:43Z] retry B007_allocate_tokens_live.py in 4.0s; stderr_tail=from scripts.core.out_paths import resolve_compat_path, write_csv_with_compat | ModuleNotFoundError: No module named 'scripts.core'
2026-02-21T12:43:41Z [2026-02-21T12:41:43Z] run B007_allocate_tokens_live.py attempt 3
2026-02-21T12:43:43Z [2026-02-21T12:41:43Z] retry B007_allocate_tokens_live.py in 8.0s; stderr_tail=from scripts.core.out_paths import resolve_compat_path, write_csv_with_compat | ModuleNotFoundError: No module named 'scripts.core'
2026-02-21T12:43:51Z [2026-02-21T12:41:43Z] run B007_allocate_tokens_live.py attempt 4
2026-02-21T12:43:52Z [2026-02-21T12:41:43Z] retry B007_allocate_tokens_live.py in 16.0s; stderr_tail=from scripts.core.out_paths import resolve_compat_path, write_csv_with_compat | ModuleNotFoundError: No module named 'scripts.core'
2026-02-21T12:44:08Z [2026-02-21T12:41:43Z] run B007_allocate_tokens_live.py attempt 5
2026-02-21T12:44:09Z [2026-02-21T12:41:43Z] fail B007_allocate_tokens_live.py after 5; stderr_tail=File "C:\Users\Luke\Desktop\SellerOne 2.0\scripts\flows\B\B007_allocate_tokens_live.py", line 21, in <module> | from scripts.core.out_paths import resolve_compat_path, write_csv_with_compat | ModuleNotFoundError: No module named 'scripts.core'
2026-02-21T12:44:09Z [2026-02-21T12:41:43Z] run B025_build_token_cogs_ledger.py attempt 1
2026-02-21T12:44:10Z [2026-02-21T12:41:43Z] ok B025_build_token_cogs_ledger.py
2026-02-21T12:44:10Z [2026-02-21T12:41:43Z] run B004_build_order_master.py attempt 1
2026-02-21T12:44:44Z [2026-02-21T12:41:43Z] ok B004_build_order_master.py
2026-02-21T12:44:44Z [2026-02-21T12:41:43Z] run B011_recover_l3_orphans.py attempt 1
2026-02-21T12:44:45Z [2026-02-21T12:41:43Z] retry B011_recover_l3_orphans.py in 2.0s; stderr_tail=from scripts.core.script_locator import resolve_script_path | ModuleNotFoundError: No module named 'scripts.core'
2026-02-21T12:44:47Z [2026-02-21T12:41:43Z] run B011_recover_l3_orphans.py attempt 2
2026-02-21T12:44:48Z [2026-02-21T12:41:43Z] retry B011_recover_l3_orphans.py in 4.0s; stderr_tail=from scripts.core.script_locator import resolve_script_path | ModuleNotFoundError: No module named 'scripts.core'
2026-02-21T12:44:52Z [2026-02-21T12:41:43Z] run B011_recover_l3_orphans.py attempt 3
2026-02-21T12:44:52Z [2026-02-21T12:41:43Z] retry B011_recover_l3_orphans.py in 8.0s; stderr_tail=from scripts.core.script_locator import resolve_script_path | ModuleNotFoundError: No module named 'scripts.core'
2026-02-21T12:45:00Z [2026-02-21T12:41:43Z] run B011_recover_l3_orphans.py attempt 4
2026-02-21T12:45:01Z [2026-02-21T12:41:43Z] retry B011_recover_l3_orphans.py in 16.0s; stderr_tail=from scripts.core.script_locator import resolve_script_path | ModuleNotFoundError: No module named 'scripts.core'
2026-02-21T12:45:17Z [2026-02-21T12:41:43Z] run B011_recover_l3_orphans.py attempt 5
2026-02-21T12:45:18Z [2026-02-21T12:41:43Z] fail B011_recover_l3_orphans.py after 5; stderr_tail=File "C:\Users\Luke\Desktop\SellerOne 2.0\scripts\flows\B\B011_recover_l3_orphans.py", line 21, in <module> | from scripts.core.script_locator import resolve_script_path | ModuleNotFoundError: No module named 'scripts.core'
2026-02-21T12:45:18Z [2026-02-21T12:41:43Z] run listing_offer collection attempt 1
2026-02-21T12:50:15Z [2026-02-21T12:41:43Z] ok listing_offer collection
2026-02-21T12:50:15Z [2026-02-21T12:41:43Z] skip refunds_adjustments collection (last run 2531s ago)
2026-02-21T12:50:15Z [2026-02-21T12:41:43Z] health_gate snapshot FAIL=0 WARN=0 source=checklist_B.csv
2026-02-21T12:50:15Z [2026-02-21T12:41:43Z] publish Order_Master
2026-02-21T12:50:15Z [2026-02-21T12:41:43Z] run B004_build_order_master.py attempt 1
2026-02-21T12:50:16Z [2026-02-21T12:41:43Z] retry B004_build_order_master.py in 2.0s; stdout_tail={'status': 'warning', 'reason': 'level1_recently_modified', 'path': 'out\\financial_events_level1.csv', 'stable_seconds_required': 60} | {'status': 'error', 'error': 'Level 1 file still updating. Retry after it stabilizes.'}
2026-02-21T12:50:18Z [2026-02-21T12:41:43Z] run B004_build_order_master.py attempt 2
2026-02-21T12:50:19Z [2026-02-21T12:41:43Z] retry B004_build_order_master.py in 4.0s; stdout_tail={'status': 'warning', 'reason': 'level1_recently_modified', 'path': 'out\\financial_events_level1.csv', 'stable_seconds_required': 60} | {'status': 'error', 'error': 'Level 1 file still updating. Retry after it stabilizes.'}
2026-02-21T12:50:23Z [2026-02-21T12:41:43Z] run B004_build_order_master.py attempt 3
2026-02-21T12:50:25Z [2026-02-21T12:41:43Z] retry B004_build_order_master.py in 8.0s; stdout_tail={'status': 'warning', 'reason': 'level1_recently_modified', 'path': 'out\\financial_events_level1.csv', 'stable_seconds_required': 60} | {'status': 'error', 'error': 'Level 1 file still updating. Retry after it stabilizes.'}
2026-02-21T12:50:33Z [2026-02-21T12:41:43Z] run B004_build_order_master.py attempt 4
2026-02-21T12:50:35Z [2026-02-21T12:41:43Z] retry B004_build_order_master.py in 16.0s; stdout_tail={'status': 'warning', 'reason': 'level1_recently_modified', 'path': 'out\\financial_events_level1.csv', 'stable_seconds_required': 60} | {'status': 'error', 'error': 'Level 1 file still updating. Retry after it stabilizes.'}
2026-02-21T12:50:51Z [2026-02-21T12:41:43Z] run B004_build_order_master.py attempt 5
2026-02-21T12:51:40Z [2026-02-21T12:41:43Z] ok B004_build_order_master.py
2026-02-21T12:51:40Z [2026-02-21T12:41:43Z] publish P&L
2026-02-21T12:51:40Z [2026-02-21T12:41:43Z] run D001_build_pnl_daily.py attempt 1
2026-02-21T12:51:46Z [2026-02-21T12:41:43Z] ok D001_build_pnl_daily.py
2026-02-21T12:51:46Z [2026-02-21T12:41:43Z] run A015_build_system_health_check.py profile=b end_of_cycle shadow_legacy
2026-02-21T12:51:53Z [2026-02-21T12:41:43Z] ok A015_build_system_health_check.py profile=b end_of_cycle shadow_legacy
2026-02-21T12:51:53Z [2026-02-21T12:41:43Z] health_snapshot {"event":"health_snapshot","cycle_start_utc":"2026-02-21T12:41:43Z","health_snapshot_utc":"2026-02-21T12:51:53Z","fail":0,"warn":0,"fail_checks":[],"warn_checks":[],"path":"C:\\Users\\Luke\\Desktop\\SellerOne 2.0\\out\\cycle_alerts\\checklist_B.csv"}
2026-02-21T12:51:53Z [2026-02-21T12:41:43Z] run A015_build_system_health_check.py profile=b shadow_compare
2026-02-21T12:52:00Z [2026-02-21T12:41:43Z] split_health_snapshot {"event":"split_health_snapshot","cycle_start_utc":"2026-02-21T12:41:43Z","health_snapshot_utc":"2026-02-21T12:51:59Z","fail":0,"warn":0,"fail_checks":[],"warn_checks":[],"path":"C:\\Users\\Luke\\Desktop\\SellerOne 2.0\\out\\cycle_alerts\\checklist_B_split.csv"}
2026-02-21T12:52:00Z [2026-02-21T12:41:43Z] split_shadow_compare legacy_fail=0 legacy_warn=0 split_fail=0 split_warn=0 decision_match=1 a_match_streak=1 b_match_streak=223 e_match_streak=0 ready_for_cutover=0
2026-02-21T12:52:00Z [2026-02-21T12:41:43Z] cycle sleep 30s
2026-02-21T12:52:30Z [2026-02-21T12:41:43Z] manifest written C:\Users\Luke\Desktop\SellerOne 2.0\out\manifests\B\2026-02-21\B_20260221T124143Z.json
2026-02-21T12:52:30Z [2026-02-21T12:52:30Z] split_health mode_requested=shadow mode_effective=shadow
2026-02-21T12:52:30Z [2026-02-21T12:52:30Z] run B001_run_orders_to_sheet.py attempt 1
2026-02-21T12:53:32Z [2026-02-21T12:52:30Z] ok B001_run_orders_to_sheet.py
2026-02-21T12:53:32Z [2026-02-21T12:52:30Z] skip B002_run_pending_orders_to_sheet.py (last run 3141s ago)
2026-02-21T12:53:32Z [2026-02-21T12:52:30Z] run B030_sync_token_allocations_from_sheet.py attempt 1
2026-02-21T12:53:33Z [2026-02-21T12:52:30Z] retry B030_sync_token_allocations_from_sheet.py in 2.0s; stderr_tail=from scripts.core.out_paths import resolve_compat_path, write_csv_with_compat | ModuleNotFoundError: No module named 'scripts.core'
2026-02-21T12:53:35Z [2026-02-21T12:52:30Z] run B030_sync_token_allocations_from_sheet.py attempt 2
2026-02-21T12:53:35Z [2026-02-21T12:52:30Z] retry B030_sync_token_allocations_from_sheet.py in 4.0s; stderr_tail=from scripts.core.out_paths import resolve_compat_path, write_csv_with_compat | ModuleNotFoundError: No module named 'scripts.core'
2026-02-21T12:53:39Z [2026-02-21T12:52:30Z] run B030_sync_token_allocations_from_sheet.py attempt 3
2026-02-21T12:53:40Z [2026-02-21T12:52:30Z] retry B030_sync_token_allocations_from_sheet.py in 8.0s; stderr_tail=from scripts.core.out_paths import resolve_compat_path, write_csv_with_compat | ModuleNotFoundError: No module named 'scripts.core'
2026-02-21T12:53:48Z [2026-02-21T12:52:30Z] run B030_sync_token_allocations_from_sheet.py attempt 4
2026-02-21T12:53:49Z [2026-02-21T12:52:30Z] retry B030_sync_token_allocations_from_sheet.py in 16.0s; stderr_tail=from scripts.core.out_paths import resolve_compat_path, write_csv_with_compat | ModuleNotFoundError: No module named 'scripts.core'
2026-02-21T12:54:05Z [2026-02-21T12:52:30Z] run B030_sync_token_allocations_from_sheet.py attempt 5
2026-02-21T12:54:05Z [2026-02-21T12:52:30Z] fail B030_sync_token_allocations_from_sheet.py after 5; stderr_tail=File "C:\Users\Luke\Desktop\SellerOne 2.0\scripts\flows\B\B030_sync_token_allocations_from_sheet.py", line 15, in <module> | from scripts.core.out_paths import resolve_compat_path, write_csv_with_compat | ModuleNotFoundError: No module named 'scripts.core'
2026-02-21T12:54:05Z [2026-02-21T12:52:30Z] run B007_allocate_tokens_live.py attempt 1
2026-02-21T12:54:07Z [2026-02-21T12:52:30Z] retry B007_allocate_tokens_live.py in 2.0s; stderr_tail=from scripts.core.out_paths import resolve_compat_path, write_csv_with_compat | ModuleNotFoundError: No module named 'scripts.core'
2026-02-21T12:54:09Z [2026-02-21T12:52:30Z] run B007_allocate_tokens_live.py attempt 2
2026-02-21T12:54:10Z [2026-02-21T12:52:30Z] retry B007_allocate_tokens_live.py in 4.0s; stderr_tail=from scripts.core.out_paths import resolve_compat_path, write_csv_with_compat | ModuleNotFoundError: No module named 'scripts.core'
2026-02-21T12:54:14Z [2026-02-21T12:52:30Z] run B007_allocate_tokens_live.py attempt 3
2026-02-21T12:54:16Z [2026-02-21T12:52:30Z] retry B007_allocate_tokens_live.py in 8.0s; stderr_tail=from scripts.core.out_paths import resolve_compat_path, write_csv_with_compat | ModuleNotFoundError: No module named 'scripts.core'
2026-02-21T12:54:24Z [2026-02-21T12:52:30Z] run B007_allocate_tokens_live.py attempt 4
2026-02-21T12:54:25Z [2026-02-21T12:52:30Z] retry B007_allocate_tokens_live.py in 16.0s; stderr_tail=from scripts.core.out_paths import resolve_compat_path, write_csv_with_compat | ModuleNotFoundError: No module named 'scripts.core'
2026-02-21T12:54:41Z [2026-02-21T12:52:30Z] run B007_allocate_tokens_live.py attempt 5
2026-02-21T12:54:43Z [2026-02-21T12:52:30Z] fail B007_allocate_tokens_live.py after 5; stderr_tail=File "C:\Users\Luke\Desktop\SellerOne 2.0\scripts\flows\B\B007_allocate_tokens_live.py", line 21, in <module> | from scripts.core.out_paths import resolve_compat_path, write_csv_with_compat | ModuleNotFoundError: No module named 'scripts.core'
2026-02-21T12:54:43Z [2026-02-21T12:52:30Z] run B025_build_token_cogs_ledger.py attempt 1
2026-02-21T12:54:43Z [2026-02-21T12:52:30Z] ok B025_build_token_cogs_ledger.py
2026-02-21T12:54:43Z [2026-02-21T12:52:30Z] run B004_build_order_master.py attempt 1
2026-02-21T12:55:20Z [2026-02-21T12:52:30Z] ok B004_build_order_master.py
2026-02-21T12:55:20Z [2026-02-21T12:52:30Z] run B011_recover_l3_orphans.py attempt 1
2026-02-21T12:55:21Z [2026-02-21T12:52:30Z] retry B011_recover_l3_orphans.py in 2.0s; stderr_tail=from scripts.core.script_locator import resolve_script_path | ModuleNotFoundError: No module named 'scripts.core'
2026-02-21T12:55:23Z [2026-02-21T12:52:30Z] run B011_recover_l3_orphans.py attempt 2
2026-02-21T12:55:23Z [2026-02-21T12:52:30Z] retry B011_recover_l3_orphans.py in 4.0s; stderr_tail=from scripts.core.script_locator import resolve_script_path | ModuleNotFoundError: No module named 'scripts.core'
2026-02-21T12:55:27Z [2026-02-21T12:52:30Z] run B011_recover_l3_orphans.py attempt 3
2026-02-21T12:55:28Z [2026-02-21T12:52:30Z] retry B011_recover_l3_orphans.py in 8.0s; stderr_tail=from scripts.core.script_locator import resolve_script_path | ModuleNotFoundError: No module named 'scripts.core'
2026-02-21T12:55:36Z [2026-02-21T12:52:30Z] run B011_recover_l3_orphans.py attempt 4
2026-02-21T12:55:37Z [2026-02-21T12:52:30Z] retry B011_recover_l3_orphans.py in 16.0s; stderr_tail=from scripts.core.script_locator import resolve_script_path | ModuleNotFoundError: No module named 'scripts.core'
2026-02-21T12:55:53Z [2026-02-21T12:52:30Z] run B011_recover_l3_orphans.py attempt 5
2026-02-21T12:55:54Z [2026-02-21T12:52:30Z] fail B011_recover_l3_orphans.py after 5; stderr_tail=File "C:\Users\Luke\Desktop\SellerOne 2.0\scripts\flows\B\B011_recover_l3_orphans.py", line 21, in <module> | from scripts.core.script_locator import resolve_script_path | ModuleNotFoundError: No module named 'scripts.core'
2026-02-21T12:55:54Z [2026-02-21T12:52:30Z] skip listing_offer collection (last run 339s ago)
2026-02-21T12:55:54Z [2026-02-21T12:52:30Z] skip refunds_adjustments collection (last run 2870s ago)
2026-02-21T12:55:54Z [2026-02-21T12:52:30Z] health_gate snapshot FAIL=0 WARN=0 source=checklist_B.csv
2026-02-21T12:55:54Z [2026-02-21T12:52:30Z] publish Order_Master
2026-02-21T12:55:54Z [2026-02-21T12:52:30Z] run B004_build_order_master.py attempt 1
2026-02-21T12:56:52Z [2026-02-21T12:52:30Z] ok B004_build_order_master.py
2026-02-21T12:56:52Z [2026-02-21T12:52:30Z] publish P&L
2026-02-21T12:56:52Z [2026-02-21T12:52:30Z] run D001_build_pnl_daily.py attempt 1
2026-02-21T12:56:57Z [2026-02-21T12:52:30Z] ok D001_build_pnl_daily.py
2026-02-21T12:56:57Z [2026-02-21T12:52:30Z] run A015_build_system_health_check.py profile=b end_of_cycle shadow_legacy
2026-02-21T12:57:04Z [2026-02-21T12:52:30Z] ok A015_build_system_health_check.py profile=b end_of_cycle shadow_legacy
2026-02-21T12:57:04Z [2026-02-21T12:52:30Z] health_snapshot {"event":"health_snapshot","cycle_start_utc":"2026-02-21T12:52:30Z","health_snapshot_utc":"2026-02-21T12:57:04Z","fail":0,"warn":0,"fail_checks":[],"warn_checks":[],"path":"C:\\Users\\Luke\\Desktop\\SellerOne 2.0\\out\\cycle_alerts\\checklist_B.csv"}
2026-02-21T12:57:04Z [2026-02-21T12:52:30Z] run A015_build_system_health_check.py profile=b shadow_compare
2026-02-21T12:57:11Z [2026-02-21T12:52:30Z] split_health_snapshot {"event":"split_health_snapshot","cycle_start_utc":"2026-02-21T12:52:30Z","health_snapshot_utc":"2026-02-21T12:57:11Z","fail":0,"warn":0,"fail_checks":[],"warn_checks":[],"path":"C:\\Users\\Luke\\Desktop\\SellerOne 2.0\\out\\cycle_alerts\\checklist_B_split.csv"}
2026-02-21T12:57:11Z [2026-02-21T12:52:30Z] split_shadow_compare legacy_fail=0 legacy_warn=0 split_fail=0 split_warn=0 decision_match=1 a_match_streak=1 b_match_streak=224 e_match_streak=0 ready_for_cutover=0
2026-02-21T12:57:11Z [2026-02-21T12:52:30Z] cycle sleep 30s
2026-02-21T12:57:41Z [2026-02-21T12:52:30Z] manifest written C:\Users\Luke\Desktop\SellerOne 2.0\out\manifests\B\2026-02-21\B_20260221T125230Z.json
2026-02-21T12:57:41Z [2026-02-21T12:57:41Z] split_health mode_requested=shadow mode_effective=shadow
2026-02-21T12:57:41Z [2026-02-21T12:57:41Z] run B001_run_orders_to_sheet.py attempt 1
2026-02-21T12:58:40Z [2026-02-21T12:57:41Z] ok B001_run_orders_to_sheet.py
2026-02-21T12:58:40Z [2026-02-21T12:57:41Z] skip B002_run_pending_orders_to_sheet.py (last run 3450s ago)
2026-02-21T12:58:40Z [2026-02-21T12:57:41Z] run B030_sync_token_allocations_from_sheet.py attempt 1
2026-02-21T12:58:41Z [2026-02-21T12:57:41Z] retry B030_sync_token_allocations_from_sheet.py in 2.0s; stderr_tail=from scripts.core.out_paths import resolve_compat_path, write_csv_with_compat | ModuleNotFoundError: No module named 'scripts.core'
2026-02-21T12:58:43Z [2026-02-21T12:57:41Z] run B030_sync_token_allocations_from_sheet.py attempt 2
2026-02-21T12:58:44Z [2026-02-21T12:57:41Z] retry B030_sync_token_allocations_from_sheet.py in 4.0s; stderr_tail=from scripts.core.out_paths import resolve_compat_path, write_csv_with_compat | ModuleNotFoundError: No module named 'scripts.core'
2026-02-21T12:58:48Z [2026-02-21T12:57:41Z] run B030_sync_token_allocations_from_sheet.py attempt 3
2026-02-21T12:58:49Z [2026-02-21T12:57:41Z] retry B030_sync_token_allocations_from_sheet.py in 8.0s; stderr_tail=from scripts.core.out_paths import resolve_compat_path, write_csv_with_compat | ModuleNotFoundError: No module named 'scripts.core'
2026-02-21T12:58:57Z [2026-02-21T12:57:41Z] run B030_sync_token_allocations_from_sheet.py attempt 4
2026-02-21T12:58:58Z [2026-02-21T12:57:41Z] retry B030_sync_token_allocations_from_sheet.py in 16.0s; stderr_tail=from scripts.core.out_paths import resolve_compat_path, write_csv_with_compat | ModuleNotFoundError: No module named 'scripts.core'
2026-02-21T12:59:14Z [2026-02-21T12:57:41Z] run B030_sync_token_allocations_from_sheet.py attempt 5
2026-02-21T12:59:14Z [2026-02-21T12:57:41Z] fail B030_sync_token_allocations_from_sheet.py after 5; stderr_tail=File "C:\Users\Luke\Desktop\SellerOne 2.0\scripts\flows\B\B030_sync_token_allocations_from_sheet.py", line 15, in <module> | from scripts.core.out_paths import resolve_compat_path, write_csv_with_compat | ModuleNotFoundError: No module named 'scripts.core'
2026-02-21T12:59:14Z [2026-02-21T12:57:41Z] run B007_allocate_tokens_live.py attempt 1
2026-02-21T12:59:16Z [2026-02-21T12:57:41Z] retry B007_allocate_tokens_live.py in 2.0s; stderr_tail=from scripts.core.out_paths import resolve_compat_path, write_csv_with_compat | ModuleNotFoundError: No module named 'scripts.core'
2026-02-21T12:59:18Z [2026-02-21T12:57:41Z] run B007_allocate_tokens_live.py attempt 2
2026-02-21T12:59:19Z [2026-02-21T12:57:41Z] retry B007_allocate_tokens_live.py in 4.0s; stderr_tail=from scripts.core.out_paths import resolve_compat_path, write_csv_with_compat | ModuleNotFoundError: No module named 'scripts.core'
2026-02-21T12:59:23Z [2026-02-21T12:57:41Z] run B007_allocate_tokens_live.py attempt 3
2026-02-21T12:59:25Z [2026-02-21T12:57:41Z] retry B007_allocate_tokens_live.py in 8.0s; stderr_tail=from scripts.core.out_paths import resolve_compat_path, write_csv_with_compat | ModuleNotFoundError: No module named 'scripts.core'
2026-02-21T12:59:33Z [2026-02-21T12:57:41Z] run B007_allocate_tokens_live.py attempt 4
2026-02-21T12:59:34Z [2026-02-21T12:57:41Z] retry B007_allocate_tokens_live.py in 16.0s; stderr_tail=from scripts.core.out_paths import resolve_compat_path, write_csv_with_compat | ModuleNotFoundError: No module named 'scripts.core'
2026-02-21T12:59:50Z [2026-02-21T12:57:41Z] run B007_allocate_tokens_live.py attempt 5
2026-02-21T12:59:51Z [2026-02-21T12:57:41Z] fail B007_allocate_tokens_live.py after 5; stderr_tail=File "C:\Users\Luke\Desktop\SellerOne 2.0\scripts\flows\B\B007_allocate_tokens_live.py", line 21, in <module> | from scripts.core.out_paths import resolve_compat_path, write_csv_with_compat | ModuleNotFoundError: No module named 'scripts.core'
2026-02-21T12:59:51Z [2026-02-21T12:57:41Z] run B025_build_token_cogs_ledger.py attempt 1
2026-02-21T12:59:52Z [2026-02-21T12:57:41Z] ok B025_build_token_cogs_ledger.py
2026-02-21T12:59:52Z [2026-02-21T12:57:41Z] run B004_build_order_master.py attempt 1
2026-02-21T13:00:28Z [2026-02-21T12:57:41Z] ok B004_build_order_master.py
2026-02-21T13:00:28Z [2026-02-21T12:57:41Z] run B011_recover_l3_orphans.py attempt 1
2026-02-21T13:00:28Z [2026-02-21T12:57:41Z] retry B011_recover_l3_orphans.py in 2.0s; stderr_tail=from scripts.core.script_locator import resolve_script_path | ModuleNotFoundError: No module named 'scripts.core'
2026-02-21T13:00:30Z [2026-02-21T12:57:41Z] run B011_recover_l3_orphans.py attempt 2
2026-02-21T13:00:31Z [2026-02-21T12:57:41Z] retry B011_recover_l3_orphans.py in 4.0s; stderr_tail=from scripts.core.script_locator import resolve_script_path | ModuleNotFoundError: No module named 'scripts.core'
2026-02-21T13:00:35Z [2026-02-21T12:57:41Z] run B011_recover_l3_orphans.py attempt 3
2026-02-21T13:00:36Z [2026-02-21T12:57:41Z] retry B011_recover_l3_orphans.py in 8.0s; stderr_tail=from scripts.core.script_locator import resolve_script_path | ModuleNotFoundError: No module named 'scripts.core'
2026-02-21T13:00:44Z [2026-02-21T12:57:41Z] run B011_recover_l3_orphans.py attempt 4
2026-02-21T13:00:44Z [2026-02-21T12:57:41Z] retry B011_recover_l3_orphans.py in 16.0s; stderr_tail=from scripts.core.script_locator import resolve_script_path | ModuleNotFoundError: No module named 'scripts.core'
2026-02-21T13:01:00Z [2026-02-21T12:57:41Z] run B011_recover_l3_orphans.py attempt 5
2026-02-21T13:01:01Z [2026-02-21T12:57:41Z] fail B011_recover_l3_orphans.py after 5; stderr_tail=File "C:\Users\Luke\Desktop\SellerOne 2.0\scripts\flows\B\B011_recover_l3_orphans.py", line 21, in <module> | from scripts.core.script_locator import resolve_script_path | ModuleNotFoundError: No module named 'scripts.core'
2026-02-21T13:01:01Z [2026-02-21T12:57:41Z] skip listing_offer collection (last run 646s ago)
2026-02-21T13:01:01Z [2026-02-21T12:57:41Z] skip refunds_adjustments collection (last run 3177s ago)
2026-02-21T13:01:01Z [2026-02-21T12:57:41Z] health_gate snapshot FAIL=0 WARN=0 source=checklist_B.csv
2026-02-21T13:01:01Z [2026-02-21T12:57:41Z] publish Order_Master
2026-02-21T13:01:01Z [2026-02-21T12:57:41Z] run B004_build_order_master.py attempt 1
2026-02-21T13:01:52Z [2026-02-21T12:57:41Z] ok B004_build_order_master.py
2026-02-21T13:01:52Z [2026-02-21T12:57:41Z] publish P&L
2026-02-21T13:01:52Z [2026-02-21T12:57:41Z] run D001_build_pnl_daily.py attempt 1
2026-02-21T13:01:57Z [2026-02-21T12:57:41Z] ok D001_build_pnl_daily.py
2026-02-21T13:01:57Z [2026-02-21T12:57:41Z] run A015_build_system_health_check.py profile=b end_of_cycle shadow_legacy
2026-02-21T13:02:04Z [2026-02-21T12:57:41Z] ok A015_build_system_health_check.py profile=b end_of_cycle shadow_legacy
2026-02-21T13:02:04Z [2026-02-21T12:57:41Z] health_snapshot {"event":"health_snapshot","cycle_start_utc":"2026-02-21T12:57:41Z","health_snapshot_utc":"2026-02-21T13:02:04Z","fail":0,"warn":0,"fail_checks":[],"warn_checks":[],"path":"C:\\Users\\Luke\\Desktop\\SellerOne 2.0\\out\\cycle_alerts\\checklist_B.csv"}
2026-02-21T13:02:04Z [2026-02-21T12:57:41Z] run A015_build_system_health_check.py profile=b shadow_compare
2026-02-21T13:02:11Z [2026-02-21T12:57:41Z] split_health_snapshot {"event":"split_health_snapshot","cycle_start_utc":"2026-02-21T12:57:41Z","health_snapshot_utc":"2026-02-21T13:02:11Z","fail":0,"warn":0,"fail_checks":[],"warn_checks":[],"path":"C:\\Users\\Luke\\Desktop\\SellerOne 2.0\\out\\cycle_alerts\\checklist_B_split.csv"}
2026-02-21T13:02:11Z [2026-02-21T12:57:41Z] split_shadow_compare legacy_fail=0 legacy_warn=0 split_fail=0 split_warn=0 decision_match=1 a_match_streak=1 b_match_streak=225 e_match_streak=0 ready_for_cutover=0
2026-02-21T13:02:11Z [2026-02-21T12:57:41Z] cycle sleep 30s
2026-02-21T13:02:41Z [2026-02-21T12:57:41Z] manifest written C:\Users\Luke\Desktop\SellerOne 2.0\out\manifests\B\2026-02-21\B_20260221T125741Z.json
2026-02-21T13:02:41Z [2026-02-21T13:02:41Z] split_health mode_requested=shadow mode_effective=shadow
2026-02-21T13:02:41Z [2026-02-21T13:02:41Z] run B001_run_orders_to_sheet.py attempt 1
2026-02-21T13:03:41Z [2026-02-21T13:02:41Z] ok B001_run_orders_to_sheet.py
2026-02-21T13:03:41Z [2026-02-21T13:02:41Z] run B002_run_pending_orders_to_sheet.py attempt 1
2026-03-02T10:56:17Z [2026-03-02T10:56:17Z] split_health mode_requested=shadow mode_effective=shadow
2026-03-02T10:56:17Z [2026-03-02T10:56:17Z] run listing_offer collection attempt 1
2026-03-02T10:56:17Z [2026-03-02T10:56:17Z] mock listing_offer early_exit rc=0 path
2026-03-02T10:56:17Z [2026-03-02T10:56:17Z] run refunds_adjustments collection attempt 1
2026-03-02T10:56:19Z [2026-03-02T10:56:17Z] B_FINALIZE ran rc=1 wrote_health=false reason=cycle_incomplete
2026-03-02T10:56:19Z [2026-03-02T10:56:17Z] manifest written C:\Users\Luke\Desktop\SellerOne 2.0\out\manifests\B\2026-03-02\B_20260302T105617Z.json
2026-03-02T10:56:19Z [2026-03-02T10:56:17Z] B_EXIT rc=0
2026-03-02T10:56:29Z [2026-03-02T10:56:29Z] split_health mode_requested=shadow mode_effective=shadow
2026-03-02T10:56:29Z [2026-03-02T10:56:29Z] run listing_offer collection attempt 1
2026-03-02T10:56:29Z [2026-03-02T10:56:29Z] mock listing_offer early_exit rc=0 path
2026-03-02T10:56:29Z [2026-03-02T10:56:29Z] skip refunds_adjustments collection (mock fast path)
2026-03-02T10:56:29Z [2026-03-02T10:56:29Z] stock_parking refreshed snapshot_rows=0 parked_rows=0 source=mock
2026-03-02T10:56:29Z [2026-03-02T10:56:29Z] health_gate snapshot FAIL=0 WARN=0 source=checklist_B.csv
2026-03-02T10:56:29Z [2026-03-02T10:56:29Z] publish Order_Master
2026-03-02T10:56:29Z [2026-03-02T10:56:29Z] run B004_build_order_master.py attempt 1
2026-03-02T10:57:18Z [2026-03-02T10:56:29Z] ok B004_build_order_master.py
2026-03-02T10:57:18Z [2026-03-02T10:56:29Z] publish P&L
2026-03-02T10:57:18Z [2026-03-02T10:56:29Z] run D001_build_pnl_daily.py attempt 1
2026-03-02T10:57:25Z [2026-03-02T10:56:29Z] ok D001_build_pnl_daily.py
2026-03-02T10:57:25Z [2026-03-02T10:56:29Z] run_once enabled, exiting after single cycle
2026-03-02T10:57:25Z [2026-03-02T10:56:29Z] run A015_build_system_health_check.py profile=b end_of_cycle shadow_legacy
2026-03-02T10:57:39Z [2026-03-02T10:56:29Z] warn A015_build_system_health_check.py profile=b end_of_cycle shadow_legacy
2026-03-02T10:57:39Z [2026-03-02T10:56:29Z] health_snapshot {"event":"health_snapshot","cycle_start_utc":"2026-03-02T10:56:29Z","health_snapshot_utc":"2026-03-02T10:57:38Z","fail":0,"warn":1,"fail_checks":[],"warn_checks":["b_cycle_recent_fail_lines"],"path":"C:\\Users\\Luke\\Desktop\\SellerOne 2.0\\out\\cycle_alerts\\checklist_B.csv"}
2026-03-02T10:57:39Z [2026-03-02T10:56:29Z] run A015_build_system_health_check.py profile=b shadow_compare
2026-03-02T10:57:52Z [2026-03-02T10:56:29Z] split_health_snapshot {"event":"split_health_snapshot","cycle_start_utc":"2026-03-02T10:56:29Z","health_snapshot_utc":"2026-03-02T10:57:52Z","fail":0,"warn":1,"fail_checks":[],"warn_checks":["b_cycle_recent_fail_lines"],"path":"C:\\Users\\Luke\\Desktop\\SellerOne 2.0\\out\\cycle_alerts\\checklist_B_split.csv"}
2026-03-02T10:57:52Z [2026-03-02T10:56:29Z] split_shadow_compare legacy_fail=0 legacy_warn=1 split_fail=0 split_warn=1 decision_match=1 a_match_streak=1 b_match_streak=619 e_match_streak=0 ready_for_cutover=0
2026-03-02T10:57:52Z [2026-03-02T10:56:29Z] B_FINALIZE ran rc=0 wrote_health=true reason=run_once_exit
2026-03-02T10:57:52Z [2026-03-02T10:56:29Z] manifest written C:\Users\Luke\Desktop\SellerOne 2.0\out\manifests\B\2026-03-02\B_20260302T105629Z.json
2026-03-02T10:57:52Z [2026-03-02T10:56:29Z] B_EXIT rc=0
2026-03-02T11:00:23Z [2026-03-02T11:00:23Z] split_health mode_requested=shadow mode_effective=shadow
2026-03-02T11:00:23Z [2026-03-02T11:00:23Z] skip listing_offer collection (disabled)
2026-03-02T11:00:23Z [2026-03-02T11:00:23Z] skip refunds_adjustments collection (interval disabled)
2026-03-02T11:00:23Z [2026-03-02T11:00:23Z] stock_parking refreshed snapshot_rows=336 parked_rows=279 source=inventory_summaries.csv
2026-03-02T11:00:23Z [2026-03-02T11:00:23Z] run_once enabled, exiting after single cycle
2026-03-02T11:00:23Z [2026-03-02T11:00:23Z] run A015_build_system_health_check.py profile=b end_of_cycle shadow_legacy
2026-03-02T11:00:36Z [2026-03-02T11:00:23Z] warn A015_build_system_health_check.py profile=b end_of_cycle shadow_legacy
2026-03-02T11:00:36Z [2026-03-02T11:00:23Z] health_snapshot {"event":"health_snapshot","cycle_start_utc":"2026-03-02T11:00:23Z","health_snapshot_utc":"2026-03-02T11:00:36Z","fail":0,"warn":1,"fail_checks":[],"warn_checks":["b_cycle_recent_fail_lines"],"path":"C:\\Users\\Luke\\Desktop\\SellerOne 2.0\\out\\cycle_alerts\\checklist_B.csv"}
2026-03-02T11:00:36Z [2026-03-02T11:00:23Z] run A015_build_system_health_check.py profile=b shadow_compare
2026-03-02T11:00:52Z [2026-03-02T11:00:23Z] split_health_snapshot {"event":"split_health_snapshot","cycle_start_utc":"2026-03-02T11:00:23Z","health_snapshot_utc":"2026-03-02T11:00:52Z","fail":0,"warn":1,"fail_checks":[],"warn_checks":["b_cycle_recent_fail_lines"],"path":"C:\\Users\\Luke\\Desktop\\SellerOne 2.0\\out\\cycle_alerts\\checklist_B_split.csv"}
2026-03-02T11:00:52Z [2026-03-02T11:00:23Z] split_shadow_compare legacy_fail=0 legacy_warn=1 split_fail=0 split_warn=1 decision_match=1 a_match_streak=1 b_match_streak=620 e_match_streak=0 ready_for_cutover=0
2026-03-02T11:00:52Z [2026-03-02T11:00:23Z] B_FINALIZE ran rc=0 wrote_health=true reason=run_once_exit
2026-03-02T11:00:52Z [2026-03-02T11:00:23Z] manifest written C:\Users\Luke\Desktop\SellerOne 2.0\out\manifests\B\2026-03-02\B_20260302T110023Z.json
2026-03-02T11:00:52Z [2026-03-02T11:00:52Z] split_health mode_requested=shadow mode_effective=shadow
2026-03-02T11:00:52Z [2026-03-02T11:00:52Z] skip listing_offer collection (disabled)
2026-03-02T11:00:52Z [2026-03-02T11:00:52Z] skip refunds_adjustments collection (interval disabled)
2026-03-02T11:00:52Z [2026-03-02T11:00:52Z] stock_parking refreshed snapshot_rows=336 parked_rows=279 source=inventory_summaries.csv
2026-03-02T11:00:52Z [2026-03-02T11:00:52Z] run_once enabled, exiting after single cycle
2026-03-02T11:00:52Z [2026-03-02T11:00:52Z] run A015_build_system_health_check.py profile=b end_of_cycle shadow_legacy
2026-03-02T11:01:06Z [2026-03-02T11:00:52Z] warn A015_build_system_health_check.py profile=b end_of_cycle shadow_legacy
2026-03-02T11:01:06Z [2026-03-02T11:00:52Z] health_snapshot {"event":"health_snapshot","cycle_start_utc":"2026-03-02T11:00:52Z","health_snapshot_utc":"2026-03-02T11:01:06Z","fail":0,"warn":1,"fail_checks":[],"warn_checks":["b_cycle_recent_fail_lines"],"path":"C:\\Users\\Luke\\Desktop\\SellerOne 2.0\\out\\cycle_alerts\\checklist_B.csv"}
2026-03-02T11:01:06Z [2026-03-02T11:00:52Z] run A015_build_system_health_check.py profile=b shadow_compare
2026-03-02T11:01:19Z [2026-03-02T11:00:52Z] split_health_snapshot {"event":"split_health_snapshot","cycle_start_utc":"2026-03-02T11:00:52Z","health_snapshot_utc":"2026-03-02T11:01:19Z","fail":0,"warn":1,"fail_checks":[],"warn_checks":["b_cycle_recent_fail_lines"],"path":"C:\\Users\\Luke\\Desktop\\SellerOne 2.0\\out\\cycle_alerts\\checklist_B_split.csv"}
2026-03-02T11:01:19Z [2026-03-02T11:00:52Z] split_shadow_compare legacy_fail=0 legacy_warn=1 split_fail=0 split_warn=1 decision_match=1 a_match_streak=1 b_match_streak=621 e_match_streak=0 ready_for_cutover=0
2026-03-02T11:01:19Z [2026-03-02T11:00:52Z] B_FINALIZE ran rc=0 wrote_health=true reason=run_once_exit
2026-03-02T11:01:19Z [2026-03-02T11:00:52Z] manifest written C:\Users\Luke\Desktop\SellerOne 2.0\out\manifests\B\2026-03-02\B_20260302T110052Z.json
2026-03-02T11:01:20Z [2026-03-02T11:01:20Z] split_health mode_requested=shadow mode_effective=shadow
2026-03-02T11:01:20Z [2026-03-02T11:01:20Z] skip listing_offer collection (disabled)
2026-03-02T11:01:20Z [2026-03-02T11:01:20Z] skip refunds_adjustments collection (interval disabled)
2026-03-02T11:01:20Z [2026-03-02T11:01:20Z] stock_parking refreshed snapshot_rows=336 parked_rows=279 source=inventory_summaries.csv
2026-03-02T11:01:20Z [2026-03-02T11:01:20Z] run_once enabled, exiting after single cycle
2026-03-02T11:01:20Z [2026-03-02T11:01:20Z] run A015_build_system_health_check.py profile=b end_of_cycle shadow_legacy
2026-03-02T11:01:33Z [2026-03-02T11:01:20Z] warn A015_build_system_health_check.py profile=b end_of_cycle shadow_legacy
2026-03-02T11:01:33Z [2026-03-02T11:01:20Z] health_snapshot {"event":"health_snapshot","cycle_start_utc":"2026-03-02T11:01:20Z","health_snapshot_utc":"2026-03-02T11:01:33Z","fail":0,"warn":1,"fail_checks":[],"warn_checks":["b_cycle_recent_fail_lines"],"path":"C:\\Users\\Luke\\Desktop\\SellerOne 2.0\\out\\cycle_alerts\\checklist_B.csv"}
2026-03-02T11:01:33Z [2026-03-02T11:01:20Z] run A015_build_system_health_check.py profile=b shadow_compare
2026-03-02T11:01:47Z [2026-03-02T11:01:20Z] split_health_snapshot {"event":"split_health_snapshot","cycle_start_utc":"2026-03-02T11:01:20Z","health_snapshot_utc":"2026-03-02T11:01:47Z","fail":0,"warn":1,"fail_checks":[],"warn_checks":["b_cycle_recent_fail_lines"],"path":"C:\\Users\\Luke\\Desktop\\SellerOne 2.0\\out\\cycle_alerts\\checklist_B_split.csv"}
2026-03-02T11:01:47Z [2026-03-02T11:01:20Z] split_shadow_compare legacy_fail=0 legacy_warn=1 split_fail=0 split_warn=1 decision_match=1 a_match_streak=1 b_match_streak=622 e_match_streak=0 ready_for_cutover=0
2026-03-02T11:01:47Z [2026-03-02T11:01:20Z] B_FINALIZE ran rc=0 wrote_health=true reason=run_once_exit
2026-03-02T11:01:47Z [2026-03-02T11:01:20Z] manifest written C:\Users\Luke\Desktop\SellerOne 2.0\out\manifests\B\2026-03-02\B_20260302T110120Z.json
2026-03-02T11:01:47Z [2026-03-02T11:01:20Z] B_EXIT rc=0
2026-03-02T11:01:47Z [2026-03-02T11:01:20Z] B_EXIT rc=0
2026-03-02T11:01:47Z [2026-03-02T11:01:20Z] B_EXIT rc=0
2026-03-02T13:03:26Z [-] stock_parking refreshed snapshot_rows=51 parked_rows=0 source=inventory_summaries.csv universe_count=51 output_unique_skus=51 missing_filled_count=0
2026-03-03T16:12:58Z [-] maintenance ready (before cycle start); current cycle finished
2026-03-03T16:12:58Z [-] maintenance pause (before cycle start); sleeping 900s, check back in 13 minutes; reason=maintenance: phase engine v1.1 prep stop requested 2026-03-03T12:36:48.4487123+00:00
2026-03-03T16:27:58Z [-] maintenance pause (before cycle start); sleeping 900s, check back in 13 minutes; reason=maintenance: phase engine v1.1 prep stop requested 2026-03-03T12:36:48.4487123+00:00
2026-03-03T16:33:37Z [-] lock_recovered path=C:\Users\Luke\Desktop\SellerOne 2.0\out\systems\B\live\B_cycle.lock reason=dead_pid pid=17696
2026-03-03T16:33:37Z [-] maintenance ready (before cycle start); current cycle finished
2026-03-03T16:33:37Z [-] maintenance pause (before cycle start); sleeping 900s, check back in 13 minutes; reason=maintenance: phase engine v1.1 prep stop requested 2026-03-03T12:36:48.4487123+00:00
2026-03-03T16:48:37Z [-] maintenance pause (before cycle start); sleeping 900s, check back in 13 minutes; reason=maintenance: phase engine v1.1 prep stop requested 2026-03-03T12:36:48.4487123+00:00
2026-03-03T16:49:20Z [-] lock_recovered path=C:\Users\Luke\Desktop\SellerOne 2.0\out\systems\B\live\B_cycle.lock reason=dead_pid pid=5164
2026-03-03T16:49:20Z [2026-03-03T16:49:20Z] split_health mode_requested=shadow mode_effective=shadow
2026-03-03T16:49:20Z [2026-03-03T16:49:20Z] run B001_run_orders_to_sheet.py attempt 1
2026-03-03T16:51:14Z [2026-03-03T16:49:20Z] ok B001_run_orders_to_sheet.py
2026-03-03T16:51:14Z [2026-03-03T16:49:20Z] run B002_run_pending_orders_to_sheet.py attempt 1
2026-03-03T16:53:28Z [2026-03-03T16:49:20Z] ok B002_run_pending_orders_to_sheet.py
2026-03-03T16:53:28Z [2026-03-03T16:49:20Z] run B030_sync_token_allocations_from_sheet.py attempt 1
2026-03-03T16:53:28Z [2026-03-03T16:49:20Z] retry B030_sync_token_allocations_from_sheet.py in 2.0s; stderr_tail=from scripts.core.out_paths import resolve_compat_path, write_csv_with_compat | ModuleNotFoundError: No module named 'scripts.core'
2026-03-03T16:53:30Z [2026-03-03T16:49:20Z] run B030_sync_token_allocations_from_sheet.py attempt 2
2026-03-03T16:53:31Z [2026-03-03T16:49:20Z] retry B030_sync_token_allocations_from_sheet.py in 4.0s; stderr_tail=from scripts.core.out_paths import resolve_compat_path, write_csv_with_compat | ModuleNotFoundError: No module named 'scripts.core'
2026-03-03T16:53:35Z [2026-03-03T16:49:20Z] run B030_sync_token_allocations_from_sheet.py attempt 3
2026-03-03T16:53:36Z [2026-03-03T16:49:20Z] retry B030_sync_token_allocations_from_sheet.py in 8.0s; stderr_tail=from scripts.core.out_paths import resolve_compat_path, write_csv_with_compat | ModuleNotFoundError: No module named 'scripts.core'
2026-03-03T16:53:44Z [2026-03-03T16:49:20Z] run B030_sync_token_allocations_from_sheet.py attempt 4
2026-03-03T16:53:44Z [2026-03-03T16:49:20Z] retry B030_sync_token_allocations_from_sheet.py in 16.0s; stderr_tail=from scripts.core.out_paths import resolve_compat_path, write_csv_with_compat | ModuleNotFoundError: No module named 'scripts.core'
2026-03-03T16:54:00Z [2026-03-03T16:49:20Z] run B030_sync_token_allocations_from_sheet.py attempt 5
2026-03-03T16:54:01Z [2026-03-03T16:49:20Z] fail B030_sync_token_allocations_from_sheet.py after 5; stderr_tail=File "C:\Users\Luke\Desktop\SellerOne 2.0\scripts\flows\B\B030_sync_token_allocations_from_sheet.py", line 15, in <module> | from scripts.core.out_paths import resolve_compat_path, write_csv_with_compat | ModuleNotFoundError: No module named 'scripts.core'
2026-03-03T16:54:01Z [2026-03-03T16:49:20Z] run B007_allocate_tokens_live.py attempt 1
2026-03-03T16:54:03Z [2026-03-03T16:49:20Z] retry B007_allocate_tokens_live.py in 2.0s; stderr_tail=from scripts.core.out_paths import resolve_compat_path, write_csv_with_compat | ModuleNotFoundError: No module named 'scripts.core'
2026-03-03T16:54:05Z [2026-03-03T16:49:20Z] run B007_allocate_tokens_live.py attempt 2
2026-03-03T16:54:06Z [2026-03-03T16:49:20Z] retry B007_allocate_tokens_live.py in 4.0s; stderr_tail=from scripts.core.out_paths import resolve_compat_path, write_csv_with_compat | ModuleNotFoundError: No module named 'scripts.core'
2026-03-03T16:54:10Z [2026-03-03T16:49:20Z] run B007_allocate_tokens_live.py attempt 3
2026-03-03T16:54:11Z [2026-03-03T16:49:20Z] retry B007_allocate_tokens_live.py in 8.0s; stderr_tail=from scripts.core.out_paths import resolve_compat_path, write_csv_with_compat | ModuleNotFoundError: No module named 'scripts.core'
2026-03-03T16:54:19Z [2026-03-03T16:49:20Z] run B007_allocate_tokens_live.py attempt 4
2026-03-03T16:54:21Z [2026-03-03T16:49:20Z] retry B007_allocate_tokens_live.py in 16.0s; stderr_tail=from scripts.core.out_paths import resolve_compat_path, write_csv_with_compat | ModuleNotFoundError: No module named 'scripts.core'
2026-03-03T16:54:37Z [2026-03-03T16:49:20Z] run B007_allocate_tokens_live.py attempt 5
2026-03-03T16:54:38Z [2026-03-03T16:49:20Z] fail B007_allocate_tokens_live.py after 5; stderr_tail=File "C:\Users\Luke\Desktop\SellerOne 2.0\scripts\flows\B\B007_allocate_tokens_live.py", line 21, in <module> | from scripts.core.out_paths import resolve_compat_path, write_csv_with_compat | ModuleNotFoundError: No module named 'scripts.core'
2026-03-03T16:54:38Z [2026-03-03T16:49:20Z] run B025_build_token_cogs_ledger.py attempt 1
2026-03-03T16:54:39Z [2026-03-03T16:49:20Z] ok B025_build_token_cogs_ledger.py
2026-03-03T16:54:39Z [2026-03-03T16:49:20Z] run B004_build_order_master.py attempt 1
2026-03-03T16:55:19Z [2026-03-03T16:49:20Z] ok B004_build_order_master.py
2026-03-03T16:55:19Z [2026-03-03T16:49:20Z] run B011_recover_l3_orphans.py attempt 1
2026-03-03T16:55:19Z [2026-03-03T16:49:20Z] retry B011_recover_l3_orphans.py in 2.0s; stderr_tail=from scripts.core.script_locator import resolve_script_path | ModuleNotFoundError: No module named 'scripts.core'
2026-03-03T16:55:21Z [2026-03-03T16:49:20Z] run B011_recover_l3_orphans.py attempt 2
2026-03-03T16:55:22Z [2026-03-03T16:49:20Z] retry B011_recover_l3_orphans.py in 4.0s; stderr_tail=from scripts.core.script_locator import resolve_script_path | ModuleNotFoundError: No module named 'scripts.core'
2026-03-03T16:55:26Z [2026-03-03T16:49:20Z] run B011_recover_l3_orphans.py attempt 3
2026-03-03T16:55:27Z [2026-03-03T16:49:20Z] retry B011_recover_l3_orphans.py in 8.0s; stderr_tail=from scripts.core.script_locator import resolve_script_path | ModuleNotFoundError: No module named 'scripts.core'
2026-03-03T16:55:35Z [2026-03-03T16:49:20Z] run B011_recover_l3_orphans.py attempt 4
2026-03-03T16:55:35Z [2026-03-03T16:49:20Z] retry B011_recover_l3_orphans.py in 16.0s; stderr_tail=from scripts.core.script_locator import resolve_script_path | ModuleNotFoundError: No module named 'scripts.core'
2026-03-03T16:55:51Z [2026-03-03T16:49:20Z] run B011_recover_l3_orphans.py attempt 5
2026-03-03T16:55:52Z [2026-03-03T16:49:20Z] fail B011_recover_l3_orphans.py after 5; stderr_tail=File "C:\Users\Luke\Desktop\SellerOne 2.0\scripts\flows\B\B011_recover_l3_orphans.py", line 21, in <module> | from scripts.core.script_locator import resolve_script_path | ModuleNotFoundError: No module named 'scripts.core'
2026-03-03T16:55:52Z [2026-03-03T16:49:20Z] run listing_offer collection attempt 1
2026-03-03T16:55:53Z [2026-03-03T16:49:20Z] ok listing_offer collection
2026-03-03T16:55:53Z [2026-03-03T16:49:20Z] run refunds_adjustments collection attempt 1
2026-03-03T16:55:55Z [2026-03-03T16:49:20Z] B_FINALIZE ran rc=1 wrote_health=false reason=cycle_incomplete
2026-03-03T16:55:55Z [2026-03-03T16:49:20Z] manifest written C:\Users\Luke\Desktop\SellerOne 2.0\out\manifests\B\2026-03-03\B_20260303T164920Z.json
2026-03-03T16:55:55Z [2026-03-03T16:49:20Z] B_EXIT rc=0
2026-03-04T11:36:48Z [2026-03-04T11:36:48Z] split_health mode_requested=shadow mode_effective=shadow
2026-03-04T11:36:48Z [2026-03-04T11:36:48Z] run B001_run_orders_to_sheet.py attempt 1
2026-03-04T11:38:34Z [2026-03-04T11:36:48Z] ok B001_run_orders_to_sheet.py
2026-03-04T11:38:34Z [2026-03-04T11:36:48Z] run B002_run_pending_orders_to_sheet.py attempt 1
2026-03-04T11:40:29Z [2026-03-04T11:36:48Z] ok B002_run_pending_orders_to_sheet.py
2026-03-04T11:40:29Z [2026-03-04T11:36:48Z] run B030_sync_token_allocations_from_sheet.py attempt 1
2026-03-04T11:40:29Z [2026-03-04T11:36:48Z] retry B030_sync_token_allocations_from_sheet.py in 2.0s; stderr_tail=from scripts.core.out_paths import resolve_compat_path, write_csv_with_compat | ModuleNotFoundError: No module named 'scripts.core'
2026-03-04T11:40:31Z [2026-03-04T11:36:48Z] run B030_sync_token_allocations_from_sheet.py attempt 2
2026-03-04T11:40:32Z [2026-03-04T11:36:48Z] retry B030_sync_token_allocations_from_sheet.py in 4.0s; stderr_tail=from scripts.core.out_paths import resolve_compat_path, write_csv_with_compat | ModuleNotFoundError: No module named 'scripts.core'
2026-03-04T11:40:36Z [2026-03-04T11:36:48Z] run B030_sync_token_allocations_from_sheet.py attempt 3
2026-03-04T11:40:37Z [2026-03-04T11:36:48Z] retry B030_sync_token_allocations_from_sheet.py in 8.0s; stderr_tail=from scripts.core.out_paths import resolve_compat_path, write_csv_with_compat | ModuleNotFoundError: No module named 'scripts.core'
2026-03-04T11:40:45Z [2026-03-04T11:36:48Z] run B030_sync_token_allocations_from_sheet.py attempt 4
2026-03-04T11:40:45Z [2026-03-04T11:36:48Z] retry B030_sync_token_allocations_from_sheet.py in 16.0s; stderr_tail=from scripts.core.out_paths import resolve_compat_path, write_csv_with_compat | ModuleNotFoundError: No module named 'scripts.core'
2026-03-04T11:41:01Z [2026-03-04T11:36:48Z] run B030_sync_token_allocations_from_sheet.py attempt 5
2026-03-04T11:41:02Z [2026-03-04T11:36:48Z] fail B030_sync_token_allocations_from_sheet.py after 5; stderr_tail=File "C:\Users\Luke\Desktop\SellerOne 2.0\scripts\flows\B\B030_sync_token_allocations_from_sheet.py", line 15, in <module> | from scripts.core.out_paths import resolve_compat_path, write_csv_with_compat | ModuleNotFoundError: No module named 'scripts.core'
2026-03-04T11:41:02Z [2026-03-04T11:36:48Z] run B007_allocate_tokens_live.py attempt 1
2026-03-04T11:41:04Z [2026-03-04T11:36:48Z] retry B007_allocate_tokens_live.py in 2.0s; stderr_tail=from scripts.core.out_paths import resolve_compat_path, write_csv_with_compat | ModuleNotFoundError: No module named 'scripts.core'
2026-03-04T11:41:06Z [2026-03-04T11:36:48Z] run B007_allocate_tokens_live.py attempt 2
2026-03-04T11:41:07Z [2026-03-04T11:36:48Z] retry B007_allocate_tokens_live.py in 4.0s; stderr_tail=from scripts.core.out_paths import resolve_compat_path, write_csv_with_compat | ModuleNotFoundError: No module named 'scripts.core'
2026-03-04T11:41:11Z [2026-03-04T11:36:48Z] run B007_allocate_tokens_live.py attempt 3
2026-03-04T11:41:12Z [2026-03-04T11:36:48Z] retry B007_allocate_tokens_live.py in 8.0s; stderr_tail=from scripts.core.out_paths import resolve_compat_path, write_csv_with_compat | ModuleNotFoundError: No module named 'scripts.core'
2026-03-04T11:41:20Z [2026-03-04T11:36:48Z] run B007_allocate_tokens_live.py attempt 4
2026-03-04T11:41:22Z [2026-03-04T11:36:48Z] retry B007_allocate_tokens_live.py in 16.0s; stderr_tail=from scripts.core.out_paths import resolve_compat_path, write_csv_with_compat | ModuleNotFoundError: No module named 'scripts.core'
2026-03-04T11:41:38Z [2026-03-04T11:36:48Z] run B007_allocate_tokens_live.py attempt 5
2026-03-04T11:41:39Z [2026-03-04T11:36:48Z] fail B007_allocate_tokens_live.py after 5; stderr_tail=File "C:\Users\Luke\Desktop\SellerOne 2.0\scripts\flows\B\B007_allocate_tokens_live.py", line 21, in <module> | from scripts.core.out_paths import resolve_compat_path, write_csv_with_compat | ModuleNotFoundError: No module named 'scripts.core'
2026-03-04T11:41:39Z [2026-03-04T11:36:48Z] run B025_build_token_cogs_ledger.py attempt 1
2026-03-04T11:41:40Z [2026-03-04T11:36:48Z] ok B025_build_token_cogs_ledger.py
2026-03-04T11:41:40Z [2026-03-04T11:36:48Z] run B004_build_order_master.py attempt 1
2026-03-04T11:42:17Z [2026-03-04T11:36:48Z] ok B004_build_order_master.py
2026-03-04T11:42:17Z [2026-03-04T11:36:48Z] run B011_recover_l3_orphans.py attempt 1
2026-03-04T11:42:18Z [2026-03-04T11:36:48Z] retry B011_recover_l3_orphans.py in 2.0s; stderr_tail=from scripts.core.script_locator import resolve_script_path | ModuleNotFoundError: No module named 'scripts.core'
2026-03-04T11:42:20Z [2026-03-04T11:36:48Z] run B011_recover_l3_orphans.py attempt 2
2026-03-04T11:42:21Z [2026-03-04T11:36:48Z] retry B011_recover_l3_orphans.py in 4.0s; stderr_tail=from scripts.core.script_locator import resolve_script_path | ModuleNotFoundError: No module named 'scripts.core'
2026-03-04T11:42:25Z [2026-03-04T11:36:48Z] run B011_recover_l3_orphans.py attempt 3
2026-03-04T11:42:25Z [2026-03-04T11:36:48Z] retry B011_recover_l3_orphans.py in 8.0s; stderr_tail=from scripts.core.script_locator import resolve_script_path | ModuleNotFoundError: No module named 'scripts.core'
2026-03-04T11:42:33Z [2026-03-04T11:36:48Z] run B011_recover_l3_orphans.py attempt 4
2026-03-04T11:42:34Z [2026-03-04T11:36:48Z] retry B011_recover_l3_orphans.py in 16.0s; stderr_tail=from scripts.core.script_locator import resolve_script_path | ModuleNotFoundError: No module named 'scripts.core'
2026-03-04T11:42:50Z [2026-03-04T11:36:48Z] run B011_recover_l3_orphans.py attempt 5
2026-03-04T11:42:51Z [2026-03-04T11:36:48Z] fail B011_recover_l3_orphans.py after 5; stderr_tail=File "C:\Users\Luke\Desktop\SellerOne 2.0\scripts\flows\B\B011_recover_l3_orphans.py", line 21, in <module> | from scripts.core.script_locator import resolve_script_path | ModuleNotFoundError: No module named 'scripts.core'
2026-03-04T11:42:51Z [2026-03-04T11:36:48Z] skip listing_offer collection (interval disabled)
2026-03-04T11:42:51Z [2026-03-04T11:36:48Z] run refunds_adjustments collection attempt 1
2026-03-04T11:42:52Z [2026-03-04T11:36:48Z] warn refunds_adjustments collection interrupted system_exit_code=130; treating as nonfatal and continuing cycle
2026-03-04T11:42:52Z [2026-03-04T11:36:48Z] stock_parking refreshed snapshot_rows=49 parked_rows=0 source=inventory_summaries.csv universe_count=49 output_unique_skus=49 missing_filled_count=0
2026-03-04T11:42:52Z [2026-03-04T11:36:48Z] health_gate snapshot FAIL=0 WARN=0 source=checklist_B.csv
2026-03-04T11:42:52Z [2026-03-04T11:36:48Z] publish Order_Master
2026-03-04T11:42:52Z [2026-03-04T11:36:48Z] run B004_build_order_master.py attempt 1
2026-03-04T11:43:45Z [2026-03-04T11:36:48Z] ok B004_build_order_master.py
2026-03-04T11:43:45Z [2026-03-04T11:36:48Z] publish P&L
2026-03-04T11:43:45Z [2026-03-04T11:36:48Z] run D001_build_pnl_daily.py attempt 1
2026-03-04T11:43:52Z [2026-03-04T11:36:48Z] ok D001_build_pnl_daily.py
2026-03-04T11:43:52Z [2026-03-04T11:36:48Z] cycle sleep 30s
2026-03-04T11:44:22Z [2026-03-04T11:36:48Z] run A015_build_system_health_check.py profile=b end_of_cycle shadow_legacy
2026-03-04T11:44:36Z [2026-03-04T11:36:48Z] ok A015_build_system_health_check.py profile=b end_of_cycle shadow_legacy
2026-03-04T11:44:36Z [2026-03-04T11:36:48Z] health_snapshot {"event":"health_snapshot","cycle_start_utc":"2026-03-04T11:36:48Z","health_snapshot_utc":"2026-03-04T11:44:36Z","fail":0,"warn":0,"fail_checks":[],"warn_checks":[],"path":"C:\\Users\\Luke\\Desktop\\SellerOne 2.0\\out\\cycle_alerts\\checklist_B.csv"}
2026-03-04T11:44:36Z [2026-03-04T11:36:48Z] run A015_build_system_health_check.py profile=b shadow_compare
2026-03-04T11:44:50Z [2026-03-04T11:36:48Z] split_health_snapshot {"event":"split_health_snapshot","cycle_start_utc":"2026-03-04T11:36:48Z","health_snapshot_utc":"2026-03-04T11:44:50Z","fail":0,"warn":0,"fail_checks":[],"warn_checks":[],"path":"C:\\Users\\Luke\\Desktop\\SellerOne 2.0\\out\\cycle_alerts\\checklist_B_split.csv"}
2026-03-04T11:44:50Z [2026-03-04T11:36:48Z] split_shadow_compare legacy_fail=0 legacy_warn=0 split_fail=0 split_warn=0 decision_match=1 a_match_streak=0 b_match_streak=626 e_match_streak=0 ready_for_cutover=0
2026-03-04T11:44:50Z [2026-03-04T11:36:48Z] B_FINALIZE ran rc=0 wrote_health=true reason=cycle_complete
2026-03-04T11:44:50Z [2026-03-04T11:36:48Z] manifest written C:\Users\Luke\Desktop\SellerOne 2.0\out\manifests\B\2026-03-04\B_20260304T113648Z.json
2026-03-04T11:44:50Z [2026-03-04T11:44:50Z] split_health mode_requested=shadow mode_effective=shadow
2026-03-04T11:44:50Z [2026-03-04T11:44:50Z] run B001_run_orders_to_sheet.py attempt 1
2026-03-04T11:45:53Z [2026-03-04T11:44:50Z] ok B001_run_orders_to_sheet.py
2026-03-04T11:45:53Z [2026-03-04T11:44:50Z] skip B002_run_pending_orders_to_sheet.py (last run 324s ago)
2026-03-04T11:45:53Z [2026-03-04T11:44:50Z] run B030_sync_token_allocations_from_sheet.py attempt 1
2026-03-04T11:45:54Z [2026-03-04T11:44:50Z] retry B030_sync_token_allocations_from_sheet.py in 2.0s; stderr_tail=from scripts.core.out_paths import resolve_compat_path, write_csv_with_compat | ModuleNotFoundError: No module named 'scripts.core'
2026-03-04T11:45:56Z [2026-03-04T11:44:50Z] run B030_sync_token_allocations_from_sheet.py attempt 2
2026-03-04T11:45:56Z [2026-03-04T11:44:50Z] retry B030_sync_token_allocations_from_sheet.py in 4.0s; stderr_tail=from scripts.core.out_paths import resolve_compat_path, write_csv_with_compat | ModuleNotFoundError: No module named 'scripts.core'
2026-03-04T11:46:00Z [2026-03-04T11:44:50Z] run B030_sync_token_allocations_from_sheet.py attempt 3
2026-03-04T11:46:01Z [2026-03-04T11:44:50Z] retry B030_sync_token_allocations_from_sheet.py in 8.0s; stderr_tail=from scripts.core.out_paths import resolve_compat_path, write_csv_with_compat | ModuleNotFoundError: No module named 'scripts.core'
2026-03-04T11:46:09Z [2026-03-04T11:44:50Z] run B030_sync_token_allocations_from_sheet.py attempt 4
2026-03-04T11:46:10Z [2026-03-04T11:44:50Z] retry B030_sync_token_allocations_from_sheet.py in 16.0s; stderr_tail=from scripts.core.out_paths import resolve_compat_path, write_csv_with_compat | ModuleNotFoundError: No module named 'scripts.core'
2026-03-04T11:46:26Z [2026-03-04T11:44:50Z] run B030_sync_token_allocations_from_sheet.py attempt 5
2026-03-04T11:46:26Z [2026-03-04T11:44:50Z] fail B030_sync_token_allocations_from_sheet.py after 5; stderr_tail=File "C:\Users\Luke\Desktop\SellerOne 2.0\scripts\flows\B\B030_sync_token_allocations_from_sheet.py", line 15, in <module> | from scripts.core.out_paths import resolve_compat_path, write_csv_with_compat | ModuleNotFoundError: No module named 'scripts.core'
2026-03-04T11:46:26Z [2026-03-04T11:44:50Z] run B007_allocate_tokens_live.py attempt 1
2026-03-04T11:46:28Z [2026-03-04T11:44:50Z] retry B007_allocate_tokens_live.py in 2.0s; stderr_tail=from scripts.core.out_paths import resolve_compat_path, write_csv_with_compat | ModuleNotFoundError: No module named 'scripts.core'
2026-03-04T11:46:30Z [2026-03-04T11:44:50Z] run B007_allocate_tokens_live.py attempt 2
2026-03-04T11:46:31Z [2026-03-04T11:44:50Z] retry B007_allocate_tokens_live.py in 4.0s; stderr_tail=from scripts.core.out_paths import resolve_compat_path, write_csv_with_compat | ModuleNotFoundError: No module named 'scripts.core'
2026-03-04T11:46:35Z [2026-03-04T11:44:50Z] run B007_allocate_tokens_live.py attempt 3
2026-03-04T11:46:37Z [2026-03-04T11:44:50Z] retry B007_allocate_tokens_live.py in 8.0s; stderr_tail=from scripts.core.out_paths import resolve_compat_path, write_csv_with_compat | ModuleNotFoundError: No module named 'scripts.core'
2026-03-04T11:46:45Z [2026-03-04T11:44:50Z] run B007_allocate_tokens_live.py attempt 4
2026-03-04T11:46:46Z [2026-03-04T11:44:50Z] retry B007_allocate_tokens_live.py in 16.0s; stderr_tail=from scripts.core.out_paths import resolve_compat_path, write_csv_with_compat | ModuleNotFoundError: No module named 'scripts.core'
2026-03-04T11:47:02Z [2026-03-04T11:44:50Z] run B007_allocate_tokens_live.py attempt 5
2026-03-04T11:47:04Z [2026-03-04T11:44:50Z] fail B007_allocate_tokens_live.py after 5; stderr_tail=File "C:\Users\Luke\Desktop\SellerOne 2.0\scripts\flows\B\B007_allocate_tokens_live.py", line 21, in <module> | from scripts.core.out_paths import resolve_compat_path, write_csv_with_compat | ModuleNotFoundError: No module named 'scripts.core'
2026-03-04T11:47:04Z [2026-03-04T11:44:50Z] run B025_build_token_cogs_ledger.py attempt 1
2026-03-04T11:47:04Z [2026-03-04T11:44:50Z] ok B025_build_token_cogs_ledger.py
2026-03-04T11:47:04Z [2026-03-04T11:44:50Z] run B004_build_order_master.py attempt 1
2026-03-04T11:47:42Z [2026-03-04T11:44:50Z] ok B004_build_order_master.py
2026-03-04T11:47:42Z [2026-03-04T11:44:50Z] run B011_recover_l3_orphans.py attempt 1
2026-03-04T11:47:42Z [2026-03-04T11:44:50Z] retry B011_recover_l3_orphans.py in 2.0s; stderr_tail=from scripts.core.script_locator import resolve_script_path | ModuleNotFoundError: No module named 'scripts.core'
2026-03-04T11:47:44Z [2026-03-04T11:44:50Z] run B011_recover_l3_orphans.py attempt 2
2026-03-04T11:47:45Z [2026-03-04T11:44:50Z] retry B011_recover_l3_orphans.py in 4.0s; stderr_tail=from scripts.core.script_locator import resolve_script_path | ModuleNotFoundError: No module named 'scripts.core'
2026-03-04T11:47:49Z [2026-03-04T11:44:50Z] run B011_recover_l3_orphans.py attempt 3
2026-03-04T11:47:49Z [2026-03-04T11:44:50Z] retry B011_recover_l3_orphans.py in 8.0s; stderr_tail=from scripts.core.script_locator import resolve_script_path | ModuleNotFoundError: No module named 'scripts.core'
2026-03-04T11:47:57Z [2026-03-04T11:44:50Z] run B011_recover_l3_orphans.py attempt 4
2026-03-04T11:47:58Z [2026-03-04T11:44:50Z] retry B011_recover_l3_orphans.py in 16.0s; stderr_tail=from scripts.core.script_locator import resolve_script_path | ModuleNotFoundError: No module named 'scripts.core'
2026-03-04T11:48:14Z [2026-03-04T11:44:50Z] run B011_recover_l3_orphans.py attempt 5
2026-03-04T11:48:15Z [2026-03-04T11:44:50Z] fail B011_recover_l3_orphans.py after 5; stderr_tail=File "C:\Users\Luke\Desktop\SellerOne 2.0\scripts\flows\B\B011_recover_l3_orphans.py", line 21, in <module> | from scripts.core.script_locator import resolve_script_path | ModuleNotFoundError: No module named 'scripts.core'
2026-03-04T11:48:15Z [2026-03-04T11:44:50Z] skip listing_offer collection (interval disabled)
2026-03-04T11:48:15Z [2026-03-04T11:44:50Z] run refunds_adjustments collection attempt 1
2026-03-04T11:48:17Z [2026-03-04T11:44:50Z] warn refunds_adjustments collection interrupted system_exit_code=130; treating as nonfatal and continuing cycle
2026-03-04T11:48:17Z [2026-03-04T11:44:50Z] stock_parking refreshed snapshot_rows=49 parked_rows=0 source=inventory_summaries.csv universe_count=49 output_unique_skus=49 missing_filled_count=0
2026-03-04T11:48:17Z [2026-03-04T11:44:50Z] health_gate snapshot FAIL=0 WARN=0 source=checklist_B.csv
2026-03-04T11:48:17Z [2026-03-04T11:44:50Z] publish Order_Master
2026-03-04T11:48:17Z [2026-03-04T11:44:50Z] run B004_build_order_master.py attempt 1
2026-03-11T14:41:45Z [2026-03-11T14:41:45Z] split_health mode_requested=shadow mode_effective=shadow
2026-03-11T14:41:45Z [2026-03-11T14:41:45Z] run B001_run_orders_to_sheet.py attempt 1
2026-03-11T14:43:22Z [2026-03-11T14:41:45Z] ok B001_run_orders_to_sheet.py
2026-03-11T14:43:22Z [2026-03-11T14:41:45Z] run B002_run_pending_orders_to_sheet.py attempt 1
2026-03-11T14:45:22Z [2026-03-11T14:41:45Z] ok B002_run_pending_orders_to_sheet.py
2026-03-11T14:45:22Z [2026-03-11T14:41:45Z] run B030_sync_token_allocations_from_sheet.py attempt 1
2026-03-11T14:45:23Z [2026-03-11T14:41:45Z] ok B030_sync_token_allocations_from_sheet.py
2026-03-11T14:45:23Z [2026-03-11T14:41:45Z] run B007_allocate_tokens_live.py attempt 1
2026-03-11T14:45:25Z [2026-03-11T14:41:45Z] ok B007_allocate_tokens_live.py
2026-03-11T14:45:25Z [2026-03-11T14:41:45Z] run B025_build_token_cogs_ledger.py attempt 1
2026-03-11T14:45:26Z [2026-03-11T14:41:45Z] retry B025_build_token_cogs_ledger.py in 2.0s; stderr_tail=from scripts.core.out_paths import resolve_compat_path | ModuleNotFoundError: No module named 'scripts.core'
2026-03-11T14:45:28Z [2026-03-11T14:41:45Z] run B025_build_token_cogs_ledger.py attempt 2
2026-03-11T14:45:29Z [2026-03-11T14:41:45Z] retry B025_build_token_cogs_ledger.py in 4.0s; stderr_tail=from scripts.core.out_paths import resolve_compat_path | ModuleNotFoundError: No module named 'scripts.core'
2026-03-11T14:45:33Z [2026-03-11T14:41:45Z] run B025_build_token_cogs_ledger.py attempt 3
2026-03-11T14:45:33Z [2026-03-11T14:41:45Z] retry B025_build_token_cogs_ledger.py in 8.0s; stderr_tail=from scripts.core.out_paths import resolve_compat_path | ModuleNotFoundError: No module named 'scripts.core'
2026-03-11T14:45:41Z [2026-03-11T14:41:45Z] run B025_build_token_cogs_ledger.py attempt 4
2026-03-11T14:45:42Z [2026-03-11T14:41:45Z] retry B025_build_token_cogs_ledger.py in 16.0s; stderr_tail=from scripts.core.out_paths import resolve_compat_path | ModuleNotFoundError: No module named 'scripts.core'
2026-03-11T14:45:58Z [2026-03-11T14:41:45Z] run B025_build_token_cogs_ledger.py attempt 5
2026-03-11T14:45:59Z [2026-03-11T14:41:45Z] fail B025_build_token_cogs_ledger.py after 5; stderr_tail=File "C:\Users\Luke\Desktop\SellerOne 2.0\scripts\flows\B\B025_build_token_cogs_ledger.py", line 16, in <module> | from scripts.core.out_paths import resolve_compat_path | ModuleNotFoundError: No module named 'scripts.core'
2026-03-11T14:45:59Z [2026-03-11T14:41:45Z] run B004_build_order_master.py attempt 1
2026-03-11T14:46:37Z [2026-03-11T14:41:45Z] ok B004_build_order_master.py
2026-03-11T14:46:37Z [2026-03-11T14:41:45Z] run B011_recover_l3_orphans.py attempt 1
2026-03-11T14:58:44Z [2026-03-11T14:41:45Z] retry B011_recover_l3_orphans.py in 2.0s; stderr_tail=from scripts.core.out_paths import resolve_compat_path | ModuleNotFoundError: No module named 'scripts.core'; stdout_tail=[B011] marketplace A28R8C7NBKEWEA | [B011] marketplace AZMDEXL2RVFNN
2026-03-11T14:58:46Z [2026-03-11T14:41:45Z] run B011_recover_l3_orphans.py attempt 2
2026-03-11T14:58:47Z [2026-03-11T14:41:45Z] ok B011_recover_l3_orphans.py
2026-03-11T14:58:47Z [2026-03-11T14:41:45Z] run listing_offer collection attempt 1
2026-03-11T14:58:49Z [2026-03-11T14:41:45Z] warn listing_offer collection interrupted system_exit_code=130; treating as nonfatal and continuing cycle
2026-03-11T14:58:49Z [2026-03-11T14:41:45Z] run refunds_adjustments collection attempt 1
2026-03-11T14:58:51Z [2026-03-11T14:41:45Z] warn refunds_adjustments collection interrupted system_exit_code=130; treating as nonfatal and continuing cycle
2026-03-11T14:58:51Z [2026-03-11T14:41:45Z] stock_parking refreshed snapshot_rows=58 parked_rows=7 source=inventory_summaries.csv universe_count=58 output_unique_skus=58 missing_filled_count=0
2026-03-11T14:58:51Z [2026-03-11T14:41:45Z] health_gate snapshot FAIL=1 WARN=2 source=checklist_B.csv
2026-03-11T14:58:51Z [2026-03-11T14:41:45Z] health_gate snapshot FAIL - skip publish
2026-03-11T14:58:51Z [2026-03-11T14:41:45Z] cycle sleep 30s
2026-03-11T14:59:21Z [2026-03-11T14:41:45Z] run_once enabled, exiting after single cycle
2026-03-11T14:59:21Z [2026-03-11T14:41:45Z] run A015_build_system_health_check.py profile=b end_of_cycle shadow_legacy
2026-03-11T14:59:24Z [2026-03-11T14:41:45Z] fail A015_build_system_health_check.py profile=b end_of_cycle shadow_legacy rc=120
2026-03-11T14:59:24Z [2026-03-11T14:41:45Z] health_snapshot {"event":"health_snapshot","cycle_start_utc":"2026-03-11T14:41:45Z","health_snapshot_utc":"2026-03-11T12:03:45Z","fail":1,"warn":2,"fail_checks":["orders_missing_items_window"],"warn_checks":["b_listing_offer_collection","order_master_row_drop"],"path":"C:\\Users\\Luke\\Desktop\\SellerOne 2.0\\out\\cycle_alerts\\checklist_B.csv"}
2026-03-11T14:59:24Z [2026-03-11T14:41:45Z] run A015_build_system_health_check.py profile=b shadow_compare
2026-03-11T14:59:29Z [2026-03-11T14:41:45Z] split_health_snapshot {"event":"split_health_snapshot","cycle_start_utc":"2026-03-11T14:41:45Z","health_snapshot_utc":"2026-03-11T12:09:05Z","fail":1,"warn":2,"fail_checks":["orders_missing_items_window"],"warn_checks":["b_cycle_recent_fail_lines","order_master_row_drop"],"path":"C:\\Users\\Luke\\Desktop\\SellerOne 2.0\\out\\cycle_alerts\\checklist_B_split.csv"}
2026-03-11T14:59:29Z [2026-03-11T14:41:45Z] split_shadow_compare legacy_fail=1 legacy_warn=2 split_fail=1 split_warn=2 decision_match=1 a_match_streak=0 b_match_streak=1742 e_match_streak=0 ready_for_cutover=0
2026-03-11T14:59:29Z [2026-03-11T14:41:45Z] B_FINALIZE ran rc=0 wrote_health=true reason=run_once_exit
2026-03-11T14:59:29Z [2026-03-11T14:41:45Z] manifest written C:\Users\Luke\Desktop\SellerOne 2.0\out\manifests\B\2026-03-11\B_20260311T144145Z.json
2026-03-11T14:59:29Z [2026-03-11T14:41:45Z] B_EXIT rc=0
2026-03-11T15:14:06Z [2026-03-11T15:14:06Z] split_health mode_requested=shadow mode_effective=shadow
2026-03-11T15:14:06Z [2026-03-11T15:14:06Z] run B001_run_orders_to_sheet.py attempt 1
2026-03-11T15:15:15Z [2026-03-11T15:14:06Z] ok B001_run_orders_to_sheet.py
2026-03-11T15:15:15Z [2026-03-11T15:14:06Z] skip B002_run_pending_orders_to_sheet.py (last run 1794s ago)
2026-03-11T15:15:15Z [2026-03-11T15:14:06Z] run B030_sync_token_allocations_from_sheet.py attempt 1
2026-03-11T15:15:16Z [2026-03-11T15:14:06Z] ok B030_sync_token_allocations_from_sheet.py
2026-03-11T15:15:16Z [2026-03-11T15:14:06Z] run B007_allocate_tokens_live.py attempt 1
2026-03-11T15:15:19Z [2026-03-11T15:14:06Z] ok B007_allocate_tokens_live.py
2026-03-11T15:15:19Z [2026-03-11T15:14:06Z] run B025_build_token_cogs_ledger.py attempt 1
2026-03-11T15:15:19Z [2026-03-11T15:14:06Z] retry B025_build_token_cogs_ledger.py in 2.0s; stderr_tail=from scripts.core.out_paths import resolve_compat_path | ModuleNotFoundError: No module named 'scripts.core'
2026-03-11T15:15:21Z [2026-03-11T15:14:06Z] run B025_build_token_cogs_ledger.py attempt 2
2026-03-11T15:15:22Z [2026-03-11T15:14:06Z] retry B025_build_token_cogs_ledger.py in 4.0s; stderr_tail=from scripts.core.out_paths import resolve_compat_path | ModuleNotFoundError: No module named 'scripts.core'
2026-03-11T15:15:26Z [2026-03-11T15:14:06Z] run B025_build_token_cogs_ledger.py attempt 3
2026-03-11T15:15:27Z [2026-03-11T15:14:06Z] retry B025_build_token_cogs_ledger.py in 8.0s; stderr_tail=from scripts.core.out_paths import resolve_compat_path | ModuleNotFoundError: No module named 'scripts.core'
2026-03-11T15:15:35Z [2026-03-11T15:14:06Z] run B025_build_token_cogs_ledger.py attempt 4
2026-03-11T15:15:35Z [2026-03-11T15:14:06Z] retry B025_build_token_cogs_ledger.py in 16.0s; stderr_tail=from scripts.core.out_paths import resolve_compat_path | ModuleNotFoundError: No module named 'scripts.core'
2026-03-11T15:15:51Z [2026-03-11T15:14:06Z] run B025_build_token_cogs_ledger.py attempt 5
2026-03-11T15:15:52Z [2026-03-11T15:14:06Z] fail B025_build_token_cogs_ledger.py after 5; stderr_tail=File "C:\Users\Luke\Desktop\SellerOne 2.0\scripts\flows\B\B025_build_token_cogs_ledger.py", line 16, in <module> | from scripts.core.out_paths import resolve_compat_path | ModuleNotFoundError: No module named 'scripts.core'
2026-03-11T15:15:52Z [2026-03-11T15:14:06Z] run B004_build_order_master.py attempt 1
2026-03-11T15:16:31Z [2026-03-11T15:14:06Z] ok B004_build_order_master.py
2026-03-11T15:16:31Z [2026-03-11T15:14:06Z] run B011_recover_l3_orphans.py attempt 1
2026-03-11T15:16:31Z [2026-03-11T15:14:06Z] ok B011_recover_l3_orphans.py
2026-03-11T15:16:31Z [2026-03-11T15:14:06Z] run listing_offer collection attempt 1
2026-03-11T15:16:33Z [2026-03-11T15:14:06Z] warn listing_offer collection interrupted system_exit_code=130; treating as nonfatal and continuing cycle
2026-03-11T15:16:33Z [2026-03-11T15:14:06Z] run refunds_adjustments collection attempt 1
2026-03-11T15:16:35Z [2026-03-11T15:14:06Z] warn refunds_adjustments collection interrupted system_exit_code=130; treating as nonfatal and continuing cycle
2026-03-11T15:16:35Z [2026-03-11T15:14:06Z] stock_parking refreshed snapshot_rows=58 parked_rows=7 source=inventory_summaries.csv universe_count=58 output_unique_skus=58 missing_filled_count=0
2026-03-11T15:16:35Z [2026-03-11T15:14:06Z] health_gate snapshot FAIL=0 WARN=1 source=checklist_B.csv
2026-03-11T15:16:35Z [2026-03-11T15:14:06Z] publish Order_Master
2026-03-11T15:16:35Z [2026-03-11T15:14:06Z] run B004_build_order_master.py attempt 1
2026-03-11T15:17:29Z [2026-03-11T15:14:06Z] B_FINALIZE ran rc=1 wrote_health=false reason=cycle_incomplete
2026-03-11T15:17:29Z [2026-03-11T15:14:06Z] manifest written C:\Users\Luke\Desktop\SellerOne 2.0\out\manifests\B\2026-03-11\B_20260311T151406Z.json
2026-03-11T15:17:29Z [2026-03-11T15:14:06Z] fatal uncaught_exception type=OSError message=[Errno 22] Invalid argument
2026-03-11T15:17:29Z [2026-03-11T15:14:06Z] fatal traceback=Traceback (most recent call last):
  File "C:\Users\Luke\Desktop\SellerOne 2.0\scripts\cycles\run_B_cycle.py", line 1238, in main
    EXIT_CODE = int(_main_loop())
                    ^^^^^^^^^^^^
  File "C:\Users\Luke\Desktop\SellerOne 2.0\scripts\cycles\run_B_cycle.py", line 1379, in _main_loop
    _run_with_retries(
  File "C:\Users\Luke\Desktop\SellerOne 2.0\scripts\cycles\run_B_cycle.py", line 787, in _run_with_retries
    print(result.stderr, end="" if result.stderr.endswith("\n") else "\n", file=sys.stderr)
OSError: [Errno 22] Invalid argument
2026-03-11T15:17:29Z [2026-03-11T15:14:06Z] B_EXIT rc=1
2026-03-11T16:31:03Z [2026-03-11T16:31:03Z] split_health mode_requested=shadow mode_effective=shadow
2026-03-11T16:31:03Z [2026-03-11T16:31:03Z] run B001_run_orders_to_sheet.py attempt 1
2026-03-11T16:32:54Z [2026-03-11T16:31:03Z] ok B001_run_orders_to_sheet.py
2026-03-11T16:32:54Z [2026-03-11T16:31:03Z] run B002_run_pending_orders_to_sheet.py attempt 1
2026-03-11T16:34:44Z [2026-03-11T16:31:03Z] ok B002_run_pending_orders_to_sheet.py
2026-03-11T16:34:44Z [2026-03-11T16:31:03Z] run B030_sync_token_allocations_from_sheet.py attempt 1
2026-03-11T16:34:44Z [2026-03-11T16:31:03Z] ok B030_sync_token_allocations_from_sheet.py
2026-03-11T16:34:44Z [2026-03-11T16:31:03Z] run B007_allocate_tokens_live.py attempt 1
2026-03-11T16:34:47Z [2026-03-11T16:31:03Z] ok B007_allocate_tokens_live.py
2026-03-11T16:34:47Z [2026-03-11T16:31:03Z] run B025_build_token_cogs_ledger.py attempt 1
2026-03-11T16:34:48Z [2026-03-11T16:31:03Z] retry B025_build_token_cogs_ledger.py in 2.0s; stderr_tail=from scripts.core.out_paths import resolve_compat_path | ModuleNotFoundError: No module named 'scripts.core'
2026-03-11T16:34:50Z [2026-03-11T16:31:03Z] run B025_build_token_cogs_ledger.py attempt 2
2026-03-11T16:34:51Z [2026-03-11T16:31:03Z] retry B025_build_token_cogs_ledger.py in 4.0s; stderr_tail=from scripts.core.out_paths import resolve_compat_path | ModuleNotFoundError: No module named 'scripts.core'
2026-03-11T16:34:55Z [2026-03-11T16:31:03Z] run B025_build_token_cogs_ledger.py attempt 3
2026-03-11T16:34:56Z [2026-03-11T16:31:03Z] retry B025_build_token_cogs_ledger.py in 8.0s; stderr_tail=from scripts.core.out_paths import resolve_compat_path | ModuleNotFoundError: No module named 'scripts.core'
2026-03-11T16:35:04Z [2026-03-11T16:31:03Z] run B025_build_token_cogs_ledger.py attempt 4
2026-03-11T16:35:05Z [2026-03-11T16:31:03Z] retry B025_build_token_cogs_ledger.py in 16.0s; stderr_tail=from scripts.core.out_paths import resolve_compat_path | ModuleNotFoundError: No module named 'scripts.core'
2026-03-11T16:35:21Z [2026-03-11T16:31:03Z] run B025_build_token_cogs_ledger.py attempt 5
2026-03-11T16:35:22Z [2026-03-11T16:31:03Z] fail B025_build_token_cogs_ledger.py after 5; stderr_tail=File "C:\Users\Luke\Desktop\SellerOne 2.0\scripts\flows\B\B025_build_token_cogs_ledger.py", line 16, in <module> | from scripts.core.out_paths import resolve_compat_path | ModuleNotFoundError: No module named 'scripts.core'
2026-03-11T16:35:22Z [2026-03-11T16:31:03Z] run B004_build_order_master.py attempt 1
2026-03-11T16:36:00Z [2026-03-11T16:31:03Z] ok B004_build_order_master.py
2026-03-11T16:36:00Z [2026-03-11T16:31:03Z] run B011_recover_l3_orphans.py attempt 1
2026-03-11T16:40:28Z [2026-03-11T16:31:03Z] retry B011_recover_l3_orphans.py in 2.0s; stderr_tail=from scripts.core.out_paths import resolve_compat_path | ModuleNotFoundError: No module named 'scripts.core'; stdout_tail=[B011] marketplace A28R8C7NBKEWEA | [B011] marketplace AZMDEXL2RVFNN
2026-03-11T16:40:30Z [2026-03-11T16:31:03Z] run B011_recover_l3_orphans.py attempt 2
2026-03-11T16:40:30Z [2026-03-11T16:31:03Z] ok B011_recover_l3_orphans.py
2026-03-11T16:40:30Z [2026-03-11T16:31:03Z] run listing_offer collection attempt 1
2026-03-11T16:40:32Z [2026-03-11T16:31:03Z] warn listing_offer collection interrupted system_exit_code=130; treating as nonfatal and continuing cycle
2026-03-11T16:40:32Z [2026-03-11T16:31:03Z] run refunds_adjustments collection attempt 1
2026-03-11T16:40:34Z [2026-03-11T16:31:03Z] warn refunds_adjustments collection interrupted system_exit_code=130; treating as nonfatal and continuing cycle
2026-03-11T16:40:34Z [2026-03-11T16:31:03Z] stock_parking refreshed snapshot_rows=58 parked_rows=7 source=inventory_summaries.csv universe_count=58 output_unique_skus=58 missing_filled_count=0
2026-03-11T16:40:34Z [2026-03-11T16:31:03Z] health_gate snapshot FAIL=0 WARN=1 source=checklist_B.csv
2026-03-11T16:40:34Z [2026-03-11T16:31:03Z] B_FINALIZE ran rc=1 wrote_health=false reason=cycle_incomplete
2026-03-11T16:40:34Z [2026-03-11T16:31:03Z] manifest written C:\Users\Luke\Desktop\SellerOne 2.0\out\manifests\B\2026-03-11\B_20260311T163103Z.json
2026-03-11T16:40:34Z [2026-03-11T16:31:03Z] fatal uncaught_exception type=OSError message=[Errno 22] Invalid argument
2026-03-11T16:40:34Z [2026-03-11T16:31:03Z] fatal traceback=Traceback (most recent call last):
  File "C:\Users\Luke\Desktop\SellerOne 2.0\scripts\cycles\run_B_cycle.py", line 1238, in main
    EXIT_CODE = int(_main_loop())
                    ^^^^^^^^^^^^
  File "C:\Users\Luke\Desktop\SellerOne 2.0\scripts\cycles\run_B_cycle.py", line 1377, in _main_loop
    print("[B_cycle] publish: Order_Master")
OSError: [Errno 22] Invalid argument
2026-03-11T16:40:34Z [2026-03-11T16:31:03Z] B_EXIT rc=1
2026-03-11T16:45:35Z [2026-03-11T16:45:35Z] split_health mode_requested=shadow mode_effective=shadow
2026-03-11T16:45:35Z [2026-03-11T16:45:35Z] run B001_run_orders_to_sheet.py attempt 1
2026-03-11T16:46:47Z [2026-03-11T16:45:35Z] ok B001_run_orders_to_sheet.py
2026-03-11T16:46:47Z [2026-03-11T16:45:35Z] skip B002_run_pending_orders_to_sheet.py (last run 723s ago)
2026-03-11T16:46:47Z [2026-03-11T16:45:35Z] run B030_sync_token_allocations_from_sheet.py attempt 1
2026-03-11T16:46:48Z [2026-03-11T16:45:35Z] ok B030_sync_token_allocations_from_sheet.py
2026-03-11T16:46:48Z [2026-03-11T16:45:35Z] run B007_allocate_tokens_live.py attempt 1
2026-03-11T16:46:51Z [2026-03-11T16:45:35Z] ok B007_allocate_tokens_live.py
2026-03-11T16:46:51Z [2026-03-11T16:45:35Z] run B025_build_token_cogs_ledger.py attempt 1
2026-03-11T16:46:52Z [2026-03-11T16:45:35Z] ok B025_build_token_cogs_ledger.py
2026-03-11T16:46:52Z [2026-03-11T16:45:35Z] order_master prewait complete l1_age_seconds=60.4
2026-03-11T16:46:52Z [2026-03-11T16:45:35Z] run B004_build_order_master.py attempt 1
2026-03-11T16:47:33Z [2026-03-11T16:45:35Z] ok B004_build_order_master.py
2026-03-11T16:47:33Z [2026-03-11T16:45:35Z] run B011_recover_l3_orphans.py attempt 1
2026-03-11T16:47:33Z [2026-03-11T16:45:35Z] ok B011_recover_l3_orphans.py
2026-03-11T16:47:33Z [2026-03-11T16:45:35Z] run listing_offer collection attempt 1
2026-03-11T16:47:35Z [2026-03-11T16:45:35Z] warn listing_offer collection interrupted system_exit_code=130; treating as nonfatal and continuing cycle
2026-03-11T16:47:35Z [2026-03-11T16:45:35Z] run refunds_adjustments collection attempt 1
2026-03-11T16:47:37Z [2026-03-11T16:45:35Z] warn refunds_adjustments collection interrupted system_exit_code=130; treating as nonfatal and continuing cycle
2026-03-11T16:47:37Z [2026-03-11T16:45:35Z] stock_parking refreshed snapshot_rows=58 parked_rows=7 source=inventory_summaries.csv universe_count=58 output_unique_skus=58 missing_filled_count=0
2026-03-11T16:47:37Z [2026-03-11T16:45:35Z] health_gate snapshot FAIL=0 WARN=1 source=checklist_B.csv
2026-03-11T16:47:37Z [2026-03-11T16:45:35Z] console_write_suppressed stream=stdout error=OSError:[Errno 22] Invalid argument
2026-03-11T16:47:37Z [2026-03-11T16:45:35Z] publish Order_Master
2026-03-11T16:47:37Z [2026-03-11T16:45:35Z] run B004_build_order_master.py attempt 1
2026-03-11T16:47:37Z [2026-03-11T16:45:35Z] console_write_suppressed stream=stdout error=OSError:[Errno 22] Invalid argument
2026-03-11T16:48:33Z [2026-03-11T16:45:35Z] console_write_suppressed stream=stdout error=OSError:[Errno 22] Invalid argument
2026-03-11T16:48:33Z [2026-03-11T16:45:35Z] console_write_suppressed stream=stderr error=OSError:[Errno 22] Invalid argument
2026-03-11T16:48:33Z [2026-03-11T16:45:35Z] console_write_suppressed stream=stdout error=OSError:[Errno 22] Invalid argument
2026-03-11T16:48:33Z [2026-03-11T16:45:35Z] ok B004_build_order_master.py
2026-03-11T16:48:33Z [2026-03-11T16:45:35Z] console_write_suppressed stream=stdout error=OSError:[Errno 22] Invalid argument
2026-03-11T16:48:33Z [2026-03-11T16:45:35Z] publish P&L
2026-03-11T16:48:33Z [2026-03-11T16:45:35Z] run D001_build_pnl_daily.py attempt 1
2026-03-11T16:48:33Z [2026-03-11T16:45:35Z] console_write_suppressed stream=stdout error=OSError:[Errno 22] Invalid argument
2026-03-11T16:48:40Z [2026-03-11T16:45:35Z] console_write_suppressed stream=stdout error=OSError:[Errno 22] Invalid argument
2026-03-11T16:48:40Z [2026-03-11T16:45:35Z] console_write_suppressed stream=stdout error=OSError:[Errno 22] Invalid argument
2026-03-11T16:48:40Z [2026-03-11T16:45:35Z] ok D001_build_pnl_daily.py
2026-03-11T16:48:40Z [2026-03-11T16:45:35Z] run_once enabled, exiting after single cycle
2026-03-11T16:48:40Z [2026-03-11T16:45:35Z] run A015_build_system_health_check.py profile=b end_of_cycle shadow_legacy
2026-03-11T16:48:41Z [2026-03-11T16:45:35Z] fail A015_build_system_health_check.py profile=b end_of_cycle shadow_legacy rc=120
2026-03-11T16:48:41Z [2026-03-11T16:45:35Z] health_snapshot {"event":"health_snapshot","cycle_start_utc":"2026-03-11T16:45:35Z","health_snapshot_utc":"2026-03-11T15:07:08Z","fail":0,"warn":1,"fail_checks":[],"warn_checks":["b_listing_offer_collection"],"path":"C:\\Users\\Luke\\Desktop\\SellerOne 2.0\\out\\cycle_alerts\\checklist_B.csv"}
2026-03-11T16:48:41Z [2026-03-11T16:45:35Z] run A015_build_system_health_check.py profile=b shadow_compare
2026-03-11T16:48:42Z [2026-03-11T16:45:35Z] split_health_snapshot {"event":"split_health_snapshot","cycle_start_utc":"2026-03-11T16:45:35Z","health_snapshot_utc":"2026-03-11T15:07:25Z","fail":0,"warn":1,"fail_checks":[],"warn_checks":["b_listing_offer_collection"],"path":"C:\\Users\\Luke\\Desktop\\SellerOne 2.0\\out\\cycle_alerts\\checklist_B_split.csv"}
2026-03-11T16:48:42Z [2026-03-11T16:45:35Z] split_shadow_compare legacy_fail=0 legacy_warn=1 split_fail=0 split_warn=1 decision_match=1 a_match_streak=0 b_match_streak=1744 e_match_streak=0 ready_for_cutover=0
2026-03-11T16:48:42Z [2026-03-11T16:45:35Z] B_FINALIZE ran rc=0 wrote_health=true reason=run_once_exit
2026-03-11T16:48:42Z [2026-03-11T16:45:35Z] manifest written C:\Users\Luke\Desktop\SellerOne 2.0\out\manifests\B\2026-03-11\B_20260311T164535Z.json
2026-03-11T16:48:42Z [2026-03-11T16:45:35Z] B_EXIT rc=0
2026-03-12T09:24:48Z [-] lock_recovered path=C:\Users\Luke\Desktop\SellerOne 2.0\out\systems\B\live\B_cycle.lock reason=dead_pid pid=2536
2026-03-12T09:24:48Z [2026-03-12T09:24:48Z] split_health mode_requested=shadow mode_effective=shadow
2026-03-12T09:24:48Z [2026-03-12T09:24:48Z] run B001_run_orders_to_sheet.py attempt 1
2026-03-12T09:27:31Z [2026-03-12T09:24:48Z] ok B001_run_orders_to_sheet.py
2026-03-12T09:27:31Z [2026-03-12T09:24:48Z] run B002_run_pending_orders_to_sheet.py attempt 1
2026-03-12T09:30:06Z [2026-03-12T09:24:48Z] ok B002_run_pending_orders_to_sheet.py
2026-03-12T09:30:06Z [2026-03-12T09:24:48Z] run B030_sync_token_allocations_from_sheet.py attempt 1
2026-03-12T09:30:07Z [2026-03-12T09:24:48Z] ok B030_sync_token_allocations_from_sheet.py
2026-03-12T09:30:07Z [2026-03-12T09:24:48Z] run B007_allocate_tokens_live.py attempt 1
2026-03-12T09:30:11Z [2026-03-12T09:24:48Z] ok B007_allocate_tokens_live.py
2026-03-12T09:30:11Z [2026-03-12T09:24:48Z] run B025_build_token_cogs_ledger.py attempt 1
2026-03-12T09:30:12Z [2026-03-12T09:24:48Z] ok B025_build_token_cogs_ledger.py
2026-03-12T09:30:12Z [2026-03-12T09:24:48Z] run B004_build_order_master.py attempt 1
2026-03-12T09:30:52Z [2026-03-12T09:24:48Z] ok B004_build_order_master.py
2026-03-12T09:30:52Z [2026-03-12T09:24:48Z] run B011_recover_l3_orphans.py attempt 1
2026-03-12T09:34:50Z [2026-03-12T09:24:48Z] retry B011_recover_l3_orphans.py in 2.0s; stdout_tail=[B011] marketplace A28R8C7NBKEWEA | [B011] marketplace AZMDEXL2RVFNN
2026-03-12T09:34:52Z [2026-03-12T09:24:48Z] run B011_recover_l3_orphans.py attempt 2
2026-03-12T09:34:52Z [2026-03-12T09:24:48Z] ok B011_recover_l3_orphans.py
2026-03-12T09:34:52Z [2026-03-12T09:24:48Z] run listing_offer collection attempt 1
2026-03-12T09:34:54Z [2026-03-12T09:24:48Z] warn listing_offer collection interrupted system_exit_code=130; treating as nonfatal and continuing cycle
2026-03-12T09:34:54Z [2026-03-12T09:24:48Z] run refunds_adjustments collection attempt 1
2026-03-12T09:34:56Z [2026-03-12T09:24:48Z] warn refunds_adjustments collection interrupted system_exit_code=130; treating as nonfatal and continuing cycle
2026-03-12T09:34:56Z [2026-03-12T09:24:48Z] stock_parking refreshed snapshot_rows=60 parked_rows=0 source=inventory_summaries.csv universe_count=60 output_unique_skus=60 missing_filled_count=0
2026-03-12T09:34:56Z [2026-03-12T09:24:48Z] health_gate snapshot FAIL=0 WARN=1 source=checklist_B.csv
2026-03-12T09:34:56Z [2026-03-12T09:24:48Z] console_write_suppressed stream=stdout error=OSError:[Errno 22] Invalid argument
2026-03-12T09:34:56Z [2026-03-12T09:24:48Z] publish Order_Master
2026-03-12T09:34:56Z [2026-03-12T09:24:48Z] run B004_build_order_master.py attempt 1
2026-03-12T09:34:56Z [2026-03-12T09:24:48Z] console_write_suppressed stream=stdout error=OSError:[Errno 22] Invalid argument
2026-03-12T09:34:57Z [2026-03-12T09:24:48Z] console_write_suppressed stream=stdout error=OSError:[Errno 22] Invalid argument
2026-03-12T09:34:57Z [2026-03-12T09:24:48Z] console_write_suppressed stream=stdout error=OSError:[Errno 22] Invalid argument
2026-03-12T09:34:57Z [2026-03-12T09:24:48Z] console_write_suppressed stream=stdout error=OSError:[Errno 22] Invalid argument
2026-03-12T09:34:57Z [2026-03-12T09:24:48Z] retry B004_build_order_master.py in 2.0s; stdout_tail={'status': 'warning', 'reason': 'level1_recently_modified', 'path': 'out\\financial_events_level1.csv', 'stable_seconds_required': 60} | {'status': 'error', 'error': 'Level 1 file still updating. Retry after it stabilizes.'}
2026-03-12T09:34:59Z [2026-03-12T09:24:48Z] run B004_build_order_master.py attempt 2
2026-03-12T09:34:59Z [2026-03-12T09:24:48Z] console_write_suppressed stream=stdout error=OSError:[Errno 22] Invalid argument
2026-03-12T09:36:19Z [2026-03-12T09:24:48Z] console_write_suppressed stream=stdout error=OSError:[Errno 22] Invalid argument
2026-03-12T09:36:19Z [2026-03-12T09:24:48Z] console_write_suppressed stream=stderr error=OSError:[Errno 22] Invalid argument
2026-03-12T09:36:19Z [2026-03-12T09:24:48Z] console_write_suppressed stream=stdout error=OSError:[Errno 22] Invalid argument
2026-03-12T09:36:19Z [2026-03-12T09:24:48Z] ok B004_build_order_master.py
2026-03-12T09:36:19Z [2026-03-12T09:24:48Z] console_write_suppressed stream=stdout error=OSError:[Errno 22] Invalid argument
2026-03-12T09:36:19Z [2026-03-12T09:24:48Z] publish P&L
2026-03-12T09:36:19Z [2026-03-12T09:24:48Z] run D001_build_pnl_daily.py attempt 1
2026-03-12T09:36:19Z [2026-03-12T09:24:48Z] console_write_suppressed stream=stdout error=OSError:[Errno 22] Invalid argument
2026-03-12T09:36:29Z [2026-03-12T09:24:48Z] console_write_suppressed stream=stdout error=OSError:[Errno 22] Invalid argument
2026-03-12T09:36:29Z [2026-03-12T09:24:48Z] console_write_suppressed stream=stdout error=OSError:[Errno 22] Invalid argument
2026-03-12T09:36:29Z [2026-03-12T09:24:48Z] ok D001_build_pnl_daily.py
2026-03-12T09:36:29Z [2026-03-12T09:24:48Z] console_write_suppressed stream=stdout error=OSError:[Errno 22] Invalid argument
2026-03-12T09:36:29Z [2026-03-12T09:24:48Z] cycle sleep 30s
2026-03-12T09:36:59Z [2026-03-12T09:24:48Z] run_once enabled, exiting after single cycle
2026-03-12T09:36:59Z [2026-03-12T09:24:48Z] run A015_build_system_health_check.py profile=b end_of_cycle shadow_legacy
2026-03-12T09:37:15Z [2026-03-12T09:24:48Z] fail A015_build_system_health_check.py profile=b end_of_cycle shadow_legacy rc=120
2026-03-12T09:37:15Z [2026-03-12T09:24:48Z] health_snapshot {"event":"health_snapshot","cycle_start_utc":"2026-03-12T09:24:48Z","health_snapshot_utc":"2026-03-12T09:37:15Z","fail":0,"warn":1,"fail_checks":[],"warn_checks":["b_cycle_recent_fail_lines"],"path":"C:\\Users\\Luke\\Desktop\\SellerOne 2.0\\out\\cycle_alerts\\checklist_B.csv"}
2026-03-12T09:37:15Z [2026-03-12T09:24:48Z] run A015_build_system_health_check.py profile=b shadow_compare
2026-03-12T09:37:31Z [2026-03-12T09:24:48Z] split_health_snapshot {"event":"split_health_snapshot","cycle_start_utc":"2026-03-12T09:24:48Z","health_snapshot_utc":"2026-03-12T09:37:31Z","fail":0,"warn":1,"fail_checks":[],"warn_checks":["b_cycle_recent_fail_lines"],"path":"C:\\Users\\Luke\\Desktop\\SellerOne 2.0\\out\\cycle_alerts\\checklist_B_split.csv"}
2026-03-12T09:37:31Z [2026-03-12T09:24:48Z] split_shadow_compare legacy_fail=0 legacy_warn=1 split_fail=0 split_warn=1 decision_match=1 a_match_streak=0 b_match_streak=1745 e_match_streak=0 ready_for_cutover=0
2026-03-12T09:37:31Z [2026-03-12T09:24:48Z] B_FINALIZE ran rc=0 wrote_health=true reason=run_once_exit
2026-03-12T09:37:31Z [2026-03-12T09:24:48Z] manifest written C:\Users\Luke\Desktop\SellerOne 2.0\out\manifests\B\2026-03-12\B_20260312T092448Z.json
2026-03-12T09:37:31Z [2026-03-12T09:24:48Z] B_EXIT rc=0
2026-03-17T21:08:47Z [2026-03-17T21:08:47Z] split_health mode_requested=shadow mode_effective=shadow
2026-03-17T21:08:47Z [2026-03-17T21:08:47Z] run B001_run_orders_to_sheet.py attempt 1
2026-03-17T21:10:03Z [2026-03-17T21:08:47Z] ok B001_run_orders_to_sheet.py
2026-03-17T21:10:03Z [2026-03-17T21:08:47Z] run B002_run_pending_orders_to_sheet.py attempt 1
2026-03-17T21:11:46Z [2026-03-17T21:08:47Z] ok B002_run_pending_orders_to_sheet.py
2026-03-17T21:11:46Z [2026-03-17T21:08:47Z] run B030_sync_token_allocations_from_sheet.py attempt 1
2026-03-17T21:11:46Z [2026-03-17T21:08:47Z] ok B030_sync_token_allocations_from_sheet.py
2026-03-17T21:11:46Z [2026-03-17T21:08:47Z] run B007_allocate_tokens_live.py attempt 1
2026-03-17T21:11:49Z [2026-03-17T21:08:47Z] ok B007_allocate_tokens_live.py
2026-03-17T21:11:49Z [2026-03-17T21:08:47Z] run B025_build_token_cogs_ledger.py attempt 1
2026-03-17T21:11:50Z [2026-03-17T21:08:47Z] ok B025_build_token_cogs_ledger.py
2026-03-17T21:11:50Z [2026-03-17T21:08:47Z] order_master prewait_skipped reason=already_ready l1_age_seconds=156.1 required_stable_seconds=60.0
2026-03-17T21:11:50Z [2026-03-17T21:08:47Z] run B004_build_order_master.py attempt 1
2026-03-17T21:12:29Z [2026-03-17T21:08:47Z] ok B004_build_order_master.py
2026-03-17T21:12:29Z [2026-03-17T21:08:47Z] run B011_recover_l3_orphans.py attempt 1
2026-03-17T21:16:32Z [2026-03-17T21:08:47Z] retry B011_recover_l3_orphans.py in 2.0s; stdout_tail=[B011] marketplace A28R8C7NBKEWEA | [B011] marketplace AZMDEXL2RVFNN
2026-03-17T21:16:34Z [2026-03-17T21:08:47Z] run B011_recover_l3_orphans.py attempt 2
2026-03-17T21:16:35Z [2026-03-17T21:08:47Z] ok B011_recover_l3_orphans.py
2026-03-17T21:16:35Z [2026-03-17T21:08:47Z] run listing_offer collection attempt 1
2026-03-17T21:16:55Z [2026-03-17T21:08:47Z] info listing_offer collection interrupted system_exit_code=130; class=nonfatal; continuing cycle
2026-03-17T21:16:55Z [2026-03-17T21:08:47Z] info refunds_adjustments collection interrupted system_exit_code=130; class=nonfatal; continuing cycle
2026-03-17T21:16:55Z [2026-03-17T21:08:47Z] stock_parking refreshed snapshot_rows=56 parked_rows=0 source=inventory_summaries.csv universe_count=56 output_unique_skus=56 missing_filled_count=0
2026-03-17T21:16:55Z [2026-03-17T21:08:47Z] health_gate snapshot FAIL=0 WARN=0 source=checklist_B.csv
2026-03-17T21:16:55Z [2026-03-17T21:08:47Z] publish Order_Master
2026-03-17T21:16:55Z [2026-03-17T21:08:47Z] run B004_build_order_master.py attempt 1
2026-03-17T21:17:50Z [2026-03-17T21:08:47Z] ok B004_build_order_master.py
2026-03-17T21:17:50Z [2026-03-17T21:08:47Z] publish P&L
2026-03-17T21:17:50Z [2026-03-17T21:08:47Z] run D001_build_pnl_daily.py attempt 1
2026-03-17T21:17:56Z [2026-03-17T21:08:47Z] ok D001_build_pnl_daily.py
2026-03-17T21:17:56Z [2026-03-17T21:08:47Z] cycle sleep 30s
2026-03-17T21:18:26Z [2026-03-17T21:08:47Z] run A015_build_system_health_check.py profile=b end_of_cycle shadow_legacy
2026-03-17T21:18:27Z [2026-03-17T21:08:47Z] health_check warn with stale B snapshot - treating as fail
2026-03-17T21:18:27Z [2026-03-17T21:08:47Z] fail A015_build_system_health_check.py profile=b end_of_cycle shadow_legacy rc=2
2026-03-17T21:18:27Z [2026-03-17T21:08:47Z] health_snapshot {"event":"health_snapshot","cycle_start_utc":"2026-03-17T21:08:47Z","health_snapshot_utc":"2026-03-17T19:58:30Z","fail":0,"warn":0,"fail_checks":[],"warn_checks":[],"path":"C:\\Users\\Luke\\Desktop\\SellerOne 2.0\\out\\cycle_alerts\\checklist_B.csv"}
2026-03-17T21:18:27Z [2026-03-17T21:08:47Z] run A015_build_system_health_check.py profile=b shadow_compare
2026-03-17T21:18:27Z [2026-03-17T21:08:47Z] split_health warn with stale snapshot - treating as fail
2026-03-17T21:18:27Z [2026-03-17T21:08:47Z] split_health_snapshot {"event":"split_health_snapshot","cycle_start_utc":"2026-03-17T21:08:47Z","health_snapshot_utc":"2026-03-17T19:58:51Z","fail":0,"warn":0,"fail_checks":[],"warn_checks":[],"path":"C:\\Users\\Luke\\Desktop\\SellerOne 2.0\\out\\cycle_alerts\\checklist_B_split.csv"}
2026-03-17T21:18:27Z [2026-03-17T21:08:47Z] split_shadow_compare legacy_fail=0 legacy_warn=0 split_fail=0 split_warn=0 decision_match=1 a_match_streak=0 b_match_streak=2520 e_match_streak=0 ready_for_cutover=0
2026-03-17T21:18:27Z [2026-03-17T21:08:47Z] B_FINALIZE ran rc=0 wrote_health=true reason=cycle_complete
2026-03-17T21:18:27Z [2026-03-17T21:08:47Z] manifest written C:\Users\Luke\Desktop\SellerOne 2.0\out\manifests\B\2026-03-17\B_20260317T210847Z.json
2026-03-17T21:18:28Z [2026-03-17T21:18:27Z] split_health mode_requested=shadow mode_effective=shadow
2026-03-17T21:18:28Z [2026-03-17T21:18:27Z] run B001_run_orders_to_sheet.py attempt 1
2026-03-17T21:19:30Z [2026-03-17T21:18:27Z] ok B001_run_orders_to_sheet.py
2026-03-17T21:19:30Z [2026-03-17T21:18:27Z] skip B002_run_pending_orders_to_sheet.py (last run 464s ago)
2026-03-17T21:19:30Z [2026-03-17T21:18:27Z] run B030_sync_token_allocations_from_sheet.py attempt 1
2026-03-17T21:19:30Z [2026-03-17T21:18:27Z] ok B030_sync_token_allocations_from_sheet.py
2026-03-17T21:19:30Z [2026-03-17T21:18:27Z] run B007_allocate_tokens_live.py attempt 1
2026-03-17T21:19:33Z [2026-03-17T21:18:27Z] ok B007_allocate_tokens_live.py
2026-03-17T21:19:33Z [2026-03-17T21:18:27Z] run B025_build_token_cogs_ledger.py attempt 1
2026-03-17T21:19:34Z [2026-03-17T21:18:27Z] ok B025_build_token_cogs_ledger.py
2026-03-17T21:19:34Z [2026-03-17T21:18:27Z] order_master prewait l1_age_seconds=50.7 required_stable_seconds=60.0 sleep_seconds=5.0
2026-03-17T21:19:39Z [2026-03-17T21:18:27Z] order_master prewait l1_age_seconds=55.7 required_stable_seconds=60.0 sleep_seconds=4.3
2026-03-17T21:19:43Z [2026-03-17T21:18:27Z] order_master prewait_shortened waited_seconds=9.3 l1_age_seconds=60.0 required_stable_seconds=60.0
2026-03-17T21:19:43Z [2026-03-17T21:18:27Z] run B004_build_order_master.py attempt 1
2026-03-17T21:20:22Z [2026-03-17T21:18:27Z] ok B004_build_order_master.py
2026-03-17T21:20:22Z [2026-03-17T21:18:27Z] run B011_recover_l3_orphans.py attempt 1
2026-03-17T21:20:23Z [2026-03-17T21:18:27Z] ok B011_recover_l3_orphans.py
2026-03-17T21:20:23Z [2026-03-17T21:18:27Z] run listing_offer collection attempt 1
2026-03-17T21:20:43Z [2026-03-17T21:18:27Z] info listing_offer collection interrupted system_exit_code=130; class=nonfatal; continuing cycle
2026-03-17T21:20:43Z [2026-03-17T21:18:27Z] run refunds_adjustments collection attempt 1
2026-03-17T21:20:43Z [2026-03-17T21:18:27Z] info refunds_adjustments collection interrupted system_exit_code=130; class=nonfatal; continuing cycle
2026-03-17T21:20:43Z [2026-03-17T21:18:27Z] stock_parking refreshed snapshot_rows=56 parked_rows=0 source=inventory_summaries.csv universe_count=56 output_unique_skus=56 missing_filled_count=0
2026-03-17T21:20:43Z [2026-03-17T21:18:27Z] health_gate snapshot FAIL=0 WARN=0 source=checklist_B.csv
2026-03-17T21:20:43Z [2026-03-17T21:18:27Z] publish Order_Master
2026-03-17T21:20:43Z [2026-03-17T21:18:27Z] run B004_build_order_master.py attempt 1
2026-03-17T21:21:36Z [2026-03-17T21:18:27Z] ok B004_build_order_master.py
2026-03-17T21:21:36Z [2026-03-17T21:18:27Z] publish P&L
2026-03-17T21:21:36Z [2026-03-17T21:18:27Z] run D001_build_pnl_daily.py attempt 1
2026-03-17T21:21:43Z [2026-03-17T21:18:27Z] ok D001_build_pnl_daily.py
2026-03-17T21:21:43Z [2026-03-17T21:18:27Z] cycle sleep 30s
2026-03-17T21:22:13Z [2026-03-17T21:18:27Z] run A015_build_system_health_check.py profile=b end_of_cycle shadow_legacy
2026-03-17T21:22:13Z [2026-03-17T21:18:27Z] health_check warn with stale B snapshot - treating as fail
2026-03-17T21:22:13Z [2026-03-17T21:18:27Z] fail A015_build_system_health_check.py profile=b end_of_cycle shadow_legacy rc=2
2026-03-17T21:22:13Z [2026-03-17T21:18:27Z] health_snapshot {"event":"health_snapshot","cycle_start_utc":"2026-03-17T21:18:27Z","health_snapshot_utc":"2026-03-17T19:58:30Z","fail":0,"warn":0,"fail_checks":[],"warn_checks":[],"path":"C:\\Users\\Luke\\Desktop\\SellerOne 2.0\\out\\cycle_alerts\\checklist_B.csv"}
2026-03-17T21:22:13Z [2026-03-17T21:18:27Z] run A015_build_system_health_check.py profile=b shadow_compare
2026-03-17T21:22:14Z [2026-03-17T21:18:27Z] split_health warn with stale snapshot - treating as fail
2026-03-17T21:22:14Z [2026-03-17T21:18:27Z] split_health_snapshot {"event":"split_health_snapshot","cycle_start_utc":"2026-03-17T21:18:27Z","health_snapshot_utc":"2026-03-17T19:58:51Z","fail":0,"warn":0,"fail_checks":[],"warn_checks":[],"path":"C:\\Users\\Luke\\Desktop\\SellerOne 2.0\\out\\cycle_alerts\\checklist_B_split.csv"}
2026-03-17T21:22:14Z [2026-03-17T21:18:27Z] split_shadow_compare legacy_fail=0 legacy_warn=0 split_fail=0 split_warn=0 decision_match=1 a_match_streak=0 b_match_streak=2521 e_match_streak=0 ready_for_cutover=0
2026-03-17T21:22:14Z [2026-03-17T21:18:27Z] B_FINALIZE ran rc=0 wrote_health=true reason=cycle_complete
2026-03-17T21:22:14Z [2026-03-17T21:18:27Z] manifest written C:\Users\Luke\Desktop\SellerOne 2.0\out\manifests\B\2026-03-17\B_20260317T211827Z.json
2026-03-17T21:22:14Z [2026-03-17T21:22:14Z] split_health mode_requested=shadow mode_effective=shadow
2026-03-17T21:22:14Z [2026-03-17T21:22:14Z] run B001_run_orders_to_sheet.py attempt 1
2026-03-17T21:23:14Z [2026-03-17T21:22:14Z] ok B001_run_orders_to_sheet.py
2026-03-17T21:23:14Z [2026-03-17T21:22:14Z] skip B002_run_pending_orders_to_sheet.py (last run 688s ago)
2026-03-17T21:23:14Z [2026-03-17T21:22:14Z] run B030_sync_token_allocations_from_sheet.py attempt 1
2026-03-17T21:23:15Z [2026-03-17T21:22:14Z] ok B030_sync_token_allocations_from_sheet.py
2026-03-17T21:23:15Z [2026-03-17T21:22:14Z] run B007_allocate_tokens_live.py attempt 1
2026-03-17T21:23:17Z [2026-03-17T21:22:14Z] ok B007_allocate_tokens_live.py
2026-03-17T21:23:17Z [2026-03-17T21:22:14Z] run B025_build_token_cogs_ledger.py attempt 1
2026-03-17T21:23:18Z [2026-03-17T21:22:14Z] ok B025_build_token_cogs_ledger.py
2026-03-17T21:23:18Z [2026-03-17T21:22:14Z] order_master prewait l1_age_seconds=49.2 required_stable_seconds=60.0 sleep_seconds=5.0
2026-03-17T21:23:23Z [2026-03-17T21:22:14Z] order_master prewait l1_age_seconds=54.2 required_stable_seconds=60.0 sleep_seconds=5.0
2026-03-17T21:23:28Z [2026-03-17T21:22:14Z] order_master prewait l1_age_seconds=59.2 required_stable_seconds=60.0 sleep_seconds=0.8
2026-03-17T21:23:29Z [2026-03-17T21:22:14Z] order_master prewait_shortened waited_seconds=10.8 l1_age_seconds=60.0 required_stable_seconds=60.0
2026-03-17T21:23:29Z [2026-03-17T21:22:14Z] run B004_build_order_master.py attempt 1
2026-03-17T21:24:08Z [2026-03-17T21:22:14Z] ok B004_build_order_master.py
2026-03-17T21:24:08Z [2026-03-17T21:22:14Z] run B011_recover_l3_orphans.py attempt 1
2026-03-17T21:24:08Z [2026-03-17T21:22:14Z] ok B011_recover_l3_orphans.py
2026-03-17T21:24:08Z [2026-03-17T21:22:14Z] run listing_offer collection attempt 1
2026-03-17T21:24:28Z [2026-03-17T21:22:14Z] info listing_offer collection interrupted system_exit_code=130; class=nonfatal; continuing cycle
2026-03-17T21:24:28Z [2026-03-17T21:22:14Z] run refunds_adjustments collection attempt 1
2026-03-17T21:24:28Z [2026-03-17T21:22:14Z] info refunds_adjustments collection interrupted system_exit_code=130; class=nonfatal; continuing cycle
2026-03-17T21:24:28Z [2026-03-17T21:22:14Z] stock_parking refreshed snapshot_rows=56 parked_rows=0 source=inventory_summaries.csv universe_count=56 output_unique_skus=56 missing_filled_count=0
2026-03-17T21:24:28Z [2026-03-17T21:22:14Z] health_gate snapshot FAIL=0 WARN=0 source=checklist_B.csv
2026-03-17T21:24:28Z [2026-03-17T21:22:14Z] publish Order_Master
2026-03-17T21:24:28Z [2026-03-17T21:22:14Z] run B004_build_order_master.py attempt 1
2026-03-17T21:25:22Z [2026-03-17T21:22:14Z] ok B004_build_order_master.py
2026-03-17T21:25:22Z [2026-03-17T21:22:14Z] publish P&L
2026-03-17T21:25:22Z [2026-03-17T21:22:14Z] run D001_build_pnl_daily.py attempt 1
2026-03-17T21:25:28Z [2026-03-17T21:22:14Z] ok D001_build_pnl_daily.py
2026-03-17T21:25:28Z [2026-03-17T21:22:14Z] cycle sleep 30s
2026-03-17T21:25:58Z [2026-03-17T21:22:14Z] run A015_build_system_health_check.py profile=b end_of_cycle shadow_legacy
2026-03-17T21:25:58Z [2026-03-17T21:22:14Z] health_check warn with stale B snapshot - treating as fail
2026-03-17T21:25:58Z [2026-03-17T21:22:14Z] fail A015_build_system_health_check.py profile=b end_of_cycle shadow_legacy rc=2
2026-03-17T21:25:58Z [2026-03-17T21:22:14Z] health_snapshot {"event":"health_snapshot","cycle_start_utc":"2026-03-17T21:22:14Z","health_snapshot_utc":"2026-03-17T19:58:30Z","fail":0,"warn":0,"fail_checks":[],"warn_checks":[],"path":"C:\\Users\\Luke\\Desktop\\SellerOne 2.0\\out\\cycle_alerts\\checklist_B.csv"}
2026-03-17T21:25:58Z [2026-03-17T21:22:14Z] run A015_build_system_health_check.py profile=b shadow_compare
2026-03-17T21:25:59Z [2026-03-17T21:22:14Z] split_health warn with stale snapshot - treating as fail
2026-03-17T21:25:59Z [2026-03-17T21:22:14Z] split_health_snapshot {"event":"split_health_snapshot","cycle_start_utc":"2026-03-17T21:22:14Z","health_snapshot_utc":"2026-03-17T19:58:51Z","fail":0,"warn":0,"fail_checks":[],"warn_checks":[],"path":"C:\\Users\\Luke\\Desktop\\SellerOne 2.0\\out\\cycle_alerts\\checklist_B_split.csv"}
2026-03-17T21:25:59Z [2026-03-17T21:22:14Z] split_shadow_compare legacy_fail=0 legacy_warn=0 split_fail=0 split_warn=0 decision_match=1 a_match_streak=0 b_match_streak=2522 e_match_streak=0 ready_for_cutover=0
2026-03-17T21:25:59Z [2026-03-17T21:22:14Z] B_FINALIZE ran rc=0 wrote_health=true reason=cycle_complete
2026-03-17T21:25:59Z [2026-03-17T21:22:14Z] manifest written C:\Users\Luke\Desktop\SellerOne 2.0\out\manifests\B\2026-03-17\B_20260317T212214Z.json
2026-03-17T21:25:59Z [2026-03-17T21:25:59Z] split_health mode_requested=shadow mode_effective=shadow
2026-03-17T21:25:59Z [2026-03-17T21:25:59Z] run B001_run_orders_to_sheet.py attempt 1
2026-03-17T21:27:12Z [2026-03-17T21:25:59Z] ok B001_run_orders_to_sheet.py
2026-03-17T21:27:12Z [2026-03-17T21:25:59Z] skip B002_run_pending_orders_to_sheet.py (last run 927s ago)
2026-03-17T21:27:12Z [2026-03-17T21:25:59Z] run B030_sync_token_allocations_from_sheet.py attempt 1
2026-03-17T21:27:13Z [2026-03-17T21:25:59Z] ok B030_sync_token_allocations_from_sheet.py
2026-03-17T21:27:13Z [2026-03-17T21:25:59Z] run B007_allocate_tokens_live.py attempt 1
2026-03-17T21:27:16Z [2026-03-17T21:25:59Z] ok B007_allocate_tokens_live.py
2026-03-17T21:27:16Z [2026-03-17T21:25:59Z] run B025_build_token_cogs_ledger.py attempt 1
2026-03-17T21:27:17Z [2026-03-17T21:25:59Z] ok B025_build_token_cogs_ledger.py
2026-03-17T21:27:17Z [2026-03-17T21:25:59Z] order_master prewait_skipped reason=already_ready l1_age_seconds=62.8 required_stable_seconds=60.0
2026-03-17T21:27:17Z [2026-03-17T21:25:59Z] run B004_build_order_master.py attempt 1
2026-03-17T21:27:55Z [2026-03-17T21:25:59Z] ok B004_build_order_master.py
2026-03-17T21:27:55Z [2026-03-17T21:25:59Z] run B011_recover_l3_orphans.py attempt 1
2026-03-17T21:27:56Z [2026-03-17T21:25:59Z] ok B011_recover_l3_orphans.py
2026-03-17T21:27:56Z [2026-03-17T21:25:59Z] run listing_offer collection attempt 1
2026-03-17T21:28:16Z [2026-03-17T21:25:59Z] info listing_offer collection interrupted system_exit_code=130; class=nonfatal; continuing cycle
2026-03-17T21:28:16Z [2026-03-17T21:25:59Z] info refunds_adjustments collection interrupted system_exit_code=130; class=nonfatal; continuing cycle
2026-03-17T21:28:16Z [2026-03-17T21:25:59Z] stock_parking refreshed snapshot_rows=56 parked_rows=0 source=inventory_summaries.csv universe_count=56 output_unique_skus=56 missing_filled_count=0
2026-03-17T21:28:16Z [2026-03-17T21:25:59Z] health_gate snapshot FAIL=0 WARN=0 source=checklist_B.csv
2026-03-17T21:28:16Z [2026-03-17T21:25:59Z] publish Order_Master
2026-03-17T21:28:16Z [2026-03-17T21:25:59Z] run B004_build_order_master.py attempt 1
2026-03-17T21:29:09Z [2026-03-17T21:25:59Z] ok B004_build_order_master.py
2026-03-17T21:29:09Z [2026-03-17T21:25:59Z] publish P&L
2026-03-17T21:29:09Z [2026-03-17T21:25:59Z] run D001_build_pnl_daily.py attempt 1
2026-03-17T21:29:15Z [2026-03-17T21:25:59Z] ok D001_build_pnl_daily.py
2026-03-17T21:29:15Z [2026-03-17T21:25:59Z] cycle sleep 30s
2026-03-17T21:29:45Z [2026-03-17T21:25:59Z] run A015_build_system_health_check.py profile=b end_of_cycle shadow_legacy
2026-03-17T21:29:46Z [2026-03-17T21:25:59Z] health_check warn with stale B snapshot - treating as fail
2026-03-17T21:29:46Z [2026-03-17T21:25:59Z] fail A015_build_system_health_check.py profile=b end_of_cycle shadow_legacy rc=2
2026-03-17T21:29:46Z [2026-03-17T21:25:59Z] health_snapshot {"event":"health_snapshot","cycle_start_utc":"2026-03-17T21:25:59Z","health_snapshot_utc":"2026-03-17T19:58:30Z","fail":0,"warn":0,"fail_checks":[],"warn_checks":[],"path":"C:\\Users\\Luke\\Desktop\\SellerOne 2.0\\out\\cycle_alerts\\checklist_B.csv"}
2026-03-17T21:29:46Z [2026-03-17T21:25:59Z] run A015_build_system_health_check.py profile=b shadow_compare
2026-03-17T21:29:47Z [2026-03-17T21:25:59Z] split_health warn with stale snapshot - treating as fail
2026-03-17T21:29:47Z [2026-03-17T21:25:59Z] split_health_snapshot {"event":"split_health_snapshot","cycle_start_utc":"2026-03-17T21:25:59Z","health_snapshot_utc":"2026-03-17T19:58:51Z","fail":0,"warn":0,"fail_checks":[],"warn_checks":[],"path":"C:\\Users\\Luke\\Desktop\\SellerOne 2.0\\out\\cycle_alerts\\checklist_B_split.csv"}
2026-03-17T21:29:47Z [2026-03-17T21:25:59Z] split_shadow_compare legacy_fail=0 legacy_warn=0 split_fail=0 split_warn=0 decision_match=1 a_match_streak=0 b_match_streak=2523 e_match_streak=0 ready_for_cutover=0
2026-03-17T21:29:47Z [2026-03-17T21:25:59Z] B_FINALIZE ran rc=0 wrote_health=true reason=cycle_complete
2026-03-17T21:29:47Z [2026-03-17T21:25:59Z] manifest written C:\Users\Luke\Desktop\SellerOne 2.0\out\manifests\B\2026-03-17\B_20260317T212559Z.json
2026-03-17T21:29:47Z [2026-03-17T21:29:47Z] split_health mode_requested=shadow mode_effective=shadow
2026-03-17T21:29:47Z [2026-03-17T21:29:47Z] run B001_run_orders_to_sheet.py attempt 1
2026-03-17T21:30:46Z [2026-03-17T21:29:47Z] ok B001_run_orders_to_sheet.py
2026-03-17T21:30:46Z [2026-03-17T21:29:47Z] skip B002_run_pending_orders_to_sheet.py (last run 1141s ago)
2026-03-17T21:30:46Z [2026-03-17T21:29:47Z] run B030_sync_token_allocations_from_sheet.py attempt 1
2026-03-17T21:30:47Z [2026-03-17T21:29:47Z] ok B030_sync_token_allocations_from_sheet.py
2026-03-17T21:30:47Z [2026-03-17T21:29:47Z] run B007_allocate_tokens_live.py attempt 1
2026-03-17T21:30:49Z [2026-03-17T21:29:47Z] ok B007_allocate_tokens_live.py
2026-03-17T21:30:49Z [2026-03-17T21:29:47Z] run B025_build_token_cogs_ledger.py attempt 1
2026-03-17T21:30:50Z [2026-03-17T21:29:47Z] ok B025_build_token_cogs_ledger.py
2026-03-17T21:30:50Z [2026-03-17T21:29:47Z] order_master prewait l1_age_seconds=49.2 required_stable_seconds=60.0 sleep_seconds=5.0
2026-03-17T21:30:55Z [2026-03-17T21:29:47Z] order_master prewait l1_age_seconds=54.2 required_stable_seconds=60.0 sleep_seconds=5.0
2026-03-17T21:31:00Z [2026-03-17T21:29:47Z] order_master prewait l1_age_seconds=59.2 required_stable_seconds=60.0 sleep_seconds=0.8
2026-03-17T21:31:01Z [2026-03-17T21:29:47Z] order_master prewait_shortened waited_seconds=10.8 l1_age_seconds=60.0 required_stable_seconds=60.0
2026-03-17T21:31:01Z [2026-03-17T21:29:47Z] run B004_build_order_master.py attempt 1
2026-03-17T21:31:40Z [2026-03-17T21:29:47Z] ok B004_build_order_master.py
2026-03-17T21:31:40Z [2026-03-17T21:29:47Z] run B011_recover_l3_orphans.py attempt 1
2026-03-17T21:31:40Z [2026-03-17T21:29:47Z] ok B011_recover_l3_orphans.py
2026-03-17T21:31:40Z [2026-03-17T21:29:47Z] run listing_offer collection attempt 1
2026-03-17T21:32:00Z [2026-03-17T21:29:47Z] info listing_offer collection interrupted system_exit_code=130; class=nonfatal; continuing cycle
2026-03-17T21:32:00Z [2026-03-17T21:29:47Z] run refunds_adjustments collection attempt 1
2026-03-17T21:32:00Z [2026-03-17T21:29:47Z] info refunds_adjustments collection interrupted system_exit_code=130; class=nonfatal; continuing cycle
2026-03-17T21:32:00Z [2026-03-17T21:29:47Z] stock_parking refreshed snapshot_rows=56 parked_rows=0 source=inventory_summaries.csv universe_count=56 output_unique_skus=56 missing_filled_count=0
2026-03-17T21:32:00Z [2026-03-17T21:29:47Z] health_gate snapshot FAIL=0 WARN=0 source=checklist_B.csv
2026-03-17T21:32:00Z [2026-03-17T21:29:47Z] publish Order_Master
2026-03-17T21:32:00Z [2026-03-17T21:29:47Z] run B004_build_order_master.py attempt 1
2026-03-17T21:32:55Z [2026-03-17T21:29:47Z] ok B004_build_order_master.py
2026-03-17T21:32:55Z [2026-03-17T21:29:47Z] publish P&L
2026-03-17T21:32:55Z [2026-03-17T21:29:47Z] run D001_build_pnl_daily.py attempt 1
2026-03-17T21:33:01Z [2026-03-17T21:29:47Z] ok D001_build_pnl_daily.py
2026-03-17T21:33:01Z [2026-03-17T21:29:47Z] cycle sleep 30s
2026-03-17T21:33:31Z [2026-03-17T21:29:47Z] run A015_build_system_health_check.py profile=b end_of_cycle shadow_legacy
2026-03-17T21:33:31Z [2026-03-17T21:29:47Z] health_check warn with stale B snapshot - treating as fail
2026-03-17T21:33:31Z [2026-03-17T21:29:47Z] fail A015_build_system_health_check.py profile=b end_of_cycle shadow_legacy rc=2
2026-03-17T21:33:31Z [2026-03-17T21:29:47Z] health_snapshot {"event":"health_snapshot","cycle_start_utc":"2026-03-17T21:29:47Z","health_snapshot_utc":"2026-03-17T19:58:30Z","fail":0,"warn":0,"fail_checks":[],"warn_checks":[],"path":"C:\\Users\\Luke\\Desktop\\SellerOne 2.0\\out\\cycle_alerts\\checklist_B.csv"}
2026-03-17T21:33:31Z [2026-03-17T21:29:47Z] run A015_build_system_health_check.py profile=b shadow_compare
2026-03-17T21:33:32Z [2026-03-17T21:29:47Z] split_health warn with stale snapshot - treating as fail
2026-03-17T21:33:32Z [2026-03-17T21:29:47Z] split_health_snapshot {"event":"split_health_snapshot","cycle_start_utc":"2026-03-17T21:29:47Z","health_snapshot_utc":"2026-03-17T19:58:51Z","fail":0,"warn":0,"fail_checks":[],"warn_checks":[],"path":"C:\\Users\\Luke\\Desktop\\SellerOne 2.0\\out\\cycle_alerts\\checklist_B_split.csv"}
2026-03-17T21:33:32Z [2026-03-17T21:29:47Z] split_shadow_compare legacy_fail=0 legacy_warn=0 split_fail=0 split_warn=0 decision_match=1 a_match_streak=0 b_match_streak=2524 e_match_streak=0 ready_for_cutover=0
2026-03-17T21:33:32Z [2026-03-17T21:29:47Z] B_FINALIZE ran rc=0 wrote_health=true reason=cycle_complete
2026-03-17T21:33:32Z [2026-03-17T21:29:47Z] manifest written C:\Users\Luke\Desktop\SellerOne 2.0\out\manifests\B\2026-03-17\B_20260317T212947Z.json
2026-03-17T21:33:32Z [2026-03-17T21:33:32Z] split_health mode_requested=shadow mode_effective=shadow
2026-03-17T21:33:32Z [2026-03-17T21:33:32Z] run B001_run_orders_to_sheet.py attempt 1
2026-03-17T21:34:36Z [2026-03-17T21:33:32Z] ok B001_run_orders_to_sheet.py
2026-03-17T21:34:36Z [2026-03-17T21:33:32Z] skip B002_run_pending_orders_to_sheet.py (last run 1370s ago)
2026-03-17T21:34:36Z [2026-03-17T21:33:32Z] run B030_sync_token_allocations_from_sheet.py attempt 1
2026-03-17T21:34:37Z [2026-03-17T21:33:32Z] ok B030_sync_token_allocations_from_sheet.py
2026-03-17T21:34:37Z [2026-03-17T21:33:32Z] run B007_allocate_tokens_live.py attempt 1
2026-03-17T21:34:39Z [2026-03-17T21:33:32Z] ok B007_allocate_tokens_live.py
2026-03-17T21:34:39Z [2026-03-17T21:33:32Z] run B025_build_token_cogs_ledger.py attempt 1
2026-03-17T21:34:40Z [2026-03-17T21:33:32Z] ok B025_build_token_cogs_ledger.py
2026-03-17T21:34:40Z [2026-03-17T21:33:32Z] order_master prewait l1_age_seconds=53.1 required_stable_seconds=60.0 sleep_seconds=5.0
2026-03-17T21:34:45Z [2026-03-17T21:33:32Z] order_master prewait l1_age_seconds=58.1 required_stable_seconds=60.0 sleep_seconds=1.9
2026-03-17T21:34:47Z [2026-03-17T21:33:32Z] order_master prewait_shortened waited_seconds=6.9 l1_age_seconds=60.0 required_stable_seconds=60.0
2026-03-17T21:34:47Z [2026-03-17T21:33:32Z] run B004_build_order_master.py attempt 1
2026-03-17T21:35:26Z [2026-03-17T21:33:32Z] ok B004_build_order_master.py
2026-03-17T21:35:26Z [2026-03-17T21:33:32Z] run B011_recover_l3_orphans.py attempt 1
2026-03-17T21:35:27Z [2026-03-17T21:33:32Z] ok B011_recover_l3_orphans.py
2026-03-17T21:35:27Z [2026-03-17T21:33:32Z] run listing_offer collection attempt 1
2026-03-17T21:35:47Z [2026-03-17T21:33:32Z] info listing_offer collection interrupted system_exit_code=130; class=nonfatal; continuing cycle
2026-03-17T21:35:47Z [2026-03-17T21:33:32Z] info refunds_adjustments collection interrupted system_exit_code=130; class=nonfatal; continuing cycle
2026-03-17T21:35:47Z [2026-03-17T21:33:32Z] stock_parking refreshed snapshot_rows=56 parked_rows=0 source=inventory_summaries.csv universe_count=56 output_unique_skus=56 missing_filled_count=0
2026-03-17T21:35:47Z [2026-03-17T21:33:32Z] health_gate snapshot FAIL=0 WARN=0 source=checklist_B.csv
2026-03-17T21:35:47Z [2026-03-17T21:33:32Z] publish Order_Master
2026-03-17T21:35:47Z [2026-03-17T21:33:32Z] run B004_build_order_master.py attempt 1
2026-03-17T21:36:40Z [2026-03-17T21:33:32Z] ok B004_build_order_master.py
2026-03-17T21:36:40Z [2026-03-17T21:33:32Z] publish P&L
2026-03-17T21:36:40Z [2026-03-17T21:33:32Z] run D001_build_pnl_daily.py attempt 1
2026-03-17T21:36:46Z [2026-03-17T21:33:32Z] ok D001_build_pnl_daily.py
2026-03-17T21:36:46Z [2026-03-17T21:33:32Z] cycle sleep 30s
2026-03-17T21:37:16Z [2026-03-17T21:33:32Z] run A015_build_system_health_check.py profile=b end_of_cycle shadow_legacy
2026-03-17T21:37:17Z [2026-03-17T21:33:32Z] health_check warn with stale B snapshot - treating as fail
2026-03-17T21:37:17Z [2026-03-17T21:33:32Z] fail A015_build_system_health_check.py profile=b end_of_cycle shadow_legacy rc=2
2026-03-17T21:37:17Z [2026-03-17T21:33:32Z] health_snapshot {"event":"health_snapshot","cycle_start_utc":"2026-03-17T21:33:32Z","health_snapshot_utc":"2026-03-17T19:58:30Z","fail":0,"warn":0,"fail_checks":[],"warn_checks":[],"path":"C:\\Users\\Luke\\Desktop\\SellerOne 2.0\\out\\cycle_alerts\\checklist_B.csv"}
2026-03-17T21:37:17Z [2026-03-17T21:33:32Z] run A015_build_system_health_check.py profile=b shadow_compare
2026-03-17T21:37:18Z [2026-03-17T21:33:32Z] split_health warn with stale snapshot - treating as fail
2026-03-17T21:37:18Z [2026-03-17T21:33:32Z] split_health_snapshot {"event":"split_health_snapshot","cycle_start_utc":"2026-03-17T21:33:32Z","health_snapshot_utc":"2026-03-17T19:58:51Z","fail":0,"warn":0,"fail_checks":[],"warn_checks":[],"path":"C:\\Users\\Luke\\Desktop\\SellerOne 2.0\\out\\cycle_alerts\\checklist_B_split.csv"}
2026-03-17T21:37:18Z [2026-03-17T21:33:32Z] split_shadow_compare legacy_fail=0 legacy_warn=0 split_fail=0 split_warn=0 decision_match=1 a_match_streak=0 b_match_streak=2525 e_match_streak=0 ready_for_cutover=0
2026-03-17T21:37:18Z [2026-03-17T21:33:32Z] B_FINALIZE ran rc=0 wrote_health=true reason=cycle_complete
2026-03-17T21:37:18Z [2026-03-17T21:33:32Z] manifest written C:\Users\Luke\Desktop\SellerOne 2.0\out\manifests\B\2026-03-17\B_20260317T213332Z.json
2026-03-17T21:37:18Z [2026-03-17T21:37:18Z] split_health mode_requested=shadow mode_effective=shadow
2026-03-17T21:37:18Z [2026-03-17T21:37:18Z] run B001_run_orders_to_sheet.py attempt 1
2026-03-17T21:38:24Z [2026-03-17T21:37:18Z] ok B001_run_orders_to_sheet.py
2026-03-17T21:38:24Z [2026-03-17T21:37:18Z] skip B002_run_pending_orders_to_sheet.py (last run 1598s ago)
2026-03-17T21:38:24Z [2026-03-17T21:37:18Z] run B030_sync_token_allocations_from_sheet.py attempt 1
2026-03-17T21:38:24Z [2026-03-17T21:37:18Z] ok B030_sync_token_allocations_from_sheet.py
2026-03-17T21:38:24Z [2026-03-17T21:37:18Z] run B007_allocate_tokens_live.py attempt 1
2026-03-17T21:38:27Z [2026-03-17T21:37:18Z] ok B007_allocate_tokens_live.py
2026-03-17T21:38:27Z [2026-03-17T21:37:18Z] run B025_build_token_cogs_ledger.py attempt 1
2026-03-17T21:38:28Z [2026-03-17T21:37:18Z] ok B025_build_token_cogs_ledger.py
2026-03-17T21:38:28Z [2026-03-17T21:37:18Z] order_master prewait l1_age_seconds=51.7 required_stable_seconds=60.0 sleep_seconds=5.0
2026-03-17T21:38:33Z [2026-03-17T21:37:18Z] order_master prewait l1_age_seconds=56.7 required_stable_seconds=60.0 sleep_seconds=3.3
2026-03-17T21:38:36Z [2026-03-17T21:37:18Z] order_master prewait_shortened waited_seconds=8.4 l1_age_seconds=60.0 required_stable_seconds=60.0
2026-03-17T21:38:36Z [2026-03-17T21:37:18Z] run B004_build_order_master.py attempt 1
2026-03-17T21:39:15Z [2026-03-17T21:37:18Z] ok B004_build_order_master.py
2026-03-17T21:39:15Z [2026-03-17T21:37:18Z] run B011_recover_l3_orphans.py attempt 1
2026-03-17T21:39:15Z [2026-03-17T21:37:18Z] ok B011_recover_l3_orphans.py
2026-03-17T21:39:15Z [2026-03-17T21:37:18Z] run listing_offer collection attempt 1
2026-03-17T21:39:35Z [2026-03-17T21:37:18Z] info listing_offer collection interrupted system_exit_code=130; class=nonfatal; continuing cycle
2026-03-17T21:39:35Z [2026-03-17T21:37:18Z] run refunds_adjustments collection attempt 1
2026-03-17T21:39:35Z [2026-03-17T21:37:18Z] info refunds_adjustments collection interrupted system_exit_code=130; class=nonfatal; continuing cycle
2026-03-17T21:39:35Z [2026-03-17T21:37:18Z] stock_parking refreshed snapshot_rows=56 parked_rows=0 source=inventory_summaries.csv universe_count=56 output_unique_skus=56 missing_filled_count=0
2026-03-17T21:39:35Z [2026-03-17T21:37:18Z] health_gate snapshot FAIL=0 WARN=0 source=checklist_B.csv
2026-03-17T21:39:35Z [2026-03-17T21:37:18Z] publish Order_Master
2026-03-17T21:39:35Z [2026-03-17T21:37:18Z] run B004_build_order_master.py attempt 1
2026-03-17T21:40:28Z [2026-03-17T21:37:18Z] ok B004_build_order_master.py
2026-03-17T21:40:28Z [2026-03-17T21:37:18Z] publish P&L
2026-03-17T21:40:28Z [2026-03-17T21:37:18Z] run D001_build_pnl_daily.py attempt 1
2026-03-17T21:40:34Z [2026-03-17T21:37:18Z] ok D001_build_pnl_daily.py
2026-03-17T21:40:34Z [2026-03-17T21:37:18Z] cycle sleep 30s
2026-03-17T21:41:04Z [2026-03-17T21:37:18Z] run A015_build_system_health_check.py profile=b end_of_cycle shadow_legacy
2026-03-17T21:41:05Z [2026-03-17T21:37:18Z] health_check warn with stale B snapshot - treating as fail
2026-03-17T21:41:05Z [2026-03-17T21:37:18Z] fail A015_build_system_health_check.py profile=b end_of_cycle shadow_legacy rc=2
2026-03-17T21:41:05Z [2026-03-17T21:37:18Z] health_snapshot {"event":"health_snapshot","cycle_start_utc":"2026-03-17T21:37:18Z","health_snapshot_utc":"2026-03-17T19:58:30Z","fail":0,"warn":0,"fail_checks":[],"warn_checks":[],"path":"C:\\Users\\Luke\\Desktop\\SellerOne 2.0\\out\\cycle_alerts\\checklist_B.csv"}
2026-03-17T21:41:05Z [2026-03-17T21:37:18Z] run A015_build_system_health_check.py profile=b shadow_compare
2026-03-17T21:41:06Z [2026-03-17T21:37:18Z] split_health warn with stale snapshot - treating as fail
2026-03-17T21:41:06Z [2026-03-17T21:37:18Z] split_health_snapshot {"event":"split_health_snapshot","cycle_start_utc":"2026-03-17T21:37:18Z","health_snapshot_utc":"2026-03-17T19:58:51Z","fail":0,"warn":0,"fail_checks":[],"warn_checks":[],"path":"C:\\Users\\Luke\\Desktop\\SellerOne 2.0\\out\\cycle_alerts\\checklist_B_split.csv"}
2026-03-17T21:41:06Z [2026-03-17T21:37:18Z] split_shadow_compare legacy_fail=0 legacy_warn=0 split_fail=0 split_warn=0 decision_match=1 a_match_streak=0 b_match_streak=2526 e_match_streak=0 ready_for_cutover=0
2026-03-17T21:41:06Z [2026-03-17T21:37:18Z] B_FINALIZE ran rc=0 wrote_health=true reason=cycle_complete
2026-03-17T21:41:06Z [2026-03-17T21:37:18Z] manifest written C:\Users\Luke\Desktop\SellerOne 2.0\out\manifests\B\2026-03-17\B_20260317T213718Z.json
2026-03-17T21:41:06Z [2026-03-17T21:41:06Z] split_health mode_requested=shadow mode_effective=shadow
2026-03-17T21:41:06Z [2026-03-17T21:41:06Z] run B001_run_orders_to_sheet.py attempt 1
2026-03-17T21:42:07Z [2026-03-17T21:41:06Z] ok B001_run_orders_to_sheet.py
2026-03-17T21:42:07Z [2026-03-17T21:41:06Z] skip B002_run_pending_orders_to_sheet.py (last run 1821s ago)
2026-03-17T21:42:07Z [2026-03-17T21:41:06Z] run B030_sync_token_allocations_from_sheet.py attempt 1
2026-03-17T21:42:07Z [2026-03-17T21:41:06Z] ok B030_sync_token_allocations_from_sheet.py
2026-03-17T21:42:07Z [2026-03-17T21:41:06Z] run B007_allocate_tokens_live.py attempt 1
2026-03-17T21:42:10Z [2026-03-17T21:41:06Z] ok B007_allocate_tokens_live.py
2026-03-17T21:42:10Z [2026-03-17T21:41:06Z] run B025_build_token_cogs_ledger.py attempt 1
2026-03-17T21:42:11Z [2026-03-17T21:41:06Z] ok B025_build_token_cogs_ledger.py
2026-03-17T21:42:11Z [2026-03-17T21:41:06Z] order_master prewait l1_age_seconds=50.3 required_stable_seconds=60.0 sleep_seconds=5.0
2026-03-17T21:42:16Z [2026-03-17T21:41:06Z] order_master prewait l1_age_seconds=55.3 required_stable_seconds=60.0 sleep_seconds=4.7
2026-03-17T21:42:20Z [2026-03-17T21:41:06Z] order_master prewait_shortened waited_seconds=9.7 l1_age_seconds=60.0 required_stable_seconds=60.0
2026-03-17T21:42:20Z [2026-03-17T21:41:06Z] run B004_build_order_master.py attempt 1
2026-03-17T21:42:59Z [2026-03-17T21:41:06Z] ok B004_build_order_master.py
2026-03-17T21:42:59Z [2026-03-17T21:41:06Z] run B011_recover_l3_orphans.py attempt 1
2026-03-17T21:43:00Z [2026-03-17T21:41:06Z] ok B011_recover_l3_orphans.py
2026-03-17T21:43:00Z [2026-03-17T21:41:06Z] run listing_offer collection attempt 1
2026-03-17T21:43:20Z [2026-03-17T21:41:06Z] info listing_offer collection interrupted system_exit_code=130; class=nonfatal; continuing cycle
2026-03-17T21:43:20Z [2026-03-17T21:41:06Z] info refunds_adjustments collection interrupted system_exit_code=130; class=nonfatal; continuing cycle
2026-03-17T21:43:20Z [2026-03-17T21:41:06Z] stock_parking refreshed snapshot_rows=56 parked_rows=0 source=inventory_summaries.csv universe_count=56 output_unique_skus=56 missing_filled_count=0
2026-03-17T21:43:20Z [2026-03-17T21:41:06Z] health_gate snapshot FAIL=0 WARN=0 source=checklist_B.csv
2026-03-17T21:43:20Z [2026-03-17T21:41:06Z] publish Order_Master
2026-03-17T21:43:20Z [2026-03-17T21:41:06Z] run B004_build_order_master.py attempt 1
2026-03-17T21:44:14Z [2026-03-17T21:41:06Z] ok B004_build_order_master.py
2026-03-17T21:44:14Z [2026-03-17T21:41:06Z] publish P&L
2026-03-17T21:44:14Z [2026-03-17T21:41:06Z] run D001_build_pnl_daily.py attempt 1
2026-03-17T21:44:21Z [2026-03-17T21:41:06Z] ok D001_build_pnl_daily.py
2026-03-17T21:44:21Z [2026-03-17T21:41:06Z] cycle sleep 30s
2026-03-17T21:44:51Z [2026-03-17T21:41:06Z] run A015_build_system_health_check.py profile=b end_of_cycle shadow_legacy
2026-03-17T21:44:52Z [2026-03-17T21:41:06Z] health_check warn with stale B snapshot - treating as fail
2026-03-17T21:44:52Z [2026-03-17T21:41:06Z] fail A015_build_system_health_check.py profile=b end_of_cycle shadow_legacy rc=2
2026-03-17T21:44:52Z [2026-03-17T21:41:06Z] health_snapshot {"event":"health_snapshot","cycle_start_utc":"2026-03-17T21:41:06Z","health_snapshot_utc":"2026-03-17T19:58:30Z","fail":0,"warn":0,"fail_checks":[],"warn_checks":[],"path":"C:\\Users\\Luke\\Desktop\\SellerOne 2.0\\out\\cycle_alerts\\checklist_B.csv"}
2026-03-17T21:44:52Z [2026-03-17T21:41:06Z] run A015_build_system_health_check.py profile=b shadow_compare
2026-03-17T21:44:52Z [2026-03-17T21:41:06Z] split_health warn with stale snapshot - treating as fail
2026-03-17T21:44:52Z [2026-03-17T21:41:06Z] split_health_snapshot {"event":"split_health_snapshot","cycle_start_utc":"2026-03-17T21:41:06Z","health_snapshot_utc":"2026-03-17T19:58:51Z","fail":0,"warn":0,"fail_checks":[],"warn_checks":[],"path":"C:\\Users\\Luke\\Desktop\\SellerOne 2.0\\out\\cycle_alerts\\checklist_B_split.csv"}
2026-03-17T21:44:52Z [2026-03-17T21:41:06Z] split_shadow_compare legacy_fail=0 legacy_warn=0 split_fail=0 split_warn=0 decision_match=1 a_match_streak=0 b_match_streak=2527 e_match_streak=0 ready_for_cutover=0
2026-03-17T21:44:52Z [2026-03-17T21:41:06Z] B_FINALIZE ran rc=0 wrote_health=true reason=cycle_complete
2026-03-17T21:44:52Z [2026-03-17T21:41:06Z] manifest written C:\Users\Luke\Desktop\SellerOne 2.0\out\manifests\B\2026-03-17\B_20260317T214106Z.json
2026-03-17T21:44:52Z [2026-03-17T21:44:52Z] split_health mode_requested=shadow mode_effective=shadow
2026-03-17T21:44:52Z [2026-03-17T21:44:52Z] run B001_run_orders_to_sheet.py attempt 1
2026-03-17T21:45:52Z [2026-03-17T21:44:52Z] ok B001_run_orders_to_sheet.py
2026-03-17T21:45:52Z [2026-03-17T21:44:52Z] skip B002_run_pending_orders_to_sheet.py (last run 2046s ago)
2026-03-17T21:45:52Z [2026-03-17T21:44:52Z] run B030_sync_token_allocations_from_sheet.py attempt 1
2026-03-17T21:45:52Z [2026-03-17T21:44:52Z] ok B030_sync_token_allocations_from_sheet.py
2026-03-17T21:45:52Z [2026-03-17T21:44:52Z] run B007_allocate_tokens_live.py attempt 1
2026-03-17T21:45:55Z [2026-03-17T21:44:52Z] ok B007_allocate_tokens_live.py
2026-03-17T21:45:55Z [2026-03-17T21:44:52Z] run B025_build_token_cogs_ledger.py attempt 1
2026-03-17T21:45:56Z [2026-03-17T21:44:52Z] ok B025_build_token_cogs_ledger.py
2026-03-17T21:45:56Z [2026-03-17T21:44:52Z] order_master prewait l1_age_seconds=48.9 required_stable_seconds=60.0 sleep_seconds=5.0
2026-03-17T21:46:01Z [2026-03-17T21:44:52Z] order_master prewait l1_age_seconds=53.9 required_stable_seconds=60.0 sleep_seconds=5.0
2026-03-17T21:46:06Z [2026-03-17T21:44:52Z] order_master prewait l1_age_seconds=58.9 required_stable_seconds=60.0 sleep_seconds=1.1
2026-03-17T21:46:07Z [2026-03-17T21:44:52Z] order_master prewait_shortened waited_seconds=11.1 l1_age_seconds=60.0 required_stable_seconds=60.0
2026-03-17T21:46:07Z [2026-03-17T21:44:52Z] run B004_build_order_master.py attempt 1
2026-03-17T21:46:45Z [2026-03-17T21:44:52Z] ok B004_build_order_master.py
2026-03-17T21:46:45Z [2026-03-17T21:44:52Z] run B011_recover_l3_orphans.py attempt 1
2026-03-17T21:46:46Z [2026-03-17T21:44:52Z] ok B011_recover_l3_orphans.py
2026-03-17T21:46:46Z [2026-03-17T21:44:52Z] run listing_offer collection attempt 1
2026-03-17T21:47:06Z [2026-03-17T21:44:52Z] info listing_offer collection interrupted system_exit_code=130; class=nonfatal; continuing cycle
2026-03-17T21:47:06Z [2026-03-17T21:44:52Z] run refunds_adjustments collection attempt 1
2026-03-17T21:47:06Z [2026-03-17T21:44:52Z] info refunds_adjustments collection interrupted system_exit_code=130; class=nonfatal; continuing cycle
2026-03-17T21:47:06Z [2026-03-17T21:44:52Z] stock_parking refreshed snapshot_rows=56 parked_rows=0 source=inventory_summaries.csv universe_count=56 output_unique_skus=56 missing_filled_count=0
2026-03-17T21:47:06Z [2026-03-17T21:44:52Z] health_gate snapshot FAIL=0 WARN=0 source=checklist_B.csv
2026-03-17T21:47:06Z [2026-03-17T21:44:52Z] publish Order_Master
2026-03-17T21:47:06Z [2026-03-17T21:44:52Z] run B004_build_order_master.py attempt 1
2026-03-17T21:47:58Z [2026-03-17T21:44:52Z] ok B004_build_order_master.py
2026-03-17T21:47:58Z [2026-03-17T21:44:52Z] publish P&L
2026-03-17T21:47:58Z [2026-03-17T21:44:52Z] run D001_build_pnl_daily.py attempt 1
2026-03-17T21:48:04Z [2026-03-17T21:44:52Z] ok D001_build_pnl_daily.py
2026-03-17T21:48:04Z [2026-03-17T21:44:52Z] cycle sleep 30s
2026-03-17T21:48:35Z [2026-03-17T21:44:52Z] run A015_build_system_health_check.py profile=b end_of_cycle shadow_legacy
2026-03-17T21:48:35Z [2026-03-17T21:44:52Z] health_check warn with stale B snapshot - treating as fail
2026-03-17T21:48:35Z [2026-03-17T21:44:52Z] fail A015_build_system_health_check.py profile=b end_of_cycle shadow_legacy rc=2
2026-03-17T21:48:35Z [2026-03-17T21:44:52Z] health_snapshot {"event":"health_snapshot","cycle_start_utc":"2026-03-17T21:44:52Z","health_snapshot_utc":"2026-03-17T19:58:30Z","fail":0,"warn":0,"fail_checks":[],"warn_checks":[],"path":"C:\\Users\\Luke\\Desktop\\SellerOne 2.0\\out\\cycle_alerts\\checklist_B.csv"}
2026-03-17T21:48:35Z [2026-03-17T21:44:52Z] run A015_build_system_health_check.py profile=b shadow_compare
2026-03-17T21:48:36Z [2026-03-17T21:44:52Z] split_health warn with stale snapshot - treating as fail
2026-03-17T21:48:36Z [2026-03-17T21:44:52Z] split_health_snapshot {"event":"split_health_snapshot","cycle_start_utc":"2026-03-17T21:44:52Z","health_snapshot_utc":"2026-03-17T19:58:51Z","fail":0,"warn":0,"fail_checks":[],"warn_checks":[],"path":"C:\\Users\\Luke\\Desktop\\SellerOne 2.0\\out\\cycle_alerts\\checklist_B_split.csv"}
2026-03-17T21:48:36Z [2026-03-17T21:44:52Z] split_shadow_compare legacy_fail=0 legacy_warn=0 split_fail=0 split_warn=0 decision_match=1 a_match_streak=0 b_match_streak=2528 e_match_streak=0 ready_for_cutover=0
2026-03-17T21:48:36Z [2026-03-17T21:44:52Z] B_FINALIZE ran rc=0 wrote_health=true reason=cycle_complete
2026-03-17T21:48:36Z [2026-03-17T21:44:52Z] manifest written C:\Users\Luke\Desktop\SellerOne 2.0\out\manifests\B\2026-03-17\B_20260317T214452Z.json
2026-03-17T21:48:36Z [2026-03-17T21:48:36Z] split_health mode_requested=shadow mode_effective=shadow
2026-03-17T21:48:36Z [2026-03-17T21:48:36Z] run B001_run_orders_to_sheet.py attempt 1
2026-03-17T21:49:42Z [2026-03-17T21:48:36Z] ok B001_run_orders_to_sheet.py
2026-03-17T21:49:42Z [2026-03-17T21:48:36Z] skip B002_run_pending_orders_to_sheet.py (last run 2276s ago)
2026-03-17T21:49:42Z [2026-03-17T21:48:36Z] run B030_sync_token_allocations_from_sheet.py attempt 1
2026-03-17T21:49:43Z [2026-03-17T21:48:36Z] ok B030_sync_token_allocations_from_sheet.py
2026-03-17T21:49:43Z [2026-03-17T21:48:36Z] run B007_allocate_tokens_live.py attempt 1
2026-03-17T21:49:45Z [2026-03-17T21:48:36Z] ok B007_allocate_tokens_live.py
2026-03-17T21:49:45Z [2026-03-17T21:48:36Z] run B025_build_token_cogs_ledger.py attempt 1
2026-03-17T21:49:46Z [2026-03-17T21:48:36Z] ok B025_build_token_cogs_ledger.py
2026-03-17T21:49:46Z [2026-03-17T21:48:36Z] order_master prewait l1_age_seconds=55.3 required_stable_seconds=60.0 sleep_seconds=4.7
2026-03-17T21:49:51Z [2026-03-17T21:48:36Z] order_master prewait_shortened waited_seconds=4.7 l1_age_seconds=60.0 required_stable_seconds=60.0
2026-03-17T21:49:51Z [2026-03-17T21:48:36Z] run B004_build_order_master.py attempt 1
2026-03-17T21:50:29Z [2026-03-17T21:48:36Z] ok B004_build_order_master.py
2026-03-17T21:50:29Z [2026-03-17T21:48:36Z] run B011_recover_l3_orphans.py attempt 1
2026-03-17T21:50:30Z [2026-03-17T21:48:36Z] ok B011_recover_l3_orphans.py
2026-03-17T21:50:30Z [2026-03-17T21:48:36Z] run listing_offer collection attempt 1
2026-03-17T21:50:50Z [2026-03-17T21:48:36Z] info listing_offer collection interrupted system_exit_code=130; class=nonfatal; continuing cycle
2026-03-17T21:50:50Z [2026-03-17T21:48:36Z] run refunds_adjustments collection attempt 1
2026-03-17T21:50:50Z [2026-03-17T21:48:36Z] info refunds_adjustments collection interrupted system_exit_code=130; class=nonfatal; continuing cycle
2026-03-17T21:50:50Z [2026-03-17T21:48:36Z] stock_parking refreshed snapshot_rows=56 parked_rows=0 source=inventory_summaries.csv universe_count=56 output_unique_skus=56 missing_filled_count=0
2026-03-17T21:50:50Z [2026-03-17T21:48:36Z] health_gate snapshot FAIL=0 WARN=0 source=checklist_B.csv
2026-03-17T21:50:50Z [2026-03-17T21:48:36Z] publish Order_Master
2026-03-17T21:50:50Z [2026-03-17T21:48:36Z] run B004_build_order_master.py attempt 1
2026-03-17T21:51:42Z [2026-03-17T21:48:36Z] ok B004_build_order_master.py
2026-03-17T21:51:42Z [2026-03-17T21:48:36Z] publish P&L
2026-03-17T21:51:42Z [2026-03-17T21:48:36Z] run D001_build_pnl_daily.py attempt 1
2026-03-17T21:51:48Z [2026-03-17T21:48:36Z] ok D001_build_pnl_daily.py
2026-03-17T21:51:48Z [2026-03-17T21:48:36Z] cycle sleep 30s
2026-03-17T21:52:18Z [2026-03-17T21:48:36Z] run A015_build_system_health_check.py profile=b end_of_cycle shadow_legacy
2026-03-17T21:52:18Z [2026-03-17T21:48:36Z] health_check warn with stale B snapshot - treating as fail
2026-03-17T21:52:18Z [2026-03-17T21:48:36Z] fail A015_build_system_health_check.py profile=b end_of_cycle shadow_legacy rc=2
2026-03-17T21:52:18Z [2026-03-17T21:48:36Z] health_snapshot {"event":"health_snapshot","cycle_start_utc":"2026-03-17T21:48:36Z","health_snapshot_utc":"2026-03-17T19:58:30Z","fail":0,"warn":0,"fail_checks":[],"warn_checks":[],"path":"C:\\Users\\Luke\\Desktop\\SellerOne 2.0\\out\\cycle_alerts\\checklist_B.csv"}
2026-03-17T21:52:18Z [2026-03-17T21:48:36Z] run A015_build_system_health_check.py profile=b shadow_compare
2026-03-17T21:52:19Z [2026-03-17T21:48:36Z] split_health warn with stale snapshot - treating as fail
2026-03-17T21:52:19Z [2026-03-17T21:48:36Z] split_health_snapshot {"event":"split_health_snapshot","cycle_start_utc":"2026-03-17T21:48:36Z","health_snapshot_utc":"2026-03-17T19:58:51Z","fail":0,"warn":0,"fail_checks":[],"warn_checks":[],"path":"C:\\Users\\Luke\\Desktop\\SellerOne 2.0\\out\\cycle_alerts\\checklist_B_split.csv"}
2026-03-17T21:52:19Z [2026-03-17T21:48:36Z] split_shadow_compare legacy_fail=0 legacy_warn=0 split_fail=0 split_warn=0 decision_match=1 a_match_streak=0 b_match_streak=2529 e_match_streak=0 ready_for_cutover=0
2026-03-17T21:52:19Z [2026-03-17T21:48:36Z] B_FINALIZE ran rc=0 wrote_health=true reason=cycle_complete
2026-03-17T21:52:19Z [2026-03-17T21:48:36Z] manifest written C:\Users\Luke\Desktop\SellerOne 2.0\out\manifests\B\2026-03-17\B_20260317T214836Z.json
2026-03-17T21:52:19Z [2026-03-17T21:52:19Z] split_health mode_requested=shadow mode_effective=shadow
2026-03-17T21:52:19Z [2026-03-17T21:52:19Z] run B001_run_orders_to_sheet.py attempt 1
2026-03-17T21:53:18Z [2026-03-17T21:52:19Z] ok B001_run_orders_to_sheet.py
2026-03-17T21:53:18Z [2026-03-17T21:52:19Z] skip B002_run_pending_orders_to_sheet.py (last run 2493s ago)
2026-03-17T21:53:18Z [2026-03-17T21:52:19Z] run B030_sync_token_allocations_from_sheet.py attempt 1
2026-03-17T21:53:19Z [2026-03-17T21:52:19Z] ok B030_sync_token_allocations_from_sheet.py
2026-03-17T21:53:19Z [2026-03-17T21:52:19Z] run B007_allocate_tokens_live.py attempt 1
2026-03-17T21:53:22Z [2026-03-17T21:52:19Z] ok B007_allocate_tokens_live.py
2026-03-17T21:53:22Z [2026-03-17T21:52:19Z] run B025_build_token_cogs_ledger.py attempt 1
2026-03-17T21:53:22Z [2026-03-17T21:52:19Z] ok B025_build_token_cogs_ledger.py
2026-03-17T21:53:22Z [2026-03-17T21:52:19Z] order_master prewait l1_age_seconds=48.9 required_stable_seconds=60.0 sleep_seconds=5.0
2026-03-17T21:53:27Z [2026-03-17T21:52:19Z] order_master prewait l1_age_seconds=53.9 required_stable_seconds=60.0 sleep_seconds=5.0
2026-03-17T21:53:32Z [2026-03-17T21:52:19Z] order_master prewait l1_age_seconds=58.9 required_stable_seconds=60.0 sleep_seconds=1.1
2026-03-17T21:53:34Z [2026-03-17T21:52:19Z] order_master prewait_shortened waited_seconds=11.1 l1_age_seconds=60.0 required_stable_seconds=60.0
2026-03-17T21:53:34Z [2026-03-17T21:52:19Z] run B004_build_order_master.py attempt 1
2026-03-17T21:54:12Z [2026-03-17T21:52:19Z] ok B004_build_order_master.py
2026-03-17T21:54:12Z [2026-03-17T21:52:19Z] run B011_recover_l3_orphans.py attempt 1
2026-03-17T21:54:12Z [2026-03-17T21:52:19Z] ok B011_recover_l3_orphans.py
2026-03-17T21:54:12Z [2026-03-17T21:52:19Z] run listing_offer collection attempt 1
2026-03-17T21:54:32Z [2026-03-17T21:52:19Z] info listing_offer collection interrupted system_exit_code=130; class=nonfatal; continuing cycle
2026-03-17T21:54:32Z [2026-03-17T21:52:19Z] run refunds_adjustments collection attempt 1
2026-03-17T21:54:32Z [2026-03-17T21:52:19Z] info refunds_adjustments collection interrupted system_exit_code=130; class=nonfatal; continuing cycle
2026-03-17T21:54:32Z [2026-03-17T21:52:19Z] stock_parking refreshed snapshot_rows=56 parked_rows=0 source=inventory_summaries.csv universe_count=56 output_unique_skus=56 missing_filled_count=0
2026-03-17T21:54:32Z [2026-03-17T21:52:19Z] health_gate snapshot FAIL=0 WARN=0 source=checklist_B.csv
2026-03-17T21:54:32Z [2026-03-17T21:52:19Z] publish Order_Master
2026-03-17T21:54:32Z [2026-03-17T21:52:19Z] run B004_build_order_master.py attempt 1
2026-03-17T21:55:24Z [2026-03-17T21:52:19Z] ok B004_build_order_master.py
2026-03-17T21:55:24Z [2026-03-17T21:52:19Z] publish P&L
2026-03-17T21:55:24Z [2026-03-17T21:52:19Z] run D001_build_pnl_daily.py attempt 1
2026-03-17T21:55:31Z [2026-03-17T21:52:19Z] ok D001_build_pnl_daily.py
2026-03-17T21:55:31Z [2026-03-17T21:52:19Z] cycle sleep 30s
2026-03-17T21:56:01Z [2026-03-17T21:52:19Z] run A015_build_system_health_check.py profile=b end_of_cycle shadow_legacy
2026-03-17T21:56:01Z [2026-03-17T21:52:19Z] health_check warn with stale B snapshot - treating as fail
2026-03-17T21:56:01Z [2026-03-17T21:52:19Z] fail A015_build_system_health_check.py profile=b end_of_cycle shadow_legacy rc=2
2026-03-17T21:56:01Z [2026-03-17T21:52:19Z] health_snapshot {"event":"health_snapshot","cycle_start_utc":"2026-03-17T21:52:19Z","health_snapshot_utc":"2026-03-17T19:58:30Z","fail":0,"warn":0,"fail_checks":[],"warn_checks":[],"path":"C:\\Users\\Luke\\Desktop\\SellerOne 2.0\\out\\cycle_alerts\\checklist_B.csv"}
2026-03-17T21:56:01Z [2026-03-17T21:52:19Z] run A015_build_system_health_check.py profile=b shadow_compare
2026-03-17T21:56:02Z [2026-03-17T21:52:19Z] split_health warn with stale snapshot - treating as fail
2026-03-17T21:56:02Z [2026-03-17T21:52:19Z] split_health_snapshot {"event":"split_health_snapshot","cycle_start_utc":"2026-03-17T21:52:19Z","health_snapshot_utc":"2026-03-17T19:58:51Z","fail":0,"warn":0,"fail_checks":[],"warn_checks":[],"path":"C:\\Users\\Luke\\Desktop\\SellerOne 2.0\\out\\cycle_alerts\\checklist_B_split.csv"}
2026-03-17T21:56:02Z [2026-03-17T21:52:19Z] split_shadow_compare legacy_fail=0 legacy_warn=0 split_fail=0 split_warn=0 decision_match=1 a_match_streak=0 b_match_streak=2530 e_match_streak=0 ready_for_cutover=0
2026-03-17T21:56:02Z [2026-03-17T21:52:19Z] B_FINALIZE ran rc=0 wrote_health=true reason=cycle_complete
2026-03-17T21:56:02Z [2026-03-17T21:52:19Z] manifest written C:\Users\Luke\Desktop\SellerOne 2.0\out\manifests\B\2026-03-17\B_20260317T215219Z.json
2026-03-17T21:56:02Z [2026-03-17T21:56:02Z] split_health mode_requested=shadow mode_effective=shadow
2026-03-17T21:56:02Z [2026-03-17T21:56:02Z] run B001_run_orders_to_sheet.py attempt 1
2026-03-17T21:57:05Z [2026-03-17T21:56:02Z] ok B001_run_orders_to_sheet.py
2026-03-17T21:57:05Z [2026-03-17T21:56:02Z] skip B002_run_pending_orders_to_sheet.py (last run 2719s ago)
2026-03-17T21:57:05Z [2026-03-17T21:56:02Z] run B030_sync_token_allocations_from_sheet.py attempt 1
2026-03-17T21:57:05Z [2026-03-17T21:56:02Z] ok B030_sync_token_allocations_from_sheet.py
2026-03-17T21:57:05Z [2026-03-17T21:56:02Z] run B007_allocate_tokens_live.py attempt 1
2026-03-17T21:57:08Z [2026-03-17T21:56:02Z] ok B007_allocate_tokens_live.py
2026-03-17T21:57:08Z [2026-03-17T21:56:02Z] run B025_build_token_cogs_ledger.py attempt 1
2026-03-17T21:57:09Z [2026-03-17T21:56:02Z] ok B025_build_token_cogs_ledger.py
2026-03-17T21:57:09Z [2026-03-17T21:56:02Z] order_master prewait l1_age_seconds=52.2 required_stable_seconds=60.0 sleep_seconds=5.0
2026-03-17T21:57:14Z [2026-03-17T21:56:02Z] order_master prewait l1_age_seconds=57.2 required_stable_seconds=60.0 sleep_seconds=2.8
2026-03-17T21:57:17Z [2026-03-17T21:56:02Z] order_master prewait_shortened waited_seconds=7.8 l1_age_seconds=60.0 required_stable_seconds=60.0
2026-03-17T21:57:17Z [2026-03-17T21:56:02Z] run B004_build_order_master.py attempt 1
2026-03-17T21:57:55Z [2026-03-17T21:56:02Z] ok B004_build_order_master.py
2026-03-17T21:57:55Z [2026-03-17T21:56:02Z] run B011_recover_l3_orphans.py attempt 1
2026-03-17T21:57:56Z [2026-03-17T21:56:02Z] ok B011_recover_l3_orphans.py
2026-03-17T21:57:56Z [2026-03-17T21:56:02Z] run listing_offer collection attempt 1
2026-03-17T21:58:16Z [2026-03-17T21:56:02Z] info listing_offer collection interrupted system_exit_code=130; class=nonfatal; continuing cycle
2026-03-17T21:58:16Z [2026-03-17T21:56:02Z] run refunds_adjustments collection attempt 1
2026-03-17T21:58:16Z [2026-03-17T21:56:02Z] info refunds_adjustments collection interrupted system_exit_code=130; class=nonfatal; continuing cycle
2026-03-17T21:58:16Z [2026-03-17T21:56:02Z] stock_parking refreshed snapshot_rows=56 parked_rows=0 source=inventory_summaries.csv universe_count=56 output_unique_skus=56 missing_filled_count=0
2026-03-17T21:58:16Z [2026-03-17T21:56:02Z] health_gate snapshot FAIL=0 WARN=0 source=checklist_B.csv
2026-03-17T21:58:16Z [2026-03-17T21:56:02Z] publish Order_Master
2026-03-17T21:58:16Z [2026-03-17T21:56:02Z] run B004_build_order_master.py attempt 1
2026-03-17T21:59:09Z [2026-03-17T21:56:02Z] ok B004_build_order_master.py
2026-03-17T21:59:09Z [2026-03-17T21:56:02Z] publish P&L
2026-03-17T21:59:09Z [2026-03-17T21:56:02Z] run D001_build_pnl_daily.py attempt 1
2026-03-17T21:59:14Z [2026-03-17T21:56:02Z] ok D001_build_pnl_daily.py
2026-03-17T21:59:14Z [2026-03-17T21:56:02Z] cycle sleep 30s
2026-03-17T21:59:44Z [2026-03-17T21:56:02Z] run A015_build_system_health_check.py profile=b end_of_cycle shadow_legacy
2026-03-17T21:59:45Z [2026-03-17T21:56:02Z] health_check warn with stale B snapshot - treating as fail
2026-03-17T21:59:45Z [2026-03-17T21:56:02Z] fail A015_build_system_health_check.py profile=b end_of_cycle shadow_legacy rc=2
2026-03-17T21:59:45Z [2026-03-17T21:56:02Z] health_snapshot {"event":"health_snapshot","cycle_start_utc":"2026-03-17T21:56:02Z","health_snapshot_utc":"2026-03-17T19:58:30Z","fail":0,"warn":0,"fail_checks":[],"warn_checks":[],"path":"C:\\Users\\Luke\\Desktop\\SellerOne 2.0\\out\\cycle_alerts\\checklist_B.csv"}
2026-03-17T21:59:45Z [2026-03-17T21:56:02Z] run A015_build_system_health_check.py profile=b shadow_compare
2026-03-17T21:59:45Z [2026-03-17T21:56:02Z] split_health warn with stale snapshot - treating as fail
2026-03-17T21:59:45Z [2026-03-17T21:56:02Z] split_health_snapshot {"event":"split_health_snapshot","cycle_start_utc":"2026-03-17T21:56:02Z","health_snapshot_utc":"2026-03-17T19:58:51Z","fail":0,"warn":0,"fail_checks":[],"warn_checks":[],"path":"C:\\Users\\Luke\\Desktop\\SellerOne 2.0\\out\\cycle_alerts\\checklist_B_split.csv"}
2026-03-17T21:59:45Z [2026-03-17T21:56:02Z] split_shadow_compare legacy_fail=0 legacy_warn=0 split_fail=0 split_warn=0 decision_match=1 a_match_streak=0 b_match_streak=2531 e_match_streak=0 ready_for_cutover=0
2026-03-17T21:59:45Z [2026-03-17T21:56:02Z] B_FINALIZE ran rc=0 wrote_health=true reason=cycle_complete
2026-03-17T21:59:45Z [2026-03-17T21:56:02Z] manifest written C:\Users\Luke\Desktop\SellerOne 2.0\out\manifests\B\2026-03-17\B_20260317T215602Z.json
2026-03-17T21:59:45Z [2026-03-17T21:59:45Z] split_health mode_requested=shadow mode_effective=shadow
2026-03-17T21:59:45Z [2026-03-17T21:59:45Z] run B001_run_orders_to_sheet.py attempt 1
2026-03-17T22:00:46Z [2026-03-17T21:59:45Z] ok B001_run_orders_to_sheet.py
2026-03-17T22:00:46Z [2026-03-17T21:59:45Z] skip B002_run_pending_orders_to_sheet.py (last run 2940s ago)
2026-03-17T22:00:46Z [2026-03-17T21:59:45Z] run B030_sync_token_allocations_from_sheet.py attempt 1
2026-03-17T22:00:46Z [2026-03-17T21:59:45Z] ok B030_sync_token_allocations_from_sheet.py
2026-03-17T22:00:46Z [2026-03-17T21:59:45Z] run B007_allocate_tokens_live.py attempt 1
2026-03-17T22:00:49Z [2026-03-17T21:59:45Z] ok B007_allocate_tokens_live.py
2026-03-17T22:00:49Z [2026-03-17T21:59:45Z] run B025_build_token_cogs_ledger.py attempt 1
2026-03-17T22:00:50Z [2026-03-17T21:59:45Z] ok B025_build_token_cogs_ledger.py
2026-03-17T22:00:50Z [2026-03-17T21:59:45Z] order_master prewait l1_age_seconds=49.8 required_stable_seconds=60.0 sleep_seconds=5.0
2026-03-17T22:00:55Z [2026-03-17T21:59:45Z] order_master prewait l1_age_seconds=54.8 required_stable_seconds=60.0 sleep_seconds=5.0
2026-03-17T22:01:00Z [2026-03-17T21:59:45Z] order_master prewait l1_age_seconds=59.8 required_stable_seconds=60.0 sleep_seconds=0.2
2026-03-17T22:01:00Z [2026-03-17T21:59:45Z] order_master prewait_shortened waited_seconds=10.2 l1_age_seconds=60.0 required_stable_seconds=60.0
2026-03-17T22:01:00Z [2026-03-17T21:59:45Z] run B004_build_order_master.py attempt 1
2026-03-17T22:01:39Z [2026-03-17T21:59:45Z] ok B004_build_order_master.py
2026-03-17T22:01:39Z [2026-03-17T21:59:45Z] run B011_recover_l3_orphans.py attempt 1
2026-03-17T22:01:39Z [2026-03-17T21:59:45Z] ok B011_recover_l3_orphans.py
2026-03-17T22:01:39Z [2026-03-17T21:59:45Z] run listing_offer collection attempt 1
2026-03-17T22:01:59Z [2026-03-17T21:59:45Z] info listing_offer collection interrupted system_exit_code=130; class=nonfatal; continuing cycle
2026-03-17T22:01:59Z [2026-03-17T21:59:45Z] info refunds_adjustments collection interrupted system_exit_code=130; class=nonfatal; continuing cycle
2026-03-17T22:01:59Z [2026-03-17T21:59:45Z] stock_parking refreshed snapshot_rows=56 parked_rows=0 source=inventory_summaries.csv universe_count=56 output_unique_skus=56 missing_filled_count=0
2026-03-17T22:01:59Z [2026-03-17T21:59:45Z] health_gate snapshot FAIL=0 WARN=0 source=checklist_B.csv
2026-03-17T22:01:59Z [2026-03-17T21:59:45Z] publish Order_Master
2026-03-17T22:01:59Z [2026-03-17T21:59:45Z] run B004_build_order_master.py attempt 1
2026-03-17T22:02:53Z [2026-03-17T21:59:45Z] ok B004_build_order_master.py
2026-03-17T22:02:53Z [2026-03-17T21:59:45Z] publish P&L
2026-03-17T22:02:53Z [2026-03-17T21:59:45Z] run D001_build_pnl_daily.py attempt 1
2026-03-17T22:02:58Z [2026-03-17T21:59:45Z] ok D001_build_pnl_daily.py
2026-03-17T22:02:58Z [2026-03-17T21:59:45Z] cycle sleep 30s
2026-03-17T22:03:28Z [2026-03-17T21:59:45Z] run A015_build_system_health_check.py profile=b end_of_cycle shadow_legacy
2026-03-17T22:03:29Z [2026-03-17T21:59:45Z] health_check warn with stale B snapshot - treating as fail
2026-03-17T22:03:29Z [2026-03-17T21:59:45Z] fail A015_build_system_health_check.py profile=b end_of_cycle shadow_legacy rc=2
2026-03-17T22:03:29Z [2026-03-17T21:59:45Z] health_snapshot {"event":"health_snapshot","cycle_start_utc":"2026-03-17T21:59:45Z","health_snapshot_utc":"2026-03-17T19:58:30Z","fail":0,"warn":0,"fail_checks":[],"warn_checks":[],"path":"C:\\Users\\Luke\\Desktop\\SellerOne 2.0\\out\\cycle_alerts\\checklist_B.csv"}
2026-03-17T22:03:29Z [2026-03-17T21:59:45Z] run A015_build_system_health_check.py profile=b shadow_compare
2026-03-17T22:03:29Z [2026-03-17T21:59:45Z] split_health warn with stale snapshot - treating as fail
2026-03-17T22:03:29Z [2026-03-17T21:59:45Z] split_health_snapshot {"event":"split_health_snapshot","cycle_start_utc":"2026-03-17T21:59:45Z","health_snapshot_utc":"2026-03-17T19:58:51Z","fail":0,"warn":0,"fail_checks":[],"warn_checks":[],"path":"C:\\Users\\Luke\\Desktop\\SellerOne 2.0\\out\\cycle_alerts\\checklist_B_split.csv"}
2026-03-17T22:03:29Z [2026-03-17T21:59:45Z] split_shadow_compare legacy_fail=0 legacy_warn=0 split_fail=0 split_warn=0 decision_match=1 a_match_streak=0 b_match_streak=2532 e_match_streak=0 ready_for_cutover=0
2026-03-17T22:03:29Z [2026-03-17T21:59:45Z] B_FINALIZE ran rc=0 wrote_health=true reason=cycle_complete
2026-03-17T22:03:29Z [2026-03-17T21:59:45Z] manifest written C:\Users\Luke\Desktop\SellerOne 2.0\out\manifests\B\2026-03-17\B_20260317T215945Z.json
2026-03-17T22:03:29Z [2026-03-17T22:03:29Z] split_health mode_requested=shadow mode_effective=shadow
2026-03-17T22:03:29Z [2026-03-17T22:03:29Z] run B001_run_orders_to_sheet.py attempt 1
2026-03-17T22:04:29Z [2026-03-17T22:03:29Z] ok B001_run_orders_to_sheet.py
2026-03-17T22:04:29Z [2026-03-17T22:03:29Z] skip B002_run_pending_orders_to_sheet.py (last run 3163s ago)
2026-03-17T22:04:29Z [2026-03-17T22:03:29Z] run B030_sync_token_allocations_from_sheet.py attempt 1
2026-03-17T22:04:29Z [2026-03-17T22:03:29Z] ok B030_sync_token_allocations_from_sheet.py
2026-03-17T22:04:29Z [2026-03-17T22:03:29Z] run B007_allocate_tokens_live.py attempt 1
2026-03-17T22:04:32Z [2026-03-17T22:03:29Z] ok B007_allocate_tokens_live.py
2026-03-17T22:04:32Z [2026-03-17T22:03:29Z] run B025_build_token_cogs_ledger.py attempt 1
2026-03-17T22:04:33Z [2026-03-17T22:03:29Z] ok B025_build_token_cogs_ledger.py
2026-03-17T22:04:33Z [2026-03-17T22:03:29Z] order_master prewait l1_age_seconds=48.4 required_stable_seconds=60.0 sleep_seconds=5.0
2026-03-17T22:04:38Z [2026-03-17T22:03:29Z] order_master prewait l1_age_seconds=53.4 required_stable_seconds=60.0 sleep_seconds=5.0
2026-03-17T22:04:43Z [2026-03-17T22:03:29Z] order_master prewait l1_age_seconds=58.4 required_stable_seconds=60.0 sleep_seconds=1.6
2026-03-17T22:04:44Z [2026-03-17T22:03:29Z] order_master prewait_shortened waited_seconds=11.6 l1_age_seconds=60.0 required_stable_seconds=60.0
2026-03-17T22:04:44Z [2026-03-17T22:03:29Z] run B004_build_order_master.py attempt 1
2026-03-17T22:05:23Z [2026-03-17T22:03:29Z] ok B004_build_order_master.py
2026-03-17T22:05:23Z [2026-03-17T22:03:29Z] run B011_recover_l3_orphans.py attempt 1
2026-03-17T22:05:23Z [2026-03-17T22:03:29Z] ok B011_recover_l3_orphans.py
2026-03-17T22:05:23Z [2026-03-17T22:03:29Z] run listing_offer collection attempt 1
2026-03-17T22:05:43Z [2026-03-17T22:03:29Z] info listing_offer collection interrupted system_exit_code=130; class=nonfatal; continuing cycle
2026-03-17T22:05:43Z [2026-03-17T22:03:29Z] run refunds_adjustments collection attempt 1
2026-03-17T22:05:43Z [2026-03-17T22:03:29Z] info refunds_adjustments collection interrupted system_exit_code=130; class=nonfatal; continuing cycle
2026-03-17T22:05:43Z [2026-03-17T22:03:29Z] stock_parking refreshed snapshot_rows=56 parked_rows=0 source=inventory_summaries.csv universe_count=56 output_unique_skus=56 missing_filled_count=0
2026-03-17T22:05:43Z [2026-03-17T22:03:29Z] health_gate snapshot FAIL=0 WARN=0 source=checklist_B.csv
2026-03-17T22:05:43Z [2026-03-17T22:03:29Z] publish Order_Master
2026-03-17T22:05:43Z [2026-03-17T22:03:29Z] run B004_build_order_master.py attempt 1
2026-03-17T22:06:37Z [2026-03-17T22:03:29Z] ok B004_build_order_master.py
2026-03-17T22:06:37Z [2026-03-17T22:03:29Z] publish P&L
2026-03-17T22:06:37Z [2026-03-17T22:03:29Z] run D001_build_pnl_daily.py attempt 1
2026-03-17T22:06:43Z [2026-03-17T22:03:29Z] ok D001_build_pnl_daily.py
2026-03-17T22:06:43Z [2026-03-17T22:03:29Z] cycle sleep 30s
2026-03-17T22:07:13Z [2026-03-17T22:03:29Z] run A015_build_system_health_check.py profile=b end_of_cycle shadow_legacy
2026-03-17T22:07:13Z [2026-03-17T22:03:29Z] health_check warn with stale B snapshot - treating as fail
2026-03-17T22:07:13Z [2026-03-17T22:03:29Z] fail A015_build_system_health_check.py profile=b end_of_cycle shadow_legacy rc=2
2026-03-17T22:07:13Z [2026-03-17T22:03:29Z] health_snapshot {"event":"health_snapshot","cycle_start_utc":"2026-03-17T22:03:29Z","health_snapshot_utc":"2026-03-17T19:58:30Z","fail":0,"warn":0,"fail_checks":[],"warn_checks":[],"path":"C:\\Users\\Luke\\Desktop\\SellerOne 2.0\\out\\cycle_alerts\\checklist_B.csv"}
2026-03-17T22:07:13Z [2026-03-17T22:03:29Z] run A015_build_system_health_check.py profile=b shadow_compare
2026-03-17T22:07:14Z [2026-03-17T22:03:29Z] split_health warn with stale snapshot - treating as fail
2026-03-17T22:07:14Z [2026-03-17T22:03:29Z] split_health_snapshot {"event":"split_health_snapshot","cycle_start_utc":"2026-03-17T22:03:29Z","health_snapshot_utc":"2026-03-17T19:58:51Z","fail":0,"warn":0,"fail_checks":[],"warn_checks":[],"path":"C:\\Users\\Luke\\Desktop\\SellerOne 2.0\\out\\cycle_alerts\\checklist_B_split.csv"}
2026-03-17T22:07:14Z [2026-03-17T22:03:29Z] split_shadow_compare legacy_fail=0 legacy_warn=0 split_fail=0 split_warn=0 decision_match=1 a_match_streak=0 b_match_streak=2533 e_match_streak=0 ready_for_cutover=0
2026-03-17T22:07:14Z [2026-03-17T22:03:29Z] B_FINALIZE ran rc=0 wrote_health=true reason=cycle_complete
2026-03-17T22:07:14Z [2026-03-17T22:03:29Z] manifest written C:\Users\Luke\Desktop\SellerOne 2.0\out\manifests\B\2026-03-17\B_20260317T220329Z.json
2026-03-17T22:07:14Z [2026-03-17T22:07:14Z] split_health mode_requested=shadow mode_effective=shadow
2026-03-17T22:07:14Z [2026-03-17T22:07:14Z] run B001_run_orders_to_sheet.py attempt 1
2026-03-17T22:08:14Z [2026-03-17T22:07:14Z] ok B001_run_orders_to_sheet.py
2026-03-17T22:08:14Z [2026-03-17T22:07:14Z] skip B002_run_pending_orders_to_sheet.py (last run 3388s ago)
2026-03-17T22:08:14Z [2026-03-17T22:07:14Z] run B030_sync_token_allocations_from_sheet.py attempt 1
2026-03-17T22:08:15Z [2026-03-17T22:07:14Z] ok B030_sync_token_allocations_from_sheet.py
2026-03-17T22:08:15Z [2026-03-17T22:07:14Z] run B007_allocate_tokens_live.py attempt 1
2026-03-17T22:08:17Z [2026-03-17T22:07:14Z] ok B007_allocate_tokens_live.py
2026-03-17T22:08:17Z [2026-03-17T22:07:14Z] run B025_build_token_cogs_ledger.py attempt 1
2026-03-17T22:08:18Z [2026-03-17T22:07:14Z] ok B025_build_token_cogs_ledger.py
2026-03-17T22:08:18Z [2026-03-17T22:07:14Z] order_master prewait l1_age_seconds=49.2 required_stable_seconds=60.0 sleep_seconds=5.0
2026-03-17T22:08:23Z [2026-03-17T22:07:14Z] order_master prewait l1_age_seconds=54.2 required_stable_seconds=60.0 sleep_seconds=5.0
2026-03-17T22:08:28Z [2026-03-17T22:07:14Z] order_master prewait l1_age_seconds=59.2 required_stable_seconds=60.0 sleep_seconds=0.8
2026-03-17T22:08:29Z [2026-03-17T22:07:14Z] order_master prewait_shortened waited_seconds=10.8 l1_age_seconds=60.0 required_stable_seconds=60.0
2026-03-17T22:08:29Z [2026-03-17T22:07:14Z] run B004_build_order_master.py attempt 1
2026-03-17T22:09:08Z [2026-03-17T22:07:14Z] ok B004_build_order_master.py
2026-03-17T22:09:08Z [2026-03-17T22:07:14Z] run B011_recover_l3_orphans.py attempt 1
2026-03-17T22:09:08Z [2026-03-17T22:07:14Z] ok B011_recover_l3_orphans.py
2026-03-17T22:09:08Z [2026-03-17T22:07:14Z] run listing_offer collection attempt 1
2026-03-17T22:09:28Z [2026-03-17T22:07:14Z] info listing_offer collection interrupted system_exit_code=130; class=nonfatal; continuing cycle
2026-03-17T22:09:28Z [2026-03-17T22:07:14Z] info refunds_adjustments collection interrupted system_exit_code=130; class=nonfatal; continuing cycle
2026-03-17T22:09:28Z [2026-03-17T22:07:14Z] stock_parking refreshed snapshot_rows=56 parked_rows=0 source=inventory_summaries.csv universe_count=56 output_unique_skus=56 missing_filled_count=0
2026-03-17T22:09:28Z [2026-03-17T22:07:14Z] health_gate snapshot FAIL=0 WARN=0 source=checklist_B.csv
2026-03-17T22:09:28Z [2026-03-17T22:07:14Z] publish Order_Master
2026-03-17T22:09:28Z [2026-03-17T22:07:14Z] run B004_build_order_master.py attempt 1
2026-03-17T22:10:21Z [2026-03-17T22:07:14Z] ok B004_build_order_master.py
2026-03-17T22:10:21Z [2026-03-17T22:07:14Z] publish P&L
2026-03-17T22:10:21Z [2026-03-17T22:07:14Z] run D001_build_pnl_daily.py attempt 1
2026-03-17T22:10:27Z [2026-03-17T22:07:14Z] ok D001_build_pnl_daily.py
2026-03-17T22:10:27Z [2026-03-17T22:07:14Z] cycle sleep 30s
2026-03-17T22:10:57Z [2026-03-17T22:07:14Z] run A015_build_system_health_check.py profile=b end_of_cycle shadow_legacy
2026-03-17T22:10:57Z [2026-03-17T22:07:14Z] health_check warn with stale B snapshot - treating as fail
2026-03-17T22:10:57Z [2026-03-17T22:07:14Z] fail A015_build_system_health_check.py profile=b end_of_cycle shadow_legacy rc=2
2026-03-17T22:10:57Z [2026-03-17T22:07:14Z] health_snapshot {"event":"health_snapshot","cycle_start_utc":"2026-03-17T22:07:14Z","health_snapshot_utc":"2026-03-17T19:58:30Z","fail":0,"warn":0,"fail_checks":[],"warn_checks":[],"path":"C:\\Users\\Luke\\Desktop\\SellerOne 2.0\\out\\cycle_alerts\\checklist_B.csv"}
2026-03-17T22:10:57Z [2026-03-17T22:07:14Z] run A015_build_system_health_check.py profile=b shadow_compare
2026-03-17T22:10:58Z [2026-03-17T22:07:14Z] split_health warn with stale snapshot - treating as fail
2026-03-17T22:10:58Z [2026-03-17T22:07:14Z] split_health_snapshot {"event":"split_health_snapshot","cycle_start_utc":"2026-03-17T22:07:14Z","health_snapshot_utc":"2026-03-17T19:58:51Z","fail":0,"warn":0,"fail_checks":[],"warn_checks":[],"path":"C:\\Users\\Luke\\Desktop\\SellerOne 2.0\\out\\cycle_alerts\\checklist_B_split.csv"}
2026-03-17T22:10:58Z [2026-03-17T22:07:14Z] split_shadow_compare legacy_fail=0 legacy_warn=0 split_fail=0 split_warn=0 decision_match=1 a_match_streak=0 b_match_streak=2534 e_match_streak=0 ready_for_cutover=0
2026-03-17T22:10:58Z [2026-03-17T22:07:14Z] B_FINALIZE ran rc=0 wrote_health=true reason=cycle_complete
2026-03-17T22:10:58Z [2026-03-17T22:07:14Z] manifest written C:\Users\Luke\Desktop\SellerOne 2.0\out\manifests\B\2026-03-17\B_20260317T220714Z.json
2026-03-17T22:10:58Z [2026-03-17T22:10:58Z] split_health mode_requested=shadow mode_effective=shadow
2026-03-17T22:10:58Z [2026-03-17T22:10:58Z] run B001_run_orders_to_sheet.py attempt 1
2026-03-17T22:12:02Z [2026-03-17T22:10:58Z] ok B001_run_orders_to_sheet.py
2026-03-17T22:12:02Z [2026-03-17T22:10:58Z] run B002_run_pending_orders_to_sheet.py attempt 1
2026-03-17T22:13:52Z [2026-03-17T22:10:58Z] ok B002_run_pending_orders_to_sheet.py
2026-03-17T22:13:52Z [2026-03-17T22:10:58Z] run B030_sync_token_allocations_from_sheet.py attempt 1
2026-03-17T22:13:53Z [2026-03-17T22:10:58Z] ok B030_sync_token_allocations_from_sheet.py
2026-03-17T22:13:53Z [2026-03-17T22:10:58Z] run B007_allocate_tokens_live.py attempt 1
2026-03-17T22:13:56Z [2026-03-17T22:10:58Z] ok B007_allocate_tokens_live.py
2026-03-17T22:13:56Z [2026-03-17T22:10:58Z] run B025_build_token_cogs_ledger.py attempt 1
2026-03-17T22:13:56Z [2026-03-17T22:10:58Z] ok B025_build_token_cogs_ledger.py
2026-03-17T22:13:56Z [2026-03-17T22:10:58Z] order_master prewait_skipped reason=already_ready l1_age_seconds=163.7 required_stable_seconds=60.0
2026-03-17T22:13:56Z [2026-03-17T22:10:58Z] run B004_build_order_master.py attempt 1
2026-03-17T22:14:36Z [2026-03-17T22:10:58Z] ok B004_build_order_master.py
2026-03-17T22:14:36Z [2026-03-17T22:10:58Z] run B011_recover_l3_orphans.py attempt 1
2026-03-17T22:17:28Z [2026-03-17T22:10:58Z] maintenance_abort B011_recover_l3_orphans.py no_retry rc=125
2026-03-17T22:17:28Z [2026-03-17T22:10:58Z] run listing_offer collection attempt 1
2026-03-17T22:17:48Z [2026-03-17T22:10:58Z] restart_drain listing_offer collection interrupted system_exit_code=130; treating as boundary_skip
2026-03-17T22:17:48Z [2026-03-17T22:10:58Z] restart_drain refunds_adjustments collection interrupted system_exit_code=130; treating as boundary_skip
2026-03-17T22:17:48Z [2026-03-17T22:10:58Z] stock_parking refreshed snapshot_rows=56 parked_rows=0 source=inventory_summaries.csv universe_count=56 output_unique_skus=56 missing_filled_count=0
2026-03-17T22:17:48Z [2026-03-17T22:10:58Z] health_gate snapshot FAIL=0 WARN=0 source=checklist_B.csv
2026-03-17T22:17:48Z [2026-03-17T22:10:58Z] publish Order_Master
2026-03-17T22:17:48Z [2026-03-17T22:10:58Z] run B004_build_order_master.py attempt 1
2026-03-17T22:18:08Z [2026-03-17T22:10:58Z] maintenance_abort B004_build_order_master.py no_retry rc=125
2026-03-17T22:18:08Z [2026-03-17T22:10:58Z] publish P&L
2026-03-17T22:18:08Z [2026-03-17T22:10:58Z] run D001_build_pnl_daily.py attempt 1
2026-03-17T22:18:14Z [2026-03-17T22:10:58Z] ok D001_build_pnl_daily.py
2026-03-17T22:18:14Z [2026-03-17T22:10:58Z] cycle sleep 30s
2026-03-17T22:18:44Z [2026-03-17T22:10:58Z] maintenance ready (after cycle end); current cycle finished
2026-03-17T22:18:44Z [2026-03-17T22:10:58Z] restart_drain boundary_ready (after cycle end); exiting B loop for controlled restart
2026-03-17T22:18:44Z [2026-03-17T22:10:58Z] run A015_build_system_health_check.py profile=b end_of_cycle shadow_legacy
2026-03-17T22:18:44Z [2026-03-17T22:10:58Z] health_check warn with stale B snapshot - treating as fail
2026-03-17T22:18:44Z [2026-03-17T22:10:58Z] fail A015_build_system_health_check.py profile=b end_of_cycle shadow_legacy rc=2
2026-03-17T22:18:44Z [2026-03-17T22:10:58Z] health_snapshot {"event":"health_snapshot","cycle_start_utc":"2026-03-17T22:10:58Z","health_snapshot_utc":"2026-03-17T19:58:30Z","fail":0,"warn":0,"fail_checks":[],"warn_checks":[],"path":"C:\\Users\\Luke\\Desktop\\SellerOne 2.0\\out\\cycle_alerts\\checklist_B.csv"}
2026-03-17T22:18:44Z [2026-03-17T22:10:58Z] run A015_build_system_health_check.py profile=b shadow_compare
2026-03-17T22:18:45Z [2026-03-17T22:10:58Z] split_health warn with stale snapshot - treating as fail
2026-03-17T22:18:45Z [2026-03-17T22:10:58Z] split_health_snapshot {"event":"split_health_snapshot","cycle_start_utc":"2026-03-17T22:10:58Z","health_snapshot_utc":"2026-03-17T19:58:51Z","fail":0,"warn":0,"fail_checks":[],"warn_checks":[],"path":"C:\\Users\\Luke\\Desktop\\SellerOne 2.0\\out\\cycle_alerts\\checklist_B_split.csv"}
2026-03-17T22:18:45Z [2026-03-17T22:10:58Z] split_shadow_compare legacy_fail=0 legacy_warn=0 split_fail=0 split_warn=0 decision_match=1 a_match_streak=0 b_match_streak=2535 e_match_streak=0 ready_for_cutover=0
2026-03-17T22:18:45Z [2026-03-17T22:10:58Z] B_FINALIZE ran rc=0 wrote_health=true reason=restart_drain_boundary_exit_after_cycle
2026-03-17T22:18:45Z [2026-03-17T22:10:58Z] manifest written C:\Users\Luke\Desktop\SellerOne 2.0\out\manifests\B\2026-03-17\B_20260317T221058Z.json
2026-03-17T22:18:45Z [2026-03-17T22:10:58Z] B_EXIT rc=0
2026-03-17T22:18:57Z [2026-03-17T22:18:57Z] split_health mode_requested=shadow mode_effective=shadow
2026-03-17T22:18:57Z [2026-03-17T22:18:57Z] run B001_run_orders_to_sheet.py attempt 1
2026-03-17T22:19:55Z [2026-03-17T22:18:57Z] ok B001_run_orders_to_sheet.py
2026-03-17T22:19:55Z [2026-03-17T22:18:57Z] skip B002_run_pending_orders_to_sheet.py (last run 363s ago)
2026-03-17T22:19:55Z [2026-03-17T22:18:57Z] run B030_sync_token_allocations_from_sheet.py attempt 1
2026-03-17T22:19:55Z [2026-03-17T22:18:57Z] ok B030_sync_token_allocations_from_sheet.py
2026-03-17T22:19:55Z [2026-03-17T22:18:57Z] run B007_allocate_tokens_live.py attempt 1
2026-03-17T22:19:58Z [2026-03-17T22:18:57Z] ok B007_allocate_tokens_live.py
2026-03-17T22:19:58Z [2026-03-17T22:18:57Z] run B025_build_token_cogs_ledger.py attempt 1
2026-03-17T22:19:59Z [2026-03-17T22:18:57Z] ok B025_build_token_cogs_ledger.py
2026-03-17T22:19:59Z [2026-03-17T22:18:57Z] order_master prewait l1_age_seconds=47.0 required_stable_seconds=60.0 sleep_seconds=5.0
2026-03-17T22:20:04Z [2026-03-17T22:18:57Z] order_master prewait l1_age_seconds=52.1 required_stable_seconds=60.0 sleep_seconds=5.0
2026-03-17T22:20:09Z [2026-03-17T22:18:57Z] order_master prewait l1_age_seconds=57.1 required_stable_seconds=60.0 sleep_seconds=2.9
2026-03-17T22:20:12Z [2026-03-17T22:18:57Z] order_master prewait_shortened waited_seconds=13.0 l1_age_seconds=60.0 required_stable_seconds=60.0
2026-03-17T22:20:12Z [2026-03-17T22:18:57Z] run B004_build_order_master.py attempt 1
2026-03-17T22:20:51Z [2026-03-17T22:18:57Z] ok B004_build_order_master.py
2026-03-17T22:20:51Z [2026-03-17T22:18:57Z] run B011_recover_l3_orphans.py attempt 1
2026-03-17T22:24:50Z [2026-03-17T22:18:57Z] retry B011_recover_l3_orphans.py in 2.0s; stdout_tail=[B011] marketplace A28R8C7NBKEWEA | [B011] marketplace AZMDEXL2RVFNN
2026-03-17T22:24:52Z [2026-03-17T22:18:57Z] run B011_recover_l3_orphans.py attempt 2
2026-03-17T22:24:53Z [2026-03-17T22:18:57Z] ok B011_recover_l3_orphans.py
2026-03-17T22:24:53Z [2026-03-17T22:18:57Z] run listing_offer collection attempt 1
2026-03-17T22:24:59Z [2026-03-17T22:18:57Z] info listing_offer collection interrupted system_exit_code=130; class=nonfatal; continuing cycle
2026-03-17T22:24:59Z [2026-03-17T22:18:57Z] run refunds_adjustments collection attempt 1
2026-03-17T22:24:59Z [2026-03-17T22:18:57Z] console_write_suppressed stream=stdout error=OSError:[Errno 22] Invalid argument
2026-03-17T22:25:02Z [2026-03-17T22:18:57Z] info refunds_adjustments collection interrupted system_exit_code=130; class=nonfatal; continuing cycle
2026-03-17T22:25:02Z [2026-03-17T22:18:57Z] stock_parking refreshed snapshot_rows=56 parked_rows=0 source=inventory_summaries.csv universe_count=56 output_unique_skus=56 missing_filled_count=0
2026-03-17T22:25:02Z [2026-03-17T22:18:57Z] health_gate snapshot FAIL=0 WARN=0 source=checklist_B.csv
2026-03-17T22:25:02Z [2026-03-17T22:18:57Z] console_write_suppressed stream=stdout error=OSError:[Errno 22] Invalid argument
2026-03-17T22:25:02Z [2026-03-17T22:18:57Z] publish Order_Master
2026-03-17T22:25:02Z [2026-03-17T22:18:57Z] b004_second_run_required reason=input_changed run_id=2026-03-17T22:18:57Z
2026-03-17T22:25:02Z [2026-03-17T22:18:57Z] run B004_build_order_master.py attempt 1
2026-03-17T22:25:02Z [2026-03-17T22:18:57Z] console_write_suppressed stream=stdout error=OSError:[Errno 22] Invalid argument
2026-03-17T22:25:55Z [2026-03-17T22:18:57Z] console_write_suppressed stream=stdout error=OSError:[Errno 22] Invalid argument
2026-03-17T22:25:55Z [2026-03-17T22:18:57Z] console_write_suppressed stream=stderr error=OSError:[Errno 22] Invalid argument
2026-03-17T22:25:55Z [2026-03-17T22:18:57Z] console_write_suppressed stream=stdout error=OSError:[Errno 22] Invalid argument
2026-03-17T22:25:55Z [2026-03-17T22:18:57Z] ok B004_build_order_master.py
2026-03-17T22:25:55Z [2026-03-17T22:18:57Z] console_write_suppressed stream=stdout error=OSError:[Errno 22] Invalid argument
2026-03-17T22:25:55Z [2026-03-17T22:18:57Z] publish P&L
2026-03-17T22:25:55Z [2026-03-17T22:18:57Z] run D001_build_pnl_daily.py attempt 1
2026-03-17T22:25:55Z [2026-03-17T22:18:57Z] console_write_suppressed stream=stdout error=OSError:[Errno 22] Invalid argument
2026-03-17T22:26:01Z [2026-03-17T22:18:57Z] console_write_suppressed stream=stdout error=OSError:[Errno 22] Invalid argument
2026-03-17T22:26:01Z [2026-03-17T22:18:57Z] console_write_suppressed stream=stdout error=OSError:[Errno 22] Invalid argument
2026-03-17T22:26:01Z [2026-03-17T22:18:57Z] ok D001_build_pnl_daily.py
2026-03-17T22:26:01Z [2026-03-17T22:18:57Z] console_write_suppressed stream=stdout error=OSError:[Errno 22] Invalid argument
2026-03-17T22:26:01Z [2026-03-17T22:18:57Z] cycle sleep 30s
2026-03-17T22:26:31Z [2026-03-17T22:18:57Z] run_once enabled, exiting after single cycle
2026-03-17T22:26:31Z [2026-03-17T22:18:57Z] run A015_build_system_health_check.py profile=b end_of_cycle shadow_legacy
2026-03-17T22:26:32Z [2026-03-17T22:18:57Z] fail A015_build_system_health_check.py profile=b end_of_cycle shadow_legacy rc=120
2026-03-17T22:26:32Z [2026-03-17T22:18:57Z] health_snapshot {"event":"health_snapshot","cycle_start_utc":"2026-03-17T22:18:57Z","health_snapshot_utc":"2026-03-17T19:58:30Z","fail":0,"warn":0,"fail_checks":[],"warn_checks":[],"path":"C:\\Users\\Luke\\Desktop\\SellerOne 2.0\\out\\cycle_alerts\\checklist_B.csv"}
2026-03-17T22:26:32Z [2026-03-17T22:18:57Z] run A015_build_system_health_check.py profile=b shadow_compare
2026-03-17T22:26:32Z [2026-03-17T22:18:57Z] split_health_snapshot {"event":"split_health_snapshot","cycle_start_utc":"2026-03-17T22:18:57Z","health_snapshot_utc":"2026-03-17T19:58:51Z","fail":0,"warn":0,"fail_checks":[],"warn_checks":[],"path":"C:\\Users\\Luke\\Desktop\\SellerOne 2.0\\out\\cycle_alerts\\checklist_B_split.csv"}
2026-03-17T22:26:32Z [2026-03-17T22:18:57Z] split_shadow_compare legacy_fail=0 legacy_warn=0 split_fail=0 split_warn=0 decision_match=1 a_match_streak=0 b_match_streak=2536 e_match_streak=0 ready_for_cutover=0
2026-03-17T22:26:32Z [2026-03-17T22:18:57Z] B_FINALIZE ran rc=0 wrote_health=true reason=run_once_exit
2026-03-17T22:26:32Z [2026-03-17T22:18:57Z] manifest written C:\Users\Luke\Desktop\SellerOne 2.0\out\manifests\B\2026-03-17\B_20260317T221857Z.json
2026-03-17T22:26:32Z [2026-03-17T22:18:57Z] B_EXIT rc=0
2026-03-26T16:05:01Z [2026-03-26T16:05:01Z] split_health mode_requested=shadow mode_effective=shadow
2026-03-26T16:05:01Z [2026-03-26T16:05:01Z] run B001_run_orders_to_sheet.py attempt 1
2026-03-30T18:22:59Z [-] lock_recovered path=C:\Users\Luke\Desktop\SellerOne 2.0\out\systems\B\live\B_cycle.lock reason=dead_pid pid=2168
2026-03-30T18:22:59Z [2026-03-30T18:22:59Z] split_health mode_requested=shadow mode_effective=shadow
2026-03-30T18:22:59Z [2026-03-30T18:22:59Z] run B001_run_orders_to_sheet.py attempt 1
2026-03-30T18:25:42Z [2026-03-30T18:22:59Z] ok B001_run_orders_to_sheet.py
2026-03-30T18:25:42Z [2026-03-30T18:22:59Z] run B002_run_pending_orders_to_sheet.py attempt 1
2026-03-30T18:27:37Z [2026-03-30T18:22:59Z] ok B002_run_pending_orders_to_sheet.py
2026-03-30T18:27:37Z [2026-03-30T18:22:59Z] run B030_sync_token_allocations_from_sheet.py attempt 1
2026-03-30T18:27:38Z [2026-03-30T18:22:59Z] ok B030_sync_token_allocations_from_sheet.py
2026-03-30T18:27:38Z [2026-03-30T18:22:59Z] run B007_allocate_tokens_live.py attempt 1
2026-03-30T18:27:41Z [2026-03-30T18:22:59Z] ok B007_allocate_tokens_live.py
2026-03-30T18:27:41Z [2026-03-30T18:22:59Z] run B025_build_token_cogs_ledger.py attempt 1
2026-03-30T18:27:42Z [2026-03-30T18:22:59Z] ok B025_build_token_cogs_ledger.py
2026-03-30T18:27:42Z [2026-03-30T18:22:59Z] order_master prewait_skipped reason=already_ready l1_age_seconds=121.1 required_stable_seconds=60.0
2026-03-30T18:27:42Z [2026-03-30T18:22:59Z] run B004_build_order_master.py attempt 1
2026-03-30T18:28:28Z [2026-03-30T18:22:59Z] ok B004_build_order_master.py
2026-03-30T18:28:28Z [2026-03-30T18:22:59Z] run B011_recover_l3_orphans.py attempt 1
2026-03-30T18:30:27Z [2026-03-30T18:22:59Z] retry B011_recover_l3_orphans.py in 2.0s; stdout_tail=[B011] marketplace A28R8C7NBKEWEA | [B011] marketplace AZMDEXL2RVFNN
2026-03-30T18:30:30Z [2026-03-30T18:22:59Z] run B011_recover_l3_orphans.py attempt 2
2026-03-30T18:30:30Z [2026-03-30T18:22:59Z] ok B011_recover_l3_orphans.py
2026-03-30T18:30:30Z [2026-03-30T18:22:59Z] run listing_offer collection attempt 1
2026-03-30T18:30:36Z [2026-03-30T18:22:59Z] info listing_offer collection interrupted system_exit_code=130; class=nonfatal; continuing cycle
2026-03-30T18:30:36Z [2026-03-30T18:22:59Z] run refunds_adjustments collection attempt 1
2026-03-30T18:30:36Z [2026-03-30T18:22:59Z] console_write_suppressed stream=stdout error=OSError:[Errno 22] Invalid argument
2026-03-30T18:30:39Z [2026-03-30T18:22:59Z] info refunds_adjustments collection interrupted system_exit_code=130; class=nonfatal; continuing cycle
2026-03-30T18:30:39Z [2026-03-30T18:22:59Z] stock_parking refreshed snapshot_rows=71 parked_rows=0 source=inventory_summaries.csv universe_count=71 output_unique_skus=71 missing_filled_count=0
2026-03-30T18:30:39Z [2026-03-30T18:22:59Z] health_gate snapshot FAIL=0 WARN=1 source=checklist_B.csv
2026-03-30T18:30:39Z [2026-03-30T18:22:59Z] console_write_suppressed stream=stdout error=OSError:[Errno 22] Invalid argument
2026-03-30T18:30:39Z [2026-03-30T18:22:59Z] publish Order_Master
2026-03-30T18:30:39Z [2026-03-30T18:22:59Z] b004_second_run_required reason=input_changed run_id=2026-03-30T18:22:59Z
2026-03-30T18:30:39Z [2026-03-30T18:22:59Z] run B004_build_order_master.py attempt 1
2026-03-30T18:30:39Z [2026-03-30T18:22:59Z] console_write_suppressed stream=stdout error=OSError:[Errno 22] Invalid argument
2026-03-30T18:30:40Z [2026-03-30T18:22:59Z] console_write_suppressed stream=stdout error=OSError:[Errno 22] Invalid argument
2026-03-30T18:30:40Z [2026-03-30T18:22:59Z] console_write_suppressed stream=stdout error=OSError:[Errno 22] Invalid argument
2026-03-30T18:30:40Z [2026-03-30T18:22:59Z] console_write_suppressed stream=stdout error=OSError:[Errno 22] Invalid argument
2026-03-30T18:30:40Z [2026-03-30T18:22:59Z] retry B004_build_order_master.py in 2.0s; stdout_tail={'status': 'warning', 'reason': 'level1_recently_modified', 'path': 'out\\financial_events_level1.csv', 'stable_seconds_required': 60} | {'status': 'error', 'error': 'Level 1 file still updating. Retry after it stabilizes.'}
2026-03-30T18:30:42Z [2026-03-30T18:22:59Z] run B004_build_order_master.py attempt 2
2026-03-30T18:30:42Z [2026-03-30T18:22:59Z] console_write_suppressed stream=stdout error=OSError:[Errno 22] Invalid argument
2026-03-30T18:30:43Z [2026-03-30T18:22:59Z] console_write_suppressed stream=stdout error=OSError:[Errno 22] Invalid argument
2026-03-30T18:30:43Z [2026-03-30T18:22:59Z] console_write_suppressed stream=stdout error=OSError:[Errno 22] Invalid argument
2026-03-30T18:30:43Z [2026-03-30T18:22:59Z] console_write_suppressed stream=stdout error=OSError:[Errno 22] Invalid argument
2026-03-30T18:30:43Z [2026-03-30T18:22:59Z] retry B004_build_order_master.py in 4.0s; stdout_tail={'status': 'warning', 'reason': 'level1_recently_modified', 'path': 'out\\financial_events_level1.csv', 'stable_seconds_required': 60} | {'status': 'error', 'error': 'Level 1 file still updating. Retry after it stabilizes.'}
2026-03-30T18:30:47Z [2026-03-30T18:22:59Z] run B004_build_order_master.py attempt 3
2026-03-30T18:30:47Z [2026-03-30T18:22:59Z] console_write_suppressed stream=stdout error=OSError:[Errno 22] Invalid argument
2026-03-30T18:30:48Z [2026-03-30T18:22:59Z] console_write_suppressed stream=stdout error=OSError:[Errno 22] Invalid argument
2026-03-30T18:30:48Z [2026-03-30T18:22:59Z] console_write_suppressed stream=stdout error=OSError:[Errno 22] Invalid argument
2026-03-30T18:30:48Z [2026-03-30T18:22:59Z] console_write_suppressed stream=stdout error=OSError:[Errno 22] Invalid argument
2026-03-30T18:30:48Z [2026-03-30T18:22:59Z] retry B004_build_order_master.py in 8.0s; stdout_tail={'status': 'warning', 'reason': 'level1_recently_modified', 'path': 'out\\financial_events_level1.csv', 'stable_seconds_required': 60} | {'status': 'error', 'error': 'Level 1 file still updating. Retry after it stabilizes.'}
2026-03-30T18:30:56Z [2026-03-30T18:22:59Z] run B004_build_order_master.py attempt 4
2026-03-30T18:30:56Z [2026-03-30T18:22:59Z] console_write_suppressed stream=stdout error=OSError:[Errno 22] Invalid argument
2026-03-30T18:30:57Z [2026-03-30T18:22:59Z] console_write_suppressed stream=stdout error=OSError:[Errno 22] Invalid argument
2026-03-30T18:30:57Z [2026-03-30T18:22:59Z] console_write_suppressed stream=stdout error=OSError:[Errno 22] Invalid argument
2026-03-30T18:30:57Z [2026-03-30T18:22:59Z] console_write_suppressed stream=stdout error=OSError:[Errno 22] Invalid argument
2026-03-30T18:30:57Z [2026-03-30T18:22:59Z] retry B004_build_order_master.py in 16.0s; stdout_tail={'status': 'warning', 'reason': 'level1_recently_modified', 'path': 'out\\financial_events_level1.csv', 'stable_seconds_required': 60} | {'status': 'error', 'error': 'Level 1 file still updating. Retry after it stabilizes.'}
2026-03-30T18:31:13Z [2026-03-30T18:22:59Z] run B004_build_order_master.py attempt 5
2026-03-30T18:31:13Z [2026-03-30T18:22:59Z] console_write_suppressed stream=stdout error=OSError:[Errno 22] Invalid argument
2026-03-30T18:31:15Z [2026-03-30T18:22:59Z] console_write_suppressed stream=stdout error=OSError:[Errno 22] Invalid argument
2026-03-30T18:31:15Z [2026-03-30T18:22:59Z] console_write_suppressed stream=stdout error=OSError:[Errno 22] Invalid argument
2026-03-30T18:31:15Z [2026-03-30T18:22:59Z] console_write_suppressed stream=stdout error=OSError:[Errno 22] Invalid argument
2026-03-30T18:31:15Z [2026-03-30T18:22:59Z] fail B004_build_order_master.py after 5; stdout_tail={'status': 'info', 'stage': 'load_inputs', 'elapsed_s': 0.0} | {'status': 'warning', 'reason': 'level1_recently_modified', 'path': 'out\\financial_events_level1.csv', 'stable_seconds_required': 60} | {'status': 'error', 'error': 'Level 1 file still updating. Retry after it stabilizes.'}
2026-03-30T18:31:15Z [2026-03-30T18:22:59Z] console_write_suppressed stream=stdout error=OSError:[Errno 22] Invalid argument
2026-03-30T18:31:15Z [2026-03-30T18:22:59Z] publish P&L
2026-03-30T18:31:15Z [2026-03-30T18:22:59Z] run D001_build_pnl_daily.py attempt 1
2026-03-30T18:31:15Z [2026-03-30T18:22:59Z] console_write_suppressed stream=stdout error=OSError:[Errno 22] Invalid argument
2026-03-30T18:31:22Z [2026-03-30T18:22:59Z] console_write_suppressed stream=stdout error=OSError:[Errno 22] Invalid argument
2026-03-30T18:31:22Z [2026-03-30T18:22:59Z] console_write_suppressed stream=stdout error=OSError:[Errno 22] Invalid argument
2026-03-30T18:31:22Z [2026-03-30T18:22:59Z] ok D001_build_pnl_daily.py
2026-03-30T18:31:22Z [2026-03-30T18:22:59Z] console_write_suppressed stream=stdout error=OSError:[Errno 22] Invalid argument
2026-03-30T18:31:22Z [2026-03-30T18:22:59Z] cycle sleep 30s
2026-03-30T18:31:52Z [2026-03-30T18:22:59Z] run_once enabled, exiting after single cycle
2026-03-30T18:31:52Z [2026-03-30T18:22:59Z] run A015_build_system_health_check.py profile=b end_of_cycle shadow_legacy
2026-03-30T18:31:52Z [2026-03-30T18:22:59Z] fail A015_build_system_health_check.py profile=b end_of_cycle shadow_legacy rc=120
2026-03-30T18:31:52Z [2026-03-30T18:22:59Z] health_snapshot {"event":"health_snapshot","cycle_start_utc":"2026-03-30T18:22:59Z","health_snapshot_utc":"2026-03-30T16:21:06Z","fail":0,"warn":1,"fail_checks":[],"warn_checks":["b_cycle_recent_fail_lines"],"path":"C:\\Users\\Luke\\Desktop\\SellerOne 2.0\\out\\cycle_alerts\\checklist_B.csv"}
2026-03-30T18:31:52Z [2026-03-30T18:22:59Z] run A015_build_system_health_check.py profile=b shadow_compare
2026-03-30T18:31:53Z [2026-03-30T18:22:59Z] split_health_snapshot {"event":"split_health_snapshot","cycle_start_utc":"2026-03-30T18:22:59Z","health_snapshot_utc":"2026-03-30T16:00:38Z","fail":0,"warn":0,"fail_checks":[],"warn_checks":[],"path":"C:\\Users\\Luke\\Desktop\\SellerOne 2.0\\out\\cycle_alerts\\checklist_B_split.csv"}
2026-03-30T18:31:53Z [2026-03-30T18:22:59Z] split_shadow_compare legacy_fail=0 legacy_warn=1 split_fail=0 split_warn=0 decision_match=1 a_match_streak=0 b_match_streak=4680 e_match_streak=0 ready_for_cutover=0
2026-03-30T18:31:53Z [2026-03-30T18:22:59Z] B_FINALIZE ran rc=0 wrote_health=true reason=run_once_exit
2026-03-30T18:31:53Z [2026-03-30T18:22:59Z] manifest written C:\Users\Luke\Desktop\SellerOne 2.0\out\manifests\B\2026-03-30\B_20260330T182259Z.json
2026-03-30T18:31:53Z [2026-03-30T18:22:59Z] B_EXIT rc=0
2026-03-30T18:33:25Z [2026-03-30T18:33:25Z] split_health mode_requested=shadow mode_effective=shadow
2026-03-30T18:33:25Z [2026-03-30T18:33:25Z] run B001_run_orders_to_sheet.py attempt 1
2026-03-30T18:34:19Z [2026-03-30T18:33:25Z] ok B001_run_orders_to_sheet.py
2026-03-30T18:34:19Z [2026-03-30T18:33:25Z] skip B002_run_pending_orders_to_sheet.py (last run 403s ago)
2026-03-30T18:34:19Z [2026-03-30T18:33:25Z] run B030_sync_token_allocations_from_sheet.py attempt 1
2026-03-30T18:34:20Z [2026-03-30T18:33:25Z] ok B030_sync_token_allocations_from_sheet.py
2026-03-30T18:34:20Z [2026-03-30T18:33:25Z] run B007_allocate_tokens_live.py attempt 1
2026-03-30T18:34:23Z [2026-03-30T18:33:25Z] ok B007_allocate_tokens_live.py
2026-03-30T18:34:23Z [2026-03-30T18:33:25Z] run B025_build_token_cogs_ledger.py attempt 1
2026-03-30T18:34:24Z [2026-03-30T18:33:25Z] ok B025_build_token_cogs_ledger.py
2026-03-30T18:34:24Z [2026-03-30T18:33:25Z] order_master prewait l1_age_seconds=5.5 required_stable_seconds=60.0 sleep_seconds=5.0
2026-03-30T18:34:29Z [2026-03-30T18:33:25Z] order_master prewait l1_age_seconds=10.5 required_stable_seconds=60.0 sleep_seconds=5.0
2026-03-30T18:34:34Z [2026-03-30T18:33:25Z] order_master prewait l1_age_seconds=15.5 required_stable_seconds=60.0 sleep_seconds=5.0
2026-03-30T18:34:39Z [2026-03-30T18:33:25Z] order_master prewait l1_age_seconds=20.5 required_stable_seconds=60.0 sleep_seconds=5.0
2026-03-30T18:34:44Z [2026-03-30T18:33:25Z] order_master prewait l1_age_seconds=25.5 required_stable_seconds=60.0 sleep_seconds=5.0
2026-03-30T18:34:49Z [2026-03-30T18:33:25Z] order_master prewait l1_age_seconds=30.5 required_stable_seconds=60.0 sleep_seconds=5.0
2026-03-30T18:34:54Z [2026-03-30T18:33:25Z] order_master prewait l1_age_seconds=35.5 required_stable_seconds=60.0 sleep_seconds=5.0
2026-03-30T18:34:59Z [2026-03-30T18:33:25Z] order_master prewait l1_age_seconds=40.5 required_stable_seconds=60.0 sleep_seconds=5.0
2026-03-30T18:35:04Z [2026-03-30T18:33:25Z] order_master prewait l1_age_seconds=45.5 required_stable_seconds=60.0 sleep_seconds=5.0
2026-03-30T18:35:09Z [2026-03-30T18:33:25Z] order_master prewait l1_age_seconds=50.5 required_stable_seconds=60.0 sleep_seconds=5.0
2026-03-30T18:35:14Z [2026-03-30T18:33:25Z] order_master prewait l1_age_seconds=55.5 required_stable_seconds=60.0 sleep_seconds=4.5
2026-03-30T18:35:18Z [2026-03-30T18:33:25Z] order_master prewait_shortened waited_seconds=54.5 l1_age_seconds=60.0 required_stable_seconds=60.0
2026-03-30T18:35:18Z [2026-03-30T18:33:25Z] run B004_build_order_master.py attempt 1
2026-03-30T18:36:06Z [2026-03-30T18:33:25Z] ok B004_build_order_master.py
2026-03-30T18:36:06Z [2026-03-30T18:33:25Z] run B011_recover_l3_orphans.py attempt 1
2026-03-30T18:36:07Z [2026-03-30T18:33:25Z] ok B011_recover_l3_orphans.py
2026-03-30T18:36:07Z [2026-03-30T18:33:25Z] run listing_offer collection attempt 1
2026-03-30T18:36:13Z [2026-03-30T18:33:25Z] info listing_offer collection interrupted system_exit_code=130; class=nonfatal; continuing cycle
2026-03-30T18:36:13Z [2026-03-30T18:33:25Z] run refunds_adjustments collection attempt 1
2026-03-30T18:36:13Z [2026-03-30T18:33:25Z] console_write_suppressed stream=stdout error=OSError:[Errno 22] Invalid argument
2026-03-30T18:36:16Z [2026-03-30T18:33:25Z] info refunds_adjustments collection interrupted system_exit_code=130; class=nonfatal; continuing cycle
2026-03-30T18:36:16Z [2026-03-30T18:33:25Z] stock_parking refreshed snapshot_rows=71 parked_rows=0 source=inventory_summaries.csv universe_count=71 output_unique_skus=71 missing_filled_count=0
2026-03-30T18:36:16Z [2026-03-30T18:33:25Z] health_gate snapshot FAIL=0 WARN=1 source=checklist_B.csv
2026-03-30T18:36:16Z [2026-03-30T18:33:25Z] console_write_suppressed stream=stdout error=OSError:[Errno 22] Invalid argument
2026-03-30T18:36:16Z [2026-03-30T18:33:25Z] publish Order_Master
2026-03-30T18:36:16Z [2026-03-30T18:33:25Z] b004_second_run_skipped reason=no_input_change publish_mode=existing_artifact run_id=2026-03-30T18:33:25Z
2026-03-30T18:36:16Z [2026-03-30T18:33:25Z] run B004_build_order_master.py attempt 1
2026-03-30T18:36:16Z [2026-03-30T18:33:25Z] console_write_suppressed stream=stdout error=OSError:[Errno 22] Invalid argument
2026-03-30T18:36:38Z [2026-03-30T18:33:25Z] console_write_suppressed stream=stdout error=OSError:[Errno 22] Invalid argument
2026-03-30T18:36:38Z [2026-03-30T18:33:25Z] console_write_suppressed stream=stdout error=OSError:[Errno 22] Invalid argument
2026-03-30T18:36:38Z [2026-03-30T18:33:25Z] ok B004_build_order_master.py
2026-03-30T18:36:38Z [2026-03-30T18:33:25Z] console_write_suppressed stream=stdout error=OSError:[Errno 22] Invalid argument
2026-03-30T18:36:38Z [2026-03-30T18:33:25Z] publish P&L
2026-03-30T18:36:38Z [2026-03-30T18:33:25Z] run D001_build_pnl_daily.py attempt 1
2026-03-30T18:36:38Z [2026-03-30T18:33:25Z] console_write_suppressed stream=stdout error=OSError:[Errno 22] Invalid argument
2026-03-30T18:36:46Z [2026-03-30T18:33:25Z] console_write_suppressed stream=stdout error=OSError:[Errno 22] Invalid argument
2026-03-30T18:36:46Z [2026-03-30T18:33:25Z] console_write_suppressed stream=stdout error=OSError:[Errno 22] Invalid argument
2026-03-30T18:36:46Z [2026-03-30T18:33:25Z] ok D001_build_pnl_daily.py
2026-03-30T18:36:46Z [2026-03-30T18:33:25Z] console_write_suppressed stream=stdout error=OSError:[Errno 22] Invalid argument
2026-03-30T18:36:46Z [2026-03-30T18:33:25Z] cycle sleep 30s
2026-03-30T18:37:16Z [2026-03-30T18:33:25Z] run_once enabled, exiting after single cycle
2026-03-30T18:37:16Z [2026-03-30T18:33:25Z] run A015_build_system_health_check.py profile=b end_of_cycle shadow_legacy
2026-03-30T18:37:17Z [2026-03-30T18:33:25Z] fail A015_build_system_health_check.py profile=b end_of_cycle shadow_legacy rc=120
2026-03-30T18:37:17Z [2026-03-30T18:33:25Z] health_snapshot {"event":"health_snapshot","cycle_start_utc":"2026-03-30T18:33:25Z","health_snapshot_utc":"2026-03-30T16:21:06Z","fail":0,"warn":1,"fail_checks":[],"warn_checks":["b_cycle_recent_fail_lines"],"path":"C:\\Users\\Luke\\Desktop\\SellerOne 2.0\\out\\cycle_alerts\\checklist_B.csv"}
2026-03-30T18:37:17Z [2026-03-30T18:33:25Z] run A015_build_system_health_check.py profile=b shadow_compare
2026-03-30T18:37:18Z [2026-03-30T18:33:25Z] split_health_snapshot {"event":"split_health_snapshot","cycle_start_utc":"2026-03-30T18:33:25Z","health_snapshot_utc":"2026-03-30T16:00:38Z","fail":0,"warn":0,"fail_checks":[],"warn_checks":[],"path":"C:\\Users\\Luke\\Desktop\\SellerOne 2.0\\out\\cycle_alerts\\checklist_B_split.csv"}
2026-03-30T18:37:18Z [2026-03-30T18:33:25Z] split_shadow_compare legacy_fail=0 legacy_warn=1 split_fail=0 split_warn=0 decision_match=1 a_match_streak=0 b_match_streak=4681 e_match_streak=0 ready_for_cutover=0
2026-03-30T18:37:18Z [2026-03-30T18:33:25Z] B_FINALIZE ran rc=0 wrote_health=true reason=run_once_exit
2026-03-30T18:37:18Z [2026-03-30T18:33:25Z] manifest written C:\Users\Luke\Desktop\SellerOne 2.0\out\manifests\B\2026-03-30\B_20260330T183325Z.json
2026-03-30T18:37:18Z [2026-03-30T18:33:25Z] B_EXIT rc=0
2026-03-30T18:38:43Z [2026-03-30T18:38:43Z] split_health mode_requested=shadow mode_effective=shadow
2026-03-30T18:38:43Z [2026-03-30T18:38:43Z] run B001_run_orders_to_sheet.py attempt 1
2026-03-30T18:39:01Z [2026-03-30T18:38:43Z] ok B001_run_orders_to_sheet.py
2026-03-30T18:39:01Z [2026-03-30T18:38:43Z] skip B002_run_pending_orders_to_sheet.py (last run 684s ago)
2026-03-30T18:39:01Z [2026-03-30T18:38:43Z] run B030_sync_token_allocations_from_sheet.py attempt 1
2026-03-30T18:39:02Z [2026-03-30T18:38:43Z] ok B030_sync_token_allocations_from_sheet.py
2026-03-30T18:39:02Z [2026-03-30T18:38:43Z] run B007_allocate_tokens_live.py attempt 1
2026-03-30T18:39:05Z [2026-03-30T18:38:43Z] ok B007_allocate_tokens_live.py
2026-03-30T18:39:05Z [2026-03-30T18:38:43Z] run B025_build_token_cogs_ledger.py attempt 1
2026-03-30T18:39:06Z [2026-03-30T18:38:43Z] ok B025_build_token_cogs_ledger.py
2026-03-30T18:39:06Z [2026-03-30T18:38:43Z] order_master prewait l1_age_seconds=6.0 required_stable_seconds=60.0 sleep_seconds=5.0
2026-03-30T18:39:11Z [2026-03-30T18:38:43Z] order_master prewait l1_age_seconds=11.0 required_stable_seconds=60.0 sleep_seconds=5.0
2026-03-30T18:39:16Z [2026-03-30T18:38:43Z] order_master prewait l1_age_seconds=16.0 required_stable_seconds=60.0 sleep_seconds=5.0
2026-03-30T18:39:21Z [2026-03-30T18:38:43Z] order_master prewait l1_age_seconds=21.0 required_stable_seconds=60.0 sleep_seconds=5.0
2026-03-30T18:39:26Z [2026-03-30T18:38:43Z] order_master prewait l1_age_seconds=26.0 required_stable_seconds=60.0 sleep_seconds=5.0
2026-03-30T18:39:31Z [2026-03-30T18:38:43Z] order_master prewait l1_age_seconds=31.0 required_stable_seconds=60.0 sleep_seconds=5.0
2026-03-30T18:39:36Z [2026-03-30T18:38:43Z] order_master prewait l1_age_seconds=36.0 required_stable_seconds=60.0 sleep_seconds=5.0
2026-03-30T18:39:41Z [2026-03-30T18:38:43Z] order_master prewait l1_age_seconds=41.0 required_stable_seconds=60.0 sleep_seconds=5.0
2026-03-30T18:39:46Z [2026-03-30T18:38:43Z] order_master prewait l1_age_seconds=46.0 required_stable_seconds=60.0 sleep_seconds=5.0
2026-03-31T07:49:43Z [2026-03-31T07:49:43Z] split_health mode_requested=shadow mode_effective=shadow
2026-03-31T07:49:43Z [2026-03-31T07:49:43Z] run B001_run_orders_to_sheet.py attempt 1
2026-03-31T07:50:05Z [2026-03-31T07:49:43Z] ok B001_run_orders_to_sheet.py
2026-03-31T07:50:05Z [2026-03-31T07:49:43Z] run B002_run_pending_orders_to_sheet.py attempt 1
2026-03-31T07:52:02Z [2026-03-31T07:49:43Z] ok B002_run_pending_orders_to_sheet.py
2026-03-31T07:52:02Z [2026-03-31T07:49:43Z] run B030_sync_token_allocations_from_sheet.py attempt 1
2026-03-31T07:52:02Z [2026-03-31T07:49:43Z] ok B030_sync_token_allocations_from_sheet.py
2026-03-31T07:52:02Z [2026-03-31T07:49:43Z] run B007_allocate_tokens_live.py attempt 1
2026-03-31T07:52:05Z [2026-03-31T07:49:43Z] ok B007_allocate_tokens_live.py
2026-03-31T07:52:05Z [2026-03-31T07:49:43Z] run B025_build_token_cogs_ledger.py attempt 1
2026-03-31T07:52:06Z [2026-03-31T07:49:43Z] ok B025_build_token_cogs_ledger.py
2026-03-31T07:52:06Z [2026-03-31T07:49:43Z] order_master prewait_skipped reason=already_ready l1_age_seconds=8826.3 required_stable_seconds=60.0
2026-03-31T07:52:06Z [2026-03-31T07:49:43Z] run B004_build_order_master.py attempt 1
2026-03-31T07:52:55Z [2026-03-31T07:49:43Z] ok B004_build_order_master.py
2026-03-31T07:52:55Z [2026-03-31T07:49:43Z] run B011_recover_l3_orphans.py attempt 1
2026-03-31T07:55:02Z [2026-03-31T07:49:43Z] retry B011_recover_l3_orphans.py in 2.0s; stdout_tail=[B011] marketplace A28R8C7NBKEWEA | [B011] marketplace AZMDEXL2RVFNN
2026-03-31T07:55:04Z [2026-03-31T07:49:43Z] run B011_recover_l3_orphans.py attempt 2
2026-03-31T07:55:05Z [2026-03-31T07:49:43Z] ok B011_recover_l3_orphans.py
2026-03-31T07:55:05Z [2026-03-31T07:49:43Z] run listing_offer collection attempt 1
2026-03-31T07:55:22Z [2026-03-31T07:49:43Z] info listing_offer collection interrupted system_exit_code=130; class=nonfatal; continuing cycle
2026-03-31T07:55:22Z [2026-03-31T07:49:43Z] run refunds_adjustments collection attempt 1
2026-03-31T07:55:25Z [2026-03-31T07:49:43Z] info refunds_adjustments collection interrupted system_exit_code=130; class=nonfatal; continuing cycle
2026-03-31T07:55:25Z [2026-03-31T07:49:43Z] stock_parking refreshed snapshot_rows=71 parked_rows=0 source=inventory_summaries.csv universe_count=71 output_unique_skus=71 missing_filled_count=0
2026-03-31T07:55:25Z [2026-03-31T07:49:43Z] health_gate snapshot FAIL=0 WARN=0 source=checklist_B.csv
2026-03-31T07:55:25Z [2026-03-31T07:49:43Z] publish Order_Master
2026-03-31T07:55:25Z [2026-03-31T07:49:43Z] b004_second_run_required reason=input_changed run_id=2026-03-31T07:49:43Z
2026-03-31T07:55:25Z [2026-03-31T07:49:43Z] run B004_build_order_master.py attempt 1
2026-03-31T07:55:27Z [2026-03-31T07:49:43Z] retry B004_build_order_master.py in 2.0s; stdout_tail={'status': 'warning', 'reason': 'level1_recently_modified', 'path': 'out\\financial_events_level1.csv', 'stable_seconds_required': 60} | {'status': 'error', 'error': 'Level 1 file still updating. Retry after it stabilizes.'}
2026-03-31T07:55:29Z [2026-03-31T07:49:43Z] run B004_build_order_master.py attempt 2
2026-03-31T07:55:30Z [2026-03-31T07:49:43Z] retry B004_build_order_master.py in 4.0s; stdout_tail={'status': 'warning', 'reason': 'level1_recently_modified', 'path': 'out\\financial_events_level1.csv', 'stable_seconds_required': 60} | {'status': 'error', 'error': 'Level 1 file still updating. Retry after it stabilizes.'}
2026-03-31T07:55:34Z [2026-03-31T07:49:43Z] run B004_build_order_master.py attempt 3
2026-03-31T07:55:35Z [2026-03-31T07:49:43Z] retry B004_build_order_master.py in 8.0s; stdout_tail={'status': 'warning', 'reason': 'level1_recently_modified', 'path': 'out\\financial_events_level1.csv', 'stable_seconds_required': 60} | {'status': 'error', 'error': 'Level 1 file still updating. Retry after it stabilizes.'}
2026-03-31T07:55:43Z [2026-03-31T07:49:43Z] run B004_build_order_master.py attempt 4
2026-03-31T07:55:45Z [2026-03-31T07:49:43Z] retry B004_build_order_master.py in 16.0s; stdout_tail={'status': 'warning', 'reason': 'level1_recently_modified', 'path': 'out\\financial_events_level1.csv', 'stable_seconds_required': 60} | {'status': 'error', 'error': 'Level 1 file still updating. Retry after it stabilizes.'}
2026-03-31T07:56:01Z [2026-03-31T07:49:43Z] run B004_build_order_master.py attempt 5
2026-03-31T07:57:10Z [2026-03-31T07:49:43Z] ok B004_build_order_master.py
2026-03-31T07:57:10Z [2026-03-31T07:49:43Z] publish P&L
2026-03-31T07:57:10Z [2026-03-31T07:49:43Z] run D001_build_pnl_daily.py attempt 1
2026-03-31T07:57:16Z [2026-03-31T07:49:43Z] ok D001_build_pnl_daily.py
2026-03-31T07:57:16Z [2026-03-31T07:49:43Z] cycle sleep 30s
2026-03-31T07:57:46Z [2026-03-31T07:49:43Z] run_once enabled, exiting after single cycle
2026-03-31T07:57:46Z [2026-03-31T07:49:43Z] run A015_build_system_health_check.py profile=b end_of_cycle shadow_legacy
2026-03-31T07:58:22Z [2026-03-31T07:49:43Z] ok A015_build_system_health_check.py profile=b end_of_cycle shadow_legacy
2026-03-31T07:58:22Z [2026-03-31T07:49:43Z] health_snapshot {"event":"health_snapshot","cycle_start_utc":"2026-03-31T07:49:43Z","health_snapshot_utc":"2026-03-31T07:58:22Z","fail":0,"warn":0,"fail_checks":[],"warn_checks":[],"path":"C:\\Users\\Luke\\Desktop\\SellerOne 2.0\\out\\cycle_alerts\\checklist_B.csv"}
2026-03-31T07:58:22Z [2026-03-31T07:49:43Z] run A015_build_system_health_check.py profile=b shadow_compare
2026-03-31T07:58:28Z [2026-03-31T07:49:43Z] split_health_snapshot {"event":"split_health_snapshot","cycle_start_utc":"2026-03-31T07:49:43Z","health_snapshot_utc":"2026-03-31T07:58:28Z","fail":0,"warn":0,"fail_checks":[],"warn_checks":[],"path":"C:\\Users\\Luke\\Desktop\\SellerOne 2.0\\out\\cycle_alerts\\checklist_B_split.csv"}
2026-03-31T07:58:28Z [2026-03-31T07:49:43Z] split_shadow_compare legacy_fail=0 legacy_warn=0 split_fail=0 split_warn=0 decision_match=1 a_match_streak=0 b_match_streak=4719 e_match_streak=0 ready_for_cutover=0
2026-03-31T07:58:28Z [2026-03-31T07:49:43Z] B_FINALIZE ran rc=0 wrote_health=true reason=run_once_exit
2026-03-31T07:58:28Z [2026-03-31T07:49:43Z] manifest written C:\Users\Luke\Desktop\SellerOne 2.0\out\manifests\B\2026-03-31\B_20260331T074943Z.json
2026-03-31T07:58:28Z [2026-03-31T07:49:43Z] B_EXIT rc=0
2026-03-31T21:14:43Z [2026-03-31T21:14:43Z] split_health mode_requested=shadow mode_effective=shadow
2026-03-31T21:14:43Z [2026-03-31T21:14:43Z] run B001_run_orders_to_sheet.py attempt 1
2026-03-31T21:15:01Z [2026-03-31T21:14:43Z] ok B001_run_orders_to_sheet.py
2026-03-31T21:15:01Z [2026-03-31T21:14:43Z] run B002_run_pending_orders_to_sheet.py attempt 1
2026-03-31T21:15:04Z [2026-03-31T21:14:43Z] step_failure_detail B002_run_pending_orders_to_sheet.py; rc=3221225786; attempt=1
2026-03-31T21:15:21Z [-] lock_recovered path=C:\Users\Luke\Desktop\SellerOne 2.0\out\systems\B\live\B_cycle.lock reason=dead_pid pid=8336
2026-03-31T21:15:21Z [2026-03-31T21:15:21Z] split_health mode_requested=shadow mode_effective=shadow
2026-03-31T21:15:21Z [2026-03-31T21:15:21Z] run B001_run_orders_to_sheet.py attempt 1
2026-03-31T21:15:37Z [2026-03-31T21:15:21Z] ok B001_run_orders_to_sheet.py
2026-03-31T21:15:37Z [2026-03-31T21:15:21Z] run B002_run_pending_orders_to_sheet.py attempt 1
2026-04-01T08:40:56Z [-] FATAL direct_worker_start_blocked missing_supervisor_owner; use run_B_cycle.bat or set B_ALLOW_DIRECT_WORKER_START=1
2026-04-01T08:41:05Z [-] FATAL direct_worker_start_blocked missing_supervisor_owner; use run_B_cycle.bat or set B_ALLOW_DIRECT_WORKER_START=1
2026-04-01T22:32:20Z [-] lock_recovered path=C:\Users\Luke\Desktop\SellerOne 2.0\out\systems\B\live\B_cycle.lock reason=dead_pid pid=18488
2026-04-01T22:32:20Z [2026-04-01T22:32:20Z] split_health mode_requested=shadow mode_effective=shadow
2026-04-01T22:32:20Z [2026-04-01T22:32:20Z] run B001_run_orders_to_sheet.py attempt 1
2026-04-01T22:32:37Z [2026-04-01T22:32:20Z] ok B001_run_orders_to_sheet.py
2026-04-01T22:32:37Z [2026-04-01T22:32:20Z] run B002_run_pending_orders_to_sheet.py attempt 1
2026-04-01T22:35:03Z [2026-04-01T22:32:20Z] ok B002_run_pending_orders_to_sheet.py
2026-04-01T22:35:03Z [2026-04-01T22:32:20Z] run B030_sync_token_allocations_from_sheet.py attempt 1
2026-04-01T22:35:04Z [2026-04-01T22:32:20Z] ok B030_sync_token_allocations_from_sheet.py
2026-04-01T22:35:04Z [2026-04-01T22:32:20Z] run B007_allocate_tokens_live.py attempt 1
2026-04-01T22:35:07Z [2026-04-01T22:32:20Z] ok B007_allocate_tokens_live.py
2026-04-01T22:35:07Z [2026-04-01T22:32:20Z] run B025_build_token_cogs_ledger.py attempt 1
2026-04-01T22:35:09Z [2026-04-01T22:32:20Z] ok B025_build_token_cogs_ledger.py
2026-04-01T22:35:09Z [2026-04-01T22:32:20Z] order_master prewait_skipped reason=already_ready l1_age_seconds=152.7 required_stable_seconds=60.0
2026-04-01T22:35:09Z [2026-04-01T22:32:20Z] run B004_build_order_master.py attempt 1
2026-04-01T22:36:01Z [2026-04-01T22:32:20Z] ok B004_build_order_master.py
2026-04-01T22:36:01Z [2026-04-01T22:32:20Z] run B011_recover_l3_orphans.py attempt 1
2026-04-28T08:41:44Z [-] FATAL direct_worker_start_blocked missing_supervisor_owner; use run_B_cycle.bat or set B_ALLOW_DIRECT_WORKER_START=1
2026-04-28T08:44:51Z [-] owner_chain override=B_ALLOW_DIRECT_WORKER_START
2026-04-28T08:44:51Z [-] maintenance ready (before cycle start); current cycle finished request_id=mot_b_classification_retry_20260428_094221
2026-04-28T08:44:51Z [-] maintenance pause (before cycle start); sleeping 900s, check back in 13 minutes
2026-04-28T08:59:51Z [-] maintenance pause (before cycle start); sleeping 900s, check back in 13 minutes
2026-04-28T09:14:51Z [-] maintenance pause (before cycle start); sleeping 900s, check back in 13 minutes
2026-04-28T09:29:51Z [-] maintenance pause (before cycle start); sleeping 900s, check back in 13 minutes
2026-04-28T09:44:51Z [-] console_write_suppressed stream=stdout error=OSError:[Errno 22] Invalid argument
2026-04-28T09:44:51Z [-] maintenance pause (before cycle start); sleeping 900s, check back in 13 minutes
2026-04-28T12:56:18Z [-] FATAL direct_worker_start_blocked missing_supervisor_owner; use run_B_cycle.bat or set B_ALLOW_DIRECT_WORKER_START=1
2026-05-18T11:59:21Z [-] manifest written C:\Users\Luke\AppData\Local\Temp\pytest-of-Luke\pytest-1151\test_manifest_flush_records_ga0\repo\out\manifests\B\2026-05-18\B_TEST_GATE_STATE.json
2026-05-18T12:00:44Z [-] manifest written C:\Users\Luke\AppData\Local\Temp\pytest-of-Luke\pytest-1152\test_manifest_flush_records_ga0\repo\out\manifests\B\2026-05-18\B_TEST_GATE_STATE.json
2026-05-18T12:02:45Z [-] manifest written C:\Users\Luke\AppData\Local\Temp\pytest-of-Luke\pytest-1153\test_manifest_flush_records_ga0\repo\out\manifests\B\2026-05-18\B_TEST_GATE_STATE.json
2026-05-18T12:05:02Z [-] manifest written C:\Users\Luke\AppData\Local\Temp\pytest-of-Luke\pytest-1154\test_manifest_flush_records_ga0\repo\out\manifests\B\2026-05-18\B_TEST_GATE_STATE.json
2026-05-18T13:47:13Z [-] manifest written C:\Users\Luke\AppData\Local\Temp\pytest-of-Luke\pytest-1155\test_manifest_flush_records_ga0\repo\out\manifests\B\2026-05-18\B_TEST_GATE_STATE.json
2026-05-18T13:48:26Z [-] manifest written C:\Users\Luke\AppData\Local\Temp\pytest-of-Luke\pytest-1156\test_manifest_flush_records_ga0\repo\out\manifests\B\2026-05-18\B_TEST_GATE_STATE.json
2026-05-18T13:55:46Z [-] manifest written C:\Users\Luke\AppData\Local\Temp\pytest-of-Luke\pytest-1158\test_manifest_flush_records_ga0\repo\out\manifests\B\2026-05-18\B_TEST_GATE_STATE.json
