asin,status,item_name,brand_name,product_type,main_image,upc,ean,gtin,parent_asin,color,size,manufacturer,part_number,model_number,package_weight_value,package_weight_unit,package_length,package_width,package_height,package_dimension_unit,item_length,item_width,item_height,item_dimension_unit,bullet_points,keywords,error
B07H2WXMDJ,200,"Skinny Food Co Sugar Free Maple Syrup 425ml - Zero Calorie Syrup For Breakfast, Snacks, Drinks & Desserts - Vegan, Gluten-free, Keto & Paleo Friendly Maple Syrup - Sugar Free Maple Syrup UK",,SYRUP,https://m.media-amazon.com/images/I/81Px1xJFiwL.jpg,680243951729,0680243951729,,,Colored,425 ml (Pack of 1),The Skinny Food Co,,,,,,,,,,,,,,,
B09NQD4S5N,200,"The Army Painter Speedpaint Zealot Yellow 2.0, Single Acrylic Paint 18ml One-coat Painting Soloution For Fantasy Tabletop Miniatures Like Warhammer 40k and Dungeons And Dragons Figures",,PAINT,https://m.media-amazon.com/images/I/61H9ZassLIL.jpg,,5713799201385,05713799201385,,Yellow,1 ml (1er Pack),The Army Painter,,,,,,,,,,,,,,,
B002KFZKZ8,200,"Zyliss E46145 Strongboy 2 Jar Opener, Plastic/Metal, White, Adjustable Grip to Open Opens Jar/Bottle Lids/Caps",,CAN_OPENER,https://m.media-amazon.com/images/I/31F7JfiGRlL.jpg,,5011268893742,05011268911323,,White,29.5cm/11.5in,DkbHouseholdUkLtd,,,,,,,,,,,,,,,
B0DN6KL887,200,ECO CHIC Lightweight Foldable Reusable Shopping Bag Water Resistant Tote Bag (Cosy Camping Blue),,TOTE_BAG,https://m.media-amazon.com/images/I/61238UQYV9L.jpg,,5061017932987,,,Cosy Camping Blue,One Size,ECO CHIC,,,,,,,,,,,,,,,
B06XGSJS7N,200,"Ultimate Guard UGD010696 Boulder Deck Case, 100 Plus, standard size, malachite",,STORAGE_BOX,https://m.media-amazon.com/images/I/51qKt3O0w9L.jpg,,4056133006194,04056133006194,,Malachite,100+,Ultimate Guard,,,,,,,,,,,,,,,
B00WI8O0RG,200,100 Ultra Pro Card Protector Sleeves: Pro-Matte - 66 x 91 mm,,CARD_DOCUMENT_SLEEVE,https://m.media-amazon.com/images/I/41xo7bwm0xL.jpg,074427845155,0074427845155,00074427845155,,Black / Black,100ct,Ultra Pro,,,,,,,,,,,,,,,
B000Q351JG,200,Jojoba Blending Oil,,BODY_LUBRICANT,https://m.media-amazon.com/images/I/61mD8nKHQ0L.jpg,,5017402006801,05017402006801,,Jojoba,100 ml (Pack of 1),First Natural Brands Ltd,,,,,,,,,,,,,,,
B010E25DI2,200,100 Ultra Pro Card Protector Sleeves: Pro-Matte - 66 x 91 mm,,CARD_DOCUMENT_SLEEVE,https://m.media-amazon.com/images/I/51nvQiFduWL.jpg,074427845179,0074427845179,00074427845179,,Green,,Ultra Pro,,,,,,,,,,,,,,,
B0C9LJNJWZ,200,"LEXIBOOK, Barbie, Educational and Bilingual Laptop in English/French, Toy for children with 124 activities to learn, play games and music, Pink, JC598BBi1",,ELECTRONIC_LEARNING_TOY,https://m.media-amazon.com/images/I/81TJrqeG8JL.jpg,,3380743096117,,,Pink,M,Lexibook,,,,,,,,,,,,,,,
B00ANP09LM,200,"Easycook NS613R Easy Cook Polly Carbonate Non-Staining Microwave Sauce Pan and Lid, Red",,COOKING_POT,https://m.media-amazon.com/images/I/61PEfYuQXvL.jpg,,5060064096130,05060064096130,,Red,0.5 Litres,Pendeford,,,,,,,,,,,,,,,
B08MW8XMNQ,200,Piksters Eco Charcoal 30 Floss Picks - Pack of 1,,DENTAL_FLOSS,https://m.media-amazon.com/images/I/81rYMMDuXqL.jpg,,9336628005563,,,,30 count (Pack of 1),DHB,,,,,,,,,,,,,,,
B000PSB13C,200,Marshalltown The Premier Line GB692 12-Inch by 24-Inch Vinyl Grout Bag with Metal Tip,,SEALANT,https://m.media-amazon.com/images/I/21HbOZL5xjL.jpg,035965078184,0035965078184,00035965078184,,Multi,One Size,Marshalltown The Premier Line,,,,,,,,,,,,,,,
B06WW79DX5,200,3 X Everbuild CYN20 20g General Purpose Industrial Superglue,,BONDING_ADHESIVES,https://m.media-amazon.com/images/I/81tysH80DZL.jpg,,5039164200648,,,Clear,20g,Everbuild,,,,,,,,,,,,,,,
B002BX8ZFG,200,"Fackelmann OPAL Pizza Wheel, Pizza Cutter & Slicer, Super Sharp Blade, Stainless Steel, 18.5x5x1.2cm, Silver",,WHEEL_CUTTER,https://m.media-amazon.com/images/I/414DudnlCbL.jpg,,4008033404372,04008033404372,,Silver,18.5x5 x1.2cm,Fackelmann,,,,,,,,,,,,,,,
9189143051,200,Free League FLF-ALE014 ALIEN RPG Destroyer of Worlds Game,,GAMES,https://m.media-amazon.com/images/I/61qpeYKd65L.jpg,,9789189143050,09789189143050,,Multicolor,Standard,Free League Publishing,,,,,,,,,,,,,,,
B081Q9CFGC,200,OceanSaver Anti-Bac Cleaning EcoDrop | Anti-Bacterial Multipurpose Cleaning Spray | Ocean Mist | Eco Friendly Cleaning (1 Pack),,CLEANING_AGENT,https://m.media-amazon.com/images/I/61zecJlVl-L.jpg,,5060727260069,,,,1 count (Pack of 1),OceanSaver,,,,,,,,,,,,,,,
B01NBDFDBC,200,"Yale YES-CYLPULL-CH Essentials Rim Cylinder Door Pull, Great for External Doors, for Easy Door Closing, Chrome Finish",,HARDWARE_HANDLE,https://m.media-amazon.com/images/I/41JBynoU9AL.jpg,,5011802251854,05011802251854,,Chrome,,Yale,,,,,,,,,,,,,,,
B004GFPFBO,200,Funko POP! Movies : Freddy Krueger - Nightmare on Elm Street - Collectable Vinyl Figure - Gift Idea - Official Merchandise - Toys for Kids & Adults - Movies Fans - Model Figure for Collectors,,FIGURINE,https://m.media-amazon.com/images/I/71R1ToiJaoS.jpg,713807532123,0713807532123,00830395022918,,Multicolor,One Size,Funko,,,,,,,,,,,,,,,
B07W45L22P,200,Funko POP! Star Wars: the Mandalorian - Big Tom - Heavy Infantry Mandalorian - Collectable Vinyl Figure - Gift Idea - Official Merchandise - Toys for Kids & Adults - TV Fans,,FIGURINE,https://m.media-amazon.com/images/I/71nNTiFyJAL.jpg,889698455404,0889698455404,00889698455404,,Multicolor,,Funko,,,,,,,,,,,,,,,
B08WPCW7TH,200,"Moo Free White Chocolate Bars - Dairy Free, Gluten Free & Vegan (20g)",,CHOCOLATE_CANDY,https://m.media-amazon.com/images/I/61J4r97FIFL.jpg,,5060235830945,05060235830945,,Blue,1 count,Moo Free,,,,,,,,,,,,,,,
B00D1V5FPU,200,"Bosch 2608831003 ""SDS Plus-3"" Hammer Drill Bit, 0 V, Grey, 5 x 100 x 160 mm",,DRILL_BITS,https://m.media-amazon.com/images/I/31A8pqqVwrL.jpg,,6949509209344,06949509209344,,Grey,5 x 100 x 160 mm,Bosch,,,,,,,,,,,,,,,
B0B2RBG672,200,"Salt of the Earth - Natural Deodorant Roll on Refill - x7 Uses - Amber & Sandalwood - 100% Natural Origin Ingredients - Vegan - Suitable for Men, Women & Children - 525ml",,BODY_DEODORANT,https://m.media-amazon.com/images/I/41IA0HhuYFL.jpg,,5025452001875,05025452001875,,WHITE,525 ml (Pack of 1),Crystal Spring,,,,,,,,,,,,,,,
B0BBHBX72C,200,"OtterBox Defender Case for iPad 10th gen 2022, iPad 11th gen 2025 (A16), Shockproof, Rugged Protective Case with built in Screen Protector, 2x Tested to Military Standard, Black, No Retail Packaging",,PORTABLE_ELECTRONIC_DEVICE_COVER,https://m.media-amazon.com/images/I/312jd7aajNL.jpg,840262399692,0840262399692,00840262399692,,Black,Defender Series,Otterbox,,,,,,,,,,,,,,,
B00BEUFYE2,200,"Tala Adjustable Cake Leveller, Stainless Steel Wire Cutter for Even Cake Layers, Multi-Height Settings for Cakes up to 25cm Wide, Perfect for Leveling & Decorating Sponges",,KITCHEN_KNIFE,https://m.media-amazon.com/images/I/71Wd99xaORL.jpg,,5012904097449,05012904097449,,Pink,Up to 30cm,Dayes,,,,,,,,,,,,,,,
B07BC1CMDK,200,"Amtech V4075 P240 Hook and Loop Orbital Sanding Sheets, 10 Piece Set, 115mm Diameter Sanding Paper",,ABRASIVE_SHEETS,https://m.media-amazon.com/images/I/A1dQ64V7FjL.jpg,,5032759048571,05032759048571,,Red,115mm,DK Tools,,,,,,,,,,,,,,,
B006PFN3BW,200,Everbuild Industrial Grade Superglue GP 50 g Pack of 3,,BONDING_ADHESIVES,https://m.media-amazon.com/images/I/41y5LjKd7aL.jpg,610708898375,0610708898375,,,Clear,,Everbuild,,,,,,,,,,,,,,,
B0001P15T4,200,"Vitrex 10 2280 Grout Finisher, Blue",,SEALANT,https://m.media-amazon.com/images/I/61Gf0NeeSPL.jpg,,5011204022809,,,Blue,,Vitrex,,,,,,,,,,,,,,,
B08M52B4M5,200,Moo Free Dairy Free Chocolate Buttons (25g),,CHOCOLATE_CANDY,https://m.media-amazon.com/images/I/71w1kAnRz+L.jpg,,5060235831003,,,Milk,25 g (Pack of 1),Moo Free,,,,,,,,,,,,,,,
B086MBW9R9,200,"The Army Painter Lowland Shrubs, 77 Self Adhesive Static Grass Tufts in 3 Sizes, for Model Bases, Terrain Scenics, Miniature Bases and Diorama Base, Green Grass Tufts for Gaming Bases",,ART_SUPPLIES,https://m.media-amazon.com/images/I/61KaZlO4c9L.jpg,,5713799423206,,,Multicoloured,,The Army Painter,,,,,,,,,,,,,,,
B0897VHKW6,200,Hilltop Maple Syrup - Very Dark Late Harvest - Squeezy Bottle - 230g,,SYRUP,https://m.media-amazon.com/images/I/61lWpmxhgIL.jpg,,5060298572752,05060298572752,,,230 g (Pack of 1),Hilltop Honey,,,,,,,,,,,,,,,
B01CKK8CU2,200,5 Ultra Pro 130pt Magnetic One Touch Card Holders (5 Total) 81721 - Fits Cards Up to 130 Point in Thickness,,CARD_DOCUMENT_SLEEVE,https://m.media-amazon.com/images/I/51NCisDDbIL.jpg,074427817213,0074427817213,,,Clear,One Size,Ultra Pro,,,,,,,,,,,,,,,
B0CG234KW1,200,Snackles Small Sized 14 cm by ZURU Cuddly Squishy Comfort Plush with License Snack Brand Accessory (Random Assortment),,TOY_FIGURE,https://m.media-amazon.com/images/I/81qhs67srjL.jpg,193052060655,0193052060655,00193052060655,,Series 1 Wave 2,Small (14 cm),ZURU,,,,,,,,,,,,,,,
B0012B80HG,200,"Kitchen Devils S8602003 Lifestyle Kitchen Knife, Black, 30x8.5x2 cm",,KITCHEN_KNIFE,https://m.media-amazon.com/images/I/412V6V3BO5L.jpg,,5010624437224,05010624437224,,Black,1 cm,Kitchen Devils,,,,,,,,,,,,,,,
B07F1MFWV1,200,"Skinny Food Co Salted Caramel Zero Calorie Syrup 425ml - Sugar Free Salted Caramel Syrup For Snacks, Drinks & Desserts - Vegan, Gluten-free, Keto & Paleo Friendly Caramel Syrup - Salted Caramel Syrup",,SYRUP,https://m.media-amazon.com/images/I/71TPjMVes1L.jpg,680243951699,0680243951699,,,White,425 ml (Pack of 1),The Skinny Food Co,,,,,,,,,,,,,,,
B0052VXJGO,200,"Fackelmann OPAL Skimmer, Straining Spoon, Frying Strainer, Fine Mesh, Medium Spider Ladle Stainless Steel, 37.5x12x5.5cm, Silver",,SPOON,https://m.media-amazon.com/images/I/51519TUOuxL.jpg,,4008033406741,04008033406741,,Silver,37.5x12x5.5cm,Fackelmann GmbH + Co. KG,,,,,,,,,,,,,,,
B001Q77TI2,200,"Ultra Pro 81181 3"" x 4"" Clear Thick 55PT Toploaders (25ct)",,CARD_DOCUMENT_SLEEVE,https://m.media-amazon.com/images/I/41EqYc59lnL.jpg,074427811815,0074427811815,00074427811815,,Clear,81181,Ultra Pro,,,,,,,,,,,,,,,
B001ET78RY,200,Avalon Organics Rosemary Volumizing Conditioner 325ml Pack of 3,,CONDITIONER,https://m.media-amazon.com/images/I/71P0sKuhUKL.jpg,,,10654749351601,,,325 ml (Pack of 3),Kinetic Enterprises Ltd,,,,,,,,,,,,,,,
B0073FT7FY,200,TEPE INTERDENTAL Travel CASE,,TOOTHBRUSH,https://m.media-amazon.com/images/I/713x3IdBnyL.jpg,,7317400004457,07317400010090,,Colour Cannot Be Selected,1 count (Pack of 1),Tepe,,,,,,,,,,,,,,,
B07QQDMJ6M,200,The Army Painter | Hobby: Super Glue,,BONDING_ADHESIVES,https://m.media-amazon.com/images/I/41q1bQa3UxL.jpg,,5713799201408,05713799201408,,White,,The Army Painter,,,,,,,,,,,,,,,
B07RZBBG14,200,"Dragon Shield AT-13201 Standard Size Perfect Fit Sealable (100 Sleeves), clear",,CARD_DOCUMENT_SLEEVE,https://m.media-amazon.com/images/I/61Bg00ah3-L.jpg,,5706569132019,05706569132019,,Cream,Standard Card Size,Dragon Shield,,,,,,,,,,,,,,,
B005F5TRBI,200,"Croydex White Button Shower Curtain Rings 12pk, 75g, 34F",,CURTAIN_FASTENER,https://m.media-amazon.com/images/I/31P6owy3K7L.jpg,,5012044060198,05012044060198,,White,75g,Croydex,,,,,,,,,,,,,,,
B08L3FB3G2,200,Ultimate Guard Katana Sleeves Japanese Size Black (60),,CARD_DOCUMENT_SLEEVE,https://m.media-amazon.com/images/I/81b3cVchhbL.jpg,,4056133014885,,,Black,Japanese,Ultimate Guard,,,,,,,,,,,,,,,
B0009JJZ8A,200,"Fackelmann Sieve 15cm⌀, Strainer, Fine Mesh, Stainless Steel, 15x20x32.5cm, Silver",,FOOD_STRAINER,https://m.media-amazon.com/images/I/61+NWXEsooL.jpg,,4008033424400,04008033424400,,Silver,15cm,Fackelmann,,,,,,,,,,,,,,,
B09M3PQRBG,200,Curaprox Kids Toothpaste – Ages 2+ | Strawberry Flavour | Protects Milk Teeth with 950 ppm Fluoride | Gentle Formula | 60 ml | Made in Switzerland,,TOOTH_CLEANING_AGENT,https://m.media-amazon.com/images/I/61RjmLUJeYL.jpg,,7612412429473,07612412429473,,Clear,60 ml (Pack of 1),Curaden,,,,,,,,,,,,,,,
B00000IU72,200,"BRIO 33344 Mechanical Switches Wooden Train Track for Kids Age 3 Years Up - Compatible with all BRIO Railway Sets & Accessories, Multicoloured",,TOY_MODEL_VEHICLE_TRACK,https://m.media-amazon.com/images/I/71J9qCmIGjL.jpg,,7312350333442,07312350333442,,Multicoloured,Brio 33344,BRIO,,,,,,,,,,,,,,,
B09M3PFZC8,200,Curaprox Kids Toothpaste – Fluoride-Free for Toddlers | Strawberry Flavour | Gentle Protection from First Tooth | 60ml | Made in Switzerland,,TOOTH_CLEANING_AGENT,https://m.media-amazon.com/images/I/5165wja5WrL.jpg,,7612412429466,07612412429466,,Clear,60 ml (Pack of 1),Curaden,,,,,,,,,,,,,,,
B00LXM3PGK,200,SupaDec Sugar Soap 500ml,,SKIN_CLEANING_AGENT,https://m.media-amazon.com/images/I/51hRuV83wwL.jpg,,5017193008565,,,,500 ml (Pack of 1),Supadec,,,,,,,,,,,,,,,
B007YX9O9E,200,"SanDisk Cruzer Glide 32 GB USB Flash Drive USB 2.0 , Black & Red",,FLASH_DRIVE,https://m.media-amazon.com/images/I/41bb6wrza-L.jpg,619659075576,0619659075576,,,Black & Red,32 GB,SanDisk,,,,,,,,,,,,,,,
B09NQCV872,200,"The Army Painter Speedpaint Sand Golem 2.0, Single Acrylic Paint 18ml One-coat Painting Soloution For Fantasy Tabletop Miniatures Like Warhammer 40k and Dungeons And Dragons Figures",,PAINT,https://m.media-amazon.com/images/I/41gU9SaKVhL.jpg,,5713799202085,05713799202085,,Sand Golem,18ml,The Army Painter,,,,,,,,,,,,,,,
B0001P0DLU,200,Loctite 319 Rear View Mirror Bonder 0.5ml,,BONDING_ADHESIVES,https://m.media-amazon.com/images/I/51FQNDSqzNL.jpg,,5010266168227,05010266168227,,Clear,1 - Pack,Henkel,,,,,,,,,,,,,,,
B07H2WXMDJ,200,"Skinny Food Co Sugar Free Maple Syrup 425ml - Zero Calorie Syrup For Breakfast, Snacks, Drinks & Desserts - Vegan, Gluten-free, Keto & Paleo Friendly Maple Syrup - Sugar Free Maple Syrup UK",,SYRUP,https://m.media-amazon.com/images/I/51wYyQ03wBL.jpg,680243951729,0680243951729,,,Colored,425 ml (Pack of 1),The Skinny Food Co,,,0.458,kilograms,"{'unit': 'centimeters', 'value': 5.207}","{'unit': 'centimeters', 'value': 8.509}","{'unit': 'centimeters', 'value': 16.1036}",,"{'unit': 'centimeters', 'value': 8.0}","{'unit': 'centimeters', 'value': 8.0}","{'unit': 'centimeters', 'value': 15.0}",,,,
B09NQD4S5N,200,"The Army Painter Speedpaint Zealot Yellow 2.0, Single Acrylic Paint 18ml One-coat Painting Soloution For Fantasy Tabletop Miniatures Like Warhammer 40k and Dungeons And Dragons Figures",,PAINT,https://m.media-amazon.com/images/I/41XkVK1CFaL.jpg,,5713799201385,05713799201385,,Yellow,1 ml (1er Pack),The Army Painter,,,0.018,kilograms,"{'unit': 'centimeters', 'value': 2.6924}","{'unit': 'centimeters', 'value': 6.5024}","{'unit': 'centimeters', 'value': 7.3914}",,"{'unit': 'millimeters', 'value': 75.0}","{'unit': 'millimeters', 'value': 78.0}","{'unit': 'millimeters', 'value': 50.0}",,,,
B002KFZKZ8,200,"Zyliss E46145 Strongboy 2 Jar Opener, Plastic/Metal, White, Adjustable Grip to Open Opens Jar/Bottle Lids/Caps",,CAN_OPENER,https://m.media-amazon.com/images/I/71Yo37WqIVL.jpg,,5011268893742,05011268911323,,White,29.5cm/11.5in,DkbHouseholdUkLtd,,,0.16,kilograms,"{'unit': 'centimeters', 'value': 3.9}","{'unit': 'centimeters', 'value': 8.9}","{'unit': 'centimeters', 'value': 29.5}",,"{'unit': 'centimeters', 'value': 29.5}","{'unit': 'centimeters', 'value': 10.0}","{'unit': 'centimeters', 'value': 4.0}",,,,
B0DN6KL887,200,ECO CHIC Lightweight Foldable Reusable Shopping Bag Water Resistant Tote Bag (Cosy Camping Blue),,TOTE_BAG,https://m.media-amazon.com/images/I/41Vd5riBadL.jpg,,5061017932987,,,Cosy Camping Blue,One Size,ECO CHIC,,,0.05,kilograms,"{'unit': 'centimeters', 'value': 2.5}","{'unit': 'centimeters', 'value': 10.6}","{'unit': 'centimeters', 'value': 11.5}",,"{'unit': 'inches', 'value': 15.0}","{'unit': 'inches', 'value': 3.9}","{'unit': 'inches', 'value': 22.0}",,,,
B06XGSJS7N,200,"Ultimate Guard UGD010696 Boulder Deck Case, 100 Plus, standard size, malachite",,STORAGE_BOX,https://m.media-amazon.com/images/I/31BYfSYjDqL.jpg,,4056133006194,04056133006194,,Malachite,100+,Ultimate Guard,,,0.15,kilograms,"{'unit': 'centimeters', 'value': 7.8}","{'unit': 'centimeters', 'value': 7.9}","{'unit': 'centimeters', 'value': 10.6}",,"{'unit': 'inches', 'value': 3.87795485}","{'unit': 'inches', 'value': 2.9921276}","{'unit': 'inches', 'value': 2.9527575}",,,,
B00WI8O0RG,200,100 Ultra Pro Card Protector Sleeves: Pro-Matte - 66 x 91 mm,,CARD_DOCUMENT_SLEEVE,https://m.media-amazon.com/images/I/319eOzz5LFL.jpg,074427845155,0074427845155,00074427845155,,Black / Black,100ct,Ultra Pro,,,0.11,kilograms,"{'unit': 'centimeters', 'value': 1.5}","{'unit': 'centimeters', 'value': 11.6}","{'unit': 'centimeters', 'value': 18.2}",,"{'unit': 'centimeters', 'value': 9.1}","{'unit': 'centimeters', 'value': 6.6}","{'unit': 'inches', 'value': 0.1}",,,,
B000Q351JG,200,Jojoba Blending Oil,,BODY_LUBRICANT,https://m.media-amazon.com/images/I/31QYgcuMFFL.jpg,,5017402006801,05017402006801,,Jojoba,100 ml (Pack of 1),First Natural Brands Ltd,,,0.1,kilograms,"{'unit': 'centimeters', 'value': 3.6}","{'unit': 'centimeters', 'value': 3.9}","{'unit': 'centimeters', 'value': 11.2}",,"{'unit': 'inches', 'value': 1.6}","{'unit': 'inches', 'value': 1.6}","{'unit': 'inches', 'value': 4.6}",,,,
B010E25DI2,200,100 Ultra Pro Card Protector Sleeves: Pro-Matte - 66 x 91 mm,,CARD_DOCUMENT_SLEEVE,https://m.media-amazon.com/images/I/31NMQGpbeqL.jpg,074427845179,0074427845179,00074427845179,,Green,,Ultra Pro,,,0.11,kilograms,"{'unit': 'centimeters', 'value': 3.8}","{'unit': 'centimeters', 'value': 10.9}","{'unit': 'centimeters', 'value': 17.7}",,"{'unit': 'centimeters', 'value': 30.0}","{'unit': 'centimeters', 'value': 6.6}","{'unit': 'centimeters', 'value': 9.1}",,,,
B0C9LJNJWZ,200,"LEXIBOOK, Barbie, Educational and Bilingual Laptop in English/French, Toy for children with 124 activities to learn, play games and music, Pink, JC598BBi1",,ELECTRONIC_LEARNING_TOY,https://m.media-amazon.com/images/I/51x6FZOj2jL.jpg,,3380743096117,,,Pink,M,Lexibook,,,0.82,kilograms,"{'unit': 'centimeters', 'value': 12.3}","{'unit': 'centimeters', 'value': 32.4}","{'unit': 'centimeters', 'value': 35.29}",,"{'unit': 'centimeters', 'value': 24.0}","{'unit': 'centimeters', 'value': 18.0}","{'unit': 'centimeters', 'value': 3.6}",,,,
B00ANP09LM,200,"Easycook NS613R Easy Cook Polly Carbonate Non-Staining Microwave Sauce Pan and Lid, Red",,COOKING_POT,https://m.media-amazon.com/images/I/41lNnF6kEUL.jpg,,5060064096130,05060064096130,,Red,0.5 Litres,Pendeford,,,0.27,kilograms,"{'unit': 'centimeters', 'value': 11.6}","{'unit': 'centimeters', 'value': 23.5}","{'unit': 'centimeters', 'value': 30.4}",,"{'unit': 'inches', 'value': 10.24}","{'unit': 'inches', 'value': 6.3}","{'unit': 'inches', 'value': 4.8}",,,,
B08MW8XMNQ,200,Piksters Eco Charcoal 30 Floss Picks - Pack of 1,,DENTAL_FLOSS,https://m.media-amazon.com/images/I/41q4qL5uAXL.jpg,,9336628005563,,,,30 count (Pack of 1),DHB,,,0.042,kilograms,"{'unit': 'centimeters', 'value': 1.9}","{'unit': 'centimeters', 'value': 6.6}","{'unit': 'centimeters', 'value': 9.6}",,"{'unit': 'centimeters', 'value': 1.9}","{'unit': 'centimeters', 'value': 6.6}","{'unit': 'centimeters', 'value': 9.7}",,,,
B000PSB13C,200,Marshalltown The Premier Line GB692 12-Inch by 24-Inch Vinyl Grout Bag with Metal Tip,,SEALANT,https://m.media-amazon.com/images/I/613r9ejsR-L.jpg,035965078184,0035965078184,00035965078184,,Multi,One Size,Marshalltown The Premier Line,,,0.1595,kilograms,"{'unit': 'centimeters', 'value': 3.6}","{'unit': 'centimeters', 'value': 16.2}","{'unit': 'centimeters', 'value': 32.6}",,"{'unit': 'millimeters', 'value': 595.0}","{'unit': 'millimeters', 'value': 337.0}","{'unit': 'millimeters', 'value': 29.0}",,,,
B06WW79DX5,200,3 X Everbuild CYN20 20g General Purpose Industrial Superglue,,BONDING_ADHESIVES,https://m.media-amazon.com/images/I/41Q9JXTKDWL.jpg,,5039164200648,,,Clear,20g,Everbuild,,,0.09,kilograms,"{'unit': 'centimeters', 'value': 3.5}","{'unit': 'centimeters', 'value': 12.6}","{'unit': 'centimeters', 'value': 14.2}",,"{'unit': 'inches', 'value': 1.18}","{'unit': 'inches', 'value': 1.18}","{'unit': 'inches', 'value': 3.54}",,,,
B002BX8ZFG,200,"Fackelmann OPAL Pizza Wheel, Pizza Cutter & Slicer, Super Sharp Blade, Stainless Steel, 18.5x5x1.2cm, Silver",,WHEEL_CUTTER,https://m.media-amazon.com/images/I/31ealfN1czL.jpg,,4008033404372,04008033404372,,Silver,18.5x5 x1.2cm,Fackelmann,,,0.28,kilograms,"{'unit': 'centimeters', 'value': 1.7}","{'unit': 'centimeters', 'value': 23.6}","{'unit': 'centimeters', 'value': 31.9}",,"{'unit': 'inches', 'value': 7.3}","{'unit': 'inches', 'value': 0.49}","{'unit': 'inches', 'value': 1.96}",,,,
9189143051,200,Free League FLF-ALE014 ALIEN RPG Destroyer of Worlds Game,,GAMES,https://m.media-amazon.com/images/I/41y8UWp6A0L.jpg,,9789189143050,09789189143050,,Multicolor,Standard,Free League Publishing,,,0.948,kilograms,"{'unit': 'centimeters', 'value': 2.794}","{'unit': 'centimeters', 'value': 23.1902}","{'unit': 'centimeters', 'value': 28.9052}",,"{'unit': 'inches', 'value': 8.5}","{'unit': 'inches', 'value': 11.0}","{'unit': 'inches', 'value': 0.5}",,,,
B081Q9CFGC,200,OceanSaver Anti-Bac Cleaning EcoDrop | Anti-Bacterial Multipurpose Cleaning Spray | Ocean Mist | Eco Friendly Cleaning (1 Pack),,CLEANING_AGENT,https://m.media-amazon.com/images/I/41stG1i9RYL.jpg,,5060727260069,,,,1 count (Pack of 1),OceanSaver,,,0.02,kilograms,"{'unit': 'centimeters', 'value': 2.3}","{'unit': 'centimeters', 'value': 4.1}","{'unit': 'centimeters', 'value': 11.1}",,,,,,,,
B01NBDFDBC,200,"Yale YES-CYLPULL-CH Essentials Rim Cylinder Door Pull, Great for External Doors, for Easy Door Closing, Chrome Finish",,HARDWARE_HANDLE,https://m.media-amazon.com/images/I/31RbkOTmIbL.jpg,,5011802251854,05011802251854,,Chrome,,Yale,,,0.08,kilograms,"{'unit': 'centimeters', 'value': 1.2}","{'unit': 'centimeters', 'value': 9.8}","{'unit': 'centimeters', 'value': 14.4}",,"{'unit': 'centimeters', 'value': 7.3}","{'unit': 'centimeters', 'value': 3.8}","{'unit': 'centimeters', 'value': 0.6}",,,,
B004GFPFBO,200,Funko POP! Movies : Freddy Krueger - Nightmare on Elm Street - Collectable Vinyl Figure - Gift Idea - Official Merchandise - Toys for Kids & Adults - Movies Fans - Model Figure for Collectors,,FIGURINE,https://m.media-amazon.com/images/I/41UlqoPxt2S.jpg,713807532123,0713807532123,00830395022918,,Multicolor,One Size,Funko,,,0.16,kilograms,"{'unit': 'centimeters', 'value': 9.0}","{'unit': 'centimeters', 'value': 11.5}","{'unit': 'centimeters', 'value': 16.5}",,"{'unit': 'inches', 'value': 2.0}","{'unit': 'inches', 'value': 2.5}","{'unit': 'inches', 'value': 3.75}",,,,
B07W45L22P,200,Funko POP! Star Wars: the Mandalorian - Big Tom - Heavy Infantry Mandalorian - Collectable Vinyl Figure - Gift Idea - Official Merchandise - Toys for Kids & Adults - TV Fans,,FIGURINE,https://m.media-amazon.com/images/I/41sCBldvtgL.jpg,889698455404,0889698455404,00889698455404,,Multicolor,,Funko,,,0.168,kilograms,"{'unit': 'centimeters', 'value': 8.9916}","{'unit': 'centimeters', 'value': 11.9126}","{'unit': 'centimeters', 'value': 16.1036}",,"{'unit': 'inches', 'value': 2.5}","{'unit': 'inches', 'value': 2.5}","{'unit': 'inches', 'value': 3.75}",,,,
B08WPCW7TH,200,"Moo Free White Chocolate Bars - Dairy Free, Gluten Free & Vegan (20g)",,CHOCOLATE_CANDY,https://m.media-amazon.com/images/I/41qQZUCIQNL.jpg,,5060235830945,05060235830945,,Blue,1 count,Moo Free,,,20.0,grams,"{'unit': 'centimeters', 'value': 0.5}","{'unit': 'centimeters', 'value': 4.0}","{'unit': 'centimeters', 'value': 14.0}",,"{'unit': 'centimeters', 'value': 0.0}","{'unit': 'centimeters', 'value': 0.0}","{'unit': 'centimeters', 'value': 0.0}",,,,
B00D1V5FPU,200,"Bosch 2608831003 ""SDS Plus-3"" Hammer Drill Bit, 0 V, Grey, 5 x 100 x 160 mm",,DRILL_BITS,https://m.media-amazon.com/images/I/21IxQYuIX3L.jpg,,6949509209344,06949509209344,,Grey,5 x 100 x 160 mm,Bosch,,,0.04,kilograms,"{'unit': 'centimeters', 'value': 1.4}","{'unit': 'centimeters', 'value': 2.8}","{'unit': 'centimeters', 'value': 25.3}",,"{'unit': 'centimeters', 'value': 25.5}","{'unit': 'centimeters', 'value': 2.7}","{'unit': 'centimeters', 'value': 1.0}",,,,
B0B2RBG672,200,"Salt of the Earth - Natural Deodorant Roll on Refill - x7 Uses - Amber & Sandalwood - 100% Natural Origin Ingredients - Vegan - Suitable for Men, Women & Children - 525ml",,BODY_DEODORANT,https://m.media-amazon.com/images/I/71NfVXw8OrL.jpg,,5025452001875,05025452001875,,WHITE,525 ml (Pack of 1),Crystal Spring,,,0.584,kilograms,"{'unit': 'centimeters', 'value': 6.9}","{'unit': 'centimeters', 'value': 7.3}","{'unit': 'centimeters', 'value': 22.2}",,,,,,,,
B0BBHBX72C,200,"OtterBox Defender Case for iPad 10th gen 2022, iPad 11th gen 2025 (A16), Shockproof, Rugged Protective Case with built in Screen Protector, 2x Tested to Military Standard, Black, No Retail Packaging",,PORTABLE_ELECTRONIC_DEVICE_COVER,https://m.media-amazon.com/images/I/51dRH7TTdwL.jpg,840262399692,0840262399692,00840262399692,,Black,Defender Series,Otterbox,,,0.48,kilograms,"{'unit': 'centimeters', 'value': 3.0}","{'unit': 'centimeters', 'value': 19.4}","{'unit': 'centimeters', 'value': 26.3}",,"{'unit': 'inches', 'value': 11.69}","{'unit': 'inches', 'value': 8.19}","{'unit': 'inches', 'value': 1.13}",,,,
B00BEUFYE2,200,"Tala Adjustable Cake Leveller, Stainless Steel Wire Cutter for Even Cake Layers, Multi-Height Settings for Cakes up to 25cm Wide, Perfect for Leveling & Decorating Sponges",,KITCHEN_KNIFE,https://m.media-amazon.com/images/I/41-Rz8zSIGL.jpg,,5012904097449,05012904097449,,Pink,Up to 30cm,Dayes,,,0.09,kilograms,"{'unit': 'centimeters', 'value': 0.7}","{'unit': 'centimeters', 'value': 15.8}","{'unit': 'centimeters', 'value': 31.4}",,"{'unit': 'centimeters', 'value': 25.0}","{'unit': 'centimeters', 'value': 17.0}","{'unit': 'centimeters', 'value': 0.6}",,,,
B07BC1CMDK,200,"Amtech V4075 P240 Hook and Loop Orbital Sanding Sheets, 10 Piece Set, 115mm Diameter Sanding Paper",,ABRASIVE_SHEETS,https://m.media-amazon.com/images/I/41TdYBO6bUL.jpg,,5032759048571,05032759048571,,Red,115mm,DK Tools,,,0.065,kilograms,"{'unit': 'centimeters', 'value': 1.0}","{'unit': 'centimeters', 'value': 12.0}","{'unit': 'centimeters', 'value': 15.9}",,"{'unit': 'centimeters', 'value': 16.0}","{'unit': 'centimeters', 'value': 12.0}","{'unit': 'centimeters', 'value': 1.0}",,,,
B006PFN3BW,200,Everbuild Industrial Grade Superglue GP 50 g Pack of 3,,BONDING_ADHESIVES,https://m.media-amazon.com/images/I/41y5LjKd7aL.jpg,610708898375,0610708898375,,,Clear,,Everbuild,,,0.18,kilograms,"{'unit': 'centimeters', 'value': 7.0}","{'unit': 'centimeters', 'value': 7.6}","{'unit': 'centimeters', 'value': 10.0}",,"{'unit': 'centimeters', 'value': 1.0}","{'unit': 'centimeters', 'value': 1.0}","{'unit': 'centimeters', 'value': 1.0}",,,,
B0001P15T4,200,"Vitrex 10 2280 Grout Finisher, Blue",,SEALANT,https://m.media-amazon.com/images/I/41K+BsHfBfL.jpg,,5011204022809,,,Blue,,Vitrex,,,0.01,kilograms,"{'unit': 'centimeters', 'value': 0.7}","{'unit': 'centimeters', 'value': 6.9}","{'unit': 'centimeters', 'value': 16.9}",,"{'unit': 'inches', 'value': 0.47}","{'unit': 'inches', 'value': 7.17}","{'unit': 'inches', 'value': 3.15}",,,,
B08M52B4M5,200,Moo Free Dairy Free Chocolate Buttons (25g),,CHOCOLATE_CANDY,https://m.media-amazon.com/images/I/51itmf-zNbL.jpg,,5060235831003,,,Milk,25 g (Pack of 1),Moo Free,,,0.02,kilograms,"{'unit': 'centimeters', 'value': 1.4}","{'unit': 'centimeters', 'value': 8.7}","{'unit': 'centimeters', 'value': 12.0}",,"{'unit': 'millimeters', 'value': 10.0}","{'unit': 'millimeters', 'value': 90.0}","{'unit': 'millimeters', 'value': 120.0}",,,,
B086MBW9R9,200,"The Army Painter Lowland Shrubs, 77 Self Adhesive Static Grass Tufts in 3 Sizes, for Model Bases, Terrain Scenics, Miniature Bases and Diorama Base, Green Grass Tufts for Gaming Bases",,ART_SUPPLIES,https://m.media-amazon.com/images/I/41sto4Bz99L.jpg,,5713799423206,,,Multicoloured,,The Army Painter,,,0.019,kilograms,"{'unit': 'centimeters', 'value': 2.0}","{'unit': 'centimeters', 'value': 6.5}","{'unit': 'centimeters', 'value': 20.0}",,"{'unit': 'inches', 'value': 2.0}","{'unit': 'inches', 'value': 5.0}","{'unit': 'inches', 'value': 0.09}",,,,
B0897VHKW6,200,Hilltop Maple Syrup - Very Dark Late Harvest - Squeezy Bottle - 230g,,SYRUP,https://m.media-amazon.com/images/I/413RANxZz9L.jpg,,5060298572752,05060298572752,,,230 g (Pack of 1),Hilltop Honey,,,0.25,kilograms,"{'unit': 'centimeters', 'value': 4.0}","{'unit': 'centimeters', 'value': 6.8}","{'unit': 'centimeters', 'value': 12.0}",,"{'unit': 'centimeters', 'value': 2.9}","{'unit': 'centimeters', 'value': 4.9}","{'unit': 'centimeters', 'value': 12.1}",,,,
B01CKK8CU2,200,5 Ultra Pro 130pt Magnetic One Touch Card Holders (5 Total) 81721 - Fits Cards Up to 130 Point in Thickness,,CARD_DOCUMENT_SLEEVE,https://m.media-amazon.com/images/I/41EKirynlTL.jpg,074427817213,0074427817213,,,Clear,One Size,Ultra Pro,,,0.059,kilograms,"{'unit': 'centimeters', 'value': 1.1938}","{'unit': 'centimeters', 'value': 6.604}","{'unit': 'centimeters', 'value': 8.7884}",,"{'unit': 'centimeters', 'value': 4.9}","{'unit': 'centimeters', 'value': 9.7}","{'unit': 'centimeters', 'value': 14.1}",,,,
B0CG234KW1,200,Snackles Small Sized 14 cm by ZURU Cuddly Squishy Comfort Plush with License Snack Brand Accessory (Random Assortment),,TOY_FIGURE,https://m.media-amazon.com/images/I/51FXLwFoP1L.jpg,193052060655,0193052060655,00193052060655,,Series 1 Wave 2,Small (14 cm),ZURU,,,0.2,kilograms,"{'unit': 'centimeters', 'value': 12.0}","{'unit': 'centimeters', 'value': 16.7}","{'unit': 'centimeters', 'value': 23.1}",,"{'unit': 'centimeters', 'value': 11.5}","{'unit': 'centimeters', 'value': 11.5}","{'unit': 'centimeters', 'value': 11.5}",,,,
B0012B80HG,200,"Kitchen Devils S8602003 Lifestyle Kitchen Knife, Black, 30x8.5x2 cm",,KITCHEN_KNIFE,https://m.media-amazon.com/images/I/21WhYVriZwL.jpg,,5010624437224,05010624437224,,Black,1 cm,Kitchen Devils,,,0.05,kilograms,"{'unit': 'centimeters', 'value': 1.8}","{'unit': 'centimeters', 'value': 7.3}","{'unit': 'centimeters', 'value': 27.8}",,"{'unit': 'centimeters', 'value': 30.0}","{'unit': 'centimeters', 'value': 8.5}","{'unit': 'centimeters', 'value': 2.0}",,,,
B07F1MFWV1,200,"Skinny Food Co Salted Caramel Zero Calorie Syrup 425ml - Sugar Free Salted Caramel Syrup For Snacks, Drinks & Desserts - Vegan, Gluten-free, Keto & Paleo Friendly Caramel Syrup - Salted Caramel Syrup",,SYRUP,https://m.media-amazon.com/images/I/41RdDAerrML.jpg,680243951699,0680243951699,,,White,425 ml (Pack of 1),The Skinny Food Co,,,0.472,kilograms,"{'unit': 'centimeters', 'value': 5.3086}","{'unit': 'centimeters', 'value': 8.6106}","{'unit': 'centimeters', 'value': 16.2052}",,"{'unit': 'centimeters', 'value': 8.0}","{'unit': 'centimeters', 'value': 8.0}","{'unit': 'centimeters', 'value': 15.0}",,,,
B0052VXJGO,200,"Fackelmann OPAL Skimmer, Straining Spoon, Frying Strainer, Fine Mesh, Medium Spider Ladle Stainless Steel, 37.5x12x5.5cm, Silver",,SPOON,https://m.media-amazon.com/images/I/31PqjlY4yiL.jpg,,4008033406741,04008033406741,,Silver,37.5x12x5.5cm,Fackelmann GmbH + Co. KG,,,0.09,kilograms,"{'unit': 'centimeters', 'value': 3.9}","{'unit': 'centimeters', 'value': 12.0}","{'unit': 'centimeters', 'value': 36.4}",,"{'unit': 'centimeters', 'value': 12.0}","{'unit': 'centimeters', 'value': 5.5}","{'unit': 'centimeters', 'value': 37.5}",,,,
B001Q77TI2,200,"Ultra Pro 81181 3"" x 4"" Clear Thick 55PT Toploaders (25ct)",,CARD_DOCUMENT_SLEEVE,https://m.media-amazon.com/images/I/61ng1GVZNsL.jpg,074427811815,0074427811815,00074427811815,,Clear,81181,Ultra Pro,,,0.19,kilograms,"{'unit': 'centimeters', 'value': 5.6}","{'unit': 'centimeters', 'value': 8.1}","{'unit': 'centimeters', 'value': 10.4}",,"{'unit': 'inches', 'value': 3.0}","{'unit': 'inches', 'value': 4.0}","{'unit': 'inches', 'value': 4.5}",,,,
B001ET78RY,200,Avalon Organics Rosemary Volumizing Conditioner 325ml Pack of 3,,CONDITIONER,https://m.media-amazon.com/images/I/41uIQ7EEN7L.jpg,,,10654749351601,,,325 ml (Pack of 3),Kinetic Enterprises Ltd,,,1.03,kilograms,"{'unit': 'centimeters', 'value': 6.6}","{'unit': 'centimeters', 'value': 21.1}","{'unit': 'centimeters', 'value': 22.9}",,"{'unit': 'inches', 'value': 3.0}","{'unit': 'inches', 'value': 7.25}","{'unit': 'inches', 'value': 1.75}",,,,
B0073FT7FY,200,TEPE INTERDENTAL Travel CASE,,TOOTHBRUSH,https://m.media-amazon.com/images/I/41xVodpUBKL.jpg,,7317400004457,07317400010090,,Colour Cannot Be Selected,1 count (Pack of 1),Tepe,,,0.01,kilograms,"{'unit': 'centimeters', 'value': 1.4}","{'unit': 'centimeters', 'value': 7.7}","{'unit': 'centimeters', 'value': 7.8}",,"{'unit': 'inches', 'value': 3.15}","{'unit': 'inches', 'value': 0.39}","{'unit': 'inches', 'value': 3.15}",,,,
B07QQDMJ6M,200,The Army Painter | Hobby: Super Glue,,BONDING_ADHESIVES,https://m.media-amazon.com/images/I/31Q+26ZABXL.jpg,,5713799201408,05713799201408,,White,,The Army Painter,,,0.018,kilograms,"{'unit': 'centimeters', 'value': 2.1082}","{'unit': 'centimeters', 'value': 3.302}","{'unit': 'centimeters', 'value': 9.7028}",,"{'unit': 'inches', 'value': 1.3}","{'unit': 'inches', 'value': 0.9}","{'unit': 'inches', 'value': 3.8}",,,,
B07RZBBG14,200,"Dragon Shield AT-13201 Standard Size Perfect Fit Sealable (100 Sleeves), clear",,CARD_DOCUMENT_SLEEVE,https://m.media-amazon.com/images/I/411JwwL89tL.jpg,,5706569132019,05706569132019,,Cream,Standard Card Size,Dragon Shield,,,0.07,kilograms,"{'unit': 'centimeters', 'value': 1.1}","{'unit': 'centimeters', 'value': 8.4}","{'unit': 'centimeters', 'value': 24.8}",,"{'unit': 'centimeters', 'value': 1.0}","{'unit': 'centimeters', 'value': 1.0}","{'unit': 'centimeters', 'value': 1.0}",,,,
B005F5TRBI,200,"Croydex White Button Shower Curtain Rings 12pk, 75g, 34F",,CURTAIN_FASTENER,https://m.media-amazon.com/images/I/51nE7RNL3zL.jpg,,5012044060198,05012044060198,,White,75g,Croydex,,,0.04,kilograms,"{'unit': 'centimeters', 'value': 4.5}","{'unit': 'centimeters', 'value': 8.2}","{'unit': 'centimeters', 'value': 18.0}",,"{'unit': 'inches', 'value': 5.7}","{'unit': 'inches', 'value': 2.8}","{'unit': 'inches', 'value': 0.8}",,,,
B08L3FB3G2,200,Ultimate Guard Katana Sleeves Japanese Size Black (60),,CARD_DOCUMENT_SLEEVE,https://m.media-amazon.com/images/I/41QQz9KSOmL.jpg,,4056133014885,,,Black,Japanese,Ultimate Guard,,,0.07,kilograms,"{'unit': 'centimeters', 'value': 1.9}","{'unit': 'centimeters', 'value': 6.8}","{'unit': 'centimeters', 'value': 9.6}",,"{'unit': 'millimeters', 'value': 98.0}","{'unit': 'millimeters', 'value': 66.0}","{'unit': 'millimeters', 'value': 22.0}",,,,
B0009JJZ8A,200,"Fackelmann Sieve 15cm⌀, Strainer, Fine Mesh, Stainless Steel, 15x20x32.5cm, Silver",,FOOD_STRAINER,https://m.media-amazon.com/images/I/41Vnei43oGL.jpg,,4008033424400,04008033424400,,Silver,15cm,Fackelmann,,,0.13,kilograms,"{'unit': 'centimeters', 'value': 8.6}","{'unit': 'centimeters', 'value': 14.7}","{'unit': 'centimeters', 'value': 31.3}",,"{'unit': 'inches', 'value': 13.6}","{'unit': 'inches', 'value': 5.9}","{'unit': 'inches', 'value': 2.66}",,,,
B09M3PQRBG,200,Curaprox Kids Toothpaste – Ages 2+ | Strawberry Flavour | Protects Milk Teeth with 950 ppm Fluoride | Gentle Formula | 60 ml | Made in Switzerland,,TOOTH_CLEANING_AGENT,https://m.media-amazon.com/images/I/31xG1CXufdL.jpg,,7612412429473,07612412429473,,Clear,60 ml (Pack of 1),Curaden,,,0.09,kilograms,"{'unit': 'centimeters', 'value': 3.7}","{'unit': 'centimeters', 'value': 4.5}","{'unit': 'centimeters', 'value': 12.7}",,"{'unit': 'millimeters', 'value': 1.7}","{'unit': 'millimeters', 'value': 1.45}","{'unit': 'millimeters', 'value': 4.9}",,,,
B00000IU72,200,"BRIO 33344 Mechanical Switches Wooden Train Track for Kids Age 3 Years Up - Compatible with all BRIO Railway Sets & Accessories, Multicoloured",,TOY_MODEL_VEHICLE_TRACK,https://m.media-amazon.com/images/I/51vgGJo9-3L.jpg,,7312350333442,07312350333442,,Multicoloured,Brio 33344,BRIO,,,0.15,kilograms,"{'unit': 'centimeters', 'value': 3.302}","{'unit': 'centimeters', 'value': 9.398}","{'unit': 'centimeters', 'value': 19.2024}",,"{'unit': 'centimeters', 'value': 19.0}","{'unit': 'centimeters', 'value': 3.0}","{'unit': 'centimeters', 'value': 9.0}",,,,
B09M3PFZC8,200,Curaprox Kids Toothpaste – Fluoride-Free for Toddlers | Strawberry Flavour | Gentle Protection from First Tooth | 60ml | Made in Switzerland,,TOOTH_CLEANING_AGENT,https://m.media-amazon.com/images/I/3160kRJ6VCL.jpg,,7612412429466,07612412429466,,Clear,60 ml (Pack of 1),Curaden,,,0.09,kilograms,"{'unit': 'centimeters', 'value': 3.7}","{'unit': 'centimeters', 'value': 4.6}","{'unit': 'centimeters', 'value': 12.6}",,"{'unit': 'millimeters', 'value': 1.7}","{'unit': 'millimeters', 'value': 1.45}","{'unit': 'millimeters', 'value': 4.9}",,,,
B00LXM3PGK,200,SupaDec Sugar Soap 500ml,,SKIN_CLEANING_AGENT,https://m.media-amazon.com/images/I/31P3R0-fJ6L.jpg,,5017193008565,,,,500 ml (Pack of 1),Supadec,,,0.56,kilograms,"{'unit': 'centimeters', 'value': 4.6}","{'unit': 'centimeters', 'value': 8.8}","{'unit': 'centimeters', 'value': 20.8}",,"{'unit': 'millimeters', 'value': 211.0}","{'unit': 'millimeters', 'value': 92.0}","{'unit': 'millimeters', 'value': 46.0}",,,,
B007YX9O9E,200,"SanDisk Cruzer Glide 32 GB USB Flash Drive USB 2.0 , Black & Red",,FLASH_DRIVE,https://m.media-amazon.com/images/I/21T2U5st7fL.jpg,619659075576,0619659075576,,,Black & Red,32 GB,SanDisk,,,0.009,kilograms,"{'unit': 'centimeters', 'value': 1.397}","{'unit': 'centimeters', 'value': 12.9032}","{'unit': 'centimeters', 'value': 16.6878}",,"{'unit': 'inches', 'value': 0.44}","{'unit': 'inches', 'value': 0.82}","{'unit': 'inches', 'value': 2.37}",,,,
B09NQCV872,200,"The Army Painter Speedpaint Sand Golem 2.0, Single Acrylic Paint 18ml One-coat Painting Soloution For Fantasy Tabletop Miniatures Like Warhammer 40k and Dungeons And Dragons Figures",,PAINT,https://m.media-amazon.com/images/I/61rKshTf+lL.jpg,,5713799202085,05713799202085,,Sand Golem,18ml,The Army Painter,,,0.032,kilograms,"{'unit': 'centimeters', 'value': 2.4892}","{'unit': 'centimeters', 'value': 2.4892}","{'unit': 'centimeters', 'value': 7.493}",,"{'unit': 'millimeters', 'value': 75.0}","{'unit': 'millimeters', 'value': 78.0}","{'unit': 'millimeters', 'value': 50.0}",,,,
B0001P0DLU,200,Loctite 319 Rear View Mirror Bonder 0.5ml,,BONDING_ADHESIVES,https://m.media-amazon.com/images/I/41tr8w9s-uL.jpg,,5010266168227,05010266168227,,Clear,1 - Pack,Henkel,,,0.01,kilograms,"{'unit': 'centimeters', 'value': 1.3}","{'unit': 'centimeters', 'value': 9.6}","{'unit': 'centimeters', 'value': 16.5}",,"{'unit': 'centimeters', 'value': 5.0}","{'unit': 'centimeters', 'value': 2.0}","{'unit': 'centimeters', 'value': 3.0}",,,,
B081Q9CFGC,200,OceanSaver Anti-Bac Cleaning EcoDrop | Anti-Bacterial Multipurpose Cleaning Spray | Ocean Mist | Eco Friendly Cleaning (1 Pack),,CLEANING_AGENT,https://m.media-amazon.com/images/I/61zecJlVl-L.jpg,,5060727260069,,,,1 count (Pack of 1),OceanSaver,,,0.02,kilograms,2.3,4.1,11.1,centimeters,,,,,,,
B08WPCW7TH,200,"Moo Free White Chocolate Bars - Dairy Free, Gluten Free & Vegan (20g)",,CHOCOLATE_CANDY,https://m.media-amazon.com/images/I/61J4r97FIFL.jpg,,5060235830945,05060235830945,,Blue,1 count,Moo Free,,,20.0,grams,0.5,4.0,14.0,centimeters,,,,centimeters,,,
B0B2RBG672,200,"Salt of the Earth - Natural Deodorant Roll on Refill - x7 Uses - Amber & Sandalwood - 100% Natural Origin Ingredients - Vegan - Suitable for Men, Women & Children - 525ml",,BODY_DEODORANT,https://m.media-amazon.com/images/I/71NfVXw8OrL.jpg,,5025452001875,05025452001875,,WHITE,525 ml (Pack of 1),Crystal Spring,,,0.584,kilograms,6.9,7.3,22.2,centimeters,,,,,,,
B081Q9CFGC,200,OceanSaver Anti-Bac Cleaning EcoDrop | Anti-Bacterial Multipurpose Cleaning Spray | Ocean Mist | Eco Friendly Cleaning (1 Pack),,CLEANING_AGENT,https://m.media-amazon.com/images/I/41stG1i9RYL.jpg,,5060727260069,,,,1 count (Pack of 1),OceanSaver,,,0.02,kilograms,2.3,4.1,11.1,centimeters,,,,,,,
B004GFPFBO,429,,,,,,,,,,,,,,,,,,,,,,,,,,"{""errors"": [{""code"": ""QuotaExceeded"", ""message"": ""You exceeded your quota for the requested resource."", ""details"": """"}]}"
B08WPCW7TH,200,"Moo Free White Chocolate Bars - Dairy Free, Gluten Free & Vegan (20g)",,CHOCOLATE_CANDY,https://m.media-amazon.com/images/I/41qQZUCIQNL.jpg,,5060235830945,05060235830945,,Blue,1 count,Moo Free,,,20.0,grams,0.5,4.0,14.0,centimeters,,,,centimeters,,,
B0B2RBG672,200,"Salt of the Earth - Natural Deodorant Roll on Refill - x7 Uses - Amber & Sandalwood - 100% Natural Origin Ingredients - Vegan - Suitable for Men, Women & Children - 525ml",,BODY_DEODORANT,https://m.media-amazon.com/images/I/41IA0HhuYFL.jpg,,5025452001875,05025452001875,,WHITE,525 ml (Pack of 1),Crystal Spring,,,0.584,kilograms,6.9,7.3,22.2,centimeters,,,,,,,
B0BBHBX72C,429,,,,,,,,,,,,,,,,,,,,,,,,,,"{""errors"": [{""code"": ""QuotaExceeded"", ""message"": ""You exceeded your quota for the requested resource."", ""details"": """"}]}"
B07BC1CMDK,429,,,,,,,,,,,,,,,,,,,,,,,,,,"{""errors"": [{""code"": ""QuotaExceeded"", ""message"": ""You exceeded your quota for the requested resource."", ""details"": """"}]}"
B0CG234KW1,429,,,,,,,,,,,,,,,,,,,,,,,,,,"{""errors"": [{""code"": ""QuotaExceeded"", ""message"": ""You exceeded your quota for the requested resource."", ""details"": """"}]}"
B0052VXJGO,429,,,,,,,,,,,,,,,,,,,,,,,,,,"{""errors"": [{""code"": ""QuotaExceeded"", ""message"": ""You exceeded your quota for the requested resource."", ""details"": """"}]}"
B005F5TRBI,429,,,,,,,,,,,,,,,,,,,,,,,,,,"{""errors"": [{""code"": ""QuotaExceeded"", ""message"": ""You exceeded your quota for the requested resource."", ""details"": """"}]}"
B00000IU72,429,,,,,,,,,,,,,,,,,,,,,,,,,,"{""errors"": [{""code"": ""QuotaExceeded"", ""message"": ""You exceeded your quota for the requested resource."", ""details"": """"}]}"
B07BLX7YG9,429,,,,,,,,,,,,,,,,,,,,,,,,,,"{""errors"": [{""code"": ""QuotaExceeded"", ""message"": ""You exceeded your quota for the requested resource."", ""details"": """"}]}"
B08W25WKTN,429,,,,,,,,,,,,,,,,,,,,,,,,,,"{""errors"": [{""code"": ""QuotaExceeded"", ""message"": ""You exceeded your quota for the requested resource."", ""details"": """"}]}"
B08CHKHTWX,429,,,,,,,,,,,,,,,,,,,,,,,,,,"{""errors"": [{""code"": ""QuotaExceeded"", ""message"": ""You exceeded your quota for the requested resource."", ""details"": """"}]}"
B08MVGD2ND,200,"Cameleo - Permanent Hair Colour Cream - Copper Brown - Intensive Color & Protection - 5 Oils + Omega Plus Acids - Professional, Luxurious Hair Dye - Full Kit",,HAIR_COLORING_AGENT,https://m.media-amazon.com/images/I/41z-GeHwkEL.jpg,,5901350403105,,,4.4 Copper Brown,50 g (Pack of 1),Delia Cosmetics,,,0.17,kilograms,5.4,8.2,17.3,centimeters,,,,,,,
B07QXSDZJM,429,,,,,,,,,,,,,,,,,,,,,,,,,,"{""errors"": [{""code"": ""QuotaExceeded"", ""message"": ""You exceeded your quota for the requested resource."", ""details"": """"}]}"
B0915M1DLF,429,,,,,,,,,,,,,,,,,,,,,,,,,,"{""errors"": [{""code"": ""QuotaExceeded"", ""message"": ""You exceeded your quota for the requested resource."", ""details"": """"}]}"
B000FPU2SK,429,,,,,,,,,,,,,,,,,,,,,,,,,,"{""errors"": [{""code"": ""QuotaExceeded"", ""message"": ""You exceeded your quota for the requested resource."", ""details"": """"}]}"
B08MVG9QZW,200,"Cameleo - Permanent Hair Colour Cream - Dark Mahogany - Intensive Color & Protection - 5 Oils + Omega Plus Acids - Professional, Luxurious Hair Dye - Full Kit",,HAIR_COLORING_AGENT,https://m.media-amazon.com/images/I/41nOvzJc8GL.jpg,,5060061200479,,,5.6 Dark Mahogany,50 g (Pack of 1),Delia Cosmetics,,,0.17,kilograms,5.2,8.4,17.4,centimeters,,,,,,,
B00S9IXBVU,429,,,,,,,,,,,,,,,,,,,,,,,,,,"{""errors"": [{""code"": ""QuotaExceeded"", ""message"": ""You exceeded your quota for the requested resource."", ""details"": """"}]}"
B074RQ8G8Z,429,,,,,,,,,,,,,,,,,,,,,,,,,,"{""errors"": [{""code"": ""QuotaExceeded"", ""message"": ""You exceeded your quota for the requested resource."", ""details"": """"}]}"
B01N31JDVX,429,,,,,,,,,,,,,,,,,,,,,,,,,,"{""errors"": [{""code"": ""QuotaExceeded"", ""message"": ""You exceeded your quota for the requested resource."", ""details"": """"}]}"
B004YJLV6K,429,,,,,,,,,,,,,,,,,,,,,,,,,,"{""errors"": [{""code"": ""QuotaExceeded"", ""message"": ""You exceeded your quota for the requested resource."", ""details"": """"}]}"
B0CRRPCT5P,429,,,,,,,,,,,,,,,,,,,,,,,,,,"{""errors"": [{""code"": ""QuotaExceeded"", ""message"": ""You exceeded your quota for the requested resource."", ""details"": """"}]}"
B09NQBQW49,429,,,,,,,,,,,,,,,,,,,,,,,,,,"{""errors"": [{""code"": ""QuotaExceeded"", ""message"": ""You exceeded your quota for the requested resource."", ""details"": """"}]}"
B07V9CRX7Y,429,,,,,,,,,,,,,,,,,,,,,,,,,,"{""errors"": [{""code"": ""QuotaExceeded"", ""message"": ""You exceeded your quota for the requested resource."", ""details"": """"}]}"
B082BVCQMQ,429,,,,,,,,,,,,,,,,,,,,,,,,,,"{""errors"": [{""code"": ""QuotaExceeded"", ""message"": ""You exceeded your quota for the requested resource."", ""details"": """"}]}"
B075WYWJ5L,429,,,,,,,,,,,,,,,,,,,,,,,,,,"{""errors"": [{""code"": ""QuotaExceeded"", ""message"": ""You exceeded your quota for the requested resource."", ""details"": """"}]}"
B0CP69JJGG,429,,,,,,,,,,,,,,,,,,,,,,,,,,"{""errors"": [{""code"": ""QuotaExceeded"", ""message"": ""You exceeded your quota for the requested resource."", ""details"": """"}]}"
B012DV4306,429,,,,,,,,,,,,,,,,,,,,,,,,,,"{""errors"": [{""code"": ""QuotaExceeded"", ""message"": ""You exceeded your quota for the requested resource."", ""details"": """"}]}"
B0BBWH7DBT,429,,,,,,,,,,,,,,,,,,,,,,,,,,"{""errors"": [{""code"": ""QuotaExceeded"", ""message"": ""You exceeded your quota for the requested resource."", ""details"": """"}]}"
B0D6W9DZX4,429,,,,,,,,,,,,,,,,,,,,,,,,,,"{""errors"": [{""code"": ""QuotaExceeded"", ""message"": ""You exceeded your quota for the requested resource."", ""details"": """"}]}"
B09NQ9ZHDQ,429,,,,,,,,,,,,,,,,,,,,,,,,,,"{""errors"": [{""code"": ""QuotaExceeded"", ""message"": ""You exceeded your quota for the requested resource."", ""details"": """"}]}"
B00D1V5E5G,429,,,,,,,,,,,,,,,,,,,,,,,,,,"{""errors"": [{""code"": ""QuotaExceeded"", ""message"": ""You exceeded your quota for the requested resource."", ""details"": """"}]}"
B07C8QSSR2,429,,,,,,,,,,,,,,,,,,,,,,,,,,"{""errors"": [{""code"": ""QuotaExceeded"", ""message"": ""You exceeded your quota for the requested resource."", ""details"": """"}]}"
B00D2O8936,429,,,,,,,,,,,,,,,,,,,,,,,,,,"{""errors"": [{""code"": ""QuotaExceeded"", ""message"": ""You exceeded your quota for the requested resource."", ""details"": """"}]}"
B09MWLJFFX,429,,,,,,,,,,,,,,,,,,,,,,,,,,"{""errors"": [{""code"": ""QuotaExceeded"", ""message"": ""You exceeded your quota for the requested resource."", ""details"": """"}]}"
B0CSVLW6QL,429,,,,,,,,,,,,,,,,,,,,,,,,,,"{""errors"": [{""code"": ""QuotaExceeded"", ""message"": ""You exceeded your quota for the requested resource."", ""details"": """"}]}"
B00605WJ9O,429,,,,,,,,,,,,,,,,,,,,,,,,,,"{""errors"": [{""code"": ""QuotaExceeded"", ""message"": ""You exceeded your quota for the requested resource."", ""details"": """"}]}"
B00ANOXX9I,429,,,,,,,,,,,,,,,,,,,,,,,,,,"{""errors"": [{""code"": ""QuotaExceeded"", ""message"": ""You exceeded your quota for the requested resource."", ""details"": """"}]}"
B001KYTW0O,429,,,,,,,,,,,,,,,,,,,,,,,,,,"{""errors"": [{""code"": ""QuotaExceeded"", ""message"": ""You exceeded your quota for the requested resource."", ""details"": """"}]}"
B00009OY9U,429,,,,,,,,,,,,,,,,,,,,,,,,,,"{""errors"": [{""code"": ""QuotaExceeded"", ""message"": ""You exceeded your quota for the requested resource."", ""details"": """"}]}"
B07T9WVBZ2,429,,,,,,,,,,,,,,,,,,,,,,,,,,"{""errors"": [{""code"": ""QuotaExceeded"", ""message"": ""You exceeded your quota for the requested resource."", ""details"": """"}]}"
B074H6M7TW,429,,,,,,,,,,,,,,,,,,,,,,,,,,"{""errors"": [{""code"": ""QuotaExceeded"", ""message"": ""You exceeded your quota for the requested resource."", ""details"": """"}]}"
B0054RRCQY,429,,,,,,,,,,,,,,,,,,,,,,,,,,"{""errors"": [{""code"": ""QuotaExceeded"", ""message"": ""You exceeded your quota for the requested resource."", ""details"": """"}]}"
B078K3B7R6,429,,,,,,,,,,,,,,,,,,,,,,,,,,"{""errors"": [{""code"": ""QuotaExceeded"", ""message"": ""You exceeded your quota for the requested resource."", ""details"": """"}]}"
B0B6GD6QF8,429,,,,,,,,,,,,,,,,,,,,,,,,,,"{""errors"": [{""code"": ""QuotaExceeded"", ""message"": ""You exceeded your quota for the requested resource."", ""details"": """"}]}"
B005BFZAK4,429,,,,,,,,,,,,,,,,,,,,,,,,,,"{""errors"": [{""code"": ""QuotaExceeded"", ""message"": ""You exceeded your quota for the requested resource."", ""details"": """"}]}"
B0C4RR58SF,429,,,,,,,,,,,,,,,,,,,,,,,,,,"{""errors"": [{""code"": ""QuotaExceeded"", ""message"": ""You exceeded your quota for the requested resource."", ""details"": """"}]}"
B0D3JCG3YJ,429,,,,,,,,,,,,,,,,,,,,,,,,,,"{""errors"": [{""code"": ""QuotaExceeded"", ""message"": ""You exceeded your quota for the requested resource."", ""details"": """"}]}"
B01M6BSYME,429,,,,,,,,,,,,,,,,,,,,,,,,,,"{""errors"": [{""code"": ""QuotaExceeded"", ""message"": ""You exceeded your quota for the requested resource."", ""details"": """"}]}"
B0CVHD7892,200,Wild Aqua Case And Fresh Cotton & Sea Salt Deodorant Starter Pack 40g,,BODY_DEODORANT,https://m.media-amazon.com/images/I/71P3TNgFYXL.jpg,,5065003990524,,,,40 g (Pack of 1),wild cosmetics ltd,,,0.15,kilograms,1.7,6.4,14.7,centimeters,,,,,,,
B07Y354HMP,429,,,,,,,,,,,,,,,,,,,,,,,,,,"{""errors"": [{""code"": ""QuotaExceeded"", ""message"": ""You exceeded your quota for the requested resource."", ""details"": """"}]}"
B003SYNGE2,429,,,,,,,,,,,,,,,,,,,,,,,,,,"{""errors"": [{""code"": ""QuotaExceeded"", ""message"": ""You exceeded your quota for the requested resource."", ""details"": """"}]}"
B0BBH71LQN,429,,,,,,,,,,,,,,,,,,,,,,,,,,"{""errors"": [{""code"": ""QuotaExceeded"", ""message"": ""You exceeded your quota for the requested resource."", ""details"": """"}]}"
B00BA4IOTY,429,,,,,,,,,,,,,,,,,,,,,,,,,,"{""errors"": [{""code"": ""QuotaExceeded"", ""message"": ""You exceeded your quota for the requested resource."", ""details"": """"}]}"
B08MT6CW12,429,,,,,,,,,,,,,,,,,,,,,,,,,,"{""errors"": [{""code"": ""QuotaExceeded"", ""message"": ""You exceeded your quota for the requested resource."", ""details"": """"}]}"
B07TGKYLLT,429,,,,,,,,,,,,,,,,,,,,,,,,,,"{""errors"": [{""code"": ""QuotaExceeded"", ""message"": ""You exceeded your quota for the requested resource."", ""details"": """"}]}"
B00D1V5NWK,429,,,,,,,,,,,,,,,,,,,,,,,,,,"{""errors"": [{""code"": ""QuotaExceeded"", ""message"": ""You exceeded your quota for the requested resource."", ""details"": """"}]}"
B072K2PG11,429,,,,,,,,,,,,,,,,,,,,,,,,,,"{""errors"": [{""code"": ""QuotaExceeded"", ""message"": ""You exceeded your quota for the requested resource."", ""details"": """"}]}"
B0CS3VF4GK,429,,,,,,,,,,,,,,,,,,,,,,,,,,"{""errors"": [{""code"": ""QuotaExceeded"", ""message"": ""You exceeded your quota for the requested resource."", ""details"": """"}]}"
B00N5SLQ7A,429,,,,,,,,,,,,,,,,,,,,,,,,,,"{""errors"": [{""code"": ""QuotaExceeded"", ""message"": ""You exceeded your quota for the requested resource."", ""details"": """"}]}"
B08WX4Y25G,429,,,,,,,,,,,,,,,,,,,,,,,,,,"{""errors"": [{""code"": ""QuotaExceeded"", ""message"": ""You exceeded your quota for the requested resource."", ""details"": """"}]}"
B0CVNMZHZ6,429,,,,,,,,,,,,,,,,,,,,,,,,,,"{""errors"": [{""code"": ""QuotaExceeded"", ""message"": ""You exceeded your quota for the requested resource."", ""details"": """"}]}"
B092K24B2Q,429,,,,,,,,,,,,,,,,,,,,,,,,,,"{""errors"": [{""code"": ""QuotaExceeded"", ""message"": ""You exceeded your quota for the requested resource."", ""details"": """"}]}"
B0DHDCRX76,429,,,,,,,,,,,,,,,,,,,,,,,,,,"{""errors"": [{""code"": ""QuotaExceeded"", ""message"": ""You exceeded your quota for the requested resource."", ""details"": """"}]}"
B0813VNJF8,429,,,,,,,,,,,,,,,,,,,,,,,,,,"{""errors"": [{""code"": ""QuotaExceeded"", ""message"": ""You exceeded your quota for the requested resource."", ""details"": """"}]}"
B002BWSZS4,429,,,,,,,,,,,,,,,,,,,,,,,,,,"{""errors"": [{""code"": ""QuotaExceeded"", ""message"": ""You exceeded your quota for the requested resource."", ""details"": """"}]}"
B09HXXMJV9,429,,,,,,,,,,,,,,,,,,,,,,,,,,"{""errors"": [{""code"": ""QuotaExceeded"", ""message"": ""You exceeded your quota for the requested resource."", ""details"": """"}]}"
B008HSBYS4,429,,,,,,,,,,,,,,,,,,,,,,,,,,"{""errors"": [{""code"": ""QuotaExceeded"", ""message"": ""You exceeded your quota for the requested resource."", ""details"": """"}]}"
B08XLT86GL,429,,,,,,,,,,,,,,,,,,,,,,,,,,"{""errors"": [{""code"": ""QuotaExceeded"", ""message"": ""You exceeded your quota for the requested resource."", ""details"": """"}]}"
B07JXBDGJB,429,,,,,,,,,,,,,,,,,,,,,,,,,,"{""errors"": [{""code"": ""QuotaExceeded"", ""message"": ""You exceeded your quota for the requested resource."", ""details"": """"}]}"
B08FR6S7CD,429,,,,,,,,,,,,,,,,,,,,,,,,,,"{""errors"": [{""code"": ""QuotaExceeded"", ""message"": ""You exceeded your quota for the requested resource."", ""details"": """"}]}"
B00VREYQYO,429,,,,,,,,,,,,,,,,,,,,,,,,,,"{""errors"": [{""code"": ""QuotaExceeded"", ""message"": ""You exceeded your quota for the requested resource."", ""details"": """"}]}"
B0CSG9BFMJ,429,,,,,,,,,,,,,,,,,,,,,,,,,,"{""errors"": [{""code"": ""QuotaExceeded"", ""message"": ""You exceeded your quota for the requested resource."", ""details"": """"}]}"
B07PRCJQFX,429,,,,,,,,,,,,,,,,,,,,,,,,,,"{""errors"": [{""code"": ""QuotaExceeded"", ""message"": ""You exceeded your quota for the requested resource."", ""details"": """"}]}"
B081TGZQVR,429,,,,,,,,,,,,,,,,,,,,,,,,,,"{""errors"": [{""code"": ""QuotaExceeded"", ""message"": ""You exceeded your quota for the requested resource."", ""details"": """"}]}"
B0CKS4H64X,200,"Neudorff WeedFree Plus RTU Weed Killer Spray, 750 ml, Glyphosate Free Spray, Weed Remover, Animal Fiendly, Herbicide",,WEED_MOSS_CONTROL_AGENT,https://m.media-amazon.com/images/I/71rn1aug-LL.jpg,,4005240136836,04005240136836,,,,Neudorff,,,0.84,kilograms,5.2,10.6,27.1,centimeters,,,,,,,
B0913SVFD3,429,,,,,,,,,,,,,,,,,,,,,,,,,,"{""errors"": [{""code"": ""QuotaExceeded"", ""message"": ""You exceeded your quota for the requested resource."", ""details"": """"}]}"
B0042SNS7S,429,,,,,,,,,,,,,,,,,,,,,,,,,,"{""errors"": [{""code"": ""QuotaExceeded"", ""message"": ""You exceeded your quota for the requested resource."", ""details"": """"}]}"
B083G9XHT9,429,,,,,,,,,,,,,,,,,,,,,,,,,,"{""errors"": [{""code"": ""QuotaExceeded"", ""message"": ""You exceeded your quota for the requested resource."", ""details"": """"}]}"
B082DG6GJ6,429,,,,,,,,,,,,,,,,,,,,,,,,,,"{""errors"": [{""code"": ""QuotaExceeded"", ""message"": ""You exceeded your quota for the requested resource."", ""details"": """"}]}"
B004TRSSIQ,200,"Masterplug ELS132B-01 Permaplug Two Socket Trailing Socket, without Plug and Cable, 13 Amp, Black",,POWER_STRIP,https://m.media-amazon.com/images/I/71xtwqAHecL.jpg,,5015056355924,,,Black,,Nexus (Jiaxing),,,0.14,kilograms,3.4,17.2,19.8,centimeters,,,,,,,
B08CB36DY9,429,,,,,,,,,,,,,,,,,,,,,,,,,,"{""errors"": [{""code"": ""QuotaExceeded"", ""message"": ""You exceeded your quota for the requested resource."", ""details"": """"}]}"
B09MTXZY2Y,200,"Blistex Relief Cream Soothing Protective Lip Cream, 5g",,BEAUTY,https://m.media-amazon.com/images/I/71BEhii7pFL.jpg,,5060177241236,05060177241236,,White,5 g (Pack of 1),Blistex,,,0.01,kilograms,1.5,7.3,13.0,centimeters,,,,,,,
B0049A27FS,429,,,,,,,,,,,,,,,,,,,,,,,,,,"{""errors"": [{""code"": ""QuotaExceeded"", ""message"": ""You exceeded your quota for the requested resource."", ""details"": """"}]}"
B0042SI594,429,,,,,,,,,,,,,,,,,,,,,,,,,,"{""errors"": [{""code"": ""QuotaExceeded"", ""message"": ""You exceeded your quota for the requested resource."", ""details"": """"}]}"
B07DVPP57X,429,,,,,,,,,,,,,,,,,,,,,,,,,,"{""errors"": [{""code"": ""QuotaExceeded"", ""message"": ""You exceeded your quota for the requested resource."", ""details"": """"}]}"
B07CPKRL8Z,200,"L 'Oréal Paris Clay Absolue Glow Mask for Clear, Radiant Complexion Cream 50 ml",,SKIN_TREATMENT_MASK,https://m.media-amazon.com/images/I/81Wo7poSVDL.jpg,,3600523523191,03600523523191,,,50 ml (Pack of 1),L´Oréal Paris,,,0.25,kilograms,7.1,7.3,8.7,centimeters,,,,,,,
B01N273YMX,429,,,,,,,,,,,,,,,,,,,,,,,,,,"{""errors"": [{""code"": ""QuotaExceeded"", ""message"": ""You exceeded your quota for the requested resource."", ""details"": """"}]}"
B005NG23OW,429,,,,,,,,,,,,,,,,,,,,,,,,,,"{""errors"": [{""code"": ""QuotaExceeded"", ""message"": ""You exceeded your quota for the requested resource."", ""details"": """"}]}"
B094D24L5J,429,,,,,,,,,,,,,,,,,,,,,,,,,,"{""errors"": [{""code"": ""QuotaExceeded"", ""message"": ""You exceeded your quota for the requested resource."", ""details"": """"}]}"
B07SLLYRSP,200,"3 PCS EVERBUILD INDUSTRIAL GRADE SUPER GLUE HV HIGH VISCOSITY BONDS PVC, METAL, MDF, ALUMINIUM, CERAMICS, RUBBER ETC. 20G EACH",,BONDING_ADHESIVES,https://m.media-amazon.com/images/I/51b1wbfnH0L.jpg,,,,,clear,20g,Everbuild,,,0.08,kilograms,2.9,8.7,8.9,centimeters,,,,,,,
B09ST7SSLW,429,,,,,,,,,,,,,,,,,,,,,,,,,,"{""errors"": [{""code"": ""QuotaExceeded"", ""message"": ""You exceeded your quota for the requested resource."", ""details"": """"}]}"
B0CNT2Z32S,429,,,,,,,,,,,,,,,,,,,,,,,,,,"{""errors"": [{""code"": ""QuotaExceeded"", ""message"": ""You exceeded your quota for the requested resource."", ""details"": """"}]}"
B0C9J86XCZ,429,,,,,,,,,,,,,,,,,,,,,,,,,,"{""errors"": [{""code"": ""QuotaExceeded"", ""message"": ""You exceeded your quota for the requested resource."", ""details"": """"}]}"
B003L6RJDQ,429,,,,,,,,,,,,,,,,,,,,,,,,,,"{""errors"": [{""code"": ""QuotaExceeded"", ""message"": ""You exceeded your quota for the requested resource."", ""details"": """"}]}"
B08ZJL6FGL,429,,,,,,,,,,,,,,,,,,,,,,,,,,"{""errors"": [{""code"": ""QuotaExceeded"", ""message"": ""You exceeded your quota for the requested resource."", ""details"": """"}]}"
B08CVTBP81,429,,,,,,,,,,,,,,,,,,,,,,,,,,"{""errors"": [{""code"": ""QuotaExceeded"", ""message"": ""You exceeded your quota for the requested resource."", ""details"": """"}]}"
B004S0S0S2,429,,,,,,,,,,,,,,,,,,,,,,,,,,"{""errors"": [{""code"": ""QuotaExceeded"", ""message"": ""You exceeded your quota for the requested resource."", ""details"": """"}]}"
B0002TT36Q,429,,,,,,,,,,,,,,,,,,,,,,,,,,"{""errors"": [{""code"": ""QuotaExceeded"", ""message"": ""You exceeded your quota for the requested resource."", ""details"": """"}]}"
B0084CNKAI,429,,,,,,,,,,,,,,,,,,,,,,,,,,"{""errors"": [{""code"": ""QuotaExceeded"", ""message"": ""You exceeded your quota for the requested resource."", ""details"": """"}]}"
B0BLTGP2JX,429,,,,,,,,,,,,,,,,,,,,,,,,,,"{""errors"": [{""code"": ""QuotaExceeded"", ""message"": ""You exceeded your quota for the requested resource."", ""details"": """"}]}"
B00VRF1XEY,200,Matt Tester 75ml (Waterfall),,PAINT,https://m.media-amazon.com/images/I/51SJSZgS3QL.jpg,,5010426738321,05010426738321,,Waterfall,75 ml (Pack of 1),PPG Architectural Coatings UK & Ireland,,,0.15,kilograms,8.5,8.6,9.6,centimeters,,,,,,,
B07MW9H6P4,429,,,,,,,,,,,,,,,,,,,,,,,,,,"{""errors"": [{""code"": ""QuotaExceeded"", ""message"": ""You exceeded your quota for the requested resource."", ""details"": """"}]}"
B0BS1WDHP7,429,,,,,,,,,,,,,,,,,,,,,,,,,,"{""errors"": [{""code"": ""QuotaExceeded"", ""message"": ""You exceeded your quota for the requested resource."", ""details"": """"}]}"
B081Q9CFGC,200,OceanSaver Anti-Bac Cleaning EcoDrop | Anti-Bacterial Multipurpose Cleaning Spray | Ocean Mist | Eco Friendly Cleaning (1 Pack),,CLEANING_AGENT,https://m.media-amazon.com/images/I/61zecJlVl-L.jpg,,5060727260069,,,,1 count (Pack of 1),OceanSaver,,,0.02,kilograms,2.3,4.1,11.1,centimeters,,,,,,,
B08WPCW7TH,200,"Moo Free White Chocolate Bars - Dairy Free, Gluten Free & Vegan (20g)",,CHOCOLATE_CANDY,https://m.media-amazon.com/images/I/61J4r97FIFL.jpg,,5060235830945,05060235830945,,Blue,1 count,Moo Free,,,20.0,grams,0.5,4.0,14.0,centimeters,,,,centimeters,,,
B0B2RBG672,200,"Salt of the Earth - Natural Deodorant Roll on Refill - x7 Uses - Amber & Sandalwood - 100% Natural Origin Ingredients - Vegan - Suitable for Men, Women & Children - 525ml",,BODY_DEODORANT,https://m.media-amazon.com/images/I/71NfVXw8OrL.jpg,,5025452001875,05025452001875,,WHITE,525 ml (Pack of 1),Crystal Spring,,,0.584,kilograms,6.9,7.3,22.2,centimeters,,,,,,,
B08MVGD2ND,200,"Cameleo - Permanent Hair Colour Cream - Copper Brown - Intensive Color & Protection - 5 Oils + Omega Plus Acids - Professional, Luxurious Hair Dye - Full Kit",,HAIR_COLORING_AGENT,https://m.media-amazon.com/images/I/81nwFO1nMpL.jpg,,5901350403105,,,4.4 Copper Brown,50 g (Pack of 1),Delia Cosmetics,,,0.17,kilograms,5.4,8.2,17.3,centimeters,,,,,,,
B0915M1DLF,200,"Makeup Revolution, Conceal & Fix, Ultimate Coverage, Concealer, Medium Sand, 11g",,SKIN_FOUNDATION_CONCEALER,https://m.media-amazon.com/images/I/71nmcSvxaPL.jpg,,5057566143714,,,MEDIUM SAND,1 count (Pack of 1),Revolution Beauty Ltd.,,,0.05,kilograms,3.8,4.0,4.3,centimeters,,,,,,,
B08MVG9QZW,200,"Cameleo - Permanent Hair Colour Cream - Dark Mahogany - Intensive Color & Protection - 5 Oils + Omega Plus Acids - Professional, Luxurious Hair Dye - Full Kit",,HAIR_COLORING_AGENT,https://m.media-amazon.com/images/I/81ZCXZrZiCL.jpg,,5060061200479,,,5.6 Dark Mahogany,50 g (Pack of 1),Delia Cosmetics,,,0.17,kilograms,5.2,8.4,17.4,centimeters,,,,,,,
B00D2O8936,200,SupaTool Nuisance Dust Mask Disposable Cleaning Molded Face Masks Respirator X 20 Masks,,RESPIRATOR,https://m.media-amazon.com/images/I/51dRDyLkd5L.jpg,,5017193064707,05017193064707,,White,1 count (Pack of 20),SupaTool,,,0.07,kilograms,8.8,15.3,17.2,centimeters,,,,,,,
B07B8RJDXT,429,,,,,,,,,,,,,,,,,,,,,,,,,,"{""errors"": [{""code"": ""QuotaExceeded"", ""message"": ""You exceeded your quota for the requested resource."", ""details"": """"}]}"
B016Y8SWZQ,429,,,,,,,,,,,,,,,,,,,,,,,,,,"{""errors"": [{""code"": ""QuotaExceeded"", ""message"": ""You exceeded your quota for the requested resource."", ""details"": """"}]}"
B079MFZL6K,429,,,,,,,,,,,,,,,,,,,,,,,,,,"{""errors"": [{""code"": ""QuotaExceeded"", ""message"": ""You exceeded your quota for the requested resource."", ""details"": """"}]}"
B005BFZAK4,429,,,,,,,,,,,,,,,,,,,,,,,,,,"{""errors"": [{""code"": ""QuotaExceeded"", ""message"": ""You exceeded your quota for the requested resource."", ""details"": """"}]}"
B00KB225MS,429,,,,,,,,,,,,,,,,,,,,,,,,,,"{""errors"": [{""code"": ""QuotaExceeded"", ""message"": ""You exceeded your quota for the requested resource."", ""details"": """"}]}"
B0C4RR58SF,429,,,,,,,,,,,,,,,,,,,,,,,,,,"{""errors"": [{""code"": ""QuotaExceeded"", ""message"": ""You exceeded your quota for the requested resource."", ""details"": """"}]}"
B07BC5K5W5,429,,,,,,,,,,,,,,,,,,,,,,,,,,"{""errors"": [{""code"": ""QuotaExceeded"", ""message"": ""You exceeded your quota for the requested resource."", ""details"": """"}]}"
B0CMY2G83J,429,,,,,,,,,,,,,,,,,,,,,,,,,,"{""errors"": [{""code"": ""QuotaExceeded"", ""message"": ""You exceeded your quota for the requested resource."", ""details"": """"}]}"
B01M6BSYME,429,,,,,,,,,,,,,,,,,,,,,,,,,,"{""errors"": [{""code"": ""QuotaExceeded"", ""message"": ""You exceeded your quota for the requested resource."", ""details"": """"}]}"
B0CVHD7892,429,,,,,,,,,,,,,,,,,,,,,,,,,,"{""errors"": [{""code"": ""QuotaExceeded"", ""message"": ""You exceeded your quota for the requested resource."", ""details"": """"}]}"
B07Y354HMP,200,Wisdom Pro Flex Interdental Brushes 0.70mm Yellow 25 Pack,,TOOTHBRUSH,https://m.media-amazon.com/images/I/61MeZuxokXL.jpg,,5028763012547,,,Yellow,1 count (Pack of 1),Wisdom,,,0.04,kilograms,2.8,10.2,15.4,centimeters,,,,,,,
B003SYNGE2,429,,,,,,,,,,,,,,,,,,,,,,,,,,"{""errors"": [{""code"": ""QuotaExceeded"", ""message"": ""You exceeded your quota for the requested resource."", ""details"": """"}]}"
B09P24SGN5,429,,,,,,,,,,,,,,,,,,,,,,,,,,"{""errors"": [{""code"": ""QuotaExceeded"", ""message"": ""You exceeded your quota for the requested resource."", ""details"": """"}]}"
B0BBH71LQN,200,"OtterBox Symmetry Folio Case for iPad 10th gen 2022, iPad 11th gen 2025 (A16), Shockproof, Drop proof, Slim Protective Folio Case, Tested to Military Standard, Black",,CELLULAR_PHONE_CASE,https://m.media-amazon.com/images/I/71a5zy75yHL.jpg,840262399883,0840262399883,,,Black,,Otterbox,,,0.399,kilograms,1.8,19.4,28.4,centimeters,,,,meters,,,
B00BA4IOTY,429,,,,,,,,,,,,,,,,,,,,,,,,,,"{""errors"": [{""code"": ""QuotaExceeded"", ""message"": ""You exceeded your quota for the requested resource."", ""details"": """"}]}"
B00BUY54DI,429,,,,,,,,,,,,,,,,,,,,,,,,,,"{""errors"": [{""code"": ""QuotaExceeded"", ""message"": ""You exceeded your quota for the requested resource."", ""details"": """"}]}"
B09NQC79GF,429,,,,,,,,,,,,,,,,,,,,,,,,,,"{""errors"": [{""code"": ""QuotaExceeded"", ""message"": ""You exceeded your quota for the requested resource."", ""details"": """"}]}"
B01MUA5DU5,429,,,,,,,,,,,,,,,,,,,,,,,,,,"{""errors"": [{""code"": ""QuotaExceeded"", ""message"": ""You exceeded your quota for the requested resource."", ""details"": """"}]}"
B0BTTHVGD3,429,,,,,,,,,,,,,,,,,,,,,,,,,,"{""errors"": [{""code"": ""QuotaExceeded"", ""message"": ""You exceeded your quota for the requested resource."", ""details"": """"}]}"
B072K2PG11,200,"Dishmatic Refillable Washing-Up Liquid Dispensing Handle x1, Antibacterial Easy-Grip Kitchen Washing-Up Tool, with Replaceable General Purpose Sponge Heads x 6",,UTILITY_SPONGE,https://m.media-amazon.com/images/I/716YaajxTRL.jpg,735641890016,0735641890016,,,Multicolor,1 Count,Dishmatic,,,0.12,kilograms,6.4,10.8,24.5,centimeters,,,,,,,
B0CS3VF4GK,429,,,,,,,,,,,,,,,,,,,,,,,,,,"{""errors"": [{""code"": ""QuotaExceeded"", ""message"": ""You exceeded your quota for the requested resource."", ""details"": """"}]}"
B00N5SLQ7A,429,,,,,,,,,,,,,,,,,,,,,,,,,,"{""errors"": [{""code"": ""QuotaExceeded"", ""message"": ""You exceeded your quota for the requested resource."", ""details"": """"}]}"
B092K24B2Q,429,,,,,,,,,,,,,,,,,,,,,,,,,,"{""errors"": [{""code"": ""QuotaExceeded"", ""message"": ""You exceeded your quota for the requested resource."", ""details"": """"}]}"
B0DHDCRX76,429,,,,,,,,,,,,,,,,,,,,,,,,,,"{""errors"": [{""code"": ""QuotaExceeded"", ""message"": ""You exceeded your quota for the requested resource."", ""details"": """"}]}"
B0BVZZDW1W,429,,,,,,,,,,,,,,,,,,,,,,,,,,"{""errors"": [{""code"": ""QuotaExceeded"", ""message"": ""You exceeded your quota for the requested resource."", ""details"": """"}]}"
B07QLML4ZG,429,,,,,,,,,,,,,,,,,,,,,,,,,,"{""errors"": [{""code"": ""QuotaExceeded"", ""message"": ""You exceeded your quota for the requested resource."", ""details"": """"}]}"
B002BWSZS4,429,,,,,,,,,,,,,,,,,,,,,,,,,,"{""errors"": [{""code"": ""QuotaExceeded"", ""message"": ""You exceeded your quota for the requested resource."", ""details"": """"}]}"
B0D3JC45CK,429,,,,,,,,,,,,,,,,,,,,,,,,,,"{""errors"": [{""code"": ""QuotaExceeded"", ""message"": ""You exceeded your quota for the requested resource."", ""details"": """"}]}"
B09HXXMJV9,429,,,,,,,,,,,,,,,,,,,,,,,,,,"{""errors"": [{""code"": ""QuotaExceeded"", ""message"": ""You exceeded your quota for the requested resource."", ""details"": """"}]}"
B09SBGM9Q8,429,,,,,,,,,,,,,,,,,,,,,,,,,,"{""errors"": [{""code"": ""QuotaExceeded"", ""message"": ""You exceeded your quota for the requested resource."", ""details"": """"}]}"
B008HSBYS4,429,,,,,,,,,,,,,,,,,,,,,,,,,,"{""errors"": [{""code"": ""QuotaExceeded"", ""message"": ""You exceeded your quota for the requested resource."", ""details"": """"}]}"
B00VREYQYO,429,,,,,,,,,,,,,,,,,,,,,,,,,,"{""errors"": [{""code"": ""QuotaExceeded"", ""message"": ""You exceeded your quota for the requested resource."", ""details"": """"}]}"
B07PRCJQFX,429,,,,,,,,,,,,,,,,,,,,,,,,,,"{""errors"": [{""code"": ""QuotaExceeded"", ""message"": ""You exceeded your quota for the requested resource."", ""details"": """"}]}"
B09P244SML,429,,,,,,,,,,,,,,,,,,,,,,,,,,"{""errors"": [{""code"": ""QuotaExceeded"", ""message"": ""You exceeded your quota for the requested resource."", ""details"": """"}]}"
B0B337ZY41,429,,,,,,,,,,,,,,,,,,,,,,,,,,"{""errors"": [{""code"": ""QuotaExceeded"", ""message"": ""You exceeded your quota for the requested resource."", ""details"": """"}]}"
B0D3J9C8NN,429,,,,,,,,,,,,,,,,,,,,,,,,,,"{""errors"": [{""code"": ""QuotaExceeded"", ""message"": ""You exceeded your quota for the requested resource."", ""details"": """"}]}"
B07T2PV79R,429,,,,,,,,,,,,,,,,,,,,,,,,,,"{""errors"": [{""code"": ""QuotaExceeded"", ""message"": ""You exceeded your quota for the requested resource."", ""details"": """"}]}"
B081TGZQVR,429,,,,,,,,,,,,,,,,,,,,,,,,,,"{""errors"": [{""code"": ""QuotaExceeded"", ""message"": ""You exceeded your quota for the requested resource."", ""details"": """"}]}"
B00FO70GG2,429,,,,,,,,,,,,,,,,,,,,,,,,,,"{""errors"": [{""code"": ""QuotaExceeded"", ""message"": ""You exceeded your quota for the requested resource."", ""details"": """"}]}"
B07DRLVHM2,429,,,,,,,,,,,,,,,,,,,,,,,,,,"{""errors"": [{""code"": ""QuotaExceeded"", ""message"": ""You exceeded your quota for the requested resource."", ""details"": """"}]}"
B0CKS4H64X,200,"Neudorff WeedFree Plus RTU Weed Killer Spray, 750 ml, Glyphosate Free Spray, Weed Remover, Animal Fiendly, Herbicide",,WEED_MOSS_CONTROL_AGENT,https://m.media-amazon.com/images/I/416+Zklf-EL.jpg,,4005240136836,04005240136836,,,,Neudorff,,,0.84,kilograms,5.2,10.6,27.1,centimeters,,,,,,,
B0913SVFD3,429,,,,,,,,,,,,,,,,,,,,,,,,,,"{""errors"": [{""code"": ""QuotaExceeded"", ""message"": ""You exceeded your quota for the requested resource."", ""details"": """"}]}"
B004TRSSIQ,200,"Masterplug ELS132B-01 Permaplug Two Socket Trailing Socket, without Plug and Cable, 13 Amp, Black",,POWER_STRIP,https://m.media-amazon.com/images/I/51NxsPAAHpL.jpg,,5015056355924,,,Black,,Nexus (Jiaxing),,,0.14,kilograms,3.4,17.2,19.8,centimeters,,,,,,,
B09MTXZY2Y,200,"Blistex Relief Cream Soothing Protective Lip Cream, 5g",,BEAUTY,https://m.media-amazon.com/images/I/41A+9HVbfyL.jpg,,5060177241236,05060177241236,,White,5 g (Pack of 1),Blistex,,,0.01,kilograms,1.5,7.3,13.0,centimeters,,,,,,,
B07CPKRL8Z,200,"L 'Oréal Paris Clay Absolue Glow Mask for Clear, Radiant Complexion Cream 50 ml",,SKIN_TREATMENT_MASK,https://m.media-amazon.com/images/I/51Nly1NXAcL.jpg,,3600523523191,03600523523191,,,50 ml (Pack of 1),L´Oréal Paris,,,0.25,kilograms,7.1,7.3,8.7,centimeters,,,,,,,
B07SLLYRSP,200,"3 PCS EVERBUILD INDUSTRIAL GRADE SUPER GLUE HV HIGH VISCOSITY BONDS PVC, METAL, MDF, ALUMINIUM, CERAMICS, RUBBER ETC. 20G EACH",,BONDING_ADHESIVES,https://m.media-amazon.com/images/I/31cHtw8+7CL.jpg,,,,,clear,20g,Everbuild,,,0.08,kilograms,2.9,8.7,8.9,centimeters,,,,,,,
B003L6RJDQ,404,,,,,,,,,,,,,,,,,,,,,,,,,,"{""errors"": [{""code"": ""NOT_FOUND"", ""message"": ""Requested item, B003L6RJDQ, not found in marketplace(s) A1F83G8C2ARO7P.""}]}"
B00VRF1XEY,200,Matt Tester 75ml (Waterfall),,PAINT,https://m.media-amazon.com/images/I/31QOznufwDL.jpg,,5010426738321,05010426738321,,Waterfall,75 ml (Pack of 1),PPG Architectural Coatings UK & Ireland,,,0.15,kilograms,8.5,8.6,9.6,centimeters,,,,,,,
B081Q9CFGC,200,OceanSaver Anti-Bac Cleaning EcoDrop | Anti-Bacterial Multipurpose Cleaning Spray | Ocean Mist | Eco Friendly Cleaning (1 Pack),,CLEANING_AGENT,https://m.media-amazon.com/images/I/61zecJlVl-L.jpg,,5060727260069,,,,1 count (Pack of 1),OceanSaver,,,0.02,kilograms,2.3,4.1,11.1,centimeters,,,,,,,
B08WPCW7TH,200,"Moo Free White Chocolate Bars - Dairy Free, Gluten Free & Vegan (20g)",,CHOCOLATE_CANDY,https://m.media-amazon.com/images/I/61J4r97FIFL.jpg,,5060235830945,05060235830945,,Blue,1 count,Moo Free,,,20.0,grams,0.5,4.0,14.0,centimeters,,,,centimeters,,,
B0B2RBG672,200,"Salt of the Earth - Natural Deodorant Roll on Refill - x7 Uses - Amber & Sandalwood - 100% Natural Origin Ingredients - Vegan - Suitable for Men, Women & Children - 525ml",,BODY_DEODORANT,https://m.media-amazon.com/images/I/71NfVXw8OrL.jpg,,5025452001875,05025452001875,,WHITE,525 ml (Pack of 1),Crystal Spring,,,0.584,kilograms,6.9,7.3,22.2,centimeters,,,,,,,
B08MVGD2ND,200,"Cameleo - Permanent Hair Colour Cream - Copper Brown - Intensive Color & Protection - 5 Oils + Omega Plus Acids - Professional, Luxurious Hair Dye - Full Kit",,HAIR_COLORING_AGENT,https://m.media-amazon.com/images/I/81nwFO1nMpL.jpg,,5901350403105,,,4.4 Copper Brown,50 g (Pack of 1),Delia Cosmetics,,,0.17,kilograms,5.4,8.2,17.3,centimeters,,,,,,,
B0915M1DLF,200,"Makeup Revolution, Conceal & Fix, Ultimate Coverage, Concealer, Medium Sand, 11g",,SKIN_FOUNDATION_CONCEALER,https://m.media-amazon.com/images/I/71nmcSvxaPL.jpg,,5057566143714,,,MEDIUM SAND,1 count (Pack of 1),Revolution Beauty Ltd.,,,0.05,kilograms,3.8,4.0,4.3,centimeters,,,,,,,
B08MVG9QZW,200,"Cameleo - Permanent Hair Colour Cream - Dark Mahogany - Intensive Color & Protection - 5 Oils + Omega Plus Acids - Professional, Luxurious Hair Dye - Full Kit",,HAIR_COLORING_AGENT,https://m.media-amazon.com/images/I/81ZCXZrZiCL.jpg,,5060061200479,,,5.6 Dark Mahogany,50 g (Pack of 1),Delia Cosmetics,,,0.17,kilograms,5.2,8.4,17.4,centimeters,,,,,,,
B00D2O8936,200,SupaTool Nuisance Dust Mask Disposable Cleaning Molded Face Masks Respirator X 20 Masks,,RESPIRATOR,https://m.media-amazon.com/images/I/51dRDyLkd5L.jpg,,5017193064707,05017193064707,,White,1 count (Pack of 20),SupaTool,,,0.07,kilograms,8.8,15.3,17.2,centimeters,,,,,,,
B0CVHD7892,200,Wild Aqua Case And Fresh Cotton & Sea Salt Deodorant Starter Pack 40g,,BODY_DEODORANT,https://m.media-amazon.com/images/I/71P3TNgFYXL.jpg,,5065003990524,,,,40 g (Pack of 1),wild cosmetics ltd,,,0.15,kilograms,1.7,6.4,14.7,centimeters,,,,,,,
B07Y354HMP,200,Wisdom Pro Flex Interdental Brushes 0.70mm Yellow 25 Pack,,TOOTHBRUSH,https://m.media-amazon.com/images/I/61MeZuxokXL.jpg,,5028763012547,,,Yellow,1 count (Pack of 1),Wisdom,,,0.04,kilograms,2.8,10.2,15.4,centimeters,,,,,,,
B0BBH71LQN,200,"OtterBox Symmetry Folio Case for iPad 10th gen 2022, iPad 11th gen 2025 (A16), Shockproof, Drop proof, Slim Protective Folio Case, Tested to Military Standard, Black",,CELLULAR_PHONE_CASE,https://m.media-amazon.com/images/I/71a5zy75yHL.jpg,840262399883,0840262399883,,,Black,,Otterbox,,,0.399,kilograms,1.8,19.4,28.4,centimeters,,,,meters,,,
B072K2PG11,200,"Dishmatic Refillable Washing-Up Liquid Dispensing Handle x1, Antibacterial Easy-Grip Kitchen Washing-Up Tool, with Replaceable General Purpose Sponge Heads x 6",,UTILITY_SPONGE,https://m.media-amazon.com/images/I/418vVu1icUL.jpg,735641890016,0735641890016,,,Multicolor,1 Count,Dishmatic,,,0.12,kilograms,6.4,10.8,24.5,centimeters,,,,,,,
B008HSBYS4,200,"Story of Roses Story of Lily Ladies perfume Natural Spray,Floral, 100 ml",,PERSONAL_FRAGRANCE,https://m.media-amazon.com/images/I/51y8J2KKtmL.jpg,,5055170280900,,,white,100 ml (Pack of 1),Fine Perfumary,,,0.26,kilograms,4.9,9.0,12.7,centimeters,,,,,,,
B00VREYQYO,200,Matt Tester 75ml (Seashell),,PAINT,https://m.media-amazon.com/images/I/51t8NZfnu3L.jpg,,5010426737881,05010426737881,,Seashell,75 ml,PPG Architectural Coatings UK & Ireland,,,0.163,kilograms,8.9,9.6,9.8,centimeters,,,,,,,
B07PRCJQFX,200,"Johnstone's - Amphibious Wall & Ceiling Paint Tester Pots - Emulsion - Easy Apply, Dries in 1-2 Hours - 75ml",,PAINT,https://m.media-amazon.com/images/I/51Wziut3JLL.jpg,,5010426808468,05010426808468,,Amphibious,75 ml (Pack of 1),PPG Architectural Coatings UK & Ireland,,,0.16,kilograms,8.4,8.7,9.8,centimeters,,,,,,,
B0CKS4H64X,200,"Neudorff WeedFree Plus RTU Weed Killer Spray, 750 ml, Glyphosate Free Spray, Weed Remover, Animal Fiendly, Herbicide",,WEED_MOSS_CONTROL_AGENT,https://m.media-amazon.com/images/I/71rn1aug-LL.jpg,,4005240136836,04005240136836,,,,Neudorff,,,0.84,kilograms,5.2,10.6,27.1,centimeters,,,,,,,
B004TRSSIQ,200,"Masterplug ELS132B-01 Permaplug Two Socket Trailing Socket, without Plug and Cable, 13 Amp, Black",,POWER_STRIP,https://m.media-amazon.com/images/I/71xtwqAHecL.jpg,,5015056355924,,,Black,,Nexus (Jiaxing),,,0.14,kilograms,3.4,17.2,19.8,centimeters,,,,,,,
B09MTXZY2Y,200,"Blistex Relief Cream Soothing Protective Lip Cream, 5g",,BEAUTY,https://m.media-amazon.com/images/I/71BEhii7pFL.jpg,,5060177241236,05060177241236,,White,5 g (Pack of 1),Blistex,,,0.01,kilograms,1.5,7.3,13.0,centimeters,,,,,,,
B07CPKRL8Z,200,"L 'Oréal Paris Clay Absolue Glow Mask for Clear, Radiant Complexion Cream 50 ml",,SKIN_TREATMENT_MASK,https://m.media-amazon.com/images/I/81Wo7poSVDL.jpg,,3600523523191,03600523523191,,,50 ml (Pack of 1),L´Oréal Paris,,,0.25,kilograms,7.1,7.3,8.7,centimeters,,,,,,,
B07SLLYRSP,200,"3 PCS EVERBUILD INDUSTRIAL GRADE SUPER GLUE HV HIGH VISCOSITY BONDS PVC, METAL, MDF, ALUMINIUM, CERAMICS, RUBBER ETC. 20G EACH",,BONDING_ADHESIVES,https://m.media-amazon.com/images/I/51b1wbfnH0L.jpg,,,,,clear,20g,Everbuild,,,0.08,kilograms,2.9,8.7,8.9,centimeters,,,,,,,
B003L6RJDQ,404,,,,,,,,,,,,,,,,,,,,,,,,,,"{""errors"": [{""code"": ""NOT_FOUND"", ""message"": ""Requested item, B003L6RJDQ, not found in marketplace(s) A1F83G8C2ARO7P.""}]}"
B00VRF1XEY,200,Matt Tester 75ml (Waterfall),,PAINT,https://m.media-amazon.com/images/I/51SJSZgS3QL.jpg,,5010426738321,05010426738321,,Waterfall,75 ml (Pack of 1),PPG Architectural Coatings UK & Ireland,,,0.15,kilograms,8.5,8.6,9.6,centimeters,,,,,,,
B081Q9CFGC,200,OceanSaver Anti-Bac Cleaning EcoDrop | Anti-Bacterial Multipurpose Cleaning Spray | Ocean Mist | Eco Friendly Cleaning (1 Pack),,CLEANING_AGENT,https://m.media-amazon.com/images/I/61zecJlVl-L.jpg,,5060727260069,,,,1 count (Pack of 1),OceanSaver,,,0.02,kilograms,2.3,4.1,11.1,centimeters,,,,,,,
B08WPCW7TH,200,"Moo Free White Chocolate Bars - Dairy Free, Gluten Free & Vegan (20g)",,CHOCOLATE_CANDY,https://m.media-amazon.com/images/I/61J4r97FIFL.jpg,,5060235830945,05060235830945,,Blue,1 count,Moo Free,,,20.0,grams,0.5,4.0,14.0,centimeters,,,,centimeters,,,
B0B2RBG672,200,"Salt of the Earth - Natural Deodorant Roll on Refill - x7 Uses - Amber & Sandalwood - 100% Natural Origin Ingredients - Vegan - Suitable for Men, Women & Children - 525ml",,BODY_DEODORANT,https://m.media-amazon.com/images/I/71NfVXw8OrL.jpg,,5025452001875,05025452001875,,WHITE,525 ml (Pack of 1),Crystal Spring,,,0.584,kilograms,6.9,7.3,22.2,centimeters,,,,,,,
B08MVGD2ND,200,"Cameleo - Permanent Hair Colour Cream - Copper Brown - Intensive Color & Protection - 5 Oils + Omega Plus Acids - Professional, Luxurious Hair Dye - Full Kit",,HAIR_COLORING_AGENT,https://m.media-amazon.com/images/I/81nwFO1nMpL.jpg,,5901350403105,,,4.4 Copper Brown,50 g (Pack of 1),Delia Cosmetics,,,0.17,kilograms,5.4,8.2,17.3,centimeters,,,,,,,
B0915M1DLF,200,"Makeup Revolution, Conceal & Fix, Ultimate Coverage, Concealer, Medium Sand, 11g",,SKIN_FOUNDATION_CONCEALER,https://m.media-amazon.com/images/I/71nmcSvxaPL.jpg,,5057566143714,,,MEDIUM SAND,1 count (Pack of 1),Revolution Beauty Ltd.,,,0.05,kilograms,3.8,4.0,4.3,centimeters,,,,,,,
B08MVG9QZW,200,"Cameleo - Permanent Hair Colour Cream - Dark Mahogany - Intensive Color & Protection - 5 Oils + Omega Plus Acids - Professional, Luxurious Hair Dye - Full Kit",,HAIR_COLORING_AGENT,https://m.media-amazon.com/images/I/81ZCXZrZiCL.jpg,,5060061200479,,,5.6 Dark Mahogany,50 g (Pack of 1),Delia Cosmetics,,,0.17,kilograms,5.2,8.4,17.4,centimeters,,,,,,,
B00D2O8936,200,SupaTool Nuisance Dust Mask Disposable Cleaning Molded Face Masks Respirator X 20 Masks,,RESPIRATOR,https://m.media-amazon.com/images/I/51dRDyLkd5L.jpg,,5017193064707,05017193064707,,White,1 count (Pack of 20),SupaTool,,,0.07,kilograms,8.8,15.3,17.2,centimeters,,,,,,,
B0CVHD7892,200,Wild Aqua Case And Fresh Cotton & Sea Salt Deodorant Starter Pack 40g,,BODY_DEODORANT,https://m.media-amazon.com/images/I/71P3TNgFYXL.jpg,,5065003990524,,,,40 g (Pack of 1),wild cosmetics ltd,,,0.15,kilograms,1.7,6.4,14.7,centimeters,,,,,,,
B07Y354HMP,200,Wisdom Pro Flex Interdental Brushes 0.70mm Yellow 25 Pack,,TOOTHBRUSH,https://m.media-amazon.com/images/I/61MeZuxokXL.jpg,,5028763012547,,,Yellow,1 count (Pack of 1),Wisdom,,,0.04,kilograms,2.8,10.2,15.4,centimeters,,,,,,,
B0BBH71LQN,200,"OtterBox Symmetry Folio Case for iPad 10th gen 2022, iPad 11th gen 2025 (A16), Shockproof, Drop proof, Slim Protective Folio Case, Tested to Military Standard, Black",,CELLULAR_PHONE_CASE,https://m.media-amazon.com/images/I/71a5zy75yHL.jpg,840262399883,0840262399883,,,Black,,Otterbox,,,0.399,kilograms,1.8,19.4,28.4,centimeters,,,,meters,,,
B072K2PG11,200,"Dishmatic Refillable Washing-Up Liquid Dispensing Handle x1, Antibacterial Easy-Grip Kitchen Washing-Up Tool, with Replaceable General Purpose Sponge Heads x 6",,UTILITY_SPONGE,https://m.media-amazon.com/images/I/418vVu1icUL.jpg,735641890016,0735641890016,,,Multicolor,1 Count,Dishmatic,,,0.12,kilograms,6.4,10.8,24.5,centimeters,,,,,,,
B008HSBYS4,200,"Story of Roses Story of Lily Ladies perfume Natural Spray,Floral, 100 ml",,PERSONAL_FRAGRANCE,https://m.media-amazon.com/images/I/51y8J2KKtmL.jpg,,5055170280900,,,white,100 ml (Pack of 1),Fine Perfumary,,,0.26,kilograms,4.9,9.0,12.7,centimeters,,,,,,,
B00VREYQYO,200,Matt Tester 75ml (Seashell),,PAINT,https://m.media-amazon.com/images/I/51t8NZfnu3L.jpg,,5010426737881,05010426737881,,Seashell,75 ml,PPG Architectural Coatings UK & Ireland,,,0.163,kilograms,8.9,9.6,9.8,centimeters,,,,,,,
B07PRCJQFX,200,"Johnstone's - Amphibious Wall & Ceiling Paint Tester Pots - Emulsion - Easy Apply, Dries in 1-2 Hours - 75ml",,PAINT,https://m.media-amazon.com/images/I/51Wziut3JLL.jpg,,5010426808468,05010426808468,,Amphibious,75 ml (Pack of 1),PPG Architectural Coatings UK & Ireland,,,0.16,kilograms,8.4,8.7,9.8,centimeters,,,,,,,
B0CKS4H64X,200,"Neudorff WeedFree Plus RTU Weed Killer Spray, 750 ml, Glyphosate Free Spray, Weed Remover, Animal Fiendly, Herbicide",,WEED_MOSS_CONTROL_AGENT,https://m.media-amazon.com/images/I/71rn1aug-LL.jpg,,4005240136836,04005240136836,,,,Neudorff,,,0.84,kilograms,5.2,10.6,27.1,centimeters,,,,,,,
B004TRSSIQ,200,"Masterplug ELS132B-01 Permaplug Two Socket Trailing Socket, without Plug and Cable, 13 Amp, Black",,POWER_STRIP,https://m.media-amazon.com/images/I/71xtwqAHecL.jpg,,5015056355924,,,Black,,Nexus (Jiaxing),,,0.14,kilograms,3.4,17.2,19.8,centimeters,,,,,,,
B09MTXZY2Y,200,"Blistex Relief Cream Soothing Protective Lip Cream, 5g",,BEAUTY,https://m.media-amazon.com/images/I/71BEhii7pFL.jpg,,5060177241236,05060177241236,,White,5 g (Pack of 1),Blistex,,,0.01,kilograms,1.5,7.3,13.0,centimeters,,,,,,,
B07CPKRL8Z,200,"L 'Oréal Paris Clay Absolue Glow Mask for Clear, Radiant Complexion Cream 50 ml",,SKIN_TREATMENT_MASK,https://m.media-amazon.com/images/I/81Wo7poSVDL.jpg,,3600523523191,03600523523191,,,50 ml (Pack of 1),L´Oréal Paris,,,0.25,kilograms,7.1,7.3,8.7,centimeters,,,,,,,
B07SLLYRSP,200,"3 PCS EVERBUILD INDUSTRIAL GRADE SUPER GLUE HV HIGH VISCOSITY BONDS PVC, METAL, MDF, ALUMINIUM, CERAMICS, RUBBER ETC. 20G EACH",,BONDING_ADHESIVES,https://m.media-amazon.com/images/I/51b1wbfnH0L.jpg,,,,,clear,20g,Everbuild,,,0.08,kilograms,2.9,8.7,8.9,centimeters,,,,,,,
B003L6RJDQ,404,,,,,,,,,,,,,,,,,,,,,,,,,,"{""errors"": [{""code"": ""NOT_FOUND"", ""message"": ""Requested item, B003L6RJDQ, not found in marketplace(s) A1F83G8C2ARO7P.""}]}"
B00VRF1XEY,200,Matt Tester 75ml (Waterfall),,PAINT,https://m.media-amazon.com/images/I/51SJSZgS3QL.jpg,,5010426738321,05010426738321,,Waterfall,75 ml (Pack of 1),PPG Architectural Coatings UK & Ireland,,,0.15,kilograms,8.5,8.6,9.6,centimeters,,,,,,,
B081Q9CFGC,200,OceanSaver Anti-Bac Cleaning EcoDrop | Anti-Bacterial Multipurpose Cleaning Spray | Ocean Mist | Eco Friendly Cleaning (1 Pack),,CLEANING_AGENT,https://m.media-amazon.com/images/I/61zecJlVl-L.jpg,,5060727260069,,,,1 count (Pack of 1),OceanSaver,,,0.02,kilograms,2.3,4.1,11.1,centimeters,,,,,,,
B08WPCW7TH,200,"Moo Free White Chocolate Bars - Dairy Free, Gluten Free & Vegan (20g)",,CHOCOLATE_CANDY,https://m.media-amazon.com/images/I/61J4r97FIFL.jpg,,5060235830945,05060235830945,,Blue,1 count,Moo Free,,,20.0,grams,0.5,4.0,14.0,centimeters,,,,centimeters,,,
B0B2RBG672,200,"Salt of the Earth - Natural Deodorant Roll on Refill - x7 Uses - Amber & Sandalwood - 100% Natural Origin Ingredients - Vegan - Suitable for Men, Women & Children - 525ml",,BODY_DEODORANT,https://m.media-amazon.com/images/I/71NfVXw8OrL.jpg,,5025452001875,05025452001875,,WHITE,525 ml (Pack of 1),Crystal Spring,,,0.584,kilograms,6.9,7.3,22.2,centimeters,,,,,,,
B08MVGD2ND,200,"Cameleo - Permanent Hair Colour Cream - Copper Brown - Intensive Color & Protection - 5 Oils + Omega Plus Acids - Professional, Luxurious Hair Dye - Full Kit",,HAIR_COLORING_AGENT,https://m.media-amazon.com/images/I/81nwFO1nMpL.jpg,,5901350403105,,,4.4 Copper Brown,50 g (Pack of 1),Delia Cosmetics,,,0.17,kilograms,5.4,8.2,17.3,centimeters,,,,,,,
B0915M1DLF,200,"Makeup Revolution, Conceal & Fix, Ultimate Coverage, Concealer, Medium Sand, 11g",,SKIN_FOUNDATION_CONCEALER,https://m.media-amazon.com/images/I/71nmcSvxaPL.jpg,,5057566143714,,,MEDIUM SAND,1 count (Pack of 1),Revolution Beauty Ltd.,,,0.05,kilograms,3.8,4.0,4.3,centimeters,,,,,,,
B08MVG9QZW,200,"Cameleo - Permanent Hair Colour Cream - Dark Mahogany - Intensive Color & Protection - 5 Oils + Omega Plus Acids - Professional, Luxurious Hair Dye - Full Kit",,HAIR_COLORING_AGENT,https://m.media-amazon.com/images/I/81ZCXZrZiCL.jpg,,5060061200479,,,5.6 Dark Mahogany,50 g (Pack of 1),Delia Cosmetics,,,0.17,kilograms,5.2,8.4,17.4,centimeters,,,,,,,
B00D2O8936,200,SupaTool Nuisance Dust Mask Disposable Cleaning Molded Face Masks Respirator X 20 Masks,,RESPIRATOR,https://m.media-amazon.com/images/I/51dRDyLkd5L.jpg,,5017193064707,05017193064707,,White,1 count (Pack of 20),SupaTool,,,0.07,kilograms,8.8,15.3,17.2,centimeters,,,,,,,
B0CVHD7892,200,Wild Aqua Case And Fresh Cotton & Sea Salt Deodorant Starter Pack 40g,,BODY_DEODORANT,https://m.media-amazon.com/images/I/71P3TNgFYXL.jpg,,5065003990524,,,,40 g (Pack of 1),wild cosmetics ltd,,,0.15,kilograms,1.7,6.4,14.7,centimeters,,,,,,,
B07Y354HMP,200,Wisdom Pro Flex Interdental Brushes 0.70mm Yellow 25 Pack,,TOOTHBRUSH,https://m.media-amazon.com/images/I/61MeZuxokXL.jpg,,5028763012547,,,Yellow,1 count (Pack of 1),Wisdom,,,0.04,kilograms,2.8,10.2,15.4,centimeters,,,,,,,
B0BBH71LQN,200,"OtterBox Symmetry Folio Case for iPad 10th gen 2022, iPad 11th gen 2025 (A16), Shockproof, Drop proof, Slim Protective Folio Case, Tested to Military Standard, Black",,CELLULAR_PHONE_CASE,https://m.media-amazon.com/images/I/71a5zy75yHL.jpg,840262399883,0840262399883,,,Black,,Otterbox,,,0.399,kilograms,1.8,19.4,28.4,centimeters,,,,meters,,,
B072K2PG11,200,"Dishmatic Refillable Washing-Up Liquid Dispensing Handle x1, Antibacterial Easy-Grip Kitchen Washing-Up Tool, with Replaceable General Purpose Sponge Heads x 6",,UTILITY_SPONGE,https://m.media-amazon.com/images/I/418vVu1icUL.jpg,735641890016,0735641890016,,,Multicolor,1 Count,Dishmatic,,,0.12,kilograms,6.4,10.8,24.5,centimeters,,,,,,,
B008HSBYS4,200,"Story of Roses Story of Lily Ladies perfume Natural Spray,Floral, 100 ml",,PERSONAL_FRAGRANCE,https://m.media-amazon.com/images/I/51y8J2KKtmL.jpg,,5055170280900,,,white,100 ml (Pack of 1),Fine Perfumary,,,0.26,kilograms,4.9,9.0,12.7,centimeters,,,,,,,
B00VREYQYO,200,Matt Tester 75ml (Seashell),,PAINT,https://m.media-amazon.com/images/I/51t8NZfnu3L.jpg,,5010426737881,05010426737881,,Seashell,75 ml,PPG Architectural Coatings UK & Ireland,,,0.163,kilograms,8.9,9.6,9.8,centimeters,,,,,,,
B07PRCJQFX,200,"Johnstone's - Amphibious Wall & Ceiling Paint Tester Pots - Emulsion - Easy Apply, Dries in 1-2 Hours - 75ml",,PAINT,https://m.media-amazon.com/images/I/51Wziut3JLL.jpg,,5010426808468,05010426808468,,Amphibious,75 ml (Pack of 1),PPG Architectural Coatings UK & Ireland,,,0.16,kilograms,8.4,8.7,9.8,centimeters,,,,,,,
B0CKS4H64X,200,"Neudorff WeedFree Plus RTU Weed Killer Spray, 750 ml, Glyphosate Free Spray, Weed Remover, Animal Fiendly, Herbicide",,WEED_MOSS_CONTROL_AGENT,https://m.media-amazon.com/images/I/71rn1aug-LL.jpg,,4005240136836,04005240136836,,,,Neudorff,,,0.84,kilograms,5.2,10.6,27.1,centimeters,,,,,,,
B004TRSSIQ,200,"Masterplug ELS132B-01 Permaplug Two Socket Trailing Socket, without Plug and Cable, 13 Amp, Black",,POWER_STRIP,https://m.media-amazon.com/images/I/71xtwqAHecL.jpg,,5015056355924,,,Black,,Nexus (Jiaxing),,,0.14,kilograms,3.4,17.2,19.8,centimeters,,,,,,,
B09MTXZY2Y,200,"Blistex Relief Cream Soothing Protective Lip Cream, 5g",,BEAUTY,https://m.media-amazon.com/images/I/71BEhii7pFL.jpg,,5060177241236,05060177241236,,White,5 g (Pack of 1),Blistex,,,0.01,kilograms,1.5,7.3,13.0,centimeters,,,,,,,
B07CPKRL8Z,200,"L 'Oréal Paris Clay Absolue Glow Mask for Clear, Radiant Complexion Cream 50 ml",,SKIN_TREATMENT_MASK,https://m.media-amazon.com/images/I/81Wo7poSVDL.jpg,,3600523523191,03600523523191,,,50 ml (Pack of 1),L´Oréal Paris,,,0.25,kilograms,7.1,7.3,8.7,centimeters,,,,,,,
B07SLLYRSP,200,"3 PCS EVERBUILD INDUSTRIAL GRADE SUPER GLUE HV HIGH VISCOSITY BONDS PVC, METAL, MDF, ALUMINIUM, CERAMICS, RUBBER ETC. 20G EACH",,BONDING_ADHESIVES,https://m.media-amazon.com/images/I/31cHtw8+7CL.jpg,,,,,clear,20g,Everbuild,,,0.08,kilograms,2.9,8.7,8.9,centimeters,,,,,,,
B003L6RJDQ,404,,,,,,,,,,,,,,,,,,,,,,,,,,"{""errors"": [{""code"": ""NOT_FOUND"", ""message"": ""Requested item, B003L6RJDQ, not found in marketplace(s) A1F83G8C2ARO7P.""}]}"
B00VRF1XEY,200,Matt Tester 75ml (Waterfall),,PAINT,https://m.media-amazon.com/images/I/51SJSZgS3QL.jpg,,5010426738321,05010426738321,,Waterfall,75 ml (Pack of 1),PPG Architectural Coatings UK & Ireland,,,0.15,kilograms,8.5,8.6,9.6,centimeters,,,,,,,
B081Q9CFGC,200,OceanSaver Anti-Bac Cleaning EcoDrop | Anti-Bacterial Multipurpose Cleaning Spray | Ocean Mist | Eco Friendly Cleaning (1 Pack),,CLEANING_AGENT,https://m.media-amazon.com/images/I/61zecJlVl-L.jpg,,5060727260069,,,,1 count (Pack of 1),OceanSaver,,,0.02,kilograms,2.3,4.1,11.1,centimeters,,,,,,,
B08WPCW7TH,200,"Moo Free White Chocolate Bars - Dairy Free, Gluten Free & Vegan (20g)",,CHOCOLATE_CANDY,https://m.media-amazon.com/images/I/61J4r97FIFL.jpg,,5060235830945,05060235830945,,Blue,1 count,Moo Free,,,20.0,grams,0.5,4.0,14.0,centimeters,,,,centimeters,,,
B0B2RBG672,200,"Salt of the Earth - Natural Deodorant Roll on Refill - x7 Uses - Amber & Sandalwood - 100% Natural Origin Ingredients - Vegan - Suitable for Men, Women & Children - 525ml",,BODY_DEODORANT,https://m.media-amazon.com/images/I/71NfVXw8OrL.jpg,,5025452001875,05025452001875,,WHITE,525 ml (Pack of 1),Crystal Spring,,,0.584,kilograms,6.9,7.3,22.2,centimeters,,,,,,,
B08MVGD2ND,200,"Cameleo - Permanent Hair Colour Cream - Copper Brown - Intensive Color & Protection - 5 Oils + Omega Plus Acids - Professional, Luxurious Hair Dye - Full Kit",,HAIR_COLORING_AGENT,https://m.media-amazon.com/images/I/81nwFO1nMpL.jpg,,5901350403105,,,4.4 Copper Brown,50 g (Pack of 1),Delia Cosmetics,,,0.17,kilograms,5.4,8.2,17.3,centimeters,,,,,,,
B0915M1DLF,200,"Makeup Revolution, Conceal & Fix, Ultimate Coverage, Concealer, Medium Sand, 11g",,SKIN_FOUNDATION_CONCEALER,https://m.media-amazon.com/images/I/71nmcSvxaPL.jpg,,5057566143714,,,MEDIUM SAND,1 count (Pack of 1),Revolution Beauty Ltd.,,,0.05,kilograms,3.8,4.0,4.3,centimeters,,,,,,,
B08MVG9QZW,200,"Cameleo - Permanent Hair Colour Cream - Dark Mahogany - Intensive Color & Protection - 5 Oils + Omega Plus Acids - Professional, Luxurious Hair Dye - Full Kit",,HAIR_COLORING_AGENT,https://m.media-amazon.com/images/I/81ZCXZrZiCL.jpg,,5060061200479,,,5.6 Dark Mahogany,50 g (Pack of 1),Delia Cosmetics,,,0.17,kilograms,5.2,8.4,17.4,centimeters,,,,,,,
B00D2O8936,200,SupaTool Nuisance Dust Mask Disposable Cleaning Molded Face Masks Respirator X 20 Masks,,RESPIRATOR,https://m.media-amazon.com/images/I/51dRDyLkd5L.jpg,,5017193064707,05017193064707,,White,1 count (Pack of 20),SupaTool,,,0.07,kilograms,8.8,15.3,17.2,centimeters,,,,,,,
B0CVHD7892,200,Wild Aqua Case And Fresh Cotton & Sea Salt Deodorant Starter Pack 40g,,BODY_DEODORANT,https://m.media-amazon.com/images/I/71P3TNgFYXL.jpg,,5065003990524,,,,40 g (Pack of 1),wild cosmetics ltd,,,0.15,kilograms,1.7,6.4,14.7,centimeters,,,,,,,
B07Y354HMP,200,Wisdom Pro Flex Interdental Brushes 0.70mm Yellow 25 Pack,,TOOTHBRUSH,https://m.media-amazon.com/images/I/61MeZuxokXL.jpg,,5028763012547,,,Yellow,1 count (Pack of 1),Wisdom,,,0.04,kilograms,2.8,10.2,15.4,centimeters,,,,,,,
B0BBH71LQN,200,"OtterBox Symmetry Folio Case for iPad 10th gen 2022, iPad 11th gen 2025 (A16), Shockproof, Drop proof, Slim Protective Folio Case, Tested to Military Standard, Black",,CELLULAR_PHONE_CASE,https://m.media-amazon.com/images/I/71a5zy75yHL.jpg,840262399883,0840262399883,,,Black,,Otterbox,,,0.399,kilograms,1.8,19.4,28.4,centimeters,,,,meters,,,
B072K2PG11,200,"Dishmatic Refillable Washing-Up Liquid Dispensing Handle x1, Antibacterial Easy-Grip Kitchen Washing-Up Tool, with Replaceable General Purpose Sponge Heads x 6",,UTILITY_SPONGE,https://m.media-amazon.com/images/I/418vVu1icUL.jpg,735641890016,0735641890016,,,Multicolor,1 Count,Dishmatic,,,0.12,kilograms,6.4,10.8,24.5,centimeters,,,,,,,
B008HSBYS4,200,"Story of Roses Story of Lily Ladies perfume Natural Spray,Floral, 100 ml",,PERSONAL_FRAGRANCE,https://m.media-amazon.com/images/I/51y8J2KKtmL.jpg,,5055170280900,,,white,100 ml (Pack of 1),Fine Perfumary,,,0.26,kilograms,4.9,9.0,12.7,centimeters,,,,,,,
B00VREYQYO,200,Matt Tester 75ml (Seashell),,PAINT,https://m.media-amazon.com/images/I/51t8NZfnu3L.jpg,,5010426737881,05010426737881,,Seashell,75 ml,PPG Architectural Coatings UK & Ireland,,,0.163,kilograms,8.9,9.6,9.8,centimeters,,,,,,,
B07PRCJQFX,200,"Johnstone's - Amphibious Wall & Ceiling Paint Tester Pots - Emulsion - Easy Apply, Dries in 1-2 Hours - 75ml",,PAINT,https://m.media-amazon.com/images/I/51Wziut3JLL.jpg,,5010426808468,05010426808468,,Amphibious,75 ml (Pack of 1),PPG Architectural Coatings UK & Ireland,,,0.16,kilograms,8.4,8.7,9.8,centimeters,,,,,,,
B0CKS4H64X,200,"Neudorff WeedFree Plus RTU Weed Killer Spray, 750 ml, Glyphosate Free Spray, Weed Remover, Animal Fiendly, Herbicide",,WEED_MOSS_CONTROL_AGENT,https://m.media-amazon.com/images/I/71rn1aug-LL.jpg,,4005240136836,04005240136836,,,,Neudorff,,,0.84,kilograms,5.2,10.6,27.1,centimeters,,,,,,,
B004TRSSIQ,200,"Masterplug ELS132B-01 Permaplug Two Socket Trailing Socket, without Plug and Cable, 13 Amp, Black",,POWER_STRIP,https://m.media-amazon.com/images/I/71xtwqAHecL.jpg,,5015056355924,,,Black,,Nexus (Jiaxing),,,0.14,kilograms,3.4,17.2,19.8,centimeters,,,,,,,
B09MTXZY2Y,200,"Blistex Relief Cream Soothing Protective Lip Cream, 5g",,BEAUTY,https://m.media-amazon.com/images/I/71BEhii7pFL.jpg,,5060177241236,05060177241236,,White,5 g (Pack of 1),Blistex,,,0.01,kilograms,1.5,7.3,13.0,centimeters,,,,,,,
B07CPKRL8Z,200,"L 'Oréal Paris Clay Absolue Glow Mask for Clear, Radiant Complexion Cream 50 ml",,SKIN_TREATMENT_MASK,https://m.media-amazon.com/images/I/81Wo7poSVDL.jpg,,3600523523191,03600523523191,,,50 ml (Pack of 1),L´Oréal Paris,,,0.25,kilograms,7.1,7.3,8.7,centimeters,,,,,,,
B07SLLYRSP,200,"3 PCS EVERBUILD INDUSTRIAL GRADE SUPER GLUE HV HIGH VISCOSITY BONDS PVC, METAL, MDF, ALUMINIUM, CERAMICS, RUBBER ETC. 20G EACH",,BONDING_ADHESIVES,https://m.media-amazon.com/images/I/51b1wbfnH0L.jpg,,,,,clear,20g,Everbuild,,,0.08,kilograms,2.9,8.7,8.9,centimeters,,,,,,,
B003L6RJDQ,404,,,,,,,,,,,,,,,,,,,,,,,,,,"{""errors"": [{""code"": ""NOT_FOUND"", ""message"": ""Requested item, B003L6RJDQ, not found in marketplace(s) A1F83G8C2ARO7P.""}]}"
B00VRF1XEY,200,Matt Tester 75ml (Waterfall),,PAINT,https://m.media-amazon.com/images/I/51SJSZgS3QL.jpg,,5010426738321,05010426738321,,Waterfall,75 ml (Pack of 1),PPG Architectural Coatings UK & Ireland,,,0.15,kilograms,8.5,8.6,9.6,centimeters,,,,,,,
B081Q9CFGC,200,OceanSaver Anti-Bac Cleaning EcoDrop | Anti-Bacterial Multipurpose Cleaning Spray | Ocean Mist | Eco Friendly Cleaning (1 Pack),,CLEANING_AGENT,https://m.media-amazon.com/images/I/41stG1i9RYL.jpg,,5060727260069,,,,1 count (Pack of 1),OceanSaver,,,0.02,kilograms,2.3,4.1,11.1,centimeters,,,,,,,
B08WPCW7TH,200,"Moo Free White Chocolate Bars - Dairy Free, Gluten Free & Vegan (20g)",,CHOCOLATE_CANDY,https://m.media-amazon.com/images/I/41qQZUCIQNL.jpg,,5060235830945,05060235830945,,Blue,1 count,Moo Free,,,20.0,grams,0.5,4.0,14.0,centimeters,,,,centimeters,,,
B0B2RBG672,200,"Salt of the Earth - Natural Deodorant Roll on Refill - x7 Uses - Amber & Sandalwood - 100% Natural Origin Ingredients - Vegan - Suitable for Men, Women & Children - 525ml",,BODY_DEODORANT,https://m.media-amazon.com/images/I/41IA0HhuYFL.jpg,,5025452001875,05025452001875,,WHITE,525 ml (Pack of 1),Crystal Spring,,,0.584,kilograms,6.9,7.3,22.2,centimeters,,,,,,,
B08MVGD2ND,200,"Cameleo - Permanent Hair Colour Cream - Copper Brown - Intensive Color & Protection - 5 Oils + Omega Plus Acids - Professional, Luxurious Hair Dye - Full Kit",,HAIR_COLORING_AGENT,https://m.media-amazon.com/images/I/41z-GeHwkEL.jpg,,5901350403105,,,4.4 Copper Brown,50 g (Pack of 1),Delia Cosmetics,,,0.17,kilograms,5.4,8.2,17.3,centimeters,,,,,,,
B0915M1DLF,200,"Makeup Revolution, Conceal & Fix, Ultimate Coverage, Concealer, Medium Sand, 11g",,SKIN_FOUNDATION_CONCEALER,https://m.media-amazon.com/images/I/31K3OFHUrlL.jpg,,5057566143714,,,MEDIUM SAND,1 count (Pack of 1),Revolution Beauty Ltd.,,,0.05,kilograms,3.8,4.0,4.3,centimeters,,,,,,,
B08MVG9QZW,200,"Cameleo - Permanent Hair Colour Cream - Dark Mahogany - Intensive Color & Protection - 5 Oils + Omega Plus Acids - Professional, Luxurious Hair Dye - Full Kit",,HAIR_COLORING_AGENT,https://m.media-amazon.com/images/I/41nOvzJc8GL.jpg,,5060061200479,,,5.6 Dark Mahogany,50 g (Pack of 1),Delia Cosmetics,,,0.17,kilograms,5.2,8.4,17.4,centimeters,,,,,,,
B00D2O8936,200,SupaTool Nuisance Dust Mask Disposable Cleaning Molded Face Masks Respirator X 20 Masks,,RESPIRATOR,https://m.media-amazon.com/images/I/41FFNEy5IkL.jpg,,5017193064707,05017193064707,,White,1 count (Pack of 20),SupaTool,,,0.07,kilograms,8.8,15.3,17.2,centimeters,,,,,,,
B0CVHD7892,200,Wild Aqua Case And Fresh Cotton & Sea Salt Deodorant Starter Pack 40g,,BODY_DEODORANT,https://m.media-amazon.com/images/I/417v6SwqzhL.jpg,,5065003990524,,,,40 g (Pack of 1),wild cosmetics ltd,,,0.15,kilograms,1.7,6.4,14.7,centimeters,,,,,,,
B07Y354HMP,200,Wisdom Pro Flex Interdental Brushes 0.70mm Yellow 25 Pack,,TOOTHBRUSH,https://m.media-amazon.com/images/I/41kayoBl2oL.jpg,,5028763012547,,,Yellow,1 count (Pack of 1),Wisdom,,,0.04,kilograms,2.8,10.2,15.4,centimeters,,,,,,,
B0BBH71LQN,200,"OtterBox Symmetry Folio Case for iPad 10th gen 2022, iPad 11th gen 2025 (A16), Shockproof, Drop proof, Slim Protective Folio Case, Tested to Military Standard, Black",,CELLULAR_PHONE_CASE,https://m.media-amazon.com/images/I/31pv0w1QaVL.jpg,840262399883,0840262399883,,,Black,,Otterbox,,,0.399,kilograms,1.8,19.4,28.4,centimeters,,,,meters,,,
B072K2PG11,200,"Dishmatic Refillable Washing-Up Liquid Dispensing Handle x1, Antibacterial Easy-Grip Kitchen Washing-Up Tool, with Replaceable General Purpose Sponge Heads x 6",,UTILITY_SPONGE,https://m.media-amazon.com/images/I/418vVu1icUL.jpg,735641890016,0735641890016,,,Multicolor,1 Count,Dishmatic,,,0.12,kilograms,6.4,10.8,24.5,centimeters,,,,,,,
B008HSBYS4,200,"Story of Roses Story of Lily Ladies perfume Natural Spray,Floral, 100 ml",,PERSONAL_FRAGRANCE,https://m.media-amazon.com/images/I/51y8J2KKtmL.jpg,,5055170280900,,,white,100 ml (Pack of 1),Fine Perfumary,,,0.26,kilograms,4.9,9.0,12.7,centimeters,,,,,,,
B00VREYQYO,200,Matt Tester 75ml (Seashell),,PAINT,https://m.media-amazon.com/images/I/318pt8fkrnL.jpg,,5010426737881,05010426737881,,Seashell,75 ml,PPG Architectural Coatings UK & Ireland,,,0.163,kilograms,8.9,9.6,9.8,centimeters,,,,,,,
B07PRCJQFX,200,"Johnstone's - Amphibious Wall & Ceiling Paint Tester Pots - Emulsion - Easy Apply, Dries in 1-2 Hours - 75ml",,PAINT,https://m.media-amazon.com/images/I/31CDZn0XEnL.jpg,,5010426808468,05010426808468,,Amphibious,75 ml (Pack of 1),PPG Architectural Coatings UK & Ireland,,,0.16,kilograms,8.4,8.7,9.8,centimeters,,,,,,,
B0CKS4H64X,200,"Neudorff WeedFree Plus RTU Weed Killer Spray, 750 ml, Glyphosate Free Spray, Weed Remover, Animal Fiendly, Herbicide",,WEED_MOSS_CONTROL_AGENT,https://m.media-amazon.com/images/I/416+Zklf-EL.jpg,,4005240136836,04005240136836,,,,Neudorff,,,0.84,kilograms,5.2,10.6,27.1,centimeters,,,,,,,
B004TRSSIQ,200,"Masterplug ELS132B-01 Permaplug Two Socket Trailing Socket, without Plug and Cable, 13 Amp, Black",,POWER_STRIP,https://m.media-amazon.com/images/I/51NxsPAAHpL.jpg,,5015056355924,,,Black,,Nexus (Jiaxing),,,0.14,kilograms,3.4,17.2,19.8,centimeters,,,,,,,
B09MTXZY2Y,200,"Blistex Relief Cream Soothing Protective Lip Cream, 5g",,BEAUTY,https://m.media-amazon.com/images/I/41A+9HVbfyL.jpg,,5060177241236,05060177241236,,White,5 g (Pack of 1),Blistex,,,0.01,kilograms,1.5,7.3,13.0,centimeters,,,,,,,
B07CPKRL8Z,200,"L 'Oréal Paris Clay Absolue Glow Mask for Clear, Radiant Complexion Cream 50 ml",,SKIN_TREATMENT_MASK,https://m.media-amazon.com/images/I/51Nly1NXAcL.jpg,,3600523523191,03600523523191,,,50 ml (Pack of 1),L´Oréal Paris,,,0.25,kilograms,7.1,7.3,8.7,centimeters,,,,,,,
B07SLLYRSP,200,"3 PCS EVERBUILD INDUSTRIAL GRADE SUPER GLUE HV HIGH VISCOSITY BONDS PVC, METAL, MDF, ALUMINIUM, CERAMICS, RUBBER ETC. 20G EACH",,BONDING_ADHESIVES,https://m.media-amazon.com/images/I/31cHtw8+7CL.jpg,,,,,clear,20g,Everbuild,,,0.08,kilograms,2.9,8.7,8.9,centimeters,,,,,,,
B003L6RJDQ,404,,,,,,,,,,,,,,,,,,,,,,,,,,"{""errors"": [{""code"": ""NOT_FOUND"", ""message"": ""Requested item, B003L6RJDQ, not found in marketplace(s) A1F83G8C2ARO7P.""}]}"
B00VRF1XEY,200,Matt Tester 75ml (Waterfall),,PAINT,https://m.media-amazon.com/images/I/31QOznufwDL.jpg,,5010426738321,05010426738321,,Waterfall,75 ml (Pack of 1),PPG Architectural Coatings UK & Ireland,,,0.15,kilograms,8.5,8.6,9.6,centimeters,,,,,,,
B081Q9CFGC,200,OceanSaver Anti-Bac Cleaning EcoDrop | Anti-Bacterial Multipurpose Cleaning Spray | Ocean Mist | Eco Friendly Cleaning (1 Pack),,CLEANING_AGENT,https://m.media-amazon.com/images/I/61zecJlVl-L.jpg,,5060727260069,,,,1 count (Pack of 1),OceanSaver,,,0.02,kilograms,2.3,4.1,11.1,centimeters,,,,,,,
B08WPCW7TH,200,"Moo Free White Chocolate Bars - Dairy Free, Gluten Free & Vegan (20g)",,CHOCOLATE_CANDY,https://m.media-amazon.com/images/I/61J4r97FIFL.jpg,,5060235830945,05060235830945,,Blue,1 count,Moo Free,,,20.0,grams,0.5,4.0,14.0,centimeters,,,,centimeters,,,
B0B2RBG672,200,"Salt of the Earth - Natural Deodorant Roll on Refill - x7 Uses - Amber & Sandalwood - 100% Natural Origin Ingredients - Vegan - Suitable for Men, Women & Children - 525ml",,BODY_DEODORANT,https://m.media-amazon.com/images/I/71NfVXw8OrL.jpg,,5025452001875,05025452001875,,WHITE,525 ml (Pack of 1),Crystal Spring,,,0.584,kilograms,6.9,7.3,22.2,centimeters,,,,,,,
B08MVGD2ND,200,"Cameleo - Permanent Hair Colour Cream - Copper Brown - Intensive Color & Protection - 5 Oils + Omega Plus Acids - Professional, Luxurious Hair Dye - Full Kit",,HAIR_COLORING_AGENT,https://m.media-amazon.com/images/I/81nwFO1nMpL.jpg,,5901350403105,,,4.4 Copper Brown,50 g (Pack of 1),Delia Cosmetics,,,0.17,kilograms,5.4,8.2,17.3,centimeters,,,,,,,
B0915M1DLF,200,"Makeup Revolution, Conceal & Fix, Ultimate Coverage, Concealer, Medium Sand, 11g",,SKIN_FOUNDATION_CONCEALER,https://m.media-amazon.com/images/I/71nmcSvxaPL.jpg,,5057566143714,,,MEDIUM SAND,1 count (Pack of 1),Revolution Beauty Ltd.,,,0.05,kilograms,3.8,4.0,4.3,centimeters,,,,,,,
B08MVG9QZW,200,"Cameleo - Permanent Hair Colour Cream - Dark Mahogany - Intensive Color & Protection - 5 Oils + Omega Plus Acids - Professional, Luxurious Hair Dye - Full Kit",,HAIR_COLORING_AGENT,https://m.media-amazon.com/images/I/81ZCXZrZiCL.jpg,,5060061200479,,,5.6 Dark Mahogany,50 g (Pack of 1),Delia Cosmetics,,,0.17,kilograms,5.2,8.4,17.4,centimeters,,,,,,,
B00D2O8936,200,SupaTool Nuisance Dust Mask Disposable Cleaning Molded Face Masks Respirator X 20 Masks,,RESPIRATOR,https://m.media-amazon.com/images/I/51dRDyLkd5L.jpg,,5017193064707,05017193064707,,White,1 count (Pack of 20),SupaTool,,,0.07,kilograms,8.8,15.3,17.2,centimeters,,,,,,,
B0CVHD7892,200,Wild Aqua Case And Fresh Cotton & Sea Salt Deodorant Starter Pack 40g,,BODY_DEODORANT,https://m.media-amazon.com/images/I/71P3TNgFYXL.jpg,,5065003990524,,,,40 g (Pack of 1),wild cosmetics ltd,,,0.15,kilograms,1.7,6.4,14.7,centimeters,,,,,,,
B07Y354HMP,200,Wisdom Pro Flex Interdental Brushes 0.70mm Yellow 25 Pack,,TOOTHBRUSH,https://m.media-amazon.com/images/I/61MeZuxokXL.jpg,,5028763012547,,,Yellow,1 count (Pack of 1),Wisdom,,,0.04,kilograms,2.8,10.2,15.4,centimeters,,,,,,,
B0BBH71LQN,200,"OtterBox Symmetry Folio Case for iPad 10th gen 2022, iPad 11th gen 2025 (A16), Shockproof, Drop proof, Slim Protective Folio Case, Tested to Military Standard, Black",,CELLULAR_PHONE_CASE,https://m.media-amazon.com/images/I/71a5zy75yHL.jpg,840262399883,0840262399883,,,Black,,Otterbox,,,0.399,kilograms,1.8,19.4,28.4,centimeters,,,,meters,,,
B072K2PG11,200,"Dishmatic Refillable Washing-Up Liquid Dispensing Handle x1, Antibacterial Easy-Grip Kitchen Washing-Up Tool, with Replaceable General Purpose Sponge Heads x 6",,UTILITY_SPONGE,https://m.media-amazon.com/images/I/716YaajxTRL.jpg,735641890016,0735641890016,,,Multicolor,1 Count,Dishmatic,,,0.12,kilograms,6.4,10.8,24.5,centimeters,,,,,,,
B008HSBYS4,200,"Story of Roses Story of Lily Ladies perfume Natural Spray,Floral, 100 ml",,PERSONAL_FRAGRANCE,https://m.media-amazon.com/images/I/51y8J2KKtmL.jpg,,5055170280900,,,white,100 ml (Pack of 1),Fine Perfumary,,,0.26,kilograms,4.9,9.0,12.7,centimeters,,,,,,,
B00VREYQYO,200,Matt Tester 75ml (Seashell),,PAINT,https://m.media-amazon.com/images/I/51t8NZfnu3L.jpg,,5010426737881,05010426737881,,Seashell,75 ml,PPG Architectural Coatings UK & Ireland,,,0.163,kilograms,8.9,9.6,9.8,centimeters,,,,,,,
B07PRCJQFX,200,"Johnstone's - Amphibious Wall & Ceiling Paint Tester Pots - Emulsion - Easy Apply, Dries in 1-2 Hours - 75ml",,PAINT,https://m.media-amazon.com/images/I/51Wziut3JLL.jpg,,5010426808468,05010426808468,,Amphibious,75 ml (Pack of 1),PPG Architectural Coatings UK & Ireland,,,0.16,kilograms,8.4,8.7,9.8,centimeters,,,,,,,
B0CKS4H64X,200,"Neudorff WeedFree Plus RTU Weed Killer Spray, 750 ml, Glyphosate Free Spray, Weed Remover, Animal Fiendly, Herbicide",,WEED_MOSS_CONTROL_AGENT,https://m.media-amazon.com/images/I/71rn1aug-LL.jpg,,4005240136836,04005240136836,,,,Neudorff,,,0.84,kilograms,5.2,10.6,27.1,centimeters,,,,,,,
B004TRSSIQ,200,"Masterplug ELS132B-01 Permaplug Two Socket Trailing Socket, without Plug and Cable, 13 Amp, Black",,POWER_STRIP,https://m.media-amazon.com/images/I/71xtwqAHecL.jpg,,5015056355924,,,Black,,Nexus (Jiaxing),,,0.14,kilograms,3.4,17.2,19.8,centimeters,,,,,,,
B09MTXZY2Y,200,"Blistex Relief Cream Soothing Protective Lip Cream, 5g",,BEAUTY,https://m.media-amazon.com/images/I/71BEhii7pFL.jpg,,5060177241236,05060177241236,,White,5 g (Pack of 1),Blistex,,,0.01,kilograms,1.5,7.3,13.0,centimeters,,,,,,,
B07CPKRL8Z,200,"L 'Oréal Paris Clay Absolue Glow Mask for Clear, Radiant Complexion Cream 50 ml",,SKIN_TREATMENT_MASK,https://m.media-amazon.com/images/I/81Wo7poSVDL.jpg,,3600523523191,03600523523191,,,50 ml (Pack of 1),L´Oréal Paris,,,0.25,kilograms,7.1,7.3,8.7,centimeters,,,,,,,
B07SLLYRSP,200,"3 PCS EVERBUILD INDUSTRIAL GRADE SUPER GLUE HV HIGH VISCOSITY BONDS PVC, METAL, MDF, ALUMINIUM, CERAMICS, RUBBER ETC. 20G EACH",,BONDING_ADHESIVES,https://m.media-amazon.com/images/I/51b1wbfnH0L.jpg,,,,,clear,20g,Everbuild,,,0.08,kilograms,2.9,8.7,8.9,centimeters,,,,,,,
B003L6RJDQ,404,,,,,,,,,,,,,,,,,,,,,,,,,,"{""errors"": [{""code"": ""NOT_FOUND"", ""message"": ""Requested item, B003L6RJDQ, not found in marketplace(s) A1F83G8C2ARO7P.""}]}"
B00VRF1XEY,200,Matt Tester 75ml (Waterfall),,PAINT,https://m.media-amazon.com/images/I/31QOznufwDL.jpg,,5010426738321,05010426738321,,Waterfall,75 ml (Pack of 1),PPG Architectural Coatings UK & Ireland,,,0.15,kilograms,8.5,8.6,9.6,centimeters,,,,,,,
B081Q9CFGC,200,OceanSaver Anti-Bac Cleaning EcoDrop | Anti-Bacterial Multipurpose Cleaning Spray | Ocean Mist | Eco Friendly Cleaning (1 Pack),,CLEANING_AGENT,https://m.media-amazon.com/images/I/41stG1i9RYL.jpg,,5060727260069,,,,1 count (Pack of 1),OceanSaver,,,0.02,kilograms,2.3,4.1,11.1,centimeters,,,,,,,
B08WPCW7TH,200,"Moo Free White Chocolate Bars - Dairy Free, Gluten Free & Vegan (20g)",,CHOCOLATE_CANDY,https://m.media-amazon.com/images/I/41qQZUCIQNL.jpg,,5060235830945,05060235830945,,Blue,1 count,Moo Free,,,20.0,grams,0.5,4.0,14.0,centimeters,,,,centimeters,,,
B0B2RBG672,200,"Salt of the Earth - Natural Deodorant Roll on Refill - x7 Uses - Amber & Sandalwood - 100% Natural Origin Ingredients - Vegan - Suitable for Men, Women & Children - 525ml",,BODY_DEODORANT,https://m.media-amazon.com/images/I/41IA0HhuYFL.jpg,,5025452001875,05025452001875,,WHITE,525 ml (Pack of 1),Crystal Spring,,,0.584,kilograms,6.9,7.3,22.2,centimeters,,,,,,,
B08MVGD2ND,200,"Cameleo - Permanent Hair Colour Cream - Copper Brown - Intensive Color & Protection - 5 Oils + Omega Plus Acids - Professional, Luxurious Hair Dye - Full Kit",,HAIR_COLORING_AGENT,https://m.media-amazon.com/images/I/41z-GeHwkEL.jpg,,5901350403105,,,4.4 Copper Brown,50 g (Pack of 1),Delia Cosmetics,,,0.17,kilograms,5.4,8.2,17.3,centimeters,,,,,,,
B0915M1DLF,200,"Makeup Revolution, Conceal & Fix, Ultimate Coverage, Concealer, Medium Sand, 11g",,SKIN_FOUNDATION_CONCEALER,https://m.media-amazon.com/images/I/31K3OFHUrlL.jpg,,5057566143714,,,MEDIUM SAND,1 count (Pack of 1),Revolution Beauty Ltd.,,,0.05,kilograms,3.8,4.0,4.3,centimeters,,,,,,,
B08MVG9QZW,200,"Cameleo - Permanent Hair Colour Cream - Dark Mahogany - Intensive Color & Protection - 5 Oils + Omega Plus Acids - Professional, Luxurious Hair Dye - Full Kit",,HAIR_COLORING_AGENT,https://m.media-amazon.com/images/I/41nOvzJc8GL.jpg,,5060061200479,,,5.6 Dark Mahogany,50 g (Pack of 1),Delia Cosmetics,,,0.17,kilograms,5.2,8.4,17.4,centimeters,,,,,,,
B00D2O8936,200,SupaTool Nuisance Dust Mask Disposable Cleaning Molded Face Masks Respirator X 20 Masks,,RESPIRATOR,https://m.media-amazon.com/images/I/51dRDyLkd5L.jpg,,5017193064707,05017193064707,,White,1 count (Pack of 20),SupaTool,,,0.07,kilograms,8.8,15.3,17.2,centimeters,,,,,,,
B0CVHD7892,200,Wild Aqua Case And Fresh Cotton & Sea Salt Deodorant Starter Pack 40g,,BODY_DEODORANT,https://m.media-amazon.com/images/I/71P3TNgFYXL.jpg,,5065003990524,,,,40 g (Pack of 1),wild cosmetics ltd,,,0.15,kilograms,1.7,6.4,14.7,centimeters,,,,,,,
B07Y354HMP,200,Wisdom Pro Flex Interdental Brushes 0.70mm Yellow 25 Pack,,TOOTHBRUSH,https://m.media-amazon.com/images/I/61MeZuxokXL.jpg,,5028763012547,,,Yellow,1 count (Pack of 1),Wisdom,,,0.04,kilograms,2.8,10.2,15.4,centimeters,,,,,,,
B0BBH71LQN,200,"OtterBox Symmetry Folio Case for iPad 10th gen 2022, iPad 11th gen 2025 (A16), Shockproof, Drop proof, Slim Protective Folio Case, Tested to Military Standard, Black",,CELLULAR_PHONE_CASE,https://m.media-amazon.com/images/I/71a5zy75yHL.jpg,840262399883,0840262399883,,,Black,,Otterbox,,,0.399,kilograms,1.8,19.4,28.4,centimeters,,,,meters,,,
B072K2PG11,200,"Dishmatic Refillable Washing-Up Liquid Dispensing Handle x1, Antibacterial Easy-Grip Kitchen Washing-Up Tool, with Replaceable General Purpose Sponge Heads x 6",,UTILITY_SPONGE,https://m.media-amazon.com/images/I/716YaajxTRL.jpg,735641890016,0735641890016,,,Multicolor,1 Count,Dishmatic,,,0.12,kilograms,6.4,10.8,24.5,centimeters,,,,,,,
B008HSBYS4,200,"Story of Roses Story of Lily Ladies perfume Natural Spray,Floral, 100 ml",,PERSONAL_FRAGRANCE,https://m.media-amazon.com/images/I/51y8J2KKtmL.jpg,,5055170280900,,,white,100 ml (Pack of 1),Fine Perfumary,,,0.26,kilograms,4.9,9.0,12.7,centimeters,,,,,,,
B00VREYQYO,200,Matt Tester 75ml (Seashell),,PAINT,https://m.media-amazon.com/images/I/51t8NZfnu3L.jpg,,5010426737881,05010426737881,,Seashell,75 ml,PPG Architectural Coatings UK & Ireland,,,0.163,kilograms,8.9,9.6,9.8,centimeters,,,,,,,
B07PRCJQFX,200,"Johnstone's - Amphibious Wall & Ceiling Paint Tester Pots - Emulsion - Easy Apply, Dries in 1-2 Hours - 75ml",,PAINT,https://m.media-amazon.com/images/I/51Wziut3JLL.jpg,,5010426808468,05010426808468,,Amphibious,75 ml (Pack of 1),PPG Architectural Coatings UK & Ireland,,,0.16,kilograms,8.4,8.7,9.8,centimeters,,,,,,,
B0CKS4H64X,200,"Neudorff WeedFree Plus RTU Weed Killer Spray, 750 ml, Glyphosate Free Spray, Weed Remover, Animal Fiendly, Herbicide",,WEED_MOSS_CONTROL_AGENT,https://m.media-amazon.com/images/I/71rn1aug-LL.jpg,,4005240136836,04005240136836,,,,Neudorff,,,0.84,kilograms,5.2,10.6,27.1,centimeters,,,,,,,
B004TRSSIQ,200,"Masterplug ELS132B-01 Permaplug Two Socket Trailing Socket, without Plug and Cable, 13 Amp, Black",,POWER_STRIP,https://m.media-amazon.com/images/I/71xtwqAHecL.jpg,,5015056355924,,,Black,,Nexus (Jiaxing),,,0.14,kilograms,3.4,17.2,19.8,centimeters,,,,,,,
B09MTXZY2Y,200,"Blistex Relief Cream Soothing Protective Lip Cream, 5g",,BEAUTY,https://m.media-amazon.com/images/I/71BEhii7pFL.jpg,,5060177241236,05060177241236,,White,5 g (Pack of 1),Blistex,,,0.01,kilograms,1.5,7.3,13.0,centimeters,,,,,,,
B07CPKRL8Z,200,"L 'Oréal Paris Clay Absolue Glow Mask for Clear, Radiant Complexion Cream 50 ml",,SKIN_TREATMENT_MASK,https://m.media-amazon.com/images/I/81Wo7poSVDL.jpg,,3600523523191,03600523523191,,,50 ml (Pack of 1),L´Oréal Paris,,,0.25,kilograms,7.1,7.3,8.7,centimeters,,,,,,,
B07SLLYRSP,200,"3 PCS EVERBUILD INDUSTRIAL GRADE SUPER GLUE HV HIGH VISCOSITY BONDS PVC, METAL, MDF, ALUMINIUM, CERAMICS, RUBBER ETC. 20G EACH",,BONDING_ADHESIVES,https://m.media-amazon.com/images/I/51b1wbfnH0L.jpg,,,,,clear,20g,Everbuild,,,0.08,kilograms,2.9,8.7,8.9,centimeters,,,,,,,
B003L6RJDQ,404,,,,,,,,,,,,,,,,,,,,,,,,,,"{""errors"": [{""code"": ""NOT_FOUND"", ""message"": ""Requested item, B003L6RJDQ, not found in marketplace(s) A1F83G8C2ARO7P.""}]}"
B00VRF1XEY,200,Matt Tester 75ml (Waterfall),,PAINT,https://m.media-amazon.com/images/I/51SJSZgS3QL.jpg,,5010426738321,05010426738321,,Waterfall,75 ml (Pack of 1),PPG Architectural Coatings UK & Ireland,,,0.15,kilograms,8.5,8.6,9.6,centimeters,,,,,,,
B081Q9CFGC,200,OceanSaver Anti-Bac Cleaning EcoDrop | Anti-Bacterial Multipurpose Cleaning Spray | Ocean Mist | Eco Friendly Cleaning (1 Pack),,CLEANING_AGENT,https://m.media-amazon.com/images/I/41stG1i9RYL.jpg,,5060727260069,,,,1 count (Pack of 1),OceanSaver,,,0.02,kilograms,2.3,4.1,11.1,centimeters,,,,,,,
B08WPCW7TH,200,"Moo Free White Chocolate Bars - Dairy Free, Gluten Free & Vegan (20g)",,CHOCOLATE_CANDY,https://m.media-amazon.com/images/I/61J4r97FIFL.jpg,,5060235830945,05060235830945,,Blue,1 count,Moo Free,,,20.0,grams,0.5,4.0,14.0,centimeters,,,,centimeters,,,
B0B2RBG672,200,"Salt of the Earth - Natural Deodorant Roll on Refill - x7 Uses - Amber & Sandalwood - 100% Natural Origin Ingredients - Vegan - Suitable for Men, Women & Children - 525ml",,BODY_DEODORANT,https://m.media-amazon.com/images/I/71NfVXw8OrL.jpg,,5025452001875,05025452001875,,WHITE,525 ml (Pack of 1),Crystal Spring,,,0.584,kilograms,6.9,7.3,22.2,centimeters,,,,,,,
B08MVGD2ND,200,"Cameleo - Permanent Hair Colour Cream - Copper Brown - Intensive Color & Protection - 5 Oils + Omega Plus Acids - Professional, Luxurious Hair Dye - Full Kit",,HAIR_COLORING_AGENT,https://m.media-amazon.com/images/I/81nwFO1nMpL.jpg,,5901350403105,,,4.4 Copper Brown,50 g (Pack of 1),Delia Cosmetics,,,0.17,kilograms,5.4,8.2,17.3,centimeters,,,,,,,
B0915M1DLF,200,"Makeup Revolution, Conceal & Fix, Ultimate Coverage, Concealer, Medium Sand, 11g",,SKIN_FOUNDATION_CONCEALER,https://m.media-amazon.com/images/I/71nmcSvxaPL.jpg,,5057566143714,,,MEDIUM SAND,1 count (Pack of 1),Revolution Beauty Ltd.,,,0.05,kilograms,3.8,4.0,4.3,centimeters,,,,,,,
B08MVG9QZW,200,"Cameleo - Permanent Hair Colour Cream - Dark Mahogany - Intensive Color & Protection - 5 Oils + Omega Plus Acids - Professional, Luxurious Hair Dye - Full Kit",,HAIR_COLORING_AGENT,https://m.media-amazon.com/images/I/81ZCXZrZiCL.jpg,,5060061200479,,,5.6 Dark Mahogany,50 g (Pack of 1),Delia Cosmetics,,,0.17,kilograms,5.2,8.4,17.4,centimeters,,,,,,,
B00D2O8936,200,SupaTool Nuisance Dust Mask Disposable Cleaning Molded Face Masks Respirator X 20 Masks,,RESPIRATOR,https://m.media-amazon.com/images/I/51dRDyLkd5L.jpg,,5017193064707,05017193064707,,White,1 count (Pack of 20),SupaTool,,,0.07,kilograms,8.8,15.3,17.2,centimeters,,,,,,,
B0CVHD7892,200,Wild Aqua Case And Fresh Cotton & Sea Salt Deodorant Starter Pack 40g,,BODY_DEODORANT,https://m.media-amazon.com/images/I/71P3TNgFYXL.jpg,,5065003990524,,,,40 g (Pack of 1),wild cosmetics ltd,,,0.15,kilograms,1.7,6.4,14.7,centimeters,,,,,,,
B07Y354HMP,200,Wisdom Pro Flex Interdental Brushes 0.70mm Yellow 25 Pack,,TOOTHBRUSH,https://m.media-amazon.com/images/I/61MeZuxokXL.jpg,,5028763012547,,,Yellow,1 count (Pack of 1),Wisdom,,,0.04,kilograms,2.8,10.2,15.4,centimeters,,,,,,,
B0BBH71LQN,200,"OtterBox Symmetry Folio Case for iPad 10th gen 2022, iPad 11th gen 2025 (A16), Shockproof, Drop proof, Slim Protective Folio Case, Tested to Military Standard, Black",,CELLULAR_PHONE_CASE,https://m.media-amazon.com/images/I/71a5zy75yHL.jpg,840262399883,0840262399883,,,Black,,Otterbox,,,0.399,kilograms,1.8,19.4,28.4,centimeters,,,,meters,,,
B072K2PG11,200,"Dishmatic Refillable Washing-Up Liquid Dispensing Handle x1, Antibacterial Easy-Grip Kitchen Washing-Up Tool, with Replaceable General Purpose Sponge Heads x 6",,UTILITY_SPONGE,https://m.media-amazon.com/images/I/716YaajxTRL.jpg,735641890016,0735641890016,,,Multicolor,1 Count,Dishmatic,,,0.12,kilograms,6.4,10.8,24.5,centimeters,,,,,,,
B008HSBYS4,200,"Story of Roses Story of Lily Ladies perfume Natural Spray,Floral, 100 ml",,PERSONAL_FRAGRANCE,https://m.media-amazon.com/images/I/51y8J2KKtmL.jpg,,5055170280900,,,white,100 ml (Pack of 1),Fine Perfumary,,,0.26,kilograms,4.9,9.0,12.7,centimeters,,,,,,,
B00VREYQYO,200,Matt Tester 75ml (Seashell),,PAINT,https://m.media-amazon.com/images/I/51t8NZfnu3L.jpg,,5010426737881,05010426737881,,Seashell,75 ml,PPG Architectural Coatings UK & Ireland,,,0.163,kilograms,8.9,9.6,9.8,centimeters,,,,,,,
B07PRCJQFX,200,"Johnstone's - Amphibious Wall & Ceiling Paint Tester Pots - Emulsion - Easy Apply, Dries in 1-2 Hours - 75ml",,PAINT,https://m.media-amazon.com/images/I/51Wziut3JLL.jpg,,5010426808468,05010426808468,,Amphibious,75 ml (Pack of 1),PPG Architectural Coatings UK & Ireland,,,0.16,kilograms,8.4,8.7,9.8,centimeters,,,,,,,
B0CKS4H64X,200,"Neudorff WeedFree Plus RTU Weed Killer Spray, 750 ml, Glyphosate Free Spray, Weed Remover, Animal Fiendly, Herbicide",,WEED_MOSS_CONTROL_AGENT,https://m.media-amazon.com/images/I/71rn1aug-LL.jpg,,4005240136836,04005240136836,,,,Neudorff,,,0.84,kilograms,5.2,10.6,27.1,centimeters,,,,,,,
B004TRSSIQ,200,"Masterplug ELS132B-01 Permaplug Two Socket Trailing Socket, without Plug and Cable, 13 Amp, Black",,POWER_STRIP,https://m.media-amazon.com/images/I/71xtwqAHecL.jpg,,5015056355924,,,Black,,Nexus (Jiaxing),,,0.14,kilograms,3.4,17.2,19.8,centimeters,,,,,,,
B09MTXZY2Y,200,"Blistex Relief Cream Soothing Protective Lip Cream, 5g",,BEAUTY,https://m.media-amazon.com/images/I/71BEhii7pFL.jpg,,5060177241236,05060177241236,,White,5 g (Pack of 1),Blistex,,,0.01,kilograms,1.5,7.3,13.0,centimeters,,,,,,,
B07CPKRL8Z,200,"L 'Oréal Paris Clay Absolue Glow Mask for Clear, Radiant Complexion Cream 50 ml",,SKIN_TREATMENT_MASK,https://m.media-amazon.com/images/I/81Wo7poSVDL.jpg,,3600523523191,03600523523191,,,50 ml (Pack of 1),L´Oréal Paris,,,0.25,kilograms,7.1,7.3,8.7,centimeters,,,,,,,
B07SLLYRSP,200,"3 PCS EVERBUILD INDUSTRIAL GRADE SUPER GLUE HV HIGH VISCOSITY BONDS PVC, METAL, MDF, ALUMINIUM, CERAMICS, RUBBER ETC. 20G EACH",,BONDING_ADHESIVES,https://m.media-amazon.com/images/I/51b1wbfnH0L.jpg,,,,,clear,20g,Everbuild,,,0.08,kilograms,2.9,8.7,8.9,centimeters,,,,,,,
B003L6RJDQ,404,,,,,,,,,,,,,,,,,,,,,,,,,,"{""errors"": [{""code"": ""NOT_FOUND"", ""message"": ""Requested item, B003L6RJDQ, not found in marketplace(s) A1F83G8C2ARO7P.""}]}"
B00VRF1XEY,200,Matt Tester 75ml (Waterfall),,PAINT,https://m.media-amazon.com/images/I/51SJSZgS3QL.jpg,,5010426738321,05010426738321,,Waterfall,75 ml (Pack of 1),PPG Architectural Coatings UK & Ireland,,,0.15,kilograms,8.5,8.6,9.6,centimeters,,,,,,,
B081Q9CFGC,200,OceanSaver Anti-Bac Cleaning EcoDrop | Anti-Bacterial Multipurpose Cleaning Spray | Ocean Mist | Eco Friendly Cleaning (1 Pack),,CLEANING_AGENT,https://m.media-amazon.com/images/I/41stG1i9RYL.jpg,,5060727260069,,,,1 count (Pack of 1),OceanSaver,,,0.02,kilograms,2.3,4.1,11.1,centimeters,,,,,,,
B08WPCW7TH,200,"Moo Free White Chocolate Bars - Dairy Free, Gluten Free & Vegan (20g)",,CHOCOLATE_CANDY,https://m.media-amazon.com/images/I/61J4r97FIFL.jpg,,5060235830945,05060235830945,,Blue,1 count,Moo Free,,,20.0,grams,0.5,4.0,14.0,centimeters,,,,centimeters,,,
B0B2RBG672,200,"Salt of the Earth - Natural Deodorant Roll on Refill - x7 Uses - Amber & Sandalwood - 100% Natural Origin Ingredients - Vegan - Suitable for Men, Women & Children - 525ml",,BODY_DEODORANT,https://m.media-amazon.com/images/I/71NfVXw8OrL.jpg,,5025452001875,05025452001875,,WHITE,525 ml (Pack of 1),Crystal Spring,,,0.584,kilograms,6.9,7.3,22.2,centimeters,,,,,,,
B08MVGD2ND,200,"Cameleo - Permanent Hair Colour Cream - Copper Brown - Intensive Color & Protection - 5 Oils + Omega Plus Acids - Professional, Luxurious Hair Dye - Full Kit",,HAIR_COLORING_AGENT,https://m.media-amazon.com/images/I/81nwFO1nMpL.jpg,,5901350403105,,,4.4 Copper Brown,50 g (Pack of 1),Delia Cosmetics,,,0.17,kilograms,5.4,8.2,17.3,centimeters,,,,,,,
B0915M1DLF,200,"Makeup Revolution, Conceal & Fix, Ultimate Coverage, Concealer, Medium Sand, 11g",,SKIN_FOUNDATION_CONCEALER,https://m.media-amazon.com/images/I/31K3OFHUrlL.jpg,,5057566143714,,,MEDIUM SAND,1 count (Pack of 1),Revolution Beauty Ltd.,,,0.05,kilograms,3.8,4.0,4.3,centimeters,,,,,,,
B08MVG9QZW,200,"Cameleo - Permanent Hair Colour Cream - Dark Mahogany - Intensive Color & Protection - 5 Oils + Omega Plus Acids - Professional, Luxurious Hair Dye - Full Kit",,HAIR_COLORING_AGENT,https://m.media-amazon.com/images/I/81ZCXZrZiCL.jpg,,5060061200479,,,5.6 Dark Mahogany,50 g (Pack of 1),Delia Cosmetics,,,0.17,kilograms,5.2,8.4,17.4,centimeters,,,,,,,
B00D2O8936,200,SupaTool Nuisance Dust Mask Disposable Cleaning Molded Face Masks Respirator X 20 Masks,,RESPIRATOR,https://m.media-amazon.com/images/I/51dRDyLkd5L.jpg,,5017193064707,05017193064707,,White,1 count (Pack of 20),SupaTool,,,0.07,kilograms,8.8,15.3,17.2,centimeters,,,,,,,
B0CVHD7892,200,Wild Aqua Case And Fresh Cotton & Sea Salt Deodorant Starter Pack 40g,,BODY_DEODORANT,https://m.media-amazon.com/images/I/417v6SwqzhL.jpg,,5065003990524,,,,40 g (Pack of 1),wild cosmetics ltd,,,0.15,kilograms,1.7,6.4,14.7,centimeters,,,,,,,
B07Y354HMP,200,Wisdom Pro Flex Interdental Brushes 0.70mm Yellow 25 Pack,,TOOTHBRUSH,https://m.media-amazon.com/images/I/61MeZuxokXL.jpg,,5028763012547,,,Yellow,1 count (Pack of 1),Wisdom,,,0.04,kilograms,2.8,10.2,15.4,centimeters,,,,,,,
B0BBH71LQN,200,"OtterBox Symmetry Folio Case for iPad 10th gen 2022, iPad 11th gen 2025 (A16), Shockproof, Drop proof, Slim Protective Folio Case, Tested to Military Standard, Black",,CELLULAR_PHONE_CASE,https://m.media-amazon.com/images/I/71a5zy75yHL.jpg,840262399883,0840262399883,,,Black,,Otterbox,,,0.399,kilograms,1.8,19.4,28.4,centimeters,,,,meters,,,
B072K2PG11,200,"Dishmatic Refillable Washing-Up Liquid Dispensing Handle x1, Antibacterial Easy-Grip Kitchen Washing-Up Tool, with Replaceable General Purpose Sponge Heads x 6",,UTILITY_SPONGE,https://m.media-amazon.com/images/I/716YaajxTRL.jpg,735641890016,0735641890016,,,Multicolor,1 Count,Dishmatic,,,0.12,kilograms,6.4,10.8,24.5,centimeters,,,,,,,
B008HSBYS4,200,"Story of Roses Story of Lily Ladies perfume Natural Spray,Floral, 100 ml",,PERSONAL_FRAGRANCE,https://m.media-amazon.com/images/I/51y8J2KKtmL.jpg,,5055170280900,,,white,100 ml (Pack of 1),Fine Perfumary,,,0.26,kilograms,4.9,9.0,12.7,centimeters,,,,,,,
B00VREYQYO,200,Matt Tester 75ml (Seashell),,PAINT,https://m.media-amazon.com/images/I/51t8NZfnu3L.jpg,,5010426737881,05010426737881,,Seashell,75 ml,PPG Architectural Coatings UK & Ireland,,,0.163,kilograms,8.9,9.6,9.8,centimeters,,,,,,,
B07PRCJQFX,200,"Johnstone's - Amphibious Wall & Ceiling Paint Tester Pots - Emulsion - Easy Apply, Dries in 1-2 Hours - 75ml",,PAINT,https://m.media-amazon.com/images/I/51Wziut3JLL.jpg,,5010426808468,05010426808468,,Amphibious,75 ml (Pack of 1),PPG Architectural Coatings UK & Ireland,,,0.16,kilograms,8.4,8.7,9.8,centimeters,,,,,,,
B0CKS4H64X,200,"Neudorff WeedFree Plus RTU Weed Killer Spray, 750 ml, Glyphosate Free Spray, Weed Remover, Animal Fiendly, Herbicide",,WEED_MOSS_CONTROL_AGENT,https://m.media-amazon.com/images/I/71rn1aug-LL.jpg,,4005240136836,04005240136836,,,,Neudorff,,,0.84,kilograms,5.2,10.6,27.1,centimeters,,,,,,,
B004TRSSIQ,200,"Masterplug ELS132B-01 Permaplug Two Socket Trailing Socket, without Plug and Cable, 13 Amp, Black",,POWER_STRIP,https://m.media-amazon.com/images/I/71xtwqAHecL.jpg,,5015056355924,,,Black,,Nexus (Jiaxing),,,0.14,kilograms,3.4,17.2,19.8,centimeters,,,,,,,
B09MTXZY2Y,200,"Blistex Relief Cream Soothing Protective Lip Cream, 5g",,BEAUTY,https://m.media-amazon.com/images/I/71BEhii7pFL.jpg,,5060177241236,05060177241236,,White,5 g (Pack of 1),Blistex,,,0.01,kilograms,1.5,7.3,13.0,centimeters,,,,,,,
B07CPKRL8Z,200,"L 'Oréal Paris Clay Absolue Glow Mask for Clear, Radiant Complexion Cream 50 ml",,SKIN_TREATMENT_MASK,https://m.media-amazon.com/images/I/81Wo7poSVDL.jpg,,3600523523191,03600523523191,,,50 ml (Pack of 1),L´Oréal Paris,,,0.25,kilograms,7.1,7.3,8.7,centimeters,,,,,,,
B07SLLYRSP,200,"3 PCS EVERBUILD INDUSTRIAL GRADE SUPER GLUE HV HIGH VISCOSITY BONDS PVC, METAL, MDF, ALUMINIUM, CERAMICS, RUBBER ETC. 20G EACH",,BONDING_ADHESIVES,https://m.media-amazon.com/images/I/51b1wbfnH0L.jpg,,,,,clear,20g,Everbuild,,,0.08,kilograms,2.9,8.7,8.9,centimeters,,,,,,,
B003L6RJDQ,404,,,,,,,,,,,,,,,,,,,,,,,,,,"{""errors"": [{""code"": ""NOT_FOUND"", ""message"": ""Requested item, B003L6RJDQ, not found in marketplace(s) A1F83G8C2ARO7P.""}]}"
B00VRF1XEY,200,Matt Tester 75ml (Waterfall),,PAINT,https://m.media-amazon.com/images/I/51SJSZgS3QL.jpg,,5010426738321,05010426738321,,Waterfall,75 ml (Pack of 1),PPG Architectural Coatings UK & Ireland,,,0.15,kilograms,8.5,8.6,9.6,centimeters,,,,,,,
B081Q9CFGC,200,OceanSaver Anti-Bac Cleaning EcoDrop | Anti-Bacterial Multipurpose Cleaning Spray | Ocean Mist | Eco Friendly Cleaning (1 Pack),,CLEANING_AGENT,https://m.media-amazon.com/images/I/61zecJlVl-L.jpg,,5060727260069,,,,1 count (Pack of 1),OceanSaver,,,0.02,kilograms,2.3,4.1,11.1,centimeters,,,,,,,
B08WPCW7TH,200,"Moo Free White Chocolate Bars - Dairy Free, Gluten Free & Vegan (20g)",,CHOCOLATE_CANDY,https://m.media-amazon.com/images/I/61J4r97FIFL.jpg,,5060235830945,05060235830945,,Blue,1 count,Moo Free,,,20.0,grams,0.5,4.0,14.0,centimeters,,,,centimeters,,,
B0B2RBG672,200,"Salt of the Earth - Natural Deodorant Roll on Refill - x7 Uses - Amber & Sandalwood - 100% Natural Origin Ingredients - Vegan - Suitable for Men, Women & Children - 525ml",,BODY_DEODORANT,https://m.media-amazon.com/images/I/71NfVXw8OrL.jpg,,5025452001875,05025452001875,,WHITE,525 ml (Pack of 1),Crystal Spring,,,0.584,kilograms,6.9,7.3,22.2,centimeters,,,,,,,
B08MVGD2ND,200,"Cameleo - Permanent Hair Colour Cream - Copper Brown - Intensive Color & Protection - 5 Oils + Omega Plus Acids - Professional, Luxurious Hair Dye - Full Kit",,HAIR_COLORING_AGENT,https://m.media-amazon.com/images/I/81nwFO1nMpL.jpg,,5901350403105,,,4.4 Copper Brown,50 g (Pack of 1),Delia Cosmetics,,,0.17,kilograms,5.4,8.2,17.3,centimeters,,,,,,,
B0915M1DLF,200,"Makeup Revolution, Conceal & Fix, Ultimate Coverage, Concealer, Medium Sand, 11g",,SKIN_FOUNDATION_CONCEALER,https://m.media-amazon.com/images/I/71nmcSvxaPL.jpg,,5057566143714,,,MEDIUM SAND,1 count (Pack of 1),Revolution Beauty Ltd.,,,0.05,kilograms,3.8,4.0,4.3,centimeters,,,,,,,
B08MVG9QZW,200,"Cameleo - Permanent Hair Colour Cream - Dark Mahogany - Intensive Color & Protection - 5 Oils + Omega Plus Acids - Professional, Luxurious Hair Dye - Full Kit",,HAIR_COLORING_AGENT,https://m.media-amazon.com/images/I/81ZCXZrZiCL.jpg,,5060061200479,,,5.6 Dark Mahogany,50 g (Pack of 1),Delia Cosmetics,,,0.17,kilograms,5.2,8.4,17.4,centimeters,,,,,,,
B00D2O8936,200,SupaTool Nuisance Dust Mask Disposable Cleaning Molded Face Masks Respirator X 20 Masks,,RESPIRATOR,https://m.media-amazon.com/images/I/51dRDyLkd5L.jpg,,5017193064707,05017193064707,,White,1 count (Pack of 20),SupaTool,,,0.07,kilograms,8.8,15.3,17.2,centimeters,,,,,,,
B0CVHD7892,200,Wild Aqua Case And Fresh Cotton & Sea Salt Deodorant Starter Pack 40g,,BODY_DEODORANT,https://m.media-amazon.com/images/I/71P3TNgFYXL.jpg,,5065003990524,,,,40 g (Pack of 1),wild cosmetics ltd,,,0.15,kilograms,1.7,6.4,14.7,centimeters,,,,,,,
B07Y354HMP,200,Wisdom Pro Flex Interdental Brushes 0.70mm Yellow 25 Pack,,TOOTHBRUSH,https://m.media-amazon.com/images/I/61MeZuxokXL.jpg,,5028763012547,,,Yellow,1 count (Pack of 1),Wisdom,,,0.04,kilograms,2.8,10.2,15.4,centimeters,,,,,,,
B0BBH71LQN,200,"OtterBox Symmetry Folio Case for iPad 10th gen 2022, iPad 11th gen 2025 (A16), Shockproof, Drop proof, Slim Protective Folio Case, Tested to Military Standard, Black",,CELLULAR_PHONE_CASE,https://m.media-amazon.com/images/I/71a5zy75yHL.jpg,840262399883,0840262399883,,,Black,,Otterbox,,,0.399,kilograms,1.8,19.4,28.4,centimeters,,,,meters,,,
B072K2PG11,200,"Dishmatic Refillable Washing-Up Liquid Dispensing Handle x1, Antibacterial Easy-Grip Kitchen Washing-Up Tool, with Replaceable General Purpose Sponge Heads x 6",,UTILITY_SPONGE,https://m.media-amazon.com/images/I/716YaajxTRL.jpg,735641890016,0735641890016,,,Multicolor,1 Count,Dishmatic,,,0.12,kilograms,6.4,10.8,24.5,centimeters,,,,,,,
B008HSBYS4,200,"Story of Roses Story of Lily Ladies perfume Natural Spray,Floral, 100 ml",,PERSONAL_FRAGRANCE,https://m.media-amazon.com/images/I/51y8J2KKtmL.jpg,,5055170280900,,,white,100 ml (Pack of 1),Fine Perfumary,,,0.26,kilograms,4.9,9.0,12.7,centimeters,,,,,,,
B00VREYQYO,200,Matt Tester 75ml (Seashell),,PAINT,https://m.media-amazon.com/images/I/51t8NZfnu3L.jpg,,5010426737881,05010426737881,,Seashell,75 ml,PPG Architectural Coatings UK & Ireland,,,0.163,kilograms,8.9,9.6,9.8,centimeters,,,,,,,
B07PRCJQFX,200,"Johnstone's - Amphibious Wall & Ceiling Paint Tester Pots - Emulsion - Easy Apply, Dries in 1-2 Hours - 75ml",,PAINT,https://m.media-amazon.com/images/I/51Wziut3JLL.jpg,,5010426808468,05010426808468,,Amphibious,75 ml (Pack of 1),PPG Architectural Coatings UK & Ireland,,,0.16,kilograms,8.4,8.7,9.8,centimeters,,,,,,,
B0CKS4H64X,200,"Neudorff WeedFree Plus RTU Weed Killer Spray, 750 ml, Glyphosate Free Spray, Weed Remover, Animal Fiendly, Herbicide",,WEED_MOSS_CONTROL_AGENT,https://m.media-amazon.com/images/I/71rn1aug-LL.jpg,,4005240136836,04005240136836,,,,Neudorff,,,0.84,kilograms,5.2,10.6,27.1,centimeters,,,,,,,
B004TRSSIQ,200,"Masterplug ELS132B-01 Permaplug Two Socket Trailing Socket, without Plug and Cable, 13 Amp, Black",,POWER_STRIP,https://m.media-amazon.com/images/I/71xtwqAHecL.jpg,,5015056355924,,,Black,,Nexus (Jiaxing),,,0.14,kilograms,3.4,17.2,19.8,centimeters,,,,,,,
B09MTXZY2Y,200,"Blistex Relief Cream Soothing Protective Lip Cream, 5g",,BEAUTY,https://m.media-amazon.com/images/I/71BEhii7pFL.jpg,,5060177241236,05060177241236,,White,5 g (Pack of 1),Blistex,,,0.01,kilograms,1.5,7.3,13.0,centimeters,,,,,,,
B07CPKRL8Z,200,"L 'Oréal Paris Clay Absolue Glow Mask for Clear, Radiant Complexion Cream 50 ml",,SKIN_TREATMENT_MASK,https://m.media-amazon.com/images/I/81Wo7poSVDL.jpg,,3600523523191,03600523523191,,,50 ml (Pack of 1),L´Oréal Paris,,,0.25,kilograms,7.1,7.3,8.7,centimeters,,,,,,,
B07SLLYRSP,200,"3 PCS EVERBUILD INDUSTRIAL GRADE SUPER GLUE HV HIGH VISCOSITY BONDS PVC, METAL, MDF, ALUMINIUM, CERAMICS, RUBBER ETC. 20G EACH",,BONDING_ADHESIVES,https://m.media-amazon.com/images/I/31cHtw8+7CL.jpg,,,,,clear,20g,Everbuild,,,0.08,kilograms,2.9,8.7,8.9,centimeters,,,,,,,
B003L6RJDQ,404,,,,,,,,,,,,,,,,,,,,,,,,,,"{""errors"": [{""code"": ""NOT_FOUND"", ""message"": ""Requested item, B003L6RJDQ, not found in marketplace(s) A1F83G8C2ARO7P.""}]}"
B00VRF1XEY,200,Matt Tester 75ml (Waterfall),,PAINT,https://m.media-amazon.com/images/I/51SJSZgS3QL.jpg,,5010426738321,05010426738321,,Waterfall,75 ml (Pack of 1),PPG Architectural Coatings UK & Ireland,,,0.15,kilograms,8.5,8.6,9.6,centimeters,,,,,,,
