asin,status,item_name,brand_name,product_type,main_image,upc,ean,gtin,parent_asin,color,size,manufacturer,part_number,model_number,package_weight_value,package_weight_unit,package_length,package_width,package_height,package_dimension_unit,item_length,item_width,item_height,item_dimension_unit,bullet_points,keywords,error
B002KFZKZ8,200,"Zyliss E46145 Strongboy 2 Jar Opener, Plastic/Metal, White, Adjustable Grip to Open Opens Jar/Bottle Lids/Caps",,CAN_OPENER,https://m.media-amazon.com/images/I/31F7JfiGRlL.jpg,,5011268893742,05011268911323,,White,29.5cm/11.5in,DkbHouseholdUkLtd,,,0.17,kilograms,4.2,18.9,32.1,centimeters,29.5,10.0,4.0,centimeters,,,
B0D6W9DZX4,200,"OtterBox Symmetry Folio Case for iPad 10th gen 2022, iPad 11th gen 2025 (A16), Shockproof, Drop proof, Slim Protective Folio Case, Tested to Military Standard, Black",,PORTABLE_ELECTRONIC_DEVICE_COVER,https://m.media-amazon.com/images/I/81WznDxFpML.jpg,840304766048,0840304766048,,,Black,,Otterbox,,,0.52,kilograms,2.9,19.4,27.9,centimeters,1.19,18.31,25.53,centimeters,,,
B09MWLJFFX,200,"OtterBox Defender Case for iPad Mini 8.3-Inch 7th gen 2024 (A17 Pro) / 6th gen 2021, Shockproof, Ultra-Rugged Protective Case with built in Screen Protector, 2x Tested to Military Standard, Black",,PORTABLE_ELECTRONIC_DEVICE_COVER,https://m.media-amazon.com/images/I/71-LySN0i-L.jpg,840262369183,0840262369183,,,black,Pack of 1,Otterbox,,,0.272,kilograms,3.0988,16.4084,21.0058,centimeters,8.6,5.81,0.59,inches,,,
B06WW79DX5,200,3 X Everbuild CYN20 20g General Purpose Industrial Superglue,,BONDING_ADHESIVES,https://m.media-amazon.com/images/I/81tysH80DZL.jpg,,5039164200648,,,Clear,20g,Everbuild,,,0.09,kilograms,0.09,14.3,18.1,centimeters,1.18,1.18,3.54,inches,,,
B001KYTW0O,200,"Fackelmann OPAL Melon Baller, Food & Fruit Scoop, Grapefruit & Potato Scoop, Cutting Scoop Head, Stainless Steel, 16.5x2.3x1.5cm, Silver",,FOOD_MASHER,https://m.media-amazon.com/images/I/61jP94DCp2L.jpg,,4008033404396,04008033404396,,Silver,16.5x2.3x1.5cm,Fackelmann,,,0.05,kilograms,1.8,5.6,16.3,centimeters,6.7,0.78,0.49,inches,,,
B002BX8ZFG,200,"Fackelmann OPAL Pizza Wheel, Pizza Cutter & Slicer, Super Sharp Blade, Stainless Steel, 18.5x5x1.2cm, Silver",,WHEEL_CUTTER,https://m.media-amazon.com/images/I/414DudnlCbL.jpg,,4008033404372,04008033404372,,Silver,18.5x5 x1.2cm,Fackelmann,,,0.28,kilograms,1.7,23.6,31.9,centimeters,7.3,0.49,1.96,inches,,,
9189143051,200,Free League FLF-ALE014 ALIEN RPG Destroyer of Worlds Game,,GAMES,https://m.media-amazon.com/images/I/61qpeYKd65L.jpg,,9789189143050,09789189143050,,Multicolor,Standard,Free League Publishing,,,0.948,kilograms,2.794,23.1902,28.9052,centimeters,8.5,11.0,0.5,inches,,,
B016Y8SWZQ,200,"Easy Cook NS606R Microwave Egg Poacher, red, 2 cup",,COOKING_CONTAINER,https://m.media-amazon.com/images/I/61lW3osNZcL.jpg,,5015826096064,05015826096064,,Red,2 cup,Pendeford Housewares,,,0.14,kilograms,6.4,12.8,22.4,centimeters,6.06,8.82,2.76,inches,,,
B00D1V5FPU,200,"Bosch 2608831003 ""SDS Plus-3"" Hammer Drill Bit, 0 V, Grey, 5 x 100 x 160 mm",,DRILL_BITS,https://m.media-amazon.com/images/I/31A8pqqVwrL.jpg,,6949509209344,06949509209344,,Grey,5 x 100 x 160 mm,Bosch,,,0.04,kilograms,1.4,2.8,25.3,centimeters,25.5,2.7,1.0,centimeters,,,
B0BBHBX72C,200,"OtterBox Defender Case for iPad 10th gen 2022, iPad 11th gen 2025 (A16), Shockproof, Rugged Protective Case with built in Screen Protector, 2x Tested to Military Standard, Black, No Retail Packaging",,PORTABLE_ELECTRONIC_DEVICE_COVER,https://m.media-amazon.com/images/I/61lsa4VKdyL.jpg,840262399692,0840262399692,00840262399692,,Black,Defender Series,Otterbox,,,0.558,kilograms,2.9972,20.701,28.194,centimeters,11.69,8.19,1.13,inches,,,
B07T9WVBZ2,200,Curaprox PerioPlus+ Focus Gel – Targeted Gum Care | Supports Healing with CHX and Hyaluronic Acid | 10 ml Tube | Designed in Switzerland,,TOOTH_CLEANING_AGENT,https://m.media-amazon.com/images/I/611F7W7ixgL.jpg,,7612412426625,07612412426625,,White,10 ml (Pack of 1),Curaprox,,,0.02,kilograms,2.2,2.9,9.2,centimeters,22.0,28.0,92.0,millimeters,,,
B074H6M7TW,200,"LEXIBOOK, Peppa Pig, Walkie-Talkies 200m, Communication Game for Children, 2 Communication Channels, Belt Clip, Battery Operated, Blue, TW12PP",,TWO_WAY_RADIO,https://m.media-amazon.com/images/I/71zZSx-60sL.jpg,,3380743064192,,,Blue,One Size,LEXIBOOK,,,0.26,kilograms,5.6,18.0,26.6,centimeters,6.8,4.4,16.6,inches,,,
B00BEUFYE2,200,"Tala Adjustable Cake Leveller, Stainless Steel Wire Cutter for Even Cake Layers, Multi-Height Settings for Cakes up to 25cm Wide, Perfect for Leveling & Decorating Sponges",,KITCHEN_KNIFE,https://m.media-amazon.com/images/I/71Wd99xaORL.jpg,,5012904097449,05012904097449,,Pink,Up to 30cm,Dayes,,,0.09,kilograms,0.7,15.8,31.4,centimeters,25.0,17.0,0.6,centimeters,,,
B07BC1CMDK,200,"Amtech V4075 P240 Hook and Loop Orbital Sanding Sheets, 10 Piece Set, 115mm Diameter Sanding Paper",,ABRASIVE_SHEETS,https://m.media-amazon.com/images/I/A1dQ64V7FjL.jpg,,5032759048571,05032759048571,,Red,115mm,DK Tools,,,0.065,kilograms,1.0,12.0,15.9,centimeters,16.0,12.0,1.0,centimeters,,,
B0001P15T4,200,"Vitrex 10 2280 Grout Finisher, Blue",,SEALANT,https://m.media-amazon.com/images/I/61Gf0NeeSPL.jpg,,5011204022809,,,Blue,1.4 inches,Vitrex,,,0.01,kilograms,0.7,6.9,16.9,centimeters,0.47,7.17,3.15,inches,,,
B0012B80HG,200,K/D L.S KITCHEN KNIFE 1000759,,KITCHEN_KNIFE,https://m.media-amazon.com/images/I/412V6V3BO5L.jpg,,5010624437224,05010624437224,,Black,30x8.5x2 cm,Kitchen Devils,,,0.05,kilograms,1.8,7.3,27.8,centimeters,30.0,8.5,2.0,centimeters,,,
B07QQDMJ6M,200,The Army Painter | Hobby: Super Glue,,BONDING_ADHESIVES,https://m.media-amazon.com/images/I/41q1bQa3UxL.jpg,,5713799201408,05713799201408,,White,,The Army Painter,,,0.018,kilograms,2.6924,3.302,9.7028,centimeters,1.3,0.9,3.8,inches,,,
B07RZBBG14,200,"Dragon Shield AT-13201 Standard Size Perfect Fit Sealable (100 Sleeves), clear",,CARD_DOCUMENT_SLEEVE,https://m.media-amazon.com/images/I/71AdFFvfBIL.jpg,,5706569132019,05706569132019,,Cream,Standard Card Size,Dragon Shield,,,0.05,kilograms,1.0922,8.4074,24.4094,centimeters,1.0,1.0,1.0,centimeters,,,
B00BUY54DI,200,Funko POP! Vinyl Alien,,FIGURINE,https://m.media-amazon.com/images/I/810pSZzGBOL.jpg,772223027316,0772223027316,00830395031439,,Multi Color,3.75 inches,Funko,,,0.141,kilograms,9.0932,12.2936,16.3068,centimeters,2.5,2.5,3.75,inches,,,
B005F5TRBI,200,"Croydex White Button Shower Curtain Rings 12pk, 75g, 34F",,CURTAIN_FASTENER,https://m.media-amazon.com/images/I/51nE7RNL3zL.jpg,,5012044060198,05012044060198,,White,75g,Croydex,,,0.04,kilograms,4.5,8.2,18.0,centimeters,5.7,2.8,0.8,inches,,,
B0009JJZ8A,200,"Fackelmann Sieve 15cm⌀, Strainer, Fine Mesh, Stainless Steel, 15x20x32.5cm, Silver",,FOOD_STRAINER,https://m.media-amazon.com/images/I/61+NWXEsooL.jpg,,4008033424400,04008033424400,,Silver,15cm,Fackelmann,,,0.13,kilograms,6.6,15.3,32.6,centimeters,13.6,5.9,2.66,inches,,,
B00LXM3PGK,200,SupaDec Sugar Soap 500ml,,SKIN_CLEANING_AGENT,https://m.media-amazon.com/images/I/51hRuV83wwL.jpg,,5017193008565,,,,500 ml (Pack of 1),Supadec,,,0.56,kilograms,4.6,8.8,20.8,centimeters,211.0,92.0,46.0,millimeters,,,
B0001P0DLU,200,Loctite 319 Rear View Mirror Bonder 0.5ml,,BONDING_ADHESIVES,https://m.media-amazon.com/images/I/41tr8w9s-uL.jpg,,5010266168227,05010266168227,,Clear,1 - Pack,Henkel,,,0.01,kilograms,1.0,9.8,16.3,centimeters,5.0,2.0,3.0,centimeters,,,
B0CL5DHG37,200,CoComelon Children's Toothpaste 75ml | Strawberry Flavour | 1000ppm Fluoride Toothpaste for Kids | Sugar Free | Suitable for Ages 3+ | Award-Winning,,TOOTH_CLEANING_AGENT,https://m.media-amazon.com/images/I/71KGOVc14aL.jpg,,5060228458170,,,,74 ml (Pack of 1),Kokomo Studio,,,0.11,kilograms,3.3,5.1,14.1,centimeters,,,,,,,
B0073TTHBY,200,Casio Gents 43.00mm Quartz Watch with Black Analogue dial and Black Rubber Strap Strap MRW-200H-1BVES,,WATCH,https://m.media-amazon.com/images/I/51csnj1sKhL.jpg,,4971850965022,04971850965022,,Black/Red,47.9 x 44.6 x11.6 mm,Casio,,,0.141,kilograms,7.1882,8.6106,10.8966,centimeters,3.54,3.35,2.56,inches,,,
B0913SVFD3,200,"LEXIBOOK Paw Patrol - Educational and Bilingual Laptop Spanish/English - Toy for Child Kid (Boys & Girls), 124 Activities, Learn Play Games and Music with Chase Marshall - Red/Blue, JC598PAi2",,ELECTRONIC_LEARNING_TOY,https://m.media-amazon.com/images/I/71F0QLGRvxL.jpg,,3380743085647,03380743088884,,Red / Blue,24 x 18 x 3.6 inches,Lexibook,,,0.812,kilograms,4.8006,25.7048,33.782,centimeters,24.0,18.0,3.6,inches,,,
B093FQYQJH,200,"Curaprox CS 12460 Velvet Soft Toothbrush – Sensitive Gum Care | Ultra-Gentle Cleaning with 12,460 Filaments | Single Pack, Random Color | Made in Switzerland",,TOOTHBRUSH,https://m.media-amazon.com/images/I/71yrMGjLEcL.jpg,,7612412428964,07612412428964,,Random,1 count (Pack of 1),Curaprox,,,0.03,kilograms,2.4,5.8,22.4,centimeters,224.0,60.0,23.0,millimeters,,,
B000X2F4II,200,"Tacwise 0283 Type 91 / 15 mm Galvanised Narrow Crown Staples, Pack of 1",,HARDWARE_STAPLE,https://m.media-amazon.com/images/I/71vMdhSu9QL.jpg,616268318032,0616268318032,05018505103084,,Silver,15mm,0283,,,0.205,kilograms,2.5,6.8,11.4,centimeters,13.0,6.6,2.1,centimeters,,,
B0CJ8TNZ67,200,"LEXIBOOK, Disney Stitch, Nightlight alarm clock, Sounds and Melodies, LCD Backlit screen, Luminous, Snooze, Blue, RL800D",,CLOCK,https://m.media-amazon.com/images/I/71q5c0llSXL.jpg,,3380743102139,03380743102139,,Blue,One Size,Lexibook,,,0.44,kilograms,10.8,30.9,33.7,centimeters,13.5,1.5,18.2,centimeters,,,
B075XT2J8X,200,Kingfisher Natural Toothpaste Charcoal Mint Fluoride-Free | Vegetarian & Vegan | Oral Health Foundation Approved | Gluten-Free & GM-Free | Ethical Consumer Best Buy | 1x100ml Tube,,TOOTH_CLEANING_AGENT,https://m.media-amazon.com/images/I/41t3WZE2qgL.jpg,,5016912212924,,,,56 g (Pack of 1),Kingfisher,,,0.17,kilograms,3.9,7.7,19.0,centimeters,11.0,11.0,11.0,centimeters,,,
B08P63MSS9,200,The Cheeky Panda Bamboo Facial Make Up Remover Wipes | Sustainable Face Wipes Eye Makeup Remover | Rose Scented Pack of 25 Face Wipes | 99% Purified Water,,SKIN_CLEANING_WIPE,https://m.media-amazon.com/images/I/61PcNhdtKxL.jpg,,5060561630790,05060561630790,,White,25 count (Pack of 1),The Cheeky Panda Limited,,,0.19,kilograms,3.9,8.5,13.8,centimeters,8.0,4.0,12.0,centimeters,,,
B0C9J86XCZ,200,Groov-e Geneva Rechargeable DAB & FM Digital Radio - Built-In Alarm Clock & Bluetooth Connectivity - LCD Display - USB or Battery Operated - Portable Radio - 80 Preset Stations - Black,,RADIO,https://m.media-amazon.com/images/I/61aNB0JOklL.jpg,,5060108297486,,,Black,,Groov-e,,,0.198,kilograms,3.4,7.6,16.0,centimeters,16.0,16.0,3.0,centimeters,,,
B08KFFY86W,200,"TePe EasyPick Toothpicks, Purple, ISO XL, 36pcs, Plaque Remover, efficient Clean Between the Teeth, Durable Dental Picks for Wide Gaps, Travel case Included",,TOOTHBRUSH,https://m.media-amazon.com/images/I/71ZzMuWswEL.jpg,,7317400024011,07317400024011,,3. Purple - XL,36 count (Pack of 1),TePe,,,0.03,kilograms,1.4,7.1,15.4,centimeters,14.0,79.0,164.0,millimeters,,,
B07L8N2TC1,200,"Masterplug Heavy Duty Single Socket Trailing Socket, without Plug and Cable, White",,POWER_STRIP,https://m.media-amazon.com/images/I/61ZO8Mqg75L.jpg,,5015056351704,05015056351704,,White,Single Socket - Trailing Socket,Masterplug,,,0.07,kilograms,3.2,5.8,9.1,centimeters,3.3,6.0,9.0,centimeters,,,
B004J71OSC,200,"Curaprox CS 5460 Ortho (Sortiert), Pack of 1 Unit",,TOOTHBRUSH,https://m.media-amazon.com/images/I/61riqi4-RbL.jpg,,4150077507738,07612412700077,,"Blue, Yellow",1 count (Pack of 1),Curaprox,,,0.02,kilograms,1.4,4.1,22.3,centimeters,224.0,41.0,16.0,millimeters,,,
B08MVG9QZW,200,"Cameleo - Permanent Hair Colour Cream - Dark Mahogany - Intensive Color & Protection - 5 Oils + Omega Plus Acids - Professional, Luxurious Hair Dye - Full Kit",,HAIR_COLORING_AGENT,https://m.media-amazon.com/images/I/81ZCXZrZiCL.jpg,,5060061200479,,,5.6 Dark Mahogany,50 g (Pack of 1),Delia Cosmetics,,,0.17,kilograms,5.2,8.4,17.4,centimeters,,,,,,,
B07CN7NRF7,200,Harry Potter - Tattoos (Temporary) - Set of 35 Styles - Official - Cinereplicas,,TEMPORARY_TATTOO,https://m.media-amazon.com/images/I/61BKecxuKLL.jpg,,4895205601659,04895205601659,,"black&white, color",,Cinereplicas,,,0.04,kilograms,0.04,14.8,24.7,centimeters,10.0,10.0,10.0,centimeters,,,
B00S9IXBVU,200,ProDec Combination Shavehook for Removing Paint and Varnish from Flat and Irregular Surfaces,,TOOLS,https://m.media-amazon.com/images/I/61Id210w6CL.jpg,,5019200008834,05019200008834,,Brown,Comination Shavehook,Rodo Ltd,,,0.15,kilograms,6.3,10.8,30.5,centimeters,6.0,5.0,24.0,centimeters,,,
B003VTZAM0,200,"Minky Metallic Reflector Ironing Board Cover, Extra Large",,IRONING_BOARD,https://m.media-amazon.com/images/I/71Ywj9fJFiS.jpg,789322451546,0789322451546,05010353050176,,Multicolor,125 x 45 cm,Minky,,,0.15,kilograms,4.1,19.3,29.3,centimeters,20.5,51.5,0.1,inches,,,
B01N31JDVX,200,Anniversary House Metallic Colourful Pink Glitter Number 7 Cake Candle for Birthday and Anniversary Decorations - Elegant Birthday Candle for Cake - Stylish Silver Number Candle Topper 7 cm,,CANDLE,https://m.media-amazon.com/images/I/61m1cxp3F5L.jpg,,5026281920528,,,Pink,7 centimeters,Anniversary House,,,0.019,kilograms,1.3,7.4,15.3,centimeters,15.5,7.5,1.5,centimeters,,,
B08C34199M,200,Wisdom Clean Between Pro Interdental Brushes Large Purple,,TOOTHBRUSH,https://m.media-amazon.com/images/I/713zswMXQEL.jpg,,5028763013148,,,Purple,30 count (Pack of 1),WISDOM TOOTHBRUSHES LIMITED,,,0.01,kilograms,1.2,7.3,14.6,centimeters,1.2,0.7,1.3,centimeters,,,
B004YJLV6K,200,"Brother TZe-242 - Standard adhesive - red on white - Roll (1.8 cm x 8 m) 1 cassette(s) laminated tape - for Brother PT-D600, P-Touch PT-1880, D450, D800, E550, E800, P900, P950, P-Touch EDGE PT-P750",,LABEL,https://m.media-amazon.com/images/I/51cr6GOpSsL.jpg,,4977766685351,04977766685351,,red,18 mm,BROTHER,,,0.06,kilograms,10.0,7.2,2.0,centimeters,29.15,4.24,9.27,centimeters,,,
B00ICS6JWK,200,"Idontix X-Floss Lite, Blue",,DENTAL_FLOSS,https://m.media-amazon.com/images/I/61E7TRHWsuL.jpg,781163972174,0781163972174,00781163972174,,,1 count (Pack of 30),IDONTIX,,,0.02,kilograms,1.0,11.0,15.3,centimeters,0.6,11.9,15.9,centimeters,,,
B07H2WXMDJ,404,,,,,,,,,,,,,,,,,,,,,,,,,,"{""errors"": [{""code"": ""NOT_FOUND"", ""message"": ""Requested item, B07H2WXMDJ, not found in marketplace(s) A1F83G8C2ARO7P.""}]}"
B0CRRPCT5P,200,Arcane Tinmen ApS ART15062 Dragon Shield: Matte - Dual Soul (Metallic Purple),,CARD_DOCUMENT_SLEEVE,https://m.media-amazon.com/images/I/61qOS4GChpL.jpg,,5706569150624,05706569150624,,Metallic Purple,,Arcane Tinmen ApS,,,0.141,kilograms,4.699,7.112,9.8044,centimeters,5.0,7.0,9.5,centimeters,,,
B0CJMMYYCJ,200,"Dragon Shield | Matte Dual Standard Size Card Sleeves | 100 CT - Smooth & Tough Premium TCG Sleeves - Compatible with Pokemon, Flesh & Blood, One Piece & Magic the Gathering | Justice",,CARD_DOCUMENT_SLEEVE,https://m.media-amazon.com/images/I/618q1HPqSML.jpg,,5706569150617,05706569150617,,Matte Black,Small,Arcane Tinmen ApS,,,0.141,kilograms,4.699,7.1882,10.0076,centimeters,1.9,2.8,3.7,inches,,,
B09M3RB8R1,200,Curaprox Kids Toothpaste – Ages 6+ | Watermelon Flavour | Protects Against Tooth Decay & Strengthens Enamel | 60ml Fluoride Formula | Made in Switzerland,,TOOTH_CLEANING_AGENT,https://m.media-amazon.com/images/I/61Pt1UQeqJL.jpg,,7612412429480,,,Clear,60 ml (Pack of 1),Curaden,,,0.08,kilograms,3.8,4.4,12.4,centimeters,1.7,1.45,4.9,millimeters,,,
B09NQD4S5N,200,"The Army Painter Speedpaint Zealot Yellow 2.0, Single Acrylic Paint 18ml One-coat Painting Soloution For Fantasy Tabletop Miniatures Like Warhammer 40k and Dungeons And Dragons Figures",,PAINT,https://m.media-amazon.com/images/I/61H9ZassLIL.jpg,,5713799201385,05713799201385,,Yellow,1 count (Pack of 1),Army Painter,,,0.018,kilograms,2.6924,6.5024,7.3914,centimeters,75.0,78.0,50.0,millimeters,,,
B0BWFT5RGN,200,Funko POP! Movies: Avatar: the Way Of Water - Lo’ak - Collectable Vinyl Figure - Gift Idea - Official Merchandise - Toys for Kids & Adults - Movies Fans - Model Figure for Collectors and Display,,FIGURINE,https://m.media-amazon.com/images/I/71u40-zF7kL.jpg,889698730907,0889698730907,00889698730907,,R.blue,One Size,Funko,,,0.17,kilograms,9.8,12.1,22.8,centimeters,3.5,4.5,6.5,inches,,,
B09NQBQW49,200,"The Army Painter Speedpaint Absolution Green 2.0, Single Model Building Acrylic Paint, 18 ml, Single Layer Paint Solution for Fantasy Tabletop Miniatures Like Warhammer 40k Figures and DnD Miniatures",,PAINT,https://m.media-amazon.com/images/I/61jhXgHtWwL.jpg,,5713799200784,05713799200784,,Absolution Green,1 count (Pack of 1),The Army Painter,,,0.03,kilograms,2.3,2.3,7.4,centimeters,75.0,78.0,50.0,millimeters,,,
9189143078,200,Feretory: Mork Borg Cult,,GAMES,https://m.media-amazon.com/images/I/818+M5RrqkL.jpg,,9789189143074,09789189143074,,Multicolor,6 x 8.6 x 0.25 pulgadas,Free League Publishing,,,0.118,kilograms,0.7112,14.9098,21.0058,centimeters,8.6,6.0,0.25,inches,,,
B0B32365PH,200,"Pokémon Paldea Battle Figure 4 Pack - Features 2-Inch Pikachu, Fuecoco, Sprigatito, and Quaxly Battle Figures",,TOY_FIGURE,https://m.media-amazon.com/images/I/51HMT-g+OCL.jpg,191726507185,0191726507185,00191726507185,,Multicolor,2 inches,Jazwares,,,0.168,kilograms,6.7056,13.9954,22.8092,centimeters,2.75,5.5,9.0,inches,,,
B07V9CRX7Y,200,PERFECT SCENTS 3 SCENTS - MYSTIC JAPAN,,AREA_DEODORIZER,https://m.media-amazon.com/images/I/61hW8U-I+FL.jpg,,5055586604796,05055586604796,,White,6.67 ml (Pack of 3),Perfect Scents,,,0.21,kilograms,4.9,11.3,15.9,centimeters,6.96,6.2,17.8099999999999,centimeters,,,
B082BVCQMQ,200,Modiphius Entertainment Role Playing Game Alien RPG: Stress Dice Set,,GAME_DICE,https://m.media-amazon.com/images/I/61qcMExo7NL.jpg,,7350105220159,07350105220159,,Yellow,16 millimetre,Free League Publishing,,,0.059,kilograms,2.3876,7.5946,11.9888,centimeters,3.3,1.0,5.2,inches,,,
B0BLQRDTLL,200,Funko Pop! Movies: Teenage Mutant Ninja Turtles - (Teenage Mutant Ninja Turtles (TMNT) ) - April O'Neil O Neil - Collectable Vinyl Figure - Gift Idea - Official Merchandise - Toys for Kids & Adults,,FIGURINE,https://m.media-amazon.com/images/I/81vb1jv63KL.jpg,889698723336,0889698723336,00889698723336,,Multicolour,One Size,Funko,,,0.14,kilograms,9.1,11.7,16.2,centimeters,3.5,4.5,6.5,inches,,,
B075WYWJ5L,200,"USN Power Punch BCAA Amino Acids Powder, Blue Raspberry Flavour - 400g, Vegan BCAA Powder, Vitamin B6 & No Sugar, Pre Workout & Intra Workout Energy Drink & Dietary Supplement to Maximise Performance",,NUTRITIONAL_SUPPLEMENT,https://m.media-amazon.com/images/I/71UzRAtue2L.jpg,,6009544907381,,,Blue Raspberry,"36 Servings (400 g, Pack of 1)",USN,,,0.56,kilograms,12.6,13.6,18.0,centimeters,15.0,15.0,15.0,centimeters,,,
B07W65T6VT,200,Ultra Pro - Eclipse 9-Pocket Pro-Binder - Jet Black,,DISPLAY_ALBUM,https://m.media-amazon.com/images/I/41MKd7guyEL.jpg,074427152192,0074427152192,00074427152192,,Black,Medium,Ultra Pro,,,0.5,kilograms,2.8,26.7,31.0,centimeters,35.5,25.5,2.5,centimeters,,,
B07NGGSR3D,200,"Ultimate Guard - Katana Sleeves - Purple (100) [Standard Size, 66 x 91mm]",,CARD_DOCUMENT_SLEEVE,https://m.media-amazon.com/images/I/713cteyad4L.jpg,,4056133012225,04056133012225,,Purple,Standard (Lot de 1),Ultimate Guard,,,0.12,kilograms,3.2,7.2,9.9,centimeters,3.0,1.25,5.0,inches,,,
B07L6H9GZ2,200,White Chocolate Skinny Syrup,,SYRUP,https://m.media-amazon.com/images/I/71PHJJArh4L.jpg,,5060614800200,,,Colored,425 ml (Pack of 1),The Skinny Food Co,,,0.46,kilograms,5.4,9.0,16.3,centimeters,8.0,8.0,15.0,centimeters,,,
B0CP69JJGG,200,"Myprotein Unisex Adult Mini Bottle Shaker - Black, 400 ml (Pack of 1)",,BOTTLE,https://m.media-amazon.com/images/I/612Tsz5lHIL.jpg,,5059883286433,,,Black,400 ml,MyProtein,,,0.1,kilograms,8.7,13.4,19.3,centimeters,10.0,10.0,16.0,centimeters,,,
B0BZQCZYN7,200,Yu-Gi-Oh! Speed Duel: Streets of Battle City,,TABLETOP_GAME,https://m.media-amazon.com/images/I/71qhGBFOvGL.jpg,,4012927168844,04012927168844,,Multicolored,10.1 cm x 13.3 cm x 0.1 cm,YU-GI-OH,,,0.608,kilograms,9.1948,11.2014,15.5956,centimeters,133.0,101.0,70.0,millimeters,,,
B0DN6KL887,200,ECO CHIC Lightweight Foldable Reusable Shopping Bag Water Resistant Tote Bag (Cosy Camping Blue),,TOTE_BAG,https://m.media-amazon.com/images/I/61238UQYV9L.jpg,,5061017932987,,,Cosy Camping Blue,Compact,ECO CHIC,,,0.05,kilograms,2.5,10.6,11.5,centimeters,15.0,3.9,22.0,inches,,,
B012DV4306,200,Cameleo Men - Permanent Hair Dye | Medium Brown Colour for Hair Beard & Moustache | Natural Colour Effect in 5 Minutes | Cover Grey Hair | Ammonia FREE | 30ml,,HAIR_COLORING_AGENT,https://m.media-amazon.com/images/I/71mrVK2VBzL.jpg,,5901350445846,,,brown,1 count (Pack of 1),Delia Cosmetics,,,0.1,kilograms,4.2,8.3,15.9,centimeters,4.0,8.0,15.0,centimeters,,,
B00SWSU5BG,200,"Curaprox CUR010 CPS15 Interdental Brush, Regular, Black, 1.8 mm-4 mm (Pack of 5)",,TOOTHBRUSH,https://m.media-amazon.com/images/I/81bgaq9JhOL.jpg,756533668148,0756533668148,07612412015003,,Black,1 count (Pack of 5),DHB,,,0.01,kilograms,1.1,5.7,8.7,centimeters,118.0,68.0,13.0,millimeters,,,
B0BBWH7DBT,200,Kingston NV2 NVMe PCIe 4.0 Internal SSD 250GB M.2 2280 - SNV2S/250G,,COMPUTER_DRIVE_OR_STORAGE,https://m.media-amazon.com/images/I/71NfMZKkpQL.jpg,740617329889,0740617329889,00740617329889,,blue,250GB,Kingston,,,0.02,kilograms,0.7,12.8,17.9,centimeters,3.1496,0.8661,0.1496,inches,,,
B06XGSJS7N,200,"Ultimate Guard UGD010696 Boulder Deck Case, 100 Plus, standard size, malachite",,STORAGE_BOX,https://m.media-amazon.com/images/I/51qKt3O0w9L.jpg,,4056133006194,04056133006194,,Malachite,100+,Ultimate Guard,,,0.15,kilograms,7.493,7.7978,10.6934,centimeters,3.87795485,2.9921276,2.9527575,inches,,,
B09NQ9ZHDQ,200,The Army Painter Speedpaint Singles - Cloudburst Blue,,PAINT,https://m.media-amazon.com/images/I/613n-uHTDBL.jpg,,5713799202283,05713799202283,,Blue,1 ml (Pack of 1),The Army Painter,,,0.02,kilograms,2.2,2.5,7.7,centimeters,75.0,78.0,50.0,millimeters,,,
B07QPB3T1J,200,The Army Painter | Basing Glue,,BONDING_ADHESIVES,https://m.media-amazon.com/images/I/51ZRCnGQFWL.jpg,,5713799201309,05713799201309,,['white'],,The Army Painter,,,0.07,kilograms,3.2,4.8,13.3,centimeters,5.0,2.8,3.8,inches,,,
B00WI8O0RG,200,100 Ultra Pro Card Protector Sleeves: Pro-Matte - 66 x 91 mm,,CARD_DOCUMENT_SLEEVE,https://m.media-amazon.com/images/I/41xo7bwm0xL.jpg,074427845155,0074427845155,00074427845155,,Black / Black,100ct,Ultra Pro,,,0.109,kilograms,1.8034,10.4902,18.1102,centimeters,9.1,6.6,0.1,centimeters,,,
B00D1V5E5G,200,"Bosch 2608831009 ""SDS Plus-3"" Hammer Drill Bit, 0 V, Grey, 6 x 150 x 210 mm",,DRILL_BITS,https://m.media-amazon.com/images/I/41Ob6BK83mL.jpg,,6949509209405,06949509209405,,Grey,6 x 150 x 210 mm,Bosch,,,0.06,kilograms,0.5,1.2,31.0,centimeters,11.02,11.02,7.09,inches,,,
B000Q351JG,200,Tisserand Aromatherapy - Jojoba Organic Carrier Oil - Face and Body Blending Oil - 100% Natural and Pure Carrier Oil for Essential Oils Mixing,,BODY_LUBRICANT,https://m.media-amazon.com/images/I/61mD8nKHQ0L.jpg,,5017402006801,05017402006801,,Jojoba,100 ml (Pack of 1),Tisserand,,,0.1,kilograms,3.6,3.9,11.2,centimeters,1.6,1.6,4.6,inches,,,
B010E25DI2,200,100 Ultra Pro Card Protector Sleeves: Pro-Matte - 66 x 91 mm,,CARD_DOCUMENT_SLEEVE,https://m.media-amazon.com/images/I/51nvQiFduWL.jpg,074427845179,0074427845179,00074427845179,,Green,,Ultra Pro,,,0.11,kilograms,3.8,10.9,17.7,centimeters,30.0,6.6,9.1,centimeters,,,
B012AO02EM,200,"Friendly Soap - Sweet & Uplifting Lemongrass Soap (95g), Plant-Based, Cruelty-Free, Made By Hand, No Preservatives or Sulphates, Sustainable",,SKIN_CLEANING_AGENT,https://m.media-amazon.com/images/I/518occCMdhL.jpg,773490525611,0773490525611,,,Lemongrass,95 g (Pack of 1),Friendly Soap Ltd,,,0.1,kilograms,8.4,5.8,2.4,centimeters,8.0,5.0,2.5,centimeters,,,
9188805557,200,Free League | Alien RPG | Role Playing Game | Ages 14+ | 1+ Players,,GAMES,https://m.media-amazon.com/images/I/61nMoRTJJOL.jpg,,9789188805553,09789188805553,,Multicolor,Standard,Free League Publishing,,,1.47,kilograms,2.6924,22.3012,28.6004,centimeters,11.25,11.25,1.0,inches,,,
B07C8QSSR2,200,"Piksters Wax for Orthodontics and Braces, 2 Count (Pack of 1)",,HEALTH_PERSONAL_CARE,https://m.media-amazon.com/images/I/61Q0S-FBK+L.jpg,,9336628001701,,,,2 Count (Pack of 1),Erskine Oral Care,,,0.02,kilograms,1.9,6.8,12.1,centimeters,2.0,7.5,13.0,centimeters,,,
B07RRQX71T,200,THE HUMBLE CO. - Interdental Brushes - Size 3-0.6 mm - Developed by Dentists - Designed in Sweden - Teeth Cleaning - Vegan & Cruelty-Free - 6p,,TOOTHBRUSH,https://m.media-amazon.com/images/I/61kBseqk88L.jpg,,7350075693069,07350075693069,,Blue (Size 3 - 0.6mm),6 count (Pack of 1),The humble co,,,0.01,kilograms,1.2,5.6,13.5,centimeters,15.0,12.0,10.0,centimeters,,,
B00D2O8936,200,SupaTool Nuisance Dust Mask Disposable Cleaning Molded Face Masks Respirator X 20 Masks,,RESPIRATOR,https://m.media-amazon.com/images/I/51z4gErkSNL.jpg,,5017193064707,05017193064707,,White,1 count (Pack of 20),SupaTool,,,0.07,kilograms,8.9,15.3,18.7,centimeters,,,,,,,
B0C9LJNJWZ,200,"LEXIBOOK, Barbie, Educational and Bilingual Laptop in English/French, Toy for children with 124 activities to learn, play games and music, Pink, JC598BBi1",,ELECTRONIC_LEARNING_TOY,https://m.media-amazon.com/images/I/81TJrqeG8JL.jpg,,3380743096117,,,Pink,M,Lexibook,,,0.82,kilograms,5.0,26.6,34.29,centimeters,24.0,18.0,3.6,centimeters,,,
B09HHLMG1V,200,"Defenders All-Seasons Multi-Purpose Handy Spreader with Scoop - Green, Ideal for Application of Granules and Seeds",,OUTDOOR_LIVING,https://m.media-amazon.com/images/I/51E9mX9hW7L.jpg,,5036200120274,,,Green,,Defenders,,,0.2,kilograms,10.1,16.4,27.5,centimeters,100.0,130.0,280.0,millimeters,,,
B0C7HGQRY6,200,"MUTANT GEAAR | 9.4g of EAA Powder + Arginine, 7g BCAAs, 4g Leucine, Electrolytes, Coconut Water, No Artificial Colours or Flavours | 30 Servings | Orange Rush",,NUTRITIONAL_SUPPLEMENT,https://m.media-amazon.com/images/I/81UjS4Xbx8L.jpg,627933222073,0627933222073,,,,378 g (Pack of 1),Mutant,,,0.48,kilograms,9.1,9.3,15.9,centimeters,9.1,9.1,15.2,centimeters,,,
B004ZMXOMA,200,"TEPE ANGLE YELLOW BLISTER, 6 pc",,TOOTHBRUSH,https://m.media-amazon.com/images/I/711CNYWG0qL.jpg,,7317400011592,07317400011592,,Yellow,6 count (Pack of 1),TePe Munhygienprodukter AB.,,,0.03,kilograms,1.6,7.0,17.5,centimeters,0.5,0.25,4.0,inches,,,
B00ANP09LM,200,"Easycook NS613R Easy Cook Polly Carbonate Non-Staining Microwave Sauce Pan and Lid, Red",,COOKING_POT,https://m.media-amazon.com/images/I/61PEfYuQXvL.jpg,,5060064096130,05060064096130,,Red,0.5 Litres,Pendeford,,,0.27,kilograms,11.6,23.5,30.4,centimeters,20.0,13.5,7.5,centimeters,,,
B08MW8XMNQ,200,Piksters Eco Charcoal 30 Floss Picks - Pack of 1,,DENTAL_FLOSS,https://m.media-amazon.com/images/I/81rYMMDuXqL.jpg,,9336628005563,,,,30 count (Pack of 1),DHB,,,0.04,kilograms,1.9,6.4,9.5,centimeters,1.9,6.6,9.7,centimeters,,,
B0CSVLW6QL,200,Funko Pop! TV: Wednesday - Enid Sinclair - Rave'n E - Collectable Vinyl Figure - Gift Idea - Official Merchandise - Toys for Kids & Adults - TV Fans - Model Figure for Collectors and Display,,TOY_FIGURE,https://m.media-amazon.com/images/I/61Oc1I+iqPL.jpg,889698833158,0889698833158,00889698833158,,Multicolor,Standard Size,Funko,,,0.118,kilograms,8.89,11.4046,16.51,centimeters,4.5,3.5,6.5,inches,,,
B00605WJ9O,200,"RAINBOW DUST Pearl Food Colouring, Edible Paint in Pearlescent Colours, Ready to Use, Easy to Apply, Create Cakes & Cupcakes with an Indulgent Shimmer - Dark Gold 25ml",,FOOD_COLORING,https://m.media-amazon.com/images/I/51qjgCk8vYL.jpg,,5055644408533,,,Metallic Dark Gold,25 ml (Pack of 1),Rainbow Dust,,,0.04,kilograms,3.0,7.7,11.8,centimeters,3.0,3.0,6.0,centimeters,,,
B07B8RJDXT,200,"Dragon Shield | Standard Size Card Matte Sleeves | 100 CT - Smooth & Tough Premium TCG Sleeves | Compatible with Pokemon, Flesh & Blood, One Piece & Magic the Gathering | Gold - Matte",,CARD_DOCUMENT_SLEEVE,https://m.media-amazon.com/images/I/71FoRNrkf4L.jpg,,5706569110062,05706569110062,,Gold,Standard-Größe,Arcane Tinmen,,,0.159,kilograms,4.699,7.2898,9.7028,centimeters,4.0,2.5,8.0,inches,,,
B000PSB13C,200,"MARSHALLTOWN Masonry Grout Bags for Mortar and Grout, Tiling Tools, Durable Black Vinyl Bag, 12 x 24 Inch, Tip Included, Made in USA, GB692",,SEALANT,https://m.media-amazon.com/images/I/21HbOZL5xjL.jpg,035965078184,0035965078184,00035965078184,,Black,One Size,Marshalltown The Premier Line,,,0.1584,kilograms,3.9878,29.591,32.2072,centimeters,595.0,337.0,29.0,millimeters,,,
B00ANOXX9I,200,Easycook Microwave Saucepan with Lid 750ML RED,,COOKING_POT,https://m.media-amazon.com/images/I/81+jfweE4HL.jpg,,5060064096161,05060064096161,,Red,1 Quarts,Pendeford,,,0.2,kilograms,10.6,16.4,24.1,centimeters,9.84,7.48,4.72,inches,,,
B00009OY9U,200,Logitech G Extreme 3D Pro USB Joystick for Windows - Black/Silver,,VIDEO_GAME_CONTROLLER,https://m.media-amazon.com/images/I/51AoO6zKNsL.jpg,097855018113,0097855018113,00097855018113,,Silver/Black,One Size,Logitech,,,1.23,kilograms,21.3,22.6,23.9,centimeters,21.0,22.5,23.0,centimeters,,,
B003M36498,200,Kitchen Devils Control 7cm Paring Knife 603001,,KITCHEN_KNIFE,https://m.media-amazon.com/images/I/41MxVn2sFqL.jpg,,5010624437415,,,Black,7 cm,Kitchen Devils,,,0.05,kilograms,1.8,7.5,25.6,centimeters,29.4,1.0,9.4,centimeters,,,
B081Q9CFGC,200,OceanSaver Anti-Bac Cleaning EcoDrop | Anti-Bacterial Multipurpose Cleaning Spray | Ocean Mist | Eco Friendly Cleaning (1 Pack),,CLEANING_AGENT,https://m.media-amazon.com/images/I/61zecJlVl-L.jpg,,5060727260069,,,,1 count (Pack of 1),OceanSaver,,,0.02,kilograms,2.3,4.1,11.1,centimeters,,,,,,,
B0CJMRL1WT,200,"Dragon Shield | Matte Dual Standard Size Card Sleeves | 100 CT - Smooth & Tough Premium TCG Sleeves - Compatible with Pokemon, Flesh & Blood, One Piece & Magic the Gathering | Truth",,CARD_DOCUMENT_SLEEVE,https://m.media-amazon.com/images/I/71FHv1UDc-L.jpg,,5706569150600,05706569150600,,gold,Medium,Arcane Tinmen,,,0.141,kilograms,4.699,7.2898,9.4996,centimeters,1.9,2.8,3.7,inches,,,
B01NBDFDBC,200,"Yale YES-CYLPULL-CH Essentials Rim Cylinder Door Pull, Great for External Doors, for Easy Door Closing, Chrome Finish",,HARDWARE_HANDLE,https://m.media-amazon.com/images/I/41JBynoU9AL.jpg,,5011802251854,05011802251854,,Chrome,,Yale,,,0.08,kilograms,1.2,9.8,14.4,centimeters,7.3,3.8,0.6,centimeters,,,
B004GFPFBO,200,Funko POP! Movies : Freddy Krueger - Nightmare on Elm Street - Collectable Vinyl Figure - Gift Idea - Official Merchandise - Toys for Kids & Adults - Movies Fans - Model Figure for Collectors,,FIGURINE,https://m.media-amazon.com/images/I/71R1ToiJaoS.jpg,713807532123,0713807532123,00830395022918,,Black,One Size,Funko,,,0.16,kilograms,9.2,11.7,15.9,centimeters,2.0,2.5,3.75,inches,,,
B07W45L22P,200,Funko POP! Star Wars: the Mandalorian - Big Tom - Heavy Infantry Mandalorian - Collectable Vinyl Figure - Gift Idea - Official Merchandise - Toys for Kids & Adults - TV Fans,,TOY_FIGURE,https://m.media-amazon.com/images/I/71nNTiFyJAL.jpg,889698455404,0889698455404,00889698455404,,Multicolor,,Funko,,,0.168,kilograms,8.9916,11.9126,16.1036,centimeters,2.5,2.5,3.75,inches,,,
B0D59LGPWS,200,"LEXIBOOK, English Dictionary, Pocket electronic dictionary, Definitions, Thesaurus, Grammar functions, Phonetic spellchecker, Word games, 4"" screen, Advanced features, Blue, D660EN",,TOYS_AND_GAMES,https://m.media-amazon.com/images/I/71yRvgzpmBL.jpg,,3380743103303,,,Blue,Large,Lexibook,,,0.28,kilograms,3.4,19.3,26.4,centimeters,15.3,9.8,1.4,centimeters,,,
B081SWQNFS,200,"Max Factor Miracle Second Skin Hydrating Foundation, Tan - 30 ml",,SKIN_FOUNDATION_CONCEALER,https://m.media-amazon.com/images/I/41QDRa1pY-L.jpg,,3614229764826,03614229764826,,Beige,30 ml (Pack of 1),COTY,,,0.04,kilograms,2.5,5.7,13.6,centimeters,13.55,3.76,2.48,centimeters,,,
B0031DCJWU,200,"Puressentiel Rest & Relax, Stress Roll-On - 5 ml - Helps Promote Healthy Sleep, Stress Relief & Anxiety Relief Routines - Soothing, Relaxing & Naturally Calming Essential Oils - Aromatherapy",,ESSENTIAL_OIL,https://m.media-amazon.com/images/I/71M5o2KGY3L.jpg,,3401546259551,03401546259551,,Clear,0.42 ml (Pack of 12),Puressentiel,,,0.02,kilograms,3.5,3.7,9.1,centimeters,4.2,4.2,11.8,centimeters,,,
B0B2RBG672,200,"Salt of the Earth - Natural Deodorant Roll on Refill - x7 Uses - Amber & Sandalwood - 100% Natural Origin Ingredients - Vegan - Suitable for Men, Women & Children - 525ml",,BODY_DEODORANT,https://m.media-amazon.com/images/I/71NfVXw8OrL.jpg,,5025452001875,05025452001875,,WHITE,525 ml (Pack of 1),Crystal Spring,,,0.584,kilograms,6.9,7.3,22.2,centimeters,,,,,,,
B07772WMSM,200,"Meditrade Nitril® Black Nitrile Examination Gloves - Powder-Free, Latex-Free, Multi Use Protective Exam Gloves - Size X-Large - Black - 100pcs",,PROFESSIONAL_HEALTHCARE,https://m.media-amazon.com/images/I/613M-RT1W3L.jpg,,4250016405108,04250016405108,,Black,XL,Meditrade,,,0.49,kilograms,5.8,16.8,24.0,centimeters,240.0,110.0,240.0,millimeters,,,
B0054RRCQY,200,"Badger Sleep Balm, Softens Skin whilst Soothing the Mind, For a Blissful Nights Sleep Rub on the Temples or Pulse Points, Lavender and Bergamot Scent with Added Essential Oils, 56g",,SKIN_MOISTURIZER,https://m.media-amazon.com/images/I/71pCeLnKvDL.jpg,634084135800,0634084135800,00634084135800,,,56 g (Pack of 1),,,,0.091,kilograms,2.8956,8.6106,9.6012,centimeters,2.7,7.3,2.7,centimeters,,,
B0198KU5PW,200,Funko POP! Animation: One Piece - Monkey D. Luffy - Collectable Vinyl Figure - Gift Idea - Official Merchandise - Toys for Kids & Adults - Anime Fans - Model Figure for Collectors and Display,,FIGURINE,https://m.media-amazon.com/images/I/81aQmjff2kL.jpg,849803053055,0849803053055,00849803053055,,Orange,Standard,Funko,,,0.281,kilograms,10.9982,13.6906,19.6088,centimeters,3.5,3.5,3.75,inches,,,
B078K3B7R6,200,"Piksters Interdental Brushes, 10 pk, Size 00, Interdental Brush for Extremely Fine Gaps, Gum Soft Bristles for Plaque Removal, Safe for Braces",,TOOTHBRUSH,https://m.media-amazon.com/images/I/41rGi2KOZML.jpg,,9336628002036,09336628002036,,Size 00 (Pink),1 count (Pack of 10),Piksters / Erskine Oral Care,,,0.02,kilograms,1.7,5.2,15.8,centimeters,0.5,5.5,14.3,centimeters,,,
B07QNL4BNM,200,"Amtech N2381 Hi Vis Gloves Large (Size 9), Certified Quality Rubber Coated Hi Vis Work Gloves, Black/Yellow",,PROTECTIVE_GLOVE,https://m.media-amazon.com/images/I/91lhxb1qPjL.jpg,,5032759049431,05032759049431,,Yellow & Black,Size 9,DK Tools LTD,,,0.06,kilograms,8.4,15.0,16.0,centimeters,24.0,10.0,29.0,centimeters,,,
B0B6GD6QF8,200,Funko POP! TV: Witcher - Yennefer - the Witcher - Collectable Vinyl Figure - Gift Idea - Official Merchandise - Toys for Kids & Adults - TV Fans - Model Figure for Collectors and Display,,FIGURINE,https://m.media-amazon.com/images/I/71iTawOPdgL.jpg,889698674263,0889698674263,,,Multicolor,One Size,Funko,,,0.12,kilograms,8.9,11.7,16.4,centimeters,3.5,4.5,6.5,inches,,,
B079MFZL6K,200,Acctim Wickford Kids Teaching Wall Clock Quartz Rainbow Dial Quarter Markers Pink 20cm 22520,,CLOCK,https://m.media-amazon.com/images/I/71DjiNjCgeL.jpg,,5012562225208,,,Pink,One Size,Acctim,,,0.34,kilograms,4.6,20.9,24.1,centimeters,19.99,3.81,19.99,centimeters,,,
B005BFZAK4,200,Ultra Pro SLEEVES Solid 100 Card Game (Clear),,CARD_DOCUMENT_SLEEVE,https://m.media-amazon.com/images/I/51yqp3oC3vL.jpg,074427826895,0074427826895,00074427826895,,Clear,,Ultra Pro,,,0.059,kilograms,1.4986,8.6106,14.097,centimeters,6.0,4.0,0.5,inches,,,
B01N49MD2S,200,"Arcane Tinman ART13023 AT-13023 Dragon Shield-Perfect Fit Standard Sleeves 100pk-Smoke, Smoke, One Size",,CARD_DOCUMENT_SLEEVE,https://m.media-amazon.com/images/I/71SnsMiRXML.jpg,,5706569130237,05706569130237,,Smoke,One Size,Lion Rampant Imports Ltd,,,0.06,kilograms,1.5,9.1,10.5,centimeters,1.3,2.8,3.8,inches,,,
B006PFN3BW,200,Everbuild Industrial Grade Superglue GP 50 g Pack of 3,,BONDING_ADHESIVES,https://m.media-amazon.com/images/I/41y5LjKd7aL.jpg,610708898375,0610708898375,,,Clear,Pack of 3,Everbuild,,,0.18,kilograms,10.1,11.8,15.8,centimeters,1.0,1.0,1.0,centimeters,,,
B003DZUDYC,200,"Pendeford Value Plus Saucepan Set 3PC | Carbon Steel Non-Stick with Tempered Glass Lids | 16cm 18cm 20cm | Easy Clean, Lightweight, Dishwasher Safe | Suitable for All Hob Types Except Induction",,COOKING_POT,https://m.media-amazon.com/images/I/610ap-LVQgL.jpg,,5015826001204,05015826001204,,Multi-colour,3.5 Litres,Pendeford Housewares,,,1.75,kilograms,13.1,24.0,36.29,centimeters,9.61,15.0,6.5,inches,,,
B00KB225MS,200,"Elliott Multi-Purpose Window Squeegee perfect for streak free cleaning on Windows, shower screens, cars and mirrors, Aluminium frame housing a 20cm rubber squeegee with an ergonomic Grey Handle.",,SQUEEGEE,https://m.media-amazon.com/images/I/61xY9VK1pQL.jpg,,5013159300353,05013159300353,,Grey,20cm,George East Housewares,,,0.06,kilograms,3.7,15.1,20.8,centimeters,7.56,5.51,1.18,inches,,,
B081QV8W38,200,WizKids WZK90035 Accessories,,FIGURINE,https://m.media-amazon.com/images/I/71NXK1sTMHL.jpg,634482900352,0634482900352,00634482900352,,"Likely 'Red' (Highly Likely for Character, Possible for Material)",,WizKids,,,0.16,kilograms,12.2,14.9,20.3,centimeters,5.0,6.5,1.5,inches,,,
B00IUKPVYM,200,Price's Petali Brand Scented Tealights | 25 Pack Tealights 4 Hour Burn Time | Available in Multiple Scents (Rose),,CANDLE,https://m.media-amazon.com/images/I/71cKVSFRSzL.jpg,,5205097174039,05205097174039,,Pink,Small,Price's Patent Candles Ltd,,,0.29,kilograms,1.6,18.4,18.9,centimeters,18.49,1.5,18.49,centimeters,,,
B08M52B4M5,200,Moo Free Dairy Free Milk Chocolate Buttons (25g),,CHOCOLATE_CANDY,https://m.media-amazon.com/images/I/81kCiZ5ZOZL.jpg,,5060235831003,,,Milk,25 g (Pack of 1),Moo Free,,,0.02,kilograms,1.4,8.7,12.0,centimeters,10.0,90.0,120.0,millimeters,,,
B0C4RR58SF,200,Funko POP! Rocks: Mariah Carey - Emancipation Of Mimi - Collectable Vinyl Figure - Gift Idea - Official Merchandise - Toys for Kids & Adults - Music Fans - Model Figure for Collectors and Display,,FIGURINE,https://m.media-amazon.com/images/I/616VXppjJ4L.jpg,889698752749,0889698752749,00889698752749,,Gold,10.16 cm,Funko,,,0.14,kilograms,8.9,11.8,16.6,centimeters,4.5,3.5,6.5,inches,,,
B086MBW9R9,200,"The Army Painter Lowland Shrubs, 77 Self Adhesive Static Grass Tufts in 3 Sizes, for Model Bases, Terrain Scenics, Miniature Bases and Diorama Base, Green Grass Tufts for Gaming Bases",,ART_SUPPLIES,https://m.media-amazon.com/images/I/61KaZlO4c9L.jpg,,5713799423206,,,multicoloured,,The Army Painter,,,0.019,kilograms,2.0,6.5,20.0,centimeters,2.0,5.0,0.09,inches,,,
B0D3JCG3YJ,200,"OtterBox Symmetry Folio Case for iPad Pro 13"" (M5 2025 /M4 2024), Shockproof, Drop proof, Slim Protective Folio Case, Tested to Military Standard, Clear/Grey",,PORTABLE_ELECTRONIC_DEVICE_COVER,https://m.media-amazon.com/images/I/51QIsTQn6TL.jpg,840304759071,0840304759071,,,Clear/Grey,"iPad Pro 13"" (M5 2025 / M4 2024)",Otterbox,,,0.49,kilograms,1.7,22.3,31.5,centimeters,11.31,8.71,0.47,inches,,,
B0897VHKW6,200,Hilltop Maple Syrup - Very Dark Late Harvest - Squeezy Bottle - 230g,,SYRUP,https://m.media-amazon.com/images/I/61lWpmxhgIL.jpg,,5060298572752,05060298572752,,,230 g (Pack of 1),Hilltop Honey,,,0.25,kilograms,4.0,6.8,12.0,centimeters,2.9,4.9,12.1,centimeters,,,
B07BC5K5W5,200,"Amtech - SDS+ masonry drill bit, deep reach, tungsten carbide tip, length 210mm, 7mm x 210mm",,DRILL_BITS,https://m.media-amazon.com/images/I/61yarT6g1qL.jpg,,5032759047840,05032759047840,,Clear,7 x 210 mm,DK Tools,,,0.05,kilograms,1.1,3.5,26.6,centimeters,21.0,0.7,26.5,centimeters,,,
B01CKK8CU2,200,5 Ultra Pro 130pt Magnetic One Touch Card Holders (5 Total) 81721 - Fits Cards Up to 130 Point in Thickness,,CARD_DOCUMENT_SLEEVE,https://m.media-amazon.com/images/I/51NCisDDbIL.jpg,074427817213,0074427817213,,,Clear,One Size,Ultra Pro,,,0.3,kilograms,5.2,10.8,14.9,centimeters,4.9,9.7,14.1,centimeters,,,
B0083HIM7U,200,"Curaprox CS 1560 Soft Toothbrush – Firmer Brushing Experience | Gentle Plaque Removal for Adults | Single Pack, Random Color | Made in Switzerland",,TOOTHBRUSH,https://m.media-amazon.com/images/I/41HqYnR33wL.jpg,742381227217,0742381227217,07612412015607,,Random,1 count (Pack of 1),Curaprox,,,0.02,kilograms,1.7,4.2,22.4,centimeters,224.0,41.0,16.0,millimeters,,,
B0CMY2G83J,200,"Squish-a-longs by Original Squishmallows 25 Pack - Series 1 - (25) 1” Mini-Squish with 5 Accessories, Ring, and Collector’s Guide - Collect, Trade, & Play",,TOY_FIGURE,https://m.media-amazon.com/images/I/71abEbObyEL.jpg,191726755289,0191726755289,00191726755289,,Multicolor,S,Jazwares,,,0.408,kilograms,4.2926,31.0896,34.8996,centimeters,1.5,8.25,7.0,inches,,,
B01M6BSYME,200,"Brother LC-3219XLBK Inkjet Cartridge, Black, Single Pack, High Yield, Includes 1 x Inkjet Cartridge, Genuine Supplies",,INKJET_PRINTER_INK,https://m.media-amazon.com/images/I/519umzHmDGL.jpg,,4977766762175,04977766762175,,Black,XL,Brother,,,0.12,kilograms,4.2,8.9,18.0,centimeters,90.0,36.0,120.0,millimeters,,,
B0CG234KW1,200,Snackles Small Sized 14 cm by ZURU Cuddly Squishy Comfort Plush with License Snack Brand Accessory (Random Assortment),,TOY_FIGURE,https://m.media-amazon.com/images/I/81qhs67srjL.jpg,193052060655,0193052060655,00193052060655,,Series 1 Wave 2,Small (14 cm),ZURU,,,0.2,kilograms,12.0,16.7,23.1,centimeters,11.5,11.5,11.5,centimeters,,,
B0024I0DBW,200,Ultra Pro - Eclipse 9-Pocket Pro-Binder - Apple Red,,DISPLAY_ALBUM,https://m.media-amazon.com/images/I/41e7IwSEjqL.jpg,074427151461,0074427151461,00074427151461,,Red,2.5 x 3.5 inches,Ultra Pro,,,0.49,kilograms,3.0,26.8,35.9,centimeters,35.5,25.5,2.5,centimeters,,,
B0CVHD7892,200,Wild Aqua Case and Fresh Cotton & Sea Salt Deodorant Starter Pack 40g,,BODY_DEODORANT,https://m.media-amazon.com/images/I/71P3TNgFYXL.jpg,506500399052,0506500399052,05065003990524,,,,,,,0.15,kilograms,1.7,6.4,14.7,centimeters,,,,,,,
B07Y354HMP,200,Wisdom Pro Flex Interdental Brushes 0.70mm Yellow 25 Pack,,TOOTHBRUSH,https://m.media-amazon.com/images/I/61MeZuxokXL.jpg,,5028763012547,,,Yellow,1 count (Pack of 1),Wisdom,,,0.04,kilograms,2.8,10.2,15.4,centimeters,,,,,,,
B07F1MFWV1,200,"Skinny Food Co Salted Caramel Zero Calorie Syrup 425ml - Sugar Free Salted Caramel Syrup For Snacks, Drinks & Desserts - Vegan, Gluten-free, Keto & Paleo Friendly Caramel Syrup - Salted Caramel Syrup",,SYRUP,https://m.media-amazon.com/images/I/71TPjMVes1L.jpg,680243951699,0680243951699,,,White,425 ml (Pack of 1),The Skinny Food Co,,,0.472,kilograms,5.207,8.6106,16.2052,centimeters,8.0,8.0,15.0,centimeters,,,
B003SYNGE2,200,RAWGANIC Pure Cleansing Refreshing Facial Wipes with Aloe Vera and Green Tea | Gentle Soothing Biodegradable Makeup Removal Organic Cotton Wipes | 1 Pack (25 wipes in total),,SKIN_CLEANING_WIPE,https://m.media-amazon.com/images/I/71pHlHE-62L.jpg,,5060169467170,05060169467170,,WHITE-T06,1 count (Pack of 1),Rawganic,,,0.172,kilograms,3.0,10.0,15.8,centimeters,11.0,11.0,11.0,centimeters,,,
B0052VXJGO,200,"Fackelmann OPAL Skimmer, Straining Spoon, Frying Strainer, Fine Mesh, Medium Spider Ladle Stainless Steel, 37.5x12x5.5cm, Silver",,SPOON,https://m.media-amazon.com/images/I/51519TUOuxL.jpg,,4008033406741,04008033406741,,Silver,37.5x12x5.5cm,Fackelmann GmbH + Co. KG,,,0.09,kilograms,3.9,12.0,36.4,centimeters,12.0,5.5,37.5,centimeters,,,
B09P24SGN5,200,"ATTITUDE Lip Balm, Natural Origin, Nourishes & Protects, Shea Butter, Coconut & Olive Oils, EWG Verified, For Dry Lips, Men and Women, Vegan, Fresh Mint, 8.5 g",,LIP_BALM,https://m.media-amazon.com/images/I/61ApBAgMJLL.jpg,626232119800,0626232119800,,,Mint,8.5 g,ATTITUDE Bio Spectra,,,0.02,kilograms,2.3,7.5,9.3,centimeters,0.94,2.99,3.74,inches,,,
B001Q77TI2,200,"Ultra Pro 81181 3"" x 4"" Clear Thick 55PT Toploaders (25ct)",,CARD_DOCUMENT_SLEEVE,https://m.media-amazon.com/images/I/41EqYc59lnL.jpg,074427811815,0074427811815,00074427811815,,Clear,81181,Ultra Pro,,,0.191,kilograms,5.5118,7.8994,10.3886,centimeters,3.0,4.0,4.5,inches,,,
B001ET78RY,200,Avalon Organics Rosemary Volumizing Conditioner 325ml Pack of 3,,CONDITIONER,https://m.media-amazon.com/images/I/71P0sKuhUKL.jpg,,,10654749351601,,,325 ml (Pack of 3),Kinetic Enterprises Ltd,,,1.03,kilograms,6.6,21.1,22.9,centimeters,3.0,7.25,1.75,inches,,,
B00P82UZ6Y,200,"Unika ColorSealant CS4218-AZ Acrylic Gap Filler and Sealant, Grey, 0.57 kg",,SEALANT,https://m.media-amazon.com/images/I/61gyJ2RyVWL.jpg,,5023778042183,05023778042183,,Grey,,Unika,,,0.53,kilograms,4.9,6.2,22.8,centimeters,23.0,7.0,5.0,centimeters,,,
B0073FT7FY,200,TEPE INTERDENTAL Travel CASE,,TOOTHBRUSH,https://m.media-amazon.com/images/I/713x3IdBnyL.jpg,,7317400004457,07317400010090,,Colour Cannot Be Selected,1 count (Pack of 1),Tepe,,,0.01,kilograms,1.4,7.7,7.8,centimeters,3.15,0.39,3.15,inches,,,
B00VQTO21M,200,4 Pack - TUNG Brush - Tongue Cleaner,,TOOTHBRUSH,https://m.media-amazon.com/images/I/61o8VgPku+L.jpg,614373180018,0614373180018,,,Black,1 count (Pack of 4),Peak Essentials,,,0.045,kilograms,5.08,10.16,22.86,centimeters,5.6,0.75,2.3,inches,,,
B0BBH71LQN,200,"OtterBox Symmetry Folio Case for iPad 10th gen 2022, iPad 11th gen 2025 (A16), Shockproof, Drop proof, Slim Protective Folio Case, Tested to Military Standard, Black",,CELLULAR_PHONE_CASE,https://m.media-amazon.com/images/I/71a5zy75yHL.jpg,840262399883,0840262399883,,,Black,,Otterbox,,,0.399,kilograms,1.8,19.4,28.4,centimeters,,,,meters,,,
B00BA4IOTY,200,"StarTech.com 15 ft Thin Toslink Digital Optical SPDIF Audio Cable - 15ft / 15 Feet Optical Audio Cable (THINTOS15),Black",,ELECTRONIC_CABLE,https://m.media-amazon.com/images/I/41ddurFq1SL.jpg,065030849623,0065030849623,00065030849623,,Black,,StarTech.com,,,0.025,kilograms,1.2,13.5,20.2,centimeters,8.86,4.92,0.39,inches,,,
B0D3JD4FFD,200,"OtterBox Symmetry Folio Case for iPad Air 11"" (M2/M3/M4) & iPad Air 10.9"" (2022/2020), Shockproof, Drop proof, Slim Protective Folio Case, Tested to Military Standard, Black",,PORTABLE_ELECTRONIC_DEVICE_COVER,https://m.media-amazon.com/images/I/51GPEI-26yL.jpg,840304759194,0840304759194,,,Black,"iPad Air 11"" (M2/M3/M4)/iPad Air 10.9"" (2022/2020)",Otterbox,,,0.4,kilograms,2.1,18.7,27.9,centimeters,9.95,7.25,0.54,inches,,,
B08MT6CW12,200,"Rawlplug WetNFix Wall Filler for Hole Quick setting Pack of 10 | Fixing Wall Plugs perfect for oversized holes | Suitable for Masonry, Wood, and Plasterboard | Repair Kit white",,PLUG_STOPPER,https://m.media-amazon.com/images/I/811IX00JCXL.jpg,,5060021030009,05060021030009,,White,,Rawlplug,,,0.02,kilograms,0.7,9.3,16.7,centimeters,10.0,7.0,10.0,centimeters,,,
B07TGKYLLT,200,"The Skinny Food Co Zero Calorie Butterscotch Syrup, 400 g SFC1062/100/101",,SYRUP,https://m.media-amazon.com/images/I/611NDnNNoWL.jpg,,5060614800477,,,Colored,400 g (Pack of 1),The Skinny Food Co,,,0.47,kilograms,6.0,8.9,16.8,centimeters,12.0,10.0,14.0,centimeters,,,
B00D1V5NWK,200,"Bosch 2608831019 ""SDS Plus-3"" Hammer Drill Bit, 0 V, Grey, 8 x 100 x 160 mm",,DRILL_BITS,https://m.media-amazon.com/images/I/314JSa6--CL.jpg,,6949509209504,06949509209504,,Grey,8 x 100 x 160 mm,Bosch,,,0.05,kilograms,0.9,2.4,25.2,centimeters,11.02,11.02,7.09,inches,,,
B08FSDMVNP,200,Crucial USB-C to USB-A Adapter - CTUSBCFUSBAMAD,,ELECTRONIC_ADAPTER,https://m.media-amazon.com/images/I/51EQLB4TLZL.jpg,649528903648,0649528903648,,,Black,USB-A,Crucial,,,0.02,kilograms,1.1,4.2,7.1,centimeters,38.0,6.0,15.0,millimeters,,,
B09NQC79GF,200,The Army Painter Speedpaint Grim Black (WP2001),,PAINT,https://m.media-amazon.com/images/I/61gDgn+ZsEL.jpg,,5713799200180,05713799200180,,Black,1 ml (Pack of 1),The Army Painter,,,0.018,kilograms,2.3876,2.9972,7.3914,centimeters,75.0,78.0,50.0,millimeters,,,
B01MUA5DU5,200,Casio Men's Quartz Watch with Grey Dial Digital Display and Black Resin Strap F-91WM-7AEF,,WATCH,https://m.media-amazon.com/images/I/61zPTKahPoL.jpg,,4549526140808,04549526140808,,Silver,38.2 x 35.2 x 8.5 mm,Casio,,,0.13,kilograms,6.1,11.3,12.3,centimeters,2.6,3.31,3.66,inches,,,
B078SZDV17,200,"Joseph Joseph GoAvocado, 3-in-1 Avocado Tool with soft grip handle, Green",,FOOD_SLICER,https://m.media-amazon.com/images/I/61m4suuUWbL.jpg,,5028420201123,05028420201123,,Green,12,Joseph Joseph,,,0.07,kilograms,2.1,12.4,26.9,centimeters,0.71,2.6,7.09,inches,,,
B0BTTHVGD3,200,"Groov-e Boston Wooden DAB & FM Digital Radio - Built-In Alarm Clock, Dynamic Range Control & Bluetooth Connectivity - LCD Display - Mains or Battery Operated - Portable Radio - 40 Preset Stations",,RADIO,https://m.media-amazon.com/images/I/71URbp6eN2L.jpg,,5060108297332,,,Wood,,Groov-e,,,1.158,kilograms,14.0,22.7,29.9,centimeters,10.0,24.0,18.0,centimeters,,,
B0054SB72I,200,"Brush-Baby Applemint Toothpaste for Babies & Toddlers | Stage 2-First Teeth | 0-36 Months, 50ml, Clear",,TOOTH_CLEANING_AGENT,https://m.media-amazon.com/images/I/71B0UOuOshL.jpg,,5060178100068,05060178100587,,White,50 ml (Pack of 1),Brushbaby Ltd,,,0.07,kilograms,3.4,5.3,13.4,centimeters,14.5,3.5,3.5,centimeters,,,
B0001IWI10,200,Town & Country TGL200M Master Gardener Green Ladies Gloves Medium,,PROTECTIVE_GLOVE,https://m.media-amazon.com/images/I/61-buXOH7aL.jpg,,5020358012000,,,0,M (Pack of 2),Town & Country,,,0.16,kilograms,2.0,21.5,29.0,centimeters,1.89,4.65,10.79,centimeters,,,
B086763VT8,200,"Root: The Clockwork Expansion, LED01009",,BOARD_GAME,https://m.media-amazon.com/images/I/91KEm69SdRL.jpg,672975032081,0672975032081,,,Multicoloured,One Size,Leder Games,,,0.848,kilograms,5.207,22.5044,29.1084,centimeters,5.4,29.2,22.6,centimeters,,,
B0D2Y4NPKZ,200,"OM SYSTEM VN-541 PC Digital Voice Recorder with One-Touch Recording, Omnidirectional Microphone, Noise Cancellation, 4GB Built-in Memory, Ideal for Lectures & Meetings",,VOICE_RECORDER,https://m.media-amazon.com/images/I/31nyLopl3HL.jpg,,4545350055455,,,black,4GB Mono,OM SYSTEM,,,0.19,kilograms,5.2,6.6,17.1,centimeters,13.0,16.0,5.0,centimeters,,,
B08L3FB3G2,200,Ultimate Guard Katana Sleeves Japanese Size Black (60),,CARD_DOCUMENT_SLEEVE,https://m.media-amazon.com/images/I/41QQz9KSOmL.jpg,,4056133014885,,,Black,Japanese,Ultimate Guard,,,0.07,kilograms,1.9,6.8,9.6,centimeters,98.0,66.0,22.0,millimeters,,,
B072K2PG11,200,"Dishmatic Refillable Washing-Up Liquid Dispensing Handle x1, Antibacterial Easy-Grip Kitchen Washing-Up Tool, with Replaceable General Purpose Sponge Heads x 6",,UTILITY_SPONGE,https://m.media-amazon.com/images/I/716YaajxTRL.jpg,735641890016,0735641890016,,,Multicolor,1 Count,Dishmatic,,,0.12,kilograms,6.8,13.1,27.0,centimeters,,,,,,,
B0CS3VF4GK,200,Promixx PRO Electric Protein Shaker Bottle,,BOTTLE,https://m.media-amazon.com/images/I/711WVq3I5NL.jpg,,5060542841306,,,Graphite Gray/Orange,600 ml,Promixx,,,0.572,kilograms,9.4996,9.8044,23.495,centimeters,8.9,8.9,23.0,centimeters,,,
B00N5SLQ7A,200,Casio Gents 33.00mm Quartz Watch with LCD Digital dial and Silver Metal Bracelet Strap A500WEA-1EF,,WATCH,https://m.media-amazon.com/images/I/71HI3O4rhtL.jpg,,4971850050025,04971850050025,,Grey/Silver,39 x 34 x 9.6mm,Casio,,,0.13,kilograms,6.5,8.8,9.3,centimeters,1.34,0.38,1.54,inches,,,
B09M3PQRBG,200,Curaprox Kids Toothpaste – Ages 2+ | Strawberry Flavour | Protects Milk Teeth with 950 ppm Fluoride | Gentle Formula | 60 ml | Made in Switzerland,,TOOTH_CLEANING_AGENT,https://m.media-amazon.com/images/I/61OH6gOCfBL.jpg,,7612412429473,07612412429473,,Clear,60 ml (Pack of 1),Curaden,,,0.1,kilograms,3.7,4.6,12.7,centimeters,1.7,1.45,4.9,millimeters,,,
B08WX4Y25G,200,Ultra Pro - Eclipse Standard Matte Sleeves 100 Pack - Jet Black,,CARD_DOCUMENT_SLEEVE,https://m.media-amazon.com/images/I/81GN4lUOoxL.jpg,074427156138,0074427156138,00074427156138,,Jet Black,100,Ultra Pro,,,0.109,kilograms,1.397,9.7028,15.9004,centimeters,5.31,3.54,0.1,inches,,,
B0CVNMZHZ6,200,Funko Pop! Movies: Wicked - Fiyero - Collectable Vinyl Figure - Gift Idea - Official Merchandise - Toys for Kids & Adults - Movies Fans - Model Figure for Collectors and Display,,TOY_FIGURE,https://m.media-amazon.com/images/I/71tllEAu9rL.jpg,889698797498,0889698797498,00889698797498,,Multicolor,Standard Size,Funko,,,0.18,kilograms,9.7,12.9,17.3,centimeters,4.5,3.5,6.5,inches,,,
B00000IU72,200,"BRIO 33344 Mechanical Switches Wooden Train Track for Kids Age 3 Years Up - Compatible with all BRIO Railway Sets & Accessories, Multicoloured",,TOY_MODEL_VEHICLE_TRACK,https://m.media-amazon.com/images/I/71J9qCmIGjL.jpg,,7312350333442,07312350333442,,Multicoloured,Brio 33344,BRIO,,,0.15,kilograms,3.302,9.398,19.2024,centimeters,19.0,3.0,9.0,centimeters,,,
B0DHDCRX76,200,"OtterBox React Folio Case for iPad Pro 11"" M4 (M5/M4), Shockproof, Drop proof, Ultra-Slim Protective Folio Case, Tested to Military Standard, Black",,PORTABLE_ELECTRONIC_DEVICE_COVER,https://m.media-amazon.com/images/I/81A0EgzSYzL.jpg,840304760367,0840304760367,,,Black,"iPad Pro 11"" M4 (2024)",OtterBox,,,0.37,kilograms,1.7,19.6,28.2,centimeters,1.42,19.15,25.4,centimeters,,,
B09M3PFZC8,200,Curaprox Kids Toothpaste – Fluoride-Free for Toddlers | Strawberry Flavour | Gentle Protection from First Tooth | 60ml | Made in Switzerland,,TOOTH_CLEANING_AGENT,https://m.media-amazon.com/images/I/5165wja5WrL.jpg,,7612412429466,07612412429466,,Clear,60 ml (Pack of 1),Curaden,,,0.09,kilograms,3.9,4.5,12.6,centimeters,1.7,1.45,4.9,millimeters,,,
B0813VNJF8,200,Teapigs Limited Edition Winter Glühwein Tea Bags - Mulled Wine-Inspired Herbal Infusion with Whole Fruits & Spices - Naturally Caffeine-Free - 10 Biodegradable Tea Temples,,TEA,https://m.media-amazon.com/images/I/511yCfdZM7L.jpg,,5060136752391,05060136752391,,,40 g (Pack of 10),teapigs,,,0.04,kilograms,7.9,7.9,8.9,centimeters,7.8,7.8,8.8,centimeters,,,
B0BVZZDW1W,200,"OtterBox React Folio Case for iPad 10th gen 2022, iPad 11th gen 2025 (A16), Shockproof, Drop proof, Ultra-Slim Protective Folio Case, Tested to Military Standard, Black",,PORTABLE_ELECTRONIC_DEVICE_COVER,https://m.media-amazon.com/images/I/71LpMzO1IZL.jpg,840304725373,0840304725373,00840304725373,,Black,"iPad 10th gen 2022, iPad 11th gen 2025 (A16)",Otterbox,,,0.345,kilograms,1.9,19.7,28.2,centimeters,19.8,24.6,2.0,centimeters,,,
B007YX9O9E,200,"SanDisk Cruzer Glide 32 GB USB Flash Drive USB 2.0 , Black & Red",,FLASH_DRIVE,https://m.media-amazon.com/images/I/21T2U5st7fL.jpg,619659075576,0619659075576,,,Red,32GB,SanDisk,,,0.009,kilograms,1.1938,7.5946,12.3952,centimeters,0.44,0.82,2.37,inches,,,
B07QLML4ZG,200,"Amtech N2380 XL (Size 10), Certified Quality Rubber Coated Hi Vis Work Gloves, Black/Yellow",,PROTECTIVE_GLOVE,https://m.media-amazon.com/images/I/91vnFpU5djL.jpg,,5032759049424,05032759049424,,Yellow & Black,XL (Size 10),DK Tools LTD,,,0.05,kilograms,14.0,1.0,30.0,centimeters,25.0,10.5,29.0,centimeters,,,
B002BWSZS4,200,Economy Scourer Flat 150x115mm Green (Pack of 10) SP120,,ABRASIVES,https://m.media-amazon.com/images/I/61Ojclw5S4L.jpg,,5013174036855,05014555003824,,Green,150x115mm,Cleaning and paper Disposables PLC,,,0.14,kilograms,8.4,18.4,27.8,centimeters,15.5,9.0,11.7,centimeters,,,
B0D3JC45CK,200,"OtterBox Symmetry Folio Case for iPad Pro 11"" (M5 2025 / M4 2024), Shockproof, Drop proof, Slim Protective Folio Case, Tested to Military Standard, Grey/Clear",,PORTABLE_ELECTRONIC_DEVICE_COVER,https://m.media-amazon.com/images/I/51lNn-OE8VL.jpg,840304759033,0840304759033,,,Grey/Clear,"iPad Pro 11"" (M5 2025 / M4 2024)",Otterbox,,,0.367,kilograms,1.016,19.05,27.94,centimeters,10.05,7.21,0.47,inches,,,
B09NQCV872,200,"The Army Painter Speedpaint Sand Golem 2.0, Single Acrylic Paint 18ml One-coat Painting Soloution For Fantasy Tabletop Miniatures Like Warhammer 40k and Dungeons And Dragons Figures",,PAINT,https://m.media-amazon.com/images/I/61rKshTf+lL.jpg,,5713799202085,05713799202085,,Sand Golem,1 count (Pack of 1),Army Painter,,,0.032,kilograms,2.4892,2.4892,7.493,centimeters,75.0,78.0,50.0,millimeters,,,
B09SBGM9Q8,200,Funko Pop! Albums: Queen - Freddie Mercury - Flash Gordon - Music - Collectable Vinyl Figure - Gift Idea - Official Merchandise - Toys for Kids & Adults - Music Fans - Model Figure for Collectors,,FIGURINE,https://m.media-amazon.com/images/I/71Te9qE8YdL.jpg,889698640367,0889698640367,00889698640367,,Green,One Size,Funko,,,0.51,kilograms,8.7,22.5,23.9,centimeters,2.28,2.28,3.98,inches,,,
B008HSBYS4,200,"Story of Roses Story of Lily Ladies perfume Natural Spray,Floral, 100 ml",,PERSONAL_FRAGRANCE,https://m.media-amazon.com/images/I/51y8J2KKtmL.jpg,,5055170280900,,,white,100 ml (Pack of 1),Fine Perfumary,,,0.26,kilograms,4.9,9.0,12.7,centimeters,,,,,,,
B08XLT86GL,200,"Baby Annabell Lunch Time Trickbottle, Pink",,TOYS_AND_GAMES,https://m.media-amazon.com/images/I/61ZQ8yDskfL.jpg,,4001167706404,,,Colourful,Small,Zapf Creation,,,0.11,kilograms,4.6,8.0,18.0,centimeters,8.0,4.5,18.0,centimeters,,,
B08CHK57TB,200,"Max Factor Facefinity Matte Bronzer, 002 Warm Tan",,FACE_SHAPING_MAKEUP,https://m.media-amazon.com/images/I/81H9dIrZPgL.jpg,,3616301238461,03616301238461,,Bronzers,10 g (Pack of 1),COTY,,,0.04,kilograms,1.2,7.0,7.5,centimeters,7.4,7.4,1.18,centimeters,,,
B07JXBDGJB,200,Ultra Pro - Eclipse Pro 100+ Deck Box - Jet Black,,STORAGE_BOX,https://m.media-amazon.com/images/I/41ZT5lRU3yL.jpg,074427856830,0074427856830,00074427856830,,Jet Black,One Size,Ultra Pro,,,0.041,kilograms,7.493,8.1026,9.4996,centimeters,7.6,8.6,6.1,centimeters,,,
B007C3KBIY,200,Floral Cellophane Bags | Multicolor | 20 Pcs.,,GIFT_WRAP,https://m.media-amazon.com/images/I/61+sz1X702L.jpg,011179402908,0011179402908,00011179402908,,Multicolor,1 count (Pack of 20),Unique Party,,,0.06,kilograms,0.8,14.0,29.0,centimeters,0.25,5.63,14.0,inches,,,
B07BLX7YG9,200,"Lexibook PAW Patrol Helper on Four Paws Chase LED Night Light for Kids, Color Changing, Soft Light, Batteries, Plastic, Blue/Beige, NLJ001PA1, Multicolor, 13, Colour Change",,LAMP,https://m.media-amazon.com/images/I/51Co9jfIV0L.jpg,,3380743072180,03380743072180,,Multicoloured,13,Lexibook,,,0.13,kilograms,9.7,10.2,14.4,centimeters,8.9,8.8,13.0,centimeters,,,
B002HY4YSQ,200,Kitchen Devils Lifestyle Peeler Parer Knife 602001,,BLADED_FOOD_PEELER,https://m.media-amazon.com/images/I/41SNRqHKMOL.jpg,,5010624437200,,,Black,,KitchenMarket,,,0.02,kilograms,1.6,7.2,25.0,centimeters,0.03,0.03,0.1,centimeters,,,
B005HXLH3O,200,"Ultra Pro-Fit Sleeves Card Cases, Transparent Color, Miscellaneous (82712)",,CARD_DOCUMENT_SLEEVE,https://m.media-amazon.com/images/I/61dOVyuz9LL.jpg,074427827120,0074427827120,00074427827120,,Transparent,Standard,Ultra Pro,,,0.05,kilograms,1.7,8.8,10.1,centimeters,4.0,3.0,1.0,inches,,,
B01JL0WRI2,200,"Beanies Instant Coffee Flavoured 50g, Freeze-Dried Granules, Quick & Easy to Brew, Nut-Free, Premium Taste,Rich in Flavour, Low-Calorie, Sugar-Free (50g, Cookie dough)",,COFFEE,https://m.media-amazon.com/images/I/712FKXeIWDL.jpg,,5060169982079,,,,50 g (Pack of 1),Beanies Coffee,,,0.2,kilograms,6.3,7.2,12.1,centimeters,7.0,7.0,7.0,centimeters,,,
B08FR6S7CD,200,"Sugarflair Rose Gold Chocolate Paint - Coloured Cocoa Butter for Painting Directly Onto Chocolate, Transfer Sheets or Moulds - 35g",,FOOD_COLORING,https://m.media-amazon.com/images/I/81oxmKmEiTL.jpg,634158999604,0634158999604,,,Rose Gold,35 g (Pack of 1),Sugarflair Colours,,,0.04,kilograms,3.9,8.0,12.3,centimeters,4.0,4.0,5.5,centimeters,,,
B0037B0C66,200,"teapigs Chai Tea - Assam Black Tea Bags with Cinnamon, Ginger & Cardamom - Strong and Spicy Aromatic Blend - 15 Temples",,TEA,https://m.media-amazon.com/images/I/81ICScu8YAL.jpg,,5060136750021,05060136750021,,,15 Count (Pack of 1),Teapigs,,,0.08,kilograms,4.6,8.1,17.8,centimeters,4.9,17.9,8.2,centimeters,,,
B00VREYQYO,200,Matt Tester 75ml (Seashell),,PAINT,https://m.media-amazon.com/images/I/61I+GfdOnDL.jpg,,5010426737881,05010426737881,,Seashell,75 ml,PPG Architectural Coatings UK & Ireland,,,0.163,kilograms,8.9,9.6,9.8,centimeters,,,,,,,
B0070Y60K8,200,"Weekender Timex Central Park Quartz Watch with Analogue Display and Nylon Strap - T2N747, Blue, T2N747PF",,WATCH,https://m.media-amazon.com/images/I/61paOv5MCmL.jpg,722382294388,0753048401635,00753048401635,,Blue/Red,,Weekender,,,0.091,kilograms,6.2992,8.1026,9.2964,centimeters,0.39,0.39,0.39,inches,,,
B0CSG9BFMJ,200,"The Army Painter, Warpaints Fanatic Mega Paint Set, 50 x 18 ml Acrylic Paints Including Metallic, Effects, Washes, 1 Model Making Holder and 1 Paint Brushes – Model Paints for Dnd and Warhammer",,PAINT,https://m.media-amazon.com/images/I/513qdP3iRyL.jpg,,5713799806702,05713799806702,,"50 paints: 36 acrylic colours, 4 Skin Tones, 3 Metallics, 3 Effects, and 4 Washes",18 ml (Pack of 1),The Army Painter,,,2.331,kilograms,10.0076,23.1902,31.2928,centimeters,300.0,230.0,100.0,millimeters,,,
B09445GL1C,200,Price's Candles Time for You Large Jar Candle Long Burning English Lavender Inspired Fragrance Wax Candle Glass Home Relaxation Aroma Ambient Décor,,CANDLE,https://m.media-amazon.com/images/I/71oUlS3etkL.jpg,,5010414383632,,,Purple,Large,Price's Patent Candles Ltd,,,0.27,kilograms,10.1,11.0,13.2,centimeters,9.0,9.0,16.7,centimeters,,,
B07PRCJQFX,200,"Johnstone's - Amphibious Wall & Ceiling Paint Tester Pots - Emulsion - Easy Apply, Dries in 1-2 Hours - 75ml",,PAINT,https://m.media-amazon.com/images/I/61eLybOxAmL.jpg,,5010426808468,05010426808468,,Amphibious,75 ml (Pack of 1),PPG Architectural Coatings UK & Ireland,,,0.16,kilograms,8.4,8.7,9.8,centimeters,,,,,,,
B004I2N5AS,200,Sandisk SDCZ50-016G-B35 USB 2.0 Flash Drive 16GB Black/Red,,FLASH_DRIVE,https://m.media-amazon.com/images/I/61x1JIF9MwS.jpg,006196590004,0006196590004,,,Black / red,One Size,SanDisk,,,0.01,kilograms,0.7,7.5,12.5,centimeters,9.8,18.41,2.2,centimeters,,,
B09LDDFK4R,200,"Promixx Pro Shaker Bottle - Refillable, Powerful for Smooth Protein Shakes - Includes Extra Storage - BPA Free, Tumbler 600ml (Silver White/Grey)",,BOTTLE,https://m.media-amazon.com/images/I/71oVZ-t0i+L.jpg,,5060542840798,,,Silver White/Grey,600 ml,Promixx,,,0.499,kilograms,8.7884,8.9916,23.3934,centimeters,3.54,3.54,9.06,inches,,,
B07YYG14S1,200,"Cliganic USDA Organic Argan Oil, 100% Pure | Moroccan Argan Oil for Hair, Face & Skin | Natural Cold Pressed Carrier Oil - Certified Organic | Cliganic 90 Days Warranty",,SKIN_MOISTURIZER,https://m.media-amazon.com/images/I/81h0sjXKfAL.jpg,855102007897,0855102007897,,,,120 ml (Pack of 1),Cliganic,,,0.24,kilograms,6.5,7.4,16.5,centimeters,5.0,5.0,12.0,centimeters,,,
B08MQB42B3,200,"LEXIBOOK, The Collins English dictionary, 13th Edition-Electronic Dictionary, Definitions, Thesaurus, Conjugation, Phonetic Spellchecker, Crossword Solver, with Battery, Blue/White, D850EN",,TOYS_AND_GAMES,https://m.media-amazon.com/images/I/81XjRPG-kFL.jpg,,3380743088631,03380743088631,,Multicolor,12 x 7.6 x 1.5 centimeters,Lexibook,,,0.39,kilograms,11.8,23.4,31.0,centimeters,12.0,7.6,1.5,centimeters,,,
B09P244SML,200,"ATTITUDE Lip Balm, Natural Origin, Nourishes & Protects, Shea Butter, Coconut & Castor Oils, EWG Verified, For Dry Lips, Men and Women, Vegan, Coconut, 8.5 g",,LIP_BALM,https://m.media-amazon.com/images/I/61mCp53g3XL.jpg,626232119817,0626232119817,,,Coconut,8.5 g,ATTITUDE Bio Spectra,,,0.021,kilograms,2.6,7.8,11.3,centimeters,0.94,2.99,3.74,inches,,,
9188805646,200,"Free League Publishing MÖRK Borg (Fantasy OSR RPG, Hardback, Full Color",,GAMES,https://m.media-amazon.com/images/I/814lycmRG0L.jpg,,9789188805645,09789188805645,,Multicolor,Standard,Free League Publishing,,,0.38,kilograms,1.4,15.6,21.8,centimeters,8.5,11.0,0.5,inches,,,
B0B337ZY41,200,"Dragon Shield | Standard Size Card Matte Sleeves | 100 CT - Smooth & Tough Premium TCG Sleeves | Compatible with Pokemon, Flesh & Blood, One Piece & Magic the Gathering | Blood Red - Matte",,CARD_DOCUMENT_SLEEVE,https://m.media-amazon.com/images/I/61UZt4COFLL.jpg,,5706569110505,05706569110505,,Blood Red,Standard Size,Arcane Tinmen,,,0.15,kilograms,4.699,7.3914,9.8044,centimeters,4.0,3.0,1.0,inches,,,
B06XYTDCC5,200,"SanDisk Extreme 32 GB microSDhC Memory Card for Action Cameras and Drones with A1 App Performance up to 100 MB/s, Class 10, U3, V30",,FLASH_MEMORY,https://m.media-amazon.com/images/I/61mKfpQ2icL.jpg,619659155100,0619659155100,00619659155100,,black,32 GB Single,SanDisk,,,0.07,kilograms,0.7,11.7,15.3,centimeters,0.5,10.0,15.0,centimeters,,,
B00IQFGOGA,200,"Yale Euro Double Cylinder, 3 Keys Supplied, Standard Security, Visi Packed, Suitable for All Door Types, Nickel Finish, 30:10:30 (70 mm)",,LOCK,https://m.media-amazon.com/images/I/61s9eDJSTnL.jpg,,5010609306361,,,Nickel Finish,30:10:30 (70 mm),Yale,,,0.273,kilograms,2.6,10.7,18.3,centimeters,70.0,17.0,32.0,millimeters,,,
B0D3J9C8NN,200,"OtterBox Symmetry Folio Case for iPad Pro 11"" (M5 2025 /M4 2024), Shockproof, Drop proof, Slim Protective Folio Case, Tested to Military Standard, Purple",,PORTABLE_ELECTRONIC_DEVICE_COVER,https://m.media-amazon.com/images/I/512jSCmVnvL.jpg,840304759026,0840304759026,,,Purple,"iPad Pro 11"" (M5 2025 / M4 2024)",Otterbox,,,0.369,kilograms,1.8,18.7,28.4,centimeters,10.05,7.21,0.47,inches,,,
B07DFB8DKB,200,Funko Pop! Vinyl: Disney: Nightmare Before Christmas: Sally - Disney: the Nightmare Before Christmas - Collectable Vinyl Figure - Gift Idea - Official Merchandise - Toys for Kids & Adults,,FIGURINE,https://m.media-amazon.com/images/I/71c1rmL9GXL.jpg,889698328371,0889698328371,00889698328371,,Red and Green,Standard,Funko,,,0.13,kilograms,8.9,11.5,16.6,centimeters,3.0,3.0,3.75,inches,,,
B07T2PV79R,200,Piksters Bamboo Interdental Brush - Size 00 Pink 0.60mm - 8 Brushes Per Pack,,TOOTHBRUSH,https://m.media-amazon.com/images/I/81CVZdjWE4L.jpg,,9336628004016,,,Pink,8 count (Pack of 1),Piksters,,,0.01,kilograms,0.9,5.2,14.5,centimeters,0.8,5.3,14.5,centimeters,,,
B0CGX83HHK,200,YGO Yugi & Kaiba Quarter Century Card Sleeves (100),,CARD_DOCUMENT_SLEEVE,https://m.media-amazon.com/images/I/71mWvZzhUpL.jpg,,4012927165775,04012927165775,,clear,,YU-GI-OH,,,0.1,kilograms,1.4,10.0,16.1,centimeters,162.0,154.0,15.0,millimeters,,,
B076V4V2QQ,200,"Ultra PRO 3"" x 4"" Clear Regular Top Loaders For Cards With Card Sleeves Bundle Standard Size 100ct Baseball Card Sleeves Trading Card Sleeve Baseball Card Protectors Toploader Card Protectors",,CARD_DOCUMENT_SLEEVE,https://m.media-amazon.com/images/I/81weMCjX2TL.jpg,074427836481,0074427836481,00074427836481,,Multi,3x4,Ultra PRO International,,,0.75,kilograms,7.9,10.6,17.0,centimeters,6.54,4.06,3.19,inches,,,
B081TGZQVR,200,Ravensburger Aimee Stewart Myths & Legends 1000 Piece Jigsaw Puzzle for Adults and Kids Age 12 and Up,,PUZZLES,https://m.media-amazon.com/images/I/91BzwSNSQWL.jpg,392555616479,0392555616479,04005556164790,,Multi-colored,1000 Bitar,Ravensburger,,,0.771,kilograms,5.4102,25.2984,33.1978,centimeters,37.0,27.0,0.1,centimeters,,,
B00FO70GG2,200,"Bestway 51025-17 Splash and Play Three Ring Play Paddling Pool - Multi-Colour, 1.22 m x 25 cm",,SPLASH_POOL,https://m.media-amazon.com/images/I/51lcg2ERYfL.jpg,,6941607330494,06942138915655,,Multi-coloured,1.22 m x 25 cm,Bestway,,,0.72,kilograms,4.5,28.0,30.5,centimeters,28.0,27.5,3.1,centimeters,,,
B0CDH5Y3N9,200,"Rescue Remedy Kids Restful Nights Dropper, for A Natural Night’s Sleep, Flower Essences, to Support Your Child and Promote A Calming Bedtime Routine, Alcohol Free, Alternative to Sleep Aid for Kids",,HEALTH_PERSONAL_CARE,https://m.media-amazon.com/images/I/71I2HPvc+AL.jpg,,5000488303919,,,Clear,10ml,Nelsons,,,0.02,kilograms,2.2,3.9,8.2,centimeters,21.0,36.0,80.0,millimeters,,,
B07DRLVHM2,200,Tracer Deep Hole Construction Pencil with 6 x Replacement Lead Pack and accompanying Site Holsters all-in-one Marking Kit. Carpenter Pencil Set,,WRITING_INSTRUMENT,https://m.media-amazon.com/images/I/61WCa3RcjIL.jpg,761856099548,0761856099548,00761856099548,,Black,1 count (Pack of 1),TRACER,,,0.068,kilograms,2.0066,8.89,19.812,centimeters,12.0,8.0,0.1,centimeters,,,
B0CKS4H64X,200,"Neudorff WeedFree Plus RTU Weed Killer Spray, 750 ml, Glyphosate Free Spray, Weed Remover, Animal Fiendly, Herbicide",,WEED_MOSS_CONTROL_AGENT,https://m.media-amazon.com/images/I/416+Zklf-EL.jpg,,4005240136836,04005240136836,,,750 milliliters,Neudorff,,,0.84,kilograms,5.2,10.6,27.1,centimeters,,,,,,,
B0042SNS7S,200,Casio F-91WC-4AEF Mens Collection Watch,,WATCH,https://m.media-amazon.com/images/I/61uhra9W-RL.jpg,,4971850475484,04971850475484,,Pink,One Size,Casio,,,0.08,kilograms,6.6,8.8,9.0,centimeters,0.33,1.3,1.5,inches,,,
B000MQ663C,200,Draper 79579 230mm Spirit Level,,LEVEL,https://m.media-amazon.com/images/I/614+upuxXjL.jpg,603658571436,0603658571436,05010559795796,,Blue,230mm,Draper,,,0.09,kilograms,1.9,4.2,23.1,centimeters,4.0,1.8,23.0,centimeters,,,
B09FQCWKPW,200,"Kensington Orbit Wireless Trackball with Scroll Ring, Professional Computer Mouse with Bluetooth, (2.4GHz Wireless), Optical Tracking & AES Encryption Security, Left or Right Handed - Black (K70992WW)",,INPUT_MOUSE,https://m.media-amazon.com/images/I/61VwiSC22gL.jpg,085896709923,0085896709923,00085896709923,,Black,40mm Ball,Acco,,,0.38,kilograms,8.6,13.6,18.1,centimeters,133.0,154.0,0.1,centimeters,,,
B09NM9TVYX,200,"Disney 6315875812X12 25cm DAR Spiderverse Miles Morales Action Figure 25 cm Soft Toy with Glow in The Dark Eyes, One Size",,TOY_FIGURE,https://m.media-amazon.com/images/I/61LWiRZy7aL.jpg,,5400868014419,05400868014419,,Red,25 cm,SIMBA,,,0.07,kilograms,7.8,11.5,28.2,centimeters,9.0,12.0,25.0,centimeters,,,
B07NJCFPKF,200,"Dragon Shield | Standard Size Card Matte Sleeves | 100 CT - Smooth & Tough Premium TCG Sleeves | Compatible with Pokemon, Flesh & Blood, One Piece & Magic the Gathering | Emerald",,CARD_DOCUMENT_SLEEVE,https://m.media-amazon.com/images/I/41IYW190Y9L.jpg,,5706569110369,05706569110369,,Emerald,100 count,Arcane Tinmen,,,0.132,kilograms,5.207,6.9088,9.8044,centimeters,3.75,2.5,1.0,inches,,,
B082NMTZC2,200,"JVC RV-NB300DAB Boombox DAB Radio, Bluetooth, USB & CD Speaker System, Microphone/Guitar Input, Powerful Amplifier and Subwoofers (Black)",,INTEGRATED_STEREO_SYSTEM,https://m.media-amazon.com/images/I/71+G8or+mIL.jpg,,4975769462184,04975769462184,,Black,,JVC,,,9.06,kilograms,32.5,33.0,75.6,centimeters,265.0,696.0,262.0,millimeters,,,
B083G9XHT9,200,"Viners Assure 5” Utility Knife Stainless Steel Blade with Squared Tip for Safety, Soft Grip Handle, Non-Stick Coating, Rust-Resistant, Ideal for Cutting Fruit, Vegetables & Everyday Foods",,KITCHEN_KNIFE,https://m.media-amazon.com/images/I/21y48-8+YeL.jpg,,5010853266220,,,Black,13 cm,Viners,,,0.06,kilograms,0.6,6.2,27.4,centimeters,28.0,70.0,280.0,millimeters,,,
B082DG6GJ6,200,The Skinny Food Co White Chocolate Chocahalic Skinny Spread 350g,,FOOD,https://m.media-amazon.com/images/I/519LRIf+vSL.jpg,,5060614801795,,,,350 g (Pack of 1),The Skinny Food Co,,,0.57,kilograms,8.2,9.3,21.3,centimeters,8.0,8.0,15.0,centimeters,,,
B004TRSSIQ,200,"Masterplug ELS132B-01 Permaplug Two Socket Trailing Socket, without Plug and Cable, 13 Amp, Black",,POWER_STRIP,https://m.media-amazon.com/images/I/71xtwqAHecL.jpg,,5015056355924,,,Black,,Nexus (Jiaxing),,,0.14,kilograms,3.4,17.2,19.8,centimeters,,,,,,,
B0FZLQ2FX1,200,Dragon Shield - Standard Perfect Fit Thick Inner Sleeves - (100 Sleeves) - Clear,,CARD_DOCUMENT_SLEEVE,https://m.media-amazon.com/images/I/71g73WQOmZL.jpg,,5706569130046,,,Thick Inner Clear,Standard Size,Arcane Tinmen,,,0.1,kilograms,2.4892,10.0076,14.605,centimeters,92.7,66.5,0.1,centimeters,,,
B07BC5J1WW,200,"Amtech - SDS masonry drill bit, tungsten carbide tip for strength and precision, SDS+ fit, clean drilling in concrete/brick/masonry, 14mm x 210mm",,DRILL_BITS,https://m.media-amazon.com/images/I/71bOMp6q4GL.jpg,,5032759047970,05032759047970,,Clear,14 x 210 mm,DK Tools,,,0.125,kilograms,1.3,3.5,27.0,centimeters,21.0,1.4,27.0,centimeters,,,
B08MQ1N1CC,200,Funko Pop! and Buddy: Lilo With Pudge - Disney: Lilo & Stitch - Collectable Vinyl Figure - Gift Idea - Official Merchandise - Toys for Kids & Adults - Movies Fans - Model Figure for Collectors,,TOY_FIGURE,https://m.media-amazon.com/images/I/711M6sppd5L.jpg,889698556217,0889698556217,00889698556217,,Red,Standard,Funko,,,0.17,kilograms,8.9,11.4,16.2,centimeters,2.5,2.5,3.75,inches,,,
B08CB36DY9,200,"Lay-Z Spa 60304 Hot Tub Canopy Cover for Weather and Sun Shelter, Hot Tub Accessories, Fits Most Lay-Z-Spa Models, Multicolor, 109.0 cm*183.0 cm*94.0 cm",,POOL_COVER,https://m.media-amazon.com/images/I/719lH1W5V5L.jpg,,6942138977110,06942138977110,,Multicolor,94 x 183 cm (Dome),Bestway,,,1.11,kilograms,8.2,12.1,62.5,centimeters,183.0,94.0,109.0,centimeters,,,
B08W25WKTN,200,LEXIBOOK - Paw Patrol - Cordless Mini Bedside Lamp and Nightlight Paw Patrol - Blue - MLT10PA,,LAMP,https://m.media-amazon.com/images/I/71tneZnzewL.jpg,,3380743086248,03380743086248,,Blue,standard size,LEXIBOOK,,,0.16,kilograms,9.9,10.1,19.4,centimeters,9.8,9.7,18.6,centimeters,,,
B09MTXZY2Y,200,"Blistex Relief Cream Soothing Protective Lip Cream, 5g",,BEAUTY,https://m.media-amazon.com/images/I/71BEhii7pFL.jpg,,5060177241236,05060177241236,,White,5 g (Pack of 1),Blistex,,,0.03,kilograms,1.6,13.0,13.9,centimeters,,,,,,,
B0049A27FS,200,Good Boy Armitage Latex Space Lobber Toy Junior,,PET_TOY,https://m.media-amazon.com/images/I/61-R389wpJL.jpg,786714422153,0786714422153,05000239085446,,,Mini,Good Boy,,,0.1,kilograms,7.3,9.3,17.0,centimeters,17.0,8.1,7.9,centimeters,,,
B011SEA38A,200,Everbuild 2 X CYN50 Industrial Superglue General Purpose 50 g,,BONDING_ADHESIVES,https://m.media-amazon.com/images/I/6126h1bhD4L.jpg,,7426019599503,,,Transparent,1 - Pack,Everbuild,,,0.12,kilograms,5.4,11.2,13.4,centimeters,1.0,1.0,1.0,centimeters,,,
B0D3JCMSF5,200,"OtterBox Symmetry Folio Case for iPad Air 11"" (M2/M3/M4) & iPad Air 10.9"" (2022/2020), Shockproof, Drop proof, Slim Protective Folio Case, Tested to Military Standard, Blue",,PORTABLE_ELECTRONIC_DEVICE_COVER,https://m.media-amazon.com/images/I/514Z0jLRw0L.jpg,840304759217,0840304759217,,,Blue,"iPad Air 11"" M2 (2024)/iPad Air 10.9"" (2022/2020)",Otterbox,,,0.41,kilograms,1.8,18.8,27.8,centimeters,9.95,7.25,0.54,inches,,,
B0D3JBK56B,200,"OtterBox Defender Case for iPad Pro 13"" (M5) 2025, (M4) 2024, Shockproof, Ultra-Rugged Protective Case with built in Screen Protector, 2x Tested to Military Standard, Back",,PORTABLE_ELECTRONIC_DEVICE_COVER,https://m.media-amazon.com/images/I/71jxFxOUfQL.jpg,840304758784,0840304758784,,,Black,"iPad Pro 13"" (M5 2025 / M4 2024)",Otterbox,,,0.798,kilograms,4.9022,26.0096,32.2072,centimeters,11.85,9.31,0.81,inches,,,
B06XGFW1Q2,200,Ultimate Guard Boulder Deck Case 100+ Standard Size Sapphire,,STORAGE_BOX,https://m.media-amazon.com/images/I/517lp8t8OdL.jpg,,4056133006149,04056133006149,,Sapphire,100+,Ultimate Guard,,,0.141,kilograms,7.5946,8.2042,10.3124,centimeters,3.0,3.0,4.0,inches,,,
B0D3J9M2H8,200,"OtterBox Symmetry Folio Case for iPad Air 13-Inch (2024 M2, 2025 M3, 2026 M4), Shockproof, Drop proof, Slim Protective Folio Case, Tested to Military Standard, Black",,PORTABLE_ELECTRONIC_DEVICE_COVER,https://m.media-amazon.com/images/I/51NrGRrcraL.jpg,840304759101,0840304759101,00840304759101,,Black,"iPad Air 13"" M2 (2024), M3 (2025), M4 (2026)",Otterbox,,,0.55,kilograms,1.5,22.4,31.5,centimeters,11.25,8.69,0.54,inches,,,
B0042SI594,200,Casio Unisex 37.00mm Quartz Watch with LCD Digital dial and Yellow Plastic/Resin Strap Strap F-91WC-9AEF,,WATCH,https://m.media-amazon.com/images/I/61KhONl+eTL.jpg,,4971850475569,04971850475569,,Yellow,One Size,Casio,,,0.05,kilograms,6.4,8.6,9.0,centimeters,5.12,5.12,5.12,inches,,,
B00DSYVL7Q,200,Casio Unisex 28.00mm Quartz Watch with LCD Digital dial and Silver Metal Bracelet Strap LA680WEA-7EF,,WATCH,https://m.media-amazon.com/images/I/517hVhdD3QL.jpg,,4049058183606,04971850923930,,Grey,One Size,CASIO,,,0.1,kilograms,6.5,9.0,9.2,centimeters,33.5,28.6,8.6,millimeters,,,
B008ID91XI,200,"The Big Cheese Prickle Strip Dog Stopper – 2 m x 28 cm wide, durable Grow-thru Deterrent Protects Plants and Bulbs and Prevents Cats, Dogs, and Wildlife from Digging the Garden and Plant Pots",,PEST_CONTROL_DEVICE,https://m.media-amazon.com/images/I/71JRV4x4eDL.jpg,,5036200126283,05036200126283,,Black,1-Pack,STV International,,,0.38,kilograms,13.2,14.4,29.6,centimeters,15.0,13.0,28.5,centimeters,,,
B00O5NEUAY,200,"Thermos Stainless King Red Travel Mug (470ml), Reusable Insulated Stainless Steel Coffee Cup for Hot or Cold Drinks, Vacuum Sealed Water Flask with a Leak-Proof Lid, 7hr Hot/18hr",,THERMOS,https://m.media-amazon.com/images/I/61L-CoBdkHL.jpg,,5010576018137,05010576018137,,Red,470 ml,Thermos,,,0.45,kilograms,8.5,13.7,23.9,centimeters,4.724409444,0.01016,7.87401574,centimeters,,,
9188805972,200,Free League ALIEN RPG Starter Set - Tabletop Roleplaying Game - Age 168+,,TOYS_AND_GAMES,https://m.media-amazon.com/images/I/61QjcBhWBTL.jpg,,9789188805973,09789188805973,,Multicolor,Standard,Free League Publishing,,,1.359,kilograms,5.2,22.9,29.0,centimeters,8.5,11.0,0.5,inches,,,
B07DVPP57X,200,"USDA Organic Frankincense Essential Oil, 10ml - 100% Pure Natural Undiluted, Therapeutic Grade for Aromatherapy | Premium Certified Organic | Cliganic 90 Days Warranty",,ESSENTIAL_OIL,https://m.media-amazon.com/images/I/81xpprSFD3L.jpg,855102007415,0855102007415,,,Amber,10 ml (Pack of 1),Cliganic,,,0.041,kilograms,2.6924,2.794,6.9088,centimeters,1.1,1.1,2.7,inches,,,
B00J5H1E9K,200,"Ultimate Guard - Katana Sleeves - Red (100) [Standard Size, 66 x 91mm]",,CARD_DOCUMENT_SLEEVE,https://m.media-amazon.com/images/I/811-A-FPc0L.jpg,,4260250073780,04260250073780,,Red,Standard,Ultimate Guard,,,0.132,kilograms,3.2004,7.1882,10.0076,centimeters,3.0,1.25,5.0,inches,,,
B076RY52XG,200,THE Humble CO. - Natural Toothpaste - Fresh Mint - Caries Prevention - Natural Fluoride - Developed by Dentists - Designed in Sweden - Vegan & Cruelty-Free - Eco-Friendly Packaging - 75ml,,TOOTH_CLEANING_AGENT,https://m.media-amazon.com/images/I/81jHCyKOqOL.jpg,,7350075691492,07350075691492,,,75 ml (Pack of 1),Alloga UK,,,0.12,kilograms,4.2,13.2,18.8,centimeters,1.0,1.0,1.0,centimeters,,,
B0844ZRHS9,200,"Paladone Minecraft Zombie Light - Officially Licensed Merchandise, Portable Night Light and Gaming Room Decor for Kids, Gift for Gamer, Battery Powered",,LAMP,https://m.media-amazon.com/images/I/31r7JdCaQrL.jpg,,5055964742263,,,Green,Standard,Paladone Products Ltd,,,0.11,kilograms,9.3,10.6,13.8,centimeters,3.03,3.03,4.53,inches,,,
B07Z2QNW7R,200,"Cliganic 100% Pure Vitamin E Oil for Skin, Hair & Face - 30,000 IU, Non-GMO Verified | Natural D-Alpha Tocopherol",,VITAMIN,https://m.media-amazon.com/images/I/81vokf11E+L.jpg,855102007910,0855102007910,,,Teal143,29.57 ml (Pack of 1),Cliganic,,,0.09,kilograms,3.8,3.9,11.3,centimeters,5.0,5.0,12.0,centimeters,,,
B08CHKHTWX,200,"Max Factor Facefinity Matte Bronzer, 001 Light Bronze",,FACE_SHAPING_MAKEUP,https://m.media-amazon.com/images/I/81quouyCPYL.jpg,,3616301238478,03616301238478,,Light Bronze,10 g (Pack of 1),COTY,,,0.05,kilograms,2.0,7.3,10.1,centimeters,50.0,50.0,28.0,centimeters,,,
B08MVGD2ND,200,"Cameleo - Permanent Hair Colour Cream - Copper Brown - Intensive Color & Protection - 5 Oils + Omega Plus Acids - Professional, Luxurious Hair Dye - Full Kit",,HAIR_COLORING_AGENT,https://m.media-amazon.com/images/I/81nwFO1nMpL.jpg,,5901350403105,,,4.4 Copper Brown,50 g (Pack of 1),Delia Cosmetics,,,0.17,kilograms,5.4,8.2,17.3,centimeters,,,,,,,
B09P24GP9M,200,"ATTITUDE Lip Balm, Natural Origin, Nourishes & Protects, Shea Butter, Coconut & Castor Oils, EWG Verified, For Dry Lips, Men and Women, Vegan, Unscented, 8.5 g",,LIP_BALM,https://m.media-amazon.com/images/I/419ltVwSEjL.jpg,626232119848,0626232119848,,,Unscented,8.5 g,ATTITUDE Bio Spectra,,,0.02,kilograms,2.4,7.5,9.4,centimeters,0.94,2.99,3.74,inches,,,
B00F4LA0K0,200,"Chef Aid Cocktail Sticks, Pack of 200 Stick perfect for Buffets and Cocktails use, The Skewer design helps hold sweet and savoury foods, Each cocktails stick measures 8 cm",,SKEWER,https://m.media-amazon.com/images/I/91UMTqcIr8L.jpg,,5012904611201,05012904611201,,Beige,8cm,George East Housewares,,,0.04,kilograms,1.4,8.8,14.7,centimeters,7.59,8.2,1.19,centimeters,,,
B01N273YMX,200,"Anniversary House Elegant Gold Glitter 70th Birthday Candle - Premium Wax Number 70 Cake Topper for Anniversary, Party Decor & Milestone Celebrations - Shiny Metallic Sparkle Finish, 7cm Large",,CANDLE,https://m.media-amazon.com/images/I/61hLyVTOVwL.jpg,,5026281921129,05026281921129,,Gold,7 centimeters,Anniversary House,,,0.04,kilograms,2.0,11.0,16.0,centimeters,2.7,2.7,0.79,inches,,,
B005NG23OW,200,"Chef Aid 20cm / 8 Inch Long Handled Metal Sieve, Kitchen Essential Tool and Ideal for Straining, draining, Washing and Wide Range of Foods, with a fine mesh for Ease of use",,FOOD_STRAINER,https://m.media-amazon.com/images/I/71ZHK5ZwYsL.jpg,,5012904004201,05012904004201,,Tin,20 cm,Dayes,,,0.12,kilograms,6.0,21.6,35.4,centimeters,214.0,336.0,80.0,millimeters,,,
B0CT2BZ864,200,"LEXIBOOK, Disney Stitch, Nightlight with Speaker, Colour change, Soft light, Battery operated, Blue, NS01D",,LAMP,https://m.media-amazon.com/images/I/61lXonjLPXL.jpg,,3380743102146,,,Blue,20 x 15 x 18 cm,Lexibook,,,0.22,kilograms,9.7,12.4,19.1,centimeters,10.9,7.0,17.0,inches,,,
B07QXSDZJM,200,"Shaun the Sheep Plush 61176 Backpack Clip, Black and White, Great Gift Idea,9 x 7 x 14 centimetres",,TOY_FIGURE,https://m.media-amazon.com/images/I/61bOg8EcyyL.jpg,,5034566611764,05034566611764,,Black and White,9 x 7 x 14 centimetres,Aurora World,,,0.02,kilograms,4.1,8.5,13.3,centimeters,14.0,7.0,14.0,centimeters,,,
B004R1ZS64,200,"BG Electrical Intelligent Single Wall Dimmer Switch, 2 Way, Screwless Front Plate, Premium Flatplate, Brushed Steel, 200W, FBS81",,ELECTRONIC_SWITCH,https://m.media-amazon.com/images/I/71-a1UfW9jL.jpg,,5050765006545,05050765006545,,Brushed Steel,Single Dimmer Switch,BG Electrical,,,0.22,kilograms,4.8,23.4,31.7,centimeters,8.6,2.3,8.6,centimeters,,,
B006SYGN9O,200,"Minky PP23004003 Easy Medium Ironing Cover Fits Boards, 110 x 35 cm, Black",,IRONING_BOARD,https://m.media-amazon.com/images/I/51-fGGM455L.jpg,,5010353045936,05010353045936,,Multi-colour,110 x 35 cm,Minky,,,0.16,kilograms,6.2,20.7,30.5,centimeters,100.0,36.0,0.03,centimeters,,,
B0915M1DLF,200,"Makeup Revolution, Conceal & Fix, Ultimate Coverage, Concealer, Medium Sand, 11g",,SKIN_FOUNDATION_CONCEALER,https://m.media-amazon.com/images/I/71nmcSvxaPL.jpg,,5057566143714,,,MEDIUM SAND,1 count (Pack of 1),Revolution Beauty Ltd.,,,0.05,kilograms,3.8,4.0,4.3,centimeters,,,,,,,
B06XXDNH1P,200,"Dragon Shield | Japanese Size Card Matte Sleeves | 60 CT - Smooth & Tough Premium TCG Sleeves - Compatible with Yu-Gi-Oh, Naruto, Cardfight & Vanguard | White",,CARD_DOCUMENT_SLEEVE,https://m.media-amazon.com/images/I/61yZ1oy31zL.jpg,,5706569111052,05706569111052,,White Matte,Japanese,Arcane Tinmen,,,0.082,kilograms,2.6924,6.8072,9.2964,centimeters,4.0,2.5,8.0,inches,,,
B094D24L5J,200,OrthoSpace - Orthodontic Braces Toothbrush V-Trim (Blue),,TOOTHBRUSH,https://m.media-amazon.com/images/I/61fwRLPTCFS.jpg,,5060104910075,,,Blue,1 count (Pack of 1),ortho- care,,,0.01,kilograms,1.1,4.0,22.8,centimeters,23.3,4.1,1.3,centimeters,,,
B07SLLYRSP,200,"3 PCS EVERBUILD INDUSTRIAL GRADE SUPER GLUE HV HIGH VISCOSITY BONDS PVC, METAL, MDF, ALUMINIUM, CERAMICS, RUBBER ETC. 20G EACH",,BONDING_ADHESIVES,https://m.media-amazon.com/images/I/31cHtw8+7CL.jpg,,,,,clear,20g,Everbuild,,,0.08,kilograms,2.9,8.7,8.9,centimeters,,,,,,,
B09ST7SSLW,200,LEXIBOOK Cordless Mini Bedside Lamp and Nightlight Nintendo - Red - MLT10NI,,LAMP,https://m.media-amazon.com/images/I/719RqVn2LiL.jpg,,3380743086316,,,Red,Frozen,Lexibook,,,0.16,kilograms,10.1,10.1,18.7,centimeters,9.8,9.7,18.6,centimeters,,,
B002QGAF8S,200,Ultra Pro Comic Bags (100-Piece),,CARD_DOCUMENT_SLEEVE,https://m.media-amazon.com/images/I/81mIcr5fNDL.jpg,074427822255,0074427822255,00074427822255,,Clear,1-Pack of 100,Ultra Pro,,,0.467,kilograms,1.397,18.6944,32.2072,centimeters,12.4,7.2,0.5,inches,,,
B001OXH0X2,200,"Solvite SLVTHRIFT Wallpaper & Border Paste, Set of 1",,BONDING_ADHESIVES,https://m.media-amazon.com/images/I/51MG-rVwuEL.jpg,501030510427,0501030510427,05010305104278,,Clear,1 - Pack,Solvite,,,0.08,kilograms,1.4,11.5,22.2,centimeters,4.72,0.71,9.45,inches,,,
B0CNT2Z32S,200,"LEXIBOOK - Disney Stitch - 2-in-1 Bluetooth & Wired Headphones with microphone and control button, Foldable and Ajustable, Long lasting rechargeable battery, HPBT010D",,HEADPHONES,https://m.media-amazon.com/images/I/61NkqCqkgqL.jpg,,3380743099477,03380743099477,,Blue / purple,standard size,Lexibook,,,0.26,kilograms,8.1,16.5,17.1,centimeters,16.2,17.8,7.1,centimeters,,,
B074JHRC6J,200,Ravenhead 0041.625 Entertain Set of 2 Highly Transparent 29.5 cl Margarita Glasses,,DRINKING_CUP,https://m.media-amazon.com/images/I/41bz-SebWQL.jpg,,5010853250694,05010853250694,,Colorless,2 Count (Pack of 1),Ravenhead,,,0.5,kilograms,11.3,18.5,22.3,centimeters,22.0,12.0,18.0,centimeters,,,
B08X1WM596,200,"Super Impulse 361224 Worlds Smallest Monopoly Board Game in the World as Mini Version, from 8 Years",,TABLETOP_GAME,https://m.media-amazon.com/images/I/61x0hYowC+L.jpg,810010991225,0810010991225,00810010991225,,Red,One Size,Super Impulse,,,0.082,kilograms,3.81,14.1986,21.209,centimeters,3.0,0.5,1.75,inches,,,
B000FPU2SK,200,"Kitchen Devils S8602000 Lifestyle Vegetable Knife, 1 cm",,KITCHEN_KNIFE,https://m.media-amazon.com/images/I/51hssgaVLLL.jpg,721864693664,0721864693664,05010624024127,,"Stainless Steel, Polypropylene",1 cm,Kitchen Devils,,,0.04,kilograms,1.7,7.3,25.0,centimeters,0.79,3.54,11.02,inches,,,
B0CN5KRVXB,200,Yu-Gi-Oh Legendary Decks 2 2024 Unlimited Reprint,,COLLECTIBLE_CARD,https://m.media-amazon.com/images/I/51YSnKT7wbL.jpg,,4012927182697,04012927182697,,"White, Black, Gray",13 cm x 22.5 cm,YU-GI-OH,,,0.42,kilograms,7.4,13.9,23.4,centimeters,22.5,13.0,0.1,centimeters,,,
B088FKCDV6,200,PRESTIGE ECO FRYPAN 24CM 12298,,SAUTE_FRY_PAN,https://m.media-amazon.com/images/I/81q8-xPYXbL.jpg,,5000263122988,,,Green,24cm,Meyer Group Ltd,,,0.67,kilograms,6.4,25.3,41.1,centimeters,43.0,26.0,7.5,centimeters,,,
B0DBVJSGJC,200,"Dragon Shield | Brushed Art Sleeves | Spirit Animals – Burnbug | 100 CT - Smooth & Tough Premium TCG Sleeves | Compatible with Pokemon, Flesh & Blood, One Piece & Magic the Gathering",,CARD_DOCUMENT_SLEEVE,https://m.media-amazon.com/images/I/61en64QSjCL.jpg,,5706569121242,05706569121242,,Spirit Animals: Burnbug,Standard Size,Arcane Tinmen,,,0.159,kilograms,4.699,9.398,9.8044,centimeters,3.0,2.0,0.1,inches,,,
B08DR97BX2,200,"Cliganic Organic Argan Oil, 100% Pure (473ml) | Moroccan Argan Oil for Hair, Face & Skin | Natural Cold Pressed Carrier Oil - Certified Organic | Cliganic 90 Days Warranty",,SKIN_CARE_AGENT,https://m.media-amazon.com/images/I/816UYvUb+aL.jpg,810057560040,0810057560040,00810057560040,,,473 ml (Pack of 1),Cliganic,,,0.553,kilograms,9.1,9.2,17.9,centimeters,2.6,3.6,8.2,inches,,,
B08ZJL6FGL,200,"OtterBox Defender Case for iPad Pro 11"" (1st gen/2nd gen/3rd gen/4th gen), Shockproof, Ultra-Rugged Protective Case with built in Screen Protector, 2x Tested to Military Standard, Black",,PORTABLE_ELECTRONIC_DEVICE_COVER,https://m.media-amazon.com/images/I/81E0b8PN0rL.jpg,840104250969,0840104250969,,,Black,iPad Pro 11-Inch 1st / 2nd / 3rd Gen,Otterbox,,,0.552,kilograms,3.6,20.8,29.5,centimeters,0.21,0.03,0.31,meters,,,
B072YZPBJ3,200,Funko Pop! Movies: Bride Of Chucky - Tiffany Valentine-Ray - 1/6 Odds for Rare Chase Variant - Collectable Vinyl Figure - Gift Idea - Official Merchandise - Toys for Kids & Adults - Horror Fans,,FIGURINE,https://m.media-amazon.com/images/I/71gXywrMGwL.jpg,655036991923,0655036991923,00889698201179,,Multicolour,3.75 inches,Funko,,,0.181,kilograms,9.398,11.9888,16.7894,centimeters,2.5,2.5,3.75,inches,,,
B00LDLBG3A,200,Ravenhead Essentials Vinegar Pot,,FOOD_SHAKER,https://m.media-amazon.com/images/I/51P4VgDBcrL.jpg,,5010853208114,,,Vinegar,1 count (Pack of 1),Ravenhead,,,0.12,kilograms,7.3,7.3,16.1,centimeters,6.8,6.8,13.5,centimeters,,,
B00B2KJ59Y,200,FITO DRIPFEEDER CITRUS 32ML PK5,,FERTILIZER,https://m.media-amazon.com/images/I/81hGiavk+8S.jpg,,5060494310363,08006320075126,,Yellow,13.5x2.8x18.5 cm,Blumen,,,0.22,kilograms,3.0,15.0,18.8,centimeters,13.5,2.8,18.5,centimeters,,,
B002DPGTF0,200,"Fackelmann OPAL Hand Grater, Fine Lemon & Lime Zester, Chocolate & Parmesan Grater, Sharp Durable Grating Blade, Stainless Steel, 24x5.5x1.5cm, Silver",,FOOD_GRATER,https://m.media-amazon.com/images/I/718l926suQL.jpg,,4008033404402,04008033404402,,Silver,24x5.5x1.5cm,Fackelmann,,,0.07,kilograms,1.8,6.3,23.8,centimeters,9.4,1.77,0.69,inches,,,
B08CVTBP81,200,Deck Protector: Eclipse Gloss: Apple Red (100),,CARD_DOCUMENT_SLEEVE,https://m.media-amazon.com/images/I/51EKTxjrbTL.jpg,074427156046,0074427156046,00074427156046,,Apple Red,,ULTRA PRO,,,0.11,kilograms,1.8,13.4,15.4,centimeters,5.31,3.54,0.49,inches,,,
B06XY4DS8H,200,"Yale B-YS3-3535NT Anti-Snap 3 Star Euro Thumbturn Cylinder, High Security, 35:35 (70mm), Nickel Finish",,LOCK,https://m.media-amazon.com/images/I/51a2dtS-s1L.jpg,,5011802266612,05011802266612,,Nickel Finish,35:35 (70mm),Yale,,,0.26,kilograms,5.0,12.4,19.6,centimeters,7.0,1.7,3.5,centimeters,,,
B08FKZMQH8,200,"LEXIBOOK, The Collins, 13th Edition-Electronic Pocket Spellchecker, Thesaurus, Crossword, Conjugation, Anagram Solver, Words Games, with Battery, English, Blue/White, DC753EN",,TOYS_AND_GAMES,https://m.media-amazon.com/images/I/71XS6+2nmTL.jpg,,3380743088594,03380743088594,,Blue,Pocket-sized,Lexibook,,,0.17,kilograms,3.4,14.3,22.1,centimeters,11.8,7.8,1.4,centimeters,,,
B004S0S0S2,200,"Lavera All-Round Cream, 150ml",,SKIN_MOISTURIZER,https://m.media-amazon.com/images/I/71HozW+TklL.jpg,798525619547,0798525619547,04021457613953,,,150 ml (Pack of 1),Laverana,,,0.16,kilograms,2.7,9.5,9.5,centimeters,1.8,2.4,5.9,inches,,,
B09NQDQ8X7,200,"The Army Painter Speedpaint Slaughter Red 2.0, Single Acrylic Paint 18ml One-coat Painting Soloution For Fantasy Tabletop Miniatures Like Warhammer 40k and Dungeons And Dragons Figures",,PAINT,https://m.media-amazon.com/images/I/61UmeC0IwFL.jpg,,5713799201286,05713799201286,,red,18 ml (Pack of 1),Army Painter,,,0.02,kilograms,2.2,2.5,7.4,centimeters,75.0,78.0,50.0,millimeters,,,
B0BNLWBLMV,200,"Dragon Shield | Standard Size Card Matte Sleeves | 100 CT - Smooth & Tough Premium TCG Sleeves | Compatible with Pokemon, Flesh & Blood, One Piece & Magic the Gathering | Turquoise - Players' Choice",,CARD_DOCUMENT_SLEEVE,https://m.media-amazon.com/images/I/61e4+QIve2L.jpg,,5706569110550,05706569110550,,Turquoise,Standard Size,Arcane Tinmen,,,0.141,kilograms,4.699,7.0104,10.0076,centimeters,1.9,2.8,3.7,inches,,,
B0002TT36Q,200,Ultra Pro 12911 9-Pocket Portfolio Collectors Blue C12 Card Game,,DISPLAY_ALBUM,https://m.media-amazon.com/images/I/51WE7hFIchL.jpg,074427813673,0074427813673,00074427813673,,Blue,180 Cartes,Ultra Pro,,,0.36,kilograms,1.9,23.0,29.1,centimeters,29.7,21.6,1.5,centimeters,,,
B08563KQKG,200,Yale - YE3B/32/116/1/P Standard Security 32mm Aluminium Padlock - Pink - Open Hardened Steel Shackle - 3 Keys,,LOCK,https://m.media-amazon.com/images/I/61lAinYRWsL.jpg,,5052847107324,,,Pink,32 mm,Yale,,,0.08,kilograms,2.6,7.0,13.0,centimeters,17.0,36.0,31.0,millimeters,,,
B07BBZZ8RC,200,"Amtech V4045 P80 Hook and Loop Square Sheets, 10 Piece Set, 110mm x 100mm Sanding Paper, 240 V",,ABRASIVE_SHEETS,https://m.media-amazon.com/images/I/812QuuFB-bL.jpg,,5032759048519,05032759048519,,Red,110 X 100mm,DK Tools,,,0.09,kilograms,1.0,10.6,15.4,centimeters,16.0,11.0,1.0,centimeters,,,
B0BVZVSHZP,200,"OtterBox React Folio Case for iPad 10th gen 2022, iPad 11th gen 2025 (A16), Shockproof, Drop proof, Ultra-Slim Protective Folio Case, Tested to Military Standard, Blue",,PORTABLE_ELECTRONIC_DEVICE_COVER,https://m.media-amazon.com/images/I/71AwRvClHgL.jpg,840304725380,0840304725380,,,Blue,"iPad 10th gen 2022, iPad 11th gen 2025 (A16)",Otterbox,,,0.34,kilograms,1.8,19.8,27.8,centimeters,19.8,26.8,2.2,centimeters,,,
B007R2ICTK,200,"HG Stain Away 7, Removes Rust Stains from Clothing & Textiles, Concentrated Rusty Mark Remover for Surfaces & Tiles, Fabric & Natural Stone Safe – 50m (426005106)",,LAUNDRY_DETERGENT,https://m.media-amazon.com/images/I/51lYh+BlHDL.jpg,000087298406,0000087298406,,,,50 ml (Pack of 1),Hg,,,0.09,kilograms,2.9,13.3,23.7,centimeters,5.31,1.73,1.02,inches,,,
B0BMKQKC3M,200,"LEXIBOOK, Unicorn, Educational and Bilingual Laptop French/English, Toy for Children with 124 Activities to Learn Mathematics, Dactylography, Logic, Clock Reading, Games and Music, Pink, JC598UNIi1",,ELECTRONIC_LEARNING_TOY,https://m.media-amazon.com/images/I/71cwf2PVvrL.jpg,,3380743085869,03380743085869,,Pink,M,Lexibook,,,0.83,kilograms,4.9,26.0,34.29,centimeters,24.0,18.0,3.6,centimeters,,,
B0001IWX7E,200,"KitchenCraft Kitchen Scissors with Bottle Opener, Stainless Steel, Multi Purpose Shears 21 cm (8.3''), Black",,SCISSORS,https://m.media-amazon.com/images/I/51pyGOajiCL.jpg,,5028250121776,05028250121776,,Black,,KitchenCraft,,,0.06,kilograms,1.3,7.2,20.1,centimeters,21.3,7.3,1.1,centimeters,,,
B086ZD7MG6,200,Curaprox CPS 07 Prime Start Interdental Brush Set |Starter Set with 5 Brushes |2 Different Holders |Red | 0.7 mm Diameter |2.5 mm Effectiveness | Made in Switzerland,,TOOTHBRUSH,https://m.media-amazon.com/images/I/71SFDMyG7BL.jpg,,7612412427707,07612412427707,,Red,1 count (Pack of 1),Curaprox,,,0.018,kilograms,1.397,5.9944,15.0114,centimeters,60.0,14.0,152.0,millimeters,,,
B09NQ9YX9R,200,"The Army Painter Speedpaint Medium 2.0, Single White Medium 18 ml Acrylic Paint One-coat Painting Solution For Fantasy Tabletop Miniatures Like Warhammer 40k And Dungeons And Dragons",,PAINT,https://m.media-amazon.com/images/I/81w-GcespFL.jpg,,5713799200081,05713799200081,,Medium,18 ml (Pack of 1),Army Painter,,,0.032,kilograms,2.3876,3.9878,7.493,centimeters,10.0,3.0,50.0,millimeters,,,
B00AOES9GE,200,Curaprox CS 1006 Single Toothbrush – Targeted Cleaning for Gumline and Braces | Random Color | for Sensitive Teeth and Implants | Designed in Switzerland,,TOOTHBRUSH,https://m.media-amazon.com/images/I/51JKBIHGVwL.jpg,781163936275,,07612412100600,,Random,1 count (Pack of 1),Curaprox,,,0.01,kilograms,1.3,4.2,22.2,centimeters,220.0,42.0,15.0,millimeters,,,
B096BPSDRZ,200,Ravensburger Bluey 35 Piece Jigsaw Puzzle for Kids Age 3 Years Up - Educational Toddler Toys,,PUZZLES,https://m.media-amazon.com/images/I/81aVYPXB4vL.jpg,,4005556052240,04005556052240,,Multi-coloured,19 x 26 cm,Ravensburger,,,0.2,kilograms,3.4036,18.8976,27.4066,centimeters,3.4,19.0,0.1,centimeters,,,
B099FBD93Y,200,"Curaprox Whitening Toothpaste – for Fresh Breath & Gum Care | Enzymatic Formula, Watermelon Flavour, 60ml | Vegan, SLS-Free, Fluoride 950ppm | Made in Switzerland",,TOOTH_CLEANING_AGENT,https://m.media-amazon.com/images/I/61HoPJ1EPVL.jpg,,7612412429497,07612412429497,,Pink,60 ml (Pack of 1),Curaprox,,,0.1,kilograms,3.4,3.8,15.6,centimeters,36.0,32.0,158.0,millimeters,,,
B07QNL62Z2,200,"Amtech N2352 Rubber Palm Coated Builders Gloves Medium (Size 8), Certified Quality for Heavy Duty Tasks, Yellow/Orange",,PROTECTIVE_GLOVE,https://m.media-amazon.com/images/I/91s1B7tjNEL.jpg,,5032759049417,05032759049417,,Yellow,M,DK Tools LTD,,,0.09,kilograms,14.0,1.0,30.0,centimeters,24.0,9.5,30.0,centimeters,,,
B076VTQGGL,200,Revolution Beauty London Soph Eyeshadow Palette,,EYELID_COLOR,https://m.media-amazon.com/images/I/81-mB7RfFrL.jpg,838623952693,0838623952693,05057566008488,,Multicoloured,26.4 g (Pack of 1),Revolution Beauty Ltd.,,,0.22,kilograms,1.4,10.2,17.7,centimeters,1.77,1.02,0.11,centimeters,,,
B0BLTGP2JX,200,"Crucial DDR5 RAM 32GB Kit (2x16GB) 5600MHz, Desktop Computer Memory, (or 5200MHz, 4800MHz) CL46 - CT2K16G56C46U5",,INTERNAL_MEMORY,https://m.media-amazon.com/images/I/61eLcrtn80L.jpg,649528929785,0649528929785,00649528929785,,Black,32GB (2x16GB),CRUCIAL,,,0.049,kilograms,0.5,8.6,16.2,centimeters,133.4,4.1,31.3,millimeters,,,
B0CTD6Q6KY,200,"McFarlane DC Multiverse 7"" Scale Vehicles - Tumbler with Lucius Fox (The Dark Knight) Gold Label, Includes Action Figure and Accessories",,ART_CRAFT_KIT,https://m.media-amazon.com/images/I/61H3lSc0PVL.jpg,787926151930,0787926151930,,,Multi,15 x 25 x 6 pulgadas,McFarlane Toys,,,2.38,kilograms,17.6,27.8,48.6,centimeters,25.0,15.0,6.0,inches,,,
B00VRF1XEY,200,Matt Tester 75ml (Waterfall),,PAINT,https://m.media-amazon.com/images/I/61Mu5oHwRwL.jpg,,5010426738321,05010426738321,,Waterfall,75 ml (Pack of 1),PPG Architectural Coatings UK & Ireland,,,0.15,kilograms,8.5,8.6,9.6,centimeters,,,,,,,
B071X4RKYL,200,"Addis 513881 Essentials Wooden Outdoor Complete Broom with Metal Handle, Natural/ Black, 27.5 cm",,BROOM,https://m.media-amazon.com/images/I/61xZbvSLEiL.jpg,,5010303144863,05010303144863,,Natural/ Black,10 x 29 x 127 cm,Addis,,,0.6,kilograms,10.0,10.0,120.0,centimeters,10.0,29.0,127.0,centimeters,,,
B00BWU7MNU,200,"SPLAT Biocalcium Toothpaste, 100 ml",,TOOTH_CLEANING_AGENT,https://m.media-amazon.com/images/I/61+bC9eXnhL.jpg,,4603014001092,04603014001092,,Biocalcium,100 ml (Pack of 1),SPLAT,,,0.15,kilograms,3.9116,6.5024,18.5928,centimeters,18.0,4.0,5.0,centimeters,,,
B000FGECAI,200,"Learning Resources Kanoodle 3D Brain Teaser Puzzle, Travel Game for Adults and Kids Ages 7 8 9 10+, Gift for Boys and Girls, Featuring over 200 Challenges",,PUZZLES,https://m.media-amazon.com/images/I/71v68G+xVAL.jpg,086002029782,0086002029782,00086002029782,,Retro-tri Color,"12 pieces, 3.25 x 5.75 inches",Learning Resources Ltd,,,0.15,kilograms,2.4,10.4,14.1,centimeters,5.75,3.25,0.75,inches,,,
B07J9JGZZV,200,Plaque Glo Plaque Disclosing Toothpaste and Torch System (Tropical),,TOOTH_CLEANING_AGENT,https://m.media-amazon.com/images/I/41Kic40-R4L.jpg,,9336628002760,09336628002760,,,25 g (Pack of 1),Erskine Oral Care,,,0.05,kilograms,2.4,5.0,17.9,centimeters,2.5,6.0,19.0,centimeters,,,
B074RQ8G8Z,200,Cool Chile Chipotle Chillies in Adobo Paste - 170g Jar | Smoky Chilli Peppers in Sauce for Mexican Cooking,,FOOD,https://m.media-amazon.com/images/I/81tMRhJH50L.jpg,,5029210000513,,,,170 grams,Cool Chile,,,0.34,kilograms,6.6,6.6,8.2,centimeters,0.55,0.01,0.01,centimeters,,,
B0BBH9MHBH,200,"OtterBox Symmetry Folio Case for iPad 10th gen 2022, iPad 11th gen 2025 (A16), Shockproof, Drop proof, Slim Protective Folio Case, Tested to Military Standard, Blue",,CELLULAR_PHONE_CASE,https://m.media-amazon.com/images/I/71x4S9Qi5JL.jpg,840262399784,0840262399784,00840262399784,,Blue,,Otterbox,,,0.39,kilograms,2.0,20.2,28.4,centimeters,18.99,25.84,1.55,centimeters,,,
B08M8CQHHV,200,"AQUARIUS 65370 Lord of The Rings Map 1000 Piece Jigsaw Puzzle, Multi-Colored, One Size",,PUZZLES,https://m.media-amazon.com/images/I/911wZHnj+tL.jpg,840391148840,0840391148840,,,Multi-colored,One Size,Aquarius,,,0.65,kilograms,5.8,20.3,25.5,centimeters,2.2,9.9,7.9,inches,,,
B07RXCFY28,200,"Procos Dnpx Toy Story 4 Party Table Cover 1CT, 120 x 180 cm",,TABLECLOTH,https://m.media-amazon.com/images/I/81SUI4OPY8L.jpg,,5201184902325,05201184902325,,Multicolor,4.1 x 0.1 inch (Rectangular),PROCOS,,,0.07,kilograms,0.9,17.3,25.5,centimeters,26.5,0.5,17.0,centimeters,,,
B0D3JBBGSB,200,"OtterBox Defender Case for iPad Air 11"" (M2/M3/M4) & iPad Air 10.9"" (2022/2020), Ultra-Rugged Protective Case with built in Screen Protector, 2x Tested to Military Standard, Black",,PORTABLE_ELECTRONIC_DEVICE_COVER,https://m.media-amazon.com/images/I/71kF7Gumz0L.jpg,840304758647,0840304758647,00840304758647,,Black,"iPad Air 11"" (M2/M3/M4)/iPad Air 10.9"" (2022/2020)",Otterbox,,,0.59,kilograms,2.8956,20.701,29.21,centimeters,10.5,7.87,1.01,inches,,,
B07MW9H6P4,200,GoodBoy BOY BIG DOG SUPER SOFT PLUSH SQUEAKY TOY 44 CM,,PET_TOY,https://m.media-amazon.com/images/I/81gYLgHs-zL.jpg,,5000239083428,,,,large,ARMITAGE,,,0.2,kilograms,11.4,20.7,29.2,centimeters,44.0,44.0,44.0,centimeters,,,
B0BS1WDHP7,200,Funko Pop! Deluxe: Disney the Nightmare Before Christmas 30th - Jack Skellington & Zero With Tree - Disney: the Nightmare Before Christmas - Collectable Vinyl Figure - Gift Idea - Movies Fans,,FIGURINE,https://m.media-amazon.com/images/I/61aVlD0QzJL.jpg,889698723824,0889698723824,,,Multicolor,One Size,Funko,,,0.54,kilograms,15.6972,17.6022,21.59,centimeters,5.5,6.5,8.0,inches,,,
B001JYLJB0,200,Blackspur BB-RLP102 Heavy Duty Revolving Leather Punch,,HOLE_PUNCH,https://m.media-amazon.com/images/I/71-FRvcDS4L.jpg,,5017403025801,05017403025801,,Silver & Red,,Blackspur,,,0.26,kilograms,2.8,11.0,26.6,centimeters,,,,,,,
B009NST7AY,200,GREEN SHIELD CONDITIONING LEATHER SURFACE WIPES 70 PACK - EXTRA LARGE WIPES,,SURFACE_CLEANING_WIPE,https://m.media-amazon.com/images/I/71dgKEsyBQL.jpg,790295333159,0790295333159,05060110220724,,Green,50 count (Pack of 1),Shopping Sky,,,0.33,kilograms,6.2,16.5,23.7,centimeters,11.0,6.5,25.0,centimeters,,,
B006R5Z7DC,200,Opies Red Marachino Cocktail Cherries with Stem 225g Jar - Marachino Cherries for Cocktails,,FRUIT_SNACK,https://m.media-amazon.com/images/I/716AiiwqqDL.jpg,,5010392002525,,,,225 g (Pack of 1),,,,0.52,kilograms,15.7,17.0,23.5,centimeters,0.07,0.07,0.12,meters,,,
B01N58L3PP,200,"Unika EasyShine Wood & Laminate Floor Cleaner 500ml – Ready to Use Spray Cleaner for Varnished Wood & Laminate Floors, No Polish Build Up, Dries to a Sparkling Shine",,CLEANING_AGENT,https://m.media-amazon.com/images/I/81g6cIqQHUL.jpg,,5023778070223,05023778070223,,,1 count (Pack of 1),Unika,,,0.5,kilograms,5.0,11.2,25.2,centimeters,25.0,10.0,6.0,centimeters,,,
B09BR88BPW,200,Stoddard Icon White Standard Interdental Brushes - 8 Brush Plus 2 Free Brush in 1 Pack,,TOOTHBRUSH,https://m.media-amazon.com/images/I/71iCElxqmPL.jpg,,5051717179447,,,White,10 count (Pack of 1),Stoddard Icon,,,0.03,kilograms,0.9,7.5,18.0,centimeters,,,,,,,
B0993N4XMC,200,"Goodyear Bumper and Trim Restorer 750ml-back to Black| Helps Bumper and Trim Plastic Look Like New| Restores, Protects and Shines| Long Lasting Gloss Finish| Suitable for All Exterior Plastics",,TOOLS,https://m.media-amazon.com/images/I/51hYnWQwO4L.jpg,,5055441446455,,,Multicolour,,Avron,,,0.83,kilograms,5.9,10.5,28.5,centimeters,12.0,18.0,12.0,centimeters,,,
B07Y5KYLQ8,200,"Silvine Cloakroom/Raffle Tickets, Numbered 1-1000 with Security Numbering. Ref CRT1000, Single",,TABLETOP_GAME,https://m.media-amazon.com/images/I/71UG+GDtogL.jpg,,5011566017192,05011566017192,,Red,Single,Silvine,,,0.18,kilograms,2.2,10.6,14.0,centimeters,140.0,105.0,18.0,millimeters,,,
B01N4LH1PN,200,PETITFEE Gold Hydrogel Eye Patch,,SKIN_TREATMENT_MASK,https://m.media-amazon.com/images/I/61pz8nfXpyL.jpg,371655368488,0371655368488,08809239803596,,Gold,60 count (Pack of 1),NS Retail,,,0.181,kilograms,4.191,8.1026,8.1026,centimeters,50.0,50.0,28.0,centimeters,,,
B003TYWR5K,200,White Deck Box for Trading Cards,,STORAGE_BOX,https://m.media-amazon.com/images/I/41Pk+nNNpwL.jpg,074427825911,0074427825911,00074427825911,,White,80 litres,Esdevium Games Limited,,,0.018,kilograms,5.1054,8.89,10.4902,centimeters,7.1,4.6,9.5,centimeters,,,
B09V8GFY8C,404,,,,,,,,,,,,,,,,,,,,,,,,,,"{""errors"": [{""code"": ""NOT_FOUND"", ""message"": ""Requested item, B09V8GFY8C, not found in marketplace(s) A1F83G8C2ARO7P.""}]}"
B00RO5R4JE,200,"Bettina Soap Pads, 12 Pcs – Plastic-Free, Biodegradable, 100% Recycled Material, Eco-Friendly Steel Wool Pads for Sparkling Cleaning, Animal-Free Ingredients",,CLEANING_AGENT,https://m.media-amazon.com/images/I/71tPAc+V4fL.jpg,,5052578014007,,,Green,16 count (Pack of 1),Arix Europe,,,0.13,kilograms,4.9,14.6,14.6,centimeters,,,,,,,
B08J1X9VVF,200,Tangle Teezer | The Mini Ultimate Detangler Hairbrush |Gentle on Wet Hair | Two-Tiered Teeth & Comfortable Handle | Ideal for Kids And Travel | Reduces Knots & Breakage | Wisteria Leaf,,HAIR_BRUSH,https://m.media-amazon.com/images/I/61hrfXZGkEL.jpg,,5060630041311,05060630041311,,Wisteria Leaf,Mini,Tangle Teezer,,,0.05,kilograms,3.4,5.4,15.8,centimeters,15.4,3.2,5.2,centimeters,,,
B093WHTJL7,200,"SUPERTHINGS Balloon Boxer – Large vehicle plus two attachable vehicles, 3 SuperThings and 1 exclusive Kazoom Kid",,NON_RIDING_TOY_VEHICLE,https://m.media-amazon.com/images/I/71bN1sKoFDL.jpg,,8431618016626,08431618016626,,Multicolored,31 cm,Magic Box Toys,,,0.44,kilograms,7.2,25.0,26.1,centimeters,26.0,28.0,31.0,centimeters,,,
B009L12MLO,200,"Proxysoft Dental Floss for Bridges and Implants 30 Strands - Floss Threaders for Bridges, Dental Implants, Braces with Extra-Thick Proxy Brush for Optimal Oral Hygiene -Teeth Bridge and Implant Cleaners",,DENTAL_FLOSS,https://m.media-amazon.com/images/I/7183omh7eNL.jpg,685450648141,0685450648141,00685450648141,,,1 count (Pack of 30),Proxy,,,0.01,kilograms,1.5,7.2,15.5,centimeters,5.0,1.0,2.0,inches,,,
B00GI299M4,200,Vaseline Lip Therapy - 0.25 OZ Pack of 2 (Lip Therapy - Rosy Lips),,LIP_BALM,https://m.media-amazon.com/images/I/61szf3EYZQL.jpg,,,,,Rose,1 count (Pack of 2),Unilever,,,0.01,kilograms,2.6,6.3,9.7,centimeters,4.2,2.5,2.0,inches,,,
1848450486,200,The Darkest Surrender (Lords of the Underworld: Book 8),,ABIS_BOOK,https://m.media-amazon.com/images/I/61FDxq9I0kL.jpg,,9781848450486,09781848450486,,,,Mira Books,,,0.62,pounds,19.2,12.6,3.4,centimeters,126.0,26.0,198.0,millimeters,,,
B07B4NQSYS,200,Kilner Wide Mouth Preserve Jar 0.35L (350ml) Glass Storage Jar with Vacuum Seal Lid Ideal for Preserving Whole Fruits Vegetables Pickles Jams,,FOOD_STORAGE_CONTAINER,https://m.media-amazon.com/images/I/71Guh76Y4KL.jpg,,5010853253039,05010853253039,,0.35l,0.35 litre (Single),Kilner,,,0.34,kilograms,9.9,13.7,15.6,centimeters,3.543307083,3.543307083,4.921259838,centimeters,,,
B0B8T9L8RY,200,"Smart Choice Dog Toy Box, Grey",,ITEM_CONTAINER,https://m.media-amazon.com/images/I/71lZ0qgvZnL.jpg,,5052516213103,,,Grey,,RSW,,,0.43,kilograms,2.1,25.3,38.2,centimeters,37.0,25.0,25.0,centimeters,,,
B0CBNNKLYJ,200,"Mattel WWE Ultimate Edition Asuka Action Figure & Accessories, 6-inch Collectible Set, Swappable Heads & Hands, Entrance Gear & 30 Articulation Points, HWP53",,TOY_FIGURE,https://m.media-amazon.com/images/I/917SgK2N-DL.jpg,194735218318,0194735218318,00194735218318,,Multicolor,6 inches,Mattel,,,0.259,kilograms,6.7056,19.1008,27.5082,centimeters,1.1811,3.1496,6.6929,inches,,,
B00M9UFVGM,404,,,,,,,,,,,,,,,,,,,,,,,,,,"{""errors"": [{""code"": ""NOT_FOUND"", ""message"": ""Requested item, B00M9UFVGM, not found in marketplace(s) A1F83G8C2ARO7P.""}]}"
B00CRGM45O,200,The Original TUNG Brush - 2 Pack,,TOOTHBRUSH,https://m.media-amazon.com/images/I/61FPQpIdv5L.jpg,614373180056,0614373180056,,,No Cap,1 count (Pack of 2),Peak Essentials,,,0.03,kilograms,2.1,5.8,21.7,centimeters,,,,,,,
B002GZJUQ2,200,"Kitchen Devils S8603000 Control Vegetable Knife, 10 cm, Multi-Colour , Black",,KITCHEN_KNIFE,https://m.media-amazon.com/images/I/71IB6G0kwoL.jpg,,5010624437408,05010624437408,,Multi-colour,1 cm,Kitchen Devils,,,0.05,kilograms,1.9,7.4,28.8,centimeters,31.39,12.6,0.61,centimeters,,,
B01H8QOUTA,200,Organic Shop 250ml Body Scrub Repairing Mango & Sugar,,SKIN_EXFOLIANT,https://m.media-amazon.com/images/I/51IsErsTslL.jpg,,4743318100340,04743318100340,,Mango,250 ml (Pack of 1),Eurobio Lab,,,0.3,kilograms,6.2,9.3,9.5,centimeters,9.6,5.9,9.6,centimeters,,,
B084HZRR8G,200,Funko POP! Movies: TCM - Leatherface - Texas Chainsaw Massacre - Collectable Vinyl Figure - Gift Idea - Official Merchandise - Toys for Kids & Adults - Movies Fans - Model Figure for Collectors,,FIGURINE,https://m.media-amazon.com/images/I/71iMqGn81SL.jpg,889698498302,0889698498302,00889698498302,,Blue,,Funko,,,0.12,kilograms,9.0932,12.0904,16.6878,centimeters,3.0,3.0,3.75,inches,,,
B097F7QHFF,200,"Faith In Nature 3 x 100ml Natural Body Wash Travel Gift Set, Vegan & Cruelty Free, No SLS or Parabens",,SKIN_CLEANING_AGENT,https://m.media-amazon.com/images/I/71qqSiAY9LS.jpg,708002800078,0708002800078,,,Multi,100 ml (Pack of 3),Faith In Nature,,,0.37,kilograms,4.2,11.3,12.3,centimeters,4.1,12.2,11.3,centimeters,,,
B002ZTVMDI,200,Maybelline The Colossal Volum Express Mascara - # 230 Glam Black For Women 0.31 oz Mascara,,MASCARA,https://m.media-amazon.com/images/I/71sSgQyuZQL.jpg,041554050899,0041554050899,,,black / black,9.2 ml (Pack of 1),Maybelline,,,0.032,kilograms,2.1082,6.9088,14.097,centimeters,0.88,2.75,5.625,inches,,,
B00SH4QZIM,200,"Darlac Grab-N-Lift Garden Waste Collector, Leaf Grabber Tool for Gardens, Ultra Lightweight Design, Leaf and Garden Waste Collection, Ref. DP556, Back Friendly Large Jaw Grabber with Moulded Handles",,RAKE,https://m.media-amazon.com/images/I/41vIwDxHCPL.jpg,,5038210003363,,,Red,‎81L x 37W x 9.5H centimetres,Darlac,,,1.34,kilograms,6.5,21.0,84.0,centimeters,1.0,1.0,1.0,centimeters,,,
B00YPA854Y,200,"Sukin Super Greens Detoxifying Clay Masque 100ml - with Goji Berry, Avocado & Baobab; cruelty free & vegan friendly - detoxes & brightens the complexion.",,SKIN_TREATMENT_MASK,https://m.media-amazon.com/images/I/61RJus-ziXL.jpg,730158163301,0730158163301,09327693004414,,WHITE,1 count (Pack of 1),Sukin Australia Pty Ltd.,,,0.11,kilograms,3.9,6.7,7.1,centimeters,7.0,4.0,7.0,centimeters,,,
B00O3XUG5E,200,EPSON Maintenance Workforce Box Ink Cartridge,,INKJET_PRINTER_INK,https://m.media-amazon.com/images/I/51WL5pWbZTL.jpg,,8715946543727,08715946543727,,Black,One Size,EPSON,,,0.03,kilograms,2.5,7.5,14.6,centimeters,0.148,0.076,0.025,centimeters,,,
B095ZY4PCG,200,"Fry's Turkish Delight Mini Chocolate Bars, Classic Rose-Flavoured Chocolate Treats with Soft Jelly Centre, Gifting Treat, Snack or Dessert, 105 g (Pack of 7)",,CHOCOLATE_CANDY,https://m.media-amazon.com/images/I/618CVP8noDL.jpg,,7622201783808,07622201783808,,White,7 Count (Pack of 1),Mondelez,,,0.11,kilograms,2.8,14.0,14.0,centimeters,33.0,133.0,160.0,millimeters,,,
B09S5RXYKR,200,Etude House Fixing Tint #11 Rose Blending | Long Lasting High Pigmented Liquid Lipstick |Waterproof Lightweight Matte Finish Lip Stain| Full Coverage,,LIP_COLOR,https://m.media-amazon.com/images/I/41NXn28N4PL.jpg,,8809820684689,,,Pink tint,4 ml (Pack of 1),ETUDE HOUSE,,,0.03,kilograms,1.9,2.1,11.3,centimeters,20.0,20.0,111.0,millimeters,,,
B07QGGFKYK,200,"Worlds Smallest 568 UNO ONE, Multicoloured, único",,TABLETOP_GAME,https://m.media-amazon.com/images/I/81Pu3jQKBkL.jpg,854941007631,0854941007631,00854941007631,,Multicoloured,único,Bandai,,,0.04,kilograms,2.6,10.8,17.8,centimeters,2.0,5.0,7.6,centimeters,,,
B01G263L1K,200,"Dragon Shield | Standard Size Card Matte Sleeves | 100 CT - Smooth & Tough Premium TCG Sleeves | Compatible with Pokemon, Flesh & Blood, One Piece & Magic the Gathering | Purple",,CARD_DOCUMENT_SLEEVE,https://m.media-amazon.com/images/I/6183+8T0y5L.jpg,736126508723,0736126508723,05706569110093,,Purple,Standard Size,Arcane Tinmen,,,0.141,kilograms,4.699,7.112,9.8044,centimeters,2.0,3.7,2.8,inches,,,
B0032NGZII,200,Everbuild Stick2 General Purpose Superglue – Industrial Grade – High Strength – Rapid Setting – Clear – 20g,,BONDING_ADHESIVES,https://m.media-amazon.com/images/I/61S4YRDZfTL.jpg,616268297399,0616268297399,05029347900069,,Clear,20 grams,Sika Everbuild,,,0.02,kilograms,2.8,2.8,8.6,centimeters,9.0,3.0,3.0,centimeters,,,
