asin,fnsku,product_name,fulfillment_center,country_code,longest_side,median_side,shortest_side,measurement_units,weight,weight_units,item_volume,volume_units,product_size_tier,average_quantity_on_hand,average_quantity_pending_removal,estimated_total_item_volume,month_of_charge,storage_utilization_ratio,storage_utilization_ratio_units,base_rate,utilization_surcharge_rate,avg_qty_for_sus,est_vol_for_sus,est_base_msf,est_sus,currency,estimated_monthly_storage_fee,category,eligible_for_inventory_discount,qualifies_for_inventory_discount,total_incentive_fee_amount,breakdown_incentive_fee_amount,average_quantity_customer_orders
B08W25WKTN,X0024EBXZJ,LEXIBOOK - Paw Patrol - Cordless Mini Bedside Lamp and Nightlight Paw Patrol - Blue - MLT10PA,'MAN1',GB,19.1,10.2,10.0,centimeters,0.16,kilograms,0.0688,cubic feet,Standard-Size,1.0,0.0,0.0688,2025-12,8.5,weeks,1.37,0.0,1.0,0.0688,0.0943,0.0,GBP,0.0943,Others,N,N,0.0,--,0.0
B00F4LA0K0,X0028A4KS1,"Chef Aid Cocktail Sticks, Pack of 200 Stick perfect for Buffets and Cocktails use, The Skewer design helps hold sweet and savoury foods, Each cocktails stick measures 8 cm",'MAN1',GB,14.6,8.9,1.4,centimeters,0.04,kilograms,0.0064,cubic feet,Standard-Size,1.0,0.0,0.0064,2025-12,8.5,weeks,1.37,0.0,1.0,0.0064,0.0088,0.0,GBP,0.0088,Others,N,N,0.0,--,0.0
B093FQYQJH,X00293I5FB,"Curaprox CS 12460 Velvet Soft Toothbrush – Sensitive Gum Care | Ultra-Gentle Cleaning with 12,460 Filaments | Single Pack, Random Color | Made in Switzerland",'MAN1',GB,22.4,5.9,2.4,centimeters,0.03,kilograms,0.0112,cubic feet,Standard-Size,0.13,0.0,0.0011,2025-12,8.5,weeks,1.37,0.0,0.03,4.0E-4,0.0015,0.0,GBP,0.0015,Others,N,N,0.0,--,0.03
B08WPCW7TH,X0029FM4IN,"Moo Free White Chocolate Bars - Dairy Free, Gluten Free & Vegan (20g)",'MAN1',GB,14.0,4.0,0.5,centimeters,0.02,kilograms,0.001,cubic feet,Standard-Size,4.0,0.0,0.004,2025-12,8.5,weeks,1.37,0.0,4.0,0.004,0.0054,0.0,GBP,0.0054,Others,N,N,0.0,--,0.0
9188805646,X0029FM6EP,"Free League Publishing MÖRK Borg (Fantasy OSR RPG, Hardback, Full Color",'MAN1',GB,21.7,15.6,1.4,centimeters,0.39,kilograms,0.0167,cubic feet,Standard-Size,0.94,0.0,0.0146,2025-12,8.5,weeks,1.37,0.0,0.45,0.0076,0.02,0.0,GBP,0.02,Others,N,N,0.0,--,0.06
B005F5TRBI,X002AFJNZT,"Croydex White Button Shower Curtain Rings 12pk, 75g, 34F",'MAN1',GB,18.0,8.2,4.5,centimeters,0.04,kilograms,0.0235,cubic feet,Standard-Size,1.0,0.0,0.0235,2025-12,8.5,weeks,1.37,0.0,1.0,0.0235,0.0321,0.0,GBP,0.0321,Others,N,N,0.0,--,0.0
B09445GL1C,X002BA017H,"Price's - Time for You Large Jar Candle - Sweet, Delicious Fragrance - Long Lasting Scent - Up to 100 Hour Burn Time - Ideal for All Occasions",'MAN1',GB,23.2,16.6,11.9,centimeters,1.01,kilograms,0.1618,cubic feet,Standard-Size,7.58,0.0,1.2217,2025-12,8.5,weeks,1.37,0.0,7.55,1.2217,1.6695,0.0,GBP,1.6695,Others,N,N,0.0,--,0.03
B002BX8ZFG,X002DZYN47,"Fackelmann OPAL Pizza Wheel, Pizza Cutter & Slicer, Super Sharp Blade, Stainless Steel, 18.5x5x1.2cm, Silver",'MAN1',GB,17.2,11.9,1.5,centimeters,0.07,kilograms,0.0108,cubic feet,Standard-Size,3.0,0.0,0.0325,2025-12,8.5,weeks,1.37,0.0,3.0,0.0325,0.0446,0.0,GBP,0.0446,Others,N,N,0.0,--,0.0
B07RZBBG14,X002F5VV0T,"Dragon Shield AT-13201 Standard Size Perfect Fit Sealable (100 Sleeves), clear",'MAN1',GB,24.7,8.5,1.2,centimeters,0.08,kilograms,0.0089,cubic feet,Standard-Size,1.84,0.0,0.0164,2025-12,8.5,weeks,0.75,0.0,1.84,0.0164,0.01,0.0,GBP,0.01,shoes & bags,N,N,0.0,--,0.0
B007R2ICTK,X002057DE7,"HG Stain Away 7, Removes Rust Stains from Clothing & Textiles, Concentrated Rusty Mark Remover for Surfaces & Tiles, Fabric & Natural Stone Safe – 50m (426005106)",'MAN2',GB,14.0,4.2,2.4,centimeters,0.06,kilograms,0.005,cubic feet,Standard-Size,4.39,0.0,0.0217,2025-12,--,--,1.18,0.0,0.0,0.0,0.0,0.0,GBP,0.03,Others,N,N,0.0,--,0.03
B07BC1CMDK,X00218D0YF,"Amtech V4075 P240 Hook and Loop Orbital Sanding Sheets, 10 Piece Set, 115mm Diameter Sanding Paper",'MAN2',GB,15.9,12.0,1.0,centimeters,0.06,kilograms,0.0067,cubic feet,Standard-Size,1.0,0.0,0.0067,2025-12,8.5,weeks,1.37,0.0,1.0,0.0067,0.0093,0.0,GBP,0.0093,Others,N,N,0.0,--,0.0
B001Q77TI2,X0021O4AW5,"Ultra Pro 81181 3"" x 4"" Clear Thick 55PT Toploaders (25ct)",'MAN2',GB,10.8,8.2,5.5,centimeters,0.2,kilograms,0.0172,cubic feet,Standard-Size,0.52,0.0,0.0083,2025-12,8.5,weeks,1.37,0.0,0.23,0.0039,0.0115,0.0,GBP,0.0115,Others,N,N,0.0,--,0.03
B07J9JGZZV,X0022RICEN,Plaque Glo Plaque Disclosing Toothpaste and Torch System (Tropical),'MAN2',GB,18.0,5.0,2.4,centimeters,0.04,kilograms,0.0076,cubic feet,Standard-Size,1.1,0.0,0.0084,2025-12,8.5,weeks,1.37,0.0,1.1,0.0084,0.0115,0.0,GBP,0.0115,Others,N,N,0.0,--,0.0
B08MW8XMNQ,X0022RQT3T,Piksters Eco Charcoal 30 Floss Picks - Pack of 1,'MAN2',GB,9.6,6.6,1.9,centimeters,0.04,kilograms,0.0043,cubic feet,Standard-Size,1.0,0.0,0.0043,2025-12,8.5,weeks,1.37,0.0,1.0,0.0043,0.0059,0.0,GBP,0.0059,Others,N,N,0.0,--,0.0
B0073TTHBY,X0022WK51L,Casio Gents 43.00mm Quartz Watch with Black Analogue dial and Black Rubber Strap Strap MRW-200H-1BVES,'MAN2',GB,9.4,9.2,6.4,centimeters,0.1,kilograms,0.0195,cubic feet,Standard-Size,1.0,0.0,0.0195,2025-12,8.5,weeks,1.37,0.0,1.0,0.0195,0.027,0.0,GBP,0.027,Others,N,N,0.0,--,0.0
B002HY4YSQ,X0023ISNDV,Kitchen Devils Lifestyle Peeler Parer Knife 602001,'MAN2',GB,27.2,8.4,1.7,centimeters,0.06,kilograms,0.0137,cubic feet,Standard-Size,0.26,0.0,0.0035,2025-12,8.5,weeks,1.37,0.0,0.0,0.0,0.0049,0.0,GBP,0.0049,Others,N,N,0.0,--,0.0
B00F4LA0K0,X0028A4KS1,"Chef Aid Cocktail Sticks, Pack of 200 Stick perfect for Buffets and Cocktails use, The Skewer design helps hold sweet and savoury foods, Each cocktails stick measures 8 cm",'MAN2',GB,14.6,8.9,1.4,centimeters,0.04,kilograms,0.0064,cubic feet,Standard-Size,1.0,0.0,0.0064,2025-12,8.5,weeks,1.37,0.0,1.0,0.0064,0.0089,0.0,GBP,0.0089,Others,N,N,0.0,--,0.0
B002KFZKZ8,X0028QJ2XX,"Zyliss E46145 Strongboy 2 Jar Opener, Plastic/Metal, White, Adjustable Grip to Open Opens Jar/Bottle Lids/Caps",'MAN2',GB,30.1,8.8,4.1,centimeters,0.17,kilograms,0.0384,cubic feet,Standard-Size,12.0,0.0,0.4602,2025-12,8.5,weeks,1.37,0.0,12.0,0.4602,0.6325,0.0,GBP,0.6325,Others,N,N,0.0,--,0.0
B093FQYQJH,X00293I5FB,"Curaprox CS 12460 Velvet Soft Toothbrush – Sensitive Gum Care | Ultra-Gentle Cleaning with 12,460 Filaments | Single Pack, Random Color | Made in Switzerland",'MAN2',GB,22.4,5.9,2.4,centimeters,0.03,kilograms,0.0112,cubic feet,Standard-Size,0.1,0.0,0.0011,2025-12,8.5,weeks,1.37,0.0,0.0,0.0,0.0015,0.0,GBP,0.0015,Others,N,N,0.0,--,0.0
B005F5TRBI,X002AFJNZT,"Croydex White Button Shower Curtain Rings 12pk, 75g, 34F",'MAN2',GB,18.0,8.2,4.5,centimeters,0.04,kilograms,0.0235,cubic feet,Standard-Size,1.0,0.0,0.0235,2025-12,8.5,weeks,1.37,0.0,1.0,0.0235,0.0324,0.0,GBP,0.0324,Others,N,N,0.0,--,0.0
B07F1MFWV1,X002BG3AK1,"Skinny Food Co Salted Caramel Zero Calorie Syrup 425ml - Sugar Free Salted Caramel Syrup For Snacks, Drinks & Desserts - Vegan, Gluten-free, Keto & Paleo Friendly Caramel Syrup - Salted Caramel Syrup",'MAN2',GB,16.4,9.0,5.4,centimeters,0.47,kilograms,0.0281,cubic feet,Standard-Size,1.0,0.0,0.0281,2025-12,8.5,weeks,1.37,0.0,1.0,0.0281,0.0388,0.0,GBP,0.0388,Others,N,N,0.0,--,0.0
B07H2WXMDJ,X002C5IRB3,"Skinny Food Co Sugar Free Maple Syrup 425ml - Zero Calorie Syrup For Breakfast, Snacks, Drinks & Desserts - Vegan, Gluten-free, Keto & Paleo Friendly Maple Syrup - Sugar Free Maple Syrup UK",'MAN2',GB,16.3,9.0,5.4,centimeters,0.47,kilograms,0.028,cubic feet,Standard-Size,1.0,0.0,0.028,2025-12,8.5,weeks,1.37,0.0,0.35,0.0099,0.0386,0.0,GBP,0.0386,Others,N,N,0.0,--,0.0
B0012B80HG,X002CJPDFR,"Kitchen Devils S8602003 Lifestyle Kitchen Knife, Black, 30x8.5x2 cm",'MAN2',GB,28.1,7.4,1.7,centimeters,0.05,kilograms,0.0125,cubic feet,Standard-Size,1.0,0.0,0.0125,2025-12,8.5,weeks,1.37,0.0,1.0,0.0125,0.0172,0.0,GBP,0.0172,Others,N,N,0.0,--,0.0
B0D3J9M2H8,X002E028OX,"OtterBox Symmetry Folio Case for iPad Air 13-Inch (2024 M2, 2025 M3), Shockproof, Drop proof, Slim Protective Folio Case, Tested to Military Standard, Black",'MAN2',GB,31.6,22.4,1.8,centimeters,0.55,kilograms,0.045,cubic feet,Standard-Size,0.29,0.0,0.0116,2025-12,8.5,weeks,0.75,0.0,0.26,0.0116,0.0085,0.0,GBP,0.0085,shoes & bags,N,N,0.0,--,0.03
B07RZBBG14,X002F5VV0T,"Dragon Shield AT-13201 Standard Size Perfect Fit Sealable (100 Sleeves), clear",'MAN2',GB,24.7,8.5,1.2,centimeters,0.08,kilograms,0.0089,cubic feet,Standard-Size,12.48,0.0,0.1111,2025-12,8.5,weeks,0.75,0.0,12.48,0.1111,0.0815,0.0,GBP,0.0815,shoes & bags,N,N,0.0,--,0.0
B00WI8O0RG,X001YC1PPF,100 Ultra Pro Card Protector Sleeves: Pro-Matte - 66 x 91 mm,'MAN3',GB,14.2,11.6,1.8,centimeters,0.11,kilograms,0.0105,cubic feet,Standard-Size,4.1,0.0,0.0422,2025-12,8.5,weeks,1.37,0.0,4.03,0.0422,0.0578,0.0,GBP,0.0578,Others,N,N,0.0,--,0.06
B007R2ICTK,X002057DE7,"HG Stain Away 7, Removes Rust Stains from Clothing & Textiles, Concentrated Rusty Mark Remover for Surfaces & Tiles, Fabric & Natural Stone Safe – 50m (426005106)",'MAN3',GB,14.0,4.2,2.4,centimeters,0.06,kilograms,0.005,cubic feet,Standard-Size,1.94,0.0,0.0096,2025-12,--,--,1.18,0.0,0.0,0.0,0.0,0.0,GBP,0.01,Others,N,N,0.0,--,0.0
B07BC1CMDK,X00218D0YF,"Amtech V4075 P240 Hook and Loop Orbital Sanding Sheets, 10 Piece Set, 115mm Diameter Sanding Paper",'MAN3',GB,15.9,12.0,1.0,centimeters,0.06,kilograms,0.0067,cubic feet,Standard-Size,2.0,0.0,0.0135,2025-12,8.5,weeks,1.37,0.0,2.0,0.0135,0.0185,0.0,GBP,0.0185,Others,N,N,0.0,--,0.0
B010E25DI2,X0021K11U3,100 Ultra Pro Card Protector Sleeves: Pro-Matte - 66 x 91 mm,'MAN3',GB,18.3,11.6,1.6,centimeters,0.11,kilograms,0.012,cubic feet,Standard-Size,0.68,0.0,0.0081,2025-12,8.5,weeks,1.37,0.0,0.61,0.0074,0.0111,0.0,GBP,0.0111,Others,N,N,0.0,--,0.0
B001Q77TI2,X0021O4AW5,"Ultra Pro 81181 3"" x 4"" Clear Thick 55PT Toploaders (25ct)",'MAN3',GB,10.8,8.2,5.5,centimeters,0.2,kilograms,0.0172,cubic feet,Standard-Size,0.58,0.0,0.01,2025-12,8.5,weeks,1.37,0.0,0.45,0.0078,0.0137,0.0,GBP,0.0137,Others,N,N,0.0,--,0.0
B01N31JDVX,X0022WD3O7,"Anniversary House Colourful Pink Glitter Candle, Number 7, 7th Birthday Cake Topper, 7 Centimeters, AHC80/7",'MAN3',GB,15.3,7.4,1.3,centimeters,0.02,kilograms,0.0052,cubic feet,Standard-Size,0.03,0.0,2.0E-4,2025-12,8.5,weeks,1.37,0.0,0.03,2.0E-4,2.0E-4,0.0,GBP,2.0E-4,Others,N,N,0.0,--,0.0
B0073TTHBY,X0022WK51L,Casio Gents 43.00mm Quartz Watch with Black Analogue dial and Black Rubber Strap Strap MRW-200H-1BVES,'MAN3',GB,9.4,9.2,6.4,centimeters,0.1,kilograms,0.0195,cubic feet,Standard-Size,1.0,0.0,0.0195,2025-12,8.5,weeks,1.37,0.0,1.0,0.0195,0.0268,0.0,GBP,0.0268,Others,N,N,0.0,--,0.0
B002HY4YSQ,X0023ISNDV,Kitchen Devils Lifestyle Peeler Parer Knife 602001,'MAN3',GB,27.2,8.4,1.7,centimeters,0.06,kilograms,0.0137,cubic feet,Standard-Size,0.06,0.0,9.0E-4,2025-12,8.5,weeks,1.37,0.0,0.0,0.0,0.0012,0.0,GBP,0.0012,Others,N,N,0.0,--,0.0
B08W25WKTN,X0024EBXZJ,LEXIBOOK - Paw Patrol - Cordless Mini Bedside Lamp and Nightlight Paw Patrol - Blue - MLT10PA,'MAN3',GB,19.1,10.2,10.0,centimeters,0.16,kilograms,0.0688,cubic feet,Standard-Size,0.68,0.0,0.0466,2025-12,8.5,weeks,1.37,0.0,0.68,0.0466,0.0639,0.0,GBP,0.0639,Others,N,N,0.0,--,0.0
B004I2N5AS,X0025MV6P7,Sandisk SDCZ50-016G-B35 USB 2.0 Flash Drive 16GB Black/Red,'MAN3',GB,12.5,7.6,0.9,centimeters,0.01,kilograms,0.003,cubic feet,Standard-Size,21.0,0.0,0.0634,2025-12,8.5,weeks,1.37,0.0,21.0,0.0634,0.0869,0.0,GBP,0.0869,Others,N,N,0.0,--,0.0
B00F4LA0K0,X0028A4KS1,"Chef Aid Cocktail Sticks, Pack of 200 Stick perfect for Buffets and Cocktails use, The Skewer design helps hold sweet and savoury foods, Each cocktails stick measures 8 cm",'MAN3',GB,14.6,8.9,1.4,centimeters,0.04,kilograms,0.0064,cubic feet,Standard-Size,1.0,0.0,0.0064,2025-12,8.5,weeks,1.37,0.0,1.0,0.0064,0.0088,0.0,GBP,0.0088,Others,N,N,0.0,--,0.0
B086ZD7MG6,X00293G0VR,Curaprox CPS 07 Prime Start Interdental Brush Set |Starter Set with 5 Brushes |2 Different Holders |Red | 0.7 mm Diameter |2.5 mm Effectiveness | Made in Switzerland,'MAN3',GB,15.0,6.0,1.4,centimeters,0.03,kilograms,0.0044,cubic feet,Standard-Size,0.1,0.0,4.0E-4,2025-12,8.5,weeks,1.37,0.0,0.0,0.0,6.0E-4,0.0,GBP,6.0E-4,Others,N,N,0.0,--,0.0
B093FQYQJH,X00293I5FB,"Curaprox CS 12460 Velvet Soft Toothbrush – Sensitive Gum Care | Ultra-Gentle Cleaning with 12,460 Filaments | Single Pack, Random Color | Made in Switzerland",'MAN3',GB,22.4,5.9,2.4,centimeters,0.03,kilograms,0.0112,cubic feet,Standard-Size,0.1,0.0,0.0011,2025-12,8.5,weeks,1.37,0.0,0.0,0.0,0.0015,0.0,GBP,0.0015,Others,N,N,0.0,--,0.0
B08WPCW7TH,X0029FM4IN,"Moo Free White Chocolate Bars - Dairy Free, Gluten Free & Vegan (20g)",'MAN3',GB,14.0,4.0,0.5,centimeters,0.02,kilograms,0.001,cubic feet,Standard-Size,1.0,0.0,0.001,2025-12,8.5,weeks,1.37,0.0,1.0,0.001,0.0014,0.0,GBP,0.0014,Others,N,N,0.0,--,0.0
B07BLX7YG9,X0029NC4AD,"Lexibook PAW Patrol Helper on Four Paws Chase LED Night Light for Kids, Color Changing, Soft Light, Batteries, Plastic, Blue/Beige, NLJ001PA1, Multicolor, 13, Colour Change",'MAN3',GB,14.4,10.2,9.7,centimeters,0.13,kilograms,0.0503,cubic feet,Standard-Size,0.03,0.0,0.0016,2025-12,8.5,weeks,1.37,0.0,0.03,0.0016,0.0022,0.0,GBP,0.0022,Others,N,N,0.0,--,0.0
B09445GL1C,X002BA017H,"Price's - Time for You Large Jar Candle - Sweet, Delicious Fragrance - Long Lasting Scent - Up to 100 Hour Burn Time - Ideal for All Occasions",'MAN3',GB,23.2,16.6,11.9,centimeters,1.01,kilograms,0.1618,cubic feet,Standard-Size,1.0,0.0,0.1618,2025-12,8.5,weeks,1.37,0.0,1.0,0.1618,0.2217,0.0,GBP,0.2217,Others,N,N,0.0,--,0.0
B07H2WXMDJ,X002C5IRB3,"Skinny Food Co Sugar Free Maple Syrup 425ml - Zero Calorie Syrup For Breakfast, Snacks, Drinks & Desserts - Vegan, Gluten-free, Keto & Paleo Friendly Maple Syrup - Sugar Free Maple Syrup UK",'MAN3',GB,16.3,9.0,5.4,centimeters,0.47,kilograms,0.028,cubic feet,Standard-Size,12.0,0.0,0.3357,2025-12,8.5,weeks,1.37,0.0,4.23,0.1182,0.4565,0.0,GBP,0.4565,Others,N,N,0.0,--,0.0
B0012B80HG,X002CJPDFR,"Kitchen Devils S8602003 Lifestyle Kitchen Knife, Black, 30x8.5x2 cm",'MAN3',GB,28.1,7.4,1.7,centimeters,0.05,kilograms,0.0125,cubic feet,Standard-Size,0.32,0.0,0.004,2025-12,8.5,weeks,1.37,0.0,0.32,0.004,0.0055,0.0,GBP,0.0055,Others,N,N,0.0,--,0.0
B08CHKHTWX,X002EPBTD9,"Max Factor Facefinity Matte Bronzer, 001 Light Bronze",'MAN3',GB,6.8,6.7,1.2,centimeters,0.04,kilograms,0.0019,cubic feet,Standard-Size,19.55,0.0,0.0377,2025-12,8.5,weeks,1.37,0.0,19.55,0.0377,0.0517,0.0,GBP,0.0517,Others,N,N,0.0,--,0.0
B07RZBBG14,X002F5VV0T,"Dragon Shield AT-13201 Standard Size Perfect Fit Sealable (100 Sleeves), clear",'MAN3',GB,24.7,8.5,1.2,centimeters,0.08,kilograms,0.0089,cubic feet,Standard-Size,1.0,0.0,0.0089,2025-12,8.5,weeks,0.75,0.0,1.0,0.0089,0.01,0.0,GBP,0.01,shoes & bags,N,N,0.0,--,0.0
B0CTD6Q6KY,X002AFI3HN,"McFarlane DC Multiverse 7"" Scale Vehicles - Tumbler with Lucius Fox (The Dark Knight) Gold Label, Includes Action Figure and Accessories",'MAN4',GB,48.6,27.8,17.6,centimeters,2.38,kilograms,0.8397,cubic feet,Oversize,4.0,0.0,3.359,2025-12,63.3,weeks,0.79,0.0,4.0,3.359,2.65,0.0,GBP,2.65,Others,N,N,0.0,--,0.0
B081Q9CFGC,X00204V32V,OceanSaver Anti-Bac Cleaning EcoDrop | Anti-Bacterial Multipurpose Cleaning Spray | Ocean Mist | Eco Friendly Cleaning (1 Pack),'MME1',GB,11.1,4.1,2.3,centimeters,0.02,kilograms,0.0037,cubic feet,Standard-Size,1.03,0.0,0.0036,2025-12,8.5,weeks,1.37,0.0,0.97,0.0036,0.0049,0.0,GBP,0.0049,Others,N,N,0.0,--,0.06
B007R2ICTK,X002057DE7,"HG Stain Away 7, Removes Rust Stains from Clothing & Textiles, Concentrated Rusty Mark Remover for Surfaces & Tiles, Fabric & Natural Stone Safe – 50m (426005106)",'MME1',GB,14.0,4.2,2.4,centimeters,0.06,kilograms,0.005,cubic feet,Standard-Size,19.81,0.0,0.0984,2025-12,--,--,1.18,0.0,0.0,0.0,0.0,0.0,GBP,0.1151,Others,N,N,0.0,--,0.06
B010E25DI2,X0021K11U3,100 Ultra Pro Card Protector Sleeves: Pro-Matte - 66 x 91 mm,'MME1',GB,18.3,11.6,1.6,centimeters,0.11,kilograms,0.012,cubic feet,Standard-Size,1.0,0.0,0.012,2025-12,8.5,weeks,1.37,0.0,0.94,0.0112,0.0164,0.0,GBP,0.0164,Others,N,N,0.0,--,0.0
B08MW8XMNQ,X0022RQT3T,Piksters Eco Charcoal 30 Floss Picks - Pack of 1,'MME1',GB,9.6,6.6,1.9,centimeters,0.04,kilograms,0.0043,cubic feet,Standard-Size,1.0,0.0,0.0043,2025-12,8.5,weeks,1.37,0.0,1.0,0.0043,0.0058,0.0,GBP,0.0058,Others,N,N,0.0,--,0.0
B0D2Y4NPKZ,X0022YQ5E5,"OM SYSTEM VN-541 PC Digital Voice Recorder with One-Touch Recording, Omnidirectional Microphone, Noise Cancellation, 4GB Built-in Memory, Ideal for Lectures & Meetings",'MME1',GB,16.6,6.8,5.7,centimeters,0.19,kilograms,0.0227,cubic feet,Standard-Size,0.29,0.0,0.0044,2025-12,8.5,weeks,1.37,0.0,0.19,0.0044,0.006,0.0,GBP,0.006,Others,N,N,0.0,--,0.1
B002HY4YSQ,X0023ISNDV,Kitchen Devils Lifestyle Peeler Parer Knife 602001,'MME1',GB,27.2,8.4,1.7,centimeters,0.06,kilograms,0.0137,cubic feet,Standard-Size,0.32,0.0,0.0022,2025-12,8.5,weeks,1.37,0.0,0.03,4.0E-4,0.003,0.0,GBP,0.003,Others,N,N,0.0,--,0.16
B0001P0DLU,X0023ISRE1,Loctite 319 Rear View Mirror Bonder 0.5ml,'MME1',GB,16.5,9.6,1.3,centimeters,0.01,kilograms,0.0073,cubic feet,Standard-Size,86.0,0.0,0.6254,2025-12,--,--,1.18,0.0,0.0,0.0,0.0,0.0,GBP,0.7349,Others,N,N,0.0,--,0.0
B08FSDMVNP,X00245PODF,Crucial USB-C to USB-A Adapter - CTUSBCFUSBAMAD,'MME1',GB,7.4,4.1,0.7,centimeters,0.01,kilograms,8.0E-4,cubic feet,Standard-Size,0.94,0.0,5.0E-4,2025-12,8.5,weeks,1.37,0.0,0.1,1.0E-4,7.0E-4,0.0,GBP,7.0E-4,Others,N,N,0.0,--,0.26
B07W45L22P,X0025E26D1,Funko POP! Star Wars: the Mandalorian - Big Tom - Heavy Infantry Mandalorian - Collectable Vinyl Figure - Gift Idea - Official Merchandise - Toys for Kids & Adults - TV Fans,'MME1',GB,16.1,11.91,8.99,centimeters,0.17,kilograms,0.0609,cubic feet,Standard-Size,0.61,0.0,0.0373,2025-12,8.5,weeks,1.37,0.0,0.61,0.0373,0.0511,0.0,GBP,0.0511,Others,N,N,0.0,--,0.0
B004I2N5AS,X0025MV6P7,Sandisk SDCZ50-016G-B35 USB 2.0 Flash Drive 16GB Black/Red,'MME1',GB,12.5,7.6,0.9,centimeters,0.01,kilograms,0.003,cubic feet,Standard-Size,11.0,0.0,0.0332,2025-12,8.5,weeks,1.37,0.0,11.0,0.0332,0.0455,0.0,GBP,0.0455,Others,N,N,0.0,--,0.0
B00F4LA0K0,X0028A4KS1,"Chef Aid Cocktail Sticks, Pack of 200 Stick perfect for Buffets and Cocktails use, The Skewer design helps hold sweet and savoury foods, Each cocktails stick measures 8 cm",'MME1',GB,14.6,8.9,1.4,centimeters,0.04,kilograms,0.0064,cubic feet,Standard-Size,0.48,0.0,0.0031,2025-12,8.5,weeks,1.37,0.0,0.48,0.0031,0.0043,0.0,GBP,0.0043,Others,N,N,0.0,--,0.0
B00BWU7MNU,X0028GYIGT,"SPLAT Biocalcium Toothpaste, 100 ml",'MME1',GB,18.2,5.1,3.9,centimeters,0.15,kilograms,0.0128,cubic feet,Standard-Size,2.58,0.0,0.033,2025-12,8.5,weeks,1.37,0.0,2.58,0.033,0.0452,0.0,GBP,0.0452,Others,N,N,0.0,--,0.0
B086ZD7MG6,X00293G0VR,Curaprox CPS 07 Prime Start Interdental Brush Set |Starter Set with 5 Brushes |2 Different Holders |Red | 0.7 mm Diameter |2.5 mm Effectiveness | Made in Switzerland,'MME1',GB,15.0,6.0,1.4,centimeters,0.03,kilograms,0.0044,cubic feet,Standard-Size,0.13,0.0,6.0E-4,2025-12,8.5,weeks,1.37,0.0,0.0,0.0,8.0E-4,0.0,GBP,8.0E-4,Others,N,N,0.0,--,0.0
B093FQYQJH,X00293I5FB,"Curaprox CS 12460 Velvet Soft Toothbrush – Sensitive Gum Care | Ultra-Gentle Cleaning with 12,460 Filaments | Single Pack, Random Color | Made in Switzerland",'MME1',GB,22.4,5.9,2.4,centimeters,0.03,kilograms,0.0112,cubic feet,Standard-Size,0.13,0.0,0.0014,2025-12,8.5,weeks,1.37,0.0,0.0,0.0,0.002,0.0,GBP,0.002,Others,N,N,0.0,--,0.0
B00S9IXBVU,X00298HYM1,ProDec Combination Shavehook for Removing Paint and Varnish from Flat and Irregular Surfaces,'MME1',GB,30.6,10.8,5.5,centimeters,0.15,kilograms,0.0642,cubic feet,Standard-Size,0.06,0.0,0.0041,2025-12,8.5,weeks,1.37,0.0,0.0,0.0,0.0057,0.0,GBP,0.0057,Others,N,N,0.0,--,0.0
B001OXH0X2,X00298OQXB,"Solvite SLVTHRIFT Wallpaper & Border Paste, Set of 1",'MME1',GB,21.7,10.8,2.6,centimeters,0.07,kilograms,0.0215,cubic feet,Standard-Size,3.0,0.0,0.0646,2025-12,8.5,weeks,1.37,0.0,3.0,0.0646,0.0884,0.0,GBP,0.0884,Others,N,N,0.0,--,0.0
9188805646,X0029FM6EP,"Free League Publishing MÖRK Borg (Fantasy OSR RPG, Hardback, Full Color",'MME1',GB,21.7,15.6,1.4,centimeters,0.39,kilograms,0.0167,cubic feet,Standard-Size,0.23,0.0,0.0038,2025-12,8.5,weeks,1.37,0.0,0.16,0.0027,0.0052,0.0,GBP,0.0052,Others,N,N,0.0,--,0.0
B0C9LJNJWZ,X0029NJZVJ,"LEXIBOOK, Barbie, Educational and Bilingual Laptop in English/French, Toy for children with 124 activities to learn, play games and music, Pink, JC598BBi1",'MME1',GB,34.7,27.3,5.6,centimeters,0.82,kilograms,0.1873,cubic feet,Standard-Size,1.0,0.0,0.1873,2025-12,8.5,weeks,1.37,0.0,1.0,0.1873,0.2567,0.0,GBP,0.2567,Others,N,N,0.0,--,0.0
B0BBHBX72C,X0029PQVV9,"OtterBox Defender Case for iPad 10th gen 2022, iPad 11th gen 2025 (A16), Shockproof, Rugged Protective Case with built in Screen Protector, 2x Tested to Military Standard, Black, No Retail Packaging",'MME1',GB,26.7,19.8,3.7,centimeters,0.48,kilograms,0.0691,cubic feet,Standard-Size,0.42,0.0,0.029,2025-12,8.5,weeks,0.75,0.0,0.03,0.0022,0.0228,0.0,GBP,0.0228,shoes & bags,N,N,0.0,--,0.0
B09445GL1C,X002BA017H,"Price's - Time for You Large Jar Candle - Sweet, Delicious Fragrance - Long Lasting Scent - Up to 100 Hour Burn Time - Ideal for All Occasions",'MME1',GB,23.2,16.6,11.9,centimeters,1.01,kilograms,0.1618,cubic feet,Standard-Size,2.0,0.0,0.3237,2025-12,8.5,weeks,1.37,0.0,2.0,0.3237,0.4401,0.0,GBP,0.4401,Others,N,N,0.0,--,0.0
B07F1MFWV1,X002BG3AK1,"Skinny Food Co Salted Caramel Zero Calorie Syrup 425ml - Sugar Free Salted Caramel Syrup For Snacks, Drinks & Desserts - Vegan, Gluten-free, Keto & Paleo Friendly Caramel Syrup - Salted Caramel Syrup",'MME1',GB,16.4,9.0,5.4,centimeters,0.47,kilograms,0.0281,cubic feet,Standard-Size,1.0,0.0,0.0281,2025-12,8.5,weeks,1.37,0.0,1.0,0.0281,0.0386,0.0,GBP,0.0386,Others,N,N,0.0,--,0.0
B0B2RBG672,X002BPWC29,"Salt of the Earth - Natural Deodorant Roll on Refill - x7 Uses - Amber & Sandalwood - 100% Natural Origin Ingredients - Vegan - Suitable for Men, Women & Children - 525ml",'MME1',GB,22.2,7.3,6.9,centimeters,0.56,kilograms,0.0395,cubic feet,Standard-Size,6.23,0.0,0.2459,2025-12,8.5,weeks,1.37,0.0,6.23,0.2459,0.3368,0.0,GBP,0.3368,Others,N,N,0.0,--,0.0
B07H2WXMDJ,X002C5IRB3,"Skinny Food Co Sugar Free Maple Syrup 425ml - Zero Calorie Syrup For Breakfast, Snacks, Drinks & Desserts - Vegan, Gluten-free, Keto & Paleo Friendly Maple Syrup - Sugar Free Maple Syrup UK",'MME1',GB,16.3,9.0,5.4,centimeters,0.47,kilograms,0.028,cubic feet,Standard-Size,1.0,0.0,0.028,2025-12,8.5,weeks,1.37,0.0,0.32,0.009,0.0383,0.0,GBP,0.0383,Others,N,N,0.0,--,0.0
B0012B80HG,X002CJPDFR,"Kitchen Devils S8602003 Lifestyle Kitchen Knife, Black, 30x8.5x2 cm",'MME1',GB,28.1,7.4,1.7,centimeters,0.05,kilograms,0.0125,cubic feet,Standard-Size,1.0,0.0,0.0125,2025-12,8.5,weeks,1.37,0.0,1.0,0.0125,0.0171,0.0,GBP,0.0171,Others,N,N,0.0,--,0.0
B002BX8ZFG,X002DZYN47,"Fackelmann OPAL Pizza Wheel, Pizza Cutter & Slicer, Super Sharp Blade, Stainless Steel, 18.5x5x1.2cm, Silver",'MME1',GB,17.2,11.9,1.5,centimeters,0.07,kilograms,0.0108,cubic feet,Standard-Size,1.48,0.0,0.0161,2025-12,8.5,weeks,1.37,0.0,1.48,0.0161,0.022,0.0,GBP,0.022,Others,N,N,0.0,--,0.0
B07YYG14S1,X002EDY6JZ,"Cliganic USDA Organic Argan Oil, 100% Pure | Moroccan Argan Oil for Hair, Face & Skin | Natural Cold Pressed Carrier Oil - Certified Organic | Cliganic 90 Days Warranty",'MME1',GB,14.0,5.4,5.4,centimeters,0.23,kilograms,0.0144,cubic feet,Standard-Size,0.19,0.0,5.0E-4,2025-12,8.5,weeks,1.37,0.0,0.03,5.0E-4,6.0E-4,0.0,GBP,6.0E-4,Others,N,N,0.0,--,0.16
B08DR97BX2,X002EE1UEX,"Cliganic Organic Argan Oil, 100% Pure (473ml) | Moroccan Argan Oil for Hair, Face & Skin | Natural Cold Pressed Carrier Oil - Certified Organic | Cliganic 90 Days Warranty",'MME1',GB,17.9,9.2,9.1,centimeters,0.55,kilograms,0.0529,cubic feet,Standard-Size,0.26,0.0,0.0137,2025-12,8.5,weeks,1.37,0.0,0.26,0.0137,0.0187,0.0,GBP,0.0187,Others,N,N,0.0,--,0.0
B007YX9O9E,X002EEAAT9,"SanDisk Cruzer Glide 32 GB USB Flash Drive USB 2.0 , Black & Red",'MME1',GB,12.5,7.5,1.2,centimeters,0.01,kilograms,0.004,cubic feet,Standard-Size,1.13,0.0,0.0044,2025-12,8.5,weeks,1.37,0.0,0.0,0.0,0.006,0.0,GBP,0.006,Others,N,N,0.0,--,0.03
B07RZBBG14,X002F5VV0T,"Dragon Shield AT-13201 Standard Size Perfect Fit Sealable (100 Sleeves), clear",'MME1',GB,24.7,8.5,1.2,centimeters,0.08,kilograms,0.0089,cubic feet,Standard-Size,2.48,0.0,0.0221,2025-12,8.5,weeks,0.75,0.0,2.48,0.0221,0.0172,0.0,GBP,0.0172,shoes & bags,N,N,0.0,--,0.0
B007R2ICTK,X002057DE7,"HG Stain Away 7, Removes Rust Stains from Clothing & Textiles, Concentrated Rusty Mark Remover for Surfaces & Tiles, Fabric & Natural Stone Safe – 50m (426005106)",'MME2',GB,14.0,4.2,2.4,centimeters,0.06,kilograms,0.005,cubic feet,Standard-Size,38.84,0.0,0.1931,2025-12,--,--,1.18,0.0,0.0,0.0,0.0,0.0,GBP,0.23,Others,N,N,0.0,--,0.1
B01CKK8CU2,X0021K3PG1,5 Ultra Pro 130pt Magnetic One Touch Card Holders (5 Total) 81721 - Fits Cards Up to 130 Point in Thickness,'MME2',GB,22.3,11.7,2.1,centimeters,0.32,kilograms,0.0193,cubic feet,Standard-Size,0.45,0.0,0.0087,2025-12,8.5,weeks,1.37,0.0,0.45,0.0087,0.012,0.0,GBP,0.012,Others,N,N,0.0,--,0.0
B000FGECAI,X0021XOD1J,"Learning Resources Kanoodle Puzzle Game, Ages 7+, 3D Brain Teaser with 200 Challenges, Travel-Friendly STEM Toy. Christmas Gifts Idea",'MME2',GB,13.9,10.5,2.7,centimeters,0.15,kilograms,0.0139,cubic feet,Standard-Size,0.03,0.0,4.0E-4,2025-12,8.5,weeks,1.37,0.0,0.03,4.0E-4,6.0E-4,0.0,GBP,6.0E-4,Others,N,N,0.0,--,0.0
B07J9JGZZV,X0022RICEN,Plaque Glo Plaque Disclosing Toothpaste and Torch System (Tropical),'MME2',GB,18.0,5.0,2.4,centimeters,0.04,kilograms,0.0076,cubic feet,Standard-Size,0.58,0.0,0.0044,2025-12,8.5,weeks,1.37,0.0,0.58,0.0044,0.0061,0.0,GBP,0.0061,Others,N,N,0.0,--,0.0
B0073TTHBY,X0022WK51L,Casio Gents 43.00mm Quartz Watch with Black Analogue dial and Black Rubber Strap Strap MRW-200H-1BVES,'MME2',GB,9.4,9.2,6.4,centimeters,0.1,kilograms,0.0195,cubic feet,Standard-Size,2.0,0.0,0.0391,2025-12,8.5,weeks,1.37,0.0,2.0,0.0391,0.0536,0.0,GBP,0.0536,Others,N,N,0.0,--,0.0
B002HY4YSQ,X0023ISNDV,Kitchen Devils Lifestyle Peeler Parer Knife 602001,'MME2',GB,27.2,8.4,1.7,centimeters,0.06,kilograms,0.0137,cubic feet,Standard-Size,0.26,0.0,0.0035,2025-12,8.5,weeks,1.37,0.0,0.0,0.0,0.0048,0.0,GBP,0.0048,Others,N,N,0.0,--,0.0
B00D1V5FPU,X002471RE3,"Bosch 2608831003 ""SDS Plus-3"" Hammer Drill Bit, 0 V, Grey, 5 x 100 x 160 mm",'MME2',GB,25.3,2.8,1.4,centimeters,0.04,kilograms,0.0035,cubic feet,Standard-Size,1.0,0.0,0.0035,2025-12,8.5,weeks,1.37,0.0,1.0,0.0035,0.0048,0.0,GBP,0.0048,Others,N,N,0.0,--,0.0
B00BWU7MNU,X0028GYIGT,"SPLAT Biocalcium Toothpaste, 100 ml",'MME2',GB,18.2,5.1,3.9,centimeters,0.15,kilograms,0.0128,cubic feet,Standard-Size,1.0,0.0,0.0128,2025-12,8.5,weeks,1.37,0.0,1.0,0.0128,0.0175,0.0,GBP,0.0175,Others,N,N,0.0,--,0.0
B093FQYQJH,X00293I5FB,"Curaprox CS 12460 Velvet Soft Toothbrush – Sensitive Gum Care | Ultra-Gentle Cleaning with 12,460 Filaments | Single Pack, Random Color | Made in Switzerland",'MME2',GB,22.4,5.9,2.4,centimeters,0.03,kilograms,0.0112,cubic feet,Standard-Size,0.1,0.0,0.0011,2025-12,8.5,weeks,1.37,0.0,0.0,0.0,0.0015,0.0,GBP,0.0015,Others,N,N,0.0,--,0.0
B00S9IXBVU,X00298HYM1,ProDec Combination Shavehook for Removing Paint and Varnish from Flat and Irregular Surfaces,'MME2',GB,30.6,10.8,5.5,centimeters,0.15,kilograms,0.0642,cubic feet,Standard-Size,0.45,0.0,0.0269,2025-12,8.5,weeks,1.37,0.0,0.0,0.0,0.0369,0.0,GBP,0.0369,Others,N,N,0.0,--,0.03
B001OXH0X2,X00298OQXB,"Solvite SLVTHRIFT Wallpaper & Border Paste, Set of 1",'MME2',GB,21.7,10.8,2.6,centimeters,0.07,kilograms,0.0215,cubic feet,Standard-Size,16.0,0.0,0.3443,2025-12,8.5,weeks,1.37,0.0,16.0,0.3443,0.4687,0.0,GBP,0.4687,Others,N,N,0.0,--,0.0
B003VTZAM0,X00298OTDN,"Minky Metallic Reflector Ironing Board Cover, Extra Large",'MME2',GB,24.0,19.6,5.0,centimeters,0.15,kilograms,0.0831,cubic feet,Standard-Size,3.06,0.0,0.2492,2025-12,8.5,weeks,1.37,0.0,2.29,0.1902,0.3414,0.0,GBP,0.3414,Others,N,N,0.0,--,0.06
B075XT2J8X,X0029FIBPX,Kingfisher Natural Toothpaste Charcoal Mint Fluoride-Free | Vegetarian & Vegan | Oral Health Foundation Approved | Gluten-Free & GM-Free | Ethical Consumer Best Buy | 1x100ml Tube,'MME2',GB,19.2,4.8,3.9,centimeters,0.17,kilograms,0.0127,cubic feet,Standard-Size,1.0,0.0,0.0127,2025-12,8.5,weeks,1.37,0.0,1.0,0.0127,0.0174,0.0,GBP,0.0174,Others,N,N,0.0,--,0.0
B08WPCW7TH,X0029FM4IN,"Moo Free White Chocolate Bars - Dairy Free, Gluten Free & Vegan (20g)",'MME2',GB,14.0,4.0,0.5,centimeters,0.02,kilograms,0.001,cubic feet,Standard-Size,1.0,0.0,0.001,2025-12,8.5,weeks,1.37,0.0,1.0,0.001,0.0014,0.0,GBP,0.0014,Others,N,N,0.0,--,0.0
9188805646,X0029FM6EP,"Free League Publishing MÖRK Borg (Fantasy OSR RPG, Hardback, Full Color",'MME2',GB,21.7,15.6,1.4,centimeters,0.39,kilograms,0.0167,cubic feet,Standard-Size,0.48,0.0,0.0081,2025-12,8.5,weeks,1.37,0.0,0.42,0.007,0.0111,0.0,GBP,0.0111,Others,N,N,0.0,--,0.0
B0C9LJNJWZ,X0029NJZVJ,"LEXIBOOK, Barbie, Educational and Bilingual Laptop in English/French, Toy for children with 124 activities to learn, play games and music, Pink, JC598BBi1",'MME2',GB,34.7,27.3,5.6,centimeters,0.82,kilograms,0.1873,cubic feet,Standard-Size,1.0,0.0,0.1873,2025-12,8.5,weeks,1.37,0.0,1.0,0.1873,0.2567,0.0,GBP,0.2567,Others,N,N,0.0,--,0.0
B004GFPFBO,X0029XG251,Funko POP! Movies : Freddy Krueger - Nightmare on Elm Street - Collectable Vinyl Figure - Gift Idea - Official Merchandise - Toys for Kids & Adults - Movies Fans - Model Figure for Collectors,'MME2',GB,16.1,11.6,8.9,centimeters,0.17,kilograms,0.0587,cubic feet,Standard-Size,1.0,0.0,0.0587,2025-12,8.5,weeks,1.37,0.0,1.0,0.0587,0.0804,0.0,GBP,0.0804,Others,N,N,0.0,--,0.0
B001ET78RY,X002AQ0W1H,Avalon Organics Rosemary Volumizing Conditioner 325ml Pack of 3,'MME2',GB,22.9,21.1,6.6,centimeters,1.03,kilograms,0.1126,cubic feet,Standard-Size,1.0,0.0,0.1126,2025-12,8.5,weeks,1.37,0.0,1.0,0.1126,0.1543,0.0,GBP,0.1543,Others,N,N,0.0,--,0.0
B0897VHKW6,X002AQ3LX3,Hilltop Maple Syrup - Very Dark Late Harvest - Squeezy Bottle - 230g,'MME2',GB,12.0,6.8,4.0,centimeters,0.28,kilograms,0.0115,cubic feet,Standard-Size,1.0,0.0,0.0115,2025-12,8.5,weeks,1.37,0.0,1.0,0.0115,0.0158,0.0,GBP,0.0158,Others,N,N,0.0,--,0.0
B06XXDNH1P,X002ASBMFZ,Dragon Shield ART11105 White (60) Matte Japanese Size Sleeves 60pk,'MME2',GB,9.4,6.8,2.7,centimeters,0.08,kilograms,0.0061,cubic feet,Standard-Size,0.26,0.0,0.0016,2025-12,8.5,weeks,1.37,0.0,0.26,0.0016,0.0022,0.0,GBP,0.0022,Others,N,N,0.0,--,0.0
B09445GL1C,X002BA017H,"Price's - Time for You Large Jar Candle - Sweet, Delicious Fragrance - Long Lasting Scent - Up to 100 Hour Burn Time - Ideal for All Occasions",'MME2',GB,23.2,16.6,11.9,centimeters,1.01,kilograms,0.1618,cubic feet,Standard-Size,1.0,0.0,0.1618,2025-12,8.5,weeks,1.37,0.0,1.0,0.1618,0.2217,0.0,GBP,0.2217,Others,N,N,0.0,--,0.0
B07F1MFWV1,X002BG3AK1,"Skinny Food Co Salted Caramel Zero Calorie Syrup 425ml - Sugar Free Salted Caramel Syrup For Snacks, Drinks & Desserts - Vegan, Gluten-free, Keto & Paleo Friendly Caramel Syrup - Salted Caramel Syrup",'MME2',GB,16.4,9.0,5.4,centimeters,0.47,kilograms,0.0281,cubic feet,Standard-Size,2.0,0.0,0.0563,2025-12,8.5,weeks,1.37,0.0,2.0,0.0563,0.0771,0.0,GBP,0.0771,Others,N,N,0.0,--,0.0
B0B2RBG672,X002BPWC29,"Salt of the Earth - Natural Deodorant Roll on Refill - x7 Uses - Amber & Sandalwood - 100% Natural Origin Ingredients - Vegan - Suitable for Men, Women & Children - 525ml",'MME2',GB,22.2,7.3,6.9,centimeters,0.56,kilograms,0.0395,cubic feet,Standard-Size,0.81,0.0,0.0318,2025-12,8.5,weeks,1.37,0.0,0.81,0.0318,0.0436,0.0,GBP,0.0436,Others,N,N,0.0,--,0.0
B07H2WXMDJ,X002C5IRB3,"Skinny Food Co Sugar Free Maple Syrup 425ml - Zero Calorie Syrup For Breakfast, Snacks, Drinks & Desserts - Vegan, Gluten-free, Keto & Paleo Friendly Maple Syrup - Sugar Free Maple Syrup UK",'MME2',GB,16.3,9.0,5.4,centimeters,0.47,kilograms,0.028,cubic feet,Standard-Size,2.0,0.0,0.056,2025-12,8.5,weeks,1.37,0.0,0.65,0.018,0.0767,0.0,GBP,0.0767,Others,N,N,0.0,--,0.0
B002BX8ZFG,X002DZYN47,"Fackelmann OPAL Pizza Wheel, Pizza Cutter & Slicer, Super Sharp Blade, Stainless Steel, 18.5x5x1.2cm, Silver",'MME2',GB,17.2,11.9,1.5,centimeters,0.07,kilograms,0.0108,cubic feet,Standard-Size,1.0,0.0,0.0108,2025-12,8.5,weeks,1.37,0.0,1.0,0.0108,0.0149,0.0,GBP,0.0149,Others,N,N,0.0,--,0.0
B0D3J9M2H8,X002E028OX,"OtterBox Symmetry Folio Case for iPad Air 13-Inch (2024 M2, 2025 M3), Shockproof, Drop proof, Slim Protective Folio Case, Tested to Military Standard, Black",'MME2',GB,31.6,22.4,1.8,centimeters,0.55,kilograms,0.045,cubic feet,Standard-Size,0.29,0.0,0.0131,2025-12,8.5,weeks,0.75,0.0,0.03,0.0015,0.0095,0.0,GBP,0.0095,shoes & bags,N,N,0.0,--,0.0
B0CN5KRVXB,X002F5S5VH,Yu-Gi-Oh Legendary Decks 2 2024 Unlimited Reprint,'MME2',GB,23.6,13.8,7.4,centimeters,0.43,kilograms,0.0851,cubic feet,Standard-Size,0.87,0.0,0.0686,2025-12,8.5,weeks,1.37,0.0,0.81,0.0686,0.094,0.0,GBP,0.094,Others,N,N,0.0,--,0.06
B08L3FB3G2,X002F5T589,Ultimate Guard Katana Sleeves Japanese Size Black (60),'MME2',GB,9.7,6.71,1.91,centimeters,0.07,kilograms,0.0044,cubic feet,Standard-Size,0.84,0.0,0.0037,2025-12,8.5,weeks,1.37,0.0,0.84,0.0037,0.005,0.0,GBP,0.005,Others,N,N,0.0,--,0.0
B07RZBBG14,X002F5VV0T,"Dragon Shield AT-13201 Standard Size Perfect Fit Sealable (100 Sleeves), clear",'MME2',GB,24.7,8.5,1.2,centimeters,0.08,kilograms,0.0089,cubic feet,Standard-Size,6.23,0.0,0.0554,2025-12,8.5,weeks,0.75,0.0,6.23,0.0554,0.0405,0.0,GBP,0.0405,shoes & bags,N,N,0.0,--,0.0
B096BPSDRZ,X001Y3YP9R,Ravensburger Bluey 35 Piece Jigsaw Puzzle for Kids Age 3 Years Up - Educational Toddler Toys,'NCL1',GB,27.4,19.1,3.4,centimeters,0.2,kilograms,0.0628,cubic feet,Standard-Size,0.29,0.0,0.0182,2025-12,8.5,weeks,1.37,0.0,0.29,0.0182,0.025,0.0,GBP,0.025,Others,N,N,0.0,--,0.0
B00WI8O0RG,X001YC1PPF,100 Ultra Pro Card Protector Sleeves: Pro-Matte - 66 x 91 mm,'NCL1',GB,14.2,11.6,1.8,centimeters,0.11,kilograms,0.0105,cubic feet,Standard-Size,1.0,0.0,0.0105,2025-12,8.5,weeks,1.37,0.0,1.0,0.0105,0.0143,0.0,GBP,0.0143,Others,N,N,0.0,--,0.0
B007R2ICTK,X002057DE7,"HG Stain Away 7, Removes Rust Stains from Clothing & Textiles, Concentrated Rusty Mark Remover for Surfaces & Tiles, Fabric & Natural Stone Safe – 50m (426005106)",'NCL1',GB,14.0,4.2,2.4,centimeters,0.06,kilograms,0.005,cubic feet,Standard-Size,28.13,0.0,0.14,2025-12,--,--,1.18,0.0,0.0,0.0,0.0,0.0,GBP,0.1645,Others,N,N,0.0,--,0.03
B07BC1CMDK,X00218D0YF,"Amtech V4075 P240 Hook and Loop Orbital Sanding Sheets, 10 Piece Set, 115mm Diameter Sanding Paper",'NCL1',GB,15.9,12.0,1.0,centimeters,0.06,kilograms,0.0067,cubic feet,Standard-Size,1.0,0.0,0.0067,2025-12,8.5,weeks,1.37,0.0,1.0,0.0067,0.0092,0.0,GBP,0.0092,Others,N,N,0.0,--,0.0
B01CKK8CU2,X0021K3PG1,5 Ultra Pro 130pt Magnetic One Touch Card Holders (5 Total) 81721 - Fits Cards Up to 130 Point in Thickness,'NCL1',GB,22.3,11.7,2.1,centimeters,0.32,kilograms,0.0193,cubic feet,Standard-Size,0.29,0.0,0.0056,2025-12,8.5,weeks,1.37,0.0,0.29,0.0056,0.0077,0.0,GBP,0.0077,Others,N,N,0.0,--,0.0
B001Q77TI2,X0021O4AW5,"Ultra Pro 81181 3"" x 4"" Clear Thick 55PT Toploaders (25ct)",'NCL1',GB,10.8,8.2,5.5,centimeters,0.2,kilograms,0.0172,cubic feet,Standard-Size,1.71,0.0,0.0261,2025-12,8.5,weeks,1.37,0.0,0.94,0.0161,0.0357,0.0,GBP,0.0357,Others,N,N,0.0,--,0.19
B07J9JGZZV,X0022RICEN,Plaque Glo Plaque Disclosing Toothpaste and Torch System (Tropical),'NCL1',GB,18.0,5.0,2.4,centimeters,0.04,kilograms,0.0076,cubic feet,Standard-Size,14.32,0.0,0.1075,2025-12,8.5,weeks,1.37,0.0,13.32,0.1016,0.1473,0.0,GBP,0.1473,Others,N,N,0.0,--,0.23
B0073TTHBY,X0022WK51L,Casio Gents 43.00mm Quartz Watch with Black Analogue dial and Black Rubber Strap Strap MRW-200H-1BVES,'NCL1',GB,9.4,9.2,6.4,centimeters,0.1,kilograms,0.0195,cubic feet,Standard-Size,6.0,0.0,0.1173,2025-12,8.5,weeks,1.37,0.0,5.68,0.111,0.1607,0.0,GBP,0.1607,Others,N,N,0.0,--,0.0
B002HY4YSQ,X0023ISNDV,Kitchen Devils Lifestyle Peeler Parer Knife 602001,'NCL1',GB,27.2,8.4,1.7,centimeters,0.06,kilograms,0.0137,cubic feet,Standard-Size,0.26,0.0,0.0031,2025-12,8.5,weeks,1.37,0.0,0.03,4.0E-4,0.0042,0.0,GBP,0.0042,Others,N,N,0.0,--,0.03
B0001P0DLU,X0023ISRE1,Loctite 319 Rear View Mirror Bonder 0.5ml,'NCL1',GB,16.5,9.6,1.3,centimeters,0.01,kilograms,0.0073,cubic feet,Standard-Size,3.0,0.0,0.0218,2025-12,--,--,1.18,0.0,0.0,0.0,0.0,0.0,GBP,0.0255,Others,N,N,0.0,--,0.0
B00D1V5FPU,X002471RE3,"Bosch 2608831003 ""SDS Plus-3"" Hammer Drill Bit, 0 V, Grey, 5 x 100 x 160 mm",'NCL1',GB,25.3,2.8,1.4,centimeters,0.04,kilograms,0.0035,cubic feet,Standard-Size,0.26,0.0,9.0E-4,2025-12,8.5,weeks,1.37,0.0,0.26,9.0E-4,0.0012,0.0,GBP,0.0012,Others,N,N,0.0,--,0.0
B08M52B4M5,X002595YRB,Moo Free Dairy Free Chocolate Buttons (25g),'NCL1',GB,12.0,8.7,1.4,centimeters,0.02,kilograms,0.0052,cubic feet,Standard-Size,13.65,0.0,0.0703,2025-12,8.5,weeks,1.37,0.0,13.61,0.0703,0.0963,0.0,GBP,0.0963,Others,N,N,0.0,--,0.03
B06XGSJS7N,X0025DTPH7,"Ultimate Guard UGD010696 Boulder Deck Case, 100 Plus, standard size, malachite",'NCL1',GB,14.19,8.0,7.59,centimeters,0.14,kilograms,0.0304,cubic feet,Standard-Size,3.13,0.0,0.0942,2025-12,8.5,weeks,1.37,0.0,3.1,0.0942,0.1291,0.0,GBP,0.1291,Others,N,N,0.0,--,0.03
B0001P15T4,X0025FSMDX,"Vitrex 10 2280 Grout Finisher, Blue",'NCL1',GB,16.9,6.9,0.7,centimeters,0.01,kilograms,0.0029,cubic feet,Standard-Size,1.81,0.0,0.0052,2025-12,8.5,weeks,1.37,0.0,1.81,0.0052,0.0071,0.0,GBP,0.0071,Others,N,N,0.0,--,0.0
B0073FT7FY,X0026L1SCN,TEPE INTERDENTAL Travel CASE,'NCL1',GB,11.1,9.5,1.9,centimeters,0.01,kilograms,0.0071,cubic feet,Standard-Size,46.03,0.0,0.3216,2025-12,8.5,weeks,1.37,0.0,21.19,0.15,0.4406,0.0,GBP,0.4406,Others,N,N,0.0,--,0.58
B00F4LA0K0,X0028A4KS1,"Chef Aid Cocktail Sticks, Pack of 200 Stick perfect for Buffets and Cocktails use, The Skewer design helps hold sweet and savoury foods, Each cocktails stick measures 8 cm",'NCL1',GB,14.6,8.9,1.4,centimeters,0.04,kilograms,0.0064,cubic feet,Standard-Size,1.0,0.0,0.0064,2025-12,8.5,weeks,1.37,0.0,1.0,0.0064,0.0088,0.0,GBP,0.0088,Others,N,N,0.0,--,0.0
B00000IU72,X0028LVUDD,"BRIO 33344 Mechanical Switches Wooden Train Track for Kids Age 3 Years Up - Compatible with all BRIO Railway Sets & Accessories, Multicoloured",'NCL1',GB,19.3,9.6,2.9,centimeters,0.16,kilograms,0.019,cubic feet,Standard-Size,1.0,0.0,0.019,2025-12,8.5,weeks,1.37,0.0,1.0,0.019,0.026,0.0,GBP,0.026,Others,N,N,0.0,--,0.0
B086ZD7MG6,X00293G0VR,Curaprox CPS 07 Prime Start Interdental Brush Set |Starter Set with 5 Brushes |2 Different Holders |Red | 0.7 mm Diameter |2.5 mm Effectiveness | Made in Switzerland,'NCL1',GB,15.0,6.0,1.4,centimeters,0.03,kilograms,0.0044,cubic feet,Standard-Size,1.61,0.0,0.0066,2025-12,8.5,weeks,1.37,0.0,1.42,0.0063,0.009,0.0,GBP,0.009,Others,N,N,0.0,--,0.13
B093FQYQJH,X00293I5FB,"Curaprox CS 12460 Velvet Soft Toothbrush – Sensitive Gum Care | Ultra-Gentle Cleaning with 12,460 Filaments | Single Pack, Random Color | Made in Switzerland",'NCL1',GB,22.4,5.9,2.4,centimeters,0.03,kilograms,0.0112,cubic feet,Standard-Size,0.19,0.0,0.0022,2025-12,8.5,weeks,1.37,0.0,0.0,0.0,0.003,0.0,GBP,0.003,Others,N,N,0.0,--,0.0
B00S9IXBVU,X00298HYM1,ProDec Combination Shavehook for Removing Paint and Varnish from Flat and Irregular Surfaces,'NCL1',GB,30.6,10.8,5.5,centimeters,0.15,kilograms,0.0642,cubic feet,Standard-Size,1.0,0.0,0.0642,2025-12,8.5,weeks,1.37,0.0,0.0,0.0,0.0879,0.0,GBP,0.0879,Others,N,N,0.0,--,0.0
B00BEUFYE2,X00298I7JF,"Tala Adjustable Cake Leveller, Stainless Steel Wire Cutter for Even Cake Layers, Multi-Height Settings for Cakes up to 25cm Wide, Perfect for Leveling & Decorating Sponges",'NCL1',GB,32.5,16.3,2.4,centimeters,0.08,kilograms,0.0449,cubic feet,Standard-Size,1.0,0.0,0.0449,2025-12,8.5,weeks,1.37,0.0,1.0,0.0449,0.0615,0.0,GBP,0.0615,Others,N,N,0.0,--,0.0
B001OXH0X2,X00298OQXB,"Solvite SLVTHRIFT Wallpaper & Border Paste, Set of 1",'NCL1',GB,21.7,10.8,2.6,centimeters,0.07,kilograms,0.0215,cubic feet,Standard-Size,1.0,0.0,0.0215,2025-12,8.5,weeks,1.37,0.0,1.0,0.0215,0.0295,0.0,GBP,0.0295,Others,N,N,0.0,--,0.0
B075XT2J8X,X0029FIBPX,Kingfisher Natural Toothpaste Charcoal Mint Fluoride-Free | Vegetarian & Vegan | Oral Health Foundation Approved | Gluten-Free & GM-Free | Ethical Consumer Best Buy | 1x100ml Tube,'NCL1',GB,19.2,4.8,3.9,centimeters,0.17,kilograms,0.0127,cubic feet,Standard-Size,1.87,0.0,0.0237,2025-12,8.5,weeks,1.37,0.0,1.87,0.0237,0.0325,0.0,GBP,0.0325,Others,N,N,0.0,--,0.0
9189143051,X0029FKV7J,Free League FLF-ALE014 ALIEN RPG Destroyer of Worlds Game,'NCL1',GB,28.9,23.0,2.7,centimeters,0.95,kilograms,0.0634,cubic feet,Standard-Size,0.29,0.0,0.0143,2025-12,8.5,weeks,1.37,0.0,0.16,0.0102,0.0196,0.0,GBP,0.0196,Others,N,N,0.0,--,0.06
B000Q351JG,X0029FM48D,Tisserand Aromatherapy - Jojoba Organic Carrier Oil - Face and Body Blending Oil - 100% Natural and Pure Carrier Oil for Essential Oils Mixing,'NCL1',GB,11.2,3.9,3.6,centimeters,0.1,kilograms,0.0056,cubic feet,Standard-Size,0.39,0.0,0.0016,2025-12,8.5,weeks,1.37,0.0,0.29,0.0016,0.0022,0.0,GBP,0.0022,Others,N,N,0.0,--,0.1
B08WPCW7TH,X0029FM4IN,"Moo Free White Chocolate Bars - Dairy Free, Gluten Free & Vegan (20g)",'NCL1',GB,14.0,4.0,0.5,centimeters,0.02,kilograms,0.001,cubic feet,Standard-Size,2.0,0.0,0.002,2025-12,8.5,weeks,1.37,0.0,2.0,0.002,0.0027,0.0,GBP,0.0027,Others,N,N,0.0,--,0.0
B07BLX7YG9,X0029NC4AD,"Lexibook PAW Patrol Helper on Four Paws Chase LED Night Light for Kids, Color Changing, Soft Light, Batteries, Plastic, Blue/Beige, NLJ001PA1, Multicolor, 13, Colour Change",'NCL1',GB,14.4,10.2,9.7,centimeters,0.13,kilograms,0.0503,cubic feet,Standard-Size,0.45,0.0,0.0211,2025-12,8.5,weeks,1.37,0.0,0.42,0.0211,0.0289,0.0,GBP,0.0289,Others,N,N,0.0,--,0.03
B0C9LJNJWZ,X0029NJZVJ,"LEXIBOOK, Barbie, Educational and Bilingual Laptop in English/French, Toy for children with 124 activities to learn, play games and music, Pink, JC598BBi1",'NCL1',GB,34.7,27.3,5.6,centimeters,0.82,kilograms,0.1873,cubic feet,Standard-Size,3.0,0.0,0.562,2025-12,8.5,weeks,1.37,0.0,3.0,0.562,0.7659,0.0,GBP,0.7659,Others,N,N,0.0,--,0.0
B01JL0WRI2,X002AQ6CZ7,"Beanies Instant Coffee Flavoured 50g, Freeze-Dried Granules, Quick & Easy to Brew, Nut-Free, Premium Taste,Rich in Flavour, Low-Calorie, Sugar-Free (50g, Cookie dough)",'NCL1',GB,21.7,9.7,7.8,centimeters,0.23,kilograms,0.058,cubic feet,Standard-Size,0.06,0.0,0.0037,2025-12,8.5,weeks,1.37,0.0,0.06,0.0037,0.0051,0.0,GBP,0.0051,Others,N,N,0.0,--,0.0
B086MBW9R9,X002B1NKXX,"The Army Painter Lowland Shrubs, 77 Self Adhesive Static Grass Tufts in 3 Sizes, for Model Bases, Terrain Scenics, Miniature Bases and Diorama Base, Green Grass Tufts for Gaming Bases",'NCL1',GB,21.0,7.8,1.8,centimeters,0.02,kilograms,0.0104,cubic feet,Standard-Size,0.23,0.0,0.0024,2025-12,8.5,weeks,1.37,0.0,0.23,0.0024,0.0032,0.0,GBP,0.0032,Others,N,N,0.0,--,0.0
B09445GL1C,X002BA017H,"Price's - Time for You Large Jar Candle - Sweet, Delicious Fragrance - Long Lasting Scent - Up to 100 Hour Burn Time - Ideal for All Occasions",'NCL1',GB,23.2,16.6,11.9,centimeters,1.01,kilograms,0.1618,cubic feet,Standard-Size,2.0,0.0,0.3237,2025-12,8.5,weeks,1.37,0.0,2.0,0.3237,0.4435,0.0,GBP,0.4435,Others,N,N,0.0,--,0.0
B07H2WXMDJ,X002C5IRB3,"Skinny Food Co Sugar Free Maple Syrup 425ml - Zero Calorie Syrup For Breakfast, Snacks, Drinks & Desserts - Vegan, Gluten-free, Keto & Paleo Friendly Maple Syrup - Sugar Free Maple Syrup UK",'NCL1',GB,16.3,9.0,5.4,centimeters,0.47,kilograms,0.028,cubic feet,Standard-Size,5.0,0.0,0.1399,2025-12,8.5,weeks,1.37,0.0,1.61,0.0451,0.1916,0.0,GBP,0.1916,Others,N,N,0.0,--,0.0
B08CHKHTWX,X002EPBTD9,"Max Factor Facefinity Matte Bronzer, 001 Light Bronze",'NCL1',GB,6.8,6.7,1.2,centimeters,0.04,kilograms,0.0019,cubic feet,Standard-Size,6.19,0.0,0.012,2025-12,8.5,weeks,1.37,0.0,6.19,0.012,0.0164,0.0,GBP,0.0164,Others,N,N,0.0,--,0.0
B0CN5KRVXB,X002F5S5VH,Yu-Gi-Oh Legendary Decks 2 2024 Unlimited Reprint,'NCL1',GB,23.6,13.8,7.4,centimeters,0.43,kilograms,0.0851,cubic feet,Standard-Size,0.87,0.0,0.0686,2025-12,8.5,weeks,1.37,0.0,0.81,0.0686,0.094,0.0,GBP,0.094,Others,N,N,0.0,--,0.06
B07RZBBG14,X002F5VV0T,"Dragon Shield AT-13201 Standard Size Perfect Fit Sealable (100 Sleeves), clear",'NCL1',GB,24.7,8.5,1.2,centimeters,0.08,kilograms,0.0089,cubic feet,Standard-Size,8.0,0.0,0.0712,2025-12,8.5,weeks,0.75,0.0,8.0,0.0712,0.05,0.0,GBP,0.05,shoes & bags,N,N,0.0,--,0.0
B00WI8O0RG,X001YC1PPF,100 Ultra Pro Card Protector Sleeves: Pro-Matte - 66 x 91 mm,'NCL2',GB,14.2,11.6,1.8,centimeters,0.11,kilograms,0.0105,cubic feet,Standard-Size,0.81,0.0,0.0078,2025-12,8.5,weeks,1.37,0.0,0.74,0.0078,0.0106,0.0,GBP,0.0106,Others,N,N,0.0,--,0.06
B000PSB13C,X00201ZDE3,Marshalltown The Premier Line GB692 12-Inch by 24-Inch Vinyl Grout Bag with Metal Tip,'NCL2',GB,29.5,21.3,3.6,centimeters,0.17,kilograms,0.0799,cubic feet,Standard-Size,59.0,0.0,4.7131,2025-12,8.5,weeks,1.37,0.0,59.0,4.7131,6.4536,0.0,GBP,6.4536,Others,N,N,0.0,--,0.0
B007R2ICTK,X002057DE7,"HG Stain Away 7, Removes Rust Stains from Clothing & Textiles, Concentrated Rusty Mark Remover for Surfaces & Tiles, Fabric & Natural Stone Safe – 50m (426005106)",'NCL2',GB,14.0,4.2,2.4,centimeters,0.06,kilograms,0.005,cubic feet,Standard-Size,195.19,0.0,0.972,2025-12,--,--,1.18,0.0,0.0,0.0,0.0,0.0,GBP,1.1514,Others,N,N,0.0,--,0.16
B000FPU2SK,X0020N76XR,"Kitchen Devils S8602000 Lifestyle Vegetable Knife, 1 cm",'NCL2',GB,27.4,8.5,1.7,centimeters,0.05,kilograms,0.014,cubic feet,Standard-Size,16.45,0.0,0.2291,2025-12,8.5,weeks,1.37,0.0,16.39,0.2291,0.3139,0.0,GBP,0.3139,Others,N,N,0.0,--,0.06
B07BC1CMDK,X00218D0YF,"Amtech V4075 P240 Hook and Loop Orbital Sanding Sheets, 10 Piece Set, 115mm Diameter Sanding Paper",'NCL2',GB,15.9,12.0,1.0,centimeters,0.06,kilograms,0.0067,cubic feet,Standard-Size,1.0,0.0,0.0067,2025-12,8.5,weeks,1.37,0.0,1.0,0.0067,0.0092,0.0,GBP,0.0092,Others,N,N,0.0,--,0.0
B010E25DI2,X0021K11U3,100 Ultra Pro Card Protector Sleeves: Pro-Matte - 66 x 91 mm,'NCL2',GB,18.3,11.6,1.6,centimeters,0.11,kilograms,0.012,cubic feet,Standard-Size,0.81,0.0,0.0097,2025-12,8.5,weeks,1.37,0.0,0.74,0.0089,0.0133,0.0,GBP,0.0133,Others,N,N,0.0,--,0.0
B01CKK8CU2,X0021K3PG1,5 Ultra Pro 130pt Magnetic One Touch Card Holders (5 Total) 81721 - Fits Cards Up to 130 Point in Thickness,'NCL2',GB,22.3,11.7,2.1,centimeters,0.32,kilograms,0.0193,cubic feet,Standard-Size,4.48,0.0,0.0868,2025-12,8.5,weeks,1.37,0.0,4.48,0.0868,0.1189,0.0,GBP,0.1189,Others,N,N,0.0,--,0.0
B07J9JGZZV,X0022RICEN,Plaque Glo Plaque Disclosing Toothpaste and Torch System (Tropical),'NCL2',GB,18.0,5.0,2.4,centimeters,0.04,kilograms,0.0076,cubic feet,Standard-Size,0.45,0.0,0.0034,2025-12,8.5,weeks,1.37,0.0,0.23,0.0017,0.0047,0.0,GBP,0.0047,Others,N,N,0.0,--,0.0
B0073TTHBY,X0022WK51L,Casio Gents 43.00mm Quartz Watch with Black Analogue dial and Black Rubber Strap Strap MRW-200H-1BVES,'NCL2',GB,9.4,9.2,6.4,centimeters,0.1,kilograms,0.0195,cubic feet,Standard-Size,0.13,0.0,0.0025,2025-12,8.5,weeks,1.37,0.0,0.0,0.0,0.0035,0.0,GBP,0.0035,Others,N,N,0.0,--,0.0
B002HY4YSQ,X0023ISNDV,Kitchen Devils Lifestyle Peeler Parer Knife 602001,'NCL2',GB,27.2,8.4,1.7,centimeters,0.06,kilograms,0.0137,cubic feet,Standard-Size,0.16,0.0,0.0022,2025-12,8.5,weeks,1.37,0.0,0.0,0.0,0.003,0.0,GBP,0.003,Others,N,N,0.0,--,0.0
B0001P0DLU,X0023ISRE1,Loctite 319 Rear View Mirror Bonder 0.5ml,'NCL2',GB,16.5,9.6,1.3,centimeters,0.01,kilograms,0.0073,cubic feet,Standard-Size,1.0,0.0,0.0073,2025-12,--,--,1.18,0.0,0.0,0.0,0.0,0.0,GBP,0.0086,Others,N,N,0.0,--,0.0
B0009JJZ8A,X00246VCUN,"Fackelmann Sieve 15cm⌀, Strainer, Fine Mesh, Stainless Steel, 15x20x32.5cm, Silver",'NCL2',GB,33.1,15.2,6.3,centimeters,0.14,kilograms,0.1119,cubic feet,Standard-Size,5.61,0.0,0.6247,2025-12,8.5,weeks,1.37,0.0,5.58,0.6247,0.8558,0.0,GBP,0.8558,Others,N,N,0.0,--,0.03
B00D1V5FPU,X002471RE3,"Bosch 2608831003 ""SDS Plus-3"" Hammer Drill Bit, 0 V, Grey, 5 x 100 x 160 mm",'NCL2',GB,25.3,2.8,1.4,centimeters,0.04,kilograms,0.0035,cubic feet,Standard-Size,1.0,0.0,0.0035,2025-12,8.5,weeks,1.37,0.0,1.0,0.0035,0.0048,0.0,GBP,0.0048,Others,N,N,0.0,--,0.0
B08M52B4M5,X002595YRB,Moo Free Dairy Free Chocolate Buttons (25g),'NCL2',GB,12.0,8.7,1.4,centimeters,0.02,kilograms,0.0052,cubic feet,Standard-Size,17.58,0.0,0.0906,2025-12,8.5,weeks,1.37,0.0,17.55,0.0906,0.1241,0.0,GBP,0.1241,Others,N,N,0.0,--,0.03
B07W45L22P,X0025E26D1,Funko POP! Star Wars: the Mandalorian - Big Tom - Heavy Infantry Mandalorian - Collectable Vinyl Figure - Gift Idea - Official Merchandise - Toys for Kids & Adults - TV Fans,'NCL2',GB,16.1,11.91,8.99,centimeters,0.17,kilograms,0.0609,cubic feet,Standard-Size,0.65,0.0,0.0373,2025-12,8.5,weeks,1.37,0.0,0.61,0.0373,0.0511,0.0,GBP,0.0511,Others,N,N,0.0,--,0.03
B0001P15T4,X0025FSMDX,"Vitrex 10 2280 Grout Finisher, Blue",'NCL2',GB,16.9,6.9,0.7,centimeters,0.01,kilograms,0.0029,cubic feet,Standard-Size,11.35,0.0,0.0327,2025-12,8.5,weeks,1.37,0.0,11.35,0.0327,0.0448,0.0,GBP,0.0448,Others,N,N,0.0,--,0.0
B00F4LA0K0,X0028A4KS1,"Chef Aid Cocktail Sticks, Pack of 200 Stick perfect for Buffets and Cocktails use, The Skewer design helps hold sweet and savoury foods, Each cocktails stick measures 8 cm",'NCL2',GB,14.6,8.9,1.4,centimeters,0.04,kilograms,0.0064,cubic feet,Standard-Size,1.0,0.0,0.0064,2025-12,8.5,weeks,1.37,0.0,1.0,0.0064,0.0088,0.0,GBP,0.0088,Others,N,N,0.0,--,0.0
B00LXM3PGK,X0028A4SUV,SupaDec Sugar Soap 500ml,'NCL2',GB,22.9,9.5,5.4,centimeters,0.56,kilograms,0.0415,cubic feet,Standard-Size,2.0,0.0,0.083,2025-12,8.5,weeks,1.37,0.0,2.0,0.083,0.1137,0.0,GBP,0.1137,Others,N,N,0.0,--,0.0
B093FQYQJH,X00293I5FB,"Curaprox CS 12460 Velvet Soft Toothbrush – Sensitive Gum Care | Ultra-Gentle Cleaning with 12,460 Filaments | Single Pack, Random Color | Made in Switzerland",'NCL2',GB,22.4,5.9,2.4,centimeters,0.03,kilograms,0.0112,cubic feet,Standard-Size,0.1,0.0,0.0011,2025-12,8.5,weeks,1.37,0.0,0.0,0.0,0.0015,0.0,GBP,0.0015,Others,N,N,0.0,--,0.0
B001OXH0X2,X00298OQXB,"Solvite SLVTHRIFT Wallpaper & Border Paste, Set of 1",'NCL2',GB,21.7,10.8,2.6,centimeters,0.07,kilograms,0.0215,cubic feet,Standard-Size,5.0,0.0,0.1076,2025-12,8.5,weeks,1.37,0.0,5.0,0.1076,0.1474,0.0,GBP,0.1474,Others,N,N,0.0,--,0.0
9188805646,X0029FM6EP,"Free League Publishing MÖRK Borg (Fantasy OSR RPG, Hardback, Full Color",'NCL2',GB,21.7,15.6,1.4,centimeters,0.39,kilograms,0.0167,cubic feet,Standard-Size,0.48,0.0,0.007,2025-12,8.5,weeks,1.37,0.0,0.16,0.0027,0.0096,0.0,GBP,0.0096,Others,N,N,0.0,--,0.06
B0C9LJNJWZ,X0029NJZVJ,"LEXIBOOK, Barbie, Educational and Bilingual Laptop in English/French, Toy for children with 124 activities to learn, play games and music, Pink, JC598BBi1",'NCL2',GB,34.7,27.3,5.6,centimeters,0.82,kilograms,0.1873,cubic feet,Standard-Size,1.0,0.0,0.1873,2025-12,8.5,weeks,1.37,0.0,1.0,0.1873,0.2567,0.0,GBP,0.2567,Others,N,N,0.0,--,0.0
B001ET78RY,X002AQ0W1H,Avalon Organics Rosemary Volumizing Conditioner 325ml Pack of 3,'NCL2',GB,22.9,21.1,6.6,centimeters,1.03,kilograms,0.1126,cubic feet,Standard-Size,1.0,0.0,0.1126,2025-12,8.5,weeks,1.37,0.0,1.0,0.1126,0.1543,0.0,GBP,0.1543,Others,N,N,0.0,--,0.0
B0897VHKW6,X002AQ3LX3,Hilltop Maple Syrup - Very Dark Late Harvest - Squeezy Bottle - 230g,'NCL2',GB,12.0,6.8,4.0,centimeters,0.28,kilograms,0.0115,cubic feet,Standard-Size,1.0,0.0,0.0115,2025-12,8.5,weeks,1.37,0.0,1.0,0.0115,0.0158,0.0,GBP,0.0158,Others,N,N,0.0,--,0.0
B01JL0WRI2,X002AQ6CZ7,"Beanies Instant Coffee Flavoured 50g, Freeze-Dried Granules, Quick & Easy to Brew, Nut-Free, Premium Taste,Rich in Flavour, Low-Calorie, Sugar-Free (50g, Cookie dough)",'NCL2',GB,21.7,9.7,7.8,centimeters,0.23,kilograms,0.058,cubic feet,Standard-Size,1.48,0.0,0.086,2025-12,8.5,weeks,1.37,0.0,1.48,0.086,0.1179,0.0,GBP,0.1179,Others,N,N,0.0,--,0.0
B0CG234KW1,X002B7TIKL,Snackles Small Sized 14 cm by ZURU Cuddly Squishy Comfort Plush with License Snack Brand Accessory (Random Assortment),'NCL2',GB,23.1,16.7,12.0,centimeters,0.2,kilograms,0.1635,cubic feet,Standard-Size,5.52,0.0,0.9018,2025-12,8.5,weeks,1.37,0.0,5.52,0.9018,1.2354,0.0,GBP,1.2354,Others,N,N,0.0,--,0.0
B0B2RBG672,X002BPWC29,"Salt of the Earth - Natural Deodorant Roll on Refill - x7 Uses - Amber & Sandalwood - 100% Natural Origin Ingredients - Vegan - Suitable for Men, Women & Children - 525ml",'NCL2',GB,22.2,7.3,6.9,centimeters,0.56,kilograms,0.0395,cubic feet,Standard-Size,0.23,0.0,0.0089,2025-12,8.5,weeks,1.37,0.0,0.23,0.0089,0.0122,0.0,GBP,0.0122,Others,N,N,0.0,--,0.0
B07H2WXMDJ,X002C5IRB3,"Skinny Food Co Sugar Free Maple Syrup 425ml - Zero Calorie Syrup For Breakfast, Snacks, Drinks & Desserts - Vegan, Gluten-free, Keto & Paleo Friendly Maple Syrup - Sugar Free Maple Syrup UK",'NCL2',GB,16.3,9.0,5.4,centimeters,0.47,kilograms,0.028,cubic feet,Standard-Size,1.0,0.0,0.028,2025-12,8.5,weeks,1.37,0.0,0.32,0.009,0.0383,0.0,GBP,0.0383,Others,N,N,0.0,--,0.0
B0012B80HG,X002CJPDFR,"Kitchen Devils S8602003 Lifestyle Kitchen Knife, Black, 30x8.5x2 cm",'NCL2',GB,28.1,7.4,1.7,centimeters,0.05,kilograms,0.0125,cubic feet,Standard-Size,1.0,0.0,0.0125,2025-12,8.5,weeks,1.37,0.0,1.0,0.0125,0.0171,0.0,GBP,0.0171,Others,N,N,0.0,--,0.0
B07RZBBG14,X002F5VV0T,"Dragon Shield AT-13201 Standard Size Perfect Fit Sealable (100 Sleeves), clear",'NCL2',GB,24.7,8.5,1.2,centimeters,0.08,kilograms,0.0089,cubic feet,Standard-Size,2.42,0.0,0.0215,2025-12,8.5,weeks,0.75,0.0,2.42,0.0215,0.02,0.0,GBP,0.02,shoes & bags,N,N,0.0,--,0.0
B0073FT7FY,X0026L1SCN,TEPE INTERDENTAL Travel CASE,'XBH6',GB,11.1,9.5,1.9,centimeters,0.01,kilograms,0.0071,cubic feet,Standard-Size,19.61,0.0,0.1388,2025-12,8.5,weeks,1.37,0.0,0.0,0.0,0.1901,0.0,GBP,0.1901,Others,N,N,0.0,--,0.0
B0CN5KRVXB,X002F5S5VH,Yu-Gi-Oh Legendary Decks 2 2024 Unlimited Reprint,'XBH6',GB,23.6,13.8,7.4,centimeters,0.43,kilograms,0.0851,cubic feet,Standard-Size,14.0,0.0,1.1915,2025-12,8.5,weeks,1.37,0.0,14.0,1.1915,1.6299,0.0,GBP,1.6299,Others,N,N,0.0,--,0.0
B08KFFY86W,X00208SK8H,"TePe EasyPick Toothpicks, Purple, ISO XL, 36pcs, Plaque Remover, efficient Clean Between The Teeth, Durable Dental Picks for Wide Gaps, Travel case Included",'XLH3',GB,15.7,7.6,1.4,centimeters,0.03,kilograms,0.0059,cubic feet,Standard-Size,24.0,0.0,0.1416,2025-12,8.5,weeks,1.37,0.0,0.0,0.0,0.194,0.0,GBP,0.194,Others,N,N,0.0,--,0.0
B0073FT7FY,X0026L1SCN,TEPE INTERDENTAL Travel CASE,'XLH3',GB,11.1,9.5,1.9,centimeters,0.01,kilograms,0.0071,cubic feet,Standard-Size,216.1,0.0,1.529,2025-12,8.5,weeks,1.37,0.0,36.61,0.2591,2.096,0.0,GBP,2.096,Others,N,N,0.0,--,0.0
B08KFFY86W,X00208SK8H,"TePe EasyPick Toothpicks, Purple, ISO XL, 36pcs, Plaque Remover, efficient Clean Between The Teeth, Durable Dental Picks for Wide Gaps, Travel case Included",'XLH4',GB,15.7,7.6,1.4,centimeters,0.03,kilograms,0.0059,cubic feet,Standard-Size,102.48,0.0,0.6046,2025-12,8.5,weeks,1.37,0.0,0.0,0.0,0.8283,0.0,GBP,0.8283,Others,N,N,0.0,--,0.0
B0073FT7FY,X0026L1SCN,TEPE INTERDENTAL Travel CASE,'XLH4',GB,11.1,9.5,1.9,centimeters,0.01,kilograms,0.0071,cubic feet,Standard-Size,67.06,0.0,0.4745,2025-12,8.5,weeks,1.37,0.0,0.0,0.0,0.6501,0.0,GBP,0.6501,Others,N,N,0.0,--,0.0
B0CN5KRVXB,X002F5S5VH,Yu-Gi-Oh Legendary Decks 2 2024 Unlimited Reprint,'XLH4',GB,23.6,13.8,7.4,centimeters,0.43,kilograms,0.0851,cubic feet,Standard-Size,31.0,0.0,2.6384,2025-12,8.5,weeks,1.37,0.0,31.0,2.6384,3.6116,0.0,GBP,3.6116,Others,N,N,0.0,--,0.0
B011SEA38A,X00200KRQD,Everbuild 2 X CYN50 Industrial Superglue General Purpose 50 g,'XLP1',GB,13.4,11.2,5.4,centimeters,0.12,kilograms,0.0286,cubic feet,Standard-Size,10.55,0.0,0.301,2025-12,--,--,1.18,0.0,0.0,0.0,0.0,0.0,GBP,0.3554,Others,N,N,0.0,--,0.03
B06WW79DX5,X0024FWWTJ,3 X Everbuild CYN20 20g General Purpose Industrial Superglue,'XLP1',GB,10.4,10.2,2.4,centimeters,0.06,kilograms,0.009,cubic feet,Standard-Size,2.32,0.0,0.0209,2025-12,--,--,1.18,0.0,0.0,0.0,0.0,0.0,GBP,0.0246,Others,N,N,0.0,--,0.0
B08MVGD2ND,X002EE4EKP,"Cameleo - Permanent Hair Colour Cream - Copper Brown - Intensive Color & Protection - 5 Oils + Omega Plus Acids - Professional, Luxurious Hair Dye - Full Kit",'XLP1',GB,17.3,8.2,5.4,centimeters,0.17,kilograms,0.0271,cubic feet,Standard-Size,20.55,0.0,0.5524,2025-12,--,--,1.18,0.0,0.0,0.0,0.0,0.0,GBP,0.6518,Others,N,N,0.0,--,0.13
B08MVG9QZW,X002EE53Y1,"Cameleo - Permanent Hair Colour Cream - Dark Mahogany - Intensive Color & Protection - 5 Oils + Omega Plus Acids - Professional, Luxurious Hair Dye - Full Kit",'XLP1',GB,17.4,8.4,5.2,centimeters,0.17,kilograms,0.0268,cubic feet,Standard-Size,39.0,0.0,1.0468,2025-12,--,--,1.18,0.0,0.0,0.0,0.0,0.0,GBP,1.2382,Others,N,N,0.0,--,0.0
B00NWI5RT6,X001ULEECV,Am-Tech S8003 9 LED Glow in the Dark Taschenlampe ? Mehrfarbig,'PRG2',DE,12.7,9.4,6.7,centimeters,0.07,kilograms,8.0E-4,cubic meters,Standard-Size,1.0,0.0,8.0E-4,2025-12,>52,weeks,47.45,0.0,1.0,8.0E-4,0.04,0.0,EUR,0.04,Others,N,N,0.0,--,0.0
B001Q77TI2,X0021O4AW5,Ultra Pro Stecker 3 x 4-Zoll toploaders Dick klar Regular Kartenspiel (25-teilig),'WRO2',DE,10.8,8.2,5.5,centimeters,0.2,kilograms,5.0E-4,cubic meters,Standard-Size,1.0,0.0,5.0E-4,2025-12,>52,weeks,47.45,0.0,1.0,5.0E-4,0.02,0.0,EUR,0.02,Others,N,N,0.0,--,0.0
B07V6TVSFL,X0020MVDR3,"Max Factor Lash Revival Mascara 001 Black, 11 ml",'XFR4',DE,12.6,2.0,2.0,centimeters,0.02,kilograms,1.0E-4,cubic meters,Standard-Size,1.0,0.0,1.0E-4,2025-12,>52,weeks,47.45,0.0,1.0,1.0E-4,0.0,0.0,EUR,0.0,Others,N,N,0.0,--,0.0
B0CTD6Q6KY,X002AFI3HN,"McFarlane DC Multiverse 7"" Scale Vehicles - Tumbler with Lucius Fox (The Dark Knight) Gold Label, Includes Action Figure and Accessories",'BHX2',GB,48.6,27.8,17.6,centimeters,2.38,kilograms,0.8397,cubic feet,Oversize,4.0,0.0,3.359,2025-12,63.3,weeks,0.79,0.0,4.0,3.359,2.65,0.0,GBP,2.65,Others,N,N,0.0,--,0.0
B006PFN3BW,X001XQKWXX,Everbuild Industrial Grade Superglue GP 50 g Pack of 3,'BHX3',GB,14.3,12.1,4.0,centimeters,0.18,kilograms,0.0244,cubic feet,Standard-Size,81.65,0.0,1.9459,2025-12,--,--,1.18,0.0,0.0,0.0,0.0,0.0,GBP,2.2984,Others,N,N,0.0,--,2.03
B07SLLYRSP,X001XRRDUH,"3 PCS EVERBUILD INDUSTRIAL GRADE SUPER GLUE HV HIGH VISCOSITY BONDS PVC, METAL, MDF, ALUMINIUM, CERAMICS, RUBBER ETC. 20G EACH",'BHX3',GB,9.4,8.7,3.3,centimeters,0.09,kilograms,0.0095,cubic feet,Standard-Size,21.0,0.0,0.1986,2025-12,--,--,1.18,0.0,0.0,0.0,0.0,0.0,GBP,0.2344,Others,N,N,0.0,--,0.16
B07QQDMJ6M,X001ZK4BVL,The Army Painter | Hobby: Super Glue,'BHX3',GB,11.1,8.7,2.0,centimeters,0.03,kilograms,0.0068,cubic feet,Standard-Size,195.74,0.0,1.3289,2025-12,--,--,1.18,0.0,0.0,0.0,0.0,0.0,GBP,1.5681,Others,N,N,0.0,--,0.9
B07J9JGZZV,X0022RICEN,Plaque Glo Plaque Disclosing Toothpaste and Torch System (Tropical),'BHX3',GB,18.0,5.0,2.4,centimeters,0.04,kilograms,0.0076,cubic feet,Standard-Size,3.19,0.0,0.0244,2025-12,8.5,weeks,1.37,0.0,3.19,0.0244,0.0336,0.0,GBP,0.0336,Others,N,N,0.0,--,0.0
B06WW79DX5,X0024FWWTJ,3 X Everbuild CYN20 20g General Purpose Industrial Superglue,'BHX3',GB,10.4,10.2,2.4,centimeters,0.06,kilograms,0.009,cubic feet,Standard-Size,205.0,0.0,1.7196,2025-12,--,--,1.18,0.0,0.0,0.0,0.0,0.0,GBP,2.0291,Others,N,N,0.0,--,14.42
B06XGSJS7N,X0025DTPH7,"Ultimate Guard UGD010696 Boulder Deck Case, 100 Plus, standard size, malachite",'BHX3',GB,14.19,8.0,7.59,centimeters,0.14,kilograms,0.0304,cubic feet,Standard-Size,1.0,0.0,0.0304,2025-12,8.5,weeks,1.37,0.0,1.0,0.0304,0.042,0.0,GBP,0.042,Others,N,N,0.0,--,0.0
B00F4LA0K0,X0028A4KS1,"Chef Aid Cocktail Sticks, Pack of 200 Stick perfect for Buffets and Cocktails use, The Skewer design helps hold sweet and savoury foods, Each cocktails stick measures 8 cm",'BHX3',GB,14.6,8.9,1.4,centimeters,0.04,kilograms,0.0064,cubic feet,Standard-Size,1.0,0.0,0.0064,2025-12,8.5,weeks,1.37,0.0,1.0,0.0064,0.0089,0.0,GBP,0.0089,Others,N,N,0.0,--,0.0
B086ZD7MG6,X00293G0VR,Curaprox CPS 07 Prime Start Interdental Brush Set |Starter Set with 5 Brushes |2 Different Holders |Red | 0.7 mm Diameter |2.5 mm Effectiveness | Made in Switzerland,'BHX3',GB,15.0,6.0,1.4,centimeters,0.03,kilograms,0.0044,cubic feet,Standard-Size,1.26,0.0,0.0056,2025-12,8.5,weeks,1.37,0.0,1.26,0.0056,0.0077,0.0,GBP,0.0077,Others,N,N,0.0,--,0.0
B001OXH0X2,X00298OQXB,"Solvite SLVTHRIFT Wallpaper & Border Paste, Set of 1",'BHX3',GB,21.7,10.8,2.6,centimeters,0.07,kilograms,0.0215,cubic feet,Standard-Size,5.0,0.0,0.1076,2025-12,8.5,weeks,1.37,0.0,5.0,0.1076,0.1478,0.0,GBP,0.1478,Others,N,N,0.0,--,0.0
9188805646,X0029FM6EP,"Free League Publishing MÖRK Borg (Fantasy OSR RPG, Hardback, Full Color",'BHX3',GB,21.7,15.6,1.4,centimeters,0.39,kilograms,0.0167,cubic feet,Standard-Size,0.48,0.0,0.0076,2025-12,8.5,weeks,1.37,0.0,0.39,0.0065,0.0104,0.0,GBP,0.0104,Others,N,N,0.0,--,0.03
B06XXDNH1P,X002ASBMFZ,Dragon Shield ART11105 White (60) Matte Japanese Size Sleeves 60pk,'BHX3',GB,9.4,6.8,2.7,centimeters,0.08,kilograms,0.0061,cubic feet,Standard-Size,9.06,0.0,0.0552,2025-12,8.5,weeks,1.37,0.0,9.06,0.0552,0.0762,0.0,GBP,0.0762,Others,N,N,0.0,--,0.0
B086MBW9R9,X002B1NKXX,"The Army Painter Lowland Shrubs, 77 Self Adhesive Static Grass Tufts in 3 Sizes, for Model Bases, Terrain Scenics, Miniature Bases and Diorama Base, Green Grass Tufts for Gaming Bases",'BHX3',GB,21.0,7.8,1.8,centimeters,0.02,kilograms,0.0104,cubic feet,Standard-Size,0.35,0.0,0.0034,2025-12,8.5,weeks,1.37,0.0,0.32,0.0034,0.0046,0.0,GBP,0.0046,Others,N,N,0.0,--,0.03
B08CHKHTWX,X002EPBTD9,"Max Factor Facefinity Matte Bronzer, 001 Light Bronze",'BHX3',GB,6.8,6.7,1.2,centimeters,0.04,kilograms,0.0019,cubic feet,Standard-Size,7.0,0.0,0.0135,2025-12,8.5,weeks,1.37,0.0,7.0,0.0135,0.0187,0.0,GBP,0.0187,Others,N,N,0.0,--,0.0
B07RZBBG14,X002F5VV0T,"Dragon Shield AT-13201 Standard Size Perfect Fit Sealable (100 Sleeves), clear",'BHX3',GB,24.7,8.5,1.2,centimeters,0.08,kilograms,0.0089,cubic feet,Standard-Size,3.0,0.0,0.0267,2025-12,8.5,weeks,0.75,0.0,3.0,0.0267,0.02,0.0,GBP,0.02,shoes & bags,N,N,0.0,--,0.0
B0D3JC45CK,X00245PSXV,"OtterBox Symmetry Folio Case for iPad Pro 11"" (M5/M4), Shockproof, Drop proof, Slim Protective Folio Case, Tested to Military Standard, Black",'BHX4',GB,28.4,18.7,1.5,centimeters,0.37,kilograms,0.0281,cubic feet,Standard-Size,0.06,0.0,0.0018,2025-12,8.5,weeks,0.75,0.0,0.0,0.0,0.002,0.0,GBP,0.002,shoes & bags,N,N,0.0,--,0.0
B07T9WVBZ2,X0028TKVZ3,Curaprox PerioPlus+ Focus Gel – Targeted Gum Care | Supports Healing with CHX and Hyaluronic Acid | 10 ml Tube | Designed in Switzerland,'BHX4',GB,9.2,2.9,2.2,centimeters,0.02,kilograms,0.0021,cubic feet,Standard-Size,0.06,0.0,1.0E-4,2025-12,8.5,weeks,1.37,0.0,0.0,0.0,2.0E-4,0.0,GBP,2.0E-4,Others,N,N,0.0,--,0.0
B086ZD7MG6,X00293G0VR,Curaprox CPS 07 Prime Start Interdental Brush Set |Starter Set with 5 Brushes |2 Different Holders |Red | 0.7 mm Diameter |2.5 mm Effectiveness | Made in Switzerland,'BHX4',GB,15.0,6.0,1.4,centimeters,0.03,kilograms,0.0044,cubic feet,Standard-Size,0.32,0.0,0.0014,2025-12,8.5,weeks,1.37,0.0,0.32,0.0014,0.002,0.0,GBP,0.002,Others,N,N,0.0,--,0.0
B093FQYQJH,X00293I5FB,"Curaprox CS 12460 Velvet Soft Toothbrush – Sensitive Gum Care | Ultra-Gentle Cleaning with 12,460 Filaments | Single Pack, Random Color | Made in Switzerland",'BHX4',GB,22.4,5.9,2.4,centimeters,0.03,kilograms,0.0112,cubic feet,Standard-Size,1.23,0.0,0.0137,2025-12,8.5,weeks,1.37,0.0,0.0,0.0,0.0192,0.0,GBP,0.0192,Others,N,N,0.0,--,0.0
B00S9IXBVU,X00298HYM1,ProDec Combination Shavehook for Removing Paint and Varnish from Flat and Irregular Surfaces,'BHX4',GB,30.6,10.8,5.5,centimeters,0.15,kilograms,0.0642,cubic feet,Standard-Size,0.1,0.0,0.0062,2025-12,8.5,weeks,1.37,0.0,0.03,0.0021,0.0086,0.0,GBP,0.0086,Others,N,N,0.0,--,0.0
B0D6W9DZX4,X0029PJ5CV,"OtterBox Symmetry Folio Case for iPad 10th gen 2022, iPad 11th gen 2025 (A16), Shockproof, Drop proof, Slim Protective Folio Case, Tested to Military Standard, Black",'BHX4',GB,28.2,19.4,1.9,centimeters,0.42,kilograms,0.0367,cubic feet,Standard-Size,0.19,0.0,0.0071,2025-12,8.5,weeks,0.75,0.0,0.0,0.0,0.008,0.0,GBP,0.008,shoes & bags,N,N,0.0,--,0.0
B0CTD6Q6KY,X002AFI3HN,"McFarlane DC Multiverse 7"" Scale Vehicles - Tumbler with Lucius Fox (The Dark Knight) Gold Label, Includes Action Figure and Accessories",'BHX7',GB,48.6,27.8,17.6,centimeters,2.38,kilograms,0.8397,cubic feet,Oversize,3.0,0.0,2.5192,2025-12,63.3,weeks,0.79,0.0,3.0,2.5192,1.99,0.0,GBP,1.99,Others,N,N,0.0,--,0.0
B007R2ICTK,X002057DE7,"HG Stain Away 7, Removes Rust Stains from Clothing & Textiles, Concentrated Rusty Mark Remover for Surfaces & Tiles, Fabric & Natural Stone Safe – 50m (426005106)",'BRS1',GB,14.0,4.2,2.4,centimeters,0.06,kilograms,0.005,cubic feet,Standard-Size,4.9,0.0,0.0243,2025-12,--,--,1.18,0.0,0.0,0.0,0.0,0.0,GBP,0.03,Others,N,N,0.0,--,0.03
B07BC1CMDK,X00218D0YF,"Amtech V4075 P240 Hook and Loop Orbital Sanding Sheets, 10 Piece Set, 115mm Diameter Sanding Paper",'BRS1',GB,15.9,12.0,1.0,centimeters,0.06,kilograms,0.0067,cubic feet,Standard-Size,2.0,0.0,0.0135,2025-12,8.5,weeks,1.37,0.0,2.0,0.0135,0.0185,0.0,GBP,0.0185,Others,N,N,0.0,--,0.0
B010E25DI2,X0021K11U3,100 Ultra Pro Card Protector Sleeves: Pro-Matte - 66 x 91 mm,'BRS1',GB,18.3,11.6,1.6,centimeters,0.11,kilograms,0.012,cubic feet,Standard-Size,0.16,0.0,0.0019,2025-12,8.5,weeks,1.37,0.0,0.16,0.0019,0.0027,0.0,GBP,0.0027,Others,N,N,0.0,--,0.0
B001Q77TI2,X0021O4AW5,"Ultra Pro 81181 3"" x 4"" Clear Thick 55PT Toploaders (25ct)",'BRS1',GB,10.8,8.2,5.5,centimeters,0.2,kilograms,0.0172,cubic feet,Standard-Size,0.65,0.0,0.0111,2025-12,8.5,weeks,1.37,0.0,0.58,0.01,0.0152,0.0,GBP,0.0152,Others,N,N,0.0,--,0.0
B000FGECAI,X0021XOD1J,"Learning Resources Kanoodle Puzzle Game, Ages 7+, 3D Brain Teaser with 200 Challenges, Travel-Friendly STEM Toy. Christmas Gifts Idea",'BRS1',GB,13.9,10.5,2.7,centimeters,0.15,kilograms,0.0139,cubic feet,Standard-Size,0.13,0.0,9.0E-4,2025-12,8.5,weeks,1.37,0.0,0.06,9.0E-4,0.0012,0.0,GBP,0.0012,Others,N,N,0.0,--,0.06
B07J9JGZZV,X0022RICEN,Plaque Glo Plaque Disclosing Toothpaste and Torch System (Tropical),'BRS1',GB,18.0,5.0,2.4,centimeters,0.04,kilograms,0.0076,cubic feet,Standard-Size,0.19,0.0,0.0015,2025-12,8.5,weeks,1.37,0.0,0.19,0.0015,0.002,0.0,GBP,0.002,Others,N,N,0.0,--,0.0
B0073TTHBY,X0022WK51L,Casio Gents 43.00mm Quartz Watch with Black Analogue dial and Black Rubber Strap Strap MRW-200H-1BVES,'BRS1',GB,9.4,9.2,6.4,centimeters,0.1,kilograms,0.0195,cubic feet,Standard-Size,2.0,0.0,0.0391,2025-12,8.5,weeks,1.37,0.0,2.0,0.0391,0.0536,0.0,GBP,0.0536,Others,N,N,0.0,--,0.0
B0913SVFD3,X0022WODPF,"LEXIBOOK Paw Patrol - Educational and Bilingual Laptop Spanish/English - Toy for Kids (Boys & Girls), 124 Activities, Learn, Play Games and Music with Chase and Marshall, Red/Blue, JC598PAi2",'BRS1',GB,34.0,25.9,4.7,centimeters,0.8,kilograms,0.1462,cubic feet,Standard-Size,0.32,0.0,0.0377,2025-12,8.5,weeks,1.37,0.0,0.26,0.0377,0.0517,0.0,GBP,0.0517,Others,N,N,0.0,--,0.06
B002HY4YSQ,X0023ISNDV,Kitchen Devils Lifestyle Peeler Parer Knife 602001,'BRS1',GB,27.2,8.4,1.7,centimeters,0.06,kilograms,0.0137,cubic feet,Standard-Size,0.42,0.0,0.0049,2025-12,8.5,weeks,1.37,0.0,0.03,4.0E-4,0.0067,0.0,GBP,0.0067,Others,N,N,0.0,--,0.06
B08W25WKTN,X0024EBXZJ,LEXIBOOK - Paw Patrol - Cordless Mini Bedside Lamp and Nightlight Paw Patrol - Blue - MLT10PA,'BRS1',GB,19.1,10.2,10.0,centimeters,0.16,kilograms,0.0688,cubic feet,Standard-Size,1.0,0.0,0.0688,2025-12,8.5,weeks,1.37,0.0,1.0,0.0688,0.0943,0.0,GBP,0.0943,Others,N,N,0.0,--,0.0
B08M52B4M5,X002595YRB,Moo Free Dairy Free Chocolate Buttons (25g),'BRS1',GB,12.0,8.7,1.4,centimeters,0.02,kilograms,0.0052,cubic feet,Standard-Size,16.16,0.0,0.0831,2025-12,8.5,weeks,1.37,0.0,16.1,0.0831,0.1138,0.0,GBP,0.1138,Others,N,N,0.0,--,0.06
B0001P15T4,X0025FSMDX,"Vitrex 10 2280 Grout Finisher, Blue",'BRS1',GB,16.9,6.9,0.7,centimeters,0.01,kilograms,0.0029,cubic feet,Standard-Size,2.0,0.0,0.0058,2025-12,8.5,weeks,1.37,0.0,2.0,0.0058,0.0079,0.0,GBP,0.0079,Others,N,N,0.0,--,0.0
B004I2N5AS,X0025MV6P7,Sandisk SDCZ50-016G-B35 USB 2.0 Flash Drive 16GB Black/Red,'BRS1',GB,12.5,7.6,0.9,centimeters,0.01,kilograms,0.003,cubic feet,Standard-Size,27.0,0.0,0.0815,2025-12,8.5,weeks,1.37,0.0,27.0,0.0815,0.1117,0.0,GBP,0.1117,Others,N,N,0.0,--,0.0
B0073FT7FY,X0026L1SCN,TEPE INTERDENTAL Travel CASE,'BRS1',GB,11.1,9.5,1.9,centimeters,0.01,kilograms,0.0071,cubic feet,Standard-Size,0.03,0.0,2.0E-4,2025-12,8.5,weeks,1.37,0.0,0.03,2.0E-4,3.0E-4,0.0,GBP,3.0E-4,Others,N,N,0.0,--,0.0
B00F4LA0K0,X0028A4KS1,"Chef Aid Cocktail Sticks, Pack of 200 Stick perfect for Buffets and Cocktails use, The Skewer design helps hold sweet and savoury foods, Each cocktails stick measures 8 cm",'BRS1',GB,14.6,8.9,1.4,centimeters,0.04,kilograms,0.0064,cubic feet,Standard-Size,0.58,0.0,0.0037,2025-12,8.5,weeks,1.37,0.0,0.58,0.0037,0.0051,0.0,GBP,0.0051,Others,N,N,0.0,--,0.0
B00BWU7MNU,X0028GYIGT,"SPLAT Biocalcium Toothpaste, 100 ml",'BRS1',GB,18.2,5.1,3.9,centimeters,0.15,kilograms,0.0128,cubic feet,Standard-Size,1.0,0.0,0.0128,2025-12,8.5,weeks,1.37,0.0,1.0,0.0128,0.0175,0.0,GBP,0.0175,Others,N,N,0.0,--,0.0
B00000IU72,X0028LVUDD,"BRIO 33344 Mechanical Switches Wooden Train Track for Kids Age 3 Years Up - Compatible with all BRIO Railway Sets & Accessories, Multicoloured",'BRS1',GB,19.3,9.6,2.9,centimeters,0.16,kilograms,0.019,cubic feet,Standard-Size,2.0,0.0,0.0379,2025-12,8.5,weeks,1.37,0.0,2.0,0.0379,0.052,0.0,GBP,0.052,Others,N,N,0.0,--,0.0
B093FQYQJH,X00293I5FB,"Curaprox CS 12460 Velvet Soft Toothbrush – Sensitive Gum Care | Ultra-Gentle Cleaning with 12,460 Filaments | Single Pack, Random Color | Made in Switzerland",'BRS1',GB,22.4,5.9,2.4,centimeters,0.03,kilograms,0.0112,cubic feet,Standard-Size,0.13,0.0,0.0014,2025-12,8.5,weeks,1.37,0.0,0.0,0.0,0.002,0.0,GBP,0.002,Others,N,N,0.0,--,0.0
B00S9IXBVU,X00298HYM1,ProDec Combination Shavehook for Removing Paint and Varnish from Flat and Irregular Surfaces,'BRS1',GB,30.6,10.8,5.5,centimeters,0.15,kilograms,0.0642,cubic feet,Standard-Size,0.1,0.0,0.0062,2025-12,8.5,weeks,1.37,0.0,0.03,0.0021,0.0085,0.0,GBP,0.0085,Others,N,N,0.0,--,0.0
B08P63MSS9,X0029FLX21,The Cheeky Panda Bamboo Facial Make Up Remover Wipes | Sustainable Face Wipes Eye Makeup Remover | Rose Scented Pack of 25 Face Wipes | 99% Purified Water,'BRS1',GB,13.8,8.5,3.9,centimeters,0.19,kilograms,0.0162,cubic feet,Standard-Size,1.0,0.0,0.0162,2025-12,8.5,weeks,1.37,0.0,1.0,0.0162,0.0221,0.0,GBP,0.0221,Others,N,N,0.0,--,0.0
B08WPCW7TH,X0029FM4IN,"Moo Free White Chocolate Bars - Dairy Free, Gluten Free & Vegan (20g)",'BRS1',GB,14.0,4.0,0.5,centimeters,0.02,kilograms,0.001,cubic feet,Standard-Size,3.0,0.0,0.003,2025-12,8.5,weeks,1.37,0.0,3.0,0.003,0.0041,0.0,GBP,0.0041,Others,N,N,0.0,--,0.0
B0070Y60K8,X0029NGLQL,"Weekender Timex Central Park Quartz Watch with Analogue Display and Nylon Strap - T2N747, Blue, T2N747PF",'BRS1',GB,9.3,8.1,6.3,centimeters,0.09,kilograms,0.0168,cubic feet,Standard-Size,1.77,0.0,0.0292,2025-12,8.5,weeks,1.37,0.0,1.74,0.0292,0.04,0.0,GBP,0.04,Others,N,N,0.0,--,0.03
B0C9LJNJWZ,X0029NJZVJ,"LEXIBOOK, Barbie, Educational and Bilingual Laptop in English/French, Toy for children with 124 activities to learn, play games and music, Pink, JC598BBi1",'BRS1',GB,34.7,27.3,5.6,centimeters,0.82,kilograms,0.1873,cubic feet,Standard-Size,2.0,0.0,0.3747,2025-12,8.5,weeks,1.37,0.0,2.0,0.3747,0.5093,0.0,GBP,0.5093,Others,N,N,0.0,--,0.0
B0BBHBX72C,X0029PQVV9,"OtterBox Defender Case for iPad 10th gen 2022, iPad 11th gen 2025 (A16), Shockproof, Rugged Protective Case with built in Screen Protector, 2x Tested to Military Standard, Black, No Retail Packaging",'BRS1',GB,26.7,19.8,3.7,centimeters,0.48,kilograms,0.0691,cubic feet,Standard-Size,0.06,0.0,0.0045,2025-12,8.5,weeks,0.75,0.0,0.0,0.0,0.0027,0.0,GBP,0.0027,shoes & bags,N,N,0.0,--,0.0
B004GFPFBO,X0029XG251,Funko POP! Movies : Freddy Krueger - Nightmare on Elm Street - Collectable Vinyl Figure - Gift Idea - Official Merchandise - Toys for Kids & Adults - Movies Fans - Model Figure for Collectors,'BRS1',GB,16.1,11.6,8.9,centimeters,0.17,kilograms,0.0587,cubic feet,Standard-Size,1.0,0.0,0.0587,2025-12,8.5,weeks,1.37,0.0,1.0,0.0587,0.0804,0.0,GBP,0.0804,Others,N,N,0.0,--,0.0
B09NQD4S5N,X002AS6LUL,"The Army Painter Speedpaint Zealot Yellow 2.0, Single Acrylic Paint 18ml One-coat Painting Soloution For Fantasy Tabletop Miniatures Like Warhammer 40k and Dungeons And Dragons Figures",'BRS1',GB,7.2,2.4,2.2,centimeters,0.04,kilograms,0.0013,cubic feet,Standard-Size,1.0,0.0,0.0013,2025-12,8.5,weeks,1.37,0.0,1.0,0.0013,0.0018,0.0,GBP,0.0018,Others,N,N,0.0,--,0.0
B09NQDQ8X7,X002ASB1M9,"The Army Painter Speedpaint Slaughter Red 2.0, Single Acrylic Paint 18ml One-coat Painting Soloution For Fantasy Tabletop Miniatures Like Warhammer 40k and Dungeons And Dragons Figures",'BRS1',GB,7.1,2.3,2.2,centimeters,0.03,kilograms,0.0013,cubic feet,Standard-Size,1.0,0.0,0.0013,2025-12,8.5,weeks,1.37,0.0,1.0,0.0013,0.0017,0.0,GBP,0.0017,Others,N,N,0.0,--,0.0
B09NQCV872,X002ASB2SR,"The Army Painter Speedpaint Sand Golem 2.0, Single Acrylic Paint 18ml One-coat Painting Soloution For Fantasy Tabletop Miniatures Like Warhammer 40k and Dungeons And Dragons Figures",'BRS1',GB,7.1,2.3,2.0,centimeters,0.03,kilograms,0.0012,cubic feet,Standard-Size,0.87,0.0,0.001,2025-12,8.5,weeks,1.37,0.0,0.87,0.001,0.0014,0.0,GBP,0.0014,Others,N,N,0.0,--,0.0
B06XXDNH1P,X002ASBMFZ,Dragon Shield ART11105 White (60) Matte Japanese Size Sleeves 60pk,'BRS1',GB,9.4,6.8,2.7,centimeters,0.08,kilograms,0.0061,cubic feet,Standard-Size,3.0,0.0,0.0183,2025-12,8.5,weeks,1.37,0.0,3.0,0.0183,0.025,0.0,GBP,0.025,Others,N,N,0.0,--,0.0
B09445GL1C,X002BA017H,"Price's - Time for You Large Jar Candle - Sweet, Delicious Fragrance - Long Lasting Scent - Up to 100 Hour Burn Time - Ideal for All Occasions",'BRS1',GB,23.2,16.6,11.9,centimeters,1.01,kilograms,0.1618,cubic feet,Standard-Size,1.0,0.0,0.1618,2025-12,8.5,weeks,1.37,0.0,1.0,0.1618,0.2217,0.0,GBP,0.2217,Others,N,N,0.0,--,0.0
B07F1MFWV1,X002BG3AK1,"Skinny Food Co Salted Caramel Zero Calorie Syrup 425ml - Sugar Free Salted Caramel Syrup For Snacks, Drinks & Desserts - Vegan, Gluten-free, Keto & Paleo Friendly Caramel Syrup - Salted Caramel Syrup",'BRS1',GB,16.4,9.0,5.4,centimeters,0.47,kilograms,0.0281,cubic feet,Standard-Size,1.0,0.0,0.0281,2025-12,8.5,weeks,1.37,0.0,1.0,0.0281,0.0386,0.0,GBP,0.0386,Others,N,N,0.0,--,0.0
B0B2RBG672,X002BPWC29,"Salt of the Earth - Natural Deodorant Roll on Refill - x7 Uses - Amber & Sandalwood - 100% Natural Origin Ingredients - Vegan - Suitable for Men, Women & Children - 525ml",'BRS1',GB,22.2,7.3,6.9,centimeters,0.56,kilograms,0.0395,cubic feet,Standard-Size,1.71,0.0,0.0675,2025-12,8.5,weeks,1.37,0.0,1.71,0.0675,0.0925,0.0,GBP,0.0925,Others,N,N,0.0,--,0.0
B07H2WXMDJ,X002C5IRB3,"Skinny Food Co Sugar Free Maple Syrup 425ml - Zero Calorie Syrup For Breakfast, Snacks, Drinks & Desserts - Vegan, Gluten-free, Keto & Paleo Friendly Maple Syrup - Sugar Free Maple Syrup UK",'BRS1',GB,16.3,9.0,5.4,centimeters,0.47,kilograms,0.028,cubic feet,Standard-Size,6.0,0.0,0.1679,2025-12,8.5,weeks,1.37,0.0,6.0,0.1679,0.23,0.0,GBP,0.23,Others,N,N,0.0,--,0.0
B08DR97BX2,X002EE1UEX,"Cliganic Organic Argan Oil, 100% Pure (473ml) | Moroccan Argan Oil for Hair, Face & Skin | Natural Cold Pressed Carrier Oil - Certified Organic | Cliganic 90 Days Warranty",'BRS1',GB,17.9,9.2,9.1,centimeters,0.55,kilograms,0.0529,cubic feet,Standard-Size,0.65,0.0,0.0341,2025-12,8.5,weeks,1.37,0.0,0.65,0.0341,0.0468,0.0,GBP,0.0468,Others,N,N,0.0,--,0.0
B07RZBBG14,X002F5VV0T,"Dragon Shield AT-13201 Standard Size Perfect Fit Sealable (100 Sleeves), clear",'BRS1',GB,24.7,8.5,1.2,centimeters,0.08,kilograms,0.0089,cubic feet,Standard-Size,1.35,0.0,0.0121,2025-12,8.5,weeks,0.75,0.0,1.35,0.0121,0.0073,0.0,GBP,0.0073,shoes & bags,N,N,0.0,--,0.0
B07QXSDZJM,X001XSP71D,"Shaun the Sheep Plush 61176 Backpack Clip, Black and White, Great Gift Idea,9 x 7 x 14 centimetres",'BRS2',GB,13.3,8.5,4.1,centimeters,0.03,kilograms,0.0164,cubic feet,Standard-Size,0.9,0.0,0.0143,2025-12,8.5,weeks,1.37,0.0,0.87,0.0143,0.0195,0.0,GBP,0.0195,Others,N,N,0.0,--,0.03
B096BPSDRZ,X001Y3YP9R,Ravensburger Bluey 35 Piece Jigsaw Puzzle for Kids Age 3 Years Up - Educational Toddler Toys,'BRS2',GB,27.4,19.1,3.4,centimeters,0.2,kilograms,0.0628,cubic feet,Standard-Size,0.1,0.0,0.0041,2025-12,8.5,weeks,1.37,0.0,0.06,0.0041,0.0056,0.0,GBP,0.0056,Others,N,N,0.0,--,0.03
B007R2ICTK,X002057DE7,"HG Stain Away 7, Removes Rust Stains from Clothing & Textiles, Concentrated Rusty Mark Remover for Surfaces & Tiles, Fabric & Natural Stone Safe – 50m (426005106)",'BRS2',GB,14.0,4.2,2.4,centimeters,0.06,kilograms,0.005,cubic feet,Standard-Size,0.71,0.0,0.0035,2025-12,--,--,1.18,0.0,0.0,0.0,0.0,0.0,GBP,0.0,Others,N,N,0.0,--,0.0
B00AOES9GE,X00206JNTT,Curaprox CS 1006 Single Toothbrush – Targeted Cleaning for Gumline and Braces | Ultra-Soft Single Tuft | for Sensitive Teeth and Implants | Designed in Switzerland,'BRS2',GB,22.3,4.2,1.3,centimeters,0.01,kilograms,0.0043,cubic feet,Standard-Size,0.1,0.0,1.0E-4,2025-12,8.5,weeks,1.37,0.0,0.03,1.0E-4,2.0E-4,0.0,GBP,2.0E-4,Others,N,N,0.0,--,0.06
B08KFFY86W,X00208SK8H,"TePe EasyPick Toothpicks, Purple, ISO XL, 36pcs, Plaque Remover, efficient Clean Between The Teeth, Durable Dental Picks for Wide Gaps, Travel case Included",'BRS2',GB,15.7,7.6,1.4,centimeters,0.03,kilograms,0.0059,cubic feet,Standard-Size,1.03,0.0,0.0055,2025-12,8.5,weeks,1.37,0.0,0.9,0.0053,0.0076,0.0,GBP,0.0076,Others,N,N,0.0,--,0.1
B001Q77TI2,X0021O4AW5,"Ultra Pro 81181 3"" x 4"" Clear Thick 55PT Toploaders (25ct)",'BRS2',GB,10.8,8.2,5.5,centimeters,0.2,kilograms,0.0172,cubic feet,Standard-Size,0.42,0.0,0.0072,2025-12,8.5,weeks,1.37,0.0,0.35,0.0061,0.0099,0.0,GBP,0.0099,Others,N,N,0.0,--,0.0
B000FGECAI,X0021XOD1J,"Learning Resources Kanoodle Puzzle Game, Ages 7+, 3D Brain Teaser with 200 Challenges, Travel-Friendly STEM Toy. Christmas Gifts Idea",'BRS2',GB,13.9,10.5,2.7,centimeters,0.15,kilograms,0.0139,cubic feet,Standard-Size,0.1,0.0,9.0E-4,2025-12,8.5,weeks,1.37,0.0,0.06,9.0E-4,0.0012,0.0,GBP,0.0012,Others,N,N,0.0,--,0.06
B07J9JGZZV,X0022RICEN,Plaque Glo Plaque Disclosing Toothpaste and Torch System (Tropical),'BRS2',GB,18.0,5.0,2.4,centimeters,0.04,kilograms,0.0076,cubic feet,Standard-Size,1.68,0.0,0.0108,2025-12,8.5,weeks,1.37,0.0,1.42,0.0108,0.0148,0.0,GBP,0.0148,Others,N,N,0.0,--,0.29
B0073TTHBY,X0022WK51L,Casio Gents 43.00mm Quartz Watch with Black Analogue dial and Black Rubber Strap Strap MRW-200H-1BVES,'BRS2',GB,9.4,9.2,6.4,centimeters,0.1,kilograms,0.0195,cubic feet,Standard-Size,2.0,0.0,0.0391,2025-12,8.5,weeks,1.37,0.0,2.0,0.0391,0.0536,0.0,GBP,0.0536,Others,N,N,0.0,--,0.0
B002HY4YSQ,X0023ISNDV,Kitchen Devils Lifestyle Peeler Parer Knife 602001,'BRS2',GB,27.2,8.4,1.7,centimeters,0.06,kilograms,0.0137,cubic feet,Standard-Size,0.29,0.0,0.0035,2025-12,8.5,weeks,1.37,0.0,0.03,4.0E-4,0.0048,0.0,GBP,0.0048,Others,N,N,0.0,--,0.03
B0009JJZ8A,X00246VCUN,"Fackelmann Sieve 15cm⌀, Strainer, Fine Mesh, Stainless Steel, 15x20x32.5cm, Silver",'BRS2',GB,33.1,15.2,6.3,centimeters,0.14,kilograms,0.1119,cubic feet,Standard-Size,0.52,0.0,0.0578,2025-12,8.5,weeks,1.37,0.0,0.52,0.0578,0.0791,0.0,GBP,0.0791,Others,N,N,0.0,--,0.0
B08W25WKTN,X0024EBXZJ,LEXIBOOK - Paw Patrol - Cordless Mini Bedside Lamp and Nightlight Paw Patrol - Blue - MLT10PA,'BRS2',GB,19.1,10.2,10.0,centimeters,0.16,kilograms,0.0688,cubic feet,Standard-Size,2.0,0.0,0.1376,2025-12,8.5,weeks,1.37,0.0,2.0,0.1376,0.1885,0.0,GBP,0.1885,Others,N,N,0.0,--,0.0
B08M52B4M5,X002595YRB,Moo Free Dairy Free Chocolate Buttons (25g),'BRS2',GB,12.0,8.7,1.4,centimeters,0.02,kilograms,0.0052,cubic feet,Standard-Size,14.16,0.0,0.0731,2025-12,8.5,weeks,1.37,0.0,14.16,0.0731,0.1001,0.0,GBP,0.1001,Others,N,N,0.0,--,0.0
B0001P15T4,X0025FSMDX,"Vitrex 10 2280 Grout Finisher, Blue",'BRS2',GB,16.9,6.9,0.7,centimeters,0.01,kilograms,0.0029,cubic feet,Standard-Size,7.87,0.0,0.0227,2025-12,8.5,weeks,1.37,0.0,7.87,0.0227,0.0311,0.0,GBP,0.0311,Others,N,N,0.0,--,0.0
B004I2N5AS,X0025MV6P7,Sandisk SDCZ50-016G-B35 USB 2.0 Flash Drive 16GB Black/Red,'BRS2',GB,12.5,7.6,0.9,centimeters,0.01,kilograms,0.003,cubic feet,Standard-Size,19.0,0.0,0.0574,2025-12,8.5,weeks,1.37,0.0,19.0,0.0574,0.0786,0.0,GBP,0.0786,Others,N,N,0.0,--,0.0
B00F4LA0K0,X0028A4KS1,"Chef Aid Cocktail Sticks, Pack of 200 Stick perfect for Buffets and Cocktails use, The Skewer design helps hold sweet and savoury foods, Each cocktails stick measures 8 cm",'BRS2',GB,14.6,8.9,1.4,centimeters,0.04,kilograms,0.0064,cubic feet,Standard-Size,7.0,0.0,0.045,2025-12,8.5,weeks,1.37,0.0,7.0,0.045,0.0616,0.0,GBP,0.0616,Others,N,N,0.0,--,0.0
B0052VXJGO,X0028A4L7L,"Fackelmann OPAL Skimmer, Straining Spoon, Frying Strainer, Fine Mesh, Medium Spider Ladle Stainless Steel, 37.5x12x5.5cm, Silver",'BRS2',GB,36.0,12.2,4.5,centimeters,0.09,kilograms,0.0698,cubic feet,Standard-Size,0.42,0.0,0.027,2025-12,8.5,weeks,1.37,0.0,0.39,0.027,0.037,0.0,GBP,0.037,Others,N,N,0.0,--,0.03
B00BWU7MNU,X0028GYIGT,"SPLAT Biocalcium Toothpaste, 100 ml",'BRS2',GB,18.2,5.1,3.9,centimeters,0.15,kilograms,0.0128,cubic feet,Standard-Size,0.94,0.0,0.012,2025-12,8.5,weeks,1.37,0.0,0.94,0.012,0.0164,0.0,GBP,0.0164,Others,N,N,0.0,--,0.0
B072YZPBJ3,X0028LVSAN,Funko Pop! Movies: Bride Of Chucky - Tiffany Valentine-Ray - 1/6 Odds for Rare Chase Variant - Collectable Vinyl Figure - Gift Idea - Official Merchandise - Toys for Kids & Adults - Horror Fans,'BRS2',GB,16.0,13.8,11.8,centimeters,0.11,kilograms,0.092,cubic feet,Standard-Size,0.71,0.0,0.0623,2025-12,8.5,weeks,1.37,0.0,0.68,0.0623,0.0854,0.0,GBP,0.0854,Others,N,N,0.0,--,0.03
B00000IU72,X0028LVUDD,"BRIO 33344 Mechanical Switches Wooden Train Track for Kids Age 3 Years Up - Compatible with all BRIO Railway Sets & Accessories, Multicoloured",'BRS2',GB,19.3,9.6,2.9,centimeters,0.16,kilograms,0.019,cubic feet,Standard-Size,4.0,0.0,0.0759,2025-12,8.5,weeks,1.37,0.0,4.0,0.0759,0.104,0.0,GBP,0.104,Others,N,N,0.0,--,0.0
B09M3PFZC8,X00293C8PJ,Curaprox Kids Toothpaste – Fluoride-Free for Toddlers | Strawberry Flavour | Gentle Protection from First Tooth | 60ml | Made in Switzerland,'BRS2',GB,12.5,4.5,3.9,centimeters,0.1,kilograms,0.0077,cubic feet,Standard-Size,2.0,0.0,0.0155,2025-12,8.5,weeks,1.37,0.0,2.0,0.0155,0.0212,0.0,GBP,0.0212,Others,N,N,0.0,--,0.0
B086ZD7MG6,X00293G0VR,Curaprox CPS 07 Prime Start Interdental Brush Set |Starter Set with 5 Brushes |2 Different Holders |Red | 0.7 mm Diameter |2.5 mm Effectiveness | Made in Switzerland,'BRS2',GB,15.0,6.0,1.4,centimeters,0.03,kilograms,0.0044,cubic feet,Standard-Size,5.1,0.0,0.0222,2025-12,8.5,weeks,1.37,0.0,5.0,0.0222,0.0305,0.0,GBP,0.0305,Others,N,N,0.0,--,0.1
B093FQYQJH,X00293I5FB,"Curaprox CS 12460 Velvet Soft Toothbrush – Sensitive Gum Care | Ultra-Gentle Cleaning with 12,460 Filaments | Single Pack, Random Color | Made in Switzerland",'BRS2',GB,22.4,5.9,2.4,centimeters,0.03,kilograms,0.0112,cubic feet,Standard-Size,0.52,0.0,0.0058,2025-12,8.5,weeks,1.37,0.0,0.0,0.0,0.0079,0.0,GBP,0.0079,Others,N,N,0.0,--,0.0
B003VTZAM0,X00298OTDN,"Minky Metallic Reflector Ironing Board Cover, Extra Large",'BRS2',GB,24.0,19.6,5.0,centimeters,0.15,kilograms,0.0831,cubic feet,Standard-Size,3.65,0.0,0.3028,2025-12,8.5,weeks,1.37,0.0,3.65,0.3028,0.4148,0.0,GBP,0.4148,Others,N,N,0.0,--,0.0
B075XT2J8X,X0029FIBPX,Kingfisher Natural Toothpaste Charcoal Mint Fluoride-Free | Vegetarian & Vegan | Oral Health Foundation Approved | Gluten-Free & GM-Free | Ethical Consumer Best Buy | 1x100ml Tube,'BRS2',GB,19.2,4.8,3.9,centimeters,0.17,kilograms,0.0127,cubic feet,Standard-Size,5.94,0.0,0.0753,2025-12,8.5,weeks,1.37,0.0,5.94,0.0753,0.1032,0.0,GBP,0.1032,Others,N,N,0.0,--,0.0
B08P63MSS9,X0029FLX21,The Cheeky Panda Bamboo Facial Make Up Remover Wipes | Sustainable Face Wipes Eye Makeup Remover | Rose Scented Pack of 25 Face Wipes | 99% Purified Water,'BRS2',GB,13.8,8.5,3.9,centimeters,0.19,kilograms,0.0162,cubic feet,Standard-Size,5.0,0.0,0.0808,2025-12,8.5,weeks,1.37,0.0,5.0,0.0808,0.1107,0.0,GBP,0.1107,Others,N,N,0.0,--,0.0
B08WPCW7TH,X0029FM4IN,"Moo Free White Chocolate Bars - Dairy Free, Gluten Free & Vegan (20g)",'BRS2',GB,14.0,4.0,0.5,centimeters,0.02,kilograms,0.001,cubic feet,Standard-Size,5.0,0.0,0.0049,2025-12,8.5,weeks,1.37,0.0,5.0,0.0049,0.0068,0.0,GBP,0.0068,Others,N,N,0.0,--,0.0
B07BLX7YG9,X0029NC4AD,"Lexibook PAW Patrol Helper on Four Paws Chase LED Night Light for Kids, Color Changing, Soft Light, Batteries, Plastic, Blue/Beige, NLJ001PA1, Multicolor, 13, Colour Change",'BRS2',GB,14.4,10.2,9.7,centimeters,0.13,kilograms,0.0503,cubic feet,Standard-Size,0.19,0.0,0.0097,2025-12,8.5,weeks,1.37,0.0,0.19,0.0097,0.0133,0.0,GBP,0.0133,Others,N,N,0.0,--,0.0
B0070Y60K8,X0029NGLQL,"Weekender Timex Central Park Quartz Watch with Analogue Display and Nylon Strap - T2N747, Blue, T2N747PF",'BRS2',GB,9.3,8.1,6.3,centimeters,0.09,kilograms,0.0168,cubic feet,Standard-Size,1.65,0.0,0.027,2025-12,8.5,weeks,1.37,0.0,1.61,0.027,0.037,0.0,GBP,0.037,Others,N,N,0.0,--,0.03
B0C9LJNJWZ,X0029NJZVJ,"LEXIBOOK, Barbie, Educational and Bilingual Laptop in English/French, Toy for children with 124 activities to learn, play games and music, Pink, JC598BBi1",'BRS2',GB,34.7,27.3,5.6,centimeters,0.82,kilograms,0.1873,cubic feet,Standard-Size,4.0,0.0,0.7494,2025-12,8.5,weeks,1.37,0.0,4.0,0.7494,1.0306,0.0,GBP,1.0306,Others,N,N,0.0,--,0.0
B004GFPFBO,X0029XG251,Funko POP! Movies : Freddy Krueger - Nightmare on Elm Street - Collectable Vinyl Figure - Gift Idea - Official Merchandise - Toys for Kids & Adults - Movies Fans - Model Figure for Collectors,'BRS2',GB,16.1,11.6,8.9,centimeters,0.17,kilograms,0.0587,cubic feet,Standard-Size,4.0,0.0,0.2348,2025-12,8.5,weeks,1.37,0.0,4.0,0.2348,0.3217,0.0,GBP,0.3217,Others,N,N,0.0,--,0.0
B0001IWX7E,X002AFARJP,"KitchenCraft Kitchen Scissors with Bottle Opener, Stainless Steel, Multi Purpose Shears 21 cm (8.3''), Black",'BRS2',GB,27.7,11.3,1.4,centimeters,0.09,kilograms,0.0155,cubic feet,Standard-Size,12.0,0.0,0.1857,2025-12,8.5,weeks,1.37,0.0,12.0,0.1857,0.2544,0.0,GBP,0.2544,Others,N,N,0.0,--,0.0
B005F5TRBI,X002AFJNZT,"Croydex White Button Shower Curtain Rings 12pk, 75g, 34F",'BRS2',GB,18.0,8.2,4.5,centimeters,0.04,kilograms,0.0235,cubic feet,Standard-Size,4.0,0.0,0.0938,2025-12,8.5,weeks,1.37,0.0,4.0,0.0938,0.1285,0.0,GBP,0.1285,Others,N,N,0.0,--,0.0
B001ET78RY,X002AQ0W1H,Avalon Organics Rosemary Volumizing Conditioner 325ml Pack of 3,'BRS2',GB,22.9,21.1,6.6,centimeters,1.03,kilograms,0.1126,cubic feet,Standard-Size,3.0,0.0,0.3379,2025-12,8.5,weeks,1.37,0.0,3.0,0.3379,0.4629,0.0,GBP,0.4629,Others,N,N,0.0,--,0.0
B0897VHKW6,X002AQ3LX3,Hilltop Maple Syrup - Very Dark Late Harvest - Squeezy Bottle - 230g,'BRS2',GB,12.0,6.8,4.0,centimeters,0.28,kilograms,0.0115,cubic feet,Standard-Size,3.0,0.0,0.0346,2025-12,8.5,weeks,1.37,0.0,3.0,0.0346,0.0474,0.0,GBP,0.0474,Others,N,N,0.0,--,0.0
B09NQD4S5N,X002AS6LUL,"The Army Painter Speedpaint Zealot Yellow 2.0, Single Acrylic Paint 18ml One-coat Painting Soloution For Fantasy Tabletop Miniatures Like Warhammer 40k and Dungeons And Dragons Figures",'BRS2',GB,7.2,2.4,2.2,centimeters,0.04,kilograms,0.0013,cubic feet,Standard-Size,1.0,0.0,0.0013,2025-12,8.5,weeks,1.37,0.0,1.0,0.0013,0.0018,0.0,GBP,0.0018,Others,N,N,0.0,--,0.0
B09NQDQ8X7,X002ASB1M9,"The Army Painter Speedpaint Slaughter Red 2.0, Single Acrylic Paint 18ml One-coat Painting Soloution For Fantasy Tabletop Miniatures Like Warhammer 40k and Dungeons And Dragons Figures",'BRS2',GB,7.1,2.3,2.2,centimeters,0.03,kilograms,0.0013,cubic feet,Standard-Size,1.0,0.0,0.0013,2025-12,8.5,weeks,1.37,0.0,1.0,0.0013,0.0017,0.0,GBP,0.0017,Others,N,N,0.0,--,0.0
B06XXDNH1P,X002ASBMFZ,Dragon Shield ART11105 White (60) Matte Japanese Size Sleeves 60pk,'BRS2',GB,9.4,6.8,2.7,centimeters,0.08,kilograms,0.0061,cubic feet,Standard-Size,20.71,0.0,0.1262,2025-12,8.5,weeks,1.37,0.0,20.71,0.1262,0.1729,0.0,GBP,0.1729,Others,N,N,0.0,--,0.0
B0CG234KW1,X002B7TIKL,Snackles Small Sized 14 cm by ZURU Cuddly Squishy Comfort Plush with License Snack Brand Accessory (Random Assortment),'BRS2',GB,23.1,16.7,12.0,centimeters,0.2,kilograms,0.1635,cubic feet,Standard-Size,2.0,0.0,0.327,2025-12,8.5,weeks,1.37,0.0,2.0,0.327,0.4479,0.0,GBP,0.4479,Others,N,N,0.0,--,0.0
B09445GL1C,X002BA017H,"Price's - Time for You Large Jar Candle - Sweet, Delicious Fragrance - Long Lasting Scent - Up to 100 Hour Burn Time - Ideal for All Occasions",'BRS2',GB,23.2,16.6,11.9,centimeters,1.01,kilograms,0.1618,cubic feet,Standard-Size,1.0,0.0,0.1618,2025-12,8.5,weeks,1.37,0.0,1.0,0.1618,0.2217,0.0,GBP,0.2217,Others,N,N,0.0,--,0.0
B07F1MFWV1,X002BG3AK1,"Skinny Food Co Salted Caramel Zero Calorie Syrup 425ml - Sugar Free Salted Caramel Syrup For Snacks, Drinks & Desserts - Vegan, Gluten-free, Keto & Paleo Friendly Caramel Syrup - Salted Caramel Syrup",'BRS2',GB,16.4,9.0,5.4,centimeters,0.47,kilograms,0.0281,cubic feet,Standard-Size,4.0,0.0,0.1126,2025-12,8.5,weeks,1.37,0.0,4.0,0.1126,0.1542,0.0,GBP,0.1542,Others,N,N,0.0,--,0.0
B0915M1DLF,X002BPXUYN,"Makeup Revolution, Conceal & Fix, Ultimate Coverage, Concealer, Medium Sand, 11g",'BRS2',GB,4.3,4.0,3.8,centimeters,0.05,kilograms,0.0023,cubic feet,Standard-Size,1.06,0.0,0.0024,2025-12,8.5,weeks,1.37,0.0,1.03,0.0024,0.0033,0.0,GBP,0.0033,Others,N,N,0.0,--,0.03
B07H2WXMDJ,X002C5IRB3,"Skinny Food Co Sugar Free Maple Syrup 425ml - Zero Calorie Syrup For Breakfast, Snacks, Drinks & Desserts - Vegan, Gluten-free, Keto & Paleo Friendly Maple Syrup - Sugar Free Maple Syrup UK",'BRS2',GB,16.3,9.0,5.4,centimeters,0.47,kilograms,0.028,cubic feet,Standard-Size,9.0,0.0,0.2518,2025-12,8.5,weeks,1.37,0.0,7.55,0.2112,0.3449,0.0,GBP,0.3449,Others,N,N,0.0,--,0.0
B0BNLWBLMV,X002C8KRMR,Arcane Tinmen Dragon Shield Standard Sleeves - Matte Turquoise (100ct),'BRS2',GB,9.7,7.1,4.7,centimeters,0.14,kilograms,0.0114,cubic feet,Standard-Size,1.68,0.0,0.0184,2025-12,8.5,weeks,0.75,0.0,1.61,0.0184,0.0152,0.0,GBP,0.0152,shoes & bags,N,N,0.0,--,0.06
B0012B80HG,X002CJPDFR,"Kitchen Devils S8602003 Lifestyle Kitchen Knife, Black, 30x8.5x2 cm",'BRS2',GB,28.1,7.4,1.7,centimeters,0.05,kilograms,0.0125,cubic feet,Standard-Size,1.0,0.0,0.0125,2025-12,8.5,weeks,1.37,0.0,1.0,0.0125,0.0171,0.0,GBP,0.0171,Others,N,N,0.0,--,0.0
B007YX9O9E,X002EEAAT9,"SanDisk Cruzer Glide 32 GB USB Flash Drive USB 2.0 , Black & Red",'BRS2',GB,12.5,7.5,1.2,centimeters,0.01,kilograms,0.004,cubic feet,Standard-Size,4.68,0.0,0.0181,2025-12,8.5,weeks,1.37,0.0,3.42,0.0136,0.0248,0.0,GBP,0.0248,Others,N,N,0.0,--,0.13
B0844ZRHS9,X002F5H8QP,"Minecraft Zombie Light - Officially Licensed Merchandise, Portable Night Light and Gaming Room Decor for Kids, Gift for Gamer, Battery Powered | Paladone, Green",'BRS2',GB,13.6,10.8,9.4,centimeters,0.12,kilograms,0.0488,cubic feet,Standard-Size,2.87,0.0,0.1384,2025-12,8.5,weeks,1.37,0.0,2.84,0.1384,0.1896,0.0,GBP,0.1896,Others,N,N,0.0,--,0.03
B07RZBBG14,X002F5VV0T,"Dragon Shield AT-13201 Standard Size Perfect Fit Sealable (100 Sleeves), clear",'BRS2',GB,24.7,8.5,1.2,centimeters,0.08,kilograms,0.0089,cubic feet,Standard-Size,2.0,0.0,0.0178,2025-12,8.5,weeks,0.75,0.0,2.0,0.0178,0.0148,0.0,GBP,0.0148,shoes & bags,N,N,0.0,--,0.0
B007R2ICTK,X002057DE7,"HG Stain Away 7, Removes Rust Stains from Clothing & Textiles, Concentrated Rusty Mark Remover for Surfaces & Tiles, Fabric & Natural Stone Safe – 50m (426005106)",'CWL1',GB,14.0,4.2,2.4,centimeters,0.06,kilograms,0.005,cubic feet,Standard-Size,0.16,0.0,8.0E-4,2025-12,--,--,1.18,0.0,0.0,0.0,0.0,0.0,GBP,0.0,Others,N,N,0.0,--,0.0
B00AOES9GE,X00206JNTT,Curaprox CS 1006 Single Toothbrush – Targeted Cleaning for Gumline and Braces | Ultra-Soft Single Tuft | for Sensitive Teeth and Implants | Designed in Switzerland,'CWL1',GB,22.3,4.2,1.3,centimeters,0.01,kilograms,0.0043,cubic feet,Standard-Size,47.68,0.0,0.1961,2025-12,8.5,weeks,1.37,0.0,39.26,0.1688,0.2687,0.0,GBP,0.2687,Others,N,N,0.0,--,2.06
B001Q77TI2,X0021O4AW5,"Ultra Pro 81181 3"" x 4"" Clear Thick 55PT Toploaders (25ct)",'CWL1',GB,10.8,8.2,5.5,centimeters,0.2,kilograms,0.0172,cubic feet,Standard-Size,0.74,0.0,0.0122,2025-12,8.5,weeks,1.37,0.0,0.65,0.0111,0.0167,0.0,GBP,0.0167,Others,N,N,0.0,--,0.03
B07J9JGZZV,X0022RICEN,Plaque Glo Plaque Disclosing Toothpaste and Torch System (Tropical),'CWL1',GB,18.0,5.0,2.4,centimeters,0.04,kilograms,0.0076,cubic feet,Standard-Size,66.26,0.0,0.5042,2025-12,8.5,weeks,1.37,0.0,66.1,0.5042,0.6893,0.0,GBP,0.6893,Others,N,N,0.0,--,0.16
B08MW8XMNQ,X0022RQT3T,Piksters Eco Charcoal 30 Floss Picks - Pack of 1,'CWL1',GB,9.6,6.6,1.9,centimeters,0.04,kilograms,0.0043,cubic feet,Standard-Size,1.0,0.0,0.0043,2025-12,8.5,weeks,1.37,0.0,1.0,0.0043,0.0058,0.0,GBP,0.0058,Others,N,N,0.0,--,0.0
B002HY4YSQ,X0023ISNDV,Kitchen Devils Lifestyle Peeler Parer Knife 602001,'CWL1',GB,27.2,8.4,1.7,centimeters,0.06,kilograms,0.0137,cubic feet,Standard-Size,0.32,0.0,0.0044,2025-12,8.5,weeks,1.37,0.0,0.03,4.0E-4,0.0061,0.0,GBP,0.0061,Others,N,N,0.0,--,0.0
B01NBDFDBC,X0023ITOJX,"Yale YES-CYLPULL-CH Essentials Rim Cylinder Door Pull, Great for External Doors, for Easy Door Closing, Chrome Finish",'CWL1',GB,14.1,8.5,2.3,centimeters,0.07,kilograms,0.0097,cubic feet,Standard-Size,0.65,0.0,0.006,2025-12,8.5,weeks,1.37,0.0,0.03,3.0E-4,0.0082,0.0,GBP,0.0082,Others,N,N,0.0,--,0.03
B0073FT7FY,X0026L1SCN,TEPE INTERDENTAL Travel CASE,'CWL1',GB,11.1,9.5,1.9,centimeters,0.01,kilograms,0.0071,cubic feet,Standard-Size,1.03,0.0,0.0073,2025-12,8.5,weeks,1.37,0.0,0.84,0.0059,0.01,0.0,GBP,0.01,Others,N,N,0.0,--,0.0
B086ZD7MG6,X00293G0VR,Curaprox CPS 07 Prime Start Interdental Brush Set |Starter Set with 5 Brushes |2 Different Holders |Red | 0.7 mm Diameter |2.5 mm Effectiveness | Made in Switzerland,'CWL1',GB,15.0,6.0,1.4,centimeters,0.03,kilograms,0.0044,cubic feet,Standard-Size,17.87,0.0,0.0791,2025-12,8.5,weeks,1.37,0.0,17.26,0.0768,0.1084,0.0,GBP,0.1084,Others,N,N,0.0,--,0.1
B093FQYQJH,X00293I5FB,"Curaprox CS 12460 Velvet Soft Toothbrush – Sensitive Gum Care | Ultra-Gentle Cleaning with 12,460 Filaments | Single Pack, Random Color | Made in Switzerland",'CWL1',GB,22.4,5.9,2.4,centimeters,0.03,kilograms,0.0112,cubic feet,Standard-Size,0.1,0.0,0.0011,2025-12,8.5,weeks,1.37,0.0,0.0,0.0,0.0015,0.0,GBP,0.0015,Others,N,N,0.0,--,0.0
B001OXH0X2,X00298OQXB,"Solvite SLVTHRIFT Wallpaper & Border Paste, Set of 1",'CWL1',GB,21.7,10.8,2.6,centimeters,0.07,kilograms,0.0215,cubic feet,Standard-Size,1.0,0.0,0.0215,2025-12,8.5,weeks,1.37,0.0,1.0,0.0215,0.0295,0.0,GBP,0.0295,Others,N,N,0.0,--,0.0
B075XT2J8X,X0029FIBPX,Kingfisher Natural Toothpaste Charcoal Mint Fluoride-Free | Vegetarian & Vegan | Oral Health Foundation Approved | Gluten-Free & GM-Free | Ethical Consumer Best Buy | 1x100ml Tube,'CWL1',GB,19.2,4.8,3.9,centimeters,0.17,kilograms,0.0127,cubic feet,Standard-Size,1.0,0.0,0.0127,2025-12,8.5,weeks,1.37,0.0,1.0,0.0127,0.0174,0.0,GBP,0.0174,Others,N,N,0.0,--,0.0
9188805646,X0029FM6EP,"Free League Publishing MÖRK Borg (Fantasy OSR RPG, Hardback, Full Color",'CWL1',GB,21.7,15.6,1.4,centimeters,0.39,kilograms,0.0167,cubic feet,Standard-Size,0.48,0.0,0.0081,2025-12,8.5,weeks,1.37,0.0,0.42,0.007,0.0111,0.0,GBP,0.0111,Others,N,N,0.0,--,0.0
B0001IWX7E,X002AFARJP,"KitchenCraft Kitchen Scissors with Bottle Opener, Stainless Steel, Multi Purpose Shears 21 cm (8.3''), Black",'CWL1',GB,27.7,11.3,1.4,centimeters,0.09,kilograms,0.0155,cubic feet,Standard-Size,2.0,0.0,0.031,2025-12,8.5,weeks,1.37,0.0,2.0,0.031,0.0424,0.0,GBP,0.0424,Others,N,N,0.0,--,0.0
B001ET78RY,X002AQ0W1H,Avalon Organics Rosemary Volumizing Conditioner 325ml Pack of 3,'CWL1',GB,22.9,21.1,6.6,centimeters,1.03,kilograms,0.1126,cubic feet,Standard-Size,2.0,0.0,0.2252,2025-12,8.5,weeks,1.37,0.0,2.0,0.2252,0.3086,0.0,GBP,0.3086,Others,N,N,0.0,--,0.0
B06XXDNH1P,X002ASBMFZ,Dragon Shield ART11105 White (60) Matte Japanese Size Sleeves 60pk,'CWL1',GB,9.4,6.8,2.7,centimeters,0.08,kilograms,0.0061,cubic feet,Standard-Size,1.0,0.0,0.0061,2025-12,8.5,weeks,1.37,0.0,1.0,0.0061,0.0083,0.0,GBP,0.0083,Others,N,N,0.0,--,0.0
B09445GL1C,X002BA017H,"Price's - Time for You Large Jar Candle - Sweet, Delicious Fragrance - Long Lasting Scent - Up to 100 Hour Burn Time - Ideal for All Occasions",'CWL1',GB,23.2,16.6,11.9,centimeters,1.01,kilograms,0.1618,cubic feet,Standard-Size,1.0,0.0,0.1618,2025-12,8.5,weeks,1.37,0.0,1.0,0.1618,0.2217,0.0,GBP,0.2217,Others,N,N,0.0,--,0.0
B002BX8ZFG,X002DZYN47,"Fackelmann OPAL Pizza Wheel, Pizza Cutter & Slicer, Super Sharp Blade, Stainless Steel, 18.5x5x1.2cm, Silver",'CWL1',GB,17.2,11.9,1.5,centimeters,0.07,kilograms,0.0108,cubic feet,Standard-Size,4.0,0.0,0.0434,2025-12,8.5,weeks,1.37,0.0,4.0,0.0434,0.0594,0.0,GBP,0.0594,Others,N,N,0.0,--,0.0
B08CHKHTWX,X002EPBTD9,"Max Factor Facefinity Matte Bronzer, 001 Light Bronze",'CWL1',GB,6.8,6.7,1.2,centimeters,0.04,kilograms,0.0019,cubic feet,Standard-Size,48.0,0.0,0.0927,2025-12,8.5,weeks,1.37,0.0,48.0,0.0927,0.127,0.0,GBP,0.127,Others,N,N,0.0,--,0.0
B07RZBBG14,X002F5VV0T,"Dragon Shield AT-13201 Standard Size Perfect Fit Sealable (100 Sleeves), clear",'CWL1',GB,24.7,8.5,1.2,centimeters,0.08,kilograms,0.0089,cubic feet,Standard-Size,33.0,0.0,0.2936,2025-12,8.5,weeks,0.75,0.0,33.0,0.2936,0.22,0.0,GBP,0.22,shoes & bags,N,N,0.0,--,0.0
B07QXSDZJM,X001XSP71D,"Shaun the Sheep Plush 61176 Backpack Clip, Black and White, Great Gift Idea,9 x 7 x 14 centimetres",'DSA2',GB,13.3,8.5,4.1,centimeters,0.03,kilograms,0.0164,cubic feet,Standard-Size,0.35,0.0,0.0058,2025-12,8.5,weeks,1.37,0.0,0.35,0.0058,0.008,0.0,GBP,0.008,Others,N,N,0.0,--,0.0
B00AOES9GE,X00206JNTT,Curaprox CS 1006 Single Toothbrush – Targeted Cleaning for Gumline and Braces | Ultra-Soft Single Tuft | for Sensitive Teeth and Implants | Designed in Switzerland,'DSA2',GB,22.3,4.2,1.3,centimeters,0.01,kilograms,0.0043,cubic feet,Standard-Size,0.68,0.0,0.0028,2025-12,8.5,weeks,1.37,0.0,0.29,0.0012,0.0038,0.0,GBP,0.0038,Others,N,N,0.0,--,0.03
B010E25DI2,X0021K11U3,100 Ultra Pro Card Protector Sleeves: Pro-Matte - 66 x 91 mm,'DSA2',GB,18.3,11.6,1.6,centimeters,0.11,kilograms,0.012,cubic feet,Standard-Size,1.0,0.0,0.012,2025-12,8.5,weeks,1.37,0.0,1.0,0.012,0.0164,0.0,GBP,0.0164,Others,N,N,0.0,--,0.0
B01CKK8CU2,X0021K3PG1,5 Ultra Pro 130pt Magnetic One Touch Card Holders (5 Total) 81721 - Fits Cards Up to 130 Point in Thickness,'DSA2',GB,22.3,11.7,2.1,centimeters,0.32,kilograms,0.0193,cubic feet,Standard-Size,6.0,0.0,0.1161,2025-12,8.5,weeks,1.37,0.0,6.0,0.1161,0.1591,0.0,GBP,0.1591,Others,N,N,0.0,--,0.0
B07J9JGZZV,X0022RICEN,Plaque Glo Plaque Disclosing Toothpaste and Torch System (Tropical),'DSA2',GB,18.0,5.0,2.4,centimeters,0.04,kilograms,0.0076,cubic feet,Standard-Size,0.84,0.0,0.0064,2025-12,8.5,weeks,1.37,0.0,0.84,0.0064,0.0088,0.0,GBP,0.0088,Others,N,N,0.0,--,0.0
B0073TTHBY,X0022WK51L,Casio Gents 43.00mm Quartz Watch with Black Analogue dial and Black Rubber Strap Strap MRW-200H-1BVES,'DSA2',GB,9.4,9.2,6.4,centimeters,0.1,kilograms,0.0195,cubic feet,Standard-Size,26.0,0.0,0.5082,2025-12,8.5,weeks,1.37,0.0,26.0,0.5082,0.693,0.0,GBP,0.693,Others,N,N,0.0,--,0.0
B002HY4YSQ,X0023ISNDV,Kitchen Devils Lifestyle Peeler Parer Knife 602001,'DSA2',GB,27.2,8.4,1.7,centimeters,0.06,kilograms,0.0137,cubic feet,Standard-Size,0.16,0.0,0.0022,2025-12,8.5,weeks,1.37,0.0,0.0,0.0,0.003,0.0,GBP,0.003,Others,N,N,0.0,--,0.0
B0009JJZ8A,X00246VCUN,"Fackelmann Sieve 15cm⌀, Strainer, Fine Mesh, Stainless Steel, 15x20x32.5cm, Silver",'DSA2',GB,33.1,15.2,6.3,centimeters,0.14,kilograms,0.1119,cubic feet,Standard-Size,1.0,0.0,0.1119,2025-12,8.5,weeks,1.37,0.0,1.0,0.1119,0.1534,0.0,GBP,0.1534,Others,N,N,0.0,--,0.0
B06XGSJS7N,X0025DTPH7,"Ultimate Guard UGD010696 Boulder Deck Case, 100 Plus, standard size, malachite",'DSA2',GB,14.19,8.0,7.59,centimeters,0.14,kilograms,0.0304,cubic feet,Standard-Size,6.42,0.0,0.1934,2025-12,8.5,weeks,1.37,0.0,6.35,0.1934,0.2649,0.0,GBP,0.2649,Others,N,N,0.0,--,0.06
B086ZD7MG6,X00293G0VR,Curaprox CPS 07 Prime Start Interdental Brush Set |Starter Set with 5 Brushes |2 Different Holders |Red | 0.7 mm Diameter |2.5 mm Effectiveness | Made in Switzerland,'DSA2',GB,15.0,6.0,1.4,centimeters,0.03,kilograms,0.0044,cubic feet,Standard-Size,0.13,0.0,6.0E-4,2025-12,8.5,weeks,1.37,0.0,0.0,0.0,8.0E-4,0.0,GBP,8.0E-4,Others,N,N,0.0,--,0.0
B093FQYQJH,X00293I5FB,"Curaprox CS 12460 Velvet Soft Toothbrush – Sensitive Gum Care | Ultra-Gentle Cleaning with 12,460 Filaments | Single Pack, Random Color | Made in Switzerland",'DSA2',GB,22.4,5.9,2.4,centimeters,0.03,kilograms,0.0112,cubic feet,Standard-Size,0.13,0.0,0.0014,2025-12,8.5,weeks,1.37,0.0,0.0,0.0,0.002,0.0,GBP,0.002,Others,N,N,0.0,--,0.0
B00S9IXBVU,X00298HYM1,ProDec Combination Shavehook for Removing Paint and Varnish from Flat and Irregular Surfaces,'DSA2',GB,30.6,10.8,5.5,centimeters,0.15,kilograms,0.0642,cubic feet,Standard-Size,1.0,0.0,0.0642,2025-12,8.5,weeks,1.37,0.0,0.39,0.0248,0.0879,0.0,GBP,0.0879,Others,N,N,0.0,--,0.0
B001OXH0X2,X00298OQXB,"Solvite SLVTHRIFT Wallpaper & Border Paste, Set of 1",'DSA2',GB,21.7,10.8,2.6,centimeters,0.07,kilograms,0.0215,cubic feet,Standard-Size,4.0,0.0,0.0861,2025-12,8.5,weeks,1.37,0.0,4.0,0.0861,0.1179,0.0,GBP,0.1179,Others,N,N,0.0,--,0.0
B075XT2J8X,X0029FIBPX,Kingfisher Natural Toothpaste Charcoal Mint Fluoride-Free | Vegetarian & Vegan | Oral Health Foundation Approved | Gluten-Free & GM-Free | Ethical Consumer Best Buy | 1x100ml Tube,'DSA2',GB,19.2,4.8,3.9,centimeters,0.17,kilograms,0.0127,cubic feet,Standard-Size,20.0,0.0,0.2539,2025-12,8.5,weeks,1.37,0.0,20.0,0.2539,0.3478,0.0,GBP,0.3478,Others,N,N,0.0,--,0.0
9189143051,X0029FKV7J,Free League FLF-ALE014 ALIEN RPG Destroyer of Worlds Game,'DSA2',GB,28.9,23.0,2.7,centimeters,0.95,kilograms,0.0634,cubic feet,Standard-Size,1.13,0.0,0.0716,2025-12,8.5,weeks,1.37,0.0,1.06,0.0675,0.098,0.0,GBP,0.098,Others,N,N,0.0,--,0.0
B0D6W9DZX4,X0029PJ5CV,"OtterBox Symmetry Folio Case for iPad 10th gen 2022, iPad 11th gen 2025 (A16), Shockproof, Drop proof, Slim Protective Folio Case, Tested to Military Standard, Black",'DSA2',GB,28.2,19.4,1.9,centimeters,0.42,kilograms,0.0367,cubic feet,Standard-Size,0.13,0.0,0.0047,2025-12,8.5,weeks,0.75,0.0,0.0,0.0,0.004,0.0,GBP,0.004,shoes & bags,N,N,0.0,--,0.0
B0BBHBX72C,X0029PQVV9,"OtterBox Defender Case for iPad 10th gen 2022, iPad 11th gen 2025 (A16), Shockproof, Rugged Protective Case with built in Screen Protector, 2x Tested to Military Standard, Black, No Retail Packaging",'DSA2',GB,26.7,19.8,3.7,centimeters,0.48,kilograms,0.0691,cubic feet,Standard-Size,0.03,0.0,0.0022,2025-12,8.5,weeks,0.75,0.0,0.0,0.0,0.0019,0.0,GBP,0.0019,shoes & bags,N,N,0.0,--,0.0
B09NQCV872,X002ASB2SR,"The Army Painter Speedpaint Sand Golem 2.0, Single Acrylic Paint 18ml One-coat Painting Soloution For Fantasy Tabletop Miniatures Like Warhammer 40k and Dungeons And Dragons Figures",'DSA2',GB,7.1,2.3,2.0,centimeters,0.03,kilograms,0.0012,cubic feet,Standard-Size,1.0,0.0,0.0012,2025-12,8.5,weeks,1.37,0.0,1.0,0.0012,0.0016,0.0,GBP,0.0016,Others,N,N,0.0,--,0.0
B06XXDNH1P,X002ASBMFZ,Dragon Shield ART11105 White (60) Matte Japanese Size Sleeves 60pk,'DSA2',GB,9.4,6.8,2.7,centimeters,0.08,kilograms,0.0061,cubic feet,Standard-Size,4.81,0.0,0.0293,2025-12,8.5,weeks,1.37,0.0,4.81,0.0293,0.0401,0.0,GBP,0.0401,Others,N,N,0.0,--,0.0
B09445GL1C,X002BA017H,"Price's - Time for You Large Jar Candle - Sweet, Delicious Fragrance - Long Lasting Scent - Up to 100 Hour Burn Time - Ideal for All Occasions",'DSA2',GB,23.2,16.6,11.9,centimeters,1.01,kilograms,0.1618,cubic feet,Standard-Size,1.0,0.0,0.1618,2025-12,8.5,weeks,1.37,0.0,1.0,0.1618,0.2217,0.0,GBP,0.2217,Others,N,N,0.0,--,0.0
B07H2WXMDJ,X002C5IRB3,"Skinny Food Co Sugar Free Maple Syrup 425ml - Zero Calorie Syrup For Breakfast, Snacks, Drinks & Desserts - Vegan, Gluten-free, Keto & Paleo Friendly Maple Syrup - Sugar Free Maple Syrup UK",'DSA2',GB,16.3,9.0,5.4,centimeters,0.47,kilograms,0.028,cubic feet,Standard-Size,2.0,0.0,0.056,2025-12,8.5,weeks,1.37,0.0,0.77,0.0217,0.0767,0.0,GBP,0.0767,Others,N,N,0.0,--,0.0
B0844ZRHS9,X002F5H8QP,"Minecraft Zombie Light - Officially Licensed Merchandise, Portable Night Light and Gaming Room Decor for Kids, Gift for Gamer, Battery Powered | Paladone, Green",'DSA2',GB,13.6,10.8,9.4,centimeters,0.12,kilograms,0.0488,cubic feet,Standard-Size,8.32,0.0,0.4042,2025-12,8.5,weeks,1.37,0.0,8.29,0.4042,0.5538,0.0,GBP,0.5538,Others,N,N,0.0,--,0.03
B09NM9TVYX,X002F5HCIJ,"Disney 6315875812X12 25cm DAR Spiderverse Miles Morales Action Figure 25 cm Soft Toy with Glow in The Dark Eyes, One Size",'DSA2',GB,30.9,11.5,7.6,centimeters,0.07,kilograms,0.0954,cubic feet,Standard-Size,0.48,0.0,0.04,2025-12,8.5,weeks,1.37,0.0,0.42,0.04,0.0548,0.0,GBP,0.0548,Others,N,N,0.0,--,0.06
B08L3FB3G2,X002F5T589,Ultimate Guard Katana Sleeves Japanese Size Black (60),'DSA2',GB,9.7,6.71,1.91,centimeters,0.07,kilograms,0.0044,cubic feet,Standard-Size,1.1,0.0,0.0048,2025-12,8.5,weeks,1.37,0.0,1.1,0.0048,0.0066,0.0,GBP,0.0066,Others,N,N,0.0,--,0.0
B07RZBBG14,X002F5VV0T,"Dragon Shield AT-13201 Standard Size Perfect Fit Sealable (100 Sleeves), clear",'DSA2',GB,24.7,8.5,1.2,centimeters,0.08,kilograms,0.0089,cubic feet,Standard-Size,4.58,0.0,0.0408,2025-12,8.5,weeks,0.75,0.0,4.58,0.0408,0.0341,0.0,GBP,0.0341,shoes & bags,N,N,0.0,--,0.0
B007R2ICTK,X002057DE7,"HG Stain Away 7, Removes Rust Stains from Clothing & Textiles, Concentrated Rusty Mark Remover for Surfaces & Tiles, Fabric & Natural Stone Safe – 50m (426005106)",'DSA6',GB,14.0,4.2,2.4,centimeters,0.06,kilograms,0.005,cubic feet,Standard-Size,43.74,0.0,0.2177,2025-12,--,--,1.18,0.0,0.0,0.0,0.0,0.0,GBP,0.26,Others,N,N,0.0,--,0.06
B07C8QSSR2,X00208LBW9,"Piksters Wax for Orthodontics and Braces, 2 Count (Pack of 1)",'DSA6',GB,11.9,6.7,1.9,centimeters,0.02,kilograms,0.0053,cubic feet,Standard-Size,1.0,0.0,0.0053,2025-12,8.5,weeks,1.37,0.0,1.0,0.0053,0.0073,0.0,GBP,0.0073,Others,N,N,0.0,--,0.0
B07BC1CMDK,X00218D0YF,"Amtech V4075 P240 Hook and Loop Orbital Sanding Sheets, 10 Piece Set, 115mm Diameter Sanding Paper",'DSA6',GB,15.9,12.0,1.0,centimeters,0.06,kilograms,0.0067,cubic feet,Standard-Size,1.0,0.0,0.0067,2025-12,8.5,weeks,1.37,0.0,1.0,0.0067,0.0092,0.0,GBP,0.0092,Others,N,N,0.0,--,0.0
B001Q77TI2,X0021O4AW5,"Ultra Pro 81181 3"" x 4"" Clear Thick 55PT Toploaders (25ct)",'DSA6',GB,10.8,8.2,5.5,centimeters,0.2,kilograms,0.0172,cubic feet,Standard-Size,1.13,0.0,0.0194,2025-12,8.5,weeks,1.37,0.0,0.87,0.015,0.0266,0.0,GBP,0.0266,Others,N,N,0.0,--,0.0
B07J9JGZZV,X0022RICEN,Plaque Glo Plaque Disclosing Toothpaste and Torch System (Tropical),'DSA6',GB,18.0,5.0,2.4,centimeters,0.04,kilograms,0.0076,cubic feet,Standard-Size,3.19,0.0,0.0231,2025-12,8.5,weeks,1.37,0.0,3.03,0.0231,0.0317,0.0,GBP,0.0317,Others,N,N,0.0,--,0.16
B0073TTHBY,X0022WK51L,Casio Gents 43.00mm Quartz Watch with Black Analogue dial and Black Rubber Strap Strap MRW-200H-1BVES,'DSA6',GB,9.4,9.2,6.4,centimeters,0.1,kilograms,0.0195,cubic feet,Standard-Size,4.0,0.0,0.0782,2025-12,8.5,weeks,1.37,0.0,4.0,0.0782,0.1071,0.0,GBP,0.1071,Others,N,N,0.0,--,0.0
B002HY4YSQ,X0023ISNDV,Kitchen Devils Lifestyle Peeler Parer Knife 602001,'DSA6',GB,27.2,8.4,1.7,centimeters,0.06,kilograms,0.0137,cubic feet,Standard-Size,1.26,0.0,0.0137,2025-12,8.5,weeks,1.37,0.0,0.06,9.0E-4,0.0188,0.0,GBP,0.0188,Others,N,N,0.0,--,0.26
B08W25WKTN,X0024EBXZJ,LEXIBOOK - Paw Patrol - Cordless Mini Bedside Lamp and Nightlight Paw Patrol - Blue - MLT10PA,'DSA6',GB,19.1,10.2,10.0,centimeters,0.16,kilograms,0.0688,cubic feet,Standard-Size,2.0,0.0,0.1376,2025-12,8.5,weeks,1.37,0.0,2.0,0.1376,0.1885,0.0,GBP,0.1885,Others,N,N,0.0,--,0.0
B08M52B4M5,X002595YRB,Moo Free Dairy Free Chocolate Buttons (25g),'DSA6',GB,12.0,8.7,1.4,centimeters,0.02,kilograms,0.0052,cubic feet,Standard-Size,5.29,0.0,0.0273,2025-12,8.5,weeks,1.37,0.0,5.29,0.0273,0.0374,0.0,GBP,0.0374,Others,N,N,0.0,--,0.0
B07W45L22P,X0025E26D1,Funko POP! Star Wars: the Mandalorian - Big Tom - Heavy Infantry Mandalorian - Collectable Vinyl Figure - Gift Idea - Official Merchandise - Toys for Kids & Adults - TV Fans,'DSA6',GB,16.1,11.91,8.99,centimeters,0.17,kilograms,0.0609,cubic feet,Standard-Size,0.68,0.0,0.0393,2025-12,8.5,weeks,1.37,0.0,0.65,0.0393,0.0538,0.0,GBP,0.0538,Others,N,N,0.0,--,0.03
B0001P15T4,X0025FSMDX,"Vitrex 10 2280 Grout Finisher, Blue",'DSA6',GB,16.9,6.9,0.7,centimeters,0.01,kilograms,0.0029,cubic feet,Standard-Size,1.0,0.0,0.0029,2025-12,8.5,weeks,1.37,0.0,1.0,0.0029,0.0039,0.0,GBP,0.0039,Others,N,N,0.0,--,0.0
B00BWU7MNU,X0028GYIGT,"SPLAT Biocalcium Toothpaste, 100 ml",'DSA6',GB,18.2,5.1,3.9,centimeters,0.15,kilograms,0.0128,cubic feet,Standard-Size,1.0,0.0,0.0128,2025-12,8.5,weeks,1.37,0.0,1.0,0.0128,0.0175,0.0,GBP,0.0175,Others,N,N,0.0,--,0.0
B00000IU72,X0028LVUDD,"BRIO 33344 Mechanical Switches Wooden Train Track for Kids Age 3 Years Up - Compatible with all BRIO Railway Sets & Accessories, Multicoloured",'DSA6',GB,19.3,9.6,2.9,centimeters,0.16,kilograms,0.019,cubic feet,Standard-Size,1.58,0.0,0.03,2025-12,8.5,weeks,1.37,0.0,1.58,0.03,0.0411,0.0,GBP,0.0411,Others,N,N,0.0,--,0.0
B086ZD7MG6,X00293G0VR,Curaprox CPS 07 Prime Start Interdental Brush Set |Starter Set with 5 Brushes |2 Different Holders |Red | 0.7 mm Diameter |2.5 mm Effectiveness | Made in Switzerland,'DSA6',GB,15.0,6.0,1.4,centimeters,0.03,kilograms,0.0044,cubic feet,Standard-Size,0.23,0.0,0.001,2025-12,8.5,weeks,1.37,0.0,0.0,0.0,0.0014,0.0,GBP,0.0014,Others,N,N,0.0,--,0.0
B093FQYQJH,X00293I5FB,"Curaprox CS 12460 Velvet Soft Toothbrush – Sensitive Gum Care | Ultra-Gentle Cleaning with 12,460 Filaments | Single Pack, Random Color | Made in Switzerland",'DSA6',GB,22.4,5.9,2.4,centimeters,0.03,kilograms,0.0112,cubic feet,Standard-Size,0.26,0.0,0.0025,2025-12,8.5,weeks,1.37,0.0,0.0,0.0,0.0035,0.0,GBP,0.0035,Others,N,N,0.0,--,0.03
B00S9IXBVU,X00298HYM1,ProDec Combination Shavehook for Removing Paint and Varnish from Flat and Irregular Surfaces,'DSA6',GB,30.6,10.8,5.5,centimeters,0.15,kilograms,0.0642,cubic feet,Standard-Size,0.58,0.0,0.0373,2025-12,8.5,weeks,1.37,0.0,0.0,0.0,0.0511,0.0,GBP,0.0511,Others,N,N,0.0,--,0.0
B00BEUFYE2,X00298I7JF,"Tala Adjustable Cake Leveller, Stainless Steel Wire Cutter for Even Cake Layers, Multi-Height Settings for Cakes up to 25cm Wide, Perfect for Leveling & Decorating Sponges",'DSA6',GB,32.5,16.3,2.4,centimeters,0.08,kilograms,0.0449,cubic feet,Standard-Size,1.0,0.0,0.0449,2025-12,8.5,weeks,1.37,0.0,1.0,0.0449,0.0615,0.0,GBP,0.0615,Others,N,N,0.0,--,0.0
9189143051,X0029FKV7J,Free League FLF-ALE014 ALIEN RPG Destroyer of Worlds Game,'DSA6',GB,28.9,23.0,2.7,centimeters,0.95,kilograms,0.0634,cubic feet,Standard-Size,0.19,0.0,0.0123,2025-12,8.5,weeks,1.37,0.0,0.13,0.0082,0.0168,0.0,GBP,0.0168,Others,N,N,0.0,--,0.0
B08P63MSS9,X0029FLX21,The Cheeky Panda Bamboo Facial Make Up Remover Wipes | Sustainable Face Wipes Eye Makeup Remover | Rose Scented Pack of 25 Face Wipes | 99% Purified Water,'DSA6',GB,13.8,8.5,3.9,centimeters,0.19,kilograms,0.0162,cubic feet,Standard-Size,1.0,0.0,0.0162,2025-12,8.5,weeks,1.37,0.0,1.0,0.0162,0.0221,0.0,GBP,0.0221,Others,N,N,0.0,--,0.0
B08WPCW7TH,X0029FM4IN,"Moo Free White Chocolate Bars - Dairy Free, Gluten Free & Vegan (20g)",'DSA6',GB,14.0,4.0,0.5,centimeters,0.02,kilograms,0.001,cubic feet,Standard-Size,5.0,0.0,0.0049,2025-12,8.5,weeks,1.37,0.0,5.0,0.0049,0.0068,0.0,GBP,0.0068,Others,N,N,0.0,--,0.0
9188805646,X0029FM6EP,"Free League Publishing MÖRK Borg (Fantasy OSR RPG, Hardback, Full Color",'DSA6',GB,21.7,15.6,1.4,centimeters,0.39,kilograms,0.0167,cubic feet,Standard-Size,0.06,0.0,0.0011,2025-12,8.5,weeks,1.37,0.0,0.03,5.0E-4,0.0015,0.0,GBP,0.0015,Others,N,N,0.0,--,0.0
B07BLX7YG9,X0029NC4AD,"Lexibook PAW Patrol Helper on Four Paws Chase LED Night Light for Kids, Color Changing, Soft Light, Batteries, Plastic, Blue/Beige, NLJ001PA1, Multicolor, 13, Colour Change",'DSA6',GB,14.4,10.2,9.7,centimeters,0.13,kilograms,0.0503,cubic feet,Standard-Size,0.42,0.0,0.0211,2025-12,8.5,weeks,1.37,0.0,0.42,0.0211,0.0289,0.0,GBP,0.0289,Others,N,N,0.0,--,0.0
B0C9LJNJWZ,X0029NJZVJ,"LEXIBOOK, Barbie, Educational and Bilingual Laptop in English/French, Toy for children with 124 activities to learn, play games and music, Pink, JC598BBi1",'DSA6',GB,34.7,27.3,5.6,centimeters,0.82,kilograms,0.1873,cubic feet,Standard-Size,3.0,0.0,0.562,2025-12,8.5,weeks,1.37,0.0,3.0,0.562,0.77,0.0,GBP,0.77,Others,N,N,0.0,--,0.0
B0D6W9DZX4,X0029PJ5CV,"OtterBox Symmetry Folio Case for iPad 10th gen 2022, iPad 11th gen 2025 (A16), Shockproof, Drop proof, Slim Protective Folio Case, Tested to Military Standard, Black",'DSA6',GB,28.2,19.4,1.9,centimeters,0.42,kilograms,0.0367,cubic feet,Standard-Size,0.06,0.0,0.0012,2025-12,8.5,weeks,0.75,0.0,0.0,0.0,9.0E-4,0.0,GBP,9.0E-4,shoes & bags,N,N,0.0,--,0.03
B005F5TRBI,X002AFJNZT,"Croydex White Button Shower Curtain Rings 12pk, 75g, 34F",'DSA6',GB,18.0,8.2,4.5,centimeters,0.04,kilograms,0.0235,cubic feet,Standard-Size,1.0,0.0,0.0235,2025-12,8.5,weeks,1.37,0.0,1.0,0.0235,0.0321,0.0,GBP,0.0321,Others,N,N,0.0,--,0.0
B001ET78RY,X002AQ0W1H,Avalon Organics Rosemary Volumizing Conditioner 325ml Pack of 3,'DSA6',GB,22.9,21.1,6.6,centimeters,1.03,kilograms,0.1126,cubic feet,Standard-Size,0.9,0.0,0.1017,2025-12,8.5,weeks,1.37,0.0,0.9,0.1017,0.1394,0.0,GBP,0.1394,Others,N,N,0.0,--,0.0
B0897VHKW6,X002AQ3LX3,Hilltop Maple Syrup - Very Dark Late Harvest - Squeezy Bottle - 230g,'DSA6',GB,12.0,6.8,4.0,centimeters,0.28,kilograms,0.0115,cubic feet,Standard-Size,1.0,0.0,0.0115,2025-12,8.5,weeks,1.37,0.0,1.0,0.0115,0.0158,0.0,GBP,0.0158,Others,N,N,0.0,--,0.0
B074RQ8G8Z,X002AQ6CZH,Cool Chile Chipotle Chillies in Adobo Paste - 170g Jar | Smoky Chilli Peppers in Sauce for Mexican Cooking,'DSA6',GB,8.2,6.3,6.0,centimeters,0.34,kilograms,0.0109,cubic feet,Standard-Size,0.42,0.0,0.0046,2025-12,8.5,weeks,1.37,0.0,0.42,0.0046,0.0063,0.0,GBP,0.0063,Others,N,N,0.0,--,0.0
B09NQD4S5N,X002AS6LUL,"The Army Painter Speedpaint Zealot Yellow 2.0, Single Acrylic Paint 18ml One-coat Painting Soloution For Fantasy Tabletop Miniatures Like Warhammer 40k and Dungeons And Dragons Figures",'DSA6',GB,7.2,2.4,2.2,centimeters,0.04,kilograms,0.0013,cubic feet,Standard-Size,1.0,0.0,0.0013,2025-12,8.5,weeks,1.37,0.0,1.0,0.0013,0.0018,0.0,GBP,0.0018,Others,N,N,0.0,--,0.0
B09LDDFK4R,X002B838YR,"Promixx Pro Shaker Bottle - Refillable, Powerful for Smooth Protein Shakes - Includes Extra Storage - BPA Free, Tumbler 600ml (Silver White/Grey)",'DSA6',GB,23.3,9.0,8.9,centimeters,0.5,kilograms,0.0659,cubic feet,Standard-Size,0.52,0.0,0.034,2025-12,8.5,weeks,1.37,0.0,0.0,0.0,0.0466,0.0,GBP,0.0466,Others,N,N,0.0,--,0.0
B09445GL1C,X002BA017H,"Price's - Time for You Large Jar Candle - Sweet, Delicious Fragrance - Long Lasting Scent - Up to 100 Hour Burn Time - Ideal for All Occasions",'DSA6',GB,23.2,16.6,11.9,centimeters,1.01,kilograms,0.1618,cubic feet,Standard-Size,1.0,0.0,0.1618,2025-12,8.5,weeks,1.37,0.0,1.0,0.1618,0.2217,0.0,GBP,0.2217,Others,N,N,0.0,--,0.0
B07F1MFWV1,X002BG3AK1,"Skinny Food Co Salted Caramel Zero Calorie Syrup 425ml - Sugar Free Salted Caramel Syrup For Snacks, Drinks & Desserts - Vegan, Gluten-free, Keto & Paleo Friendly Caramel Syrup - Salted Caramel Syrup",'DSA6',GB,16.4,9.0,5.4,centimeters,0.47,kilograms,0.0281,cubic feet,Standard-Size,0.35,0.0,0.0091,2025-12,8.5,weeks,1.37,0.0,0.32,0.0091,0.0124,0.0,GBP,0.0124,Others,N,N,0.0,--,0.03
B0915M1DLF,X002BPXUYN,"Makeup Revolution, Conceal & Fix, Ultimate Coverage, Concealer, Medium Sand, 11g",'DSA6',GB,4.3,4.0,3.8,centimeters,0.05,kilograms,0.0023,cubic feet,Standard-Size,1.0,0.0,0.0023,2025-12,8.5,weeks,1.37,0.0,1.0,0.0023,0.0032,0.0,GBP,0.0032,Others,N,N,0.0,--,0.0
B07H2WXMDJ,X002C5IRB3,"Skinny Food Co Sugar Free Maple Syrup 425ml - Zero Calorie Syrup For Breakfast, Snacks, Drinks & Desserts - Vegan, Gluten-free, Keto & Paleo Friendly Maple Syrup - Sugar Free Maple Syrup UK",'DSA6',GB,16.3,9.0,5.4,centimeters,0.47,kilograms,0.028,cubic feet,Standard-Size,1.0,0.0,0.028,2025-12,8.5,weeks,1.37,0.0,0.39,0.0108,0.0383,0.0,GBP,0.0383,Others,N,N,0.0,--,0.0
B0D3J9M2H8,X002E028OX,"OtterBox Symmetry Folio Case for iPad Air 13-Inch (2024 M2, 2025 M3), Shockproof, Drop proof, Slim Protective Folio Case, Tested to Military Standard, Black",'DSA6',GB,31.6,22.4,1.8,centimeters,0.55,kilograms,0.045,cubic feet,Standard-Size,0.48,0.0,0.0218,2025-12,8.5,weeks,0.75,0.0,0.29,0.0131,0.0172,0.0,GBP,0.0172,shoes & bags,N,N,0.0,--,0.0
B0CN5KRVXB,X002F5S5VH,Yu-Gi-Oh Legendary Decks 2 2024 Unlimited Reprint,'DSA6',GB,23.6,13.8,7.4,centimeters,0.43,kilograms,0.0851,cubic feet,Standard-Size,15.48,0.0,1.3096,2025-12,8.5,weeks,1.37,0.0,15.39,1.3096,1.7898,0.0,GBP,1.7898,Others,N,N,0.0,--,0.1
B08L3FB3G2,X002F5T589,Ultimate Guard Katana Sleeves Japanese Size Black (60),'DSA6',GB,9.7,6.71,1.91,centimeters,0.07,kilograms,0.0044,cubic feet,Standard-Size,1.0,0.0,0.0044,2025-12,8.5,weeks,1.37,0.0,1.0,0.0044,0.006,0.0,GBP,0.006,Others,N,N,0.0,--,0.0
B07RZBBG14,X002F5VV0T,"Dragon Shield AT-13201 Standard Size Perfect Fit Sealable (100 Sleeves), clear",'DSA6',GB,24.7,8.5,1.2,centimeters,0.08,kilograms,0.0089,cubic feet,Standard-Size,3.19,0.0,0.0278,2025-12,8.5,weeks,0.75,0.0,3.13,0.0278,0.0219,0.0,GBP,0.0219,shoes & bags,N,N,0.0,--,0.06
B006PFN3BW,X001XQKWXX,Everbuild Industrial Grade Superglue GP 50 g Pack of 3,'EDI4',GB,14.3,12.1,4.0,centimeters,0.18,kilograms,0.0244,cubic feet,Standard-Size,22.52,0.0,0.5346,2025-12,--,--,1.18,0.0,0.0,0.0,0.0,0.0,GBP,0.6286,Others,N,N,0.0,--,0.65
B07QXSDZJM,X001XSP71D,"Shaun the Sheep Plush 61176 Backpack Clip, Black and White, Great Gift Idea,9 x 7 x 14 centimetres",'EDI4',GB,13.3,8.5,4.1,centimeters,0.03,kilograms,0.0164,cubic feet,Standard-Size,0.39,0.0,0.0058,2025-12,8.5,weeks,1.37,0.0,0.35,0.0058,0.008,0.0,GBP,0.008,Others,N,N,0.0,--,0.03
B00WI8O0RG,X001YC1PPF,100 Ultra Pro Card Protector Sleeves: Pro-Matte - 66 x 91 mm,'EDI4',GB,14.2,11.6,1.8,centimeters,0.11,kilograms,0.0105,cubic feet,Standard-Size,1.0,0.0,0.0105,2025-12,8.5,weeks,1.37,0.0,1.0,0.0105,0.0144,0.0,GBP,0.0144,Others,N,N,0.0,--,0.0
B09ST7SSLW,X00204SAZ9,LEXIBOOK Cordless Mini Bedside Lamp and Nightlight Nintendo - Red - MLT10NI,'EDI4',GB,18.9,11.2,10.1,centimeters,0.17,kilograms,0.0755,cubic feet,Standard-Size,0.32,0.13,0.0146,2025-12,8.5,weeks,1.37,0.0,0.19,0.0146,0.0202,0.0,GBP,0.0202,Others,N,N,0.0,--,0.0
B007R2ICTK,X002057DE7,"HG Stain Away 7, Removes Rust Stains from Clothing & Textiles, Concentrated Rusty Mark Remover for Surfaces & Tiles, Fabric & Natural Stone Safe – 50m (426005106)",'EDI4',GB,14.0,4.2,2.4,centimeters,0.06,kilograms,0.005,cubic feet,Standard-Size,0.13,0.0,6.0E-4,2025-12,--,--,1.18,0.0,0.0,0.0,0.0,0.0,GBP,0.0,Others,N,N,0.0,--,0.0
B007R2ICTK,X002057DE7,"HG Stain Away 7, Removes Rust Stains from Clothing & Textiles, Concentrated Rusty Mark Remover for Surfaces & Tiles, Fabric & Natural Stone Safe – 50m (426005106)",'EDI4',GB,14.0,4.2,2.4,centimeters,0.06,kilograms,0.005,cubic feet,Standard-Size,0.23,0.0,0.0011,2025-12,--,--,1.18,0.0,0.0,0.0,0.0,0.0,GBP,0.0,Others,N,N,0.0,--,0.0
B00AOES9GE,X00206JNTT,Curaprox CS 1006 Single Toothbrush – Targeted Cleaning for Gumline and Braces | Ultra-Soft Single Tuft | for Sensitive Teeth and Implants | Designed in Switzerland,'EDI4',GB,22.3,4.2,1.3,centimeters,0.01,kilograms,0.0043,cubic feet,Standard-Size,0.97,0.48,0.0021,2025-12,8.5,weeks,1.37,0.0,0.48,0.0021,0.0029,0.0,GBP,0.0029,Others,N,N,0.0,--,0.0
B00AOES9GE,X00206JNTT,Curaprox CS 1006 Single Toothbrush – Targeted Cleaning for Gumline and Braces | Ultra-Soft Single Tuft | for Sensitive Teeth and Implants | Designed in Switzerland,'EDI4',GB,22.3,4.2,1.3,centimeters,0.01,kilograms,0.0043,cubic feet,Standard-Size,0.06,0.0,1.0E-4,2025-12,8.5,weeks,1.37,0.0,0.0,0.0,2.0E-4,0.0,GBP,2.0E-4,Others,N,N,0.0,--,0.03
B001Q77TI2,X0021O4AW5,"Ultra Pro 81181 3"" x 4"" Clear Thick 55PT Toploaders (25ct)",'EDI4',GB,10.8,8.2,5.5,centimeters,0.2,kilograms,0.0172,cubic feet,Standard-Size,0.9,0.0,0.015,2025-12,8.5,weeks,1.37,0.0,0.81,0.0139,0.0207,0.0,GBP,0.0207,Others,N,N,0.0,--,0.03
B000FGECAI,X0021XOD1J,"Learning Resources Kanoodle Puzzle Game, Ages 7+, 3D Brain Teaser with 200 Challenges, Travel-Friendly STEM Toy. Christmas Gifts Idea",'EDI4',GB,13.9,10.5,2.7,centimeters,0.15,kilograms,0.0139,cubic feet,Standard-Size,0.9,0.29,0.0085,2025-12,8.5,weeks,1.37,0.0,0.61,0.0085,0.0118,0.0,GBP,0.0118,Others,N,N,0.0,--,0.0
B0073TTHBY,X0022WK51L,Casio Gents 43.00mm Quartz Watch with Black Analogue dial and Black Rubber Strap Strap MRW-200H-1BVES,'EDI4',GB,9.4,9.2,6.4,centimeters,0.1,kilograms,0.0195,cubic feet,Standard-Size,1.0,0.0,0.0195,2025-12,8.5,weeks,1.37,0.0,1.0,0.0195,0.027,0.0,GBP,0.027,Others,N,N,0.0,--,0.0
B0913SVFD3,X0022WODPF,"LEXIBOOK Paw Patrol - Educational and Bilingual Laptop Spanish/English - Toy for Kids (Boys & Girls), 124 Activities, Learn, Play Games and Music with Chase and Marshall, Red/Blue, JC598PAi2",'EDI4',GB,34.0,25.9,4.7,centimeters,0.8,kilograms,0.1462,cubic feet,Standard-Size,1.0,0.48,0.0754,2025-12,8.5,weeks,1.37,0.0,0.52,0.0754,0.1041,0.0,GBP,0.1041,Others,N,N,0.0,--,0.0
B002HY4YSQ,X0023ISNDV,Kitchen Devils Lifestyle Peeler Parer Knife 602001,'EDI4',GB,27.2,8.4,1.7,centimeters,0.06,kilograms,0.0137,cubic feet,Standard-Size,0.74,0.48,0.0035,2025-12,8.5,weeks,1.37,0.0,0.26,0.0035,0.0049,0.0,GBP,0.0049,Others,N,N,0.0,--,0.0
B002HY4YSQ,X0023ISNDV,Kitchen Devils Lifestyle Peeler Parer Knife 602001,'EDI4',GB,27.2,8.4,1.7,centimeters,0.06,kilograms,0.0137,cubic feet,Standard-Size,0.32,0.0,0.004,2025-12,8.5,weeks,1.37,0.0,0.0,0.0,0.0055,0.0,GBP,0.0055,Others,N,N,0.0,--,0.03
B01NBDFDBC,X0023ITOJX,"Yale YES-CYLPULL-CH Essentials Rim Cylinder Door Pull, Great for External Doors, for Easy Door Closing, Chrome Finish",'EDI4',GB,14.1,8.5,2.3,centimeters,0.07,kilograms,0.0097,cubic feet,Standard-Size,0.61,0.0,0.0057,2025-12,8.5,weeks,1.37,0.0,0.0,0.0,0.0078,0.0,GBP,0.0078,Others,N,N,0.0,--,0.03
B0D3JC45CK,X00245PSXV,"OtterBox Symmetry Folio Case for iPad Pro 11"" (M5/M4), Shockproof, Drop proof, Slim Protective Folio Case, Tested to Military Standard, Black",'EDI4',GB,28.4,18.7,1.5,centimeters,0.37,kilograms,0.0281,cubic feet,Standard-Size,0.58,0.48,0.0027,2025-12,8.5,weeks,0.75,0.0,0.1,0.0027,0.0022,0.0,GBP,0.0022,shoes & bags,N,N,0.0,--,0.0
B0C9J86XCZ,X0024E8Z4B,Groov-e Geneva Rechargeable DAB & FM Digital Radio - Built-In Alarm Clock & Bluetooth Connectivity - LCD Display - USB or Battery Operated - Portable Radio - 80 Preset Stations - Black,'EDI4',GB,16.0,7.6,3.4,centimeters,0.2,kilograms,0.0146,cubic feet,Standard-Size,0.9,0.48,0.0061,2025-12,8.5,weeks,1.37,0.0,0.42,0.0061,0.0084,0.0,GBP,0.0084,Others,N,N,0.0,--,0.0
B06WW79DX5,X0024FWWTJ,3 X Everbuild CYN20 20g General Purpose Industrial Superglue,'EDI4',GB,10.4,10.2,2.4,centimeters,0.06,kilograms,0.009,cubic feet,Standard-Size,0.1,0.0,9.0E-4,2025-12,--,--,1.18,0.0,0.0,0.0,0.0,0.0,GBP,0.001,Others,N,N,0.0,--,0.0
B06WW79DX5,X0024FWWTJ,3 X Everbuild CYN20 20g General Purpose Industrial Superglue,'EDI4',GB,10.4,10.2,2.4,centimeters,0.06,kilograms,0.009,cubic feet,Standard-Size,0.03,0.0,3.0E-4,2025-12,--,--,1.18,0.0,0.0,0.0,0.0,0.0,GBP,3.0E-4,Others,N,N,0.0,--,0.0
B086763VT8,X00259FBMT,"Leder Games Root: The Clockwork Expansion, LED01009",'EDI4',GB,32.26,22.61,5.33,centimeters,0.85,kilograms,0.1373,cubic feet,Standard-Size,0.61,0.29,0.0443,2025-12,8.5,weeks,1.37,0.0,0.32,0.0443,0.0611,0.0,GBP,0.0611,Others,N,N,0.0,--,0.0
B06XGSJS7N,X0025DTPH7,"Ultimate Guard UGD010696 Boulder Deck Case, 100 Plus, standard size, malachite",'EDI4',GB,14.19,8.0,7.59,centimeters,0.14,kilograms,0.0304,cubic feet,Standard-Size,0.03,0.0,0.001,2025-12,8.5,weeks,1.37,0.0,0.03,0.001,0.0014,0.0,GBP,0.0014,Others,N,N,0.0,--,0.0
B00F4LA0K0,X0028A4KS1,"Chef Aid Cocktail Sticks, Pack of 200 Stick perfect for Buffets and Cocktails use, The Skewer design helps hold sweet and savoury foods, Each cocktails stick measures 8 cm",'EDI4',GB,14.6,8.9,1.4,centimeters,0.04,kilograms,0.0064,cubic feet,Standard-Size,1.0,0.0,0.0064,2025-12,8.5,weeks,1.37,0.0,1.0,0.0064,0.0089,0.0,GBP,0.0089,Others,N,N,0.0,--,0.0
B016Y8SWZQ,X0028A4OZZ,"Easy Cook NS606R Microwave Egg Poacher, red, 2 cup",'EDI4',GB,20.4,16.8,5.3,centimeters,0.14,kilograms,0.0641,cubic feet,Standard-Size,0.9,0.48,0.0269,2025-12,8.5,weeks,1.37,0.0,0.42,0.0269,0.0371,0.0,GBP,0.0371,Others,N,N,0.0,--,0.0
B072YZPBJ3,X0028LVSAN,Funko Pop! Movies: Bride Of Chucky - Tiffany Valentine-Ray - 1/6 Odds for Rare Chase Variant - Collectable Vinyl Figure - Gift Idea - Official Merchandise - Toys for Kids & Adults - Horror Fans,'EDI4',GB,16.0,13.8,11.8,centimeters,0.11,kilograms,0.092,cubic feet,Standard-Size,0.71,0.0,0.0653,2025-12,8.5,weeks,1.37,0.0,0.71,0.0653,0.0901,0.0,GBP,0.0901,Others,N,N,0.0,--,0.0
B093FQYQJH,X00293I5FB,"Curaprox CS 12460 Velvet Soft Toothbrush – Sensitive Gum Care | Ultra-Gentle Cleaning with 12,460 Filaments | Single Pack, Random Color | Made in Switzerland",'EDI4',GB,22.4,5.9,2.4,centimeters,0.03,kilograms,0.0112,cubic feet,Standard-Size,0.1,0.0,0.0011,2025-12,8.5,weeks,1.37,0.0,0.0,0.0,0.0015,0.0,GBP,0.0015,Others,N,N,0.0,--,0.0
B00BEUFYE2,X00298I7JF,"Tala Adjustable Cake Leveller, Stainless Steel Wire Cutter for Even Cake Layers, Multi-Height Settings for Cakes up to 25cm Wide, Perfect for Leveling & Decorating Sponges",'EDI4',GB,32.5,16.3,2.4,centimeters,0.08,kilograms,0.0449,cubic feet,Standard-Size,1.0,0.0,0.0449,2025-12,8.5,weeks,1.37,0.0,1.0,0.0449,0.062,0.0,GBP,0.062,Others,N,N,0.0,--,0.0
B001OXH0X2,X00298OQXB,"Solvite SLVTHRIFT Wallpaper & Border Paste, Set of 1",'EDI4',GB,21.7,10.8,2.6,centimeters,0.07,kilograms,0.0215,cubic feet,Standard-Size,4.0,0.0,0.0861,2025-12,8.5,weeks,1.37,0.0,4.0,0.0861,0.1179,0.0,GBP,0.1179,Others,N,N,0.0,--,0.0
B003VTZAM0,X00298OTDN,"Minky Metallic Reflector Ironing Board Cover, Extra Large",'EDI4',GB,24.0,19.6,5.0,centimeters,0.15,kilograms,0.0831,cubic feet,Standard-Size,1.0,0.48,0.0429,2025-12,8.5,weeks,1.37,0.0,0.52,0.0429,0.0592,0.0,GBP,0.0592,Others,N,N,0.0,--,0.0
B0D6W9DZX4,X0029PJ5CV,"OtterBox Symmetry Folio Case for iPad 10th gen 2022, iPad 11th gen 2025 (A16), Shockproof, Drop proof, Slim Protective Folio Case, Tested to Military Standard, Black",'EDI4',GB,28.2,19.4,1.9,centimeters,0.42,kilograms,0.0367,cubic feet,Standard-Size,3.58,1.45,0.0782,2025-12,8.5,weeks,0.75,0.0,2.13,0.0782,0.0616,0.0,GBP,0.0616,shoes & bags,N,N,0.0,--,0.0
B0BBH71LQN,X0029PJ5SZ,"OtterBox Symmetry Folio Case for iPad 10th gen 2022, iPad 11th gen 2025 (A16), Shockproof, Drop proof, Slim Protective Folio Case, Tested to Military Standard, Black",'EDI4',GB,28.4,19.4,1.8,centimeters,0.4,kilograms,0.035,cubic feet,Standard-Size,0.06,0.0,0.0023,2025-12,8.5,weeks,0.75,0.0,0.06,0.0023,0.0018,0.0,GBP,0.0018,shoes & bags,N,N,0.0,--,0.0
B074RQ8G8Z,X002AQ6CZH,Cool Chile Chipotle Chillies in Adobo Paste - 170g Jar | Smoky Chilli Peppers in Sauce for Mexican Cooking,'EDI4',GB,8.2,6.3,6.0,centimeters,0.34,kilograms,0.0109,cubic feet,Standard-Size,0.23,0.0,0.0025,2025-12,8.5,weeks,1.37,0.0,0.23,0.0025,0.0034,0.0,GBP,0.0034,Others,N,N,0.0,--,0.0
B0CRRPCT5P,X002AS81FJ,Arcane Tinmen ApS ART15062 Dragon Shield: Matte - Dual Soul (Metallic Purple),'EDI4',GB,9.9,7.5,4.5,centimeters,0.14,kilograms,0.0118,cubic feet,Standard-Size,0.1,0.0,8.0E-4,2025-12,8.5,weeks,0.75,0.0,0.06,8.0E-4,6.0E-4,0.0,GBP,6.0E-4,shoes & bags,N,N,0.0,--,0.03
B06XXDNH1P,X002ASBMFZ,Dragon Shield ART11105 White (60) Matte Japanese Size Sleeves 60pk,'EDI4',GB,9.4,6.8,2.7,centimeters,0.08,kilograms,0.0061,cubic feet,Standard-Size,1.0,0.0,0.0061,2025-12,8.5,weeks,1.37,0.0,1.0,0.0061,0.0084,0.0,GBP,0.0084,Others,N,N,0.0,--,0.0
B086MBW9R9,X002B1NKXX,"The Army Painter Lowland Shrubs, 77 Self Adhesive Static Grass Tufts in 3 Sizes, for Model Bases, Terrain Scenics, Miniature Bases and Diorama Base, Green Grass Tufts for Gaming Bases",'EDI4',GB,21.0,7.8,1.8,centimeters,0.02,kilograms,0.0104,cubic feet,Standard-Size,0.19,0.0,0.0017,2025-12,8.5,weeks,1.37,0.0,0.16,0.0017,0.0023,0.0,GBP,0.0023,Others,N,N,0.0,--,0.03
B0012B80HG,X002CJPDFR,"Kitchen Devils S8602003 Lifestyle Kitchen Knife, Black, 30x8.5x2 cm",'EDI4',GB,28.1,7.4,1.7,centimeters,0.05,kilograms,0.0125,cubic feet,Standard-Size,1.0,0.0,0.0125,2025-12,8.5,weeks,1.37,0.0,1.0,0.0125,0.0172,0.0,GBP,0.0172,Others,N,N,0.0,--,0.0
B0D3J9M2H8,X002E028OX,"OtterBox Symmetry Folio Case for iPad Air 13-Inch (2024 M2, 2025 M3), Shockproof, Drop proof, Slim Protective Folio Case, Tested to Military Standard, Black",'EDI4',GB,31.6,22.4,1.8,centimeters,0.55,kilograms,0.045,cubic feet,Standard-Size,0.68,0.48,0.0087,2025-12,8.5,weeks,0.75,0.0,0.19,0.0087,0.0069,0.0,GBP,0.0069,shoes & bags,N,N,0.0,--,0.0
B007YX9O9E,X002EEAAT9,"SanDisk Cruzer Glide 32 GB USB Flash Drive USB 2.0 , Black & Red",'EDI4',GB,12.5,7.5,1.2,centimeters,0.01,kilograms,0.004,cubic feet,Standard-Size,0.23,0.0,8.0E-4,2025-12,8.5,weeks,1.37,0.0,0.13,5.0E-4,0.0011,0.0,GBP,0.0011,Others,N,N,0.0,--,0.03
B08CHKHTWX,X002EPBTD9,"Max Factor Facefinity Matte Bronzer, 001 Light Bronze",'EDI4',GB,6.8,6.7,1.2,centimeters,0.04,kilograms,0.0019,cubic feet,Standard-Size,1.0,0.0,0.0019,2025-12,8.5,weeks,1.37,0.0,1.0,0.0019,0.0027,0.0,GBP,0.0027,Others,N,N,0.0,--,0.0
B0CVNMZHZ6,X002F5UNY9,Funko Pop! Movies: Wicked - Fiyero - Collectable Vinyl Figure - Gift Idea - Official Merchandise - Toys for Kids & Adults - Movies Fans - Model Figure for Collectors and Display,'EDI4',GB,16.4,11.8,8.9,centimeters,0.13,kilograms,0.0608,cubic feet,Standard-Size,0.9,0.48,0.0,2025-12,8.5,weeks,1.37,0.0,0.0,0.0,0.0,0.0,GBP,0.0,Others,N,N,0.0349440469039371,FBA_NEW_SELECTION:0.0349,0.0
B0CVNMZHZ6,X002F5UNY9,Funko Pop! Movies: Wicked - Fiyero - Collectable Vinyl Figure - Gift Idea - Official Merchandise - Toys for Kids & Adults - Movies Fans - Model Figure for Collectors and Display,'EDI4',GB,16.4,11.8,8.9,centimeters,0.13,kilograms,0.0608,cubic feet,Standard-Size,0.06,0.0,0.0,2025-12,8.5,weeks,1.37,0.0,0.0,0.0,0.0,0.0,GBP,0.0,Others,N,N,0.005376007215990322,FBA_NEW_SELECTION:0.0054,0.0
B07RZBBG14,X002F5VV0T,"Dragon Shield AT-13201 Standard Size Perfect Fit Sealable (100 Sleeves), clear",'EDI4',GB,24.7,8.5,1.2,centimeters,0.08,kilograms,0.0089,cubic feet,Standard-Size,1.0,0.0,0.0089,2025-12,8.5,weeks,0.75,0.0,1.0,0.0089,0.007,0.0,GBP,0.007,shoes & bags,N,N,0.0,--,0.0
B007R2ICTK,X002057DE7,"HG Stain Away 7, Removes Rust Stains from Clothing & Textiles, Concentrated Rusty Mark Remover for Surfaces & Tiles, Fabric & Natural Stone Safe – 50m (426005106)",'EMA1',GB,14.0,4.2,2.4,centimeters,0.06,kilograms,0.005,cubic feet,Standard-Size,0.68,0.0,0.0034,2025-12,--,--,1.18,0.0,0.0,0.0,0.0,0.0,GBP,0.0,Others,N,N,0.0,--,0.0
B001Q77TI2,X0021O4AW5,"Ultra Pro 81181 3"" x 4"" Clear Thick 55PT Toploaders (25ct)",'EMA1',GB,10.8,8.2,5.5,centimeters,0.2,kilograms,0.0172,cubic feet,Standard-Size,1.16,0.0,0.02,2025-12,8.5,weeks,1.37,0.0,1.03,0.0178,0.0274,0.0,GBP,0.0274,Others,N,N,0.0,--,0.0
B07J9JGZZV,X0022RICEN,Plaque Glo Plaque Disclosing Toothpaste and Torch System (Tropical),'EMA1',GB,18.0,5.0,2.4,centimeters,0.04,kilograms,0.0076,cubic feet,Standard-Size,0.06,0.0,2.0E-4,2025-12,8.5,weeks,1.37,0.0,0.03,2.0E-4,3.0E-4,0.0,GBP,3.0E-4,Others,N,N,0.0,--,0.03
B0073TTHBY,X0022WK51L,Casio Gents 43.00mm Quartz Watch with Black Analogue dial and Black Rubber Strap Strap MRW-200H-1BVES,'EMA1',GB,9.4,9.2,6.4,centimeters,0.1,kilograms,0.0195,cubic feet,Standard-Size,4.0,0.0,0.0782,2025-12,8.5,weeks,1.37,0.0,4.0,0.0782,0.1071,0.0,GBP,0.1071,Others,N,N,0.0,--,0.0
B002HY4YSQ,X0023ISNDV,Kitchen Devils Lifestyle Peeler Parer Knife 602001,'EMA1',GB,27.2,8.4,1.7,centimeters,0.06,kilograms,0.0137,cubic feet,Standard-Size,0.61,0.0,0.0071,2025-12,8.5,weeks,1.37,0.0,0.0,0.0,0.0097,0.0,GBP,0.0097,Others,N,N,0.0,--,0.1
B08M52B4M5,X002595YRB,Moo Free Dairy Free Chocolate Buttons (25g),'EMA1',GB,12.0,8.7,1.4,centimeters,0.02,kilograms,0.0052,cubic feet,Standard-Size,10.65,0.0,0.0549,2025-12,8.5,weeks,1.37,0.0,10.65,0.0549,0.0753,0.0,GBP,0.0753,Others,N,N,0.0,--,0.0
B0001P15T4,X0025FSMDX,"Vitrex 10 2280 Grout Finisher, Blue",'EMA1',GB,16.9,6.9,0.7,centimeters,0.01,kilograms,0.0029,cubic feet,Standard-Size,2.0,0.0,0.0058,2025-12,8.5,weeks,1.37,0.0,2.0,0.0058,0.0079,0.0,GBP,0.0079,Others,N,N,0.0,--,0.0
B004I2N5AS,X0025MV6P7,Sandisk SDCZ50-016G-B35 USB 2.0 Flash Drive 16GB Black/Red,'EMA1',GB,12.5,7.6,0.9,centimeters,0.01,kilograms,0.003,cubic feet,Standard-Size,2.0,0.0,0.006,2025-12,8.5,weeks,1.37,0.0,2.0,0.006,0.0083,0.0,GBP,0.0083,Others,N,N,0.0,--,0.0
B0073FT7FY,X0026L1SCN,TEPE INTERDENTAL Travel CASE,'EMA1',GB,11.1,9.5,1.9,centimeters,0.01,kilograms,0.0071,cubic feet,Standard-Size,14.9,0.0,0.1054,2025-12,8.5,weeks,1.37,0.0,14.9,0.1054,0.1445,0.0,GBP,0.1445,Others,N,N,0.0,--,0.0
B00F4LA0K0,X0028A4KS1,"Chef Aid Cocktail Sticks, Pack of 200 Stick perfect for Buffets and Cocktails use, The Skewer design helps hold sweet and savoury foods, Each cocktails stick measures 8 cm",'EMA1',GB,14.6,8.9,1.4,centimeters,0.04,kilograms,0.0064,cubic feet,Standard-Size,2.0,0.0,0.0128,2025-12,8.5,weeks,1.37,0.0,2.0,0.0128,0.0176,0.0,GBP,0.0176,Others,N,N,0.0,--,0.0
B093FQYQJH,X00293I5FB,"Curaprox CS 12460 Velvet Soft Toothbrush – Sensitive Gum Care | Ultra-Gentle Cleaning with 12,460 Filaments | Single Pack, Random Color | Made in Switzerland",'EMA1',GB,22.4,5.9,2.4,centimeters,0.03,kilograms,0.0112,cubic feet,Standard-Size,0.26,0.0,0.0029,2025-12,8.5,weeks,1.37,0.0,0.0,0.0,0.004,0.0,GBP,0.004,Others,N,N,0.0,--,0.0
B00S9IXBVU,X00298HYM1,ProDec Combination Shavehook for Removing Paint and Varnish from Flat and Irregular Surfaces,'EMA1',GB,30.6,10.8,5.5,centimeters,0.15,kilograms,0.0642,cubic feet,Standard-Size,1.1,0.0,0.0704,2025-12,8.5,weeks,1.37,0.0,0.42,0.0269,0.0964,0.0,GBP,0.0964,Others,N,N,0.0,--,0.0
B07H2WXMDJ,X002C5IRB3,"Skinny Food Co Sugar Free Maple Syrup 425ml - Zero Calorie Syrup For Breakfast, Snacks, Drinks & Desserts - Vegan, Gluten-free, Keto & Paleo Friendly Maple Syrup - Sugar Free Maple Syrup UK",'EMA1',GB,16.3,9.0,5.4,centimeters,0.47,kilograms,0.028,cubic feet,Standard-Size,4.0,0.0,0.1119,2025-12,8.5,weeks,1.37,0.0,1.61,0.0451,0.1533,0.0,GBP,0.1533,Others,N,N,0.0,--,0.0
B007YX9O9E,X002EEAAT9,"SanDisk Cruzer Glide 32 GB USB Flash Drive USB 2.0 , Black & Red",'EMA1',GB,12.5,7.5,1.2,centimeters,0.01,kilograms,0.004,cubic feet,Standard-Size,2.23,0.0,0.0083,2025-12,8.5,weeks,1.37,0.0,0.52,0.0021,0.0114,0.0,GBP,0.0114,Others,N,N,0.0,--,0.13
B0CN5KRVXB,X002F5S5VH,Yu-Gi-Oh Legendary Decks 2 2024 Unlimited Reprint,'EMA1',GB,23.6,13.8,7.4,centimeters,0.43,kilograms,0.0851,cubic feet,Standard-Size,21.71,0.0,1.8367,2025-12,8.5,weeks,1.37,0.0,21.58,1.8367,2.5168,0.0,GBP,2.5168,Others,N,N,0.0,--,0.13
B07QXSDZJM,X001XSP71D,"Shaun the Sheep Plush 61176 Backpack Clip, Black and White, Great Gift Idea,9 x 7 x 14 centimetres",'EMA2',GB,13.3,8.5,4.1,centimeters,0.03,kilograms,0.0164,cubic feet,Standard-Size,0.35,0.0,0.0058,2025-12,8.5,weeks,1.37,0.0,0.35,0.0058,0.008,0.0,GBP,0.008,Others,N,N,0.0,--,0.0
B096BPSDRZ,X001Y3YP9R,Ravensburger Bluey 35 Piece Jigsaw Puzzle for Kids Age 3 Years Up - Educational Toddler Toys,'EMA2',GB,27.4,19.1,3.4,centimeters,0.2,kilograms,0.0628,cubic feet,Standard-Size,0.26,0.0,0.0162,2025-12,8.5,weeks,1.37,0.0,0.26,0.0162,0.0222,0.0,GBP,0.0222,Others,N,N,0.0,--,0.0
B007C3KBIY,X002041FIX,Floral Cellophane Bags | Multicolor | 20 Pcs.,'EMA2',GB,29.0,14.0,0.8,centimeters,0.06,kilograms,0.0115,cubic feet,Standard-Size,2.0,0.0,0.0229,2025-12,8.5,weeks,1.37,0.0,2.0,0.0229,0.0314,0.0,GBP,0.0314,Others,N,N,0.0,--,0.0
B007R2ICTK,X002057DE7,"HG Stain Away 7, Removes Rust Stains from Clothing & Textiles, Concentrated Rusty Mark Remover for Surfaces & Tiles, Fabric & Natural Stone Safe – 50m (426005106)",'EMA2',GB,14.0,4.2,2.4,centimeters,0.06,kilograms,0.005,cubic feet,Standard-Size,9.61,0.0,0.0479,2025-12,--,--,1.18,0.0,0.0,0.0,0.0,0.0,GBP,0.06,Others,N,N,0.0,--,0.0
B08KFFY86W,X00208SK8H,"TePe EasyPick Toothpicks, Purple, ISO XL, 36pcs, Plaque Remover, efficient Clean Between The Teeth, Durable Dental Picks for Wide Gaps, Travel case Included",'EMA2',GB,15.7,7.6,1.4,centimeters,0.03,kilograms,0.0059,cubic feet,Standard-Size,1.58,0.0,0.0093,2025-12,8.5,weeks,1.37,0.0,1.58,0.0093,0.0128,0.0,GBP,0.0128,Others,N,N,0.0,--,0.0
B07BC1CMDK,X00218D0YF,"Amtech V4075 P240 Hook and Loop Orbital Sanding Sheets, 10 Piece Set, 115mm Diameter Sanding Paper",'EMA2',GB,15.9,12.0,1.0,centimeters,0.06,kilograms,0.0067,cubic feet,Standard-Size,1.0,0.0,0.0067,2025-12,8.5,weeks,1.37,0.0,1.0,0.0067,0.0092,0.0,GBP,0.0092,Others,N,N,0.0,--,0.0
B010E25DI2,X0021K11U3,100 Ultra Pro Card Protector Sleeves: Pro-Matte - 66 x 91 mm,'EMA2',GB,18.3,11.6,1.6,centimeters,0.11,kilograms,0.012,cubic feet,Standard-Size,0.55,0.0,0.005,2025-12,8.5,weeks,1.37,0.0,0.42,0.005,0.0069,0.0,GBP,0.0069,Others,N,N,0.0,--,0.13
B001Q77TI2,X0021O4AW5,"Ultra Pro 81181 3"" x 4"" Clear Thick 55PT Toploaders (25ct)",'EMA2',GB,10.8,8.2,5.5,centimeters,0.2,kilograms,0.0172,cubic feet,Standard-Size,0.52,0.0,0.0083,2025-12,8.5,weeks,1.37,0.0,0.35,0.0061,0.0114,0.0,GBP,0.0114,Others,N,N,0.0,--,0.03
B000FGECAI,X0021XOD1J,"Learning Resources Kanoodle Puzzle Game, Ages 7+, 3D Brain Teaser with 200 Challenges, Travel-Friendly STEM Toy. Christmas Gifts Idea",'EMA2',GB,13.9,10.5,2.7,centimeters,0.15,kilograms,0.0139,cubic feet,Standard-Size,0.06,0.0,4.0E-4,2025-12,8.5,weeks,1.37,0.0,0.03,4.0E-4,6.0E-4,0.0,GBP,6.0E-4,Others,N,N,0.0,--,0.03
B07J9JGZZV,X0022RICEN,Plaque Glo Plaque Disclosing Toothpaste and Torch System (Tropical),'EMA2',GB,18.0,5.0,2.4,centimeters,0.04,kilograms,0.0076,cubic feet,Standard-Size,0.13,0.0,7.0E-4,2025-12,8.5,weeks,1.37,0.0,0.1,7.0E-4,0.001,0.0,GBP,0.001,Others,N,N,0.0,--,0.03
B08MW8XMNQ,X0022RQT3T,Piksters Eco Charcoal 30 Floss Picks - Pack of 1,'EMA2',GB,9.6,6.6,1.9,centimeters,0.04,kilograms,0.0043,cubic feet,Standard-Size,1.0,0.0,0.0043,2025-12,8.5,weeks,1.37,0.0,1.0,0.0043,0.0058,0.0,GBP,0.0058,Others,N,N,0.0,--,0.0
B0073TTHBY,X0022WK51L,Casio Gents 43.00mm Quartz Watch with Black Analogue dial and Black Rubber Strap Strap MRW-200H-1BVES,'EMA2',GB,9.4,9.2,6.4,centimeters,0.1,kilograms,0.0195,cubic feet,Standard-Size,6.0,0.0,0.1173,2025-12,8.5,weeks,1.37,0.0,6.0,0.1173,0.1607,0.0,GBP,0.1607,Others,N,N,0.0,--,0.0
B002HY4YSQ,X0023ISNDV,Kitchen Devils Lifestyle Peeler Parer Knife 602001,'EMA2',GB,27.2,8.4,1.7,centimeters,0.06,kilograms,0.0137,cubic feet,Standard-Size,0.23,0.0,0.0027,2025-12,8.5,weeks,1.37,0.0,0.0,0.0,0.0036,0.0,GBP,0.0036,Others,N,N,0.0,--,0.03
B0D3JC45CK,X00245PSXV,"OtterBox Symmetry Folio Case for iPad Pro 11"" (M5/M4), Shockproof, Drop proof, Slim Protective Folio Case, Tested to Military Standard, Black",'EMA2',GB,28.4,18.7,1.5,centimeters,0.37,kilograms,0.0281,cubic feet,Standard-Size,0.23,0.0,0.0064,2025-12,8.5,weeks,0.75,0.0,0.06,0.0018,0.0052,0.0,GBP,0.0052,shoes & bags,N,N,0.0,--,0.0
B08M52B4M5,X002595YRB,Moo Free Dairy Free Chocolate Buttons (25g),'EMA2',GB,12.0,8.7,1.4,centimeters,0.02,kilograms,0.0052,cubic feet,Standard-Size,10.0,0.0,0.0516,2025-12,8.5,weeks,1.37,0.0,10.0,0.0516,0.0707,0.0,GBP,0.0707,Others,N,N,0.0,--,0.0
B0001P15T4,X0025FSMDX,"Vitrex 10 2280 Grout Finisher, Blue",'EMA2',GB,16.9,6.9,0.7,centimeters,0.01,kilograms,0.0029,cubic feet,Standard-Size,3.16,0.0,0.0091,2025-12,8.5,weeks,1.37,0.0,3.16,0.0091,0.0125,0.0,GBP,0.0125,Others,N,N,0.0,--,0.0
B0CJ8TNZ67,X0025HM0ED,"LEXIBOOK, Disney Stitch, Nightlight alarm clock, Sounds and Melodies, LCD Backlit screen, Luminous, Snooze, Blue, RL800D",'EMA2',GB,20.1,15.1,10.3,centimeters,0.34,kilograms,0.1104,cubic feet,Standard-Size,1.94,0.0,0.1994,2025-12,8.5,weeks,1.37,0.0,1.81,0.1994,0.2732,0.0,GBP,0.2732,Others,N,N,0.0,--,0.13
B0073FT7FY,X0026L1SCN,TEPE INTERDENTAL Travel CASE,'EMA2',GB,11.1,9.5,1.9,centimeters,0.01,kilograms,0.0071,cubic feet,Standard-Size,0.03,0.0,2.0E-4,2025-12,8.5,weeks,1.37,0.0,0.03,2.0E-4,3.0E-4,0.0,GBP,3.0E-4,Others,N,N,0.0,--,0.0
B00ANP09LM,X0028A4RTD,"Easycook NS613R Easy Cook Polly Carbonate Non-Staining Microwave Sauce Pan and Lid, Red",'EMA2',GB,19.1,12.8,9.1,centimeters,0.12,kilograms,0.0786,cubic feet,Standard-Size,0.03,0.0,0.0025,2025-12,8.5,weeks,1.37,0.0,0.03,0.0025,0.0035,0.0,GBP,0.0035,Others,N,N,0.0,--,0.0
B00BWU7MNU,X0028GYIGT,"SPLAT Biocalcium Toothpaste, 100 ml",'EMA2',GB,18.2,5.1,3.9,centimeters,0.15,kilograms,0.0128,cubic feet,Standard-Size,1.0,0.0,0.0128,2025-12,8.5,weeks,1.37,0.0,1.0,0.0128,0.0175,0.0,GBP,0.0175,Others,N,N,0.0,--,0.0
B072YZPBJ3,X0028LVSAN,Funko Pop! Movies: Bride Of Chucky - Tiffany Valentine-Ray - 1/6 Odds for Rare Chase Variant - Collectable Vinyl Figure - Gift Idea - Official Merchandise - Toys for Kids & Adults - Horror Fans,'EMA2',GB,16.0,13.8,11.8,centimeters,0.11,kilograms,0.092,cubic feet,Standard-Size,1.55,0.0,0.1425,2025-12,8.5,weeks,1.37,0.0,1.55,0.1425,0.1952,0.0,GBP,0.1952,Others,N,N,0.0,--,0.0
B00000IU72,X0028LVUDD,"BRIO 33344 Mechanical Switches Wooden Train Track for Kids Age 3 Years Up - Compatible with all BRIO Railway Sets & Accessories, Multicoloured",'EMA2',GB,19.3,9.6,2.9,centimeters,0.16,kilograms,0.019,cubic feet,Standard-Size,4.0,0.0,0.0759,2025-12,8.5,weeks,1.37,0.0,4.0,0.0759,0.104,0.0,GBP,0.104,Others,N,N,0.0,--,0.0
B086ZD7MG6,X00293G0VR,Curaprox CPS 07 Prime Start Interdental Brush Set |Starter Set with 5 Brushes |2 Different Holders |Red | 0.7 mm Diameter |2.5 mm Effectiveness | Made in Switzerland,'EMA2',GB,15.0,6.0,1.4,centimeters,0.03,kilograms,0.0044,cubic feet,Standard-Size,0.52,0.0,0.0022,2025-12,8.5,weeks,1.37,0.0,0.35,0.0016,0.0029,0.0,GBP,0.0029,Others,N,N,0.0,--,0.03
B093FQYQJH,X00293I5FB,"Curaprox CS 12460 Velvet Soft Toothbrush – Sensitive Gum Care | Ultra-Gentle Cleaning with 12,460 Filaments | Single Pack, Random Color | Made in Switzerland",'EMA2',GB,22.4,5.9,2.4,centimeters,0.03,kilograms,0.0112,cubic feet,Standard-Size,0.35,0.0,0.004,2025-12,8.5,weeks,1.37,0.0,0.03,4.0E-4,0.0054,0.0,GBP,0.0054,Others,N,N,0.0,--,0.0
B001OXH0X2,X00298OQXB,"Solvite SLVTHRIFT Wallpaper & Border Paste, Set of 1",'EMA2',GB,21.7,10.8,2.6,centimeters,0.07,kilograms,0.0215,cubic feet,Standard-Size,9.0,0.0,0.1937,2025-12,8.5,weeks,1.37,0.0,9.0,0.1937,0.2653,0.0,GBP,0.2653,Others,N,N,0.0,--,0.0
B003VTZAM0,X00298OTDN,"Minky Metallic Reflector Ironing Board Cover, Extra Large",'EMA2',GB,24.0,19.6,5.0,centimeters,0.15,kilograms,0.0831,cubic feet,Standard-Size,2.23,0.0,0.1849,2025-12,8.5,weeks,1.37,0.0,2.23,0.1849,0.2533,0.0,GBP,0.2533,Others,N,N,0.0,--,0.0
B08P63MSS9,X0029FLX21,The Cheeky Panda Bamboo Facial Make Up Remover Wipes | Sustainable Face Wipes Eye Makeup Remover | Rose Scented Pack of 25 Face Wipes | 99% Purified Water,'EMA2',GB,13.8,8.5,3.9,centimeters,0.19,kilograms,0.0162,cubic feet,Standard-Size,1.0,0.0,0.0162,2025-12,8.5,weeks,1.37,0.0,1.0,0.0162,0.0221,0.0,GBP,0.0221,Others,N,N,0.0,--,0.0
B08WPCW7TH,X0029FM4IN,"Moo Free White Chocolate Bars - Dairy Free, Gluten Free & Vegan (20g)",'EMA2',GB,14.0,4.0,0.5,centimeters,0.02,kilograms,0.001,cubic feet,Standard-Size,2.0,0.0,0.002,2025-12,8.5,weeks,1.37,0.0,2.0,0.002,0.0027,0.0,GBP,0.0027,Others,N,N,0.0,--,0.0
9188805646,X0029FM6EP,"Free League Publishing MÖRK Borg (Fantasy OSR RPG, Hardback, Full Color",'EMA2',GB,21.7,15.6,1.4,centimeters,0.39,kilograms,0.0167,cubic feet,Standard-Size,0.71,0.0,0.0119,2025-12,8.5,weeks,1.37,0.0,0.58,0.0097,0.0163,0.0,GBP,0.0163,Others,N,N,0.0,--,0.0
B0C9LJNJWZ,X0029NJZVJ,"LEXIBOOK, Barbie, Educational and Bilingual Laptop in English/French, Toy for children with 124 activities to learn, play games and music, Pink, JC598BBi1",'EMA2',GB,34.7,27.3,5.6,centimeters,0.82,kilograms,0.1873,cubic feet,Standard-Size,3.0,0.0,0.562,2025-12,8.5,weeks,1.37,0.0,3.0,0.562,0.7703,0.0,GBP,0.7703,Others,N,N,0.0,--,0.0
B0D6W9DZX4,X0029PJ5CV,"OtterBox Symmetry Folio Case for iPad 10th gen 2022, iPad 11th gen 2025 (A16), Shockproof, Drop proof, Slim Protective Folio Case, Tested to Military Standard, Black",'EMA2',GB,28.2,19.4,1.9,centimeters,0.42,kilograms,0.0367,cubic feet,Standard-Size,0.13,0.0,0.0047,2025-12,8.5,weeks,0.75,0.0,0.0,0.0,0.0039,0.0,GBP,0.0039,shoes & bags,N,N,0.0,--,0.0
B004GFPFBO,X0029XG251,Funko POP! Movies : Freddy Krueger - Nightmare on Elm Street - Collectable Vinyl Figure - Gift Idea - Official Merchandise - Toys for Kids & Adults - Movies Fans - Model Figure for Collectors,'EMA2',GB,16.1,11.6,8.9,centimeters,0.17,kilograms,0.0587,cubic feet,Standard-Size,2.0,0.0,0.1174,2025-12,8.5,weeks,1.37,0.0,2.0,0.1174,0.1608,0.0,GBP,0.1608,Others,N,N,0.0,--,0.0
B0897VHKW6,X002AQ3LX3,Hilltop Maple Syrup - Very Dark Late Harvest - Squeezy Bottle - 230g,'EMA2',GB,12.0,6.8,4.0,centimeters,0.28,kilograms,0.0115,cubic feet,Standard-Size,0.39,0.0,0.0045,2025-12,8.5,weeks,1.37,0.0,0.39,0.0045,0.0061,0.0,GBP,0.0061,Others,N,N,0.0,--,0.0
B09NQD4S5N,X002AS6LUL,"The Army Painter Speedpaint Zealot Yellow 2.0, Single Acrylic Paint 18ml One-coat Painting Soloution For Fantasy Tabletop Miniatures Like Warhammer 40k and Dungeons And Dragons Figures",'EMA2',GB,7.2,2.4,2.2,centimeters,0.04,kilograms,0.0013,cubic feet,Standard-Size,3.0,0.0,0.004,2025-12,8.5,weeks,1.37,0.0,3.0,0.004,0.0055,0.0,GBP,0.0055,Others,N,N,0.0,--,0.0
B09NQCV872,X002ASB2SR,"The Army Painter Speedpaint Sand Golem 2.0, Single Acrylic Paint 18ml One-coat Painting Soloution For Fantasy Tabletop Miniatures Like Warhammer 40k and Dungeons And Dragons Figures",'EMA2',GB,7.1,2.3,2.0,centimeters,0.03,kilograms,0.0012,cubic feet,Standard-Size,4.0,0.0,0.0046,2025-12,8.5,weeks,1.37,0.0,4.0,0.0046,0.0063,0.0,GBP,0.0063,Others,N,N,0.0,--,0.0
B06XXDNH1P,X002ASBMFZ,Dragon Shield ART11105 White (60) Matte Japanese Size Sleeves 60pk,'EMA2',GB,9.4,6.8,2.7,centimeters,0.08,kilograms,0.0061,cubic feet,Standard-Size,3.35,0.0,0.0195,2025-12,8.5,weeks,1.37,0.0,3.19,0.0195,0.0267,0.0,GBP,0.0267,Others,N,N,0.0,--,0.16
B0CG234KW1,X002B7TIKL,Snackles Small Sized 14 cm by ZURU Cuddly Squishy Comfort Plush with License Snack Brand Accessory (Random Assortment),'EMA2',GB,23.1,16.7,12.0,centimeters,0.2,kilograms,0.1635,cubic feet,Standard-Size,1.42,0.0,0.2268,2025-12,8.5,weeks,1.37,0.0,1.39,0.2268,0.3107,0.0,GBP,0.3107,Others,N,N,0.0,--,0.03
B09445GL1C,X002BA017H,"Price's - Time for You Large Jar Candle - Sweet, Delicious Fragrance - Long Lasting Scent - Up to 100 Hour Burn Time - Ideal for All Occasions",'EMA2',GB,23.2,16.6,11.9,centimeters,1.01,kilograms,0.1618,cubic feet,Standard-Size,3.0,0.0,0.4855,2025-12,8.5,weeks,1.37,0.0,3.0,0.4855,0.6652,0.0,GBP,0.6652,Others,N,N,0.0,--,0.0
B07F1MFWV1,X002BG3AK1,"Skinny Food Co Salted Caramel Zero Calorie Syrup 425ml - Sugar Free Salted Caramel Syrup For Snacks, Drinks & Desserts - Vegan, Gluten-free, Keto & Paleo Friendly Caramel Syrup - Salted Caramel Syrup",'EMA2',GB,16.4,9.0,5.4,centimeters,0.47,kilograms,0.0281,cubic feet,Standard-Size,1.0,0.0,0.0281,2025-12,8.5,weeks,1.37,0.0,1.0,0.0281,0.0386,0.0,GBP,0.0386,Others,N,N,0.0,--,0.0
B0B2RBG672,X002BPWC29,"Salt of the Earth - Natural Deodorant Roll on Refill - x7 Uses - Amber & Sandalwood - 100% Natural Origin Ingredients - Vegan - Suitable for Men, Women & Children - 525ml",'EMA2',GB,22.2,7.3,6.9,centimeters,0.56,kilograms,0.0395,cubic feet,Standard-Size,1.0,0.0,0.0395,2025-12,8.5,weeks,1.37,0.0,1.0,0.0395,0.0541,0.0,GBP,0.0541,Others,N,N,0.0,--,0.0
B07H2WXMDJ,X002C5IRB3,"Skinny Food Co Sugar Free Maple Syrup 425ml - Zero Calorie Syrup For Breakfast, Snacks, Drinks & Desserts - Vegan, Gluten-free, Keto & Paleo Friendly Maple Syrup - Sugar Free Maple Syrup UK",'EMA2',GB,16.3,9.0,5.4,centimeters,0.47,kilograms,0.028,cubic feet,Standard-Size,2.0,0.0,0.056,2025-12,8.5,weeks,1.37,0.0,0.77,0.0217,0.0767,0.0,GBP,0.0767,Others,N,N,0.0,--,0.0
B002BX8ZFG,X002DZYN47,"Fackelmann OPAL Pizza Wheel, Pizza Cutter & Slicer, Super Sharp Blade, Stainless Steel, 18.5x5x1.2cm, Silver",'EMA2',GB,17.2,11.9,1.5,centimeters,0.07,kilograms,0.0108,cubic feet,Standard-Size,1.0,0.0,0.0108,2025-12,8.5,weeks,1.37,0.0,1.0,0.0108,0.0149,0.0,GBP,0.0149,Others,N,N,0.0,--,0.0
B08L3FB3G2,X002F5T589,Ultimate Guard Katana Sleeves Japanese Size Black (60),'EMA2',GB,9.7,6.71,1.91,centimeters,0.07,kilograms,0.0044,cubic feet,Standard-Size,0.94,0.0,0.0041,2025-12,8.5,weeks,1.37,0.0,0.94,0.0041,0.0056,0.0,GBP,0.0056,Others,N,N,0.0,--,0.0
B07RZBBG14,X002F5VV0T,"Dragon Shield AT-13201 Standard Size Perfect Fit Sealable (100 Sleeves), clear",'EMA2',GB,24.7,8.5,1.2,centimeters,0.08,kilograms,0.0089,cubic feet,Standard-Size,4.29,0.0,0.0379,2025-12,8.5,weeks,0.75,0.0,4.26,0.0379,0.0309,0.0,GBP,0.0309,shoes & bags,N,N,0.0,--,0.03
B00WI8O0RG,X001YC1PPF,100 Ultra Pro Card Protector Sleeves: Pro-Matte - 66 x 91 mm,'EMA4',GB,14.2,11.6,1.8,centimeters,0.11,kilograms,0.0105,cubic feet,Standard-Size,22.39,0.0,0.2331,2025-12,8.5,weeks,1.37,0.0,22.26,0.2331,0.3193,0.0,GBP,0.3193,Others,N,N,0.0,--,0.13
B007R2ICTK,X002057DE7,"HG Stain Away 7, Removes Rust Stains from Clothing & Textiles, Concentrated Rusty Mark Remover for Surfaces & Tiles, Fabric & Natural Stone Safe – 50m (426005106)",'EMA4',GB,14.0,4.2,2.4,centimeters,0.06,kilograms,0.005,cubic feet,Standard-Size,31.03,0.0,0.1535,2025-12,--,--,1.18,0.0,0.0,0.0,0.0,0.0,GBP,0.1838,Others,N,N,0.0,--,0.23
B010E25DI2,X0021K11U3,100 Ultra Pro Card Protector Sleeves: Pro-Matte - 66 x 91 mm,'EMA4',GB,18.3,11.6,1.6,centimeters,0.11,kilograms,0.012,cubic feet,Standard-Size,0.55,0.0,0.0066,2025-12,8.5,weeks,1.37,0.0,0.55,0.0066,0.009,0.0,GBP,0.009,Others,N,N,0.0,--,0.0
B01CKK8CU2,X0021K3PG1,5 Ultra Pro 130pt Magnetic One Touch Card Holders (5 Total) 81721 - Fits Cards Up to 130 Point in Thickness,'EMA4',GB,22.3,11.7,2.1,centimeters,0.32,kilograms,0.0193,cubic feet,Standard-Size,10.48,0.0,0.2022,2025-12,8.5,weeks,1.37,0.0,10.45,0.2022,0.2771,0.0,GBP,0.2771,Others,N,N,0.0,--,0.03
B001Q77TI2,X0021O4AW5,"Ultra Pro 81181 3"" x 4"" Clear Thick 55PT Toploaders (25ct)",'EMA4',GB,10.8,8.2,5.5,centimeters,0.2,kilograms,0.0172,cubic feet,Standard-Size,1.74,0.0,0.03,2025-12,8.5,weeks,1.37,0.0,1.42,0.0244,0.041,0.0,GBP,0.041,Others,N,N,0.0,--,0.0
B000FGECAI,X0021XOD1J,"Learning Resources Kanoodle Puzzle Game, Ages 7+, 3D Brain Teaser with 200 Challenges, Travel-Friendly STEM Toy. Christmas Gifts Idea",'EMA4',GB,13.9,10.5,2.7,centimeters,0.15,kilograms,0.0139,cubic feet,Standard-Size,0.23,0.0,0.0013,2025-12,8.5,weeks,1.37,0.0,0.1,0.0013,0.0018,0.0,GBP,0.0018,Others,N,N,0.0,--,0.13
B07J9JGZZV,X0022RICEN,Plaque Glo Plaque Disclosing Toothpaste and Torch System (Tropical),'EMA4',GB,18.0,5.0,2.4,centimeters,0.04,kilograms,0.0076,cubic feet,Standard-Size,8.32,0.0,0.0591,2025-12,8.5,weeks,1.37,0.0,7.74,0.0591,0.0809,0.0,GBP,0.0809,Others,N,N,0.0,--,0.58
B08MW8XMNQ,X0022RQT3T,Piksters Eco Charcoal 30 Floss Picks - Pack of 1,'EMA4',GB,9.6,6.6,1.9,centimeters,0.04,kilograms,0.0043,cubic feet,Standard-Size,1.0,0.0,0.0043,2025-12,8.5,weeks,1.37,0.0,1.0,0.0043,0.0058,0.0,GBP,0.0058,Others,N,N,0.0,--,0.0
B0073TTHBY,X0022WK51L,Casio Gents 43.00mm Quartz Watch with Black Analogue dial and Black Rubber Strap Strap MRW-200H-1BVES,'EMA4',GB,9.4,9.2,6.4,centimeters,0.1,kilograms,0.0195,cubic feet,Standard-Size,11.0,0.0,0.215,2025-12,8.5,weeks,1.37,0.0,11.0,0.215,0.2946,0.0,GBP,0.2946,Others,N,N,0.0,--,0.0
B002HY4YSQ,X0023ISNDV,Kitchen Devils Lifestyle Peeler Parer Knife 602001,'EMA4',GB,27.2,8.4,1.7,centimeters,0.06,kilograms,0.0137,cubic feet,Standard-Size,0.13,0.0,0.0018,2025-12,8.5,weeks,1.37,0.0,0.03,4.0E-4,0.0024,0.0,GBP,0.0024,Others,N,N,0.0,--,0.0
B0001P0DLU,X0023ISRE1,Loctite 319 Rear View Mirror Bonder 0.5ml,'EMA4',GB,16.5,9.6,1.3,centimeters,0.01,kilograms,0.0073,cubic feet,Standard-Size,3.0,0.0,0.0218,2025-12,--,--,1.18,0.0,0.0,0.0,0.0,0.0,GBP,0.0262,Others,N,N,0.0,--,0.0
B01NBDFDBC,X0023ITOJX,"Yale YES-CYLPULL-CH Essentials Rim Cylinder Door Pull, Great for External Doors, for Easy Door Closing, Chrome Finish",'EMA4',GB,14.1,8.5,2.3,centimeters,0.07,kilograms,0.0097,cubic feet,Standard-Size,0.29,0.0,6.0E-4,2025-12,8.5,weeks,1.37,0.0,0.03,3.0E-4,9.0E-4,0.0,GBP,9.0E-4,Others,N,N,0.0,--,0.23
B0D3JC45CK,X00245PSXV,"OtterBox Symmetry Folio Case for iPad Pro 11"" (M5/M4), Shockproof, Drop proof, Slim Protective Folio Case, Tested to Military Standard, Black",'EMA4',GB,28.4,18.7,1.5,centimeters,0.37,kilograms,0.0281,cubic feet,Standard-Size,0.03,0.0,9.0E-4,2025-12,8.5,weeks,0.75,0.0,0.03,9.0E-4,7.0E-4,0.0,GBP,7.0E-4,shoes & bags,N,N,0.0,--,0.0
B08M52B4M5,X002595YRB,Moo Free Dairy Free Chocolate Buttons (25g),'EMA4',GB,12.0,8.7,1.4,centimeters,0.02,kilograms,0.0052,cubic feet,Standard-Size,5.0,0.0,0.0258,2025-12,8.5,weeks,1.37,0.0,5.0,0.0258,0.0354,0.0,GBP,0.0354,Others,N,N,0.0,--,0.0
B0001P15T4,X0025FSMDX,"Vitrex 10 2280 Grout Finisher, Blue",'EMA4',GB,16.9,6.9,0.7,centimeters,0.01,kilograms,0.0029,cubic feet,Standard-Size,17.0,0.0,0.049,2025-12,8.5,weeks,1.37,0.0,17.0,0.049,0.0671,0.0,GBP,0.0671,Others,N,N,0.0,--,0.0
B0CJ8TNZ67,X0025HM0ED,"LEXIBOOK, Disney Stitch, Nightlight alarm clock, Sounds and Melodies, LCD Backlit screen, Luminous, Snooze, Blue, RL800D",'EMA4',GB,20.1,15.1,10.3,centimeters,0.34,kilograms,0.1104,cubic feet,Standard-Size,0.03,0.0,0.0036,2025-12,8.5,weeks,1.37,0.0,0.03,0.0036,0.0049,0.0,GBP,0.0049,Others,N,N,0.0,--,0.0
B00F4LA0K0,X0028A4KS1,"Chef Aid Cocktail Sticks, Pack of 200 Stick perfect for Buffets and Cocktails use, The Skewer design helps hold sweet and savoury foods, Each cocktails stick measures 8 cm",'EMA4',GB,14.6,8.9,1.4,centimeters,0.04,kilograms,0.0064,cubic feet,Standard-Size,3.0,0.0,0.0193,2025-12,8.5,weeks,1.37,0.0,3.0,0.0193,0.0264,0.0,GBP,0.0264,Others,N,N,0.0,--,0.0
B00BWU7MNU,X0028GYIGT,"SPLAT Biocalcium Toothpaste, 100 ml",'EMA4',GB,18.2,5.1,3.9,centimeters,0.15,kilograms,0.0128,cubic feet,Standard-Size,0.45,0.0,0.0058,2025-12,8.5,weeks,1.37,0.0,0.45,0.0058,0.0079,0.0,GBP,0.0079,Others,N,N,0.0,--,0.0
B00000IU72,X0028LVUDD,"BRIO 33344 Mechanical Switches Wooden Train Track for Kids Age 3 Years Up - Compatible with all BRIO Railway Sets & Accessories, Multicoloured",'EMA4',GB,19.3,9.6,2.9,centimeters,0.16,kilograms,0.019,cubic feet,Standard-Size,4.0,0.0,0.0759,2025-12,8.5,weeks,1.37,0.0,4.0,0.0759,0.104,0.0,GBP,0.104,Others,N,N,0.0,--,0.0
B07T9WVBZ2,X0028TKVZ3,Curaprox PerioPlus+ Focus Gel – Targeted Gum Care | Supports Healing with CHX and Hyaluronic Acid | 10 ml Tube | Designed in Switzerland,'EMA4',GB,9.2,2.9,2.2,centimeters,0.02,kilograms,0.0021,cubic feet,Standard-Size,0.13,0.0,3.0E-4,2025-12,8.5,weeks,1.37,0.0,0.0,0.0,4.0E-4,0.0,GBP,4.0E-4,Others,N,N,0.0,--,0.0
B086ZD7MG6,X00293G0VR,Curaprox CPS 07 Prime Start Interdental Brush Set |Starter Set with 5 Brushes |2 Different Holders |Red | 0.7 mm Diameter |2.5 mm Effectiveness | Made in Switzerland,'EMA4',GB,15.0,6.0,1.4,centimeters,0.03,kilograms,0.0044,cubic feet,Standard-Size,1.29,0.0,0.0056,2025-12,8.5,weeks,1.37,0.0,1.13,0.005,0.0077,0.0,GBP,0.0077,Others,N,N,0.0,--,0.03
B093FQYQJH,X00293I5FB,"Curaprox CS 12460 Velvet Soft Toothbrush – Sensitive Gum Care | Ultra-Gentle Cleaning with 12,460 Filaments | Single Pack, Random Color | Made in Switzerland",'EMA4',GB,22.4,5.9,2.4,centimeters,0.03,kilograms,0.0112,cubic feet,Standard-Size,0.39,0.0,0.0043,2025-12,8.5,weeks,1.37,0.0,0.0,0.0,0.0059,0.0,GBP,0.0059,Others,N,N,0.0,--,0.0
B00S9IXBVU,X00298HYM1,ProDec Combination Shavehook for Removing Paint and Varnish from Flat and Irregular Surfaces,'EMA4',GB,30.6,10.8,5.5,centimeters,0.15,kilograms,0.0642,cubic feet,Standard-Size,0.42,0.0,0.0269,2025-12,8.5,weeks,1.37,0.0,0.03,0.0021,0.0369,0.0,GBP,0.0369,Others,N,N,0.0,--,0.0
B00BEUFYE2,X00298I7JF,"Tala Adjustable Cake Leveller, Stainless Steel Wire Cutter for Even Cake Layers, Multi-Height Settings for Cakes up to 25cm Wide, Perfect for Leveling & Decorating Sponges",'EMA4',GB,32.5,16.3,2.4,centimeters,0.08,kilograms,0.0449,cubic feet,Standard-Size,1.0,0.0,0.0449,2025-12,8.5,weeks,1.37,0.0,1.0,0.0449,0.0615,0.0,GBP,0.0615,Others,N,N,0.0,--,0.0
B001OXH0X2,X00298OQXB,"Solvite SLVTHRIFT Wallpaper & Border Paste, Set of 1",'EMA4',GB,21.7,10.8,2.6,centimeters,0.07,kilograms,0.0215,cubic feet,Standard-Size,20.0,0.0,0.4304,2025-12,8.5,weeks,1.37,0.0,20.0,0.4304,0.5896,0.0,GBP,0.5896,Others,N,N,0.0,--,0.0
B003VTZAM0,X00298OTDN,"Minky Metallic Reflector Ironing Board Cover, Extra Large",'EMA4',GB,24.0,19.6,5.0,centimeters,0.15,kilograms,0.0831,cubic feet,Standard-Size,10.77,0.0,0.8949,2025-12,8.5,weeks,1.37,0.0,10.77,0.8949,1.2229,0.0,GBP,1.2229,Others,N,N,0.0,--,0.0
B075XT2J8X,X0029FIBPX,Kingfisher Natural Toothpaste Charcoal Mint Fluoride-Free | Vegetarian & Vegan | Oral Health Foundation Approved | Gluten-Free & GM-Free | Ethical Consumer Best Buy | 1x100ml Tube,'EMA4',GB,19.2,4.8,3.9,centimeters,0.17,kilograms,0.0127,cubic feet,Standard-Size,2.0,0.0,0.0254,2025-12,8.5,weeks,1.37,0.0,2.0,0.0254,0.0348,0.0,GBP,0.0348,Others,N,N,0.0,--,0.0
9188805646,X0029FM6EP,"Free League Publishing MÖRK Borg (Fantasy OSR RPG, Hardback, Full Color",'EMA4',GB,21.7,15.6,1.4,centimeters,0.39,kilograms,0.0167,cubic feet,Standard-Size,1.94,0.0,0.0313,2025-12,8.5,weeks,1.37,0.0,1.42,0.0238,0.0429,0.0,GBP,0.0429,Others,N,N,0.0,--,0.06
B0C9LJNJWZ,X0029NJZVJ,"LEXIBOOK, Barbie, Educational and Bilingual Laptop in English/French, Toy for children with 124 activities to learn, play games and music, Pink, JC598BBi1",'EMA4',GB,34.7,27.3,5.6,centimeters,0.82,kilograms,0.1873,cubic feet,Standard-Size,3.0,0.0,0.562,2025-12,8.5,weeks,1.37,0.0,3.0,0.562,0.77,0.0,GBP,0.77,Others,N,N,0.0,--,0.0
B0D6W9DZX4,X0029PJ5CV,"OtterBox Symmetry Folio Case for iPad 10th gen 2022, iPad 11th gen 2025 (A16), Shockproof, Drop proof, Slim Protective Folio Case, Tested to Military Standard, Black",'EMA4',GB,28.2,19.4,1.9,centimeters,0.42,kilograms,0.0367,cubic feet,Standard-Size,0.03,0.0,0.0012,2025-12,8.5,weeks,0.75,0.0,0.0,0.0,9.0E-4,0.0,GBP,9.0E-4,shoes & bags,N,N,0.0,--,0.0
B0D3JBBGSB,X0029PJW0L,"OtterBox Defender Case for iPad Air 11"" (2024) & iPad Air 10.9"" (2022/2020), Ultra-Rugged Protective Case with built in Screen Protector, 2x Tested to Military Standard, Black",'EMA4',GB,28.9,20.7,3.2,centimeters,0.61,kilograms,0.0676,cubic feet,Standard-Size,0.13,0.0,0.0087,2025-12,8.5,weeks,0.75,0.0,0.0,0.0,0.0065,0.0,GBP,0.0065,shoes & bags,N,N,0.0,--,0.0
B004GFPFBO,X0029XG251,Funko POP! Movies : Freddy Krueger - Nightmare on Elm Street - Collectable Vinyl Figure - Gift Idea - Official Merchandise - Toys for Kids & Adults - Movies Fans - Model Figure for Collectors,'EMA4',GB,16.1,11.6,8.9,centimeters,0.17,kilograms,0.0587,cubic feet,Standard-Size,1.0,0.0,0.0587,2025-12,8.5,weeks,1.37,0.0,1.0,0.0587,0.0804,0.0,GBP,0.0804,Others,N,N,0.0,--,0.0
B0001IWX7E,X002AFARJP,"KitchenCraft Kitchen Scissors with Bottle Opener, Stainless Steel, Multi Purpose Shears 21 cm (8.3''), Black",'EMA4',GB,27.7,11.3,1.4,centimeters,0.09,kilograms,0.0155,cubic feet,Standard-Size,1.0,0.0,0.0155,2025-12,8.5,weeks,1.37,0.0,1.0,0.0155,0.0212,0.0,GBP,0.0212,Others,N,N,0.0,--,0.0
B001ET78RY,X002AQ0W1H,Avalon Organics Rosemary Volumizing Conditioner 325ml Pack of 3,'EMA4',GB,22.9,21.1,6.6,centimeters,1.03,kilograms,0.1126,cubic feet,Standard-Size,1.0,0.0,0.1126,2025-12,8.5,weeks,1.37,0.0,1.0,0.1126,0.1543,0.0,GBP,0.1543,Others,N,N,0.0,--,0.0
B074RQ8G8Z,X002AQ6CZH,Cool Chile Chipotle Chillies in Adobo Paste - 170g Jar | Smoky Chilli Peppers in Sauce for Mexican Cooking,'EMA4',GB,8.2,6.3,6.0,centimeters,0.34,kilograms,0.0109,cubic feet,Standard-Size,0.35,0.0,0.0035,2025-12,8.5,weeks,1.37,0.0,0.32,0.0035,0.0048,0.0,GBP,0.0048,Others,N,N,0.0,--,0.03
B09445GL1C,X002BA017H,"Price's - Time for You Large Jar Candle - Sweet, Delicious Fragrance - Long Lasting Scent - Up to 100 Hour Burn Time - Ideal for All Occasions",'EMA4',GB,23.2,16.6,11.9,centimeters,1.01,kilograms,0.1618,cubic feet,Standard-Size,1.0,0.0,0.1618,2025-12,8.5,weeks,1.37,0.0,1.0,0.1618,0.2217,0.0,GBP,0.2217,Others,N,N,0.0,--,0.0
B07F1MFWV1,X002BG3AK1,"Skinny Food Co Salted Caramel Zero Calorie Syrup 425ml - Sugar Free Salted Caramel Syrup For Snacks, Drinks & Desserts - Vegan, Gluten-free, Keto & Paleo Friendly Caramel Syrup - Salted Caramel Syrup",'EMA4',GB,16.4,9.0,5.4,centimeters,0.47,kilograms,0.0281,cubic feet,Standard-Size,4.0,0.0,0.1126,2025-12,8.5,weeks,1.37,0.0,4.0,0.1126,0.1542,0.0,GBP,0.1542,Others,N,N,0.0,--,0.0
B0B2RBG672,X002BPWC29,"Salt of the Earth - Natural Deodorant Roll on Refill - x7 Uses - Amber & Sandalwood - 100% Natural Origin Ingredients - Vegan - Suitable for Men, Women & Children - 525ml",'EMA4',GB,22.2,7.3,6.9,centimeters,0.56,kilograms,0.0395,cubic feet,Standard-Size,0.45,0.0,0.0178,2025-12,8.5,weeks,1.37,0.0,0.45,0.0178,0.0244,0.0,GBP,0.0244,Others,N,N,0.0,--,0.0
B07H2WXMDJ,X002C5IRB3,"Skinny Food Co Sugar Free Maple Syrup 425ml - Zero Calorie Syrup For Breakfast, Snacks, Drinks & Desserts - Vegan, Gluten-free, Keto & Paleo Friendly Maple Syrup - Sugar Free Maple Syrup UK",'EMA4',GB,16.3,9.0,5.4,centimeters,0.47,kilograms,0.028,cubic feet,Standard-Size,7.0,0.0,0.1958,2025-12,8.5,weeks,1.37,0.0,2.71,0.0758,0.2683,0.0,GBP,0.2683,Others,N,N,0.0,--,0.0
B0BNLWBLMV,X002C8KRMR,Arcane Tinmen Dragon Shield Standard Sleeves - Matte Turquoise (100ct),'EMA4',GB,9.7,7.1,4.7,centimeters,0.14,kilograms,0.0114,cubic feet,Standard-Size,57.61,0.0,0.6582,2025-12,8.5,weeks,0.75,0.0,57.58,0.6582,0.4973,0.0,GBP,0.4973,shoes & bags,N,N,0.0,--,0.03
B002BX8ZFG,X002DZYN47,"Fackelmann OPAL Pizza Wheel, Pizza Cutter & Slicer, Super Sharp Blade, Stainless Steel, 18.5x5x1.2cm, Silver",'EMA4',GB,17.2,11.9,1.5,centimeters,0.07,kilograms,0.0108,cubic feet,Standard-Size,1.0,0.0,0.0108,2025-12,8.5,weeks,1.37,0.0,1.0,0.0108,0.0149,0.0,GBP,0.0149,Others,N,N,0.0,--,0.0
B0D3J9M2H8,X002E028OX,"OtterBox Symmetry Folio Case for iPad Air 13-Inch (2024 M2, 2025 M3), Shockproof, Drop proof, Slim Protective Folio Case, Tested to Military Standard, Black",'EMA4',GB,31.6,22.4,1.8,centimeters,0.55,kilograms,0.045,cubic feet,Standard-Size,0.06,0.0,0.0015,2025-12,8.5,weeks,0.75,0.0,0.03,0.0015,0.0011,0.0,GBP,0.0011,shoes & bags,N,N,0.0,--,0.03
B08DR97BX2,X002EE1UEX,"Cliganic Organic Argan Oil, 100% Pure (473ml) | Moroccan Argan Oil for Hair, Face & Skin | Natural Cold Pressed Carrier Oil - Certified Organic | Cliganic 90 Days Warranty",'EMA4',GB,17.9,9.2,9.1,centimeters,0.55,kilograms,0.0529,cubic feet,Standard-Size,1.84,0.0,0.0973,2025-12,8.5,weeks,1.37,0.0,1.84,0.0973,0.1333,0.0,GBP,0.1333,Others,N,N,0.0,--,0.0
B0CN5KRVXB,X002F5S5VH,Yu-Gi-Oh Legendary Decks 2 2024 Unlimited Reprint,'EMA4',GB,23.6,13.8,7.4,centimeters,0.43,kilograms,0.0851,cubic feet,Standard-Size,1.71,0.0,0.1428,2025-12,8.5,weeks,1.37,0.0,1.68,0.1428,0.1956,0.0,GBP,0.1956,Others,N,N,0.0,--,0.03
B08L3FB3G2,X002F5T589,Ultimate Guard Katana Sleeves Japanese Size Black (60),'EMA4',GB,9.7,6.71,1.91,centimeters,0.07,kilograms,0.0044,cubic feet,Standard-Size,0.97,0.0,0.0042,2025-12,8.5,weeks,1.37,0.0,0.97,0.0042,0.0058,0.0,GBP,0.0058,Others,N,N,0.0,--,0.0
B07RZBBG14,X002F5VV0T,"Dragon Shield AT-13201 Standard Size Perfect Fit Sealable (100 Sleeves), clear",'EMA4',GB,24.7,8.5,1.2,centimeters,0.08,kilograms,0.0089,cubic feet,Standard-Size,12.52,0.0,0.1114,2025-12,8.5,weeks,0.75,0.0,12.52,0.1114,0.0835,0.0,GBP,0.0835,shoes & bags,N,N,0.0,--,0.0
B007R2ICTK,X002057DE7,"HG Stain Away 7, Removes Rust Stains from Clothing & Textiles, Concentrated Rusty Mark Remover for Surfaces & Tiles, Fabric & Natural Stone Safe – 50m (426005106)",'EUK5',GB,14.0,4.2,2.4,centimeters,0.06,kilograms,0.005,cubic feet,Standard-Size,0.32,0.0,0.0016,2025-12,--,--,1.18,0.0,0.0,0.0,0.0,0.0,GBP,0.0,Others,N,N,0.0,--,0.0
B002HY4YSQ,X0023ISNDV,Kitchen Devils Lifestyle Peeler Parer Knife 602001,'EUK5',GB,27.2,8.4,1.7,centimeters,0.06,kilograms,0.0137,cubic feet,Standard-Size,0.32,0.0,0.0044,2025-12,8.5,weeks,1.37,0.0,0.03,4.0E-4,0.0061,0.0,GBP,0.0061,Others,N,N,0.0,--,0.0
B01NBDFDBC,X0023ITOJX,"Yale YES-CYLPULL-CH Essentials Rim Cylinder Door Pull, Great for External Doors, for Easy Door Closing, Chrome Finish",'EUK5',GB,14.1,8.5,2.3,centimeters,0.07,kilograms,0.0097,cubic feet,Standard-Size,0.58,0.0,0.0057,2025-12,8.5,weeks,1.37,0.0,0.03,3.0E-4,0.0077,0.0,GBP,0.0077,Others,N,N,0.0,--,0.0
B00F4LA0K0,X0028A4KS1,"Chef Aid Cocktail Sticks, Pack of 200 Stick perfect for Buffets and Cocktails use, The Skewer design helps hold sweet and savoury foods, Each cocktails stick measures 8 cm",'EUK5',GB,14.6,8.9,1.4,centimeters,0.04,kilograms,0.0064,cubic feet,Standard-Size,1.0,0.0,0.0064,2025-12,8.5,weeks,1.37,0.0,1.0,0.0064,0.0088,0.0,GBP,0.0088,Others,N,N,0.0,--,0.0
B086ZD7MG6,X00293G0VR,Curaprox CPS 07 Prime Start Interdental Brush Set |Starter Set with 5 Brushes |2 Different Holders |Red | 0.7 mm Diameter |2.5 mm Effectiveness | Made in Switzerland,'EUK5',GB,15.0,6.0,1.4,centimeters,0.03,kilograms,0.0044,cubic feet,Standard-Size,0.39,0.0,0.0017,2025-12,8.5,weeks,1.37,0.0,0.39,0.0017,0.0024,0.0,GBP,0.0024,Others,N,N,0.0,--,0.0
B093FQYQJH,X00293I5FB,"Curaprox CS 12460 Velvet Soft Toothbrush – Sensitive Gum Care | Ultra-Gentle Cleaning with 12,460 Filaments | Single Pack, Random Color | Made in Switzerland",'EUK5',GB,22.4,5.9,2.4,centimeters,0.03,kilograms,0.0112,cubic feet,Standard-Size,0.1,0.0,0.0011,2025-12,8.5,weeks,1.37,0.0,0.0,0.0,0.0015,0.0,GBP,0.0015,Others,N,N,0.0,--,0.0
B001OXH0X2,X00298OQXB,"Solvite SLVTHRIFT Wallpaper & Border Paste, Set of 1",'EUK5',GB,21.7,10.8,2.6,centimeters,0.07,kilograms,0.0215,cubic feet,Standard-Size,1.0,0.0,0.0215,2025-12,8.5,weeks,1.37,0.0,1.0,0.0215,0.0295,0.0,GBP,0.0295,Others,N,N,0.0,--,0.0
B003VTZAM0,X00298OTDN,"Minky Metallic Reflector Ironing Board Cover, Extra Large",'EUK5',GB,24.0,19.6,5.0,centimeters,0.15,kilograms,0.0831,cubic feet,Standard-Size,1.0,0.0,0.0831,2025-12,8.5,weeks,1.37,0.0,1.0,0.0831,0.1143,0.0,GBP,0.1143,Others,N,N,0.0,--,0.0
9188805646,X0029FM6EP,"Free League Publishing MÖRK Borg (Fantasy OSR RPG, Hardback, Full Color",'EUK5',GB,21.7,15.6,1.4,centimeters,0.39,kilograms,0.0167,cubic feet,Standard-Size,0.35,0.0,0.0059,2025-12,8.5,weeks,1.37,0.0,0.29,0.0049,0.0081,0.0,GBP,0.0081,Others,N,N,0.0,--,0.0
B06XXDNH1P,X002ASBMFZ,Dragon Shield ART11105 White (60) Matte Japanese Size Sleeves 60pk,'EUK5',GB,9.4,6.8,2.7,centimeters,0.08,kilograms,0.0061,cubic feet,Standard-Size,0.48,0.0,0.0029,2025-12,8.5,weeks,1.37,0.0,0.48,0.0029,0.004,0.0,GBP,0.004,Others,N,N,0.0,--,0.0
B086MBW9R9,X002B1NKXX,"The Army Painter Lowland Shrubs, 77 Self Adhesive Static Grass Tufts in 3 Sizes, for Model Bases, Terrain Scenics, Miniature Bases and Diorama Base, Green Grass Tufts for Gaming Bases",'EUK5',GB,21.0,7.8,1.8,centimeters,0.02,kilograms,0.0104,cubic feet,Standard-Size,0.03,0.0,3.0E-4,2025-12,8.5,weeks,1.37,0.0,0.03,3.0E-4,5.0E-4,0.0,GBP,5.0E-4,Others,N,N,0.0,--,0.0
B0012B80HG,X002CJPDFR,"Kitchen Devils S8602003 Lifestyle Kitchen Knife, Black, 30x8.5x2 cm",'EUK5',GB,28.1,7.4,1.7,centimeters,0.05,kilograms,0.0125,cubic feet,Standard-Size,1.0,0.0,0.0125,2025-12,8.5,weeks,1.37,0.0,1.0,0.0125,0.0171,0.0,GBP,0.0171,Others,N,N,0.0,--,0.0
B07RZBBG14,X002F5VV0T,"Dragon Shield AT-13201 Standard Size Perfect Fit Sealable (100 Sleeves), clear",'EUK5',GB,24.7,8.5,1.2,centimeters,0.08,kilograms,0.0089,cubic feet,Standard-Size,1.0,0.0,0.0089,2025-12,8.5,weeks,0.75,0.0,1.0,0.0089,0.01,0.0,GBP,0.01,shoes & bags,N,N,0.0,--,0.0
B08KFFY86W,X00208SK8H,"TePe EasyPick Toothpicks, Purple, ISO XL, 36pcs, Plaque Remover, efficient Clean Between The Teeth, Durable Dental Picks for Wide Gaps, Travel case Included",'LBA2',GB,15.7,7.6,1.4,centimeters,0.03,kilograms,0.0059,cubic feet,Standard-Size,0.13,0.0,8.0E-4,2025-12,8.5,weeks,1.37,0.0,0.13,8.0E-4,8.0E-4,0.0,GBP,8.0E-4,Others,N,N,0.0,--,0.0
B0D3JC45CK,X00245PSXV,"OtterBox Symmetry Folio Case for iPad Pro 11"" (M5/M4), Shockproof, Drop proof, Slim Protective Folio Case, Tested to Military Standard, Black",'LBA2',GB,28.4,18.7,1.5,centimeters,0.37,kilograms,0.0281,cubic feet,Standard-Size,0.13,0.0,0.0036,2025-12,8.5,weeks,0.75,0.0,0.13,0.0036,0.0029,0.0,GBP,0.0029,shoes & bags,N,N,0.0,--,0.0
B0D3JC45CK,X00245PSXV,"OtterBox Symmetry Folio Case for iPad Pro 11"" (M5/M4), Shockproof, Drop proof, Slim Protective Folio Case, Tested to Military Standard, Black",'LBA2',GB,28.4,18.7,1.5,centimeters,0.37,kilograms,0.0281,cubic feet,Standard-Size,0.06,0.0,0.0018,2025-12,8.5,weeks,0.75,0.0,0.0,0.0,0.0015,0.0,GBP,0.0015,shoes & bags,N,N,0.0,--,0.0
B06WW79DX5,X0024FWWTJ,3 X Everbuild CYN20 20g General Purpose Industrial Superglue,'LBA2',GB,10.4,10.2,2.4,centimeters,0.06,kilograms,0.009,cubic feet,Standard-Size,1.0,0.0,0.009,2025-12,--,--,1.18,0.0,0.0,0.0,0.0,0.0,GBP,0.01,Others,N,N,0.0,--,0.0
B016Y8SWZQ,X0028A4OZZ,"Easy Cook NS606R Microwave Egg Poacher, red, 2 cup",'LBA2',GB,20.4,16.8,5.3,centimeters,0.14,kilograms,0.0641,cubic feet,Standard-Size,0.1,0.0,0.0062,2025-12,8.5,weeks,1.37,0.0,0.1,0.0062,0.0065,0.0,GBP,0.0065,Others,N,N,0.0,--,0.0
B00ANP09LM,X0028A4RTD,"Easycook NS613R Easy Cook Polly Carbonate Non-Staining Microwave Sauce Pan and Lid, Red",'LBA2',GB,19.1,12.8,9.1,centimeters,0.12,kilograms,0.0786,cubic feet,Standard-Size,0.03,0.0,0.0025,2025-12,8.5,weeks,1.37,0.0,0.0,0.0,0.0027,0.0,GBP,0.0027,Others,N,N,0.0,--,0.0
B0D6W9DZX4,X0029PJ5CV,"OtterBox Symmetry Folio Case for iPad 10th gen 2022, iPad 11th gen 2025 (A16), Shockproof, Drop proof, Slim Protective Folio Case, Tested to Military Standard, Black",'LBA2',GB,28.2,19.4,1.9,centimeters,0.42,kilograms,0.0367,cubic feet,Standard-Size,0.19,0.0,0.0071,2025-12,8.5,weeks,0.75,0.0,0.19,0.0071,0.0056,0.0,GBP,0.0056,shoes & bags,N,N,0.0,--,0.0
B0CTD6Q6KY,X002AFI3HN,"McFarlane DC Multiverse 7"" Scale Vehicles - Tumbler with Lucius Fox (The Dark Knight) Gold Label, Includes Action Figure and Accessories",'LBA2',GB,48.6,27.8,17.6,centimeters,2.38,kilograms,0.8397,cubic feet,Oversize,1.0,0.0,0.8397,2025-12,63.3,weeks,0.79,0.0,1.0,0.8397,0.66,0.0,GBP,0.66,Others,N,N,0.0,--,0.0
B001Q77TI2,X0021O4AW5,"Ultra Pro 81181 3"" x 4"" Clear Thick 55PT Toploaders (25ct)",'LBA4',GB,10.8,8.2,5.5,centimeters,0.2,kilograms,0.0172,cubic feet,Standard-Size,1.16,0.0,0.02,2025-12,8.5,weeks,1.37,0.0,1.16,0.02,0.0258,0.0,GBP,0.0258,Others,N,N,0.0,--,0.0
B0D3JD4FFD,X00245PP39,"OtterBox Symmetry Folio Case for iPad Air 11"" (2024) & iPad Air 10.9"" (2022/2020), Shockproof, Drop proof, Slim Protective Folio Case, Tested to Military Standard, Black",'LBA4',GB,27.9,18.7,2.1,centimeters,0.4,kilograms,0.0387,cubic feet,Standard-Size,0.03,0.0,0.0012,2025-12,8.5,weeks,0.75,0.0,0.0,0.0,8.0E-4,0.0,GBP,8.0E-4,shoes & bags,N,N,0.0,--,0.0
B0D3JC45CK,X00245PSXV,"OtterBox Symmetry Folio Case for iPad Pro 11"" (M5/M4), Shockproof, Drop proof, Slim Protective Folio Case, Tested to Military Standard, Black",'LBA4',GB,28.4,18.7,1.5,centimeters,0.37,kilograms,0.0281,cubic feet,Standard-Size,0.1,0.0,0.0027,2025-12,8.5,weeks,0.75,0.0,0.0,0.0,0.0017,0.0,GBP,0.0017,shoes & bags,N,N,0.0,--,0.0
B07T9WVBZ2,X0028TKVZ3,Curaprox PerioPlus+ Focus Gel – Targeted Gum Care | Supports Healing with CHX and Hyaluronic Acid | 10 ml Tube | Designed in Switzerland,'LBA4',GB,9.2,2.9,2.2,centimeters,0.02,kilograms,0.0021,cubic feet,Standard-Size,0.1,0.0,2.0E-4,2025-12,8.5,weeks,1.37,0.0,0.0,0.0,3.0E-4,0.0,GBP,3.0E-4,Others,N,N,0.0,--,0.0
B086ZD7MG6,X00293G0VR,Curaprox CPS 07 Prime Start Interdental Brush Set |Starter Set with 5 Brushes |2 Different Holders |Red | 0.7 mm Diameter |2.5 mm Effectiveness | Made in Switzerland,'LBA4',GB,15.0,6.0,1.4,centimeters,0.03,kilograms,0.0044,cubic feet,Standard-Size,0.52,0.0,0.0023,2025-12,8.5,weeks,1.37,0.0,0.0,0.0,0.003,0.0,GBP,0.003,Others,N,N,0.0,--,0.0
B093FQYQJH,X00293I5FB,"Curaprox CS 12460 Velvet Soft Toothbrush – Sensitive Gum Care | Ultra-Gentle Cleaning with 12,460 Filaments | Single Pack, Random Color | Made in Switzerland",'LBA4',GB,22.4,5.9,2.4,centimeters,0.03,kilograms,0.0112,cubic feet,Standard-Size,1.74,0.0,0.0195,2025-12,8.5,weeks,1.37,0.0,0.0,0.0,0.0254,0.0,GBP,0.0254,Others,N,N,0.0,--,0.0
9188805646,X0029FM6EP,"Free League Publishing MÖRK Borg (Fantasy OSR RPG, Hardback, Full Color",'LBA4',GB,21.7,15.6,1.4,centimeters,0.39,kilograms,0.0167,cubic feet,Standard-Size,0.26,0.0,0.0043,2025-12,8.5,weeks,1.37,0.0,0.26,0.0043,0.0056,0.0,GBP,0.0056,Others,N,N,0.0,--,0.0
B0D6W9DZX4,X0029PJ5CV,"OtterBox Symmetry Folio Case for iPad 10th gen 2022, iPad 11th gen 2025 (A16), Shockproof, Drop proof, Slim Protective Folio Case, Tested to Military Standard, Black",'LBA4',GB,28.2,19.4,1.9,centimeters,0.42,kilograms,0.0367,cubic feet,Standard-Size,0.26,0.0,0.0095,2025-12,8.5,weeks,0.75,0.0,0.0,0.0,0.0061,0.0,GBP,0.0061,shoes & bags,N,N,0.0,--,0.0
B0D3JBBGSB,X0029PJW0L,"OtterBox Defender Case for iPad Air 11"" (2024) & iPad Air 10.9"" (2022/2020), Ultra-Rugged Protective Case with built in Screen Protector, 2x Tested to Military Standard, Black",'LBA4',GB,28.9,20.7,3.2,centimeters,0.61,kilograms,0.0676,cubic feet,Standard-Size,0.03,0.0,0.0022,2025-12,8.5,weeks,0.75,0.0,0.0,0.0,0.0014,0.0,GBP,0.0014,shoes & bags,N,N,0.0,--,0.0
B096BPSDRZ,X001Y3YP9R,Ravensburger Bluey 35 Piece Jigsaw Puzzle for Kids Age 3 Years Up - Educational Toddler Toys,'LBA5',GB,27.4,19.1,3.4,centimeters,0.2,kilograms,0.0628,cubic feet,Standard-Size,0.74,0.0,0.0446,2025-12,8.5,weeks,1.37,0.0,0.71,0.0446,0.0611,0.0,GBP,0.0611,Others,N,N,0.0,--,0.03
B00WI8O0RG,X001YC1PPF,100 Ultra Pro Card Protector Sleeves: Pro-Matte - 66 x 91 mm,'LBA5',GB,14.2,11.6,1.8,centimeters,0.11,kilograms,0.0105,cubic feet,Standard-Size,6.03,0.0,0.0618,2025-12,8.5,weeks,1.37,0.0,5.9,0.0618,0.0847,0.0,GBP,0.0847,Others,N,N,0.0,--,0.13
B007R2ICTK,X002057DE7,"HG Stain Away 7, Removes Rust Stains from Clothing & Textiles, Concentrated Rusty Mark Remover for Surfaces & Tiles, Fabric & Natural Stone Safe – 50m (426005106)",'LBA5',GB,14.0,4.2,2.4,centimeters,0.06,kilograms,0.005,cubic feet,Standard-Size,49.65,0.0,0.2469,2025-12,--,--,1.18,0.0,0.0,0.0,0.0,0.0,GBP,0.2927,Others,N,N,0.0,--,0.1
B08KFFY86W,X00208SK8H,"TePe EasyPick Toothpicks, Purple, ISO XL, 36pcs, Plaque Remover, efficient Clean Between The Teeth, Durable Dental Picks for Wide Gaps, Travel case Included",'LBA5',GB,15.7,7.6,1.4,centimeters,0.03,kilograms,0.0059,cubic feet,Standard-Size,246.29,0.0,1.4484,2025-12,8.5,weeks,1.37,0.0,238.65,1.4078,1.9854,0.0,GBP,1.9854,Others,N,N,0.0,--,0.77
B001Q77TI2,X0021O4AW5,"Ultra Pro 81181 3"" x 4"" Clear Thick 55PT Toploaders (25ct)",'LBA5',GB,10.8,8.2,5.5,centimeters,0.2,kilograms,0.0172,cubic feet,Standard-Size,1.39,0.0,0.0227,2025-12,8.5,weeks,1.37,0.0,1.06,0.0183,0.0312,0.0,GBP,0.0312,Others,N,N,0.0,--,0.06
B07J9JGZZV,X0022RICEN,Plaque Glo Plaque Disclosing Toothpaste and Torch System (Tropical),'LBA5',GB,18.0,5.0,2.4,centimeters,0.04,kilograms,0.0076,cubic feet,Standard-Size,7.06,0.0,0.0512,2025-12,8.5,weeks,1.37,0.0,6.71,0.0512,0.0701,0.0,GBP,0.0701,Others,N,N,0.0,--,0.35
B08MW8XMNQ,X0022RQT3T,Piksters Eco Charcoal 30 Floss Picks - Pack of 1,'LBA5',GB,9.6,6.6,1.9,centimeters,0.04,kilograms,0.0043,cubic feet,Standard-Size,2.0,0.0,0.0085,2025-12,8.5,weeks,1.37,0.0,2.0,0.0085,0.0116,0.0,GBP,0.0116,Others,N,N,0.0,--,0.0
B0073TTHBY,X0022WK51L,Casio Gents 43.00mm Quartz Watch with Black Analogue dial and Black Rubber Strap Strap MRW-200H-1BVES,'LBA5',GB,9.4,9.2,6.4,centimeters,0.1,kilograms,0.0195,cubic feet,Standard-Size,7.0,0.0,0.1368,2025-12,8.5,weeks,1.37,0.0,7.0,0.1368,0.1874,0.0,GBP,0.1874,Others,N,N,0.0,--,0.0
B002HY4YSQ,X0023ISNDV,Kitchen Devils Lifestyle Peeler Parer Knife 602001,'LBA5',GB,27.2,8.4,1.7,centimeters,0.06,kilograms,0.0137,cubic feet,Standard-Size,0.26,0.0,0.0035,2025-12,8.5,weeks,1.37,0.0,0.0,0.0,0.0048,0.0,GBP,0.0048,Others,N,N,0.0,--,0.0
B0001P0DLU,X0023ISRE1,Loctite 319 Rear View Mirror Bonder 0.5ml,'LBA5',GB,16.5,9.6,1.3,centimeters,0.01,kilograms,0.0073,cubic feet,Standard-Size,2.0,0.0,0.0145,2025-12,--,--,1.18,0.0,0.0,0.0,0.0,0.0,GBP,0.0173,Others,N,N,0.0,--,0.0
B08W25WKTN,X0024EBXZJ,LEXIBOOK - Paw Patrol - Cordless Mini Bedside Lamp and Nightlight Paw Patrol - Blue - MLT10PA,'LBA5',GB,19.1,10.2,10.0,centimeters,0.16,kilograms,0.0688,cubic feet,Standard-Size,1.0,0.0,0.0688,2025-12,8.5,weeks,1.37,0.0,1.0,0.0688,0.0943,0.0,GBP,0.0943,Others,N,N,0.0,--,0.0
B08M52B4M5,X002595YRB,Moo Free Dairy Free Chocolate Buttons (25g),'LBA5',GB,12.0,8.7,1.4,centimeters,0.02,kilograms,0.0052,cubic feet,Standard-Size,14.87,0.0,0.0768,2025-12,8.5,weeks,1.37,0.0,14.87,0.0768,0.1052,0.0,GBP,0.1052,Others,N,N,0.0,--,0.0
B0001P15T4,X0025FSMDX,"Vitrex 10 2280 Grout Finisher, Blue",'LBA5',GB,16.9,6.9,0.7,centimeters,0.01,kilograms,0.0029,cubic feet,Standard-Size,7.0,0.0,0.0202,2025-12,8.5,weeks,1.37,0.0,7.0,0.0202,0.0276,0.0,GBP,0.0276,Others,N,N,0.0,--,0.0
B00F4LA0K0,X0028A4KS1,"Chef Aid Cocktail Sticks, Pack of 200 Stick perfect for Buffets and Cocktails use, The Skewer design helps hold sweet and savoury foods, Each cocktails stick measures 8 cm",'LBA5',GB,14.6,8.9,1.4,centimeters,0.04,kilograms,0.0064,cubic feet,Standard-Size,5.0,0.0,0.0321,2025-12,8.5,weeks,1.37,0.0,5.0,0.0321,0.044,0.0,GBP,0.044,Others,N,N,0.0,--,0.0
B0052VXJGO,X0028A4L7L,"Fackelmann OPAL Skimmer, Straining Spoon, Frying Strainer, Fine Mesh, Medium Spider Ladle Stainless Steel, 37.5x12x5.5cm, Silver",'LBA5',GB,36.0,12.2,4.5,centimeters,0.09,kilograms,0.0698,cubic feet,Standard-Size,7.71,0.0,0.5359,2025-12,8.5,weeks,1.37,0.0,7.68,0.5359,0.7341,0.0,GBP,0.7341,Others,N,N,0.0,--,0.03
B00BWU7MNU,X0028GYIGT,"SPLAT Biocalcium Toothpaste, 100 ml",'LBA5',GB,18.2,5.1,3.9,centimeters,0.15,kilograms,0.0128,cubic feet,Standard-Size,1.0,0.0,0.0128,2025-12,8.5,weeks,1.37,0.0,1.0,0.0128,0.0175,0.0,GBP,0.0175,Others,N,N,0.0,--,0.0
B072YZPBJ3,X0028LVSAN,Funko Pop! Movies: Bride Of Chucky - Tiffany Valentine-Ray - 1/6 Odds for Rare Chase Variant - Collectable Vinyl Figure - Gift Idea - Official Merchandise - Toys for Kids & Adults - Horror Fans,'LBA5',GB,16.0,13.8,11.8,centimeters,0.11,kilograms,0.092,cubic feet,Standard-Size,1.0,0.0,0.092,2025-12,8.5,weeks,1.37,0.0,1.0,0.092,0.1261,0.0,GBP,0.1261,Others,N,N,0.0,--,0.0
B00000IU72,X0028LVUDD,"BRIO 33344 Mechanical Switches Wooden Train Track for Kids Age 3 Years Up - Compatible with all BRIO Railway Sets & Accessories, Multicoloured",'LBA5',GB,19.3,9.6,2.9,centimeters,0.16,kilograms,0.019,cubic feet,Standard-Size,2.0,0.0,0.0379,2025-12,8.5,weeks,1.37,0.0,2.0,0.0379,0.052,0.0,GBP,0.052,Others,N,N,0.0,--,0.0
B07T9WVBZ2,X0028TKVZ3,Curaprox PerioPlus+ Focus Gel – Targeted Gum Care | Supports Healing with CHX and Hyaluronic Acid | 10 ml Tube | Designed in Switzerland,'LBA5',GB,9.2,2.9,2.2,centimeters,0.02,kilograms,0.0021,cubic feet,Standard-Size,0.13,0.0,3.0E-4,2025-12,8.5,weeks,1.37,0.0,0.0,0.0,4.0E-4,0.0,GBP,4.0E-4,Others,N,N,0.0,--,0.0
B07CN7NRF7,X00290XJ6J,Harry Potter - Tattoos (Temporary) - Set of 35 Styles - Official - Cinereplicas,'LBA5',GB,24.7,14.8,0.04,centimeters,0.04,kilograms,5.0E-4,cubic feet,Standard-Size,1.29,0.0,7.0E-4,2025-12,8.5,weeks,1.37,0.0,1.29,7.0E-4,9.0E-4,0.0,GBP,9.0E-4,Others,N,N,0.0,--,0.0
B093FQYQJH,X00293I5FB,"Curaprox CS 12460 Velvet Soft Toothbrush – Sensitive Gum Care | Ultra-Gentle Cleaning with 12,460 Filaments | Single Pack, Random Color | Made in Switzerland",'LBA5',GB,22.4,5.9,2.4,centimeters,0.03,kilograms,0.0112,cubic feet,Standard-Size,0.06,0.0,7.0E-4,2025-12,8.5,weeks,1.37,0.0,0.03,4.0E-4,0.001,0.0,GBP,0.001,Others,N,N,0.0,--,0.0
B00BEUFYE2,X00298I7JF,"Tala Adjustable Cake Leveller, Stainless Steel Wire Cutter for Even Cake Layers, Multi-Height Settings for Cakes up to 25cm Wide, Perfect for Leveling & Decorating Sponges",'LBA5',GB,32.5,16.3,2.4,centimeters,0.08,kilograms,0.0449,cubic feet,Standard-Size,1.0,0.0,0.0449,2025-12,8.5,weeks,1.37,0.0,1.0,0.0449,0.0615,0.0,GBP,0.0615,Others,N,N,0.0,--,0.0
B001OXH0X2,X00298OQXB,"Solvite SLVTHRIFT Wallpaper & Border Paste, Set of 1",'LBA5',GB,21.7,10.8,2.6,centimeters,0.07,kilograms,0.0215,cubic feet,Standard-Size,1.0,0.0,0.0215,2025-12,8.5,weeks,1.37,0.0,1.0,0.0215,0.0295,0.0,GBP,0.0295,Others,N,N,0.0,--,0.0
B003VTZAM0,X00298OTDN,"Minky Metallic Reflector Ironing Board Cover, Extra Large",'LBA5',GB,24.0,19.6,5.0,centimeters,0.15,kilograms,0.0831,cubic feet,Standard-Size,2.87,0.0,0.2358,2025-12,8.5,weeks,1.37,0.0,2.84,0.2358,0.323,0.0,GBP,0.323,Others,N,N,0.0,--,0.03
B075XT2J8X,X0029FIBPX,Kingfisher Natural Toothpaste Charcoal Mint Fluoride-Free | Vegetarian & Vegan | Oral Health Foundation Approved | Gluten-Free & GM-Free | Ethical Consumer Best Buy | 1x100ml Tube,'LBA5',GB,19.2,4.8,3.9,centimeters,0.17,kilograms,0.0127,cubic feet,Standard-Size,24.0,0.0,0.3046,2025-12,8.5,weeks,1.37,0.0,24.0,0.3046,0.4173,0.0,GBP,0.4173,Others,N,N,0.0,--,0.0
B08P63MSS9,X0029FLX21,The Cheeky Panda Bamboo Facial Make Up Remover Wipes | Sustainable Face Wipes Eye Makeup Remover | Rose Scented Pack of 25 Face Wipes | 99% Purified Water,'LBA5',GB,13.8,8.5,3.9,centimeters,0.19,kilograms,0.0162,cubic feet,Standard-Size,5.0,0.0,0.0808,2025-12,8.5,weeks,1.37,0.0,5.0,0.0808,0.1107,0.0,GBP,0.1107,Others,N,N,0.0,--,0.0
B000Q351JG,X0029FM48D,Tisserand Aromatherapy - Jojoba Organic Carrier Oil - Face and Body Blending Oil - 100% Natural and Pure Carrier Oil for Essential Oils Mixing,'LBA5',GB,11.2,3.9,3.6,centimeters,0.1,kilograms,0.0056,cubic feet,Standard-Size,2.84,0.0,0.005,2025-12,8.5,weeks,1.37,0.0,0.9,0.005,0.0069,0.0,GBP,0.0069,Others,N,N,0.0,--,1.94
B08WPCW7TH,X0029FM4IN,"Moo Free White Chocolate Bars - Dairy Free, Gluten Free & Vegan (20g)",'LBA5',GB,14.0,4.0,0.5,centimeters,0.02,kilograms,0.001,cubic feet,Standard-Size,5.0,0.0,0.0049,2025-12,8.5,weeks,1.37,0.0,5.0,0.0049,0.0068,0.0,GBP,0.0068,Others,N,N,0.0,--,0.0
9188805646,X0029FM6EP,"Free League Publishing MÖRK Borg (Fantasy OSR RPG, Hardback, Full Color",'LBA5',GB,21.7,15.6,1.4,centimeters,0.39,kilograms,0.0167,cubic feet,Standard-Size,0.65,0.0,0.0108,2025-12,8.5,weeks,1.37,0.0,0.48,0.0081,0.0148,0.0,GBP,0.0148,Others,N,N,0.0,--,0.0
B07BLX7YG9,X0029NC4AD,"Lexibook PAW Patrol Helper on Four Paws Chase LED Night Light for Kids, Color Changing, Soft Light, Batteries, Plastic, Blue/Beige, NLJ001PA1, Multicolor, 13, Colour Change",'LBA5',GB,14.4,10.2,9.7,centimeters,0.13,kilograms,0.0503,cubic feet,Standard-Size,1.0,0.0,0.0503,2025-12,8.5,weeks,1.37,0.0,1.0,0.0503,0.0689,0.0,GBP,0.0689,Others,N,N,0.0,--,0.0
B0070Y60K8,X0029NGLQL,"Weekender Timex Central Park Quartz Watch with Analogue Display and Nylon Strap - T2N747, Blue, T2N747PF",'LBA5',GB,9.3,8.1,6.3,centimeters,0.09,kilograms,0.0168,cubic feet,Standard-Size,1.0,0.0,0.0168,2025-12,8.5,weeks,1.37,0.0,1.0,0.0168,0.023,0.0,GBP,0.023,Others,N,N,0.0,--,0.0
B0C9LJNJWZ,X0029NJZVJ,"LEXIBOOK, Barbie, Educational and Bilingual Laptop in English/French, Toy for children with 124 activities to learn, play games and music, Pink, JC598BBi1",'LBA5',GB,34.7,27.3,5.6,centimeters,0.82,kilograms,0.1873,cubic feet,Standard-Size,2.0,0.0,0.3747,2025-12,8.5,weeks,1.37,0.0,2.0,0.3747,0.5133,0.0,GBP,0.5133,Others,N,N,0.0,--,0.0
B0D6W9DZX4,X0029PJ5CV,"OtterBox Symmetry Folio Case for iPad 10th gen 2022, iPad 11th gen 2025 (A16), Shockproof, Drop proof, Slim Protective Folio Case, Tested to Military Standard, Black",'LBA5',GB,28.2,19.4,1.9,centimeters,0.42,kilograms,0.0367,cubic feet,Standard-Size,0.13,0.0,0.0047,2025-12,8.5,weeks,0.75,0.0,0.0,0.0,0.0034,0.0,GBP,0.0034,shoes & bags,N,N,0.0,--,0.0
B004GFPFBO,X0029XG251,Funko POP! Movies : Freddy Krueger - Nightmare on Elm Street - Collectable Vinyl Figure - Gift Idea - Official Merchandise - Toys for Kids & Adults - Movies Fans - Model Figure for Collectors,'LBA5',GB,16.1,11.6,8.9,centimeters,0.17,kilograms,0.0587,cubic feet,Standard-Size,2.0,0.0,0.1174,2025-12,8.5,weeks,1.37,0.0,2.0,0.1174,0.1608,0.0,GBP,0.1608,Others,N,N,0.0,--,0.0
B074RQ8G8Z,X002AQ6CZH,Cool Chile Chipotle Chillies in Adobo Paste - 170g Jar | Smoky Chilli Peppers in Sauce for Mexican Cooking,'LBA5',GB,8.2,6.3,6.0,centimeters,0.34,kilograms,0.0109,cubic feet,Standard-Size,0.19,0.0,0.0021,2025-12,8.5,weeks,1.37,0.0,0.19,0.0021,0.0029,0.0,GBP,0.0029,Others,N,N,0.0,--,0.0
B09NQCV872,X002ASB2SR,"The Army Painter Speedpaint Sand Golem 2.0, Single Acrylic Paint 18ml One-coat Painting Soloution For Fantasy Tabletop Miniatures Like Warhammer 40k and Dungeons And Dragons Figures",'LBA5',GB,7.1,2.3,2.0,centimeters,0.03,kilograms,0.0012,cubic feet,Standard-Size,1.0,0.0,0.0012,2025-12,8.5,weeks,1.37,0.0,1.0,0.0012,0.0016,0.0,GBP,0.0016,Others,N,N,0.0,--,0.0
B06XXDNH1P,X002ASBMFZ,Dragon Shield ART11105 White (60) Matte Japanese Size Sleeves 60pk,'LBA5',GB,9.4,6.8,2.7,centimeters,0.08,kilograms,0.0061,cubic feet,Standard-Size,10.39,0.0,0.0629,2025-12,8.5,weeks,1.37,0.0,10.32,0.0629,0.0862,0.0,GBP,0.0862,Others,N,N,0.0,--,0.06
B09445GL1C,X002BA017H,"Price's - Time for You Large Jar Candle - Sweet, Delicious Fragrance - Long Lasting Scent - Up to 100 Hour Burn Time - Ideal for All Occasions",'LBA5',GB,23.2,16.6,11.9,centimeters,1.01,kilograms,0.1618,cubic feet,Standard-Size,1.0,0.0,0.1618,2025-12,8.5,weeks,1.37,0.0,1.0,0.1618,0.2217,0.0,GBP,0.2217,Others,N,N,0.0,--,0.0
B07F1MFWV1,X002BG3AK1,"Skinny Food Co Salted Caramel Zero Calorie Syrup 425ml - Sugar Free Salted Caramel Syrup For Snacks, Drinks & Desserts - Vegan, Gluten-free, Keto & Paleo Friendly Caramel Syrup - Salted Caramel Syrup",'LBA5',GB,16.4,9.0,5.4,centimeters,0.47,kilograms,0.0281,cubic feet,Standard-Size,3.0,0.0,0.0844,2025-12,8.5,weeks,1.37,0.0,3.0,0.0844,0.1157,0.0,GBP,0.1157,Others,N,N,0.0,--,0.0
B07H2WXMDJ,X002C5IRB3,"Skinny Food Co Sugar Free Maple Syrup 425ml - Zero Calorie Syrup For Breakfast, Snacks, Drinks & Desserts - Vegan, Gluten-free, Keto & Paleo Friendly Maple Syrup - Sugar Free Maple Syrup UK",'LBA5',GB,16.3,9.0,5.4,centimeters,0.47,kilograms,0.028,cubic feet,Standard-Size,3.0,0.0,0.0839,2025-12,8.5,weeks,1.37,0.0,1.16,0.0325,0.115,0.0,GBP,0.115,Others,N,N,0.0,--,0.0
B0012B80HG,X002CJPDFR,"Kitchen Devils S8602003 Lifestyle Kitchen Knife, Black, 30x8.5x2 cm",'LBA5',GB,28.1,7.4,1.7,centimeters,0.05,kilograms,0.0125,cubic feet,Standard-Size,1.0,0.0,0.0125,2025-12,8.5,weeks,1.37,0.0,1.0,0.0125,0.0171,0.0,GBP,0.0171,Others,N,N,0.0,--,0.0
B0CN5KRVXB,X002F5S5VH,Yu-Gi-Oh Legendary Decks 2 2024 Unlimited Reprint,'LBA5',GB,23.6,13.8,7.4,centimeters,0.43,kilograms,0.0851,cubic feet,Standard-Size,0.55,0.0,0.0467,2025-12,8.5,weeks,1.37,0.0,0.55,0.0467,0.0639,0.0,GBP,0.0639,Others,N,N,0.0,--,0.0
B07RZBBG14,X002F5VV0T,"Dragon Shield AT-13201 Standard Size Perfect Fit Sealable (100 Sleeves), clear",'LBA5',GB,24.7,8.5,1.2,centimeters,0.08,kilograms,0.0089,cubic feet,Standard-Size,15.23,0.0,0.134,2025-12,8.5,weeks,0.75,0.0,15.06,0.134,0.0966,0.0,GBP,0.0966,shoes & bags,N,N,0.0,--,0.16
B007R2ICTK,X002057DE7,"HG Stain Away 7, Removes Rust Stains from Clothing & Textiles, Concentrated Rusty Mark Remover for Surfaces & Tiles, Fabric & Natural Stone Safe – 50m (426005106)",'LCY2',GB,14.0,4.2,2.4,centimeters,0.06,kilograms,0.005,cubic feet,Standard-Size,9.0,0.0,0.0445,2025-12,--,--,1.18,0.0,0.0,0.0,0.0,0.0,GBP,0.0512,Others,N,N,0.0,--,0.06
B00AOES9GE,X00206JNTT,Curaprox CS 1006 Single Toothbrush – Targeted Cleaning for Gumline and Braces | Ultra-Soft Single Tuft | for Sensitive Teeth and Implants | Designed in Switzerland,'LCY2',GB,22.3,4.2,1.3,centimeters,0.01,kilograms,0.0043,cubic feet,Standard-Size,4.45,0.0,0.0184,2025-12,8.5,weeks,1.37,0.0,2.65,0.0114,0.0253,0.0,GBP,0.0253,Others,N,N,0.0,--,0.16
B08KFFY86W,X00208SK8H,"TePe EasyPick Toothpicks, Purple, ISO XL, 36pcs, Plaque Remover, efficient Clean Between The Teeth, Durable Dental Picks for Wide Gaps, Travel case Included",'LCY2',GB,15.7,7.6,1.4,centimeters,0.03,kilograms,0.0059,cubic feet,Standard-Size,54.97,0.0,0.3132,2025-12,8.5,weeks,1.37,0.0,33.87,0.1998,0.4291,0.0,GBP,0.4291,Others,N,N,0.0,--,1.87
B07BC1CMDK,X00218D0YF,"Amtech V4075 P240 Hook and Loop Orbital Sanding Sheets, 10 Piece Set, 115mm Diameter Sanding Paper",'LCY2',GB,15.9,12.0,1.0,centimeters,0.06,kilograms,0.0067,cubic feet,Standard-Size,2.0,0.0,0.0135,2025-12,8.5,weeks,1.37,0.0,2.0,0.0135,0.0185,0.0,GBP,0.0185,Others,N,N,0.0,--,0.0
B010E25DI2,X0021K11U3,100 Ultra Pro Card Protector Sleeves: Pro-Matte - 66 x 91 mm,'LCY2',GB,18.3,11.6,1.6,centimeters,0.11,kilograms,0.012,cubic feet,Standard-Size,2.0,0.0,0.024,2025-12,8.5,weeks,1.37,0.0,1.87,0.0224,0.0329,0.0,GBP,0.0329,Others,N,N,0.0,--,0.0
B08MW8XMNQ,X0022RQT3T,Piksters Eco Charcoal 30 Floss Picks - Pack of 1,'LCY2',GB,9.6,6.6,1.9,centimeters,0.04,kilograms,0.0043,cubic feet,Standard-Size,2.0,0.0,0.0085,2025-12,8.5,weeks,1.37,0.0,2.0,0.0085,0.0116,0.0,GBP,0.0116,Others,N,N,0.0,--,0.0
B0073TTHBY,X0022WK51L,Casio Gents 43.00mm Quartz Watch with Black Analogue dial and Black Rubber Strap Strap MRW-200H-1BVES,'LCY2',GB,9.4,9.2,6.4,centimeters,0.1,kilograms,0.0195,cubic feet,Standard-Size,14.0,0.0,0.2736,2025-12,8.5,weeks,1.37,0.0,14.0,0.2736,0.3749,0.0,GBP,0.3749,Others,N,N,0.0,--,0.0
B002HY4YSQ,X0023ISNDV,Kitchen Devils Lifestyle Peeler Parer Knife 602001,'LCY2',GB,27.2,8.4,1.7,centimeters,0.06,kilograms,0.0137,cubic feet,Standard-Size,0.26,0.0,0.0035,2025-12,8.5,weeks,1.37,0.0,0.0,0.0,0.0048,0.0,GBP,0.0048,Others,N,N,0.0,--,0.0
B0001P0DLU,X0023ISRE1,Loctite 319 Rear View Mirror Bonder 0.5ml,'LCY2',GB,16.5,9.6,1.3,centimeters,0.01,kilograms,0.0073,cubic feet,Standard-Size,7.0,0.0,0.0509,2025-12,--,--,1.18,0.0,0.0,0.0,0.0,0.0,GBP,0.0588,Others,N,N,0.0,--,0.0
B08W25WKTN,X0024EBXZJ,LEXIBOOK - Paw Patrol - Cordless Mini Bedside Lamp and Nightlight Paw Patrol - Blue - MLT10PA,'LCY2',GB,19.1,10.2,10.0,centimeters,0.16,kilograms,0.0688,cubic feet,Standard-Size,1.0,0.0,0.0688,2025-12,8.5,weeks,1.37,0.0,1.0,0.0688,0.0943,0.0,GBP,0.0943,Others,N,N,0.0,--,0.0
B08M52B4M5,X002595YRB,Moo Free Dairy Free Chocolate Buttons (25g),'LCY2',GB,12.0,8.7,1.4,centimeters,0.02,kilograms,0.0052,cubic feet,Standard-Size,25.23,0.0,0.13,2025-12,8.5,weeks,1.37,0.0,25.19,0.13,0.1782,0.0,GBP,0.1782,Others,N,N,0.0,--,0.03
B0001P15T4,X0025FSMDX,"Vitrex 10 2280 Grout Finisher, Blue",'LCY2',GB,16.9,6.9,0.7,centimeters,0.01,kilograms,0.0029,cubic feet,Standard-Size,6.0,0.0,0.0173,2025-12,8.5,weeks,1.37,0.0,6.0,0.0173,0.0237,0.0,GBP,0.0237,Others,N,N,0.0,--,0.0
B0073FT7FY,X0026L1SCN,TEPE INTERDENTAL Travel CASE,'LCY2',GB,11.1,9.5,1.9,centimeters,0.01,kilograms,0.0071,cubic feet,Standard-Size,37.48,0.0,0.2593,2025-12,8.5,weeks,1.37,0.0,2.58,0.0183,0.3552,0.0,GBP,0.3552,Others,N,N,0.0,--,0.84
B00F4LA0K0,X0028A4KS1,"Chef Aid Cocktail Sticks, Pack of 200 Stick perfect for Buffets and Cocktails use, The Skewer design helps hold sweet and savoury foods, Each cocktails stick measures 8 cm",'LCY2',GB,14.6,8.9,1.4,centimeters,0.04,kilograms,0.0064,cubic feet,Standard-Size,1.0,0.0,0.0064,2025-12,8.5,weeks,1.37,0.0,1.0,0.0064,0.0088,0.0,GBP,0.0088,Others,N,N,0.0,--,0.0
B00BWU7MNU,X0028GYIGT,"SPLAT Biocalcium Toothpaste, 100 ml",'LCY2',GB,18.2,5.1,3.9,centimeters,0.15,kilograms,0.0128,cubic feet,Standard-Size,1.16,0.0,0.0148,2025-12,8.5,weeks,1.37,0.0,1.16,0.0148,0.0203,0.0,GBP,0.0203,Others,N,N,0.0,--,0.0
B00000IU72,X0028LVUDD,"BRIO 33344 Mechanical Switches Wooden Train Track for Kids Age 3 Years Up - Compatible with all BRIO Railway Sets & Accessories, Multicoloured",'LCY2',GB,19.3,9.6,2.9,centimeters,0.16,kilograms,0.019,cubic feet,Standard-Size,3.0,0.0,0.0569,2025-12,8.5,weeks,1.37,0.0,3.0,0.0569,0.078,0.0,GBP,0.078,Others,N,N,0.0,--,0.0
B07T9WVBZ2,X0028TKVZ3,Curaprox PerioPlus+ Focus Gel – Targeted Gum Care | Supports Healing with CHX and Hyaluronic Acid | 10 ml Tube | Designed in Switzerland,'LCY2',GB,9.2,2.9,2.2,centimeters,0.02,kilograms,0.0021,cubic feet,Standard-Size,0.94,0.0,0.0018,2025-12,8.5,weeks,1.37,0.0,0.87,0.0018,0.0025,0.0,GBP,0.0025,Others,N,N,0.0,--,0.06
B086ZD7MG6,X00293G0VR,Curaprox CPS 07 Prime Start Interdental Brush Set |Starter Set with 5 Brushes |2 Different Holders |Red | 0.7 mm Diameter |2.5 mm Effectiveness | Made in Switzerland,'LCY2',GB,15.0,6.0,1.4,centimeters,0.03,kilograms,0.0044,cubic feet,Standard-Size,0.13,0.0,6.0E-4,2025-12,8.5,weeks,1.37,0.0,0.0,0.0,8.0E-4,0.0,GBP,8.0E-4,Others,N,N,0.0,--,0.0
B09M3PQRBG,X00293HPTD,Curaprox Kids Toothpaste – Ages 2+ | Strawberry Flavour | Protects Milk Teeth with 950 ppm Fluoride | Gentle Formula | 60 ml | Made in Switzerland,'LCY2',GB,12.7,4.5,3.7,centimeters,0.09,kilograms,0.0075,cubic feet,Standard-Size,1.0,0.0,0.0075,2025-12,8.5,weeks,1.37,0.0,1.0,0.0075,0.0102,0.0,GBP,0.0102,Others,N,N,0.0,--,0.0
B093FQYQJH,X00293I5FB,"Curaprox CS 12460 Velvet Soft Toothbrush – Sensitive Gum Care | Ultra-Gentle Cleaning with 12,460 Filaments | Single Pack, Random Color | Made in Switzerland",'LCY2',GB,22.4,5.9,2.4,centimeters,0.03,kilograms,0.0112,cubic feet,Standard-Size,0.16,0.0,0.0018,2025-12,8.5,weeks,1.37,0.0,0.0,0.0,0.0025,0.0,GBP,0.0025,Others,N,N,0.0,--,0.0
B00S9IXBVU,X00298HYM1,ProDec Combination Shavehook for Removing Paint and Varnish from Flat and Irregular Surfaces,'LCY2',GB,30.6,10.8,5.5,centimeters,0.15,kilograms,0.0642,cubic feet,Standard-Size,0.13,0.0,0.0083,2025-12,8.5,weeks,1.37,0.0,0.0,0.0,0.0113,0.0,GBP,0.0113,Others,N,N,0.0,--,0.0
B00BEUFYE2,X00298I7JF,"Tala Adjustable Cake Leveller, Stainless Steel Wire Cutter for Even Cake Layers, Multi-Height Settings for Cakes up to 25cm Wide, Perfect for Leveling & Decorating Sponges",'LCY2',GB,32.5,16.3,2.4,centimeters,0.08,kilograms,0.0449,cubic feet,Standard-Size,1.0,0.0,0.0449,2025-12,8.5,weeks,1.37,0.0,1.0,0.0449,0.0615,0.0,GBP,0.0615,Others,N,N,0.0,--,0.0
B08P63MSS9,X0029FLX21,The Cheeky Panda Bamboo Facial Make Up Remover Wipes | Sustainable Face Wipes Eye Makeup Remover | Rose Scented Pack of 25 Face Wipes | 99% Purified Water,'LCY2',GB,13.8,8.5,3.9,centimeters,0.19,kilograms,0.0162,cubic feet,Standard-Size,2.0,0.0,0.0323,2025-12,8.5,weeks,1.37,0.0,2.0,0.0323,0.0443,0.0,GBP,0.0443,Others,N,N,0.0,--,0.0
B08WPCW7TH,X0029FM4IN,"Moo Free White Chocolate Bars - Dairy Free, Gluten Free & Vegan (20g)",'LCY2',GB,14.0,4.0,0.5,centimeters,0.02,kilograms,0.001,cubic feet,Standard-Size,5.0,0.0,0.0049,2025-12,8.5,weeks,1.37,0.0,5.0,0.0049,0.0068,0.0,GBP,0.0068,Others,N,N,0.0,--,0.0
9188805646,X0029FM6EP,"Free League Publishing MÖRK Borg (Fantasy OSR RPG, Hardback, Full Color",'LCY2',GB,21.7,15.6,1.4,centimeters,0.39,kilograms,0.0167,cubic feet,Standard-Size,0.29,0.0,0.0043,2025-12,8.5,weeks,1.37,0.0,0.16,0.0027,0.0059,0.0,GBP,0.0059,Others,N,N,0.0,--,0.03
B08MQB42B3,X0029NJ5DH,"LEXIBOOK, The Collins English dictionary, 13th Edition-Electronic Dictionary, Definitions, Thesaurus, Conjugation, Phonetic Spellchecker, Crossword Solver, with Battery, Blue/White, D850EN",'LCY2',GB,26.5,19.4,3.4,centimeters,0.23,kilograms,0.0617,cubic feet,Standard-Size,13.0,0.0,0.8025,2025-12,8.5,weeks,1.37,0.0,13.0,0.8025,1.0994,0.0,GBP,1.0994,Others,N,N,0.0,--,0.0
B0C9LJNJWZ,X0029NJZVJ,"LEXIBOOK, Barbie, Educational and Bilingual Laptop in English/French, Toy for children with 124 activities to learn, play games and music, Pink, JC598BBi1",'LCY2',GB,34.7,27.3,5.6,centimeters,0.82,kilograms,0.1873,cubic feet,Standard-Size,2.81,0.0,0.5258,2025-12,8.5,weeks,1.37,0.0,2.81,0.5258,0.7203,0.0,GBP,0.7203,Others,N,N,0.0,--,0.0
B004GFPFBO,X0029XG251,Funko POP! Movies : Freddy Krueger - Nightmare on Elm Street - Collectable Vinyl Figure - Gift Idea - Official Merchandise - Toys for Kids & Adults - Movies Fans - Model Figure for Collectors,'LCY2',GB,16.1,11.6,8.9,centimeters,0.17,kilograms,0.0587,cubic feet,Standard-Size,1.0,0.0,0.0587,2025-12,8.5,weeks,1.37,0.0,1.0,0.0587,0.0804,0.0,GBP,0.0804,Others,N,N,0.0,--,0.0
B0001IWX7E,X002AFARJP,"KitchenCraft Kitchen Scissors with Bottle Opener, Stainless Steel, Multi Purpose Shears 21 cm (8.3''), Black",'LCY2',GB,27.7,11.3,1.4,centimeters,0.09,kilograms,0.0155,cubic feet,Standard-Size,0.45,0.0,0.007,2025-12,8.5,weeks,1.37,0.0,0.45,0.007,0.0096,0.0,GBP,0.0096,Others,N,N,0.0,--,0.0
B005F5TRBI,X002AFJNZT,"Croydex White Button Shower Curtain Rings 12pk, 75g, 34F",'LCY2',GB,18.0,8.2,4.5,centimeters,0.04,kilograms,0.0235,cubic feet,Standard-Size,1.0,0.0,0.0235,2025-12,8.5,weeks,1.37,0.0,1.0,0.0235,0.0321,0.0,GBP,0.0321,Others,N,N,0.0,--,0.0
B074RQ8G8Z,X002AQ6CZH,Cool Chile Chipotle Chillies in Adobo Paste - 170g Jar | Smoky Chilli Peppers in Sauce for Mexican Cooking,'LCY2',GB,8.2,6.3,6.0,centimeters,0.34,kilograms,0.0109,cubic feet,Standard-Size,0.74,0.0,0.0078,2025-12,8.5,weeks,1.37,0.0,0.71,0.0078,0.0106,0.0,GBP,0.0106,Others,N,N,0.0,--,0.03
B06XXDNH1P,X002ASBMFZ,Dragon Shield ART11105 White (60) Matte Japanese Size Sleeves 60pk,'LCY2',GB,9.4,6.8,2.7,centimeters,0.08,kilograms,0.0061,cubic feet,Standard-Size,0.87,0.0,0.0053,2025-12,8.5,weeks,1.37,0.0,0.87,0.0053,0.0073,0.0,GBP,0.0073,Others,N,N,0.0,--,0.0
B09445GL1C,X002BA017H,"Price's - Time for You Large Jar Candle - Sweet, Delicious Fragrance - Long Lasting Scent - Up to 100 Hour Burn Time - Ideal for All Occasions",'LCY2',GB,23.2,16.6,11.9,centimeters,1.01,kilograms,0.1618,cubic feet,Standard-Size,0.55,0.0,0.0888,2025-12,8.5,weeks,1.37,0.0,0.55,0.0888,0.1216,0.0,GBP,0.1216,Others,N,N,0.0,--,0.0
B07H2WXMDJ,X002C5IRB3,"Skinny Food Co Sugar Free Maple Syrup 425ml - Zero Calorie Syrup For Breakfast, Snacks, Drinks & Desserts - Vegan, Gluten-free, Keto & Paleo Friendly Maple Syrup - Sugar Free Maple Syrup UK",'LCY2',GB,16.3,9.0,5.4,centimeters,0.47,kilograms,0.028,cubic feet,Standard-Size,8.0,0.0,0.2238,2025-12,8.5,weeks,1.37,0.0,3.1,0.0866,0.3066,0.0,GBP,0.3066,Others,N,N,0.0,--,0.0
B01N49MD2S,X002C8LLR7,"Arcane Tinman ART13023 AT-13023 Dragon Shield-Perfect Fit Standard Sleeves 100pk-Smoke, Smoke, One Size",'LCY2',GB,14.6,8.4,1.3,centimeters,0.07,kilograms,0.0056,cubic feet,Standard-Size,0.9,0.0,0.0051,2025-12,8.5,weeks,1.37,0.0,0.9,0.0051,0.007,0.0,GBP,0.007,Others,N,N,0.0,--,0.0
B0D3J9M2H8,X002E028OX,"OtterBox Symmetry Folio Case for iPad Air 13-Inch (2024 M2, 2025 M3), Shockproof, Drop proof, Slim Protective Folio Case, Tested to Military Standard, Black",'LCY2',GB,31.6,22.4,1.8,centimeters,0.55,kilograms,0.045,cubic feet,Standard-Size,0.29,0.0,0.0131,2025-12,8.5,weeks,0.75,0.0,0.29,0.0131,0.0095,0.0,GBP,0.0095,shoes & bags,N,N,0.0,--,0.0
B0CN5KRVXB,X002F5S5VH,Yu-Gi-Oh Legendary Decks 2 2024 Unlimited Reprint,'LCY2',GB,23.6,13.8,7.4,centimeters,0.43,kilograms,0.0851,cubic feet,Standard-Size,0.84,0.0,0.0714,2025-12,8.5,weeks,1.37,0.0,0.84,0.0714,0.0978,0.0,GBP,0.0978,Others,N,N,0.0,--,0.0
B08L3FB3G2,X002F5T589,Ultimate Guard Katana Sleeves Japanese Size Black (60),'LCY2',GB,9.7,6.71,1.91,centimeters,0.07,kilograms,0.0044,cubic feet,Standard-Size,1.0,0.0,0.0044,2025-12,8.5,weeks,1.37,0.0,1.0,0.0044,0.006,0.0,GBP,0.006,Others,N,N,0.0,--,0.0
B07RZBBG14,X002F5VV0T,"Dragon Shield AT-13201 Standard Size Perfect Fit Sealable (100 Sleeves), clear",'LCY2',GB,24.7,8.5,1.2,centimeters,0.08,kilograms,0.0089,cubic feet,Standard-Size,9.35,0.0,0.0832,2025-12,8.5,weeks,0.75,0.0,9.35,0.0832,0.0605,0.0,GBP,0.0605,shoes & bags,N,N,0.0,--,0.0
B007R2ICTK,X002057DE7,"HG Stain Away 7, Removes Rust Stains from Clothing & Textiles, Concentrated Rusty Mark Remover for Surfaces & Tiles, Fabric & Natural Stone Safe – 50m (426005106)",'LCY3',GB,14.0,4.2,2.4,centimeters,0.06,kilograms,0.005,cubic feet,Standard-Size,18.84,0.0,0.0932,2025-12,--,--,1.18,0.0,0.0,0.0,0.0,0.0,GBP,0.1113,Others,N,N,0.0,--,0.13
B00AOES9GE,X00206JNTT,Curaprox CS 1006 Single Toothbrush – Targeted Cleaning for Gumline and Braces | Ultra-Soft Single Tuft | for Sensitive Teeth and Implants | Designed in Switzerland,'LCY3',GB,22.3,4.2,1.3,centimeters,0.01,kilograms,0.0043,cubic feet,Standard-Size,5.68,0.0,0.0203,2025-12,8.5,weeks,1.37,0.0,1.23,0.0053,0.0277,0.0,GBP,0.0277,Others,N,N,0.0,--,0.97
B08KFFY86W,X00208SK8H,"TePe EasyPick Toothpicks, Purple, ISO XL, 36pcs, Plaque Remover, efficient Clean Between The Teeth, Durable Dental Picks for Wide Gaps, Travel case Included",'LCY3',GB,15.7,7.6,1.4,centimeters,0.03,kilograms,0.0059,cubic feet,Standard-Size,0.97,0.0,0.0049,2025-12,8.5,weeks,1.37,0.0,0.74,0.0044,0.0068,0.0,GBP,0.0068,Others,N,N,0.0,--,0.13
B07BC1CMDK,X00218D0YF,"Amtech V4075 P240 Hook and Loop Orbital Sanding Sheets, 10 Piece Set, 115mm Diameter Sanding Paper",'LCY3',GB,15.9,12.0,1.0,centimeters,0.06,kilograms,0.0067,cubic feet,Standard-Size,1.0,0.0,0.0067,2025-12,8.5,weeks,1.37,0.0,1.0,0.0067,0.0092,0.0,GBP,0.0092,Others,N,N,0.0,--,0.0
B010E25DI2,X0021K11U3,100 Ultra Pro Card Protector Sleeves: Pro-Matte - 66 x 91 mm,'LCY3',GB,18.3,11.6,1.6,centimeters,0.11,kilograms,0.012,cubic feet,Standard-Size,5.35,0.0,0.0638,2025-12,8.5,weeks,1.37,0.0,4.74,0.0569,0.0875,0.0,GBP,0.0875,Others,N,N,0.0,--,0.03
B001Q77TI2,X0021O4AW5,"Ultra Pro 81181 3"" x 4"" Clear Thick 55PT Toploaders (25ct)",'LCY3',GB,10.8,8.2,5.5,centimeters,0.2,kilograms,0.0172,cubic feet,Standard-Size,1.0,0.0,0.0172,2025-12,8.5,weeks,1.37,0.0,0.81,0.0139,0.0236,0.0,GBP,0.0236,Others,N,N,0.0,--,0.0
B000FGECAI,X0021XOD1J,"Learning Resources Kanoodle Puzzle Game, Ages 7+, 3D Brain Teaser with 200 Challenges, Travel-Friendly STEM Toy. Christmas Gifts Idea",'LCY3',GB,13.9,10.5,2.7,centimeters,0.15,kilograms,0.0139,cubic feet,Standard-Size,0.06,0.0,4.0E-4,2025-12,8.5,weeks,1.37,0.0,0.03,4.0E-4,6.0E-4,0.0,GBP,6.0E-4,Others,N,N,0.0,--,0.03
B08MW8XMNQ,X0022RQT3T,Piksters Eco Charcoal 30 Floss Picks - Pack of 1,'LCY3',GB,9.6,6.6,1.9,centimeters,0.04,kilograms,0.0043,cubic feet,Standard-Size,2.0,0.0,0.0085,2025-12,8.5,weeks,1.37,0.0,2.0,0.0085,0.0116,0.0,GBP,0.0116,Others,N,N,0.0,--,0.0
B0073TTHBY,X0022WK51L,Casio Gents 43.00mm Quartz Watch with Black Analogue dial and Black Rubber Strap Strap MRW-200H-1BVES,'LCY3',GB,9.4,9.2,6.4,centimeters,0.1,kilograms,0.0195,cubic feet,Standard-Size,6.0,0.0,0.1173,2025-12,8.5,weeks,1.37,0.0,6.0,0.1173,0.1607,0.0,GBP,0.1607,Others,N,N,0.0,--,0.0
B002HY4YSQ,X0023ISNDV,Kitchen Devils Lifestyle Peeler Parer Knife 602001,'LCY3',GB,27.2,8.4,1.7,centimeters,0.06,kilograms,0.0137,cubic feet,Standard-Size,0.32,0.0,0.0035,2025-12,8.5,weeks,1.37,0.0,0.03,4.0E-4,0.0048,0.0,GBP,0.0048,Others,N,N,0.0,--,0.1
B0001P0DLU,X0023ISRE1,Loctite 319 Rear View Mirror Bonder 0.5ml,'LCY3',GB,16.5,9.6,1.3,centimeters,0.01,kilograms,0.0073,cubic feet,Standard-Size,1.0,0.0,0.0073,2025-12,--,--,1.18,0.0,0.0,0.0,0.0,0.0,GBP,0.0087,Others,N,N,0.0,--,0.0
B0D3JD4FFD,X00245PP39,"OtterBox Symmetry Folio Case for iPad Air 11"" (2024) & iPad Air 10.9"" (2022/2020), Shockproof, Drop proof, Slim Protective Folio Case, Tested to Military Standard, Black",'LCY3',GB,27.9,18.7,2.1,centimeters,0.4,kilograms,0.0387,cubic feet,Standard-Size,0.13,0.0,0.005,2025-12,8.5,weeks,0.75,0.0,0.0,0.0,0.0037,0.0,GBP,0.0037,shoes & bags,N,N,0.0,--,0.0
B0D3JC45CK,X00245PSXV,"OtterBox Symmetry Folio Case for iPad Pro 11"" (M5/M4), Shockproof, Drop proof, Slim Protective Folio Case, Tested to Military Standard, Black",'LCY3',GB,28.4,18.7,1.5,centimeters,0.37,kilograms,0.0281,cubic feet,Standard-Size,0.16,0.0,0.0045,2025-12,8.5,weeks,0.75,0.0,0.0,0.0,0.0034,0.0,GBP,0.0034,shoes & bags,N,N,0.0,--,0.0
B08W25WKTN,X0024EBXZJ,LEXIBOOK - Paw Patrol - Cordless Mini Bedside Lamp and Nightlight Paw Patrol - Blue - MLT10PA,'LCY3',GB,19.1,10.2,10.0,centimeters,0.16,kilograms,0.0688,cubic feet,Standard-Size,1.0,0.0,0.0688,2025-12,8.5,weeks,1.37,0.0,1.0,0.0688,0.0943,0.0,GBP,0.0943,Others,N,N,0.0,--,0.0
B08M52B4M5,X002595YRB,Moo Free Dairy Free Chocolate Buttons (25g),'LCY3',GB,12.0,8.7,1.4,centimeters,0.02,kilograms,0.0052,cubic feet,Standard-Size,16.84,0.0,0.0869,2025-12,8.5,weeks,1.37,0.0,16.84,0.0869,0.1191,0.0,GBP,0.1191,Others,N,N,0.0,--,0.0
B07W45L22P,X0025E26D1,Funko POP! Star Wars: the Mandalorian - Big Tom - Heavy Infantry Mandalorian - Collectable Vinyl Figure - Gift Idea - Official Merchandise - Toys for Kids & Adults - TV Fans,'LCY3',GB,16.1,11.91,8.99,centimeters,0.17,kilograms,0.0609,cubic feet,Standard-Size,0.65,0.0,0.0373,2025-12,8.5,weeks,1.37,0.0,0.61,0.0373,0.0511,0.0,GBP,0.0511,Others,N,N,0.0,--,0.03
B0001P15T4,X0025FSMDX,"Vitrex 10 2280 Grout Finisher, Blue",'LCY3',GB,16.9,6.9,0.7,centimeters,0.01,kilograms,0.0029,cubic feet,Standard-Size,2.0,0.0,0.0058,2025-12,8.5,weeks,1.37,0.0,2.0,0.0058,0.0079,0.0,GBP,0.0079,Others,N,N,0.0,--,0.0
B0073FT7FY,X0026L1SCN,TEPE INTERDENTAL Travel CASE,'LCY3',GB,11.1,9.5,1.9,centimeters,0.01,kilograms,0.0071,cubic feet,Standard-Size,0.1,0.0,2.0E-4,2025-12,8.5,weeks,1.37,0.0,0.03,2.0E-4,3.0E-4,0.0,GBP,3.0E-4,Others,N,N,0.0,--,0.06
B00F4LA0K0,X0028A4KS1,"Chef Aid Cocktail Sticks, Pack of 200 Stick perfect for Buffets and Cocktails use, The Skewer design helps hold sweet and savoury foods, Each cocktails stick measures 8 cm",'LCY3',GB,14.6,8.9,1.4,centimeters,0.04,kilograms,0.0064,cubic feet,Standard-Size,3.0,0.0,0.0193,2025-12,8.5,weeks,1.37,0.0,3.0,0.0193,0.0264,0.0,GBP,0.0264,Others,N,N,0.0,--,0.0
B00000IU72,X0028LVUDD,"BRIO 33344 Mechanical Switches Wooden Train Track for Kids Age 3 Years Up - Compatible with all BRIO Railway Sets & Accessories, Multicoloured",'LCY3',GB,19.3,9.6,2.9,centimeters,0.16,kilograms,0.019,cubic feet,Standard-Size,5.0,0.0,0.0949,2025-12,8.5,weeks,1.37,0.0,5.0,0.0949,0.13,0.0,GBP,0.13,Others,N,N,0.0,--,0.0
B0DN6KL887,X0028QJ5KN,ECO CHIC Lightweight Foldable Reusable Shopping Bag Water Resistant Tote Bag (Cosy Camping Blue),'LCY3',GB,11.5,10.6,2.5,centimeters,0.05,kilograms,0.0108,cubic feet,Standard-Size,1.0,0.0,0.0108,2025-12,8.5,weeks,0.75,0.0,1.0,0.0108,0.008,0.0,GBP,0.008,shoes & bags,N,N,0.0,--,0.0
B07T9WVBZ2,X0028TKVZ3,Curaprox PerioPlus+ Focus Gel – Targeted Gum Care | Supports Healing with CHX and Hyaluronic Acid | 10 ml Tube | Designed in Switzerland,'LCY3',GB,9.2,2.9,2.2,centimeters,0.02,kilograms,0.0021,cubic feet,Standard-Size,0.16,0.0,3.0E-4,2025-12,8.5,weeks,1.37,0.0,0.0,0.0,5.0E-4,0.0,GBP,5.0E-4,Others,N,N,0.0,--,0.0
B09M3PFZC8,X00293C8PJ,Curaprox Kids Toothpaste – Fluoride-Free for Toddlers | Strawberry Flavour | Gentle Protection from First Tooth | 60ml | Made in Switzerland,'LCY3',GB,12.5,4.5,3.9,centimeters,0.1,kilograms,0.0077,cubic feet,Standard-Size,2.0,0.0,0.0155,2025-12,8.5,weeks,1.37,0.0,2.0,0.0155,0.0212,0.0,GBP,0.0212,Others,N,N,0.0,--,0.0
B086ZD7MG6,X00293G0VR,Curaprox CPS 07 Prime Start Interdental Brush Set |Starter Set with 5 Brushes |2 Different Holders |Red | 0.7 mm Diameter |2.5 mm Effectiveness | Made in Switzerland,'LCY3',GB,15.0,6.0,1.4,centimeters,0.03,kilograms,0.0044,cubic feet,Standard-Size,0.26,0.0,0.0011,2025-12,8.5,weeks,1.37,0.0,0.03,1.0E-4,0.0016,0.0,GBP,0.0016,Others,N,N,0.0,--,0.0
B093FQYQJH,X00293I5FB,"Curaprox CS 12460 Velvet Soft Toothbrush – Sensitive Gum Care | Ultra-Gentle Cleaning with 12,460 Filaments | Single Pack, Random Color | Made in Switzerland",'LCY3',GB,22.4,5.9,2.4,centimeters,0.03,kilograms,0.0112,cubic feet,Standard-Size,1.48,0.0,0.0166,2025-12,8.5,weeks,1.37,0.0,0.1,0.0011,0.0228,0.0,GBP,0.0228,Others,N,N,0.0,--,0.0
B00S9IXBVU,X00298HYM1,ProDec Combination Shavehook for Removing Paint and Varnish from Flat and Irregular Surfaces,'LCY3',GB,30.6,10.8,5.5,centimeters,0.15,kilograms,0.0642,cubic feet,Standard-Size,1.0,0.0,0.0642,2025-12,8.5,weeks,1.37,0.0,0.39,0.0248,0.0879,0.0,GBP,0.0879,Others,N,N,0.0,--,0.0
9189143051,X0029FKV7J,Free League FLF-ALE014 ALIEN RPG Destroyer of Worlds Game,'LCY3',GB,28.9,23.0,2.7,centimeters,0.95,kilograms,0.0634,cubic feet,Standard-Size,0.06,0.0,0.0041,2025-12,8.5,weeks,1.37,0.0,0.0,0.0,0.0056,0.0,GBP,0.0056,Others,N,N,0.0,--,0.0
B08P63MSS9,X0029FLX21,The Cheeky Panda Bamboo Facial Make Up Remover Wipes | Sustainable Face Wipes Eye Makeup Remover | Rose Scented Pack of 25 Face Wipes | 99% Purified Water,'LCY3',GB,13.8,8.5,3.9,centimeters,0.19,kilograms,0.0162,cubic feet,Standard-Size,3.0,0.0,0.0485,2025-12,8.5,weeks,1.37,0.0,3.0,0.0485,0.0664,0.0,GBP,0.0664,Others,N,N,0.0,--,0.0
B08WPCW7TH,X0029FM4IN,"Moo Free White Chocolate Bars - Dairy Free, Gluten Free & Vegan (20g)",'LCY3',GB,14.0,4.0,0.5,centimeters,0.02,kilograms,0.001,cubic feet,Standard-Size,5.0,0.0,0.0049,2025-12,8.5,weeks,1.37,0.0,5.0,0.0049,0.0068,0.0,GBP,0.0068,Others,N,N,0.0,--,0.0
9188805646,X0029FM6EP,"Free League Publishing MÖRK Borg (Fantasy OSR RPG, Hardback, Full Color",'LCY3',GB,21.7,15.6,1.4,centimeters,0.39,kilograms,0.0167,cubic feet,Standard-Size,0.45,0.0,0.0076,2025-12,8.5,weeks,1.37,0.0,0.39,0.0065,0.0104,0.0,GBP,0.0104,Others,N,N,0.0,--,0.0
B0C9LJNJWZ,X0029NJZVJ,"LEXIBOOK, Barbie, Educational and Bilingual Laptop in English/French, Toy for children with 124 activities to learn, play games and music, Pink, JC598BBi1",'LCY3',GB,34.7,27.3,5.6,centimeters,0.82,kilograms,0.1873,cubic feet,Standard-Size,3.0,0.0,0.562,2025-12,8.5,weeks,1.37,0.0,3.0,0.562,0.77,0.0,GBP,0.77,Others,N,N,0.0,--,0.0
B0D6W9DZX4,X0029PJ5CV,"OtterBox Symmetry Folio Case for iPad 10th gen 2022, iPad 11th gen 2025 (A16), Shockproof, Drop proof, Slim Protective Folio Case, Tested to Military Standard, Black",'LCY3',GB,28.2,19.4,1.9,centimeters,0.42,kilograms,0.0367,cubic feet,Standard-Size,0.13,0.0,0.0036,2025-12,8.5,weeks,0.75,0.0,0.0,0.0,0.0026,0.0,GBP,0.0026,shoes & bags,N,N,0.0,--,0.03
B0BBHBX72C,X0029PQVV9,"OtterBox Defender Case for iPad 10th gen 2022, iPad 11th gen 2025 (A16), Shockproof, Rugged Protective Case with built in Screen Protector, 2x Tested to Military Standard, Black, No Retail Packaging",'LCY3',GB,26.7,19.8,3.7,centimeters,0.48,kilograms,0.0691,cubic feet,Standard-Size,1.16,0.0,0.0802,2025-12,8.5,weeks,0.75,0.0,0.1,0.0067,0.0598,0.0,GBP,0.0598,shoes & bags,N,N,0.0,--,0.0
B004GFPFBO,X0029XG251,Funko POP! Movies : Freddy Krueger - Nightmare on Elm Street - Collectable Vinyl Figure - Gift Idea - Official Merchandise - Toys for Kids & Adults - Movies Fans - Model Figure for Collectors,'LCY3',GB,16.1,11.6,8.9,centimeters,0.17,kilograms,0.0587,cubic feet,Standard-Size,2.0,0.0,0.1174,2025-12,8.5,weeks,1.37,0.0,2.0,0.1174,0.1608,0.0,GBP,0.1608,Others,N,N,0.0,--,0.0
B0001IWX7E,X002AFARJP,"KitchenCraft Kitchen Scissors with Bottle Opener, Stainless Steel, Multi Purpose Shears 21 cm (8.3''), Black",'LCY3',GB,27.7,11.3,1.4,centimeters,0.09,kilograms,0.0155,cubic feet,Standard-Size,1.0,0.0,0.0155,2025-12,8.5,weeks,1.37,0.0,1.0,0.0155,0.0212,0.0,GBP,0.0212,Others,N,N,0.0,--,0.0
B074RQ8G8Z,X002AQ6CZH,Cool Chile Chipotle Chillies in Adobo Paste - 170g Jar | Smoky Chilli Peppers in Sauce for Mexican Cooking,'LCY3',GB,8.2,6.3,6.0,centimeters,0.34,kilograms,0.0109,cubic feet,Standard-Size,0.39,0.0,0.0042,2025-12,8.5,weeks,1.37,0.0,0.39,0.0042,0.0058,0.0,GBP,0.0058,Others,N,N,0.0,--,0.0
B09NQCV872,X002ASB2SR,"The Army Painter Speedpaint Sand Golem 2.0, Single Acrylic Paint 18ml One-coat Painting Soloution For Fantasy Tabletop Miniatures Like Warhammer 40k and Dungeons And Dragons Figures",'LCY3',GB,7.1,2.3,2.0,centimeters,0.03,kilograms,0.0012,cubic feet,Standard-Size,1.0,0.0,0.0012,2025-12,8.5,weeks,1.37,0.0,1.0,0.0012,0.0016,0.0,GBP,0.0016,Others,N,N,0.0,--,0.0
B0CG234KW1,X002B7TIKL,Snackles Small Sized 14 cm by ZURU Cuddly Squishy Comfort Plush with License Snack Brand Accessory (Random Assortment),'LCY3',GB,23.1,16.7,12.0,centimeters,0.2,kilograms,0.1635,cubic feet,Standard-Size,1.0,0.0,0.1635,2025-12,8.5,weeks,1.37,0.0,1.0,0.1635,0.224,0.0,GBP,0.224,Others,N,N,0.0,--,0.0
B09445GL1C,X002BA017H,"Price's - Time for You Large Jar Candle - Sweet, Delicious Fragrance - Long Lasting Scent - Up to 100 Hour Burn Time - Ideal for All Occasions",'LCY3',GB,23.2,16.6,11.9,centimeters,1.01,kilograms,0.1618,cubic feet,Standard-Size,2.0,0.0,0.3237,2025-12,8.5,weeks,1.37,0.0,2.0,0.3237,0.4435,0.0,GBP,0.4435,Others,N,N,0.0,--,0.0
B07F1MFWV1,X002BG3AK1,"Skinny Food Co Salted Caramel Zero Calorie Syrup 425ml - Sugar Free Salted Caramel Syrup For Snacks, Drinks & Desserts - Vegan, Gluten-free, Keto & Paleo Friendly Caramel Syrup - Salted Caramel Syrup",'LCY3',GB,16.4,9.0,5.4,centimeters,0.47,kilograms,0.0281,cubic feet,Standard-Size,2.0,0.0,0.0563,2025-12,8.5,weeks,1.37,0.0,2.0,0.0563,0.0771,0.0,GBP,0.0771,Others,N,N,0.0,--,0.0
B07H2WXMDJ,X002C5IRB3,"Skinny Food Co Sugar Free Maple Syrup 425ml - Zero Calorie Syrup For Breakfast, Snacks, Drinks & Desserts - Vegan, Gluten-free, Keto & Paleo Friendly Maple Syrup - Sugar Free Maple Syrup UK",'LCY3',GB,16.3,9.0,5.4,centimeters,0.47,kilograms,0.028,cubic feet,Standard-Size,56.45,0.0,1.5793,2025-12,8.5,weeks,1.37,0.0,21.52,0.6019,2.167,0.0,GBP,2.167,Others,N,N,0.0,--,0.0
B08DR97BX2,X002EE1UEX,"Cliganic Organic Argan Oil, 100% Pure (473ml) | Moroccan Argan Oil for Hair, Face & Skin | Natural Cold Pressed Carrier Oil - Certified Organic | Cliganic 90 Days Warranty",'LCY3',GB,17.9,9.2,9.1,centimeters,0.55,kilograms,0.0529,cubic feet,Standard-Size,0.1,0.0,0.0034,2025-12,8.5,weeks,1.37,0.0,0.06,0.0034,0.0047,0.0,GBP,0.0047,Others,N,N,0.0,--,0.03
B0844ZRHS9,X002F5H8QP,"Minecraft Zombie Light - Officially Licensed Merchandise, Portable Night Light and Gaming Room Decor for Kids, Gift for Gamer, Battery Powered | Paladone, Green",'LCY3',GB,13.6,10.8,9.4,centimeters,0.12,kilograms,0.0488,cubic feet,Standard-Size,0.68,0.0,0.033,2025-12,8.5,weeks,1.37,0.0,0.68,0.033,0.0453,0.0,GBP,0.0453,Others,N,N,0.0,--,0.0
B0CN5KRVXB,X002F5S5VH,Yu-Gi-Oh Legendary Decks 2 2024 Unlimited Reprint,'LCY3',GB,23.6,13.8,7.4,centimeters,0.43,kilograms,0.0851,cubic feet,Standard-Size,16.23,0.0,1.3755,2025-12,8.5,weeks,1.37,0.0,16.16,1.3755,1.8844,0.0,GBP,1.8844,Others,N,N,0.0,--,0.06
B0CVNMZHZ6,X002F5UNY9,Funko Pop! Movies: Wicked - Fiyero - Collectable Vinyl Figure - Gift Idea - Official Merchandise - Toys for Kids & Adults - Movies Fans - Model Figure for Collectors and Display,'LCY3',GB,16.4,11.8,8.9,centimeters,0.13,kilograms,0.0608,cubic feet,Standard-Size,0.03,0.0,0.0,2025-12,8.5,weeks,1.37,0.0,0.0,0.0,0.0,0.0,GBP,0.0,Others,N,N,0.002688003607995161,FBA_NEW_SELECTION:0.0027,0.0
B07RZBBG14,X002F5VV0T,"Dragon Shield AT-13201 Standard Size Perfect Fit Sealable (100 Sleeves), clear",'LCY3',GB,24.7,8.5,1.2,centimeters,0.08,kilograms,0.0089,cubic feet,Standard-Size,3.45,0.0,0.0304,2025-12,8.5,weeks,0.75,0.0,3.42,0.0304,0.0225,0.0,GBP,0.0225,shoes & bags,N,N,0.0,--,0.03
B07QXSDZJM,X001XSP71D,"Shaun the Sheep Plush 61176 Backpack Clip, Black and White, Great Gift Idea,9 x 7 x 14 centimetres",'LTN1',GB,13.3,8.5,4.1,centimeters,0.03,kilograms,0.0164,cubic feet,Standard-Size,0.06,0.0,0.0011,2025-12,8.5,weeks,1.37,0.0,0.06,0.0011,0.0014,0.0,GBP,0.0014,Others,N,N,0.0,--,0.0
B01CKK8CU2,X0021K3PG1,5 Ultra Pro 130pt Magnetic One Touch Card Holders (5 Total) 81721 - Fits Cards Up to 130 Point in Thickness,'LTN1',GB,22.3,11.7,2.1,centimeters,0.32,kilograms,0.0193,cubic feet,Standard-Size,1.52,0.0,0.0293,2025-12,8.5,weeks,1.37,0.0,1.52,0.0293,0.0402,0.0,GBP,0.0402,Others,N,N,0.0,--,0.0
B000FGECAI,X0021XOD1J,"Learning Resources Kanoodle Puzzle Game, Ages 7+, 3D Brain Teaser with 200 Challenges, Travel-Friendly STEM Toy. Christmas Gifts Idea",'LTN1',GB,13.9,10.5,2.7,centimeters,0.15,kilograms,0.0139,cubic feet,Standard-Size,0.26,0.0,0.0022,2025-12,8.5,weeks,1.37,0.0,0.16,0.0022,0.0031,0.0,GBP,0.0031,Others,N,N,0.0,--,0.1
B002HY4YSQ,X0023ISNDV,Kitchen Devils Lifestyle Peeler Parer Knife 602001,'LTN1',GB,27.2,8.4,1.7,centimeters,0.06,kilograms,0.0137,cubic feet,Standard-Size,0.26,0.0,0.0035,2025-12,8.5,weeks,1.37,0.0,0.0,0.0,0.0048,0.0,GBP,0.0048,Others,N,N,0.0,--,0.0
B0009JJZ8A,X00246VCUN,"Fackelmann Sieve 15cm⌀, Strainer, Fine Mesh, Stainless Steel, 15x20x32.5cm, Silver",'LTN1',GB,33.1,15.2,6.3,centimeters,0.14,kilograms,0.1119,cubic feet,Standard-Size,2.0,0.0,0.2239,2025-12,8.5,weeks,1.37,0.0,2.0,0.2239,0.3067,0.0,GBP,0.3067,Others,N,N,0.0,--,0.0
B002DPGTF0,X0025FRZ4F,"Fackelmann OPAL Hand Grater, Fine Lemon & Lime Zester, Chocolate & Parmesan Grater, Sharp Durable Grating Blade, Stainless Steel, 24x5.5x1.5cm, Silver",'LTN1',GB,23.8,6.3,1.8,centimeters,0.07,kilograms,0.0095,cubic feet,Standard-Size,3.0,0.0,0.0286,2025-12,8.5,weeks,1.37,0.0,1.45,0.0138,0.0392,0.0,GBP,0.0392,Others,N,N,0.0,--,0.0
B00F4LA0K0,X0028A4KS1,"Chef Aid Cocktail Sticks, Pack of 200 Stick perfect for Buffets and Cocktails use, The Skewer design helps hold sweet and savoury foods, Each cocktails stick measures 8 cm",'LTN1',GB,14.6,8.9,1.4,centimeters,0.04,kilograms,0.0064,cubic feet,Standard-Size,1.0,0.0,0.0064,2025-12,8.5,weeks,1.37,0.0,1.0,0.0064,0.0088,0.0,GBP,0.0088,Others,N,N,0.0,--,0.0
B086ZD7MG6,X00293G0VR,Curaprox CPS 07 Prime Start Interdental Brush Set |Starter Set with 5 Brushes |2 Different Holders |Red | 0.7 mm Diameter |2.5 mm Effectiveness | Made in Switzerland,'LTN1',GB,15.0,6.0,1.4,centimeters,0.03,kilograms,0.0044,cubic feet,Standard-Size,0.26,0.0,0.0011,2025-12,8.5,weeks,1.37,0.0,0.26,0.0011,0.0016,0.0,GBP,0.0016,Others,N,N,0.0,--,0.0
B001OXH0X2,X00298OQXB,"Solvite SLVTHRIFT Wallpaper & Border Paste, Set of 1",'LTN1',GB,21.7,10.8,2.6,centimeters,0.07,kilograms,0.0215,cubic feet,Standard-Size,1.0,0.0,0.0215,2025-12,8.5,weeks,1.37,0.0,1.0,0.0215,0.0295,0.0,GBP,0.0295,Others,N,N,0.0,--,0.0
B003VTZAM0,X00298OTDN,"Minky Metallic Reflector Ironing Board Cover, Extra Large",'LTN1',GB,24.0,19.6,5.0,centimeters,0.15,kilograms,0.0831,cubic feet,Standard-Size,21.65,0.0,1.7978,2025-12,8.5,weeks,1.37,0.0,21.65,1.7978,2.4635,0.0,GBP,2.4635,Others,N,N,0.0,--,0.0
B0001IWX7E,X002AFARJP,"KitchenCraft Kitchen Scissors with Bottle Opener, Stainless Steel, Multi Purpose Shears 21 cm (8.3''), Black",'LTN1',GB,27.7,11.3,1.4,centimeters,0.09,kilograms,0.0155,cubic feet,Standard-Size,1.0,0.0,0.0155,2025-12,8.5,weeks,1.37,0.0,1.0,0.0155,0.0212,0.0,GBP,0.0212,Others,N,N,0.0,--,0.0
B07RZBBG14,X002F5VV0T,"Dragon Shield AT-13201 Standard Size Perfect Fit Sealable (100 Sleeves), clear",'LTN1',GB,24.7,8.5,1.2,centimeters,0.08,kilograms,0.0089,cubic feet,Standard-Size,1.0,0.0,0.0089,2025-12,8.5,weeks,0.75,0.0,1.0,0.0089,0.01,0.0,GBP,0.01,shoes & bags,N,N,0.0,--,0.0
B007R2ICTK,X002057DE7,"HG Stain Away 7, Removes Rust Stains from Clothing & Textiles, Concentrated Rusty Mark Remover for Surfaces & Tiles, Fabric & Natural Stone Safe – 50m (426005106)",'LTN4',GB,14.0,4.2,2.4,centimeters,0.06,kilograms,0.005,cubic feet,Standard-Size,5.19,0.0,0.0259,2025-12,--,--,1.18,0.0,0.0,0.0,0.0,0.0,GBP,0.03,Others,N,N,0.0,--,0.0
B08KFFY86W,X00208SK8H,"TePe EasyPick Toothpicks, Purple, ISO XL, 36pcs, Plaque Remover, efficient Clean Between The Teeth, Durable Dental Picks for Wide Gaps, Travel case Included",'LTN4',GB,15.7,7.6,1.4,centimeters,0.03,kilograms,0.0059,cubic feet,Standard-Size,69.0,0.0,0.4057,2025-12,8.5,weeks,1.37,0.0,63.58,0.3751,0.553,0.0,GBP,0.553,Others,N,N,0.0,--,0.23
B07BC1CMDK,X00218D0YF,"Amtech V4075 P240 Hook and Loop Orbital Sanding Sheets, 10 Piece Set, 115mm Diameter Sanding Paper",'LTN4',GB,15.9,12.0,1.0,centimeters,0.06,kilograms,0.0067,cubic feet,Standard-Size,3.0,0.0,0.0202,2025-12,8.5,weeks,1.37,0.0,3.0,0.0202,0.0277,0.0,GBP,0.0277,Others,N,N,0.0,--,0.0
B0073TTHBY,X0022WK51L,Casio Gents 43.00mm Quartz Watch with Black Analogue dial and Black Rubber Strap Strap MRW-200H-1BVES,'LTN4',GB,9.4,9.2,6.4,centimeters,0.1,kilograms,0.0195,cubic feet,Standard-Size,0.87,0.0,0.017,2025-12,8.5,weeks,1.37,0.0,0.87,0.017,0.0233,0.0,GBP,0.0233,Others,N,N,0.0,--,0.0
B002HY4YSQ,X0023ISNDV,Kitchen Devils Lifestyle Peeler Parer Knife 602001,'LTN4',GB,27.2,8.4,1.7,centimeters,0.06,kilograms,0.0137,cubic feet,Standard-Size,0.03,0.0,4.0E-4,2025-12,8.5,weeks,1.37,0.0,0.0,0.0,6.0E-4,0.0,GBP,6.0E-4,Others,N,N,0.0,--,0.0
B08W25WKTN,X0024EBXZJ,LEXIBOOK - Paw Patrol - Cordless Mini Bedside Lamp and Nightlight Paw Patrol - Blue - MLT10PA,'LTN4',GB,19.1,10.2,10.0,centimeters,0.16,kilograms,0.0688,cubic feet,Standard-Size,1.0,0.0,0.0688,2025-12,8.5,weeks,1.37,0.0,1.0,0.0688,0.0943,0.0,GBP,0.0943,Others,N,N,0.0,--,0.0
B00F4LA0K0,X0028A4KS1,"Chef Aid Cocktail Sticks, Pack of 200 Stick perfect for Buffets and Cocktails use, The Skewer design helps hold sweet and savoury foods, Each cocktails stick measures 8 cm",'LTN4',GB,14.6,8.9,1.4,centimeters,0.04,kilograms,0.0064,cubic feet,Standard-Size,1.0,0.0,0.0064,2025-12,8.5,weeks,1.37,0.0,1.0,0.0064,0.0088,0.0,GBP,0.0088,Others,N,N,0.0,--,0.0
B00BWU7MNU,X0028GYIGT,"SPLAT Biocalcium Toothpaste, 100 ml",'LTN4',GB,18.2,5.1,3.9,centimeters,0.15,kilograms,0.0128,cubic feet,Standard-Size,0.29,0.0,0.0037,2025-12,8.5,weeks,1.37,0.0,0.29,0.0037,0.0051,0.0,GBP,0.0051,Others,N,N,0.0,--,0.0
B086ZD7MG6,X00293G0VR,Curaprox CPS 07 Prime Start Interdental Brush Set |Starter Set with 5 Brushes |2 Different Holders |Red | 0.7 mm Diameter |2.5 mm Effectiveness | Made in Switzerland,'LTN4',GB,15.0,6.0,1.4,centimeters,0.03,kilograms,0.0044,cubic feet,Standard-Size,0.1,0.0,4.0E-4,2025-12,8.5,weeks,1.37,0.0,0.0,0.0,6.0E-4,0.0,GBP,6.0E-4,Others,N,N,0.0,--,0.0
B093FQYQJH,X00293I5FB,"Curaprox CS 12460 Velvet Soft Toothbrush – Sensitive Gum Care | Ultra-Gentle Cleaning with 12,460 Filaments | Single Pack, Random Color | Made in Switzerland",'LTN4',GB,22.4,5.9,2.4,centimeters,0.03,kilograms,0.0112,cubic feet,Standard-Size,0.29,0.0,0.0033,2025-12,8.5,weeks,1.37,0.0,0.0,0.0,0.0045,0.0,GBP,0.0045,Others,N,N,0.0,--,0.0
B08P63MSS9,X0029FLX21,The Cheeky Panda Bamboo Facial Make Up Remover Wipes | Sustainable Face Wipes Eye Makeup Remover | Rose Scented Pack of 25 Face Wipes | 99% Purified Water,'LTN4',GB,13.8,8.5,3.9,centimeters,0.19,kilograms,0.0162,cubic feet,Standard-Size,1.0,0.0,0.0162,2025-12,8.5,weeks,1.37,0.0,1.0,0.0162,0.0221,0.0,GBP,0.0221,Others,N,N,0.0,--,0.0
B08WPCW7TH,X0029FM4IN,"Moo Free White Chocolate Bars - Dairy Free, Gluten Free & Vegan (20g)",'LTN4',GB,14.0,4.0,0.5,centimeters,0.02,kilograms,0.001,cubic feet,Standard-Size,2.0,0.0,0.002,2025-12,8.5,weeks,1.37,0.0,2.0,0.002,0.0027,0.0,GBP,0.0027,Others,N,N,0.0,--,0.0
B0D6W9DZX4,X0029PJ5CV,"OtterBox Symmetry Folio Case for iPad 10th gen 2022, iPad 11th gen 2025 (A16), Shockproof, Drop proof, Slim Protective Folio Case, Tested to Military Standard, Black",'LTN4',GB,28.2,19.4,1.9,centimeters,0.42,kilograms,0.0367,cubic feet,Standard-Size,0.1,0.0,0.0036,2025-12,8.5,weeks,0.75,0.0,0.0,0.0,0.0029,0.0,GBP,0.0029,shoes & bags,N,N,0.0,--,0.0
B004GFPFBO,X0029XG251,Funko POP! Movies : Freddy Krueger - Nightmare on Elm Street - Collectable Vinyl Figure - Gift Idea - Official Merchandise - Toys for Kids & Adults - Movies Fans - Model Figure for Collectors,'LTN4',GB,16.1,11.6,8.9,centimeters,0.17,kilograms,0.0587,cubic feet,Standard-Size,1.0,0.0,0.0587,2025-12,8.5,weeks,1.37,0.0,1.0,0.0587,0.0804,0.0,GBP,0.0804,Others,N,N,0.0,--,0.0
B074RQ8G8Z,X002AQ6CZH,Cool Chile Chipotle Chillies in Adobo Paste - 170g Jar | Smoky Chilli Peppers in Sauce for Mexican Cooking,'LTN4',GB,8.2,6.3,6.0,centimeters,0.34,kilograms,0.0109,cubic feet,Standard-Size,2.03,0.0,0.0222,2025-12,8.5,weeks,1.37,0.0,2.03,0.0222,0.0305,0.0,GBP,0.0305,Others,N,N,0.0,--,0.0
B09NQCV872,X002ASB2SR,"The Army Painter Speedpaint Sand Golem 2.0, Single Acrylic Paint 18ml One-coat Painting Soloution For Fantasy Tabletop Miniatures Like Warhammer 40k and Dungeons And Dragons Figures",'LTN4',GB,7.1,2.3,2.0,centimeters,0.03,kilograms,0.0012,cubic feet,Standard-Size,1.0,0.0,0.0012,2025-12,8.5,weeks,1.37,0.0,1.0,0.0012,0.0016,0.0,GBP,0.0016,Others,N,N,0.0,--,0.0
B07F1MFWV1,X002BG3AK1,"Skinny Food Co Salted Caramel Zero Calorie Syrup 425ml - Sugar Free Salted Caramel Syrup For Snacks, Drinks & Desserts - Vegan, Gluten-free, Keto & Paleo Friendly Caramel Syrup - Salted Caramel Syrup",'LTN4',GB,16.4,9.0,5.4,centimeters,0.47,kilograms,0.0281,cubic feet,Standard-Size,1.0,0.0,0.0281,2025-12,8.5,weeks,1.37,0.0,1.0,0.0281,0.0386,0.0,GBP,0.0386,Others,N,N,0.0,--,0.0
B0B2RBG672,X002BPWC29,"Salt of the Earth - Natural Deodorant Roll on Refill - x7 Uses - Amber & Sandalwood - 100% Natural Origin Ingredients - Vegan - Suitable for Men, Women & Children - 525ml",'LTN4',GB,22.2,7.3,6.9,centimeters,0.56,kilograms,0.0395,cubic feet,Standard-Size,0.55,0.0,0.0217,2025-12,8.5,weeks,1.37,0.0,0.55,0.0217,0.0297,0.0,GBP,0.0297,Others,N,N,0.0,--,0.0
B07H2WXMDJ,X002C5IRB3,"Skinny Food Co Sugar Free Maple Syrup 425ml - Zero Calorie Syrup For Breakfast, Snacks, Drinks & Desserts - Vegan, Gluten-free, Keto & Paleo Friendly Maple Syrup - Sugar Free Maple Syrup UK",'LTN4',GB,16.3,9.0,5.4,centimeters,0.47,kilograms,0.028,cubic feet,Standard-Size,2.0,0.0,0.056,2025-12,8.5,weeks,1.37,0.0,0.71,0.0199,0.0767,0.0,GBP,0.0767,Others,N,N,0.0,--,0.0
B07RZBBG14,X002F5VV0T,"Dragon Shield AT-13201 Standard Size Perfect Fit Sealable (100 Sleeves), clear",'LTN4',GB,24.7,8.5,1.2,centimeters,0.08,kilograms,0.0089,cubic feet,Standard-Size,3.68,0.0,0.0327,2025-12,8.5,weeks,0.75,0.0,3.68,0.0327,0.0271,0.0,GBP,0.0271,shoes & bags,N,N,0.0,--,0.0
B07QXSDZJM,X001XSP71D,"Shaun the Sheep Plush 61176 Backpack Clip, Black and White, Great Gift Idea,9 x 7 x 14 centimetres",'MAN1',GB,13.3,8.5,4.1,centimeters,0.03,kilograms,0.0164,cubic feet,Standard-Size,0.1,0.0,0.0016,2025-12,8.5,weeks,1.37,0.0,0.1,0.0016,0.0022,0.0,GBP,0.0022,Others,N,N,0.0,--,0.0
B007R2ICTK,X002057DE7,"HG Stain Away 7, Removes Rust Stains from Clothing & Textiles, Concentrated Rusty Mark Remover for Surfaces & Tiles, Fabric & Natural Stone Safe – 50m (426005106)",'MAN1',GB,14.0,4.2,2.4,centimeters,0.06,kilograms,0.005,cubic feet,Standard-Size,58.06,0.0,0.2876,2025-12,--,--,1.18,0.0,0.0,0.0,0.0,0.0,GBP,0.34,Others,N,N,0.0,--,0.35
B000FPU2SK,X0020N76XR,"Kitchen Devils S8602000 Lifestyle Vegetable Knife, 1 cm",'MAN1',GB,27.4,8.5,1.7,centimeters,0.05,kilograms,0.014,cubic feet,Standard-Size,1.0,0.0,0.014,2025-12,8.5,weeks,1.37,0.0,1.0,0.014,0.0192,0.0,GBP,0.0192,Others,N,N,0.0,--,0.0
B07BC1CMDK,X00218D0YF,"Amtech V4075 P240 Hook and Loop Orbital Sanding Sheets, 10 Piece Set, 115mm Diameter Sanding Paper",'MAN1',GB,15.9,12.0,1.0,centimeters,0.06,kilograms,0.0067,cubic feet,Standard-Size,2.0,0.0,0.0135,2025-12,8.5,weeks,1.37,0.0,2.0,0.0135,0.0185,0.0,GBP,0.0185,Others,N,N,0.0,--,0.0
B010E25DI2,X0021K11U3,100 Ultra Pro Card Protector Sleeves: Pro-Matte - 66 x 91 mm,'MAN1',GB,18.3,11.6,1.6,centimeters,0.11,kilograms,0.012,cubic feet,Standard-Size,0.16,0.0,0.0019,2025-12,8.5,weeks,1.37,0.0,0.1,0.0012,0.0027,0.0,GBP,0.0027,Others,N,N,0.0,--,0.0
B001Q77TI2,X0021O4AW5,"Ultra Pro 81181 3"" x 4"" Clear Thick 55PT Toploaders (25ct)",'MAN1',GB,10.8,8.2,5.5,centimeters,0.2,kilograms,0.0172,cubic feet,Standard-Size,1.61,0.0,0.0272,2025-12,8.5,weeks,1.37,0.0,1.03,0.0178,0.0372,0.0,GBP,0.0372,Others,N,N,0.0,--,0.03
B08MW8XMNQ,X0022RQT3T,Piksters Eco Charcoal 30 Floss Picks - Pack of 1,'MAN1',GB,9.6,6.6,1.9,centimeters,0.04,kilograms,0.0043,cubic feet,Standard-Size,1.0,0.0,0.0043,2025-12,8.5,weeks,1.37,0.0,1.0,0.0043,0.0058,0.0,GBP,0.0058,Others,N,N,0.0,--,0.0
B01N31JDVX,X0022WD3O7,"Anniversary House Colourful Pink Glitter Candle, Number 7, 7th Birthday Cake Topper, 7 Centimeters, AHC80/7",'MAN1',GB,15.3,7.4,1.3,centimeters,0.02,kilograms,0.0052,cubic feet,Standard-Size,0.23,0.0,0.0012,2025-12,8.5,weeks,1.37,0.0,0.23,0.0012,0.0016,0.0,GBP,0.0016,Others,N,N,0.0,--,0.0
B0073TTHBY,X0022WK51L,Casio Gents 43.00mm Quartz Watch with Black Analogue dial and Black Rubber Strap Strap MRW-200H-1BVES,'MAN1',GB,9.4,9.2,6.4,centimeters,0.1,kilograms,0.0195,cubic feet,Standard-Size,1.0,0.0,0.0195,2025-12,8.5,weeks,1.37,0.0,1.0,0.0195,0.0268,0.0,GBP,0.0268,Others,N,N,0.0,--,0.0
