order_id,asin,sku,posted_date,transaction_type,amount_type,is_fee,amount,currency,tax_amount,tax_currency,tax_present
202-9161761-3589947,,6V-EEC1-2S9Z,2025-11-01T19:25:14Z,Refund,Refund_Tax,False,-1.13,GBP,,,False
202-9161761-3589947,,6V-EEC1-2S9Z,2025-11-01T19:25:14Z,Refund,Refund_Principal,False,-5.67,GBP,,,False
202-9161761-3589947,,6V-EEC1-2S9Z,2025-11-01T19:25:14Z,Refund,Refund_Commission,True,1.06,GBP,,,False
202-9161761-3589947,,6V-EEC1-2S9Z,2025-11-01T19:25:14Z,Refund,Refund_FixedClosingFee,True,,GBP,,,False
202-9161761-3589947,,6V-EEC1-2S9Z,2025-11-01T19:25:14Z,Refund,Refund_GiftwrapChargeback,True,,GBP,,,False
202-9161761-3589947,,6V-EEC1-2S9Z,2025-11-01T19:25:14Z,Refund,Refund_RefundCommission,True,-0.22,GBP,,,False
202-9161761-3589947,,6V-EEC1-2S9Z,2025-11-01T19:25:14Z,Refund,Refund_ShippingChargeback,True,,GBP,,,False
202-9161761-3589947,,6V-EEC1-2S9Z,2025-11-01T19:25:14Z,Refund,Refund_VariableClosingFee,True,,GBP,,,False
202-9161761-3589947,,6V-EEC1-2S9Z,2025-11-01T19:25:14Z,Refund,Refund_DigitalServicesFee,True,0.02,GBP,,,False
202-9194939-8106743,,7L-OT45-7LYB,2025-11-02T21:21:02Z,Refund,Refund_Tax,False,-0.72,GBP,,,False
202-9194939-8106743,,7L-OT45-7LYB,2025-11-02T21:21:02Z,Refund,Refund_ShippingTax,False,-0.14,GBP,,,False
202-9194939-8106743,,7L-OT45-7LYB,2025-11-02T21:21:02Z,Refund,Refund_ShippingCharge,False,-0.69,GBP,,,False
202-9194939-8106743,,7L-OT45-7LYB,2025-11-02T21:21:02Z,Refund,Refund_Principal,False,-3.62,GBP,,,False
202-9194939-8106743,,7L-OT45-7LYB,2025-11-02T21:21:02Z,Refund,Refund_Commission,True,0.67,GBP,,,False
202-9194939-8106743,,7L-OT45-7LYB,2025-11-02T21:21:02Z,Refund,Refund_FixedClosingFee,True,,GBP,,,False
202-9194939-8106743,,7L-OT45-7LYB,2025-11-02T21:21:02Z,Refund,Refund_GiftwrapChargeback,True,,GBP,,,False
202-9194939-8106743,,7L-OT45-7LYB,2025-11-02T21:21:02Z,Refund,Refund_RefundCommission,True,-0.13,GBP,,,False
202-9194939-8106743,,7L-OT45-7LYB,2025-11-02T21:21:02Z,Refund,Refund_ShippingChargeback,True,0.83,GBP,,,False
202-9194939-8106743,,7L-OT45-7LYB,2025-11-02T21:21:02Z,Refund,Refund_VariableClosingFee,True,,GBP,,,False
202-9194939-8106743,,7L-OT45-7LYB,2025-11-02T21:21:02Z,Refund,Refund_DigitalServicesFee,True,0.02,GBP,,,False
206-2015210-6721901,,ZT-QPY3-P24I,2025-11-02T21:41:29Z,Refund,Refund_Tax,False,-12.52,GBP,,,False
206-2015210-6721901,,ZT-QPY3-P24I,2025-11-02T21:41:29Z,Refund,Refund_Principal,False,-62.57,GBP,,,False
206-2015210-6721901,,ZT-QPY3-P24I,2025-11-02T21:41:29Z,Refund,Refund_Commission,True,13.51,GBP,,,False
206-2015210-6721901,,ZT-QPY3-P24I,2025-11-02T21:41:29Z,Refund,Refund_FixedClosingFee,True,,GBP,,,False
206-2015210-6721901,,ZT-QPY3-P24I,2025-11-02T21:41:29Z,Refund,Refund_GiftwrapChargeback,True,,GBP,,,False
206-2015210-6721901,,ZT-QPY3-P24I,2025-11-02T21:41:29Z,Refund,Refund_RefundCommission,True,-2.7,GBP,,,False
206-2015210-6721901,,ZT-QPY3-P24I,2025-11-02T21:41:29Z,Refund,Refund_ShippingChargeback,True,,GBP,,,False
206-2015210-6721901,,ZT-QPY3-P24I,2025-11-02T21:41:29Z,Refund,Refund_VariableClosingFee,True,,GBP,,,False
206-2015210-6721901,,ZT-QPY3-P24I,2025-11-02T21:41:29Z,Refund,Refund_DigitalServicesFee,True,0.28,GBP,,,False
202-9236233-7222710,,R7-98IN-2PW8,2025-11-03T13:36:44Z,Refund,Refund_Tax,False,-0.97,GBP,,,False
202-9236233-7222710,,R7-98IN-2PW8,2025-11-03T13:36:44Z,Refund,Refund_Principal,False,-4.86,GBP,,,False
202-9236233-7222710,,R7-98IN-2PW8,2025-11-03T13:36:44Z,Refund,Refund_Commission,True,0.56,GBP,,,False
202-9236233-7222710,,R7-98IN-2PW8,2025-11-03T13:36:44Z,Refund,Refund_FixedClosingFee,True,,GBP,,,False
202-9236233-7222710,,R7-98IN-2PW8,2025-11-03T13:36:44Z,Refund,Refund_GiftwrapChargeback,True,,GBP,,,False
202-9236233-7222710,,R7-98IN-2PW8,2025-11-03T13:36:44Z,Refund,Refund_RefundCommission,True,-0.11,GBP,,,False
202-9236233-7222710,,R7-98IN-2PW8,2025-11-03T13:36:44Z,Refund,Refund_ShippingChargeback,True,,GBP,,,False
202-9236233-7222710,,R7-98IN-2PW8,2025-11-03T13:36:44Z,Refund,Refund_VariableClosingFee,True,,GBP,,,False
202-9236233-7222710,,R7-98IN-2PW8,2025-11-03T13:36:44Z,Refund,Refund_DigitalServicesFee,True,0.01,GBP,,,False
204-1242078-2734749,,R7-98IN-2PW8,2025-11-03T18:00:51Z,Refund,Refund_Tax,False,-0.97,GBP,,,False
204-1242078-2734749,,R7-98IN-2PW8,2025-11-03T18:00:51Z,Refund,Refund_Principal,False,-4.86,GBP,,,False
204-1242078-2734749,,R7-98IN-2PW8,2025-11-03T18:00:51Z,Refund,Refund_Commission,True,0.56,GBP,,,False
204-1242078-2734749,,R7-98IN-2PW8,2025-11-03T18:00:51Z,Refund,Refund_FixedClosingFee,True,,GBP,,,False
204-1242078-2734749,,R7-98IN-2PW8,2025-11-03T18:00:51Z,Refund,Refund_GiftwrapChargeback,True,,GBP,,,False
204-1242078-2734749,,R7-98IN-2PW8,2025-11-03T18:00:51Z,Refund,Refund_RefundCommission,True,-0.11,GBP,,,False
204-1242078-2734749,,R7-98IN-2PW8,2025-11-03T18:00:51Z,Refund,Refund_ShippingChargeback,True,,GBP,,,False
204-1242078-2734749,,R7-98IN-2PW8,2025-11-03T18:00:51Z,Refund,Refund_VariableClosingFee,True,,GBP,,,False
204-1242078-2734749,,R7-98IN-2PW8,2025-11-03T18:00:51Z,Refund,Refund_DigitalServicesFee,True,0.01,GBP,,,False
205-6954559-0446754,,G8-L8EI-INMK,2025-11-03T20:04:25Z,Refund,Refund_Tax,False,-1.0,GBP,,,False
205-6954559-0446754,,G8-L8EI-INMK,2025-11-03T20:04:25Z,Refund,Refund_Principal,False,-4.99,GBP,,,False
205-6954559-0446754,,G8-L8EI-INMK,2025-11-03T20:04:25Z,Refund,Refund_Commission,True,0.58,GBP,,,False
205-6954559-0446754,,G8-L8EI-INMK,2025-11-03T20:04:25Z,Refund,Refund_FixedClosingFee,True,,GBP,,,False
205-6954559-0446754,,G8-L8EI-INMK,2025-11-03T20:04:25Z,Refund,Refund_GiftwrapChargeback,True,,GBP,,,False
205-6954559-0446754,,G8-L8EI-INMK,2025-11-03T20:04:25Z,Refund,Refund_RefundCommission,True,-0.12,GBP,,,False
205-6954559-0446754,,G8-L8EI-INMK,2025-11-03T20:04:25Z,Refund,Refund_ShippingChargeback,True,,GBP,,,False
205-6954559-0446754,,G8-L8EI-INMK,2025-11-03T20:04:25Z,Refund,Refund_VariableClosingFee,True,,GBP,,,False
205-6954559-0446754,,G8-L8EI-INMK,2025-11-03T20:04:25Z,Refund,Refund_DigitalServicesFee,True,0.01,GBP,,,False
203-8557342-7817112,,1U-1W76-M840,2025-11-03T20:18:12Z,Refund,Refund_Tax,False,-0.67,GBP,,,False
203-8557342-7817112,,1U-1W76-M840,2025-11-03T20:18:12Z,Refund,Refund_Principal,False,-3.35,GBP,,,False
203-8557342-7817112,,1U-1W76-M840,2025-11-03T20:18:12Z,Refund,Refund_Commission,True,0.72,GBP,,,False
203-8557342-7817112,,1U-1W76-M840,2025-11-03T20:18:12Z,Refund,Refund_FixedClosingFee,True,,GBP,,,False
203-8557342-7817112,,1U-1W76-M840,2025-11-03T20:18:12Z,Refund,Refund_GiftwrapChargeback,True,,GBP,,,False
203-8557342-7817112,,1U-1W76-M840,2025-11-03T20:18:12Z,Refund,Refund_RefundCommission,True,-0.14,GBP,,,False
203-8557342-7817112,,1U-1W76-M840,2025-11-03T20:18:12Z,Refund,Refund_ShippingChargeback,True,,GBP,,,False
203-8557342-7817112,,1U-1W76-M840,2025-11-03T20:18:12Z,Refund,Refund_VariableClosingFee,True,,GBP,,,False
203-8557342-7817112,,1U-1W76-M840,2025-11-03T20:18:12Z,Refund,Refund_DigitalServicesFee,True,0.02,GBP,,,False
205-1837362-3849904,,0H-5V53-GPG4,2025-11-03T21:47:54Z,Refund,Refund_Tax,False,-2.0,GBP,,,False
205-1837362-3849904,,0H-5V53-GPG4,2025-11-03T21:47:54Z,Refund,Refund_Principal,False,-10.01,GBP,,,False
205-1837362-3849904,,0H-5V53-GPG4,2025-11-03T21:47:54Z,Refund,Refund_Commission,True,2.16,GBP,,,False
205-1837362-3849904,,0H-5V53-GPG4,2025-11-03T21:47:54Z,Refund,Refund_FixedClosingFee,True,,GBP,,,False
205-1837362-3849904,,0H-5V53-GPG4,2025-11-03T21:47:54Z,Refund,Refund_GiftwrapChargeback,True,,GBP,,,False
205-1837362-3849904,,0H-5V53-GPG4,2025-11-03T21:47:54Z,Refund,Refund_RefundCommission,True,-0.43,GBP,,,False
205-1837362-3849904,,0H-5V53-GPG4,2025-11-03T21:47:54Z,Refund,Refund_ShippingChargeback,True,,GBP,,,False
205-1837362-3849904,,0H-5V53-GPG4,2025-11-03T21:47:54Z,Refund,Refund_VariableClosingFee,True,,GBP,,,False
205-1837362-3849904,,0H-5V53-GPG4,2025-11-03T21:47:54Z,Refund,Refund_DigitalServicesFee,True,0.05,GBP,,,False
202-5193970-3101912,,F7-PMJ2-SG6A,2025-11-04T16:58:28Z,Refund,Refund_Tax,False,-1.32,GBP,,,False
202-5193970-3101912,,F7-PMJ2-SG6A,2025-11-04T16:58:28Z,Refund,Refund_Principal,False,-6.58,GBP,,,False
202-5193970-3101912,,F7-PMJ2-SG6A,2025-11-04T16:58:28Z,Refund,Refund_Commission,True,1.43,GBP,,,False
202-5193970-3101912,,F7-PMJ2-SG6A,2025-11-04T16:58:28Z,Refund,Refund_FixedClosingFee,True,,GBP,,,False
202-5193970-3101912,,F7-PMJ2-SG6A,2025-11-04T16:58:28Z,Refund,Refund_GiftwrapChargeback,True,,GBP,,,False
202-5193970-3101912,,F7-PMJ2-SG6A,2025-11-04T16:58:28Z,Refund,Refund_RefundCommission,True,-0.29,GBP,,,False
202-5193970-3101912,,F7-PMJ2-SG6A,2025-11-04T16:58:28Z,Refund,Refund_ShippingChargeback,True,,GBP,,,False
202-5193970-3101912,,F7-PMJ2-SG6A,2025-11-04T16:58:28Z,Refund,Refund_VariableClosingFee,True,,GBP,,,False
202-5193970-3101912,,F7-PMJ2-SG6A,2025-11-04T16:58:28Z,Refund,Refund_DigitalServicesFee,True,0.02,GBP,,,False
026-3568305-7635556,,G8-L8EI-INMK,2025-11-04T19:24:49Z,Refund,Refund_Tax,False,-1.0,GBP,,,False
026-3568305-7635556,,G8-L8EI-INMK,2025-11-04T19:24:49Z,Refund,Refund_Principal,False,-4.99,GBP,,,False
026-3568305-7635556,,G8-L8EI-INMK,2025-11-04T19:24:49Z,Refund,Refund_Commission,True,0.57,GBP,,,False
026-3568305-7635556,,G8-L8EI-INMK,2025-11-04T19:24:49Z,Refund,Refund_FixedClosingFee,True,,GBP,,,False
026-3568305-7635556,,G8-L8EI-INMK,2025-11-04T19:24:49Z,Refund,Refund_GiftwrapChargeback,True,,GBP,,,False
026-3568305-7635556,,G8-L8EI-INMK,2025-11-04T19:24:49Z,Refund,Refund_RefundCommission,True,-0.12,GBP,,,False
026-3568305-7635556,,G8-L8EI-INMK,2025-11-04T19:24:49Z,Refund,Refund_ShippingChargeback,True,,GBP,,,False
026-3568305-7635556,,G8-L8EI-INMK,2025-11-04T19:24:49Z,Refund,Refund_VariableClosingFee,True,,GBP,,,False
026-3568305-7635556,,G8-L8EI-INMK,2025-11-04T19:24:49Z,Refund,Refund_DigitalServicesFee,True,0.01,GBP,,,False
026-6701783-5260316,,3X-EXDD-TD2K,2025-11-06T20:20:13Z,Refund,Refund_Tax,False,-7.5,GBP,,,False
026-6701783-5260316,,3X-EXDD-TD2K,2025-11-06T20:20:13Z,Refund,Refund_ShippingTax,False,-0.13,GBP,,,False
026-6701783-5260316,,3X-EXDD-TD2K,2025-11-06T20:20:13Z,Refund,Refund_ShippingCharge,False,-0.62,GBP,,,False
026-6701783-5260316,,3X-EXDD-TD2K,2025-11-06T20:20:13Z,Refund,Refund_Principal,False,-37.47,GBP,,,False
026-6701783-5260316,,3X-EXDD-TD2K,2025-11-06T20:20:13Z,Refund,Refund_Commission,True,8.1,GBP,,,False
026-6701783-5260316,,3X-EXDD-TD2K,2025-11-06T20:20:13Z,Refund,Refund_FixedClosingFee,True,,GBP,,,False
026-6701783-5260316,,3X-EXDD-TD2K,2025-11-06T20:20:13Z,Refund,Refund_GiftwrapChargeback,True,,GBP,,,False
026-6701783-5260316,,3X-EXDD-TD2K,2025-11-06T20:20:13Z,Refund,Refund_RefundCommission,True,-1.62,GBP,,,False
026-6701783-5260316,,3X-EXDD-TD2K,2025-11-06T20:20:13Z,Refund,Refund_ShippingChargeback,True,,GBP,,,False
026-6701783-5260316,,3X-EXDD-TD2K,2025-11-06T20:20:13Z,Refund,Refund_VariableClosingFee,True,,GBP,,,False
026-6701783-5260316,,3X-EXDD-TD2K,2025-11-06T20:20:13Z,Refund,Refund_DigitalServicesFee,True,0.16,GBP,,,False
206-9193877-3592366,,XE-YPAI-HX9F,2025-11-07T02:22:48Z,Refund,Refund_Tax,False,-1.67,GBP,,,False
206-9193877-3592366,,XE-YPAI-HX9F,2025-11-07T02:22:48Z,Refund,Refund_Principal,False,-8.33,GBP,,,False
206-9193877-3592366,,XE-YPAI-HX9F,2025-11-07T02:22:48Z,Refund,Refund_Commission,True,0.96,GBP,,,False
206-9193877-3592366,,XE-YPAI-HX9F,2025-11-07T02:22:48Z,Refund,Refund_FixedClosingFee,True,,GBP,,,False
206-9193877-3592366,,XE-YPAI-HX9F,2025-11-07T02:22:48Z,Refund,Refund_GiftwrapChargeback,True,,GBP,,,False
206-9193877-3592366,,XE-YPAI-HX9F,2025-11-07T02:22:48Z,Refund,Refund_RefundCommission,True,-0.19,GBP,,,False
206-9193877-3592366,,XE-YPAI-HX9F,2025-11-07T02:22:48Z,Refund,Refund_ShippingChargeback,True,,GBP,,,False
206-9193877-3592366,,XE-YPAI-HX9F,2025-11-07T02:22:48Z,Refund,Refund_VariableClosingFee,True,,GBP,,,False
206-9193877-3592366,,XE-YPAI-HX9F,2025-11-07T02:22:48Z,Refund,Refund_DigitalServicesFee,True,0.02,GBP,,,False
205-1327653-0650741,,6V-EEC1-2S9Z,2025-11-07T15:49:55Z,Refund,Refund_Tax,False,-1.13,GBP,,,False
205-1327653-0650741,,6V-EEC1-2S9Z,2025-11-07T15:49:55Z,Refund,Refund_Principal,False,-5.67,GBP,,,False
205-1327653-0650741,,6V-EEC1-2S9Z,2025-11-07T15:49:55Z,Refund,Refund_Commission,True,1.05,GBP,,,False
205-1327653-0650741,,6V-EEC1-2S9Z,2025-11-07T15:49:55Z,Refund,Refund_FixedClosingFee,True,,GBP,,,False
205-1327653-0650741,,6V-EEC1-2S9Z,2025-11-07T15:49:55Z,Refund,Refund_GiftwrapChargeback,True,,GBP,,,False
205-1327653-0650741,,6V-EEC1-2S9Z,2025-11-07T15:49:55Z,Refund,Refund_RefundCommission,True,-0.22,GBP,,,False
205-1327653-0650741,,6V-EEC1-2S9Z,2025-11-07T15:49:55Z,Refund,Refund_ShippingChargeback,True,,GBP,,,False
205-1327653-0650741,,6V-EEC1-2S9Z,2025-11-07T15:49:55Z,Refund,Refund_VariableClosingFee,True,,GBP,,,False
205-1327653-0650741,,6V-EEC1-2S9Z,2025-11-07T15:49:55Z,Refund,Refund_DigitalServicesFee,True,0.02,GBP,,,False
026-3857615-1189920,,R7-98IN-2PW8,2025-11-07T18:07:27Z,Refund,Refund_Tax,False,-0.97,GBP,,,False
026-3857615-1189920,,R7-98IN-2PW8,2025-11-07T18:07:27Z,Refund,Refund_ShippingTax,False,-0.17,GBP,,,False
026-3857615-1189920,,R7-98IN-2PW8,2025-11-07T18:07:27Z,Refund,Refund_ShippingCharge,False,-0.83,GBP,,,False
026-3857615-1189920,,R7-98IN-2PW8,2025-11-07T18:07:27Z,Refund,Refund_Principal,False,-4.86,GBP,,,False
026-3857615-1189920,,R7-98IN-2PW8,2025-11-07T18:07:27Z,Refund,Refund_Commission,True,0.57,GBP,,,False
026-3857615-1189920,,R7-98IN-2PW8,2025-11-07T18:07:27Z,Refund,Refund_FixedClosingFee,True,,GBP,,,False
026-3857615-1189920,,R7-98IN-2PW8,2025-11-07T18:07:27Z,Refund,Refund_GiftwrapChargeback,True,,GBP,,,False
026-3857615-1189920,,R7-98IN-2PW8,2025-11-07T18:07:27Z,Refund,Refund_RefundCommission,True,-0.11,GBP,,,False
026-3857615-1189920,,R7-98IN-2PW8,2025-11-07T18:07:27Z,Refund,Refund_ShippingChargeback,True,,GBP,,,False
026-3857615-1189920,,R7-98IN-2PW8,2025-11-07T18:07:27Z,Refund,Refund_VariableClosingFee,True,,GBP,,,False
026-3857615-1189920,,R7-98IN-2PW8,2025-11-07T18:07:27Z,Refund,Refund_DigitalServicesFee,True,0.02,GBP,,,False
205-9848080-5999567,,6V-EEC1-2S9Z,2025-11-08T20:22:12Z,Refund,Refund_ShippingTax,False,-0.28,GBP,,,False
205-9848080-5999567,,6V-EEC1-2S9Z,2025-11-08T20:22:12Z,Refund,Refund_ShippingCharge,False,-1.38,GBP,,,False
205-9848080-5999567,,6V-EEC1-2S9Z,2025-11-08T20:22:12Z,Refund,Refund_Commission,True,,GBP,,,False
205-9848080-5999567,,6V-EEC1-2S9Z,2025-11-08T20:22:12Z,Refund,Refund_FixedClosingFee,True,,GBP,,,False
205-9848080-5999567,,6V-EEC1-2S9Z,2025-11-08T20:22:12Z,Refund,Refund_GiftwrapChargeback,True,,GBP,,,False
205-9848080-5999567,,6V-EEC1-2S9Z,2025-11-08T20:22:12Z,Refund,Refund_RefundCommission,True,,GBP,,,False
205-9848080-5999567,,6V-EEC1-2S9Z,2025-11-08T20:22:12Z,Refund,Refund_ShippingChargeback,True,1.66,GBP,,,False
205-9848080-5999567,,6V-EEC1-2S9Z,2025-11-08T20:22:12Z,Refund,Refund_VariableClosingFee,True,,GBP,,,False
205-9848080-5999567,,6V-EEC1-2S9Z,2025-11-08T20:22:12Z,Refund,Refund_DigitalServicesFee,True,0.04,GBP,,,False
203-5166987-1078708,,0H-5V53-GPG4,2025-11-08T20:30:15Z,Refund,Refund_Tax,False,-2.0,GBP,,,False
203-5166987-1078708,,0H-5V53-GPG4,2025-11-08T20:30:15Z,Refund,Refund_Principal,False,-10.0,GBP,,,False
203-5166987-1078708,,0H-5V53-GPG4,2025-11-08T20:30:15Z,Refund,Refund_Commission,True,2.16,GBP,,,False
203-5166987-1078708,,0H-5V53-GPG4,2025-11-08T20:30:15Z,Refund,Refund_FixedClosingFee,True,,GBP,,,False
203-5166987-1078708,,0H-5V53-GPG4,2025-11-08T20:30:15Z,Refund,Refund_GiftwrapChargeback,True,,GBP,,,False
203-5166987-1078708,,0H-5V53-GPG4,2025-11-08T20:30:15Z,Refund,Refund_RefundCommission,True,-0.43,GBP,,,False
203-5166987-1078708,,0H-5V53-GPG4,2025-11-08T20:30:15Z,Refund,Refund_ShippingChargeback,True,,GBP,,,False
203-5166987-1078708,,0H-5V53-GPG4,2025-11-08T20:30:15Z,Refund,Refund_VariableClosingFee,True,,GBP,,,False
203-5166987-1078708,,0H-5V53-GPG4,2025-11-08T20:30:15Z,Refund,Refund_DigitalServicesFee,True,0.04,GBP,,,False
205-9848080-5999567,,6V-EEC1-2S9Z,2025-11-08T21:18:48Z,Refund,Refund_Tax,False,-1.13,GBP,,,False
205-9848080-5999567,,6V-EEC1-2S9Z,2025-11-08T21:18:48Z,Refund,Refund_Principal,False,-5.67,GBP,,,False
205-9848080-5999567,,6V-EEC1-2S9Z,2025-11-08T21:18:48Z,Refund,Refund_Commission,True,1.06,GBP,,,False
205-9848080-5999567,,6V-EEC1-2S9Z,2025-11-08T21:18:48Z,Refund,Refund_FixedClosingFee,True,,GBP,,,False
205-9848080-5999567,,6V-EEC1-2S9Z,2025-11-08T21:18:48Z,Refund,Refund_GiftwrapChargeback,True,,GBP,,,False
205-9848080-5999567,,6V-EEC1-2S9Z,2025-11-08T21:18:48Z,Refund,Refund_RefundCommission,True,-0.22,GBP,,,False
205-9848080-5999567,,6V-EEC1-2S9Z,2025-11-08T21:18:48Z,Refund,Refund_ShippingChargeback,True,,GBP,,,False
205-9848080-5999567,,6V-EEC1-2S9Z,2025-11-08T21:18:48Z,Refund,Refund_VariableClosingFee,True,,GBP,,,False
205-9848080-5999567,,6V-EEC1-2S9Z,2025-11-08T21:18:48Z,Refund,Refund_DigitalServicesFee,True,0.03,GBP,,,False
204-2296798-6109936,,A9-2Y9G-M2K7,2025-11-09T16:40:50Z,Refund,Refund_Tax,False,-1.08,GBP,,,False
204-2296798-6109936,,A9-2Y9G-M2K7,2025-11-09T16:40:50Z,Refund,Refund_Principal,False,-5.41,GBP,,,False
204-2296798-6109936,,A9-2Y9G-M2K7,2025-11-09T16:40:50Z,Refund,Refund_Commission,True,1.01,GBP,,,False
204-2296798-6109936,,A9-2Y9G-M2K7,2025-11-09T16:40:50Z,Refund,Refund_FixedClosingFee,True,,GBP,,,False
204-2296798-6109936,,A9-2Y9G-M2K7,2025-11-09T16:40:50Z,Refund,Refund_GiftwrapChargeback,True,,GBP,,,False
204-2296798-6109936,,A9-2Y9G-M2K7,2025-11-09T16:40:50Z,Refund,Refund_RefundCommission,True,-0.2,GBP,,,False
204-2296798-6109936,,A9-2Y9G-M2K7,2025-11-09T16:40:50Z,Refund,Refund_ShippingChargeback,True,,GBP,,,False
204-2296798-6109936,,A9-2Y9G-M2K7,2025-11-09T16:40:50Z,Refund,Refund_VariableClosingFee,True,,GBP,,,False
204-2296798-6109936,,A9-2Y9G-M2K7,2025-11-09T16:40:50Z,Refund,Refund_DigitalServicesFee,True,0.02,GBP,,,False
205-0145944-5920303,,LV-425G-BY4X,2025-11-09T20:01:32Z,Refund,Refund_Tax,False,,GBP,,,False
205-0145944-5920303,,LV-425G-BY4X,2025-11-09T20:01:32Z,Refund,Refund_Principal,False,-34.29,GBP,,,False
205-0145944-5920303,,LV-425G-BY4X,2025-11-09T20:01:32Z,Refund,Refund_Commission,True,6.17,GBP,,,False
205-0145944-5920303,,LV-425G-BY4X,2025-11-09T20:01:32Z,Refund,Refund_FixedClosingFee,True,,GBP,,,False
205-0145944-5920303,,LV-425G-BY4X,2025-11-09T20:01:32Z,Refund,Refund_GiftwrapChargeback,True,,GBP,,,False
205-0145944-5920303,,LV-425G-BY4X,2025-11-09T20:01:32Z,Refund,Refund_RefundCommission,True,-1.24,GBP,,,False
205-0145944-5920303,,LV-425G-BY4X,2025-11-09T20:01:32Z,Refund,Refund_ShippingChargeback,True,,GBP,,,False
205-0145944-5920303,,LV-425G-BY4X,2025-11-09T20:01:32Z,Refund,Refund_VariableClosingFee,True,,GBP,,,False
205-0145944-5920303,,LV-425G-BY4X,2025-11-09T20:01:32Z,Refund,Refund_DigitalServicesFee,True,0.12,GBP,,,False
206-7154400-1240327,,MW-9K5M-VKW8,2025-11-10T17:00:50Z,Refund,Refund_Tax,False,-4.5,GBP,,,False
206-7154400-1240327,,MW-9K5M-VKW8,2025-11-10T17:00:50Z,Refund,Refund_Principal,False,-22.5,GBP,,,False
206-7154400-1240327,,MW-9K5M-VKW8,2025-11-10T17:00:50Z,Refund,Refund_Commission,True,4.86,GBP,,,False
206-7154400-1240327,,MW-9K5M-VKW8,2025-11-10T17:00:50Z,Refund,Refund_FixedClosingFee,True,,GBP,,,False
206-7154400-1240327,,MW-9K5M-VKW8,2025-11-10T17:00:50Z,Refund,Refund_GiftwrapChargeback,True,,GBP,,,False
206-7154400-1240327,,MW-9K5M-VKW8,2025-11-10T17:00:50Z,Refund,Refund_RefundCommission,True,-0.97,GBP,,,False
206-7154400-1240327,,MW-9K5M-VKW8,2025-11-10T17:00:50Z,Refund,Refund_ShippingChargeback,True,,GBP,,,False
206-7154400-1240327,,MW-9K5M-VKW8,2025-11-10T17:00:50Z,Refund,Refund_VariableClosingFee,True,,GBP,,,False
206-7154400-1240327,,MW-9K5M-VKW8,2025-11-10T17:00:50Z,Refund,Refund_DigitalServicesFee,True,0.1,GBP,,,False
026-8466930-0174730,,G8-L8EI-INMK,2025-11-10T18:21:09Z,Refund,Refund_Tax,False,-1.0,GBP,,,False
026-8466930-0174730,,G8-L8EI-INMK,2025-11-10T18:21:09Z,Refund,Refund_Principal,False,-4.99,GBP,,,False
026-8466930-0174730,,G8-L8EI-INMK,2025-11-10T18:21:09Z,Refund,Refund_Commission,True,0.58,GBP,,,False
026-8466930-0174730,,G8-L8EI-INMK,2025-11-10T18:21:09Z,Refund,Refund_FixedClosingFee,True,,GBP,,,False
026-8466930-0174730,,G8-L8EI-INMK,2025-11-10T18:21:09Z,Refund,Refund_GiftwrapChargeback,True,,GBP,,,False
026-8466930-0174730,,G8-L8EI-INMK,2025-11-10T18:21:09Z,Refund,Refund_RefundCommission,True,-0.12,GBP,,,False
026-8466930-0174730,,G8-L8EI-INMK,2025-11-10T18:21:09Z,Refund,Refund_ShippingChargeback,True,,GBP,,,False
026-8466930-0174730,,G8-L8EI-INMK,2025-11-10T18:21:09Z,Refund,Refund_VariableClosingFee,True,,GBP,,,False
026-8466930-0174730,,G8-L8EI-INMK,2025-11-10T18:21:09Z,Refund,Refund_DigitalServicesFee,True,0.01,GBP,,,False
205-0539489-8746700,,OT-3LZR-3R6K,2025-11-11T14:56:01Z,Refund,Refund_Tax,False,-5.0,GBP,,,False
205-0539489-8746700,,OT-3LZR-3R6K,2025-11-11T14:56:01Z,Refund,Refund_Principal,False,-24.99,GBP,,,False
205-0539489-8746700,,OT-3LZR-3R6K,2025-11-11T14:56:01Z,Refund,Refund_Commission,True,5.4,GBP,,,False
205-0539489-8746700,,OT-3LZR-3R6K,2025-11-11T14:56:01Z,Refund,Refund_FixedClosingFee,True,,GBP,,,False
205-0539489-8746700,,OT-3LZR-3R6K,2025-11-11T14:56:01Z,Refund,Refund_GiftwrapChargeback,True,,GBP,,,False
205-0539489-8746700,,OT-3LZR-3R6K,2025-11-11T14:56:01Z,Refund,Refund_RefundCommission,True,-1.08,GBP,,,False
205-0539489-8746700,,OT-3LZR-3R6K,2025-11-11T14:56:01Z,Refund,Refund_ShippingChargeback,True,,GBP,,,False
205-0539489-8746700,,OT-3LZR-3R6K,2025-11-11T14:56:01Z,Refund,Refund_VariableClosingFee,True,,GBP,,,False
205-0539489-8746700,,OT-3LZR-3R6K,2025-11-11T14:56:01Z,Refund,Refund_DigitalServicesFee,True,0.11,GBP,,,False
026-5123361-5591520,,0H-5V53-GPG4,2025-11-11T20:47:09Z,Refund,Refund_Tax,False,-2.0,GBP,,,False
026-5123361-5591520,,0H-5V53-GPG4,2025-11-11T20:47:09Z,Refund,Refund_Principal,False,-10.0,GBP,,,False
026-5123361-5591520,,0H-5V53-GPG4,2025-11-11T20:47:09Z,Refund,Refund_Commission,True,2.16,GBP,,,False
026-5123361-5591520,,0H-5V53-GPG4,2025-11-11T20:47:09Z,Refund,Refund_FixedClosingFee,True,,GBP,,,False
026-5123361-5591520,,0H-5V53-GPG4,2025-11-11T20:47:09Z,Refund,Refund_GiftwrapChargeback,True,,GBP,,,False
026-5123361-5591520,,0H-5V53-GPG4,2025-11-11T20:47:09Z,Refund,Refund_RefundCommission,True,-0.43,GBP,,,False
026-5123361-5591520,,0H-5V53-GPG4,2025-11-11T20:47:09Z,Refund,Refund_ShippingChargeback,True,,GBP,,,False
026-5123361-5591520,,0H-5V53-GPG4,2025-11-11T20:47:09Z,Refund,Refund_VariableClosingFee,True,,GBP,,,False
026-5123361-5591520,,0H-5V53-GPG4,2025-11-11T20:47:09Z,Refund,Refund_DigitalServicesFee,True,0.05,GBP,,,False
026-1566605-5431569,,R7-98IN-2PW8,2025-11-11T20:55:58Z,Refund,Refund_Tax,False,-0.97,GBP,,,False
026-1566605-5431569,,R7-98IN-2PW8,2025-11-11T20:55:58Z,Refund,Refund_Principal,False,-4.86,GBP,,,False
026-1566605-5431569,,R7-98IN-2PW8,2025-11-11T20:55:58Z,Refund,Refund_Commission,True,0.56,GBP,,,False
026-1566605-5431569,,R7-98IN-2PW8,2025-11-11T20:55:58Z,Refund,Refund_FixedClosingFee,True,,GBP,,,False
026-1566605-5431569,,R7-98IN-2PW8,2025-11-11T20:55:58Z,Refund,Refund_GiftwrapChargeback,True,,GBP,,,False
026-1566605-5431569,,R7-98IN-2PW8,2025-11-11T20:55:58Z,Refund,Refund_RefundCommission,True,-0.11,GBP,,,False
026-1566605-5431569,,R7-98IN-2PW8,2025-11-11T20:55:58Z,Refund,Refund_ShippingChargeback,True,,GBP,,,False
026-1566605-5431569,,R7-98IN-2PW8,2025-11-11T20:55:58Z,Refund,Refund_VariableClosingFee,True,,GBP,,,False
026-1566605-5431569,,R7-98IN-2PW8,2025-11-11T20:55:58Z,Refund,Refund_DigitalServicesFee,True,0.01,GBP,,,False
026-0021592-4683540,,6V-EEC1-2S9Z,2025-11-12T02:35:13Z,Refund,Refund_Tax,False,-1.13,GBP,,,False
026-0021592-4683540,,6V-EEC1-2S9Z,2025-11-12T02:35:13Z,Refund,Refund_Principal,False,-5.67,GBP,,,False
026-0021592-4683540,,6V-EEC1-2S9Z,2025-11-12T02:35:13Z,Refund,Refund_Commission,True,1.06,GBP,,,False
026-0021592-4683540,,6V-EEC1-2S9Z,2025-11-12T02:35:13Z,Refund,Refund_FixedClosingFee,True,,GBP,,,False
026-0021592-4683540,,6V-EEC1-2S9Z,2025-11-12T02:35:13Z,Refund,Refund_GiftwrapChargeback,True,,GBP,,,False
026-0021592-4683540,,6V-EEC1-2S9Z,2025-11-12T02:35:13Z,Refund,Refund_RefundCommission,True,-0.22,GBP,,,False
026-0021592-4683540,,6V-EEC1-2S9Z,2025-11-12T02:35:13Z,Refund,Refund_ShippingChargeback,True,,GBP,,,False
026-0021592-4683540,,6V-EEC1-2S9Z,2025-11-12T02:35:13Z,Refund,Refund_VariableClosingFee,True,,GBP,,,False
026-0021592-4683540,,6V-EEC1-2S9Z,2025-11-12T02:35:13Z,Refund,Refund_DigitalServicesFee,True,0.03,GBP,,,False
206-3096715-0987500,,6V-EEC1-2S9Z,2025-11-13T09:52:19Z,Refund,Refund_Tax,False,-1.13,GBP,,,False
206-3096715-0987500,,6V-EEC1-2S9Z,2025-11-13T09:52:19Z,Refund,Refund_Principal,False,-5.67,GBP,,,False
206-3096715-0987500,,6V-EEC1-2S9Z,2025-11-13T09:52:19Z,Refund,Refund_Commission,True,1.06,GBP,,,False
206-3096715-0987500,,6V-EEC1-2S9Z,2025-11-13T09:52:19Z,Refund,Refund_FixedClosingFee,True,,GBP,,,False
206-3096715-0987500,,6V-EEC1-2S9Z,2025-11-13T09:52:19Z,Refund,Refund_GiftwrapChargeback,True,,GBP,,,False
206-3096715-0987500,,6V-EEC1-2S9Z,2025-11-13T09:52:19Z,Refund,Refund_RefundCommission,True,-0.22,GBP,,,False
206-3096715-0987500,,6V-EEC1-2S9Z,2025-11-13T09:52:19Z,Refund,Refund_ShippingChargeback,True,,GBP,,,False
206-3096715-0987500,,6V-EEC1-2S9Z,2025-11-13T09:52:19Z,Refund,Refund_VariableClosingFee,True,,GBP,,,False
206-3096715-0987500,,6V-EEC1-2S9Z,2025-11-13T09:52:19Z,Refund,Refund_DigitalServicesFee,True,0.03,GBP,,,False
205-7440189-2886724,,D7-MGBX-RX2P,2025-11-13T20:28:47Z,Refund,Refund_Tax,False,-1.64,GBP,,,False
205-7440189-2886724,,D7-MGBX-RX2P,2025-11-13T20:28:47Z,Refund,Refund_ShippingTax,False,-0.25,GBP,,,False
205-7440189-2886724,,D7-MGBX-RX2P,2025-11-13T20:28:47Z,Refund,Refund_ShippingCharge,False,-1.24,GBP,,,False
205-7440189-2886724,,D7-MGBX-RX2P,2025-11-13T20:28:47Z,Refund,Refund_Principal,False,-8.2,GBP,,,False
205-7440189-2886724,,D7-MGBX-RX2P,2025-11-13T20:28:47Z,Refund,Refund_Commission,True,1.77,GBP,,,False
205-7440189-2886724,,D7-MGBX-RX2P,2025-11-13T20:28:47Z,Refund,Refund_FixedClosingFee,True,,GBP,,,False
205-7440189-2886724,,D7-MGBX-RX2P,2025-11-13T20:28:47Z,Refund,Refund_GiftwrapChargeback,True,,GBP,,,False
205-7440189-2886724,,D7-MGBX-RX2P,2025-11-13T20:28:47Z,Refund,Refund_RefundCommission,True,-0.36,GBP,,,False
205-7440189-2886724,,D7-MGBX-RX2P,2025-11-13T20:28:47Z,Refund,Refund_ShippingChargeback,True,1.49,GBP,,,False
205-7440189-2886724,,D7-MGBX-RX2P,2025-11-13T20:28:47Z,Refund,Refund_VariableClosingFee,True,,GBP,,,False
205-7440189-2886724,,D7-MGBX-RX2P,2025-11-13T20:28:47Z,Refund,Refund_DigitalServicesFee,True,0.05,GBP,,,False
205-0057138-1895504,,XH-0LAE-FQO5,2025-11-14T21:08:47Z,Refund,Refund_Tax,False,-1.2,GBP,,,False
205-0057138-1895504,,XH-0LAE-FQO5,2025-11-14T21:08:47Z,Refund,Refund_Principal,False,-6.01,GBP,,,False
205-0057138-1895504,,XH-0LAE-FQO5,2025-11-14T21:08:47Z,Refund,Refund_Commission,True,0.7,GBP,,,False
205-0057138-1895504,,XH-0LAE-FQO5,2025-11-14T21:08:47Z,Refund,Refund_FixedClosingFee,True,,GBP,,,False
205-0057138-1895504,,XH-0LAE-FQO5,2025-11-14T21:08:47Z,Refund,Refund_GiftwrapChargeback,True,,GBP,,,False
205-0057138-1895504,,XH-0LAE-FQO5,2025-11-14T21:08:47Z,Refund,Refund_RefundCommission,True,-0.14,GBP,,,False
205-0057138-1895504,,XH-0LAE-FQO5,2025-11-14T21:08:47Z,Refund,Refund_ShippingChargeback,True,,GBP,,,False
205-0057138-1895504,,XH-0LAE-FQO5,2025-11-14T21:08:47Z,Refund,Refund_VariableClosingFee,True,,GBP,,,False
205-0057138-1895504,,XH-0LAE-FQO5,2025-11-14T21:08:47Z,Refund,Refund_DigitalServicesFee,True,0.01,GBP,,,False
202-2294229-6576346,,H4-86XG-NLX6,2025-11-15T22:31:42Z,Refund,Refund_Tax,False,-1.76,GBP,,,False
202-2294229-6576346,,H4-86XG-NLX6,2025-11-15T22:31:42Z,Refund,Refund_ShippingTax,False,-0.17,GBP,,,False
202-2294229-6576346,,H4-86XG-NLX6,2025-11-15T22:31:42Z,Refund,Refund_ShippingCharge,False,-0.83,GBP,,,False
202-2294229-6576346,,H4-86XG-NLX6,2025-11-15T22:31:42Z,Refund,Refund_Principal,False,-8.77,GBP,,,False
202-2294229-6576346,,H4-86XG-NLX6,2025-11-15T22:31:42Z,Refund,Refund_Commission,True,1.9,GBP,,,False
202-2294229-6576346,,H4-86XG-NLX6,2025-11-15T22:31:42Z,Refund,Refund_FixedClosingFee,True,,GBP,,,False
202-2294229-6576346,,H4-86XG-NLX6,2025-11-15T22:31:42Z,Refund,Refund_GiftwrapChargeback,True,,GBP,,,False
202-2294229-6576346,,H4-86XG-NLX6,2025-11-15T22:31:42Z,Refund,Refund_RefundCommission,True,-0.38,GBP,,,False
202-2294229-6576346,,H4-86XG-NLX6,2025-11-15T22:31:42Z,Refund,Refund_ShippingChargeback,True,,GBP,,,False
202-2294229-6576346,,H4-86XG-NLX6,2025-11-15T22:31:42Z,Refund,Refund_VariableClosingFee,True,,GBP,,,False
202-2294229-6576346,,H4-86XG-NLX6,2025-11-15T22:31:42Z,Refund,Refund_DigitalServicesFee,True,0.04,GBP,,,False
026-6452439-9089906,,8L-INBX-OUTU,2025-11-17T22:10:45Z,Refund,Refund_Tax,False,-1.5,GBP,,,False
026-6452439-9089906,,8L-INBX-OUTU,2025-11-17T22:10:45Z,Refund,Refund_Principal,False,-7.49,GBP,,,False
026-6452439-9089906,,8L-INBX-OUTU,2025-11-17T22:10:45Z,Refund,Refund_Commission,True,1.62,GBP,,,False
026-6452439-9089906,,8L-INBX-OUTU,2025-11-17T22:10:45Z,Refund,Refund_FixedClosingFee,True,,GBP,,,False
026-6452439-9089906,,8L-INBX-OUTU,2025-11-17T22:10:45Z,Refund,Refund_GiftwrapChargeback,True,,GBP,,,False
026-6452439-9089906,,8L-INBX-OUTU,2025-11-17T22:10:45Z,Refund,Refund_RefundCommission,True,-0.32,GBP,,,False
026-6452439-9089906,,8L-INBX-OUTU,2025-11-17T22:10:45Z,Refund,Refund_ShippingChargeback,True,,GBP,,,False
026-6452439-9089906,,8L-INBX-OUTU,2025-11-17T22:10:45Z,Refund,Refund_VariableClosingFee,True,,GBP,,,False
026-6452439-9089906,,8L-INBX-OUTU,2025-11-17T22:10:45Z,Refund,Refund_DigitalServicesFee,True,0.03,GBP,,,False
205-4298836-9670735,,XH-0LAE-FQO5,2025-11-18T16:27:13Z,Refund,Refund_Tax,False,-1.2,GBP,,,False
205-4298836-9670735,,XH-0LAE-FQO5,2025-11-18T16:27:13Z,Refund,Refund_Principal,False,-6.01,GBP,,,False
205-4298836-9670735,,XH-0LAE-FQO5,2025-11-18T16:27:13Z,Refund,Refund_Commission,True,0.7,GBP,,,False
205-4298836-9670735,,XH-0LAE-FQO5,2025-11-18T16:27:13Z,Refund,Refund_FixedClosingFee,True,,GBP,,,False
205-4298836-9670735,,XH-0LAE-FQO5,2025-11-18T16:27:13Z,Refund,Refund_GiftwrapChargeback,True,,GBP,,,False
205-4298836-9670735,,XH-0LAE-FQO5,2025-11-18T16:27:13Z,Refund,Refund_RefundCommission,True,-0.14,GBP,,,False
205-4298836-9670735,,XH-0LAE-FQO5,2025-11-18T16:27:13Z,Refund,Refund_ShippingChargeback,True,,GBP,,,False
205-4298836-9670735,,XH-0LAE-FQO5,2025-11-18T16:27:13Z,Refund,Refund_VariableClosingFee,True,,GBP,,,False
205-4298836-9670735,,XH-0LAE-FQO5,2025-11-18T16:27:13Z,Refund,Refund_DigitalServicesFee,True,0.01,GBP,,,False
205-7244367-3352343,,H4-86XG-NLX6,2025-11-18T22:07:42Z,Refund,Refund_Tax,False,-1.76,GBP,,,False
205-7244367-3352343,,H4-86XG-NLX6,2025-11-18T22:07:42Z,Refund,Refund_Principal,False,-8.77,GBP,,,False
205-7244367-3352343,,H4-86XG-NLX6,2025-11-18T22:07:42Z,Refund,Refund_Commission,True,1.89,GBP,,,False
205-7244367-3352343,,H4-86XG-NLX6,2025-11-18T22:07:42Z,Refund,Refund_FixedClosingFee,True,,GBP,,,False
205-7244367-3352343,,H4-86XG-NLX6,2025-11-18T22:07:42Z,Refund,Refund_GiftwrapChargeback,True,,GBP,,,False
205-7244367-3352343,,H4-86XG-NLX6,2025-11-18T22:07:42Z,Refund,Refund_RefundCommission,True,-0.38,GBP,,,False
205-7244367-3352343,,H4-86XG-NLX6,2025-11-18T22:07:42Z,Refund,Refund_ShippingChargeback,True,,GBP,,,False
205-7244367-3352343,,H4-86XG-NLX6,2025-11-18T22:07:42Z,Refund,Refund_VariableClosingFee,True,,GBP,,,False
205-7244367-3352343,,H4-86XG-NLX6,2025-11-18T22:07:42Z,Refund,Refund_DigitalServicesFee,True,0.03,GBP,,,False
206-9163507-0952325,,6V-EEC1-2S9Z,2025-11-19T12:28:43Z,Refund,Refund_Tax,False,-1.13,GBP,,,False
206-9163507-0952325,,6V-EEC1-2S9Z,2025-11-19T12:28:43Z,Refund,Refund_Principal,False,-5.67,GBP,,,False
206-9163507-0952325,,6V-EEC1-2S9Z,2025-11-19T12:28:43Z,Refund,Refund_Commission,True,1.06,GBP,,,False
206-9163507-0952325,,6V-EEC1-2S9Z,2025-11-19T12:28:43Z,Refund,Refund_FixedClosingFee,True,,GBP,,,False
206-9163507-0952325,,6V-EEC1-2S9Z,2025-11-19T12:28:43Z,Refund,Refund_GiftwrapChargeback,True,,GBP,,,False
206-9163507-0952325,,6V-EEC1-2S9Z,2025-11-19T12:28:43Z,Refund,Refund_RefundCommission,True,-0.22,GBP,,,False
206-9163507-0952325,,6V-EEC1-2S9Z,2025-11-19T12:28:43Z,Refund,Refund_ShippingChargeback,True,,GBP,,,False
206-9163507-0952325,,6V-EEC1-2S9Z,2025-11-19T12:28:43Z,Refund,Refund_VariableClosingFee,True,,GBP,,,False
206-9163507-0952325,,6V-EEC1-2S9Z,2025-11-19T12:28:43Z,Refund,Refund_DigitalServicesFee,True,0.02,GBP,,,False
206-0521582-1490762,,3X-EXDD-TD2K,2025-11-20T15:11:03Z,Refund,Refund_Tax,False,-8.33,GBP,,,False
206-0521582-1490762,,3X-EXDD-TD2K,2025-11-20T15:11:03Z,Refund,Refund_Principal,False,-41.66,GBP,,,False
206-0521582-1490762,,3X-EXDD-TD2K,2025-11-20T15:11:03Z,Refund,Refund_Commission,True,9.0,GBP,,,False
206-0521582-1490762,,3X-EXDD-TD2K,2025-11-20T15:11:03Z,Refund,Refund_FixedClosingFee,True,,GBP,,,False
206-0521582-1490762,,3X-EXDD-TD2K,2025-11-20T15:11:03Z,Refund,Refund_GiftwrapChargeback,True,,GBP,,,False
206-0521582-1490762,,3X-EXDD-TD2K,2025-11-20T15:11:03Z,Refund,Refund_RefundCommission,True,-1.8,GBP,,,False
206-0521582-1490762,,3X-EXDD-TD2K,2025-11-20T15:11:03Z,Refund,Refund_ShippingChargeback,True,,GBP,,,False
206-0521582-1490762,,3X-EXDD-TD2K,2025-11-20T15:11:03Z,Refund,Refund_VariableClosingFee,True,,GBP,,,False
206-0521582-1490762,,3X-EXDD-TD2K,2025-11-20T15:11:03Z,Refund,Refund_DigitalServicesFee,True,0.18,GBP,,,False
206-0902732-6158733,,JV-D1TI-6UF6,2025-11-21T21:22:28Z,Refund,Refund_Tax,False,-1.53,GBP,,,False
206-0902732-6158733,,JV-D1TI-6UF6,2025-11-21T21:22:28Z,Refund,Refund_Principal,False,-7.63,GBP,,,False
206-0902732-6158733,,JV-D1TI-6UF6,2025-11-21T21:22:28Z,Refund,Refund_Commission,True,1.64,GBP,,,False
206-0902732-6158733,,JV-D1TI-6UF6,2025-11-21T21:22:28Z,Refund,Refund_FixedClosingFee,True,,GBP,,,False
206-0902732-6158733,,JV-D1TI-6UF6,2025-11-21T21:22:28Z,Refund,Refund_GiftwrapChargeback,True,,GBP,,,False
206-0902732-6158733,,JV-D1TI-6UF6,2025-11-21T21:22:28Z,Refund,Refund_RefundCommission,True,-0.32,GBP,,,False
206-0902732-6158733,,JV-D1TI-6UF6,2025-11-21T21:22:28Z,Refund,Refund_ShippingChargeback,True,,GBP,,,False
206-0902732-6158733,,JV-D1TI-6UF6,2025-11-21T21:22:28Z,Refund,Refund_VariableClosingFee,True,,GBP,,,False
206-0902732-6158733,,JV-D1TI-6UF6,2025-11-21T21:22:28Z,Refund,Refund_DigitalServicesFee,True,0.03,GBP,,,False
026-5806548-2347519,,WX-L5UA-UB1Q,2025-11-22T22:12:34Z,Refund,Refund_Tax,False,-1.0,GBP,,,False
026-5806548-2347519,,WX-L5UA-UB1Q,2025-11-22T22:12:34Z,Refund,Refund_Principal,False,-4.98,GBP,,,False
026-5806548-2347519,,WX-L5UA-UB1Q,2025-11-22T22:12:34Z,Refund,Refund_Commission,True,0.94,GBP,,,False
026-5806548-2347519,,WX-L5UA-UB1Q,2025-11-22T22:12:34Z,Refund,Refund_FixedClosingFee,True,,GBP,,,False
026-5806548-2347519,,WX-L5UA-UB1Q,2025-11-22T22:12:34Z,Refund,Refund_GiftwrapChargeback,True,,GBP,,,False
026-5806548-2347519,,WX-L5UA-UB1Q,2025-11-22T22:12:34Z,Refund,Refund_RefundCommission,True,-0.19,GBP,,,False
026-5806548-2347519,,WX-L5UA-UB1Q,2025-11-22T22:12:34Z,Refund,Refund_ShippingChargeback,True,,GBP,,,False
026-5806548-2347519,,WX-L5UA-UB1Q,2025-11-22T22:12:34Z,Refund,Refund_VariableClosingFee,True,,GBP,,,False
026-5806548-2347519,,WX-L5UA-UB1Q,2025-11-22T22:12:34Z,Refund,Refund_DigitalServicesFee,True,0.02,GBP,,,False
205-2810625-1203535,,H4-86XG-NLX6,2025-11-22T23:13:29Z,Refund,Refund_Tax,False,-2.15,GBP,,,False
205-2810625-1203535,,H4-86XG-NLX6,2025-11-22T23:13:29Z,Refund,Refund_Principal,False,-10.74,GBP,,,False
205-2810625-1203535,,H4-86XG-NLX6,2025-11-22T23:13:29Z,Refund,Refund_Commission,True,2.31,GBP,,,False
205-2810625-1203535,,H4-86XG-NLX6,2025-11-22T23:13:29Z,Refund,Refund_FixedClosingFee,True,,GBP,,,False
205-2810625-1203535,,H4-86XG-NLX6,2025-11-22T23:13:29Z,Refund,Refund_GiftwrapChargeback,True,,GBP,,,False
205-2810625-1203535,,H4-86XG-NLX6,2025-11-22T23:13:29Z,Refund,Refund_RefundCommission,True,-0.47,GBP,,,False
205-2810625-1203535,,H4-86XG-NLX6,2025-11-22T23:13:29Z,Refund,Refund_ShippingChargeback,True,,GBP,,,False
205-2810625-1203535,,H4-86XG-NLX6,2025-11-22T23:13:29Z,Refund,Refund_VariableClosingFee,True,,GBP,,,False
205-2810625-1203535,,H4-86XG-NLX6,2025-11-22T23:13:29Z,Refund,Refund_DigitalServicesFee,True,0.05,GBP,,,False
202-8169168-7685166,,0H-5V53-GPG4,2025-11-23T21:06:41Z,Refund,Refund_Tax,False,-1.99,GBP,,,False
202-8169168-7685166,,0H-5V53-GPG4,2025-11-23T21:06:41Z,Refund,Refund_Principal,False,-9.92,GBP,,,False
202-8169168-7685166,,0H-5V53-GPG4,2025-11-23T21:06:41Z,Refund,Refund_Commission,True,2.15,GBP,,,False
202-8169168-7685166,,0H-5V53-GPG4,2025-11-23T21:06:41Z,Refund,Refund_FixedClosingFee,True,,GBP,,,False
202-8169168-7685166,,0H-5V53-GPG4,2025-11-23T21:06:41Z,Refund,Refund_GiftwrapChargeback,True,,GBP,,,False
202-8169168-7685166,,0H-5V53-GPG4,2025-11-23T21:06:41Z,Refund,Refund_RefundCommission,True,-0.43,GBP,,,False
202-8169168-7685166,,0H-5V53-GPG4,2025-11-23T21:06:41Z,Refund,Refund_ShippingChargeback,True,,GBP,,,False
202-8169168-7685166,,0H-5V53-GPG4,2025-11-23T21:06:41Z,Refund,Refund_VariableClosingFee,True,,GBP,,,False
202-8169168-7685166,,0H-5V53-GPG4,2025-11-23T21:06:41Z,Refund,Refund_DigitalServicesFee,True,0.05,GBP,,,False
204-5473984-0112311,,I2-6YKQ-CIBP,2025-11-23T21:48:40Z,Refund,Refund_Tax,False,-1.35,GBP,,,False
204-5473984-0112311,,I2-6YKQ-CIBP,2025-11-23T21:48:40Z,Refund,Refund_ShippingTax,False,-0.33,GBP,,,False
204-5473984-0112311,,I2-6YKQ-CIBP,2025-11-23T21:48:40Z,Refund,Refund_ShippingCharge,False,-1.66,GBP,,,False
204-5473984-0112311,,I2-6YKQ-CIBP,2025-11-23T21:48:40Z,Refund,Refund_Principal,False,-6.73,GBP,,,False
204-5473984-0112311,,I2-6YKQ-CIBP,2025-11-23T21:48:40Z,Refund,Refund_Commission,True,1.45,GBP,,,False
204-5473984-0112311,,I2-6YKQ-CIBP,2025-11-23T21:48:40Z,Refund,Refund_FixedClosingFee,True,,GBP,,,False
204-5473984-0112311,,I2-6YKQ-CIBP,2025-11-23T21:48:40Z,Refund,Refund_GiftwrapChargeback,True,,GBP,,,False
204-5473984-0112311,,I2-6YKQ-CIBP,2025-11-23T21:48:40Z,Refund,Refund_RefundCommission,True,-0.29,GBP,,,False
204-5473984-0112311,,I2-6YKQ-CIBP,2025-11-23T21:48:40Z,Refund,Refund_ShippingChargeback,True,1.99,GBP,,,False
204-5473984-0112311,,I2-6YKQ-CIBP,2025-11-23T21:48:40Z,Refund,Refund_VariableClosingFee,True,,GBP,,,False
204-5473984-0112311,,I2-6YKQ-CIBP,2025-11-23T21:48:40Z,Refund,Refund_DigitalServicesFee,True,0.06,GBP,,,False
203-5530925-8369949,,MY-KL21-NMV5,2025-11-24T18:59:20Z,Refund,Refund_Tax,False,-6.51,GBP,,,False
203-5530925-8369949,,MY-KL21-NMV5,2025-11-24T18:59:20Z,Refund,Refund_Principal,False,-32.55,GBP,,,False
203-5530925-8369949,,MY-KL21-NMV5,2025-11-24T18:59:20Z,Refund,Refund_Commission,True,7.03,GBP,,,False
203-5530925-8369949,,MY-KL21-NMV5,2025-11-24T18:59:20Z,Refund,Refund_FixedClosingFee,True,,GBP,,,False
203-5530925-8369949,,MY-KL21-NMV5,2025-11-24T18:59:20Z,Refund,Refund_GiftwrapChargeback,True,,GBP,,,False
203-5530925-8369949,,MY-KL21-NMV5,2025-11-24T18:59:20Z,Refund,Refund_RefundCommission,True,-1.4,GBP,,,False
203-5530925-8369949,,MY-KL21-NMV5,2025-11-24T18:59:20Z,Refund,Refund_ShippingChargeback,True,,GBP,,,False
203-5530925-8369949,,MY-KL21-NMV5,2025-11-24T18:59:20Z,Refund,Refund_VariableClosingFee,True,,GBP,,,False
203-5530925-8369949,,MY-KL21-NMV5,2025-11-24T18:59:20Z,Refund,Refund_DigitalServicesFee,True,0.14,GBP,,,False
204-2713578-4934727,,ZU-VG38-OF3L,2025-11-26T13:47:05Z,Refund,Refund_Tax,False,-9.58,GBP,,,False
204-2713578-4934727,,ZU-VG38-OF3L,2025-11-26T13:47:05Z,Refund,Refund_Principal,False,-41.66,GBP,,,False
204-2713578-4934727,,ZU-VG38-OF3L,2025-11-26T13:47:05Z,Refund,Refund_Commission,True,9.18,GBP,,,False
204-2713578-4934727,,ZU-VG38-OF3L,2025-11-26T13:47:05Z,Refund,Refund_FixedClosingFee,True,,GBP,,,False
204-2713578-4934727,,ZU-VG38-OF3L,2025-11-26T13:47:05Z,Refund,Refund_GiftwrapChargeback,True,,GBP,,,False
204-2713578-4934727,,ZU-VG38-OF3L,2025-11-26T13:47:05Z,Refund,Refund_RefundCommission,True,-1.84,GBP,,,False
204-2713578-4934727,,ZU-VG38-OF3L,2025-11-26T13:47:05Z,Refund,Refund_ShippingChargeback,True,,GBP,,,False
204-2713578-4934727,,ZU-VG38-OF3L,2025-11-26T13:47:05Z,Refund,Refund_VariableClosingFee,True,,GBP,,,False
204-2713578-4934727,,ZU-VG38-OF3L,2025-11-26T13:47:05Z,Refund,Refund_MarketplaceFacilitatorVAT-Principal,False,9.58,GBP,,,False
205-2969025-2597167,,5M-QO6K-LNH0,2025-11-27T18:50:52Z,Refund,Refund_Tax,False,-1.28,GBP,,,False
205-2969025-2597167,,5M-QO6K-LNH0,2025-11-27T18:50:52Z,Refund,Refund_Principal,False,-6.4,GBP,,,False
205-2969025-2597167,,5M-QO6K-LNH0,2025-11-27T18:50:52Z,Refund,Refund_Commission,True,1.38,GBP,,,False
205-2969025-2597167,,5M-QO6K-LNH0,2025-11-27T18:50:52Z,Refund,Refund_FixedClosingFee,True,,GBP,,,False
205-2969025-2597167,,5M-QO6K-LNH0,2025-11-27T18:50:52Z,Refund,Refund_GiftwrapChargeback,True,,GBP,,,False
205-2969025-2597167,,5M-QO6K-LNH0,2025-11-27T18:50:52Z,Refund,Refund_RefundCommission,True,-0.28,GBP,,,False
205-2969025-2597167,,5M-QO6K-LNH0,2025-11-27T18:50:52Z,Refund,Refund_ShippingChargeback,True,,GBP,,,False
205-2969025-2597167,,5M-QO6K-LNH0,2025-11-27T18:50:52Z,Refund,Refund_VariableClosingFee,True,,GBP,,,False
205-2969025-2597167,,5M-QO6K-LNH0,2025-11-27T18:50:52Z,Refund,Refund_DigitalServicesFee,True,0.02,GBP,,,False
203-6004519-7674725,,NN-TSZ1-X2RD,2025-11-27T23:33:14Z,Refund,Refund_ShippingTax,False,-0.17,GBP,,,False
203-6004519-7674725,,NN-TSZ1-X2RD,2025-11-27T23:33:14Z,Refund,Refund_ShippingCharge,False,-0.76,GBP,,,False
203-6004519-7674725,,NN-TSZ1-X2RD,2025-11-27T23:33:14Z,Refund,Refund_Commission,True,,GBP,,,False
203-6004519-7674725,,NN-TSZ1-X2RD,2025-11-27T23:33:14Z,Refund,Refund_FixedClosingFee,True,,GBP,,,False
203-6004519-7674725,,NN-TSZ1-X2RD,2025-11-27T23:33:14Z,Refund,Refund_GiftwrapChargeback,True,,GBP,,,False
203-6004519-7674725,,NN-TSZ1-X2RD,2025-11-27T23:33:14Z,Refund,Refund_RefundCommission,True,,GBP,,,False
203-6004519-7674725,,NN-TSZ1-X2RD,2025-11-27T23:33:14Z,Refund,Refund_ShippingChargeback,True,0.77,GBP,,,False
203-6004519-7674725,,NN-TSZ1-X2RD,2025-11-27T23:33:14Z,Refund,Refund_VariableClosingFee,True,,GBP,,,False
203-6004519-7674725,,NN-TSZ1-X2RD,2025-11-27T23:33:14Z,Refund,Refund_DigitalServicesFee,True,0.02,GBP,,,False
203-6004519-7674725,,NN-TSZ1-X2RD,2025-11-27T23:33:14Z,Refund,Refund_MarketplaceFacilitatorVAT-Shipping,False,0.17,GBP,,,False
202-2057047-5257146,,XH-0LAE-FQO5,2025-11-28T19:39:21Z,Refund,Refund_Tax,False,-1.19,GBP,,,False
202-2057047-5257146,,XH-0LAE-FQO5,2025-11-28T19:39:21Z,Refund,Refund_ShippingTax,False,-0.17,GBP,,,False
202-2057047-5257146,,XH-0LAE-FQO5,2025-11-28T19:39:21Z,Refund,Refund_ShippingCharge,False,-0.83,GBP,,,False
202-2057047-5257146,,XH-0LAE-FQO5,2025-11-28T19:39:21Z,Refund,Refund_Principal,False,-5.93,GBP,,,False
202-2057047-5257146,,XH-0LAE-FQO5,2025-11-28T19:39:21Z,Refund,Refund_Commission,True,0.69,GBP,,,False
202-2057047-5257146,,XH-0LAE-FQO5,2025-11-28T19:39:21Z,Refund,Refund_FixedClosingFee,True,,GBP,,,False
202-2057047-5257146,,XH-0LAE-FQO5,2025-11-28T19:39:21Z,Refund,Refund_GiftwrapChargeback,True,,GBP,,,False
202-2057047-5257146,,XH-0LAE-FQO5,2025-11-28T19:39:21Z,Refund,Refund_RefundCommission,True,-0.13,GBP,,,False
202-2057047-5257146,,XH-0LAE-FQO5,2025-11-28T19:39:21Z,Refund,Refund_ShippingChargeback,True,,GBP,,,False
202-2057047-5257146,,XH-0LAE-FQO5,2025-11-28T19:39:21Z,Refund,Refund_VariableClosingFee,True,,GBP,,,False
202-2057047-5257146,,XH-0LAE-FQO5,2025-11-28T19:39:21Z,Refund,Refund_DigitalServicesFee,True,0.02,GBP,,,False
026-2240061-2302715,,6V-EEC1-2S9Z,2025-11-28T22:24:04Z,Refund,Refund_Tax,False,-1.13,GBP,,,False
026-2240061-2302715,,6V-EEC1-2S9Z,2025-11-28T22:24:04Z,Refund,Refund_Principal,False,-5.67,GBP,,,False
026-2240061-2302715,,6V-EEC1-2S9Z,2025-11-28T22:24:04Z,Refund,Refund_Commission,True,1.05,GBP,,,False
026-2240061-2302715,,6V-EEC1-2S9Z,2025-11-28T22:24:04Z,Refund,Refund_FixedClosingFee,True,,GBP,,,False
026-2240061-2302715,,6V-EEC1-2S9Z,2025-11-28T22:24:04Z,Refund,Refund_GiftwrapChargeback,True,,GBP,,,False
026-2240061-2302715,,6V-EEC1-2S9Z,2025-11-28T22:24:04Z,Refund,Refund_RefundCommission,True,-0.22,GBP,,,False
026-2240061-2302715,,6V-EEC1-2S9Z,2025-11-28T22:24:04Z,Refund,Refund_ShippingChargeback,True,,GBP,,,False
026-2240061-2302715,,6V-EEC1-2S9Z,2025-11-28T22:24:04Z,Refund,Refund_VariableClosingFee,True,,GBP,,,False
026-2240061-2302715,,6V-EEC1-2S9Z,2025-11-28T22:24:04Z,Refund,Refund_DigitalServicesFee,True,0.02,GBP,,,False
203-7699061-1536360,,U1-M5BM-8F5W,2025-11-29T21:35:39Z,Refund,Refund_Tax,False,-3.76,GBP,,,False
203-7699061-1536360,,U1-M5BM-8F5W,2025-11-29T21:35:39Z,Refund,Refund_ShippingTax,False,-0.19,GBP,,,False
203-7699061-1536360,,U1-M5BM-8F5W,2025-11-29T21:35:39Z,Refund,Refund_ShippingCharge,False,-0.93,GBP,,,False
203-7699061-1536360,,U1-M5BM-8F5W,2025-11-29T21:35:39Z,Refund,Refund_Principal,False,-18.81,GBP,,,False
203-7699061-1536360,,U1-M5BM-8F5W,2025-11-29T21:35:39Z,Refund,Refund_Commission,True,1.9,GBP,,,False
203-7699061-1536360,,U1-M5BM-8F5W,2025-11-29T21:35:39Z,Refund,Refund_FixedClosingFee,True,,GBP,,,False
203-7699061-1536360,,U1-M5BM-8F5W,2025-11-29T21:35:39Z,Refund,Refund_GiftwrapChargeback,True,,GBP,,,False
203-7699061-1536360,,U1-M5BM-8F5W,2025-11-29T21:35:39Z,Refund,Refund_RefundCommission,True,-0.38,GBP,,,False
203-7699061-1536360,,U1-M5BM-8F5W,2025-11-29T21:35:39Z,Refund,Refund_ShippingChargeback,True,,GBP,,,False
203-7699061-1536360,,U1-M5BM-8F5W,2025-11-29T21:35:39Z,Refund,Refund_VariableClosingFee,True,,GBP,,,False
203-7699061-1536360,,U1-M5BM-8F5W,2025-11-29T21:35:39Z,Refund,Refund_DigitalServicesFee,True,0.04,GBP,,,False
205-2833159-2653949,,DO-QDI1-K7R9,2025-11-30T20:07:37Z,Refund,Refund_Tax,False,-7.66,GBP,,,False
205-2833159-2653949,,DO-QDI1-K7R9,2025-11-30T20:07:37Z,Refund,Refund_ShippingTax,False,-0.33,GBP,,,False
205-2833159-2653949,,DO-QDI1-K7R9,2025-11-30T20:07:37Z,Refund,Refund_ShippingCharge,False,-1.66,GBP,,,False
205-2833159-2653949,,DO-QDI1-K7R9,2025-11-30T20:07:37Z,Refund,Refund_Principal,False,-38.29,GBP,,,False
205-2833159-2653949,,DO-QDI1-K7R9,2025-11-30T20:07:37Z,Refund,Refund_Commission,True,8.26,GBP,,,False
205-2833159-2653949,,DO-QDI1-K7R9,2025-11-30T20:07:37Z,Refund,Refund_FixedClosingFee,True,,GBP,,,False
205-2833159-2653949,,DO-QDI1-K7R9,2025-11-30T20:07:37Z,Refund,Refund_GiftwrapChargeback,True,,GBP,,,False
205-2833159-2653949,,DO-QDI1-K7R9,2025-11-30T20:07:37Z,Refund,Refund_RefundCommission,True,-1.66,GBP,,,False
205-2833159-2653949,,DO-QDI1-K7R9,2025-11-30T20:07:37Z,Refund,Refund_ShippingChargeback,True,,GBP,,,False
205-2833159-2653949,,DO-QDI1-K7R9,2025-11-30T20:07:37Z,Refund,Refund_VariableClosingFee,True,,GBP,,,False
205-2833159-2653949,,DO-QDI1-K7R9,2025-11-30T20:07:37Z,Refund,Refund_DigitalServicesFee,True,0.16,GBP,,,False
206-5208074-0630742,,7L-OT45-7LYB,2025-12-01T20:16:59Z,Refund,Refund_Tax,False,-0.72,GBP,,,False
206-5208074-0630742,,7L-OT45-7LYB,2025-12-01T20:16:59Z,Refund,Refund_Principal,False,-3.62,GBP,,,False
206-5208074-0630742,,7L-OT45-7LYB,2025-12-01T20:16:59Z,Refund,Refund_Commission,True,0.67,GBP,,,False
206-5208074-0630742,,7L-OT45-7LYB,2025-12-01T20:16:59Z,Refund,Refund_FixedClosingFee,True,,GBP,,,False
206-5208074-0630742,,7L-OT45-7LYB,2025-12-01T20:16:59Z,Refund,Refund_GiftwrapChargeback,True,,GBP,,,False
206-5208074-0630742,,7L-OT45-7LYB,2025-12-01T20:16:59Z,Refund,Refund_RefundCommission,True,-0.13,GBP,,,False
206-5208074-0630742,,7L-OT45-7LYB,2025-12-01T20:16:59Z,Refund,Refund_ShippingChargeback,True,,GBP,,,False
206-5208074-0630742,,7L-OT45-7LYB,2025-12-01T20:16:59Z,Refund,Refund_VariableClosingFee,True,,GBP,,,False
206-5208074-0630742,,7L-OT45-7LYB,2025-12-01T20:16:59Z,Refund,Refund_DigitalServicesFee,True,0.01,GBP,,,False
203-6473539-1827551,,0N-X5KF-213D,2025-12-02T01:20:52Z,Refund,Refund_Tax,False,,GBP,,,False
203-6473539-1827551,,0N-X5KF-213D,2025-12-02T01:20:52Z,Refund,Refund_ExportCharge,False,,GBP,,,False
203-6473539-1827551,,0N-X5KF-213D,2025-12-02T01:20:52Z,Refund,Refund_Commission,True,,GBP,,,False
203-6473539-1827551,,0N-X5KF-213D,2025-12-02T01:20:52Z,Refund,Refund_FixedClosingFee,True,,GBP,,,False
203-6473539-1827551,,0N-X5KF-213D,2025-12-02T01:20:52Z,Refund,Refund_GiftwrapChargeback,True,,GBP,,,False
203-6473539-1827551,,0N-X5KF-213D,2025-12-02T01:20:52Z,Refund,Refund_RefundCommission,True,,GBP,,,False
203-6473539-1827551,,0N-X5KF-213D,2025-12-02T01:20:52Z,Refund,Refund_ShippingChargeback,True,,GBP,,,False
203-6473539-1827551,,0N-X5KF-213D,2025-12-02T01:20:52Z,Refund,Refund_VariableClosingFee,True,,GBP,,,False
026-1858953-4773144,,WX-L5UA-UB1Q,2025-12-02T18:34:29Z,Refund,Refund_Tax,False,-1.0,GBP,,,False
026-1858953-4773144,,WX-L5UA-UB1Q,2025-12-02T18:34:29Z,Refund,Refund_Principal,False,-4.98,GBP,,,False
026-1858953-4773144,,WX-L5UA-UB1Q,2025-12-02T18:34:29Z,Refund,Refund_Commission,True,0.93,GBP,,,False
026-1858953-4773144,,WX-L5UA-UB1Q,2025-12-02T18:34:29Z,Refund,Refund_FixedClosingFee,True,,GBP,,,False
026-1858953-4773144,,WX-L5UA-UB1Q,2025-12-02T18:34:29Z,Refund,Refund_GiftwrapChargeback,True,,GBP,,,False
026-1858953-4773144,,WX-L5UA-UB1Q,2025-12-02T18:34:29Z,Refund,Refund_RefundCommission,True,-0.19,GBP,,,False
026-1858953-4773144,,WX-L5UA-UB1Q,2025-12-02T18:34:29Z,Refund,Refund_ShippingChargeback,True,,GBP,,,False
026-1858953-4773144,,WX-L5UA-UB1Q,2025-12-02T18:34:29Z,Refund,Refund_VariableClosingFee,True,,GBP,,,False
026-1858953-4773144,,WX-L5UA-UB1Q,2025-12-02T18:34:29Z,Refund,Refund_DigitalServicesFee,True,0.02,GBP,,,False
206-5702592-9921934,,6V-EEC1-2S9Z,2025-12-03T15:13:42Z,Refund,Refund_Tax,False,-1.13,GBP,,,False
206-5702592-9921934,,6V-EEC1-2S9Z,2025-12-03T15:13:42Z,Refund,Refund_Principal,False,-5.67,GBP,,,False
206-5702592-9921934,,6V-EEC1-2S9Z,2025-12-03T15:13:42Z,Refund,Refund_Commission,True,1.06,GBP,,,False
206-5702592-9921934,,6V-EEC1-2S9Z,2025-12-03T15:13:42Z,Refund,Refund_FixedClosingFee,True,,GBP,,,False
206-5702592-9921934,,6V-EEC1-2S9Z,2025-12-03T15:13:42Z,Refund,Refund_GiftwrapChargeback,True,,GBP,,,False
206-5702592-9921934,,6V-EEC1-2S9Z,2025-12-03T15:13:42Z,Refund,Refund_RefundCommission,True,-0.22,GBP,,,False
206-5702592-9921934,,6V-EEC1-2S9Z,2025-12-03T15:13:42Z,Refund,Refund_ShippingChargeback,True,,GBP,,,False
206-5702592-9921934,,6V-EEC1-2S9Z,2025-12-03T15:13:42Z,Refund,Refund_VariableClosingFee,True,,GBP,,,False
206-5702592-9921934,,6V-EEC1-2S9Z,2025-12-03T15:13:42Z,Refund,Refund_DigitalServicesFee,True,0.03,GBP,,,False
202-3648857-7183536,,GJ-2OZK-0GCA,2025-12-03T18:47:28Z,Refund,Refund_Tax,False,-6.67,GBP,,,False
202-3648857-7183536,,GJ-2OZK-0GCA,2025-12-03T18:47:28Z,Refund,Refund_Principal,False,-33.32,GBP,,,False
202-3648857-7183536,,GJ-2OZK-0GCA,2025-12-03T18:47:28Z,Refund,Refund_Commission,True,7.2,GBP,,,False
202-3648857-7183536,,GJ-2OZK-0GCA,2025-12-03T18:47:28Z,Refund,Refund_FixedClosingFee,True,,GBP,,,False
202-3648857-7183536,,GJ-2OZK-0GCA,2025-12-03T18:47:28Z,Refund,Refund_GiftwrapChargeback,True,,GBP,,,False
202-3648857-7183536,,GJ-2OZK-0GCA,2025-12-03T18:47:28Z,Refund,Refund_RefundCommission,True,-1.44,GBP,,,False
202-3648857-7183536,,GJ-2OZK-0GCA,2025-12-03T18:47:28Z,Refund,Refund_ShippingChargeback,True,,GBP,,,False
202-3648857-7183536,,GJ-2OZK-0GCA,2025-12-03T18:47:28Z,Refund,Refund_VariableClosingFee,True,,GBP,,,False
202-3648857-7183536,,GJ-2OZK-0GCA,2025-12-03T18:47:28Z,Refund,Refund_DigitalServicesFee,True,0.14,GBP,,,False
026-9059396-5903524,,WX-L5UA-UB1Q,2025-12-03T20:39:43Z,Refund,Refund_Tax,False,-1.0,GBP,,,False
026-9059396-5903524,,WX-L5UA-UB1Q,2025-12-03T20:39:43Z,Refund,Refund_Principal,False,-4.98,GBP,,,False
026-9059396-5903524,,WX-L5UA-UB1Q,2025-12-03T20:39:43Z,Refund,Refund_Commission,True,0.93,GBP,,,False
026-9059396-5903524,,WX-L5UA-UB1Q,2025-12-03T20:39:43Z,Refund,Refund_FixedClosingFee,True,,GBP,,,False
026-9059396-5903524,,WX-L5UA-UB1Q,2025-12-03T20:39:43Z,Refund,Refund_GiftwrapChargeback,True,,GBP,,,False
026-9059396-5903524,,WX-L5UA-UB1Q,2025-12-03T20:39:43Z,Refund,Refund_RefundCommission,True,-0.19,GBP,,,False
026-9059396-5903524,,WX-L5UA-UB1Q,2025-12-03T20:39:43Z,Refund,Refund_ShippingChargeback,True,,GBP,,,False
026-9059396-5903524,,WX-L5UA-UB1Q,2025-12-03T20:39:43Z,Refund,Refund_VariableClosingFee,True,,GBP,,,False
026-9059396-5903524,,WX-L5UA-UB1Q,2025-12-03T20:39:43Z,Refund,Refund_DigitalServicesFee,True,0.02,GBP,,,False
205-3655716-0105118,,A2-T2AC-TW3L,2025-12-03T20:58:21Z,Refund,Refund_Tax,False,-2.04,GBP,,,False
205-3655716-0105118,,A2-T2AC-TW3L,2025-12-03T20:58:21Z,Refund,Refund_Principal,False,-10.2,GBP,,,False
205-3655716-0105118,,A2-T2AC-TW3L,2025-12-03T20:58:21Z,Refund,Refund_Commission,True,1.91,GBP,,,False
205-3655716-0105118,,A2-T2AC-TW3L,2025-12-03T20:58:21Z,Refund,Refund_FixedClosingFee,True,,GBP,,,False
205-3655716-0105118,,A2-T2AC-TW3L,2025-12-03T20:58:21Z,Refund,Refund_GiftwrapChargeback,True,,GBP,,,False
205-3655716-0105118,,A2-T2AC-TW3L,2025-12-03T20:58:21Z,Refund,Refund_RefundCommission,True,-0.38,GBP,,,False
205-3655716-0105118,,A2-T2AC-TW3L,2025-12-03T20:58:21Z,Refund,Refund_ShippingChargeback,True,,GBP,,,False
205-3655716-0105118,,A2-T2AC-TW3L,2025-12-03T20:58:21Z,Refund,Refund_VariableClosingFee,True,,GBP,,,False
205-3655716-0105118,,A2-T2AC-TW3L,2025-12-03T20:58:21Z,Refund,Refund_DigitalServicesFee,True,0.04,GBP,,,False
202-1518160-7285947,,DC-K5WH-R7F5,2025-12-03T22:16:27Z,Refund,Refund_Tax,False,-0.5,GBP,,,False
202-1518160-7285947,,DC-K5WH-R7F5,2025-12-03T22:16:27Z,Refund,Refund_ShippingTax,False,-0.17,GBP,,,False
202-1518160-7285947,,DC-K5WH-R7F5,2025-12-03T22:16:27Z,Refund,Refund_ShippingCharge,False,-0.82,GBP,,,False
202-1518160-7285947,,DC-K5WH-R7F5,2025-12-03T22:16:27Z,Refund,Refund_Principal,False,-2.51,GBP,,,False
202-1518160-7285947,,DC-K5WH-R7F5,2025-12-03T22:16:27Z,Refund,Refund_Commission,True,0.3,GBP,,,False
202-1518160-7285947,,DC-K5WH-R7F5,2025-12-03T22:16:27Z,Refund,Refund_FixedClosingFee,True,,GBP,,,False
202-1518160-7285947,,DC-K5WH-R7F5,2025-12-03T22:16:27Z,Refund,Refund_GiftwrapChargeback,True,,GBP,,,False
202-1518160-7285947,,DC-K5WH-R7F5,2025-12-03T22:16:27Z,Refund,Refund_RefundCommission,True,-0.06,GBP,,,False
202-1518160-7285947,,DC-K5WH-R7F5,2025-12-03T22:16:27Z,Refund,Refund_ShippingChargeback,True,,GBP,,,False
202-1518160-7285947,,DC-K5WH-R7F5,2025-12-03T22:16:27Z,Refund,Refund_VariableClosingFee,True,,GBP,,,False
202-1518160-7285947,,DC-K5WH-R7F5,2025-12-03T22:16:27Z,Refund,Refund_DigitalServicesFee,True,0.02,GBP,,,False
204-3234232-3820338,,7L-OT45-7LYB,2025-12-04T12:48:01Z,Refund,Refund_Tax,False,-0.72,GBP,,,False
204-3234232-3820338,,7L-OT45-7LYB,2025-12-04T12:48:01Z,Refund,Refund_Principal,False,-3.62,GBP,,,False
204-3234232-3820338,,7L-OT45-7LYB,2025-12-04T12:48:01Z,Refund,Refund_Commission,True,0.67,GBP,,,False
204-3234232-3820338,,7L-OT45-7LYB,2025-12-04T12:48:01Z,Refund,Refund_FixedClosingFee,True,,GBP,,,False
204-3234232-3820338,,7L-OT45-7LYB,2025-12-04T12:48:01Z,Refund,Refund_GiftwrapChargeback,True,,GBP,,,False
204-3234232-3820338,,7L-OT45-7LYB,2025-12-04T12:48:01Z,Refund,Refund_RefundCommission,True,-0.13,GBP,,,False
204-3234232-3820338,,7L-OT45-7LYB,2025-12-04T12:48:01Z,Refund,Refund_ShippingChargeback,True,,GBP,,,False
204-3234232-3820338,,7L-OT45-7LYB,2025-12-04T12:48:01Z,Refund,Refund_VariableClosingFee,True,,GBP,,,False
204-3234232-3820338,,7L-OT45-7LYB,2025-12-04T12:48:01Z,Refund,Refund_DigitalServicesFee,True,0.01,GBP,,,False
203-1204215-2958759,,GA-9DTN-9O1E,2025-12-05T21:26:53Z,Refund,Refund_Tax,False,-5.69,GBP,,,False
203-1204215-2958759,,GA-9DTN-9O1E,2025-12-05T21:26:53Z,Refund,Refund_Principal,False,-28.47,GBP,,,False
203-1204215-2958759,,GA-9DTN-9O1E,2025-12-05T21:26:53Z,Refund,Refund_Commission,True,6.15,GBP,,,False
203-1204215-2958759,,GA-9DTN-9O1E,2025-12-05T21:26:53Z,Refund,Refund_FixedClosingFee,True,,GBP,,,False
203-1204215-2958759,,GA-9DTN-9O1E,2025-12-05T21:26:53Z,Refund,Refund_GiftwrapChargeback,True,,GBP,,,False
203-1204215-2958759,,GA-9DTN-9O1E,2025-12-05T21:26:53Z,Refund,Refund_RefundCommission,True,-1.22,GBP,,,False
203-1204215-2958759,,GA-9DTN-9O1E,2025-12-05T21:26:53Z,Refund,Refund_ShippingChargeback,True,,GBP,,,False
203-1204215-2958759,,GA-9DTN-9O1E,2025-12-05T21:26:53Z,Refund,Refund_VariableClosingFee,True,,GBP,,,False
203-1204215-2958759,,GA-9DTN-9O1E,2025-12-05T21:26:53Z,Refund,Refund_DigitalServicesFee,True,0.12,GBP,,,False
206-2911930-8649943,,NN-TSZ1-X2RD,2025-12-06T17:07:19Z,Refund,Refund_Tax,False,-1.58,GBP,,,False
206-2911930-8649943,,NN-TSZ1-X2RD,2025-12-06T17:07:19Z,Refund,Refund_Principal,False,-7.91,GBP,,,False
206-2911930-8649943,,NN-TSZ1-X2RD,2025-12-06T17:07:19Z,Refund,Refund_Commission,True,1.82,GBP,,,False
206-2911930-8649943,,NN-TSZ1-X2RD,2025-12-06T17:07:19Z,Refund,Refund_FixedClosingFee,True,,GBP,,,False
206-2911930-8649943,,NN-TSZ1-X2RD,2025-12-06T17:07:19Z,Refund,Refund_GiftwrapChargeback,True,,GBP,,,False
206-2911930-8649943,,NN-TSZ1-X2RD,2025-12-06T17:07:19Z,Refund,Refund_RefundCommission,True,-0.36,GBP,,,False
206-2911930-8649943,,NN-TSZ1-X2RD,2025-12-06T17:07:19Z,Refund,Refund_ShippingChargeback,True,,GBP,,,False
206-2911930-8649943,,NN-TSZ1-X2RD,2025-12-06T17:07:19Z,Refund,Refund_VariableClosingFee,True,,GBP,,,False
206-2911930-8649943,,NN-TSZ1-X2RD,2025-12-06T17:07:19Z,Refund,Refund_DigitalServicesFee,True,0.03,GBP,,,False
206-9314938-9717941,,WX-L5UA-UB1Q,2025-12-06T20:03:55Z,Refund,Refund_Tax,False,-0.99,GBP,,,False
206-9314938-9717941,,WX-L5UA-UB1Q,2025-12-06T20:03:55Z,Refund,Refund_Principal,False,-4.96,GBP,,,False
206-9314938-9717941,,WX-L5UA-UB1Q,2025-12-06T20:03:55Z,Refund,Refund_Commission,True,0.92,GBP,,,False
206-9314938-9717941,,WX-L5UA-UB1Q,2025-12-06T20:03:55Z,Refund,Refund_FixedClosingFee,True,,GBP,,,False
206-9314938-9717941,,WX-L5UA-UB1Q,2025-12-06T20:03:55Z,Refund,Refund_GiftwrapChargeback,True,,GBP,,,False
206-9314938-9717941,,WX-L5UA-UB1Q,2025-12-06T20:03:55Z,Refund,Refund_RefundCommission,True,-0.18,GBP,,,False
206-9314938-9717941,,WX-L5UA-UB1Q,2025-12-06T20:03:55Z,Refund,Refund_ShippingChargeback,True,,GBP,,,False
206-9314938-9717941,,WX-L5UA-UB1Q,2025-12-06T20:03:55Z,Refund,Refund_VariableClosingFee,True,,GBP,,,False
206-9314938-9717941,,WX-L5UA-UB1Q,2025-12-06T20:03:55Z,Refund,Refund_DigitalServicesFee,True,0.02,GBP,,,False
205-1662582-2212319,,WX-L5UA-UB1Q,2025-12-06T20:23:05Z,Refund,Refund_Tax,False,-1.98,GBP,,,False
205-1662582-2212319,,WX-L5UA-UB1Q,2025-12-06T20:23:05Z,Refund,Refund_Principal,False,-9.92,GBP,,,False
205-1662582-2212319,,WX-L5UA-UB1Q,2025-12-06T20:23:05Z,Refund,Refund_Commission,True,2.77,GBP,,,False
205-1662582-2212319,,WX-L5UA-UB1Q,2025-12-06T20:23:05Z,Refund,Refund_FixedClosingFee,True,,GBP,,,False
205-1662582-2212319,,WX-L5UA-UB1Q,2025-12-06T20:23:05Z,Refund,Refund_GiftwrapChargeback,True,,GBP,,,False
205-1662582-2212319,,WX-L5UA-UB1Q,2025-12-06T20:23:05Z,Refund,Refund_RefundCommission,True,-0.55,GBP,,,False
205-1662582-2212319,,WX-L5UA-UB1Q,2025-12-06T20:23:05Z,Refund,Refund_ShippingChargeback,True,,GBP,,,False
205-1662582-2212319,,WX-L5UA-UB1Q,2025-12-06T20:23:05Z,Refund,Refund_VariableClosingFee,True,,GBP,,,False
205-1662582-2212319,,WX-L5UA-UB1Q,2025-12-06T20:23:05Z,Refund,Refund_DigitalServicesFee,True,0.06,GBP,,,False
205-1662582-2212319,,WX-L5UA-UB1Q,2025-12-06T20:23:05Z,Refund,Refund_Tax,False,-0.99,GBP,,,False
205-1662582-2212319,,WX-L5UA-UB1Q,2025-12-06T20:23:05Z,Refund,Refund_Principal,False,-4.96,GBP,,,False
206-1771358-5649928,,IB-U5FA-BO2Y,2025-12-07T15:38:12Z,Refund,Refund_Tax,False,-6.25,GBP,,,False
206-1771358-5649928,,IB-U5FA-BO2Y,2025-12-07T15:38:12Z,Refund,Refund_Principal,False,-31.24,GBP,,,False
206-1771358-5649928,,IB-U5FA-BO2Y,2025-12-07T15:38:12Z,Refund,Refund_Commission,True,6.74,GBP,,,False
206-1771358-5649928,,IB-U5FA-BO2Y,2025-12-07T15:38:12Z,Refund,Refund_FixedClosingFee,True,,GBP,,,False
206-1771358-5649928,,IB-U5FA-BO2Y,2025-12-07T15:38:12Z,Refund,Refund_GiftwrapChargeback,True,,GBP,,,False
206-1771358-5649928,,IB-U5FA-BO2Y,2025-12-07T15:38:12Z,Refund,Refund_RefundCommission,True,-1.34,GBP,,,False
206-1771358-5649928,,IB-U5FA-BO2Y,2025-12-07T15:38:12Z,Refund,Refund_ShippingChargeback,True,,GBP,,,False
206-1771358-5649928,,IB-U5FA-BO2Y,2025-12-07T15:38:12Z,Refund,Refund_VariableClosingFee,True,,GBP,,,False
206-1771358-5649928,,IB-U5FA-BO2Y,2025-12-07T15:38:12Z,Refund,Refund_DigitalServicesFee,True,0.13,GBP,,,False
205-3712808-3612313,,GH-PONH-K4WQ,2025-12-07T20:10:38Z,Refund,Refund_Tax,False,-1.67,GBP,,,False
205-3712808-3612313,,GH-PONH-K4WQ,2025-12-07T20:10:38Z,Refund,Refund_Principal,False,-8.33,GBP,,,False
205-3712808-3612313,,GH-PONH-K4WQ,2025-12-07T20:10:38Z,Refund,Refund_Commission,True,1.8,GBP,,,False
205-3712808-3612313,,GH-PONH-K4WQ,2025-12-07T20:10:38Z,Refund,Refund_FixedClosingFee,True,,GBP,,,False
205-3712808-3612313,,GH-PONH-K4WQ,2025-12-07T20:10:38Z,Refund,Refund_GiftwrapChargeback,True,,GBP,,,False
205-3712808-3612313,,GH-PONH-K4WQ,2025-12-07T20:10:38Z,Refund,Refund_RefundCommission,True,-0.36,GBP,,,False
205-3712808-3612313,,GH-PONH-K4WQ,2025-12-07T20:10:38Z,Refund,Refund_ShippingChargeback,True,,GBP,,,False
205-3712808-3612313,,GH-PONH-K4WQ,2025-12-07T20:10:38Z,Refund,Refund_VariableClosingFee,True,,GBP,,,False
205-3712808-3612313,,GH-PONH-K4WQ,2025-12-07T20:10:38Z,Refund,Refund_DigitalServicesFee,True,0.04,GBP,,,False
202-9469501-7080302,,6V-EEC1-2S9Z,2025-12-07T20:17:22Z,Refund,Refund_Tax,False,-1.13,GBP,,,False
202-9469501-7080302,,6V-EEC1-2S9Z,2025-12-07T20:17:22Z,Refund,Refund_Principal,False,-5.67,GBP,,,False
202-9469501-7080302,,6V-EEC1-2S9Z,2025-12-07T20:17:22Z,Refund,Refund_Commission,True,1.06,GBP,,,False
202-9469501-7080302,,6V-EEC1-2S9Z,2025-12-07T20:17:22Z,Refund,Refund_FixedClosingFee,True,,GBP,,,False
202-9469501-7080302,,6V-EEC1-2S9Z,2025-12-07T20:17:22Z,Refund,Refund_GiftwrapChargeback,True,,GBP,,,False
202-9469501-7080302,,6V-EEC1-2S9Z,2025-12-07T20:17:22Z,Refund,Refund_RefundCommission,True,-0.22,GBP,,,False
202-9469501-7080302,,6V-EEC1-2S9Z,2025-12-07T20:17:22Z,Refund,Refund_ShippingChargeback,True,,GBP,,,False
202-9469501-7080302,,6V-EEC1-2S9Z,2025-12-07T20:17:22Z,Refund,Refund_VariableClosingFee,True,,GBP,,,False
202-9469501-7080302,,6V-EEC1-2S9Z,2025-12-07T20:17:22Z,Refund,Refund_DigitalServicesFee,True,0.02,GBP,,,False
206-4716504-3126703,,I2-6YKQ-CIBP,2025-12-07T23:42:10Z,Refund,Refund_Tax,False,-1.53,GBP,,,False
206-4716504-3126703,,I2-6YKQ-CIBP,2025-12-07T23:42:10Z,Refund,Refund_Principal,False,-7.67,GBP,,,False
206-4716504-3126703,,I2-6YKQ-CIBP,2025-12-07T23:42:10Z,Refund,Refund_Commission,True,1.65,GBP,,,False
206-4716504-3126703,,I2-6YKQ-CIBP,2025-12-07T23:42:10Z,Refund,Refund_FixedClosingFee,True,,GBP,,,False
206-4716504-3126703,,I2-6YKQ-CIBP,2025-12-07T23:42:10Z,Refund,Refund_GiftwrapChargeback,True,,GBP,,,False
206-4716504-3126703,,I2-6YKQ-CIBP,2025-12-07T23:42:10Z,Refund,Refund_RefundCommission,True,-0.34,GBP,,,False
206-4716504-3126703,,I2-6YKQ-CIBP,2025-12-07T23:42:10Z,Refund,Refund_ShippingChargeback,True,,GBP,,,False
206-4716504-3126703,,I2-6YKQ-CIBP,2025-12-07T23:42:10Z,Refund,Refund_VariableClosingFee,True,,GBP,,,False
206-4716504-3126703,,I2-6YKQ-CIBP,2025-12-07T23:42:10Z,Refund,Refund_DigitalServicesFee,True,0.03,GBP,,,False
402-7242287-4963533,,TU-8I14-25ZR,2025-12-08T16:07:52Z,Refund,Refund_Tax,False,-5.57,EUR,,,False
402-7242287-4963533,,TU-8I14-25ZR,2025-12-08T16:07:52Z,Refund,Refund_Principal,False,-24.21,EUR,,,False
402-7242287-4963533,,TU-8I14-25ZR,2025-12-08T16:07:52Z,Refund,Refund_Commission,True,5.36,EUR,,,False
402-7242287-4963533,,TU-8I14-25ZR,2025-12-08T16:07:52Z,Refund,Refund_FixedClosingFee,True,,EUR,,,False
402-7242287-4963533,,TU-8I14-25ZR,2025-12-08T16:07:52Z,Refund,Refund_GiftwrapChargeback,True,,EUR,,,False
402-7242287-4963533,,TU-8I14-25ZR,2025-12-08T16:07:52Z,Refund,Refund_RefundCommission,True,-1.07,EUR,,,False
402-7242287-4963533,,TU-8I14-25ZR,2025-12-08T16:07:52Z,Refund,Refund_ShippingChargeback,True,,EUR,,,False
402-7242287-4963533,,TU-8I14-25ZR,2025-12-08T16:07:52Z,Refund,Refund_VariableClosingFee,True,,EUR,,,False
402-7242287-4963533,,TU-8I14-25ZR,2025-12-08T16:07:52Z,Refund,Refund_MarketplaceFacilitatorVAT-Principal,False,5.57,EUR,,,False
205-6068930-3176320,,MY-XMO2-EXY1,2025-12-09T20:30:54Z,Refund,Refund_Tax,False,,GBP,,,False
205-6068930-3176320,,MY-XMO2-EXY1,2025-12-09T20:30:54Z,Refund,Refund_ExportCharge,False,,GBP,,,False
205-6068930-3176320,,MY-XMO2-EXY1,2025-12-09T20:30:54Z,Refund,Refund_Commission,True,,GBP,,,False
205-6068930-3176320,,MY-XMO2-EXY1,2025-12-09T20:30:54Z,Refund,Refund_FixedClosingFee,True,,GBP,,,False
205-6068930-3176320,,MY-XMO2-EXY1,2025-12-09T20:30:54Z,Refund,Refund_GiftwrapChargeback,True,,GBP,,,False
205-6068930-3176320,,MY-XMO2-EXY1,2025-12-09T20:30:54Z,Refund,Refund_RefundCommission,True,,GBP,,,False
205-6068930-3176320,,MY-XMO2-EXY1,2025-12-09T20:30:54Z,Refund,Refund_ShippingChargeback,True,,GBP,,,False
205-6068930-3176320,,MY-XMO2-EXY1,2025-12-09T20:30:54Z,Refund,Refund_VariableClosingFee,True,,GBP,,,False
026-4088668-0607520,,6V-EEC1-2S9Z,2025-12-10T20:33:56Z,Refund,Refund_Tax,False,-1.13,GBP,,,False
026-4088668-0607520,,6V-EEC1-2S9Z,2025-12-10T20:33:56Z,Refund,Refund_Principal,False,-5.67,GBP,,,False
026-4088668-0607520,,6V-EEC1-2S9Z,2025-12-10T20:33:56Z,Refund,Refund_Commission,True,1.06,GBP,,,False
026-4088668-0607520,,6V-EEC1-2S9Z,2025-12-10T20:33:56Z,Refund,Refund_FixedClosingFee,True,,GBP,,,False
026-4088668-0607520,,6V-EEC1-2S9Z,2025-12-10T20:33:56Z,Refund,Refund_GiftwrapChargeback,True,,GBP,,,False
026-4088668-0607520,,6V-EEC1-2S9Z,2025-12-10T20:33:56Z,Refund,Refund_RefundCommission,True,-0.22,GBP,,,False
026-4088668-0607520,,6V-EEC1-2S9Z,2025-12-10T20:33:56Z,Refund,Refund_ShippingChargeback,True,,GBP,,,False
026-4088668-0607520,,6V-EEC1-2S9Z,2025-12-10T20:33:56Z,Refund,Refund_VariableClosingFee,True,,GBP,,,False
026-4088668-0607520,,6V-EEC1-2S9Z,2025-12-10T20:33:56Z,Refund,Refund_DigitalServicesFee,True,0.02,GBP,,,False
206-4530939-7067545,,WX-L5UA-UB1Q,2025-12-11T03:32:43Z,Refund,Refund_Tax,False,-1.0,GBP,,,False
206-4530939-7067545,,WX-L5UA-UB1Q,2025-12-11T03:32:43Z,Refund,Refund_Principal,False,-4.98,GBP,,,False
206-4530939-7067545,,WX-L5UA-UB1Q,2025-12-11T03:32:43Z,Refund,Refund_Commission,True,0.94,GBP,,,False
206-4530939-7067545,,WX-L5UA-UB1Q,2025-12-11T03:32:43Z,Refund,Refund_FixedClosingFee,True,,GBP,,,False
206-4530939-7067545,,WX-L5UA-UB1Q,2025-12-11T03:32:43Z,Refund,Refund_GiftwrapChargeback,True,,GBP,,,False
206-4530939-7067545,,WX-L5UA-UB1Q,2025-12-11T03:32:43Z,Refund,Refund_RefundCommission,True,-0.19,GBP,,,False
206-4530939-7067545,,WX-L5UA-UB1Q,2025-12-11T03:32:43Z,Refund,Refund_ShippingChargeback,True,,GBP,,,False
206-4530939-7067545,,WX-L5UA-UB1Q,2025-12-11T03:32:43Z,Refund,Refund_VariableClosingFee,True,,GBP,,,False
206-4530939-7067545,,WX-L5UA-UB1Q,2025-12-11T03:32:43Z,Refund,Refund_DigitalServicesFee,True,0.03,GBP,,,False
204-7322200-4408317,,3X-EXDD-TD2K,2025-12-11T05:38:58Z,Refund,Refund_Tax,False,-8.08,GBP,,,False
204-7322200-4408317,,3X-EXDD-TD2K,2025-12-11T05:38:58Z,Refund,Refund_Principal,False,-40.39,GBP,,,False
204-7322200-4408317,,3X-EXDD-TD2K,2025-12-11T05:38:58Z,Refund,Refund_Commission,True,8.73,GBP,,,False
204-7322200-4408317,,3X-EXDD-TD2K,2025-12-11T05:38:58Z,Refund,Refund_FixedClosingFee,True,,GBP,,,False
204-7322200-4408317,,3X-EXDD-TD2K,2025-12-11T05:38:58Z,Refund,Refund_GiftwrapChargeback,True,,GBP,,,False
204-7322200-4408317,,3X-EXDD-TD2K,2025-12-11T05:38:58Z,Refund,Refund_RefundCommission,True,-1.74,GBP,,,False
204-7322200-4408317,,3X-EXDD-TD2K,2025-12-11T05:38:58Z,Refund,Refund_ShippingChargeback,True,,GBP,,,False
204-7322200-4408317,,3X-EXDD-TD2K,2025-12-11T05:38:58Z,Refund,Refund_VariableClosingFee,True,,GBP,,,False
205-1149871-8245100,,PY-XV78-3OG5,2025-12-11T17:12:04Z,Refund,Refund_Tax,False,-6.54,GBP,,,False
205-1149871-8245100,,PY-XV78-3OG5,2025-12-11T17:12:04Z,Refund,Refund_ReturnShipping,False,,GBP,,,False
205-1149871-8245100,,PY-XV78-3OG5,2025-12-11T17:12:04Z,Refund,Refund_Principal,False,-28.45,GBP,,,False
205-1149871-8245100,,PY-XV78-3OG5,2025-12-11T17:12:04Z,Refund,Refund_Commission,True,7.56,GBP,,,False
205-1149871-8245100,,PY-XV78-3OG5,2025-12-11T17:12:04Z,Refund,Refund_FixedClosingFee,True,,GBP,,,False
205-1149871-8245100,,PY-XV78-3OG5,2025-12-11T17:12:04Z,Refund,Refund_GiftwrapChargeback,True,,GBP,,,False
205-1149871-8245100,,PY-XV78-3OG5,2025-12-11T17:12:04Z,Refund,Refund_RefundCommission,True,-1.51,GBP,,,False
205-1149871-8245100,,PY-XV78-3OG5,2025-12-11T17:12:04Z,Refund,Refund_ShippingChargeback,True,,GBP,,,False
205-1149871-8245100,,PY-XV78-3OG5,2025-12-11T17:12:04Z,Refund,Refund_VariableClosingFee,True,,GBP,,,False
205-1149871-8245100,,PY-XV78-3OG5,2025-12-11T17:12:04Z,Refund,Refund_DigitalServicesFee,True,0.14,GBP,,,False
205-1149871-8245100,,PY-XV78-3OG5,2025-12-11T17:12:04Z,Refund,Refund_MarketplaceFacilitatorVAT-Principal,False,6.54,GBP,,,False
203-5048982-4125162,,3X-EXDD-TD2K,2025-12-12T11:39:11Z,Refund,Refund_Tax,False,-8.33,GBP,,,False
203-5048982-4125162,,3X-EXDD-TD2K,2025-12-12T11:39:11Z,Refund,Refund_Principal,False,-41.66,GBP,,,False
203-5048982-4125162,,3X-EXDD-TD2K,2025-12-12T11:39:11Z,Refund,Refund_Commission,True,9.0,GBP,,,False
203-5048982-4125162,,3X-EXDD-TD2K,2025-12-12T11:39:11Z,Refund,Refund_FixedClosingFee,True,,GBP,,,False
203-5048982-4125162,,3X-EXDD-TD2K,2025-12-12T11:39:11Z,Refund,Refund_GiftwrapChargeback,True,,GBP,,,False
203-5048982-4125162,,3X-EXDD-TD2K,2025-12-12T11:39:11Z,Refund,Refund_RefundCommission,True,-1.8,GBP,,,False
203-5048982-4125162,,3X-EXDD-TD2K,2025-12-12T11:39:11Z,Refund,Refund_ShippingChargeback,True,,GBP,,,False
203-5048982-4125162,,3X-EXDD-TD2K,2025-12-12T11:39:11Z,Refund,Refund_VariableClosingFee,True,,GBP,,,False
203-5048982-4125162,,3X-EXDD-TD2K,2025-12-12T11:39:11Z,Refund,Refund_DigitalServicesFee,True,0.18,GBP,,,False
203-7995244-0212302,,IB-U5FA-BO2Y,2025-12-12T17:56:55Z,Refund,Refund_Tax,False,-7.5,GBP,,,False
203-7995244-0212302,,IB-U5FA-BO2Y,2025-12-12T17:56:55Z,Refund,Refund_Principal,False,-37.49,GBP,,,False
203-7995244-0212302,,IB-U5FA-BO2Y,2025-12-12T17:56:55Z,Refund,Refund_Commission,True,8.1,GBP,,,False
203-7995244-0212302,,IB-U5FA-BO2Y,2025-12-12T17:56:55Z,Refund,Refund_FixedClosingFee,True,,GBP,,,False
203-7995244-0212302,,IB-U5FA-BO2Y,2025-12-12T17:56:55Z,Refund,Refund_GiftwrapChargeback,True,,GBP,,,False
203-7995244-0212302,,IB-U5FA-BO2Y,2025-12-12T17:56:55Z,Refund,Refund_RefundCommission,True,-1.62,GBP,,,False
203-7995244-0212302,,IB-U5FA-BO2Y,2025-12-12T17:56:55Z,Refund,Refund_ShippingChargeback,True,,GBP,,,False
203-7995244-0212302,,IB-U5FA-BO2Y,2025-12-12T17:56:55Z,Refund,Refund_VariableClosingFee,True,,GBP,,,False
203-7995244-0212302,,IB-U5FA-BO2Y,2025-12-12T17:56:55Z,Refund,Refund_DigitalServicesFee,True,0.17,GBP,,,False
205-2213881-5580338,,Z3-ORV9-K8XD,2025-12-12T22:54:41Z,Refund,Refund_Tax,False,-2.35,GBP,,,False
205-2213881-5580338,,Z3-ORV9-K8XD,2025-12-12T22:54:41Z,Refund,Refund_Principal,False,-11.76,GBP,,,False
205-2213881-5580338,,Z3-ORV9-K8XD,2025-12-12T22:54:41Z,Refund,Refund_Commission,True,2.54,GBP,,,False
205-2213881-5580338,,Z3-ORV9-K8XD,2025-12-12T22:54:41Z,Refund,Refund_FixedClosingFee,True,,GBP,,,False
205-2213881-5580338,,Z3-ORV9-K8XD,2025-12-12T22:54:41Z,Refund,Refund_GiftwrapChargeback,True,,GBP,,,False
205-2213881-5580338,,Z3-ORV9-K8XD,2025-12-12T22:54:41Z,Refund,Refund_RefundCommission,True,-0.5,GBP,,,False
205-2213881-5580338,,Z3-ORV9-K8XD,2025-12-12T22:54:41Z,Refund,Refund_ShippingChargeback,True,,GBP,,,False
205-2213881-5580338,,Z3-ORV9-K8XD,2025-12-12T22:54:41Z,Refund,Refund_VariableClosingFee,True,,GBP,,,False
205-2213881-5580338,,Z3-ORV9-K8XD,2025-12-12T22:54:41Z,Refund,Refund_DigitalServicesFee,True,0.04,GBP,,,False
206-7408453-1269944,,WX-L5UA-UB1Q,2025-12-13T15:30:45Z,Refund,Refund_Tax,False,-1.0,GBP,,,False
206-7408453-1269944,,WX-L5UA-UB1Q,2025-12-13T15:30:45Z,Refund,Refund_Principal,False,-4.98,GBP,,,False
206-7408453-1269944,,WX-L5UA-UB1Q,2025-12-13T15:30:45Z,Refund,Refund_Commission,True,0.93,GBP,,,False
206-7408453-1269944,,WX-L5UA-UB1Q,2025-12-13T15:30:45Z,Refund,Refund_FixedClosingFee,True,,GBP,,,False
206-7408453-1269944,,WX-L5UA-UB1Q,2025-12-13T15:30:45Z,Refund,Refund_GiftwrapChargeback,True,,GBP,,,False
206-7408453-1269944,,WX-L5UA-UB1Q,2025-12-13T15:30:45Z,Refund,Refund_RefundCommission,True,-0.19,GBP,,,False
206-7408453-1269944,,WX-L5UA-UB1Q,2025-12-13T15:30:45Z,Refund,Refund_ShippingChargeback,True,,GBP,,,False
206-7408453-1269944,,WX-L5UA-UB1Q,2025-12-13T15:30:45Z,Refund,Refund_VariableClosingFee,True,,GBP,,,False
206-7408453-1269944,,WX-L5UA-UB1Q,2025-12-13T15:30:45Z,Refund,Refund_DigitalServicesFee,True,0.02,GBP,,,False
204-0628946-3154734,,VF-3T0K-DR5O,2025-12-13T22:28:14Z,Refund,Refund_Tax,False,-2.52,GBP,,,False
204-0628946-3154734,,VF-3T0K-DR5O,2025-12-13T22:28:14Z,Refund,Refund_Principal,False,-12.57,GBP,,,False
204-0628946-3154734,,VF-3T0K-DR5O,2025-12-13T22:28:14Z,Refund,Refund_Commission,True,1.44,GBP,,,False
204-0628946-3154734,,VF-3T0K-DR5O,2025-12-13T22:28:14Z,Refund,Refund_FixedClosingFee,True,,GBP,,,False
204-0628946-3154734,,VF-3T0K-DR5O,2025-12-13T22:28:14Z,Refund,Refund_GiftwrapChargeback,True,,GBP,,,False
204-0628946-3154734,,VF-3T0K-DR5O,2025-12-13T22:28:14Z,Refund,Refund_RefundCommission,True,-0.29,GBP,,,False
204-0628946-3154734,,VF-3T0K-DR5O,2025-12-13T22:28:14Z,Refund,Refund_ShippingChargeback,True,,GBP,,,False
204-0628946-3154734,,VF-3T0K-DR5O,2025-12-13T22:28:14Z,Refund,Refund_VariableClosingFee,True,,GBP,,,False
204-0628946-3154734,,VF-3T0K-DR5O,2025-12-13T22:28:14Z,Refund,Refund_DigitalServicesFee,True,0.03,GBP,,,False
203-1158954-1668303,,XH-0LAE-FQO5,2025-12-14T20:26:43Z,Refund,Refund_Tax,False,-1.17,GBP,,,False
203-1158954-1668303,,XH-0LAE-FQO5,2025-12-14T20:26:43Z,Refund,Refund_Principal,False,-5.84,GBP,,,False
203-1158954-1668303,,XH-0LAE-FQO5,2025-12-14T20:26:43Z,Refund,Refund_Commission,True,0.67,GBP,,,False
203-1158954-1668303,,XH-0LAE-FQO5,2025-12-14T20:26:43Z,Refund,Refund_FixedClosingFee,True,,GBP,,,False
203-1158954-1668303,,XH-0LAE-FQO5,2025-12-14T20:26:43Z,Refund,Refund_GiftwrapChargeback,True,,GBP,,,False
203-1158954-1668303,,XH-0LAE-FQO5,2025-12-14T20:26:43Z,Refund,Refund_RefundCommission,True,-0.13,GBP,,,False
203-1158954-1668303,,XH-0LAE-FQO5,2025-12-14T20:26:43Z,Refund,Refund_ShippingChargeback,True,,GBP,,,False
203-1158954-1668303,,XH-0LAE-FQO5,2025-12-14T20:26:43Z,Refund,Refund_VariableClosingFee,True,,GBP,,,False
203-1158954-1668303,,XH-0LAE-FQO5,2025-12-14T20:26:43Z,Refund,Refund_DigitalServicesFee,True,0.01,GBP,,,False
026-7054644-9725117,,6V-EEC1-2S9Z,2025-12-15T20:14:27Z,Refund,Refund_Tax,False,-1.13,GBP,,,False
026-7054644-9725117,,6V-EEC1-2S9Z,2025-12-15T20:14:27Z,Refund,Refund_Principal,False,-5.67,GBP,,,False
026-7054644-9725117,,6V-EEC1-2S9Z,2025-12-15T20:14:27Z,Refund,Refund_Commission,True,1.05,GBP,,,False
026-7054644-9725117,,6V-EEC1-2S9Z,2025-12-15T20:14:27Z,Refund,Refund_FixedClosingFee,True,,GBP,,,False
026-7054644-9725117,,6V-EEC1-2S9Z,2025-12-15T20:14:27Z,Refund,Refund_GiftwrapChargeback,True,,GBP,,,False
026-7054644-9725117,,6V-EEC1-2S9Z,2025-12-15T20:14:27Z,Refund,Refund_RefundCommission,True,-0.22,GBP,,,False
026-7054644-9725117,,6V-EEC1-2S9Z,2025-12-15T20:14:27Z,Refund,Refund_ShippingChargeback,True,,GBP,,,False
026-7054644-9725117,,6V-EEC1-2S9Z,2025-12-15T20:14:27Z,Refund,Refund_VariableClosingFee,True,,GBP,,,False
206-1129646-8979558,,SU-JM8R-2U82,2025-12-16T17:41:31Z,Refund,Refund_Tax,False,-2.63,GBP,,,False
206-1129646-8979558,,SU-JM8R-2U82,2025-12-16T17:41:31Z,Refund,Refund_ShippingTax,False,-0.42,GBP,,,False
206-1129646-8979558,,SU-JM8R-2U82,2025-12-16T17:41:31Z,Refund,Refund_ShippingCharge,False,-2.07,GBP,,,False
206-1129646-8979558,,SU-JM8R-2U82,2025-12-16T17:41:31Z,Refund,Refund_Principal,False,-13.12,GBP,,,False
206-1129646-8979558,,SU-JM8R-2U82,2025-12-16T17:41:31Z,Refund,Refund_Commission,True,2.46,GBP,,,False
206-1129646-8979558,,SU-JM8R-2U82,2025-12-16T17:41:31Z,Refund,Refund_FixedClosingFee,True,,GBP,,,False
206-1129646-8979558,,SU-JM8R-2U82,2025-12-16T17:41:31Z,Refund,Refund_GiftwrapChargeback,True,,GBP,,,False
206-1129646-8979558,,SU-JM8R-2U82,2025-12-16T17:41:31Z,Refund,Refund_RefundCommission,True,-0.49,GBP,,,False
206-1129646-8979558,,SU-JM8R-2U82,2025-12-16T17:41:31Z,Refund,Refund_ShippingChargeback,True,2.49,GBP,,,False
206-1129646-8979558,,SU-JM8R-2U82,2025-12-16T17:41:31Z,Refund,Refund_VariableClosingFee,True,,GBP,,,False
206-1129646-8979558,,SU-JM8R-2U82,2025-12-16T17:41:31Z,Refund,Refund_DigitalServicesFee,True,0.09,GBP,,,False
203-0387202-4072306,,DC-K5WH-R7F5,2025-12-17T04:17:50Z,Refund,Refund_Tax,False,-0.5,GBP,,,False
203-0387202-4072306,,DC-K5WH-R7F5,2025-12-17T04:17:50Z,Refund,Refund_Principal,False,-2.5,GBP,,,False
203-0387202-4072306,,DC-K5WH-R7F5,2025-12-17T04:17:50Z,Refund,Refund_Commission,True,0.3,GBP,,,False
203-0387202-4072306,,DC-K5WH-R7F5,2025-12-17T04:17:50Z,Refund,Refund_FixedClosingFee,True,,GBP,,,False
203-0387202-4072306,,DC-K5WH-R7F5,2025-12-17T04:17:50Z,Refund,Refund_GiftwrapChargeback,True,,GBP,,,False
203-0387202-4072306,,DC-K5WH-R7F5,2025-12-17T04:17:50Z,Refund,Refund_RefundCommission,True,-0.06,GBP,,,False
203-0387202-4072306,,DC-K5WH-R7F5,2025-12-17T04:17:50Z,Refund,Refund_ShippingChargeback,True,,GBP,,,False
203-0387202-4072306,,DC-K5WH-R7F5,2025-12-17T04:17:50Z,Refund,Refund_VariableClosingFee,True,,GBP,,,False
203-0387202-4072306,,DC-K5WH-R7F5,2025-12-17T04:17:50Z,Refund,Refund_DigitalServicesFee,True,0.01,GBP,,,False
403-0324237-7264339,,Z3-ORV9-K8XD,2025-12-17T10:10:19Z,Refund,Refund_Tax,False,-2.84,EUR,,,False
403-0324237-7264339,,Z3-ORV9-K8XD,2025-12-17T10:10:19Z,Refund,Refund_ShippingTax,False,-0.75,EUR,,,False
403-0324237-7264339,,Z3-ORV9-K8XD,2025-12-17T10:10:19Z,Refund,Refund_ShippingCharge,False,-3.24,EUR,,,False
403-0324237-7264339,,Z3-ORV9-K8XD,2025-12-17T10:10:19Z,Refund,Refund_Principal,False,-12.35,EUR,,,False
403-0324237-7264339,,Z3-ORV9-K8XD,2025-12-17T10:10:19Z,Refund,Refund_Commission,True,2.73,EUR,,,False
403-0324237-7264339,,Z3-ORV9-K8XD,2025-12-17T10:10:19Z,Refund,Refund_FixedClosingFee,True,,EUR,,,False
403-0324237-7264339,,Z3-ORV9-K8XD,2025-12-17T10:10:19Z,Refund,Refund_GiftwrapChargeback,True,,EUR,,,False
403-0324237-7264339,,Z3-ORV9-K8XD,2025-12-17T10:10:19Z,Refund,Refund_RefundCommission,True,-0.55,EUR,,,False
403-0324237-7264339,,Z3-ORV9-K8XD,2025-12-17T10:10:19Z,Refund,Refund_ShippingChargeback,True,3.32,EUR,,,False
403-0324237-7264339,,Z3-ORV9-K8XD,2025-12-17T10:10:19Z,Refund,Refund_VariableClosingFee,True,,EUR,,,False
403-0324237-7264339,,Z3-ORV9-K8XD,2025-12-17T10:10:19Z,Refund,Refund_MarketplaceFacilitatorVAT-Principal,False,2.84,EUR,,,False
403-0324237-7264339,,Z3-ORV9-K8XD,2025-12-17T10:10:19Z,Refund,Refund_MarketplaceFacilitatorVAT-Shipping,False,0.75,EUR,,,False
202-9939626-9381935,,3X-EXDD-TD2K,2025-12-18T07:05:07Z,Refund,Refund_Tax,False,-8.33,GBP,,,False
202-9939626-9381935,,3X-EXDD-TD2K,2025-12-18T07:05:07Z,Refund,Refund_ShippingTax,False,-0.08,GBP,,,False
202-9939626-9381935,,3X-EXDD-TD2K,2025-12-18T07:05:07Z,Refund,Refund_ShippingCharge,False,-0.42,GBP,,,False
202-9939626-9381935,,3X-EXDD-TD2K,2025-12-18T07:05:07Z,Refund,Refund_Principal,False,-41.66,GBP,,,False
202-9939626-9381935,,3X-EXDD-TD2K,2025-12-18T07:05:07Z,Refund,Refund_Commission,True,9.0,GBP,,,False
202-9939626-9381935,,3X-EXDD-TD2K,2025-12-18T07:05:07Z,Refund,Refund_FixedClosingFee,True,,GBP,,,False
202-9939626-9381935,,3X-EXDD-TD2K,2025-12-18T07:05:07Z,Refund,Refund_GiftwrapChargeback,True,,GBP,,,False
202-9939626-9381935,,3X-EXDD-TD2K,2025-12-18T07:05:07Z,Refund,Refund_RefundCommission,True,-1.8,GBP,,,False
202-9939626-9381935,,3X-EXDD-TD2K,2025-12-18T07:05:07Z,Refund,Refund_ShippingChargeback,True,,GBP,,,False
202-9939626-9381935,,3X-EXDD-TD2K,2025-12-18T07:05:07Z,Refund,Refund_VariableClosingFee,True,,GBP,,,False
202-9939626-9381935,,3X-EXDD-TD2K,2025-12-18T07:05:07Z,Refund,Refund_DigitalServicesFee,True,0.18,GBP,,,False
202-8466432-0273903,,CX-SMCH-4DYA,2025-12-18T21:52:05Z,Refund,Refund_Tax,False,-1.47,GBP,,,False
202-8466432-0273903,,CX-SMCH-4DYA,2025-12-18T21:52:05Z,Refund,Refund_Principal,False,-7.37,GBP,,,False
202-8466432-0273903,,CX-SMCH-4DYA,2025-12-18T21:52:05Z,Refund,Refund_Commission,True,1.6,GBP,,,False
202-8466432-0273903,,CX-SMCH-4DYA,2025-12-18T21:52:05Z,Refund,Refund_FixedClosingFee,True,,GBP,,,False
202-8466432-0273903,,CX-SMCH-4DYA,2025-12-18T21:52:05Z,Refund,Refund_GiftwrapChargeback,True,,GBP,,,False
202-8466432-0273903,,CX-SMCH-4DYA,2025-12-18T21:52:05Z,Refund,Refund_RefundCommission,True,-0.32,GBP,,,False
202-8466432-0273903,,CX-SMCH-4DYA,2025-12-18T21:52:05Z,Refund,Refund_ShippingChargeback,True,,GBP,,,False
202-8466432-0273903,,CX-SMCH-4DYA,2025-12-18T21:52:05Z,Refund,Refund_VariableClosingFee,True,,GBP,,,False
202-8466432-0273903,,CX-SMCH-4DYA,2025-12-18T21:52:05Z,Refund,Refund_DigitalServicesFee,True,0.04,GBP,,,False
203-0504563-6267559,,6V-EEC1-2S9Z,2025-12-18T23:26:03Z,Refund,Refund_Tax,False,-1.13,GBP,,,False
203-0504563-6267559,,6V-EEC1-2S9Z,2025-12-18T23:26:03Z,Refund,Refund_Principal,False,-5.67,GBP,,,False
203-0504563-6267559,,6V-EEC1-2S9Z,2025-12-18T23:26:03Z,Refund,Refund_Commission,True,1.06,GBP,,,False
203-0504563-6267559,,6V-EEC1-2S9Z,2025-12-18T23:26:03Z,Refund,Refund_FixedClosingFee,True,,GBP,,,False
203-0504563-6267559,,6V-EEC1-2S9Z,2025-12-18T23:26:03Z,Refund,Refund_GiftwrapChargeback,True,,GBP,,,False
203-0504563-6267559,,6V-EEC1-2S9Z,2025-12-18T23:26:03Z,Refund,Refund_RefundCommission,True,-0.22,GBP,,,False
203-0504563-6267559,,6V-EEC1-2S9Z,2025-12-18T23:26:03Z,Refund,Refund_ShippingChargeback,True,,GBP,,,False
203-0504563-6267559,,6V-EEC1-2S9Z,2025-12-18T23:26:03Z,Refund,Refund_VariableClosingFee,True,,GBP,,,False
203-0504563-6267559,,6V-EEC1-2S9Z,2025-12-18T23:26:03Z,Refund,Refund_DigitalServicesFee,True,0.03,GBP,,,False
205-3603466-8141915,,NN-TSZ1-X2RD,2025-12-19T02:09:15Z,Refund,Refund_Tax,False,-1.58,GBP,,,False
205-3603466-8141915,,NN-TSZ1-X2RD,2025-12-19T02:09:15Z,Refund,Refund_Principal,False,-7.91,GBP,,,False
205-3603466-8141915,,NN-TSZ1-X2RD,2025-12-19T02:09:15Z,Refund,Refund_Commission,True,0.91,GBP,,,False
205-3603466-8141915,,NN-TSZ1-X2RD,2025-12-19T02:09:15Z,Refund,Refund_FixedClosingFee,True,,GBP,,,False
205-3603466-8141915,,NN-TSZ1-X2RD,2025-12-19T02:09:15Z,Refund,Refund_GiftwrapChargeback,True,,GBP,,,False
205-3603466-8141915,,NN-TSZ1-X2RD,2025-12-19T02:09:15Z,Refund,Refund_RefundCommission,True,-0.18,GBP,,,False
205-3603466-8141915,,NN-TSZ1-X2RD,2025-12-19T02:09:15Z,Refund,Refund_ShippingChargeback,True,,GBP,,,False
205-3603466-8141915,,NN-TSZ1-X2RD,2025-12-19T02:09:15Z,Refund,Refund_VariableClosingFee,True,,GBP,,,False
205-3603466-8141915,,NN-TSZ1-X2RD,2025-12-19T02:09:15Z,Refund,Refund_DigitalServicesFee,True,0.03,GBP,,,False
205-0654848-3185963,,DC-K5WH-R7F5,2025-12-22T20:25:41Z,Refund,Refund_Tax,False,-0.5,GBP,,,False
205-0654848-3185963,,DC-K5WH-R7F5,2025-12-22T20:25:41Z,Refund,Refund_Principal,False,-2.47,GBP,,,False
205-0654848-3185963,,DC-K5WH-R7F5,2025-12-22T20:25:41Z,Refund,Refund_Commission,True,0.3,GBP,,,False
205-0654848-3185963,,DC-K5WH-R7F5,2025-12-22T20:25:41Z,Refund,Refund_FixedClosingFee,True,,GBP,,,False
205-0654848-3185963,,DC-K5WH-R7F5,2025-12-22T20:25:41Z,Refund,Refund_GiftwrapChargeback,True,,GBP,,,False
205-0654848-3185963,,DC-K5WH-R7F5,2025-12-22T20:25:41Z,Refund,Refund_RefundCommission,True,-0.06,GBP,,,False
205-0654848-3185963,,DC-K5WH-R7F5,2025-12-22T20:25:41Z,Refund,Refund_ShippingChargeback,True,,GBP,,,False
205-0654848-3185963,,DC-K5WH-R7F5,2025-12-22T20:25:41Z,Refund,Refund_VariableClosingFee,True,,GBP,,,False
205-0654848-3185963,,DC-K5WH-R7F5,2025-12-22T20:25:41Z,Refund,Refund_DigitalServicesFee,True,0.01,GBP,,,False
204-7649170-7694747,,XY-UM2X-TPS3,2025-12-22T20:44:20Z,Refund,Refund_Tax,False,-1.91,GBP,,,False
204-7649170-7694747,,XY-UM2X-TPS3,2025-12-22T20:44:20Z,Refund,Refund_Principal,False,-9.56,GBP,,,False
204-7649170-7694747,,XY-UM2X-TPS3,2025-12-22T20:44:20Z,Refund,Refund_Commission,True,2.07,GBP,,,False
204-7649170-7694747,,XY-UM2X-TPS3,2025-12-22T20:44:20Z,Refund,Refund_FixedClosingFee,True,,GBP,,,False
204-7649170-7694747,,XY-UM2X-TPS3,2025-12-22T20:44:20Z,Refund,Refund_GiftwrapChargeback,True,,GBP,,,False
204-7649170-7694747,,XY-UM2X-TPS3,2025-12-22T20:44:20Z,Refund,Refund_RefundCommission,True,-0.41,GBP,,,False
204-7649170-7694747,,XY-UM2X-TPS3,2025-12-22T20:44:20Z,Refund,Refund_ShippingChargeback,True,,GBP,,,False
204-7649170-7694747,,XY-UM2X-TPS3,2025-12-22T20:44:20Z,Refund,Refund_VariableClosingFee,True,,GBP,,,False
204-7649170-7694747,,XY-UM2X-TPS3,2025-12-22T20:44:20Z,Refund,Refund_DigitalServicesFee,True,0.04,GBP,,,False
026-2637183-3760334,,A2-T2AC-TW3L,2025-12-22T21:47:39Z,Refund,Refund_Tax,False,-1.83,GBP,,,False
026-2637183-3760334,,A2-T2AC-TW3L,2025-12-22T21:47:39Z,Refund,Refund_Principal,False,-9.16,GBP,,,False
026-2637183-3760334,,A2-T2AC-TW3L,2025-12-22T21:47:39Z,Refund,Refund_Commission,True,1.71,GBP,,,False
026-2637183-3760334,,A2-T2AC-TW3L,2025-12-22T21:47:39Z,Refund,Refund_FixedClosingFee,True,,GBP,,,False
026-2637183-3760334,,A2-T2AC-TW3L,2025-12-22T21:47:39Z,Refund,Refund_GiftwrapChargeback,True,,GBP,,,False
026-2637183-3760334,,A2-T2AC-TW3L,2025-12-22T21:47:39Z,Refund,Refund_RefundCommission,True,-0.35,GBP,,,False
026-2637183-3760334,,A2-T2AC-TW3L,2025-12-22T21:47:39Z,Refund,Refund_ShippingChargeback,True,,GBP,,,False
026-2637183-3760334,,A2-T2AC-TW3L,2025-12-22T21:47:39Z,Refund,Refund_VariableClosingFee,True,,GBP,,,False
026-2637183-3760334,,A2-T2AC-TW3L,2025-12-22T21:47:39Z,Refund,Refund_DigitalServicesFee,True,0.03,GBP,,,False
204-1146635-9486764,,JL-VTP2-JF3Q,2025-12-23T23:21:26Z,Refund,Refund_Tax,False,-2.67,GBP,,,False
204-1146635-9486764,,JL-VTP2-JF3Q,2025-12-23T23:21:26Z,Refund,Refund_Principal,False,-13.37,GBP,,,False
204-1146635-9486764,,JL-VTP2-JF3Q,2025-12-23T23:21:26Z,Refund,Refund_Commission,True,2.5,GBP,,,False
204-1146635-9486764,,JL-VTP2-JF3Q,2025-12-23T23:21:26Z,Refund,Refund_FixedClosingFee,True,,GBP,,,False
204-1146635-9486764,,JL-VTP2-JF3Q,2025-12-23T23:21:26Z,Refund,Refund_GiftwrapChargeback,True,,GBP,,,False
204-1146635-9486764,,JL-VTP2-JF3Q,2025-12-23T23:21:26Z,Refund,Refund_RefundCommission,True,-0.5,GBP,,,False
204-1146635-9486764,,JL-VTP2-JF3Q,2025-12-23T23:21:26Z,Refund,Refund_ShippingChargeback,True,,GBP,,,False
204-1146635-9486764,,JL-VTP2-JF3Q,2025-12-23T23:21:26Z,Refund,Refund_VariableClosingFee,True,,GBP,,,False
204-1146635-9486764,,JL-VTP2-JF3Q,2025-12-23T23:21:26Z,Refund,Refund_DigitalServicesFee,True,0.04,GBP,,,False
026-4236256-8633135,,AX-NKNU-29C1,2025-12-24T16:16:34Z,Refund,Refund_Tax,False,-1.32,GBP,,,False
026-4236256-8633135,,AX-NKNU-29C1,2025-12-24T16:16:34Z,Refund,Refund_Principal,False,-6.6,GBP,,,False
026-4236256-8633135,,AX-NKNU-29C1,2025-12-24T16:16:34Z,Refund,Refund_Commission,True,0.77,GBP,,,False
026-4236256-8633135,,AX-NKNU-29C1,2025-12-24T16:16:34Z,Refund,Refund_FixedClosingFee,True,,GBP,,,False
026-4236256-8633135,,AX-NKNU-29C1,2025-12-24T16:16:34Z,Refund,Refund_GiftwrapChargeback,True,,GBP,,,False
026-4236256-8633135,,AX-NKNU-29C1,2025-12-24T16:16:34Z,Refund,Refund_RefundCommission,True,-0.16,GBP,,,False
026-4236256-8633135,,AX-NKNU-29C1,2025-12-24T16:16:34Z,Refund,Refund_ShippingChargeback,True,,GBP,,,False
026-4236256-8633135,,AX-NKNU-29C1,2025-12-24T16:16:34Z,Refund,Refund_VariableClosingFee,True,,GBP,,,False
026-4236256-8633135,,AX-NKNU-29C1,2025-12-24T16:16:34Z,Refund,Refund_DigitalServicesFee,True,0.01,GBP,,,False
202-6353903-1109107,,6V-EEC1-2S9Z,2025-12-24T19:46:34Z,Refund,Refund_Tax,False,-1.13,GBP,,,False
202-6353903-1109107,,6V-EEC1-2S9Z,2025-12-24T19:46:34Z,Refund,Refund_Principal,False,-5.67,GBP,,,False
202-6353903-1109107,,6V-EEC1-2S9Z,2025-12-24T19:46:34Z,Refund,Refund_Commission,True,1.05,GBP,,,False
202-6353903-1109107,,6V-EEC1-2S9Z,2025-12-24T19:46:34Z,Refund,Refund_FixedClosingFee,True,,GBP,,,False
202-6353903-1109107,,6V-EEC1-2S9Z,2025-12-24T19:46:34Z,Refund,Refund_GiftwrapChargeback,True,,GBP,,,False
202-6353903-1109107,,6V-EEC1-2S9Z,2025-12-24T19:46:34Z,Refund,Refund_RefundCommission,True,-0.22,GBP,,,False
202-6353903-1109107,,6V-EEC1-2S9Z,2025-12-24T19:46:34Z,Refund,Refund_ShippingChargeback,True,,GBP,,,False
202-6353903-1109107,,6V-EEC1-2S9Z,2025-12-24T19:46:34Z,Refund,Refund_VariableClosingFee,True,,GBP,,,False
202-6353903-1109107,,6V-EEC1-2S9Z,2025-12-24T19:46:34Z,Refund,Refund_DigitalServicesFee,True,0.02,GBP,,,False
026-4954049-0138720,,DC-K5WH-R7F5,2025-12-24T20:30:40Z,Refund,Refund_Tax,False,-1.5,GBP,,,False
026-4954049-0138720,,DC-K5WH-R7F5,2025-12-24T20:30:40Z,Refund,Refund_Principal,False,-7.41,GBP,,,False
026-4954049-0138720,,DC-K5WH-R7F5,2025-12-24T20:30:40Z,Refund,Refund_Commission,True,0.9,GBP,,,False
026-4954049-0138720,,DC-K5WH-R7F5,2025-12-24T20:30:40Z,Refund,Refund_FixedClosingFee,True,,GBP,,,False
026-4954049-0138720,,DC-K5WH-R7F5,2025-12-24T20:30:40Z,Refund,Refund_GiftwrapChargeback,True,,GBP,,,False
026-4954049-0138720,,DC-K5WH-R7F5,2025-12-24T20:30:40Z,Refund,Refund_RefundCommission,True,-0.18,GBP,,,False
026-4954049-0138720,,DC-K5WH-R7F5,2025-12-24T20:30:40Z,Refund,Refund_ShippingChargeback,True,,GBP,,,False
026-4954049-0138720,,DC-K5WH-R7F5,2025-12-24T20:30:40Z,Refund,Refund_VariableClosingFee,True,,GBP,,,False
026-4954049-0138720,,DC-K5WH-R7F5,2025-12-24T20:30:40Z,Refund,Refund_DigitalServicesFee,True,0.02,GBP,,,False
203-4142715-3146726,,VF-3T0K-DR5O,2025-12-26T04:19:38Z,Refund,Refund_Tax,False,-0.84,GBP,,,False
203-4142715-3146726,,VF-3T0K-DR5O,2025-12-26T04:19:38Z,Refund,Refund_Principal,False,-4.19,GBP,,,False
203-4142715-3146726,,VF-3T0K-DR5O,2025-12-26T04:19:38Z,Refund,Refund_Commission,True,0.48,GBP,,,False
203-4142715-3146726,,VF-3T0K-DR5O,2025-12-26T04:19:38Z,Refund,Refund_FixedClosingFee,True,,GBP,,,False
203-4142715-3146726,,VF-3T0K-DR5O,2025-12-26T04:19:38Z,Refund,Refund_GiftwrapChargeback,True,,GBP,,,False
203-4142715-3146726,,VF-3T0K-DR5O,2025-12-26T04:19:38Z,Refund,Refund_RefundCommission,True,-0.1,GBP,,,False
203-4142715-3146726,,VF-3T0K-DR5O,2025-12-26T04:19:38Z,Refund,Refund_ShippingChargeback,True,,GBP,,,False
203-4142715-3146726,,VF-3T0K-DR5O,2025-12-26T04:19:38Z,Refund,Refund_VariableClosingFee,True,,GBP,,,False
203-4142715-3146726,,VF-3T0K-DR5O,2025-12-26T04:19:38Z,Refund,Refund_DigitalServicesFee,True,0.01,GBP,,,False
026-2272494-3236350,,MY-KL21-NMV5,2025-12-26T12:05:24Z,Refund,Refund_Tax,False,-6.52,GBP,,,False
026-2272494-3236350,,MY-KL21-NMV5,2025-12-26T12:05:24Z,Refund,Refund_Principal,False,-32.6,GBP,,,False
026-2272494-3236350,,MY-KL21-NMV5,2025-12-26T12:05:24Z,Refund,Refund_Commission,True,7.04,GBP,,,False
026-2272494-3236350,,MY-KL21-NMV5,2025-12-26T12:05:24Z,Refund,Refund_FixedClosingFee,True,,GBP,,,False
026-2272494-3236350,,MY-KL21-NMV5,2025-12-26T12:05:24Z,Refund,Refund_GiftwrapChargeback,True,,GBP,,,False
026-2272494-3236350,,MY-KL21-NMV5,2025-12-26T12:05:24Z,Refund,Refund_RefundCommission,True,-1.4,GBP,,,False
026-2272494-3236350,,MY-KL21-NMV5,2025-12-26T12:05:24Z,Refund,Refund_ShippingChargeback,True,,GBP,,,False
026-2272494-3236350,,MY-KL21-NMV5,2025-12-26T12:05:24Z,Refund,Refund_VariableClosingFee,True,,GBP,,,False
026-2272494-3236350,,MY-KL21-NMV5,2025-12-26T12:05:24Z,Refund,Refund_DigitalServicesFee,True,0.14,GBP,,,False
206-5102817-0095538,,RB-82FL-T88J,2025-12-29T17:54:59Z,Refund,Refund_Tax,False,-5.0,GBP,,,False
206-5102817-0095538,,RB-82FL-T88J,2025-12-29T17:54:59Z,Refund,Refund_Principal,False,-24.99,GBP,,,False
206-5102817-0095538,,RB-82FL-T88J,2025-12-29T17:54:59Z,Refund,Refund_Commission,True,5.4,GBP,,,False
206-5102817-0095538,,RB-82FL-T88J,2025-12-29T17:54:59Z,Refund,Refund_FixedClosingFee,True,,GBP,,,False
206-5102817-0095538,,RB-82FL-T88J,2025-12-29T17:54:59Z,Refund,Refund_GiftwrapChargeback,True,,GBP,,,False
206-5102817-0095538,,RB-82FL-T88J,2025-12-29T17:54:59Z,Refund,Refund_RefundCommission,True,-1.08,GBP,,,False
206-5102817-0095538,,RB-82FL-T88J,2025-12-29T17:54:59Z,Refund,Refund_ShippingChargeback,True,,GBP,,,False
206-5102817-0095538,,RB-82FL-T88J,2025-12-29T17:54:59Z,Refund,Refund_VariableClosingFee,True,,GBP,,,False
206-5102817-0095538,,RB-82FL-T88J,2025-12-29T17:54:59Z,Refund,Refund_DigitalServicesFee,True,0.1,GBP,,,False
203-4454195-7240343,,A2-T2AC-TW3L,2025-12-29T20:36:44Z,Refund,Refund_Tax,False,-1.83,GBP,,,False
203-4454195-7240343,,A2-T2AC-TW3L,2025-12-29T20:36:44Z,Refund,Refund_Principal,False,-9.16,GBP,,,False
203-4454195-7240343,,A2-T2AC-TW3L,2025-12-29T20:36:44Z,Refund,Refund_Commission,True,1.71,GBP,,,False
203-4454195-7240343,,A2-T2AC-TW3L,2025-12-29T20:36:44Z,Refund,Refund_FixedClosingFee,True,,GBP,,,False
203-4454195-7240343,,A2-T2AC-TW3L,2025-12-29T20:36:44Z,Refund,Refund_GiftwrapChargeback,True,,GBP,,,False
203-4454195-7240343,,A2-T2AC-TW3L,2025-12-29T20:36:44Z,Refund,Refund_RefundCommission,True,-0.35,GBP,,,False
203-4454195-7240343,,A2-T2AC-TW3L,2025-12-29T20:36:44Z,Refund,Refund_ShippingChargeback,True,,GBP,,,False
203-4454195-7240343,,A2-T2AC-TW3L,2025-12-29T20:36:44Z,Refund,Refund_VariableClosingFee,True,,GBP,,,False
203-4454195-7240343,,A2-T2AC-TW3L,2025-12-29T20:36:44Z,Refund,Refund_DigitalServicesFee,True,0.03,GBP,,,False
203-9905469-9072362,,WX-L5UA-UB1Q,2025-12-29T20:43:53Z,Refund,Refund_Tax,False,-1.0,GBP,,,False
203-9905469-9072362,,WX-L5UA-UB1Q,2025-12-29T20:43:53Z,Refund,Refund_Principal,False,-4.97,GBP,,,False
203-9905469-9072362,,WX-L5UA-UB1Q,2025-12-29T20:43:53Z,Refund,Refund_Commission,True,0.94,GBP,,,False
203-9905469-9072362,,WX-L5UA-UB1Q,2025-12-29T20:43:53Z,Refund,Refund_FixedClosingFee,True,,GBP,,,False
203-9905469-9072362,,WX-L5UA-UB1Q,2025-12-29T20:43:53Z,Refund,Refund_GiftwrapChargeback,True,,GBP,,,False
203-9905469-9072362,,WX-L5UA-UB1Q,2025-12-29T20:43:53Z,Refund,Refund_RefundCommission,True,-0.19,GBP,,,False
203-9905469-9072362,,WX-L5UA-UB1Q,2025-12-29T20:43:53Z,Refund,Refund_ShippingChargeback,True,,GBP,,,False
203-9905469-9072362,,WX-L5UA-UB1Q,2025-12-29T20:43:53Z,Refund,Refund_VariableClosingFee,True,,GBP,,,False
203-9905469-9072362,,WX-L5UA-UB1Q,2025-12-29T20:43:53Z,Refund,Refund_DigitalServicesFee,True,0.02,GBP,,,False
203-7387592-1957903,,A2-T2AC-TW3L,2025-12-30T03:10:03Z,Refund,Refund_Tax,False,-1.83,GBP,,,False
203-7387592-1957903,,A2-T2AC-TW3L,2025-12-30T03:10:03Z,Refund,Refund_Principal,False,-9.16,GBP,,,False
203-7387592-1957903,,A2-T2AC-TW3L,2025-12-30T03:10:03Z,Refund,Refund_Commission,True,1.72,GBP,,,False
203-7387592-1957903,,A2-T2AC-TW3L,2025-12-30T03:10:03Z,Refund,Refund_FixedClosingFee,True,,GBP,,,False
203-7387592-1957903,,A2-T2AC-TW3L,2025-12-30T03:10:03Z,Refund,Refund_GiftwrapChargeback,True,,GBP,,,False
203-7387592-1957903,,A2-T2AC-TW3L,2025-12-30T03:10:03Z,Refund,Refund_RefundCommission,True,-0.35,GBP,,,False
203-7387592-1957903,,A2-T2AC-TW3L,2025-12-30T03:10:03Z,Refund,Refund_ShippingChargeback,True,,GBP,,,False
203-7387592-1957903,,A2-T2AC-TW3L,2025-12-30T03:10:03Z,Refund,Refund_VariableClosingFee,True,,GBP,,,False
203-7387592-1957903,,A2-T2AC-TW3L,2025-12-30T03:10:03Z,Refund,Refund_DigitalServicesFee,True,0.04,GBP,,,False
202-1770840-6195543,,WX-L5UA-UB1Q,2025-12-30T15:22:11Z,Refund,Refund_Tax,False,-1.0,GBP,,,False
202-1770840-6195543,,WX-L5UA-UB1Q,2025-12-30T15:22:11Z,Refund,Refund_Principal,False,-4.98,GBP,,,False
202-1770840-6195543,,WX-L5UA-UB1Q,2025-12-30T15:22:11Z,Refund,Refund_Commission,True,0.94,GBP,,,False
202-1770840-6195543,,WX-L5UA-UB1Q,2025-12-30T15:22:11Z,Refund,Refund_FixedClosingFee,True,,GBP,,,False
202-1770840-6195543,,WX-L5UA-UB1Q,2025-12-30T15:22:11Z,Refund,Refund_GiftwrapChargeback,True,,GBP,,,False
202-1770840-6195543,,WX-L5UA-UB1Q,2025-12-30T15:22:11Z,Refund,Refund_RefundCommission,True,-0.19,GBP,,,False
202-1770840-6195543,,WX-L5UA-UB1Q,2025-12-30T15:22:11Z,Refund,Refund_ShippingChargeback,True,,GBP,,,False
202-1770840-6195543,,WX-L5UA-UB1Q,2025-12-30T15:22:11Z,Refund,Refund_VariableClosingFee,True,,GBP,,,False
202-1770840-6195543,,WX-L5UA-UB1Q,2025-12-30T15:22:11Z,Refund,Refund_DigitalServicesFee,True,0.03,GBP,,,False
202-6491875-1714709,,WX-L5UA-UB1Q,2025-12-30T18:50:00Z,Refund,Refund_Tax,False,-1.0,GBP,,,False
202-6491875-1714709,,WX-L5UA-UB1Q,2025-12-30T18:50:00Z,Refund,Refund_Principal,False,-4.98,GBP,,,False
202-6491875-1714709,,WX-L5UA-UB1Q,2025-12-30T18:50:00Z,Refund,Refund_Commission,True,0.94,GBP,,,False
202-6491875-1714709,,WX-L5UA-UB1Q,2025-12-30T18:50:00Z,Refund,Refund_FixedClosingFee,True,,GBP,,,False
202-6491875-1714709,,WX-L5UA-UB1Q,2025-12-30T18:50:00Z,Refund,Refund_GiftwrapChargeback,True,,GBP,,,False
202-6491875-1714709,,WX-L5UA-UB1Q,2025-12-30T18:50:00Z,Refund,Refund_RefundCommission,True,-0.19,GBP,,,False
202-6491875-1714709,,WX-L5UA-UB1Q,2025-12-30T18:50:00Z,Refund,Refund_ShippingChargeback,True,,GBP,,,False
202-6491875-1714709,,WX-L5UA-UB1Q,2025-12-30T18:50:00Z,Refund,Refund_VariableClosingFee,True,,GBP,,,False
202-6491875-1714709,,WX-L5UA-UB1Q,2025-12-30T18:50:00Z,Refund,Refund_DigitalServicesFee,True,0.03,GBP,,,False
026-8741500-3853120,,WX-L5UA-UB1Q,2025-12-31T20:39:25Z,Refund,Refund_Tax,False,-1.0,GBP,,,False
026-8741500-3853120,,WX-L5UA-UB1Q,2025-12-31T20:39:25Z,Refund,Refund_Principal,False,-4.99,GBP,,,False
026-8741500-3853120,,WX-L5UA-UB1Q,2025-12-31T20:39:25Z,Refund,Refund_Commission,True,0.93,GBP,,,False
026-8741500-3853120,,WX-L5UA-UB1Q,2025-12-31T20:39:25Z,Refund,Refund_FixedClosingFee,True,,GBP,,,False
026-8741500-3853120,,WX-L5UA-UB1Q,2025-12-31T20:39:25Z,Refund,Refund_GiftwrapChargeback,True,,GBP,,,False
026-8741500-3853120,,WX-L5UA-UB1Q,2025-12-31T20:39:25Z,Refund,Refund_RefundCommission,True,-0.19,GBP,,,False
026-8741500-3853120,,WX-L5UA-UB1Q,2025-12-31T20:39:25Z,Refund,Refund_ShippingChargeback,True,,GBP,,,False
026-8741500-3853120,,WX-L5UA-UB1Q,2025-12-31T20:39:25Z,Refund,Refund_VariableClosingFee,True,,GBP,,,False
026-8741500-3853120,,WX-L5UA-UB1Q,2025-12-31T20:39:25Z,Refund,Refund_DigitalServicesFee,True,0.02,GBP,,,False
202-1712276-1581150,,Z7-26PV-O9LR,2025-12-31T20:45:26Z,Refund,Refund_ShippingTax,False,-0.42,GBP,,,False
202-1712276-1581150,,Z7-26PV-O9LR,2025-12-31T20:45:26Z,Refund,Refund_ShippingCharge,False,-2.07,GBP,,,False
202-1712276-1581150,,Z7-26PV-O9LR,2025-12-31T20:45:26Z,Refund,Refund_Commission,True,,GBP,,,False
202-1712276-1581150,,Z7-26PV-O9LR,2025-12-31T20:45:26Z,Refund,Refund_FixedClosingFee,True,,GBP,,,False
202-1712276-1581150,,Z7-26PV-O9LR,2025-12-31T20:45:26Z,Refund,Refund_GiftwrapChargeback,True,,GBP,,,False
202-1712276-1581150,,Z7-26PV-O9LR,2025-12-31T20:45:26Z,Refund,Refund_RefundCommission,True,,GBP,,,False
202-1712276-1581150,,Z7-26PV-O9LR,2025-12-31T20:45:26Z,Refund,Refund_ShippingChargeback,True,2.49,GBP,,,False
202-1712276-1581150,,Z7-26PV-O9LR,2025-12-31T20:45:26Z,Refund,Refund_VariableClosingFee,True,,GBP,,,False
202-1712276-1581150,,Z7-26PV-O9LR,2025-12-31T20:45:26Z,Refund,Refund_DigitalServicesFee,True,0.05,GBP,,,False
205-6502570-7365905,,EV-CHU5-XU3G,2026-01-03T13:56:46Z,Refund,Refund_Tax,False,-1.24,GBP,,,False
205-6502570-7365905,,EV-CHU5-XU3G,2026-01-03T13:56:46Z,Refund,Refund_Principal,False,-6.21,GBP,,,False
205-6502570-7365905,,EV-CHU5-XU3G,2026-01-03T13:56:46Z,Refund,Refund_Commission,True,1.16,GBP,,,False
205-6502570-7365905,,EV-CHU5-XU3G,2026-01-03T13:56:46Z,Refund,Refund_FixedClosingFee,True,,GBP,,,False
205-6502570-7365905,,EV-CHU5-XU3G,2026-01-03T13:56:46Z,Refund,Refund_GiftwrapChargeback,True,,GBP,,,False
205-6502570-7365905,,EV-CHU5-XU3G,2026-01-03T13:56:46Z,Refund,Refund_RefundCommission,True,-0.23,GBP,,,False
205-6502570-7365905,,EV-CHU5-XU3G,2026-01-03T13:56:46Z,Refund,Refund_ShippingChargeback,True,,GBP,,,False
205-6502570-7365905,,EV-CHU5-XU3G,2026-01-03T13:56:46Z,Refund,Refund_VariableClosingFee,True,,GBP,,,False
205-6502570-7365905,,EV-CHU5-XU3G,2026-01-03T13:56:46Z,Refund,Refund_DigitalServicesFee,True,0.02,GBP,,,False
402-4363588-5570740,,SR-6OBB-WC03,2026-01-03T15:48:29Z,Refund,Refund_Tax,False,-1.62,EUR,,,False
402-4363588-5570740,,SR-6OBB-WC03,2026-01-03T15:48:29Z,Refund,Refund_Tax,False,,EUR,,,False
402-4363588-5570740,,SR-6OBB-WC03,2026-01-03T15:48:29Z,Refund,Refund_Principal,False,-7.04,EUR,,,False
402-4363588-5570740,,SR-6OBB-WC03,2026-01-03T15:48:29Z,Refund,Refund_ExportCharge,False,,EUR,,,False
402-4363588-5570740,,SR-6OBB-WC03,2026-01-03T15:48:29Z,Refund,Refund_Commission,True,1.56,EUR,,,False
402-4363588-5570740,,SR-6OBB-WC03,2026-01-03T15:48:29Z,Refund,Refund_FixedClosingFee,True,,EUR,,,False
402-4363588-5570740,,SR-6OBB-WC03,2026-01-03T15:48:29Z,Refund,Refund_GiftwrapChargeback,True,,EUR,,,False
402-4363588-5570740,,SR-6OBB-WC03,2026-01-03T15:48:29Z,Refund,Refund_RefundCommission,True,-0.31,EUR,,,False
402-4363588-5570740,,SR-6OBB-WC03,2026-01-03T15:48:29Z,Refund,Refund_ShippingChargeback,True,,EUR,,,False
402-4363588-5570740,,SR-6OBB-WC03,2026-01-03T15:48:29Z,Refund,Refund_VariableClosingFee,True,,EUR,,,False
402-4363588-5570740,,SR-6OBB-WC03,2026-01-03T15:48:29Z,Refund,Refund_MarketplaceFacilitatorTax-Other,False,,EUR,,,False
402-4363588-5570740,,SR-6OBB-WC03,2026-01-03T15:48:29Z,Refund,Refund_MarketplaceFacilitatorVAT-Principal,False,1.62,EUR,,,False
026-7583643-5403557,,IB-U5FA-BO2Y,2026-01-06T19:49:23Z,Refund,Refund_Tax,False,-7.84,GBP,,,False
026-7583643-5403557,,IB-U5FA-BO2Y,2026-01-06T19:49:23Z,Refund,Refund_Principal,False,-39.22,GBP,,,False
026-7583643-5403557,,IB-U5FA-BO2Y,2026-01-06T19:49:23Z,Refund,Refund_Commission,True,8.47,GBP,,,False
026-7583643-5403557,,IB-U5FA-BO2Y,2026-01-06T19:49:23Z,Refund,Refund_FixedClosingFee,True,,GBP,,,False
026-7583643-5403557,,IB-U5FA-BO2Y,2026-01-06T19:49:23Z,Refund,Refund_GiftwrapChargeback,True,,GBP,,,False
026-7583643-5403557,,IB-U5FA-BO2Y,2026-01-06T19:49:23Z,Refund,Refund_RefundCommission,True,-1.69,GBP,,,False
026-7583643-5403557,,IB-U5FA-BO2Y,2026-01-06T19:49:23Z,Refund,Refund_ShippingChargeback,True,,GBP,,,False
026-7583643-5403557,,IB-U5FA-BO2Y,2026-01-06T19:49:23Z,Refund,Refund_VariableClosingFee,True,,GBP,,,False
026-7583643-5403557,,IB-U5FA-BO2Y,2026-01-06T19:49:23Z,Refund,Refund_DigitalServicesFee,True,0.16,GBP,,,False
203-5627804-2806734,,IB-U5FA-BO2Y,2026-01-06T22:59:43Z,Refund,Refund_Tax,False,-6.25,GBP,,,False
203-5627804-2806734,,IB-U5FA-BO2Y,2026-01-06T22:59:43Z,Refund,Refund_Principal,False,-31.24,GBP,,,False
203-5627804-2806734,,IB-U5FA-BO2Y,2026-01-06T22:59:43Z,Refund,Refund_Commission,True,6.75,GBP,,,False
203-5627804-2806734,,IB-U5FA-BO2Y,2026-01-06T22:59:43Z,Refund,Refund_FixedClosingFee,True,,GBP,,,False
203-5627804-2806734,,IB-U5FA-BO2Y,2026-01-06T22:59:43Z,Refund,Refund_GiftwrapChargeback,True,,GBP,,,False
203-5627804-2806734,,IB-U5FA-BO2Y,2026-01-06T22:59:43Z,Refund,Refund_RefundCommission,True,-1.34,GBP,,,False
203-5627804-2806734,,IB-U5FA-BO2Y,2026-01-06T22:59:43Z,Refund,Refund_ShippingChargeback,True,,GBP,,,False
203-5627804-2806734,,IB-U5FA-BO2Y,2026-01-06T22:59:43Z,Refund,Refund_VariableClosingFee,True,,GBP,,,False
203-5627804-2806734,,IB-U5FA-BO2Y,2026-01-06T22:59:43Z,Refund,Refund_DigitalServicesFee,True,0.14,GBP,,,False
026-6264624-0013168,,Z7-26PV-O9LR,2026-01-07T02:02:18Z,Refund,Refund_Tax,False,-1.5,GBP,,,False
026-6264624-0013168,,Z7-26PV-O9LR,2026-01-07T02:02:18Z,Refund,Refund_Principal,False,-7.49,GBP,,,False
026-6264624-0013168,,Z7-26PV-O9LR,2026-01-07T02:02:18Z,Refund,Refund_Commission,True,0.86,GBP,,,False
026-6264624-0013168,,Z7-26PV-O9LR,2026-01-07T02:02:18Z,Refund,Refund_FixedClosingFee,True,,GBP,,,False
026-6264624-0013168,,Z7-26PV-O9LR,2026-01-07T02:02:18Z,Refund,Refund_GiftwrapChargeback,True,,GBP,,,False
026-6264624-0013168,,Z7-26PV-O9LR,2026-01-07T02:02:18Z,Refund,Refund_RefundCommission,True,-0.17,GBP,,,False
026-6264624-0013168,,Z7-26PV-O9LR,2026-01-07T02:02:18Z,Refund,Refund_ShippingChargeback,True,,GBP,,,False
026-6264624-0013168,,Z7-26PV-O9LR,2026-01-07T02:02:18Z,Refund,Refund_VariableClosingFee,True,,GBP,,,False
026-6264624-0013168,,Z7-26PV-O9LR,2026-01-07T02:02:18Z,Refund,Refund_DigitalServicesFee,True,0.01,GBP,,,False
202-2422856-6944300,,KI-CR51-18J3,2026-01-07T17:20:56Z,Refund,Refund_Tax,False,-8.49,GBP,,,False
202-2422856-6944300,,KI-CR51-18J3,2026-01-07T17:20:56Z,Refund,Refund_Principal,False,-42.42,GBP,,,False
202-2422856-6944300,,KI-CR51-18J3,2026-01-07T17:20:56Z,Refund,Refund_Commission,True,9.16,GBP,,,False
202-2422856-6944300,,KI-CR51-18J3,2026-01-07T17:20:56Z,Refund,Refund_FixedClosingFee,True,,GBP,,,False
202-2422856-6944300,,KI-CR51-18J3,2026-01-07T17:20:56Z,Refund,Refund_GiftwrapChargeback,True,,GBP,,,False
202-2422856-6944300,,KI-CR51-18J3,2026-01-07T17:20:56Z,Refund,Refund_RefundCommission,True,-1.84,GBP,,,False
202-2422856-6944300,,KI-CR51-18J3,2026-01-07T17:20:56Z,Refund,Refund_ShippingChargeback,True,,GBP,,,False
202-2422856-6944300,,KI-CR51-18J3,2026-01-07T17:20:56Z,Refund,Refund_VariableClosingFee,True,,GBP,,,False
202-2422856-6944300,,KI-CR51-18J3,2026-01-07T17:20:56Z,Refund,Refund_DigitalServicesFee,True,0.18,GBP,,,False
026-3109024-1881920,,XY-UM2X-TPS3,2026-01-09T17:59:28Z,Refund,Refund_Tax,False,-1.91,GBP,,,False
026-3109024-1881920,,XY-UM2X-TPS3,2026-01-09T17:59:28Z,Refund,Refund_Principal,False,-9.56,GBP,,,False
026-3109024-1881920,,XY-UM2X-TPS3,2026-01-09T17:59:28Z,Refund,Refund_Commission,True,2.06,GBP,,,False
026-3109024-1881920,,XY-UM2X-TPS3,2026-01-09T17:59:28Z,Refund,Refund_FixedClosingFee,True,,GBP,,,False
026-3109024-1881920,,XY-UM2X-TPS3,2026-01-09T17:59:28Z,Refund,Refund_GiftwrapChargeback,True,,GBP,,,False
026-3109024-1881920,,XY-UM2X-TPS3,2026-01-09T17:59:28Z,Refund,Refund_RefundCommission,True,-0.41,GBP,,,False
026-3109024-1881920,,XY-UM2X-TPS3,2026-01-09T17:59:28Z,Refund,Refund_ShippingChargeback,True,,GBP,,,False
026-3109024-1881920,,XY-UM2X-TPS3,2026-01-09T17:59:28Z,Refund,Refund_VariableClosingFee,True,,GBP,,,False
026-3109024-1881920,,XY-UM2X-TPS3,2026-01-09T17:59:28Z,Refund,Refund_DigitalServicesFee,True,0.04,GBP,,,False
203-5105143-6013166,,F7-PMJ2-SG6A,2026-01-09T22:23:17Z,Refund,Refund_Tax,False,-1.32,GBP,,,False
203-5105143-6013166,,F7-PMJ2-SG6A,2026-01-09T22:23:17Z,Refund,Refund_ShippingTax,False,-0.17,GBP,,,False
203-5105143-6013166,,F7-PMJ2-SG6A,2026-01-09T22:23:17Z,Refund,Refund_ShippingCharge,False,-0.83,GBP,,,False
203-5105143-6013166,,F7-PMJ2-SG6A,2026-01-09T22:23:17Z,Refund,Refund_Principal,False,-6.58,GBP,,,False
203-5105143-6013166,,F7-PMJ2-SG6A,2026-01-09T22:23:17Z,Refund,Refund_Commission,True,1.43,GBP,,,False
203-5105143-6013166,,F7-PMJ2-SG6A,2026-01-09T22:23:17Z,Refund,Refund_FixedClosingFee,True,,GBP,,,False
203-5105143-6013166,,F7-PMJ2-SG6A,2026-01-09T22:23:17Z,Refund,Refund_GiftwrapChargeback,True,,GBP,,,False
203-5105143-6013166,,F7-PMJ2-SG6A,2026-01-09T22:23:17Z,Refund,Refund_RefundCommission,True,-0.29,GBP,,,False
203-5105143-6013166,,F7-PMJ2-SG6A,2026-01-09T22:23:17Z,Refund,Refund_ShippingChargeback,True,,GBP,,,False
203-5105143-6013166,,F7-PMJ2-SG6A,2026-01-09T22:23:17Z,Refund,Refund_VariableClosingFee,True,,GBP,,,False
203-5105143-6013166,,F7-PMJ2-SG6A,2026-01-09T22:23:17Z,Refund,Refund_DigitalServicesFee,True,0.03,GBP,,,False
026-9424504-4957967,,3X-EXDD-TD2K,2026-01-10T11:41:08Z,Refund,Refund_Tax,False,-8.33,GBP,,,False
026-9424504-4957967,,3X-EXDD-TD2K,2026-01-10T11:41:08Z,Refund,Refund_Principal,False,-41.66,GBP,,,False
026-9424504-4957967,,3X-EXDD-TD2K,2026-01-10T11:41:08Z,Refund,Refund_Commission,True,9.0,GBP,,,False
026-9424504-4957967,,3X-EXDD-TD2K,2026-01-10T11:41:08Z,Refund,Refund_FixedClosingFee,True,,GBP,,,False
026-9424504-4957967,,3X-EXDD-TD2K,2026-01-10T11:41:08Z,Refund,Refund_GiftwrapChargeback,True,,GBP,,,False
026-9424504-4957967,,3X-EXDD-TD2K,2026-01-10T11:41:08Z,Refund,Refund_RefundCommission,True,-1.8,GBP,,,False
026-9424504-4957967,,3X-EXDD-TD2K,2026-01-10T11:41:08Z,Refund,Refund_ShippingChargeback,True,,GBP,,,False
026-9424504-4957967,,3X-EXDD-TD2K,2026-01-10T11:41:08Z,Refund,Refund_VariableClosingFee,True,,GBP,,,False
026-9424504-4957967,,3X-EXDD-TD2K,2026-01-10T11:41:08Z,Refund,Refund_DigitalServicesFee,True,0.18,GBP,,,False
026-0984481-7744337,,DC-K5WH-R7F5,2026-01-11T17:05:03Z,Refund,Refund_Tax,False,-0.5,GBP,,,False
026-0984481-7744337,,DC-K5WH-R7F5,2026-01-11T17:05:03Z,Refund,Refund_Principal,False,-2.5,GBP,,,False
026-0984481-7744337,,DC-K5WH-R7F5,2026-01-11T17:05:03Z,Refund,Refund_Commission,True,0.3,GBP,,,False
026-0984481-7744337,,DC-K5WH-R7F5,2026-01-11T17:05:03Z,Refund,Refund_FixedClosingFee,True,,GBP,,,False
026-0984481-7744337,,DC-K5WH-R7F5,2026-01-11T17:05:03Z,Refund,Refund_GiftwrapChargeback,True,,GBP,,,False
026-0984481-7744337,,DC-K5WH-R7F5,2026-01-11T17:05:03Z,Refund,Refund_RefundCommission,True,-0.06,GBP,,,False
026-0984481-7744337,,DC-K5WH-R7F5,2026-01-11T17:05:03Z,Refund,Refund_ShippingChargeback,True,,GBP,,,False
026-0984481-7744337,,DC-K5WH-R7F5,2026-01-11T17:05:03Z,Refund,Refund_VariableClosingFee,True,,GBP,,,False
026-0984481-7744337,,DC-K5WH-R7F5,2026-01-11T17:05:03Z,Refund,Refund_DigitalServicesFee,True,0.01,GBP,,,False
205-4307144-8265131,,BQ-O3OI-FTJU,2026-01-11T22:52:02Z,Refund,Refund_Tax,False,-4.17,GBP,,,False
205-4307144-8265131,,BQ-O3OI-FTJU,2026-01-11T22:52:02Z,Refund,Refund_Principal,False,-20.82,GBP,,,False
205-4307144-8265131,,BQ-O3OI-FTJU,2026-01-11T22:52:02Z,Refund,Refund_Commission,True,4.5,GBP,,,False
205-4307144-8265131,,BQ-O3OI-FTJU,2026-01-11T22:52:02Z,Refund,Refund_FixedClosingFee,True,,GBP,,,False
205-4307144-8265131,,BQ-O3OI-FTJU,2026-01-11T22:52:02Z,Refund,Refund_GiftwrapChargeback,True,,GBP,,,False
205-4307144-8265131,,BQ-O3OI-FTJU,2026-01-11T22:52:02Z,Refund,Refund_RefundCommission,True,-0.9,GBP,,,False
205-4307144-8265131,,BQ-O3OI-FTJU,2026-01-11T22:52:02Z,Refund,Refund_ShippingChargeback,True,,GBP,,,False
205-4307144-8265131,,BQ-O3OI-FTJU,2026-01-11T22:52:02Z,Refund,Refund_VariableClosingFee,True,,GBP,,,False
205-4307144-8265131,,BQ-O3OI-FTJU,2026-01-11T22:52:02Z,Refund,Refund_DigitalServicesFee,True,0.09,GBP,,,False
206-1112346-5312303,,R7-98IN-2PW8,2026-01-15T20:45:05Z,Refund,Refund_Tax,False,-0.97,GBP,,,False
206-1112346-5312303,,R7-98IN-2PW8,2026-01-15T20:45:05Z,Refund,Refund_Principal,False,-4.86,GBP,,,False
206-1112346-5312303,,R7-98IN-2PW8,2026-01-15T20:45:05Z,Refund,Refund_Commission,True,0.57,GBP,,,False
206-1112346-5312303,,R7-98IN-2PW8,2026-01-15T20:45:05Z,Refund,Refund_FixedClosingFee,True,,GBP,,,False
206-1112346-5312303,,R7-98IN-2PW8,2026-01-15T20:45:05Z,Refund,Refund_GiftwrapChargeback,True,,GBP,,,False
206-1112346-5312303,,R7-98IN-2PW8,2026-01-15T20:45:05Z,Refund,Refund_RefundCommission,True,-0.11,GBP,,,False
206-1112346-5312303,,R7-98IN-2PW8,2026-01-15T20:45:05Z,Refund,Refund_ShippingChargeback,True,,GBP,,,False
206-1112346-5312303,,R7-98IN-2PW8,2026-01-15T20:45:05Z,Refund,Refund_VariableClosingFee,True,,GBP,,,False
206-1112346-5312303,,R7-98IN-2PW8,2026-01-15T20:45:05Z,Refund,Refund_DigitalServicesFee,True,0.02,GBP,,,False
026-3086064-2050736,,TU-8I14-25ZR,2026-01-17T12:55:15Z,Refund,Refund_Tax,False,-4.37,GBP,,,False
026-3086064-2050736,,TU-8I14-25ZR,2026-01-17T12:55:15Z,Refund,Refund_ShippingTax,False,-0.33,GBP,,,False
026-3086064-2050736,,TU-8I14-25ZR,2026-01-17T12:55:15Z,Refund,Refund_ShippingCharge,False,-1.66,GBP,,,False
026-3086064-2050736,,TU-8I14-25ZR,2026-01-17T12:55:15Z,Refund,Refund_Principal,False,-21.83,GBP,,,False
026-3086064-2050736,,TU-8I14-25ZR,2026-01-17T12:55:15Z,Refund,Refund_Commission,True,4.71,GBP,,,False
026-3086064-2050736,,TU-8I14-25ZR,2026-01-17T12:55:15Z,Refund,Refund_FixedClosingFee,True,,GBP,,,False
026-3086064-2050736,,TU-8I14-25ZR,2026-01-17T12:55:15Z,Refund,Refund_GiftwrapChargeback,True,,GBP,,,False
026-3086064-2050736,,TU-8I14-25ZR,2026-01-17T12:55:15Z,Refund,Refund_RefundCommission,True,-0.95,GBP,,,False
026-3086064-2050736,,TU-8I14-25ZR,2026-01-17T12:55:15Z,Refund,Refund_ShippingChargeback,True,,GBP,,,False
026-3086064-2050736,,TU-8I14-25ZR,2026-01-17T12:55:15Z,Refund,Refund_VariableClosingFee,True,,GBP,,,False
026-3086064-2050736,,TU-8I14-25ZR,2026-01-17T12:55:15Z,Refund,Refund_DigitalServicesFee,True,0.09,GBP,,,False
205-4638138-7832362,,R7-98IN-2PW8,2026-01-17T22:16:42Z,Refund,Refund_Tax,False,-0.97,GBP,,,False
205-4638138-7832362,,R7-98IN-2PW8,2026-01-17T22:16:42Z,Refund,Refund_ShippingTax,False,-0.11,GBP,,,False
205-4638138-7832362,,R7-98IN-2PW8,2026-01-17T22:16:42Z,Refund,Refund_ShippingCharge,False,-0.55,GBP,,,False
205-4638138-7832362,,R7-98IN-2PW8,2026-01-17T22:16:42Z,Refund,Refund_Principal,False,-4.86,GBP,,,False
205-4638138-7832362,,R7-98IN-2PW8,2026-01-17T22:16:42Z,Refund,Refund_Commission,True,0.56,GBP,,,False
205-4638138-7832362,,R7-98IN-2PW8,2026-01-17T22:16:42Z,Refund,Refund_FixedClosingFee,True,,GBP,,,False
205-4638138-7832362,,R7-98IN-2PW8,2026-01-17T22:16:42Z,Refund,Refund_GiftwrapChargeback,True,,GBP,,,False
205-4638138-7832362,,R7-98IN-2PW8,2026-01-17T22:16:42Z,Refund,Refund_RefundCommission,True,-0.11,GBP,,,False
205-4638138-7832362,,R7-98IN-2PW8,2026-01-17T22:16:42Z,Refund,Refund_ShippingChargeback,True,,GBP,,,False
205-4638138-7832362,,R7-98IN-2PW8,2026-01-17T22:16:42Z,Refund,Refund_VariableClosingFee,True,,GBP,,,False
205-4638138-7832362,,R7-98IN-2PW8,2026-01-17T22:16:42Z,Refund,Refund_DigitalServicesFee,True,0.01,GBP,,,False
202-1659458-9141900,,R7-98IN-2PW8,2026-01-18T07:33:27Z,Refund,Refund_Tax,False,-0.97,GBP,,,False
202-1659458-9141900,,R7-98IN-2PW8,2026-01-18T07:33:27Z,Refund,Refund_ShippingTax,False,-0.17,GBP,,,False
202-1659458-9141900,,R7-98IN-2PW8,2026-01-18T07:33:27Z,Refund,Refund_ShippingCharge,False,-0.83,GBP,,,False
202-1659458-9141900,,R7-98IN-2PW8,2026-01-18T07:33:27Z,Refund,Refund_Principal,False,-4.86,GBP,,,False
202-1659458-9141900,,R7-98IN-2PW8,2026-01-18T07:33:27Z,Refund,Refund_Commission,True,0.57,GBP,,,False
202-1659458-9141900,,R7-98IN-2PW8,2026-01-18T07:33:27Z,Refund,Refund_FixedClosingFee,True,,GBP,,,False
202-1659458-9141900,,R7-98IN-2PW8,2026-01-18T07:33:27Z,Refund,Refund_GiftwrapChargeback,True,,GBP,,,False
202-1659458-9141900,,R7-98IN-2PW8,2026-01-18T07:33:27Z,Refund,Refund_RefundCommission,True,-0.11,GBP,,,False
202-1659458-9141900,,R7-98IN-2PW8,2026-01-18T07:33:27Z,Refund,Refund_ShippingChargeback,True,1.0,GBP,,,False
202-1659458-9141900,,R7-98IN-2PW8,2026-01-18T07:33:27Z,Refund,Refund_VariableClosingFee,True,,GBP,,,False
202-1659458-9141900,,R7-98IN-2PW8,2026-01-18T07:33:27Z,Refund,Refund_DigitalServicesFee,True,0.04,GBP,,,False
026-3170480-4840358,,MW-9K5M-VKW8,2026-01-18T22:04:00Z,Refund,Refund_Tax,False,-4.5,GBP,,,False
026-3170480-4840358,,MW-9K5M-VKW8,2026-01-18T22:04:00Z,Refund,Refund_Principal,False,-22.5,GBP,,,False
026-3170480-4840358,,MW-9K5M-VKW8,2026-01-18T22:04:00Z,Refund,Refund_Commission,True,4.86,GBP,,,False
026-3170480-4840358,,MW-9K5M-VKW8,2026-01-18T22:04:00Z,Refund,Refund_FixedClosingFee,True,,GBP,,,False
026-3170480-4840358,,MW-9K5M-VKW8,2026-01-18T22:04:00Z,Refund,Refund_GiftwrapChargeback,True,,GBP,,,False
026-3170480-4840358,,MW-9K5M-VKW8,2026-01-18T22:04:00Z,Refund,Refund_RefundCommission,True,-0.97,GBP,,,False
026-3170480-4840358,,MW-9K5M-VKW8,2026-01-18T22:04:00Z,Refund,Refund_ShippingChargeback,True,,GBP,,,False
026-3170480-4840358,,MW-9K5M-VKW8,2026-01-18T22:04:00Z,Refund,Refund_VariableClosingFee,True,,GBP,,,False
026-3170480-4840358,,MW-9K5M-VKW8,2026-01-18T22:04:00Z,Refund,Refund_DigitalServicesFee,True,0.1,GBP,,,False
202-0758920-0676351,,SU-5LQH-2DVN,2026-01-18T23:39:07Z,Refund,Refund_Tax,False,-1.37,GBP,,,False
202-0758920-0676351,,SU-5LQH-2DVN,2026-01-18T23:39:07Z,Refund,Refund_Principal,False,-6.83,GBP,,,False
202-0758920-0676351,,SU-5LQH-2DVN,2026-01-18T23:39:07Z,Refund,Refund_Commission,True,1.28,GBP,,,False
202-0758920-0676351,,SU-5LQH-2DVN,2026-01-18T23:39:07Z,Refund,Refund_FixedClosingFee,True,,GBP,,,False
202-0758920-0676351,,SU-5LQH-2DVN,2026-01-18T23:39:07Z,Refund,Refund_GiftwrapChargeback,True,,GBP,,,False
202-0758920-0676351,,SU-5LQH-2DVN,2026-01-18T23:39:07Z,Refund,Refund_RefundCommission,True,-0.25,GBP,,,False
202-0758920-0676351,,SU-5LQH-2DVN,2026-01-18T23:39:07Z,Refund,Refund_ShippingChargeback,True,,GBP,,,False
202-0758920-0676351,,SU-5LQH-2DVN,2026-01-18T23:39:07Z,Refund,Refund_VariableClosingFee,True,,GBP,,,False
202-0758920-0676351,,SU-5LQH-2DVN,2026-01-18T23:39:07Z,Refund,Refund_DigitalServicesFee,True,0.02,GBP,,,False
203-0310058-9573145,,WX-L5UA-UB1Q,2026-01-18T23:41:07Z,Refund,Refund_Tax,False,-0.97,GBP,,,False
203-0310058-9573145,,WX-L5UA-UB1Q,2026-01-18T23:41:07Z,Refund,Refund_Principal,False,-4.82,GBP,,,False
203-0310058-9573145,,WX-L5UA-UB1Q,2026-01-18T23:41:07Z,Refund,Refund_Commission,True,0.9,GBP,,,False
203-0310058-9573145,,WX-L5UA-UB1Q,2026-01-18T23:41:07Z,Refund,Refund_FixedClosingFee,True,,GBP,,,False
203-0310058-9573145,,WX-L5UA-UB1Q,2026-01-18T23:41:07Z,Refund,Refund_GiftwrapChargeback,True,,GBP,,,False
203-0310058-9573145,,WX-L5UA-UB1Q,2026-01-18T23:41:07Z,Refund,Refund_RefundCommission,True,-0.18,GBP,,,False
203-0310058-9573145,,WX-L5UA-UB1Q,2026-01-18T23:41:07Z,Refund,Refund_ShippingChargeback,True,,GBP,,,False
203-0310058-9573145,,WX-L5UA-UB1Q,2026-01-18T23:41:07Z,Refund,Refund_VariableClosingFee,True,,GBP,,,False
203-0310058-9573145,,WX-L5UA-UB1Q,2026-01-18T23:41:07Z,Refund,Refund_DigitalServicesFee,True,0.02,GBP,,,False
203-6192271-9399515,,R7-98IN-2PW8,2026-01-19T22:14:18Z,Refund,Refund_Tax,False,-0.97,GBP,,,False
203-6192271-9399515,,R7-98IN-2PW8,2026-01-19T22:14:18Z,Refund,Refund_Principal,False,-4.86,GBP,,,False
203-6192271-9399515,,R7-98IN-2PW8,2026-01-19T22:14:18Z,Refund,Refund_Commission,True,0.56,GBP,,,False
203-6192271-9399515,,R7-98IN-2PW8,2026-01-19T22:14:18Z,Refund,Refund_FixedClosingFee,True,,GBP,,,False
203-6192271-9399515,,R7-98IN-2PW8,2026-01-19T22:14:18Z,Refund,Refund_GiftwrapChargeback,True,,GBP,,,False
203-6192271-9399515,,R7-98IN-2PW8,2026-01-19T22:14:18Z,Refund,Refund_RefundCommission,True,-0.11,GBP,,,False
203-6192271-9399515,,R7-98IN-2PW8,2026-01-19T22:14:18Z,Refund,Refund_ShippingChargeback,True,,GBP,,,False
203-6192271-9399515,,R7-98IN-2PW8,2026-01-19T22:14:18Z,Refund,Refund_VariableClosingFee,True,,GBP,,,False
203-6192271-9399515,,R7-98IN-2PW8,2026-01-19T22:14:18Z,Refund,Refund_DigitalServicesFee,True,0.01,GBP,,,False
026-4835346-7151545,,R7-98IN-2PW8,2026-01-20T20:07:24Z,Refund,Refund_Tax,False,-0.97,GBP,,,False
026-4835346-7151545,,R7-98IN-2PW8,2026-01-20T20:07:24Z,Refund,Refund_Principal,False,-4.86,GBP,,,False
026-4835346-7151545,,R7-98IN-2PW8,2026-01-20T20:07:24Z,Refund,Refund_Commission,True,0.57,GBP,,,False
026-4835346-7151545,,R7-98IN-2PW8,2026-01-20T20:07:24Z,Refund,Refund_FixedClosingFee,True,,GBP,,,False
026-4835346-7151545,,R7-98IN-2PW8,2026-01-20T20:07:24Z,Refund,Refund_GiftwrapChargeback,True,,GBP,,,False
026-4835346-7151545,,R7-98IN-2PW8,2026-01-20T20:07:24Z,Refund,Refund_RefundCommission,True,-0.11,GBP,,,False
026-4835346-7151545,,R7-98IN-2PW8,2026-01-20T20:07:24Z,Refund,Refund_ShippingChargeback,True,,GBP,,,False
026-4835346-7151545,,R7-98IN-2PW8,2026-01-20T20:07:24Z,Refund,Refund_VariableClosingFee,True,,GBP,,,False
026-4835346-7151545,,R7-98IN-2PW8,2026-01-20T20:07:24Z,Refund,Refund_DigitalServicesFee,True,0.01,GBP,,,False
205-3906143-8973956,,VF-3T0K-DR5O,2026-01-21T03:25:02Z,Refund,Refund_Tax,False,-0.82,GBP,,,False
205-3906143-8973956,,VF-3T0K-DR5O,2026-01-21T03:25:02Z,Refund,Refund_Principal,False,-4.08,GBP,,,False
205-3906143-8973956,,VF-3T0K-DR5O,2026-01-21T03:25:02Z,Refund,Refund_Commission,True,0.46,GBP,,,False
205-3906143-8973956,,VF-3T0K-DR5O,2026-01-21T03:25:02Z,Refund,Refund_FixedClosingFee,True,,GBP,,,False
205-3906143-8973956,,VF-3T0K-DR5O,2026-01-21T03:25:02Z,Refund,Refund_GiftwrapChargeback,True,,GBP,,,False
205-3906143-8973956,,VF-3T0K-DR5O,2026-01-21T03:25:02Z,Refund,Refund_RefundCommission,True,-0.1,GBP,,,False
205-3906143-8973956,,VF-3T0K-DR5O,2026-01-21T03:25:02Z,Refund,Refund_ShippingChargeback,True,,GBP,,,False
205-3906143-8973956,,VF-3T0K-DR5O,2026-01-21T03:25:02Z,Refund,Refund_VariableClosingFee,True,,GBP,,,False
205-3906143-8973956,,VF-3T0K-DR5O,2026-01-21T03:25:02Z,Refund,Refund_DigitalServicesFee,True,0.01,GBP,,,False
206-1616611-7428320,,DC-K5WH-R7F5,2026-01-23T20:14:03Z,Refund,Refund_Tax,False,-0.5,GBP,,,False
206-1616611-7428320,,DC-K5WH-R7F5,2026-01-23T20:14:03Z,Refund,Refund_Principal,False,-2.5,GBP,,,False
206-1616611-7428320,,DC-K5WH-R7F5,2026-01-23T20:14:03Z,Refund,Refund_Commission,True,0.3,GBP,,,False
206-1616611-7428320,,DC-K5WH-R7F5,2026-01-23T20:14:03Z,Refund,Refund_FixedClosingFee,True,,GBP,,,False
206-1616611-7428320,,DC-K5WH-R7F5,2026-01-23T20:14:03Z,Refund,Refund_GiftwrapChargeback,True,,GBP,,,False
206-1616611-7428320,,DC-K5WH-R7F5,2026-01-23T20:14:03Z,Refund,Refund_RefundCommission,True,-0.06,GBP,,,False
206-1616611-7428320,,DC-K5WH-R7F5,2026-01-23T20:14:03Z,Refund,Refund_ShippingChargeback,True,,GBP,,,False
206-1616611-7428320,,DC-K5WH-R7F5,2026-01-23T20:14:03Z,Refund,Refund_VariableClosingFee,True,,GBP,,,False
206-1616611-7428320,,DC-K5WH-R7F5,2026-01-23T20:14:03Z,Refund,Refund_DigitalServicesFee,True,0.01,GBP,,,False
026-1319155-1408338,,6V-EEC1-2S9Z,2026-01-23T22:53:18Z,Refund,Refund_Tax,False,-2.54,GBP,,,False
026-1319155-1408338,,6V-EEC1-2S9Z,2026-01-23T22:53:18Z,Refund,Refund_Principal,False,-12.68,GBP,,,False
026-1319155-1408338,,6V-EEC1-2S9Z,2026-01-23T22:53:18Z,Refund,Refund_Commission,True,2.38,GBP,,,False
026-1319155-1408338,,6V-EEC1-2S9Z,2026-01-23T22:53:18Z,Refund,Refund_FixedClosingFee,True,,GBP,,,False
026-1319155-1408338,,6V-EEC1-2S9Z,2026-01-23T22:53:18Z,Refund,Refund_GiftwrapChargeback,True,,GBP,,,False
026-1319155-1408338,,6V-EEC1-2S9Z,2026-01-23T22:53:18Z,Refund,Refund_RefundCommission,True,-0.48,GBP,,,False
026-1319155-1408338,,6V-EEC1-2S9Z,2026-01-23T22:53:18Z,Refund,Refund_ShippingChargeback,True,,GBP,,,False
026-1319155-1408338,,6V-EEC1-2S9Z,2026-01-23T22:53:18Z,Refund,Refund_VariableClosingFee,True,,GBP,,,False
205-5178082-4633930,,R7-98IN-2PW8,2026-01-24T04:47:44Z,Refund,Refund_Tax,False,-0.97,GBP,,,False
205-5178082-4633930,,R7-98IN-2PW8,2026-01-24T04:47:44Z,Refund,Refund_Principal,False,-4.86,GBP,,,False
205-5178082-4633930,,R7-98IN-2PW8,2026-01-24T04:47:44Z,Refund,Refund_Commission,True,0.56,GBP,,,False
205-5178082-4633930,,R7-98IN-2PW8,2026-01-24T04:47:44Z,Refund,Refund_FixedClosingFee,True,,GBP,,,False
205-5178082-4633930,,R7-98IN-2PW8,2026-01-24T04:47:44Z,Refund,Refund_GiftwrapChargeback,True,,GBP,,,False
205-5178082-4633930,,R7-98IN-2PW8,2026-01-24T04:47:44Z,Refund,Refund_RefundCommission,True,-0.11,GBP,,,False
205-5178082-4633930,,R7-98IN-2PW8,2026-01-24T04:47:44Z,Refund,Refund_ShippingChargeback,True,,GBP,,,False
205-5178082-4633930,,R7-98IN-2PW8,2026-01-24T04:47:44Z,Refund,Refund_VariableClosingFee,True,,GBP,,,False
205-5178082-4633930,,R7-98IN-2PW8,2026-01-24T04:47:44Z,Refund,Refund_DigitalServicesFee,True,0.01,GBP,,,False
202-6051112-5137968,,MW-9K5M-VKW8,2026-01-24T22:42:26Z,Refund,Refund_Tax,False,-4.5,GBP,,,False
202-6051112-5137968,,MW-9K5M-VKW8,2026-01-24T22:42:26Z,Refund,Refund_Principal,False,-22.5,GBP,,,False
202-6051112-5137968,,MW-9K5M-VKW8,2026-01-24T22:42:26Z,Refund,Refund_Commission,True,4.86,GBP,,,False
202-6051112-5137968,,MW-9K5M-VKW8,2026-01-24T22:42:26Z,Refund,Refund_FixedClosingFee,True,,GBP,,,False
202-6051112-5137968,,MW-9K5M-VKW8,2026-01-24T22:42:26Z,Refund,Refund_GiftwrapChargeback,True,,GBP,,,False
202-6051112-5137968,,MW-9K5M-VKW8,2026-01-24T22:42:26Z,Refund,Refund_RefundCommission,True,-0.97,GBP,,,False
202-6051112-5137968,,MW-9K5M-VKW8,2026-01-24T22:42:26Z,Refund,Refund_ShippingChargeback,True,,GBP,,,False
202-6051112-5137968,,MW-9K5M-VKW8,2026-01-24T22:42:26Z,Refund,Refund_VariableClosingFee,True,,GBP,,,False
202-6051112-5137968,,MW-9K5M-VKW8,2026-01-24T22:42:26Z,Refund,Refund_DigitalServicesFee,True,0.09,GBP,,,False
203-9558627-3085937,,R7-98IN-2PW8,2026-01-24T23:09:11Z,Refund,Refund_Tax,False,-0.97,GBP,,,False
203-9558627-3085937,,R7-98IN-2PW8,2026-01-24T23:09:11Z,Refund,Refund_Principal,False,-4.86,GBP,,,False
203-9558627-3085937,,R7-98IN-2PW8,2026-01-24T23:09:11Z,Refund,Refund_Commission,True,0.57,GBP,,,False
203-9558627-3085937,,R7-98IN-2PW8,2026-01-24T23:09:11Z,Refund,Refund_FixedClosingFee,True,,GBP,,,False
203-9558627-3085937,,R7-98IN-2PW8,2026-01-24T23:09:11Z,Refund,Refund_GiftwrapChargeback,True,,GBP,,,False
203-9558627-3085937,,R7-98IN-2PW8,2026-01-24T23:09:11Z,Refund,Refund_RefundCommission,True,-0.11,GBP,,,False
203-9558627-3085937,,R7-98IN-2PW8,2026-01-24T23:09:11Z,Refund,Refund_ShippingChargeback,True,,GBP,,,False
203-9558627-3085937,,R7-98IN-2PW8,2026-01-24T23:09:11Z,Refund,Refund_VariableClosingFee,True,,GBP,,,False
203-9558627-3085937,,R7-98IN-2PW8,2026-01-24T23:09:11Z,Refund,Refund_DigitalServicesFee,True,0.02,GBP,,,False
203-1763941-3872345,,6V-EEC1-2S9Z,2026-01-25T20:08:58Z,Refund,Refund_Tax,False,-1.33,GBP,,,False
203-1763941-3872345,,6V-EEC1-2S9Z,2026-01-25T20:08:58Z,Refund,Refund_ShippingTax,False,-0.83,GBP,,,False
203-1763941-3872345,,6V-EEC1-2S9Z,2026-01-25T20:08:58Z,Refund,Refund_ShippingCharge,False,-4.16,GBP,,,False
203-1763941-3872345,,6V-EEC1-2S9Z,2026-01-25T20:08:58Z,Refund,Refund_Principal,False,-6.66,GBP,,,False
203-1763941-3872345,,6V-EEC1-2S9Z,2026-01-25T20:08:58Z,Refund,Refund_Commission,True,1.25,GBP,,,False
203-1763941-3872345,,6V-EEC1-2S9Z,2026-01-25T20:08:58Z,Refund,Refund_FixedClosingFee,True,,GBP,,,False
203-1763941-3872345,,6V-EEC1-2S9Z,2026-01-25T20:08:58Z,Refund,Refund_GiftwrapChargeback,True,,GBP,,,False
203-1763941-3872345,,6V-EEC1-2S9Z,2026-01-25T20:08:58Z,Refund,Refund_RefundCommission,True,-0.25,GBP,,,False
203-1763941-3872345,,6V-EEC1-2S9Z,2026-01-25T20:08:58Z,Refund,Refund_ShippingChargeback,True,4.99,GBP,,,False
203-1763941-3872345,,6V-EEC1-2S9Z,2026-01-25T20:08:58Z,Refund,Refund_VariableClosingFee,True,,GBP,,,False
203-1763941-3872345,,6V-EEC1-2S9Z,2026-01-25T20:08:58Z,Refund,Refund_DigitalServicesFee,True,0.13,GBP,,,False
205-8503981-1059569,,H4-86XG-NLX6,2026-01-26T16:41:49Z,Refund,Refund_Tax,False,-1.76,GBP,,,False
205-8503981-1059569,,H4-86XG-NLX6,2026-01-26T16:41:49Z,Refund,Refund_ShippingTax,False,-0.07,GBP,,,False
205-8503981-1059569,,H4-86XG-NLX6,2026-01-26T16:41:49Z,Refund,Refund_ShippingCharge,False,-0.33,GBP,,,False
205-8503981-1059569,,H4-86XG-NLX6,2026-01-26T16:41:49Z,Refund,Refund_Principal,False,-8.77,GBP,,,False
205-8503981-1059569,,H4-86XG-NLX6,2026-01-26T16:41:49Z,Refund,Refund_Commission,True,1.9,GBP,,,False
205-8503981-1059569,,H4-86XG-NLX6,2026-01-26T16:41:49Z,Refund,Refund_FixedClosingFee,True,,GBP,,,False
205-8503981-1059569,,H4-86XG-NLX6,2026-01-26T16:41:49Z,Refund,Refund_GiftwrapChargeback,True,,GBP,,,False
205-8503981-1059569,,H4-86XG-NLX6,2026-01-26T16:41:49Z,Refund,Refund_RefundCommission,True,-0.38,GBP,,,False
205-8503981-1059569,,H4-86XG-NLX6,2026-01-26T16:41:49Z,Refund,Refund_ShippingChargeback,True,,GBP,,,False
205-8503981-1059569,,H4-86XG-NLX6,2026-01-26T16:41:49Z,Refund,Refund_VariableClosingFee,True,,GBP,,,False
205-8503981-1059569,,H4-86XG-NLX6,2026-01-26T16:41:49Z,Refund,Refund_DigitalServicesFee,True,0.04,GBP,,,False
203-6364979-3305909,,MW-9K5M-VKW8,2026-01-27T14:47:20Z,Refund,Refund_Tax,False,-4.5,GBP,,,False
203-6364979-3305909,,MW-9K5M-VKW8,2026-01-27T14:47:20Z,Refund,Refund_Principal,False,-22.5,GBP,,,False
203-6364979-3305909,,MW-9K5M-VKW8,2026-01-27T14:47:20Z,Refund,Refund_Commission,True,4.86,GBP,,,False
203-6364979-3305909,,MW-9K5M-VKW8,2026-01-27T14:47:20Z,Refund,Refund_FixedClosingFee,True,,GBP,,,False
203-6364979-3305909,,MW-9K5M-VKW8,2026-01-27T14:47:20Z,Refund,Refund_GiftwrapChargeback,True,,GBP,,,False
203-6364979-3305909,,MW-9K5M-VKW8,2026-01-27T14:47:20Z,Refund,Refund_RefundCommission,True,-0.97,GBP,,,False
203-6364979-3305909,,MW-9K5M-VKW8,2026-01-27T14:47:20Z,Refund,Refund_ShippingChargeback,True,,GBP,,,False
203-6364979-3305909,,MW-9K5M-VKW8,2026-01-27T14:47:20Z,Refund,Refund_VariableClosingFee,True,,GBP,,,False
203-6364979-3305909,,MW-9K5M-VKW8,2026-01-27T14:47:20Z,Refund,Refund_DigitalServicesFee,True,0.1,GBP,,,False
206-6930748-8259541,,NN-TSZ1-X2RD,2026-01-29T13:42:21Z,Refund,Refund_ShippingTax,False,-0.56,GBP,,,False
206-6930748-8259541,,NN-TSZ1-X2RD,2026-01-29T13:42:21Z,Refund,Refund_ShippingCharge,False,-2.43,GBP,,,False
206-6930748-8259541,,NN-TSZ1-X2RD,2026-01-29T13:42:21Z,Refund,Refund_Commission,True,,GBP,,,False
206-6930748-8259541,,NN-TSZ1-X2RD,2026-01-29T13:42:21Z,Refund,Refund_FixedClosingFee,True,,GBP,,,False
206-6930748-8259541,,NN-TSZ1-X2RD,2026-01-29T13:42:21Z,Refund,Refund_GiftwrapChargeback,True,,GBP,,,False
206-6930748-8259541,,NN-TSZ1-X2RD,2026-01-29T13:42:21Z,Refund,Refund_RefundCommission,True,,GBP,,,False
206-6930748-8259541,,NN-TSZ1-X2RD,2026-01-29T13:42:21Z,Refund,Refund_ShippingChargeback,True,2.49,GBP,,,False
206-6930748-8259541,,NN-TSZ1-X2RD,2026-01-29T13:42:21Z,Refund,Refund_VariableClosingFee,True,,GBP,,,False
206-6930748-8259541,,NN-TSZ1-X2RD,2026-01-29T13:42:21Z,Refund,Refund_DigitalServicesFee,True,0.06,GBP,,,False
206-6930748-8259541,,NN-TSZ1-X2RD,2026-01-29T13:42:21Z,Refund,Refund_MarketplaceFacilitatorVAT-Shipping,False,0.56,GBP,,,False
026-9612992-1390769,,EE-KTDC-KCFY,2026-02-01T15:23:24Z,Refund,Refund_Tax,False,-1.5,GBP,,,False
026-9612992-1390769,,EE-KTDC-KCFY,2026-02-01T15:23:24Z,Refund,Refund_Principal,False,-7.49,GBP,,,False
026-9612992-1390769,,EE-KTDC-KCFY,2026-02-01T15:23:24Z,Refund,Refund_Commission,True,1.62,GBP,,,False
026-9612992-1390769,,EE-KTDC-KCFY,2026-02-01T15:23:24Z,Refund,Refund_FixedClosingFee,True,,GBP,,,False
026-9612992-1390769,,EE-KTDC-KCFY,2026-02-01T15:23:24Z,Refund,Refund_GiftwrapChargeback,True,,GBP,,,False
026-9612992-1390769,,EE-KTDC-KCFY,2026-02-01T15:23:24Z,Refund,Refund_RefundCommission,True,-0.32,GBP,,,False
026-9612992-1390769,,EE-KTDC-KCFY,2026-02-01T15:23:24Z,Refund,Refund_ShippingChargeback,True,,GBP,,,False
026-9612992-1390769,,EE-KTDC-KCFY,2026-02-01T15:23:24Z,Refund,Refund_VariableClosingFee,True,,GBP,,,False
026-9612992-1390769,,EE-KTDC-KCFY,2026-02-01T15:23:24Z,Refund,Refund_DigitalServicesFee,True,0.03,GBP,,,False
205-0071465-6013973,,DC-K5WH-R7F5,2026-02-01T20:18:39Z,Refund,Refund_Tax,False,-0.5,GBP,,,False
205-0071465-6013973,,DC-K5WH-R7F5,2026-02-01T20:18:39Z,Refund,Refund_ShippingTax,False,-0.07,GBP,,,False
205-0071465-6013973,,DC-K5WH-R7F5,2026-02-01T20:18:39Z,Refund,Refund_ShippingCharge,False,-0.33,GBP,,,False
205-0071465-6013973,,DC-K5WH-R7F5,2026-02-01T20:18:39Z,Refund,Refund_Principal,False,-2.5,GBP,,,False
205-0071465-6013973,,DC-K5WH-R7F5,2026-02-01T20:18:39Z,Refund,Refund_Commission,True,0.3,GBP,,,False
205-0071465-6013973,,DC-K5WH-R7F5,2026-02-01T20:18:39Z,Refund,Refund_FixedClosingFee,True,,GBP,,,False
205-0071465-6013973,,DC-K5WH-R7F5,2026-02-01T20:18:39Z,Refund,Refund_GiftwrapChargeback,True,,GBP,,,False
205-0071465-6013973,,DC-K5WH-R7F5,2026-02-01T20:18:39Z,Refund,Refund_RefundCommission,True,-0.06,GBP,,,False
205-0071465-6013973,,DC-K5WH-R7F5,2026-02-01T20:18:39Z,Refund,Refund_ShippingChargeback,True,,GBP,,,False
205-0071465-6013973,,DC-K5WH-R7F5,2026-02-01T20:18:39Z,Refund,Refund_VariableClosingFee,True,,GBP,,,False
205-0071465-6013973,,DC-K5WH-R7F5,2026-02-01T20:18:39Z,Refund,Refund_DigitalServicesFee,True,0.02,GBP,,,False
206-4792723-5481947,,EV-CHU5-XU3G,2026-02-01T23:05:41Z,Refund,Refund_Tax,False,-1.25,GBP,,,False
206-4792723-5481947,,EV-CHU5-XU3G,2026-02-01T23:05:41Z,Refund,Refund_Principal,False,-6.24,GBP,,,False
206-4792723-5481947,,EV-CHU5-XU3G,2026-02-01T23:05:41Z,Refund,Refund_Commission,True,1.17,GBP,,,False
206-4792723-5481947,,EV-CHU5-XU3G,2026-02-01T23:05:41Z,Refund,Refund_FixedClosingFee,True,,GBP,,,False
206-4792723-5481947,,EV-CHU5-XU3G,2026-02-01T23:05:41Z,Refund,Refund_GiftwrapChargeback,True,,GBP,,,False
206-4792723-5481947,,EV-CHU5-XU3G,2026-02-01T23:05:41Z,Refund,Refund_RefundCommission,True,-0.23,GBP,,,False
206-4792723-5481947,,EV-CHU5-XU3G,2026-02-01T23:05:41Z,Refund,Refund_ShippingChargeback,True,,GBP,,,False
206-4792723-5481947,,EV-CHU5-XU3G,2026-02-01T23:05:41Z,Refund,Refund_VariableClosingFee,True,,GBP,,,False
206-4792723-5481947,,EV-CHU5-XU3G,2026-02-01T23:05:41Z,Refund,Refund_DigitalServicesFee,True,0.03,GBP,,,False
206-8373033-1621927,,AX-NKNU-29C1,2026-02-02T20:21:08Z,Refund,Refund_Tax,False,-0.66,GBP,,,False
206-8373033-1621927,,AX-NKNU-29C1,2026-02-02T20:21:08Z,Refund,Refund_Principal,False,-3.32,GBP,,,False
206-8373033-1621927,,AX-NKNU-29C1,2026-02-02T20:21:08Z,Refund,Refund_Commission,True,0.24,GBP,,,False
206-8373033-1621927,,AX-NKNU-29C1,2026-02-02T20:21:08Z,Refund,Refund_FixedClosingFee,True,,GBP,,,False
206-8373033-1621927,,AX-NKNU-29C1,2026-02-02T20:21:08Z,Refund,Refund_GiftwrapChargeback,True,,GBP,,,False
206-8373033-1621927,,AX-NKNU-29C1,2026-02-02T20:21:08Z,Refund,Refund_RefundCommission,True,-0.05,GBP,,,False
206-8373033-1621927,,AX-NKNU-29C1,2026-02-02T20:21:08Z,Refund,Refund_ShippingChargeback,True,,GBP,,,False
206-8373033-1621927,,AX-NKNU-29C1,2026-02-02T20:21:08Z,Refund,Refund_VariableClosingFee,True,,GBP,,,False
206-8373033-1621927,,AX-NKNU-29C1,2026-02-02T20:21:08Z,Refund,Refund_DigitalServicesFee,True,,GBP,,,False
205-9601009-9285103,,A2-T2AC-TW3L,2026-02-02T22:56:44Z,Refund,Refund_Tax,False,-1.98,GBP,,,False
205-9601009-9285103,,A2-T2AC-TW3L,2026-02-02T22:56:44Z,Refund,Refund_Principal,False,-9.91,GBP,,,False
205-9601009-9285103,,A2-T2AC-TW3L,2026-02-02T22:56:44Z,Refund,Refund_Commission,True,1.86,GBP,,,False
205-9601009-9285103,,A2-T2AC-TW3L,2026-02-02T22:56:44Z,Refund,Refund_FixedClosingFee,True,,GBP,,,False
205-9601009-9285103,,A2-T2AC-TW3L,2026-02-02T22:56:44Z,Refund,Refund_GiftwrapChargeback,True,,GBP,,,False
205-9601009-9285103,,A2-T2AC-TW3L,2026-02-02T22:56:44Z,Refund,Refund_RefundCommission,True,-0.37,GBP,,,False
205-9601009-9285103,,A2-T2AC-TW3L,2026-02-02T22:56:44Z,Refund,Refund_ShippingChargeback,True,,GBP,,,False
205-9601009-9285103,,A2-T2AC-TW3L,2026-02-02T22:56:44Z,Refund,Refund_VariableClosingFee,True,,GBP,,,False
205-9601009-9285103,,A2-T2AC-TW3L,2026-02-02T22:56:44Z,Refund,Refund_DigitalServicesFee,True,0.03,GBP,,,False
206-5694070-6724344,,6V-EEC1-2S9Z,2026-02-03T18:47:25Z,Refund,Refund_Tax,False,-1.13,GBP,,,False
206-5694070-6724344,,6V-EEC1-2S9Z,2026-02-03T18:47:25Z,Refund,Refund_Principal,False,-5.67,GBP,,,False
206-5694070-6724344,,6V-EEC1-2S9Z,2026-02-03T18:47:25Z,Refund,Refund_Commission,True,1.05,GBP,,,False
206-5694070-6724344,,6V-EEC1-2S9Z,2026-02-03T18:47:25Z,Refund,Refund_FixedClosingFee,True,,GBP,,,False
206-5694070-6724344,,6V-EEC1-2S9Z,2026-02-03T18:47:25Z,Refund,Refund_GiftwrapChargeback,True,,GBP,,,False
206-5694070-6724344,,6V-EEC1-2S9Z,2026-02-03T18:47:25Z,Refund,Refund_RefundCommission,True,-0.22,GBP,,,False
206-5694070-6724344,,6V-EEC1-2S9Z,2026-02-03T18:47:25Z,Refund,Refund_ShippingChargeback,True,,GBP,,,False
206-5694070-6724344,,6V-EEC1-2S9Z,2026-02-03T18:47:25Z,Refund,Refund_VariableClosingFee,True,,GBP,,,False
206-5694070-6724344,,6V-EEC1-2S9Z,2026-02-03T18:47:25Z,Refund,Refund_DigitalServicesFee,True,0.02,GBP,,,False
026-6453536-7489123,,GH-PONH-K4WQ,2026-02-04T22:39:08Z,Refund,Refund_Tax,False,-1.94,GBP,,,False
026-6453536-7489123,,GH-PONH-K4WQ,2026-02-04T22:39:08Z,Refund,Refund_Principal,False,-9.72,GBP,,,False
026-6453536-7489123,,GH-PONH-K4WQ,2026-02-04T22:39:08Z,Refund,Refund_Commission,True,2.1,GBP,,,False
026-6453536-7489123,,GH-PONH-K4WQ,2026-02-04T22:39:08Z,Refund,Refund_FixedClosingFee,True,,GBP,,,False
026-6453536-7489123,,GH-PONH-K4WQ,2026-02-04T22:39:08Z,Refund,Refund_GiftwrapChargeback,True,,GBP,,,False
026-6453536-7489123,,GH-PONH-K4WQ,2026-02-04T22:39:08Z,Refund,Refund_RefundCommission,True,-0.42,GBP,,,False
026-6453536-7489123,,GH-PONH-K4WQ,2026-02-04T22:39:08Z,Refund,Refund_ShippingChargeback,True,,GBP,,,False
026-6453536-7489123,,GH-PONH-K4WQ,2026-02-04T22:39:08Z,Refund,Refund_VariableClosingFee,True,,GBP,,,False
026-6453536-7489123,,GH-PONH-K4WQ,2026-02-04T22:39:08Z,Refund,Refund_DigitalServicesFee,True,0.05,GBP,,,False
206-2543935-8829904,,DC-K5WH-R7F5,2026-02-05T20:13:26Z,Refund,Refund_Tax,False,-0.55,GBP,,,False
206-2543935-8829904,,DC-K5WH-R7F5,2026-02-05T20:13:26Z,Refund,Refund_Principal,False,-2.75,GBP,,,False
206-2543935-8829904,,DC-K5WH-R7F5,2026-02-05T20:13:26Z,Refund,Refund_Commission,True,0.31,GBP,,,False
206-2543935-8829904,,DC-K5WH-R7F5,2026-02-05T20:13:26Z,Refund,Refund_FixedClosingFee,True,,GBP,,,False
206-2543935-8829904,,DC-K5WH-R7F5,2026-02-05T20:13:26Z,Refund,Refund_GiftwrapChargeback,True,,GBP,,,False
206-2543935-8829904,,DC-K5WH-R7F5,2026-02-05T20:13:26Z,Refund,Refund_RefundCommission,True,-0.06,GBP,,,False
206-2543935-8829904,,DC-K5WH-R7F5,2026-02-05T20:13:26Z,Refund,Refund_ShippingChargeback,True,,GBP,,,False
206-2543935-8829904,,DC-K5WH-R7F5,2026-02-05T20:13:26Z,Refund,Refund_VariableClosingFee,True,,GBP,,,False
206-2543935-8829904,,DC-K5WH-R7F5,2026-02-05T20:13:26Z,Refund,Refund_DigitalServicesFee,True,0.01,GBP,,,False
204-8436080-4424304,,R7-98IN-2PW8,2026-02-06T00:18:20Z,Refund,Refund_Tax,False,-0.97,GBP,,,False
204-8436080-4424304,,R7-98IN-2PW8,2026-02-06T00:18:20Z,Refund,Refund_Principal,False,-4.86,GBP,,,False
204-8436080-4424304,,R7-98IN-2PW8,2026-02-06T00:18:20Z,Refund,Refund_Commission,True,0.56,GBP,,,False
204-8436080-4424304,,R7-98IN-2PW8,2026-02-06T00:18:20Z,Refund,Refund_FixedClosingFee,True,,GBP,,,False
204-8436080-4424304,,R7-98IN-2PW8,2026-02-06T00:18:20Z,Refund,Refund_GiftwrapChargeback,True,,GBP,,,False
204-8436080-4424304,,R7-98IN-2PW8,2026-02-06T00:18:20Z,Refund,Refund_RefundCommission,True,-0.11,GBP,,,False
204-8436080-4424304,,R7-98IN-2PW8,2026-02-06T00:18:20Z,Refund,Refund_ShippingChargeback,True,,GBP,,,False
204-8436080-4424304,,R7-98IN-2PW8,2026-02-06T00:18:20Z,Refund,Refund_VariableClosingFee,True,,GBP,,,False
204-8436080-4424304,,R7-98IN-2PW8,2026-02-06T00:18:20Z,Refund,Refund_DigitalServicesFee,True,0.01,GBP,,,False
202-4378373-3301143,,R7-98IN-2PW8,2026-02-06T12:30:12Z,Refund,Refund_Tax,False,-0.97,GBP,,,False
202-4378373-3301143,,R7-98IN-2PW8,2026-02-06T12:30:12Z,Refund,Refund_Principal,False,-4.86,GBP,,,False
202-4378373-3301143,,R7-98IN-2PW8,2026-02-06T12:30:12Z,Refund,Refund_Commission,True,0.56,GBP,,,False
202-4378373-3301143,,R7-98IN-2PW8,2026-02-06T12:30:12Z,Refund,Refund_FixedClosingFee,True,,GBP,,,False
202-4378373-3301143,,R7-98IN-2PW8,2026-02-06T12:30:12Z,Refund,Refund_GiftwrapChargeback,True,,GBP,,,False
202-4378373-3301143,,R7-98IN-2PW8,2026-02-06T12:30:12Z,Refund,Refund_RefundCommission,True,-0.11,GBP,,,False
202-4378373-3301143,,R7-98IN-2PW8,2026-02-06T12:30:12Z,Refund,Refund_ShippingChargeback,True,,GBP,,,False
202-4378373-3301143,,R7-98IN-2PW8,2026-02-06T12:30:12Z,Refund,Refund_VariableClosingFee,True,,GBP,,,False
202-4378373-3301143,,R7-98IN-2PW8,2026-02-06T12:30:12Z,Refund,Refund_DigitalServicesFee,True,0.01,GBP,,,False
205-9062693-1369167,,WX-L5UA-UB1Q,2026-02-06T17:44:39Z,Refund,Refund_Tax,False,-0.93,GBP,,,False
205-9062693-1369167,,WX-L5UA-UB1Q,2026-02-06T17:44:39Z,Refund,Refund_Principal,False,-4.66,GBP,,,False
205-9062693-1369167,,WX-L5UA-UB1Q,2026-02-06T17:44:39Z,Refund,Refund_Commission,True,0.87,GBP,,,False
205-9062693-1369167,,WX-L5UA-UB1Q,2026-02-06T17:44:39Z,Refund,Refund_FixedClosingFee,True,,GBP,,,False
205-9062693-1369167,,WX-L5UA-UB1Q,2026-02-06T17:44:39Z,Refund,Refund_GiftwrapChargeback,True,,GBP,,,False
205-9062693-1369167,,WX-L5UA-UB1Q,2026-02-06T17:44:39Z,Refund,Refund_RefundCommission,True,-0.18,GBP,,,False
205-9062693-1369167,,WX-L5UA-UB1Q,2026-02-06T17:44:39Z,Refund,Refund_ShippingChargeback,True,,GBP,,,False
205-9062693-1369167,,WX-L5UA-UB1Q,2026-02-06T17:44:39Z,Refund,Refund_VariableClosingFee,True,,GBP,,,False
205-9062693-1369167,,WX-L5UA-UB1Q,2026-02-06T17:44:39Z,Refund,Refund_DigitalServicesFee,True,0.01,GBP,,,False
204-0765803-3547516,,SR-6OBB-WC03,2026-02-07T20:18:44Z,Refund,Refund_Tax,False,-1.24,GBP,,,False
204-0765803-3547516,,SR-6OBB-WC03,2026-02-07T20:18:44Z,Refund,Refund_Principal,False,-6.17,GBP,,,False
204-0765803-3547516,,SR-6OBB-WC03,2026-02-07T20:18:44Z,Refund,Refund_Commission,True,1.33,GBP,,,False
204-0765803-3547516,,SR-6OBB-WC03,2026-02-07T20:18:44Z,Refund,Refund_FixedClosingFee,True,,GBP,,,False
204-0765803-3547516,,SR-6OBB-WC03,2026-02-07T20:18:44Z,Refund,Refund_GiftwrapChargeback,True,,GBP,,,False
204-0765803-3547516,,SR-6OBB-WC03,2026-02-07T20:18:44Z,Refund,Refund_RefundCommission,True,-0.26,GBP,,,False
204-0765803-3547516,,SR-6OBB-WC03,2026-02-07T20:18:44Z,Refund,Refund_ShippingChargeback,True,,GBP,,,False
204-0765803-3547516,,SR-6OBB-WC03,2026-02-07T20:18:44Z,Refund,Refund_VariableClosingFee,True,,GBP,,,False
204-0765803-3547516,,SR-6OBB-WC03,2026-02-07T20:18:44Z,Refund,Refund_DigitalServicesFee,True,0.03,GBP,,,False
203-1976837-5949103,,8R-E0Y9-0LAU,2026-02-12T16:27:21Z,Refund,Refund_ShippingTax,False,-1.35,GBP,,,False
203-1976837-5949103,,8R-E0Y9-0LAU,2026-02-12T16:27:21Z,Refund,Refund_ShippingCharge,False,-5.88,GBP,,,False
203-1976837-5949103,,8R-E0Y9-0LAU,2026-02-12T16:27:21Z,Refund,Refund_Commission,True,,GBP,,,False
203-1976837-5949103,,8R-E0Y9-0LAU,2026-02-12T16:27:21Z,Refund,Refund_FixedClosingFee,True,,GBP,,,False
203-1976837-5949103,,8R-E0Y9-0LAU,2026-02-12T16:27:21Z,Refund,Refund_GiftwrapChargeback,True,,GBP,,,False
203-1976837-5949103,,8R-E0Y9-0LAU,2026-02-12T16:27:21Z,Refund,Refund_RefundCommission,True,,GBP,,,False
203-1976837-5949103,,8R-E0Y9-0LAU,2026-02-12T16:27:21Z,Refund,Refund_ShippingChargeback,True,6.02,GBP,,,False
203-1976837-5949103,,8R-E0Y9-0LAU,2026-02-12T16:27:21Z,Refund,Refund_VariableClosingFee,True,,GBP,,,False
203-1976837-5949103,,8R-E0Y9-0LAU,2026-02-12T16:27:21Z,Refund,Refund_DigitalServicesFee,True,0.14,GBP,,,False
203-1976837-5949103,,8R-E0Y9-0LAU,2026-02-12T16:27:21Z,Refund,Refund_MarketplaceFacilitatorVAT-Shipping,False,1.35,GBP,,,False
206-0183644-2597120,,T8-6UWL-I3E1,2026-02-13T20:06:20Z,Refund,Refund_Tax,False,-0.71,GBP,,,False
206-0183644-2597120,,T8-6UWL-I3E1,2026-02-13T20:06:20Z,Refund,Refund_Principal,False,-3.53,GBP,,,False
206-0183644-2597120,,T8-6UWL-I3E1,2026-02-13T20:06:20Z,Refund,Refund_Commission,True,0.66,GBP,,,False
206-0183644-2597120,,T8-6UWL-I3E1,2026-02-13T20:06:20Z,Refund,Refund_FixedClosingFee,True,,GBP,,,False
206-0183644-2597120,,T8-6UWL-I3E1,2026-02-13T20:06:20Z,Refund,Refund_GiftwrapChargeback,True,,GBP,,,False
206-0183644-2597120,,T8-6UWL-I3E1,2026-02-13T20:06:20Z,Refund,Refund_RefundCommission,True,-0.13,GBP,,,False
206-0183644-2597120,,T8-6UWL-I3E1,2026-02-13T20:06:20Z,Refund,Refund_ShippingChargeback,True,,GBP,,,False
206-0183644-2597120,,T8-6UWL-I3E1,2026-02-13T20:06:20Z,Refund,Refund_VariableClosingFee,True,,GBP,,,False
206-0183644-2597120,,T8-6UWL-I3E1,2026-02-13T20:06:20Z,Refund,Refund_DigitalServicesFee,True,0.01,GBP,,,False
204-7722459-2601949,,3X-EXDD-TD2K,2026-02-15T14:33:38Z,Refund,Refund_Tax,False,-8.33,GBP,,,False
204-7722459-2601949,,3X-EXDD-TD2K,2026-02-15T14:33:38Z,Refund,Refund_ShippingTax,False,-0.08,GBP,,,False
204-7722459-2601949,,3X-EXDD-TD2K,2026-02-15T14:33:38Z,Refund,Refund_ShippingCharge,False,-0.42,GBP,,,False
204-7722459-2601949,,3X-EXDD-TD2K,2026-02-15T14:33:38Z,Refund,Refund_Principal,False,-41.66,GBP,,,False
204-7722459-2601949,,3X-EXDD-TD2K,2026-02-15T14:33:38Z,Refund,Refund_Commission,True,9.0,GBP,,,False
204-7722459-2601949,,3X-EXDD-TD2K,2026-02-15T14:33:38Z,Refund,Refund_FixedClosingFee,True,,GBP,,,False
204-7722459-2601949,,3X-EXDD-TD2K,2026-02-15T14:33:38Z,Refund,Refund_GiftwrapChargeback,True,,GBP,,,False
204-7722459-2601949,,3X-EXDD-TD2K,2026-02-15T14:33:38Z,Refund,Refund_RefundCommission,True,-1.8,GBP,,,False
204-7722459-2601949,,3X-EXDD-TD2K,2026-02-15T14:33:38Z,Refund,Refund_ShippingChargeback,True,,GBP,,,False
204-7722459-2601949,,3X-EXDD-TD2K,2026-02-15T14:33:38Z,Refund,Refund_VariableClosingFee,True,,GBP,,,False
204-7722459-2601949,,3X-EXDD-TD2K,2026-02-15T14:33:38Z,Refund,Refund_DigitalServicesFee,True,0.18,GBP,,,False
204-9884594-4372326,,JB-RGB6-LZOJ,2026-02-15T21:27:51Z,Refund,Refund_ShippingTax,False,-0.33,GBP,,,False
204-9884594-4372326,,JB-RGB6-LZOJ,2026-02-15T21:27:51Z,Refund,Refund_ShippingCharge,False,-1.66,GBP,,,False
204-9884594-4372326,,JB-RGB6-LZOJ,2026-02-15T21:27:51Z,Refund,Refund_Commission,True,,GBP,,,False
204-9884594-4372326,,JB-RGB6-LZOJ,2026-02-15T21:27:51Z,Refund,Refund_FixedClosingFee,True,,GBP,,,False
204-9884594-4372326,,JB-RGB6-LZOJ,2026-02-15T21:27:51Z,Refund,Refund_GiftwrapChargeback,True,,GBP,,,False
204-9884594-4372326,,JB-RGB6-LZOJ,2026-02-15T21:27:51Z,Refund,Refund_RefundCommission,True,,GBP,,,False
204-9884594-4372326,,JB-RGB6-LZOJ,2026-02-15T21:27:51Z,Refund,Refund_ShippingChargeback,True,1.99,GBP,,,False
204-9884594-4372326,,JB-RGB6-LZOJ,2026-02-15T21:27:51Z,Refund,Refund_VariableClosingFee,True,,GBP,,,False
204-9884594-4372326,,JB-RGB6-LZOJ,2026-02-15T21:27:51Z,Refund,Refund_DigitalServicesFee,True,0.04,GBP,,,False
205-4897433-1069154,,JB-RGB6-LZOJ,2026-02-18T00:17:06Z,Refund,Refund_Tax,False,-1.02,GBP,,,False
205-4897433-1069154,,JB-RGB6-LZOJ,2026-02-18T00:17:06Z,Refund,Refund_Principal,False,-5.07,GBP,,,False
205-4897433-1069154,,JB-RGB6-LZOJ,2026-02-18T00:17:06Z,Refund,Refund_Commission,True,0.94,GBP,,,False
205-4897433-1069154,,JB-RGB6-LZOJ,2026-02-18T00:17:06Z,Refund,Refund_FixedClosingFee,True,,GBP,,,False
205-4897433-1069154,,JB-RGB6-LZOJ,2026-02-18T00:17:06Z,Refund,Refund_GiftwrapChargeback,True,,GBP,,,False
205-4897433-1069154,,JB-RGB6-LZOJ,2026-02-18T00:17:06Z,Refund,Refund_RefundCommission,True,-0.19,GBP,,,False
205-4897433-1069154,,JB-RGB6-LZOJ,2026-02-18T00:17:06Z,Refund,Refund_ShippingChargeback,True,,GBP,,,False
205-4897433-1069154,,JB-RGB6-LZOJ,2026-02-18T00:17:06Z,Refund,Refund_VariableClosingFee,True,,GBP,,,False
205-4897433-1069154,,JB-RGB6-LZOJ,2026-02-18T00:17:06Z,Refund,Refund_DigitalServicesFee,True,0.02,GBP,,,False
404-1696451-3039560,,L1-54EX-56YC,2026-02-18T18:36:17Z,Refund,Refund_Tax,False,-3.1,EUR,,,False
404-1696451-3039560,,L1-54EX-56YC,2026-02-18T18:36:17Z,Refund,Refund_Principal,False,-13.46,EUR,,,False
404-1696451-3039560,,L1-54EX-56YC,2026-02-18T18:36:17Z,Refund,Refund_Commission,True,1.58,EUR,,,False
404-1696451-3039560,,L1-54EX-56YC,2026-02-18T18:36:17Z,Refund,Refund_FixedClosingFee,True,,EUR,,,False
404-1696451-3039560,,L1-54EX-56YC,2026-02-18T18:36:17Z,Refund,Refund_GiftwrapChargeback,True,,EUR,,,False
404-1696451-3039560,,L1-54EX-56YC,2026-02-18T18:36:17Z,Refund,Refund_RefundCommission,True,-0.31,EUR,,,False
404-1696451-3039560,,L1-54EX-56YC,2026-02-18T18:36:17Z,Refund,Refund_ShippingChargeback,True,,EUR,,,False
404-1696451-3039560,,L1-54EX-56YC,2026-02-18T18:36:17Z,Refund,Refund_VariableClosingFee,True,,EUR,,,False
404-1696451-3039560,,L1-54EX-56YC,2026-02-18T18:36:17Z,Refund,Refund_MarketplaceFacilitatorVAT-Principal,False,3.1,EUR,,,False
404-7267583-2804337,,L1-54EX-56YC,2026-02-19T10:03:04Z,Refund,Refund_Tax,False,-3.42,EUR,,,False
404-7267583-2804337,,L1-54EX-56YC,2026-02-19T10:03:04Z,Refund,Refund_Principal,False,-14.88,EUR,,,False
404-7267583-2804337,,L1-54EX-56YC,2026-02-19T10:03:04Z,Refund,Refund_Commission,True,1.76,EUR,,,False
404-7267583-2804337,,L1-54EX-56YC,2026-02-19T10:03:04Z,Refund,Refund_FixedClosingFee,True,,EUR,,,False
404-7267583-2804337,,L1-54EX-56YC,2026-02-19T10:03:04Z,Refund,Refund_GiftwrapChargeback,True,,EUR,,,False
404-7267583-2804337,,L1-54EX-56YC,2026-02-19T10:03:04Z,Refund,Refund_RefundCommission,True,-0.35,EUR,,,False
404-7267583-2804337,,L1-54EX-56YC,2026-02-19T10:03:04Z,Refund,Refund_ShippingChargeback,True,,EUR,,,False
404-7267583-2804337,,L1-54EX-56YC,2026-02-19T10:03:04Z,Refund,Refund_VariableClosingFee,True,,EUR,,,False
404-7267583-2804337,,L1-54EX-56YC,2026-02-19T10:03:04Z,Refund,Refund_MarketplaceFacilitatorVAT-Principal,False,3.42,EUR,,,False
202-4117211-5809154,,A2-T2AC-TW3L,2026-02-19T20:14:22Z,Refund,Refund_Tax,False,-1.91,GBP,,,False
202-4117211-5809154,,A2-T2AC-TW3L,2026-02-19T20:14:22Z,Refund,Refund_Principal,False,-9.57,GBP,,,False
202-4117211-5809154,,A2-T2AC-TW3L,2026-02-19T20:14:22Z,Refund,Refund_Commission,True,1.79,GBP,,,False
202-4117211-5809154,,A2-T2AC-TW3L,2026-02-19T20:14:22Z,Refund,Refund_FixedClosingFee,True,,GBP,,,False
202-4117211-5809154,,A2-T2AC-TW3L,2026-02-19T20:14:22Z,Refund,Refund_GiftwrapChargeback,True,,GBP,,,False
202-4117211-5809154,,A2-T2AC-TW3L,2026-02-19T20:14:22Z,Refund,Refund_RefundCommission,True,-0.36,GBP,,,False
202-4117211-5809154,,A2-T2AC-TW3L,2026-02-19T20:14:22Z,Refund,Refund_ShippingChargeback,True,,GBP,,,False
202-4117211-5809154,,A2-T2AC-TW3L,2026-02-19T20:14:22Z,Refund,Refund_VariableClosingFee,True,,GBP,,,False
202-4117211-5809154,,A2-T2AC-TW3L,2026-02-19T20:14:22Z,Refund,Refund_DigitalServicesFee,True,0.04,GBP,,,False
202-6313356-0991561,,L5-PF3B-WHU4,2026-02-24T15:47:31Z,Refund,Refund_Tax,False,-6.67,GBP,,,False
202-6313356-0991561,,L5-PF3B-WHU4,2026-02-24T15:47:31Z,Refund,Refund_Principal,False,-33.32,GBP,,,False
202-6313356-0991561,,L5-PF3B-WHU4,2026-02-24T15:47:31Z,Refund,Refund_Commission,True,7.2,GBP,,,False
202-6313356-0991561,,L5-PF3B-WHU4,2026-02-24T15:47:31Z,Refund,Refund_FixedClosingFee,True,,GBP,,,False
202-6313356-0991561,,L5-PF3B-WHU4,2026-02-24T15:47:31Z,Refund,Refund_GiftwrapChargeback,True,,GBP,,,False
202-6313356-0991561,,L5-PF3B-WHU4,2026-02-24T15:47:31Z,Refund,Refund_RefundCommission,True,-1.44,GBP,,,False
202-6313356-0991561,,L5-PF3B-WHU4,2026-02-24T15:47:31Z,Refund,Refund_ShippingChargeback,True,,GBP,,,False
202-6313356-0991561,,L5-PF3B-WHU4,2026-02-24T15:47:31Z,Refund,Refund_VariableClosingFee,True,,GBP,,,False
202-6313356-0991561,,L5-PF3B-WHU4,2026-02-24T15:47:31Z,Refund,Refund_DigitalServicesFee,True,0.14,GBP,,,False
404-7471611-6464300,,L5-PF3B-WHU4,2026-02-24T23:27:00Z,Refund,Refund_Tax,False,,AED,,,False
404-7471611-6464300,,L5-PF3B-WHU4,2026-02-24T23:27:00Z,Refund,Refund_Principal,False,-172.8,AED,,,False
404-7471611-6464300,,L5-PF3B-WHU4,2026-02-24T23:27:00Z,Refund,Refund_ExportCharge,False,,AED,,,False
404-7471611-6464300,,L5-PF3B-WHU4,2026-02-24T23:27:00Z,Refund,Refund_Commission,True,25.92,AED,,,False
404-7471611-6464300,,L5-PF3B-WHU4,2026-02-24T23:27:00Z,Refund,Refund_FixedClosingFee,True,,AED,,,False
404-7471611-6464300,,L5-PF3B-WHU4,2026-02-24T23:27:00Z,Refund,Refund_RefundCommission,True,-5.18,AED,,,False
404-7471611-6464300,,L5-PF3B-WHU4,2026-02-24T23:27:00Z,Refund,Refund_ShippingChargeback,True,,AED,,,False
404-7471611-6464300,,L5-PF3B-WHU4,2026-02-24T23:27:00Z,Refund,Refund_VariableClosingFee,True,,AED,,,False
206-9619840-1222758,,Z7-26PV-O9LR,2026-02-26T21:38:51Z,Refund,Refund_Tax,False,-1.53,GBP,,,False
206-9619840-1222758,,Z7-26PV-O9LR,2026-02-26T21:38:51Z,Refund,Refund_Principal,False,-7.64,GBP,,,False
206-9619840-1222758,,Z7-26PV-O9LR,2026-02-26T21:38:51Z,Refund,Refund_Commission,True,0.88,GBP,,,False
206-9619840-1222758,,Z7-26PV-O9LR,2026-02-26T21:38:51Z,Refund,Refund_FixedClosingFee,True,,GBP,,,False
206-9619840-1222758,,Z7-26PV-O9LR,2026-02-26T21:38:51Z,Refund,Refund_GiftwrapChargeback,True,,GBP,,,False
206-9619840-1222758,,Z7-26PV-O9LR,2026-02-26T21:38:51Z,Refund,Refund_RefundCommission,True,-0.18,GBP,,,False
206-9619840-1222758,,Z7-26PV-O9LR,2026-02-26T21:38:51Z,Refund,Refund_ShippingChargeback,True,,GBP,,,False
206-9619840-1222758,,Z7-26PV-O9LR,2026-02-26T21:38:51Z,Refund,Refund_VariableClosingFee,True,,GBP,,,False
206-9619840-1222758,,Z7-26PV-O9LR,2026-02-26T21:38:51Z,Refund,Refund_DigitalServicesFee,True,0.01,GBP,,,False
203-0675502-5159528,,D0-C7C0-H6LN,2026-02-28T21:33:15Z,Refund,Refund_Tax,False,-1.0,GBP,,,False
203-0675502-5159528,,D0-C7C0-H6LN,2026-02-28T21:33:15Z,Refund,Refund_Principal,False,-5.0,GBP,,,False
203-0675502-5159528,,D0-C7C0-H6LN,2026-02-28T21:33:15Z,Refund,Refund_Commission,True,0.36,GBP,,,False
203-0675502-5159528,,D0-C7C0-H6LN,2026-02-28T21:33:15Z,Refund,Refund_FixedClosingFee,True,,GBP,,,False
203-0675502-5159528,,D0-C7C0-H6LN,2026-02-28T21:33:15Z,Refund,Refund_GiftwrapChargeback,True,,GBP,,,False
203-0675502-5159528,,D0-C7C0-H6LN,2026-02-28T21:33:15Z,Refund,Refund_RefundCommission,True,-0.07,GBP,,,False
203-0675502-5159528,,D0-C7C0-H6LN,2026-02-28T21:33:15Z,Refund,Refund_ShippingChargeback,True,,GBP,,,False
203-0675502-5159528,,D0-C7C0-H6LN,2026-02-28T21:33:15Z,Refund,Refund_VariableClosingFee,True,,GBP,,,False
203-0675502-5159528,,D0-C7C0-H6LN,2026-02-28T21:33:15Z,Refund,Refund_DigitalServicesFee,True,0.01,GBP,,,False
202-4708425-6986723,,7M-48OU-23X3,2026-03-02T09:55:21Z,Refund,Refund_Tax,False,-3.02,GBP,,,False
202-4708425-6986723,,7M-48OU-23X3,2026-03-02T09:55:21Z,Refund,Refund_ShippingTax,False,-0.7,GBP,,,False
202-4708425-6986723,,7M-48OU-23X3,2026-03-02T09:55:21Z,Refund,Refund_ShippingCharge,False,-3.36,GBP,,,False
202-4708425-6986723,,7M-48OU-23X3,2026-03-02T09:55:21Z,Refund,Refund_Principal,False,-14.37,GBP,,,False
202-4708425-6986723,,7M-48OU-23X3,2026-03-02T09:55:21Z,Refund,Refund_Commission,True,3.11,GBP,,,False
202-4708425-6986723,,7M-48OU-23X3,2026-03-02T09:55:21Z,Refund,Refund_FixedClosingFee,True,,GBP,,,False
202-4708425-6986723,,7M-48OU-23X3,2026-03-02T09:55:21Z,Refund,Refund_GiftwrapChargeback,True,,GBP,,,False
202-4708425-6986723,,7M-48OU-23X3,2026-03-02T09:55:21Z,Refund,Refund_RefundCommission,True,-0.62,GBP,,,False
202-4708425-6986723,,7M-48OU-23X3,2026-03-02T09:55:21Z,Refund,Refund_ShippingChargeback,True,3.38,GBP,,,False
202-4708425-6986723,,7M-48OU-23X3,2026-03-02T09:55:21Z,Refund,Refund_VariableClosingFee,True,,GBP,,,False
202-4708425-6986723,,7M-48OU-23X3,2026-03-02T09:55:21Z,Refund,Refund_DigitalServicesFee,True,0.15,GBP,,,False
202-4708425-6986723,,7M-48OU-23X3,2026-03-02T09:55:21Z,Refund,Refund_MarketplaceFacilitatorVAT-Principal,False,3.02,GBP,,,False
202-4708425-6986723,,7M-48OU-23X3,2026-03-02T09:55:21Z,Refund,Refund_MarketplaceFacilitatorVAT-Shipping,False,0.7,GBP,,,False
026-2858839-9347530,,LR-7GM6-1RCH,2026-03-04T20:20:04Z,Refund,Refund_Tax,False,-6.34,GBP,,,False
026-2858839-9347530,,LR-7GM6-1RCH,2026-03-04T20:20:04Z,Refund,Refund_ShippingTax,False,-0.33,GBP,,,False
026-2858839-9347530,,LR-7GM6-1RCH,2026-03-04T20:20:04Z,Refund,Refund_ShippingCharge,False,-1.66,GBP,,,False
026-2858839-9347530,,LR-7GM6-1RCH,2026-03-04T20:20:04Z,Refund,Refund_Principal,False,-31.72,GBP,,,False
026-2858839-9347530,,LR-7GM6-1RCH,2026-03-04T20:20:04Z,Refund,Refund_Commission,True,3.19,GBP,,,False
026-2858839-9347530,,LR-7GM6-1RCH,2026-03-04T20:20:04Z,Refund,Refund_FixedClosingFee,True,,GBP,,,False
026-2858839-9347530,,LR-7GM6-1RCH,2026-03-04T20:20:04Z,Refund,Refund_GiftwrapChargeback,True,,GBP,,,False
026-2858839-9347530,,LR-7GM6-1RCH,2026-03-04T20:20:04Z,Refund,Refund_RefundCommission,True,-0.64,GBP,,,False
026-2858839-9347530,,LR-7GM6-1RCH,2026-03-04T20:20:04Z,Refund,Refund_ShippingChargeback,True,,GBP,,,False
026-2858839-9347530,,LR-7GM6-1RCH,2026-03-04T20:20:04Z,Refund,Refund_VariableClosingFee,True,,GBP,,,False
026-2858839-9347530,,LR-7GM6-1RCH,2026-03-04T20:20:04Z,Refund,Refund_DigitalServicesFee,True,0.06,GBP,,,False
202-9537741-9189913,,LR-7GM6-1RCH,2026-03-04T20:40:39Z,Refund,Refund_Tax,False,-6.34,GBP,,,False
202-9537741-9189913,,LR-7GM6-1RCH,2026-03-04T20:40:39Z,Refund,Refund_ShippingTax,False,-0.33,GBP,,,False
202-9537741-9189913,,LR-7GM6-1RCH,2026-03-04T20:40:39Z,Refund,Refund_ShippingCharge,False,-1.66,GBP,,,False
202-9537741-9189913,,LR-7GM6-1RCH,2026-03-04T20:40:39Z,Refund,Refund_Principal,False,-31.72,GBP,,,False
202-9537741-9189913,,LR-7GM6-1RCH,2026-03-04T20:40:39Z,Refund,Refund_Commission,True,3.2,GBP,,,False
202-9537741-9189913,,LR-7GM6-1RCH,2026-03-04T20:40:39Z,Refund,Refund_FixedClosingFee,True,,GBP,,,False
202-9537741-9189913,,LR-7GM6-1RCH,2026-03-04T20:40:39Z,Refund,Refund_GiftwrapChargeback,True,,GBP,,,False
202-9537741-9189913,,LR-7GM6-1RCH,2026-03-04T20:40:39Z,Refund,Refund_RefundCommission,True,-0.64,GBP,,,False
202-9537741-9189913,,LR-7GM6-1RCH,2026-03-04T20:40:39Z,Refund,Refund_ShippingChargeback,True,,GBP,,,False
202-9537741-9189913,,LR-7GM6-1RCH,2026-03-04T20:40:39Z,Refund,Refund_VariableClosingFee,True,,GBP,,,False
202-9537741-9189913,,LR-7GM6-1RCH,2026-03-04T20:40:39Z,Refund,Refund_DigitalServicesFee,True,0.06,GBP,,,False
205-0417742-2605965,,LR-7GM6-1RCH,2026-03-06T22:03:28Z,Refund,Refund_Tax,False,-6.34,GBP,,,False
205-0417742-2605965,,LR-7GM6-1RCH,2026-03-06T22:03:28Z,Refund,Refund_Principal,False,-31.72,GBP,,,False
205-0417742-2605965,,LR-7GM6-1RCH,2026-03-06T22:03:28Z,Refund,Refund_Commission,True,3.19,GBP,,,False
205-0417742-2605965,,LR-7GM6-1RCH,2026-03-06T22:03:28Z,Refund,Refund_FixedClosingFee,True,,GBP,,,False
205-0417742-2605965,,LR-7GM6-1RCH,2026-03-06T22:03:28Z,Refund,Refund_GiftwrapChargeback,True,,GBP,,,False
205-0417742-2605965,,LR-7GM6-1RCH,2026-03-06T22:03:28Z,Refund,Refund_RefundCommission,True,-0.64,GBP,,,False
205-0417742-2605965,,LR-7GM6-1RCH,2026-03-06T22:03:28Z,Refund,Refund_ShippingChargeback,True,,GBP,,,False
205-0417742-2605965,,LR-7GM6-1RCH,2026-03-06T22:03:28Z,Refund,Refund_VariableClosingFee,True,,GBP,,,False
205-0417742-2605965,,LR-7GM6-1RCH,2026-03-06T22:03:28Z,Refund,Refund_DigitalServicesFee,True,0.06,GBP,,,False
204-6238041-2065907,,6V-EEC1-2S9Z,2026-03-06T22:32:15Z,Refund,Refund_Tax,False,-1.23,GBP,,,False
204-6238041-2065907,,6V-EEC1-2S9Z,2026-03-06T22:32:15Z,Refund,Refund_Principal,False,-6.16,GBP,,,False
204-6238041-2065907,,6V-EEC1-2S9Z,2026-03-06T22:32:15Z,Refund,Refund_Commission,True,1.16,GBP,,,False
204-6238041-2065907,,6V-EEC1-2S9Z,2026-03-06T22:32:15Z,Refund,Refund_FixedClosingFee,True,,GBP,,,False
204-6238041-2065907,,6V-EEC1-2S9Z,2026-03-06T22:32:15Z,Refund,Refund_GiftwrapChargeback,True,,GBP,,,False
204-6238041-2065907,,6V-EEC1-2S9Z,2026-03-06T22:32:15Z,Refund,Refund_RefundCommission,True,-0.23,GBP,,,False
204-6238041-2065907,,6V-EEC1-2S9Z,2026-03-06T22:32:15Z,Refund,Refund_ShippingChargeback,True,,GBP,,,False
204-6238041-2065907,,6V-EEC1-2S9Z,2026-03-06T22:32:15Z,Refund,Refund_VariableClosingFee,True,,GBP,,,False
204-6238041-2065907,,6V-EEC1-2S9Z,2026-03-06T22:32:15Z,Refund,Refund_DigitalServicesFee,True,0.03,GBP,,,False
204-1029500-3713964,,R7-98IN-2PW8,2026-03-10T18:43:10Z,Refund,Refund_Tax,False,-0.95,GBP,,,False
204-1029500-3713964,,R7-98IN-2PW8,2026-03-10T18:43:10Z,Refund,Refund_Principal,False,-4.75,GBP,,,False
204-1029500-3713964,,R7-98IN-2PW8,2026-03-10T18:43:10Z,Refund,Refund_Commission,True,0.55,GBP,,,False
204-1029500-3713964,,R7-98IN-2PW8,2026-03-10T18:43:10Z,Refund,Refund_FixedClosingFee,True,,GBP,,,False
204-1029500-3713964,,R7-98IN-2PW8,2026-03-10T18:43:10Z,Refund,Refund_GiftwrapChargeback,True,,GBP,,,False
204-1029500-3713964,,R7-98IN-2PW8,2026-03-10T18:43:10Z,Refund,Refund_RefundCommission,True,-0.11,GBP,,,False
204-1029500-3713964,,R7-98IN-2PW8,2026-03-10T18:43:10Z,Refund,Refund_ShippingChargeback,True,,GBP,,,False
204-1029500-3713964,,R7-98IN-2PW8,2026-03-10T18:43:10Z,Refund,Refund_VariableClosingFee,True,,GBP,,,False
204-1029500-3713964,,R7-98IN-2PW8,2026-03-10T18:43:10Z,Refund,Refund_DigitalServicesFee,True,0.01,GBP,,,False
026-3258993-7473144,,R7-98IN-2PW8,2026-03-11T20:58:46Z,Refund,Refund_Tax,False,-0.95,GBP,,,False
026-3258993-7473144,,R7-98IN-2PW8,2026-03-11T20:58:46Z,Refund,Refund_Principal,False,-4.75,GBP,,,False
026-3258993-7473144,,R7-98IN-2PW8,2026-03-11T20:58:46Z,Refund,Refund_Commission,True,0.55,GBP,,,False
026-3258993-7473144,,R7-98IN-2PW8,2026-03-11T20:58:46Z,Refund,Refund_FixedClosingFee,True,,GBP,,,False
026-3258993-7473144,,R7-98IN-2PW8,2026-03-11T20:58:46Z,Refund,Refund_GiftwrapChargeback,True,,GBP,,,False
026-3258993-7473144,,R7-98IN-2PW8,2026-03-11T20:58:46Z,Refund,Refund_RefundCommission,True,-0.11,GBP,,,False
026-3258993-7473144,,R7-98IN-2PW8,2026-03-11T20:58:46Z,Refund,Refund_ShippingChargeback,True,,GBP,,,False
026-3258993-7473144,,R7-98IN-2PW8,2026-03-11T20:58:46Z,Refund,Refund_VariableClosingFee,True,,GBP,,,False
026-3258993-7473144,,R7-98IN-2PW8,2026-03-11T20:58:46Z,Refund,Refund_DigitalServicesFee,True,0.01,GBP,,,False
202-9195861-4752360,,Q1-00D7-5IQF,2026-03-25T19:20:06Z,Refund,Refund_Tax,False,-3.99,GBP,,,False
202-9195861-4752360,,Q1-00D7-5IQF,2026-03-25T19:20:06Z,Refund,Refund_Principal,False,-19.97,GBP,,,False
202-9195861-4752360,,Q1-00D7-5IQF,2026-03-25T19:20:06Z,Refund,Refund_Commission,True,4.31,GBP,,,False
202-9195861-4752360,,Q1-00D7-5IQF,2026-03-25T19:20:06Z,Refund,Refund_FixedClosingFee,True,,GBP,,,False
202-9195861-4752360,,Q1-00D7-5IQF,2026-03-25T19:20:06Z,Refund,Refund_GiftwrapChargeback,True,,GBP,,,False
202-9195861-4752360,,Q1-00D7-5IQF,2026-03-25T19:20:06Z,Refund,Refund_RefundCommission,True,-0.86,GBP,,,False
202-9195861-4752360,,Q1-00D7-5IQF,2026-03-25T19:20:06Z,Refund,Refund_ShippingChargeback,True,,GBP,,,False
202-9195861-4752360,,Q1-00D7-5IQF,2026-03-25T19:20:06Z,Refund,Refund_VariableClosingFee,True,,GBP,,,False
202-9195861-4752360,,Q1-00D7-5IQF,2026-03-25T19:20:06Z,Refund,Refund_DigitalServicesFee,True,0.09,GBP,,,False
206-3453009-5668327,,XH-0LAE-FQO5,2026-03-26T19:32:16Z,Refund,Refund_ShippingTax,False,-0.83,GBP,,,False
206-3453009-5668327,,XH-0LAE-FQO5,2026-03-26T19:32:16Z,Refund,Refund_ShippingCharge,False,-4.16,GBP,,,False
206-3453009-5668327,,XH-0LAE-FQO5,2026-03-26T19:32:16Z,Refund,Refund_Commission,True,,GBP,,,False
206-3453009-5668327,,XH-0LAE-FQO5,2026-03-26T19:32:16Z,Refund,Refund_FixedClosingFee,True,,GBP,,,False
206-3453009-5668327,,XH-0LAE-FQO5,2026-03-26T19:32:16Z,Refund,Refund_GiftwrapChargeback,True,,GBP,,,False
206-3453009-5668327,,XH-0LAE-FQO5,2026-03-26T19:32:16Z,Refund,Refund_RefundCommission,True,,GBP,,,False
206-3453009-5668327,,XH-0LAE-FQO5,2026-03-26T19:32:16Z,Refund,Refund_ShippingChargeback,True,4.99,GBP,,,False
206-3453009-5668327,,XH-0LAE-FQO5,2026-03-26T19:32:16Z,Refund,Refund_VariableClosingFee,True,,GBP,,,False
206-3453009-5668327,,XH-0LAE-FQO5,2026-03-26T19:32:16Z,Refund,Refund_DigitalServicesFee,True,0.1,GBP,,,False
206-6134995-6129161,,A2-T2AC-TW3L,2026-03-29T20:59:17Z,Refund,Refund_Tax,False,-1.82,GBP,,,False
206-6134995-6129161,,A2-T2AC-TW3L,2026-03-29T20:59:17Z,Refund,Refund_Principal,False,-9.12,GBP,,,False
206-6134995-6129161,,A2-T2AC-TW3L,2026-03-29T20:59:17Z,Refund,Refund_Commission,True,1.71,GBP,,,False
206-6134995-6129161,,A2-T2AC-TW3L,2026-03-29T20:59:17Z,Refund,Refund_FixedClosingFee,True,,GBP,,,False
206-6134995-6129161,,A2-T2AC-TW3L,2026-03-29T20:59:17Z,Refund,Refund_GiftwrapChargeback,True,,GBP,,,False
206-6134995-6129161,,A2-T2AC-TW3L,2026-03-29T20:59:17Z,Refund,Refund_RefundCommission,True,-0.34,GBP,,,False
206-6134995-6129161,,A2-T2AC-TW3L,2026-03-29T20:59:17Z,Refund,Refund_ShippingChargeback,True,,GBP,,,False
206-6134995-6129161,,A2-T2AC-TW3L,2026-03-29T20:59:17Z,Refund,Refund_VariableClosingFee,True,,GBP,,,False
206-6134995-6129161,,A2-T2AC-TW3L,2026-03-29T20:59:17Z,Refund,Refund_DigitalServicesFee,True,0.04,GBP,,,False
202-7461177-1832368,,8R-E0Y9-0LAU,2026-03-30T20:48:00Z,Refund,Refund_Tax,False,-10.0,GBP,,,False
202-7461177-1832368,,8R-E0Y9-0LAU,2026-03-30T20:48:00Z,Refund,Refund_Principal,False,-49.99,GBP,,,False
202-7461177-1832368,,8R-E0Y9-0LAU,2026-03-30T20:48:00Z,Refund,Refund_Commission,True,10.8,GBP,,,False
202-7461177-1832368,,8R-E0Y9-0LAU,2026-03-30T20:48:00Z,Refund,Refund_FixedClosingFee,True,,GBP,,,False
202-7461177-1832368,,8R-E0Y9-0LAU,2026-03-30T20:48:00Z,Refund,Refund_GiftwrapChargeback,True,,GBP,,,False
202-7461177-1832368,,8R-E0Y9-0LAU,2026-03-30T20:48:00Z,Refund,Refund_RefundCommission,True,-2.16,GBP,,,False
202-7461177-1832368,,8R-E0Y9-0LAU,2026-03-30T20:48:00Z,Refund,Refund_ShippingChargeback,True,,GBP,,,False
202-7461177-1832368,,8R-E0Y9-0LAU,2026-03-30T20:48:00Z,Refund,Refund_VariableClosingFee,True,,GBP,,,False
202-7461177-1832368,,8R-E0Y9-0LAU,2026-03-30T20:48:00Z,Refund,Refund_DigitalServicesFee,True,0.22,GBP,,,False
205-0013868-4309141,,6V-EEC1-2S9Z,2026-04-01T02:27:05Z,Refund,Refund_Tax,False,-1.05,GBP,,,False
205-0013868-4309141,,6V-EEC1-2S9Z,2026-04-01T02:27:05Z,Refund,Refund_Principal,False,-5.25,GBP,,,False
205-0013868-4309141,,6V-EEC1-2S9Z,2026-04-01T02:27:05Z,Refund,Refund_Commission,True,0.98,GBP,,,False
205-0013868-4309141,,6V-EEC1-2S9Z,2026-04-01T02:27:05Z,Refund,Refund_FixedClosingFee,True,,GBP,,,False
205-0013868-4309141,,6V-EEC1-2S9Z,2026-04-01T02:27:05Z,Refund,Refund_GiftwrapChargeback,True,,GBP,,,False
205-0013868-4309141,,6V-EEC1-2S9Z,2026-04-01T02:27:05Z,Refund,Refund_RefundCommission,True,-0.19,GBP,,,False
205-0013868-4309141,,6V-EEC1-2S9Z,2026-04-01T02:27:05Z,Refund,Refund_ShippingChargeback,True,,GBP,,,False
205-0013868-4309141,,6V-EEC1-2S9Z,2026-04-01T02:27:05Z,Refund,Refund_VariableClosingFee,True,,GBP,,,False
205-0013868-4309141,,6V-EEC1-2S9Z,2026-04-01T02:27:05Z,Refund,Refund_DigitalServicesFee,True,0.02,GBP,,,False
203-4498521-3185148,,AF-KIHX-ANYY,2026-04-02T21:34:32Z,Refund,Refund_Tax,False,-0.58,GBP,,,False
203-4498521-3185148,,AF-KIHX-ANYY,2026-04-02T21:34:32Z,Refund,Refund_Principal,False,-2.87,GBP,,,False
203-4498521-3185148,,AF-KIHX-ANYY,2026-04-02T21:34:32Z,Refund,Refund_Commission,True,0.54,GBP,,,False
203-4498521-3185148,,AF-KIHX-ANYY,2026-04-02T21:34:32Z,Refund,Refund_FixedClosingFee,True,,GBP,,,False
203-4498521-3185148,,AF-KIHX-ANYY,2026-04-02T21:34:32Z,Refund,Refund_GiftwrapChargeback,True,,GBP,,,False
203-4498521-3185148,,AF-KIHX-ANYY,2026-04-02T21:34:32Z,Refund,Refund_RefundCommission,True,-0.11,GBP,,,False
203-4498521-3185148,,AF-KIHX-ANYY,2026-04-02T21:34:32Z,Refund,Refund_ShippingChargeback,True,,GBP,,,False
203-4498521-3185148,,AF-KIHX-ANYY,2026-04-02T21:34:32Z,Refund,Refund_VariableClosingFee,True,,GBP,,,False
203-4498521-3185148,,AF-KIHX-ANYY,2026-04-02T21:34:32Z,Refund,Refund_DigitalServicesFee,True,0.02,GBP,,,False
202-7810125-6393146,,AF-KIHX-ANYY,2026-04-03T19:09:50Z,Refund,Refund_Tax,False,-0.61,GBP,,,False
202-7810125-6393146,,AF-KIHX-ANYY,2026-04-03T19:09:50Z,Refund,Refund_Principal,False,-3.04,GBP,,,False
202-7810125-6393146,,AF-KIHX-ANYY,2026-04-03T19:09:50Z,Refund,Refund_Commission,True,0.57,GBP,,,False
202-7810125-6393146,,AF-KIHX-ANYY,2026-04-03T19:09:50Z,Refund,Refund_FixedClosingFee,True,,GBP,,,False
202-7810125-6393146,,AF-KIHX-ANYY,2026-04-03T19:09:50Z,Refund,Refund_GiftwrapChargeback,True,,GBP,,,False
202-7810125-6393146,,AF-KIHX-ANYY,2026-04-03T19:09:50Z,Refund,Refund_RefundCommission,True,-0.11,GBP,,,False
202-7810125-6393146,,AF-KIHX-ANYY,2026-04-03T19:09:50Z,Refund,Refund_ShippingChargeback,True,,GBP,,,False
202-7810125-6393146,,AF-KIHX-ANYY,2026-04-03T19:09:50Z,Refund,Refund_VariableClosingFee,True,,GBP,,,False
202-7810125-6393146,,AF-KIHX-ANYY,2026-04-03T19:09:50Z,Refund,Refund_DigitalServicesFee,True,0.01,GBP,,,False
205-1265011-3133110,,6V-EEC1-2S9Z,2026-04-05T20:33:02Z,Refund,Refund_ShippingTax,False,-0.28,GBP,,,False
205-1265011-3133110,,6V-EEC1-2S9Z,2026-04-05T20:33:02Z,Refund,Refund_ShippingCharge,False,-1.38,GBP,,,False
205-1265011-3133110,,6V-EEC1-2S9Z,2026-04-05T20:33:02Z,Refund,Refund_Commission,True,,GBP,,,False
205-1265011-3133110,,6V-EEC1-2S9Z,2026-04-05T20:33:02Z,Refund,Refund_FixedClosingFee,True,,GBP,,,False
205-1265011-3133110,,6V-EEC1-2S9Z,2026-04-05T20:33:02Z,Refund,Refund_GiftwrapChargeback,True,,GBP,,,False
205-1265011-3133110,,6V-EEC1-2S9Z,2026-04-05T20:33:02Z,Refund,Refund_RefundCommission,True,,GBP,,,False
205-1265011-3133110,,6V-EEC1-2S9Z,2026-04-05T20:33:02Z,Refund,Refund_ShippingChargeback,True,1.66,GBP,,,False
205-1265011-3133110,,6V-EEC1-2S9Z,2026-04-05T20:33:02Z,Refund,Refund_VariableClosingFee,True,,GBP,,,False
205-1265011-3133110,,6V-EEC1-2S9Z,2026-04-05T20:33:02Z,Refund,Refund_DigitalServicesFee,True,0.04,GBP,,,False
203-1733752-0216354,,VU-8KRA-QP5M,2026-04-05T21:30:03Z,Refund,Refund_Tax,False,-1.97,GBP,,,False
203-1733752-0216354,,VU-8KRA-QP5M,2026-04-05T21:30:03Z,Refund,Refund_Principal,False,-9.87,GBP,,,False
203-1733752-0216354,,VU-8KRA-QP5M,2026-04-05T21:30:03Z,Refund,Refund_Commission,True,2.14,GBP,,,False
203-1733752-0216354,,VU-8KRA-QP5M,2026-04-05T21:30:03Z,Refund,Refund_FixedClosingFee,True,,GBP,,,False
203-1733752-0216354,,VU-8KRA-QP5M,2026-04-05T21:30:03Z,Refund,Refund_GiftwrapChargeback,True,,GBP,,,False
203-1733752-0216354,,VU-8KRA-QP5M,2026-04-05T21:30:03Z,Refund,Refund_RefundCommission,True,-0.43,GBP,,,False
203-1733752-0216354,,VU-8KRA-QP5M,2026-04-05T21:30:03Z,Refund,Refund_ShippingChargeback,True,,GBP,,,False
203-1733752-0216354,,VU-8KRA-QP5M,2026-04-05T21:30:03Z,Refund,Refund_VariableClosingFee,True,,GBP,,,False
203-1733752-0216354,,VU-8KRA-QP5M,2026-04-05T21:30:03Z,Refund,Refund_DigitalServicesFee,True,0.05,GBP,,,False
203-1358798-5629918,,LV-425G-BY4X,2026-04-06T00:02:46Z,Refund,Refund_Tax,False,,GBP,,,False
203-1358798-5629918,,LV-425G-BY4X,2026-04-06T00:02:46Z,Refund,Refund_ShippingTax,False,,GBP,,,False
203-1358798-5629918,,LV-425G-BY4X,2026-04-06T00:02:46Z,Refund,Refund_ShippingCharge,False,-1.99,GBP,,,False
203-1358798-5629918,,LV-425G-BY4X,2026-04-06T00:02:46Z,Refund,Refund_Principal,False,-34.26,GBP,,,False
203-1358798-5629918,,LV-425G-BY4X,2026-04-06T00:02:46Z,Refund,Refund_Commission,True,6.16,GBP,,,False
203-1358798-5629918,,LV-425G-BY4X,2026-04-06T00:02:46Z,Refund,Refund_FixedClosingFee,True,,GBP,,,False
203-1358798-5629918,,LV-425G-BY4X,2026-04-06T00:02:46Z,Refund,Refund_GiftwrapChargeback,True,,GBP,,,False
203-1358798-5629918,,LV-425G-BY4X,2026-04-06T00:02:46Z,Refund,Refund_RefundCommission,True,-1.24,GBP,,,False
203-1358798-5629918,,LV-425G-BY4X,2026-04-06T00:02:46Z,Refund,Refund_ShippingChargeback,True,,GBP,,,False
203-1358798-5629918,,LV-425G-BY4X,2026-04-06T00:02:46Z,Refund,Refund_VariableClosingFee,True,,GBP,,,False
203-1358798-5629918,,LV-425G-BY4X,2026-04-06T00:02:46Z,Refund,Refund_DigitalServicesFee,True,0.12,GBP,,,False
204-5405325-8910719,,6V-EEC1-2S9Z,2026-04-10T18:31:22Z,Refund,Refund_Tax,False,-1.12,GBP,,,False
204-5405325-8910719,,6V-EEC1-2S9Z,2026-04-10T18:31:22Z,Refund,Refund_Principal,False,-5.6,GBP,,,False
204-5405325-8910719,,6V-EEC1-2S9Z,2026-04-10T18:31:22Z,Refund,Refund_Commission,True,1.05,GBP,,,False
204-5405325-8910719,,6V-EEC1-2S9Z,2026-04-10T18:31:22Z,Refund,Refund_FixedClosingFee,True,,GBP,,,False
204-5405325-8910719,,6V-EEC1-2S9Z,2026-04-10T18:31:22Z,Refund,Refund_GiftwrapChargeback,True,,GBP,,,False
204-5405325-8910719,,6V-EEC1-2S9Z,2026-04-10T18:31:22Z,Refund,Refund_RefundCommission,True,-0.2,GBP,,,False
204-5405325-8910719,,6V-EEC1-2S9Z,2026-04-10T18:31:22Z,Refund,Refund_ShippingChargeback,True,,GBP,,,False
204-5405325-8910719,,6V-EEC1-2S9Z,2026-04-10T18:31:22Z,Refund,Refund_VariableClosingFee,True,,GBP,,,False
204-5405325-8910719,,6V-EEC1-2S9Z,2026-04-10T18:31:22Z,Refund,Refund_DigitalServicesFee,True,0.03,GBP,,,False
205-0806495-0993122,,6V-EEC1-2S9Z,2026-04-10T20:46:41Z,Refund,Refund_Tax,False,-1.18,GBP,,,False
205-0806495-0993122,,6V-EEC1-2S9Z,2026-04-10T20:46:41Z,Refund,Refund_Principal,False,-5.87,GBP,,,False
205-0806495-0993122,,6V-EEC1-2S9Z,2026-04-10T20:46:41Z,Refund,Refund_Commission,True,1.1,GBP,,,False
205-0806495-0993122,,6V-EEC1-2S9Z,2026-04-10T20:46:41Z,Refund,Refund_FixedClosingFee,True,,GBP,,,False
205-0806495-0993122,,6V-EEC1-2S9Z,2026-04-10T20:46:41Z,Refund,Refund_GiftwrapChargeback,True,,GBP,,,False
205-0806495-0993122,,6V-EEC1-2S9Z,2026-04-10T20:46:41Z,Refund,Refund_RefundCommission,True,-0.22,GBP,,,False
205-0806495-0993122,,6V-EEC1-2S9Z,2026-04-10T20:46:41Z,Refund,Refund_ShippingChargeback,True,,GBP,,,False
205-0806495-0993122,,6V-EEC1-2S9Z,2026-04-10T20:46:41Z,Refund,Refund_VariableClosingFee,True,,GBP,,,False
205-0806495-0993122,,6V-EEC1-2S9Z,2026-04-10T20:46:41Z,Refund,Refund_DigitalServicesFee,True,0.02,GBP,,,False
202-6948082-6362769,,6V-EEC1-2S9Z,2026-04-11T22:45:02Z,Refund,Refund_Tax,False,-1.04,GBP,,,False
202-6948082-6362769,,6V-EEC1-2S9Z,2026-04-11T22:45:02Z,Refund,Refund_Principal,False,-5.22,GBP,,,False
202-6948082-6362769,,6V-EEC1-2S9Z,2026-04-11T22:45:02Z,Refund,Refund_Commission,True,0.93,GBP,,,False
202-6948082-6362769,,6V-EEC1-2S9Z,2026-04-11T22:45:02Z,Refund,Refund_FixedClosingFee,True,,GBP,,,False
202-6948082-6362769,,6V-EEC1-2S9Z,2026-04-11T22:45:02Z,Refund,Refund_GiftwrapChargeback,True,,GBP,,,False
202-6948082-6362769,,6V-EEC1-2S9Z,2026-04-11T22:45:02Z,Refund,Refund_RefundCommission,True,-0.18,GBP,,,False
202-6948082-6362769,,6V-EEC1-2S9Z,2026-04-11T22:45:02Z,Refund,Refund_ShippingChargeback,True,,GBP,,,False
202-6948082-6362769,,6V-EEC1-2S9Z,2026-04-11T22:45:02Z,Refund,Refund_VariableClosingFee,True,,GBP,,,False
202-6948082-6362769,,6V-EEC1-2S9Z,2026-04-11T22:45:02Z,Refund,Refund_DigitalServicesFee,True,0.03,GBP,,,False
026-5735808-2309908,,SZ-UL4K-SE7W,2026-04-13T23:45:17Z,Refund,Refund_Tax,False,-1.63,GBP,,,False
026-5735808-2309908,,SZ-UL4K-SE7W,2026-04-13T23:45:17Z,Refund,Refund_Principal,False,-8.12,GBP,,,False
026-5735808-2309908,,SZ-UL4K-SE7W,2026-04-13T23:45:17Z,Refund,Refund_Commission,True,1.75,GBP,,,False
026-5735808-2309908,,SZ-UL4K-SE7W,2026-04-13T23:45:17Z,Refund,Refund_FixedClosingFee,True,,GBP,,,False
026-5735808-2309908,,SZ-UL4K-SE7W,2026-04-13T23:45:17Z,Refund,Refund_GiftwrapChargeback,True,,GBP,,,False
026-5735808-2309908,,SZ-UL4K-SE7W,2026-04-13T23:45:17Z,Refund,Refund_RefundCommission,True,-0.35,GBP,,,False
026-5735808-2309908,,SZ-UL4K-SE7W,2026-04-13T23:45:17Z,Refund,Refund_ShippingChargeback,True,,GBP,,,False
026-5735808-2309908,,SZ-UL4K-SE7W,2026-04-13T23:45:17Z,Refund,Refund_VariableClosingFee,True,,GBP,,,False
026-5735808-2309908,,SZ-UL4K-SE7W,2026-04-13T23:45:17Z,Refund,Refund_DigitalServicesFee,True,0.03,GBP,,,False
203-7603757-9104331,,6V-EEC1-2S9Z,2026-04-15T22:29:52Z,Refund,Refund_Tax,False,-1.16,GBP,,,False
203-7603757-9104331,,6V-EEC1-2S9Z,2026-04-15T22:29:52Z,Refund,Refund_Principal,False,-5.77,GBP,,,False
203-7603757-9104331,,6V-EEC1-2S9Z,2026-04-15T22:29:52Z,Refund,Refund_Commission,True,1.08,GBP,,,False
203-7603757-9104331,,6V-EEC1-2S9Z,2026-04-15T22:29:52Z,Refund,Refund_FixedClosingFee,True,,GBP,,,False
203-7603757-9104331,,6V-EEC1-2S9Z,2026-04-15T22:29:52Z,Refund,Refund_GiftwrapChargeback,True,,GBP,,,False
203-7603757-9104331,,6V-EEC1-2S9Z,2026-04-15T22:29:52Z,Refund,Refund_RefundCommission,True,-0.22,GBP,,,False
203-7603757-9104331,,6V-EEC1-2S9Z,2026-04-15T22:29:52Z,Refund,Refund_ShippingChargeback,True,,GBP,,,False
203-7603757-9104331,,6V-EEC1-2S9Z,2026-04-15T22:29:52Z,Refund,Refund_VariableClosingFee,True,,GBP,,,False
203-7603757-9104331,,6V-EEC1-2S9Z,2026-04-15T22:29:52Z,Refund,Refund_DigitalServicesFee,True,0.03,GBP,,,False
205-1818076-1994746,,XH-0LAE-FQO5,2026-04-15T23:22:01Z,Refund,Refund_Tax,False,-1.04,GBP,,,False
205-1818076-1994746,,XH-0LAE-FQO5,2026-04-15T23:22:01Z,Refund,Refund_Principal,False,-5.19,GBP,,,False
205-1818076-1994746,,XH-0LAE-FQO5,2026-04-15T23:22:01Z,Refund,Refund_Commission,True,1.2,GBP,,,False
205-1818076-1994746,,XH-0LAE-FQO5,2026-04-15T23:22:01Z,Refund,Refund_FixedClosingFee,True,,GBP,,,False
205-1818076-1994746,,XH-0LAE-FQO5,2026-04-15T23:22:01Z,Refund,Refund_GiftwrapChargeback,True,,GBP,,,False
205-1818076-1994746,,XH-0LAE-FQO5,2026-04-15T23:22:01Z,Refund,Refund_RefundCommission,True,-0.24,GBP,,,False
205-1818076-1994746,,XH-0LAE-FQO5,2026-04-15T23:22:01Z,Refund,Refund_ShippingChargeback,True,,GBP,,,False
205-1818076-1994746,,XH-0LAE-FQO5,2026-04-15T23:22:01Z,Refund,Refund_VariableClosingFee,True,,GBP,,,False
205-1818076-1994746,,XH-0LAE-FQO5,2026-04-15T23:22:01Z,Refund,Refund_DigitalServicesFee,True,0.02,GBP,,,False
206-8930009-8415538,,SZ-UL4K-SE7W,2026-04-16T18:18:16Z,Refund,Refund_Tax,False,-1.63,GBP,,,False
206-8930009-8415538,,SZ-UL4K-SE7W,2026-04-16T18:18:16Z,Refund,Refund_Principal,False,-8.12,GBP,,,False
206-8930009-8415538,,SZ-UL4K-SE7W,2026-04-16T18:18:16Z,Refund,Refund_Commission,True,1.75,GBP,,,False
206-8930009-8415538,,SZ-UL4K-SE7W,2026-04-16T18:18:16Z,Refund,Refund_FixedClosingFee,True,,GBP,,,False
206-8930009-8415538,,SZ-UL4K-SE7W,2026-04-16T18:18:16Z,Refund,Refund_GiftwrapChargeback,True,,GBP,,,False
206-8930009-8415538,,SZ-UL4K-SE7W,2026-04-16T18:18:16Z,Refund,Refund_RefundCommission,True,-0.35,GBP,,,False
206-8930009-8415538,,SZ-UL4K-SE7W,2026-04-16T18:18:16Z,Refund,Refund_ShippingChargeback,True,,GBP,,,False
206-8930009-8415538,,SZ-UL4K-SE7W,2026-04-16T18:18:16Z,Refund,Refund_VariableClosingFee,True,,GBP,,,False
206-8930009-8415538,,SZ-UL4K-SE7W,2026-04-16T18:18:16Z,Refund,Refund_DigitalServicesFee,True,0.03,GBP,,,False
202-8259826-5644332,,6Q-9G2A-IKVV,2026-04-16T19:13:38Z,Refund,Refund_Tax,False,-5.14,GBP,,,False
202-8259826-5644332,,6Q-9G2A-IKVV,2026-04-16T19:13:38Z,Refund,Refund_Principal,False,-25.64,GBP,,,False
202-8259826-5644332,,6Q-9G2A-IKVV,2026-04-16T19:13:38Z,Refund,Refund_Commission,True,4.8,GBP,,,False
202-8259826-5644332,,6Q-9G2A-IKVV,2026-04-16T19:13:38Z,Refund,Refund_FixedClosingFee,True,,GBP,,,False
202-8259826-5644332,,6Q-9G2A-IKVV,2026-04-16T19:13:38Z,Refund,Refund_GiftwrapChargeback,True,,GBP,,,False
202-8259826-5644332,,6Q-9G2A-IKVV,2026-04-16T19:13:38Z,Refund,Refund_RefundCommission,True,-0.96,GBP,,,False
202-8259826-5644332,,6Q-9G2A-IKVV,2026-04-16T19:13:38Z,Refund,Refund_ShippingChargeback,True,,GBP,,,False
202-8259826-5644332,,6Q-9G2A-IKVV,2026-04-16T19:13:38Z,Refund,Refund_VariableClosingFee,True,,GBP,,,False
202-8259826-5644332,,6Q-9G2A-IKVV,2026-04-16T19:13:38Z,Refund,Refund_DigitalServicesFee,True,0.09,GBP,,,False
205-7326458-1284367,,L3-ZQ8U-A7LQ,2026-04-16T21:59:34Z,Refund,Refund_Tax,False,-2.6,GBP,,,False
205-7326458-1284367,,L3-ZQ8U-A7LQ,2026-04-16T21:59:34Z,Refund,Refund_Principal,False,-13.02,GBP,,,False
205-7326458-1284367,,L3-ZQ8U-A7LQ,2026-04-16T21:59:34Z,Refund,Refund_Commission,True,2.81,GBP,,,False
205-7326458-1284367,,L3-ZQ8U-A7LQ,2026-04-16T21:59:34Z,Refund,Refund_FixedClosingFee,True,,GBP,,,False
205-7326458-1284367,,L3-ZQ8U-A7LQ,2026-04-16T21:59:34Z,Refund,Refund_GiftwrapChargeback,True,,GBP,,,False
205-7326458-1284367,,L3-ZQ8U-A7LQ,2026-04-16T21:59:34Z,Refund,Refund_RefundCommission,True,-0.56,GBP,,,False
205-7326458-1284367,,L3-ZQ8U-A7LQ,2026-04-16T21:59:34Z,Refund,Refund_ShippingChargeback,True,,GBP,,,False
205-7326458-1284367,,L3-ZQ8U-A7LQ,2026-04-16T21:59:34Z,Refund,Refund_VariableClosingFee,True,,GBP,,,False
205-7326458-1284367,,L3-ZQ8U-A7LQ,2026-04-16T21:59:34Z,Refund,Refund_DigitalServicesFee,True,0.06,GBP,,,False
205-8343874-8984315,,LV-425G-BY4X,2026-04-16T22:09:18Z,Refund,Refund_Tax,False,,GBP,,,False
205-8343874-8984315,,LV-425G-BY4X,2026-04-16T22:09:18Z,Refund,Refund_Principal,False,-26.28,GBP,,,False
205-8343874-8984315,,LV-425G-BY4X,2026-04-16T22:09:18Z,Refund,Refund_Commission,True,4.73,GBP,,,False
205-8343874-8984315,,LV-425G-BY4X,2026-04-16T22:09:18Z,Refund,Refund_FixedClosingFee,True,,GBP,,,False
205-8343874-8984315,,LV-425G-BY4X,2026-04-16T22:09:18Z,Refund,Refund_GiftwrapChargeback,True,,GBP,,,False
205-8343874-8984315,,LV-425G-BY4X,2026-04-16T22:09:18Z,Refund,Refund_RefundCommission,True,-0.95,GBP,,,False
205-8343874-8984315,,LV-425G-BY4X,2026-04-16T22:09:18Z,Refund,Refund_ShippingChargeback,True,,GBP,,,False
205-8343874-8984315,,LV-425G-BY4X,2026-04-16T22:09:18Z,Refund,Refund_VariableClosingFee,True,,GBP,,,False
205-8343874-8984315,,LV-425G-BY4X,2026-04-16T22:09:18Z,Refund,Refund_DigitalServicesFee,True,0.1,GBP,,,False
202-3993535-0396311,,JB-RGB6-LZOJ,2026-04-20T22:16:04Z,Refund,Refund_Tax,False,-1.0,GBP,,,False
202-3993535-0396311,,JB-RGB6-LZOJ,2026-04-20T22:16:04Z,Refund,Refund_Principal,False,-5.01,GBP,,,False
202-3993535-0396311,,JB-RGB6-LZOJ,2026-04-20T22:16:04Z,Refund,Refund_Commission,True,0.94,GBP,,,False
202-3993535-0396311,,JB-RGB6-LZOJ,2026-04-20T22:16:04Z,Refund,Refund_FixedClosingFee,True,,GBP,,,False
202-3993535-0396311,,JB-RGB6-LZOJ,2026-04-20T22:16:04Z,Refund,Refund_GiftwrapChargeback,True,,GBP,,,False
202-3993535-0396311,,JB-RGB6-LZOJ,2026-04-20T22:16:04Z,Refund,Refund_RefundCommission,True,-0.19,GBP,,,False
202-3993535-0396311,,JB-RGB6-LZOJ,2026-04-20T22:16:04Z,Refund,Refund_ShippingChargeback,True,,GBP,,,False
202-3993535-0396311,,JB-RGB6-LZOJ,2026-04-20T22:16:04Z,Refund,Refund_VariableClosingFee,True,,GBP,,,False
202-3993535-0396311,,JB-RGB6-LZOJ,2026-04-20T22:16:04Z,Refund,Refund_DigitalServicesFee,True,0.02,GBP,,,False
205-0763319-7381918,,SZ-UL4K-SE7W,2026-04-21T22:09:21Z,Refund,Refund_ShippingTax,False,-0.83,GBP,,,False
205-0763319-7381918,,SZ-UL4K-SE7W,2026-04-21T22:09:21Z,Refund,Refund_ShippingCharge,False,-4.16,GBP,,,False
205-0763319-7381918,,SZ-UL4K-SE7W,2026-04-21T22:09:21Z,Refund,Refund_Commission,True,,GBP,,,False
205-0763319-7381918,,SZ-UL4K-SE7W,2026-04-21T22:09:21Z,Refund,Refund_FixedClosingFee,True,,GBP,,,False
205-0763319-7381918,,SZ-UL4K-SE7W,2026-04-21T22:09:21Z,Refund,Refund_GiftwrapChargeback,True,,GBP,,,False
205-0763319-7381918,,SZ-UL4K-SE7W,2026-04-21T22:09:21Z,Refund,Refund_RefundCommission,True,,GBP,,,False
205-0763319-7381918,,SZ-UL4K-SE7W,2026-04-21T22:09:21Z,Refund,Refund_ShippingChargeback,True,4.99,GBP,,,False
205-0763319-7381918,,SZ-UL4K-SE7W,2026-04-21T22:09:21Z,Refund,Refund_VariableClosingFee,True,,GBP,,,False
205-0763319-7381918,,SZ-UL4K-SE7W,2026-04-21T22:09:21Z,Refund,Refund_DigitalServicesFee,True,0.09,GBP,,,False
205-9993513-6793952,,0G-JB6S-PN34,2026-04-23T15:13:36Z,Refund,Refund_Tax,False,,GBP,,,False
205-9993513-6793952,,0G-JB6S-PN34,2026-04-23T15:13:36Z,Refund,Refund_Principal,False,-5.9,GBP,,,False
205-9993513-6793952,,0G-JB6S-PN34,2026-04-23T15:13:36Z,Refund,Refund_Commission,True,0.36,GBP,,,False
205-9993513-6793952,,0G-JB6S-PN34,2026-04-23T15:13:36Z,Refund,Refund_FixedClosingFee,True,,GBP,,,False
205-9993513-6793952,,0G-JB6S-PN34,2026-04-23T15:13:36Z,Refund,Refund_GiftwrapChargeback,True,,GBP,,,False
205-9993513-6793952,,0G-JB6S-PN34,2026-04-23T15:13:36Z,Refund,Refund_RefundCommission,True,-0.07,GBP,,,False
205-9993513-6793952,,0G-JB6S-PN34,2026-04-23T15:13:36Z,Refund,Refund_ShippingChargeback,True,,GBP,,,False
205-9993513-6793952,,0G-JB6S-PN34,2026-04-23T15:13:36Z,Refund,Refund_VariableClosingFee,True,,GBP,,,False
205-9993513-6793952,,0G-JB6S-PN34,2026-04-23T15:13:36Z,Refund,Refund_DigitalServicesFee,True,0.02,GBP,,,False
204-3585690-7423558,,VF-3T0K-DR5O,2026-04-25T19:40:47Z,Refund,Refund_Tax,False,-0.84,GBP,,,False
204-3585690-7423558,,VF-3T0K-DR5O,2026-04-25T19:40:47Z,Refund,Refund_Principal,False,-4.19,GBP,,,False
204-3585690-7423558,,VF-3T0K-DR5O,2026-04-25T19:40:47Z,Refund,Refund_Commission,True,0.48,GBP,,,False
204-3585690-7423558,,VF-3T0K-DR5O,2026-04-25T19:40:47Z,Refund,Refund_FixedClosingFee,True,,GBP,,,False
204-3585690-7423558,,VF-3T0K-DR5O,2026-04-25T19:40:47Z,Refund,Refund_GiftwrapChargeback,True,,GBP,,,False
204-3585690-7423558,,VF-3T0K-DR5O,2026-04-25T19:40:47Z,Refund,Refund_RefundCommission,True,-0.1,GBP,,,False
204-3585690-7423558,,VF-3T0K-DR5O,2026-04-25T19:40:47Z,Refund,Refund_ShippingChargeback,True,,GBP,,,False
204-3585690-7423558,,VF-3T0K-DR5O,2026-04-25T19:40:47Z,Refund,Refund_VariableClosingFee,True,,GBP,,,False
204-3585690-7423558,,VF-3T0K-DR5O,2026-04-25T19:40:47Z,Refund,Refund_DigitalServicesFee,True,0.01,GBP,,,False
204-7309955-4006719,,VF-3T0K-DR5O,2026-04-25T21:38:49Z,Refund,Refund_Tax,False,-0.84,GBP,,,False
204-7309955-4006719,,VF-3T0K-DR5O,2026-04-25T21:38:49Z,Refund,Refund_Principal,False,-4.19,GBP,,,False
204-7309955-4006719,,VF-3T0K-DR5O,2026-04-25T21:38:49Z,Refund,Refund_Commission,True,0.48,GBP,,,False
204-7309955-4006719,,VF-3T0K-DR5O,2026-04-25T21:38:49Z,Refund,Refund_FixedClosingFee,True,,GBP,,,False
204-7309955-4006719,,VF-3T0K-DR5O,2026-04-25T21:38:49Z,Refund,Refund_GiftwrapChargeback,True,,GBP,,,False
204-7309955-4006719,,VF-3T0K-DR5O,2026-04-25T21:38:49Z,Refund,Refund_RefundCommission,True,-0.1,GBP,,,False
204-7309955-4006719,,VF-3T0K-DR5O,2026-04-25T21:38:49Z,Refund,Refund_ShippingChargeback,True,,GBP,,,False
204-7309955-4006719,,VF-3T0K-DR5O,2026-04-25T21:38:49Z,Refund,Refund_VariableClosingFee,True,,GBP,,,False
204-7309955-4006719,,VF-3T0K-DR5O,2026-04-25T21:38:49Z,Refund,Refund_DigitalServicesFee,True,0.01,GBP,,,False
204-2179861-7126756,,VF-3T0K-DR5O,2026-04-25T22:34:38Z,Refund,Refund_Tax,False,-0.84,GBP,,,False
204-2179861-7126756,,VF-3T0K-DR5O,2026-04-25T22:34:38Z,Refund,Refund_ShippingTax,False,-0.19,GBP,,,False
204-2179861-7126756,,VF-3T0K-DR5O,2026-04-25T22:34:38Z,Refund,Refund_ShippingCharge,False,-0.93,GBP,,,False
204-2179861-7126756,,VF-3T0K-DR5O,2026-04-25T22:34:38Z,Refund,Refund_Principal,False,-4.19,GBP,,,False
204-2179861-7126756,,VF-3T0K-DR5O,2026-04-25T22:34:38Z,Refund,Refund_Commission,True,0.48,GBP,,,False
204-2179861-7126756,,VF-3T0K-DR5O,2026-04-25T22:34:38Z,Refund,Refund_FixedClosingFee,True,,GBP,,,False
204-2179861-7126756,,VF-3T0K-DR5O,2026-04-25T22:34:38Z,Refund,Refund_GiftwrapChargeback,True,,GBP,,,False
204-2179861-7126756,,VF-3T0K-DR5O,2026-04-25T22:34:38Z,Refund,Refund_RefundCommission,True,-0.1,GBP,,,False
204-2179861-7126756,,VF-3T0K-DR5O,2026-04-25T22:34:38Z,Refund,Refund_ShippingChargeback,True,,GBP,,,False
204-2179861-7126756,,VF-3T0K-DR5O,2026-04-25T22:34:38Z,Refund,Refund_VariableClosingFee,True,,GBP,,,False
204-2179861-7126756,,VF-3T0K-DR5O,2026-04-25T22:34:38Z,Refund,Refund_DigitalServicesFee,True,0.02,GBP,,,False
204-5711633-6949960,,7L-OT45-7LYB,2026-04-26T22:51:33Z,Refund,Refund_Tax,False,-0.73,GBP,,,False
204-5711633-6949960,,7L-OT45-7LYB,2026-04-26T22:51:33Z,Refund,Refund_Principal,False,-3.64,GBP,,,False
204-5711633-6949960,,7L-OT45-7LYB,2026-04-26T22:51:33Z,Refund,Refund_Commission,True,0.68,GBP,,,False
204-5711633-6949960,,7L-OT45-7LYB,2026-04-26T22:51:33Z,Refund,Refund_FixedClosingFee,True,,GBP,,,False
204-5711633-6949960,,7L-OT45-7LYB,2026-04-26T22:51:33Z,Refund,Refund_GiftwrapChargeback,True,,GBP,,,False
204-5711633-6949960,,7L-OT45-7LYB,2026-04-26T22:51:33Z,Refund,Refund_RefundCommission,True,-0.13,GBP,,,False
204-5711633-6949960,,7L-OT45-7LYB,2026-04-26T22:51:33Z,Refund,Refund_ShippingChargeback,True,,GBP,,,False
204-5711633-6949960,,7L-OT45-7LYB,2026-04-26T22:51:33Z,Refund,Refund_VariableClosingFee,True,,GBP,,,False
204-5711633-6949960,,7L-OT45-7LYB,2026-04-26T22:51:33Z,Refund,Refund_DigitalServicesFee,True,0.01,GBP,,,False
026-8497506-3377901,,DC-K5WH-R7F5,2026-04-27T21:38:27Z,Refund,Refund_Tax,False,-0.5,GBP,,,False
026-8497506-3377901,,DC-K5WH-R7F5,2026-04-27T21:38:27Z,Refund,Refund_ShippingTax,False,-0.04,GBP,,,False
026-8497506-3377901,,DC-K5WH-R7F5,2026-04-27T21:38:27Z,Refund,Refund_ShippingCharge,False,-0.21,GBP,,,False
026-8497506-3377901,,DC-K5WH-R7F5,2026-04-27T21:38:27Z,Refund,Refund_Principal,False,-2.5,GBP,,,False
026-8497506-3377901,,DC-K5WH-R7F5,2026-04-27T21:38:27Z,Refund,Refund_Commission,True,0.3,GBP,,,False
026-8497506-3377901,,DC-K5WH-R7F5,2026-04-27T21:38:27Z,Refund,Refund_FixedClosingFee,True,,GBP,,,False
026-8497506-3377901,,DC-K5WH-R7F5,2026-04-27T21:38:27Z,Refund,Refund_GiftwrapChargeback,True,,GBP,,,False
026-8497506-3377901,,DC-K5WH-R7F5,2026-04-27T21:38:27Z,Refund,Refund_RefundCommission,True,-0.06,GBP,,,False
026-8497506-3377901,,DC-K5WH-R7F5,2026-04-27T21:38:27Z,Refund,Refund_ShippingChargeback,True,,GBP,,,False
026-8497506-3377901,,DC-K5WH-R7F5,2026-04-27T21:38:27Z,Refund,Refund_VariableClosingFee,True,,GBP,,,False
026-8497506-3377901,,DC-K5WH-R7F5,2026-04-27T21:38:27Z,Refund,Refund_DigitalServicesFee,True,0.01,GBP,,,False
206-1160870-9612351,,DC-K5WH-R7F5,2026-04-27T22:12:55Z,Refund,Refund_Tax,False,-0.5,GBP,,,False
206-1160870-9612351,,DC-K5WH-R7F5,2026-04-27T22:12:55Z,Refund,Refund_Principal,False,-2.5,GBP,,,False
206-1160870-9612351,,DC-K5WH-R7F5,2026-04-27T22:12:55Z,Refund,Refund_Commission,True,0.3,GBP,,,False
206-1160870-9612351,,DC-K5WH-R7F5,2026-04-27T22:12:55Z,Refund,Refund_FixedClosingFee,True,,GBP,,,False
206-1160870-9612351,,DC-K5WH-R7F5,2026-04-27T22:12:55Z,Refund,Refund_GiftwrapChargeback,True,,GBP,,,False
206-1160870-9612351,,DC-K5WH-R7F5,2026-04-27T22:12:55Z,Refund,Refund_RefundCommission,True,-0.06,GBP,,,False
206-1160870-9612351,,DC-K5WH-R7F5,2026-04-27T22:12:55Z,Refund,Refund_ShippingChargeback,True,,GBP,,,False
206-1160870-9612351,,DC-K5WH-R7F5,2026-04-27T22:12:55Z,Refund,Refund_VariableClosingFee,True,,GBP,,,False
206-1160870-9612351,,DC-K5WH-R7F5,2026-04-27T22:12:55Z,Refund,Refund_DigitalServicesFee,True,0.01,GBP,,,False
026-1703075-2055509,,2X-8XI7-C9T5,2026-04-27T23:32:18Z,Refund,Refund_Tax,False,,GBP,,,False
026-1703075-2055509,,2X-8XI7-C9T5,2026-04-27T23:32:18Z,Refund,Refund_Principal,False,-9.99,GBP,,,False
026-1703075-2055509,,2X-8XI7-C9T5,2026-04-27T23:32:18Z,Refund,Refund_Commission,True,0.6,GBP,,,False
026-1703075-2055509,,2X-8XI7-C9T5,2026-04-27T23:32:18Z,Refund,Refund_FixedClosingFee,True,,GBP,,,False
026-1703075-2055509,,2X-8XI7-C9T5,2026-04-27T23:32:18Z,Refund,Refund_GiftwrapChargeback,True,,GBP,,,False
026-1703075-2055509,,2X-8XI7-C9T5,2026-04-27T23:32:18Z,Refund,Refund_RefundCommission,True,-0.12,GBP,,,False
026-1703075-2055509,,2X-8XI7-C9T5,2026-04-27T23:32:18Z,Refund,Refund_ShippingChargeback,True,,GBP,,,False
026-1703075-2055509,,2X-8XI7-C9T5,2026-04-27T23:32:18Z,Refund,Refund_VariableClosingFee,True,,GBP,,,False
026-1703075-2055509,,2X-8XI7-C9T5,2026-04-27T23:32:18Z,Refund,Refund_DigitalServicesFee,True,0.01,GBP,,,False
205-5315632-8341147,,VF-3T0K-DR5O,2026-05-01T00:15:52Z,Refund,Refund_ShippingTax,False,-0.42,GBP,,,False
205-5315632-8341147,,VF-3T0K-DR5O,2026-05-01T00:15:52Z,Refund,Refund_ShippingCharge,False,-2.08,GBP,,,False
205-5315632-8341147,,VF-3T0K-DR5O,2026-05-01T00:15:52Z,Refund,Refund_Commission,True,,GBP,,,False
205-5315632-8341147,,VF-3T0K-DR5O,2026-05-01T00:15:52Z,Refund,Refund_FixedClosingFee,True,,GBP,,,False
205-5315632-8341147,,VF-3T0K-DR5O,2026-05-01T00:15:52Z,Refund,Refund_GiftwrapChargeback,True,,GBP,,,False
205-5315632-8341147,,VF-3T0K-DR5O,2026-05-01T00:15:52Z,Refund,Refund_RefundCommission,True,,GBP,,,False
205-5315632-8341147,,VF-3T0K-DR5O,2026-05-01T00:15:52Z,Refund,Refund_ShippingChargeback,True,2.5,GBP,,,False
205-5315632-8341147,,VF-3T0K-DR5O,2026-05-01T00:15:52Z,Refund,Refund_VariableClosingFee,True,,GBP,,,False
205-5315632-8341147,,VF-3T0K-DR5O,2026-05-01T00:15:52Z,Refund,Refund_DigitalServicesFee,True,0.05,GBP,,,False
203-9347136-2328302,,VF-3T0K-DR5O,2026-05-03T22:05:53Z,Refund,Refund_Tax,False,-0.84,GBP,,,False
203-9347136-2328302,,VF-3T0K-DR5O,2026-05-03T22:05:53Z,Refund,Refund_Principal,False,-4.19,GBP,,,False
203-9347136-2328302,,VF-3T0K-DR5O,2026-05-03T22:05:53Z,Refund,Refund_Commission,True,0.48,GBP,,,False
203-9347136-2328302,,VF-3T0K-DR5O,2026-05-03T22:05:53Z,Refund,Refund_FixedClosingFee,True,,GBP,,,False
203-9347136-2328302,,VF-3T0K-DR5O,2026-05-03T22:05:53Z,Refund,Refund_GiftwrapChargeback,True,,GBP,,,False
203-9347136-2328302,,VF-3T0K-DR5O,2026-05-03T22:05:53Z,Refund,Refund_RefundCommission,True,-0.1,GBP,,,False
203-9347136-2328302,,VF-3T0K-DR5O,2026-05-03T22:05:53Z,Refund,Refund_ShippingChargeback,True,,GBP,,,False
203-9347136-2328302,,VF-3T0K-DR5O,2026-05-03T22:05:53Z,Refund,Refund_VariableClosingFee,True,,GBP,,,False
203-9347136-2328302,,VF-3T0K-DR5O,2026-05-03T22:05:53Z,Refund,Refund_DigitalServicesFee,True,0.01,GBP,,,False
408-9364142-6513913,,NN-TSZ1-X2RD,2026-05-04T14:56:58Z,Refund,Refund_Tax,False,-1.6,EUR,,,False
408-9364142-6513913,,NN-TSZ1-X2RD,2026-05-04T14:56:58Z,Refund,Refund_Tax,False,,EUR,,,False
408-9364142-6513913,,NN-TSZ1-X2RD,2026-05-04T14:56:58Z,Refund,Refund_ShippingTax,False,-0.25,EUR,,,False
408-9364142-6513913,,NN-TSZ1-X2RD,2026-05-04T14:56:58Z,Refund,Refund_ShippingCharge,False,-1.08,EUR,,,False
408-9364142-6513913,,NN-TSZ1-X2RD,2026-05-04T14:56:58Z,Refund,Refund_Principal,False,-6.97,EUR,,,False
408-9364142-6513913,,NN-TSZ1-X2RD,2026-05-04T14:56:58Z,Refund,Refund_ExportCharge,False,,EUR,,,False
408-9364142-6513913,,NN-TSZ1-X2RD,2026-05-04T14:56:58Z,Refund,Refund_Commission,True,0.83,EUR,,,False
408-9364142-6513913,,NN-TSZ1-X2RD,2026-05-04T14:56:58Z,Refund,Refund_FixedClosingFee,True,,EUR,,,False
408-9364142-6513913,,NN-TSZ1-X2RD,2026-05-04T14:56:58Z,Refund,Refund_GiftwrapChargeback,True,,EUR,,,False
408-9364142-6513913,,NN-TSZ1-X2RD,2026-05-04T14:56:58Z,Refund,Refund_RefundCommission,True,-0.17,EUR,,,False
408-9364142-6513913,,NN-TSZ1-X2RD,2026-05-04T14:56:58Z,Refund,Refund_ShippingChargeback,True,1.11,EUR,,,False
408-9364142-6513913,,NN-TSZ1-X2RD,2026-05-04T14:56:58Z,Refund,Refund_VariableClosingFee,True,,EUR,,,False
408-9364142-6513913,,NN-TSZ1-X2RD,2026-05-04T14:56:58Z,Refund,Refund_MarketplaceFacilitatorTax-Other,False,,EUR,,,False
408-9364142-6513913,,NN-TSZ1-X2RD,2026-05-04T14:56:58Z,Refund,Refund_MarketplaceFacilitatorVAT-Principal,False,1.6,EUR,,,False
408-9364142-6513913,,NN-TSZ1-X2RD,2026-05-04T14:56:58Z,Refund,Refund_MarketplaceFacilitatorVAT-Shipping,False,0.25,EUR,,,False
206-3369277-3698758,,GJ-2OZK-0GCA,2026-05-04T21:03:23Z,Refund,Refund_Tax,False,-5.5,GBP,,,False
206-3369277-3698758,,GJ-2OZK-0GCA,2026-05-04T21:03:23Z,Refund,Refund_Principal,False,-27.5,GBP,,,False
206-3369277-3698758,,GJ-2OZK-0GCA,2026-05-04T21:03:23Z,Refund,Refund_Commission,True,5.94,GBP,,,False
206-3369277-3698758,,GJ-2OZK-0GCA,2026-05-04T21:03:23Z,Refund,Refund_FixedClosingFee,True,,GBP,,,False
206-3369277-3698758,,GJ-2OZK-0GCA,2026-05-04T21:03:23Z,Refund,Refund_GiftwrapChargeback,True,,GBP,,,False
206-3369277-3698758,,GJ-2OZK-0GCA,2026-05-04T21:03:23Z,Refund,Refund_RefundCommission,True,-1.19,GBP,,,False
206-3369277-3698758,,GJ-2OZK-0GCA,2026-05-04T21:03:23Z,Refund,Refund_ShippingChargeback,True,,GBP,,,False
206-3369277-3698758,,GJ-2OZK-0GCA,2026-05-04T21:03:23Z,Refund,Refund_VariableClosingFee,True,,GBP,,,False
206-3369277-3698758,,GJ-2OZK-0GCA,2026-05-04T21:03:23Z,Refund,Refund_DigitalServicesFee,True,0.12,GBP,,,False
202-5344168-9431517,,0G-JB6S-PN34,2026-05-07T21:08:52Z,Refund,Refund_Tax,False,,GBP,,,False
202-5344168-9431517,,0G-JB6S-PN34,2026-05-07T21:08:52Z,Refund,Refund_Principal,False,-5.9,GBP,,,False
202-5344168-9431517,,0G-JB6S-PN34,2026-05-07T21:08:52Z,Refund,Refund_Commission,True,0.36,GBP,,,False
202-5344168-9431517,,0G-JB6S-PN34,2026-05-07T21:08:52Z,Refund,Refund_FixedClosingFee,True,,GBP,,,False
202-5344168-9431517,,0G-JB6S-PN34,2026-05-07T21:08:52Z,Refund,Refund_GiftwrapChargeback,True,,GBP,,,False
202-5344168-9431517,,0G-JB6S-PN34,2026-05-07T21:08:52Z,Refund,Refund_RefundCommission,True,-0.07,GBP,,,False
202-5344168-9431517,,0G-JB6S-PN34,2026-05-07T21:08:52Z,Refund,Refund_ShippingChargeback,True,,GBP,,,False
202-5344168-9431517,,0G-JB6S-PN34,2026-05-07T21:08:52Z,Refund,Refund_VariableClosingFee,True,,GBP,,,False
202-5344168-9431517,,0G-JB6S-PN34,2026-05-07T21:08:52Z,Refund,Refund_DigitalServicesFee,True,0.02,GBP,,,False
206-3416081-5966754,,6V-EEC1-2S9Z,2026-05-09T21:33:36Z,Refund,Refund_Tax,False,-1.11,GBP,,,False
206-3416081-5966754,,6V-EEC1-2S9Z,2026-05-09T21:33:36Z,Refund,Refund_Principal,False,-5.54,GBP,,,False
206-3416081-5966754,,6V-EEC1-2S9Z,2026-05-09T21:33:36Z,Refund,Refund_Commission,True,1.03,GBP,,,False
206-3416081-5966754,,6V-EEC1-2S9Z,2026-05-09T21:33:36Z,Refund,Refund_FixedClosingFee,True,,GBP,,,False
206-3416081-5966754,,6V-EEC1-2S9Z,2026-05-09T21:33:36Z,Refund,Refund_GiftwrapChargeback,True,,GBP,,,False
206-3416081-5966754,,6V-EEC1-2S9Z,2026-05-09T21:33:36Z,Refund,Refund_RefundCommission,True,-0.2,GBP,,,False
206-3416081-5966754,,6V-EEC1-2S9Z,2026-05-09T21:33:36Z,Refund,Refund_ShippingChargeback,True,,GBP,,,False
206-3416081-5966754,,6V-EEC1-2S9Z,2026-05-09T21:33:36Z,Refund,Refund_VariableClosingFee,True,,GBP,,,False
206-3416081-5966754,,6V-EEC1-2S9Z,2026-05-09T21:33:36Z,Refund,Refund_DigitalServicesFee,True,0.02,GBP,,,False
205-6975953-4679502,,8W-I703-VOFQ,2026-05-14T16:17:53Z,Refund,Refund_Tax,False,-3.15,GBP,,,False
205-6975953-4679502,,8W-I703-VOFQ,2026-05-14T16:17:53Z,Refund,Refund_Principal,False,-15.76,GBP,,,False
205-6975953-4679502,,8W-I703-VOFQ,2026-05-14T16:17:53Z,Refund,Refund_Commission,True,1.58,GBP,,,False
205-6975953-4679502,,8W-I703-VOFQ,2026-05-14T16:17:53Z,Refund,Refund_FixedClosingFee,True,,GBP,,,False
205-6975953-4679502,,8W-I703-VOFQ,2026-05-14T16:17:53Z,Refund,Refund_GiftwrapChargeback,True,,GBP,,,False
205-6975953-4679502,,8W-I703-VOFQ,2026-05-14T16:17:53Z,Refund,Refund_RefundCommission,True,-0.31,GBP,,,False
205-6975953-4679502,,8W-I703-VOFQ,2026-05-14T16:17:53Z,Refund,Refund_ShippingChargeback,True,,GBP,,,False
205-6975953-4679502,,8W-I703-VOFQ,2026-05-14T16:17:53Z,Refund,Refund_VariableClosingFee,True,,GBP,,,False
205-6975953-4679502,,8W-I703-VOFQ,2026-05-14T16:17:53Z,Refund,Refund_DigitalServicesFee,True,0.04,GBP,,,False
205-9330473-1015524,,R7-98IN-2PW8,2026-05-16T23:29:07Z,Refund,Refund_Tax,False,-0.95,GBP,,,False
205-9330473-1015524,,R7-98IN-2PW8,2026-05-16T23:29:07Z,Refund,Refund_Principal,False,-4.75,GBP,,,False
205-9330473-1015524,,R7-98IN-2PW8,2026-05-16T23:29:07Z,Refund,Refund_Commission,True,0.55,GBP,,,False
205-9330473-1015524,,R7-98IN-2PW8,2026-05-16T23:29:07Z,Refund,Refund_FixedClosingFee,True,,GBP,,,False
205-9330473-1015524,,R7-98IN-2PW8,2026-05-16T23:29:07Z,Refund,Refund_GiftwrapChargeback,True,,GBP,,,False
205-9330473-1015524,,R7-98IN-2PW8,2026-05-16T23:29:07Z,Refund,Refund_RefundCommission,True,-0.11,GBP,,,False
205-9330473-1015524,,R7-98IN-2PW8,2026-05-16T23:29:07Z,Refund,Refund_ShippingChargeback,True,,GBP,,,False
205-9330473-1015524,,R7-98IN-2PW8,2026-05-16T23:29:07Z,Refund,Refund_VariableClosingFee,True,,GBP,,,False
205-9330473-1015524,,R7-98IN-2PW8,2026-05-16T23:29:07Z,Refund,Refund_DigitalServicesFee,True,0.01,GBP,,,False
205-1904691-8989951,,R7-98IN-2PW8,2026-05-17T18:03:38Z,Refund,Refund_Tax,False,-0.95,GBP,,,False
205-1904691-8989951,,R7-98IN-2PW8,2026-05-17T18:03:38Z,Refund,Refund_Principal,False,-4.75,GBP,,,False
205-1904691-8989951,,R7-98IN-2PW8,2026-05-17T18:03:38Z,Refund,Refund_Commission,True,0.55,GBP,,,False
205-1904691-8989951,,R7-98IN-2PW8,2026-05-17T18:03:38Z,Refund,Refund_FixedClosingFee,True,,GBP,,,False
205-1904691-8989951,,R7-98IN-2PW8,2026-05-17T18:03:38Z,Refund,Refund_GiftwrapChargeback,True,,GBP,,,False
205-1904691-8989951,,R7-98IN-2PW8,2026-05-17T18:03:38Z,Refund,Refund_RefundCommission,True,-0.11,GBP,,,False
205-1904691-8989951,,R7-98IN-2PW8,2026-05-17T18:03:38Z,Refund,Refund_ShippingChargeback,True,,GBP,,,False
205-1904691-8989951,,R7-98IN-2PW8,2026-05-17T18:03:38Z,Refund,Refund_VariableClosingFee,True,,GBP,,,False
205-1904691-8989951,,R7-98IN-2PW8,2026-05-17T18:03:38Z,Refund,Refund_DigitalServicesFee,True,0.01,GBP,,,False
206-2596537-5612338,,7L-OT45-7LYB,2026-05-21T22:48:53Z,Refund,Refund_Tax,False,-0.72,GBP,,,False
206-2596537-5612338,,7L-OT45-7LYB,2026-05-21T22:48:53Z,Refund,Refund_Principal,False,-3.61,GBP,,,False
206-2596537-5612338,,7L-OT45-7LYB,2026-05-21T22:48:53Z,Refund,Refund_Commission,True,0.68,GBP,,,False
206-2596537-5612338,,7L-OT45-7LYB,2026-05-21T22:48:53Z,Refund,Refund_FixedClosingFee,True,,GBP,,,False
206-2596537-5612338,,7L-OT45-7LYB,2026-05-21T22:48:53Z,Refund,Refund_GiftwrapChargeback,True,,GBP,,,False
206-2596537-5612338,,7L-OT45-7LYB,2026-05-21T22:48:53Z,Refund,Refund_RefundCommission,True,-0.13,GBP,,,False
206-2596537-5612338,,7L-OT45-7LYB,2026-05-21T22:48:53Z,Refund,Refund_ShippingChargeback,True,,GBP,,,False
206-2596537-5612338,,7L-OT45-7LYB,2026-05-21T22:48:53Z,Refund,Refund_VariableClosingFee,True,,GBP,,,False
206-2596537-5612338,,7L-OT45-7LYB,2026-05-21T22:48:53Z,Refund,Refund_DigitalServicesFee,True,0.02,GBP,,,False
026-3902550-1291537,,7L-OT45-7LYB,2026-05-22T13:16:31Z,Refund,Refund_Tax,False,-0.72,GBP,,,False
026-3902550-1291537,,7L-OT45-7LYB,2026-05-22T13:16:31Z,Refund,Refund_ShippingTax,False,-0.11,GBP,,,False
026-3902550-1291537,,7L-OT45-7LYB,2026-05-22T13:16:31Z,Refund,Refund_ShippingCharge,False,-0.55,GBP,,,False
026-3902550-1291537,,7L-OT45-7LYB,2026-05-22T13:16:31Z,Refund,Refund_Principal,False,-3.59,GBP,,,False
026-3902550-1291537,,7L-OT45-7LYB,2026-05-22T13:16:31Z,Refund,Refund_Commission,True,0.67,GBP,,,False
026-3902550-1291537,,7L-OT45-7LYB,2026-05-22T13:16:31Z,Refund,Refund_FixedClosingFee,True,,GBP,,,False
026-3902550-1291537,,7L-OT45-7LYB,2026-05-22T13:16:31Z,Refund,Refund_GiftwrapChargeback,True,,GBP,,,False
026-3902550-1291537,,7L-OT45-7LYB,2026-05-22T13:16:31Z,Refund,Refund_RefundCommission,True,-0.13,GBP,,,False
026-3902550-1291537,,7L-OT45-7LYB,2026-05-22T13:16:31Z,Refund,Refund_ShippingChargeback,True,,GBP,,,False
026-3902550-1291537,,7L-OT45-7LYB,2026-05-22T13:16:31Z,Refund,Refund_VariableClosingFee,True,,GBP,,,False
026-3902550-1291537,,7L-OT45-7LYB,2026-05-22T13:16:31Z,Refund,Refund_DigitalServicesFee,True,0.01,GBP,,,False
202-1640701-7718704,,7L-OT45-7LYB,2026-05-23T00:20:40Z,Refund,Refund_Tax,False,-0.72,GBP,,,False
202-1640701-7718704,,7L-OT45-7LYB,2026-05-23T00:20:40Z,Refund,Refund_Principal,False,-3.59,GBP,,,False
202-1640701-7718704,,7L-OT45-7LYB,2026-05-23T00:20:40Z,Refund,Refund_Commission,True,0.67,GBP,,,False
202-1640701-7718704,,7L-OT45-7LYB,2026-05-23T00:20:40Z,Refund,Refund_FixedClosingFee,True,,GBP,,,False
202-1640701-7718704,,7L-OT45-7LYB,2026-05-23T00:20:40Z,Refund,Refund_GiftwrapChargeback,True,,GBP,,,False
202-1640701-7718704,,7L-OT45-7LYB,2026-05-23T00:20:40Z,Refund,Refund_RefundCommission,True,-0.13,GBP,,,False
202-1640701-7718704,,7L-OT45-7LYB,2026-05-23T00:20:40Z,Refund,Refund_ShippingChargeback,True,,GBP,,,False
202-1640701-7718704,,7L-OT45-7LYB,2026-05-23T00:20:40Z,Refund,Refund_VariableClosingFee,True,,GBP,,,False
202-1640701-7718704,,7L-OT45-7LYB,2026-05-23T00:20:40Z,Refund,Refund_DigitalServicesFee,True,0.01,GBP,,,False
026-3044855-3657142,,XE-YPAI-HX9F,2026-05-23T19:15:53Z,Refund,Refund_Tax,False,-1.51,GBP,,,False
026-3044855-3657142,,XE-YPAI-HX9F,2026-05-23T19:15:53Z,Refund,Refund_Principal,False,-7.52,GBP,,,False
026-3044855-3657142,,XE-YPAI-HX9F,2026-05-23T19:15:53Z,Refund,Refund_Commission,True,0.86,GBP,,,False
026-3044855-3657142,,XE-YPAI-HX9F,2026-05-23T19:15:53Z,Refund,Refund_FixedClosingFee,True,,GBP,,,False
026-3044855-3657142,,XE-YPAI-HX9F,2026-05-23T19:15:53Z,Refund,Refund_GiftwrapChargeback,True,,GBP,,,False
026-3044855-3657142,,XE-YPAI-HX9F,2026-05-23T19:15:53Z,Refund,Refund_RefundCommission,True,-0.17,GBP,,,False
026-3044855-3657142,,XE-YPAI-HX9F,2026-05-23T19:15:53Z,Refund,Refund_ShippingChargeback,True,,GBP,,,False
026-3044855-3657142,,XE-YPAI-HX9F,2026-05-23T19:15:53Z,Refund,Refund_VariableClosingFee,True,,GBP,,,False
026-3044855-3657142,,XE-YPAI-HX9F,2026-05-23T19:15:53Z,Refund,Refund_DigitalServicesFee,True,0.01,GBP,,,False
204-0106039-5958749,,MW-9K5M-VKW8,2026-05-27T19:42:50Z,Refund,Refund_Tax,False,-4.5,GBP,,,False
204-0106039-5958749,,MW-9K5M-VKW8,2026-05-27T19:42:50Z,Refund,Refund_ShippingTax,False,-0.17,GBP,,,False
204-0106039-5958749,,MW-9K5M-VKW8,2026-05-27T19:42:50Z,Refund,Refund_ShippingCharge,False,-0.82,GBP,,,False
204-0106039-5958749,,MW-9K5M-VKW8,2026-05-27T19:42:50Z,Refund,Refund_Principal,False,-22.5,GBP,,,False
204-0106039-5958749,,MW-9K5M-VKW8,2026-05-27T19:42:50Z,Refund,Refund_Commission,True,4.86,GBP,,,False
204-0106039-5958749,,MW-9K5M-VKW8,2026-05-27T19:42:50Z,Refund,Refund_FixedClosingFee,True,,GBP,,,False
204-0106039-5958749,,MW-9K5M-VKW8,2026-05-27T19:42:50Z,Refund,Refund_GiftwrapChargeback,True,,GBP,,,False
204-0106039-5958749,,MW-9K5M-VKW8,2026-05-27T19:42:50Z,Refund,Refund_RefundCommission,True,-0.97,GBP,,,False
204-0106039-5958749,,MW-9K5M-VKW8,2026-05-27T19:42:50Z,Refund,Refund_ShippingChargeback,True,,GBP,,,False
204-0106039-5958749,,MW-9K5M-VKW8,2026-05-27T19:42:50Z,Refund,Refund_VariableClosingFee,True,,GBP,,,False
204-0106039-5958749,,MW-9K5M-VKW8,2026-05-27T19:42:50Z,Refund,Refund_DigitalServicesFee,True,0.1,GBP,,,False
204-1704862-6854725,,MW-9K5M-VKW8,2026-05-28T14:38:12Z,Refund,Refund_Tax,False,-4.5,GBP,,,False
204-1704862-6854725,,MW-9K5M-VKW8,2026-05-28T14:38:12Z,Refund,Refund_Principal,False,-22.5,GBP,,,False
204-1704862-6854725,,MW-9K5M-VKW8,2026-05-28T14:38:12Z,Refund,Refund_Commission,True,4.86,GBP,,,False
204-1704862-6854725,,MW-9K5M-VKW8,2026-05-28T14:38:12Z,Refund,Refund_FixedClosingFee,True,,GBP,,,False
204-1704862-6854725,,MW-9K5M-VKW8,2026-05-28T14:38:12Z,Refund,Refund_GiftwrapChargeback,True,,GBP,,,False
204-1704862-6854725,,MW-9K5M-VKW8,2026-05-28T14:38:12Z,Refund,Refund_RefundCommission,True,-0.97,GBP,,,False
204-1704862-6854725,,MW-9K5M-VKW8,2026-05-28T14:38:12Z,Refund,Refund_ShippingChargeback,True,,GBP,,,False
204-1704862-6854725,,MW-9K5M-VKW8,2026-05-28T14:38:12Z,Refund,Refund_VariableClosingFee,True,,GBP,,,False
204-1704862-6854725,,MW-9K5M-VKW8,2026-05-28T14:38:12Z,Refund,Refund_DigitalServicesFee,True,0.1,GBP,,,False
202-8543401-1806751,,R4-0AXZ-ZZ9D,2026-05-28T18:40:57Z,Refund,Refund_Tax,False,,GBP,,,False
202-8543401-1806751,,R4-0AXZ-ZZ9D,2026-05-28T18:40:57Z,Refund,Refund_ExportCharge,False,,GBP,,,False
202-8543401-1806751,,R4-0AXZ-ZZ9D,2026-05-28T18:40:57Z,Refund,Refund_Commission,True,,GBP,,,False
202-8543401-1806751,,R4-0AXZ-ZZ9D,2026-05-28T18:40:57Z,Refund,Refund_FixedClosingFee,True,,GBP,,,False
202-8543401-1806751,,R4-0AXZ-ZZ9D,2026-05-28T18:40:57Z,Refund,Refund_GiftwrapChargeback,True,,GBP,,,False
202-8543401-1806751,,R4-0AXZ-ZZ9D,2026-05-28T18:40:57Z,Refund,Refund_RefundCommission,True,,GBP,,,False
202-8543401-1806751,,R4-0AXZ-ZZ9D,2026-05-28T18:40:57Z,Refund,Refund_ShippingChargeback,True,,GBP,,,False
202-8543401-1806751,,R4-0AXZ-ZZ9D,2026-05-28T18:40:57Z,Refund,Refund_VariableClosingFee,True,,GBP,,,False
202-8543401-1806751,,R4-0AXZ-ZZ9D,2026-05-28T18:40:57Z,Refund,Refund_MarketplaceFacilitatorTax-Other,False,,GBP,,,False
205-9611845-4589120,,7L-OT45-7LYB,2026-05-28T20:25:32Z,Refund,Refund_Tax,False,-0.72,GBP,,,False
205-9611845-4589120,,7L-OT45-7LYB,2026-05-28T20:25:32Z,Refund,Refund_Principal,False,-3.59,GBP,,,False
205-9611845-4589120,,7L-OT45-7LYB,2026-05-28T20:25:32Z,Refund,Refund_Commission,True,0.67,GBP,,,False
205-9611845-4589120,,7L-OT45-7LYB,2026-05-28T20:25:32Z,Refund,Refund_FixedClosingFee,True,,GBP,,,False
205-9611845-4589120,,7L-OT45-7LYB,2026-05-28T20:25:32Z,Refund,Refund_GiftwrapChargeback,True,,GBP,,,False
205-9611845-4589120,,7L-OT45-7LYB,2026-05-28T20:25:32Z,Refund,Refund_RefundCommission,True,-0.13,GBP,,,False
205-9611845-4589120,,7L-OT45-7LYB,2026-05-28T20:25:32Z,Refund,Refund_ShippingChargeback,True,,GBP,,,False
205-9611845-4589120,,7L-OT45-7LYB,2026-05-28T20:25:32Z,Refund,Refund_VariableClosingFee,True,,GBP,,,False
205-9611845-4589120,,7L-OT45-7LYB,2026-05-28T20:25:32Z,Refund,Refund_DigitalServicesFee,True,0.01,GBP,,,False
203-1425082-2321921,,MW-9K5M-VKW8,2026-05-29T21:11:22Z,Refund,Refund_Tax,False,-4.5,GBP,,,False
203-1425082-2321921,,MW-9K5M-VKW8,2026-05-29T21:11:22Z,Refund,Refund_Principal,False,-22.5,GBP,,,False
203-1425082-2321921,,MW-9K5M-VKW8,2026-05-29T21:11:22Z,Refund,Refund_Commission,True,4.86,GBP,,,False
203-1425082-2321921,,MW-9K5M-VKW8,2026-05-29T21:11:22Z,Refund,Refund_FixedClosingFee,True,,GBP,,,False
203-1425082-2321921,,MW-9K5M-VKW8,2026-05-29T21:11:22Z,Refund,Refund_GiftwrapChargeback,True,,GBP,,,False
203-1425082-2321921,,MW-9K5M-VKW8,2026-05-29T21:11:22Z,Refund,Refund_RefundCommission,True,-0.97,GBP,,,False
203-1425082-2321921,,MW-9K5M-VKW8,2026-05-29T21:11:22Z,Refund,Refund_ShippingChargeback,True,,GBP,,,False
203-1425082-2321921,,MW-9K5M-VKW8,2026-05-29T21:11:22Z,Refund,Refund_VariableClosingFee,True,,GBP,,,False
203-1425082-2321921,,MW-9K5M-VKW8,2026-05-29T21:11:22Z,Refund,Refund_DigitalServicesFee,True,0.09,GBP,,,False
026-9549931-6818704,,MW-9K5M-VKW8,2026-05-30T19:28:45Z,Refund,Refund_Tax,False,-4.5,GBP,,,False
026-9549931-6818704,,MW-9K5M-VKW8,2026-05-30T19:28:45Z,Refund,Refund_Principal,False,-22.5,GBP,,,False
026-9549931-6818704,,MW-9K5M-VKW8,2026-05-30T19:28:45Z,Refund,Refund_Commission,True,4.86,GBP,,,False
026-9549931-6818704,,MW-9K5M-VKW8,2026-05-30T19:28:45Z,Refund,Refund_FixedClosingFee,True,,GBP,,,False
026-9549931-6818704,,MW-9K5M-VKW8,2026-05-30T19:28:45Z,Refund,Refund_GiftwrapChargeback,True,,GBP,,,False
026-9549931-6818704,,MW-9K5M-VKW8,2026-05-30T19:28:45Z,Refund,Refund_RefundCommission,True,-0.97,GBP,,,False
026-9549931-6818704,,MW-9K5M-VKW8,2026-05-30T19:28:45Z,Refund,Refund_ShippingChargeback,True,,GBP,,,False
026-9549931-6818704,,MW-9K5M-VKW8,2026-05-30T19:28:45Z,Refund,Refund_VariableClosingFee,True,,GBP,,,False
026-9549931-6818704,,MW-9K5M-VKW8,2026-05-30T19:28:45Z,Refund,Refund_DigitalServicesFee,True,0.09,GBP,,,False
206-1285788-1121950,,MW-9K5M-VKW8,2026-05-30T21:22:01Z,Refund,Refund_Tax,False,-4.5,GBP,,,False
206-1285788-1121950,,MW-9K5M-VKW8,2026-05-30T21:22:01Z,Refund,Refund_Principal,False,-22.5,GBP,,,False
206-1285788-1121950,,MW-9K5M-VKW8,2026-05-30T21:22:01Z,Refund,Refund_Commission,True,4.86,GBP,,,False
206-1285788-1121950,,MW-9K5M-VKW8,2026-05-30T21:22:01Z,Refund,Refund_FixedClosingFee,True,,GBP,,,False
206-1285788-1121950,,MW-9K5M-VKW8,2026-05-30T21:22:01Z,Refund,Refund_GiftwrapChargeback,True,,GBP,,,False
206-1285788-1121950,,MW-9K5M-VKW8,2026-05-30T21:22:01Z,Refund,Refund_RefundCommission,True,-0.97,GBP,,,False
206-1285788-1121950,,MW-9K5M-VKW8,2026-05-30T21:22:01Z,Refund,Refund_ShippingChargeback,True,,GBP,,,False
206-1285788-1121950,,MW-9K5M-VKW8,2026-05-30T21:22:01Z,Refund,Refund_VariableClosingFee,True,,GBP,,,False
206-1285788-1121950,,MW-9K5M-VKW8,2026-05-30T21:22:01Z,Refund,Refund_DigitalServicesFee,True,0.1,GBP,,,False
203-0441610-5661954,,6V-EEC1-2S9Z,2026-05-30T23:54:20Z,Refund,Refund_Tax,False,-1.16,GBP,,,False
203-0441610-5661954,,6V-EEC1-2S9Z,2026-05-30T23:54:20Z,Refund,Refund_Principal,False,-5.82,GBP,,,False
203-0441610-5661954,,6V-EEC1-2S9Z,2026-05-30T23:54:20Z,Refund,Refund_Commission,True,1.09,GBP,,,False
203-0441610-5661954,,6V-EEC1-2S9Z,2026-05-30T23:54:20Z,Refund,Refund_FixedClosingFee,True,,GBP,,,False
203-0441610-5661954,,6V-EEC1-2S9Z,2026-05-30T23:54:20Z,Refund,Refund_GiftwrapChargeback,True,,GBP,,,False
203-0441610-5661954,,6V-EEC1-2S9Z,2026-05-30T23:54:20Z,Refund,Refund_RefundCommission,True,-0.22,GBP,,,False
203-0441610-5661954,,6V-EEC1-2S9Z,2026-05-30T23:54:20Z,Refund,Refund_ShippingChargeback,True,,GBP,,,False
203-0441610-5661954,,6V-EEC1-2S9Z,2026-05-30T23:54:20Z,Refund,Refund_VariableClosingFee,True,,GBP,,,False
203-0441610-5661954,,6V-EEC1-2S9Z,2026-05-30T23:54:20Z,Refund,Refund_DigitalServicesFee,True,0.02,GBP,,,False
203-1609313-7246703,,PY-XV78-3OG5,2026-05-31T21:02:40Z,Refund,Refund_Tax,False,,GBP,,,False
203-1609313-7246703,,PY-XV78-3OG5,2026-05-31T21:02:40Z,Refund,Refund_ExportCharge,False,,GBP,,,False
203-1609313-7246703,,PY-XV78-3OG5,2026-05-31T21:02:40Z,Refund,Refund_Commission,True,,GBP,,,False
203-1609313-7246703,,PY-XV78-3OG5,2026-05-31T21:02:40Z,Refund,Refund_FixedClosingFee,True,,GBP,,,False
203-1609313-7246703,,PY-XV78-3OG5,2026-05-31T21:02:40Z,Refund,Refund_GiftwrapChargeback,True,,GBP,,,False
203-1609313-7246703,,PY-XV78-3OG5,2026-05-31T21:02:40Z,Refund,Refund_RefundCommission,True,,GBP,,,False
203-1609313-7246703,,PY-XV78-3OG5,2026-05-31T21:02:40Z,Refund,Refund_ShippingChargeback,True,,GBP,,,False
203-1609313-7246703,,PY-XV78-3OG5,2026-05-31T21:02:40Z,Refund,Refund_VariableClosingFee,True,,GBP,,,False
203-1609313-7246703,,PY-XV78-3OG5,2026-05-31T21:02:40Z,Refund,Refund_MarketplaceFacilitatorTax-Other,False,,GBP,,,False
204-0128071-4215507,,7L-OT45-7LYB,2026-06-01T01:50:01Z,Refund,Refund_Tax,False,-0.71,GBP,,,False
204-0128071-4215507,,7L-OT45-7LYB,2026-06-01T01:50:01Z,Refund,Refund_Principal,False,-3.57,GBP,,,False
204-0128071-4215507,,7L-OT45-7LYB,2026-06-01T01:50:01Z,Refund,Refund_Commission,True,0.67,GBP,,,False
204-0128071-4215507,,7L-OT45-7LYB,2026-06-01T01:50:01Z,Refund,Refund_FixedClosingFee,True,,GBP,,,False
204-0128071-4215507,,7L-OT45-7LYB,2026-06-01T01:50:01Z,Refund,Refund_GiftwrapChargeback,True,,GBP,,,False
204-0128071-4215507,,7L-OT45-7LYB,2026-06-01T01:50:01Z,Refund,Refund_RefundCommission,True,-0.13,GBP,,,False
204-0128071-4215507,,7L-OT45-7LYB,2026-06-01T01:50:01Z,Refund,Refund_ShippingChargeback,True,,GBP,,,False
204-0128071-4215507,,7L-OT45-7LYB,2026-06-01T01:50:01Z,Refund,Refund_VariableClosingFee,True,,GBP,,,False
204-0128071-4215507,,7L-OT45-7LYB,2026-06-01T01:50:01Z,Refund,Refund_DigitalServicesFee,True,0.01,GBP,,,False
204-6695181-5020324,,7L-OT45-7LYB,2026-06-01T12:12:13Z,Refund,Refund_Tax,False,-0.72,GBP,,,False
204-6695181-5020324,,7L-OT45-7LYB,2026-06-01T12:12:13Z,Refund,Refund_Principal,False,-3.61,GBP,,,False
204-6695181-5020324,,7L-OT45-7LYB,2026-06-01T12:12:13Z,Refund,Refund_Commission,True,0.67,GBP,,,False
204-6695181-5020324,,7L-OT45-7LYB,2026-06-01T12:12:13Z,Refund,Refund_FixedClosingFee,True,,GBP,,,False
204-6695181-5020324,,7L-OT45-7LYB,2026-06-01T12:12:13Z,Refund,Refund_GiftwrapChargeback,True,,GBP,,,False
204-6695181-5020324,,7L-OT45-7LYB,2026-06-01T12:12:13Z,Refund,Refund_RefundCommission,True,-0.13,GBP,,,False
204-6695181-5020324,,7L-OT45-7LYB,2026-06-01T12:12:13Z,Refund,Refund_ShippingChargeback,True,,GBP,,,False
204-6695181-5020324,,7L-OT45-7LYB,2026-06-01T12:12:13Z,Refund,Refund_VariableClosingFee,True,,GBP,,,False
204-6695181-5020324,,7L-OT45-7LYB,2026-06-01T12:12:13Z,Refund,Refund_DigitalServicesFee,True,0.01,GBP,,,False
204-7471871-8136366,,8M-NHB7-T8TR,2026-06-01T16:01:59Z,Refund,Refund_Tax,False,,GBP,,,False
204-7471871-8136366,,8M-NHB7-T8TR,2026-06-01T16:01:59Z,Refund,Refund_ExportCharge,False,,GBP,,,False
204-7471871-8136366,,8M-NHB7-T8TR,2026-06-01T16:01:59Z,Refund,Refund_Commission,True,,GBP,,,False
204-7471871-8136366,,8M-NHB7-T8TR,2026-06-01T16:01:59Z,Refund,Refund_FixedClosingFee,True,,GBP,,,False
204-7471871-8136366,,8M-NHB7-T8TR,2026-06-01T16:01:59Z,Refund,Refund_GiftwrapChargeback,True,,GBP,,,False
204-7471871-8136366,,8M-NHB7-T8TR,2026-06-01T16:01:59Z,Refund,Refund_RefundCommission,True,,GBP,,,False
204-7471871-8136366,,8M-NHB7-T8TR,2026-06-01T16:01:59Z,Refund,Refund_ShippingChargeback,True,,GBP,,,False
204-7471871-8136366,,8M-NHB7-T8TR,2026-06-01T16:01:59Z,Refund,Refund_VariableClosingFee,True,,GBP,,,False
204-7471871-8136366,,8M-NHB7-T8TR,2026-06-01T16:01:59Z,Refund,Refund_MarketplaceFacilitatorTax-Other,False,,GBP,,,False
204-9202980-0227520,,XH-0LAE-FQO5,2026-06-01T20:08:27Z,Refund,Refund_Tax,False,,GBP,,,False
204-9202980-0227520,,XH-0LAE-FQO5,2026-06-01T20:08:27Z,Refund,Refund_ExportCharge,False,,GBP,,,False
204-9202980-0227520,,XH-0LAE-FQO5,2026-06-01T20:08:27Z,Refund,Refund_Commission,True,,GBP,,,False
204-9202980-0227520,,XH-0LAE-FQO5,2026-06-01T20:08:27Z,Refund,Refund_FixedClosingFee,True,,GBP,,,False
204-9202980-0227520,,XH-0LAE-FQO5,2026-06-01T20:08:27Z,Refund,Refund_GiftwrapChargeback,True,,GBP,,,False
204-9202980-0227520,,XH-0LAE-FQO5,2026-06-01T20:08:27Z,Refund,Refund_RefundCommission,True,,GBP,,,False
204-9202980-0227520,,XH-0LAE-FQO5,2026-06-01T20:08:27Z,Refund,Refund_ShippingChargeback,True,,GBP,,,False
204-9202980-0227520,,XH-0LAE-FQO5,2026-06-01T20:08:27Z,Refund,Refund_VariableClosingFee,True,,GBP,,,False
204-9202980-0227520,,XH-0LAE-FQO5,2026-06-01T20:08:27Z,Refund,Refund_MarketplaceFacilitatorTax-Other,False,,GBP,,,False
026-5660420-4052305,,6V-EEC1-2S9Z,2026-06-02T21:56:19Z,Refund,Refund_Tax,False,-1.16,GBP,,,False
026-5660420-4052305,,6V-EEC1-2S9Z,2026-06-02T21:56:19Z,Refund,Refund_Principal,False,-5.82,GBP,,,False
026-5660420-4052305,,6V-EEC1-2S9Z,2026-06-02T21:56:19Z,Refund,Refund_Commission,True,1.1,GBP,,,False
026-5660420-4052305,,6V-EEC1-2S9Z,2026-06-02T21:56:19Z,Refund,Refund_FixedClosingFee,True,,GBP,,,False
026-5660420-4052305,,6V-EEC1-2S9Z,2026-06-02T21:56:19Z,Refund,Refund_GiftwrapChargeback,True,,GBP,,,False
026-5660420-4052305,,6V-EEC1-2S9Z,2026-06-02T21:56:19Z,Refund,Refund_RefundCommission,True,-0.22,GBP,,,False
026-5660420-4052305,,6V-EEC1-2S9Z,2026-06-02T21:56:19Z,Refund,Refund_ShippingChargeback,True,,GBP,,,False
026-5660420-4052305,,6V-EEC1-2S9Z,2026-06-02T21:56:19Z,Refund,Refund_VariableClosingFee,True,,GBP,,,False
026-5660420-4052305,,6V-EEC1-2S9Z,2026-06-02T21:56:19Z,Refund,Refund_DigitalServicesFee,True,0.03,GBP,,,False
202-4311354-7842715,,D7-MGBX-RX2P,2026-06-03T12:00:59Z,Refund,Refund_Tax,False,,GBP,,,False
202-4311354-7842715,,D7-MGBX-RX2P,2026-06-03T12:00:59Z,Refund,Refund_ExportCharge,False,,GBP,,,False
202-4311354-7842715,,D7-MGBX-RX2P,2026-06-03T12:00:59Z,Refund,Refund_Commission,True,,GBP,,,False
202-4311354-7842715,,D7-MGBX-RX2P,2026-06-03T12:00:59Z,Refund,Refund_FixedClosingFee,True,,GBP,,,False
202-4311354-7842715,,D7-MGBX-RX2P,2026-06-03T12:00:59Z,Refund,Refund_GiftwrapChargeback,True,,GBP,,,False
202-4311354-7842715,,D7-MGBX-RX2P,2026-06-03T12:00:59Z,Refund,Refund_RefundCommission,True,,GBP,,,False
202-4311354-7842715,,D7-MGBX-RX2P,2026-06-03T12:00:59Z,Refund,Refund_ShippingChargeback,True,,GBP,,,False
202-4311354-7842715,,D7-MGBX-RX2P,2026-06-03T12:00:59Z,Refund,Refund_VariableClosingFee,True,,GBP,,,False
202-4311354-7842715,,D7-MGBX-RX2P,2026-06-03T12:00:59Z,Refund,Refund_MarketplaceFacilitatorTax-Other,False,,GBP,,,False
026-0026748-2325970,,7L-OT45-7LYB,2026-06-03T22:51:48Z,Refund,Refund_Tax,False,-0.71,GBP,,,False
026-0026748-2325970,,7L-OT45-7LYB,2026-06-03T22:51:48Z,Refund,Refund_Principal,False,-3.57,GBP,,,False
026-0026748-2325970,,7L-OT45-7LYB,2026-06-03T22:51:48Z,Refund,Refund_Commission,True,0.67,GBP,,,False
026-0026748-2325970,,7L-OT45-7LYB,2026-06-03T22:51:48Z,Refund,Refund_FixedClosingFee,True,,GBP,,,False
026-0026748-2325970,,7L-OT45-7LYB,2026-06-03T22:51:48Z,Refund,Refund_GiftwrapChargeback,True,,GBP,,,False
026-0026748-2325970,,7L-OT45-7LYB,2026-06-03T22:51:48Z,Refund,Refund_RefundCommission,True,-0.13,GBP,,,False
026-0026748-2325970,,7L-OT45-7LYB,2026-06-03T22:51:48Z,Refund,Refund_ShippingChargeback,True,,GBP,,,False
026-0026748-2325970,,7L-OT45-7LYB,2026-06-03T22:51:48Z,Refund,Refund_VariableClosingFee,True,,GBP,,,False
026-0026748-2325970,,7L-OT45-7LYB,2026-06-03T22:51:48Z,Refund,Refund_DigitalServicesFee,True,0.01,GBP,,,False
204-9529175-7068318,,7L-OT45-7LYB,2026-06-04T01:03:07Z,Refund,Refund_Tax,False,-0.72,GBP,,,False
204-9529175-7068318,,7L-OT45-7LYB,2026-06-04T01:03:07Z,Refund,Refund_ShippingTax,False,-0.11,GBP,,,False
204-9529175-7068318,,7L-OT45-7LYB,2026-06-04T01:03:07Z,Refund,Refund_ShippingCharge,False,-0.56,GBP,,,False
204-9529175-7068318,,7L-OT45-7LYB,2026-06-04T01:03:07Z,Refund,Refund_Principal,False,-3.61,GBP,,,False
204-9529175-7068318,,7L-OT45-7LYB,2026-06-04T01:03:07Z,Refund,Refund_Commission,True,0.68,GBP,,,False
204-9529175-7068318,,7L-OT45-7LYB,2026-06-04T01:03:07Z,Refund,Refund_FixedClosingFee,True,,GBP,,,False
204-9529175-7068318,,7L-OT45-7LYB,2026-06-04T01:03:07Z,Refund,Refund_GiftwrapChargeback,True,,GBP,,,False
204-9529175-7068318,,7L-OT45-7LYB,2026-06-04T01:03:07Z,Refund,Refund_RefundCommission,True,-0.13,GBP,,,False
204-9529175-7068318,,7L-OT45-7LYB,2026-06-04T01:03:07Z,Refund,Refund_ShippingChargeback,True,,GBP,,,False
204-9529175-7068318,,7L-OT45-7LYB,2026-06-04T01:03:07Z,Refund,Refund_VariableClosingFee,True,,GBP,,,False
204-9529175-7068318,,7L-OT45-7LYB,2026-06-04T01:03:07Z,Refund,Refund_DigitalServicesFee,True,0.02,GBP,,,False
026-8346722-1691510,,R4-0AXZ-ZZ9D,2026-06-05T07:26:52Z,Refund,Refund_Tax,False,,GBP,,,False
026-8346722-1691510,,R4-0AXZ-ZZ9D,2026-06-05T07:26:52Z,Refund,Refund_ExportCharge,False,,GBP,,,False
026-8346722-1691510,,R4-0AXZ-ZZ9D,2026-06-05T07:26:52Z,Refund,Refund_Commission,True,,GBP,,,False
026-8346722-1691510,,R4-0AXZ-ZZ9D,2026-06-05T07:26:52Z,Refund,Refund_FixedClosingFee,True,,GBP,,,False
026-8346722-1691510,,R4-0AXZ-ZZ9D,2026-06-05T07:26:52Z,Refund,Refund_GiftwrapChargeback,True,,GBP,,,False
026-8346722-1691510,,R4-0AXZ-ZZ9D,2026-06-05T07:26:52Z,Refund,Refund_RefundCommission,True,,GBP,,,False
026-8346722-1691510,,R4-0AXZ-ZZ9D,2026-06-05T07:26:52Z,Refund,Refund_ShippingChargeback,True,,GBP,,,False
026-8346722-1691510,,R4-0AXZ-ZZ9D,2026-06-05T07:26:52Z,Refund,Refund_VariableClosingFee,True,,GBP,,,False
026-8346722-1691510,,R4-0AXZ-ZZ9D,2026-06-05T07:26:52Z,Refund,Refund_MarketplaceFacilitatorTax-Other,False,,GBP,,,False
206-3554126-0074728,,OV-LVEL-DQL6,2026-06-05T18:46:39Z,Refund,Refund_Tax,False,,GBP,,,False
206-3554126-0074728,,OV-LVEL-DQL6,2026-06-05T18:46:39Z,Refund,Refund_ExportCharge,False,,GBP,,,False
206-3554126-0074728,,OV-LVEL-DQL6,2026-06-05T18:46:39Z,Refund,Refund_Commission,True,,GBP,,,False
206-3554126-0074728,,OV-LVEL-DQL6,2026-06-05T18:46:39Z,Refund,Refund_FixedClosingFee,True,,GBP,,,False
206-3554126-0074728,,OV-LVEL-DQL6,2026-06-05T18:46:39Z,Refund,Refund_GiftwrapChargeback,True,,GBP,,,False
206-3554126-0074728,,OV-LVEL-DQL6,2026-06-05T18:46:39Z,Refund,Refund_RefundCommission,True,,GBP,,,False
206-3554126-0074728,,OV-LVEL-DQL6,2026-06-05T18:46:39Z,Refund,Refund_ShippingChargeback,True,,GBP,,,False
206-3554126-0074728,,OV-LVEL-DQL6,2026-06-05T18:46:39Z,Refund,Refund_VariableClosingFee,True,,GBP,,,False
206-3554126-0074728,,OV-LVEL-DQL6,2026-06-05T18:46:39Z,Refund,Refund_MarketplaceFacilitatorTax-Other,False,,GBP,,,False
026-8141862-6381908,,VF-3T0K-DR5O,2026-06-08T13:40:32Z,Refund,Refund_Tax,False,-0.84,GBP,,,False
026-8141862-6381908,,VF-3T0K-DR5O,2026-06-08T13:40:32Z,Refund,Refund_Principal,False,-4.19,GBP,,,False
026-8141862-6381908,,VF-3T0K-DR5O,2026-06-08T13:40:32Z,Refund,Refund_Commission,True,0.48,GBP,,,False
026-8141862-6381908,,VF-3T0K-DR5O,2026-06-08T13:40:32Z,Refund,Refund_FixedClosingFee,True,,GBP,,,False
026-8141862-6381908,,VF-3T0K-DR5O,2026-06-08T13:40:32Z,Refund,Refund_GiftwrapChargeback,True,,GBP,,,False
026-8141862-6381908,,VF-3T0K-DR5O,2026-06-08T13:40:32Z,Refund,Refund_RefundCommission,True,-0.1,GBP,,,False
026-8141862-6381908,,VF-3T0K-DR5O,2026-06-08T13:40:32Z,Refund,Refund_ShippingChargeback,True,,GBP,,,False
026-8141862-6381908,,VF-3T0K-DR5O,2026-06-08T13:40:32Z,Refund,Refund_VariableClosingFee,True,,GBP,,,False
026-8141862-6381908,,VF-3T0K-DR5O,2026-06-08T13:40:32Z,Refund,Refund_DigitalServicesFee,True,0.01,GBP,,,False
204-7253792-4754733,,7L-OT45-7LYB,2026-06-09T16:56:59Z,Refund,Refund_Tax,False,-1.44,GBP,,,False
204-7253792-4754733,,7L-OT45-7LYB,2026-06-09T16:56:59Z,Refund,Refund_Principal,False,-7.22,GBP,,,False
204-7253792-4754733,,7L-OT45-7LYB,2026-06-09T16:56:59Z,Refund,Refund_Commission,True,1.35,GBP,,,False
204-7253792-4754733,,7L-OT45-7LYB,2026-06-09T16:56:59Z,Refund,Refund_FixedClosingFee,True,,GBP,,,False
204-7253792-4754733,,7L-OT45-7LYB,2026-06-09T16:56:59Z,Refund,Refund_GiftwrapChargeback,True,,GBP,,,False
204-7253792-4754733,,7L-OT45-7LYB,2026-06-09T16:56:59Z,Refund,Refund_RefundCommission,True,-0.26,GBP,,,False
204-7253792-4754733,,7L-OT45-7LYB,2026-06-09T16:56:59Z,Refund,Refund_ShippingChargeback,True,,GBP,,,False
204-7253792-4754733,,7L-OT45-7LYB,2026-06-09T16:56:59Z,Refund,Refund_VariableClosingFee,True,,GBP,,,False
204-7253792-4754733,,7L-OT45-7LYB,2026-06-09T16:56:59Z,Refund,Refund_DigitalServicesFee,True,0.03,GBP,,,False
