2026-02-11T17:27:04Z head cadence run complete
2026-02-11T17:27:04Z supervisor cadence run complete
2026-02-11T17:27:04Z executioner sku=JB-RGB6-LZOJ probe_type=hold before=9.99 target=9.99 live_write_attempted=0 live_write_success=0 http_status=
2026-02-11T17:27:04Z run_once enabled - exiting after one loop
2026-02-12T08:59:22Z supervisor cadence run complete
2026-02-12T08:59:22Z executioner sku=JB-RGB6-LZOJ probe_type=hold before=9.99 target=9.99 live_write_attempted=0 live_write_success=0 http_status=
2026-02-12T09:06:40Z executioner sku=JB-RGB6-LZOJ probe_type=hold before=9.99 target=9.99 live_write_attempted=0 live_write_success=0 http_status=
2026-02-12T09:06:40Z run_once enabled - exiting after one loop
2026-02-12T09:34:06Z executioner sku=JB-RGB6-LZOJ probe_type=lower before=9.99 target=9.89 live_write_attempted=0 live_write_success=0 http_status=
2026-02-12T09:34:06Z run_once enabled - exiting after one loop
2026-02-12T09:35:13Z executioner sku=JB-RGB6-LZOJ probe_type=hold before=9.99 target=9.99 live_write_attempted=0 live_write_success=0 http_status=
2026-02-12T09:35:13Z run_once enabled - exiting after one loop
2026-02-12T09:43:08Z executioner sku=JB-RGB6-LZOJ probe_type=hold before=9.99 target=9.99 live_write_attempted=0 live_write_success=0 http_status=
2026-02-12T09:43:08Z run_once enabled - exiting after one loop
2026-02-12T09:43:49Z run_once enabled - exiting after one loop
2026-02-12T09:43:55Z executioner sku=JB-RGB6-LZOJ probe_type=hold before=9.99 target=9.99 live_write_attempted=0 live_write_success=0 http_status=
2026-02-12T09:43:55Z run_once enabled - exiting after one loop
2026-02-12T10:33:53Z executioner sku=JB-RGB6-LZOJ probe_type=hold before=9.99 target=9.99 live_write_attempted=0 live_write_success=0 http_status=
2026-02-12T10:33:53Z run_once enabled - exiting after one loop
2026-02-12T10:34:34Z run_once enabled - exiting after one loop
2026-02-12T10:34:49Z executioner sku=JB-RGB6-LZOJ probe_type=hold before=9.99 target=9.99 live_write_attempted=0 live_write_success=0 http_status=
2026-02-12T10:34:49Z run_once enabled - exiting after one loop
2026-02-12T10:43:25Z executioner sku=JB-RGB6-LZOJ probe_type=hold before=9.99 target=7.99 live_write_attempted=0 live_write_success=0 http_status=
2026-02-12T10:43:25Z run_once enabled - exiting after one loop
2026-02-12T10:45:05Z executioner sku=JB-RGB6-LZOJ probe_type=hold before=9.99 target=7.99 live_write_attempted=0 live_write_success=0 http_status=
2026-02-12T10:45:05Z run_once enabled - exiting after one loop
2026-02-12T10:46:09Z executioner sku=JB-RGB6-LZOJ probe_type=hold before=9.99 target=7.99 live_write_attempted=0 live_write_success=0 http_status=
2026-02-12T10:46:09Z run_once enabled - exiting after one loop
2026-02-12T10:51:25Z executioner sku=JB-RGB6-LZOJ probe_type=hold before=9.99 target=9.99 live_write_attempted=0 live_write_success=0 http_status=
2026-02-12T10:51:25Z run_once enabled - exiting after one loop
2026-02-12T10:51:40Z supervisor cadence run complete
2026-02-12T10:51:40Z run_once enabled - exiting after one loop
2026-02-12T11:08:24Z snapshot_refresh error=Command '['C:\\Users\\Luke\\AppData\\Local\\Programs\\Python\\Python312\\python.exe', 'C:\\Users\\Luke\\Desktop\\SellerOne 2.0\\scripts\\H001_capture_offer_snapshot.py']' timed out after 300 seconds
2026-02-12T11:08:24Z supervisor cadence run complete
2026-02-12T11:08:24Z executioner sku=JB-RGB6-LZOJ probe_type=hold before=9.99 target=9.99 live_write_attempted=0 live_write_success=0 http_status=
2026-02-12T11:08:24Z run_once enabled - exiting after one loop
2026-02-12T11:10:20Z snapshot_refresh ok listing_rows=1 seller_rows=12
2026-02-12T11:10:20Z supervisor cadence run complete
2026-02-12T11:10:20Z executioner sku=JB-RGB6-LZOJ probe_type=hold before=9.99 target=9.99 live_write_attempted=0 live_write_success=0 http_status=
2026-02-12T11:10:20Z run_once enabled - exiting after one loop
2026-02-12T12:14:04Z snapshot_refresh ok listing_rows=1 seller_rows=12
2026-02-12T12:14:05Z executioner sku=JB-RGB6-LZOJ probe_type=hold before=9.99 target=9.99 live_write_attempted=0 live_write_success=0 http_status=
2026-02-12T12:14:05Z run_once enabled - exiting after one loop
2026-02-12T12:43:12Z snapshot_refresh ok listing_rows=1 seller_rows=12
2026-02-12T12:43:13Z executioner sku=JB-RGB6-LZOJ probe_type=hold before=9.99 target=9.99 live_write_attempted=0 live_write_success=0 http_status=
2026-02-12T12:43:13Z run_once enabled - exiting after one loop
2026-02-13T13:58:02Z snapshot_refresh ok listing_rows=1 seller_rows=14
2026-02-13T13:58:02Z phase1 a_cycle sku=JB-RGB6-LZOJ eligibility_source=MANUAL compliance=19.39 eligibility=19.99
2026-02-13T13:58:02Z phase1 h_cycle sku=JB-RGB6-LZOJ state=REGAIN write_status=READ_ONLY_NO_WRITE ceiling=19.39 reason_codes=FEATURED_NOT_OURS_REGAIN,STEP_REGAIN_DOWN,BINDING_CEILING_COMPLIANCE,LIVE_WRITES_DISABLED
2026-02-13T13:58:02Z run_once enabled - exiting after one loop
2026-02-13T13:58:44Z phase1 h_cycle sku=JB-RGB6-LZOJ state=REGAIN write_status=READ_ONLY_NO_WRITE ceiling=19.39 reason_codes=FEATURED_NOT_OURS_REGAIN,STEP_REGAIN_DOWN,BINDING_CEILING_COMPLIANCE,LIVE_WRITES_DISABLED
2026-02-13T13:58:44Z run_once enabled - exiting after one loop
2026-02-13T14:06:36Z snapshot_refresh ok listing_rows=1 seller_rows=14
2026-02-13T14:06:36Z phase1 h_cycle sku=JB-RGB6-LZOJ state=REGAIN write_status=READ_ONLY_NO_WRITE ceiling=19.39 reason_codes=FEATURED_NOT_OURS_REGAIN,STEP_REGAIN_DOWN,BINDING_CEILING_COMPLIANCE,LIVE_WRITES_DISABLED
2026-02-13T14:06:36Z run_once enabled - exiting after one loop
2026-02-13T14:13:47Z snapshot_refresh ok listing_rows=1 seller_rows=14
2026-02-13T14:13:47Z phase1 h_cycle sku=JB-RGB6-LZOJ state=REGAIN write_status=READ_ONLY_NO_WRITE ceiling=19.39 reason_codes=FEATURED_NOT_OURS_REGAIN,STEP_REGAIN_DOWN,BINDING_CEILING_COMPLIANCE,LIVE_WRITES_DISABLED
2026-02-13T14:13:47Z run_once enabled - exiting after one loop
2026-02-13T14:39:52Z snapshot_refresh ok listing_rows=1 seller_rows=14
2026-02-13T14:39:52Z phase1 h_cycle sku=JB-RGB6-LZOJ state=REGAIN write_status=READ_ONLY_NO_WRITE ceiling=19.39 reason_codes=FEATURED_NOT_OURS_REGAIN,STEP_REGAIN_DOWN,BINDING_CEILING_COMPLIANCE,LIVE_WRITES_DISABLED
2026-02-13T14:39:52Z run_once enabled - exiting after one loop
2026-02-13T14:47:35Z snapshot_refresh ok listing_rows=1 seller_rows=14
2026-02-13T14:47:35Z phase1 h_cycle sku=JB-RGB6-LZOJ state=REGAIN write_status=READ_ONLY_NO_WRITE ceiling=19.39 reason_codes=FEATURED_NOT_OURS_REGAIN,STEP_REGAIN_DOWN,BINDING_CEILING_COMPLIANCE,LIVE_WRITES_DISABLED
2026-02-13T14:47:35Z run_once enabled - exiting after one loop
2026-02-13T14:48:48Z phase1 a_cycle cpt_status=ERROR summary=batch_status_400
2026-02-13T14:48:48Z phase1 a_cycle sku=JB-RGB6-LZOJ eligibility_source=MANUAL compliance= eligibility=19.99 cpt_status=ERROR
2026-02-13T14:48:48Z phase1 h_cycle sku=JB-RGB6-LZOJ state=REGAIN write_status=READ_ONLY_NO_WRITE ceiling=19.99 reason_codes=FEATURED_NOT_OURS_REGAIN,STEP_REGAIN_DOWN,BINDING_CEILING_MANUAL_CAP,LIVE_WRITES_DISABLED
2026-02-13T14:48:48Z run_once enabled - exiting after one loop
2026-02-13T14:57:04Z snapshot_refresh ok listing_rows=1 seller_rows=14
2026-02-13T14:57:05Z phase1 h_cycle sku=JB-RGB6-LZOJ state=REGAIN write_status=READ_ONLY_NO_WRITE ceiling=19.99 reason_codes=FEATURED_NOT_OURS_REGAIN,STEP_REGAIN_DOWN,BINDING_CEILING_MANUAL_CAP,LIVE_WRITES_DISABLED
2026-02-13T14:57:05Z run_once enabled - exiting after one loop
2026-02-13T15:01:21Z snapshot_refresh ok listing_rows=1 seller_rows=14
2026-02-13T15:01:23Z phase1 h_cycle sku=JB-RGB6-LZOJ state=REGAIN write_status=READ_ONLY_NO_WRITE ceiling=19.99 reason_codes=FEATURED_NOT_OURS_REGAIN,STEP_REGAIN_DOWN,BINDING_CEILING_MANUAL_CAP,LIVE_WRITES_DISABLED
2026-02-13T15:01:23Z run_once enabled - exiting after one loop
2026-02-13T15:03:22Z snapshot_refresh ok listing_rows=1 seller_rows=14
2026-02-13T15:03:24Z phase1 h_cycle sku=JB-RGB6-LZOJ state=REGAIN write_status=READ_ONLY_NO_WRITE ceiling=19.99 reason_codes=FEATURED_NOT_OURS_REGAIN,STEP_REGAIN_DOWN,BINDING_CEILING_MANUAL_CAP,LIVE_WRITES_DISABLED
2026-02-13T15:03:24Z run_once enabled - exiting after one loop
2026-02-13T15:03:41Z phase1 h_cycle sku=JB-RGB6-LZOJ state=REGAIN write_status=READ_ONLY_NO_WRITE ceiling=9.99 reason_codes=FEATURED_NOT_OURS_REGAIN,STEP_REGAIN_DOWN,BINDING_CEILING_MANUAL_CAP,LIVE_WRITES_DISABLED
2026-02-13T15:03:41Z run_once enabled - exiting after one loop
2026-02-13T15:13:19Z snapshot_refresh ok listing_rows=1 seller_rows=14
2026-02-13T15:13:21Z phase1 h_cycle sku=JB-RGB6-LZOJ state=REGAIN write_status=READ_ONLY_NO_WRITE ceiling=9.99 reason_codes=FEATURED_NOT_OURS_REGAIN,STEP_REGAIN_DOWN,BINDING_CEILING_MANUAL_CAP,LIVE_WRITES_DISABLED
2026-02-13T15:13:21Z run_once enabled - exiting after one loop
2026-02-13T15:20:53Z snapshot_refresh ok listing_rows=1 seller_rows=14
2026-02-13T15:20:54Z phase1 h_cycle sku=JB-RGB6-LZOJ state=REGAIN write_status=READ_ONLY_NO_WRITE ceiling=9.99 reason_codes=FEATURED_NOT_OURS_REGAIN,STEP_REGAIN_DOWN,BINDING_CEILING_MANUAL_CAP,LIVE_WRITES_DISABLED
2026-02-13T15:20:54Z run_once enabled - exiting after one loop
2026-02-13T15:22:35Z head cadence run complete
2026-02-13T15:22:35Z supervisor cadence run complete
2026-02-13T15:22:35Z run_once enabled - exiting after one loop
2026-02-13T15:22:42Z executioner sku=JB-RGB6-LZOJ probe_type=learn_down before=9.99 target=9.89 live_write_attempted=0 live_write_success=0 http_status=
2026-02-13T15:22:42Z run_once enabled - exiting after one loop
2026-02-13T15:22:55Z snapshot_refresh ok listing_rows=1 seller_rows=14
2026-02-13T15:22:56Z phase1 h_cycle sku=JB-RGB6-LZOJ state=REGAIN write_status=READ_ONLY_NO_WRITE ceiling=9.99 reason_codes=FEATURED_NOT_OURS_REGAIN,STEP_REGAIN_DOWN,BINDING_CEILING_MANUAL_CAP,LIVE_WRITES_DISABLED
2026-02-13T15:22:56Z run_once enabled - exiting after one loop
2026-02-13T15:27:21Z run_once enabled - exiting after one loop
2026-02-13T15:27:25Z snapshot_refresh ok listing_rows=1 seller_rows=14
2026-02-13T15:27:26Z phase1 h_cycle sku=JB-RGB6-LZOJ state=REGAIN write_status=READ_ONLY_NO_WRITE ceiling=9.99 reason_codes=FEATURED_NOT_OURS_REGAIN,STEP_REGAIN_DOWN,BINDING_CEILING_MANUAL_CAP,LIVE_WRITES_DISABLED
2026-02-13T15:27:26Z run_once enabled - exiting after one loop
2026-02-13T15:27:48Z phase1 h_cycle sku=JB-RGB6-LZOJ state=REGAIN write_status=READ_ONLY_NO_WRITE ceiling=9.99 reason_codes=FEATURED_NOT_OURS_REGAIN,STEP_REGAIN_DOWN,BINDING_CEILING_MANUAL_CAP,LIVE_WRITES_DISABLED
2026-02-13T15:27:48Z run_once enabled - exiting after one loop
2026-02-13T15:29:56Z snapshot_refresh ok listing_rows=1 seller_rows=14
2026-02-13T15:29:58Z phase1 h_cycle sku=JB-RGB6-LZOJ state=REGAIN write_status=READ_ONLY_NO_WRITE ceiling=9.99 reason_codes=FEATURED_NOT_OURS_REGAIN,STEP_REGAIN_DOWN,BINDING_CEILING_MANUAL_CAP,LIVE_WRITES_DISABLED
2026-02-13T15:29:58Z run_once enabled - exiting after one loop
2026-02-13T15:31:44Z cycle_start run_id=20260213T153144Z phase1_pilot=1 run_once=1 loop_sleep_seconds=900.00
2026-02-13T15:31:46Z phase1 h_cycle sku=JB-RGB6-LZOJ state=REGAIN write_status=READ_ONLY_NO_WRITE ceiling=9.99 reason_codes=FEATURED_NOT_OURS_REGAIN,STEP_REGAIN_DOWN,BINDING_CEILING_MANUAL_CAP,LIVE_WRITES_DISABLED
2026-02-13T15:31:46Z run_once enabled - exiting after one loop
2026-02-13T15:34:32Z cycle_start run_id=20260213T153432Z phase1_pilot=1 run_once=0 loop_sleep_seconds=900.00
2026-02-13T15:34:35Z snapshot_refresh ok listing_rows=1 seller_rows=14
2026-02-13T15:34:36Z phase1 h_cycle sku=JB-RGB6-LZOJ state=REGAIN write_status=READ_ONLY_NO_WRITE ceiling=9.99 reason_codes=FEATURED_NOT_OURS_REGAIN,STEP_REGAIN_DOWN,BINDING_CEILING_MANUAL_CAP,LIVE_WRITES_DISABLED
2026-02-13T15:34:36Z cycle_sleep seconds=900.00
2026-02-13T15:49:36Z cycle_start run_id=20260213T154936Z phase1_pilot=1 run_once=0 loop_sleep_seconds=900.00
2026-02-13T15:49:39Z snapshot_refresh ok listing_rows=1 seller_rows=14
2026-02-13T15:49:41Z phase1 h_cycle sku=JB-RGB6-LZOJ state=REGAIN write_status=READ_ONLY_NO_WRITE ceiling=9.99 reason_codes=FEATURED_NOT_OURS_REGAIN,STEP_REGAIN_DOWN,BINDING_CEILING_MANUAL_CAP,LIVE_WRITES_DISABLED
2026-02-13T15:49:41Z cycle_sleep seconds=900.00
2026-02-13T15:51:53Z cycle_start run_id=20260213T155153Z phase1_pilot=1 run_once=0 loop_sleep_seconds=900.00
2026-02-13T15:51:56Z snapshot_refresh ok listing_rows=1 seller_rows=14
2026-02-13T15:51:58Z phase1 h_cycle sku=JB-RGB6-LZOJ state=REGAIN write_status=READ_ONLY_NO_WRITE ceiling=9.99 reason_codes=FEATURED_NOT_OURS_REGAIN,STEP_REGAIN_TO_RIVAL,GUARDRAIL_HARD_FLOOR_CLAMP,BINDING_CEILING_MANUAL_CAP,LIVE_WRITES_DISABLED
2026-02-13T15:51:58Z cycle_sleep seconds=900.00
2026-02-13T15:58:36Z cycle_start run_id=20260213T155836Z phase1_pilot=1 run_once=0 loop_sleep_seconds=900.00
2026-02-13T15:58:39Z snapshot_refresh ok listing_rows=1 seller_rows=14
2026-02-13T15:58:41Z phase1 h_cycle daily_intel missing for today; run A016_refresh_phase1_daily_intel.py
2026-02-13T15:58:41Z phase1 h_cycle sku=JB-RGB6-LZOJ state=REGAIN write_status=READ_ONLY_NO_WRITE ceiling=9.99 reason_codes=FEATURED_NOT_OURS_REGAIN,STEP_REGAIN_TO_RIVAL,BINDING_CEILING_MANUAL_CAP,LIVE_WRITES_DISABLED
2026-02-13T15:58:41Z cycle_sleep seconds=900.00
2026-02-13T16:13:41Z cycle_start run_id=20260213T161341Z phase1_pilot=1 run_once=0 loop_sleep_seconds=900.00
2026-02-13T16:13:43Z snapshot_refresh ok listing_rows=1 seller_rows=14
2026-02-13T16:13:45Z phase1 h_cycle sku=JB-RGB6-LZOJ state=REGAIN write_status=READ_ONLY_NO_WRITE ceiling=5.97 reason_codes=FEATURED_NOT_OURS_REGAIN,STEP_REGAIN_TO_RIVAL,GUARDRAIL_FINAL_CEILING_CLAMP,BINDING_CEILING_COMPLIANCE,LIVE_WRITES_DISABLED
2026-02-13T16:13:45Z cycle_sleep seconds=900.00
2026-02-13T16:28:45Z cycle_start run_id=20260213T162845Z phase1_pilot=1 run_once=0 loop_sleep_seconds=900.00
2026-02-13T16:28:48Z snapshot_refresh ok listing_rows=1 seller_rows=14
2026-02-13T16:28:49Z phase1 h_cycle sku=JB-RGB6-LZOJ state=REGAIN write_status=READ_ONLY_NO_WRITE ceiling=5.97 reason_codes=FEATURED_NOT_OURS_REGAIN,STEP_REGAIN_TO_RIVAL,GUARDRAIL_FINAL_CEILING_CLAMP,BINDING_CEILING_COMPLIANCE,LIVE_WRITES_DISABLED
2026-02-13T16:28:49Z cycle_sleep seconds=900.00
2026-02-13T16:43:49Z cycle_start run_id=20260213T164349Z phase1_pilot=1 run_once=0 loop_sleep_seconds=900.00
2026-02-13T16:43:51Z snapshot_refresh ok listing_rows=1 seller_rows=14
2026-02-13T16:43:53Z phase1 h_cycle sku=JB-RGB6-LZOJ state=REGAIN write_status=READ_ONLY_NO_WRITE ceiling=5.97 reason_codes=FEATURED_NOT_OURS_REGAIN,STEP_REGAIN_TO_RIVAL,GUARDRAIL_FINAL_CEILING_CLAMP,BINDING_CEILING_COMPLIANCE,LIVE_WRITES_DISABLED
2026-02-13T16:43:53Z cycle_sleep seconds=900.00
2026-02-13T16:58:53Z cycle_start run_id=20260213T165853Z phase1_pilot=1 run_once=0 loop_sleep_seconds=900.00
2026-02-13T16:58:55Z snapshot_refresh ok listing_rows=1 seller_rows=14
2026-02-13T16:58:57Z phase1 h_cycle sku=JB-RGB6-LZOJ state=REGAIN write_status=READ_ONLY_NO_WRITE ceiling=5.97 reason_codes=FEATURED_NOT_OURS_REGAIN,STEP_REGAIN_TO_RIVAL,GUARDRAIL_FINAL_CEILING_CLAMP,BINDING_CEILING_COMPLIANCE,LIVE_WRITES_DISABLED
2026-02-13T16:58:57Z cycle_sleep seconds=900.00
2026-02-13T17:13:57Z cycle_start run_id=20260213T171357Z phase1_pilot=1 run_once=0 loop_sleep_seconds=900.00
2026-02-13T17:13:59Z snapshot_refresh ok listing_rows=1 seller_rows=14
2026-02-13T17:14:02Z phase1 h_cycle sku=JB-RGB6-LZOJ state=REGAIN write_status=READ_ONLY_NO_WRITE ceiling=5.97 reason_codes=FEATURED_NOT_OURS_REGAIN,STEP_REGAIN_TO_RIVAL,GUARDRAIL_FINAL_CEILING_CLAMP,BINDING_CEILING_COMPLIANCE,LIVE_WRITES_DISABLED
2026-02-13T17:14:02Z cycle_sleep seconds=900.00
2026-02-13T17:29:02Z cycle_start run_id=20260213T172902Z phase1_pilot=1 run_once=0 loop_sleep_seconds=900.00
2026-02-13T17:29:05Z snapshot_refresh ok listing_rows=1 seller_rows=14
2026-02-13T17:29:06Z phase1 h_cycle sku=JB-RGB6-LZOJ state=REGAIN write_status=READ_ONLY_NO_WRITE ceiling=5.97 reason_codes=FEATURED_NOT_OURS_REGAIN,STEP_REGAIN_TO_RIVAL,GUARDRAIL_FINAL_CEILING_CLAMP,BINDING_CEILING_COMPLIANCE,LIVE_WRITES_DISABLED
2026-02-13T17:29:06Z cycle_sleep seconds=900.00
2026-02-13T17:44:06Z cycle_start run_id=20260213T174406Z phase1_pilot=1 run_once=0 loop_sleep_seconds=900.00
2026-02-13T17:44:09Z snapshot_refresh ok listing_rows=1 seller_rows=14
2026-02-13T17:44:10Z phase1 h_cycle sku=JB-RGB6-LZOJ state=REGAIN write_status=READ_ONLY_NO_WRITE ceiling=5.97 reason_codes=FEATURED_NOT_OURS_REGAIN,STEP_REGAIN_TO_RIVAL,GUARDRAIL_FINAL_CEILING_CLAMP,BINDING_CEILING_COMPLIANCE,LIVE_WRITES_DISABLED
2026-02-13T17:44:10Z cycle_sleep seconds=900.00
2026-02-13T17:59:10Z cycle_start run_id=20260213T175910Z phase1_pilot=1 run_once=0 loop_sleep_seconds=900.00
2026-02-13T17:59:13Z snapshot_refresh ok listing_rows=1 seller_rows=14
2026-02-13T17:59:14Z phase1 h_cycle sku=JB-RGB6-LZOJ state=REGAIN write_status=READ_ONLY_NO_WRITE ceiling=5.97 reason_codes=FEATURED_NOT_OURS_REGAIN,STEP_REGAIN_TO_RIVAL,GUARDRAIL_FINAL_CEILING_CLAMP,BINDING_CEILING_COMPLIANCE,LIVE_WRITES_DISABLED
2026-02-13T17:59:14Z cycle_sleep seconds=900.00
2026-02-13T18:14:14Z cycle_start run_id=20260213T181414Z phase1_pilot=1 run_once=0 loop_sleep_seconds=900.00
2026-02-13T18:14:17Z snapshot_refresh ok listing_rows=1 seller_rows=14
2026-02-13T18:14:18Z phase1 h_cycle sku=JB-RGB6-LZOJ state=REGAIN write_status=READ_ONLY_NO_WRITE ceiling=5.97 reason_codes=FEATURED_NOT_OURS_REGAIN,STEP_REGAIN_TO_RIVAL,GUARDRAIL_FINAL_CEILING_CLAMP,BINDING_CEILING_COMPLIANCE,LIVE_WRITES_DISABLED
2026-02-13T18:14:18Z cycle_sleep seconds=900.00
2026-02-13T18:29:18Z cycle_start run_id=20260213T182918Z phase1_pilot=1 run_once=0 loop_sleep_seconds=900.00
2026-02-13T18:29:21Z snapshot_refresh ok listing_rows=1 seller_rows=14
2026-02-13T18:29:22Z phase1 h_cycle sku=JB-RGB6-LZOJ state=REGAIN write_status=READ_ONLY_NO_WRITE ceiling=5.97 reason_codes=FEATURED_NOT_OURS_REGAIN,STEP_REGAIN_TO_RIVAL,GUARDRAIL_FINAL_CEILING_CLAMP,BINDING_CEILING_COMPLIANCE,LIVE_WRITES_DISABLED
2026-02-13T18:29:22Z cycle_sleep seconds=900.00
2026-02-13T18:44:22Z cycle_start run_id=20260213T184422Z phase1_pilot=1 run_once=0 loop_sleep_seconds=900.00
2026-02-13T18:44:25Z snapshot_refresh ok listing_rows=1 seller_rows=14
2026-02-13T18:44:26Z phase1 h_cycle sku=JB-RGB6-LZOJ state=REGAIN write_status=READ_ONLY_NO_WRITE ceiling=5.97 reason_codes=FEATURED_NOT_OURS_REGAIN,STEP_REGAIN_TO_RIVAL,GUARDRAIL_FINAL_CEILING_CLAMP,BINDING_CEILING_COMPLIANCE,LIVE_WRITES_DISABLED
2026-02-13T18:44:26Z cycle_sleep seconds=900.00
2026-02-13T18:59:26Z cycle_start run_id=20260213T185926Z phase1_pilot=1 run_once=0 loop_sleep_seconds=900.00
2026-02-13T18:59:29Z snapshot_refresh ok listing_rows=1 seller_rows=14
2026-02-13T18:59:30Z phase1 h_cycle sku=JB-RGB6-LZOJ state=REGAIN write_status=READ_ONLY_NO_WRITE ceiling=5.97 reason_codes=FEATURED_NOT_OURS_REGAIN,STEP_REGAIN_TO_RIVAL,GUARDRAIL_FINAL_CEILING_CLAMP,BINDING_CEILING_COMPLIANCE,LIVE_WRITES_DISABLED
2026-02-13T18:59:30Z cycle_sleep seconds=900.00
2026-02-13T19:14:30Z cycle_start run_id=20260213T191430Z phase1_pilot=1 run_once=0 loop_sleep_seconds=900.00
2026-02-13T19:14:33Z snapshot_refresh ok listing_rows=1 seller_rows=14
2026-02-13T19:14:34Z phase1 h_cycle sku=JB-RGB6-LZOJ state=REGAIN write_status=READ_ONLY_NO_WRITE ceiling=5.97 reason_codes=FEATURED_NOT_OURS_REGAIN,STEP_REGAIN_TO_RIVAL,GUARDRAIL_FINAL_CEILING_CLAMP,BINDING_CEILING_COMPLIANCE,LIVE_WRITES_DISABLED
2026-02-13T19:14:34Z cycle_sleep seconds=900.00
2026-02-13T19:29:34Z cycle_start run_id=20260213T192934Z phase1_pilot=1 run_once=0 loop_sleep_seconds=900.00
2026-02-13T19:29:37Z snapshot_refresh ok listing_rows=1 seller_rows=14
2026-02-13T19:29:38Z phase1 h_cycle sku=JB-RGB6-LZOJ state=REGAIN write_status=READ_ONLY_NO_WRITE ceiling=5.97 reason_codes=FEATURED_NOT_OURS_REGAIN,STEP_REGAIN_TO_RIVAL,GUARDRAIL_FINAL_CEILING_CLAMP,BINDING_CEILING_COMPLIANCE,LIVE_WRITES_DISABLED
2026-02-13T19:29:38Z cycle_sleep seconds=900.00
2026-02-13T19:44:38Z cycle_start run_id=20260213T194438Z phase1_pilot=1 run_once=0 loop_sleep_seconds=900.00
2026-02-13T19:44:40Z snapshot_refresh ok listing_rows=1 seller_rows=14
2026-02-13T19:44:42Z phase1 h_cycle sku=JB-RGB6-LZOJ state=REGAIN write_status=READ_ONLY_NO_WRITE ceiling=5.97 reason_codes=FEATURED_NOT_OURS_REGAIN,STEP_REGAIN_TO_RIVAL,GUARDRAIL_FINAL_CEILING_CLAMP,BINDING_CEILING_COMPLIANCE,LIVE_WRITES_DISABLED
2026-02-13T19:44:42Z cycle_sleep seconds=900.00
2026-02-13T19:59:42Z cycle_start run_id=20260213T195942Z phase1_pilot=1 run_once=0 loop_sleep_seconds=900.00
2026-02-13T19:59:45Z snapshot_refresh ok listing_rows=1 seller_rows=14
2026-02-13T19:59:46Z phase1 h_cycle sku=JB-RGB6-LZOJ state=REGAIN write_status=READ_ONLY_NO_WRITE ceiling=5.97 reason_codes=FEATURED_NOT_OURS_REGAIN,STEP_REGAIN_TO_RIVAL,GUARDRAIL_FINAL_CEILING_CLAMP,BINDING_CEILING_COMPLIANCE,LIVE_WRITES_DISABLED
2026-02-13T19:59:46Z cycle_sleep seconds=900.00
2026-02-13T20:14:46Z cycle_start run_id=20260213T201446Z phase1_pilot=1 run_once=0 loop_sleep_seconds=900.00
2026-02-13T20:14:48Z snapshot_refresh ok listing_rows=1 seller_rows=14
2026-02-13T20:14:50Z phase1 h_cycle sku=JB-RGB6-LZOJ state=REGAIN write_status=READ_ONLY_NO_WRITE ceiling=5.97 reason_codes=FEATURED_NOT_OURS_REGAIN,STEP_REGAIN_TO_RIVAL,GUARDRAIL_FINAL_CEILING_CLAMP,BINDING_CEILING_COMPLIANCE,LIVE_WRITES_DISABLED
2026-02-13T20:14:50Z cycle_sleep seconds=900.00
2026-02-13T20:29:50Z cycle_start run_id=20260213T202950Z phase1_pilot=1 run_once=0 loop_sleep_seconds=900.00
2026-02-13T20:29:52Z snapshot_refresh ok listing_rows=1 seller_rows=14
2026-02-13T20:29:54Z phase1 h_cycle sku=JB-RGB6-LZOJ state=REGAIN write_status=READ_ONLY_NO_WRITE ceiling=5.97 reason_codes=FEATURED_NOT_OURS_REGAIN,STEP_REGAIN_TO_RIVAL,GUARDRAIL_FINAL_CEILING_CLAMP,BINDING_CEILING_COMPLIANCE,LIVE_WRITES_DISABLED
2026-02-13T20:29:54Z cycle_sleep seconds=900.00
2026-02-13T20:44:54Z cycle_start run_id=20260213T204454Z phase1_pilot=1 run_once=0 loop_sleep_seconds=900.00
2026-02-13T20:44:56Z snapshot_refresh ok listing_rows=1 seller_rows=14
2026-02-13T20:44:58Z phase1 h_cycle sku=JB-RGB6-LZOJ state=REGAIN write_status=READ_ONLY_NO_WRITE ceiling=5.97 reason_codes=FEATURED_NOT_OURS_REGAIN,STEP_REGAIN_TO_RIVAL,GUARDRAIL_FINAL_CEILING_CLAMP,BINDING_CEILING_COMPLIANCE,LIVE_WRITES_DISABLED
2026-02-13T20:44:58Z cycle_sleep seconds=900.00
2026-02-13T20:59:58Z cycle_start run_id=20260213T205958Z phase1_pilot=1 run_once=0 loop_sleep_seconds=900.00
2026-02-13T21:00:00Z snapshot_refresh ok listing_rows=1 seller_rows=14
2026-02-13T21:00:01Z phase1 h_cycle sku=JB-RGB6-LZOJ state=REGAIN write_status=READ_ONLY_NO_WRITE ceiling=5.97 reason_codes=FEATURED_NOT_OURS_REGAIN,STEP_REGAIN_TO_RIVAL,GUARDRAIL_FINAL_CEILING_CLAMP,BINDING_CEILING_COMPLIANCE,LIVE_WRITES_DISABLED
2026-02-13T21:00:01Z cycle_sleep seconds=900.00
2026-02-13T21:15:01Z cycle_start run_id=20260213T211501Z phase1_pilot=1 run_once=0 loop_sleep_seconds=900.00
2026-02-13T21:15:04Z snapshot_refresh ok listing_rows=1 seller_rows=14
2026-02-13T21:15:05Z phase1 h_cycle sku=JB-RGB6-LZOJ state=REGAIN write_status=READ_ONLY_NO_WRITE ceiling=5.97 reason_codes=FEATURED_NOT_OURS_REGAIN,STEP_REGAIN_TO_RIVAL,GUARDRAIL_FINAL_CEILING_CLAMP,BINDING_CEILING_COMPLIANCE,LIVE_WRITES_DISABLED
2026-02-13T21:15:05Z cycle_sleep seconds=900.00
2026-02-13T21:30:05Z cycle_start run_id=20260213T213005Z phase1_pilot=1 run_once=0 loop_sleep_seconds=900.00
2026-02-13T21:30:08Z snapshot_refresh ok listing_rows=1 seller_rows=14
2026-02-13T21:30:09Z phase1 h_cycle sku=JB-RGB6-LZOJ state=REGAIN write_status=READ_ONLY_NO_WRITE ceiling=5.97 reason_codes=FEATURED_NOT_OURS_REGAIN,STEP_REGAIN_TO_RIVAL,GUARDRAIL_FINAL_CEILING_CLAMP,BINDING_CEILING_COMPLIANCE,LIVE_WRITES_DISABLED
2026-02-13T21:30:09Z cycle_sleep seconds=900.00
2026-02-13T21:45:09Z cycle_start run_id=20260213T214509Z phase1_pilot=1 run_once=0 loop_sleep_seconds=900.00
2026-02-13T21:45:12Z snapshot_refresh ok listing_rows=1 seller_rows=14
2026-02-13T21:45:13Z phase1 h_cycle sku=JB-RGB6-LZOJ state=REGAIN write_status=READ_ONLY_NO_WRITE ceiling=5.97 reason_codes=FEATURED_NOT_OURS_REGAIN,STEP_REGAIN_TO_RIVAL,GUARDRAIL_FINAL_CEILING_CLAMP,BINDING_CEILING_COMPLIANCE,LIVE_WRITES_DISABLED
2026-02-13T21:45:13Z cycle_sleep seconds=900.00
2026-02-13T22:00:13Z cycle_start run_id=20260213T220013Z phase1_pilot=1 run_once=0 loop_sleep_seconds=900.00
2026-02-13T22:00:16Z snapshot_refresh ok listing_rows=1 seller_rows=14
2026-02-13T22:00:18Z phase1 h_cycle sku=JB-RGB6-LZOJ state=REGAIN write_status=READ_ONLY_NO_WRITE ceiling=5.97 reason_codes=FEATURED_NOT_OURS_REGAIN,STEP_REGAIN_TO_RIVAL,GUARDRAIL_FINAL_CEILING_CLAMP,BINDING_CEILING_COMPLIANCE,LIVE_WRITES_DISABLED
2026-02-13T22:00:18Z cycle_sleep seconds=900.00
2026-02-13T22:15:18Z cycle_start run_id=20260213T221518Z phase1_pilot=1 run_once=0 loop_sleep_seconds=900.00
2026-02-13T22:15:20Z snapshot_refresh ok listing_rows=1 seller_rows=14
2026-02-13T22:15:22Z phase1 h_cycle sku=JB-RGB6-LZOJ state=REGAIN write_status=READ_ONLY_NO_WRITE ceiling=5.97 reason_codes=FEATURED_NOT_OURS_REGAIN,STEP_REGAIN_TO_RIVAL,GUARDRAIL_FINAL_CEILING_CLAMP,BINDING_CEILING_COMPLIANCE,LIVE_WRITES_DISABLED
2026-02-13T22:15:22Z cycle_sleep seconds=900.00
2026-02-13T22:30:22Z cycle_start run_id=20260213T223022Z phase1_pilot=1 run_once=0 loop_sleep_seconds=900.00
2026-02-13T22:30:24Z snapshot_refresh ok listing_rows=1 seller_rows=14
2026-02-13T22:30:26Z phase1 h_cycle sku=JB-RGB6-LZOJ state=REGAIN write_status=READ_ONLY_NO_WRITE ceiling=5.97 reason_codes=FEATURED_NOT_OURS_REGAIN,STEP_REGAIN_TO_RIVAL,GUARDRAIL_FINAL_CEILING_CLAMP,BINDING_CEILING_COMPLIANCE,LIVE_WRITES_DISABLED
2026-02-13T22:30:26Z cycle_sleep seconds=900.00
2026-02-13T22:45:26Z cycle_start run_id=20260213T224526Z phase1_pilot=1 run_once=0 loop_sleep_seconds=900.00
2026-02-13T22:45:28Z snapshot_refresh ok listing_rows=1 seller_rows=14
2026-02-13T22:45:29Z phase1 h_cycle sku=JB-RGB6-LZOJ state=REGAIN write_status=READ_ONLY_NO_WRITE ceiling=5.97 reason_codes=FEATURED_NOT_OURS_REGAIN,STEP_REGAIN_TO_RIVAL,GUARDRAIL_FINAL_CEILING_CLAMP,BINDING_CEILING_COMPLIANCE,LIVE_WRITES_DISABLED
2026-02-13T22:45:29Z cycle_sleep seconds=900.00
2026-02-13T23:00:29Z cycle_start run_id=20260213T230029Z phase1_pilot=1 run_once=0 loop_sleep_seconds=900.00
2026-02-13T23:00:32Z snapshot_refresh ok listing_rows=1 seller_rows=14
2026-02-13T23:00:33Z phase1 h_cycle sku=JB-RGB6-LZOJ state=REGAIN write_status=READ_ONLY_NO_WRITE ceiling=5.97 reason_codes=FEATURED_NOT_OURS_REGAIN,STEP_REGAIN_TO_RIVAL,GUARDRAIL_FINAL_CEILING_CLAMP,BINDING_CEILING_COMPLIANCE,LIVE_WRITES_DISABLED
2026-02-13T23:00:33Z cycle_sleep seconds=900.00
2026-02-13T23:15:34Z cycle_start run_id=20260213T231534Z phase1_pilot=1 run_once=0 loop_sleep_seconds=900.00
2026-02-13T23:15:36Z snapshot_refresh ok listing_rows=1 seller_rows=14
2026-02-13T23:15:37Z phase1 h_cycle sku=JB-RGB6-LZOJ state=REGAIN write_status=READ_ONLY_NO_WRITE ceiling=5.97 reason_codes=FEATURED_NOT_OURS_REGAIN,STEP_REGAIN_TO_RIVAL,GUARDRAIL_FINAL_CEILING_CLAMP,BINDING_CEILING_COMPLIANCE,LIVE_WRITES_DISABLED
2026-02-13T23:15:37Z cycle_sleep seconds=900.00
2026-02-13T23:30:37Z cycle_start run_id=20260213T233037Z phase1_pilot=1 run_once=0 loop_sleep_seconds=900.00
2026-02-13T23:30:40Z snapshot_refresh ok listing_rows=1 seller_rows=14
2026-02-13T23:30:41Z phase1 h_cycle sku=JB-RGB6-LZOJ state=REGAIN write_status=READ_ONLY_NO_WRITE ceiling=5.97 reason_codes=FEATURED_NOT_OURS_REGAIN,STEP_REGAIN_TO_RIVAL,GUARDRAIL_FINAL_CEILING_CLAMP,BINDING_CEILING_COMPLIANCE,LIVE_WRITES_DISABLED
2026-02-13T23:30:41Z cycle_sleep seconds=900.00
2026-02-13T23:45:41Z cycle_start run_id=20260213T234541Z phase1_pilot=1 run_once=0 loop_sleep_seconds=900.00
2026-02-13T23:45:44Z snapshot_refresh ok listing_rows=1 seller_rows=14
2026-02-13T23:45:45Z phase1 h_cycle sku=JB-RGB6-LZOJ state=REGAIN write_status=READ_ONLY_NO_WRITE ceiling=5.97 reason_codes=FEATURED_NOT_OURS_REGAIN,STEP_REGAIN_TO_RIVAL,GUARDRAIL_FINAL_CEILING_CLAMP,BINDING_CEILING_COMPLIANCE,LIVE_WRITES_DISABLED
2026-02-13T23:45:45Z cycle_sleep seconds=900.00
2026-02-14T00:00:45Z cycle_start run_id=20260214T000045Z phase1_pilot=1 run_once=0 loop_sleep_seconds=900.00
2026-02-14T00:00:48Z snapshot_refresh ok listing_rows=1 seller_rows=14
2026-02-14T00:00:49Z phase1 h_cycle daily_intel missing for today; run A016_refresh_phase1_daily_intel.py
2026-02-14T00:00:49Z phase1 h_cycle sku=JB-RGB6-LZOJ state=REGAIN write_status=READ_ONLY_NO_WRITE ceiling=5.97 reason_codes=FEATURED_NOT_OURS_REGAIN,STEP_REGAIN_TO_RIVAL,GUARDRAIL_FINAL_CEILING_CLAMP,BINDING_CEILING_COMPLIANCE,LIVE_WRITES_DISABLED
2026-02-14T00:00:49Z cycle_sleep seconds=900.00
2026-02-14T00:15:49Z cycle_start run_id=20260214T001549Z phase1_pilot=1 run_once=0 loop_sleep_seconds=900.00
2026-02-14T00:15:52Z snapshot_refresh ok listing_rows=1 seller_rows=14
2026-02-14T00:15:53Z phase1 h_cycle daily_intel missing for today; run A016_refresh_phase1_daily_intel.py
2026-02-14T00:15:53Z phase1 h_cycle sku=JB-RGB6-LZOJ state=REGAIN write_status=READ_ONLY_NO_WRITE ceiling=5.97 reason_codes=FEATURED_NOT_OURS_REGAIN,STEP_REGAIN_TO_RIVAL,GUARDRAIL_FINAL_CEILING_CLAMP,BINDING_CEILING_COMPLIANCE,LIVE_WRITES_DISABLED
2026-02-14T00:15:53Z cycle_sleep seconds=900.00
2026-02-14T00:30:53Z cycle_start run_id=20260214T003053Z phase1_pilot=1 run_once=0 loop_sleep_seconds=900.00
2026-02-14T00:30:56Z snapshot_refresh ok listing_rows=1 seller_rows=14
2026-02-14T00:30:57Z phase1 h_cycle daily_intel missing for today; run A016_refresh_phase1_daily_intel.py
2026-02-14T00:30:57Z phase1 h_cycle sku=JB-RGB6-LZOJ state=REGAIN write_status=READ_ONLY_NO_WRITE ceiling=5.97 reason_codes=FEATURED_NOT_OURS_REGAIN,STEP_REGAIN_TO_RIVAL,GUARDRAIL_FINAL_CEILING_CLAMP,BINDING_CEILING_COMPLIANCE,LIVE_WRITES_DISABLED
2026-02-14T00:30:57Z cycle_sleep seconds=900.00
2026-02-14T00:45:57Z cycle_start run_id=20260214T004557Z phase1_pilot=1 run_once=0 loop_sleep_seconds=900.00
2026-02-14T00:46:00Z snapshot_refresh ok listing_rows=1 seller_rows=14
2026-02-14T00:46:01Z phase1 h_cycle daily_intel missing for today; run A016_refresh_phase1_daily_intel.py
2026-02-14T00:46:01Z phase1 h_cycle sku=JB-RGB6-LZOJ state=REGAIN write_status=READ_ONLY_NO_WRITE ceiling=5.97 reason_codes=FEATURED_NOT_OURS_REGAIN,STEP_REGAIN_TO_RIVAL,GUARDRAIL_FINAL_CEILING_CLAMP,BINDING_CEILING_COMPLIANCE,LIVE_WRITES_DISABLED
2026-02-14T00:46:01Z cycle_sleep seconds=900.00
2026-02-14T01:01:01Z cycle_start run_id=20260214T010101Z phase1_pilot=1 run_once=0 loop_sleep_seconds=900.00
2026-02-14T01:01:04Z snapshot_refresh ok listing_rows=1 seller_rows=14
2026-02-14T01:01:05Z phase1 h_cycle daily_intel missing for today; run A016_refresh_phase1_daily_intel.py
2026-02-14T01:01:05Z phase1 h_cycle sku=JB-RGB6-LZOJ state=REGAIN write_status=READ_ONLY_NO_WRITE ceiling=5.97 reason_codes=FEATURED_NOT_OURS_REGAIN,STEP_REGAIN_TO_RIVAL,GUARDRAIL_FINAL_CEILING_CLAMP,BINDING_CEILING_COMPLIANCE,LIVE_WRITES_DISABLED
2026-02-14T01:01:05Z cycle_sleep seconds=900.00
2026-02-14T01:16:05Z cycle_start run_id=20260214T011605Z phase1_pilot=1 run_once=0 loop_sleep_seconds=900.00
2026-02-14T01:16:08Z snapshot_refresh ok listing_rows=1 seller_rows=14
2026-02-14T01:16:09Z phase1 h_cycle daily_intel missing for today; run A016_refresh_phase1_daily_intel.py
2026-02-14T01:16:09Z phase1 h_cycle sku=JB-RGB6-LZOJ state=REGAIN write_status=READ_ONLY_NO_WRITE ceiling=5.97 reason_codes=FEATURED_NOT_OURS_REGAIN,STEP_REGAIN_TO_RIVAL,GUARDRAIL_FINAL_CEILING_CLAMP,BINDING_CEILING_COMPLIANCE,LIVE_WRITES_DISABLED
2026-02-14T01:16:09Z cycle_sleep seconds=900.00
2026-02-14T01:31:09Z cycle_start run_id=20260214T013109Z phase1_pilot=1 run_once=0 loop_sleep_seconds=900.00
2026-02-14T01:31:12Z snapshot_refresh ok listing_rows=1 seller_rows=14
2026-02-14T01:31:13Z phase1 h_cycle daily_intel missing for today; run A016_refresh_phase1_daily_intel.py
2026-02-14T01:31:13Z phase1 h_cycle sku=JB-RGB6-LZOJ state=REGAIN write_status=READ_ONLY_NO_WRITE ceiling=5.97 reason_codes=FEATURED_NOT_OURS_REGAIN,STEP_REGAIN_TO_RIVAL,GUARDRAIL_FINAL_CEILING_CLAMP,BINDING_CEILING_COMPLIANCE,LIVE_WRITES_DISABLED
2026-02-14T01:31:13Z cycle_sleep seconds=900.00
2026-02-14T01:46:13Z cycle_start run_id=20260214T014613Z phase1_pilot=1 run_once=0 loop_sleep_seconds=900.00
2026-02-14T01:46:16Z snapshot_refresh ok listing_rows=1 seller_rows=14
2026-02-14T01:46:17Z phase1 h_cycle daily_intel missing for today; run A016_refresh_phase1_daily_intel.py
2026-02-14T01:46:17Z phase1 h_cycle sku=JB-RGB6-LZOJ state=REGAIN write_status=READ_ONLY_NO_WRITE ceiling=5.97 reason_codes=FEATURED_NOT_OURS_REGAIN,STEP_REGAIN_TO_RIVAL,GUARDRAIL_FINAL_CEILING_CLAMP,BINDING_CEILING_COMPLIANCE,LIVE_WRITES_DISABLED
2026-02-14T01:46:17Z cycle_sleep seconds=900.00
2026-02-14T02:01:17Z cycle_start run_id=20260214T020117Z phase1_pilot=1 run_once=0 loop_sleep_seconds=900.00
2026-02-14T02:01:20Z snapshot_refresh ok listing_rows=1 seller_rows=14
2026-02-14T02:01:21Z phase1 h_cycle daily_intel missing for today; run A016_refresh_phase1_daily_intel.py
2026-02-14T02:01:21Z phase1 h_cycle sku=JB-RGB6-LZOJ state=REGAIN write_status=READ_ONLY_NO_WRITE ceiling=5.97 reason_codes=FEATURED_NOT_OURS_REGAIN,STEP_REGAIN_TO_RIVAL,GUARDRAIL_FINAL_CEILING_CLAMP,BINDING_CEILING_COMPLIANCE,LIVE_WRITES_DISABLED
2026-02-14T02:01:21Z cycle_sleep seconds=900.00
2026-02-14T02:16:21Z cycle_start run_id=20260214T021621Z phase1_pilot=1 run_once=0 loop_sleep_seconds=900.00
2026-02-14T02:16:24Z snapshot_refresh ok listing_rows=1 seller_rows=14
2026-02-14T02:16:25Z phase1 h_cycle daily_intel missing for today; run A016_refresh_phase1_daily_intel.py
2026-02-14T02:16:25Z phase1 h_cycle sku=JB-RGB6-LZOJ state=REGAIN write_status=READ_ONLY_NO_WRITE ceiling=5.97 reason_codes=FEATURED_NOT_OURS_REGAIN,STEP_REGAIN_TO_RIVAL,GUARDRAIL_FINAL_CEILING_CLAMP,BINDING_CEILING_COMPLIANCE,LIVE_WRITES_DISABLED
2026-02-14T02:16:25Z cycle_sleep seconds=900.00
2026-02-14T02:31:25Z cycle_start run_id=20260214T023125Z phase1_pilot=1 run_once=0 loop_sleep_seconds=900.00
2026-02-14T02:31:28Z snapshot_refresh ok listing_rows=1 seller_rows=14
2026-02-14T02:31:29Z phase1 h_cycle daily_intel missing for today; run A016_refresh_phase1_daily_intel.py
2026-02-14T02:31:29Z phase1 h_cycle sku=JB-RGB6-LZOJ state=REGAIN write_status=READ_ONLY_NO_WRITE ceiling=5.97 reason_codes=FEATURED_NOT_OURS_REGAIN,STEP_REGAIN_TO_RIVAL,GUARDRAIL_FINAL_CEILING_CLAMP,BINDING_CEILING_COMPLIANCE,LIVE_WRITES_DISABLED
2026-02-14T02:31:29Z cycle_sleep seconds=900.00
2026-02-14T02:46:29Z cycle_start run_id=20260214T024629Z phase1_pilot=1 run_once=0 loop_sleep_seconds=900.00
2026-02-14T02:46:31Z snapshot_refresh ok listing_rows=1 seller_rows=14
2026-02-14T02:46:33Z phase1 h_cycle daily_intel missing for today; run A016_refresh_phase1_daily_intel.py
2026-02-14T02:46:33Z phase1 h_cycle sku=JB-RGB6-LZOJ state=REGAIN write_status=READ_ONLY_NO_WRITE ceiling=5.97 reason_codes=FEATURED_NOT_OURS_REGAIN,STEP_REGAIN_TO_RIVAL,GUARDRAIL_FINAL_CEILING_CLAMP,BINDING_CEILING_COMPLIANCE,LIVE_WRITES_DISABLED
2026-02-14T02:46:33Z cycle_sleep seconds=900.00
2026-02-14T03:01:33Z cycle_start run_id=20260214T030133Z phase1_pilot=1 run_once=0 loop_sleep_seconds=900.00
2026-02-14T03:01:35Z snapshot_refresh ok listing_rows=1 seller_rows=14
2026-02-14T03:01:37Z phase1 h_cycle daily_intel missing for today; run A016_refresh_phase1_daily_intel.py
2026-02-14T03:01:37Z phase1 h_cycle sku=JB-RGB6-LZOJ state=REGAIN write_status=READ_ONLY_NO_WRITE ceiling=5.97 reason_codes=FEATURED_NOT_OURS_REGAIN,STEP_REGAIN_TO_RIVAL,GUARDRAIL_FINAL_CEILING_CLAMP,BINDING_CEILING_COMPLIANCE,LIVE_WRITES_DISABLED
2026-02-14T03:01:37Z cycle_sleep seconds=900.00
2026-02-14T03:16:37Z cycle_start run_id=20260214T031637Z phase1_pilot=1 run_once=0 loop_sleep_seconds=900.00
2026-02-14T03:16:39Z snapshot_refresh ok listing_rows=1 seller_rows=14
2026-02-14T03:16:40Z phase1 h_cycle daily_intel missing for today; run A016_refresh_phase1_daily_intel.py
2026-02-14T03:16:40Z phase1 h_cycle sku=JB-RGB6-LZOJ state=REGAIN write_status=READ_ONLY_NO_WRITE ceiling=5.97 reason_codes=FEATURED_NOT_OURS_REGAIN,STEP_REGAIN_TO_RIVAL,GUARDRAIL_FINAL_CEILING_CLAMP,BINDING_CEILING_COMPLIANCE,LIVE_WRITES_DISABLED
2026-02-14T03:16:40Z cycle_sleep seconds=900.00
2026-02-14T03:31:40Z cycle_start run_id=20260214T033140Z phase1_pilot=1 run_once=0 loop_sleep_seconds=900.00
2026-02-14T03:31:43Z snapshot_refresh ok listing_rows=1 seller_rows=14
2026-02-14T03:31:44Z phase1 h_cycle daily_intel missing for today; run A016_refresh_phase1_daily_intel.py
2026-02-14T03:31:44Z phase1 h_cycle sku=JB-RGB6-LZOJ state=REGAIN write_status=READ_ONLY_NO_WRITE ceiling=5.97 reason_codes=FEATURED_NOT_OURS_REGAIN,STEP_REGAIN_TO_RIVAL,GUARDRAIL_FINAL_CEILING_CLAMP,BINDING_CEILING_COMPLIANCE,LIVE_WRITES_DISABLED
2026-02-14T03:31:44Z cycle_sleep seconds=900.00
2026-02-14T03:46:44Z cycle_start run_id=20260214T034644Z phase1_pilot=1 run_once=0 loop_sleep_seconds=900.00
2026-02-14T03:46:47Z snapshot_refresh ok listing_rows=1 seller_rows=14
2026-02-14T03:46:48Z phase1 h_cycle daily_intel missing for today; run A016_refresh_phase1_daily_intel.py
2026-02-14T03:46:48Z phase1 h_cycle sku=JB-RGB6-LZOJ state=REGAIN write_status=READ_ONLY_NO_WRITE ceiling=5.97 reason_codes=FEATURED_NOT_OURS_REGAIN,STEP_REGAIN_TO_RIVAL,GUARDRAIL_FINAL_CEILING_CLAMP,BINDING_CEILING_COMPLIANCE,LIVE_WRITES_DISABLED
2026-02-14T03:46:48Z cycle_sleep seconds=900.00
2026-02-14T04:01:48Z cycle_start run_id=20260214T040148Z phase1_pilot=1 run_once=0 loop_sleep_seconds=900.00
2026-02-14T04:01:51Z snapshot_refresh ok listing_rows=1 seller_rows=14
2026-02-14T04:01:52Z phase1 h_cycle daily_intel missing for today; run A016_refresh_phase1_daily_intel.py
2026-02-14T04:01:52Z phase1 h_cycle sku=JB-RGB6-LZOJ state=REGAIN write_status=READ_ONLY_NO_WRITE ceiling=5.97 reason_codes=FEATURED_NOT_OURS_REGAIN,STEP_REGAIN_TO_RIVAL,GUARDRAIL_FINAL_CEILING_CLAMP,BINDING_CEILING_COMPLIANCE,LIVE_WRITES_DISABLED
2026-02-14T04:01:52Z cycle_sleep seconds=900.00
2026-02-14T04:16:52Z cycle_start run_id=20260214T041652Z phase1_pilot=1 run_once=0 loop_sleep_seconds=900.00
2026-02-14T04:16:55Z snapshot_refresh ok listing_rows=1 seller_rows=14
2026-02-14T04:16:56Z phase1 h_cycle daily_intel missing for today; run A016_refresh_phase1_daily_intel.py
2026-02-14T04:16:56Z phase1 h_cycle sku=JB-RGB6-LZOJ state=REGAIN write_status=READ_ONLY_NO_WRITE ceiling=5.97 reason_codes=FEATURED_NOT_OURS_REGAIN,STEP_REGAIN_TO_RIVAL,GUARDRAIL_FINAL_CEILING_CLAMP,BINDING_CEILING_COMPLIANCE,LIVE_WRITES_DISABLED
2026-02-14T04:16:56Z cycle_sleep seconds=900.00
2026-02-14T04:31:56Z cycle_start run_id=20260214T043156Z phase1_pilot=1 run_once=0 loop_sleep_seconds=900.00
2026-02-14T04:31:59Z snapshot_refresh ok listing_rows=1 seller_rows=14
2026-02-14T04:32:00Z phase1 h_cycle daily_intel missing for today; run A016_refresh_phase1_daily_intel.py
2026-02-14T04:32:00Z phase1 h_cycle sku=JB-RGB6-LZOJ state=REGAIN write_status=READ_ONLY_NO_WRITE ceiling=5.97 reason_codes=FEATURED_NOT_OURS_REGAIN,STEP_REGAIN_TO_RIVAL,GUARDRAIL_FINAL_CEILING_CLAMP,BINDING_CEILING_COMPLIANCE,LIVE_WRITES_DISABLED
2026-02-14T04:32:00Z cycle_sleep seconds=900.00
2026-02-14T04:47:00Z cycle_start run_id=20260214T044700Z phase1_pilot=1 run_once=0 loop_sleep_seconds=900.00
2026-02-14T04:47:03Z snapshot_refresh ok listing_rows=1 seller_rows=14
2026-02-14T04:47:04Z phase1 h_cycle daily_intel missing for today; run A016_refresh_phase1_daily_intel.py
2026-02-14T04:47:04Z phase1 h_cycle sku=JB-RGB6-LZOJ state=REGAIN write_status=READ_ONLY_NO_WRITE ceiling=5.97 reason_codes=FEATURED_NOT_OURS_REGAIN,STEP_REGAIN_TO_RIVAL,GUARDRAIL_FINAL_CEILING_CLAMP,BINDING_CEILING_COMPLIANCE,LIVE_WRITES_DISABLED
2026-02-14T04:47:04Z cycle_sleep seconds=900.00
2026-02-14T05:02:04Z cycle_start run_id=20260214T050204Z phase1_pilot=1 run_once=0 loop_sleep_seconds=900.00
2026-02-14T05:02:07Z snapshot_refresh ok listing_rows=1 seller_rows=14
2026-02-14T05:02:10Z phase1 h_cycle daily_intel missing for today; run A016_refresh_phase1_daily_intel.py
2026-02-14T05:02:10Z phase1 h_cycle sku=JB-RGB6-LZOJ state=REGAIN write_status=READ_ONLY_NO_WRITE ceiling=5.97 reason_codes=FEATURED_NOT_OURS_REGAIN,STEP_REGAIN_TO_RIVAL,GUARDRAIL_FINAL_CEILING_CLAMP,BINDING_CEILING_COMPLIANCE,LIVE_WRITES_DISABLED
2026-02-14T05:02:10Z cycle_sleep seconds=900.00
2026-02-14T05:17:10Z cycle_start run_id=20260214T051710Z phase1_pilot=1 run_once=0 loop_sleep_seconds=900.00
2026-02-14T05:17:12Z snapshot_refresh ok listing_rows=1 seller_rows=14
2026-02-14T05:17:15Z phase1 h_cycle daily_intel missing for today; run A016_refresh_phase1_daily_intel.py
2026-02-14T05:17:15Z phase1 h_cycle sku=JB-RGB6-LZOJ state=REGAIN write_status=READ_ONLY_NO_WRITE ceiling=5.97 reason_codes=FEATURED_NOT_OURS_REGAIN,STEP_REGAIN_TO_RIVAL,GUARDRAIL_FINAL_CEILING_CLAMP,BINDING_CEILING_COMPLIANCE,LIVE_WRITES_DISABLED
2026-02-14T05:17:15Z cycle_sleep seconds=900.00
2026-02-14T05:32:15Z cycle_start run_id=20260214T053215Z phase1_pilot=1 run_once=0 loop_sleep_seconds=900.00
2026-02-14T05:32:18Z snapshot_refresh ok listing_rows=1 seller_rows=14
2026-02-14T05:32:20Z phase1 h_cycle daily_intel missing for today; run A016_refresh_phase1_daily_intel.py
2026-02-14T05:32:20Z phase1 h_cycle sku=JB-RGB6-LZOJ state=REGAIN write_status=READ_ONLY_NO_WRITE ceiling=5.97 reason_codes=FEATURED_NOT_OURS_REGAIN,STEP_REGAIN_TO_RIVAL,GUARDRAIL_FINAL_CEILING_CLAMP,BINDING_CEILING_COMPLIANCE,LIVE_WRITES_DISABLED
2026-02-14T05:32:20Z cycle_sleep seconds=900.00
2026-02-14T05:47:20Z cycle_start run_id=20260214T054720Z phase1_pilot=1 run_once=0 loop_sleep_seconds=900.00
2026-02-14T05:47:22Z snapshot_refresh ok listing_rows=1 seller_rows=14
2026-02-14T05:47:23Z phase1 h_cycle daily_intel missing for today; run A016_refresh_phase1_daily_intel.py
2026-02-14T05:47:23Z phase1 h_cycle sku=JB-RGB6-LZOJ state=REGAIN write_status=READ_ONLY_NO_WRITE ceiling=5.97 reason_codes=FEATURED_NOT_OURS_REGAIN,STEP_REGAIN_TO_RIVAL,GUARDRAIL_FINAL_CEILING_CLAMP,BINDING_CEILING_COMPLIANCE,LIVE_WRITES_DISABLED
2026-02-14T05:47:23Z cycle_sleep seconds=900.00
2026-02-14T06:02:23Z cycle_start run_id=20260214T060223Z phase1_pilot=1 run_once=0 loop_sleep_seconds=900.00
2026-02-14T06:02:26Z snapshot_refresh ok listing_rows=1 seller_rows=14
2026-02-14T06:02:27Z phase1 h_cycle daily_intel missing for today; run A016_refresh_phase1_daily_intel.py
2026-02-14T06:02:27Z phase1 h_cycle sku=JB-RGB6-LZOJ state=REGAIN write_status=READ_ONLY_NO_WRITE ceiling=5.97 reason_codes=FEATURED_NOT_OURS_REGAIN,STEP_REGAIN_TO_RIVAL,GUARDRAIL_FINAL_CEILING_CLAMP,BINDING_CEILING_COMPLIANCE,LIVE_WRITES_DISABLED
2026-02-14T06:02:27Z cycle_sleep seconds=900.00
2026-02-14T06:17:27Z cycle_start run_id=20260214T061727Z phase1_pilot=1 run_once=0 loop_sleep_seconds=900.00
2026-02-14T06:17:30Z snapshot_refresh ok listing_rows=1 seller_rows=14
2026-02-14T06:17:31Z phase1 h_cycle sku=JB-RGB6-LZOJ state=REGAIN write_status=READ_ONLY_NO_WRITE ceiling=5.97 reason_codes=FEATURED_NOT_OURS_REGAIN,STEP_REGAIN_TO_RIVAL,GUARDRAIL_FINAL_CEILING_CLAMP,BINDING_CEILING_COMPLIANCE,LIVE_WRITES_DISABLED
2026-02-14T06:17:31Z cycle_sleep seconds=900.00
2026-02-14T06:32:31Z cycle_start run_id=20260214T063231Z phase1_pilot=1 run_once=0 loop_sleep_seconds=900.00
2026-02-14T06:32:34Z snapshot_refresh ok listing_rows=1 seller_rows=14
2026-02-14T06:32:35Z phase1 h_cycle sku=JB-RGB6-LZOJ state=REGAIN write_status=READ_ONLY_NO_WRITE ceiling=5.97 reason_codes=FEATURED_NOT_OURS_REGAIN,STEP_REGAIN_TO_RIVAL,GUARDRAIL_FINAL_CEILING_CLAMP,BINDING_CEILING_COMPLIANCE,LIVE_WRITES_DISABLED
2026-02-14T06:32:35Z cycle_sleep seconds=900.00
2026-02-14T06:47:35Z cycle_start run_id=20260214T064735Z phase1_pilot=1 run_once=0 loop_sleep_seconds=900.00
2026-02-14T06:47:38Z snapshot_refresh ok listing_rows=1 seller_rows=14
2026-02-14T06:47:39Z phase1 h_cycle sku=JB-RGB6-LZOJ state=REGAIN write_status=READ_ONLY_NO_WRITE ceiling=5.97 reason_codes=FEATURED_NOT_OURS_REGAIN,STEP_REGAIN_TO_RIVAL,GUARDRAIL_FINAL_CEILING_CLAMP,BINDING_CEILING_COMPLIANCE,LIVE_WRITES_DISABLED
2026-02-14T06:47:39Z cycle_sleep seconds=900.00
2026-02-14T07:02:39Z cycle_start run_id=20260214T070239Z phase1_pilot=1 run_once=0 loop_sleep_seconds=900.00
2026-02-14T07:02:42Z snapshot_refresh ok listing_rows=1 seller_rows=14
2026-02-14T07:02:43Z phase1 h_cycle sku=JB-RGB6-LZOJ state=REGAIN write_status=READ_ONLY_NO_WRITE ceiling=5.97 reason_codes=FEATURED_NOT_OURS_REGAIN,STEP_REGAIN_TO_RIVAL,GUARDRAIL_FINAL_CEILING_CLAMP,BINDING_CEILING_COMPLIANCE,LIVE_WRITES_DISABLED
2026-02-14T07:02:43Z cycle_sleep seconds=900.00
2026-02-14T07:17:43Z cycle_start run_id=20260214T071743Z phase1_pilot=1 run_once=0 loop_sleep_seconds=900.00
2026-02-14T07:17:46Z snapshot_refresh ok listing_rows=1 seller_rows=14
2026-02-14T07:17:47Z phase1 h_cycle sku=JB-RGB6-LZOJ state=REGAIN write_status=READ_ONLY_NO_WRITE ceiling=5.97 reason_codes=FEATURED_NOT_OURS_REGAIN,STEP_REGAIN_TO_RIVAL,GUARDRAIL_FINAL_CEILING_CLAMP,BINDING_CEILING_COMPLIANCE,LIVE_WRITES_DISABLED
2026-02-14T07:17:47Z cycle_sleep seconds=900.00
2026-02-14T07:32:47Z cycle_start run_id=20260214T073247Z phase1_pilot=1 run_once=0 loop_sleep_seconds=900.00
2026-02-14T07:32:50Z snapshot_refresh ok listing_rows=1 seller_rows=14
2026-02-14T07:32:51Z phase1 h_cycle sku=JB-RGB6-LZOJ state=REGAIN write_status=READ_ONLY_NO_WRITE ceiling=5.97 reason_codes=FEATURED_NOT_OURS_REGAIN,STEP_REGAIN_TO_RIVAL,GUARDRAIL_FINAL_CEILING_CLAMP,BINDING_CEILING_COMPLIANCE,LIVE_WRITES_DISABLED
2026-02-14T07:32:51Z cycle_sleep seconds=900.00
2026-02-14T07:47:51Z cycle_start run_id=20260214T074751Z phase1_pilot=1 run_once=0 loop_sleep_seconds=900.00
2026-02-14T07:47:54Z snapshot_refresh ok listing_rows=1 seller_rows=14
2026-02-14T07:47:55Z phase1 h_cycle sku=JB-RGB6-LZOJ state=REGAIN write_status=READ_ONLY_NO_WRITE ceiling=5.97 reason_codes=FEATURED_NOT_OURS_REGAIN,STEP_REGAIN_TO_RIVAL,GUARDRAIL_FINAL_CEILING_CLAMP,BINDING_CEILING_COMPLIANCE,LIVE_WRITES_DISABLED
2026-02-14T07:47:55Z cycle_sleep seconds=900.00
2026-02-14T08:02:55Z cycle_start run_id=20260214T080255Z phase1_pilot=1 run_once=0 loop_sleep_seconds=900.00
2026-02-14T08:02:58Z snapshot_refresh ok listing_rows=1 seller_rows=14
2026-02-14T08:02:59Z phase1 h_cycle sku=JB-RGB6-LZOJ state=REGAIN write_status=READ_ONLY_NO_WRITE ceiling=5.97 reason_codes=FEATURED_NOT_OURS_REGAIN,STEP_REGAIN_TO_RIVAL,GUARDRAIL_FINAL_CEILING_CLAMP,BINDING_CEILING_COMPLIANCE,LIVE_WRITES_DISABLED
2026-02-14T08:02:59Z cycle_sleep seconds=900.00
2026-02-14T08:17:59Z cycle_start run_id=20260214T081759Z phase1_pilot=1 run_once=0 loop_sleep_seconds=900.00
2026-02-14T08:18:01Z snapshot_refresh ok listing_rows=1 seller_rows=14
2026-02-14T08:18:03Z phase1 h_cycle sku=JB-RGB6-LZOJ state=REGAIN write_status=READ_ONLY_NO_WRITE ceiling=5.97 reason_codes=FEATURED_NOT_OURS_REGAIN,STEP_REGAIN_TO_RIVAL,GUARDRAIL_FINAL_CEILING_CLAMP,BINDING_CEILING_COMPLIANCE,LIVE_WRITES_DISABLED
2026-02-14T08:18:03Z cycle_sleep seconds=900.00
2026-02-14T08:33:03Z cycle_start run_id=20260214T083303Z phase1_pilot=1 run_once=0 loop_sleep_seconds=900.00
2026-02-14T08:33:06Z snapshot_refresh ok listing_rows=1 seller_rows=14
2026-02-14T08:33:07Z phase1 h_cycle sku=JB-RGB6-LZOJ state=REGAIN write_status=READ_ONLY_NO_WRITE ceiling=5.97 reason_codes=FEATURED_NOT_OURS_REGAIN,STEP_REGAIN_TO_RIVAL,GUARDRAIL_FINAL_CEILING_CLAMP,BINDING_CEILING_COMPLIANCE,LIVE_WRITES_DISABLED
2026-02-14T08:33:07Z cycle_sleep seconds=900.00
2026-02-14T08:48:07Z cycle_start run_id=20260214T084807Z phase1_pilot=1 run_once=0 loop_sleep_seconds=900.00
2026-02-14T08:48:10Z snapshot_refresh ok listing_rows=1 seller_rows=14
2026-02-14T08:48:11Z phase1 h_cycle sku=JB-RGB6-LZOJ state=REGAIN write_status=READ_ONLY_NO_WRITE ceiling=5.97 reason_codes=FEATURED_NOT_OURS_REGAIN,STEP_REGAIN_TO_RIVAL,GUARDRAIL_FINAL_CEILING_CLAMP,BINDING_CEILING_COMPLIANCE,LIVE_WRITES_DISABLED
2026-02-14T08:48:11Z cycle_sleep seconds=900.00
2026-02-14T09:03:11Z cycle_start run_id=20260214T090311Z phase1_pilot=1 run_once=0 loop_sleep_seconds=900.00
2026-02-14T09:03:14Z snapshot_refresh ok listing_rows=1 seller_rows=14
2026-02-14T09:03:15Z phase1 h_cycle sku=JB-RGB6-LZOJ state=REGAIN write_status=READ_ONLY_NO_WRITE ceiling=5.97 reason_codes=FEATURED_NOT_OURS_REGAIN,STEP_REGAIN_TO_RIVAL,GUARDRAIL_FINAL_CEILING_CLAMP,BINDING_CEILING_COMPLIANCE,LIVE_WRITES_DISABLED
2026-02-14T09:03:15Z cycle_sleep seconds=900.00
2026-02-14T09:18:15Z cycle_start run_id=20260214T091815Z phase1_pilot=1 run_once=0 loop_sleep_seconds=900.00
2026-02-14T09:18:18Z snapshot_refresh ok listing_rows=1 seller_rows=14
2026-02-14T09:18:21Z phase1 h_cycle sku=JB-RGB6-LZOJ state=REGAIN write_status=READ_ONLY_NO_WRITE ceiling=5.97 reason_codes=FEATURED_NOT_OURS_REGAIN,STEP_REGAIN_TO_RIVAL,GUARDRAIL_FINAL_CEILING_CLAMP,BINDING_CEILING_COMPLIANCE,LIVE_WRITES_DISABLED
2026-02-14T09:18:21Z cycle_sleep seconds=900.00
2026-02-14T09:33:21Z cycle_start run_id=20260214T093321Z phase1_pilot=1 run_once=0 loop_sleep_seconds=900.00
2026-02-14T09:33:24Z snapshot_refresh ok listing_rows=1 seller_rows=14
2026-02-14T09:33:25Z phase1 h_cycle sku=JB-RGB6-LZOJ state=REGAIN write_status=READ_ONLY_NO_WRITE ceiling=5.97 reason_codes=FEATURED_NOT_OURS_REGAIN,STEP_REGAIN_TO_RIVAL,GUARDRAIL_FINAL_CEILING_CLAMP,BINDING_CEILING_COMPLIANCE,LIVE_WRITES_DISABLED
2026-02-14T09:33:25Z cycle_sleep seconds=900.00
2026-02-14T09:48:25Z cycle_start run_id=20260214T094825Z phase1_pilot=1 run_once=0 loop_sleep_seconds=900.00
2026-02-14T09:48:31Z snapshot_refresh ok listing_rows=1 seller_rows=14
2026-02-14T09:48:32Z phase1 h_cycle sku=JB-RGB6-LZOJ state=REGAIN write_status=READ_ONLY_NO_WRITE ceiling=5.97 reason_codes=FEATURED_NOT_OURS_REGAIN,STEP_REGAIN_TO_RIVAL,GUARDRAIL_FINAL_CEILING_CLAMP,BINDING_CEILING_COMPLIANCE,LIVE_WRITES_DISABLED
2026-02-14T09:48:32Z cycle_sleep seconds=900.00
2026-02-14T10:03:32Z cycle_start run_id=20260214T100332Z phase1_pilot=1 run_once=0 loop_sleep_seconds=900.00
2026-02-14T10:03:35Z snapshot_refresh ok listing_rows=1 seller_rows=14
2026-02-14T10:03:37Z phase1 h_cycle sku=JB-RGB6-LZOJ state=REGAIN write_status=READ_ONLY_NO_WRITE ceiling=5.97 reason_codes=FEATURED_NOT_OURS_REGAIN,STEP_REGAIN_TO_RIVAL,GUARDRAIL_FINAL_CEILING_CLAMP,BINDING_CEILING_COMPLIANCE,LIVE_WRITES_DISABLED
2026-02-14T10:03:37Z cycle_sleep seconds=900.00
2026-02-14T10:18:37Z cycle_start run_id=20260214T101837Z phase1_pilot=1 run_once=0 loop_sleep_seconds=900.00
2026-02-14T10:18:39Z snapshot_refresh ok listing_rows=1 seller_rows=14
2026-02-14T10:18:41Z phase1 h_cycle sku=JB-RGB6-LZOJ state=REGAIN write_status=READ_ONLY_NO_WRITE ceiling=5.97 reason_codes=FEATURED_NOT_OURS_REGAIN,STEP_REGAIN_TO_RIVAL,GUARDRAIL_FINAL_CEILING_CLAMP,BINDING_CEILING_COMPLIANCE,LIVE_WRITES_DISABLED
2026-02-14T10:18:41Z cycle_sleep seconds=900.00
2026-02-14T10:33:41Z cycle_start run_id=20260214T103341Z phase1_pilot=1 run_once=0 loop_sleep_seconds=900.00
2026-02-14T10:33:44Z snapshot_refresh ok listing_rows=1 seller_rows=14
2026-02-14T10:33:46Z phase1 h_cycle sku=JB-RGB6-LZOJ state=REGAIN write_status=READ_ONLY_NO_WRITE ceiling=5.97 reason_codes=FEATURED_NOT_OURS_REGAIN,STEP_REGAIN_TO_RIVAL,GUARDRAIL_FINAL_CEILING_CLAMP,BINDING_CEILING_COMPLIANCE,LIVE_WRITES_DISABLED
2026-02-14T10:33:46Z cycle_sleep seconds=900.00
2026-02-14T10:48:46Z cycle_start run_id=20260214T104846Z phase1_pilot=1 run_once=0 loop_sleep_seconds=900.00
2026-02-14T10:48:49Z snapshot_refresh ok listing_rows=1 seller_rows=13
2026-02-14T10:48:50Z phase1 h_cycle sku=JB-RGB6-LZOJ state=REGAIN write_status=READ_ONLY_NO_WRITE ceiling=5.97 reason_codes=FEATURED_NOT_OURS_REGAIN,STEP_REGAIN_TO_RIVAL,GUARDRAIL_FINAL_CEILING_CLAMP,BINDING_CEILING_COMPLIANCE,LIVE_WRITES_DISABLED
2026-02-14T10:48:50Z cycle_sleep seconds=900.00
2026-02-14T11:03:50Z cycle_start run_id=20260214T110350Z phase1_pilot=1 run_once=0 loop_sleep_seconds=900.00
2026-02-14T11:03:56Z snapshot_refresh ok listing_rows=1 seller_rows=13
2026-02-14T11:03:57Z phase1 h_cycle sku=JB-RGB6-LZOJ state=REGAIN write_status=READ_ONLY_NO_WRITE ceiling=5.97 reason_codes=FEATURED_NOT_OURS_REGAIN,STEP_REGAIN_TO_RIVAL,GUARDRAIL_FINAL_CEILING_CLAMP,BINDING_CEILING_COMPLIANCE,DVE_DISABLED_FEATURED_WINNER_DELIVERY_UNKNOWN,LIVE_WRITES_DISABLED
2026-02-14T11:03:57Z cycle_sleep seconds=900.00
2026-02-14T11:18:57Z cycle_start run_id=20260214T111857Z phase1_pilot=1 run_once=0 loop_sleep_seconds=900.00
2026-02-14T11:19:00Z snapshot_refresh ok listing_rows=1 seller_rows=14
2026-02-14T11:19:01Z phase1 h_cycle sku=JB-RGB6-LZOJ state=HOLD_OBSERVE write_status=NO_WRITE_REQUIRED ceiling=5.97 reason_codes=FEATURED_NOT_OURS_REGAIN,FAIL_CEILING_BELOW_HARD_FLOOR,STATE_HOLD_NO_WRITE,BINDING_CEILING_COMPLIANCE,DVE_DISABLED_FEATURED_WINNER_DELIVERY_UNKNOWN
2026-02-14T11:19:01Z cycle_sleep seconds=900.00
2026-02-14T11:34:01Z cycle_start run_id=20260214T113401Z phase1_pilot=1 run_once=0 loop_sleep_seconds=900.00
2026-02-14T11:34:04Z snapshot_refresh ok listing_rows=1 seller_rows=14
2026-02-14T11:34:05Z phase1 h_cycle sku=JB-RGB6-LZOJ state=HOLD_OBSERVE write_status=NO_WRITE_REQUIRED ceiling=5.97 reason_codes=FEATURED_NOT_OURS_REGAIN,FAIL_CEILING_BELOW_HARD_FLOOR,STATE_HOLD_NO_WRITE,BINDING_CEILING_COMPLIANCE,DVE_DISABLED_FEATURED_WINNER_DELIVERY_UNKNOWN
2026-02-14T11:34:05Z cycle_sleep seconds=900.00
2026-02-14T11:49:05Z cycle_start run_id=20260214T114905Z phase1_pilot=1 run_once=0 loop_sleep_seconds=900.00
2026-02-14T11:49:08Z snapshot_refresh ok listing_rows=1 seller_rows=14
2026-02-14T11:49:09Z phase1 h_cycle sku=JB-RGB6-LZOJ state=REGAIN write_status=READ_ONLY_NO_WRITE ceiling=7.49 reason_codes=FEATURED_NOT_OURS_REGAIN,STEP_REGAIN_TO_RIVAL,BINDING_CEILING_MANUAL_CAP,DVE_DISABLED_FEATURED_WINNER_DELIVERY_UNKNOWN,LIVE_WRITES_DISABLED
2026-02-14T11:49:09Z cycle_sleep seconds=900.00
2026-02-14T12:04:09Z cycle_start run_id=20260214T120409Z phase1_pilot=1 run_once=0 loop_sleep_seconds=900.00
2026-02-14T12:04:12Z snapshot_refresh ok listing_rows=1 seller_rows=14
2026-02-14T12:04:13Z phase1 h_cycle sku=JB-RGB6-LZOJ state=REGAIN write_status=READ_ONLY_NO_WRITE ceiling=7.49 reason_codes=FEATURED_NOT_OURS_REGAIN,STEP_REGAIN_TO_RIVAL,BINDING_CEILING_MANUAL_CAP,DVE_DISABLED_FEATURED_WINNER_DELIVERY_UNKNOWN,LIVE_WRITES_DISABLED
2026-02-14T12:04:13Z cycle_sleep seconds=900.00
2026-02-14T12:19:13Z cycle_start run_id=20260214T121913Z phase1_pilot=1 run_once=0 loop_sleep_seconds=900.00
2026-02-14T12:19:16Z snapshot_refresh ok listing_rows=1 seller_rows=13
2026-02-14T12:19:17Z phase1 h_cycle sku=JB-RGB6-LZOJ state=REGAIN write_status=READ_ONLY_NO_WRITE ceiling=7.49 reason_codes=FEATURED_NOT_OURS_REGAIN,STEP_REGAIN_TO_RIVAL,BINDING_CEILING_MANUAL_CAP,DVE_DISABLED_FEATURED_WINNER_DELIVERY_UNKNOWN,LIVE_WRITES_DISABLED
2026-02-14T12:19:17Z cycle_sleep seconds=900.00
2026-02-14T12:34:17Z cycle_start run_id=20260214T123417Z phase1_pilot=1 run_once=0 loop_sleep_seconds=900.00
2026-02-14T12:34:22Z snapshot_refresh ok listing_rows=1 seller_rows=13
2026-02-14T12:34:24Z phase1 h_cycle sku=JB-RGB6-LZOJ state=REGAIN write_status=READ_ONLY_NO_WRITE ceiling=7.49 reason_codes=FEATURED_NOT_OURS_REGAIN,STEP_REGAIN_TO_RIVAL,BINDING_CEILING_MANUAL_CAP,DVE_DISABLED_FEATURED_WINNER_DELIVERY_UNKNOWN,LIVE_WRITES_DISABLED
2026-02-14T12:34:24Z cycle_sleep seconds=900.00
2026-02-14T12:48:53Z cycle_start run_id=20260214T124853Z phase1_pilot=1 run_once=0 loop_sleep_seconds=900.00
2026-02-14T12:48:55Z snapshot_refresh ok listing_rows=1 seller_rows=13
2026-02-14T12:48:57Z phase1 h_cycle sku=JB-RGB6-LZOJ state=REGAIN write_status=READ_ONLY_NO_WRITE ceiling=7.49 reason_codes=FEATURED_NOT_OURS_REGAIN,STEP_REGAIN_TO_RIVAL,BINDING_CEILING_MANUAL_CAP,DVE_DISABLED_FEATURED_WINNER_DELIVERY_UNKNOWN,LIVE_WRITES_DISABLED
2026-02-14T12:48:57Z cycle_sleep seconds=900.00
2026-02-14T13:03:57Z cycle_start run_id=20260214T130357Z phase1_pilot=1 run_once=0 loop_sleep_seconds=900.00
2026-02-14T13:03:59Z snapshot_refresh ok listing_rows=1 seller_rows=13
2026-02-14T13:04:00Z phase1 h_cycle sku=JB-RGB6-LZOJ state=REGAIN write_status=READ_ONLY_NO_WRITE ceiling=7.49 reason_codes=FEATURED_NOT_OURS_REGAIN,STEP_REGAIN_TO_RIVAL,BINDING_CEILING_MANUAL_CAP,DVE_DISABLED_FEATURED_WINNER_DELIVERY_UNKNOWN,LIVE_WRITES_DISABLED
2026-02-14T13:04:00Z cycle_sleep seconds=900.00
2026-02-14T13:19:00Z cycle_start run_id=20260214T131900Z phase1_pilot=1 run_once=0 loop_sleep_seconds=900.00
2026-02-14T13:19:08Z snapshot_refresh ok listing_rows=1 seller_rows=13
2026-02-14T13:19:09Z phase1 h_cycle sku=JB-RGB6-LZOJ state=REGAIN write_status=READ_ONLY_NO_WRITE ceiling=7.49 reason_codes=FEATURED_NOT_OURS_REGAIN,STEP_REGAIN_TO_RIVAL,BINDING_CEILING_MANUAL_CAP,DVE_DISABLED_FEATURED_WINNER_DELIVERY_UNKNOWN,LIVE_WRITES_DISABLED
2026-02-14T13:19:09Z cycle_sleep seconds=900.00
2026-02-14T13:34:09Z cycle_start run_id=20260214T133409Z phase1_pilot=1 run_once=0 loop_sleep_seconds=900.00
2026-02-14T13:43:51Z snapshot_refresh ok listing_rows=10 seller_rows=97
2026-02-14T13:43:52Z phase1 h_cycle sku=JB-RGB6-LZOJ state=REGAIN write_status=READ_ONLY_NO_WRITE ceiling=7.49 reason_codes=FEATURED_NOT_OURS_REGAIN,STEP_REGAIN_TO_RIVAL,BINDING_CEILING_MANUAL_CAP,DVE_DISABLED_FEATURED_WINNER_DELIVERY_UNKNOWN,LIVE_WRITES_DISABLED
2026-02-14T13:43:52Z cycle_sleep seconds=900.00
2026-02-14T13:58:52Z cycle_start run_id=20260214T135852Z phase1_pilot=1 run_once=0 loop_sleep_seconds=900.00
2026-02-14T14:08:35Z snapshot_refresh ok listing_rows=10 seller_rows=97
2026-02-14T14:08:36Z phase1 h_cycle sku= state=NO_SKU_DUE write_status=NO_SKU_DUE_COOLDOWN ceiling= reason_codes=NO_SKU_DUE_COOLDOWN
2026-02-14T14:08:36Z cycle_sleep seconds=900.00
2026-02-14T14:23:36Z cycle_start run_id=20260214T142336Z phase1_pilot=1 run_once=0 loop_sleep_seconds=900.00
2026-02-14T14:33:16Z snapshot_refresh ok listing_rows=10 seller_rows=97
2026-02-14T14:33:18Z phase1 h_cycle sku= state=NO_SKU_DUE write_status=NO_SKU_DUE_COOLDOWN ceiling= reason_codes=NO_SKU_DUE_COOLDOWN
2026-02-14T14:33:18Z cycle_sleep seconds=900.00
2026-02-14T14:48:18Z cycle_start run_id=20260214T144818Z phase1_pilot=1 run_once=0 loop_sleep_seconds=900.00
2026-02-14T14:57:56Z snapshot_refresh ok listing_rows=10 seller_rows=97
2026-02-14T14:57:57Z phase1 h_cycle sku= state=NO_SKU_DUE write_status=NO_SKU_DUE_COOLDOWN ceiling= reason_codes=NO_SKU_DUE_COOLDOWN
2026-02-14T14:57:57Z cycle_sleep seconds=900.00
2026-02-14T15:12:57Z cycle_start run_id=20260214T151257Z phase1_pilot=1 run_once=0 loop_sleep_seconds=900.00
2026-02-14T15:22:44Z snapshot_refresh ok listing_rows=10 seller_rows=97
2026-02-14T15:23:05Z phase1 h_cycle daily_intel missing for today; run A016_refresh_phase1_daily_intel.py
2026-02-14T15:23:05Z phase1 h_cycle sku=YC-3L3M-BV48 state=REGAIN write_status=DRY_RUN_NO_WRITE ceiling=7.49 reason_codes=FEATURED_NOT_OURS_REGAIN,STEP_REGAIN_TO_RIVAL,GUARDRAIL_FINAL_CEILING_CLAMP,BINDING_CEILING_MANUAL_CAP,DVE_DISABLED_FEATURED_WINNER_DELIVERY_UNKNOWN,DRY_RUN_MODE,DRY_RUN_MODE_NO_WRITE
2026-02-14T15:23:05Z cycle_sleep seconds=900.00
2026-02-14T15:38:05Z cycle_start run_id=20260214T153805Z phase1_pilot=1 run_once=0 loop_sleep_seconds=900.00
2026-02-14T15:47:43Z snapshot_refresh ok listing_rows=10 seller_rows=97
2026-02-14T15:47:44Z phase1 h_cycle sku= state=NO_SKU_DUE write_status=NO_SKU_DUE_COOLDOWN ceiling= reason_codes=NO_SKU_DUE_COOLDOWN
2026-02-14T15:47:44Z cycle_sleep seconds=900.00
2026-02-14T16:02:44Z cycle_start run_id=20260214T160244Z phase1_pilot=1 run_once=0 loop_sleep_seconds=900.00
2026-02-14T16:12:23Z snapshot_refresh ok listing_rows=10 seller_rows=97
2026-02-14T16:12:25Z phase1 h_cycle sku= state=NO_SKU_DUE write_status=NO_SKU_DUE_COOLDOWN ceiling= reason_codes=NO_SKU_DUE_COOLDOWN
2026-02-14T16:12:25Z cycle_sleep seconds=900.00
2026-02-14T16:27:25Z cycle_start run_id=20260214T162725Z phase1_pilot=1 run_once=0 loop_sleep_seconds=900.00
2026-02-14T16:37:05Z snapshot_refresh ok listing_rows=10 seller_rows=97
2026-02-14T16:37:26Z phase1 h_cycle daily_intel missing for today; run A016_refresh_phase1_daily_intel.py
2026-02-14T16:37:26Z phase1 h_cycle sku=YC-3L3M-BV48 state=REGAIN write_status=DRY_RUN_NO_WRITE ceiling=109.45 reason_codes=FEATURED_NOT_OURS_REGAIN,STEP_REGAIN_TO_RIVAL,BINDING_CEILING_MANUAL_CAP,DVE_DISABLED_FEATURED_WINNER_DELIVERY_UNKNOWN,DRY_RUN_MODE,DRY_RUN_MODE_NO_WRITE
2026-02-14T16:37:26Z cycle_sleep seconds=900.00
2026-02-14T16:52:26Z cycle_start run_id=20260214T165226Z phase1_pilot=1 run_once=0 loop_sleep_seconds=900.00
2026-02-14T17:02:07Z snapshot_refresh ok listing_rows=10 seller_rows=97
2026-02-14T17:02:29Z phase1 h_cycle daily_intel missing for today; run A016_refresh_phase1_daily_intel.py
2026-02-14T17:02:29Z phase1 h_cycle sku=YC-3L3M-BV48 state=REGAIN write_status=DRY_RUN_NO_WRITE ceiling=109.45 reason_codes=FEATURED_NOT_OURS_REGAIN,STEP_REGAIN_TO_RIVAL,BINDING_CEILING_MANUAL_CAP,DVE_DISABLED_FEATURED_WINNER_DELIVERY_UNKNOWN,DRY_RUN_MODE,DRY_RUN_MODE_NO_WRITE
2026-02-14T17:02:29Z cycle_sleep seconds=900.00
2026-02-14T17:17:29Z cycle_start run_id=20260214T171729Z phase1_pilot=1 run_once=0 loop_sleep_seconds=900.00
2026-02-14T17:27:07Z snapshot_refresh ok listing_rows=10 seller_rows=97
2026-02-14T17:27:28Z phase1 h_cycle daily_intel missing for today; run A016_refresh_phase1_daily_intel.py
2026-02-14T17:27:28Z phase1 h_cycle sku=YC-3L3M-BV48 state=REGAIN write_status=DRY_RUN_NO_WRITE ceiling=109.45 reason_codes=FEATURED_NOT_OURS_REGAIN,STEP_REGAIN_TO_RIVAL,BINDING_CEILING_MANUAL_CAP,DVE_DISABLED_FEATURED_WINNER_DELIVERY_UNKNOWN,DRY_RUN_MODE,DRY_RUN_MODE_NO_WRITE
2026-02-14T17:27:28Z cycle_sleep seconds=900.00
2026-02-14T17:42:28Z cycle_start run_id=20260214T174228Z phase1_pilot=1 run_once=0 loop_sleep_seconds=900.00
2026-02-14T17:52:05Z snapshot_refresh ok listing_rows=10 seller_rows=97
2026-02-14T17:52:26Z phase1 h_cycle daily_intel missing for today; run A016_refresh_phase1_daily_intel.py
2026-02-14T17:52:26Z phase1 h_cycle sku=YC-3L3M-BV48 state=REGAIN write_status=DRY_RUN_NO_WRITE ceiling=109.45 reason_codes=FEATURED_NOT_OURS_REGAIN,STEP_REGAIN_TO_RIVAL,BINDING_CEILING_MANUAL_CAP,DVE_DISABLED_FEATURED_WINNER_DELIVERY_UNKNOWN,DRY_RUN_MODE,DRY_RUN_MODE_NO_WRITE
2026-02-14T17:52:26Z cycle_sleep seconds=900.00
2026-02-14T18:07:26Z cycle_start run_id=20260214T180726Z phase1_pilot=1 run_once=0 loop_sleep_seconds=900.00
2026-02-14T18:17:11Z snapshot_refresh ok listing_rows=10 seller_rows=97
2026-02-14T18:17:32Z phase1 h_cycle daily_intel missing for today; run A016_refresh_phase1_daily_intel.py
2026-02-14T18:17:32Z phase1 h_cycle sku=YC-3L3M-BV48 state=REGAIN write_status=NO_WRITE_REQUIRED ceiling=109.45 reason_codes=FEATURED_NOT_OURS_REGAIN,STEP_REGAIN_TO_RIVAL,BINDING_CEILING_MANUAL_CAP,DVE_DISABLED_FEATURED_WINNER_DELIVERY_UNKNOWN,DRY_RUN_MODE
2026-02-14T18:17:32Z cycle_sleep seconds=900.00
2026-02-14T18:32:32Z cycle_start run_id=20260214T183232Z phase1_pilot=1 run_once=0 loop_sleep_seconds=900.00
2026-02-14T18:42:13Z snapshot_refresh ok listing_rows=10 seller_rows=97
2026-02-14T18:42:34Z phase1 h_cycle daily_intel missing for today; run A016_refresh_phase1_daily_intel.py
2026-02-14T18:42:34Z phase1 h_cycle sku=YC-3L3M-BV48 state=REGAIN write_status=NO_WRITE_REQUIRED ceiling=109.45 reason_codes=FEATURED_NOT_OURS_REGAIN,STEP_REGAIN_TO_RIVAL,BINDING_CEILING_MANUAL_CAP,DVE_DISABLED_FEATURED_WINNER_DELIVERY_UNKNOWN,DRY_RUN_MODE
2026-02-14T18:42:34Z cycle_sleep seconds=900.00
2026-02-14T18:57:34Z cycle_start run_id=20260214T185734Z phase1_pilot=1 run_once=0 loop_sleep_seconds=900.00
2026-02-14T19:07:16Z snapshot_refresh ok listing_rows=10 seller_rows=97
2026-02-14T19:07:37Z phase1 h_cycle daily_intel missing for today; run A016_refresh_phase1_daily_intel.py
2026-02-14T19:07:37Z phase1 h_cycle sku=YC-3L3M-BV48 state=REGAIN write_status=NO_WRITE_REQUIRED ceiling=109.45 reason_codes=FEATURED_NOT_OURS_REGAIN,STEP_REGAIN_TO_RIVAL,BINDING_CEILING_MANUAL_CAP,DVE_DISABLED_FEATURED_WINNER_DELIVERY_UNKNOWN,DRY_RUN_MODE
2026-02-14T19:07:37Z cycle_sleep seconds=900.00
2026-02-14T19:22:37Z cycle_start run_id=20260214T192237Z phase1_pilot=1 run_once=0 loop_sleep_seconds=900.00
2026-02-14T19:32:20Z snapshot_refresh ok listing_rows=10 seller_rows=97
2026-02-14T19:32:41Z phase1 h_cycle daily_intel missing for today; run A016_refresh_phase1_daily_intel.py
2026-02-14T19:32:41Z phase1 h_cycle sku=YC-3L3M-BV48 state=REGAIN write_status=NO_WRITE_REQUIRED ceiling=109.45 reason_codes=FEATURED_NOT_OURS_REGAIN,STEP_REGAIN_TO_RIVAL,BINDING_CEILING_MANUAL_CAP,DVE_DISABLED_FEATURED_WINNER_DELIVERY_UNKNOWN,DRY_RUN_MODE
2026-02-14T19:32:41Z cycle_sleep seconds=900.00
2026-02-14T19:47:41Z cycle_start run_id=20260214T194741Z phase1_pilot=1 run_once=0 loop_sleep_seconds=900.00
2026-02-14T19:57:27Z snapshot_refresh ok listing_rows=10 seller_rows=97
2026-02-14T19:57:49Z phase1 h_cycle daily_intel missing for today; run A016_refresh_phase1_daily_intel.py
2026-02-14T19:57:49Z phase1 h_cycle sku=YC-3L3M-BV48 state=REGAIN write_status=NO_WRITE_REQUIRED ceiling=109.45 reason_codes=FEATURED_NOT_OURS_REGAIN,STEP_REGAIN_TO_RIVAL,BINDING_CEILING_MANUAL_CAP,DVE_DISABLED_FEATURED_WINNER_DELIVERY_UNKNOWN,DRY_RUN_MODE
2026-02-14T19:57:49Z cycle_sleep seconds=900.00
2026-02-14T20:12:49Z cycle_start run_id=20260214T201249Z phase1_pilot=1 run_once=0 loop_sleep_seconds=900.00
2026-02-14T20:22:30Z snapshot_refresh ok listing_rows=10 seller_rows=97
2026-02-14T20:22:51Z phase1 h_cycle daily_intel missing for today; run A016_refresh_phase1_daily_intel.py
2026-02-14T20:22:51Z phase1 h_cycle sku=YC-3L3M-BV48 state=REGAIN write_status=NO_WRITE_REQUIRED ceiling=109.45 reason_codes=FEATURED_NOT_OURS_REGAIN,STEP_REGAIN_TO_RIVAL,BINDING_CEILING_MANUAL_CAP,DVE_DISABLED_FEATURED_WINNER_DELIVERY_UNKNOWN,DRY_RUN_MODE
2026-02-14T20:22:51Z cycle_sleep seconds=900.00
2026-02-14T20:37:51Z cycle_start run_id=20260214T203751Z phase1_pilot=1 run_once=0 loop_sleep_seconds=900.00
2026-02-14T20:47:31Z snapshot_refresh ok listing_rows=10 seller_rows=97
2026-02-14T20:47:52Z phase1 h_cycle daily_intel missing for today; run A016_refresh_phase1_daily_intel.py
2026-02-14T20:47:52Z phase1 h_cycle sku=YC-3L3M-BV48 state=REGAIN write_status=NO_WRITE_REQUIRED ceiling=109.45 reason_codes=FEATURED_NOT_OURS_REGAIN,STEP_REGAIN_TO_RIVAL,BINDING_CEILING_MANUAL_CAP,DVE_DISABLED_FEATURED_WINNER_DELIVERY_UNKNOWN,DRY_RUN_MODE
2026-02-14T20:47:52Z cycle_sleep seconds=900.00
2026-02-14T21:02:52Z cycle_start run_id=20260214T210252Z phase1_pilot=1 run_once=0 loop_sleep_seconds=900.00
2026-02-14T21:12:31Z snapshot_refresh ok listing_rows=10 seller_rows=97
2026-02-14T21:12:52Z phase1 h_cycle daily_intel missing for today; run A016_refresh_phase1_daily_intel.py
2026-02-14T21:12:52Z phase1 h_cycle sku=YC-3L3M-BV48 state=REGAIN write_status=NO_WRITE_REQUIRED ceiling=109.45 reason_codes=FEATURED_NOT_OURS_REGAIN,STEP_REGAIN_TO_RIVAL,BINDING_CEILING_MANUAL_CAP,DVE_DISABLED_FEATURED_WINNER_DELIVERY_UNKNOWN,DRY_RUN_MODE
2026-02-14T21:12:52Z cycle_sleep seconds=900.00
2026-02-14T21:27:52Z cycle_start run_id=20260214T212752Z phase1_pilot=1 run_once=0 loop_sleep_seconds=900.00
2026-02-14T21:37:30Z snapshot_refresh ok listing_rows=10 seller_rows=97
2026-02-14T21:37:52Z phase1 h_cycle daily_intel missing for today; run A016_refresh_phase1_daily_intel.py
2026-02-14T21:37:52Z phase1 h_cycle sku=YC-3L3M-BV48 state=REGAIN write_status=NO_WRITE_REQUIRED ceiling=109.45 reason_codes=FEATURED_NOT_OURS_REGAIN,STEP_REGAIN_TO_RIVAL,BINDING_CEILING_MANUAL_CAP,DVE_DISABLED_FEATURED_WINNER_DELIVERY_UNKNOWN,DRY_RUN_MODE
2026-02-14T21:37:52Z cycle_sleep seconds=900.00
2026-02-14T21:52:52Z cycle_start run_id=20260214T215252Z phase1_pilot=1 run_once=0 loop_sleep_seconds=900.00
2026-02-14T22:02:33Z snapshot_refresh ok listing_rows=10 seller_rows=97
2026-02-14T22:02:54Z phase1 h_cycle daily_intel missing for today; run A016_refresh_phase1_daily_intel.py
2026-02-14T22:02:54Z phase1 h_cycle sku=YC-3L3M-BV48 state=REGAIN write_status=NO_WRITE_REQUIRED ceiling=109.45 reason_codes=FEATURED_NOT_OURS_REGAIN,STEP_REGAIN_TO_RIVAL,BINDING_CEILING_MANUAL_CAP,DVE_DISABLED_FEATURED_WINNER_DELIVERY_UNKNOWN,DRY_RUN_MODE
2026-02-14T22:02:54Z cycle_sleep seconds=900.00
2026-02-14T22:17:54Z cycle_start run_id=20260214T221754Z phase1_pilot=1 run_once=0 loop_sleep_seconds=900.00
2026-02-14T22:27:34Z snapshot_refresh ok listing_rows=10 seller_rows=97
2026-02-14T22:27:55Z phase1 h_cycle daily_intel missing for today; run A016_refresh_phase1_daily_intel.py
2026-02-14T22:27:55Z phase1 h_cycle sku=YC-3L3M-BV48 state=REGAIN write_status=NO_WRITE_REQUIRED ceiling=109.45 reason_codes=FEATURED_NOT_OURS_REGAIN,STEP_REGAIN_TO_RIVAL,BINDING_CEILING_MANUAL_CAP,DVE_DISABLED_FEATURED_WINNER_DELIVERY_UNKNOWN,DRY_RUN_MODE
2026-02-14T22:27:55Z cycle_sleep seconds=900.00
2026-02-14T22:42:55Z cycle_start run_id=20260214T224255Z phase1_pilot=1 run_once=0 loop_sleep_seconds=900.00
2026-02-14T22:52:32Z snapshot_refresh ok listing_rows=10 seller_rows=97
2026-02-14T22:52:54Z phase1 h_cycle daily_intel missing for today; run A016_refresh_phase1_daily_intel.py
2026-02-14T22:52:54Z phase1 h_cycle sku=YC-3L3M-BV48 state=REGAIN write_status=NO_WRITE_REQUIRED ceiling=109.45 reason_codes=FEATURED_NOT_OURS_REGAIN,STEP_REGAIN_TO_RIVAL,BINDING_CEILING_MANUAL_CAP,DVE_DISABLED_FEATURED_WINNER_DELIVERY_UNKNOWN,DRY_RUN_MODE
2026-02-14T22:52:54Z cycle_sleep seconds=900.00
2026-02-14T23:07:54Z cycle_start run_id=20260214T230754Z phase1_pilot=1 run_once=0 loop_sleep_seconds=900.00
2026-02-14T23:17:40Z snapshot_refresh ok listing_rows=10 seller_rows=97
2026-02-14T23:18:01Z phase1 h_cycle daily_intel missing for today; run A016_refresh_phase1_daily_intel.py
2026-02-14T23:18:01Z phase1 h_cycle sku=YC-3L3M-BV48 state=REGAIN write_status=NO_WRITE_REQUIRED ceiling=109.45 reason_codes=FEATURED_NOT_OURS_REGAIN,STEP_REGAIN_TO_RIVAL,BINDING_CEILING_MANUAL_CAP,DVE_DISABLED_FEATURED_WINNER_DELIVERY_UNKNOWN,DRY_RUN_MODE
2026-02-14T23:18:01Z cycle_sleep seconds=900.00
2026-02-14T23:33:01Z cycle_start run_id=20260214T233301Z phase1_pilot=1 run_once=0 loop_sleep_seconds=900.00
2026-02-14T23:42:48Z snapshot_refresh ok listing_rows=10 seller_rows=97
2026-02-14T23:43:09Z phase1 h_cycle daily_intel missing for today; run A016_refresh_phase1_daily_intel.py
2026-02-14T23:43:09Z phase1 h_cycle sku=YC-3L3M-BV48 state=REGAIN write_status=NO_WRITE_REQUIRED ceiling=109.45 reason_codes=FEATURED_NOT_OURS_REGAIN,STEP_REGAIN_TO_RIVAL,BINDING_CEILING_MANUAL_CAP,DVE_DISABLED_FEATURED_WINNER_DELIVERY_UNKNOWN,DRY_RUN_MODE
2026-02-14T23:43:09Z cycle_sleep seconds=900.00
2026-02-14T23:58:09Z cycle_start run_id=20260214T235809Z phase1_pilot=1 run_once=0 loop_sleep_seconds=900.00
2026-02-15T00:07:56Z snapshot_refresh ok listing_rows=10 seller_rows=97
2026-02-15T00:08:18Z phase1 h_cycle daily_intel missing for today; run A016_refresh_phase1_daily_intel.py
2026-02-15T00:08:18Z phase1 h_cycle sku=YC-3L3M-BV48 state=REGAIN write_status=NO_WRITE_REQUIRED ceiling=109.45 reason_codes=FEATURED_NOT_OURS_REGAIN,STEP_REGAIN_TO_RIVAL,BINDING_CEILING_MANUAL_CAP,DVE_DISABLED_FEATURED_WINNER_DELIVERY_UNKNOWN,DRY_RUN_MODE
2026-02-15T00:08:18Z cycle_sleep seconds=900.00
2026-02-15T00:23:18Z cycle_start run_id=20260215T002318Z phase1_pilot=1 run_once=0 loop_sleep_seconds=900.00
2026-02-15T00:32:59Z snapshot_refresh ok listing_rows=10 seller_rows=97
2026-02-15T00:33:21Z phase1 h_cycle daily_intel missing for today; run A016_refresh_phase1_daily_intel.py
2026-02-15T00:33:21Z phase1 h_cycle sku=YC-3L3M-BV48 state=RAISE_FIND_LOSS write_status=DRY_RUN_NO_WRITE ceiling=109.45 reason_codes=MISSING_BOUND_RAISE_FIND_LOSS,STEP_RAISE_FIND_LOSS_UP,BINDING_CEILING_MANUAL_CAP,DVE_DISABLED_FEATURED_WINNER_DELIVERY_UNKNOWN,DRY_RUN_MODE,DRY_RUN_MODE_NO_WRITE
2026-02-15T00:33:21Z cycle_sleep seconds=900.00
2026-02-15T00:48:21Z cycle_start run_id=20260215T004821Z phase1_pilot=1 run_once=0 loop_sleep_seconds=900.00
2026-02-15T00:58:10Z snapshot_refresh ok listing_rows=10 seller_rows=97
2026-02-15T00:58:32Z phase1 h_cycle daily_intel missing for today; run A016_refresh_phase1_daily_intel.py
2026-02-15T00:58:32Z phase1 h_cycle sku=YC-3L3M-BV48 state=REGAIN write_status=DRY_RUN_NO_WRITE ceiling=109.45 reason_codes=FEATURED_NOT_OURS_REGAIN,STEP_REGAIN_TO_RIVAL,BINDING_CEILING_MANUAL_CAP,DVE_DISABLED_FEATURED_WINNER_DELIVERY_UNKNOWN,DRY_RUN_MODE,DRY_RUN_MODE_NO_WRITE
2026-02-15T00:58:32Z cycle_sleep seconds=900.00
2026-02-15T01:13:32Z cycle_start run_id=20260215T011332Z phase1_pilot=1 run_once=0 loop_sleep_seconds=900.00
2026-02-15T01:23:12Z snapshot_refresh ok listing_rows=10 seller_rows=96
2026-02-15T01:23:33Z phase1 h_cycle daily_intel missing for today; run A016_refresh_phase1_daily_intel.py
2026-02-15T01:23:33Z phase1 h_cycle sku=YC-3L3M-BV48 state=REGAIN write_status=DRY_RUN_NO_WRITE ceiling=109.45 reason_codes=FEATURED_NOT_OURS_REGAIN,STEP_REGAIN_TO_RIVAL,BINDING_CEILING_MANUAL_CAP,DVE_DISABLED_FEATURED_WINNER_DELIVERY_UNKNOWN,DRY_RUN_MODE,DRY_RUN_MODE_NO_WRITE
2026-02-15T01:23:33Z cycle_sleep seconds=900.00
2026-02-15T01:38:33Z cycle_start run_id=20260215T013833Z phase1_pilot=1 run_once=0 loop_sleep_seconds=900.00
2026-02-15T01:48:16Z snapshot_refresh ok listing_rows=10 seller_rows=96
2026-02-15T01:48:37Z phase1 h_cycle daily_intel missing for today; run A016_refresh_phase1_daily_intel.py
2026-02-15T01:48:37Z phase1 h_cycle sku=YC-3L3M-BV48 state=REGAIN write_status=DRY_RUN_NO_WRITE ceiling=109.45 reason_codes=FEATURED_NOT_OURS_REGAIN,STEP_REGAIN_TO_RIVAL,BINDING_CEILING_MANUAL_CAP,DVE_DISABLED_FEATURED_WINNER_DELIVERY_UNKNOWN,DRY_RUN_MODE,DRY_RUN_MODE_NO_WRITE
2026-02-15T01:48:37Z cycle_sleep seconds=900.00
2026-02-15T02:03:37Z cycle_start run_id=20260215T020337Z phase1_pilot=1 run_once=0 loop_sleep_seconds=900.00
2026-02-15T02:13:22Z snapshot_refresh ok listing_rows=10 seller_rows=96
2026-02-15T02:13:44Z phase1 h_cycle daily_intel missing for today; run A016_refresh_phase1_daily_intel.py
2026-02-15T02:13:44Z phase1 h_cycle sku=YC-3L3M-BV48 state=REGAIN write_status=DRY_RUN_NO_WRITE ceiling=109.45 reason_codes=FEATURED_NOT_OURS_REGAIN,STEP_REGAIN_TO_RIVAL,BINDING_CEILING_MANUAL_CAP,DVE_DISABLED_FEATURED_WINNER_DELIVERY_UNKNOWN,DRY_RUN_MODE,DRY_RUN_MODE_NO_WRITE
2026-02-15T02:13:44Z cycle_sleep seconds=900.00
2026-02-15T02:28:44Z cycle_start run_id=20260215T022844Z phase1_pilot=1 run_once=0 loop_sleep_seconds=900.00
2026-02-15T02:38:24Z snapshot_refresh ok listing_rows=10 seller_rows=97
2026-02-15T02:38:45Z phase1 h_cycle daily_intel missing for today; run A016_refresh_phase1_daily_intel.py
2026-02-15T02:38:45Z phase1 h_cycle sku=YC-3L3M-BV48 state=REGAIN write_status=DRY_RUN_NO_WRITE ceiling=109.45 reason_codes=FEATURED_NOT_OURS_REGAIN,STEP_REGAIN_TO_RIVAL,BINDING_CEILING_MANUAL_CAP,DVE_DISABLED_FEATURED_WINNER_DELIVERY_UNKNOWN,DRY_RUN_MODE,DRY_RUN_MODE_NO_WRITE
2026-02-15T02:38:45Z cycle_sleep seconds=900.00
2026-02-15T02:53:45Z cycle_start run_id=20260215T025345Z phase1_pilot=1 run_once=0 loop_sleep_seconds=900.00
2026-02-15T03:03:24Z snapshot_refresh ok listing_rows=10 seller_rows=97
2026-02-15T03:03:46Z phase1 h_cycle daily_intel missing for today; run A016_refresh_phase1_daily_intel.py
2026-02-15T03:03:46Z phase1 h_cycle sku=YC-3L3M-BV48 state=REGAIN write_status=NO_WRITE_REQUIRED ceiling=109.45 reason_codes=FEATURED_NOT_OURS_REGAIN,STEP_REGAIN_TO_RIVAL,BINDING_CEILING_MANUAL_CAP,DVE_DISABLED_FEATURED_WINNER_DELIVERY_UNKNOWN,DRY_RUN_MODE
2026-02-15T03:03:46Z cycle_sleep seconds=900.00
2026-02-15T03:18:46Z cycle_start run_id=20260215T031846Z phase1_pilot=1 run_once=0 loop_sleep_seconds=900.00
2026-02-15T03:28:27Z snapshot_refresh ok listing_rows=10 seller_rows=98
2026-02-15T03:28:49Z phase1 h_cycle daily_intel missing for today; run A016_refresh_phase1_daily_intel.py
2026-02-15T03:28:49Z phase1 h_cycle sku=YC-3L3M-BV48 state=REGAIN write_status=NO_WRITE_REQUIRED ceiling=109.45 reason_codes=FEATURED_NOT_OURS_REGAIN,STEP_REGAIN_TO_RIVAL,BINDING_CEILING_MANUAL_CAP,DVE_DISABLED_FEATURED_WINNER_DELIVERY_UNKNOWN,DRY_RUN_MODE
2026-02-15T03:28:49Z cycle_sleep seconds=900.00
2026-02-15T03:43:49Z cycle_start run_id=20260215T034349Z phase1_pilot=1 run_once=0 loop_sleep_seconds=900.00
2026-02-15T03:53:37Z snapshot_refresh ok listing_rows=10 seller_rows=98
2026-02-15T03:53:58Z phase1 h_cycle daily_intel missing for today; run A016_refresh_phase1_daily_intel.py
2026-02-15T03:53:58Z phase1 h_cycle sku=YC-3L3M-BV48 state=REGAIN write_status=NO_WRITE_REQUIRED ceiling=109.45 reason_codes=FEATURED_NOT_OURS_REGAIN,STEP_REGAIN_TO_RIVAL,BINDING_CEILING_MANUAL_CAP,DVE_DISABLED_FEATURED_WINNER_DELIVERY_UNKNOWN,DRY_RUN_MODE
2026-02-15T03:53:58Z cycle_sleep seconds=900.00
2026-02-15T04:08:58Z cycle_start run_id=20260215T040858Z phase1_pilot=1 run_once=0 loop_sleep_seconds=900.00
2026-02-15T04:18:39Z snapshot_refresh ok listing_rows=10 seller_rows=98
2026-02-15T04:19:01Z phase1 h_cycle daily_intel missing for today; run A016_refresh_phase1_daily_intel.py
2026-02-15T04:19:01Z phase1 h_cycle sku=YC-3L3M-BV48 state=REGAIN write_status=NO_WRITE_REQUIRED ceiling=109.45 reason_codes=FEATURED_NOT_OURS_REGAIN,STEP_REGAIN_TO_RIVAL,BINDING_CEILING_MANUAL_CAP,DVE_DISABLED_FEATURED_WINNER_DELIVERY_UNKNOWN,DRY_RUN_MODE
2026-02-15T04:19:01Z cycle_sleep seconds=900.00
2026-02-15T04:34:01Z cycle_start run_id=20260215T043401Z phase1_pilot=1 run_once=0 loop_sleep_seconds=900.00
2026-02-15T04:43:38Z snapshot_refresh ok listing_rows=10 seller_rows=98
2026-02-15T04:44:00Z phase1 h_cycle daily_intel missing for today; run A016_refresh_phase1_daily_intel.py
2026-02-15T04:44:00Z phase1 h_cycle sku=YC-3L3M-BV48 state=REGAIN write_status=NO_WRITE_REQUIRED ceiling=109.45 reason_codes=FEATURED_NOT_OURS_REGAIN,STEP_REGAIN_TO_RIVAL,BINDING_CEILING_MANUAL_CAP,DVE_DISABLED_FEATURED_WINNER_DELIVERY_UNKNOWN,DRY_RUN_MODE
2026-02-15T04:44:00Z cycle_sleep seconds=900.00
2026-02-15T04:59:00Z cycle_start run_id=20260215T045900Z phase1_pilot=1 run_once=0 loop_sleep_seconds=900.00
2026-02-15T05:08:45Z snapshot_refresh ok listing_rows=10 seller_rows=98
2026-02-15T05:09:07Z phase1 h_cycle daily_intel missing for today; run A016_refresh_phase1_daily_intel.py
2026-02-15T05:09:07Z phase1 h_cycle sku=YC-3L3M-BV48 state=REGAIN write_status=NO_WRITE_REQUIRED ceiling=109.45 reason_codes=FEATURED_NOT_OURS_REGAIN,STEP_REGAIN_TO_RIVAL,BINDING_CEILING_MANUAL_CAP,DVE_DISABLED_FEATURED_WINNER_DELIVERY_UNKNOWN,DRY_RUN_MODE
2026-02-15T05:09:07Z cycle_sleep seconds=900.00
2026-02-15T05:24:07Z cycle_start run_id=20260215T052407Z phase1_pilot=1 run_once=0 loop_sleep_seconds=900.00
2026-02-15T05:33:45Z snapshot_refresh ok listing_rows=10 seller_rows=98
2026-02-15T05:34:07Z phase1 h_cycle daily_intel missing for today; run A016_refresh_phase1_daily_intel.py
2026-02-15T05:34:07Z phase1 h_cycle sku=YC-3L3M-BV48 state=REGAIN write_status=NO_WRITE_REQUIRED ceiling=109.45 reason_codes=FEATURED_NOT_OURS_REGAIN,STEP_REGAIN_TO_RIVAL,BINDING_CEILING_MANUAL_CAP,DVE_DISABLED_FEATURED_WINNER_DELIVERY_UNKNOWN,DRY_RUN_MODE
2026-02-15T05:34:07Z cycle_sleep seconds=900.00
2026-02-15T05:49:07Z cycle_start run_id=20260215T054907Z phase1_pilot=1 run_once=0 loop_sleep_seconds=900.00
2026-02-15T05:58:57Z snapshot_refresh ok listing_rows=10 seller_rows=98
2026-02-15T05:59:19Z phase1 h_cycle daily_intel missing for today; run A016_refresh_phase1_daily_intel.py
2026-02-15T05:59:19Z phase1 h_cycle sku=YC-3L3M-BV48 state=REGAIN write_status=NO_WRITE_REQUIRED ceiling=109.45 reason_codes=FEATURED_NOT_OURS_REGAIN,STEP_REGAIN_TO_RIVAL,BINDING_CEILING_MANUAL_CAP,DVE_DISABLED_FEATURED_WINNER_DELIVERY_UNKNOWN,DRY_RUN_MODE
2026-02-15T05:59:19Z cycle_sleep seconds=900.00
2026-02-15T06:14:19Z cycle_start run_id=20260215T061419Z phase1_pilot=1 run_once=0 loop_sleep_seconds=900.00
2026-02-15T06:23:56Z snapshot_refresh ok listing_rows=10 seller_rows=98
2026-02-15T06:24:18Z phase1 h_cycle daily_intel missing for today; run A016_refresh_phase1_daily_intel.py
2026-02-15T06:24:18Z phase1 h_cycle sku=YC-3L3M-BV48 state=REGAIN write_status=NO_WRITE_REQUIRED ceiling=109.45 reason_codes=FEATURED_NOT_OURS_REGAIN,STEP_REGAIN_TO_RIVAL,BINDING_CEILING_MANUAL_CAP,DVE_DISABLED_FEATURED_WINNER_DELIVERY_UNKNOWN,DRY_RUN_MODE
2026-02-15T06:24:18Z cycle_sleep seconds=900.00
2026-02-15T06:39:18Z cycle_start run_id=20260215T063918Z phase1_pilot=1 run_once=0 loop_sleep_seconds=900.00
2026-02-15T06:48:55Z snapshot_refresh ok listing_rows=10 seller_rows=98
2026-02-15T06:49:17Z phase1 h_cycle daily_intel missing for today; run A016_refresh_phase1_daily_intel.py
2026-02-15T06:49:17Z phase1 h_cycle sku=YC-3L3M-BV48 state=REGAIN write_status=NO_WRITE_REQUIRED ceiling=109.45 reason_codes=FEATURED_NOT_OURS_REGAIN,STEP_REGAIN_TO_RIVAL,BINDING_CEILING_MANUAL_CAP,DVE_DISABLED_FEATURED_WINNER_DELIVERY_UNKNOWN,DRY_RUN_MODE
2026-02-15T06:49:17Z cycle_sleep seconds=900.00
2026-02-15T07:04:17Z cycle_start run_id=20260215T070417Z phase1_pilot=1 run_once=0 loop_sleep_seconds=900.00
2026-02-15T07:13:55Z snapshot_refresh ok listing_rows=10 seller_rows=98
2026-02-15T07:14:17Z phase1 h_cycle daily_intel missing for today; run A016_refresh_phase1_daily_intel.py
2026-02-15T07:14:17Z phase1 h_cycle sku=YC-3L3M-BV48 state=REGAIN write_status=NO_WRITE_REQUIRED ceiling=109.45 reason_codes=FEATURED_NOT_OURS_REGAIN,STEP_REGAIN_TO_RIVAL,BINDING_CEILING_MANUAL_CAP,DVE_DISABLED_FEATURED_WINNER_DELIVERY_UNKNOWN,DRY_RUN_MODE
2026-02-15T07:14:17Z cycle_sleep seconds=900.00
2026-02-15T07:29:17Z cycle_start run_id=20260215T072917Z phase1_pilot=1 run_once=0 loop_sleep_seconds=900.00
2026-02-15T07:38:54Z snapshot_refresh ok listing_rows=10 seller_rows=98
2026-02-15T07:39:16Z phase1 h_cycle daily_intel missing for today; run A016_refresh_phase1_daily_intel.py
2026-02-15T07:39:16Z phase1 h_cycle sku=YC-3L3M-BV48 state=REGAIN write_status=NO_WRITE_REQUIRED ceiling=109.45 reason_codes=FEATURED_NOT_OURS_REGAIN,STEP_REGAIN_TO_RIVAL,BINDING_CEILING_MANUAL_CAP,DVE_DISABLED_FEATURED_WINNER_DELIVERY_UNKNOWN,DRY_RUN_MODE
2026-02-15T07:39:16Z cycle_sleep seconds=900.00
2026-02-15T07:54:16Z cycle_start run_id=20260215T075416Z phase1_pilot=1 run_once=0 loop_sleep_seconds=900.00
2026-02-15T08:03:53Z snapshot_refresh ok listing_rows=10 seller_rows=98
2026-02-15T08:04:15Z phase1 h_cycle daily_intel missing for today; run A016_refresh_phase1_daily_intel.py
2026-02-15T08:04:15Z phase1 h_cycle sku=YC-3L3M-BV48 state=REGAIN write_status=NO_WRITE_REQUIRED ceiling=109.45 reason_codes=FEATURED_NOT_OURS_REGAIN,STEP_REGAIN_TO_RIVAL,BINDING_CEILING_MANUAL_CAP,DVE_DISABLED_FEATURED_WINNER_DELIVERY_UNKNOWN,DRY_RUN_MODE
2026-02-15T08:04:15Z cycle_sleep seconds=900.00
2026-02-15T08:19:15Z cycle_start run_id=20260215T081915Z phase1_pilot=1 run_once=0 loop_sleep_seconds=900.00
2026-02-15T08:28:52Z snapshot_refresh ok listing_rows=10 seller_rows=98
2026-02-15T08:29:14Z phase1 h_cycle daily_intel missing for today; run A016_refresh_phase1_daily_intel.py
2026-02-15T08:29:14Z phase1 h_cycle sku=YC-3L3M-BV48 state=REGAIN write_status=NO_WRITE_REQUIRED ceiling=109.45 reason_codes=FEATURED_NOT_OURS_REGAIN,STEP_REGAIN_TO_RIVAL,BINDING_CEILING_MANUAL_CAP,DVE_DISABLED_FEATURED_WINNER_DELIVERY_UNKNOWN,DRY_RUN_MODE
2026-02-15T08:29:14Z cycle_sleep seconds=900.00
2026-02-15T08:44:14Z cycle_start run_id=20260215T084414Z phase1_pilot=1 run_once=0 loop_sleep_seconds=900.00
2026-02-15T08:53:52Z snapshot_refresh ok listing_rows=10 seller_rows=98
2026-02-15T08:54:14Z phase1 h_cycle daily_intel missing for today; run A016_refresh_phase1_daily_intel.py
2026-02-15T08:54:14Z phase1 h_cycle sku=YC-3L3M-BV48 state=REGAIN write_status=NO_WRITE_REQUIRED ceiling=109.45 reason_codes=FEATURED_NOT_OURS_REGAIN,STEP_REGAIN_TO_RIVAL,BINDING_CEILING_MANUAL_CAP,DVE_DISABLED_FEATURED_WINNER_DELIVERY_UNKNOWN,DRY_RUN_MODE
2026-02-15T08:54:14Z cycle_sleep seconds=900.00
2026-02-15T09:09:14Z cycle_start run_id=20260215T090914Z phase1_pilot=1 run_once=0 loop_sleep_seconds=900.00
2026-02-15T09:18:51Z snapshot_refresh ok listing_rows=10 seller_rows=98
2026-02-15T09:19:15Z phase1 h_cycle daily_intel missing for today; run A016_refresh_phase1_daily_intel.py
2026-02-15T09:19:15Z phase1 h_cycle sku=YC-3L3M-BV48 state=REGAIN write_status=DRY_RUN_NO_WRITE ceiling=109.45 reason_codes=FEATURED_NOT_OURS_REGAIN,STEP_REGAIN_TO_RIVAL,BINDING_CEILING_MANUAL_CAP,DVE_DISABLED_FEATURED_WINNER_DELIVERY_UNKNOWN,DRY_RUN_MODE,DRY_RUN_MODE_NO_WRITE
2026-02-15T09:19:15Z cycle_sleep seconds=900.00
2026-02-15T09:34:15Z cycle_start run_id=20260215T093415Z phase1_pilot=1 run_once=0 loop_sleep_seconds=900.00
2026-02-15T09:43:53Z snapshot_refresh ok listing_rows=10 seller_rows=98
2026-02-15T09:44:15Z phase1 h_cycle daily_intel missing for today; run A016_refresh_phase1_daily_intel.py
2026-02-15T09:44:15Z phase1 h_cycle sku=YC-3L3M-BV48 state=REGAIN write_status=DRY_RUN_NO_WRITE ceiling=109.45 reason_codes=FEATURED_NOT_OURS_REGAIN,STEP_REGAIN_TO_RIVAL,BINDING_CEILING_MANUAL_CAP,DVE_DISABLED_FEATURED_WINNER_DELIVERY_UNKNOWN,DRY_RUN_MODE,DRY_RUN_MODE_NO_WRITE
2026-02-15T09:44:15Z cycle_sleep seconds=900.00
2026-02-15T09:59:15Z cycle_start run_id=20260215T095915Z phase1_pilot=1 run_once=0 loop_sleep_seconds=900.00
2026-02-15T10:08:52Z snapshot_refresh ok listing_rows=10 seller_rows=98
2026-02-15T10:09:14Z phase1 h_cycle daily_intel missing for today; run A016_refresh_phase1_daily_intel.py
2026-02-15T10:09:14Z phase1 h_cycle sku=YC-3L3M-BV48 state=REGAIN write_status=DRY_RUN_NO_WRITE ceiling=109.45 reason_codes=FEATURED_NOT_OURS_REGAIN,STEP_REGAIN_TO_RIVAL,BINDING_CEILING_MANUAL_CAP,DVE_DISABLED_FEATURED_WINNER_DELIVERY_UNKNOWN,DRY_RUN_MODE,DRY_RUN_MODE_NO_WRITE
2026-02-15T10:09:14Z cycle_sleep seconds=900.00
2026-02-15T10:24:14Z cycle_start run_id=20260215T102414Z phase1_pilot=1 run_once=0 loop_sleep_seconds=900.00
2026-02-15T10:33:52Z snapshot_refresh ok listing_rows=10 seller_rows=98
2026-02-15T10:34:14Z phase1 h_cycle daily_intel missing for today; run A016_refresh_phase1_daily_intel.py
2026-02-15T10:34:14Z phase1 h_cycle sku=YC-3L3M-BV48 state=REGAIN write_status=DRY_RUN_NO_WRITE ceiling=109.45 reason_codes=FEATURED_NOT_OURS_REGAIN,STEP_REGAIN_TO_RIVAL,BINDING_CEILING_MANUAL_CAP,DVE_DISABLED_FEATURED_WINNER_DELIVERY_UNKNOWN,DRY_RUN_MODE,DRY_RUN_MODE_NO_WRITE
2026-02-15T10:34:14Z cycle_sleep seconds=900.00
2026-02-15T10:49:14Z cycle_start run_id=20260215T104914Z phase1_pilot=1 run_once=0 loop_sleep_seconds=900.00
2026-02-15T10:58:51Z snapshot_refresh ok listing_rows=10 seller_rows=98
2026-02-15T10:59:13Z phase1 h_cycle daily_intel missing for today; run A016_refresh_phase1_daily_intel.py
2026-02-15T10:59:13Z phase1 h_cycle sku=YC-3L3M-BV48 state=REGAIN write_status=DRY_RUN_NO_WRITE ceiling=109.45 reason_codes=FEATURED_NOT_OURS_REGAIN,STEP_REGAIN_TO_RIVAL,BINDING_CEILING_MANUAL_CAP,DVE_DISABLED_FEATURED_WINNER_DELIVERY_UNKNOWN,DRY_RUN_MODE,DRY_RUN_MODE_NO_WRITE
2026-02-15T10:59:13Z cycle_sleep seconds=900.00
2026-02-15T11:14:13Z cycle_start run_id=20260215T111413Z phase1_pilot=1 run_once=0 loop_sleep_seconds=900.00
2026-02-15T11:23:50Z snapshot_refresh ok listing_rows=10 seller_rows=98
2026-02-15T11:24:12Z phase1 h_cycle daily_intel missing for today; run A016_refresh_phase1_daily_intel.py
2026-02-15T11:24:12Z phase1 h_cycle sku=YC-3L3M-BV48 state=REGAIN write_status=DRY_RUN_NO_WRITE ceiling=109.45 reason_codes=FEATURED_NOT_OURS_REGAIN,STEP_REGAIN_TO_RIVAL,BINDING_CEILING_MANUAL_CAP,DVE_DISABLED_FEATURED_WINNER_DELIVERY_UNKNOWN,DRY_RUN_MODE,DRY_RUN_MODE_NO_WRITE
2026-02-15T11:24:12Z cycle_sleep seconds=900.00
2026-02-15T11:39:12Z cycle_start run_id=20260215T113912Z phase1_pilot=1 run_once=0 loop_sleep_seconds=900.00
2026-02-15T11:48:50Z snapshot_refresh ok listing_rows=10 seller_rows=98
2026-02-15T11:49:12Z phase1 h_cycle daily_intel missing for today; run A016_refresh_phase1_daily_intel.py
2026-02-15T11:49:12Z phase1 h_cycle sku=YC-3L3M-BV48 state=REGAIN write_status=DRY_RUN_NO_WRITE ceiling=109.45 reason_codes=FEATURED_NOT_OURS_REGAIN,STEP_REGAIN_TO_RIVAL,BINDING_CEILING_MANUAL_CAP,DVE_DISABLED_FEATURED_WINNER_DELIVERY_UNKNOWN,DRY_RUN_MODE,DRY_RUN_MODE_NO_WRITE
2026-02-15T11:49:12Z cycle_sleep seconds=900.00
2026-02-15T12:04:12Z cycle_start run_id=20260215T120412Z phase1_pilot=1 run_once=0 loop_sleep_seconds=900.00
2026-02-15T12:13:49Z snapshot_refresh ok listing_rows=10 seller_rows=98
2026-02-15T12:14:11Z phase1 h_cycle daily_intel missing for today; run A016_refresh_phase1_daily_intel.py
2026-02-15T12:14:11Z phase1 h_cycle sku=YC-3L3M-BV48 state=REGAIN write_status=DRY_RUN_NO_WRITE ceiling=109.45 reason_codes=FEATURED_NOT_OURS_REGAIN,STEP_REGAIN_TO_RIVAL,BINDING_CEILING_MANUAL_CAP,DVE_DISABLED_FEATURED_WINNER_DELIVERY_UNKNOWN,DRY_RUN_MODE,DRY_RUN_MODE_NO_WRITE
2026-02-15T12:14:11Z cycle_sleep seconds=900.00
2026-02-15T12:29:11Z cycle_start run_id=20260215T122911Z phase1_pilot=1 run_once=0 loop_sleep_seconds=900.00
2026-02-15T12:38:50Z snapshot_refresh ok listing_rows=10 seller_rows=98
2026-02-15T12:39:12Z phase1 h_cycle daily_intel missing for today; run A016_refresh_phase1_daily_intel.py
2026-02-15T12:39:12Z phase1 h_cycle sku=YC-3L3M-BV48 state=REGAIN write_status=DRY_RUN_NO_WRITE ceiling=109.45 reason_codes=FEATURED_NOT_OURS_REGAIN,STEP_REGAIN_TO_RIVAL,BINDING_CEILING_MANUAL_CAP,DVE_DISABLED_FEATURED_WINNER_DELIVERY_UNKNOWN,DRY_RUN_MODE,DRY_RUN_MODE_NO_WRITE
2026-02-15T12:39:12Z cycle_sleep seconds=900.00
2026-02-15T12:54:12Z cycle_start run_id=20260215T125412Z phase1_pilot=1 run_once=0 loop_sleep_seconds=900.00
2026-02-15T13:03:49Z snapshot_refresh ok listing_rows=10 seller_rows=98
2026-02-15T13:04:11Z phase1 h_cycle daily_intel missing for today; run A016_refresh_phase1_daily_intel.py
2026-02-15T13:04:11Z phase1 h_cycle sku=YC-3L3M-BV48 state=REGAIN write_status=DRY_RUN_NO_WRITE ceiling=109.45 reason_codes=FEATURED_NOT_OURS_REGAIN,STEP_REGAIN_TO_RIVAL,BINDING_CEILING_MANUAL_CAP,DVE_DISABLED_FEATURED_WINNER_DELIVERY_UNKNOWN,DRY_RUN_MODE,DRY_RUN_MODE_NO_WRITE
2026-02-15T13:04:11Z cycle_sleep seconds=900.00
2026-02-15T13:19:11Z cycle_start run_id=20260215T131911Z phase1_pilot=1 run_once=0 loop_sleep_seconds=900.00
2026-02-15T13:28:48Z snapshot_refresh ok listing_rows=10 seller_rows=98
2026-02-15T13:29:10Z phase1 h_cycle daily_intel missing for today; run A016_refresh_phase1_daily_intel.py
2026-02-15T13:29:10Z phase1 h_cycle sku=YC-3L3M-BV48 state=REGAIN write_status=DRY_RUN_NO_WRITE ceiling=109.45 reason_codes=FEATURED_NOT_OURS_REGAIN,STEP_REGAIN_TO_RIVAL,BINDING_CEILING_MANUAL_CAP,DVE_DISABLED_FEATURED_WINNER_DELIVERY_UNKNOWN,DRY_RUN_MODE,DRY_RUN_MODE_NO_WRITE
2026-02-15T13:29:10Z cycle_sleep seconds=900.00
2026-02-15T13:44:10Z cycle_start run_id=20260215T134410Z phase1_pilot=1 run_once=0 loop_sleep_seconds=900.00
2026-02-15T13:53:48Z snapshot_refresh ok listing_rows=10 seller_rows=98
2026-02-15T13:54:10Z phase1 h_cycle daily_intel missing for today; run A016_refresh_phase1_daily_intel.py
2026-02-15T13:54:10Z phase1 h_cycle sku=YC-3L3M-BV48 state=REGAIN write_status=DRY_RUN_NO_WRITE ceiling=109.45 reason_codes=FEATURED_NOT_OURS_REGAIN,STEP_REGAIN_TO_RIVAL,BINDING_CEILING_MANUAL_CAP,DVE_DISABLED_FEATURED_WINNER_DELIVERY_UNKNOWN,DRY_RUN_MODE,DRY_RUN_MODE_NO_WRITE
2026-02-15T13:54:10Z cycle_sleep seconds=900.00
2026-02-15T14:09:10Z cycle_start run_id=20260215T140910Z phase1_pilot=1 run_once=0 loop_sleep_seconds=900.00
2026-02-15T14:18:47Z snapshot_refresh ok listing_rows=10 seller_rows=98
2026-02-15T14:19:09Z phase1 h_cycle daily_intel missing for today; run A016_refresh_phase1_daily_intel.py
2026-02-15T14:19:09Z phase1 h_cycle sku=YC-3L3M-BV48 state=REGAIN write_status=DRY_RUN_NO_WRITE ceiling=109.45 reason_codes=FEATURED_NOT_OURS_REGAIN,STEP_REGAIN_TO_RIVAL,BINDING_CEILING_MANUAL_CAP,DVE_DISABLED_FEATURED_WINNER_DELIVERY_UNKNOWN,DRY_RUN_MODE,DRY_RUN_MODE_NO_WRITE
2026-02-15T14:19:09Z cycle_sleep seconds=900.00
2026-02-15T14:34:09Z cycle_start run_id=20260215T143409Z phase1_pilot=1 run_once=0 loop_sleep_seconds=900.00
2026-02-15T14:43:47Z snapshot_refresh ok listing_rows=10 seller_rows=97
2026-02-15T14:44:09Z phase1 h_cycle daily_intel missing for today; run A016_refresh_phase1_daily_intel.py
2026-02-15T14:44:09Z phase1 h_cycle sku=YC-3L3M-BV48 state=REGAIN write_status=DRY_RUN_NO_WRITE ceiling=109.45 reason_codes=FEATURED_NOT_OURS_REGAIN,STEP_REGAIN_TO_RIVAL,BINDING_CEILING_MANUAL_CAP,DVE_DISABLED_FEATURED_WINNER_DELIVERY_UNKNOWN,DRY_RUN_MODE,DRY_RUN_MODE_NO_WRITE
2026-02-15T14:44:09Z cycle_sleep seconds=900.00
2026-02-15T14:59:09Z cycle_start run_id=20260215T145909Z phase1_pilot=1 run_once=0 loop_sleep_seconds=900.00
2026-02-15T15:08:46Z snapshot_refresh ok listing_rows=10 seller_rows=97
2026-02-15T15:09:08Z phase1 h_cycle daily_intel missing for today; run A016_refresh_phase1_daily_intel.py
2026-02-15T15:09:08Z phase1 h_cycle sku=YC-3L3M-BV48 state=REGAIN write_status=DRY_RUN_NO_WRITE ceiling=109.45 reason_codes=FEATURED_NOT_OURS_REGAIN,STEP_REGAIN_TO_RIVAL,BINDING_CEILING_MANUAL_CAP,DVE_DISABLED_FEATURED_WINNER_DELIVERY_UNKNOWN,DRY_RUN_MODE,DRY_RUN_MODE_NO_WRITE
2026-02-15T15:09:08Z cycle_sleep seconds=900.00
2026-02-15T15:24:08Z cycle_start run_id=20260215T152408Z phase1_pilot=1 run_once=0 loop_sleep_seconds=900.00
2026-02-15T15:33:46Z snapshot_refresh ok listing_rows=10 seller_rows=97
2026-02-15T15:34:08Z phase1 h_cycle daily_intel missing for today; run A016_refresh_phase1_daily_intel.py
2026-02-15T15:34:08Z phase1 h_cycle sku=YC-3L3M-BV48 state=REGAIN write_status=DRY_RUN_NO_WRITE ceiling=109.45 reason_codes=FEATURED_NOT_OURS_REGAIN,STEP_REGAIN_TO_RIVAL,BINDING_CEILING_MANUAL_CAP,DVE_DISABLED_FEATURED_WINNER_DELIVERY_UNKNOWN,DRY_RUN_MODE,DRY_RUN_MODE_NO_WRITE
2026-02-15T15:34:08Z cycle_sleep seconds=900.00
2026-02-15T15:49:08Z cycle_start run_id=20260215T154908Z phase1_pilot=1 run_once=0 loop_sleep_seconds=900.00
2026-02-15T15:58:45Z snapshot_refresh ok listing_rows=10 seller_rows=97
2026-02-15T15:59:07Z phase1 h_cycle daily_intel missing for today; run A016_refresh_phase1_daily_intel.py
2026-02-15T15:59:07Z phase1 h_cycle sku=YC-3L3M-BV48 state=REGAIN write_status=DRY_RUN_NO_WRITE ceiling=109.45 reason_codes=FEATURED_NOT_OURS_REGAIN,STEP_REGAIN_TO_RIVAL,BINDING_CEILING_MANUAL_CAP,DVE_DISABLED_FEATURED_WINNER_DELIVERY_UNKNOWN,DRY_RUN_MODE,DRY_RUN_MODE_NO_WRITE
2026-02-15T15:59:07Z cycle_sleep seconds=900.00
2026-02-15T16:14:07Z cycle_start run_id=20260215T161407Z phase1_pilot=1 run_once=0 loop_sleep_seconds=900.00
2026-02-15T16:23:45Z snapshot_refresh ok listing_rows=10 seller_rows=97
2026-02-15T16:24:07Z phase1 h_cycle daily_intel missing for today; run A016_refresh_phase1_daily_intel.py
2026-02-15T16:24:07Z phase1 h_cycle sku=YC-3L3M-BV48 state=REGAIN write_status=DRY_RUN_NO_WRITE ceiling=109.45 reason_codes=FEATURED_NOT_OURS_REGAIN,STEP_REGAIN_TO_RIVAL,BINDING_CEILING_MANUAL_CAP,DVE_DISABLED_FEATURED_WINNER_DELIVERY_UNKNOWN,DRY_RUN_MODE,DRY_RUN_MODE_NO_WRITE
2026-02-15T16:24:07Z cycle_sleep seconds=900.00
2026-02-15T16:39:07Z cycle_start run_id=20260215T163907Z phase1_pilot=1 run_once=0 loop_sleep_seconds=900.00
2026-02-15T16:48:44Z snapshot_refresh ok listing_rows=10 seller_rows=97
2026-02-15T16:49:06Z phase1 h_cycle daily_intel missing for today; run A016_refresh_phase1_daily_intel.py
2026-02-15T16:49:06Z phase1 h_cycle sku=YC-3L3M-BV48 state=REGAIN write_status=DRY_RUN_NO_WRITE ceiling=109.45 reason_codes=FEATURED_NOT_OURS_REGAIN,STEP_REGAIN_TO_RIVAL,BINDING_CEILING_MANUAL_CAP,DVE_DISABLED_FEATURED_WINNER_DELIVERY_UNKNOWN,DRY_RUN_MODE,DRY_RUN_MODE_NO_WRITE
2026-02-15T16:49:06Z cycle_sleep seconds=900.00
2026-02-15T17:04:06Z cycle_start run_id=20260215T170406Z phase1_pilot=1 run_once=0 loop_sleep_seconds=900.00
2026-02-15T17:13:44Z snapshot_refresh ok listing_rows=10 seller_rows=97
2026-02-15T17:14:06Z phase1 h_cycle daily_intel missing for today; run A016_refresh_phase1_daily_intel.py
2026-02-15T17:14:06Z phase1 h_cycle sku=YC-3L3M-BV48 state=REGAIN write_status=DRY_RUN_NO_WRITE ceiling=109.45 reason_codes=FEATURED_NOT_OURS_REGAIN,STEP_REGAIN_TO_RIVAL,BINDING_CEILING_MANUAL_CAP,DVE_DISABLED_FEATURED_WINNER_DELIVERY_UNKNOWN,DRY_RUN_MODE,DRY_RUN_MODE_NO_WRITE
2026-02-15T17:14:06Z cycle_sleep seconds=900.00
2026-02-15T17:29:06Z cycle_start run_id=20260215T172906Z phase1_pilot=1 run_once=0 loop_sleep_seconds=900.00
2026-02-15T17:38:43Z snapshot_refresh ok listing_rows=10 seller_rows=97
2026-02-15T17:39:05Z phase1 h_cycle daily_intel missing for today; run A016_refresh_phase1_daily_intel.py
2026-02-15T17:39:05Z phase1 h_cycle sku=YC-3L3M-BV48 state=REGAIN write_status=DRY_RUN_NO_WRITE ceiling=109.45 reason_codes=FEATURED_NOT_OURS_REGAIN,STEP_REGAIN_TO_RIVAL,BINDING_CEILING_MANUAL_CAP,DVE_DISABLED_FEATURED_WINNER_DELIVERY_UNKNOWN,DRY_RUN_MODE,DRY_RUN_MODE_NO_WRITE
2026-02-15T17:39:05Z cycle_sleep seconds=900.00
2026-02-15T17:54:05Z cycle_start run_id=20260215T175405Z phase1_pilot=1 run_once=0 loop_sleep_seconds=900.00
2026-02-15T18:03:43Z snapshot_refresh ok listing_rows=10 seller_rows=97
2026-02-15T18:04:07Z phase1 h_cycle daily_intel missing for today; run A016_refresh_phase1_daily_intel.py
2026-02-15T18:04:07Z phase1 h_cycle sku=YC-3L3M-BV48 state=REGAIN write_status=DRY_RUN_NO_WRITE ceiling=109.45 reason_codes=FEATURED_NOT_OURS_REGAIN,STEP_REGAIN_TO_RIVAL,BINDING_CEILING_MANUAL_CAP,DVE_DISABLED_FEATURED_WINNER_DELIVERY_UNKNOWN,DRY_RUN_MODE,DRY_RUN_MODE_NO_WRITE
2026-02-15T18:04:07Z cycle_sleep seconds=900.00
2026-02-15T18:19:07Z cycle_start run_id=20260215T181907Z phase1_pilot=1 run_once=0 loop_sleep_seconds=900.00
2026-02-15T18:28:45Z snapshot_refresh ok listing_rows=10 seller_rows=97
2026-02-15T18:29:07Z phase1 h_cycle daily_intel missing for today; run A016_refresh_phase1_daily_intel.py
2026-02-15T18:29:07Z phase1 h_cycle sku=YC-3L3M-BV48 state=REGAIN write_status=DRY_RUN_NO_WRITE ceiling=109.45 reason_codes=FEATURED_NOT_OURS_REGAIN,STEP_REGAIN_TO_RIVAL,BINDING_CEILING_MANUAL_CAP,DVE_DISABLED_FEATURED_WINNER_DELIVERY_UNKNOWN,DRY_RUN_MODE,DRY_RUN_MODE_NO_WRITE
2026-02-15T18:29:07Z cycle_sleep seconds=900.00
2026-02-15T18:44:07Z cycle_start run_id=20260215T184407Z phase1_pilot=1 run_once=0 loop_sleep_seconds=900.00
2026-02-15T18:53:44Z snapshot_refresh ok listing_rows=10 seller_rows=97
2026-02-15T18:54:07Z phase1 h_cycle daily_intel missing for today; run A016_refresh_phase1_daily_intel.py
2026-02-15T18:54:07Z phase1 h_cycle sku=YC-3L3M-BV48 state=REGAIN write_status=DRY_RUN_NO_WRITE ceiling=109.45 reason_codes=FEATURED_NOT_OURS_REGAIN,STEP_REGAIN_TO_RIVAL,BINDING_CEILING_MANUAL_CAP,DVE_DISABLED_FEATURED_WINNER_DELIVERY_UNKNOWN,DRY_RUN_MODE,DRY_RUN_MODE_NO_WRITE
2026-02-15T18:54:07Z cycle_sleep seconds=900.00
2026-02-15T19:09:07Z cycle_start run_id=20260215T190907Z phase1_pilot=1 run_once=0 loop_sleep_seconds=900.00
2026-02-15T19:18:44Z snapshot_refresh ok listing_rows=10 seller_rows=97
2026-02-15T19:19:06Z phase1 h_cycle daily_intel missing for today; run A016_refresh_phase1_daily_intel.py
2026-02-15T19:19:06Z phase1 h_cycle sku=YC-3L3M-BV48 state=REGAIN write_status=DRY_RUN_NO_WRITE ceiling=109.45 reason_codes=FEATURED_NOT_OURS_REGAIN,STEP_REGAIN_TO_RIVAL,BINDING_CEILING_MANUAL_CAP,DVE_DISABLED_FEATURED_WINNER_DELIVERY_UNKNOWN,DRY_RUN_MODE,DRY_RUN_MODE_NO_WRITE
2026-02-15T19:19:06Z cycle_sleep seconds=900.00
2026-02-15T19:34:06Z cycle_start run_id=20260215T193406Z phase1_pilot=1 run_once=0 loop_sleep_seconds=900.00
2026-02-15T19:43:44Z snapshot_refresh ok listing_rows=10 seller_rows=97
2026-02-15T19:44:06Z phase1 h_cycle daily_intel missing for today; run A016_refresh_phase1_daily_intel.py
2026-02-15T19:44:06Z phase1 h_cycle sku=YC-3L3M-BV48 state=REGAIN write_status=DRY_RUN_NO_WRITE ceiling=109.45 reason_codes=FEATURED_NOT_OURS_REGAIN,STEP_REGAIN_TO_RIVAL,BINDING_CEILING_MANUAL_CAP,DVE_DISABLED_FEATURED_WINNER_DELIVERY_UNKNOWN,DRY_RUN_MODE,DRY_RUN_MODE_NO_WRITE
2026-02-15T19:44:06Z cycle_sleep seconds=900.00
2026-02-15T19:59:06Z cycle_start run_id=20260215T195906Z phase1_pilot=1 run_once=0 loop_sleep_seconds=900.00
2026-02-15T20:08:43Z snapshot_refresh ok listing_rows=10 seller_rows=97
2026-02-15T20:09:06Z phase1 h_cycle daily_intel missing for today; run A016_refresh_phase1_daily_intel.py
2026-02-15T20:09:06Z phase1 h_cycle sku=YC-3L3M-BV48 state=REGAIN write_status=DRY_RUN_NO_WRITE ceiling=109.45 reason_codes=FEATURED_NOT_OURS_REGAIN,STEP_REGAIN_TO_RIVAL,BINDING_CEILING_MANUAL_CAP,DVE_DISABLED_FEATURED_WINNER_DELIVERY_UNKNOWN,DRY_RUN_MODE,DRY_RUN_MODE_NO_WRITE
2026-02-15T20:09:06Z cycle_sleep seconds=900.00
2026-02-15T20:24:06Z cycle_start run_id=20260215T202406Z phase1_pilot=1 run_once=0 loop_sleep_seconds=900.00
2026-02-15T20:33:43Z snapshot_refresh ok listing_rows=10 seller_rows=97
2026-02-15T20:34:05Z phase1 h_cycle daily_intel missing for today; run A016_refresh_phase1_daily_intel.py
2026-02-15T20:34:05Z phase1 h_cycle sku=YC-3L3M-BV48 state=REGAIN write_status=DRY_RUN_NO_WRITE ceiling=109.45 reason_codes=FEATURED_NOT_OURS_REGAIN,STEP_REGAIN_TO_RIVAL,BINDING_CEILING_MANUAL_CAP,DVE_DISABLED_FEATURED_WINNER_DELIVERY_UNKNOWN,DRY_RUN_MODE,DRY_RUN_MODE_NO_WRITE
2026-02-15T20:34:05Z cycle_sleep seconds=900.00
2026-02-15T20:49:05Z cycle_start run_id=20260215T204905Z phase1_pilot=1 run_once=0 loop_sleep_seconds=900.00
2026-02-15T20:58:43Z snapshot_refresh ok listing_rows=10 seller_rows=97
2026-02-15T20:59:05Z phase1 h_cycle daily_intel missing for today; run A016_refresh_phase1_daily_intel.py
2026-02-15T20:59:05Z phase1 h_cycle sku=YC-3L3M-BV48 state=REGAIN write_status=DRY_RUN_NO_WRITE ceiling=109.45 reason_codes=FEATURED_NOT_OURS_REGAIN,STEP_REGAIN_TO_RIVAL,BINDING_CEILING_MANUAL_CAP,DVE_DISABLED_FEATURED_WINNER_DELIVERY_UNKNOWN,DRY_RUN_MODE,DRY_RUN_MODE_NO_WRITE
2026-02-15T20:59:05Z cycle_sleep seconds=900.00
2026-02-15T21:14:05Z cycle_start run_id=20260215T211405Z phase1_pilot=1 run_once=0 loop_sleep_seconds=900.00
2026-02-15T21:23:43Z snapshot_refresh ok listing_rows=10 seller_rows=97
2026-02-15T21:24:05Z phase1 h_cycle daily_intel missing for today; run A016_refresh_phase1_daily_intel.py
2026-02-15T21:24:05Z phase1 h_cycle sku=YC-3L3M-BV48 state=REGAIN write_status=DRY_RUN_NO_WRITE ceiling=109.45 reason_codes=FEATURED_NOT_OURS_REGAIN,STEP_REGAIN_TO_RIVAL,BINDING_CEILING_MANUAL_CAP,DVE_DISABLED_FEATURED_WINNER_DELIVERY_UNKNOWN,DRY_RUN_MODE,DRY_RUN_MODE_NO_WRITE
2026-02-15T21:24:05Z cycle_sleep seconds=900.00
2026-02-15T21:39:05Z cycle_start run_id=20260215T213905Z phase1_pilot=1 run_once=0 loop_sleep_seconds=900.00
2026-02-15T21:48:43Z snapshot_refresh ok listing_rows=10 seller_rows=97
2026-02-15T21:49:05Z phase1 h_cycle daily_intel missing for today; run A016_refresh_phase1_daily_intel.py
2026-02-15T21:49:05Z phase1 h_cycle sku=YC-3L3M-BV48 state=REGAIN write_status=DRY_RUN_NO_WRITE ceiling=109.45 reason_codes=FEATURED_NOT_OURS_REGAIN,STEP_REGAIN_TO_RIVAL,BINDING_CEILING_MANUAL_CAP,DVE_DISABLED_FEATURED_WINNER_DELIVERY_UNKNOWN,DRY_RUN_MODE,DRY_RUN_MODE_NO_WRITE
2026-02-15T21:49:05Z cycle_sleep seconds=900.00
2026-02-15T22:04:05Z cycle_start run_id=20260215T220405Z phase1_pilot=1 run_once=0 loop_sleep_seconds=900.00
2026-02-15T22:13:43Z snapshot_refresh ok listing_rows=10 seller_rows=97
2026-02-15T22:14:05Z phase1 h_cycle daily_intel missing for today; run A016_refresh_phase1_daily_intel.py
2026-02-15T22:14:05Z phase1 h_cycle sku=YC-3L3M-BV48 state=REGAIN write_status=DRY_RUN_NO_WRITE ceiling=109.45 reason_codes=FEATURED_NOT_OURS_REGAIN,STEP_REGAIN_TO_RIVAL,BINDING_CEILING_MANUAL_CAP,DVE_DISABLED_FEATURED_WINNER_DELIVERY_UNKNOWN,DRY_RUN_MODE,DRY_RUN_MODE_NO_WRITE
2026-02-15T22:14:05Z cycle_sleep seconds=900.00
2026-02-15T22:29:05Z cycle_start run_id=20260215T222905Z phase1_pilot=1 run_once=0 loop_sleep_seconds=900.00
2026-02-15T22:38:43Z snapshot_refresh ok listing_rows=10 seller_rows=97
2026-02-15T22:39:05Z phase1 h_cycle daily_intel missing for today; run A016_refresh_phase1_daily_intel.py
2026-02-15T22:39:05Z phase1 h_cycle sku=YC-3L3M-BV48 state=REGAIN write_status=NO_WRITE_REQUIRED ceiling=109.45 reason_codes=FEATURED_NOT_OURS_REGAIN,STEP_REGAIN_TO_RIVAL,BINDING_CEILING_MANUAL_CAP,DVE_DISABLED_FEATURED_WINNER_DELIVERY_UNKNOWN,DRY_RUN_MODE
2026-02-15T22:39:05Z cycle_sleep seconds=900.00
2026-02-15T22:54:05Z cycle_start run_id=20260215T225405Z phase1_pilot=1 run_once=0 loop_sleep_seconds=900.00
2026-02-15T23:03:43Z snapshot_refresh ok listing_rows=10 seller_rows=97
2026-02-15T23:04:06Z phase1 h_cycle daily_intel missing for today; run A016_refresh_phase1_daily_intel.py
2026-02-15T23:04:06Z phase1 h_cycle sku=YC-3L3M-BV48 state=REGAIN write_status=NO_WRITE_REQUIRED ceiling=109.45 reason_codes=FEATURED_NOT_OURS_REGAIN,STEP_REGAIN_TO_RIVAL,BINDING_CEILING_MANUAL_CAP,DVE_DISABLED_FEATURED_WINNER_DELIVERY_UNKNOWN,DRY_RUN_MODE
2026-02-15T23:04:06Z cycle_sleep seconds=900.00
2026-02-15T23:19:06Z cycle_start run_id=20260215T231906Z phase1_pilot=1 run_once=0 loop_sleep_seconds=900.00
2026-02-15T23:28:43Z snapshot_refresh ok listing_rows=10 seller_rows=97
2026-02-15T23:29:06Z phase1 h_cycle daily_intel missing for today; run A016_refresh_phase1_daily_intel.py
2026-02-15T23:29:06Z phase1 h_cycle sku=YC-3L3M-BV48 state=REGAIN write_status=NO_WRITE_REQUIRED ceiling=109.45 reason_codes=FEATURED_NOT_OURS_REGAIN,STEP_REGAIN_TO_RIVAL,BINDING_CEILING_MANUAL_CAP,DVE_DISABLED_FEATURED_WINNER_DELIVERY_UNKNOWN,DRY_RUN_MODE
2026-02-15T23:29:06Z cycle_sleep seconds=900.00
2026-02-15T23:44:06Z cycle_start run_id=20260215T234406Z phase1_pilot=1 run_once=0 loop_sleep_seconds=900.00
2026-02-15T23:53:43Z snapshot_refresh ok listing_rows=10 seller_rows=97
2026-02-15T23:54:06Z phase1 h_cycle daily_intel missing for today; run A016_refresh_phase1_daily_intel.py
2026-02-15T23:54:06Z phase1 h_cycle sku=YC-3L3M-BV48 state=REGAIN write_status=NO_WRITE_REQUIRED ceiling=109.45 reason_codes=FEATURED_NOT_OURS_REGAIN,STEP_REGAIN_TO_RIVAL,BINDING_CEILING_MANUAL_CAP,DVE_DISABLED_FEATURED_WINNER_DELIVERY_UNKNOWN,DRY_RUN_MODE
2026-02-15T23:54:06Z cycle_sleep seconds=900.00
2026-02-16T00:09:06Z cycle_start run_id=20260216T000906Z phase1_pilot=1 run_once=0 loop_sleep_seconds=900.00
2026-02-16T00:18:43Z snapshot_refresh ok listing_rows=10 seller_rows=97
2026-02-16T00:19:05Z phase1 h_cycle daily_intel missing for today; run A016_refresh_phase1_daily_intel.py
2026-02-16T00:19:05Z phase1 h_cycle sku=YC-3L3M-BV48 state=REGAIN write_status=NO_WRITE_REQUIRED ceiling=109.45 reason_codes=FEATURED_NOT_OURS_REGAIN,STEP_REGAIN_TO_RIVAL,BINDING_CEILING_MANUAL_CAP,DVE_DISABLED_FEATURED_WINNER_DELIVERY_UNKNOWN,DRY_RUN_MODE
2026-02-16T00:19:05Z cycle_sleep seconds=900.00
2026-02-16T00:34:05Z cycle_start run_id=20260216T003405Z phase1_pilot=1 run_once=0 loop_sleep_seconds=900.00
2026-02-16T00:43:43Z snapshot_refresh ok listing_rows=10 seller_rows=97
2026-02-16T00:44:06Z phase1 h_cycle daily_intel missing for today; run A016_refresh_phase1_daily_intel.py
2026-02-16T00:44:06Z phase1 h_cycle sku=YC-3L3M-BV48 state=RAISE_FIND_LOSS write_status=DRY_RUN_NO_WRITE ceiling=109.45 reason_codes=MISSING_BOUND_RAISE_FIND_LOSS,STEP_RAISE_FIND_LOSS_UP,BINDING_CEILING_MANUAL_CAP,DVE_DISABLED_FEATURED_WINNER_DELIVERY_UNKNOWN,DRY_RUN_MODE,DRY_RUN_MODE_NO_WRITE
2026-02-16T00:44:06Z cycle_sleep seconds=900.00
2026-02-16T00:59:06Z cycle_start run_id=20260216T005906Z phase1_pilot=1 run_once=0 loop_sleep_seconds=900.00
2026-02-16T01:08:43Z snapshot_refresh ok listing_rows=10 seller_rows=97
2026-02-16T01:09:05Z phase1 h_cycle daily_intel missing for today; run A016_refresh_phase1_daily_intel.py
2026-02-16T01:09:05Z phase1 h_cycle sku=YC-3L3M-BV48 state=REGAIN write_status=NO_WRITE_REQUIRED ceiling=109.45 reason_codes=FEATURED_NOT_OURS_REGAIN,STEP_REGAIN_TO_RIVAL,BINDING_CEILING_MANUAL_CAP,DVE_DISABLED_FEATURED_WINNER_DELIVERY_UNKNOWN,DRY_RUN_MODE
2026-02-16T01:09:05Z cycle_sleep seconds=900.00
2026-02-16T01:24:05Z cycle_start run_id=20260216T012405Z phase1_pilot=1 run_once=0 loop_sleep_seconds=900.00
2026-02-16T01:33:43Z snapshot_refresh ok listing_rows=10 seller_rows=98
2026-02-16T01:34:05Z phase1 h_cycle daily_intel missing for today; run A016_refresh_phase1_daily_intel.py
2026-02-16T01:34:05Z phase1 h_cycle sku=YC-3L3M-BV48 state=REGAIN write_status=NO_WRITE_REQUIRED ceiling=109.45 reason_codes=FEATURED_NOT_OURS_REGAIN,STEP_REGAIN_TO_RIVAL,BINDING_CEILING_MANUAL_CAP,DVE_DISABLED_FEATURED_WINNER_DELIVERY_UNKNOWN,DRY_RUN_MODE
2026-02-16T01:34:05Z cycle_sleep seconds=900.00
2026-02-16T01:49:05Z cycle_start run_id=20260216T014905Z phase1_pilot=1 run_once=0 loop_sleep_seconds=900.00
2026-02-16T01:58:43Z snapshot_refresh ok listing_rows=10 seller_rows=98
2026-02-16T01:59:06Z phase1 h_cycle daily_intel missing for today; run A016_refresh_phase1_daily_intel.py
2026-02-16T01:59:06Z phase1 h_cycle sku=YC-3L3M-BV48 state=REGAIN write_status=NO_WRITE_REQUIRED ceiling=109.45 reason_codes=FEATURED_NOT_OURS_REGAIN,STEP_REGAIN_TO_RIVAL,BINDING_CEILING_MANUAL_CAP,DVE_DISABLED_FEATURED_WINNER_DELIVERY_UNKNOWN,DRY_RUN_MODE
2026-02-16T01:59:06Z cycle_sleep seconds=900.00
2026-02-16T02:14:06Z cycle_start run_id=20260216T021406Z phase1_pilot=1 run_once=0 loop_sleep_seconds=900.00
2026-02-16T02:23:43Z snapshot_refresh ok listing_rows=10 seller_rows=98
2026-02-16T02:24:06Z phase1 h_cycle daily_intel missing for today; run A016_refresh_phase1_daily_intel.py
2026-02-16T02:24:06Z phase1 h_cycle sku=YC-3L3M-BV48 state=REGAIN write_status=NO_WRITE_REQUIRED ceiling=109.45 reason_codes=FEATURED_NOT_OURS_REGAIN,STEP_REGAIN_TO_RIVAL,BINDING_CEILING_MANUAL_CAP,DVE_DISABLED_FEATURED_WINNER_DELIVERY_UNKNOWN,DRY_RUN_MODE
2026-02-16T02:24:06Z cycle_sleep seconds=900.00
2026-02-16T02:39:06Z cycle_start run_id=20260216T023906Z phase1_pilot=1 run_once=0 loop_sleep_seconds=900.00
2026-02-16T02:48:43Z snapshot_refresh ok listing_rows=10 seller_rows=98
2026-02-16T02:49:06Z phase1 h_cycle daily_intel missing for today; run A016_refresh_phase1_daily_intel.py
2026-02-16T02:49:06Z phase1 h_cycle sku=YC-3L3M-BV48 state=REGAIN write_status=NO_WRITE_REQUIRED ceiling=109.45 reason_codes=FEATURED_NOT_OURS_REGAIN,STEP_REGAIN_TO_RIVAL,BINDING_CEILING_MANUAL_CAP,DVE_DISABLED_FEATURED_WINNER_DELIVERY_UNKNOWN,DRY_RUN_MODE
2026-02-16T02:49:06Z cycle_sleep seconds=900.00
2026-02-16T03:04:06Z cycle_start run_id=20260216T030406Z phase1_pilot=1 run_once=0 loop_sleep_seconds=900.00
2026-02-16T03:13:44Z snapshot_refresh ok listing_rows=10 seller_rows=98
2026-02-16T03:14:06Z phase1 h_cycle daily_intel missing for today; run A016_refresh_phase1_daily_intel.py
2026-02-16T03:14:06Z phase1 h_cycle sku=YC-3L3M-BV48 state=REGAIN write_status=DRY_RUN_NO_WRITE ceiling=109.45 reason_codes=FEATURED_NOT_OURS_REGAIN,STEP_REGAIN_TO_RIVAL,BINDING_CEILING_MANUAL_CAP,DVE_DISABLED_FEATURED_WINNER_DELIVERY_UNKNOWN,DRY_RUN_MODE,DRY_RUN_MODE_NO_WRITE
2026-02-16T03:14:06Z cycle_sleep seconds=900.00
2026-02-16T03:29:06Z cycle_start run_id=20260216T032906Z phase1_pilot=1 run_once=0 loop_sleep_seconds=900.00
2026-02-16T03:38:44Z snapshot_refresh ok listing_rows=10 seller_rows=98
2026-02-16T03:39:07Z phase1 h_cycle daily_intel missing for today; run A016_refresh_phase1_daily_intel.py
2026-02-16T03:39:07Z phase1 h_cycle sku=YC-3L3M-BV48 state=REGAIN write_status=DRY_RUN_NO_WRITE ceiling=109.45 reason_codes=FEATURED_NOT_OURS_REGAIN,STEP_REGAIN_TO_RIVAL,BINDING_CEILING_MANUAL_CAP,DVE_DISABLED_FEATURED_WINNER_DELIVERY_UNKNOWN,DRY_RUN_MODE,DRY_RUN_MODE_NO_WRITE
2026-02-16T03:39:07Z cycle_sleep seconds=900.00
2026-02-16T03:54:07Z cycle_start run_id=20260216T035407Z phase1_pilot=1 run_once=0 loop_sleep_seconds=900.00
2026-02-16T04:03:44Z snapshot_refresh ok listing_rows=10 seller_rows=98
2026-02-16T04:04:07Z phase1 h_cycle daily_intel missing for today; run A016_refresh_phase1_daily_intel.py
2026-02-16T04:04:07Z phase1 h_cycle sku=YC-3L3M-BV48 state=REGAIN write_status=DRY_RUN_NO_WRITE ceiling=109.45 reason_codes=FEATURED_NOT_OURS_REGAIN,STEP_REGAIN_TO_RIVAL,BINDING_CEILING_MANUAL_CAP,DVE_DISABLED_FEATURED_WINNER_DELIVERY_UNKNOWN,DRY_RUN_MODE,DRY_RUN_MODE_NO_WRITE
2026-02-16T04:04:07Z cycle_sleep seconds=900.00
2026-02-16T04:19:07Z cycle_start run_id=20260216T041907Z phase1_pilot=1 run_once=0 loop_sleep_seconds=900.00
2026-02-16T04:28:44Z snapshot_refresh ok listing_rows=10 seller_rows=98
2026-02-16T04:29:07Z phase1 h_cycle daily_intel missing for today; run A016_refresh_phase1_daily_intel.py
2026-02-16T04:29:07Z phase1 h_cycle sku=YC-3L3M-BV48 state=REGAIN write_status=DRY_RUN_NO_WRITE ceiling=109.45 reason_codes=FEATURED_NOT_OURS_REGAIN,STEP_REGAIN_TO_RIVAL,BINDING_CEILING_MANUAL_CAP,DVE_DISABLED_FEATURED_WINNER_DELIVERY_UNKNOWN,DRY_RUN_MODE,DRY_RUN_MODE_NO_WRITE
2026-02-16T04:29:07Z cycle_sleep seconds=900.00
2026-02-16T04:44:07Z cycle_start run_id=20260216T044407Z phase1_pilot=1 run_once=0 loop_sleep_seconds=900.00
2026-02-16T04:53:45Z snapshot_refresh ok listing_rows=10 seller_rows=98
2026-02-16T04:54:08Z phase1 h_cycle daily_intel missing for today; run A016_refresh_phase1_daily_intel.py
2026-02-16T04:54:08Z phase1 h_cycle sku=YC-3L3M-BV48 state=REGAIN write_status=DRY_RUN_NO_WRITE ceiling=109.45 reason_codes=FEATURED_NOT_OURS_REGAIN,STEP_REGAIN_TO_RIVAL,BINDING_CEILING_MANUAL_CAP,DVE_DISABLED_FEATURED_WINNER_DELIVERY_UNKNOWN,DRY_RUN_MODE,DRY_RUN_MODE_NO_WRITE
2026-02-16T04:54:08Z cycle_sleep seconds=900.00
2026-02-16T05:09:08Z cycle_start run_id=20260216T050908Z phase1_pilot=1 run_once=0 loop_sleep_seconds=900.00
2026-02-16T05:18:45Z snapshot_refresh ok listing_rows=10 seller_rows=98
2026-02-16T05:19:11Z phase1 h_cycle daily_intel missing for today; run A016_refresh_phase1_daily_intel.py
2026-02-16T05:19:11Z phase1 h_cycle sku=YC-3L3M-BV48 state=REGAIN write_status=NO_WRITE_REQUIRED ceiling=109.45 reason_codes=FEATURED_NOT_OURS_REGAIN,STEP_REGAIN_TO_RIVAL,BINDING_CEILING_MANUAL_CAP,DVE_DISABLED_FEATURED_WINNER_DELIVERY_UNKNOWN,DRY_RUN_MODE
2026-02-16T05:19:11Z cycle_sleep seconds=900.00
2026-02-16T05:34:11Z cycle_start run_id=20260216T053411Z phase1_pilot=1 run_once=0 loop_sleep_seconds=900.00
2026-02-16T05:43:48Z snapshot_refresh ok listing_rows=10 seller_rows=98
2026-02-16T05:44:11Z phase1 h_cycle daily_intel missing for today; run A016_refresh_phase1_daily_intel.py
2026-02-16T05:44:11Z phase1 h_cycle sku=YC-3L3M-BV48 state=REGAIN write_status=NO_WRITE_REQUIRED ceiling=109.45 reason_codes=FEATURED_NOT_OURS_REGAIN,STEP_REGAIN_TO_RIVAL,BINDING_CEILING_MANUAL_CAP,DVE_DISABLED_FEATURED_WINNER_DELIVERY_UNKNOWN,DRY_RUN_MODE
2026-02-16T05:44:11Z cycle_sleep seconds=900.00
2026-02-16T05:59:11Z cycle_start run_id=20260216T055911Z phase1_pilot=1 run_once=0 loop_sleep_seconds=900.00
2026-02-16T06:08:48Z snapshot_refresh ok listing_rows=10 seller_rows=98
2026-02-16T06:09:11Z phase1 h_cycle daily_intel missing for today; run A016_refresh_phase1_daily_intel.py
2026-02-16T06:09:11Z phase1 h_cycle sku=YC-3L3M-BV48 state=REGAIN write_status=NO_WRITE_REQUIRED ceiling=109.45 reason_codes=FEATURED_NOT_OURS_REGAIN,STEP_REGAIN_TO_RIVAL,BINDING_CEILING_MANUAL_CAP,DVE_DISABLED_FEATURED_WINNER_DELIVERY_UNKNOWN,DRY_RUN_MODE
2026-02-16T06:09:11Z cycle_sleep seconds=900.00
2026-02-16T06:24:11Z cycle_start run_id=20260216T062411Z phase1_pilot=1 run_once=0 loop_sleep_seconds=900.00
2026-02-16T06:33:48Z snapshot_refresh ok listing_rows=10 seller_rows=98
2026-02-16T06:34:11Z phase1 h_cycle daily_intel missing for today; run A016_refresh_phase1_daily_intel.py
2026-02-16T06:34:11Z phase1 h_cycle sku=YC-3L3M-BV48 state=REGAIN write_status=NO_WRITE_REQUIRED ceiling=109.45 reason_codes=FEATURED_NOT_OURS_REGAIN,STEP_REGAIN_TO_RIVAL,BINDING_CEILING_MANUAL_CAP,DVE_DISABLED_FEATURED_WINNER_DELIVERY_UNKNOWN,DRY_RUN_MODE
2026-02-16T06:34:11Z cycle_sleep seconds=900.00
2026-02-16T06:49:11Z cycle_start run_id=20260216T064911Z phase1_pilot=1 run_once=0 loop_sleep_seconds=900.00
2026-02-16T06:58:48Z snapshot_refresh ok listing_rows=10 seller_rows=98
2026-02-16T06:59:11Z phase1 h_cycle daily_intel missing for today; run A016_refresh_phase1_daily_intel.py
2026-02-16T06:59:11Z phase1 h_cycle sku=YC-3L3M-BV48 state=REGAIN write_status=NO_WRITE_REQUIRED ceiling=109.45 reason_codes=FEATURED_NOT_OURS_REGAIN,STEP_REGAIN_TO_RIVAL,BINDING_CEILING_MANUAL_CAP,DVE_DISABLED_FEATURED_WINNER_DELIVERY_UNKNOWN,DRY_RUN_MODE
2026-02-16T06:59:11Z cycle_sleep seconds=900.00
2026-02-16T07:14:11Z cycle_start run_id=20260216T071411Z phase1_pilot=1 run_once=0 loop_sleep_seconds=900.00
2026-02-16T07:23:48Z snapshot_refresh ok listing_rows=10 seller_rows=98
2026-02-16T07:24:11Z phase1 h_cycle daily_intel missing for today; run A016_refresh_phase1_daily_intel.py
2026-02-16T07:24:11Z phase1 h_cycle sku=YC-3L3M-BV48 state=REGAIN write_status=NO_WRITE_REQUIRED ceiling=109.45 reason_codes=FEATURED_NOT_OURS_REGAIN,STEP_REGAIN_TO_RIVAL,BINDING_CEILING_MANUAL_CAP,DVE_DISABLED_FEATURED_WINNER_DELIVERY_UNKNOWN,DRY_RUN_MODE
2026-02-16T07:24:11Z cycle_sleep seconds=900.00
2026-02-16T07:39:11Z cycle_start run_id=20260216T073911Z phase1_pilot=1 run_once=0 loop_sleep_seconds=900.00
2026-02-16T07:48:48Z snapshot_refresh ok listing_rows=10 seller_rows=98
2026-02-16T07:49:11Z phase1 h_cycle daily_intel missing for today; run A016_refresh_phase1_daily_intel.py
2026-02-16T07:49:11Z phase1 h_cycle sku=YC-3L3M-BV48 state=REGAIN write_status=NO_WRITE_REQUIRED ceiling=109.45 reason_codes=FEATURED_NOT_OURS_REGAIN,STEP_REGAIN_TO_RIVAL,BINDING_CEILING_MANUAL_CAP,DVE_DISABLED_FEATURED_WINNER_DELIVERY_UNKNOWN,DRY_RUN_MODE
2026-02-16T07:49:11Z cycle_sleep seconds=900.00
2026-02-16T09:16:27Z cycle_start run_id=20260216T091627Z phase1_pilot=1 run_once=0 loop_sleep_seconds=900.00
2026-02-16T09:17:09Z snapshot_refresh ok listing_rows=10 seller_rows=98
2026-02-16T09:17:34Z phase1 h_cycle daily_intel missing for today; run A016_refresh_phase1_daily_intel.py
2026-02-16T09:17:34Z phase1 h_cycle sku=YC-3L3M-BV48 processed_count=10 processed_skus=4W-VS57-BV6A,6V-EEC1-2S9Z,AX-NKNU-29C1,JB-RGB6-LZOJ,RZ-6ZL9-CZ7J,TJ-6LOP-OPEU,VF-3T0K-DR5O,XH-0LAE-FQO5,XY-UM2X-TPS3,YC-3L3M-BV48 skipped_cooldown_count=0 state=REGAIN write_status=NO_WRITE_REQUIRED ceiling=109.45 reason_codes=FEATURED_NOT_OURS_REGAIN,STEP_REGAIN_TO_RIVAL,BINDING_CEILING_MANUAL_CAP,DVE_DISABLED_FEATURED_WINNER_DELIVERY_UNKNOWN,DRY_RUN_MODE
2026-02-16T09:17:34Z cycle_sleep seconds=900.00
2026-02-16T09:32:34Z cycle_start run_id=20260216T093234Z phase1_pilot=1 run_once=0 loop_sleep_seconds=900.00
2026-02-16T09:33:16Z snapshot_refresh ok listing_rows=10 seller_rows=97
2026-02-16T09:33:39Z phase1 h_cycle daily_intel missing for today; run A016_refresh_phase1_daily_intel.py
2026-02-16T09:33:39Z phase1 h_cycle sku=YC-3L3M-BV48 processed_count=10 processed_skus=4W-VS57-BV6A,6V-EEC1-2S9Z,AX-NKNU-29C1,JB-RGB6-LZOJ,RZ-6ZL9-CZ7J,TJ-6LOP-OPEU,VF-3T0K-DR5O,XH-0LAE-FQO5,XY-UM2X-TPS3,YC-3L3M-BV48 skipped_cooldown_count=0 state=REGAIN write_status=NO_WRITE_REQUIRED ceiling=109.45 reason_codes=FEATURED_NOT_OURS_REGAIN,STEP_REGAIN_TO_RIVAL,BINDING_CEILING_MANUAL_CAP,DVE_DISABLED_FEATURED_WINNER_DELIVERY_UNKNOWN,DRY_RUN_MODE
2026-02-16T09:33:39Z cycle_sleep seconds=900.00
2026-02-16T09:48:39Z cycle_start run_id=20260216T094839Z phase1_pilot=1 run_once=0 loop_sleep_seconds=900.00
2026-02-16T09:49:21Z snapshot_refresh ok listing_rows=10 seller_rows=97
2026-02-16T09:49:44Z phase1 h_cycle daily_intel missing for today; run A016_refresh_phase1_daily_intel.py
2026-02-16T09:49:44Z phase1 h_cycle sku=YC-3L3M-BV48 processed_count=10 processed_skus=4W-VS57-BV6A,6V-EEC1-2S9Z,AX-NKNU-29C1,JB-RGB6-LZOJ,RZ-6ZL9-CZ7J,TJ-6LOP-OPEU,VF-3T0K-DR5O,XH-0LAE-FQO5,XY-UM2X-TPS3,YC-3L3M-BV48 skipped_cooldown_count=0 state=REGAIN write_status=NO_WRITE_REQUIRED ceiling=109.45 reason_codes=FEATURED_NOT_OURS_REGAIN,STEP_REGAIN_TO_RIVAL,BINDING_CEILING_MANUAL_CAP,DVE_DISABLED_FEATURED_WINNER_DELIVERY_UNKNOWN,DRY_RUN_MODE
2026-02-16T09:49:44Z cycle_sleep seconds=900.00
2026-02-16T10:04:44Z cycle_start run_id=20260216T100444Z phase1_pilot=1 run_once=0 loop_sleep_seconds=900.00
2026-02-16T10:05:24Z snapshot_refresh ok listing_rows=10 seller_rows=97
2026-02-16T10:05:47Z phase1 h_cycle daily_intel missing for today; run A016_refresh_phase1_daily_intel.py
2026-02-16T10:05:47Z phase1 h_cycle sku=YC-3L3M-BV48 processed_count=10 processed_skus=4W-VS57-BV6A,6V-EEC1-2S9Z,AX-NKNU-29C1,JB-RGB6-LZOJ,RZ-6ZL9-CZ7J,TJ-6LOP-OPEU,VF-3T0K-DR5O,XH-0LAE-FQO5,XY-UM2X-TPS3,YC-3L3M-BV48 skipped_cooldown_count=0 state=REGAIN write_status=NO_WRITE_REQUIRED ceiling=109.45 reason_codes=FEATURED_NOT_OURS_REGAIN,STEP_REGAIN_TO_RIVAL,BINDING_CEILING_MANUAL_CAP,DVE_DISABLED_FEATURED_WINNER_DELIVERY_UNKNOWN,DRY_RUN_MODE
2026-02-16T10:05:47Z cycle_sleep seconds=900.00
2026-02-16T10:20:47Z cycle_start run_id=20260216T102047Z phase1_pilot=1 run_once=0 loop_sleep_seconds=900.00
2026-02-16T10:21:34Z snapshot_refresh ok listing_rows=10 seller_rows=97
2026-02-16T10:21:57Z phase1 h_cycle daily_intel missing for today; run A016_refresh_phase1_daily_intel.py
2026-02-16T10:21:57Z phase1 h_cycle sku=YC-3L3M-BV48 processed_count=10 processed_skus=4W-VS57-BV6A,6V-EEC1-2S9Z,AX-NKNU-29C1,JB-RGB6-LZOJ,RZ-6ZL9-CZ7J,TJ-6LOP-OPEU,VF-3T0K-DR5O,XH-0LAE-FQO5,XY-UM2X-TPS3,YC-3L3M-BV48 skipped_cooldown_count=0 state=REGAIN write_status=NO_WRITE_REQUIRED ceiling=109.45 reason_codes=FEATURED_NOT_OURS_REGAIN,STEP_REGAIN_TO_RIVAL,BINDING_CEILING_MANUAL_CAP,DVE_DISABLED_FEATURED_WINNER_DELIVERY_UNKNOWN,DRY_RUN_MODE
2026-02-16T10:21:57Z cycle_sleep seconds=900.00
2026-02-16T10:36:57Z cycle_start run_id=20260216T103657Z phase1_pilot=1 run_once=0 loop_sleep_seconds=900.00
2026-02-16T10:37:39Z snapshot_refresh ok listing_rows=10 seller_rows=97
2026-02-16T10:38:03Z phase1 h_cycle daily_intel missing for today; run A016_refresh_phase1_daily_intel.py
2026-02-16T10:38:03Z phase1 h_cycle sku=YC-3L3M-BV48 processed_count=10 processed_skus=4W-VS57-BV6A,6V-EEC1-2S9Z,AX-NKNU-29C1,JB-RGB6-LZOJ,RZ-6ZL9-CZ7J,TJ-6LOP-OPEU,VF-3T0K-DR5O,XH-0LAE-FQO5,XY-UM2X-TPS3,YC-3L3M-BV48 skipped_cooldown_count=0 state=REGAIN write_status=NO_WRITE_REQUIRED ceiling=109.45 reason_codes=FEATURED_NOT_OURS_REGAIN,STEP_REGAIN_TO_RIVAL,BINDING_CEILING_MANUAL_CAP,DVE_DISABLED_FEATURED_WINNER_DELIVERY_UNKNOWN,DRY_RUN_MODE
2026-02-16T10:38:03Z cycle_sleep seconds=900.00
2026-02-16T10:53:03Z cycle_start run_id=20260216T105303Z phase1_pilot=1 run_once=0 loop_sleep_seconds=900.00
2026-02-16T10:53:52Z snapshot_refresh ok listing_rows=10 seller_rows=97
2026-02-16T10:54:15Z phase1 h_cycle daily_intel missing for today; run A016_refresh_phase1_daily_intel.py
2026-02-16T10:54:15Z phase1 h_cycle sku=YC-3L3M-BV48 processed_count=10 processed_skus=4W-VS57-BV6A,6V-EEC1-2S9Z,AX-NKNU-29C1,JB-RGB6-LZOJ,RZ-6ZL9-CZ7J,TJ-6LOP-OPEU,VF-3T0K-DR5O,XH-0LAE-FQO5,XY-UM2X-TPS3,YC-3L3M-BV48 skipped_cooldown_count=0 state=REGAIN write_status=NO_WRITE_REQUIRED ceiling=109.45 reason_codes=FEATURED_NOT_OURS_REGAIN,STEP_REGAIN_TO_RIVAL,BINDING_CEILING_MANUAL_CAP,DVE_DISABLED_FEATURED_WINNER_DELIVERY_UNKNOWN,DRY_RUN_MODE
2026-02-16T10:54:15Z cycle_sleep seconds=900.00
2026-02-16T11:09:15Z cycle_start run_id=20260216T110915Z phase1_pilot=1 run_once=0 loop_sleep_seconds=900.00
2026-02-16T11:10:04Z snapshot_refresh ok listing_rows=10 seller_rows=97
2026-02-16T11:10:27Z phase1 h_cycle daily_intel missing for today; run A016_refresh_phase1_daily_intel.py
2026-02-16T11:10:27Z phase1 h_cycle sku=YC-3L3M-BV48 processed_count=10 processed_skus=4W-VS57-BV6A,6V-EEC1-2S9Z,AX-NKNU-29C1,JB-RGB6-LZOJ,RZ-6ZL9-CZ7J,TJ-6LOP-OPEU,VF-3T0K-DR5O,XH-0LAE-FQO5,XY-UM2X-TPS3,YC-3L3M-BV48 skipped_cooldown_count=0 state=REGAIN write_status=NO_WRITE_REQUIRED ceiling=109.45 reason_codes=FEATURED_NOT_OURS_REGAIN,STEP_REGAIN_TO_RIVAL,BINDING_CEILING_MANUAL_CAP,DVE_DISABLED_FEATURED_WINNER_DELIVERY_UNKNOWN,DRY_RUN_MODE
2026-02-16T11:10:27Z cycle_sleep seconds=900.00
2026-02-16T11:25:27Z cycle_start run_id=20260216T112527Z phase1_pilot=1 run_once=0 loop_sleep_seconds=900.00
2026-02-16T11:26:15Z snapshot_refresh ok listing_rows=10 seller_rows=97
2026-02-16T11:26:39Z phase1 h_cycle daily_intel missing for today; run A016_refresh_phase1_daily_intel.py
2026-02-16T11:26:39Z phase1 h_cycle sku=YC-3L3M-BV48 processed_count=10 processed_skus=4W-VS57-BV6A,6V-EEC1-2S9Z,AX-NKNU-29C1,JB-RGB6-LZOJ,RZ-6ZL9-CZ7J,TJ-6LOP-OPEU,VF-3T0K-DR5O,XH-0LAE-FQO5,XY-UM2X-TPS3,YC-3L3M-BV48 skipped_cooldown_count=0 state=REGAIN write_status=NO_WRITE_REQUIRED ceiling=109.45 reason_codes=FEATURED_NOT_OURS_REGAIN,STEP_REGAIN_TO_RIVAL,BINDING_CEILING_MANUAL_CAP,DVE_DISABLED_FEATURED_WINNER_DELIVERY_UNKNOWN,DRY_RUN_MODE
2026-02-16T11:26:39Z cycle_sleep seconds=900.00
2026-02-16T11:41:39Z cycle_start run_id=20260216T114139Z phase1_pilot=1 run_once=0 loop_sleep_seconds=900.00
2026-02-16T11:42:23Z snapshot_refresh ok listing_rows=10 seller_rows=97
2026-02-16T11:42:47Z phase1 h_cycle daily_intel missing for today; run A016_refresh_phase1_daily_intel.py
2026-02-16T11:42:47Z phase1 h_cycle sku=YC-3L3M-BV48 processed_count=10 processed_skus=4W-VS57-BV6A,6V-EEC1-2S9Z,AX-NKNU-29C1,JB-RGB6-LZOJ,RZ-6ZL9-CZ7J,TJ-6LOP-OPEU,VF-3T0K-DR5O,XH-0LAE-FQO5,XY-UM2X-TPS3,YC-3L3M-BV48 skipped_cooldown_count=0 state=REGAIN write_status=NO_WRITE_REQUIRED ceiling=109.45 reason_codes=FEATURED_NOT_OURS_REGAIN,STEP_REGAIN_TO_RIVAL,BINDING_CEILING_MANUAL_CAP,DVE_DISABLED_FEATURED_WINNER_DELIVERY_UNKNOWN,DRY_RUN_MODE
2026-02-16T11:42:47Z cycle_sleep seconds=900.00
2026-02-16T11:57:47Z cycle_start run_id=20260216T115747Z phase1_pilot=1 run_once=0 loop_sleep_seconds=900.00
2026-02-16T11:58:30Z snapshot_refresh ok listing_rows=10 seller_rows=97
2026-02-16T11:58:53Z phase1 h_cycle daily_intel missing for today; run A016_refresh_phase1_daily_intel.py
2026-02-16T11:58:53Z phase1 h_cycle sku=YC-3L3M-BV48 processed_count=10 processed_skus=4W-VS57-BV6A,6V-EEC1-2S9Z,AX-NKNU-29C1,JB-RGB6-LZOJ,RZ-6ZL9-CZ7J,TJ-6LOP-OPEU,VF-3T0K-DR5O,XH-0LAE-FQO5,XY-UM2X-TPS3,YC-3L3M-BV48 skipped_cooldown_count=0 state=REGAIN write_status=DRY_RUN_NO_WRITE ceiling=109.45 reason_codes=FEATURED_NOT_OURS_REGAIN,STEP_REGAIN_TO_RIVAL,BINDING_CEILING_MANUAL_CAP,DVE_DISABLED_FEATURED_WINNER_DELIVERY_UNKNOWN,DRY_RUN_MODE,DRY_RUN_MODE_NO_WRITE
2026-02-16T11:58:53Z cycle_sleep seconds=900.00
2026-02-16T12:13:54Z cycle_start run_id=20260216T121354Z phase1_pilot=1 run_once=0 loop_sleep_seconds=900.00
2026-02-16T12:14:34Z snapshot_refresh ok listing_rows=10 seller_rows=97
2026-02-16T12:14:35Z phase1 h_cycle sku= processed_count=0 processed_skus= skipped_cooldown_count=10 state=NO_SKU_DUE write_status=NO_SKU_DUE_COOLDOWN ceiling= reason_codes=NO_SKU_DUE_COOLDOWN
2026-02-16T12:14:35Z cycle_sleep seconds=900.00
2026-02-16T12:29:35Z cycle_start run_id=20260216T122935Z phase1_pilot=1 run_once=0 loop_sleep_seconds=900.00
2026-02-16T12:30:16Z snapshot_refresh ok listing_rows=10 seller_rows=97
2026-02-16T12:30:18Z phase1 h_cycle sku= processed_count=0 processed_skus= skipped_cooldown_count=10 state=NO_SKU_DUE write_status=NO_SKU_DUE_COOLDOWN ceiling= reason_codes=NO_SKU_DUE_COOLDOWN
2026-02-16T12:30:18Z cycle_sleep seconds=900.00
2026-02-16T12:45:18Z cycle_start run_id=20260216T124518Z phase1_pilot=1 run_once=0 loop_sleep_seconds=900.00
2026-02-16T12:46:09Z snapshot_refresh ok listing_rows=10 seller_rows=97
2026-02-16T12:46:10Z phase1 h_cycle sku= processed_count=0 processed_skus= skipped_cooldown_count=10 state=NO_SKU_DUE write_status=NO_SKU_DUE_COOLDOWN ceiling= reason_codes=NO_SKU_DUE_COOLDOWN
2026-02-16T12:46:10Z cycle_sleep seconds=900.00
2026-02-16T13:01:10Z cycle_start run_id=20260216T130110Z phase1_pilot=1 run_once=0 loop_sleep_seconds=900.00
2026-02-16T13:01:57Z snapshot_refresh ok listing_rows=10 seller_rows=97
2026-02-16T13:01:59Z phase1 h_cycle sku= processed_count=0 processed_skus= skipped_cooldown_count=10 state=NO_SKU_DUE write_status=NO_SKU_DUE_COOLDOWN ceiling= reason_codes=NO_SKU_DUE_COOLDOWN
2026-02-16T13:01:59Z cycle_sleep seconds=900.00
2026-02-16T13:16:59Z cycle_start run_id=20260216T131659Z phase1_pilot=1 run_once=0 loop_sleep_seconds=900.00
2026-02-16T13:17:42Z snapshot_refresh ok listing_rows=10 seller_rows=97
2026-02-16T13:17:44Z phase1 h_cycle sku= processed_count=0 processed_skus= skipped_cooldown_count=10 state=NO_SKU_DUE write_status=NO_SKU_DUE_COOLDOWN ceiling= reason_codes=NO_SKU_DUE_COOLDOWN
2026-02-16T13:17:44Z cycle_sleep seconds=900.00
2026-02-16T13:32:44Z cycle_start run_id=20260216T133244Z phase1_pilot=1 run_once=0 loop_sleep_seconds=900.00
2026-02-16T13:33:28Z snapshot_refresh ok listing_rows=10 seller_rows=97
2026-02-16T13:33:29Z phase1 h_cycle sku= processed_count=0 processed_skus= skipped_cooldown_count=11 state=NO_SKU_DUE write_status=NO_SKU_DUE_COOLDOWN ceiling= reason_codes=NO_SKU_DUE_COOLDOWN
2026-02-16T13:33:29Z cycle_sleep seconds=900.00
2026-02-16T13:48:29Z cycle_start run_id=20260216T134829Z phase1_pilot=1 run_once=0 loop_sleep_seconds=900.00
2026-02-16T13:49:18Z snapshot_refresh ok listing_rows=11 seller_rows=104
2026-02-16T13:49:19Z phase1 h_cycle sku= processed_count=0 processed_skus= skipped_cooldown_count=11 state=NO_SKU_DUE write_status=NO_SKU_DUE_COOLDOWN ceiling= reason_codes=NO_SKU_DUE_COOLDOWN
2026-02-16T13:49:19Z cycle_sleep seconds=900.00
2026-02-16T14:04:19Z cycle_start run_id=20260216T140419Z phase1_pilot=1 run_once=0 loop_sleep_seconds=900.00
2026-02-16T14:05:13Z snapshot_refresh ok listing_rows=11 seller_rows=104
2026-02-16T14:05:15Z phase1 h_cycle sku= processed_count=0 processed_skus= skipped_cooldown_count=11 state=NO_SKU_DUE write_status=NO_SKU_DUE_COOLDOWN ceiling= reason_codes=NO_SKU_DUE_COOLDOWN
2026-02-16T14:05:15Z cycle_sleep seconds=900.00
2026-02-16T14:20:15Z cycle_start run_id=20260216T142015Z phase1_pilot=1 run_once=0 loop_sleep_seconds=900.00
2026-02-16T14:21:03Z snapshot_refresh ok listing_rows=11 seller_rows=104
2026-02-16T14:21:29Z phase1 h_cycle daily_intel missing for today; run A016_refresh_phase1_daily_intel.py
2026-02-16T14:21:29Z phase1 h_cycle sku=YC-3L3M-BV48 processed_count=11 processed_skus=4W-VS57-BV6A,6V-EEC1-2S9Z,AX-NKNU-29C1,JB-RGB6-LZOJ,RZ-6ZL9-CZ7J,TJ-6LOP-OPEU,VF-3T0K-DR5O,XE-YPAI-HX9F,XH-0LAE-FQO5,XY-UM2X-TPS3,YC-3L3M-BV48 skipped_cooldown_count=0 state=REGAIN write_status=NO_WRITE_REQUIRED ceiling=109.45 reason_codes=FEATURED_NOT_OURS_REGAIN,STEP_REGAIN_TO_RIVAL,BINDING_CEILING_MANUAL_CAP,DVE_DISABLED_FEATURED_WINNER_DELIVERY_UNKNOWN,DRY_RUN_MODE
2026-02-16T14:21:29Z cycle_sleep seconds=900.00
2026-02-16T14:36:29Z cycle_start run_id=20260216T143629Z phase1_pilot=1 run_once=0 loop_sleep_seconds=900.00
2026-02-16T14:37:16Z snapshot_refresh ok listing_rows=11 seller_rows=104
2026-02-16T14:37:41Z phase1 h_cycle daily_intel missing for today; run A016_refresh_phase1_daily_intel.py
2026-02-16T14:37:41Z phase1 h_cycle sku=YC-3L3M-BV48 processed_count=11 processed_skus=4W-VS57-BV6A,6V-EEC1-2S9Z,AX-NKNU-29C1,JB-RGB6-LZOJ,RZ-6ZL9-CZ7J,TJ-6LOP-OPEU,VF-3T0K-DR5O,XE-YPAI-HX9F,XH-0LAE-FQO5,XY-UM2X-TPS3,YC-3L3M-BV48 skipped_cooldown_count=0 state=REGAIN write_status=NO_WRITE_REQUIRED ceiling=109.45 reason_codes=FEATURED_NOT_OURS_REGAIN,STEP_REGAIN_TO_RIVAL,BINDING_CEILING_MANUAL_CAP,DVE_DISABLED_FEATURED_WINNER_DELIVERY_UNKNOWN,DRY_RUN_MODE
2026-02-16T14:37:41Z cycle_sleep seconds=900.00
2026-02-16T14:52:41Z cycle_start run_id=20260216T145241Z phase1_pilot=1 run_once=0 loop_sleep_seconds=900.00
2026-02-16T14:53:29Z snapshot_refresh ok listing_rows=11 seller_rows=105
2026-02-16T14:53:31Z phase1 h_cycle sku= processed_count=0 processed_skus= skipped_cooldown_count=11 state=NO_SKU_DUE write_status=NO_SKU_DUE_COOLDOWN ceiling= reason_codes=NO_SKU_DUE_COOLDOWN
2026-02-16T14:53:31Z cycle_sleep seconds=900.00
2026-02-16T15:08:31Z cycle_start run_id=20260216T150831Z phase1_pilot=1 run_once=0 loop_sleep_seconds=900.00
2026-02-16T15:09:19Z snapshot_refresh ok listing_rows=11 seller_rows=105
2026-02-16T15:09:20Z phase1 h_cycle sku= processed_count=0 processed_skus= skipped_cooldown_count=11 state=NO_SKU_DUE write_status=NO_SKU_DUE_COOLDOWN ceiling= reason_codes=NO_SKU_DUE_COOLDOWN
2026-02-16T15:09:21Z cycle_sleep seconds=900.00
2026-02-16T15:24:21Z cycle_start run_id=20260216T152421Z phase1_pilot=1 run_once=0 loop_sleep_seconds=900.00
2026-02-16T15:25:15Z snapshot_refresh ok listing_rows=11 seller_rows=106
2026-02-16T15:25:17Z phase1 h_cycle sku= processed_count=0 processed_skus= skipped_cooldown_count=11 state=NO_SKU_DUE write_status=NO_SKU_DUE_COOLDOWN ceiling= reason_codes=NO_SKU_DUE_COOLDOWN
2026-02-16T15:25:17Z cycle_sleep seconds=900.00
2026-02-16T15:40:17Z cycle_start run_id=20260216T154017Z phase1_pilot=1 run_once=0 loop_sleep_seconds=900.00
2026-02-16T15:41:02Z snapshot_refresh ok listing_rows=11 seller_rows=106
2026-02-16T15:41:04Z phase1 h_cycle sku= processed_count=0 processed_skus= skipped_cooldown_count=11 state=NO_SKU_DUE write_status=NO_SKU_DUE_COOLDOWN ceiling= reason_codes=NO_SKU_DUE_COOLDOWN
2026-02-16T15:41:04Z cycle_sleep seconds=900.00
2026-02-16T15:56:04Z cycle_start run_id=20260216T155604Z phase1_pilot=1 run_once=0 loop_sleep_seconds=900.00
2026-02-16T15:56:55Z snapshot_refresh ok listing_rows=11 seller_rows=105
2026-02-16T15:56:56Z phase1 h_cycle sku= processed_count=0 processed_skus= skipped_cooldown_count=11 state=NO_SKU_DUE write_status=NO_SKU_DUE_COOLDOWN ceiling= reason_codes=NO_SKU_DUE_COOLDOWN
2026-02-16T15:56:56Z cycle_sleep seconds=900.00
2026-02-16T16:03:56Z cycle_start run_id=20260216T160356Z phase1_pilot=0 run_once=1 loop_sleep_seconds=30.00
2026-02-16T16:04:49Z snapshot_refresh ok listing_rows=12 seller_rows=111
2026-02-16T16:04:49Z head cadence run complete
2026-02-16T16:04:49Z supervisor cadence run complete
2026-02-16T16:04:51Z executioner sku=L1-54EX-56YC probe_type=learn_down before=14.30 target=14.20 live_write_attempted=0 live_write_success=0 http_status=
2026-02-16T16:04:51Z run_once enabled - exiting after one loop
2026-02-16T16:11:56Z cycle_start run_id=20260216T161156Z phase1_pilot=1 run_once=0 loop_sleep_seconds=900.00
2026-02-16T16:11:59Z cycle_start run_id=20260216T161159Z phase1_pilot=0 run_once=1 loop_sleep_seconds=30.00
2026-02-16T16:12:54Z snapshot_refresh ok listing_rows=12 seller_rows=111
2026-02-16T16:12:56Z phase1 h_cycle sku= processed_count=0 processed_skus= skipped_cooldown_count=11 state=NO_SKU_DUE write_status=NO_SKU_DUE_COOLDOWN ceiling= reason_codes=NO_SKU_DUE_COOLDOWN
2026-02-16T16:12:56Z cycle_sleep seconds=900.00
2026-02-16T16:13:01Z snapshot_refresh ok listing_rows=12 seller_rows=111
2026-02-16T16:13:02Z executioner sku=L1-54EX-56YC probe_type=hold before=14.30 target=14.30 live_write_attempted=0 live_write_success=0 http_status=
2026-02-16T16:13:02Z run_once enabled - exiting after one loop
2026-02-16T16:20:58Z cycle_start run_id=20260216T162058Z phase1_pilot=0 run_once=1 loop_sleep_seconds=30.00
2026-02-16T16:21:55Z snapshot_refresh ok listing_rows=12 seller_rows=111
2026-02-16T16:21:57Z executioner sku=L1-54EX-56YC probe_type=hold before=14.30 target=14.30 live_write_attempted=0 live_write_success=0 http_status=
2026-02-16T16:21:57Z run_once enabled - exiting after one loop
2026-02-16T16:24:04Z cycle_start run_id=20260216T162404Z phase1_pilot=0 run_once=1 loop_sleep_seconds=30.00
2026-02-16T16:24:04Z run_once enabled - exiting after one loop
2026-02-16T16:24:17Z cycle_start run_id=20260216T162417Z phase1_pilot=0 run_once=1 loop_sleep_seconds=30.00
2026-02-16T16:25:18Z snapshot_refresh ok listing_rows=12 seller_rows=111
2026-02-16T16:25:20Z executioner sku=L1-54EX-56YC probe_type=hold before=14.30 target=14.30 live_write_attempted=0 live_write_success=0 http_status=
2026-02-16T16:25:20Z run_once enabled - exiting after one loop
2026-02-16T16:27:56Z cycle_start run_id=20260216T162756Z phase1_pilot=1 run_once=0 loop_sleep_seconds=900.00
2026-02-16T16:28:56Z snapshot_refresh ok listing_rows=12 seller_rows=111
2026-02-16T16:28:58Z phase1 h_cycle sku= processed_count=0 processed_skus= skipped_cooldown_count=11 state=NO_SKU_DUE write_status=NO_SKU_DUE_COOLDOWN ceiling= reason_codes=NO_SKU_DUE_COOLDOWN
2026-02-16T16:28:58Z cycle_sleep seconds=900.00
2026-02-16T16:30:59Z cycle_start run_id=20260216T163059Z phase1_pilot=0 run_once=1 loop_sleep_seconds=30.00
2026-02-16T16:32:01Z snapshot_refresh ok listing_rows=12 seller_rows=110
2026-02-16T16:32:03Z executioner sku=L1-54EX-56YC probe_type=hold before=14.30 target=14.30 live_write_attempted=0 live_write_success=0 http_status=
2026-02-16T16:32:03Z run_once enabled - exiting after one loop
2026-02-16T16:36:03Z cycle_start run_id=20260216T163603Z phase1_pilot=0 run_once=1 loop_sleep_seconds=30.00
2026-02-16T16:36:55Z snapshot_refresh ok listing_rows=12 seller_rows=110
2026-02-16T16:36:57Z executioner sku=L1-54EX-56YC probe_type=hold before=14.30 target=14.30 live_write_attempted=0 live_write_success=0 http_status=
2026-02-16T16:36:57Z run_once enabled - exiting after one loop
2026-02-16T16:41:43Z cycle_start run_id=20260216T164143Z phase1_pilot=0 run_once=1 loop_sleep_seconds=30.00
2026-02-16T16:42:41Z snapshot_refresh ok listing_rows=12 seller_rows=110
2026-02-16T16:42:43Z executioner sku=L1-54EX-56YC probe_type=learn_down before=14.30 target=14.20 live_write_attempted=0 live_write_success=0 http_status=
2026-02-16T16:42:43Z run_once enabled - exiting after one loop
2026-02-16T16:43:58Z cycle_start run_id=20260216T164358Z phase1_pilot=1 run_once=0 loop_sleep_seconds=900.00
2026-02-16T16:44:48Z snapshot_refresh ok listing_rows=12 seller_rows=110
2026-02-16T16:45:14Z phase1 h_cycle daily_intel missing for today; run A016_refresh_phase1_daily_intel.py
2026-02-16T16:45:14Z phase1 h_cycle sku=YC-3L3M-BV48 processed_count=11 processed_skus=4W-VS57-BV6A,6V-EEC1-2S9Z,AX-NKNU-29C1,JB-RGB6-LZOJ,RZ-6ZL9-CZ7J,TJ-6LOP-OPEU,VF-3T0K-DR5O,XE-YPAI-HX9F,XH-0LAE-FQO5,XY-UM2X-TPS3,YC-3L3M-BV48 skipped_cooldown_count=0 state=REGAIN write_status=NO_WRITE_REQUIRED ceiling=109.45 reason_codes=FEATURED_NOT_OURS_REGAIN,STEP_REGAIN_TO_RIVAL,BINDING_CEILING_MANUAL_CAP,DVE_DISABLED_FEATURED_WINNER_DELIVERY_UNKNOWN,DRY_RUN_MODE
2026-02-16T16:45:14Z cycle_sleep seconds=900.00
2026-02-16T16:49:52Z cycle_start run_id=20260216T164952Z phase1_pilot=0 run_once=1 loop_sleep_seconds=30.00
2026-02-16T16:50:57Z snapshot_refresh ok listing_rows=12 seller_rows=110
2026-02-16T16:50:59Z executioner sku=L1-54EX-56YC probe_type=match before=14.30 target=13.70 live_write_attempted=0 live_write_success=0 http_status=
2026-02-16T16:50:59Z run_once enabled - exiting after one loop
2026-02-16T17:00:14Z cycle_start run_id=20260216T170014Z phase1_pilot=1 run_once=0 loop_sleep_seconds=900.00
2026-02-16T17:01:06Z snapshot_refresh ok listing_rows=12 seller_rows=110
2026-02-16T17:01:32Z phase1 h_cycle daily_intel missing for today; run A016_refresh_phase1_daily_intel.py
2026-02-16T17:01:32Z phase1 h_cycle sku=YC-3L3M-BV48 processed_count=11 processed_skus=4W-VS57-BV6A,6V-EEC1-2S9Z,AX-NKNU-29C1,JB-RGB6-LZOJ,RZ-6ZL9-CZ7J,TJ-6LOP-OPEU,VF-3T0K-DR5O,XE-YPAI-HX9F,XH-0LAE-FQO5,XY-UM2X-TPS3,YC-3L3M-BV48 skipped_cooldown_count=0 state=REGAIN write_status=NO_WRITE_REQUIRED ceiling=109.45 reason_codes=FEATURED_NOT_OURS_REGAIN,STEP_REGAIN_TO_RIVAL,BINDING_CEILING_MANUAL_CAP,DVE_DISABLED_FEATURED_WINNER_DELIVERY_UNKNOWN,DRY_RUN_MODE
2026-02-16T17:01:32Z cycle_sleep seconds=900.00
2026-02-16T17:02:39Z cycle_start run_id=20260216T170239Z phase1_pilot=0 run_once=0 loop_sleep_seconds=30.00
2026-02-16T17:02:40Z cycle_sleep seconds=30.00 due_head=0 due_supervisor=0 due_executioner=0
2026-02-16T17:03:10Z cycle_start run_id=20260216T170310Z phase1_pilot=0 run_once=0 loop_sleep_seconds=30.00
2026-02-16T17:03:10Z cycle_sleep seconds=30.00 due_head=0 due_supervisor=0 due_executioner=0
2026-02-16T17:13:17Z cycle_start run_id=20260216T171317Z phase1_pilot=1 run_once=0 loop_sleep_seconds=900.00
2026-02-16T17:14:05Z snapshot_refresh ok listing_rows=12 seller_rows=110
2026-02-16T17:14:09Z phase1 h_cycle daily_intel missing for today; run A016_refresh_phase1_daily_intel.py
2026-02-16T17:14:09Z phase1 h_cycle sku=L1-54EX-56YC processed_count=1 processed_skus=L1-54EX-56YC skipped_cooldown_count=0 state=REGAIN write_status=WRITE_NOT_APPLIED ceiling=17.99 reason_codes=FEATURED_NOT_OURS_REGAIN,STEP_REGAIN_TO_RIVAL,BINDING_CEILING_MANUAL_CAP,DVE_DISABLED_FEATURED_WINNER_DELIVERY_UNKNOWN
2026-02-16T17:14:09Z cycle_sleep seconds=900.00
2026-02-16T17:29:09Z cycle_start run_id=20260216T172909Z phase1_pilot=1 run_once=0 loop_sleep_seconds=900.00
2026-02-16T17:30:03Z snapshot_refresh ok listing_rows=12 seller_rows=110
2026-02-16T17:30:05Z phase1 h_cycle daily_intel missing for today; run A016_refresh_phase1_daily_intel.py
2026-02-16T17:30:05Z phase1 h_cycle sku=L1-54EX-56YC processed_count=1 processed_skus=L1-54EX-56YC skipped_cooldown_count=0 state=REGAIN write_status=NO_WRITE_REQUIRED ceiling=17.99 reason_codes=FEATURED_NOT_OURS_REGAIN,STEP_REGAIN_TO_RIVAL,BINDING_CEILING_MANUAL_CAP,DVE_DISABLED_FEATURED_WINNER_DELIVERY_UNKNOWN
2026-02-16T17:30:05Z cycle_sleep seconds=900.00
2026-02-16T17:45:05Z cycle_start run_id=20260216T174505Z phase1_pilot=1 run_once=0 loop_sleep_seconds=900.00
2026-02-16T17:45:58Z snapshot_refresh ok listing_rows=12 seller_rows=110
2026-02-16T17:46:02Z phase1 h_cycle daily_intel missing for today; run A016_refresh_phase1_daily_intel.py
2026-02-16T17:46:02Z phase1 h_cycle sku=L1-54EX-56YC processed_count=1 processed_skus=L1-54EX-56YC skipped_cooldown_count=0 state=REGAIN write_status=WRITE_NOT_APPLIED ceiling=17.99 reason_codes=FEATURED_NOT_OURS_REGAIN,STEP_REGAIN_TO_RIVAL,BINDING_CEILING_MANUAL_CAP,DVE_DISABLED_FEATURED_WINNER_DELIVERY_UNKNOWN
2026-02-16T17:46:02Z cycle_sleep seconds=900.00
2026-02-16T18:01:02Z cycle_start run_id=20260216T180102Z phase1_pilot=1 run_once=0 loop_sleep_seconds=900.00
2026-02-16T18:01:52Z snapshot_refresh ok listing_rows=12 seller_rows=110
2026-02-16T18:01:56Z phase1 h_cycle daily_intel missing for today; run A016_refresh_phase1_daily_intel.py
2026-02-16T18:01:56Z phase1 h_cycle sku=L1-54EX-56YC processed_count=1 processed_skus=L1-54EX-56YC skipped_cooldown_count=0 state=REGAIN write_status=WRITE_NOT_APPLIED ceiling=17.99 reason_codes=FEATURED_NOT_OURS_REGAIN,STEP_REGAIN_TO_RIVAL,BINDING_CEILING_MANUAL_CAP,DVE_DISABLED_FEATURED_WINNER_DELIVERY_UNKNOWN
2026-02-16T18:01:56Z cycle_sleep seconds=900.00
2026-02-16T18:16:56Z cycle_start run_id=20260216T181656Z phase1_pilot=1 run_once=0 loop_sleep_seconds=900.00
2026-02-16T18:17:45Z snapshot_refresh ok listing_rows=12 seller_rows=110
2026-02-16T18:17:47Z phase1 h_cycle daily_intel missing for today; run A016_refresh_phase1_daily_intel.py
2026-02-16T18:17:47Z phase1 h_cycle sku=L1-54EX-56YC processed_count=1 processed_skus=L1-54EX-56YC skipped_cooldown_count=0 state=REGAIN write_status=NO_WRITE_REQUIRED ceiling=17.99 reason_codes=FEATURED_NOT_OURS_REGAIN,STEP_REGAIN_TO_RIVAL,BINDING_CEILING_MANUAL_CAP,DVE_DISABLED_FEATURED_WINNER_DELIVERY_UNKNOWN
2026-02-16T18:17:47Z cycle_sleep seconds=900.00
2026-02-16T18:32:47Z cycle_start run_id=20260216T183247Z phase1_pilot=1 run_once=0 loop_sleep_seconds=900.00
2026-02-16T18:33:37Z snapshot_refresh ok listing_rows=12 seller_rows=110
2026-02-16T18:33:40Z phase1 h_cycle daily_intel missing for today; run A016_refresh_phase1_daily_intel.py
2026-02-16T18:33:40Z phase1 h_cycle sku=L1-54EX-56YC processed_count=1 processed_skus=L1-54EX-56YC skipped_cooldown_count=0 state=RAISE_FIND_LOSS write_status=WRITE_NOT_APPLIED ceiling=17.99 reason_codes=MISSING_BOUND_RAISE_FIND_LOSS,STEP_RAISE_FIND_LOSS_UP,BINDING_CEILING_MANUAL_CAP,DVE_DISABLED_FEATURED_WINNER_DELIVERY_UNKNOWN
2026-02-16T18:33:40Z cycle_sleep seconds=900.00
2026-02-16T18:48:40Z cycle_start run_id=20260216T184840Z phase1_pilot=1 run_once=0 loop_sleep_seconds=900.00
2026-02-16T18:49:29Z snapshot_refresh ok listing_rows=12 seller_rows=110
2026-02-16T18:49:33Z phase1 h_cycle daily_intel missing for today; run A016_refresh_phase1_daily_intel.py
2026-02-16T18:49:33Z phase1 h_cycle sku=L1-54EX-56YC processed_count=1 processed_skus=L1-54EX-56YC skipped_cooldown_count=0 state=REGAIN write_status=WRITE_NOT_APPLIED ceiling=17.99 reason_codes=FEATURED_NOT_OURS_REGAIN,STEP_REGAIN_TO_RIVAL,BINDING_CEILING_MANUAL_CAP,DVE_DISABLED_FEATURED_WINNER_DELIVERY_UNKNOWN
2026-02-16T18:49:33Z cycle_sleep seconds=900.00
2026-02-16T19:04:33Z cycle_start run_id=20260216T190433Z phase1_pilot=1 run_once=0 loop_sleep_seconds=900.00
2026-02-16T19:05:24Z snapshot_refresh ok listing_rows=12 seller_rows=110
2026-02-16T19:05:26Z phase1 h_cycle daily_intel missing for today; run A016_refresh_phase1_daily_intel.py
2026-02-16T19:05:26Z phase1 h_cycle sku=L1-54EX-56YC processed_count=1 processed_skus=L1-54EX-56YC skipped_cooldown_count=0 state=REGAIN write_status=NO_WRITE_REQUIRED ceiling=17.99 reason_codes=FEATURED_NOT_OURS_REGAIN,STEP_REGAIN_TO_RIVAL,BINDING_CEILING_MANUAL_CAP,DVE_DISABLED_FEATURED_WINNER_DELIVERY_UNKNOWN
2026-02-16T19:05:26Z cycle_sleep seconds=900.00
2026-02-16T19:20:26Z cycle_start run_id=20260216T192026Z phase1_pilot=1 run_once=0 loop_sleep_seconds=900.00
2026-02-16T19:21:20Z snapshot_refresh ok listing_rows=12 seller_rows=110
2026-02-16T19:21:22Z phase1 h_cycle daily_intel missing for today; run A016_refresh_phase1_daily_intel.py
2026-02-16T19:21:22Z phase1 h_cycle sku=L1-54EX-56YC processed_count=1 processed_skus=L1-54EX-56YC skipped_cooldown_count=0 state=REGAIN write_status=NO_WRITE_REQUIRED ceiling=17.99 reason_codes=FEATURED_NOT_OURS_REGAIN,STEP_REGAIN_TO_RIVAL,BINDING_CEILING_MANUAL_CAP,DVE_DISABLED_FEATURED_WINNER_DELIVERY_UNKNOWN
2026-02-16T19:21:22Z cycle_sleep seconds=900.00
2026-02-16T19:36:22Z cycle_start run_id=20260216T193622Z phase1_pilot=1 run_once=0 loop_sleep_seconds=900.00
2026-02-16T19:37:17Z snapshot_refresh ok listing_rows=12 seller_rows=110
2026-02-16T19:37:21Z phase1 h_cycle daily_intel missing for today; run A016_refresh_phase1_daily_intel.py
2026-02-16T19:37:21Z phase1 h_cycle sku=L1-54EX-56YC processed_count=1 processed_skus=L1-54EX-56YC skipped_cooldown_count=0 state=RAISE_FIND_LOSS write_status=WRITE_NOT_APPLIED ceiling=17.99 reason_codes=MISSING_BOUND_RAISE_FIND_LOSS,STEP_RAISE_FIND_LOSS_UP,BINDING_CEILING_MANUAL_CAP,DVE_DISABLED_FEATURED_WINNER_DELIVERY_UNKNOWN
2026-02-16T19:37:21Z cycle_sleep seconds=900.00
2026-02-16T19:52:21Z cycle_start run_id=20260216T195221Z phase1_pilot=1 run_once=0 loop_sleep_seconds=900.00
2026-02-16T19:53:21Z snapshot_refresh ok listing_rows=12 seller_rows=109
2026-02-16T19:53:25Z phase1 h_cycle daily_intel missing for today; run A016_refresh_phase1_daily_intel.py
2026-02-16T19:53:25Z phase1 h_cycle sku=L1-54EX-56YC processed_count=1 processed_skus=L1-54EX-56YC skipped_cooldown_count=0 state=REGAIN write_status=WRITE_NOT_APPLIED ceiling=17.99 reason_codes=FEATURED_NOT_OURS_REGAIN,STEP_REGAIN_TO_RIVAL,GUARDRAIL_HARD_FLOOR_CLAMP,BINDING_CEILING_MANUAL_CAP,DVE_DISABLED_FEATURED_WINNER_DELIVERY_UNKNOWN
2026-02-16T19:53:25Z cycle_sleep seconds=900.00
2026-02-16T20:08:25Z cycle_start run_id=20260216T200825Z phase1_pilot=1 run_once=0 loop_sleep_seconds=900.00
2026-02-16T20:09:19Z snapshot_refresh ok listing_rows=12 seller_rows=109
2026-02-16T20:09:23Z phase1 h_cycle daily_intel missing for today; run A016_refresh_phase1_daily_intel.py
2026-02-16T20:09:23Z phase1 h_cycle sku=L1-54EX-56YC processed_count=1 processed_skus=L1-54EX-56YC skipped_cooldown_count=0 state=REGAIN write_status=APPLIED ceiling=17.99 reason_codes=FEATURED_NOT_OURS_REGAIN,STEP_REGAIN_TO_RIVAL,GUARDRAIL_HARD_FLOOR_CLAMP,BINDING_CEILING_MANUAL_CAP,DVE_DISABLED_FEATURED_WINNER_DELIVERY_UNKNOWN
2026-02-16T20:09:23Z cycle_sleep seconds=900.00
2026-02-16T20:24:23Z cycle_start run_id=20260216T202423Z phase1_pilot=1 run_once=0 loop_sleep_seconds=900.00
2026-02-16T20:25:14Z snapshot_refresh ok listing_rows=12 seller_rows=111
2026-02-16T20:25:18Z phase1 h_cycle daily_intel missing for today; run A016_refresh_phase1_daily_intel.py
2026-02-16T20:25:18Z phase1 h_cycle sku=L1-54EX-56YC processed_count=1 processed_skus=L1-54EX-56YC skipped_cooldown_count=0 state=REGAIN write_status=APPLIED ceiling=17.99 reason_codes=FEATURED_NOT_OURS_REGAIN,STEP_REGAIN_TO_RIVAL,GUARDRAIL_HARD_FLOOR_CLAMP,BINDING_CEILING_MANUAL_CAP,DVE_DISABLED_FEATURED_WINNER_DELIVERY_UNKNOWN
2026-02-16T20:25:18Z cycle_sleep seconds=900.00
2026-02-16T20:40:18Z cycle_start run_id=20260216T204018Z phase1_pilot=1 run_once=0 loop_sleep_seconds=900.00
2026-02-16T20:41:10Z snapshot_refresh ok listing_rows=12 seller_rows=111
2026-02-16T20:41:14Z phase1 h_cycle daily_intel missing for today; run A016_refresh_phase1_daily_intel.py
2026-02-16T20:41:14Z phase1 h_cycle sku=L1-54EX-56YC processed_count=1 processed_skus=L1-54EX-56YC skipped_cooldown_count=0 state=REGAIN write_status=APPLIED ceiling=17.99 reason_codes=FEATURED_NOT_OURS_REGAIN,STEP_REGAIN_TO_RIVAL,GUARDRAIL_HARD_FLOOR_CLAMP,BINDING_CEILING_MANUAL_CAP,DVE_DISABLED_FEATURED_WINNER_DELIVERY_UNKNOWN
2026-02-16T20:41:14Z cycle_sleep seconds=900.00
2026-02-16T20:56:14Z cycle_start run_id=20260216T205614Z phase1_pilot=1 run_once=0 loop_sleep_seconds=900.00
2026-02-16T20:57:04Z snapshot_refresh ok listing_rows=12 seller_rows=111
2026-02-16T20:57:08Z phase1 h_cycle daily_intel missing for today; run A016_refresh_phase1_daily_intel.py
2026-02-16T20:57:08Z phase1 h_cycle sku=L1-54EX-56YC processed_count=1 processed_skus=L1-54EX-56YC skipped_cooldown_count=0 state=REGAIN write_status=APPLIED ceiling=17.99 reason_codes=FEATURED_NOT_OURS_REGAIN,STEP_REGAIN_TO_RIVAL,GUARDRAIL_HARD_FLOOR_CLAMP,BINDING_CEILING_MANUAL_CAP,DVE_DISABLED_FEATURED_WINNER_DELIVERY_UNKNOWN
2026-02-16T20:57:08Z cycle_sleep seconds=900.00
2026-02-16T21:12:08Z cycle_start run_id=20260216T211208Z phase1_pilot=1 run_once=0 loop_sleep_seconds=900.00
2026-02-16T21:13:06Z snapshot_refresh ok listing_rows=12 seller_rows=111
2026-02-16T21:13:13Z phase1 h_cycle daily_intel missing for today; run A016_refresh_phase1_daily_intel.py
2026-02-16T21:13:13Z phase1 h_cycle sku=L1-54EX-56YC processed_count=1 processed_skus=L1-54EX-56YC skipped_cooldown_count=0 state=REGAIN write_status=APPLIED ceiling=17.99 reason_codes=FEATURED_NOT_OURS_REGAIN,STEP_REGAIN_TO_RIVAL,GUARDRAIL_HARD_FLOOR_CLAMP,BINDING_CEILING_MANUAL_CAP,DVE_DISABLED_FEATURED_WINNER_DELIVERY_UNKNOWN
2026-02-16T21:13:13Z cycle_sleep seconds=900.00
2026-02-16T21:28:13Z cycle_start run_id=20260216T212813Z phase1_pilot=1 run_once=0 loop_sleep_seconds=900.00
2026-02-16T21:29:01Z snapshot_refresh ok listing_rows=12 seller_rows=110
2026-02-16T21:29:05Z phase1 h_cycle daily_intel missing for today; run A016_refresh_phase1_daily_intel.py
2026-02-16T21:29:05Z phase1 h_cycle sku=L1-54EX-56YC processed_count=1 processed_skus=L1-54EX-56YC skipped_cooldown_count=0 state=REGAIN write_status=APPLIED ceiling=17.99 reason_codes=FEATURED_NOT_OURS_REGAIN,STEP_REGAIN_TO_RIVAL,GUARDRAIL_HARD_FLOOR_CLAMP,BINDING_CEILING_MANUAL_CAP,DVE_DISABLED_FEATURED_WINNER_DELIVERY_UNKNOWN
2026-02-16T21:29:05Z cycle_sleep seconds=900.00
2026-02-16T21:44:05Z cycle_start run_id=20260216T214405Z phase1_pilot=1 run_once=0 loop_sleep_seconds=900.00
2026-02-16T21:44:59Z snapshot_refresh ok listing_rows=12 seller_rows=110
2026-02-16T21:45:03Z phase1 h_cycle daily_intel missing for today; run A016_refresh_phase1_daily_intel.py
2026-02-16T21:45:03Z phase1 h_cycle sku=L1-54EX-56YC processed_count=1 processed_skus=L1-54EX-56YC skipped_cooldown_count=0 state=REGAIN write_status=APPLIED ceiling=17.99 reason_codes=FEATURED_NOT_OURS_REGAIN,STEP_REGAIN_TO_RIVAL,GUARDRAIL_HARD_FLOOR_CLAMP,BINDING_CEILING_MANUAL_CAP,DVE_DISABLED_FEATURED_WINNER_DELIVERY_UNKNOWN
2026-02-16T21:45:03Z cycle_sleep seconds=900.00
2026-02-16T22:00:03Z cycle_start run_id=20260216T220003Z phase1_pilot=1 run_once=0 loop_sleep_seconds=900.00
2026-02-16T22:00:52Z snapshot_refresh ok listing_rows=12 seller_rows=110
2026-02-16T22:00:55Z phase1 h_cycle daily_intel missing for today; run A016_refresh_phase1_daily_intel.py
2026-02-16T22:00:55Z phase1 h_cycle sku=L1-54EX-56YC processed_count=1 processed_skus=L1-54EX-56YC skipped_cooldown_count=0 state=REGAIN write_status=APPLIED ceiling=17.99 reason_codes=FEATURED_NOT_OURS_REGAIN,STEP_REGAIN_TO_RIVAL,GUARDRAIL_HARD_FLOOR_CLAMP,BINDING_CEILING_MANUAL_CAP,DVE_DISABLED_FEATURED_WINNER_DELIVERY_UNKNOWN
2026-02-16T22:00:55Z cycle_sleep seconds=900.00
2026-02-16T22:15:55Z cycle_start run_id=20260216T221555Z phase1_pilot=1 run_once=0 loop_sleep_seconds=900.00
2026-02-16T22:16:44Z snapshot_refresh ok listing_rows=12 seller_rows=110
2026-02-16T22:16:48Z phase1 h_cycle daily_intel missing for today; run A016_refresh_phase1_daily_intel.py
2026-02-16T22:16:48Z phase1 h_cycle sku=L1-54EX-56YC processed_count=1 processed_skus=L1-54EX-56YC skipped_cooldown_count=0 state=REGAIN write_status=APPLIED ceiling=17.99 reason_codes=FEATURED_NOT_OURS_REGAIN,STEP_REGAIN_TO_RIVAL,GUARDRAIL_HARD_FLOOR_CLAMP,BINDING_CEILING_MANUAL_CAP,DVE_DISABLED_FEATURED_WINNER_DELIVERY_UNKNOWN
2026-02-16T22:16:48Z cycle_sleep seconds=900.00
2026-02-16T22:31:48Z cycle_start run_id=20260216T223148Z phase1_pilot=1 run_once=0 loop_sleep_seconds=900.00
2026-02-16T22:32:42Z snapshot_refresh ok listing_rows=12 seller_rows=110
2026-02-16T22:32:46Z phase1 h_cycle daily_intel missing for today; run A016_refresh_phase1_daily_intel.py
2026-02-16T22:32:46Z phase1 h_cycle sku=L1-54EX-56YC processed_count=1 processed_skus=L1-54EX-56YC skipped_cooldown_count=0 state=REGAIN write_status=APPLIED ceiling=17.99 reason_codes=FEATURED_NOT_OURS_REGAIN,STEP_REGAIN_TO_RIVAL,GUARDRAIL_HARD_FLOOR_CLAMP,BINDING_CEILING_MANUAL_CAP,DVE_DISABLED_FEATURED_WINNER_DELIVERY_UNKNOWN
2026-02-16T22:32:46Z cycle_sleep seconds=900.00
2026-02-16T22:47:46Z cycle_start run_id=20260216T224746Z phase1_pilot=1 run_once=0 loop_sleep_seconds=900.00
2026-02-16T22:48:37Z snapshot_refresh ok listing_rows=12 seller_rows=110
2026-02-16T22:48:43Z phase1 h_cycle daily_intel missing for today; run A016_refresh_phase1_daily_intel.py
2026-02-16T22:48:43Z phase1 h_cycle sku=L1-54EX-56YC processed_count=1 processed_skus=L1-54EX-56YC skipped_cooldown_count=0 state=REGAIN write_status=APPLIED ceiling=17.99 reason_codes=FEATURED_NOT_OURS_REGAIN,STEP_REGAIN_TO_RIVAL,GUARDRAIL_HARD_FLOOR_CLAMP,BINDING_CEILING_MANUAL_CAP,DVE_DISABLED_FEATURED_WINNER_DELIVERY_UNKNOWN
2026-02-16T22:48:43Z cycle_sleep seconds=900.00
2026-02-16T23:03:43Z cycle_start run_id=20260216T230343Z phase1_pilot=1 run_once=0 loop_sleep_seconds=900.00
2026-02-16T23:04:35Z snapshot_refresh ok listing_rows=12 seller_rows=110
2026-02-16T23:04:39Z phase1 h_cycle daily_intel missing for today; run A016_refresh_phase1_daily_intel.py
2026-02-16T23:04:39Z phase1 h_cycle sku=L1-54EX-56YC processed_count=1 processed_skus=L1-54EX-56YC skipped_cooldown_count=0 state=RAISE_FIND_LOSS write_status=WRITE_NOT_APPLIED ceiling=17.99 reason_codes=MISSING_BOUND_RAISE_FIND_LOSS,STEP_RAISE_FIND_LOSS_UP,BINDING_CEILING_MANUAL_CAP,DVE_DISABLED_FEATURED_WINNER_DELIVERY_UNKNOWN
2026-02-16T23:04:39Z cycle_sleep seconds=900.00
2026-02-16T23:19:39Z cycle_start run_id=20260216T231939Z phase1_pilot=1 run_once=0 loop_sleep_seconds=900.00
2026-02-16T23:20:30Z snapshot_refresh ok listing_rows=12 seller_rows=110
2026-02-16T23:20:34Z phase1 h_cycle daily_intel missing for today; run A016_refresh_phase1_daily_intel.py
2026-02-16T23:20:34Z phase1 h_cycle sku=L1-54EX-56YC processed_count=1 processed_skus=L1-54EX-56YC skipped_cooldown_count=0 state=RAISE_FIND_LOSS write_status=WRITE_NOT_APPLIED ceiling=17.99 reason_codes=MISSING_BOUND_RAISE_FIND_LOSS,STEP_RAISE_FIND_LOSS_UP,BINDING_CEILING_MANUAL_CAP,DVE_DISABLED_FEATURED_WINNER_DELIVERY_UNKNOWN
2026-02-16T23:20:34Z cycle_sleep seconds=900.00
2026-02-16T23:35:34Z cycle_start run_id=20260216T233534Z phase1_pilot=1 run_once=0 loop_sleep_seconds=900.00
2026-02-16T23:36:26Z snapshot_refresh ok listing_rows=12 seller_rows=110
2026-02-16T23:36:30Z phase1 h_cycle daily_intel missing for today; run A016_refresh_phase1_daily_intel.py
2026-02-16T23:36:30Z phase1 h_cycle sku=L1-54EX-56YC processed_count=1 processed_skus=L1-54EX-56YC skipped_cooldown_count=0 state=RAISE_FIND_LOSS write_status=WRITE_NOT_APPLIED ceiling=17.99 reason_codes=MISSING_BOUND_RAISE_FIND_LOSS,STEP_RAISE_FIND_LOSS_UP,BINDING_CEILING_MANUAL_CAP,DVE_DISABLED_FEATURED_WINNER_DELIVERY_UNKNOWN
2026-02-16T23:36:30Z cycle_sleep seconds=900.00
2026-02-16T23:51:30Z cycle_start run_id=20260216T235130Z phase1_pilot=1 run_once=0 loop_sleep_seconds=900.00
2026-02-16T23:52:19Z snapshot_refresh ok listing_rows=12 seller_rows=110
2026-02-16T23:52:25Z phase1 h_cycle daily_intel missing for today; run A016_refresh_phase1_daily_intel.py
2026-02-16T23:52:25Z phase1 h_cycle sku=L1-54EX-56YC processed_count=1 processed_skus=L1-54EX-56YC skipped_cooldown_count=0 state=RAISE_FIND_LOSS write_status=WRITE_NOT_APPLIED ceiling=17.99 reason_codes=MISSING_BOUND_RAISE_FIND_LOSS,STEP_RAISE_FIND_LOSS_UP,BINDING_CEILING_MANUAL_CAP,DVE_DISABLED_FEATURED_WINNER_DELIVERY_UNKNOWN
2026-02-16T23:52:25Z cycle_sleep seconds=900.00
2026-02-17T00:07:25Z cycle_start run_id=20260217T000725Z phase1_pilot=1 run_once=0 loop_sleep_seconds=900.00
2026-02-17T00:08:14Z snapshot_refresh ok listing_rows=12 seller_rows=110
2026-02-17T00:08:18Z phase1 h_cycle daily_intel missing for today; run A016_refresh_phase1_daily_intel.py
2026-02-17T00:08:18Z phase1 h_cycle sku=L1-54EX-56YC processed_count=1 processed_skus=L1-54EX-56YC skipped_cooldown_count=0 state=REGAIN write_status=WRITE_NOT_APPLIED ceiling=17.99 reason_codes=FEATURED_NOT_OURS_REGAIN,STEP_REGAIN_TO_RIVAL,BINDING_CEILING_MANUAL_CAP,DVE_DISABLED_FEATURED_WINNER_DELIVERY_UNKNOWN
2026-02-17T00:08:18Z cycle_sleep seconds=900.00
2026-02-17T00:23:18Z cycle_start run_id=20260217T002318Z phase1_pilot=1 run_once=0 loop_sleep_seconds=900.00
2026-02-17T00:24:07Z snapshot_refresh ok listing_rows=12 seller_rows=110
2026-02-17T00:24:09Z phase1 h_cycle daily_intel missing for today; run A016_refresh_phase1_daily_intel.py
2026-02-17T00:24:09Z phase1 h_cycle sku=L1-54EX-56YC processed_count=1 processed_skus=L1-54EX-56YC skipped_cooldown_count=0 state=REGAIN write_status=NO_WRITE_REQUIRED ceiling=17.99 reason_codes=FEATURED_NOT_OURS_REGAIN,STEP_REGAIN_TO_RIVAL,BINDING_CEILING_MANUAL_CAP,DVE_DISABLED_FEATURED_WINNER_DELIVERY_UNKNOWN
2026-02-17T00:24:09Z cycle_sleep seconds=900.00
2026-02-17T00:39:09Z cycle_start run_id=20260217T003909Z phase1_pilot=1 run_once=0 loop_sleep_seconds=900.00
2026-02-17T00:40:05Z snapshot_refresh ok listing_rows=12 seller_rows=110
2026-02-17T00:40:07Z phase1 h_cycle daily_intel missing for today; run A016_refresh_phase1_daily_intel.py
2026-02-17T00:40:07Z phase1 h_cycle sku=L1-54EX-56YC processed_count=1 processed_skus=L1-54EX-56YC skipped_cooldown_count=0 state=REGAIN write_status=NO_WRITE_REQUIRED ceiling=17.99 reason_codes=FEATURED_NOT_OURS_REGAIN,STEP_REGAIN_TO_RIVAL,BINDING_CEILING_MANUAL_CAP,DVE_DISABLED_FEATURED_WINNER_DELIVERY_UNKNOWN
2026-02-17T00:40:07Z cycle_sleep seconds=900.00
2026-02-17T00:55:07Z cycle_start run_id=20260217T005507Z phase1_pilot=1 run_once=0 loop_sleep_seconds=900.00
2026-02-17T00:56:04Z snapshot_refresh ok listing_rows=12 seller_rows=110
2026-02-17T00:56:06Z phase1 h_cycle daily_intel missing for today; run A016_refresh_phase1_daily_intel.py
2026-02-17T00:56:06Z phase1 h_cycle sku=L1-54EX-56YC processed_count=1 processed_skus=L1-54EX-56YC skipped_cooldown_count=0 state=REGAIN write_status=NO_WRITE_REQUIRED ceiling=17.99 reason_codes=FEATURED_NOT_OURS_REGAIN,STEP_REGAIN_TO_RIVAL,BINDING_CEILING_MANUAL_CAP,DVE_DISABLED_FEATURED_WINNER_DELIVERY_UNKNOWN
2026-02-17T00:56:06Z cycle_sleep seconds=900.00
2026-02-17T01:11:06Z cycle_start run_id=20260217T011106Z phase1_pilot=1 run_once=0 loop_sleep_seconds=900.00
2026-02-17T01:12:00Z snapshot_refresh ok listing_rows=12 seller_rows=110
2026-02-17T01:12:04Z phase1 h_cycle daily_intel missing for today; run A016_refresh_phase1_daily_intel.py
2026-02-17T01:12:04Z phase1 h_cycle sku=L1-54EX-56YC processed_count=1 processed_skus=L1-54EX-56YC skipped_cooldown_count=0 state=RAISE_FIND_LOSS write_status=WRITE_NOT_APPLIED ceiling=17.99 reason_codes=MISSING_BOUND_RAISE_FIND_LOSS,STEP_RAISE_FIND_LOSS_UP,BINDING_CEILING_MANUAL_CAP,DVE_DISABLED_FEATURED_WINNER_DELIVERY_UNKNOWN
2026-02-17T01:12:04Z cycle_sleep seconds=900.00
2026-02-17T01:27:04Z cycle_start run_id=20260217T012704Z phase1_pilot=1 run_once=0 loop_sleep_seconds=900.00
2026-02-17T01:27:56Z snapshot_refresh ok listing_rows=12 seller_rows=110
2026-02-17T01:28:00Z phase1 h_cycle daily_intel missing for today; run A016_refresh_phase1_daily_intel.py
2026-02-17T01:28:00Z phase1 h_cycle sku=L1-54EX-56YC processed_count=1 processed_skus=L1-54EX-56YC skipped_cooldown_count=0 state=REGAIN write_status=WRITE_NOT_APPLIED ceiling=17.99 reason_codes=FEATURED_NOT_OURS_REGAIN,STEP_REGAIN_TO_RIVAL,GUARDRAIL_HARD_FLOOR_CLAMP,BINDING_CEILING_MANUAL_CAP,DVE_DISABLED_FEATURED_WINNER_DELIVERY_UNKNOWN
2026-02-17T01:28:00Z cycle_sleep seconds=900.00
2026-02-17T01:43:00Z cycle_start run_id=20260217T014300Z phase1_pilot=1 run_once=0 loop_sleep_seconds=900.00
2026-02-17T01:43:51Z snapshot_refresh ok listing_rows=12 seller_rows=110
2026-02-17T01:43:55Z phase1 h_cycle daily_intel missing for today; run A016_refresh_phase1_daily_intel.py
2026-02-17T01:43:55Z phase1 h_cycle sku=L1-54EX-56YC processed_count=1 processed_skus=L1-54EX-56YC skipped_cooldown_count=0 state=REGAIN write_status=APPLIED ceiling=17.99 reason_codes=FEATURED_NOT_OURS_REGAIN,STEP_REGAIN_TO_RIVAL,GUARDRAIL_HARD_FLOOR_CLAMP,BINDING_CEILING_MANUAL_CAP,DVE_DISABLED_FEATURED_WINNER_DELIVERY_UNKNOWN
2026-02-17T01:43:55Z cycle_sleep seconds=900.00
2026-02-17T01:58:55Z cycle_start run_id=20260217T015855Z phase1_pilot=1 run_once=0 loop_sleep_seconds=900.00
2026-02-17T01:59:46Z snapshot_refresh ok listing_rows=12 seller_rows=110
2026-02-17T01:59:50Z phase1 h_cycle daily_intel missing for today; run A016_refresh_phase1_daily_intel.py
2026-02-17T01:59:50Z phase1 h_cycle sku=L1-54EX-56YC processed_count=1 processed_skus=L1-54EX-56YC skipped_cooldown_count=0 state=REGAIN write_status=APPLIED ceiling=17.99 reason_codes=FEATURED_NOT_OURS_REGAIN,STEP_REGAIN_TO_RIVAL,GUARDRAIL_HARD_FLOOR_CLAMP,BINDING_CEILING_MANUAL_CAP,DVE_DISABLED_FEATURED_WINNER_DELIVERY_UNKNOWN
2026-02-17T01:59:50Z cycle_sleep seconds=900.00
2026-02-17T02:14:50Z cycle_start run_id=20260217T021450Z phase1_pilot=1 run_once=0 loop_sleep_seconds=900.00
2026-02-17T02:15:41Z snapshot_refresh ok listing_rows=12 seller_rows=110
2026-02-17T02:15:45Z phase1 h_cycle daily_intel missing for today; run A016_refresh_phase1_daily_intel.py
2026-02-17T02:15:45Z phase1 h_cycle sku=L1-54EX-56YC processed_count=1 processed_skus=L1-54EX-56YC skipped_cooldown_count=0 state=REGAIN write_status=APPLIED ceiling=17.99 reason_codes=FEATURED_NOT_OURS_REGAIN,STEP_REGAIN_TO_RIVAL,GUARDRAIL_HARD_FLOOR_CLAMP,BINDING_CEILING_MANUAL_CAP,DVE_DISABLED_FEATURED_WINNER_DELIVERY_UNKNOWN
2026-02-17T02:15:45Z cycle_sleep seconds=900.00
2026-02-17T02:30:45Z cycle_start run_id=20260217T023045Z phase1_pilot=1 run_once=0 loop_sleep_seconds=900.00
2026-02-17T02:31:41Z snapshot_refresh ok listing_rows=12 seller_rows=110
2026-02-17T02:31:45Z phase1 h_cycle daily_intel missing for today; run A016_refresh_phase1_daily_intel.py
2026-02-17T02:31:45Z phase1 h_cycle sku=L1-54EX-56YC processed_count=1 processed_skus=L1-54EX-56YC skipped_cooldown_count=0 state=RAISE_FIND_LOSS write_status=WRITE_NOT_APPLIED ceiling=17.99 reason_codes=MISSING_BOUND_RAISE_FIND_LOSS,STEP_RAISE_FIND_LOSS_UP,BINDING_CEILING_MANUAL_CAP,DVE_DISABLED_FEATURED_WINNER_DELIVERY_UNKNOWN
2026-02-17T02:31:45Z cycle_sleep seconds=900.00
2026-02-17T02:46:45Z cycle_start run_id=20260217T024645Z phase1_pilot=1 run_once=0 loop_sleep_seconds=900.00
2026-02-17T02:47:42Z snapshot_refresh ok listing_rows=12 seller_rows=110
2026-02-17T02:47:46Z phase1 h_cycle daily_intel missing for today; run A016_refresh_phase1_daily_intel.py
2026-02-17T02:47:46Z phase1 h_cycle sku=L1-54EX-56YC processed_count=1 processed_skus=L1-54EX-56YC skipped_cooldown_count=0 state=RAISE_FIND_LOSS write_status=WRITE_NOT_APPLIED ceiling=17.99 reason_codes=MISSING_BOUND_RAISE_FIND_LOSS,STEP_RAISE_FIND_LOSS_UP,BINDING_CEILING_MANUAL_CAP,DVE_DISABLED_FEATURED_WINNER_DELIVERY_UNKNOWN
2026-02-17T02:47:46Z cycle_sleep seconds=900.00
2026-02-17T03:02:46Z cycle_start run_id=20260217T030246Z phase1_pilot=1 run_once=0 loop_sleep_seconds=900.00
2026-02-17T03:03:45Z snapshot_refresh ok listing_rows=12 seller_rows=110
2026-02-17T03:03:49Z phase1 h_cycle daily_intel missing for today; run A016_refresh_phase1_daily_intel.py
2026-02-17T03:03:49Z phase1 h_cycle sku=L1-54EX-56YC processed_count=1 processed_skus=L1-54EX-56YC skipped_cooldown_count=0 state=RAISE_FIND_LOSS write_status=WRITE_NOT_APPLIED ceiling=17.99 reason_codes=MISSING_BOUND_RAISE_FIND_LOSS,STEP_RAISE_FIND_LOSS_UP,BINDING_CEILING_MANUAL_CAP,DVE_DISABLED_FEATURED_WINNER_DELIVERY_UNKNOWN
2026-02-17T03:03:49Z cycle_sleep seconds=900.00
2026-02-17T03:18:49Z cycle_start run_id=20260217T031849Z phase1_pilot=1 run_once=0 loop_sleep_seconds=900.00
2026-02-17T03:19:38Z snapshot_refresh ok listing_rows=12 seller_rows=110
2026-02-17T03:19:42Z phase1 h_cycle daily_intel missing for today; run A016_refresh_phase1_daily_intel.py
2026-02-17T03:19:42Z phase1 h_cycle sku=L1-54EX-56YC processed_count=1 processed_skus=L1-54EX-56YC skipped_cooldown_count=0 state=RAISE_FIND_LOSS write_status=WRITE_NOT_APPLIED ceiling=17.99 reason_codes=MISSING_BOUND_RAISE_FIND_LOSS,STEP_RAISE_FIND_LOSS_UP,BINDING_CEILING_MANUAL_CAP,DVE_DISABLED_FEATURED_WINNER_DELIVERY_UNKNOWN
2026-02-17T03:19:42Z cycle_sleep seconds=900.00
2026-02-17T03:34:42Z cycle_start run_id=20260217T033442Z phase1_pilot=1 run_once=0 loop_sleep_seconds=900.00
2026-02-17T03:35:34Z snapshot_refresh ok listing_rows=12 seller_rows=110
2026-02-17T03:35:42Z phase1 h_cycle daily_intel missing for today; run A016_refresh_phase1_daily_intel.py
2026-02-17T03:35:42Z phase1 h_cycle sku=L1-54EX-56YC processed_count=1 processed_skus=L1-54EX-56YC skipped_cooldown_count=0 state=REGAIN write_status=WRITE_NOT_APPLIED ceiling=17.99 reason_codes=FEATURED_NOT_OURS_REGAIN,STEP_REGAIN_TO_RIVAL,GUARDRAIL_HARD_FLOOR_CLAMP,BINDING_CEILING_MANUAL_CAP,DVE_DISABLED_FEATURED_WINNER_DELIVERY_UNKNOWN
2026-02-17T03:35:42Z cycle_sleep seconds=900.00
2026-02-17T03:50:42Z cycle_start run_id=20260217T035042Z phase1_pilot=1 run_once=0 loop_sleep_seconds=900.00
2026-02-17T03:51:38Z snapshot_refresh ok listing_rows=12 seller_rows=110
2026-02-17T03:51:42Z phase1 h_cycle daily_intel missing for today; run A016_refresh_phase1_daily_intel.py
2026-02-17T03:51:42Z phase1 h_cycle sku=L1-54EX-56YC processed_count=1 processed_skus=L1-54EX-56YC skipped_cooldown_count=0 state=REGAIN write_status=APPLIED ceiling=17.99 reason_codes=FEATURED_NOT_OURS_REGAIN,STEP_REGAIN_TO_RIVAL,GUARDRAIL_HARD_FLOOR_CLAMP,BINDING_CEILING_MANUAL_CAP,DVE_DISABLED_FEATURED_WINNER_DELIVERY_UNKNOWN
2026-02-17T03:51:42Z cycle_sleep seconds=900.00
2026-02-17T04:06:42Z cycle_start run_id=20260217T040642Z phase1_pilot=1 run_once=0 loop_sleep_seconds=900.00
2026-02-17T04:07:33Z snapshot_refresh ok listing_rows=12 seller_rows=110
2026-02-17T04:07:37Z phase1 h_cycle daily_intel missing for today; run A016_refresh_phase1_daily_intel.py
2026-02-17T04:07:37Z phase1 h_cycle sku=L1-54EX-56YC processed_count=1 processed_skus=L1-54EX-56YC skipped_cooldown_count=0 state=REGAIN write_status=APPLIED ceiling=17.99 reason_codes=FEATURED_NOT_OURS_REGAIN,STEP_REGAIN_TO_RIVAL,GUARDRAIL_HARD_FLOOR_CLAMP,BINDING_CEILING_MANUAL_CAP,DVE_DISABLED_FEATURED_WINNER_DELIVERY_UNKNOWN
2026-02-17T04:07:37Z cycle_sleep seconds=900.00
2026-02-17T04:22:37Z cycle_start run_id=20260217T042237Z phase1_pilot=1 run_once=0 loop_sleep_seconds=900.00
2026-02-17T04:23:32Z snapshot_refresh ok listing_rows=12 seller_rows=110
2026-02-17T04:23:36Z phase1 h_cycle daily_intel missing for today; run A016_refresh_phase1_daily_intel.py
2026-02-17T04:23:36Z phase1 h_cycle sku=L1-54EX-56YC processed_count=1 processed_skus=L1-54EX-56YC skipped_cooldown_count=0 state=REGAIN write_status=APPLIED ceiling=17.99 reason_codes=FEATURED_NOT_OURS_REGAIN,STEP_REGAIN_TO_RIVAL,GUARDRAIL_HARD_FLOOR_CLAMP,BINDING_CEILING_MANUAL_CAP,DVE_DISABLED_FEATURED_WINNER_DELIVERY_UNKNOWN
2026-02-17T04:23:36Z cycle_sleep seconds=900.00
2026-02-17T04:38:36Z cycle_start run_id=20260217T043836Z phase1_pilot=1 run_once=0 loop_sleep_seconds=900.00
2026-02-17T04:39:30Z snapshot_refresh ok listing_rows=12 seller_rows=110
2026-02-17T04:39:34Z phase1 h_cycle daily_intel missing for today; run A016_refresh_phase1_daily_intel.py
2026-02-17T04:39:34Z phase1 h_cycle sku=L1-54EX-56YC processed_count=1 processed_skus=L1-54EX-56YC skipped_cooldown_count=0 state=RAISE_FIND_LOSS write_status=WRITE_NOT_APPLIED ceiling=17.99 reason_codes=MISSING_BOUND_RAISE_FIND_LOSS,STEP_RAISE_FIND_LOSS_UP,BINDING_CEILING_MANUAL_CAP,DVE_DISABLED_FEATURED_WINNER_DELIVERY_UNKNOWN
2026-02-17T04:39:34Z cycle_sleep seconds=900.00
2026-02-17T04:54:34Z cycle_start run_id=20260217T045434Z phase1_pilot=1 run_once=0 loop_sleep_seconds=900.00
2026-02-17T04:55:22Z snapshot_refresh ok listing_rows=12 seller_rows=110
2026-02-17T04:55:29Z phase1 h_cycle daily_intel missing for today; run A016_refresh_phase1_daily_intel.py
2026-02-17T04:55:29Z phase1 h_cycle sku=L1-54EX-56YC processed_count=1 processed_skus=L1-54EX-56YC skipped_cooldown_count=0 state=REGAIN write_status=WRITE_NOT_APPLIED ceiling=17.99 reason_codes=FEATURED_NOT_OURS_REGAIN,STEP_REGAIN_TO_RIVAL,BINDING_CEILING_MANUAL_CAP,DVE_DISABLED_FEATURED_WINNER_DELIVERY_UNKNOWN
2026-02-17T04:55:29Z cycle_sleep seconds=900.00
2026-02-17T05:10:29Z cycle_start run_id=20260217T051029Z phase1_pilot=1 run_once=0 loop_sleep_seconds=900.00
2026-02-17T05:11:22Z snapshot_refresh ok listing_rows=12 seller_rows=110
2026-02-17T05:11:24Z phase1 h_cycle daily_intel missing for today; run A016_refresh_phase1_daily_intel.py
2026-02-17T05:11:24Z phase1 h_cycle sku=L1-54EX-56YC processed_count=1 processed_skus=L1-54EX-56YC skipped_cooldown_count=0 state=REGAIN write_status=NO_WRITE_REQUIRED ceiling=17.99 reason_codes=FEATURED_NOT_OURS_REGAIN,STEP_REGAIN_TO_RIVAL,BINDING_CEILING_MANUAL_CAP,DVE_DISABLED_FEATURED_WINNER_DELIVERY_UNKNOWN
2026-02-17T05:11:24Z cycle_sleep seconds=900.00
2026-02-17T05:26:24Z cycle_start run_id=20260217T052624Z phase1_pilot=1 run_once=0 loop_sleep_seconds=900.00
2026-02-17T05:27:13Z snapshot_refresh ok listing_rows=12 seller_rows=110
2026-02-17T05:27:15Z phase1 h_cycle daily_intel missing for today; run A016_refresh_phase1_daily_intel.py
2026-02-17T05:27:15Z phase1 h_cycle sku=L1-54EX-56YC processed_count=1 processed_skus=L1-54EX-56YC skipped_cooldown_count=0 state=REGAIN write_status=NO_WRITE_REQUIRED ceiling=17.99 reason_codes=FEATURED_NOT_OURS_REGAIN,STEP_REGAIN_TO_RIVAL,BINDING_CEILING_MANUAL_CAP,DVE_DISABLED_FEATURED_WINNER_DELIVERY_UNKNOWN
2026-02-17T05:27:15Z cycle_sleep seconds=900.00
2026-02-17T05:42:15Z cycle_start run_id=20260217T054215Z phase1_pilot=1 run_once=0 loop_sleep_seconds=900.00
2026-02-17T05:43:08Z snapshot_refresh ok listing_rows=12 seller_rows=110
2026-02-17T05:43:12Z phase1 h_cycle daily_intel missing for today; run A016_refresh_phase1_daily_intel.py
2026-02-17T05:43:12Z phase1 h_cycle sku=L1-54EX-56YC processed_count=1 processed_skus=L1-54EX-56YC skipped_cooldown_count=0 state=REGAIN write_status=WRITE_NOT_APPLIED ceiling=17.99 reason_codes=FEATURED_NOT_OURS_REGAIN,STEP_REGAIN_TO_RIVAL,GUARDRAIL_HARD_FLOOR_CLAMP,BINDING_CEILING_MANUAL_CAP,DVE_DISABLED_FEATURED_WINNER_DELIVERY_UNKNOWN
2026-02-17T05:43:12Z cycle_sleep seconds=900.00
2026-02-17T05:58:12Z cycle_start run_id=20260217T055812Z phase1_pilot=1 run_once=0 loop_sleep_seconds=900.00
2026-02-17T05:59:04Z snapshot_refresh ok listing_rows=12 seller_rows=110
2026-02-17T05:59:08Z phase1 h_cycle daily_intel missing for today; run A016_refresh_phase1_daily_intel.py
2026-02-17T05:59:08Z phase1 h_cycle sku=L1-54EX-56YC processed_count=1 processed_skus=L1-54EX-56YC skipped_cooldown_count=0 state=REGAIN write_status=APPLIED ceiling=17.99 reason_codes=FEATURED_NOT_OURS_REGAIN,STEP_REGAIN_TO_RIVAL,GUARDRAIL_HARD_FLOOR_CLAMP,BINDING_CEILING_MANUAL_CAP,DVE_DISABLED_FEATURED_WINNER_DELIVERY_UNKNOWN
2026-02-17T05:59:08Z cycle_sleep seconds=900.00
2026-02-17T06:14:08Z cycle_start run_id=20260217T061408Z phase1_pilot=1 run_once=0 loop_sleep_seconds=900.00
2026-02-17T06:15:04Z snapshot_refresh ok listing_rows=12 seller_rows=110
2026-02-17T06:15:08Z phase1 h_cycle sku=L1-54EX-56YC processed_count=1 processed_skus=L1-54EX-56YC skipped_cooldown_count=0 state=REGAIN write_status=APPLIED ceiling=17.99 reason_codes=FEATURED_NOT_OURS_REGAIN,STEP_REGAIN_TO_RIVAL,GUARDRAIL_HARD_FLOOR_CLAMP,BINDING_CEILING_MANUAL_CAP,DVE_DISABLED_FEATURED_WINNER_DELIVERY_UNKNOWN
2026-02-17T06:15:08Z cycle_sleep seconds=900.00
2026-02-17T06:30:08Z cycle_start run_id=20260217T063008Z phase1_pilot=1 run_once=0 loop_sleep_seconds=900.00
2026-02-17T06:31:00Z snapshot_refresh ok listing_rows=12 seller_rows=110
2026-02-17T06:31:04Z phase1 h_cycle sku=L1-54EX-56YC processed_count=1 processed_skus=L1-54EX-56YC skipped_cooldown_count=0 state=REGAIN write_status=APPLIED ceiling=17.99 reason_codes=FEATURED_NOT_OURS_REGAIN,STEP_REGAIN_TO_RIVAL,GUARDRAIL_HARD_FLOOR_CLAMP,BINDING_CEILING_MANUAL_CAP,DVE_DISABLED_FEATURED_WINNER_DELIVERY_UNKNOWN
2026-02-17T06:31:04Z cycle_sleep seconds=900.00
2026-02-17T06:46:04Z cycle_start run_id=20260217T064604Z phase1_pilot=1 run_once=0 loop_sleep_seconds=900.00
2026-02-17T06:46:53Z snapshot_refresh ok listing_rows=12 seller_rows=110
2026-02-17T06:46:57Z phase1 h_cycle sku=L1-54EX-56YC processed_count=1 processed_skus=L1-54EX-56YC skipped_cooldown_count=0 state=REGAIN write_status=APPLIED ceiling=17.99 reason_codes=FEATURED_NOT_OURS_REGAIN,STEP_REGAIN_TO_RIVAL,GUARDRAIL_HARD_FLOOR_CLAMP,BINDING_CEILING_MANUAL_CAP,DVE_DISABLED_FEATURED_WINNER_DELIVERY_UNKNOWN
2026-02-17T06:46:57Z cycle_sleep seconds=900.00
2026-02-17T07:01:57Z cycle_start run_id=20260217T070157Z phase1_pilot=1 run_once=0 loop_sleep_seconds=900.00
2026-02-17T07:02:49Z snapshot_refresh ok listing_rows=12 seller_rows=110
2026-02-17T07:02:53Z phase1 h_cycle sku=L1-54EX-56YC processed_count=1 processed_skus=L1-54EX-56YC skipped_cooldown_count=0 state=REGAIN write_status=APPLIED ceiling=17.99 reason_codes=FEATURED_NOT_OURS_REGAIN,STEP_REGAIN_TO_RIVAL,GUARDRAIL_HARD_FLOOR_CLAMP,BINDING_CEILING_MANUAL_CAP,DVE_DISABLED_FEATURED_WINNER_DELIVERY_UNKNOWN
2026-02-17T07:02:53Z cycle_sleep seconds=900.00
2026-02-17T07:17:53Z cycle_start run_id=20260217T071753Z phase1_pilot=1 run_once=0 loop_sleep_seconds=900.00
2026-02-17T07:18:42Z snapshot_refresh ok listing_rows=12 seller_rows=110
2026-02-17T07:18:46Z phase1 h_cycle sku=L1-54EX-56YC processed_count=1 processed_skus=L1-54EX-56YC skipped_cooldown_count=0 state=REGAIN write_status=APPLIED ceiling=17.99 reason_codes=FEATURED_NOT_OURS_REGAIN,STEP_REGAIN_TO_RIVAL,GUARDRAIL_HARD_FLOOR_CLAMP,BINDING_CEILING_MANUAL_CAP,DVE_DISABLED_FEATURED_WINNER_DELIVERY_UNKNOWN
2026-02-17T07:18:46Z cycle_sleep seconds=900.00
2026-02-17T07:33:46Z cycle_start run_id=20260217T073346Z phase1_pilot=1 run_once=0 loop_sleep_seconds=900.00
2026-02-17T07:34:37Z snapshot_refresh ok listing_rows=12 seller_rows=110
2026-02-17T07:34:41Z phase1 h_cycle sku=L1-54EX-56YC processed_count=1 processed_skus=L1-54EX-56YC skipped_cooldown_count=0 state=REGAIN write_status=APPLIED ceiling=17.99 reason_codes=FEATURED_NOT_OURS_REGAIN,STEP_REGAIN_TO_RIVAL,GUARDRAIL_HARD_FLOOR_CLAMP,BINDING_CEILING_MANUAL_CAP,DVE_DISABLED_FEATURED_WINNER_DELIVERY_UNKNOWN
2026-02-17T07:34:41Z cycle_sleep seconds=900.00
2026-02-17T07:49:41Z cycle_start run_id=20260217T074941Z phase1_pilot=1 run_once=0 loop_sleep_seconds=900.00
2026-02-17T07:50:33Z snapshot_refresh ok listing_rows=12 seller_rows=110
2026-02-17T07:50:37Z phase1 h_cycle sku=L1-54EX-56YC processed_count=1 processed_skus=L1-54EX-56YC skipped_cooldown_count=0 state=REGAIN write_status=APPLIED ceiling=17.99 reason_codes=FEATURED_NOT_OURS_REGAIN,STEP_REGAIN_TO_RIVAL,GUARDRAIL_HARD_FLOOR_CLAMP,BINDING_CEILING_MANUAL_CAP,DVE_DISABLED_FEATURED_WINNER_DELIVERY_UNKNOWN
2026-02-17T07:50:37Z cycle_sleep seconds=900.00
2026-02-17T08:44:05Z cycle_start run_id=20260217T084405Z phase1_pilot=1 run_once=0 loop_sleep_seconds=900.00
2026-02-17T08:44:57Z snapshot_refresh ok listing_rows=12 seller_rows=110
2026-02-17T08:45:11Z phase1 h_cycle sku=L1-54EX-56YC processed_count=1 processed_skus=L1-54EX-56YC skipped_cooldown_count=0 state=REGAIN write_status=WRITE_NOT_APPLIED ceiling=17.99 reason_codes=FEATURED_NOT_OURS_REGAIN,STEP_REGAIN_TO_RIVAL,GUARDRAIL_HARD_FLOOR_CLAMP,BINDING_CEILING_MANUAL_CAP,DVE_DISABLED_FEATURED_WINNER_DELIVERY_UNKNOWN
2026-02-17T08:45:11Z cycle_sleep seconds=900.00
2026-02-17T09:00:12Z cycle_start run_id=20260217T090012Z phase1_pilot=1 run_once=0 loop_sleep_seconds=900.00
2026-02-17T09:01:05Z snapshot_refresh ok listing_rows=12 seller_rows=110
2026-02-17T09:01:10Z phase1 h_cycle sku=L1-54EX-56YC processed_count=1 processed_skus=L1-54EX-56YC skipped_cooldown_count=0 state=REGAIN write_status=APPLIED ceiling=17.99 reason_codes=FEATURED_NOT_OURS_REGAIN,STEP_REGAIN_TO_RIVAL,GUARDRAIL_HARD_FLOOR_CLAMP,BINDING_CEILING_MANUAL_CAP,DVE_DISABLED_FEATURED_WINNER_DELIVERY_UNKNOWN
2026-02-17T09:01:10Z cycle_sleep seconds=900.00
2026-02-17T09:16:10Z cycle_start run_id=20260217T091610Z phase1_pilot=1 run_once=0 loop_sleep_seconds=900.00
2026-02-17T09:16:58Z snapshot_refresh ok listing_rows=12 seller_rows=110
2026-02-17T09:17:29Z phase1 h_cycle daily_intel missing for today; run A016_refresh_phase1_daily_intel.py
2026-02-17T09:17:29Z phase1 h_cycle sku=L1-54EX-56YC processed_count=12 processed_skus=4W-VS57-BV6A,6V-EEC1-2S9Z,AX-NKNU-29C1,JB-RGB6-LZOJ,RZ-6ZL9-CZ7J,TJ-6LOP-OPEU,VF-3T0K-DR5O,XE-YPAI-HX9F,XH-0LAE-FQO5,XY-UM2X-TPS3,YC-3L3M-BV48,L1-54EX-56YC skipped_cooldown_count=0 state=RAISE_FIND_LOSS write_status=WRITE_NOT_APPLIED ceiling=17.99 reason_codes=MISSING_BOUND_RAISE_FIND_LOSS,STEP_RAISE_FIND_LOSS_UP,BINDING_CEILING_MANUAL_CAP,DVE_DISABLED_FEATURED_WINNER_DELIVERY_UNKNOWN
2026-02-17T09:17:29Z cycle_sleep seconds=900.00
2026-02-17T09:32:29Z cycle_start run_id=20260217T093229Z phase1_pilot=1 run_once=0 loop_sleep_seconds=900.00
2026-02-17T09:33:21Z snapshot_refresh ok listing_rows=12 seller_rows=110
2026-02-17T09:33:52Z phase1 h_cycle daily_intel missing for today; run A016_refresh_phase1_daily_intel.py
2026-02-17T09:33:52Z phase1 h_cycle sku=L1-54EX-56YC processed_count=12 processed_skus=4W-VS57-BV6A,6V-EEC1-2S9Z,AX-NKNU-29C1,JB-RGB6-LZOJ,RZ-6ZL9-CZ7J,TJ-6LOP-OPEU,VF-3T0K-DR5O,XE-YPAI-HX9F,XH-0LAE-FQO5,XY-UM2X-TPS3,YC-3L3M-BV48,L1-54EX-56YC skipped_cooldown_count=0 state=RAISE_FIND_LOSS write_status=WRITE_NOT_APPLIED ceiling=17.99 reason_codes=MISSING_BOUND_RAISE_FIND_LOSS,STEP_RAISE_FIND_LOSS_UP,BINDING_CEILING_MANUAL_CAP,DVE_DISABLED_FEATURED_WINNER_DELIVERY_UNKNOWN
2026-02-17T09:33:52Z cycle_sleep seconds=900.00
2026-02-17T09:48:52Z cycle_start run_id=20260217T094852Z phase1_pilot=1 run_once=0 loop_sleep_seconds=900.00
2026-02-17T09:49:50Z snapshot_refresh ok listing_rows=12 seller_rows=110
2026-02-17T09:50:21Z phase1 h_cycle daily_intel missing for today; run A016_refresh_phase1_daily_intel.py
2026-02-17T09:50:21Z phase1 h_cycle sku=YC-3L3M-BV48 processed_count=12 processed_skus=4W-VS57-BV6A,6V-EEC1-2S9Z,AX-NKNU-29C1,JB-RGB6-LZOJ,L1-54EX-56YC,RZ-6ZL9-CZ7J,TJ-6LOP-OPEU,VF-3T0K-DR5O,XE-YPAI-HX9F,XH-0LAE-FQO5,XY-UM2X-TPS3,YC-3L3M-BV48 skipped_cooldown_count=0 state=REGAIN write_status=NO_WRITE_REQUIRED ceiling=109.45 reason_codes=FEATURED_NOT_OURS_REGAIN,STEP_REGAIN_TO_RIVAL,BINDING_CEILING_MANUAL_CAP,DVE_DISABLED_FEATURED_WINNER_DELIVERY_UNKNOWN
2026-02-17T09:50:21Z cycle_sleep seconds=900.00
2026-02-17T10:05:21Z cycle_start run_id=20260217T100521Z phase1_pilot=1 run_once=0 loop_sleep_seconds=900.00
2026-02-17T10:06:16Z snapshot_refresh ok listing_rows=12 seller_rows=110
2026-02-17T10:06:47Z phase1 h_cycle daily_intel missing for today; run A016_refresh_phase1_daily_intel.py
2026-02-17T10:06:47Z phase1 h_cycle sku=YC-3L3M-BV48 processed_count=12 processed_skus=4W-VS57-BV6A,6V-EEC1-2S9Z,AX-NKNU-29C1,JB-RGB6-LZOJ,L1-54EX-56YC,RZ-6ZL9-CZ7J,TJ-6LOP-OPEU,VF-3T0K-DR5O,XE-YPAI-HX9F,XH-0LAE-FQO5,XY-UM2X-TPS3,YC-3L3M-BV48 skipped_cooldown_count=0 state=REGAIN write_status=NO_WRITE_REQUIRED ceiling=109.45 reason_codes=FEATURED_NOT_OURS_REGAIN,STEP_REGAIN_TO_RIVAL,BINDING_CEILING_MANUAL_CAP,DVE_DISABLED_FEATURED_WINNER_DELIVERY_UNKNOWN
2026-02-17T10:06:47Z cycle_sleep seconds=900.00
2026-02-17T10:21:47Z cycle_start run_id=20260217T102147Z phase1_pilot=1 run_once=0 loop_sleep_seconds=900.00
2026-02-17T10:22:39Z snapshot_refresh ok listing_rows=12 seller_rows=109
2026-02-17T10:23:10Z phase1 h_cycle daily_intel missing for today; run A016_refresh_phase1_daily_intel.py
2026-02-17T10:23:10Z phase1 h_cycle sku=YC-3L3M-BV48 processed_count=12 processed_skus=4W-VS57-BV6A,6V-EEC1-2S9Z,AX-NKNU-29C1,JB-RGB6-LZOJ,L1-54EX-56YC,RZ-6ZL9-CZ7J,TJ-6LOP-OPEU,VF-3T0K-DR5O,XE-YPAI-HX9F,XH-0LAE-FQO5,XY-UM2X-TPS3,YC-3L3M-BV48 skipped_cooldown_count=0 state=REGAIN write_status=NO_WRITE_REQUIRED ceiling=109.45 reason_codes=FEATURED_NOT_OURS_REGAIN,STEP_REGAIN_TO_RIVAL,BINDING_CEILING_MANUAL_CAP,DVE_DISABLED_FEATURED_WINNER_DELIVERY_UNKNOWN
2026-02-17T10:23:10Z cycle_sleep seconds=900.00
2026-02-17T10:38:10Z cycle_start run_id=20260217T103810Z phase1_pilot=1 run_once=0 loop_sleep_seconds=900.00
2026-02-17T10:38:59Z snapshot_refresh ok listing_rows=12 seller_rows=109
2026-02-17T10:39:29Z phase1 h_cycle daily_intel missing for today; run A016_refresh_phase1_daily_intel.py
2026-02-17T10:39:29Z phase1 h_cycle sku=YC-3L3M-BV48 processed_count=12 processed_skus=4W-VS57-BV6A,6V-EEC1-2S9Z,AX-NKNU-29C1,JB-RGB6-LZOJ,L1-54EX-56YC,RZ-6ZL9-CZ7J,TJ-6LOP-OPEU,VF-3T0K-DR5O,XE-YPAI-HX9F,XH-0LAE-FQO5,XY-UM2X-TPS3,YC-3L3M-BV48 skipped_cooldown_count=0 state=RAISE_FIND_LOSS write_status=READ_ONLY_NO_WRITE ceiling=109.45 reason_codes=MISSING_BOUND_RAISE_FIND_LOSS,STEP_RAISE_FIND_LOSS_UP,BINDING_CEILING_MANUAL_CAP,DVE_DISABLED_FEATURED_WINNER_DELIVERY_UNKNOWN,LIVE_WRITES_DISABLED
2026-02-17T10:39:29Z cycle_sleep seconds=900.00
2026-02-17T10:54:29Z cycle_start run_id=20260217T105429Z phase1_pilot=1 run_once=0 loop_sleep_seconds=900.00
2026-02-17T10:55:19Z snapshot_refresh ok listing_rows=12 seller_rows=109
2026-02-17T10:55:48Z phase1 h_cycle daily_intel missing for today; run A016_refresh_phase1_daily_intel.py
2026-02-17T10:55:48Z phase1 h_cycle sku=YC-3L3M-BV48 processed_count=12 processed_skus=4W-VS57-BV6A,6V-EEC1-2S9Z,AX-NKNU-29C1,JB-RGB6-LZOJ,L1-54EX-56YC,RZ-6ZL9-CZ7J,TJ-6LOP-OPEU,VF-3T0K-DR5O,XE-YPAI-HX9F,XH-0LAE-FQO5,XY-UM2X-TPS3,YC-3L3M-BV48 skipped_cooldown_count=0 state=REGAIN write_status=NO_WRITE_REQUIRED ceiling=109.45 reason_codes=FEATURED_NOT_OURS_REGAIN,STEP_REGAIN_TO_RIVAL,BINDING_CEILING_MANUAL_CAP,DVE_DISABLED_FEATURED_WINNER_DELIVERY_UNKNOWN
2026-02-17T10:55:48Z cycle_sleep seconds=900.00
2026-02-17T11:10:48Z cycle_start run_id=20260217T111048Z phase1_pilot=1 run_once=0 loop_sleep_seconds=900.00
2026-02-17T11:11:43Z snapshot_refresh ok listing_rows=12 seller_rows=109
2026-02-17T11:12:13Z phase1 h_cycle daily_intel missing for today; run A016_refresh_phase1_daily_intel.py
2026-02-17T11:12:13Z phase1 h_cycle sku=YC-3L3M-BV48 processed_count=12 processed_skus=4W-VS57-BV6A,6V-EEC1-2S9Z,AX-NKNU-29C1,JB-RGB6-LZOJ,L1-54EX-56YC,RZ-6ZL9-CZ7J,TJ-6LOP-OPEU,VF-3T0K-DR5O,XE-YPAI-HX9F,XH-0LAE-FQO5,XY-UM2X-TPS3,YC-3L3M-BV48 skipped_cooldown_count=0 state=REGAIN write_status=NO_WRITE_REQUIRED ceiling=109.45 reason_codes=FEATURED_NOT_OURS_REGAIN,STEP_REGAIN_TO_RIVAL,BINDING_CEILING_MANUAL_CAP,DVE_DISABLED_FEATURED_WINNER_DELIVERY_UNKNOWN
2026-02-17T11:12:13Z cycle_sleep seconds=900.00
2026-02-17T11:27:13Z cycle_start run_id=20260217T112713Z phase1_pilot=1 run_once=0 loop_sleep_seconds=900.00
2026-02-17T11:28:08Z snapshot_refresh ok listing_rows=12 seller_rows=108
2026-02-17T11:28:37Z phase1 h_cycle daily_intel missing for today; run A016_refresh_phase1_daily_intel.py
2026-02-17T11:28:37Z phase1 h_cycle sku=YC-3L3M-BV48 processed_count=12 processed_skus=4W-VS57-BV6A,6V-EEC1-2S9Z,AX-NKNU-29C1,JB-RGB6-LZOJ,L1-54EX-56YC,RZ-6ZL9-CZ7J,TJ-6LOP-OPEU,VF-3T0K-DR5O,XE-YPAI-HX9F,XH-0LAE-FQO5,XY-UM2X-TPS3,YC-3L3M-BV48 skipped_cooldown_count=0 state=DEFENSIVE_HOLD write_status=READ_ONLY_NO_WRITE ceiling= reason_codes=DAILY_INTEL_MISSING,A_CYCLE_MISSING_DEFENSIVE_HOLD
2026-02-17T11:28:37Z cycle_sleep seconds=900.00
2026-02-17T11:43:37Z cycle_start run_id=20260217T114337Z phase1_pilot=1 run_once=0 loop_sleep_seconds=900.00
2026-02-17T11:44:36Z snapshot_refresh ok listing_rows=12 seller_rows=108
2026-02-17T11:45:05Z phase1 h_cycle daily_intel missing for today; run A016_refresh_phase1_daily_intel.py
2026-02-17T11:45:05Z phase1 h_cycle sku=YC-3L3M-BV48 processed_count=12 processed_skus=4W-VS57-BV6A,6V-EEC1-2S9Z,AX-NKNU-29C1,JB-RGB6-LZOJ,L1-54EX-56YC,RZ-6ZL9-CZ7J,TJ-6LOP-OPEU,VF-3T0K-DR5O,XE-YPAI-HX9F,XH-0LAE-FQO5,XY-UM2X-TPS3,YC-3L3M-BV48 skipped_cooldown_count=0 state=DEFENSIVE_HOLD write_status=READ_ONLY_NO_WRITE ceiling= reason_codes=DAILY_INTEL_REFRESH_ATTEMPTED,DAILY_INTEL_MISSING,A_CYCLE_MISSING_DEFENSIVE_HOLD
2026-02-17T11:45:05Z cycle_sleep seconds=900.00
2026-02-17T12:00:05Z cycle_start run_id=20260217T120005Z phase1_pilot=1 run_once=0 loop_sleep_seconds=900.00
2026-02-17T12:00:54Z snapshot_refresh ok listing_rows=12 seller_rows=108
2026-02-17T12:01:25Z phase1 h_cycle sku=YC-3L3M-BV48 processed_count=12 processed_skus=4W-VS57-BV6A,6V-EEC1-2S9Z,AX-NKNU-29C1,JB-RGB6-LZOJ,L1-54EX-56YC,RZ-6ZL9-CZ7J,TJ-6LOP-OPEU,VF-3T0K-DR5O,XE-YPAI-HX9F,XH-0LAE-FQO5,XY-UM2X-TPS3,YC-3L3M-BV48 skipped_cooldown_count=0 state=DEFENSIVE_HOLD write_status=READ_ONLY_NO_WRITE ceiling= reason_codes=DAILY_INTEL_REFRESH_THROTTLED,DAILY_INTEL_MISSING,A_CYCLE_MISSING_DEFENSIVE_HOLD
2026-02-17T12:01:25Z cycle_sleep seconds=900.00
2026-02-17T12:16:25Z cycle_start run_id=20260217T121625Z phase1_pilot=1 run_once=0 loop_sleep_seconds=900.00
2026-02-17T12:17:16Z snapshot_refresh ok listing_rows=12 seller_rows=108
2026-02-17T12:17:48Z phase1 h_cycle sku=YC-3L3M-BV48 processed_count=12 processed_skus=4W-VS57-BV6A,6V-EEC1-2S9Z,AX-NKNU-29C1,JB-RGB6-LZOJ,L1-54EX-56YC,RZ-6ZL9-CZ7J,TJ-6LOP-OPEU,VF-3T0K-DR5O,XE-YPAI-HX9F,XH-0LAE-FQO5,XY-UM2X-TPS3,YC-3L3M-BV48 skipped_cooldown_count=0 state=REGAIN write_status=NO_WRITE_REQUIRED ceiling=109.45 reason_codes=FEATURED_NOT_OURS_REGAIN,STEP_REGAIN_TO_RIVAL,BINDING_CEILING_COMPLIANCE,DVE_DISABLED_FEATURED_WINNER_DELIVERY_UNKNOWN
2026-02-17T12:17:48Z cycle_sleep seconds=900.00
2026-02-17T12:32:48Z cycle_start run_id=20260217T123248Z phase1_pilot=1 run_once=0 loop_sleep_seconds=900.00
2026-02-17T12:33:38Z snapshot_refresh ok listing_rows=12 seller_rows=108
2026-02-17T12:34:14Z phase1 h_cycle sku=YC-3L3M-BV48 processed_count=12 processed_skus=4W-VS57-BV6A,6V-EEC1-2S9Z,AX-NKNU-29C1,JB-RGB6-LZOJ,L1-54EX-56YC,RZ-6ZL9-CZ7J,TJ-6LOP-OPEU,VF-3T0K-DR5O,XE-YPAI-HX9F,XH-0LAE-FQO5,XY-UM2X-TPS3,YC-3L3M-BV48 skipped_cooldown_count=0 state=REGAIN write_status=NO_WRITE_REQUIRED ceiling=109.45 reason_codes=FEATURED_NOT_OURS_REGAIN,STEP_REGAIN_TO_RIVAL,BINDING_CEILING_COMPLIANCE,DVE_DISABLED_FEATURED_WINNER_DELIVERY_UNKNOWN
2026-02-17T12:34:14Z cycle_sleep seconds=900.00
2026-02-17T12:49:14Z cycle_start run_id=20260217T124914Z phase1_pilot=1 run_once=0 loop_sleep_seconds=900.00
2026-02-17T12:50:07Z snapshot_refresh ok listing_rows=12 seller_rows=108
2026-02-17T12:50:35Z phase1 h_cycle sku=YC-3L3M-BV48 processed_count=11 processed_skus=4W-VS57-BV6A,6V-EEC1-2S9Z,AX-NKNU-29C1,JB-RGB6-LZOJ,L1-54EX-56YC,RZ-6ZL9-CZ7J,TJ-6LOP-OPEU,VF-3T0K-DR5O,XE-YPAI-HX9F,XH-0LAE-FQO5,YC-3L3M-BV48 skipped_cooldown_count=0 state=REGAIN write_status=NO_WRITE_REQUIRED ceiling=109.45 reason_codes=FEATURED_NOT_OURS_REGAIN,STEP_REGAIN_TO_RIVAL,BINDING_CEILING_COMPLIANCE,DVE_DISABLED_FEATURED_WINNER_DELIVERY_UNKNOWN
2026-02-17T12:50:35Z cycle_sleep seconds=900.00
2026-02-17T13:05:35Z cycle_start run_id=20260217T130535Z phase1_pilot=1 run_once=0 loop_sleep_seconds=900.00
2026-02-17T13:06:25Z snapshot_refresh ok listing_rows=12 seller_rows=108
2026-02-17T13:06:53Z phase1 h_cycle sku=YC-3L3M-BV48 processed_count=11 processed_skus=4W-VS57-BV6A,6V-EEC1-2S9Z,AX-NKNU-29C1,JB-RGB6-LZOJ,L1-54EX-56YC,RZ-6ZL9-CZ7J,TJ-6LOP-OPEU,VF-3T0K-DR5O,XE-YPAI-HX9F,XH-0LAE-FQO5,YC-3L3M-BV48 skipped_cooldown_count=0 state=REGAIN write_status=READ_ONLY_NO_WRITE ceiling=109.45 reason_codes=FEATURED_NOT_OURS_REGAIN,STEP_REGAIN_TO_RIVAL,BINDING_CEILING_COMPLIANCE,DVE_DISABLED_FEATURED_WINNER_DELIVERY_UNKNOWN,LIVE_WRITES_DISABLED
2026-02-17T13:06:53Z cycle_sleep seconds=900.00
2026-02-17T13:21:53Z cycle_start run_id=20260217T132153Z phase1_pilot=1 run_once=0 loop_sleep_seconds=900.00
2026-02-17T13:22:42Z snapshot_refresh ok listing_rows=12 seller_rows=108
2026-02-17T13:23:11Z phase1 h_cycle sku=YC-3L3M-BV48 processed_count=11 processed_skus=4W-VS57-BV6A,6V-EEC1-2S9Z,AX-NKNU-29C1,JB-RGB6-LZOJ,L1-54EX-56YC,RZ-6ZL9-CZ7J,TJ-6LOP-OPEU,VF-3T0K-DR5O,XE-YPAI-HX9F,XH-0LAE-FQO5,YC-3L3M-BV48 skipped_cooldown_count=0 state=REGAIN write_status=READ_ONLY_NO_WRITE ceiling=109.45 reason_codes=FEATURED_NOT_OURS_REGAIN,STEP_REGAIN_TO_RIVAL,BINDING_CEILING_COMPLIANCE,DVE_DISABLED_FEATURED_WINNER_DELIVERY_UNKNOWN,LIVE_WRITES_DISABLED
2026-02-17T13:23:11Z cycle_sleep seconds=900.00
2026-02-17T13:38:11Z cycle_start run_id=20260217T133811Z phase1_pilot=1 run_once=0 loop_sleep_seconds=900.00
2026-02-17T13:39:01Z snapshot_refresh ok listing_rows=12 seller_rows=108
2026-02-17T13:39:30Z phase1 h_cycle sku=YC-3L3M-BV48 processed_count=11 processed_skus=4W-VS57-BV6A,6V-EEC1-2S9Z,AX-NKNU-29C1,JB-RGB6-LZOJ,L1-54EX-56YC,RZ-6ZL9-CZ7J,TJ-6LOP-OPEU,VF-3T0K-DR5O,XE-YPAI-HX9F,XH-0LAE-FQO5,YC-3L3M-BV48 skipped_cooldown_count=0 state=REGAIN write_status=READ_ONLY_NO_WRITE ceiling=109.45 reason_codes=FEATURED_NOT_OURS_REGAIN,STEP_REGAIN_TO_RIVAL,BINDING_CEILING_COMPLIANCE,DVE_DISABLED_FEATURED_WINNER_DELIVERY_UNKNOWN,LIVE_WRITES_DISABLED
2026-02-17T13:39:30Z cycle_sleep seconds=900.00
2026-02-17T13:54:30Z cycle_start run_id=20260217T135430Z phase1_pilot=1 run_once=0 loop_sleep_seconds=900.00
2026-02-17T13:55:19Z snapshot_refresh ok listing_rows=12 seller_rows=108
2026-02-17T13:55:48Z phase1 h_cycle sku=YC-3L3M-BV48 processed_count=11 processed_skus=4W-VS57-BV6A,6V-EEC1-2S9Z,AX-NKNU-29C1,JB-RGB6-LZOJ,L1-54EX-56YC,RZ-6ZL9-CZ7J,TJ-6LOP-OPEU,VF-3T0K-DR5O,XE-YPAI-HX9F,XH-0LAE-FQO5,YC-3L3M-BV48 skipped_cooldown_count=0 state=REGAIN write_status=READ_ONLY_NO_WRITE ceiling=109.45 reason_codes=FEATURED_NOT_OURS_REGAIN,STEP_REGAIN_TO_RIVAL,BINDING_CEILING_COMPLIANCE,DVE_DISABLED_FEATURED_WINNER_DELIVERY_UNKNOWN,LIVE_WRITES_DISABLED
2026-02-17T13:55:48Z cycle_sleep seconds=900.00
2026-02-17T14:10:48Z cycle_start run_id=20260217T141048Z phase1_pilot=1 run_once=0 loop_sleep_seconds=900.00
2026-02-17T14:11:37Z snapshot_refresh ok listing_rows=12 seller_rows=108
2026-02-17T14:12:07Z phase1 h_cycle sku=YC-3L3M-BV48 processed_count=11 processed_skus=4W-VS57-BV6A,6V-EEC1-2S9Z,AX-NKNU-29C1,JB-RGB6-LZOJ,L1-54EX-56YC,RZ-6ZL9-CZ7J,TJ-6LOP-OPEU,VF-3T0K-DR5O,XE-YPAI-HX9F,XH-0LAE-FQO5,YC-3L3M-BV48 skipped_cooldown_count=0 state=REGAIN write_status=READ_ONLY_NO_WRITE ceiling=109.45 reason_codes=FEATURED_NOT_OURS_REGAIN,STEP_REGAIN_TO_RIVAL,BINDING_CEILING_COMPLIANCE,DVE_DISABLED_FEATURED_WINNER_DELIVERY_UNKNOWN,LIVE_WRITES_DISABLED
2026-02-17T14:12:07Z cycle_sleep seconds=900.00
2026-02-17T14:27:07Z cycle_start run_id=20260217T142707Z phase1_pilot=1 run_once=0 loop_sleep_seconds=900.00
2026-02-17T14:28:04Z snapshot_refresh ok listing_rows=12 seller_rows=108
2026-02-17T14:28:36Z phase1 h_cycle sku=YC-3L3M-BV48 processed_count=11 processed_skus=4W-VS57-BV6A,6V-EEC1-2S9Z,AX-NKNU-29C1,JB-RGB6-LZOJ,L1-54EX-56YC,RZ-6ZL9-CZ7J,TJ-6LOP-OPEU,VF-3T0K-DR5O,XE-YPAI-HX9F,XH-0LAE-FQO5,YC-3L3M-BV48 skipped_cooldown_count=0 state=REGAIN write_status=READ_ONLY_NO_WRITE ceiling=109.45 reason_codes=FEATURED_NOT_OURS_REGAIN,STEP_REGAIN_TO_RIVAL,BINDING_CEILING_COMPLIANCE,DVE_DISABLED_FEATURED_WINNER_DELIVERY_UNKNOWN,LIVE_WRITES_DISABLED
2026-02-17T14:28:36Z cycle_sleep seconds=900.00
2026-02-17T14:43:36Z cycle_start run_id=20260217T144336Z phase1_pilot=1 run_once=0 loop_sleep_seconds=900.00
2026-02-17T14:44:31Z snapshot_refresh ok listing_rows=12 seller_rows=108
2026-02-17T14:44:34Z phase1 h_cycle sku=4W-VS57-BV6A processed_count=1 processed_skus=4W-VS57-BV6A skipped_cooldown_count=0 state=REGAIN write_status=READ_ONLY_NO_WRITE ceiling=44.99 reason_codes=FEATURED_NOT_OURS_REGAIN,STEP_REGAIN_TO_RIVAL,BINDING_CEILING_COMPLIANCE,DVE_DISABLED_FEATURED_WINNER_DELIVERY_UNKNOWN,LIVE_WRITES_DISABLED
2026-02-17T14:44:34Z cycle_sleep seconds=900.00
2026-02-17T14:59:34Z cycle_start run_id=20260217T145934Z phase1_pilot=1 run_once=0 loop_sleep_seconds=900.00
2026-02-17T15:00:32Z snapshot_refresh ok listing_rows=12 seller_rows=108
2026-02-17T15:00:34Z phase1 h_cycle sku= processed_count=0 processed_skus= skipped_cooldown_count=1 state=NO_SKU_DUE write_status=NO_SKU_DUE_COOLDOWN ceiling= reason_codes=NO_SKU_DUE_COOLDOWN
2026-02-17T15:00:34Z cycle_sleep seconds=900.00
2026-02-17T15:07:25Z cycle_start run_id=20260217T150725Z phase1_pilot=1 run_once=0 loop_sleep_seconds=1.00
2026-02-17T15:11:57Z snapshot_refresh ok listing_rows=61 seller_rows=487
2026-02-17T15:12:01Z phase1 h_cycle sku=L1-54EX-56YC processed_count=1 processed_skus=L1-54EX-56YC skipped_cooldown_count=0 state=REGAIN write_status=APPLIED ceiling=17.99 reason_codes=FEATURED_NOT_OURS_REGAIN,STEP_REGAIN_TO_RIVAL,GUARDRAIL_HARD_FLOOR_CLAMP,BINDING_CEILING_COMPLIANCE,DVE_DISABLED_FEATURED_WINNER_DELIVERY_UNKNOWN
2026-02-17T15:12:01Z cycle_sleep seconds=1.00 mode=fixed next_due_seconds=0 next_due_sku=
2026-02-17T15:12:02Z cycle_start run_id=20260217T151202Z phase1_pilot=1 run_once=0 loop_sleep_seconds=1.00
2026-02-17T15:16:38Z snapshot_refresh ok listing_rows=61 seller_rows=487
2026-02-17T15:16:41Z phase1 h_cycle sku=L1-54EX-56YC processed_count=1 processed_skus=L1-54EX-56YC skipped_cooldown_count=0 state=REGAIN write_status=APPLIED ceiling=17.99 reason_codes=FEATURED_NOT_OURS_REGAIN,STEP_REGAIN_TO_RIVAL,GUARDRAIL_HARD_FLOOR_CLAMP,BINDING_CEILING_COMPLIANCE,DVE_DISABLED_FEATURED_WINNER_DELIVERY_UNKNOWN
2026-02-17T15:16:41Z cycle_sleep seconds=1.00 mode=fixed next_due_seconds=0 next_due_sku=
2026-02-17T15:16:42Z cycle_start run_id=20260217T151642Z phase1_pilot=1 run_once=0 loop_sleep_seconds=1.00
2026-02-17T15:21:15Z snapshot_refresh ok listing_rows=61 seller_rows=487
2026-02-17T15:21:19Z phase1 h_cycle sku=L1-54EX-56YC processed_count=1 processed_skus=L1-54EX-56YC skipped_cooldown_count=0 state=REGAIN write_status=APPLIED ceiling=17.99 reason_codes=FEATURED_NOT_OURS_REGAIN,STEP_REGAIN_TO_RIVAL,GUARDRAIL_HARD_FLOOR_CLAMP,BINDING_CEILING_COMPLIANCE,DVE_DISABLED_FEATURED_WINNER_DELIVERY_UNKNOWN
2026-02-17T15:21:19Z cycle_sleep seconds=1.00 mode=fixed next_due_seconds=0 next_due_sku=
2026-02-17T15:21:20Z cycle_start run_id=20260217T152120Z phase1_pilot=1 run_once=0 loop_sleep_seconds=1.00
2026-02-17T15:23:52Z cycle_start run_id=20260217T152352Z phase1_pilot=1 run_once=0 loop_sleep_seconds=1.00
2026-02-17T15:28:19Z snapshot_refresh ok listing_rows=61 seller_rows=487
2026-02-17T15:28:24Z phase1 h_cycle sku=L1-54EX-56YC processed_count=1 processed_skus=L1-54EX-56YC skipped_cooldown_count=0 state=REGAIN write_status=WRITE_NOT_APPLIED ceiling=17.99 reason_codes=FEATURED_NOT_OURS_REGAIN,STEP_REGAIN_TO_RIVAL,BINDING_CEILING_COMPLIANCE,DVE_DISABLED_FEATURED_WINNER_DELIVERY_UNKNOWN
2026-02-17T15:28:24Z cycle_sleep seconds=1.00 mode=fixed next_due_seconds=0 next_due_sku=
2026-02-17T15:28:25Z cycle_start run_id=20260217T152825Z phase1_pilot=1 run_once=0 loop_sleep_seconds=1.00
2026-02-17T15:32:59Z snapshot_refresh ok listing_rows=61 seller_rows=487
2026-02-17T15:33:03Z phase1 h_cycle sku=L1-54EX-56YC processed_count=1 processed_skus=L1-54EX-56YC skipped_cooldown_count=0 state=REGAIN write_status=WRITE_NOT_APPLIED ceiling=17.99 reason_codes=FEATURED_NOT_OURS_REGAIN,STEP_REGAIN_TO_RIVAL,BINDING_CEILING_COMPLIANCE,DVE_DISABLED_FEATURED_WINNER_DELIVERY_UNKNOWN
2026-02-17T15:33:03Z cycle_sleep seconds=1.00 mode=fixed next_due_seconds=0 next_due_sku=
2026-02-17T15:33:04Z cycle_start run_id=20260217T153304Z phase1_pilot=1 run_once=0 loop_sleep_seconds=1.00
2026-02-17T15:37:46Z snapshot_refresh ok listing_rows=61 seller_rows=487
2026-02-17T15:37:50Z phase1 h_cycle sku=L1-54EX-56YC processed_count=1 processed_skus=L1-54EX-56YC skipped_cooldown_count=0 state=REGAIN write_status=WRITE_NOT_APPLIED ceiling=17.99 reason_codes=FEATURED_NOT_OURS_REGAIN,STEP_REGAIN_TO_RIVAL,BINDING_CEILING_COMPLIANCE,DVE_DISABLED_FEATURED_WINNER_DELIVERY_UNKNOWN
2026-02-17T15:37:50Z cycle_sleep seconds=1.00 mode=fixed next_due_seconds=0 next_due_sku=
2026-02-17T15:37:51Z cycle_start run_id=20260217T153751Z phase1_pilot=1 run_once=0 loop_sleep_seconds=1.00
2026-02-17T15:42:27Z snapshot_refresh ok listing_rows=61 seller_rows=487
2026-02-17T15:42:31Z phase1 h_cycle sku=L1-54EX-56YC processed_count=1 processed_skus=L1-54EX-56YC skipped_cooldown_count=0 state=REGAIN write_status=APPLIED ceiling=17.99 reason_codes=FEATURED_NOT_OURS_REGAIN,STEP_REGAIN_TO_RIVAL,GUARDRAIL_HARD_FLOOR_CLAMP,BINDING_CEILING_COMPLIANCE,DVE_DISABLED_FEATURED_WINNER_DELIVERY_UNKNOWN
2026-02-17T15:42:31Z cycle_sleep seconds=1.00 mode=fixed next_due_seconds=0 next_due_sku=
2026-02-17T15:42:32Z cycle_start run_id=20260217T154232Z phase1_pilot=1 run_once=0 loop_sleep_seconds=1.00
2026-02-17T15:47:07Z snapshot_refresh ok listing_rows=61 seller_rows=487
2026-02-17T15:47:09Z phase1 h_cycle sku=L1-54EX-56YC processed_count=1 processed_skus=L1-54EX-56YC skipped_cooldown_count=0 state=REGAIN write_status=NO_WRITE_REQUIRED ceiling=17.99 reason_codes=FEATURED_NOT_OURS_REGAIN,STEP_REGAIN_TO_RIVAL,BINDING_CEILING_COMPLIANCE,DVE_DISABLED_FEATURED_WINNER_DELIVERY_UNKNOWN
2026-02-17T15:47:09Z cycle_sleep seconds=1.00 mode=fixed next_due_seconds=0 next_due_sku=
2026-02-17T15:47:10Z cycle_start run_id=20260217T154710Z phase1_pilot=1 run_once=0 loop_sleep_seconds=1.00
2026-02-17T15:51:40Z snapshot_refresh ok listing_rows=61 seller_rows=487
2026-02-17T15:51:42Z phase1 h_cycle sku=L1-54EX-56YC processed_count=1 processed_skus=L1-54EX-56YC skipped_cooldown_count=0 state=REGAIN write_status=NO_WRITE_REQUIRED ceiling=17.99 reason_codes=FEATURED_NOT_OURS_REGAIN,STEP_REGAIN_TO_RIVAL,BINDING_CEILING_COMPLIANCE,DVE_DISABLED_FEATURED_WINNER_DELIVERY_UNKNOWN
2026-02-17T15:51:42Z cycle_sleep seconds=1.00 mode=fixed next_due_seconds=0 next_due_sku=
2026-02-17T15:51:43Z cycle_start run_id=20260217T155143Z phase1_pilot=1 run_once=0 loop_sleep_seconds=1.00
2026-02-17T15:55:59Z snapshot_refresh ok listing_rows=61 seller_rows=488
2026-02-17T15:56:01Z phase1 h_cycle sku=L1-54EX-56YC processed_count=1 processed_skus=L1-54EX-56YC skipped_cooldown_count=0 state=RAISE_FIND_LOSS write_status=NO_WRITE_REQUIRED ceiling=17.99 reason_codes=MISSING_BOUND_RAISE_FIND_LOSS,STEP_RAISE_FIND_LOSS_UP,CPT_RISK_UNKNOWN_CONSERVATIVE_HOLD,BINDING_CEILING_COMPLIANCE,DVE_DISABLED_FEATURED_WINNER_DELIVERY_UNKNOWN
2026-02-17T15:56:01Z cycle_sleep seconds=1.00 mode=fixed next_due_seconds=0 next_due_sku=
2026-02-17T15:56:02Z cycle_start run_id=20260217T155602Z phase1_pilot=1 run_once=0 loop_sleep_seconds=1.00
2026-02-17T16:00:18Z snapshot_refresh ok listing_rows=61 seller_rows=488
2026-02-17T16:00:22Z phase1 h_cycle sku=L1-54EX-56YC processed_count=1 processed_skus=L1-54EX-56YC skipped_cooldown_count=0 state=REGAIN write_status=WRITE_NOT_APPLIED ceiling=17.99 reason_codes=FEATURED_NOT_OURS_REGAIN,STEP_REGAIN_TO_RIVAL,BINDING_CEILING_COMPLIANCE,DVE_DISABLED_FEATURED_WINNER_DELIVERY_UNKNOWN
2026-02-17T16:00:22Z cycle_sleep seconds=1.00 mode=fixed next_due_seconds=0 next_due_sku=
2026-02-17T16:00:23Z cycle_start run_id=20260217T160023Z phase1_pilot=1 run_once=0 loop_sleep_seconds=1.00
2026-02-17T16:04:45Z snapshot_refresh ok listing_rows=61 seller_rows=488
2026-02-17T16:04:49Z phase1 h_cycle sku=L1-54EX-56YC processed_count=1 processed_skus=L1-54EX-56YC skipped_cooldown_count=0 state=REGAIN write_status=WRITE_NOT_APPLIED ceiling=17.99 reason_codes=FEATURED_NOT_OURS_REGAIN,STEP_REGAIN_TO_RIVAL,BINDING_CEILING_COMPLIANCE,DVE_DISABLED_FEATURED_WINNER_DELIVERY_UNKNOWN
2026-02-17T16:04:49Z cycle_sleep seconds=1.00 mode=fixed next_due_seconds=0 next_due_sku=
2026-02-17T16:04:50Z cycle_start run_id=20260217T160450Z phase1_pilot=1 run_once=0 loop_sleep_seconds=1.00
2026-02-17T16:09:07Z snapshot_refresh ok listing_rows=61 seller_rows=488
2026-02-17T16:09:10Z phase1 h_cycle sku=L1-54EX-56YC processed_count=1 processed_skus=L1-54EX-56YC skipped_cooldown_count=0 state=REGAIN write_status=APPLIED ceiling=17.99 reason_codes=FEATURED_NOT_OURS_REGAIN,STEP_REGAIN_TO_RIVAL,BINDING_CEILING_COMPLIANCE,DVE_DISABLED_FEATURED_WINNER_DELIVERY_UNKNOWN
2026-02-17T16:09:10Z cycle_sleep seconds=1.00 mode=fixed next_due_seconds=0 next_due_sku=
2026-02-17T16:09:11Z cycle_start run_id=20260217T160911Z phase1_pilot=1 run_once=0 loop_sleep_seconds=1.00
2026-02-17T16:13:30Z snapshot_refresh ok listing_rows=61 seller_rows=489
2026-02-17T16:13:32Z phase1 h_cycle sku=L1-54EX-56YC processed_count=1 processed_skus=L1-54EX-56YC skipped_cooldown_count=0 state=REGAIN write_status=NO_WRITE_REQUIRED ceiling=17.99 reason_codes=FEATURED_NOT_OURS_REGAIN,STEP_REGAIN_TO_RIVAL,BINDING_CEILING_COMPLIANCE,DVE_DISABLED_FEATURED_WINNER_DELIVERY_UNKNOWN
2026-02-17T16:13:32Z cycle_sleep seconds=1.00 mode=fixed next_due_seconds=0 next_due_sku=
2026-02-17T16:13:33Z cycle_start run_id=20260217T161333Z phase1_pilot=1 run_once=0 loop_sleep_seconds=1.00
2026-02-17T16:17:54Z snapshot_refresh ok listing_rows=61 seller_rows=489
2026-02-17T16:17:56Z phase1 h_cycle sku=L1-54EX-56YC processed_count=1 processed_skus=L1-54EX-56YC skipped_cooldown_count=0 state=REGAIN write_status=NO_WRITE_REQUIRED ceiling=17.99 reason_codes=FEATURED_NOT_OURS_REGAIN,STEP_REGAIN_TO_RIVAL,BINDING_CEILING_COMPLIANCE,DVE_DISABLED_FEATURED_WINNER_DELIVERY_UNKNOWN
2026-02-17T16:17:56Z cycle_sleep seconds=1.00 mode=fixed next_due_seconds=0 next_due_sku=
2026-02-17T16:17:57Z cycle_start run_id=20260217T161757Z phase1_pilot=1 run_once=0 loop_sleep_seconds=1.00
2026-02-17T16:22:14Z snapshot_refresh ok listing_rows=61 seller_rows=489
2026-02-17T16:22:16Z phase1 h_cycle sku=L1-54EX-56YC processed_count=1 processed_skus=L1-54EX-56YC skipped_cooldown_count=0 state=REGAIN write_status=NO_WRITE_REQUIRED ceiling=17.99 reason_codes=FEATURED_NOT_OURS_REGAIN,STEP_REGAIN_TO_RIVAL,BINDING_CEILING_COMPLIANCE,DVE_DISABLED_FEATURED_WINNER_DELIVERY_UNKNOWN
2026-02-17T16:22:16Z cycle_sleep seconds=1.00 mode=fixed next_due_seconds=0 next_due_sku=
2026-02-17T16:22:17Z cycle_start run_id=20260217T162217Z phase1_pilot=1 run_once=0 loop_sleep_seconds=1.00
2026-02-17T16:26:33Z snapshot_refresh ok listing_rows=61 seller_rows=489
2026-02-17T16:26:35Z phase1 h_cycle sku=L1-54EX-56YC processed_count=1 processed_skus=L1-54EX-56YC skipped_cooldown_count=0 state=REGAIN write_status=NO_WRITE_REQUIRED ceiling=17.99 reason_codes=FEATURED_NOT_OURS_REGAIN,STEP_REGAIN_TO_RIVAL,BINDING_CEILING_COMPLIANCE,DVE_DISABLED_FEATURED_WINNER_DELIVERY_UNKNOWN
2026-02-17T16:26:35Z cycle_sleep seconds=1.00 mode=fixed next_due_seconds=0 next_due_sku=
2026-02-17T16:26:36Z cycle_start run_id=20260217T162636Z phase1_pilot=1 run_once=0 loop_sleep_seconds=1.00
2026-02-17T16:31:03Z snapshot_refresh ok listing_rows=61 seller_rows=489
2026-02-17T16:31:05Z phase1 h_cycle sku=L1-54EX-56YC processed_count=1 processed_skus=L1-54EX-56YC skipped_cooldown_count=0 state=REGAIN write_status=NO_WRITE_REQUIRED ceiling=17.99 reason_codes=FEATURED_NOT_OURS_REGAIN,STEP_REGAIN_TO_RIVAL,BINDING_CEILING_COMPLIANCE,DVE_DISABLED_FEATURED_WINNER_DELIVERY_UNKNOWN
2026-02-17T16:31:05Z cycle_sleep seconds=1.00 mode=fixed next_due_seconds=0 next_due_sku=
2026-02-17T16:31:06Z cycle_start run_id=20260217T163106Z phase1_pilot=1 run_once=0 loop_sleep_seconds=1.00
2026-02-17T16:35:28Z snapshot_refresh ok listing_rows=61 seller_rows=489
2026-02-17T16:35:30Z phase1 h_cycle sku=L1-54EX-56YC processed_count=1 processed_skus=L1-54EX-56YC skipped_cooldown_count=0 state=REGAIN write_status=NO_WRITE_REQUIRED ceiling=17.99 reason_codes=FEATURED_NOT_OURS_REGAIN,STEP_REGAIN_TO_RIVAL,BINDING_CEILING_COMPLIANCE,DVE_DISABLED_FEATURED_WINNER_DELIVERY_UNKNOWN
2026-02-17T16:35:30Z cycle_sleep seconds=1.00 mode=fixed next_due_seconds=0 next_due_sku=
2026-02-17T16:35:31Z cycle_start run_id=20260217T163531Z phase1_pilot=1 run_once=0 loop_sleep_seconds=1.00
2026-02-17T16:39:49Z snapshot_refresh ok listing_rows=61 seller_rows=489
2026-02-17T16:39:51Z phase1 h_cycle sku=L1-54EX-56YC processed_count=1 processed_skus=L1-54EX-56YC skipped_cooldown_count=0 state=REGAIN write_status=NO_WRITE_REQUIRED ceiling=17.99 reason_codes=FEATURED_NOT_OURS_REGAIN,STEP_REGAIN_TO_RIVAL,BINDING_CEILING_COMPLIANCE,DVE_DISABLED_FEATURED_WINNER_DELIVERY_UNKNOWN
2026-02-17T16:39:51Z cycle_sleep seconds=1.00 mode=fixed next_due_seconds=0 next_due_sku=
2026-02-17T16:39:52Z cycle_start run_id=20260217T163952Z phase1_pilot=1 run_once=0 loop_sleep_seconds=1.00
2026-02-17T16:44:08Z snapshot_refresh ok listing_rows=61 seller_rows=489
2026-02-17T16:44:10Z phase1 h_cycle sku=L1-54EX-56YC processed_count=1 processed_skus=L1-54EX-56YC skipped_cooldown_count=0 state=REGAIN write_status=NO_WRITE_REQUIRED ceiling=17.99 reason_codes=FEATURED_NOT_OURS_REGAIN,STEP_REGAIN_TO_RIVAL,BINDING_CEILING_COMPLIANCE,DVE_DISABLED_FEATURED_WINNER_DELIVERY_UNKNOWN
2026-02-17T16:44:10Z cycle_sleep seconds=1.00 mode=fixed next_due_seconds=0 next_due_sku=
2026-02-17T16:44:11Z cycle_start run_id=20260217T164411Z phase1_pilot=1 run_once=0 loop_sleep_seconds=1.00
2026-02-17T16:48:28Z snapshot_refresh ok listing_rows=61 seller_rows=489
2026-02-17T16:48:30Z phase1 h_cycle sku=L1-54EX-56YC processed_count=1 processed_skus=L1-54EX-56YC skipped_cooldown_count=0 state=REGAIN write_status=NO_WRITE_REQUIRED ceiling=17.99 reason_codes=FEATURED_NOT_OURS_REGAIN,STEP_REGAIN_TO_RIVAL,BINDING_CEILING_COMPLIANCE,DVE_DISABLED_FEATURED_WINNER_DELIVERY_UNKNOWN
2026-02-17T16:48:30Z cycle_sleep seconds=1.00 mode=fixed next_due_seconds=0 next_due_sku=
2026-02-17T16:48:31Z cycle_start run_id=20260217T164831Z phase1_pilot=1 run_once=0 loop_sleep_seconds=1.00
2026-02-17T16:52:50Z snapshot_refresh ok listing_rows=61 seller_rows=488
2026-02-17T16:52:52Z phase1 h_cycle sku=L1-54EX-56YC processed_count=1 processed_skus=L1-54EX-56YC skipped_cooldown_count=0 state=REGAIN write_status=NO_WRITE_REQUIRED ceiling=17.99 reason_codes=FEATURED_NOT_OURS_REGAIN,STEP_REGAIN_TO_RIVAL,BINDING_CEILING_COMPLIANCE,DVE_DISABLED_FEATURED_WINNER_DELIVERY_UNKNOWN
2026-02-17T16:52:52Z cycle_sleep seconds=1.00 mode=fixed next_due_seconds=0 next_due_sku=
2026-02-17T16:52:53Z cycle_start run_id=20260217T165253Z phase1_pilot=1 run_once=0 loop_sleep_seconds=1.00
2026-02-17T16:57:44Z snapshot_refresh ok listing_rows=61 seller_rows=488
2026-02-17T16:57:47Z phase1 h_cycle sku=L1-54EX-56YC processed_count=1 processed_skus=L1-54EX-56YC skipped_cooldown_count=0 state=REGAIN write_status=NO_WRITE_REQUIRED ceiling=17.99 reason_codes=FEATURED_NOT_OURS_REGAIN,STEP_REGAIN_TO_RIVAL,BINDING_CEILING_COMPLIANCE,DVE_DISABLED_FEATURED_WINNER_DELIVERY_UNKNOWN
2026-02-17T16:57:47Z cycle_sleep seconds=1.00 mode=fixed next_due_seconds=0 next_due_sku=
2026-02-17T16:57:48Z cycle_start run_id=20260217T165748Z phase1_pilot=1 run_once=0 loop_sleep_seconds=1.00
2026-02-17T17:02:05Z snapshot_refresh ok listing_rows=61 seller_rows=488
2026-02-17T17:02:08Z phase1 h_cycle sku=L1-54EX-56YC processed_count=1 processed_skus=L1-54EX-56YC skipped_cooldown_count=0 state=REGAIN write_status=NO_WRITE_REQUIRED ceiling=17.99 reason_codes=FEATURED_NOT_OURS_REGAIN,STEP_REGAIN_TO_RIVAL,BINDING_CEILING_COMPLIANCE,DVE_DISABLED_FEATURED_WINNER_DELIVERY_UNKNOWN
2026-02-17T17:02:08Z cycle_sleep seconds=1.00 mode=fixed next_due_seconds=0 next_due_sku=
2026-02-17T17:02:09Z cycle_start run_id=20260217T170209Z phase1_pilot=1 run_once=0 loop_sleep_seconds=1.00
2026-02-17T17:06:33Z snapshot_refresh ok listing_rows=61 seller_rows=488
2026-02-17T17:06:35Z phase1 h_cycle sku=L1-54EX-56YC processed_count=1 processed_skus=L1-54EX-56YC skipped_cooldown_count=0 state=REGAIN write_status=NO_WRITE_REQUIRED ceiling=17.99 reason_codes=FEATURED_NOT_OURS_REGAIN,STEP_REGAIN_TO_RIVAL,BINDING_CEILING_COMPLIANCE,DVE_DISABLED_FEATURED_WINNER_DELIVERY_UNKNOWN
2026-02-17T17:06:35Z cycle_sleep seconds=1.00 mode=fixed next_due_seconds=0 next_due_sku=
2026-02-17T17:06:36Z cycle_start run_id=20260217T170636Z phase1_pilot=1 run_once=0 loop_sleep_seconds=1.00
2026-02-17T17:10:55Z snapshot_refresh ok listing_rows=61 seller_rows=488
2026-02-17T17:13:31Z phase1 h_cycle daily_intel missing for today; run A016_refresh_phase1_daily_intel.py
2026-02-17T17:13:31Z phase1 h_cycle sku=ZT-QPY3-P24I processed_count=60 processed_skus=0G-JB6S-PN34,0R-GRRH-W0Z9,2G-AYBQ-TUQG,3X-EXDD-TD2K,4W-VS57-BV6A,5Z-6Z0P-9TQQ,6Q-9G2A-IKVV,6V-EEC1-2S9Z,714810,7M-48OU-23X3,8M-LM6B-F2Q5,8M-NHB7-T8TR,8U-QPFH-3EKQ,9X-HL62-83C7,A1-KSU1-GZMS,A2-T2AC-TW3L,AF-KIHX-ANYY,AX-NKNU-29C1,BL-WX51-KQOK,CJ-X0SS-QOUW,CX-SMCH-4DYA,D0-C7C0-H6LN,D8-1A3E-I37F,DC-K5WH-R7F5,EV-CHU5-XU3G,FB-6FW0-Z82Q,GA-9DTN-9O1E,GY-FO04-RDYL,H6-E7MP-EBPD,HL-03ZR-QPHH,HS-R5IP-7E1C,IJ-V0PQ-4CZ4,JB-RGB6-LZOJ,L5-PF3B-WHU4,LP-QMNJ-J49G,LR-7GM6-1RCH,OV-LVEL-DQL6,R4-0AXZ-ZZ9D,R7-98IN-2PW8,RI-VSUS-0YTD,RW-AZK6-O4M2,RZ-6ZL9-CZ7J,TJ-6LOP-OPEU,TK-E7QE-T40G,UR-Q7TM-1F3I,US-AK96-YFSB,VF-3T0K-DR5O,VO-A6AR-18YS,VU-8KRA-QP5M,W3-8FN7-FSP0,WE-1Z7L-SA2I,X7-MY4W-H2I4,XE-27ZG-EZPZ,XE-YPAI-HX9F,XH-0LAE-FQO5,XY-UM2X-TPS3,YC-3L3M-BV48,YO-EKK2-FRCC,Z7-26PV-O9LR,ZT-QPY3-P24I skipped_cooldown_count=1 state=RAISE_FIND_LOSS write_status=NO_WRITE_REQUIRED ceiling=17.99 reason_codes=DAILY_INTEL_REFRESH_ATTEMPTED,MISSING_BOUND_RAISE_FIND_LOSS,FAIL_CEILING_BELOW_HARD_FLOOR,FLOOR_PRIORITY_CEILING_CONFLICT,FLOOR_PRIORITY_ALREADY_SAFE_NO_WRITE,BINDING_CEILING_COMPLIANCE,DVE_DISABLED_FEATURED_WINNER_DELIVERY_UNKNOWN
2026-02-17T17:13:31Z cycle_sleep seconds=633.00 mode=next_due next_due_seconds=633 next_due_sku=L1-54EX-56YC
2026-02-17T17:24:04Z cycle_start run_id=20260217T172404Z phase1_pilot=1 run_once=0 loop_sleep_seconds=1.00
2026-02-17T17:28:31Z snapshot_refresh ok listing_rows=61 seller_rows=487
2026-02-17T17:30:59Z phase1 h_cycle daily_intel missing for today; run A016_refresh_phase1_daily_intel.py
2026-02-17T17:30:59Z phase1 h_cycle sku=ZT-QPY3-P24I processed_count=60 processed_skus=0G-JB6S-PN34,0R-GRRH-W0Z9,2G-AYBQ-TUQG,3X-EXDD-TD2K,4W-VS57-BV6A,5Z-6Z0P-9TQQ,6Q-9G2A-IKVV,714810,7M-48OU-23X3,8M-LM6B-F2Q5,8M-NHB7-T8TR,8U-QPFH-3EKQ,9X-HL62-83C7,A1-KSU1-GZMS,A2-T2AC-TW3L,AF-KIHX-ANYY,AX-NKNU-29C1,BL-WX51-KQOK,CJ-X0SS-QOUW,CX-SMCH-4DYA,D0-C7C0-H6LN,D8-1A3E-I37F,DC-K5WH-R7F5,EV-CHU5-XU3G,FB-6FW0-Z82Q,GA-9DTN-9O1E,GY-FO04-RDYL,H6-E7MP-EBPD,HL-03ZR-QPHH,HS-R5IP-7E1C,IJ-V0PQ-4CZ4,JB-RGB6-LZOJ,L1-54EX-56YC,L5-PF3B-WHU4,LP-QMNJ-J49G,LR-7GM6-1RCH,OV-LVEL-DQL6,R4-0AXZ-ZZ9D,R7-98IN-2PW8,RI-VSUS-0YTD,RW-AZK6-O4M2,RZ-6ZL9-CZ7J,TJ-6LOP-OPEU,TK-E7QE-T40G,UR-Q7TM-1F3I,US-AK96-YFSB,VF-3T0K-DR5O,VO-A6AR-18YS,VU-8KRA-QP5M,W3-8FN7-FSP0,WE-1Z7L-SA2I,X7-MY4W-H2I4,XE-27ZG-EZPZ,XE-YPAI-HX9F,XH-0LAE-FQO5,XY-UM2X-TPS3,YC-3L3M-BV48,YO-EKK2-FRCC,Z7-26PV-O9LR,ZT-QPY3-P24I skipped_cooldown_count=1 state=RAISE_FIND_LOSS write_status=NO_WRITE_REQUIRED ceiling=17.99 reason_codes=MISSING_BOUND_RAISE_FIND_LOSS,FAIL_CEILING_BELOW_HARD_FLOOR,FLOOR_PRIORITY_CEILING_CONFLICT,FLOOR_PRIORITY_ALREADY_SAFE_NO_WRITE,BINDING_CEILING_COMPLIANCE,DVE_DISABLED_FEATURED_WINNER_DELIVERY_UNKNOWN
2026-02-17T17:30:59Z cycle_sleep seconds=900.00 mode=next_due next_due_seconds=900 next_due_sku=6V-EEC1-2S9Z
2026-02-17T17:45:59Z cycle_start run_id=20260217T174559Z phase1_pilot=1 run_once=0 loop_sleep_seconds=1.00
2026-02-17T17:50:28Z snapshot_refresh ok listing_rows=61 seller_rows=487
2026-02-17T17:52:56Z phase1 h_cycle daily_intel missing for today; run A016_refresh_phase1_daily_intel.py
2026-02-17T17:52:56Z phase1 h_cycle sku=ZT-QPY3-P24I processed_count=60 processed_skus=0G-JB6S-PN34,0R-GRRH-W0Z9,2G-AYBQ-TUQG,3X-EXDD-TD2K,4W-VS57-BV6A,5Z-6Z0P-9TQQ,6Q-9G2A-IKVV,714810,7M-48OU-23X3,8M-LM6B-F2Q5,8M-NHB7-T8TR,8U-QPFH-3EKQ,9X-HL62-83C7,A1-KSU1-GZMS,A2-T2AC-TW3L,AF-KIHX-ANYY,AX-NKNU-29C1,BL-WX51-KQOK,CJ-X0SS-QOUW,CX-SMCH-4DYA,D0-C7C0-H6LN,D8-1A3E-I37F,DC-K5WH-R7F5,EV-CHU5-XU3G,FB-6FW0-Z82Q,GA-9DTN-9O1E,GY-FO04-RDYL,H6-E7MP-EBPD,HL-03ZR-QPHH,HS-R5IP-7E1C,IJ-V0PQ-4CZ4,JB-RGB6-LZOJ,L1-54EX-56YC,L5-PF3B-WHU4,LP-QMNJ-J49G,LR-7GM6-1RCH,OV-LVEL-DQL6,R4-0AXZ-ZZ9D,R7-98IN-2PW8,RI-VSUS-0YTD,RW-AZK6-O4M2,RZ-6ZL9-CZ7J,TJ-6LOP-OPEU,TK-E7QE-T40G,UR-Q7TM-1F3I,US-AK96-YFSB,VF-3T0K-DR5O,VO-A6AR-18YS,VU-8KRA-QP5M,W3-8FN7-FSP0,WE-1Z7L-SA2I,X7-MY4W-H2I4,XE-27ZG-EZPZ,XE-YPAI-HX9F,XH-0LAE-FQO5,XY-UM2X-TPS3,YC-3L3M-BV48,YO-EKK2-FRCC,Z7-26PV-O9LR,ZT-QPY3-P24I skipped_cooldown_count=1 state=RAISE_FIND_LOSS write_status=NO_WRITE_REQUIRED ceiling=17.99 reason_codes=MISSING_BOUND_RAISE_FIND_LOSS,FAIL_CEILING_BELOW_HARD_FLOOR,FLOOR_PRIORITY_CEILING_CONFLICT,FLOOR_PRIORITY_ALREADY_SAFE_NO_WRITE,BINDING_CEILING_COMPLIANCE,DVE_DISABLED_FEATURED_WINNER_DELIVERY_UNKNOWN
2026-02-17T17:52:56Z cycle_sleep seconds=900.00 mode=next_due next_due_seconds=900 next_due_sku=6V-EEC1-2S9Z
2026-02-17T18:07:56Z cycle_start run_id=20260217T180756Z phase1_pilot=1 run_once=0 loop_sleep_seconds=1.00
2026-02-17T18:12:29Z snapshot_refresh ok listing_rows=61 seller_rows=487
2026-02-17T18:14:57Z phase1 h_cycle daily_intel missing for today; run A016_refresh_phase1_daily_intel.py
2026-02-17T18:14:57Z phase1 h_cycle sku=ZT-QPY3-P24I processed_count=60 processed_skus=0G-JB6S-PN34,0R-GRRH-W0Z9,2G-AYBQ-TUQG,3X-EXDD-TD2K,4W-VS57-BV6A,5Z-6Z0P-9TQQ,6Q-9G2A-IKVV,714810,7M-48OU-23X3,8M-LM6B-F2Q5,8M-NHB7-T8TR,8U-QPFH-3EKQ,9X-HL62-83C7,A1-KSU1-GZMS,A2-T2AC-TW3L,AF-KIHX-ANYY,AX-NKNU-29C1,BL-WX51-KQOK,CJ-X0SS-QOUW,CX-SMCH-4DYA,D0-C7C0-H6LN,D8-1A3E-I37F,DC-K5WH-R7F5,EV-CHU5-XU3G,FB-6FW0-Z82Q,GA-9DTN-9O1E,GY-FO04-RDYL,H6-E7MP-EBPD,HL-03ZR-QPHH,HS-R5IP-7E1C,IJ-V0PQ-4CZ4,JB-RGB6-LZOJ,L1-54EX-56YC,L5-PF3B-WHU4,LP-QMNJ-J49G,LR-7GM6-1RCH,OV-LVEL-DQL6,R4-0AXZ-ZZ9D,R7-98IN-2PW8,RI-VSUS-0YTD,RW-AZK6-O4M2,RZ-6ZL9-CZ7J,TJ-6LOP-OPEU,TK-E7QE-T40G,UR-Q7TM-1F3I,US-AK96-YFSB,VF-3T0K-DR5O,VO-A6AR-18YS,VU-8KRA-QP5M,W3-8FN7-FSP0,WE-1Z7L-SA2I,X7-MY4W-H2I4,XE-27ZG-EZPZ,XE-YPAI-HX9F,XH-0LAE-FQO5,XY-UM2X-TPS3,YC-3L3M-BV48,YO-EKK2-FRCC,Z7-26PV-O9LR,ZT-QPY3-P24I skipped_cooldown_count=1 state=RAISE_FIND_LOSS write_status=NO_WRITE_REQUIRED ceiling=17.99 reason_codes=MISSING_BOUND_RAISE_FIND_LOSS,FAIL_CEILING_BELOW_HARD_FLOOR,FLOOR_PRIORITY_CEILING_CONFLICT,FLOOR_PRIORITY_ALREADY_SAFE_NO_WRITE,BINDING_CEILING_COMPLIANCE,DVE_DISABLED_FEATURED_WINNER_DELIVERY_UNKNOWN
2026-02-17T18:14:57Z cycle_sleep seconds=900.00 mode=next_due next_due_seconds=900 next_due_sku=6V-EEC1-2S9Z
2026-02-17T18:29:57Z cycle_start run_id=20260217T182957Z phase1_pilot=1 run_once=0 loop_sleep_seconds=1.00
2026-02-17T18:34:34Z snapshot_refresh ok listing_rows=61 seller_rows=487
2026-02-17T18:37:02Z phase1 h_cycle daily_intel missing for today; run A016_refresh_phase1_daily_intel.py
2026-02-17T18:37:02Z phase1 h_cycle sku=ZT-QPY3-P24I processed_count=60 processed_skus=0G-JB6S-PN34,0R-GRRH-W0Z9,2G-AYBQ-TUQG,3X-EXDD-TD2K,4W-VS57-BV6A,5Z-6Z0P-9TQQ,6Q-9G2A-IKVV,714810,7M-48OU-23X3,8M-LM6B-F2Q5,8M-NHB7-T8TR,8U-QPFH-3EKQ,9X-HL62-83C7,A1-KSU1-GZMS,A2-T2AC-TW3L,AF-KIHX-ANYY,AX-NKNU-29C1,BL-WX51-KQOK,CJ-X0SS-QOUW,CX-SMCH-4DYA,D0-C7C0-H6LN,D8-1A3E-I37F,DC-K5WH-R7F5,EV-CHU5-XU3G,FB-6FW0-Z82Q,GA-9DTN-9O1E,GY-FO04-RDYL,H6-E7MP-EBPD,HL-03ZR-QPHH,HS-R5IP-7E1C,IJ-V0PQ-4CZ4,JB-RGB6-LZOJ,L1-54EX-56YC,L5-PF3B-WHU4,LP-QMNJ-J49G,LR-7GM6-1RCH,OV-LVEL-DQL6,R4-0AXZ-ZZ9D,R7-98IN-2PW8,RI-VSUS-0YTD,RW-AZK6-O4M2,RZ-6ZL9-CZ7J,TJ-6LOP-OPEU,TK-E7QE-T40G,UR-Q7TM-1F3I,US-AK96-YFSB,VF-3T0K-DR5O,VO-A6AR-18YS,VU-8KRA-QP5M,W3-8FN7-FSP0,WE-1Z7L-SA2I,X7-MY4W-H2I4,XE-27ZG-EZPZ,XE-YPAI-HX9F,XH-0LAE-FQO5,XY-UM2X-TPS3,YC-3L3M-BV48,YO-EKK2-FRCC,Z7-26PV-O9LR,ZT-QPY3-P24I skipped_cooldown_count=1 state=RAISE_FIND_LOSS write_status=NO_WRITE_REQUIRED ceiling=17.99 reason_codes=MISSING_BOUND_RAISE_FIND_LOSS,FAIL_CEILING_BELOW_HARD_FLOOR,FLOOR_PRIORITY_CEILING_CONFLICT,FLOOR_PRIORITY_ALREADY_SAFE_NO_WRITE,BINDING_CEILING_COMPLIANCE,DVE_DISABLED_FEATURED_WINNER_DELIVERY_UNKNOWN
2026-02-17T18:37:02Z cycle_sleep seconds=663.00 mode=next_due next_due_seconds=663 next_due_sku=6V-EEC1-2S9Z
2026-02-17T18:48:05Z cycle_start run_id=20260217T184805Z phase1_pilot=1 run_once=0 loop_sleep_seconds=1.00
2026-02-17T18:52:36Z snapshot_refresh ok listing_rows=61 seller_rows=487
2026-02-17T18:55:08Z phase1 h_cycle daily_intel missing for today; run A016_refresh_phase1_daily_intel.py
2026-02-17T18:55:08Z phase1 h_cycle sku=ZT-QPY3-P24I processed_count=61 processed_skus=0G-JB6S-PN34,0R-GRRH-W0Z9,2G-AYBQ-TUQG,3X-EXDD-TD2K,4W-VS57-BV6A,5Z-6Z0P-9TQQ,6Q-9G2A-IKVV,6V-EEC1-2S9Z,714810,7M-48OU-23X3,8M-LM6B-F2Q5,8M-NHB7-T8TR,8U-QPFH-3EKQ,9X-HL62-83C7,A1-KSU1-GZMS,A2-T2AC-TW3L,AF-KIHX-ANYY,AX-NKNU-29C1,BL-WX51-KQOK,CJ-X0SS-QOUW,CX-SMCH-4DYA,D0-C7C0-H6LN,D8-1A3E-I37F,DC-K5WH-R7F5,EV-CHU5-XU3G,FB-6FW0-Z82Q,GA-9DTN-9O1E,GY-FO04-RDYL,H6-E7MP-EBPD,HL-03ZR-QPHH,HS-R5IP-7E1C,IJ-V0PQ-4CZ4,JB-RGB6-LZOJ,L1-54EX-56YC,L5-PF3B-WHU4,LP-QMNJ-J49G,LR-7GM6-1RCH,OV-LVEL-DQL6,R4-0AXZ-ZZ9D,R7-98IN-2PW8,RI-VSUS-0YTD,RW-AZK6-O4M2,RZ-6ZL9-CZ7J,TJ-6LOP-OPEU,TK-E7QE-T40G,UR-Q7TM-1F3I,US-AK96-YFSB,VF-3T0K-DR5O,VO-A6AR-18YS,VU-8KRA-QP5M,W3-8FN7-FSP0,WE-1Z7L-SA2I,X7-MY4W-H2I4,XE-27ZG-EZPZ,XE-YPAI-HX9F,XH-0LAE-FQO5,XY-UM2X-TPS3,YC-3L3M-BV48,YO-EKK2-FRCC,Z7-26PV-O9LR,ZT-QPY3-P24I skipped_cooldown_count=0 state=RAISE_FIND_LOSS write_status=NO_WRITE_REQUIRED ceiling=17.99 reason_codes=MISSING_BOUND_RAISE_FIND_LOSS,FAIL_CEILING_BELOW_HARD_FLOOR,FLOOR_PRIORITY_CEILING_CONFLICT,FLOOR_PRIORITY_ALREADY_SAFE_NO_WRITE,BINDING_CEILING_COMPLIANCE,DVE_DISABLED_FEATURED_WINNER_DELIVERY_UNKNOWN
2026-02-17T18:55:08Z cycle_sleep seconds=1.00 mode=fixed next_due_seconds=0 next_due_sku=
2026-02-17T18:55:09Z cycle_start run_id=20260217T185509Z phase1_pilot=1 run_once=0 loop_sleep_seconds=1.00
2026-02-17T18:59:39Z snapshot_refresh ok listing_rows=61 seller_rows=487
2026-02-17T18:59:41Z phase1 h_cycle sku= processed_count=0 processed_skus= skipped_cooldown_count=61 state=NO_SKU_DUE write_status=NO_SKU_DUE_COOLDOWN ceiling= reason_codes=NO_SKU_DUE_COOLDOWN
2026-02-17T18:59:41Z cycle_sleep seconds=476.00 mode=next_due next_due_seconds=476 next_due_sku=0G-JB6S-PN34
2026-02-17T19:07:37Z cycle_start run_id=20260217T190737Z phase1_pilot=1 run_once=0 loop_sleep_seconds=1.00
2026-02-17T19:12:00Z snapshot_refresh ok listing_rows=61 seller_rows=487
2026-02-17T19:14:32Z phase1 h_cycle daily_intel missing for today; run A016_refresh_phase1_daily_intel.py
2026-02-17T19:14:32Z phase1 h_cycle sku=ZT-QPY3-P24I processed_count=61 processed_skus=0G-JB6S-PN34,0R-GRRH-W0Z9,2G-AYBQ-TUQG,3X-EXDD-TD2K,4W-VS57-BV6A,5Z-6Z0P-9TQQ,6Q-9G2A-IKVV,6V-EEC1-2S9Z,714810,7M-48OU-23X3,8M-LM6B-F2Q5,8M-NHB7-T8TR,8U-QPFH-3EKQ,9X-HL62-83C7,A1-KSU1-GZMS,A2-T2AC-TW3L,AF-KIHX-ANYY,AX-NKNU-29C1,BL-WX51-KQOK,CJ-X0SS-QOUW,CX-SMCH-4DYA,D0-C7C0-H6LN,D8-1A3E-I37F,DC-K5WH-R7F5,EV-CHU5-XU3G,FB-6FW0-Z82Q,GA-9DTN-9O1E,GY-FO04-RDYL,H6-E7MP-EBPD,HL-03ZR-QPHH,HS-R5IP-7E1C,IJ-V0PQ-4CZ4,JB-RGB6-LZOJ,L1-54EX-56YC,L5-PF3B-WHU4,LP-QMNJ-J49G,LR-7GM6-1RCH,OV-LVEL-DQL6,R4-0AXZ-ZZ9D,R7-98IN-2PW8,RI-VSUS-0YTD,RW-AZK6-O4M2,RZ-6ZL9-CZ7J,TJ-6LOP-OPEU,TK-E7QE-T40G,UR-Q7TM-1F3I,US-AK96-YFSB,VF-3T0K-DR5O,VO-A6AR-18YS,VU-8KRA-QP5M,W3-8FN7-FSP0,WE-1Z7L-SA2I,X7-MY4W-H2I4,XE-27ZG-EZPZ,XE-YPAI-HX9F,XH-0LAE-FQO5,XY-UM2X-TPS3,YC-3L3M-BV48,YO-EKK2-FRCC,Z7-26PV-O9LR,ZT-QPY3-P24I skipped_cooldown_count=0 state=RAISE_FIND_LOSS write_status=NO_WRITE_REQUIRED ceiling=17.99 reason_codes=MISSING_BOUND_RAISE_FIND_LOSS,FAIL_CEILING_BELOW_HARD_FLOOR,FLOOR_PRIORITY_CEILING_CONFLICT,FLOOR_PRIORITY_ALREADY_SAFE_NO_WRITE,BINDING_CEILING_COMPLIANCE,DVE_DISABLED_FEATURED_WINNER_DELIVERY_UNKNOWN
2026-02-17T19:14:32Z cycle_sleep seconds=1.00 mode=fixed next_due_seconds=0 next_due_sku=
2026-02-17T19:14:33Z cycle_start run_id=20260217T191433Z phase1_pilot=1 run_once=0 loop_sleep_seconds=1.00
2026-02-17T19:18:59Z snapshot_refresh ok listing_rows=61 seller_rows=487
2026-02-17T19:19:01Z phase1 h_cycle sku= processed_count=0 processed_skus= skipped_cooldown_count=61 state=NO_SKU_DUE write_status=NO_SKU_DUE_COOLDOWN ceiling= reason_codes=NO_SKU_DUE_COOLDOWN
2026-02-17T19:19:01Z cycle_sleep seconds=484.00 mode=next_due next_due_seconds=484 next_due_sku=0G-JB6S-PN34
2026-02-17T19:27:05Z cycle_start run_id=20260217T192705Z phase1_pilot=1 run_once=0 loop_sleep_seconds=1.00
2026-02-17T19:31:37Z snapshot_refresh ok listing_rows=61 seller_rows=487
2026-02-17T19:34:10Z phase1 h_cycle daily_intel missing for today; run A016_refresh_phase1_daily_intel.py
2026-02-17T19:34:10Z phase1 h_cycle sku=ZT-QPY3-P24I processed_count=61 processed_skus=0G-JB6S-PN34,0R-GRRH-W0Z9,2G-AYBQ-TUQG,3X-EXDD-TD2K,4W-VS57-BV6A,5Z-6Z0P-9TQQ,6Q-9G2A-IKVV,6V-EEC1-2S9Z,714810,7M-48OU-23X3,8M-LM6B-F2Q5,8M-NHB7-T8TR,8U-QPFH-3EKQ,9X-HL62-83C7,A1-KSU1-GZMS,A2-T2AC-TW3L,AF-KIHX-ANYY,AX-NKNU-29C1,BL-WX51-KQOK,CJ-X0SS-QOUW,CX-SMCH-4DYA,D0-C7C0-H6LN,D8-1A3E-I37F,DC-K5WH-R7F5,EV-CHU5-XU3G,FB-6FW0-Z82Q,GA-9DTN-9O1E,GY-FO04-RDYL,H6-E7MP-EBPD,HL-03ZR-QPHH,HS-R5IP-7E1C,IJ-V0PQ-4CZ4,JB-RGB6-LZOJ,L1-54EX-56YC,L5-PF3B-WHU4,LP-QMNJ-J49G,LR-7GM6-1RCH,OV-LVEL-DQL6,R4-0AXZ-ZZ9D,R7-98IN-2PW8,RI-VSUS-0YTD,RW-AZK6-O4M2,RZ-6ZL9-CZ7J,TJ-6LOP-OPEU,TK-E7QE-T40G,UR-Q7TM-1F3I,US-AK96-YFSB,VF-3T0K-DR5O,VO-A6AR-18YS,VU-8KRA-QP5M,W3-8FN7-FSP0,WE-1Z7L-SA2I,X7-MY4W-H2I4,XE-27ZG-EZPZ,XE-YPAI-HX9F,XH-0LAE-FQO5,XY-UM2X-TPS3,YC-3L3M-BV48,YO-EKK2-FRCC,Z7-26PV-O9LR,ZT-QPY3-P24I skipped_cooldown_count=0 state=RAISE_FIND_LOSS write_status=NO_WRITE_REQUIRED ceiling=17.99 reason_codes=MISSING_BOUND_RAISE_FIND_LOSS,FAIL_CEILING_BELOW_HARD_FLOOR,FLOOR_PRIORITY_CEILING_CONFLICT,FLOOR_PRIORITY_ALREADY_SAFE_NO_WRITE,BINDING_CEILING_COMPLIANCE,DVE_DISABLED_FEATURED_WINNER_DELIVERY_UNKNOWN
2026-02-17T19:34:10Z cycle_sleep seconds=1.00 mode=fixed next_due_seconds=0 next_due_sku=
2026-02-17T19:34:11Z cycle_start run_id=20260217T193411Z phase1_pilot=1 run_once=0 loop_sleep_seconds=1.00
2026-02-17T19:38:42Z snapshot_refresh ok listing_rows=61 seller_rows=487
2026-02-17T19:38:44Z phase1 h_cycle sku= processed_count=0 processed_skus= skipped_cooldown_count=61 state=NO_SKU_DUE write_status=NO_SKU_DUE_COOLDOWN ceiling= reason_codes=NO_SKU_DUE_COOLDOWN
2026-02-17T19:38:44Z cycle_sleep seconds=474.00 mode=next_due next_due_seconds=474 next_due_sku=0G-JB6S-PN34
2026-02-17T19:46:38Z cycle_start run_id=20260217T194638Z phase1_pilot=1 run_once=0 loop_sleep_seconds=1.00
2026-02-17T19:51:02Z snapshot_refresh ok listing_rows=61 seller_rows=486
2026-02-17T19:53:35Z phase1 h_cycle daily_intel missing for today; run A016_refresh_phase1_daily_intel.py
2026-02-17T19:53:35Z phase1 h_cycle sku=ZT-QPY3-P24I processed_count=61 processed_skus=0G-JB6S-PN34,0R-GRRH-W0Z9,2G-AYBQ-TUQG,3X-EXDD-TD2K,4W-VS57-BV6A,5Z-6Z0P-9TQQ,6Q-9G2A-IKVV,6V-EEC1-2S9Z,714810,7M-48OU-23X3,8M-LM6B-F2Q5,8M-NHB7-T8TR,8U-QPFH-3EKQ,9X-HL62-83C7,A1-KSU1-GZMS,A2-T2AC-TW3L,AF-KIHX-ANYY,AX-NKNU-29C1,BL-WX51-KQOK,CJ-X0SS-QOUW,CX-SMCH-4DYA,D0-C7C0-H6LN,D8-1A3E-I37F,DC-K5WH-R7F5,EV-CHU5-XU3G,FB-6FW0-Z82Q,GA-9DTN-9O1E,GY-FO04-RDYL,H6-E7MP-EBPD,HL-03ZR-QPHH,HS-R5IP-7E1C,IJ-V0PQ-4CZ4,JB-RGB6-LZOJ,L1-54EX-56YC,L5-PF3B-WHU4,LP-QMNJ-J49G,LR-7GM6-1RCH,OV-LVEL-DQL6,R4-0AXZ-ZZ9D,R7-98IN-2PW8,RI-VSUS-0YTD,RW-AZK6-O4M2,RZ-6ZL9-CZ7J,TJ-6LOP-OPEU,TK-E7QE-T40G,UR-Q7TM-1F3I,US-AK96-YFSB,VF-3T0K-DR5O,VO-A6AR-18YS,VU-8KRA-QP5M,W3-8FN7-FSP0,WE-1Z7L-SA2I,X7-MY4W-H2I4,XE-27ZG-EZPZ,XE-YPAI-HX9F,XH-0LAE-FQO5,XY-UM2X-TPS3,YC-3L3M-BV48,YO-EKK2-FRCC,Z7-26PV-O9LR,ZT-QPY3-P24I skipped_cooldown_count=0 state=RAISE_FIND_LOSS write_status=NO_WRITE_REQUIRED ceiling=17.99 reason_codes=MISSING_BOUND_RAISE_FIND_LOSS,FAIL_CEILING_BELOW_HARD_FLOOR,FLOOR_PRIORITY_CEILING_CONFLICT,FLOOR_PRIORITY_ALREADY_SAFE_NO_WRITE,BINDING_CEILING_COMPLIANCE,DVE_DISABLED_FEATURED_WINNER_DELIVERY_UNKNOWN
2026-02-17T19:53:35Z cycle_sleep seconds=1.00 mode=fixed next_due_seconds=0 next_due_sku=
2026-02-17T19:53:36Z cycle_start run_id=20260217T195336Z phase1_pilot=1 run_once=0 loop_sleep_seconds=1.00
2026-02-17T19:58:18Z snapshot_refresh ok listing_rows=61 seller_rows=486
2026-02-17T19:58:20Z phase1 h_cycle sku= processed_count=0 processed_skus= skipped_cooldown_count=61 state=NO_SKU_DUE write_status=NO_SKU_DUE_COOLDOWN ceiling= reason_codes=NO_SKU_DUE_COOLDOWN
2026-02-17T19:58:20Z cycle_sleep seconds=482.00 mode=next_due next_due_seconds=482 next_due_sku=0G-JB6S-PN34
2026-02-17T20:06:22Z cycle_start run_id=20260217T200622Z phase1_pilot=1 run_once=0 loop_sleep_seconds=1.00
2026-02-17T20:11:19Z snapshot_refresh ok listing_rows=61 seller_rows=486
2026-02-17T20:13:53Z phase1 h_cycle daily_intel missing for today; run A016_refresh_phase1_daily_intel.py
2026-02-17T20:13:53Z phase1 h_cycle sku=ZT-QPY3-P24I processed_count=61 processed_skus=0G-JB6S-PN34,0R-GRRH-W0Z9,2G-AYBQ-TUQG,3X-EXDD-TD2K,4W-VS57-BV6A,5Z-6Z0P-9TQQ,6Q-9G2A-IKVV,6V-EEC1-2S9Z,714810,7M-48OU-23X3,8M-LM6B-F2Q5,8M-NHB7-T8TR,8U-QPFH-3EKQ,9X-HL62-83C7,A1-KSU1-GZMS,A2-T2AC-TW3L,AF-KIHX-ANYY,AX-NKNU-29C1,BL-WX51-KQOK,CJ-X0SS-QOUW,CX-SMCH-4DYA,D0-C7C0-H6LN,D8-1A3E-I37F,DC-K5WH-R7F5,EV-CHU5-XU3G,FB-6FW0-Z82Q,GA-9DTN-9O1E,GY-FO04-RDYL,H6-E7MP-EBPD,HL-03ZR-QPHH,HS-R5IP-7E1C,IJ-V0PQ-4CZ4,JB-RGB6-LZOJ,L1-54EX-56YC,L5-PF3B-WHU4,LP-QMNJ-J49G,LR-7GM6-1RCH,OV-LVEL-DQL6,R4-0AXZ-ZZ9D,R7-98IN-2PW8,RI-VSUS-0YTD,RW-AZK6-O4M2,RZ-6ZL9-CZ7J,TJ-6LOP-OPEU,TK-E7QE-T40G,UR-Q7TM-1F3I,US-AK96-YFSB,VF-3T0K-DR5O,VO-A6AR-18YS,VU-8KRA-QP5M,W3-8FN7-FSP0,WE-1Z7L-SA2I,X7-MY4W-H2I4,XE-27ZG-EZPZ,XE-YPAI-HX9F,XH-0LAE-FQO5,XY-UM2X-TPS3,YC-3L3M-BV48,YO-EKK2-FRCC,Z7-26PV-O9LR,ZT-QPY3-P24I skipped_cooldown_count=0 state=RAISE_FIND_LOSS write_status=NO_WRITE_REQUIRED ceiling=17.99 reason_codes=MISSING_BOUND_RAISE_FIND_LOSS,FAIL_CEILING_BELOW_HARD_FLOOR,FLOOR_PRIORITY_CEILING_CONFLICT,FLOOR_PRIORITY_ALREADY_SAFE_NO_WRITE,BINDING_CEILING_COMPLIANCE,DVE_DISABLED_FEATURED_WINNER_DELIVERY_UNKNOWN
2026-02-17T20:13:53Z cycle_sleep seconds=1.00 mode=fixed next_due_seconds=0 next_due_sku=
2026-02-17T20:13:54Z cycle_start run_id=20260217T201354Z phase1_pilot=1 run_once=0 loop_sleep_seconds=1.00
2026-02-17T20:18:26Z snapshot_refresh ok listing_rows=61 seller_rows=486
2026-02-17T20:18:28Z phase1 h_cycle sku= processed_count=0 processed_skus= skipped_cooldown_count=61 state=NO_SKU_DUE write_status=NO_SKU_DUE_COOLDOWN ceiling= reason_codes=NO_SKU_DUE_COOLDOWN
2026-02-17T20:18:28Z cycle_sleep seconds=448.00 mode=next_due next_due_seconds=448 next_due_sku=0G-JB6S-PN34
2026-02-17T20:25:56Z cycle_start run_id=20260217T202556Z phase1_pilot=1 run_once=0 loop_sleep_seconds=1.00
2026-02-17T20:30:23Z snapshot_refresh ok listing_rows=61 seller_rows=486
2026-02-17T20:32:57Z phase1 h_cycle daily_intel missing for today; run A016_refresh_phase1_daily_intel.py
2026-02-17T20:32:57Z phase1 h_cycle sku=ZT-QPY3-P24I processed_count=61 processed_skus=0G-JB6S-PN34,0R-GRRH-W0Z9,2G-AYBQ-TUQG,3X-EXDD-TD2K,4W-VS57-BV6A,5Z-6Z0P-9TQQ,6Q-9G2A-IKVV,6V-EEC1-2S9Z,714810,7M-48OU-23X3,8M-LM6B-F2Q5,8M-NHB7-T8TR,8U-QPFH-3EKQ,9X-HL62-83C7,A1-KSU1-GZMS,A2-T2AC-TW3L,AF-KIHX-ANYY,AX-NKNU-29C1,BL-WX51-KQOK,CJ-X0SS-QOUW,CX-SMCH-4DYA,D0-C7C0-H6LN,D8-1A3E-I37F,DC-K5WH-R7F5,EV-CHU5-XU3G,FB-6FW0-Z82Q,GA-9DTN-9O1E,GY-FO04-RDYL,H6-E7MP-EBPD,HL-03ZR-QPHH,HS-R5IP-7E1C,IJ-V0PQ-4CZ4,JB-RGB6-LZOJ,L1-54EX-56YC,L5-PF3B-WHU4,LP-QMNJ-J49G,LR-7GM6-1RCH,OV-LVEL-DQL6,R4-0AXZ-ZZ9D,R7-98IN-2PW8,RI-VSUS-0YTD,RW-AZK6-O4M2,RZ-6ZL9-CZ7J,TJ-6LOP-OPEU,TK-E7QE-T40G,UR-Q7TM-1F3I,US-AK96-YFSB,VF-3T0K-DR5O,VO-A6AR-18YS,VU-8KRA-QP5M,W3-8FN7-FSP0,WE-1Z7L-SA2I,X7-MY4W-H2I4,XE-27ZG-EZPZ,XE-YPAI-HX9F,XH-0LAE-FQO5,XY-UM2X-TPS3,YC-3L3M-BV48,YO-EKK2-FRCC,Z7-26PV-O9LR,ZT-QPY3-P24I skipped_cooldown_count=0 state=RAISE_FIND_LOSS write_status=NO_WRITE_REQUIRED ceiling=17.99 reason_codes=MISSING_BOUND_RAISE_FIND_LOSS,FAIL_CEILING_BELOW_HARD_FLOOR,FLOOR_PRIORITY_CEILING_CONFLICT,FLOOR_PRIORITY_ALREADY_SAFE_NO_WRITE,BINDING_CEILING_COMPLIANCE,DVE_DISABLED_FEATURED_WINNER_DELIVERY_UNKNOWN
2026-02-17T20:32:57Z cycle_sleep seconds=1.00 mode=fixed next_due_seconds=0 next_due_sku=
2026-02-17T20:32:58Z cycle_start run_id=20260217T203258Z phase1_pilot=1 run_once=0 loop_sleep_seconds=1.00
2026-02-17T20:38:36Z snapshot_refresh ok listing_rows=61 seller_rows=486
2026-02-17T20:38:38Z phase1 h_cycle sku= processed_count=0 processed_skus= skipped_cooldown_count=61 state=NO_SKU_DUE write_status=NO_SKU_DUE_COOLDOWN ceiling= reason_codes=NO_SKU_DUE_COOLDOWN
2026-02-17T20:38:38Z cycle_sleep seconds=478.00 mode=next_due next_due_seconds=478 next_due_sku=0G-JB6S-PN34
2026-02-17T20:46:36Z cycle_start run_id=20260217T204636Z phase1_pilot=1 run_once=0 loop_sleep_seconds=1.00
2026-02-17T20:51:17Z snapshot_refresh ok listing_rows=61 seller_rows=486
2026-02-17T20:53:52Z phase1 h_cycle daily_intel missing for today; run A016_refresh_phase1_daily_intel.py
2026-02-17T20:53:52Z phase1 h_cycle sku=ZT-QPY3-P24I processed_count=61 processed_skus=0G-JB6S-PN34,0R-GRRH-W0Z9,2G-AYBQ-TUQG,3X-EXDD-TD2K,4W-VS57-BV6A,5Z-6Z0P-9TQQ,6Q-9G2A-IKVV,6V-EEC1-2S9Z,714810,7M-48OU-23X3,8M-LM6B-F2Q5,8M-NHB7-T8TR,8U-QPFH-3EKQ,9X-HL62-83C7,A1-KSU1-GZMS,A2-T2AC-TW3L,AF-KIHX-ANYY,AX-NKNU-29C1,BL-WX51-KQOK,CJ-X0SS-QOUW,CX-SMCH-4DYA,D0-C7C0-H6LN,D8-1A3E-I37F,DC-K5WH-R7F5,EV-CHU5-XU3G,FB-6FW0-Z82Q,GA-9DTN-9O1E,GY-FO04-RDYL,H6-E7MP-EBPD,HL-03ZR-QPHH,HS-R5IP-7E1C,IJ-V0PQ-4CZ4,JB-RGB6-LZOJ,L1-54EX-56YC,L5-PF3B-WHU4,LP-QMNJ-J49G,LR-7GM6-1RCH,OV-LVEL-DQL6,R4-0AXZ-ZZ9D,R7-98IN-2PW8,RI-VSUS-0YTD,RW-AZK6-O4M2,RZ-6ZL9-CZ7J,TJ-6LOP-OPEU,TK-E7QE-T40G,UR-Q7TM-1F3I,US-AK96-YFSB,VF-3T0K-DR5O,VO-A6AR-18YS,VU-8KRA-QP5M,W3-8FN7-FSP0,WE-1Z7L-SA2I,X7-MY4W-H2I4,XE-27ZG-EZPZ,XE-YPAI-HX9F,XH-0LAE-FQO5,XY-UM2X-TPS3,YC-3L3M-BV48,YO-EKK2-FRCC,Z7-26PV-O9LR,ZT-QPY3-P24I skipped_cooldown_count=0 state=RAISE_FIND_LOSS write_status=NO_WRITE_REQUIRED ceiling=17.99 reason_codes=MISSING_BOUND_RAISE_FIND_LOSS,FAIL_CEILING_BELOW_HARD_FLOOR,FLOOR_PRIORITY_CEILING_CONFLICT,FLOOR_PRIORITY_ALREADY_SAFE_NO_WRITE,BINDING_CEILING_COMPLIANCE,DVE_DISABLED_FEATURED_WINNER_DELIVERY_UNKNOWN
2026-02-17T20:53:52Z cycle_sleep seconds=1.00 mode=fixed next_due_seconds=0 next_due_sku=
2026-02-17T20:53:53Z cycle_start run_id=20260217T205353Z phase1_pilot=1 run_once=0 loop_sleep_seconds=1.00
2026-02-17T20:58:30Z snapshot_refresh ok listing_rows=61 seller_rows=486
2026-02-17T20:58:32Z phase1 h_cycle sku= processed_count=0 processed_skus= skipped_cooldown_count=61 state=NO_SKU_DUE write_status=NO_SKU_DUE_COOLDOWN ceiling= reason_codes=NO_SKU_DUE_COOLDOWN
2026-02-17T20:58:32Z cycle_sleep seconds=463.00 mode=next_due next_due_seconds=463 next_due_sku=0G-JB6S-PN34
2026-02-17T21:06:15Z cycle_start run_id=20260217T210615Z phase1_pilot=1 run_once=0 loop_sleep_seconds=1.00
2026-02-17T21:10:49Z snapshot_refresh ok listing_rows=61 seller_rows=486
2026-02-17T21:13:25Z phase1 h_cycle daily_intel missing for today; run A016_refresh_phase1_daily_intel.py
2026-02-17T21:13:25Z phase1 h_cycle sku=ZT-QPY3-P24I processed_count=61 processed_skus=0G-JB6S-PN34,0R-GRRH-W0Z9,2G-AYBQ-TUQG,3X-EXDD-TD2K,4W-VS57-BV6A,5Z-6Z0P-9TQQ,6Q-9G2A-IKVV,6V-EEC1-2S9Z,714810,7M-48OU-23X3,8M-LM6B-F2Q5,8M-NHB7-T8TR,8U-QPFH-3EKQ,9X-HL62-83C7,A1-KSU1-GZMS,A2-T2AC-TW3L,AF-KIHX-ANYY,AX-NKNU-29C1,BL-WX51-KQOK,CJ-X0SS-QOUW,CX-SMCH-4DYA,D0-C7C0-H6LN,D8-1A3E-I37F,DC-K5WH-R7F5,EV-CHU5-XU3G,FB-6FW0-Z82Q,GA-9DTN-9O1E,GY-FO04-RDYL,H6-E7MP-EBPD,HL-03ZR-QPHH,HS-R5IP-7E1C,IJ-V0PQ-4CZ4,JB-RGB6-LZOJ,L1-54EX-56YC,L5-PF3B-WHU4,LP-QMNJ-J49G,LR-7GM6-1RCH,OV-LVEL-DQL6,R4-0AXZ-ZZ9D,R7-98IN-2PW8,RI-VSUS-0YTD,RW-AZK6-O4M2,RZ-6ZL9-CZ7J,TJ-6LOP-OPEU,TK-E7QE-T40G,UR-Q7TM-1F3I,US-AK96-YFSB,VF-3T0K-DR5O,VO-A6AR-18YS,VU-8KRA-QP5M,W3-8FN7-FSP0,WE-1Z7L-SA2I,X7-MY4W-H2I4,XE-27ZG-EZPZ,XE-YPAI-HX9F,XH-0LAE-FQO5,XY-UM2X-TPS3,YC-3L3M-BV48,YO-EKK2-FRCC,Z7-26PV-O9LR,ZT-QPY3-P24I skipped_cooldown_count=0 state=RAISE_FIND_LOSS write_status=NO_WRITE_REQUIRED ceiling=17.99 reason_codes=MISSING_BOUND_RAISE_FIND_LOSS,FAIL_CEILING_BELOW_HARD_FLOOR,FLOOR_PRIORITY_CEILING_CONFLICT,FLOOR_PRIORITY_ALREADY_SAFE_NO_WRITE,BINDING_CEILING_COMPLIANCE,DVE_DISABLED_FEATURED_WINNER_DELIVERY_UNKNOWN
2026-02-17T21:13:25Z cycle_sleep seconds=1.00 mode=fixed next_due_seconds=0 next_due_sku=
2026-02-17T21:13:26Z cycle_start run_id=20260217T211326Z phase1_pilot=1 run_once=0 loop_sleep_seconds=1.00
2026-02-17T21:18:07Z snapshot_refresh ok listing_rows=61 seller_rows=486
2026-02-17T21:18:09Z phase1 h_cycle sku= processed_count=0 processed_skus= skipped_cooldown_count=61 state=NO_SKU_DUE write_status=NO_SKU_DUE_COOLDOWN ceiling= reason_codes=NO_SKU_DUE_COOLDOWN
2026-02-17T21:18:09Z cycle_sleep seconds=469.00 mode=next_due next_due_seconds=469 next_due_sku=0G-JB6S-PN34
2026-02-17T21:25:58Z cycle_start run_id=20260217T212558Z phase1_pilot=1 run_once=0 loop_sleep_seconds=1.00
2026-02-17T21:30:33Z snapshot_refresh ok listing_rows=61 seller_rows=486
2026-02-17T21:33:09Z phase1 h_cycle daily_intel missing for today; run A016_refresh_phase1_daily_intel.py
2026-02-17T21:33:09Z phase1 h_cycle sku=ZT-QPY3-P24I processed_count=61 processed_skus=0G-JB6S-PN34,0R-GRRH-W0Z9,2G-AYBQ-TUQG,3X-EXDD-TD2K,4W-VS57-BV6A,5Z-6Z0P-9TQQ,6Q-9G2A-IKVV,6V-EEC1-2S9Z,714810,7M-48OU-23X3,8M-LM6B-F2Q5,8M-NHB7-T8TR,8U-QPFH-3EKQ,9X-HL62-83C7,A1-KSU1-GZMS,A2-T2AC-TW3L,AF-KIHX-ANYY,AX-NKNU-29C1,BL-WX51-KQOK,CJ-X0SS-QOUW,CX-SMCH-4DYA,D0-C7C0-H6LN,D8-1A3E-I37F,DC-K5WH-R7F5,EV-CHU5-XU3G,FB-6FW0-Z82Q,GA-9DTN-9O1E,GY-FO04-RDYL,H6-E7MP-EBPD,HL-03ZR-QPHH,HS-R5IP-7E1C,IJ-V0PQ-4CZ4,JB-RGB6-LZOJ,L1-54EX-56YC,L5-PF3B-WHU4,LP-QMNJ-J49G,LR-7GM6-1RCH,OV-LVEL-DQL6,R4-0AXZ-ZZ9D,R7-98IN-2PW8,RI-VSUS-0YTD,RW-AZK6-O4M2,RZ-6ZL9-CZ7J,TJ-6LOP-OPEU,TK-E7QE-T40G,UR-Q7TM-1F3I,US-AK96-YFSB,VF-3T0K-DR5O,VO-A6AR-18YS,VU-8KRA-QP5M,W3-8FN7-FSP0,WE-1Z7L-SA2I,X7-MY4W-H2I4,XE-27ZG-EZPZ,XE-YPAI-HX9F,XH-0LAE-FQO5,XY-UM2X-TPS3,YC-3L3M-BV48,YO-EKK2-FRCC,Z7-26PV-O9LR,ZT-QPY3-P24I skipped_cooldown_count=0 state=RAISE_FIND_LOSS write_status=NO_WRITE_REQUIRED ceiling=17.99 reason_codes=MISSING_BOUND_RAISE_FIND_LOSS,FAIL_CEILING_BELOW_HARD_FLOOR,FLOOR_PRIORITY_CEILING_CONFLICT,FLOOR_PRIORITY_ALREADY_SAFE_NO_WRITE,BINDING_CEILING_COMPLIANCE,DVE_DISABLED_FEATURED_WINNER_DELIVERY_UNKNOWN
2026-02-17T21:33:09Z cycle_sleep seconds=1.00 mode=fixed next_due_seconds=0 next_due_sku=
2026-02-17T21:33:10Z cycle_start run_id=20260217T213310Z phase1_pilot=1 run_once=0 loop_sleep_seconds=1.00
2026-02-17T21:37:45Z snapshot_refresh ok listing_rows=61 seller_rows=486
2026-02-17T21:37:47Z phase1 h_cycle sku= processed_count=0 processed_skus= skipped_cooldown_count=61 state=NO_SKU_DUE write_status=NO_SKU_DUE_COOLDOWN ceiling= reason_codes=NO_SKU_DUE_COOLDOWN
2026-02-17T21:37:47Z cycle_sleep seconds=468.00 mode=next_due next_due_seconds=468 next_due_sku=0G-JB6S-PN34
2026-02-17T21:45:35Z cycle_start run_id=20260217T214535Z phase1_pilot=1 run_once=0 loop_sleep_seconds=1.00
2026-02-17T21:50:22Z snapshot_refresh ok listing_rows=61 seller_rows=486
2026-02-17T21:52:58Z phase1 h_cycle daily_intel missing for today; run A016_refresh_phase1_daily_intel.py
2026-02-17T21:52:58Z phase1 h_cycle sku=ZT-QPY3-P24I processed_count=61 processed_skus=0G-JB6S-PN34,0R-GRRH-W0Z9,2G-AYBQ-TUQG,3X-EXDD-TD2K,4W-VS57-BV6A,5Z-6Z0P-9TQQ,6Q-9G2A-IKVV,6V-EEC1-2S9Z,714810,7M-48OU-23X3,8M-LM6B-F2Q5,8M-NHB7-T8TR,8U-QPFH-3EKQ,9X-HL62-83C7,A1-KSU1-GZMS,A2-T2AC-TW3L,AF-KIHX-ANYY,AX-NKNU-29C1,BL-WX51-KQOK,CJ-X0SS-QOUW,CX-SMCH-4DYA,D0-C7C0-H6LN,D8-1A3E-I37F,DC-K5WH-R7F5,EV-CHU5-XU3G,FB-6FW0-Z82Q,GA-9DTN-9O1E,GY-FO04-RDYL,H6-E7MP-EBPD,HL-03ZR-QPHH,HS-R5IP-7E1C,IJ-V0PQ-4CZ4,JB-RGB6-LZOJ,L1-54EX-56YC,L5-PF3B-WHU4,LP-QMNJ-J49G,LR-7GM6-1RCH,OV-LVEL-DQL6,R4-0AXZ-ZZ9D,R7-98IN-2PW8,RI-VSUS-0YTD,RW-AZK6-O4M2,RZ-6ZL9-CZ7J,TJ-6LOP-OPEU,TK-E7QE-T40G,UR-Q7TM-1F3I,US-AK96-YFSB,VF-3T0K-DR5O,VO-A6AR-18YS,VU-8KRA-QP5M,W3-8FN7-FSP0,WE-1Z7L-SA2I,X7-MY4W-H2I4,XE-27ZG-EZPZ,XE-YPAI-HX9F,XH-0LAE-FQO5,XY-UM2X-TPS3,YC-3L3M-BV48,YO-EKK2-FRCC,Z7-26PV-O9LR,ZT-QPY3-P24I skipped_cooldown_count=0 state=RAISE_FIND_LOSS write_status=NO_WRITE_REQUIRED ceiling=17.99 reason_codes=MISSING_BOUND_RAISE_FIND_LOSS,FAIL_CEILING_BELOW_HARD_FLOOR,FLOOR_PRIORITY_CEILING_CONFLICT,FLOOR_PRIORITY_ALREADY_SAFE_NO_WRITE,BINDING_CEILING_COMPLIANCE,DVE_DISABLED_FEATURED_WINNER_DELIVERY_UNKNOWN
2026-02-17T21:52:58Z cycle_sleep seconds=1.00 mode=fixed next_due_seconds=0 next_due_sku=
2026-02-17T21:52:59Z cycle_start run_id=20260217T215259Z phase1_pilot=1 run_once=0 loop_sleep_seconds=1.00
2026-02-17T21:57:34Z snapshot_refresh ok listing_rows=61 seller_rows=486
2026-02-17T21:57:36Z phase1 h_cycle sku= processed_count=0 processed_skus= skipped_cooldown_count=61 state=NO_SKU_DUE write_status=NO_SKU_DUE_COOLDOWN ceiling= reason_codes=NO_SKU_DUE_COOLDOWN
2026-02-17T21:57:36Z cycle_sleep seconds=456.00 mode=next_due next_due_seconds=456 next_due_sku=0G-JB6S-PN34
2026-02-17T22:05:12Z cycle_start run_id=20260217T220512Z phase1_pilot=1 run_once=0 loop_sleep_seconds=1.00
2026-02-17T22:09:59Z snapshot_refresh ok listing_rows=61 seller_rows=486
2026-02-17T22:12:37Z phase1 h_cycle daily_intel missing for today; run A016_refresh_phase1_daily_intel.py
2026-02-17T22:12:37Z phase1 h_cycle sku=ZT-QPY3-P24I processed_count=61 processed_skus=0G-JB6S-PN34,0R-GRRH-W0Z9,2G-AYBQ-TUQG,3X-EXDD-TD2K,4W-VS57-BV6A,5Z-6Z0P-9TQQ,6Q-9G2A-IKVV,6V-EEC1-2S9Z,714810,7M-48OU-23X3,8M-LM6B-F2Q5,8M-NHB7-T8TR,8U-QPFH-3EKQ,9X-HL62-83C7,A1-KSU1-GZMS,A2-T2AC-TW3L,AF-KIHX-ANYY,AX-NKNU-29C1,BL-WX51-KQOK,CJ-X0SS-QOUW,CX-SMCH-4DYA,D0-C7C0-H6LN,D8-1A3E-I37F,DC-K5WH-R7F5,EV-CHU5-XU3G,FB-6FW0-Z82Q,GA-9DTN-9O1E,GY-FO04-RDYL,H6-E7MP-EBPD,HL-03ZR-QPHH,HS-R5IP-7E1C,IJ-V0PQ-4CZ4,JB-RGB6-LZOJ,L1-54EX-56YC,L5-PF3B-WHU4,LP-QMNJ-J49G,LR-7GM6-1RCH,OV-LVEL-DQL6,R4-0AXZ-ZZ9D,R7-98IN-2PW8,RI-VSUS-0YTD,RW-AZK6-O4M2,RZ-6ZL9-CZ7J,TJ-6LOP-OPEU,TK-E7QE-T40G,UR-Q7TM-1F3I,US-AK96-YFSB,VF-3T0K-DR5O,VO-A6AR-18YS,VU-8KRA-QP5M,W3-8FN7-FSP0,WE-1Z7L-SA2I,X7-MY4W-H2I4,XE-27ZG-EZPZ,XE-YPAI-HX9F,XH-0LAE-FQO5,XY-UM2X-TPS3,YC-3L3M-BV48,YO-EKK2-FRCC,Z7-26PV-O9LR,ZT-QPY3-P24I skipped_cooldown_count=0 state=RAISE_FIND_LOSS write_status=NO_WRITE_REQUIRED ceiling=17.99 reason_codes=MISSING_BOUND_RAISE_FIND_LOSS,FAIL_CEILING_BELOW_HARD_FLOOR,FLOOR_PRIORITY_CEILING_CONFLICT,FLOOR_PRIORITY_ALREADY_SAFE_NO_WRITE,BINDING_CEILING_COMPLIANCE,DVE_DISABLED_FEATURED_WINNER_DELIVERY_UNKNOWN
2026-02-17T22:12:37Z cycle_sleep seconds=1.00 mode=fixed next_due_seconds=0 next_due_sku=
2026-02-17T22:12:38Z cycle_start run_id=20260217T221238Z phase1_pilot=1 run_once=0 loop_sleep_seconds=1.00
2026-02-17T22:17:14Z snapshot_refresh ok listing_rows=61 seller_rows=486
2026-02-17T22:17:16Z phase1 h_cycle sku= processed_count=0 processed_skus= skipped_cooldown_count=61 state=NO_SKU_DUE write_status=NO_SKU_DUE_COOLDOWN ceiling= reason_codes=NO_SKU_DUE_COOLDOWN
2026-02-17T22:17:16Z cycle_sleep seconds=454.00 mode=next_due next_due_seconds=454 next_due_sku=0G-JB6S-PN34
2026-02-17T22:24:50Z cycle_start run_id=20260217T222450Z phase1_pilot=1 run_once=0 loop_sleep_seconds=1.00
2026-02-17T22:29:18Z snapshot_refresh ok listing_rows=61 seller_rows=486
2026-02-17T22:31:55Z phase1 h_cycle daily_intel missing for today; run A016_refresh_phase1_daily_intel.py
2026-02-17T22:31:55Z phase1 h_cycle sku=ZT-QPY3-P24I processed_count=61 processed_skus=0G-JB6S-PN34,0R-GRRH-W0Z9,2G-AYBQ-TUQG,3X-EXDD-TD2K,4W-VS57-BV6A,5Z-6Z0P-9TQQ,6Q-9G2A-IKVV,6V-EEC1-2S9Z,714810,7M-48OU-23X3,8M-LM6B-F2Q5,8M-NHB7-T8TR,8U-QPFH-3EKQ,9X-HL62-83C7,A1-KSU1-GZMS,A2-T2AC-TW3L,AF-KIHX-ANYY,AX-NKNU-29C1,BL-WX51-KQOK,CJ-X0SS-QOUW,CX-SMCH-4DYA,D0-C7C0-H6LN,D8-1A3E-I37F,DC-K5WH-R7F5,EV-CHU5-XU3G,FB-6FW0-Z82Q,GA-9DTN-9O1E,GY-FO04-RDYL,H6-E7MP-EBPD,HL-03ZR-QPHH,HS-R5IP-7E1C,IJ-V0PQ-4CZ4,JB-RGB6-LZOJ,L1-54EX-56YC,L5-PF3B-WHU4,LP-QMNJ-J49G,LR-7GM6-1RCH,OV-LVEL-DQL6,R4-0AXZ-ZZ9D,R7-98IN-2PW8,RI-VSUS-0YTD,RW-AZK6-O4M2,RZ-6ZL9-CZ7J,TJ-6LOP-OPEU,TK-E7QE-T40G,UR-Q7TM-1F3I,US-AK96-YFSB,VF-3T0K-DR5O,VO-A6AR-18YS,VU-8KRA-QP5M,W3-8FN7-FSP0,WE-1Z7L-SA2I,X7-MY4W-H2I4,XE-27ZG-EZPZ,XE-YPAI-HX9F,XH-0LAE-FQO5,XY-UM2X-TPS3,YC-3L3M-BV48,YO-EKK2-FRCC,Z7-26PV-O9LR,ZT-QPY3-P24I skipped_cooldown_count=0 state=RAISE_FIND_LOSS write_status=NO_WRITE_REQUIRED ceiling=17.99 reason_codes=MISSING_BOUND_RAISE_FIND_LOSS,FAIL_CEILING_BELOW_HARD_FLOOR,FLOOR_PRIORITY_CEILING_CONFLICT,FLOOR_PRIORITY_ALREADY_SAFE_NO_WRITE,BINDING_CEILING_COMPLIANCE,DVE_DISABLED_FEATURED_WINNER_DELIVERY_UNKNOWN
2026-02-17T22:31:55Z cycle_sleep seconds=1.00 mode=fixed next_due_seconds=0 next_due_sku=
2026-02-17T22:31:56Z cycle_start run_id=20260217T223156Z phase1_pilot=1 run_once=0 loop_sleep_seconds=1.00
2026-02-17T22:36:34Z snapshot_refresh ok listing_rows=61 seller_rows=486
2026-02-17T22:36:36Z phase1 h_cycle sku= processed_count=0 processed_skus= skipped_cooldown_count=61 state=NO_SKU_DUE write_status=NO_SKU_DUE_COOLDOWN ceiling= reason_codes=NO_SKU_DUE_COOLDOWN
2026-02-17T22:36:36Z cycle_sleep seconds=474.00 mode=next_due next_due_seconds=474 next_due_sku=0G-JB6S-PN34
2026-02-17T22:44:30Z cycle_start run_id=20260217T224430Z phase1_pilot=1 run_once=0 loop_sleep_seconds=1.00
2026-02-17T22:48:56Z snapshot_refresh ok listing_rows=61 seller_rows=486
2026-02-17T22:51:33Z phase1 h_cycle daily_intel missing for today; run A016_refresh_phase1_daily_intel.py
2026-02-17T22:51:33Z phase1 h_cycle sku=ZT-QPY3-P24I processed_count=61 processed_skus=0G-JB6S-PN34,0R-GRRH-W0Z9,2G-AYBQ-TUQG,3X-EXDD-TD2K,4W-VS57-BV6A,5Z-6Z0P-9TQQ,6Q-9G2A-IKVV,6V-EEC1-2S9Z,714810,7M-48OU-23X3,8M-LM6B-F2Q5,8M-NHB7-T8TR,8U-QPFH-3EKQ,9X-HL62-83C7,A1-KSU1-GZMS,A2-T2AC-TW3L,AF-KIHX-ANYY,AX-NKNU-29C1,BL-WX51-KQOK,CJ-X0SS-QOUW,CX-SMCH-4DYA,D0-C7C0-H6LN,D8-1A3E-I37F,DC-K5WH-R7F5,EV-CHU5-XU3G,FB-6FW0-Z82Q,GA-9DTN-9O1E,GY-FO04-RDYL,H6-E7MP-EBPD,HL-03ZR-QPHH,HS-R5IP-7E1C,IJ-V0PQ-4CZ4,JB-RGB6-LZOJ,L1-54EX-56YC,L5-PF3B-WHU4,LP-QMNJ-J49G,LR-7GM6-1RCH,OV-LVEL-DQL6,R4-0AXZ-ZZ9D,R7-98IN-2PW8,RI-VSUS-0YTD,RW-AZK6-O4M2,RZ-6ZL9-CZ7J,TJ-6LOP-OPEU,TK-E7QE-T40G,UR-Q7TM-1F3I,US-AK96-YFSB,VF-3T0K-DR5O,VO-A6AR-18YS,VU-8KRA-QP5M,W3-8FN7-FSP0,WE-1Z7L-SA2I,X7-MY4W-H2I4,XE-27ZG-EZPZ,XE-YPAI-HX9F,XH-0LAE-FQO5,XY-UM2X-TPS3,YC-3L3M-BV48,YO-EKK2-FRCC,Z7-26PV-O9LR,ZT-QPY3-P24I skipped_cooldown_count=0 state=RAISE_FIND_LOSS write_status=NO_WRITE_REQUIRED ceiling=17.99 reason_codes=MISSING_BOUND_RAISE_FIND_LOSS,FAIL_CEILING_BELOW_HARD_FLOOR,FLOOR_PRIORITY_CEILING_CONFLICT,FLOOR_PRIORITY_ALREADY_SAFE_NO_WRITE,BINDING_CEILING_COMPLIANCE,DVE_DISABLED_FEATURED_WINNER_DELIVERY_UNKNOWN
2026-02-17T22:51:33Z cycle_sleep seconds=1.00 mode=fixed next_due_seconds=0 next_due_sku=
2026-02-17T22:51:34Z cycle_start run_id=20260217T225134Z phase1_pilot=1 run_once=0 loop_sleep_seconds=1.00
2026-02-17T22:56:20Z snapshot_refresh ok listing_rows=61 seller_rows=486
2026-02-17T22:56:22Z phase1 h_cycle sku= processed_count=0 processed_skus= skipped_cooldown_count=61 state=NO_SKU_DUE write_status=NO_SKU_DUE_COOLDOWN ceiling= reason_codes=NO_SKU_DUE_COOLDOWN
2026-02-17T22:56:22Z cycle_sleep seconds=476.00 mode=next_due next_due_seconds=476 next_due_sku=0G-JB6S-PN34
2026-02-17T23:04:18Z cycle_start run_id=20260217T230418Z phase1_pilot=1 run_once=0 loop_sleep_seconds=1.00
2026-02-17T23:08:49Z snapshot_refresh ok listing_rows=61 seller_rows=486
2026-02-17T23:11:27Z phase1 h_cycle daily_intel missing for today; run A016_refresh_phase1_daily_intel.py
2026-02-17T23:11:27Z phase1 h_cycle sku=ZT-QPY3-P24I processed_count=61 processed_skus=0G-JB6S-PN34,0R-GRRH-W0Z9,2G-AYBQ-TUQG,3X-EXDD-TD2K,4W-VS57-BV6A,5Z-6Z0P-9TQQ,6Q-9G2A-IKVV,6V-EEC1-2S9Z,714810,7M-48OU-23X3,8M-LM6B-F2Q5,8M-NHB7-T8TR,8U-QPFH-3EKQ,9X-HL62-83C7,A1-KSU1-GZMS,A2-T2AC-TW3L,AF-KIHX-ANYY,AX-NKNU-29C1,BL-WX51-KQOK,CJ-X0SS-QOUW,CX-SMCH-4DYA,D0-C7C0-H6LN,D8-1A3E-I37F,DC-K5WH-R7F5,EV-CHU5-XU3G,FB-6FW0-Z82Q,GA-9DTN-9O1E,GY-FO04-RDYL,H6-E7MP-EBPD,HL-03ZR-QPHH,HS-R5IP-7E1C,IJ-V0PQ-4CZ4,JB-RGB6-LZOJ,L1-54EX-56YC,L5-PF3B-WHU4,LP-QMNJ-J49G,LR-7GM6-1RCH,OV-LVEL-DQL6,R4-0AXZ-ZZ9D,R7-98IN-2PW8,RI-VSUS-0YTD,RW-AZK6-O4M2,RZ-6ZL9-CZ7J,TJ-6LOP-OPEU,TK-E7QE-T40G,UR-Q7TM-1F3I,US-AK96-YFSB,VF-3T0K-DR5O,VO-A6AR-18YS,VU-8KRA-QP5M,W3-8FN7-FSP0,WE-1Z7L-SA2I,X7-MY4W-H2I4,XE-27ZG-EZPZ,XE-YPAI-HX9F,XH-0LAE-FQO5,XY-UM2X-TPS3,YC-3L3M-BV48,YO-EKK2-FRCC,Z7-26PV-O9LR,ZT-QPY3-P24I skipped_cooldown_count=0 state=RAISE_FIND_LOSS write_status=NO_WRITE_REQUIRED ceiling=17.99 reason_codes=MISSING_BOUND_RAISE_FIND_LOSS,FAIL_CEILING_BELOW_HARD_FLOOR,FLOOR_PRIORITY_CEILING_CONFLICT,FLOOR_PRIORITY_ALREADY_SAFE_NO_WRITE,BINDING_CEILING_COMPLIANCE,DVE_DISABLED_FEATURED_WINNER_DELIVERY_UNKNOWN
2026-02-17T23:11:27Z cycle_sleep seconds=1.00 mode=fixed next_due_seconds=0 next_due_sku=
2026-02-17T23:11:28Z cycle_start run_id=20260217T231128Z phase1_pilot=1 run_once=0 loop_sleep_seconds=1.00
2026-02-17T23:16:01Z snapshot_refresh ok listing_rows=61 seller_rows=486
2026-02-17T23:16:03Z phase1 h_cycle sku= processed_count=0 processed_skus= skipped_cooldown_count=61 state=NO_SKU_DUE write_status=NO_SKU_DUE_COOLDOWN ceiling= reason_codes=NO_SKU_DUE_COOLDOWN
2026-02-17T23:16:03Z cycle_sleep seconds=470.00 mode=next_due next_due_seconds=470 next_due_sku=0G-JB6S-PN34
2026-02-17T23:23:53Z cycle_start run_id=20260217T232353Z phase1_pilot=1 run_once=0 loop_sleep_seconds=1.00
2026-02-17T23:28:20Z snapshot_refresh ok listing_rows=61 seller_rows=486
2026-02-17T23:30:59Z phase1 h_cycle daily_intel missing for today; run A016_refresh_phase1_daily_intel.py
2026-02-17T23:30:59Z phase1 h_cycle sku=ZT-QPY3-P24I processed_count=61 processed_skus=0G-JB6S-PN34,0R-GRRH-W0Z9,2G-AYBQ-TUQG,3X-EXDD-TD2K,4W-VS57-BV6A,5Z-6Z0P-9TQQ,6Q-9G2A-IKVV,6V-EEC1-2S9Z,714810,7M-48OU-23X3,8M-LM6B-F2Q5,8M-NHB7-T8TR,8U-QPFH-3EKQ,9X-HL62-83C7,A1-KSU1-GZMS,A2-T2AC-TW3L,AF-KIHX-ANYY,AX-NKNU-29C1,BL-WX51-KQOK,CJ-X0SS-QOUW,CX-SMCH-4DYA,D0-C7C0-H6LN,D8-1A3E-I37F,DC-K5WH-R7F5,EV-CHU5-XU3G,FB-6FW0-Z82Q,GA-9DTN-9O1E,GY-FO04-RDYL,H6-E7MP-EBPD,HL-03ZR-QPHH,HS-R5IP-7E1C,IJ-V0PQ-4CZ4,JB-RGB6-LZOJ,L1-54EX-56YC,L5-PF3B-WHU4,LP-QMNJ-J49G,LR-7GM6-1RCH,OV-LVEL-DQL6,R4-0AXZ-ZZ9D,R7-98IN-2PW8,RI-VSUS-0YTD,RW-AZK6-O4M2,RZ-6ZL9-CZ7J,TJ-6LOP-OPEU,TK-E7QE-T40G,UR-Q7TM-1F3I,US-AK96-YFSB,VF-3T0K-DR5O,VO-A6AR-18YS,VU-8KRA-QP5M,W3-8FN7-FSP0,WE-1Z7L-SA2I,X7-MY4W-H2I4,XE-27ZG-EZPZ,XE-YPAI-HX9F,XH-0LAE-FQO5,XY-UM2X-TPS3,YC-3L3M-BV48,YO-EKK2-FRCC,Z7-26PV-O9LR,ZT-QPY3-P24I skipped_cooldown_count=0 state=RAISE_FIND_LOSS write_status=NO_WRITE_REQUIRED ceiling=17.99 reason_codes=MISSING_BOUND_RAISE_FIND_LOSS,FAIL_CEILING_BELOW_HARD_FLOOR,FLOOR_PRIORITY_CEILING_CONFLICT,FLOOR_PRIORITY_ALREADY_SAFE_NO_WRITE,BINDING_CEILING_COMPLIANCE,DVE_DISABLED_FEATURED_WINNER_DELIVERY_UNKNOWN
2026-02-17T23:30:59Z cycle_sleep seconds=1.00 mode=fixed next_due_seconds=0 next_due_sku=
2026-02-17T23:31:00Z cycle_start run_id=20260217T233100Z phase1_pilot=1 run_once=0 loop_sleep_seconds=1.00
2026-02-17T23:35:33Z snapshot_refresh ok listing_rows=61 seller_rows=486
2026-02-17T23:35:35Z phase1 h_cycle sku= processed_count=0 processed_skus= skipped_cooldown_count=61 state=NO_SKU_DUE write_status=NO_SKU_DUE_COOLDOWN ceiling= reason_codes=NO_SKU_DUE_COOLDOWN
2026-02-17T23:35:35Z cycle_sleep seconds=473.00 mode=next_due next_due_seconds=473 next_due_sku=0G-JB6S-PN34
2026-02-17T23:43:28Z cycle_start run_id=20260217T234328Z phase1_pilot=1 run_once=0 loop_sleep_seconds=1.00
2026-02-17T23:48:00Z snapshot_refresh ok listing_rows=61 seller_rows=486
2026-02-17T23:50:39Z phase1 h_cycle daily_intel missing for today; run A016_refresh_phase1_daily_intel.py
2026-02-17T23:50:39Z phase1 h_cycle sku=ZT-QPY3-P24I processed_count=61 processed_skus=0G-JB6S-PN34,0R-GRRH-W0Z9,2G-AYBQ-TUQG,3X-EXDD-TD2K,4W-VS57-BV6A,5Z-6Z0P-9TQQ,6Q-9G2A-IKVV,6V-EEC1-2S9Z,714810,7M-48OU-23X3,8M-LM6B-F2Q5,8M-NHB7-T8TR,8U-QPFH-3EKQ,9X-HL62-83C7,A1-KSU1-GZMS,A2-T2AC-TW3L,AF-KIHX-ANYY,AX-NKNU-29C1,BL-WX51-KQOK,CJ-X0SS-QOUW,CX-SMCH-4DYA,D0-C7C0-H6LN,D8-1A3E-I37F,DC-K5WH-R7F5,EV-CHU5-XU3G,FB-6FW0-Z82Q,GA-9DTN-9O1E,GY-FO04-RDYL,H6-E7MP-EBPD,HL-03ZR-QPHH,HS-R5IP-7E1C,IJ-V0PQ-4CZ4,JB-RGB6-LZOJ,L1-54EX-56YC,L5-PF3B-WHU4,LP-QMNJ-J49G,LR-7GM6-1RCH,OV-LVEL-DQL6,R4-0AXZ-ZZ9D,R7-98IN-2PW8,RI-VSUS-0YTD,RW-AZK6-O4M2,RZ-6ZL9-CZ7J,TJ-6LOP-OPEU,TK-E7QE-T40G,UR-Q7TM-1F3I,US-AK96-YFSB,VF-3T0K-DR5O,VO-A6AR-18YS,VU-8KRA-QP5M,W3-8FN7-FSP0,WE-1Z7L-SA2I,X7-MY4W-H2I4,XE-27ZG-EZPZ,XE-YPAI-HX9F,XH-0LAE-FQO5,XY-UM2X-TPS3,YC-3L3M-BV48,YO-EKK2-FRCC,Z7-26PV-O9LR,ZT-QPY3-P24I skipped_cooldown_count=0 state=RAISE_FIND_LOSS write_status=NO_WRITE_REQUIRED ceiling=17.99 reason_codes=MISSING_BOUND_RAISE_FIND_LOSS,FAIL_CEILING_BELOW_HARD_FLOOR,FLOOR_PRIORITY_CEILING_CONFLICT,FLOOR_PRIORITY_ALREADY_SAFE_NO_WRITE,BINDING_CEILING_COMPLIANCE,DVE_DISABLED_FEATURED_WINNER_DELIVERY_UNKNOWN
2026-02-17T23:50:39Z cycle_sleep seconds=1.00 mode=fixed next_due_seconds=0 next_due_sku=
2026-02-17T23:50:40Z cycle_start run_id=20260217T235040Z phase1_pilot=1 run_once=0 loop_sleep_seconds=1.00
2026-02-17T23:55:15Z snapshot_refresh ok listing_rows=61 seller_rows=486
2026-02-17T23:55:17Z phase1 h_cycle sku= processed_count=0 processed_skus= skipped_cooldown_count=61 state=NO_SKU_DUE write_status=NO_SKU_DUE_COOLDOWN ceiling= reason_codes=NO_SKU_DUE_COOLDOWN
2026-02-17T23:55:17Z cycle_sleep seconds=468.00 mode=next_due next_due_seconds=468 next_due_sku=0G-JB6S-PN34
2026-02-18T00:03:05Z cycle_start run_id=20260218T000305Z phase1_pilot=1 run_once=0 loop_sleep_seconds=1.00
2026-02-18T00:07:39Z snapshot_refresh ok listing_rows=61 seller_rows=486
2026-02-18T00:10:16Z phase1 h_cycle daily_intel missing for today; run A016_refresh_phase1_daily_intel.py
2026-02-18T00:10:16Z phase1 h_cycle sku=ZT-QPY3-P24I processed_count=61 processed_skus=0G-JB6S-PN34,0R-GRRH-W0Z9,2G-AYBQ-TUQG,3X-EXDD-TD2K,4W-VS57-BV6A,5Z-6Z0P-9TQQ,6Q-9G2A-IKVV,6V-EEC1-2S9Z,714810,7M-48OU-23X3,8M-LM6B-F2Q5,8M-NHB7-T8TR,8U-QPFH-3EKQ,9X-HL62-83C7,A1-KSU1-GZMS,A2-T2AC-TW3L,AF-KIHX-ANYY,AX-NKNU-29C1,BL-WX51-KQOK,CJ-X0SS-QOUW,CX-SMCH-4DYA,D0-C7C0-H6LN,D8-1A3E-I37F,DC-K5WH-R7F5,EV-CHU5-XU3G,FB-6FW0-Z82Q,GA-9DTN-9O1E,GY-FO04-RDYL,H6-E7MP-EBPD,HL-03ZR-QPHH,HS-R5IP-7E1C,IJ-V0PQ-4CZ4,JB-RGB6-LZOJ,L1-54EX-56YC,L5-PF3B-WHU4,LP-QMNJ-J49G,LR-7GM6-1RCH,OV-LVEL-DQL6,R4-0AXZ-ZZ9D,R7-98IN-2PW8,RI-VSUS-0YTD,RW-AZK6-O4M2,RZ-6ZL9-CZ7J,TJ-6LOP-OPEU,TK-E7QE-T40G,UR-Q7TM-1F3I,US-AK96-YFSB,VF-3T0K-DR5O,VO-A6AR-18YS,VU-8KRA-QP5M,W3-8FN7-FSP0,WE-1Z7L-SA2I,X7-MY4W-H2I4,XE-27ZG-EZPZ,XE-YPAI-HX9F,XH-0LAE-FQO5,XY-UM2X-TPS3,YC-3L3M-BV48,YO-EKK2-FRCC,Z7-26PV-O9LR,ZT-QPY3-P24I skipped_cooldown_count=0 state=DEFENSIVE_HOLD write_status=READ_ONLY_NO_WRITE ceiling= reason_codes=DAILY_INTEL_STALE,A_CYCLE_MISSING_DEFENSIVE_HOLD
2026-02-18T00:10:16Z cycle_sleep seconds=1.00 mode=fixed next_due_seconds=0 next_due_sku=
2026-02-18T00:10:17Z cycle_start run_id=20260218T001017Z phase1_pilot=1 run_once=0 loop_sleep_seconds=1.00
2026-02-18T00:14:54Z snapshot_refresh ok listing_rows=61 seller_rows=486
2026-02-18T00:14:56Z phase1 h_cycle sku= processed_count=0 processed_skus= skipped_cooldown_count=61 state=NO_SKU_DUE write_status=NO_SKU_DUE_COOLDOWN ceiling= reason_codes=NO_SKU_DUE_COOLDOWN
2026-02-18T00:14:56Z cycle_sleep seconds=468.00 mode=next_due next_due_seconds=468 next_due_sku=0G-JB6S-PN34
2026-02-18T00:22:44Z cycle_start run_id=20260218T002244Z phase1_pilot=1 run_once=0 loop_sleep_seconds=1.00
2026-02-18T00:27:21Z snapshot_refresh ok listing_rows=61 seller_rows=487
2026-02-18T00:29:59Z phase1 h_cycle daily_intel missing for today; run A016_refresh_phase1_daily_intel.py
2026-02-18T00:29:59Z phase1 h_cycle sku=ZT-QPY3-P24I processed_count=61 processed_skus=0G-JB6S-PN34,0R-GRRH-W0Z9,2G-AYBQ-TUQG,3X-EXDD-TD2K,4W-VS57-BV6A,5Z-6Z0P-9TQQ,6Q-9G2A-IKVV,6V-EEC1-2S9Z,714810,7M-48OU-23X3,8M-LM6B-F2Q5,8M-NHB7-T8TR,8U-QPFH-3EKQ,9X-HL62-83C7,A1-KSU1-GZMS,A2-T2AC-TW3L,AF-KIHX-ANYY,AX-NKNU-29C1,BL-WX51-KQOK,CJ-X0SS-QOUW,CX-SMCH-4DYA,D0-C7C0-H6LN,D8-1A3E-I37F,DC-K5WH-R7F5,EV-CHU5-XU3G,FB-6FW0-Z82Q,GA-9DTN-9O1E,GY-FO04-RDYL,H6-E7MP-EBPD,HL-03ZR-QPHH,HS-R5IP-7E1C,IJ-V0PQ-4CZ4,JB-RGB6-LZOJ,L1-54EX-56YC,L5-PF3B-WHU4,LP-QMNJ-J49G,LR-7GM6-1RCH,OV-LVEL-DQL6,R4-0AXZ-ZZ9D,R7-98IN-2PW8,RI-VSUS-0YTD,RW-AZK6-O4M2,RZ-6ZL9-CZ7J,TJ-6LOP-OPEU,TK-E7QE-T40G,UR-Q7TM-1F3I,US-AK96-YFSB,VF-3T0K-DR5O,VO-A6AR-18YS,VU-8KRA-QP5M,W3-8FN7-FSP0,WE-1Z7L-SA2I,X7-MY4W-H2I4,XE-27ZG-EZPZ,XE-YPAI-HX9F,XH-0LAE-FQO5,XY-UM2X-TPS3,YC-3L3M-BV48,YO-EKK2-FRCC,Z7-26PV-O9LR,ZT-QPY3-P24I skipped_cooldown_count=0 state=DEFENSIVE_HOLD write_status=READ_ONLY_NO_WRITE ceiling= reason_codes=DAILY_INTEL_STALE,A_CYCLE_MISSING_DEFENSIVE_HOLD
2026-02-18T00:29:59Z cycle_sleep seconds=1.00 mode=fixed next_due_seconds=0 next_due_sku=
2026-02-18T00:30:00Z cycle_start run_id=20260218T003000Z phase1_pilot=1 run_once=0 loop_sleep_seconds=1.00
2026-02-18T00:34:25Z snapshot_refresh ok listing_rows=61 seller_rows=487
2026-02-18T00:34:26Z phase1 h_cycle sku= processed_count=0 processed_skus= skipped_cooldown_count=61 state=NO_SKU_DUE write_status=NO_SKU_DUE_COOLDOWN ceiling= reason_codes=NO_SKU_DUE_COOLDOWN
2026-02-18T00:34:26Z cycle_sleep seconds=464.00 mode=next_due next_due_seconds=464 next_due_sku=0G-JB6S-PN34
2026-02-18T00:42:10Z cycle_start run_id=20260218T004210Z phase1_pilot=1 run_once=0 loop_sleep_seconds=1.00
2026-02-18T00:46:47Z snapshot_refresh ok listing_rows=61 seller_rows=487
2026-02-18T00:49:26Z phase1 h_cycle daily_intel missing for today; run A016_refresh_phase1_daily_intel.py
2026-02-18T00:49:26Z phase1 h_cycle sku=ZT-QPY3-P24I processed_count=61 processed_skus=0G-JB6S-PN34,0R-GRRH-W0Z9,2G-AYBQ-TUQG,3X-EXDD-TD2K,4W-VS57-BV6A,5Z-6Z0P-9TQQ,6Q-9G2A-IKVV,6V-EEC1-2S9Z,714810,7M-48OU-23X3,8M-LM6B-F2Q5,8M-NHB7-T8TR,8U-QPFH-3EKQ,9X-HL62-83C7,A1-KSU1-GZMS,A2-T2AC-TW3L,AF-KIHX-ANYY,AX-NKNU-29C1,BL-WX51-KQOK,CJ-X0SS-QOUW,CX-SMCH-4DYA,D0-C7C0-H6LN,D8-1A3E-I37F,DC-K5WH-R7F5,EV-CHU5-XU3G,FB-6FW0-Z82Q,GA-9DTN-9O1E,GY-FO04-RDYL,H6-E7MP-EBPD,HL-03ZR-QPHH,HS-R5IP-7E1C,IJ-V0PQ-4CZ4,JB-RGB6-LZOJ,L1-54EX-56YC,L5-PF3B-WHU4,LP-QMNJ-J49G,LR-7GM6-1RCH,OV-LVEL-DQL6,R4-0AXZ-ZZ9D,R7-98IN-2PW8,RI-VSUS-0YTD,RW-AZK6-O4M2,RZ-6ZL9-CZ7J,TJ-6LOP-OPEU,TK-E7QE-T40G,UR-Q7TM-1F3I,US-AK96-YFSB,VF-3T0K-DR5O,VO-A6AR-18YS,VU-8KRA-QP5M,W3-8FN7-FSP0,WE-1Z7L-SA2I,X7-MY4W-H2I4,XE-27ZG-EZPZ,XE-YPAI-HX9F,XH-0LAE-FQO5,XY-UM2X-TPS3,YC-3L3M-BV48,YO-EKK2-FRCC,Z7-26PV-O9LR,ZT-QPY3-P24I skipped_cooldown_count=0 state=DEFENSIVE_HOLD write_status=READ_ONLY_NO_WRITE ceiling= reason_codes=DAILY_INTEL_STALE,A_CYCLE_MISSING_DEFENSIVE_HOLD
2026-02-18T00:49:26Z cycle_sleep seconds=1.00 mode=fixed next_due_seconds=0 next_due_sku=
2026-02-18T00:49:27Z cycle_start run_id=20260218T004927Z phase1_pilot=1 run_once=0 loop_sleep_seconds=1.00
2026-02-18T00:53:55Z snapshot_refresh ok listing_rows=61 seller_rows=487
2026-02-18T00:53:57Z phase1 h_cycle sku= processed_count=0 processed_skus= skipped_cooldown_count=61 state=NO_SKU_DUE write_status=NO_SKU_DUE_COOLDOWN ceiling= reason_codes=NO_SKU_DUE_COOLDOWN
2026-02-18T00:53:57Z cycle_sleep seconds=463.00 mode=next_due next_due_seconds=463 next_due_sku=0G-JB6S-PN34
2026-02-18T01:01:40Z cycle_start run_id=20260218T010140Z phase1_pilot=1 run_once=0 loop_sleep_seconds=1.00
2026-02-18T01:06:10Z snapshot_refresh ok listing_rows=61 seller_rows=487
2026-02-18T01:08:50Z phase1 h_cycle daily_intel missing for today; run A016_refresh_phase1_daily_intel.py
2026-02-18T01:08:50Z phase1 h_cycle sku=ZT-QPY3-P24I processed_count=61 processed_skus=0G-JB6S-PN34,0R-GRRH-W0Z9,2G-AYBQ-TUQG,3X-EXDD-TD2K,4W-VS57-BV6A,5Z-6Z0P-9TQQ,6Q-9G2A-IKVV,6V-EEC1-2S9Z,714810,7M-48OU-23X3,8M-LM6B-F2Q5,8M-NHB7-T8TR,8U-QPFH-3EKQ,9X-HL62-83C7,A1-KSU1-GZMS,A2-T2AC-TW3L,AF-KIHX-ANYY,AX-NKNU-29C1,BL-WX51-KQOK,CJ-X0SS-QOUW,CX-SMCH-4DYA,D0-C7C0-H6LN,D8-1A3E-I37F,DC-K5WH-R7F5,EV-CHU5-XU3G,FB-6FW0-Z82Q,GA-9DTN-9O1E,GY-FO04-RDYL,H6-E7MP-EBPD,HL-03ZR-QPHH,HS-R5IP-7E1C,IJ-V0PQ-4CZ4,JB-RGB6-LZOJ,L1-54EX-56YC,L5-PF3B-WHU4,LP-QMNJ-J49G,LR-7GM6-1RCH,OV-LVEL-DQL6,R4-0AXZ-ZZ9D,R7-98IN-2PW8,RI-VSUS-0YTD,RW-AZK6-O4M2,RZ-6ZL9-CZ7J,TJ-6LOP-OPEU,TK-E7QE-T40G,UR-Q7TM-1F3I,US-AK96-YFSB,VF-3T0K-DR5O,VO-A6AR-18YS,VU-8KRA-QP5M,W3-8FN7-FSP0,WE-1Z7L-SA2I,X7-MY4W-H2I4,XE-27ZG-EZPZ,XE-YPAI-HX9F,XH-0LAE-FQO5,XY-UM2X-TPS3,YC-3L3M-BV48,YO-EKK2-FRCC,Z7-26PV-O9LR,ZT-QPY3-P24I skipped_cooldown_count=0 state=DEFENSIVE_HOLD write_status=READ_ONLY_NO_WRITE ceiling= reason_codes=DAILY_INTEL_STALE,A_CYCLE_MISSING_DEFENSIVE_HOLD
2026-02-18T01:08:50Z cycle_sleep seconds=1.00 mode=fixed next_due_seconds=0 next_due_sku=
2026-02-18T01:08:51Z cycle_start run_id=20260218T010851Z phase1_pilot=1 run_once=0 loop_sleep_seconds=1.00
2026-02-18T01:13:25Z snapshot_refresh ok listing_rows=61 seller_rows=487
2026-02-18T01:13:27Z phase1 h_cycle sku= processed_count=0 processed_skus= skipped_cooldown_count=61 state=NO_SKU_DUE write_status=NO_SKU_DUE_COOLDOWN ceiling= reason_codes=NO_SKU_DUE_COOLDOWN
2026-02-18T01:13:27Z cycle_sleep seconds=469.00 mode=next_due next_due_seconds=469 next_due_sku=0G-JB6S-PN34
2026-02-18T01:21:16Z cycle_start run_id=20260218T012116Z phase1_pilot=1 run_once=0 loop_sleep_seconds=1.00
2026-02-18T01:25:43Z snapshot_refresh ok listing_rows=61 seller_rows=487
2026-02-18T01:28:23Z phase1 h_cycle daily_intel missing for today; run A016_refresh_phase1_daily_intel.py
2026-02-18T01:28:23Z phase1 h_cycle sku=ZT-QPY3-P24I processed_count=61 processed_skus=0G-JB6S-PN34,0R-GRRH-W0Z9,2G-AYBQ-TUQG,3X-EXDD-TD2K,4W-VS57-BV6A,5Z-6Z0P-9TQQ,6Q-9G2A-IKVV,6V-EEC1-2S9Z,714810,7M-48OU-23X3,8M-LM6B-F2Q5,8M-NHB7-T8TR,8U-QPFH-3EKQ,9X-HL62-83C7,A1-KSU1-GZMS,A2-T2AC-TW3L,AF-KIHX-ANYY,AX-NKNU-29C1,BL-WX51-KQOK,CJ-X0SS-QOUW,CX-SMCH-4DYA,D0-C7C0-H6LN,D8-1A3E-I37F,DC-K5WH-R7F5,EV-CHU5-XU3G,FB-6FW0-Z82Q,GA-9DTN-9O1E,GY-FO04-RDYL,H6-E7MP-EBPD,HL-03ZR-QPHH,HS-R5IP-7E1C,IJ-V0PQ-4CZ4,JB-RGB6-LZOJ,L1-54EX-56YC,L5-PF3B-WHU4,LP-QMNJ-J49G,LR-7GM6-1RCH,OV-LVEL-DQL6,R4-0AXZ-ZZ9D,R7-98IN-2PW8,RI-VSUS-0YTD,RW-AZK6-O4M2,RZ-6ZL9-CZ7J,TJ-6LOP-OPEU,TK-E7QE-T40G,UR-Q7TM-1F3I,US-AK96-YFSB,VF-3T0K-DR5O,VO-A6AR-18YS,VU-8KRA-QP5M,W3-8FN7-FSP0,WE-1Z7L-SA2I,X7-MY4W-H2I4,XE-27ZG-EZPZ,XE-YPAI-HX9F,XH-0LAE-FQO5,XY-UM2X-TPS3,YC-3L3M-BV48,YO-EKK2-FRCC,Z7-26PV-O9LR,ZT-QPY3-P24I skipped_cooldown_count=0 state=DEFENSIVE_HOLD write_status=READ_ONLY_NO_WRITE ceiling= reason_codes=DAILY_INTEL_STALE,A_CYCLE_MISSING_DEFENSIVE_HOLD
2026-02-18T01:28:23Z cycle_sleep seconds=1.00 mode=fixed next_due_seconds=0 next_due_sku=
2026-02-18T01:28:24Z cycle_start run_id=20260218T012824Z phase1_pilot=1 run_once=0 loop_sleep_seconds=1.00
2026-02-18T01:33:03Z snapshot_refresh ok listing_rows=61 seller_rows=488
2026-02-18T01:33:04Z phase1 h_cycle sku= processed_count=0 processed_skus= skipped_cooldown_count=61 state=NO_SKU_DUE write_status=NO_SKU_DUE_COOLDOWN ceiling= reason_codes=NO_SKU_DUE_COOLDOWN
2026-02-18T01:33:04Z cycle_sleep seconds=472.00 mode=next_due next_due_seconds=472 next_due_sku=0G-JB6S-PN34
2026-02-18T01:40:56Z cycle_start run_id=20260218T014056Z phase1_pilot=1 run_once=0 loop_sleep_seconds=1.00
2026-02-18T01:45:25Z snapshot_refresh ok listing_rows=61 seller_rows=488
2026-02-18T01:48:05Z phase1 h_cycle daily_intel missing for today; run A016_refresh_phase1_daily_intel.py
2026-02-18T01:48:05Z phase1 h_cycle sku=ZT-QPY3-P24I processed_count=61 processed_skus=0G-JB6S-PN34,0R-GRRH-W0Z9,2G-AYBQ-TUQG,3X-EXDD-TD2K,4W-VS57-BV6A,5Z-6Z0P-9TQQ,6Q-9G2A-IKVV,6V-EEC1-2S9Z,714810,7M-48OU-23X3,8M-LM6B-F2Q5,8M-NHB7-T8TR,8U-QPFH-3EKQ,9X-HL62-83C7,A1-KSU1-GZMS,A2-T2AC-TW3L,AF-KIHX-ANYY,AX-NKNU-29C1,BL-WX51-KQOK,CJ-X0SS-QOUW,CX-SMCH-4DYA,D0-C7C0-H6LN,D8-1A3E-I37F,DC-K5WH-R7F5,EV-CHU5-XU3G,FB-6FW0-Z82Q,GA-9DTN-9O1E,GY-FO04-RDYL,H6-E7MP-EBPD,HL-03ZR-QPHH,HS-R5IP-7E1C,IJ-V0PQ-4CZ4,JB-RGB6-LZOJ,L1-54EX-56YC,L5-PF3B-WHU4,LP-QMNJ-J49G,LR-7GM6-1RCH,OV-LVEL-DQL6,R4-0AXZ-ZZ9D,R7-98IN-2PW8,RI-VSUS-0YTD,RW-AZK6-O4M2,RZ-6ZL9-CZ7J,TJ-6LOP-OPEU,TK-E7QE-T40G,UR-Q7TM-1F3I,US-AK96-YFSB,VF-3T0K-DR5O,VO-A6AR-18YS,VU-8KRA-QP5M,W3-8FN7-FSP0,WE-1Z7L-SA2I,X7-MY4W-H2I4,XE-27ZG-EZPZ,XE-YPAI-HX9F,XH-0LAE-FQO5,XY-UM2X-TPS3,YC-3L3M-BV48,YO-EKK2-FRCC,Z7-26PV-O9LR,ZT-QPY3-P24I skipped_cooldown_count=0 state=DEFENSIVE_HOLD write_status=READ_ONLY_NO_WRITE ceiling= reason_codes=DAILY_INTEL_STALE,A_CYCLE_MISSING_DEFENSIVE_HOLD
2026-02-18T01:48:05Z cycle_sleep seconds=1.00 mode=fixed next_due_seconds=0 next_due_sku=
2026-02-18T01:48:06Z cycle_start run_id=20260218T014806Z phase1_pilot=1 run_once=0 loop_sleep_seconds=1.00
2026-02-18T01:52:33Z snapshot_refresh ok listing_rows=61 seller_rows=488
2026-02-18T01:52:35Z phase1 h_cycle sku= processed_count=0 processed_skus= skipped_cooldown_count=61 state=NO_SKU_DUE write_status=NO_SKU_DUE_COOLDOWN ceiling= reason_codes=NO_SKU_DUE_COOLDOWN
2026-02-18T01:52:35Z cycle_sleep seconds=470.00 mode=next_due next_due_seconds=470 next_due_sku=0G-JB6S-PN34
2026-02-18T02:00:25Z cycle_start run_id=20260218T020025Z phase1_pilot=1 run_once=0 loop_sleep_seconds=1.00
2026-02-18T02:05:07Z snapshot_refresh ok listing_rows=61 seller_rows=488
2026-02-18T02:07:48Z phase1 h_cycle daily_intel missing for today; run A016_refresh_phase1_daily_intel.py
2026-02-18T02:07:48Z phase1 h_cycle sku=ZT-QPY3-P24I processed_count=61 processed_skus=0G-JB6S-PN34,0R-GRRH-W0Z9,2G-AYBQ-TUQG,3X-EXDD-TD2K,4W-VS57-BV6A,5Z-6Z0P-9TQQ,6Q-9G2A-IKVV,6V-EEC1-2S9Z,714810,7M-48OU-23X3,8M-LM6B-F2Q5,8M-NHB7-T8TR,8U-QPFH-3EKQ,9X-HL62-83C7,A1-KSU1-GZMS,A2-T2AC-TW3L,AF-KIHX-ANYY,AX-NKNU-29C1,BL-WX51-KQOK,CJ-X0SS-QOUW,CX-SMCH-4DYA,D0-C7C0-H6LN,D8-1A3E-I37F,DC-K5WH-R7F5,EV-CHU5-XU3G,FB-6FW0-Z82Q,GA-9DTN-9O1E,GY-FO04-RDYL,H6-E7MP-EBPD,HL-03ZR-QPHH,HS-R5IP-7E1C,IJ-V0PQ-4CZ4,JB-RGB6-LZOJ,L1-54EX-56YC,L5-PF3B-WHU4,LP-QMNJ-J49G,LR-7GM6-1RCH,OV-LVEL-DQL6,R4-0AXZ-ZZ9D,R7-98IN-2PW8,RI-VSUS-0YTD,RW-AZK6-O4M2,RZ-6ZL9-CZ7J,TJ-6LOP-OPEU,TK-E7QE-T40G,UR-Q7TM-1F3I,US-AK96-YFSB,VF-3T0K-DR5O,VO-A6AR-18YS,VU-8KRA-QP5M,W3-8FN7-FSP0,WE-1Z7L-SA2I,X7-MY4W-H2I4,XE-27ZG-EZPZ,XE-YPAI-HX9F,XH-0LAE-FQO5,XY-UM2X-TPS3,YC-3L3M-BV48,YO-EKK2-FRCC,Z7-26PV-O9LR,ZT-QPY3-P24I skipped_cooldown_count=0 state=DEFENSIVE_HOLD write_status=READ_ONLY_NO_WRITE ceiling= reason_codes=DAILY_INTEL_STALE,A_CYCLE_MISSING_DEFENSIVE_HOLD
2026-02-18T02:07:48Z cycle_sleep seconds=1.00 mode=fixed next_due_seconds=0 next_due_sku=
2026-02-18T02:07:49Z cycle_start run_id=20260218T020749Z phase1_pilot=1 run_once=0 loop_sleep_seconds=1.00
2026-02-18T02:12:18Z snapshot_refresh ok listing_rows=61 seller_rows=488
2026-02-18T02:12:20Z phase1 h_cycle sku= processed_count=0 processed_skus= skipped_cooldown_count=61 state=NO_SKU_DUE write_status=NO_SKU_DUE_COOLDOWN ceiling= reason_codes=NO_SKU_DUE_COOLDOWN
2026-02-18T02:12:20Z cycle_sleep seconds=456.00 mode=next_due next_due_seconds=456 next_due_sku=0G-JB6S-PN34
2026-02-18T02:19:56Z cycle_start run_id=20260218T021956Z phase1_pilot=1 run_once=0 loop_sleep_seconds=1.00
2026-02-18T02:24:33Z snapshot_refresh ok listing_rows=61 seller_rows=488
2026-02-18T02:27:14Z phase1 h_cycle daily_intel missing for today; run A016_refresh_phase1_daily_intel.py
2026-02-18T02:27:14Z phase1 h_cycle sku=ZT-QPY3-P24I processed_count=61 processed_skus=0G-JB6S-PN34,0R-GRRH-W0Z9,2G-AYBQ-TUQG,3X-EXDD-TD2K,4W-VS57-BV6A,5Z-6Z0P-9TQQ,6Q-9G2A-IKVV,6V-EEC1-2S9Z,714810,7M-48OU-23X3,8M-LM6B-F2Q5,8M-NHB7-T8TR,8U-QPFH-3EKQ,9X-HL62-83C7,A1-KSU1-GZMS,A2-T2AC-TW3L,AF-KIHX-ANYY,AX-NKNU-29C1,BL-WX51-KQOK,CJ-X0SS-QOUW,CX-SMCH-4DYA,D0-C7C0-H6LN,D8-1A3E-I37F,DC-K5WH-R7F5,EV-CHU5-XU3G,FB-6FW0-Z82Q,GA-9DTN-9O1E,GY-FO04-RDYL,H6-E7MP-EBPD,HL-03ZR-QPHH,HS-R5IP-7E1C,IJ-V0PQ-4CZ4,JB-RGB6-LZOJ,L1-54EX-56YC,L5-PF3B-WHU4,LP-QMNJ-J49G,LR-7GM6-1RCH,OV-LVEL-DQL6,R4-0AXZ-ZZ9D,R7-98IN-2PW8,RI-VSUS-0YTD,RW-AZK6-O4M2,RZ-6ZL9-CZ7J,TJ-6LOP-OPEU,TK-E7QE-T40G,UR-Q7TM-1F3I,US-AK96-YFSB,VF-3T0K-DR5O,VO-A6AR-18YS,VU-8KRA-QP5M,W3-8FN7-FSP0,WE-1Z7L-SA2I,X7-MY4W-H2I4,XE-27ZG-EZPZ,XE-YPAI-HX9F,XH-0LAE-FQO5,XY-UM2X-TPS3,YC-3L3M-BV48,YO-EKK2-FRCC,Z7-26PV-O9LR,ZT-QPY3-P24I skipped_cooldown_count=0 state=DEFENSIVE_HOLD write_status=READ_ONLY_NO_WRITE ceiling= reason_codes=DAILY_INTEL_STALE,A_CYCLE_MISSING_DEFENSIVE_HOLD
2026-02-18T02:27:14Z cycle_sleep seconds=1.00 mode=fixed next_due_seconds=0 next_due_sku=
2026-02-18T02:27:15Z cycle_start run_id=20260218T022715Z phase1_pilot=1 run_once=0 loop_sleep_seconds=1.00
2026-02-18T02:31:49Z snapshot_refresh ok listing_rows=61 seller_rows=488
2026-02-18T02:31:51Z phase1 h_cycle sku= processed_count=0 processed_skus= skipped_cooldown_count=61 state=NO_SKU_DUE write_status=NO_SKU_DUE_COOLDOWN ceiling= reason_codes=NO_SKU_DUE_COOLDOWN
2026-02-18T02:31:51Z cycle_sleep seconds=461.00 mode=next_due next_due_seconds=461 next_due_sku=0G-JB6S-PN34
2026-02-18T02:39:32Z cycle_start run_id=20260218T023932Z phase1_pilot=1 run_once=0 loop_sleep_seconds=1.00
2026-02-18T02:44:02Z snapshot_refresh ok listing_rows=61 seller_rows=487
2026-02-18T02:46:44Z phase1 h_cycle daily_intel missing for today; run A016_refresh_phase1_daily_intel.py
2026-02-18T02:46:44Z phase1 h_cycle sku=ZT-QPY3-P24I processed_count=61 processed_skus=0G-JB6S-PN34,0R-GRRH-W0Z9,2G-AYBQ-TUQG,3X-EXDD-TD2K,4W-VS57-BV6A,5Z-6Z0P-9TQQ,6Q-9G2A-IKVV,6V-EEC1-2S9Z,714810,7M-48OU-23X3,8M-LM6B-F2Q5,8M-NHB7-T8TR,8U-QPFH-3EKQ,9X-HL62-83C7,A1-KSU1-GZMS,A2-T2AC-TW3L,AF-KIHX-ANYY,AX-NKNU-29C1,BL-WX51-KQOK,CJ-X0SS-QOUW,CX-SMCH-4DYA,D0-C7C0-H6LN,D8-1A3E-I37F,DC-K5WH-R7F5,EV-CHU5-XU3G,FB-6FW0-Z82Q,GA-9DTN-9O1E,GY-FO04-RDYL,H6-E7MP-EBPD,HL-03ZR-QPHH,HS-R5IP-7E1C,IJ-V0PQ-4CZ4,JB-RGB6-LZOJ,L1-54EX-56YC,L5-PF3B-WHU4,LP-QMNJ-J49G,LR-7GM6-1RCH,OV-LVEL-DQL6,R4-0AXZ-ZZ9D,R7-98IN-2PW8,RI-VSUS-0YTD,RW-AZK6-O4M2,RZ-6ZL9-CZ7J,TJ-6LOP-OPEU,TK-E7QE-T40G,UR-Q7TM-1F3I,US-AK96-YFSB,VF-3T0K-DR5O,VO-A6AR-18YS,VU-8KRA-QP5M,W3-8FN7-FSP0,WE-1Z7L-SA2I,X7-MY4W-H2I4,XE-27ZG-EZPZ,XE-YPAI-HX9F,XH-0LAE-FQO5,XY-UM2X-TPS3,YC-3L3M-BV48,YO-EKK2-FRCC,Z7-26PV-O9LR,ZT-QPY3-P24I skipped_cooldown_count=0 state=DEFENSIVE_HOLD write_status=READ_ONLY_NO_WRITE ceiling= reason_codes=DAILY_INTEL_STALE,A_CYCLE_MISSING_DEFENSIVE_HOLD
2026-02-18T02:46:44Z cycle_sleep seconds=1.00 mode=fixed next_due_seconds=0 next_due_sku=
2026-02-18T02:46:45Z cycle_start run_id=20260218T024645Z phase1_pilot=1 run_once=0 loop_sleep_seconds=1.00
2026-02-18T02:51:23Z snapshot_refresh ok listing_rows=61 seller_rows=487
2026-02-18T02:51:24Z phase1 h_cycle sku= processed_count=0 processed_skus= skipped_cooldown_count=61 state=NO_SKU_DUE write_status=NO_SKU_DUE_COOLDOWN ceiling= reason_codes=NO_SKU_DUE_COOLDOWN
2026-02-18T02:51:24Z cycle_sleep seconds=467.00 mode=next_due next_due_seconds=467 next_due_sku=0G-JB6S-PN34
2026-02-18T02:59:11Z cycle_start run_id=20260218T025911Z phase1_pilot=1 run_once=0 loop_sleep_seconds=1.00
2026-02-18T03:03:40Z snapshot_refresh ok listing_rows=61 seller_rows=487
2026-02-18T03:06:22Z phase1 h_cycle daily_intel missing for today; run A016_refresh_phase1_daily_intel.py
2026-02-18T03:06:22Z phase1 h_cycle sku=ZT-QPY3-P24I processed_count=61 processed_skus=0G-JB6S-PN34,0R-GRRH-W0Z9,2G-AYBQ-TUQG,3X-EXDD-TD2K,4W-VS57-BV6A,5Z-6Z0P-9TQQ,6Q-9G2A-IKVV,6V-EEC1-2S9Z,714810,7M-48OU-23X3,8M-LM6B-F2Q5,8M-NHB7-T8TR,8U-QPFH-3EKQ,9X-HL62-83C7,A1-KSU1-GZMS,A2-T2AC-TW3L,AF-KIHX-ANYY,AX-NKNU-29C1,BL-WX51-KQOK,CJ-X0SS-QOUW,CX-SMCH-4DYA,D0-C7C0-H6LN,D8-1A3E-I37F,DC-K5WH-R7F5,EV-CHU5-XU3G,FB-6FW0-Z82Q,GA-9DTN-9O1E,GY-FO04-RDYL,H6-E7MP-EBPD,HL-03ZR-QPHH,HS-R5IP-7E1C,IJ-V0PQ-4CZ4,JB-RGB6-LZOJ,L1-54EX-56YC,L5-PF3B-WHU4,LP-QMNJ-J49G,LR-7GM6-1RCH,OV-LVEL-DQL6,R4-0AXZ-ZZ9D,R7-98IN-2PW8,RI-VSUS-0YTD,RW-AZK6-O4M2,RZ-6ZL9-CZ7J,TJ-6LOP-OPEU,TK-E7QE-T40G,UR-Q7TM-1F3I,US-AK96-YFSB,VF-3T0K-DR5O,VO-A6AR-18YS,VU-8KRA-QP5M,W3-8FN7-FSP0,WE-1Z7L-SA2I,X7-MY4W-H2I4,XE-27ZG-EZPZ,XE-YPAI-HX9F,XH-0LAE-FQO5,XY-UM2X-TPS3,YC-3L3M-BV48,YO-EKK2-FRCC,Z7-26PV-O9LR,ZT-QPY3-P24I skipped_cooldown_count=0 state=DEFENSIVE_HOLD write_status=READ_ONLY_NO_WRITE ceiling= reason_codes=DAILY_INTEL_STALE,A_CYCLE_MISSING_DEFENSIVE_HOLD
2026-02-18T03:06:22Z cycle_sleep seconds=1.00 mode=fixed next_due_seconds=0 next_due_sku=
2026-02-18T03:06:23Z cycle_start run_id=20260218T030623Z phase1_pilot=1 run_once=0 loop_sleep_seconds=1.00
2026-02-18T03:10:55Z snapshot_refresh ok listing_rows=61 seller_rows=487
2026-02-18T03:10:57Z phase1 h_cycle sku= processed_count=0 processed_skus= skipped_cooldown_count=61 state=NO_SKU_DUE write_status=NO_SKU_DUE_COOLDOWN ceiling= reason_codes=NO_SKU_DUE_COOLDOWN
2026-02-18T03:10:57Z cycle_sleep seconds=468.00 mode=next_due next_due_seconds=468 next_due_sku=0G-JB6S-PN34
2026-02-18T03:18:45Z cycle_start run_id=20260218T031845Z phase1_pilot=1 run_once=0 loop_sleep_seconds=1.00
2026-02-18T03:23:09Z snapshot_refresh ok listing_rows=61 seller_rows=487
2026-02-18T03:25:51Z phase1 h_cycle daily_intel missing for today; run A016_refresh_phase1_daily_intel.py
2026-02-18T03:25:51Z phase1 h_cycle sku=ZT-QPY3-P24I processed_count=61 processed_skus=0G-JB6S-PN34,0R-GRRH-W0Z9,2G-AYBQ-TUQG,3X-EXDD-TD2K,4W-VS57-BV6A,5Z-6Z0P-9TQQ,6Q-9G2A-IKVV,6V-EEC1-2S9Z,714810,7M-48OU-23X3,8M-LM6B-F2Q5,8M-NHB7-T8TR,8U-QPFH-3EKQ,9X-HL62-83C7,A1-KSU1-GZMS,A2-T2AC-TW3L,AF-KIHX-ANYY,AX-NKNU-29C1,BL-WX51-KQOK,CJ-X0SS-QOUW,CX-SMCH-4DYA,D0-C7C0-H6LN,D8-1A3E-I37F,DC-K5WH-R7F5,EV-CHU5-XU3G,FB-6FW0-Z82Q,GA-9DTN-9O1E,GY-FO04-RDYL,H6-E7MP-EBPD,HL-03ZR-QPHH,HS-R5IP-7E1C,IJ-V0PQ-4CZ4,JB-RGB6-LZOJ,L1-54EX-56YC,L5-PF3B-WHU4,LP-QMNJ-J49G,LR-7GM6-1RCH,OV-LVEL-DQL6,R4-0AXZ-ZZ9D,R7-98IN-2PW8,RI-VSUS-0YTD,RW-AZK6-O4M2,RZ-6ZL9-CZ7J,TJ-6LOP-OPEU,TK-E7QE-T40G,UR-Q7TM-1F3I,US-AK96-YFSB,VF-3T0K-DR5O,VO-A6AR-18YS,VU-8KRA-QP5M,W3-8FN7-FSP0,WE-1Z7L-SA2I,X7-MY4W-H2I4,XE-27ZG-EZPZ,XE-YPAI-HX9F,XH-0LAE-FQO5,XY-UM2X-TPS3,YC-3L3M-BV48,YO-EKK2-FRCC,Z7-26PV-O9LR,ZT-QPY3-P24I skipped_cooldown_count=0 state=DEFENSIVE_HOLD write_status=READ_ONLY_NO_WRITE ceiling= reason_codes=DAILY_INTEL_STALE,A_CYCLE_MISSING_DEFENSIVE_HOLD
2026-02-18T03:25:51Z cycle_sleep seconds=1.00 mode=fixed next_due_seconds=0 next_due_sku=
2026-02-18T03:25:52Z cycle_start run_id=20260218T032552Z phase1_pilot=1 run_once=0 loop_sleep_seconds=1.00
2026-02-18T03:30:22Z snapshot_refresh ok listing_rows=61 seller_rows=487
2026-02-18T03:30:24Z phase1 h_cycle sku= processed_count=0 processed_skus= skipped_cooldown_count=61 state=NO_SKU_DUE write_status=NO_SKU_DUE_COOLDOWN ceiling= reason_codes=NO_SKU_DUE_COOLDOWN
2026-02-18T03:30:24Z cycle_sleep seconds=473.00 mode=next_due next_due_seconds=473 next_due_sku=0G-JB6S-PN34
2026-02-18T03:38:17Z cycle_start run_id=20260218T033817Z phase1_pilot=1 run_once=0 loop_sleep_seconds=1.00
2026-02-18T03:42:42Z snapshot_refresh ok listing_rows=61 seller_rows=487
2026-02-18T03:45:25Z phase1 h_cycle daily_intel missing for today; run A016_refresh_phase1_daily_intel.py
2026-02-18T03:45:25Z phase1 h_cycle sku=ZT-QPY3-P24I processed_count=61 processed_skus=0G-JB6S-PN34,0R-GRRH-W0Z9,2G-AYBQ-TUQG,3X-EXDD-TD2K,4W-VS57-BV6A,5Z-6Z0P-9TQQ,6Q-9G2A-IKVV,6V-EEC1-2S9Z,714810,7M-48OU-23X3,8M-LM6B-F2Q5,8M-NHB7-T8TR,8U-QPFH-3EKQ,9X-HL62-83C7,A1-KSU1-GZMS,A2-T2AC-TW3L,AF-KIHX-ANYY,AX-NKNU-29C1,BL-WX51-KQOK,CJ-X0SS-QOUW,CX-SMCH-4DYA,D0-C7C0-H6LN,D8-1A3E-I37F,DC-K5WH-R7F5,EV-CHU5-XU3G,FB-6FW0-Z82Q,GA-9DTN-9O1E,GY-FO04-RDYL,H6-E7MP-EBPD,HL-03ZR-QPHH,HS-R5IP-7E1C,IJ-V0PQ-4CZ4,JB-RGB6-LZOJ,L1-54EX-56YC,L5-PF3B-WHU4,LP-QMNJ-J49G,LR-7GM6-1RCH,OV-LVEL-DQL6,R4-0AXZ-ZZ9D,R7-98IN-2PW8,RI-VSUS-0YTD,RW-AZK6-O4M2,RZ-6ZL9-CZ7J,TJ-6LOP-OPEU,TK-E7QE-T40G,UR-Q7TM-1F3I,US-AK96-YFSB,VF-3T0K-DR5O,VO-A6AR-18YS,VU-8KRA-QP5M,W3-8FN7-FSP0,WE-1Z7L-SA2I,X7-MY4W-H2I4,XE-27ZG-EZPZ,XE-YPAI-HX9F,XH-0LAE-FQO5,XY-UM2X-TPS3,YC-3L3M-BV48,YO-EKK2-FRCC,Z7-26PV-O9LR,ZT-QPY3-P24I skipped_cooldown_count=0 state=DEFENSIVE_HOLD write_status=READ_ONLY_NO_WRITE ceiling= reason_codes=DAILY_INTEL_STALE,A_CYCLE_MISSING_DEFENSIVE_HOLD
2026-02-18T03:45:25Z cycle_sleep seconds=1.00 mode=fixed next_due_seconds=0 next_due_sku=
2026-02-18T03:45:26Z cycle_start run_id=20260218T034526Z phase1_pilot=1 run_once=0 loop_sleep_seconds=1.00
2026-02-18T03:49:58Z snapshot_refresh ok listing_rows=61 seller_rows=487
2026-02-18T03:50:00Z phase1 h_cycle sku= processed_count=0 processed_skus= skipped_cooldown_count=61 state=NO_SKU_DUE write_status=NO_SKU_DUE_COOLDOWN ceiling= reason_codes=NO_SKU_DUE_COOLDOWN
2026-02-18T03:50:00Z cycle_sleep seconds=471.00 mode=next_due next_due_seconds=471 next_due_sku=0G-JB6S-PN34
2026-02-18T03:57:51Z cycle_start run_id=20260218T035751Z phase1_pilot=1 run_once=0 loop_sleep_seconds=1.00
2026-02-18T04:02:22Z snapshot_refresh ok listing_rows=61 seller_rows=487
2026-02-18T04:05:06Z phase1 h_cycle daily_intel missing for today; run A016_refresh_phase1_daily_intel.py
2026-02-18T04:05:06Z phase1 h_cycle sku=ZT-QPY3-P24I processed_count=61 processed_skus=0G-JB6S-PN34,0R-GRRH-W0Z9,2G-AYBQ-TUQG,3X-EXDD-TD2K,4W-VS57-BV6A,5Z-6Z0P-9TQQ,6Q-9G2A-IKVV,6V-EEC1-2S9Z,714810,7M-48OU-23X3,8M-LM6B-F2Q5,8M-NHB7-T8TR,8U-QPFH-3EKQ,9X-HL62-83C7,A1-KSU1-GZMS,A2-T2AC-TW3L,AF-KIHX-ANYY,AX-NKNU-29C1,BL-WX51-KQOK,CJ-X0SS-QOUW,CX-SMCH-4DYA,D0-C7C0-H6LN,D8-1A3E-I37F,DC-K5WH-R7F5,EV-CHU5-XU3G,FB-6FW0-Z82Q,GA-9DTN-9O1E,GY-FO04-RDYL,H6-E7MP-EBPD,HL-03ZR-QPHH,HS-R5IP-7E1C,IJ-V0PQ-4CZ4,JB-RGB6-LZOJ,L1-54EX-56YC,L5-PF3B-WHU4,LP-QMNJ-J49G,LR-7GM6-1RCH,OV-LVEL-DQL6,R4-0AXZ-ZZ9D,R7-98IN-2PW8,RI-VSUS-0YTD,RW-AZK6-O4M2,RZ-6ZL9-CZ7J,TJ-6LOP-OPEU,TK-E7QE-T40G,UR-Q7TM-1F3I,US-AK96-YFSB,VF-3T0K-DR5O,VO-A6AR-18YS,VU-8KRA-QP5M,W3-8FN7-FSP0,WE-1Z7L-SA2I,X7-MY4W-H2I4,XE-27ZG-EZPZ,XE-YPAI-HX9F,XH-0LAE-FQO5,XY-UM2X-TPS3,YC-3L3M-BV48,YO-EKK2-FRCC,Z7-26PV-O9LR,ZT-QPY3-P24I skipped_cooldown_count=0 state=DEFENSIVE_HOLD write_status=READ_ONLY_NO_WRITE ceiling= reason_codes=DAILY_INTEL_STALE,A_CYCLE_MISSING_DEFENSIVE_HOLD
2026-02-18T04:05:06Z cycle_sleep seconds=1.00 mode=fixed next_due_seconds=0 next_due_sku=
2026-02-18T04:05:07Z cycle_start run_id=20260218T040507Z phase1_pilot=1 run_once=0 loop_sleep_seconds=1.00
2026-02-18T04:09:36Z snapshot_refresh ok listing_rows=61 seller_rows=487
2026-02-18T04:09:38Z phase1 h_cycle sku= processed_count=0 processed_skus= skipped_cooldown_count=61 state=NO_SKU_DUE write_status=NO_SKU_DUE_COOLDOWN ceiling= reason_codes=NO_SKU_DUE_COOLDOWN
2026-02-18T04:09:38Z cycle_sleep seconds=464.00 mode=next_due next_due_seconds=464 next_due_sku=0G-JB6S-PN34
2026-02-18T04:17:22Z cycle_start run_id=20260218T041722Z phase1_pilot=1 run_once=0 loop_sleep_seconds=1.00
2026-02-18T04:22:01Z snapshot_refresh ok listing_rows=61 seller_rows=487
2026-02-18T04:24:45Z phase1 h_cycle daily_intel missing for today; run A016_refresh_phase1_daily_intel.py
2026-02-18T04:24:45Z phase1 h_cycle sku=ZT-QPY3-P24I processed_count=61 processed_skus=0G-JB6S-PN34,0R-GRRH-W0Z9,2G-AYBQ-TUQG,3X-EXDD-TD2K,4W-VS57-BV6A,5Z-6Z0P-9TQQ,6Q-9G2A-IKVV,6V-EEC1-2S9Z,714810,7M-48OU-23X3,8M-LM6B-F2Q5,8M-NHB7-T8TR,8U-QPFH-3EKQ,9X-HL62-83C7,A1-KSU1-GZMS,A2-T2AC-TW3L,AF-KIHX-ANYY,AX-NKNU-29C1,BL-WX51-KQOK,CJ-X0SS-QOUW,CX-SMCH-4DYA,D0-C7C0-H6LN,D8-1A3E-I37F,DC-K5WH-R7F5,EV-CHU5-XU3G,FB-6FW0-Z82Q,GA-9DTN-9O1E,GY-FO04-RDYL,H6-E7MP-EBPD,HL-03ZR-QPHH,HS-R5IP-7E1C,IJ-V0PQ-4CZ4,JB-RGB6-LZOJ,L1-54EX-56YC,L5-PF3B-WHU4,LP-QMNJ-J49G,LR-7GM6-1RCH,OV-LVEL-DQL6,R4-0AXZ-ZZ9D,R7-98IN-2PW8,RI-VSUS-0YTD,RW-AZK6-O4M2,RZ-6ZL9-CZ7J,TJ-6LOP-OPEU,TK-E7QE-T40G,UR-Q7TM-1F3I,US-AK96-YFSB,VF-3T0K-DR5O,VO-A6AR-18YS,VU-8KRA-QP5M,W3-8FN7-FSP0,WE-1Z7L-SA2I,X7-MY4W-H2I4,XE-27ZG-EZPZ,XE-YPAI-HX9F,XH-0LAE-FQO5,XY-UM2X-TPS3,YC-3L3M-BV48,YO-EKK2-FRCC,Z7-26PV-O9LR,ZT-QPY3-P24I skipped_cooldown_count=0 state=DEFENSIVE_HOLD write_status=READ_ONLY_NO_WRITE ceiling= reason_codes=DAILY_INTEL_STALE,A_CYCLE_MISSING_DEFENSIVE_HOLD
2026-02-18T04:24:45Z cycle_sleep seconds=1.00 mode=fixed next_due_seconds=0 next_due_sku=
2026-02-18T04:24:46Z cycle_start run_id=20260218T042446Z phase1_pilot=1 run_once=0 loop_sleep_seconds=1.00
2026-02-18T04:29:14Z snapshot_refresh ok listing_rows=61 seller_rows=487
2026-02-18T04:29:16Z phase1 h_cycle sku= processed_count=0 processed_skus= skipped_cooldown_count=61 state=NO_SKU_DUE write_status=NO_SKU_DUE_COOLDOWN ceiling= reason_codes=NO_SKU_DUE_COOLDOWN
2026-02-18T04:29:16Z cycle_sleep seconds=456.00 mode=next_due next_due_seconds=456 next_due_sku=0G-JB6S-PN34
2026-02-18T04:36:52Z cycle_start run_id=20260218T043652Z phase1_pilot=1 run_once=0 loop_sleep_seconds=1.00
2026-02-18T04:41:29Z snapshot_refresh ok listing_rows=61 seller_rows=488
2026-02-18T04:44:15Z phase1 h_cycle daily_intel missing for today; run A016_refresh_phase1_daily_intel.py
2026-02-18T04:44:15Z phase1 h_cycle sku=ZT-QPY3-P24I processed_count=61 processed_skus=0G-JB6S-PN34,0R-GRRH-W0Z9,2G-AYBQ-TUQG,3X-EXDD-TD2K,4W-VS57-BV6A,5Z-6Z0P-9TQQ,6Q-9G2A-IKVV,6V-EEC1-2S9Z,714810,7M-48OU-23X3,8M-LM6B-F2Q5,8M-NHB7-T8TR,8U-QPFH-3EKQ,9X-HL62-83C7,A1-KSU1-GZMS,A2-T2AC-TW3L,AF-KIHX-ANYY,AX-NKNU-29C1,BL-WX51-KQOK,CJ-X0SS-QOUW,CX-SMCH-4DYA,D0-C7C0-H6LN,D8-1A3E-I37F,DC-K5WH-R7F5,EV-CHU5-XU3G,FB-6FW0-Z82Q,GA-9DTN-9O1E,GY-FO04-RDYL,H6-E7MP-EBPD,HL-03ZR-QPHH,HS-R5IP-7E1C,IJ-V0PQ-4CZ4,JB-RGB6-LZOJ,L1-54EX-56YC,L5-PF3B-WHU4,LP-QMNJ-J49G,LR-7GM6-1RCH,OV-LVEL-DQL6,R4-0AXZ-ZZ9D,R7-98IN-2PW8,RI-VSUS-0YTD,RW-AZK6-O4M2,RZ-6ZL9-CZ7J,TJ-6LOP-OPEU,TK-E7QE-T40G,UR-Q7TM-1F3I,US-AK96-YFSB,VF-3T0K-DR5O,VO-A6AR-18YS,VU-8KRA-QP5M,W3-8FN7-FSP0,WE-1Z7L-SA2I,X7-MY4W-H2I4,XE-27ZG-EZPZ,XE-YPAI-HX9F,XH-0LAE-FQO5,XY-UM2X-TPS3,YC-3L3M-BV48,YO-EKK2-FRCC,Z7-26PV-O9LR,ZT-QPY3-P24I skipped_cooldown_count=0 state=DEFENSIVE_HOLD write_status=READ_ONLY_NO_WRITE ceiling= reason_codes=DAILY_INTEL_STALE,A_CYCLE_MISSING_DEFENSIVE_HOLD
2026-02-18T04:44:15Z cycle_sleep seconds=1.00 mode=fixed next_due_seconds=0 next_due_sku=
2026-02-18T04:44:16Z cycle_start run_id=20260218T044416Z phase1_pilot=1 run_once=0 loop_sleep_seconds=1.00
2026-02-18T04:48:43Z snapshot_refresh ok listing_rows=61 seller_rows=488
2026-02-18T04:48:45Z phase1 h_cycle sku= processed_count=0 processed_skus= skipped_cooldown_count=61 state=NO_SKU_DUE write_status=NO_SKU_DUE_COOLDOWN ceiling= reason_codes=NO_SKU_DUE_COOLDOWN
2026-02-18T04:48:45Z cycle_sleep seconds=456.00 mode=next_due next_due_seconds=456 next_due_sku=0G-JB6S-PN34
2026-02-18T04:56:21Z cycle_start run_id=20260218T045621Z phase1_pilot=1 run_once=0 loop_sleep_seconds=1.00
2026-02-18T05:00:46Z snapshot_refresh ok listing_rows=61 seller_rows=488
2026-02-18T05:03:30Z phase1 h_cycle daily_intel missing for today; run A016_refresh_phase1_daily_intel.py
2026-02-18T05:03:30Z phase1 h_cycle sku=ZT-QPY3-P24I processed_count=61 processed_skus=0G-JB6S-PN34,0R-GRRH-W0Z9,2G-AYBQ-TUQG,3X-EXDD-TD2K,4W-VS57-BV6A,5Z-6Z0P-9TQQ,6Q-9G2A-IKVV,6V-EEC1-2S9Z,714810,7M-48OU-23X3,8M-LM6B-F2Q5,8M-NHB7-T8TR,8U-QPFH-3EKQ,9X-HL62-83C7,A1-KSU1-GZMS,A2-T2AC-TW3L,AF-KIHX-ANYY,AX-NKNU-29C1,BL-WX51-KQOK,CJ-X0SS-QOUW,CX-SMCH-4DYA,D0-C7C0-H6LN,D8-1A3E-I37F,DC-K5WH-R7F5,EV-CHU5-XU3G,FB-6FW0-Z82Q,GA-9DTN-9O1E,GY-FO04-RDYL,H6-E7MP-EBPD,HL-03ZR-QPHH,HS-R5IP-7E1C,IJ-V0PQ-4CZ4,JB-RGB6-LZOJ,L1-54EX-56YC,L5-PF3B-WHU4,LP-QMNJ-J49G,LR-7GM6-1RCH,OV-LVEL-DQL6,R4-0AXZ-ZZ9D,R7-98IN-2PW8,RI-VSUS-0YTD,RW-AZK6-O4M2,RZ-6ZL9-CZ7J,TJ-6LOP-OPEU,TK-E7QE-T40G,UR-Q7TM-1F3I,US-AK96-YFSB,VF-3T0K-DR5O,VO-A6AR-18YS,VU-8KRA-QP5M,W3-8FN7-FSP0,WE-1Z7L-SA2I,X7-MY4W-H2I4,XE-27ZG-EZPZ,XE-YPAI-HX9F,XH-0LAE-FQO5,XY-UM2X-TPS3,YC-3L3M-BV48,YO-EKK2-FRCC,Z7-26PV-O9LR,ZT-QPY3-P24I skipped_cooldown_count=0 state=DEFENSIVE_HOLD write_status=READ_ONLY_NO_WRITE ceiling= reason_codes=DAILY_INTEL_STALE,A_CYCLE_MISSING_DEFENSIVE_HOLD
2026-02-18T05:03:30Z cycle_sleep seconds=1.00 mode=fixed next_due_seconds=0 next_due_sku=
2026-02-18T05:03:31Z cycle_start run_id=20260218T050331Z phase1_pilot=1 run_once=0 loop_sleep_seconds=1.00
2026-02-18T05:08:01Z snapshot_refresh ok listing_rows=61 seller_rows=488
2026-02-18T05:08:02Z phase1 h_cycle sku= processed_count=0 processed_skus= skipped_cooldown_count=61 state=NO_SKU_DUE write_status=NO_SKU_DUE_COOLDOWN ceiling= reason_codes=NO_SKU_DUE_COOLDOWN
2026-02-18T05:08:02Z cycle_sleep seconds=470.00 mode=next_due next_due_seconds=470 next_due_sku=0G-JB6S-PN34
2026-02-18T05:15:52Z cycle_start run_id=20260218T051552Z phase1_pilot=1 run_once=0 loop_sleep_seconds=1.00
2026-02-18T05:20:27Z snapshot_refresh ok listing_rows=61 seller_rows=488
2026-02-18T05:23:13Z phase1 h_cycle daily_intel missing for today; run A016_refresh_phase1_daily_intel.py
2026-02-18T05:23:13Z phase1 h_cycle sku=ZT-QPY3-P24I processed_count=61 processed_skus=0G-JB6S-PN34,0R-GRRH-W0Z9,2G-AYBQ-TUQG,3X-EXDD-TD2K,4W-VS57-BV6A,5Z-6Z0P-9TQQ,6Q-9G2A-IKVV,6V-EEC1-2S9Z,714810,7M-48OU-23X3,8M-LM6B-F2Q5,8M-NHB7-T8TR,8U-QPFH-3EKQ,9X-HL62-83C7,A1-KSU1-GZMS,A2-T2AC-TW3L,AF-KIHX-ANYY,AX-NKNU-29C1,BL-WX51-KQOK,CJ-X0SS-QOUW,CX-SMCH-4DYA,D0-C7C0-H6LN,D8-1A3E-I37F,DC-K5WH-R7F5,EV-CHU5-XU3G,FB-6FW0-Z82Q,GA-9DTN-9O1E,GY-FO04-RDYL,H6-E7MP-EBPD,HL-03ZR-QPHH,HS-R5IP-7E1C,IJ-V0PQ-4CZ4,JB-RGB6-LZOJ,L1-54EX-56YC,L5-PF3B-WHU4,LP-QMNJ-J49G,LR-7GM6-1RCH,OV-LVEL-DQL6,R4-0AXZ-ZZ9D,R7-98IN-2PW8,RI-VSUS-0YTD,RW-AZK6-O4M2,RZ-6ZL9-CZ7J,TJ-6LOP-OPEU,TK-E7QE-T40G,UR-Q7TM-1F3I,US-AK96-YFSB,VF-3T0K-DR5O,VO-A6AR-18YS,VU-8KRA-QP5M,W3-8FN7-FSP0,WE-1Z7L-SA2I,X7-MY4W-H2I4,XE-27ZG-EZPZ,XE-YPAI-HX9F,XH-0LAE-FQO5,XY-UM2X-TPS3,YC-3L3M-BV48,YO-EKK2-FRCC,Z7-26PV-O9LR,ZT-QPY3-P24I skipped_cooldown_count=0 state=DEFENSIVE_HOLD write_status=READ_ONLY_NO_WRITE ceiling= reason_codes=DAILY_INTEL_STALE,A_CYCLE_MISSING_DEFENSIVE_HOLD
2026-02-18T05:23:13Z cycle_sleep seconds=1.00 mode=fixed next_due_seconds=0 next_due_sku=
2026-02-18T05:23:14Z cycle_start run_id=20260218T052314Z phase1_pilot=1 run_once=0 loop_sleep_seconds=1.00
2026-02-18T05:27:55Z snapshot_refresh ok listing_rows=61 seller_rows=488
2026-02-18T05:27:57Z phase1 h_cycle sku= processed_count=0 processed_skus= skipped_cooldown_count=61 state=NO_SKU_DUE write_status=NO_SKU_DUE_COOLDOWN ceiling= reason_codes=NO_SKU_DUE_COOLDOWN
2026-02-18T05:27:57Z cycle_sleep seconds=458.00 mode=next_due next_due_seconds=458 next_due_sku=0G-JB6S-PN34
2026-02-18T05:35:35Z cycle_start run_id=20260218T053535Z phase1_pilot=1 run_once=0 loop_sleep_seconds=1.00
2026-02-18T05:40:09Z snapshot_refresh ok listing_rows=61 seller_rows=488
2026-02-18T05:42:56Z phase1 h_cycle daily_intel missing for today; run A016_refresh_phase1_daily_intel.py
2026-02-18T05:42:56Z phase1 h_cycle sku=ZT-QPY3-P24I processed_count=61 processed_skus=0G-JB6S-PN34,0R-GRRH-W0Z9,2G-AYBQ-TUQG,3X-EXDD-TD2K,4W-VS57-BV6A,5Z-6Z0P-9TQQ,6Q-9G2A-IKVV,6V-EEC1-2S9Z,714810,7M-48OU-23X3,8M-LM6B-F2Q5,8M-NHB7-T8TR,8U-QPFH-3EKQ,9X-HL62-83C7,A1-KSU1-GZMS,A2-T2AC-TW3L,AF-KIHX-ANYY,AX-NKNU-29C1,BL-WX51-KQOK,CJ-X0SS-QOUW,CX-SMCH-4DYA,D0-C7C0-H6LN,D8-1A3E-I37F,DC-K5WH-R7F5,EV-CHU5-XU3G,FB-6FW0-Z82Q,GA-9DTN-9O1E,GY-FO04-RDYL,H6-E7MP-EBPD,HL-03ZR-QPHH,HS-R5IP-7E1C,IJ-V0PQ-4CZ4,JB-RGB6-LZOJ,L1-54EX-56YC,L5-PF3B-WHU4,LP-QMNJ-J49G,LR-7GM6-1RCH,OV-LVEL-DQL6,R4-0AXZ-ZZ9D,R7-98IN-2PW8,RI-VSUS-0YTD,RW-AZK6-O4M2,RZ-6ZL9-CZ7J,TJ-6LOP-OPEU,TK-E7QE-T40G,UR-Q7TM-1F3I,US-AK96-YFSB,VF-3T0K-DR5O,VO-A6AR-18YS,VU-8KRA-QP5M,W3-8FN7-FSP0,WE-1Z7L-SA2I,X7-MY4W-H2I4,XE-27ZG-EZPZ,XE-YPAI-HX9F,XH-0LAE-FQO5,XY-UM2X-TPS3,YC-3L3M-BV48,YO-EKK2-FRCC,Z7-26PV-O9LR,ZT-QPY3-P24I skipped_cooldown_count=0 state=DEFENSIVE_HOLD write_status=READ_ONLY_NO_WRITE ceiling= reason_codes=DAILY_INTEL_STALE,A_CYCLE_MISSING_DEFENSIVE_HOLD
2026-02-18T05:42:56Z cycle_sleep seconds=1.00 mode=fixed next_due_seconds=0 next_due_sku=
2026-02-18T05:42:57Z cycle_start run_id=20260218T054257Z phase1_pilot=1 run_once=0 loop_sleep_seconds=1.00
2026-02-18T05:47:30Z snapshot_refresh ok listing_rows=61 seller_rows=488
2026-02-18T05:47:32Z phase1 h_cycle sku= processed_count=0 processed_skus= skipped_cooldown_count=61 state=NO_SKU_DUE write_status=NO_SKU_DUE_COOLDOWN ceiling= reason_codes=NO_SKU_DUE_COOLDOWN
2026-02-18T05:47:32Z cycle_sleep seconds=458.00 mode=next_due next_due_seconds=458 next_due_sku=0G-JB6S-PN34
2026-02-18T05:55:10Z cycle_start run_id=20260218T055510Z phase1_pilot=1 run_once=0 loop_sleep_seconds=1.00
2026-02-18T05:59:36Z snapshot_refresh ok listing_rows=61 seller_rows=488
2026-02-18T06:02:22Z phase1 h_cycle daily_intel missing for today; run A016_refresh_phase1_daily_intel.py
2026-02-18T06:02:22Z phase1 h_cycle sku=ZT-QPY3-P24I processed_count=61 processed_skus=0G-JB6S-PN34,0R-GRRH-W0Z9,2G-AYBQ-TUQG,3X-EXDD-TD2K,4W-VS57-BV6A,5Z-6Z0P-9TQQ,6Q-9G2A-IKVV,6V-EEC1-2S9Z,714810,7M-48OU-23X3,8M-LM6B-F2Q5,8M-NHB7-T8TR,8U-QPFH-3EKQ,9X-HL62-83C7,A1-KSU1-GZMS,A2-T2AC-TW3L,AF-KIHX-ANYY,AX-NKNU-29C1,BL-WX51-KQOK,CJ-X0SS-QOUW,CX-SMCH-4DYA,D0-C7C0-H6LN,D8-1A3E-I37F,DC-K5WH-R7F5,EV-CHU5-XU3G,FB-6FW0-Z82Q,GA-9DTN-9O1E,GY-FO04-RDYL,H6-E7MP-EBPD,HL-03ZR-QPHH,HS-R5IP-7E1C,IJ-V0PQ-4CZ4,JB-RGB6-LZOJ,L1-54EX-56YC,L5-PF3B-WHU4,LP-QMNJ-J49G,LR-7GM6-1RCH,OV-LVEL-DQL6,R4-0AXZ-ZZ9D,R7-98IN-2PW8,RI-VSUS-0YTD,RW-AZK6-O4M2,RZ-6ZL9-CZ7J,TJ-6LOP-OPEU,TK-E7QE-T40G,UR-Q7TM-1F3I,US-AK96-YFSB,VF-3T0K-DR5O,VO-A6AR-18YS,VU-8KRA-QP5M,W3-8FN7-FSP0,WE-1Z7L-SA2I,X7-MY4W-H2I4,XE-27ZG-EZPZ,XE-YPAI-HX9F,XH-0LAE-FQO5,XY-UM2X-TPS3,YC-3L3M-BV48,YO-EKK2-FRCC,Z7-26PV-O9LR,ZT-QPY3-P24I skipped_cooldown_count=0 state=DEFENSIVE_HOLD write_status=READ_ONLY_NO_WRITE ceiling= reason_codes=DAILY_INTEL_STALE,A_CYCLE_MISSING_DEFENSIVE_HOLD
2026-02-18T06:02:22Z cycle_sleep seconds=1.00 mode=fixed next_due_seconds=0 next_due_sku=
2026-02-18T06:02:23Z cycle_start run_id=20260218T060223Z phase1_pilot=1 run_once=0 loop_sleep_seconds=1.00
2026-02-18T06:06:40Z snapshot_refresh ok listing_rows=61 seller_rows=489
2026-02-18T06:06:41Z phase1 h_cycle sku= processed_count=0 processed_skus= skipped_cooldown_count=61 state=NO_SKU_DUE write_status=NO_SKU_DUE_COOLDOWN ceiling= reason_codes=NO_SKU_DUE_COOLDOWN
2026-02-18T06:06:41Z cycle_sleep seconds=467.00 mode=next_due next_due_seconds=467 next_due_sku=0G-JB6S-PN34
2026-02-18T06:14:28Z cycle_start run_id=20260218T061428Z phase1_pilot=1 run_once=0 loop_sleep_seconds=1.00
2026-02-18T06:18:43Z snapshot_refresh ok listing_rows=61 seller_rows=489
2026-02-18T06:21:31Z phase1 h_cycle daily_intel missing for today; run A016_refresh_phase1_daily_intel.py
2026-02-18T06:21:31Z phase1 h_cycle sku=ZT-QPY3-P24I processed_count=61 processed_skus=0G-JB6S-PN34,0R-GRRH-W0Z9,2G-AYBQ-TUQG,3X-EXDD-TD2K,4W-VS57-BV6A,5Z-6Z0P-9TQQ,6Q-9G2A-IKVV,6V-EEC1-2S9Z,714810,7M-48OU-23X3,8M-LM6B-F2Q5,8M-NHB7-T8TR,8U-QPFH-3EKQ,9X-HL62-83C7,A1-KSU1-GZMS,A2-T2AC-TW3L,AF-KIHX-ANYY,AX-NKNU-29C1,BL-WX51-KQOK,CJ-X0SS-QOUW,CX-SMCH-4DYA,D0-C7C0-H6LN,D8-1A3E-I37F,DC-K5WH-R7F5,EV-CHU5-XU3G,FB-6FW0-Z82Q,GA-9DTN-9O1E,GY-FO04-RDYL,H6-E7MP-EBPD,HL-03ZR-QPHH,HS-R5IP-7E1C,IJ-V0PQ-4CZ4,JB-RGB6-LZOJ,L1-54EX-56YC,L5-PF3B-WHU4,LP-QMNJ-J49G,LR-7GM6-1RCH,OV-LVEL-DQL6,R4-0AXZ-ZZ9D,R7-98IN-2PW8,RI-VSUS-0YTD,RW-AZK6-O4M2,RZ-6ZL9-CZ7J,TJ-6LOP-OPEU,TK-E7QE-T40G,UR-Q7TM-1F3I,US-AK96-YFSB,VF-3T0K-DR5O,VO-A6AR-18YS,VU-8KRA-QP5M,W3-8FN7-FSP0,WE-1Z7L-SA2I,X7-MY4W-H2I4,XE-27ZG-EZPZ,XE-YPAI-HX9F,XH-0LAE-FQO5,XY-UM2X-TPS3,YC-3L3M-BV48,YO-EKK2-FRCC,Z7-26PV-O9LR,ZT-QPY3-P24I skipped_cooldown_count=0 state=DEFENSIVE_HOLD write_status=READ_ONLY_NO_WRITE ceiling= reason_codes=DAILY_INTEL_STALE,A_CYCLE_MISSING_DEFENSIVE_HOLD
2026-02-18T06:21:31Z cycle_sleep seconds=1.00 mode=fixed next_due_seconds=0 next_due_sku=
2026-02-18T06:21:32Z cycle_start run_id=20260218T062132Z phase1_pilot=1 run_once=0 loop_sleep_seconds=1.00
2026-02-18T06:25:49Z snapshot_refresh ok listing_rows=61 seller_rows=489
2026-02-18T06:25:51Z phase1 h_cycle sku= processed_count=0 processed_skus= skipped_cooldown_count=61 state=NO_SKU_DUE write_status=NO_SKU_DUE_COOLDOWN ceiling= reason_codes=NO_SKU_DUE_COOLDOWN
2026-02-18T06:25:51Z cycle_sleep seconds=476.00 mode=next_due next_due_seconds=476 next_due_sku=0G-JB6S-PN34
2026-02-18T06:33:47Z cycle_start run_id=20260218T063347Z phase1_pilot=1 run_once=0 loop_sleep_seconds=1.00
2026-02-18T06:38:02Z snapshot_refresh ok listing_rows=61 seller_rows=489
2026-02-18T06:38:36Z cycle_start run_id=20260218T063836Z phase1_pilot=1 run_once=0 loop_sleep_seconds=1.00
2026-02-18T06:42:50Z snapshot_refresh ok listing_rows=61 seller_rows=489
2026-02-18T07:03:10Z phase1 daily_intel alignment status=ok target_mode=active_merchant resolved_count=61 processed=61 missing_compliance=0
2026-02-18T07:06:00Z phase1 h_cycle sku=ZT-QPY3-P24I processed_count=61 processed_skus=0G-JB6S-PN34,0R-GRRH-W0Z9,2G-AYBQ-TUQG,3X-EXDD-TD2K,4W-VS57-BV6A,5Z-6Z0P-9TQQ,6Q-9G2A-IKVV,6V-EEC1-2S9Z,714810,7M-48OU-23X3,8M-LM6B-F2Q5,8M-NHB7-T8TR,8U-QPFH-3EKQ,9X-HL62-83C7,A1-KSU1-GZMS,A2-T2AC-TW3L,AF-KIHX-ANYY,AX-NKNU-29C1,BL-WX51-KQOK,CJ-X0SS-QOUW,CX-SMCH-4DYA,D0-C7C0-H6LN,D8-1A3E-I37F,DC-K5WH-R7F5,EV-CHU5-XU3G,FB-6FW0-Z82Q,GA-9DTN-9O1E,GY-FO04-RDYL,H6-E7MP-EBPD,HL-03ZR-QPHH,HS-R5IP-7E1C,IJ-V0PQ-4CZ4,JB-RGB6-LZOJ,L1-54EX-56YC,L5-PF3B-WHU4,LP-QMNJ-J49G,LR-7GM6-1RCH,OV-LVEL-DQL6,R4-0AXZ-ZZ9D,R7-98IN-2PW8,RI-VSUS-0YTD,RW-AZK6-O4M2,RZ-6ZL9-CZ7J,TJ-6LOP-OPEU,TK-E7QE-T40G,UR-Q7TM-1F3I,US-AK96-YFSB,VF-3T0K-DR5O,VO-A6AR-18YS,VU-8KRA-QP5M,W3-8FN7-FSP0,WE-1Z7L-SA2I,X7-MY4W-H2I4,XE-27ZG-EZPZ,XE-YPAI-HX9F,XH-0LAE-FQO5,XY-UM2X-TPS3,YC-3L3M-BV48,YO-EKK2-FRCC,Z7-26PV-O9LR,ZT-QPY3-P24I skipped_cooldown_count=0 state=REGAIN write_status=NO_WRITE_REQUIRED ceiling=17.99 reason_codes=FEATURED_NOT_OURS_REGAIN,FAIL_CEILING_BELOW_HARD_FLOOR,FLOOR_PRIORITY_CEILING_CONFLICT,FLOOR_PRIORITY_ALREADY_SAFE_NO_WRITE,BINDING_CEILING_COMPLIANCE,DVE_DISABLED_FEATURED_WINNER_DELIVERY_UNKNOWN
2026-02-18T07:06:00Z phase1 runtime_floor_snapshot status=ok rows=58 trace_rows=58
2026-02-18T07:06:00Z cycle_sleep seconds=1.00 mode=fixed next_due_seconds=0 next_due_sku=
2026-02-18T07:06:01Z cycle_start run_id=20260218T070601Z phase1_pilot=1 run_once=0 loop_sleep_seconds=1.00
2026-02-18T07:10:18Z snapshot_refresh ok listing_rows=61 seller_rows=489
2026-02-18T07:13:09Z phase1 h_cycle sku=ZT-QPY3-P24I processed_count=61 processed_skus=0G-JB6S-PN34,0R-GRRH-W0Z9,2G-AYBQ-TUQG,3X-EXDD-TD2K,4W-VS57-BV6A,5Z-6Z0P-9TQQ,6Q-9G2A-IKVV,6V-EEC1-2S9Z,714810,7M-48OU-23X3,8M-LM6B-F2Q5,8M-NHB7-T8TR,8U-QPFH-3EKQ,9X-HL62-83C7,A1-KSU1-GZMS,A2-T2AC-TW3L,AF-KIHX-ANYY,AX-NKNU-29C1,BL-WX51-KQOK,CJ-X0SS-QOUW,CX-SMCH-4DYA,D0-C7C0-H6LN,D8-1A3E-I37F,DC-K5WH-R7F5,EV-CHU5-XU3G,FB-6FW0-Z82Q,GA-9DTN-9O1E,GY-FO04-RDYL,H6-E7MP-EBPD,HL-03ZR-QPHH,HS-R5IP-7E1C,IJ-V0PQ-4CZ4,JB-RGB6-LZOJ,L1-54EX-56YC,L5-PF3B-WHU4,LP-QMNJ-J49G,LR-7GM6-1RCH,OV-LVEL-DQL6,R4-0AXZ-ZZ9D,R7-98IN-2PW8,RI-VSUS-0YTD,RW-AZK6-O4M2,RZ-6ZL9-CZ7J,TJ-6LOP-OPEU,TK-E7QE-T40G,UR-Q7TM-1F3I,US-AK96-YFSB,VF-3T0K-DR5O,VO-A6AR-18YS,VU-8KRA-QP5M,W3-8FN7-FSP0,WE-1Z7L-SA2I,X7-MY4W-H2I4,XE-27ZG-EZPZ,XE-YPAI-HX9F,XH-0LAE-FQO5,XY-UM2X-TPS3,YC-3L3M-BV48,YO-EKK2-FRCC,Z7-26PV-O9LR,ZT-QPY3-P24I skipped_cooldown_count=0 state=REGAIN write_status=NO_WRITE_REQUIRED ceiling=17.99 reason_codes=FEATURED_NOT_OURS_REGAIN,FAIL_CEILING_BELOW_HARD_FLOOR,FLOOR_PRIORITY_CEILING_CONFLICT,FLOOR_PRIORITY_ALREADY_SAFE_NO_WRITE,BINDING_CEILING_COMPLIANCE,DVE_DISABLED_FEATURED_WINNER_DELIVERY_UNKNOWN
2026-02-18T07:13:09Z phase1 runtime_floor_snapshot status=ok rows=58 trace_rows=58
2026-02-18T07:13:09Z cycle_sleep seconds=1.00 mode=fixed next_due_seconds=0 next_due_sku=
2026-02-18T07:13:10Z cycle_start run_id=20260218T071310Z phase1_pilot=1 run_once=0 loop_sleep_seconds=1.00
2026-02-18T07:17:23Z snapshot_refresh ok listing_rows=61 seller_rows=489
2026-02-18T07:17:26Z phase1 h_cycle sku= processed_count=0 processed_skus= skipped_cooldown_count=61 state=NO_SKU_DUE write_status=NO_SKU_DUE_COOLDOWN ceiling= reason_codes=NO_SKU_DUE_COOLDOWN
2026-02-18T07:17:26Z phase1 runtime_floor_snapshot status=ok rows=58 trace_rows=58
2026-02-18T07:17:26Z cycle_sleep seconds=471.00 mode=next_due next_due_seconds=471 next_due_sku=0G-JB6S-PN34
2026-02-18T07:25:17Z cycle_start run_id=20260218T072517Z phase1_pilot=1 run_once=0 loop_sleep_seconds=1.00
2026-02-18T07:29:34Z snapshot_refresh ok listing_rows=61 seller_rows=489
2026-02-18T07:32:24Z phase1 h_cycle sku=ZT-QPY3-P24I processed_count=61 processed_skus=0G-JB6S-PN34,0R-GRRH-W0Z9,2G-AYBQ-TUQG,3X-EXDD-TD2K,4W-VS57-BV6A,5Z-6Z0P-9TQQ,6Q-9G2A-IKVV,6V-EEC1-2S9Z,714810,7M-48OU-23X3,8M-LM6B-F2Q5,8M-NHB7-T8TR,8U-QPFH-3EKQ,9X-HL62-83C7,A1-KSU1-GZMS,A2-T2AC-TW3L,AF-KIHX-ANYY,AX-NKNU-29C1,BL-WX51-KQOK,CJ-X0SS-QOUW,CX-SMCH-4DYA,D0-C7C0-H6LN,D8-1A3E-I37F,DC-K5WH-R7F5,EV-CHU5-XU3G,FB-6FW0-Z82Q,GA-9DTN-9O1E,GY-FO04-RDYL,H6-E7MP-EBPD,HL-03ZR-QPHH,HS-R5IP-7E1C,IJ-V0PQ-4CZ4,JB-RGB6-LZOJ,L1-54EX-56YC,L5-PF3B-WHU4,LP-QMNJ-J49G,LR-7GM6-1RCH,OV-LVEL-DQL6,R4-0AXZ-ZZ9D,R7-98IN-2PW8,RI-VSUS-0YTD,RW-AZK6-O4M2,RZ-6ZL9-CZ7J,TJ-6LOP-OPEU,TK-E7QE-T40G,UR-Q7TM-1F3I,US-AK96-YFSB,VF-3T0K-DR5O,VO-A6AR-18YS,VU-8KRA-QP5M,W3-8FN7-FSP0,WE-1Z7L-SA2I,X7-MY4W-H2I4,XE-27ZG-EZPZ,XE-YPAI-HX9F,XH-0LAE-FQO5,XY-UM2X-TPS3,YC-3L3M-BV48,YO-EKK2-FRCC,Z7-26PV-O9LR,ZT-QPY3-P24I skipped_cooldown_count=0 state=REGAIN write_status=NO_WRITE_REQUIRED ceiling=17.99 reason_codes=FEATURED_NOT_OURS_REGAIN,FAIL_CEILING_BELOW_HARD_FLOOR,FLOOR_PRIORITY_CEILING_CONFLICT,FLOOR_PRIORITY_ALREADY_SAFE_NO_WRITE,BINDING_CEILING_COMPLIANCE,DVE_DISABLED_FEATURED_WINNER_DELIVERY_UNKNOWN
2026-02-18T07:32:24Z phase1 runtime_floor_snapshot status=ok rows=58 trace_rows=58
2026-02-18T07:32:24Z cycle_sleep seconds=1.00 mode=fixed next_due_seconds=0 next_due_sku=
2026-02-18T07:32:25Z cycle_start run_id=20260218T073225Z phase1_pilot=1 run_once=0 loop_sleep_seconds=1.00
2026-02-18T07:36:39Z snapshot_refresh ok listing_rows=61 seller_rows=489
2026-02-18T07:36:41Z phase1 h_cycle sku= processed_count=0 processed_skus= skipped_cooldown_count=61 state=NO_SKU_DUE write_status=NO_SKU_DUE_COOLDOWN ceiling= reason_codes=NO_SKU_DUE_COOLDOWN
2026-02-18T07:36:41Z phase1 runtime_floor_snapshot status=ok rows=58 trace_rows=58
2026-02-18T07:36:41Z cycle_sleep seconds=472.00 mode=next_due next_due_seconds=472 next_due_sku=0G-JB6S-PN34
2026-02-18T07:44:33Z cycle_start run_id=20260218T074433Z phase1_pilot=1 run_once=0 loop_sleep_seconds=1.00
2026-02-18T07:48:51Z snapshot_refresh ok listing_rows=61 seller_rows=489
2026-02-18T07:51:42Z phase1 h_cycle sku=ZT-QPY3-P24I processed_count=61 processed_skus=0G-JB6S-PN34,0R-GRRH-W0Z9,2G-AYBQ-TUQG,3X-EXDD-TD2K,4W-VS57-BV6A,5Z-6Z0P-9TQQ,6Q-9G2A-IKVV,6V-EEC1-2S9Z,714810,7M-48OU-23X3,8M-LM6B-F2Q5,8M-NHB7-T8TR,8U-QPFH-3EKQ,9X-HL62-83C7,A1-KSU1-GZMS,A2-T2AC-TW3L,AF-KIHX-ANYY,AX-NKNU-29C1,BL-WX51-KQOK,CJ-X0SS-QOUW,CX-SMCH-4DYA,D0-C7C0-H6LN,D8-1A3E-I37F,DC-K5WH-R7F5,EV-CHU5-XU3G,FB-6FW0-Z82Q,GA-9DTN-9O1E,GY-FO04-RDYL,H6-E7MP-EBPD,HL-03ZR-QPHH,HS-R5IP-7E1C,IJ-V0PQ-4CZ4,JB-RGB6-LZOJ,L1-54EX-56YC,L5-PF3B-WHU4,LP-QMNJ-J49G,LR-7GM6-1RCH,OV-LVEL-DQL6,R4-0AXZ-ZZ9D,R7-98IN-2PW8,RI-VSUS-0YTD,RW-AZK6-O4M2,RZ-6ZL9-CZ7J,TJ-6LOP-OPEU,TK-E7QE-T40G,UR-Q7TM-1F3I,US-AK96-YFSB,VF-3T0K-DR5O,VO-A6AR-18YS,VU-8KRA-QP5M,W3-8FN7-FSP0,WE-1Z7L-SA2I,X7-MY4W-H2I4,XE-27ZG-EZPZ,XE-YPAI-HX9F,XH-0LAE-FQO5,XY-UM2X-TPS3,YC-3L3M-BV48,YO-EKK2-FRCC,Z7-26PV-O9LR,ZT-QPY3-P24I skipped_cooldown_count=0 state=REGAIN write_status=NO_WRITE_REQUIRED ceiling=17.99 reason_codes=FEATURED_NOT_OURS_REGAIN,FAIL_CEILING_BELOW_HARD_FLOOR,FLOOR_PRIORITY_CEILING_CONFLICT,FLOOR_PRIORITY_ALREADY_SAFE_NO_WRITE,BINDING_CEILING_COMPLIANCE,DVE_DISABLED_FEATURED_WINNER_DELIVERY_UNKNOWN
2026-02-18T07:51:42Z phase1 runtime_floor_snapshot status=ok rows=58 trace_rows=58
2026-02-18T07:51:42Z cycle_sleep seconds=1.00 mode=fixed next_due_seconds=0 next_due_sku=
2026-02-18T07:51:43Z cycle_start run_id=20260218T075143Z phase1_pilot=1 run_once=0 loop_sleep_seconds=1.00
2026-02-18T07:56:05Z snapshot_refresh ok listing_rows=61 seller_rows=489
2026-02-18T07:56:07Z phase1 h_cycle sku= processed_count=0 processed_skus= skipped_cooldown_count=61 state=NO_SKU_DUE write_status=NO_SKU_DUE_COOLDOWN ceiling= reason_codes=NO_SKU_DUE_COOLDOWN
2026-02-18T07:56:07Z phase1 runtime_floor_snapshot status=ok rows=58 trace_rows=58
2026-02-18T07:56:07Z cycle_sleep seconds=470.00 mode=next_due next_due_seconds=470 next_due_sku=0G-JB6S-PN34
2026-02-18T09:09:20Z cycle_start run_id=20260218T090920Z phase1_pilot=1 run_once=0 loop_sleep_seconds=1.00
2026-02-18T09:14:16Z snapshot_refresh ok listing_rows=61 seller_rows=491
2026-02-18T09:17:20Z phase1 h_cycle sku=ZT-QPY3-P24I processed_count=61 processed_skus=0G-JB6S-PN34,0R-GRRH-W0Z9,2G-AYBQ-TUQG,3X-EXDD-TD2K,4W-VS57-BV6A,5Z-6Z0P-9TQQ,6Q-9G2A-IKVV,6V-EEC1-2S9Z,714810,7M-48OU-23X3,8M-LM6B-F2Q5,8M-NHB7-T8TR,8U-QPFH-3EKQ,9X-HL62-83C7,A1-KSU1-GZMS,A2-T2AC-TW3L,AF-KIHX-ANYY,AX-NKNU-29C1,BL-WX51-KQOK,CJ-X0SS-QOUW,CX-SMCH-4DYA,D0-C7C0-H6LN,D8-1A3E-I37F,DC-K5WH-R7F5,EV-CHU5-XU3G,FB-6FW0-Z82Q,GA-9DTN-9O1E,GY-FO04-RDYL,H6-E7MP-EBPD,HL-03ZR-QPHH,HS-R5IP-7E1C,IJ-V0PQ-4CZ4,JB-RGB6-LZOJ,L1-54EX-56YC,L5-PF3B-WHU4,LP-QMNJ-J49G,LR-7GM6-1RCH,OV-LVEL-DQL6,R4-0AXZ-ZZ9D,R7-98IN-2PW8,RI-VSUS-0YTD,RW-AZK6-O4M2,RZ-6ZL9-CZ7J,TJ-6LOP-OPEU,TK-E7QE-T40G,UR-Q7TM-1F3I,US-AK96-YFSB,VF-3T0K-DR5O,VO-A6AR-18YS,VU-8KRA-QP5M,W3-8FN7-FSP0,WE-1Z7L-SA2I,X7-MY4W-H2I4,XE-27ZG-EZPZ,XE-YPAI-HX9F,XH-0LAE-FQO5,XY-UM2X-TPS3,YC-3L3M-BV48,YO-EKK2-FRCC,Z7-26PV-O9LR,ZT-QPY3-P24I skipped_cooldown_count=0 state=REGAIN write_status=NO_WRITE_REQUIRED ceiling=17.99 reason_codes=FEATURED_NOT_OURS_REGAIN,FAIL_CEILING_BELOW_HARD_FLOOR,FLOOR_PRIORITY_CEILING_CONFLICT,FLOOR_PRIORITY_ALREADY_SAFE_NO_WRITE,BINDING_CEILING_COMPLIANCE,DVE_DISABLED_FEATURED_WINNER_DELIVERY_UNKNOWN
2026-02-18T09:17:20Z phase1 runtime_floor_snapshot status=ok rows=58 trace_rows=58
2026-02-18T09:17:20Z cycle_sleep seconds=1.00 mode=fixed next_due_seconds=0 next_due_sku=
2026-02-18T09:17:21Z cycle_start run_id=20260218T091721Z phase1_pilot=1 run_once=0 loop_sleep_seconds=1.00
2026-02-18T09:22:08Z snapshot_refresh ok listing_rows=61 seller_rows=491
2026-02-18T09:22:10Z phase1 h_cycle sku= processed_count=0 processed_skus= skipped_cooldown_count=61 state=NO_SKU_DUE write_status=NO_SKU_DUE_COOLDOWN ceiling= reason_codes=NO_SKU_DUE_COOLDOWN
2026-02-18T09:22:10Z phase1 runtime_floor_snapshot status=ok rows=58 trace_rows=58
2026-02-18T09:22:10Z cycle_sleep seconds=419.00 mode=next_due next_due_seconds=419 next_due_sku=0G-JB6S-PN34
2026-02-18T09:29:09Z cycle_start run_id=20260218T092909Z phase1_pilot=1 run_once=0 loop_sleep_seconds=1.00
2026-02-18T09:33:43Z snapshot_refresh ok listing_rows=61 seller_rows=491
2026-02-18T09:36:57Z phase1 h_cycle sku=ZT-QPY3-P24I processed_count=61 processed_skus=0G-JB6S-PN34,0R-GRRH-W0Z9,2G-AYBQ-TUQG,3X-EXDD-TD2K,4W-VS57-BV6A,5Z-6Z0P-9TQQ,6Q-9G2A-IKVV,6V-EEC1-2S9Z,714810,7M-48OU-23X3,8M-LM6B-F2Q5,8M-NHB7-T8TR,8U-QPFH-3EKQ,9X-HL62-83C7,A1-KSU1-GZMS,A2-T2AC-TW3L,AF-KIHX-ANYY,AX-NKNU-29C1,BL-WX51-KQOK,CJ-X0SS-QOUW,CX-SMCH-4DYA,D0-C7C0-H6LN,D8-1A3E-I37F,DC-K5WH-R7F5,EV-CHU5-XU3G,FB-6FW0-Z82Q,GA-9DTN-9O1E,GY-FO04-RDYL,H6-E7MP-EBPD,HL-03ZR-QPHH,HS-R5IP-7E1C,IJ-V0PQ-4CZ4,JB-RGB6-LZOJ,L1-54EX-56YC,L5-PF3B-WHU4,LP-QMNJ-J49G,LR-7GM6-1RCH,OV-LVEL-DQL6,R4-0AXZ-ZZ9D,R7-98IN-2PW8,RI-VSUS-0YTD,RW-AZK6-O4M2,RZ-6ZL9-CZ7J,TJ-6LOP-OPEU,TK-E7QE-T40G,UR-Q7TM-1F3I,US-AK96-YFSB,VF-3T0K-DR5O,VO-A6AR-18YS,VU-8KRA-QP5M,W3-8FN7-FSP0,WE-1Z7L-SA2I,X7-MY4W-H2I4,XE-27ZG-EZPZ,XE-YPAI-HX9F,XH-0LAE-FQO5,XY-UM2X-TPS3,YC-3L3M-BV48,YO-EKK2-FRCC,Z7-26PV-O9LR,ZT-QPY3-P24I skipped_cooldown_count=0 state=REGAIN write_status=NO_WRITE_REQUIRED ceiling=17.99 reason_codes=FEATURED_NOT_OURS_REGAIN,FAIL_CEILING_BELOW_HARD_FLOOR,FLOOR_PRIORITY_CEILING_CONFLICT,FLOOR_PRIORITY_ALREADY_SAFE_NO_WRITE,BINDING_CEILING_COMPLIANCE,DVE_DISABLED_FEATURED_WINNER_DELIVERY_UNKNOWN
2026-02-18T09:36:57Z phase1 runtime_floor_snapshot status=ok rows=58 trace_rows=58
2026-02-18T09:36:57Z cycle_sleep seconds=1.00 mode=fixed next_due_seconds=0 next_due_sku=
2026-02-18T09:36:58Z cycle_start run_id=20260218T093658Z phase1_pilot=1 run_once=0 loop_sleep_seconds=1.00
2026-02-18T09:41:22Z snapshot_refresh ok listing_rows=61 seller_rows=491
2026-02-18T09:41:25Z phase1 h_cycle sku= processed_count=0 processed_skus= skipped_cooldown_count=61 state=NO_SKU_DUE write_status=NO_SKU_DUE_COOLDOWN ceiling= reason_codes=NO_SKU_DUE_COOLDOWN
2026-02-18T09:41:25Z phase1 runtime_floor_snapshot status=ok rows=58 trace_rows=58
2026-02-18T09:41:25Z cycle_sleep seconds=431.00 mode=next_due next_due_seconds=431 next_due_sku=0G-JB6S-PN34
2026-02-18T09:48:36Z cycle_start run_id=20260218T094836Z phase1_pilot=1 run_once=0 loop_sleep_seconds=1.00
2026-02-18T09:53:20Z snapshot_refresh ok listing_rows=61 seller_rows=491
2026-02-18T09:56:18Z phase1 h_cycle sku=ZT-QPY3-P24I processed_count=61 processed_skus=0G-JB6S-PN34,0R-GRRH-W0Z9,2G-AYBQ-TUQG,3X-EXDD-TD2K,4W-VS57-BV6A,5Z-6Z0P-9TQQ,6Q-9G2A-IKVV,6V-EEC1-2S9Z,714810,7M-48OU-23X3,8M-LM6B-F2Q5,8M-NHB7-T8TR,8U-QPFH-3EKQ,9X-HL62-83C7,A1-KSU1-GZMS,A2-T2AC-TW3L,AF-KIHX-ANYY,AX-NKNU-29C1,BL-WX51-KQOK,CJ-X0SS-QOUW,CX-SMCH-4DYA,D0-C7C0-H6LN,D8-1A3E-I37F,DC-K5WH-R7F5,EV-CHU5-XU3G,FB-6FW0-Z82Q,GA-9DTN-9O1E,GY-FO04-RDYL,H6-E7MP-EBPD,HL-03ZR-QPHH,HS-R5IP-7E1C,IJ-V0PQ-4CZ4,JB-RGB6-LZOJ,L1-54EX-56YC,L5-PF3B-WHU4,LP-QMNJ-J49G,LR-7GM6-1RCH,OV-LVEL-DQL6,R4-0AXZ-ZZ9D,R7-98IN-2PW8,RI-VSUS-0YTD,RW-AZK6-O4M2,RZ-6ZL9-CZ7J,TJ-6LOP-OPEU,TK-E7QE-T40G,UR-Q7TM-1F3I,US-AK96-YFSB,VF-3T0K-DR5O,VO-A6AR-18YS,VU-8KRA-QP5M,W3-8FN7-FSP0,WE-1Z7L-SA2I,X7-MY4W-H2I4,XE-27ZG-EZPZ,XE-YPAI-HX9F,XH-0LAE-FQO5,XY-UM2X-TPS3,YC-3L3M-BV48,YO-EKK2-FRCC,Z7-26PV-O9LR,ZT-QPY3-P24I skipped_cooldown_count=0 state=REGAIN write_status=NO_WRITE_REQUIRED ceiling=17.99 reason_codes=FEATURED_NOT_OURS_REGAIN,FAIL_CEILING_BELOW_HARD_FLOOR,FLOOR_PRIORITY_CEILING_CONFLICT,FLOOR_PRIORITY_ALREADY_SAFE_NO_WRITE,BINDING_CEILING_COMPLIANCE,DVE_DISABLED_FEATURED_WINNER_DELIVERY_UNKNOWN
2026-02-18T09:56:18Z phase1 runtime_floor_snapshot status=ok rows=58 trace_rows=58
2026-02-18T09:56:18Z cycle_sleep seconds=1.00 mode=fixed next_due_seconds=0 next_due_sku=
2026-02-18T09:56:19Z cycle_start run_id=20260218T095619Z phase1_pilot=1 run_once=0 loop_sleep_seconds=1.00
2026-02-18T10:00:54Z snapshot_refresh ok listing_rows=61 seller_rows=491
2026-02-18T10:00:56Z phase1 h_cycle sku= processed_count=0 processed_skus= skipped_cooldown_count=61 state=NO_SKU_DUE write_status=NO_SKU_DUE_COOLDOWN ceiling= reason_codes=NO_SKU_DUE_COOLDOWN
2026-02-18T10:00:56Z phase1 runtime_floor_snapshot status=ok rows=58 trace_rows=58
2026-02-18T10:00:56Z cycle_sleep seconds=437.00 mode=next_due next_due_seconds=437 next_due_sku=0G-JB6S-PN34
2026-02-18T10:08:13Z cycle_start run_id=20260218T100813Z phase1_pilot=1 run_once=0 loop_sleep_seconds=1.00
2026-02-18T10:12:43Z snapshot_refresh ok listing_rows=61 seller_rows=491
2026-02-18T10:15:43Z phase1 h_cycle sku=ZT-QPY3-P24I processed_count=61 processed_skus=0G-JB6S-PN34,0R-GRRH-W0Z9,2G-AYBQ-TUQG,3X-EXDD-TD2K,4W-VS57-BV6A,5Z-6Z0P-9TQQ,6Q-9G2A-IKVV,6V-EEC1-2S9Z,714810,7M-48OU-23X3,8M-LM6B-F2Q5,8M-NHB7-T8TR,8U-QPFH-3EKQ,9X-HL62-83C7,A1-KSU1-GZMS,A2-T2AC-TW3L,AF-KIHX-ANYY,AX-NKNU-29C1,BL-WX51-KQOK,CJ-X0SS-QOUW,CX-SMCH-4DYA,D0-C7C0-H6LN,D8-1A3E-I37F,DC-K5WH-R7F5,EV-CHU5-XU3G,FB-6FW0-Z82Q,GA-9DTN-9O1E,GY-FO04-RDYL,H6-E7MP-EBPD,HL-03ZR-QPHH,HS-R5IP-7E1C,IJ-V0PQ-4CZ4,JB-RGB6-LZOJ,L1-54EX-56YC,L5-PF3B-WHU4,LP-QMNJ-J49G,LR-7GM6-1RCH,OV-LVEL-DQL6,R4-0AXZ-ZZ9D,R7-98IN-2PW8,RI-VSUS-0YTD,RW-AZK6-O4M2,RZ-6ZL9-CZ7J,TJ-6LOP-OPEU,TK-E7QE-T40G,UR-Q7TM-1F3I,US-AK96-YFSB,VF-3T0K-DR5O,VO-A6AR-18YS,VU-8KRA-QP5M,W3-8FN7-FSP0,WE-1Z7L-SA2I,X7-MY4W-H2I4,XE-27ZG-EZPZ,XE-YPAI-HX9F,XH-0LAE-FQO5,XY-UM2X-TPS3,YC-3L3M-BV48,YO-EKK2-FRCC,Z7-26PV-O9LR,ZT-QPY3-P24I skipped_cooldown_count=0 state=REGAIN write_status=NO_WRITE_REQUIRED ceiling=17.99 reason_codes=FEATURED_NOT_OURS_REGAIN,FAIL_CEILING_BELOW_HARD_FLOOR,FLOOR_PRIORITY_CEILING_CONFLICT,FLOOR_PRIORITY_ALREADY_SAFE_NO_WRITE,BINDING_CEILING_COMPLIANCE,DVE_DISABLED_FEATURED_WINNER_DELIVERY_UNKNOWN
2026-02-18T10:15:43Z phase1 runtime_floor_snapshot status=ok rows=58 trace_rows=58
2026-02-18T10:15:43Z cycle_sleep seconds=1.00 mode=fixed next_due_seconds=0 next_due_sku=
2026-02-18T10:15:44Z cycle_start run_id=20260218T101544Z phase1_pilot=1 run_once=0 loop_sleep_seconds=1.00
2026-02-18T10:20:24Z snapshot_refresh ok listing_rows=61 seller_rows=491
2026-02-18T10:20:28Z phase1 h_cycle sku= processed_count=0 processed_skus= skipped_cooldown_count=61 state=NO_SKU_DUE write_status=NO_SKU_DUE_COOLDOWN ceiling= reason_codes=NO_SKU_DUE_COOLDOWN
2026-02-18T10:20:28Z phase1 runtime_floor_snapshot status=ok rows=58 trace_rows=58
2026-02-18T10:20:28Z cycle_sleep seconds=449.00 mode=next_due next_due_seconds=449 next_due_sku=0G-JB6S-PN34
2026-02-18T10:25:40Z cycle_start run_id=20260218T102540Z phase1_pilot=1 run_once=0 loop_sleep_seconds=1.00 h_split_mode_requested=shadow h_split_mode_effective=shadow
2026-02-18T10:30:22Z snapshot_refresh ok listing_rows=61 seller_rows=491
2026-02-18T10:30:25Z split_health_run mode=shadow rc=1 fresh=1 fail=0 warn=2 readable=1
2026-02-18T10:30:25Z split_shadow_h clean=1 fail=0 warn=2 block_live_writes=0 b_match_streak=0 h_clean_streak=1 ready_for_cutover=0
2026-02-18T10:30:25Z split_health_shadow_candidate fail=0 warn=2 candidate_block_live_writes=0
2026-02-18T10:33:27Z phase1 h_cycle sku=ZT-QPY3-P24I processed_count=61 processed_skus=0G-JB6S-PN34,0R-GRRH-W0Z9,2G-AYBQ-TUQG,3X-EXDD-TD2K,4W-VS57-BV6A,5Z-6Z0P-9TQQ,6Q-9G2A-IKVV,6V-EEC1-2S9Z,714810,7M-48OU-23X3,8M-LM6B-F2Q5,8M-NHB7-T8TR,8U-QPFH-3EKQ,9X-HL62-83C7,A1-KSU1-GZMS,A2-T2AC-TW3L,AF-KIHX-ANYY,AX-NKNU-29C1,BL-WX51-KQOK,CJ-X0SS-QOUW,CX-SMCH-4DYA,D0-C7C0-H6LN,D8-1A3E-I37F,DC-K5WH-R7F5,EV-CHU5-XU3G,FB-6FW0-Z82Q,GA-9DTN-9O1E,GY-FO04-RDYL,H6-E7MP-EBPD,HL-03ZR-QPHH,HS-R5IP-7E1C,IJ-V0PQ-4CZ4,JB-RGB6-LZOJ,L1-54EX-56YC,L5-PF3B-WHU4,LP-QMNJ-J49G,LR-7GM6-1RCH,OV-LVEL-DQL6,R4-0AXZ-ZZ9D,R7-98IN-2PW8,RI-VSUS-0YTD,RW-AZK6-O4M2,RZ-6ZL9-CZ7J,TJ-6LOP-OPEU,TK-E7QE-T40G,UR-Q7TM-1F3I,US-AK96-YFSB,VF-3T0K-DR5O,VO-A6AR-18YS,VU-8KRA-QP5M,W3-8FN7-FSP0,WE-1Z7L-SA2I,X7-MY4W-H2I4,XE-27ZG-EZPZ,XE-YPAI-HX9F,XH-0LAE-FQO5,XY-UM2X-TPS3,YC-3L3M-BV48,YO-EKK2-FRCC,Z7-26PV-O9LR,ZT-QPY3-P24I skipped_cooldown_count=0 state=REGAIN write_status=NO_WRITE_REQUIRED ceiling=17.99 reason_codes=FEATURED_NOT_OURS_REGAIN,FAIL_CEILING_BELOW_HARD_FLOOR,FLOOR_PRIORITY_CEILING_CONFLICT,FLOOR_PRIORITY_ALREADY_SAFE_NO_WRITE,BINDING_CEILING_COMPLIANCE,DVE_DISABLED_FEATURED_WINNER_DELIVERY_UNKNOWN
2026-02-18T10:33:27Z phase1 runtime_floor_snapshot status=ok rows=58 trace_rows=58
2026-02-18T10:33:27Z cycle_sleep seconds=1.00 mode=fixed next_due_seconds=0 next_due_sku=
2026-02-18T10:33:28Z cycle_start run_id=20260218T103328Z phase1_pilot=1 run_once=0 loop_sleep_seconds=1.00 h_split_mode_requested=shadow h_split_mode_effective=shadow
2026-02-18T10:38:09Z snapshot_refresh ok listing_rows=61 seller_rows=491
2026-02-18T10:38:09Z split_health_shadow_candidate fail=0 warn=2 candidate_block_live_writes=0
2026-02-18T10:38:11Z phase1 h_cycle sku= processed_count=0 processed_skus= skipped_cooldown_count=61 state=NO_SKU_DUE write_status=NO_SKU_DUE_COOLDOWN ceiling= reason_codes=NO_SKU_DUE_COOLDOWN
2026-02-18T10:38:11Z phase1 runtime_floor_snapshot status=ok rows=58 trace_rows=58
2026-02-18T10:38:11Z cycle_sleep seconds=432.00 mode=next_due next_due_seconds=432 next_due_sku=0G-JB6S-PN34
2026-02-18T10:45:23Z cycle_start run_id=20260218T104523Z phase1_pilot=1 run_once=0 loop_sleep_seconds=1.00 h_split_mode_requested=shadow h_split_mode_effective=shadow
2026-02-18T10:50:01Z snapshot_refresh ok listing_rows=61 seller_rows=491
2026-02-18T10:50:03Z split_health_run mode=shadow rc=1 fresh=1 fail=0 warn=2 readable=1
2026-02-18T10:50:03Z split_shadow_h clean=1 fail=0 warn=2 block_live_writes=0 b_match_streak=0 h_clean_streak=2 ready_for_cutover=0
2026-02-18T10:50:03Z split_health_shadow_candidate fail=0 warn=2 candidate_block_live_writes=0
2026-02-18T10:53:04Z phase1 h_cycle sku=ZT-QPY3-P24I processed_count=61 processed_skus=0G-JB6S-PN34,0R-GRRH-W0Z9,2G-AYBQ-TUQG,3X-EXDD-TD2K,4W-VS57-BV6A,5Z-6Z0P-9TQQ,6Q-9G2A-IKVV,6V-EEC1-2S9Z,714810,7M-48OU-23X3,8M-LM6B-F2Q5,8M-NHB7-T8TR,8U-QPFH-3EKQ,9X-HL62-83C7,A1-KSU1-GZMS,A2-T2AC-TW3L,AF-KIHX-ANYY,AX-NKNU-29C1,BL-WX51-KQOK,CJ-X0SS-QOUW,CX-SMCH-4DYA,D0-C7C0-H6LN,D8-1A3E-I37F,DC-K5WH-R7F5,EV-CHU5-XU3G,FB-6FW0-Z82Q,GA-9DTN-9O1E,GY-FO04-RDYL,H6-E7MP-EBPD,HL-03ZR-QPHH,HS-R5IP-7E1C,IJ-V0PQ-4CZ4,JB-RGB6-LZOJ,L1-54EX-56YC,L5-PF3B-WHU4,LP-QMNJ-J49G,LR-7GM6-1RCH,OV-LVEL-DQL6,R4-0AXZ-ZZ9D,R7-98IN-2PW8,RI-VSUS-0YTD,RW-AZK6-O4M2,RZ-6ZL9-CZ7J,TJ-6LOP-OPEU,TK-E7QE-T40G,UR-Q7TM-1F3I,US-AK96-YFSB,VF-3T0K-DR5O,VO-A6AR-18YS,VU-8KRA-QP5M,W3-8FN7-FSP0,WE-1Z7L-SA2I,X7-MY4W-H2I4,XE-27ZG-EZPZ,XE-YPAI-HX9F,XH-0LAE-FQO5,XY-UM2X-TPS3,YC-3L3M-BV48,YO-EKK2-FRCC,Z7-26PV-O9LR,ZT-QPY3-P24I skipped_cooldown_count=0 state=REGAIN write_status=NO_WRITE_REQUIRED ceiling=17.99 reason_codes=FEATURED_NOT_OURS_REGAIN,FAIL_CEILING_BELOW_HARD_FLOOR,FLOOR_PRIORITY_CEILING_CONFLICT,FLOOR_PRIORITY_ALREADY_SAFE_NO_WRITE,BINDING_CEILING_COMPLIANCE,DVE_DISABLED_FEATURED_WINNER_DELIVERY_UNKNOWN
2026-02-18T10:53:04Z phase1 runtime_floor_snapshot status=ok rows=58 trace_rows=58
2026-02-18T10:53:04Z cycle_sleep seconds=1.00 mode=fixed next_due_seconds=0 next_due_sku=
2026-02-18T10:53:05Z cycle_start run_id=20260218T105305Z phase1_pilot=1 run_once=0 loop_sleep_seconds=1.00 h_split_mode_requested=shadow h_split_mode_effective=shadow
2026-02-18T10:57:32Z snapshot_refresh ok listing_rows=61 seller_rows=491
2026-02-18T10:57:32Z split_health_shadow_candidate fail=0 warn=2 candidate_block_live_writes=0
2026-02-18T10:57:34Z phase1 h_cycle sku= processed_count=0 processed_skus= skipped_cooldown_count=61 state=NO_SKU_DUE write_status=NO_SKU_DUE_COOLDOWN ceiling= reason_codes=NO_SKU_DUE_COOLDOWN
2026-02-18T10:57:34Z phase1 runtime_floor_snapshot status=ok rows=58 trace_rows=58
2026-02-18T10:57:34Z cycle_sleep seconds=438.00 mode=next_due next_due_seconds=438 next_due_sku=0G-JB6S-PN34
2026-02-18T11:04:52Z cycle_start run_id=20260218T110452Z phase1_pilot=1 run_once=0 loop_sleep_seconds=1.00 h_split_mode_requested=shadow h_split_mode_effective=shadow
2026-02-18T11:09:20Z snapshot_refresh ok listing_rows=61 seller_rows=491
2026-02-18T11:09:23Z split_health_run mode=shadow rc=1 fresh=1 fail=0 warn=2 readable=1
2026-02-18T11:09:23Z split_shadow_h clean=1 fail=0 warn=2 block_live_writes=0 b_match_streak=0 h_clean_streak=3 ready_for_cutover=0
2026-02-18T11:09:23Z split_health_shadow_candidate fail=0 warn=2 candidate_block_live_writes=0
2026-02-18T11:12:20Z phase1 h_cycle sku=ZT-QPY3-P24I processed_count=61 processed_skus=0G-JB6S-PN34,0R-GRRH-W0Z9,2G-AYBQ-TUQG,3X-EXDD-TD2K,4W-VS57-BV6A,5Z-6Z0P-9TQQ,6Q-9G2A-IKVV,6V-EEC1-2S9Z,714810,7M-48OU-23X3,8M-LM6B-F2Q5,8M-NHB7-T8TR,8U-QPFH-3EKQ,9X-HL62-83C7,A1-KSU1-GZMS,A2-T2AC-TW3L,AF-KIHX-ANYY,AX-NKNU-29C1,BL-WX51-KQOK,CJ-X0SS-QOUW,CX-SMCH-4DYA,D0-C7C0-H6LN,D8-1A3E-I37F,DC-K5WH-R7F5,EV-CHU5-XU3G,FB-6FW0-Z82Q,GA-9DTN-9O1E,GY-FO04-RDYL,H6-E7MP-EBPD,HL-03ZR-QPHH,HS-R5IP-7E1C,IJ-V0PQ-4CZ4,JB-RGB6-LZOJ,L1-54EX-56YC,L5-PF3B-WHU4,LP-QMNJ-J49G,LR-7GM6-1RCH,OV-LVEL-DQL6,R4-0AXZ-ZZ9D,R7-98IN-2PW8,RI-VSUS-0YTD,RW-AZK6-O4M2,RZ-6ZL9-CZ7J,TJ-6LOP-OPEU,TK-E7QE-T40G,UR-Q7TM-1F3I,US-AK96-YFSB,VF-3T0K-DR5O,VO-A6AR-18YS,VU-8KRA-QP5M,W3-8FN7-FSP0,WE-1Z7L-SA2I,X7-MY4W-H2I4,XE-27ZG-EZPZ,XE-YPAI-HX9F,XH-0LAE-FQO5,XY-UM2X-TPS3,YC-3L3M-BV48,YO-EKK2-FRCC,Z7-26PV-O9LR,ZT-QPY3-P24I skipped_cooldown_count=0 state=REGAIN write_status=NO_WRITE_REQUIRED ceiling=17.99 reason_codes=FEATURED_NOT_OURS_REGAIN,FAIL_CEILING_BELOW_HARD_FLOOR,FLOOR_PRIORITY_CEILING_CONFLICT,FLOOR_PRIORITY_ALREADY_SAFE_NO_WRITE,BINDING_CEILING_COMPLIANCE,DVE_DISABLED_FEATURED_WINNER_DELIVERY_UNKNOWN
2026-02-18T11:12:20Z phase1 runtime_floor_snapshot status=ok rows=58 trace_rows=58
2026-02-18T11:12:20Z cycle_sleep seconds=1.00 mode=fixed next_due_seconds=0 next_due_sku=
2026-02-18T11:12:21Z cycle_start run_id=20260218T111221Z phase1_pilot=1 run_once=0 loop_sleep_seconds=1.00 h_split_mode_requested=shadow h_split_mode_effective=shadow
2026-02-18T11:16:50Z snapshot_refresh ok listing_rows=61 seller_rows=491
2026-02-18T11:16:50Z split_health_shadow_candidate fail=0 warn=2 candidate_block_live_writes=0
2026-02-18T11:16:52Z phase1 h_cycle sku= processed_count=0 processed_skus= skipped_cooldown_count=61 state=NO_SKU_DUE write_status=NO_SKU_DUE_COOLDOWN ceiling= reason_codes=NO_SKU_DUE_COOLDOWN
2026-02-18T11:16:52Z phase1 runtime_floor_snapshot status=ok rows=58 trace_rows=58
2026-02-18T11:16:52Z cycle_sleep seconds=451.00 mode=next_due next_due_seconds=451 next_due_sku=0G-JB6S-PN34
2026-02-18T11:24:23Z cycle_start run_id=20260218T112423Z phase1_pilot=1 run_once=0 loop_sleep_seconds=1.00 h_split_mode_requested=shadow h_split_mode_effective=shadow
2026-02-18T11:29:12Z snapshot_refresh ok listing_rows=61 seller_rows=491
2026-02-18T11:29:15Z split_health_run mode=shadow rc=1 fresh=1 fail=0 warn=2 readable=1
2026-02-18T11:29:15Z split_shadow_h clean=1 fail=0 warn=2 block_live_writes=0 b_match_streak=0 h_clean_streak=4 ready_for_cutover=0
2026-02-18T11:29:15Z split_health_shadow_candidate fail=0 warn=2 candidate_block_live_writes=0
2026-02-18T11:32:13Z phase1 h_cycle sku=ZT-QPY3-P24I processed_count=61 processed_skus=0G-JB6S-PN34,0R-GRRH-W0Z9,2G-AYBQ-TUQG,3X-EXDD-TD2K,4W-VS57-BV6A,5Z-6Z0P-9TQQ,6Q-9G2A-IKVV,6V-EEC1-2S9Z,714810,7M-48OU-23X3,8M-LM6B-F2Q5,8M-NHB7-T8TR,8U-QPFH-3EKQ,9X-HL62-83C7,A1-KSU1-GZMS,A2-T2AC-TW3L,AF-KIHX-ANYY,AX-NKNU-29C1,BL-WX51-KQOK,CJ-X0SS-QOUW,CX-SMCH-4DYA,D0-C7C0-H6LN,D8-1A3E-I37F,DC-K5WH-R7F5,EV-CHU5-XU3G,FB-6FW0-Z82Q,GA-9DTN-9O1E,GY-FO04-RDYL,H6-E7MP-EBPD,HL-03ZR-QPHH,HS-R5IP-7E1C,IJ-V0PQ-4CZ4,JB-RGB6-LZOJ,L1-54EX-56YC,L5-PF3B-WHU4,LP-QMNJ-J49G,LR-7GM6-1RCH,OV-LVEL-DQL6,R4-0AXZ-ZZ9D,R7-98IN-2PW8,RI-VSUS-0YTD,RW-AZK6-O4M2,RZ-6ZL9-CZ7J,TJ-6LOP-OPEU,TK-E7QE-T40G,UR-Q7TM-1F3I,US-AK96-YFSB,VF-3T0K-DR5O,VO-A6AR-18YS,VU-8KRA-QP5M,W3-8FN7-FSP0,WE-1Z7L-SA2I,X7-MY4W-H2I4,XE-27ZG-EZPZ,XE-YPAI-HX9F,XH-0LAE-FQO5,XY-UM2X-TPS3,YC-3L3M-BV48,YO-EKK2-FRCC,Z7-26PV-O9LR,ZT-QPY3-P24I skipped_cooldown_count=0 state=REGAIN write_status=NO_WRITE_REQUIRED ceiling=17.99 reason_codes=FEATURED_NOT_OURS_REGAIN,FAIL_CEILING_BELOW_HARD_FLOOR,FLOOR_PRIORITY_CEILING_CONFLICT,FLOOR_PRIORITY_ALREADY_SAFE_NO_WRITE,BINDING_CEILING_COMPLIANCE,DVE_DISABLED_FEATURED_WINNER_DELIVERY_UNKNOWN
2026-02-18T11:32:13Z phase1 runtime_floor_snapshot status=ok rows=58 trace_rows=58
2026-02-18T11:32:13Z cycle_sleep seconds=1.00 mode=fixed next_due_seconds=0 next_due_sku=
2026-02-18T11:32:14Z cycle_start run_id=20260218T113214Z phase1_pilot=1 run_once=0 loop_sleep_seconds=1.00 h_split_mode_requested=shadow h_split_mode_effective=shadow
2026-02-18T11:36:44Z snapshot_refresh ok listing_rows=61 seller_rows=491
2026-02-18T11:36:44Z split_health_shadow_candidate fail=0 warn=2 candidate_block_live_writes=0
2026-02-18T11:36:47Z phase1 h_cycle sku= processed_count=0 processed_skus= skipped_cooldown_count=61 state=NO_SKU_DUE write_status=NO_SKU_DUE_COOLDOWN ceiling= reason_codes=NO_SKU_DUE_COOLDOWN
2026-02-18T11:36:47Z phase1 runtime_floor_snapshot status=ok rows=58 trace_rows=58
2026-02-18T11:36:47Z cycle_sleep seconds=429.00 mode=next_due next_due_seconds=429 next_due_sku=0G-JB6S-PN34
