timestamp_utc,status,fail_count,warn_count,notes
2026-02-04T11:49:52.402716+00:00,WARN,0,2,fail=0 warn=2
2026-02-04T12:01:24.417599+00:00,FAIL,1,2,fail=1 warn=2
2026-02-04T12:01:25.792799+00:00,FAIL,1,2,fail=1 warn=2
2026-02-04T12:01:26.799739+00:00,WARN,0,2,fail=0 warn=2
2026-02-04T12:07:18.263733+00:00,WARN,0,2,fail=0 warn=2
2026-02-04T12:11:12.263724+00:00,FAIL,2,2,fail=2 warn=2
2026-02-04T12:11:13.531407+00:00,FAIL,2,2,fail=2 warn=2
2026-02-04T12:12:11.026095+00:00,FAIL,2,2,fail=2 warn=2
2026-02-04T12:17:08.834471+00:00,FAIL,1,1,fail=1 warn=1
2026-02-04T12:18:10.051725+00:00,WARN,0,1,fail=0 warn=1
2026-02-04T12:21:22.643643+00:00,FAIL,1,1,fail=1 warn=1
2026-02-04T12:21:23.887102+00:00,WARN,0,1,fail=0 warn=1
2026-02-04T12:24:34.230143+00:00,WARN,0,1,fail=0 warn=1
2026-02-04T12:25:56.832162+00:00,WARN,0,1,fail=0 warn=1
2026-02-04T12:29:18.334056+00:00,OK,0,0,fail=0 warn=0
2026-02-04T12:33:43.291015+00:00,WARN,0,1,fail=0 warn=1
2026-02-04T12:38:48.078526+00:00,OK,0,0,fail=0 warn=0
2026-02-04T12:40:21.982901+00:00,OK,0,0,fail=0 warn=0
2026-02-04T13:28:08.240863+00:00,OK,0,0,fail=0 warn=0
2026-02-04T13:57:21.173038+00:00,FAIL,1,0,fail=1 warn=0
2026-02-04T14:01:27.170012+00:00,OK,0,0,fail=0 warn=0
2026-02-04T14:03:30.811528+00:00,OK,0,0,fail=0 warn=0
2026-02-04T14:07:51.336616+00:00,FAIL,1,1,fail=1 warn=1
2026-02-04T14:11:58.093762+00:00,WARN,0,2,fail=0 warn=2
2026-02-04T14:13:59.250209+00:00,WARN,0,1,fail=0 warn=1
2026-02-04T14:14:37.900438+00:00,OK,0,0,fail=0 warn=0
2026-02-04T14:18:03.973174+00:00,FAIL,1,0,fail=1 warn=0
2026-02-04T14:19:11.236641+00:00,OK,0,0,fail=0 warn=0
2026-02-04T14:20:00.700206+00:00,OK,0,0,fail=0 warn=0
2026-02-04T14:20:17.118799+00:00,OK,0,0,fail=0 warn=0
2026-02-04T17:28:29.404309+00:00,WARN,0,1,fail=0 warn=1
2026-02-04T17:28:30.416549+00:00,WARN,0,1,fail=0 warn=1
2026-02-04T17:31:15.998113+00:00,FAIL,1,1,fail=1 warn=1
2026-02-04T17:33:12.050502+00:00,FAIL,1,2,fail=1 warn=2
2026-02-04T17:35:07.152553+00:00,FAIL,1,2,fail=1 warn=2
2026-02-04T17:37:03.455653+00:00,FAIL,1,2,fail=1 warn=2
2026-02-04T17:39:04.627039+00:00,FAIL,1,2,fail=1 warn=2
2026-02-04T17:41:04.407881+00:00,FAIL,1,2,fail=1 warn=2
2026-02-04T17:43:04.282863+00:00,FAIL,1,2,fail=1 warn=2
2026-02-04T17:45:01.887028+00:00,FAIL,1,2,fail=1 warn=2
2026-02-04T17:46:58.980096+00:00,FAIL,1,2,fail=1 warn=2
2026-02-04T17:48:53.502666+00:00,FAIL,1,2,fail=1 warn=2
2026-02-04T17:50:51.658050+00:00,FAIL,1,2,fail=1 warn=2
2026-02-04T17:52:45.490731+00:00,FAIL,1,2,fail=1 warn=2
2026-02-04T17:54:43.693602+00:00,FAIL,1,2,fail=1 warn=2
2026-02-04T17:56:43.036733+00:00,FAIL,1,2,fail=1 warn=2
2026-02-04T17:58:38.061493+00:00,FAIL,1,2,fail=1 warn=2
2026-02-04T18:00:31.861661+00:00,FAIL,1,2,fail=1 warn=2
2026-02-04T18:02:25.419261+00:00,FAIL,1,2,fail=1 warn=2
2026-02-04T18:04:24.221784+00:00,FAIL,1,2,fail=1 warn=2
2026-02-04T18:06:20.022026+00:00,FAIL,1,2,fail=1 warn=2
2026-02-04T18:08:16.076325+00:00,FAIL,1,2,fail=1 warn=2
2026-02-04T18:10:20.824579+00:00,FAIL,1,2,fail=1 warn=2
2026-02-04T18:30:06.635186+00:00,FAIL,1,2,fail=1 warn=2
2026-02-04T18:30:07.620185+00:00,FAIL,1,2,fail=1 warn=2
2026-02-04T18:32:12.913226+00:00,FAIL,1,2,fail=1 warn=2
2026-02-04T18:34:08.940420+00:00,FAIL,1,2,fail=1 warn=2
2026-02-04T18:36:04.724476+00:00,FAIL,1,2,fail=1 warn=2
2026-02-04T18:38:04.943138+00:00,FAIL,1,2,fail=1 warn=2
2026-02-04T18:39:59.917779+00:00,FAIL,1,2,fail=1 warn=2
2026-02-04T18:41:53.590066+00:00,FAIL,1,2,fail=1 warn=2
2026-02-04T18:43:48.581297+00:00,FAIL,1,2,fail=1 warn=2
2026-02-04T18:45:42.112053+00:00,FAIL,1,2,fail=1 warn=2
2026-02-04T18:47:36.395772+00:00,FAIL,1,2,fail=1 warn=2
2026-02-04T18:49:37.510239+00:00,FAIL,1,2,fail=1 warn=2
2026-02-04T18:51:31.544595+00:00,FAIL,1,2,fail=1 warn=2
2026-02-04T18:53:24.017434+00:00,FAIL,1,2,fail=1 warn=2
2026-02-04T18:55:17.208156+00:00,FAIL,1,2,fail=1 warn=2
2026-02-04T18:57:29.818676+00:00,FAIL,1,2,fail=1 warn=2
2026-02-04T18:59:23.746171+00:00,FAIL,1,2,fail=1 warn=2
2026-02-04T19:01:20.969483+00:00,FAIL,1,2,fail=1 warn=2
2026-02-04T19:03:47.829718+00:00,FAIL,1,2,fail=1 warn=2
2026-02-04T19:05:44.560136+00:00,FAIL,1,2,fail=1 warn=2
2026-02-04T19:07:42.732499+00:00,FAIL,1,2,fail=1 warn=2
2026-02-04T19:09:39.308518+00:00,FAIL,1,2,fail=1 warn=2
2026-02-04T19:11:36.924198+00:00,FAIL,1,2,fail=1 warn=2
2026-02-04T19:13:35.830098+00:00,FAIL,1,2,fail=1 warn=2
2026-02-04T19:33:14.251425+00:00,FAIL,1,2,fail=1 warn=2
2026-02-04T19:33:15.243452+00:00,FAIL,1,2,fail=1 warn=2
2026-02-04T19:35:25.124564+00:00,FAIL,1,2,fail=1 warn=2
2026-02-04T19:37:21.029540+00:00,FAIL,1,2,fail=1 warn=2
2026-02-04T19:39:26.737797+00:00,FAIL,1,2,fail=1 warn=2
2026-02-04T19:41:27.647472+00:00,FAIL,1,2,fail=1 warn=2
2026-02-04T19:43:26.445417+00:00,FAIL,1,2,fail=1 warn=2
2026-02-04T19:45:28.647460+00:00,FAIL,1,2,fail=1 warn=2
2026-02-04T19:47:27.260692+00:00,FAIL,1,2,fail=1 warn=2
2026-02-04T19:49:27.098489+00:00,FAIL,1,2,fail=1 warn=2
2026-02-04T19:51:32.493787+00:00,FAIL,1,2,fail=1 warn=2
2026-02-04T19:53:30.028019+00:00,FAIL,1,2,fail=1 warn=2
2026-02-04T19:55:26.862463+00:00,FAIL,1,2,fail=1 warn=2
2026-02-04T19:57:22.826960+00:00,FAIL,1,2,fail=1 warn=2
2026-02-04T19:59:34.378537+00:00,FAIL,1,2,fail=1 warn=2
2026-02-04T20:01:34.277470+00:00,FAIL,1,2,fail=1 warn=2
2026-02-04T20:03:53.541165+00:00,FAIL,1,2,fail=1 warn=2
2026-02-04T20:05:51.500153+00:00,FAIL,1,2,fail=1 warn=2
2026-02-04T20:07:49.339155+00:00,FAIL,1,2,fail=1 warn=2
2026-02-04T20:09:48.071844+00:00,FAIL,1,2,fail=1 warn=2
2026-02-04T20:11:51.490976+00:00,FAIL,1,2,fail=1 warn=2
2026-02-04T20:13:50.040111+00:00,FAIL,1,2,fail=1 warn=2
2026-02-04T20:15:46.761307+00:00,FAIL,1,2,fail=1 warn=2
2026-02-04T20:35:45.902334+00:00,FAIL,1,2,fail=1 warn=2
2026-02-04T20:35:46.884348+00:00,FAIL,1,2,fail=1 warn=2
2026-02-04T20:37:47.876579+00:00,FAIL,1,2,fail=1 warn=2
2026-02-04T20:39:44.543283+00:00,FAIL,1,2,fail=1 warn=2
2026-02-04T20:41:49.374731+00:00,FAIL,1,2,fail=1 warn=2
2026-02-04T20:43:43.271651+00:00,FAIL,1,2,fail=1 warn=2
2026-02-04T20:45:45.746710+00:00,FAIL,1,2,fail=1 warn=2
2026-02-04T20:47:40.996445+00:00,FAIL,1,2,fail=1 warn=2
2026-02-04T20:49:47.148734+00:00,FAIL,1,2,fail=1 warn=2
2026-02-04T20:51:42.025387+00:00,FAIL,1,2,fail=1 warn=2
2026-02-04T20:53:36.445116+00:00,FAIL,1,2,fail=1 warn=2
2026-02-04T20:55:30.444044+00:00,FAIL,1,2,fail=1 warn=2
2026-02-04T20:57:26.962194+00:00,FAIL,1,2,fail=1 warn=2
2026-02-04T20:59:21.301231+00:00,FAIL,1,2,fail=1 warn=2
2026-02-04T21:01:19.136915+00:00,FAIL,1,2,fail=1 warn=2
2026-02-04T21:03:13.463695+00:00,FAIL,1,2,fail=1 warn=2
2026-02-04T21:05:10.024589+00:00,FAIL,1,2,fail=1 warn=2
2026-02-04T21:07:06.203843+00:00,FAIL,1,2,fail=1 warn=2
2026-02-04T21:09:01.461417+00:00,FAIL,1,2,fail=1 warn=2
2026-02-04T21:10:54.316355+00:00,FAIL,1,2,fail=1 warn=2
2026-02-04T21:12:48.555614+00:00,FAIL,1,2,fail=1 warn=2
2026-02-04T21:14:40.217114+00:00,FAIL,1,2,fail=1 warn=2
2026-02-04T21:16:36.961197+00:00,FAIL,1,2,fail=1 warn=2
2026-02-04T21:18:31.201061+00:00,FAIL,1,2,fail=1 warn=2
2026-02-04T21:38:05.043055+00:00,FAIL,1,2,fail=1 warn=2
2026-02-04T21:38:06.076085+00:00,FAIL,1,2,fail=1 warn=2
2026-02-04T21:40:06.719933+00:00,FAIL,1,2,fail=1 warn=2
2026-02-04T21:42:44.940527+00:00,FAIL,1,2,fail=1 warn=2
2026-02-04T21:44:43.712276+00:00,FAIL,1,2,fail=1 warn=2
2026-02-04T21:46:43.311790+00:00,FAIL,1,2,fail=1 warn=2
2026-02-04T21:48:51.479413+00:00,FAIL,1,2,fail=1 warn=2
2026-02-04T21:50:55.281490+00:00,FAIL,1,2,fail=1 warn=2
2026-02-04T21:52:55.174022+00:00,FAIL,1,2,fail=1 warn=2
2026-02-04T21:55:00.733946+00:00,FAIL,1,2,fail=1 warn=2
2026-02-04T21:57:03.884411+00:00,FAIL,1,2,fail=1 warn=2
2026-02-04T21:59:03.486115+00:00,FAIL,1,2,fail=1 warn=2
2026-02-04T22:01:02.019962+00:00,FAIL,1,2,fail=1 warn=2
2026-02-04T22:03:07.340898+00:00,FAIL,1,2,fail=1 warn=2
2026-02-04T22:05:04.852694+00:00,FAIL,1,2,fail=1 warn=2
2026-02-04T22:07:04.491588+00:00,FAIL,1,2,fail=1 warn=2
2026-02-04T22:09:03.442697+00:00,FAIL,1,2,fail=1 warn=2
2026-02-04T22:11:03.195125+00:00,FAIL,1,2,fail=1 warn=2
2026-02-04T22:13:01.134392+00:00,FAIL,1,2,fail=1 warn=2
2026-02-04T22:15:03.029484+00:00,FAIL,1,2,fail=1 warn=2
2026-02-04T22:17:34.461607+00:00,FAIL,1,2,fail=1 warn=2
2026-02-04T22:19:31.364377+00:00,FAIL,1,2,fail=1 warn=2
2026-02-04T22:21:35.102687+00:00,FAIL,1,2,fail=1 warn=2
2026-02-04T22:44:17.475335+00:00,FAIL,1,2,fail=1 warn=2
2026-02-04T22:44:18.451341+00:00,FAIL,1,2,fail=1 warn=2
2026-02-04T22:46:09.515286+00:00,FAIL,1,2,fail=1 warn=2
2026-02-04T22:48:07.688994+00:00,FAIL,1,2,fail=1 warn=2
2026-02-04T22:50:04.262745+00:00,FAIL,1,2,fail=1 warn=2
2026-02-04T22:51:59.867365+00:00,FAIL,1,2,fail=1 warn=2
2026-02-04T22:53:55.446899+00:00,FAIL,1,2,fail=1 warn=2
2026-02-04T22:55:48.566929+00:00,FAIL,1,2,fail=1 warn=2
2026-02-04T22:57:42.414899+00:00,FAIL,1,2,fail=1 warn=2
2026-02-04T22:59:36.950478+00:00,FAIL,1,2,fail=1 warn=2
2026-02-04T23:01:29.568420+00:00,FAIL,1,2,fail=1 warn=2
2026-02-04T23:03:22.857050+00:00,FAIL,1,2,fail=1 warn=2
2026-02-04T23:05:12.706334+00:00,FAIL,1,2,fail=1 warn=2
2026-02-04T23:07:08.489243+00:00,FAIL,1,2,fail=1 warn=2
2026-02-04T23:09:01.047179+00:00,FAIL,1,2,fail=1 warn=2
2026-02-04T23:10:50.779741+00:00,FAIL,1,2,fail=1 warn=2
2026-02-04T23:12:42.604508+00:00,FAIL,1,2,fail=1 warn=2
2026-02-04T23:14:34.797752+00:00,FAIL,1,2,fail=1 warn=2
2026-02-04T23:16:25.705222+00:00,FAIL,1,2,fail=1 warn=2
2026-02-04T23:18:17.622679+00:00,FAIL,1,2,fail=1 warn=2
2026-02-04T23:20:06.311132+00:00,FAIL,1,2,fail=1 warn=2
2026-02-04T23:21:57.441683+00:00,FAIL,1,2,fail=1 warn=2
2026-02-04T23:24:02.959591+00:00,FAIL,1,2,fail=1 warn=2
2026-02-04T23:41:11.484190+00:00,FAIL,1,2,fail=1 warn=2
2026-02-04T23:41:12.777806+00:00,FAIL,1,2,fail=1 warn=2
2026-02-04T23:43:06.154019+00:00,FAIL,1,2,fail=1 warn=2
2026-02-04T23:44:59.875160+00:00,FAIL,1,2,fail=1 warn=2
2026-02-04T23:46:49.241003+00:00,FAIL,1,2,fail=1 warn=2
2026-02-04T23:48:40.711495+00:00,FAIL,1,2,fail=1 warn=2
2026-02-04T23:50:32.886794+00:00,FAIL,1,2,fail=1 warn=2
2026-02-04T23:52:25.984288+00:00,FAIL,1,2,fail=1 warn=2
2026-02-04T23:54:16.832841+00:00,FAIL,1,2,fail=1 warn=2
2026-02-04T23:56:08.750968+00:00,FAIL,1,2,fail=1 warn=2
2026-02-04T23:57:59.781571+00:00,FAIL,1,2,fail=1 warn=2
2026-02-04T23:59:49.676446+00:00,FAIL,1,2,fail=1 warn=2
2026-02-05T00:01:42.153761+00:00,FAIL,1,2,fail=1 warn=2
2026-02-05T00:03:35.061605+00:00,FAIL,1,2,fail=1 warn=2
2026-02-05T00:05:25.050292+00:00,FAIL,1,2,fail=1 warn=2
2026-02-05T00:07:15.698043+00:00,FAIL,1,2,fail=1 warn=2
2026-02-05T00:09:05.074158+00:00,FAIL,1,2,fail=1 warn=2
2026-02-05T00:10:54.395582+00:00,FAIL,1,2,fail=1 warn=2
2026-02-05T00:12:47.479427+00:00,FAIL,1,2,fail=1 warn=2
2026-02-05T00:14:38.366065+00:00,FAIL,1,2,fail=1 warn=2
2026-02-05T00:16:29.984132+00:00,FAIL,1,2,fail=1 warn=2
2026-02-05T00:18:20.524803+00:00,FAIL,1,2,fail=1 warn=2
2026-02-05T00:20:10.355900+00:00,FAIL,1,2,fail=1 warn=2
2026-02-05T00:22:01.098471+00:00,FAIL,1,2,fail=1 warn=2
2026-02-05T00:23:49.515484+00:00,FAIL,1,2,fail=1 warn=2
2026-02-05T00:25:38.569390+00:00,FAIL,1,2,fail=1 warn=2
2026-02-05T00:42:25.227486+00:00,FAIL,1,2,fail=1 warn=2
2026-02-05T00:42:26.185204+00:00,FAIL,1,2,fail=1 warn=2
2026-02-05T00:44:15.798044+00:00,FAIL,1,2,fail=1 warn=2
2026-02-05T00:46:04.716863+00:00,FAIL,1,2,fail=1 warn=2
2026-02-05T00:47:51.661311+00:00,FAIL,1,2,fail=1 warn=2
2026-02-05T00:49:39.989270+00:00,FAIL,1,2,fail=1 warn=2
2026-02-05T00:51:26.961416+00:00,FAIL,1,2,fail=1 warn=2
2026-02-05T00:53:13.294522+00:00,FAIL,1,2,fail=1 warn=2
2026-02-05T00:55:01.595938+00:00,FAIL,1,2,fail=1 warn=2
2026-02-05T00:56:49.965975+00:00,FAIL,1,2,fail=1 warn=2
2026-02-05T00:58:39.785031+00:00,FAIL,1,2,fail=1 warn=2
2026-02-05T01:00:26.534547+00:00,FAIL,1,2,fail=1 warn=2
2026-02-05T01:02:20.617144+00:00,FAIL,1,2,fail=1 warn=2
2026-02-05T01:04:07.378719+00:00,FAIL,1,2,fail=1 warn=2
2026-02-05T01:05:55.475325+00:00,FAIL,1,2,fail=1 warn=2
2026-02-05T01:07:42.207585+00:00,FAIL,1,2,fail=1 warn=2
2026-02-05T01:09:27.850849+00:00,FAIL,1,2,fail=1 warn=2
2026-02-05T01:11:14.818041+00:00,FAIL,1,2,fail=1 warn=2
2026-02-05T01:13:02.133300+00:00,FAIL,1,2,fail=1 warn=2
2026-02-05T01:14:48.261572+00:00,FAIL,1,2,fail=1 warn=2
2026-02-05T01:16:37.290396+00:00,FAIL,1,2,fail=1 warn=2
2026-02-05T01:18:23.688587+00:00,FAIL,1,2,fail=1 warn=2
2026-02-05T01:20:10.599129+00:00,FAIL,1,2,fail=1 warn=2
2026-02-05T01:21:58.054466+00:00,FAIL,1,2,fail=1 warn=2
2026-02-05T01:23:45.510675+00:00,FAIL,1,2,fail=1 warn=2
2026-02-05T01:25:31.363465+00:00,FAIL,1,2,fail=1 warn=2
2026-02-05T01:27:17.793674+00:00,FAIL,1,2,fail=1 warn=2
2026-02-05T01:43:57.120403+00:00,FAIL,1,2,fail=1 warn=2
2026-02-05T01:43:58.096406+00:00,FAIL,1,2,fail=1 warn=2
2026-02-05T01:45:48.550998+00:00,FAIL,1,2,fail=1 warn=2
2026-02-05T01:47:39.863056+00:00,FAIL,1,2,fail=1 warn=2
2026-02-05T01:49:31.302277+00:00,FAIL,1,2,fail=1 warn=2
2026-02-05T01:51:22.410945+00:00,FAIL,1,2,fail=1 warn=2
2026-02-05T01:53:15.826797+00:00,FAIL,1,2,fail=1 warn=2
2026-02-05T01:55:13.148469+00:00,FAIL,1,2,fail=1 warn=2
2026-02-05T01:57:02.961831+00:00,FAIL,1,2,fail=1 warn=2
2026-02-05T01:58:54.671585+00:00,FAIL,1,2,fail=1 warn=2
2026-02-05T02:00:44.972282+00:00,FAIL,1,2,fail=1 warn=2
2026-02-05T02:02:35.539658+00:00,FAIL,1,2,fail=1 warn=2
2026-02-05T02:04:26.656516+00:00,FAIL,1,2,fail=1 warn=2
2026-02-05T02:06:14.858940+00:00,FAIL,1,2,fail=1 warn=2
2026-02-05T02:08:04.238509+00:00,FAIL,1,2,fail=1 warn=2
2026-02-05T02:09:55.336010+00:00,FAIL,1,2,fail=1 warn=2
2026-02-05T02:11:46.751506+00:00,FAIL,1,2,fail=1 warn=2
2026-02-05T02:13:36.079943+00:00,FAIL,1,2,fail=1 warn=2
2026-02-05T02:15:25.819152+00:00,FAIL,1,2,fail=1 warn=2
2026-02-05T02:17:14.024760+00:00,FAIL,1,2,fail=1 warn=2
2026-02-05T02:19:02.812281+00:00,FAIL,1,2,fail=1 warn=2
2026-02-05T02:20:51.211649+00:00,FAIL,1,2,fail=1 warn=2
2026-02-05T02:22:39.279898+00:00,FAIL,1,2,fail=1 warn=2
2026-02-05T02:24:30.026301+00:00,FAIL,1,2,fail=1 warn=2
2026-02-05T02:26:22.360006+00:00,FAIL,1,2,fail=1 warn=2
2026-02-05T02:28:10.600398+00:00,FAIL,1,2,fail=1 warn=2
2026-02-05T02:30:01.563957+00:00,FAIL,1,2,fail=1 warn=2
2026-02-05T02:46:35.469284+00:00,FAIL,1,2,fail=1 warn=2
2026-02-05T02:46:36.442824+00:00,FAIL,1,2,fail=1 warn=2
2026-02-05T02:48:31.371362+00:00,FAIL,1,2,fail=1 warn=2
2026-02-05T02:50:22.307613+00:00,FAIL,1,2,fail=1 warn=2
2026-02-05T02:52:15.696427+00:00,FAIL,1,2,fail=1 warn=2
2026-02-05T02:54:07.646948+00:00,FAIL,1,2,fail=1 warn=2
2026-02-05T02:55:57.696193+00:00,FAIL,1,2,fail=1 warn=2
2026-02-05T02:57:47.627924+00:00,FAIL,1,2,fail=1 warn=2
2026-02-05T02:59:40.714901+00:00,FAIL,1,2,fail=1 warn=2
2026-02-05T03:01:31.932565+00:00,FAIL,1,2,fail=1 warn=2
2026-02-05T03:03:26.446027+00:00,FAIL,1,2,fail=1 warn=2
2026-02-05T03:05:19.440997+00:00,FAIL,1,2,fail=1 warn=2
2026-02-05T03:07:13.512144+00:00,FAIL,1,2,fail=1 warn=2
2026-02-05T03:09:05.470348+00:00,FAIL,1,2,fail=1 warn=2
2026-02-05T03:10:57.018439+00:00,FAIL,1,2,fail=1 warn=2
2026-02-05T03:12:49.967082+00:00,FAIL,1,2,fail=1 warn=2
2026-02-05T03:14:40.313409+00:00,FAIL,1,2,fail=1 warn=2
2026-02-05T03:16:29.363278+00:00,FAIL,1,2,fail=1 warn=2
2026-02-05T03:18:18.486168+00:00,FAIL,1,2,fail=1 warn=2
2026-02-05T03:20:07.247680+00:00,FAIL,1,2,fail=1 warn=2
2026-02-05T03:21:57.245793+00:00,FAIL,1,2,fail=1 warn=2
2026-02-05T03:23:46.707034+00:00,FAIL,1,2,fail=1 warn=2
2026-02-05T03:25:37.806927+00:00,FAIL,1,2,fail=1 warn=2
2026-02-05T03:27:30.715893+00:00,FAIL,1,2,fail=1 warn=2
2026-02-05T03:29:20.156121+00:00,FAIL,1,2,fail=1 warn=2
2026-02-05T03:31:09.290811+00:00,FAIL,1,2,fail=1 warn=2
2026-02-05T03:46:35.789458+00:00,FAIL,1,2,fail=1 warn=2
2026-02-05T03:46:36.800487+00:00,FAIL,1,2,fail=1 warn=2
2026-02-05T03:49:41.220895+00:00,FAIL,1,2,fail=1 warn=2
2026-02-05T03:51:30.749330+00:00,FAIL,1,2,fail=1 warn=2
2026-02-05T03:53:19.236394+00:00,FAIL,1,2,fail=1 warn=2
2026-02-05T03:55:08.795996+00:00,FAIL,1,2,fail=1 warn=2
2026-02-05T03:56:56.481101+00:00,FAIL,1,2,fail=1 warn=2
2026-02-05T03:58:44.244491+00:00,FAIL,1,2,fail=1 warn=2
2026-02-05T04:00:31.858716+00:00,FAIL,1,2,fail=1 warn=2
2026-02-05T04:02:19.197447+00:00,FAIL,1,2,fail=1 warn=2
2026-02-05T04:04:09.516998+00:00,FAIL,1,2,fail=1 warn=2
2026-02-05T04:05:57.734407+00:00,FAIL,1,2,fail=1 warn=2
2026-02-05T04:07:44.745243+00:00,FAIL,1,2,fail=1 warn=2
2026-02-05T04:09:31.731615+00:00,FAIL,1,2,fail=1 warn=2
2026-02-05T04:11:18.945472+00:00,FAIL,1,2,fail=1 warn=2
2026-02-05T04:13:07.161824+00:00,FAIL,1,2,fail=1 warn=2
2026-02-05T04:14:53.815848+00:00,FAIL,1,2,fail=1 warn=2
2026-02-05T04:16:40.666187+00:00,FAIL,1,2,fail=1 warn=2
2026-02-05T04:18:27.752220+00:00,FAIL,1,2,fail=1 warn=2
2026-02-05T04:20:18.432967+00:00,FAIL,1,2,fail=1 warn=2
2026-02-05T04:22:06.242891+00:00,FAIL,1,2,fail=1 warn=2
2026-02-05T04:24:05.573940+00:00,FAIL,1,2,fail=1 warn=2
2026-02-05T04:26:01.528450+00:00,FAIL,1,2,fail=1 warn=2
2026-02-05T04:27:58.550071+00:00,FAIL,1,2,fail=1 warn=2
2026-02-05T04:29:55.178228+00:00,FAIL,1,2,fail=1 warn=2
2026-02-05T04:31:49.164394+00:00,FAIL,1,2,fail=1 warn=2
2026-02-05T04:48:32.785267+00:00,FAIL,1,2,fail=1 warn=2
2026-02-05T04:48:33.779206+00:00,FAIL,1,2,fail=1 warn=2
2026-02-05T04:51:46.735229+00:00,FAIL,1,2,fail=1 warn=2
2026-02-05T04:53:38.085542+00:00,FAIL,1,2,fail=1 warn=2
2026-02-05T04:55:31.335668+00:00,FAIL,1,2,fail=1 warn=2
2026-02-05T04:57:23.494271+00:00,FAIL,1,2,fail=1 warn=2
2026-02-05T04:59:17.524303+00:00,FAIL,1,2,fail=1 warn=2
2026-02-05T05:01:12.877494+00:00,FAIL,1,2,fail=1 warn=2
2026-02-05T05:03:03.454087+00:00,FAIL,1,2,fail=1 warn=2
2026-02-05T05:04:55.605922+00:00,FAIL,1,2,fail=1 warn=2
2026-02-05T05:06:45.507691+00:00,FAIL,1,2,fail=1 warn=2
2026-02-05T05:08:35.295716+00:00,FAIL,1,2,fail=1 warn=2
2026-02-05T05:10:27.264088+00:00,FAIL,1,2,fail=1 warn=2
2026-02-05T05:12:16.335472+00:00,FAIL,1,2,fail=1 warn=2
2026-02-05T05:14:05.710089+00:00,FAIL,1,2,fail=1 warn=2
2026-02-05T05:15:54.746936+00:00,FAIL,1,2,fail=1 warn=2
2026-02-05T05:17:46.258070+00:00,FAIL,1,2,fail=1 warn=2
2026-02-05T05:19:37.753731+00:00,FAIL,1,2,fail=1 warn=2
2026-02-05T05:21:25.889148+00:00,FAIL,1,2,fail=1 warn=2
2026-02-05T05:23:17.418744+00:00,FAIL,1,2,fail=1 warn=2
2026-02-05T05:25:05.644933+00:00,FAIL,1,2,fail=1 warn=2
2026-02-05T05:26:53.874048+00:00,FAIL,1,2,fail=1 warn=2
2026-02-05T05:28:44.490225+00:00,FAIL,1,2,fail=1 warn=2
2026-02-05T05:30:33.205175+00:00,FAIL,1,2,fail=1 warn=2
2026-02-05T05:32:23.379203+00:00,FAIL,1,2,fail=1 warn=2
2026-02-05T05:47:50.342987+00:00,FAIL,1,2,fail=1 warn=2
2026-02-05T05:47:51.359000+00:00,FAIL,1,2,fail=1 warn=2
2026-02-05T05:49:41.755066+00:00,FAIL,1,2,fail=1 warn=2
2026-02-05T05:51:30.243104+00:00,FAIL,1,2,fail=1 warn=2
2026-02-05T05:54:44.709025+00:00,FAIL,1,2,fail=1 warn=2
2026-02-05T05:56:40.281015+00:00,FAIL,1,2,fail=1 warn=2
2026-02-05T05:58:31.429336+00:00,FAIL,1,2,fail=1 warn=2
2026-02-05T06:00:21.719549+00:00,FAIL,1,2,fail=1 warn=2
2026-02-05T06:02:12.015388+00:00,FAIL,1,2,fail=1 warn=2
2026-02-05T06:04:01.502066+00:00,FAIL,1,2,fail=1 warn=2
2026-02-05T06:05:51.225332+00:00,FAIL,1,2,fail=1 warn=2
2026-02-05T06:07:40.340303+00:00,FAIL,1,2,fail=1 warn=2
2026-02-05T06:09:28.554234+00:00,FAIL,1,2,fail=1 warn=2
2026-02-05T06:11:19.478736+00:00,FAIL,1,2,fail=1 warn=2
2026-02-05T06:13:12.946435+00:00,FAIL,1,2,fail=1 warn=2
2026-02-05T06:15:04.281769+00:00,FAIL,1,2,fail=1 warn=2
2026-02-05T06:16:55.101367+00:00,FAIL,1,2,fail=1 warn=2
2026-02-05T06:18:46.148479+00:00,FAIL,1,2,fail=1 warn=2
2026-02-05T06:20:33.055791+00:00,FAIL,1,2,fail=1 warn=2
2026-02-05T06:22:27.883200+00:00,FAIL,1,2,fail=1 warn=2
2026-02-05T06:24:17.578794+00:00,FAIL,1,2,fail=1 warn=2
2026-02-05T06:26:06.555056+00:00,FAIL,1,2,fail=1 warn=2
2026-02-05T06:27:53.461505+00:00,FAIL,1,2,fail=1 warn=2
2026-02-05T06:29:41.230339+00:00,FAIL,1,2,fail=1 warn=2
2026-02-05T06:31:35.036657+00:00,FAIL,1,2,fail=1 warn=2
2026-02-05T06:33:25.342913+00:00,FAIL,1,2,fail=1 warn=2
2026-02-05T06:48:53.568249+00:00,FAIL,1,2,fail=1 warn=2
2026-02-05T06:48:54.561256+00:00,FAIL,1,2,fail=1 warn=2
2026-02-05T06:50:44.759872+00:00,FAIL,1,2,fail=1 warn=2
2026-02-05T06:52:33.293595+00:00,FAIL,1,2,fail=1 warn=2
2026-02-05T06:54:20.061351+00:00,FAIL,1,2,fail=1 warn=2
2026-02-05T06:57:29.352273+00:00,FAIL,1,2,fail=1 warn=2
2026-02-05T06:59:16.977681+00:00,FAIL,1,2,fail=1 warn=2
2026-02-05T07:01:05.834435+00:00,FAIL,1,2,fail=1 warn=2
2026-02-05T07:02:52.443639+00:00,FAIL,1,2,fail=1 warn=2
2026-02-05T07:04:39.655771+00:00,FAIL,1,2,fail=1 warn=2
2026-02-05T07:06:26.156992+00:00,FAIL,1,2,fail=1 warn=2
2026-02-05T07:08:15.592336+00:00,FAIL,1,2,fail=1 warn=2
2026-02-05T07:09:43.866212+00:00,WARN,0,2,fail=0 warn=2
2026-02-05T07:10:05.420974+00:00,WARN,0,1,fail=0 warn=1
2026-02-05T07:12:38.504421+00:00,WARN,0,1,fail=0 warn=1
2026-02-05T07:15:05.733833+00:00,WARN,0,1,fail=0 warn=1
2026-02-05T07:17:32.959198+00:00,WARN,0,1,fail=0 warn=1
2026-02-05T07:20:00.301908+00:00,WARN,0,1,fail=0 warn=1
2026-02-05T07:22:28.671054+00:00,WARN,0,1,fail=0 warn=1
2026-02-05T07:24:59.605254+00:00,WARN,0,2,fail=0 warn=2
2026-02-05T07:27:25.598457+00:00,WARN,0,1,fail=0 warn=1
2026-02-05T07:29:54.924519+00:00,WARN,0,1,fail=0 warn=1
2026-02-05T07:32:21.275377+00:00,WARN,0,1,fail=0 warn=1
2026-02-05T07:34:48.149421+00:00,OK,0,0,fail=0 warn=0
2026-02-05T07:51:04.494900+00:00,WARN,0,1,fail=0 warn=1
2026-02-05T07:51:05.484905+00:00,WARN,0,1,fail=0 warn=1
2026-02-05T07:53:34.761578+00:00,WARN,0,1,fail=0 warn=1
2026-02-05T07:56:05.224669+00:00,WARN,0,1,fail=0 warn=1
2026-02-05T07:59:53.618092+00:00,WARN,0,1,fail=0 warn=1
2026-02-05T09:09:35.525700+00:00,WARN,0,1,fail=0 warn=1
2026-02-05T09:09:36.721806+00:00,WARN,0,1,fail=0 warn=1
2026-02-05T09:14:12.137614+00:00,WARN,0,1,fail=0 warn=1
2026-02-05T09:17:02.431557+00:00,FAIL,1,1,fail=1 warn=1
2026-02-05T09:19:03.546289+00:00,FAIL,1,2,fail=1 warn=2
2026-02-05T09:21:05.634815+00:00,FAIL,1,2,fail=1 warn=2
2026-02-05T09:23:08.832192+00:00,FAIL,1,2,fail=1 warn=2
2026-02-05T09:25:11.823637+00:00,FAIL,1,2,fail=1 warn=2
2026-02-05T09:29:24.326679+00:00,FAIL,1,2,fail=1 warn=2
2026-02-05T09:31:25.766182+00:00,FAIL,1,2,fail=1 warn=2
2026-02-05T09:33:36.748945+00:00,FAIL,1,2,fail=1 warn=2
2026-02-05T09:35:42.730461+00:00,FAIL,1,2,fail=1 warn=2
2026-02-05T09:37:47.151100+00:00,FAIL,1,2,fail=1 warn=2
2026-02-05T09:39:50.117204+00:00,FAIL,1,2,fail=1 warn=2
2026-02-05T09:41:53.376044+00:00,FAIL,1,2,fail=1 warn=2
2026-02-05T09:44:01.409744+00:00,FAIL,1,2,fail=1 warn=2
2026-02-05T09:47:27.014501+00:00,FAIL,1,2,fail=1 warn=2
2026-02-05T09:49:29.998315+00:00,FAIL,1,2,fail=1 warn=2
2026-02-05T09:51:35.618989+00:00,FAIL,1,2,fail=1 warn=2
2026-02-05T10:11:19.177629+00:00,FAIL,1,2,fail=1 warn=2
2026-02-05T10:11:20.222576+00:00,FAIL,1,2,fail=1 warn=2
2026-02-05T10:13:27.788445+00:00,FAIL,1,2,fail=1 warn=2
2026-02-05T10:14:44.158873+00:00,FAIL,1,2,fail=1 warn=2
2026-02-05T10:17:06.795919+00:00,FAIL,1,2,fail=1 warn=2
2026-02-05T10:19:05.195820+00:00,FAIL,1,2,fail=1 warn=2
2026-02-05T10:21:13.584431+00:00,FAIL,1,2,fail=1 warn=2
2026-02-05T10:23:13.167166+00:00,FAIL,1,2,fail=1 warn=2
2026-02-05T10:25:13.055839+00:00,FAIL,1,2,fail=1 warn=2
2026-02-05T10:27:10.879296+00:00,FAIL,1,2,fail=1 warn=2
2026-02-05T10:29:10.596495+00:00,FAIL,1,2,fail=1 warn=2
2026-02-05T10:31:10.624295+00:00,FAIL,1,2,fail=1 warn=2
2026-02-05T10:33:11.666479+00:00,FAIL,1,2,fail=1 warn=2
2026-02-05T10:33:14.703608+00:00,WARN,0,2,fail=0 warn=2
2026-02-05T10:35:57.625593+00:00,WARN,0,2,fail=0 warn=2
2026-02-05T10:38:46.388352+00:00,WARN,0,2,fail=0 warn=2
2026-02-05T10:41:38.773445+00:00,WARN,0,2,fail=0 warn=2
2026-02-05T10:42:29.938816+00:00,WARN,0,2,fail=0 warn=2
2026-02-05T10:44:22.772671+00:00,WARN,0,2,fail=0 warn=2
2026-02-05T10:46:58.236946+00:00,WARN,0,2,fail=0 warn=2
2026-02-05T10:47:11.348216+00:00,WARN,0,2,fail=0 warn=2
2026-02-05T10:49:55.625588+00:00,WARN,0,2,fail=0 warn=2
2026-02-05T10:52:43.830707+00:00,WARN,0,2,fail=0 warn=2
2026-02-05T10:52:45.217702+00:00,WARN,0,2,fail=0 warn=2
2026-02-05T10:54:37.805031+00:00,FAIL,1,2,fail=1 warn=2
2026-02-05T10:55:49.582998+00:00,WARN,0,2,fail=0 warn=2
2026-02-05T10:57:17.533395+00:00,WARN,0,1,fail=0 warn=1
2026-02-05T10:58:50.584932+00:00,WARN,0,1,fail=0 warn=1
2026-02-05T10:59:59.345259+00:00,WARN,0,1,fail=0 warn=1
2026-02-05T11:12:18.835309+00:00,WARN,0,1,fail=0 warn=1
2026-02-05T11:12:19.838479+00:00,WARN,0,1,fail=0 warn=1
2026-02-05T11:15:10.920317+00:00,WARN,0,2,fail=0 warn=2
2026-02-05T11:19:32.761502+00:00,OK,0,0,fail=0 warn=0
2026-02-05T11:22:26.412975+00:00,WARN,0,1,fail=0 warn=1
2026-02-05T11:25:10.775192+00:00,OK,0,0,fail=0 warn=0
2026-02-05T11:26:13.022935+00:00,OK,0,0,fail=0 warn=0
2026-02-05T11:28:01.943798+00:00,WARN,0,1,fail=0 warn=1
2026-02-05T11:30:45.538551+00:00,OK,0,0,fail=0 warn=0
2026-02-05T11:33:35.169164+00:00,OK,0,0,fail=0 warn=0
2026-02-05T11:36:28.485019+00:00,OK,0,0,fail=0 warn=0
2026-02-05T11:39:15.986893+00:00,FAIL,1,1,fail=1 warn=1
2026-02-05T11:41:15.891951+00:00,FAIL,1,1,fail=1 warn=1
2026-02-05T11:41:20.254502+00:00,FAIL,1,2,fail=1 warn=2
2026-02-05T11:42:44.209113+00:00,FAIL,1,2,fail=1 warn=2
2026-02-05T11:43:27.308922+00:00,WARN,0,2,fail=0 warn=2
2026-02-05T11:44:04.122556+00:00,WARN,0,1,fail=0 warn=1
2026-02-05T11:45:13.828617+00:00,FAIL,1,2,fail=1 warn=2
2026-02-05T11:46:16.860705+00:00,WARN,0,2,fail=0 warn=2
2026-02-05T11:49:02.605277+00:00,FAIL,1,2,fail=1 warn=2
2026-02-05T11:51:01.753300+00:00,WARN,0,2,fail=0 warn=2
2026-02-05T11:53:48.072439+00:00,FAIL,1,2,fail=1 warn=2
2026-02-05T11:57:16.619357+00:00,WARN,0,2,fail=0 warn=2
2026-02-05T12:00:00.704894+00:00,WARN,0,2,fail=0 warn=2
2026-02-05T12:03:01.143662+00:00,WARN,0,1,fail=0 warn=1
2026-02-05T12:12:38.635677+00:00,WARN,0,1,fail=0 warn=1
2026-02-05T12:12:39.679190+00:00,WARN,0,1,fail=0 warn=1
2026-02-05T12:12:55.981547+00:00,FAIL,1,0,fail=1 warn=0
2026-02-05T12:15:28.151491+00:00,WARN,0,1,fail=0 warn=1
2026-02-05T12:18:07.330941+00:00,OK,0,0,fail=0 warn=0
2026-02-05T12:22:22.444726+00:00,OK,0,0,fail=0 warn=0
2026-02-05T12:25:01.374080+00:00,OK,0,0,fail=0 warn=0
2026-02-05T12:27:44.620181+00:00,OK,0,0,fail=0 warn=0
2026-02-05T12:30:26.488766+00:00,OK,0,0,fail=0 warn=0
2026-02-05T12:33:01.262535+00:00,OK,0,0,fail=0 warn=0
2026-02-05T12:35:40.330714+00:00,OK,0,0,fail=0 warn=0
2026-02-05T12:38:17.709892+00:00,OK,0,0,fail=0 warn=0
2026-02-05T12:41:11.674752+00:00,WARN,0,1,fail=0 warn=1
2026-02-05T12:44:00.389504+00:00,WARN,0,1,fail=0 warn=1
2026-02-05T12:46:45.018723+00:00,WARN,0,1,fail=0 warn=1
2026-02-05T12:49:27.010108+00:00,OK,0,0,fail=0 warn=0
2026-02-05T12:52:08.460540+00:00,OK,0,0,fail=0 warn=0
2026-02-05T12:54:54.800125+00:00,WARN,0,1,fail=0 warn=1
2026-02-05T13:00:35.558875+00:00,WARN,0,2,fail=0 warn=2
2026-02-05T13:01:06.661376+00:00,WARN,0,2,fail=0 warn=2
2026-02-05T13:01:21.662399+00:00,WARN,0,1,fail=0 warn=1
2026-02-05T13:14:40.062409+00:00,WARN,0,1,fail=0 warn=1
2026-02-05T13:14:41.148029+00:00,WARN,0,1,fail=0 warn=1
2026-02-05T13:17:27.855951+00:00,WARN,0,1,fail=0 warn=1
2026-02-05T13:20:17.914235+00:00,WARN,0,2,fail=0 warn=2
2026-02-05T13:24:28.828549+00:00,WARN,0,1,fail=0 warn=1
2026-02-05T13:27:25.599959+00:00,WARN,0,2,fail=0 warn=2
2026-02-05T13:30:14.677642+00:00,WARN,0,2,fail=0 warn=2
2026-02-05T13:32:57.799385+00:00,WARN,0,1,fail=0 warn=1
2026-02-05T13:36:05.780433+00:00,WARN,0,1,fail=0 warn=1
2026-02-05T13:38:48.752581+00:00,WARN,0,1,fail=0 warn=1
2026-02-05T13:41:37.083724+00:00,WARN,0,1,fail=0 warn=1
2026-02-05T13:44:23.379822+00:00,WARN,0,1,fail=0 warn=1
2026-02-05T13:47:15.466458+00:00,WARN,0,1,fail=0 warn=1
2026-02-05T13:50:05.287566+00:00,WARN,0,2,fail=0 warn=2
2026-02-05T13:52:50.785677+00:00,WARN,0,1,fail=0 warn=1
2026-02-05T13:53:36.701411+00:00,WARN,0,1,fail=0 warn=1
2026-02-05T13:55:34.068628+00:00,WARN,0,1,fail=0 warn=1
2026-02-05T14:12:06.935230+00:00,WARN,0,2,fail=0 warn=2
2026-02-05T14:15:28.059001+00:00,WARN,0,1,fail=0 warn=1
2026-02-05T14:15:29.267670+00:00,WARN,0,1,fail=0 warn=1
2026-02-05T14:16:19.067147+00:00,WARN,0,1,fail=0 warn=1
2026-02-05T14:18:32.464592+00:00,WARN,0,1,fail=0 warn=1
2026-02-05T14:21:10.737027+00:00,WARN,0,1,fail=0 warn=1
2026-02-05T14:23:49.659949+00:00,WARN,0,1,fail=0 warn=1
2026-02-05T14:26:53.344642+00:00,WARN,0,1,fail=0 warn=1
2026-02-05T14:28:06.051415+00:00,OK,0,0,fail=0 warn=0
2026-02-05T14:30:50.389331+00:00,OK,0,0,fail=0 warn=0
2026-02-05T14:32:49.255238+00:00,OK,0,0,fail=0 warn=0
2026-02-05T14:33:38.318995+00:00,OK,0,0,fail=0 warn=0
2026-02-05T14:36:01.414032+00:00,OK,0,0,fail=0 warn=0
2026-02-05T14:36:22.149161+00:00,OK,0,0,fail=0 warn=0
2026-02-05T14:39:11.072041+00:00,OK,0,0,fail=0 warn=0
2026-02-05T14:40:43.271563+00:00,OK,0,0,fail=0 warn=0
2026-02-05T14:42:16.018813+00:00,OK,0,0,fail=0 warn=0
2026-02-05T14:45:16.588514+00:00,OK,0,0,fail=0 warn=0
2026-02-05T14:48:08.905226+00:00,OK,0,0,fail=0 warn=0
2026-02-05T14:51:05.337772+00:00,OK,0,0,fail=0 warn=0
2026-02-05T14:54:05.997063+00:00,WARN,0,1,fail=0 warn=1
2026-02-05T14:57:03.465033+00:00,OK,0,0,fail=0 warn=0
2026-02-05T15:01:02.440804+00:00,OK,0,0,fail=0 warn=0
2026-02-05T15:06:31.906426+00:00,OK,0,0,fail=0 warn=0
2026-02-05T15:15:56.943440+00:00,OK,0,0,fail=0 warn=0
2026-02-05T15:18:02.404261+00:00,OK,0,0,fail=0 warn=0
2026-02-05T15:18:03.495187+00:00,OK,0,0,fail=0 warn=0
2026-02-05T15:21:44.504282+00:00,WARN,0,1,fail=0 warn=1
2026-02-05T15:24:53.060173+00:00,WARN,0,1,fail=0 warn=1
2026-02-05T15:26:58.501698+00:00,FAIL,1,1,fail=1 warn=1
2026-02-05T15:27:54.695601+00:00,WARN,0,1,fail=0 warn=1
2026-02-05T15:28:00.519697+00:00,WARN,0,1,fail=0 warn=1
2026-02-05T15:32:20.758846+00:00,WARN,0,1,fail=0 warn=1
2026-02-05T15:35:42.052921+00:00,WARN,0,1,fail=0 warn=1
2026-02-05T15:38:45.950907+00:00,WARN,0,1,fail=0 warn=1
2026-02-05T15:41:43.964119+00:00,WARN,0,1,fail=0 warn=1
2026-02-05T15:44:45.656909+00:00,WARN,0,1,fail=0 warn=1
2026-02-05T15:47:45.951299+00:00,WARN,0,1,fail=0 warn=1
2026-02-05T15:50:56.924310+00:00,WARN,0,1,fail=0 warn=1
2026-02-05T15:54:10.236404+00:00,WARN,0,1,fail=0 warn=1
2026-02-05T15:57:13.780121+00:00,WARN,0,1,fail=0 warn=1
2026-02-05T16:17:22.618137+00:00,WARN,0,1,fail=0 warn=1
2026-02-05T16:17:23.659519+00:00,WARN,0,1,fail=0 warn=1
2026-02-05T16:21:33.499155+00:00,WARN,0,1,fail=0 warn=1
2026-02-05T16:24:28.191191+00:00,WARN,0,1,fail=0 warn=1
2026-02-05T16:27:20.764061+00:00,WARN,0,1,fail=0 warn=1
2026-02-05T16:30:12.737449+00:00,WARN,0,1,fail=0 warn=1
2026-02-05T16:34:24.332709+00:00,WARN,0,1,fail=0 warn=1
2026-02-05T16:37:28.050166+00:00,WARN,0,1,fail=0 warn=1
2026-02-05T16:40:19.708521+00:00,WARN,0,1,fail=0 warn=1
2026-02-05T16:43:12.054093+00:00,WARN,0,1,fail=0 warn=1
2026-02-05T16:46:04.937851+00:00,WARN,0,1,fail=0 warn=1
2026-02-05T16:49:00.090628+00:00,WARN,0,1,fail=0 warn=1
2026-02-05T16:52:32.119039+00:00,WARN,0,1,fail=0 warn=1
2026-02-05T16:55:27.024870+00:00,WARN,0,1,fail=0 warn=1
2026-02-05T16:58:23.866841+00:00,WARN,0,1,fail=0 warn=1
2026-02-05T17:19:04.417139+00:00,WARN,0,1,fail=0 warn=1
2026-02-05T17:19:05.499893+00:00,WARN,0,1,fail=0 warn=1
2026-02-05T17:22:51.133420+00:00,WARN,0,1,fail=0 warn=1
2026-02-05T17:25:43.589278+00:00,WARN,0,1,fail=0 warn=1
2026-02-05T17:28:36.906481+00:00,WARN,0,1,fail=0 warn=1
2026-02-05T17:31:33.219269+00:00,WARN,0,1,fail=0 warn=1
2026-02-05T17:35:44.601079+00:00,WARN,0,1,fail=0 warn=1
2026-02-05T17:38:38.314245+00:00,WARN,0,1,fail=0 warn=1
2026-02-05T17:41:38.440899+00:00,WARN,0,1,fail=0 warn=1
2026-02-05T17:44:38.071366+00:00,WARN,0,1,fail=0 warn=1
2026-02-05T17:47:29.073591+00:00,WARN,0,1,fail=0 warn=1
2026-02-05T17:50:20.978899+00:00,WARN,0,1,fail=0 warn=1
2026-02-05T17:53:13.095334+00:00,WARN,0,1,fail=0 warn=1
2026-02-05T17:56:05.954694+00:00,WARN,0,1,fail=0 warn=1
2026-02-05T17:58:59.411430+00:00,WARN,0,1,fail=0 warn=1
2026-02-05T18:20:11.855113+00:00,WARN,0,1,fail=0 warn=1
2026-02-05T18:20:12.915562+00:00,WARN,0,1,fail=0 warn=1
2026-02-05T18:24:23.077646+00:00,WARN,0,1,fail=0 warn=1
2026-02-05T18:27:22.874394+00:00,WARN,0,1,fail=0 warn=1
2026-02-05T18:30:21.576198+00:00,WARN,0,1,fail=0 warn=1
2026-02-05T18:33:16.356751+00:00,WARN,0,1,fail=0 warn=1
2026-02-05T18:37:33.529527+00:00,WARN,0,1,fail=0 warn=1
2026-02-05T18:40:29.345542+00:00,WARN,0,1,fail=0 warn=1
2026-02-05T18:43:25.893055+00:00,WARN,0,1,fail=0 warn=1
2026-02-05T18:46:19.786368+00:00,WARN,0,1,fail=0 warn=1
2026-02-05T18:49:17.926657+00:00,WARN,0,1,fail=0 warn=1
2026-02-05T18:52:18.686987+00:00,WARN,0,1,fail=0 warn=1
2026-02-05T18:55:13.060977+00:00,WARN,0,1,fail=0 warn=1
2026-02-05T18:58:08.420705+00:00,WARN,0,1,fail=0 warn=1
2026-02-05T19:01:13.958865+00:00,WARN,0,1,fail=0 warn=1
2026-02-05T19:21:21.144572+00:00,WARN,0,1,fail=0 warn=1
2026-02-05T19:21:22.207572+00:00,WARN,0,1,fail=0 warn=1
2026-02-05T19:24:17.314792+00:00,OK,0,0,fail=0 warn=0
2026-02-05T19:27:07.402923+00:00,OK,0,0,fail=0 warn=0
2026-02-05T19:29:57.921958+00:00,OK,0,0,fail=0 warn=0
2026-02-05T19:32:47.612184+00:00,OK,0,0,fail=0 warn=0
2026-02-05T19:35:44.203402+00:00,OK,0,0,fail=0 warn=0
2026-02-05T19:39:55.042028+00:00,OK,0,0,fail=0 warn=0
2026-02-05T19:42:50.923005+00:00,WARN,0,1,fail=0 warn=1
2026-02-05T19:45:42.275623+00:00,WARN,0,1,fail=0 warn=1
2026-02-05T19:48:38.299101+00:00,WARN,0,1,fail=0 warn=1
2026-02-05T19:51:29.099414+00:00,WARN,0,1,fail=0 warn=1
2026-02-05T19:54:20.329055+00:00,WARN,0,1,fail=0 warn=1
2026-02-05T19:57:16.820853+00:00,WARN,0,1,fail=0 warn=1
2026-02-05T20:00:07.555465+00:00,WARN,0,1,fail=0 warn=1
2026-02-05T20:03:27.804455+00:00,WARN,0,1,fail=0 warn=1
2026-02-05T20:26:34.591298+00:00,WARN,0,1,fail=0 warn=1
2026-02-05T20:26:35.683414+00:00,WARN,0,1,fail=0 warn=1
2026-02-05T20:30:19.522019+00:00,WARN,0,1,fail=0 warn=1
2026-02-05T20:33:20.490996+00:00,WARN,0,1,fail=0 warn=1
2026-02-05T20:36:26.560112+00:00,WARN,0,1,fail=0 warn=1
2026-02-05T20:39:25.829722+00:00,WARN,0,1,fail=0 warn=1
2026-02-05T20:43:57.952961+00:00,WARN,0,1,fail=0 warn=1
2026-02-05T20:46:58.846066+00:00,WARN,0,1,fail=0 warn=1
2026-02-05T20:49:57.993776+00:00,WARN,0,1,fail=0 warn=1
2026-02-05T20:52:58.190566+00:00,WARN,0,1,fail=0 warn=1
2026-02-05T20:56:01.732505+00:00,WARN,0,1,fail=0 warn=1
2026-02-05T20:59:00.340555+00:00,WARN,0,1,fail=0 warn=1
2026-02-05T21:01:55.780419+00:00,WARN,0,1,fail=0 warn=1
2026-02-05T21:04:53.692204+00:00,WARN,0,1,fail=0 warn=1
2026-02-05T21:25:21.001702+00:00,WARN,0,1,fail=0 warn=1
2026-02-05T21:25:22.058838+00:00,WARN,0,1,fail=0 warn=1
2026-02-05T21:29:02.032778+00:00,WARN,0,1,fail=0 warn=1
2026-02-05T21:32:14.047012+00:00,WARN,0,1,fail=0 warn=1
2026-02-05T21:35:13.802995+00:00,WARN,0,1,fail=0 warn=1
2026-02-05T21:38:10.724554+00:00,WARN,0,1,fail=0 warn=1
2026-02-05T21:41:11.939565+00:00,WARN,0,1,fail=0 warn=1
2026-02-05T21:45:29.853500+00:00,WARN,0,1,fail=0 warn=1
2026-02-05T21:48:30.285150+00:00,WARN,0,1,fail=0 warn=1
2026-02-05T21:51:27.830131+00:00,WARN,0,1,fail=0 warn=1
2026-02-05T21:54:34.048924+00:00,WARN,0,1,fail=0 warn=1
2026-02-05T21:57:31.301253+00:00,WARN,0,1,fail=0 warn=1
2026-02-05T22:00:27.157807+00:00,WARN,0,1,fail=0 warn=1
2026-02-05T22:03:24.862782+00:00,WARN,0,1,fail=0 warn=1
2026-02-05T22:06:21.066704+00:00,WARN,0,1,fail=0 warn=1
2026-02-05T22:25:40.590401+00:00,WARN,0,1,fail=0 warn=1
2026-02-05T22:25:41.643089+00:00,WARN,0,1,fail=0 warn=1
2026-02-05T22:28:43.569015+00:00,WARN,0,1,fail=0 warn=1
2026-02-05T22:31:38.914129+00:00,WARN,0,1,fail=0 warn=1
2026-02-05T22:34:32.275479+00:00,WARN,0,1,fail=0 warn=1
2026-02-05T22:37:25.361212+00:00,WARN,0,1,fail=0 warn=1
2026-02-05T22:40:24.116673+00:00,WARN,0,1,fail=0 warn=1
2026-02-05T22:46:06.428330+00:00,WARN,0,1,fail=0 warn=1
2026-02-05T22:50:36.233581+00:00,WARN,0,1,fail=0 warn=1
2026-02-05T22:53:30.276146+00:00,WARN,0,1,fail=0 warn=1
2026-02-05T22:56:24.005339+00:00,WARN,0,1,fail=0 warn=1
2026-02-05T22:59:18.733079+00:00,WARN,0,1,fail=0 warn=1
2026-02-05T23:02:14.706570+00:00,WARN,0,1,fail=0 warn=1
2026-02-05T23:05:16.326349+00:00,WARN,0,1,fail=0 warn=1
2026-02-05T23:08:11.177857+00:00,WARN,0,1,fail=0 warn=1
2026-02-05T23:27:32.984753+00:00,WARN,0,1,fail=0 warn=1
2026-02-05T23:27:34.035414+00:00,WARN,0,1,fail=0 warn=1
2026-02-05T23:30:28.549697+00:00,OK,0,0,fail=0 warn=0
2026-02-05T23:33:19.266520+00:00,OK,0,0,fail=0 warn=0
2026-02-05T23:36:16.648556+00:00,WARN,0,1,fail=0 warn=1
2026-02-05T23:39:12.833564+00:00,WARN,0,1,fail=0 warn=1
2026-02-05T23:42:10.759508+00:00,WARN,0,1,fail=0 warn=1
2026-02-05T23:45:08.891154+00:00,WARN,0,1,fail=0 warn=1
2026-02-05T23:48:14.001235+00:00,WARN,0,1,fail=0 warn=1
2026-02-05T23:52:35.115325+00:00,WARN,0,1,fail=0 warn=1
2026-02-05T23:55:31.527979+00:00,WARN,0,1,fail=0 warn=1
2026-02-05T23:58:23.199921+00:00,WARN,0,1,fail=0 warn=1
2026-02-06T00:01:15.782675+00:00,WARN,0,1,fail=0 warn=1
2026-02-06T00:04:10.186647+00:00,WARN,0,1,fail=0 warn=1
2026-02-06T00:07:01.300766+00:00,WARN,0,1,fail=0 warn=1
2026-02-06T00:10:02.215064+00:00,WARN,0,1,fail=0 warn=1
2026-02-06T00:31:28.454766+00:00,WARN,0,1,fail=0 warn=1
2026-02-06T00:31:29.501247+00:00,WARN,0,1,fail=0 warn=1
2026-02-06T00:35:57.872024+00:00,OK,0,0,fail=0 warn=0
2026-02-06T00:38:54.348985+00:00,OK,0,0,fail=0 warn=0
2026-02-06T00:41:48.757301+00:00,OK,0,0,fail=0 warn=0
2026-02-06T00:44:47.067272+00:00,OK,0,0,fail=0 warn=0
2026-02-06T00:47:48.739542+00:00,OK,0,0,fail=0 warn=0
2026-02-06T00:50:50.097829+00:00,OK,0,0,fail=0 warn=0
2026-02-06T00:55:20.489675+00:00,OK,0,0,fail=0 warn=0
2026-02-06T00:58:27.459771+00:00,OK,0,0,fail=0 warn=0
2026-02-06T01:01:27.339907+00:00,OK,0,0,fail=0 warn=0
2026-02-06T01:04:26.387997+00:00,OK,0,0,fail=0 warn=0
2026-02-06T01:07:25.449034+00:00,OK,0,0,fail=0 warn=0
2026-02-06T01:10:25.854858+00:00,OK,0,0,fail=0 warn=0
2026-02-06T01:31:44.702829+00:00,OK,0,0,fail=0 warn=0
2026-02-06T01:31:45.752805+00:00,OK,0,0,fail=0 warn=0
2026-02-06T01:34:41.013278+00:00,OK,0,0,fail=0 warn=0
2026-02-06T01:38:05.318543+00:00,OK,0,0,fail=0 warn=0
2026-02-06T01:40:56.309614+00:00,OK,0,0,fail=0 warn=0
2026-02-06T01:43:51.983561+00:00,OK,0,0,fail=0 warn=0
2026-02-06T01:46:47.882385+00:00,OK,0,0,fail=0 warn=0
2026-02-06T01:49:40.663705+00:00,OK,0,0,fail=0 warn=0
2026-02-06T01:52:41.315626+00:00,OK,0,0,fail=0 warn=0
2026-02-06T01:57:06.556672+00:00,OK,0,0,fail=0 warn=0
2026-02-06T02:00:01.990269+00:00,OK,0,0,fail=0 warn=0
2026-02-06T02:02:52.709462+00:00,OK,0,0,fail=0 warn=0
2026-02-06T02:05:46.523280+00:00,OK,0,0,fail=0 warn=0
2026-02-06T02:08:36.089959+00:00,OK,0,0,fail=0 warn=0
2026-02-06T02:11:26.342813+00:00,OK,0,0,fail=0 warn=0
2026-02-06T02:30:30.901973+00:00,OK,0,0,fail=0 warn=0
2026-02-06T02:30:31.951356+00:00,OK,0,0,fail=0 warn=0
2026-02-06T02:33:19.870033+00:00,OK,0,0,fail=0 warn=0
2026-02-06T02:36:05.132145+00:00,OK,0,0,fail=0 warn=0
2026-02-06T02:38:52.303294+00:00,OK,0,0,fail=0 warn=0
2026-02-06T02:41:42.224359+00:00,OK,0,0,fail=0 warn=0
2026-02-06T02:44:33.543580+00:00,OK,0,0,fail=0 warn=0
2026-02-06T02:47:28.716108+00:00,OK,0,0,fail=0 warn=0
2026-02-06T02:50:19.970587+00:00,OK,0,0,fail=0 warn=0
2026-02-06T02:53:15.476490+00:00,OK,0,0,fail=0 warn=0
2026-02-06T02:56:05.550827+00:00,OK,0,0,fail=0 warn=0
2026-02-06T03:00:25.506515+00:00,OK,0,0,fail=0 warn=0
2026-02-06T03:03:14.347182+00:00,OK,0,0,fail=0 warn=0
2026-02-06T03:06:03.960796+00:00,OK,0,0,fail=0 warn=0
2026-02-06T03:08:57.324485+00:00,OK,0,0,fail=0 warn=0
2026-02-06T03:11:45.931890+00:00,OK,0,0,fail=0 warn=0
2026-02-06T03:31:18.316338+00:00,OK,0,0,fail=0 warn=0
2026-02-06T03:31:19.356230+00:00,OK,0,0,fail=0 warn=0
2026-02-06T03:34:11.551637+00:00,OK,0,0,fail=0 warn=0
2026-02-06T03:37:02.216582+00:00,OK,0,0,fail=0 warn=0
2026-02-06T03:39:51.580498+00:00,OK,0,0,fail=0 warn=0
2026-02-06T03:42:52.838914+00:00,OK,0,0,fail=0 warn=0
2026-02-06T03:45:40.681669+00:00,OK,0,0,fail=0 warn=0
2026-02-06T03:48:30.157386+00:00,OK,0,0,fail=0 warn=0
2026-02-06T03:51:27.680141+00:00,OK,0,0,fail=0 warn=0
2026-02-06T03:54:20.652649+00:00,OK,0,0,fail=0 warn=0
2026-02-06T03:57:11.948534+00:00,OK,0,0,fail=0 warn=0
2026-02-06T04:00:02.715110+00:00,OK,0,0,fail=0 warn=0
2026-02-06T04:04:27.621303+00:00,OK,0,0,fail=0 warn=0
2026-02-06T04:07:17.508118+00:00,OK,0,0,fail=0 warn=0
2026-02-06T04:10:08.856296+00:00,OK,0,0,fail=0 warn=0
2026-02-06T04:13:03.575680+00:00,OK,0,0,fail=0 warn=0
2026-02-06T04:32:25.845290+00:00,OK,0,0,fail=0 warn=0
2026-02-06T04:32:26.887218+00:00,OK,0,0,fail=0 warn=0
2026-02-06T04:35:26.401146+00:00,OK,0,0,fail=0 warn=0
2026-02-06T04:38:20.740755+00:00,OK,0,0,fail=0 warn=0
2026-02-06T04:41:16.549363+00:00,WARN,0,1,fail=0 warn=1
2026-02-06T04:44:06.620141+00:00,WARN,0,1,fail=0 warn=1
2026-02-06T04:46:58.230349+00:00,WARN,0,1,fail=0 warn=1
2026-02-06T04:49:49.382426+00:00,WARN,0,1,fail=0 warn=1
2026-02-06T04:52:41.808046+00:00,WARN,0,1,fail=0 warn=1
2026-02-06T04:55:38.729701+00:00,WARN,0,1,fail=0 warn=1
2026-02-06T04:58:36.106337+00:00,WARN,0,1,fail=0 warn=1
2026-02-06T05:01:29.968182+00:00,WARN,0,1,fail=0 warn=1
2026-02-06T05:04:26.725803+00:00,WARN,0,1,fail=0 warn=1
2026-02-06T05:08:48.574067+00:00,WARN,0,1,fail=0 warn=1
2026-02-06T05:11:40.412608+00:00,WARN,0,1,fail=0 warn=1
2026-02-06T05:14:32.574870+00:00,WARN,0,1,fail=0 warn=1
2026-02-06T05:33:59.628502+00:00,WARN,0,2,fail=0 warn=2
2026-02-06T05:34:00.668933+00:00,WARN,0,2,fail=0 warn=2
2026-02-06T05:36:53.756122+00:00,OK,0,0,fail=0 warn=0
2026-02-06T05:39:42.519957+00:00,OK,0,0,fail=0 warn=0
2026-02-06T05:42:32.713231+00:00,OK,0,0,fail=0 warn=0
2026-02-06T05:45:22.688083+00:00,OK,0,0,fail=0 warn=0
2026-02-06T05:48:09.252872+00:00,OK,0,0,fail=0 warn=0
2026-02-06T05:50:58.339321+00:00,OK,0,0,fail=0 warn=0
2026-02-06T05:53:50.136946+00:00,OK,0,0,fail=0 warn=0
2026-02-06T05:56:42.000717+00:00,OK,0,0,fail=0 warn=0
2026-02-06T06:00:28.926740+00:00,OK,0,0,fail=0 warn=0
2026-02-06T06:03:20.963811+00:00,OK,0,0,fail=0 warn=0
2026-02-06T06:06:13.213954+00:00,OK,0,0,fail=0 warn=0
2026-02-06T06:10:35.877485+00:00,OK,0,0,fail=0 warn=0
2026-02-06T06:13:29.736715+00:00,OK,0,0,fail=0 warn=0
2026-02-06T06:16:23.708983+00:00,OK,0,0,fail=0 warn=0
2026-02-06T06:36:37.649641+00:00,OK,0,0,fail=0 warn=0
2026-02-06T06:36:38.676425+00:00,OK,0,0,fail=0 warn=0
2026-02-06T06:39:37.593098+00:00,WARN,0,1,fail=0 warn=1
2026-02-06T06:42:38.911677+00:00,WARN,0,1,fail=0 warn=1
2026-02-06T06:45:48.831000+00:00,WARN,0,1,fail=0 warn=1
2026-02-06T06:48:44.051599+00:00,WARN,0,1,fail=0 warn=1
2026-02-06T06:51:39.700346+00:00,WARN,0,1,fail=0 warn=1
2026-02-06T06:54:34.323552+00:00,WARN,0,1,fail=0 warn=1
2026-02-06T06:57:30.629641+00:00,WARN,0,1,fail=0 warn=1
2026-02-06T07:00:25.080691+00:00,WARN,0,1,fail=0 warn=1
2026-02-06T07:03:20.542071+00:00,WARN,0,1,fail=0 warn=1
2026-02-06T07:06:22.251629+00:00,WARN,0,1,fail=0 warn=1
2026-02-06T07:09:15.208715+00:00,WARN,0,1,fail=0 warn=1
2026-02-06T07:09:44.519573+00:00,WARN,0,1,fail=0 warn=1
2026-02-06T07:13:40.046105+00:00,WARN,0,1,fail=0 warn=1
2026-02-06T07:16:57.120122+00:00,WARN,0,1,fail=0 warn=1
2026-02-06T07:37:14.428189+00:00,WARN,0,1,fail=0 warn=1
2026-02-06T07:37:15.475419+00:00,WARN,0,1,fail=0 warn=1
2026-02-06T07:40:17.958503+00:00,OK,0,0,fail=0 warn=0
2026-02-06T07:43:12.984787+00:00,OK,0,0,fail=0 warn=0
2026-02-06T07:46:10.352777+00:00,OK,0,0,fail=0 warn=0
2026-02-06T07:49:06.340307+00:00,OK,0,0,fail=0 warn=0
2026-02-06T07:52:09.158453+00:00,OK,0,0,fail=0 warn=0
2026-02-06T07:55:16.282612+00:00,OK,0,0,fail=0 warn=0
2026-02-06T07:58:19.743515+00:00,WARN,0,1,fail=0 warn=1
2026-02-06T09:12:18.836333+00:00,WARN,0,1,fail=0 warn=1
2026-02-06T09:14:34.587644+00:00,WARN,0,1,fail=0 warn=1
2026-02-06T09:14:35.703166+00:00,WARN,0,1,fail=0 warn=1
2026-02-06T09:17:47.565939+00:00,OK,0,0,fail=0 warn=0
2026-02-06T09:19:42.428202+00:00,OK,0,0,fail=0 warn=0
2026-02-06T09:21:19.247968+00:00,OK,0,0,fail=0 warn=0
2026-02-06T09:24:05.644857+00:00,OK,0,0,fail=0 warn=0
2026-02-06T09:26:54.797628+00:00,OK,0,0,fail=0 warn=0
2026-02-06T09:29:42.794720+00:00,OK,0,0,fail=0 warn=0
2026-02-06T09:33:20.919829+00:00,OK,0,0,fail=0 warn=0
2026-02-06T09:36:08.728665+00:00,OK,0,0,fail=0 warn=0
2026-02-06T09:40:34.862030+00:00,OK,0,0,fail=0 warn=0
2026-02-06T09:43:27.278863+00:00,OK,0,0,fail=0 warn=0
2026-02-06T09:46:15.555849+00:00,OK,0,0,fail=0 warn=0
2026-02-06T09:49:04.100414+00:00,OK,0,0,fail=0 warn=0
2026-02-06T09:51:53.754770+00:00,OK,0,0,fail=0 warn=0
2026-02-06T09:54:46.407639+00:00,WARN,0,1,fail=0 warn=1
2026-02-06T09:57:38.654390+00:00,WARN,0,1,fail=0 warn=1
2026-02-06T10:17:57.623209+00:00,WARN,0,1,fail=0 warn=1
2026-02-06T10:17:58.831210+00:00,WARN,0,1,fail=0 warn=1
2026-02-06T10:21:34.599368+00:00,WARN,0,1,fail=0 warn=1
2026-02-06T10:24:33.131520+00:00,WARN,0,1,fail=0 warn=1
2026-02-06T10:27:29.892163+00:00,WARN,0,1,fail=0 warn=1
2026-02-06T10:30:26.495902+00:00,WARN,0,1,fail=0 warn=1
2026-02-06T10:33:23.407681+00:00,WARN,0,1,fail=0 warn=1
2026-02-06T10:36:24.531060+00:00,WARN,0,1,fail=0 warn=1
2026-02-06T10:39:22.694760+00:00,WARN,0,1,fail=0 warn=1
2026-02-06T10:42:19.715041+00:00,WARN,0,1,fail=0 warn=1
2026-02-06T10:46:47.366849+00:00,WARN,0,1,fail=0 warn=1
2026-02-06T10:49:40.873569+00:00,WARN,0,1,fail=0 warn=1
2026-02-06T10:52:35.607108+00:00,WARN,0,1,fail=0 warn=1
2026-02-06T10:55:29.213154+00:00,WARN,0,1,fail=0 warn=1
2026-02-06T10:58:21.115808+00:00,WARN,0,1,fail=0 warn=1
2026-02-06T11:01:12.072309+00:00,WARN,0,1,fail=0 warn=1
2026-02-06T11:21:43.322448+00:00,WARN,0,1,fail=0 warn=1
2026-02-06T11:21:44.508502+00:00,WARN,0,1,fail=0 warn=1
2026-02-06T11:24:48.223884+00:00,WARN,0,1,fail=0 warn=1
2026-02-06T11:27:45.860462+00:00,WARN,0,1,fail=0 warn=1
2026-02-06T11:30:37.595337+00:00,WARN,0,1,fail=0 warn=1
2026-02-06T11:33:32.117752+00:00,WARN,0,1,fail=0 warn=1
2026-02-06T11:36:27.715422+00:00,WARN,0,1,fail=0 warn=1
2026-02-06T11:39:21.932541+00:00,WARN,0,1,fail=0 warn=1
2026-02-06T11:42:13.809618+00:00,WARN,0,1,fail=0 warn=1
2026-02-06T11:45:04.299645+00:00,WARN,0,1,fail=0 warn=1
2026-02-06T11:48:02.752116+00:00,WARN,0,1,fail=0 warn=1
2026-02-06T11:51:58.284395+00:00,WARN,0,1,fail=0 warn=1
2026-02-06T11:55:05.144856+00:00,WARN,0,1,fail=0 warn=1
2026-02-06T11:58:09.967685+00:00,WARN,0,1,fail=0 warn=1
2026-02-06T12:01:05.421830+00:00,WARN,0,1,fail=0 warn=1
2026-02-06T12:03:59.632444+00:00,WARN,0,1,fail=0 warn=1
2026-02-06T12:15:38.095935+00:00,WARN,0,1,fail=0 warn=1
2026-02-06T12:24:20.839450+00:00,WARN,0,1,fail=0 warn=1
2026-02-06T12:24:21.943443+00:00,WARN,0,1,fail=0 warn=1
2026-02-06T12:27:16.812225+00:00,OK,0,0,fail=0 warn=0
2026-02-06T12:28:54.151713+00:00,OK,0,0,fail=0 warn=0
2026-02-06T12:30:11.112352+00:00,OK,0,0,fail=0 warn=0
2026-02-06T12:33:06.532276+00:00,OK,0,0,fail=0 warn=0
2026-02-06T12:33:10.931648+00:00,OK,0,0,fail=0 warn=0
2026-02-06T12:35:55.052090+00:00,OK,0,0,fail=0 warn=0
2026-02-06T12:38:45.381517+00:00,OK,0,0,fail=0 warn=0
2026-02-06T12:41:35.195238+00:00,OK,0,0,fail=0 warn=0
2026-02-06T12:44:25.841070+00:00,OK,0,0,fail=0 warn=0
2026-02-06T12:47:21.297685+00:00,WARN,0,1,fail=0 warn=1
2026-02-06T12:50:15.439203+00:00,WARN,0,1,fail=0 warn=1
2026-02-06T12:53:17.490508+00:00,WARN,0,1,fail=0 warn=1
2026-02-06T12:56:11.342451+00:00,WARN,0,1,fail=0 warn=1
2026-02-06T12:59:06.804655+00:00,WARN,0,1,fail=0 warn=1
2026-02-06T13:02:53.709122+00:00,WARN,0,1,fail=0 warn=1
2026-02-06T13:06:19.343271+00:00,WARN,0,1,fail=0 warn=1
2026-02-06T13:29:19.917179+00:00,WARN,0,1,fail=0 warn=1
2026-02-06T13:29:21.095177+00:00,WARN,0,1,fail=0 warn=1
2026-02-06T13:32:23.190640+00:00,WARN,0,1,fail=0 warn=1
2026-02-06T13:35:18.263572+00:00,WARN,0,1,fail=0 warn=1
2026-02-06T13:38:06.163146+00:00,WARN,0,1,fail=0 warn=1
2026-02-06T13:40:53.698909+00:00,WARN,0,1,fail=0 warn=1
2026-02-06T13:43:45.807503+00:00,WARN,0,1,fail=0 warn=1
2026-02-06T13:46:38.500388+00:00,WARN,0,1,fail=0 warn=1
2026-02-06T13:49:31.032061+00:00,WARN,0,1,fail=0 warn=1
2026-02-06T13:52:30.544264+00:00,WARN,0,1,fail=0 warn=1
2026-02-06T13:55:29.548902+00:00,WARN,0,1,fail=0 warn=1
2026-02-06T13:58:26.241153+00:00,WARN,0,1,fail=0 warn=1
2026-02-06T14:01:22.180402+00:00,WARN,0,1,fail=0 warn=1
2026-02-06T14:04:23.024214+00:00,WARN,0,1,fail=0 warn=1
2026-02-06T14:07:21.290142+00:00,WARN,0,1,fail=0 warn=1
2026-02-06T14:10:12.501054+00:00,WARN,0,1,fail=0 warn=1
2026-02-06T14:13:03.889788+00:00,WARN,0,1,fail=0 warn=1
2026-02-06T14:33:32.696342+00:00,WARN,0,1,fail=0 warn=1
2026-02-06T14:33:33.791341+00:00,WARN,0,1,fail=0 warn=1
2026-02-06T14:37:11.540132+00:00,WARN,0,1,fail=0 warn=1
2026-02-06T14:40:03.586435+00:00,WARN,0,1,fail=0 warn=1
2026-02-06T14:42:33.248827+00:00,FAIL,1,1,fail=1 warn=1
2026-02-06T14:44:10.434765+00:00,FAIL,1,2,fail=1 warn=2
2026-02-06T14:45:46.462391+00:00,FAIL,1,2,fail=1 warn=2
2026-02-06T14:47:21.451072+00:00,FAIL,1,2,fail=1 warn=2
2026-02-06T14:49:04.032719+00:00,FAIL,1,2,fail=1 warn=2
2026-02-06T14:50:38.561544+00:00,FAIL,1,2,fail=1 warn=2
2026-02-06T14:52:17.731861+00:00,FAIL,1,2,fail=1 warn=2
2026-02-06T14:53:55.899508+00:00,FAIL,1,2,fail=1 warn=2
2026-02-06T14:55:35.349678+00:00,FAIL,1,2,fail=1 warn=2
2026-02-06T14:57:09.390141+00:00,FAIL,1,2,fail=1 warn=2
2026-02-06T14:59:29.398542+00:00,WARN,0,2,fail=0 warn=2
2026-02-06T15:01:52.278030+00:00,WARN,0,2,fail=0 warn=2
2026-02-06T15:03:35.113508+00:00,WARN,0,2,fail=0 warn=2
2026-02-06T15:05:17.975071+00:00,WARN,0,2,fail=0 warn=2
2026-02-06T15:06:59.613510+00:00,WARN,0,2,fail=0 warn=2
2026-02-06T15:08:40.864247+00:00,WARN,0,2,fail=0 warn=2
2026-02-06T15:10:19.108508+00:00,WARN,0,2,fail=0 warn=2
2026-02-06T15:12:00.385611+00:00,WARN,0,2,fail=0 warn=2
2026-02-06T15:13:38.086679+00:00,WARN,0,2,fail=0 warn=2
2026-02-06T15:15:16.744968+00:00,WARN,0,2,fail=0 warn=2
2026-02-06T15:16:54.944279+00:00,WARN,0,1,fail=0 warn=1
2026-02-06T15:20:27.676784+00:00,OK,0,0,fail=0 warn=0
2026-02-06T15:35:47.901481+00:00,WARN,0,2,fail=0 warn=2
2026-02-06T15:35:49.052347+00:00,WARN,0,2,fail=0 warn=2
2026-02-06T15:37:28.840002+00:00,WARN,0,2,fail=0 warn=2
2026-02-06T15:39:05.609288+00:00,WARN,0,2,fail=0 warn=2
2026-02-06T15:40:46.498423+00:00,WARN,0,2,fail=0 warn=2
2026-02-06T15:42:24.049652+00:00,WARN,0,2,fail=0 warn=2
2026-02-06T15:44:05.137192+00:00,WARN,0,2,fail=0 warn=2
2026-02-06T15:45:42.241297+00:00,WARN,0,2,fail=0 warn=2
2026-02-06T15:47:27.455013+00:00,WARN,0,2,fail=0 warn=2
2026-02-06T15:49:02.610842+00:00,WARN,0,2,fail=0 warn=2
2026-02-06T15:50:38.395428+00:00,WARN,0,2,fail=0 warn=2
2026-02-06T15:52:15.059718+00:00,WARN,0,2,fail=0 warn=2
2026-02-06T15:53:53.955245+00:00,WARN,0,2,fail=0 warn=2
2026-02-06T15:55:38.528223+00:00,FAIL,1,2,fail=1 warn=2
2026-02-06T15:57:08.322118+00:00,FAIL,1,3,fail=1 warn=3
2026-02-06T15:58:37.743416+00:00,FAIL,1,3,fail=1 warn=3
2026-02-06T16:00:08.304911+00:00,FAIL,1,3,fail=1 warn=3
2026-02-06T16:00:14.910007+00:00,FAIL,1,3,fail=1 warn=3
2026-02-06T16:01:39.415545+00:00,FAIL,1,3,fail=1 warn=3
2026-02-06T16:03:10.124918+00:00,FAIL,1,3,fail=1 warn=3
2026-02-06T16:04:40.339139+00:00,FAIL,1,3,fail=1 warn=3
2026-02-06T16:06:19.747566+00:00,FAIL,1,3,fail=1 warn=3
2026-02-06T16:07:42.509827+00:00,FAIL,1,3,fail=1 warn=3
2026-02-06T16:07:50.276741+00:00,FAIL,1,3,fail=1 warn=3
2026-02-06T16:09:20.951432+00:00,FAIL,1,3,fail=1 warn=3
2026-02-06T16:10:55.881838+00:00,FAIL,1,3,fail=1 warn=3
2026-02-06T16:12:28.332914+00:00,FAIL,1,3,fail=1 warn=3
2026-02-06T16:13:59.937054+00:00,FAIL,1,3,fail=1 warn=3
2026-02-06T16:15:35.821397+00:00,FAIL,1,5,fail=1 warn=5
2026-02-06T16:17:05.691314+00:00,FAIL,1,4,fail=1 warn=4
2026-02-06T16:18:50.993197+00:00,FAIL,1,4,fail=1 warn=4
2026-02-06T16:33:26.134982+00:00,WARN,0,3,fail=0 warn=3
2026-02-06T16:38:33.360413+00:00,WARN,0,3,fail=0 warn=3
2026-02-06T16:38:34.440991+00:00,WARN,0,3,fail=0 warn=3
2026-02-06T16:40:55.028882+00:00,FAIL,1,3,fail=1 warn=3
2026-02-06T16:42:25.042051+00:00,FAIL,1,3,fail=1 warn=3
2026-02-06T16:43:55.781226+00:00,FAIL,1,3,fail=1 warn=3
2026-02-06T16:45:26.654983+00:00,FAIL,1,3,fail=1 warn=3
2026-02-06T16:46:59.799685+00:00,FAIL,1,3,fail=1 warn=3
2026-02-06T16:48:28.859745+00:00,FAIL,1,3,fail=1 warn=3
2026-02-06T16:49:57.080499+00:00,FAIL,1,3,fail=1 warn=3
2026-02-06T16:51:30.286738+00:00,FAIL,1,3,fail=1 warn=3
2026-02-06T16:52:59.650287+00:00,FAIL,1,3,fail=1 warn=3
2026-02-06T16:54:28.134882+00:00,FAIL,1,3,fail=1 warn=3
2026-02-06T16:55:59.015538+00:00,FAIL,1,3,fail=1 warn=3
2026-02-06T16:57:27.776520+00:00,FAIL,1,3,fail=1 warn=3
2026-02-06T16:58:57.681860+00:00,FAIL,1,3,fail=1 warn=3
2026-02-06T17:00:28.149342+00:00,FAIL,1,3,fail=1 warn=3
2026-02-06T17:02:01.858910+00:00,FAIL,1,3,fail=1 warn=3
2026-02-06T17:03:34.730978+00:00,FAIL,1,3,fail=1 warn=3
2026-02-06T17:05:04.132435+00:00,FAIL,1,3,fail=1 warn=3
2026-02-06T17:06:35.361394+00:00,FAIL,1,3,fail=1 warn=3
2026-02-06T17:08:05.430266+00:00,FAIL,1,3,fail=1 warn=3
2026-02-06T17:09:35.494007+00:00,FAIL,1,3,fail=1 warn=3
2026-02-06T17:11:07.606668+00:00,FAIL,1,3,fail=1 warn=3
2026-02-06T17:12:38.921297+00:00,FAIL,1,3,fail=1 warn=3
2026-02-06T17:14:08.356110+00:00,FAIL,1,3,fail=1 warn=3
2026-02-06T17:15:44.202486+00:00,FAIL,1,3,fail=1 warn=3
2026-02-06T17:17:13.958168+00:00,FAIL,1,3,fail=1 warn=3
2026-02-06T17:18:42.823434+00:00,FAIL,1,3,fail=1 warn=3
2026-02-06T17:20:12.887945+00:00,FAIL,1,3,fail=1 warn=3
2026-02-06T17:21:42.022334+00:00,FAIL,1,3,fail=1 warn=3
2026-02-06T17:40:36.454991+00:00,WARN,0,3,fail=0 warn=3
2026-02-06T17:40:37.532429+00:00,WARN,0,3,fail=0 warn=3
2026-02-06T17:42:20.826897+00:00,WARN,0,3,fail=0 warn=3
2026-02-06T17:44:05.258832+00:00,FAIL,1,3,fail=1 warn=3
2026-02-06T17:45:38.857137+00:00,FAIL,1,3,fail=1 warn=3
2026-02-06T17:47:10.905451+00:00,FAIL,1,3,fail=1 warn=3
2026-02-06T17:48:46.241008+00:00,FAIL,1,3,fail=1 warn=3
2026-02-06T17:50:25.241956+00:00,FAIL,1,3,fail=1 warn=3
2026-02-06T17:52:04.763189+00:00,FAIL,1,3,fail=1 warn=3
2026-02-06T17:53:38.979799+00:00,FAIL,1,3,fail=1 warn=3
2026-02-06T17:55:12.900957+00:00,FAIL,1,3,fail=1 warn=3
2026-02-06T17:56:46.885512+00:00,FAIL,1,3,fail=1 warn=3
2026-02-06T17:58:24.567386+00:00,FAIL,1,3,fail=1 warn=3
2026-02-06T17:59:57.137974+00:00,FAIL,1,3,fail=1 warn=3
2026-02-06T18:01:29.595346+00:00,FAIL,1,3,fail=1 warn=3
2026-02-06T18:03:01.988197+00:00,FAIL,1,3,fail=1 warn=3
2026-02-06T18:04:33.942846+00:00,FAIL,1,3,fail=1 warn=3
2026-02-06T18:06:09.618369+00:00,FAIL,1,3,fail=1 warn=3
2026-02-06T18:07:46.216923+00:00,FAIL,1,3,fail=1 warn=3
2026-02-06T18:09:20.245007+00:00,FAIL,1,3,fail=1 warn=3
2026-02-06T18:10:51.076670+00:00,FAIL,1,3,fail=1 warn=3
2026-02-06T18:12:24.839370+00:00,FAIL,1,3,fail=1 warn=3
2026-02-06T18:13:58.646646+00:00,FAIL,1,3,fail=1 warn=3
2026-02-06T18:15:30.891314+00:00,FAIL,1,3,fail=1 warn=3
2026-02-06T18:17:02.136449+00:00,FAIL,1,3,fail=1 warn=3
2026-02-06T18:18:39.818518+00:00,FAIL,1,3,fail=1 warn=3
2026-02-06T18:20:15.747958+00:00,FAIL,1,3,fail=1 warn=3
2026-02-06T18:21:47.379259+00:00,FAIL,1,3,fail=1 warn=3
2026-02-06T18:23:19.370859+00:00,FAIL,1,3,fail=1 warn=3
2026-02-06T18:24:50.281822+00:00,FAIL,1,3,fail=1 warn=3
2026-02-06T18:43:41.731013+00:00,WARN,0,3,fail=0 warn=3
2026-02-06T18:43:42.823543+00:00,WARN,0,3,fail=0 warn=3
2026-02-06T18:45:24.731797+00:00,FAIL,1,3,fail=1 warn=3
2026-02-06T18:46:57.777532+00:00,FAIL,1,3,fail=1 warn=3
2026-02-06T18:48:31.103585+00:00,FAIL,1,3,fail=1 warn=3
2026-02-06T18:50:01.334693+00:00,FAIL,1,3,fail=1 warn=3
2026-02-06T18:51:34.054528+00:00,FAIL,1,3,fail=1 warn=3
2026-02-06T18:53:04.450911+00:00,FAIL,1,3,fail=1 warn=3
2026-02-06T18:54:39.182993+00:00,FAIL,1,3,fail=1 warn=3
2026-02-06T18:56:11.293145+00:00,FAIL,1,3,fail=1 warn=3
2026-02-06T18:57:43.107900+00:00,FAIL,1,3,fail=1 warn=3
2026-02-06T18:59:18.712952+00:00,FAIL,1,3,fail=1 warn=3
2026-02-06T19:00:49.004409+00:00,FAIL,1,3,fail=1 warn=3
2026-02-06T19:02:22.570245+00:00,FAIL,1,3,fail=1 warn=3
2026-02-06T19:03:54.363472+00:00,FAIL,1,3,fail=1 warn=3
2026-02-06T19:05:26.855797+00:00,FAIL,1,3,fail=1 warn=3
2026-02-06T19:06:57.509455+00:00,FAIL,1,3,fail=1 warn=3
2026-02-06T19:08:28.379086+00:00,FAIL,1,3,fail=1 warn=3
2026-02-06T19:10:02.100639+00:00,FAIL,1,3,fail=1 warn=3
2026-02-06T19:11:32.032284+00:00,FAIL,1,3,fail=1 warn=3
2026-02-06T19:13:02.771772+00:00,FAIL,1,3,fail=1 warn=3
2026-02-06T19:14:33.290242+00:00,FAIL,1,3,fail=1 warn=3
2026-02-06T19:16:01.989479+00:00,FAIL,1,3,fail=1 warn=3
2026-02-06T19:17:34.498634+00:00,FAIL,1,3,fail=1 warn=3
2026-02-06T19:19:04.229243+00:00,FAIL,1,3,fail=1 warn=3
2026-02-06T19:20:34.271025+00:00,FAIL,1,3,fail=1 warn=3
2026-02-06T19:22:04.932505+00:00,FAIL,1,3,fail=1 warn=3
2026-02-06T19:23:41.372583+00:00,FAIL,1,3,fail=1 warn=3
2026-02-06T19:25:16.303713+00:00,FAIL,1,3,fail=1 warn=3
2026-02-06T19:26:46.673046+00:00,FAIL,1,3,fail=1 warn=3
2026-02-06T19:45:16.562893+00:00,WARN,0,3,fail=0 warn=3
2026-02-06T19:45:17.638008+00:00,WARN,0,3,fail=0 warn=3
2026-02-06T19:47:34.749935+00:00,FAIL,1,3,fail=1 warn=3
2026-02-06T19:49:08.276680+00:00,FAIL,1,3,fail=1 warn=3
2026-02-06T19:50:36.768737+00:00,FAIL,1,3,fail=1 warn=3
2026-02-06T19:52:05.972125+00:00,FAIL,1,3,fail=1 warn=3
2026-02-06T19:53:35.005813+00:00,FAIL,1,3,fail=1 warn=3
2026-02-06T19:55:04.699400+00:00,FAIL,1,3,fail=1 warn=3
2026-02-06T19:56:33.829475+00:00,FAIL,1,3,fail=1 warn=3
2026-02-06T19:58:05.529954+00:00,FAIL,1,3,fail=1 warn=3
2026-02-06T19:59:35.590252+00:00,FAIL,1,3,fail=1 warn=3
2026-02-06T20:01:04.769143+00:00,FAIL,1,3,fail=1 warn=3
2026-02-06T20:02:34.704165+00:00,FAIL,1,3,fail=1 warn=3
2026-02-06T20:04:03.552027+00:00,FAIL,1,3,fail=1 warn=3
2026-02-06T20:05:32.112190+00:00,FAIL,1,3,fail=1 warn=3
2026-02-06T20:07:01.197273+00:00,FAIL,1,3,fail=1 warn=3
2026-02-06T20:08:34.373596+00:00,FAIL,1,3,fail=1 warn=3
2026-02-06T20:10:05.682840+00:00,FAIL,1,3,fail=1 warn=3
2026-02-06T20:11:35.333231+00:00,FAIL,1,3,fail=1 warn=3
2026-02-06T20:13:13.744694+00:00,FAIL,1,3,fail=1 warn=3
2026-02-06T20:14:43.524940+00:00,FAIL,1,3,fail=1 warn=3
2026-02-06T20:16:11.826845+00:00,FAIL,1,3,fail=1 warn=3
2026-02-06T20:17:42.524310+00:00,FAIL,1,3,fail=1 warn=3
2026-02-06T20:19:11.852134+00:00,FAIL,1,3,fail=1 warn=3
2026-02-06T20:20:43.058484+00:00,FAIL,1,3,fail=1 warn=3
2026-02-06T20:22:12.882841+00:00,FAIL,1,3,fail=1 warn=3
2026-02-06T20:23:43.319895+00:00,FAIL,1,3,fail=1 warn=3
2026-02-06T20:25:13.291854+00:00,FAIL,1,3,fail=1 warn=3
2026-02-06T20:26:44.824773+00:00,FAIL,1,3,fail=1 warn=3
2026-02-06T20:28:14.127745+00:00,FAIL,1,3,fail=1 warn=3
2026-02-06T20:29:41.824380+00:00,FAIL,1,3,fail=1 warn=3
2026-02-06T20:48:10.970888+00:00,FAIL,1,3,fail=1 warn=3
2026-02-06T20:48:12.076665+00:00,FAIL,1,3,fail=1 warn=3
2026-02-06T20:49:50.308232+00:00,FAIL,1,3,fail=1 warn=3
2026-02-06T20:51:22.955481+00:00,FAIL,1,3,fail=1 warn=3
2026-02-06T20:52:55.719060+00:00,FAIL,1,3,fail=1 warn=3
2026-02-06T20:54:28.156331+00:00,FAIL,1,3,fail=1 warn=3
2026-02-06T20:56:01.938995+00:00,FAIL,1,3,fail=1 warn=3
2026-02-06T20:57:33.747950+00:00,FAIL,1,3,fail=1 warn=3
2026-02-06T20:59:07.286970+00:00,FAIL,1,3,fail=1 warn=3
2026-02-06T21:00:50.287002+00:00,FAIL,1,3,fail=1 warn=3
2026-02-06T21:02:27.909040+00:00,FAIL,1,3,fail=1 warn=3
2026-02-06T21:04:03.848152+00:00,FAIL,1,3,fail=1 warn=3
2026-02-06T21:05:40.357266+00:00,FAIL,1,3,fail=1 warn=3
2026-02-06T21:07:14.009805+00:00,FAIL,1,3,fail=1 warn=3
2026-02-06T21:08:50.563206+00:00,FAIL,1,3,fail=1 warn=3
2026-02-06T21:10:22.658023+00:00,FAIL,1,3,fail=1 warn=3
2026-02-06T21:11:52.716113+00:00,FAIL,1,3,fail=1 warn=3
2026-02-06T21:13:27.074040+00:00,FAIL,1,3,fail=1 warn=3
2026-02-06T21:15:00.845253+00:00,FAIL,1,3,fail=1 warn=3
2026-02-06T21:16:35.758977+00:00,FAIL,1,3,fail=1 warn=3
2026-02-06T21:18:11.200432+00:00,FAIL,1,3,fail=1 warn=3
2026-02-06T21:19:42.301260+00:00,FAIL,1,3,fail=1 warn=3
2026-02-06T21:21:14.392042+00:00,FAIL,1,3,fail=1 warn=3
2026-02-06T21:22:47.204098+00:00,FAIL,1,3,fail=1 warn=3
2026-02-06T21:24:19.842855+00:00,FAIL,1,3,fail=1 warn=3
2026-02-06T21:25:51.861834+00:00,FAIL,1,3,fail=1 warn=3
2026-02-06T21:27:24.327379+00:00,FAIL,1,3,fail=1 warn=3
2026-02-06T21:28:59.185540+00:00,FAIL,1,3,fail=1 warn=3
2026-02-06T21:30:36.466596+00:00,FAIL,1,3,fail=1 warn=3
2026-02-06T21:32:10.990546+00:00,FAIL,1,3,fail=1 warn=3
2026-02-06T21:50:39.935313+00:00,WARN,0,3,fail=0 warn=3
2026-02-06T21:50:41.038029+00:00,WARN,0,3,fail=0 warn=3
2026-02-06T21:52:18.607673+00:00,WARN,0,3,fail=0 warn=3
2026-02-06T21:53:53.868420+00:00,WARN,0,3,fail=0 warn=3
2026-02-06T21:55:29.711942+00:00,WARN,0,3,fail=0 warn=3
2026-02-06T21:57:05.026039+00:00,WARN,0,3,fail=0 warn=3
2026-02-06T21:58:41.872610+00:00,WARN,0,3,fail=0 warn=3
2026-02-06T22:00:16.831127+00:00,WARN,0,3,fail=0 warn=3
2026-02-06T22:01:51.991450+00:00,WARN,0,3,fail=0 warn=3
2026-02-06T22:03:26.921129+00:00,WARN,0,3,fail=0 warn=3
2026-02-06T22:05:04.270314+00:00,WARN,0,3,fail=0 warn=3
2026-02-06T22:06:37.578238+00:00,WARN,0,2,fail=0 warn=2
2026-02-06T22:08:11.800024+00:00,WARN,0,2,fail=0 warn=2
2026-02-06T22:09:46.345280+00:00,WARN,0,2,fail=0 warn=2
2026-02-06T22:11:20.032683+00:00,WARN,0,2,fail=0 warn=2
2026-02-06T22:12:54.460352+00:00,WARN,0,2,fail=0 warn=2
2026-02-06T22:14:29.630651+00:00,WARN,0,2,fail=0 warn=2
2026-02-06T22:16:03.639662+00:00,WARN,0,2,fail=0 warn=2
2026-02-06T22:17:38.427642+00:00,WARN,0,2,fail=0 warn=2
2026-02-06T22:19:19.109031+00:00,FAIL,1,2,fail=1 warn=2
2026-02-06T22:20:52.527611+00:00,FAIL,1,3,fail=1 warn=3
2026-02-06T22:22:23.393254+00:00,FAIL,1,3,fail=1 warn=3
2026-02-06T22:23:53.548471+00:00,FAIL,1,3,fail=1 warn=3
2026-02-06T22:25:27.787890+00:00,FAIL,1,3,fail=1 warn=3
2026-02-06T22:26:56.733929+00:00,FAIL,1,3,fail=1 warn=3
2026-02-06T22:28:26.154781+00:00,FAIL,1,3,fail=1 warn=3
2026-02-06T22:29:55.498656+00:00,FAIL,1,3,fail=1 warn=3
2026-02-06T22:31:24.663433+00:00,FAIL,1,3,fail=1 warn=3
2026-02-06T22:32:53.572674+00:00,FAIL,1,3,fail=1 warn=3
2026-02-06T22:34:25.586913+00:00,FAIL,1,3,fail=1 warn=3
2026-02-06T22:52:55.916297+00:00,WARN,0,3,fail=0 warn=3
2026-02-06T22:52:56.993927+00:00,WARN,0,3,fail=0 warn=3
2026-02-06T22:54:41.832442+00:00,WARN,0,3,fail=0 warn=3
2026-02-06T22:56:16.303183+00:00,WARN,0,3,fail=0 warn=3
2026-02-06T22:57:49.843562+00:00,WARN,0,3,fail=0 warn=3
2026-02-06T22:59:24.954841+00:00,WARN,0,3,fail=0 warn=3
2026-02-06T23:01:00.600815+00:00,WARN,0,3,fail=0 warn=3
2026-02-06T23:02:35.245222+00:00,WARN,0,3,fail=0 warn=3
2026-02-06T23:04:13.191953+00:00,FAIL,1,3,fail=1 warn=3
2026-02-06T23:05:41.655385+00:00,FAIL,1,3,fail=1 warn=3
2026-02-06T23:07:09.958131+00:00,FAIL,1,3,fail=1 warn=3
2026-02-06T23:08:42.141849+00:00,FAIL,1,3,fail=1 warn=3
2026-02-06T23:10:10.446929+00:00,FAIL,1,3,fail=1 warn=3
2026-02-06T23:11:39.275700+00:00,FAIL,1,3,fail=1 warn=3
2026-02-06T23:13:07.991854+00:00,FAIL,1,3,fail=1 warn=3
2026-02-06T23:14:36.620055+00:00,FAIL,1,3,fail=1 warn=3
2026-02-06T23:16:05.405796+00:00,FAIL,1,3,fail=1 warn=3
2026-02-06T23:17:34.960635+00:00,FAIL,1,3,fail=1 warn=3
2026-02-06T23:19:04.050434+00:00,FAIL,1,3,fail=1 warn=3
2026-02-06T23:20:32.257734+00:00,FAIL,1,3,fail=1 warn=3
2026-02-06T23:22:01.246185+00:00,FAIL,1,3,fail=1 warn=3
2026-02-06T23:23:32.069720+00:00,FAIL,1,3,fail=1 warn=3
2026-02-06T23:25:04.119398+00:00,FAIL,1,3,fail=1 warn=3
2026-02-06T23:26:40.995511+00:00,FAIL,1,3,fail=1 warn=3
2026-02-06T23:28:10.032285+00:00,FAIL,1,3,fail=1 warn=3
2026-02-06T23:29:42.008352+00:00,FAIL,1,3,fail=1 warn=3
2026-02-06T23:31:10.651987+00:00,FAIL,1,3,fail=1 warn=3
2026-02-06T23:32:39.050516+00:00,FAIL,1,3,fail=1 warn=3
2026-02-06T23:34:07.353906+00:00,FAIL,1,3,fail=1 warn=3
2026-02-06T23:35:36.825828+00:00,FAIL,1,3,fail=1 warn=3
2026-02-06T23:37:12.499694+00:00,FAIL,1,3,fail=1 warn=3
2026-02-06T23:55:31.020882+00:00,WARN,0,3,fail=0 warn=3
2026-02-06T23:55:32.091722+00:00,WARN,0,3,fail=0 warn=3
2026-02-06T23:57:19.176339+00:00,FAIL,1,3,fail=1 warn=3
2026-02-06T23:58:49.930234+00:00,FAIL,1,3,fail=1 warn=3
2026-02-07T00:00:19.336022+00:00,FAIL,1,3,fail=1 warn=3
2026-02-07T00:01:48.358025+00:00,FAIL,1,3,fail=1 warn=3
2026-02-07T00:03:16.767671+00:00,FAIL,1,3,fail=1 warn=3
2026-02-07T00:04:58.474124+00:00,FAIL,1,3,fail=1 warn=3
2026-02-07T00:06:28.765386+00:00,FAIL,1,3,fail=1 warn=3
2026-02-07T00:07:58.445736+00:00,FAIL,1,3,fail=1 warn=3
2026-02-07T00:09:28.435937+00:00,FAIL,1,3,fail=1 warn=3
2026-02-07T00:11:03.459980+00:00,FAIL,1,3,fail=1 warn=3
2026-02-07T00:12:32.430532+00:00,FAIL,1,3,fail=1 warn=3
2026-02-07T00:14:05.693483+00:00,FAIL,1,3,fail=1 warn=3
2026-02-07T00:15:34.401223+00:00,FAIL,1,3,fail=1 warn=3
2026-02-07T00:17:05.478935+00:00,FAIL,1,3,fail=1 warn=3
2026-02-07T00:18:36.383006+00:00,FAIL,1,3,fail=1 warn=3
2026-02-07T00:20:09.054086+00:00,FAIL,1,3,fail=1 warn=3
2026-02-07T00:21:39.749745+00:00,FAIL,1,3,fail=1 warn=3
2026-02-07T00:23:08.868911+00:00,FAIL,1,3,fail=1 warn=3
2026-02-07T00:25:25.322876+00:00,WARN,0,3,fail=0 warn=3
2026-02-07T00:27:44.659222+00:00,WARN,0,4,fail=0 warn=4
2026-02-07T00:29:19.689584+00:00,WARN,0,4,fail=0 warn=4
2026-02-07T00:31:02.562270+00:00,WARN,0,4,fail=0 warn=4
2026-02-07T00:32:36.168663+00:00,WARN,0,4,fail=0 warn=4
2026-02-07T00:34:10.683713+00:00,WARN,0,4,fail=0 warn=4
2026-02-07T00:35:46.350658+00:00,WARN,0,4,fail=0 warn=4
2026-02-07T00:37:22.196191+00:00,WARN,0,4,fail=0 warn=4
2026-02-07T00:38:56.050249+00:00,WARN,0,4,fail=0 warn=4
2026-02-07T00:57:10.920591+00:00,WARN,0,3,fail=0 warn=3
2026-02-07T00:57:12.007639+00:00,WARN,0,3,fail=0 warn=3
2026-02-07T00:59:35.596190+00:00,WARN,0,2,fail=0 warn=2
2026-02-07T01:01:59.016139+00:00,WARN,0,2,fail=0 warn=2
2026-02-07T01:03:40.833808+00:00,WARN,0,2,fail=0 warn=2
2026-02-07T01:05:19.768403+00:00,WARN,0,2,fail=0 warn=2
2026-02-07T01:06:59.193293+00:00,WARN,0,2,fail=0 warn=2
2026-02-07T01:08:40.142830+00:00,WARN,0,2,fail=0 warn=2
2026-02-07T01:10:20.227288+00:00,WARN,0,2,fail=0 warn=2
2026-02-07T01:12:00.317951+00:00,WARN,0,2,fail=0 warn=2
2026-02-07T01:13:37.863788+00:00,WARN,0,2,fail=0 warn=2
2026-02-07T01:15:14.978634+00:00,WARN,0,2,fail=0 warn=2
2026-02-07T01:16:56.424448+00:00,WARN,0,2,fail=0 warn=2
2026-02-07T01:18:33.222431+00:00,WARN,0,2,fail=0 warn=2
2026-02-07T01:20:10.509313+00:00,WARN,0,2,fail=0 warn=2
2026-02-07T01:21:47.325211+00:00,WARN,0,2,fail=0 warn=2
2026-02-07T01:23:26.898146+00:00,WARN,0,2,fail=0 warn=2
2026-02-07T01:25:04.190923+00:00,WARN,0,2,fail=0 warn=2
2026-02-07T01:26:43.733233+00:00,WARN,0,2,fail=0 warn=2
2026-02-07T01:28:22.517561+00:00,WARN,0,2,fail=0 warn=2
2026-02-07T01:30:02.130379+00:00,WARN,0,2,fail=0 warn=2
2026-02-07T01:32:19.368594+00:00,WARN,0,2,fail=0 warn=2
2026-02-07T01:37:03.028220+00:00,WARN,0,2,fail=0 warn=2
2026-02-07T01:38:42.766422+00:00,WARN,0,2,fail=0 warn=2
2026-02-07T01:40:20.738088+00:00,WARN,0,2,fail=0 warn=2
2026-02-07T01:41:59.388621+00:00,WARN,0,2,fail=0 warn=2
2026-02-07T02:00:44.213713+00:00,WARN,0,2,fail=0 warn=2
2026-02-07T02:00:45.299054+00:00,WARN,0,2,fail=0 warn=2
2026-02-07T02:02:33.686134+00:00,FAIL,1,2,fail=1 warn=2
2026-02-07T02:04:08.066683+00:00,FAIL,1,3,fail=1 warn=3
2026-02-07T02:05:41.161967+00:00,FAIL,1,3,fail=1 warn=3
2026-02-07T02:07:13.562758+00:00,FAIL,1,3,fail=1 warn=3
2026-02-07T02:08:47.846612+00:00,FAIL,1,3,fail=1 warn=3
2026-02-07T02:10:25.446009+00:00,FAIL,1,3,fail=1 warn=3
2026-02-07T02:11:57.957125+00:00,FAIL,1,3,fail=1 warn=3
2026-02-07T02:13:29.392294+00:00,FAIL,1,3,fail=1 warn=3
2026-02-07T02:15:03.545454+00:00,FAIL,1,3,fail=1 warn=3
2026-02-07T02:16:36.171946+00:00,FAIL,1,3,fail=1 warn=3
2026-02-07T02:18:08.067245+00:00,FAIL,1,3,fail=1 warn=3
2026-02-07T02:19:41.155222+00:00,FAIL,1,3,fail=1 warn=3
2026-02-07T02:21:11.948443+00:00,FAIL,1,3,fail=1 warn=3
2026-02-07T02:22:42.730247+00:00,FAIL,1,3,fail=1 warn=3
2026-02-07T02:24:16.162045+00:00,FAIL,1,3,fail=1 warn=3
2026-02-07T02:25:47.409719+00:00,FAIL,1,3,fail=1 warn=3
2026-02-07T02:27:18.878193+00:00,FAIL,1,3,fail=1 warn=3
2026-02-07T02:28:47.632460+00:00,FAIL,1,3,fail=1 warn=3
2026-02-07T02:30:21.324131+00:00,FAIL,1,4,fail=1 warn=4
2026-02-07T02:31:53.880573+00:00,FAIL,1,4,fail=1 warn=4
2026-02-07T02:33:27.079146+00:00,FAIL,1,4,fail=1 warn=4
2026-02-07T02:34:58.050195+00:00,FAIL,1,4,fail=1 warn=4
2026-02-07T02:36:29.196134+00:00,FAIL,1,4,fail=1 warn=4
2026-02-07T02:38:02.444918+00:00,FAIL,1,4,fail=1 warn=4
2026-02-07T02:39:37.430305+00:00,FAIL,1,4,fail=1 warn=4
2026-02-07T02:41:09.905367+00:00,FAIL,1,4,fail=1 warn=4
2026-02-07T02:42:41.934437+00:00,FAIL,1,4,fail=1 warn=4
2026-02-07T02:44:15.418445+00:00,FAIL,1,4,fail=1 warn=4
2026-02-07T03:03:07.194704+00:00,WARN,0,3,fail=0 warn=3
2026-02-07T03:03:08.301372+00:00,WARN,0,3,fail=0 warn=3
2026-02-07T03:04:46.887347+00:00,WARN,0,3,fail=0 warn=3
2026-02-07T03:06:23.189249+00:00,WARN,0,3,fail=0 warn=3
2026-02-07T03:08:02.707705+00:00,WARN,0,3,fail=0 warn=3
2026-02-07T03:09:40.812096+00:00,WARN,0,3,fail=0 warn=3
2026-02-07T03:11:18.624448+00:00,WARN,0,3,fail=0 warn=3
2026-02-07T03:12:56.392577+00:00,WARN,0,3,fail=0 warn=3
2026-02-07T03:14:41.053852+00:00,WARN,0,3,fail=0 warn=3
2026-02-07T03:16:20.922851+00:00,WARN,0,3,fail=0 warn=3
2026-02-07T03:17:58.476409+00:00,WARN,0,3,fail=0 warn=3
2026-02-07T03:19:36.266736+00:00,WARN,0,2,fail=0 warn=2
2026-02-07T03:21:13.151194+00:00,WARN,0,2,fail=0 warn=2
2026-02-07T03:23:34.546308+00:00,WARN,0,2,fail=0 warn=2
2026-02-07T03:25:51.452351+00:00,WARN,0,2,fail=0 warn=2
2026-02-07T03:27:29.029430+00:00,WARN,0,2,fail=0 warn=2
2026-02-07T03:29:06.107759+00:00,WARN,0,2,fail=0 warn=2
2026-02-07T03:30:47.355037+00:00,WARN,0,2,fail=0 warn=2
2026-02-07T03:32:24.766426+00:00,WARN,0,2,fail=0 warn=2
2026-02-07T03:34:01.732691+00:00,WARN,0,2,fail=0 warn=2
2026-02-07T03:35:37.619144+00:00,WARN,0,2,fail=0 warn=2
2026-02-07T03:37:18.875893+00:00,WARN,0,2,fail=0 warn=2
2026-02-07T03:38:57.801570+00:00,WARN,0,2,fail=0 warn=2
2026-02-07T03:40:36.675235+00:00,WARN,0,2,fail=0 warn=2
2026-02-07T03:42:14.453282+00:00,WARN,0,2,fail=0 warn=2
2026-02-07T03:43:52.910405+00:00,WARN,0,2,fail=0 warn=2
2026-02-07T03:45:36.292788+00:00,WARN,0,2,fail=0 warn=2
2026-02-07T03:47:14.543883+00:00,WARN,0,2,fail=0 warn=2
2026-02-07T04:05:34.814460+00:00,WARN,0,2,fail=0 warn=2
2026-02-07T04:05:35.940485+00:00,WARN,0,2,fail=0 warn=2
2026-02-07T04:07:17.476258+00:00,WARN,0,2,fail=0 warn=2
2026-02-07T04:08:55.305269+00:00,WARN,0,2,fail=0 warn=2
2026-02-07T04:10:33.864263+00:00,WARN,0,2,fail=0 warn=2
2026-02-07T04:12:11.614867+00:00,WARN,0,2,fail=0 warn=2
2026-02-07T04:13:52.735535+00:00,WARN,0,2,fail=0 warn=2
2026-02-07T04:15:31.176699+00:00,WARN,0,2,fail=0 warn=2
2026-02-07T04:17:10.530138+00:00,WARN,0,2,fail=0 warn=2
2026-02-07T04:18:51.745040+00:00,WARN,0,2,fail=0 warn=2
2026-02-07T04:20:31.193640+00:00,WARN,0,2,fail=0 warn=2
2026-02-07T04:22:08.546620+00:00,WARN,0,2,fail=0 warn=2
2026-02-07T04:23:49.001281+00:00,WARN,0,2,fail=0 warn=2
2026-02-07T04:25:26.987777+00:00,WARN,0,2,fail=0 warn=2
2026-02-07T04:27:05.871470+00:00,WARN,0,2,fail=0 warn=2
2026-02-07T04:28:44.855858+00:00,WARN,0,2,fail=0 warn=2
2026-02-07T04:30:22.747106+00:00,WARN,0,2,fail=0 warn=2
2026-02-07T04:31:59.164812+00:00,WARN,0,2,fail=0 warn=2
2026-02-07T04:33:36.634756+00:00,WARN,0,2,fail=0 warn=2
2026-02-07T04:35:17.889170+00:00,WARN,0,2,fail=0 warn=2
2026-02-07T04:36:57.569866+00:00,WARN,0,2,fail=0 warn=2
2026-02-07T04:38:36.683481+00:00,WARN,0,2,fail=0 warn=2
2026-02-07T04:40:16.801740+00:00,WARN,0,2,fail=0 warn=2
2026-02-07T04:41:54.325948+00:00,WARN,0,2,fail=0 warn=2
2026-02-07T04:43:30.917222+00:00,WARN,0,2,fail=0 warn=2
2026-02-07T04:45:08.079901+00:00,WARN,0,2,fail=0 warn=2
2026-02-07T04:46:45.318112+00:00,WARN,0,2,fail=0 warn=2
2026-02-07T04:48:20.930791+00:00,WARN,0,2,fail=0 warn=2
2026-02-07T04:49:58.725119+00:00,WARN,0,2,fail=0 warn=2
2026-02-07T05:08:19.397953+00:00,WARN,0,2,fail=0 warn=2
2026-02-07T05:08:20.488639+00:00,WARN,0,2,fail=0 warn=2
2026-02-07T05:10:03.168092+00:00,WARN,0,2,fail=0 warn=2
2026-02-07T05:11:38.502765+00:00,WARN,0,2,fail=0 warn=2
2026-02-07T05:13:16.860840+00:00,WARN,0,2,fail=0 warn=2
2026-02-07T05:14:53.388955+00:00,WARN,0,2,fail=0 warn=2
2026-02-07T05:16:29.334673+00:00,WARN,0,2,fail=0 warn=2
2026-02-07T05:18:03.646830+00:00,WARN,0,2,fail=0 warn=2
2026-02-07T05:19:37.203206+00:00,WARN,0,2,fail=0 warn=2
2026-02-07T05:21:12.209164+00:00,WARN,0,2,fail=0 warn=2
2026-02-07T05:22:46.775269+00:00,WARN,0,2,fail=0 warn=2
2026-02-07T05:24:21.962182+00:00,WARN,0,2,fail=0 warn=2
2026-02-07T05:26:02.899931+00:00,WARN,0,2,fail=0 warn=2
2026-02-07T05:27:38.518230+00:00,WARN,0,2,fail=0 warn=2
2026-02-07T05:29:15.569948+00:00,WARN,0,2,fail=0 warn=2
2026-02-07T05:30:51.400919+00:00,WARN,0,2,fail=0 warn=2
2026-02-07T05:32:28.306490+00:00,WARN,0,2,fail=0 warn=2
2026-02-07T05:34:02.783801+00:00,WARN,0,2,fail=0 warn=2
2026-02-07T05:35:37.495837+00:00,WARN,0,2,fail=0 warn=2
2026-02-07T05:37:11.613709+00:00,WARN,0,2,fail=0 warn=2
2026-02-07T05:38:47.352408+00:00,WARN,0,2,fail=0 warn=2
2026-02-07T05:40:28.758908+00:00,WARN,0,2,fail=0 warn=2
2026-02-07T05:42:10.573040+00:00,WARN,0,2,fail=0 warn=2
2026-02-07T05:43:46.349657+00:00,WARN,0,2,fail=0 warn=2
2026-02-07T05:45:21.965212+00:00,WARN,0,2,fail=0 warn=2
2026-02-07T05:46:58.292545+00:00,WARN,0,2,fail=0 warn=2
2026-02-07T05:48:35.242153+00:00,WARN,0,2,fail=0 warn=2
2026-02-07T05:50:11.495999+00:00,WARN,0,2,fail=0 warn=2
2026-02-07T05:51:51.139378+00:00,WARN,0,2,fail=0 warn=2
2026-02-07T06:10:30.328572+00:00,WARN,0,2,fail=0 warn=2
2026-02-07T06:10:31.421039+00:00,WARN,0,2,fail=0 warn=2
2026-02-07T06:12:12.970880+00:00,WARN,0,2,fail=0 warn=2
2026-02-07T06:13:54.278275+00:00,WARN,0,2,fail=0 warn=2
2026-02-07T06:15:38.774895+00:00,WARN,0,2,fail=0 warn=2
2026-02-07T06:17:18.185702+00:00,WARN,0,2,fail=0 warn=2
2026-02-07T06:18:55.202078+00:00,WARN,0,2,fail=0 warn=2
2026-02-07T06:20:33.772579+00:00,WARN,0,2,fail=0 warn=2
2026-02-07T06:22:10.636670+00:00,WARN,0,2,fail=0 warn=2
2026-02-07T06:23:47.250977+00:00,WARN,0,2,fail=0 warn=2
2026-02-07T06:25:24.067945+00:00,WARN,0,2,fail=0 warn=2
2026-02-07T06:27:02.296938+00:00,WARN,0,2,fail=0 warn=2
2026-02-07T06:28:39.456196+00:00,WARN,0,2,fail=0 warn=2
2026-02-07T06:30:17.479885+00:00,WARN,0,2,fail=0 warn=2
2026-02-07T06:31:55.794473+00:00,WARN,0,2,fail=0 warn=2
2026-02-07T06:33:35.643993+00:00,FAIL,1,3,fail=1 warn=3
2026-02-07T06:35:08.471505+00:00,FAIL,1,4,fail=1 warn=4
2026-02-07T06:36:38.446086+00:00,FAIL,1,4,fail=1 warn=4
2026-02-07T06:38:09.688275+00:00,FAIL,1,4,fail=1 warn=4
2026-02-07T06:39:40.190491+00:00,FAIL,1,4,fail=1 warn=4
2026-02-07T06:41:58.250017+00:00,WARN,0,3,fail=0 warn=3
2026-02-07T06:44:19.382167+00:00,WARN,0,4,fail=0 warn=4
2026-02-07T06:45:57.908615+00:00,WARN,0,4,fail=0 warn=4
2026-02-07T06:47:32.158462+00:00,WARN,0,4,fail=0 warn=4
2026-02-07T06:49:07.747760+00:00,WARN,0,4,fail=0 warn=4
2026-02-07T06:50:43.169987+00:00,WARN,0,4,fail=0 warn=4
2026-02-07T06:52:17.271735+00:00,WARN,0,4,fail=0 warn=4
2026-02-07T06:53:51.480008+00:00,WARN,0,4,fail=0 warn=4
2026-02-07T07:11:55.295016+00:00,WARN,0,4,fail=0 warn=4
2026-02-07T07:11:56.365152+00:00,WARN,0,4,fail=0 warn=4
2026-02-07T07:13:36.410670+00:00,WARN,0,4,fail=0 warn=4
2026-02-07T07:15:14.770569+00:00,WARN,0,3,fail=0 warn=3
2026-02-07T07:15:18.385927+00:00,WARN,0,2,fail=0 warn=2
2026-02-07T07:16:54.793246+00:00,WARN,0,2,fail=0 warn=2
2026-02-07T07:18:31.255756+00:00,WARN,0,2,fail=0 warn=2
2026-02-07T07:20:13.974355+00:00,WARN,0,2,fail=0 warn=2
2026-02-07T07:21:51.620124+00:00,WARN,0,2,fail=0 warn=2
2026-02-07T07:23:30.766308+00:00,WARN,0,2,fail=0 warn=2
2026-02-07T07:25:07.199447+00:00,WARN,0,2,fail=0 warn=2
2026-02-07T07:26:43.207746+00:00,WARN,0,2,fail=0 warn=2
2026-02-07T07:28:20.198942+00:00,WARN,0,2,fail=0 warn=2
2026-02-07T07:29:58.196720+00:00,WARN,0,2,fail=0 warn=2
2026-02-07T07:31:33.770531+00:00,WARN,0,2,fail=0 warn=2
2026-02-07T07:33:08.399139+00:00,WARN,0,2,fail=0 warn=2
2026-02-07T07:34:50.245136+00:00,WARN,0,2,fail=0 warn=2
2026-02-07T07:36:27.282654+00:00,WARN,0,2,fail=0 warn=2
2026-02-07T07:38:03.403672+00:00,WARN,0,2,fail=0 warn=2
2026-02-07T07:39:40.387753+00:00,WARN,0,2,fail=0 warn=2
2026-02-07T07:41:18.698647+00:00,WARN,0,2,fail=0 warn=2
2026-02-07T07:42:54.079007+00:00,WARN,0,2,fail=0 warn=2
2026-02-07T07:44:33.364114+00:00,WARN,0,2,fail=0 warn=2
2026-02-07T07:46:10.573140+00:00,WARN,0,2,fail=0 warn=2
2026-02-07T07:47:48.093430+00:00,WARN,0,2,fail=0 warn=2
2026-02-07T07:49:25.772134+00:00,WARN,0,2,fail=0 warn=2
2026-02-07T07:51:07.107875+00:00,WARN,0,2,fail=0 warn=2
2026-02-07T07:52:44.604837+00:00,WARN,0,2,fail=0 warn=2
2026-02-07T07:54:21.703523+00:00,WARN,0,2,fail=0 warn=2
2026-02-07T07:55:59.455584+00:00,WARN,0,2,fail=0 warn=2
2026-02-07T08:14:42.806688+00:00,WARN,0,2,fail=0 warn=2
2026-02-07T08:14:43.916322+00:00,WARN,0,2,fail=0 warn=2
2026-02-07T08:16:24.236450+00:00,WARN,0,2,fail=0 warn=2
2026-02-07T08:18:00.724958+00:00,WARN,0,2,fail=0 warn=2
2026-02-07T08:19:39.283465+00:00,WARN,0,2,fail=0 warn=2
2026-02-07T08:21:15.164688+00:00,WARN,0,2,fail=0 warn=2
2026-02-07T08:22:53.215650+00:00,WARN,0,2,fail=0 warn=2
2026-02-07T08:24:30.232123+00:00,WARN,0,2,fail=0 warn=2
2026-02-07T08:26:10.529969+00:00,WARN,0,2,fail=0 warn=2
2026-02-07T08:27:47.251639+00:00,WARN,0,2,fail=0 warn=2
2026-02-07T08:29:24.262213+00:00,WARN,0,2,fail=0 warn=2
2026-02-07T08:31:01.359859+00:00,WARN,0,2,fail=0 warn=2
2026-02-07T08:32:40.388674+00:00,WARN,0,2,fail=0 warn=2
2026-02-07T08:34:30.201683+00:00,WARN,0,2,fail=0 warn=2
2026-02-07T08:36:45.984947+00:00,WARN,0,2,fail=0 warn=2
2026-02-07T08:38:21.957295+00:00,WARN,0,2,fail=0 warn=2
2026-02-07T08:39:58.523861+00:00,WARN,0,2,fail=0 warn=2
2026-02-07T08:41:37.338001+00:00,WARN,0,2,fail=0 warn=2
2026-02-07T08:43:14.019378+00:00,WARN,0,2,fail=0 warn=2
2026-02-07T08:44:50.312154+00:00,WARN,0,2,fail=0 warn=2
2026-02-07T08:46:26.260332+00:00,WARN,0,2,fail=0 warn=2
2026-02-07T08:48:08.201147+00:00,FAIL,1,3,fail=1 warn=3
2026-02-07T08:49:39.775880+00:00,FAIL,1,4,fail=1 warn=4
2026-02-07T08:51:09.614241+00:00,FAIL,1,4,fail=1 warn=4
2026-02-07T08:52:39.408110+00:00,FAIL,1,4,fail=1 warn=4
2026-02-07T08:54:07.563687+00:00,FAIL,1,4,fail=1 warn=4
2026-02-07T08:55:41.067917+00:00,FAIL,1,4,fail=1 warn=4
2026-02-07T08:57:09.544519+00:00,FAIL,1,4,fail=1 warn=4
2026-02-07T08:58:40.381939+00:00,FAIL,1,4,fail=1 warn=4
2026-02-07T09:17:14.748501+00:00,WARN,0,3,fail=0 warn=3
2026-02-07T09:17:15.829835+00:00,WARN,0,3,fail=0 warn=3
2026-02-07T09:18:59.084072+00:00,FAIL,1,3,fail=1 warn=3
2026-02-07T09:20:29.584133+00:00,FAIL,1,3,fail=1 warn=3
2026-02-07T09:21:58.381029+00:00,FAIL,1,3,fail=1 warn=3
2026-02-07T09:23:31.502781+00:00,FAIL,1,3,fail=1 warn=3
2026-02-07T09:25:01.153362+00:00,FAIL,1,3,fail=1 warn=3
2026-02-07T09:26:31.212650+00:00,FAIL,1,3,fail=1 warn=3
2026-02-07T09:31:01.365714+00:00,WARN,0,3,fail=0 warn=3
2026-02-07T09:33:25.003674+00:00,WARN,0,4,fail=0 warn=4
2026-02-07T09:35:00.311541+00:00,WARN,0,4,fail=0 warn=4
2026-02-07T09:36:35.635458+00:00,WARN,0,4,fail=0 warn=4
2026-02-07T09:38:11.876613+00:00,WARN,0,4,fail=0 warn=4
2026-02-07T09:39:48.799533+00:00,WARN,0,4,fail=0 warn=4
2026-02-07T09:41:23.668759+00:00,WARN,0,4,fail=0 warn=4
2026-02-07T09:42:59.571867+00:00,WARN,0,4,fail=0 warn=4
2026-02-07T09:44:34.640761+00:00,WARN,0,4,fail=0 warn=4
2026-02-07T09:46:12.011228+00:00,WARN,0,4,fail=0 warn=4
2026-02-07T09:47:51.053997+00:00,WARN,0,3,fail=0 warn=3
2026-02-07T09:49:31.395293+00:00,FAIL,1,3,fail=1 warn=3
2026-02-07T09:50:59.925914+00:00,FAIL,1,4,fail=1 warn=4
2026-02-07T09:52:28.138102+00:00,FAIL,1,4,fail=1 warn=4
2026-02-07T09:53:57.291647+00:00,FAIL,1,4,fail=1 warn=4
2026-02-07T09:55:25.771554+00:00,FAIL,1,4,fail=1 warn=4
2026-02-07T09:56:54.659342+00:00,FAIL,1,4,fail=1 warn=4
2026-02-07T09:58:26.547766+00:00,FAIL,1,4,fail=1 warn=4
2026-02-07T09:59:53.172794+00:00,FAIL,1,4,fail=1 warn=4
2026-02-07T10:01:26.758613+00:00,FAIL,1,4,fail=1 warn=4
2026-02-07T10:20:09.359127+00:00,FAIL,1,3,fail=1 warn=3
2026-02-07T10:20:10.435610+00:00,FAIL,1,3,fail=1 warn=3
2026-02-07T10:22:24.243465+00:00,FAIL,1,3,fail=1 warn=3
2026-02-07T10:23:53.879590+00:00,FAIL,1,3,fail=1 warn=3
2026-02-07T10:25:24.942085+00:00,FAIL,1,3,fail=1 warn=3
2026-02-07T10:26:57.492233+00:00,FAIL,1,3,fail=1 warn=3
2026-02-07T10:28:28.137487+00:00,FAIL,1,3,fail=1 warn=3
2026-02-07T10:29:59.808034+00:00,FAIL,1,3,fail=1 warn=3
2026-02-07T10:31:34.218607+00:00,FAIL,1,3,fail=1 warn=3
2026-02-07T10:33:04.644374+00:00,FAIL,1,3,fail=1 warn=3
2026-02-07T10:34:38.957040+00:00,FAIL,1,3,fail=1 warn=3
2026-02-07T10:36:13.699427+00:00,FAIL,1,3,fail=1 warn=3
2026-02-07T10:37:43.281320+00:00,FAIL,1,3,fail=1 warn=3
2026-02-07T10:39:14.244645+00:00,FAIL,1,3,fail=1 warn=3
2026-02-07T10:40:46.749211+00:00,FAIL,1,3,fail=1 warn=3
2026-02-07T10:42:18.283843+00:00,FAIL,1,3,fail=1 warn=3
2026-02-07T10:43:48.715292+00:00,FAIL,1,3,fail=1 warn=3
2026-02-07T10:45:20.746290+00:00,FAIL,1,3,fail=1 warn=3
2026-02-07T10:46:52.655548+00:00,FAIL,1,3,fail=1 warn=3
2026-02-07T10:48:21.650231+00:00,FAIL,1,3,fail=1 warn=3
2026-02-07T10:49:56.704335+00:00,FAIL,1,3,fail=1 warn=3
2026-02-07T10:51:28.145409+00:00,FAIL,1,3,fail=1 warn=3
2026-02-07T10:52:58.864041+00:00,FAIL,1,3,fail=1 warn=3
2026-02-07T10:54:28.312980+00:00,FAIL,1,3,fail=1 warn=3
2026-02-07T10:56:01.082058+00:00,FAIL,1,3,fail=1 warn=3
2026-02-07T10:56:44.299122+00:00,FAIL,2,3,fail=2 warn=3
2026-02-07T10:57:31.143808+00:00,FAIL,2,4,fail=2 warn=4
2026-02-07T10:59:04.935358+00:00,FAIL,2,4,fail=2 warn=4
2026-02-07T11:00:35.807825+00:00,FAIL,2,4,fail=2 warn=4
2026-02-07T11:02:14.577743+00:00,FAIL,2,4,fail=2 warn=4
2026-02-07T11:04:00.294255+00:00,FAIL,2,4,fail=2 warn=4
2026-02-07T11:06:47.039312+00:00,FAIL,2,3,fail=2 warn=3
2026-02-07T11:08:17.754938+00:00,FAIL,1,3,fail=1 warn=3
2026-02-07T11:18:10.000386+00:00,WARN,0,3,fail=0 warn=3
2026-02-07T11:23:38.630847+00:00,WARN,0,3,fail=0 warn=3
2026-02-07T11:23:39.830350+00:00,WARN,0,3,fail=0 warn=3
2026-02-07T11:25:07.076632+00:00,FAIL,1,1,fail=1 warn=1
2026-02-07T11:26:13.014283+00:00,WARN,0,1,fail=0 warn=1
2026-02-07T11:26:59.300247+00:00,WARN,0,1,fail=0 warn=1
2026-02-07T11:28:29.510337+00:00,FAIL,1,1,fail=1 warn=1
2026-02-07T11:29:29.779806+00:00,OK,0,0,fail=0 warn=0
2026-02-07T11:29:49.788985+00:00,OK,0,0,fail=0 warn=0
2026-02-07T11:32:49.851173+00:00,OK,0,0,fail=0 warn=0
2026-02-07T11:35:59.784196+00:00,OK,0,0,fail=0 warn=0
2026-02-07T11:39:10.921381+00:00,OK,0,0,fail=0 warn=0
2026-02-07T11:42:24.731982+00:00,OK,0,0,fail=0 warn=0
2026-02-07T11:45:08.476482+00:00,WARN,0,2,fail=0 warn=2
2026-02-07T11:45:41.230886+00:00,WARN,0,2,fail=0 warn=2
2026-02-07T11:46:47.141024+00:00,OK,0,0,fail=0 warn=0
2026-02-07T11:48:58.996144+00:00,OK,0,0,fail=0 warn=0
2026-02-07T11:52:12.202131+00:00,OK,0,0,fail=0 warn=0
2026-02-07T11:52:16.058061+00:00,OK,0,0,fail=0 warn=0
2026-02-07T11:52:42.762073+00:00,OK,0,0,fail=0 warn=0
2026-02-07T11:55:29.417166+00:00,OK,0,0,fail=0 warn=0
2026-02-07T11:58:43.827821+00:00,WARN,0,5,fail=0 warn=5
2026-02-07T12:02:00.108921+00:00,WARN,0,5,fail=0 warn=5
2026-02-07T12:05:11.620577+00:00,WARN,0,5,fail=0 warn=5
2026-02-07T12:25:18.282483+00:00,WARN,0,2,fail=0 warn=2
2026-02-07T12:25:19.541154+00:00,WARN,0,2,fail=0 warn=2
2026-02-07T12:30:25.110065+00:00,WARN,0,2,fail=0 warn=2
2026-02-07T12:33:44.010059+00:00,WARN,0,2,fail=0 warn=2
2026-02-07T12:37:06.649435+00:00,WARN,0,2,fail=0 warn=2
2026-02-07T12:40:24.705319+00:00,WARN,0,2,fail=0 warn=2
2026-02-07T12:43:36.506294+00:00,WARN,0,2,fail=0 warn=2
2026-02-07T12:46:48.708202+00:00,WARN,0,2,fail=0 warn=2
2026-02-07T12:48:23.719416+00:00,WARN,0,1,fail=0 warn=1
2026-02-07T12:49:59.838918+00:00,WARN,0,1,fail=0 warn=1
2026-02-07T12:53:09.299990+00:00,WARN,0,1,fail=0 warn=1
2026-02-07T12:56:15.567996+00:00,WARN,0,1,fail=0 warn=1
2026-02-07T12:59:31.306443+00:00,OK,0,0,fail=0 warn=0
2026-02-07T12:59:31.907451+00:00,OK,0,0,fail=0 warn=0
2026-02-07T13:02:44.108436+00:00,OK,0,0,fail=0 warn=0
2026-02-07T13:05:55.301334+00:00,OK,0,0,fail=0 warn=0
2026-02-07T13:09:09.976032+00:00,OK,0,0,fail=0 warn=0
2026-02-07T13:09:26.249977+00:00,OK,0,0,fail=0 warn=0
2026-02-07T13:10:11.071950+00:00,OK,0,0,fail=0 warn=0
2026-02-07T13:29:33.793530+00:00,OK,0,0,fail=0 warn=0
2026-02-07T13:29:35.037723+00:00,OK,0,0,fail=0 warn=0
2026-02-07T13:34:05.160216+00:00,WARN,0,1,fail=0 warn=1
2026-02-07T13:37:23.926482+00:00,WARN,0,1,fail=0 warn=1
2026-02-07T13:40:39.689368+00:00,WARN,0,1,fail=0 warn=1
2026-02-07T13:43:54.777302+00:00,WARN,0,1,fail=0 warn=1
2026-02-07T13:47:14.713632+00:00,WARN,0,1,fail=0 warn=1
2026-02-07T13:50:31.051217+00:00,WARN,0,1,fail=0 warn=1
2026-02-07T13:53:47.288761+00:00,WARN,0,1,fail=0 warn=1
2026-02-07T13:57:01.350792+00:00,WARN,0,1,fail=0 warn=1
2026-02-07T14:00:14.023693+00:00,WARN,0,1,fail=0 warn=1
2026-02-07T14:03:26.334644+00:00,WARN,0,1,fail=0 warn=1
2026-02-07T14:06:36.559993+00:00,WARN,0,1,fail=0 warn=1
2026-02-07T14:09:47.274588+00:00,WARN,0,1,fail=0 warn=1
2026-02-07T14:12:58.915022+00:00,WARN,0,1,fail=0 warn=1
2026-02-07T14:33:34.763856+00:00,WARN,0,1,fail=0 warn=1
2026-02-07T14:33:35.901012+00:00,WARN,0,1,fail=0 warn=1
2026-02-07T14:38:06.394428+00:00,WARN,0,1,fail=0 warn=1
2026-02-07T14:41:15.750557+00:00,WARN,0,1,fail=0 warn=1
2026-02-07T14:44:29.018582+00:00,WARN,0,1,fail=0 warn=1
2026-02-07T14:47:42.762423+00:00,WARN,0,1,fail=0 warn=1
2026-02-07T14:50:54.257269+00:00,WARN,0,1,fail=0 warn=1
2026-02-07T14:54:12.242112+00:00,WARN,0,1,fail=0 warn=1
2026-02-07T14:57:23.782735+00:00,WARN,0,1,fail=0 warn=1
2026-02-07T15:00:42.153343+00:00,WARN,0,1,fail=0 warn=1
2026-02-07T15:03:49.885847+00:00,WARN,0,1,fail=0 warn=1
2026-02-07T15:07:03.976174+00:00,WARN,0,1,fail=0 warn=1
2026-02-07T15:10:18.326713+00:00,WARN,0,1,fail=0 warn=1
2026-02-07T15:13:26.068981+00:00,WARN,0,1,fail=0 warn=1
2026-02-07T15:16:42.788145+00:00,WARN,0,1,fail=0 warn=1
2026-02-07T15:37:58.651126+00:00,WARN,0,1,fail=0 warn=1
2026-02-07T15:37:59.896173+00:00,WARN,0,1,fail=0 warn=1
2026-02-07T15:41:41.972389+00:00,WARN,0,1,fail=0 warn=1
2026-02-07T15:45:01.745885+00:00,WARN,0,1,fail=0 warn=1
2026-02-07T15:46:19.266895+00:00,WARN,0,1,fail=0 warn=1
2026-02-07T15:48:16.007949+00:00,WARN,0,1,fail=0 warn=1
2026-02-07T15:49:31.648747+00:00,WARN,0,1,fail=0 warn=1
2026-02-07T15:51:00.379483+00:00,OK,0,0,fail=0 warn=0
2026-02-07T15:51:36.212452+00:00,WARN,0,1,fail=0 warn=1
2026-02-07T15:54:51.182702+00:00,WARN,0,6,fail=0 warn=6
2026-02-07T15:58:00.747861+00:00,WARN,0,6,fail=0 warn=6
2026-02-07T16:01:21.349655+00:00,WARN,0,6,fail=0 warn=6
2026-02-07T16:02:26.589484+00:00,WARN,0,5,fail=0 warn=5
2026-02-07T16:03:30.099806+00:00,OK,0,0,fail=0 warn=0
2026-02-07T16:04:44.934288+00:00,WARN,0,1,fail=0 warn=1
2026-02-07T16:08:01.196287+00:00,WARN,0,1,fail=0 warn=1
2026-02-07T16:11:15.082066+00:00,WARN,0,3,fail=0 warn=3
2026-02-07T16:12:59.530098+00:00,FAIL,1,1,fail=1 warn=1
2026-02-07T16:13:32.973048+00:00,FAIL,1,1,fail=1 warn=1
2026-02-07T16:14:32.476463+00:00,WARN,0,2,fail=0 warn=2
2026-02-07T16:17:41.874613+00:00,WARN,0,2,fail=0 warn=2
2026-02-07T16:20:53.555494+00:00,WARN,0,1,fail=0 warn=1
2026-02-07T16:41:18.954707+00:00,WARN,0,1,fail=0 warn=1
2026-02-07T16:41:20.092347+00:00,WARN,0,1,fail=0 warn=1
2026-02-07T16:46:26.891133+00:00,WARN,0,1,fail=0 warn=1
2026-02-07T16:49:41.566084+00:00,WARN,0,1,fail=0 warn=1
2026-02-07T16:52:56.824302+00:00,WARN,0,1,fail=0 warn=1
2026-02-07T16:56:08.111803+00:00,WARN,0,1,fail=0 warn=1
2026-02-07T16:59:15.914783+00:00,WARN,0,1,fail=0 warn=1
2026-02-07T17:02:27.317482+00:00,WARN,0,1,fail=0 warn=1
2026-02-07T17:05:37.007891+00:00,WARN,0,1,fail=0 warn=1
2026-02-07T17:09:33.305235+00:00,WARN,0,1,fail=0 warn=1
2026-02-07T17:12:40.525872+00:00,WARN,0,1,fail=0 warn=1
2026-02-07T17:15:44.774932+00:00,WARN,0,1,fail=0 warn=1
2026-02-07T17:18:51.964912+00:00,WARN,0,1,fail=0 warn=1
2026-02-07T17:22:01.039534+00:00,WARN,0,1,fail=0 warn=1
2026-02-07T17:25:07.738190+00:00,WARN,0,1,fail=0 warn=1
2026-02-07T17:45:09.659535+00:00,WARN,0,2,fail=0 warn=2
2026-02-07T17:45:10.801872+00:00,WARN,0,2,fail=0 warn=2
2026-02-07T17:49:01.663011+00:00,WARN,0,2,fail=0 warn=2
2026-02-07T17:52:12.931090+00:00,WARN,0,2,fail=0 warn=2
2026-02-07T17:55:20.826065+00:00,WARN,0,2,fail=0 warn=2
2026-02-07T17:58:27.622830+00:00,WARN,0,2,fail=0 warn=2
2026-02-07T18:01:45.219477+00:00,WARN,0,2,fail=0 warn=2
2026-02-07T18:04:57.025872+00:00,WARN,0,2,fail=0 warn=2
2026-02-07T18:08:09.642587+00:00,WARN,0,2,fail=0 warn=2
2026-02-07T18:11:16.727069+00:00,WARN,0,2,fail=0 warn=2
2026-02-07T18:14:26.210412+00:00,WARN,0,2,fail=0 warn=2
2026-02-07T18:17:33.807579+00:00,WARN,0,2,fail=0 warn=2
2026-02-07T18:20:43.634804+00:00,WARN,0,2,fail=0 warn=2
2026-02-07T18:23:50.748829+00:00,WARN,0,2,fail=0 warn=2
2026-02-07T18:26:54.244687+00:00,WARN,0,2,fail=0 warn=2
2026-02-07T18:45:24.844531+00:00,FAIL,1,2,fail=1 warn=2
2026-02-07T18:45:26.255986+00:00,FAIL,1,2,fail=1 warn=2
2026-02-07T18:49:27.454242+00:00,FAIL,1,1,fail=1 warn=1
2026-02-07T18:51:51.132645+00:00,FAIL,1,2,fail=1 warn=2
2026-02-07T18:54:13.048955+00:00,FAIL,1,1,fail=1 warn=1
2026-02-07T18:56:32.707629+00:00,FAIL,1,2,fail=1 warn=2
2026-02-07T18:58:54.393502+00:00,FAIL,1,1,fail=1 warn=1
2026-02-07T19:01:17.745473+00:00,FAIL,1,2,fail=1 warn=2
2026-02-07T19:03:38.973262+00:00,FAIL,1,1,fail=1 warn=1
2026-02-07T19:06:01.959027+00:00,FAIL,1,2,fail=1 warn=2
2026-02-07T19:08:23.933720+00:00,FAIL,1,1,fail=1 warn=1
2026-02-07T19:10:41.134441+00:00,FAIL,1,2,fail=1 warn=2
2026-02-07T19:13:01.718395+00:00,FAIL,1,1,fail=1 warn=1
2026-02-07T19:15:25.607525+00:00,FAIL,1,2,fail=1 warn=2
2026-02-07T19:17:43.014266+00:00,FAIL,1,1,fail=1 warn=1
2026-02-07T19:20:07.272726+00:00,FAIL,1,2,fail=1 warn=2
2026-02-07T19:22:29.896428+00:00,FAIL,1,1,fail=1 warn=1
2026-02-07T19:24:52.609211+00:00,FAIL,1,2,fail=1 warn=2
2026-02-07T19:27:12.765696+00:00,FAIL,1,1,fail=1 warn=1
2026-02-07T19:29:35.536988+00:00,FAIL,1,2,fail=1 warn=2
2026-02-07T19:47:07.709775+00:00,FAIL,1,1,fail=1 warn=1
2026-02-07T19:47:08.851916+00:00,FAIL,1,1,fail=1 warn=1
2026-02-07T19:49:26.826386+00:00,FAIL,1,2,fail=1 warn=2
2026-02-07T19:53:06.930372+00:00,FAIL,1,1,fail=1 warn=1
2026-02-07T19:55:32.161343+00:00,FAIL,1,2,fail=1 warn=2
2026-02-07T19:57:52.738857+00:00,FAIL,1,2,fail=1 warn=2
2026-02-07T20:00:17.521534+00:00,FAIL,1,2,fail=1 warn=2
2026-02-07T20:02:35.322929+00:00,FAIL,1,1,fail=1 warn=1
2026-02-07T20:04:55.369348+00:00,FAIL,1,2,fail=1 warn=2
2026-02-07T20:07:14.038621+00:00,FAIL,1,1,fail=1 warn=1
2026-02-07T20:09:34.965587+00:00,FAIL,1,2,fail=1 warn=2
2026-02-07T20:11:51.858003+00:00,FAIL,1,1,fail=1 warn=1
2026-02-07T20:14:12.225175+00:00,FAIL,1,2,fail=1 warn=2
2026-02-07T20:16:26.768530+00:00,FAIL,1,1,fail=1 warn=1
2026-02-07T20:18:45.188088+00:00,FAIL,1,2,fail=1 warn=2
2026-02-07T20:21:01.747064+00:00,FAIL,1,1,fail=1 warn=1
2026-02-07T20:23:22.422932+00:00,FAIL,1,2,fail=1 warn=2
2026-02-07T20:25:39.704362+00:00,FAIL,1,1,fail=1 warn=1
2026-02-07T20:28:03.585497+00:00,FAIL,1,2,fail=1 warn=2
2026-02-07T20:30:22.468901+00:00,FAIL,1,2,fail=1 warn=2
2026-02-07T20:48:01.355532+00:00,FAIL,2,2,fail=2 warn=2
2026-02-07T20:48:02.520175+00:00,FAIL,2,2,fail=2 warn=2
2026-02-07T20:50:26.108055+00:00,FAIL,1,1,fail=1 warn=1
2026-02-07T20:52:46.902819+00:00,FAIL,1,2,fail=1 warn=2
2026-02-07T20:56:33.338616+00:00,FAIL,1,1,fail=1 warn=1
2026-02-07T20:58:54.460579+00:00,FAIL,1,2,fail=1 warn=2
2026-02-07T21:01:14.837532+00:00,FAIL,1,2,fail=1 warn=2
2026-02-07T21:03:33.475174+00:00,FAIL,1,2,fail=1 warn=2
2026-02-07T21:05:59.867696+00:00,FAIL,1,1,fail=1 warn=1
2026-02-07T21:08:19.721149+00:00,FAIL,1,2,fail=1 warn=2
2026-02-07T21:10:39.192970+00:00,FAIL,1,1,fail=1 warn=1
2026-02-07T21:12:58.638907+00:00,FAIL,1,2,fail=1 warn=2
2026-02-07T21:15:17.808670+00:00,FAIL,1,2,fail=1 warn=2
2026-02-07T21:17:37.308962+00:00,FAIL,1,2,fail=1 warn=2
2026-02-07T21:19:58.132174+00:00,FAIL,1,1,fail=1 warn=1
2026-02-07T21:22:20.062743+00:00,FAIL,1,2,fail=1 warn=2
2026-02-07T21:24:38.836007+00:00,FAIL,1,2,fail=1 warn=2
2026-02-07T21:27:01.519997+00:00,FAIL,1,2,fail=1 warn=2
2026-02-07T21:29:20.248864+00:00,FAIL,1,2,fail=1 warn=2
2026-02-07T21:31:38.749893+00:00,FAIL,1,2,fail=1 warn=2
2026-02-07T21:49:05.684315+00:00,FAIL,1,1,fail=1 warn=1
2026-02-07T21:49:06.821186+00:00,FAIL,1,1,fail=1 warn=1
2026-02-07T21:51:26.713284+00:00,FAIL,1,2,fail=1 warn=2
2026-02-07T21:53:44.161445+00:00,FAIL,1,1,fail=1 warn=1
2026-02-07T21:56:02.715343+00:00,FAIL,1,2,fail=1 warn=2
2026-02-07T21:59:58.321762+00:00,FAIL,1,2,fail=1 warn=2
2026-02-07T22:02:20.377076+00:00,FAIL,1,2,fail=1 warn=2
2026-02-07T22:04:38.862844+00:00,FAIL,1,2,fail=1 warn=2
2026-02-07T22:06:56.825806+00:00,FAIL,1,2,fail=1 warn=2
2026-02-07T22:09:18.918922+00:00,FAIL,1,1,fail=1 warn=1
2026-02-07T22:11:41.695740+00:00,FAIL,1,2,fail=1 warn=2
2026-02-07T22:14:00.626618+00:00,FAIL,1,2,fail=1 warn=2
2026-02-07T22:16:18.832142+00:00,FAIL,1,2,fail=1 warn=2
2026-02-07T22:18:35.836045+00:00,FAIL,1,1,fail=1 warn=1
2026-02-07T22:20:53.923252+00:00,FAIL,1,2,fail=1 warn=2
2026-02-07T22:23:13.110568+00:00,FAIL,1,1,fail=1 warn=1
2026-02-07T22:25:31.299323+00:00,FAIL,1,2,fail=1 warn=2
2026-02-07T22:27:49.193082+00:00,FAIL,1,2,fail=1 warn=2
2026-02-07T22:30:10.325394+00:00,FAIL,1,2,fail=1 warn=2
2026-02-07T22:32:33.315322+00:00,FAIL,1,1,fail=1 warn=1
2026-02-07T22:50:22.093961+00:00,FAIL,1,2,fail=1 warn=2
2026-02-07T22:50:23.259916+00:00,FAIL,1,2,fail=1 warn=2
2026-02-07T22:52:48.977974+00:00,FAIL,1,1,fail=1 warn=1
2026-02-07T22:55:17.282130+00:00,FAIL,1,2,fail=1 warn=2
2026-02-07T22:57:40.338388+00:00,FAIL,1,2,fail=1 warn=2
2026-02-07T23:00:02.736623+00:00,FAIL,1,2,fail=1 warn=2
2026-02-07T23:04:03.699685+00:00,FAIL,1,1,fail=1 warn=1
2026-02-07T23:06:25.838922+00:00,FAIL,1,2,fail=1 warn=2
2026-02-07T23:08:48.972889+00:00,FAIL,1,1,fail=1 warn=1
2026-02-07T23:11:12.993004+00:00,FAIL,1,2,fail=1 warn=2
2026-02-07T23:13:31.654957+00:00,FAIL,1,2,fail=1 warn=2
2026-02-07T23:16:00.197504+00:00,FAIL,1,2,fail=1 warn=2
2026-02-07T23:18:22.218342+00:00,FAIL,1,2,fail=1 warn=2
2026-02-07T23:20:45.244501+00:00,FAIL,1,2,fail=1 warn=2
2026-02-07T23:23:09.917754+00:00,FAIL,1,1,fail=1 warn=1
2026-02-07T23:25:30.357506+00:00,FAIL,1,2,fail=1 warn=2
2026-02-07T23:27:50.497389+00:00,FAIL,1,2,fail=1 warn=2
2026-02-07T23:30:14.032273+00:00,FAIL,1,2,fail=1 warn=2
2026-02-07T23:32:35.675557+00:00,FAIL,1,2,fail=1 warn=2
2026-02-07T23:50:06.626167+00:00,FAIL,1,2,fail=1 warn=2
2026-02-07T23:50:07.774107+00:00,FAIL,1,2,fail=1 warn=2
2026-02-07T23:52:29.552159+00:00,FAIL,1,1,fail=1 warn=1
2026-02-07T23:54:57.892884+00:00,FAIL,1,2,fail=1 warn=2
2026-02-07T23:57:18.679442+00:00,FAIL,1,2,fail=1 warn=2
2026-02-07T23:59:41.694623+00:00,FAIL,1,2,fail=1 warn=2
2026-02-08T00:02:03.335943+00:00,FAIL,1,6,fail=1 warn=6
2026-02-08T00:05:57.456174+00:00,FAIL,1,7,fail=1 warn=7
2026-02-08T00:08:23.552513+00:00,FAIL,1,6,fail=1 warn=6
2026-02-08T00:10:47.325229+00:00,FAIL,1,7,fail=1 warn=7
2026-02-08T00:13:10.705133+00:00,FAIL,1,7,fail=1 warn=7
2026-02-08T00:15:33.796866+00:00,FAIL,1,7,fail=1 warn=7
2026-02-08T00:17:58.700483+00:00,FAIL,1,6,fail=1 warn=6
2026-02-08T00:20:18.857224+00:00,FAIL,1,7,fail=1 warn=7
2026-02-08T00:22:39.985585+00:00,FAIL,1,6,fail=1 warn=6
2026-02-08T00:24:56.781349+00:00,FAIL,1,7,fail=1 warn=7
2026-02-08T00:27:20.591246+00:00,FAIL,1,7,fail=1 warn=7
2026-02-08T00:29:43.406962+00:00,FAIL,1,7,fail=1 warn=7
2026-02-08T00:32:03.719757+00:00,FAIL,1,6,fail=1 warn=6
2026-02-08T00:34:28.567417+00:00,FAIL,1,7,fail=1 warn=7
2026-02-08T00:52:41.594599+00:00,FAIL,1,6,fail=1 warn=6
2026-02-08T00:52:42.732015+00:00,FAIL,1,6,fail=1 warn=6
2026-02-08T00:55:07.973178+00:00,FAIL,1,7,fail=1 warn=7
2026-02-08T00:57:27.380898+00:00,FAIL,1,7,fail=1 warn=7
2026-02-08T00:59:51.281063+00:00,FAIL,1,7,fail=1 warn=7
2026-02-08T01:02:16.127469+00:00,FAIL,1,6,fail=1 warn=6
2026-02-08T01:04:40.831200+00:00,FAIL,1,7,fail=1 warn=7
2026-02-08T01:08:37.611907+00:00,FAIL,1,6,fail=1 warn=6
2026-02-08T01:11:01.241894+00:00,FAIL,1,7,fail=1 warn=7
2026-02-08T01:13:23.665882+00:00,FAIL,1,7,fail=1 warn=7
2026-02-08T01:15:50.884023+00:00,FAIL,1,7,fail=1 warn=7
2026-02-08T01:18:15.119520+00:00,FAIL,2,7,fail=2 warn=7
2026-02-08T01:20:37.979214+00:00,FAIL,1,7,fail=1 warn=7
2026-02-08T01:22:57.600482+00:00,FAIL,1,6,fail=1 warn=6
2026-02-08T01:25:18.656589+00:00,FAIL,1,7,fail=1 warn=7
2026-02-08T01:27:40.005581+00:00,FAIL,1,7,fail=1 warn=7
2026-02-08T01:30:02.597448+00:00,FAIL,1,7,fail=1 warn=7
2026-02-08T01:32:24.465508+00:00,FAIL,1,6,fail=1 warn=6
2026-02-08T01:34:45.157279+00:00,FAIL,1,7,fail=1 warn=7
2026-02-08T01:52:29.272683+00:00,FAIL,1,6,fail=1 warn=6
2026-02-08T01:52:30.426966+00:00,FAIL,1,6,fail=1 warn=6
2026-02-08T01:54:50.965235+00:00,FAIL,1,7,fail=1 warn=7
2026-02-08T01:57:09.237515+00:00,FAIL,1,7,fail=1 warn=7
2026-02-08T01:59:27.403511+00:00,FAIL,1,7,fail=1 warn=7
2026-02-08T02:01:49.541059+00:00,FAIL,1,6,fail=1 warn=6
2026-02-08T02:04:07.857102+00:00,FAIL,1,7,fail=1 warn=7
2026-02-08T02:06:25.742900+00:00,FAIL,1,6,fail=1 warn=6
2026-02-08T02:08:44.693264+00:00,FAIL,1,7,fail=1 warn=7
2026-02-08T02:12:30.934388+00:00,FAIL,1,7,fail=1 warn=7
2026-02-08T02:14:49.949640+00:00,FAIL,1,7,fail=1 warn=7
2026-02-08T02:17:07.404069+00:00,FAIL,1,6,fail=1 warn=6
2026-02-08T02:19:26.093365+00:00,FAIL,1,7,fail=1 warn=7
2026-02-08T02:21:45.397750+00:00,FAIL,1,6,fail=1 warn=6
2026-02-08T02:24:04.518644+00:00,FAIL,1,7,fail=1 warn=7
2026-02-08T02:26:22.209773+00:00,FAIL,1,7,fail=1 warn=7
2026-02-08T02:28:42.327604+00:00,FAIL,1,7,fail=1 warn=7
2026-02-08T02:31:00.707357+00:00,FAIL,1,6,fail=1 warn=6
2026-02-08T02:33:19.736498+00:00,FAIL,1,7,fail=1 warn=7
2026-02-08T02:35:38.700592+00:00,FAIL,1,6,fail=1 warn=6
2026-02-08T02:53:05.204689+00:00,FAIL,1,7,fail=1 warn=7
2026-02-08T02:53:06.354741+00:00,FAIL,1,7,fail=1 warn=7
2026-02-08T02:55:29.268849+00:00,FAIL,1,7,fail=1 warn=7
2026-02-08T02:57:55.326842+00:00,FAIL,1,7,fail=1 warn=7
2026-02-08T03:00:15.892645+00:00,FAIL,1,6,fail=1 warn=6
2026-02-08T03:02:38.404791+00:00,FAIL,1,7,fail=1 warn=7
2026-02-08T03:05:03.066840+00:00,FAIL,1,6,fail=1 warn=6
2026-02-08T03:07:24.417253+00:00,FAIL,1,7,fail=1 warn=7
2026-02-08T03:09:46.356201+00:00,FAIL,1,7,fail=1 warn=7
2026-02-08T03:12:06.637038+00:00,FAIL,1,7,fail=1 warn=7
2026-02-08T03:15:56.863185+00:00,FAIL,1,6,fail=1 warn=6
2026-02-08T03:18:17.987197+00:00,FAIL,1,7,fail=1 warn=7
2026-02-08T03:20:39.301344+00:00,FAIL,1,6,fail=1 warn=6
2026-02-08T03:23:02.153935+00:00,FAIL,1,7,fail=1 warn=7
2026-02-08T03:25:24.640118+00:00,FAIL,1,7,fail=1 warn=7
2026-02-08T03:27:45.294239+00:00,FAIL,1,7,fail=1 warn=7
2026-02-08T03:30:08.224565+00:00,FAIL,1,6,fail=1 warn=6
2026-02-08T03:32:28.835945+00:00,FAIL,1,7,fail=1 warn=7
2026-02-08T03:34:50.944473+00:00,FAIL,1,6,fail=1 warn=6
2026-02-08T03:37:13.947213+00:00,FAIL,1,7,fail=1 warn=7
2026-02-08T03:55:14.709048+00:00,FAIL,1,7,fail=1 warn=7
2026-02-08T03:55:15.878377+00:00,FAIL,1,7,fail=1 warn=7
2026-02-08T03:57:37.998117+00:00,FAIL,1,7,fail=1 warn=7
2026-02-08T03:59:58.250081+00:00,FAIL,1,6,fail=1 warn=6
2026-02-08T04:02:20.206871+00:00,FAIL,1,7,fail=1 warn=7
2026-02-08T04:04:41.773451+00:00,FAIL,1,6,fail=1 warn=6
2026-02-08T04:07:02.649354+00:00,FAIL,1,7,fail=1 warn=7
2026-02-08T04:09:26.051815+00:00,FAIL,1,7,fail=1 warn=7
2026-02-08T04:11:45.626367+00:00,FAIL,1,7,fail=1 warn=7
2026-02-08T04:14:05.213177+00:00,FAIL,1,6,fail=1 warn=6
2026-02-08T04:17:50.759555+00:00,FAIL,1,7,fail=1 warn=7
2026-02-08T04:20:12.230992+00:00,FAIL,1,6,fail=1 warn=6
2026-02-08T04:22:32.269843+00:00,FAIL,1,7,fail=1 warn=7
2026-02-08T04:24:52.537524+00:00,FAIL,1,7,fail=1 warn=7
2026-02-08T04:27:13.188041+00:00,FAIL,1,7,fail=1 warn=7
2026-02-08T04:29:33.901203+00:00,FAIL,1,6,fail=1 warn=6
2026-02-08T04:31:53.672753+00:00,FAIL,1,7,fail=1 warn=7
2026-02-08T04:34:09.844073+00:00,FAIL,1,6,fail=1 warn=6
2026-02-08T04:36:29.068824+00:00,FAIL,1,7,fail=1 warn=7
2026-02-08T04:38:49.013943+00:00,FAIL,1,7,fail=1 warn=7
2026-02-08T04:56:42.850641+00:00,FAIL,1,7,fail=1 warn=7
2026-02-08T04:56:43.999756+00:00,FAIL,1,7,fail=1 warn=7
2026-02-08T04:59:04.355513+00:00,FAIL,1,6,fail=1 warn=6
2026-02-08T05:01:23.845752+00:00,FAIL,1,7,fail=1 warn=7
2026-02-08T05:03:45.337885+00:00,FAIL,1,6,fail=1 warn=6
2026-02-08T05:06:04.195999+00:00,FAIL,1,7,fail=1 warn=7
2026-02-08T05:08:23.668464+00:00,FAIL,1,7,fail=1 warn=7
2026-02-08T05:10:42.118024+00:00,FAIL,1,7,fail=1 warn=7
2026-02-08T05:13:03.529544+00:00,FAIL,1,6,fail=1 warn=6
2026-02-08T05:15:22.391500+00:00,FAIL,1,7,fail=1 warn=7
2026-02-08T05:17:39.682905+00:00,FAIL,1,6,fail=1 warn=6
2026-02-08T05:21:34.806018+00:00,FAIL,1,7,fail=1 warn=7
2026-02-08T05:23:54.907359+00:00,FAIL,1,7,fail=1 warn=7
2026-02-08T05:26:12.962180+00:00,FAIL,1,7,fail=1 warn=7
2026-02-08T05:28:30.872248+00:00,FAIL,1,6,fail=1 warn=6
2026-02-08T05:30:49.641422+00:00,FAIL,1,7,fail=1 warn=7
2026-02-08T05:33:08.041947+00:00,FAIL,1,6,fail=1 warn=6
2026-02-08T05:35:26.509949+00:00,FAIL,1,7,fail=1 warn=7
2026-02-08T05:37:46.963853+00:00,FAIL,1,7,fail=1 warn=7
2026-02-08T05:40:06.246141+00:00,FAIL,1,7,fail=1 warn=7
2026-02-08T05:57:17.921701+00:00,FAIL,1,6,fail=1 warn=6
2026-02-08T05:57:19.112904+00:00,FAIL,1,6,fail=1 warn=6
2026-02-08T05:59:41.961357+00:00,FAIL,1,7,fail=1 warn=7
2026-02-08T06:02:03.026423+00:00,FAIL,1,6,fail=1 warn=6
2026-02-08T06:04:24.437803+00:00,FAIL,1,7,fail=1 warn=7
2026-02-08T06:06:46.938229+00:00,FAIL,1,7,fail=1 warn=7
2026-02-08T06:09:07.730986+00:00,FAIL,1,7,fail=1 warn=7
2026-02-08T06:11:29.543431+00:00,FAIL,1,6,fail=1 warn=6
2026-02-08T06:13:53.700640+00:00,FAIL,1,7,fail=1 warn=7
2026-02-08T06:16:19.927012+00:00,FAIL,1,6,fail=1 warn=6
2026-02-08T06:18:44.117154+00:00,FAIL,1,7,fail=1 warn=7
2026-02-08T06:21:05.592094+00:00,FAIL,1,7,fail=1 warn=7
2026-02-08T06:24:50.186470+00:00,FAIL,1,7,fail=1 warn=7
2026-02-08T06:27:11.953202+00:00,FAIL,1,6,fail=1 warn=6
2026-02-08T06:29:32.561067+00:00,FAIL,1,7,fail=1 warn=7
2026-02-08T06:31:52.998292+00:00,FAIL,1,6,fail=1 warn=6
2026-02-08T06:34:15.462988+00:00,FAIL,1,7,fail=1 warn=7
2026-02-08T06:36:37.614081+00:00,FAIL,1,7,fail=1 warn=7
2026-02-08T06:39:00.585853+00:00,FAIL,1,7,fail=1 warn=7
2026-02-08T06:41:16.555854+00:00,FAIL,1,6,fail=1 warn=6
2026-02-08T06:58:59.932672+00:00,FAIL,1,7,fail=1 warn=7
2026-02-08T06:59:01.088132+00:00,FAIL,1,7,fail=1 warn=7
2026-02-08T07:01:23.100070+00:00,FAIL,1,6,fail=1 warn=6
2026-02-08T07:03:46.623627+00:00,FAIL,1,7,fail=1 warn=7
2026-02-08T07:06:06.036449+00:00,FAIL,1,7,fail=1 warn=7
2026-02-08T07:08:29.523680+00:00,FAIL,1,7,fail=1 warn=7
2026-02-08T07:09:46.779600+00:00,FAIL,1,6,fail=1 warn=6
2026-02-08T07:10:50.951699+00:00,FAIL,1,5,fail=1 warn=5
2026-02-08T07:13:16.434521+00:00,FAIL,1,7,fail=1 warn=7
2026-02-08T07:15:37.221334+00:00,FAIL,1,6,fail=1 warn=6
2026-02-08T07:17:56.530446+00:00,FAIL,1,6,fail=1 warn=6
2026-02-08T07:20:20.795917+00:00,FAIL,1,6,fail=1 warn=6
2026-02-08T07:22:41.968563+00:00,FAIL,1,6,fail=1 warn=6
2026-02-08T07:26:34.156438+00:00,FAIL,1,5,fail=1 warn=5
2026-02-08T07:28:53.534825+00:00,FAIL,1,6,fail=1 warn=6
2026-02-08T07:31:13.523018+00:00,FAIL,1,5,fail=1 warn=5
2026-02-08T07:33:36.067486+00:00,FAIL,1,6,fail=1 warn=6
2026-02-08T07:35:57.846332+00:00,FAIL,1,6,fail=1 warn=6
2026-02-08T07:38:17.375840+00:00,FAIL,1,6,fail=1 warn=6
2026-02-08T07:40:44.609557+00:00,FAIL,1,5,fail=1 warn=5
2026-02-08T07:43:04.350775+00:00,FAIL,1,6,fail=1 warn=6
2026-02-08T08:00:29.783983+00:00,FAIL,1,5,fail=1 warn=5
2026-02-08T08:00:30.941165+00:00,FAIL,1,5,fail=1 warn=5
2026-02-08T08:02:48.832788+00:00,FAIL,1,6,fail=1 warn=6
2026-02-08T08:05:10.136019+00:00,FAIL,1,6,fail=1 warn=6
2026-02-08T08:07:32.330862+00:00,FAIL,1,6,fail=1 warn=6
2026-02-08T08:09:55.211891+00:00,FAIL,1,5,fail=1 warn=5
2026-02-08T08:12:17.837789+00:00,FAIL,1,6,fail=1 warn=6
2026-02-08T08:14:34.495029+00:00,FAIL,1,5,fail=1 warn=5
2026-02-08T08:16:55.539064+00:00,FAIL,1,6,fail=1 warn=6
2026-02-08T08:19:16.836351+00:00,FAIL,1,6,fail=1 warn=6
2026-02-08T08:21:41.162888+00:00,FAIL,1,6,fail=1 warn=6
2026-02-08T08:24:06.025921+00:00,FAIL,1,5,fail=1 warn=5
2026-02-08T08:26:30.316034+00:00,FAIL,1,6,fail=1 warn=6
2026-02-08T08:30:25.204454+00:00,FAIL,1,6,fail=1 warn=6
2026-02-08T08:32:46.774776+00:00,FAIL,1,6,fail=1 warn=6
2026-02-08T08:35:07.216419+00:00,FAIL,1,6,fail=1 warn=6
2026-02-08T08:37:29.494522+00:00,FAIL,1,6,fail=1 warn=6
2026-02-08T08:39:57.989285+00:00,FAIL,1,5,fail=1 warn=5
2026-02-08T08:42:17.716248+00:00,FAIL,1,6,fail=1 warn=6
2026-02-08T08:44:40.360946+00:00,FAIL,1,5,fail=1 warn=5
2026-02-08T09:01:59.055979+00:00,FAIL,1,6,fail=1 warn=6
2026-02-08T09:02:00.218263+00:00,FAIL,1,6,fail=1 warn=6
2026-02-08T09:04:27.121097+00:00,FAIL,1,6,fail=1 warn=6
2026-02-08T09:06:54.418701+00:00,FAIL,1,6,fail=1 warn=6
2026-02-08T09:09:16.962844+00:00,FAIL,1,5,fail=1 warn=5
2026-02-08T09:11:37.623949+00:00,FAIL,1,6,fail=1 warn=6
2026-02-08T09:14:00.163303+00:00,FAIL,1,5,fail=1 warn=5
2026-02-08T09:16:24.311340+00:00,FAIL,1,6,fail=1 warn=6
2026-02-08T09:18:47.184153+00:00,FAIL,1,6,fail=1 warn=6
2026-02-08T09:21:09.513376+00:00,FAIL,1,6,fail=1 warn=6
2026-02-08T09:23:35.748089+00:00,FAIL,1,5,fail=1 warn=5
2026-02-08T09:25:58.890335+00:00,FAIL,1,6,fail=1 warn=6
2026-02-08T09:28:35.460076+00:00,FAIL,1,5,fail=1 warn=5
2026-02-08T09:32:36.281389+00:00,FAIL,1,6,fail=1 warn=6
2026-02-08T09:34:59.690138+00:00,FAIL,1,6,fail=1 warn=6
2026-02-08T09:37:28.738122+00:00,FAIL,1,6,fail=1 warn=6
2026-02-08T09:39:53.166175+00:00,FAIL,1,6,fail=1 warn=6
2026-02-08T09:42:15.964782+00:00,FAIL,1,6,fail=1 warn=6
2026-02-08T09:44:38.976405+00:00,FAIL,1,5,fail=1 warn=5
2026-02-08T10:02:44.827014+00:00,FAIL,2,6,fail=2 warn=6
2026-02-08T10:02:45.988073+00:00,FAIL,2,6,fail=2 warn=6
2026-02-08T10:05:13.871656+00:00,FAIL,1,6,fail=1 warn=6
2026-02-08T10:07:33.950882+00:00,FAIL,1,6,fail=1 warn=6
2026-02-08T10:09:55.089466+00:00,FAIL,1,5,fail=1 warn=5
2026-02-08T10:12:20.623521+00:00,FAIL,1,6,fail=1 warn=6
2026-02-08T10:14:48.653737+00:00,FAIL,1,6,fail=1 warn=6
2026-02-08T10:17:10.079973+00:00,FAIL,1,6,fail=1 warn=6
2026-02-08T10:19:31.587498+00:00,FAIL,1,6,fail=1 warn=6
2026-02-08T10:21:52.370194+00:00,FAIL,1,6,fail=1 warn=6
2026-02-08T10:24:11.987538+00:00,FAIL,1,5,fail=1 warn=5
2026-02-08T10:26:32.847034+00:00,FAIL,1,6,fail=1 warn=6
2026-02-08T10:28:56.751405+00:00,FAIL,1,6,fail=1 warn=6
2026-02-08T10:31:21.250580+00:00,FAIL,1,6,fail=1 warn=6
2026-02-08T10:35:29.927412+00:00,FAIL,1,6,fail=1 warn=6
2026-02-08T10:37:59.669405+00:00,FAIL,1,6,fail=1 warn=6
2026-02-08T10:40:23.747852+00:00,FAIL,1,6,fail=1 warn=6
2026-02-08T10:42:43.224566+00:00,FAIL,1,6,fail=1 warn=6
2026-02-08T10:45:07.409854+00:00,FAIL,1,6,fail=1 warn=6
2026-02-08T11:02:23.046046+00:00,FAIL,1,6,fail=1 warn=6
2026-02-08T11:02:24.259283+00:00,FAIL,1,6,fail=1 warn=6
2026-02-08T11:05:22.221059+00:00,FAIL,1,6,fail=1 warn=6
2026-02-08T11:07:41.651671+00:00,FAIL,1,6,fail=1 warn=6
2026-02-08T11:10:00.532359+00:00,FAIL,1,5,fail=1 warn=5
2026-02-08T11:12:21.300805+00:00,FAIL,1,6,fail=1 warn=6
2026-02-08T11:14:42.864480+00:00,FAIL,1,6,fail=1 warn=6
2026-02-08T11:17:04.676874+00:00,FAIL,1,6,fail=1 warn=6
2026-02-08T11:19:24.615310+00:00,FAIL,1,6,fail=1 warn=6
2026-02-08T11:22:23.131979+00:00,FAIL,1,6,fail=1 warn=6
2026-02-08T11:24:43.755903+00:00,FAIL,1,6,fail=1 warn=6
2026-02-08T11:27:04.896148+00:00,FAIL,1,6,fail=1 warn=6
2026-02-08T11:29:23.411454+00:00,FAIL,1,6,fail=1 warn=6
2026-02-08T11:31:43.877274+00:00,FAIL,1,6,fail=1 warn=6
2026-02-08T11:34:08.590051+00:00,FAIL,1,6,fail=1 warn=6
2026-02-08T11:38:13.420935+00:00,FAIL,1,6,fail=1 warn=6
2026-02-08T11:40:38.115341+00:00,FAIL,1,5,fail=1 warn=5
2026-02-08T11:42:59.212065+00:00,FAIL,1,6,fail=1 warn=6
2026-02-08T11:45:19.736481+00:00,FAIL,1,6,fail=1 warn=6
2026-02-08T12:02:52.621868+00:00,FAIL,1,6,fail=1 warn=6
2026-02-08T12:02:53.814638+00:00,FAIL,1,6,fail=1 warn=6
2026-02-08T12:05:17.829715+00:00,FAIL,1,6,fail=1 warn=6
2026-02-08T12:07:42.218683+00:00,FAIL,1,6,fail=1 warn=6
2026-02-08T12:10:03.219285+00:00,FAIL,1,5,fail=1 warn=5
2026-02-08T12:12:23.945822+00:00,FAIL,1,6,fail=1 warn=6
2026-02-08T12:14:43.743058+00:00,FAIL,1,6,fail=1 warn=6
2026-02-08T12:17:08.205381+00:00,FAIL,1,6,fail=1 warn=6
2026-02-08T12:19:29.383550+00:00,FAIL,1,6,fail=1 warn=6
2026-02-08T12:21:55.456749+00:00,FAIL,1,6,fail=1 warn=6
2026-02-08T12:24:14.179893+00:00,FAIL,1,5,fail=1 warn=5
2026-02-08T12:26:35.797871+00:00,FAIL,1,6,fail=1 warn=6
2026-02-08T12:28:56.117266+00:00,FAIL,1,6,fail=1 warn=6
2026-02-08T12:31:15.420869+00:00,FAIL,1,6,fail=1 warn=6
2026-02-08T12:33:35.057036+00:00,FAIL,1,6,fail=1 warn=6
2026-02-08T12:35:53.726106+00:00,FAIL,1,6,fail=1 warn=6
2026-02-08T12:38:12.244056+00:00,FAIL,1,5,fail=1 warn=5
2026-02-08T12:42:12.678430+00:00,FAIL,1,6,fail=1 warn=6
2026-02-08T12:44:33.402210+00:00,FAIL,1,6,fail=1 warn=6
2026-02-08T12:46:54.700242+00:00,FAIL,1,6,fail=1 warn=6
2026-02-08T13:04:07.107722+00:00,FAIL,1,5,fail=1 warn=5
2026-02-08T13:04:08.276881+00:00,FAIL,1,5,fail=1 warn=5
2026-02-08T13:07:10.441167+00:00,FAIL,1,6,fail=1 warn=6
2026-02-08T13:09:30.765069+00:00,FAIL,1,6,fail=1 warn=6
2026-02-08T13:11:56.207999+00:00,FAIL,1,6,fail=1 warn=6
2026-02-08T13:14:21.598287+00:00,FAIL,1,6,fail=1 warn=6
2026-02-08T13:16:43.712834+00:00,FAIL,1,6,fail=1 warn=6
2026-02-08T13:19:05.857341+00:00,FAIL,1,6,fail=1 warn=6
2026-02-08T13:21:27.527253+00:00,FAIL,1,6,fail=1 warn=6
2026-02-08T13:23:50.262163+00:00,FAIL,1,6,fail=1 warn=6
2026-02-08T13:26:13.991392+00:00,FAIL,1,6,fail=1 warn=6
2026-02-08T13:28:36.335545+00:00,FAIL,1,6,fail=1 warn=6
2026-02-08T13:30:56.879261+00:00,FAIL,1,6,fail=1 warn=6
2026-02-08T13:33:19.511370+00:00,FAIL,1,6,fail=1 warn=6
2026-02-08T13:35:41.946577+00:00,FAIL,1,6,fail=1 warn=6
2026-02-08T13:38:05.837353+00:00,FAIL,1,6,fail=1 warn=6
2026-02-08T13:40:32.081986+00:00,FAIL,1,6,fail=1 warn=6
2026-02-08T13:44:32.963275+00:00,FAIL,1,6,fail=1 warn=6
2026-02-08T13:46:52.637193+00:00,FAIL,1,6,fail=1 warn=6
2026-02-08T14:04:35.764215+00:00,FAIL,1,5,fail=1 warn=5
2026-02-08T14:04:36.918969+00:00,FAIL,1,5,fail=1 warn=5
2026-02-08T14:07:37.630582+00:00,FAIL,1,6,fail=1 warn=6
2026-02-08T14:10:00.934232+00:00,FAIL,1,6,fail=1 warn=6
2026-02-08T14:12:24.164756+00:00,FAIL,1,6,fail=1 warn=6
2026-02-08T14:14:44.809051+00:00,FAIL,1,6,fail=1 warn=6
2026-02-08T14:17:02.303422+00:00,FAIL,1,6,fail=1 warn=6
2026-02-08T14:19:22.500342+00:00,FAIL,1,5,fail=1 warn=5
2026-02-08T14:21:43.853762+00:00,FAIL,1,6,fail=1 warn=6
2026-02-08T14:24:04.270751+00:00,FAIL,1,5,fail=1 warn=5
2026-02-08T14:27:01.568596+00:00,FAIL,1,6,fail=1 warn=6
2026-02-08T14:29:21.208548+00:00,FAIL,1,6,fail=1 warn=6
2026-02-08T14:31:42.184213+00:00,FAIL,1,6,fail=1 warn=6
2026-02-08T14:34:02.134903+00:00,FAIL,1,5,fail=1 warn=5
2026-02-08T14:36:25.063239+00:00,FAIL,1,6,fail=1 warn=6
2026-02-08T14:38:43.614271+00:00,FAIL,1,6,fail=1 warn=6
2026-02-08T14:41:02.800845+00:00,FAIL,1,6,fail=1 warn=6
2026-02-08T14:44:01.113486+00:00,FAIL,1,6,fail=1 warn=6
2026-02-08T14:47:53.370021+00:00,FAIL,1,6,fail=1 warn=6
2026-02-08T15:06:15.160336+00:00,FAIL,1,5,fail=1 warn=5
2026-02-08T15:06:16.409362+00:00,FAIL,1,5,fail=1 warn=5
2026-02-08T15:08:38.499903+00:00,FAIL,1,6,fail=1 warn=6
2026-02-08T15:11:07.440320+00:00,FAIL,1,6,fail=1 warn=6
2026-02-08T15:13:34.063944+00:00,FAIL,1,6,fail=1 warn=6
2026-02-08T15:15:58.201910+00:00,FAIL,1,6,fail=1 warn=6
2026-02-08T15:18:18.861343+00:00,FAIL,1,6,fail=1 warn=6
2026-02-08T15:20:41.675526+00:00,FAIL,1,5,fail=1 warn=5
2026-02-08T15:23:04.035866+00:00,FAIL,1,6,fail=1 warn=6
2026-02-08T15:25:27.768018+00:00,FAIL,1,5,fail=1 warn=5
2026-02-08T15:27:53.038924+00:00,FAIL,1,6,fail=1 warn=6
2026-02-08T15:30:19.351056+00:00,FAIL,1,6,fail=1 warn=6
2026-02-08T15:32:42.185151+00:00,FAIL,1,6,fail=1 warn=6
2026-02-08T15:35:06.423117+00:00,FAIL,1,5,fail=1 warn=5
2026-02-08T15:37:31.681129+00:00,FAIL,1,6,fail=1 warn=6
2026-02-08T15:39:55.460338+00:00,FAIL,1,5,fail=1 warn=5
2026-02-08T15:42:15.319390+00:00,FAIL,1,6,fail=1 warn=6
2026-02-08T15:44:35.439829+00:00,FAIL,1,6,fail=1 warn=6
2026-02-08T15:46:57.222702+00:00,FAIL,1,6,fail=1 warn=6
2026-02-08T15:50:47.399572+00:00,FAIL,1,5,fail=1 warn=5
2026-02-08T16:08:22.318249+00:00,FAIL,1,6,fail=1 warn=6
2026-02-08T16:08:23.493545+00:00,FAIL,1,6,fail=1 warn=6
2026-02-08T16:11:24.125410+00:00,FAIL,1,5,fail=1 warn=5
2026-02-08T16:13:44.534552+00:00,FAIL,1,6,fail=1 warn=6
2026-02-08T16:16:03.312507+00:00,FAIL,1,6,fail=1 warn=6
2026-02-08T16:18:22.503915+00:00,FAIL,1,6,fail=1 warn=6
2026-02-08T16:20:46.120536+00:00,FAIL,1,5,fail=1 warn=5
2026-02-08T16:23:09.862993+00:00,FAIL,1,6,fail=1 warn=6
2026-02-08T16:25:33.165463+00:00,FAIL,1,5,fail=1 warn=5
2026-02-08T16:27:52.198227+00:00,FAIL,1,6,fail=1 warn=6
2026-02-08T16:30:16.168307+00:00,FAIL,1,6,fail=1 warn=6
2026-02-08T16:32:34.821881+00:00,FAIL,1,6,fail=1 warn=6
2026-02-08T16:34:59.439815+00:00,FAIL,1,5,fail=1 warn=5
2026-02-08T16:37:25.598423+00:00,FAIL,1,6,fail=1 warn=6
2026-02-08T16:39:49.057658+00:00,FAIL,1,6,fail=1 warn=6
2026-02-08T16:42:12.078563+00:00,FAIL,1,6,fail=1 warn=6
2026-02-08T16:44:33.051446+00:00,FAIL,1,6,fail=1 warn=6
2026-02-08T16:46:56.327511+00:00,FAIL,1,6,fail=1 warn=6
2026-02-08T16:49:18.533822+00:00,FAIL,1,5,fail=1 warn=5
2026-02-08T16:53:11.480568+00:00,FAIL,1,6,fail=1 warn=6
2026-02-08T17:11:14.651126+00:00,FAIL,2,5,fail=2 warn=5
2026-02-08T17:11:15.826620+00:00,FAIL,2,5,fail=2 warn=5
2026-02-08T17:13:36.760158+00:00,FAIL,1,6,fail=1 warn=6
2026-02-08T17:15:59.040240+00:00,FAIL,1,6,fail=1 warn=6
2026-02-08T17:18:21.894737+00:00,FAIL,1,6,fail=1 warn=6
2026-02-08T17:20:45.958051+00:00,FAIL,1,5,fail=1 warn=5
2026-02-08T17:23:05.747747+00:00,FAIL,1,6,fail=1 warn=6
2026-02-08T17:25:23.359026+00:00,FAIL,1,5,fail=1 warn=5
2026-02-08T17:27:46.790539+00:00,FAIL,1,6,fail=1 warn=6
2026-02-08T17:30:07.013842+00:00,FAIL,1,6,fail=1 warn=6
2026-02-08T17:32:34.250154+00:00,FAIL,1,6,fail=1 warn=6
2026-02-08T17:34:55.295001+00:00,FAIL,1,6,fail=1 warn=6
2026-02-08T17:37:20.494188+00:00,FAIL,1,6,fail=1 warn=6
2026-02-08T17:39:43.800745+00:00,FAIL,1,6,fail=1 warn=6
2026-02-08T17:42:06.654662+00:00,FAIL,1,6,fail=1 warn=6
2026-02-08T17:44:29.644785+00:00,FAIL,1,6,fail=1 warn=6
2026-02-08T17:46:53.336266+00:00,FAIL,1,6,fail=1 warn=6
2026-02-08T17:49:15.032013+00:00,FAIL,1,5,fail=1 warn=5
2026-02-08T17:51:37.889852+00:00,FAIL,1,6,fail=1 warn=6
2026-02-08T18:11:29.877890+00:00,FAIL,2,5,fail=2 warn=5
2026-02-08T18:11:31.069667+00:00,FAIL,2,5,fail=2 warn=5
2026-02-08T18:15:08.270587+00:00,FAIL,1,6,fail=1 warn=6
2026-02-08T18:17:27.299214+00:00,FAIL,1,6,fail=1 warn=6
2026-02-08T18:19:51.665664+00:00,FAIL,1,6,fail=1 warn=6
2026-02-08T18:22:12.208928+00:00,FAIL,1,6,fail=1 warn=6
2026-02-08T18:24:33.166798+00:00,FAIL,1,6,fail=1 warn=6
2026-02-08T18:26:58.611893+00:00,FAIL,1,5,fail=1 warn=5
2026-02-08T18:29:24.540364+00:00,FAIL,1,6,fail=1 warn=6
2026-02-08T18:31:42.343900+00:00,FAIL,1,6,fail=1 warn=6
2026-02-08T18:34:03.795979+00:00,FAIL,1,6,fail=1 warn=6
2026-02-08T18:36:24.656398+00:00,FAIL,1,5,fail=1 warn=5
2026-02-08T18:38:45.816598+00:00,FAIL,1,6,fail=1 warn=6
2026-02-08T18:41:07.439007+00:00,FAIL,1,5,fail=1 warn=5
2026-02-08T18:43:26.638839+00:00,FAIL,1,6,fail=1 warn=6
2026-02-08T18:45:46.723030+00:00,FAIL,1,6,fail=1 warn=6
2026-02-08T18:48:09.086506+00:00,FAIL,1,6,fail=1 warn=6
2026-02-08T18:50:34.023418+00:00,FAIL,1,5,fail=1 warn=5
2026-02-08T18:52:50.527581+00:00,FAIL,1,6,fail=1 warn=6
2026-02-08T18:55:12.985301+00:00,FAIL,1,5,fail=1 warn=5
2026-02-08T19:14:24.646570+00:00,FAIL,1,6,fail=1 warn=6
2026-02-08T19:14:25.828544+00:00,FAIL,1,6,fail=1 warn=6
2026-02-08T19:17:59.085415+00:00,FAIL,1,6,fail=1 warn=6
2026-02-08T19:20:18.353317+00:00,FAIL,1,6,fail=1 warn=6
2026-02-08T19:22:37.358594+00:00,FAIL,1,5,fail=1 warn=5
2026-02-08T19:24:56.004679+00:00,FAIL,1,6,fail=1 warn=6
2026-02-08T19:27:18.501385+00:00,FAIL,1,5,fail=1 warn=5
2026-02-08T19:29:38.325512+00:00,FAIL,1,6,fail=1 warn=6
2026-02-08T19:31:59.171442+00:00,FAIL,1,6,fail=1 warn=6
2026-02-08T19:34:22.453758+00:00,FAIL,1,6,fail=1 warn=6
2026-02-08T19:36:45.775143+00:00,FAIL,1,5,fail=1 warn=5
2026-02-08T19:39:08.408472+00:00,FAIL,1,6,fail=1 warn=6
2026-02-08T19:41:29.110704+00:00,FAIL,1,6,fail=1 warn=6
2026-02-08T19:43:52.338644+00:00,FAIL,1,6,fail=1 warn=6
2026-02-08T19:46:15.818332+00:00,FAIL,1,6,fail=1 warn=6
2026-02-08T19:48:41.876548+00:00,FAIL,1,6,fail=1 warn=6
2026-02-08T19:51:03.371465+00:00,FAIL,1,6,fail=1 warn=6
2026-02-08T19:53:29.087358+00:00,FAIL,1,6,fail=1 warn=6
2026-02-08T19:55:46.992335+00:00,FAIL,1,5,fail=1 warn=5
2026-02-08T19:58:12.503089+00:00,FAIL,1,6,fail=1 warn=6
2026-02-08T20:17:28.365252+00:00,FAIL,2,6,fail=2 warn=6
2026-02-08T20:17:29.549115+00:00,FAIL,2,6,fail=2 warn=6
2026-02-08T20:20:32.925969+00:00,FAIL,1,6,fail=1 warn=6
2026-02-08T20:22:53.527770+00:00,FAIL,1,6,fail=1 warn=6
2026-02-08T20:25:14.231739+00:00,FAIL,1,6,fail=1 warn=6
2026-02-08T20:27:33.968331+00:00,FAIL,1,5,fail=1 warn=5
2026-02-08T20:29:55.128492+00:00,FAIL,1,6,fail=1 warn=6
2026-02-08T20:32:19.872084+00:00,FAIL,1,6,fail=1 warn=6
2026-02-08T20:34:41.016068+00:00,FAIL,1,6,fail=1 warn=6
2026-02-08T20:37:02.397897+00:00,FAIL,1,6,fail=1 warn=6
2026-02-08T20:39:23.395910+00:00,FAIL,1,6,fail=1 warn=6
2026-02-08T20:41:48.127830+00:00,FAIL,1,5,fail=1 warn=5
2026-02-08T20:44:10.265929+00:00,FAIL,1,6,fail=1 warn=6
2026-02-08T20:46:32.296635+00:00,FAIL,1,6,fail=1 warn=6
2026-02-08T20:48:55.421648+00:00,FAIL,1,6,fail=1 warn=6
2026-02-08T20:51:15.625948+00:00,FAIL,1,6,fail=1 warn=6
2026-02-08T20:53:39.113809+00:00,FAIL,1,6,fail=1 warn=6
2026-02-08T20:55:59.609177+00:00,FAIL,1,6,fail=1 warn=6
2026-02-08T20:58:20.017811+00:00,FAIL,1,6,fail=1 warn=6
2026-02-08T21:00:39.798606+00:00,FAIL,1,6,fail=1 warn=6
2026-02-08T21:19:38.527595+00:00,FAIL,1,6,fail=1 warn=6
2026-02-08T21:19:39.701373+00:00,FAIL,1,6,fail=1 warn=6
2026-02-08T21:22:37.634306+00:00,FAIL,1,6,fail=1 warn=6
2026-02-08T21:25:01.614291+00:00,FAIL,1,6,fail=1 warn=6
2026-02-08T21:27:23.677670+00:00,FAIL,1,5,fail=1 warn=5
2026-02-08T21:29:46.512013+00:00,FAIL,1,6,fail=1 warn=6
2026-02-08T21:32:06.645908+00:00,FAIL,1,6,fail=1 warn=6
2026-02-08T21:34:28.616514+00:00,FAIL,1,6,fail=1 warn=6
2026-02-08T21:36:55.042119+00:00,FAIL,1,6,fail=1 warn=6
2026-02-08T21:39:17.311167+00:00,FAIL,1,6,fail=1 warn=6
2026-02-08T21:41:38.343121+00:00,FAIL,1,5,fail=1 warn=5
2026-02-08T21:43:57.217942+00:00,FAIL,1,6,fail=1 warn=6
2026-02-08T21:46:19.547271+00:00,FAIL,1,6,fail=1 warn=6
2026-02-08T21:48:38.828966+00:00,FAIL,1,6,fail=1 warn=6
2026-02-08T21:50:56.843205+00:00,FAIL,1,6,fail=1 warn=6
2026-02-08T21:53:14.593497+00:00,FAIL,1,6,fail=1 warn=6
2026-02-08T21:55:32.209780+00:00,FAIL,1,5,fail=1 warn=5
2026-02-08T21:57:50.730965+00:00,FAIL,1,6,fail=1 warn=6
2026-02-08T22:00:08.372098+00:00,FAIL,1,6,fail=1 warn=6
2026-02-08T22:02:27.023725+00:00,FAIL,1,6,fail=1 warn=6
2026-02-08T22:21:09.548340+00:00,FAIL,1,6,fail=1 warn=6
2026-02-08T22:21:10.713935+00:00,FAIL,1,6,fail=1 warn=6
2026-02-08T22:23:34.831067+00:00,FAIL,1,6,fail=1 warn=6
2026-02-08T22:25:56.700911+00:00,FAIL,1,5,fail=1 warn=5
2026-02-08T22:28:22.107565+00:00,FAIL,1,6,fail=1 warn=6
2026-02-08T22:30:44.477916+00:00,FAIL,1,6,fail=1 warn=6
2026-02-08T22:33:06.144050+00:00,FAIL,1,6,fail=1 warn=6
2026-02-08T22:35:30.170334+00:00,FAIL,1,6,fail=1 warn=6
2026-02-08T22:37:50.424019+00:00,FAIL,1,6,fail=1 warn=6
2026-02-08T22:40:15.213841+00:00,FAIL,1,5,fail=1 warn=5
2026-02-08T22:42:36.092277+00:00,FAIL,1,6,fail=1 warn=6
2026-02-08T22:44:56.454028+00:00,FAIL,1,6,fail=1 warn=6
2026-02-08T22:47:17.899978+00:00,FAIL,1,6,fail=1 warn=6
2026-02-08T22:49:46.638133+00:00,FAIL,1,6,fail=1 warn=6
2026-02-08T22:52:12.599033+00:00,FAIL,1,6,fail=1 warn=6
2026-02-08T22:54:31.381785+00:00,FAIL,1,6,fail=1 warn=6
2026-02-08T22:56:53.950837+00:00,FAIL,1,6,fail=1 warn=6
2026-02-08T22:59:16.243486+00:00,FAIL,1,6,fail=1 warn=6
2026-02-08T23:01:37.059038+00:00,FAIL,1,6,fail=1 warn=6
2026-02-08T23:03:59.569903+00:00,FAIL,1,6,fail=1 warn=6
2026-02-08T23:21:28.118752+00:00,FAIL,1,6,fail=1 warn=6
2026-02-08T23:21:29.326677+00:00,FAIL,1,6,fail=1 warn=6
2026-02-08T23:26:00.932709+00:00,FAIL,1,5,fail=1 warn=5
2026-02-08T23:28:21.996257+00:00,FAIL,1,6,fail=1 warn=6
2026-02-08T23:30:41.779811+00:00,FAIL,1,6,fail=1 warn=6
2026-02-08T23:33:01.963488+00:00,FAIL,1,6,fail=1 warn=6
2026-02-08T23:35:26.802672+00:00,FAIL,1,6,fail=1 warn=6
2026-02-08T23:37:49.562264+00:00,FAIL,1,6,fail=1 warn=6
2026-02-08T23:40:12.064863+00:00,FAIL,1,5,fail=1 warn=5
2026-02-08T23:42:33.402830+00:00,FAIL,1,6,fail=1 warn=6
2026-02-08T23:44:53.530932+00:00,FAIL,1,6,fail=1 warn=6
2026-02-08T23:47:15.990103+00:00,FAIL,1,6,fail=1 warn=6
2026-02-08T23:49:36.264624+00:00,FAIL,1,6,fail=1 warn=6
2026-02-08T23:51:57.663045+00:00,FAIL,1,6,fail=1 warn=6
2026-02-08T23:54:18.162235+00:00,FAIL,1,5,fail=1 warn=5
2026-02-08T23:56:40.075030+00:00,FAIL,1,6,fail=1 warn=6
2026-02-08T23:58:57.402715+00:00,FAIL,1,6,fail=1 warn=6
2026-02-09T00:01:19.785136+00:00,FAIL,1,8,fail=1 warn=8
2026-02-09T00:03:41.507917+00:00,FAIL,1,8,fail=1 warn=8
2026-02-09T00:06:03.416039+00:00,FAIL,1,8,fail=1 warn=8
2026-02-09T00:24:14.863029+00:00,FAIL,1,7,fail=1 warn=7
2026-02-09T00:24:16.011788+00:00,FAIL,1,7,fail=1 warn=7
2026-02-09T00:28:05.627728+00:00,FAIL,1,8,fail=1 warn=8
2026-02-09T00:30:30.861187+00:00,FAIL,1,8,fail=1 warn=8
2026-02-09T00:32:55.385061+00:00,FAIL,1,8,fail=1 warn=8
2026-02-09T00:35:19.846370+00:00,FAIL,1,8,fail=1 warn=8
2026-02-09T00:37:43.818225+00:00,FAIL,1,8,fail=1 warn=8
2026-02-09T00:40:07.883449+00:00,FAIL,1,7,fail=1 warn=7
2026-02-09T00:42:28.470812+00:00,FAIL,1,8,fail=1 warn=8
2026-02-09T00:44:50.889344+00:00,FAIL,1,8,fail=1 warn=8
2026-02-09T00:47:16.243577+00:00,FAIL,1,8,fail=1 warn=8
2026-02-09T00:49:43.899447+00:00,FAIL,1,8,fail=1 warn=8
2026-02-09T00:52:07.082131+00:00,FAIL,1,8,fail=1 warn=8
2026-02-09T00:54:29.601793+00:00,FAIL,1,7,fail=1 warn=7
2026-02-09T00:56:53.439809+00:00,FAIL,1,8,fail=1 warn=8
2026-02-09T00:59:15.488101+00:00,FAIL,1,8,fail=1 warn=8
2026-02-09T01:01:39.323799+00:00,FAIL,1,8,fail=1 warn=8
2026-02-09T01:03:55.665130+00:00,FAIL,1,8,fail=1 warn=8
2026-02-09T01:06:16.367749+00:00,FAIL,1,8,fail=1 warn=8
2026-02-09T01:23:52.643668+00:00,FAIL,1,7,fail=1 warn=7
2026-02-09T01:23:53.799743+00:00,FAIL,1,7,fail=1 warn=7
2026-02-09T01:26:16.588895+00:00,FAIL,1,8,fail=1 warn=8
2026-02-09T01:29:57.971870+00:00,FAIL,1,8,fail=1 warn=8
2026-02-09T01:32:20.603451+00:00,FAIL,1,8,fail=1 warn=8
2026-02-09T01:34:44.562176+00:00,FAIL,1,8,fail=1 warn=8
2026-02-09T01:37:07.294868+00:00,FAIL,1,8,fail=1 warn=8
2026-02-09T01:39:29.970445+00:00,FAIL,1,7,fail=1 warn=7
2026-02-09T01:41:51.668756+00:00,FAIL,1,8,fail=1 warn=8
2026-02-09T01:44:14.960701+00:00,FAIL,1,8,fail=1 warn=8
2026-02-09T01:46:31.806754+00:00,FAIL,1,8,fail=1 warn=8
2026-02-09T01:48:56.603946+00:00,FAIL,1,8,fail=1 warn=8
2026-02-09T01:51:20.174816+00:00,FAIL,1,8,fail=1 warn=8
2026-02-09T01:53:36.742171+00:00,FAIL,1,7,fail=1 warn=7
2026-02-09T01:56:01.691549+00:00,FAIL,1,8,fail=1 warn=8
2026-02-09T01:58:27.482439+00:00,FAIL,1,8,fail=1 warn=8
2026-02-09T02:00:52.491309+00:00,FAIL,1,8,fail=1 warn=8
2026-02-09T02:03:15.964448+00:00,FAIL,1,8,fail=1 warn=8
2026-02-09T02:05:39.447237+00:00,FAIL,1,8,fail=1 warn=8
2026-02-09T02:07:57.406417+00:00,FAIL,1,7,fail=1 warn=7
2026-02-09T02:25:50.044104+00:00,FAIL,2,8,fail=2 warn=8
2026-02-09T02:25:51.219978+00:00,FAIL,2,8,fail=2 warn=8
2026-02-09T02:28:14.256910+00:00,FAIL,1,8,fail=1 warn=8
2026-02-09T02:31:56.620060+00:00,FAIL,1,8,fail=1 warn=8
2026-02-09T02:34:18.561844+00:00,FAIL,1,8,fail=1 warn=8
2026-02-09T02:36:40.047830+00:00,FAIL,1,8,fail=1 warn=8
2026-02-09T02:39:02.522451+00:00,FAIL,1,7,fail=1 warn=7
2026-02-09T02:41:24.695480+00:00,FAIL,1,8,fail=1 warn=8
2026-02-09T02:43:46.732099+00:00,FAIL,1,8,fail=1 warn=8
2026-02-09T02:46:10.021136+00:00,FAIL,1,8,fail=1 warn=8
2026-02-09T02:48:30.748899+00:00,FAIL,1,8,fail=1 warn=8
2026-02-09T02:50:54.762043+00:00,FAIL,1,8,fail=1 warn=8
2026-02-09T02:53:12.223674+00:00,FAIL,1,7,fail=1 warn=7
2026-02-09T02:55:32.799709+00:00,FAIL,1,8,fail=1 warn=8
2026-02-09T02:57:59.231009+00:00,FAIL,1,8,fail=1 warn=8
2026-02-09T03:00:21.368329+00:00,FAIL,1,8,fail=1 warn=8
2026-02-09T03:02:42.591524+00:00,FAIL,1,8,fail=1 warn=8
2026-02-09T03:05:06.275864+00:00,FAIL,1,8,fail=1 warn=8
2026-02-09T03:07:28.293791+00:00,FAIL,1,7,fail=1 warn=7
2026-02-09T03:09:48.696900+00:00,FAIL,1,8,fail=1 warn=8
2026-02-09T03:27:27.043558+00:00,FAIL,1,8,fail=1 warn=8
2026-02-09T03:27:28.219747+00:00,FAIL,1,8,fail=1 warn=8
2026-02-09T03:29:48.789667+00:00,FAIL,1,8,fail=1 warn=8
2026-02-09T03:32:10.548640+00:00,FAIL,1,8,fail=1 warn=8
2026-02-09T03:36:11.110700+00:00,FAIL,1,8,fail=1 warn=8
2026-02-09T03:38:34.640907+00:00,FAIL,1,7,fail=1 warn=7
2026-02-09T03:40:57.253422+00:00,FAIL,1,8,fail=1 warn=8
2026-02-09T03:43:20.723964+00:00,FAIL,1,8,fail=1 warn=8
2026-02-09T03:45:44.207430+00:00,FAIL,1,8,fail=1 warn=8
2026-02-09T03:48:05.340513+00:00,FAIL,1,8,fail=1 warn=8
2026-02-09T03:50:27.298530+00:00,FAIL,1,8,fail=1 warn=8
2026-02-09T03:52:48.570335+00:00,FAIL,1,7,fail=1 warn=7
2026-02-09T03:55:13.367490+00:00,FAIL,1,8,fail=1 warn=8
2026-02-09T03:57:34.505124+00:00,FAIL,1,8,fail=1 warn=8
2026-02-09T03:59:56.696354+00:00,FAIL,1,8,fail=1 warn=8
2026-02-09T04:02:17.974867+00:00,FAIL,1,8,fail=1 warn=8
2026-02-09T04:04:43.519533+00:00,FAIL,1,8,fail=1 warn=8
2026-02-09T04:07:05.605914+00:00,FAIL,1,7,fail=1 warn=7
2026-02-09T04:09:26.486039+00:00,FAIL,1,8,fail=1 warn=8
2026-02-09T04:11:49.447164+00:00,FAIL,1,8,fail=1 warn=8
2026-02-09T04:29:56.033787+00:00,FAIL,1,8,fail=1 warn=8
2026-02-09T04:29:57.214904+00:00,FAIL,1,8,fail=1 warn=8
2026-02-09T04:32:26.562033+00:00,FAIL,1,9,fail=1 warn=9
2026-02-09T04:34:45.000085+00:00,FAIL,1,8,fail=1 warn=8
2026-02-09T04:38:39.578329+00:00,FAIL,1,7,fail=1 warn=7
2026-02-09T04:41:03.115878+00:00,FAIL,1,8,fail=1 warn=8
2026-02-09T04:43:26.210841+00:00,FAIL,1,8,fail=1 warn=8
2026-02-09T04:45:48.684526+00:00,FAIL,1,8,fail=1 warn=8
2026-02-09T04:48:13.435031+00:00,FAIL,1,8,fail=1 warn=8
2026-02-09T04:50:38.448962+00:00,FAIL,1,8,fail=1 warn=8
2026-02-09T04:53:03.560214+00:00,FAIL,1,7,fail=1 warn=7
2026-02-09T04:55:26.683897+00:00,FAIL,1,8,fail=1 warn=8
2026-02-09T04:57:48.716546+00:00,FAIL,1,8,fail=1 warn=8
2026-02-09T05:00:08.383873+00:00,FAIL,1,8,fail=1 warn=8
2026-02-09T05:04:06.218748+00:00,FAIL,1,8,fail=1 warn=8
2026-02-09T05:06:46.554107+00:00,FAIL,1,8,fail=1 warn=8
2026-02-09T05:09:07.547016+00:00,FAIL,1,7,fail=1 warn=7
2026-02-09T05:11:28.515150+00:00,FAIL,1,8,fail=1 warn=8
2026-02-09T05:13:49.378229+00:00,FAIL,1,8,fail=1 warn=8
2026-02-09T05:33:01.934222+00:00,FAIL,1,8,fail=1 warn=8
2026-02-09T05:33:03.116128+00:00,FAIL,1,8,fail=1 warn=8
2026-02-09T05:35:27.488211+00:00,FAIL,1,8,fail=1 warn=8
2026-02-09T05:37:49.312563+00:00,FAIL,1,8,fail=1 warn=8
2026-02-09T05:41:33.073301+00:00,FAIL,1,8,fail=1 warn=8
2026-02-09T05:43:50.107784+00:00,FAIL,1,8,fail=1 warn=8
2026-02-09T05:46:12.052905+00:00,FAIL,1,7,fail=1 warn=7
2026-02-09T05:48:32.534881+00:00,FAIL,1,8,fail=1 warn=8
2026-02-09T05:50:58.047125+00:00,FAIL,1,8,fail=1 warn=8
2026-02-09T05:53:21.771785+00:00,FAIL,1,8,fail=1 warn=8
2026-02-09T05:55:45.258913+00:00,FAIL,1,7,fail=1 warn=7
2026-02-09T05:58:06.889720+00:00,FAIL,1,8,fail=1 warn=8
2026-02-09T06:00:26.477964+00:00,FAIL,1,7,fail=1 warn=7
2026-02-09T06:02:47.325744+00:00,FAIL,1,8,fail=1 warn=8
2026-02-09T06:05:07.034938+00:00,FAIL,1,8,fail=1 warn=8
2026-02-09T06:07:23.717801+00:00,FAIL,1,8,fail=1 warn=8
2026-02-09T06:09:47.786552+00:00,FAIL,1,7,fail=1 warn=7
2026-02-09T06:12:07.248411+00:00,FAIL,1,8,fail=1 warn=8
2026-02-09T06:14:29.810029+00:00,FAIL,1,7,fail=1 warn=7
2026-02-09T06:32:27.020562+00:00,FAIL,1,8,fail=1 warn=8
2026-02-09T06:32:28.178316+00:00,FAIL,1,8,fail=1 warn=8
2026-02-09T06:35:29.971544+00:00,FAIL,1,9,fail=1 warn=9
2026-02-09T06:37:50.440679+00:00,FAIL,1,8,fail=1 warn=8
2026-02-09T06:40:10.964538+00:00,FAIL,1,7,fail=1 warn=7
2026-02-09T06:43:45.803143+00:00,FAIL,1,8,fail=1 warn=8
2026-02-09T06:46:05.292488+00:00,FAIL,1,7,fail=1 warn=7
2026-02-09T06:48:27.145644+00:00,FAIL,1,8,fail=1 warn=8
2026-02-09T06:50:50.471521+00:00,FAIL,1,8,fail=1 warn=8
2026-02-09T06:53:14.890214+00:00,FAIL,1,8,fail=1 warn=8
2026-02-09T06:55:33.146901+00:00,FAIL,1,7,fail=1 warn=7
2026-02-09T06:57:55.373022+00:00,FAIL,1,8,fail=1 warn=8
2026-02-09T07:00:15.732495+00:00,FAIL,1,7,fail=1 warn=7
2026-02-09T07:02:34.061796+00:00,FAIL,1,8,fail=1 warn=8
2026-02-09T07:04:57.298596+00:00,FAIL,1,8,fail=1 warn=8
2026-02-09T07:07:15.411170+00:00,FAIL,1,8,fail=1 warn=8
2026-02-09T07:09:35.806478+00:00,FAIL,1,5,fail=1 warn=5
2026-02-09T07:09:59.764231+00:00,FAIL,1,5,fail=1 warn=5
2026-02-09T07:11:57.605731+00:00,FAIL,1,6,fail=1 warn=6
2026-02-09T07:14:17.078593+00:00,FAIL,1,5,fail=1 warn=5
2026-02-09T07:16:37.224069+00:00,FAIL,1,6,fail=1 warn=6
2026-02-09T07:34:20.279327+00:00,FAIL,1,6,fail=1 warn=6
2026-02-09T07:34:21.443627+00:00,FAIL,1,6,fail=1 warn=6
2026-02-09T07:36:50.743830+00:00,FAIL,1,6,fail=1 warn=6
2026-02-09T07:39:12.487688+00:00,FAIL,1,6,fail=1 warn=6
2026-02-09T07:41:36.107151+00:00,FAIL,1,6,fail=1 warn=6
2026-02-09T07:43:56.362426+00:00,FAIL,1,5,fail=1 warn=5
2026-02-09T07:47:43.776110+00:00,FAIL,1,6,fail=1 warn=6
2026-02-09T07:50:02.111900+00:00,FAIL,1,6,fail=1 warn=6
2026-02-09T07:52:25.997053+00:00,FAIL,1,6,fail=1 warn=6
2026-02-09T07:54:46.822576+00:00,FAIL,1,5,fail=1 warn=5
2026-02-09T07:57:06.851597+00:00,FAIL,1,6,fail=1 warn=6
2026-02-09T07:59:25.915930+00:00,FAIL,1,5,fail=1 warn=5
2026-02-09T09:26:04.163331+00:00,FAIL,1,6,fail=1 warn=6
2026-02-09T09:47:00.728691+00:00,FAIL,1,6,fail=1 warn=6
2026-02-09T09:47:02.427660+00:00,FAIL,1,6,fail=1 warn=6
2026-02-09T09:50:05.844858+00:00,FAIL,1,5,fail=1 warn=5
2026-02-09T09:50:21.117509+00:00,FAIL,1,5,fail=1 warn=5
2026-02-09T09:51:27.044333+00:00,WARN,0,5,fail=0 warn=5
2026-02-09T09:52:30.307000+00:00,WARN,0,7,fail=0 warn=7
2026-02-09T09:55:47.366656+00:00,WARN,0,7,fail=0 warn=7
2026-02-09T09:59:10.055977+00:00,WARN,0,7,fail=0 warn=7
2026-02-09T10:02:27.488862+00:00,WARN,0,7,fail=0 warn=7
2026-02-09T10:05:54.334438+00:00,WARN,0,8,fail=0 warn=8
2026-02-09T10:07:05.667917+00:00,WARN,0,6,fail=0 warn=6
2026-02-09T10:10:54.518740+00:00,WARN,0,7,fail=0 warn=7
2026-02-09T10:14:08.316727+00:00,WARN,0,7,fail=0 warn=7
2026-02-09T10:17:32.276229+00:00,WARN,0,8,fail=0 warn=8
2026-02-09T10:20:51.475406+00:00,WARN,0,8,fail=0 warn=8
2026-02-09T10:24:09.464030+00:00,WARN,0,8,fail=0 warn=8
2026-02-09T10:27:31.957413+00:00,WARN,0,5,fail=0 warn=5
2026-02-09T10:40:55.962494+00:00,WARN,0,5,fail=0 warn=5
2026-02-09T10:46:20.820258+00:00,WARN,0,6,fail=0 warn=6
2026-02-09T10:46:22.289618+00:00,WARN,0,6,fail=0 warn=6
2026-02-09T10:49:14.943429+00:00,WARN,0,5,fail=0 warn=5
2026-02-09T10:49:50.751486+00:00,FAIL,1,4,fail=1 warn=4
2026-02-09T10:51:10.164021+00:00,FAIL,1,5,fail=1 warn=5
2026-02-09T10:52:19.708839+00:00,WARN,0,6,fail=0 warn=6
2026-02-09T10:53:41.353109+00:00,WARN,0,6,fail=0 warn=6
2026-02-09T10:54:30.760369+00:00,WARN,0,6,fail=0 warn=6
2026-02-09T10:59:24.757192+00:00,WARN,0,6,fail=0 warn=6
2026-02-09T11:06:19.640243+00:00,FAIL,1,7,fail=1 warn=7
2026-02-09T11:06:52.812651+00:00,WARN,0,7,fail=0 warn=7
2026-02-09T11:07:53.935448+00:00,WARN,0,7,fail=0 warn=7
2026-02-09T11:10:10.618077+00:00,WARN,0,7,fail=0 warn=7
2026-02-09T11:15:18.034161+00:00,WARN,0,6,fail=0 warn=6
2026-02-09T11:18:31.759885+00:00,WARN,0,6,fail=0 warn=6
2026-02-09T11:21:50.099903+00:00,WARN,0,6,fail=0 warn=6
2026-02-09T11:22:50.084893+00:00,WARN,0,6,fail=0 warn=6
2026-02-09T11:25:02.239217+00:00,WARN,0,5,fail=0 warn=5
2026-02-09T11:28:15.093196+00:00,WARN,0,6,fail=0 warn=6
2026-02-09T11:35:11.960185+00:00,WARN,0,5,fail=0 warn=5
2026-02-09T11:46:25.456381+00:00,WARN,0,5,fail=0 warn=5
2026-02-09T11:46:26.767179+00:00,WARN,0,5,fail=0 warn=5
2026-02-09T11:51:16.417861+00:00,WARN,0,5,fail=0 warn=5
2026-02-09T11:54:32.292819+00:00,WARN,0,5,fail=0 warn=5
2026-02-09T11:57:48.366527+00:00,WARN,0,5,fail=0 warn=5
2026-02-09T12:01:02.512238+00:00,WARN,0,6,fail=0 warn=6
2026-02-09T12:04:15.713069+00:00,WARN,0,6,fail=0 warn=6
2026-02-09T12:07:26.243107+00:00,WARN,0,6,fail=0 warn=6
2026-02-09T12:10:03.095869+00:00,FAIL,1,5,fail=1 warn=5
2026-02-09T12:11:00.344532+00:00,FAIL,1,5,fail=1 warn=5
2026-02-09T12:11:22.129781+00:00,WARN,0,5,fail=0 warn=5
2026-02-09T12:11:53.241561+00:00,WARN,0,4,fail=0 warn=4
2026-02-09T12:14:38.102313+00:00,WARN,0,5,fail=0 warn=5
2026-02-09T12:19:29.850676+00:00,WARN,0,4,fail=0 warn=4
2026-02-09T12:22:48.368952+00:00,WARN,0,4,fail=0 warn=4
2026-02-09T12:26:01.830818+00:00,WARN,0,5,fail=0 warn=5
2026-02-09T12:29:15.764450+00:00,WARN,0,5,fail=0 warn=5
2026-02-09T12:32:12.846931+00:00,WARN,0,6,fail=0 warn=6
2026-02-09T12:34:07.504770+00:00,WARN,0,4,fail=0 warn=4
2026-02-09T12:46:00.626804+00:00,WARN,0,4,fail=0 warn=4
2026-02-09T12:47:35.048355+00:00,FAIL,1,4,fail=1 warn=4
2026-02-09T12:47:36.515773+00:00,FAIL,1,4,fail=1 warn=4
2026-02-09T12:49:58.324758+00:00,WARN,0,5,fail=0 warn=5
2026-02-09T12:53:15.819190+00:00,WARN,0,5,fail=0 warn=5
2026-02-09T12:56:36.925918+00:00,WARN,0,5,fail=0 warn=5
2026-02-09T12:59:56.146105+00:00,WARN,0,5,fail=0 warn=5
2026-02-09T13:03:19.488726+00:00,WARN,0,5,fail=0 warn=5
2026-02-09T13:06:34.478870+00:00,WARN,0,5,fail=0 warn=5
2026-02-09T13:09:54.952999+00:00,WARN,0,5,fail=0 warn=5
2026-02-09T13:13:24.995416+00:00,WARN,0,6,fail=0 warn=6
2026-02-09T13:17:06.707481+00:00,WARN,0,5,fail=0 warn=5
2026-02-09T13:22:23.778041+00:00,WARN,0,6,fail=0 warn=6
2026-02-09T13:23:33.465244+00:00,WARN,0,2,fail=0 warn=2
2026-02-09T13:24:23.095720+00:00,FAIL,1,2,fail=1 warn=2
2026-02-09T13:29:00.173883+00:00,WARN,0,1,fail=0 warn=1
2026-02-09T13:29:21.081821+00:00,OK,0,0,fail=0 warn=0
2026-02-09T13:40:52.047668+00:00,WARN,0,1,fail=0 warn=1
2026-02-09T13:48:14.153817+00:00,FAIL,1,1,fail=1 warn=1
2026-02-09T13:49:03.576985+00:00,FAIL,1,1,fail=1 warn=1
2026-02-09T13:51:08.271688+00:00,WARN,0,1,fail=0 warn=1
2026-02-09T14:08:31.309488+00:00,WARN,0,1,fail=0 warn=1
2026-02-09T14:29:40.127749+00:00,WARN,0,2,fail=0 warn=2
2026-02-09T14:29:41.435531+00:00,WARN,0,2,fail=0 warn=2
2026-02-09T14:34:30.549619+00:00,FAIL,1,2,fail=1 warn=2
2026-02-09T14:36:01.356529+00:00,WARN,0,3,fail=0 warn=3
2026-02-09T14:39:32.558632+00:00,WARN,0,2,fail=0 warn=2
2026-02-09T14:42:54.060689+00:00,WARN,0,2,fail=0 warn=2
2026-02-09T14:45:14.186861+00:00,WARN,0,1,fail=0 warn=1
2026-02-09T14:49:14.554138+00:00,WARN,0,2,fail=0 warn=2
2026-02-09T14:51:50.749043+00:00,OK,0,0,fail=0 warn=0
2026-02-09T14:52:31.547507+00:00,FAIL,1,0,fail=1 warn=0
2026-02-09T14:52:33.788621+00:00,WARN,0,1,fail=0 warn=1
2026-02-09T14:53:05.672177+00:00,WARN,0,1,fail=0 warn=1
2026-02-09T14:56:01.561244+00:00,WARN,0,1,fail=0 warn=1
2026-02-09T14:57:26.919445+00:00,OK,0,0,fail=0 warn=0
2026-02-09T14:59:16.692477+00:00,WARN,0,1,fail=0 warn=1
2026-02-09T15:02:41.824608+00:00,WARN,0,1,fail=0 warn=1
2026-02-09T15:06:02.750814+00:00,WARN,0,1,fail=0 warn=1
2026-02-09T15:09:20.922026+00:00,WARN,0,1,fail=0 warn=1
2026-02-09T15:12:34.675845+00:00,WARN,0,1,fail=0 warn=1
2026-02-09T15:34:11.194891+00:00,FAIL,1,1,fail=1 warn=1
2026-02-09T15:34:13.098100+00:00,FAIL,1,1,fail=1 warn=1
2026-02-09T15:39:11.242761+00:00,OK,0,0,fail=0 warn=0
2026-02-09T15:42:33.541874+00:00,WARN,0,1,fail=0 warn=1
2026-02-09T15:45:48.470995+00:00,WARN,0,1,fail=0 warn=1
2026-02-09T15:49:32.183344+00:00,WARN,0,1,fail=0 warn=1
2026-02-09T15:52:44.376361+00:00,OK,0,0,fail=0 warn=0
2026-02-09T15:56:39.855931+00:00,WARN,0,1,fail=0 warn=1
2026-02-09T15:59:58.563486+00:00,OK,0,0,fail=0 warn=0
2026-02-09T16:03:13.404240+00:00,OK,0,0,fail=0 warn=0
2026-02-09T16:07:27.421042+00:00,OK,0,0,fail=0 warn=0
2026-02-09T16:10:45.079139+00:00,OK,0,0,fail=0 warn=0
2026-02-09T16:13:58.444618+00:00,OK,0,0,fail=0 warn=0
2026-02-09T16:35:05.656533+00:00,OK,0,0,fail=0 warn=0
2026-02-09T16:38:59.188571+00:00,OK,0,0,fail=0 warn=0
2026-02-09T16:44:07.291633+00:00,OK,0,0,fail=0 warn=0
2026-02-09T16:47:20.924244+00:00,OK,0,0,fail=0 warn=0
2026-02-09T16:50:32.551621+00:00,OK,0,0,fail=0 warn=0
2026-02-09T16:53:42.917791+00:00,OK,0,0,fail=0 warn=0
2026-02-09T16:56:56.216919+00:00,OK,0,0,fail=0 warn=0
2026-02-09T17:00:10.513929+00:00,OK,0,0,fail=0 warn=0
2026-02-09T17:03:24.064944+00:00,OK,0,0,fail=0 warn=0
2026-02-09T17:06:34.673788+00:00,OK,0,0,fail=0 warn=0
2026-02-09T17:09:45.964404+00:00,OK,0,0,fail=0 warn=0
2026-02-09T17:13:03.511544+00:00,OK,0,0,fail=0 warn=0
2026-02-09T17:16:23.035673+00:00,OK,0,0,fail=0 warn=0
2026-02-09T17:37:51.084534+00:00,OK,0,0,fail=0 warn=0
2026-02-09T17:41:02.050148+00:00,OK,0,0,fail=0 warn=0
2026-02-09T17:46:10.395280+00:00,OK,0,0,fail=0 warn=0
2026-02-09T17:49:23.212778+00:00,OK,0,0,fail=0 warn=0
2026-02-09T17:52:33.978072+00:00,OK,0,0,fail=0 warn=0
2026-02-09T17:55:46.842510+00:00,OK,0,0,fail=0 warn=0
2026-02-09T17:58:57.811103+00:00,OK,0,0,fail=0 warn=0
2026-02-09T18:02:14.565329+00:00,OK,0,0,fail=0 warn=0
2026-02-09T18:05:30.806664+00:00,WARN,0,1,fail=0 warn=1
2026-02-09T18:08:51.442115+00:00,WARN,0,1,fail=0 warn=1
2026-02-09T18:12:07.864752+00:00,WARN,0,1,fail=0 warn=1
2026-02-09T18:15:20.245356+00:00,WARN,0,1,fail=0 warn=1
2026-02-09T18:18:35.821904+00:00,WARN,0,1,fail=0 warn=1
2026-02-09T18:39:26.105382+00:00,WARN,0,1,fail=0 warn=1
2026-02-09T18:42:43.813283+00:00,WARN,0,1,fail=0 warn=1
2026-02-09T18:45:55.711737+00:00,WARN,0,1,fail=0 warn=1
2026-02-09T18:51:00.134693+00:00,WARN,0,1,fail=0 warn=1
2026-02-09T18:54:12.505599+00:00,WARN,0,1,fail=0 warn=1
2026-02-09T18:57:21.981107+00:00,WARN,0,1,fail=0 warn=1
2026-02-09T19:00:29.933330+00:00,WARN,0,1,fail=0 warn=1
2026-02-09T19:03:40.483157+00:00,WARN,0,1,fail=0 warn=1
2026-02-09T19:07:04.073165+00:00,WARN,0,1,fail=0 warn=1
2026-02-09T19:10:14.731174+00:00,WARN,0,1,fail=0 warn=1
2026-02-09T19:13:24.796491+00:00,WARN,0,1,fail=0 warn=1
2026-02-09T19:16:41.498433+00:00,WARN,0,1,fail=0 warn=1
2026-02-09T19:19:52.215247+00:00,WARN,0,1,fail=0 warn=1
2026-02-09T19:40:28.782456+00:00,WARN,0,1,fail=0 warn=1
2026-02-09T19:43:40.758873+00:00,WARN,0,1,fail=0 warn=1
2026-02-09T19:46:59.566368+00:00,WARN,0,1,fail=0 warn=1
2026-02-09T19:50:17.886367+00:00,WARN,0,1,fail=0 warn=1
2026-02-09T19:55:08.942174+00:00,WARN,0,1,fail=0 warn=1
2026-02-09T19:58:20.493331+00:00,WARN,0,1,fail=0 warn=1
2026-02-09T20:01:34.559630+00:00,WARN,0,1,fail=0 warn=1
2026-02-09T20:04:44.515043+00:00,WARN,0,1,fail=0 warn=1
2026-02-09T20:07:56.668200+00:00,WARN,0,1,fail=0 warn=1
2026-02-09T20:11:13.054931+00:00,WARN,0,1,fail=0 warn=1
2026-02-09T20:14:24.261008+00:00,WARN,0,1,fail=0 warn=1
2026-02-09T20:17:34.816051+00:00,WARN,0,1,fail=0 warn=1
2026-02-09T20:20:47.919559+00:00,WARN,0,1,fail=0 warn=1
2026-02-09T20:41:38.273262+00:00,WARN,0,1,fail=0 warn=1
2026-02-09T20:45:32.122622+00:00,WARN,0,1,fail=0 warn=1
2026-02-09T20:48:47.203396+00:00,WARN,0,1,fail=0 warn=1
2026-02-09T20:51:56.198354+00:00,WARN,0,1,fail=0 warn=1
2026-02-09T20:55:06.598674+00:00,WARN,0,1,fail=0 warn=1
2026-02-09T21:00:01.660571+00:00,WARN,0,1,fail=0 warn=1
2026-02-09T21:03:16.333093+00:00,WARN,0,1,fail=0 warn=1
2026-02-09T21:06:30.275997+00:00,WARN,0,1,fail=0 warn=1
2026-02-09T21:09:42.353718+00:00,WARN,0,1,fail=0 warn=1
2026-02-09T21:12:56.957457+00:00,WARN,0,1,fail=0 warn=1
2026-02-09T21:16:08.596431+00:00,WARN,0,1,fail=0 warn=1
2026-02-09T21:19:20.360090+00:00,WARN,0,1,fail=0 warn=1
2026-02-09T21:22:29.671218+00:00,WARN,0,1,fail=0 warn=1
2026-02-09T21:43:14.967338+00:00,WARN,0,1,fail=0 warn=1
2026-02-09T21:46:30.893510+00:00,WARN,0,1,fail=0 warn=1
2026-02-09T21:49:40.736424+00:00,WARN,0,1,fail=0 warn=1
2026-02-09T21:52:51.832237+00:00,WARN,0,1,fail=0 warn=1
2026-02-09T21:56:02.496838+00:00,WARN,0,1,fail=0 warn=1
2026-02-09T21:59:12.791447+00:00,WARN,0,1,fail=0 warn=1
2026-02-09T22:04:13.905048+00:00,WARN,0,1,fail=0 warn=1
2026-02-09T22:07:32.182948+00:00,WARN,0,1,fail=0 warn=1
2026-02-09T22:10:44.647383+00:00,WARN,0,1,fail=0 warn=1
2026-02-09T22:13:59.098286+00:00,WARN,0,1,fail=0 warn=1
2026-02-09T22:17:07.622540+00:00,WARN,0,1,fail=0 warn=1
2026-02-09T22:20:23.651286+00:00,WARN,0,1,fail=0 warn=1
2026-02-09T22:23:35.624782+00:00,WARN,0,1,fail=0 warn=1
2026-02-09T22:44:12.159055+00:00,WARN,0,1,fail=0 warn=1
2026-02-09T22:47:23.147888+00:00,WARN,0,1,fail=0 warn=1
2026-02-09T22:50:41.028929+00:00,WARN,0,1,fail=0 warn=1
2026-02-09T22:53:58.277220+00:00,WARN,0,1,fail=0 warn=1
2026-02-09T22:57:11.580688+00:00,WARN,0,1,fail=0 warn=1
2026-02-09T23:00:31.588528+00:00,WARN,0,1,fail=0 warn=1
2026-02-09T23:03:42.536838+00:00,WARN,0,1,fail=0 warn=1
2026-02-09T23:08:37.706984+00:00,WARN,0,1,fail=0 warn=1
2026-02-09T23:11:57.255811+00:00,WARN,0,1,fail=0 warn=1
2026-02-09T23:15:13.072442+00:00,WARN,0,1,fail=0 warn=1
2026-02-09T23:18:27.401119+00:00,WARN,0,1,fail=0 warn=1
2026-02-09T23:22:18.843698+00:00,WARN,0,1,fail=0 warn=1
2026-02-09T23:25:35.029246+00:00,WARN,0,1,fail=0 warn=1
2026-02-09T23:46:02.596943+00:00,WARN,0,1,fail=0 warn=1
2026-02-09T23:49:13.626386+00:00,WARN,0,1,fail=0 warn=1
2026-02-09T23:52:23.421999+00:00,WARN,0,1,fail=0 warn=1
2026-02-09T23:55:42.288240+00:00,WARN,0,1,fail=0 warn=1
2026-02-09T23:59:01.919601+00:00,WARN,0,1,fail=0 warn=1
2026-02-10T00:02:19.022410+00:00,WARN,0,6,fail=0 warn=6
2026-02-10T00:05:31.330211+00:00,WARN,0,6,fail=0 warn=6
2026-02-10T00:08:48.596662+00:00,WARN,0,6,fail=0 warn=6
2026-02-10T00:13:45.915633+00:00,WARN,0,6,fail=0 warn=6
2026-02-10T00:17:01.612744+00:00,WARN,0,6,fail=0 warn=6
2026-02-10T00:20:23.716269+00:00,WARN,0,6,fail=0 warn=6
2026-02-10T00:23:38.377233+00:00,WARN,0,6,fail=0 warn=6
2026-02-10T00:27:05.214363+00:00,WARN,0,6,fail=0 warn=6
2026-02-10T00:47:45.466974+00:00,WARN,0,6,fail=0 warn=6
2026-02-10T00:51:03.844260+00:00,WARN,0,6,fail=0 warn=6
2026-02-10T00:54:17.467145+00:00,WARN,0,6,fail=0 warn=6
2026-02-10T00:57:33.139783+00:00,WARN,0,6,fail=0 warn=6
2026-02-10T01:00:48.335944+00:00,WARN,0,6,fail=0 warn=6
2026-02-10T01:04:05.896729+00:00,WARN,0,6,fail=0 warn=6
2026-02-10T01:07:19.554069+00:00,WARN,0,6,fail=0 warn=6
2026-02-10T01:10:30.281343+00:00,WARN,0,6,fail=0 warn=6
2026-02-10T01:13:41.865879+00:00,WARN,0,6,fail=0 warn=6
2026-02-10T01:18:32.226798+00:00,WARN,0,6,fail=0 warn=6
2026-02-10T01:21:50.067358+00:00,WARN,0,6,fail=0 warn=6
2026-02-10T01:25:07.066795+00:00,WARN,0,6,fail=0 warn=6
2026-02-10T01:28:19.709823+00:00,WARN,0,6,fail=0 warn=6
2026-02-10T01:49:07.592340+00:00,WARN,0,6,fail=0 warn=6
2026-02-10T01:52:18.259722+00:00,WARN,0,6,fail=0 warn=6
2026-02-10T01:55:30.018025+00:00,WARN,0,6,fail=0 warn=6
2026-02-10T01:58:45.696574+00:00,WARN,0,6,fail=0 warn=6
2026-02-10T02:02:03.255900+00:00,WARN,0,6,fail=0 warn=6
2026-02-10T02:05:17.467805+00:00,WARN,0,6,fail=0 warn=6
2026-02-10T02:08:34.211572+00:00,WARN,0,6,fail=0 warn=6
2026-02-10T02:11:48.122019+00:00,WARN,0,6,fail=0 warn=6
2026-02-10T02:15:04.043331+00:00,WARN,0,6,fail=0 warn=6
2026-02-10T02:18:21.824395+00:00,WARN,0,6,fail=0 warn=6
2026-02-10T02:23:09.519063+00:00,WARN,0,6,fail=0 warn=6
2026-02-10T02:26:23.019051+00:00,WARN,0,6,fail=0 warn=6
2026-02-10T02:29:34.619147+00:00,WARN,0,6,fail=0 warn=6
2026-02-10T02:50:22.549518+00:00,WARN,0,6,fail=0 warn=6
2026-02-10T02:53:37.688010+00:00,WARN,0,6,fail=0 warn=6
2026-02-10T02:56:52.584122+00:00,WARN,0,6,fail=0 warn=6
2026-02-10T03:00:07.070368+00:00,WARN,0,6,fail=0 warn=6
2026-02-10T03:03:23.225191+00:00,WARN,0,6,fail=0 warn=6
2026-02-10T03:06:38.711307+00:00,WARN,0,6,fail=0 warn=6
2026-02-10T03:09:53.749697+00:00,WARN,0,6,fail=0 warn=6
2026-02-10T03:13:08.555114+00:00,WARN,0,6,fail=0 warn=6
2026-02-10T03:16:19.952265+00:00,WARN,0,6,fail=0 warn=6
2026-02-10T03:19:32.237984+00:00,WARN,0,6,fail=0 warn=6
2026-02-10T03:22:45.722394+00:00,WARN,0,6,fail=0 warn=6
2026-02-10T03:27:30.995381+00:00,WARN,0,6,fail=0 warn=6
2026-02-10T03:31:21.276704+00:00,WARN,0,6,fail=0 warn=6
2026-02-10T03:52:02.292670+00:00,WARN,0,6,fail=0 warn=6
2026-02-10T03:55:13.752524+00:00,WARN,0,6,fail=0 warn=6
2026-02-10T03:58:33.421234+00:00,WARN,0,6,fail=0 warn=6
2026-02-10T04:01:44.626286+00:00,WARN,0,6,fail=0 warn=6
2026-02-10T04:05:03.503155+00:00,WARN,0,6,fail=0 warn=6
2026-02-10T04:08:13.558899+00:00,WARN,0,6,fail=0 warn=6
2026-02-10T04:11:27.682557+00:00,WARN,0,6,fail=0 warn=6
2026-02-10T04:14:40.731528+00:00,WARN,0,6,fail=0 warn=6
2026-02-10T04:17:51.004300+00:00,WARN,0,6,fail=0 warn=6
2026-02-10T04:21:04.614815+00:00,WARN,0,6,fail=0 warn=6
2026-02-10T04:24:25.912574+00:00,WARN,0,6,fail=0 warn=6
2026-02-10T04:29:11.090833+00:00,WARN,0,6,fail=0 warn=6
2026-02-10T04:32:27.439608+00:00,WARN,0,6,fail=0 warn=6
2026-02-10T04:55:42.776026+00:00,WARN,0,6,fail=0 warn=6
2026-02-10T04:58:54.958388+00:00,WARN,0,6,fail=0 warn=6
2026-02-10T05:02:07.674553+00:00,WARN,0,6,fail=0 warn=6
2026-02-10T05:05:21.616674+00:00,WARN,0,6,fail=0 warn=6
2026-02-10T05:08:34.441567+00:00,WARN,0,6,fail=0 warn=6
2026-02-10T05:11:54.125315+00:00,WARN,0,6,fail=0 warn=6
2026-02-10T05:15:08.743921+00:00,WARN,0,6,fail=0 warn=6
2026-02-10T05:18:25.581523+00:00,WARN,0,6,fail=0 warn=6
2026-02-10T05:21:47.309679+00:00,WARN,0,6,fail=0 warn=6
2026-02-10T05:25:00.013072+00:00,WARN,0,6,fail=0 warn=6
2026-02-10T05:28:14.812404+00:00,WARN,0,6,fail=0 warn=6
2026-02-10T05:32:53.970731+00:00,WARN,0,6,fail=0 warn=6
2026-02-10T05:36:13.139094+00:00,WARN,0,6,fail=0 warn=6
2026-02-10T05:56:37.211168+00:00,WARN,0,6,fail=0 warn=6
2026-02-10T05:59:56.158554+00:00,WARN,0,6,fail=0 warn=6
2026-02-10T06:22:36.567520+00:00,WARN,0,3,fail=0 warn=3
2026-02-10T10:23:48.123129+00:00,FAIL,1,2,fail=1 warn=2
2026-02-10T10:34:03.879086+00:00,FAIL,1,2,fail=1 warn=2
2026-02-10T10:38:30.427663+00:00,WARN,0,3,fail=0 warn=3
2026-02-10T10:59:21.798771+00:00,WARN,0,3,fail=0 warn=3
2026-02-10T11:40:00.172431+00:00,WARN,0,3,fail=0 warn=3
2026-02-10T12:06:41.964171+00:00,WARN,0,4,fail=0 warn=4
2026-02-10T12:09:53.770136+00:00,WARN,0,3,fail=0 warn=3
2026-02-10T12:13:08.996631+00:00,WARN,0,3,fail=0 warn=3
2026-02-10T12:16:23.488976+00:00,WARN,0,3,fail=0 warn=3
2026-02-10T12:19:39.741460+00:00,WARN,0,3,fail=0 warn=3
2026-02-10T12:41:57.138676+00:00,WARN,0,4,fail=0 warn=4
2026-02-10T12:45:09.292306+00:00,WARN,0,3,fail=0 warn=3
2026-02-10T12:48:40.919363+00:00,WARN,0,3,fail=0 warn=3
2026-02-10T12:52:06.083669+00:00,WARN,0,3,fail=0 warn=3
2026-02-10T12:55:18.822742+00:00,WARN,0,3,fail=0 warn=3
2026-02-10T12:58:39.383601+00:00,WARN,0,3,fail=0 warn=3
2026-02-10T13:01:52.294768+00:00,WARN,0,3,fail=0 warn=3
2026-02-10T13:05:15.132944+00:00,WARN,0,3,fail=0 warn=3
2026-02-10T13:10:08.392931+00:00,WARN,0,3,fail=0 warn=3
2026-02-10T13:13:21.971575+00:00,WARN,0,3,fail=0 warn=3
2026-02-10T13:16:35.228201+00:00,WARN,0,3,fail=0 warn=3
2026-02-10T13:20:02.530531+00:00,WARN,0,3,fail=0 warn=3
2026-02-10T13:23:27.411488+00:00,WARN,0,3,fail=0 warn=3
2026-02-10T13:45:29.906225+00:00,WARN,0,4,fail=0 warn=4
2026-02-10T13:48:47.301485+00:00,WARN,0,4,fail=0 warn=4
2026-02-10T13:52:10.734536+00:00,WARN,0,4,fail=0 warn=4
2026-02-10T13:55:27.204208+00:00,WARN,0,3,fail=0 warn=3
2026-02-10T13:58:44.090287+00:00,WARN,0,3,fail=0 warn=3
2026-02-10T14:02:02.003919+00:00,WARN,0,3,fail=0 warn=3
2026-02-10T14:05:45.062538+00:00,WARN,0,3,fail=0 warn=3
2026-02-10T14:11:51.479898+00:00,WARN,0,3,fail=0 warn=3
2026-02-10T14:15:03.082846+00:00,WARN,0,3,fail=0 warn=3
2026-02-10T14:18:26.535271+00:00,WARN,0,3,fail=0 warn=3
2026-02-10T14:21:38.680513+00:00,WARN,0,3,fail=0 warn=3
2026-02-10T14:24:48.756126+00:00,WARN,0,3,fail=0 warn=3
2026-02-10T14:51:52.724671+00:00,WARN,0,1,fail=0 warn=1
2026-02-10T14:55:24.154708+00:00,OK,0,0,fail=0 warn=0
2026-02-10T14:58:39.512059+00:00,OK,0,0,fail=0 warn=0
2026-02-10T15:01:52.158828+00:00,OK,0,0,fail=0 warn=0
2026-02-10T15:05:07.005277+00:00,OK,0,0,fail=0 warn=0
2026-02-10T15:08:32.127437+00:00,OK,0,0,fail=0 warn=0
2026-02-10T15:13:58.186436+00:00,OK,0,0,fail=0 warn=0
2026-02-10T15:17:16.898785+00:00,OK,0,0,fail=0 warn=0
2026-02-10T15:20:29.455874+00:00,OK,0,0,fail=0 warn=0
2026-02-10T15:23:56.601378+00:00,OK,0,0,fail=0 warn=0
2026-02-10T15:27:24.431450+00:00,OK,0,0,fail=0 warn=0
2026-02-10T15:31:45.688160+00:00,OK,0,0,fail=0 warn=0
2026-02-10T15:53:33.908156+00:00,WARN,0,1,fail=0 warn=1
2026-02-10T15:56:49.410234+00:00,OK,0,0,fail=0 warn=0
2026-02-10T15:59:58.708425+00:00,OK,0,0,fail=0 warn=0
2026-02-10T16:03:09.631965+00:00,OK,0,0,fail=0 warn=0
2026-02-10T16:06:21.570420+00:00,OK,0,0,fail=0 warn=0
2026-02-10T16:09:39.426040+00:00,OK,0,0,fail=0 warn=0
2026-02-10T16:12:56.225092+00:00,OK,0,0,fail=0 warn=0
2026-02-10T16:17:36.702191+00:00,OK,0,0,fail=0 warn=0
2026-02-10T16:20:48.591420+00:00,OK,0,0,fail=0 warn=0
2026-02-10T16:24:05.332930+00:00,OK,0,0,fail=0 warn=0
2026-02-10T16:27:22.020306+00:00,OK,0,0,fail=0 warn=0
2026-02-10T16:30:38.658940+00:00,OK,0,0,fail=0 warn=0
2026-02-10T16:34:45.348647+00:00,OK,0,0,fail=0 warn=0
2026-02-10T16:56:23.781371+00:00,OK,0,0,fail=0 warn=0
2026-02-10T16:59:39.961645+00:00,OK,0,0,fail=0 warn=0
2026-02-10T17:02:54.976537+00:00,OK,0,0,fail=0 warn=0
2026-02-10T17:06:05.426956+00:00,OK,0,0,fail=0 warn=0
2026-02-10T17:09:15.491439+00:00,OK,0,0,fail=0 warn=0
2026-02-10T17:12:32.162659+00:00,OK,0,0,fail=0 warn=0
2026-02-10T17:15:43.155577+00:00,OK,0,0,fail=0 warn=0
2026-02-10T17:20:20.300254+00:00,OK,0,0,fail=0 warn=0
2026-02-10T17:23:29.036729+00:00,OK,0,0,fail=0 warn=0
2026-02-10T17:26:36.284500+00:00,OK,0,0,fail=0 warn=0
2026-02-10T17:29:45.672981+00:00,OK,0,0,fail=0 warn=0
2026-02-10T17:32:54.680600+00:00,OK,0,0,fail=0 warn=0
2026-02-10T17:36:09.238807+00:00,OK,0,0,fail=0 warn=0
2026-02-10T17:57:14.276317+00:00,OK,0,0,fail=0 warn=0
2026-02-10T18:00:31.881514+00:00,OK,0,0,fail=0 warn=0
2026-02-10T18:04:29.186139+00:00,OK,0,0,fail=0 warn=0
2026-02-10T18:07:36.527371+00:00,OK,0,0,fail=0 warn=0
2026-02-10T18:10:44.898951+00:00,OK,0,0,fail=0 warn=0
2026-02-10T18:13:53.063323+00:00,OK,0,0,fail=0 warn=0
2026-02-10T18:17:04.418421+00:00,OK,0,0,fail=0 warn=0
2026-02-10T18:20:11.690564+00:00,OK,0,0,fail=0 warn=0
2026-02-10T18:24:46.667322+00:00,OK,0,0,fail=0 warn=0
2026-02-10T18:28:04.595920+00:00,OK,0,0,fail=0 warn=0
2026-02-10T18:31:19.018452+00:00,OK,0,0,fail=0 warn=0
2026-02-10T18:34:28.681375+00:00,OK,0,0,fail=0 warn=0
2026-02-10T18:37:37.745019+00:00,OK,0,0,fail=0 warn=0
2026-02-10T18:58:38.327347+00:00,OK,0,0,fail=0 warn=0
2026-02-10T19:02:30.140719+00:00,OK,0,0,fail=0 warn=0
2026-02-10T19:05:42.104395+00:00,OK,0,0,fail=0 warn=0
2026-02-10T19:08:49.859496+00:00,OK,0,0,fail=0 warn=0
2026-02-10T19:11:57.676649+00:00,OK,0,0,fail=0 warn=0
2026-02-10T19:15:08.019753+00:00,OK,0,0,fail=0 warn=0
2026-02-10T19:18:25.762202+00:00,OK,0,0,fail=0 warn=0
2026-02-10T19:21:39.187126+00:00,OK,0,0,fail=0 warn=0
2026-02-10T19:24:46.740615+00:00,OK,0,0,fail=0 warn=0
2026-02-10T19:29:10.033344+00:00,OK,0,0,fail=0 warn=0
2026-02-10T19:32:16.699177+00:00,OK,0,0,fail=0 warn=0
2026-02-10T19:38:39.829695+00:00,OK,0,0,fail=0 warn=0
2026-02-10T19:59:54.387721+00:00,OK,0,0,fail=0 warn=0
2026-02-10T20:03:10.138409+00:00,OK,0,0,fail=0 warn=0
2026-02-10T20:06:26.542457+00:00,OK,0,0,fail=0 warn=0
2026-02-10T20:09:38.107713+00:00,OK,0,0,fail=0 warn=0
2026-02-10T20:12:57.238342+00:00,OK,0,0,fail=0 warn=0
2026-02-10T20:16:13.258380+00:00,OK,0,0,fail=0 warn=0
2026-02-10T20:19:20.732073+00:00,OK,0,0,fail=0 warn=0
2026-02-10T20:22:28.053560+00:00,OK,0,0,fail=0 warn=0
2026-02-10T20:25:39.269305+00:00,OK,0,0,fail=0 warn=0
2026-02-10T20:28:51.820461+00:00,OK,0,0,fail=0 warn=0
2026-02-10T20:33:13.079070+00:00,OK,0,0,fail=0 warn=0
2026-02-10T20:36:55.711237+00:00,OK,0,0,fail=0 warn=0
2026-02-10T20:40:45.412898+00:00,OK,0,0,fail=0 warn=0
2026-02-10T21:02:45.132586+00:00,OK,0,0,fail=0 warn=0
2026-02-10T21:05:58.886643+00:00,OK,0,0,fail=0 warn=0
2026-02-10T21:09:11.960024+00:00,OK,0,0,fail=0 warn=0
2026-02-10T21:12:23.051198+00:00,OK,0,0,fail=0 warn=0
2026-02-10T21:15:33.659499+00:00,OK,0,0,fail=0 warn=0
2026-02-10T21:18:45.039536+00:00,OK,0,0,fail=0 warn=0
2026-02-10T21:21:52.234476+00:00,OK,0,0,fail=0 warn=0
2026-02-10T21:25:02.215853+00:00,OK,0,0,fail=0 warn=0
2026-02-10T21:28:14.379116+00:00,OK,0,0,fail=0 warn=0
2026-02-10T21:31:24.821750+00:00,OK,0,0,fail=0 warn=0
2026-02-10T21:35:52.412948+00:00,OK,0,0,fail=0 warn=0
2026-02-10T21:39:06.773862+00:00,OK,0,0,fail=0 warn=0
2026-02-10T21:42:18.075409+00:00,OK,0,0,fail=0 warn=0
2026-02-10T22:06:40.098492+00:00,OK,0,0,fail=0 warn=0
2026-02-10T22:09:50.810164+00:00,OK,0,0,fail=0 warn=0
2026-02-10T22:12:59.703411+00:00,OK,0,0,fail=0 warn=0
2026-02-10T22:16:07.354203+00:00,OK,0,0,fail=0 warn=0
2026-02-10T22:19:14.365254+00:00,OK,0,0,fail=0 warn=0
2026-02-10T22:22:24.872173+00:00,OK,0,0,fail=0 warn=0
2026-02-10T22:25:33.015089+00:00,OK,0,0,fail=0 warn=0
2026-02-10T22:28:40.360012+00:00,OK,0,0,fail=0 warn=0
2026-02-10T22:31:57.321292+00:00,OK,0,0,fail=0 warn=0
2026-02-10T22:35:10.589686+00:00,OK,0,0,fail=0 warn=0
2026-02-10T22:39:42.556089+00:00,OK,0,0,fail=0 warn=0
2026-02-10T22:42:49.569996+00:00,OK,0,0,fail=0 warn=0
2026-02-10T23:03:31.826715+00:00,OK,0,0,fail=0 warn=0
2026-02-10T23:06:47.944683+00:00,OK,0,0,fail=0 warn=0
2026-02-10T23:10:05.675594+00:00,OK,0,0,fail=0 warn=0
2026-02-10T23:13:15.531398+00:00,OK,0,0,fail=0 warn=0
2026-02-10T23:16:27.880569+00:00,OK,0,0,fail=0 warn=0
2026-02-10T23:19:43.398877+00:00,OK,0,0,fail=0 warn=0
2026-02-10T23:22:52.743575+00:00,OK,0,0,fail=0 warn=0
2026-02-10T23:26:08.711318+00:00,OK,0,0,fail=0 warn=0
2026-02-10T23:29:18.965078+00:00,OK,0,0,fail=0 warn=0
2026-02-10T23:32:29.528820+00:00,OK,0,0,fail=0 warn=0
2026-02-10T23:35:40.003859+00:00,OK,0,0,fail=0 warn=0
2026-02-10T23:38:47.102275+00:00,OK,0,0,fail=0 warn=0
2026-02-10T23:43:04.203346+00:00,OK,0,0,fail=0 warn=0
2026-02-11T00:04:03.925000+00:00,WARN,0,5,fail=0 warn=5
2026-02-11T00:07:23.979001+00:00,WARN,0,5,fail=0 warn=5
2026-02-11T00:10:38.448656+00:00,WARN,0,5,fail=0 warn=5
2026-02-11T00:13:49.206221+00:00,WARN,0,5,fail=0 warn=5
2026-02-11T00:17:00.740768+00:00,WARN,0,5,fail=0 warn=5
2026-02-11T00:20:19.476536+00:00,WARN,0,5,fail=0 warn=5
2026-02-11T00:23:31.194151+00:00,WARN,0,5,fail=0 warn=5
2026-02-11T00:26:44.909490+00:00,WARN,0,5,fail=0 warn=5
2026-02-11T00:29:58.604186+00:00,WARN,0,5,fail=0 warn=5
2026-02-11T00:33:05.787499+00:00,WARN,0,5,fail=0 warn=5
2026-02-11T00:36:16.266800+00:00,WARN,0,5,fail=0 warn=5
2026-02-11T00:39:28.361530+00:00,WARN,0,5,fail=0 warn=5
2026-02-11T00:42:38.379932+00:00,WARN,0,5,fail=0 warn=5
2026-02-11T01:05:37.123846+00:00,WARN,0,5,fail=0 warn=5
2026-02-11T01:08:46.234007+00:00,WARN,0,5,fail=0 warn=5
2026-02-11T01:11:51.904981+00:00,WARN,0,5,fail=0 warn=5
2026-02-11T01:14:59.692849+00:00,WARN,0,5,fail=0 warn=5
2026-02-11T01:18:08.103957+00:00,WARN,0,5,fail=0 warn=5
2026-02-11T01:21:16.823611+00:00,WARN,0,5,fail=0 warn=5
2026-02-11T01:24:27.873283+00:00,WARN,0,5,fail=0 warn=5
2026-02-11T01:27:37.533273+00:00,WARN,0,5,fail=0 warn=5
2026-02-11T01:30:45.810288+00:00,WARN,0,5,fail=0 warn=5
2026-02-11T01:33:55.736238+00:00,WARN,0,5,fail=0 warn=5
2026-02-11T01:37:06.104201+00:00,WARN,0,5,fail=0 warn=5
2026-02-11T01:40:12.642332+00:00,WARN,0,5,fail=0 warn=5
2026-02-11T01:43:24.209777+00:00,WARN,0,5,fail=0 warn=5
2026-02-11T01:46:35.370625+00:00,WARN,0,5,fail=0 warn=5
2026-02-11T02:11:15.691225+00:00,WARN,0,5,fail=0 warn=5
2026-02-11T02:22:46.320147+00:00,WARN,0,6,fail=0 warn=6
2026-02-11T02:25:56.969653+00:00,WARN,0,6,fail=0 warn=6
2026-02-11T02:29:07.291689+00:00,WARN,0,6,fail=0 warn=6
2026-02-11T02:32:14.642854+00:00,WARN,0,6,fail=0 warn=6
2026-02-11T02:35:20.202396+00:00,WARN,0,6,fail=0 warn=6
2026-02-11T02:38:32.355268+00:00,WARN,0,6,fail=0 warn=6
2026-02-11T02:41:41.602420+00:00,WARN,0,6,fail=0 warn=6
2026-02-11T02:44:52.727890+00:00,WARN,0,5,fail=0 warn=5
2026-02-11T02:48:07.601058+00:00,WARN,0,5,fail=0 warn=5
2026-02-11T03:10:49.719495+00:00,WARN,0,5,fail=0 warn=5
2026-02-11T03:15:09.414162+00:00,WARN,0,5,fail=0 warn=5
2026-02-11T03:18:20.440956+00:00,WARN,0,5,fail=0 warn=5
2026-02-11T03:21:30.120217+00:00,WARN,0,5,fail=0 warn=5
2026-02-11T03:24:40.306255+00:00,WARN,0,5,fail=0 warn=5
2026-02-11T03:27:58.865613+00:00,WARN,0,5,fail=0 warn=5
2026-02-11T03:31:09.167206+00:00,WARN,0,5,fail=0 warn=5
2026-02-11T03:34:17.516269+00:00,WARN,0,5,fail=0 warn=5
2026-02-11T03:37:33.496492+00:00,WARN,0,5,fail=0 warn=5
2026-02-11T03:40:39.993156+00:00,WARN,0,5,fail=0 warn=5
2026-02-11T03:43:47.223650+00:00,WARN,0,5,fail=0 warn=5
2026-02-11T03:46:56.565665+00:00,WARN,0,5,fail=0 warn=5
2026-02-11T03:50:12.366643+00:00,WARN,0,6,fail=0 warn=6
2026-02-11T04:12:01.756169+00:00,WARN,0,5,fail=0 warn=5
2026-02-11T04:15:10.358641+00:00,WARN,0,5,fail=0 warn=5
2026-02-11T04:19:25.120400+00:00,WARN,0,5,fail=0 warn=5
2026-02-11T04:22:35.360722+00:00,WARN,0,5,fail=0 warn=5
2026-02-11T04:25:49.743000+00:00,WARN,0,5,fail=0 warn=5
2026-02-11T04:29:03.919280+00:00,WARN,0,5,fail=0 warn=5
2026-02-11T04:32:18.627606+00:00,WARN,0,5,fail=0 warn=5
2026-02-11T04:35:34.165935+00:00,WARN,0,5,fail=0 warn=5
2026-02-11T04:38:52.917370+00:00,WARN,0,5,fail=0 warn=5
2026-02-11T04:42:08.515078+00:00,WARN,0,5,fail=0 warn=5
2026-02-11T04:45:20.805586+00:00,WARN,0,5,fail=0 warn=5
2026-02-11T04:48:34.126803+00:00,WARN,0,5,fail=0 warn=5
2026-02-11T04:51:49.841512+00:00,WARN,0,5,fail=0 warn=5
2026-02-11T05:12:23.216408+00:00,WARN,0,5,fail=0 warn=5
2026-02-11T05:19:08.049065+00:00,WARN,0,5,fail=0 warn=5
2026-02-11T05:23:13.480789+00:00,WARN,0,5,fail=0 warn=5
2026-02-11T05:26:22.150263+00:00,WARN,0,5,fail=0 warn=5
2026-02-11T05:29:30.916514+00:00,WARN,0,5,fail=0 warn=5
2026-02-11T05:32:36.693533+00:00,WARN,0,5,fail=0 warn=5
2026-02-11T05:35:40.123576+00:00,WARN,0,5,fail=0 warn=5
2026-02-11T05:38:50.145959+00:00,WARN,0,5,fail=0 warn=5
2026-02-11T05:41:55.630606+00:00,WARN,0,5,fail=0 warn=5
2026-02-11T05:45:01.133342+00:00,WARN,0,5,fail=0 warn=5
2026-02-11T05:48:05.095640+00:00,WARN,0,5,fail=0 warn=5
2026-02-11T05:51:11.199096+00:00,WARN,0,5,fail=0 warn=5
2026-02-11T05:54:16.681473+00:00,WARN,0,5,fail=0 warn=5
2026-02-11T06:24:09.866135+00:00,WARN,0,1,fail=0 warn=1
2026-02-11T09:59:17.372146+00:00,WARN,0,2,fail=0 warn=2
2026-02-11T10:03:10.904654+00:00,WARN,0,1,fail=0 warn=1
2026-02-11T10:06:23.091840+00:00,WARN,0,1,fail=0 warn=1
2026-02-11T10:09:32.342328+00:00,WARN,0,1,fail=0 warn=1
2026-02-11T10:12:40.176447+00:00,WARN,0,1,fail=0 warn=1
2026-02-11T10:15:45.322039+00:00,WARN,0,1,fail=0 warn=1
2026-02-11T10:19:07.541358+00:00,WARN,0,1,fail=0 warn=1
2026-02-11T10:22:17.315708+00:00,WARN,0,1,fail=0 warn=1
2026-02-11T10:25:26.200742+00:00,WARN,0,1,fail=0 warn=1
2026-02-11T10:28:36.243548+00:00,WARN,0,1,fail=0 warn=1
2026-02-11T10:31:48.767897+00:00,WARN,0,1,fail=0 warn=1
2026-02-11T10:35:02.072255+00:00,WARN,0,1,fail=0 warn=1
2026-02-11T10:39:38.758545+00:00,WARN,0,1,fail=0 warn=1
2026-02-11T11:00:35.427070+00:00,WARN,0,1,fail=0 warn=1
2026-02-11T11:03:51.340248+00:00,WARN,0,1,fail=0 warn=1
2026-02-11T11:07:06.986727+00:00,WARN,0,1,fail=0 warn=1
2026-02-11T11:10:23.801046+00:00,WARN,0,1,fail=0 warn=1
2026-02-11T11:13:39.460212+00:00,WARN,0,1,fail=0 warn=1
2026-02-11T11:16:51.390270+00:00,WARN,0,1,fail=0 warn=1
2026-02-11T11:20:12.063243+00:00,WARN,0,1,fail=0 warn=1
2026-02-11T11:23:28.996377+00:00,WARN,0,1,fail=0 warn=1
2026-02-11T11:27:31.920631+00:00,WARN,0,1,fail=0 warn=1
2026-02-11T11:31:09.112847+00:00,WARN,0,1,fail=0 warn=1
2026-02-11T11:34:40.826151+00:00,WARN,0,1,fail=0 warn=1
2026-02-11T11:37:58.048061+00:00,WARN,0,1,fail=0 warn=1
2026-02-11T11:42:32.954738+00:00,WARN,0,1,fail=0 warn=1
2026-02-11T12:03:34.389280+00:00,WARN,0,1,fail=0 warn=1
2026-02-11T12:06:59.612373+00:00,WARN,0,1,fail=0 warn=1
2026-02-11T12:10:18.732251+00:00,WARN,0,1,fail=0 warn=1
2026-02-11T12:13:40.128044+00:00,WARN,0,1,fail=0 warn=1
2026-02-11T12:16:56.100187+00:00,WARN,0,1,fail=0 warn=1
2026-02-11T12:20:07.270796+00:00,WARN,0,1,fail=0 warn=1
2026-02-11T12:23:54.502538+00:00,WARN,0,1,fail=0 warn=1
2026-02-11T12:27:12.635513+00:00,WARN,0,1,fail=0 warn=1
2026-02-11T12:30:31.861440+00:00,WARN,0,1,fail=0 warn=1
2026-02-11T12:33:40.207945+00:00,WARN,0,1,fail=0 warn=1
2026-02-11T12:37:00.696116+00:00,WARN,0,1,fail=0 warn=1
2026-02-11T12:40:20.873143+00:00,WARN,0,1,fail=0 warn=1
2026-02-11T12:45:01.764826+00:00,WARN,0,1,fail=0 warn=1
2026-02-11T13:05:39.905572+00:00,WARN,0,2,fail=0 warn=2
2026-02-11T13:10:03.745078+00:00,WARN,0,1,fail=0 warn=1
2026-02-11T13:13:20.051983+00:00,WARN,0,1,fail=0 warn=1
2026-02-11T13:16:31.774477+00:00,WARN,0,1,fail=0 warn=1
2026-02-11T13:19:41.730170+00:00,WARN,0,1,fail=0 warn=1
2026-02-11T13:22:55.444056+00:00,WARN,0,1,fail=0 warn=1
2026-02-11T13:26:09.322814+00:00,WARN,0,1,fail=0 warn=1
2026-02-11T13:29:27.048884+00:00,WARN,0,1,fail=0 warn=1
2026-02-11T13:32:42.881451+00:00,WARN,0,1,fail=0 warn=1
2026-02-11T13:35:53.585918+00:00,WARN,0,1,fail=0 warn=1
2026-02-11T13:39:13.640863+00:00,WARN,0,1,fail=0 warn=1
2026-02-11T13:42:31.087898+00:00,WARN,0,1,fail=0 warn=1
2026-02-11T13:47:16.349036+00:00,WARN,0,1,fail=0 warn=1
2026-02-11T14:08:11.113163+00:00,WARN,0,1,fail=0 warn=1
2026-02-11T14:11:42.325539+00:00,WARN,0,1,fail=0 warn=1
2026-02-11T14:15:00.798333+00:00,WARN,0,1,fail=0 warn=1
2026-02-11T14:18:10.347574+00:00,WARN,0,1,fail=0 warn=1
2026-02-11T14:21:29.500891+00:00,WARN,0,1,fail=0 warn=1
2026-02-11T14:24:46.065071+00:00,WARN,0,1,fail=0 warn=1
2026-02-11T14:28:03.909490+00:00,WARN,0,1,fail=0 warn=1
2026-02-11T14:31:19.428451+00:00,WARN,0,1,fail=0 warn=1
2026-02-11T14:34:36.882529+00:00,WARN,0,1,fail=0 warn=1
2026-02-11T14:37:53.514924+00:00,WARN,0,1,fail=0 warn=1
2026-02-11T14:41:10.733733+00:00,WARN,0,1,fail=0 warn=1
2026-02-11T14:44:21.931948+00:00,WARN,0,1,fail=0 warn=1
2026-02-11T14:49:04.934099+00:00,WARN,0,1,fail=0 warn=1
2026-02-11T15:09:25.812776+00:00,WARN,0,1,fail=0 warn=1
2026-02-11T15:13:04.147762+00:00,WARN,0,1,fail=0 warn=1
2026-02-11T15:16:29.875970+00:00,WARN,0,1,fail=0 warn=1
2026-02-11T15:19:49.195996+00:00,OK,0,0,fail=0 warn=0
2026-02-11T15:23:12.146379+00:00,OK,0,0,fail=0 warn=0
2026-02-11T15:26:41.387164+00:00,OK,0,0,fail=0 warn=0
2026-02-11T15:29:57.906303+00:00,OK,0,0,fail=0 warn=0
2026-02-11T15:33:11.296233+00:00,OK,0,0,fail=0 warn=0
2026-02-11T15:36:27.977703+00:00,OK,0,0,fail=0 warn=0
2026-02-11T15:39:44.571374+00:00,OK,0,0,fail=0 warn=0
2026-02-11T15:43:02.355262+00:00,OK,0,0,fail=0 warn=0
2026-02-11T15:46:17.029239+00:00,OK,0,0,fail=0 warn=0
2026-02-11T15:50:58.490754+00:00,OK,0,0,fail=0 warn=0
2026-02-11T16:12:07.669150+00:00,OK,0,0,fail=0 warn=0
2026-02-11T16:15:44.882359+00:00,OK,0,0,fail=0 warn=0
2026-02-11T16:18:59.702893+00:00,OK,0,0,fail=0 warn=0
2026-02-11T16:22:20.125116+00:00,OK,0,0,fail=0 warn=0
2026-02-11T16:25:46.449083+00:00,OK,0,0,fail=0 warn=0
2026-02-11T16:29:09.517320+00:00,OK,0,0,fail=0 warn=0
2026-02-11T16:32:33.729707+00:00,OK,0,0,fail=0 warn=0
2026-02-11T16:35:46.347330+00:00,OK,0,0,fail=0 warn=0
2026-02-11T16:39:04.816144+00:00,OK,0,0,fail=0 warn=0
2026-02-11T16:42:22.690631+00:00,OK,0,0,fail=0 warn=0
2026-02-11T16:47:04.848142+00:00,OK,0,0,fail=0 warn=0
2026-02-11T17:08:46.884336+00:00,OK,0,0,fail=0 warn=0
2026-02-11T17:38:51.619249+00:00,OK,0,0,fail=0 warn=0
2026-02-11T17:42:18.604939+00:00,OK,0,0,fail=0 warn=0
2026-02-11T17:45:40.090182+00:00,OK,0,0,fail=0 warn=0
2026-02-11T17:49:00.866694+00:00,OK,0,0,fail=0 warn=0
2026-02-11T17:52:19.439821+00:00,OK,0,0,fail=0 warn=0
2026-02-11T17:55:33.828404+00:00,OK,0,0,fail=0 warn=0
2026-02-11T17:58:48.062779+00:00,OK,0,0,fail=0 warn=0
2026-02-11T18:02:08.928072+00:00,OK,0,0,fail=0 warn=0
2026-02-11T18:05:27.277700+00:00,OK,0,0,fail=0 warn=0
2026-02-11T18:08:43.882463+00:00,OK,0,0,fail=0 warn=0
2026-02-11T18:12:06.098425+00:00,OK,0,0,fail=0 warn=0
2026-02-11T18:16:30.235280+00:00,OK,0,0,fail=0 warn=0
2026-02-11T18:19:40.825948+00:00,OK,0,0,fail=0 warn=0
2026-02-11T18:39:45.767532+00:00,OK,0,0,fail=0 warn=0
2026-02-11T18:42:53.291494+00:00,OK,0,0,fail=0 warn=0
2026-02-11T18:46:01.961400+00:00,OK,0,0,fail=0 warn=0
2026-02-11T18:49:14.585096+00:00,OK,0,0,fail=0 warn=0
2026-02-11T18:52:27.849914+00:00,OK,0,0,fail=0 warn=0
2026-02-11T18:55:42.695168+00:00,OK,0,0,fail=0 warn=0
2026-02-11T18:58:49.485346+00:00,OK,0,0,fail=0 warn=0
2026-02-11T19:02:02.535088+00:00,OK,0,0,fail=0 warn=0
2026-02-11T19:05:09.270027+00:00,OK,0,0,fail=0 warn=0
2026-02-11T19:08:17.749814+00:00,OK,0,0,fail=0 warn=0
2026-02-11T19:11:31.880078+00:00,OK,0,0,fail=0 warn=0
2026-02-11T19:14:44.719824+00:00,OK,0,0,fail=0 warn=0
2026-02-11T19:19:03.705347+00:00,OK,0,0,fail=0 warn=0
2026-02-11T19:22:13.794644+00:00,OK,0,0,fail=0 warn=0
2026-02-11T19:44:10.653754+00:00,OK,0,0,fail=0 warn=0
2026-02-11T19:48:03.696428+00:00,OK,0,0,fail=0 warn=0
2026-02-11T19:51:16.069805+00:00,OK,0,0,fail=0 warn=0
2026-02-11T19:54:27.873007+00:00,OK,0,0,fail=0 warn=0
2026-02-11T19:57:41.882705+00:00,OK,0,0,fail=0 warn=0
2026-02-11T20:00:51.594129+00:00,OK,0,0,fail=0 warn=0
2026-02-11T20:04:08.779292+00:00,OK,0,0,fail=0 warn=0
2026-02-11T20:07:19.371851+00:00,OK,0,0,fail=0 warn=0
2026-02-11T20:10:36.970362+00:00,OK,0,0,fail=0 warn=0
2026-02-11T20:13:52.816808+00:00,OK,0,0,fail=0 warn=0
2026-02-11T20:17:05.166368+00:00,OK,0,0,fail=0 warn=0
2026-02-11T20:21:38.184169+00:00,OK,0,0,fail=0 warn=0
2026-02-11T20:24:54.759739+00:00,OK,0,0,fail=0 warn=0
2026-02-11T20:45:19.719119+00:00,OK,0,0,fail=0 warn=0
2026-02-11T20:48:29.217314+00:00,OK,0,0,fail=0 warn=0
2026-02-11T20:51:37.482439+00:00,OK,0,0,fail=0 warn=0
2026-02-11T20:54:54.989495+00:00,OK,0,0,fail=0 warn=0
2026-02-11T20:58:14.244002+00:00,OK,0,0,fail=0 warn=0
2026-02-11T21:01:28.404057+00:00,OK,0,0,fail=0 warn=0
2026-02-11T21:04:35.500181+00:00,OK,0,0,fail=0 warn=0
2026-02-11T21:07:46.020299+00:00,OK,0,0,fail=0 warn=0
2026-02-11T21:10:59.301411+00:00,OK,0,0,fail=0 warn=0
2026-02-11T21:14:11.149882+00:00,OK,0,0,fail=0 warn=0
2026-02-11T21:17:20.628201+00:00,OK,0,0,fail=0 warn=0
2026-02-11T21:20:32.537266+00:00,OK,0,0,fail=0 warn=0
2026-02-11T21:24:56.631270+00:00,OK,0,0,fail=0 warn=0
2026-02-11T21:45:06.748913+00:00,OK,0,0,fail=0 warn=0
2026-02-11T21:49:04.764154+00:00,OK,0,0,fail=0 warn=0
2026-02-11T21:52:19.586777+00:00,OK,0,0,fail=0 warn=0
2026-02-11T21:55:34.699066+00:00,OK,0,0,fail=0 warn=0
2026-02-11T21:58:51.042746+00:00,OK,0,0,fail=0 warn=0
2026-02-11T22:02:02.662416+00:00,OK,0,0,fail=0 warn=0
2026-02-11T22:05:15.888432+00:00,OK,0,0,fail=0 warn=0
2026-02-11T22:08:29.071909+00:00,OK,0,0,fail=0 warn=0
2026-02-11T22:11:41.726104+00:00,OK,0,0,fail=0 warn=0
2026-02-11T22:14:57.857634+00:00,OK,0,0,fail=0 warn=0
2026-02-11T22:18:09.151580+00:00,OK,0,0,fail=0 warn=0
2026-02-11T22:21:21.578936+00:00,OK,0,0,fail=0 warn=0
2026-02-11T22:24:34.918769+00:00,OK,0,0,fail=0 warn=0
2026-02-11T22:45:54.697650+00:00,OK,0,0,fail=0 warn=0
2026-02-11T22:49:17.788175+00:00,OK,0,0,fail=0 warn=0
2026-02-11T22:52:35.066591+00:00,OK,0,0,fail=0 warn=0
2026-02-11T22:55:54.533262+00:00,OK,0,0,fail=0 warn=0
2026-02-11T22:59:02.990337+00:00,OK,0,0,fail=0 warn=0
2026-02-11T23:02:10.583121+00:00,OK,0,0,fail=0 warn=0
2026-02-11T23:05:22.672988+00:00,OK,0,0,fail=0 warn=0
2026-02-11T23:08:30.421202+00:00,OK,0,0,fail=0 warn=0
2026-02-11T23:11:40.626336+00:00,OK,0,0,fail=0 warn=0
2026-02-11T23:14:47.837830+00:00,OK,0,0,fail=0 warn=0
2026-02-11T23:17:56.454349+00:00,OK,0,0,fail=0 warn=0
2026-02-11T23:21:11.770894+00:00,OK,0,0,fail=0 warn=0
2026-02-11T23:24:21.669820+00:00,OK,0,0,fail=0 warn=0
2026-02-11T23:27:31.647918+00:00,OK,0,0,fail=0 warn=0
2026-02-11T23:49:06.230065+00:00,OK,0,0,fail=0 warn=0
2026-02-11T23:52:28.479341+00:00,OK,0,0,fail=0 warn=0
2026-02-11T23:55:38.988197+00:00,OK,0,0,fail=0 warn=0
2026-02-11T23:58:51.598457+00:00,OK,0,0,fail=0 warn=0
2026-02-12T00:02:02.108114+00:00,WARN,0,5,fail=0 warn=5
2026-02-12T00:05:13.427583+00:00,WARN,0,5,fail=0 warn=5
2026-02-12T00:08:27.037007+00:00,WARN,0,5,fail=0 warn=5
2026-02-12T00:11:42.920485+00:00,WARN,0,5,fail=0 warn=5
2026-02-12T00:14:56.634882+00:00,WARN,0,5,fail=0 warn=5
2026-02-12T00:18:11.473297+00:00,WARN,0,5,fail=0 warn=5
2026-02-12T00:21:25.907321+00:00,WARN,0,5,fail=0 warn=5
2026-02-12T00:24:40.360156+00:00,WARN,0,5,fail=0 warn=5
2026-02-12T00:27:50.891551+00:00,WARN,0,5,fail=0 warn=5
2026-02-12T00:31:06.348672+00:00,WARN,0,5,fail=0 warn=5
2026-02-12T00:52:10.263080+00:00,WARN,0,5,fail=0 warn=5
2026-02-12T00:55:20.582668+00:00,WARN,0,5,fail=0 warn=5
2026-02-12T00:58:32.343754+00:00,WARN,0,5,fail=0 warn=5
2026-02-12T01:01:42.025479+00:00,WARN,0,5,fail=0 warn=5
2026-02-12T01:04:50.817268+00:00,WARN,0,5,fail=0 warn=5
2026-02-12T01:07:59.390016+00:00,WARN,0,5,fail=0 warn=5
2026-02-12T01:11:14.211012+00:00,WARN,0,5,fail=0 warn=5
2026-02-12T01:14:33.492415+00:00,WARN,0,5,fail=0 warn=5
2026-02-12T01:17:48.523623+00:00,WARN,0,5,fail=0 warn=5
2026-02-12T01:20:55.758728+00:00,WARN,0,5,fail=0 warn=5
2026-02-12T01:24:10.616679+00:00,WARN,0,5,fail=0 warn=5
2026-02-12T01:27:27.990128+00:00,WARN,0,5,fail=0 warn=5
2026-02-12T01:30:39.350048+00:00,WARN,0,5,fail=0 warn=5
2026-02-12T01:33:54.856986+00:00,WARN,0,5,fail=0 warn=5
2026-02-12T01:55:14.787044+00:00,WARN,0,5,fail=0 warn=5
2026-02-12T01:58:23.006030+00:00,WARN,0,5,fail=0 warn=5
2026-02-12T02:01:33.767354+00:00,WARN,0,5,fail=0 warn=5
2026-02-12T02:04:47.082906+00:00,WARN,0,5,fail=0 warn=5
2026-02-12T02:08:00.907134+00:00,WARN,0,5,fail=0 warn=5
2026-02-12T02:11:13.369025+00:00,WARN,0,5,fail=0 warn=5
2026-02-12T02:14:29.325669+00:00,WARN,0,5,fail=0 warn=5
2026-02-12T02:17:43.142049+00:00,WARN,0,5,fail=0 warn=5
2026-02-12T02:20:51.647237+00:00,WARN,0,5,fail=0 warn=5
2026-02-12T02:23:59.770560+00:00,WARN,0,5,fail=0 warn=5
2026-02-12T02:27:07.872383+00:00,WARN,0,5,fail=0 warn=5
2026-02-12T02:30:20.579137+00:00,WARN,0,5,fail=0 warn=5
2026-02-12T02:33:33.440324+00:00,WARN,0,5,fail=0 warn=5
2026-02-12T02:36:50.393112+00:00,WARN,0,5,fail=0 warn=5
2026-02-12T02:58:14.194660+00:00,WARN,0,5,fail=0 warn=5
2026-02-12T03:01:24.104599+00:00,WARN,0,5,fail=0 warn=5
2026-02-12T03:04:40.106332+00:00,WARN,0,5,fail=0 warn=5
2026-02-12T03:07:53.042705+00:00,WARN,0,5,fail=0 warn=5
2026-02-12T03:11:07.202132+00:00,WARN,0,5,fail=0 warn=5
2026-02-12T03:14:16.516495+00:00,WARN,0,5,fail=0 warn=5
2026-02-12T03:17:23.201503+00:00,WARN,0,5,fail=0 warn=5
2026-02-12T03:20:28.128454+00:00,WARN,0,5,fail=0 warn=5
2026-02-12T03:23:35.110765+00:00,WARN,0,5,fail=0 warn=5
2026-02-12T03:26:47.981843+00:00,WARN,0,5,fail=0 warn=5
2026-02-12T03:30:01.962569+00:00,WARN,0,5,fail=0 warn=5
2026-02-12T03:33:08.145126+00:00,WARN,0,5,fail=0 warn=5
2026-02-12T03:36:15.067120+00:00,WARN,0,5,fail=0 warn=5
2026-02-12T03:39:30.585938+00:00,WARN,0,5,fail=0 warn=5
2026-02-12T04:00:51.361670+00:00,WARN,0,5,fail=0 warn=5
2026-02-12T04:04:02.500076+00:00,WARN,0,5,fail=0 warn=5
2026-02-12T04:07:10.952680+00:00,WARN,0,5,fail=0 warn=5
2026-02-12T04:10:17.969204+00:00,WARN,0,5,fail=0 warn=5
2026-02-12T04:13:25.189128+00:00,WARN,0,5,fail=0 warn=5
2026-02-12T04:21:07.288601+00:00,WARN,0,5,fail=0 warn=5
2026-02-12T04:24:12.977542+00:00,WARN,0,5,fail=0 warn=5
2026-02-12T04:27:26.090529+00:00,WARN,0,5,fail=0 warn=5
2026-02-12T04:30:34.567088+00:00,WARN,0,5,fail=0 warn=5
2026-02-12T04:33:47.924843+00:00,WARN,0,5,fail=0 warn=5
2026-02-12T04:36:53.572622+00:00,WARN,0,5,fail=0 warn=5
2026-02-12T04:40:07.212907+00:00,WARN,0,5,fail=0 warn=5
2026-02-12T04:43:20.331094+00:00,WARN,0,5,fail=0 warn=5
2026-02-12T05:04:41.716934+00:00,WARN,0,5,fail=0 warn=5
2026-02-12T05:07:55.438132+00:00,WARN,0,5,fail=0 warn=5
2026-02-12T05:11:07.743534+00:00,WARN,0,5,fail=0 warn=5
2026-02-12T05:14:14.006106+00:00,WARN,0,5,fail=0 warn=5
2026-02-12T05:17:29.635565+00:00,WARN,0,5,fail=0 warn=5
2026-02-12T05:20:36.930446+00:00,WARN,0,5,fail=0 warn=5
2026-02-12T05:23:43.756490+00:00,WARN,0,5,fail=0 warn=5
2026-02-12T05:26:58.275503+00:00,WARN,0,5,fail=0 warn=5
2026-02-12T05:30:05.310918+00:00,WARN,0,5,fail=0 warn=5
2026-02-12T05:33:16.441648+00:00,WARN,0,5,fail=0 warn=5
2026-02-12T05:36:31.060270+00:00,WARN,0,5,fail=0 warn=5
2026-02-12T05:39:46.149680+00:00,WARN,0,5,fail=0 warn=5
2026-02-12T05:42:53.338657+00:00,WARN,0,5,fail=0 warn=5
2026-02-12T05:46:01.022677+00:00,WARN,0,5,fail=0 warn=5
2026-02-12T06:23:31.551821+00:00,OK,0,0,fail=0 warn=0
2026-02-12T09:14:12.468876+00:00,OK,0,0,fail=0 warn=0
2026-02-12T09:17:22.914105+00:00,OK,0,0,fail=0 warn=0
2026-02-12T09:20:33.682925+00:00,OK,0,0,fail=0 warn=0
2026-02-12T09:23:46.666862+00:00,OK,0,0,fail=0 warn=0
2026-02-12T09:26:57.360736+00:00,OK,0,0,fail=0 warn=0
2026-02-12T09:30:05.106094+00:00,OK,0,0,fail=0 warn=0
2026-02-12T09:33:16.497517+00:00,OK,0,0,fail=0 warn=0
2026-02-12T09:36:30.098728+00:00,FAIL,2,0,fail=2 warn=0
2026-02-12T09:38:55.928492+00:00,FAIL,2,1,fail=2 warn=1
2026-02-12T09:41:13.034204+00:00,FAIL,2,1,fail=2 warn=1
2026-02-12T09:43:34.656574+00:00,FAIL,2,1,fail=2 warn=1
2026-02-12T09:46:00.179587+00:00,WARN,0,2,fail=0 warn=2
2026-02-12T09:49:21.086259+00:00,WARN,0,1,fail=0 warn=1
2026-02-12T09:52:42.655359+00:00,WARN,0,1,fail=0 warn=1
2026-02-12T10:16:31.380962+00:00,WARN,0,1,fail=0 warn=1
2026-02-12T10:19:49.612871+00:00,WARN,0,1,fail=0 warn=1
2026-02-12T10:23:08.240801+00:00,WARN,0,1,fail=0 warn=1
2026-02-12T10:26:25.347484+00:00,WARN,0,1,fail=0 warn=1
2026-02-12T10:29:37.820341+00:00,OK,0,0,fail=0 warn=0
2026-02-12T10:32:50.438986+00:00,OK,0,0,fail=0 warn=0
2026-02-12T10:36:03.704645+00:00,OK,0,0,fail=0 warn=0
2026-02-12T10:39:12.169324+00:00,OK,0,0,fail=0 warn=0
2026-02-12T10:42:27.293539+00:00,OK,0,0,fail=0 warn=0
2026-02-12T10:45:41.335980+00:00,OK,0,0,fail=0 warn=0
2026-02-12T10:48:52.695463+00:00,OK,0,0,fail=0 warn=0
2026-02-12T10:52:09.893694+00:00,OK,0,0,fail=0 warn=0
2026-02-12T10:55:29.435574+00:00,OK,0,0,fail=0 warn=0
2026-02-12T11:19:30.115572+00:00,WARN,0,1,fail=0 warn=1
2026-02-12T11:22:48.826884+00:00,WARN,0,1,fail=0 warn=1
2026-02-12T11:26:03.292740+00:00,WARN,0,1,fail=0 warn=1
2026-02-12T11:29:14.773695+00:00,WARN,0,1,fail=0 warn=1
2026-02-12T11:32:27.767206+00:00,WARN,0,1,fail=0 warn=1
2026-02-12T11:35:42.022588+00:00,WARN,0,1,fail=0 warn=1
2026-02-12T11:38:53.343449+00:00,WARN,0,1,fail=0 warn=1
2026-02-12T11:42:04.060603+00:00,WARN,0,1,fail=0 warn=1
2026-02-12T11:45:17.263922+00:00,WARN,0,1,fail=0 warn=1
2026-02-12T11:48:35.793241+00:00,WARN,0,1,fail=0 warn=1
2026-02-12T11:51:47.584709+00:00,WARN,0,1,fail=0 warn=1
2026-02-12T11:55:06.285585+00:00,WARN,0,1,fail=0 warn=1
2026-02-12T11:58:27.714364+00:00,WARN,0,2,fail=0 warn=2
2026-02-12T12:21:27.518681+00:00,WARN,0,2,fail=0 warn=2
2026-02-12T12:24:46.477833+00:00,WARN,0,1,fail=0 warn=1
2026-02-12T12:27:59.668160+00:00,WARN,0,1,fail=0 warn=1
2026-02-12T12:31:19.313685+00:00,WARN,0,1,fail=0 warn=1
2026-02-12T12:35:16.976335+00:00,WARN,0,1,fail=0 warn=1
2026-02-12T12:38:32.739835+00:00,WARN,0,1,fail=0 warn=1
2026-02-12T12:41:43.231577+00:00,WARN,0,1,fail=0 warn=1
2026-02-12T12:44:55.900968+00:00,WARN,0,1,fail=0 warn=1
2026-02-12T12:48:08.480139+00:00,WARN,0,1,fail=0 warn=1
2026-02-12T12:52:00.665680+00:00,FAIL,1,1,fail=1 warn=1
2026-02-12T12:54:20.489477+00:00,FAIL,1,2,fail=1 warn=2
2026-02-12T12:56:41.896071+00:00,FAIL,1,2,fail=1 warn=2
2026-02-12T12:59:05.188216+00:00,FAIL,1,2,fail=1 warn=2
2026-02-12T13:01:25.599039+00:00,FAIL,1,2,fail=1 warn=2
2026-02-12T13:23:08.921672+00:00,FAIL,1,1,fail=1 warn=1
2026-02-12T13:25:34.610265+00:00,FAIL,1,1,fail=1 warn=1
2026-02-12T13:27:54.774062+00:00,FAIL,1,2,fail=1 warn=2
2026-02-12T13:30:22.105309+00:00,FAIL,1,1,fail=1 warn=1
2026-02-12T13:32:56.423216+00:00,FAIL,1,1,fail=1 warn=1
2026-02-12T13:35:22.438649+00:00,FAIL,1,1,fail=1 warn=1
2026-02-12T13:37:43.589139+00:00,FAIL,1,1,fail=1 warn=1
2026-02-12T13:40:02.843570+00:00,FAIL,1,1,fail=1 warn=1
2026-02-12T13:42:24.176544+00:00,FAIL,1,1,fail=1 warn=1
2026-02-12T13:44:44.751660+00:00,FAIL,1,1,fail=1 warn=1
2026-02-12T13:47:06.460945+00:00,FAIL,1,1,fail=1 warn=1
2026-02-12T13:49:27.421729+00:00,FAIL,1,1,fail=1 warn=1
2026-02-12T13:51:53.329576+00:00,FAIL,1,1,fail=1 warn=1
2026-02-12T13:54:25.131630+00:00,FAIL,1,1,fail=1 warn=1
2026-02-12T13:56:45.859727+00:00,FAIL,1,1,fail=1 warn=1
2026-02-12T13:59:05.302833+00:00,FAIL,1,1,fail=1 warn=1
2026-02-12T14:02:04.027271+00:00,FAIL,1,1,fail=1 warn=1
2026-02-12T14:04:26.985740+00:00,FAIL,1,1,fail=1 warn=1
2026-02-12T14:26:55.069219+00:00,FAIL,1,1,fail=1 warn=1
2026-02-12T14:29:20.787721+00:00,FAIL,1,1,fail=1 warn=1
2026-02-12T14:31:55.251887+00:00,FAIL,1,2,fail=1 warn=2
2026-02-12T14:34:19.083881+00:00,FAIL,1,1,fail=1 warn=1
2026-02-12T14:36:41.779160+00:00,FAIL,1,1,fail=1 warn=1
2026-02-12T14:39:06.924123+00:00,FAIL,1,1,fail=1 warn=1
2026-02-12T14:41:28.256743+00:00,FAIL,1,1,fail=1 warn=1
2026-02-12T14:43:57.313938+00:00,FAIL,1,1,fail=1 warn=1
2026-02-12T14:46:20.106280+00:00,FAIL,1,2,fail=1 warn=2
2026-02-12T14:48:45.141102+00:00,FAIL,1,1,fail=1 warn=1
2026-02-12T14:51:03.861658+00:00,FAIL,1,1,fail=1 warn=1
2026-02-12T14:53:25.569320+00:00,FAIL,1,1,fail=1 warn=1
2026-02-12T14:55:45.111075+00:00,FAIL,1,1,fail=1 warn=1
2026-02-12T14:58:05.454106+00:00,FAIL,1,1,fail=1 warn=1
2026-02-12T15:00:47.027203+00:00,FAIL,1,1,fail=1 warn=1
2026-02-12T15:03:11.064938+00:00,FAIL,1,1,fail=1 warn=1
2026-02-12T15:05:34.942147+00:00,FAIL,1,2,fail=1 warn=2
2026-02-12T15:07:56.998274+00:00,FAIL,1,1,fail=1 warn=1
2026-02-12T15:30:41.981241+00:00,WARN,0,1,fail=0 warn=1
2026-02-12T15:34:06.094868+00:00,FAIL,1,1,fail=1 warn=1
2026-02-12T15:36:29.872481+00:00,FAIL,1,2,fail=1 warn=2
2026-02-12T15:38:52.078059+00:00,FAIL,1,1,fail=1 warn=1
2026-02-12T15:41:12.468223+00:00,FAIL,1,1,fail=1 warn=1
2026-02-12T15:43:35.390377+00:00,FAIL,1,1,fail=1 warn=1
2026-02-12T15:45:54.714943+00:00,FAIL,1,1,fail=1 warn=1
2026-02-12T15:48:46.416994+00:00,FAIL,1,1,fail=1 warn=1
2026-02-12T15:51:06.735415+00:00,FAIL,1,1,fail=1 warn=1
2026-02-12T15:53:28.432365+00:00,FAIL,1,1,fail=1 warn=1
2026-02-12T15:55:53.107872+00:00,FAIL,1,1,fail=1 warn=1
2026-02-12T15:58:16.696511+00:00,FAIL,1,1,fail=1 warn=1
2026-02-12T16:00:42.364799+00:00,FAIL,1,1,fail=1 warn=1
2026-02-12T16:03:04.985950+00:00,FAIL,1,1,fail=1 warn=1
2026-02-12T16:05:27.409747+00:00,FAIL,1,1,fail=1 warn=1
2026-02-12T16:07:51.175846+00:00,FAIL,1,1,fail=1 warn=1
2026-02-12T16:10:13.067489+00:00,FAIL,1,1,fail=1 warn=1
2026-02-12T16:32:11.357020+00:00,FAIL,1,1,fail=1 warn=1
2026-02-12T16:34:31.548791+00:00,FAIL,1,1,fail=1 warn=1
2026-02-12T16:37:16.568828+00:00,FAIL,1,1,fail=1 warn=1
2026-02-12T16:39:36.871829+00:00,FAIL,1,1,fail=1 warn=1
2026-02-12T16:42:00.519910+00:00,FAIL,1,1,fail=1 warn=1
2026-02-12T16:44:24.152856+00:00,FAIL,1,1,fail=1 warn=1
2026-02-12T16:47:17.009226+00:00,FAIL,1,1,fail=1 warn=1
2026-02-12T16:49:36.487329+00:00,FAIL,1,1,fail=1 warn=1
2026-02-12T16:51:59.158414+00:00,FAIL,1,1,fail=1 warn=1
2026-02-12T16:54:20.502900+00:00,FAIL,1,1,fail=1 warn=1
2026-02-12T16:56:46.127659+00:00,FAIL,1,1,fail=1 warn=1
2026-02-12T16:59:06.154793+00:00,FAIL,1,1,fail=1 warn=1
2026-02-12T17:01:30.585561+00:00,FAIL,1,1,fail=1 warn=1
2026-02-12T17:03:51.799723+00:00,FAIL,1,1,fail=1 warn=1
2026-02-12T17:06:15.580524+00:00,FAIL,1,1,fail=1 warn=1
2026-02-12T17:08:35.902993+00:00,FAIL,1,1,fail=1 warn=1
2026-02-12T17:11:00.103744+00:00,FAIL,1,1,fail=1 warn=1
2026-02-12T17:13:21.141396+00:00,FAIL,1,1,fail=1 warn=1
2026-02-12T17:34:46.623296+00:00,FAIL,1,1,fail=1 warn=1
2026-02-12T17:37:09.237256+00:00,FAIL,1,2,fail=1 warn=2
2026-02-12T17:39:30.284749+00:00,FAIL,1,2,fail=1 warn=2
2026-02-12T17:41:50.165869+00:00,FAIL,1,1,fail=1 warn=1
2026-02-12T17:44:12.878692+00:00,FAIL,1,1,fail=1 warn=1
2026-02-12T17:46:35.004522+00:00,FAIL,1,2,fail=1 warn=2
2026-02-12T17:48:55.869924+00:00,FAIL,1,1,fail=1 warn=1
2026-02-12T17:51:16.728568+00:00,FAIL,1,1,fail=1 warn=1
2026-02-12T17:53:37.408378+00:00,FAIL,1,1,fail=1 warn=1
2026-02-12T17:55:57.381349+00:00,FAIL,1,1,fail=1 warn=1
2026-02-12T17:58:15.862620+00:00,FAIL,1,1,fail=1 warn=1
2026-02-12T18:00:35.691457+00:00,FAIL,1,1,fail=1 warn=1
2026-02-12T18:03:00.687402+00:00,FAIL,1,1,fail=1 warn=1
2026-02-12T18:05:19.936688+00:00,FAIL,1,1,fail=1 warn=1
2026-02-12T18:07:41.019373+00:00,FAIL,1,1,fail=1 warn=1
2026-02-12T18:09:59.210498+00:00,FAIL,1,1,fail=1 warn=1
2026-02-12T18:12:19.016140+00:00,FAIL,1,1,fail=1 warn=1
2026-02-12T18:14:36.688469+00:00,FAIL,1,1,fail=1 warn=1
2026-02-12T18:16:57.960078+00:00,FAIL,1,1,fail=1 warn=1
2026-02-12T18:38:47.215658+00:00,FAIL,1,1,fail=1 warn=1
2026-02-12T18:41:47.889390+00:00,FAIL,1,1,fail=1 warn=1
2026-02-12T18:44:18.500546+00:00,FAIL,1,2,fail=1 warn=2
2026-02-12T18:46:41.793464+00:00,FAIL,1,2,fail=1 warn=2
2026-02-12T18:49:07.429876+00:00,FAIL,1,2,fail=1 warn=2
2026-02-12T18:51:33.755378+00:00,FAIL,1,2,fail=1 warn=2
2026-02-12T18:53:59.617991+00:00,FAIL,1,1,fail=1 warn=1
2026-02-12T18:56:18.496367+00:00,FAIL,1,1,fail=1 warn=1
2026-02-12T18:58:45.493121+00:00,FAIL,1,1,fail=1 warn=1
2026-02-12T19:01:06.020215+00:00,FAIL,1,1,fail=1 warn=1
2026-02-12T19:03:27.142981+00:00,FAIL,1,1,fail=1 warn=1
2026-02-12T19:05:45.124179+00:00,FAIL,1,1,fail=1 warn=1
2026-02-12T19:08:04.168631+00:00,FAIL,1,1,fail=1 warn=1
2026-02-12T19:10:24.188149+00:00,FAIL,1,1,fail=1 warn=1
2026-02-12T19:12:48.682954+00:00,FAIL,1,1,fail=1 warn=1
2026-02-12T19:15:10.561392+00:00,FAIL,1,2,fail=1 warn=2
2026-02-12T19:17:31.448872+00:00,FAIL,1,1,fail=1 warn=1
2026-02-12T19:19:51.340890+00:00,FAIL,1,1,fail=1 warn=1
2026-02-12T19:42:02.861557+00:00,FAIL,1,1,fail=1 warn=1
2026-02-12T19:44:28.876176+00:00,FAIL,1,2,fail=1 warn=2
2026-02-12T19:46:48.277978+00:00,FAIL,1,1,fail=1 warn=1
2026-02-12T19:49:14.582481+00:00,FAIL,1,1,fail=1 warn=1
2026-02-12T19:51:35.364864+00:00,FAIL,1,1,fail=1 warn=1
2026-02-12T19:53:53.971976+00:00,FAIL,1,1,fail=1 warn=1
2026-02-12T19:56:15.503330+00:00,FAIL,1,1,fail=1 warn=1
2026-02-12T19:58:36.908380+00:00,FAIL,1,1,fail=1 warn=1
2026-02-12T20:00:57.184491+00:00,FAIL,1,1,fail=1 warn=1
2026-02-12T20:03:18.024214+00:00,FAIL,1,1,fail=1 warn=1
2026-02-12T20:05:35.722429+00:00,FAIL,1,1,fail=1 warn=1
2026-02-12T20:07:56.971671+00:00,FAIL,1,1,fail=1 warn=1
2026-02-12T20:10:15.694191+00:00,FAIL,1,1,fail=1 warn=1
2026-02-12T20:12:35.179000+00:00,FAIL,1,1,fail=1 warn=1
2026-02-12T20:14:53.435121+00:00,FAIL,1,1,fail=1 warn=1
2026-02-12T20:17:12.695975+00:00,FAIL,1,1,fail=1 warn=1
2026-02-12T20:19:37.454460+00:00,FAIL,1,1,fail=1 warn=1
2026-02-12T20:21:57.388575+00:00,FAIL,1,2,fail=1 warn=2
2026-02-12T20:44:25.341446+00:00,FAIL,1,1,fail=1 warn=1
2026-02-12T20:46:46.501751+00:00,FAIL,1,1,fail=1 warn=1
2026-02-12T20:49:04.869201+00:00,FAIL,1,1,fail=1 warn=1
2026-02-12T20:51:25.111591+00:00,FAIL,1,1,fail=1 warn=1
2026-02-12T20:53:51.617780+00:00,FAIL,1,1,fail=1 warn=1
2026-02-12T20:56:12.294787+00:00,FAIL,1,1,fail=1 warn=1
2026-02-12T20:58:32.645300+00:00,FAIL,1,1,fail=1 warn=1
2026-02-12T21:00:52.893517+00:00,FAIL,1,1,fail=1 warn=1
2026-02-12T21:03:18.310553+00:00,FAIL,1,1,fail=1 warn=1
2026-02-12T21:05:38.159318+00:00,FAIL,1,1,fail=1 warn=1
2026-02-12T21:08:04.020774+00:00,FAIL,1,1,fail=1 warn=1
2026-02-12T21:10:22.260648+00:00,FAIL,1,1,fail=1 warn=1
2026-02-12T21:12:42.074985+00:00,FAIL,1,1,fail=1 warn=1
2026-02-12T21:15:02.474850+00:00,FAIL,1,1,fail=1 warn=1
2026-02-12T21:17:22.778672+00:00,FAIL,1,1,fail=1 warn=1
2026-02-12T21:19:49.495071+00:00,FAIL,1,1,fail=1 warn=1
2026-02-12T21:22:09.307187+00:00,FAIL,1,1,fail=1 warn=1
2026-02-12T21:24:40.670926+00:00,FAIL,1,1,fail=1 warn=1
2026-02-12T21:45:49.534142+00:00,FAIL,1,1,fail=1 warn=1
2026-02-12T21:48:14.980327+00:00,FAIL,1,1,fail=1 warn=1
2026-02-12T21:50:41.649636+00:00,FAIL,1,1,fail=1 warn=1
2026-02-12T21:53:17.673931+00:00,FAIL,1,1,fail=1 warn=1
2026-02-12T21:55:41.567353+00:00,FAIL,1,1,fail=1 warn=1
2026-02-12T21:57:59.875920+00:00,FAIL,1,1,fail=1 warn=1
2026-02-12T22:00:20.009516+00:00,FAIL,1,1,fail=1 warn=1
2026-02-12T22:02:39.879517+00:00,FAIL,1,1,fail=1 warn=1
2026-02-12T22:04:59.078387+00:00,FAIL,1,1,fail=1 warn=1
2026-02-12T22:07:19.599050+00:00,FAIL,1,1,fail=1 warn=1
2026-02-12T22:09:44.222717+00:00,FAIL,1,1,fail=1 warn=1
2026-02-12T22:12:10.421923+00:00,FAIL,1,1,fail=1 warn=1
2026-02-12T22:14:36.145168+00:00,FAIL,1,1,fail=1 warn=1
2026-02-12T22:16:54.697449+00:00,FAIL,1,1,fail=1 warn=1
2026-02-12T22:19:21.304356+00:00,FAIL,1,1,fail=1 warn=1
2026-02-12T22:21:43.502540+00:00,FAIL,1,1,fail=1 warn=1
2026-02-12T22:24:08.609117+00:00,FAIL,1,1,fail=1 warn=1
2026-02-12T22:26:27.636611+00:00,FAIL,1,1,fail=1 warn=1
2026-02-12T22:47:09.068470+00:00,FAIL,1,1,fail=1 warn=1
2026-02-12T22:49:27.755617+00:00,FAIL,1,1,fail=1 warn=1
2026-02-12T22:51:53.183713+00:00,FAIL,1,1,fail=1 warn=1
2026-02-12T22:54:20.303166+00:00,FAIL,1,1,fail=1 warn=1
2026-02-12T22:56:47.724724+00:00,FAIL,1,1,fail=1 warn=1
2026-02-12T22:59:05.505300+00:00,FAIL,1,1,fail=1 warn=1
2026-02-12T23:01:25.092690+00:00,FAIL,1,1,fail=1 warn=1
2026-02-12T23:03:47.391374+00:00,FAIL,1,1,fail=1 warn=1
2026-02-12T23:06:06.166653+00:00,FAIL,1,1,fail=1 warn=1
2026-02-12T23:08:35.280227+00:00,FAIL,1,2,fail=1 warn=2
2026-02-12T23:11:00.365704+00:00,FAIL,1,2,fail=1 warn=2
2026-02-12T23:13:19.077133+00:00,FAIL,1,1,fail=1 warn=1
2026-02-12T23:15:37.648291+00:00,FAIL,1,1,fail=1 warn=1
2026-02-12T23:18:03.730607+00:00,FAIL,1,1,fail=1 warn=1
2026-02-12T23:20:23.354880+00:00,FAIL,1,1,fail=1 warn=1
2026-02-12T23:22:50.216494+00:00,FAIL,1,1,fail=1 warn=1
2026-02-12T23:25:43.243727+00:00,FAIL,1,1,fail=1 warn=1
2026-02-12T23:28:02.870737+00:00,FAIL,1,1,fail=1 warn=1
2026-02-12T23:50:54.223319+00:00,FAIL,1,1,fail=1 warn=1
2026-02-12T23:53:17.879014+00:00,FAIL,1,1,fail=1 warn=1
2026-02-12T23:55:43.968461+00:00,FAIL,1,1,fail=1 warn=1
2026-02-12T23:58:02.481358+00:00,FAIL,1,1,fail=1 warn=1
2026-02-13T00:00:26.786687+00:00,FAIL,1,6,fail=1 warn=6
2026-02-13T00:02:50.791676+00:00,FAIL,1,6,fail=1 warn=6
2026-02-13T00:05:10.170296+00:00,FAIL,1,6,fail=1 warn=6
2026-02-13T00:07:29.544781+00:00,FAIL,1,6,fail=1 warn=6
2026-02-13T00:09:48.540435+00:00,FAIL,1,6,fail=1 warn=6
2026-02-13T00:12:09.467535+00:00,FAIL,1,6,fail=1 warn=6
2026-02-13T00:14:28.577298+00:00,FAIL,1,6,fail=1 warn=6
2026-02-13T00:16:54.989466+00:00,FAIL,1,6,fail=1 warn=6
2026-02-13T00:19:18.769633+00:00,FAIL,1,6,fail=1 warn=6
2026-02-13T00:21:41.081155+00:00,FAIL,1,6,fail=1 warn=6
2026-02-13T00:24:04.258479+00:00,FAIL,1,6,fail=1 warn=6
2026-02-13T00:26:29.886123+00:00,FAIL,1,6,fail=1 warn=6
2026-02-13T00:28:57.456969+00:00,FAIL,1,6,fail=1 warn=6
2026-02-13T00:31:15.753591+00:00,FAIL,1,6,fail=1 warn=6
2026-02-13T00:51:03.613850+00:00,FAIL,1,6,fail=1 warn=6
2026-02-13T00:53:26.250397+00:00,FAIL,1,6,fail=1 warn=6
2026-02-13T00:55:52.055261+00:00,FAIL,1,6,fail=1 warn=6
2026-02-13T00:58:16.636066+00:00,FAIL,1,6,fail=1 warn=6
2026-02-13T01:00:40.259584+00:00,FAIL,1,6,fail=1 warn=6
2026-02-13T01:03:04.190391+00:00,FAIL,1,6,fail=1 warn=6
2026-02-13T01:05:27.808142+00:00,FAIL,1,6,fail=1 warn=6
2026-02-13T01:07:50.758537+00:00,FAIL,1,6,fail=1 warn=6
2026-02-13T01:10:13.826108+00:00,FAIL,1,6,fail=1 warn=6
2026-02-13T01:12:37.075093+00:00,FAIL,1,6,fail=1 warn=6
2026-02-13T01:14:58.867033+00:00,FAIL,1,6,fail=1 warn=6
2026-02-13T01:17:26.067275+00:00,FAIL,1,6,fail=1 warn=6
2026-02-13T01:19:49.409117+00:00,FAIL,1,6,fail=1 warn=6
2026-02-13T01:22:12.409177+00:00,FAIL,1,6,fail=1 warn=6
2026-02-13T01:24:34.860722+00:00,FAIL,1,6,fail=1 warn=6
2026-02-13T01:26:56.519426+00:00,FAIL,1,6,fail=1 warn=6
2026-02-13T01:29:19.633803+00:00,FAIL,1,6,fail=1 warn=6
2026-02-13T01:31:42.071775+00:00,FAIL,1,6,fail=1 warn=6
2026-02-13T01:34:05.395004+00:00,FAIL,1,6,fail=1 warn=6
2026-02-13T01:53:10.197460+00:00,FAIL,1,6,fail=1 warn=6
2026-02-13T01:55:32.979156+00:00,FAIL,1,6,fail=1 warn=6
2026-02-13T01:57:55.237831+00:00,FAIL,1,6,fail=1 warn=6
2026-02-13T02:00:12.777755+00:00,FAIL,1,6,fail=1 warn=6
2026-02-13T02:02:35.983422+00:00,FAIL,1,6,fail=1 warn=6
2026-02-13T02:04:57.902829+00:00,FAIL,1,6,fail=1 warn=6
2026-02-13T02:07:23.580770+00:00,FAIL,1,6,fail=1 warn=6
2026-02-13T02:09:47.874304+00:00,FAIL,1,6,fail=1 warn=6
2026-02-13T02:12:11.556827+00:00,FAIL,1,6,fail=1 warn=6
2026-02-13T02:14:34.355793+00:00,FAIL,1,6,fail=1 warn=6
2026-02-13T02:16:57.418861+00:00,FAIL,1,6,fail=1 warn=6
2026-02-13T02:19:18.567141+00:00,FAIL,1,6,fail=1 warn=6
2026-02-13T02:21:44.824787+00:00,FAIL,1,6,fail=1 warn=6
2026-02-13T02:24:05.946348+00:00,FAIL,1,6,fail=1 warn=6
2026-02-13T02:26:28.822176+00:00,FAIL,1,6,fail=1 warn=6
2026-02-13T02:28:50.497056+00:00,FAIL,1,6,fail=1 warn=6
2026-02-13T02:31:12.272190+00:00,FAIL,1,6,fail=1 warn=6
2026-02-13T02:33:33.112156+00:00,FAIL,1,6,fail=1 warn=6
2026-02-13T02:35:54.521257+00:00,FAIL,1,6,fail=1 warn=6
2026-02-13T02:54:54.902817+00:00,FAIL,1,6,fail=1 warn=6
2026-02-13T02:57:18.530392+00:00,FAIL,1,6,fail=1 warn=6
2026-02-13T02:59:43.468268+00:00,FAIL,1,6,fail=1 warn=6
2026-02-13T03:02:17.106818+00:00,FAIL,1,6,fail=1 warn=6
2026-02-13T03:04:42.258667+00:00,FAIL,1,6,fail=1 warn=6
2026-02-13T03:07:06.647831+00:00,FAIL,1,6,fail=1 warn=6
2026-02-13T03:09:24.901473+00:00,FAIL,1,6,fail=1 warn=6
2026-02-13T03:11:48.432517+00:00,FAIL,1,6,fail=1 warn=6
2026-02-13T03:14:11.116079+00:00,FAIL,1,6,fail=1 warn=6
2026-02-13T03:16:34.477104+00:00,FAIL,1,6,fail=1 warn=6
2026-02-13T03:18:55.638781+00:00,FAIL,1,6,fail=1 warn=6
2026-02-13T03:21:26.269434+00:00,FAIL,1,6,fail=1 warn=6
2026-02-13T03:23:45.451243+00:00,FAIL,1,6,fail=1 warn=6
2026-02-13T03:26:08.737841+00:00,FAIL,1,6,fail=1 warn=6
2026-02-13T03:28:32.952558+00:00,FAIL,1,6,fail=1 warn=6
2026-02-13T03:30:56.497151+00:00,FAIL,1,6,fail=1 warn=6
2026-02-13T03:33:19.519468+00:00,FAIL,1,6,fail=1 warn=6
2026-02-13T03:35:42.873233+00:00,FAIL,1,6,fail=1 warn=6
2026-02-13T03:38:05.055191+00:00,FAIL,1,6,fail=1 warn=6
2026-02-13T03:57:11.568849+00:00,FAIL,1,6,fail=1 warn=6
2026-02-13T03:59:36.662006+00:00,FAIL,1,6,fail=1 warn=6
2026-02-13T04:01:59.917139+00:00,FAIL,1,6,fail=1 warn=6
2026-02-13T04:04:26.220025+00:00,FAIL,1,6,fail=1 warn=6
2026-02-13T04:06:47.528719+00:00,FAIL,1,6,fail=1 warn=6
2026-02-13T04:09:09.903491+00:00,FAIL,1,6,fail=1 warn=6
2026-02-13T04:11:34.025317+00:00,FAIL,1,6,fail=1 warn=6
2026-02-13T04:13:56.608480+00:00,FAIL,1,6,fail=1 warn=6
2026-02-13T04:16:19.586528+00:00,FAIL,1,6,fail=1 warn=6
2026-02-13T04:18:41.167049+00:00,FAIL,1,6,fail=1 warn=6
2026-02-13T04:21:11.270961+00:00,FAIL,1,6,fail=1 warn=6
2026-02-13T04:23:34.090399+00:00,FAIL,1,6,fail=1 warn=6
2026-02-13T04:25:54.424326+00:00,FAIL,1,6,fail=1 warn=6
2026-02-13T04:28:18.353117+00:00,FAIL,1,6,fail=1 warn=6
2026-02-13T04:30:43.416382+00:00,FAIL,1,6,fail=1 warn=6
2026-02-13T04:33:04.629680+00:00,FAIL,1,6,fail=1 warn=6
2026-02-13T04:35:26.325267+00:00,FAIL,1,6,fail=1 warn=6
2026-02-13T04:37:47.919797+00:00,FAIL,1,6,fail=1 warn=6
2026-02-13T04:40:10.487207+00:00,FAIL,1,6,fail=1 warn=6
2026-02-13T04:59:26.073124+00:00,FAIL,1,6,fail=1 warn=6
2026-02-13T05:01:48.745404+00:00,FAIL,1,6,fail=1 warn=6
2026-02-13T05:04:14.278278+00:00,FAIL,1,6,fail=1 warn=6
2026-02-13T05:06:41.280785+00:00,FAIL,1,6,fail=1 warn=6
2026-02-13T05:09:04.480203+00:00,FAIL,1,6,fail=1 warn=6
2026-02-13T05:11:25.938901+00:00,FAIL,1,6,fail=1 warn=6
2026-02-13T05:13:47.734075+00:00,FAIL,1,6,fail=1 warn=6
2026-02-13T05:16:08.920091+00:00,FAIL,1,6,fail=1 warn=6
2026-02-13T05:18:30.244762+00:00,FAIL,1,6,fail=1 warn=6
2026-02-13T05:20:53.354827+00:00,FAIL,1,6,fail=1 warn=6
2026-02-13T05:23:14.606353+00:00,FAIL,1,6,fail=1 warn=6
2026-02-13T05:25:36.564374+00:00,FAIL,1,6,fail=1 warn=6
2026-02-13T05:27:54.415017+00:00,FAIL,1,6,fail=1 warn=6
2026-02-13T05:30:15.630330+00:00,FAIL,1,6,fail=1 warn=6
2026-02-13T05:32:38.222997+00:00,FAIL,1,6,fail=1 warn=6
2026-02-13T05:34:59.437750+00:00,FAIL,1,6,fail=1 warn=6
2026-02-13T05:37:22.389225+00:00,FAIL,1,6,fail=1 warn=6
2026-02-13T05:39:46.585808+00:00,FAIL,1,6,fail=1 warn=6
2026-02-13T05:42:08.418568+00:00,FAIL,1,6,fail=1 warn=6
2026-02-13T06:22:36.170170+00:00,FAIL,1,2,fail=1 warn=2
2026-02-13T06:23:23.362403+00:00,WARN,0,2,fail=0 warn=2
2026-02-13T09:17:50.082891+00:00,FAIL,1,2,fail=1 warn=2
2026-02-13T09:20:14.797964+00:00,FAIL,1,3,fail=1 warn=3
2026-02-13T09:22:36.548886+00:00,FAIL,1,2,fail=1 warn=2
2026-02-13T09:24:57.026167+00:00,FAIL,1,2,fail=1 warn=2
2026-02-13T09:27:17.780386+00:00,FAIL,1,2,fail=1 warn=2
2026-02-13T09:29:38.076208+00:00,FAIL,1,2,fail=1 warn=2
2026-02-13T09:31:56.727533+00:00,FAIL,1,2,fail=1 warn=2
2026-02-13T09:34:17.871743+00:00,FAIL,1,2,fail=1 warn=2
2026-02-13T09:36:38.010571+00:00,FAIL,1,2,fail=1 warn=2
2026-02-13T09:38:58.840243+00:00,FAIL,1,2,fail=1 warn=2
2026-02-13T09:41:29.420492+00:00,FAIL,1,2,fail=1 warn=2
2026-02-13T09:43:49.131094+00:00,FAIL,1,2,fail=1 warn=2
2026-02-13T09:46:06.930054+00:00,FAIL,1,2,fail=1 warn=2
2026-02-13T09:48:29.256006+00:00,FAIL,1,2,fail=1 warn=2
2026-02-13T09:50:59.552762+00:00,FAIL,1,2,fail=1 warn=2
2026-02-13T09:53:19.013299+00:00,FAIL,1,2,fail=1 warn=2
2026-02-13T09:55:45.450178+00:00,FAIL,1,2,fail=1 warn=2
2026-02-13T09:58:09.704677+00:00,FAIL,1,2,fail=1 warn=2
2026-02-13T10:20:10.259378+00:00,FAIL,1,2,fail=1 warn=2
2026-02-13T10:22:31.555021+00:00,FAIL,1,2,fail=1 warn=2
2026-02-13T10:24:51.100006+00:00,FAIL,1,2,fail=1 warn=2
2026-02-13T10:27:13.402264+00:00,FAIL,1,2,fail=1 warn=2
2026-02-13T10:29:33.847164+00:00,FAIL,1,2,fail=1 warn=2
2026-02-13T10:31:56.383668+00:00,FAIL,1,2,fail=1 warn=2
2026-02-13T10:34:20.665632+00:00,FAIL,1,3,fail=1 warn=3
2026-02-13T10:36:40.159946+00:00,FAIL,1,3,fail=1 warn=3
2026-02-13T10:39:00.510751+00:00,FAIL,1,2,fail=1 warn=2
2026-02-13T10:41:24.270361+00:00,FAIL,1,2,fail=1 warn=2
2026-02-13T10:43:44.626514+00:00,FAIL,1,2,fail=1 warn=2
2026-02-13T10:46:07.667966+00:00,FAIL,1,2,fail=1 warn=2
2026-02-13T10:48:28.733201+00:00,FAIL,1,2,fail=1 warn=2
2026-02-13T10:50:51.740831+00:00,FAIL,1,2,fail=1 warn=2
2026-02-13T10:53:12.935511+00:00,FAIL,1,2,fail=1 warn=2
2026-02-13T10:55:31.669855+00:00,FAIL,1,2,fail=1 warn=2
2026-02-13T10:57:51.352494+00:00,FAIL,1,2,fail=1 warn=2
2026-02-13T11:00:14.995473+00:00,FAIL,1,2,fail=1 warn=2
2026-02-13T11:21:25.502217+00:00,FAIL,1,2,fail=1 warn=2
2026-02-13T11:23:49.106392+00:00,FAIL,1,2,fail=1 warn=2
2026-02-13T11:26:11.559468+00:00,FAIL,1,3,fail=1 warn=3
2026-02-13T11:28:31.387588+00:00,FAIL,1,3,fail=1 warn=3
2026-02-13T11:30:51.296680+00:00,FAIL,1,2,fail=1 warn=2
2026-02-13T11:33:10.801202+00:00,FAIL,1,2,fail=1 warn=2
2026-02-13T11:35:39.282034+00:00,FAIL,1,2,fail=1 warn=2
2026-02-13T11:38:17.938960+00:00,FAIL,1,2,fail=1 warn=2
2026-02-13T11:40:35.927478+00:00,FAIL,1,2,fail=1 warn=2
2026-02-13T11:42:55.694891+00:00,FAIL,1,2,fail=1 warn=2
2026-02-13T11:45:14.607907+00:00,FAIL,1,2,fail=1 warn=2
2026-02-13T11:47:34.108667+00:00,FAIL,1,2,fail=1 warn=2
2026-02-13T11:49:59.251655+00:00,FAIL,1,2,fail=1 warn=2
2026-02-13T11:52:18.182610+00:00,FAIL,1,2,fail=1 warn=2
2026-02-13T11:54:37.214557+00:00,FAIL,1,2,fail=1 warn=2
2026-02-13T11:56:58.482652+00:00,FAIL,1,2,fail=1 warn=2
2026-02-13T11:59:17.999124+00:00,FAIL,1,2,fail=1 warn=2
2026-02-13T12:01:36.139148+00:00,FAIL,1,2,fail=1 warn=2
2026-02-13T12:22:46.406369+00:00,FAIL,1,2,fail=1 warn=2
2026-02-13T12:25:48.616064+00:00,FAIL,1,3,fail=1 warn=3
2026-02-13T12:28:16.365140+00:00,FAIL,1,3,fail=1 warn=3
2026-02-13T12:30:39.502746+00:00,FAIL,1,3,fail=1 warn=3
2026-02-13T12:33:01.611976+00:00,FAIL,1,2,fail=1 warn=2
2026-02-13T12:35:26.440021+00:00,WARN,0,2,fail=0 warn=2
2026-02-13T12:38:43.713075+00:00,FAIL,1,2,fail=1 warn=2
2026-02-13T12:41:08.479487+00:00,WARN,0,2,fail=0 warn=2
2026-02-13T12:44:27.062557+00:00,FAIL,1,2,fail=1 warn=2
2026-02-13T12:46:49.492710+00:00,WARN,0,2,fail=0 warn=2
2026-02-13T12:50:03.257318+00:00,FAIL,1,2,fail=1 warn=2
2026-02-13T12:52:39.658140+00:00,WARN,0,2,fail=0 warn=2
2026-02-13T12:55:53.096828+00:00,FAIL,1,2,fail=1 warn=2
2026-02-13T12:58:14.351976+00:00,WARN,0,2,fail=0 warn=2
2026-02-13T13:01:34.372718+00:00,FAIL,1,2,fail=1 warn=2
2026-02-13T13:03:56.004374+00:00,WARN,0,2,fail=0 warn=2
2026-02-13T13:27:35.886909+00:00,WARN,0,1,fail=0 warn=1
2026-02-13T13:31:01.962904+00:00,FAIL,1,1,fail=1 warn=1
2026-02-13T13:33:24.956044+00:00,WARN,0,2,fail=0 warn=2
2026-02-13T13:36:51.033117+00:00,FAIL,1,1,fail=1 warn=1
2026-02-13T13:39:15.197944+00:00,WARN,0,1,fail=0 warn=1
2026-02-13T13:42:36.664023+00:00,FAIL,1,1,fail=1 warn=1
2026-02-13T13:44:59.849806+00:00,WARN,0,1,fail=0 warn=1
2026-02-13T13:48:14.506586+00:00,FAIL,1,1,fail=1 warn=1
2026-02-13T13:50:36.739044+00:00,WARN,0,1,fail=0 warn=1
2026-02-13T13:53:53.845543+00:00,FAIL,1,1,fail=1 warn=1
2026-02-13T13:56:16.353032+00:00,WARN,0,1,fail=0 warn=1
2026-02-13T13:59:35.146740+00:00,FAIL,1,1,fail=1 warn=1
2026-02-13T14:01:58.119803+00:00,WARN,0,1,fail=0 warn=1
2026-02-13T14:05:14.192465+00:00,FAIL,1,1,fail=1 warn=1
2026-02-13T14:07:33.593910+00:00,WARN,0,1,fail=0 warn=1
2026-02-13T14:29:58.366905+00:00,WARN,0,2,fail=0 warn=2
2026-02-13T14:33:17.302596+00:00,FAIL,1,1,fail=1 warn=1
2026-02-13T14:35:39.175819+00:00,WARN,0,1,fail=0 warn=1
2026-02-13T14:38:57.197155+00:00,FAIL,1,1,fail=1 warn=1
2026-02-13T14:41:24.141516+00:00,WARN,0,1,fail=0 warn=1
2026-02-13T14:44:41.959944+00:00,FAIL,1,1,fail=1 warn=1
2026-02-13T14:47:05.003683+00:00,WARN,0,1,fail=0 warn=1
2026-02-13T14:50:20.460274+00:00,FAIL,1,1,fail=1 warn=1
2026-02-13T14:52:44.784796+00:00,WARN,0,1,fail=0 warn=1
2026-02-13T14:56:08.465240+00:00,FAIL,1,1,fail=1 warn=1
2026-02-13T14:58:37.369843+00:00,WARN,0,2,fail=0 warn=2
2026-02-13T15:01:57.954566+00:00,FAIL,1,1,fail=1 warn=1
2026-02-13T15:04:28.740760+00:00,WARN,0,1,fail=0 warn=1
2026-02-13T15:07:43.959701+00:00,FAIL,1,1,fail=1 warn=1
2026-02-13T15:10:06.792714+00:00,WARN,0,1,fail=0 warn=1
2026-02-14T06:12:36.428661+00:00,FAIL,1,5,fail=1 warn=5
2026-02-14T09:57:39.995142+00:00,FAIL,1,3,fail=1 warn=3
2026-02-14T10:00:06.085709+00:00,FAIL,2,5,fail=2 warn=5
2026-02-14T10:02:50.405584+00:00,FAIL,1,5,fail=1 warn=5
2026-02-14T10:05:13.230649+00:00,FAIL,2,4,fail=2 warn=4
2026-02-14T10:07:35.015117+00:00,FAIL,1,4,fail=1 warn=4
2026-02-14T10:09:58.995537+00:00,FAIL,2,4,fail=2 warn=4
2026-02-14T10:12:21.686649+00:00,FAIL,1,4,fail=1 warn=4
2026-02-14T10:14:46.977211+00:00,FAIL,2,4,fail=2 warn=4
2026-02-14T10:17:09.491640+00:00,FAIL,1,5,fail=1 warn=5
2026-02-14T10:20:08.145215+00:00,FAIL,2,4,fail=2 warn=4
2026-02-14T10:22:30.111093+00:00,FAIL,1,4,fail=1 warn=4
2026-02-14T10:24:50.875241+00:00,FAIL,2,4,fail=2 warn=4
2026-02-14T10:27:14.156826+00:00,FAIL,1,4,fail=1 warn=4
2026-02-14T10:29:38.322999+00:00,FAIL,2,4,fail=2 warn=4
2026-02-14T10:32:01.708495+00:00,FAIL,1,4,fail=1 warn=4
2026-02-14T10:34:26.681547+00:00,FAIL,2,4,fail=2 warn=4
2026-02-14T10:36:52.954520+00:00,FAIL,1,4,fail=1 warn=4
2026-02-14T10:57:55.234695+00:00,FAIL,1,4,fail=1 warn=4
2026-02-14T11:00:18.210055+00:00,FAIL,1,4,fail=1 warn=4
2026-02-14T11:02:38.535309+00:00,FAIL,1,4,fail=1 warn=4
2026-02-14T11:04:58.155254+00:00,FAIL,1,4,fail=1 warn=4
2026-02-14T11:07:24.323374+00:00,FAIL,1,4,fail=1 warn=4
2026-02-14T11:09:50.038284+00:00,FAIL,1,4,fail=1 warn=4
2026-02-14T11:12:08.982215+00:00,FAIL,1,5,fail=1 warn=5
2026-02-14T11:14:28.630917+00:00,FAIL,1,5,fail=1 warn=5
2026-02-14T11:16:52.787956+00:00,FAIL,1,5,fail=1 warn=5
2026-02-14T11:19:22.736885+00:00,FAIL,1,5,fail=1 warn=5
2026-02-14T11:21:51.598970+00:00,FAIL,1,5,fail=1 warn=5
2026-02-14T11:24:12.125206+00:00,FAIL,1,5,fail=1 warn=5
2026-02-14T11:26:36.563944+00:00,FAIL,1,5,fail=1 warn=5
2026-02-14T11:29:06.929965+00:00,FAIL,1,5,fail=1 warn=5
2026-02-14T11:31:34.437967+00:00,FAIL,1,5,fail=1 warn=5
2026-02-14T11:35:45.614084+00:00,FAIL,1,5,fail=1 warn=5
2026-02-14T11:39:00.871595+00:00,FAIL,1,5,fail=1 warn=5
2026-02-14T12:00:24.826528+00:00,FAIL,1,5,fail=1 warn=5
2026-02-14T12:03:43.379425+00:00,FAIL,1,5,fail=1 warn=5
2026-02-14T12:07:09.352478+00:00,FAIL,1,5,fail=1 warn=5
2026-02-14T12:10:39.696467+00:00,WARN,0,5,fail=0 warn=5
2026-02-14T12:13:56.801825+00:00,WARN,0,5,fail=0 warn=5
2026-02-14T12:17:13.567899+00:00,WARN,0,5,fail=0 warn=5
2026-02-14T12:20:29.193474+00:00,FAIL,1,5,fail=1 warn=5
2026-02-14T12:23:47.522039+00:00,FAIL,1,5,fail=1 warn=5
2026-02-14T12:27:03.889847+00:00,FAIL,1,5,fail=1 warn=5
2026-02-14T12:30:15.666599+00:00,FAIL,1,5,fail=1 warn=5
2026-02-14T12:33:27.557943+00:00,FAIL,1,5,fail=1 warn=5
2026-02-14T12:36:40.930291+00:00,FAIL,1,5,fail=1 warn=5
2026-02-14T12:39:50.709917+00:00,FAIL,1,5,fail=1 warn=5
2026-02-14T12:43:09.166484+00:00,FAIL,1,5,fail=1 warn=5
2026-02-14T13:14:38.252710+00:00,FAIL,1,4,fail=1 warn=4
2026-02-14T13:18:02.607539+00:00,FAIL,1,4,fail=1 warn=4
2026-02-14T13:21:15.792478+00:00,FAIL,1,4,fail=1 warn=4
2026-02-14T13:24:32.845608+00:00,WARN,0,4,fail=0 warn=4
2026-02-14T13:27:51.474911+00:00,WARN,0,4,fail=0 warn=4
2026-02-14T13:31:15.387567+00:00,WARN,0,4,fail=0 warn=4
2026-02-14T13:34:27.085717+00:00,WARN,0,6,fail=0 warn=6
2026-02-14T13:37:46.163299+00:00,WARN,0,6,fail=0 warn=6
2026-02-14T13:40:58.390488+00:00,WARN,0,6,fail=0 warn=6
2026-02-14T13:44:22.624293+00:00,WARN,0,5,fail=0 warn=5
2026-02-14T13:47:36.284662+00:00,WARN,0,2,fail=0 warn=2
2026-02-14T13:52:30.075504+00:00,WARN,0,2,fail=0 warn=2
2026-02-14T13:55:39.781077+00:00,WARN,0,2,fail=0 warn=2
2026-02-14T14:04:24.149811+00:00,WARN,0,2,fail=0 warn=2
2026-02-14T14:07:43.851543+00:00,WARN,0,2,fail=0 warn=2
2026-02-14T14:10:52.438675+00:00,WARN,0,2,fail=0 warn=2
2026-02-14T14:14:06.575036+00:00,WARN,0,2,fail=0 warn=2
2026-02-14T14:17:18.157548+00:00,WARN,0,2,fail=0 warn=2
2026-02-14T14:20:28.803397+00:00,WARN,0,2,fail=0 warn=2
2026-02-14T14:23:39.519518+00:00,WARN,0,2,fail=0 warn=2
2026-02-14T14:26:58.354715+00:00,WARN,0,2,fail=0 warn=2
2026-02-14T14:30:12.287141+00:00,WARN,0,2,fail=0 warn=2
2026-02-14T14:33:23.782602+00:00,WARN,0,2,fail=0 warn=2
2026-02-14T14:36:34.425038+00:00,WARN,0,2,fail=0 warn=2
2026-02-14T14:39:53.820946+00:00,WARN,0,2,fail=0 warn=2
2026-02-14T14:43:06.882948+00:00,WARN,0,2,fail=0 warn=2
2026-02-14T14:46:36.759427+00:00,WARN,0,2,fail=0 warn=2
2026-02-14T14:49:51.369907+00:00,WARN,0,2,fail=0 warn=2
2026-02-14T14:55:10.452422+00:00,WARN,0,2,fail=0 warn=2
2026-02-14T14:58:24.898171+00:00,WARN,0,2,fail=0 warn=2
2026-02-14T15:06:41.007653+00:00,WARN,0,3,fail=0 warn=3
2026-02-14T15:10:02.223340+00:00,WARN,0,2,fail=0 warn=2
2026-02-14T15:13:15.788971+00:00,WARN,0,2,fail=0 warn=2
2026-02-14T15:16:38.677417+00:00,WARN,0,2,fail=0 warn=2
2026-02-14T15:19:54.986597+00:00,WARN,0,2,fail=0 warn=2
2026-02-14T15:23:23.797295+00:00,WARN,0,2,fail=0 warn=2
2026-02-14T15:26:38.451068+00:00,WARN,0,2,fail=0 warn=2
2026-02-14T15:29:48.249258+00:00,WARN,0,2,fail=0 warn=2
2026-02-14T15:33:07.472904+00:00,WARN,0,2,fail=0 warn=2
2026-02-14T15:36:19.012505+00:00,WARN,0,2,fail=0 warn=2
2026-02-14T15:39:30.808648+00:00,WARN,0,2,fail=0 warn=2
2026-02-14T15:42:47.495188+00:00,WARN,0,2,fail=0 warn=2
2026-02-14T15:46:02.456439+00:00,WARN,0,2,fail=0 warn=2
2026-02-14T15:49:13.923628+00:00,WARN,0,2,fail=0 warn=2
2026-02-14T15:52:25.495812+00:00,WARN,0,2,fail=0 warn=2
2026-02-14T15:57:11.938848+00:00,WARN,0,2,fail=0 warn=2
2026-02-14T16:00:28.418610+00:00,WARN,0,2,fail=0 warn=2
2026-02-14T16:09:56.327664+00:00,WARN,0,2,fail=0 warn=2
2026-02-14T16:13:09.113725+00:00,WARN,0,2,fail=0 warn=2
2026-02-14T16:16:22.785000+00:00,WARN,0,2,fail=0 warn=2
2026-02-14T16:19:40.857664+00:00,WARN,0,2,fail=0 warn=2
2026-02-14T16:22:50.103668+00:00,WARN,0,2,fail=0 warn=2
2026-02-14T16:26:05.973926+00:00,WARN,0,2,fail=0 warn=2
2026-02-14T16:29:22.459081+00:00,WARN,0,2,fail=0 warn=2
2026-02-14T16:32:36.343451+00:00,WARN,0,2,fail=0 warn=2
2026-02-14T16:35:47.919375+00:00,WARN,0,2,fail=0 warn=2
2026-02-14T16:39:02.405730+00:00,WARN,0,2,fail=0 warn=2
2026-02-14T16:42:24.584547+00:00,WARN,0,2,fail=0 warn=2
2026-02-14T16:45:45.430902+00:00,WARN,0,2,fail=0 warn=2
2026-02-14T16:48:55.410917+00:00,WARN,0,2,fail=0 warn=2
2026-02-14T16:52:08.600763+00:00,WARN,0,2,fail=0 warn=2
2026-02-14T16:55:21.826338+00:00,WARN,0,2,fail=0 warn=2
2026-02-14T17:00:03.006101+00:00,WARN,0,2,fail=0 warn=2
2026-02-14T17:03:13.799547+00:00,WARN,0,2,fail=0 warn=2
2026-02-14T17:11:27.064034+00:00,WARN,0,2,fail=0 warn=2
2026-02-14T17:14:39.262802+00:00,WARN,0,2,fail=0 warn=2
2026-02-14T17:17:47.835918+00:00,WARN,0,2,fail=0 warn=2
2026-02-14T17:21:01.097475+00:00,WARN,0,2,fail=0 warn=2
2026-02-14T17:24:16.326043+00:00,WARN,0,2,fail=0 warn=2
2026-02-14T17:27:29.425781+00:00,WARN,0,2,fail=0 warn=2
2026-02-14T17:30:38.790628+00:00,WARN,0,2,fail=0 warn=2
2026-02-14T17:33:50.471904+00:00,WARN,0,2,fail=0 warn=2
2026-02-14T17:37:11.246875+00:00,WARN,0,2,fail=0 warn=2
2026-02-14T17:40:26.453329+00:00,WARN,0,2,fail=0 warn=2
2026-02-14T17:43:44.240838+00:00,WARN,0,2,fail=0 warn=2
2026-02-14T17:46:53.108773+00:00,WARN,0,2,fail=0 warn=2
2026-02-14T17:50:05.020423+00:00,WARN,0,2,fail=0 warn=2
2026-02-14T17:53:16.230193+00:00,WARN,0,2,fail=0 warn=2
2026-02-14T17:56:27.914090+00:00,WARN,0,2,fail=0 warn=2
2026-02-14T17:59:37.664052+00:00,WARN,0,2,fail=0 warn=2
2026-02-14T18:04:23.427650+00:00,WARN,0,2,fail=0 warn=2
2026-02-14T18:12:33.358258+00:00,WARN,0,2,fail=0 warn=2
2026-02-14T18:15:43.694306+00:00,WARN,0,2,fail=0 warn=2
2026-02-14T18:18:57.288405+00:00,WARN,0,2,fail=0 warn=2
2026-02-14T18:22:06.041960+00:00,WARN,0,2,fail=0 warn=2
2026-02-14T18:25:17.261571+00:00,WARN,0,2,fail=0 warn=2
2026-02-14T18:28:25.915500+00:00,WARN,0,2,fail=0 warn=2
2026-02-14T18:31:36.348195+00:00,WARN,0,2,fail=0 warn=2
2026-02-14T18:34:45.287450+00:00,WARN,0,2,fail=0 warn=2
2026-02-14T18:37:54.054011+00:00,WARN,0,2,fail=0 warn=2
2026-02-14T18:41:06.289348+00:00,WARN,0,2,fail=0 warn=2
2026-02-14T18:44:14.673337+00:00,WARN,0,2,fail=0 warn=2
2026-02-14T18:47:31.331785+00:00,WARN,0,2,fail=0 warn=2
2026-02-14T18:50:45.639769+00:00,WARN,0,2,fail=0 warn=2
2026-02-14T18:53:57.223229+00:00,WARN,0,2,fail=0 warn=2
2026-02-14T18:57:08.016476+00:00,WARN,0,2,fail=0 warn=2
2026-02-14T19:00:17.741194+00:00,WARN,0,2,fail=0 warn=2
2026-02-14T19:03:28.174477+00:00,WARN,0,2,fail=0 warn=2
2026-02-14T19:12:45.646677+00:00,WARN,0,2,fail=0 warn=2
2026-02-14T19:15:55.461592+00:00,WARN,0,2,fail=0 warn=2
2026-02-14T19:19:03.289173+00:00,WARN,0,2,fail=0 warn=2
2026-02-14T19:22:18.106489+00:00,WARN,0,2,fail=0 warn=2
2026-02-14T19:25:34.880344+00:00,WARN,0,2,fail=0 warn=2
2026-02-14T19:28:44.173291+00:00,WARN,0,2,fail=0 warn=2
2026-02-14T19:31:53.331920+00:00,WARN,0,2,fail=0 warn=2
2026-02-14T19:35:05.180686+00:00,WARN,0,2,fail=0 warn=2
2026-02-14T19:38:21.967014+00:00,WARN,0,2,fail=0 warn=2
2026-02-14T19:41:35.766857+00:00,WARN,0,2,fail=0 warn=2
2026-02-14T19:44:46.400738+00:00,WARN,0,2,fail=0 warn=2
2026-02-14T19:47:55.479927+00:00,WARN,0,2,fail=0 warn=2
2026-02-14T19:51:02.544204+00:00,WARN,0,2,fail=0 warn=2
2026-02-14T19:54:11.738500+00:00,WARN,0,2,fail=0 warn=2
2026-02-14T19:57:26.671606+00:00,WARN,0,2,fail=0 warn=2
2026-02-14T20:00:37.495018+00:00,WARN,0,2,fail=0 warn=2
2026-02-14T20:03:49.984472+00:00,WARN,0,2,fail=0 warn=2
2026-02-14T20:06:58.309034+00:00,WARN,0,2,fail=0 warn=2
2026-02-14T20:16:04.263758+00:00,WARN,0,2,fail=0 warn=2
2026-02-14T20:19:11.643090+00:00,WARN,0,2,fail=0 warn=2
2026-02-14T20:22:23.208637+00:00,WARN,0,2,fail=0 warn=2
2026-02-14T20:25:30.086648+00:00,WARN,0,2,fail=0 warn=2
2026-02-14T20:28:37.505080+00:00,WARN,0,2,fail=0 warn=2
2026-02-14T20:31:44.889403+00:00,WARN,0,2,fail=0 warn=2
2026-02-14T20:34:52.307366+00:00,WARN,0,2,fail=0 warn=2
2026-02-14T20:38:00.348687+00:00,WARN,0,2,fail=0 warn=2
2026-02-14T20:41:08.633844+00:00,WARN,0,2,fail=0 warn=2
2026-02-14T20:44:20.975251+00:00,WARN,0,2,fail=0 warn=2
2026-02-14T20:47:29.739821+00:00,WARN,0,2,fail=0 warn=2
2026-02-14T20:50:38.208482+00:00,WARN,0,2,fail=0 warn=2
2026-02-14T20:53:48.361646+00:00,WARN,0,2,fail=0 warn=2
2026-02-14T20:56:58.499785+00:00,WARN,0,2,fail=0 warn=2
2026-02-14T21:00:11.100351+00:00,WARN,0,2,fail=0 warn=2
2026-02-14T21:03:27.223369+00:00,WARN,0,2,fail=0 warn=2
2026-02-14T21:06:38.378309+00:00,WARN,0,2,fail=0 warn=2
2026-02-14T21:09:48.512252+00:00,WARN,0,2,fail=0 warn=2
2026-02-14T21:19:15.477795+00:00,WARN,0,2,fail=0 warn=2
2026-02-14T21:22:55.232075+00:00,WARN,0,2,fail=0 warn=2
2026-02-14T21:26:04.989755+00:00,WARN,0,2,fail=0 warn=2
2026-02-14T21:29:20.498021+00:00,WARN,0,2,fail=0 warn=2
2026-02-14T21:32:31.309423+00:00,WARN,0,2,fail=0 warn=2
2026-02-14T21:35:41.710351+00:00,WARN,0,2,fail=0 warn=2
2026-02-14T21:38:53.132237+00:00,WARN,0,2,fail=0 warn=2
2026-02-14T21:42:04.544648+00:00,WARN,0,2,fail=0 warn=2
2026-02-14T21:45:11.682342+00:00,WARN,0,2,fail=0 warn=2
2026-02-14T21:48:23.170529+00:00,WARN,0,2,fail=0 warn=2
2026-02-14T21:51:34.088954+00:00,WARN,0,2,fail=0 warn=2
2026-02-14T21:54:45.162527+00:00,WARN,0,2,fail=0 warn=2
2026-02-14T21:57:53.209520+00:00,WARN,0,2,fail=0 warn=2
2026-02-14T22:01:03.925483+00:00,WARN,0,2,fail=0 warn=2
2026-02-14T22:04:14.699321+00:00,WARN,0,2,fail=0 warn=2
2026-02-14T22:07:31.135646+00:00,WARN,0,2,fail=0 warn=2
2026-02-14T22:10:41.146126+00:00,WARN,0,2,fail=0 warn=2
2026-02-14T22:13:49.297440+00:00,WARN,0,2,fail=0 warn=2
2026-02-14T22:29:36.656353+00:00,WARN,0,2,fail=0 warn=2
2026-02-14T22:32:49.119067+00:00,WARN,0,2,fail=0 warn=2
2026-02-14T22:39:01.759902+00:00,WARN,0,2,fail=0 warn=2
2026-02-14T22:42:17.554497+00:00,WARN,0,2,fail=0 warn=2
2026-02-14T22:45:33.645190+00:00,WARN,0,2,fail=0 warn=2
2026-02-14T22:48:48.886699+00:00,WARN,0,2,fail=0 warn=2
2026-02-14T22:52:02.493828+00:00,WARN,0,2,fail=0 warn=2
2026-02-14T22:55:18.580947+00:00,WARN,0,2,fail=0 warn=2
2026-02-14T22:58:30.850078+00:00,WARN,0,2,fail=0 warn=2
2026-02-14T23:01:39.277392+00:00,WARN,0,2,fail=0 warn=2
2026-02-14T23:04:54.114754+00:00,WARN,0,2,fail=0 warn=2
2026-02-14T23:08:09.846225+00:00,WARN,0,2,fail=0 warn=2
2026-02-14T23:11:24.100613+00:00,WARN,0,2,fail=0 warn=2
2026-02-14T23:14:38.714231+00:00,WARN,0,2,fail=0 warn=2
2026-02-14T23:18:00.893201+00:00,WARN,0,2,fail=0 warn=2
2026-02-14T23:21:15.736922+00:00,WARN,0,2,fail=0 warn=2
2026-02-14T23:24:30.882651+00:00,WARN,0,2,fail=0 warn=2
2026-02-14T23:34:28.872594+00:00,WARN,0,2,fail=0 warn=2
2026-02-14T23:37:43.950657+00:00,WARN,0,2,fail=0 warn=2
2026-02-14T23:40:51.889983+00:00,WARN,0,2,fail=0 warn=2
2026-02-14T23:44:10.325027+00:00,WARN,0,2,fail=0 warn=2
2026-02-14T23:47:18.126307+00:00,WARN,0,2,fail=0 warn=2
2026-02-14T23:50:40.702872+00:00,WARN,0,2,fail=0 warn=2
2026-02-14T23:53:58.353410+00:00,WARN,0,2,fail=0 warn=2
2026-02-14T23:57:17.323797+00:00,WARN,0,2,fail=0 warn=2
2026-02-15T00:00:28.458963+00:00,WARN,0,7,fail=0 warn=7
2026-02-15T00:03:46.466339+00:00,WARN,0,7,fail=0 warn=7
2026-02-15T00:07:04.587526+00:00,WARN,0,7,fail=0 warn=7
2026-02-15T00:10:21.330409+00:00,WARN,0,7,fail=0 warn=7
2026-02-15T00:13:36.396672+00:00,WARN,0,7,fail=0 warn=7
2026-02-15T00:16:59.996114+00:00,WARN,0,8,fail=0 warn=8
2026-02-15T00:20:12.721132+00:00,WARN,0,7,fail=0 warn=7
2026-02-15T00:23:30.426553+00:00,WARN,0,7,fail=0 warn=7
2026-02-15T00:26:47.088442+00:00,WARN,0,7,fail=0 warn=7
2026-02-15T00:36:34.405621+00:00,WARN,0,7,fail=0 warn=7
2026-02-15T00:39:51.288642+00:00,WARN,0,7,fail=0 warn=7
2026-02-15T00:43:08.390261+00:00,WARN,0,7,fail=0 warn=7
2026-02-15T00:46:25.645787+00:00,WARN,0,7,fail=0 warn=7
2026-02-15T00:49:45.305986+00:00,WARN,0,7,fail=0 warn=7
2026-02-15T00:53:02.990011+00:00,WARN,0,7,fail=0 warn=7
2026-02-15T00:58:25.464795+00:00,WARN,0,7,fail=0 warn=7
2026-02-15T01:01:43.821500+00:00,WARN,0,7,fail=0 warn=7
2026-02-15T01:11:41.884202+00:00,WARN,0,7,fail=0 warn=7
2026-02-15T01:14:57.826617+00:00,WARN,0,7,fail=0 warn=7
2026-02-15T01:18:12.902516+00:00,WARN,0,7,fail=0 warn=7
2026-02-15T01:24:22.578068+00:00,WARN,0,7,fail=0 warn=7
2026-02-15T01:27:53.808900+00:00,WARN,0,7,fail=0 warn=7
2026-02-15T01:31:12.191212+00:00,WARN,0,7,fail=0 warn=7
2026-02-15T01:42:02.730518+00:00,WARN,0,7,fail=0 warn=7
2026-02-15T01:45:12.562452+00:00,WARN,0,7,fail=0 warn=7
2026-02-15T01:48:20.728384+00:00,WARN,0,7,fail=0 warn=7
2026-02-15T01:51:38.370988+00:00,WARN,0,7,fail=0 warn=7
2026-02-15T01:54:57.844612+00:00,WARN,0,7,fail=0 warn=7
2026-02-15T01:58:12.028504+00:00,WARN,0,7,fail=0 warn=7
2026-02-15T02:01:28.023143+00:00,WARN,0,7,fail=0 warn=7
2026-02-15T02:04:38.727485+00:00,WARN,0,7,fail=0 warn=7
2026-02-15T02:07:59.596220+00:00,WARN,0,7,fail=0 warn=7
2026-02-15T02:11:14.870172+00:00,WARN,0,7,fail=0 warn=7
2026-02-15T02:14:32.244088+00:00,WARN,0,7,fail=0 warn=7
2026-02-15T02:17:48.926826+00:00,WARN,0,7,fail=0 warn=7
2026-02-15T02:20:59.756166+00:00,WARN,0,7,fail=0 warn=7
2026-02-15T02:24:16.558179+00:00,WARN,0,7,fail=0 warn=7
2026-02-15T02:27:32.384558+00:00,WARN,0,7,fail=0 warn=7
2026-02-15T02:30:49.902243+00:00,WARN,0,7,fail=0 warn=7
2026-02-15T02:34:06.599418+00:00,WARN,0,7,fail=0 warn=7
2026-02-15T02:43:47.269714+00:00,WARN,0,7,fail=0 warn=7
2026-02-15T02:47:04.463080+00:00,WARN,0,7,fail=0 warn=7
2026-02-15T02:50:19.326663+00:00,WARN,0,7,fail=0 warn=7
2026-02-15T02:53:35.151058+00:00,WARN,0,7,fail=0 warn=7
2026-02-15T02:56:50.645322+00:00,WARN,0,7,fail=0 warn=7
2026-02-15T03:00:00.341862+00:00,WARN,0,7,fail=0 warn=7
2026-02-15T03:03:16.600358+00:00,WARN,0,7,fail=0 warn=7
2026-02-15T03:06:34.188402+00:00,WARN,0,7,fail=0 warn=7
2026-02-15T03:09:52.017125+00:00,WARN,0,7,fail=0 warn=7
2026-02-15T03:13:08.892356+00:00,WARN,0,7,fail=0 warn=7
2026-02-15T03:16:25.099398+00:00,WARN,0,7,fail=0 warn=7
2026-02-15T03:19:43.948000+00:00,WARN,0,7,fail=0 warn=7
2026-02-15T03:23:00.228100+00:00,WARN,0,7,fail=0 warn=7
2026-02-15T03:26:19.141470+00:00,WARN,0,7,fail=0 warn=7
2026-02-15T03:29:38.361135+00:00,WARN,0,7,fail=0 warn=7
2026-02-15T03:32:55.855466+00:00,WARN,0,7,fail=0 warn=7
2026-02-15T03:36:12.877870+00:00,WARN,0,7,fail=0 warn=7
2026-02-15T03:45:59.768616+00:00,WARN,0,7,fail=0 warn=7
2026-02-15T03:49:17.716861+00:00,WARN,0,7,fail=0 warn=7
2026-02-15T03:52:33.022555+00:00,WARN,0,7,fail=0 warn=7
2026-02-15T03:55:49.352619+00:00,WARN,0,7,fail=0 warn=7
2026-02-15T03:59:11.925155+00:00,WARN,0,7,fail=0 warn=7
2026-02-15T04:02:33.403414+00:00,WARN,0,7,fail=0 warn=7
2026-02-15T04:05:43.294250+00:00,WARN,0,7,fail=0 warn=7
2026-02-15T04:08:56.618054+00:00,WARN,0,7,fail=0 warn=7
2026-02-15T04:12:11.991927+00:00,WARN,0,7,fail=0 warn=7
2026-02-15T04:15:27.181857+00:00,WARN,0,7,fail=0 warn=7
2026-02-15T04:18:46.430765+00:00,WARN,0,7,fail=0 warn=7
2026-02-15T04:22:02.458738+00:00,WARN,0,7,fail=0 warn=7
2026-02-15T04:25:15.705874+00:00,WARN,0,7,fail=0 warn=7
2026-02-15T04:28:31.405244+00:00,WARN,0,7,fail=0 warn=7
2026-02-15T04:31:47.321135+00:00,WARN,0,7,fail=0 warn=7
2026-02-15T04:35:03.482862+00:00,WARN,0,7,fail=0 warn=7
2026-02-15T04:38:12.741231+00:00,WARN,0,7,fail=0 warn=7
2026-02-15T04:48:07.358167+00:00,WARN,0,7,fail=0 warn=7
2026-02-15T04:51:24.352093+00:00,WARN,0,7,fail=0 warn=7
2026-02-15T04:54:36.797423+00:00,WARN,0,7,fail=0 warn=7
2026-02-15T04:57:55.642489+00:00,WARN,0,7,fail=0 warn=7
2026-02-15T05:01:14.823398+00:00,WARN,0,7,fail=0 warn=7
2026-02-15T05:04:29.733590+00:00,WARN,0,7,fail=0 warn=7
2026-02-15T05:07:41.416828+00:00,WARN,0,7,fail=0 warn=7
2026-02-15T05:10:57.960965+00:00,WARN,0,7,fail=0 warn=7
2026-02-15T05:14:13.878786+00:00,WARN,0,7,fail=0 warn=7
2026-02-15T05:17:29.874856+00:00,WARN,0,7,fail=0 warn=7
2026-02-15T05:20:46.842330+00:00,WARN,0,7,fail=0 warn=7
2026-02-15T05:24:02.296638+00:00,WARN,0,7,fail=0 warn=7
2026-02-15T05:27:29.338601+00:00,WARN,0,7,fail=0 warn=7
2026-02-15T05:30:44.649184+00:00,WARN,0,7,fail=0 warn=7
2026-02-15T05:34:03.302415+00:00,WARN,0,7,fail=0 warn=7
2026-02-15T05:37:18.492334+00:00,WARN,0,7,fail=0 warn=7
2026-02-15T05:40:33.844814+00:00,WARN,0,7,fail=0 warn=7
2026-02-15T05:50:45.391849+00:00,WARN,0,7,fail=0 warn=7
2026-02-15T05:54:03.971340+00:00,WARN,0,7,fail=0 warn=7
2026-02-15T05:57:20.951552+00:00,WARN,0,7,fail=0 warn=7
2026-02-16T06:13:26.249389+00:00,WARN,0,6,fail=0 warn=6
2026-02-16T09:33:12.742436+00:00,WARN,0,5,fail=0 warn=5
2026-02-16T09:36:28.371364+00:00,WARN,0,5,fail=0 warn=5
2026-02-16T09:39:50.389242+00:00,WARN,0,5,fail=0 warn=5
2026-02-16T09:43:09.684184+00:00,WARN,0,5,fail=0 warn=5
2026-02-16T09:46:23.788964+00:00,WARN,0,5,fail=0 warn=5
2026-02-16T09:49:38.459766+00:00,WARN,0,5,fail=0 warn=5
2026-02-16T09:53:12.514025+00:00,WARN,0,5,fail=0 warn=5
2026-02-16T09:56:28.805332+00:00,WARN,0,5,fail=0 warn=5
2026-02-16T09:59:55.314241+00:00,WARN,0,5,fail=0 warn=5
2026-02-16T10:03:14.330846+00:00,WARN,0,5,fail=0 warn=5
2026-02-16T10:06:30.141547+00:00,WARN,0,5,fail=0 warn=5
2026-02-16T10:09:41.618715+00:00,WARN,0,5,fail=0 warn=5
2026-02-16T10:12:58.960171+00:00,WARN,0,5,fail=0 warn=5
2026-02-16T10:16:14.117848+00:00,WARN,0,5,fail=0 warn=5
2026-02-16T10:19:31.881842+00:00,WARN,0,5,fail=0 warn=5
2026-02-16T10:22:48.064571+00:00,WARN,0,5,fail=0 warn=5
2026-02-16T10:26:10.566410+00:00,WARN,0,5,fail=0 warn=5
2026-02-16T10:36:02.491718+00:00,WARN,0,5,fail=0 warn=5
2026-02-16T10:39:19.130301+00:00,WARN,0,5,fail=0 warn=5
2026-02-16T10:42:43.533405+00:00,WARN,0,5,fail=0 warn=5
2026-02-16T10:46:00.290680+00:00,WARN,0,5,fail=0 warn=5
2026-02-16T10:49:12.284720+00:00,WARN,0,5,fail=0 warn=5
2026-02-16T10:52:23.563560+00:00,WARN,0,5,fail=0 warn=5
2026-02-16T10:55:39.956740+00:00,WARN,0,5,fail=0 warn=5
2026-02-16T10:58:54.092773+00:00,WARN,0,5,fail=0 warn=5
2026-02-16T11:02:06.123525+00:00,WARN,0,5,fail=0 warn=5
2026-02-16T11:05:16.903351+00:00,WARN,0,5,fail=0 warn=5
2026-02-16T11:08:28.184700+00:00,WARN,0,5,fail=0 warn=5
2026-02-16T11:11:42.799918+00:00,WARN,0,5,fail=0 warn=5
2026-02-16T11:14:55.723250+00:00,WARN,0,5,fail=0 warn=5
2026-02-16T11:18:09.102962+00:00,WARN,0,5,fail=0 warn=5
2026-02-16T11:21:27.482652+00:00,WARN,0,5,fail=0 warn=5
2026-02-16T11:24:43.698620+00:00,WARN,0,5,fail=0 warn=5
2026-02-16T11:28:07.781735+00:00,WARN,0,5,fail=0 warn=5
2026-02-16T11:38:15.574151+00:00,WARN,0,5,fail=0 warn=5
2026-02-16T11:41:27.154388+00:00,WARN,0,5,fail=0 warn=5
2026-02-16T11:44:43.024923+00:00,WARN,0,5,fail=0 warn=5
2026-02-16T11:47:58.013015+00:00,WARN,0,5,fail=0 warn=5
2026-02-16T11:51:12.930900+00:00,WARN,0,5,fail=0 warn=5
2026-02-16T11:54:30.604144+00:00,WARN,0,5,fail=0 warn=5
2026-02-16T11:57:47.167452+00:00,WARN,0,5,fail=0 warn=5
2026-02-16T12:01:09.180731+00:00,WARN,0,5,fail=0 warn=5
2026-02-16T12:04:18.374460+00:00,WARN,0,5,fail=0 warn=5
2026-02-16T12:07:37.887082+00:00,WARN,0,5,fail=0 warn=5
2026-02-16T12:10:48.825308+00:00,WARN,0,5,fail=0 warn=5
2026-02-16T12:14:07.548683+00:00,WARN,0,5,fail=0 warn=5
2026-02-16T12:17:20.830680+00:00,WARN,0,5,fail=0 warn=5
2026-02-16T12:20:37.122492+00:00,WARN,0,5,fail=0 warn=5
2026-02-16T12:22:44.907976+00:00,OK,0,0,fail=0 warn=0
2026-02-16T12:23:50.157953+00:00,OK,0,0,fail=0 warn=0
2026-02-16T12:27:05.532738+00:00,OK,0,0,fail=0 warn=0
2026-02-16T12:31:10.218669+00:00,OK,0,0,fail=0 warn=0
2026-02-16T12:41:03.055875+00:00,OK,0,0,fail=0 warn=0
2026-02-16T12:44:25.819578+00:00,OK,0,0,fail=0 warn=0
2026-02-16T12:47:42.187650+00:00,OK,0,0,fail=0 warn=0
2026-02-16T12:50:59.574351+00:00,OK,0,0,fail=0 warn=0
2026-02-16T12:54:16.294660+00:00,OK,0,0,fail=0 warn=0
2026-02-16T12:57:43.582163+00:00,OK,0,0,fail=0 warn=0
2026-02-16T13:01:01.362872+00:00,OK,0,0,fail=0 warn=0
2026-02-16T13:04:23.274067+00:00,OK,0,0,fail=0 warn=0
2026-02-16T13:07:41.657778+00:00,OK,0,0,fail=0 warn=0
2026-02-16T13:10:59.182165+00:00,OK,0,0,fail=0 warn=0
2026-02-16T13:14:16.743537+00:00,OK,0,0,fail=0 warn=0
2026-02-16T13:17:34.970064+00:00,OK,0,0,fail=0 warn=0
2026-02-16T13:20:51.274168+00:00,OK,0,0,fail=0 warn=0
2026-02-16T13:24:13.651471+00:00,OK,0,0,fail=0 warn=0
2026-02-16T13:27:34.206442+00:00,WARN,0,1,fail=0 warn=1
2026-02-16T13:30:50.316265+00:00,WARN,0,1,fail=0 warn=1
2026-02-16T13:34:14.584666+00:00,WARN,0,1,fail=0 warn=1
2026-02-16T13:43:59.953886+00:00,WARN,0,1,fail=0 warn=1
2026-02-16T13:47:12.191256+00:00,WARN,0,1,fail=0 warn=1
2026-02-16T13:50:33.312269+00:00,WARN,0,1,fail=0 warn=1
2026-02-16T13:53:52.171889+00:00,WARN,0,1,fail=0 warn=1
2026-02-16T13:57:11.833428+00:00,WARN,0,1,fail=0 warn=1
2026-02-16T14:00:36.248312+00:00,WARN,0,1,fail=0 warn=1
2026-02-16T14:03:48.429811+00:00,WARN,0,1,fail=0 warn=1
2026-02-16T14:07:02.185107+00:00,WARN,0,1,fail=0 warn=1
2026-02-16T14:10:17.610256+00:00,WARN,0,1,fail=0 warn=1
2026-02-16T14:13:47.879337+00:00,WARN,0,1,fail=0 warn=1
2026-02-16T14:17:08.337043+00:00,WARN,0,1,fail=0 warn=1
2026-02-16T14:20:34.754519+00:00,OK,0,0,fail=0 warn=0
2026-02-16T14:23:47.940734+00:00,OK,0,0,fail=0 warn=0
2026-02-16T14:27:10.233234+00:00,OK,0,0,fail=0 warn=0
2026-02-16T14:30:38.604309+00:00,OK,0,0,fail=0 warn=0
2026-02-16T14:33:54.269395+00:00,OK,0,0,fail=0 warn=0
2026-02-16T14:37:20.399590+00:00,OK,0,0,fail=0 warn=0
2026-02-16T14:47:10.544395+00:00,OK,0,0,fail=0 warn=0
2026-02-16T14:50:29.656589+00:00,WARN,0,1,fail=0 warn=1
2026-02-16T14:53:44.977480+00:00,OK,0,0,fail=0 warn=0
2026-02-16T14:57:05.969088+00:00,OK,0,0,fail=0 warn=0
2026-02-16T15:00:25.076922+00:00,OK,0,0,fail=0 warn=0
2026-02-16T15:03:45.398660+00:00,OK,0,0,fail=0 warn=0
2026-02-16T15:07:05.423323+00:00,OK,0,0,fail=0 warn=0
2026-02-16T15:10:23.061340+00:00,OK,0,0,fail=0 warn=0
2026-02-16T15:13:40.309672+00:00,OK,0,0,fail=0 warn=0
2026-02-16T15:17:09.145074+00:00,OK,0,0,fail=0 warn=0
2026-02-16T15:20:32.374898+00:00,OK,0,0,fail=0 warn=0
2026-02-16T15:23:47.907884+00:00,OK,0,0,fail=0 warn=0
2026-02-16T15:27:08.816619+00:00,OK,0,0,fail=0 warn=0
2026-02-16T15:30:30.098459+00:00,OK,0,0,fail=0 warn=0
2026-02-16T15:33:45.153233+00:00,OK,0,0,fail=0 warn=0
2026-02-16T15:36:59.871963+00:00,OK,0,0,fail=0 warn=0
2026-02-16T15:40:25.529636+00:00,OK,0,0,fail=0 warn=0
2026-02-16T15:50:14.947147+00:00,OK,0,0,fail=0 warn=0
2026-02-16T15:53:38.668081+00:00,OK,0,0,fail=0 warn=0
2026-02-16T15:56:58.563141+00:00,OK,0,0,fail=0 warn=0
2026-02-16T16:00:48.643006+00:00,OK,0,0,fail=0 warn=0
2026-02-16T16:04:05.195477+00:00,FAIL,2,1,fail=2 warn=1
2026-02-16T16:07:22.304050+00:00,FAIL,2,1,fail=2 warn=1
2026-02-16T16:10:36.082978+00:00,FAIL,2,1,fail=2 warn=1
2026-02-16T16:13:54.288656+00:00,FAIL,2,1,fail=2 warn=1
2026-02-16T16:17:12.084140+00:00,FAIL,2,1,fail=2 warn=1
2026-02-16T16:20:33.219219+00:00,FAIL,2,1,fail=2 warn=1
2026-02-16T16:23:56.626213+00:00,FAIL,2,1,fail=2 warn=1
2026-02-16T16:27:22.828657+00:00,FAIL,2,1,fail=2 warn=1
2026-02-16T16:30:41.806672+00:00,FAIL,2,1,fail=2 warn=1
2026-02-16T16:33:55.289692+00:00,FAIL,2,1,fail=2 warn=1
2026-02-16T16:37:18.370456+00:00,FAIL,3,1,fail=3 warn=1
2026-02-16T16:40:41.228581+00:00,FAIL,2,1,fail=2 warn=1
2026-02-16T16:44:16.492543+00:00,FAIL,2,1,fail=2 warn=1
2026-02-16T16:54:39.028039+00:00,WARN,0,1,fail=0 warn=1
2026-02-16T16:57:57.983846+00:00,WARN,0,1,fail=0 warn=1
2026-02-16T17:01:26.936437+00:00,WARN,0,2,fail=0 warn=2
2026-02-16T17:04:45.332313+00:00,WARN,0,1,fail=0 warn=1
2026-02-16T17:08:04.387160+00:00,WARN,0,1,fail=0 warn=1
2026-02-16T17:11:24.618647+00:00,WARN,0,1,fail=0 warn=1
2026-02-16T17:15:20.129832+00:00,OK,0,0,fail=0 warn=0
2026-02-16T17:21:46.432564+00:00,OK,0,0,fail=0 warn=0
2026-02-16T17:25:32.348514+00:00,OK,0,0,fail=0 warn=0
2026-02-16T17:28:47.594342+00:00,OK,0,0,fail=0 warn=0
2026-02-16T17:32:21.434516+00:00,OK,0,0,fail=0 warn=0
2026-02-16T17:35:45.370328+00:00,OK,0,0,fail=0 warn=0
2026-02-16T17:39:01.816783+00:00,OK,0,0,fail=0 warn=0
2026-02-16T17:42:21.793728+00:00,OK,0,0,fail=0 warn=0
2026-02-16T17:45:43.057667+00:00,OK,0,0,fail=0 warn=0
2026-02-16T17:54:20.780201+00:00,OK,0,0,fail=0 warn=0
2026-02-16T17:58:54.776629+00:00,OK,0,0,fail=0 warn=0
2026-02-16T18:02:07.046308+00:00,OK,0,0,fail=0 warn=0
2026-02-16T18:05:27.790976+00:00,OK,0,0,fail=0 warn=0
2026-02-16T18:08:41.035330+00:00,OK,0,0,fail=0 warn=0
2026-02-16T18:12:32.557986+00:00,OK,0,0,fail=0 warn=0
2026-02-16T18:15:46.446548+00:00,OK,0,0,fail=0 warn=0
2026-02-16T18:20:30.901989+00:00,OK,0,0,fail=0 warn=0
2026-02-16T18:26:53.625635+00:00,OK,0,0,fail=0 warn=0
2026-02-16T18:30:10.947379+00:00,OK,0,0,fail=0 warn=0
2026-02-16T18:33:24.981853+00:00,OK,0,0,fail=0 warn=0
2026-02-16T18:36:48.371685+00:00,OK,0,0,fail=0 warn=0
2026-02-16T18:40:05.013386+00:00,OK,0,0,fail=0 warn=0
2026-02-16T18:43:18.424505+00:00,OK,0,0,fail=0 warn=0
2026-02-16T18:46:32.848034+00:00,OK,0,0,fail=0 warn=0
2026-02-16T18:55:01.257630+00:00,OK,0,0,fail=0 warn=0
2026-02-16T18:58:20.123224+00:00,OK,0,0,fail=0 warn=0
2026-02-16T19:02:53.413575+00:00,OK,0,0,fail=0 warn=0
2026-02-16T19:06:12.032800+00:00,OK,0,0,fail=0 warn=0
2026-02-16T19:09:29.495462+00:00,OK,0,0,fail=0 warn=0
2026-02-16T19:12:45.485169+00:00,OK,0,0,fail=0 warn=0
2026-02-16T19:16:00.837235+00:00,OK,0,0,fail=0 warn=0
2026-02-16T19:19:22.694717+00:00,OK,0,0,fail=0 warn=0
2026-02-16T19:23:24.869512+00:00,OK,0,0,fail=0 warn=0
2026-02-16T19:29:34.234179+00:00,OK,0,0,fail=0 warn=0
2026-02-16T19:32:53.091525+00:00,OK,0,0,fail=0 warn=0
2026-02-16T19:36:08.598628+00:00,OK,0,0,fail=0 warn=0
2026-02-16T19:39:28.238575+00:00,OK,0,0,fail=0 warn=0
2026-02-16T19:42:41.434959+00:00,OK,0,0,fail=0 warn=0
2026-02-16T19:46:37.993343+00:00,OK,0,0,fail=0 warn=0
2026-02-16T19:55:09.785734+00:00,OK,0,0,fail=0 warn=0
2026-02-16T19:58:26.591528+00:00,OK,0,0,fail=0 warn=0
2026-02-16T20:01:39.632214+00:00,OK,0,0,fail=0 warn=0
2026-02-16T20:06:10.764510+00:00,OK,0,0,fail=0 warn=0
2026-02-16T20:09:30.845248+00:00,OK,0,0,fail=0 warn=0
2026-02-16T20:12:52.449307+00:00,OK,0,0,fail=0 warn=0
2026-02-16T20:16:10.796636+00:00,OK,0,0,fail=0 warn=0
2026-02-16T20:19:27.255098+00:00,OK,0,0,fail=0 warn=0
2026-02-16T20:22:42.231814+00:00,OK,0,0,fail=0 warn=0
2026-02-16T20:26:00.243619+00:00,OK,0,0,fail=0 warn=0
2026-02-16T20:29:15.597993+00:00,OK,0,0,fail=0 warn=0
2026-02-16T20:32:31.400097+00:00,OK,0,0,fail=0 warn=0
2026-02-16T20:35:51.294185+00:00,OK,0,0,fail=0 warn=0
2026-02-16T20:39:11.244948+00:00,OK,0,0,fail=0 warn=0
2026-02-16T20:42:26.262087+00:00,OK,0,0,fail=0 warn=0
2026-02-16T20:45:41.775818+00:00,OK,0,0,fail=0 warn=0
2026-02-16T20:48:58.446592+00:00,OK,0,0,fail=0 warn=0
2026-02-16T20:57:26.717589+00:00,OK,0,0,fail=0 warn=0
2026-02-16T21:00:49.169115+00:00,OK,0,0,fail=0 warn=0
2026-02-16T21:04:01.811224+00:00,OK,0,0,fail=0 warn=0
2026-02-16T21:08:44.470627+00:00,OK,0,0,fail=0 warn=0
2026-02-16T21:11:56.690194+00:00,OK,0,0,fail=0 warn=0
2026-02-16T21:15:16.080180+00:00,OK,0,0,fail=0 warn=0
2026-02-16T21:18:28.068667+00:00,OK,0,0,fail=0 warn=0
2026-02-16T21:21:47.210833+00:00,OK,0,0,fail=0 warn=0
2026-02-16T21:25:06.715177+00:00,OK,0,0,fail=0 warn=0
2026-02-16T21:28:24.899589+00:00,OK,0,0,fail=0 warn=0
2026-02-16T21:31:39.753167+00:00,OK,0,0,fail=0 warn=0
2026-02-16T21:34:59.489394+00:00,OK,0,0,fail=0 warn=0
2026-02-16T21:38:19.498636+00:00,WARN,0,1,fail=0 warn=1
2026-02-16T21:41:38.717974+00:00,OK,0,0,fail=0 warn=0
2026-02-16T21:45:00.193423+00:00,OK,0,0,fail=0 warn=0
2026-02-16T21:48:14.513389+00:00,OK,0,0,fail=0 warn=0
2026-02-16T21:51:37.517593+00:00,OK,0,0,fail=0 warn=0
2026-02-16T22:00:08.027904+00:00,OK,0,0,fail=0 warn=0
2026-02-16T22:03:20.491384+00:00,OK,0,0,fail=0 warn=0
2026-02-16T22:06:31.639311+00:00,OK,0,0,fail=0 warn=0
2026-02-16T22:11:13.555840+00:00,OK,0,0,fail=0 warn=0
2026-02-16T22:14:25.586826+00:00,OK,0,0,fail=0 warn=0
2026-02-16T22:17:40.422516+00:00,OK,0,0,fail=0 warn=0
2026-02-16T22:20:53.934236+00:00,OK,0,0,fail=0 warn=0
2026-02-16T22:24:32.576883+00:00,OK,0,0,fail=0 warn=0
2026-02-16T22:27:46.149154+00:00,OK,0,0,fail=0 warn=0
2026-02-16T22:30:57.254167+00:00,OK,0,0,fail=0 warn=0
2026-02-16T22:34:13.657653+00:00,OK,0,0,fail=0 warn=0
2026-02-16T22:37:25.149741+00:00,OK,0,0,fail=0 warn=0
2026-02-16T22:40:44.171095+00:00,OK,0,0,fail=0 warn=0
2026-02-16T22:44:04.382358+00:00,OK,0,0,fail=0 warn=0
2026-02-16T22:47:23.036022+00:00,OK,0,0,fail=0 warn=0
2026-02-16T22:50:37.132474+00:00,OK,0,0,fail=0 warn=0
2026-02-16T22:53:53.509712+00:00,OK,0,0,fail=0 warn=0
2026-02-16T23:02:39.735274+00:00,OK,0,0,fail=0 warn=0
2026-02-16T23:05:58.523570+00:00,OK,0,0,fail=0 warn=0
2026-02-16T23:09:11.126058+00:00,OK,0,0,fail=0 warn=0
2026-02-16T23:13:52.504794+00:00,OK,0,0,fail=0 warn=0
2026-02-16T23:17:04.411580+00:00,OK,0,0,fail=0 warn=0
2026-02-16T23:20:16.218658+00:00,OK,0,0,fail=0 warn=0
2026-02-16T23:23:33.365058+00:00,OK,0,0,fail=0 warn=0
2026-02-16T23:26:45.589174+00:00,OK,0,0,fail=0 warn=0
2026-02-16T23:29:58.246775+00:00,OK,0,0,fail=0 warn=0
2026-02-16T23:33:09.646255+00:00,OK,0,0,fail=0 warn=0
2026-02-16T23:36:23.494107+00:00,OK,0,0,fail=0 warn=0
2026-02-16T23:39:34.627897+00:00,OK,0,0,fail=0 warn=0
2026-02-16T23:42:48.896192+00:00,OK,0,0,fail=0 warn=0
2026-02-16T23:46:03.700979+00:00,OK,0,0,fail=0 warn=0
2026-02-16T23:49:19.033199+00:00,OK,0,0,fail=0 warn=0
2026-02-16T23:52:37.261227+00:00,OK,0,0,fail=0 warn=0
2026-02-16T23:55:55.166919+00:00,OK,0,0,fail=0 warn=0
2026-02-17T00:04:24.587901+00:00,WARN,0,5,fail=0 warn=5
2026-02-17T00:07:36.893123+00:00,WARN,0,5,fail=0 warn=5
2026-02-17T00:10:55.523511+00:00,WARN,0,5,fail=0 warn=5
2026-02-17T00:15:34.208339+00:00,WARN,0,5,fail=0 warn=5
2026-02-17T00:18:44.914203+00:00,WARN,0,5,fail=0 warn=5
2026-02-17T00:22:01.446363+00:00,WARN,0,5,fail=0 warn=5
2026-02-17T00:25:17.894103+00:00,WARN,0,5,fail=0 warn=5
2026-02-17T00:28:34.782892+00:00,WARN,0,5,fail=0 warn=5
2026-02-17T00:31:46.290391+00:00,WARN,0,5,fail=0 warn=5
2026-02-17T00:35:05.255066+00:00,WARN,0,5,fail=0 warn=5
2026-02-17T00:38:18.800846+00:00,WARN,0,5,fail=0 warn=5
2026-02-17T00:41:36.789519+00:00,WARN,0,5,fail=0 warn=5
2026-02-17T00:44:54.339914+00:00,WARN,0,5,fail=0 warn=5
2026-02-17T00:48:05.540157+00:00,WARN,0,5,fail=0 warn=5
2026-02-17T00:51:33.947296+00:00,WARN,0,5,fail=0 warn=5
2026-02-17T00:54:49.196216+00:00,WARN,0,5,fail=0 warn=5
2026-02-17T00:58:12.245377+00:00,WARN,0,5,fail=0 warn=5
2026-02-17T01:06:40.792370+00:00,WARN,0,5,fail=0 warn=5
2026-02-17T01:09:51.805910+00:00,WARN,0,5,fail=0 warn=5
2026-02-17T01:13:04.893510+00:00,WARN,0,5,fail=0 warn=5
2026-02-17T01:17:43.743968+00:00,WARN,0,5,fail=0 warn=5
2026-02-17T01:21:03.464143+00:00,WARN,0,5,fail=0 warn=5
2026-02-17T01:24:21.964278+00:00,WARN,0,5,fail=0 warn=5
2026-02-17T01:27:40.862569+00:00,WARN,0,5,fail=0 warn=5
2026-02-17T01:30:57.155526+00:00,WARN,0,5,fail=0 warn=5
2026-02-17T01:34:19.709081+00:00,WARN,0,5,fail=0 warn=5
2026-02-17T01:37:37.213998+00:00,WARN,0,5,fail=0 warn=5
2026-02-17T01:40:55.356439+00:00,WARN,0,5,fail=0 warn=5
2026-02-17T01:44:16.698262+00:00,WARN,0,5,fail=0 warn=5
2026-02-17T01:47:36.014377+00:00,WARN,0,5,fail=0 warn=5
2026-02-17T01:50:47.853719+00:00,WARN,0,5,fail=0 warn=5
2026-02-17T01:54:00.055668+00:00,WARN,0,5,fail=0 warn=5
2026-02-17T01:57:10.772251+00:00,WARN,0,5,fail=0 warn=5
2026-02-17T02:00:39.887168+00:00,WARN,0,5,fail=0 warn=5
2026-02-17T02:08:55.828831+00:00,WARN,0,5,fail=0 warn=5
2026-02-17T02:12:14.660929+00:00,WARN,0,5,fail=0 warn=5
2026-02-17T02:15:26.137503+00:00,WARN,0,5,fail=0 warn=5
2026-02-17T02:19:56.970694+00:00,WARN,0,5,fail=0 warn=5
2026-02-17T02:23:10.357775+00:00,WARN,0,5,fail=0 warn=5
2026-02-17T02:26:28.169175+00:00,WARN,0,5,fail=0 warn=5
2026-02-17T02:29:46.878593+00:00,WARN,0,5,fail=0 warn=5
2026-02-17T02:33:05.327957+00:00,WARN,0,5,fail=0 warn=5
2026-02-17T02:36:23.353321+00:00,WARN,0,5,fail=0 warn=5
2026-02-17T02:39:39.921226+00:00,WARN,0,5,fail=0 warn=5
2026-02-17T02:42:54.444141+00:00,WARN,0,5,fail=0 warn=5
2026-02-17T02:46:05.978535+00:00,WARN,0,5,fail=0 warn=5
2026-02-17T02:49:18.477422+00:00,WARN,0,5,fail=0 warn=5
2026-02-17T02:52:37.876772+00:00,WARN,0,5,fail=0 warn=5
2026-02-17T02:55:49.267235+00:00,WARN,0,5,fail=0 warn=5
2026-02-17T02:59:04.833539+00:00,WARN,0,6,fail=0 warn=6
2026-02-17T03:02:24.092845+00:00,WARN,0,5,fail=0 warn=5
2026-02-17T03:10:27.904382+00:00,WARN,0,5,fail=0 warn=5
2026-02-17T03:13:53.309206+00:00,WARN,0,5,fail=0 warn=5
2026-02-17T03:17:06.296101+00:00,WARN,0,5,fail=0 warn=5
2026-02-17T03:21:32.451946+00:00,WARN,0,5,fail=0 warn=5
2026-02-17T03:24:47.768167+00:00,WARN,0,5,fail=0 warn=5
2026-02-17T03:28:02.538714+00:00,WARN,0,5,fail=0 warn=5
2026-02-17T03:31:20.177121+00:00,WARN,0,5,fail=0 warn=5
2026-02-17T03:34:37.017328+00:00,WARN,0,5,fail=0 warn=5
2026-02-17T03:37:52.888058+00:00,WARN,0,5,fail=0 warn=5
2026-02-17T03:41:09.477137+00:00,WARN,0,5,fail=0 warn=5
2026-02-17T03:44:20.607581+00:00,WARN,0,5,fail=0 warn=5
2026-02-17T03:47:31.448510+00:00,WARN,0,5,fail=0 warn=5
2026-02-17T03:50:46.529217+00:00,WARN,0,5,fail=0 warn=5
2026-02-17T03:54:01.634150+00:00,WARN,0,5,fail=0 warn=5
2026-02-17T03:57:17.539836+00:00,WARN,0,5,fail=0 warn=5
2026-02-17T04:00:35.748387+00:00,WARN,0,5,fail=0 warn=5
2026-02-17T04:03:56.371141+00:00,WARN,0,5,fail=0 warn=5
2026-02-17T04:12:11.638142+00:00,WARN,0,5,fail=0 warn=5
2026-02-17T04:15:30.886035+00:00,WARN,0,5,fail=0 warn=5
2026-02-17T04:18:47.032947+00:00,WARN,0,5,fail=0 warn=5
2026-02-17T04:23:07.780155+00:00,WARN,0,5,fail=0 warn=5
2026-02-17T04:26:24.779349+00:00,WARN,0,5,fail=0 warn=5
2026-02-17T04:29:40.766723+00:00,WARN,0,5,fail=0 warn=5
2026-02-17T04:32:55.347051+00:00,WARN,0,5,fail=0 warn=5
2026-02-17T04:36:11.265215+00:00,WARN,0,5,fail=0 warn=5
2026-02-17T04:39:28.890937+00:00,WARN,0,5,fail=0 warn=5
2026-02-17T04:42:44.950663+00:00,WARN,0,5,fail=0 warn=5
2026-02-17T04:45:54.493635+00:00,WARN,0,5,fail=0 warn=5
2026-02-17T04:49:07.778086+00:00,WARN,0,5,fail=0 warn=5
2026-02-17T04:52:25.243548+00:00,WARN,0,5,fail=0 warn=5
2026-02-17T04:55:43.237730+00:00,WARN,0,5,fail=0 warn=5
2026-02-17T04:58:59.075556+00:00,WARN,0,5,fail=0 warn=5
2026-02-17T05:02:11.169258+00:00,WARN,0,5,fail=0 warn=5
2026-02-17T05:05:26.276480+00:00,WARN,0,5,fail=0 warn=5
2026-02-17T05:13:36.457202+00:00,WARN,0,5,fail=0 warn=5
2026-02-17T05:16:58.342672+00:00,WARN,0,5,fail=0 warn=5
2026-02-17T05:20:12.698473+00:00,WARN,0,5,fail=0 warn=5
2026-02-17T05:24:38.256987+00:00,WARN,0,5,fail=0 warn=5
2026-02-17T05:27:53.896788+00:00,WARN,0,5,fail=0 warn=5
2026-02-17T05:31:10.414868+00:00,WARN,0,5,fail=0 warn=5
2026-02-17T05:34:27.262443+00:00,WARN,0,5,fail=0 warn=5
2026-02-17T05:37:46.265212+00:00,WARN,0,5,fail=0 warn=5
2026-02-17T05:40:58.595471+00:00,WARN,0,5,fail=0 warn=5
2026-02-17T05:44:11.417603+00:00,WARN,0,5,fail=0 warn=5
2026-02-17T05:47:23.350660+00:00,WARN,0,5,fail=0 warn=5
2026-02-17T05:50:37.537570+00:00,WARN,0,5,fail=0 warn=5
2026-02-17T05:53:49.161610+00:00,WARN,0,5,fail=0 warn=5
2026-02-17T05:57:00.223605+00:00,WARN,0,5,fail=0 warn=5
2026-02-17T06:15:43.110958+00:00,WARN,0,4,fail=0 warn=4
2026-02-17T08:54:23.274217+00:00,WARN,0,4,fail=0 warn=4
2026-02-17T08:57:41.328426+00:00,WARN,0,4,fail=0 warn=4
2026-02-17T09:00:58.149568+00:00,WARN,0,4,fail=0 warn=4
2026-02-17T09:04:20.119576+00:00,WARN,0,4,fail=0 warn=4
2026-02-17T09:07:40.240290+00:00,WARN,0,5,fail=0 warn=5
2026-02-17T09:10:56.506371+00:00,OK,0,0,fail=0 warn=0
2026-02-17T09:14:14.964509+00:00,OK,0,0,fail=0 warn=0
2026-02-17T09:17:30.441738+00:00,OK,0,0,fail=0 warn=0
2026-02-17T09:20:48.112443+00:00,OK,0,0,fail=0 warn=0
2026-02-17T09:24:06.224062+00:00,OK,0,0,fail=0 warn=0
2026-02-17T09:27:22.498525+00:00,OK,0,0,fail=0 warn=0
2026-02-17T09:30:39.165671+00:00,OK,0,0,fail=0 warn=0
2026-02-17T09:33:56.892529+00:00,OK,0,0,fail=0 warn=0
2026-02-17T09:45:14.887793+00:00,WARN,0,1,fail=0 warn=1
2026-02-17T09:48:38.809211+00:00,WARN,0,1,fail=0 warn=1
2026-02-17T09:58:48.665543+00:00,WARN,0,1,fail=0 warn=1
2026-02-17T10:05:07.143935+00:00,WARN,0,1,fail=0 warn=1
2026-02-17T10:09:35.516144+00:00,WARN,0,1,fail=0 warn=1
2026-02-17T10:12:49.280677+00:00,WARN,0,1,fail=0 warn=1
2026-02-17T10:16:09.856783+00:00,OK,0,0,fail=0 warn=0
2026-02-17T10:19:28.040336+00:00,OK,0,0,fail=0 warn=0
2026-02-17T10:22:42.708375+00:00,OK,0,0,fail=0 warn=0
2026-02-17T10:25:57.510546+00:00,OK,0,0,fail=0 warn=0
2026-02-17T10:29:15.603175+00:00,OK,0,0,fail=0 warn=0
2026-02-17T10:32:43.619473+00:00,OK,0,0,fail=0 warn=0
2026-02-17T10:36:06.399689+00:00,OK,0,0,fail=0 warn=0
2026-02-17T10:39:26.108795+00:00,OK,0,0,fail=0 warn=0
2026-02-17T10:42:40.386183+00:00,OK,0,0,fail=0 warn=0
2026-02-17T10:46:03.874929+00:00,OK,0,0,fail=0 warn=0
2026-02-17T10:49:26.319219+00:00,OK,0,0,fail=0 warn=0
2026-02-17T10:52:40.526330+00:00,OK,0,0,fail=0 warn=0
2026-02-17T11:02:34.425155+00:00,OK,0,0,fail=0 warn=0
2026-02-17T11:05:48.420823+00:00,OK,0,0,fail=0 warn=0
2026-02-17T11:09:26.606274+00:00,OK,0,0,fail=0 warn=0
2026-02-17T11:12:47.455473+00:00,OK,0,0,fail=0 warn=0
2026-02-17T11:16:05.171492+00:00,OK,0,0,fail=0 warn=0
2026-02-17T11:19:39.484733+00:00,OK,0,0,fail=0 warn=0
2026-02-17T11:22:57.214244+00:00,OK,0,0,fail=0 warn=0
2026-02-17T11:26:20.831295+00:00,OK,0,0,fail=0 warn=0
2026-02-17T11:29:40.493565+00:00,OK,0,0,fail=0 warn=0
2026-02-17T11:33:02.210135+00:00,OK,0,0,fail=0 warn=0
2026-02-17T11:36:18.822703+00:00,OK,0,0,fail=0 warn=0
2026-02-17T11:39:40.284806+00:00,OK,0,0,fail=0 warn=0
2026-02-17T11:42:57.362749+00:00,OK,0,0,fail=0 warn=0
2026-02-17T11:46:12.017959+00:00,OK,0,0,fail=0 warn=0
2026-02-17T11:49:36.670008+00:00,OK,0,0,fail=0 warn=0
2026-02-17T11:53:02.325593+00:00,OK,0,0,fail=0 warn=0
2026-02-17T11:56:23.834293+00:00,OK,0,0,fail=0 warn=0
2026-02-17T12:06:15.320639+00:00,OK,0,0,fail=0 warn=0
2026-02-17T12:09:28.914600+00:00,OK,0,0,fail=0 warn=0
2026-02-17T12:12:52.610270+00:00,OK,0,0,fail=0 warn=0
2026-02-17T12:16:20.621609+00:00,OK,0,0,fail=0 warn=0
2026-02-17T12:19:45.283042+00:00,OK,0,0,fail=0 warn=0
2026-02-17T12:23:09.855853+00:00,OK,0,0,fail=0 warn=0
2026-02-17T12:26:20.956873+00:00,OK,0,0,fail=0 warn=0
2026-02-17T12:29:33.231775+00:00,OK,0,0,fail=0 warn=0
2026-02-17T12:32:51.323018+00:00,OK,0,0,fail=0 warn=0
2026-02-17T12:36:10.416788+00:00,OK,0,0,fail=0 warn=0
2026-02-17T12:39:29.847230+00:00,OK,0,0,fail=0 warn=0
2026-02-17T12:42:44.294184+00:00,FAIL,3,1,fail=3 warn=1
2026-02-17T13:29:20.395297+00:00,WARN,0,1,fail=0 warn=1
2026-02-17T13:32:45.770652+00:00,WARN,0,1,fail=0 warn=1
2026-02-17T13:35:59.871382+00:00,WARN,0,1,fail=0 warn=1
2026-02-17T13:39:21.632901+00:00,WARN,0,1,fail=0 warn=1
2026-02-17T13:42:38.389514+00:00,WARN,0,1,fail=0 warn=1
2026-02-17T14:01:44.132735+00:00,WARN,0,1,fail=0 warn=1
2026-02-17T14:16:01.630601+00:00,WARN,0,1,fail=0 warn=1
2026-02-17T14:19:21.713961+00:00,WARN,0,1,fail=0 warn=1
2026-02-17T14:22:43.564989+00:00,WARN,0,2,fail=0 warn=2
2026-02-17T14:32:39.087817+00:00,WARN,0,2,fail=0 warn=2
2026-02-17T14:35:51.995357+00:00,WARN,0,2,fail=0 warn=2
2026-02-17T14:39:11.074107+00:00,WARN,0,2,fail=0 warn=2
2026-02-17T14:42:25.375268+00:00,WARN,0,2,fail=0 warn=2
2026-02-17T14:45:46.985090+00:00,WARN,0,1,fail=0 warn=1
2026-02-17T14:49:03.119738+00:00,WARN,0,1,fail=0 warn=1
2026-02-17T14:52:20.346451+00:00,WARN,0,1,fail=0 warn=1
2026-02-17T14:55:41.580989+00:00,WARN,0,1,fail=0 warn=1
2026-02-17T14:59:01.915774+00:00,OK,0,0,fail=0 warn=0
2026-02-17T15:02:17.356395+00:00,OK,0,0,fail=0 warn=0
2026-02-17T15:05:43.372736+00:00,OK,0,0,fail=0 warn=0
2026-02-17T15:08:56.586401+00:00,OK,0,0,fail=0 warn=0
2026-02-17T15:12:12.962143+00:00,OK,0,0,fail=0 warn=0
2026-02-17T15:15:32.321443+00:00,OK,0,0,fail=0 warn=0
2026-02-17T15:18:55.784185+00:00,OK,0,0,fail=0 warn=0
2026-02-17T15:22:16.105730+00:00,OK,0,0,fail=0 warn=0
2026-02-17T15:25:35.117030+00:00,OK,0,0,fail=0 warn=0
2026-02-17T15:35:37.050814+00:00,OK,0,0,fail=0 warn=0
2026-02-17T15:38:54.459384+00:00,OK,0,0,fail=0 warn=0
2026-02-17T15:42:13.913860+00:00,OK,0,0,fail=0 warn=0
2026-02-17T15:45:42.134135+00:00,FAIL,1,0,fail=1 warn=0
2026-02-17T17:43:23.964340+00:00,FAIL,1,2,fail=1 warn=2
2026-02-17T17:46:45.666625+00:00,FAIL,1,2,fail=1 warn=2
2026-02-17T17:50:04.294635+00:00,FAIL,1,2,fail=1 warn=2
2026-02-17T17:53:24.167599+00:00,FAIL,1,2,fail=1 warn=2
2026-02-17T17:56:41.006764+00:00,FAIL,1,2,fail=1 warn=2
2026-02-17T18:00:02.063557+00:00,FAIL,1,2,fail=1 warn=2
2026-02-17T18:03:16.438714+00:00,FAIL,1,2,fail=1 warn=2
2026-02-17T18:06:38.248095+00:00,FAIL,1,2,fail=1 warn=2
2026-02-17T18:09:55.427664+00:00,FAIL,1,2,fail=1 warn=2
2026-02-17T18:13:18.620918+00:00,FAIL,1,2,fail=1 warn=2
2026-02-17T18:16:35.842373+00:00,FAIL,1,2,fail=1 warn=2
2026-02-17T18:19:50.596100+00:00,FAIL,1,2,fail=1 warn=2
2026-02-17T18:23:08.420579+00:00,FAIL,1,2,fail=1 warn=2
2026-02-17T18:26:22.485222+00:00,FAIL,1,2,fail=1 warn=2
2026-02-17T18:29:38.271149+00:00,FAIL,1,2,fail=1 warn=2
2026-02-17T18:32:52.669156+00:00,FAIL,1,2,fail=1 warn=2
2026-02-17T18:36:20.077140+00:00,FAIL,1,2,fail=1 warn=2
2026-02-17T18:45:55.331452+00:00,FAIL,1,2,fail=1 warn=2
2026-02-17T18:49:11.781242+00:00,FAIL,1,2,fail=1 warn=2
2026-02-17T18:52:41.787133+00:00,FAIL,1,2,fail=1 warn=2
2026-02-17T18:55:59.018350+00:00,FAIL,1,2,fail=1 warn=2
2026-02-17T18:59:14.150677+00:00,FAIL,1,2,fail=1 warn=2
2026-02-17T19:02:28.164322+00:00,WARN,0,2,fail=0 warn=2
2026-02-17T19:05:49.684986+00:00,WARN,0,2,fail=0 warn=2
2026-02-17T19:09:16.685981+00:00,WARN,0,2,fail=0 warn=2
2026-02-17T19:12:57.019447+00:00,WARN,0,2,fail=0 warn=2
2026-02-17T19:24:35.818559+00:00,WARN,0,2,fail=0 warn=2
2026-02-17T19:27:52.093082+00:00,WARN,0,2,fail=0 warn=2
2026-02-17T19:31:07.681343+00:00,WARN,0,2,fail=0 warn=2
2026-02-17T19:34:25.579708+00:00,FAIL,1,2,fail=1 warn=2
2026-02-17T19:37:48.976776+00:00,FAIL,1,2,fail=1 warn=2
2026-02-17T19:47:05.294996+00:00,WARN,0,2,fail=0 warn=2
2026-02-17T19:50:30.601032+00:00,WARN,0,2,fail=0 warn=2
2026-02-17T19:53:47.008665+00:00,FAIL,1,2,fail=1 warn=2
2026-02-17T19:57:06.399431+00:00,FAIL,1,2,fail=1 warn=2
2026-02-17T20:00:27.251873+00:00,WARN,0,2,fail=0 warn=2
2026-02-17T20:03:49.385857+00:00,WARN,0,2,fail=0 warn=2
2026-02-17T20:07:25.057411+00:00,WARN,0,2,fail=0 warn=2
2026-02-17T20:10:46.443327+00:00,WARN,0,2,fail=0 warn=2
2026-02-17T20:14:05.129176+00:00,FAIL,1,2,fail=1 warn=2
2026-02-17T20:17:19.880477+00:00,FAIL,1,2,fail=1 warn=2
2026-02-17T20:20:35.448445+00:00,WARN,0,2,fail=0 warn=2
2026-02-17T20:23:54.002781+00:00,WARN,0,2,fail=0 warn=2
2026-02-17T20:27:08.241011+00:00,WARN,0,2,fail=0 warn=2
2026-02-17T20:30:22.157720+00:00,WARN,0,2,fail=0 warn=2
2026-02-17T20:33:41.449808+00:00,FAIL,1,2,fail=1 warn=2
2026-02-17T20:36:57.720783+00:00,FAIL,1,2,fail=1 warn=2
2026-02-17T20:40:14.131327+00:00,WARN,0,2,fail=0 warn=2
2026-02-17T20:50:17.598016+00:00,WARN,0,2,fail=0 warn=2
2026-02-17T20:53:37.239125+00:00,WARN,0,2,fail=0 warn=2
2026-02-17T20:56:52.686730+00:00,FAIL,1,2,fail=1 warn=2
2026-02-17T21:00:07.980301+00:00,WARN,0,2,fail=0 warn=2
2026-02-17T21:03:24.388680+00:00,WARN,0,2,fail=0 warn=2
2026-02-17T21:06:40.427826+00:00,WARN,0,2,fail=0 warn=2
2026-02-17T21:09:56.268283+00:00,WARN,0,2,fail=0 warn=2
2026-02-17T21:13:15.700647+00:00,WARN,0,2,fail=0 warn=2
2026-02-17T21:16:30.247105+00:00,FAIL,1,2,fail=1 warn=2
2026-02-17T21:19:43.130595+00:00,WARN,0,2,fail=0 warn=2
2026-02-17T21:22:59.749133+00:00,WARN,0,2,fail=0 warn=2
2026-02-17T21:26:21.978820+00:00,WARN,0,2,fail=0 warn=2
2026-02-17T21:29:36.320177+00:00,WARN,0,2,fail=0 warn=2
2026-02-17T21:32:56.472373+00:00,WARN,0,2,fail=0 warn=2
2026-02-17T21:36:18.638221+00:00,FAIL,1,2,fail=1 warn=2
2026-02-17T21:39:30.801802+00:00,WARN,0,2,fail=0 warn=2
2026-02-17T21:42:45.552636+00:00,WARN,0,2,fail=0 warn=2
2026-02-17T21:52:12.576475+00:00,WARN,0,2,fail=0 warn=2
2026-02-17T21:55:28.590835+00:00,FAIL,1,2,fail=1 warn=2
2026-02-17T21:58:40.975037+00:00,WARN,0,2,fail=0 warn=2
2026-02-17T22:01:56.603812+00:00,WARN,0,2,fail=0 warn=2
2026-02-17T22:05:14.127846+00:00,WARN,0,2,fail=0 warn=2
2026-02-17T22:08:29.418777+00:00,WARN,0,2,fail=0 warn=2
2026-02-17T22:11:47.809834+00:00,WARN,0,2,fail=0 warn=2
2026-02-17T22:15:11.075929+00:00,FAIL,1,2,fail=1 warn=2
2026-02-17T22:18:39.523170+00:00,WARN,0,2,fail=0 warn=2
2026-02-17T22:22:02.509232+00:00,WARN,0,2,fail=0 warn=2
2026-02-17T22:25:18.030820+00:00,WARN,0,2,fail=0 warn=2
2026-02-17T22:28:31.290003+00:00,WARN,0,2,fail=0 warn=2
2026-02-17T22:31:49.884102+00:00,WARN,0,2,fail=0 warn=2
2026-02-17T22:35:06.603134+00:00,FAIL,1,2,fail=1 warn=2
2026-02-17T22:38:21.742231+00:00,WARN,0,2,fail=0 warn=2
2026-02-17T22:41:37.283123+00:00,WARN,0,2,fail=0 warn=2
2026-02-17T22:44:54.880976+00:00,WARN,0,2,fail=0 warn=2
2026-02-17T22:55:07.751533+00:00,FAIL,1,2,fail=1 warn=2
2026-02-17T22:58:29.994690+00:00,WARN,0,2,fail=0 warn=2
2026-02-17T23:01:50.404783+00:00,WARN,0,2,fail=0 warn=2
2026-02-17T23:05:05.080702+00:00,WARN,0,2,fail=0 warn=2
2026-02-17T23:08:20.484454+00:00,WARN,0,2,fail=0 warn=2
2026-02-17T23:11:36.394437+00:00,FAIL,1,2,fail=1 warn=2
2026-02-17T23:14:56.287937+00:00,FAIL,1,2,fail=1 warn=2
2026-02-17T23:18:09.332056+00:00,WARN,0,2,fail=0 warn=2
2026-02-17T23:21:29.783884+00:00,WARN,0,2,fail=0 warn=2
2026-02-17T23:24:44.394869+00:00,WARN,0,2,fail=0 warn=2
2026-02-17T23:28:02.111361+00:00,WARN,0,2,fail=0 warn=2
2026-02-17T23:31:21.706941+00:00,FAIL,1,2,fail=1 warn=2
2026-02-17T23:34:40.309460+00:00,FAIL,1,2,fail=1 warn=2
2026-02-17T23:37:53.004596+00:00,WARN,0,2,fail=0 warn=2
2026-02-17T23:41:10.463326+00:00,WARN,0,2,fail=0 warn=2
2026-02-17T23:44:26.720393+00:00,WARN,0,2,fail=0 warn=2
2026-02-17T23:47:41.600510+00:00,WARN,0,2,fail=0 warn=2
2026-02-17T23:57:54.219203+00:00,WARN,0,2,fail=0 warn=2
2026-02-18T00:02:02.696741+00:00,FAIL,2,9,fail=2 warn=9
2026-02-18T00:05:19.154844+00:00,FAIL,2,9,fail=2 warn=9
2026-02-18T00:08:37.017602+00:00,FAIL,2,6,fail=2 warn=6
2026-02-18T00:12:05.581090+00:00,FAIL,3,6,fail=3 warn=6
2026-02-18T00:15:23.461624+00:00,FAIL,2,6,fail=2 warn=6
2026-02-18T00:18:37.854226+00:00,FAIL,2,6,fail=2 warn=6
2026-02-18T00:21:57.260221+00:00,FAIL,2,6,fail=2 warn=6
2026-02-18T00:25:15.212776+00:00,FAIL,2,6,fail=2 warn=6
2026-02-18T00:28:38.898732+00:00,FAIL,2,6,fail=2 warn=6
2026-02-18T00:31:52.904826+00:00,FAIL,3,6,fail=3 warn=6
2026-02-18T00:35:08.686134+00:00,FAIL,2,6,fail=2 warn=6
2026-02-18T00:38:22.821285+00:00,FAIL,2,6,fail=2 warn=6
2026-02-18T00:41:38.494125+00:00,FAIL,2,6,fail=2 warn=6
2026-02-18T00:44:54.904531+00:00,FAIL,2,6,fail=2 warn=6
2026-02-18T00:48:10.365399+00:00,FAIL,2,6,fail=2 warn=6
2026-02-18T00:51:26.057492+00:00,FAIL,3,6,fail=3 warn=6
2026-02-18T01:01:39.196768+00:00,FAIL,2,6,fail=2 warn=6
2026-02-18T01:05:03.061692+00:00,FAIL,2,6,fail=2 warn=6
2026-02-18T01:08:54.344863+00:00,FAIL,3,6,fail=3 warn=6
2026-02-18T01:12:13.206980+00:00,FAIL,3,6,fail=3 warn=6
2026-02-18T01:15:30.095748+00:00,FAIL,2,6,fail=2 warn=6
2026-02-18T01:18:48.383093+00:00,FAIL,2,6,fail=2 warn=6
2026-02-18T01:22:10.569522+00:00,FAIL,2,6,fail=2 warn=6
2026-02-18T01:25:26.397994+00:00,FAIL,2,6,fail=2 warn=6
2026-02-18T01:28:45.630506+00:00,FAIL,3,6,fail=3 warn=6
2026-02-18T01:32:05.273580+00:00,FAIL,3,6,fail=3 warn=6
2026-02-18T01:35:21.155030+00:00,FAIL,2,6,fail=2 warn=6
2026-02-18T01:39:05.664262+00:00,FAIL,2,6,fail=2 warn=6
2026-02-18T01:42:21.401228+00:00,FAIL,2,6,fail=2 warn=6
2026-02-18T01:45:36.857896+00:00,FAIL,2,6,fail=2 warn=6
2026-02-18T01:48:54.049132+00:00,FAIL,3,6,fail=3 warn=6
2026-02-18T01:52:11.452783+00:00,FAIL,3,6,fail=3 warn=6
2026-02-18T01:55:28.623582+00:00,FAIL,2,6,fail=2 warn=6
2026-02-18T02:05:36.333427+00:00,FAIL,2,6,fail=2 warn=6
2026-02-18T02:08:53.575461+00:00,FAIL,3,6,fail=3 warn=6
2026-02-18T02:12:14.617835+00:00,FAIL,3,6,fail=3 warn=6
2026-02-18T02:15:30.410839+00:00,FAIL,2,6,fail=2 warn=6
2026-02-18T02:19:24.945480+00:00,FAIL,2,5,fail=2 warn=5
2026-02-18T02:22:45.391585+00:00,FAIL,2,5,fail=2 warn=5
2026-02-18T02:26:13.923905+00:00,FAIL,2,5,fail=2 warn=5
2026-02-18T02:29:35.528866+00:00,FAIL,3,5,fail=3 warn=5
2026-02-18T02:32:55.266656+00:00,FAIL,2,5,fail=2 warn=5
2026-02-18T02:36:18.261006+00:00,FAIL,2,5,fail=2 warn=5
2026-02-18T02:39:39.349128+00:00,FAIL,2,5,fail=2 warn=5
2026-02-18T02:42:57.915644+00:00,FAIL,2,5,fail=2 warn=5
2026-02-18T02:46:22.425665+00:00,FAIL,2,5,fail=2 warn=5
2026-02-18T02:49:44.615156+00:00,FAIL,3,5,fail=3 warn=5
2026-02-18T02:52:58.979239+00:00,FAIL,2,5,fail=2 warn=5
2026-02-18T02:56:18.032442+00:00,FAIL,2,5,fail=2 warn=5
2026-02-18T02:59:38.465533+00:00,FAIL,2,5,fail=2 warn=5
2026-02-18T03:10:25.830795+00:00,FAIL,3,5,fail=3 warn=5
2026-02-18T03:13:41.057957+00:00,FAIL,2,5,fail=2 warn=5
2026-02-18T03:16:56.592410+00:00,FAIL,2,5,fail=2 warn=5
2026-02-18T03:20:16.826217+00:00,FAIL,2,5,fail=2 warn=5
2026-02-18T03:23:34.511457+00:00,FAIL,2,5,fail=2 warn=5
2026-02-18T03:26:54.636805+00:00,FAIL,3,5,fail=3 warn=5
2026-02-18T03:30:22.276645+00:00,FAIL,3,5,fail=3 warn=5
2026-02-18T03:33:40.154606+00:00,FAIL,2,5,fail=2 warn=5
2026-02-18T03:36:57.107844+00:00,FAIL,2,5,fail=2 warn=5
2026-02-18T03:40:13.728739+00:00,FAIL,2,5,fail=2 warn=5
2026-02-18T03:43:30.703670+00:00,FAIL,2,5,fail=2 warn=5
2026-02-18T03:46:47.787688+00:00,FAIL,3,5,fail=3 warn=5
2026-02-18T03:50:06.131637+00:00,FAIL,2,5,fail=2 warn=5
2026-02-18T03:53:24.132628+00:00,FAIL,2,5,fail=2 warn=5
2026-02-18T03:56:47.517259+00:00,FAIL,2,5,fail=2 warn=5
2026-02-18T04:00:11.061103+00:00,FAIL,2,5,fail=2 warn=5
2026-02-18T04:03:36.321675+00:00,FAIL,2,5,fail=2 warn=5
2026-02-18T04:13:30.949114+00:00,FAIL,2,5,fail=2 warn=5
2026-02-18T04:16:43.855127+00:00,FAIL,2,5,fail=2 warn=5
2026-02-18T04:20:06.946672+00:00,FAIL,2,5,fail=2 warn=5
2026-02-18T04:23:29.806378+00:00,FAIL,2,5,fail=2 warn=5
2026-02-18T04:26:54.118946+00:00,FAIL,3,5,fail=3 warn=5
2026-02-18T04:30:10.023224+00:00,FAIL,2,5,fail=2 warn=5
2026-02-18T04:33:32.198064+00:00,FAIL,2,5,fail=2 warn=5
2026-02-18T04:39:33.572818+00:00,FAIL,2,5,fail=2 warn=5
2026-02-18T04:42:53.639644+00:00,FAIL,2,5,fail=2 warn=5
2026-02-18T04:46:16.427269+00:00,FAIL,3,5,fail=3 warn=5
2026-02-18T04:49:33.626363+00:00,FAIL,2,5,fail=2 warn=5
2026-02-18T04:53:18.664824+00:00,FAIL,2,5,fail=2 warn=5
2026-02-18T04:57:00.751741+00:00,FAIL,2,5,fail=2 warn=5
2026-02-18T05:01:43.822914+00:00,FAIL,2,5,fail=2 warn=5
2026-02-18T05:06:33.027918+00:00,FAIL,3,5,fail=3 warn=5
2026-02-18T05:15:54.203640+00:00,FAIL,2,5,fail=2 warn=5
2026-02-18T05:19:09.758521+00:00,FAIL,2,5,fail=2 warn=5
2026-02-18T05:22:31.695626+00:00,FAIL,2,5,fail=2 warn=5
2026-02-18T05:25:50.173718+00:00,FAIL,3,5,fail=3 warn=5
2026-02-18T05:29:13.323406+00:00,FAIL,2,5,fail=2 warn=5
2026-02-18T05:32:30.111100+00:00,FAIL,2,5,fail=2 warn=5
2026-02-18T05:35:45.220714+00:00,FAIL,2,5,fail=2 warn=5
2026-02-18T05:39:01.141865+00:00,FAIL,2,5,fail=2 warn=5
2026-02-18T05:42:31.560162+00:00,FAIL,2,5,fail=2 warn=5
2026-02-18T05:45:47.856281+00:00,FAIL,3,5,fail=3 warn=5
2026-02-18T05:49:02.575302+00:00,FAIL,2,5,fail=2 warn=5
2026-02-18T05:52:16.323515+00:00,FAIL,2,5,fail=2 warn=5
2026-02-18T05:55:32.057922+00:00,FAIL,2,5,fail=2 warn=5
2026-02-18T05:58:48.673981+00:00,FAIL,2,5,fail=2 warn=5
2026-02-18T07:06:59.366026+00:00,FAIL,1,3,fail=1 warn=3
2026-02-18T09:20:49.009722+00:00,FAIL,1,2,fail=1 warn=2
2026-02-18T09:24:18.696002+00:00,WARN,0,3,fail=0 warn=3
2026-02-18T09:27:46.766702+00:00,WARN,0,3,fail=0 warn=3
2026-02-18T09:31:26.710482+00:00,WARN,0,3,fail=0 warn=3
2026-02-18T09:35:13.154856+00:00,WARN,0,3,fail=0 warn=3
2026-02-18T09:38:38.596308+00:00,FAIL,1,3,fail=1 warn=3
2026-02-18T09:42:12.719019+00:00,WARN,0,3,fail=0 warn=3
2026-02-18T09:45:36.284666+00:00,WARN,0,3,fail=0 warn=3
2026-02-18T09:49:03.795471+00:00,WARN,0,3,fail=0 warn=3
2026-02-18T09:52:36.685133+00:00,WARN,0,3,fail=0 warn=3
2026-02-18T09:56:10.279085+00:00,WARN,0,3,fail=0 warn=3
2026-02-18T09:59:38.042770+00:00,FAIL,1,3,fail=1 warn=3
2026-02-18T10:03:01.544804+00:00,WARN,0,3,fail=0 warn=3
2026-02-18T10:06:27.388082+00:00,WARN,0,3,fail=0 warn=3
2026-02-18T10:09:51.431559+00:00,WARN,0,3,fail=0 warn=3
2026-02-18T10:13:24.756352+00:00,WARN,0,3,fail=0 warn=3
2026-02-18T10:23:15.855324+00:00,WARN,0,3,fail=0 warn=3
2026-02-18T10:28:30.357312+00:00,WARN,0,3,fail=0 warn=3
2026-02-18T10:32:11.703762+00:00,WARN,0,3,fail=0 warn=3
2026-02-18T10:35:45.875999+00:00,FAIL,1,3,fail=1 warn=3
2026-02-18T10:39:16.148045+00:00,WARN,0,3,fail=0 warn=3
2026-02-18T10:42:45.211633+00:00,WARN,0,3,fail=0 warn=3
2026-02-18T10:46:12.495439+00:00,WARN,0,3,fail=0 warn=3
2026-02-18T10:49:42.467612+00:00,WARN,0,3,fail=0 warn=3
2026-02-18T10:53:14.946917+00:00,FAIL,1,3,fail=1 warn=3
2026-02-18T10:56:40.898269+00:00,FAIL,1,3,fail=1 warn=3
2026-02-18T11:00:05.618657+00:00,WARN,0,3,fail=0 warn=3
2026-02-18T11:03:30.384857+00:00,WARN,0,3,fail=0 warn=3
2026-02-18T11:06:51.337554+00:00,WARN,0,3,fail=0 warn=3
2026-02-18T11:10:34.093549+00:00,WARN,0,3,fail=0 warn=3
2026-02-18T11:14:00.280481+00:00,FAIL,1,3,fail=1 warn=3
2026-02-18T11:17:28.345704+00:00,WARN,0,3,fail=0 warn=3
2026-02-18T11:27:12.557769+00:00,WARN,0,3,fail=0 warn=3
2026-02-18T11:30:41.543927+00:00,WARN,0,3,fail=0 warn=3
2026-02-18T11:34:04.502055+00:00,FAIL,1,3,fail=1 warn=3
2026-02-18T11:37:37.358686+00:00,WARN,0,3,fail=0 warn=3
