order_id,sku,currency,quantity,cogs_total
026-0009940-5149166,6V-EEC1-2S9Z,GBP,1,2.25
026-0016519-4857923,EV-CHU5-XU3G,GBP,1,2.73
026-0017416-5297920,6V-EEC1-2S9Z,GBP,2,4.5
026-0039744-2632363,6V-EEC1-2S9Z,GBP,1,2.25
026-0061970-0064305,A2-T2AC-TW3L,GBP,1,4.51
026-0064468-5546719,I2-6YKQ-CIBP,GBP,3,11.879999999999999
026-0065117-1664370,SU-5LQH-2DVN,GBP,1,2.19
026-0073185-5189967,Z3-ORV9-K8XD,GBP,1,6.56
026-0075070-1777135,VF-3T0K-DR5O,GBP,1,2.05
026-0076055-3531566,2L-M26G-560I,GBP,1,13.52
026-0090907-3049146,9X-7TBD-NA16,GBP,1,1.99
026-0091939-0537175,LV-425G-BY4X,GBP,1,16.38
026-0115868-9345116,VF-3T0K-DR5O,GBP,2,4.1
026-0119586-0998778,6V-EEC1-2S9Z,GBP,1,2.25
026-0121291-4221946,EE-KTDC-KCFY,GBP,1,3.46
026-0143241-9573151,T8-6UWL-I3E1,GBP,1,1.48
026-0159943-8621117,A2-T2AC-TW3L,GBP,1,4.51
026-0162739-7538756,6V-EEC1-2S9Z,GBP,1,2.25
026-0171523-9579567,6V-EEC1-2S9Z,GBP,1,2.25
026-0177850-1952301,WX-L5UA-UB1Q,GBP,1,1.72
026-0182381-0585911,WX-L5UA-UB1Q,GBP,1,1.72
026-0183541-5427529,Z3-ORV9-K8XD,GBP,1,6.56
026-0188579-8210746,BQ-O3OI-FTJU,GBP,1,6.5
026-0198726-2724350,MW-9K5M-VKW8,GBP,1,13.65
026-0201591-1053910,EV-CHU5-XU3G,GBP,1,2.73
026-0207133-4775569,6V-EEC1-2S9Z,GBP,7,15.75
026-0223229-5763543,8M-NHB7-T8TR,GBP,1,15.26
026-0225329-3072307,DC-K5WH-R7F5,GBP,3,2.04
026-0226520-9150768,A2-T2AC-TW3L,GBP,1,4.51
026-0233761-3638722,G8-L8EI-INMK,GBP,2,2.24
026-0241975-6066777,T8-6UWL-I3E1,GBP,1,1.48
026-0246156-1560326,Z3-ORV9-K8XD,GBP,1,6.56
026-0255109-8910770,WX-L5UA-UB1Q,GBP,1,1.72
026-0259810-8913132,6V-EEC1-2S9Z,GBP,3,6.75
026-0260881-0417921,XH-0LAE-FQO5,GBP,1,2.9
026-0266405-3773136,SR-6OBB-WC03,GBP,1,2.86
026-0267807-9698708,F7-PMJ2-SG6A,GBP,1,2.7
026-0270586-4335554,6V-EEC1-2S9Z,GBP,1,2.25
026-0294734-3212319,A2-T2AC-TW3L,GBP,1,4.51
026-0299931-6340376,A2-T2AC-TW3L,GBP,1,4.51
026-0300437-3789956,SR-6OBB-WC03,GBP,2,5.72
026-0303142-6893153,F7-PMJ2-SG6A,GBP,1,2.7
026-0305182-5891571,9X-7TBD-NA16,GBP,4,7.96
026-0305232-7223513,NN-TSZ1-X2RD,GBP,1,3.99
026-0307454-2203530,Z3-ORV9-K8XD,GBP,1,6.56
026-0316295-8425169,6V-EEC1-2S9Z,GBP,1,2.25
026-0317321-5157963,EV-CHU5-XU3G,GBP,1,2.73
026-0337379-2309117,6V-EEC1-2S9Z,GBP,2,4.5
026-0345946-7176328,T8-6UWL-I3E1,GBP,1,1.48
026-0365344-6392304,A2-T2AC-TW3L,GBP,1,4.51
026-0367564-7559568,F7-PMJ2-SG6A,GBP,1,2.7
026-0368452-0057160,6V-EEC1-2S9Z,GBP,1,2.25
026-0382544-1488321,WX-L5UA-UB1Q,GBP,1,1.72
026-0384917-4230710,2L-M26G-560I,GBP,1,13.52
026-0404968-8963548,DC-K5WH-R7F5,GBP,1,0.68
026-0405615-2679526,WX-L5UA-UB1Q,GBP,1,1.72
026-0436410-6085942,6V-EEC1-2S9Z,GBP,1,2.25
026-0443692-7285929,WX-L5UA-UB1Q,GBP,1,1.72
026-0451894-6795505,6V-EEC1-2S9Z,GBP,1,2.25
026-0489894-9867506,F7-PMJ2-SG6A,GBP,1,2.7
026-0491502-0161108,6V-EEC1-2S9Z,GBP,1,2.25
026-0511730-5638733,A2-T2AC-TW3L,GBP,1,4.51
026-0520580-4333126,6V-EEC1-2S9Z,GBP,2,4.5
026-0539677-9757166,WX-L5UA-UB1Q,GBP,3,5.16
026-0567112-1309159,WX-L5UA-UB1Q,GBP,1,1.72
026-0567117-9076334,6V-EEC1-2S9Z,GBP,1,2.1
026-0567222-9546769,NN-TSZ1-X2RD,GBP,1,3.49
026-0576592-3863560,LV-425G-BY4X,GBP,1,16.38
026-0581615-3170760,6V-EEC1-2S9Z,GBP,1,2.25
026-0586323-7493107,6V-EEC1-2S9Z,GBP,1,2.25
026-0586688-4878737,Z7-26PV-O9LR,GBP,1,4.44
026-0607867-8161169,Z7-26PV-O9LR,GBP,1,4.44
026-0608252-6696319,EV-CHU5-XU3G,GBP,1,2.73
026-0610074-2942711,6V-EEC1-2S9Z,GBP,1,2.25
026-0613679-3793954,VL-48KZ-J3F2,GBP,2,2.12
026-0613835-6937969,6V-EEC1-2S9Z,GBP,1,2.25
026-0619465-2453165,N7-A24N-WJA7,GBP,1,3.01
026-0628225-2602709,XH-0LAE-FQO5,GBP,1,2.9
026-0645659-4564332,WX-L5UA-UB1Q,GBP,1,1.72
026-0649846-7709115,XE-YPAI-HX9F,GBP,1,4.79
026-0673638-9065153,A2-T2AC-TW3L,GBP,2,9.02
026-0684936-8761934,X7-MY4W-H2I4,GBP,1,2.28
026-0685194-3860348,EV-CHU5-XU3G,GBP,1,2.73
026-0692888-7313968,WX-L5UA-UB1Q,GBP,1,1.72
026-0698469-9353960,6V-EEC1-2S9Z,GBP,1,2.25
026-0710342-8838716,6V-EEC1-2S9Z,GBP,1,2.25
026-0712582-3360359,VF-3T0K-DR5O,GBP,1,2.05
026-0725125-5007568,XH-0LAE-FQO5,GBP,1,2.9
026-0730833-5688363,DC-K5WH-R7F5,GBP,1,0.68
026-0734040-8725951,XE-YPAI-HX9F,GBP,1,4.58
026-0743819-4845137,A2-T2AC-TW3L,GBP,1,4.51
026-0760886-9475530,N7-A24N-WJA7,GBP,1,3.01
026-0761404-9347546,DC-K5WH-R7F5,GBP,1,0.68
026-0767077-8230719,N7-A24N-WJA7,GBP,1,3.01
026-0772945-5705920,ZV-RLOD-Q0JI,GBP,1,7.55
026-0810388-0730717,WX-L5UA-UB1Q,GBP,1,1.72
026-0810443-2696329,6V-EEC1-2S9Z,GBP,1,2.25
026-0825436-2789169,4D-BI2L-5PZ8,GBP,5,36.75
026-0849505-6998717,0H-5V53-GPG4,GBP,1,4.85
026-0850307-6032364,6V-EEC1-2S9Z,GBP,1,2.25
026-0853066-4435541,I2-6YKQ-CIBP,GBP,1,3.96
026-0858789-2125169,DC-K5WH-R7F5,GBP,1,0.68
026-0866038-1812338,D7-MGBX-RX2P,GBP,1,2.43
026-0874016-9215520,6V-EEC1-2S9Z,GBP,1,2.25
026-0879102-0810712,6V-EEC1-2S9Z,GBP,1,2.25
026-0890051-9545913,6V-EEC1-2S9Z,GBP,1,2.25
026-0905037-0074719,R7-98IN-2PW8,GBP,1,2.5
026-0909730-5818756,PY-XV78-3OG5,GBP,1,20.51
026-0918356-0652363,SR-6OBB-WC03,GBP,1,2.86
026-0935308-0231525,DC-K5WH-R7F5,GBP,1,0.68
026-0941249-2529160,8R-E0Y9-0LAU,GBP,2,76.2
026-0949805-1842722,SU-5LQH-2DVN,GBP,1,2.19
026-0960272-1194768,6V-EEC1-2S9Z,GBP,1,2.25
026-0965724-3079503,I2-6YKQ-CIBP,GBP,1,3.96
026-0969181-0856335,VF-3T0K-DR5O,GBP,1,2.05
026-0978976-1217106,N7-A24N-WJA7,GBP,1,3.01
026-0984481-7744337,DC-K5WH-R7F5,GBP,1,0.68
026-0986053-9934730,6V-EEC1-2S9Z,GBP,1,2.25
026-0989704-0081914,A2-T2AC-TW3L,GBP,1,4.51
026-0991071-2289140,ZI-1MA2-8QGC,GBP,1,8.48
026-0998029-8336301,XH-0LAE-FQO5,GBP,2,5.8
026-1011308-0911533,6V-EEC1-2S9Z,GBP,1,2.25
026-1027654-0365132,I2-6YKQ-CIBP,GBP,1,3.96
026-1049278-2120319,6V-EEC1-2S9Z,GBP,3,6.75
026-1057750-6708325,XH-0LAE-FQO5,GBP,1,2.9
026-1057903-6124338,6V-EEC1-2S9Z,GBP,1,2.25
026-1062716-7301133,WX-L5UA-UB1Q,GBP,1,1.72
026-1064066-9092360,EV-CHU5-XU3G,GBP,1,2.73
026-1073397-1356322,0G-JB6S-PN34,GBP,1,2.74
026-1075126-4973905,T8-6UWL-I3E1,GBP,1,1.48
026-1104959-8044307,6V-EEC1-2S9Z,GBP,1,2.25
026-1107466-8660304,IM-AYXV-79NJ,GBP,1,2.25
026-1109123-1832347,WX-L5UA-UB1Q,GBP,1,1.72
026-1117597-0899563,VU-8KRA-QP5M,GBP,1,4.32
026-1118372-0684320,0H-5V53-GPG4,GBP,1,4.85
026-1119607-9196322,DC-K5WH-R7F5,GBP,1,0.68
026-1122710-9589112,6V-EEC1-2S9Z,GBP,1,2.25
026-1124553-0666706,XH-0LAE-FQO5,GBP,1,2.9
026-1129955-5209169,6V-EEC1-2S9Z,GBP,1,2.25
026-1160344-3358730,XE-YPAI-HX9F,GBP,1,4.7
026-1183499-1039567,VF-3T0K-DR5O,GBP,4,8.2
026-1199151-9433916,6V-EEC1-2S9Z,GBP,1,2.25
026-1199560-7160348,XH-0LAE-FQO5,GBP,1,2.9
026-1213119-5142735,WX-L5UA-UB1Q,GBP,1,1.72
026-1222963-2019531,WX-L5UA-UB1Q,GBP,1,1.72
026-1223800-2834732,A2-T2AC-TW3L,GBP,1,4.51
026-1225921-8883538,A2-T2AC-TW3L,GBP,1,4.51
026-1226851-7476367,Z9-FBUQ-EZN3,GBP,1,2.89
026-1234251-4278734,6V-EEC1-2S9Z,GBP,1,2.25
026-1246687-1037931,A2-T2AC-TW3L,GBP,1,4.51
026-1260449-1718723,LF-X542-9TDZ,GBP,1,7.74
026-1267419-6101907,VF-3T0K-DR5O,GBP,1,2.05
026-1276872-5875543,DC-K5WH-R7F5,GBP,1,0.68
026-1279149-0563562,WX-L5UA-UB1Q,GBP,1,1.72
026-1292542-7626706,F7-PMJ2-SG6A,GBP,1,2.7
026-1303074-2495529,VF-3T0K-DR5O,GBP,1,2.05
026-1308303-2021967,6V-EEC1-2S9Z,GBP,1,2.25
026-1312985-9491520,A2-T2AC-TW3L,GBP,1,4.51
026-1319155-1408338,6V-EEC1-2S9Z,GBP,4,9.0
026-1336574-9723536,JB-RGB6-LZOJ,GBP,1,2.47
026-1337778-6849900,A2-T2AC-TW3L,GBP,1,4.51
026-1341359-9556341,Z3-ORV9-K8XD,GBP,1,6.56
026-1351865-0726754,XY-UM2X-TPS3,GBP,1,4.57
026-1369157-4958763,6V-EEC1-2S9Z,GBP,1,2.25
026-1371011-5523539,3T-6QPR-E2MV,GBP,1,4.65
026-1383566-9541908,A2-T2AC-TW3L,GBP,1,4.51
026-1388668-6346704,XE-YPAI-HX9F,GBP,1,4.7
026-1395846-3899502,3B-3H3V-Z93T,GBP,1,1.6
026-1405057-0462702,A2-T2AC-TW3L,GBP,1,4.51
026-1414819-6657927,6V-EEC1-2S9Z,GBP,4,9.0
026-1421856-4758741,JV-D1TI-6UF6,GBP,1,3.6
026-1422681-2892313,WX-L5UA-UB1Q,GBP,1,1.72
026-1438107-4489903,WX-L5UA-UB1Q,GBP,1,1.72
026-1445175-2373137,DC-K5WH-R7F5,GBP,1,0.68
026-1456021-5601146,WX-L5UA-UB1Q,GBP,1,1.72
026-1462862-6757109,Z3-ORV9-K8XD,GBP,2,13.12
026-1477800-3145158,VF-3T0K-DR5O,GBP,1,2.05
026-1488797-2185954,6V-EEC1-2S9Z,GBP,1,2.25
026-1494034-6517904,WX-L5UA-UB1Q,GBP,1,1.72
026-1496496-3041144,WX-L5UA-UB1Q,GBP,1,1.72
026-1498958-9952352,AX-NKNU-29C1,GBP,2,1.22
026-1514710-9263554,D7-MGBX-RX2P,GBP,1,2.43
026-1520982-2468323,A2-T2AC-TW3L,GBP,1,4.51
026-1535340-9737943,6V-EEC1-2S9Z,GBP,1,2.25
026-1545490-8169963,6V-EEC1-2S9Z,GBP,1,2.25
026-1550713-8705159,T8-6UWL-I3E1,GBP,1,1.48
026-1565961-3125137,6V-EEC1-2S9Z,GBP,1,2.25
026-1566605-5431569,R7-98IN-2PW8,GBP,1,2.5
026-1579374-1066722,JB-RGB6-LZOJ,GBP,1,2.47
026-1597122-1764337,BQ-O3OI-FTJU,GBP,1,6.5
026-1597246-2787535,M5-71MK-T0DL,GBP,1,4.32
026-1606604-3789164,WX-L5UA-UB1Q,GBP,1,1.72
026-1628765-5649140,DC-K5WH-R7F5,GBP,1,0.68
026-1640638-1187561,VF-3T0K-DR5O,GBP,1,2.05
026-1644812-4202728,Z3-ORV9-K8XD,GBP,1,6.56
026-1693693-6169930,L3-ZQ8U-A7LQ,GBP,1,3.7
026-1703551-1367522,TK-E7QE-T40G,GBP,1,3.8
026-1710738-3736322,AX-NKNU-29C1,GBP,1,0.61
026-1711155-8929951,6V-EEC1-2S9Z,GBP,1,2.25
026-1712978-6883506,Z7-26PV-O9LR,GBP,1,4.44
026-1733260-9249102,6V-EEC1-2S9Z,GBP,1,2.25
026-1737791-2117125,A2-T2AC-TW3L,GBP,1,4.51
026-1741151-7109105,6V-EEC1-2S9Z,GBP,1,2.25
026-1742568-2625110,6V-EEC1-2S9Z,GBP,4,9.0
026-1744741-2526767,DC-K5WH-R7F5,GBP,1,0.68
026-1745549-4839541,A2-T2AC-TW3L,GBP,1,4.51
026-1756944-4558705,6V-EEC1-2S9Z,GBP,1,2.25
026-1797540-3145948,AF-KIHX-ANYY,GBP,1,0.84
026-1798186-4502753,XH-0LAE-FQO5,GBP,3,8.7
026-1805313-8780324,WX-L5UA-UB1Q,GBP,1,1.72
026-1816314-5349906,XE-YPAI-HX9F,GBP,1,4.58
026-1828273-0931507,A2-T2AC-TW3L,GBP,1,4.51
026-1829092-5500351,T8-6UWL-I3E1,GBP,1,1.48
026-1833187-5753940,I2-6YKQ-CIBP,GBP,1,3.96
026-1840742-8556306,WX-L5UA-UB1Q,GBP,1,1.72
026-1841301-4656314,DC-K5WH-R7F5,GBP,1,0.68
026-1841479-0865129,TU-8I14-25ZR,GBP,1,12.67
026-1845727-3653961,TU-8I14-25ZR,GBP,1,12.67
026-1846925-9009968,8M-NHB7-T8TR,GBP,1,15.26
026-1858953-4773144,WX-L5UA-UB1Q,GBP,1,1.72
026-1863307-3745911,F7-PMJ2-SG6A,GBP,1,2.7
026-1864241-2521129,JV-D1TI-6UF6,GBP,2,7.2
026-1865834-6853920,DC-K5WH-R7F5,GBP,1,0.68
026-1879855-9197143,U1-M5BM-8F5W,GBP,1,13.0
026-1897723-8389102,XH-0LAE-FQO5,GBP,1,2.9
026-1900461-1521116,WX-L5UA-UB1Q,GBP,1,1.72
026-1925907-4873165,D7-MGBX-RX2P,GBP,2,4.86
026-1949319-6927569,NN-TSZ1-X2RD,GBP,1,3.79
026-1955271-1957145,NN-TSZ1-X2RD,GBP,1,3.99
026-1967590-7340310,SR-6OBB-WC03,GBP,1,2.86
026-1971348-1056326,0H-5V53-GPG4,GBP,1,4.85
026-1978718-7277166,A2-T2AC-TW3L,GBP,1,4.51
026-1978749-9134732,LV-425G-BY4X,GBP,1,16.38
026-1992006-0632314,Z3-ORV9-K8XD,GBP,1,6.56
026-2010782-6370725,6V-EEC1-2S9Z,GBP,1,2.25
026-2011694-6739558,6V-EEC1-2S9Z,GBP,1,2.25
026-2019011-4013956,EE-KTDC-KCFY,GBP,1,3.46
026-2023212-0295513,WX-L5UA-UB1Q,GBP,1,1.72
026-2031408-2774728,WX-L5UA-UB1Q,GBP,1,1.72
026-2055078-5653967,LV-425G-BY4X,GBP,1,16.38
026-2064664-4825143,DC-K5WH-R7F5,GBP,1,0.68
026-2068431-2910750,Z7-26PV-O9LR,GBP,2,8.88
026-2069992-2329918,WX-L5UA-UB1Q,GBP,1,1.72
026-2074399-3156354,6V-EEC1-2S9Z,GBP,4,9.0
026-2079021-8868306,XH-OMMJ-C7MT,GBP,1,2.45
026-2087518-1353168,MW-9K5M-VKW8,GBP,1,13.65
026-2100465-2217928,SR-6OBB-WC03,GBP,1,2.86
026-2125199-6382720,6V-EEC1-2S9Z,GBP,1,2.25
026-2127050-7929948,Z7-26PV-O9LR,GBP,1,4.44
026-2131436-8962709,SR-6OBB-WC03,GBP,1,2.86
026-2140928-6446758,WX-L5UA-UB1Q,GBP,1,1.72
026-2146713-2501948,XE-YPAI-HX9F,GBP,1,4.7
026-2147591-5497922,Z3-ORV9-K8XD,GBP,1,6.56
026-2165564-9773132,VF-3T0K-DR5O,GBP,1,2.05
026-2172794-2753905,D7-MGBX-RX2P,GBP,1,2.43
026-2174357-6853140,3X-EXDD-TD2K,GBP,1,20.51
026-2176896-4563567,3B-3H3V-Z93T,GBP,1,1.6
026-2179568-2513128,6V-EEC1-2S9Z,GBP,1,2.25
026-2184418-0778701,VU-8KRA-QP5M,GBP,1,4.32
026-2194270-0510769,6V-EEC1-2S9Z,GBP,1,2.25
026-2202696-9913942,VL-48KZ-J3F2,GBP,1,1.06
026-2223564-3681938,A2-T2AC-TW3L,GBP,1,4.51
026-2227847-5353934,Z7-26PV-O9LR,GBP,1,4.44
026-2228512-5848326,T8-6UWL-I3E1,GBP,1,1.48
026-2240061-2302715,6V-EEC1-2S9Z,GBP,1,2.25
026-2242299-2230758,A2-T2AC-TW3L,GBP,1,4.51
026-2272494-3236350,MY-KL21-NMV5,GBP,1,18.5
026-2275644-1071562,6V-EEC1-2S9Z,GBP,1,2.25
026-2277441-2437169,VF-3T0K-DR5O,GBP,1,2.05
026-2284830-0448324,WX-L5UA-UB1Q,GBP,1,1.72
026-2303256-1161138,6V-EEC1-2S9Z,GBP,1,2.25
026-2317466-0679506,NN-TSZ1-X2RD,GBP,1,3.79
026-2320870-0872309,T8-6UWL-I3E1,GBP,1,1.48
026-2329144-1312333,DC-K5WH-R7F5,GBP,1,0.68
026-2339052-3720363,FBA15K3QTGNT_unexpected_item_01,GBP,1,1.66
026-2349205-3699538,NN-TSZ1-X2RD,GBP,1,3.49
026-2353710-9571555,6V-EEC1-2S9Z,GBP,1,2.25
026-2356951-7485905,SU-5LQH-2DVN,GBP,1,2.19
026-2365796-7499508,XH-0LAE-FQO5,GBP,1,2.9
026-2374438-7094703,NN-TSZ1-X2RD,GBP,1,3.79
026-2388997-2609155,6V-EEC1-2S9Z,GBP,1,2.25
026-2408510-6589956,EV-CHU5-XU3G,GBP,1,2.73
026-2440566-3762742,HL-03ZR-QPHH,GBP,1,3.6
026-2444204-7177923,6V-EEC1-2S9Z,GBP,3,6.75
026-2472904-8127505,A2-T2AC-TW3L,GBP,1,4.51
026-2474630-3252303,F7-PMJ2-SG6A,GBP,3,8.100000000000001
026-2482413-6563546,F7-PMJ2-SG6A,GBP,2,5.4
026-2482921-0521904,EV-CHU5-XU3G,GBP,1,2.73
026-2501126-0725907,WX-L5UA-UB1Q,GBP,1,1.72
026-2529333-2134758,Z7-26PV-O9LR,GBP,1,4.44
026-2538495-2571563,VF-3T0K-DR5O,GBP,1,2.05
026-2545569-0932300,VF-3T0K-DR5O,GBP,1,2.05
026-2566539-3894716,XH-0LAE-FQO5,GBP,1,2.9
026-2583937-0325139,LV-425G-BY4X,GBP,1,16.38
026-2620947-8933965,WX-L5UA-UB1Q,GBP,1,1.72
026-2623304-4301159,Z7-26PV-O9LR,GBP,1,4.44
026-2637183-3760334,A2-T2AC-TW3L,GBP,1,4.51
026-2642052-6213963,6V-EEC1-2S9Z,GBP,1,2.25
026-2645719-0082719,7L-OT45-7LYB,GBP,1,1.16
026-2650981-8928311,VF-3T0K-DR5O,GBP,1,2.05
026-2653923-0997114,DC-K5WH-R7F5,GBP,1,0.68
026-2659470-2125160,EV-CHU5-XU3G,GBP,1,2.73
026-2689098-1215541,3B-3H3V-Z93T,GBP,1,1.6
026-2698040-1579525,6V-EEC1-2S9Z,GBP,1,2.25
026-2707482-7697934,6V-EEC1-2S9Z,GBP,1,2.25
026-2726521-6164326,N7-A24N-WJA7,GBP,1,3.01
026-2731550-1321940,NN-TSZ1-X2RD,GBP,1,3.79
026-2756963-1915524,6V-EEC1-2S9Z,GBP,1,2.25
026-2780950-1717146,VF-3T0K-DR5O,GBP,1,2.05
026-2813505-3274734,WX-L5UA-UB1Q,GBP,1,1.72
026-2829601-3827565,0H-5V53-GPG4,GBP,1,4.85
026-2835431-4003514,DC-K5WH-R7F5,GBP,1,0.68
026-2836477-2882745,Z7-26PV-O9LR,GBP,1,4.44
026-2846798-0530722,VF-3T0K-DR5O,GBP,1,2.05
026-2849872-2693933,A2-T2AC-TW3L,GBP,1,4.51
026-2862151-0505119,7L-OT45-7LYB,GBP,1,1.16
026-2870341-9494737,WX-L5UA-UB1Q,GBP,1,1.72
026-2871871-0735554,9X-7TBD-NA16,GBP,1,1.99
026-2880601-3008345,N7-A24N-WJA7,GBP,1,3.01
026-2890330-1783506,6V-EEC1-2S9Z,GBP,1,2.25
026-2900379-6816340,VF-3T0K-DR5O,GBP,1,2.05
026-2926886-7153925,VF-3T0K-DR5O,GBP,1,2.05
026-2929743-2195541,4U-9ZL6-9G0Y,GBP,1,1.26
026-2935454-8939550,Z3-ORV9-K8XD,GBP,1,6.56
026-2938421-4987539,6V-EEC1-2S9Z,GBP,1,2.25
026-2948198-2920303,DC-K5WH-R7F5,GBP,1,0.68
026-2952249-6497943,7L-OT45-7LYB,GBP,1,1.16
026-2958808-4333136,WX-L5UA-UB1Q,GBP,1,1.72
026-2964209-6127537,DC-K5WH-R7F5,GBP,2,1.36
026-2975432-0635524,XE-YPAI-HX9F,GBP,1,4.58
026-2979166-0228356,6V-EEC1-2S9Z,GBP,4,9.0
026-2981373-2900324,WX-L5UA-UB1Q,GBP,1,1.72
026-2982107-8712356,SU-5LQH-2DVN,GBP,1,2.19
026-2983157-9678709,3B-3H3V-Z93T,GBP,2,3.2
026-2985153-6623554,4F-HT42-FD26,GBP,1,3.33
026-2998816-4940303,T8-6UWL-I3E1,GBP,1,1.48
026-3002970-9481927,Z7-26PV-O9LR,GBP,1,4.44
026-3038081-7526719,VF-3T0K-DR5O,GBP,1,2.05
026-3043342-8592360,6V-EEC1-2S9Z,GBP,1,2.25
026-3048070-8918766,AX-NKNU-29C1,GBP,1,0.61
026-3051641-6106768,Z7-26PV-O9LR,GBP,1,4.44
026-3062289-9282726,6V-EEC1-2S9Z,GBP,1,2.25
026-3062973-2281931,6V-EEC1-2S9Z,GBP,1,2.25
026-3066977-6699534,SR-6OBB-WC03,GBP,1,2.86
026-3079237-5670748,LV-425G-BY4X,GBP,1,16.38
026-3086064-2050736,TU-8I14-25ZR,GBP,1,12.67
026-3087185-1683507,EV-CHU5-XU3G,GBP,1,2.73
026-3090011-2729103,6V-EEC1-2S9Z,GBP,1,2.25
026-3103371-9724327,LR-7GM6-1RCH,GBP,1,23.25
026-3109024-1881920,XY-UM2X-TPS3,GBP,1,4.57
026-3117230-3738729,6V-EEC1-2S9Z,GBP,1,2.25
026-3118734-0005916,6P-IWYA-X18B,GBP,1,4.31
026-3120625-6017951,XH-0LAE-FQO5,GBP,1,2.9
026-3128342-2453941,KI-CR51-18J3,GBP,1,28.2
026-3133013-3296316,DC-K5WH-R7F5,GBP,1,0.68
026-3137523-5977958,A2-T2AC-TW3L,GBP,1,4.51
026-3142743-1629926,6V-EEC1-2S9Z,GBP,1,2.25
026-3143916-6115539,DC-K5WH-R7F5,GBP,1,0.68
026-3163351-2600366,6V-EEC1-2S9Z,GBP,1,2.25
026-3170480-4840358,MW-9K5M-VKW8,GBP,1,13.65
026-3174543-3586769,6V-EEC1-2S9Z,GBP,1,2.25
026-3183982-9546700,WX-L5UA-UB1Q,GBP,1,1.72
026-3193007-6323530,A2-T2AC-TW3L,GBP,2,9.02
026-3199105-1319561,A2-T2AC-TW3L,GBP,1,4.51
026-3207553-1614764,6V-EEC1-2S9Z,GBP,1,2.25
026-3230472-0165912,EV-CHU5-XU3G,GBP,1,2.73
026-3238646-1486759,WX-L5UA-UB1Q,GBP,1,1.72
026-3241016-4662717,DC-K5WH-R7F5,GBP,1,0.68
026-3263960-6942750,VF-3T0K-DR5O,GBP,1,2.05
026-3267521-6780317,VF-3T0K-DR5O,GBP,4,8.2
026-3268290-7904310,4F-HT42-FD26,GBP,1,3.33
026-3269254-4179545,DC-K5WH-R7F5,GBP,1,0.68
026-3271990-7461933,WX-L5UA-UB1Q,GBP,1,1.72
026-3291823-1226767,MW-9K5M-VKW8,GBP,1,13.65
026-3293359-5197950,8U-QPFH-3EKQ,GBP,1,2.93
026-3319511-8232345,DC-K5WH-R7F5,GBP,2,1.36
026-3327709-5284343,XH-0LAE-FQO5,GBP,2,5.8
026-3332984-4074726,6V-EEC1-2S9Z,GBP,1,2.25
026-3340214-2178744,EV-CHU5-XU3G,GBP,1,2.73
026-3345244-5645942,6V-EEC1-2S9Z,GBP,1,2.25
026-3345571-3215525,A2-T2AC-TW3L,GBP,1,4.51
026-3349853-1165964,XE-YPAI-HX9F,GBP,1,4.58
026-3350964-7456362,6V-EEC1-2S9Z,GBP,2,4.5
026-3367740-4891504,6V-EEC1-2S9Z,GBP,1,2.25
026-3376515-7979560,A2-T2AC-TW3L,GBP,1,4.51
026-3390926-6361147,DC-K5WH-R7F5,GBP,1,0.68
026-3392505-6351522,WX-L5UA-UB1Q,GBP,1,1.72
026-3403796-9547565,WX-L5UA-UB1Q,GBP,1,1.72
026-3404987-2786733,6V-EEC1-2S9Z,GBP,1,2.25
026-3406445-0897956,T8-6UWL-I3E1,GBP,1,1.48
026-3406467-6880356,A2-T2AC-TW3L,GBP,1,4.51
026-3412524-4917932,A2-T2AC-TW3L,GBP,1,4.51
026-3416213-8447542,6V-EEC1-2S9Z,GBP,1,2.1
026-3438536-0130745,Z3-ORV9-K8XD,GBP,1,6.56
026-3439976-5524369,6P-IWYA-X18B,GBP,1,4.31
026-3447841-7564328,WX-L5UA-UB1Q,GBP,1,1.72
026-3449251-7757950,6V-EEC1-2S9Z,GBP,1,2.25
026-3456757-6738722,6V-EEC1-2S9Z,GBP,1,2.25
026-3457103-6425155,NN-TSZ1-X2RD,GBP,1,3.99
026-3458970-3364367,MW-9K5M-VKW8,GBP,1,13.65
026-3459611-5225126,L1-54EX-56YC,GBP,1,5.35
026-3464775-1201923,A2-T2AC-TW3L,GBP,1,4.51
026-3465935-2715533,6V-EEC1-2S9Z,GBP,1,2.25
026-3466571-2255568,VL-48KZ-J3F2,GBP,1,1.06
026-3470996-7673941,DC-K5WH-R7F5,GBP,2,1.36
026-3482627-8372338,IB-U5FA-BO2Y,GBP,1,20.71
026-3484915-5415566,VL-48KZ-J3F2,GBP,3,3.18
026-3487909-8160316,7H-7G2P-ONWJ,GBP,1,0.88
026-3488345-2203507,6V-EEC1-2S9Z,GBP,1,2.25
026-3494018-6437167,0G-JB6S-PN34,GBP,1,2.74
026-3506896-4045912,MY-KL21-NMV5,GBP,1,18.5
026-3528095-8763534,6V-EEC1-2S9Z,GBP,1,2.25
026-3558689-2866700,T8-6UWL-I3E1,GBP,1,1.48
026-3562625-9039551,A2-T2AC-TW3L,GBP,1,4.51
026-3570230-6612342,WX-L5UA-UB1Q,GBP,1,1.72
026-3571017-4657109,A2-T2AC-TW3L,GBP,1,4.51
026-3594479-2505962,A2-T2AC-TW3L,GBP,1,4.51
026-3594505-3711537,6V-EEC1-2S9Z,GBP,1,2.25
026-3595043-2209118,79-CPJ6-DSG6,GBP,1,13.65
026-3598891-4984311,6V-EEC1-2S9Z,GBP,1,2.25
026-3606220-8736327,Z3-ORV9-K8XD,GBP,1,6.56
026-3621102-9953947,N7-A24N-WJA7,GBP,1,3.01
026-3622640-6201967,DC-K5WH-R7F5,GBP,1,0.68
026-3627164-9187524,VF-3T0K-DR5O,GBP,1,2.05
026-3645331-2365903,WX-L5UA-UB1Q,GBP,1,1.72
026-3648330-8053165,A2-T2AC-TW3L,GBP,1,4.51
026-3679171-5791502,WX-L5UA-UB1Q,GBP,1,1.72
026-3680242-9559528,6V-EEC1-2S9Z,GBP,1,2.25
026-3680703-6914735,WX-L5UA-UB1Q,GBP,1,1.72
026-3682016-4743517,6V-EEC1-2S9Z,GBP,1,2.25
026-3697976-6321101,6V-EEC1-2S9Z,GBP,1,2.25
026-3701100-3549915,DC-K5WH-R7F5,GBP,2,1.36
026-3709227-1849916,XH-0LAE-FQO5,GBP,1,2.9
026-3710572-4283509,AX-NKNU-29C1,GBP,1,0.61
026-3711863-2758742,6V-EEC1-2S9Z,GBP,1,2.25
026-3747226-4829919,6V-EEC1-2S9Z,GBP,2,4.5
026-3760725-2417155,WX-L5UA-UB1Q,GBP,1,1.72
026-3770490-9989932,6V-EEC1-2S9Z,GBP,1,2.25
026-3771449-4507565,WX-L5UA-UB1Q,GBP,1,1.72
026-3772662-9482731,ZU-PFDN-JSYV,GBP,1,4.89
026-3783687-4662728,JB-RGB6-LZOJ,GBP,1,2.47
026-3826589-8324339,6V-EEC1-2S9Z,GBP,1,2.25
026-3827428-7752334,XH-0LAE-FQO5,GBP,1,2.9
026-3830602-1353932,6V-EEC1-2S9Z,GBP,1,2.25
026-3837216-7928334,A2-T2AC-TW3L,GBP,1,4.51
026-3859851-5397903,WX-L5UA-UB1Q,GBP,1,1.72
026-3860818-4289136,BB-ZT14-1QQA,GBP,2,6.38
026-3882057-5713139,DC-K5WH-R7F5,GBP,1,0.68
026-3887505-8169937,8U-QPFH-3EKQ,GBP,2,5.86
026-3892780-8392323,EV-CHU5-XU3G,GBP,1,2.73
026-3902811-6077938,ZU-PFDN-JSYV,GBP,1,4.89
026-3903148-6424364,F7-PMJ2-SG6A,GBP,2,5.4
026-3908730-6312358,Z7-26PV-O9LR,GBP,1,4.44
026-3912001-4479502,6V-EEC1-2S9Z,GBP,1,2.25
026-3913080-0592365,KI-CR51-18J3,GBP,1,28.2
026-3915659-0830722,WX-L5UA-UB1Q,GBP,1,1.72
026-3929704-3395514,6V-EEC1-2S9Z,GBP,1,2.25
026-3939150-6589925,0H-5V53-GPG4,GBP,1,4.85
026-3943449-3352350,NN-TSZ1-X2RD,GBP,1,3.99
026-3953152-5684358,XE-YPAI-HX9F,GBP,1,4.58
026-3960784-9753961,WX-L5UA-UB1Q,GBP,1,1.72
026-3972011-9858732,WX-L5UA-UB1Q,GBP,1,1.72
026-3973646-6717115,JB-RGB6-LZOJ,GBP,1,2.47
026-3989849-9892368,EV-CHU5-XU3G,GBP,1,2.73
026-4001018-8822761,6V-EEC1-2S9Z,GBP,1,2.25
026-4033256-8673150,6V-EEC1-2S9Z,GBP,1,2.25
026-4049597-6995559,DC-K5WH-R7F5,GBP,1,0.68
026-4060452-5057117,WX-L5UA-UB1Q,GBP,1,1.72
026-4066093-8730732,A2-T2AC-TW3L,GBP,1,4.51
026-4073628-0709953,Z3-ORV9-K8XD,GBP,1,6.56
026-4083530-7896351,A2-T2AC-TW3L,GBP,1,4.51
026-4088668-0607520,6V-EEC1-2S9Z,GBP,1,2.25
026-4103016-9418727,VF-3T0K-DR5O,GBP,1,2.05
026-4105798-7867542,WX-L5UA-UB1Q,GBP,2,3.44
026-4118823-4490762,A2-T2AC-TW3L,GBP,1,4.51
026-4130285-7181120,DC-K5WH-R7F5,GBP,1,0.68
026-4133434-3482718,8M-NHB7-T8TR,GBP,1,15.26
026-4149782-3214746,TE-Y18U-S2O1,GBP,1,4.16
026-4156114-0578767,EV-CHU5-XU3G,GBP,1,2.73
026-4163481-2071537,6V-EEC1-2S9Z,GBP,1,2.25
026-4169906-4703530,TU-8I14-25ZR,GBP,1,12.67
026-4178624-6146746,6V-EEC1-2S9Z,GBP,1,2.25
026-4178982-7756326,DC-K5WH-R7F5,GBP,1,0.68
026-4185531-5281932,NN-TSZ1-X2RD,GBP,1,3.49
026-4227895-0148335,6V-EEC1-2S9Z,GBP,2,4.2
026-4230582-3987568,6V-EEC1-2S9Z,GBP,1,2.25
026-4236256-8633135,AX-NKNU-29C1,GBP,2,1.22
026-4246641-4041921,JB-RGB6-LZOJ,GBP,1,2.47
026-4246698-6492367,A2-T2AC-TW3L,GBP,1,4.51
026-4251811-1901942,SR-6OBB-WC03,GBP,1,2.86
026-4263171-7902738,A2-T2AC-TW3L,GBP,4,18.04
026-4275979-3031525,XH-0LAE-FQO5,GBP,1,2.9
026-4294122-2124308,XH-0LAE-FQO5,GBP,1,2.9
026-4299642-8383525,WX-L5UA-UB1Q,GBP,1,1.72
026-4323377-0143529,WX-L5UA-UB1Q,GBP,1,1.72
026-4323411-1801125,D7-MGBX-RX2P,GBP,2,4.86
026-4328920-4118732,L3-ZQ8U-A7LQ,GBP,1,3.7
026-4331393-4129904,6V-EEC1-2S9Z,GBP,1,2.25
026-4337439-0983529,XH-0LAE-FQO5,GBP,2,5.8
026-4356888-4042728,WX-L5UA-UB1Q,GBP,1,1.72
026-4358750-4808342,SU-5LQH-2DVN,GBP,1,2.19
026-4361610-5397161,T8-6UWL-I3E1,GBP,1,1.48
026-4363521-6051565,DC-K5WH-R7F5,GBP,1,0.68
026-4366050-7529925,6V-EEC1-2S9Z,GBP,1,2.25
026-4368524-8509100,WX-L5UA-UB1Q,GBP,1,1.72
026-4393456-9685154,XE-YPAI-HX9F,GBP,1,4.58
026-4397068-2267501,A2-T2AC-TW3L,GBP,1,4.51
026-4398509-3197117,SU-5LQH-2DVN,GBP,1,2.19
026-4402880-3565938,6V-EEC1-2S9Z,GBP,1,2.25
026-4402880-3565938,SU-5LQH-2DVN,GBP,1,2.19
026-4423924-0517166,XH-0LAE-FQO5,GBP,1,2.9
026-4427634-4252303,VF-3T0K-DR5O,GBP,1,2.05
026-4429672-6887520,F7-PMJ2-SG6A,GBP,1,2.7
026-4435767-8682748,6V-EEC1-2S9Z,GBP,1,2.25
026-4438355-8093151,SR-6OBB-WC03,GBP,1,2.86
026-4438856-9747509,6V-EEC1-2S9Z,GBP,1,2.25
026-4442848-2089914,EV-CHU5-XU3G,GBP,1,2.73
026-4444368-8962769,DC-K5WH-R7F5,GBP,2,1.36
026-4448762-7679556,WX-L5UA-UB1Q,GBP,1,1.72
026-4452180-2603569,WX-L5UA-UB1Q,GBP,1,1.72
026-4453685-3617145,VF-3T0K-DR5O,GBP,1,2.05
026-4491764-6661965,GH-PONH-K4WQ,GBP,2,7.56
026-4511650-0140304,6V-EEC1-2S9Z,GBP,1,2.25
026-4532838-7108359,R4-0AXZ-ZZ9D,GBP,1,4.85
026-4537246-8113906,XH-0LAE-FQO5,GBP,1,2.9
026-4545376-7121123,WX-L5UA-UB1Q,GBP,1,1.72
026-4545921-9349950,SU-5LQH-2DVN,GBP,1,2.19
026-4553298-0281161,6V-EEC1-2S9Z,GBP,1,2.25
026-4561998-0603504,6V-EEC1-2S9Z,GBP,1,2.25
026-4566848-1047504,WX-L5UA-UB1Q,GBP,1,1.72
026-4579657-8379563,A2-T2AC-TW3L,GBP,1,4.51
026-4583627-7996300,6V-EEC1-2S9Z,GBP,1,2.25
026-4598219-5037145,WX-L5UA-UB1Q,GBP,2,3.44
026-4604687-7187531,0G-JB6S-PN34,GBP,1,2.74
026-4607199-3393948,VF-3T0K-DR5O,GBP,1,2.05
026-4609821-6038718,VF-3T0K-DR5O,GBP,1,2.05
026-4613675-8588359,6V-EEC1-2S9Z,GBP,1,2.25
026-4620760-7348327,DC-K5WH-R7F5,GBP,1,0.68
026-4621562-9867527,DC-K5WH-R7F5,GBP,1,0.68
026-4627445-1833958,MW-9K5M-VKW8,GBP,1,13.65
026-4639917-4771564,XH-0LAE-FQO5,GBP,1,2.9
026-4643077-5385127,AX-NKNU-29C1,GBP,2,1.22
026-4647431-9127565,6V-EEC1-2S9Z,GBP,1,2.25
026-4658015-2049953,6V-EEC1-2S9Z,GBP,1,2.25
026-4667962-6164322,TU-8I14-25ZR,GBP,1,12.67
026-4670059-2681113,DC-K5WH-R7F5,GBP,1,0.68
026-4675885-8448328,WX-L5UA-UB1Q,GBP,1,1.72
026-4679409-7777907,YC-3L3M-BV48,GBP,1,39.61
026-4686554-3419531,WX-L5UA-UB1Q,GBP,1,1.72
026-4699282-9197148,A2-T2AC-TW3L,GBP,1,4.51
026-4713016-3347542,XE-YPAI-HX9F,GBP,1,4.7
026-4719649-7936333,XH-0LAE-FQO5,GBP,1,2.9
026-4725890-1383501,A2-T2AC-TW3L,GBP,1,4.51
026-4736780-2822712,WX-L5UA-UB1Q,GBP,1,1.72
026-4762640-7889947,AF-KIHX-ANYY,GBP,1,0.84
026-4765643-7749110,6V-EEC1-2S9Z,GBP,1,2.25
026-4766077-1043500,RB-82FL-T88J,GBP,1,14.5
026-4784647-2438708,WX-L5UA-UB1Q,GBP,1,1.72
026-4798299-6029903,7H-7G2P-ONWJ,GBP,1,0.88
026-4798425-6934701,6V-EEC1-2S9Z,GBP,1,2.25
026-4814560-3280315,TU-8I14-25ZR,GBP,1,12.67
026-4815493-9055526,Z7-26PV-O9LR,GBP,1,4.44
026-4825194-6346724,VF-3T0K-DR5O,GBP,1,2.05
026-4826784-9518718,A2-T2AC-TW3L,GBP,1,4.51
026-4832195-1604358,MW-9K5M-VKW8,GBP,1,13.65
026-4835346-7151545,R7-98IN-2PW8,GBP,1,2.5
026-4844256-3239520,6V-EEC1-2S9Z,GBP,1,2.25
026-4846528-1493152,NN-TSZ1-X2RD,GBP,1,3.79
026-4863088-8796330,WX-L5UA-UB1Q,GBP,1,1.72
026-4863381-4681938,6V-EEC1-2S9Z,GBP,1,2.25
026-4871142-9821129,3B-3H3V-Z93T,GBP,1,1.6
026-4874435-9864305,A2-T2AC-TW3L,GBP,1,4.51
026-4881550-8449131,Z3-ORV9-K8XD,GBP,1,6.56
026-4882446-1475511,6V-EEC1-2S9Z,GBP,1,2.25
026-4892374-0125108,Z3-ORV9-K8XD,GBP,2,13.12
026-4892837-7429958,A2-T2AC-TW3L,GBP,1,4.51
026-4898508-2897967,6V-EEC1-2S9Z,GBP,2,4.5
026-4923324-9240341,WX-L5UA-UB1Q,GBP,1,1.72
026-4940271-2566702,SU-5LQH-2DVN,GBP,1,2.19
026-4954049-0138720,DC-K5WH-R7F5,GBP,3,2.04
026-4958568-8105117,VF-3T0K-DR5O,GBP,1,2.05
026-4967729-9940318,XE-YPAI-HX9F,GBP,1,4.58
026-4973730-5005930,WX-L5UA-UB1Q,GBP,1,1.72
026-4987084-3724307,Z7-26PV-O9LR,GBP,1,4.44
026-4991234-5154745,H4-86XG-NLX6,GBP,1,3.25
026-5032613-1847513,DC-K5WH-R7F5,GBP,1,0.68
026-5037923-1033119,WX-L5UA-UB1Q,GBP,1,1.72
026-5076598-8911545,EV-CHU5-XU3G,GBP,1,2.73
026-5082233-6116347,WX-L5UA-UB1Q,GBP,1,1.84
026-5091974-4441958,LV-425G-BY4X,GBP,1,16.38
026-5092189-4855541,A2-T2AC-TW3L,GBP,1,4.51
026-5105734-3001134,6V-EEC1-2S9Z,GBP,1,2.25
026-5106745-8285100,6V-EEC1-2S9Z,GBP,1,2.25
026-5117223-6007540,49-4UKW-G81R,GBP,1,3.04
026-5123361-5591520,0H-5V53-GPG4,GBP,1,4.85
026-5124017-9601953,EV-CHU5-XU3G,GBP,1,2.73
026-5130651-8811541,A2-T2AC-TW3L,GBP,1,4.51
026-5131170-5717967,6V-EEC1-2S9Z,GBP,2,4.5
026-5137296-2089941,6V-EEC1-2S9Z,GBP,1,2.25
026-5142576-6398720,MW-9K5M-VKW8,GBP,1,13.65
026-5145746-2351567,6V-EEC1-2S9Z,GBP,1,2.25
026-5169798-6613961,6V-EEC1-2S9Z,GBP,1,2.25
026-5170545-7581109,VF-3T0K-DR5O,GBP,1,2.05
026-5192646-7621126,6V-EEC1-2S9Z,GBP,1,2.1
026-5196373-1524346,6V-EEC1-2S9Z,GBP,1,2.25
026-5206232-2455559,6V-EEC1-2S9Z,GBP,1,2.25
026-5217011-5774743,VF-3T0K-DR5O,GBP,2,4.1
026-5234603-9649921,WX-L5UA-UB1Q,GBP,1,1.72
026-5240091-7853146,A2-T2AC-TW3L,GBP,2,9.02
026-5254308-2257968,N7-A24N-WJA7,GBP,1,3.01
026-5255144-8102762,A2-T2AC-TW3L,GBP,1,4.51
026-5281009-1209110,4F-HT42-FD26,GBP,1,3.33
026-5290919-2520325,T8-6UWL-I3E1,GBP,1,1.48
026-5294262-1399568,4W-VS57-BV6A,GBP,1,18.5
026-5313246-8599533,6V-EEC1-2S9Z,GBP,1,2.25
026-5342234-9217110,WX-L5UA-UB1Q,GBP,1,1.72
026-5348416-6273917,AF-KIHX-ANYY,GBP,1,0.84
026-5358818-7723539,Z3-ORV9-K8XD,GBP,1,6.56
026-5361418-2001136,6V-EEC1-2S9Z,GBP,1,2.25
026-5363443-7025107,6V-EEC1-2S9Z,GBP,1,2.25
026-5365110-3456334,SR-6OBB-WC03,GBP,1,2.86
026-5398879-9685168,A2-T2AC-TW3L,GBP,1,4.51
026-5401577-1990738,Z7-26PV-O9LR,GBP,1,4.44
026-5404995-9074712,Z7-26PV-O9LR,GBP,1,4.44
026-5406076-0873169,XH-0LAE-FQO5,GBP,1,2.9
026-5410054-7709935,Z3-ORV9-K8XD,GBP,1,6.56
026-5428170-4285967,6V-EEC1-2S9Z,GBP,1,2.25
026-5448041-0792346,VF-3T0K-DR5O,GBP,1,2.05
026-5455943-2392363,EE-KTDC-KCFY,GBP,2,6.92
026-5457536-5580323,A2-T2AC-TW3L,GBP,1,4.51
026-5462181-3061910,WX-L5UA-UB1Q,GBP,3,5.16
026-5464558-6381164,I2-6YKQ-CIBP,GBP,1,3.96
026-5479410-9515514,6V-EEC1-2S9Z,GBP,1,2.25
026-5486181-7362734,TU-8I14-25ZR,GBP,1,12.67
026-5490168-6212318,3B-3H3V-Z93T,GBP,1,1.6
026-5493567-7651516,NN-TSZ1-X2RD,GBP,1,3.79
026-5493950-9440328,7L-OT45-7LYB,GBP,1,1.16
026-5499496-1841952,0H-5V53-GPG4,GBP,1,4.85
026-5512132-4441962,AX-NKNU-29C1,GBP,1,0.61
026-5520405-7296368,WX-L5UA-UB1Q,GBP,1,1.72
026-5540812-9057118,6V-EEC1-2S9Z,GBP,1,2.25
026-5540812-9057118,SU-5LQH-2DVN,GBP,1,2.19
026-5542128-6843544,SU-5LQH-2DVN,GBP,1,2.19
026-5547487-4036354,A2-T2AC-TW3L,GBP,1,4.51
026-5560515-4022702,6V-EEC1-2S9Z,GBP,1,2.25
026-5565628-9525156,7L-OT45-7LYB,GBP,1,1.16
026-5571463-6320329,6V-EEC1-2S9Z,GBP,1,2.25
026-5575348-5175559,6V-EEC1-2S9Z,GBP,1,2.25
026-5583513-6205109,Z7-26PV-O9LR,GBP,1,4.44
026-5604242-4276309,6V-EEC1-2S9Z,GBP,1,2.25
026-5606160-6653957,79-CPJ6-DSG6,GBP,1,13.65
026-5613258-3252301,6V-EEC1-2S9Z,GBP,1,2.25
026-5617200-2944301,VF-3T0K-DR5O,GBP,1,2.05
026-5624170-5349120,7L-OT45-7LYB,GBP,1,1.16
026-5638709-5937903,T8-6UWL-I3E1,GBP,2,2.96
026-5642090-5130765,6V-EEC1-2S9Z,GBP,1,2.25
026-5644984-1031525,R7-98IN-2PW8,GBP,1,2.5
026-5666387-1677108,8M-NHB7-T8TR,GBP,1,11.57
026-5667793-3819534,0H-5V53-GPG4,GBP,1,4.85
026-5680128-5204334,7M-48OU-23X3,GBP,1,7.59
026-5681332-6480314,8L-INBX-OUTU,GBP,1,2.49
026-5689717-4453901,GK-YI4S-C158,GBP,1,2.58
026-5697239-3629920,6V-EEC1-2S9Z,GBP,1,2.25
026-5711108-4739502,6V-EEC1-2S9Z,GBP,1,2.25
026-5711854-3197931,TK-E7QE-T40G,GBP,1,3.8
026-5713176-5711508,WX-L5UA-UB1Q,GBP,1,1.72
026-5715745-5253133,Z7-26PV-O9LR,GBP,1,4.44
026-5720558-8867535,F7-PMJ2-SG6A,GBP,2,5.4
026-5740103-9502767,D7-MGBX-RX2P,GBP,1,2.43
026-5750266-2773910,WX-L5UA-UB1Q,GBP,1,1.72
026-5776662-0690764,6V-EEC1-2S9Z,GBP,1,2.25
026-5779852-3693911,F7-PMJ2-SG6A,GBP,4,10.8
026-5784426-5295557,JV-D1TI-6UF6,GBP,1,3.6
026-5801182-9937111,XY-UM2X-TPS3,GBP,1,4.57
026-5806548-2347519,WX-L5UA-UB1Q,GBP,1,1.72
026-5816647-1053143,D0-C7C0-H6LN,GBP,2,5.48
026-5817303-8807521,UL-D0Y8-ZNI5,GBP,1,19.5
026-5824960-1475562,WX-L5UA-UB1Q,GBP,1,1.72
026-5827680-9805134,6V-EEC1-2S9Z,GBP,1,2.25
026-5831019-4206753,6V-EEC1-2S9Z,GBP,2,4.5
026-5865688-0677162,DC-K5WH-R7F5,GBP,1,0.68
026-5880096-1674702,DC-K5WH-R7F5,GBP,1,0.68
026-5884991-1923544,6V-EEC1-2S9Z,GBP,1,2.25
026-5904989-6059531,NN-TSZ1-X2RD,GBP,1,3.79
026-5905769-1792343,6V-EEC1-2S9Z,GBP,1,2.25
026-5935420-1300313,NN-TSZ1-X2RD,GBP,2,7.98
026-5961775-9669963,WX-L5UA-UB1Q,GBP,1,1.72
026-5966766-9125942,6Q-9G2A-IKVV,GBP,2,14.58
026-5974971-5025914,X7-MY4W-H2I4,GBP,1,2.28
026-5976682-0040336,NN-TSZ1-X2RD,GBP,1,3.79
026-5978798-7719567,6V-EEC1-2S9Z,GBP,1,2.25
026-5980243-6251525,XE-YPAI-HX9F,GBP,1,4.58
026-5996738-4915536,6V-EEC1-2S9Z,GBP,1,2.25
026-6012321-7497102,6V-EEC1-2S9Z,GBP,1,2.25
026-6020971-7732331,VF-3T0K-DR5O,GBP,2,4.1
026-6021230-7917926,XY-UM2X-TPS3,GBP,1,4.57
026-6028417-8165968,7M-48OU-23X3,GBP,1,7.59
026-6031292-3384364,6V-EEC1-2S9Z,GBP,1,2.25
026-6061750-4049914,DC-K5WH-R7F5,GBP,1,0.68
026-6068566-4059546,T8-6UWL-I3E1,GBP,1,1.48
026-6069789-3163566,6V-EEC1-2S9Z,GBP,1,2.25
026-6096837-8076365,DC-K5WH-R7F5,GBP,1,0.68
026-6102428-2420310,SQ-7QYT-5D5B,GBP,1,1.5
026-6103590-9148324,6V-EEC1-2S9Z,GBP,1,2.25
026-6110623-6294738,VF-3T0K-DR5O,GBP,2,4.1
026-6115903-0741907,AF-KIHX-ANYY,GBP,1,0.84
026-6122854-7107536,A2-T2AC-TW3L,GBP,1,4.51
026-6142374-3173946,6V-EEC1-2S9Z,GBP,1,2.25
026-6162127-7623556,TU-8I14-25ZR,GBP,1,12.67
026-6175200-6939528,A2-T2AC-TW3L,GBP,1,4.51
026-6184198-5419564,MW-9K5M-VKW8,GBP,1,13.65
026-6190272-8409147,DC-K5WH-R7F5,GBP,1,0.68
026-6212463-3961146,ZU-PFDN-JSYV,GBP,1,4.89
026-6216023-2413165,6V-EEC1-2S9Z,GBP,1,2.25
026-6217180-5133949,6V-EEC1-2S9Z,GBP,1,2.25
026-6229365-6067533,6V-EEC1-2S9Z,GBP,1,2.25
026-6240921-9863557,D7-MGBX-RX2P,GBP,1,2.43
026-6252047-1882714,A2-T2AC-TW3L,GBP,1,4.51
026-6252072-6554718,XE-YPAI-HX9F,GBP,1,4.7
026-6255077-0586735,6V-EEC1-2S9Z,GBP,1,2.25
026-6260355-9360334,A2-T2AC-TW3L,GBP,1,4.51
026-6264624-0013168,Z7-26PV-O9LR,GBP,1,4.44
026-6272187-8405136,VF-3T0K-DR5O,GBP,1,2.05
026-6307031-2176302,XE-YPAI-HX9F,GBP,1,4.7
026-6307866-2083551,6V-EEC1-2S9Z,GBP,1,2.25
026-6316038-5405961,MW-9K5M-VKW8,GBP,1,13.65
026-6327676-2787543,WX-L5UA-UB1Q,GBP,1,1.72
026-6344892-6892327,WX-L5UA-UB1Q,GBP,1,1.72
026-6347795-8900367,6V-EEC1-2S9Z,GBP,2,4.5
026-6356718-6697154,WX-L5UA-UB1Q,GBP,1,1.72
026-6358115-8330741,EV-CHU5-XU3G,GBP,1,2.73
026-6363568-7096323,A2-T2AC-TW3L,GBP,1,4.51
026-6363768-5916345,NN-TSZ1-X2RD,GBP,1,3.79
026-6364548-3273963,XH-0LAE-FQO5,GBP,1,2.9
026-6374436-3660310,F7-PMJ2-SG6A,GBP,1,2.7
026-6374930-3033964,6V-EEC1-2S9Z,GBP,1,2.25
026-6376011-5413162,WX-L5UA-UB1Q,GBP,1,1.72
026-6380164-4981968,A2-T2AC-TW3L,GBP,1,4.51
026-6390040-2047503,WX-L5UA-UB1Q,GBP,1,1.72
026-6418113-9376329,XH-0LAE-FQO5,GBP,3,8.7
026-6424656-2009914,A2-T2AC-TW3L,GBP,1,4.51
026-6427804-5291540,EV-CHU5-XU3G,GBP,1,2.73
026-6428300-7688342,6V-EEC1-2S9Z,GBP,1,2.25
026-6438584-3024359,6V-EEC1-2S9Z,GBP,1,2.25
026-6450338-0498700,DC-K5WH-R7F5,GBP,1,0.68
026-6452439-9089906,8L-INBX-OUTU,GBP,1,2.49
026-6453536-7489123,GH-PONH-K4WQ,GBP,1,3.78
026-6453797-7947545,6V-EEC1-2S9Z,GBP,1,2.25
026-6459918-1525957,6V-EEC1-2S9Z,GBP,1,2.25
026-6461972-7227567,VF-3T0K-DR5O,GBP,1,2.05
026-6462308-6906729,DC-K5WH-R7F5,GBP,1,0.68
026-6479605-0602734,SU-5LQH-2DVN,GBP,1,2.19
026-6480588-5466768,6V-EEC1-2S9Z,GBP,1,2.25
026-6511699-9926730,Z7-26PV-O9LR,GBP,1,4.44
026-6518170-4725119,A2-T2AC-TW3L,GBP,1,4.51
026-6542197-3223501,WX-L5UA-UB1Q,GBP,1,1.72
026-6542528-0908360,6V-EEC1-2S9Z,GBP,1,2.25
026-6548499-1061953,XH-0LAE-FQO5,GBP,1,2.9
026-6552353-1846715,79-CPJ6-DSG6,GBP,1,13.65
026-6558652-5523537,N7-A24N-WJA7,GBP,1,3.01
026-6570862-0482738,A2-T2AC-TW3L,GBP,1,4.51
026-6573373-8957904,DC-K5WH-R7F5,GBP,1,0.68
026-6576605-9983556,N7-A24N-WJA7,GBP,1,3.01
026-6585635-0454757,6V-EEC1-2S9Z,GBP,1,2.25
026-6594571-2161929,6V-EEC1-2S9Z,GBP,1,2.25
026-6627406-8593952,JB-RGB6-LZOJ,GBP,1,2.47
026-6628620-3118713,6V-EEC1-2S9Z,GBP,1,2.25
026-6630757-6676369,6V-EEC1-2S9Z,GBP,1,2.25
026-6632609-6218763,Z7-26PV-O9LR,GBP,1,4.44
026-6639214-9156316,WX-L5UA-UB1Q,GBP,1,1.72
026-6639258-5000337,D7-MGBX-RX2P,GBP,1,2.43
026-6669125-6825135,WX-L5UA-UB1Q,GBP,1,1.72
026-6671787-1324314,6V-EEC1-2S9Z,GBP,1,2.25
026-6689511-3689125,6V-EEC1-2S9Z,GBP,1,2.25
026-6695852-3921169,6V-EEC1-2S9Z,GBP,1,2.25
026-6697461-0965911,Z3-ORV9-K8XD,GBP,1,6.56
026-6700165-5763518,6V-EEC1-2S9Z,GBP,1,2.25
026-6704830-0533922,EV-CHU5-XU3G,GBP,1,2.73
026-6716042-7911526,VF-3T0K-DR5O,GBP,1,2.05
026-6736647-1500352,Z3-ORV9-K8XD,GBP,1,6.56
026-6745396-5638760,VF-3T0K-DR5O,GBP,1,2.05
026-6760544-0654748,Z3-ORV9-K8XD,GBP,1,6.56
026-6761976-4489161,WX-L5UA-UB1Q,GBP,1,1.72
026-6769094-4046745,2G-AYBQ-TUQG,GBP,1,8.27
026-6770577-2681921,F7-PMJ2-SG6A,GBP,1,2.7
026-6784484-7159552,DC-K5WH-R7F5,GBP,1,0.68
026-6798689-4050746,Z7-26PV-O9LR,GBP,1,4.44
026-6800024-4937155,6V-EEC1-2S9Z,GBP,1,2.25
026-6830109-8363549,6V-EEC1-2S9Z,GBP,1,2.25
026-6838781-3188357,6V-EEC1-2S9Z,GBP,1,2.25
026-6841794-5513100,WX-L5UA-UB1Q,GBP,1,1.72
026-6843502-5282752,T8-6UWL-I3E1,GBP,1,1.48
026-6861054-7692311,Z3-ORV9-K8XD,GBP,1,6.56
026-6870311-3382752,A2-T2AC-TW3L,GBP,1,4.51
026-6873731-0478705,49-4UKW-G81R,GBP,1,3.04
026-6874304-7071506,6V-EEC1-2S9Z,GBP,1,2.25
026-6895390-2108304,WX-L5UA-UB1Q,GBP,1,1.72
026-6896898-5265919,6V-EEC1-2S9Z,GBP,2,4.5
026-6902935-4072349,NN-TSZ1-X2RD,GBP,1,3.79
026-6913307-1715501,EV-CHU5-XU3G,GBP,1,2.73
026-6917844-0495531,6V-EEC1-2S9Z,GBP,1,2.25
026-6949657-4168301,0G-JB6S-PN34,GBP,1,2.74
026-6955542-7561925,7L-OT45-7LYB,GBP,1,1.16
026-6958448-5352365,NN-TSZ1-X2RD,GBP,1,3.99
026-6958848-7465916,Z7-26PV-O9LR,GBP,1,4.44
026-6980369-3646760,VF-3T0K-DR5O,GBP,1,2.05
026-6980397-8552349,6V-EEC1-2S9Z,GBP,1,2.25
026-6993516-5343507,A2-T2AC-TW3L,GBP,1,4.51
026-6998468-6683560,L3-ZQ8U-A7LQ,GBP,1,3.7
026-7007095-9050740,6V-EEC1-2S9Z,GBP,1,2.25
026-7016148-0704351,A2-T2AC-TW3L,GBP,1,4.51
026-7026498-3119555,6V-EEC1-2S9Z,GBP,1,2.25
026-7028819-9514761,PE-G94Y-4PYO,GBP,2,5.72
026-7031396-0137969,NN-TSZ1-X2RD,GBP,1,3.79
026-7040921-0665915,DC-K5WH-R7F5,GBP,1,0.68
026-7050819-3536332,WX-L5UA-UB1Q,GBP,1,1.72
026-7052786-1286757,DC-K5WH-R7F5,GBP,1,0.68
026-7053984-7719536,NN-TSZ1-X2RD,GBP,1,3.49
026-7054644-9725117,6V-EEC1-2S9Z,GBP,1,2.25
026-7067647-5523504,DC-K5WH-R7F5,GBP,1,0.68
026-7069336-2101951,SR-6OBB-WC03,GBP,1,2.86
026-7071377-3789165,6V-EEC1-2S9Z,GBP,1,2.25
026-7082909-5576324,XH-0LAE-FQO5,GBP,1,2.9
026-7105876-7646757,A2-T2AC-TW3L,GBP,2,9.02
026-7118514-8409125,9X-7TBD-NA16,GBP,1,1.99
026-7180718-7004334,6V-EEC1-2S9Z,GBP,1,2.25
026-7196910-2283531,Z3-ORV9-K8XD,GBP,1,6.56
026-7201679-8718746,SU-5LQH-2DVN,GBP,1,2.19
026-7233434-9488340,XH-0LAE-FQO5,GBP,1,2.9
026-7241673-5957101,A2-T2AC-TW3L,GBP,1,4.51
026-7271420-7467567,6V-EEC1-2S9Z,GBP,1,2.25
026-7273149-4346766,RZ-6ZL9-CZ7J,GBP,1,2.42
026-7298032-3470759,D7-MGBX-RX2P,GBP,2,4.86
026-7308277-9858769,WX-L5UA-UB1Q,GBP,1,1.72
026-7309747-9693144,VF-3T0K-DR5O,GBP,1,2.05
026-7315456-8280317,LV-425G-BY4X,GBP,1,16.38
026-7319260-4428364,WX-L5UA-UB1Q,GBP,1,1.72
026-7331416-6813124,T8-6UWL-I3E1,GBP,1,1.48
026-7342827-8434752,6V-EEC1-2S9Z,GBP,4,9.0
026-7348158-3881937,6V-EEC1-2S9Z,GBP,1,2.25
026-7353104-1275566,EV-CHU5-XU3G,GBP,1,2.73
026-7357458-3604328,MW-9K5M-VKW8,GBP,1,13.65
026-7360089-2182707,EE-KTDC-KCFY,GBP,1,3.46
026-7368424-1753957,XH-0LAE-FQO5,GBP,1,2.9
026-7369720-9430752,6V-EEC1-2S9Z,GBP,1,2.25
026-7369738-5647555,WX-L5UA-UB1Q,GBP,1,1.72
026-7377197-1776367,NN-TSZ1-X2RD,GBP,1,3.99
026-7402778-4913139,WX-L5UA-UB1Q,GBP,1,1.72
026-7408267-1730740,VU-8KRA-QP5M,GBP,1,4.32
026-7409534-1563501,ZU-PFDN-JSYV,GBP,1,4.89
026-7415208-9362760,DC-K5WH-R7F5,GBP,1,0.68
026-7424559-3943555,WX-L5UA-UB1Q,GBP,1,1.72
026-7428203-8913913,T8-6UWL-I3E1,GBP,1,1.48
026-7448335-1143530,8U-QPFH-3EKQ,GBP,1,2.93
026-7457422-6996350,6V-EEC1-2S9Z,GBP,1,2.25
026-7463795-4297949,F7-PMJ2-SG6A,GBP,1,2.7
026-7471537-1909941,NN-TSZ1-X2RD,GBP,1,3.79
026-7472222-5491532,Z3-ORV9-K8XD,GBP,1,6.56
026-7472282-8569913,6V-EEC1-2S9Z,GBP,1,2.25
026-7472406-2436314,DC-K5WH-R7F5,GBP,1,0.68
026-7472711-5311521,VF-3T0K-DR5O,GBP,1,2.05
026-7484405-8526760,6V-EEC1-2S9Z,GBP,1,2.25
026-7484604-9248329,SR-6OBB-WC03,GBP,2,5.72
026-7493145-8755564,VF-3T0K-DR5O,GBP,1,2.05
026-7497040-9948344,A2-T2AC-TW3L,GBP,1,4.51
026-7517090-8134720,Z7-26PV-O9LR,GBP,1,4.44
026-7524958-1869945,Z3-ORV9-K8XD,GBP,1,6.56
026-7542459-9592335,VF-3T0K-DR5O,GBP,1,2.05
026-7544395-4888346,I2-6YKQ-CIBP,GBP,1,3.96
026-7548895-0210757,F7-PMJ2-SG6A,GBP,2,5.4
026-7550052-5717929,6V-EEC1-2S9Z,GBP,1,2.25
026-7556282-3024340,A2-T2AC-TW3L,GBP,1,4.51
026-7565669-2389901,VF-3T0K-DR5O,GBP,1,2.05
026-7570691-3164326,JL-VTP2-JF3Q,GBP,1,6.95
026-7570800-3202747,Z3-ORV9-K8XD,GBP,1,6.56
026-7571292-4505145,6V-EEC1-2S9Z,GBP,1,2.25
026-7583643-5403557,IB-U5FA-BO2Y,GBP,1,20.51
026-7599552-9521138,6V-EEC1-2S9Z,GBP,2,4.5
026-7635084-2013968,Z7-26PV-O9LR,GBP,1,4.44
026-7635949-6400356,8R-E0Y9-0LAU,GBP,1,34.65
026-7649719-9824357,WX-L5UA-UB1Q,GBP,1,1.72
026-7651850-6518761,6V-EEC1-2S9Z,GBP,1,2.25
026-7672425-1563540,6V-EEC1-2S9Z,GBP,1,2.25
026-7674956-0322765,WX-L5UA-UB1Q,GBP,1,1.72
026-7679021-2930751,AF-KIHX-ANYY,GBP,1,0.84
026-7684169-2118729,6V-EEC1-2S9Z,GBP,1,2.25
026-7691538-1113140,6V-EEC1-2S9Z,GBP,1,2.25
026-7707668-7280324,XH-0LAE-FQO5,GBP,1,2.9
026-7735476-5093910,XE-YPAI-HX9F,GBP,1,4.58
026-7736888-6961131,3B-3H3V-Z93T,GBP,1,1.6
026-7755742-6697907,6V-EEC1-2S9Z,GBP,1,2.25
026-7759863-6898750,WX-L5UA-UB1Q,GBP,1,1.72
026-7773277-6353947,WX-L5UA-UB1Q,GBP,1,1.72
026-7778405-0523542,EV-CHU5-XU3G,GBP,1,2.73
026-7778692-5512328,D7-MGBX-RX2P,GBP,1,2.43
026-7779939-1397105,VF-3T0K-DR5O,GBP,1,2.05
026-7782320-1281130,DC-K5WH-R7F5,GBP,1,0.68
026-7782714-1527558,VF-3T0K-DR5O,GBP,1,2.05
026-7802097-4705940,EE-KTDC-KCFY,GBP,1,3.46
026-7806752-6545109,6V-EEC1-2S9Z,GBP,1,2.25
026-7815920-2213145,NN-TSZ1-X2RD,GBP,1,3.79
026-7820918-6538723,6V-EEC1-2S9Z,GBP,1,2.25
026-7823375-0162729,VF-3T0K-DR5O,GBP,1,2.05
026-7825371-1661967,CY-5VNG-I5M8,GBP,1,2.22
026-7836423-2168331,WX-L5UA-UB1Q,GBP,1,1.72
026-7839490-9308358,XH-0LAE-FQO5,GBP,2,5.8
026-7862443-5207515,A2-T2AC-TW3L,GBP,1,4.51
026-7869297-0697105,XH-0LAE-FQO5,GBP,1,2.9
026-7874774-8408360,WX-L5UA-UB1Q,GBP,1,1.72
026-7881615-4941948,6V-EEC1-2S9Z,GBP,1,2.1
026-7905586-8431558,6V-EEC1-2S9Z,GBP,1,2.25
026-7905733-9807515,WX-L5UA-UB1Q,GBP,1,1.72
026-7907057-3325121,6V-EEC1-2S9Z,GBP,1,2.25
026-7927921-4514734,EV-CHU5-XU3G,GBP,1,2.73
026-7953496-4549136,6V-EEC1-2S9Z,GBP,1,2.25
026-7962955-0815530,EV-CHU5-XU3G,GBP,1,2.73
026-7966772-3477934,WX-L5UA-UB1Q,GBP,1,1.72
026-7983582-3477913,A2-T2AC-TW3L,GBP,1,4.51
026-8005116-3588342,SR-6OBB-WC03,GBP,2,5.72
026-8009754-2497907,WX-L5UA-UB1Q,GBP,1,1.72
026-8012831-9908333,VL-48KZ-J3F2,GBP,1,1.06
026-8017166-2936342,WX-L5UA-UB1Q,GBP,1,1.72
026-8021336-0369106,DC-K5WH-R7F5,GBP,2,1.36
026-8028816-0518704,RZ-6ZL9-CZ7J,GBP,1,2.42
026-8041691-2982727,6V-EEC1-2S9Z,GBP,1,2.25
026-8068477-4618731,WX-L5UA-UB1Q,GBP,1,1.72
026-8070484-2897147,MW-9K5M-VKW8,GBP,1,13.65
026-8071022-9208355,VF-3T0K-DR5O,GBP,1,2.05
026-8083681-8860331,6V-EEC1-2S9Z,GBP,1,2.25
026-8084058-3951552,D7-MGBX-RX2P,GBP,1,2.43
026-8100718-7731569,A2-T2AC-TW3L,GBP,1,4.51
026-8104747-6816319,WX-L5UA-UB1Q,GBP,1,1.72
026-8105090-6217904,Z3-ORV9-K8XD,GBP,1,6.56
026-8111877-1058724,XY-UM2X-TPS3,GBP,1,4.57
026-8126879-2899553,A2-T2AC-TW3L,GBP,1,4.51
026-8127463-3900324,EV-CHU5-XU3G,GBP,1,2.73
026-8144382-5161150,A2-T2AC-TW3L,GBP,1,4.51
026-8147161-0563557,JB-RGB6-LZOJ,GBP,1,2.47
026-8190352-4117924,6V-EEC1-2S9Z,GBP,1,2.25
026-8191974-8021930,6V-EEC1-2S9Z,GBP,1,2.25
026-8212439-7320334,SU-JM8R-2U82,GBP,1,6.95
026-8223086-4808317,6V-EEC1-2S9Z,GBP,1,2.25
026-8237547-7887557,6V-EEC1-2S9Z,GBP,5,11.25
026-8245509-7346722,XH-0LAE-FQO5,GBP,1,2.9
026-8248197-7912368,DC-K5WH-R7F5,GBP,2,1.36
026-8248693-5973925,AX-NKNU-29C1,GBP,2,1.22
026-8254002-0401144,AF-KIHX-ANYY,GBP,1,0.84
026-8267862-9941166,2G-AYBQ-TUQG,GBP,1,8.27
026-8283807-8201131,6V-EEC1-2S9Z,GBP,1,2.25
026-8292995-9641111,6V-EEC1-2S9Z,GBP,1,2.25
026-8317594-4529166,A2-T2AC-TW3L,GBP,1,4.51
026-8321610-4222758,XH-0LAE-FQO5,GBP,1,2.9
026-8340003-1909913,EE-KTDC-KCFY,GBP,1,3.46
026-8346062-8108362,SQ-7QYT-5D5B,GBP,1,1.5
026-8346722-1691510,R4-0AXZ-ZZ9D,GBP,1,4.85
026-8354002-2019564,6V-EEC1-2S9Z,GBP,1,2.25
026-8354324-1059531,SU-5LQH-2DVN,GBP,2,4.38
026-8360805-9772356,RW-AZK6-O4M2,GBP,2,1.04
026-8369992-0703542,VL-48KZ-J3F2,GBP,2,2.12
026-8374386-1666754,6V-EEC1-2S9Z,GBP,1,2.25
026-8380655-2571508,6V-EEC1-2S9Z,GBP,1,2.25
026-8388525-7438747,A2-T2AC-TW3L,GBP,2,9.02
026-8388872-2886744,Z3-ORV9-K8XD,GBP,1,6.56
026-8401066-1326712,SU-5LQH-2DVN,GBP,1,2.19
026-8402300-0326747,6V-EEC1-2S9Z,GBP,1,2.25
026-8413011-0490719,3T-6QPR-E2MV,GBP,1,4.65
026-8422105-4305169,A2-T2AC-TW3L,GBP,1,4.51
026-8440480-6373929,WX-L5UA-UB1Q,GBP,1,1.72
026-8459200-0686719,WX-L5UA-UB1Q,GBP,1,1.72
026-8465677-7592327,WX-L5UA-UB1Q,GBP,1,1.72
026-8466505-0736313,DC-K5WH-R7F5,GBP,1,0.68
026-8466582-4081150,WX-L5UA-UB1Q,GBP,1,1.72
026-8466814-5874764,WX-L5UA-UB1Q,GBP,1,1.72
026-8466930-0174730,G8-L8EI-INMK,GBP,1,1.12
026-8506032-9662742,6V-EEC1-2S9Z,GBP,1,2.25
026-8509770-4616326,WX-L5UA-UB1Q,GBP,1,1.72
026-8512434-8597907,XE-YPAI-HX9F,GBP,1,4.58
026-8512601-2863541,A2-T2AC-TW3L,GBP,1,4.51
026-8517486-1649951,I2-6YKQ-CIBP,GBP,1,3.96
026-8519613-5606766,A2-T2AC-TW3L,GBP,1,4.51
026-8519685-0817936,VU-8KRA-QP5M,GBP,1,4.32
026-8523579-4026759,6V-EEC1-2S9Z,GBP,1,2.25
026-8526957-0535500,6V-EEC1-2S9Z,GBP,1,2.25
026-8527235-3894724,WX-L5UA-UB1Q,GBP,1,1.72
026-8531358-2838716,C6-XGZB-J6QA,GBP,3,8.25
026-8537200-5484342,A2-T2AC-TW3L,GBP,1,4.51
026-8538133-7654731,A2-T2AC-TW3L,GBP,1,4.51
026-8563039-1840362,Z7-26PV-O9LR,GBP,1,4.44
026-8567303-6029155,XH-0LAE-FQO5,GBP,1,2.9
026-8568656-4065907,6V-EEC1-2S9Z,GBP,1,2.25
026-8573548-6670717,NN-TSZ1-X2RD,GBP,1,3.49
026-8573775-4654734,I2-6YKQ-CIBP,GBP,1,3.57
026-8575691-1107565,VF-3T0K-DR5O,GBP,1,2.05
026-8591919-1236338,6V-EEC1-2S9Z,GBP,1,2.25
026-8599673-1789135,GA-9DTN-9O1E,GBP,1,18.18
026-8627314-0608317,WX-L5UA-UB1Q,GBP,1,1.72
026-8630322-8608366,6V-EEC1-2S9Z,GBP,1,2.1
026-8655184-9891535,7L-OT45-7LYB,GBP,2,2.32
026-8656058-3931556,WX-L5UA-UB1Q,GBP,1,1.72
026-8662747-0836305,A2-T2AC-TW3L,GBP,1,4.51
026-8699413-1552362,A2-T2AC-TW3L,GBP,1,4.51
026-8707599-5545918,VL-48KZ-J3F2,GBP,1,1.06
026-8716712-1582724,A2-T2AC-TW3L,GBP,1,4.51
026-8728919-4929941,WX-L5UA-UB1Q,GBP,1,1.72
026-8732822-1329903,R7-98IN-2PW8,GBP,1,2.5
026-8734239-0201931,TU-8I14-25ZR,GBP,1,12.67
026-8741500-3853120,WX-L5UA-UB1Q,GBP,1,1.72
026-8748340-3704368,A2-T2AC-TW3L,GBP,1,4.51
026-8750990-7971541,6V-EEC1-2S9Z,GBP,1,2.25
026-8752908-6529115,LR-7GM6-1RCH,GBP,1,23.25
026-8762271-3339530,6V-EEC1-2S9Z,GBP,1,2.25
026-8767053-4668369,A2-T2AC-TW3L,GBP,3,13.53
026-8772352-4054745,XE-YPAI-HX9F,GBP,1,4.7
026-8772991-6070755,6V-EEC1-2S9Z,GBP,1,2.25
026-8782544-3765116,SR-6OBB-WC03,GBP,1,2.86
026-8809526-3116330,VF-3T0K-DR5O,GBP,1,2.05
026-8814373-3239511,6V-EEC1-2S9Z,GBP,1,2.25
026-8822977-9282711,A2-T2AC-TW3L,GBP,1,4.51
026-8826262-4944321,VF-3T0K-DR5O,GBP,1,2.05
026-8841096-9739520,WX-L5UA-UB1Q,GBP,1,1.72
026-8854156-9804336,6V-EEC1-2S9Z,GBP,1,2.25
026-8873681-5865108,A2-T2AC-TW3L,GBP,1,4.51
026-8887771-8761901,TU-8I14-25ZR,GBP,1,12.67
026-8896198-9957956,6V-EEC1-2S9Z,GBP,1,2.25
026-8917195-9594715,D7-MGBX-RX2P,GBP,1,2.43
026-8918277-8649916,WX-L5UA-UB1Q,GBP,1,1.72
026-8919267-6927553,TK-E7QE-T40G,GBP,1,3.8
026-8921208-3101905,EV-CHU5-XU3G,GBP,1,2.73
026-8933633-2485104,6V-EEC1-2S9Z,GBP,1,2.25
026-8940764-6052369,N7-A24N-WJA7,GBP,1,3.01
026-8945272-2413105,6V-EEC1-2S9Z,GBP,1,2.25
026-8947721-8170716,SQ-7QYT-5D5B,GBP,1,1.5
026-8948289-8973960,XH-0LAE-FQO5,GBP,1,2.9
026-8952170-8117906,R7-98IN-2PW8,GBP,1,2.5
026-8977658-9081155,6P-IWYA-X18B,GBP,1,4.31
026-8977658-9081155,9X-7TBD-NA16,GBP,1,1.99
026-8993254-5737114,6P-IWYA-X18B,GBP,1,4.31
026-9008466-0447512,DC-K5WH-R7F5,GBP,1,0.68
026-9018162-0442758,DC-K5WH-R7F5,GBP,1,0.68
026-9034570-9089939,Z3-ORV9-K8XD,GBP,1,6.56
026-9038049-7127538,A2-T2AC-TW3L,GBP,1,4.51
026-9046153-8584367,6V-EEC1-2S9Z,GBP,1,2.25
026-9046715-8227505,Z7-26PV-O9LR,GBP,1,4.44
026-9052243-5667512,VF-3T0K-DR5O,GBP,1,2.05
026-9059396-5903524,WX-L5UA-UB1Q,GBP,1,1.72
026-9061650-0105932,7L-OT45-7LYB,GBP,1,1.16
026-9068548-8608339,D7-MGBX-RX2P,GBP,1,2.43
026-9072414-5044353,A2-T2AC-TW3L,GBP,1,4.51
026-9075422-5224319,6V-EEC1-2S9Z,GBP,1,2.25
026-9086961-8904334,6V-EEC1-2S9Z,GBP,2,4.5
026-9109072-3652341,8U-QPFH-3EKQ,GBP,1,2.93
026-9113010-6365925,AF-KIHX-ANYY,GBP,1,0.84
026-9122755-0101120,C6-XGZB-J6QA,GBP,1,2.75
026-9131119-6319532,H4-86XG-NLX6,GBP,1,3.25
026-9133353-8504321,XH-0LAE-FQO5,GBP,1,2.9
026-9151933-9845900,8L-INBX-OUTU,GBP,1,2.49
026-9155397-2770767,6V-EEC1-2S9Z,GBP,1,2.25
026-9156499-9619560,Z7-26PV-O9LR,GBP,1,4.44
026-9156581-9537959,WX-L5UA-UB1Q,GBP,1,1.72
026-9170515-4545913,WX-L5UA-UB1Q,GBP,1,1.72
026-9171680-9940302,6V-EEC1-2S9Z,GBP,2,4.5
026-9200712-0923569,6V-EEC1-2S9Z,GBP,1,2.25
026-9207042-7611569,T8-6UWL-I3E1,GBP,1,1.48
026-9209602-7295538,A2-T2AC-TW3L,GBP,1,4.51
026-9223909-6953921,6V-EEC1-2S9Z,GBP,1,2.25
026-9237302-7183523,EV-CHU5-XU3G,GBP,1,2.73
026-9253711-5070740,R7-98IN-2PW8,GBP,1,2.5
026-9258037-5149159,6V-EEC1-2S9Z,GBP,1,2.25
026-9278754-0061117,6V-EEC1-2S9Z,GBP,1,2.25
026-9281922-8032348,VF-3T0K-DR5O,GBP,1,2.05
026-9308983-3354725,6V-EEC1-2S9Z,GBP,2,4.5
026-9330039-5721963,WX-L5UA-UB1Q,GBP,1,1.72
026-9350275-4001923,6V-EEC1-2S9Z,GBP,1,2.25
026-9386456-2357966,A2-T2AC-TW3L,GBP,1,4.51
026-9389789-8236332,6V-EEC1-2S9Z,GBP,1,2.25
026-9393020-5089962,8R-E0Y9-0LAU,GBP,1,38.1
026-9393414-9414751,3T-6QPR-E2MV,GBP,1,4.65
026-9401522-3965114,DC-K5WH-R7F5,GBP,1,0.68
026-9410072-6641143,6V-EEC1-2S9Z,GBP,1,2.25
026-9413955-7311551,WX-L5UA-UB1Q,GBP,1,1.72
026-9424504-4957967,3X-EXDD-TD2K,GBP,1,20.51
026-9453524-3430767,WX-L5UA-UB1Q,GBP,1,1.72
026-9454869-4616321,F7-PMJ2-SG6A,GBP,3,8.100000000000001
026-9470678-3820357,DC-K5WH-R7F5,GBP,1,0.68
026-9472740-9019519,6V-EEC1-2S9Z,GBP,1,2.25
026-9501386-1213940,6V-EEC1-2S9Z,GBP,1,2.25
026-9508605-5701903,A2-T2AC-TW3L,GBP,1,4.51
026-9516034-9744358,6V-EEC1-2S9Z,GBP,1,2.25
026-9531169-9751567,A2-T2AC-TW3L,GBP,1,4.51
026-9535750-5799511,6V-EEC1-2S9Z,GBP,1,2.25
026-9557495-0719537,RW-AZK6-O4M2,GBP,1,0.52
026-9564774-0263501,EV-CHU5-XU3G,GBP,1,2.73
026-9574010-4865156,714776,GBP,1,1.21
026-9600633-1086761,A2-T2AC-TW3L,GBP,1,4.51
026-9612992-1390769,EE-KTDC-KCFY,GBP,1,3.46
026-9615967-9855504,Z3-ORV9-K8XD,GBP,1,6.56
026-9621573-1979528,A2-T2AC-TW3L,GBP,1,4.51
026-9624069-0990712,XH-0LAE-FQO5,GBP,1,2.9
026-9626066-0009928,U1-M5BM-8F5W,GBP,1,13.0
026-9641502-1336366,TJ-6LOP-OPEU,GBP,1,2.19
026-9651206-5672353,NN-TSZ1-X2RD,GBP,1,3.99
026-9663680-6564327,A2-T2AC-TW3L,GBP,1,4.51
026-9668422-3436334,8M-LM6B-F2Q5,GBP,1,1.57
026-9695928-3681113,3B-3H3V-Z93T,GBP,1,1.6
026-9701239-7846751,AF-KIHX-ANYY,GBP,1,0.84
026-9702926-0626719,3X-EXDD-TD2K,GBP,1,20.51
026-9728602-7755500,DC-K5WH-R7F5,GBP,1,0.68
026-9739263-6607524,6V-EEC1-2S9Z,GBP,1,2.25
026-9743976-7099516,NN-TSZ1-X2RD,GBP,2,7.58
026-9750924-1600353,6V-EEC1-2S9Z,GBP,1,2.25
026-9754881-5653902,D7-MGBX-RX2P,GBP,1,2.43
026-9757160-2517145,A2-T2AC-TW3L,GBP,1,4.51
026-9762495-0064333,6V-EEC1-2S9Z,GBP,1,2.25
026-9764846-9857101,WX-L5UA-UB1Q,GBP,1,1.72
026-9768498-2872319,0H-5V53-GPG4,GBP,1,4.85
026-9776955-5464356,EV-CHU5-XU3G,GBP,1,2.73
026-9783574-8480302,VU-8KRA-QP5M,GBP,1,4.32
026-9789900-1439567,WX-L5UA-UB1Q,GBP,1,1.72
026-9820658-8085960,6V-EEC1-2S9Z,GBP,1,2.25
026-9822872-1370764,T8-6UWL-I3E1,GBP,1,1.48
026-9829051-2753115,WX-L5UA-UB1Q,GBP,1,1.72
026-9837891-7186719,9X-7TBD-NA16,GBP,1,1.99
026-9843249-5966717,6V-EEC1-2S9Z,GBP,1,2.25
026-9844582-0907558,Z9-FBUQ-EZN3,GBP,1,2.89
026-9857890-4179550,A2-T2AC-TW3L,GBP,1,4.51
026-9868447-2998710,SR-6OBB-WC03,GBP,2,5.72
026-9870719-6254737,A2-T2AC-TW3L,GBP,1,4.29
026-9876298-2805915,6V-EEC1-2S9Z,GBP,1,2.25
026-9882129-7735520,WX-L5UA-UB1Q,GBP,1,1.72
026-9885982-5374707,EE-KTDC-KCFY,GBP,1,3.46
026-9888874-1149957,RZ-6ZL9-CZ7J,GBP,1,2.42
026-9925000-6521105,A2-T2AC-TW3L,GBP,1,4.51
026-9933737-7054713,6V-EEC1-2S9Z,GBP,1,2.25
026-9935814-5079508,6V-EEC1-2S9Z,GBP,1,2.25
026-9935971-1303554,6V-EEC1-2S9Z,GBP,1,2.25
026-9940683-5429925,0H-5V53-GPG4,GBP,1,4.85
026-9972293-0135566,6V-EEC1-2S9Z,GBP,1,2.25
026-9975872-4494769,A2-T2AC-TW3L,GBP,1,4.51
026-9984771-7643508,Z7-26PV-O9LR,GBP,1,4.44
026-9990061-3649932,DC-K5WH-R7F5,GBP,1,0.63
171-0379252-9137169,TU-8I14-25ZR,GBP,1,12.67
171-0711930-4705935,L5-PF3B-WHU4,GBP,1,17.5
171-1008668-0181127,Z3-ORV9-K8XD,GBP,1,6.56
171-1394689-4796324,Z3-ORV9-K8XD,GBP,1,6.56
171-1830803-9605158,SR-6OBB-WC03,GBP,4,11.44
171-3179836-0069160,CJ-X0SS-QOUW,GBP,1,4.16
171-4052844-8767537,TU-8I14-25ZR,GBP,1,12.67
171-4156688-4630732,4W-VS57-BV6A,GBP,1,18.5
171-4317183-9003554,3T-6QPR-E2MV,GBP,1,4.65
171-4438002-6945905,3B-3H3V-Z93T,GBP,1,1.6
171-4696512-5684335,7L-OT45-7LYB,GBP,1,1.16
171-6761932-8864308,L5-PF3B-WHU4,GBP,2,35.0
171-6942685-3424315,TU-8I14-25ZR,GBP,1,12.67
171-7058771-8651521,NN-TSZ1-X2RD,GBP,1,3.49
171-7276255-7680325,R7-98IN-2PW8,GBP,1,2.5
171-7732786-4735561,R7-98IN-2PW8,GBP,1,2.5
171-8464224-9726709,Z3-ORV9-K8XD,GBP,1,6.56
171-9089441-7027531,CJ-X0SS-QOUW,GBP,1,4.16
171-9898006-6987528,Z3-ORV9-K8XD,GBP,1,6.56
202-0016240-3854706,Z7-26PV-O9LR,GBP,1,4.44
202-0033880-5881103,L3-ZQ8U-A7LQ,GBP,1,3.7
202-0039665-7421126,VF-3T0K-DR5O,GBP,2,4.1
202-0040485-5751521,DC-K5WH-R7F5,GBP,1,0.68
202-0054219-2985101,A2-T2AC-TW3L,GBP,1,4.51
202-0065201-8042743,L3-ZQ8U-A7LQ,GBP,1,3.4
202-0075827-7814755,XH-0LAE-FQO5,GBP,1,2.9
202-0096406-9512316,WX-L5UA-UB1Q,GBP,1,1.72
202-0097675-6388311,3T-6QPR-E2MV,GBP,1,4.65
202-0100069-1438779,WX-L5UA-UB1Q,GBP,1,1.72
202-0106726-1825134,6V-EEC1-2S9Z,GBP,1,2.25
202-0126788-8241167,MW-9K5M-VKW8,GBP,1,13.65
202-0129482-4903538,XH-0LAE-FQO5,GBP,1,2.9
202-0129803-7745971,Z3-ORV9-K8XD,GBP,1,6.56
202-0132626-3168333,WX-L5UA-UB1Q,GBP,1,1.72
202-0147802-7394730,714776,GBP,1,1.21
202-0163562-6882721,Z7-26PV-O9LR,GBP,1,4.44
202-0168530-3065932,DO-QDI1-K7R9,GBP,1,20.07
202-0184193-9084300,D2-8SPY-Q095,GBP,1,2.42
202-0190550-7798725,A2-T2AC-TW3L,GBP,2,9.02
202-0202661-0945113,6V-EEC1-2S9Z,GBP,1,2.25
202-0204714-9885928,WX-L5UA-UB1Q,GBP,4,6.88
202-0205226-7964341,6V-EEC1-2S9Z,GBP,1,2.25
202-0226309-3706756,5M-QO6K-LNH0,GBP,1,2.36
202-0234313-2370743,EV-CHU5-XU3G,GBP,1,2.73
202-0238929-0073922,NN-TSZ1-X2RD,GBP,1,3.99
202-0241751-4717923,6V-EEC1-2S9Z,GBP,1,2.25
202-0254015-9324314,XH-0LAE-FQO5,GBP,1,2.9
202-0260740-5948307,6V-EEC1-2S9Z,GBP,1,2.25
202-0282856-0530725,DC-K5WH-R7F5,GBP,1,0.68
202-0288658-2946769,WX-L5UA-UB1Q,GBP,1,1.72
202-0289114-7566715,EV-CHU5-XU3G,GBP,1,2.73
202-0290001-6700305,WX-L5UA-UB1Q,GBP,1,1.72
202-0295551-2025962,WX-L5UA-UB1Q,GBP,1,1.72
202-0295789-6275548,L3-ZQ8U-A7LQ,GBP,4,14.8
202-0303963-3969979,MW-9K5M-VKW8,GBP,1,13.65
202-0316846-4033959,Z7-26PV-O9LR,GBP,1,4.44
202-0317895-5938767,EV-CHU5-XU3G,GBP,1,2.73
202-0335617-3232328,DC-K5WH-R7F5,GBP,1,0.68
202-0336660-5815506,A2-T2AC-TW3L,GBP,1,4.51
202-0341161-2406773,A2-T2AC-TW3L,GBP,1,4.51
202-0349840-8017129,WX-L5UA-UB1Q,GBP,1,1.72
202-0351223-8582773,WX-L5UA-UB1Q,GBP,1,1.72
202-0356681-3233972,D2-8SPY-Q095,GBP,1,2.42
202-0358738-5885946,WX-L5UA-UB1Q,GBP,1,1.72
202-0379101-7113908,Z3-ORV9-K8XD,GBP,1,6.56
202-0397344-2249934,6V-EEC1-2S9Z,GBP,1,2.25
202-0410695-5911547,WX-L5UA-UB1Q,GBP,1,1.72
202-0415637-6833132,WX-L5UA-UB1Q,GBP,1,1.72
202-0420842-3026719,MW-9K5M-VKW8,GBP,1,13.65
202-0420932-1560321,6V-EEC1-2S9Z,GBP,1,2.25
202-0424507-8449909,WX-L5UA-UB1Q,GBP,1,1.72
202-0437837-5168327,MW-9K5M-VKW8,GBP,1,13.65
202-0441217-6861935,VF-3T0K-DR5O,GBP,1,2.05
202-0442390-4612354,6V-EEC1-2S9Z,GBP,1,2.25
202-0447171-1580356,SR-6OBB-WC03,GBP,1,2.86
202-0452015-7002752,Z7-26PV-O9LR,GBP,2,8.88
202-0460564-6069941,A2-T2AC-TW3L,GBP,1,4.51
202-0466631-1941147,DC-K5WH-R7F5,GBP,1,0.68
202-0473445-9177921,WX-L5UA-UB1Q,GBP,1,1.72
202-0498876-4888320,A2-T2AC-TW3L,GBP,1,4.51
202-0499191-3056357,L3-ZQ8U-A7LQ,GBP,1,3.4
202-0505749-4836326,I2-6YKQ-CIBP,GBP,1,3.96
202-0506165-0389931,A2-T2AC-TW3L,GBP,4,18.04
202-0510323-9242732,A2-T2AC-TW3L,GBP,1,4.51
202-0512178-4616317,49-4UKW-G81R,GBP,1,3.04
202-0522451-9962705,Z7-26PV-O9LR,GBP,1,4.44
202-0532766-0353958,VF-3T0K-DR5O,GBP,1,2.05
202-0533810-0716356,6V-EEC1-2S9Z,GBP,1,2.25
202-0536081-2855504,7M-48OU-23X3,GBP,1,7.59
202-0536725-2848338,NN-TSZ1-X2RD,GBP,1,3.79
202-0554564-4473936,6V-EEC1-2S9Z,GBP,1,2.25
202-0554794-1946731,6V-EEC1-2S9Z,GBP,1,2.25
202-0565026-4493946,0H-5V53-GPG4,GBP,1,4.85
202-0570674-8080338,X7-MY4W-H2I4,GBP,1,2.28
202-0585506-8850704,6V-EEC1-2S9Z,GBP,1,2.25
202-0589519-2052306,WX-L5UA-UB1Q,GBP,1,1.72
202-0593935-1365909,JL-VTP2-JF3Q,GBP,1,6.95
202-0594382-1057957,Z7-26PV-O9LR,GBP,1,4.44
202-0595242-1140303,XE-YPAI-HX9F,GBP,1,4.58
202-0600211-4479531,AF-KIHX-ANYY,GBP,1,0.84
202-0618995-8908365,D7-MGBX-RX2P,GBP,1,2.43
202-0620580-5579502,6V-EEC1-2S9Z,GBP,1,2.25
202-0631294-3301942,VU-8KRA-QP5M,GBP,1,4.32
202-0642968-3073962,6V-EEC1-2S9Z,GBP,1,2.25
202-0643700-3884342,6V-EEC1-2S9Z,GBP,1,2.25
202-0650776-4561916,EV-CHU5-XU3G,GBP,1,2.73
202-0653866-8191505,D2-8SPY-Q095,GBP,1,2.42
202-0659567-4217129,A2-T2AC-TW3L,GBP,1,4.51
202-0683927-2924362,A2-T2AC-TW3L,GBP,1,4.51
202-0693120-1521127,BQ-O3OI-FTJU,GBP,1,6.5
202-0702637-1577955,DC-K5WH-R7F5,GBP,1,0.68
202-0704749-1637148,TU-8I14-25ZR,GBP,1,12.67
202-0705573-8158759,CX-SMCH-4DYA,GBP,1,3.95
202-0738953-0647562,FBA15K3QTGNT_unexpected_item_01,GBP,1,1.66
202-0740286-4218767,WX-L5UA-UB1Q,GBP,1,1.72
202-0753513-1708348,WX-L5UA-UB1Q,GBP,1,1.72
202-0758920-0676351,SU-5LQH-2DVN,GBP,1,2.19
202-0761583-5266767,L1-54EX-56YC,GBP,1,5.35
202-0777669-0857968,WX-L5UA-UB1Q,GBP,1,1.72
202-0796253-3655564,6V-EEC1-2S9Z,GBP,1,2.25
202-0804720-4533103,DC-K5WH-R7F5,GBP,1,0.68
202-0811035-8160343,EV-CHU5-XU3G,GBP,1,2.73
202-0812725-6964365,DC-K5WH-R7F5,GBP,1,0.68
202-0831272-8343526,NN-TSZ1-X2RD,GBP,1,3.49
202-0841555-5988369,F7-PMJ2-SG6A,GBP,1,2.7
202-0856882-1893127,A2-T2AC-TW3L,GBP,1,4.51
202-0915176-7729957,6V-EEC1-2S9Z,GBP,1,2.25
202-0918722-8209144,A2-T2AC-TW3L,GBP,1,4.51
202-0925203-8481145,A2-T2AC-TW3L,GBP,1,4.51
202-0926884-1261969,6V-EEC1-2S9Z,GBP,2,4.5
202-0942156-4826739,AX-NKNU-29C1,GBP,1,0.61
202-0948938-2745161,A2-T2AC-TW3L,GBP,1,4.51
202-0956426-0424309,A2-T2AC-TW3L,GBP,1,4.51
202-0985017-4658711,0H-5V53-GPG4,GBP,1,4.85
202-0987996-1052357,6V-EEC1-2S9Z,GBP,1,2.25
202-0997382-0039558,XH-0LAE-FQO5,GBP,1,2.9
202-1003931-1371555,D7-MGBX-RX2P,GBP,1,2.43
202-1007740-7762768,SU-5LQH-2DVN,GBP,1,2.19
202-1013222-4798701,SR-6OBB-WC03,GBP,1,2.86
202-1014380-3385943,TU-8I14-25ZR,GBP,1,12.67
202-1036715-1622727,VF-3T0K-DR5O,GBP,2,4.1
202-1046241-3720311,Z3-ORV9-K8XD,GBP,1,6.56
202-1046262-6319507,NN-TSZ1-X2RD,GBP,4,15.16
202-1061214-6074721,TU-8I14-25ZR,GBP,1,12.67
202-1064174-1956310,F7-PMJ2-SG6A,GBP,1,2.7
202-1070640-9468313,EV-CHU5-XU3G,GBP,1,2.73
202-1073634-1959524,6V-EEC1-2S9Z,GBP,1,2.25
202-1074363-6024329,8R-E0Y9-0LAU,GBP,8,277.2
202-1084294-2492362,VF-3T0K-DR5O,GBP,1,2.05
202-1094104-0610719,WX-L5UA-UB1Q,GBP,1,1.72
202-1099429-4504314,6V-EEC1-2S9Z,GBP,1,2.25
202-1108820-1788353,VU-8KRA-QP5M,GBP,2,8.64
202-1118868-5166704,A2-T2AC-TW3L,GBP,1,4.51
202-1152518-3999557,WX-L5UA-UB1Q,GBP,1,1.72
202-1153414-1961118,A2-T2AC-TW3L,GBP,1,4.51
202-1182693-7792337,WX-L5UA-UB1Q,GBP,1,1.72
202-1188523-3409167,F7-PMJ2-SG6A,GBP,2,5.4
202-1191826-1906742,PE-G94Y-4PYO,GBP,1,2.86
202-1192130-8818716,6V-EEC1-2S9Z,GBP,1,2.25
202-1196656-0761142,WX-L5UA-UB1Q,GBP,1,1.72
202-1203841-5325967,R7-98IN-2PW8,GBP,1,2.5
202-1211434-2748312,NN-TSZ1-X2RD,GBP,2,7.58
202-1216514-0939516,6V-EEC1-2S9Z,GBP,1,2.25
202-1218168-3369936,6V-EEC1-2S9Z,GBP,1,2.25
202-1234920-3622749,6V-EEC1-2S9Z,GBP,1,2.25
202-1242106-3713121,Z7-26PV-O9LR,GBP,1,4.44
202-1242514-9196310,8R-E0Y9-0LAU,GBP,1,34.65
202-1271030-6542753,A2-T2AC-TW3L,GBP,1,4.51
202-1277330-5586715,Z3-ORV9-K8XD,GBP,1,6.56
202-1278780-1593163,DC-K5WH-R7F5,GBP,2,1.36
202-1298085-1918722,WX-L5UA-UB1Q,GBP,1,1.72
202-1319171-1181165,WX-L5UA-UB1Q,GBP,2,3.44
202-1331111-2535563,SR-6OBB-WC03,GBP,1,2.86
202-1338134-2669924,6V-EEC1-2S9Z,GBP,1,2.25
202-1339192-0567568,Z7-26PV-O9LR,GBP,1,4.44
202-1341691-0645142,6V-EEC1-2S9Z,GBP,1,2.25
202-1343196-7154766,DC-K5WH-R7F5,GBP,1,0.68
202-1348829-2481929,6V-EEC1-2S9Z,GBP,1,2.25
202-1359206-0951560,6V-EEC1-2S9Z,GBP,1,2.25
202-1364859-4177136,6V-EEC1-2S9Z,GBP,2,4.5
202-1367591-2927562,NN-TSZ1-X2RD,GBP,1,3.79
202-1371500-8857956,6V-EEC1-2S9Z,GBP,1,2.25
202-1374924-7283540,A2-T2AC-TW3L,GBP,1,4.51
202-1385688-2649146,WX-L5UA-UB1Q,GBP,1,1.72
202-1386711-3716302,6V-EEC1-2S9Z,GBP,1,2.25
202-1408352-6400333,A2-T2AC-TW3L,GBP,1,4.51
202-1419261-2497921,3B-3H3V-Z93T,GBP,1,1.6
202-1423804-0412333,EV-CHU5-XU3G,GBP,1,2.73
202-1433529-3973104,Z3-ORV9-K8XD,GBP,1,6.56
202-1445594-0329123,0G-JB6S-PN34,GBP,1,2.74
202-1462677-8649910,CX-SMCH-4DYA,GBP,1,3.95
202-1466415-4369958,SU-5LQH-2DVN,GBP,1,2.19
202-1492243-0556342,EE-KTDC-KCFY,GBP,1,3.46
202-1494126-0108344,TU-8I14-25ZR,GBP,1,12.67
202-1494268-8127556,6V-EEC1-2S9Z,GBP,1,2.25
202-1495895-3331558,VF-3T0K-DR5O,GBP,5,10.25
202-1496545-2486748,DC-K5WH-R7F5,GBP,2,1.36
202-1498605-0246751,VF-3T0K-DR5O,GBP,1,2.05
202-1505016-7965966,WX-L5UA-UB1Q,GBP,1,1.72
202-1515594-4062722,WX-L5UA-UB1Q,GBP,1,1.72
202-1518160-7285947,DC-K5WH-R7F5,GBP,1,0.68
202-1528643-5556310,JB-RGB6-LZOJ,GBP,1,2.47
202-1536101-3769111,NN-TSZ1-X2RD,GBP,2,7.98
202-1541862-4187557,NN-TSZ1-X2RD,GBP,2,7.98
202-1545524-2892317,JH-97NP-GJDG,GBP,1,0.78
202-1547451-8504365,H4-86XG-NLX6,GBP,1,3.25
202-1552504-6266756,WX-L5UA-UB1Q,GBP,1,1.72
202-1552610-8823552,XH-0LAE-FQO5,GBP,1,2.9
202-1564620-5550728,WX-L5UA-UB1Q,GBP,1,1.72
202-1567057-4966739,C6-XGZB-J6QA,GBP,1,2.75
202-1569333-5393954,BL-WX51-KQOK,GBP,1,3.4
202-1571401-1552357,6V-EEC1-2S9Z,GBP,1,2.25
202-1577817-5737137,6V-EEC1-2S9Z,GBP,1,2.25
202-1590223-5641930,D0-C7C0-H6LN,GBP,1,2.74
202-1591561-4797909,WX-L5UA-UB1Q,GBP,1,1.72
202-1592256-4829104,6V-EEC1-2S9Z,GBP,2,4.5
202-1609286-6938722,6P-IWYA-X18B,GBP,2,8.62
202-1610742-0049933,A2-T2AC-TW3L,GBP,1,4.51
202-1617708-6656369,6V-EEC1-2S9Z,GBP,1,2.25
202-1625551-8341933,AX-NKNU-29C1,GBP,6,3.66
202-1629355-6337159,6V-EEC1-2S9Z,GBP,1,2.25
202-1636609-8178705,XH-0LAE-FQO5,GBP,1,2.9
202-1638024-1644346,WX-L5UA-UB1Q,GBP,1,1.72
202-1638647-7553965,WX-L5UA-UB1Q,GBP,1,1.72
202-1641725-8110715,6V-EEC1-2S9Z,GBP,1,2.25
202-1654508-8058754,6V-EEC1-2S9Z,GBP,1,2.25
202-1657202-2677966,49-4UKW-G81R,GBP,1,3.04
202-1657202-2677966,4F-HT42-FD26,GBP,1,3.38
202-1659458-9141900,R7-98IN-2PW8,GBP,1,2.5
202-1669017-0865113,8R-E0Y9-0LAU,GBP,1,34.65
202-1682054-4702715,SQ-7QYT-5D5B,GBP,1,1.5
202-1693352-5939563,6V-EEC1-2S9Z,GBP,1,2.25
202-1706121-1036339,NN-TSZ1-X2RD,GBP,1,3.79
202-1710558-2853952,Z3-ORV9-K8XD,GBP,1,6.56
202-1712276-1581150,Z7-26PV-O9LR,GBP,1,4.44
202-1715806-1017961,WX-L5UA-UB1Q,GBP,1,1.72
202-1753766-9933911,DC-K5WH-R7F5,GBP,1,0.68
202-1764272-7422733,VF-3T0K-DR5O,GBP,1,2.05
202-1770840-6195543,WX-L5UA-UB1Q,GBP,1,1.72
202-1772928-5352348,6V-EEC1-2S9Z,GBP,1,2.25
202-1790870-3550768,A2-T2AC-TW3L,GBP,1,4.51
202-1792749-6339569,6V-EEC1-2S9Z,GBP,1,2.25
202-1800529-6894731,6V-EEC1-2S9Z,GBP,1,2.25
202-1807481-4468338,WX-L5UA-UB1Q,GBP,1,1.72
202-1812107-7640360,A2-T2AC-TW3L,GBP,1,4.51
202-1819023-4430769,WX-L5UA-UB1Q,GBP,1,1.72
202-1819662-2681912,Z3-ORV9-K8XD,GBP,1,6.56
202-1824054-3739507,6V-EEC1-2S9Z,GBP,1,2.25
202-1847239-8889133,7L-OT45-7LYB,GBP,1,1.16
202-1850505-9067501,WX-L5UA-UB1Q,GBP,1,1.72
202-1854630-5117908,XE-YPAI-HX9F,GBP,1,4.58
202-1857567-4401968,Z7-26PV-O9LR,GBP,1,4.44
202-1875938-0083536,XH-0LAE-FQO5,GBP,1,2.9
202-1880608-0670762,Z3-ORV9-K8XD,GBP,2,13.12
202-1889978-2529910,A2-T2AC-TW3L,GBP,1,4.51
202-1897564-7767561,0G-JB6S-PN34,GBP,1,2.74
202-1903292-2137133,DC-K5WH-R7F5,GBP,1,0.68
202-1907723-5150755,WX-L5UA-UB1Q,GBP,1,1.72
202-1908604-0278741,TU-8I14-25ZR,GBP,1,12.67
202-1919149-9506716,WX-L5UA-UB1Q,GBP,1,1.72
202-1937124-7328357,VF-3T0K-DR5O,GBP,1,2.05
202-1942650-6125905,6V-EEC1-2S9Z,GBP,1,2.25
202-1948112-0443524,VF-3T0K-DR5O,GBP,1,2.05
202-1970492-1445100,6V-EEC1-2S9Z,GBP,1,2.25
202-1978103-2734748,EV-CHU5-XU3G,GBP,1,2.73
202-1992250-8625106,6V-EEC1-2S9Z,GBP,1,2.25
202-2033545-5220340,WX-L5UA-UB1Q,GBP,1,1.84
202-2057047-5257146,XH-0LAE-FQO5,GBP,1,2.9
202-2060735-2754752,XH-0LAE-FQO5,GBP,1,2.9
202-2066967-7744304,6V-EEC1-2S9Z,GBP,1,2.1
202-2078539-0288357,PE-G94Y-4PYO,GBP,1,2.86
202-2101601-1221167,8R-E0Y9-0LAU,GBP,1,34.65
202-2115864-9597143,A2-T2AC-TW3L,GBP,1,4.51
202-2129703-1358763,6V-EEC1-2S9Z,GBP,1,2.25
202-2143388-2542702,WX-L5UA-UB1Q,GBP,1,1.72
202-2144619-6160320,Z3-ORV9-K8XD,GBP,1,6.56
202-2158890-7960345,L1-54EX-56YC,GBP,1,5.35
202-2165944-2722728,EV-CHU5-XU3G,GBP,1,2.73
202-2196159-2295562,6V-EEC1-2S9Z,GBP,2,4.5
202-2221147-7954734,81-3DY5-BFOR,GBP,1,7.64
202-2233574-2010748,D0-C7C0-H6LN,GBP,1,2.74
202-2261654-9449951,6V-EEC1-2S9Z,GBP,1,2.25
202-2273736-4065107,Z3-ORV9-K8XD,GBP,1,6.56
202-2277178-3605917,DC-K5WH-R7F5,GBP,1,0.68
202-2284349-1985166,SR-6OBB-WC03,GBP,1,2.86
202-2287206-3631500,Z3-ORV9-K8XD,GBP,1,6.56
202-2287283-0990722,F7-PMJ2-SG6A,GBP,3,8.100000000000001
202-2294229-6576346,H4-86XG-NLX6,GBP,1,3.25
202-2297067-0913966,6V-EEC1-2S9Z,GBP,1,2.25
202-2312691-8067549,VF-3T0K-DR5O,GBP,1,2.05
202-2325117-5319552,DC-K5WH-R7F5,GBP,1,0.68
202-2326186-5301124,6V-EEC1-2S9Z,GBP,1,2.25
202-2328071-5541929,Z3-ORV9-K8XD,GBP,1,6.56
202-2330181-0486759,EV-CHU5-XU3G,GBP,1,2.73
202-2344900-2087569,I2-6YKQ-CIBP,GBP,1,3.96
202-2350891-9966758,R7-98IN-2PW8,GBP,1,2.5
202-2351679-3557949,6V-EEC1-2S9Z,GBP,1,2.25
202-2354261-0275516,XH-0LAE-FQO5,GBP,2,5.8
202-2366137-4181162,6V-EEC1-2S9Z,GBP,1,2.25
202-2371212-2292305,VF-3T0K-DR5O,GBP,1,2.05
202-2376114-2188315,NN-TSZ1-X2RD,GBP,1,3.99
202-2398444-3024336,6V-EEC1-2S9Z,GBP,1,2.25
202-2401393-0549955,XH-0LAE-FQO5,GBP,1,2.9
202-2403781-2889131,IB-U5FA-BO2Y,GBP,1,20.51
202-2422856-6944300,KI-CR51-18J3,GBP,1,28.2
202-2424766-5253901,WX-L5UA-UB1Q,GBP,1,1.72
202-2425726-9882704,6V-EEC1-2S9Z,GBP,1,2.25
202-2431042-3365926,6V-EEC1-2S9Z,GBP,3,6.75
202-2448823-1989101,6V-EEC1-2S9Z,GBP,2,4.5
202-2451290-0731557,A2-T2AC-TW3L,GBP,1,4.51
202-2462722-1060340,VL-48KZ-J3F2,GBP,1,1.06
202-2468810-8058738,BB-ZT14-1QQA,GBP,1,3.19
202-2469264-9419566,8U-QPFH-3EKQ,GBP,1,2.93
202-2469865-5813139,NN-TSZ1-X2RD,GBP,1,3.99
202-2478489-5728323,VF-3T0K-DR5O,GBP,2,4.1
202-2483402-4374751,6V-EEC1-2S9Z,GBP,1,2.25
202-2501466-4249929,A2-T2AC-TW3L,GBP,1,4.51
202-2506903-7358762,6V-EEC1-2S9Z,GBP,2,4.5
202-2524440-1352349,HO-LSOY-8R05,GBP,1,17.4
202-2541652-6004358,6V-EEC1-2S9Z,GBP,1,2.25
202-2545495-7838713,DC-K5WH-R7F5,GBP,1,0.68
202-2551227-3227535,A2-T2AC-TW3L,GBP,1,4.51
202-2556675-1010749,Z7-26PV-O9LR,GBP,1,4.44
202-2573495-2128358,A2-T2AC-TW3L,GBP,1,4.51
202-2589580-5077921,A2-T2AC-TW3L,GBP,1,4.51
202-2591431-2897930,I2-6YKQ-CIBP,GBP,1,3.96
202-2602006-5370713,6V-EEC1-2S9Z,GBP,1,2.25
202-2602067-8077940,6V-EEC1-2S9Z,GBP,1,2.1
202-2608466-5242720,A2-T2AC-TW3L,GBP,1,4.51
202-2618856-7333905,JV-D1TI-6UF6,GBP,1,3.6
202-2618868-1761159,6V-EEC1-2S9Z,GBP,1,2.25
202-2621970-3528358,I2-6YKQ-CIBP,GBP,1,3.96
202-2628224-6813136,WX-L5UA-UB1Q,GBP,1,1.72
202-2667250-2009125,6V-EEC1-2S9Z,GBP,1,2.25
202-2681258-9723519,WX-L5UA-UB1Q,GBP,1,1.72
202-2684442-0636304,6V-EEC1-2S9Z,GBP,2,4.5
202-2685883-6793131,XH-0LAE-FQO5,GBP,1,2.9
202-2689206-5219547,49-4UKW-G81R,GBP,1,3.04
202-2707559-5892333,6V-EEC1-2S9Z,GBP,1,2.25
202-2718894-5470749,Z3-ORV9-K8XD,GBP,1,6.56
202-2721291-5212312,6V-EEC1-2S9Z,GBP,1,2.25
202-2742176-2105952,6V-EEC1-2S9Z,GBP,1,2.25
202-2748911-4073104,XH-0LAE-FQO5,GBP,1,2.9
202-2751717-4126729,WX-L5UA-UB1Q,GBP,4,6.88
202-2763504-3449965,WX-L5UA-UB1Q,GBP,1,1.72
202-2769351-9376308,WX-L5UA-UB1Q,GBP,1,1.72
202-2771830-6632317,VU-8KRA-QP5M,GBP,1,4.32
202-2776220-8113935,XE-YPAI-HX9F,GBP,1,4.58
202-2778659-1129949,6V-EEC1-2S9Z,GBP,1,2.25
202-2782002-0023539,WX-L5UA-UB1Q,GBP,1,1.72
202-2795563-1126711,DC-K5WH-R7F5,GBP,2,1.36
202-2798742-0622746,F7-PMJ2-SG6A,GBP,1,2.7
202-2802397-5500337,XY-UM2X-TPS3,GBP,1,4.57
202-2819770-7357104,8M-NHB7-T8TR,GBP,1,15.26
202-2824851-0321138,A2-T2AC-TW3L,GBP,3,13.53
202-2832573-1313917,T8-6UWL-I3E1,GBP,1,1.48
202-2851694-6317151,6V-EEC1-2S9Z,GBP,1,2.1
202-2858033-9019534,3T-6QPR-E2MV,GBP,1,4.65
202-2858479-4455561,H4-86XG-NLX6,GBP,1,3.25
202-2865081-7598768,XH-OMMJ-C7MT,GBP,1,2.45
202-2888794-5381960,WX-L5UA-UB1Q,GBP,1,1.72
202-2893254-6861925,BQ-O3OI-FTJU,GBP,1,6.5
202-2895807-0673145,A2-T2AC-TW3L,GBP,1,4.51
202-2899985-7507504,6V-EEC1-2S9Z,GBP,1,2.25
202-2900890-2453128,WX-L5UA-UB1Q,GBP,2,3.44
202-2910600-7945941,Z7-26PV-O9LR,GBP,1,4.44
202-2912156-6760368,SC-LYFM-ORXK,GBP,1,4.2
202-2916858-4009938,Z7-26PV-O9LR,GBP,1,4.44
202-2922635-6042761,RI-VSUS-0YTD,GBP,1,1.65
202-2935626-8041913,Z7-26PV-O9LR,GBP,1,4.44
202-2958692-1585136,DC-K5WH-R7F5,GBP,1,0.68
202-2972158-2501933,DC-K5WH-R7F5,GBP,1,0.68
202-2985111-5993950,DC-K5WH-R7F5,GBP,1,0.68
202-2995996-5073902,XH-0LAE-FQO5,GBP,2,5.8
202-3006102-9887557,EE-KTDC-KCFY,GBP,1,3.46
202-3028900-8829912,WX-L5UA-UB1Q,GBP,1,1.72
202-3032972-2525965,WX-L5UA-UB1Q,GBP,1,1.72
202-3035327-4943532,A2-T2AC-TW3L,GBP,10,45.099999999999994
202-3091508-9157963,D2-8SPY-Q095,GBP,1,2.42
202-3096131-6481116,6V-EEC1-2S9Z,GBP,1,2.25
202-3106479-4517968,6V-EEC1-2S9Z,GBP,1,2.25
202-3108438-1540301,6V-EEC1-2S9Z,GBP,1,2.25
202-3111371-4169166,SU-5LQH-2DVN,GBP,1,2.19
202-3130004-3143532,VU-8KRA-QP5M,GBP,1,4.32
202-3134903-4066726,6V-EEC1-2S9Z,GBP,1,2.25
202-3140671-5056353,Z7-26PV-O9LR,GBP,1,4.44
202-3150203-3333158,6V-EEC1-2S9Z,GBP,1,2.25
202-3162028-6322703,3X-EXDD-TD2K,GBP,1,20.51
202-3163637-8753163,A2-T2AC-TW3L,GBP,1,4.51
202-3170694-8613950,A2-T2AC-TW3L,GBP,1,4.51
202-3178329-0503552,L3-ZQ8U-A7LQ,GBP,1,3.4
202-3184394-4333943,A2-T2AC-TW3L,GBP,1,4.51
202-3185870-4365921,Z7-26PV-O9LR,GBP,1,4.44
202-3191556-7745144,6V-EEC1-2S9Z,GBP,3,6.75
202-3194686-8151541,F7-PMJ2-SG6A,GBP,1,2.7
202-3205408-0269162,6V-EEC1-2S9Z,GBP,1,2.25
202-3226386-7963550,A2-T2AC-TW3L,GBP,1,4.51
202-3236194-8898727,WX-L5UA-UB1Q,GBP,1,1.72
202-3247466-2489127,R7-98IN-2PW8,GBP,1,2.5
202-3251827-6955525,0G-JB6S-PN34,GBP,1,2.74
202-3265200-5496308,4F-HT42-FD26,GBP,1,3.33
202-3277499-8703528,WX-L5UA-UB1Q,GBP,1,1.72
202-3277616-6146764,VU-8KRA-QP5M,GBP,1,4.32
202-3298103-3975540,NN-TSZ1-X2RD,GBP,2,7.58
202-3309480-2680305,WX-L5UA-UB1Q,GBP,1,1.72
202-3329949-5709911,0G-JB6S-PN34,GBP,1,2.74
202-3334028-7530749,L3-ZQ8U-A7LQ,GBP,1,3.7
202-3343248-2625146,6V-EEC1-2S9Z,GBP,1,2.25
202-3367830-3229100,WX-L5UA-UB1Q,GBP,1,1.72
202-3370939-5421951,DC-K5WH-R7F5,GBP,1,0.68
202-3373455-3385164,SU-5LQH-2DVN,GBP,1,2.19
202-3375961-0068311,A2-T2AC-TW3L,GBP,1,4.51
202-3391787-8195564,Z3-ORV9-K8XD,GBP,2,13.12
202-3396334-3476349,L3-ZQ8U-A7LQ,GBP,1,3.7
202-3404423-8593122,XH-0LAE-FQO5,GBP,1,2.9
202-3404476-9706769,WX-L5UA-UB1Q,GBP,1,1.72
202-3410335-2246751,Z7-26PV-O9LR,GBP,1,4.44
202-3416191-0121118,6V-EEC1-2S9Z,GBP,1,2.25
202-3418147-3437140,WX-L5UA-UB1Q,GBP,1,1.72
202-3418202-1509169,N7-A24N-WJA7,GBP,1,3.01
202-3435746-9345120,EV-CHU5-XU3G,GBP,1,2.73
202-3436322-0071552,6V-EEC1-2S9Z,GBP,1,2.25
202-3448922-3048334,6V-EEC1-2S9Z,GBP,1,2.25
202-3452892-9273968,WX-L5UA-UB1Q,GBP,1,1.72
202-3479921-3349160,6V-EEC1-2S9Z,GBP,1,2.25
202-3487299-4600363,6V-EEC1-2S9Z,GBP,1,2.25
202-3487590-6091562,6V-EEC1-2S9Z,GBP,3,6.75
202-3492160-5639552,XH-0LAE-FQO5,GBP,1,2.9
202-3495183-1119543,6V-EEC1-2S9Z,GBP,1,2.25
202-3503411-3481116,A2-T2AC-TW3L,GBP,2,9.02
202-3505674-1013145,BQ-O3OI-FTJU,GBP,1,6.5
202-3507546-7649923,A2-T2AC-TW3L,GBP,1,4.51
202-3514059-9551530,XH-0LAE-FQO5,GBP,1,2.9
202-3518293-3245960,DC-K5WH-R7F5,GBP,1,0.68
202-3523351-6903564,R7-98IN-2PW8,GBP,1,2.5
202-3527834-1561928,R4-0AXZ-ZZ9D,GBP,1,4.85
202-3534596-3562731,6V-EEC1-2S9Z,GBP,1,2.25
202-3542398-2065967,Z7-26PV-O9LR,GBP,1,4.2
202-3543762-2848360,Z3-ORV9-K8XD,GBP,1,6.56
202-3544921-3106767,A2-T2AC-TW3L,GBP,1,4.51
202-3557831-6468315,6V-EEC1-2S9Z,GBP,1,2.25
202-3559192-7032342,D0-C7C0-H6LN,GBP,1,2.74
202-3564164-8989967,6V-EEC1-2S9Z,GBP,1,2.25
202-3573897-1330765,6V-EEC1-2S9Z,GBP,1,2.25
202-3576259-3341939,XH-0LAE-FQO5,GBP,1,2.9
202-3580891-4812316,NN-TSZ1-X2RD,GBP,1,3.49
202-3602964-8255535,NN-TSZ1-X2RD,GBP,1,3.79
202-3617025-4101965,A2-T2AC-TW3L,GBP,1,4.51
202-3618100-4945111,SU-5LQH-2DVN,GBP,1,2.19
202-3618101-9904354,D7-MGBX-RX2P,GBP,1,2.43
202-3664318-8240344,RB-82FL-T88J,GBP,1,14.5
202-3668259-6509167,WX-L5UA-UB1Q,GBP,1,1.72
202-3674301-8714733,6V-EEC1-2S9Z,GBP,2,4.5
202-3687929-9224319,6V-EEC1-2S9Z,GBP,1,2.25
202-3697896-6711565,Z7-26PV-O9LR,GBP,1,4.2
202-3704677-9566707,XH-0LAE-FQO5,GBP,1,2.9
202-3705928-4525108,A2-T2AC-TW3L,GBP,1,4.51
202-3723918-4117950,Z3-ORV9-K8XD,GBP,1,6.56
202-3735392-9928306,6V-EEC1-2S9Z,GBP,1,2.25
202-3750856-8874755,A2-T2AC-TW3L,GBP,1,4.51
202-3753145-4339555,A2-T2AC-TW3L,GBP,1,4.51
202-3758227-9736332,NN-TSZ1-X2RD,GBP,1,3.99
202-3769686-1740302,WX-L5UA-UB1Q,GBP,1,1.72
202-3772575-7422768,A2-T2AC-TW3L,GBP,1,4.51
202-3774763-3777104,Z7-26PV-O9LR,GBP,1,4.44
202-3783108-5100345,7H-7G2P-ONWJ,GBP,1,0.88
202-3792621-3717100,SC-LYFM-ORXK,GBP,1,4.2
202-3833048-2055557,6V-EEC1-2S9Z,GBP,1,2.25
202-3858179-9378713,JB-RGB6-LZOJ,GBP,1,2.47
202-3874255-0901110,TU-8I14-25ZR,GBP,1,12.67
202-3878268-0706730,MW-9K5M-VKW8,GBP,1,13.65
202-3881260-6626750,EV-CHU5-XU3G,GBP,1,2.73
202-3885120-2430751,A2-T2AC-TW3L,GBP,1,4.51
202-3888265-9435559,VF-3T0K-DR5O,GBP,1,2.05
202-3895053-8030727,X7-MY4W-H2I4,GBP,1,2.28
202-3896832-9457123,DC-K5WH-R7F5,GBP,1,0.68
202-3897935-9593152,NN-TSZ1-X2RD,GBP,1,3.49
202-3909008-9223525,SU-5LQH-2DVN,GBP,1,2.19
202-3909413-8965150,DC-K5WH-R7F5,GBP,1,0.68
202-3912078-9911520,6V-EEC1-2S9Z,GBP,1,2.25
202-3927295-3967557,A2-T2AC-TW3L,GBP,1,4.51
202-3937777-2862725,GK-YI4S-C158,GBP,1,2.58
202-3939975-2125111,TU-8I14-25ZR,GBP,1,12.67
202-3949812-2495541,7M-48OU-23X3,GBP,1,7.59
202-3953275-0197942,6V-EEC1-2S9Z,GBP,1,2.25
202-3956980-8124306,Z3-ORV9-K8XD,GBP,2,13.12
202-3957329-9049962,JV-D1TI-6UF6,GBP,1,3.6
202-3957464-3540338,ZU-PFDN-JSYV,GBP,1,4.89
202-3982766-8366748,6V-EEC1-2S9Z,GBP,2,4.5
202-3990383-8772360,3B-3H3V-Z93T,GBP,1,1.6
202-4019348-3184326,6V-EEC1-2S9Z,GBP,1,2.25
202-4023576-4357155,WX-L5UA-UB1Q,GBP,1,1.72
202-4041842-1879543,NN-TSZ1-X2RD,GBP,1,3.79
202-4064580-0573930,WX-L5UA-UB1Q,GBP,1,1.72
202-4082252-2802746,MW-9K5M-VKW8,GBP,1,13.65
202-4082755-2477909,WX-L5UA-UB1Q,GBP,1,1.72
202-4083928-8239517,WX-L5UA-UB1Q,GBP,1,1.72
202-4085514-7948352,6V-EEC1-2S9Z,GBP,1,2.25
202-4117211-5809154,A2-T2AC-TW3L,GBP,1,4.51
202-4120545-2837940,6V-EEC1-2S9Z,GBP,1,2.25
202-4149662-7551506,WX-L5UA-UB1Q,GBP,1,1.72
202-4156230-0113930,WX-L5UA-UB1Q,GBP,1,1.72
202-4183537-2548315,6V-EEC1-2S9Z,GBP,1,2.1
202-4197685-0972351,6V-EEC1-2S9Z,GBP,1,2.25
202-4199238-7489960,WX-L5UA-UB1Q,GBP,3,5.16
202-4208331-2707562,A2-T2AC-TW3L,GBP,1,4.51
202-4209084-8187552,EV-CHU5-XU3G,GBP,1,2.73
202-4210821-8964324,H4-86XG-NLX6,GBP,1,3.25
202-4222752-2197129,6V-EEC1-2S9Z,GBP,1,2.25
202-4238230-3665140,A2-T2AC-TW3L,GBP,1,4.51
202-4244985-5873157,6V-EEC1-2S9Z,GBP,1,2.25
202-4275305-8136366,DC-K5WH-R7F5,GBP,1,0.68
202-4284686-5308304,81-3DY5-BFOR,GBP,1,7.64
202-4291071-2529109,NN-TSZ1-X2RD,GBP,2,6.98
202-4311354-7842715,D7-MGBX-RX2P,GBP,1,2.43
202-4314675-4054731,6V-EEC1-2S9Z,GBP,1,2.25
202-4367245-4593960,WX-L5UA-UB1Q,GBP,1,1.72
202-4378373-3301143,R7-98IN-2PW8,GBP,1,2.5
202-4382977-7822735,EV-CHU5-XU3G,GBP,2,5.46
202-4398399-0927537,XE-YPAI-HX9F,GBP,1,4.7
202-4408300-1947523,6P-IWYA-X18B,GBP,1,4.31
202-4412016-7989949,6V-EEC1-2S9Z,GBP,1,2.25
202-4425419-6892324,WX-L5UA-UB1Q,GBP,1,1.72
202-4436385-8058727,A2-T2AC-TW3L,GBP,1,4.51
202-4437580-7853135,XE-YPAI-HX9F,GBP,1,4.58
202-4437879-7741936,6V-EEC1-2S9Z,GBP,1,2.25
202-4442963-7840345,6V-EEC1-2S9Z,GBP,1,2.25
202-4459493-9051506,6V-EEC1-2S9Z,GBP,1,2.25
202-4460947-4149164,XH-0LAE-FQO5,GBP,1,2.9
202-4467900-1744337,TU-8I14-25ZR,GBP,1,12.67
202-4473080-1277951,WX-L5UA-UB1Q,GBP,1,1.72
202-4483936-0709930,A2-T2AC-TW3L,GBP,1,4.51
202-4493054-3528329,XE-YPAI-HX9F,GBP,1,4.58
202-4494647-4329102,XE-YPAI-HX9F,GBP,1,4.58
202-4495787-3426717,XH-0LAE-FQO5,GBP,1,2.9
202-4497772-9498738,6V-EEC1-2S9Z,GBP,1,2.25
202-4500845-6415553,MW-9K5M-VKW8,GBP,1,13.65
202-4503069-9002749,WX-L5UA-UB1Q,GBP,1,1.72
202-4503256-5035533,NN-TSZ1-X2RD,GBP,4,13.96
202-4506673-9085933,6V-EEC1-2S9Z,GBP,6,13.5
202-4514578-4627557,R7-98IN-2PW8,GBP,1,2.5
202-4524801-3513943,A2-T2AC-TW3L,GBP,2,9.02
202-4526104-8757133,GH-PONH-K4WQ,GBP,1,3.78
202-4533680-7607569,6V-EEC1-2S9Z,GBP,1,2.25
202-4535371-9146726,A2-T2AC-TW3L,GBP,1,4.51
202-4538923-1077934,N7-A24N-WJA7,GBP,1,3.01
202-4543426-2379565,Z3-ORV9-K8XD,GBP,1,6.56
202-4543551-9302701,6V-EEC1-2S9Z,GBP,1,2.25
202-4553295-6244342,DC-K5WH-R7F5,GBP,1,0.68
202-4578600-6465945,6V-EEC1-2S9Z,GBP,1,2.25
202-4583484-8414743,A2-T2AC-TW3L,GBP,1,4.51
202-4591701-7825913,WX-L5UA-UB1Q,GBP,1,1.72
202-4622528-3510755,6V-EEC1-2S9Z,GBP,1,2.25
202-4623698-5765917,H4-86XG-NLX6,GBP,1,3.25
202-4626625-0975559,6V-EEC1-2S9Z,GBP,2,4.5
202-4631991-7641944,A2-T2AC-TW3L,GBP,1,4.51
202-4634570-9851526,A2-T2AC-TW3L,GBP,1,4.51
202-4658692-0462759,A2-T2AC-TW3L,GBP,1,4.51
202-4665928-2611500,VF-3T0K-DR5O,GBP,1,2.05
202-4674158-1447565,6V-EEC1-2S9Z,GBP,1,2.25
202-4684291-7794763,DC-K5WH-R7F5,GBP,1,0.68
202-4699214-4105919,A2-T2AC-TW3L,GBP,1,4.51
202-4700140-7733916,A2-T2AC-TW3L,GBP,1,4.51
202-4702427-0581105,SR-6OBB-WC03,GBP,1,2.86
202-4704160-8909155,VF-3T0K-DR5O,GBP,1,2.05
202-4708425-6986723,7M-48OU-23X3,GBP,1,7.59
202-4710424-8197959,Z3-ORV9-K8XD,GBP,1,6.56
202-4761287-2281957,6V-EEC1-2S9Z,GBP,1,2.25
202-4764492-0246747,0G-JB6S-PN34,GBP,1,2.74
202-4769055-5685921,XH-0LAE-FQO5,GBP,1,2.9
202-4789004-8671508,6V-EEC1-2S9Z,GBP,1,2.25
202-4816308-6922704,WX-L5UA-UB1Q,GBP,1,1.72
202-4819736-0881141,A2-T2AC-TW3L,GBP,1,4.51
202-4824285-6834705,DC-K5WH-R7F5,GBP,1,0.68
202-4827545-8881969,6V-EEC1-2S9Z,GBP,1,2.25
202-4838337-5480350,EV-CHU5-XU3G,GBP,1,2.73
202-4842089-6629947,VF-3T0K-DR5O,GBP,1,2.05
202-4862449-0289146,Z3-ORV9-K8XD,GBP,1,6.56
202-4866376-7579507,6V-EEC1-2S9Z,GBP,1,2.25
202-4873879-8386748,NN-TSZ1-X2RD,GBP,1,3.79
202-4901433-6699536,WX-L5UA-UB1Q,GBP,1,1.72
202-4902827-3045906,6V-EEC1-2S9Z,GBP,1,2.25
202-4903223-7121948,NN-TSZ1-X2RD,GBP,1,3.99
202-4904450-8650734,LV-425G-BY4X,GBP,1,16.38
202-4912006-4842703,A2-T2AC-TW3L,GBP,1,4.51
202-4925964-6033162,WX-L5UA-UB1Q,GBP,1,1.72
202-4932250-6957914,8R-E0Y9-0LAU,GBP,1,34.65
202-4957417-9021140,4F-HT42-FD26,GBP,2,6.66
202-4979931-3097931,EV-CHU5-XU3G,GBP,1,2.73
202-4989749-3253151,6V-EEC1-2S9Z,GBP,1,2.25
202-4995497-7561928,6V-EEC1-2S9Z,GBP,1,2.25
202-5006872-8168369,XE-YPAI-HX9F,GBP,1,4.58
202-5010958-0365123,H4-86XG-NLX6,GBP,1,3.25
202-5038540-2893946,EV-CHU5-XU3G,GBP,1,2.73
202-5046535-7958758,SU-5LQH-2DVN,GBP,1,2.19
202-5047957-8534752,6V-EEC1-2S9Z,GBP,1,2.25
202-5048531-4775526,6V-EEC1-2S9Z,GBP,1,2.25
202-5063133-3977929,EV-CHU5-XU3G,GBP,1,2.46
202-5063603-1376335,WX-L5UA-UB1Q,GBP,1,1.72
202-5075314-3309939,Z3-ORV9-K8XD,GBP,1,6.56
202-5086654-9801169,D7-MGBX-RX2P,GBP,1,2.43
202-5100614-2944342,WX-L5UA-UB1Q,GBP,1,1.72
202-5108561-1195505,NN-TSZ1-X2RD,GBP,1,3.79
202-5116495-7565931,8R-E0Y9-0LAU,GBP,1,34.65
202-5120345-6421157,6V-EEC1-2S9Z,GBP,1,2.25
202-5123866-5207508,A2-T2AC-TW3L,GBP,1,4.51
202-5125364-4009106,DC-K5WH-R7F5,GBP,1,0.68
202-5142792-9082757,XH-0LAE-FQO5,GBP,1,2.9
202-5148911-4961948,MW-9K5M-VKW8,GBP,1,13.65
202-5155395-1129131,WX-L5UA-UB1Q,GBP,1,1.72
202-5158373-4965157,L5-PF3B-WHU4,GBP,1,17.5
202-5164351-3358767,T8-6UWL-I3E1,GBP,1,1.48
202-5165154-0067540,6V-EEC1-2S9Z,GBP,1,2.25
202-5166369-5373106,6V-EEC1-2S9Z,GBP,1,2.25
202-5172952-0256311,NN-TSZ1-X2RD,GBP,1,3.79
202-5177748-2109938,WX-L5UA-UB1Q,GBP,1,1.72
202-5210858-4077123,ZV-RLOD-Q0JI,GBP,1,7.55
202-5211058-2900340,6V-EEC1-2S9Z,GBP,1,2.25
202-5229228-8763542,DC-K5WH-R7F5,GBP,1,0.68
202-5231509-5517111,0Z-Y60V-499R,GBP,1,1.92
202-5244428-9790760,N7-A24N-WJA7,GBP,1,3.01
202-5265779-7612343,WX-L5UA-UB1Q,GBP,1,1.72
202-5274476-3385128,N7-A24N-WJA7,GBP,1,3.01
202-5286068-2816350,6V-EEC1-2S9Z,GBP,2,4.5
202-5287721-9491542,Z3-ORV9-K8XD,GBP,1,6.56
202-5295040-3339502,Z7-26PV-O9LR,GBP,1,4.44
202-5301795-9833104,TU-8I14-25ZR,GBP,1,12.67
202-5309366-0840348,EV-CHU5-XU3G,GBP,1,2.73
202-5317076-7121903,DC-K5WH-R7F5,GBP,4,2.72
202-5339655-5165145,XY-UM2X-TPS3,GBP,1,4.57
202-5359688-3754703,VF-3T0K-DR5O,GBP,1,2.05
202-5376569-8596349,SR-6OBB-WC03,GBP,2,5.72
202-5383017-3820329,H4-86XG-NLX6,GBP,1,3.25
202-5396473-3778727,6V-EEC1-2S9Z,GBP,1,2.25
202-5396880-1801155,6V-EEC1-2S9Z,GBP,1,2.25
202-5403730-5390724,A2-T2AC-TW3L,GBP,1,4.51
202-5412900-2873132,6V-EEC1-2S9Z,GBP,1,2.25
202-5425363-5661128,A2-T2AC-TW3L,GBP,1,4.51
202-5429394-9641107,6V-EEC1-2S9Z,GBP,2,4.5
202-5437669-4425136,6V-EEC1-2S9Z,GBP,1,2.25
202-5442642-2437164,6V-EEC1-2S9Z,GBP,1,2.25
202-5443256-6636366,6V-EEC1-2S9Z,GBP,1,2.25
202-5446260-0451516,WX-L5UA-UB1Q,GBP,1,1.72
202-5450615-4826762,6V-EEC1-2S9Z,GBP,1,2.25
202-5462332-6462745,XH-0LAE-FQO5,GBP,1,2.9
202-5483849-9816350,6V-EEC1-2S9Z,GBP,1,2.25
202-5495408-3501137,SU-5LQH-2DVN,GBP,1,2.19
202-5506079-8915524,WX-L5UA-UB1Q,GBP,1,1.72
202-5509354-0405104,WX-L5UA-UB1Q,GBP,1,1.72
202-5520116-1524364,6V-EEC1-2S9Z,GBP,1,2.25
202-5544674-2695501,WX-L5UA-UB1Q,GBP,1,1.72
202-5551521-8468307,49-4UKW-G81R,GBP,1,3.04
202-5558603-8929930,4U-XT39-AMUJ,GBP,2,3.32
202-5568422-4160357,6V-EEC1-2S9Z,GBP,1,2.25
202-5569243-3881939,6V-EEC1-2S9Z,GBP,1,2.25
202-5582013-2989115,A2-T2AC-TW3L,GBP,1,4.51
202-5590594-4105109,6V-EEC1-2S9Z,GBP,2,4.5
202-5595557-5968366,R4-0AXZ-ZZ9D,GBP,1,4.85
202-5601966-3758712,SU-5LQH-2DVN,GBP,1,2.19
202-5603892-7281127,XH-OMMJ-C7MT,GBP,1,2.45
202-5611703-4626767,0H-5V53-GPG4,GBP,1,4.85
202-5612169-9460310,A2-T2AC-TW3L,GBP,1,4.51
202-5612674-9357150,XH-0LAE-FQO5,GBP,2,5.8
202-5629797-6892355,Z3-ORV9-K8XD,GBP,1,6.56
202-5631050-3156326,AX-NKNU-29C1,GBP,2,1.22
202-5637946-5368331,C6-XGZB-J6QA,GBP,1,2.75
202-5642732-9059503,WX-L5UA-UB1Q,GBP,1,1.72
202-5650285-0350702,VU-8KRA-QP5M,GBP,1,4.32
202-5653391-6225116,VF-3T0K-DR5O,GBP,1,2.05
202-5657489-2661902,6V-EEC1-2S9Z,GBP,1,2.25
202-5660924-7201127,DC-K5WH-R7F5,GBP,1,0.68
202-5665306-2754766,L3-ZQ8U-A7LQ,GBP,1,3.4
202-5671296-6641925,6V-EEC1-2S9Z,GBP,1,2.25
202-5674109-9490730,F7-PMJ2-SG6A,GBP,1,2.7
202-5681233-2063530,VF-3T0K-DR5O,GBP,1,2.05
202-5688258-4361957,A2-T2AC-TW3L,GBP,2,9.02
202-5690671-0973916,8R-E0Y9-0LAU,GBP,1,38.1
202-5697175-1132300,XH-0LAE-FQO5,GBP,1,2.9
202-5699157-9519503,WX-L5UA-UB1Q,GBP,1,1.72
202-5706345-5808326,MW-9K5M-VKW8,GBP,1,13.65
202-5724826-9337931,Z3-ORV9-K8XD,GBP,1,6.56
202-5736138-8398722,WX-L5UA-UB1Q,GBP,1,1.72
202-5752460-1953947,L3-ZQ8U-A7LQ,GBP,1,3.7
202-5752723-9899558,6V-EEC1-2S9Z,GBP,1,2.25
202-5766883-0363569,6V-EEC1-2S9Z,GBP,1,2.25
202-5766967-4389119,ZI-1MA2-8QGC,GBP,1,8.48
202-5773357-7676369,6V-EEC1-2S9Z,GBP,1,2.25
202-5795610-4352305,6V-EEC1-2S9Z,GBP,1,2.25
202-5805167-7221949,MW-9K5M-VKW8,GBP,1,13.65
202-5806759-0254753,6V-EEC1-2S9Z,GBP,1,2.25
202-5826938-2833104,GD-B8SW-1PCP,GBP,1,28.75
202-5831211-1105122,XE-YPAI-HX9F,GBP,1,4.58
202-5833165-2766769,EV-CHU5-XU3G,GBP,1,2.73
202-5837457-4821918,A2-T2AC-TW3L,GBP,1,4.51
202-5853326-9314760,EE-KTDC-KCFY,GBP,1,3.46
202-5861413-6892335,VF-3T0K-DR5O,GBP,1,2.05
202-5864549-3611522,WX-L5UA-UB1Q,GBP,1,1.72
202-5878837-5845156,3T-6QPR-E2MV,GBP,1,4.65
202-5899580-0186706,TJ-6LOP-OPEU,GBP,1,2.19
202-5905476-1486740,WX-L5UA-UB1Q,GBP,1,1.72
202-5930395-7369110,WX-L5UA-UB1Q,GBP,1,1.72
202-5936383-8562751,79-CPJ6-DSG6,GBP,1,13.65
202-5939101-3952308,6V-EEC1-2S9Z,GBP,1,2.25
202-5948125-9189927,SR-6OBB-WC03,GBP,1,2.86
202-5960031-7458745,Z7-26PV-O9LR,GBP,1,4.44
202-5970255-1872330,L3-ZQ8U-A7LQ,GBP,1,3.4
202-5973204-1836350,WX-L5UA-UB1Q,GBP,1,1.72
202-5990210-6077158,WX-L5UA-UB1Q,GBP,1,1.72
202-5995819-8189960,R7-98IN-2PW8,GBP,1,2.5
202-6002867-6529101,F7-PMJ2-SG6A,GBP,2,5.4
202-6003219-1276326,NN-TSZ1-X2RD,GBP,1,3.49
202-6010934-7449923,DC-K5WH-R7F5,GBP,2,1.36
202-6012348-0785129,WX-L5UA-UB1Q,GBP,1,1.72
202-6035039-1245958,T8-6UWL-I3E1,GBP,1,1.48
202-6051112-5137968,MW-9K5M-VKW8,GBP,1,13.65
202-6055655-3584310,NN-TSZ1-X2RD,GBP,1,3.99
202-6068930-6862715,A2-T2AC-TW3L,GBP,1,4.51
202-6071212-1761115,XH-0LAE-FQO5,GBP,3,8.7
202-6079115-4284316,6V-EEC1-2S9Z,GBP,1,2.25
202-6095309-8350747,6V-EEC1-2S9Z,GBP,1,2.25
202-6098497-4290721,VF-3T0K-DR5O,GBP,1,2.05
202-6106213-9882761,A2-T2AC-TW3L,GBP,1,4.51
202-6118809-3892341,6V-EEC1-2S9Z,GBP,1,2.25
202-6148916-6665904,VF-3T0K-DR5O,GBP,1,2.05
202-6164828-7590752,VF-3T0K-DR5O,GBP,1,2.05
202-6203773-3880342,EV-CHU5-XU3G,GBP,1,2.73
202-6224398-4135568,3X-EXDD-TD2K,GBP,1,20.51
202-6229810-4045138,RW-AZK6-O4M2,GBP,1,0.52
202-6239149-4855561,XH-0LAE-FQO5,GBP,2,5.8
202-6241048-1386729,6V-EEC1-2S9Z,GBP,1,2.25
202-6245735-1247567,8R-E0Y9-0LAU,GBP,1,34.65
202-6257191-0999539,EV-CHU5-XU3G,GBP,1,2.73
202-6261123-3517163,A2-T2AC-TW3L,GBP,1,4.51
202-6268649-9847525,SQ-7QYT-5D5B,GBP,1,1.5
202-6273815-4743514,VF-3T0K-DR5O,GBP,1,2.05
202-6278221-6415527,6P-IWYA-X18B,GBP,1,4.31
202-6292732-2099558,6V-EEC1-2S9Z,GBP,1,2.25
202-6294201-5065944,Z3-ORV9-K8XD,GBP,1,6.56
202-6302933-8662701,A2-T2AC-TW3L,GBP,1,4.51
202-6303330-2638734,SR-6OBB-WC03,GBP,4,11.44
202-6305708-4625122,LV-425G-BY4X,GBP,1,16.38
202-6313356-0991561,L5-PF3B-WHU4,GBP,1,17.5
202-6313614-9459563,A2-T2AC-TW3L,GBP,1,4.51
202-6314908-3549101,SR-6OBB-WC03,GBP,1,2.86
202-6325603-3645162,6V-EEC1-2S9Z,GBP,2,4.5
202-6335285-0893100,DC-K5WH-R7F5,GBP,1,0.68
202-6341581-1035555,DC-K5WH-R7F5,GBP,1,0.68
202-6349243-7696313,6V-EEC1-2S9Z,GBP,1,2.25
202-6353903-1109107,6V-EEC1-2S9Z,GBP,1,2.25
202-6355765-6295515,6V-EEC1-2S9Z,GBP,1,2.25
202-6358715-2873942,D7-MGBX-RX2P,GBP,1,2.43
202-6359439-1489937,6V-EEC1-2S9Z,GBP,1,2.25
202-6362272-3669955,6V-EEC1-2S9Z,GBP,1,2.25
202-6362451-4924300,VF-3T0K-DR5O,GBP,1,2.05
202-6365527-9257108,VU-8KRA-QP5M,GBP,1,4.32
202-6370978-0473169,WX-L5UA-UB1Q,GBP,1,1.72
202-6401427-1464328,WX-L5UA-UB1Q,GBP,1,1.72
202-6402150-7440325,VF-3T0K-DR5O,GBP,1,2.05
202-6404475-0325964,DC-K5WH-R7F5,GBP,1,0.68
202-6418850-9320310,9X-7TBD-NA16,GBP,1,1.99
202-6420325-4712300,A2-T2AC-TW3L,GBP,1,4.51
202-6424318-2432325,6V-EEC1-2S9Z,GBP,1,2.25
202-6434551-2193947,XH-0LAE-FQO5,GBP,1,2.9
202-6437553-2436327,6V-EEC1-2S9Z,GBP,1,2.25
202-6440980-2345945,WX-L5UA-UB1Q,GBP,1,1.72
202-6442385-3008319,K0-71JR-UNLF,GBP,1,2.44
202-6451716-0739503,81-3DY5-BFOR,GBP,1,7.64
202-6459401-0978741,3T-6QPR-E2MV,GBP,1,4.65
202-6464572-8395522,TU-8I14-25ZR,GBP,1,12.67
202-6471909-6415534,6V-EEC1-2S9Z,GBP,1,2.25
202-6474092-8271519,6V-EEC1-2S9Z,GBP,1,2.25
202-6481751-0942729,DC-K5WH-R7F5,GBP,2,1.36
202-6485517-8766760,6V-EEC1-2S9Z,GBP,1,2.25
202-6486892-0949138,6V-EEC1-2S9Z,GBP,2,4.5
202-6491875-1714709,WX-L5UA-UB1Q,GBP,1,1.72
202-6501123-0437102,LV-425G-BY4X,GBP,1,16.38
202-6512103-6200342,WX-L5UA-UB1Q,GBP,1,1.72
202-6519840-0084324,F7-PMJ2-SG6A,GBP,2,5.4
202-6520002-6573148,NN-TSZ1-X2RD,GBP,1,3.79
202-6520170-2876357,6V-EEC1-2S9Z,GBP,1,2.25
202-6531242-1637134,6V-EEC1-2S9Z,GBP,1,2.25
202-6535362-6036312,6V-EEC1-2S9Z,GBP,1,2.25
202-6535650-5856345,LV-425G-BY4X,GBP,1,16.38
202-6537657-1607526,6V-EEC1-2S9Z,GBP,1,2.25
202-6544854-0021119,SU-5LQH-2DVN,GBP,1,2.19
202-6557119-5807511,6V-EEC1-2S9Z,GBP,3,6.75
202-6570021-7177961,EV-CHU5-XU3G,GBP,1,2.73
202-6577416-4026740,DC-K5WH-R7F5,GBP,1,0.68
202-6585336-7162757,AX-NKNU-29C1,GBP,2,1.22
202-6586659-5511535,VF-3T0K-DR5O,GBP,1,2.05
202-6587988-9033913,A2-T2AC-TW3L,GBP,1,4.51
202-6593109-2923521,49-4UKW-G81R,GBP,1,3.04
202-6603789-9973135,8M-NHB7-T8TR,GBP,1,15.26
202-6610200-9847535,VU-8KRA-QP5M,GBP,1,4.32
202-6614593-7365936,A2-T2AC-TW3L,GBP,1,4.51
202-6617167-2516315,A2-T2AC-TW3L,GBP,1,4.51
202-6637266-3180334,WX-L5UA-UB1Q,GBP,1,1.72
202-6685261-8246721,DC-K5WH-R7F5,GBP,1,0.68
202-6686424-3151509,6V-EEC1-2S9Z,GBP,1,2.25
202-6689522-6929917,7L-OT45-7LYB,GBP,1,1.16
202-6696040-6233149,EE-KTDC-KCFY,GBP,1,3.46
202-6698042-5090715,6V-EEC1-2S9Z,GBP,2,4.5
202-6702039-8777168,6V-EEC1-2S9Z,GBP,1,2.25
202-6717461-4499538,79-CPJ6-DSG6,GBP,1,13.65
202-6721069-1136356,6V-EEC1-2S9Z,GBP,1,2.25
202-6728681-4395551,6V-EEC1-2S9Z,GBP,4,9.0
202-6732139-1605125,XE-YPAI-HX9F,GBP,1,4.58
202-6735443-5295524,3B-3H3V-Z93T,GBP,1,1.6
202-6735494-9401928,Z3-ORV9-K8XD,GBP,1,6.56
202-6745726-6581130,A2-T2AC-TW3L,GBP,1,4.51
202-6780698-5914753,6V-EEC1-2S9Z,GBP,1,2.25
202-6788809-0733918,Z3-ORV9-K8XD,GBP,1,6.56
202-6798350-9165906,6V-EEC1-2S9Z,GBP,1,2.25
202-6801355-3786728,6V-EEC1-2S9Z,GBP,1,2.25
202-6817376-3911564,WX-L5UA-UB1Q,GBP,1,1.72
202-6849037-1777118,6V-EEC1-2S9Z,GBP,1,2.25
202-6852876-6861920,VF-3T0K-DR5O,GBP,1,2.05
202-6854844-6545907,6V-EEC1-2S9Z,GBP,1,2.25
202-6856393-2117159,NN-TSZ1-X2RD,GBP,2,7.58
202-6883246-9004343,6V-EEC1-2S9Z,GBP,1,2.25
202-6889038-0217114,6V-EEC1-2S9Z,GBP,2,4.5
202-6896109-8662768,A2-T2AC-TW3L,GBP,1,4.51
202-6903917-7276314,6V-EEC1-2S9Z,GBP,1,2.1
202-6927077-9845945,C6-XGZB-J6QA,GBP,1,2.75
202-6929990-5281917,SR-6OBB-WC03,GBP,1,2.86
202-6931697-0675560,6V-EEC1-2S9Z,GBP,1,2.25
202-6948941-3379536,MY-KL21-NMV5,GBP,1,18.5
202-6954642-4861957,F7-PMJ2-SG6A,GBP,1,2.7
202-6958995-9577108,D7-MGBX-RX2P,GBP,1,2.43
202-6985254-5557122,DC-K5WH-R7F5,GBP,1,0.68
202-6994178-6437922,6V-EEC1-2S9Z,GBP,1,2.25
202-7011494-9472329,6V-EEC1-2S9Z,GBP,1,2.25
202-7019589-4369964,EE-KTDC-KCFY,GBP,1,3.46
202-7034233-0405944,6V-EEC1-2S9Z,GBP,1,2.25
202-7044127-5624323,L5-PF3B-WHU4,GBP,2,35.0
202-7050560-8377127,XH-0LAE-FQO5,GBP,1,2.9
202-7052844-9830711,F7-PMJ2-SG6A,GBP,1,2.7
202-7055105-4897160,XE-YPAI-HX9F,GBP,1,4.58
202-7055993-3200345,6V-EEC1-2S9Z,GBP,1,2.25
202-7087393-8621940,VF-3T0K-DR5O,GBP,1,2.05
202-7100877-6817925,6V-EEC1-2S9Z,GBP,1,2.25
202-7117058-9452305,SU-5LQH-2DVN,GBP,1,2.19
202-7132558-2053916,GA-9DTN-9O1E,GBP,1,18.18
202-7133281-0808328,F7-PMJ2-SG6A,GBP,1,2.7
202-7133688-0173112,6V-EEC1-2S9Z,GBP,1,2.25
202-7140419-7730704,WX-L5UA-UB1Q,GBP,1,1.72
202-7147799-5673927,8R-E0Y9-0LAU,GBP,1,34.65
202-7148658-2936339,EV-CHU5-XU3G,GBP,1,2.73
202-7153316-5975501,DC-K5WH-R7F5,GBP,1,0.68
202-7159111-3348340,XH-0LAE-FQO5,GBP,1,2.9
202-7162950-4599502,WX-L5UA-UB1Q,GBP,1,1.72
202-7171708-1241130,L3-ZQ8U-A7LQ,GBP,1,3.7
202-7183215-4543566,H4-86XG-NLX6,GBP,1,3.25
202-7194557-3943564,JB-RGB6-LZOJ,GBP,1,2.47
202-7200471-9668354,H4-86XG-NLX6,GBP,1,3.25
202-7211855-6548313,0H-5V53-GPG4,GBP,1,4.85
202-7213776-6679521,A2-T2AC-TW3L,GBP,1,4.51
202-7250955-2237941,WX-L5UA-UB1Q,GBP,1,1.72
202-7259900-7140347,3B-3H3V-Z93T,GBP,1,1.6
202-7270629-3842752,VU-8KRA-QP5M,GBP,1,4.32
202-7283638-2622753,VL-48KZ-J3F2,GBP,1,1.06
202-7286193-3480343,6V-EEC1-2S9Z,GBP,1,2.25
202-7291942-1558739,BQ-O3OI-FTJU,GBP,1,6.5
202-7309819-6057933,6V-EEC1-2S9Z,GBP,1,2.25
202-7312506-5145907,WX-L5UA-UB1Q,GBP,1,1.72
202-7322617-9563537,TJ-6LOP-OPEU,GBP,1,2.19
202-7329328-2763559,XH-0LAE-FQO5,GBP,1,2.9
202-7341207-8962749,VF-3T0K-DR5O,GBP,1,2.05
202-7341558-6385162,WX-L5UA-UB1Q,GBP,1,1.72
202-7343326-1828340,6V-EEC1-2S9Z,GBP,1,2.25
202-7344448-4988312,6V-EEC1-2S9Z,GBP,1,2.25
202-7369572-8803555,VF-3T0K-DR5O,GBP,1,2.05
202-7370982-2633957,6V-EEC1-2S9Z,GBP,1,2.25
202-7372519-5197160,VU-8KRA-QP5M,GBP,1,4.32
202-7375339-6565108,7L-OT45-7LYB,GBP,1,1.16
202-7380849-6200324,F7-PMJ2-SG6A,GBP,1,2.7
202-7390886-9564369,WX-L5UA-UB1Q,GBP,1,1.72
202-7400085-6135517,DC-K5WH-R7F5,GBP,1,0.68
202-7400377-1604308,F7-PMJ2-SG6A,GBP,1,2.7
202-7401583-9173962,F7-PMJ2-SG6A,GBP,1,2.7
202-7411843-0399548,PE-G94Y-4PYO,GBP,1,2.86
202-7413630-5241152,NN-TSZ1-X2RD,GBP,1,3.49
202-7428069-2008365,WX-L5UA-UB1Q,GBP,1,1.72
202-7429867-2281105,A2-T2AC-TW3L,GBP,1,4.51
202-7434904-0586728,6V-EEC1-2S9Z,GBP,1,2.25
202-7435591-9865158,WX-L5UA-UB1Q,GBP,2,3.44
202-7437988-3603545,TU-8I14-25ZR,GBP,1,12.67
202-7444111-9324369,A2-T2AC-TW3L,GBP,1,4.51
202-7444381-0684351,8L-INBX-OUTU,GBP,1,2.49
202-7459871-4061947,6V-EEC1-2S9Z,GBP,1,2.25
202-7461177-1832368,8R-E0Y9-0LAU,GBP,1,34.65
202-7463739-1716340,D7-MGBX-RX2P,GBP,1,2.43
202-7471624-2785116,XH-0LAE-FQO5,GBP,1,2.9
202-7473676-1001112,6V-EEC1-2S9Z,GBP,1,2.25
202-7479701-7109965,EV-CHU5-XU3G,GBP,1,2.73
202-7481825-2885126,Z3-ORV9-K8XD,GBP,1,6.56
202-7492014-5841140,EV-CHU5-XU3G,GBP,1,2.73
202-7500852-6598729,SU-5LQH-2DVN,GBP,1,2.19
202-7510010-5657941,Z9-FBUQ-EZN3,GBP,1,2.89
202-7513332-1685139,6V-EEC1-2S9Z,GBP,1,2.25
202-7520855-6560349,Z7-26PV-O9LR,GBP,1,4.44
202-7523172-7441926,6V-EEC1-2S9Z,GBP,1,2.25
202-7524801-5189150,WX-L5UA-UB1Q,GBP,1,1.72
202-7534245-8873942,6V-EEC1-2S9Z,GBP,3,6.75
202-7584918-0944334,LV-425G-BY4X,GBP,1,16.38
202-7588157-0544311,A2-T2AC-TW3L,GBP,1,4.51
202-7588829-4933167,N7-A24N-WJA7,GBP,1,3.01
202-7615599-6692331,VL-48KZ-J3F2,GBP,1,1.06
202-7625667-0661165,A2-T2AC-TW3L,GBP,1,4.51
202-7639678-8197107,6V-EEC1-2S9Z,GBP,1,2.25
202-7641103-4650751,F7-PMJ2-SG6A,GBP,1,2.7
202-7649952-7305938,6V-EEC1-2S9Z,GBP,1,2.25
202-7657407-2021944,DC-K5WH-R7F5,GBP,1,0.68
202-7657491-4143540,A2-T2AC-TW3L,GBP,1,4.51
202-7679421-9748354,6V-EEC1-2S9Z,GBP,1,2.25
202-7681525-9241154,6V-EEC1-2S9Z,GBP,1,2.25
202-7682096-6840307,DC-K5WH-R7F5,GBP,2,1.36
202-7696024-8478734,WX-L5UA-UB1Q,GBP,1,1.72
202-7696362-1389946,6V-EEC1-2S9Z,GBP,1,2.25
202-7700195-8141162,6V-EEC1-2S9Z,GBP,1,2.25
202-7702722-3350703,6V-EEC1-2S9Z,GBP,2,4.5
202-7704855-7817931,6V-EEC1-2S9Z,GBP,1,2.25
202-7705758-9089931,WX-L5UA-UB1Q,GBP,1,1.72
202-7722402-0113904,VF-3T0K-DR5O,GBP,1,2.05
202-7731013-1587558,EV-CHU5-XU3G,GBP,1,2.73
202-7753002-8341166,A2-T2AC-TW3L,GBP,1,4.51
202-7760287-7314742,6V-EEC1-2S9Z,GBP,2,4.5
202-7762806-2885118,3X-EXDD-TD2K,GBP,1,20.37
202-7799744-8410758,2G-AYBQ-TUQG,GBP,1,8.27
202-7800546-0433124,6V-EEC1-2S9Z,GBP,3,6.75
202-7807520-7168303,6V-EEC1-2S9Z,GBP,1,2.25
202-7808701-1453957,3B-3H3V-Z93T,GBP,1,1.6
202-7813016-8839540,VL-48KZ-J3F2,GBP,2,2.12
202-7815713-6541940,6V-EEC1-2S9Z,GBP,1,2.25
202-7828210-9098715,XH-0LAE-FQO5,GBP,3,8.7
202-7843204-9651530,3X-EXDD-TD2K,GBP,1,20.51
202-7863864-5703514,A2-T2AC-TW3L,GBP,1,4.51
202-7864093-4064300,A2-T2AC-TW3L,GBP,2,9.02
202-7883460-7564315,A2-T2AC-TW3L,GBP,1,4.51
202-7884448-4544313,6V-EEC1-2S9Z,GBP,1,2.25
202-7894337-5758711,6V-EEC1-2S9Z,GBP,1,2.25
202-7899146-5670742,A2-T2AC-TW3L,GBP,1,4.51
202-7902179-5145937,6V-EEC1-2S9Z,GBP,1,2.25
202-7902650-4999539,6V-EEC1-2S9Z,GBP,1,2.25
202-7902895-6117910,NN-TSZ1-X2RD,GBP,1,3.99
202-7925719-5142763,D2-8SPY-Q095,GBP,1,2.42
202-7938330-8582755,EV-CHU5-XU3G,GBP,1,2.73
202-7965086-9215511,NN-TSZ1-X2RD,GBP,1,3.79
202-7972291-0246762,6V-EEC1-2S9Z,GBP,1,2.25
202-7999193-4623526,6V-EEC1-2S9Z,GBP,1,2.25
202-8002427-3213959,Z7-26PV-O9LR,GBP,1,4.44
202-8009069-1457920,A2-T2AC-TW3L,GBP,1,4.51
202-8015450-3808332,2G-AYBQ-TUQG,GBP,1,8.27
202-8019674-4864307,6V-EEC1-2S9Z,GBP,1,2.25
202-8019874-5733104,NN-TSZ1-X2RD,GBP,1,3.79
202-8025672-2900349,WX-L5UA-UB1Q,GBP,1,1.72
202-8029078-3058757,WX-L5UA-UB1Q,GBP,1,1.72
202-8041431-6495515,XH-0LAE-FQO5,GBP,1,2.9
202-8057515-6896363,F7-PMJ2-SG6A,GBP,10,27.0
202-8066304-4336340,DC-K5WH-R7F5,GBP,1,0.68
202-8076362-4585924,F7-PMJ2-SG6A,GBP,1,2.7
202-8082867-5778764,6V-EEC1-2S9Z,GBP,1,2.25
202-8084185-9579553,EV-CHU5-XU3G,GBP,1,2.73
202-8097399-7302733,XH-0LAE-FQO5,GBP,1,2.9
202-8100274-8553134,6V-EEC1-2S9Z,GBP,1,2.25
202-8107812-5964367,SU-5LQH-2DVN,GBP,1,2.19
202-8111066-2630760,A2-T2AC-TW3L,GBP,1,4.51
202-8133676-9711523,6V-EEC1-2S9Z,GBP,1,2.25
202-8142215-9326736,EV-CHU5-XU3G,GBP,1,2.73
202-8143882-7165929,6V-EEC1-2S9Z,GBP,1,2.25
202-8159502-2013148,JB-RGB6-LZOJ,GBP,1,2.47
202-8164101-8353967,AF-KIHX-ANYY,GBP,1,0.84
202-8168667-2280356,WX-L5UA-UB1Q,GBP,1,1.72
202-8169168-7685166,0H-5V53-GPG4,GBP,1,4.85
202-8175544-4105902,D7-MGBX-RX2P,GBP,1,2.43
202-8177851-4655561,6V-EEC1-2S9Z,GBP,1,2.25
202-8182226-2529903,EV-CHU5-XU3G,GBP,1,2.73
202-8182340-7288350,6V-EEC1-2S9Z,GBP,1,2.25
202-8185610-9007510,EV-CHU5-XU3G,GBP,1,2.73
202-8214548-5875545,WX-L5UA-UB1Q,GBP,1,1.72
202-8219902-9157932,A2-T2AC-TW3L,GBP,1,4.51
202-8224932-7813148,DC-K5WH-R7F5,GBP,4,2.72
202-8225256-3133155,Z7-26PV-O9LR,GBP,1,4.44
202-8226513-7672361,EV-CHU5-XU3G,GBP,1,2.73
202-8298326-7208323,6V-EEC1-2S9Z,GBP,1,2.25
202-8298923-8974720,EV-CHU5-XU3G,GBP,1,2.73
202-8302697-5223512,6V-EEC1-2S9Z,GBP,1,2.1
202-8306208-9778713,02-7AZG-O0CV,GBP,1,0.59
202-8322445-7341963,6V-EEC1-2S9Z,GBP,1,2.25
202-8322770-8717938,EV-CHU5-XU3G,GBP,1,2.73
202-8329196-6345900,JV-D1TI-6UF6,GBP,1,3.6
202-8336860-9839553,EV-CHU5-XU3G,GBP,1,2.73
202-8339908-0762729,VF-3T0K-DR5O,GBP,1,2.05
202-8341429-7516310,Z7-26PV-O9LR,GBP,1,4.44
202-8345774-7357116,SU-5LQH-2DVN,GBP,1,2.01
202-8348302-4778741,WX-L5UA-UB1Q,GBP,1,1.72
202-8350969-5296341,6V-EEC1-2S9Z,GBP,1,2.25
202-8353291-6656345,JV-D1TI-6UF6,GBP,1,3.6
202-8358178-3680330,TU-8I14-25ZR,GBP,1,12.67
202-8359691-6864344,WX-L5UA-UB1Q,GBP,1,1.72
202-8360645-3932348,A2-T2AC-TW3L,GBP,1,4.51
202-8364826-8135523,I2-6YKQ-CIBP,GBP,2,7.92
202-8374447-2766752,NN-TSZ1-X2RD,GBP,1,3.79
202-8386040-1209942,WX-L5UA-UB1Q,GBP,1,1.72
202-8399974-4033124,WX-L5UA-UB1Q,GBP,1,1.72
202-8452991-8344351,EV-CHU5-XU3G,GBP,1,2.73
202-8466432-0273903,CX-SMCH-4DYA,GBP,1,3.95
202-8496767-4865110,6V-EEC1-2S9Z,GBP,1,2.25
202-8543401-1806751,R4-0AXZ-ZZ9D,GBP,1,4.85
202-8548414-0800365,VF-3T0K-DR5O,GBP,1,2.05
202-8568286-2666706,RW-AZK6-O4M2,GBP,1,0.52
202-8582848-3581108,6V-EEC1-2S9Z,GBP,1,2.25
202-8585103-2477969,WX-L5UA-UB1Q,GBP,1,1.72
202-8585887-1381103,F7-PMJ2-SG6A,GBP,1,2.7
202-8601449-4206740,L1-54EX-56YC,GBP,1,5.35
202-8608298-0969127,D7-MGBX-RX2P,GBP,1,2.43
202-8609256-1345932,SC-LYFM-ORXK,GBP,1,4.2
202-8616386-0937940,WX-L5UA-UB1Q,GBP,1,1.72
202-8634247-8230756,XH-0LAE-FQO5,GBP,1,2.9
202-8641252-0491547,A2-T2AC-TW3L,GBP,1,4.51
202-8650717-8230700,WX-L5UA-UB1Q,GBP,1,1.72
202-8665918-1922753,NN-TSZ1-X2RD,GBP,1,3.79
202-8674245-9329965,WX-L5UA-UB1Q,GBP,1,1.72
202-8675765-9260367,6V-EEC1-2S9Z,GBP,1,2.25
202-8689074-9154730,6V-EEC1-2S9Z,GBP,1,2.25
202-8689476-5885912,JB-RGB6-LZOJ,GBP,1,2.47
202-8706156-6538725,BQ-O3OI-FTJU,GBP,1,6.5
202-8707024-2279534,MW-9K5M-VKW8,GBP,1,13.65
202-8728115-6721155,6V-EEC1-2S9Z,GBP,1,2.25
202-8737821-6491503,N7-A24N-WJA7,GBP,1,3.01
202-8742733-5448331,EV-CHU5-XU3G,GBP,1,2.73
202-8743360-7342712,3B-3H3V-Z93T,GBP,1,1.6
202-8747441-6716328,T8-6UWL-I3E1,GBP,1,1.48
202-8749094-3397143,0H-5V53-GPG4,GBP,1,4.85
202-8767225-9911504,WX-L5UA-UB1Q,GBP,1,1.72
202-8772957-0561968,8R-E0Y9-0LAU,GBP,1,38.1
202-8773774-3209942,WX-L5UA-UB1Q,GBP,1,1.72
202-8779431-8989906,VF-3T0K-DR5O,GBP,1,2.05
202-8789029-2246714,EV-CHU5-XU3G,GBP,1,2.73
202-8801859-6250757,WX-L5UA-UB1Q,GBP,1,1.72
202-8828299-1901144,VL-48KZ-J3F2,GBP,1,1.06
202-8832472-9065111,WX-L5UA-UB1Q,GBP,1,1.72
202-8832583-6765967,6V-EEC1-2S9Z,GBP,1,2.1
202-8838890-1831505,WX-L5UA-UB1Q,GBP,1,1.72
202-8851004-4707529,NN-TSZ1-X2RD,GBP,2,6.98
202-8860486-5110735,VU-8KRA-QP5M,GBP,1,4.32
202-8864017-0365923,6V-EEC1-2S9Z,GBP,1,2.25
202-8864493-2188313,WX-L5UA-UB1Q,GBP,1,1.72
202-8895078-2724346,6V-EEC1-2S9Z,GBP,1,2.25
202-8918623-7245934,WX-L5UA-UB1Q,GBP,1,1.72
202-8924707-6493144,DC-K5WH-R7F5,GBP,1,0.68
202-8939527-9514762,XE-YPAI-HX9F,GBP,1,4.7
202-8940096-1754747,6V-EEC1-2S9Z,GBP,1,2.25
202-8959254-3921116,6V-EEC1-2S9Z,GBP,4,9.0
202-8962887-0866713,Z7-26PV-O9LR,GBP,1,4.44
202-8971188-5038717,6V-EEC1-2S9Z,GBP,1,2.25
202-8972746-2372358,A2-T2AC-TW3L,GBP,1,4.51
202-8977347-5113110,JB-RGB6-LZOJ,GBP,1,2.47
202-8984489-0714705,8R-E0Y9-0LAU,GBP,1,38.1
202-8985021-5882747,DC-K5WH-R7F5,GBP,1,0.68
202-8986915-4556366,F7-PMJ2-SG6A,GBP,1,2.7
202-8991130-4499564,6V-EEC1-2S9Z,GBP,1,2.25
202-8992194-5053919,6V-EEC1-2S9Z,GBP,1,2.25
202-9009607-5536300,6V-EEC1-2S9Z,GBP,3,6.75
202-9027869-8397951,A2-T2AC-TW3L,GBP,1,4.51
202-9031944-9657131,I2-6YKQ-CIBP,GBP,1,3.96
202-9034501-4797143,JV-D1TI-6UF6,GBP,1,3.6
202-9039879-2037157,6V-EEC1-2S9Z,GBP,2,4.5
202-9042806-7642704,NN-TSZ1-X2RD,GBP,1,3.79
202-9048636-2846749,6V-EEC1-2S9Z,GBP,1,2.25
202-9049619-5813933,VL-48KZ-J3F2,GBP,1,1.06
202-9085322-2117954,N7-A24N-WJA7,GBP,1,3.01
202-9086065-3578723,EV-CHU5-XU3G,GBP,1,2.73
202-9087979-3377957,A2-T2AC-TW3L,GBP,1,4.51
202-9099139-0051534,6V-EEC1-2S9Z,GBP,1,2.25
202-9109674-1320334,VF-3T0K-DR5O,GBP,1,2.05
202-9118280-5979517,A2-T2AC-TW3L,GBP,1,4.51
202-9120441-4230732,4W-VS57-BV6A,GBP,1,18.5
202-9130347-3793957,6V-EEC1-2S9Z,GBP,1,2.25
202-9151474-6090760,A2-T2AC-TW3L,GBP,1,4.51
202-9159798-9972343,79-CPJ6-DSG6,GBP,1,13.65
202-9162664-0244330,AX-NKNU-29C1,GBP,1,0.61
202-9168682-7903509,6V-EEC1-2S9Z,GBP,1,2.25
202-9172355-7733103,NN-TSZ1-X2RD,GBP,2,7.98
202-9173129-0888362,Z7-26PV-O9LR,GBP,1,4.44
202-9174843-2210736,6V-EEC1-2S9Z,GBP,1,2.1
202-9188248-1867506,XH-0LAE-FQO5,GBP,2,5.8
202-9195532-1768312,EE-KTDC-KCFY,GBP,1,3.46
202-9205296-4503505,A2-T2AC-TW3L,GBP,1,4.51
202-9210357-8836321,DC-K5WH-R7F5,GBP,1,0.68
202-9212397-2846702,MW-9K5M-VKW8,GBP,1,13.65
202-9213633-1573912,F7-PMJ2-SG6A,GBP,1,2.7
202-9214856-2377122,4U-9ZL6-9G0Y,GBP,1,1.26
202-9247911-7541127,6V-EEC1-2S9Z,GBP,1,2.25
202-9264991-1813913,6V-EEC1-2S9Z,GBP,1,2.25
202-9281090-8055533,F7-PMJ2-SG6A,GBP,1,2.7
202-9286314-6521116,WX-L5UA-UB1Q,GBP,1,1.72
202-9286671-9457143,NN-TSZ1-X2RD,GBP,1,3.99
202-9307946-0145154,A2-T2AC-TW3L,GBP,1,4.51
202-9308241-4574752,8M-NHB7-T8TR,GBP,1,15.26
202-9327350-9228309,D0-C7C0-H6LN,GBP,1,2.74
202-9337824-8445123,WX-L5UA-UB1Q,GBP,1,1.72
202-9354624-2423517,Z7-26PV-O9LR,GBP,1,4.44
202-9364394-2212311,WX-L5UA-UB1Q,GBP,1,1.72
202-9404116-5650758,WX-L5UA-UB1Q,GBP,1,1.72
202-9423782-7945110,DC-K5WH-R7F5,GBP,1,0.68
202-9454845-8675567,SR-6OBB-WC03,GBP,2,5.72
202-9455348-2699565,2G-AYBQ-TUQG,GBP,1,8.27
202-9462671-0072315,LV-425G-BY4X,GBP,1,16.38
202-9469501-7080302,6V-EEC1-2S9Z,GBP,1,2.25
202-9472150-1691548,DC-K5WH-R7F5,GBP,1,0.68
202-9478557-7773923,A2-T2AC-TW3L,GBP,1,4.51
202-9482098-0801116,LV-425G-BY4X,GBP,1,16.38
202-9488622-6116310,VF-3T0K-DR5O,GBP,1,2.05
202-9492645-8568310,RB-82FL-T88J,GBP,1,14.5
202-9499609-1109158,DC-K5WH-R7F5,GBP,1,0.68
202-9502006-7034764,A2-T2AC-TW3L,GBP,1,4.51
202-9502915-9661949,XG-Z9LW-Z27Q,GBP,1,1.99
202-9514895-9495550,DC-K5WH-R7F5,GBP,1,0.68
202-9539037-5863548,6V-EEC1-2S9Z,GBP,1,2.25
202-9551011-1396355,6V-EEC1-2S9Z,GBP,1,2.25
202-9551332-2497957,6V-EEC1-2S9Z,GBP,1,2.25
202-9560613-7714761,VF-3T0K-DR5O,GBP,1,2.05
202-9567018-3416359,6V-EEC1-2S9Z,GBP,1,2.25
202-9572138-3117142,6V-EEC1-2S9Z,GBP,2,4.5
202-9572278-4833115,A2-T2AC-TW3L,GBP,1,4.51
202-9576506-9334710,6V-EEC1-2S9Z,GBP,2,4.5
202-9589697-5313167,VF-3T0K-DR5O,GBP,1,2.05
202-9593457-7551509,0H-5V53-GPG4,GBP,1,4.85
202-9597232-5338759,RB-82FL-T88J,GBP,1,14.5
202-9607769-0505919,6V-EEC1-2S9Z,GBP,1,2.25
202-9614897-0241947,6V-EEC1-2S9Z,GBP,1,2.25
202-9615602-8593164,DC-K5WH-R7F5,GBP,1,0.68
202-9616308-3720313,A2-T2AC-TW3L,GBP,1,4.51
202-9631656-4589142,NN-TSZ1-X2RD,GBP,1,3.79
202-9642053-2260348,Z3-ORV9-K8XD,GBP,1,6.56
202-9657299-3725117,N7-A24N-WJA7,GBP,1,3.01
202-9685864-9240316,WX-L5UA-UB1Q,GBP,1,1.72
202-9693501-4323523,NN-TSZ1-X2RD,GBP,1,3.99
202-9695224-4857939,WX-L5UA-UB1Q,GBP,1,1.72
202-9716994-1399555,6V-EEC1-2S9Z,GBP,1,2.25
202-9728876-0250732,NN-TSZ1-X2RD,GBP,1,3.79
202-9732458-2473169,WX-L5UA-UB1Q,GBP,1,1.72
202-9732844-0423543,WX-L5UA-UB1Q,GBP,1,1.72
202-9746229-4824304,EV-CHU5-XU3G,GBP,1,2.73
202-9746948-6833952,VU-8KRA-QP5M,GBP,1,4.32
202-9770808-3156306,XH-0LAE-FQO5,GBP,1,2.9
202-9779579-4401933,Z3-ORV9-K8XD,GBP,1,6.56
202-9798449-3809157,AF-KIHX-ANYY,GBP,1,0.84
202-9801501-6074700,6V-EEC1-2S9Z,GBP,1,2.25
202-9805135-0966758,VU-8KRA-QP5M,GBP,1,4.32
202-9806653-6036354,XH-0LAE-FQO5,GBP,1,2.9
202-9809269-9064338,A2-T2AC-TW3L,GBP,1,4.51
202-9819258-0500320,NN-TSZ1-X2RD,GBP,1,3.49
202-9825204-4957913,DC-K5WH-R7F5,GBP,1,0.68
202-9837632-9214738,6V-EEC1-2S9Z,GBP,1,2.25
202-9885947-1106728,8R-E0Y9-0LAU,GBP,1,34.65
202-9894096-6304319,Z7-26PV-O9LR,GBP,1,4.44
202-9911032-6477169,A2-T2AC-TW3L,GBP,1,4.51
202-9915080-8917967,WX-L5UA-UB1Q,GBP,1,1.72
202-9920480-2939539,A2-T2AC-TW3L,GBP,1,4.51
202-9924679-4001149,7H-7G2P-ONWJ,GBP,5,4.4
202-9928276-0099522,6V-EEC1-2S9Z,GBP,1,2.25
202-9931834-2500331,6V-EEC1-2S9Z,GBP,1,2.25
202-9939626-9381935,3X-EXDD-TD2K,GBP,1,20.37
202-9967421-7999517,XH-0LAE-FQO5,GBP,1,2.9
202-9969160-4806717,WX-L5UA-UB1Q,GBP,1,1.72
202-9972195-2432321,Z3-ORV9-K8XD,GBP,1,6.56
202-9976672-9737925,DC-K5WH-R7F5,GBP,1,0.68
203-0000238-5226721,R7-98IN-2PW8,GBP,1,2.5
203-0007047-5639518,DT-SPI3-IK34,GBP,1,3.74
203-0016190-3825117,VU-8KRA-QP5M,GBP,1,4.32
203-0022178-7187524,6V-EEC1-2S9Z,GBP,1,2.25
203-0022752-8740373,L3-ZQ8U-A7LQ,GBP,1,3.4
203-0030095-8210759,6V-EEC1-2S9Z,GBP,1,2.25
203-0032341-8993976,X7-MY4W-H2I4,GBP,1,2.28
203-0038284-6083558,WX-L5UA-UB1Q,GBP,1,1.72
203-0051065-9094760,6V-EEC1-2S9Z,GBP,1,2.25
203-0051560-9076321,Z9-FBUQ-EZN3,GBP,1,2.89
203-0053532-5335521,6V-EEC1-2S9Z,GBP,1,2.25
203-0057761-9309939,NN-TSZ1-X2RD,GBP,1,3.79
203-0071653-7307529,6V-EEC1-2S9Z,GBP,1,2.25
203-0079371-8373937,6V-EEC1-2S9Z,GBP,1,2.25
203-0113300-9957931,WX-L5UA-UB1Q,GBP,1,1.72
203-0120357-1485966,WX-L5UA-UB1Q,GBP,3,5.16
203-0121583-1979548,A2-T2AC-TW3L,GBP,1,4.51
203-0143770-6515565,Z7-26PV-O9LR,GBP,1,4.44
203-0156905-7828354,A2-T2AC-TW3L,GBP,1,4.51
203-0157043-6980369,EV-CHU5-XU3G,GBP,1,2.73
203-0163750-2449979,WX-L5UA-UB1Q,GBP,1,1.72
203-0174294-3869170,6V-EEC1-2S9Z,GBP,1,2.25
203-0180279-3033123,DC-K5WH-R7F5,GBP,2,1.36
203-0191431-2165931,6V-EEC1-2S9Z,GBP,1,2.25
203-0201262-2085974,A2-T2AC-TW3L,GBP,1,4.51
203-0206393-2261905,DC-K5WH-R7F5,GBP,1,0.68
203-0211046-7545125,N7-A24N-WJA7,GBP,1,3.01
203-0222023-4393154,VU-8KRA-QP5M,GBP,1,4.32
203-0225400-9909943,6V-EEC1-2S9Z,GBP,2,4.5
203-0225527-3617179,6V-EEC1-2S9Z,GBP,1,2.25
203-0233574-7434741,XH-0LAE-FQO5,GBP,1,2.9
203-0238191-4285113,6V-EEC1-2S9Z,GBP,1,2.25
203-0247308-9057105,AX-NKNU-29C1,GBP,1,0.61
203-0252369-9903574,D7-MGBX-RX2P,GBP,1,2.43
203-0254398-6882728,6V-EEC1-2S9Z,GBP,1,2.25
203-0258832-5588322,SU-5LQH-2DVN,GBP,1,2.19
203-0276566-4885935,XH-0LAE-FQO5,GBP,1,2.9
203-0277848-4005175,7L-OT45-7LYB,GBP,1,1.16
203-0278068-5417927,714776,GBP,1,1.21
203-0282658-6043566,SR-6OBB-WC03,GBP,3,8.58
203-0286513-0442722,6V-EEC1-2S9Z,GBP,1,2.25
203-0291736-7170776,WX-L5UA-UB1Q,GBP,1,1.72
203-0310058-9573145,WX-L5UA-UB1Q,GBP,1,1.72
203-0328444-6477911,R7-98IN-2PW8,GBP,1,2.5
203-0336079-8947538,6V-EEC1-2S9Z,GBP,3,6.75
203-0340337-7933936,6V-EEC1-2S9Z,GBP,1,2.25
203-0346650-3257920,DC-K5WH-R7F5,GBP,1,0.68
203-0353336-5544330,Z3-ORV9-K8XD,GBP,1,6.56
203-0358208-0829114,VF-3T0K-DR5O,GBP,1,2.05
203-0367559-0161973,A2-T2AC-TW3L,GBP,1,4.51
203-0386763-7885112,WX-L5UA-UB1Q,GBP,1,1.72
203-0387202-4072306,DC-K5WH-R7F5,GBP,1,0.63
203-0395402-2113913,4F-HT42-FD26,GBP,1,3.33
203-0398720-8290724,MY-KL21-NMV5,GBP,1,18.5
203-0410352-7286732,EV-CHU5-XU3G,GBP,1,2.73
203-0412202-0700310,A2-T2AC-TW3L,GBP,1,4.51
203-0424604-6756322,Z3-ORV9-K8XD,GBP,1,6.56
203-0425980-7576357,6V-EEC1-2S9Z,GBP,1,2.25
203-0445141-7905153,DC-K5WH-R7F5,GBP,1,0.68
203-0457425-5126762,A2-T2AC-TW3L,GBP,1,4.51
203-0458433-0053113,DC-K5WH-R7F5,GBP,1,0.68
203-0460641-1246737,6V-EEC1-2S9Z,GBP,1,2.25
203-0463036-7818745,WX-L5UA-UB1Q,GBP,1,1.72
203-0468798-3457956,6V-EEC1-2S9Z,GBP,1,2.25
203-0478708-5152313,SC-LYFM-ORXK,GBP,1,4.2
203-0488969-2500354,WX-L5UA-UB1Q,GBP,1,1.72
203-0490738-7207542,DC-K5WH-R7F5,GBP,1,0.68
203-0494890-0322758,A2-T2AC-TW3L,GBP,2,9.02
203-0504563-6267559,6V-EEC1-2S9Z,GBP,1,2.25
203-0504629-1974752,DC-K5WH-R7F5,GBP,1,0.68
203-0507977-8896320,XH-0LAE-FQO5,GBP,1,2.9
203-0519524-5324323,WX-L5UA-UB1Q,GBP,1,1.72
203-0522826-0353132,WX-L5UA-UB1Q,GBP,1,1.72
203-0552794-8065111,A2-T2AC-TW3L,GBP,1,4.51
203-0556080-8957919,6V-EEC1-2S9Z,GBP,1,2.25
203-0571233-1503568,L1-54EX-56YC,GBP,1,5.35
203-0572466-6769140,WX-L5UA-UB1Q,GBP,1,1.72
203-0577936-4872355,WX-L5UA-UB1Q,GBP,1,1.72
203-0585028-1086757,SR-6OBB-WC03,GBP,1,2.86
203-0589066-2107554,6V-EEC1-2S9Z,GBP,1,2.25
203-0599284-0184318,JH-97NP-GJDG,GBP,1,0.78
203-0619999-7716368,6V-EEC1-2S9Z,GBP,1,2.25
203-0644064-1027556,6V-EEC1-2S9Z,GBP,1,2.25
203-0647092-2530750,A2-T2AC-TW3L,GBP,1,4.51
203-0661255-4636314,A2-T2AC-TW3L,GBP,1,4.51
203-0688405-3298762,EV-CHU5-XU3G,GBP,1,2.73
203-0720010-3013109,6V-EEC1-2S9Z,GBP,1,2.25
203-0734043-2984364,WX-L5UA-UB1Q,GBP,1,1.72
203-0736104-7556338,Z7-26PV-O9LR,GBP,1,4.44
203-0759731-1501154,7L-OT45-7LYB,GBP,1,1.16
203-0762833-6045954,6V-EEC1-2S9Z,GBP,1,2.25
203-0783777-1929913,7L-OT45-7LYB,GBP,1,1.16
203-0793823-0859555,3B-3H3V-Z93T,GBP,1,1.6
203-0813457-8876350,A2-T2AC-TW3L,GBP,1,4.51
203-0826015-6932354,8M-NHB7-T8TR,GBP,1,11.57
203-0826642-3925156,WX-L5UA-UB1Q,GBP,1,1.72
203-0829509-8475561,8R-E0Y9-0LAU,GBP,1,34.65
203-0846783-0609166,49-4UKW-G81R,GBP,1,3.04
203-0861468-2461903,A2-T2AC-TW3L,GBP,1,4.51
203-0870476-9893969,D7-MGBX-RX2P,GBP,1,2.43
203-0874981-9193926,WX-L5UA-UB1Q,GBP,1,1.72
203-0908282-3036315,6V-EEC1-2S9Z,GBP,1,2.25
203-0917482-9686723,6V-EEC1-2S9Z,GBP,1,2.25
203-0917999-0368354,Z3-ORV9-K8XD,GBP,1,6.56
203-0921772-1855556,A2-T2AC-TW3L,GBP,1,4.51
203-0929861-0512337,DC-K5WH-R7F5,GBP,1,0.68
203-0947673-0644355,XE-YPAI-HX9F,GBP,1,4.58
203-0949438-9477136,6V-EEC1-2S9Z,GBP,1,2.25
203-0953874-2534731,0G-JB6S-PN34,GBP,1,2.74
203-0960862-3018752,49-4UKW-G81R,GBP,1,3.04
203-0970782-8549951,VF-3T0K-DR5O,GBP,1,2.05
203-0991823-0800341,DC-K5WH-R7F5,GBP,1,0.68
203-0993771-7861166,T8-6UWL-I3E1,GBP,1,1.48
203-0996135-0921969,6V-EEC1-2S9Z,GBP,1,2.25
203-0996310-2349132,JV-D1TI-6UF6,GBP,1,3.6
203-0998043-2306705,WX-L5UA-UB1Q,GBP,1,1.72
203-0998664-8606737,6V-EEC1-2S9Z,GBP,1,2.25
203-1019044-5541105,A2-T2AC-TW3L,GBP,1,4.51
203-1021736-5963537,Z3-ORV9-K8XD,GBP,1,6.56
203-1026116-7896328,6V-EEC1-2S9Z,GBP,2,4.5
203-1027681-8514746,6V-EEC1-2S9Z,GBP,3,6.75
203-1031803-8055567,RZ-6ZL9-CZ7J,GBP,1,2.42
203-1040303-9437950,XH-0LAE-FQO5,GBP,2,5.8
203-1049844-4620351,T8-6UWL-I3E1,GBP,1,1.48
203-1058294-8277901,VF-3T0K-DR5O,GBP,1,2.05
203-1059970-4941902,XE-YPAI-HX9F,GBP,1,4.58
203-1063451-9119510,JB-RGB6-LZOJ,GBP,1,2.47
203-1066138-2044341,6V-EEC1-2S9Z,GBP,1,2.25
203-1082671-3592364,ZU-PFDN-JSYV,GBP,1,4.89
203-1090207-9038701,XG-Z9LW-Z27Q,GBP,1,1.99
203-1091572-5171524,A2-T2AC-TW3L,GBP,1,4.51
203-1094656-1601916,EV-CHU5-XU3G,GBP,1,2.73
203-1104458-8220362,7L-OT45-7LYB,GBP,1,1.16
203-1134265-6839501,6V-EEC1-2S9Z,GBP,1,2.25
203-1144833-0402737,6V-EEC1-2S9Z,GBP,1,2.25
203-1158954-1668303,XH-0LAE-FQO5,GBP,1,2.9
203-1160640-3130713,6V-EEC1-2S9Z,GBP,1,2.1
203-1162146-0256302,49-4UKW-G81R,GBP,2,6.08
203-1166128-0561114,Z3-ORV9-K8XD,GBP,1,6.56
203-1166324-1301918,WX-L5UA-UB1Q,GBP,1,1.72
203-1168164-2401942,A2-T2AC-TW3L,GBP,1,4.51
203-1168223-3133942,SU-5LQH-2DVN,GBP,1,2.19
203-1172467-8885931,6P-IWYA-X18B,GBP,1,4.31
203-1174333-1936356,DC-K5WH-R7F5,GBP,1,0.68
203-1176399-9717118,4F-HT42-FD26,GBP,1,3.33
203-1196175-1430758,6V-EEC1-2S9Z,GBP,1,2.25
203-1204215-2958759,GA-9DTN-9O1E,GBP,1,18.18
203-1207427-5506736,6V-EEC1-2S9Z,GBP,1,2.25
203-1211550-7852353,VF-3T0K-DR5O,GBP,1,2.05
203-1228771-2284328,WX-L5UA-UB1Q,GBP,1,1.72
203-1249596-9034707,A2-T2AC-TW3L,GBP,1,4.51
203-1260209-6148333,A2-T2AC-TW3L,GBP,1,4.51
203-1264612-4057956,6V-EEC1-2S9Z,GBP,1,2.25
203-1265858-9034747,WX-L5UA-UB1Q,GBP,1,1.84
203-1265886-7605922,6V-EEC1-2S9Z,GBP,1,2.25
203-1271553-4146768,VF-3T0K-DR5O,GBP,1,2.05
203-1275347-4518757,EV-CHU5-XU3G,GBP,1,2.73
203-1278024-4087562,714776,GBP,1,1.21
203-1281972-0772318,6V-EEC1-2S9Z,GBP,1,2.25
203-1285650-0741162,XE-27ZG-EZPZ,GBP,1,1.23
203-1292156-5589914,A2-T2AC-TW3L,GBP,1,4.51
203-1303965-7440342,6V-EEC1-2S9Z,GBP,1,2.25
203-1341447-8064315,NN-TSZ1-X2RD,GBP,1,3.79
203-1345257-9499542,6V-EEC1-2S9Z,GBP,1,2.25
203-1369612-3900304,6V-EEC1-2S9Z,GBP,1,2.25
203-1378809-2965908,WX-L5UA-UB1Q,GBP,1,1.72
203-1407692-9325956,Z7-26PV-O9LR,GBP,1,4.44
203-1411548-0033964,Z7-26PV-O9LR,GBP,1,4.44
203-1413299-8390716,6V-EEC1-2S9Z,GBP,1,2.25
203-1418302-9081128,A2-T2AC-TW3L,GBP,1,4.51
203-1421424-3517902,T8-6UWL-I3E1,GBP,2,2.96
203-1422438-6776355,GH-PONH-K4WQ,GBP,2,7.56
203-1468614-0793152,DC-K5WH-R7F5,GBP,1,0.68
203-1474831-1813110,9X-7TBD-NA16,GBP,1,1.99
203-1482436-6981101,NN-TSZ1-X2RD,GBP,3,11.97
203-1484254-5606728,WX-L5UA-UB1Q,GBP,1,1.72
203-1491329-5189105,DC-K5WH-R7F5,GBP,1,0.63
203-1491941-2466758,A2-T2AC-TW3L,GBP,1,4.51
203-1492401-0244320,JL-VTP2-JF3Q,GBP,1,6.95
203-1551325-1581120,6V-EEC1-2S9Z,GBP,1,2.25
203-1558018-1744359,XH-0LAE-FQO5,GBP,1,2.9
203-1561226-8048310,XH-0LAE-FQO5,GBP,1,2.9
203-1570062-5006743,MW-9K5M-VKW8,GBP,1,13.65
203-1573671-0209942,6V-EEC1-2S9Z,GBP,1,2.25
203-1575133-3909153,WX-L5UA-UB1Q,GBP,1,1.72
203-1589861-2187504,VF-3T0K-DR5O,GBP,1,2.05
203-1602218-6009106,D7-MGBX-RX2P,GBP,1,2.43
203-1602447-1081940,DC-K5WH-R7F5,GBP,1,0.68
203-1603685-2807532,6V-EEC1-2S9Z,GBP,1,2.25
203-1609313-7246703,PY-XV78-3OG5,GBP,1,20.51
203-1612306-4632343,VF-3T0K-DR5O,GBP,1,2.05
203-1614321-7024369,6V-EEC1-2S9Z,GBP,1,2.25
203-1615208-1294762,VF-3T0K-DR5O,GBP,1,2.05
203-1616696-6835528,6V-EEC1-2S9Z,GBP,1,2.25
203-1620349-6959560,DC-K5WH-R7F5,GBP,1,0.68
203-1628572-5631556,6V-EEC1-2S9Z,GBP,1,2.25
203-1647984-9688350,DC-K5WH-R7F5,GBP,1,0.68
203-1660367-8573135,DC-K5WH-R7F5,GBP,1,0.68
203-1669045-0673921,VF-3T0K-DR5O,GBP,1,2.05
203-1673357-8859515,6V-EEC1-2S9Z,GBP,1,2.25
203-1675790-5920337,6V-EEC1-2S9Z,GBP,1,2.25
203-1678482-7527510,DC-K5WH-R7F5,GBP,1,0.68
203-1701666-4803509,EV-CHU5-XU3G,GBP,1,2.73
203-1735801-5013132,DC-K5WH-R7F5,GBP,1,0.68
203-1744279-7241144,DC-K5WH-R7F5,GBP,1,0.68
203-1752291-5523512,6V-EEC1-2S9Z,GBP,1,2.25
203-1753547-9916301,6V-EEC1-2S9Z,GBP,1,2.25
203-1757927-8868329,NN-TSZ1-X2RD,GBP,1,3.99
203-1763941-3872345,6V-EEC1-2S9Z,GBP,1,2.25
203-1776758-7909906,6V-EEC1-2S9Z,GBP,1,2.25
203-1781391-8734702,LV-425G-BY4X,GBP,1,16.38
203-1797609-3732306,A2-T2AC-TW3L,GBP,1,4.51
203-1808427-7350716,6V-EEC1-2S9Z,GBP,1,2.25
203-1818899-1417145,XE-YPAI-HX9F,GBP,1,4.7
203-1821009-6593114,0H-5V53-GPG4,GBP,1,4.85
203-1824253-7746738,3X-EXDD-TD2K,GBP,1,20.37
203-1833485-3745914,6V-EEC1-2S9Z,GBP,1,2.25
203-1839171-4789959,6V-EEC1-2S9Z,GBP,1,2.25
203-1843569-9774719,D7-MGBX-RX2P,GBP,8,19.44
203-1845863-7364302,WX-L5UA-UB1Q,GBP,1,1.72
203-1859888-9164322,WX-L5UA-UB1Q,GBP,1,1.72
203-1864018-5714769,3B-3H3V-Z93T,GBP,1,1.6
203-1864387-2423555,A2-T2AC-TW3L,GBP,1,4.51
203-1866381-7943519,6V-EEC1-2S9Z,GBP,1,2.25
203-1877624-9650747,WX-L5UA-UB1Q,GBP,1,1.72
203-1882345-8888348,A2-T2AC-TW3L,GBP,1,4.51
203-1888726-2718757,A2-T2AC-TW3L,GBP,1,4.51
203-1900263-6855541,WX-L5UA-UB1Q,GBP,1,1.72
203-1925905-4388300,Z7-26PV-O9LR,GBP,1,4.44
203-1957353-9360360,Z3-ORV9-K8XD,GBP,1,6.56
203-1965023-7241127,A2-T2AC-TW3L,GBP,1,4.51
203-1976668-6137952,A2-T2AC-TW3L,GBP,1,4.51
203-1976837-5949103,8R-E0Y9-0LAU,GBP,1,38.1
203-1984836-0182735,DC-K5WH-R7F5,GBP,1,0.68
203-1988880-5065928,WX-L5UA-UB1Q,GBP,1,1.72
203-1992076-2681957,6V-EEC1-2S9Z,GBP,1,2.25
203-2002141-9058731,A2-T2AC-TW3L,GBP,2,9.02
203-2013652-5728368,D2-8SPY-Q095,GBP,1,2.42
203-2016527-2669122,SR-6OBB-WC03,GBP,1,2.86
203-2018441-8753147,DC-K5WH-R7F5,GBP,1,0.68
203-2021832-0907532,6V-EEC1-2S9Z,GBP,1,2.25
203-2035769-1242713,XH-0LAE-FQO5,GBP,1,2.9
203-2042822-3609910,2G-AYBQ-TUQG,GBP,1,8.27
203-2047179-7505127,WX-L5UA-UB1Q,GBP,1,1.72
203-2051971-8921969,NN-TSZ1-X2RD,GBP,1,3.79
203-2063903-5917145,6V-EEC1-2S9Z,GBP,1,2.25
203-2068762-2601167,6V-EEC1-2S9Z,GBP,1,2.25
203-2102725-2462733,6V-EEC1-2S9Z,GBP,1,2.25
203-2117719-0425134,DC-K5WH-R7F5,GBP,1,0.68
203-2120806-9351521,JB-RGB6-LZOJ,GBP,1,2.47
203-2129227-8413924,TU-8I14-25ZR,GBP,1,12.67
203-2152520-0356327,F7-PMJ2-SG6A,GBP,2,5.4
203-2156008-9079528,XH-0LAE-FQO5,GBP,2,5.8
203-2158054-2969119,AX-NKNU-29C1,GBP,1,0.61
203-2176361-9043511,WX-L5UA-UB1Q,GBP,1,1.72
203-2179312-5647545,6V-EEC1-2S9Z,GBP,1,2.25
203-2197019-0361957,T8-6UWL-I3E1,GBP,2,2.96
203-2201489-7950751,6V-EEC1-2S9Z,GBP,1,2.25
203-2203658-7980353,6V-EEC1-2S9Z,GBP,1,2.25
203-2203692-1143545,WX-L5UA-UB1Q,GBP,1,1.72
203-2203792-5673943,DC-K5WH-R7F5,GBP,2,1.36
203-2212921-1515513,WX-L5UA-UB1Q,GBP,1,1.72
203-2216614-7869140,N7-A24N-WJA7,GBP,1,3.01
203-2220364-0659536,8L-INBX-OUTU,GBP,1,2.49
203-2224968-3453140,6V-EEC1-2S9Z,GBP,3,6.75
203-2232439-0153141,3T-6QPR-E2MV,GBP,1,4.65
203-2245411-7888320,6V-EEC1-2S9Z,GBP,1,2.25
203-2260256-3201104,VF-3T0K-DR5O,GBP,1,2.05
203-2260586-9529120,9X-7TBD-NA16,GBP,1,1.99
203-2261806-8535568,A2-T2AC-TW3L,GBP,1,4.51
203-2273877-7815522,F7-PMJ2-SG6A,GBP,2,5.4
203-2276702-6786705,DC-K5WH-R7F5,GBP,1,0.68
203-2284273-0327524,H6-E7MP-EBPD,GBP,1,8.45
203-2298395-2540368,6V-EEC1-2S9Z,GBP,1,2.25
203-2299436-6400366,LV-425G-BY4X,GBP,1,16.38
203-2316990-4455533,MW-9K5M-VKW8,GBP,1,13.65
203-2329041-4277927,EV-CHU5-XU3G,GBP,1,2.73
203-2346752-6209925,WX-L5UA-UB1Q,GBP,1,1.72
203-2352203-8613943,6V-EEC1-2S9Z,GBP,1,2.25
203-2356632-3105919,SU-5LQH-2DVN,GBP,1,2.19
203-2357314-2567533,VU-8KRA-QP5M,GBP,1,4.32
203-2374980-0806763,WX-L5UA-UB1Q,GBP,1,1.72
203-2376799-2001132,79-CPJ6-DSG6,GBP,1,13.65
203-2380410-7657967,XH-0LAE-FQO5,GBP,1,2.9
203-2385137-7922760,EV-CHU5-XU3G,GBP,1,2.73
203-2395294-7767569,NN-TSZ1-X2RD,GBP,1,3.99
203-2426099-5020367,WX-L5UA-UB1Q,GBP,1,1.72
203-2430026-1223540,WX-L5UA-UB1Q,GBP,1,1.72
203-2430596-5774715,VL-48KZ-J3F2,GBP,1,1.06
203-2430801-5192318,VF-3T0K-DR5O,GBP,1,2.05
203-2435091-2812315,F7-PMJ2-SG6A,GBP,5,13.5
203-2444903-6501929,A2-T2AC-TW3L,GBP,1,4.51
203-2447612-7849910,ZV-RLOD-Q0JI,GBP,1,7.55
203-2461262-9556335,6V-EEC1-2S9Z,GBP,1,2.25
203-2461498-1349149,XH-0LAE-FQO5,GBP,1,2.9
203-2462382-6843540,7L-OT45-7LYB,GBP,1,1.16
203-2469124-3232350,EV-CHU5-XU3G,GBP,1,2.73
203-2483295-9832333,WX-L5UA-UB1Q,GBP,1,1.72
203-2491056-8259551,8U-QPFH-3EKQ,GBP,1,2.93
203-2510298-5321939,6V-EEC1-2S9Z,GBP,1,2.25
203-2516771-5345129,L3-ZQ8U-A7LQ,GBP,1,3.7
203-2531513-2069934,NN-TSZ1-X2RD,GBP,2,7.58
203-2541362-3808348,DC-K5WH-R7F5,GBP,1,0.68
203-2542466-6573903,WX-L5UA-UB1Q,GBP,1,1.72
203-2546646-9464316,6V-EEC1-2S9Z,GBP,1,2.25
203-2547918-9548308,6V-EEC1-2S9Z,GBP,1,2.25
203-2586497-5380360,TU-8I14-25ZR,GBP,1,12.67
203-2587194-0738759,6V-EEC1-2S9Z,GBP,1,2.25
203-2589064-4002729,6V-EEC1-2S9Z,GBP,2,4.5
203-2589554-2865901,A2-T2AC-TW3L,GBP,1,4.51
203-2595061-3980316,TU-8I14-25ZR,GBP,1,12.67
203-2612390-4540364,WX-L5UA-UB1Q,GBP,1,1.72
203-2613859-6334763,A2-T2AC-TW3L,GBP,1,4.51
203-2624903-5059522,D7-MGBX-RX2P,GBP,1,2.43
203-2657059-4365933,A2-T2AC-TW3L,GBP,1,4.51
203-2661820-5365933,VL-48KZ-J3F2,GBP,1,1.06
203-2673995-6943553,A2-T2AC-TW3L,GBP,1,4.51
203-2694496-2137957,WX-L5UA-UB1Q,GBP,1,1.72
203-2694995-4405138,VF-3T0K-DR5O,GBP,2,4.1
203-2703860-5733138,6V-EEC1-2S9Z,GBP,1,2.25
203-2731367-5465926,6V-EEC1-2S9Z,GBP,1,2.25
203-2746379-8552340,6V-EEC1-2S9Z,GBP,1,2.25
203-2779467-5158701,Z7-26PV-O9LR,GBP,1,4.44
203-2793265-8626748,6V-EEC1-2S9Z,GBP,1,2.25
203-2795888-3654717,GK-YI4S-C158,GBP,1,2.58
203-2818302-8916301,6V-EEC1-2S9Z,GBP,1,2.25
203-2820872-4777106,XH-0LAE-FQO5,GBP,1,2.9
203-2822280-5373138,6V-EEC1-2S9Z,GBP,1,2.25
203-2824140-1473168,Z7-26PV-O9LR,GBP,1,4.44
203-2827694-9542721,6V-EEC1-2S9Z,GBP,1,2.25
203-2830602-7037915,XH-0LAE-FQO5,GBP,1,2.9
203-2841956-5873953,A2-T2AC-TW3L,GBP,1,4.51
203-2854196-9029155,WX-L5UA-UB1Q,GBP,1,1.72
203-2883162-3113923,NN-TSZ1-X2RD,GBP,1,3.99
203-2885614-0189156,EV-CHU5-XU3G,GBP,2,5.46
203-2908157-9924322,A2-T2AC-TW3L,GBP,1,4.51
203-2926477-0642752,XH-0LAE-FQO5,GBP,1,2.9
203-2926968-5854762,A2-T2AC-TW3L,GBP,2,9.02
203-2927155-9138704,MW-9K5M-VKW8,GBP,1,13.65
203-2928649-3527507,A2-T2AC-TW3L,GBP,1,4.51
203-2940120-3573952,SC-LYFM-ORXK,GBP,1,4.2
203-2949417-0136369,WX-L5UA-UB1Q,GBP,1,1.72
203-2961102-9184316,WX-L5UA-UB1Q,GBP,1,1.72
203-2993585-8697134,WX-L5UA-UB1Q,GBP,1,1.72
203-2997516-3846715,XY-UM2X-TPS3,GBP,1,4.57
203-3000530-4443554,WX-L5UA-UB1Q,GBP,1,1.72
203-3035643-7261133,PE-G94Y-4PYO,GBP,2,5.72
203-3038682-8361906,A2-T2AC-TW3L,GBP,1,4.51
203-3039276-7911525,6V-EEC1-2S9Z,GBP,1,2.1
203-3039533-4897959,6V-EEC1-2S9Z,GBP,1,2.25
203-3041068-1727551,LR-7GM6-1RCH,GBP,1,23.25
203-3081072-4883508,VL-48KZ-J3F2,GBP,1,1.06
203-3090870-4100331,6V-EEC1-2S9Z,GBP,1,2.25
203-3106217-1921134,NN-TSZ1-X2RD,GBP,1,3.79
203-3109324-4178751,Z7-26PV-O9LR,GBP,1,4.44
203-3112213-2787554,WX-L5UA-UB1Q,GBP,1,1.72
203-3114135-9043502,6V-EEC1-2S9Z,GBP,1,2.25
203-3121250-9946719,DC-K5WH-R7F5,GBP,1,0.68
203-3137829-8992319,NN-TSZ1-X2RD,GBP,2,7.58
203-3143838-0200360,6V-EEC1-2S9Z,GBP,1,2.25
203-3157178-8905923,WX-L5UA-UB1Q,GBP,1,1.72
203-3169545-1759506,6V-EEC1-2S9Z,GBP,2,4.5
203-3175766-2445907,WX-L5UA-UB1Q,GBP,1,1.72
203-3192375-5252329,UL-D0Y8-ZNI5,GBP,1,19.5
203-3198460-6204347,6V-EEC1-2S9Z,GBP,1,2.25
203-3213171-6965931,A2-T2AC-TW3L,GBP,1,4.51
203-3229703-0006766,WX-L5UA-UB1Q,GBP,1,1.72
203-3232034-1897958,R7-98IN-2PW8,GBP,1,2.5
203-3248582-1461961,A2-T2AC-TW3L,GBP,3,13.53
203-3248918-4125157,6V-EEC1-2S9Z,GBP,1,2.25
203-3256599-9393931,XE-YPAI-HX9F,GBP,1,4.58
203-3266911-3622752,6V-EEC1-2S9Z,GBP,1,2.25
203-3279464-8159565,A2-T2AC-TW3L,GBP,1,4.51
203-3280915-0993902,A2-T2AC-TW3L,GBP,1,4.51
203-3291070-8575568,DC-K5WH-R7F5,GBP,1,0.68
203-3315282-0970755,DC-K5WH-R7F5,GBP,1,0.68
203-3326317-8747557,MW-9K5M-VKW8,GBP,1,13.65
203-3329700-9020305,EV-CHU5-XU3G,GBP,1,2.73
203-3355769-7371523,DV-USYD-8WR2,GBP,1,20.51
203-3357065-1546762,6V-EEC1-2S9Z,GBP,1,2.25
203-3371089-4605922,EV-CHU5-XU3G,GBP,1,2.73
203-3372451-3477144,WX-L5UA-UB1Q,GBP,1,1.72
203-3373989-9795506,6V-EEC1-2S9Z,GBP,1,2.25
203-3383743-0427537,6P-IWYA-X18B,GBP,1,4.31
203-3385462-9561140,A2-T2AC-TW3L,GBP,1,4.51
203-3385988-8652355,6V-EEC1-2S9Z,GBP,1,2.25
203-3386062-7871522,D2-8SPY-Q095,GBP,1,2.42
203-3401516-8789965,VF-3T0K-DR5O,GBP,1,2.05
203-3431260-6116307,BQ-O3OI-FTJU,GBP,1,6.5
203-3442753-3960345,H4-86XG-NLX6,GBP,1,3.25
203-3453332-7831552,A2-T2AC-TW3L,GBP,1,4.51
203-3457679-3886733,6V-EEC1-2S9Z,GBP,1,2.25
203-3470963-2664367,C6-XGZB-J6QA,GBP,1,2.75
203-3488192-0776348,L3-ZQ8U-A7LQ,GBP,3,10.2
203-3494066-8969953,WX-L5UA-UB1Q,GBP,1,1.72
203-3498443-7535513,A2-T2AC-TW3L,GBP,1,4.51
203-3503539-8811545,PE-G94Y-4PYO,GBP,1,2.86
203-3524596-7761127,A2-T2AC-TW3L,GBP,1,4.51
203-3528621-4193125,C6-XGZB-J6QA,GBP,1,2.75
203-3528814-8660306,6V-EEC1-2S9Z,GBP,1,2.25
203-3529469-8211512,MW-9K5M-VKW8,GBP,1,13.65
203-3536234-0613901,EV-CHU5-XU3G,GBP,1,2.73
203-3582454-8506716,6V-EEC1-2S9Z,GBP,1,2.25
203-3589941-7484368,6V-EEC1-2S9Z,GBP,1,2.25
203-3598001-3104329,N7-A24N-WJA7,GBP,1,3.01
203-3599691-4995507,NN-TSZ1-X2RD,GBP,1,3.79
203-3602199-9661920,0H-5V53-GPG4,GBP,1,4.85
203-3613067-0325135,A2-T2AC-TW3L,GBP,1,4.51
203-3618294-9093158,SU-5LQH-2DVN,GBP,1,2.19
203-3620566-8025923,6P-IWYA-X18B,GBP,1,4.31
203-3635102-2467556,0G-JB6S-PN34,GBP,1,2.74
203-3648117-2516364,A2-T2AC-TW3L,GBP,1,4.51
203-3649878-9201915,6V-EEC1-2S9Z,GBP,1,2.25
203-3658941-3801906,XH-0LAE-FQO5,GBP,1,2.9
203-3701170-6884355,L1-54EX-56YC,GBP,1,5.35
203-3703726-4801127,D7-MGBX-RX2P,GBP,1,2.43
203-3711108-7149901,XH-0LAE-FQO5,GBP,1,2.9
203-3711611-4757929,AX-NKNU-29C1,GBP,1,0.61
203-3712264-4993931,Z3-ORV9-K8XD,GBP,1,6.56
203-3718514-6645922,SR-6OBB-WC03,GBP,3,8.58
203-3719754-8385957,6V-EEC1-2S9Z,GBP,1,2.25
203-3721153-6219549,MW-9K5M-VKW8,GBP,1,13.65
203-3729007-6215550,XH-0LAE-FQO5,GBP,1,2.9
203-3739299-4592344,I2-6YKQ-CIBP,GBP,1,3.96
203-3754779-3423518,WX-L5UA-UB1Q,GBP,1,1.72
203-3755986-8779530,6V-EEC1-2S9Z,GBP,1,2.25
203-3770035-5284347,WX-L5UA-UB1Q,GBP,1,1.72
203-3771001-4033948,A2-T2AC-TW3L,GBP,1,4.51
203-3774012-2518749,JB-RGB6-LZOJ,GBP,1,2.47
203-3776947-1202758,WX-L5UA-UB1Q,GBP,2,3.44
203-3778922-8664339,N7-A24N-WJA7,GBP,1,3.01
203-3784865-8868353,6V-EEC1-2S9Z,GBP,1,2.25
203-3793283-4441111,6V-EEC1-2S9Z,GBP,1,2.25
203-3798110-3465965,A2-T2AC-TW3L,GBP,1,4.51
203-3802107-9873101,VF-3T0K-DR5O,GBP,1,2.05
203-3820528-5905138,6V-EEC1-2S9Z,GBP,1,2.25
203-3836407-4841953,NN-TSZ1-X2RD,GBP,2,7.58
203-3840518-9262706,R7-98IN-2PW8,GBP,1,2.5
203-3841446-7658710,JB-RGB6-LZOJ,GBP,1,2.47
203-3844309-5196307,D7-MGBX-RX2P,GBP,1,2.43
203-3891640-9222717,XH-0LAE-FQO5,GBP,2,5.8
203-3895894-8021919,A2-T2AC-TW3L,GBP,1,4.51
203-3896440-3780316,WX-L5UA-UB1Q,GBP,1,1.72
203-3901691-4085109,Z3-ORV9-K8XD,GBP,1,6.56
203-3905762-7370742,6V-EEC1-2S9Z,GBP,1,2.25
203-3931005-8486767,EV-CHU5-XU3G,GBP,1,2.73
203-3934803-8532304,EE-KTDC-KCFY,GBP,1,3.46
203-3944237-9598718,A2-T2AC-TW3L,GBP,1,4.51
203-3962220-4148316,6V-EEC1-2S9Z,GBP,1,2.25
203-3962439-0622748,WX-L5UA-UB1Q,GBP,1,1.72
203-3964943-0110741,WX-L5UA-UB1Q,GBP,1,1.72
203-3973984-8662714,WX-L5UA-UB1Q,GBP,1,1.72
203-3979047-7538714,WX-L5UA-UB1Q,GBP,1,1.72
203-3984148-4026722,6V-EEC1-2S9Z,GBP,1,2.25
203-3990280-9211530,WX-L5UA-UB1Q,GBP,1,1.72
203-3997283-0624317,JB-RGB6-LZOJ,GBP,1,2.47
203-4005901-6038752,6P-IWYA-X18B,GBP,1,4.31
203-4008298-3356325,DC-K5WH-R7F5,GBP,2,1.36
203-4025194-4426746,A2-T2AC-TW3L,GBP,1,4.51
203-4039316-2380318,6V-EEC1-2S9Z,GBP,1,2.25
203-4041050-5718705,DC-K5WH-R7F5,GBP,2,1.36
203-4043914-7989902,LV-425G-BY4X,GBP,1,16.38
203-4044717-7224310,XH-0LAE-FQO5,GBP,2,5.8
203-4048711-4607557,6V-EEC1-2S9Z,GBP,1,2.25
203-4064811-6378716,DC-K5WH-R7F5,GBP,1,0.68
203-4070395-8222739,WX-L5UA-UB1Q,GBP,1,1.72
203-4071027-4003513,A2-T2AC-TW3L,GBP,1,4.51
203-4097026-3817909,6V-EEC1-2S9Z,GBP,1,2.25
203-4099255-4449131,WX-L5UA-UB1Q,GBP,1,1.72
203-4103197-6932340,6V-EEC1-2S9Z,GBP,1,2.25
203-4121170-5115559,SR-6OBB-WC03,GBP,4,11.44
203-4127436-9879567,IM-AYXV-79NJ,GBP,1,2.25
203-4142715-3146726,VF-3T0K-DR5O,GBP,1,2.05
203-4168350-2017121,WX-L5UA-UB1Q,GBP,4,6.88
203-4171887-0660356,6V-EEC1-2S9Z,GBP,1,2.25
203-4181821-9629113,XH-0LAE-FQO5,GBP,1,2.9
203-4189189-9209105,WX-L5UA-UB1Q,GBP,1,1.72
203-4214754-5772358,WX-L5UA-UB1Q,GBP,1,1.72
203-4217948-6389941,6V-EEC1-2S9Z,GBP,1,2.25
203-4226257-3429152,Z3-ORV9-K8XD,GBP,1,6.56
203-4232045-1504359,NN-TSZ1-X2RD,GBP,1,3.79
203-4237644-6533914,BQ-O3OI-FTJU,GBP,1,6.5
203-4253186-6398765,6V-EEC1-2S9Z,GBP,1,2.25
203-4261182-0704305,SR-6OBB-WC03,GBP,3,8.58
203-4267674-5775516,4F-HT42-FD26,GBP,1,3.33
203-4272667-1533914,VF-3T0K-DR5O,GBP,1,2.05
203-4286627-8012344,0G-JB6S-PN34,GBP,1,2.74
203-4297654-1214755,VF-3T0K-DR5O,GBP,1,2.05
203-4301148-0723521,RZ-6ZL9-CZ7J,GBP,1,2.42
203-4319454-8958731,WX-L5UA-UB1Q,GBP,1,1.72
203-4322483-0865124,BL-WX51-KQOK,GBP,1,3.4
203-4335862-7367511,DC-K5WH-R7F5,GBP,1,0.68
203-4336164-2477122,LV-425G-BY4X,GBP,1,16.38
203-4354823-0755545,6V-EEC1-2S9Z,GBP,1,2.25
203-4357202-5528347,L3-ZQ8U-A7LQ,GBP,1,3.7
203-4372302-3801929,WX-L5UA-UB1Q,GBP,1,1.72
203-4376822-5441142,NN-TSZ1-X2RD,GBP,1,3.79
203-4377559-6623528,SR-6OBB-WC03,GBP,1,2.86
203-4384304-1415519,F7-PMJ2-SG6A,GBP,1,2.7
203-4391264-7951516,6V-EEC1-2S9Z,GBP,1,2.25
203-4391878-5873900,A2-T2AC-TW3L,GBP,1,4.51
203-4396014-7233951,LV-425G-BY4X,GBP,1,16.38
203-4454195-7240343,A2-T2AC-TW3L,GBP,1,4.51
203-4454323-6669964,EV-CHU5-XU3G,GBP,3,8.19
203-4462858-7933142,AX-NKNU-29C1,GBP,1,0.61
203-4466291-3386735,C6-XGZB-J6QA,GBP,2,5.5
203-4491534-1793914,6V-EEC1-2S9Z,GBP,1,2.25
203-4505047-0794700,SU-5LQH-2DVN,GBP,1,2.19
203-4510179-2466751,D7-MGBX-RX2P,GBP,1,2.43
203-4528237-7006712,D7-MGBX-RX2P,GBP,1,2.43
203-4539642-4833120,Z7-26PV-O9LR,GBP,1,4.44
203-4550858-2467567,NN-TSZ1-X2RD,GBP,1,3.99
203-4551177-0121104,6V-EEC1-2S9Z,GBP,1,2.25
203-4551359-4993949,6V-EEC1-2S9Z,GBP,1,2.25
203-4566672-3944335,TU-8I14-25ZR,GBP,1,12.67
203-4570846-1793913,8R-E0Y9-0LAU,GBP,1,34.65
203-4576656-3934724,EV-CHU5-XU3G,GBP,1,2.73
203-4583835-9789120,MW-9K5M-VKW8,GBP,2,27.3
203-4584287-5825903,DC-K5WH-R7F5,GBP,1,0.68
203-4590248-8459533,WX-L5UA-UB1Q,GBP,1,1.72
203-4610773-5814735,6V-EEC1-2S9Z,GBP,1,2.25
203-4620317-0933954,3T-6QPR-E2MV,GBP,1,4.65
203-4620857-7495569,A2-T2AC-TW3L,GBP,1,4.51
203-4633563-2415520,XH-0LAE-FQO5,GBP,5,14.5
203-4634279-9506707,A2-T2AC-TW3L,GBP,1,4.51
203-4644747-0617112,A2-T2AC-TW3L,GBP,1,4.51
203-4685347-1865161,Z7-26PV-O9LR,GBP,1,4.44
203-4686432-8739526,Z3-ORV9-K8XD,GBP,1,6.56
203-4702739-6426759,MW-9K5M-VKW8,GBP,1,13.65
203-4716417-5908308,6V-EEC1-2S9Z,GBP,1,2.25
203-4725047-6981950,N7-A24N-WJA7,GBP,1,3.01
203-4725185-4839539,8L-INBX-OUTU,GBP,1,2.49
203-4737246-0737918,WX-L5UA-UB1Q,GBP,1,1.72
203-4743941-5238721,D7-MGBX-RX2P,GBP,1,2.43
203-4757725-3546752,MW-9K5M-VKW8,GBP,1,13.65
203-4763592-6333920,EV-CHU5-XU3G,GBP,1,2.73
203-4773404-6938748,NN-TSZ1-X2RD,GBP,1,3.49
203-4775989-8034760,6V-EEC1-2S9Z,GBP,1,2.25
203-4777208-4404351,WX-L5UA-UB1Q,GBP,1,1.72
203-4787668-6725910,JB-RGB6-LZOJ,GBP,1,2.47
203-4818394-8352341,A2-T2AC-TW3L,GBP,1,4.51
203-4827423-1515524,3B-3H3V-Z93T,GBP,1,1.6
203-4830745-7401902,7L-OT45-7LYB,GBP,1,1.16
203-4845787-4035521,6V-EEC1-2S9Z,GBP,1,2.25
203-4854808-4111539,0H-5V53-GPG4,GBP,1,4.85
203-4859643-6892320,A2-T2AC-TW3L,GBP,1,4.51
203-4864369-9634756,6V-EEC1-2S9Z,GBP,1,2.25
203-4869078-4375566,L3-ZQ8U-A7LQ,GBP,1,3.7
203-4874676-9621937,VF-3T0K-DR5O,GBP,3,6.1499999999999995
203-4885592-5714752,WX-L5UA-UB1Q,GBP,1,1.72
203-4888234-9637960,7L-OT45-7LYB,GBP,1,1.16
203-4895375-3011513,WX-L5UA-UB1Q,GBP,1,1.72
203-4903160-7199558,6V-EEC1-2S9Z,GBP,2,4.5
203-4905772-2118707,6V-EEC1-2S9Z,GBP,1,2.25
203-4928092-0747540,WX-L5UA-UB1Q,GBP,1,1.72
203-4928496-2993105,Z3-ORV9-K8XD,GBP,1,6.56
203-4935160-8759529,6V-EEC1-2S9Z,GBP,4,9.0
203-4954647-0537917,6V-EEC1-2S9Z,GBP,1,2.25
203-4960900-1474751,6V-EEC1-2S9Z,GBP,1,2.25
203-4965619-9337117,6V-EEC1-2S9Z,GBP,1,2.25
203-4966183-5641959,A2-T2AC-TW3L,GBP,1,4.51
203-4968167-0415516,WX-L5UA-UB1Q,GBP,1,1.72
203-4989302-1039506,VF-3T0K-DR5O,GBP,2,4.1
203-4998149-7997102,ZV-RLOD-Q0JI,GBP,1,7.55
203-5002029-3730727,WX-L5UA-UB1Q,GBP,1,1.72
203-5005954-0094767,A2-T2AC-TW3L,GBP,1,4.51
203-5009854-6457902,6V-EEC1-2S9Z,GBP,1,2.25
203-5032618-1317134,WX-L5UA-UB1Q,GBP,1,1.72
203-5045229-8576321,VF-3T0K-DR5O,GBP,1,2.05
203-5048982-4125162,3X-EXDD-TD2K,GBP,1,20.37
203-5050846-2081963,WX-L5UA-UB1Q,GBP,1,1.72
203-5053776-7231536,DC-K5WH-R7F5,GBP,1,0.68
203-5058346-9253164,6V-EEC1-2S9Z,GBP,1,2.25
203-5062434-6736348,WX-L5UA-UB1Q,GBP,1,1.72
203-5105143-6013166,F7-PMJ2-SG6A,GBP,1,2.7
203-5105260-8085127,XH-0LAE-FQO5,GBP,1,2.9
203-5116176-3960364,Z3-ORV9-K8XD,GBP,1,6.56
203-5137693-3309143,6V-EEC1-2S9Z,GBP,1,2.25
203-5140921-1375515,XH-0LAE-FQO5,GBP,2,5.8
203-5143955-7962713,6V-EEC1-2S9Z,GBP,1,2.25
203-5144976-1119512,6V-EEC1-2S9Z,GBP,1,2.25
203-5150744-2830727,6V-EEC1-2S9Z,GBP,1,2.25
203-5175284-9857147,MW-9K5M-VKW8,GBP,1,13.65
203-5188148-3048357,DC-K5WH-R7F5,GBP,1,0.68
203-5217562-5091555,6V-EEC1-2S9Z,GBP,1,2.25
203-5224763-3529938,WX-L5UA-UB1Q,GBP,1,1.72
203-5229690-0666752,NN-TSZ1-X2RD,GBP,1,3.99
203-5240211-5739549,Z7-26PV-O9LR,GBP,1,4.2
203-5266331-2160313,WX-L5UA-UB1Q,GBP,1,1.72
203-5267522-9659541,BQ-O3OI-FTJU,GBP,1,6.5
203-5272552-1697115,6V-EEC1-2S9Z,GBP,1,2.25
203-5273132-7811534,NN-TSZ1-X2RD,GBP,1,3.99
203-5282890-0005911,VL-48KZ-J3F2,GBP,1,1.06
203-5284346-7004320,49-4UKW-G81R,GBP,1,3.04
203-5285228-7757128,DC-K5WH-R7F5,GBP,1,0.68
203-5291348-7064349,SU-5LQH-2DVN,GBP,1,2.19
203-5295713-4207530,NN-TSZ1-X2RD,GBP,1,3.79
203-5298800-2521914,VF-3T0K-DR5O,GBP,2,4.1
203-5323608-7025906,3T-6QPR-E2MV,GBP,1,4.65
203-5351816-4013909,A2-T2AC-TW3L,GBP,3,13.53
203-5373258-7562730,WX-L5UA-UB1Q,GBP,1,1.72
203-5393735-2724346,A2-T2AC-TW3L,GBP,1,4.51
203-5413410-1355542,6V-EEC1-2S9Z,GBP,1,2.25
203-5414080-7080341,6V-EEC1-2S9Z,GBP,1,2.25
203-5424203-3485120,NN-TSZ1-X2RD,GBP,1,3.79
203-5429590-1677944,6V-EEC1-2S9Z,GBP,1,2.25
203-5444745-6097917,EE-KTDC-KCFY,GBP,1,3.46
203-5446252-5665149,6V-EEC1-2S9Z,GBP,1,2.25
203-5448321-0397960,RW-AZK6-O4M2,GBP,2,1.04
203-5457035-3459516,NN-TSZ1-X2RD,GBP,24,95.76
203-5461081-6722728,Z3-ORV9-K8XD,GBP,1,6.56
203-5493617-3029902,F7-PMJ2-SG6A,GBP,1,2.7
203-5500595-7804324,DC-K5WH-R7F5,GBP,1,0.68
203-5514673-8362753,JV-D1TI-6UF6,GBP,1,3.6
203-5526989-2523517,XH-0LAE-FQO5,GBP,1,2.9
203-5530925-8369949,MY-KL21-NMV5,GBP,1,18.5
203-5532605-6775525,L3-ZQ8U-A7LQ,GBP,1,3.7
203-5551125-1557926,WX-L5UA-UB1Q,GBP,1,1.72
203-5576940-0805908,WX-L5UA-UB1Q,GBP,1,1.72
203-5581794-1027540,6V-EEC1-2S9Z,GBP,1,2.25
203-5596046-7571542,6V-EEC1-2S9Z,GBP,1,2.25
203-5627804-2806734,IB-U5FA-BO2Y,GBP,1,20.51
203-5631829-9264330,Z3-ORV9-K8XD,GBP,1,6.56
203-5654248-9457153,WX-L5UA-UB1Q,GBP,1,1.72
203-5662809-8573119,SU-5LQH-2DVN,GBP,1,2.19
203-5669751-5801961,5M-QO6K-LNH0,GBP,1,2.36
203-5671346-2101152,A2-T2AC-TW3L,GBP,1,4.51
203-5679906-2297964,Z3-ORV9-K8XD,GBP,1,6.56
203-5682812-1260342,DC-K5WH-R7F5,GBP,1,0.68
203-5691495-5636304,A2-T2AC-TW3L,GBP,1,4.51
203-5695949-7122760,AX-NKNU-29C1,GBP,1,0.61
203-5712923-5677163,WX-L5UA-UB1Q,GBP,1,1.72
203-5719916-1761130,L3-ZQ8U-A7LQ,GBP,1,3.7
203-5723744-0869964,F7-PMJ2-SG6A,GBP,2,5.4
203-5731950-8468368,WX-L5UA-UB1Q,GBP,1,1.72
203-5736768-4688369,6V-EEC1-2S9Z,GBP,3,6.75
203-5736872-3706720,49-4UKW-G81R,GBP,1,3.04
203-5739458-9232318,6V-EEC1-2S9Z,GBP,1,2.25
203-5742761-8758754,Z7-26PV-O9LR,GBP,1,4.44
203-5757145-7060366,T8-6UWL-I3E1,GBP,1,1.48
203-5769970-5491535,7H-7G2P-ONWJ,GBP,1,0.88
203-5771738-8059554,WX-L5UA-UB1Q,GBP,1,1.72
203-5776140-0349142,Z3-ORV9-K8XD,GBP,1,6.56
203-5784097-1237912,ZV-RLOD-Q0JI,GBP,1,7.55
203-5799728-8729114,A2-T2AC-TW3L,GBP,1,4.51
203-5842837-6520309,F7-PMJ2-SG6A,GBP,1,2.7
203-5851740-8125935,TU-8I14-25ZR,GBP,1,12.67
203-5854030-6917119,L3-ZQ8U-A7LQ,GBP,1,3.7
203-5874404-2578725,L3-ZQ8U-A7LQ,GBP,1,3.7
203-5878254-7173920,A2-T2AC-TW3L,GBP,1,4.51
203-5885235-1834709,6V-EEC1-2S9Z,GBP,1,2.25
203-5887111-4684348,WX-L5UA-UB1Q,GBP,1,1.72
203-5888264-1984365,714810,GBP,1,1.34
203-5890948-3625917,DC-K5WH-R7F5,GBP,1,0.68
203-5891042-5380350,WX-L5UA-UB1Q,GBP,1,1.84
203-5891695-5591526,DC-K5WH-R7F5,GBP,1,0.68
203-5895207-3495524,6V-EEC1-2S9Z,GBP,1,2.25
203-5899986-2373957,XE-YPAI-HX9F,GBP,1,4.58
203-5921640-6689967,6V-EEC1-2S9Z,GBP,1,2.25
203-5922268-8812365,WX-L5UA-UB1Q,GBP,1,1.84
203-5923460-5049904,TU-8I14-25ZR,GBP,1,12.67
203-5952207-6267527,Z7-26PV-O9LR,GBP,1,4.44
203-5969953-3749167,JL-VTP2-JF3Q,GBP,1,6.95
203-5983190-8653910,6V-EEC1-2S9Z,GBP,1,2.25
203-5989479-5779540,L3-ZQ8U-A7LQ,GBP,1,3.7
203-5999587-9209960,DC-K5WH-R7F5,GBP,1,0.68
203-6002773-7945900,XH-0LAE-FQO5,GBP,1,2.9
203-6004212-5213110,SR-6OBB-WC03,GBP,1,2.86
203-6004519-7674725,NN-TSZ1-X2RD,GBP,1,3.79
203-6007105-4857913,EV-CHU5-XU3G,GBP,1,2.73
203-6007116-9591509,6V-EEC1-2S9Z,GBP,1,2.25
203-6010318-4320359,6V-EEC1-2S9Z,GBP,1,2.25
203-6017094-9826713,WX-L5UA-UB1Q,GBP,1,1.72
203-6028637-8870763,WX-L5UA-UB1Q,GBP,1,1.72
203-6029693-0255504,6V-EEC1-2S9Z,GBP,1,2.25
203-6034506-4881958,6V-EEC1-2S9Z,GBP,1,2.1
203-6035754-8072362,DC-K5WH-R7F5,GBP,1,0.68
203-6064021-2385168,JB-RGB6-LZOJ,GBP,1,2.47
203-6086156-1228336,6V-EEC1-2S9Z,GBP,4,9.0
203-6090237-8101957,A2-T2AC-TW3L,GBP,1,4.51
203-6093015-7309154,WX-L5UA-UB1Q,GBP,1,1.72
203-6093253-2272346,SR-6OBB-WC03,GBP,3,8.58
203-6110071-5142756,WX-L5UA-UB1Q,GBP,1,1.72
203-6120800-6489941,R4-0AXZ-ZZ9D,GBP,1,4.85
203-6138154-3869134,A2-T2AC-TW3L,GBP,1,4.51
203-6146205-0445162,Z3-ORV9-K8XD,GBP,1,6.56
203-6146382-3639543,EV-CHU5-XU3G,GBP,1,2.73
203-6167444-0514717,A2-T2AC-TW3L,GBP,1,4.51
203-6174212-2224361,A2-T2AC-TW3L,GBP,1,4.51
203-6174693-3951546,6V-EEC1-2S9Z,GBP,1,2.25
203-6177992-0093169,WX-L5UA-UB1Q,GBP,1,1.72
203-6188196-4553161,6V-EEC1-2S9Z,GBP,1,2.25
203-6190572-2079530,T8-6UWL-I3E1,GBP,1,1.48
203-6192271-9399515,R7-98IN-2PW8,GBP,1,2.5
203-6204846-8573945,DC-K5WH-R7F5,GBP,1,0.68
203-6219947-1403528,6V-EEC1-2S9Z,GBP,1,2.25
203-6238353-1673144,DC-K5WH-R7F5,GBP,1,0.68
203-6239120-5409959,LF-X542-9TDZ,GBP,1,7.74
203-6261421-8261167,A2-T2AC-TW3L,GBP,1,4.51
203-6262916-1435546,6V-EEC1-2S9Z,GBP,1,2.25
203-6269186-1003536,6V-EEC1-2S9Z,GBP,1,2.25
203-6276978-5917916,LV-425G-BY4X,GBP,1,16.38
203-6279927-5273105,6V-EEC1-2S9Z,GBP,1,2.25
203-6297473-2472356,A2-T2AC-TW3L,GBP,1,4.51
203-6298205-0699502,VF-3T0K-DR5O,GBP,1,2.05
203-6304379-2339537,XH-0LAE-FQO5,GBP,1,2.9
203-6325023-2764343,6V-EEC1-2S9Z,GBP,1,2.25
203-6326571-6298711,3B-3H3V-Z93T,GBP,1,1.6
203-6335537-1214764,6V-EEC1-2S9Z,GBP,2,4.5
203-6356880-2223517,NN-TSZ1-X2RD,GBP,3,11.370000000000001
203-6364979-3305909,MW-9K5M-VKW8,GBP,1,13.65
203-6386486-3829958,SR-6OBB-WC03,GBP,1,2.86
203-6391265-6346709,SU-5LQH-2DVN,GBP,1,2.19
203-6402502-4271559,6V-EEC1-2S9Z,GBP,1,2.25
203-6438294-0617957,Z3-ORV9-K8XD,GBP,1,6.56
203-6448148-8927566,Z7-26PV-O9LR,GBP,1,4.44
203-6449353-4391540,A2-T2AC-TW3L,GBP,1,4.51
203-6462412-2111551,6V-EEC1-2S9Z,GBP,1,2.25
203-6465601-1665968,SC-LYFM-ORXK,GBP,1,4.2
203-6476523-0067545,WX-L5UA-UB1Q,GBP,1,1.72
203-6478882-5327522,D7-MGBX-RX2P,GBP,1,2.43
203-6489581-8209952,6V-EEC1-2S9Z,GBP,1,2.25
203-6494608-9588338,VO-A6AR-18YS,GBP,1,1.97
203-6499629-3389911,XH-0LAE-FQO5,GBP,2,5.8
203-6502699-0634722,6V-EEC1-2S9Z,GBP,1,2.25
203-6503094-8112360,D7-MGBX-RX2P,GBP,1,2.43
203-6508215-6541933,7L-OT45-7LYB,GBP,4,4.64
203-6526894-8569166,0H-5V53-GPG4,GBP,1,4.85
203-6531871-1766764,6V-EEC1-2S9Z,GBP,1,2.25
203-6534007-5117166,WX-L5UA-UB1Q,GBP,1,1.72
203-6536999-0381148,LV-425G-BY4X,GBP,1,16.38
203-6541192-3081912,6V-EEC1-2S9Z,GBP,1,2.25
203-6563383-9977144,F7-PMJ2-SG6A,GBP,1,2.7
203-6575052-2116327,VF-3T0K-DR5O,GBP,1,2.05
203-6580822-8353943,A2-T2AC-TW3L,GBP,4,18.04
203-6584576-7484320,6V-EEC1-2S9Z,GBP,1,2.25
203-6598621-6570755,VF-3T0K-DR5O,GBP,1,2.05
203-6602048-3507528,WX-L5UA-UB1Q,GBP,1,1.72
203-6621519-6992325,A2-T2AC-TW3L,GBP,1,4.51
203-6628523-2160328,F7-PMJ2-SG6A,GBP,3,8.100000000000001
203-6641014-2055513,6V-EEC1-2S9Z,GBP,1,2.25
203-6643797-6741102,4F-HT42-FD26,GBP,1,3.33
203-6651754-3382736,714810,GBP,1,1.34
203-6654507-4133968,DC-K5WH-R7F5,GBP,1,0.63
203-6656788-4187541,SR-6OBB-WC03,GBP,1,2.86
203-6660511-8651506,VF-3T0K-DR5O,GBP,1,2.05
203-6668995-4544319,JL-VTP2-JF3Q,GBP,1,6.95
203-6673962-7301957,WX-L5UA-UB1Q,GBP,1,1.72
203-6702758-1457952,NN-TSZ1-X2RD,GBP,1,3.99
203-6705361-3289923,EV-CHU5-XU3G,GBP,2,5.46
203-6709660-4832332,DC-K5WH-R7F5,GBP,1,0.68
203-6718131-3561917,A2-T2AC-TW3L,GBP,1,4.51
203-6722922-8722739,6V-EEC1-2S9Z,GBP,1,2.25
203-6732768-8715531,6P-IWYA-X18B,GBP,1,4.31
203-6738695-8722704,GH-PONH-K4WQ,GBP,2,7.56
203-6748790-3225906,6V-EEC1-2S9Z,GBP,1,2.25
203-6751019-5252305,6V-EEC1-2S9Z,GBP,1,2.25
203-6755263-9177936,WX-L5UA-UB1Q,GBP,1,1.72
203-6759368-3935531,D2-8SPY-Q095,GBP,1,2.42
203-6764131-9965143,6V-EEC1-2S9Z,GBP,1,2.25
203-6776798-2359506,0H-5V53-GPG4,GBP,1,4.85
203-6788442-1396340,XE-YPAI-HX9F,GBP,1,4.58
203-6788442-1396340,XH-0LAE-FQO5,GBP,1,2.9
203-6793518-1974754,DC-K5WH-R7F5,GBP,1,0.68
203-6806848-3217124,A2-T2AC-TW3L,GBP,1,4.51
203-6808328-1606768,H4-86XG-NLX6,GBP,1,3.25
203-6834078-1466735,AX-NKNU-29C1,GBP,2,1.22
203-6846223-4454744,6V-EEC1-2S9Z,GBP,1,2.25
203-6851046-9128314,DC-K5WH-R7F5,GBP,1,0.68
203-6855623-7710728,WX-L5UA-UB1Q,GBP,1,1.72
203-6857234-8351533,VF-3T0K-DR5O,GBP,1,2.05
203-6859867-3174732,Z7-26PV-O9LR,GBP,1,4.44
203-6865004-5973903,6V-EEC1-2S9Z,GBP,1,2.25
203-6900016-2831521,A2-T2AC-TW3L,GBP,1,4.51
203-6905181-0436347,A2-T2AC-TW3L,GBP,1,4.51
203-6908863-1676318,WX-L5UA-UB1Q,GBP,1,1.72
203-6910020-1585926,A2-T2AC-TW3L,GBP,1,4.51
203-6917375-6862755,WX-L5UA-UB1Q,GBP,1,1.72
203-6924077-2709942,RB-82FL-T88J,GBP,1,14.5
203-6924877-4800339,A2-T2AC-TW3L,GBP,1,4.51
203-6931682-2500348,SR-6OBB-WC03,GBP,1,2.86
203-6938031-5405140,A2-T2AC-TW3L,GBP,1,4.51
203-6943283-4077107,6V-EEC1-2S9Z,GBP,1,2.25
203-6946009-3736361,N7-A24N-WJA7,GBP,1,3.01
203-6951905-6037108,DC-K5WH-R7F5,GBP,1,0.68
203-6955772-0036324,6V-EEC1-2S9Z,GBP,1,2.25
203-6985665-0113148,XY-UM2X-TPS3,GBP,1,4.57
203-6999659-1366743,9X-7TBD-NA16,GBP,1,1.99
203-7020871-9081134,6V-EEC1-2S9Z,GBP,1,2.25
203-7020934-3601168,NN-TSZ1-X2RD,GBP,1,3.79
203-7030201-0504328,6V-EEC1-2S9Z,GBP,1,2.25
203-7071470-5371555,EV-CHU5-XU3G,GBP,1,2.73
203-7081893-1805154,VL-48KZ-J3F2,GBP,1,1.06
203-7085004-3519555,WX-L5UA-UB1Q,GBP,1,1.72
203-7093430-1356330,WX-L5UA-UB1Q,GBP,1,1.72
203-7098719-4511540,DC-K5WH-R7F5,GBP,1,0.68
203-7099412-5128356,WX-L5UA-UB1Q,GBP,2,3.44
203-7129935-3759546,VU-8KRA-QP5M,GBP,1,4.32
203-7134362-4402750,6V-EEC1-2S9Z,GBP,1,2.25
203-7135371-4841158,WX-L5UA-UB1Q,GBP,1,1.72
203-7139957-2910720,L3-ZQ8U-A7LQ,GBP,1,3.7
203-7140380-4980344,WX-L5UA-UB1Q,GBP,1,1.72
203-7147002-3525115,SR-6OBB-WC03,GBP,2,5.72
203-7148679-0552343,VF-3T0K-DR5O,GBP,1,2.05
203-7150705-7641163,A2-T2AC-TW3L,GBP,1,4.51
203-7152564-6615563,6V-EEC1-2S9Z,GBP,1,2.25
203-7154223-0827532,DC-K5WH-R7F5,GBP,1,0.68
203-7165876-5422756,6V-EEC1-2S9Z,GBP,1,2.25
203-7167826-9585959,6V-EEC1-2S9Z,GBP,1,2.25
203-7171785-3905102,6V-EEC1-2S9Z,GBP,1,2.25
203-7176119-9726734,JB-RGB6-LZOJ,GBP,1,2.47
203-7186521-7921900,EV-CHU5-XU3G,GBP,1,2.46
203-7210992-6480352,VF-3T0K-DR5O,GBP,1,2.05
203-7213001-4718745,WX-L5UA-UB1Q,GBP,1,1.72
203-7230670-1410767,6V-EEC1-2S9Z,GBP,1,2.25
203-7231686-9028325,VU-8KRA-QP5M,GBP,1,4.32
203-7240801-7283516,Z3-ORV9-K8XD,GBP,1,6.56
203-7256187-9537937,A2-T2AC-TW3L,GBP,1,4.51
203-7260139-6045169,DC-K5WH-R7F5,GBP,1,0.68
203-7260805-1379508,RB-82FL-T88J,GBP,1,14.5
203-7265227-9613910,L3-ZQ8U-A7LQ,GBP,1,3.7
203-7286504-8661118,MW-9K5M-VKW8,GBP,1,13.65
203-7300871-9980312,VU-8KRA-QP5M,GBP,1,4.32
203-7337917-7333933,TU-8I14-25ZR,GBP,1,12.67
203-7347175-4753143,WX-L5UA-UB1Q,GBP,1,1.72
203-7354193-1264333,R7-98IN-2PW8,GBP,1,2.5
203-7363778-7929158,WX-L5UA-UB1Q,GBP,1,1.72
203-7377321-5867512,6V-EEC1-2S9Z,GBP,1,2.25
203-7380883-2168336,WX-L5UA-UB1Q,GBP,1,1.72
203-7381860-9236316,WX-L5UA-UB1Q,GBP,1,1.72
203-7387592-1957903,A2-T2AC-TW3L,GBP,1,4.51
203-7395877-0804330,VF-3T0K-DR5O,GBP,1,2.05
203-7424646-5561113,VF-3T0K-DR5O,GBP,1,2.05
203-7442668-6609937,WX-L5UA-UB1Q,GBP,1,1.72
203-7442809-9121963,A2-T2AC-TW3L,GBP,1,4.51
203-7457398-5808338,6V-EEC1-2S9Z,GBP,1,2.25
203-7479118-1848348,VF-3T0K-DR5O,GBP,1,2.05
203-7480551-5495565,NN-TSZ1-X2RD,GBP,1,3.99
203-7488651-3565100,DC-K5WH-R7F5,GBP,1,0.68
203-7493025-5319561,A2-T2AC-TW3L,GBP,1,4.51
203-7516921-2232337,ZV-RLOD-Q0JI,GBP,1,7.55
203-7527545-7609907,3T-6QPR-E2MV,GBP,1,4.65
203-7537539-0151550,L3-ZQ8U-A7LQ,GBP,1,3.7
203-7544421-7969161,DC-K5WH-R7F5,GBP,1,0.68
203-7547907-2484358,6V-EEC1-2S9Z,GBP,1,2.25
203-7558219-5013921,A2-T2AC-TW3L,GBP,1,4.51
203-7560756-4952343,6V-EEC1-2S9Z,GBP,2,4.5
203-7566389-6305945,T8-6UWL-I3E1,GBP,1,1.48
203-7571945-2644342,WX-L5UA-UB1Q,GBP,1,1.72
203-7575013-8521962,6V-EEC1-2S9Z,GBP,1,2.25
203-7582334-6785911,XE-YPAI-HX9F,GBP,1,4.58
203-7586799-1564301,R7-98IN-2PW8,GBP,1,2.5
203-7586803-6958718,EV-CHU5-XU3G,GBP,1,2.73
203-7596375-5664316,A2-T2AC-TW3L,GBP,1,4.51
203-7598797-9154754,Z7-26PV-O9LR,GBP,1,4.44
203-7601509-2689919,DC-K5WH-R7F5,GBP,1,0.68
203-7614509-0545917,6V-EEC1-2S9Z,GBP,1,2.25
203-7616260-7532323,A2-T2AC-TW3L,GBP,1,4.51
203-7625126-3605158,DC-K5WH-R7F5,GBP,1,0.68
203-7636180-7279503,9X-7TBD-NA16,GBP,1,1.99
203-7647932-8043503,6V-EEC1-2S9Z,GBP,1,2.25
203-7653117-9553959,6V-EEC1-2S9Z,GBP,2,4.2
203-7661086-1918713,6V-EEC1-2S9Z,GBP,1,2.1
203-7669236-7311528,6V-EEC1-2S9Z,GBP,1,2.25
203-7673998-3703560,MW-9K5M-VKW8,GBP,1,13.65
203-7677468-5653927,L1-54EX-56YC,GBP,1,5.35
203-7680161-3753124,6V-EEC1-2S9Z,GBP,8,18.0
203-7694870-2258706,T8-6UWL-I3E1,GBP,1,1.48
203-7698632-0539551,6V-EEC1-2S9Z,GBP,1,2.25
203-7699061-1536360,U1-M5BM-8F5W,GBP,1,13.0
203-7702886-0743538,VF-3T0K-DR5O,GBP,1,2.05
203-7713469-3317951,WX-L5UA-UB1Q,GBP,1,1.72
203-7734477-8619566,6V-EEC1-2S9Z,GBP,1,2.25
203-7736323-5821912,6V-EEC1-2S9Z,GBP,1,2.25
203-7752763-7703554,6V-EEC1-2S9Z,GBP,1,2.25
203-7760036-5659530,6V-EEC1-2S9Z,GBP,1,2.25
203-7773583-7885901,WX-L5UA-UB1Q,GBP,1,1.72
203-7798738-0284363,A2-T2AC-TW3L,GBP,1,4.51
203-7802814-6819558,6V-EEC1-2S9Z,GBP,1,2.25
203-7803524-4505926,LV-425G-BY4X,GBP,1,16.38
203-7809333-3802739,A2-T2AC-TW3L,GBP,1,4.51
203-7816405-1945922,SU-5LQH-2DVN,GBP,1,2.19
203-7825667-0234716,WX-L5UA-UB1Q,GBP,1,1.72
203-7862401-7254751,6V-EEC1-2S9Z,GBP,1,2.25
203-7877891-1765115,WX-L5UA-UB1Q,GBP,1,1.72
203-7888399-1725965,Z3-ORV9-K8XD,GBP,1,6.56
203-7888719-4636316,A2-T2AC-TW3L,GBP,1,4.29
203-7891738-2488302,PE-G94Y-4PYO,GBP,1,2.86
203-7896950-5531535,F7-PMJ2-SG6A,GBP,1,2.7
203-7936376-9080326,NN-TSZ1-X2RD,GBP,1,3.49
203-7939989-4073950,XH-0LAE-FQO5,GBP,1,2.9
203-7941788-4330704,SU-5LQH-2DVN,GBP,1,2.19
203-7946425-9580310,6V-EEC1-2S9Z,GBP,1,2.25
203-7983385-3479568,DC-K5WH-R7F5,GBP,1,0.68
203-7986748-9966707,VU-8KRA-QP5M,GBP,1,4.32
203-7995244-0212302,IB-U5FA-BO2Y,GBP,1,20.51
203-7996372-9631537,1U-1W76-M840,GBP,1,0.76
203-7998560-2262763,SU-5LQH-2DVN,GBP,1,2.19
203-7999234-6291518,Z7-26PV-O9LR,GBP,1,4.44
203-8007883-0876324,XH-0LAE-FQO5,GBP,1,2.9
203-8013345-9800316,6V-EEC1-2S9Z,GBP,1,2.25
203-8024721-3965969,A2-T2AC-TW3L,GBP,1,4.51
203-8074092-6216308,A2-T2AC-TW3L,GBP,2,9.02
203-8074777-3335544,Z3-ORV9-K8XD,GBP,1,6.56
203-8075277-0832330,6V-EEC1-2S9Z,GBP,2,4.5
203-8076329-2417169,6V-EEC1-2S9Z,GBP,1,2.25
203-8078163-4113956,6V-EEC1-2S9Z,GBP,1,2.25
203-8082797-4529953,Z3-ORV9-K8XD,GBP,1,6.56
203-8102917-5359515,6V-EEC1-2S9Z,GBP,1,2.25
203-8114172-7921160,D0-C7C0-H6LN,GBP,1,2.74
203-8116387-5944365,XH-0LAE-FQO5,GBP,1,2.9
203-8126961-6969906,NN-TSZ1-X2RD,GBP,1,3.49
203-8133131-1550749,Z7-26PV-O9LR,GBP,1,4.44
203-8133548-2853936,WX-L5UA-UB1Q,GBP,1,1.72
203-8134567-3195511,NN-TSZ1-X2RD,GBP,9,34.11
203-8151910-3196341,TU-8I14-25ZR,GBP,1,12.67
203-8155860-5518717,ZU-PFDN-JSYV,GBP,1,4.89
203-8156442-2929961,XH-0LAE-FQO5,GBP,1,2.9
203-8165959-2654748,6V-EEC1-2S9Z,GBP,1,2.25
203-8176388-9831526,DC-K5WH-R7F5,GBP,1,0.68
203-8180835-1664306,Z7-26PV-O9LR,GBP,1,4.44
203-8190248-9265158,8R-E0Y9-0LAU,GBP,1,38.1
203-8195538-3428333,A2-T2AC-TW3L,GBP,1,4.51
203-8199342-2937152,A2-T2AC-TW3L,GBP,2,9.02
203-8208879-4121118,DC-K5WH-R7F5,GBP,1,0.68
203-8213343-6564366,6V-EEC1-2S9Z,GBP,1,2.25
203-8213965-9869931,Z7-26PV-O9LR,GBP,1,4.44
203-8227659-7665960,T8-6UWL-I3E1,GBP,1,1.48
203-8232337-2273112,TU-8I14-25ZR,GBP,1,12.67
203-8233931-6860355,BB-ZT14-1QQA,GBP,1,3.19
203-8247006-8596356,NN-TSZ1-X2RD,GBP,1,3.79
203-8255888-6969142,EV-CHU5-XU3G,GBP,1,2.73
203-8261564-3502725,TU-8I14-25ZR,GBP,1,12.67
203-8275291-5209129,VU-8KRA-QP5M,GBP,1,4.32
203-8293067-6176305,VF-3T0K-DR5O,GBP,2,4.1
203-8296398-0009918,7L-OT45-7LYB,GBP,1,1.16
203-8302252-7173155,6V-EEC1-2S9Z,GBP,1,2.25
203-8313603-3130703,A2-T2AC-TW3L,GBP,1,4.51
203-8344457-1270746,WX-L5UA-UB1Q,GBP,1,1.72
203-8367383-5357166,6V-EEC1-2S9Z,GBP,1,2.25
203-8381898-2659535,EV-CHU5-XU3G,GBP,1,2.73
203-8391828-5745124,A2-T2AC-TW3L,GBP,1,4.51
203-8396799-3957159,VF-3T0K-DR5O,GBP,1,2.05
203-8415455-4253115,7L-OT45-7LYB,GBP,1,1.16
203-8416587-4850762,XH-0LAE-FQO5,GBP,1,2.9
203-8426193-6829908,6V-EEC1-2S9Z,GBP,1,2.25
203-8427504-7923502,AF-KIHX-ANYY,GBP,1,0.84
203-8430894-9126739,XH-0LAE-FQO5,GBP,1,2.9
203-8432494-9301910,DC-K5WH-R7F5,GBP,1,0.68
203-8434168-9066722,XE-YPAI-HX9F,GBP,1,4.79
203-8437578-6213136,DC-K5WH-R7F5,GBP,1,0.68
203-8439423-5553152,6V-EEC1-2S9Z,GBP,2,4.2
203-8441669-6836349,VF-3T0K-DR5O,GBP,1,2.05
203-8443350-2501926,6V-EEC1-2S9Z,GBP,1,2.25
203-8455205-0338722,6V-EEC1-2S9Z,GBP,1,2.25
203-8455381-0468339,A2-T2AC-TW3L,GBP,1,4.51
203-8460080-4265949,VU-8KRA-QP5M,GBP,1,4.32
203-8461816-0998710,79-CPJ6-DSG6,GBP,1,13.65
203-8470826-2717150,6V-EEC1-2S9Z,GBP,1,2.25
203-8475128-8737936,A2-T2AC-TW3L,GBP,1,4.51
203-8478030-9240324,6V-EEC1-2S9Z,GBP,1,2.25
203-8485022-4297955,SU-JM8R-2U82,GBP,1,6.95
203-8492404-5052331,Z7-26PV-O9LR,GBP,1,4.44
203-8515065-6950705,A2-T2AC-TW3L,GBP,1,4.51
203-8524309-2666751,A2-T2AC-TW3L,GBP,1,4.51
203-8526886-8363550,DC-K5WH-R7F5,GBP,1,0.68
203-8528747-4960307,WX-L5UA-UB1Q,GBP,1,1.72
203-8544177-9879561,D7-MGBX-RX2P,GBP,1,2.43
203-8547303-1533902,WX-L5UA-UB1Q,GBP,1,1.72
203-8566297-6856344,6V-EEC1-2S9Z,GBP,1,2.25
203-8570429-9497123,NN-TSZ1-X2RD,GBP,1,3.79
203-8571151-5619568,EE-KTDC-KCFY,GBP,1,3.46
203-8579024-1298745,DC-K5WH-R7F5,GBP,2,1.36
203-8580948-0903547,WX-L5UA-UB1Q,GBP,1,1.72
203-8584594-3970759,WX-L5UA-UB1Q,GBP,1,1.72
203-8596349-6519546,6V-EEC1-2S9Z,GBP,1,2.25
203-8603707-9041126,XE-YPAI-HX9F,GBP,1,4.7
203-8610504-0562703,3B-3H3V-Z93T,GBP,1,1.6
203-8616244-7075566,DC-K5WH-R7F5,GBP,1,0.68
203-8627673-3921940,A2-T2AC-TW3L,GBP,1,4.51
203-8667193-7501144,WX-L5UA-UB1Q,GBP,1,1.72
203-8669451-8017161,R7-98IN-2PW8,GBP,1,2.5
203-8670691-4125114,WX-L5UA-UB1Q,GBP,1,1.72
203-8678519-4147530,6V-EEC1-2S9Z,GBP,4,9.0
203-8690891-1674745,6V-EEC1-2S9Z,GBP,1,2.25
203-8701517-0706703,A2-T2AC-TW3L,GBP,1,4.51
203-8702102-0642727,WX-L5UA-UB1Q,GBP,1,1.72
203-8702503-3693151,6V-EEC1-2S9Z,GBP,1,2.25
203-8712994-0252366,EV-CHU5-XU3G,GBP,1,2.73
203-8722066-6165928,AF-KIHX-ANYY,GBP,1,0.84
203-8722710-3325113,DC-K5WH-R7F5,GBP,2,1.36
203-8726218-8179517,6V-EEC1-2S9Z,GBP,1,2.25
203-8735486-9967502,WX-L5UA-UB1Q,GBP,1,1.72
203-8742549-6441162,EV-CHU5-XU3G,GBP,1,2.73
203-8746941-2315506,A2-T2AC-TW3L,GBP,1,4.51
203-8747977-8408328,6V-EEC1-2S9Z,GBP,6,13.5
203-8768779-7394713,WX-L5UA-UB1Q,GBP,1,1.72
203-8770686-6485920,XH-0LAE-FQO5,GBP,1,2.9
203-8796738-9591506,WX-L5UA-UB1Q,GBP,1,1.72
203-8815057-1001967,SU-JM8R-2U82,GBP,1,6.95
203-8822210-4585965,PE-G94Y-4PYO,GBP,1,2.86
203-8823957-7129952,6V-EEC1-2S9Z,GBP,1,2.25
203-8831623-4823500,XH-0LAE-FQO5,GBP,1,2.9
203-8832315-7603562,A2-T2AC-TW3L,GBP,1,4.51
203-8837079-9175546,MW-9K5M-VKW8,GBP,1,13.65
203-8839102-1349951,A2-T2AC-TW3L,GBP,1,4.51
203-8851575-7595539,A2-T2AC-TW3L,GBP,1,4.51
203-8861556-4829939,F7-PMJ2-SG6A,GBP,1,2.7
203-8864569-0847510,6V-EEC1-2S9Z,GBP,1,2.25
203-8876840-5582769,JB-RGB6-LZOJ,GBP,1,2.47
203-8878917-5721167,WX-L5UA-UB1Q,GBP,1,1.72
203-8882062-2847521,XH-0LAE-FQO5,GBP,1,2.9
203-8948528-4337104,WX-L5UA-UB1Q,GBP,1,1.72
203-8953523-7053146,A2-T2AC-TW3L,GBP,1,4.51
203-8957205-2969952,6V-EEC1-2S9Z,GBP,1,2.25
203-8958191-3368357,VF-3T0K-DR5O,GBP,1,2.05
203-8969358-9148345,MW-9K5M-VKW8,GBP,1,13.65
203-8969672-8812326,6V-EEC1-2S9Z,GBP,2,4.5
203-8970307-9629136,A2-T2AC-TW3L,GBP,1,4.51
203-8996216-6273113,WX-L5UA-UB1Q,GBP,1,1.72
203-8999154-4807518,3B-3H3V-Z93T,GBP,1,1.6
203-9002211-7526761,6V-EEC1-2S9Z,GBP,1,2.25
203-9007823-4330762,6V-EEC1-2S9Z,GBP,1,2.25
203-9012103-8507517,D7-MGBX-RX2P,GBP,1,2.43
203-9021261-2713144,6V-EEC1-2S9Z,GBP,1,2.25
203-9026781-7134741,Z3-ORV9-K8XD,GBP,1,6.56
203-9037287-1663526,6P-IWYA-X18B,GBP,1,4.31
203-9038329-9655522,6V-EEC1-2S9Z,GBP,1,2.25
203-9066584-5194759,8R-E0Y9-0LAU,GBP,1,34.65
203-9080166-7737948,T8-6UWL-I3E1,GBP,1,1.48
203-9096244-4629937,6V-EEC1-2S9Z,GBP,1,2.25
203-9101193-7773963,WX-L5UA-UB1Q,GBP,1,1.72
203-9107901-0440369,4U-XT39-AMUJ,GBP,2,3.32
203-9109032-4643550,NN-TSZ1-X2RD,GBP,1,3.79
203-9125680-0211564,6V-EEC1-2S9Z,GBP,1,2.25
203-9126566-6100317,EV-CHU5-XU3G,GBP,1,2.73
203-9134474-6777920,6V-EEC1-2S9Z,GBP,1,2.25
203-9137118-5345165,AX-NKNU-29C1,GBP,1,0.61
203-9140350-7033931,VF-3T0K-DR5O,GBP,1,2.05
203-9141155-2925967,EA-FZ2V-D7II,GBP,1,1.83
203-9161050-0563520,6V-EEC1-2S9Z,GBP,1,2.25
203-9163960-0785965,WX-L5UA-UB1Q,GBP,1,1.72
203-9179979-1612360,6V-EEC1-2S9Z,GBP,1,2.1
203-9193174-1239515,6V-EEC1-2S9Z,GBP,1,2.25
203-9195720-4937104,Z3-ORV9-K8XD,GBP,1,6.56
203-9215222-3108300,3T-6QPR-E2MV,GBP,1,4.65
203-9239314-8214746,VF-3T0K-DR5O,GBP,2,4.1
203-9257276-9457941,8M-NHB7-T8TR,GBP,1,15.26
203-9277652-6003518,ZU-PFDN-JSYV,GBP,1,4.89
203-9286086-8365945,WX-L5UA-UB1Q,GBP,1,1.72
203-9290629-1723569,XH-0LAE-FQO5,GBP,1,2.9
203-9313507-8390710,6V-EEC1-2S9Z,GBP,1,2.25
203-9313872-6128301,LV-425G-BY4X,GBP,1,16.38
203-9338057-2401113,SU-5LQH-2DVN,GBP,1,2.19
203-9340376-2257152,Z7-26PV-O9LR,GBP,1,4.44
203-9376469-6687504,TU-8I14-25ZR,GBP,1,12.67
203-9380714-2733132,3B-3H3V-Z93T,GBP,1,1.6
203-9397447-7373151,Z7-26PV-O9LR,GBP,1,4.44
203-9406843-8530734,VL-48KZ-J3F2,GBP,1,1.06
203-9416652-4164314,6V-EEC1-2S9Z,GBP,1,2.25
203-9416850-0234744,A2-T2AC-TW3L,GBP,1,4.51
203-9423308-0034702,Z7-26PV-O9LR,GBP,1,4.44
203-9432113-4649936,6V-EEC1-2S9Z,GBP,1,2.25
203-9438962-8080367,6V-EEC1-2S9Z,GBP,1,2.25
203-9444420-0326703,A2-T2AC-TW3L,GBP,1,4.51
203-9449004-2934743,7M-48OU-23X3,GBP,1,7.59
203-9449467-7027565,YC-3L3M-BV48,GBP,1,39.61
203-9455319-9937952,6V-EEC1-2S9Z,GBP,1,2.25
203-9457048-4436367,0H-5V53-GPG4,GBP,1,4.85
203-9458639-0352311,VF-3T0K-DR5O,GBP,1,2.05
203-9477117-1848338,TU-8I14-25ZR,GBP,1,12.67
203-9480730-0753955,VF-3T0K-DR5O,GBP,1,2.05
203-9489437-6567516,R7-98IN-2PW8,GBP,1,2.5
203-9500228-6993912,6V-EEC1-2S9Z,GBP,1,2.25
203-9512807-0348354,VL-48KZ-J3F2,GBP,1,1.06
203-9525761-3631541,6V-EEC1-2S9Z,GBP,1,2.25
203-9538576-2934707,H4-86XG-NLX6,GBP,1,3.25
203-9552233-1913938,VL-48KZ-J3F2,GBP,1,1.06
203-9552361-6809102,AF-KIHX-ANYY,GBP,1,0.84
203-9555760-0349942,0G-JB6S-PN34,GBP,1,2.74
203-9558627-3085937,R7-98IN-2PW8,GBP,1,2.5
203-9561544-2959502,6V-EEC1-2S9Z,GBP,1,2.25
203-9592568-9665965,X7-MY4W-H2I4,GBP,1,2.28
203-9593102-8553167,XG-Z9LW-Z27Q,GBP,1,1.99
203-9603101-5059546,6V-EEC1-2S9Z,GBP,1,2.25
203-9608524-7860331,WX-L5UA-UB1Q,GBP,1,1.72
203-9614462-6123504,RZ-6ZL9-CZ7J,GBP,2,4.84
203-9637010-4033142,6V-EEC1-2S9Z,GBP,1,2.25
203-9647668-2476310,DC-K5WH-R7F5,GBP,1,0.68
203-9672343-6545940,TU-8I14-25ZR,GBP,1,12.67
203-9674708-3069921,6V-EEC1-2S9Z,GBP,1,2.25
203-9676727-4847563,VU-8KRA-QP5M,GBP,1,4.32
203-9682012-1072321,F7-PMJ2-SG6A,GBP,2,5.4
203-9697672-9384324,0G-JB6S-PN34,GBP,1,2.74
203-9728643-0298715,F7-PMJ2-SG6A,GBP,4,10.8
203-9729312-2605908,6V-EEC1-2S9Z,GBP,1,2.25
203-9740350-7405139,VU-8KRA-QP5M,GBP,1,4.32
203-9755520-4975561,WX-L5UA-UB1Q,GBP,1,1.72
203-9765802-0890737,6V-EEC1-2S9Z,GBP,1,2.25
203-9783181-8637934,6V-EEC1-2S9Z,GBP,1,2.25
203-9783417-4129127,7L-OT45-7LYB,GBP,1,1.16
203-9784582-0655504,NN-TSZ1-X2RD,GBP,1,3.99
203-9789694-4029907,6V-EEC1-2S9Z,GBP,1,2.25
203-9794161-5479503,WX-L5UA-UB1Q,GBP,1,1.72
203-9798909-5849163,6V-EEC1-2S9Z,GBP,1,2.25
203-9801634-3054719,6V-EEC1-2S9Z,GBP,1,2.25
203-9805914-6669114,6V-EEC1-2S9Z,GBP,1,2.25
203-9815408-8461903,SU-JM8R-2U82,GBP,1,6.95
203-9817355-0547511,0H-5V53-GPG4,GBP,1,4.85
203-9844138-5620305,6V-EEC1-2S9Z,GBP,1,2.25
203-9844697-0506717,6V-EEC1-2S9Z,GBP,1,2.25
203-9845714-5719525,8M-NHB7-T8TR,GBP,1,15.26
203-9845897-1237134,WX-L5UA-UB1Q,GBP,1,1.72
203-9852126-6106755,H4-86XG-NLX6,GBP,1,3.25
203-9866311-5884339,49-4UKW-G81R,GBP,1,3.04
203-9881645-0297111,6V-EEC1-2S9Z,GBP,1,2.25
203-9903476-2759517,MW-9K5M-VKW8,GBP,1,13.65
203-9905469-9072362,WX-L5UA-UB1Q,GBP,1,1.72
203-9919488-6394752,6V-EEC1-2S9Z,GBP,1,2.25
203-9922292-5617107,6V-EEC1-2S9Z,GBP,1,2.25
203-9923904-4521918,N7-A24N-WJA7,GBP,1,3.01
203-9949019-7143539,EE-KTDC-KCFY,GBP,1,3.46
203-9952085-3133943,L3-ZQ8U-A7LQ,GBP,1,3.7
203-9968599-0957119,0G-JB6S-PN34,GBP,1,2.74
203-9976879-4415548,A2-T2AC-TW3L,GBP,1,4.51
203-9982785-9206714,6V-EEC1-2S9Z,GBP,3,6.75
204-0003844-9519522,6V-EEC1-2S9Z,GBP,2,4.5
204-0020519-4666739,6V-EEC1-2S9Z,GBP,1,2.25
204-0031640-8310743,6V-EEC1-2S9Z,GBP,1,2.25
204-0051615-5276305,WX-L5UA-UB1Q,GBP,1,1.72
204-0052150-9187517,WX-L5UA-UB1Q,GBP,1,1.72
204-0066925-8203526,XH-0LAE-FQO5,GBP,1,2.9
204-0086492-3025146,D7-MGBX-RX2P,GBP,1,2.43
204-0093339-2082751,WX-L5UA-UB1Q,GBP,1,1.72
204-0095634-7249107,BB-ZT14-1QQA,GBP,1,3.19
204-0097547-7753931,6V-EEC1-2S9Z,GBP,1,2.25
204-0098338-3061177,EV-CHU5-XU3G,GBP,1,2.73
204-0102184-1857925,WX-L5UA-UB1Q,GBP,1,1.72
204-0105344-3915555,6V-EEC1-2S9Z,GBP,1,2.25
204-0107899-6024314,LF-X542-9TDZ,GBP,1,7.74
204-0111325-7577168,N7-A24N-WJA7,GBP,1,3.01
204-0112741-7910707,WX-L5UA-UB1Q,GBP,1,1.72
204-0131126-0000302,A2-T2AC-TW3L,GBP,1,4.51
204-0131554-5766762,6V-EEC1-2S9Z,GBP,1,2.25
204-0137358-3781156,GJ-2OZK-0GCA,GBP,1,17.5
204-0145786-5703559,EV-CHU5-XU3G,GBP,1,2.73
204-0157847-9061160,WX-L5UA-UB1Q,GBP,1,1.72
204-0158157-6196321,6V-EEC1-2S9Z,GBP,1,2.25
204-0169235-9840353,WX-L5UA-UB1Q,GBP,1,1.72
204-0174970-9641143,Z7-26PV-O9LR,GBP,1,4.44
204-0180603-3801963,L5-PF3B-WHU4,GBP,1,17.5
204-0195718-4050779,6V-EEC1-2S9Z,GBP,1,2.25
204-0199468-2501922,A2-T2AC-TW3L,GBP,1,4.51
204-0207578-6744348,A2-T2AC-TW3L,GBP,1,4.51
204-0213666-4288338,4F-HT42-FD26,GBP,1,3.33
204-0216902-0482775,TU-8I14-25ZR,GBP,1,12.67
204-0230840-4136325,NN-TSZ1-X2RD,GBP,1,3.79
204-0237078-5957129,EV-CHU5-XU3G,GBP,1,2.73
204-0251802-8537140,WX-L5UA-UB1Q,GBP,1,1.72
204-0260940-5466745,A2-T2AC-TW3L,GBP,1,4.51
204-0264337-9291527,6V-EEC1-2S9Z,GBP,1,2.25
204-0282064-4905953,NN-TSZ1-X2RD,GBP,1,3.49
204-0284812-7070721,EE-KTDC-KCFY,GBP,1,3.46
204-0290153-3003568,6V-EEC1-2S9Z,GBP,1,2.25
204-0291248-8964372,XH-0LAE-FQO5,GBP,1,2.9
204-0292168-1081148,CY-5VNG-I5M8,GBP,1,2.22
204-0302565-3420353,F7-PMJ2-SG6A,GBP,2,5.4
204-0306761-3519546,TU-8I14-25ZR,GBP,1,12.67
204-0313456-8814776,WX-L5UA-UB1Q,GBP,1,1.72
204-0320777-9298710,GD-B8SW-1PCP,GBP,1,28.75
204-0337110-6821932,6V-EEC1-2S9Z,GBP,1,2.25
204-0350625-7854762,6V-EEC1-2S9Z,GBP,1,2.25
204-0361002-2686757,VF-3T0K-DR5O,GBP,2,4.1
204-0363060-0105112,DC-K5WH-R7F5,GBP,1,0.68
204-0367661-3892338,SQ-7QYT-5D5B,GBP,1,1.5
204-0380730-7497125,6V-EEC1-2S9Z,GBP,1,2.25
204-0385091-0481139,D7-MGBX-RX2P,GBP,1,2.43
204-0393824-7103534,WX-L5UA-UB1Q,GBP,1,1.72
204-0406957-6895560,WX-L5UA-UB1Q,GBP,1,1.72
204-0409739-0699553,A2-T2AC-TW3L,GBP,1,4.51
204-0419120-6075563,NN-TSZ1-X2RD,GBP,1,3.99
204-0426145-4885156,A2-T2AC-TW3L,GBP,1,4.51
204-0427451-1265931,6V-EEC1-2S9Z,GBP,1,2.25
204-0432824-0585130,WX-L5UA-UB1Q,GBP,1,1.72
204-0458742-8191549,WX-L5UA-UB1Q,GBP,1,1.72
204-0472484-8839562,SR-6OBB-WC03,GBP,1,2.86
204-0476845-0984323,6V-EEC1-2S9Z,GBP,1,2.25
204-0483136-7186769,WX-L5UA-UB1Q,GBP,1,1.72
204-0487628-2023529,3B-3H3V-Z93T,GBP,1,1.6
204-0496495-4354738,Z7-26PV-O9LR,GBP,1,4.2
204-0498114-9811504,WX-L5UA-UB1Q,GBP,1,1.72
204-0503928-6491567,DC-K5WH-R7F5,GBP,2,1.36
204-0520166-1246768,6V-EEC1-2S9Z,GBP,1,2.25
204-0525033-3184331,NN-TSZ1-X2RD,GBP,1,3.79
204-0531544-2445944,6V-EEC1-2S9Z,GBP,1,2.25
204-0533387-5701152,XH-0LAE-FQO5,GBP,1,2.9
204-0541239-7053911,6V-EEC1-2S9Z,GBP,1,2.25
204-0566268-4513948,EE-KTDC-KCFY,GBP,1,3.46
204-0567858-5774759,6V-EEC1-2S9Z,GBP,1,2.25
204-0568893-3727545,SC-LYFM-ORXK,GBP,1,4.2
204-0569369-5941933,DC-K5WH-R7F5,GBP,1,0.68
204-0577590-6926760,6V-EEC1-2S9Z,GBP,2,4.5
204-0579647-2323512,L3-ZQ8U-A7LQ,GBP,1,3.7
204-0579740-3684301,6V-EEC1-2S9Z,GBP,8,18.0
204-0585319-6341121,VF-3T0K-DR5O,GBP,1,2.05
204-0588267-2837962,XH-OMMJ-C7MT,GBP,1,2.45
204-0593790-2072318,SR-6OBB-WC03,GBP,1,2.86
204-0596123-8206701,DC-K5WH-R7F5,GBP,1,0.68
204-0608652-3830729,XH-0LAE-FQO5,GBP,1,2.9
204-0622959-3341141,A2-T2AC-TW3L,GBP,1,4.51
204-0628749-0313164,6V-EEC1-2S9Z,GBP,1,2.25
204-0628946-3154734,VF-3T0K-DR5O,GBP,3,6.1499999999999995
204-0631055-2283516,XE-YPAI-HX9F,GBP,1,4.58
204-0634626-1356301,U1-M5BM-8F5W,GBP,1,13.0
204-0636193-1891526,79-CPJ6-DSG6,GBP,1,13.65
204-0648517-8725107,6V-EEC1-2S9Z,GBP,1,2.25
204-0651781-8260349,Z9-FBUQ-EZN3,GBP,1,2.89
204-0660971-4371528,D7-MGBX-RX2P,GBP,1,2.43
204-0672883-3433961,9X-7TBD-NA16,GBP,1,1.99
204-0682196-8673928,A2-T2AC-TW3L,GBP,1,4.51
204-0688576-8897936,YC-3L3M-BV48,GBP,1,39.61
204-0705773-1793125,A2-T2AC-TW3L,GBP,1,4.51
204-0720393-1038748,XG-Z9LW-Z27Q,GBP,2,3.98
204-0721280-8763560,6V-EEC1-2S9Z,GBP,1,2.25
204-0725427-0772364,A2-T2AC-TW3L,GBP,1,4.51
204-0728625-5925143,6V-EEC1-2S9Z,GBP,1,2.25
204-0746453-7959528,XH-0LAE-FQO5,GBP,1,2.9
204-0746848-2645121,EV-CHU5-XU3G,GBP,1,2.73
204-0758444-6309135,6V-EEC1-2S9Z,GBP,1,2.25
204-0763642-2028348,F7-PMJ2-SG6A,GBP,1,2.7
204-0765803-3547516,SR-6OBB-WC03,GBP,1,2.86
204-0766853-7833969,Z3-ORV9-K8XD,GBP,1,6.56
204-0766995-3168363,XE-YPAI-HX9F,GBP,1,4.58
204-0781194-2087538,I2-6YKQ-CIBP,GBP,1,3.57
204-0784546-2821113,NN-TSZ1-X2RD,GBP,1,3.79
204-0796076-3693163,VF-3T0K-DR5O,GBP,1,2.05
204-0797268-0905946,6V-EEC1-2S9Z,GBP,1,2.25
204-0811365-4506732,6V-EEC1-2S9Z,GBP,1,2.25
204-0815958-8006747,6V-EEC1-2S9Z,GBP,1,2.25
204-0825108-5557931,6V-EEC1-2S9Z,GBP,1,2.25
204-0838637-6638718,6V-EEC1-2S9Z,GBP,4,9.0
204-0853260-2966727,A2-T2AC-TW3L,GBP,1,4.51
204-0887647-5729144,NN-TSZ1-X2RD,GBP,1,3.99
204-0888043-0749942,DC-K5WH-R7F5,GBP,1,0.68
204-0899891-6151510,GJ-2OZK-0GCA,GBP,1,17.5
204-0917660-0877943,DC-K5WH-R7F5,GBP,1,0.68
204-0923926-7425941,6V-EEC1-2S9Z,GBP,1,2.25
204-0938104-6915505,A2-T2AC-TW3L,GBP,1,4.51
204-0976785-2851553,A2-T2AC-TW3L,GBP,1,4.51
204-0991560-7095569,TU-8I14-25ZR,GBP,1,12.67
204-1014942-4441926,6V-EEC1-2S9Z,GBP,1,2.25
204-1021851-3202735,A2-T2AC-TW3L,GBP,1,4.51
204-1030559-5218730,XE-YPAI-HX9F,GBP,1,4.58
204-1030732-6397957,A2-T2AC-TW3L,GBP,1,4.51
204-1032454-3955534,ZV-RLOD-Q0JI,GBP,1,7.55
204-1058004-2892309,6V-EEC1-2S9Z,GBP,1,2.25
204-1070704-9945920,6V-EEC1-2S9Z,GBP,1,2.25
204-1076165-3105130,6V-EEC1-2S9Z,GBP,1,2.25
204-1082833-6927506,TE-Y18U-S2O1,GBP,1,4.16
204-1086451-2241162,A2-T2AC-TW3L,GBP,1,4.51
204-1090168-9169960,SC-LYFM-ORXK,GBP,1,4.2
204-1094057-3142769,6V-EEC1-2S9Z,GBP,1,2.25
204-1094722-1353937,MW-9K5M-VKW8,GBP,1,13.65
204-1095410-2493923,6V-EEC1-2S9Z,GBP,1,2.25
204-1103574-6232368,VL-48KZ-J3F2,GBP,2,2.12
204-1112866-4238753,6V-EEC1-2S9Z,GBP,1,2.25
204-1116189-8821968,TU-8I14-25ZR,GBP,1,12.67
204-1129364-0988309,XH-0LAE-FQO5,GBP,1,2.9
204-1146635-9486764,JL-VTP2-JF3Q,GBP,1,6.95
204-1155284-6733958,VF-3T0K-DR5O,GBP,1,2.05
204-1157518-7445156,6V-EEC1-2S9Z,GBP,1,2.25
204-1165872-1510755,DC-K5WH-R7F5,GBP,1,0.68
204-1171735-1933907,A2-T2AC-TW3L,GBP,1,4.51
204-1179554-8700342,A2-T2AC-TW3L,GBP,1,4.51
204-1180373-2017150,6V-EEC1-2S9Z,GBP,1,2.25
204-1189316-3397939,6V-EEC1-2S9Z,GBP,1,2.25
204-1190991-2285168,A2-T2AC-TW3L,GBP,1,4.51
204-1204356-1394713,BQ-O3OI-FTJU,GBP,1,6.5
204-1210399-7720329,6V-EEC1-2S9Z,GBP,1,2.25
204-1221767-9554737,EV-CHU5-XU3G,GBP,1,2.73
204-1238177-6489108,GK-YI4S-C158,GBP,1,2.58
204-1245321-3343567,Z7-26PV-O9LR,GBP,1,4.44
204-1258451-4045160,6V-EEC1-2S9Z,GBP,1,2.25
204-1261187-5249953,714776,GBP,1,1.21
204-1263763-7449963,NN-TSZ1-X2RD,GBP,1,3.79
204-1264322-1739546,L3-ZQ8U-A7LQ,GBP,2,7.4
204-1268645-6629907,U1-M5BM-8F5W,GBP,1,13.0
204-1272583-9800307,T8-6UWL-I3E1,GBP,1,1.48
204-1275687-4718728,6V-EEC1-2S9Z,GBP,1,2.25
204-1292052-9964335,XH-0LAE-FQO5,GBP,1,2.9
204-1292188-1697167,EV-CHU5-XU3G,GBP,1,2.73
204-1293364-2776359,DC-K5WH-R7F5,GBP,1,0.68
204-1313507-6382706,VF-3T0K-DR5O,GBP,1,2.05
204-1322000-4988363,EV-CHU5-XU3G,GBP,1,2.73
204-1354378-0901900,NN-TSZ1-X2RD,GBP,1,3.99
204-1358027-6201959,GJ-2OZK-0GCA,GBP,1,17.5
204-1361310-7964312,79-CPJ6-DSG6,GBP,1,13.65
204-1382488-3714720,49-4UKW-G81R,GBP,7,21.28
204-1393969-9430740,WX-L5UA-UB1Q,GBP,1,1.72
204-1422886-7670735,XH-0LAE-FQO5,GBP,1,2.9
204-1429149-1241138,WX-L5UA-UB1Q,GBP,1,1.72
204-1432516-1153143,VF-3T0K-DR5O,GBP,1,2.05
204-1449172-1043559,NN-TSZ1-X2RD,GBP,1,3.79
204-1477759-3127536,VF-3T0K-DR5O,GBP,1,2.05
204-1485782-2512302,EV-CHU5-XU3G,GBP,1,2.73
204-1493271-4175529,A2-T2AC-TW3L,GBP,1,4.51
204-1496569-2761137,VU-8KRA-QP5M,GBP,1,4.32
204-1498196-6051528,XH-0LAE-FQO5,GBP,1,2.9
204-1501359-9595536,N7-A24N-WJA7,GBP,1,3.01
204-1512509-7276308,T8-6UWL-I3E1,GBP,1,1.48
204-1514090-4817106,VF-3T0K-DR5O,GBP,2,4.1
204-1523836-1591501,T8-6UWL-I3E1,GBP,1,1.48
204-1548717-2969134,DC-K5WH-R7F5,GBP,1,0.68
204-1557272-2105108,Z3-ORV9-K8XD,GBP,1,6.56
204-1572099-8394756,A2-T2AC-TW3L,GBP,1,4.51
204-1574132-2977905,8L-INBX-OUTU,GBP,1,2.49
204-1575361-7878742,A2-T2AC-TW3L,GBP,1,4.51
204-1580853-8077947,6V-EEC1-2S9Z,GBP,1,2.1
204-1581988-6261911,NN-TSZ1-X2RD,GBP,1,3.79
204-1587925-9674725,UR-Q7TM-1F3I,GBP,1,7.59
204-1589090-5729164,9X-7TBD-NA16,GBP,1,1.99
204-1593854-3158717,6V-EEC1-2S9Z,GBP,1,2.25
204-1597994-5073115,TU-8I14-25ZR,GBP,1,12.67
204-1608541-5131560,VF-3T0K-DR5O,GBP,1,2.05
204-1615120-0987551,SU-5LQH-2DVN,GBP,1,2.19
204-1624956-5089152,WX-L5UA-UB1Q,GBP,1,1.72
204-1657094-1365900,VF-3T0K-DR5O,GBP,1,2.05
204-1660140-9793141,6V-EEC1-2S9Z,GBP,8,18.0
204-1665235-4590763,6V-EEC1-2S9Z,GBP,1,2.25
204-1665391-3371523,A2-T2AC-TW3L,GBP,1,4.51
204-1666481-6798719,WX-L5UA-UB1Q,GBP,1,1.72
204-1678956-6077119,TU-8I14-25ZR,GBP,1,12.67
204-1683299-4465105,Z3-ORV9-K8XD,GBP,1,6.56
204-1694546-4806711,6V-EEC1-2S9Z,GBP,1,2.25
204-1722562-7973926,SR-6OBB-WC03,GBP,1,2.86
204-1732320-6372308,L3-ZQ8U-A7LQ,GBP,1,3.7
204-1735738-2889941,WX-L5UA-UB1Q,GBP,1,1.72
204-1757598-1523557,WX-L5UA-UB1Q,GBP,1,1.72
204-1771917-4665122,R7-98IN-2PW8,GBP,1,2.5
204-1777772-6598769,6V-EEC1-2S9Z,GBP,1,2.25
204-1788854-4475517,WX-L5UA-UB1Q,GBP,1,1.72
204-1796881-4465913,XE-YPAI-HX9F,GBP,1,4.58
204-1802328-6509910,A2-T2AC-TW3L,GBP,1,4.51
204-1810084-2885155,A2-T2AC-TW3L,GBP,1,4.51
204-1814159-2445102,AX-NKNU-29C1,GBP,1,0.61
204-1854843-1942765,D7-MGBX-RX2P,GBP,1,2.43
204-1857344-4593161,BQ-O3OI-FTJU,GBP,1,6.5
204-1860778-6231560,RB-82FL-T88J,GBP,1,14.5
204-1861590-4396310,8L-INBX-OUTU,GBP,1,2.49
204-1868688-8221160,Z3-ORV9-K8XD,GBP,1,6.56
204-1873438-5502719,BQ-O3OI-FTJU,GBP,1,6.5
204-1876307-2409928,MW-9K5M-VKW8,GBP,1,13.65
204-1899094-4794737,8M-LM6B-F2Q5,GBP,1,1.7
204-1912548-8325169,F7-PMJ2-SG6A,GBP,1,2.7
204-1922456-4751555,NN-TSZ1-X2RD,GBP,1,3.99
204-1934240-0377962,Z7-26PV-O9LR,GBP,1,4.44
204-1941171-9813108,WX-L5UA-UB1Q,GBP,1,1.72
204-1943264-8885920,79-CPJ6-DSG6,GBP,1,13.65
204-1950876-8338764,6P-IWYA-X18B,GBP,1,4.31
204-1954997-3581133,EE-KTDC-KCFY,GBP,1,3.46
204-1970929-3044310,TU-8I14-25ZR,GBP,1,12.67
204-1971398-2232330,L3-ZQ8U-A7LQ,GBP,1,3.7
204-1972274-2449129,WX-L5UA-UB1Q,GBP,1,1.72
204-1987775-5417147,A2-T2AC-TW3L,GBP,1,4.29
204-1993539-8822718,F7-PMJ2-SG6A,GBP,1,2.7
204-2003480-9517927,6V-EEC1-2S9Z,GBP,1,2.25
204-2018226-2697124,NN-TSZ1-X2RD,GBP,1,3.99
204-2038317-7261910,7M-48OU-23X3,GBP,1,7.59
204-2038708-3037915,WX-L5UA-UB1Q,GBP,1,1.72
204-2044370-2557147,UL-D0Y8-ZNI5,GBP,1,19.5
204-2056243-2287546,ZU-PFDN-JSYV,GBP,1,4.89
204-2064200-1143515,XE-YPAI-HX9F,GBP,1,4.58
204-2091198-8567563,6P-IWYA-X18B,GBP,1,4.31
204-2095243-5733124,8M-NHB7-T8TR,GBP,1,15.26
204-2102444-6090712,WX-L5UA-UB1Q,GBP,1,1.72
204-2102993-1821112,6V-EEC1-2S9Z,GBP,1,2.25
204-2112561-7404356,WX-L5UA-UB1Q,GBP,1,1.72
204-2122126-9924354,MW-9K5M-VKW8,GBP,1,13.65
204-2123896-3001128,6V-EEC1-2S9Z,GBP,1,2.25
204-2125610-6978723,3X-EXDD-TD2K,GBP,1,20.37
204-2126529-3109942,GJ-2OZK-0GCA,GBP,1,17.5
204-2130575-0332328,8L-INBX-OUTU,GBP,1,2.49
204-2149807-4618749,TU-8I14-25ZR,GBP,1,12.67
204-2154030-2510710,A2-T2AC-TW3L,GBP,1,4.51
204-2160135-5759523,6V-EEC1-2S9Z,GBP,1,2.25
204-2165955-2199559,YC-3L3M-BV48,GBP,1,39.61
204-2174691-9898709,XH-0LAE-FQO5,GBP,1,2.9
204-2180773-1373911,PY-XV78-3OG5,GBP,1,20.51
204-2190027-6961914,I2-6YKQ-CIBP,GBP,1,3.96
204-2208254-1901146,EV-CHU5-XU3G,GBP,1,2.73
204-2212386-4175569,A2-T2AC-TW3L,GBP,1,4.51
204-2217785-4369910,A2-T2AC-TW3L,GBP,1,4.51
204-2226053-7708317,MW-9K5M-VKW8,GBP,1,13.65
204-2247377-0544332,6V-EEC1-2S9Z,GBP,1,2.25
204-2247763-3363515,XH-0LAE-FQO5,GBP,1,2.9
204-2250850-9397147,6V-EEC1-2S9Z,GBP,1,2.25
204-2258579-5836323,A2-T2AC-TW3L,GBP,1,4.51
204-2270694-5916317,A2-T2AC-TW3L,GBP,1,4.51
204-2284512-0186748,MW-9K5M-VKW8,GBP,1,13.65
204-2289903-3643520,0H-5V53-GPG4,GBP,2,9.7
204-2296798-6109936,A9-2Y9G-M2K7,GBP,1,1.52
204-2298444-3148303,EV-CHU5-XU3G,GBP,1,2.73
204-2326270-4953131,6V-EEC1-2S9Z,GBP,4,9.0
204-2327821-5625163,NN-TSZ1-X2RD,GBP,1,3.79
204-2347042-9681105,VF-3T0K-DR5O,GBP,1,2.05
204-2361115-2381121,U1-M5BM-8F5W,GBP,1,13.0
204-2400854-5671519,T8-6UWL-I3E1,GBP,1,1.48
204-2407710-7728306,6P-IWYA-X18B,GBP,1,4.31
204-2413648-3466747,6V-EEC1-2S9Z,GBP,1,2.25
204-2416798-4561907,T8-6UWL-I3E1,GBP,1,1.48
204-2432512-5133931,DC-K5WH-R7F5,GBP,1,0.68
204-2444248-8664306,DC-K5WH-R7F5,GBP,2,1.36
204-2457645-3686754,NN-TSZ1-X2RD,GBP,1,3.99
204-2463897-6382718,6V-EEC1-2S9Z,GBP,1,2.25
204-2473221-1685946,DC-K5WH-R7F5,GBP,1,0.68
204-2515254-1329926,6V-EEC1-2S9Z,GBP,1,2.25
204-2515297-4400337,GJ-2OZK-0GCA,GBP,1,17.5
204-2531846-5616343,DC-K5WH-R7F5,GBP,1,0.68
204-2544127-1151530,T8-6UWL-I3E1,GBP,1,1.48
204-2578326-4111528,Z3-ORV9-K8XD,GBP,1,6.56
204-2586671-2704338,MW-9K5M-VKW8,GBP,1,13.65
204-2593754-7026765,WX-L5UA-UB1Q,GBP,1,1.72
204-2598331-5801949,L1-54EX-56YC,GBP,1,5.35
204-2603848-4088359,TU-8I14-25ZR,GBP,1,12.67
204-2612363-1274720,DC-K5WH-R7F5,GBP,1,0.68
204-2619513-0928336,LV-425G-BY4X,GBP,1,16.38
204-2629327-9913938,UL-D0Y8-ZNI5,GBP,1,19.5
204-2636308-6429153,L5-PF3B-WHU4,GBP,1,17.5
204-2651659-8275529,6V-EEC1-2S9Z,GBP,1,2.25
204-2654629-8657925,T8-6UWL-I3E1,GBP,1,1.48
204-2657855-4864342,VL-48KZ-J3F2,GBP,2,2.12
204-2663705-7484306,WX-L5UA-UB1Q,GBP,1,1.72
204-2671399-0899556,F7-PMJ2-SG6A,GBP,1,2.7
204-2672639-9743535,EV-CHU5-XU3G,GBP,1,2.73
204-2673468-8832347,XH-0LAE-FQO5,GBP,1,2.9
204-2674071-8720346,EV-CHU5-XU3G,GBP,2,5.46
204-2680367-3425912,A2-T2AC-TW3L,GBP,1,4.51
204-2684995-0750754,WX-L5UA-UB1Q,GBP,1,1.72
204-2701820-1936356,0G-JB6S-PN34,GBP,1,2.74
204-2703585-3543542,NN-TSZ1-X2RD,GBP,1,3.99
204-2712307-3772314,DC-K5WH-R7F5,GBP,1,0.68
204-2720890-2023566,WX-L5UA-UB1Q,GBP,1,1.72
204-2726522-8046761,WX-L5UA-UB1Q,GBP,1,1.72
204-2753495-4888317,XH-0LAE-FQO5,GBP,1,2.9
204-2775872-6429969,XH-0LAE-FQO5,GBP,2,5.8
204-2788090-8973166,A2-T2AC-TW3L,GBP,1,4.51
204-2792430-6793902,EV-CHU5-XU3G,GBP,1,2.73
204-2797085-0725106,SU-5LQH-2DVN,GBP,1,2.19
204-2831858-1498737,Z7-26PV-O9LR,GBP,1,4.2
204-2856888-9385129,A2-T2AC-TW3L,GBP,1,4.51
204-2857324-4773924,U1-M5BM-8F5W,GBP,1,13.0
204-2870976-9770734,6V-EEC1-2S9Z,GBP,1,2.25
204-2900865-2872316,JL-VTP2-JF3Q,GBP,1,6.95
204-2920905-7102714,NN-TSZ1-X2RD,GBP,2,7.58
204-2924640-0119512,WX-L5UA-UB1Q,GBP,1,1.72
204-2930554-0871515,VF-3T0K-DR5O,GBP,1,2.05
204-2946620-5685118,KI-CR51-18J3,GBP,1,28.2
204-2977225-2245942,WX-L5UA-UB1Q,GBP,1,1.72
204-2981177-6287505,U1-M5BM-8F5W,GBP,1,13.0
204-2981618-3047555,EV-CHU5-XU3G,GBP,3,8.19
204-2989256-2513139,6V-EEC1-2S9Z,GBP,1,2.25
204-2996964-0341932,DC-K5WH-R7F5,GBP,1,0.68
204-2997746-1597166,6V-EEC1-2S9Z,GBP,1,2.25
204-3020413-6121160,NN-TSZ1-X2RD,GBP,1,3.79
204-3026155-4682717,XY-UM2X-TPS3,GBP,1,4.57
204-3055767-0937130,DC-K5WH-R7F5,GBP,2,1.36
204-3057561-2845112,TU-8I14-25ZR,GBP,1,12.67
204-3067692-8456359,EV-CHU5-XU3G,GBP,2,5.46
204-3084029-2573143,49-4UKW-G81R,GBP,3,9.120000000000001
204-3091309-9883521,EV-CHU5-XU3G,GBP,1,2.73
204-3094795-0092340,EV-CHU5-XU3G,GBP,1,2.73
204-3094948-3980307,DC-K5WH-R7F5,GBP,4,2.72
204-3105850-9147560,NN-TSZ1-X2RD,GBP,1,3.79
204-3106439-1903505,WX-L5UA-UB1Q,GBP,1,1.72
204-3108933-5787508,6V-EEC1-2S9Z,GBP,1,2.25
204-3123567-4874701,DC-K5WH-R7F5,GBP,1,0.68
204-3131865-7775515,F7-PMJ2-SG6A,GBP,2,5.4
204-3154798-2268309,XH-0LAE-FQO5,GBP,1,2.9
204-3157207-5276319,EV-CHU5-XU3G,GBP,1,2.73
204-3158898-2621907,JV-D1TI-6UF6,GBP,1,3.6
204-3164050-8695521,MW-9K5M-VKW8,GBP,1,13.65
204-3177277-7722705,MW-9K5M-VKW8,GBP,1,13.65
204-3193644-4101960,GJ-2OZK-0GCA,GBP,1,17.5
204-3222212-9354711,6V-EEC1-2S9Z,GBP,1,2.25
204-3234232-3820338,7L-OT45-7LYB,GBP,1,1.16
204-3235173-1524333,6V-EEC1-2S9Z,GBP,1,2.25
204-3240774-5424328,VF-3T0K-DR5O,GBP,1,2.05
204-3306657-8699518,6V-EEC1-2S9Z,GBP,1,2.25
204-3308447-9089963,6V-EEC1-2S9Z,GBP,1,2.25
204-3312565-3716359,ZI-1MA2-8QGC,GBP,1,8.48
204-3340176-6632319,6V-EEC1-2S9Z,GBP,2,4.5
204-3342218-5337903,Z3-ORV9-K8XD,GBP,1,6.56
204-3347048-3557958,U1-M5BM-8F5W,GBP,1,13.0
204-3355086-6071548,XH-0LAE-FQO5,GBP,3,8.7
204-3355368-6112353,A2-T2AC-TW3L,GBP,1,4.51
204-3408552-6845903,8L-INBX-OUTU,GBP,1,2.49
204-3426011-6751561,VF-3T0K-DR5O,GBP,1,2.05
204-3430193-1244332,A2-T2AC-TW3L,GBP,1,4.51
204-3444799-2767550,F7-PMJ2-SG6A,GBP,2,5.4
204-3450201-4754766,R7-98IN-2PW8,GBP,1,2.5
204-3450821-9729136,XH-0LAE-FQO5,GBP,1,2.9
204-3455981-6052320,WX-L5UA-UB1Q,GBP,1,1.72
204-3474331-6912303,VF-3T0K-DR5O,GBP,1,2.05
204-3480602-3004361,6V-EEC1-2S9Z,GBP,1,2.25
204-3481568-6374726,BQ-O3OI-FTJU,GBP,1,6.5
204-3485556-8373114,XH-0LAE-FQO5,GBP,1,2.9
204-3488043-1293143,A2-T2AC-TW3L,GBP,1,4.51
204-3497208-3732341,SR-6OBB-WC03,GBP,1,2.86
204-3501142-8893113,WX-L5UA-UB1Q,GBP,1,1.72
204-3507533-0920316,6V-EEC1-2S9Z,GBP,1,2.25
204-3514570-8201937,Z9-FBUQ-EZN3,GBP,1,2.89
204-3520417-0209951,XH-0LAE-FQO5,GBP,1,2.9
204-3533404-3015568,R4-0AXZ-ZZ9D,GBP,1,4.85
204-3534554-6456315,6V-EEC1-2S9Z,GBP,1,2.25
204-3534645-4077905,A2-T2AC-TW3L,GBP,1,4.51
204-3536022-3847518,6V-EEC1-2S9Z,GBP,1,2.25
204-3537186-5946733,6V-EEC1-2S9Z,GBP,1,2.25
204-3541758-7632360,EV-CHU5-XU3G,GBP,1,2.73
204-3559449-2929159,WX-L5UA-UB1Q,GBP,1,1.72
204-3563772-5529905,6V-EEC1-2S9Z,GBP,1,2.25
204-3564001-3298717,DC-K5WH-R7F5,GBP,1,0.68
204-3568175-9383510,NN-TSZ1-X2RD,GBP,1,3.79
204-3578417-7274767,6V-EEC1-2S9Z,GBP,1,2.25
204-3583557-7929103,N7-A24N-WJA7,GBP,1,3.01
204-3588352-6693959,F7-PMJ2-SG6A,GBP,1,2.7
204-3592422-6613108,Z3-ORV9-K8XD,GBP,1,6.56
204-3608572-9640301,BQ-O3OI-FTJU,GBP,1,6.5
204-3608746-9297920,NN-TSZ1-X2RD,GBP,1,3.99
204-3611777-1974755,Z7-26PV-O9LR,GBP,1,4.44
204-3620601-0984358,6V-EEC1-2S9Z,GBP,1,2.25
204-3638505-2360321,6V-EEC1-2S9Z,GBP,2,4.5
204-3640792-4137136,GK-YI4S-C158,GBP,1,2.58
204-3646478-3537118,BQ-O3OI-FTJU,GBP,1,6.5
204-3649011-0658707,A2-T2AC-TW3L,GBP,1,4.51
204-3658690-8873103,WX-L5UA-UB1Q,GBP,1,1.72
204-3663577-9524321,XH-OMMJ-C7MT,GBP,1,2.45
204-3679523-1005926,L5-PF3B-WHU4,GBP,1,17.5
204-3681182-5544327,VF-3T0K-DR5O,GBP,2,4.1
204-3691298-7649152,XH-0LAE-FQO5,GBP,5,14.5
204-3706886-2223519,NN-TSZ1-X2RD,GBP,1,3.79
204-3711818-1370722,SU-5LQH-2DVN,GBP,1,2.19
204-3712361-8181919,7L-OT45-7LYB,GBP,1,1.16
204-3714380-0030706,Z9-FBUQ-EZN3,GBP,1,2.89
204-3727581-4384367,WX-L5UA-UB1Q,GBP,1,1.72
204-3731429-8138704,6V-EEC1-2S9Z,GBP,1,2.25
204-3738656-1878720,WX-L5UA-UB1Q,GBP,1,1.72
204-3756023-4284345,A2-T2AC-TW3L,GBP,1,4.51
204-3764574-1853903,SU-5LQH-2DVN,GBP,1,2.19
204-3778748-6949143,NN-TSZ1-X2RD,GBP,1,3.99
204-3782066-2984309,NX-0Q7A-XR6H,GBP,1,2.74
204-3783227-2085965,6V-EEC1-2S9Z,GBP,1,2.25
204-3804007-8321930,L5-PF3B-WHU4,GBP,1,17.5
204-3834739-0036368,TU-8I14-25ZR,GBP,1,12.67
204-3856839-9087527,DC-K5WH-R7F5,GBP,3,2.04
204-3871018-3007557,0H-5V53-GPG4,GBP,1,4.85
204-3875394-5366720,Z3-ORV9-K8XD,GBP,1,6.56
204-3880156-2347550,4F-HT42-FD26,GBP,1,3.33
204-3892735-0224336,Z7-26PV-O9LR,GBP,1,4.2
204-3901713-0832318,L5-PF3B-WHU4,GBP,1,17.5
204-3913736-1481146,0H-5V53-GPG4,GBP,1,4.85
204-3913888-6916331,8L-INBX-OUTU,GBP,1,2.49
204-3929773-4101116,RW-AZK6-O4M2,GBP,1,0.52
204-3936789-8713944,EV-CHU5-XU3G,GBP,1,2.73
204-3948804-7005104,Z7-26PV-O9LR,GBP,1,4.44
204-3954444-7119504,6V-EEC1-2S9Z,GBP,1,2.25
204-3957173-4296369,Z7-26PV-O9LR,GBP,1,4.44
204-3957332-9967536,DC-K5WH-R7F5,GBP,2,1.36
204-3963752-9644323,A2-T2AC-TW3L,GBP,1,4.51
204-3967262-3624337,WX-L5UA-UB1Q,GBP,1,1.72
204-3991531-0818735,KI-CR51-18J3,GBP,1,28.2
204-3993943-1463518,6V-EEC1-2S9Z,GBP,2,4.5
204-4000234-6556304,DC-K5WH-R7F5,GBP,1,0.68
204-4003380-5784341,MW-9K5M-VKW8,GBP,1,13.65
204-4006297-6585965,JV-D1TI-6UF6,GBP,4,14.4
204-4006941-6260364,0G-JB6S-PN34,GBP,1,2.74
204-4019805-5888338,6V-EEC1-2S9Z,GBP,2,4.5
204-4022143-8022754,N7-A24N-WJA7,GBP,1,3.01
204-4028595-5913955,6V-EEC1-2S9Z,GBP,3,6.75
204-4029867-3246725,VF-3T0K-DR5O,GBP,1,2.05
204-4047720-6176352,VF-3T0K-DR5O,GBP,1,2.05
204-4051894-7555531,49-4UKW-G81R,GBP,1,3.04
204-4060095-3146747,SU-5LQH-2DVN,GBP,1,2.19
204-4060953-9282706,N7-A24N-WJA7,GBP,1,3.01
204-4084147-5678722,6V-EEC1-2S9Z,GBP,1,2.25
204-4091730-8303549,JV-D1TI-6UF6,GBP,1,3.6
204-4111431-8644363,TU-8I14-25ZR,GBP,1,12.67
204-4135236-9253945,A2-T2AC-TW3L,GBP,1,4.51
204-4154121-5794764,VF-3T0K-DR5O,GBP,1,2.05
204-4156264-5177169,VF-3T0K-DR5O,GBP,1,2.05
204-4178533-2098720,6V-EEC1-2S9Z,GBP,1,2.25
204-4180530-6037155,VU-8KRA-QP5M,GBP,1,4.32
204-4191246-7570700,A2-T2AC-TW3L,GBP,1,4.51
204-4193125-0202744,6V-EEC1-2S9Z,GBP,1,2.25
204-4196245-3570743,6V-EEC1-2S9Z,GBP,1,2.25
204-4197057-8457967,XE-YPAI-HX9F,GBP,1,4.58
204-4212724-4045102,DC-K5WH-R7F5,GBP,1,0.68
204-4215872-4227524,8M-NHB7-T8TR,GBP,1,15.26
204-4220345-7635536,PE-G94Y-4PYO,GBP,2,5.72
204-4235820-9649934,Z7-26PV-O9LR,GBP,1,4.44
204-4240185-9565111,6V-EEC1-2S9Z,GBP,1,2.25
204-4251823-6778749,Z3-ORV9-K8XD,GBP,1,6.56
204-4257716-6115540,Z7-26PV-O9LR,GBP,1,4.44
204-4263086-8204332,XH-0LAE-FQO5,GBP,1,2.9
204-4274267-1246750,9X-7TBD-NA16,GBP,2,3.98
204-4274640-2533161,XH-0LAE-FQO5,GBP,1,2.9
204-4282616-0187542,XH-0LAE-FQO5,GBP,1,2.9
204-4286071-0857128,IB-U5FA-BO2Y,GBP,1,20.51
204-4295608-0577140,6V-EEC1-2S9Z,GBP,1,2.25
204-4295728-6665119,6V-EEC1-2S9Z,GBP,1,2.25
204-4306480-0484343,DC-K5WH-R7F5,GBP,1,0.68
204-4310741-4172321,6V-EEC1-2S9Z,GBP,1,2.25
204-4314462-6716360,WX-L5UA-UB1Q,GBP,1,1.72
204-4322097-6013930,6V-EEC1-2S9Z,GBP,1,2.25
204-4335229-8503501,DC-K5WH-R7F5,GBP,1,0.68
204-4336273-4899510,TE-Y18U-S2O1,GBP,1,4.16
204-4338982-1518763,NN-TSZ1-X2RD,GBP,1,3.99
204-4348228-5225152,Z3-ORV9-K8XD,GBP,1,6.56
204-4348777-5333142,A2-T2AC-TW3L,GBP,1,4.51
204-4354277-9266733,A2-T2AC-TW3L,GBP,1,4.51
204-4362294-6560367,XH-0LAE-FQO5,GBP,1,2.9
204-4365651-5101126,XH-0LAE-FQO5,GBP,1,2.9
204-4366265-2725111,DC-K5WH-R7F5,GBP,1,0.68
204-4373426-1771549,A2-T2AC-TW3L,GBP,1,4.51
204-4403422-8479527,Z7-26PV-O9LR,GBP,1,4.44
204-4427731-4117941,6P-IWYA-X18B,GBP,1,4.31
204-4437502-7855542,8U-QPFH-3EKQ,GBP,3,8.790000000000001
204-4439028-8362701,WX-L5UA-UB1Q,GBP,1,1.72
204-4442694-0294706,A2-T2AC-TW3L,GBP,2,9.02
204-4445489-6696360,T8-6UWL-I3E1,GBP,1,1.48
204-4470608-6578766,L3-ZQ8U-A7LQ,GBP,1,3.7
204-4483853-2038721,XH-0LAE-FQO5,GBP,4,11.6
204-4498923-3378759,MW-9K5M-VKW8,GBP,1,13.65
204-4499648-8500300,WX-L5UA-UB1Q,GBP,1,1.72
204-4516669-9568350,49-4UKW-G81R,GBP,1,3.04
204-4523252-6925934,Z7-26PV-O9LR,GBP,1,4.44
204-4544209-5117942,SC-LYFM-ORXK,GBP,1,4.2
204-4550566-2679540,F7-PMJ2-SG6A,GBP,1,2.7
204-4553978-4689129,I2-6YKQ-CIBP,GBP,1,3.96
204-4560827-4055536,6V-EEC1-2S9Z,GBP,1,2.25
204-4577600-5591522,WX-L5UA-UB1Q,GBP,1,1.72
204-4588176-2684349,WX-L5UA-UB1Q,GBP,1,1.72
204-4589601-2041158,XH-0LAE-FQO5,GBP,1,2.9
204-4591356-0521958,DC-K5WH-R7F5,GBP,1,0.68
204-4605215-5734737,NN-TSZ1-X2RD,GBP,1,3.79
204-4625502-3100308,XE-YPAI-HX9F,GBP,1,4.58
204-4633014-7589121,K0-71JR-UNLF,GBP,1,2.44
204-4633734-4410755,WX-L5UA-UB1Q,GBP,1,1.72
204-4639290-0674717,F7-PMJ2-SG6A,GBP,1,2.7
204-4644712-0077156,6V-EEC1-2S9Z,GBP,1,2.25
204-4647926-4897902,SU-5LQH-2DVN,GBP,1,2.19
204-4662857-9700349,6V-EEC1-2S9Z,GBP,1,2.25
204-4663829-8349926,A2-T2AC-TW3L,GBP,1,4.51
204-4680240-3849147,WX-L5UA-UB1Q,GBP,1,1.72
204-4687378-6524300,PY-XV78-3OG5,GBP,1,20.51
204-4687441-5126761,VF-3T0K-DR5O,GBP,1,2.05
204-4703276-7037144,6V-EEC1-2S9Z,GBP,1,2.25
204-4717547-9949109,Z7-26PV-O9LR,GBP,1,4.44
204-4737137-0388324,VL-48KZ-J3F2,GBP,1,1.06
204-4745814-3383519,DC-K5WH-R7F5,GBP,1,0.68
204-4769572-6853931,WX-L5UA-UB1Q,GBP,1,1.72
204-4790305-1752308,MY-KL21-NMV5,GBP,1,18.5
204-4793928-7937922,TU-8I14-25ZR,GBP,1,12.67
204-4798401-7430729,6V-EEC1-2S9Z,GBP,1,2.25
204-4821309-5151502,6V-EEC1-2S9Z,GBP,1,2.25
204-4834464-1037100,WX-L5UA-UB1Q,GBP,1,1.72
204-4841295-4565113,6V-EEC1-2S9Z,GBP,1,2.25
204-4863544-5433169,A2-T2AC-TW3L,GBP,1,4.51
204-4874273-3806702,VF-3T0K-DR5O,GBP,2,4.1
204-4880030-9853145,D8-1A3E-I37F,GBP,1,16.74
204-4880591-5392364,Z7-26PV-O9LR,GBP,1,4.44
204-4885089-2669919,JB-RGB6-LZOJ,GBP,1,2.47
204-4887112-0269147,WX-L5UA-UB1Q,GBP,1,1.72
204-4887248-1720323,L1-54EX-56YC,GBP,2,10.7
204-4892161-8841932,6V-EEC1-2S9Z,GBP,1,2.25
204-4892612-4679539,Z7-26PV-O9LR,GBP,1,4.44
204-4931357-0797962,6V-EEC1-2S9Z,GBP,1,2.25
204-4934964-8048323,C6-XGZB-J6QA,GBP,1,2.75
204-4958856-3490730,DC-K5WH-R7F5,GBP,1,0.68
204-4959852-7374748,7L-OT45-7LYB,GBP,1,1.16
204-4963943-4113941,MW-9K5M-VKW8,GBP,1,13.65
204-4965313-5933907,XE-YPAI-HX9F,GBP,1,4.7
204-4965375-7061910,A2-T2AC-TW3L,GBP,1,4.51
204-4977817-6476334,DC-K5WH-R7F5,GBP,1,0.68
204-4986806-9874762,Z7-26PV-O9LR,GBP,1,4.44
204-4987076-9262751,A2-T2AC-TW3L,GBP,1,4.51
204-4998741-8448341,LV-425G-BY4X,GBP,1,16.38
204-5016082-9457148,6V-EEC1-2S9Z,GBP,1,2.25
204-5028088-6365160,6V-EEC1-2S9Z,GBP,1,2.25
204-5029473-4090759,6V-EEC1-2S9Z,GBP,1,2.25
204-5032329-1369148,6V-EEC1-2S9Z,GBP,1,2.25
204-5038524-4222706,XH-0LAE-FQO5,GBP,2,5.8
204-5051435-9230738,F7-PMJ2-SG6A,GBP,1,2.7
204-5057462-6783527,6V-EEC1-2S9Z,GBP,1,2.25
204-5065061-1119522,49-4UKW-G81R,GBP,1,3.04
204-5069488-9654758,A2-T2AC-TW3L,GBP,1,4.51
204-5074044-8921127,XH-0LAE-FQO5,GBP,1,2.9
204-5088182-1366768,XH-0LAE-FQO5,GBP,1,2.9
204-5090014-5156352,3E-62Y1-WPYU,GBP,1,2.96
204-5098601-5001144,T8-6UWL-I3E1,GBP,1,1.48
204-5108937-3029956,7H-7G2P-ONWJ,GBP,1,0.88
204-5110114-7020348,Z7-26PV-O9LR,GBP,1,4.44
204-5113390-7628338,6V-EEC1-2S9Z,GBP,1,2.25
204-5119496-6555510,F7-PMJ2-SG6A,GBP,5,13.5
204-5126638-2869953,6V-EEC1-2S9Z,GBP,1,2.25
204-5131545-8341967,6V-EEC1-2S9Z,GBP,1,2.25
204-5133135-3049146,DC-K5WH-R7F5,GBP,1,0.68
204-5134546-9021130,6V-EEC1-2S9Z,GBP,1,2.25
204-5141027-4813958,6V-EEC1-2S9Z,GBP,1,2.25
204-5143555-4634705,WX-L5UA-UB1Q,GBP,1,1.72
204-5161984-2581122,9X-7TBD-NA16,GBP,1,1.99
204-5162881-3547565,6P-IWYA-X18B,GBP,1,4.31
204-5189498-8305131,6V-EEC1-2S9Z,GBP,3,6.75
204-5211829-9967545,6V-EEC1-2S9Z,GBP,1,2.25
204-5216659-4746737,PY-XV78-3OG5,GBP,1,20.51
204-5224025-1747516,6V-EEC1-2S9Z,GBP,1,2.25
204-5231523-2557908,VF-3T0K-DR5O,GBP,1,2.05
204-5244515-2452314,WX-L5UA-UB1Q,GBP,1,1.72
204-5246150-8874754,F7-PMJ2-SG6A,GBP,1,2.7
204-5255373-8176302,6V-EEC1-2S9Z,GBP,1,2.25
204-5271282-2130701,TU-8I14-25ZR,GBP,1,12.67
204-5280299-1467557,WX-L5UA-UB1Q,GBP,1,1.72
204-5296796-1091504,VU-8KRA-QP5M,GBP,1,4.32
204-5299032-1797949,6V-EEC1-2S9Z,GBP,1,2.25
204-5308709-7860366,XH-0LAE-FQO5,GBP,1,2.9
204-5309208-8205936,DC-K5WH-R7F5,GBP,2,1.36
204-5309691-2987548,DC-K5WH-R7F5,GBP,1,0.68
204-5313164-5945953,GJ-2OZK-0GCA,GBP,1,17.5
204-5316295-0416315,6V-EEC1-2S9Z,GBP,1,2.25
204-5319372-8896322,6V-EEC1-2S9Z,GBP,1,2.25
204-5324771-9541167,WX-L5UA-UB1Q,GBP,1,1.72
204-5342446-1610745,WX-L5UA-UB1Q,GBP,1,1.72
204-5347072-9986735,6V-EEC1-2S9Z,GBP,1,2.25
204-5363769-8026716,A2-T2AC-TW3L,GBP,1,4.51
204-5384525-0673943,6V-EEC1-2S9Z,GBP,1,2.25
204-5399757-4876316,ZV-RLOD-Q0JI,GBP,1,7.55
204-5413770-4455520,Z3-ORV9-K8XD,GBP,1,6.56
204-5415519-7940327,EV-CHU5-XU3G,GBP,1,2.73
204-5418633-6465136,NN-TSZ1-X2RD,GBP,1,3.79
204-5419571-6032334,6V-EEC1-2S9Z,GBP,1,2.25
204-5428168-2337901,A2-T2AC-TW3L,GBP,1,4.51
204-5454165-5553168,WX-L5UA-UB1Q,GBP,1,1.72
204-5466270-1353934,DC-K5WH-R7F5,GBP,1,0.68
204-5469041-5596334,WX-L5UA-UB1Q,GBP,1,1.72
204-5473246-3082763,L3-ZQ8U-A7LQ,GBP,1,3.4
204-5473984-0112311,I2-6YKQ-CIBP,GBP,1,3.57
204-5509178-9797962,A2-T2AC-TW3L,GBP,1,4.51
204-5518291-7929131,MW-9K5M-VKW8,GBP,1,13.65
204-5532008-7690748,L3-ZQ8U-A7LQ,GBP,1,3.7
204-5532168-9141910,6V-EEC1-2S9Z,GBP,1,2.25
204-5533098-6150745,Z3-ORV9-K8XD,GBP,1,6.56
204-5546518-2635524,6V-EEC1-2S9Z,GBP,1,2.25
204-5554950-1169950,VF-3T0K-DR5O,GBP,1,2.05
204-5564737-2953117,Z3-ORV9-K8XD,GBP,1,6.56
204-5565673-2340307,6V-EEC1-2S9Z,GBP,1,2.25
204-5577024-1828311,6V-EEC1-2S9Z,GBP,1,2.25
204-5577609-2799565,6V-EEC1-2S9Z,GBP,1,2.25
204-5579824-9207500,EV-CHU5-XU3G,GBP,1,2.73
204-5581105-9873146,49-4UKW-G81R,GBP,1,3.04
204-5584136-0206707,GJ-2OZK-0GCA,GBP,1,17.5
204-5619412-2478742,Z7-26PV-O9LR,GBP,1,4.2
204-5621460-6669129,GJ-2OZK-0GCA,GBP,1,17.5
204-5628000-0240369,6V-EEC1-2S9Z,GBP,1,2.25
204-5631009-0563508,6V-EEC1-2S9Z,GBP,1,2.1
204-5662624-4875539,JB-RGB6-LZOJ,GBP,1,2.47
204-5673313-8035529,AF-KIHX-ANYY,GBP,1,0.84
204-5679821-2453163,N7-A24N-WJA7,GBP,1,3.01
204-5680730-0195545,T8-6UWL-I3E1,GBP,1,1.48
204-5691604-8175569,TU-8I14-25ZR,GBP,1,12.67
204-5692998-7600365,Z3-ORV9-K8XD,GBP,1,6.56
204-5693938-8544354,Z3-ORV9-K8XD,GBP,1,6.56
204-5718841-4489105,Z7-26PV-O9LR,GBP,1,4.2
204-5741158-0156338,714776,GBP,1,1.21
204-5746543-9337158,WX-L5UA-UB1Q,GBP,1,1.72
204-5760081-1135548,6V-EEC1-2S9Z,GBP,1,2.25
204-5774130-9240367,6V-EEC1-2S9Z,GBP,3,6.75
204-5781872-6581957,L3-ZQ8U-A7LQ,GBP,1,3.7
204-5791069-0016308,EV-CHU5-XU3G,GBP,1,2.73
204-5796464-2049917,XE-YPAI-HX9F,GBP,1,4.79
204-5821672-0439524,MW-9K5M-VKW8,GBP,1,13.65
204-5830893-3628350,MW-9K5M-VKW8,GBP,1,13.65
204-5834453-0024358,N7-A24N-WJA7,GBP,1,3.01
204-5840007-0709952,MW-9K5M-VKW8,GBP,1,13.65
204-5846077-8089143,6V-EEC1-2S9Z,GBP,1,2.25
204-5849828-6004347,XH-0LAE-FQO5,GBP,1,2.9
204-5855705-3526727,XH-0LAE-FQO5,GBP,1,2.9
204-5860436-3762714,0H-5V53-GPG4,GBP,1,4.85
204-5867064-2572318,XH-0LAE-FQO5,GBP,1,2.9
204-5867502-9485111,6V-EEC1-2S9Z,GBP,1,2.25
204-5871879-2041117,4F-HT42-FD26,GBP,1,3.33
204-5875709-0077154,UR-Q7TM-1F3I,GBP,1,7.59
204-5878630-9799533,XH-0LAE-FQO5,GBP,1,2.9
204-5886165-0974734,A2-T2AC-TW3L,GBP,1,4.51
204-5903832-3589160,GJ-2OZK-0GCA,GBP,1,17.5
204-5904709-7347562,BB-ZT14-1QQA,GBP,1,3.19
204-5907713-1795515,JV-D1TI-6UF6,GBP,1,3.6
204-5911844-8063522,6V-EEC1-2S9Z,GBP,1,2.25
204-5912160-4297907,XH-0LAE-FQO5,GBP,1,2.9
204-5917247-7042763,WX-L5UA-UB1Q,GBP,1,1.72
204-5922459-1407562,EV-CHU5-XU3G,GBP,1,2.73
204-5936509-2977116,L5-PF3B-WHU4,GBP,1,17.5
204-5953565-5221166,6V-EEC1-2S9Z,GBP,1,2.25
204-5957684-0828359,6V-EEC1-2S9Z,GBP,1,2.25
204-5962837-2700343,NN-TSZ1-X2RD,GBP,1,3.49
204-5967342-6215553,6V-EEC1-2S9Z,GBP,1,2.25
204-5981954-1160347,EV-CHU5-XU3G,GBP,2,5.46
204-5998169-2363538,6P-IWYA-X18B,GBP,1,4.31
204-6003195-8529105,NN-TSZ1-X2RD,GBP,1,3.79
204-6013092-1413134,WX-L5UA-UB1Q,GBP,1,1.72
204-6014414-5875567,WX-L5UA-UB1Q,GBP,1,1.72
204-6014709-3997909,VU-8KRA-QP5M,GBP,1,4.32
204-6019203-7945114,8U-QPFH-3EKQ,GBP,1,2.93
204-6020482-2059540,6V-EEC1-2S9Z,GBP,1,2.25
204-6023355-6689921,6V-EEC1-2S9Z,GBP,1,2.25
204-6030182-7260363,WX-L5UA-UB1Q,GBP,1,1.72
204-6040009-0789934,GJ-2OZK-0GCA,GBP,1,17.5
204-6040512-7910759,TU-8I14-25ZR,GBP,1,12.67
204-6055514-0113106,6V-EEC1-2S9Z,GBP,1,2.25
204-6058175-6674727,6V-EEC1-2S9Z,GBP,1,2.25
204-6058584-7661126,6V-EEC1-2S9Z,GBP,1,2.25
204-6059625-0062707,6V-EEC1-2S9Z,GBP,1,2.25
204-6062508-4437951,XY-UM2X-TPS3,GBP,2,9.14
204-6080108-9402746,RI-VSUS-0YTD,GBP,1,1.65
204-6084835-1481119,NN-TSZ1-X2RD,GBP,3,10.47
204-6108416-0163511,XH-0LAE-FQO5,GBP,1,2.9
204-6116039-6375507,BQ-O3OI-FTJU,GBP,2,13.0
204-6148748-9875548,XH-0LAE-FQO5,GBP,1,2.9
204-6152022-6647509,WX-L5UA-UB1Q,GBP,1,1.72
204-6166171-1948303,ZU-PFDN-JSYV,GBP,1,4.89
204-6171405-9095523,Z7-26PV-O9LR,GBP,1,4.44
204-6173092-0785903,XH-0LAE-FQO5,GBP,1,2.9
204-6173297-2472328,N7-A24N-WJA7,GBP,1,3.01
204-6180102-7909944,XH-0LAE-FQO5,GBP,1,2.9
204-6191584-9089946,F7-PMJ2-SG6A,GBP,1,2.7
204-6220941-7393909,WX-L5UA-UB1Q,GBP,1,1.72
204-6225192-3648323,L5-PF3B-WHU4,GBP,1,17.5
204-6228765-7068318,WX-L5UA-UB1Q,GBP,1,1.72
204-6246988-5505102,A2-T2AC-TW3L,GBP,2,9.02
204-6247075-4977954,Z3-ORV9-K8XD,GBP,1,6.56
204-6262898-1974700,6V-EEC1-2S9Z,GBP,1,2.25
204-6273544-0618715,A2-T2AC-TW3L,GBP,1,4.51
204-6274259-1125935,6P-IWYA-X18B,GBP,1,4.31
204-6276778-6044308,XH-0LAE-FQO5,GBP,1,2.9
204-6280832-0093958,6V-EEC1-2S9Z,GBP,1,2.25
204-6281095-3605914,WX-L5UA-UB1Q,GBP,1,1.72
204-6284174-8121965,WX-L5UA-UB1Q,GBP,1,1.72
204-6300293-2081157,6V-EEC1-2S9Z,GBP,1,2.25
204-6310204-7941112,6V-EEC1-2S9Z,GBP,1,2.25
204-6330672-9442759,NN-TSZ1-X2RD,GBP,1,3.79
204-6341093-0665936,MW-9K5M-VKW8,GBP,1,13.65
204-6342264-4960334,MW-9K5M-VKW8,GBP,1,13.65
204-6370268-4357901,BB-ZT14-1QQA,GBP,1,3.19
204-6371712-9606720,6V-EEC1-2S9Z,GBP,1,2.25
204-6373121-6721956,WX-L5UA-UB1Q,GBP,1,1.72
204-6374031-2028313,F7-PMJ2-SG6A,GBP,2,5.4
204-6380035-5897954,MW-9K5M-VKW8,GBP,1,13.65
204-6381574-1349908,T8-6UWL-I3E1,GBP,1,1.48
204-6398425-2686723,WX-L5UA-UB1Q,GBP,1,1.72
204-6401738-9929931,D7-MGBX-RX2P,GBP,1,2.43
204-6404318-7221112,WX-L5UA-UB1Q,GBP,1,1.72
204-6406103-5467513,WX-L5UA-UB1Q,GBP,1,1.72
204-6411623-5549951,DC-K5WH-R7F5,GBP,1,0.68
204-6424074-9215557,I2-6YKQ-CIBP,GBP,1,3.96
204-6424865-8101909,XE-YPAI-HX9F,GBP,1,4.58
204-6425504-4173127,EV-CHU5-XU3G,GBP,1,2.73
204-6436912-3710759,6V-EEC1-2S9Z,GBP,1,2.25
204-6437860-3384366,WX-L5UA-UB1Q,GBP,1,1.72
204-6441120-5701123,A2-T2AC-TW3L,GBP,1,4.51
204-6450520-3876361,XE-YPAI-HX9F,GBP,1,4.58
204-6460167-9036325,4F-HT42-FD26,GBP,1,3.33
204-6505919-0711548,6V-EEC1-2S9Z,GBP,1,2.25
204-6507233-0134731,SR-6OBB-WC03,GBP,1,2.86
204-6511288-2831532,49-4UKW-G81R,GBP,1,3.04
204-6514773-1255513,49-4UKW-G81R,GBP,2,6.08
204-6526010-6086720,6V-EEC1-2S9Z,GBP,1,2.25
204-6530222-4673137,6V-EEC1-2S9Z,GBP,1,2.1
204-6545915-0217114,JB-RGB6-LZOJ,GBP,1,2.47
204-6567518-7642746,6V-EEC1-2S9Z,GBP,2,4.5
204-6591374-9579531,A2-T2AC-TW3L,GBP,1,4.51
204-6592139-3073136,DC-K5WH-R7F5,GBP,1,0.68
204-6610466-6558758,Z3-ORV9-K8XD,GBP,1,6.56
204-6626043-7409135,R7-98IN-2PW8,GBP,1,2.5
204-6650900-5477927,T8-6UWL-I3E1,GBP,1,1.48
204-6661703-0397132,EE-KTDC-KCFY,GBP,1,3.46
204-6666067-3842716,6V-EEC1-2S9Z,GBP,1,2.25
204-6666176-8400325,NN-TSZ1-X2RD,GBP,1,3.79
204-6666176-8400325,XH-0LAE-FQO5,GBP,1,2.9
204-6668287-0649943,6V-EEC1-2S9Z,GBP,1,2.25
204-6673844-5309156,6V-EEC1-2S9Z,GBP,3,6.75
204-6679210-3373112,D0-C7C0-H6LN,GBP,1,2.74
204-6689175-3948327,A2-T2AC-TW3L,GBP,1,4.51
204-6696915-7620359,XE-YPAI-HX9F,GBP,1,4.79
204-6699522-0095522,XG-Z9LW-Z27Q,GBP,1,1.89
204-6738832-4359540,D7-MGBX-RX2P,GBP,1,2.43
204-6747776-8805100,79-CPJ6-DSG6,GBP,1,13.65
204-6768472-0199543,WX-L5UA-UB1Q,GBP,1,1.72
204-6772747-6456334,WJ-YHKC-EES5,GBP,1,2.09
204-6774767-5127517,A2-T2AC-TW3L,GBP,1,4.51
204-6787984-9785122,3T-6QPR-E2MV,GBP,1,4.65
204-6794713-9791563,DC-K5WH-R7F5,GBP,1,0.68
204-6798775-4405965,AX-NKNU-29C1,GBP,8,4.88
204-6849486-8236333,NN-TSZ1-X2RD,GBP,1,3.99
204-6856023-6021165,6V-EEC1-2S9Z,GBP,1,2.25
204-6860649-8119507,3T-6QPR-E2MV,GBP,1,4.65
204-6866734-1321154,6V-EEC1-2S9Z,GBP,1,2.25
204-6871095-6500320,6V-EEC1-2S9Z,GBP,1,2.25
204-6873224-0529915,WX-L5UA-UB1Q,GBP,1,1.72
204-6873779-5668301,EV-CHU5-XU3G,GBP,1,2.73
204-6880398-8197106,6V-EEC1-2S9Z,GBP,1,2.25
204-6900058-7306715,6V-EEC1-2S9Z,GBP,1,2.25
204-6904050-0630720,EV-CHU5-XU3G,GBP,1,2.73
204-6905230-9615539,6V-EEC1-2S9Z,GBP,1,2.25
204-6907178-0108307,7L-OT45-7LYB,GBP,1,1.16
204-6915089-1457928,WX-L5UA-UB1Q,GBP,1,1.72
204-6925382-1643521,D2-8SPY-Q095,GBP,1,2.42
204-6937655-4739554,SR-6OBB-WC03,GBP,2,5.72
204-6938770-8913956,WX-L5UA-UB1Q,GBP,1,1.72
204-6943661-8249159,6V-EEC1-2S9Z,GBP,1,2.25
204-6969211-2226748,6V-EEC1-2S9Z,GBP,1,2.25
204-6990773-9294760,XH-0LAE-FQO5,GBP,1,2.9
204-6992455-1987503,XH-0LAE-FQO5,GBP,1,2.9
204-7019900-5073966,0H-5V53-GPG4,GBP,1,4.85
204-7022987-6481962,X7-MY4W-H2I4,GBP,1,2.28
204-7030706-9168343,3B-3H3V-Z93T,GBP,1,1.6
204-7053782-7510743,6V-EEC1-2S9Z,GBP,1,2.25
204-7056834-5614701,6V-EEC1-2S9Z,GBP,1,2.25
204-7060285-7600304,4U-9ZL6-9G0Y,GBP,1,1.26
204-7062371-9520357,NN-TSZ1-X2RD,GBP,1,3.79
204-7070749-6044360,A2-T2AC-TW3L,GBP,1,4.51
204-7088854-0874766,6V-EEC1-2S9Z,GBP,1,2.25
204-7118542-1803537,EV-CHU5-XU3G,GBP,1,2.73
204-7130945-7765960,WX-L5UA-UB1Q,GBP,1,1.72
204-7131261-6933168,A2-T2AC-TW3L,GBP,1,4.51
204-7133173-7001917,6V-EEC1-2S9Z,GBP,4,9.0
204-7140184-2669137,D7-MGBX-RX2P,GBP,1,2.43
204-7157566-5087506,WX-L5UA-UB1Q,GBP,1,1.72
204-7160528-2225144,XY-UM2X-TPS3,GBP,1,4.57
204-7163254-2246727,6V-EEC1-2S9Z,GBP,1,2.25
204-7164073-6653157,NN-TSZ1-X2RD,GBP,1,3.79
204-7180789-4673969,VF-3T0K-DR5O,GBP,1,2.05
204-7194018-5673943,6V-EEC1-2S9Z,GBP,1,2.25
204-7198827-9929164,XE-YPAI-HX9F,GBP,1,4.58
204-7199906-7889137,6V-EEC1-2S9Z,GBP,1,2.25
204-7200039-6776313,TU-8I14-25ZR,GBP,1,12.67
204-7208921-5316353,A2-T2AC-TW3L,GBP,1,4.51
204-7217101-0555540,XE-YPAI-HX9F,GBP,1,4.58
204-7239592-7502728,IM-AYXV-79NJ,GBP,1,2.25
204-7246434-4961944,6V-EEC1-2S9Z,GBP,1,2.25
204-7261694-6968308,VF-3T0K-DR5O,GBP,1,2.05
204-7262069-1664357,SU-5LQH-2DVN,GBP,1,2.19
204-7272878-7627520,Z3-ORV9-K8XD,GBP,1,6.56
204-7278025-9190744,EV-CHU5-XU3G,GBP,1,2.73
204-7280863-8469952,6V-EEC1-2S9Z,GBP,1,2.25
204-7288365-8497158,3B-3H3V-Z93T,GBP,2,3.2
204-7299541-2309934,6V-EEC1-2S9Z,GBP,1,2.25
204-7322200-4408317,3X-EXDD-TD2K,GBP,1,20.37
204-7339106-3324307,IM-AYXV-79NJ,GBP,1,2.25
204-7376797-5704348,DC-K5WH-R7F5,GBP,1,0.68
204-7378892-2038719,6V-EEC1-2S9Z,GBP,1,2.25
204-7397236-5736342,F7-PMJ2-SG6A,GBP,1,2.7
204-7399574-0666728,6V-EEC1-2S9Z,GBP,1,2.25
204-7414463-0697164,A2-T2AC-TW3L,GBP,1,4.51
204-7436382-3572322,6V-EEC1-2S9Z,GBP,1,2.25
204-7439460-8865114,VF-3T0K-DR5O,GBP,1,2.05
204-7441489-2420342,SR-6OBB-WC03,GBP,1,2.86
204-7444787-1096357,6V-EEC1-2S9Z,GBP,1,2.25
204-7450316-6674751,6V-EEC1-2S9Z,GBP,1,2.25
204-7456430-3541956,NN-TSZ1-X2RD,GBP,1,3.49
204-7471871-8136366,8M-NHB7-T8TR,GBP,1,15.26
204-7473730-8647512,6V-EEC1-2S9Z,GBP,1,2.25
204-7495036-6309161,8M-NHB7-T8TR,GBP,1,15.26
204-7505959-9205115,VF-3T0K-DR5O,GBP,1,2.05
204-7508547-2508329,Z3-ORV9-K8XD,GBP,1,6.56
204-7521131-0062748,A2-T2AC-TW3L,GBP,1,4.51
204-7524916-5070715,JV-D1TI-6UF6,GBP,1,3.6
204-7528465-9676368,A2-T2AC-TW3L,GBP,1,4.51
204-7553228-2684351,6V-EEC1-2S9Z,GBP,1,2.25
204-7557367-8201150,XH-0LAE-FQO5,GBP,1,2.9
204-7561096-8113911,XE-YPAI-HX9F,GBP,1,4.58
204-7563546-4576349,8M-LM6B-F2Q5,GBP,1,1.7
204-7564554-5021101,VF-3T0K-DR5O,GBP,1,2.05
204-7580543-6837919,Z7-26PV-O9LR,GBP,1,4.44
204-7587448-3465954,A2-T2AC-TW3L,GBP,1,4.51
204-7588108-3049168,XY-UM2X-TPS3,GBP,1,4.57
204-7590175-3520348,D0-C7C0-H6LN,GBP,1,2.74
204-7594989-9607547,8M-NHB7-T8TR,GBP,1,15.26
204-7618158-2660336,L3-ZQ8U-A7LQ,GBP,1,3.4
204-7618537-0957949,EV-CHU5-XU3G,GBP,1,2.73
204-7621370-9535516,3X-EXDD-TD2K,GBP,2,40.74
204-7625166-7108330,NN-TSZ1-X2RD,GBP,2,7.58
204-7637131-1769104,6V-EEC1-2S9Z,GBP,1,2.25
204-7640683-4744303,6V-EEC1-2S9Z,GBP,1,2.25
204-7645304-0390703,A2-T2AC-TW3L,GBP,1,4.51
204-7649170-7694747,XY-UM2X-TPS3,GBP,1,4.57
204-7649537-1441111,Z3-ORV9-K8XD,GBP,1,6.56
204-7650947-9005146,6V-EEC1-2S9Z,GBP,1,2.25
204-7651838-3751569,A2-T2AC-TW3L,GBP,1,4.51
204-7653542-5381132,0G-JB6S-PN34,GBP,1,2.74
204-7676695-4273930,EV-CHU5-XU3G,GBP,1,2.73
204-7679253-2037956,8U-QPFH-3EKQ,GBP,1,2.93
204-7689439-4112313,6V-EEC1-2S9Z,GBP,1,2.25
204-7696990-3927556,T8-6UWL-I3E1,GBP,1,1.48
204-7704957-2770713,6V-EEC1-2S9Z,GBP,1,2.25
204-7705134-5243525,VF-3T0K-DR5O,GBP,1,2.05
204-7706250-2884362,Z3-ORV9-K8XD,GBP,1,6.56
204-7714344-0925927,BB-ZT14-1QQA,GBP,1,3.19
204-7720716-9896361,Z3-ORV9-K8XD,GBP,1,6.56
204-7722459-2601949,3X-EXDD-TD2K,GBP,1,20.51
204-7724477-6625157,6P-IWYA-X18B,GBP,1,4.31
204-7728033-0462762,F7-PMJ2-SG6A,GBP,1,2.7
204-7731019-1735542,Z7-26PV-O9LR,GBP,2,8.88
204-7740529-5987508,XH-0LAE-FQO5,GBP,1,2.9
204-7743183-7145961,AF-KIHX-ANYY,GBP,1,0.84
204-7743205-1111504,DC-K5WH-R7F5,GBP,1,0.63
204-7746775-4868311,Z3-ORV9-K8XD,GBP,1,6.56
204-7751227-8196313,Z7-26PV-O9LR,GBP,1,4.44
204-7754790-8253924,A2-T2AC-TW3L,GBP,1,4.51
204-7767924-5346758,WX-L5UA-UB1Q,GBP,1,1.72
204-7768253-8857155,A2-T2AC-TW3L,GBP,1,4.51
204-7769153-7714725,A2-T2AC-TW3L,GBP,1,4.51
204-7772544-7193111,VF-3T0K-DR5O,GBP,1,2.05
204-7782754-6141155,VF-3T0K-DR5O,GBP,1,2.05
204-7801001-3313149,H4-86XG-NLX6,GBP,1,3.25
204-7830295-7969143,DC-K5WH-R7F5,GBP,1,0.68
204-7837500-0054755,XH-0LAE-FQO5,GBP,2,5.8
204-7846058-4669164,A2-T2AC-TW3L,GBP,1,4.51
204-7852914-9309104,6V-EEC1-2S9Z,GBP,1,2.25
204-7868856-8333157,WX-L5UA-UB1Q,GBP,1,1.72
204-7869512-0905142,XH-0LAE-FQO5,GBP,1,2.9
204-7874815-4983522,EV-CHU5-XU3G,GBP,1,2.73
204-7885957-7521143,6V-EEC1-2S9Z,GBP,1,2.25
204-7892083-7041118,XE-YPAI-HX9F,GBP,1,4.58
204-7895785-9686743,EV-CHU5-XU3G,GBP,1,2.73
204-7905951-6265153,0H-5V53-GPG4,GBP,1,4.85
204-7917996-7436332,6V-EEC1-2S9Z,GBP,1,2.25
204-7923004-0332342,A2-T2AC-TW3L,GBP,1,4.51
204-7969833-2209956,WX-L5UA-UB1Q,GBP,1,1.72
204-7974358-1463568,L1-54EX-56YC,GBP,1,5.35
204-7983845-1668355,6V-EEC1-2S9Z,GBP,1,2.25
204-7991995-6845959,3B-3H3V-Z93T,GBP,1,1.6
204-8006056-2605917,7L-OT45-7LYB,GBP,1,1.16
204-8009729-1104310,RW-AZK6-O4M2,GBP,2,1.04
204-8018120-5790733,UL-D0Y8-ZNI5,GBP,1,19.5
204-8022882-3276368,A2-T2AC-TW3L,GBP,1,4.51
204-8023489-0043533,TU-8I14-25ZR,GBP,1,12.67
204-8032456-2766722,Z7-26PV-O9LR,GBP,1,4.2
204-8041799-0871558,BQ-O3OI-FTJU,GBP,1,6.5
204-8053781-5158704,L3-ZQ8U-A7LQ,GBP,1,3.7
204-8062039-4423542,Z7-26PV-O9LR,GBP,1,4.44
204-8063121-2389134,A2-T2AC-TW3L,GBP,1,4.51
204-8063994-1951534,DC-K5WH-R7F5,GBP,1,0.68
204-8067259-7369107,7L-OT45-7LYB,GBP,1,1.16
204-8080902-1328329,XH-0LAE-FQO5,GBP,1,2.9
204-8083146-3061168,XH-0LAE-FQO5,GBP,1,2.9
204-8087211-5622727,WX-L5UA-UB1Q,GBP,1,1.72
204-8094208-4789158,NN-TSZ1-X2RD,GBP,1,3.99
204-8094351-0193938,6V-EEC1-2S9Z,GBP,1,2.25
204-8102398-9167514,VF-3T0K-DR5O,GBP,1,2.05
204-8102633-8588331,AF-KIHX-ANYY,GBP,1,0.84
204-8108407-0881108,8M-NHB7-T8TR,GBP,1,15.26
204-8113794-3359503,6V-EEC1-2S9Z,GBP,1,2.25
204-8119712-9429114,Z3-ORV9-K8XD,GBP,1,6.56
204-8122313-4281919,6V-EEC1-2S9Z,GBP,1,2.25
204-8124572-5223505,SU-5LQH-2DVN,GBP,1,2.19
204-8131386-4917923,6V-EEC1-2S9Z,GBP,1,2.25
204-8144391-7016312,VU-8KRA-QP5M,GBP,1,4.32
204-8181183-5465107,7H-7G2P-ONWJ,GBP,1,0.88
204-8184417-4994718,SR-6OBB-WC03,GBP,1,2.86
204-8192666-3691504,WX-L5UA-UB1Q,GBP,1,1.72
204-8195624-0479526,WX-L5UA-UB1Q,GBP,1,1.72
204-8205621-0112353,XE-YPAI-HX9F,GBP,2,9.370000000000001
204-8240759-3294721,6V-EEC1-2S9Z,GBP,1,2.25
204-8249610-0180332,WX-L5UA-UB1Q,GBP,1,1.72
204-8290775-3711527,NN-TSZ1-X2RD,GBP,1,3.79
204-8293979-5239560,6V-EEC1-2S9Z,GBP,1,2.25
204-8296632-1281152,6V-EEC1-2S9Z,GBP,1,2.25
204-8300090-2553160,L3-ZQ8U-A7LQ,GBP,1,3.4
204-8335644-2021957,6V-EEC1-2S9Z,GBP,1,2.25
204-8343881-8961167,BQ-O3OI-FTJU,GBP,3,19.5
204-8367980-5370758,49-4UKW-G81R,GBP,2,6.08
204-8368579-5249128,BQ-O3OI-FTJU,GBP,1,6.5
204-8393161-0003542,Z7-26PV-O9LR,GBP,1,4.44
204-8399578-8518735,XH-0LAE-FQO5,GBP,1,2.9
204-8421908-7684361,6V-EEC1-2S9Z,GBP,1,2.25
204-8425604-4612325,714776,GBP,1,1.21
204-8436080-4424304,R7-98IN-2PW8,GBP,1,2.5
204-8444050-0555536,WX-L5UA-UB1Q,GBP,1,1.72
204-8454238-2839500,WX-L5UA-UB1Q,GBP,1,1.72
204-8462600-0884334,T8-6UWL-I3E1,GBP,2,2.96
204-8469746-3375526,AX-NKNU-29C1,GBP,1,0.61
204-8472871-3829923,8M-NHB7-T8TR,GBP,1,15.26
204-8475202-5107506,WX-L5UA-UB1Q,GBP,1,1.72
204-8485825-8541124,A2-T2AC-TW3L,GBP,1,4.51
204-8488131-7217922,A2-T2AC-TW3L,GBP,1,4.51
204-8500763-3376318,6V-EEC1-2S9Z,GBP,1,2.25
204-8504610-7422707,6V-EEC1-2S9Z,GBP,1,2.25
204-8509333-1419566,WX-L5UA-UB1Q,GBP,1,1.72
204-8512031-1621103,A2-T2AC-TW3L,GBP,4,18.04
204-8520767-7489916,TU-8I14-25ZR,GBP,1,12.67
204-8528258-0785930,Z7-26PV-O9LR,GBP,1,4.44
204-8538777-1912334,A2-T2AC-TW3L,GBP,1,4.51
204-8545033-7918730,L3-ZQ8U-A7LQ,GBP,1,3.7
204-8547724-6225967,6V-EEC1-2S9Z,GBP,1,2.25
204-8554361-3406741,F7-PMJ2-SG6A,GBP,1,2.7
204-8579467-0067506,DC-K5WH-R7F5,GBP,1,0.68
204-8580138-0482758,EV-CHU5-XU3G,GBP,1,2.73
204-8604947-2717927,4F-HT42-FD26,GBP,5,16.65
204-8616519-5957957,6V-EEC1-2S9Z,GBP,1,2.25
204-8621945-6993903,A2-T2AC-TW3L,GBP,1,4.51
204-8647238-0245120,6V-EEC1-2S9Z,GBP,1,2.25
204-8656977-0997929,6V-EEC1-2S9Z,GBP,1,2.25
204-8665124-8553129,6V-EEC1-2S9Z,GBP,1,2.25
204-8685689-0536368,6V-EEC1-2S9Z,GBP,1,2.25
204-8686707-2890719,6V-EEC1-2S9Z,GBP,1,2.25
204-8687039-5901161,VU-8KRA-QP5M,GBP,1,4.32
204-8699343-1229957,Z7-26PV-O9LR,GBP,1,4.44
204-8710616-9244333,6V-EEC1-2S9Z,GBP,1,2.25
204-8714430-1215525,LF-X542-9TDZ,GBP,1,7.74
204-8719802-8790759,SQ-7QYT-5D5B,GBP,1,1.5
204-8727634-4189116,BQ-O3OI-FTJU,GBP,1,6.5
204-8737720-2229946,A2-T2AC-TW3L,GBP,1,4.51
204-8738350-3781937,GJ-2OZK-0GCA,GBP,1,17.5
204-8745943-1725913,XH-0LAE-FQO5,GBP,1,2.9
204-8748892-0565923,2G-AYBQ-TUQG,GBP,1,8.27
204-8762095-7047554,RI-VSUS-0YTD,GBP,1,1.65
204-8769736-5938708,NN-TSZ1-X2RD,GBP,1,3.79
204-8811768-0865106,F7-PMJ2-SG6A,GBP,1,2.7
204-8812490-1432306,TU-8I14-25ZR,GBP,1,12.67
204-8819466-4806704,A2-T2AC-TW3L,GBP,1,4.51
204-8839860-2399556,6V-EEC1-2S9Z,GBP,1,2.25
204-8844207-2161135,L3-ZQ8U-A7LQ,GBP,1,3.4
204-8877462-9841116,6V-EEC1-2S9Z,GBP,1,2.25
204-8879504-7033942,WJ-YHKC-EES5,GBP,1,2.09
204-8884831-5843565,6V-EEC1-2S9Z,GBP,1,2.25
204-8889621-3141145,LR-7GM6-1RCH,GBP,1,23.25
204-8894984-0995564,6V-EEC1-2S9Z,GBP,1,2.1
204-8899799-4222748,3B-3H3V-Z93T,GBP,1,1.6
204-8908421-2396347,A2-T2AC-TW3L,GBP,1,4.51
204-8936681-2351562,A2-T2AC-TW3L,GBP,1,4.51
204-8937541-3092336,WJ-YHKC-EES5,GBP,1,2.09
204-8942125-1148342,6V-EEC1-2S9Z,GBP,1,2.25
204-8943930-3796300,6V-EEC1-2S9Z,GBP,1,2.25
204-8951775-2206767,WX-L5UA-UB1Q,GBP,1,1.72
204-8953552-2298729,A2-T2AC-TW3L,GBP,1,4.51
204-8970357-3667516,WX-L5UA-UB1Q,GBP,1,1.72
204-8975311-5630736,Z3-ORV9-K8XD,GBP,1,6.56
204-8977529-5679519,SR-6OBB-WC03,GBP,2,5.72
204-8993065-9365955,X7-MY4W-H2I4,GBP,1,2.28
204-8993803-4068319,DC-K5WH-R7F5,GBP,1,0.68
204-9002569-7152321,DC-K5WH-R7F5,GBP,1,0.68
204-9024020-8841114,VF-3T0K-DR5O,GBP,1,2.05
204-9027712-3542708,DC-K5WH-R7F5,GBP,1,0.68
204-9029433-6752349,6V-EEC1-2S9Z,GBP,1,2.25
204-9042035-1901106,A2-T2AC-TW3L,GBP,1,4.51
204-9069008-5434752,VF-3T0K-DR5O,GBP,1,2.05
204-9072812-0731542,VF-3T0K-DR5O,GBP,1,2.05
204-9082564-1361132,L3-ZQ8U-A7LQ,GBP,1,3.7
204-9084732-8481946,NN-TSZ1-X2RD,GBP,1,3.79
204-9104555-9929138,3B-3H3V-Z93T,GBP,1,1.6
204-9106697-9548361,EV-CHU5-XU3G,GBP,1,2.73
204-9107036-1873111,XH-0LAE-FQO5,GBP,1,2.9
204-9110021-9914704,XH-OMMJ-C7MT,GBP,1,2.45
204-9111630-6685926,EV-CHU5-XU3G,GBP,1,2.73
204-9129533-3713914,XH-0LAE-FQO5,GBP,1,2.9
204-9141395-5013113,XH-0LAE-FQO5,GBP,1,2.9
204-9142046-6229935,GJ-2OZK-0GCA,GBP,1,17.5
204-9162557-8993914,RB-82FL-T88J,GBP,1,14.5
204-9170135-7273102,6V-EEC1-2S9Z,GBP,1,2.25
204-9174868-8287545,XY-UM2X-TPS3,GBP,1,4.57
204-9177755-0355524,I2-6YKQ-CIBP,GBP,1,3.96
204-9181016-4479511,6V-EEC1-2S9Z,GBP,1,2.25
204-9199600-4581908,VF-3T0K-DR5O,GBP,1,2.05
204-9202980-0227520,XH-0LAE-FQO5,GBP,1,2.9
204-9203725-8492315,EV-CHU5-XU3G,GBP,1,2.73
204-9210673-2999569,WX-L5UA-UB1Q,GBP,2,3.44
204-9211586-5438724,XY-UM2X-TPS3,GBP,1,4.57
204-9223791-4457916,WX-L5UA-UB1Q,GBP,1,1.72
204-9224843-2036352,F7-PMJ2-SG6A,GBP,1,2.7
204-9229239-2807507,TU-8I14-25ZR,GBP,1,12.67
204-9233060-9382747,XH-0LAE-FQO5,GBP,2,5.8
204-9246710-0132330,6V-EEC1-2S9Z,GBP,1,2.25
204-9250752-7279563,6V-EEC1-2S9Z,GBP,1,2.1
204-9255833-0957124,6V-EEC1-2S9Z,GBP,1,2.25
204-9274779-1953111,NN-TSZ1-X2RD,GBP,1,3.79
204-9275520-2194765,4F-HT42-FD26,GBP,1,3.33
204-9279056-7746717,Z3-ORV9-K8XD,GBP,1,6.56
204-9296358-1282742,DC-K5WH-R7F5,GBP,2,1.36
204-9326969-5989147,6V-EEC1-2S9Z,GBP,1,2.25
204-9341589-5471530,A2-T2AC-TW3L,GBP,1,4.51
204-9347747-8121125,6V-EEC1-2S9Z,GBP,1,2.25
204-9357024-0331535,D7-MGBX-RX2P,GBP,1,2.43
204-9358457-7593161,WX-L5UA-UB1Q,GBP,2,3.44
204-9371746-8798754,GJ-2OZK-0GCA,GBP,1,17.5
204-9380837-8043561,TU-8I14-25ZR,GBP,1,12.67
204-9390927-0443503,6V-EEC1-2S9Z,GBP,3,6.75
204-9395241-6829920,Z7-26PV-O9LR,GBP,1,4.44
204-9395592-8498701,Z7-26PV-O9LR,GBP,1,4.44
204-9399799-9013942,YO-EKK2-FRCC,GBP,1,2.38
204-9409185-1453136,WX-L5UA-UB1Q,GBP,1,1.72
204-9412580-0453944,MY-KL21-NMV5,GBP,1,18.5
204-9415099-0537913,WX-L5UA-UB1Q,GBP,1,1.72
204-9421830-5042716,TU-8I14-25ZR,GBP,1,12.67
204-9427969-1535514,WX-L5UA-UB1Q,GBP,1,1.72
204-9428299-0179506,81-3DY5-BFOR,GBP,1,7.64
204-9428536-8061960,6V-EEC1-2S9Z,GBP,1,2.25
204-9432130-1199514,L1-54EX-56YC,GBP,1,5.35
204-9435079-5182759,6V-EEC1-2S9Z,GBP,1,2.1
204-9478695-2873155,Z7-26PV-O9LR,GBP,1,4.2
204-9480988-6804363,BQ-O3OI-FTJU,GBP,1,6.5
204-9489761-8472340,6V-EEC1-2S9Z,GBP,1,2.25
204-9490251-4795533,XH-0LAE-FQO5,GBP,1,2.9
204-9501936-5352363,WX-L5UA-UB1Q,GBP,1,1.72
204-9503809-2931528,I2-6YKQ-CIBP,GBP,1,3.96
204-9510356-8517950,WX-L5UA-UB1Q,GBP,1,1.72
204-9522222-7462758,WX-L5UA-UB1Q,GBP,1,1.72
204-9523866-6874701,6V-EEC1-2S9Z,GBP,1,2.25
204-9527013-2383559,Z3-ORV9-K8XD,GBP,1,6.56
204-9534359-7956324,LV-425G-BY4X,GBP,1,16.38
204-9534717-0636306,EV-CHU5-XU3G,GBP,1,2.73
204-9535543-6640319,VU-8KRA-QP5M,GBP,1,4.32
204-9545707-2095504,6V-EEC1-2S9Z,GBP,1,2.25
204-9551022-5557957,WX-L5UA-UB1Q,GBP,1,1.72
204-9554593-5019508,WX-L5UA-UB1Q,GBP,1,1.72
204-9581717-4153133,XH-0LAE-FQO5,GBP,1,2.9
204-9586930-0201138,VF-3T0K-DR5O,GBP,1,2.05
204-9604143-8633907,Z7-26PV-O9LR,GBP,1,4.2
204-9605210-6113108,WX-L5UA-UB1Q,GBP,1,1.72
204-9605906-4498705,NN-TSZ1-X2RD,GBP,1,3.79
204-9609087-6774724,6V-EEC1-2S9Z,GBP,1,2.25
204-9621317-4616353,A2-T2AC-TW3L,GBP,1,4.51
204-9641854-1381929,A2-T2AC-TW3L,GBP,1,4.51
204-9658283-5620365,6V-EEC1-2S9Z,GBP,2,4.5
204-9667032-6185969,Z3-ORV9-K8XD,GBP,2,13.12
204-9669057-1684314,SU-5LQH-2DVN,GBP,1,2.19
204-9669182-0199546,A2-T2AC-TW3L,GBP,1,4.51
204-9689045-0120306,WX-L5UA-UB1Q,GBP,1,1.72
204-9713979-2872367,TU-8I14-25ZR,GBP,1,12.67
204-9715847-6125112,A2-T2AC-TW3L,GBP,1,4.51
204-9716503-2590743,6V-EEC1-2S9Z,GBP,1,2.25
204-9717593-4693143,WX-L5UA-UB1Q,GBP,1,1.72
204-9724285-5034734,VF-3T0K-DR5O,GBP,1,2.05
204-9747723-2842725,XH-0LAE-FQO5,GBP,1,2.9
204-9748213-4291524,EV-CHU5-XU3G,GBP,1,2.73
204-9750570-0724357,LV-425G-BY4X,GBP,1,16.38
204-9753210-9185131,DC-K5WH-R7F5,GBP,1,0.68
204-9755697-2997140,MW-9K5M-VKW8,GBP,1,13.65
204-9759309-6381951,SC-LYFM-ORXK,GBP,1,4.2
204-9762781-7510734,A2-T2AC-TW3L,GBP,1,4.51
204-9773952-5089154,WX-L5UA-UB1Q,GBP,1,1.72
204-9788981-8420364,AF-KIHX-ANYY,GBP,1,0.84
204-9814813-0979533,Z7-26PV-O9LR,GBP,2,8.88
204-9817022-1523514,6V-EEC1-2S9Z,GBP,1,2.25
204-9817491-3351545,6V-EEC1-2S9Z,GBP,1,2.25
204-9848762-6133926,Z3-ORV9-K8XD,GBP,1,6.56
204-9860728-7265160,VF-3T0K-DR5O,GBP,1,2.05
204-9862166-0709967,6V-EEC1-2S9Z,GBP,1,2.25
204-9862317-2637123,N7-A24N-WJA7,GBP,1,3.01
204-9866830-8009168,6V-EEC1-2S9Z,GBP,1,2.25
204-9870984-4797953,6V-EEC1-2S9Z,GBP,1,2.25
204-9879523-5781124,XE-YPAI-HX9F,GBP,1,4.58
204-9880961-9140360,N7-A24N-WJA7,GBP,1,3.01
204-9884594-4372326,JB-RGB6-LZOJ,GBP,1,2.47
204-9906566-6141914,A2-T2AC-TW3L,GBP,1,4.51
204-9923967-5145167,DC-K5WH-R7F5,GBP,1,0.68
204-9943930-3866732,RB-82FL-T88J,GBP,1,14.5
204-9947852-0180318,VL-48KZ-J3F2,GBP,1,1.06
204-9969640-6163563,A2-T2AC-TW3L,GBP,1,4.51
204-9974290-9785117,NN-TSZ1-X2RD,GBP,1,3.79
204-9990115-1476345,6V-EEC1-2S9Z,GBP,1,2.25
204-9990684-0496355,BQ-O3OI-FTJU,GBP,1,6.5
205-0001906-6046715,WX-L5UA-UB1Q,GBP,1,1.72
205-0005811-2659527,NN-TSZ1-X2RD,GBP,1,3.79
205-0008934-1612327,VF-3T0K-DR5O,GBP,1,2.05
205-0010865-0173134,WX-L5UA-UB1Q,GBP,1,1.72
205-0011668-6953921,DV-USYD-8WR2,GBP,1,20.33
205-0022118-9784364,6V-EEC1-2S9Z,GBP,1,2.25
205-0024031-0497157,MW-9K5M-VKW8,GBP,1,13.65
205-0025833-3273113,VU-8KRA-QP5M,GBP,1,4.32
205-0041917-4491551,DC-K5WH-R7F5,GBP,1,0.68
205-0042517-1535572,WX-L5UA-UB1Q,GBP,1,1.72
205-0057138-1895504,XH-0LAE-FQO5,GBP,2,5.8
205-0068426-6926738,WX-L5UA-UB1Q,GBP,1,1.72
205-0071465-6013973,DC-K5WH-R7F5,GBP,1,0.68
205-0071847-4313963,MW-9K5M-VKW8,GBP,1,13.65
205-0083558-8405111,NN-TSZ1-X2RD,GBP,1,3.79
205-0091501-8021967,DC-K5WH-R7F5,GBP,1,0.68
205-0096432-1312317,TU-8I14-25ZR,GBP,1,12.67
205-0102575-3059543,A2-T2AC-TW3L,GBP,1,4.51
205-0104171-2544366,TU-8I14-25ZR,GBP,1,12.67
205-0106836-4078717,VF-3T0K-DR5O,GBP,1,2.05
205-0111623-5667566,WX-L5UA-UB1Q,GBP,1,1.72
205-0112456-6755516,YO-EKK2-FRCC,GBP,1,2.38
205-0165498-3562704,WX-L5UA-UB1Q,GBP,1,1.72
205-0175219-7969956,6V-EEC1-2S9Z,GBP,1,2.25
205-0201880-3961909,A2-T2AC-TW3L,GBP,1,4.51
205-0202173-2423574,6V-EEC1-2S9Z,GBP,1,2.25
205-0224011-0861161,VF-3T0K-DR5O,GBP,1,2.05
205-0227793-4135556,XH-0LAE-FQO5,GBP,2,5.8
205-0233198-3757160,I2-6YKQ-CIBP,GBP,1,3.96
205-0235840-2266723,6V-EEC1-2S9Z,GBP,1,2.25
205-0238000-6058745,WX-L5UA-UB1Q,GBP,1,1.72
205-0240916-4113918,49-4UKW-G81R,GBP,3,9.120000000000001
205-0242506-0250731,6V-EEC1-2S9Z,GBP,1,2.25
205-0244104-1771532,EV-CHU5-XU3G,GBP,1,2.73
205-0259148-0913934,6V-EEC1-2S9Z,GBP,1,2.1
205-0268677-8004312,Z7-26PV-O9LR,GBP,1,4.44
205-0274579-5817900,VU-8KRA-QP5M,GBP,1,4.32
205-0277714-9889161,VF-3T0K-DR5O,GBP,2,4.1
205-0280904-9957123,SR-6OBB-WC03,GBP,1,2.86
205-0286297-2409105,A2-T2AC-TW3L,GBP,1,4.51
205-0286854-7042716,MW-9K5M-VKW8,GBP,1,13.65
205-0291130-8125918,A2-T2AC-TW3L,GBP,1,4.51
205-0291358-9417951,49-4UKW-G81R,GBP,2,6.08
205-0293406-4489938,DC-K5WH-R7F5,GBP,1,0.68
205-0320154-2183571,DC-K5WH-R7F5,GBP,1,0.68
205-0320252-1044355,6V-EEC1-2S9Z,GBP,1,2.25
205-0325403-9214747,F7-PMJ2-SG6A,GBP,1,2.7
205-0355472-4818707,SR-6OBB-WC03,GBP,1,2.86
205-0365798-9457930,A2-T2AC-TW3L,GBP,1,4.51
205-0366618-3802733,6V-EEC1-2S9Z,GBP,1,2.25
205-0390040-6778712,6V-EEC1-2S9Z,GBP,1,2.25
205-0390075-9416336,7L-OT45-7LYB,GBP,1,1.16
205-0410145-2073140,6V-EEC1-2S9Z,GBP,1,2.25
205-0411793-7064366,6V-EEC1-2S9Z,GBP,1,2.25
205-0420458-3101950,DC-K5WH-R7F5,GBP,1,0.68
205-0422561-1629116,6V-EEC1-2S9Z,GBP,1,2.25
205-0435169-3971507,3X-EXDD-TD2K,GBP,1,20.37
205-0438224-3444366,Z7-26PV-O9LR,GBP,1,4.44
205-0456771-9753128,WX-L5UA-UB1Q,GBP,1,1.72
205-0462918-2101955,WX-L5UA-UB1Q,GBP,1,1.72
205-0485508-2067513,6V-EEC1-2S9Z,GBP,1,2.25
205-0500129-0222742,WX-L5UA-UB1Q,GBP,1,1.72
205-0513198-1953964,OV-LVEL-DQL6,GBP,1,6.95
205-0516539-7888309,6V-EEC1-2S9Z,GBP,1,2.25
205-0519637-7874723,XH-0LAE-FQO5,GBP,1,2.9
205-0520207-5043559,AF-KIHX-ANYY,GBP,1,0.84
205-0524394-5510739,6V-EEC1-2S9Z,GBP,1,2.25
205-0554805-7980352,A2-T2AC-TW3L,GBP,1,4.51
205-0565492-3877136,6V-EEC1-2S9Z,GBP,1,2.25
205-0578327-4807555,DC-K5WH-R7F5,GBP,2,1.36
205-0578335-2925920,6V-EEC1-2S9Z,GBP,1,2.25
205-0588904-4873159,6V-EEC1-2S9Z,GBP,1,2.25
205-0604803-6393114,6V-EEC1-2S9Z,GBP,1,2.25
205-0621593-5339548,6V-EEC1-2S9Z,GBP,1,2.25
205-0626424-2826739,NN-TSZ1-X2RD,GBP,1,3.79
205-0640898-4144362,Z3-ORV9-K8XD,GBP,1,6.56
205-0650858-9069162,NN-TSZ1-X2RD,GBP,1,3.79
205-0653601-2562711,A2-T2AC-TW3L,GBP,1,4.51
205-0654478-2247549,JV-D1TI-6UF6,GBP,1,3.6
205-0654848-3185963,DC-K5WH-R7F5,GBP,1,0.68
205-0657531-6508325,K0-71JR-UNLF,GBP,1,2.44
205-0677954-7909156,6V-EEC1-2S9Z,GBP,1,2.25
205-0700853-0686766,DC-K5WH-R7F5,GBP,1,0.68
205-0707552-2889935,6V-EEC1-2S9Z,GBP,1,2.25
205-0709273-7840365,A2-T2AC-TW3L,GBP,1,4.51
205-0711329-4819541,WX-L5UA-UB1Q,GBP,1,1.72
205-0712605-4983512,3B-3H3V-Z93T,GBP,1,1.6
205-0713920-6935546,A2-T2AC-TW3L,GBP,3,13.53
205-0717308-4466754,A2-T2AC-TW3L,GBP,1,4.51
205-0720189-1945117,XH-0LAE-FQO5,GBP,1,2.9
205-0756044-9933122,6V-EEC1-2S9Z,GBP,1,2.25
205-0761568-5141131,VF-3T0K-DR5O,GBP,1,2.05
205-0761765-7297958,A2-T2AC-TW3L,GBP,1,4.51
205-0767213-2917904,WX-L5UA-UB1Q,GBP,1,1.72
205-0779458-0519569,6V-EEC1-2S9Z,GBP,1,2.1
205-0802609-6471515,WX-L5UA-UB1Q,GBP,1,1.72
205-0820462-3015533,DC-K5WH-R7F5,GBP,1,0.68
205-0832085-8593908,6V-EEC1-2S9Z,GBP,1,2.25
205-0837102-9453167,D7-MGBX-RX2P,GBP,1,2.43
205-0842010-6482736,6V-EEC1-2S9Z,GBP,1,2.25
205-0860315-6683521,WX-L5UA-UB1Q,GBP,1,1.72
205-0860663-8684311,WX-L5UA-UB1Q,GBP,1,1.72
205-0878704-2634758,VF-3T0K-DR5O,GBP,1,2.05
205-0880900-0305936,WX-L5UA-UB1Q,GBP,1,1.72
205-0894656-4073143,A2-T2AC-TW3L,GBP,1,4.51
205-0896572-5571531,DC-K5WH-R7F5,GBP,1,0.63
205-0897377-1487537,DC-K5WH-R7F5,GBP,1,0.68
205-0897419-5538765,WX-L5UA-UB1Q,GBP,1,1.72
205-0905088-2609141,3B-3H3V-Z93T,GBP,1,1.6
205-0913546-8200312,H4-86XG-NLX6,GBP,1,3.25
205-0930141-1812360,I2-6YKQ-CIBP,GBP,1,3.57
205-0935594-0531540,DC-K5WH-R7F5,GBP,1,0.68
205-0941151-4763505,A2-T2AC-TW3L,GBP,1,4.51
205-0956125-0371564,XH-0LAE-FQO5,GBP,1,2.9
205-0973879-5243561,LV-425G-BY4X,GBP,1,16.38
205-0981213-7083527,6V-EEC1-2S9Z,GBP,1,2.25
205-1004136-1321922,XH-0LAE-FQO5,GBP,1,2.9
205-1011784-1432353,WX-L5UA-UB1Q,GBP,1,1.72
205-1023693-4641126,N7-A24N-WJA7,GBP,1,3.01
205-1042830-2378734,A2-T2AC-TW3L,GBP,1,4.51
205-1049271-7177111,6V-EEC1-2S9Z,GBP,1,2.25
205-1052278-7465940,6V-EEC1-2S9Z,GBP,1,2.25
205-1077954-8987562,WX-L5UA-UB1Q,GBP,1,1.72
205-1079993-4183562,Z7-26PV-O9LR,GBP,1,4.44
205-1099419-9565963,AF-KIHX-ANYY,GBP,1,0.84
205-1101238-4680305,0H-5V53-GPG4,GBP,1,4.85
205-1106281-4718734,6V-EEC1-2S9Z,GBP,4,9.0
205-1120991-1831527,VF-3T0K-DR5O,GBP,1,2.05
205-1121126-4417101,XE-YPAI-HX9F,GBP,1,4.79
205-1136091-9529114,6V-EEC1-2S9Z,GBP,1,2.25
205-1149871-8245100,PY-XV78-3OG5,GBP,2,41.02
205-1160098-0494766,3T-6QPR-E2MV,GBP,1,4.65
205-1174307-0055508,WX-L5UA-UB1Q,GBP,1,1.72
205-1188356-8906708,MW-9K5M-VKW8,GBP,1,13.65
205-1192613-5107565,H6-E7MP-EBPD,GBP,1,8.45
205-1193288-5311536,D7-MGBX-RX2P,GBP,4,9.72
205-1216397-7823555,WX-L5UA-UB1Q,GBP,1,1.72
205-1221176-2356347,6V-EEC1-2S9Z,GBP,1,2.25
205-1232882-0277101,HO-LSOY-8R05,GBP,1,17.4
205-1239514-1290731,A2-T2AC-TW3L,GBP,1,4.51
205-1247170-7321925,6V-EEC1-2S9Z,GBP,1,2.25
205-1265118-9311528,Z9-FBUQ-EZN3,GBP,1,2.89
205-1269322-1218755,A2-T2AC-TW3L,GBP,1,4.51
205-1279933-7938760,DC-K5WH-R7F5,GBP,1,0.68
205-1283953-2556314,A2-T2AC-TW3L,GBP,1,4.51
205-1286660-6672361,WX-L5UA-UB1Q,GBP,1,1.72
205-1289555-1778724,WX-L5UA-UB1Q,GBP,1,1.72
205-1296108-2916340,6V-EEC1-2S9Z,GBP,1,2.25
205-1311985-5770768,6V-EEC1-2S9Z,GBP,1,2.25
205-1315895-3923510,6V-EEC1-2S9Z,GBP,1,2.25
205-1322254-7213926,A2-T2AC-TW3L,GBP,1,4.51
205-1324728-2955529,XE-27ZG-EZPZ,GBP,1,1.23
205-1356361-7892367,WX-L5UA-UB1Q,GBP,1,1.72
205-1360211-7372336,6V-EEC1-2S9Z,GBP,1,2.25
205-1362526-0507540,8M-LM6B-F2Q5,GBP,2,3.14
205-1387088-7068313,XH-0LAE-FQO5,GBP,1,2.9
205-1397655-5867505,XH-0LAE-FQO5,GBP,1,2.9
205-1404615-4788335,XH-0LAE-FQO5,GBP,1,2.9
205-1418393-4117959,0H-5V53-GPG4,GBP,1,4.85
205-1439132-5892323,WX-L5UA-UB1Q,GBP,1,1.72
205-1441206-0785924,6V-EEC1-2S9Z,GBP,1,2.25
205-1443295-4076326,6V-EEC1-2S9Z,GBP,2,4.5
205-1445725-8985908,Z7-26PV-O9LR,GBP,1,4.44
205-1458428-8169123,KI-CR51-18J3,GBP,1,28.2
205-1463404-3245915,GH-PONH-K4WQ,GBP,1,3.78
205-1468137-8417148,6V-EEC1-2S9Z,GBP,1,2.25
205-1472635-6515525,6V-EEC1-2S9Z,GBP,1,2.25
205-1475006-1396325,WX-L5UA-UB1Q,GBP,1,1.72
205-1478700-5752326,A2-T2AC-TW3L,GBP,1,4.51
205-1484029-7649158,A2-T2AC-TW3L,GBP,2,9.02
205-1492197-2575513,WX-L5UA-UB1Q,GBP,1,1.72
205-1495740-9101911,GD-B8SW-1PCP,GBP,2,57.5
205-1539588-3427563,8R-E0Y9-0LAU,GBP,1,38.1
205-1543760-3149949,DC-K5WH-R7F5,GBP,1,0.68
205-1546780-5678715,6V-EEC1-2S9Z,GBP,1,2.25
205-1546853-3520350,A2-T2AC-TW3L,GBP,1,4.51
205-1553985-2562764,0H-5V53-GPG4,GBP,1,4.85
205-1592049-1050741,XH-0LAE-FQO5,GBP,1,2.9
205-1597081-9221917,6V-EEC1-2S9Z,GBP,1,2.25
205-1602363-1208347,6V-EEC1-2S9Z,GBP,1,2.25
205-1606103-5569121,A2-T2AC-TW3L,GBP,1,4.51
205-1621289-7627502,VF-3T0K-DR5O,GBP,1,2.05
205-1654231-2320364,WX-L5UA-UB1Q,GBP,1,1.72
205-1661840-2400359,6V-EEC1-2S9Z,GBP,1,2.25
205-1662227-1881168,DC-K5WH-R7F5,GBP,1,0.68
205-1662582-2212319,WX-L5UA-UB1Q,GBP,3,5.16
205-1665410-1035522,A2-T2AC-TW3L,GBP,1,4.51
205-1668334-0464347,6V-EEC1-2S9Z,GBP,1,2.25
205-1688585-9426763,A2-T2AC-TW3L,GBP,1,4.51
205-1721239-5317923,TK-E7QE-T40G,GBP,1,3.8
205-1782595-7144304,H4-86XG-NLX6,GBP,1,3.25
205-1816061-7325135,DC-K5WH-R7F5,GBP,1,0.68
205-1825458-6987535,XH-0LAE-FQO5,GBP,1,2.9
205-1826411-8281955,Z7-26PV-O9LR,GBP,1,4.44
205-1831063-9210769,T8-6UWL-I3E1,GBP,1,1.48
205-1846040-8192330,L3-ZQ8U-A7LQ,GBP,1,3.7
205-1863365-1711521,XY-UM2X-TPS3,GBP,1,4.57
205-1886838-4641921,NN-TSZ1-X2RD,GBP,1,3.79
205-1892647-8743510,6V-EEC1-2S9Z,GBP,1,2.25
205-1896945-5289144,0G-JB6S-PN34,GBP,1,2.74
205-1928444-4345104,EV-CHU5-XU3G,GBP,1,2.73
205-1945869-5776301,WX-L5UA-UB1Q,GBP,1,1.72
205-1947429-5665145,6V-EEC1-2S9Z,GBP,1,2.25
205-1961287-4028360,6V-EEC1-2S9Z,GBP,1,2.25
205-1963138-5212352,A2-T2AC-TW3L,GBP,1,4.51
205-1965772-8989915,Z3-ORV9-K8XD,GBP,1,6.56
205-1966700-8749914,A2-T2AC-TW3L,GBP,1,4.51
205-1966826-4655512,6V-EEC1-2S9Z,GBP,1,2.25
205-1968053-6792349,TU-8I14-25ZR,GBP,1,12.67
205-1970862-5391535,6V-EEC1-2S9Z,GBP,1,2.25
205-1977791-3753159,A2-T2AC-TW3L,GBP,1,4.51
205-1996442-0765905,6V-EEC1-2S9Z,GBP,1,2.1
205-1996785-4562726,BB-ZT14-1QQA,GBP,1,3.19
205-2000459-8809168,MW-9K5M-VKW8,GBP,1,13.65
205-2011711-1897934,WX-L5UA-UB1Q,GBP,1,1.72
205-2013278-5147502,NN-TSZ1-X2RD,GBP,1,3.79
205-2019549-5865912,MW-9K5M-VKW8,GBP,1,13.65
205-2024742-8686761,WX-L5UA-UB1Q,GBP,1,1.72
205-2065394-1371531,6V-EEC1-2S9Z,GBP,1,2.25
205-2067002-2393953,WX-L5UA-UB1Q,GBP,1,1.72
205-2088916-8931568,A2-T2AC-TW3L,GBP,1,4.51
205-2102319-9024302,MW-9K5M-VKW8,GBP,1,13.65
205-2104221-2925954,F7-PMJ2-SG6A,GBP,1,2.7
205-2107959-1504367,A2-T2AC-TW3L,GBP,1,4.51
205-2112493-9371556,6V-EEC1-2S9Z,GBP,5,11.25
205-2112739-4887530,Z7-26PV-O9LR,GBP,2,8.88
205-2113226-1779563,XE-YPAI-HX9F,GBP,1,4.7
205-2116710-0606701,6V-EEC1-2S9Z,GBP,1,2.25
205-2117088-7647520,6V-EEC1-2S9Z,GBP,1,2.25
205-2118315-0301966,XE-YPAI-HX9F,GBP,1,4.58
205-2119425-7726712,A2-T2AC-TW3L,GBP,1,4.51
205-2129626-4353951,DC-K5WH-R7F5,GBP,1,0.68
205-2149173-1556352,NN-TSZ1-X2RD,GBP,2,6.98
205-2151204-8213120,NX-0Q7A-XR6H,GBP,3,8.22
205-2157267-3049142,DC-K5WH-R7F5,GBP,1,0.68
205-2164987-6741143,DC-K5WH-R7F5,GBP,1,0.68
205-2167618-3889154,WX-L5UA-UB1Q,GBP,1,1.72
205-2174992-8233932,WX-L5UA-UB1Q,GBP,1,1.72
205-2183221-6130714,6V-EEC1-2S9Z,GBP,1,2.25
205-2186930-3155558,VF-3T0K-DR5O,GBP,1,2.05
205-2195175-5537907,A2-T2AC-TW3L,GBP,1,4.51
205-2213881-5580338,Z3-ORV9-K8XD,GBP,1,6.56
205-2218707-0655561,N7-A24N-WJA7,GBP,1,3.01
205-2228560-4126756,6V-EEC1-2S9Z,GBP,1,2.25
205-2265895-3314766,6V-EEC1-2S9Z,GBP,1,2.25
205-2270836-6148328,A2-T2AC-TW3L,GBP,1,4.51
205-2283710-2585925,6V-EEC1-2S9Z,GBP,1,2.25
205-2294362-2729122,Z7-26PV-O9LR,GBP,1,4.44
205-2299238-1898714,DC-K5WH-R7F5,GBP,2,1.36
205-2303181-1248316,TU-8I14-25ZR,GBP,1,12.67
205-2308734-5069957,XH-0LAE-FQO5,GBP,1,2.9
205-2314976-5977103,WX-L5UA-UB1Q,GBP,1,1.72
205-2328505-9861930,7L-OT45-7LYB,GBP,1,1.16
205-2345923-6805115,3X-EXDD-TD2K,GBP,2,40.88
205-2346647-6752318,A2-T2AC-TW3L,GBP,1,4.51
205-2347486-4338726,Z3-ORV9-K8XD,GBP,1,6.56
205-2376650-2278702,A2-T2AC-TW3L,GBP,1,4.51
205-2381509-4019531,3B-3H3V-Z93T,GBP,1,1.6
205-2382121-3564337,6V-EEC1-2S9Z,GBP,1,2.25
205-2382479-8116312,DC-K5WH-R7F5,GBP,1,0.68
205-2392103-1280352,Z3-ORV9-K8XD,GBP,1,6.56
205-2403445-5769148,VF-3T0K-DR5O,GBP,1,2.05
205-2419428-0809946,6V-EEC1-2S9Z,GBP,1,2.25
205-2420129-3131530,XE-YPAI-HX9F,GBP,1,4.58
205-2421171-3370757,9X-7TBD-NA16,GBP,1,1.99
205-2428954-1517926,6V-EEC1-2S9Z,GBP,1,2.25
205-2458446-8377134,Z3-ORV9-K8XD,GBP,1,6.56
205-2459617-3678732,SC-LYFM-ORXK,GBP,1,4.2
205-2468432-7060360,WX-L5UA-UB1Q,GBP,1,1.72
205-2476601-1409958,NN-TSZ1-X2RD,GBP,1,3.79
205-2477073-9541127,LV-425G-BY4X,GBP,1,16.38
205-2498622-1021114,IB-U5FA-BO2Y,GBP,1,20.71
205-2499133-1358716,Z3-ORV9-K8XD,GBP,1,6.56
205-2500337-2159541,Z3-ORV9-K8XD,GBP,1,6.56
205-2520013-9976337,A2-T2AC-TW3L,GBP,1,4.51
205-2526394-1149923,ZV-RLOD-Q0JI,GBP,1,7.55
205-2536211-7373138,6V-EEC1-2S9Z,GBP,2,4.5
205-2544929-8705952,6V-EEC1-2S9Z,GBP,1,2.25
205-2556231-5042734,BQ-O3OI-FTJU,GBP,1,6.5
205-2575275-7917143,6V-EEC1-2S9Z,GBP,1,2.25
205-2579510-9619552,XH-0LAE-FQO5,GBP,1,2.9
205-2593051-7295506,Z3-ORV9-K8XD,GBP,1,6.56
205-2598439-8525905,6V-EEC1-2S9Z,GBP,1,2.25
205-2600685-5001140,LV-425G-BY4X,GBP,1,16.38
205-2607707-4947540,DC-K5WH-R7F5,GBP,2,1.36
205-2623726-2089112,DC-K5WH-R7F5,GBP,1,0.68
205-2624605-4879538,DC-K5WH-R7F5,GBP,1,0.68
205-2638732-4313154,XH-0LAE-FQO5,GBP,1,2.9
205-2654495-9353126,3X-EXDD-TD2K,GBP,1,20.51
205-2656561-7015504,WX-L5UA-UB1Q,GBP,1,1.72
205-2670523-4221142,EV-CHU5-XU3G,GBP,1,2.73
205-2671880-4433108,6V-EEC1-2S9Z,GBP,1,2.25
205-2679034-6053964,TU-8I14-25ZR,GBP,1,12.67
205-2689279-0796345,T8-6UWL-I3E1,GBP,1,1.48
205-2690741-0979506,6V-EEC1-2S9Z,GBP,2,4.5
205-2698590-1162747,6V-EEC1-2S9Z,GBP,1,2.25
205-2701833-2266743,NN-TSZ1-X2RD,GBP,1,3.79
205-2718301-0785925,6V-EEC1-2S9Z,GBP,1,2.25
205-2725393-3893922,Z3-ORV9-K8XD,GBP,1,6.56
205-2725744-1159556,WX-L5UA-UB1Q,GBP,1,1.72
205-2727907-4354754,SU-5LQH-2DVN,GBP,1,2.19
205-2745774-6269909,EV-CHU5-XU3G,GBP,1,2.73
205-2751905-0312335,PE-G94Y-4PYO,GBP,1,2.86
205-2756351-1228369,WX-L5UA-UB1Q,GBP,1,1.72
205-2799782-7819513,WX-L5UA-UB1Q,GBP,1,1.72
205-2810625-1203535,H4-86XG-NLX6,GBP,1,3.25
205-2829144-8723555,TU-8I14-25ZR,GBP,1,12.67
205-2832511-0709961,RW-AZK6-O4M2,GBP,1,0.52
205-2833159-2653949,DO-QDI1-K7R9,GBP,1,20.07
205-2844215-2719514,6V-EEC1-2S9Z,GBP,1,2.25
205-2846697-8776317,6V-EEC1-2S9Z,GBP,1,2.25
205-2864175-7448359,XE-YPAI-HX9F,GBP,6,28.200000000000003
205-2886732-2621967,6V-EEC1-2S9Z,GBP,1,2.25
205-2887923-8521161,N7-A24N-WJA7,GBP,1,3.01
205-2901731-8429115,Z7-26PV-O9LR,GBP,1,4.44
205-2918095-5483502,JV-D1TI-6UF6,GBP,1,3.6
205-2925181-1992351,A2-T2AC-TW3L,GBP,1,4.51
205-2946837-7867506,Z3-ORV9-K8XD,GBP,1,6.56
205-2961402-1657937,EV-CHU5-XU3G,GBP,1,2.73
205-2973222-9719539,RI-VSUS-0YTD,GBP,1,1.65
205-2976844-8730701,Z9-FBUQ-EZN3,GBP,1,2.89
205-2983185-2093153,8M-NHB7-T8TR,GBP,1,15.26
205-2988900-5194748,L3-ZQ8U-A7LQ,GBP,1,3.7
205-2989696-0793915,6V-EEC1-2S9Z,GBP,1,2.25
205-2990288-8017927,6V-EEC1-2S9Z,GBP,1,2.25
205-2990288-8017927,SU-5LQH-2DVN,GBP,1,2.19
205-3003605-5243501,VF-3T0K-DR5O,GBP,1,2.05
205-3006619-5381919,6V-EEC1-2S9Z,GBP,1,2.25
205-3010390-3569116,6V-EEC1-2S9Z,GBP,1,2.25
205-3015244-8205124,0H-5V53-GPG4,GBP,1,4.85
205-3033717-6571558,WX-L5UA-UB1Q,GBP,1,1.72
205-3066344-7573166,MW-9K5M-VKW8,GBP,1,13.65
205-3066945-8781902,A2-T2AC-TW3L,GBP,1,4.51
205-3067051-3649155,7M-48OU-23X3,GBP,1,7.59
205-3073243-1587502,F7-PMJ2-SG6A,GBP,1,2.7
205-3079844-5730742,A2-T2AC-TW3L,GBP,1,4.51
205-3093647-6751569,WX-L5UA-UB1Q,GBP,1,1.72
205-3102948-8961956,6V-EEC1-2S9Z,GBP,1,2.25
205-3141990-2452368,NN-TSZ1-X2RD,GBP,1,3.99
205-3142708-7636344,6V-EEC1-2S9Z,GBP,1,2.25
205-3152028-1103564,6V-EEC1-2S9Z,GBP,1,2.25
205-3174632-2573111,6V-EEC1-2S9Z,GBP,1,2.25
205-3182730-8677933,NN-TSZ1-X2RD,GBP,1,3.79
205-3190619-5818708,Z3-ORV9-K8XD,GBP,1,6.56
205-3203740-2234706,VF-3T0K-DR5O,GBP,1,2.05
205-3206213-5781165,6V-EEC1-2S9Z,GBP,2,4.5
205-3209939-7369162,Z3-ORV9-K8XD,GBP,1,6.56
205-3211099-8434750,A2-T2AC-TW3L,GBP,1,4.51
205-3222536-7552345,8M-NHB7-T8TR,GBP,1,15.26
205-3233861-6449951,DC-K5WH-R7F5,GBP,1,0.68
205-3242627-1644351,A2-T2AC-TW3L,GBP,1,4.51
205-3248346-2731563,6V-EEC1-2S9Z,GBP,1,2.25
205-3265032-9065130,VF-3T0K-DR5O,GBP,2,4.1
205-3268179-4092346,6V-EEC1-2S9Z,GBP,1,2.25
205-3270107-7950766,EV-CHU5-XU3G,GBP,1,2.73
205-3288168-9409154,WX-L5UA-UB1Q,GBP,1,1.72
205-3296931-4798769,NN-TSZ1-X2RD,GBP,2,7.58
205-3300555-3005946,A2-T2AC-TW3L,GBP,1,4.51
205-3317581-9141156,DC-K5WH-R7F5,GBP,1,0.68
205-3321066-9550751,MY-KL21-NMV5,GBP,1,18.5
205-3326986-4374765,A2-T2AC-TW3L,GBP,1,4.51
205-3333107-0955533,NN-TSZ1-X2RD,GBP,2,7.98
205-3362076-3191547,A2-T2AC-TW3L,GBP,1,4.51
205-3370035-0534724,XE-YPAI-HX9F,GBP,1,4.58
205-3386485-0681166,6V-EEC1-2S9Z,GBP,1,2.25
205-3392281-4322710,6V-EEC1-2S9Z,GBP,1,2.25
205-3402039-9967520,VF-3T0K-DR5O,GBP,1,2.05
205-3429281-1377118,NN-TSZ1-X2RD,GBP,1,3.79
205-3450455-4231527,6V-EEC1-2S9Z,GBP,1,2.25
205-3455340-9530763,DC-K5WH-R7F5,GBP,1,0.68
205-3465873-0437145,WX-L5UA-UB1Q,GBP,1,1.72
205-3475637-9472332,EV-CHU5-XU3G,GBP,2,5.46
205-3486642-9641936,NN-TSZ1-X2RD,GBP,1,3.99
205-3495100-2122736,A2-T2AC-TW3L,GBP,1,4.51
205-3506690-9506747,Z3-ORV9-K8XD,GBP,2,13.12
205-3525317-4057100,A2-T2AC-TW3L,GBP,1,4.51
205-3530493-6067568,6V-EEC1-2S9Z,GBP,1,2.25
205-3534641-4629147,6V-EEC1-2S9Z,GBP,1,2.25
205-3548147-9460322,WX-L5UA-UB1Q,GBP,1,1.72
205-3549903-5117933,A2-T2AC-TW3L,GBP,1,4.51
205-3556791-4341946,MW-9K5M-VKW8,GBP,1,13.65
205-3557783-4505161,6V-EEC1-2S9Z,GBP,1,2.25
205-3562350-7010766,6V-EEC1-2S9Z,GBP,1,2.25
205-3568786-3434743,6V-EEC1-2S9Z,GBP,2,4.5
205-3573477-8599518,6V-EEC1-2S9Z,GBP,1,2.25
205-3577351-0806764,A2-T2AC-TW3L,GBP,1,4.51
205-3588169-7984310,DC-K5WH-R7F5,GBP,1,0.68
205-3595548-1755535,A2-T2AC-TW3L,GBP,1,4.51
205-3599659-6385151,Z3-ORV9-K8XD,GBP,1,6.56
205-3599666-7795559,EV-CHU5-XU3G,GBP,1,2.73
205-3599902-3050724,A2-T2AC-TW3L,GBP,1,4.51
205-3603466-8141915,NN-TSZ1-X2RD,GBP,1,3.79
205-3618729-6990743,XE-YPAI-HX9F,GBP,1,4.58
205-3624340-1857121,MW-9K5M-VKW8,GBP,1,13.65
205-3646408-2053152,A2-T2AC-TW3L,GBP,1,4.51
205-3653031-7757965,EV-CHU5-XU3G,GBP,1,2.73
205-3655716-0105118,A2-T2AC-TW3L,GBP,1,4.51
205-3679094-4515523,VF-3T0K-DR5O,GBP,1,2.05
205-3679742-1001102,6V-EEC1-2S9Z,GBP,1,2.25
205-3679970-9716317,VF-3T0K-DR5O,GBP,1,2.05
205-3683691-6400306,6V-EEC1-2S9Z,GBP,1,2.25
205-3686984-7489152,6V-EEC1-2S9Z,GBP,1,2.25
205-3688114-0091507,6V-EEC1-2S9Z,GBP,1,2.25
205-3691030-0294750,6V-EEC1-2S9Z,GBP,1,2.25
205-3691911-6453952,T8-6UWL-I3E1,GBP,1,1.48
205-3697709-9368334,DC-K5WH-R7F5,GBP,1,0.68
205-3712808-3612313,GH-PONH-K4WQ,GBP,2,7.56
205-3748191-7330702,A2-T2AC-TW3L,GBP,1,4.51
205-3753633-8543537,EV-CHU5-XU3G,GBP,1,2.73
205-3754529-4126731,D8-1A3E-I37F,GBP,1,16.74
205-3763091-1151559,MW-9K5M-VKW8,GBP,1,13.65
205-3779284-2800350,DC-K5WH-R7F5,GBP,1,0.68
205-3787227-0749910,7L-OT45-7LYB,GBP,1,1.16
205-3790907-6465128,MW-9K5M-VKW8,GBP,1,13.65
205-3799056-2221167,JB-RGB6-LZOJ,GBP,1,2.47
205-3806782-4973919,Z7-26PV-O9LR,GBP,1,4.2
205-3807544-6753932,D7-MGBX-RX2P,GBP,2,4.86
205-3809832-2489963,DC-K5WH-R7F5,GBP,2,1.36
205-3813281-0758762,VF-3T0K-DR5O,GBP,2,4.1
205-3820494-3294710,WX-L5UA-UB1Q,GBP,1,1.72
205-3820906-4525915,6V-EEC1-2S9Z,GBP,2,4.5
205-3824241-1921937,ZU-PFDN-JSYV,GBP,1,4.89
205-3833937-6015515,7H-7G2P-ONWJ,GBP,1,0.88
205-3885201-2569103,A2-T2AC-TW3L,GBP,1,4.51
205-3889277-6832367,3T-6QPR-E2MV,GBP,1,4.65
205-3896779-9098708,WX-L5UA-UB1Q,GBP,2,3.44
205-3898198-5672307,WX-L5UA-UB1Q,GBP,1,1.72
205-3906143-8973956,VF-3T0K-DR5O,GBP,1,2.05
205-3930393-0852321,6V-EEC1-2S9Z,GBP,1,2.25
205-3931497-3361960,VF-3T0K-DR5O,GBP,1,2.05
205-3932140-7326760,6V-EEC1-2S9Z,GBP,1,2.25
205-3936298-6282750,6V-EEC1-2S9Z,GBP,1,2.25
205-3939044-6977915,A2-T2AC-TW3L,GBP,1,4.51
205-3960788-9575512,EV-CHU5-XU3G,GBP,1,2.73
205-3961015-4073155,Z3-ORV9-K8XD,GBP,1,6.56
205-3965072-2007517,F7-PMJ2-SG6A,GBP,1,2.7
205-3998336-5838739,MW-9K5M-VKW8,GBP,1,13.65
205-3998961-7977140,EV-CHU5-XU3G,GBP,1,2.73
205-4004694-5904354,WX-L5UA-UB1Q,GBP,1,1.72
205-4012217-7658730,XH-0LAE-FQO5,GBP,1,2.9
205-4020992-8029165,A2-T2AC-TW3L,GBP,1,4.51
205-4023027-5425927,6V-EEC1-2S9Z,GBP,1,2.25
205-4024403-1698749,WX-L5UA-UB1Q,GBP,1,1.72
205-4031600-4957160,A2-T2AC-TW3L,GBP,1,4.51
205-4050296-6850725,6V-EEC1-2S9Z,GBP,1,2.25
205-4054826-9373113,6V-EEC1-2S9Z,GBP,1,2.25
205-4066356-1685141,8L-INBX-OUTU,GBP,1,2.49
205-4087076-0136316,A2-T2AC-TW3L,GBP,1,4.51
205-4134681-4778767,6V-EEC1-2S9Z,GBP,1,2.25
205-4135289-6249965,6V-EEC1-2S9Z,GBP,1,2.25
205-4138264-1173122,WX-L5UA-UB1Q,GBP,1,1.72
205-4154031-0187535,XH-0LAE-FQO5,GBP,1,2.9
205-4165117-8399560,6V-EEC1-2S9Z,GBP,1,2.25
205-4170753-2655546,WX-L5UA-UB1Q,GBP,1,1.84
205-4172059-4470742,6V-EEC1-2S9Z,GBP,1,2.25
205-4175209-2117969,BB-ZT14-1QQA,GBP,1,3.19
205-4179902-1289924,WX-L5UA-UB1Q,GBP,1,1.72
205-4218831-1963501,L3-ZQ8U-A7LQ,GBP,1,3.4
205-4220029-7229959,6V-EEC1-2S9Z,GBP,1,2.25
205-4239113-8606767,AF-KIHX-ANYY,GBP,1,0.84
205-4256581-2691552,6V-EEC1-2S9Z,GBP,1,2.25
205-4257886-1129944,6V-EEC1-2S9Z,GBP,1,2.25
205-4259299-3397900,WX-L5UA-UB1Q,GBP,2,3.44
205-4274453-4574705,WX-L5UA-UB1Q,GBP,1,1.72
205-4275157-6233134,EV-CHU5-XU3G,GBP,1,2.73
205-4277289-4902715,XH-0LAE-FQO5,GBP,1,2.9
205-4286667-2841931,DC-K5WH-R7F5,GBP,1,0.68
205-4286952-7535563,VF-3T0K-DR5O,GBP,1,2.05
205-4298836-9670735,XH-0LAE-FQO5,GBP,1,2.9
205-4300315-2415567,SC-LYFM-ORXK,GBP,1,4.2
205-4303498-7904337,3T-6QPR-E2MV,GBP,1,4.65
205-4307144-8265131,BQ-O3OI-FTJU,GBP,1,6.5
205-4312589-8474736,DC-K5WH-R7F5,GBP,1,0.68
205-4325785-0357149,JV-D1TI-6UF6,GBP,1,3.6
205-4356435-0426719,6V-EEC1-2S9Z,GBP,1,2.25
205-4357882-5211502,EV-CHU5-XU3G,GBP,1,2.73
205-4361318-7712329,A2-T2AC-TW3L,GBP,1,4.51
205-4400693-6218723,NX-0Q7A-XR6H,GBP,1,2.74
205-4410289-1353139,YO-EKK2-FRCC,GBP,1,2.38
205-4427640-7629958,6V-EEC1-2S9Z,GBP,1,2.25
205-4435671-6937920,XH-0LAE-FQO5,GBP,2,5.8
205-4441251-9573919,DC-K5WH-R7F5,GBP,1,0.68
205-4445113-8273930,C6-XGZB-J6QA,GBP,2,5.5
205-4453443-1994752,6V-EEC1-2S9Z,GBP,1,2.25
205-4462943-3495550,6V-EEC1-2S9Z,GBP,1,2.25
205-4477148-0238764,A2-T2AC-TW3L,GBP,1,4.51
205-4487230-2928335,WX-L5UA-UB1Q,GBP,1,1.72
205-4499577-7237146,A2-T2AC-TW3L,GBP,1,4.51
205-4512723-5906756,6V-EEC1-2S9Z,GBP,1,2.25
205-4512959-0295522,A2-T2AC-TW3L,GBP,1,4.51
205-4513058-8642758,RB-82FL-T88J,GBP,1,14.5
205-4514470-7366760,WX-L5UA-UB1Q,GBP,1,1.72
205-4516595-4298715,Z7-26PV-O9LR,GBP,2,8.88
205-4518645-4596330,Z7-26PV-O9LR,GBP,1,4.44
205-4521401-6401160,6V-EEC1-2S9Z,GBP,1,2.25
205-4536406-5581104,DC-K5WH-R7F5,GBP,1,0.68
205-4543710-5175505,XH-0LAE-FQO5,GBP,1,2.9
205-4582663-4547559,6V-EEC1-2S9Z,GBP,1,2.25
205-4587362-6331506,3B-3H3V-Z93T,GBP,1,1.6
205-4589068-4768334,PE-G94Y-4PYO,GBP,1,2.86
205-4601810-4899564,VF-3T0K-DR5O,GBP,1,2.05
205-4616244-8511524,NN-TSZ1-X2RD,GBP,1,3.49
205-4638138-7832362,R7-98IN-2PW8,GBP,1,2.5
205-4649788-2813104,VF-3T0K-DR5O,GBP,2,4.1
205-4659889-6278702,VU-8KRA-QP5M,GBP,1,4.32
205-4661831-3127540,VF-3T0K-DR5O,GBP,1,2.05
205-4665807-3695552,A2-T2AC-TW3L,GBP,1,4.51
205-4689279-3247516,D7-MGBX-RX2P,GBP,1,2.43
205-4694757-4093956,WX-L5UA-UB1Q,GBP,1,1.72
205-4696700-3205906,VF-3T0K-DR5O,GBP,1,2.05
205-4703126-9301920,NN-TSZ1-X2RD,GBP,1,3.79
205-4703677-2518721,L3-ZQ8U-A7LQ,GBP,4,13.6
205-4707101-1961101,D7-MGBX-RX2P,GBP,4,9.72
205-4719566-2181122,Z7-26PV-O9LR,GBP,1,4.2
205-4757048-3128314,WX-L5UA-UB1Q,GBP,1,1.72
205-4764768-1937123,AX-NKNU-29C1,GBP,1,0.61
205-4768443-3223559,WX-L5UA-UB1Q,GBP,1,1.72
205-4778103-0269159,Z7-26PV-O9LR,GBP,1,4.44
205-4780990-5393968,VF-3T0K-DR5O,GBP,1,2.05
205-4783479-6233958,8R-E0Y9-0LAU,GBP,1,34.65
205-4786610-1427559,VF-3T0K-DR5O,GBP,1,2.05
205-4791139-3599566,6V-EEC1-2S9Z,GBP,1,2.25
205-4805340-5525148,6V-EEC1-2S9Z,GBP,1,2.25
205-4814976-4671525,XY-UM2X-TPS3,GBP,1,4.57
205-4849620-3814702,49-4UKW-G81R,GBP,4,12.16
205-4857490-6748308,VF-3T0K-DR5O,GBP,2,4.1
205-4868050-3152366,A2-T2AC-TW3L,GBP,1,4.29
205-4897433-1069154,JB-RGB6-LZOJ,GBP,1,2.47
205-4897922-5455543,SU-5LQH-2DVN,GBP,1,2.19
205-4900977-3127538,6V-EEC1-2S9Z,GBP,1,2.25
205-4906757-1969954,6V-EEC1-2S9Z,GBP,1,2.25
205-4907983-0460341,DC-K5WH-R7F5,GBP,1,0.68
205-4920374-3437148,A2-T2AC-TW3L,GBP,2,9.02
205-4928329-6368338,WX-L5UA-UB1Q,GBP,1,1.72
205-4962340-9249147,TU-8I14-25ZR,GBP,1,12.67
205-5003629-2932358,6V-EEC1-2S9Z,GBP,1,2.25
205-5024186-9274729,Z3-ORV9-K8XD,GBP,1,6.56
205-5025029-4641104,MW-9K5M-VKW8,GBP,1,13.65
205-5028901-8756344,VF-3T0K-DR5O,GBP,1,2.05
205-5043160-1479524,WX-L5UA-UB1Q,GBP,1,1.72
205-5046808-0821944,SC-LYFM-ORXK,GBP,1,4.2
205-5046829-8709138,Z3-ORV9-K8XD,GBP,1,6.56
205-5047874-1821928,6V-EEC1-2S9Z,GBP,1,2.25
205-5059624-8785123,L3-ZQ8U-A7LQ,GBP,1,3.7
205-5061591-3345921,6V-EEC1-2S9Z,GBP,1,2.25
205-5082853-5597136,R7-98IN-2PW8,GBP,1,2.5
205-5097340-8605955,A2-T2AC-TW3L,GBP,1,4.51
205-5100330-6618711,LV-425G-BY4X,GBP,1,16.38
205-5124329-3212364,XE-YPAI-HX9F,GBP,1,4.7
205-5126166-9195504,EV-CHU5-XU3G,GBP,1,2.73
205-5150934-1057122,DC-K5WH-R7F5,GBP,1,0.68
205-5158607-5907547,WX-L5UA-UB1Q,GBP,2,3.44
205-5166733-3197937,6V-EEC1-2S9Z,GBP,1,2.25
205-5170917-6066702,SR-6OBB-WC03,GBP,1,2.86
205-5178082-4633930,R7-98IN-2PW8,GBP,1,2.5
205-5179395-2930769,6V-EEC1-2S9Z,GBP,1,2.25
205-5184283-4641132,WX-L5UA-UB1Q,GBP,1,1.72
205-5197542-0445112,WX-L5UA-UB1Q,GBP,1,1.72
205-5207115-9769159,EV-CHU5-XU3G,GBP,1,2.73
205-5213859-8187530,Z7-26PV-O9LR,GBP,1,4.44
205-5214464-4604314,C6-XGZB-J6QA,GBP,1,2.75
205-5216474-5024336,SU-5LQH-2DVN,GBP,1,2.19
205-5242210-6231560,6V-EEC1-2S9Z,GBP,1,2.25
205-5260647-2203559,SR-6OBB-WC03,GBP,1,2.86
205-5276240-2036307,VU-8KRA-QP5M,GBP,1,4.32
205-5280650-4062734,6V-EEC1-2S9Z,GBP,1,2.25
205-5314536-3301130,WX-L5UA-UB1Q,GBP,1,1.72
205-5319668-6715558,6V-EEC1-2S9Z,GBP,1,2.25
205-5325607-8678733,VF-3T0K-DR5O,GBP,1,2.05
205-5354342-6223527,6V-EEC1-2S9Z,GBP,1,2.25
205-5360159-8864311,6V-EEC1-2S9Z,GBP,1,2.25
205-5370849-8265158,N7-A24N-WJA7,GBP,1,3.01
205-5376204-7175534,NN-TSZ1-X2RD,GBP,1,3.79
205-5396242-8360310,6V-EEC1-2S9Z,GBP,1,2.25
205-5400410-4226700,6V-EEC1-2S9Z,GBP,1,2.25
205-5403856-5588336,NN-TSZ1-X2RD,GBP,1,3.49
205-5408400-8706758,D7-MGBX-RX2P,GBP,1,2.43
205-5408896-3698758,WX-L5UA-UB1Q,GBP,1,1.72
205-5421625-2314704,0Z-Y60V-499R,GBP,1,1.92
205-5423660-8629127,TU-8I14-25ZR,GBP,1,12.67
205-5436815-0967543,XH-0LAE-FQO5,GBP,1,2.9
205-5470064-0826715,6V-EEC1-2S9Z,GBP,1,2.25
205-5470382-1336329,Z7-26PV-O9LR,GBP,1,4.44
205-5477552-5161132,XE-YPAI-HX9F,GBP,1,4.58
205-5491580-8757116,0H-5V53-GPG4,GBP,1,4.85
205-5494183-3723523,A2-T2AC-TW3L,GBP,1,4.51
205-5528329-6353165,EV-CHU5-XU3G,GBP,1,2.73
205-5530143-8609928,A2-T2AC-TW3L,GBP,1,4.51
205-5544062-9835550,6V-EEC1-2S9Z,GBP,1,2.25
205-5548772-0951527,IM-AYXV-79NJ,GBP,1,2.25
205-5551028-6693114,Z3-ORV9-K8XD,GBP,1,6.56
205-5553812-3998740,VF-3T0K-DR5O,GBP,1,2.05
205-5559573-7961904,VL-48KZ-J3F2,GBP,1,1.06
205-5560876-1910702,XH-0LAE-FQO5,GBP,1,2.9
205-5566204-5848314,6V-EEC1-2S9Z,GBP,4,9.0
205-5572649-3145151,Z3-ORV9-K8XD,GBP,1,6.56
205-5572807-4244358,D2-8SPY-Q095,GBP,1,2.42
205-5573211-2158760,R7-98IN-2PW8,GBP,1,2.5
205-5579653-7375534,TU-8I14-25ZR,GBP,1,12.67
205-5579923-3920362,MW-9K5M-VKW8,GBP,1,13.65
205-5601494-6806704,NN-TSZ1-X2RD,GBP,1,3.79
205-5602129-5104315,WX-L5UA-UB1Q,GBP,1,1.72
205-5606622-6177954,Z3-ORV9-K8XD,GBP,1,6.56
205-5632517-3897923,Z3-ORV9-K8XD,GBP,1,6.56
205-5634831-8957144,DC-K5WH-R7F5,GBP,1,0.68
205-5646527-8879517,T8-6UWL-I3E1,GBP,1,1.48
205-5657892-7175552,TU-8I14-25ZR,GBP,1,12.67
205-5659546-2249906,6V-EEC1-2S9Z,GBP,1,2.25
205-5660054-5406714,6V-EEC1-2S9Z,GBP,1,2.25
205-5682474-2268306,6V-EEC1-2S9Z,GBP,1,2.1
205-5702698-2099527,WX-L5UA-UB1Q,GBP,1,1.72
205-5736611-8906725,A2-T2AC-TW3L,GBP,5,22.549999999999997
205-5753502-8824304,NN-TSZ1-X2RD,GBP,1,3.79
205-5771569-3803514,A2-T2AC-TW3L,GBP,1,4.51
205-5777214-3135544,NN-TSZ1-X2RD,GBP,1,3.79
205-5777214-3135544,XH-0LAE-FQO5,GBP,1,2.9
205-5786182-0829966,6V-EEC1-2S9Z,GBP,1,2.25
205-5786464-0281105,WX-L5UA-UB1Q,GBP,1,1.72
205-5786977-9733155,WX-L5UA-UB1Q,GBP,1,1.72
205-5811548-1960350,XH-0LAE-FQO5,GBP,1,2.9
205-5813541-0113152,XY-UM2X-TPS3,GBP,1,4.57
205-5820639-7970757,A2-T2AC-TW3L,GBP,1,4.51
205-5825274-2262733,6V-EEC1-2S9Z,GBP,1,2.25
205-5855931-7269923,A2-T2AC-TW3L,GBP,1,4.51
205-5863259-8500352,A2-T2AC-TW3L,GBP,1,4.51
205-5872779-6624312,DC-K5WH-R7F5,GBP,1,0.68
205-5875688-1877921,VL-48KZ-J3F2,GBP,1,1.06
205-5902218-1373938,SR-6OBB-WC03,GBP,1,2.86
205-5913272-6755569,9X-7TBD-NA16,GBP,1,1.99
205-5921382-0518760,6V-EEC1-2S9Z,GBP,1,2.25
205-5936907-2402722,WX-L5UA-UB1Q,GBP,1,1.72
205-5944499-2784332,Z7-26PV-O9LR,GBP,1,4.44
205-5950372-4347556,WX-L5UA-UB1Q,GBP,1,1.72
205-5955705-4198728,WX-L5UA-UB1Q,GBP,1,1.72
205-5959297-6036347,DC-K5WH-R7F5,GBP,1,0.68
205-5962801-9713929,6V-EEC1-2S9Z,GBP,1,2.1
205-5974877-1468364,A2-T2AC-TW3L,GBP,1,4.51
205-5977066-5305108,6V-EEC1-2S9Z,GBP,1,2.25
205-6011704-5170755,WX-L5UA-UB1Q,GBP,1,1.72
205-6022119-6981107,WX-L5UA-UB1Q,GBP,1,1.72
205-6038196-8354735,A2-T2AC-TW3L,GBP,1,4.51
205-6042886-1533923,EE-KTDC-KCFY,GBP,1,3.46
205-6049428-6437144,SU-5LQH-2DVN,GBP,1,2.19
205-6076910-4262737,L5-PF3B-WHU4,GBP,1,17.5
205-6077171-1000326,WX-L5UA-UB1Q,GBP,1,1.72
205-6078324-3992362,6V-EEC1-2S9Z,GBP,1,2.25
205-6086847-2305146,A2-T2AC-TW3L,GBP,1,4.51
205-6087593-3545109,6V-EEC1-2S9Z,GBP,1,2.25
205-6090031-8903563,A2-T2AC-TW3L,GBP,1,4.51
205-6096497-6321116,6V-EEC1-2S9Z,GBP,1,2.25
205-6114468-5975524,EV-CHU5-XU3G,GBP,2,5.46
205-6123333-4474733,6V-EEC1-2S9Z,GBP,1,2.25
205-6123333-4474733,SU-5LQH-2DVN,GBP,1,2.19
205-6124332-5154768,6V-EEC1-2S9Z,GBP,1,2.25
205-6132648-5981141,WX-L5UA-UB1Q,GBP,1,1.72
205-6148863-0573931,Z7-26PV-O9LR,GBP,1,4.44
205-6157144-1001115,6V-EEC1-2S9Z,GBP,1,2.25
205-6160058-5876312,49-4UKW-G81R,GBP,1,3.04
205-6161676-6750700,Z7-26PV-O9LR,GBP,1,4.2
205-6166740-1694713,A2-T2AC-TW3L,GBP,1,4.51
205-6170644-1309960,A2-T2AC-TW3L,GBP,1,4.51
205-6178622-5510705,WX-L5UA-UB1Q,GBP,1,1.72
205-6184439-7809903,DC-K5WH-R7F5,GBP,1,0.68
205-6185876-8305161,Z7-26PV-O9LR,GBP,1,4.44
205-6189231-9606731,4F-HT42-FD26,GBP,1,3.33
205-6191860-8378728,A2-T2AC-TW3L,GBP,1,4.29
205-6202908-6490717,I2-6YKQ-CIBP,GBP,1,3.96
205-6206560-2364343,8M-NHB7-T8TR,GBP,1,15.26
205-6208277-2876363,F7-PMJ2-SG6A,GBP,1,2.7
205-6226808-9826740,6V-EEC1-2S9Z,GBP,1,2.25
205-6258004-2051552,49-4UKW-G81R,GBP,2,6.08
205-6262501-4781144,Z3-ORV9-K8XD,GBP,1,6.56
205-6267159-3224335,A2-T2AC-TW3L,GBP,1,4.51
205-6272569-7090737,DC-K5WH-R7F5,GBP,1,0.68
205-6274298-1243516,RZ-6ZL9-CZ7J,GBP,2,4.84
205-6280268-1242752,WX-L5UA-UB1Q,GBP,1,1.72
205-6283272-8754744,TU-8I14-25ZR,GBP,1,12.67
205-6284431-9906732,6V-EEC1-2S9Z,GBP,1,2.25
205-6292598-4537918,WX-L5UA-UB1Q,GBP,1,1.72
205-6314813-5585124,WX-L5UA-UB1Q,GBP,1,1.72
205-6326586-5510721,6V-EEC1-2S9Z,GBP,1,2.25
205-6327833-6928309,XH-0LAE-FQO5,GBP,1,2.9
205-6329509-4507567,6V-EEC1-2S9Z,GBP,1,2.25
205-6330971-6819536,XE-YPAI-HX9F,GBP,1,4.58
205-6332798-0080351,A2-T2AC-TW3L,GBP,1,4.51
205-6338308-2065969,WX-L5UA-UB1Q,GBP,1,1.72
205-6349268-3011506,XY-UM2X-TPS3,GBP,1,4.57
205-6351512-7034727,EE-KTDC-KCFY,GBP,1,3.46
205-6371503-6919564,A2-T2AC-TW3L,GBP,2,9.02
205-6372763-8869166,6V-EEC1-2S9Z,GBP,1,2.25
205-6424282-1309902,XG-Z9LW-Z27Q,GBP,1,1.99
205-6429750-1010746,F7-PMJ2-SG6A,GBP,1,2.7
205-6432154-1461119,6V-EEC1-2S9Z,GBP,3,6.75
205-6437504-1121951,DC-K5WH-R7F5,GBP,1,0.68
205-6452244-6992335,8M-NHB7-T8TR,GBP,1,15.26
205-6457012-9955512,6V-EEC1-2S9Z,GBP,1,2.25
205-6462546-6643533,6V-EEC1-2S9Z,GBP,1,2.25
205-6469347-0983567,A2-T2AC-TW3L,GBP,1,4.51
205-6471404-3213917,6V-EEC1-2S9Z,GBP,1,2.25
205-6489421-0533139,6V-EEC1-2S9Z,GBP,1,2.25
205-6502570-7365905,EV-CHU5-XU3G,GBP,1,2.73
205-6507954-1827501,WX-L5UA-UB1Q,GBP,1,1.72
205-6511327-8215538,VF-3T0K-DR5O,GBP,1,2.05
205-6512589-0785133,NN-TSZ1-X2RD,GBP,1,3.99
205-6517172-4740305,T8-6UWL-I3E1,GBP,3,4.4399999999999995
205-6521477-0508367,6V-EEC1-2S9Z,GBP,3,6.75
205-6531924-5485908,Z3-ORV9-K8XD,GBP,1,6.56
205-6538056-5496313,A2-T2AC-TW3L,GBP,1,4.51
205-6576901-8967524,6V-EEC1-2S9Z,GBP,1,2.25
205-6584158-7958706,VF-3T0K-DR5O,GBP,1,2.05
205-6589577-4873110,6V-EEC1-2S9Z,GBP,1,2.25
205-6602796-8915533,6V-EEC1-2S9Z,GBP,1,2.25
205-6621249-1446705,DC-K5WH-R7F5,GBP,2,1.36
205-6634263-3422766,LV-425G-BY4X,GBP,1,16.38
205-6640350-2321948,6V-EEC1-2S9Z,GBP,1,2.25
205-6650282-2411522,ZI-1MA2-8QGC,GBP,1,8.48
205-6713779-6557902,JB-RGB6-LZOJ,GBP,1,2.47
205-6719904-7176327,XH-0LAE-FQO5,GBP,1,2.9
205-6729290-5301958,6V-EEC1-2S9Z,GBP,3,6.75
205-6729708-1793121,DC-K5WH-R7F5,GBP,1,0.68
205-6745322-6958732,MW-9K5M-VKW8,GBP,1,13.65
205-6752044-9429942,JV-D1TI-6UF6,GBP,1,3.6
205-6755145-8637917,WX-L5UA-UB1Q,GBP,1,1.72
205-6769766-8567511,Z3-ORV9-K8XD,GBP,1,6.56
205-6771282-7589137,MY-KL21-NMV5,GBP,1,18.5
205-6774973-8060309,6V-EEC1-2S9Z,GBP,1,2.25
205-6786758-2337967,XH-0LAE-FQO5,GBP,1,2.9
205-6807211-5658700,DC-K5WH-R7F5,GBP,1,0.68
205-6811858-1038757,WX-L5UA-UB1Q,GBP,1,1.72
205-6826800-5405106,DC-K5WH-R7F5,GBP,1,0.68
205-6841374-8633101,HO-LSOY-8R05,GBP,1,17.4
205-6867302-9066753,DC-K5WH-R7F5,GBP,1,0.68
205-6868976-9057168,WX-L5UA-UB1Q,GBP,1,1.72
205-6871741-4621954,WX-L5UA-UB1Q,GBP,1,1.72
205-6878102-1890769,6V-EEC1-2S9Z,GBP,1,2.25
205-6878233-5877114,Z3-ORV9-K8XD,GBP,1,6.56
205-6885441-0733911,N7-A24N-WJA7,GBP,1,3.01
205-6889639-2277960,WX-L5UA-UB1Q,GBP,1,1.72
205-6902539-8364305,6V-EEC1-2S9Z,GBP,1,2.25
205-6906404-8700303,VU-8KRA-QP5M,GBP,1,4.32
205-6921997-9461914,EV-CHU5-XU3G,GBP,1,2.73
205-6954836-2809951,3B-3H3V-Z93T,GBP,1,1.6
205-6974198-3322747,XH-0LAE-FQO5,GBP,2,5.8
205-6976101-5841142,EV-CHU5-XU3G,GBP,1,2.73
205-6979782-9010701,XH-0LAE-FQO5,GBP,1,2.9
205-6991256-5767538,XH-0LAE-FQO5,GBP,1,2.9
205-6992296-4534717,SU-5LQH-2DVN,GBP,1,2.19
205-6992559-2881924,6V-EEC1-2S9Z,GBP,2,4.5
205-6997147-8387502,DC-K5WH-R7F5,GBP,1,0.68
205-6999538-6079515,A2-T2AC-TW3L,GBP,1,4.51
205-7003689-6725131,DC-K5WH-R7F5,GBP,1,0.68
205-7008286-3604322,8M-NHB7-T8TR,GBP,1,15.26
205-7015714-7217148,XE-YPAI-HX9F,GBP,2,9.58
205-7020076-3118767,T8-6UWL-I3E1,GBP,1,1.48
205-7020180-0769126,SU-5LQH-2DVN,GBP,1,2.19
205-7022899-6254728,ZU-PFDN-JSYV,GBP,1,4.89
205-7032184-2004311,NN-TSZ1-X2RD,GBP,1,3.79
205-7047485-5989139,D2-8SPY-Q095,GBP,1,2.42
205-7050922-4502744,6V-EEC1-2S9Z,GBP,1,2.25
205-7055197-2935519,WX-L5UA-UB1Q,GBP,1,1.72
205-7106884-2963516,SR-6OBB-WC03,GBP,2,5.72
205-7112528-8351519,WX-L5UA-UB1Q,GBP,1,1.72
205-7121749-7047556,A2-T2AC-TW3L,GBP,1,4.51
205-7127106-1083561,6V-EEC1-2S9Z,GBP,1,2.25
205-7132052-1975560,JB-RGB6-LZOJ,GBP,1,2.47
205-7138724-7901926,6V-EEC1-2S9Z,GBP,1,2.25
205-7163744-5081126,49-4UKW-G81R,GBP,1,3.04
205-7168069-0265116,0G-JB6S-PN34,GBP,1,2.74
205-7173481-1898757,6V-EEC1-2S9Z,GBP,1,2.25
205-7184527-6078753,R4-0AXZ-ZZ9D,GBP,1,4.85
205-7197698-8681116,NN-TSZ1-X2RD,GBP,1,3.49
205-7216772-6130725,A2-T2AC-TW3L,GBP,1,4.51
205-7228603-7075563,6V-EEC1-2S9Z,GBP,1,2.25
205-7244367-3352343,H4-86XG-NLX6,GBP,1,3.25
205-7254832-7786758,EV-CHU5-XU3G,GBP,1,2.73
205-7271576-8922735,Z3-ORV9-K8XD,GBP,1,6.56
205-7283282-3450704,A2-T2AC-TW3L,GBP,1,4.51
205-7301099-0563539,Z7-26PV-O9LR,GBP,1,4.44
205-7304286-1218753,6V-EEC1-2S9Z,GBP,1,2.25
205-7311559-6205913,6V-EEC1-2S9Z,GBP,1,2.25
205-7316427-6395563,WX-L5UA-UB1Q,GBP,1,1.72
205-7329405-3085103,EV-CHU5-XU3G,GBP,1,2.73
205-7345689-0696366,6V-EEC1-2S9Z,GBP,1,2.25
205-7351037-4181139,NN-TSZ1-X2RD,GBP,1,3.79
205-7364739-7044342,6V-EEC1-2S9Z,GBP,1,2.25
205-7370044-8891566,6V-EEC1-2S9Z,GBP,1,2.25
205-7371001-6228344,A2-T2AC-TW3L,GBP,1,4.51
205-7376628-5770760,A2-T2AC-TW3L,GBP,1,4.51
205-7382454-5641917,4F-HT42-FD26,GBP,1,3.33
205-7386085-3179513,NN-TSZ1-X2RD,GBP,1,3.79
205-7397112-1932317,WX-L5UA-UB1Q,GBP,1,1.72
205-7404512-2009930,WX-L5UA-UB1Q,GBP,1,1.72
205-7411412-2434760,WX-L5UA-UB1Q,GBP,1,1.72
205-7425065-8145913,XH-0LAE-FQO5,GBP,1,2.9
205-7428289-1461158,6V-EEC1-2S9Z,GBP,1,2.25
205-7428408-7308364,0H-5V53-GPG4,GBP,1,4.85
205-7429081-3997150,EV-CHU5-XU3G,GBP,1,2.73
205-7431576-5372339,6V-EEC1-2S9Z,GBP,1,2.25
205-7440189-2886724,D7-MGBX-RX2P,GBP,1,2.73
205-7444199-7387521,6V-EEC1-2S9Z,GBP,1,2.25
205-7445313-5564349,A2-T2AC-TW3L,GBP,1,4.29
205-7450453-3786764,WX-L5UA-UB1Q,GBP,1,1.72
205-7457805-7269103,6V-EEC1-2S9Z,GBP,1,2.25
205-7466197-9785101,L3-ZQ8U-A7LQ,GBP,3,11.100000000000001
205-7467292-1101100,A2-T2AC-TW3L,GBP,1,4.51
205-7483966-8157143,EV-CHU5-XU3G,GBP,1,2.73
205-7500310-4675501,A2-T2AC-TW3L,GBP,1,4.51
205-7507700-2016343,6V-EEC1-2S9Z,GBP,1,2.25
205-7510157-3296344,T8-6UWL-I3E1,GBP,1,1.48
205-7511986-6620369,6V-EEC1-2S9Z,GBP,1,2.25
205-7520557-6664334,TU-8I14-25ZR,GBP,1,12.67
205-7529224-4998745,6V-EEC1-2S9Z,GBP,1,2.25
205-7535307-5023527,TU-8I14-25ZR,GBP,1,12.67
205-7542009-1290736,D7-MGBX-RX2P,GBP,1,2.43
205-7553227-0145917,F7-PMJ2-SG6A,GBP,6,16.200000000000003
205-7604533-1554742,XH-0LAE-FQO5,GBP,1,2.9
205-7606022-4093953,6V-EEC1-2S9Z,GBP,1,2.25
205-7627587-1629916,WX-L5UA-UB1Q,GBP,1,1.72
205-7631824-0945160,SU-5LQH-2DVN,GBP,1,2.19
205-7632034-6177135,6V-EEC1-2S9Z,GBP,1,2.25
205-7642449-1489917,XH-0LAE-FQO5,GBP,1,2.9
205-7643303-3324362,6V-EEC1-2S9Z,GBP,1,2.25
205-7651046-8065944,R7-98IN-2PW8,GBP,1,2.5
205-7660023-4647555,LV-425G-BY4X,GBP,1,16.38
205-7660883-7449122,NN-TSZ1-X2RD,GBP,1,3.49
205-7685156-2606714,6V-EEC1-2S9Z,GBP,1,2.25
205-7686781-5964336,A2-T2AC-TW3L,GBP,1,4.51
205-7692392-3489916,VF-3T0K-DR5O,GBP,1,2.05
205-7693262-9129114,6V-EEC1-2S9Z,GBP,2,4.5
205-7700262-9143501,6V-EEC1-2S9Z,GBP,1,2.25
205-7712272-8839553,VL-48KZ-J3F2,GBP,1,1.06
205-7712492-4912310,WX-L5UA-UB1Q,GBP,1,1.72
205-7719933-7589921,WX-L5UA-UB1Q,GBP,1,1.72
205-7724552-0688301,Z7-26PV-O9LR,GBP,1,4.44
205-7726833-0377148,8M-NHB7-T8TR,GBP,1,15.26
205-7738014-3733947,A2-T2AC-TW3L,GBP,1,4.51
205-7762209-5024319,VF-3T0K-DR5O,GBP,1,2.05
205-7794622-6161942,AF-KIHX-ANYY,GBP,1,0.84
205-7795152-3880367,TU-8I14-25ZR,GBP,1,12.67
205-7811402-0342769,6V-EEC1-2S9Z,GBP,1,2.25
205-7812356-4383516,6V-EEC1-2S9Z,GBP,1,2.25
205-7815123-1450765,6V-EEC1-2S9Z,GBP,1,2.25
205-7844252-5813100,VU-8KRA-QP5M,GBP,1,4.32
205-7848144-2638734,VU-8KRA-QP5M,GBP,1,4.32
205-7864809-8329960,WX-L5UA-UB1Q,GBP,1,1.72
205-7866302-0538761,EV-CHU5-XU3G,GBP,1,2.73
205-7868148-8283565,7L-OT45-7LYB,GBP,1,1.16
205-7874915-0848364,DC-K5WH-R7F5,GBP,1,0.68
205-7880333-9178764,0G-JB6S-PN34,GBP,1,2.74
205-7888163-0990724,D7-MGBX-RX2P,GBP,4,9.72
205-7892508-7459555,LF-X542-9TDZ,GBP,1,7.74
205-7895220-3805953,EV-CHU5-XU3G,GBP,1,2.73
205-7903258-1732332,VF-3T0K-DR5O,GBP,1,2.05
205-7906649-0353117,4F-HT42-FD26,GBP,1,3.33
205-7930875-9420322,DC-K5WH-R7F5,GBP,1,0.68
205-7935829-1621107,6V-EEC1-2S9Z,GBP,1,2.25
205-7936364-4107544,XH-0LAE-FQO5,GBP,1,2.9
205-7948237-9104331,Z7-26PV-O9LR,GBP,1,4.2
205-7954459-4545928,4F-HT42-FD26,GBP,1,3.33
205-7963368-1332306,EV-CHU5-XU3G,GBP,1,2.73
205-7976551-1560349,TK-E7QE-T40G,GBP,1,3.8
205-8008303-5627517,XH-0LAE-FQO5,GBP,1,2.9
205-8031803-1709909,6V-EEC1-2S9Z,GBP,1,2.25
205-8038912-4906711,VF-3T0K-DR5O,GBP,1,2.05
205-8041815-9385930,F7-PMJ2-SG6A,GBP,1,2.7
205-8043954-2145150,AX-NKNU-29C1,GBP,1,0.61
205-8062919-5756332,WX-L5UA-UB1Q,GBP,1,1.72
205-8068924-5332316,NN-TSZ1-X2RD,GBP,1,3.79
205-8087520-4775563,NN-TSZ1-X2RD,GBP,1,3.79
205-8092320-1315503,6V-EEC1-2S9Z,GBP,1,2.25
205-8106137-9761936,Z7-26PV-O9LR,GBP,2,8.88
205-8132878-8016339,6V-EEC1-2S9Z,GBP,1,2.25
205-8135748-6335528,NN-TSZ1-X2RD,GBP,1,3.79
205-8135932-6664325,NN-TSZ1-X2RD,GBP,1,3.99
205-8138019-5913167,6V-EEC1-2S9Z,GBP,1,2.25
205-8139228-6771514,49-4UKW-G81R,GBP,1,3.04
205-8146302-7957153,Z7-26PV-O9LR,GBP,1,4.44
205-8154615-4695544,6V-EEC1-2S9Z,GBP,1,2.25
205-8156006-4613134,Z3-ORV9-K8XD,GBP,1,6.56
205-8161934-2053954,WX-L5UA-UB1Q,GBP,1,1.72
205-8171026-6731549,WX-L5UA-UB1Q,GBP,1,1.72
205-8184394-8473956,Z7-26PV-O9LR,GBP,4,17.76
205-8198672-6533932,DC-K5WH-R7F5,GBP,1,0.68
205-8215857-8955513,49-4UKW-G81R,GBP,1,3.04
205-8218247-0778759,VF-3T0K-DR5O,GBP,1,2.05
205-8227127-9767504,A2-T2AC-TW3L,GBP,1,4.51
205-8227279-9796301,F7-PMJ2-SG6A,GBP,5,13.5
205-8228511-7039513,XE-YPAI-HX9F,GBP,1,4.58
205-8240814-5077146,6V-EEC1-2S9Z,GBP,1,2.25
205-8254804-9170743,6V-EEC1-2S9Z,GBP,1,2.25
205-8257468-3658721,8R-E0Y9-0LAU,GBP,1,38.1
205-8269798-1577923,L3-ZQ8U-A7LQ,GBP,1,3.7
205-8274501-3415531,WX-L5UA-UB1Q,GBP,1,1.72
205-8281612-8374729,SU-5LQH-2DVN,GBP,1,2.19
205-8287438-8832353,TU-8I14-25ZR,GBP,1,12.67
205-8293332-2358704,VF-3T0K-DR5O,GBP,1,2.05
205-8294868-4029967,A2-T2AC-TW3L,GBP,1,4.51
205-8310543-1830734,6V-EEC1-2S9Z,GBP,1,2.25
205-8321802-4466719,6V-EEC1-2S9Z,GBP,1,2.25
205-8360598-0382711,A2-T2AC-TW3L,GBP,3,13.53
205-8364437-2063561,WX-L5UA-UB1Q,GBP,1,1.72
205-8367409-0133114,6V-EEC1-2S9Z,GBP,1,2.25
205-8381844-3221115,VF-3T0K-DR5O,GBP,1,2.05
205-8388216-6701104,XH-0LAE-FQO5,GBP,1,2.9
205-8390220-0469104,D7-MGBX-RX2P,GBP,4,9.72
205-8409244-8158730,6V-EEC1-2S9Z,GBP,1,2.25
205-8411371-1014705,WX-L5UA-UB1Q,GBP,1,1.72
205-8415611-4862728,WX-L5UA-UB1Q,GBP,1,1.72
205-8416877-5773153,L1-54EX-56YC,GBP,1,5.35
205-8433625-0009160,DC-K5WH-R7F5,GBP,2,1.36
205-8453660-3159526,VF-3T0K-DR5O,GBP,1,2.05
205-8465086-7197923,WX-L5UA-UB1Q,GBP,1,1.72
205-8467788-2699557,A2-T2AC-TW3L,GBP,1,4.51
205-8475936-5742726,NN-TSZ1-X2RD,GBP,1,3.79
205-8478635-1445919,Z7-26PV-O9LR,GBP,1,4.44
205-8486802-7255544,D2-8SPY-Q095,GBP,1,2.42
205-8498219-4578717,A2-T2AC-TW3L,GBP,1,4.51
205-8503981-1059569,H4-86XG-NLX6,GBP,1,3.25
205-8531232-9067555,6V-EEC1-2S9Z,GBP,3,6.75
205-8561587-6558707,6V-EEC1-2S9Z,GBP,1,2.25
205-8571604-6072338,WX-L5UA-UB1Q,GBP,1,1.72
205-8574322-9764308,6V-EEC1-2S9Z,GBP,2,4.5
205-8574322-9764308,SU-5LQH-2DVN,GBP,2,4.38
205-8588951-5609956,Z3-ORV9-K8XD,GBP,1,6.56
205-8627869-1337930,R7-98IN-2PW8,GBP,1,2.5
205-8637936-8277135,A2-T2AC-TW3L,GBP,2,9.02
205-8644780-5133119,XH-0LAE-FQO5,GBP,1,2.9
205-8651776-0790767,714776,GBP,1,1.21
205-8674658-1375536,A2-T2AC-TW3L,GBP,1,4.51
205-8680118-4337143,7H-7G2P-ONWJ,GBP,1,0.88
205-8688078-0818736,6V-EEC1-2S9Z,GBP,1,2.25
205-8688659-0948361,LV-425G-BY4X,GBP,1,16.38
205-8691421-7559550,A2-T2AC-TW3L,GBP,1,4.51
205-8739249-1895544,NN-TSZ1-X2RD,GBP,1,3.99
205-8740593-9628352,DC-K5WH-R7F5,GBP,1,0.68
205-8747454-9945916,F7-PMJ2-SG6A,GBP,1,2.7
205-8751349-6636320,EE-KTDC-KCFY,GBP,1,3.46
205-8753541-9082728,SR-6OBB-WC03,GBP,3,8.58
205-8759978-4141150,DC-K5WH-R7F5,GBP,2,1.36
205-8793145-1828344,RI-VSUS-0YTD,GBP,1,1.65
205-8793156-3968314,Z3-ORV9-K8XD,GBP,1,6.56
205-8801936-9730754,GK-YI4S-C158,GBP,1,2.58
205-8828229-6746762,WX-L5UA-UB1Q,GBP,1,1.72
205-8828851-6260347,DC-K5WH-R7F5,GBP,1,0.68
205-8831201-8719540,L1-54EX-56YC,GBP,1,5.35
205-8836515-3293958,6V-EEC1-2S9Z,GBP,1,2.25
205-8837756-5730767,WX-L5UA-UB1Q,GBP,1,1.72
205-8838429-0709123,XH-0LAE-FQO5,GBP,1,2.9
205-8841389-3019504,XH-0LAE-FQO5,GBP,1,2.9
205-8844546-3979524,A2-T2AC-TW3L,GBP,1,4.51
205-8849150-5965912,JV-D1TI-6UF6,GBP,1,3.6
205-8867423-2615509,L3-ZQ8U-A7LQ,GBP,5,18.5
205-8894858-7611527,EV-CHU5-XU3G,GBP,1,2.73
205-8913874-7731540,6V-EEC1-2S9Z,GBP,1,2.25
205-8921333-6637941,YO-EKK2-FRCC,GBP,1,3.28
205-8921430-4259534,6V-EEC1-2S9Z,GBP,1,2.25
205-8939601-4519542,NX-0Q7A-XR6H,GBP,1,2.74
205-8946679-0533913,6V-EEC1-2S9Z,GBP,1,2.25
205-8946890-2061935,VF-3T0K-DR5O,GBP,1,2.05
205-8947184-9018715,A2-T2AC-TW3L,GBP,1,4.51
205-8948318-7437945,9X-7TBD-NA16,GBP,1,1.99
205-8953039-0725919,8L-INBX-OUTU,GBP,1,2.49
205-8956078-0889961,A2-T2AC-TW3L,GBP,1,4.51
205-8965405-3157957,JV-D1TI-6UF6,GBP,1,3.6
205-8978520-5162766,DC-K5WH-R7F5,GBP,1,0.68
205-8986897-1306746,Z3-ORV9-K8XD,GBP,1,6.56
205-8995095-3419501,VU-8KRA-QP5M,GBP,1,4.32
205-9000908-7009932,6V-EEC1-2S9Z,GBP,1,2.25
205-9002813-6902703,A2-T2AC-TW3L,GBP,1,4.51
205-9007194-7276361,Z7-26PV-O9LR,GBP,1,4.44
205-9010098-8388355,WX-L5UA-UB1Q,GBP,1,1.72
205-9034003-1624336,VO-A6AR-18YS,GBP,1,1.97
205-9043032-6440313,6V-EEC1-2S9Z,GBP,1,2.25
205-9049267-6510751,WX-L5UA-UB1Q,GBP,1,1.72
205-9058875-2877140,WX-L5UA-UB1Q,GBP,1,1.72
205-9062693-1369167,WX-L5UA-UB1Q,GBP,1,1.72
205-9075895-7683520,6V-EEC1-2S9Z,GBP,1,2.25
205-9102203-9287527,WX-L5UA-UB1Q,GBP,1,1.72
205-9108240-2880315,6V-EEC1-2S9Z,GBP,1,2.25
205-9109019-8596349,VF-3T0K-DR5O,GBP,1,2.05
205-9111859-6374762,A2-T2AC-TW3L,GBP,1,4.51
205-9114493-4519558,R7-98IN-2PW8,GBP,1,2.5
205-9117039-6242767,3T-6QPR-E2MV,GBP,1,4.65
205-9120263-0717947,TE-Y18U-S2O1,GBP,1,4.16
205-9122037-8149924,VF-3T0K-DR5O,GBP,1,2.05
205-9149957-6901135,6V-EEC1-2S9Z,GBP,1,2.25
205-9150877-6757105,VF-3T0K-DR5O,GBP,3,6.1499999999999995
205-9154095-1201907,5M-QO6K-LNH0,GBP,1,2.36
205-9155966-6295551,6V-EEC1-2S9Z,GBP,1,2.25
205-9159975-6837104,A2-T2AC-TW3L,GBP,1,4.51
205-9164449-8425965,MW-9K5M-VKW8,GBP,1,13.65
205-9169838-1327501,X7-MY4W-H2I4,GBP,1,2.28
205-9191761-1528304,AF-KIHX-ANYY,GBP,1,0.84
205-9194123-0197135,6V-EEC1-2S9Z,GBP,1,2.25
205-9229671-6702750,WX-L5UA-UB1Q,GBP,1,1.72
205-9230258-7231512,VF-3T0K-DR5O,GBP,1,2.05
205-9232809-3017946,N7-A24N-WJA7,GBP,1,3.01
205-9245928-1374727,WX-L5UA-UB1Q,GBP,1,1.72
205-9255257-8373114,NN-TSZ1-X2RD,GBP,1,3.79
205-9276910-6792359,4F-HT42-FD26,GBP,1,3.33
205-9278642-7174758,MW-9K5M-VKW8,GBP,1,13.65
205-9291722-8729958,A2-T2AC-TW3L,GBP,1,4.51
205-9291740-5093116,A2-T2AC-TW3L,GBP,1,4.51
205-9304806-5121905,6V-EEC1-2S9Z,GBP,1,2.25
205-9310328-0502764,A2-T2AC-TW3L,GBP,1,4.51
205-9314493-4535513,A2-T2AC-TW3L,GBP,1,4.51
205-9329348-6074736,6V-EEC1-2S9Z,GBP,1,2.25
205-9336521-3485101,2L-M26G-560I,GBP,1,13.52
205-9342068-4101905,VF-3T0K-DR5O,GBP,1,2.05
205-9372850-4368346,T8-6UWL-I3E1,GBP,1,1.48
205-9404747-2003551,R7-98IN-2PW8,GBP,1,2.5
205-9406211-3877131,6V-EEC1-2S9Z,GBP,1,2.1
205-9407977-2090728,NN-TSZ1-X2RD,GBP,1,3.99
205-9424638-8259532,T8-6UWL-I3E1,GBP,1,1.48
205-9432603-3109168,6V-EEC1-2S9Z,GBP,1,2.25
205-9438141-0415520,A2-T2AC-TW3L,GBP,1,4.51
205-9450309-3867548,A2-T2AC-TW3L,GBP,1,4.51
205-9450739-4551566,NN-TSZ1-X2RD,GBP,1,3.99
205-9457891-5002718,8M-LM6B-F2Q5,GBP,1,1.7
205-9472158-3005136,6V-EEC1-2S9Z,GBP,1,2.25
205-9482291-2987559,DC-K5WH-R7F5,GBP,1,0.68
205-9511920-2111539,MW-9K5M-VKW8,GBP,1,13.65
205-9518081-9549159,6V-EEC1-2S9Z,GBP,1,2.25
205-9525426-3183526,6V-EEC1-2S9Z,GBP,1,2.25
205-9527526-6449900,6V-EEC1-2S9Z,GBP,1,2.25
205-9540629-8065917,6V-EEC1-2S9Z,GBP,1,2.25
205-9567946-0352360,6V-EEC1-2S9Z,GBP,1,2.25
205-9585101-8245148,NN-TSZ1-X2RD,GBP,1,3.49
205-9591143-0085143,6V-EEC1-2S9Z,GBP,1,2.25
205-9596225-6277954,TU-8I14-25ZR,GBP,1,12.67
205-9601009-9285103,A2-T2AC-TW3L,GBP,1,4.51
205-9603338-5845159,RZ-6ZL9-CZ7J,GBP,1,2.42
205-9603420-7976332,6V-EEC1-2S9Z,GBP,1,2.25
205-9615088-5953906,0H-5V53-GPG4,GBP,1,4.85
205-9615620-5082704,6V-EEC1-2S9Z,GBP,1,2.25
205-9639891-2701904,TU-8I14-25ZR,GBP,1,12.67
205-9653587-4041107,Z3-ORV9-K8XD,GBP,1,6.56
205-9658159-4177914,WX-L5UA-UB1Q,GBP,1,1.72
205-9661064-2247544,6V-EEC1-2S9Z,GBP,1,2.25
205-9675346-0620346,WX-L5UA-UB1Q,GBP,1,1.72
205-9675497-8007540,WX-L5UA-UB1Q,GBP,1,1.72
205-9679792-5814714,BQ-O3OI-FTJU,GBP,1,6.5
205-9681095-4637136,Z7-26PV-O9LR,GBP,1,4.44
205-9693230-0300313,TU-8I14-25ZR,GBP,1,12.67
205-9705124-8262721,6V-EEC1-2S9Z,GBP,1,2.25
205-9707006-3429943,DV-USYD-8WR2,GBP,1,20.51
205-9711398-9002724,F7-PMJ2-SG6A,GBP,1,2.7
205-9715265-6600353,WX-L5UA-UB1Q,GBP,1,1.72
205-9723391-2941100,MW-9K5M-VKW8,GBP,1,13.65
205-9726199-3065926,NN-TSZ1-X2RD,GBP,1,3.99
205-9727501-3174752,WX-L5UA-UB1Q,GBP,1,1.72
205-9728151-0682720,DC-K5WH-R7F5,GBP,1,0.68
205-9739195-8930746,WX-L5UA-UB1Q,GBP,1,1.72
205-9747883-7502720,NN-TSZ1-X2RD,GBP,1,3.79
205-9757775-0488339,A2-T2AC-TW3L,GBP,1,4.51
205-9762598-4826753,6V-EEC1-2S9Z,GBP,1,2.25
205-9765439-0745140,VF-3T0K-DR5O,GBP,1,2.05
205-9770441-4138751,WX-L5UA-UB1Q,GBP,1,1.72
205-9783796-9705925,DC-K5WH-R7F5,GBP,1,0.68
205-9804324-8029946,EV-CHU5-XU3G,GBP,1,2.73
205-9819614-1047527,NN-TSZ1-X2RD,GBP,1,3.79
205-9829288-7604331,NN-TSZ1-X2RD,GBP,1,3.99
205-9835245-8659515,SU-5LQH-2DVN,GBP,1,2.19
205-9840088-4977125,BB-ZT14-1QQA,GBP,1,3.19
205-9842741-5448310,A2-T2AC-TW3L,GBP,1,4.51
205-9843636-5620362,6V-EEC1-2S9Z,GBP,1,2.25
205-9858689-1657163,6V-EEC1-2S9Z,GBP,1,2.25
205-9864610-0384368,MW-9K5M-VKW8,GBP,1,13.65
205-9865134-6466727,XH-0LAE-FQO5,GBP,1,2.9
205-9873767-6297921,WX-L5UA-UB1Q,GBP,1,1.72
205-9886747-1545901,Z7-26PV-O9LR,GBP,1,4.44
205-9890121-2506710,DC-K5WH-R7F5,GBP,1,0.68
205-9900329-9619536,XE-YPAI-HX9F,GBP,2,9.4
205-9911069-0709963,MW-9K5M-VKW8,GBP,1,13.65
205-9947412-8613134,WX-L5UA-UB1Q,GBP,1,1.72
205-9953143-2785900,VF-3T0K-DR5O,GBP,1,2.05
205-9958178-4245935,WX-L5UA-UB1Q,GBP,1,1.72
205-9979731-9513929,EV-CHU5-XU3G,GBP,1,2.73
205-9993541-4183546,Z3-ORV9-K8XD,GBP,1,6.56
205-9999855-8433958,A2-T2AC-TW3L,GBP,1,4.51
206-0001654-8808316,TU-8I14-25ZR,GBP,1,12.67
206-0014896-9189948,6V-EEC1-2S9Z,GBP,1,2.25
206-0016227-2537963,6V-EEC1-2S9Z,GBP,1,2.25
206-0019427-4317138,I2-6YKQ-CIBP,GBP,1,3.96
206-0019517-6164320,A2-T2AC-TW3L,GBP,1,4.51
206-0029730-8221116,6P-IWYA-X18B,GBP,1,4.31
206-0030846-7429913,JB-RGB6-LZOJ,GBP,1,2.47
206-0031932-1598755,DC-K5WH-R7F5,GBP,1,0.68
206-0032685-7381948,SR-6OBB-WC03,GBP,1,2.86
206-0039341-5201956,EV-CHU5-XU3G,GBP,1,2.73
206-0041348-0841903,VF-3T0K-DR5O,GBP,2,4.1
206-0041958-1710723,F7-PMJ2-SG6A,GBP,1,2.7
206-0046104-0141943,EV-CHU5-XU3G,GBP,1,2.73
206-0057566-2001109,VF-3T0K-DR5O,GBP,1,2.05
206-0064752-6989119,DC-K5WH-R7F5,GBP,1,0.68
206-0080341-1449975,NN-TSZ1-X2RD,GBP,2,7.58
206-0083835-4809173,6V-EEC1-2S9Z,GBP,1,2.25
206-0098765-3010721,VF-3T0K-DR5O,GBP,1,2.05
206-0099097-3935538,NN-TSZ1-X2RD,GBP,1,3.79
206-0112257-3660352,6V-EEC1-2S9Z,GBP,1,2.25
206-0115166-7262732,JV-D1TI-6UF6,GBP,1,3.6
206-0164904-4909121,VF-3T0K-DR5O,GBP,1,2.05
206-0175166-2769174,EE-KTDC-KCFY,GBP,1,3.46
206-0183644-2597120,T8-6UWL-I3E1,GBP,1,1.48
206-0184988-1437960,RZ-6ZL9-CZ7J,GBP,1,2.42
206-0189936-8893901,6V-EEC1-2S9Z,GBP,1,2.25
206-0198555-7013930,L1-54EX-56YC,GBP,1,5.35
206-0200270-5013161,MW-9K5M-VKW8,GBP,1,13.65
206-0213171-4181916,6V-EEC1-2S9Z,GBP,1,2.25
206-0215957-9305144,WX-L5UA-UB1Q,GBP,2,3.44
206-0217355-7789976,6V-EEC1-2S9Z,GBP,1,2.25
206-0226404-2121928,4F-HT42-FD26,GBP,1,3.33
206-0241010-3644358,A2-T2AC-TW3L,GBP,1,4.51
206-0248753-3289160,XH-0LAE-FQO5,GBP,2,5.8
206-0261228-0013102,VL-48KZ-J3F2,GBP,1,1.06
206-0262083-2262731,6V-EEC1-2S9Z,GBP,1,2.25
206-0294144-1505138,XH-0LAE-FQO5,GBP,1,2.9
206-0301601-8035564,Z7-26PV-O9LR,GBP,1,4.2
206-0316494-9269117,AX-NKNU-29C1,GBP,2,1.22
206-0316831-3932339,6V-EEC1-2S9Z,GBP,3,6.75
206-0328574-3991555,MW-9K5M-VKW8,GBP,1,13.65
206-0348527-8836345,6V-EEC1-2S9Z,GBP,1,2.25
206-0352894-1685929,6V-EEC1-2S9Z,GBP,1,2.25
206-0360090-5969940,DC-K5WH-R7F5,GBP,1,0.63
206-0361362-5625921,6V-EEC1-2S9Z,GBP,1,2.25
206-0371885-9741914,DC-K5WH-R7F5,GBP,1,0.68
206-0387914-5853126,DC-K5WH-R7F5,GBP,1,0.68
206-0398900-5171523,EE-KTDC-KCFY,GBP,1,3.46
206-0415655-3794700,6V-EEC1-2S9Z,GBP,1,2.25
206-0469126-7025968,L1-54EX-56YC,GBP,1,5.35
206-0474283-8911508,VF-3T0K-DR5O,GBP,1,2.05
206-0497399-2391500,WX-L5UA-UB1Q,GBP,1,1.72
206-0510504-3129921,6V-EEC1-2S9Z,GBP,2,4.5
206-0516324-9404312,MY-KL21-NMV5,GBP,1,18.5
206-0521582-1490762,3X-EXDD-TD2K,GBP,1,20.37
206-0528355-8542700,VF-3T0K-DR5O,GBP,1,2.05
206-0535849-0392353,6V-EEC1-2S9Z,GBP,1,2.25
206-0547829-4393934,Z7-26PV-O9LR,GBP,1,4.44
206-0575608-8969930,EV-CHU5-XU3G,GBP,1,2.73
206-0578413-6657131,6V-EEC1-2S9Z,GBP,1,2.25
206-0602164-9093140,C6-XGZB-J6QA,GBP,13,35.75
206-0606437-9823504,6V-EEC1-2S9Z,GBP,1,2.25
206-0610594-4555531,0H-5V53-GPG4,GBP,1,4.85
206-0619709-8545139,WX-L5UA-UB1Q,GBP,1,1.72
206-0622995-8429966,6V-EEC1-2S9Z,GBP,1,2.25
206-0638872-4382740,6V-EEC1-2S9Z,GBP,1,2.25
206-0643722-4626736,DC-K5WH-R7F5,GBP,1,0.68
206-0647215-7566760,4F-HT42-FD26,GBP,1,3.33
206-0662421-6417110,VL-48KZ-J3F2,GBP,1,1.06
206-0671106-9102738,D0-C7C0-H6LN,GBP,1,2.74
206-0680519-0885920,XH-0LAE-FQO5,GBP,1,2.9
206-0714153-1065157,Z3-ORV9-K8XD,GBP,2,13.12
206-0725537-5850768,TU-8I14-25ZR,GBP,1,12.67
206-0728841-6683505,VF-3T0K-DR5O,GBP,1,2.05
206-0741494-5739559,WX-L5UA-UB1Q,GBP,1,1.72
206-0748241-1710743,JV-D1TI-6UF6,GBP,1,3.6
206-0749635-6659556,NN-TSZ1-X2RD,GBP,1,3.79
206-0785487-5824305,R7-98IN-2PW8,GBP,1,2.5
206-0793616-8898720,F7-PMJ2-SG6A,GBP,1,2.7
206-0819677-4905903,SQ-7QYT-5D5B,GBP,1,1.5
206-0843660-5446769,L3-ZQ8U-A7LQ,GBP,1,3.7
206-0844004-3353139,6V-EEC1-2S9Z,GBP,1,2.25
206-0849948-6821934,TU-8I14-25ZR,GBP,1,12.67
206-0850389-5133934,WX-L5UA-UB1Q,GBP,1,1.72
206-0873718-8558730,6V-EEC1-2S9Z,GBP,1,2.25
206-0895916-0031564,R7-98IN-2PW8,GBP,1,2.5
206-0898298-1990760,A2-T2AC-TW3L,GBP,1,4.51
206-0902601-1914718,6V-EEC1-2S9Z,GBP,1,2.25
206-0902732-6158733,JV-D1TI-6UF6,GBP,1,3.6
206-0904010-2962701,F7-PMJ2-SG6A,GBP,1,2.7
206-0906631-7643548,NN-TSZ1-X2RD,GBP,1,3.99
206-0907186-4651534,VF-3T0K-DR5O,GBP,1,2.05
206-0915845-4433967,DC-K5WH-R7F5,GBP,1,0.68
206-0922385-7707501,WX-L5UA-UB1Q,GBP,1,1.72
206-0922728-1612302,A2-T2AC-TW3L,GBP,1,4.51
206-0925323-0685158,XH-0LAE-FQO5,GBP,1,2.9
206-0926353-9697905,WX-L5UA-UB1Q,GBP,1,1.72
206-0941959-8837936,C6-XGZB-J6QA,GBP,1,2.75
206-0944914-9121968,6V-EEC1-2S9Z,GBP,1,2.25
206-0945447-0327544,ZU-PFDN-JSYV,GBP,1,4.89
206-0948407-8449962,6V-EEC1-2S9Z,GBP,1,2.1
206-0953578-6368332,6V-EEC1-2S9Z,GBP,1,2.25
206-0962206-7137940,WX-L5UA-UB1Q,GBP,1,1.72
206-0967697-2188300,A2-T2AC-TW3L,GBP,1,4.51
206-0978472-3873132,49-4UKW-G81R,GBP,1,3.04
206-0981873-6049144,D7-MGBX-RX2P,GBP,1,2.43
206-0983207-9482763,6V-EEC1-2S9Z,GBP,1,2.25
206-0987631-3674703,WX-L5UA-UB1Q,GBP,1,1.72
206-0993111-1149145,DC-K5WH-R7F5,GBP,1,0.68
206-1002969-4483539,6V-EEC1-2S9Z,GBP,2,4.5
206-1006089-9284310,6V-EEC1-2S9Z,GBP,1,2.25
206-1013390-6821937,6V-EEC1-2S9Z,GBP,1,2.25
206-1014640-1119520,NN-TSZ1-X2RD,GBP,1,3.49
206-1038743-2475514,6V-EEC1-2S9Z,GBP,1,2.25
206-1045720-7908322,6V-EEC1-2S9Z,GBP,3,6.75
206-1077922-5236317,6V-EEC1-2S9Z,GBP,1,2.25
206-1090675-4389922,7L-OT45-7LYB,GBP,1,1.16
206-1090863-0472323,A2-T2AC-TW3L,GBP,2,9.02
206-1105318-3804357,LV-425G-BY4X,GBP,1,16.38
206-1108194-0984302,6V-EEC1-2S9Z,GBP,1,2.25
206-1112346-5312303,R7-98IN-2PW8,GBP,1,2.5
206-1126182-9824305,A2-T2AC-TW3L,GBP,1,4.51
206-1128563-8812342,A2-T2AC-TW3L,GBP,1,4.51
206-1129646-8979558,SU-JM8R-2U82,GBP,1,6.95
206-1133067-7449123,WX-L5UA-UB1Q,GBP,1,1.72
206-1137064-8384315,6V-EEC1-2S9Z,GBP,1,2.25
206-1160280-1828351,7L-OT45-7LYB,GBP,1,1.16
206-1166572-3943562,6P-IWYA-X18B,GBP,1,4.31
206-1170670-6490739,TU-8I14-25ZR,GBP,1,12.67
206-1181603-7648300,XH-0LAE-FQO5,GBP,1,2.9
206-1182829-2667568,6V-EEC1-2S9Z,GBP,1,2.25
206-1183304-2795564,GH-PONH-K4WQ,GBP,1,3.78
206-1186502-1559537,Z3-ORV9-K8XD,GBP,1,6.56
206-1199321-6687530,6V-EEC1-2S9Z,GBP,1,2.25
206-1203295-8076319,DC-K5WH-R7F5,GBP,1,0.68
206-1203835-6345913,EV-CHU5-XU3G,GBP,1,2.73
206-1212764-4592310,6V-EEC1-2S9Z,GBP,1,2.25
206-1212987-6031541,0G-JB6S-PN34,GBP,1,2.74
206-1220448-0436324,MW-9K5M-VKW8,GBP,1,13.65
206-1221338-9073135,0G-JB6S-PN34,GBP,1,2.74
206-1230263-8708355,EV-CHU5-XU3G,GBP,1,2.73
206-1264076-4775547,IB-U5FA-BO2Y,GBP,1,20.71
206-1264273-5419551,Z3-ORV9-K8XD,GBP,1,6.56
206-1274095-1914711,RZ-6ZL9-CZ7J,GBP,1,2.42
206-1275167-2349107,6V-EEC1-2S9Z,GBP,1,2.25
206-1282901-0507519,VF-3T0K-DR5O,GBP,2,4.1
206-1284522-7065143,A2-T2AC-TW3L,GBP,2,9.02
206-1293654-2552365,L5-PF3B-WHU4,GBP,1,17.5
206-1312541-7574766,SR-6OBB-WC03,GBP,1,2.86
206-1321875-0233917,DC-K5WH-R7F5,GBP,1,0.68
206-1324875-8599560,NN-TSZ1-X2RD,GBP,2,7.58
206-1329358-9580359,SU-5LQH-2DVN,GBP,1,2.19
206-1329984-9781142,MW-9K5M-VKW8,GBP,1,13.65
206-1358786-1849966,A2-T2AC-TW3L,GBP,1,4.51
206-1366191-7834714,XY-UM2X-TPS3,GBP,1,4.57
206-1385315-2513117,EV-CHU5-XU3G,GBP,1,2.73
206-1387546-7275530,Z7-26PV-O9LR,GBP,1,4.44
206-1409800-6253946,SC-LYFM-ORXK,GBP,1,4.2
206-1425047-5035557,WX-L5UA-UB1Q,GBP,1,1.72
206-1448120-2155505,WX-L5UA-UB1Q,GBP,1,1.72
206-1448621-5725167,D7-MGBX-RX2P,GBP,1,2.43
206-1452967-8868347,6V-EEC1-2S9Z,GBP,1,2.1
206-1460696-8193153,LV-425G-BY4X,GBP,1,16.38
206-1460699-8562767,WX-L5UA-UB1Q,GBP,1,1.72
206-1468099-5553942,6V-EEC1-2S9Z,GBP,1,2.25
206-1495869-8895506,NN-TSZ1-X2RD,GBP,1,3.79
206-1495877-6837927,VL-48KZ-J3F2,GBP,1,1.06
206-1502592-4639529,L1-54EX-56YC,GBP,1,5.35
206-1506993-9893953,6V-EEC1-2S9Z,GBP,1,2.25
206-1515976-1715551,Z7-26PV-O9LR,GBP,2,8.88
206-1521606-6968303,6V-EEC1-2S9Z,GBP,1,2.25
206-1523958-9131511,6V-EEC1-2S9Z,GBP,1,2.25
206-1536785-1997930,VF-3T0K-DR5O,GBP,1,2.05
206-1542726-1630703,Z3-ORV9-K8XD,GBP,1,6.56
206-1572651-1869127,6V-EEC1-2S9Z,GBP,2,4.5
206-1574415-1284368,6V-EEC1-2S9Z,GBP,1,2.25
206-1575793-0233927,6V-EEC1-2S9Z,GBP,1,2.25
206-1583036-1301955,XY-UM2X-TPS3,GBP,1,4.57
206-1589678-9419506,6V-EEC1-2S9Z,GBP,1,2.25
206-1612217-7629926,6V-EEC1-2S9Z,GBP,1,2.25
206-1616611-7428320,DC-K5WH-R7F5,GBP,1,0.68
206-1619234-5632307,F7-PMJ2-SG6A,GBP,1,2.7
206-1622066-6609962,6V-EEC1-2S9Z,GBP,1,2.25
206-1622322-5413910,A2-T2AC-TW3L,GBP,1,4.51
206-1634652-2425167,EV-CHU5-XU3G,GBP,1,2.73
206-1634684-4594703,6V-EEC1-2S9Z,GBP,1,2.25
206-1639129-4897164,XH-0LAE-FQO5,GBP,1,2.9
206-1650167-1953960,LV-425G-BY4X,GBP,1,16.38
206-1661764-2238732,SU-5LQH-2DVN,GBP,1,2.19
206-1661861-9234754,NN-TSZ1-X2RD,GBP,1,3.79
206-1686104-6618703,6V-EEC1-2S9Z,GBP,1,2.25
206-1695019-2935554,WX-L5UA-UB1Q,GBP,1,1.72
206-1730211-0414748,6V-EEC1-2S9Z,GBP,1,2.25
206-1736386-9281917,A2-T2AC-TW3L,GBP,1,4.51
206-1740263-7186714,VF-3T0K-DR5O,GBP,1,2.05
206-1755758-5527541,GK-YI4S-C158,GBP,1,2.58
206-1758602-8182763,A2-T2AC-TW3L,GBP,1,4.51
206-1771358-5649928,IB-U5FA-BO2Y,GBP,1,20.51
206-1772438-3901911,6V-EEC1-2S9Z,GBP,1,2.25
206-1799136-9165949,WX-L5UA-UB1Q,GBP,1,1.72
206-1800918-3948334,Z3-ORV9-K8XD,GBP,1,6.56
206-1817585-4104335,6V-EEC1-2S9Z,GBP,1,2.25
206-1819051-7326760,6V-EEC1-2S9Z,GBP,1,2.25
206-1823992-4435554,NN-TSZ1-X2RD,GBP,1,3.79
206-1830586-7325114,VF-3T0K-DR5O,GBP,1,2.05
206-1841716-0406764,0G-JB6S-PN34,GBP,1,2.74
206-1853467-9486707,4F-HT42-FD26,GBP,1,3.33
206-1859755-8036309,6V-EEC1-2S9Z,GBP,1,2.25
206-1860910-3187557,EE-KTDC-KCFY,GBP,1,3.46
206-1861176-8419518,XH-0LAE-FQO5,GBP,1,2.9
206-1870380-9304355,SC-LYFM-ORXK,GBP,2,8.4
206-1873333-2058768,6V-EEC1-2S9Z,GBP,1,2.25
206-1880650-7959567,6V-EEC1-2S9Z,GBP,1,2.25
206-1892483-8717118,6V-EEC1-2S9Z,GBP,1,2.25
206-1898254-4068355,Z7-26PV-O9LR,GBP,1,4.44
206-1916687-3001163,A2-T2AC-TW3L,GBP,1,4.51
206-1931571-7567559,XE-YPAI-HX9F,GBP,1,4.7
206-1939260-4817113,L3-ZQ8U-A7LQ,GBP,1,3.4
206-1941282-7232319,VU-8KRA-QP5M,GBP,1,4.32
206-1947418-8481130,6V-EEC1-2S9Z,GBP,1,2.25
206-1970516-0041909,LV-425G-BY4X,GBP,1,16.38
206-1974902-5013929,A2-T2AC-TW3L,GBP,1,4.51
206-1984911-6262709,WX-L5UA-UB1Q,GBP,1,1.72
206-1989556-5200321,A2-T2AC-TW3L,GBP,2,9.02
206-1997507-7627518,A2-T2AC-TW3L,GBP,1,4.51
206-2001728-1001934,3X-EXDD-TD2K,GBP,1,20.51
206-2001840-3041123,WX-L5UA-UB1Q,GBP,1,1.72
206-2007878-9166724,6V-EEC1-2S9Z,GBP,2,4.5
206-2019413-9856363,MW-9K5M-VKW8,GBP,1,13.65
206-2026561-6375511,6V-EEC1-2S9Z,GBP,1,2.25
206-2030245-5732304,T8-6UWL-I3E1,GBP,1,1.48
206-2045508-7645901,DC-K5WH-R7F5,GBP,1,0.68
206-2050984-9882761,6V-EEC1-2S9Z,GBP,1,2.25
206-2062010-7293144,6V-EEC1-2S9Z,GBP,1,2.25
206-2073536-0864307,NN-TSZ1-X2RD,GBP,1,3.99
206-2093863-2502707,Z7-26PV-O9LR,GBP,1,4.2
206-2112894-6394705,Z3-ORV9-K8XD,GBP,1,6.56
206-2119688-3540333,6V-EEC1-2S9Z,GBP,1,2.25
206-2120452-2689145,XH-0LAE-FQO5,GBP,1,2.9
206-2131913-0767544,JV-D1TI-6UF6,GBP,1,3.6
206-2140015-2140330,A2-T2AC-TW3L,GBP,1,4.51
206-2146856-8621926,WX-L5UA-UB1Q,GBP,1,1.72
206-2166799-5099512,WX-L5UA-UB1Q,GBP,1,1.72
206-2195771-0664325,49-4UKW-G81R,GBP,1,3.04
206-2201737-5225131,SR-6OBB-WC03,GBP,1,2.86
206-2204755-9320312,F7-PMJ2-SG6A,GBP,1,2.7
206-2209822-0691547,EV-CHU5-XU3G,GBP,2,5.46
206-2228687-2926720,A2-T2AC-TW3L,GBP,1,4.51
206-2241153-7425164,EV-CHU5-XU3G,GBP,1,2.73
206-2248079-1207569,D7-MGBX-RX2P,GBP,2,4.86
206-2255630-6285141,6V-EEC1-2S9Z,GBP,1,2.25
206-2278477-9437165,VL-48KZ-J3F2,GBP,1,1.06
206-2279170-2173927,WX-L5UA-UB1Q,GBP,1,1.72
206-2279710-5701111,DC-K5WH-R7F5,GBP,1,0.68
206-2280858-1993105,BQ-O3OI-FTJU,GBP,1,6.5
206-2283234-7557922,NN-TSZ1-X2RD,GBP,2,7.58
206-2289268-2905913,6V-EEC1-2S9Z,GBP,1,2.25
206-2293414-1543504,6V-EEC1-2S9Z,GBP,1,2.1
206-2296349-8388368,A2-T2AC-TW3L,GBP,1,4.51
206-2301291-1977940,VF-3T0K-DR5O,GBP,1,2.05
206-2312304-9617163,6V-EEC1-2S9Z,GBP,1,2.25
206-2314698-2362734,DC-K5WH-R7F5,GBP,1,0.68
206-2316233-9218730,WX-L5UA-UB1Q,GBP,1,1.72
206-2318740-6524337,A2-T2AC-TW3L,GBP,1,4.51
206-2326201-0488337,6V-EEC1-2S9Z,GBP,1,2.25
206-2328433-6417153,XG-Z9LW-Z27Q,GBP,1,1.89
206-2341863-0972369,6V-EEC1-2S9Z,GBP,1,2.25
206-2343337-8559533,EV-CHU5-XU3G,GBP,1,2.73
206-2346352-9088305,6V-EEC1-2S9Z,GBP,1,2.25
206-2357519-9084330,VF-3T0K-DR5O,GBP,4,8.2
206-2364510-9045148,F7-PMJ2-SG6A,GBP,4,10.8
206-2374689-1604320,XY-UM2X-TPS3,GBP,1,4.57
206-2397496-2308349,XH-0LAE-FQO5,GBP,1,2.9
206-2417759-1401927,R7-98IN-2PW8,GBP,1,2.5
206-2423624-6773907,6V-EEC1-2S9Z,GBP,1,2.25
206-2426852-8972336,6V-EEC1-2S9Z,GBP,1,2.25
206-2436816-8181134,WX-L5UA-UB1Q,GBP,1,1.72
206-2443298-0160339,Z3-ORV9-K8XD,GBP,1,6.56
206-2446711-6689151,WX-L5UA-UB1Q,GBP,1,1.72
206-2460228-1085120,6V-EEC1-2S9Z,GBP,1,2.25
206-2474418-7162743,ZV-RLOD-Q0JI,GBP,1,7.55
206-2474438-2125927,Z3-ORV9-K8XD,GBP,1,6.56
206-2480134-6613952,DC-K5WH-R7F5,GBP,1,0.68
206-2481188-7905112,0Z-Y60V-499R,GBP,1,1.92
206-2488388-0763558,NN-TSZ1-X2RD,GBP,5,18.95
206-2489165-0663568,TU-8I14-25ZR,GBP,1,12.67
206-2501640-0839545,Z3-ORV9-K8XD,GBP,1,6.56
206-2503775-6340314,6V-EEC1-2S9Z,GBP,1,2.25
206-2543493-0544353,A2-T2AC-TW3L,GBP,1,4.51
206-2543935-8829904,DC-K5WH-R7F5,GBP,1,0.68
206-2550422-3229158,A2-T2AC-TW3L,GBP,1,4.51
206-2552155-4299559,A2-T2AC-TW3L,GBP,1,4.51
206-2552865-6549123,EV-CHU5-XU3G,GBP,1,2.73
206-2556407-2390750,6V-EEC1-2S9Z,GBP,2,4.5
206-2558786-8361138,WX-L5UA-UB1Q,GBP,1,1.72
206-2573189-6029115,WX-L5UA-UB1Q,GBP,1,1.72
206-2581159-7762713,6V-EEC1-2S9Z,GBP,1,2.25
206-2619491-0213154,DC-K5WH-R7F5,GBP,2,1.36
206-2629113-7496337,EV-CHU5-XU3G,GBP,1,2.73
206-2663701-3333149,6V-EEC1-2S9Z,GBP,1,2.25
206-2709535-6143507,6V-EEC1-2S9Z,GBP,1,2.25
206-2718583-5605158,6V-EEC1-2S9Z,GBP,1,2.25
206-2739180-0239538,Z7-26PV-O9LR,GBP,1,4.44
206-2749755-1168359,6V-EEC1-2S9Z,GBP,1,2.25
206-2764323-6363500,EV-CHU5-XU3G,GBP,1,2.73
206-2770604-3121143,6V-EEC1-2S9Z,GBP,4,9.0
206-2786113-5422734,VL-48KZ-J3F2,GBP,1,1.06
206-2786649-2850742,XH-0LAE-FQO5,GBP,1,2.9
206-2796113-2526755,A2-T2AC-TW3L,GBP,1,4.51
206-2814599-9897150,6V-EEC1-2S9Z,GBP,1,2.25
206-2833113-6489126,DC-K5WH-R7F5,GBP,1,0.68
206-2834331-9324327,XH-0LAE-FQO5,GBP,1,2.9
206-2836116-5959508,D0-C7C0-H6LN,GBP,1,2.74
206-2842726-9232330,WX-L5UA-UB1Q,GBP,1,1.72
206-2848907-8158710,6V-EEC1-2S9Z,GBP,1,2.25
206-2868903-7333923,WX-L5UA-UB1Q,GBP,1,1.72
206-2872444-2320333,WX-L5UA-UB1Q,GBP,1,1.72
206-2887737-9427564,D7-MGBX-RX2P,GBP,1,2.43
206-2888583-7377111,MW-9K5M-VKW8,GBP,1,13.65
206-2892880-8898723,7L-OT45-7LYB,GBP,1,1.16
206-2894201-4646768,6V-EEC1-2S9Z,GBP,2,4.5
206-2911930-8649943,NN-TSZ1-X2RD,GBP,2,7.58
206-2928761-8719555,XE-YPAI-HX9F,GBP,1,4.79
206-2931723-4137932,VL-48KZ-J3F2,GBP,1,1.06
206-2937068-4576327,WX-L5UA-UB1Q,GBP,1,1.72
206-2965001-6925120,6V-EEC1-2S9Z,GBP,2,4.5
206-2968211-6661168,DC-K5WH-R7F5,GBP,1,0.68
206-2976564-8225950,6V-EEC1-2S9Z,GBP,1,2.25
206-2983249-7862769,WX-L5UA-UB1Q,GBP,1,1.72
206-2983805-3843553,LV-425G-BY4X,GBP,1,16.38
206-2987291-6507500,WX-L5UA-UB1Q,GBP,1,1.72
206-2993149-6072366,A2-T2AC-TW3L,GBP,1,4.51
206-3004554-8201156,6V-EEC1-2S9Z,GBP,1,2.25
206-3005280-0107546,6V-EEC1-2S9Z,GBP,1,2.25
206-3007432-6846744,LV-425G-BY4X,GBP,1,16.38
206-3028001-8094747,6V-EEC1-2S9Z,GBP,3,6.75
206-3045830-8493152,EV-CHU5-XU3G,GBP,1,2.73
206-3079428-0378741,Z7-26PV-O9LR,GBP,1,4.2
206-3090210-4492308,6V-EEC1-2S9Z,GBP,1,2.25
206-3109141-4404318,6V-EEC1-2S9Z,GBP,1,2.25
206-3116325-1451510,WX-L5UA-UB1Q,GBP,1,1.72
206-3121471-7242733,6V-EEC1-2S9Z,GBP,1,2.25
206-3121943-9005144,6V-EEC1-2S9Z,GBP,1,2.25
206-3131659-2973934,6V-EEC1-2S9Z,GBP,1,2.25
206-3138837-6145127,Z3-ORV9-K8XD,GBP,1,6.56
206-3150151-4430740,DC-K5WH-R7F5,GBP,1,0.68
206-3154004-0245121,MW-9K5M-VKW8,GBP,1,13.65
206-3158611-9089920,IJ-V0PQ-4CZ4,GBP,1,1.97
206-3168918-6833936,TU-8I14-25ZR,GBP,1,12.67
206-3169958-6128342,DC-K5WH-R7F5,GBP,1,0.68
206-3196908-7834768,Z3-ORV9-K8XD,GBP,1,6.56
206-3215385-7478728,XH-0LAE-FQO5,GBP,1,2.9
206-3244301-2280319,F7-PMJ2-SG6A,GBP,2,5.4
206-3272268-5041135,WX-L5UA-UB1Q,GBP,1,1.72
206-3281032-5585167,XE-YPAI-HX9F,GBP,1,4.58
206-3289167-2491520,Z3-ORV9-K8XD,GBP,1,6.56
206-3289488-2991510,WX-L5UA-UB1Q,GBP,1,1.72
206-3290746-2805142,6V-EEC1-2S9Z,GBP,1,2.25
206-3294636-7368321,DC-K5WH-R7F5,GBP,1,0.68
206-3300338-2017909,A2-T2AC-TW3L,GBP,1,4.51
206-3310253-1841953,DC-K5WH-R7F5,GBP,1,0.68
206-3311998-4036329,6V-EEC1-2S9Z,GBP,1,2.25
206-3313823-6394718,TU-8I14-25ZR,GBP,1,12.67
206-3321803-7389919,NN-TSZ1-X2RD,GBP,2,7.58
206-3334293-8419544,VF-3T0K-DR5O,GBP,1,2.05
206-3348693-9733955,EV-CHU5-XU3G,GBP,1,2.73
206-3356048-0784336,WX-L5UA-UB1Q,GBP,1,1.72
206-3358371-5761110,6V-EEC1-2S9Z,GBP,1,2.1
206-3361015-3873139,WX-L5UA-UB1Q,GBP,1,1.72
206-3363614-1029928,6V-EEC1-2S9Z,GBP,1,2.25
206-3365703-8226759,6V-EEC1-2S9Z,GBP,1,2.25
206-3387396-7738701,YO-EKK2-FRCC,GBP,1,2.38
206-3393277-6119529,Z7-26PV-O9LR,GBP,1,4.2
206-3413014-9448321,6V-EEC1-2S9Z,GBP,1,2.25
206-3424332-5261955,EV-CHU5-XU3G,GBP,1,2.73
206-3436987-3662732,49-4UKW-G81R,GBP,1,3.04
206-3439037-5206727,VF-3T0K-DR5O,GBP,1,2.05
206-3467232-1421913,XH-0LAE-FQO5,GBP,1,2.9
206-3479974-9319514,0H-5V53-GPG4,GBP,1,4.85
206-3484227-1485132,RB-82FL-T88J,GBP,1,14.5
206-3489727-6744351,WX-L5UA-UB1Q,GBP,1,1.72
206-3509531-8567549,79-CPJ6-DSG6,GBP,1,13.65
206-3528011-9947567,XE-YPAI-HX9F,GBP,1,4.58
206-3545651-8169128,Z7-26PV-O9LR,GBP,1,4.44
206-3554126-0074728,OV-LVEL-DQL6,GBP,1,6.95
206-3571058-7044306,F7-PMJ2-SG6A,GBP,1,2.7
206-3621885-6816316,2G-AYBQ-TUQG,GBP,1,8.27
206-3626042-8837903,WX-L5UA-UB1Q,GBP,3,5.16
206-3635566-7875544,TU-8I14-25ZR,GBP,1,12.67
206-3645355-6792306,AX-NKNU-29C1,GBP,1,0.61
206-3649149-3008308,X7-MY4W-H2I4,GBP,1,2.28
206-3649440-8465969,WX-L5UA-UB1Q,GBP,1,1.72
206-3670746-1569934,GH-PONH-K4WQ,GBP,1,3.78
206-3674600-7828323,TU-8I14-25ZR,GBP,1,12.67
206-3680011-5110739,SU-5LQH-2DVN,GBP,1,2.19
206-3700112-9924366,6V-EEC1-2S9Z,GBP,1,2.25
206-3708947-4777151,XG-Z9LW-Z27Q,GBP,1,1.89
206-3711546-7673105,SU-5LQH-2DVN,GBP,1,2.19
206-3713959-2505926,6V-EEC1-2S9Z,GBP,1,2.25
206-3741757-2890707,WX-L5UA-UB1Q,GBP,1,1.72
206-3757717-7929157,LV-425G-BY4X,GBP,1,16.38
206-3759998-2594739,4F-HT42-FD26,GBP,1,3.33
206-3761335-0640301,6V-EEC1-2S9Z,GBP,1,2.25
206-3762251-0975510,TU-8I14-25ZR,GBP,1,12.67
206-3774575-9036313,XE-YPAI-HX9F,GBP,1,4.58
206-3794350-9833168,GK-YI4S-C158,GBP,1,2.58
206-3796710-0886756,6V-EEC1-2S9Z,GBP,1,2.25
206-3799625-9354765,6V-EEC1-2S9Z,GBP,1,2.25
206-3799970-6264324,WX-L5UA-UB1Q,GBP,1,1.72
206-3807200-5828335,JV-D1TI-6UF6,GBP,1,3.6
206-3835582-9327535,A2-T2AC-TW3L,GBP,1,4.51
206-3859445-9816358,VF-3T0K-DR5O,GBP,2,4.1
206-3873201-6682764,6V-EEC1-2S9Z,GBP,1,2.25
206-3886010-8747556,WX-L5UA-UB1Q,GBP,1,1.72
206-3891005-2032346,6V-EEC1-2S9Z,GBP,1,2.25
206-3897310-0459528,EV-CHU5-XU3G,GBP,1,2.73
206-3915650-6141908,6V-EEC1-2S9Z,GBP,1,2.25
206-3922085-3553112,WX-L5UA-UB1Q,GBP,1,1.72
206-3930634-3321166,VF-3T0K-DR5O,GBP,1,2.05
206-3932036-4103502,WX-L5UA-UB1Q,GBP,1,1.72
206-3934678-0035569,A2-T2AC-TW3L,GBP,1,4.51
206-3936454-3161169,EV-CHU5-XU3G,GBP,1,2.73
206-3960220-8493109,6V-EEC1-2S9Z,GBP,1,2.25
206-3962535-2201968,EV-CHU5-XU3G,GBP,2,5.46
206-3987475-5902701,A2-T2AC-TW3L,GBP,5,22.549999999999997
206-4019512-0600306,XH-0LAE-FQO5,GBP,2,5.8
206-4020698-6985915,XH-0LAE-FQO5,GBP,2,5.8
206-4028467-7955564,MW-9K5M-VKW8,GBP,1,13.65
206-4031006-2797120,VF-3T0K-DR5O,GBP,1,2.05
206-4050254-5692336,A2-T2AC-TW3L,GBP,1,4.51
206-4067502-1604308,N7-A24N-WJA7,GBP,1,3.01
206-4067944-0930704,6V-EEC1-2S9Z,GBP,1,2.25
206-4099154-7593919,WX-L5UA-UB1Q,GBP,1,1.72
206-4123579-6862745,A2-T2AC-TW3L,GBP,1,4.51
206-4123867-2178758,8R-E0Y9-0LAU,GBP,1,34.65
206-4137748-5054763,TU-8I14-25ZR,GBP,1,12.67
206-4143056-4181918,A2-T2AC-TW3L,GBP,1,4.51
206-4143528-7248317,8L-INBX-OUTU,GBP,1,2.49
206-4178523-9391530,DC-K5WH-R7F5,GBP,1,0.68
206-4190676-8317927,WX-L5UA-UB1Q,GBP,1,1.72
206-4207037-9678747,L5-PF3B-WHU4,GBP,1,17.5
206-4211180-5581165,A2-T2AC-TW3L,GBP,1,4.51
206-4235495-3369926,WX-L5UA-UB1Q,GBP,1,1.72
206-4253149-4242713,Z3-ORV9-K8XD,GBP,1,6.56
206-4270734-4546732,6V-EEC1-2S9Z,GBP,1,2.25
206-4271750-5253916,6V-EEC1-2S9Z,GBP,1,2.25
206-4289515-8949116,EV-CHU5-XU3G,GBP,1,2.73
206-4309696-6840327,A2-T2AC-TW3L,GBP,5,22.549999999999997
206-4312339-7341126,WX-L5UA-UB1Q,GBP,1,1.72
206-4329407-3168357,R4-0AXZ-ZZ9D,GBP,1,4.85
206-4332962-6680319,6V-EEC1-2S9Z,GBP,1,2.25
206-4348595-3447531,WX-L5UA-UB1Q,GBP,1,1.72
206-4372876-4006730,6V-EEC1-2S9Z,GBP,1,2.25
206-4387053-4817967,6V-EEC1-2S9Z,GBP,1,2.25
206-4398412-9863537,T8-6UWL-I3E1,GBP,1,1.48
206-4432019-0861926,A2-T2AC-TW3L,GBP,1,4.51
206-4436167-5310762,R7-98IN-2PW8,GBP,1,2.5
206-4441801-7901114,VF-3T0K-DR5O,GBP,1,2.05
206-4458368-9749939,PE-G94Y-4PYO,GBP,1,2.86
206-4459382-0589103,WX-L5UA-UB1Q,GBP,1,1.72
206-4463799-3608319,0G-JB6S-PN34,GBP,1,2.74
206-4465848-8443511,DC-K5WH-R7F5,GBP,1,0.68
206-4475760-8244307,XH-0LAE-FQO5,GBP,1,2.9
206-4489630-0045965,6V-EEC1-2S9Z,GBP,2,4.5
206-4493333-4033120,6V-EEC1-2S9Z,GBP,1,2.25
206-4494311-9513138,XH-0LAE-FQO5,GBP,1,2.9
206-4495253-2835556,6V-EEC1-2S9Z,GBP,1,2.25
206-4507958-7005136,6V-EEC1-2S9Z,GBP,1,2.25
206-4522745-2577163,VL-48KZ-J3F2,GBP,2,2.12
206-4528272-8607527,D7-MGBX-RX2P,GBP,1,2.43
206-4530939-7067545,WX-L5UA-UB1Q,GBP,1,1.72
206-4534084-6085926,XH-0LAE-FQO5,GBP,1,2.9
206-4539094-0703561,F7-PMJ2-SG6A,GBP,1,2.7
206-4550791-2397923,A2-T2AC-TW3L,GBP,1,4.51
206-4556201-2833934,NN-TSZ1-X2RD,GBP,1,3.79
206-4571510-5384327,DC-K5WH-R7F5,GBP,1,0.68
206-4572099-7805969,6V-EEC1-2S9Z,GBP,1,2.25
206-4584136-7576320,A2-T2AC-TW3L,GBP,1,4.51
206-4617449-6702720,6V-EEC1-2S9Z,GBP,1,2.25
206-4622050-3899562,A2-T2AC-TW3L,GBP,1,4.51
206-4646853-8024367,SU-5LQH-2DVN,GBP,1,2.19
206-4659587-8020357,GD-B8SW-1PCP,GBP,3,86.25
206-4662667-5197925,0H-5V53-GPG4,GBP,1,4.85
206-4680734-9603510,DC-K5WH-R7F5,GBP,1,0.68
206-4714023-3897149,XH-0LAE-FQO5,GBP,1,2.9
206-4715692-1882766,WX-L5UA-UB1Q,GBP,1,1.72
206-4716504-3126703,I2-6YKQ-CIBP,GBP,1,3.96
206-4717967-3536334,MW-9K5M-VKW8,GBP,1,13.65
206-4754527-0060360,SR-6OBB-WC03,GBP,1,2.86
206-4758470-9006741,D7-MGBX-RX2P,GBP,1,2.43
206-4765283-5792367,6V-EEC1-2S9Z,GBP,1,2.1
206-4786405-4428306,XH-0LAE-FQO5,GBP,1,2.9
206-4787774-8149107,0G-JB6S-PN34,GBP,1,2.74
206-4788210-3117928,6V-EEC1-2S9Z,GBP,1,2.25
206-4792723-5481947,EV-CHU5-XU3G,GBP,1,2.73
206-4805207-5911508,6V-EEC1-2S9Z,GBP,1,2.25
206-4811460-9656320,Z3-ORV9-K8XD,GBP,1,6.56
206-4811560-2317119,VL-48KZ-J3F2,GBP,1,1.06
206-4816482-0316320,6V-EEC1-2S9Z,GBP,1,2.25
206-4836771-8977907,MW-9K5M-VKW8,GBP,1,13.65
206-4853149-4504331,8M-LM6B-F2Q5,GBP,1,1.57
206-4858638-6934747,Z7-26PV-O9LR,GBP,1,4.44
206-4871137-5668324,XE-YPAI-HX9F,GBP,1,4.7
206-4871459-7483533,DC-K5WH-R7F5,GBP,4,2.72
206-4886263-0021901,6V-EEC1-2S9Z,GBP,1,2.25
206-4897195-0901968,6V-EEC1-2S9Z,GBP,1,2.25
206-4927778-7202710,Z7-26PV-O9LR,GBP,1,4.44
206-4930342-0329924,6V-EEC1-2S9Z,GBP,1,2.25
206-4943745-5412321,A2-T2AC-TW3L,GBP,1,4.51
206-4964206-4397902,N7-A24N-WJA7,GBP,1,3.01
206-4967505-7657936,6V-EEC1-2S9Z,GBP,1,2.25
206-4975297-5715521,A2-T2AC-TW3L,GBP,1,4.51
206-4975347-6550733,DC-K5WH-R7F5,GBP,2,1.36
206-4982455-5618757,6P-IWYA-X18B,GBP,1,4.31
206-4988385-5802728,Z3-ORV9-K8XD,GBP,1,6.56
206-5024190-3667552,6V-EEC1-2S9Z,GBP,1,2.25
206-5039648-1527529,NN-TSZ1-X2RD,GBP,1,3.79
206-5044961-2010745,A2-T2AC-TW3L,GBP,1,4.51
206-5045274-0194738,3B-3H3V-Z93T,GBP,1,1.6
206-5090084-2405910,6V-EEC1-2S9Z,GBP,2,4.5
206-5095451-2059542,Z7-26PV-O9LR,GBP,1,4.44
206-5102817-0095538,RB-82FL-T88J,GBP,1,14.5
206-5112325-5436303,WX-L5UA-UB1Q,GBP,1,1.72
206-5131258-2573967,SQ-7QYT-5D5B,GBP,1,1.5
206-5153596-0317159,Z7-26PV-O9LR,GBP,1,4.44
206-5163393-6547549,EV-CHU5-XU3G,GBP,1,2.73
206-5195790-1393120,6V-EEC1-2S9Z,GBP,1,2.25
206-5201709-7279501,A2-T2AC-TW3L,GBP,1,4.51
206-5208074-0630742,7L-OT45-7LYB,GBP,1,1.16
206-5211458-8573918,VL-48KZ-J3F2,GBP,1,1.06
206-5212756-4137967,MY-KL21-NMV5,GBP,1,18.5
206-5222871-8490707,A2-T2AC-TW3L,GBP,1,4.51
206-5222975-3380365,D2-8SPY-Q095,GBP,1,2.42
206-5234198-6086745,7M-48OU-23X3,GBP,6,45.54
206-5246429-3995547,A2-T2AC-TW3L,GBP,1,4.51
206-5258259-2101911,6V-EEC1-2S9Z,GBP,1,2.25
206-5258640-0340357,A2-T2AC-TW3L,GBP,1,4.51
206-5262143-0326708,L3-ZQ8U-A7LQ,GBP,2,6.8
206-5269607-7055529,XE-YPAI-HX9F,GBP,1,4.79
206-5271185-3039533,6V-EEC1-2S9Z,GBP,1,2.25
206-5279400-7440305,WX-L5UA-UB1Q,GBP,1,1.72
206-5291750-1610728,XH-0LAE-FQO5,GBP,1,2.9
206-5293074-1169121,DC-K5WH-R7F5,GBP,3,2.04
206-5301488-2921933,6V-EEC1-2S9Z,GBP,1,2.25
206-5305539-1016323,XH-0LAE-FQO5,GBP,1,2.9
206-5307550-0385132,F7-PMJ2-SG6A,GBP,1,2.7
206-5312606-4063555,VF-3T0K-DR5O,GBP,1,2.05
206-5317466-7801161,Z7-26PV-O9LR,GBP,1,4.2
206-5325387-9545961,MW-9K5M-VKW8,GBP,1,13.65
206-5349874-1345962,6V-EEC1-2S9Z,GBP,1,2.25
206-5351337-2509948,WX-L5UA-UB1Q,GBP,1,1.72
206-5362215-7976309,SQ-7QYT-5D5B,GBP,1,1.5
206-5382924-4270726,VF-3T0K-DR5O,GBP,2,4.1
206-5390896-4237962,NN-TSZ1-X2RD,GBP,1,3.79
206-5397524-3949935,DC-K5WH-R7F5,GBP,1,0.68
206-5404300-4069919,6V-EEC1-2S9Z,GBP,1,2.25
206-5404530-7899562,WX-L5UA-UB1Q,GBP,1,1.72
206-5409133-0357904,49-4UKW-G81R,GBP,1,3.04
206-5414535-5147525,6V-EEC1-2S9Z,GBP,1,2.25
206-5425350-1566728,MW-9K5M-VKW8,GBP,1,13.65
206-5435095-0566768,A2-T2AC-TW3L,GBP,1,4.51
206-5440980-9911509,R7-98IN-2PW8,GBP,1,2.5
206-5448362-7150713,WX-L5UA-UB1Q,GBP,1,1.72
206-5451726-0865947,6V-EEC1-2S9Z,GBP,1,2.25
206-5452379-4242722,F7-PMJ2-SG6A,GBP,2,5.4
206-5464336-6193967,0H-5V53-GPG4,GBP,1,4.85
206-5477326-5697915,DC-K5WH-R7F5,GBP,1,0.68
206-5480064-7712333,DC-K5WH-R7F5,GBP,1,0.68
206-5483356-4284317,JV-D1TI-6UF6,GBP,2,7.2
206-5493471-6591517,SR-6OBB-WC03,GBP,2,5.72
206-5507274-7600302,Z9-FBUQ-EZN3,GBP,1,2.89
206-5527233-7789102,Z9-FBUQ-EZN3,GBP,1,2.89
206-5549203-3629104,NN-TSZ1-X2RD,GBP,1,3.79
206-5560544-2504313,EV-CHU5-XU3G,GBP,1,2.73
206-5563654-8182737,WX-L5UA-UB1Q,GBP,1,1.72
206-5571643-7268319,XH-0LAE-FQO5,GBP,1,2.9
206-5589314-9670706,GH-PONH-K4WQ,GBP,1,3.78
206-5600412-8153909,AF-KIHX-ANYY,GBP,1,0.84
206-5617492-8026748,WX-L5UA-UB1Q,GBP,1,1.72
206-5629180-2928367,6V-EEC1-2S9Z,GBP,1,2.25
206-5653626-6714732,VF-3T0K-DR5O,GBP,1,2.05
206-5664589-1969140,WX-L5UA-UB1Q,GBP,1,1.72
206-5672636-6973969,6V-EEC1-2S9Z,GBP,1,2.25
206-5679428-2353926,WX-L5UA-UB1Q,GBP,1,1.72
206-5680031-1396347,6V-EEC1-2S9Z,GBP,1,2.25
206-5684696-0349168,Z7-26PV-O9LR,GBP,1,4.2
206-5692090-4066751,XH-0LAE-FQO5,GBP,1,2.9
206-5694070-6724344,6V-EEC1-2S9Z,GBP,1,2.25
206-5702592-9921934,6V-EEC1-2S9Z,GBP,1,2.25
206-5711470-7791561,A2-T2AC-TW3L,GBP,1,4.51
206-5730807-0413158,A2-T2AC-TW3L,GBP,1,4.51
206-5733377-5440345,6P-IWYA-X18B,GBP,1,4.31
206-5746247-8103503,D7-MGBX-RX2P,GBP,1,2.43
206-5753021-7233923,JV-D1TI-6UF6,GBP,1,3.6
206-5760858-1147559,DC-K5WH-R7F5,GBP,1,0.68
206-5768593-0877906,EV-CHU5-XU3G,GBP,1,2.73
206-5772431-0012355,3T-6QPR-E2MV,GBP,1,4.65
206-5779867-4054759,6V-EEC1-2S9Z,GBP,2,4.5
206-5782370-5466744,A2-T2AC-TW3L,GBP,1,4.51
206-5815163-8555550,VF-3T0K-DR5O,GBP,1,2.05
206-5818919-0743514,WX-L5UA-UB1Q,GBP,1,1.72
206-5829371-0351501,DC-K5WH-R7F5,GBP,1,0.68
206-5833765-0433952,A2-T2AC-TW3L,GBP,1,4.51
206-5855426-5544368,3B-3H3V-Z93T,GBP,1,1.6
206-5861603-0416349,WX-L5UA-UB1Q,GBP,1,1.72
206-5898178-3413958,6V-EEC1-2S9Z,GBP,1,2.25
206-5905551-2891561,WX-L5UA-UB1Q,GBP,1,1.72
206-5906222-7312343,6V-EEC1-2S9Z,GBP,1,2.25
206-5916441-0443564,EV-CHU5-XU3G,GBP,1,2.73
206-5931404-8608323,F7-PMJ2-SG6A,GBP,1,2.7
206-5933418-5495537,6V-EEC1-2S9Z,GBP,1,2.25
206-5952092-0577143,A2-T2AC-TW3L,GBP,1,4.51
206-5953483-0880361,WX-L5UA-UB1Q,GBP,1,1.72
206-5962197-6085157,DC-K5WH-R7F5,GBP,1,0.68
206-5973521-4281101,A2-T2AC-TW3L,GBP,1,4.51
206-5985829-3521138,DC-K5WH-R7F5,GBP,1,0.68
206-5995856-8987568,A2-T2AC-TW3L,GBP,1,4.51
206-6029551-2840364,WX-L5UA-UB1Q,GBP,1,1.72
206-6043871-3901909,Z3-ORV9-K8XD,GBP,1,6.56
206-6054187-5231509,6V-EEC1-2S9Z,GBP,1,2.25
206-6059279-0567553,6V-EEC1-2S9Z,GBP,1,2.1
206-6060201-1089157,6V-EEC1-2S9Z,GBP,1,2.25
206-6062385-8381901,RI-VSUS-0YTD,GBP,4,6.6
206-6065831-2737922,F7-PMJ2-SG6A,GBP,1,2.7
206-6073051-7313962,A2-T2AC-TW3L,GBP,1,4.51
206-6089568-0216331,6V-EEC1-2S9Z,GBP,1,2.25
206-6090933-1739537,WX-L5UA-UB1Q,GBP,1,1.72
206-6100190-8601117,WX-L5UA-UB1Q,GBP,1,1.72
206-6102300-4761116,AF-KIHX-ANYY,GBP,1,0.84
206-6107997-9143567,A2-T2AC-TW3L,GBP,1,4.51
206-6131560-9321933,VF-3T0K-DR5O,GBP,1,2.05
206-6132263-6222711,6V-EEC1-2S9Z,GBP,1,2.25
206-6141472-0840350,DC-K5WH-R7F5,GBP,1,0.68
206-6162152-4737925,VF-3T0K-DR5O,GBP,1,2.05
206-6168243-1217114,WX-L5UA-UB1Q,GBP,1,1.72
206-6175631-9484310,XH-0LAE-FQO5,GBP,1,2.9
206-6177276-6888317,6V-EEC1-2S9Z,GBP,1,2.25
206-6194330-2222740,A2-T2AC-TW3L,GBP,1,4.51
206-6196735-8659535,DC-K5WH-R7F5,GBP,1,0.68
206-6205951-0145103,A2-T2AC-TW3L,GBP,1,4.51
206-6209648-7494734,8M-NHB7-T8TR,GBP,1,11.57
206-6210680-9610755,WX-L5UA-UB1Q,GBP,1,1.72
206-6214730-7862728,DC-K5WH-R7F5,GBP,1,0.68
206-6215195-3385940,DC-K5WH-R7F5,GBP,1,0.68
206-6252284-5749105,A2-T2AC-TW3L,GBP,1,4.51
206-6262991-2370751,VF-3T0K-DR5O,GBP,1,2.05
206-6266780-7658704,DC-K5WH-R7F5,GBP,1,0.68
206-6268385-9325920,VF-3T0K-DR5O,GBP,1,2.05
206-6280215-9938705,6V-EEC1-2S9Z,GBP,1,2.25
206-6284029-7006746,SU-5LQH-2DVN,GBP,1,2.19
206-6313297-5631543,A2-T2AC-TW3L,GBP,1,4.51
206-6328637-0029959,L3-ZQ8U-A7LQ,GBP,1,3.4
206-6342589-2334722,XE-YPAI-HX9F,GBP,1,4.58
206-6347484-1665935,6V-EEC1-2S9Z,GBP,1,2.25
206-6351363-4299527,A2-T2AC-TW3L,GBP,1,4.51
206-6356565-6772340,7L-OT45-7LYB,GBP,14,16.24
206-6365662-3756347,6V-EEC1-2S9Z,GBP,1,2.25
206-6373934-4168342,3B-3H3V-Z93T,GBP,1,1.6
206-6375749-3605900,MW-9K5M-VKW8,GBP,1,13.65
206-6376842-1266712,6V-EEC1-2S9Z,GBP,1,2.25
206-6396398-9472301,A2-T2AC-TW3L,GBP,1,4.51
206-6402315-7469106,WX-L5UA-UB1Q,GBP,1,1.72
206-6403975-7341164,ZU-PFDN-JSYV,GBP,1,4.89
206-6406954-5503565,DC-K5WH-R7F5,GBP,1,0.68
206-6422852-8075507,XH-0LAE-FQO5,GBP,1,2.9
206-6444916-0031567,BQ-O3OI-FTJU,GBP,1,6.5
206-6461887-4986720,Z3-ORV9-K8XD,GBP,1,6.56
206-6465020-3298752,NN-TSZ1-X2RD,GBP,1,3.99
206-6478157-5451535,8R-E0Y9-0LAU,GBP,1,34.65
206-6490774-9501109,WX-L5UA-UB1Q,GBP,1,1.72
206-6495575-7264344,7L-OT45-7LYB,GBP,1,1.16
206-6514495-1936315,A2-T2AC-TW3L,GBP,1,4.51
206-6515034-3055561,SR-6OBB-WC03,GBP,1,2.86
206-6516278-5660344,6V-EEC1-2S9Z,GBP,2,4.5
206-6518998-9367519,DC-K5WH-R7F5,GBP,2,1.36
206-6533588-5437154,WX-L5UA-UB1Q,GBP,1,1.72
206-6545440-1216345,6P-IWYA-X18B,GBP,1,4.31
206-6553061-4257946,Z3-ORV9-K8XD,GBP,1,6.56
206-6559292-1721132,6V-EEC1-2S9Z,GBP,1,2.25
206-6560070-4353112,TU-8I14-25ZR,GBP,1,12.67
206-6562908-4629902,Z7-26PV-O9LR,GBP,1,4.44
206-6566460-8985955,6V-EEC1-2S9Z,GBP,1,2.25
206-6577761-7103534,VF-3T0K-DR5O,GBP,1,2.05
206-6581801-5123501,L3-ZQ8U-A7LQ,GBP,1,3.4
206-6586585-4234761,6V-EEC1-2S9Z,GBP,1,2.25
206-6588497-2657934,WX-L5UA-UB1Q,GBP,1,1.72
206-6615093-7635511,N7-A24N-WJA7,GBP,1,3.01
206-6619361-5315549,Z3-ORV9-K8XD,GBP,1,6.56
206-6622451-6514711,VU-8KRA-QP5M,GBP,1,4.32
206-6632739-7323507,NN-TSZ1-X2RD,GBP,1,3.79
206-6639861-7929144,A2-T2AC-TW3L,GBP,1,4.51
206-6643336-5106750,NN-TSZ1-X2RD,GBP,1,3.49
206-6654663-9578711,6V-EEC1-2S9Z,GBP,1,2.25
206-6656139-8117144,6V-EEC1-2S9Z,GBP,1,2.25
206-6663308-5861968,WX-L5UA-UB1Q,GBP,1,1.72
206-6664596-9678747,DC-K5WH-R7F5,GBP,1,0.68
206-6677654-3254729,6V-EEC1-2S9Z,GBP,1,2.25
206-6681524-8913926,WX-L5UA-UB1Q,GBP,1,1.72
206-6704005-6449964,VF-3T0K-DR5O,GBP,1,2.05
206-6705928-3052350,VF-3T0K-DR5O,GBP,1,2.05
206-6727120-7393900,6V-EEC1-2S9Z,GBP,1,2.25
206-6735269-8428343,WX-L5UA-UB1Q,GBP,1,1.72
206-6740980-5162737,AX-NKNU-29C1,GBP,1,0.61
206-6756857-0473909,SU-5LQH-2DVN,GBP,1,2.19
206-6760852-9481906,49-4UKW-G81R,GBP,3,9.120000000000001
206-6765094-3977914,NN-TSZ1-X2RD,GBP,1,3.79
206-6766926-9251559,EV-CHU5-XU3G,GBP,1,2.73
206-6796941-2877954,WX-L5UA-UB1Q,GBP,1,1.72
206-6804370-0425115,DC-K5WH-R7F5,GBP,1,0.68
206-6811990-5794762,6V-EEC1-2S9Z,GBP,1,2.25
206-6820208-5109112,6V-EEC1-2S9Z,GBP,2,4.5
206-6826858-6344368,4F-HT42-FD26,GBP,1,3.33
206-6828405-7621914,A2-T2AC-TW3L,GBP,1,4.51
206-6832890-6520359,EV-CHU5-XU3G,GBP,1,2.73
206-6842383-0181933,DC-K5WH-R7F5,GBP,1,0.68
206-6867721-3969146,6V-EEC1-2S9Z,GBP,1,2.25
206-6877609-3240317,MF-TPXM-F8AF,GBP,1,18.54
206-6883774-2522737,Z9-FBUQ-EZN3,GBP,1,2.89
206-6897518-8836367,6V-EEC1-2S9Z,GBP,1,2.25
206-6913480-7480319,6V-EEC1-2S9Z,GBP,1,2.25
206-6914906-3925966,A2-T2AC-TW3L,GBP,1,4.51
206-6922370-6776309,VF-3T0K-DR5O,GBP,1,2.05
206-6929522-5257955,6V-EEC1-2S9Z,GBP,1,2.25
206-6930748-8259541,NN-TSZ1-X2RD,GBP,1,3.99
206-6933770-8770738,6V-EEC1-2S9Z,GBP,1,2.25
206-6937107-9407531,WX-L5UA-UB1Q,GBP,1,1.72
206-6942999-2067553,A2-T2AC-TW3L,GBP,1,4.51
206-6951189-5890751,MW-9K5M-VKW8,GBP,1,13.65
206-6954912-9145153,6V-EEC1-2S9Z,GBP,1,2.25
206-6960490-4335516,EV-CHU5-XU3G,GBP,1,2.73
206-6963303-7061137,6V-EEC1-2S9Z,GBP,2,4.5
206-6991204-9514717,3X-EXDD-TD2K,GBP,1,20.51
206-6991519-1737124,XH-0LAE-FQO5,GBP,1,2.9
206-6992792-3394733,49-4UKW-G81R,GBP,1,3.04
206-7005376-3891506,TU-8I14-25ZR,GBP,1,12.67
206-7011653-9063560,WX-L5UA-UB1Q,GBP,1,1.72
206-7019208-9973906,6V-EEC1-2S9Z,GBP,1,2.25
206-7020076-3551506,WX-L5UA-UB1Q,GBP,1,1.72
206-7031505-7054731,6V-EEC1-2S9Z,GBP,1,2.25
206-7038678-5172334,WX-L5UA-UB1Q,GBP,1,1.72
206-7046003-6812346,6V-EEC1-2S9Z,GBP,2,4.5
206-7054976-1472300,EV-CHU5-XU3G,GBP,1,2.73
206-7066843-7345957,BQ-O3OI-FTJU,GBP,2,13.0
206-7073072-5845155,AF-KIHX-ANYY,GBP,1,0.84
206-7076553-7674769,6V-EEC1-2S9Z,GBP,1,2.25
206-7081107-6749913,MW-9K5M-VKW8,GBP,1,13.65
206-7094561-5723530,WX-L5UA-UB1Q,GBP,1,1.72
206-7097988-5064331,NN-TSZ1-X2RD,GBP,2,7.98
206-7121994-2533149,DC-K5WH-R7F5,GBP,1,0.68
206-7129642-9955535,VF-3T0K-DR5O,GBP,1,2.05
206-7159304-5721127,6V-EEC1-2S9Z,GBP,1,2.25
206-7162750-6136364,I2-6YKQ-CIBP,GBP,1,3.96
206-7177930-4848306,49-4UKW-G81R,GBP,2,6.08
206-7207471-8289903,Z7-26PV-O9LR,GBP,1,4.44
206-7230763-2581103,Z7-26PV-O9LR,GBP,2,8.88
206-7241595-1280366,GD-B8SW-1PCP,GBP,1,28.75
206-7252664-7906707,3B-3H3V-Z93T,GBP,1,1.6
206-7261255-1878732,6P-IWYA-X18B,GBP,1,4.31
206-7266785-1979506,A2-T2AC-TW3L,GBP,1,4.29
206-7270451-4794718,D2-8SPY-Q095,GBP,1,2.42
206-7306672-1033117,VF-3T0K-DR5O,GBP,1,2.05
206-7344782-7361103,L3-ZQ8U-A7LQ,GBP,2,6.8
206-7351483-5275533,6V-EEC1-2S9Z,GBP,1,2.25
206-7355430-1057931,A2-T2AC-TW3L,GBP,1,4.51
206-7369835-7312315,WX-L5UA-UB1Q,GBP,1,1.72
206-7376706-2780353,79-CPJ6-DSG6,GBP,1,13.65
206-7379202-6845130,6V-EEC1-2S9Z,GBP,1,2.25
206-7382651-2769115,WX-L5UA-UB1Q,GBP,1,1.72
206-7386909-2473111,6V-EEC1-2S9Z,GBP,1,2.25
206-7392560-4452321,6V-EEC1-2S9Z,GBP,1,2.25
206-7392563-3914733,DC-K5WH-R7F5,GBP,1,0.68
206-7393103-8311558,DC-K5WH-R7F5,GBP,1,0.68
206-7404724-3306718,6V-EEC1-2S9Z,GBP,1,2.25
206-7406203-3815560,49-4UKW-G81R,GBP,1,3.04
206-7408453-1269944,WX-L5UA-UB1Q,GBP,1,1.72
206-7415054-3095554,A2-T2AC-TW3L,GBP,1,4.29
206-7416317-3202735,WX-L5UA-UB1Q,GBP,1,1.72
206-7416908-0587535,6P-IWYA-X18B,GBP,1,4.31
206-7431897-6833958,6V-EEC1-2S9Z,GBP,1,2.25
206-7437820-6898738,6V-EEC1-2S9Z,GBP,1,2.25
206-7447522-5339560,WX-L5UA-UB1Q,GBP,1,1.72
206-7447666-8515551,NN-TSZ1-X2RD,GBP,4,13.96
206-7452638-7641915,6V-EEC1-2S9Z,GBP,1,2.25
206-7459459-1431501,WX-L5UA-UB1Q,GBP,1,1.72
206-7462237-3169927,A2-T2AC-TW3L,GBP,1,4.51
206-7499307-0564316,6V-EEC1-2S9Z,GBP,1,2.25
206-7499698-1273153,XY-UM2X-TPS3,GBP,1,4.57
206-7510560-4795553,NN-TSZ1-X2RD,GBP,2,7.98
206-7512262-6546767,XH-0LAE-FQO5,GBP,1,2.9
206-7512336-3825961,A2-T2AC-TW3L,GBP,1,4.51
206-7518756-1155519,Z3-ORV9-K8XD,GBP,1,6.56
206-7548453-2079554,TU-8I14-25ZR,GBP,1,12.67
206-7552797-7585128,D7-MGBX-RX2P,GBP,1,2.43
206-7554917-3640323,SQ-7QYT-5D5B,GBP,1,1.5
206-7556142-4505909,WX-L5UA-UB1Q,GBP,1,1.72
206-7559564-5873946,EV-CHU5-XU3G,GBP,1,2.73
206-7562900-5475525,SU-5LQH-2DVN,GBP,1,2.19
206-7564271-4010724,79-CPJ6-DSG6,GBP,1,13.65
206-7597027-6109160,8M-NHB7-T8TR,GBP,1,15.26
206-7601548-6052346,6V-EEC1-2S9Z,GBP,1,2.25
206-7613601-5126746,A2-T2AC-TW3L,GBP,1,4.51
206-7613909-9970724,UR-Q7TM-1F3I,GBP,1,7.59
206-7620027-1492336,6V-EEC1-2S9Z,GBP,1,2.25
206-7631847-8287510,A2-T2AC-TW3L,GBP,1,4.51
206-7648101-3121954,NN-TSZ1-X2RD,GBP,1,3.79
206-7659662-1814754,6V-EEC1-2S9Z,GBP,1,2.25
206-7662507-1695560,C6-XGZB-J6QA,GBP,1,2.75
206-7666983-9899514,A2-T2AC-TW3L,GBP,1,4.51
206-7670755-7033965,L3-ZQ8U-A7LQ,GBP,1,3.7
206-7674021-1046764,NN-TSZ1-X2RD,GBP,3,10.47
206-7685393-9704335,VF-3T0K-DR5O,GBP,1,2.05
206-7708038-6949159,6V-EEC1-2S9Z,GBP,4,9.0
206-7726104-0041119,Z3-ORV9-K8XD,GBP,1,6.56
206-7726762-0656331,SR-6OBB-WC03,GBP,1,2.86
206-7729055-9291533,H4-86XG-NLX6,GBP,1,3.25
206-7730820-2946720,A2-T2AC-TW3L,GBP,1,4.51
206-7736651-6955509,A2-T2AC-TW3L,GBP,1,4.51
206-7746435-7100348,JV-D1TI-6UF6,GBP,1,3.6
206-7755204-6260357,VU-8KRA-QP5M,GBP,1,4.32
206-7758622-9885927,LV-425G-BY4X,GBP,1,16.38
206-7759692-5812328,T8-6UWL-I3E1,GBP,1,1.48
206-7773321-4390744,Z3-ORV9-K8XD,GBP,1,6.56
206-7780610-0522724,D7-MGBX-RX2P,GBP,1,2.43
206-7813973-3539542,EV-CHU5-XU3G,GBP,1,2.73
206-7815979-3907554,WX-L5UA-UB1Q,GBP,1,1.72
206-7828634-5677921,A2-T2AC-TW3L,GBP,1,4.51
206-7830523-2870722,VF-3T0K-DR5O,GBP,1,2.05
206-7838852-5486766,6V-EEC1-2S9Z,GBP,1,2.25
206-7843646-4818725,A2-T2AC-TW3L,GBP,1,4.51
206-7860028-9145135,6V-EEC1-2S9Z,GBP,1,2.25
206-7870969-4115527,6V-EEC1-2S9Z,GBP,1,2.25
206-7871147-6626757,TU-8I14-25ZR,GBP,1,12.67
206-7892223-4650710,VF-3T0K-DR5O,GBP,1,2.05
206-7902206-9509930,F7-PMJ2-SG6A,GBP,1,2.7
206-7915853-0303542,MW-9K5M-VKW8,GBP,1,13.65
206-7919072-9465930,6V-EEC1-2S9Z,GBP,1,2.25
206-7941102-3100304,6V-EEC1-2S9Z,GBP,1,2.25
206-7953527-2771569,7L-OT45-7LYB,GBP,1,1.16
206-7955434-4106766,F7-PMJ2-SG6A,GBP,1,2.7
206-7960330-8666740,TU-8I14-25ZR,GBP,1,12.67
206-7971421-3442705,6V-EEC1-2S9Z,GBP,1,2.25
206-7975794-8852321,A2-T2AC-TW3L,GBP,1,4.51
206-7997257-0867566,BQ-O3OI-FTJU,GBP,2,13.0
206-8010154-8867527,Z3-ORV9-K8XD,GBP,1,6.56
206-8010686-7135507,X7-MY4W-H2I4,GBP,2,4.56
206-8012563-3509106,DC-K5WH-R7F5,GBP,2,1.36
206-8046978-9058741,6V-EEC1-2S9Z,GBP,1,2.25
206-8047730-5802755,JB-RGB6-LZOJ,GBP,1,2.47
206-8104104-0325947,DC-K5WH-R7F5,GBP,1,0.68
206-8107716-3657946,A2-T2AC-TW3L,GBP,2,9.02
206-8170412-5531544,SU-5LQH-2DVN,GBP,1,2.19
206-8170763-5449955,A2-T2AC-TW3L,GBP,2,9.02
206-8184875-4170743,7H-7G2P-ONWJ,GBP,2,1.76
206-8191758-1873908,6V-EEC1-2S9Z,GBP,1,2.25
206-8200387-6175530,A2-T2AC-TW3L,GBP,1,4.51
206-8214180-0128309,VF-3T0K-DR5O,GBP,1,2.05
206-8218109-6959542,JV-D1TI-6UF6,GBP,1,3.6
206-8255247-8644328,TU-8I14-25ZR,GBP,1,12.67
206-8291663-0993944,Z7-26PV-O9LR,GBP,1,4.44
206-8307652-9096357,EV-CHU5-XU3G,GBP,1,2.73
206-8312028-1192366,3B-3H3V-Z93T,GBP,1,1.6
206-8327171-0729146,A2-T2AC-TW3L,GBP,1,4.51
206-8328153-8769157,WX-L5UA-UB1Q,GBP,1,1.72
206-8341195-7996340,6V-EEC1-2S9Z,GBP,1,2.25
206-8371559-3402764,PE-G94Y-4PYO,GBP,1,2.86
206-8373033-1621927,AX-NKNU-29C1,GBP,1,0.61
206-8379969-9069941,T8-6UWL-I3E1,GBP,1,1.48
206-8390070-7280309,WX-L5UA-UB1Q,GBP,1,1.72
206-8393935-7030763,WX-L5UA-UB1Q,GBP,1,1.72
206-8408902-5737935,TU-8I14-25ZR,GBP,1,12.67
206-8412735-8857155,NN-TSZ1-X2RD,GBP,1,3.99
206-8414668-9105905,GD-B8SW-1PCP,GBP,1,28.75
206-8451464-9279565,A2-T2AC-TW3L,GBP,1,4.29
206-8458534-3435505,NN-TSZ1-X2RD,GBP,1,3.49
206-8468190-6448344,N7-A24N-WJA7,GBP,1,3.01
206-8488855-7743559,WX-L5UA-UB1Q,GBP,1,1.72
206-8491445-8744347,0H-5V53-GPG4,GBP,1,4.85
206-8499295-5077164,A2-T2AC-TW3L,GBP,1,4.51
206-8507942-0547521,XH-0LAE-FQO5,GBP,1,2.9
206-8508247-7919517,EV-CHU5-XU3G,GBP,1,2.73
206-8508472-2249969,RB-82FL-T88J,GBP,1,14.5
206-8509970-4706701,A2-T2AC-TW3L,GBP,1,4.51
206-8523709-0829932,EV-CHU5-XU3G,GBP,1,2.73
206-8538087-5379512,WX-L5UA-UB1Q,GBP,1,1.72
206-8544397-8189159,A2-T2AC-TW3L,GBP,1,4.51
206-8581180-2261100,N7-A24N-WJA7,GBP,1,3.01
206-8582519-2715529,GA-9DTN-9O1E,GBP,1,18.18
206-8589887-7011567,VF-3T0K-DR5O,GBP,1,2.05
206-8607152-3550739,6V-EEC1-2S9Z,GBP,1,2.25
206-8608259-1725131,DC-K5WH-R7F5,GBP,1,0.68
206-8611810-3485907,A2-T2AC-TW3L,GBP,1,4.51
206-8615539-3569945,Z7-26PV-O9LR,GBP,1,4.44
206-8616534-3411566,L3-ZQ8U-A7LQ,GBP,1,3.7
206-8624695-6740304,A2-T2AC-TW3L,GBP,1,4.51
206-8650544-4925959,Z3-ORV9-K8XD,GBP,4,26.24
206-8661619-7963541,EV-CHU5-XU3G,GBP,1,2.73
206-8662746-4344331,N7-A24N-WJA7,GBP,1,3.01
206-8670913-3085159,WX-L5UA-UB1Q,GBP,1,1.72
206-8674054-1143541,6V-EEC1-2S9Z,GBP,1,2.25
206-8680193-1101158,6V-EEC1-2S9Z,GBP,1,2.25
206-8681050-0364352,Z7-26PV-O9LR,GBP,1,4.44
206-8681986-3044325,LV-425G-BY4X,GBP,1,16.38
206-8698586-1549143,VF-3T0K-DR5O,GBP,1,2.05
206-8712753-1689144,6V-EEC1-2S9Z,GBP,1,2.25
206-8735889-1111533,YO-EKK2-FRCC,GBP,1,3.28
206-8736384-9648338,6V-EEC1-2S9Z,GBP,1,2.25
206-8750921-7620329,DC-K5WH-R7F5,GBP,1,0.68
206-8774520-3586749,EV-CHU5-XU3G,GBP,1,2.73
206-8796749-4684338,F7-PMJ2-SG6A,GBP,1,2.7
206-8801728-6933912,6V-EEC1-2S9Z,GBP,1,2.25
206-8831851-6833909,0H-5V53-GPG4,GBP,1,4.85
206-8837196-8000343,MW-9K5M-VKW8,GBP,1,13.65
206-8845155-5957908,NN-TSZ1-X2RD,GBP,1,3.99
206-8858964-6726754,A2-T2AC-TW3L,GBP,1,4.51
206-8859693-5990765,WX-L5UA-UB1Q,GBP,4,6.88
206-8860581-9064301,Z3-ORV9-K8XD,GBP,1,6.56
206-8867591-9499528,6V-EEC1-2S9Z,GBP,1,2.25
206-8871769-2543514,Z7-26PV-O9LR,GBP,1,4.44
206-8876279-8180334,NN-TSZ1-X2RD,GBP,2,7.58
206-8877418-6368323,6V-EEC1-2S9Z,GBP,1,2.25
206-8884136-8885102,6V-EEC1-2S9Z,GBP,1,2.25
206-8926416-1233138,D7-MGBX-RX2P,GBP,1,2.43
206-8928713-4675527,A2-T2AC-TW3L,GBP,1,4.51
206-8941596-5525169,WX-L5UA-UB1Q,GBP,1,1.72
206-8958455-6957909,XH-0LAE-FQO5,GBP,1,2.9
206-8958571-7966744,WX-L5UA-UB1Q,GBP,1,1.72
206-8963720-2271500,TE-Y18U-S2O1,GBP,1,4.16
206-8972446-6952349,6V-EEC1-2S9Z,GBP,1,2.25
206-8980424-8504327,EV-CHU5-XU3G,GBP,1,2.73
206-8986256-2325944,Z3-ORV9-K8XD,GBP,1,6.56
206-9006275-7721140,79-CPJ6-DSG6,GBP,1,13.65
206-9041905-3925963,6V-EEC1-2S9Z,GBP,2,4.2
206-9056019-6661945,6V-EEC1-2S9Z,GBP,1,2.25
206-9063324-0224326,SR-6OBB-WC03,GBP,1,2.86
206-9068984-1357952,WX-L5UA-UB1Q,GBP,1,1.72
206-9071671-7120305,D7-MGBX-RX2P,GBP,1,2.43
206-9077674-9836339,T8-6UWL-I3E1,GBP,1,1.48
206-9082899-7176309,Z7-26PV-O9LR,GBP,1,4.44
206-9087223-5479533,XH-0LAE-FQO5,GBP,1,2.9
206-9090170-4625922,DC-K5WH-R7F5,GBP,1,0.68
206-9116552-9541128,6V-EEC1-2S9Z,GBP,1,2.25
206-9150670-5795515,XH-0LAE-FQO5,GBP,2,5.8
206-9162066-1770703,6V-EEC1-2S9Z,GBP,1,2.25
206-9177433-4541915,WX-L5UA-UB1Q,GBP,1,1.72
206-9194119-6909932,6V-EEC1-2S9Z,GBP,1,2.25
206-9194339-0085949,6V-EEC1-2S9Z,GBP,1,2.25
206-9203358-3789132,BQ-O3OI-FTJU,GBP,2,13.0
206-9217188-5696363,3T-6QPR-E2MV,GBP,1,4.65
206-9237444-4910768,XH-0LAE-FQO5,GBP,1,2.9
206-9247811-2317956,WX-L5UA-UB1Q,GBP,1,1.72
206-9260812-7122705,EV-CHU5-XU3G,GBP,1,2.73
206-9286163-9673107,VF-3T0K-DR5O,GBP,1,2.05
206-9293529-2337953,6V-EEC1-2S9Z,GBP,1,2.25
206-9301612-3770702,6V-EEC1-2S9Z,GBP,1,2.25
206-9301812-4840328,L3-ZQ8U-A7LQ,GBP,8,29.6
206-9306685-0504363,A2-T2AC-TW3L,GBP,2,9.02
206-9314938-9717941,WX-L5UA-UB1Q,GBP,1,1.72
206-9319150-9001166,XH-0LAE-FQO5,GBP,1,2.9
206-9325149-1085948,6V-EEC1-2S9Z,GBP,1,2.25
206-9325384-6395569,VL-48KZ-J3F2,GBP,1,1.06
206-9340677-1482751,DC-K5WH-R7F5,GBP,1,0.68
206-9343434-7178767,Z7-26PV-O9LR,GBP,1,4.44
206-9345558-2741964,LV-425G-BY4X,GBP,1,16.38
206-9348454-0669934,L3-ZQ8U-A7LQ,GBP,1,3.7
206-9352472-8093910,F7-PMJ2-SG6A,GBP,3,8.100000000000001
206-9353752-7325968,AF-KIHX-ANYY,GBP,1,0.84
206-9355875-0693967,6V-EEC1-2S9Z,GBP,1,2.25
206-9365949-1361167,7L-OT45-7LYB,GBP,1,1.16
206-9366970-8489907,6V-EEC1-2S9Z,GBP,1,2.25
206-9368936-2713901,WX-L5UA-UB1Q,GBP,1,1.72
206-9378826-0004305,R7-98IN-2PW8,GBP,1,2.5
206-9380176-7321129,DC-K5WH-R7F5,GBP,1,0.68
206-9381192-5725964,A2-T2AC-TW3L,GBP,1,4.51
206-9396060-4545969,6V-EEC1-2S9Z,GBP,2,4.5
206-9400255-4777121,ZI-1MA2-8QGC,GBP,1,8.48
206-9400751-3617938,DC-K5WH-R7F5,GBP,1,0.68
206-9405876-1723536,6V-EEC1-2S9Z,GBP,2,4.5
206-9411069-0071509,WX-L5UA-UB1Q,GBP,1,1.72
206-9413179-6422756,Z3-ORV9-K8XD,GBP,1,6.56
206-9417699-7735537,DC-K5WH-R7F5,GBP,1,0.68
206-9428298-7624344,3B-3H3V-Z93T,GBP,1,1.6
206-9440100-5551551,RB-82FL-T88J,GBP,1,14.5
206-9447132-0570723,A2-T2AC-TW3L,GBP,1,4.51
206-9454768-5231539,A2-T2AC-TW3L,GBP,1,4.51
206-9459637-3817104,SU-5LQH-2DVN,GBP,1,2.19
206-9494550-5757911,6V-EEC1-2S9Z,GBP,1,2.25
206-9495748-5433910,XH-0LAE-FQO5,GBP,1,2.9
206-9499365-9086705,79-CPJ6-DSG6,GBP,1,13.65
206-9516013-8878761,WX-L5UA-UB1Q,GBP,1,1.72
206-9523320-8176317,VF-3T0K-DR5O,GBP,1,2.05
206-9534840-6165167,EE-KTDC-KCFY,GBP,1,3.46
206-9537384-7986709,WX-L5UA-UB1Q,GBP,1,1.72
206-9569916-8149922,WX-L5UA-UB1Q,GBP,1,1.72
206-9577408-2153953,6V-EEC1-2S9Z,GBP,1,2.25
206-9582297-5882713,G8-L8EI-INMK,GBP,1,1.12
206-9590776-9844364,WX-L5UA-UB1Q,GBP,1,1.72
206-9600696-9756327,VF-3T0K-DR5O,GBP,1,2.05
206-9602446-1281105,DC-K5WH-R7F5,GBP,1,0.68
206-9625434-0929950,L3-ZQ8U-A7LQ,GBP,1,3.4
206-9644684-6472361,WX-L5UA-UB1Q,GBP,1,1.72
206-9658766-0846700,SU-5LQH-2DVN,GBP,1,2.19
206-9670579-6824322,A2-T2AC-TW3L,GBP,1,4.51
206-9678627-1879521,Z7-26PV-O9LR,GBP,1,4.44
206-9690806-3549165,JL-VTP2-JF3Q,GBP,1,6.95
206-9703063-3230713,A2-T2AC-TW3L,GBP,2,9.02
206-9725322-1177919,NN-TSZ1-X2RD,GBP,1,3.79
206-9725322-1177919,XH-0LAE-FQO5,GBP,1,2.9
206-9730101-6664305,6V-EEC1-2S9Z,GBP,1,2.25
206-9741786-6213948,6V-EEC1-2S9Z,GBP,1,2.25
206-9745777-5833163,6V-EEC1-2S9Z,GBP,1,2.25
206-9776537-6635556,TU-8I14-25ZR,GBP,1,12.67
206-9782429-0572365,XH-OMMJ-C7MT,GBP,1,2.45
206-9793503-8724348,WX-L5UA-UB1Q,GBP,1,1.72
206-9809525-8153116,8M-NHB7-T8TR,GBP,1,11.57
206-9818100-8125937,9X-7TBD-NA16,GBP,6,11.94
206-9819798-8750718,XH-0LAE-FQO5,GBP,1,2.9
206-9851699-4446714,L5-PF3B-WHU4,GBP,1,17.5
206-9863411-4999530,F7-PMJ2-SG6A,GBP,1,2.7
206-9866185-8573920,6V-EEC1-2S9Z,GBP,1,2.25
206-9898584-1838711,DC-K5WH-R7F5,GBP,1,0.68
206-9900255-5833114,6V-EEC1-2S9Z,GBP,1,2.1
206-9903588-8473106,VF-3T0K-DR5O,GBP,1,2.05
206-9912720-5019559,WX-L5UA-UB1Q,GBP,1,1.72
206-9924141-7829156,0H-5V53-GPG4,GBP,1,4.85
206-9937491-6345110,A2-T2AC-TW3L,GBP,1,4.51
206-9937782-6600341,VF-3T0K-DR5O,GBP,1,2.05
206-9939113-4852351,XY-UM2X-TPS3,GBP,1,4.57
206-9950119-9678723,DC-K5WH-R7F5,GBP,1,0.68
206-9962427-3517928,R7-98IN-2PW8,GBP,1,2.5
206-9968865-8297943,DC-K5WH-R7F5,GBP,1,0.68
206-9977454-1804309,DC-K5WH-R7F5,GBP,1,0.68
206-9996828-0477958,SR-6OBB-WC03,GBP,1,2.86
402-1853723-4373945,Z3-ORV9-K8XD,GBP,1,6.56
402-3321439-2116336,DC-K5WH-R7F5,GBP,1,0.68
402-4277126-1477964,RZ-6ZL9-CZ7J,GBP,1,2.42
402-4363588-5570740,SR-6OBB-WC03,GBP,1,2.86
402-5348628-3945944,L1-54EX-56YC,GBP,1,5.35
402-5540359-3265157,TU-8I14-25ZR,GBP,1,12.67
402-5583082-2469135,TU-8I14-25ZR,GBP,1,12.67
402-5796917-2234757,Z7-26PV-O9LR,GBP,1,4.44
402-6609138-2949105,SR-6OBB-WC03,GBP,1,2.86
402-6906480-1771522,4W-VS57-BV6A,GBP,1,18.5
402-7242287-4963533,TU-8I14-25ZR,GBP,1,12.67
402-8155963-7800318,LV-425G-BY4X,GBP,1,16.38
402-8738117-1797107,L1-54EX-56YC,GBP,2,10.7
402-9111771-2845961,SR-6OBB-WC03,GBP,1,2.86
402-9697852-9834700,Z7-26PV-O9LR,GBP,1,4.44
403-0324237-7264339,Z3-ORV9-K8XD,GBP,1,6.56
403-0668649-2347558,UL-D0Y8-ZNI5,GBP,1,19.5
403-1022512-2412300,3B-3H3V-Z93T,GBP,1,1.6
403-1566588-0286763,Z3-ORV9-K8XD,GBP,1,6.56
403-3446142-4198733,SR-6OBB-WC03,GBP,1,2.86
403-3564491-1943501,F7-PMJ2-SG6A,GBP,7,18.900000000000002
403-3901352-2638756,SR-6OBB-WC03,GBP,1,2.86
403-4345489-8014711,LV-425G-BY4X,GBP,1,16.38
403-4943585-0076354,Z3-ORV9-K8XD,GBP,1,6.56
403-6594680-0225126,TU-8I14-25ZR,GBP,1,12.67
403-6814572-8537150,DC-K5WH-R7F5,GBP,1,0.68
403-7417559-4790735,TU-8I14-25ZR,GBP,1,12.67
403-9012836-4489111,Z3-ORV9-K8XD,GBP,1,6.56
404-0661148-6405121,TU-8I14-25ZR,GBP,1,12.67
404-1696451-3039560,L1-54EX-56YC,GBP,1,5.35
404-3205349-8370744,Z7-26PV-O9LR,GBP,1,4.2
404-3647835-2109116,TU-8I14-25ZR,GBP,1,12.67
404-4139711-2059524,DC-K5WH-R7F5,GBP,1,0.68
404-4880052-9365131,TU-8I14-25ZR,GBP,1,12.67
404-5938399-5718742,Z7-26PV-O9LR,GBP,1,4.44
404-7267583-2804337,L1-54EX-56YC,GBP,1,5.35
404-7471611-6464300,L5-PF3B-WHU4,GBP,1,17.5
404-7695152-6372339,DC-K5WH-R7F5,GBP,1,0.68
404-9612650-9668353,Z7-26PV-O9LR,GBP,1,4.2
405-0400730-2116333,UL-D0Y8-ZNI5,GBP,1,19.5
405-2488290-5270742,TU-8I14-25ZR,GBP,1,12.67
405-3113592-7240343,49-4UKW-G81R,GBP,1,3.04
405-3654800-4548357,TU-8I14-25ZR,GBP,1,12.67
405-4040477-8964363,Z3-ORV9-K8XD,GBP,1,6.56
405-4516135-8979518,4W-VS57-BV6A,GBP,1,18.5
405-4689348-9081153,4W-VS57-BV6A,GBP,1,18.5
405-4892856-7471528,TU-8I14-25ZR,GBP,1,12.67
405-5995316-6985131,CJ-X0SS-QOUW,GBP,1,4.16
405-6297277-6180358,TU-8I14-25ZR,GBP,1,12.67
405-7505611-7276337,TU-8I14-25ZR,GBP,1,12.67
405-8973302-0651546,L5-PF3B-WHU4,GBP,1,17.5
405-9359850-7121900,F7-PMJ2-SG6A,GBP,2,5.4
405-9840625-5179538,4W-VS57-BV6A,GBP,1,18.5
405-9939444-4179553,VF-3T0K-DR5O,GBP,2,4.1
406-1167511-3428303,4W-VS57-BV6A,GBP,1,18.5
406-1515262-6745944,R4-0AXZ-ZZ9D,GBP,2,9.7
406-1832773-0107521,BQ-O3OI-FTJU,GBP,1,6.5
406-2544131-4125144,L1-54EX-56YC,GBP,1,5.35
406-2725428-8173154,4W-VS57-BV6A,GBP,2,37.0
406-3052826-7267565,0H-5V53-GPG4,GBP,1,4.85
406-3562815-7281913,4W-VS57-BV6A,GBP,1,18.5
406-7125557-2967562,TU-8I14-25ZR,GBP,1,12.67
407-0971909-0810712,SR-6OBB-WC03,GBP,1,2.86
407-1889920-4825157,YC-3L3M-BV48,GBP,1,39.61
407-2484036-0784316,TU-8I14-25ZR,GBP,1,12.67
407-3092404-5369142,F7-PMJ2-SG6A,GBP,1,2.7
407-3533281-8508322,YO-EKK2-FRCC,GBP,1,2.38
407-3715707-4437143,4W-VS57-BV6A,GBP,1,18.5
407-4177924-2809110,L5-PF3B-WHU4,GBP,1,17.5
407-4526770-4193914,Z3-ORV9-K8XD,GBP,1,6.56
407-4928234-5058756,SR-6OBB-WC03,GBP,1,2.86
407-5326569-3565907,Z7-26PV-O9LR,GBP,1,4.44
407-6417970-5378710,4W-VS57-BV6A,GBP,1,18.5
407-6593457-2265135,GA-9DTN-9O1E,GBP,1,18.18
407-8888429-1988330,Z7-26PV-O9LR,GBP,1,4.44
407-9094455-9382755,TU-8I14-25ZR,GBP,1,12.67
407-9258579-5525967,DC-K5WH-R7F5,GBP,2,1.36
408-0036689-3441978,R4-0AXZ-ZZ9D,GBP,1,4.85
408-0585826-9477104,L1-54EX-56YC,GBP,1,5.35
408-0871798-9145933,3T-6QPR-E2MV,GBP,1,4.65
408-2364950-5532311,TU-8I14-25ZR,GBP,1,12.67
408-2841220-7893106,DC-K5WH-R7F5,GBP,1,0.68
408-3084223-5617952,TU-8I14-25ZR,GBP,1,12.67
408-3815763-0897149,TU-8I14-25ZR,GBP,1,12.67
408-3936165-9749145,F7-PMJ2-SG6A,GBP,5,13.5
408-4381040-9024342,NN-TSZ1-X2RD,GBP,1,3.99
408-5228456-9609925,GA-9DTN-9O1E,GBP,1,18.18
408-6032581-8743553,DC-K5WH-R7F5,GBP,2,1.36
408-6072596-4884330,LV-425G-BY4X,GBP,1,16.38
408-7812233-5689168,SR-6OBB-WC03,GBP,1,2.86
408-8288015-4522727,F7-PMJ2-SG6A,GBP,1,2.7
408-8355647-9585962,DC-K5WH-R7F5,GBP,1,0.68
S02-0884376-6363056,MW-9K5M-VKW8,GBP,1,13.65
S02-1884425-2747759,RB-82FL-T88J,GBP,1,14.5
S02-1904146-9043566,DC-K5WH-R7F5,GBP,1,0.68
S02-2580542-2256648,Z3-ORV9-K8XD,GBP,1,6.56
S02-4918752-6300634,SE-IQQJ-EOU3,GBP,1,10.38
S02-5076825-8968703,SU-JM8R-2U82,GBP,1,6.95
S02-7627262-2851065,IB-U5FA-BO2Y,GBP,1,20.71
S02-7692407-2752619,XH-0LAE-FQO5,GBP,1,2.9
S02-8021764-4477330,Z3-ORV9-K8XD,GBP,1,6.56
S02-9372918-5165068,XH-0LAE-FQO5,GBP,1,2.9
S02-9647055-0892309,0H-5V53-GPG4,GBP,1,4.85
