timestamp,orphan_count,window_start,window_end,action,earliest_orphan,marketplaces
2026-02-03T14:00:16Z,654,2025-11-01T00:00:00Z,2026-02-03T13:24:16Z,orphans_remain_after_backfill,,
2026-02-03T14:21:47Z,640,2026-01-20T13:24:16Z,2026-02-03T13:24:16Z,orphans_remain_after_lookback,,
2026-02-03T14:55:21Z,635,2025-11-01T00:00:00Z,2026-02-03T13:24:16Z,orphans_remain_after_backfill,,
2026-02-03T15:59:22Z,635,2026-01-20T15:30:57Z,2026-02-03T15:30:57Z,orphans_remain_after_lookback,,
2026-02-03T17:03:26Z,635,2026-01-20T16:55:22Z,2026-02-03T16:55:22Z,orphans_remain_after_lookback,,
2026-02-03T18:06:16Z,635,2026-01-20T17:47:32Z,2026-02-03T17:47:32Z,orphans_remain_after_lookback,,
2026-02-03T19:11:49Z,635,2026-01-20T18:10:53Z,2026-02-03T18:10:53Z,orphans_remain_after_lookback,,
2026-02-03T20:14:44Z,635,2026-01-20T20:06:07Z,2026-02-03T20:06:07Z,orphans_remain_after_lookback,,
2026-02-03T21:18:10Z,635,2026-01-20T21:02:28Z,2026-02-03T21:02:28Z,orphans_remain_after_lookback,,
2026-02-03T22:23:22Z,635,2026-01-20T21:41:00Z,2026-02-03T21:41:00Z,orphans_remain_after_lookback,,
2026-02-03T23:26:47Z,635,2026-01-20T21:41:00Z,2026-02-03T21:41:00Z,orphans_remain_after_lookback,,
2026-02-04T00:30:43Z,635,2026-01-20T21:41:00Z,2026-02-03T21:41:00Z,orphans_remain_after_lookback,,
2026-02-04T01:33:22Z,635,2026-01-20T21:41:00Z,2026-02-03T21:41:00Z,orphans_remain_after_lookback,,
2026-02-04T02:34:49Z,635,2026-01-21T01:55:59Z,2026-02-04T01:55:59Z,orphans_remain_after_lookback,,
2026-02-04T03:40:10Z,635,2026-01-21T01:55:59Z,2026-02-04T01:55:59Z,orphans_remain_after_lookback,,
2026-02-04T04:44:50Z,635,2026-01-21T01:55:59Z,2026-02-04T01:55:59Z,orphans_remain_after_lookback,,
2026-02-04T05:46:56Z,635,2026-01-21T01:55:59Z,2026-02-04T01:55:59Z,orphans_remain_after_lookback,,
2026-02-04T06:49:31Z,635,2026-01-21T01:55:59Z,2026-02-04T01:55:59Z,orphans_remain_after_lookback,,
2026-02-04T11:44:19Z,635,2026-01-21T10:37:28Z,2026-02-04T10:37:28Z,orphans_remain_after_lookback,,
2026-02-04T13:58:07Z,635,2026-01-21T11:59:22Z,2026-02-04T11:59:22Z,b001_failed_marketplace_A1805IZSGTT6HS,,
2026-02-09T16:16:18Z,635,2026-01-26T15:36:12Z,2026-02-09T15:36:12Z,orphans_remain_after_lookback,,
2026-02-09T17:18:42Z,635,2026-01-26T17:06:06Z,2026-02-09T17:06:06Z,orphans_remain_after_lookback,,
2026-02-09T18:21:03Z,635,2026-01-26T18:13:58Z,2026-02-09T18:13:58Z,orphans_remain_after_lookback,,
2026-02-09T19:22:09Z,635,2026-01-26T19:10:31Z,2026-02-09T19:10:31Z,orphans_remain_after_lookback,,
2026-02-09T20:23:06Z,635,2026-01-26T19:10:31Z,2026-02-09T19:10:31Z,orphans_remain_after_lookback,,
2026-02-09T21:24:47Z,635,2026-01-26T19:10:31Z,2026-02-09T19:10:31Z,orphans_remain_after_lookback,,
2026-02-09T22:25:54Z,635,2026-01-26T21:21:49Z,2026-02-09T21:21:49Z,orphans_remain_after_lookback,,
2026-02-09T23:27:59Z,635,2026-01-26T23:13:36Z,2026-02-09T23:13:36Z,orphans_remain_after_lookback,,
2026-02-10T00:29:30Z,635,2026-01-26T23:52:11Z,2026-02-09T23:52:11Z,orphans_remain_after_lookback,,
2026-02-10T01:30:39Z,635,2026-01-27T00:34:59Z,2026-02-10T00:34:59Z,orphans_remain_after_lookback,,
2026-02-10T02:31:55Z,635,2026-01-27T00:34:59Z,2026-02-10T00:34:59Z,orphans_remain_after_lookback,,
2026-02-10T03:33:38Z,635,2026-01-27T00:34:59Z,2026-02-10T00:34:59Z,orphans_remain_after_lookback,,
2026-02-10T04:37:28Z,635,2026-01-27T00:34:59Z,2026-02-10T00:34:59Z,orphans_remain_after_lookback,,
2026-02-10T05:38:31Z,635,2026-01-27T00:34:59Z,2026-02-10T00:34:59Z,orphans_remain_after_lookback,,
2026-02-10T10:03:04Z,635,2026-01-27T09:37:47Z,2026-02-10T09:37:47Z,orphans_remain_after_lookback,,
2026-02-10T11:20:16Z,635,2026-01-27T09:37:47Z,2026-02-10T09:37:47Z,orphans_remain_after_lookback,,
2026-02-10T12:40:55Z,635,2026-01-27T12:18:05Z,2026-02-10T12:18:05Z,b004_failed_after_recovery_rc_1,,
2026-02-10T13:44:22Z,635,2026-01-27T13:15:07Z,2026-02-10T13:15:07Z,b004_failed_after_recovery_rc_1,,
2026-02-10T14:50:48Z,635,2026-01-27T14:28:41Z,2026-02-10T14:28:41Z,b004_failed_after_recovery_rc_1,,
2026-02-10T15:52:29Z,635,2026-01-27T15:28:33Z,2026-02-10T15:28:33Z,b004_failed_after_recovery_rc_1,,
2026-02-10T16:37:07Z,635,2026-01-27T16:27:22Z,2026-02-10T16:27:22Z,orphans_remain_after_lookback,,
2026-02-10T17:56:10Z,635,2026-01-27T16:44:38Z,2026-02-10T16:44:38Z,b004_failed_after_recovery_rc_1,,
2026-02-10T18:57:35Z,635,2026-01-27T17:35:58Z,2026-02-10T17:35:58Z,b004_failed_after_recovery_rc_1,,
2026-02-10T19:58:52Z,635,2026-01-27T19:28:10Z,2026-02-10T19:28:10Z,b004_failed_after_recovery_rc_1,,
2026-02-10T20:43:07Z,635,2026-01-27T20:35:44Z,2026-02-10T20:35:44Z,orphans_remain_after_lookback,,
2026-02-10T22:05:43Z,635,2026-01-27T21:32:14Z,2026-02-10T21:32:14Z,b007_failed_after_recovery_rc_1,,
2026-02-10T23:02:30Z,635,2026-01-27T21:32:14Z,2026-02-10T21:32:14Z,b004_failed_after_recovery_rc_1,,
2026-02-11T00:03:05Z,635,2026-01-27T23:03:55Z,2026-02-10T23:03:55Z,b004_failed_after_recovery_rc_1,,
2026-02-11T01:04:40Z,635,2026-01-27T23:44:57Z,2026-02-10T23:44:57Z,b004_failed_after_recovery_rc_1,,
2026-02-11T01:50:19Z,635,2026-01-27T23:44:57Z,2026-02-10T23:44:57Z,orphans_remain_after_lookback,,
2026-02-11T03:09:48Z,635,2026-01-27T23:44:57Z,2026-02-10T23:44:57Z,b004_failed_after_recovery_rc_1,,
2026-02-11T03:52:32Z,635,2026-01-28T03:43:59Z,2026-02-11T03:43:59Z,orphans_remain_after_lookback,,
2026-02-11T05:11:18Z,635,2026-01-28T03:43:59Z,2026-02-11T03:43:59Z,b004_failed_after_recovery_rc_1,,
2026-02-11T06:13:41Z,635,2026-01-28T03:43:59Z,2026-02-11T03:43:59Z,b004_failed_after_recovery_rc_1,,
2026-02-11T09:58:13Z,635,2026-01-28T09:35:17Z,2026-02-11T09:35:17Z,b004_failed_after_recovery_rc_1,,
2026-02-11T10:59:21Z,635,2026-01-28T10:12:51Z,2026-02-11T10:12:51Z,b004_failed_after_recovery_rc_1,,
2026-02-11T12:02:27Z,635,2026-01-28T11:29:09Z,2026-02-11T11:29:09Z,b004_failed_after_recovery_rc_1,,
2026-02-11T13:04:35Z,635,2026-01-28T12:42:00Z,2026-02-11T12:42:00Z,b004_failed_after_recovery_rc_1,,
2026-02-11T14:07:06Z,635,2026-01-28T13:34:22Z,2026-02-11T13:34:22Z,b004_failed_after_recovery_rc_1,,
2026-02-11T15:08:21Z,635,2026-01-28T14:16:25Z,2026-02-11T14:16:25Z,b004_failed_after_recovery_rc_1,,
2026-02-11T16:10:54Z,635,2026-01-28T15:18:37Z,2026-02-11T15:18:37Z,b004_failed_after_recovery_rc_1,,
2026-02-11T17:37:49Z,635,2026-01-28T17:06:45Z,2026-02-11T17:06:45Z,b004_failed_after_recovery_rc_1,,
2026-02-11T18:38:43Z,635,2026-01-28T18:06:44Z,2026-02-11T18:06:44Z,b004_failed_after_recovery_rc_1,,
2026-02-11T19:43:17Z,635,2026-01-28T18:06:44Z,2026-02-11T18:06:44Z,b004_failed_after_recovery_rc_1,,
2026-02-11T20:44:14Z,635,2026-01-28T20:18:03Z,2026-02-11T20:18:03Z,b004_failed_after_recovery_rc_1,,
2026-02-11T21:44:04Z,635,2026-01-28T20:47:38Z,2026-02-11T20:47:38Z,b004_failed_after_recovery_rc_1,,
2026-02-11T22:44:48Z,635,2026-01-28T21:43:07Z,2026-02-11T21:43:07Z,b004_failed_after_recovery_rc_1,,
2026-02-11T23:48:02Z,635,2026-01-28T23:16:08Z,2026-02-11T23:16:08Z,b004_failed_after_recovery_rc_1,,
2026-02-12T00:51:08Z,635,2026-01-28T23:45:41Z,2026-02-11T23:45:41Z,b004_failed_after_recovery_rc_1,,
2026-02-12T01:54:11Z,635,2026-01-29T01:21:28Z,2026-02-12T01:21:28Z,b004_failed_after_recovery_rc_1,,
2026-02-12T02:57:10Z,635,2026-01-29T01:21:28Z,2026-02-12T01:21:28Z,b004_failed_after_recovery_rc_1,,
2026-02-12T03:59:47Z,635,2026-01-29T01:21:28Z,2026-02-12T01:21:28Z,b004_failed_after_recovery_rc_1,,
2026-02-12T05:03:38Z,635,2026-01-29T01:21:28Z,2026-02-12T01:21:28Z,b004_failed_after_recovery_rc_1,,
2026-02-12T06:06:53Z,635,2026-01-29T01:21:28Z,2026-02-12T01:21:28Z,b004_failed_after_recovery_rc_1,,
2026-02-12T08:54:20Z,635,2026-01-29T01:21:28Z,2026-02-12T01:21:28Z,orphans_remain_after_lookback,,
2026-02-12T10:15:26Z,635,2026-01-29T09:47:07Z,2026-02-12T09:47:07Z,b004_failed_after_recovery_rc_1,,
2026-02-12T11:18:29Z,635,2026-01-29T09:47:07Z,2026-02-12T09:47:07Z,b004_failed_after_recovery_rc_1,,
2026-02-12T12:20:19Z,635,2026-01-29T11:53:59Z,2026-02-12T11:53:59Z,b004_failed_after_recovery_rc_1,,
2026-02-12T13:23:02Z,635,2026-01-29T12:44:33Z,2026-02-12T12:44:33Z,b004_failed_after_recovery_rc_1,,
2026-02-12T14:26:51Z,635,2026-01-29T12:44:33Z,2026-02-12T12:44:33Z,b004_failed_after_recovery_rc_1,,
2026-02-12T15:11:58Z,635,2026-01-29T14:57:37Z,2026-02-12T14:57:37Z,orphans_remain_after_lookback,,
2026-02-12T16:32:08Z,635,2026-01-29T15:08:10Z,2026-02-12T15:08:10Z,b004_failed_after_recovery_rc_1,,
2026-02-12T17:34:40Z,635,2026-01-29T15:08:10Z,2026-02-12T15:08:10Z,b004_failed_after_recovery_rc_1,,
2026-02-12T18:38:44Z,635,2026-01-29T17:38:11Z,2026-02-12T17:38:11Z,b004_failed_after_recovery_rc_1,,
2026-02-12T19:41:59Z,635,2026-01-29T19:16:50Z,2026-02-12T19:16:50Z,b004_failed_after_recovery_rc_1,,
2026-02-12T20:44:22Z,635,2026-01-29T20:15:00Z,2026-02-12T20:15:00Z,b004_failed_after_recovery_rc_1,,
2026-02-12T21:45:43Z,635,2026-01-29T20:15:00Z,2026-02-12T20:15:00Z,b004_failed_after_recovery_rc_1,,
2026-02-12T22:47:05Z,635,2026-01-29T20:15:00Z,2026-02-12T20:15:00Z,b004_failed_after_recovery_rc_1,,
2026-02-12T23:50:51Z,635,2026-01-29T23:02:40Z,2026-02-12T23:02:40Z,b004_failed_after_recovery_rc_1,,
2026-02-13T00:51:00Z,635,2026-01-29T23:02:40Z,2026-02-12T23:02:40Z,b004_failed_after_recovery_rc_1,,
2026-02-13T01:51:14Z,635,2026-01-29T23:02:40Z,2026-02-12T23:02:40Z,b001_failed_marketplace_AMEN7PMS3EDWL,,
2026-02-13T01:53:04Z,635,2026-01-29T23:02:40Z,2026-02-12T23:02:40Z,b004_failed_after_recovery_rc_1,,
2026-02-13T02:54:51Z,635,2026-01-29T23:02:40Z,2026-02-12T23:02:40Z,b004_failed_after_recovery_rc_1,,
2026-02-13T03:57:08Z,635,2026-01-29T23:02:40Z,2026-02-12T23:02:40Z,b004_failed_after_recovery_rc_1,,
2026-02-13T04:59:22Z,635,2026-01-29T23:02:40Z,2026-02-12T23:02:40Z,b004_failed_after_recovery_rc_1,,
2026-02-13T06:01:02Z,635,2026-01-29T23:02:40Z,2026-02-12T23:02:40Z,b004_failed_after_recovery_rc_1,,
2026-02-13T09:16:46Z,635,2026-01-30T07:46:36Z,2026-02-13T07:46:36Z,b004_failed_after_recovery_rc_1,,
2026-02-13T10:20:06Z,635,2026-01-30T07:46:36Z,2026-02-13T07:46:36Z,b004_failed_after_recovery_rc_1,,
2026-02-13T11:21:22Z,635,2026-01-30T10:29:05Z,2026-02-13T10:29:05Z,b004_failed_after_recovery_rc_1,,
2026-02-13T12:22:43Z,635,2026-01-30T11:59:52Z,2026-02-13T11:59:52Z,b004_failed_after_recovery_rc_1,,
2026-02-13T13:26:33Z,635,2026-01-30T12:48:20Z,2026-02-13T12:48:20Z,b004_failed_after_recovery_rc_1,,
2026-02-13T14:28:53Z,635,2026-01-30T14:05:04Z,2026-02-13T14:05:04Z,b004_failed_after_recovery_rc_1,,
2026-02-13T15:42:24Z,635,2026-01-30T15:17:17Z,2026-02-13T15:17:17Z,b004_failed_after_recovery_rc_1,,
2026-02-14T09:38:32Z,635,2026-01-31T09:22:37Z,2026-02-14T09:22:37Z,orphans_remain_after_lookback,,
2026-02-14T10:57:52Z,635,2026-01-31T10:10:52Z,2026-02-14T10:10:52Z,b004_failed_after_recovery_rc_1,,
2026-02-14T11:59:12Z,635,2026-01-31T11:22:56Z,2026-02-14T11:22:56Z,b004_failed_after_recovery_rc_1,,
2026-02-14T13:13:30Z,635,2026-01-31T12:02:56Z,2026-02-14T12:02:56Z,b004_failed_after_recovery_rc_1,,
2026-02-14T14:03:23Z,635,2026-01-31T13:38:38Z,2026-02-14T13:38:38Z,b004_failed_after_recovery_rc_1,,
2026-02-14T15:05:37Z,635,2026-01-31T14:45:12Z,2026-02-14T14:45:12Z,b004_failed_after_recovery_rc_1,,
2026-02-14T16:08:42Z,635,2026-01-31T15:57:38Z,2026-02-14T15:57:38Z,b004_failed_after_recovery_rc_1,,
2026-02-14T17:10:16Z,635,2026-01-31T16:35:42Z,2026-02-14T16:35:42Z,b004_failed_after_recovery_rc_1,,
2026-02-14T18:11:24Z,635,2026-01-31T17:38:20Z,2026-02-14T17:38:20Z,b004_failed_after_recovery_rc_1,,
2026-02-14T19:11:34Z,635,2026-01-31T18:42:33Z,2026-02-14T18:42:33Z,b004_failed_after_recovery_rc_1,,
2026-02-14T20:14:54Z,635,2026-01-31T19:50:29Z,2026-02-14T19:50:29Z,b004_failed_after_recovery_rc_1,,
2026-02-14T21:18:03Z,635,2026-01-31T21:05:51Z,2026-02-14T21:05:51Z,b004_failed_after_recovery_rc_1,,
2026-02-14T22:28:33Z,635,2026-01-31T21:05:51Z,2026-02-14T21:05:51Z,b004_failed_after_recovery_rc_1,,
2026-02-14T23:33:26Z,635,2026-01-31T21:05:51Z,2026-02-14T21:05:51Z,b004_failed_after_recovery_rc_1,,
2026-02-15T00:35:30Z,635,2026-02-01T00:08:54Z,2026-02-15T00:08:54Z,b004_failed_after_recovery_rc_1,,
2026-02-15T01:40:58Z,635,2026-02-01T00:08:54Z,2026-02-15T00:08:54Z,b004_failed_after_recovery_rc_1,,
2026-02-15T02:42:43Z,635,2026-02-01T00:08:54Z,2026-02-15T00:08:54Z,b004_failed_after_recovery_rc_1,,
2026-02-15T03:44:57Z,635,2026-02-01T00:08:54Z,2026-02-15T00:08:54Z,b004_failed_after_recovery_rc_1,,
2026-02-15T04:46:55Z,635,2026-02-01T00:08:54Z,2026-02-15T00:08:54Z,b004_failed_after_recovery_rc_1,,
2026-02-15T05:49:41Z,635,2026-02-01T00:08:54Z,2026-02-15T00:08:54Z,b004_failed_after_recovery_rc_1,,
2026-02-16T09:32:06Z,635,2026-02-02T09:08:09Z,2026-02-16T09:08:09Z,b004_failed_after_recovery_rc_1,,
2026-02-16T10:34:58Z,635,2026-02-02T09:54:19Z,2026-02-16T09:54:19Z,b004_failed_after_recovery_rc_1,,
2026-02-16T11:37:09Z,635,2026-02-02T11:22:01Z,2026-02-16T11:22:01Z,b004_failed_after_recovery_rc_1,,
2026-02-16T12:39:57Z,635,2026-02-02T12:25:03Z,2026-02-16T12:25:03Z,b004_failed_after_recovery_rc_1,,
2026-02-16T13:42:53Z,635,2026-02-02T12:50:17Z,2026-02-16T12:50:17Z,b004_failed_after_recovery_rc_1,,
2026-02-16T14:46:10Z,635,2026-02-02T12:50:17Z,2026-02-16T12:50:17Z,b004_failed_after_recovery_rc_1,,
2026-02-16T15:49:10Z,635,2026-02-02T14:41:49Z,2026-02-16T14:41:49Z,b004_failed_after_recovery_rc_1,,
2026-02-16T16:47:55Z,635,2026-02-02T16:31:28Z,2026-02-16T16:31:28Z,orphans_remain_after_lookback,,
2026-02-16T17:53:15Z,635,2026-02-02T17:10:11Z,2026-02-16T17:10:11Z,b004_failed_after_recovery_rc_1,,
2026-02-16T18:53:56Z,635,2026-02-02T18:33:21Z,2026-02-16T18:33:21Z,b004_failed_after_recovery_rc_1,,
2026-02-16T19:54:05Z,635,2026-02-02T18:46:55Z,2026-02-16T18:46:55Z,b004_failed_after_recovery_rc_1,,
2026-02-16T20:56:22Z,635,2026-02-02T18:46:55Z,2026-02-16T18:46:55Z,b004_failed_after_recovery_rc_1,,
2026-02-16T21:59:03Z,635,2026-02-02T21:32:20Z,2026-02-16T21:32:20Z,b004_failed_after_recovery_rc_1,,
2026-02-16T23:01:34Z,635,2026-02-02T22:52:12Z,2026-02-16T22:52:12Z,b004_failed_after_recovery_rc_1,,
2026-02-17T00:03:20Z,635,2026-02-02T22:52:12Z,2026-02-16T22:52:12Z,b004_failed_after_recovery_rc_1,,
2026-02-17T01:05:37Z,635,2026-02-02T22:52:12Z,2026-02-16T22:52:12Z,b004_failed_after_recovery_rc_1,,
2026-02-17T02:07:52Z,635,2026-02-02T22:52:12Z,2026-02-16T22:52:12Z,b004_failed_after_recovery_rc_1,,
2026-02-17T03:09:26Z,635,2026-02-03T02:51:40Z,2026-02-17T02:51:40Z,b004_failed_after_recovery_rc_1,,
2026-02-17T04:11:05Z,635,2026-02-03T02:51:40Z,2026-02-17T02:51:40Z,b004_failed_after_recovery_rc_1,,
2026-02-17T05:12:33Z,635,2026-02-03T02:51:40Z,2026-02-17T02:51:40Z,b004_failed_after_recovery_rc_1,,
2026-02-17T08:53:21Z,635,2026-02-03T08:36:16Z,2026-02-17T08:36:16Z,b004_failed_after_recovery_rc_1,,
2026-02-17T09:57:39Z,635,2026-02-03T08:36:16Z,2026-02-17T08:36:16Z,b004_failed_after_recovery_rc_1,,
2026-02-17T11:01:33Z,635,2026-02-03T10:43:39Z,2026-02-17T10:43:39Z,b004_failed_after_recovery_rc_1,,
2026-02-17T12:05:09Z,635,2026-02-03T11:26:50Z,2026-02-17T11:26:50Z,b004_failed_after_recovery_rc_1,,
2026-02-17T13:28:19Z,635,2026-02-03T11:26:50Z,2026-02-17T11:26:50Z,b004_failed_after_recovery_rc_1,,
2026-02-17T14:31:31Z,635,2026-02-03T11:26:50Z,2026-02-17T11:26:50Z,b004_failed_after_recovery_rc_1,,
2026-02-17T15:34:33Z,635,2026-02-03T11:26:50Z,2026-02-17T11:26:50Z,b004_failed_after_recovery_rc_1,,
2026-02-17T17:42:15Z,635,2026-02-03T17:18:04Z,2026-02-17T17:18:04Z,b004_failed_after_recovery_rc_1,,
2026-02-17T18:44:54Z,635,2026-02-03T17:18:04Z,2026-02-17T17:18:04Z,b004_failed_after_recovery_rc_1,,
2026-02-17T19:46:01Z,635,2026-02-03T19:04:23Z,2026-02-17T19:04:23Z,b004_failed_after_recovery_rc_1,,
2026-02-17T20:43:43Z,635,2026-02-03T19:38:05Z,2026-02-17T19:38:05Z,orphans_remain_after_lookback,,
2026-02-17T21:51:06Z,635,2026-02-03T19:38:05Z,2026-02-17T19:38:05Z,b004_failed_after_recovery_rc_1,,
2026-02-17T22:54:02Z,635,2026-02-03T19:38:05Z,2026-02-17T19:38:05Z,b004_failed_after_recovery_rc_1,,
2026-02-17T23:51:16Z,635,2026-02-03T19:38:05Z,2026-02-17T19:38:05Z,orphans_remain_after_lookback,,
2026-02-18T01:00:38Z,635,2026-02-03T19:38:05Z,2026-02-17T19:38:05Z,b004_failed_after_recovery_rc_1,,
2026-02-18T01:58:54Z,635,2026-02-03T19:38:05Z,2026-02-17T19:38:05Z,orphans_remain_after_lookback,,
2026-02-18T03:03:12Z,635,2026-02-03T19:38:05Z,2026-02-17T19:38:05Z,orphans_remain_after_lookback,,
2026-02-18T04:12:33Z,635,2026-02-03T19:38:05Z,2026-02-17T19:38:05Z,b004_failed_after_recovery_rc_1,,
2026-02-18T05:14:46Z,635,2026-02-03T19:38:05Z,2026-02-17T19:38:05Z,b004_failed_after_recovery_rc_1,,
2026-02-18T09:19:36Z,635,2026-02-04T08:57:26Z,2026-02-18T08:57:26Z,b004_failed_after_recovery_rc_1,,
2026-02-18T10:22:11Z,635,2026-02-04T09:35:20Z,2026-02-18T09:35:20Z,b004_failed_after_recovery_rc_1,,
2026-02-18T11:26:02Z,635,2026-02-04T09:35:20Z,2026-02-18T09:35:20Z,b004_failed_after_recovery_rc_1,,
2026-02-18T12:28:04Z,635,2026-02-04T12:09:34Z,2026-02-18T12:09:34Z,b004_failed_after_recovery_rc_1,,
2026-02-18T14:07:41Z,635,2026-02-04T12:41:53Z,2026-02-18T12:41:53Z,b007_failed_after_recovery_rc_1,,
2026-02-18T15:08:34Z,635,2026-02-04T14:19:46Z,2026-02-18T14:19:46Z,b004_failed_after_recovery_rc_1,,
2026-02-18T16:09:32Z,635,2026-02-04T15:31:18Z,2026-02-18T15:31:18Z,b004_failed_after_recovery_rc_1,,
2026-02-18T17:10:46Z,635,2026-02-04T16:32:05Z,2026-02-18T16:32:05Z,b004_failed_after_recovery_rc_1,,
2026-02-18T18:14:46Z,635,2026-02-04T17:44:54Z,2026-02-18T17:44:54Z,b004_failed_after_recovery_rc_1,,
2026-02-18T19:10:56Z,635,2026-02-04T18:35:06Z,2026-02-18T18:35:06Z,orphans_remain_after_lookback,,
2026-02-18T20:16:59Z,635,2026-02-04T19:14:16Z,2026-02-18T19:14:16Z,b004_failed_after_recovery_rc_1,,
2026-02-18T21:18:28Z,635,2026-02-04T19:14:16Z,2026-02-18T19:14:16Z,b004_failed_after_recovery_rc_1,,
2026-02-18T22:20:24Z,635,2026-02-04T21:57:58Z,2026-02-18T21:57:58Z,b004_failed_after_recovery_rc_1,,
2026-02-18T23:24:16Z,635,2026-02-04T23:02:07Z,2026-02-18T23:02:07Z,b004_failed_after_recovery_rc_1,,
2026-02-19T00:24:24Z,635,2026-02-04T23:29:34Z,2026-02-18T23:29:34Z,b004_failed_after_recovery_rc_1,,
2026-02-19T01:24:37Z,635,2026-02-05T01:00:11Z,2026-02-19T01:00:11Z,b004_failed_after_recovery_rc_1,,
2026-02-19T02:27:02Z,635,2026-02-05T01:00:11Z,2026-02-19T01:00:11Z,b004_failed_after_recovery_rc_1,,
2026-02-19T03:29:59Z,635,2026-02-05T01:00:11Z,2026-02-19T01:00:11Z,b004_failed_after_recovery_rc_1,,
2026-02-19T04:30:18Z,635,2026-02-05T01:00:11Z,2026-02-19T01:00:11Z,b004_failed_after_recovery_rc_1,,
2026-02-19T05:33:02Z,635,2026-02-05T01:00:11Z,2026-02-19T01:00:11Z,b004_failed_after_recovery_rc_1,,
2026-02-19T06:35:30Z,635,2026-02-05T01:00:11Z,2026-02-19T01:00:11Z,b004_failed_after_recovery_rc_1,,
2026-02-19T07:37:52Z,635,2026-02-05T01:00:11Z,2026-02-19T01:00:11Z,b004_failed_after_recovery_rc_1,,
2026-02-19T09:03:10Z,635,2026-02-05T08:38:37Z,2026-02-19T08:38:37Z,b004_failed_after_recovery_rc_1,,
2026-02-19T10:05:46Z,635,2026-02-05T09:29:29Z,2026-02-19T09:29:29Z,b004_failed_after_recovery_rc_1,,
2026-02-19T11:07:20Z,635,2026-02-05T10:24:19Z,2026-02-19T10:24:19Z,b004_failed_after_recovery_rc_1,,
2026-02-19T12:11:57Z,635,2026-02-05T11:38:23Z,2026-02-19T11:38:23Z,b004_failed_after_recovery_rc_1,,
2026-02-19T13:14:54Z,635,2026-02-05T11:38:23Z,2026-02-19T11:38:23Z,b004_failed_after_recovery_rc_1,,
2026-02-19T14:15:35Z,635,2026-02-05T14:07:17Z,2026-02-19T14:07:17Z,b001_failed_marketplace_A1F83G8C2ARO7P,,
2026-02-19T14:16:34Z,635,2026-02-05T14:07:17Z,2026-02-19T14:07:17Z,b001_failed_marketplace_A28R8C7NBKEWEA,,
2026-02-19T14:17:40Z,635,2026-02-05T14:07:17Z,2026-02-19T14:07:17Z,b001_failed_marketplace_A2VIGQ35RCS4UG,,
2026-02-19T14:18:37Z,635,2026-02-05T14:07:17Z,2026-02-19T14:07:17Z,b001_failed_marketplace_AZMDEXL2RVFNN,,
2026-02-19T14:18:40Z,635,2026-02-05T14:07:17Z,2026-02-19T14:07:17Z,b007_failed_after_recovery_rc_120,,
2026-02-19T15:20:12Z,635,2026-02-05T14:07:17Z,2026-02-19T14:07:17Z,b004_failed_after_recovery_rc_1,,
2026-02-19T16:23:42Z,635,2026-02-05T14:07:17Z,2026-02-19T14:07:17Z,b004_failed_after_recovery_rc_1,,
2026-02-19T17:24:47Z,635,2026-02-05T14:07:17Z,2026-02-19T14:07:17Z,b004_failed_after_recovery_rc_1,,
2026-02-20T09:19:14Z,635,2026-02-06T08:12:34Z,2026-02-20T08:12:34Z,b004_failed_after_recovery_rc_1,,
2026-02-20T10:21:20Z,635,2026-02-06T08:12:34Z,2026-02-20T08:12:34Z,b004_failed_after_recovery_rc_1,,
2026-02-20T11:19:15Z,635,2026-02-06T10:54:10Z,2026-02-20T10:54:10Z,orphans_remain_after_lookback,,
2026-02-20T12:27:27Z,635,2026-02-06T12:07:46Z,2026-02-20T12:07:46Z,b004_failed_after_recovery_rc_1,,
2026-02-20T13:28:59Z,635,2026-02-06T12:57:08Z,2026-02-20T12:57:08Z,b004_failed_after_recovery_rc_1,,
2026-02-20T14:31:23Z,635,2026-02-06T14:02:32Z,2026-02-20T14:02:32Z,b004_failed_after_recovery_rc_1,,
2026-02-20T15:50:09Z,635,2026-02-06T15:24:52Z,2026-02-20T15:24:52Z,b004_failed_after_recovery_rc_1,,
2026-02-20T16:52:45Z,635,2026-02-06T16:40:16Z,2026-02-20T16:40:16Z,b004_failed_after_recovery_rc_1,,
2026-02-20T17:55:05Z,635,2026-02-06T17:40:14Z,2026-02-20T17:40:14Z,b004_failed_after_recovery_rc_1,,
2026-02-20T18:56:44Z,635,2026-02-06T17:57:04Z,2026-02-20T17:57:04Z,b004_failed_after_recovery_rc_1,,
2026-02-20T20:02:27Z,635,2026-02-06T19:36:50Z,2026-02-20T19:36:50Z,b004_failed_after_recovery_rc_1,,
2026-02-20T21:07:21Z,635,2026-02-06T20:01:28Z,2026-02-20T20:01:28Z,b004_failed_after_recovery_rc_1,,
2026-02-20T22:13:10Z,635,2026-02-06T21:56:11Z,2026-02-20T21:56:11Z,b004_failed_after_recovery_rc_1,,
2026-02-20T23:17:44Z,635,2026-02-06T21:56:11Z,2026-02-20T21:56:11Z,b004_failed_after_recovery_rc_1,,
2026-02-21T00:22:23Z,635,2026-02-06T21:56:11Z,2026-02-20T21:56:11Z,b004_failed_after_recovery_rc_1,,
2026-02-21T01:25:37Z,635,2026-02-06T21:56:11Z,2026-02-20T21:56:11Z,b004_failed_after_recovery_rc_1,,
2026-02-21T02:28:38Z,635,2026-02-06T21:56:11Z,2026-02-20T21:56:11Z,b004_failed_after_recovery_rc_1,,
2026-02-21T03:31:54Z,635,2026-02-06T21:56:11Z,2026-02-20T21:56:11Z,b004_failed_after_recovery_rc_1,,
2026-02-21T04:35:11Z,635,2026-02-06T21:56:11Z,2026-02-20T21:56:11Z,b004_failed_after_recovery_rc_1,,
2026-02-21T05:38:39Z,635,2026-02-06T21:56:11Z,2026-02-20T21:56:11Z,b004_failed_after_recovery_rc_1,,
2026-02-21T11:48:39Z,635,2026-02-07T11:12:40Z,2026-02-21T11:12:40Z,b004_failed_after_recovery_rc_1,,
2026-02-21T12:50:28Z,635,2026-02-07T11:12:40Z,2026-02-21T11:12:40Z,b004_failed_after_recovery_rc_1,,
2026-02-21T14:42:32Z,635,2026-02-07T14:17:20Z,2026-02-21T14:17:20Z,b004_failed_after_recovery_rc_1,,
2026-02-21T15:42:37Z,635,2026-02-07T15:22:07Z,2026-02-21T15:22:07Z,b004_failed_after_recovery_rc_1,,
2026-02-21T16:44:52Z,635,2026-02-07T16:18:10Z,2026-02-21T16:18:10Z,b004_failed_after_recovery_rc_1,,
2026-02-21T17:47:33Z,635,2026-02-07T17:36:36Z,2026-02-21T17:36:36Z,b004_failed_after_recovery_rc_1,,
2026-02-21T18:48:35Z,635,2026-02-07T18:14:51Z,2026-02-21T18:14:51Z,b004_failed_after_recovery_rc_1,,
2026-02-21T19:52:29Z,635,2026-02-07T19:41:32Z,2026-02-21T19:41:32Z,b004_failed_after_recovery_rc_1,,
2026-02-21T20:56:02Z,635,2026-02-07T20:08:58Z,2026-02-21T20:08:58Z,b004_failed_after_recovery_rc_1,,
2026-02-21T21:58:53Z,635,2026-02-07T20:08:58Z,2026-02-21T20:08:58Z,b004_failed_after_recovery_rc_1,,
2026-02-21T23:01:53Z,635,2026-02-07T22:27:14Z,2026-02-21T22:27:14Z,b004_failed_after_recovery_rc_1,,
2026-02-22T00:04:53Z,635,2026-02-07T22:27:14Z,2026-02-21T22:27:14Z,b004_failed_after_recovery_rc_1,,
2026-02-22T01:07:19Z,635,2026-02-07T22:27:14Z,2026-02-21T22:27:14Z,b004_failed_after_recovery_rc_1,,
2026-02-22T02:10:17Z,635,2026-02-08T01:24:01Z,2026-02-22T01:24:01Z,b004_failed_after_recovery_rc_1,,
2026-02-22T03:12:56Z,635,2026-02-08T01:24:01Z,2026-02-22T01:24:01Z,b004_failed_after_recovery_rc_1,,
2026-02-22T04:16:25Z,635,2026-02-08T03:11:44Z,2026-02-22T03:11:44Z,b004_failed_after_recovery_rc_1,,
2026-02-22T05:18:59Z,635,2026-02-08T03:11:44Z,2026-02-22T03:11:44Z,b004_failed_after_recovery_rc_1,,
2026-02-23T09:29:01Z,635,2026-02-09T09:00:30Z,2026-02-23T09:00:30Z,b004_failed_after_recovery_rc_1,,
2026-02-23T10:26:21Z,635,2026-02-09T10:02:28Z,2026-02-23T10:02:28Z,orphans_remain_after_lookback,,
2026-02-23T11:32:42Z,635,2026-02-09T11:08:35Z,2026-02-23T11:08:35Z,b004_failed_after_recovery_rc_1,,
2026-02-23T12:32:54Z,635,2026-02-09T12:03:09Z,2026-02-23T12:03:09Z,b004_failed_after_recovery_rc_1,,
2026-02-23T13:34:32Z,635,2026-02-09T13:06:02Z,2026-02-23T13:06:02Z,b004_failed_after_recovery_rc_1,,
2026-02-23T14:35:44Z,635,2026-02-09T14:20:44Z,2026-02-23T14:20:44Z,b004_failed_after_recovery_rc_1,,
2026-02-23T15:36:38Z,635,2026-02-09T15:20:46Z,2026-02-23T15:20:46Z,b004_failed_after_recovery_rc_1,,
2026-02-23T16:38:17Z,635,2026-02-09T16:06:38Z,2026-02-23T16:06:38Z,b004_failed_after_recovery_rc_1,,
2026-02-23T17:39:37Z,635,2026-02-09T16:34:32Z,2026-02-23T16:34:32Z,b004_failed_after_recovery_rc_1,,
2026-02-23T18:37:52Z,635,2026-02-09T18:17:20Z,2026-02-23T18:17:20Z,orphans_remain_after_lookback,,
2026-02-23T19:44:39Z,635,2026-02-09T18:17:20Z,2026-02-23T18:17:20Z,b004_failed_after_recovery_rc_1,,
2026-02-23T20:47:18Z,635,2026-02-09T20:12:26Z,2026-02-23T20:12:26Z,b004_failed_after_recovery_rc_1,,
2026-02-23T21:48:58Z,635,2026-02-09T20:55:07Z,2026-02-23T20:55:07Z,b004_failed_after_recovery_rc_1,,
2026-02-23T22:50:16Z,635,2026-02-09T22:25:46Z,2026-02-23T22:25:46Z,b004_failed_after_recovery_rc_1,,
2026-02-23T23:51:28Z,635,2026-02-09T23:06:21Z,2026-02-23T23:06:21Z,b004_failed_after_recovery_rc_1,,
2026-02-24T00:54:31Z,635,2026-02-09T23:06:21Z,2026-02-23T23:06:21Z,b004_failed_after_recovery_rc_1,,
2026-02-24T01:57:19Z,635,2026-02-09T23:06:21Z,2026-02-23T23:06:21Z,b004_failed_after_recovery_rc_1,,
2026-02-24T02:59:42Z,635,2026-02-09T23:06:21Z,2026-02-23T23:06:21Z,b004_failed_after_recovery_rc_1,,
2026-02-24T04:02:06Z,635,2026-02-09T23:06:21Z,2026-02-23T23:06:21Z,b004_failed_after_recovery_rc_1,,
2026-02-24T05:05:15Z,635,2026-02-09T23:06:21Z,2026-02-23T23:06:21Z,b004_failed_after_recovery_rc_1,,
2026-02-24T09:17:27Z,635,2026-02-10T09:07:54Z,2026-02-24T09:07:54Z,orphans_remain_after_lookback,,
2026-02-24T10:26:00Z,635,2026-02-10T09:39:58Z,2026-02-24T09:39:58Z,b004_failed_after_recovery_rc_1,,
2026-02-24T11:29:44Z,635,2026-02-10T11:03:52Z,2026-02-24T11:03:52Z,b004_failed_after_recovery_rc_1,,
2026-02-24T12:33:40Z,635,2026-02-10T12:12:09Z,2026-02-24T12:12:09Z,b004_failed_after_recovery_rc_1,,
2026-02-24T14:16:41Z,635,2026-02-10T13:39:53Z,2026-02-24T13:39:53Z,b004_failed_after_recovery_rc_1,,
2026-02-24T15:20:25Z,635,2026-02-10T15:04:27Z,2026-02-24T15:04:27Z,b004_failed_after_recovery_rc_1,,
2026-02-24T16:20:28Z,635,2026-02-10T15:45:52Z,2026-02-24T15:45:52Z,b004_failed_after_recovery_rc_1,,
2026-02-24T17:24:27Z,635,2026-02-10T15:45:52Z,2026-02-24T15:45:52Z,b004_failed_after_recovery_rc_1,,
2026-02-24T18:20:17Z,635,2026-02-10T17:36:06Z,2026-02-24T17:36:06Z,orphans_remain_after_lookback,,
2026-02-24T19:26:21Z,635,2026-02-10T18:51:35Z,2026-02-24T18:51:35Z,b004_failed_after_recovery_rc_1,,
2026-02-24T20:30:52Z,635,2026-02-10T20:12:50Z,2026-02-24T20:12:50Z,b004_failed_after_recovery_rc_1,,
2026-02-24T21:34:03Z,635,2026-02-10T21:10:58Z,2026-02-24T21:10:58Z,b004_failed_after_recovery_rc_1,,
2026-02-24T22:38:11Z,635,2026-02-10T21:10:58Z,2026-02-24T21:10:58Z,b004_failed_after_recovery_rc_1,,
2026-02-24T23:41:27Z,635,2026-02-10T23:07:40Z,2026-02-24T23:07:40Z,b004_failed_after_recovery_rc_1,,
2026-02-25T00:43:42Z,635,2026-02-10T23:07:40Z,2026-02-24T23:07:40Z,b004_failed_after_recovery_rc_1,,
2026-02-25T01:46:16Z,635,2026-02-10T23:07:40Z,2026-02-24T23:07:40Z,b004_failed_after_recovery_rc_1,,
2026-02-25T02:46:37Z,635,2026-02-10T23:07:40Z,2026-02-24T23:07:40Z,b004_failed_after_recovery_rc_1,,
2026-02-25T03:48:21Z,635,2026-02-11T03:00:25Z,2026-02-25T03:00:25Z,b004_failed_after_recovery_rc_1,,
2026-02-25T04:50:25Z,635,2026-02-11T03:00:25Z,2026-02-25T03:00:25Z,b004_failed_after_recovery_rc_1,,
2026-02-25T05:54:03Z,635,2026-02-11T03:00:25Z,2026-02-25T03:00:25Z,b004_failed_after_recovery_rc_1,,
2026-02-25T11:10:56Z,635,2026-02-11T10:54:36Z,2026-02-25T10:54:36Z,b004_failed_after_recovery_rc_1,,
2026-02-25T13:03:50Z,635,2026-02-11T11:40:11Z,2026-02-25T11:40:11Z,orphans_remain_after_lookback,,
2026-02-25T14:10:56Z,635,2026-02-11T13:58:59Z,2026-02-25T13:58:59Z,b004_failed_after_recovery_rc_1,,
2026-02-25T15:14:55Z,635,2026-02-11T14:57:23Z,2026-02-25T14:57:23Z,b004_failed_after_recovery_rc_1,,
2026-02-25T16:17:18Z,635,2026-02-11T15:48:06Z,2026-02-25T15:48:06Z,b004_failed_after_recovery_rc_1,,
2026-02-25T17:19:13Z,635,2026-02-11T16:46:02Z,2026-02-25T16:46:02Z,b004_failed_after_recovery_rc_1,,
2026-02-25T18:24:06Z,635,2026-02-11T17:26:00Z,2026-02-25T17:26:00Z,b004_failed_after_recovery_rc_1,,
2026-02-25T19:29:35Z,635,2026-02-11T18:41:06Z,2026-02-25T18:41:06Z,b004_failed_after_recovery_rc_1,,
2026-02-25T20:33:11Z,635,2026-02-11T20:15:29Z,2026-02-25T20:15:29Z,b004_failed_after_recovery_rc_1,,
2026-02-25T21:36:27Z,635,2026-02-11T20:44:10Z,2026-02-25T20:44:10Z,b004_failed_after_recovery_rc_1,,
2026-02-25T22:40:01Z,635,2026-02-11T22:04:01Z,2026-02-25T22:04:01Z,b004_failed_after_recovery_rc_1,,
2026-02-25T23:42:51Z,635,2026-02-11T22:04:01Z,2026-02-25T22:04:01Z,b004_failed_after_recovery_rc_1,,
2026-02-26T00:44:46Z,635,2026-02-11T22:04:01Z,2026-02-25T22:04:01Z,b004_failed_after_recovery_rc_1,,
2026-02-26T01:46:57Z,635,2026-02-12T00:40:11Z,2026-02-26T00:40:11Z,b004_failed_after_recovery_rc_1,,
2026-02-26T02:49:33Z,635,2026-02-12T00:40:11Z,2026-02-26T00:40:11Z,b004_failed_after_recovery_rc_1,,
2026-02-26T03:51:47Z,635,2026-02-12T02:46:32Z,2026-02-26T02:46:32Z,b004_failed_after_recovery_rc_1,,
2026-02-26T04:54:29Z,635,2026-02-12T03:52:09Z,2026-02-26T03:52:09Z,b004_failed_after_recovery_rc_1,,
2026-02-26T06:00:00Z,635,2026-02-12T03:52:09Z,2026-02-26T03:52:09Z,b004_failed_after_recovery_rc_1,,
2026-02-26T07:02:14Z,635,2026-02-12T03:52:09Z,2026-02-26T03:52:09Z,b004_failed_after_recovery_rc_1,,
2026-02-26T09:00:21Z,635,2026-02-12T08:05:32Z,2026-02-26T08:05:32Z,b004_failed_after_recovery_rc_1,,
2026-02-26T10:05:14Z,635,2026-02-12T09:36:23Z,2026-02-26T09:36:23Z,b004_failed_after_recovery_rc_1,,
2026-02-26T11:05:12Z,635,2026-02-12T09:36:23Z,2026-02-26T09:36:23Z,b004_failed_after_recovery_rc_1,,
2026-02-26T12:08:06Z,635,2026-02-12T11:41:18Z,2026-02-26T11:41:18Z,b004_failed_after_recovery_rc_1,,
2026-02-26T13:12:24Z,635,2026-02-12T12:54:00Z,2026-02-26T12:54:00Z,b004_failed_after_recovery_rc_1,,
2026-02-26T14:12:00Z,635,2026-02-12T14:02:31Z,2026-02-26T14:02:31Z,b004_failed_after_recovery_rc_1,,
2026-02-26T15:12:09Z,635,2026-02-12T14:54:14Z,2026-02-26T14:54:14Z,b004_failed_after_recovery_rc_1,,
2026-02-26T16:15:21Z,635,2026-02-12T15:44:37Z,2026-02-26T15:44:37Z,b004_failed_after_recovery_rc_1,,
2026-02-26T17:19:19Z,635,2026-02-12T16:43:51Z,2026-02-26T16:43:51Z,b004_failed_after_recovery_rc_1,,
2026-02-26T18:21:08Z,635,2026-02-12T18:03:43Z,2026-02-26T18:03:43Z,b004_failed_after_recovery_rc_1,,
2026-02-26T19:24:14Z,635,2026-02-12T18:56:24Z,2026-02-26T18:56:24Z,b004_failed_after_recovery_rc_1,,
2026-02-26T20:25:03Z,635,2026-02-12T20:00:21Z,2026-02-26T20:00:21Z,b004_failed_after_recovery_rc_1,,
2026-02-26T21:26:15Z,635,2026-02-12T20:51:55Z,2026-02-26T20:51:55Z,b004_failed_after_recovery_rc_1,,
2026-02-26T22:28:39Z,635,2026-02-12T21:50:48Z,2026-02-26T21:50:48Z,b004_failed_after_recovery_rc_1,,
2026-02-26T23:29:27Z,635,2026-02-12T21:50:48Z,2026-02-26T21:50:48Z,b004_failed_after_recovery_rc_1,,
2026-02-27T00:30:31Z,635,2026-02-12T23:24:04Z,2026-02-26T23:24:04Z,b004_failed_after_recovery_rc_1,,
2026-02-27T01:30:21Z,635,2026-02-12T23:24:04Z,2026-02-26T23:24:04Z,b004_failed_after_recovery_rc_1,,
2026-02-27T02:28:44Z,635,2026-02-12T23:24:04Z,2026-02-26T23:24:04Z,orphans_remain_after_lookback,,
2026-02-27T03:33:51Z,635,2026-02-12T23:24:04Z,2026-02-26T23:24:04Z,b004_failed_after_recovery_rc_1,,
2026-02-27T04:36:54Z,635,2026-02-13T04:06:19Z,2026-02-27T04:06:19Z,b004_failed_after_recovery_rc_1,,
2026-02-27T05:38:11Z,635,2026-02-13T04:06:19Z,2026-02-27T04:06:19Z,b004_failed_after_recovery_rc_1,,
2026-02-27T06:38:01Z,635,2026-02-13T04:06:19Z,2026-02-27T04:06:19Z,b004_failed_after_recovery_rc_1,,
2026-02-27T07:41:09Z,635,2026-02-13T04:06:19Z,2026-02-27T04:06:19Z,b004_failed_after_recovery_rc_1,,
2026-02-27T08:57:13Z,635,2026-02-13T04:06:19Z,2026-02-27T04:06:19Z,b004_failed_after_recovery_rc_1,,
2026-02-27T09:52:30Z,634,2026-02-13T09:25:35Z,2026-02-27T09:25:35Z,b004_failed_after_recovery_rc_1,,
2026-02-27T10:55:05Z,634,2026-02-13T10:19:09Z,2026-02-27T10:19:09Z,b004_failed_after_recovery_rc_1,,
2026-02-27T11:58:51Z,634,2026-02-13T11:05:07Z,2026-02-27T11:05:07Z,b004_failed_after_recovery_rc_1,,
2026-02-27T13:02:27Z,634,2026-02-13T12:33:11Z,2026-02-27T12:33:11Z,b004_failed_after_recovery_rc_1,,
2026-02-27T14:06:24Z,634,2026-02-13T13:03:35Z,2026-02-27T13:03:35Z,b004_failed_after_recovery_rc_1,,
2026-02-27T15:14:40Z,634,2026-02-13T14:58:37Z,2026-02-27T14:58:37Z,b004_failed_after_recovery_rc_1,,
2026-02-27T16:19:17Z,634,2026-02-13T15:58:08Z,2026-02-27T15:58:08Z,b004_failed_after_recovery_rc_1,,
2026-02-27T17:22:31Z,634,2026-02-13T17:02:06Z,2026-02-27T17:02:06Z,b004_failed_after_recovery_rc_1,,
2026-02-27T18:21:03Z,634,2026-02-13T17:49:19Z,2026-02-27T17:49:19Z,orphans_remain_after_lookback,,
2026-02-27T19:30:21Z,634,2026-02-13T18:36:35Z,2026-02-27T18:36:35Z,b004_failed_after_recovery_rc_1,,
2026-02-27T20:34:50Z,634,2026-02-13T19:49:30Z,2026-02-27T19:49:30Z,b004_failed_after_recovery_rc_1,,
2026-02-27T21:40:37Z,634,2026-02-13T21:30:20Z,2026-02-27T21:30:20Z,b004_failed_after_recovery_rc_1,,
2026-02-27T22:45:15Z,634,2026-02-13T21:46:22Z,2026-02-27T21:46:22Z,b004_failed_after_recovery_rc_1,,
2026-02-27T23:49:52Z,634,2026-02-13T21:46:22Z,2026-02-27T21:46:22Z,b004_failed_after_recovery_rc_1,,
2026-02-28T00:55:14Z,634,2026-02-13T23:57:17Z,2026-02-27T23:57:17Z,b004_failed_after_recovery_rc_1,,
2026-02-28T01:59:24Z,634,2026-02-13T23:57:17Z,2026-02-27T23:57:17Z,b004_failed_after_recovery_rc_1,,
2026-02-28T03:03:36Z,634,2026-02-14T01:50:12Z,2026-02-28T01:50:12Z,b004_failed_after_recovery_rc_1,,
2026-02-28T04:07:47Z,634,2026-02-14T01:50:12Z,2026-02-28T01:50:12Z,b004_failed_after_recovery_rc_1,,
2026-02-28T05:11:29Z,634,2026-02-14T01:50:12Z,2026-02-28T01:50:12Z,b004_failed_after_recovery_rc_1,,
2026-02-28T06:37:00Z,634,2026-02-14T05:16:00Z,2026-02-28T05:16:00Z,b004_failed_after_recovery_rc_1,,
2026-02-28T07:40:08Z,634,2026-02-14T05:16:00Z,2026-02-28T05:16:00Z,b004_failed_after_recovery_rc_1,,
2026-02-28T08:43:57Z,634,2026-02-14T05:16:00Z,2026-02-28T05:16:00Z,b004_failed_after_recovery_rc_1,,
2026-02-28T09:47:22Z,634,2026-02-14T09:31:41Z,2026-02-28T09:31:41Z,b004_failed_after_recovery_rc_1,,
2026-02-28T10:50:58Z,634,2026-02-14T10:15:39Z,2026-02-28T10:15:39Z,b004_failed_after_recovery_rc_1,,
2026-02-28T11:55:01Z,634,2026-02-14T11:26:10Z,2026-02-28T11:26:10Z,b004_failed_after_recovery_rc_1,,
2026-02-28T12:58:37Z,634,2026-02-14T12:37:46Z,2026-02-28T12:37:46Z,b004_failed_after_recovery_rc_1,,
2026-02-28T14:02:04Z,634,2026-02-14T13:48:47Z,2026-02-28T13:48:47Z,b004_failed_after_recovery_rc_1,,
2026-02-28T15:07:47Z,634,2026-02-14T14:34:58Z,2026-02-28T14:34:58Z,b004_failed_after_recovery_rc_1,,
2026-02-28T16:12:20Z,634,2026-02-14T15:19:05Z,2026-02-28T15:19:05Z,b004_failed_after_recovery_rc_1,,
2026-02-28T17:17:03Z,634,2026-02-14T16:58:12Z,2026-02-28T16:58:12Z,b004_failed_after_recovery_rc_1,,
2026-02-28T18:20:29Z,634,2026-02-14T16:58:12Z,2026-02-28T16:58:12Z,b004_failed_after_recovery_rc_1,,
2026-02-28T19:24:00Z,634,2026-02-14T18:44:06Z,2026-02-28T18:44:06Z,b004_failed_after_recovery_rc_1,,
2026-02-28T20:23:55Z,634,2026-02-14T19:50:20Z,2026-02-28T19:50:20Z,b004_failed_after_recovery_rc_1,,
2026-02-28T21:28:35Z,634,2026-02-14T20:45:51Z,2026-02-28T20:45:51Z,b004_failed_after_recovery_rc_1,,
2026-02-28T22:28:36Z,634,2026-02-14T22:17:27Z,2026-02-28T22:17:27Z,b004_failed_after_recovery_rc_1,,
2026-02-28T23:28:48Z,634,2026-02-14T22:52:02Z,2026-02-28T22:52:02Z,b004_failed_after_recovery_rc_1,,
2026-03-01T00:33:19Z,634,2026-02-14T22:52:02Z,2026-02-28T22:52:02Z,b004_failed_after_recovery_rc_1,,
2026-03-01T01:37:08Z,634,2026-02-14T22:52:02Z,2026-02-28T22:52:02Z,b004_failed_after_recovery_rc_1,,
2026-03-01T02:40:27Z,634,2026-02-14T22:52:02Z,2026-02-28T22:52:02Z,b004_failed_after_recovery_rc_1,,
2026-03-01T03:44:59Z,634,2026-02-14T22:52:02Z,2026-02-28T22:52:02Z,b004_failed_after_recovery_rc_1,,
2026-03-01T04:45:08Z,634,2026-02-14T22:52:02Z,2026-02-28T22:52:02Z,b004_failed_after_recovery_rc_1,,
2026-03-01T05:45:32Z,634,2026-02-14T22:52:02Z,2026-02-28T22:52:02Z,b004_failed_after_recovery_rc_1,,
2026-03-01T06:47:05Z,634,2026-02-15T06:38:36Z,2026-03-01T06:38:36Z,b004_failed_after_recovery_rc_1,,
2026-03-01T07:49:05Z,634,2026-02-15T06:38:36Z,2026-03-01T06:38:36Z,b004_failed_after_recovery_rc_1,,
2026-03-01T08:50:46Z,634,2026-02-15T06:38:36Z,2026-03-01T06:38:36Z,b004_failed_after_recovery_rc_1,,
2026-03-01T09:53:28Z,634,2026-02-15T09:44:39Z,2026-03-01T09:44:39Z,b004_failed_after_recovery_rc_1,,
2026-03-01T10:54:32Z,634,2026-02-15T10:32:46Z,2026-03-01T10:32:46Z,b004_failed_after_recovery_rc_1,,
2026-03-01T11:56:22Z,634,2026-02-15T10:32:46Z,2026-03-01T10:32:46Z,b004_failed_after_recovery_rc_1,,
2026-03-01T13:01:03Z,634,2026-02-15T12:51:34Z,2026-03-01T12:51:34Z,b004_failed_after_recovery_rc_1,,
2026-03-01T14:03:07Z,634,2026-02-15T13:30:11Z,2026-03-01T13:30:11Z,b004_failed_after_recovery_rc_1,,
2026-03-02T08:52:07Z,634,2026-02-16T08:36:05Z,2026-03-02T08:36:05Z,b004_failed_after_recovery_rc_1,,
2026-03-02T16:26:00Z,634,2026-02-16T16:08:38Z,2026-03-02T16:08:38Z,b004_failed_after_recovery_rc_1,,
2026-03-03T09:27:44Z,634,2026-02-17T09:09:10Z,2026-03-03T09:09:10Z,b004_failed_after_recovery_rc_1,,
2026-03-04T09:32:20Z,634,2026-02-18T08:46:09Z,2026-03-04T08:46:09Z,b004_failed_after_recovery_rc_1,,
2026-03-04T10:37:57Z,634,2026-02-18T10:25:07Z,2026-03-04T10:25:07Z,b004_failed_after_recovery_rc_1,,
2026-03-04T11:56:30Z,634,2026-02-18T11:39:27Z,2026-03-04T11:39:27Z,orphans_remain_after_lookback,,
2026-03-04T13:06:44Z,634,2026-02-18T12:44:08Z,2026-03-04T12:44:08Z,b004_failed_after_recovery_rc_1,,
2026-03-04T14:11:55Z,634,2026-02-18T13:50:54Z,2026-03-04T13:50:54Z,b004_failed_after_recovery_rc_1,,
2026-03-04T15:11:59Z,634,2026-02-18T15:02:43Z,2026-03-04T15:02:43Z,b004_failed_after_recovery_rc_1,,
2026-03-04T16:15:11Z,634,2026-02-18T15:44:51Z,2026-03-04T15:44:51Z,b004_failed_after_recovery_rc_1,,
2026-03-04T17:15:45Z,634,2026-02-18T16:51:06Z,2026-03-04T16:51:06Z,b004_failed_after_recovery_rc_1,,
2026-03-05T08:23:28Z,634,2026-02-19T07:34:33Z,2026-03-05T07:34:33Z,b004_failed_after_recovery_rc_1,,
2026-03-05T09:28:28Z,634,2026-02-19T09:16:58Z,2026-03-05T09:16:58Z,b004_failed_after_recovery_rc_1,,
2026-03-05T10:34:41Z,634,2026-02-19T09:58:52Z,2026-03-05T09:58:52Z,b004_failed_after_recovery_rc_1,,
2026-03-05T11:37:38Z,634,2026-02-19T11:23:25Z,2026-03-05T11:23:25Z,b004_failed_after_recovery_rc_1,,
2026-03-05T12:40:35Z,634,2026-02-19T11:59:21Z,2026-03-05T11:59:21Z,b004_failed_after_recovery_rc_1,,
2026-03-05T13:43:19Z,634,2026-02-19T13:32:56Z,2026-03-05T13:32:56Z,b004_failed_after_recovery_rc_1,,
2026-03-05T14:50:05Z,634,2026-02-19T13:32:56Z,2026-03-05T13:32:56Z,b004_failed_after_recovery_rc_1,,
2026-03-05T15:54:07Z,634,2026-02-19T13:32:56Z,2026-03-05T13:32:56Z,b004_failed_after_recovery_rc_1,,
2026-03-05T16:57:15Z,634,2026-02-19T16:43:46Z,2026-03-05T16:43:46Z,b004_failed_after_recovery_rc_1,,
2026-03-05T17:59:03Z,634,2026-02-19T17:38:00Z,2026-03-05T17:38:00Z,b004_failed_after_recovery_rc_1,,
2026-03-05T19:01:06Z,634,2026-02-19T18:37:09Z,2026-03-05T18:37:09Z,b004_failed_after_recovery_rc_1,,
2026-03-05T20:03:43Z,634,2026-02-19T19:51:06Z,2026-03-05T19:51:06Z,b004_failed_after_recovery_rc_1,,
2026-03-05T21:07:52Z,634,2026-02-19T20:40:34Z,2026-03-05T20:40:34Z,b004_failed_after_recovery_rc_1,,
2026-03-05T22:12:22Z,634,2026-02-19T21:39:20Z,2026-03-05T21:39:20Z,b004_failed_after_recovery_rc_1,,
2026-03-05T23:15:35Z,634,2026-02-19T21:39:20Z,2026-03-05T21:39:20Z,b004_failed_after_recovery_rc_1,,
2026-03-06T00:19:11Z,634,2026-02-19T21:39:20Z,2026-03-05T21:39:20Z,b004_failed_after_recovery_rc_1,,
2026-03-06T01:20:54Z,634,2026-02-20T00:17:28Z,2026-03-06T00:17:28Z,b004_failed_after_recovery_rc_1,,
2026-03-06T02:24:48Z,634,2026-02-20T00:17:28Z,2026-03-06T00:17:28Z,b004_failed_after_recovery_rc_1,,
2026-03-06T03:28:04Z,634,2026-02-20T00:17:28Z,2026-03-06T00:17:28Z,b004_failed_after_recovery_rc_1,,
2026-03-06T04:31:03Z,634,2026-02-20T03:34:02Z,2026-03-06T03:34:02Z,b004_failed_after_recovery_rc_1,,
2026-03-06T05:35:00Z,634,2026-02-20T03:34:02Z,2026-03-06T03:34:02Z,b004_failed_after_recovery_rc_1,,
2026-03-06T09:23:26Z,634,2026-02-20T09:05:05Z,2026-03-06T09:05:05Z,b004_failed_after_recovery_rc_1,,
2026-03-06T10:28:03Z,634,2026-02-20T10:10:57Z,2026-03-06T10:10:57Z,b004_failed_after_recovery_rc_1,,
2026-03-06T11:31:25Z,634,2026-02-20T11:10:47Z,2026-03-06T11:10:47Z,b004_failed_after_recovery_rc_1,,
2026-03-06T12:33:48Z,634,2026-02-20T12:22:14Z,2026-03-06T12:22:14Z,b004_failed_after_recovery_rc_1,,
2026-03-06T13:37:59Z,634,2026-02-20T12:57:38Z,2026-03-06T12:57:38Z,b004_failed_after_recovery_rc_1,,
2026-03-06T14:40:11Z,634,2026-02-20T14:23:41Z,2026-03-06T14:23:41Z,b004_failed_after_recovery_rc_1,,
2026-03-06T15:43:53Z,634,2026-02-20T15:02:25Z,2026-03-06T15:02:25Z,b004_failed_after_recovery_rc_1,,
2026-03-06T16:47:04Z,634,2026-02-20T16:22:02Z,2026-03-06T16:22:02Z,b004_failed_after_recovery_rc_1,,
2026-03-06T17:48:54Z,634,2026-02-20T17:34:37Z,2026-03-06T17:34:37Z,b004_failed_after_recovery_rc_1,,
2026-03-06T18:52:23Z,634,2026-02-20T18:20:40Z,2026-03-06T18:20:40Z,b004_failed_after_recovery_rc_1,,
2026-03-06T19:56:53Z,634,2026-02-20T19:16:58Z,2026-03-06T19:16:58Z,b004_failed_after_recovery_rc_1,,
2026-03-06T21:00:02Z,634,2026-02-20T20:47:18Z,2026-03-06T20:47:18Z,b004_failed_after_recovery_rc_1,,
2026-03-06T22:01:57Z,634,2026-02-20T21:08:19Z,2026-03-06T21:08:19Z,b004_failed_after_recovery_rc_1,,
2026-03-06T23:05:42Z,634,2026-02-20T21:08:19Z,2026-03-06T21:08:19Z,b004_failed_after_recovery_rc_1,,
2026-03-07T00:09:42Z,634,2026-02-20T23:58:35Z,2026-03-06T23:58:35Z,b004_failed_after_recovery_rc_1,,
2026-03-07T01:13:36Z,634,2026-02-21T00:03:23Z,2026-03-07T00:03:23Z,b004_failed_after_recovery_rc_1,,
2026-03-07T02:16:57Z,634,2026-02-21T00:03:23Z,2026-03-07T00:03:23Z,b004_failed_after_recovery_rc_1,,
2026-03-07T03:21:03Z,634,2026-02-21T00:03:23Z,2026-03-07T00:03:23Z,b004_failed_after_recovery_rc_1,,
2026-03-07T04:24:43Z,634,2026-02-21T00:03:23Z,2026-03-07T00:03:23Z,b004_failed_after_recovery_rc_1,,
2026-03-07T05:28:18Z,634,2026-02-21T00:03:23Z,2026-03-07T00:03:23Z,b004_failed_after_recovery_rc_1,,
2026-03-09T09:54:13Z,634,2026-02-23T09:05:51Z,2026-03-09T09:05:51Z,b004_failed_after_recovery_rc_1,,
2026-03-09T10:58:29Z,634,2026-02-23T10:22:45Z,2026-03-09T10:22:45Z,b004_failed_after_recovery_rc_1,,
2026-03-09T12:02:39Z,634,2026-02-23T11:44:42Z,2026-03-09T11:44:42Z,b004_failed_after_recovery_rc_1,,
2026-03-09T13:05:14Z,634,2026-02-23T12:51:47Z,2026-03-09T12:51:47Z,b004_failed_after_recovery_rc_1,,
2026-03-09T14:05:33Z,634,2026-02-23T13:31:21Z,2026-03-09T13:31:21Z,orphans_remain_after_lookback,,
2026-03-09T15:15:32Z,634,2026-02-23T14:59:12Z,2026-03-09T14:59:12Z,b004_failed_after_recovery_rc_1,,
2026-03-09T16:20:42Z,634,2026-02-23T16:01:17Z,2026-03-09T16:01:17Z,b004_failed_after_recovery_rc_1,,
2026-03-09T17:24:52Z,634,2026-02-23T17:10:36Z,2026-03-09T17:10:36Z,b004_failed_after_recovery_rc_1,,
2026-03-09T18:27:26Z,634,2026-02-23T18:15:17Z,2026-03-09T18:15:17Z,b004_failed_after_recovery_rc_1,,
2026-03-09T19:27:26Z,634,2026-02-23T19:04:27Z,2026-03-09T19:04:27Z,b004_failed_after_recovery_rc_1,,
2026-03-09T20:29:46Z,634,2026-02-23T20:17:03Z,2026-03-09T20:17:03Z,b004_failed_after_recovery_rc_1,,
2026-03-09T21:29:59Z,634,2026-02-23T21:17:39Z,2026-03-09T21:17:39Z,b004_failed_after_recovery_rc_1,,
2026-03-09T22:30:16Z,634,2026-02-23T21:17:39Z,2026-03-09T21:17:39Z,b004_failed_after_recovery_rc_1,,
2026-03-09T23:30:47Z,634,2026-02-23T22:29:21Z,2026-03-09T22:29:21Z,b004_failed_after_recovery_rc_1,,
2026-03-10T00:34:36Z,634,2026-02-23T23:23:42Z,2026-03-09T23:23:42Z,b004_failed_after_recovery_rc_1,,
2026-03-10T01:35:15Z,634,2026-02-24T00:49:55Z,2026-03-10T00:49:55Z,b004_failed_after_recovery_rc_1,,
2026-03-10T02:35:46Z,634,2026-02-24T00:49:55Z,2026-03-10T00:49:55Z,b004_failed_after_recovery_rc_1,,
2026-03-10T03:36:07Z,634,2026-02-24T02:32:21Z,2026-03-10T02:32:21Z,b004_failed_after_recovery_rc_1,,
2026-03-10T04:36:37Z,634,2026-02-24T02:32:21Z,2026-03-10T02:32:21Z,b004_failed_after_recovery_rc_1,,
2026-03-10T05:37:55Z,634,2026-02-24T02:32:21Z,2026-03-10T02:32:21Z,b004_failed_after_recovery_rc_1,,
2026-03-10T08:55:42Z,634,2026-02-24T08:40:53Z,2026-03-10T08:40:53Z,b004_failed_after_recovery_rc_1,,
2026-03-10T09:56:40Z,634,2026-02-24T09:36:54Z,2026-03-10T09:36:54Z,orphans_remain_after_lookback,,
2026-03-10T11:07:53Z,634,2026-02-24T10:29:31Z,2026-03-10T10:29:31Z,b004_failed_after_recovery_rc_1,,
2026-03-10T12:12:26Z,634,2026-02-24T11:59:22Z,2026-03-10T11:59:22Z,b004_failed_after_recovery_rc_1,,
2026-03-10T13:14:49Z,634,2026-02-24T12:55:38Z,2026-03-10T12:55:38Z,b004_failed_after_recovery_rc_1,,
2026-03-10T14:21:17Z,634,2026-02-24T14:10:13Z,2026-03-10T14:10:13Z,b004_failed_after_recovery_rc_1,,
2026-03-10T15:23:31Z,634,2026-02-24T14:47:11Z,2026-03-10T14:47:11Z,b004_failed_after_recovery_rc_1,,
2026-03-10T16:26:30Z,634,2026-02-24T16:10:09Z,2026-03-10T16:10:09Z,b004_failed_after_recovery_rc_1,,
2026-03-10T17:31:44Z,634,2026-02-24T17:10:42Z,2026-03-10T17:10:42Z,b004_failed_after_recovery_rc_1,,
2026-03-10T18:36:48Z,634,2026-02-24T18:00:28Z,2026-03-10T18:00:28Z,b004_failed_after_recovery_rc_1,,
2026-03-10T19:37:01Z,634,2026-02-24T19:23:05Z,2026-03-10T19:23:05Z,b004_failed_after_recovery_rc_1,,
2026-03-10T20:37:38Z,634,2026-02-24T19:59:14Z,2026-03-10T19:59:14Z,b004_failed_after_recovery_rc_1,,
2026-03-10T21:39:36Z,634,2026-02-24T21:25:54Z,2026-03-10T21:25:54Z,b004_failed_after_recovery_rc_1,,
2026-03-11T09:25:57Z,634,2026-02-25T09:12:31Z,2026-03-11T09:12:31Z,b004_failed_after_recovery_rc_1,,
2026-03-11T10:37:55Z,634,2026-02-25T10:18:47Z,2026-03-11T10:18:47Z,b004_failed_after_recovery_rc_1,,
2026-03-11T11:41:20Z,634,2026-02-25T11:01:31Z,2026-03-11T11:01:31Z,b004_failed_after_recovery_rc_1,,
2026-03-11T14:58:44Z,634,2026-02-25T12:43:04Z,2026-03-11T12:43:04Z,b025_failed_after_recovery_rc_1,,
2026-03-11T16:40:28Z,634,2026-02-25T16:20:33Z,2026-03-11T16:20:33Z,b025_failed_after_recovery_rc_1,,
2026-03-12T09:34:50Z,634,2026-02-26T09:07:08Z,2026-03-12T09:07:08Z,b004_failed_after_recovery_rc_1,,
2026-03-12T10:59:34Z,634,2026-02-26T10:35:58Z,2026-03-12T10:35:58Z,b004_failed_after_recovery_rc_1,,
2026-03-12T18:33:45Z,634,2026-02-26T17:52:00Z,2026-03-12T17:52:00Z,b004_failed_after_recovery_rc_1,,
2026-03-12T19:39:00Z,634,2026-02-26T18:45:03Z,2026-03-12T18:45:03Z,b004_failed_after_recovery_rc_1,,
2026-03-12T20:42:00Z,634,2026-02-26T20:20:04Z,2026-03-12T20:20:04Z,b004_failed_after_recovery_rc_1,,
2026-03-12T21:37:37Z,634,2026-02-26T21:23:05Z,2026-03-12T21:23:05Z,orphans_remain_after_lookback,,
2026-03-12T22:43:06Z,634,2026-02-26T22:16:22Z,2026-03-12T22:16:22Z,b004_failed_after_recovery_rc_1,,
2026-03-12T23:44:10Z,634,2026-02-26T22:16:22Z,2026-03-12T22:16:22Z,b004_failed_after_recovery_rc_1,,
2026-03-13T00:44:35Z,634,2026-02-26T22:16:22Z,2026-03-12T22:16:22Z,b004_failed_after_recovery_rc_1,,
2026-03-13T01:45:35Z,634,2026-02-26T22:16:22Z,2026-03-12T22:16:22Z,b004_failed_after_recovery_rc_1,,
2026-03-13T07:58:49Z,634,2026-02-27T06:51:02Z,2026-03-13T06:51:02Z,orphans_remain_after_lookback,,
2026-03-13T09:05:43Z,634,2026-02-27T06:51:02Z,2026-03-13T06:51:02Z,b004_failed_after_recovery_rc_1,,
2026-03-13T10:11:49Z,634,2026-02-27T09:49:27Z,2026-03-13T09:49:27Z,b004_failed_after_recovery_rc_1,,
2026-03-13T11:14:24Z,634,2026-02-27T10:12:33Z,2026-03-13T10:12:33Z,b004_failed_after_recovery_rc_1,,
2026-03-13T12:17:19Z,634,2026-02-27T12:01:27Z,2026-03-13T12:01:27Z,b004_failed_after_recovery_rc_1,,
2026-03-13T13:19:07Z,634,2026-02-27T12:26:17Z,2026-03-13T12:26:17Z,b004_failed_after_recovery_rc_1,,
2026-03-13T14:20:57Z,634,2026-02-27T12:26:17Z,2026-03-13T12:26:17Z,b004_failed_after_recovery_rc_1,,
2026-03-13T15:48:03Z,634,2026-02-27T15:27:50Z,2026-03-13T15:27:50Z,b004_failed_after_recovery_rc_1,,
2026-03-13T16:48:03Z,634,2026-02-27T15:27:50Z,2026-03-13T15:27:50Z,b004_failed_after_recovery_rc_1,,
2026-03-13T18:03:49Z,634,2026-02-27T17:14:04Z,2026-03-13T17:14:04Z,b004_failed_after_recovery_rc_1,,
2026-03-13T19:05:49Z,634,2026-02-27T18:55:59Z,2026-03-13T18:55:59Z,b004_failed_after_recovery_rc_1,,
2026-03-13T20:07:18Z,634,2026-02-27T19:48:48Z,2026-03-13T19:48:48Z,b004_failed_after_recovery_rc_1,,
2026-03-13T21:07:17Z,634,2026-02-27T20:13:54Z,2026-03-13T20:13:54Z,orphans_remain_after_lookback,,
2026-03-13T22:13:55Z,634,2026-02-27T21:54:57Z,2026-03-13T21:54:57Z,b004_failed_after_recovery_rc_1,,
2026-03-13T23:14:50Z,634,2026-02-27T21:54:57Z,2026-03-13T21:54:57Z,b004_failed_after_recovery_rc_1,,
2026-03-14T00:15:16Z,634,2026-02-27T23:31:34Z,2026-03-13T23:31:34Z,b004_failed_after_recovery_rc_1,,
2026-03-14T01:19:34Z,634,2026-02-27T23:31:34Z,2026-03-13T23:31:34Z,b004_failed_after_recovery_rc_1,,
2026-03-14T02:27:24Z,634,2026-02-27T23:31:34Z,2026-03-13T23:31:34Z,b004_failed_after_recovery_rc_1,,
2026-03-14T04:09:18Z,634,2026-02-28T02:39:14Z,2026-03-14T02:39:14Z,b004_failed_after_recovery_rc_1,,
2026-03-14T05:10:41Z,634,2026-02-28T02:39:14Z,2026-03-14T02:39:14Z,b004_failed_after_recovery_rc_1,,
2026-03-15T02:31:33Z,634,2026-02-28T23:09:47Z,2026-03-14T23:09:47Z,b004_failed_after_recovery_rc_1,,
2026-03-15T03:33:58Z,634,2026-02-28T23:09:47Z,2026-03-14T23:09:47Z,b004_failed_after_recovery_rc_1,,
2026-03-15T04:35:45Z,634,2026-02-28T23:09:47Z,2026-03-14T23:09:47Z,b004_failed_after_recovery_rc_1,,
2026-03-15T05:37:26Z,634,2026-02-28T23:09:47Z,2026-03-14T23:09:47Z,b004_failed_after_recovery_rc_1,,
2026-03-15T07:47:13Z,634,2026-02-28T23:09:47Z,2026-03-14T23:09:47Z,b004_failed_after_recovery_rc_1,,
2026-03-15T08:49:49Z,634,2026-02-28T23:09:47Z,2026-03-14T23:09:47Z,b004_failed_after_recovery_rc_1,,
2026-03-15T09:52:27Z,634,2026-03-01T08:53:44Z,2026-03-15T08:53:44Z,b004_failed_after_recovery_rc_1,,
2026-03-15T10:55:03Z,634,2026-03-01T10:42:03Z,2026-03-15T10:42:03Z,b004_failed_after_recovery_rc_1,,
2026-03-15T11:58:16Z,634,2026-03-01T11:33:33Z,2026-03-15T11:33:33Z,b004_failed_after_recovery_rc_1,,
2026-03-15T13:01:52Z,634,2026-03-01T12:34:54Z,2026-03-15T12:34:54Z,b004_failed_after_recovery_rc_1,,
2026-03-15T14:05:27Z,634,2026-03-01T12:34:54Z,2026-03-15T12:34:54Z,b004_failed_after_recovery_rc_1,,
2026-03-15T15:09:54Z,634,2026-03-01T14:39:39Z,2026-03-15T14:39:39Z,b004_failed_after_recovery_rc_1,,
2026-03-15T16:15:20Z,634,2026-03-01T14:39:39Z,2026-03-15T14:39:39Z,b004_failed_after_recovery_rc_1,,
2026-03-15T17:20:02Z,634,2026-03-01T16:51:23Z,2026-03-15T16:51:23Z,b004_failed_after_recovery_rc_1,,
2026-03-15T18:18:37Z,634,2026-03-01T17:35:13Z,2026-03-15T17:35:13Z,orphans_remain_after_lookback,,
2026-03-15T19:22:08Z,634,2026-03-01T18:26:55Z,2026-03-15T18:26:55Z,orphans_remain_after_lookback,,
2026-03-15T20:28:04Z,634,2026-03-01T20:10:51Z,2026-03-15T20:10:51Z,b004_failed_after_recovery_rc_1,,
2026-03-15T21:33:08Z,634,2026-03-01T20:39:03Z,2026-03-15T20:39:03Z,b004_failed_after_recovery_rc_1,,
2026-03-15T22:37:46Z,634,2026-03-01T20:39:03Z,2026-03-15T20:39:03Z,b004_failed_after_recovery_rc_1,,
2026-03-15T23:42:36Z,634,2026-03-01T23:29:40Z,2026-03-15T23:29:40Z,b004_failed_after_recovery_rc_1,,
2026-03-16T00:44:13Z,634,2026-03-01T23:29:40Z,2026-03-15T23:29:40Z,b004_failed_after_recovery_rc_1,,
2026-03-16T01:49:19Z,634,2026-03-01T23:29:40Z,2026-03-15T23:29:40Z,b004_failed_after_recovery_rc_1,,
2026-03-16T02:54:15Z,634,2026-03-01T23:29:40Z,2026-03-15T23:29:40Z,b004_failed_after_recovery_rc_1,,
2026-03-16T03:52:16Z,634,2026-03-01T23:29:40Z,2026-03-15T23:29:40Z,orphans_remain_after_lookback,,
2026-03-16T04:54:58Z,634,2026-03-01T23:29:40Z,2026-03-15T23:29:40Z,orphans_remain_after_lookback,,
2026-03-16T06:01:15Z,634,2026-03-01T23:29:40Z,2026-03-15T23:29:40Z,b001_failed_marketplace_AZMDEXL2RVFNN,,
2026-03-16T06:01:18Z,634,2026-03-01T23:29:40Z,2026-03-15T23:29:40Z,b007_failed_after_recovery_rc_120,,
2026-03-16T07:24:04Z,634,2026-03-02T06:56:35Z,2026-03-16T06:56:35Z,orphans_remain_after_lookback,,
2026-03-16T08:45:56Z,634,2026-03-02T06:56:35Z,2026-03-16T06:56:35Z,orphans_remain_after_lookback,,
2026-03-16T09:51:55Z,634,2026-03-02T09:26:56Z,2026-03-16T09:26:56Z,b004_failed_after_recovery_rc_1,,
2026-03-17T09:42:13Z,634,2026-03-03T09:20:54Z,2026-03-17T09:20:54Z,b004_failed_after_recovery_rc_1,,
2026-03-17T10:44:32Z,634,2026-03-03T10:33:32Z,2026-03-17T10:33:32Z,b004_failed_after_recovery_rc_1,,
2026-03-17T12:03:52Z,634,2026-03-03T10:39:29Z,2026-03-17T10:39:29Z,orphans_remain_after_lookback,,
2026-03-17T13:05:55Z,634,2026-03-03T12:14:37Z,2026-03-17T12:14:37Z,orphans_remain_after_lookback,,
2026-03-17T14:10:14Z,634,2026-03-03T13:55:45Z,2026-03-17T13:55:45Z,orphans_remain_after_lookback,,
2026-03-17T15:15:50Z,634,2026-03-03T14:34:37Z,2026-03-17T14:34:37Z,b004_failed_after_recovery_rc_1,,
2026-03-17T16:16:18Z,634,2026-03-03T15:49:58Z,2026-03-17T15:49:58Z,b004_failed_after_recovery_rc_1,,
2026-03-17T17:21:35Z,634,2026-03-03T16:38:31Z,2026-03-17T16:38:31Z,b004_failed_after_recovery_rc_1,,
2026-03-17T18:26:11Z,634,2026-03-03T18:10:43Z,2026-03-17T18:10:43Z,b004_failed_after_recovery_rc_1,,
2026-03-17T19:29:52Z,634,2026-03-03T19:19:48Z,2026-03-17T19:19:48Z,b004_failed_after_recovery_rc_1,,
2026-03-17T21:16:32Z,634,2026-03-03T20:41:44Z,2026-03-17T20:41:44Z,b004_failed_after_recovery_rc_1,,
2026-03-17T22:24:50Z,634,2026-03-03T21:33:09Z,2026-03-17T21:33:09Z,b004_failed_after_recovery_rc_1,,
2026-03-17T23:26:51Z,634,2026-03-03T21:33:09Z,2026-03-17T21:33:09Z,b004_failed_after_recovery_rc_1,,
2026-03-18T00:30:02Z,634,2026-03-03T23:25:10Z,2026-03-17T23:25:10Z,b004_failed_after_recovery_rc_1,,
2026-03-18T01:31:49Z,634,2026-03-03T23:25:10Z,2026-03-17T23:25:10Z,b004_failed_after_recovery_rc_1,,
2026-03-18T02:29:13Z,634,2026-03-03T23:25:10Z,2026-03-17T23:25:10Z,orphans_remain_after_lookback,,
2026-03-18T03:34:54Z,634,2026-03-03T23:25:10Z,2026-03-17T23:25:10Z,b004_failed_after_recovery_rc_1,,
2026-03-18T04:35:35Z,634,2026-03-03T23:25:10Z,2026-03-17T23:25:10Z,b004_failed_after_recovery_rc_1,,
2026-03-18T05:36:01Z,634,2026-03-04T04:46:52Z,2026-03-18T04:46:52Z,b004_failed_after_recovery_rc_1,,
2026-03-18T10:05:26Z,634,2026-03-04T09:37:18Z,2026-03-18T09:37:18Z,b004_failed_after_recovery_rc_1,,
2026-03-18T11:07:48Z,634,2026-03-04T10:55:51Z,2026-03-18T10:55:51Z,b004_failed_after_recovery_rc_1,,
2026-03-18T12:10:30Z,634,2026-03-04T11:12:34Z,2026-03-18T11:12:34Z,b004_failed_after_recovery_rc_1,,
2026-03-18T13:15:13Z,634,2026-03-04T12:12:37Z,2026-03-18T12:12:37Z,b004_failed_after_recovery_rc_1,,
2026-03-18T14:13:41Z,634,2026-03-04T13:48:36Z,2026-03-18T13:48:36Z,orphans_remain_after_lookback,,
2026-03-18T15:22:50Z,634,2026-03-04T14:24:40Z,2026-03-18T14:24:40Z,b004_failed_after_recovery_rc_1,,
2026-03-18T16:27:17Z,634,2026-03-04T15:37:33Z,2026-03-18T15:37:33Z,b004_failed_after_recovery_rc_1,,
2026-03-18T17:34:58Z,634,2026-03-04T17:13:31Z,2026-03-18T17:13:31Z,b004_failed_after_recovery_rc_1,,
2026-03-18T18:34:58Z,634,2026-03-04T18:13:50Z,2026-03-18T18:13:50Z,b004_failed_after_recovery_rc_1,,
2026-03-18T19:34:21Z,634,2026-03-04T18:13:50Z,2026-03-18T18:13:50Z,orphans_remain_after_lookback,,
2026-03-18T20:41:49Z,634,2026-03-04T20:18:28Z,2026-03-18T20:18:28Z,b004_failed_after_recovery_rc_1,,
2026-03-18T21:42:31Z,634,2026-03-04T21:11:34Z,2026-03-18T21:11:34Z,b004_failed_after_recovery_rc_1,,
2026-03-18T22:39:30Z,634,2026-03-04T22:32:45Z,2026-03-18T22:32:45Z,orphans_remain_after_lookback,,
2026-03-18T23:43:48Z,634,2026-03-04T22:32:45Z,2026-03-18T22:32:45Z,b004_failed_after_recovery_rc_1,,
2026-03-19T00:46:45Z,634,2026-03-04T22:32:45Z,2026-03-18T22:32:45Z,b004_failed_after_recovery_rc_1,,
2026-03-19T01:49:10Z,634,2026-03-04T22:32:45Z,2026-03-18T22:32:45Z,b004_failed_after_recovery_rc_1,,
2026-03-19T02:49:36Z,634,2026-03-05T02:09:16Z,2026-03-19T02:09:16Z,b004_failed_after_recovery_rc_1,,
2026-03-19T03:48:34Z,634,2026-03-05T02:09:16Z,2026-03-19T02:09:16Z,orphans_remain_after_lookback,,
2026-03-19T04:56:16Z,634,2026-03-05T02:09:16Z,2026-03-19T02:09:16Z,b004_failed_after_recovery_rc_1,,
2026-03-19T05:59:13Z,634,2026-03-05T02:09:16Z,2026-03-19T02:09:16Z,b004_failed_after_recovery_rc_1,,
2026-03-20T02:32:45Z,636,2026-03-06T01:25:20Z,2026-03-20T01:25:20Z,orphans_remain_after_lookback,,
2026-03-20T03:42:44Z,636,2026-03-06T01:25:20Z,2026-03-20T01:25:20Z,b004_failed_after_recovery_rc_1,,
2026-03-20T04:45:58Z,636,2026-03-06T01:25:20Z,2026-03-20T01:25:20Z,b004_failed_after_recovery_rc_1,,
2026-03-20T05:49:14Z,636,2026-03-06T05:09:14Z,2026-03-20T05:09:14Z,b004_failed_after_recovery_rc_1,,
2026-03-21T02:35:57Z,636,2026-03-06T23:37:17Z,2026-03-20T23:37:17Z,b004_failed_after_recovery_rc_1,,
2026-03-21T03:38:30Z,636,2026-03-06T23:37:17Z,2026-03-20T23:37:17Z,b004_failed_after_recovery_rc_1,,
2026-03-21T04:43:07Z,636,2026-03-06T23:37:17Z,2026-03-20T23:37:17Z,b004_failed_after_recovery_rc_1,,
2026-03-21T05:46:54Z,636,2026-03-06T23:37:17Z,2026-03-20T23:37:17Z,b004_failed_after_recovery_rc_1,,
2026-03-22T02:36:02Z,636,2026-03-07T23:31:47Z,2026-03-21T23:31:47Z,b004_failed_after_recovery_rc_1,,
2026-03-22T03:38:50Z,636,2026-03-08T02:46:48Z,2026-03-22T02:46:48Z,b004_failed_after_recovery_rc_1,,
2026-03-22T04:42:16Z,636,2026-03-08T02:46:48Z,2026-03-22T02:46:48Z,b004_failed_after_recovery_rc_1,,
2026-03-22T05:47:23Z,636,2026-03-08T02:46:48Z,2026-03-22T02:46:48Z,b004_failed_after_recovery_rc_1,,
2026-03-23T02:37:00Z,636,2026-03-09T02:00:04Z,2026-03-23T02:00:04Z,b004_failed_after_recovery_rc_1,,
2026-03-23T03:40:33Z,636,2026-03-09T02:54:27Z,2026-03-23T02:54:27Z,b004_failed_after_recovery_rc_1,,
2026-03-23T04:40:48Z,636,2026-03-09T02:54:27Z,2026-03-23T02:54:27Z,orphans_remain_after_lookback,,
2026-03-23T05:47:31Z,636,2026-03-09T02:54:27Z,2026-03-23T02:54:27Z,b004_failed_after_recovery_rc_1,,
2026-03-23T16:49:50Z,636,2026-03-09T16:30:20Z,2026-03-23T16:30:20Z,b004_failed_after_recovery_rc_1,,
2026-03-23T17:49:24Z,636,2026-03-09T17:32:44Z,2026-03-23T17:32:44Z,orphans_remain_after_lookback,,
2026-03-23T18:56:33Z,636,2026-03-09T18:41:55Z,2026-03-23T18:41:55Z,b004_failed_after_recovery_rc_1,,
2026-03-23T19:59:03Z,636,2026-03-09T18:41:55Z,2026-03-23T18:41:55Z,b004_failed_after_recovery_rc_1,,
2026-03-23T21:03:23Z,636,2026-03-09T20:49:52Z,2026-03-23T20:49:52Z,b004_failed_after_recovery_rc_1,,
2026-03-23T22:08:36Z,636,2026-03-09T21:45:37Z,2026-03-23T21:45:37Z,b004_failed_after_recovery_rc_1,,
2026-03-23T23:12:23Z,636,2026-03-09T22:13:04Z,2026-03-23T22:13:04Z,b004_failed_after_recovery_rc_1,,
2026-03-24T00:14:41Z,636,2026-03-09T22:13:04Z,2026-03-23T22:13:04Z,b004_failed_after_recovery_rc_1,,
2026-03-24T01:19:56Z,636,2026-03-10T00:19:45Z,2026-03-24T00:19:45Z,b004_failed_after_recovery_rc_1,,
2026-03-24T02:20:05Z,636,2026-03-10T02:03:31Z,2026-03-24T02:03:31Z,b004_failed_after_recovery_rc_1,,
2026-03-24T03:21:12Z,636,2026-03-10T02:03:31Z,2026-03-24T02:03:31Z,b004_failed_after_recovery_rc_1,,
2026-03-24T04:21:45Z,636,2026-03-10T02:03:31Z,2026-03-24T02:03:31Z,b004_failed_after_recovery_rc_1,,
2026-03-24T05:22:36Z,636,2026-03-10T02:03:31Z,2026-03-24T02:03:31Z,b004_failed_after_recovery_rc_1,,
2026-03-24T07:40:36Z,636,2026-03-10T07:04:39Z,2026-03-24T07:04:39Z,b004_failed_after_recovery_rc_1,,
2026-03-24T08:45:00Z,636,2026-03-10T08:31:47Z,2026-03-24T08:31:47Z,b004_failed_after_recovery_rc_1,,
2026-03-24T09:50:20Z,636,2026-03-10T09:33:43Z,2026-03-24T09:33:43Z,b004_failed_after_recovery_rc_1,,
2026-03-24T10:55:38Z,636,2026-03-10T09:50:41Z,2026-03-24T09:50:41Z,b004_failed_after_recovery_rc_1,,
2026-03-24T12:00:29Z,636,2026-03-10T11:46:43Z,2026-03-24T11:46:43Z,b004_failed_after_recovery_rc_1,,
2026-03-24T13:04:43Z,636,2026-03-10T12:47:57Z,2026-03-24T12:47:57Z,b004_failed_after_recovery_rc_1,,
2026-03-24T14:07:19Z,636,2026-03-10T13:53:10Z,2026-03-24T13:53:10Z,b004_failed_after_recovery_rc_1,,
2026-03-24T15:12:17Z,636,2026-03-10T14:50:58Z,2026-03-24T14:50:58Z,b004_failed_after_recovery_rc_1,,
2026-03-24T16:16:17Z,636,2026-03-10T15:50:36Z,2026-03-24T15:50:36Z,b004_failed_after_recovery_rc_1,,
2026-03-24T17:22:33Z,636,2026-03-10T16:56:09Z,2026-03-24T16:56:09Z,b004_failed_after_recovery_rc_1,,
2026-03-24T18:25:07Z,636,2026-03-10T18:13:11Z,2026-03-24T18:13:11Z,b004_failed_after_recovery_rc_1,,
2026-03-24T19:28:09Z,636,2026-03-10T18:42:32Z,2026-03-24T18:42:32Z,b004_failed_after_recovery_rc_1,,
2026-03-24T20:28:47Z,636,2026-03-10T20:04:45Z,2026-03-24T20:04:45Z,orphans_remain_after_lookback,,
2026-03-24T21:36:51Z,636,2026-03-10T21:10:29Z,2026-03-24T21:10:29Z,b004_failed_after_recovery_rc_1,,
2026-03-25T12:55:04Z,636,2026-03-11T12:35:05Z,2026-03-25T12:35:05Z,b004_failed_after_recovery_rc_1,,
2026-03-25T13:57:47Z,636,2026-03-11T13:40:38Z,2026-03-25T13:40:38Z,b004_failed_after_recovery_rc_1,,
2026-03-25T15:01:30Z,636,2026-03-11T14:25:12Z,2026-03-25T14:25:12Z,b004_failed_after_recovery_rc_1,,
2026-03-25T16:00:21Z,636,2026-03-11T15:34:20Z,2026-03-25T15:34:20Z,orphans_remain_after_lookback,,
2026-03-25T17:10:25Z,636,2026-03-11T16:52:48Z,2026-03-25T16:52:48Z,b004_failed_after_recovery_rc_1,,
2026-03-25T18:13:29Z,636,2026-03-11T17:39:08Z,2026-03-25T17:39:08Z,b004_failed_after_recovery_rc_1,,
2026-03-25T19:17:45Z,636,2026-03-11T19:05:02Z,2026-03-25T19:05:02Z,b004_failed_after_recovery_rc_1,,
2026-03-25T20:20:31Z,636,2026-03-11T19:57:26Z,2026-03-25T19:57:26Z,b004_failed_after_recovery_rc_1,,
2026-03-25T21:22:53Z,636,2026-03-11T20:23:21Z,2026-03-25T20:23:21Z,b004_failed_after_recovery_rc_1,,
2026-03-25T22:25:58Z,636,2026-03-11T21:59:37Z,2026-03-25T21:59:37Z,b004_failed_after_recovery_rc_1,,
2026-03-25T23:31:19Z,636,2026-03-11T23:15:03Z,2026-03-25T23:15:03Z,b004_failed_after_recovery_rc_1,,
2026-03-26T00:37:44Z,636,2026-03-12T00:03:20Z,2026-03-26T00:03:20Z,b004_failed_after_recovery_rc_1,,
2026-03-26T01:42:14Z,636,2026-03-12T00:03:20Z,2026-03-26T00:03:20Z,b004_failed_after_recovery_rc_1,,
2026-03-26T02:46:55Z,636,2026-03-12T00:03:20Z,2026-03-26T00:03:20Z,b004_failed_after_recovery_rc_1,,
2026-03-26T03:52:37Z,636,2026-03-12T00:03:20Z,2026-03-26T00:03:20Z,b004_failed_after_recovery_rc_1,,
2026-03-26T04:48:26Z,636,2026-03-12T00:03:20Z,2026-03-26T00:03:20Z,orphans_remain_after_lookback,,
2026-03-26T05:54:04Z,636,2026-03-12T05:35:30Z,2026-03-26T05:35:30Z,b004_failed_after_recovery_rc_1,,
2026-03-26T16:21:41Z,636,2026-03-12T15:33:06Z,2026-03-26T15:33:06Z,b004_failed_after_recovery_rc_1,,
2026-03-26T17:25:39Z,636,2026-03-12T17:12:58Z,2026-03-26T17:12:58Z,b004_failed_after_recovery_rc_1,,
2026-03-26T18:29:04Z,636,2026-03-12T17:12:58Z,2026-03-26T17:12:58Z,b004_failed_after_recovery_rc_1,,
2026-03-26T19:28:21Z,636,2026-03-12T19:22:07Z,2026-03-26T19:22:07Z,orphans_remain_after_lookback,,
2026-03-26T20:37:13Z,636,2026-03-12T19:44:16Z,2026-03-26T19:44:16Z,b004_failed_after_recovery_rc_1,,
2026-03-26T21:40:08Z,636,2026-03-12T21:17:48Z,2026-03-26T21:17:48Z,b004_failed_after_recovery_rc_1,,
2026-03-26T22:42:37Z,636,2026-03-12T22:29:12Z,2026-03-26T22:29:12Z,b004_failed_after_recovery_rc_1,,
2026-03-26T23:47:15Z,636,2026-03-12T22:36:22Z,2026-03-26T22:36:22Z,b004_failed_after_recovery_rc_1,,
2026-03-27T00:49:34Z,636,2026-03-12T23:55:51Z,2026-03-26T23:55:51Z,b004_failed_after_recovery_rc_1,,
2026-03-27T01:52:45Z,636,2026-03-13T01:02:40Z,2026-03-27T01:02:40Z,b004_failed_after_recovery_rc_1,,
2026-03-27T02:57:21Z,636,2026-03-13T01:02:40Z,2026-03-27T01:02:40Z,b004_failed_after_recovery_rc_1,,
2026-03-27T04:00:39Z,636,2026-03-13T01:02:40Z,2026-03-27T01:02:40Z,b004_failed_after_recovery_rc_1,,
2026-03-27T05:02:31Z,636,2026-03-13T01:02:40Z,2026-03-27T01:02:40Z,b004_failed_after_recovery_rc_1,,
2026-03-27T06:49:27Z,636,2026-03-13T06:07:59Z,2026-03-27T06:07:59Z,b004_failed_after_recovery_rc_1,,
2026-03-28T02:43:02Z,636,2026-03-13T23:37:34Z,2026-03-27T23:37:34Z,b004_failed_after_recovery_rc_1,,
2026-03-28T03:46:10Z,636,2026-03-14T02:30:53Z,2026-03-28T02:30:53Z,b004_failed_after_recovery_rc_1,,
2026-03-28T04:48:54Z,636,2026-03-14T02:30:53Z,2026-03-28T02:30:53Z,b004_failed_after_recovery_rc_1,,
2026-03-28T05:52:10Z,636,2026-03-14T02:30:53Z,2026-03-28T02:30:53Z,b004_failed_after_recovery_rc_1,,
2026-03-28T06:54:24Z,636,2026-03-14T06:37:48Z,2026-03-28T06:37:48Z,b004_failed_after_recovery_rc_1,,
2026-03-28T07:56:45Z,636,2026-03-14T06:37:48Z,2026-03-28T06:37:48Z,b004_failed_after_recovery_rc_1,,
2026-03-28T08:59:17Z,636,2026-03-14T08:48:13Z,2026-03-28T08:48:13Z,b004_failed_after_recovery_rc_1,,
2026-03-28T10:04:06Z,636,2026-03-14T09:24:03Z,2026-03-28T09:24:03Z,b004_failed_after_recovery_rc_1,,
2026-03-28T11:08:34Z,636,2026-03-14T10:54:10Z,2026-03-28T10:54:10Z,b004_failed_after_recovery_rc_1,,
2026-03-28T12:12:24Z,636,2026-03-14T10:54:10Z,2026-03-28T10:54:10Z,b004_failed_after_recovery_rc_1,,
2026-03-28T13:16:01Z,636,2026-03-14T12:11:09Z,2026-03-28T12:11:09Z,b004_failed_after_recovery_rc_1,,
2026-03-28T14:17:59Z,636,2026-03-14T13:42:31Z,2026-03-28T13:42:31Z,b004_failed_after_recovery_rc_1,,
2026-03-28T15:21:40Z,636,2026-03-14T15:10:06Z,2026-03-28T15:10:06Z,b004_failed_after_recovery_rc_1,,
2026-03-28T16:21:15Z,636,2026-03-14T16:11:03Z,2026-03-28T16:11:03Z,b001_failed_marketplace_A1F83G8C2ARO7P,,
2026-03-28T16:23:31Z,636,2026-03-14T16:11:03Z,2026-03-28T16:11:03Z,b004_failed_after_recovery_rc_1,,
2026-03-28T17:28:19Z,636,2026-03-14T17:17:06Z,2026-03-28T17:17:06Z,b004_failed_after_recovery_rc_1,,
2026-03-28T18:32:39Z,636,2026-03-14T17:17:06Z,2026-03-28T17:17:06Z,b004_failed_after_recovery_rc_1,,
2026-03-28T19:36:34Z,636,2026-03-14T17:17:06Z,2026-03-28T17:17:06Z,b004_failed_after_recovery_rc_1,,
2026-03-28T20:39:44Z,636,2026-03-14T20:28:02Z,2026-03-28T20:28:02Z,b004_failed_after_recovery_rc_1,,
2026-03-28T21:42:34Z,636,2026-03-14T21:31:43Z,2026-03-28T21:31:43Z,b004_failed_after_recovery_rc_1,,
2026-03-28T22:45:34Z,636,2026-03-14T22:34:05Z,2026-03-28T22:34:05Z,b004_failed_after_recovery_rc_1,,
2026-03-28T23:50:17Z,636,2026-03-14T23:05:32Z,2026-03-28T23:05:32Z,b004_failed_after_recovery_rc_1,,
2026-03-29T00:53:04Z,636,2026-03-15T00:07:13Z,2026-03-29T00:07:13Z,b004_failed_after_recovery_rc_1,,
2026-03-29T01:58:04Z,636,2026-03-15T00:07:13Z,2026-03-29T00:07:13Z,b004_failed_after_recovery_rc_1,,
2026-03-29T03:01:16Z,636,2026-03-15T02:18:32Z,2026-03-29T02:18:32Z,b004_failed_after_recovery_rc_1,,
2026-03-29T04:04:32Z,636,2026-03-15T02:18:32Z,2026-03-29T02:18:32Z,b004_failed_after_recovery_rc_1,,
2026-03-29T05:29:35Z,637,2026-03-15T04:02:17Z,2026-03-29T04:02:17Z,b004_failed_after_recovery_rc_1,,
2026-03-29T06:31:42Z,637,2026-03-15T05:38:50Z,2026-03-29T05:38:50Z,b004_failed_after_recovery_rc_1,,
2026-03-29T07:34:28Z,637,2026-03-15T05:38:50Z,2026-03-29T05:38:50Z,b004_failed_after_recovery_rc_1,,
2026-03-29T08:38:35Z,637,2026-03-15T05:38:50Z,2026-03-29T05:38:50Z,b004_failed_after_recovery_rc_1,,
2026-03-29T09:38:40Z,637,2026-03-15T05:38:50Z,2026-03-29T05:38:50Z,orphans_remain_after_lookback,,
2026-03-29T10:43:12Z,637,2026-03-15T10:29:01Z,2026-03-29T10:29:01Z,b004_failed_after_recovery_rc_1,,
2026-03-29T11:44:22Z,637,2026-03-15T11:33:47Z,2026-03-29T11:33:47Z,b004_failed_after_recovery_rc_1,,
2026-03-29T12:44:57Z,637,2026-03-15T12:33:17Z,2026-03-29T12:33:17Z,b004_failed_after_recovery_rc_1,,
2026-03-29T13:45:02Z,637,2026-03-15T13:27:54Z,2026-03-29T13:27:54Z,b001_failed_marketplace_A1F83G8C2ARO7P,,
2026-03-29T13:46:05Z,637,2026-03-15T13:27:54Z,2026-03-29T13:27:54Z,b001_failed_marketplace_A28R8C7NBKEWEA,,
2026-03-29T13:47:14Z,637,2026-03-15T13:27:54Z,2026-03-29T13:27:54Z,b001_failed_marketplace_AZMDEXL2RVFNN,,
2026-03-29T13:47:18Z,637,2026-03-15T13:27:54Z,2026-03-29T13:27:54Z,b007_failed_after_recovery_rc_120,,
2026-03-30T01:38:14Z,637,2026-03-15T23:03:42Z,2026-03-29T23:03:42Z,b004_failed_after_recovery_rc_1,,
2026-03-30T02:42:09Z,637,2026-03-15T23:03:42Z,2026-03-29T23:03:42Z,b004_failed_after_recovery_rc_1,,
2026-03-30T03:44:57Z,637,2026-03-15T23:03:42Z,2026-03-29T23:03:42Z,b004_failed_after_recovery_rc_1,,
2026-03-30T04:43:59Z,637,2026-03-15T23:03:42Z,2026-03-29T23:03:42Z,orphans_remain_after_lookback,,
2026-03-30T05:53:31Z,637,2026-03-16T05:39:16Z,2026-03-30T05:39:16Z,b004_failed_after_recovery_rc_1,,
2026-03-30T06:55:32Z,637,2026-03-16T06:31:10Z,2026-03-30T06:31:10Z,b004_failed_after_recovery_rc_1,,
2026-03-30T07:59:06Z,637,2026-03-16T06:31:10Z,2026-03-30T06:31:10Z,b004_failed_after_recovery_rc_1,,
2026-03-30T08:59:41Z,637,2026-03-16T08:50:58Z,2026-03-30T08:50:58Z,b001_failed_marketplace_A1F83G8C2ARO7P,,
2026-03-30T09:00:52Z,637,2026-03-16T08:50:58Z,2026-03-30T08:50:58Z,b001_failed_marketplace_A28R8C7NBKEWEA,,
2026-03-30T09:01:59Z,637,2026-03-16T08:50:58Z,2026-03-30T08:50:58Z,b001_failed_marketplace_AZMDEXL2RVFNN,,
2026-03-30T09:02:02Z,637,2026-03-16T08:50:58Z,2026-03-30T08:50:58Z,b007_failed_after_recovery_rc_120,,
2026-03-30T10:04:35Z,637,2026-03-16T08:50:58Z,2026-03-30T08:50:58Z,b004_failed_after_recovery_rc_1,,
2026-03-30T11:17:30Z,637,2026-03-16T11:05:45Z,2026-03-30T11:05:45Z,b004_failed_after_recovery_rc_1,,
2026-03-30T12:24:35Z,637,2026-03-16T11:13:30Z,2026-03-30T11:13:30Z,b001_failed_marketplace_A1F83G8C2ARO7P,,
2026-03-30T12:24:35Z,637,2026-03-16T11:13:30Z,2026-03-30T11:13:30Z,b001_failed_marketplace_A28R8C7NBKEWEA,,
2026-03-30T12:24:35Z,637,2026-03-16T11:13:30Z,2026-03-30T11:13:30Z,b001_failed_marketplace_AZMDEXL2RVFNN,,
2026-03-30T12:24:40Z,637,2026-03-16T11:13:30Z,2026-03-30T11:13:30Z,b004_failed_after_recovery_rc_1,,
2026-03-30T13:29:33Z,637,2026-03-16T12:58:09Z,2026-03-30T12:58:09Z,b004_failed_after_recovery_rc_1,,
2026-03-30T15:57:50Z,637,2026-03-16T15:36:11Z,2026-03-30T15:36:11Z,b004_failed_after_recovery_rc_1,,
2026-03-30T18:30:27Z,637,2026-03-16T18:06:23Z,2026-03-30T18:06:23Z,b004_failed_after_recovery_rc_1,,
2026-03-30T20:18:23Z,637,2026-03-16T20:07:53Z,2026-03-30T20:07:53Z,b004_failed_after_recovery_rc_1,,
2026-03-30T21:51:56Z,637,2026-03-16T21:18:31Z,2026-03-30T21:18:31Z,b001_failed_marketplace_A1F83G8C2ARO7P,,
2026-03-30T21:52:14Z,637,2026-03-16T21:18:31Z,2026-03-30T21:18:31Z,b001_failed_marketplace_A28R8C7NBKEWEA,,
2026-03-30T21:52:33Z,637,2026-03-16T21:18:31Z,2026-03-30T21:18:31Z,b001_failed_marketplace_AZMDEXL2RVFNN,,
2026-03-30T21:52:37Z,637,2026-03-16T21:18:31Z,2026-03-30T21:18:31Z,b007_failed_after_recovery_rc_120,,
2026-03-30T23:12:28Z,637,2026-03-16T21:54:42Z,2026-03-30T21:54:42Z,b004_failed_after_recovery_rc_1,,
2026-03-31T01:32:23Z,637,2026-03-17T00:38:44Z,2026-03-31T00:38:44Z,b004_failed_after_recovery_rc_1,,
2026-03-31T02:36:02Z,637,2026-03-17T00:38:44Z,2026-03-31T00:38:44Z,b004_failed_after_recovery_rc_1,,
2026-03-31T05:16:01Z,637,2026-03-17T00:38:44Z,2026-03-31T00:38:44Z,b004_failed_after_recovery_rc_1,,
2026-03-31T07:55:02Z,637,2026-03-17T07:26:41Z,2026-03-31T07:26:41Z,b004_failed_after_recovery_rc_1,,
2026-03-31T08:58:14Z,637,2026-03-17T08:51:16Z,2026-03-31T08:51:16Z,b004_failed_after_recovery_rc_1,,
2026-03-31T09:57:14Z,637,2026-03-17T09:17:26Z,2026-03-31T09:17:26Z,b001_failed_marketplace_A1F83G8C2ARO7P,,
2026-03-31T09:57:15Z,637,2026-03-17T09:17:26Z,2026-03-31T09:17:26Z,b001_failed_marketplace_A28R8C7NBKEWEA,,
2026-03-31T09:57:17Z,637,2026-03-17T09:17:26Z,2026-03-31T09:17:26Z,b001_failed_marketplace_AZMDEXL2RVFNN,,
2026-03-31T09:57:12Z,637,2026-03-17T09:17:26Z,2026-03-31T09:17:26Z,orphans_remain_after_lookback,,
2026-03-31T09:58:08Z,637,2026-03-17T09:17:26Z,2026-03-31T09:17:26Z,b001_failure_summary,,"A1F83G8C2ARO7P,A28R8C7NBKEWEA,AZMDEXL2RVFNN"
2026-03-31T10:59:12Z,637,2026-03-17T10:33:09Z,2026-03-31T10:33:09Z,b001_failed_marketplace_A1F83G8C2ARO7P,,
2026-03-31T10:59:14Z,637,2026-03-17T10:33:09Z,2026-03-31T10:33:09Z,b001_failed_marketplace_A28R8C7NBKEWEA,,
2026-03-31T10:59:16Z,637,2026-03-17T10:33:09Z,2026-03-31T10:33:09Z,b001_failed_marketplace_AZMDEXL2RVFNN,,
2026-03-31T10:59:10Z,637,2026-03-17T10:33:09Z,2026-03-31T10:33:09Z,orphans_remain_after_lookback,,
2026-03-31T11:00:07Z,637,2026-03-17T10:33:09Z,2026-03-31T10:33:09Z,b001_failure_summary,,"A1F83G8C2ARO7P,A28R8C7NBKEWEA,AZMDEXL2RVFNN"
2026-03-31T11:59:52Z,637,2026-03-17T10:33:09Z,2026-03-31T10:33:09Z,b001_failed_marketplace_A1F83G8C2ARO7P,,
2026-03-31T11:59:54Z,637,2026-03-17T10:33:09Z,2026-03-31T10:33:09Z,b001_failed_marketplace_A28R8C7NBKEWEA,,
2026-03-31T11:59:55Z,637,2026-03-17T10:33:09Z,2026-03-31T10:33:09Z,b001_failed_marketplace_AZMDEXL2RVFNN,,
2026-03-31T11:59:51Z,637,2026-03-17T10:33:09Z,2026-03-31T10:33:09Z,orphans_remain_after_lookback,,
2026-03-31T12:00:45Z,637,2026-03-17T10:33:09Z,2026-03-31T10:33:09Z,b001_failure_summary,,"A1F83G8C2ARO7P,A28R8C7NBKEWEA,AZMDEXL2RVFNN"
2026-03-31T13:02:43Z,637,2026-03-17T11:34:05Z,2026-03-31T11:34:05Z,b004_failed_after_recovery_rc_1,,
2026-03-31T17:56:18Z,637,2026-03-17T17:43:55Z,2026-03-31T17:43:55Z,b004_failed_after_recovery_rc_1,,
2026-03-31T20:20:45Z,637,2026-03-17T20:03:15Z,2026-03-31T20:03:15Z,b004_failed_after_recovery_rc_1,,
2026-03-31T21:23:10Z,637,2026-03-17T20:43:53Z,2026-03-31T20:43:53Z,b004_failed_after_recovery_rc_1,,
2026-04-01T01:32:46Z,637,2026-03-18T00:50:19Z,2026-04-01T00:50:19Z,b004_failed_after_recovery_rc_1,,
2026-04-01T05:25:09Z,637,2026-03-18T04:23:20Z,2026-04-01T04:23:20Z,b004_failed_after_recovery_rc_1,,
2026-04-01T06:49:52Z,637,2026-03-18T06:15:17Z,2026-04-01T06:15:17Z,b004_failed_after_recovery_rc_1,,
2026-04-01T07:50:10Z,637,2026-03-18T07:25:10Z,2026-04-01T07:25:10Z,b004_failed_after_recovery_rc_1,,
2026-04-01T08:50:33Z,637,2026-03-18T08:38:57Z,2026-04-01T08:38:57Z,b004_failed_after_recovery_rc_1,,
2026-04-01T10:16:51Z,637,2026-03-18T10:01:59Z,2026-04-01T10:01:59Z,b001_failed_marketplace_A1F83G8C2ARO7P,,
2026-04-01T10:16:53Z,637,2026-03-18T10:01:59Z,2026-04-01T10:01:59Z,b001_failed_marketplace_A28R8C7NBKEWEA,,
2026-04-01T10:16:54Z,637,2026-03-18T10:01:59Z,2026-04-01T10:01:59Z,b001_failed_marketplace_AZMDEXL2RVFNN,,
2026-04-01T10:16:38Z,637,2026-03-18T10:01:59Z,2026-04-01T10:01:59Z,orphans_remain_after_lookback,,
2026-04-01T10:17:46Z,637,2026-03-18T10:01:59Z,2026-04-01T10:01:59Z,b001_failure_summary,,"A1F83G8C2ARO7P,A28R8C7NBKEWEA,AZMDEXL2RVFNN"
2026-04-01T11:20:28Z,637,2026-03-18T11:03:14Z,2026-04-01T11:03:14Z,b004_failed_after_recovery_rc_1,,
2026-04-01T12:21:30Z,637,2026-03-18T12:00:24Z,2026-04-01T12:00:24Z,b004_failed_after_recovery_rc_1,,
2026-04-01T13:24:27Z,637,2026-03-18T13:08:45Z,2026-04-01T13:08:45Z,b004_failed_after_recovery_rc_1,,
2026-04-01T14:28:42Z,637,2026-03-18T14:10:26Z,2026-04-01T14:10:26Z,b004_failed_after_recovery_rc_1,,
2026-04-01T15:32:11Z,637,2026-03-18T15:14:37Z,2026-04-01T15:14:37Z,b004_failed_after_recovery_rc_1,,
2026-04-01T21:34:26Z,637,2026-03-18T21:13:11Z,2026-04-01T21:13:11Z,b004_failed_after_recovery_rc_1,,
2026-04-01T22:49:03Z,637,2026-03-18T21:43:42Z,2026-04-01T21:43:42Z,b004_failed_after_recovery_rc_1,,
2026-04-01T23:46:48Z,637,2026-03-18T23:19:41Z,2026-04-01T23:19:41Z,b004_failed_after_recovery_rc_1,,
2026-04-02T00:49:39Z,637,2026-03-19T00:37:09Z,2026-04-02T00:37:09Z,b004_failed_after_recovery_rc_1,,
2026-04-02T01:50:03Z,637,2026-03-19T01:39:15Z,2026-04-02T01:39:15Z,b004_failed_after_recovery_rc_1,,
2026-04-02T02:51:30Z,637,2026-03-19T01:39:15Z,2026-04-02T01:39:15Z,b004_failed_after_recovery_rc_1,,
2026-04-02T03:53:46Z,637,2026-03-19T01:39:15Z,2026-04-02T01:39:15Z,b004_failed_after_recovery_rc_1,,
2026-04-02T04:56:22Z,637,2026-03-19T01:39:15Z,2026-04-02T01:39:15Z,b004_failed_after_recovery_rc_1,,
2026-04-02T05:58:56Z,637,2026-03-19T01:39:15Z,2026-04-02T01:39:15Z,b004_failed_after_recovery_rc_1,,
2026-04-02T07:59:10Z,637,2026-03-19T07:38:53Z,2026-04-02T07:38:53Z,b004_failed_after_recovery_rc_1,,
2026-04-02T08:59:28Z,637,2026-03-19T08:33:03Z,2026-04-02T08:33:03Z,b004_failed_after_recovery_rc_1,,
2026-04-02T10:02:38Z,637,2026-03-19T09:23:46Z,2026-04-02T09:23:46Z,b004_failed_after_recovery_rc_1,,
2026-04-02T11:05:13Z,637,2026-03-19T10:44:54Z,2026-04-02T10:44:54Z,b004_failed_after_recovery_rc_1,,
2026-04-02T12:05:19Z,637,2026-03-19T11:45:50Z,2026-04-02T11:45:50Z,b004_failed_after_recovery_rc_1,,
2026-04-02T13:06:03Z,637,2026-03-19T12:44:39Z,2026-04-02T12:44:39Z,b004_failed_after_recovery_rc_1,,
2026-04-02T14:07:49Z,637,2026-03-19T13:55:23Z,2026-04-02T13:55:23Z,b004_failed_after_recovery_rc_1,,
2026-04-02T15:08:04Z,637,2026-03-19T14:44:15Z,2026-04-02T14:44:15Z,b004_failed_after_recovery_rc_1,,
2026-04-02T16:10:21Z,637,2026-03-19T15:47:29Z,2026-04-02T15:47:29Z,b004_failed_after_recovery_rc_1,,
2026-04-02T17:13:40Z,637,2026-03-19T17:03:45Z,2026-04-02T17:03:45Z,b004_failed_after_recovery_rc_1,,
2026-04-02T18:14:54Z,637,2026-03-19T18:06:42Z,2026-04-02T18:06:42Z,b004_failed_after_recovery_rc_1,,
2026-04-02T19:18:11Z,637,2026-03-19T19:06:31Z,2026-04-02T19:06:31Z,b004_failed_after_recovery_rc_1,,
2026-04-02T20:19:20Z,637,2026-03-19T20:03:12Z,2026-04-02T20:03:12Z,b004_failed_after_recovery_rc_1,,
2026-04-02T21:22:54Z,637,2026-03-19T21:09:51Z,2026-04-02T21:09:51Z,b004_failed_after_recovery_rc_1,,
2026-04-02T22:22:56Z,637,2026-03-19T22:07:44Z,2026-04-02T22:07:44Z,b004_failed_after_recovery_rc_1,,
2026-04-02T23:27:09Z,637,2026-03-19T23:17:11Z,2026-04-02T23:17:11Z,b004_failed_after_recovery_rc_1,,
2026-04-03T00:27:27Z,637,2026-03-20T00:01:56Z,2026-04-03T00:01:56Z,b004_failed_after_recovery_rc_1,,
2026-04-03T01:32:45Z,637,2026-03-20T00:26:38Z,2026-04-03T00:26:38Z,b004_failed_after_recovery_rc_1,,
2026-04-03T02:32:45Z,637,2026-03-20T01:37:45Z,2026-04-03T01:37:45Z,b004_failed_after_recovery_rc_1,,
2026-04-03T03:36:42Z,637,2026-03-20T01:37:45Z,2026-04-03T01:37:45Z,b004_failed_after_recovery_rc_1,,
2026-04-03T04:39:04Z,637,2026-03-20T01:37:45Z,2026-04-03T01:37:45Z,b004_failed_after_recovery_rc_1,,
2026-04-03T05:40:42Z,637,2026-03-20T05:22:34Z,2026-04-03T05:22:34Z,b004_failed_after_recovery_rc_1,,
2026-04-03T06:44:27Z,637,2026-03-20T06:14:01Z,2026-04-03T06:14:01Z,b004_failed_after_recovery_rc_1,,
2026-04-03T07:44:54Z,637,2026-03-20T06:58:02Z,2026-04-03T06:58:02Z,b004_failed_after_recovery_rc_1,,
2026-04-03T08:45:16Z,637,2026-03-20T07:40:47Z,2026-04-03T07:40:47Z,b004_failed_after_recovery_rc_1,,
2026-04-03T10:01:27Z,637,2026-03-20T09:54:30Z,2026-04-03T09:54:30Z,b004_failed_after_recovery_rc_1,,
2026-04-03T11:02:34Z,637,2026-03-20T10:50:46Z,2026-04-03T10:50:46Z,b004_failed_after_recovery_rc_1,,
2026-04-03T12:03:46Z,637,2026-03-20T11:55:03Z,2026-04-03T11:55:03Z,b004_failed_after_recovery_rc_1,,
2026-04-03T13:04:04Z,637,2026-03-20T12:57:29Z,2026-04-03T12:57:29Z,b004_failed_after_recovery_rc_1,,
2026-04-03T14:06:34Z,637,2026-03-20T13:55:24Z,2026-04-03T13:55:24Z,b004_failed_after_recovery_rc_1,,
2026-04-03T15:08:57Z,637,2026-03-20T14:23:57Z,2026-04-03T14:23:57Z,b004_failed_after_recovery_rc_1,,
2026-04-03T16:09:42Z,637,2026-03-20T16:02:20Z,2026-04-03T16:02:20Z,b004_failed_after_recovery_rc_1,,
2026-04-03T17:10:31Z,637,2026-03-20T16:46:18Z,2026-04-03T16:46:18Z,b004_failed_after_recovery_rc_1,,
2026-04-03T18:13:15Z,637,2026-03-20T17:50:52Z,2026-04-03T17:50:52Z,b004_failed_after_recovery_rc_1,,
2026-04-03T19:13:49Z,637,2026-03-20T19:07:05Z,2026-04-03T19:07:05Z,b004_failed_after_recovery_rc_1,,
2026-04-03T20:18:34Z,637,2026-03-20T20:05:14Z,2026-04-03T20:05:14Z,b004_failed_after_recovery_rc_1,,
2026-04-03T21:20:42Z,637,2026-03-20T21:12:57Z,2026-04-03T21:12:57Z,b004_failed_after_recovery_rc_1,,
2026-04-03T22:23:09Z,637,2026-03-20T22:12:08Z,2026-04-03T22:12:08Z,b004_failed_after_recovery_rc_1,,
2026-04-03T23:23:42Z,637,2026-03-20T23:10:04Z,2026-04-03T23:10:04Z,b004_failed_after_recovery_rc_1,,
2026-04-04T00:30:18Z,637,2026-03-20T23:53:11Z,2026-04-03T23:53:11Z,b004_failed_after_recovery_rc_1,,
2026-04-04T01:31:53Z,637,2026-03-21T01:24:50Z,2026-04-04T01:24:50Z,b004_failed_after_recovery_rc_1,,
2026-04-04T02:36:26Z,637,2026-03-21T01:24:50Z,2026-04-04T01:24:50Z,b004_failed_after_recovery_rc_1,,
2026-04-04T03:37:01Z,637,2026-03-21T01:24:50Z,2026-04-04T01:24:50Z,b004_failed_after_recovery_rc_1,,
2026-04-04T04:41:15Z,637,2026-03-21T01:24:50Z,2026-04-04T01:24:50Z,b004_failed_after_recovery_rc_1,,
2026-04-04T05:44:59Z,637,2026-03-21T05:32:55Z,2026-04-04T05:32:55Z,b004_failed_after_recovery_rc_1,,
2026-04-04T06:45:34Z,637,2026-03-21T05:59:37Z,2026-04-04T05:59:37Z,b004_failed_after_recovery_rc_1,,
2026-04-04T07:48:48Z,637,2026-03-21T07:41:30Z,2026-04-04T07:41:30Z,b004_failed_after_recovery_rc_1,,
2026-04-04T08:51:08Z,637,2026-03-21T08:27:11Z,2026-04-04T08:27:11Z,b004_failed_after_recovery_rc_1,,
2026-04-04T09:51:31Z,637,2026-03-21T09:38:13Z,2026-04-04T09:38:13Z,b004_failed_after_recovery_rc_1,,
2026-04-04T10:52:46Z,637,2026-03-21T10:12:15Z,2026-04-04T10:12:15Z,b004_failed_after_recovery_rc_1,,
2026-04-04T11:53:04Z,637,2026-03-21T11:40:24Z,2026-04-04T11:40:24Z,b004_failed_after_recovery_rc_1,,
2026-04-04T12:54:22Z,637,2026-03-21T12:47:30Z,2026-04-04T12:47:30Z,b004_failed_after_recovery_rc_1,,
2026-04-04T13:57:15Z,637,2026-03-21T12:56:56Z,2026-04-04T12:56:56Z,b004_failed_after_recovery_rc_1,,
2026-04-04T15:00:14Z,637,2026-03-21T14:20:33Z,2026-04-04T14:20:33Z,b004_failed_after_recovery_rc_1,,
2026-04-04T16:00:22Z,637,2026-03-21T15:19:07Z,2026-04-04T15:19:07Z,b004_failed_after_recovery_rc_1,,
2026-04-04T17:02:58Z,637,2026-03-21T16:53:34Z,2026-04-04T16:53:34Z,b004_failed_after_recovery_rc_1,,
2026-04-04T18:06:59Z,637,2026-03-21T17:39:13Z,2026-04-04T17:39:13Z,b004_failed_after_recovery_rc_1,,
2026-04-04T19:09:10Z,637,2026-03-21T18:54:42Z,2026-04-04T18:54:42Z,b004_failed_after_recovery_rc_1,,
2026-04-04T20:13:03Z,637,2026-03-21T19:19:13Z,2026-04-04T19:19:13Z,b004_failed_after_recovery_rc_1,,
2026-04-04T21:14:51Z,637,2026-03-21T20:47:33Z,2026-04-04T20:47:33Z,b004_failed_after_recovery_rc_1,,
2026-04-04T22:17:56Z,637,2026-03-21T21:11:57Z,2026-04-04T21:11:57Z,b004_failed_after_recovery_rc_1,,
2026-04-04T23:21:00Z,637,2026-03-21T21:11:57Z,2026-04-04T21:11:57Z,b004_failed_after_recovery_rc_1,,
2026-04-05T00:23:08Z,637,2026-03-22T00:14:15Z,2026-04-05T00:14:15Z,b004_failed_after_recovery_rc_1,,
2026-04-05T01:25:54Z,637,2026-03-22T00:14:15Z,2026-04-05T00:14:15Z,b004_failed_after_recovery_rc_1,,
2026-04-05T02:29:27Z,637,2026-03-22T00:14:15Z,2026-04-05T00:14:15Z,b004_failed_after_recovery_rc_1,,
2026-04-05T03:31:43Z,637,2026-03-22T03:13:38Z,2026-04-05T03:13:38Z,b004_failed_after_recovery_rc_1,,
2026-04-05T04:32:20Z,637,2026-03-22T03:13:38Z,2026-04-05T03:13:38Z,b004_failed_after_recovery_rc_1,,
2026-04-05T05:35:45Z,637,2026-03-22T05:19:54Z,2026-04-05T05:19:54Z,b004_failed_after_recovery_rc_1,,
2026-04-05T06:35:51Z,637,2026-03-22T05:19:54Z,2026-04-05T05:19:54Z,b004_failed_after_recovery_rc_1,,
2026-04-05T07:37:57Z,637,2026-03-22T06:47:01Z,2026-04-05T06:47:01Z,b004_failed_after_recovery_rc_1,,
2026-04-05T08:39:05Z,637,2026-03-22T08:17:37Z,2026-04-05T08:17:37Z,b004_failed_after_recovery_rc_1,,
2026-04-05T09:40:10Z,637,2026-03-22T09:16:06Z,2026-04-05T09:16:06Z,b004_failed_after_recovery_rc_1,,
2026-04-05T10:45:07Z,637,2026-03-22T10:31:36Z,2026-04-05T10:31:36Z,b004_failed_after_recovery_rc_1,,
2026-04-05T11:45:48Z,637,2026-03-22T10:55:27Z,2026-04-05T10:55:27Z,b004_failed_after_recovery_rc_1,,
2026-04-05T12:49:08Z,637,2026-03-22T12:22:53Z,2026-04-05T12:22:53Z,b004_failed_after_recovery_rc_1,,
2026-04-05T13:53:43Z,637,2026-03-22T13:28:05Z,2026-04-05T13:28:05Z,b004_failed_after_recovery_rc_1,,
2026-04-05T14:57:02Z,637,2026-03-22T14:49:33Z,2026-04-05T14:49:33Z,b004_failed_after_recovery_rc_1,,
2026-04-05T15:59:56Z,637,2026-03-22T14:54:08Z,2026-04-05T14:54:08Z,b004_failed_after_recovery_rc_1,,
2026-04-05T17:03:31Z,637,2026-03-22T16:06:06Z,2026-04-05T16:06:06Z,b004_failed_after_recovery_rc_1,,
2026-04-05T18:05:37Z,637,2026-03-22T17:53:23Z,2026-04-05T17:53:23Z,b004_failed_after_recovery_rc_1,,
2026-04-05T19:07:34Z,637,2026-03-22T18:37:56Z,2026-04-05T18:37:56Z,b004_failed_after_recovery_rc_1,,
2026-04-05T20:10:09Z,637,2026-03-22T19:31:21Z,2026-04-05T19:31:21Z,b004_failed_after_recovery_rc_1,,
2026-04-05T21:11:57Z,637,2026-03-22T20:51:34Z,2026-04-05T20:51:34Z,b004_failed_after_recovery_rc_1,,
2026-04-05T22:17:54Z,637,2026-03-22T21:38:58Z,2026-04-05T21:38:58Z,b004_failed_after_recovery_rc_1,,
2026-04-05T23:18:16Z,637,2026-03-22T22:32:22Z,2026-04-05T22:32:22Z,b004_failed_after_recovery_rc_1,,
2026-04-06T00:20:10Z,637,2026-03-22T23:27:35Z,2026-04-05T23:27:35Z,b004_failed_after_recovery_rc_1,,
2026-04-06T01:22:44Z,637,2026-03-22T23:27:35Z,2026-04-05T23:27:35Z,b004_failed_after_recovery_rc_1,,
2026-04-06T02:25:37Z,637,2026-03-22T23:27:35Z,2026-04-05T23:27:35Z,b004_failed_after_recovery_rc_1,,
2026-04-06T03:25:46Z,637,2026-03-22T23:27:35Z,2026-04-05T23:27:35Z,b004_failed_after_recovery_rc_1,,
2026-04-06T04:27:38Z,637,2026-03-22T23:27:35Z,2026-04-05T23:27:35Z,b004_failed_after_recovery_rc_1,,
2026-04-06T05:28:23Z,637,2026-03-22T23:27:35Z,2026-04-05T23:27:35Z,b004_failed_after_recovery_rc_1,,
2026-04-06T06:31:48Z,637,2026-03-22T23:27:35Z,2026-04-05T23:27:35Z,b004_failed_after_recovery_rc_1,,
2026-04-06T07:34:58Z,637,2026-03-23T07:25:00Z,2026-04-06T07:25:00Z,b004_failed_after_recovery_rc_1,,
2026-04-06T08:36:48Z,637,2026-03-23T07:49:40Z,2026-04-06T07:49:40Z,b004_failed_after_recovery_rc_1,,
2026-04-06T09:39:28Z,637,2026-03-23T09:15:49Z,2026-04-06T09:15:49Z,b004_failed_after_recovery_rc_1,,
2026-04-06T10:41:46Z,637,2026-03-23T10:28:17Z,2026-04-06T10:28:17Z,b004_failed_after_recovery_rc_1,,
2026-04-06T11:43:46Z,637,2026-03-23T10:59:58Z,2026-04-06T10:59:58Z,b004_failed_after_recovery_rc_1,,
2026-04-06T12:45:43Z,637,2026-03-23T12:36:58Z,2026-04-06T12:36:58Z,b004_failed_after_recovery_rc_1,,
2026-04-06T13:47:03Z,637,2026-03-23T13:34:20Z,2026-04-06T13:34:20Z,b004_failed_after_recovery_rc_1,,
2026-04-06T14:48:53Z,637,2026-03-23T14:38:25Z,2026-04-06T14:38:25Z,b004_failed_after_recovery_rc_1,,
2026-04-06T15:50:10Z,637,2026-03-23T15:40:12Z,2026-04-06T15:40:12Z,b004_failed_after_recovery_rc_1,,
2026-04-06T16:50:35Z,637,2026-03-23T16:25:06Z,2026-04-06T16:25:06Z,b004_failed_after_recovery_rc_1,,
2026-04-06T17:51:01Z,637,2026-03-23T17:09:09Z,2026-04-06T17:09:09Z,b004_failed_after_recovery_rc_1,,
2026-04-06T18:51:42Z,637,2026-03-23T18:43:02Z,2026-04-06T18:43:02Z,b004_failed_after_recovery_rc_1,,
2026-04-06T19:53:31Z,637,2026-03-23T19:44:21Z,2026-04-06T19:44:21Z,b004_failed_after_recovery_rc_1,,
2026-04-06T20:53:55Z,637,2026-03-23T20:16:10Z,2026-04-06T20:16:10Z,b004_failed_after_recovery_rc_1,,
2026-04-06T21:56:31Z,637,2026-03-23T20:55:38Z,2026-04-06T20:55:38Z,b004_failed_after_recovery_rc_1,,
2026-04-06T22:56:59Z,637,2026-03-23T22:50:30Z,2026-04-06T22:50:30Z,b004_failed_after_recovery_rc_1,,
2026-04-06T23:58:06Z,637,2026-03-23T23:27:09Z,2026-04-06T23:27:09Z,b004_failed_after_recovery_rc_1,,
2026-04-07T00:58:45Z,637,2026-03-23T23:58:07Z,2026-04-06T23:58:07Z,b004_failed_after_recovery_rc_1,,
2026-04-07T02:01:54Z,637,2026-03-23T23:58:07Z,2026-04-06T23:58:07Z,b004_failed_after_recovery_rc_1,,
2026-04-07T03:02:39Z,637,2026-03-23T23:58:07Z,2026-04-06T23:58:07Z,b004_failed_after_recovery_rc_1,,
2026-04-07T04:06:02Z,637,2026-03-23T23:58:07Z,2026-04-06T23:58:07Z,b004_failed_after_recovery_rc_1,,
2026-04-07T05:08:41Z,637,2026-03-23T23:58:07Z,2026-04-06T23:58:07Z,b004_failed_after_recovery_rc_1,,
2026-04-07T06:09:10Z,637,2026-03-24T05:50:58Z,2026-04-07T05:50:58Z,b004_failed_after_recovery_rc_1,,
2026-04-07T07:11:58Z,637,2026-03-24T06:47:32Z,2026-04-07T06:47:32Z,b004_failed_after_recovery_rc_1,,
2026-04-07T08:12:53Z,637,2026-03-24T07:57:53Z,2026-04-07T07:57:53Z,b004_failed_after_recovery_rc_1,,
2026-04-07T09:15:07Z,637,2026-03-24T08:47:39Z,2026-04-07T08:47:39Z,b004_failed_after_recovery_rc_1,,
2026-04-07T10:16:59Z,637,2026-03-24T10:06:00Z,2026-04-07T10:06:00Z,b004_failed_after_recovery_rc_1,,
2026-04-07T11:19:35Z,637,2026-03-24T11:09:09Z,2026-04-07T11:09:09Z,b004_failed_after_recovery_rc_1,,
2026-04-07T12:21:56Z,637,2026-03-24T12:01:19Z,2026-04-07T12:01:19Z,b004_failed_after_recovery_rc_1,,
2026-04-07T13:24:41Z,637,2026-03-24T12:55:17Z,2026-04-07T12:55:17Z,b004_failed_after_recovery_rc_1,,
2026-04-07T14:28:04Z,637,2026-03-24T14:20:01Z,2026-04-07T14:20:01Z,b004_failed_after_recovery_rc_1,,
2026-04-07T15:28:42Z,637,2026-03-24T15:14:04Z,2026-04-07T15:14:04Z,b004_failed_after_recovery_rc_1,,
2026-04-07T16:33:00Z,637,2026-03-24T16:12:29Z,2026-04-07T16:12:29Z,b004_failed_after_recovery_rc_1,,
2026-04-07T17:36:03Z,637,2026-03-24T17:09:08Z,2026-04-07T17:09:08Z,b004_failed_after_recovery_rc_1,,
2026-04-07T18:36:42Z,637,2026-03-24T18:25:45Z,2026-04-07T18:25:45Z,b004_failed_after_recovery_rc_1,,
2026-04-07T19:39:32Z,637,2026-03-24T19:22:52Z,2026-04-07T19:22:52Z,b004_failed_after_recovery_rc_1,,
2026-04-07T20:43:00Z,637,2026-03-24T19:56:39Z,2026-04-07T19:56:39Z,b004_failed_after_recovery_rc_1,,
2026-04-07T21:43:53Z,637,2026-03-24T21:19:09Z,2026-04-07T21:19:09Z,b004_failed_after_recovery_rc_1,,
2026-04-07T22:43:51Z,637,2026-03-24T22:14:19Z,2026-04-07T22:14:19Z,b004_failed_after_recovery_rc_1,,
2026-04-07T23:44:14Z,637,2026-03-24T23:09:04Z,2026-04-07T23:09:04Z,b004_failed_after_recovery_rc_1,,
2026-04-08T00:44:34Z,637,2026-03-24T23:09:04Z,2026-04-07T23:09:04Z,b004_failed_after_recovery_rc_1,,
2026-04-08T01:47:28Z,637,2026-03-24T23:09:04Z,2026-04-07T23:09:04Z,b004_failed_after_recovery_rc_1,,
2026-04-08T02:47:47Z,637,2026-03-25T02:24:35Z,2026-04-08T02:24:35Z,b004_failed_after_recovery_rc_1,,
2026-04-08T03:49:19Z,637,2026-03-25T02:24:35Z,2026-04-08T02:24:35Z,b004_failed_after_recovery_rc_1,,
2026-04-08T04:50:14Z,637,2026-03-25T02:24:35Z,2026-04-08T02:24:35Z,b004_failed_after_recovery_rc_1,,
2026-04-08T05:50:25Z,637,2026-03-25T02:24:35Z,2026-04-08T02:24:35Z,b004_failed_after_recovery_rc_1,,
2026-04-08T06:53:40Z,637,2026-03-25T02:24:35Z,2026-04-08T02:24:35Z,b004_failed_after_recovery_rc_1,,
2026-04-08T07:57:08Z,637,2026-03-25T07:09:48Z,2026-04-08T07:09:48Z,b004_failed_after_recovery_rc_1,,
2026-04-08T08:59:17Z,637,2026-03-25T08:33:36Z,2026-04-08T08:33:36Z,b004_failed_after_recovery_rc_1,,
2026-04-08T10:01:44Z,637,2026-03-25T09:53:10Z,2026-04-08T09:53:10Z,b004_failed_after_recovery_rc_1,,
2026-04-08T11:02:25Z,637,2026-03-25T10:39:02Z,2026-04-08T10:39:02Z,b004_failed_after_recovery_rc_1,,
2026-04-08T12:03:09Z,637,2026-03-25T11:34:03Z,2026-04-08T11:34:03Z,b004_failed_after_recovery_rc_1,,
2026-04-08T13:06:35Z,637,2026-03-25T12:28:05Z,2026-04-08T12:28:05Z,b004_failed_after_recovery_rc_1,,
2026-04-08T14:06:48Z,637,2026-03-25T13:49:05Z,2026-04-08T13:49:05Z,b004_failed_after_recovery_rc_1,,
2026-04-08T15:08:48Z,637,2026-03-25T15:00:37Z,2026-04-08T15:00:37Z,b004_failed_after_recovery_rc_1,,
2026-04-08T16:13:30Z,637,2026-03-25T15:56:52Z,2026-04-08T15:56:52Z,b004_failed_after_recovery_rc_1,,
2026-04-08T17:14:42Z,637,2026-03-25T17:03:26Z,2026-04-08T17:03:26Z,b004_failed_after_recovery_rc_1,,
2026-04-08T18:18:30Z,637,2026-03-25T17:48:26Z,2026-04-08T17:48:26Z,b004_failed_after_recovery_rc_1,,
2026-04-08T19:19:56Z,637,2026-03-25T19:04:39Z,2026-04-08T19:04:39Z,b004_failed_after_recovery_rc_1,,
2026-04-08T20:20:16Z,637,2026-03-25T20:00:29Z,2026-04-08T20:00:29Z,b004_failed_after_recovery_rc_1,,
2026-04-08T21:23:45Z,637,2026-03-25T21:06:27Z,2026-04-08T21:06:27Z,b004_failed_after_recovery_rc_1,,
2026-04-08T22:24:36Z,637,2026-03-25T21:37:03Z,2026-04-08T21:37:03Z,b004_failed_after_recovery_rc_1,,
2026-04-08T23:27:01Z,637,2026-03-25T23:11:02Z,2026-04-08T23:11:02Z,b004_failed_after_recovery_rc_1,,
2026-04-09T00:29:58Z,637,2026-03-26T00:15:55Z,2026-04-09T00:15:55Z,b004_failed_after_recovery_rc_1,,
2026-04-09T01:30:37Z,637,2026-03-26T00:40:22Z,2026-04-09T00:40:22Z,b004_failed_after_recovery_rc_1,,
2026-04-09T02:31:44Z,637,2026-03-26T00:40:22Z,2026-04-09T00:40:22Z,b004_failed_after_recovery_rc_1,,
2026-04-09T03:34:00Z,637,2026-03-26T00:40:22Z,2026-04-09T00:40:22Z,b004_failed_after_recovery_rc_1,,
2026-04-09T04:36:10Z,637,2026-03-26T00:40:22Z,2026-04-09T00:40:22Z,b004_failed_after_recovery_rc_1,,
2026-04-09T05:36:48Z,637,2026-03-26T00:40:22Z,2026-04-09T00:40:22Z,b004_failed_after_recovery_rc_1,,
2026-04-09T06:39:08Z,637,2026-03-26T06:04:27Z,2026-04-09T06:04:27Z,b004_failed_after_recovery_rc_1,,
2026-04-09T07:41:29Z,637,2026-03-26T07:33:47Z,2026-04-09T07:33:47Z,b004_failed_after_recovery_rc_1,,
2026-04-09T08:43:13Z,637,2026-03-26T08:23:32Z,2026-04-09T08:23:32Z,b004_failed_after_recovery_rc_1,,
2026-04-09T09:47:46Z,637,2026-03-26T09:13:39Z,2026-04-09T09:13:39Z,b004_failed_after_recovery_rc_1,,
2026-04-09T10:50:29Z,637,2026-03-26T10:16:21Z,2026-04-09T10:16:21Z,b004_failed_after_recovery_rc_1,,
2026-04-09T11:53:27Z,637,2026-03-26T11:13:43Z,2026-04-09T11:13:43Z,b001_failed_marketplace_A1F83G8C2ARO7P,,
2026-04-09T11:54:00Z,637,2026-03-26T11:13:43Z,2026-04-09T11:13:43Z,b001_failed_marketplace_A28R8C7NBKEWEA,,
2026-04-09T11:54:22Z,637,2026-03-26T11:13:43Z,2026-04-09T11:13:43Z,b001_failed_marketplace_AZMDEXL2RVFNN,,
2026-04-09T11:54:25Z,637,2026-03-26T11:13:43Z,2026-04-09T11:13:43Z,b007_failed_after_recovery_rc_120,,
2026-04-09T11:56:38Z,637,2026-03-26T11:13:43Z,2026-04-09T11:13:43Z,b004_failed_after_recovery_rc_1,,
2026-04-09T12:59:38Z,637,2026-03-26T12:46:26Z,2026-04-09T12:46:26Z,b004_failed_after_recovery_rc_1,,
2026-04-09T15:28:02Z,637,2026-03-26T15:08:08Z,2026-04-09T15:08:08Z,b004_failed_after_recovery_rc_1,,
2026-04-09T16:28:39Z,637,2026-03-26T16:06:19Z,2026-04-09T16:06:19Z,b004_failed_after_recovery_rc_1,,
2026-04-09T17:29:39Z,637,2026-03-26T17:14:41Z,2026-04-09T17:14:41Z,b004_failed_after_recovery_rc_1,,
2026-04-09T18:29:37Z,637,2026-03-26T18:20:49Z,2026-04-09T18:20:49Z,b004_failed_after_recovery_rc_1,,
2026-04-09T19:31:21Z,637,2026-03-26T19:17:44Z,2026-04-09T19:17:44Z,b004_failed_after_recovery_rc_1,,
2026-04-09T20:31:39Z,637,2026-03-26T19:50:43Z,2026-04-09T19:50:43Z,b004_failed_after_recovery_rc_1,,
2026-04-09T21:31:40Z,637,2026-03-26T21:24:01Z,2026-04-09T21:24:01Z,b004_failed_after_recovery_rc_1,,
2026-04-09T22:31:56Z,637,2026-03-26T22:16:48Z,2026-04-09T22:16:48Z,b004_failed_after_recovery_rc_1,,
2026-04-09T23:33:00Z,637,2026-03-26T23:11:47Z,2026-04-09T23:11:47Z,b004_failed_after_recovery_rc_1,,
2026-04-10T00:36:43Z,637,2026-03-26T23:42:51Z,2026-04-09T23:42:51Z,b004_failed_after_recovery_rc_1,,
2026-04-10T01:39:20Z,637,2026-03-27T00:30:15Z,2026-04-10T00:30:15Z,b004_failed_after_recovery_rc_1,,
2026-04-10T02:41:01Z,637,2026-03-27T00:30:15Z,2026-04-10T00:30:15Z,b004_failed_after_recovery_rc_1,,
2026-04-10T03:44:19Z,637,2026-03-27T03:14:01Z,2026-04-10T03:14:01Z,b004_failed_after_recovery_rc_1,,
2026-04-10T04:48:12Z,637,2026-03-27T03:14:01Z,2026-04-10T03:14:01Z,b004_failed_after_recovery_rc_1,,
2026-04-10T05:50:01Z,637,2026-03-27T05:39:05Z,2026-04-10T05:39:05Z,b004_failed_after_recovery_rc_1,,
2026-04-10T06:52:22Z,637,2026-03-27T06:31:07Z,2026-04-10T06:31:07Z,b004_failed_after_recovery_rc_1,,
2026-04-10T07:55:11Z,637,2026-03-27T07:26:34Z,2026-04-10T07:26:34Z,b004_failed_after_recovery_rc_1,,
2026-04-10T08:58:29Z,637,2026-03-27T08:46:05Z,2026-04-10T08:46:05Z,b004_failed_after_recovery_rc_1,,
2026-04-10T09:59:00Z,637,2026-03-27T09:44:46Z,2026-04-10T09:44:46Z,b004_failed_after_recovery_rc_1,,
2026-04-10T11:01:01Z,637,2026-03-27T10:52:59Z,2026-04-10T10:52:59Z,b004_failed_after_recovery_rc_1,,
2026-04-10T12:03:29Z,637,2026-03-27T11:55:29Z,2026-04-10T11:55:29Z,b004_failed_after_recovery_rc_1,,
2026-04-10T13:06:01Z,637,2026-03-27T12:52:30Z,2026-04-10T12:52:30Z,b004_failed_after_recovery_rc_1,,
2026-04-10T14:07:51Z,637,2026-03-27T13:59:49Z,2026-04-10T13:59:49Z,b004_failed_after_recovery_rc_1,,
2026-04-10T15:08:03Z,637,2026-03-27T14:58:32Z,2026-04-10T14:58:32Z,b004_failed_after_recovery_rc_1,,
2026-04-10T16:09:07Z,637,2026-03-27T15:47:13Z,2026-04-10T15:47:13Z,b004_failed_after_recovery_rc_1,,
2026-04-10T17:11:16Z,637,2026-03-27T17:01:37Z,2026-04-10T17:01:37Z,b004_failed_after_recovery_rc_1,,
2026-04-10T18:14:29Z,637,2026-03-27T17:54:43Z,2026-04-10T17:54:43Z,b004_failed_after_recovery_rc_1,,
2026-04-10T19:18:11Z,637,2026-03-27T19:02:00Z,2026-04-10T19:02:00Z,b004_failed_after_recovery_rc_1,,
2026-04-10T20:20:35Z,637,2026-03-27T20:01:25Z,2026-04-10T20:01:25Z,b004_failed_after_recovery_rc_1,,
2026-04-10T21:21:36Z,637,2026-03-27T20:39:57Z,2026-04-10T20:39:57Z,b004_failed_after_recovery_rc_1,,
2026-04-10T22:24:02Z,637,2026-03-27T22:08:58Z,2026-04-10T22:08:58Z,b004_failed_after_recovery_rc_1,,
2026-04-10T23:25:34Z,637,2026-03-27T23:06:55Z,2026-04-10T23:06:55Z,b004_failed_after_recovery_rc_1,,
2026-04-11T00:25:58Z,637,2026-03-27T23:06:55Z,2026-04-10T23:06:55Z,b004_failed_after_recovery_rc_1,,
2026-04-11T01:27:04Z,637,2026-03-28T01:03:32Z,2026-04-11T01:03:32Z,b004_failed_after_recovery_rc_1,,
2026-04-11T02:29:08Z,637,2026-03-28T01:03:32Z,2026-04-11T01:03:32Z,b004_failed_after_recovery_rc_1,,
2026-04-11T03:32:23Z,637,2026-03-28T01:03:32Z,2026-04-11T01:03:32Z,b004_failed_after_recovery_rc_1,,
2026-04-11T04:33:52Z,637,2026-03-28T01:03:32Z,2026-04-11T01:03:32Z,b004_failed_after_recovery_rc_1,,
2026-04-11T05:36:44Z,637,2026-03-28T04:38:31Z,2026-04-11T04:38:31Z,b004_failed_after_recovery_rc_1,,
2026-04-11T06:39:42Z,637,2026-03-28T05:52:31Z,2026-04-11T05:52:31Z,b004_failed_after_recovery_rc_1,,
2026-04-11T07:40:43Z,637,2026-03-28T07:24:58Z,2026-04-11T07:24:58Z,b004_failed_after_recovery_rc_1,,
2026-04-11T08:42:14Z,637,2026-03-28T08:28:50Z,2026-04-11T08:28:50Z,b004_failed_after_recovery_rc_1,,
2026-04-11T09:44:44Z,637,2026-03-28T09:30:18Z,2026-04-11T09:30:18Z,b004_failed_after_recovery_rc_1,,
2026-04-11T10:47:22Z,637,2026-03-28T10:38:42Z,2026-04-11T10:38:42Z,b004_failed_after_recovery_rc_1,,
2026-04-11T11:48:28Z,637,2026-03-28T11:39:29Z,2026-04-11T11:39:29Z,b004_failed_after_recovery_rc_1,,
2026-04-11T12:49:37Z,637,2026-03-28T12:21:31Z,2026-04-11T12:21:31Z,b004_failed_after_recovery_rc_1,,
2026-04-11T13:52:15Z,637,2026-03-28T13:04:45Z,2026-04-11T13:04:45Z,b004_failed_after_recovery_rc_1,,
2026-04-11T14:57:28Z,637,2026-03-28T14:35:06Z,2026-04-11T14:35:06Z,b004_failed_after_recovery_rc_1,,
2026-04-11T16:02:15Z,637,2026-03-28T15:39:49Z,2026-04-11T15:39:49Z,b004_failed_after_recovery_rc_1,,
2026-04-11T17:05:40Z,637,2026-03-28T16:36:24Z,2026-04-11T16:36:24Z,b004_failed_after_recovery_rc_1,,
2026-04-11T18:11:08Z,637,2026-03-28T17:44:13Z,2026-04-11T17:44:13Z,b004_failed_after_recovery_rc_1,,
2026-04-11T19:16:54Z,637,2026-03-28T18:35:36Z,2026-04-11T18:35:36Z,b004_failed_after_recovery_rc_1,,
2026-04-11T20:17:31Z,637,2026-03-28T19:47:37Z,2026-04-11T19:47:37Z,b004_failed_after_recovery_rc_1,,
2026-04-11T21:18:46Z,637,2026-03-28T19:47:37Z,2026-04-11T19:47:37Z,b004_failed_after_recovery_rc_1,,
2026-04-11T22:19:40Z,637,2026-03-28T19:47:37Z,2026-04-11T19:47:37Z,b004_failed_after_recovery_rc_1,,
2026-04-11T23:22:36Z,637,2026-03-28T23:13:24Z,2026-04-11T23:13:24Z,b004_failed_after_recovery_rc_1,,
2026-04-12T00:24:08Z,637,2026-03-28T23:13:24Z,2026-04-11T23:13:24Z,b004_failed_after_recovery_rc_1,,
2026-04-12T01:27:08Z,637,2026-03-28T23:13:24Z,2026-04-11T23:13:24Z,b004_failed_after_recovery_rc_1,,
2026-04-12T02:27:44Z,637,2026-03-28T23:13:24Z,2026-04-11T23:13:24Z,b004_failed_after_recovery_rc_1,,
2026-04-12T03:29:38Z,637,2026-03-28T23:13:24Z,2026-04-11T23:13:24Z,b004_failed_after_recovery_rc_1,,
2026-04-12T04:31:49Z,637,2026-03-28T23:13:24Z,2026-04-11T23:13:24Z,b004_failed_after_recovery_rc_1,,
2026-04-12T05:33:34Z,637,2026-03-28T23:13:24Z,2026-04-11T23:13:24Z,b004_failed_after_recovery_rc_1,,
2026-04-12T06:35:42Z,637,2026-03-29T06:08:01Z,2026-04-12T06:08:01Z,b004_failed_after_recovery_rc_1,,
2026-04-12T07:37:43Z,637,2026-03-29T06:08:01Z,2026-04-12T06:08:01Z,b004_failed_after_recovery_rc_1,,
2026-04-12T08:39:47Z,637,2026-03-29T08:25:03Z,2026-04-12T08:25:03Z,b004_failed_after_recovery_rc_1,,
2026-04-12T09:41:11Z,637,2026-03-29T09:32:48Z,2026-04-12T09:32:48Z,b004_failed_after_recovery_rc_1,,
2026-04-12T10:42:16Z,637,2026-03-29T10:10:58Z,2026-04-12T10:10:58Z,b004_failed_after_recovery_rc_1,,
2026-04-12T11:44:02Z,637,2026-03-29T11:06:22Z,2026-04-12T11:06:22Z,b004_failed_after_recovery_rc_1,,
2026-04-12T12:44:21Z,637,2026-03-29T12:07:19Z,2026-04-12T12:07:19Z,b004_failed_after_recovery_rc_1,,
2026-04-12T13:44:42Z,637,2026-03-29T13:25:25Z,2026-04-12T13:25:25Z,b004_failed_after_recovery_rc_1,,
2026-04-12T14:47:02Z,637,2026-03-29T14:37:12Z,2026-04-12T14:37:12Z,b004_failed_after_recovery_rc_1,,
2026-04-12T15:48:39Z,637,2026-03-29T15:02:35Z,2026-04-12T15:02:35Z,b004_failed_after_recovery_rc_1,,
2026-04-12T16:50:56Z,637,2026-03-29T16:07:58Z,2026-04-12T16:07:58Z,b004_failed_after_recovery_rc_1,,
2026-04-12T17:53:23Z,637,2026-03-29T17:40:00Z,2026-04-12T17:40:00Z,b004_failed_after_recovery_rc_1,,
2026-04-12T18:55:07Z,637,2026-03-29T18:12:46Z,2026-04-12T18:12:46Z,b004_failed_after_recovery_rc_1,,
2026-04-12T19:58:33Z,637,2026-03-29T19:22:31Z,2026-04-12T19:22:31Z,b004_failed_after_recovery_rc_1,,
2026-04-12T21:00:05Z,637,2026-03-29T20:36:31Z,2026-04-12T20:36:31Z,b004_failed_after_recovery_rc_1,,
2026-04-12T22:04:02Z,637,2026-03-29T21:43:05Z,2026-04-12T21:43:05Z,b004_failed_after_recovery_rc_1,,
2026-04-12T23:07:32Z,637,2026-03-29T21:43:05Z,2026-04-12T21:43:05Z,b004_failed_after_recovery_rc_1,,
2026-04-13T00:08:36Z,637,2026-03-29T23:52:38Z,2026-04-12T23:52:38Z,b004_failed_after_recovery_rc_1,,
2026-04-13T01:11:40Z,637,2026-03-30T00:13:12Z,2026-04-13T00:13:12Z,b004_failed_after_recovery_rc_1,,
2026-04-13T02:13:59Z,637,2026-03-30T01:35:38Z,2026-04-13T01:35:38Z,b004_failed_after_recovery_rc_1,,
2026-04-13T03:15:37Z,637,2026-03-30T01:35:38Z,2026-04-13T01:35:38Z,b004_failed_after_recovery_rc_1,,
2026-04-13T04:19:09Z,637,2026-03-30T03:47:19Z,2026-04-13T03:47:19Z,b004_failed_after_recovery_rc_1,,
2026-04-13T05:20:15Z,637,2026-03-30T03:47:19Z,2026-04-13T03:47:19Z,b004_failed_after_recovery_rc_1,,
2026-04-13T06:22:08Z,637,2026-03-30T05:41:25Z,2026-04-13T05:41:25Z,b004_failed_after_recovery_rc_1,,
2026-04-13T07:23:46Z,637,2026-03-30T06:48:13Z,2026-04-13T06:48:13Z,b004_failed_after_recovery_rc_1,,
2026-04-13T08:24:34Z,637,2026-03-30T07:47:47Z,2026-04-13T07:47:47Z,b004_failed_after_recovery_rc_1,,
2026-04-13T09:26:01Z,637,2026-03-30T07:47:47Z,2026-04-13T07:47:47Z,b004_failed_after_recovery_rc_1,,
2026-04-13T10:29:05Z,637,2026-03-30T10:17:59Z,2026-04-13T10:17:59Z,b004_failed_after_recovery_rc_1,,
2026-04-13T11:30:00Z,637,2026-03-30T11:16:21Z,2026-04-13T11:16:21Z,b004_failed_after_recovery_rc_1,,
2026-04-13T12:35:14Z,637,2026-03-30T12:18:25Z,2026-04-13T12:18:25Z,b004_failed_after_recovery_rc_1,,
2026-04-13T13:37:15Z,637,2026-03-30T13:23:35Z,2026-04-13T13:23:35Z,b004_failed_after_recovery_rc_1,,
2026-04-13T14:42:25Z,637,2026-03-30T14:33:33Z,2026-04-13T14:33:33Z,b004_failed_after_recovery_rc_1,,
2026-04-13T15:44:15Z,637,2026-03-30T15:36:45Z,2026-04-13T15:36:45Z,b004_failed_after_recovery_rc_1,,
2026-04-13T16:45:52Z,637,2026-03-30T16:31:22Z,2026-04-13T16:31:22Z,b004_failed_after_recovery_rc_1,,
2026-04-13T17:51:53Z,637,2026-03-30T17:23:31Z,2026-04-13T17:23:31Z,b004_failed_after_recovery_rc_1,,
2026-04-13T18:54:40Z,637,2026-03-30T18:07:05Z,2026-04-13T18:07:05Z,b004_failed_after_recovery_rc_1,,
2026-04-13T19:58:13Z,637,2026-03-30T19:47:21Z,2026-04-13T19:47:21Z,b004_failed_after_recovery_rc_1,,
2026-04-13T21:01:56Z,637,2026-03-30T20:38:57Z,2026-04-13T20:38:57Z,b004_failed_after_recovery_rc_1,,
2026-04-13T22:04:14Z,637,2026-03-30T21:41:47Z,2026-04-13T21:41:47Z,b004_failed_after_recovery_rc_1,,
2026-04-13T23:05:00Z,637,2026-03-30T22:46:53Z,2026-04-13T22:46:53Z,b004_failed_after_recovery_rc_1,,
2026-04-14T00:10:22Z,637,2026-03-30T22:46:53Z,2026-04-13T22:46:53Z,b004_failed_after_recovery_rc_1,,
2026-04-14T01:12:42Z,637,2026-03-30T22:46:53Z,2026-04-13T22:46:53Z,b004_failed_after_recovery_rc_1,,
2026-04-14T02:17:28Z,637,2026-03-30T22:46:53Z,2026-04-13T22:46:53Z,b004_failed_after_recovery_rc_1,,
2026-04-14T03:21:27Z,637,2026-03-30T22:46:53Z,2026-04-13T22:46:53Z,b004_failed_after_recovery_rc_1,,
2026-04-14T04:23:41Z,637,2026-03-30T22:46:53Z,2026-04-13T22:46:53Z,b004_failed_after_recovery_rc_1,,
2026-04-14T05:27:55Z,637,2026-03-30T22:46:53Z,2026-04-13T22:46:53Z,b004_failed_after_recovery_rc_1,,
2026-04-14T06:29:51Z,637,2026-03-30T22:46:53Z,2026-04-13T22:46:53Z,b004_failed_after_recovery_rc_1,,
2026-04-14T07:32:12Z,637,2026-03-31T06:44:48Z,2026-04-14T06:44:48Z,b004_failed_after_recovery_rc_1,,
2026-04-14T08:33:38Z,637,2026-03-31T08:16:08Z,2026-04-14T08:16:08Z,b004_failed_after_recovery_rc_1,,
2026-04-14T09:35:36Z,637,2026-03-31T09:22:59Z,2026-04-14T09:22:59Z,b004_failed_after_recovery_rc_1,,
2026-04-14T10:37:48Z,637,2026-03-31T10:02:07Z,2026-04-14T10:02:07Z,b004_failed_after_recovery_rc_1,,
2026-04-14T11:38:58Z,637,2026-03-31T11:23:48Z,2026-04-14T11:23:48Z,b004_failed_after_recovery_rc_1,,
2026-04-14T12:41:35Z,637,2026-03-31T12:33:46Z,2026-04-14T12:33:46Z,b004_failed_after_recovery_rc_1,,
2026-04-14T13:42:17Z,637,2026-03-31T13:12:59Z,2026-04-14T13:12:59Z,b004_failed_after_recovery_rc_1,,
2026-04-14T14:44:21Z,637,2026-03-31T14:19:42Z,2026-04-14T14:19:42Z,b004_failed_after_recovery_rc_1,,
2026-04-14T15:47:08Z,637,2026-03-31T15:14:19Z,2026-04-14T15:14:19Z,b004_failed_after_recovery_rc_1,,
2026-04-14T16:47:56Z,637,2026-03-31T16:21:32Z,2026-04-14T16:21:32Z,b004_failed_after_recovery_rc_1,,
2026-04-14T17:51:28Z,637,2026-03-31T17:41:36Z,2026-04-14T17:41:36Z,b004_failed_after_recovery_rc_1,,
2026-04-14T18:53:52Z,637,2026-03-31T18:39:14Z,2026-04-14T18:39:14Z,b004_failed_after_recovery_rc_1,,
2026-04-14T19:54:41Z,637,2026-03-31T19:25:11Z,2026-04-14T19:25:11Z,b004_failed_after_recovery_rc_1,,
2026-04-14T20:54:44Z,637,2026-03-31T20:16:28Z,2026-04-14T20:16:28Z,b004_failed_after_recovery_rc_1,,
2026-04-14T21:57:20Z,637,2026-03-31T21:37:15Z,2026-04-14T21:37:15Z,b004_failed_after_recovery_rc_1,,
2026-04-15T07:38:00Z,637,2026-04-01T06:13:16Z,2026-04-15T06:13:16Z,b004_failed_after_recovery_rc_1,,
2026-04-15T08:43:37Z,637,2026-04-01T08:09:18Z,2026-04-15T08:09:18Z,b004_failed_after_recovery_rc_1,,
2026-04-15T09:48:22Z,637,2026-04-01T09:35:55Z,2026-04-15T09:35:55Z,b004_failed_after_recovery_rc_1,,
2026-04-15T10:48:28Z,637,2026-04-01T10:35:48Z,2026-04-15T10:35:48Z,b004_failed_after_recovery_rc_1,,
2026-04-15T11:52:48Z,637,2026-04-01T10:35:48Z,2026-04-15T10:35:48Z,b004_failed_after_recovery_rc_1,,
2026-04-15T12:55:48Z,637,2026-04-01T12:32:50Z,2026-04-15T12:32:50Z,b004_failed_after_recovery_rc_1,,
2026-04-15T13:59:59Z,637,2026-04-01T13:49:19Z,2026-04-15T13:49:19Z,b004_failed_after_recovery_rc_1,,
2026-04-15T15:02:35Z,637,2026-04-01T14:48:33Z,2026-04-15T14:48:33Z,b004_failed_after_recovery_rc_1,,
2026-04-15T16:06:40Z,637,2026-04-01T15:55:37Z,2026-04-15T15:55:37Z,b004_failed_after_recovery_rc_1,,
2026-04-15T17:06:39Z,637,2026-04-01T16:24:00Z,2026-04-15T16:24:00Z,b004_failed_after_recovery_rc_1,,
2026-04-15T18:07:51Z,637,2026-04-01T17:58:43Z,2026-04-15T17:58:43Z,b004_failed_after_recovery_rc_1,,
2026-04-15T19:10:21Z,637,2026-04-01T19:02:43Z,2026-04-15T19:02:43Z,b004_failed_after_recovery_rc_1,,
2026-04-15T20:14:53Z,637,2026-04-01T20:02:28Z,2026-04-15T20:02:28Z,b004_failed_after_recovery_rc_1,,
2026-04-15T21:17:16Z,637,2026-04-01T20:54:03Z,2026-04-15T20:54:03Z,b004_failed_after_recovery_rc_1,,
2026-04-15T22:21:32Z,637,2026-04-01T21:52:12Z,2026-04-15T21:52:12Z,b004_failed_after_recovery_rc_1,,
2026-04-15T23:23:04Z,637,2026-04-01T21:52:12Z,2026-04-15T21:52:12Z,b004_failed_after_recovery_rc_1,,
2026-04-16T00:27:27Z,637,2026-04-01T23:18:28Z,2026-04-15T23:18:28Z,b004_failed_after_recovery_rc_1,,
2026-04-16T01:29:23Z,637,2026-04-01T23:18:28Z,2026-04-15T23:18:28Z,b004_failed_after_recovery_rc_1,,
2026-04-16T02:32:40Z,637,2026-04-01T23:18:28Z,2026-04-15T23:18:28Z,b004_failed_after_recovery_rc_1,,
2026-04-16T03:35:44Z,637,2026-04-01T23:18:28Z,2026-04-15T23:18:28Z,b004_failed_after_recovery_rc_1,,
2026-04-16T04:37:42Z,637,2026-04-01T23:18:28Z,2026-04-15T23:18:28Z,b004_failed_after_recovery_rc_1,,
2026-04-16T05:39:48Z,637,2026-04-01T23:18:28Z,2026-04-15T23:18:28Z,b004_failed_after_recovery_rc_1,,
2026-04-16T06:41:43Z,637,2026-04-02T06:16:19Z,2026-04-16T06:16:19Z,b004_failed_after_recovery_rc_1,,
2026-04-16T07:44:40Z,637,2026-04-02T06:47:41Z,2026-04-16T06:47:41Z,b004_failed_after_recovery_rc_1,,
2026-04-16T08:48:41Z,637,2026-04-02T08:08:06Z,2026-04-16T08:08:06Z,b004_failed_after_recovery_rc_1,,
2026-04-16T09:50:33Z,637,2026-04-02T09:43:18Z,2026-04-16T09:43:18Z,b004_failed_after_recovery_rc_1,,
2026-04-16T10:53:29Z,637,2026-04-02T10:31:00Z,2026-04-16T10:31:00Z,b004_failed_after_recovery_rc_1,,
2026-04-16T12:05:21Z,637,2026-04-02T11:52:28Z,2026-04-16T11:52:28Z,b004_failed_after_recovery_rc_1,,
2026-04-16T13:08:46Z,637,2026-04-02T12:46:08Z,2026-04-16T12:46:08Z,b004_failed_after_recovery_rc_1,,
2026-04-16T14:10:43Z,637,2026-04-02T13:45:20Z,2026-04-16T13:45:20Z,b004_failed_after_recovery_rc_1,,
2026-04-16T15:15:15Z,637,2026-04-02T15:06:33Z,2026-04-16T15:06:33Z,b004_failed_after_recovery_rc_1,,
2026-04-16T16:15:47Z,637,2026-04-02T15:55:08Z,2026-04-16T15:55:08Z,b004_failed_after_recovery_rc_1,,
2026-04-16T17:18:26Z,637,2026-04-02T16:50:14Z,2026-04-16T16:50:14Z,b004_failed_after_recovery_rc_1,,
2026-04-16T18:19:30Z,637,2026-04-02T17:35:05Z,2026-04-16T17:35:05Z,b004_failed_after_recovery_rc_1,,
2026-04-16T19:19:52Z,637,2026-04-02T18:52:09Z,2026-04-16T18:52:09Z,b004_failed_after_recovery_rc_1,,
2026-04-16T20:22:40Z,637,2026-04-02T20:08:46Z,2026-04-16T20:08:46Z,b004_failed_after_recovery_rc_1,,
2026-04-16T21:24:39Z,637,2026-04-02T20:41:50Z,2026-04-16T20:41:50Z,b004_failed_after_recovery_rc_1,,
2026-04-16T22:26:08Z,637,2026-04-02T22:05:43Z,2026-04-16T22:05:43Z,b004_failed_after_recovery_rc_1,,
2026-04-16T23:26:58Z,637,2026-04-02T22:38:05Z,2026-04-16T22:38:05Z,b004_failed_after_recovery_rc_1,,
2026-04-17T00:39:14Z,637,2026-04-02T23:44:28Z,2026-04-16T23:44:28Z,b004_failed_after_recovery_rc_1,,
2026-04-17T01:40:49Z,637,2026-04-03T01:07:52Z,2026-04-17T01:07:52Z,b004_failed_after_recovery_rc_1,,
2026-04-17T02:44:35Z,637,2026-04-03T01:07:52Z,2026-04-17T01:07:52Z,b004_failed_after_recovery_rc_1,,
2026-04-17T03:48:38Z,637,2026-04-03T01:07:52Z,2026-04-17T01:07:52Z,b004_failed_after_recovery_rc_1,,
2026-04-17T04:52:29Z,637,2026-04-03T01:07:52Z,2026-04-17T01:07:52Z,b004_failed_after_recovery_rc_1,,
2026-04-17T05:54:20Z,637,2026-04-03T05:37:06Z,2026-04-17T05:37:06Z,b004_failed_after_recovery_rc_1,,
2026-04-17T06:55:00Z,637,2026-04-03T05:37:06Z,2026-04-17T05:37:06Z,b004_failed_after_recovery_rc_1,,
2026-04-17T07:57:20Z,637,2026-04-03T07:40:43Z,2026-04-17T07:40:43Z,b004_failed_after_recovery_rc_1,,
2026-04-17T09:00:13Z,637,2026-04-03T08:40:57Z,2026-04-17T08:40:57Z,b004_failed_after_recovery_rc_1,,
2026-04-17T10:03:21Z,637,2026-04-03T09:48:08Z,2026-04-17T09:48:08Z,b004_failed_after_recovery_rc_1,,
2026-04-17T11:05:23Z,637,2026-04-03T10:20:09Z,2026-04-17T10:20:09Z,b004_failed_after_recovery_rc_1,,
2026-04-17T12:08:20Z,637,2026-04-03T11:42:21Z,2026-04-17T11:42:21Z,b004_failed_after_recovery_rc_1,,
2026-04-17T13:09:24Z,637,2026-04-03T12:49:48Z,2026-04-17T12:49:48Z,b004_failed_after_recovery_rc_1,,
2026-04-17T14:10:37Z,637,2026-04-03T13:36:40Z,2026-04-17T13:36:40Z,b004_failed_after_recovery_rc_1,,
2026-04-17T15:11:18Z,637,2026-04-03T14:47:10Z,2026-04-17T14:47:10Z,b004_failed_after_recovery_rc_1,,
2026-04-17T16:14:00Z,637,2026-04-03T16:02:45Z,2026-04-17T16:02:45Z,b004_failed_after_recovery_rc_1,,
2026-04-17T17:18:54Z,637,2026-04-03T16:02:45Z,2026-04-17T16:02:45Z,b004_failed_after_recovery_rc_1,,
2026-04-17T18:20:50Z,637,2026-04-03T18:00:37Z,2026-04-17T18:00:37Z,b004_failed_after_recovery_rc_1,,
2026-04-17T19:23:59Z,637,2026-04-03T18:57:43Z,2026-04-17T18:57:43Z,b004_failed_after_recovery_rc_1,,
2026-04-17T20:26:00Z,637,2026-04-03T19:58:34Z,2026-04-17T19:58:34Z,b004_failed_after_recovery_rc_1,,
2026-04-17T21:28:52Z,637,2026-04-03T21:19:00Z,2026-04-17T21:19:00Z,b004_failed_after_recovery_rc_1,,
2026-04-17T22:30:51Z,637,2026-04-03T22:16:48Z,2026-04-17T22:16:48Z,b004_failed_after_recovery_rc_1,,
2026-04-17T23:35:33Z,637,2026-04-03T22:16:48Z,2026-04-17T22:16:48Z,b004_failed_after_recovery_rc_1,,
2026-04-18T00:45:12Z,637,2026-04-04T00:24:18Z,2026-04-18T00:24:18Z,b004_failed_after_recovery_rc_1,,
2026-04-18T01:45:55Z,637,2026-04-04T00:24:18Z,2026-04-18T00:24:18Z,b004_failed_after_recovery_rc_1,,
2026-04-18T02:48:08Z,637,2026-04-04T01:57:59Z,2026-04-18T01:57:59Z,b004_failed_after_recovery_rc_1,,
2026-04-18T03:48:14Z,637,2026-04-04T01:57:59Z,2026-04-18T01:57:59Z,b004_failed_after_recovery_rc_1,,
2026-04-18T04:49:09Z,637,2026-04-04T01:57:59Z,2026-04-18T01:57:59Z,b004_failed_after_recovery_rc_1,,
2026-04-18T05:52:02Z,637,2026-04-04T01:57:59Z,2026-04-18T01:57:59Z,b004_failed_after_recovery_rc_1,,
2026-04-18T06:52:11Z,637,2026-04-04T06:23:56Z,2026-04-18T06:23:56Z,b004_failed_after_recovery_rc_1,,
2026-04-18T07:52:09Z,637,2026-04-04T07:33:49Z,2026-04-18T07:33:49Z,b004_failed_after_recovery_rc_1,,
2026-04-18T08:53:08Z,637,2026-04-04T08:32:51Z,2026-04-18T08:32:51Z,b004_failed_after_recovery_rc_1,,
2026-04-18T09:56:39Z,637,2026-04-04T09:42:20Z,2026-04-18T09:42:20Z,b004_failed_after_recovery_rc_1,,
2026-04-18T10:56:45Z,637,2026-04-04T10:33:05Z,2026-04-18T10:33:05Z,b004_failed_after_recovery_rc_1,,
2026-04-18T11:59:27Z,637,2026-04-04T11:46:44Z,2026-04-18T11:46:44Z,b004_failed_after_recovery_rc_1,,
2026-04-18T13:00:25Z,637,2026-04-04T12:38:56Z,2026-04-18T12:38:56Z,b004_failed_after_recovery_rc_1,,
2026-04-18T14:03:24Z,637,2026-04-04T13:49:21Z,2026-04-18T13:49:21Z,b004_failed_after_recovery_rc_1,,
2026-04-18T15:06:15Z,637,2026-04-04T14:09:22Z,2026-04-18T14:09:22Z,b004_failed_after_recovery_rc_1,,
2026-04-18T16:07:00Z,637,2026-04-04T15:33:39Z,2026-04-18T15:33:39Z,b004_failed_after_recovery_rc_1,,
2026-04-18T17:07:06Z,637,2026-04-04T16:42:40Z,2026-04-18T16:42:40Z,b004_failed_after_recovery_rc_1,,
2026-04-18T18:11:49Z,637,2026-04-04T18:04:54Z,2026-04-18T18:04:54Z,b004_failed_after_recovery_rc_1,,
2026-04-18T19:12:58Z,637,2026-04-04T18:45:44Z,2026-04-18T18:45:44Z,b004_failed_after_recovery_rc_1,,
2026-04-18T20:16:07Z,637,2026-04-04T19:24:43Z,2026-04-18T19:24:43Z,b004_failed_after_recovery_rc_1,,
2026-04-18T21:17:57Z,637,2026-04-04T20:41:43Z,2026-04-18T20:41:43Z,b004_failed_after_recovery_rc_1,,
2026-04-18T22:17:59Z,637,2026-04-04T22:07:58Z,2026-04-18T22:07:58Z,b004_failed_after_recovery_rc_1,,
2026-04-18T23:22:34Z,637,2026-04-04T22:07:58Z,2026-04-18T22:07:58Z,b004_failed_after_recovery_rc_1,,
2026-04-19T00:25:41Z,637,2026-04-04T23:49:20Z,2026-04-18T23:49:20Z,b004_failed_after_recovery_rc_1,,
2026-04-19T01:28:30Z,637,2026-04-04T23:49:20Z,2026-04-18T23:49:20Z,b004_failed_after_recovery_rc_1,,
2026-04-19T02:29:38Z,637,2026-04-04T23:49:20Z,2026-04-18T23:49:20Z,b004_failed_after_recovery_rc_1,,
2026-04-19T03:30:01Z,637,2026-04-04T23:49:20Z,2026-04-18T23:49:20Z,b004_failed_after_recovery_rc_1,,
2026-04-19T04:31:58Z,637,2026-04-04T23:49:20Z,2026-04-18T23:49:20Z,b004_failed_after_recovery_rc_1,,
2026-04-19T05:35:52Z,637,2026-04-04T23:49:20Z,2026-04-18T23:49:20Z,b004_failed_after_recovery_rc_1,,
2026-04-19T06:39:11Z,637,2026-04-04T23:49:20Z,2026-04-18T23:49:20Z,b004_failed_after_recovery_rc_1,,
2026-04-19T07:43:50Z,637,2026-04-04T23:49:20Z,2026-04-18T23:49:20Z,b004_failed_after_recovery_rc_1,,
2026-04-19T08:45:08Z,637,2026-04-05T08:35:04Z,2026-04-19T08:35:04Z,b004_failed_after_recovery_rc_1,,
2026-04-19T09:49:17Z,637,2026-04-05T09:41:41Z,2026-04-19T09:41:41Z,b004_failed_after_recovery_rc_1,,
2026-04-19T10:51:29Z,637,2026-04-05T10:24:40Z,2026-04-19T10:24:40Z,b004_failed_after_recovery_rc_1,,
2026-04-19T11:51:32Z,637,2026-04-05T11:20:22Z,2026-04-19T11:20:22Z,b004_failed_after_recovery_rc_1,,
2026-04-19T12:52:31Z,637,2026-04-05T12:41:43Z,2026-04-19T12:41:43Z,b004_failed_after_recovery_rc_1,,
2026-04-19T13:56:34Z,637,2026-04-05T13:31:50Z,2026-04-19T13:31:50Z,b004_failed_after_recovery_rc_1,,
2026-04-19T14:58:34Z,637,2026-04-05T14:32:34Z,2026-04-19T14:32:34Z,b004_failed_after_recovery_rc_1,,
2026-04-19T15:59:53Z,637,2026-04-05T15:40:52Z,2026-04-19T15:40:52Z,b004_failed_after_recovery_rc_1,,
2026-04-19T17:03:28Z,637,2026-04-05T16:22:22Z,2026-04-19T16:22:22Z,b004_failed_after_recovery_rc_1,,
2026-04-19T18:06:14Z,637,2026-04-05T17:43:13Z,2026-04-19T17:43:13Z,b004_failed_after_recovery_rc_1,,
2026-04-19T19:06:44Z,637,2026-04-05T18:11:12Z,2026-04-19T18:11:12Z,b004_failed_after_recovery_rc_1,,
2026-04-19T20:10:27Z,637,2026-04-05T19:56:32Z,2026-04-19T19:56:32Z,b004_failed_after_recovery_rc_1,,
2026-04-19T21:12:53Z,637,2026-04-05T20:43:13Z,2026-04-19T20:43:13Z,b004_failed_after_recovery_rc_1,,
2026-04-19T22:16:03Z,637,2026-04-05T21:08:26Z,2026-04-19T21:08:26Z,b004_failed_after_recovery_rc_1,,
2026-04-19T23:16:52Z,637,2026-04-05T22:48:07Z,2026-04-19T22:48:07Z,b004_failed_after_recovery_rc_1,,
2026-04-20T00:24:36Z,637,2026-04-06T00:01:59Z,2026-04-20T00:01:59Z,b004_failed_after_recovery_rc_1,,
2026-04-20T01:24:34Z,637,2026-04-06T00:56:19Z,2026-04-20T00:56:19Z,b004_failed_after_recovery_rc_1,,
2026-04-20T02:25:49Z,637,2026-04-06T00:56:19Z,2026-04-20T00:56:19Z,b004_failed_after_recovery_rc_1,,
2026-04-20T03:26:25Z,637,2026-04-06T00:56:19Z,2026-04-20T00:56:19Z,b004_failed_after_recovery_rc_1,,
2026-04-20T04:30:03Z,637,2026-04-06T00:56:19Z,2026-04-20T00:56:19Z,b004_failed_after_recovery_rc_1,,
2026-04-20T05:30:15Z,637,2026-04-06T00:56:19Z,2026-04-20T00:56:19Z,b004_failed_after_recovery_rc_1,,
2026-04-20T06:47:10Z,637,2026-04-06T06:39:09Z,2026-04-20T06:39:09Z,b004_failed_after_recovery_rc_1,,
2026-04-20T07:49:48Z,637,2026-04-06T07:35:44Z,2026-04-20T07:35:44Z,b004_failed_after_recovery_rc_1,,
2026-04-20T08:52:52Z,637,2026-04-06T08:43:14Z,2026-04-20T08:43:14Z,b004_failed_after_recovery_rc_1,,
2026-04-20T09:55:58Z,637,2026-04-06T09:43:44Z,2026-04-20T09:43:44Z,b004_failed_after_recovery_rc_1,,
2026-04-20T10:59:18Z,637,2026-04-06T10:47:59Z,2026-04-20T10:47:59Z,b004_failed_after_recovery_rc_1,,
2026-04-20T12:03:23Z,637,2026-04-06T11:42:01Z,2026-04-20T11:42:01Z,b004_failed_after_recovery_rc_1,,
2026-04-20T13:08:16Z,637,2026-04-06T12:35:28Z,2026-04-20T12:35:28Z,b004_failed_after_recovery_rc_1,,
2026-04-20T14:08:51Z,637,2026-04-06T13:58:32Z,2026-04-20T13:58:32Z,b004_failed_after_recovery_rc_1,,
2026-04-20T15:21:46Z,637,2026-04-06T14:58:33Z,2026-04-20T14:58:33Z,b004_failed_after_recovery_rc_1,,
2026-04-20T16:25:26Z,637,2026-04-06T16:07:29Z,2026-04-20T16:07:29Z,b004_failed_after_recovery_rc_1,,
2026-04-20T17:25:32Z,637,2026-04-06T16:55:51Z,2026-04-20T16:55:51Z,b004_failed_after_recovery_rc_1,,
2026-04-20T18:25:54Z,637,2026-04-06T17:39:34Z,2026-04-20T17:39:34Z,b004_failed_after_recovery_rc_1,,
2026-04-20T19:29:00Z,637,2026-04-06T18:44:21Z,2026-04-20T18:44:21Z,b004_failed_after_recovery_rc_1,,
2026-04-20T20:29:11Z,637,2026-04-06T20:20:37Z,2026-04-20T20:20:37Z,b004_failed_after_recovery_rc_1,,
2026-04-20T21:29:14Z,637,2026-04-06T21:16:31Z,2026-04-20T21:16:31Z,b004_failed_after_recovery_rc_1,,
2026-04-20T22:31:29Z,637,2026-04-06T21:30:38Z,2026-04-20T21:30:38Z,b004_failed_after_recovery_rc_1,,
2026-04-20T23:36:06Z,637,2026-04-06T23:18:53Z,2026-04-20T23:18:53Z,b004_failed_after_recovery_rc_1,,
2026-04-21T00:44:44Z,637,2026-04-07T00:31:20Z,2026-04-21T00:31:20Z,b004_failed_after_recovery_rc_1,,
2026-04-21T01:47:05Z,637,2026-04-07T01:30:39Z,2026-04-21T01:30:39Z,b004_failed_after_recovery_rc_1,,
2026-04-21T02:49:18Z,637,2026-04-07T01:30:39Z,2026-04-21T01:30:39Z,b004_failed_after_recovery_rc_1,,
2026-04-21T03:50:08Z,637,2026-04-07T01:30:39Z,2026-04-21T01:30:39Z,b004_failed_after_recovery_rc_1,,
2026-04-21T04:50:17Z,637,2026-04-07T01:30:39Z,2026-04-21T01:30:39Z,b004_failed_after_recovery_rc_1,,
2026-04-21T05:55:02Z,637,2026-04-07T04:56:47Z,2026-04-21T04:56:47Z,b004_failed_after_recovery_rc_1,,
2026-04-21T06:55:44Z,637,2026-04-07T06:20:31Z,2026-04-21T06:20:31Z,b004_failed_after_recovery_rc_1,,
2026-04-21T07:56:10Z,637,2026-04-07T07:22:00Z,2026-04-21T07:22:00Z,b004_failed_after_recovery_rc_1,,
2026-04-21T08:59:16Z,637,2026-04-07T08:51:58Z,2026-04-21T08:51:58Z,b004_failed_after_recovery_rc_1,,
2026-04-21T10:00:05Z,637,2026-04-07T09:43:19Z,2026-04-21T09:43:19Z,b004_failed_after_recovery_rc_1,,
2026-04-21T11:06:25Z,637,2026-04-07T10:57:08Z,2026-04-21T10:57:08Z,b004_failed_after_recovery_rc_1,,
2026-04-21T12:08:06Z,637,2026-04-07T11:46:59Z,2026-04-21T11:46:59Z,b004_failed_after_recovery_rc_1,,
2026-04-21T13:11:52Z,637,2026-04-07T13:03:07Z,2026-04-21T13:03:07Z,b004_failed_after_recovery_rc_1,,
2026-04-21T14:15:56Z,637,2026-04-07T14:01:16Z,2026-04-21T14:01:16Z,b004_failed_after_recovery_rc_1,,
2026-04-21T15:16:17Z,637,2026-04-07T15:05:46Z,2026-04-21T15:05:46Z,b004_failed_after_recovery_rc_1,,
2026-04-21T16:18:48Z,637,2026-04-07T15:53:11Z,2026-04-21T15:53:11Z,b004_failed_after_recovery_rc_1,,
2026-04-21T17:22:11Z,637,2026-04-07T17:11:17Z,2026-04-21T17:11:17Z,b004_failed_after_recovery_rc_1,,
2026-04-21T18:24:50Z,637,2026-04-07T17:50:49Z,2026-04-21T17:50:49Z,b004_failed_after_recovery_rc_1,,
2026-04-21T19:26:01Z,637,2026-04-07T19:18:39Z,2026-04-21T19:18:39Z,b004_failed_after_recovery_rc_1,,
2026-04-21T20:30:20Z,637,2026-04-07T20:17:46Z,2026-04-21T20:17:46Z,b004_failed_after_recovery_rc_1,,
2026-04-21T21:33:24Z,637,2026-04-07T21:18:03Z,2026-04-21T21:18:03Z,b004_failed_after_recovery_rc_1,,
2026-04-21T22:34:51Z,637,2026-04-07T21:46:37Z,2026-04-21T21:46:37Z,b004_failed_after_recovery_rc_1,,
2026-04-21T23:36:45Z,637,2026-04-07T21:46:37Z,2026-04-21T21:46:37Z,b004_failed_after_recovery_rc_1,,
2026-04-22T00:40:22Z,637,2026-04-08T00:25:16Z,2026-04-22T00:25:16Z,b004_failed_after_recovery_rc_1,,
2026-04-22T01:44:01Z,637,2026-04-08T01:21:46Z,2026-04-22T01:21:46Z,b004_failed_after_recovery_rc_1,,
2026-04-22T02:44:15Z,637,2026-04-08T02:25:25Z,2026-04-22T02:25:25Z,b004_failed_after_recovery_rc_1,,
2026-04-22T03:46:18Z,637,2026-04-08T02:25:25Z,2026-04-22T02:25:25Z,b004_failed_after_recovery_rc_1,,
2026-04-22T04:49:21Z,637,2026-04-08T02:25:25Z,2026-04-22T02:25:25Z,b004_failed_after_recovery_rc_1,,
2026-04-22T05:54:07Z,637,2026-04-08T05:40:16Z,2026-04-22T05:40:16Z,b004_failed_after_recovery_rc_1,,
2026-04-22T06:58:55Z,637,2026-04-08T06:37:49Z,2026-04-22T06:37:49Z,b004_failed_after_recovery_rc_1,,
2026-04-22T08:02:42Z,637,2026-04-08T07:19:05Z,2026-04-22T07:19:05Z,b004_failed_after_recovery_rc_1,,
2026-04-22T09:07:39Z,637,2026-04-08T08:57:01Z,2026-04-22T08:57:01Z,b004_failed_after_recovery_rc_1,,
2026-04-22T10:13:39Z,637,2026-04-08T09:57:47Z,2026-04-22T09:57:47Z,b004_failed_after_recovery_rc_1,,
2026-04-22T11:17:24Z,637,2026-04-08T11:06:46Z,2026-04-22T11:06:46Z,b004_failed_after_recovery_rc_1,,
2026-04-22T12:20:54Z,637,2026-04-08T12:08:41Z,2026-04-22T12:08:41Z,b004_failed_after_recovery_rc_1,,
2026-04-22T13:23:36Z,637,2026-04-08T13:06:58Z,2026-04-22T13:06:58Z,b004_failed_after_recovery_rc_1,,
2026-04-22T14:35:06Z,637,2026-04-08T14:23:16Z,2026-04-22T14:23:16Z,b004_failed_after_recovery_rc_1,,
2026-04-22T15:39:18Z,637,2026-04-08T15:23:56Z,2026-04-22T15:23:56Z,b004_failed_after_recovery_rc_1,,
2026-04-22T16:42:51Z,637,2026-04-08T16:23:15Z,2026-04-22T16:23:15Z,b004_failed_after_recovery_rc_1,,
2026-04-22T17:45:22Z,637,2026-04-08T17:11:43Z,2026-04-22T17:11:43Z,b004_failed_after_recovery_rc_1,,
2026-04-22T18:49:25Z,637,2026-04-08T17:40:43Z,2026-04-22T17:40:43Z,b004_failed_after_recovery_rc_1,,
2026-04-22T19:53:37Z,637,2026-04-08T18:59:45Z,2026-04-22T18:59:45Z,b004_failed_after_recovery_rc_1,,
2026-04-22T20:58:29Z,637,2026-04-08T20:35:02Z,2026-04-22T20:35:02Z,b004_failed_after_recovery_rc_1,,
2026-04-22T22:02:26Z,637,2026-04-08T21:39:38Z,2026-04-22T21:39:38Z,b004_failed_after_recovery_rc_1,,
2026-04-22T23:03:12Z,637,2026-04-08T22:49:41Z,2026-04-22T22:49:41Z,b004_failed_after_recovery_rc_1,,
2026-04-23T00:05:25Z,637,2026-04-08T23:14:33Z,2026-04-22T23:14:33Z,b004_failed_after_recovery_rc_1,,
2026-04-23T01:07:58Z,637,2026-04-08T23:14:33Z,2026-04-22T23:14:33Z,b004_failed_after_recovery_rc_1,,
2026-04-23T02:11:03Z,637,2026-04-09T01:37:02Z,2026-04-23T01:37:02Z,b004_failed_after_recovery_rc_1,,
2026-04-23T03:11:11Z,637,2026-04-09T02:49:38Z,2026-04-23T02:49:38Z,b004_failed_after_recovery_rc_1,,
2026-04-23T04:12:34Z,637,2026-04-09T02:49:38Z,2026-04-23T02:49:38Z,b004_failed_after_recovery_rc_1,,
2026-04-23T05:14:31Z,637,2026-04-09T05:03:17Z,2026-04-23T05:03:17Z,b004_failed_after_recovery_rc_1,,
2026-04-23T06:17:54Z,637,2026-04-09T06:10:42Z,2026-04-23T06:10:42Z,b004_failed_after_recovery_rc_1,,
2026-04-23T07:19:24Z,637,2026-04-09T06:10:42Z,2026-04-23T06:10:42Z,b004_failed_after_recovery_rc_1,,
2026-04-23T08:20:50Z,637,2026-04-09T06:10:42Z,2026-04-23T06:10:42Z,b004_failed_after_recovery_rc_1,,
2026-04-23T09:22:24Z,637,2026-04-09T09:04:49Z,2026-04-23T09:04:49Z,b004_failed_after_recovery_rc_1,,
2026-04-23T10:26:25Z,637,2026-04-09T10:07:36Z,2026-04-23T10:07:36Z,b004_failed_after_recovery_rc_1,,
2026-04-23T11:27:40Z,637,2026-04-09T11:09:10Z,2026-04-23T11:09:10Z,b004_failed_after_recovery_rc_1,,
2026-04-23T12:28:37Z,637,2026-04-09T12:19:53Z,2026-04-23T12:19:53Z,b004_failed_after_recovery_rc_1,,
2026-04-23T13:29:41Z,637,2026-04-09T12:51:50Z,2026-04-23T12:51:50Z,b004_failed_after_recovery_rc_1,,
2026-04-23T14:33:24Z,637,2026-04-09T14:08:58Z,2026-04-23T14:08:58Z,b004_failed_after_recovery_rc_1,,
2026-04-23T15:36:20Z,637,2026-04-09T15:25:28Z,2026-04-23T15:25:28Z,b004_failed_after_recovery_rc_1,,
2026-04-23T16:41:11Z,637,2026-04-09T15:43:07Z,2026-04-23T15:43:07Z,b004_failed_after_recovery_rc_1,,
2026-04-23T17:47:10Z,637,2026-04-09T17:05:16Z,2026-04-23T17:05:16Z,b004_failed_after_recovery_rc_1,,
2026-04-23T18:50:37Z,637,2026-04-09T18:27:36Z,2026-04-23T18:27:36Z,b004_failed_after_recovery_rc_1,,
2026-04-23T19:53:28Z,637,2026-04-09T19:20:24Z,2026-04-23T19:20:24Z,b004_failed_after_recovery_rc_1,,
2026-04-23T20:57:36Z,637,2026-04-09T20:47:27Z,2026-04-23T20:47:27Z,b004_failed_after_recovery_rc_1,,
2026-04-23T22:00:19Z,637,2026-04-09T21:28:58Z,2026-04-23T21:28:58Z,b004_failed_after_recovery_rc_1,,
2026-04-23T23:05:31Z,637,2026-04-09T22:35:11Z,2026-04-23T22:35:11Z,b004_failed_after_recovery_rc_1,,
2026-04-24T00:05:58Z,637,2026-04-09T23:14:24Z,2026-04-23T23:14:24Z,b004_failed_after_recovery_rc_1,,
2026-04-24T01:06:06Z,637,2026-04-09T23:14:24Z,2026-04-23T23:14:24Z,b004_failed_after_recovery_rc_1,,
2026-04-24T02:06:54Z,637,2026-04-09T23:14:24Z,2026-04-23T23:14:24Z,b004_failed_after_recovery_rc_1,,
2026-04-24T03:07:11Z,637,2026-04-09T23:14:24Z,2026-04-23T23:14:24Z,b004_failed_after_recovery_rc_1,,
2026-04-24T04:08:23Z,637,2026-04-09T23:14:24Z,2026-04-23T23:14:24Z,b004_failed_after_recovery_rc_1,,
2026-04-24T05:11:24Z,637,2026-04-10T04:19:18Z,2026-04-24T04:19:18Z,b004_failed_after_recovery_rc_1,,
2026-04-24T06:23:39Z,637,2026-04-10T06:03:07Z,2026-04-24T06:03:07Z,b004_failed_after_recovery_rc_1,,
2026-04-24T07:26:57Z,637,2026-04-10T06:03:07Z,2026-04-24T06:03:07Z,b004_failed_after_recovery_rc_1,,
2026-04-24T08:30:15Z,637,2026-04-10T08:22:53Z,2026-04-24T08:22:53Z,b004_failed_after_recovery_rc_1,,
2026-04-24T09:31:24Z,637,2026-04-10T09:14:08Z,2026-04-24T09:14:08Z,b004_failed_after_recovery_rc_1,,
2026-04-24T10:35:02Z,637,2026-04-10T10:24:31Z,2026-04-24T10:24:31Z,b004_failed_after_recovery_rc_1,,
2026-04-24T11:36:42Z,637,2026-04-10T11:16:20Z,2026-04-24T11:16:20Z,b004_failed_after_recovery_rc_1,,
2026-04-24T12:39:46Z,637,2026-04-10T12:32:32Z,2026-04-24T12:32:32Z,b004_failed_after_recovery_rc_1,,
2026-04-24T13:40:28Z,637,2026-04-10T13:31:04Z,2026-04-24T13:31:04Z,b004_failed_after_recovery_rc_1,,
2026-04-24T14:44:48Z,637,2026-04-10T14:32:03Z,2026-04-24T14:32:03Z,b004_failed_after_recovery_rc_1,,
2026-04-24T15:48:16Z,637,2026-04-10T15:39:13Z,2026-04-24T15:39:13Z,b004_failed_after_recovery_rc_1,,
2026-04-24T16:49:42Z,637,2026-04-10T16:37:12Z,2026-04-24T16:37:12Z,b004_failed_after_recovery_rc_1,,
2026-04-24T17:52:24Z,637,2026-04-10T17:31:39Z,2026-04-24T17:31:39Z,b004_failed_after_recovery_rc_1,,
2026-04-24T18:52:27Z,637,2026-04-10T18:33:59Z,2026-04-24T18:33:59Z,b004_failed_after_recovery_rc_1,,
2026-04-24T19:53:33Z,637,2026-04-10T19:28:22Z,2026-04-24T19:28:22Z,b004_failed_after_recovery_rc_1,,
2026-04-24T20:54:00Z,637,2026-04-10T20:06:20Z,2026-04-24T20:06:20Z,b004_failed_after_recovery_rc_1,,
2026-04-24T21:58:38Z,637,2026-04-10T21:51:20Z,2026-04-24T21:51:20Z,b004_failed_after_recovery_rc_1,,
2026-04-24T23:00:48Z,637,2026-04-10T22:00:47Z,2026-04-24T22:00:47Z,b004_failed_after_recovery_rc_1,,
2026-04-25T00:02:51Z,637,2026-04-10T23:35:33Z,2026-04-24T23:35:33Z,b004_failed_after_recovery_rc_1,,
2026-04-25T01:04:43Z,637,2026-04-11T00:55:19Z,2026-04-25T00:55:19Z,b004_failed_after_recovery_rc_1,,
2026-04-25T02:05:01Z,637,2026-04-11T01:00:14Z,2026-04-25T01:00:14Z,b004_failed_after_recovery_rc_1,,
2026-04-25T03:05:49Z,637,2026-04-11T01:00:14Z,2026-04-25T01:00:14Z,b004_failed_after_recovery_rc_1,,
2026-04-25T04:07:48Z,637,2026-04-11T01:00:14Z,2026-04-25T01:00:14Z,b004_failed_after_recovery_rc_1,,
2026-04-25T05:12:47Z,637,2026-04-11T01:00:14Z,2026-04-25T01:00:14Z,b004_failed_after_recovery_rc_1,,
2026-04-25T06:18:08Z,637,2026-04-11T06:07:10Z,2026-04-25T06:07:10Z,b004_failed_after_recovery_rc_1,,
2026-04-25T07:21:38Z,637,2026-04-11T06:07:10Z,2026-04-25T06:07:10Z,b004_failed_after_recovery_rc_1,,
2026-04-25T08:24:25Z,637,2026-04-11T08:01:00Z,2026-04-25T08:01:00Z,b004_failed_after_recovery_rc_1,,
2026-04-25T09:27:03Z,637,2026-04-11T09:12:33Z,2026-04-25T09:12:33Z,b004_failed_after_recovery_rc_1,,
2026-04-25T10:31:14Z,637,2026-04-11T10:17:47Z,2026-04-25T10:17:47Z,b004_failed_after_recovery_rc_1,,
2026-04-25T11:31:28Z,637,2026-04-11T11:23:33Z,2026-04-25T11:23:33Z,b004_failed_after_recovery_rc_1,,
2026-04-25T12:32:23Z,637,2026-04-11T12:22:58Z,2026-04-25T12:22:58Z,b004_failed_after_recovery_rc_1,,
2026-04-25T13:34:20Z,637,2026-04-11T13:09:47Z,2026-04-25T13:09:47Z,b004_failed_after_recovery_rc_1,,
2026-04-25T14:39:49Z,637,2026-04-11T14:32:13Z,2026-04-25T14:32:13Z,b004_failed_after_recovery_rc_1,,
2026-04-25T15:44:51Z,637,2026-04-11T15:33:44Z,2026-04-25T15:33:44Z,b004_failed_after_recovery_rc_1,,
2026-04-25T16:49:06Z,637,2026-04-11T16:25:45Z,2026-04-25T16:25:45Z,b004_failed_after_recovery_rc_1,,
2026-04-25T17:52:15Z,637,2026-04-11T17:35:51Z,2026-04-25T17:35:51Z,b004_failed_after_recovery_rc_1,,
2026-04-25T18:54:14Z,637,2026-04-11T18:45:55Z,2026-04-25T18:45:55Z,b004_failed_after_recovery_rc_1,,
2026-04-25T19:57:24Z,637,2026-04-11T19:49:00Z,2026-04-25T19:49:00Z,b004_failed_after_recovery_rc_1,,
2026-04-25T21:00:39Z,637,2026-04-11T20:44:00Z,2026-04-25T20:44:00Z,b004_failed_after_recovery_rc_1,,
2026-04-25T22:01:44Z,637,2026-04-11T21:45:51Z,2026-04-25T21:45:51Z,b004_failed_after_recovery_rc_1,,
2026-04-25T23:03:35Z,637,2026-04-11T22:54:06Z,2026-04-25T22:54:06Z,b004_failed_after_recovery_rc_1,,
2026-04-26T00:07:11Z,637,2026-04-11T23:45:30Z,2026-04-25T23:45:30Z,b004_failed_after_recovery_rc_1,,
2026-04-26T01:10:01Z,637,2026-04-11T23:45:30Z,2026-04-25T23:45:30Z,b004_failed_after_recovery_rc_1,,
2026-04-26T02:11:20Z,637,2026-04-11T23:45:30Z,2026-04-25T23:45:30Z,b004_failed_after_recovery_rc_1,,
2026-04-26T03:11:50Z,637,2026-04-12T02:24:32Z,2026-04-26T02:24:32Z,b004_failed_after_recovery_rc_1,,
2026-04-26T04:15:39Z,637,2026-04-12T02:24:32Z,2026-04-26T02:24:32Z,b004_failed_after_recovery_rc_1,,
2026-04-26T05:17:32Z,637,2026-04-12T04:42:01Z,2026-04-26T04:42:01Z,b004_failed_after_recovery_rc_1,,
2026-04-26T06:18:34Z,637,2026-04-12T04:42:01Z,2026-04-26T04:42:01Z,b004_failed_after_recovery_rc_1,,
2026-04-26T07:21:43Z,637,2026-04-12T07:04:07Z,2026-04-26T07:04:07Z,b004_failed_after_recovery_rc_1,,
2026-04-26T08:24:42Z,637,2026-04-12T08:04:29Z,2026-04-26T08:04:29Z,b004_failed_after_recovery_rc_1,,
2026-04-26T09:27:59Z,637,2026-04-12T09:05:25Z,2026-04-26T09:05:25Z,b004_failed_after_recovery_rc_1,,
2026-04-26T10:31:36Z,637,2026-04-12T10:19:51Z,2026-04-26T10:19:51Z,b004_failed_after_recovery_rc_1,,
2026-04-26T11:34:28Z,637,2026-04-12T11:26:13Z,2026-04-26T11:26:13Z,b004_failed_after_recovery_rc_1,,
2026-04-26T12:38:06Z,637,2026-04-12T12:28:08Z,2026-04-26T12:28:08Z,b004_failed_after_recovery_rc_1,,
2026-04-26T13:40:01Z,637,2026-04-12T13:29:47Z,2026-04-26T13:29:47Z,b004_failed_after_recovery_rc_1,,
2026-04-26T14:46:14Z,637,2026-04-12T14:36:35Z,2026-04-26T14:36:35Z,b004_failed_after_recovery_rc_1,,
2026-04-26T15:48:27Z,637,2026-04-12T15:20:51Z,2026-04-26T15:20:51Z,b004_failed_after_recovery_rc_1,,
2026-04-26T16:49:28Z,637,2026-04-12T16:38:52Z,2026-04-26T16:38:52Z,b004_failed_after_recovery_rc_1,,
2026-04-26T17:50:00Z,637,2026-04-12T17:26:49Z,2026-04-26T17:26:49Z,b004_failed_after_recovery_rc_1,,
2026-04-26T18:50:26Z,637,2026-04-12T18:26:30Z,2026-04-26T18:26:30Z,b004_failed_after_recovery_rc_1,,
2026-04-26T19:56:12Z,637,2026-04-12T19:29:04Z,2026-04-26T19:29:04Z,b004_failed_after_recovery_rc_1,,
2026-04-26T20:59:10Z,637,2026-04-12T20:40:35Z,2026-04-26T20:40:35Z,b004_failed_after_recovery_rc_1,,
2026-04-26T21:59:25Z,637,2026-04-12T21:27:39Z,2026-04-26T21:27:39Z,b004_failed_after_recovery_rc_1,,
2026-04-26T23:03:06Z,637,2026-04-12T22:31:05Z,2026-04-26T22:31:05Z,b004_failed_after_recovery_rc_1,,
2026-04-27T00:05:11Z,637,2026-04-12T23:32:44Z,2026-04-26T23:32:44Z,b004_failed_after_recovery_rc_1,,
2026-04-27T01:07:17Z,637,2026-04-12T23:32:44Z,2026-04-26T23:32:44Z,b004_failed_after_recovery_rc_1,,
2026-04-27T02:09:03Z,637,2026-04-13T01:15:16Z,2026-04-27T01:15:16Z,b004_failed_after_recovery_rc_1,,
2026-04-27T03:13:25Z,637,2026-04-13T01:15:16Z,2026-04-27T01:15:16Z,b004_failed_after_recovery_rc_1,,
2026-04-27T04:14:26Z,637,2026-04-13T04:06:29Z,2026-04-27T04:06:29Z,b004_failed_after_recovery_rc_1,,
2026-04-27T05:17:48Z,637,2026-04-13T04:06:29Z,2026-04-27T04:06:29Z,b004_failed_after_recovery_rc_1,,
2026-04-27T06:21:01Z,637,2026-04-13T05:40:36Z,2026-04-27T05:40:36Z,b004_failed_after_recovery_rc_1,,
2026-04-27T07:22:40Z,637,2026-04-13T06:27:50Z,2026-04-27T06:27:50Z,b004_failed_after_recovery_rc_1,,
2026-04-27T08:25:37Z,637,2026-04-13T06:27:50Z,2026-04-27T06:27:50Z,b004_failed_after_recovery_rc_1,,
2026-04-27T09:29:07Z,637,2026-04-13T09:11:07Z,2026-04-27T09:11:07Z,b004_failed_after_recovery_rc_1,,
2026-04-27T10:33:24Z,637,2026-04-13T10:12:59Z,2026-04-27T10:12:59Z,b004_failed_after_recovery_rc_1,,
2026-04-27T11:37:27Z,637,2026-04-13T11:16:00Z,2026-04-27T11:16:00Z,b004_failed_after_recovery_rc_1,,
2026-04-27T12:37:37Z,637,2026-04-13T12:24:31Z,2026-04-27T12:24:31Z,b004_failed_after_recovery_rc_1,,
2026-04-27T13:37:55Z,637,2026-04-13T13:23:39Z,2026-04-27T13:23:39Z,b004_failed_after_recovery_rc_1,,
2026-04-27T14:38:22Z,637,2026-04-13T14:22:49Z,2026-04-27T14:22:49Z,b004_failed_after_recovery_rc_1,,
2026-04-27T15:40:18Z,637,2026-04-13T15:22:31Z,2026-04-27T15:22:31Z,b004_failed_after_recovery_rc_1,,
2026-04-27T16:41:12Z,637,2026-04-13T16:33:05Z,2026-04-27T16:33:05Z,b004_failed_after_recovery_rc_1,,
2026-04-27T17:42:28Z,637,2026-04-13T17:25:16Z,2026-04-27T17:25:16Z,b004_failed_after_recovery_rc_1,,
2026-04-27T18:47:01Z,637,2026-04-13T18:32:08Z,2026-04-27T18:32:08Z,b004_failed_after_recovery_rc_1,,
2026-04-27T19:51:33Z,637,2026-04-13T19:43:56Z,2026-04-27T19:43:56Z,b004_failed_after_recovery_rc_1,,
2026-04-27T20:53:12Z,637,2026-04-13T20:29:12Z,2026-04-27T20:29:12Z,b004_failed_after_recovery_rc_1,,
2026-04-27T21:54:25Z,637,2026-04-13T21:45:28Z,2026-04-27T21:45:28Z,b004_failed_after_recovery_rc_1,,
2026-04-27T22:56:52Z,637,2026-04-13T22:33:15Z,2026-04-27T22:33:15Z,b004_failed_after_recovery_rc_1,,
2026-04-28T00:00:12Z,637,2026-04-13T23:41:19Z,2026-04-27T23:41:19Z,b004_failed_after_recovery_rc_1,,
2026-04-28T01:09:04Z,637,2026-04-13T23:41:19Z,2026-04-27T23:41:19Z,b004_failed_after_recovery_rc_1,,
2026-04-28T02:11:56Z,637,2026-04-13T23:41:19Z,2026-04-27T23:41:19Z,b004_failed_after_recovery_rc_1,,
2026-04-28T03:16:51Z,637,2026-04-13T23:41:19Z,2026-04-27T23:41:19Z,b004_failed_after_recovery_rc_1,,
2026-04-28T04:22:41Z,637,2026-04-14T03:36:16Z,2026-04-28T03:36:16Z,b004_failed_after_recovery_rc_1,,
2026-04-28T05:28:32Z,637,2026-04-14T04:17:14Z,2026-04-28T04:17:14Z,b004_failed_after_recovery_rc_1,,
2026-04-28T06:28:51Z,637,2026-04-14T06:08:26Z,2026-04-28T06:08:26Z,b004_failed_after_recovery_rc_1,,
2026-04-28T07:31:10Z,637,2026-04-14T07:07:50Z,2026-04-28T07:07:50Z,b004_failed_after_recovery_rc_1,,
2026-04-28T08:31:27Z,637,2026-04-14T08:13:07Z,2026-04-28T08:13:07Z,b004_failed_after_recovery_rc_1,,
2026-04-28T09:57:42Z,637,2026-04-14T09:24:29Z,2026-04-28T09:24:29Z,b004_failed_after_recovery_rc_1,,
2026-04-28T11:02:16Z,637,2026-04-14T10:27:36Z,2026-04-28T10:27:36Z,b004_failed_after_recovery_rc_1,,
2026-04-28T12:07:08Z,637,2026-04-14T11:45:45Z,2026-04-28T11:45:45Z,b004_failed_after_recovery_rc_1,,
2026-04-28T16:53:10Z,637,2026-04-14T16:20:33Z,2026-04-28T16:20:33Z,b004_failed_after_recovery_rc_1,,
2026-04-28T17:53:25Z,637,2026-04-14T17:42:00Z,2026-04-28T17:42:00Z,b004_failed_after_recovery_rc_1,,
2026-04-28T18:54:23Z,637,2026-04-14T18:27:48Z,2026-04-28T18:27:48Z,b004_failed_after_recovery_rc_1,,
2026-04-28T19:55:53Z,637,2026-04-14T19:45:36Z,2026-04-28T19:45:36Z,b004_failed_after_recovery_rc_1,,
2026-04-28T20:56:21Z,637,2026-04-14T19:45:36Z,2026-04-28T19:45:36Z,b004_failed_after_recovery_rc_1,,
2026-04-28T21:58:31Z,637,2026-04-14T20:57:29Z,2026-04-28T20:57:29Z,b004_failed_after_recovery_rc_1,,
2026-04-28T23:01:08Z,637,2026-04-14T22:14:55Z,2026-04-28T22:14:55Z,b004_failed_after_recovery_rc_1,,
2026-04-29T00:02:40Z,637,2026-04-14T23:22:50Z,2026-04-28T23:22:50Z,b004_failed_after_recovery_rc_1,,
2026-04-29T01:07:42Z,637,2026-04-14T23:22:50Z,2026-04-28T23:22:50Z,b004_failed_after_recovery_rc_1,,
2026-04-29T02:09:29Z,637,2026-04-14T23:22:50Z,2026-04-28T23:22:50Z,b004_failed_after_recovery_rc_1,,
2026-04-29T03:10:38Z,637,2026-04-14T23:22:50Z,2026-04-28T23:22:50Z,b004_failed_after_recovery_rc_1,,
2026-04-29T04:12:21Z,637,2026-04-14T23:22:50Z,2026-04-28T23:22:50Z,b004_failed_after_recovery_rc_1,,
2026-04-29T05:13:54Z,637,2026-04-14T23:22:50Z,2026-04-28T23:22:50Z,b004_failed_after_recovery_rc_1,,
2026-04-29T06:15:19Z,637,2026-04-15T05:25:23Z,2026-04-29T05:25:23Z,b004_failed_after_recovery_rc_1,,
2026-04-29T07:16:03Z,637,2026-04-15T06:51:30Z,2026-04-29T06:51:30Z,b004_failed_after_recovery_rc_1,,
2026-04-29T08:16:49Z,637,2026-04-15T07:51:41Z,2026-04-29T07:51:41Z,orphans_remain_after_lookback,,
2026-04-29T09:21:18Z,637,2026-04-15T09:01:43Z,2026-04-29T09:01:43Z,b004_failed_after_recovery_rc_1,,
2026-04-29T10:20:32Z,637,2026-04-15T10:07:25Z,2026-04-29T10:07:25Z,b004_failed_after_recovery_rc_1,,
2026-04-29T11:23:58Z,637,2026-04-15T11:04:03Z,2026-04-29T11:04:03Z,b004_failed_after_recovery_rc_1,,
2026-04-29T12:28:32Z,637,2026-04-15T11:59:03Z,2026-04-29T11:59:03Z,b004_failed_after_recovery_rc_1,,
2026-04-29T13:30:45Z,637,2026-04-15T13:06:25Z,2026-04-29T13:06:25Z,b004_failed_after_recovery_rc_1,,
2026-04-29T14:37:29Z,637,2026-04-15T13:58:00Z,2026-04-29T13:58:00Z,b004_failed_after_recovery_rc_1,,
2026-04-29T15:41:02Z,637,2026-04-15T15:32:31Z,2026-04-29T15:32:31Z,b004_failed_after_recovery_rc_1,,
2026-04-29T17:00:20Z,637,2026-04-15T16:11:42Z,2026-04-29T16:11:42Z,orphans_remain_after_lookback,,
2026-04-29T18:02:35Z,637,2026-04-15T16:11:42Z,2026-04-29T16:11:42Z,orphans_remain_after_lookback,,
2026-04-29T19:04:54Z,637,2026-04-15T18:48:44Z,2026-04-29T18:48:44Z,orphans_remain_after_lookback,,
2026-04-29T20:10:33Z,637,2026-04-15T18:48:44Z,2026-04-29T18:48:44Z,orphans_remain_after_lookback,,
2026-04-29T21:13:23Z,637,2026-04-15T20:35:45Z,2026-04-29T20:35:45Z,orphans_remain_after_lookback,,
2026-04-29T22:18:20Z,637,2026-04-15T22:01:05Z,2026-04-29T22:01:05Z,orphans_remain_after_lookback,,
2026-04-29T23:24:08Z,637,2026-04-15T22:01:05Z,2026-04-29T22:01:05Z,orphans_remain_after_lookback,,
2026-04-30T00:30:49Z,637,2026-04-15T22:01:05Z,2026-04-29T22:01:05Z,orphans_remain_after_lookback,,
2026-04-30T01:35:33Z,637,2026-04-15T22:01:05Z,2026-04-29T22:01:05Z,orphans_remain_after_lookback,,
2026-04-30T02:39:04Z,637,2026-04-15T22:01:05Z,2026-04-29T22:01:05Z,orphans_remain_after_lookback,,
2026-04-30T03:47:14Z,637,2026-04-16T03:34:44Z,2026-04-30T03:34:44Z,b004_failed_after_recovery_rc_1,,
2026-04-30T04:48:52Z,637,2026-04-16T03:34:44Z,2026-04-30T03:34:44Z,orphans_remain_after_lookback,,
2026-04-30T05:52:14Z,637,2026-04-16T03:34:44Z,2026-04-30T03:34:44Z,orphans_remain_after_lookback,,
2026-04-30T06:56:18Z,637,2026-04-16T06:45:34Z,2026-04-30T06:45:34Z,orphans_remain_after_lookback,,
2026-04-30T07:58:39Z,637,2026-04-16T07:43:03Z,2026-04-30T07:43:03Z,orphans_remain_after_lookback,,
2026-04-30T09:01:33Z,637,2026-04-16T08:31:02Z,2026-04-30T08:31:02Z,orphans_remain_after_lookback,,
2026-04-30T10:05:02Z,637,2026-04-16T09:21:37Z,2026-04-30T09:21:37Z,orphans_remain_after_lookback,,
2026-04-30T11:05:02Z,637,2026-04-16T10:26:43Z,2026-04-30T10:26:43Z,orphans_remain_after_lookback,,
2026-04-30T12:07:17Z,637,2026-04-16T11:54:12Z,2026-04-30T11:54:12Z,orphans_remain_after_lookback,,
2026-04-30T13:34:09Z,637,2026-04-16T13:04:35Z,2026-04-30T13:04:35Z,orphans_remain_after_lookback,,
2026-04-30T14:34:55Z,637,2026-04-16T14:27:54Z,2026-04-30T14:27:54Z,orphans_remain_after_lookback,,
2026-04-30T15:36:11Z,637,2026-04-16T15:30:43Z,2026-04-30T15:30:43Z,orphans_remain_after_lookback,,
2026-04-30T16:45:03Z,637,2026-04-16T16:27:07Z,2026-04-30T16:27:07Z,orphans_remain_after_lookback,,
2026-04-30T17:48:59Z,637,2026-04-16T17:14:38Z,2026-04-30T17:14:38Z,orphans_remain_after_lookback,,
2026-04-30T18:49:45Z,637,2026-04-16T17:14:38Z,2026-04-30T17:14:38Z,orphans_remain_after_lookback,,
2026-04-30T19:53:32Z,637,2026-04-16T19:41:21Z,2026-04-30T19:41:21Z,orphans_remain_after_lookback,,
2026-04-30T20:54:54Z,637,2026-04-16T19:54:33Z,2026-04-30T19:54:33Z,orphans_remain_after_lookback,,
2026-04-30T21:58:00Z,637,2026-04-16T21:28:54Z,2026-04-30T21:28:54Z,orphans_remain_after_lookback,,
2026-04-30T23:02:02Z,637,2026-04-16T22:53:40Z,2026-04-30T22:53:40Z,orphans_remain_after_lookback,,
2026-05-01T00:11:58Z,637,2026-04-16T22:53:40Z,2026-04-30T22:53:40Z,orphans_remain_after_lookback,,
2026-05-01T01:24:36Z,637,2026-04-16T22:53:40Z,2026-04-30T22:53:40Z,orphans_remain_after_lookback,,
2026-05-01T02:26:30Z,637,2026-04-17T01:31:50Z,2026-05-01T01:31:50Z,orphans_remain_after_lookback,,
2026-05-01T03:27:36Z,637,2026-04-17T02:26:52Z,2026-05-01T02:26:52Z,orphans_remain_after_lookback,,
2026-05-01T04:29:42Z,637,2026-04-17T02:26:52Z,2026-05-01T02:26:52Z,orphans_remain_after_lookback,,
2026-05-01T05:33:17Z,637,2026-04-17T02:26:52Z,2026-05-01T02:26:52Z,orphans_remain_after_lookback,,
2026-05-01T06:34:57Z,637,2026-04-17T02:26:52Z,2026-05-01T02:26:52Z,orphans_remain_after_lookback,,
2026-05-01T07:35:24Z,637,2026-04-17T07:13:48Z,2026-05-01T07:13:48Z,orphans_remain_after_lookback,,
2026-05-01T08:40:43Z,637,2026-04-17T07:55:23Z,2026-05-01T07:55:23Z,b004_failed_after_recovery_rc_1,,
2026-05-01T09:43:56Z,637,2026-04-17T09:24:22Z,2026-05-01T09:24:22Z,orphans_remain_after_lookback,,
2026-05-01T10:44:08Z,637,2026-04-17T10:35:55Z,2026-05-01T10:35:55Z,orphans_remain_after_lookback,,
2026-05-01T12:06:10Z,637,2026-04-17T10:59:27Z,2026-05-01T10:59:27Z,orphans_remain_after_lookback,,
2026-05-01T13:07:21Z,637,2026-04-17T12:42:09Z,2026-05-01T12:42:09Z,orphans_remain_after_lookback,,
2026-05-01T14:14:26Z,637,2026-04-17T13:41:20Z,2026-05-01T13:41:20Z,orphans_remain_after_lookback,,
2026-05-01T15:17:33Z,637,2026-04-17T14:34:34Z,2026-05-01T14:34:34Z,orphans_remain_after_lookback,,
2026-05-01T16:20:39Z,637,2026-04-17T14:34:34Z,2026-05-01T14:34:34Z,orphans_remain_after_lookback,,
2026-05-01T17:25:09Z,637,2026-04-17T14:34:34Z,2026-05-01T14:34:34Z,orphans_remain_after_lookback,,
2026-05-01T18:36:19Z,637,2026-04-17T18:18:33Z,2026-05-01T18:18:33Z,orphans_remain_after_lookback,,
2026-05-01T19:40:46Z,637,2026-04-17T18:18:33Z,2026-05-01T18:18:33Z,orphans_remain_after_lookback,,
2026-05-01T20:45:30Z,637,2026-04-17T20:28:29Z,2026-05-01T20:28:29Z,b004_failed_after_recovery_rc_1,,
2026-05-01T21:44:14Z,637,2026-04-17T21:09:53Z,2026-05-01T21:09:53Z,orphans_remain_after_lookback,,
2026-05-01T22:45:30Z,637,2026-04-17T22:26:48Z,2026-05-01T22:26:48Z,orphans_remain_after_lookback,,
2026-05-01T23:46:42Z,637,2026-04-17T22:49:47Z,2026-05-01T22:49:47Z,orphans_remain_after_lookback,,
2026-05-02T00:49:13Z,637,2026-04-18T00:15:17Z,2026-05-02T00:15:17Z,orphans_remain_after_lookback,,
2026-05-02T01:51:34Z,637,2026-04-18T01:17:12Z,2026-05-02T01:17:12Z,orphans_remain_after_lookback,,
2026-05-02T02:55:05Z,637,2026-04-18T01:17:12Z,2026-05-02T01:17:12Z,orphans_remain_after_lookback,,
2026-05-02T03:59:59Z,637,2026-04-18T01:17:12Z,2026-05-02T01:17:12Z,orphans_remain_after_lookback,,
2026-05-02T05:11:04Z,637,2026-04-18T01:17:12Z,2026-05-02T01:17:12Z,orphans_remain_after_lookback,,
2026-05-02T06:13:46Z,637,2026-04-18T01:17:12Z,2026-05-02T01:17:12Z,orphans_remain_after_lookback,,
2026-05-02T07:18:25Z,637,2026-04-18T06:23:47Z,2026-05-02T06:23:47Z,orphans_remain_after_lookback,,
2026-05-02T08:21:39Z,637,2026-04-18T07:57:41Z,2026-05-02T07:57:41Z,orphans_remain_after_lookback,,
2026-05-02T09:28:29Z,637,2026-04-18T09:21:51Z,2026-05-02T09:21:51Z,orphans_remain_after_lookback,,
2026-05-02T10:30:52Z,637,2026-04-18T09:21:51Z,2026-05-02T09:21:51Z,orphans_remain_after_lookback,,
2026-05-02T11:36:50Z,637,2026-04-18T11:27:18Z,2026-05-02T11:27:18Z,b004_failed_after_recovery_rc_1,,
2026-05-02T12:38:54Z,637,2026-04-18T12:25:24Z,2026-05-02T12:25:24Z,orphans_remain_after_lookback,,
2026-05-02T13:42:49Z,637,2026-04-18T12:58:08Z,2026-05-02T12:58:08Z,orphans_remain_after_lookback,,
2026-05-02T14:46:18Z,637,2026-04-18T14:17:18Z,2026-05-02T14:17:18Z,orphans_remain_after_lookback,,
2026-05-02T15:49:39Z,637,2026-04-18T15:24:50Z,2026-05-02T15:24:50Z,orphans_remain_after_lookback,,
2026-05-02T16:54:17Z,637,2026-04-18T16:23:26Z,2026-05-02T16:23:26Z,orphans_remain_after_lookback,,
2026-05-02T17:57:09Z,637,2026-04-18T17:50:23Z,2026-05-02T17:50:23Z,orphans_remain_after_lookback,,
2026-05-02T19:01:46Z,637,2026-04-18T17:50:23Z,2026-05-02T17:50:23Z,orphans_remain_after_lookback,,
2026-05-02T20:05:38Z,637,2026-04-18T19:47:29Z,2026-05-02T19:47:29Z,orphans_remain_after_lookback,,
2026-05-02T21:09:05Z,637,2026-04-18T20:14:45Z,2026-05-02T20:14:45Z,orphans_remain_after_lookback,,
2026-05-02T22:12:54Z,637,2026-04-18T21:05:58Z,2026-05-02T21:05:58Z,orphans_remain_after_lookback,,
2026-05-02T23:15:09Z,637,2026-04-18T22:43:20Z,2026-05-02T22:43:20Z,orphans_remain_after_lookback,,
2026-05-03T00:19:11Z,637,2026-04-18T23:17:37Z,2026-05-02T23:17:37Z,orphans_remain_after_lookback,,
2026-05-03T01:22:13Z,637,2026-04-18T23:17:37Z,2026-05-02T23:17:37Z,orphans_remain_after_lookback,,
2026-05-03T02:25:05Z,637,2026-04-18T23:17:37Z,2026-05-02T23:17:37Z,orphans_remain_after_lookback,,
2026-05-03T03:27:38Z,637,2026-04-18T23:17:37Z,2026-05-02T23:17:37Z,orphans_remain_after_lookback,,
2026-05-03T04:30:51Z,637,2026-04-18T23:17:37Z,2026-05-02T23:17:37Z,orphans_remain_after_lookback,,
2026-05-03T05:34:49Z,637,2026-04-18T23:17:37Z,2026-05-02T23:17:37Z,orphans_remain_after_lookback,,
2026-05-03T06:37:50Z,637,2026-04-18T23:17:37Z,2026-05-02T23:17:37Z,orphans_remain_after_lookback,,
2026-05-03T07:43:26Z,637,2026-04-19T07:16:37Z,2026-05-03T07:16:37Z,orphans_remain_after_lookback,,
2026-05-03T08:47:15Z,637,2026-04-19T08:07:04Z,2026-05-03T08:07:04Z,orphans_remain_after_lookback,,
2026-05-03T09:50:06Z,637,2026-04-19T09:30:21Z,2026-05-03T09:30:21Z,orphans_remain_after_lookback,,
2026-05-03T10:56:48Z,637,2026-04-19T10:31:58Z,2026-05-03T10:31:58Z,orphans_remain_after_lookback,,
2026-05-03T12:04:33Z,637,2026-04-19T10:31:58Z,2026-05-03T10:31:58Z,orphans_remain_after_lookback,,
2026-05-03T13:07:19Z,637,2026-04-19T12:31:43Z,2026-05-03T12:31:43Z,orphans_remain_after_lookback,,
2026-05-03T14:10:56Z,637,2026-04-19T13:57:44Z,2026-05-03T13:57:44Z,orphans_remain_after_lookback,,
2026-05-03T15:14:38Z,637,2026-04-19T15:01:56Z,2026-05-03T15:01:56Z,orphans_remain_after_lookback,,
2026-05-03T16:18:15Z,637,2026-04-19T16:03:21Z,2026-05-03T16:03:21Z,orphans_remain_after_lookback,,
2026-05-03T17:22:22Z,637,2026-04-19T16:49:19Z,2026-05-03T16:49:19Z,orphans_remain_after_lookback,,
2026-05-03T18:28:35Z,637,2026-04-19T18:16:08Z,2026-05-03T18:16:08Z,orphans_remain_after_lookback,,
2026-05-03T19:34:52Z,637,2026-04-19T18:52:57Z,2026-05-03T18:52:57Z,orphans_remain_after_lookback,,
2026-05-03T20:38:33Z,637,2026-04-19T20:22:04Z,2026-05-03T20:22:04Z,orphans_remain_after_lookback,,
2026-05-03T21:42:09Z,637,2026-04-19T20:22:04Z,2026-05-03T20:22:04Z,orphans_remain_after_lookback,,
2026-05-03T22:47:04Z,637,2026-04-19T21:43:57Z,2026-05-03T21:43:57Z,b004_failed_after_recovery_rc_1,,
2026-05-03T23:47:45Z,637,2026-04-19T21:43:57Z,2026-05-03T21:43:57Z,orphans_remain_after_lookback,,
2026-05-04T00:50:43Z,637,2026-04-19T21:43:57Z,2026-05-03T21:43:57Z,orphans_remain_after_lookback,,
2026-05-04T01:57:40Z,637,2026-04-20T00:52:45Z,2026-05-04T00:52:45Z,b004_failed_after_recovery_rc_1,,
2026-05-04T02:57:27Z,637,2026-04-20T00:52:45Z,2026-05-04T00:52:45Z,orphans_remain_after_lookback,,
2026-05-04T04:00:48Z,637,2026-04-20T03:03:58Z,2026-05-04T03:03:58Z,orphans_remain_after_lookback,,
2026-05-04T05:13:46Z,637,2026-04-20T03:03:58Z,2026-05-04T03:03:58Z,orphans_remain_after_lookback,,
2026-05-04T06:17:51Z,637,2026-04-20T05:50:03Z,2026-05-04T05:50:03Z,orphans_remain_after_lookback,,
2026-05-04T07:22:59Z,637,2026-04-20T07:04:46Z,2026-05-04T07:04:46Z,orphans_remain_after_lookback,,
2026-05-04T08:29:29Z,637,2026-04-20T07:04:46Z,2026-05-04T07:04:46Z,orphans_remain_after_lookback,,
2026-05-04T09:36:12Z,637,2026-04-20T09:14:40Z,2026-05-04T09:14:40Z,orphans_remain_after_lookback,,
2026-05-04T10:41:28Z,637,2026-04-20T09:14:40Z,2026-05-04T09:14:40Z,orphans_remain_after_lookback,,
2026-05-04T11:49:39Z,637,2026-04-20T11:41:19Z,2026-05-04T11:41:19Z,orphans_remain_after_lookback,,
2026-05-04T12:54:42Z,637,2026-04-20T12:47:45Z,2026-05-04T12:47:45Z,orphans_remain_after_lookback,,
2026-05-04T13:57:35Z,637,2026-04-20T13:25:52Z,2026-05-04T13:25:52Z,orphans_remain_after_lookback,,
2026-05-04T15:02:39Z,637,2026-04-20T14:44:41Z,2026-05-04T14:44:41Z,orphans_remain_after_lookback,,
2026-05-04T16:09:23Z,637,2026-04-20T14:44:41Z,2026-05-04T14:44:41Z,orphans_remain_after_lookback,,
2026-05-04T17:12:35Z,637,2026-04-20T14:44:41Z,2026-05-04T14:44:41Z,orphans_remain_after_lookback,,
2026-05-04T18:15:19Z,637,2026-04-20T17:57:11Z,2026-05-04T17:57:11Z,orphans_remain_after_lookback,,
2026-05-04T19:18:59Z,637,2026-04-20T19:00:51Z,2026-05-04T19:00:51Z,orphans_remain_after_lookback,,
2026-05-04T20:23:16Z,637,2026-04-20T19:00:51Z,2026-05-04T19:00:51Z,orphans_remain_after_lookback,,
2026-05-04T21:28:56Z,637,2026-04-20T20:24:37Z,2026-05-04T20:24:37Z,orphans_remain_after_lookback,,
2026-05-04T22:35:54Z,637,2026-04-20T22:07:36Z,2026-05-04T22:07:36Z,orphans_remain_after_lookback,,
2026-05-04T23:39:32Z,637,2026-04-20T22:07:36Z,2026-05-04T22:07:36Z,orphans_remain_after_lookback,,
2026-05-05T00:43:44Z,637,2026-04-20T23:45:09Z,2026-05-04T23:45:09Z,orphans_remain_after_lookback,,
2026-05-05T01:51:54Z,637,2026-04-20T23:45:09Z,2026-05-04T23:45:09Z,orphans_remain_after_lookback,,
2026-05-05T02:55:20Z,637,2026-04-20T23:45:09Z,2026-05-04T23:45:09Z,orphans_remain_after_lookback,,
2026-05-05T04:00:00Z,637,2026-04-20T23:45:09Z,2026-05-04T23:45:09Z,orphans_remain_after_lookback,,
2026-05-05T05:15:48Z,637,2026-04-20T23:45:09Z,2026-05-04T23:45:09Z,orphans_remain_after_lookback,,
2026-05-05T06:21:19Z,637,2026-04-20T23:45:09Z,2026-05-04T23:45:09Z,orphans_remain_after_lookback,,
2026-05-05T07:27:48Z,637,2026-04-21T06:52:27Z,2026-05-05T06:52:27Z,orphans_remain_after_lookback,,
2026-05-05T08:31:53Z,637,2026-04-21T08:08:10Z,2026-05-05T08:08:10Z,orphans_remain_after_lookback,,
2026-05-05T09:36:55Z,637,2026-04-21T09:04:43Z,2026-05-05T09:04:43Z,orphans_remain_after_lookback,,
2026-05-05T10:43:37Z,637,2026-04-21T10:22:56Z,2026-05-05T10:22:56Z,orphans_remain_after_lookback,,
2026-05-05T11:47:54Z,637,2026-04-21T11:21:42Z,2026-05-05T11:21:42Z,orphans_remain_after_lookback,,
2026-05-05T12:52:36Z,637,2026-04-21T12:33:02Z,2026-05-05T12:33:02Z,orphans_remain_after_lookback,,
2026-05-05T13:54:59Z,637,2026-04-21T13:15:25Z,2026-05-05T13:15:25Z,orphans_remain_after_lookback,,
2026-05-05T14:57:43Z,637,2026-04-21T14:34:19Z,2026-05-05T14:34:19Z,orphans_remain_after_lookback,,
2026-05-05T16:04:17Z,637,2026-04-21T15:31:56Z,2026-05-05T15:31:56Z,orphans_remain_after_lookback,,
2026-05-05T17:08:12Z,637,2026-04-21T16:32:50Z,2026-05-05T16:32:50Z,orphans_remain_after_lookback,,
2026-05-05T18:15:33Z,637,2026-04-21T16:32:50Z,2026-05-05T16:32:50Z,orphans_remain_after_lookback,,
2026-05-05T19:23:13Z,637,2026-04-21T19:07:11Z,2026-05-05T19:07:11Z,b004_failed_after_recovery_rc_1,,
2026-05-05T20:24:38Z,637,2026-04-21T19:32:53Z,2026-05-05T19:32:53Z,orphans_remain_after_lookback,,
2026-05-05T21:33:30Z,637,2026-04-21T20:38:34Z,2026-05-05T20:38:34Z,b025_failed_after_recovery_rc_1,,
2026-05-05T22:35:50Z,637,2026-04-21T22:17:23Z,2026-05-05T22:17:23Z,orphans_remain_after_lookback,,
2026-05-05T23:41:27Z,637,2026-04-21T23:16:04Z,2026-05-05T23:16:04Z,orphans_remain_after_lookback,,
2026-05-06T00:44:20Z,637,2026-04-21T23:16:04Z,2026-05-05T23:16:04Z,orphans_remain_after_lookback,,
2026-05-06T01:47:12Z,637,2026-04-21T23:16:04Z,2026-05-05T23:16:04Z,orphans_remain_after_lookback,,
2026-05-06T02:50:07Z,637,2026-04-22T02:02:52Z,2026-05-06T02:02:52Z,orphans_remain_after_lookback,,
2026-05-06T03:54:30Z,637,2026-04-22T02:02:52Z,2026-05-06T02:02:52Z,orphans_remain_after_lookback,,
2026-05-06T05:14:14Z,637,2026-04-22T05:07:39Z,2026-05-06T05:07:39Z,orphans_remain_after_lookback,,
2026-05-06T06:16:32Z,637,2026-04-22T05:07:39Z,2026-05-06T05:07:39Z,orphans_remain_after_lookback,,
2026-05-06T07:23:11Z,637,2026-04-22T07:14:23Z,2026-05-06T07:14:23Z,orphans_remain_after_lookback,,
2026-05-06T08:33:28Z,637,2026-04-22T08:23:58Z,2026-05-06T08:23:58Z,orphans_remain_after_lookback,,
2026-05-06T09:36:15Z,637,2026-04-22T09:25:44Z,2026-05-06T09:25:44Z,orphans_remain_after_lookback,,
2026-05-06T10:43:22Z,637,2026-04-22T10:36:22Z,2026-05-06T10:36:22Z,orphans_remain_after_lookback,,
2026-05-06T11:44:17Z,637,2026-04-22T11:21:58Z,2026-05-06T11:21:58Z,orphans_remain_after_lookback,,
2026-05-06T12:45:51Z,637,2026-04-22T12:29:37Z,2026-05-06T12:29:37Z,orphans_remain_after_lookback,,
2026-05-06T13:46:55Z,637,2026-04-22T12:58:48Z,2026-05-06T12:58:48Z,orphans_remain_after_lookback,,
2026-05-06T14:56:30Z,637,2026-04-22T14:48:12Z,2026-05-06T14:48:12Z,b004_failed_after_recovery_rc_1,,
2026-05-06T15:55:41Z,637,2026-04-22T15:26:24Z,2026-05-06T15:26:24Z,orphans_remain_after_lookback,,
2026-05-06T17:00:15Z,637,2026-04-22T16:05:56Z,2026-05-06T16:05:56Z,orphans_remain_after_lookback,,
2026-05-06T18:05:48Z,637,2026-04-22T17:46:09Z,2026-05-06T17:46:09Z,b004_failed_after_recovery_rc_1,,
2026-05-06T19:05:31Z,637,2026-04-22T18:47:43Z,2026-05-06T18:47:43Z,orphans_remain_after_lookback,,
2026-05-06T20:05:44Z,637,2026-04-22T19:55:42Z,2026-05-06T19:55:42Z,orphans_remain_after_lookback,,
2026-05-06T21:11:59Z,637,2026-04-22T20:56:28Z,2026-05-06T20:56:28Z,orphans_remain_after_lookback,,
2026-05-06T22:18:58Z,637,2026-04-22T21:33:14Z,2026-05-06T21:33:14Z,orphans_remain_after_lookback,,
2026-05-06T23:24:44Z,637,2026-04-22T21:33:14Z,2026-05-06T21:33:14Z,orphans_remain_after_lookback,,
2026-05-07T00:32:40Z,637,2026-04-23T00:16:14Z,2026-05-07T00:16:14Z,orphans_remain_after_lookback,,
2026-05-07T01:35:59Z,637,2026-04-23T00:16:14Z,2026-05-07T00:16:14Z,orphans_remain_after_lookback,,
2026-05-07T02:38:42Z,637,2026-04-23T00:16:14Z,2026-05-07T00:16:14Z,orphans_remain_after_lookback,,
2026-05-07T03:44:07Z,637,2026-04-23T00:16:14Z,2026-05-07T00:16:14Z,orphans_remain_after_lookback,,
2026-05-07T04:47:13Z,637,2026-04-23T04:02:21Z,2026-05-07T04:02:21Z,orphans_remain_after_lookback,,
2026-05-07T05:50:30Z,637,2026-04-23T05:43:10Z,2026-05-07T05:43:10Z,orphans_remain_after_lookback,,
2026-05-07T06:55:10Z,637,2026-04-23T05:43:10Z,2026-05-07T05:43:10Z,orphans_remain_after_lookback,,
2026-05-07T08:00:06Z,637,2026-04-23T07:25:36Z,2026-05-07T07:25:36Z,orphans_remain_after_lookback,,
2026-05-07T09:02:55Z,637,2026-04-23T08:37:19Z,2026-05-07T08:37:19Z,orphans_remain_after_lookback,,
2026-05-07T10:05:51Z,637,2026-04-23T08:58:15Z,2026-05-07T08:58:15Z,orphans_remain_after_lookback,,
2026-05-07T11:08:44Z,637,2026-04-23T10:36:32Z,2026-05-07T10:36:32Z,orphans_remain_after_lookback,,
2026-05-07T12:12:30Z,637,2026-04-23T11:04:06Z,2026-05-07T11:04:06Z,orphans_remain_after_lookback,,
2026-05-07T13:16:14Z,637,2026-04-23T11:04:06Z,2026-05-07T11:04:06Z,orphans_remain_after_lookback,,
2026-05-07T14:20:32Z,637,2026-04-23T13:31:17Z,2026-05-07T13:31:17Z,orphans_remain_after_lookback,,
2026-05-07T15:24:26Z,637,2026-04-23T14:15:36Z,2026-05-07T14:15:36Z,orphans_remain_after_lookback,,
2026-05-07T16:30:00Z,637,2026-04-23T15:57:57Z,2026-05-07T15:57:57Z,orphans_remain_after_lookback,,
2026-05-07T17:34:19Z,637,2026-04-23T17:16:42Z,2026-05-07T17:16:42Z,orphans_remain_after_lookback,,
2026-05-07T18:39:19Z,637,2026-04-23T17:41:16Z,2026-05-07T17:41:16Z,orphans_remain_after_lookback,,
2026-05-07T19:42:49Z,637,2026-04-23T17:41:16Z,2026-05-07T17:41:16Z,orphans_remain_after_lookback,,
2026-05-07T20:49:40Z,637,2026-04-23T20:17:51Z,2026-05-07T20:17:51Z,orphans_remain_after_lookback,,
2026-05-07T21:52:44Z,637,2026-04-23T21:37:33Z,2026-05-07T21:37:33Z,orphans_remain_after_lookback,,
2026-05-07T22:57:15Z,637,2026-04-23T22:08:18Z,2026-05-07T22:08:18Z,orphans_remain_after_lookback,,
2026-05-08T00:02:18Z,637,2026-04-23T22:08:18Z,2026-05-07T22:08:18Z,orphans_remain_after_lookback,,
2026-05-08T01:06:22Z,637,2026-04-24T00:01:59Z,2026-05-08T00:01:59Z,orphans_remain_after_lookback,,
2026-05-08T02:09:34Z,637,2026-04-24T00:01:59Z,2026-05-08T00:01:59Z,orphans_remain_after_lookback,,
2026-05-08T03:14:15Z,637,2026-04-24T00:01:59Z,2026-05-08T00:01:59Z,orphans_remain_after_lookback,,
2026-05-08T04:16:37Z,637,2026-04-24T00:01:59Z,2026-05-08T00:01:59Z,orphans_remain_after_lookback,,
2026-05-08T05:21:11Z,637,2026-04-24T04:53:23Z,2026-05-08T04:53:23Z,orphans_remain_after_lookback,,
2026-05-08T06:24:25Z,637,2026-04-24T04:53:23Z,2026-05-08T04:53:23Z,orphans_remain_after_lookback,,
2026-05-08T07:26:38Z,637,2026-04-24T04:53:23Z,2026-05-08T04:53:23Z,orphans_remain_after_lookback,,
2026-05-08T08:31:40Z,637,2026-04-24T07:28:22Z,2026-05-08T07:28:22Z,orphans_remain_after_lookback,,
2026-05-08T09:36:58Z,637,2026-04-24T07:28:22Z,2026-05-08T07:28:22Z,orphans_remain_after_lookback,,
2026-05-08T10:39:34Z,637,2026-04-24T10:03:39Z,2026-05-08T10:03:39Z,orphans_remain_after_lookback,,
2026-05-08T11:46:30Z,637,2026-04-24T10:03:39Z,2026-05-08T10:03:39Z,orphans_remain_after_lookback,,
2026-05-08T12:51:49Z,637,2026-04-24T10:03:39Z,2026-05-08T10:03:39Z,orphans_remain_after_lookback,,
2026-05-08T13:58:32Z,637,2026-04-24T13:44:47Z,2026-05-08T13:44:47Z,orphans_remain_after_lookback,,
2026-05-08T15:03:44Z,637,2026-04-24T14:55:05Z,2026-05-08T14:55:05Z,orphans_remain_after_lookback,,
2026-05-08T16:04:23Z,637,2026-04-24T15:57:16Z,2026-05-08T15:57:16Z,orphans_remain_after_lookback,,
2026-05-08T17:05:07Z,637,2026-04-24T16:11:55Z,2026-05-08T16:11:55Z,orphans_remain_after_lookback,,
2026-05-08T18:05:20Z,637,2026-04-24T17:32:00Z,2026-05-08T17:32:00Z,orphans_remain_after_lookback,,
2026-05-08T19:07:33Z,637,2026-04-24T18:52:35Z,2026-05-08T18:52:35Z,orphans_remain_after_lookback,,
2026-05-08T20:09:34Z,637,2026-04-24T18:52:35Z,2026-05-08T18:52:35Z,orphans_remain_after_lookback,,
2026-05-08T21:15:31Z,637,2026-04-24T18:52:35Z,2026-05-08T18:52:35Z,orphans_remain_after_lookback,,
2026-05-08T22:17:12Z,637,2026-04-24T21:58:25Z,2026-05-08T21:58:25Z,orphans_remain_after_lookback,,
2026-05-08T23:20:45Z,637,2026-04-24T22:33:35Z,2026-05-08T22:33:35Z,orphans_remain_after_lookback,,
2026-05-09T00:22:07Z,637,2026-04-24T22:33:35Z,2026-05-08T22:33:35Z,orphans_remain_after_lookback,,
2026-05-09T01:27:33Z,637,2026-04-25T00:52:00Z,2026-05-09T00:52:00Z,orphans_remain_after_lookback,,
2026-05-09T02:31:50Z,637,2026-04-25T00:52:00Z,2026-05-09T00:52:00Z,orphans_remain_after_lookback,,
2026-05-09T03:34:01Z,637,2026-04-25T00:52:00Z,2026-05-09T00:52:00Z,orphans_remain_after_lookback,,
2026-05-09T04:38:06Z,637,2026-04-25T00:52:00Z,2026-05-09T00:52:00Z,orphans_remain_after_lookback,,
2026-05-09T05:39:47Z,637,2026-04-25T00:52:00Z,2026-05-09T00:52:00Z,orphans_remain_after_lookback,,
2026-05-09T06:40:06Z,637,2026-04-25T05:59:03Z,2026-05-09T05:59:03Z,orphans_remain_after_lookback,,
2026-05-09T07:41:29Z,637,2026-04-25T05:59:03Z,2026-05-09T05:59:03Z,orphans_remain_after_lookback,,
2026-05-09T08:45:58Z,637,2026-04-25T05:59:03Z,2026-05-09T05:59:03Z,orphans_remain_after_lookback,,
2026-05-09T09:54:15Z,637,2026-04-25T09:18:43Z,2026-05-09T09:18:43Z,b004_failed_after_recovery_rc_1,,
2026-05-09T10:59:15Z,637,2026-04-25T09:18:43Z,2026-05-09T09:18:43Z,b004_failed_after_recovery_rc_1,,
2026-05-09T12:07:44Z,637,2026-04-25T11:19:19Z,2026-05-09T11:19:19Z,orphans_remain_after_lookback,,
2026-05-09T13:09:55Z,637,2026-04-25T12:59:01Z,2026-05-09T12:59:01Z,orphans_remain_after_lookback,,
2026-05-09T14:12:42Z,637,2026-04-25T12:59:01Z,2026-05-09T12:59:01Z,orphans_remain_after_lookback,,
2026-05-09T15:17:19Z,637,2026-04-25T14:53:11Z,2026-05-09T14:53:11Z,orphans_remain_after_lookback,,
2026-05-09T16:19:02Z,637,2026-04-25T15:54:46Z,2026-05-09T15:54:46Z,orphans_remain_after_lookback,,
2026-05-09T17:23:30Z,637,2026-04-25T16:27:11Z,2026-05-09T16:27:11Z,orphans_remain_after_lookback,,
2026-05-09T18:27:19Z,637,2026-04-25T18:20:33Z,2026-05-09T18:20:33Z,orphans_remain_after_lookback,,
2026-05-09T19:33:52Z,637,2026-04-25T19:12:54Z,2026-05-09T19:12:54Z,orphans_remain_after_lookback,,
2026-05-09T20:34:38Z,637,2026-04-25T20:29:07Z,2026-05-09T20:29:07Z,orphans_remain_after_lookback,,
2026-05-09T21:35:47Z,637,2026-04-25T20:29:07Z,2026-05-09T20:29:07Z,orphans_remain_after_lookback,,
2026-05-09T22:35:57Z,637,2026-04-25T21:46:37Z,2026-05-09T21:46:37Z,orphans_remain_after_lookback,,
2026-05-09T23:37:09Z,637,2026-04-25T23:02:51Z,2026-05-09T23:02:51Z,orphans_remain_after_lookback,,
2026-05-10T00:46:27Z,637,2026-04-25T23:02:51Z,2026-05-09T23:02:51Z,orphans_remain_after_lookback,,
2026-05-10T01:48:13Z,637,2026-04-25T23:02:51Z,2026-05-09T23:02:51Z,orphans_remain_after_lookback,,
2026-05-10T02:49:54Z,637,2026-04-25T23:02:51Z,2026-05-09T23:02:51Z,orphans_remain_after_lookback,,
2026-05-10T03:53:02Z,637,2026-04-25T23:02:51Z,2026-05-09T23:02:51Z,orphans_remain_after_lookback,,
2026-05-10T04:53:44Z,637,2026-04-25T23:02:51Z,2026-05-09T23:02:51Z,orphans_remain_after_lookback,,
2026-05-10T05:55:43Z,637,2026-04-26T05:26:00Z,2026-05-10T05:26:00Z,orphans_remain_after_lookback,,
2026-05-10T06:56:06Z,637,2026-04-26T06:29:23Z,2026-05-10T06:29:23Z,orphans_remain_after_lookback,,
2026-05-10T07:58:57Z,637,2026-04-26T07:08:14Z,2026-05-10T07:08:14Z,orphans_remain_after_lookback,,
2026-05-10T09:00:25Z,637,2026-04-26T07:08:14Z,2026-05-10T07:08:14Z,orphans_remain_after_lookback,,
2026-05-10T10:02:58Z,637,2026-04-26T09:53:18Z,2026-05-10T09:53:18Z,orphans_remain_after_lookback,,
2026-05-10T11:07:12Z,637,2026-04-26T10:16:54Z,2026-05-10T10:16:54Z,orphans_remain_after_lookback,,
2026-05-10T12:09:53Z,637,2026-04-26T11:43:39Z,2026-05-10T11:43:39Z,orphans_remain_after_lookback,,
2026-05-10T13:10:16Z,637,2026-04-26T11:43:39Z,2026-05-10T11:43:39Z,orphans_remain_after_lookback,,
2026-05-10T14:13:00Z,637,2026-04-26T13:09:34Z,2026-05-10T13:09:34Z,orphans_remain_after_lookback,,
2026-05-10T15:14:36Z,637,2026-04-26T14:27:23Z,2026-05-10T14:27:23Z,orphans_remain_after_lookback,,
2026-05-10T16:14:44Z,637,2026-04-26T16:00:43Z,2026-05-10T16:00:43Z,orphans_remain_after_lookback,,
2026-05-10T17:17:24Z,637,2026-04-26T16:53:10Z,2026-05-10T16:53:10Z,orphans_remain_after_lookback,,
2026-05-10T18:17:41Z,637,2026-04-26T18:07:12Z,2026-05-10T18:07:12Z,orphans_remain_after_lookback,,
2026-05-10T19:19:37Z,637,2026-04-26T18:43:59Z,2026-05-10T18:43:59Z,orphans_remain_after_lookback,,
2026-05-10T20:21:48Z,637,2026-04-26T20:05:02Z,2026-05-10T20:05:02Z,orphans_remain_after_lookback,,
2026-05-10T21:24:39Z,637,2026-04-26T21:17:33Z,2026-05-10T21:17:33Z,orphans_remain_after_lookback,,
2026-05-10T22:30:59Z,637,2026-04-26T21:49:07Z,2026-05-10T21:49:07Z,orphans_remain_after_lookback,,
2026-05-10T23:38:23Z,637,2026-04-26T22:33:38Z,2026-05-10T22:33:38Z,b004_failed_after_recovery_rc_1,,
2026-05-11T00:39:19Z,637,2026-04-26T22:33:38Z,2026-05-10T22:33:38Z,orphans_remain_after_lookback,,
2026-05-11T01:42:45Z,637,2026-04-26T22:33:38Z,2026-05-10T22:33:38Z,orphans_remain_after_lookback,,
2026-05-11T02:45:35Z,637,2026-04-26T22:33:38Z,2026-05-10T22:33:38Z,orphans_remain_after_lookback,,
2026-05-11T03:54:22Z,637,2026-04-26T22:33:38Z,2026-05-10T22:33:38Z,orphans_remain_after_lookback,,
2026-05-11T05:18:18Z,637,2026-04-27T04:46:40Z,2026-05-11T04:46:40Z,orphans_remain_after_lookback,,
2026-05-11T06:23:50Z,637,2026-04-27T05:55:08Z,2026-05-11T05:55:08Z,orphans_remain_after_lookback,,
2026-05-11T07:26:04Z,637,2026-04-27T06:40:26Z,2026-05-11T06:40:26Z,orphans_remain_after_lookback,,
2026-05-11T08:29:58Z,637,2026-04-27T08:05:46Z,2026-05-11T08:05:46Z,orphans_remain_after_lookback,,
2026-05-11T09:34:37Z,637,2026-04-27T09:18:02Z,2026-05-11T09:18:02Z,orphans_remain_after_lookback,,
2026-05-11T10:40:58Z,637,2026-04-27T10:29:24Z,2026-05-11T10:29:24Z,orphans_remain_after_lookback,,
2026-05-11T11:49:07Z,637,2026-04-27T11:23:26Z,2026-05-11T11:23:26Z,b004_failed_after_recovery_rc_1,,
2026-05-11T12:51:52Z,637,2026-04-27T12:24:47Z,2026-05-11T12:24:47Z,orphans_remain_after_lookback,,
2026-05-11T13:56:20Z,637,2026-04-27T12:57:34Z,2026-05-11T12:57:34Z,orphans_remain_after_lookback,,
2026-05-11T16:24:00Z,637,2026-04-27T16:08:55Z,2026-05-11T16:08:55Z,orphans_remain_after_lookback,,
2026-05-12T05:24:28Z,637,2026-04-27T22:38:45Z,2026-05-11T22:38:45Z,b004_failed_after_recovery_rc_1,,
2026-05-12T06:25:53Z,637,2026-04-28T05:41:08Z,2026-05-12T05:41:08Z,orphans_remain_after_lookback,,
2026-05-12T07:30:17Z,637,2026-04-28T07:18:03Z,2026-05-12T07:18:03Z,orphans_remain_after_lookback,,
2026-05-12T08:37:58Z,637,2026-04-28T08:16:31Z,2026-05-12T08:16:31Z,orphans_remain_after_lookback,,
2026-05-12T09:45:57Z,637,2026-04-28T09:32:20Z,2026-05-12T09:32:20Z,orphans_remain_after_lookback,,
2026-05-12T10:50:04Z,637,2026-04-28T10:38:27Z,2026-05-12T10:38:27Z,orphans_remain_after_lookback,,
2026-05-12T11:56:48Z,637,2026-04-28T11:47:50Z,2026-05-12T11:47:50Z,orphans_remain_after_lookback,,
2026-05-12T13:07:40Z,637,2026-04-28T11:57:34Z,2026-05-12T11:57:34Z,orphans_remain_after_lookback,,
2026-05-12T14:24:56Z,637,2026-04-28T14:12:08Z,2026-05-12T14:12:08Z,b004_failed_after_recovery_rc_1,,
2026-05-12T15:44:58Z,637,2026-04-28T15:17:52Z,2026-05-12T15:17:52Z,orphans_remain_after_lookback,,
2026-05-12T16:50:18Z,637,2026-04-28T16:42:20Z,2026-05-12T16:42:20Z,orphans_remain_after_lookback,,
2026-05-12T17:53:49Z,637,2026-04-28T16:42:20Z,2026-05-12T16:42:20Z,orphans_remain_after_lookback,,
2026-05-12T18:55:25Z,637,2026-04-28T17:50:20Z,2026-05-12T17:50:20Z,orphans_remain_after_lookback,,
2026-05-12T19:56:33Z,637,2026-04-28T19:40:08Z,2026-05-12T19:40:08Z,orphans_remain_after_lookback,,
2026-05-12T21:01:16Z,637,2026-04-28T19:40:08Z,2026-05-12T19:40:08Z,orphans_remain_after_lookback,,
2026-05-12T22:04:24Z,637,2026-04-28T19:40:08Z,2026-05-12T19:40:08Z,orphans_remain_after_lookback,,
2026-05-12T23:06:48Z,637,2026-04-28T22:29:32Z,2026-05-12T22:29:32Z,orphans_remain_after_lookback,,
2026-05-13T00:12:49Z,637,2026-04-28T22:29:32Z,2026-05-12T22:29:32Z,orphans_remain_after_lookback,,
2026-05-13T01:28:02Z,637,2026-04-28T22:29:32Z,2026-05-12T22:29:32Z,orphans_remain_after_lookback,,
2026-05-13T02:29:42Z,637,2026-04-28T22:29:32Z,2026-05-12T22:29:32Z,orphans_remain_after_lookback,,
2026-05-13T03:35:37Z,637,2026-04-28T22:29:32Z,2026-05-12T22:29:32Z,orphans_remain_after_lookback,,
2026-05-13T04:35:58Z,637,2026-04-28T22:29:32Z,2026-05-12T22:29:32Z,orphans_remain_after_lookback,,
2026-05-13T05:41:01Z,637,2026-04-28T22:29:32Z,2026-05-12T22:29:32Z,orphans_remain_after_lookback,,
2026-05-13T06:47:28Z,637,2026-04-28T22:29:32Z,2026-05-12T22:29:32Z,orphans_remain_after_lookback,,
2026-05-13T07:56:18Z,637,2026-04-29T06:59:33Z,2026-05-13T06:59:33Z,orphans_remain_after_lookback,,
2026-05-13T09:10:50Z,637,2026-04-29T08:37:49Z,2026-05-13T08:37:49Z,orphans_remain_after_lookback,,
2026-05-13T10:12:29Z,637,2026-04-29T10:03:27Z,2026-05-13T10:03:27Z,orphans_remain_after_lookback,,
2026-05-13T11:12:37Z,637,2026-04-29T10:31:13Z,2026-05-13T10:31:13Z,orphans_remain_after_lookback,,
2026-05-13T12:23:22Z,637,2026-04-29T11:57:42Z,2026-05-13T11:57:42Z,orphans_remain_after_lookback,,
2026-05-13T13:24:41Z,637,2026-04-29T13:09:22Z,2026-05-13T13:09:22Z,orphans_remain_after_lookback,,
2026-05-13T14:27:37Z,637,2026-04-29T13:26:03Z,2026-05-13T13:26:03Z,orphans_remain_after_lookback,,
2026-05-13T15:29:41Z,637,2026-04-29T14:54:54Z,2026-05-13T14:54:54Z,orphans_remain_after_lookback,,
2026-05-13T16:36:00Z,637,2026-04-29T14:54:54Z,2026-05-13T14:54:54Z,orphans_remain_after_lookback,,
2026-05-13T17:36:02Z,637,2026-04-29T14:54:54Z,2026-05-13T14:54:54Z,orphans_remain_after_lookback,,
2026-05-13T18:40:06Z,637,2026-04-29T17:47:36Z,2026-05-13T17:47:36Z,orphans_remain_after_lookback,,
2026-05-13T19:40:47Z,637,2026-04-29T18:44:20Z,2026-05-13T18:44:20Z,orphans_remain_after_lookback,,
2026-05-13T20:42:25Z,637,2026-04-29T20:35:06Z,2026-05-13T20:35:06Z,orphans_remain_after_lookback,,
2026-05-13T21:44:58Z,637,2026-04-29T20:49:23Z,2026-05-13T20:49:23Z,orphans_remain_after_lookback,,
2026-05-13T22:48:09Z,637,2026-04-29T21:48:00Z,2026-05-13T21:48:00Z,orphans_remain_after_lookback,,
2026-05-13T23:48:16Z,637,2026-04-29T21:48:00Z,2026-05-13T21:48:00Z,orphans_remain_after_lookback,,
2026-05-14T00:50:06Z,637,2026-04-29T21:48:00Z,2026-05-13T21:48:00Z,orphans_remain_after_lookback,,
2026-05-14T01:52:29Z,637,2026-04-29T21:48:00Z,2026-05-13T21:48:00Z,orphans_remain_after_lookback,,
2026-05-14T02:55:41Z,637,2026-04-29T21:48:00Z,2026-05-13T21:48:00Z,orphans_remain_after_lookback,,
2026-05-14T03:58:53Z,637,2026-04-29T21:48:00Z,2026-05-13T21:48:00Z,orphans_remain_after_lookback,,
2026-05-14T05:17:47Z,637,2026-04-29T21:48:00Z,2026-05-13T21:48:00Z,orphans_remain_after_lookback,,
2026-05-14T06:21:20Z,637,2026-04-29T21:48:00Z,2026-05-13T21:48:00Z,orphans_remain_after_lookback,,
2026-05-14T07:23:32Z,637,2026-04-30T06:35:43Z,2026-05-14T06:35:43Z,orphans_remain_after_lookback,,
2026-05-14T08:27:17Z,637,2026-04-30T08:14:16Z,2026-05-14T08:14:16Z,orphans_remain_after_lookback,,
2026-05-14T09:32:23Z,637,2026-04-30T08:14:16Z,2026-05-14T08:14:16Z,orphans_remain_after_lookback,,
2026-05-14T10:35:42Z,637,2026-04-30T09:55:51Z,2026-05-14T09:55:51Z,orphans_remain_after_lookback,,
2026-05-14T11:40:34Z,637,2026-04-30T10:50:55Z,2026-05-14T10:50:55Z,orphans_remain_after_lookback,,
2026-05-14T12:45:39Z,637,2026-04-30T10:50:55Z,2026-05-14T10:50:55Z,orphans_remain_after_lookback,,
2026-05-14T13:54:43Z,637,2026-04-30T13:22:33Z,2026-05-14T13:22:33Z,b004_failed_after_recovery_rc_1,,
2026-05-14T14:58:21Z,637,2026-04-30T14:51:44Z,2026-05-14T14:51:44Z,orphans_remain_after_lookback,,
2026-05-14T16:02:37Z,637,2026-04-30T15:56:07Z,2026-05-14T15:56:07Z,orphans_remain_after_lookback,,
2026-05-14T17:05:02Z,637,2026-04-30T16:44:29Z,2026-05-14T16:44:29Z,orphans_remain_after_lookback,,
2026-05-14T18:10:28Z,637,2026-04-30T17:42:23Z,2026-05-14T17:42:23Z,orphans_remain_after_lookback,,
2026-05-14T19:15:28Z,637,2026-04-30T19:08:12Z,2026-05-14T19:08:12Z,orphans_remain_after_lookback,,
2026-05-14T20:19:48Z,637,2026-04-30T20:10:07Z,2026-05-14T20:10:07Z,orphans_remain_after_lookback,,
2026-05-14T21:23:35Z,637,2026-04-30T21:06:57Z,2026-05-14T21:06:57Z,orphans_remain_after_lookback,,
2026-05-14T22:28:55Z,637,2026-04-30T22:07:30Z,2026-05-14T22:07:30Z,orphans_remain_after_lookback,,
2026-05-14T23:34:41Z,637,2026-04-30T23:20:08Z,2026-05-14T23:20:08Z,b004_failed_after_recovery_rc_1,,
2026-05-15T00:35:09Z,637,2026-04-30T23:20:08Z,2026-05-14T23:20:08Z,orphans_remain_after_lookback,,
2026-05-15T01:38:21Z,637,2026-04-30T23:20:08Z,2026-05-14T23:20:08Z,orphans_remain_after_lookback,,
2026-05-15T02:42:52Z,637,2026-05-01T01:57:48Z,2026-05-15T01:57:48Z,orphans_remain_after_lookback,,
2026-05-15T03:46:27Z,637,2026-05-01T02:57:11Z,2026-05-15T02:57:11Z,orphans_remain_after_lookback,,
2026-05-15T04:49:05Z,637,2026-05-01T04:23:38Z,2026-05-15T04:23:38Z,orphans_remain_after_lookback,,
2026-05-15T05:52:56Z,637,2026-05-01T04:23:38Z,2026-05-15T04:23:38Z,orphans_remain_after_lookback,,
2026-05-15T06:56:04Z,637,2026-05-01T06:06:15Z,2026-05-15T06:06:15Z,orphans_remain_after_lookback,,
2026-05-15T07:58:56Z,637,2026-05-01T07:27:59Z,2026-05-15T07:27:59Z,orphans_remain_after_lookback,,
2026-05-15T09:01:30Z,637,2026-05-01T08:12:24Z,2026-05-15T08:12:24Z,orphans_remain_after_lookback,,
2026-05-15T10:06:10Z,637,2026-05-01T09:32:28Z,2026-05-15T09:32:28Z,orphans_remain_after_lookback,,
2026-05-15T11:10:16Z,637,2026-05-01T10:48:33Z,2026-05-15T10:48:33Z,orphans_remain_after_lookback,,
2026-05-15T12:14:42Z,637,2026-05-01T11:05:52Z,2026-05-15T11:05:52Z,orphans_remain_after_lookback,,
2026-05-15T13:18:54Z,637,2026-05-01T13:08:59Z,2026-05-15T13:08:59Z,orphans_remain_after_lookback,,
2026-05-15T14:23:51Z,637,2026-05-01T14:14:31Z,2026-05-15T14:14:31Z,orphans_remain_after_lookback,,
2026-05-15T15:27:29Z,637,2026-05-01T15:12:11Z,2026-05-15T15:12:11Z,orphans_remain_after_lookback,,
2026-05-15T16:31:14Z,637,2026-05-01T15:52:57Z,2026-05-15T15:52:57Z,orphans_remain_after_lookback,,
2026-05-15T17:35:45Z,637,2026-05-01T17:13:22Z,2026-05-15T17:13:22Z,orphans_remain_after_lookback,,
2026-05-15T18:38:39Z,637,2026-05-01T18:31:56Z,2026-05-15T18:31:56Z,orphans_remain_after_lookback,,
2026-05-15T19:41:11Z,637,2026-05-01T19:32:06Z,2026-05-15T19:32:06Z,orphans_remain_after_lookback,,
2026-05-15T20:47:01Z,637,2026-05-01T20:13:08Z,2026-05-15T20:13:08Z,b004_failed_after_recovery_rc_1,,
2026-05-15T21:49:13Z,637,2026-05-01T20:56:55Z,2026-05-15T20:56:55Z,orphans_remain_after_lookback,,
2026-05-15T22:54:13Z,637,2026-05-01T22:04:51Z,2026-05-15T22:04:51Z,orphans_remain_after_lookback,,
2026-05-15T23:57:55Z,637,2026-05-01T23:32:04Z,2026-05-15T23:32:04Z,orphans_remain_after_lookback,,
2026-05-16T01:02:48Z,637,2026-05-01T23:32:04Z,2026-05-15T23:32:04Z,orphans_remain_after_lookback,,
2026-05-16T02:05:46Z,637,2026-05-01T23:32:04Z,2026-05-15T23:32:04Z,orphans_remain_after_lookback,,
2026-05-16T03:09:07Z,637,2026-05-01T23:32:04Z,2026-05-15T23:32:04Z,orphans_remain_after_lookback,,
2026-05-16T04:14:37Z,637,2026-05-01T23:32:04Z,2026-05-15T23:32:04Z,orphans_remain_after_lookback,,
2026-05-16T05:21:31Z,637,2026-05-01T23:32:04Z,2026-05-15T23:32:04Z,orphans_remain_after_lookback,,
2026-05-16T06:28:08Z,637,2026-05-02T05:58:51Z,2026-05-16T05:58:51Z,orphans_remain_after_lookback,,
2026-05-16T07:35:15Z,637,2026-05-02T05:58:51Z,2026-05-16T05:58:51Z,orphans_remain_after_lookback,,
2026-05-16T08:42:26Z,637,2026-05-02T08:16:06Z,2026-05-16T08:16:06Z,orphans_remain_after_lookback,,
2026-05-16T09:42:41Z,637,2026-05-02T09:31:35Z,2026-05-16T09:31:35Z,orphans_remain_after_lookback,,
2026-05-16T10:48:15Z,637,2026-05-02T10:43:12Z,2026-05-16T10:43:12Z,orphans_remain_after_lookback,,
2026-05-16T11:51:35Z,637,2026-05-02T11:27:24Z,2026-05-16T11:27:24Z,orphans_remain_after_lookback,,
2026-05-16T12:56:37Z,637,2026-05-02T12:49:07Z,2026-05-16T12:49:07Z,orphans_remain_after_lookback,,
2026-05-16T14:04:33Z,637,2026-05-02T13:50:36Z,2026-05-16T13:50:36Z,orphans_remain_after_lookback,,
2026-05-16T15:04:45Z,637,2026-05-02T14:47:55Z,2026-05-16T14:47:55Z,orphans_remain_after_lookback,,
2026-05-16T16:10:02Z,637,2026-05-02T16:04:20Z,2026-05-16T16:04:20Z,orphans_remain_after_lookback,,
2026-05-16T17:16:58Z,637,2026-05-02T16:04:20Z,2026-05-16T16:04:20Z,orphans_remain_after_lookback,,
2026-05-16T18:20:52Z,637,2026-05-02T17:36:04Z,2026-05-16T17:36:04Z,orphans_remain_after_lookback,,
2026-05-16T19:26:37Z,637,2026-05-02T19:13:17Z,2026-05-16T19:13:17Z,orphans_remain_after_lookback,,
2026-05-16T20:33:28Z,637,2026-05-02T19:51:51Z,2026-05-16T19:51:51Z,orphans_remain_after_lookback,,
2026-05-16T21:40:08Z,637,2026-05-02T21:34:40Z,2026-05-16T21:34:40Z,orphans_remain_after_lookback,,
2026-05-16T22:42:02Z,637,2026-05-02T21:49:51Z,2026-05-16T21:49:51Z,orphans_remain_after_lookback,,
2026-05-16T23:47:10Z,637,2026-05-02T21:49:51Z,2026-05-16T21:49:51Z,orphans_remain_after_lookback,,
2026-05-17T00:55:28Z,637,2026-05-02T21:49:51Z,2026-05-16T21:49:51Z,orphans_remain_after_lookback,,
2026-05-17T01:56:09Z,637,2026-05-02T21:49:51Z,2026-05-16T21:49:51Z,orphans_remain_after_lookback,,
2026-05-17T03:01:04Z,637,2026-05-03T02:12:47Z,2026-05-17T02:12:47Z,orphans_remain_after_lookback,,
2026-05-17T04:05:55Z,637,2026-05-03T02:12:47Z,2026-05-17T02:12:47Z,orphans_remain_after_lookback,,
2026-05-17T05:08:17Z,637,2026-05-03T02:12:47Z,2026-05-17T02:12:47Z,orphans_remain_after_lookback,,
2026-05-17T06:15:11Z,637,2026-05-03T05:56:09Z,2026-05-17T05:56:09Z,b004_failed_after_recovery_rc_1,,
2026-05-17T07:13:16Z,637,2026-05-03T05:56:09Z,2026-05-17T05:56:09Z,orphans_remain_after_lookback,,
2026-05-17T08:15:38Z,637,2026-05-03T08:08:43Z,2026-05-17T08:08:43Z,orphans_remain_after_lookback,,
2026-05-17T09:17:11Z,637,2026-05-03T09:10:09Z,2026-05-17T09:10:09Z,orphans_remain_after_lookback,,
2026-05-17T10:21:54Z,637,2026-05-03T10:06:28Z,2026-05-17T10:06:28Z,orphans_remain_after_lookback,,
2026-05-17T11:26:45Z,637,2026-05-03T10:48:52Z,2026-05-17T10:48:52Z,orphans_remain_after_lookback,,
2026-05-17T12:30:09Z,637,2026-05-03T12:15:26Z,2026-05-17T12:15:26Z,orphans_remain_after_lookback,,
2026-05-17T13:34:41Z,637,2026-05-03T13:14:14Z,2026-05-17T13:14:14Z,orphans_remain_after_lookback,,
2026-05-17T14:43:23Z,637,2026-05-03T14:29:06Z,2026-05-17T14:29:06Z,orphans_remain_after_lookback,,
2026-05-17T15:45:17Z,637,2026-05-03T15:03:52Z,2026-05-17T15:03:52Z,orphans_remain_after_lookback,,
2026-05-17T16:55:26Z,637,2026-05-03T16:29:19Z,2026-05-17T16:29:19Z,orphans_remain_after_lookback,,
2026-05-17T18:01:13Z,637,2026-05-03T17:49:16Z,2026-05-17T17:49:16Z,b004_failed_after_recovery_rc_1,,
2026-05-17T19:09:54Z,637,2026-05-03T17:49:16Z,2026-05-17T17:49:16Z,orphans_remain_after_lookback,,
2026-05-17T20:14:21Z,637,2026-05-03T19:33:12Z,2026-05-17T19:33:12Z,orphans_remain_after_lookback,,
2026-05-17T21:21:38Z,637,2026-05-03T21:14:15Z,2026-05-17T21:14:15Z,orphans_remain_after_lookback,,
2026-05-17T22:24:18Z,637,2026-05-03T21:54:36Z,2026-05-17T21:54:36Z,orphans_remain_after_lookback,,
2026-05-17T23:29:19Z,637,2026-05-03T23:15:02Z,2026-05-17T23:15:02Z,orphans_remain_after_lookback,,
2026-05-18T00:41:12Z,637,2026-05-03T23:36:04Z,2026-05-17T23:36:04Z,orphans_remain_after_lookback,,
2026-05-18T01:48:43Z,637,2026-05-03T23:36:04Z,2026-05-17T23:36:04Z,orphans_remain_after_lookback,,
2026-05-18T02:56:33Z,637,2026-05-04T02:13:25Z,2026-05-18T02:13:25Z,b004_failed_after_recovery_rc_1,,
2026-05-18T03:58:50Z,637,2026-05-04T02:13:25Z,2026-05-18T02:13:25Z,orphans_remain_after_lookback,,
2026-05-18T05:06:22Z,637,2026-05-04T03:57:42Z,2026-05-18T03:57:42Z,orphans_remain_after_lookback,,
2026-05-18T06:13:53Z,637,2026-05-04T03:57:42Z,2026-05-18T03:57:42Z,orphans_remain_after_lookback,,
2026-05-18T07:19:23Z,637,2026-05-04T03:57:42Z,2026-05-18T03:57:42Z,orphans_remain_after_lookback,,
2026-05-18T08:28:58Z,637,2026-05-04T08:19:04Z,2026-05-18T08:19:04Z,orphans_remain_after_lookback,,
2026-05-18T09:39:12Z,637,2026-05-04T09:27:11Z,2026-05-18T09:27:11Z,orphans_remain_after_lookback,,
2026-05-18T10:56:06Z,637,2026-05-04T10:14:29Z,2026-05-18T10:14:29Z,orphans_remain_after_lookback,,
2026-05-18T11:16:44Z,637,2026-05-04T11:08:28Z,2026-05-18T11:08:28Z,orphans_remain_after_lookback,,
2026-05-18T12:18:42Z,637,2026-05-04T12:09:31Z,2026-05-18T12:09:31Z,orphans_remain_after_lookback,,
2026-05-18T13:23:28Z,637,2026-05-04T13:00:51Z,2026-05-18T13:00:51Z,orphans_remain_after_lookback,,
2026-05-18T14:31:00Z,637,2026-05-04T14:19:41Z,2026-05-18T14:19:41Z,orphans_remain_after_lookback,,
2026-05-18T15:41:08Z,637,2026-05-04T15:34:26Z,2026-05-18T15:34:26Z,orphans_remain_after_lookback,,
2026-05-18T16:46:05Z,637,2026-05-04T16:25:50Z,2026-05-18T16:25:50Z,orphans_remain_after_lookback,,
2026-05-18T17:48:47Z,637,2026-05-04T17:13:52Z,2026-05-18T17:13:52Z,b004_failed_after_recovery_rc_1,,
2026-05-18T18:47:53Z,637,2026-05-04T18:21:01Z,2026-05-18T18:21:01Z,orphans_remain_after_lookback,,
2026-05-18T19:50:25Z,637,2026-05-04T19:36:26Z,2026-05-18T19:36:26Z,orphans_remain_after_lookback,,
2026-05-18T20:56:03Z,637,2026-05-04T19:59:50Z,2026-05-18T19:59:50Z,orphans_remain_after_lookback,,
2026-05-18T22:04:14Z,637,2026-05-04T21:43:25Z,2026-05-18T21:43:25Z,orphans_remain_after_lookback,,
2026-05-18T23:13:23Z,637,2026-05-04T22:36:54Z,2026-05-18T22:36:54Z,b004_failed_after_recovery_rc_1,,
2026-05-19T00:21:00Z,637,2026-05-04T22:36:54Z,2026-05-18T22:36:54Z,orphans_remain_after_lookback,,
2026-05-19T01:30:38Z,637,2026-05-04T22:36:54Z,2026-05-18T22:36:54Z,orphans_remain_after_lookback,,
2026-05-19T02:36:57Z,637,2026-05-04T22:36:54Z,2026-05-18T22:36:54Z,orphans_remain_after_lookback,,
2026-05-19T03:43:49Z,637,2026-05-04T22:36:54Z,2026-05-18T22:36:54Z,orphans_remain_after_lookback,,
2026-05-19T04:47:40Z,637,2026-05-04T22:36:54Z,2026-05-18T22:36:54Z,orphans_remain_after_lookback,,
2026-05-19T05:48:07Z,638,2026-05-05T05:38:09Z,2026-05-19T05:38:09Z,orphans_remain_after_lookback,,
2026-05-19T06:51:58Z,638,2026-05-05T05:38:09Z,2026-05-19T05:38:09Z,orphans_remain_after_lookback,,
2026-05-19T07:57:21Z,638,2026-05-05T05:38:09Z,2026-05-19T05:38:09Z,orphans_remain_after_lookback,,
2026-05-19T09:17:41Z,638,2026-05-05T08:35:38Z,2026-05-19T08:35:38Z,b004_failed_after_recovery_rc_1,,
2026-05-19T10:15:02Z,638,2026-05-05T09:49:28Z,2026-05-19T09:49:28Z,orphans_remain_after_lookback,,
2026-05-19T10:19:30Z,638,2026-05-05T09:49:28Z,2026-05-19T09:49:28Z,orphans_remain_after_lookback,,
2026-05-19T10:23:41Z,638,2026-05-05T09:49:28Z,2026-05-19T09:49:28Z,orphans_remain_after_lookback,,
2026-05-19T10:27:58Z,638,2026-05-05T09:49:28Z,2026-05-19T09:49:28Z,orphans_remain_after_lookback,,
2026-05-19T11:31:17Z,638,2026-05-05T10:48:42Z,2026-05-19T10:48:42Z,orphans_remain_after_lookback,,
2026-05-19T12:35:22Z,638,2026-05-05T12:08:14Z,2026-05-19T12:08:14Z,orphans_remain_after_lookback,,
2026-05-19T13:36:34Z,638,2026-05-05T13:08:48Z,2026-05-19T13:08:48Z,orphans_remain_after_lookback,,
2026-05-19T14:41:50Z,638,2026-05-05T14:30:25Z,2026-05-19T14:30:25Z,orphans_remain_after_lookback,,
2026-05-19T14:45:22Z,638,2026-05-05T14:30:25Z,2026-05-19T14:30:25Z,orphans_remain_after_lookback,,
2026-05-19T15:55:46Z,638,2026-05-05T15:48:04Z,2026-05-19T15:48:04Z,b004_failed_after_recovery_rc_1,,
2026-05-19T16:56:19Z,638,2026-05-05T15:48:04Z,2026-05-19T15:48:04Z,orphans_remain_after_lookback,,
2026-05-19T18:01:05Z,638,2026-05-05T15:48:04Z,2026-05-19T15:48:04Z,orphans_remain_after_lookback,,
2026-05-19T19:02:32Z,638,2026-05-05T18:48:07Z,2026-05-19T18:48:07Z,orphans_remain_after_lookback,,
2026-05-19T20:08:48Z,638,2026-05-05T20:02:01Z,2026-05-19T20:02:01Z,orphans_remain_after_lookback,,
2026-05-19T21:13:59Z,638,2026-05-05T20:07:33Z,2026-05-19T20:07:33Z,orphans_remain_after_lookback,,
2026-05-19T22:18:28Z,638,2026-05-05T20:07:33Z,2026-05-19T20:07:33Z,orphans_remain_after_lookback,,
2026-05-19T23:23:13Z,638,2026-05-05T22:30:00Z,2026-05-19T22:30:00Z,b004_failed_after_recovery_rc_1,,
2026-05-20T00:21:40Z,638,2026-05-05T22:30:00Z,2026-05-19T22:30:00Z,orphans_remain_after_lookback,,
2026-05-20T01:26:00Z,638,2026-05-05T22:30:00Z,2026-05-19T22:30:00Z,orphans_remain_after_lookback,,
2026-05-20T02:33:38Z,638,2026-05-05T22:30:00Z,2026-05-19T22:30:00Z,orphans_remain_after_lookback,,
2026-05-20T03:39:51Z,638,2026-05-05T22:30:00Z,2026-05-19T22:30:00Z,orphans_remain_after_lookback,,
2026-05-20T04:47:12Z,638,2026-05-05T22:30:00Z,2026-05-19T22:30:00Z,orphans_remain_after_lookback,,
2026-05-20T05:51:29Z,638,2026-05-06T05:17:18Z,2026-05-20T05:17:18Z,orphans_remain_after_lookback,,
2026-05-20T06:51:31Z,638,2026-05-06T05:17:18Z,2026-05-20T05:17:18Z,orphans_remain_after_lookback,,
2026-05-20T07:58:22Z,638,2026-05-06T07:26:26Z,2026-05-20T07:26:26Z,orphans_remain_after_lookback,,
2026-05-20T09:01:10Z,638,2026-05-06T08:38:05Z,2026-05-20T08:38:05Z,orphans_remain_after_lookback,,
2026-05-20T10:04:01Z,638,2026-05-06T09:28:44Z,2026-05-20T09:28:44Z,orphans_remain_after_lookback,,
2026-05-20T11:07:17Z,638,2026-05-06T11:00:24Z,2026-05-20T11:00:24Z,orphans_remain_after_lookback,,
2026-05-20T12:13:33Z,638,2026-05-06T12:03:53Z,2026-05-20T12:03:53Z,orphans_remain_after_lookback,,
2026-05-20T13:15:49Z,638,2026-05-06T13:05:38Z,2026-05-20T13:05:38Z,orphans_remain_after_lookback,,
2026-05-20T13:19:49Z,638,2026-05-06T13:05:38Z,2026-05-20T13:05:38Z,orphans_remain_after_lookback,,
2026-05-20T13:23:42Z,638,2026-05-06T13:05:38Z,2026-05-20T13:05:38Z,orphans_remain_after_lookback,,
2026-05-20T14:28:12Z,638,2026-05-06T14:19:12Z,2026-05-20T14:19:12Z,orphans_remain_after_lookback,,
2026-05-20T14:34:38Z,638,2026-05-06T14:19:12Z,2026-05-20T14:19:12Z,orphans_remain_after_lookback,,
2026-05-20T14:38:52Z,638,2026-05-06T14:19:12Z,2026-05-20T14:19:12Z,orphans_remain_after_lookback,,
2026-05-20T14:42:46Z,638,2026-05-06T14:19:12Z,2026-05-20T14:19:12Z,orphans_remain_after_lookback,,
2026-05-20T14:47:14Z,638,2026-05-06T14:19:12Z,2026-05-20T14:19:12Z,orphans_remain_after_lookback,,
2026-05-20T15:06:21Z,638,2026-05-06T14:56:23Z,2026-05-20T14:56:23Z,orphans_remain_after_lookback,,
2026-05-20T20:54:23Z,638,2026-05-06T19:19:20Z,2026-05-20T19:19:20Z,b004_failed_after_recovery_rc_1,,
2026-05-20T20:54:26Z,638,2026-05-06T19:19:20Z,2026-05-20T19:19:20Z,orphans_remain_after_lookback,,
2026-05-20T21:59:09Z,638,2026-05-06T21:44:36Z,2026-05-20T21:44:36Z,orphans_remain_after_lookback,,
2026-05-20T22:02:48Z,638,2026-05-06T21:44:36Z,2026-05-20T21:44:36Z,orphans_remain_after_lookback,,
2026-05-20T22:08:31Z,638,2026-05-06T21:44:36Z,2026-05-20T21:44:36Z,b007_failed_after_recovery_rc_1,,
2026-05-20T22:08:40Z,638,2026-05-06T21:44:36Z,2026-05-20T21:44:36Z,orphans_remain_after_lookback,,
2026-05-20T22:12:49Z,638,2026-05-06T21:44:36Z,2026-05-20T21:44:36Z,orphans_remain_after_lookback,,
2026-05-20T22:24:00Z,638,2026-05-06T21:44:36Z,2026-05-20T21:44:36Z,orphans_remain_after_lookback,,
2026-05-20T23:25:18Z,638,2026-05-06T21:44:36Z,2026-05-20T21:44:36Z,orphans_remain_after_lookback,,
2026-05-20T23:28:45Z,638,2026-05-06T21:44:36Z,2026-05-20T21:44:36Z,orphans_remain_after_lookback,,
2026-05-20T23:32:14Z,638,2026-05-06T21:44:36Z,2026-05-20T21:44:36Z,orphans_remain_after_lookback,,
2026-05-21T00:35:35Z,638,2026-05-06T23:42:06Z,2026-05-20T23:42:06Z,orphans_remain_after_lookback,,
2026-05-21T00:39:10Z,638,2026-05-06T23:42:06Z,2026-05-20T23:42:06Z,orphans_remain_after_lookback,,
2026-05-21T01:40:12Z,638,2026-05-06T23:42:06Z,2026-05-20T23:42:06Z,orphans_remain_after_lookback,,
2026-05-21T02:42:04Z,638,2026-05-06T23:42:06Z,2026-05-20T23:42:06Z,orphans_remain_after_lookback,,
2026-05-21T03:43:10Z,638,2026-05-06T23:42:06Z,2026-05-20T23:42:06Z,orphans_remain_after_lookback,,
2026-05-21T04:50:07Z,638,2026-05-06T23:42:06Z,2026-05-20T23:42:06Z,orphans_remain_after_lookback,,
2026-05-21T05:56:15Z,638,2026-05-07T05:16:31Z,2026-05-21T05:16:31Z,orphans_remain_after_lookback,,
2026-05-21T06:56:53Z,638,2026-05-07T06:29:27Z,2026-05-21T06:29:27Z,orphans_remain_after_lookback,,
2026-05-21T07:00:43Z,638,2026-05-07T06:29:27Z,2026-05-21T06:29:27Z,orphans_remain_after_lookback,,
2026-05-21T07:04:38Z,638,2026-05-07T06:29:27Z,2026-05-21T06:29:27Z,orphans_remain_after_lookback,,
2026-05-21T07:08:18Z,638,2026-05-07T06:29:27Z,2026-05-21T06:29:27Z,orphans_remain_after_lookback,,
2026-05-21T07:12:38Z,638,2026-05-07T06:29:27Z,2026-05-21T06:29:27Z,orphans_remain_after_lookback,,
2026-05-21T07:26:08Z,638,2026-05-07T07:00:41Z,2026-05-21T07:00:41Z,orphans_remain_after_lookback,,
2026-05-21T08:30:49Z,638,2026-05-07T07:00:41Z,2026-05-21T07:00:41Z,orphans_remain_after_lookback,,
2026-05-21T08:34:26Z,638,2026-05-07T07:00:41Z,2026-05-21T07:00:41Z,orphans_remain_after_lookback,,
2026-05-21T09:41:37Z,638,2026-05-07T09:27:37Z,2026-05-21T09:27:37Z,orphans_remain_after_lookback,,
2026-05-21T09:45:57Z,638,2026-05-07T09:27:37Z,2026-05-21T09:27:37Z,orphans_remain_after_lookback,,
2026-05-21T10:52:01Z,638,2026-05-07T10:40:13Z,2026-05-21T10:40:13Z,orphans_remain_after_lookback,,
2026-05-21T12:04:17Z,638,2026-05-07T11:06:36Z,2026-05-21T11:06:36Z,b004_failed_after_recovery_rc_1,,
2026-05-21T13:06:59Z,638,2026-05-07T12:57:41Z,2026-05-21T12:57:41Z,orphans_remain_after_lookback,,
2026-05-21T13:11:09Z,638,2026-05-07T12:57:41Z,2026-05-21T12:57:41Z,orphans_remain_after_lookback,,
2026-05-21T14:11:22Z,638,2026-05-07T12:57:41Z,2026-05-21T12:57:41Z,orphans_remain_after_lookback,,
2026-05-21T15:22:55Z,638,2026-05-07T14:52:03Z,2026-05-21T14:52:03Z,b004_failed_after_recovery_rc_1,,
2026-05-21T15:22:58Z,638,2026-05-07T14:52:03Z,2026-05-21T14:52:03Z,orphans_remain_after_lookback,,
2026-05-21T16:24:45Z,638,2026-05-07T15:45:10Z,2026-05-21T15:45:10Z,orphans_remain_after_lookback,,
2026-05-21T17:30:07Z,638,2026-05-07T17:05:35Z,2026-05-21T17:05:35Z,b004_failed_after_recovery_rc_1,,
2026-05-21T18:30:53Z,638,2026-05-07T18:16:41Z,2026-05-21T18:16:41Z,orphans_remain_after_lookback,,
2026-05-21T19:32:12Z,638,2026-05-07T18:16:41Z,2026-05-21T18:16:41Z,orphans_remain_after_lookback,,
2026-05-21T20:34:36Z,638,2026-05-07T20:16:58Z,2026-05-21T20:16:58Z,orphans_remain_after_lookback,,
2026-05-21T20:38:18Z,638,2026-05-07T20:16:58Z,2026-05-21T20:16:58Z,orphans_remain_after_lookback,,
2026-05-21T20:42:18Z,638,2026-05-07T20:16:58Z,2026-05-21T20:16:58Z,orphans_remain_after_lookback,,
2026-05-21T20:46:06Z,638,2026-05-07T20:16:58Z,2026-05-21T20:16:58Z,orphans_remain_after_lookback,,
2026-05-21T21:51:06Z,638,2026-05-07T21:05:20Z,2026-05-21T21:05:20Z,orphans_remain_after_lookback,,
2026-05-21T21:55:47Z,638,2026-05-07T21:05:20Z,2026-05-21T21:05:20Z,orphans_remain_after_lookback,,
2026-05-21T21:59:45Z,638,2026-05-07T21:05:20Z,2026-05-21T21:05:20Z,orphans_remain_after_lookback,,
2026-05-21T22:03:25Z,638,2026-05-07T21:05:20Z,2026-05-21T21:05:20Z,orphans_remain_after_lookback,,
2026-05-21T22:07:34Z,638,2026-05-07T21:05:20Z,2026-05-21T21:05:20Z,orphans_remain_after_lookback,,
2026-05-21T23:11:57Z,638,2026-05-07T22:38:39Z,2026-05-21T22:38:39Z,orphans_remain_after_lookback,,
2026-05-21T23:15:39Z,638,2026-05-07T22:38:39Z,2026-05-21T22:38:39Z,orphans_remain_after_lookback,,
2026-05-22T00:17:07Z,638,2026-05-07T23:57:01Z,2026-05-21T23:57:01Z,orphans_remain_after_lookback,,
2026-05-22T00:20:32Z,638,2026-05-07T23:57:01Z,2026-05-21T23:57:01Z,orphans_remain_after_lookback,,
2026-05-22T00:24:13Z,638,2026-05-07T23:57:01Z,2026-05-21T23:57:01Z,orphans_remain_after_lookback,,
2026-05-22T00:27:53Z,638,2026-05-07T23:57:01Z,2026-05-21T23:57:01Z,orphans_remain_after_lookback,,
2026-05-22T00:32:10Z,638,2026-05-07T23:57:01Z,2026-05-21T23:57:01Z,orphans_remain_after_lookback,,
2026-05-22T00:49:08Z,638,2026-05-08T00:23:40Z,2026-05-22T00:23:40Z,orphans_remain_after_lookback,,
2026-05-22T00:52:50Z,638,2026-05-08T00:23:40Z,2026-05-22T00:23:40Z,orphans_remain_after_lookback,,
2026-05-22T00:56:28Z,638,2026-05-08T00:23:40Z,2026-05-22T00:23:40Z,orphans_remain_after_lookback,,
2026-05-22T01:00:14Z,638,2026-05-08T00:23:40Z,2026-05-22T00:23:40Z,orphans_remain_after_lookback,,
2026-05-22T02:01:26Z,638,2026-05-08T00:23:40Z,2026-05-22T00:23:40Z,orphans_remain_after_lookback,,
2026-05-22T02:05:01Z,638,2026-05-08T00:23:40Z,2026-05-22T00:23:40Z,orphans_remain_after_lookback,,
2026-05-22T02:08:34Z,638,2026-05-08T00:23:40Z,2026-05-22T00:23:40Z,orphans_remain_after_lookback,,
2026-05-22T03:09:50Z,638,2026-05-08T02:58:01Z,2026-05-22T02:58:01Z,orphans_remain_after_lookback,,
2026-05-22T03:13:26Z,638,2026-05-08T02:58:01Z,2026-05-22T02:58:01Z,orphans_remain_after_lookback,,
2026-05-22T04:15:55Z,638,2026-05-08T02:58:01Z,2026-05-22T02:58:01Z,orphans_remain_after_lookback,,
2026-05-22T05:16:03Z,638,2026-05-08T05:05:46Z,2026-05-22T05:05:46Z,orphans_remain_after_lookback,,
2026-05-22T05:19:23Z,638,2026-05-08T05:05:46Z,2026-05-22T05:05:46Z,orphans_remain_after_lookback,,
2026-05-22T05:23:06Z,638,2026-05-08T05:05:46Z,2026-05-22T05:05:46Z,orphans_remain_after_lookback,,
2026-05-22T05:26:46Z,638,2026-05-08T05:05:46Z,2026-05-22T05:05:46Z,orphans_remain_after_lookback,,
2026-05-22T05:31:08Z,638,2026-05-08T05:05:46Z,2026-05-22T05:05:46Z,orphans_remain_after_lookback,,
2026-05-22T05:45:56Z,638,2026-05-08T05:29:18Z,2026-05-22T05:29:18Z,orphans_remain_after_lookback,,
2026-05-22T05:49:40Z,638,2026-05-08T05:29:18Z,2026-05-22T05:29:18Z,orphans_remain_after_lookback,,
2026-05-22T05:53:28Z,638,2026-05-08T05:29:18Z,2026-05-22T05:29:18Z,orphans_remain_after_lookback,,
2026-05-22T06:55:40Z,638,2026-05-08T05:29:18Z,2026-05-22T05:29:18Z,orphans_remain_after_lookback,,
2026-05-22T06:59:29Z,638,2026-05-08T05:29:18Z,2026-05-22T05:29:18Z,orphans_remain_after_lookback,,
2026-05-22T07:03:02Z,638,2026-05-08T05:29:18Z,2026-05-22T05:29:18Z,orphans_remain_after_lookback,,
2026-05-22T07:06:32Z,638,2026-05-08T05:29:18Z,2026-05-22T05:29:18Z,orphans_remain_after_lookback,,
2026-05-22T07:10:35Z,638,2026-05-08T05:29:18Z,2026-05-22T05:29:18Z,orphans_remain_after_lookback,,
2026-05-22T07:28:26Z,638,2026-05-08T07:11:05Z,2026-05-22T07:11:05Z,orphans_remain_after_lookback,,
2026-05-22T07:32:19Z,638,2026-05-08T07:11:05Z,2026-05-22T07:11:05Z,orphans_remain_after_lookback,,
2026-05-22T08:36:34Z,638,2026-05-08T08:13:31Z,2026-05-22T08:13:31Z,orphans_remain_after_lookback,,
2026-05-22T09:47:08Z,638,2026-05-08T08:44:41Z,2026-05-22T08:44:41Z,orphans_remain_after_lookback,,
2026-05-22T11:21:25Z,638,2026-05-08T11:06:53Z,2026-05-22T11:06:53Z,orphans_remain_after_lookback,,
2026-05-22T12:24:58Z,638,2026-05-08T12:10:23Z,2026-05-22T12:10:23Z,orphans_remain_after_lookback,,
2026-05-22T12:29:21Z,638,2026-05-08T12:10:23Z,2026-05-22T12:10:23Z,orphans_remain_after_lookback,,
2026-05-22T13:38:01Z,638,2026-05-08T12:47:41Z,2026-05-22T12:47:41Z,orphans_remain_after_lookback,,
2026-05-22T13:43:01Z,638,2026-05-08T12:47:41Z,2026-05-22T12:47:41Z,orphans_remain_after_lookback,,
2026-05-22T14:44:41Z,638,2026-05-08T14:23:59Z,2026-05-22T14:23:59Z,orphans_remain_after_lookback,,
2026-05-22T14:48:44Z,638,2026-05-08T14:23:59Z,2026-05-22T14:23:59Z,orphans_remain_after_lookback,,
2026-05-22T14:52:38Z,638,2026-05-08T14:23:59Z,2026-05-22T14:23:59Z,orphans_remain_after_lookback,,
2026-05-22T15:57:00Z,638,2026-05-08T14:23:59Z,2026-05-22T14:23:59Z,orphans_remain_after_lookback,,
2026-05-22T16:58:33Z,638,2026-05-08T16:33:03Z,2026-05-22T16:33:03Z,orphans_remain_after_lookback,,
2026-05-22T17:59:16Z,638,2026-05-08T17:33:45Z,2026-05-22T17:33:45Z,orphans_remain_after_lookback,,
2026-05-22T19:03:04Z,638,2026-05-08T17:33:45Z,2026-05-22T17:33:45Z,orphans_remain_after_lookback,,
2026-05-22T20:06:53Z,638,2026-05-08T19:47:35Z,2026-05-22T19:47:35Z,orphans_remain_after_lookback,,
2026-05-22T21:13:36Z,638,2026-05-08T19:47:35Z,2026-05-22T19:47:35Z,orphans_remain_after_lookback,,
2026-05-22T22:21:23Z,638,2026-05-08T21:55:24Z,2026-05-22T21:55:24Z,orphans_remain_after_lookback,,
2026-05-22T23:31:12Z,638,2026-05-08T21:55:24Z,2026-05-22T21:55:24Z,orphans_remain_after_lookback,,
2026-05-23T00:36:24Z,638,2026-05-09T00:25:34Z,2026-05-23T00:25:34Z,orphans_remain_after_lookback,,
2026-05-23T01:50:05Z,638,2026-05-09T00:25:34Z,2026-05-23T00:25:34Z,orphans_remain_after_lookback,,
2026-05-23T02:57:30Z,638,2026-05-09T00:25:34Z,2026-05-23T00:25:34Z,orphans_remain_after_lookback,,
2026-05-23T04:05:16Z,638,2026-05-09T00:25:34Z,2026-05-23T00:25:34Z,orphans_remain_after_lookback,,
2026-05-23T05:14:01Z,638,2026-05-09T00:25:34Z,2026-05-23T00:25:34Z,orphans_remain_after_lookback,,
2026-05-23T06:23:28Z,638,2026-05-09T00:25:34Z,2026-05-23T00:25:34Z,orphans_remain_after_lookback,,
2026-05-23T07:32:55Z,638,2026-05-09T07:08:26Z,2026-05-23T07:08:26Z,b004_failed_after_recovery_rc_1,,
2026-05-23T08:39:15Z,638,2026-05-09T07:56:19Z,2026-05-23T07:56:19Z,orphans_remain_after_lookback,,
2026-05-23T09:44:39Z,638,2026-05-09T08:35:05Z,2026-05-23T08:35:05Z,orphans_remain_after_lookback,,
2026-05-23T10:45:40Z,638,2026-05-09T08:35:05Z,2026-05-23T08:35:05Z,orphans_remain_after_lookback,,
2026-05-23T10:52:17Z,638,2026-05-09T08:35:05Z,2026-05-23T08:35:05Z,orphans_remain_after_lookback,,
2026-05-23T11:52:49Z,638,2026-05-09T11:01:23Z,2026-05-23T11:01:23Z,orphans_remain_after_lookback,,
2026-05-23T12:59:15Z,638,2026-05-09T11:01:23Z,2026-05-23T11:01:23Z,orphans_remain_after_lookback,,
2026-05-23T14:01:15Z,638,2026-05-09T13:36:39Z,2026-05-23T13:36:39Z,orphans_remain_after_lookback,,
2026-05-23T15:06:47Z,638,2026-05-09T14:17:15Z,2026-05-23T14:17:15Z,orphans_remain_after_lookback,,
2026-05-23T16:08:02Z,638,2026-05-09T15:58:49Z,2026-05-23T15:58:49Z,orphans_remain_after_lookback,,
2026-05-23T17:12:54Z,638,2026-05-09T15:58:49Z,2026-05-23T15:58:49Z,orphans_remain_after_lookback,,
2026-05-23T18:17:21Z,638,2026-05-09T18:09:13Z,2026-05-23T18:09:13Z,orphans_remain_after_lookback,,
2026-05-23T19:23:11Z,638,2026-05-09T18:09:13Z,2026-05-23T18:09:13Z,orphans_remain_after_lookback,,
2026-05-23T20:25:13Z,638,2026-05-09T18:09:13Z,2026-05-23T18:09:13Z,orphans_remain_after_lookback,,
2026-05-23T21:29:40Z,638,2026-05-09T20:37:03Z,2026-05-23T20:37:03Z,orphans_remain_after_lookback,,
2026-05-23T22:33:14Z,638,2026-05-09T20:37:03Z,2026-05-23T20:37:03Z,orphans_remain_after_lookback,,
2026-05-23T23:34:16Z,638,2026-05-09T20:37:03Z,2026-05-23T20:37:03Z,orphans_remain_after_lookback,,
2026-05-24T00:35:41Z,638,2026-05-09T23:58:44Z,2026-05-23T23:58:44Z,orphans_remain_after_lookback,,
2026-05-24T01:36:20Z,638,2026-05-09T23:58:44Z,2026-05-23T23:58:44Z,orphans_remain_after_lookback,,
2026-05-24T02:42:08Z,638,2026-05-09T23:58:44Z,2026-05-23T23:58:44Z,orphans_remain_after_lookback,,
2026-05-24T03:48:02Z,638,2026-05-09T23:58:44Z,2026-05-23T23:58:44Z,orphans_remain_after_lookback,,
2026-05-24T04:53:57Z,638,2026-05-09T23:58:44Z,2026-05-23T23:58:44Z,orphans_remain_after_lookback,,
2026-05-24T06:00:53Z,638,2026-05-09T23:58:44Z,2026-05-23T23:58:44Z,orphans_remain_after_lookback,,
2026-05-24T07:08:11Z,638,2026-05-09T23:58:44Z,2026-05-23T23:58:44Z,orphans_remain_after_lookback,,
2026-05-24T08:10:49Z,638,2026-05-09T23:58:44Z,2026-05-23T23:58:44Z,orphans_remain_after_lookback,,
2026-05-24T09:18:02Z,638,2026-05-10T09:01:52Z,2026-05-24T09:01:52Z,b004_failed_after_recovery_rc_1,,
2026-05-24T10:18:47Z,638,2026-05-10T09:01:52Z,2026-05-24T09:01:52Z,orphans_remain_after_lookback,,
2026-05-24T11:22:53Z,638,2026-05-10T10:54:53Z,2026-05-24T10:54:53Z,orphans_remain_after_lookback,,
2026-05-24T12:25:59Z,638,2026-05-10T10:54:53Z,2026-05-24T10:54:53Z,orphans_remain_after_lookback,,
2026-05-24T13:29:12Z,638,2026-05-10T12:26:30Z,2026-05-24T12:26:30Z,orphans_remain_after_lookback,,
2026-05-24T14:33:16Z,638,2026-05-10T13:34:09Z,2026-05-24T13:34:09Z,orphans_remain_after_lookback,,
2026-05-24T15:36:32Z,638,2026-05-10T14:55:23Z,2026-05-24T14:55:23Z,orphans_remain_after_lookback,,
2026-05-24T16:42:50Z,638,2026-05-10T14:55:23Z,2026-05-24T14:55:23Z,orphans_remain_after_lookback,,
2026-05-24T17:49:06Z,638,2026-05-10T14:55:23Z,2026-05-24T14:55:23Z,orphans_remain_after_lookback,,
2026-05-25T01:31:52Z,638,2026-05-10T21:15:03Z,2026-05-24T21:15:03Z,orphans_remain_after_lookback,,
2026-05-25T02:40:14Z,638,2026-05-10T21:15:03Z,2026-05-24T21:15:03Z,orphans_remain_after_lookback,,
2026-05-25T03:47:57Z,638,2026-05-10T21:15:03Z,2026-05-24T21:15:03Z,orphans_remain_after_lookback,,
2026-05-25T04:55:35Z,638,2026-05-10T21:15:03Z,2026-05-24T21:15:03Z,orphans_remain_after_lookback,,
2026-05-25T06:02:03Z,638,2026-05-11T05:17:51Z,2026-05-25T05:17:51Z,orphans_remain_after_lookback,,
2026-05-25T07:10:29Z,638,2026-05-11T06:58:43Z,2026-05-25T06:58:43Z,orphans_remain_after_lookback,,
2026-05-25T08:34:10Z,638,2026-05-11T08:11:23Z,2026-05-25T08:11:23Z,orphans_remain_after_lookback,,
2026-05-25T08:37:44Z,638,2026-05-11T08:11:23Z,2026-05-25T08:11:23Z,orphans_remain_after_lookback,,
2026-05-25T08:41:17Z,638,2026-05-11T08:11:23Z,2026-05-25T08:11:23Z,orphans_remain_after_lookback,,
2026-05-25T08:44:56Z,638,2026-05-11T08:11:23Z,2026-05-25T08:11:23Z,orphans_remain_after_lookback,,
2026-05-25T09:49:53Z,638,2026-05-11T09:14:15Z,2026-05-25T09:14:15Z,orphans_remain_after_lookback,,
2026-05-25T09:53:15Z,638,2026-05-11T09:14:15Z,2026-05-25T09:14:15Z,orphans_remain_after_lookback,,
2026-05-25T11:01:53Z,638,2026-05-11T10:52:58Z,2026-05-25T10:52:58Z,orphans_remain_after_lookback,,
2026-05-25T11:05:14Z,638,2026-05-11T10:52:58Z,2026-05-25T10:52:58Z,orphans_remain_after_lookback,,
2026-05-25T12:05:33Z,638,2026-05-11T11:50:54Z,2026-05-25T11:50:54Z,orphans_remain_after_lookback,,
2026-05-25T12:08:57Z,638,2026-05-11T11:50:54Z,2026-05-25T11:50:54Z,orphans_remain_after_lookback,,
2026-05-25T12:12:25Z,638,2026-05-11T11:50:54Z,2026-05-25T11:50:54Z,orphans_remain_after_lookback,,
2026-05-25T12:15:53Z,638,2026-05-11T11:50:54Z,2026-05-25T11:50:54Z,orphans_remain_after_lookback,,
2026-05-25T13:16:08Z,638,2026-05-11T12:13:42Z,2026-05-25T12:13:42Z,orphans_remain_after_lookback,,
2026-05-25T13:19:33Z,638,2026-05-11T12:13:42Z,2026-05-25T12:13:42Z,orphans_remain_after_lookback,,
2026-05-25T14:23:46Z,638,2026-05-11T12:13:42Z,2026-05-25T12:13:42Z,orphans_remain_after_lookback,,
2026-05-25T14:27:05Z,638,2026-05-11T12:13:42Z,2026-05-25T12:13:42Z,orphans_remain_after_lookback,,
2026-05-25T14:30:24Z,638,2026-05-11T12:13:42Z,2026-05-25T12:13:42Z,orphans_remain_after_lookback,,
2026-05-25T14:33:47Z,638,2026-05-11T12:13:42Z,2026-05-25T12:13:42Z,orphans_remain_after_lookback,,
2026-05-25T14:37:27Z,638,2026-05-11T12:13:42Z,2026-05-25T12:13:42Z,orphans_remain_after_lookback,,
2026-05-25T14:48:26Z,638,2026-05-11T14:18:31Z,2026-05-25T14:18:31Z,orphans_remain_after_lookback,,
2026-05-25T14:51:45Z,638,2026-05-11T14:18:31Z,2026-05-25T14:18:31Z,orphans_remain_after_lookback,,
2026-05-25T14:55:05Z,638,2026-05-11T14:18:31Z,2026-05-25T14:18:31Z,orphans_remain_after_lookback,,
2026-05-25T14:58:26Z,638,2026-05-11T14:18:31Z,2026-05-25T14:18:31Z,orphans_remain_after_lookback,,
2026-05-25T15:02:08Z,638,2026-05-11T14:18:31Z,2026-05-25T14:18:31Z,orphans_remain_after_lookback,,
2026-05-25T15:14:51Z,638,2026-05-11T14:18:31Z,2026-05-25T14:18:31Z,orphans_remain_after_lookback,,
2026-05-25T16:19:13Z,638,2026-05-11T15:08:40Z,2026-05-25T15:08:40Z,orphans_remain_after_lookback,,
2026-05-25T17:22:41Z,638,2026-05-11T16:45:30Z,2026-05-25T16:45:30Z,orphans_remain_after_lookback,,
2026-05-25T18:25:04Z,638,2026-05-11T16:45:30Z,2026-05-25T16:45:30Z,orphans_remain_after_lookback,,
2026-05-25T19:29:54Z,638,2026-05-11T19:06:25Z,2026-05-25T19:06:25Z,orphans_remain_after_lookback,,
2026-05-25T20:35:21Z,638,2026-05-11T19:06:25Z,2026-05-25T19:06:25Z,orphans_remain_after_lookback,,
2026-05-25T21:43:17Z,638,2026-05-11T20:53:48Z,2026-05-25T20:53:48Z,orphans_remain_after_lookback,,
2026-05-25T22:45:26Z,638,2026-05-11T21:57:37Z,2026-05-25T21:57:37Z,orphans_remain_after_lookback,,
2026-05-25T23:52:23Z,638,2026-05-11T21:57:37Z,2026-05-25T21:57:37Z,orphans_remain_after_lookback,,
2026-05-26T00:59:00Z,638,2026-05-11T21:57:37Z,2026-05-25T21:57:37Z,orphans_remain_after_lookback,,
2026-05-26T02:03:15Z,638,2026-05-11T21:57:37Z,2026-05-25T21:57:37Z,orphans_remain_after_lookback,,
2026-05-26T03:09:52Z,638,2026-05-11T21:57:37Z,2026-05-25T21:57:37Z,orphans_remain_after_lookback,,
2026-05-26T04:17:18Z,638,2026-05-11T21:57:37Z,2026-05-25T21:57:37Z,orphans_remain_after_lookback,,
2026-05-26T05:42:40Z,638,2026-05-11T21:57:37Z,2026-05-25T21:57:37Z,orphans_remain_after_lookback,,
2026-05-26T06:50:01Z,638,2026-05-12T06:06:33Z,2026-05-26T06:06:33Z,orphans_remain_after_lookback,,
2026-05-26T07:53:40Z,638,2026-05-12T06:57:52Z,2026-05-26T06:57:52Z,orphans_remain_after_lookback,,
2026-05-26T09:00:13Z,638,2026-05-12T06:57:52Z,2026-05-26T06:57:52Z,orphans_remain_after_lookback,,
2026-05-26T09:03:56Z,638,2026-05-12T06:57:52Z,2026-05-26T06:57:52Z,orphans_remain_after_lookback,,
2026-05-26T09:07:31Z,638,2026-05-12T06:57:52Z,2026-05-26T06:57:52Z,orphans_remain_after_lookback,,
2026-05-26T10:08:07Z,638,2026-05-12T09:40:15Z,2026-05-26T09:40:15Z,orphans_remain_after_lookback,,
2026-05-26T10:12:20Z,638,2026-05-12T09:40:15Z,2026-05-26T09:40:15Z,orphans_remain_after_lookback,,
2026-05-26T10:16:21Z,638,2026-05-12T09:40:15Z,2026-05-26T09:40:15Z,orphans_remain_after_lookback,,
2026-05-26T10:20:09Z,638,2026-05-12T09:40:15Z,2026-05-26T09:40:15Z,orphans_remain_after_lookback,,
2026-05-26T10:24:05Z,638,2026-05-12T09:40:15Z,2026-05-26T09:40:15Z,orphans_remain_after_lookback,,
2026-05-26T10:37:48Z,638,2026-05-12T09:40:15Z,2026-05-26T09:40:15Z,orphans_remain_after_lookback,,
2026-05-26T11:41:08Z,638,2026-05-12T09:40:15Z,2026-05-26T09:40:15Z,orphans_remain_after_lookback,,
2026-05-26T11:44:37Z,638,2026-05-12T09:40:15Z,2026-05-26T09:40:15Z,orphans_remain_after_lookback,,
2026-05-26T12:54:47Z,638,2026-05-12T12:45:57Z,2026-05-26T12:45:57Z,orphans_remain_after_lookback,,
2026-05-26T12:59:32Z,638,2026-05-12T12:45:57Z,2026-05-26T12:45:57Z,orphans_remain_after_lookback,,
2026-05-26T13:04:01Z,638,2026-05-12T12:45:57Z,2026-05-26T12:45:57Z,orphans_remain_after_lookback,,
2026-05-26T13:09:00Z,638,2026-05-12T12:45:57Z,2026-05-26T12:45:57Z,orphans_remain_after_lookback,,
2026-05-26T13:13:30Z,638,2026-05-12T12:45:57Z,2026-05-26T12:45:57Z,orphans_remain_after_lookback,,
2026-05-26T14:15:52Z,638,2026-05-12T12:54:39Z,2026-05-26T12:54:39Z,orphans_remain_after_lookback,,
2026-05-26T14:19:20Z,638,2026-05-12T12:54:39Z,2026-05-26T12:54:39Z,orphans_remain_after_lookback,,
2026-05-26T14:28:25Z,638,2026-05-12T12:54:39Z,2026-05-26T12:54:39Z,b004_failed_after_recovery_rc_1,,
2026-05-26T14:28:33Z,638,2026-05-12T12:54:39Z,2026-05-26T12:54:39Z,orphans_remain_after_lookback,,
2026-05-26T15:33:04Z,638,2026-05-12T14:48:19Z,2026-05-26T14:48:19Z,orphans_remain_after_lookback,,
2026-05-26T15:36:38Z,638,2026-05-12T14:48:19Z,2026-05-26T14:48:19Z,orphans_remain_after_lookback,,
2026-05-26T15:41:05Z,638,2026-05-12T14:48:19Z,2026-05-26T14:48:19Z,orphans_remain_after_lookback,,
2026-05-26T15:45:50Z,638,2026-05-12T14:48:19Z,2026-05-26T14:48:19Z,orphans_remain_after_lookback,,
2026-05-26T15:50:33Z,638,2026-05-12T14:48:19Z,2026-05-26T14:48:19Z,orphans_remain_after_lookback,,
2026-05-26T16:06:45Z,638,2026-05-12T14:48:19Z,2026-05-26T14:48:19Z,orphans_remain_after_lookback,,
2026-05-26T16:10:31Z,638,2026-05-12T14:48:19Z,2026-05-26T14:48:19Z,orphans_remain_after_lookback,,
2026-05-26T16:14:19Z,638,2026-05-12T14:48:19Z,2026-05-26T14:48:19Z,orphans_remain_after_lookback,,
2026-05-26T16:18:09Z,638,2026-05-12T14:48:19Z,2026-05-26T14:48:19Z,orphans_remain_after_lookback,,
2026-05-26T16:21:55Z,638,2026-05-12T14:48:19Z,2026-05-26T14:48:19Z,orphans_remain_after_lookback,,
2026-05-26T18:14:28Z,638,2026-05-12T16:36:44Z,2026-05-26T16:36:44Z,orphans_remain_after_lookback,,
2026-05-26T19:14:46Z,638,2026-05-12T18:19:01Z,2026-05-26T18:19:01Z,orphans_remain_after_lookback,,
2026-05-26T19:19:01Z,638,2026-05-12T18:19:01Z,2026-05-26T18:19:01Z,orphans_remain_after_lookback,,
2026-05-26T19:23:39Z,638,2026-05-12T18:19:01Z,2026-05-26T18:19:01Z,orphans_remain_after_lookback,,
2026-05-26T19:28:16Z,638,2026-05-12T18:19:01Z,2026-05-26T18:19:01Z,orphans_remain_after_lookback,,
2026-05-26T20:36:31Z,638,2026-05-12T18:19:01Z,2026-05-26T18:19:01Z,orphans_remain_after_lookback,,
2026-05-26T21:38:54Z,638,2026-05-12T18:19:01Z,2026-05-26T18:19:01Z,orphans_remain_after_lookback,,
2026-05-26T22:40:26Z,638,2026-05-12T18:19:01Z,2026-05-26T18:19:01Z,orphans_remain_after_lookback,,
2026-05-26T23:40:37Z,638,2026-05-12T23:04:45Z,2026-05-26T23:04:45Z,orphans_remain_after_lookback,,
2026-05-27T00:48:40Z,638,2026-05-13T00:14:12Z,2026-05-27T00:14:12Z,orphans_remain_after_lookback,,
2026-05-27T01:53:56Z,638,2026-05-13T00:14:12Z,2026-05-27T00:14:12Z,orphans_remain_after_lookback,,
2026-05-27T02:57:05Z,638,2026-05-13T00:14:12Z,2026-05-27T00:14:12Z,orphans_remain_after_lookback,,
2026-05-27T04:00:12Z,638,2026-05-13T00:14:12Z,2026-05-27T00:14:12Z,orphans_remain_after_lookback,,
2026-05-27T05:33:07Z,638,2026-05-13T00:14:12Z,2026-05-27T00:14:12Z,orphans_remain_after_lookback,,
2026-05-27T06:35:11Z,638,2026-05-13T00:14:12Z,2026-05-27T00:14:12Z,orphans_remain_after_lookback,,
2026-05-27T07:41:46Z,638,2026-05-13T00:14:12Z,2026-05-27T00:14:12Z,orphans_remain_after_lookback,,
2026-05-27T07:47:04Z,638,2026-05-13T00:14:12Z,2026-05-27T00:14:12Z,orphans_remain_after_lookback,,
2026-05-27T07:52:34Z,638,2026-05-13T00:14:12Z,2026-05-27T00:14:12Z,orphans_remain_after_lookback,,
2026-05-27T07:58:25Z,638,2026-05-13T00:14:12Z,2026-05-27T00:14:12Z,orphans_remain_after_lookback,,
2026-05-27T08:03:45Z,638,2026-05-13T00:14:12Z,2026-05-27T00:14:12Z,orphans_remain_after_lookback,,
2026-05-27T09:13:32Z,638,2026-05-13T08:39:07Z,2026-05-27T08:39:07Z,orphans_remain_after_lookback,,
2026-05-27T09:18:29Z,638,2026-05-13T08:39:07Z,2026-05-27T08:39:07Z,orphans_remain_after_lookback,,
2026-05-27T09:22:45Z,638,2026-05-13T08:39:07Z,2026-05-27T08:39:07Z,orphans_remain_after_lookback,,
2026-05-27T09:27:05Z,638,2026-05-13T08:39:07Z,2026-05-27T08:39:07Z,orphans_remain_after_lookback,,
2026-05-27T09:31:22Z,638,2026-05-13T08:39:07Z,2026-05-27T08:39:07Z,orphans_remain_after_lookback,,
2026-05-27T09:49:04Z,638,2026-05-13T08:39:07Z,2026-05-27T08:39:07Z,orphans_remain_after_lookback,,
2026-05-27T09:53:02Z,638,2026-05-13T08:39:07Z,2026-05-27T08:39:07Z,orphans_remain_after_lookback,,
2026-05-27T10:57:34Z,638,2026-05-13T10:09:05Z,2026-05-27T10:09:05Z,orphans_remain_after_lookback,,
2026-05-27T11:01:30Z,638,2026-05-13T10:09:05Z,2026-05-27T10:09:05Z,orphans_remain_after_lookback,,
2026-05-27T11:05:34Z,638,2026-05-13T10:09:05Z,2026-05-27T10:09:05Z,orphans_remain_after_lookback,,
2026-05-27T11:09:46Z,638,2026-05-13T10:09:05Z,2026-05-27T10:09:05Z,orphans_remain_after_lookback,,
2026-05-27T12:12:09Z,638,2026-05-13T11:41:09Z,2026-05-27T11:41:09Z,orphans_remain_after_lookback,,
2026-05-27T12:16:38Z,638,2026-05-13T11:41:09Z,2026-05-27T11:41:09Z,orphans_remain_after_lookback,,
2026-05-27T12:20:23Z,638,2026-05-13T11:41:09Z,2026-05-27T11:41:09Z,orphans_remain_after_lookback,,
2026-05-27T12:25:20Z,638,2026-05-13T11:41:09Z,2026-05-27T11:41:09Z,orphans_remain_after_lookback,,
2026-05-27T12:29:48Z,638,2026-05-13T11:41:09Z,2026-05-27T11:41:09Z,orphans_remain_after_lookback,,
2026-05-27T12:45:06Z,638,2026-05-13T11:41:09Z,2026-05-27T11:41:09Z,orphans_remain_after_lookback,,
2026-05-27T13:45:27Z,638,2026-05-13T13:26:00Z,2026-05-27T13:26:00Z,orphans_remain_after_lookback,,
2026-05-27T13:49:25Z,638,2026-05-13T13:26:00Z,2026-05-27T13:26:00Z,orphans_remain_after_lookback,,
2026-05-27T13:53:29Z,638,2026-05-13T13:26:00Z,2026-05-27T13:26:00Z,orphans_remain_after_lookback,,
2026-05-27T15:23:25Z,638,2026-05-13T13:51:37Z,2026-05-27T13:51:37Z,orphans_remain_after_lookback,,
2026-05-27T15:27:38Z,638,2026-05-13T13:51:37Z,2026-05-27T13:51:37Z,orphans_remain_after_lookback,,
2026-05-27T16:34:34Z,638,2026-05-13T16:21:24Z,2026-05-27T16:21:24Z,orphans_remain_after_lookback,,
2026-05-27T16:38:54Z,638,2026-05-13T16:21:24Z,2026-05-27T16:21:24Z,orphans_remain_after_lookback,,
2026-05-27T16:42:44Z,638,2026-05-13T16:21:24Z,2026-05-27T16:21:24Z,orphans_remain_after_lookback,,
2026-05-27T16:46:48Z,638,2026-05-13T16:21:24Z,2026-05-27T16:21:24Z,orphans_remain_after_lookback,,
2026-05-27T16:50:51Z,638,2026-05-13T16:21:24Z,2026-05-27T16:21:24Z,orphans_remain_after_lookback,,
2026-05-27T17:54:57Z,638,2026-05-13T16:21:24Z,2026-05-27T16:21:24Z,orphans_remain_after_lookback,,
2026-05-27T18:56:16Z,638,2026-05-13T18:44:03Z,2026-05-27T18:44:03Z,orphans_remain_after_lookback,,
2026-05-27T19:00:39Z,638,2026-05-13T18:44:03Z,2026-05-27T18:44:03Z,orphans_remain_after_lookback,,
2026-05-27T20:00:49Z,638,2026-05-13T19:31:15Z,2026-05-27T19:31:15Z,orphans_remain_after_lookback,,
2026-05-27T21:01:46Z,638,2026-05-13T20:41:27Z,2026-05-27T20:41:27Z,orphans_remain_after_lookback,,
2026-05-27T21:06:15Z,638,2026-05-13T20:41:27Z,2026-05-27T20:41:27Z,orphans_remain_after_lookback,,
2026-05-27T21:10:42Z,638,2026-05-13T20:41:27Z,2026-05-27T20:41:27Z,orphans_remain_after_lookback,,
2026-05-27T21:15:11Z,638,2026-05-13T20:41:27Z,2026-05-27T20:41:27Z,orphans_remain_after_lookback,,
2026-05-27T21:19:37Z,638,2026-05-13T20:41:27Z,2026-05-27T20:41:27Z,orphans_remain_after_lookback,,
2026-05-27T21:34:54Z,638,2026-05-13T20:41:27Z,2026-05-27T20:41:27Z,orphans_remain_after_lookback,,
2026-05-27T21:39:29Z,638,2026-05-13T20:41:27Z,2026-05-27T20:41:27Z,orphans_remain_after_lookback,,
2026-05-27T22:40:24Z,638,2026-05-13T21:43:08Z,2026-05-27T21:43:08Z,orphans_remain_after_lookback,,
2026-05-27T22:44:09Z,638,2026-05-13T21:43:08Z,2026-05-27T21:43:08Z,orphans_remain_after_lookback,,
2026-05-27T23:44:53Z,638,2026-05-13T21:43:08Z,2026-05-27T21:43:08Z,orphans_remain_after_lookback,,
2026-05-27T23:48:35Z,638,2026-05-13T21:43:08Z,2026-05-27T21:43:08Z,orphans_remain_after_lookback,,
2026-05-27T23:52:18Z,638,2026-05-13T21:43:08Z,2026-05-27T21:43:08Z,orphans_remain_after_lookback,,
2026-05-28T00:53:41Z,638,2026-05-13T21:43:08Z,2026-05-27T21:43:08Z,orphans_remain_after_lookback,,
2026-05-28T01:56:16Z,638,2026-05-13T21:43:08Z,2026-05-27T21:43:08Z,orphans_remain_after_lookback,,
2026-05-28T03:01:58Z,638,2026-05-13T21:43:08Z,2026-05-27T21:43:08Z,orphans_remain_after_lookback,,
2026-05-28T04:05:23Z,638,2026-05-13T21:43:08Z,2026-05-27T21:43:08Z,orphans_remain_after_lookback,,
2026-05-28T05:24:18Z,638,2026-05-13T21:43:08Z,2026-05-27T21:43:08Z,orphans_remain_after_lookback,,
2026-05-28T06:32:29Z,638,2026-05-14T05:51:43Z,2026-05-28T05:51:43Z,orphans_remain_after_lookback,,
2026-05-28T07:37:50Z,638,2026-05-14T05:51:43Z,2026-05-28T05:51:43Z,orphans_remain_after_lookback,,
2026-05-28T08:47:38Z,638,2026-05-14T08:39:06Z,2026-05-28T08:39:06Z,orphans_remain_after_lookback,,
2026-05-28T09:48:56Z,638,2026-05-14T09:12:51Z,2026-05-28T09:12:51Z,orphans_remain_after_lookback,,
2026-05-28T10:49:43Z,638,2026-05-14T10:08:47Z,2026-05-28T10:08:47Z,orphans_remain_after_lookback,,
2026-05-28T11:52:09Z,638,2026-05-14T10:47:08Z,2026-05-28T10:47:08Z,orphans_remain_after_lookback,,
2026-05-28T12:56:22Z,638,2026-05-14T12:09:57Z,2026-05-28T12:09:57Z,orphans_remain_after_lookback,,
2026-05-28T13:58:44Z,638,2026-05-14T13:49:34Z,2026-05-28T13:49:34Z,orphans_remain_after_lookback,,
2026-05-28T14:58:46Z,638,2026-05-14T14:52:17Z,2026-05-28T14:52:17Z,orphans_remain_after_lookback,,
2026-05-28T16:00:39Z,638,2026-05-14T15:48:55Z,2026-05-28T15:48:55Z,orphans_remain_after_lookback,,
2026-05-28T17:02:22Z,638,2026-05-14T16:44:14Z,2026-05-28T16:44:14Z,orphans_remain_after_lookback,,
2026-05-28T18:02:41Z,638,2026-05-14T16:44:14Z,2026-05-28T16:44:14Z,orphans_remain_after_lookback,,
2026-05-28T19:05:34Z,638,2026-05-14T18:48:58Z,2026-05-28T18:48:58Z,b004_failed_after_recovery_rc_1,,
2026-05-28T20:07:16Z,638,2026-05-14T19:08:16Z,2026-05-28T19:08:16Z,orphans_remain_after_lookback,,
2026-05-28T21:10:32Z,638,2026-05-14T20:55:10Z,2026-05-28T20:55:10Z,orphans_remain_after_lookback,,
2026-05-28T22:15:43Z,638,2026-05-14T21:44:10Z,2026-05-28T21:44:10Z,orphans_remain_after_lookback,,
2026-05-28T23:22:19Z,638,2026-05-14T23:00:59Z,2026-05-28T23:00:59Z,orphans_remain_after_lookback,,
2026-05-29T00:39:14Z,638,2026-05-14T23:00:59Z,2026-05-28T23:00:59Z,orphans_remain_after_lookback,,
2026-05-29T01:46:31Z,638,2026-05-14T23:00:59Z,2026-05-28T23:00:59Z,orphans_remain_after_lookback,,
2026-05-29T02:55:03Z,638,2026-05-14T23:00:59Z,2026-05-28T23:00:59Z,orphans_remain_after_lookback,,
2026-05-29T03:59:41Z,638,2026-05-14T23:00:59Z,2026-05-28T23:00:59Z,orphans_remain_after_lookback,,
2026-05-29T05:35:00Z,638,2026-05-15T04:35:01Z,2026-05-29T04:35:01Z,orphans_remain_after_lookback,,
2026-05-29T06:38:31Z,638,2026-05-15T06:20:21Z,2026-05-29T06:20:21Z,orphans_remain_after_lookback,,
2026-05-29T07:42:11Z,638,2026-05-15T06:20:21Z,2026-05-29T06:20:21Z,orphans_remain_after_lookback,,
2026-05-29T08:47:32Z,638,2026-05-15T08:34:33Z,2026-05-29T08:34:33Z,orphans_remain_after_lookback,,
2026-05-29T09:57:13Z,638,2026-05-15T09:41:21Z,2026-05-29T09:41:21Z,orphans_remain_after_lookback,,
2026-05-29T11:01:58Z,638,2026-05-15T10:24:24Z,2026-05-29T10:24:24Z,orphans_remain_after_lookback,,
2026-05-29T12:06:22Z,638,2026-05-15T11:44:13Z,2026-05-29T11:44:13Z,orphans_remain_after_lookback,,
2026-05-29T13:13:30Z,638,2026-05-15T12:59:51Z,2026-05-29T12:59:51Z,b004_failed_after_recovery_rc_1,,
2026-05-29T14:16:00Z,638,2026-05-15T13:24:20Z,2026-05-29T13:24:20Z,b001_failed_marketplace_A28R8C7NBKEWEA,,
2026-05-29T14:16:01Z,638,2026-05-15T13:24:20Z,2026-05-29T13:24:20Z,b001_failed_marketplace_A2VIGQ35RCS4UG,,
2026-05-29T14:16:03Z,638,2026-05-15T13:24:20Z,2026-05-29T13:24:20Z,b001_failed_marketplace_AZMDEXL2RVFNN,,
2026-05-29T14:14:53Z,638,2026-05-15T13:24:20Z,2026-05-29T13:24:20Z,orphans_remain_after_lookback,,
2026-05-29T14:17:25Z,638,2026-05-15T13:24:20Z,2026-05-29T13:24:20Z,b001_failure_summary,,"A28R8C7NBKEWEA,A2VIGQ35RCS4UG,AZMDEXL2RVFNN"
2026-05-29T15:25:29Z,638,2026-05-15T14:59:31Z,2026-05-29T14:59:31Z,b004_failed_after_recovery_rc_1,,
2026-05-29T16:27:01Z,638,2026-05-15T15:55:53Z,2026-05-29T15:55:53Z,orphans_remain_after_lookback,,
2026-05-29T17:29:53Z,638,2026-05-15T17:05:53Z,2026-05-29T17:05:53Z,orphans_remain_after_lookback,,
2026-05-29T18:34:25Z,638,2026-05-15T17:05:53Z,2026-05-29T17:05:53Z,orphans_remain_after_lookback,,
2026-05-29T19:39:33Z,638,2026-05-15T19:09:23Z,2026-05-29T19:09:23Z,b004_failed_after_recovery_rc_1,,
2026-05-29T20:41:56Z,638,2026-05-15T20:15:54Z,2026-05-29T20:15:54Z,orphans_remain_after_lookback,,
2026-05-29T21:47:40Z,638,2026-05-15T21:22:38Z,2026-05-29T21:22:38Z,orphans_remain_after_lookback,,
2026-05-29T22:50:25Z,638,2026-05-15T21:22:38Z,2026-05-29T21:22:38Z,orphans_remain_after_lookback,,
2026-05-29T23:54:30Z,638,2026-05-15T21:22:38Z,2026-05-29T21:22:38Z,orphans_remain_after_lookback,,
2026-05-30T00:58:40Z,638,2026-05-15T21:22:38Z,2026-05-29T21:22:38Z,orphans_remain_after_lookback,,
2026-05-30T02:01:50Z,638,2026-05-15T21:22:38Z,2026-05-29T21:22:38Z,orphans_remain_after_lookback,,
2026-05-30T03:07:54Z,638,2026-05-16T02:29:51Z,2026-05-30T02:29:51Z,orphans_remain_after_lookback,,
2026-05-30T04:14:13Z,638,2026-05-16T03:56:22Z,2026-05-30T03:56:22Z,b004_failed_after_recovery_rc_1,,
2026-05-30T05:29:36Z,638,2026-05-16T03:56:22Z,2026-05-30T03:56:22Z,orphans_remain_after_lookback,,
2026-05-30T06:35:54Z,638,2026-05-16T03:56:22Z,2026-05-30T03:56:22Z,orphans_remain_after_lookback,,
2026-05-30T07:41:09Z,638,2026-05-16T03:56:22Z,2026-05-30T03:56:22Z,orphans_remain_after_lookback,,
2026-05-30T08:44:29Z,638,2026-05-16T08:15:38Z,2026-05-30T08:15:38Z,orphans_remain_after_lookback,,
2026-05-30T09:49:16Z,638,2026-05-16T09:25:25Z,2026-05-30T09:25:25Z,orphans_remain_after_lookback,,
2026-05-30T10:57:07Z,638,2026-05-16T10:47:46Z,2026-05-30T10:47:46Z,orphans_remain_after_lookback,,
2026-05-30T12:03:09Z,638,2026-05-16T10:59:18Z,2026-05-30T10:59:18Z,orphans_remain_after_lookback,,
2026-05-30T13:09:37Z,638,2026-05-16T12:23:21Z,2026-05-30T12:23:21Z,orphans_remain_after_lookback,,
2026-05-30T14:12:43Z,638,2026-05-16T12:23:21Z,2026-05-30T12:23:21Z,orphans_remain_after_lookback,,
2026-05-30T15:18:33Z,638,2026-05-16T14:59:06Z,2026-05-30T14:59:06Z,orphans_remain_after_lookback,,
2026-05-30T16:26:41Z,638,2026-05-16T15:48:45Z,2026-05-30T15:48:45Z,orphans_remain_after_lookback,,
2026-05-30T17:26:42Z,638,2026-05-16T17:16:02Z,2026-05-30T17:16:02Z,orphans_remain_after_lookback,,
2026-05-30T18:28:47Z,638,2026-05-16T17:16:02Z,2026-05-30T17:16:02Z,orphans_remain_after_lookback,,
2026-05-30T19:32:10Z,638,2026-05-16T18:34:33Z,2026-05-30T18:34:33Z,orphans_remain_after_lookback,,
2026-05-30T20:37:44Z,638,2026-05-16T18:34:33Z,2026-05-30T18:34:33Z,orphans_remain_after_lookback,,
2026-05-30T21:37:58Z,638,2026-05-16T21:29:31Z,2026-05-30T21:29:31Z,orphans_remain_after_lookback,,
2026-05-30T22:42:46Z,638,2026-05-16T21:29:31Z,2026-05-30T21:29:31Z,orphans_remain_after_lookback,,
2026-05-30T23:45:48Z,638,2026-05-16T23:26:23Z,2026-05-30T23:26:23Z,orphans_remain_after_lookback,,
2026-05-31T00:59:35Z,638,2026-05-17T00:00:22Z,2026-05-31T00:00:22Z,orphans_remain_after_lookback,,
2026-05-31T02:06:01Z,638,2026-05-17T00:00:22Z,2026-05-31T00:00:22Z,orphans_remain_after_lookback,,
2026-05-31T03:08:53Z,638,2026-05-17T00:00:22Z,2026-05-31T00:00:22Z,orphans_remain_after_lookback,,
2026-05-31T04:12:14Z,638,2026-05-17T00:00:22Z,2026-05-31T00:00:22Z,orphans_remain_after_lookback,,
2026-05-31T05:26:41Z,638,2026-05-17T00:00:22Z,2026-05-31T00:00:22Z,orphans_remain_after_lookback,,
2026-05-31T06:31:24Z,638,2026-05-17T06:12:45Z,2026-05-31T06:12:45Z,orphans_remain_after_lookback,,
2026-05-31T07:34:45Z,638,2026-05-17T07:13:12Z,2026-05-31T07:13:12Z,orphans_remain_after_lookback,,
2026-05-31T08:40:08Z,638,2026-05-17T08:32:01Z,2026-05-31T08:32:01Z,orphans_remain_after_lookback,,
2026-05-31T09:44:29Z,638,2026-05-17T08:32:01Z,2026-05-31T08:32:01Z,orphans_remain_after_lookback,,
2026-05-31T10:48:47Z,638,2026-05-17T10:38:47Z,2026-05-31T10:38:47Z,orphans_remain_after_lookback,,
2026-05-31T11:50:30Z,638,2026-05-17T11:31:51Z,2026-05-31T11:31:51Z,orphans_remain_after_lookback,,
2026-05-31T12:52:03Z,638,2026-05-17T12:36:45Z,2026-05-31T12:36:45Z,orphans_remain_after_lookback,,
2026-05-31T13:54:45Z,638,2026-05-17T13:24:21Z,2026-05-31T13:24:21Z,orphans_remain_after_lookback,,
2026-05-31T14:55:29Z,638,2026-05-17T14:45:20Z,2026-05-31T14:45:20Z,b001_failed_marketplace_A1F83G8C2ARO7P,,
2026-05-31T14:55:31Z,638,2026-05-17T14:45:20Z,2026-05-31T14:45:20Z,b001_failed_marketplace_A28R8C7NBKEWEA,,
2026-05-31T14:55:32Z,638,2026-05-17T14:45:20Z,2026-05-31T14:45:20Z,b001_failed_marketplace_A2VIGQ35RCS4UG,,
2026-05-31T14:55:33Z,638,2026-05-17T14:45:20Z,2026-05-31T14:45:20Z,b001_failed_marketplace_AZMDEXL2RVFNN,,
2026-05-31T14:55:17Z,638,2026-05-17T14:45:20Z,2026-05-31T14:45:20Z,orphans_remain_after_lookback,,
2026-05-31T14:56:56Z,638,2026-05-17T14:45:20Z,2026-05-31T14:45:20Z,b001_failure_summary,,"A1F83G8C2ARO7P,A28R8C7NBKEWEA,A2VIGQ35RCS4UG,AZMDEXL2RVFNN"
2026-05-31T15:58:26Z,638,2026-05-17T14:45:20Z,2026-05-31T14:45:20Z,orphans_remain_after_lookback,,
2026-05-31T17:05:57Z,638,2026-05-17T16:20:05Z,2026-05-31T16:20:05Z,b004_failed_after_recovery_rc_1,,
2026-05-31T18:04:19Z,638,2026-05-17T17:45:17Z,2026-05-31T17:45:17Z,orphans_remain_after_lookback,,
2026-05-31T19:09:34Z,638,2026-05-17T19:01:43Z,2026-05-31T19:01:43Z,b001_failed_marketplace_A28R8C7NBKEWEA,,
2026-05-31T19:09:57Z,638,2026-05-17T19:01:43Z,2026-05-31T19:01:43Z,b001_failed_marketplace_A2VIGQ35RCS4UG,,
2026-05-31T19:08:10Z,638,2026-05-17T19:01:43Z,2026-05-31T19:01:43Z,orphans_remain_after_lookback,,
2026-05-31T19:11:51Z,638,2026-05-17T19:01:43Z,2026-05-31T19:01:43Z,b001_failure_summary,,"A28R8C7NBKEWEA,A2VIGQ35RCS4UG"
2026-05-31T20:11:02Z,638,2026-05-17T19:59:24Z,2026-05-31T19:59:24Z,orphans_remain_after_lookback,,
2026-05-31T21:12:21Z,638,2026-05-17T20:43:23Z,2026-05-31T20:43:23Z,orphans_remain_after_lookback,,
2026-05-31T22:18:32Z,638,2026-05-17T22:09:59Z,2026-05-31T22:09:59Z,orphans_remain_after_lookback,,
2026-05-31T23:23:44Z,638,2026-05-17T22:52:30Z,2026-05-31T22:52:30Z,orphans_remain_after_lookback,,
2026-06-01T00:30:44Z,638,2026-05-18T00:05:37Z,2026-06-01T00:05:37Z,orphans_remain_after_lookback,,
2026-06-01T01:50:05Z,638,2026-05-18T00:05:37Z,2026-06-01T00:05:37Z,orphans_remain_after_lookback,,
2026-06-01T02:55:23Z,638,2026-05-18T00:05:37Z,2026-06-01T00:05:37Z,orphans_remain_after_lookback,,
2026-06-01T04:02:56Z,638,2026-05-18T00:05:37Z,2026-06-01T00:05:37Z,orphans_remain_after_lookback,,
2026-06-01T05:12:18Z,638,2026-05-18T00:05:37Z,2026-06-01T00:05:37Z,orphans_remain_after_lookback,,
2026-06-01T06:21:02Z,638,2026-05-18T00:05:37Z,2026-06-01T00:05:37Z,orphans_remain_after_lookback,,
2026-06-01T07:25:29Z,638,2026-05-18T06:38:45Z,2026-06-01T06:38:45Z,orphans_remain_after_lookback,,
2026-06-01T08:30:45Z,638,2026-05-18T07:54:42Z,2026-06-01T07:54:42Z,orphans_remain_after_lookback,,
2026-06-01T09:42:23Z,638,2026-05-18T09:05:19Z,2026-06-01T09:05:19Z,b001_failed_marketplace_A1F83G8C2ARO7P,,
2026-06-01T09:42:43Z,638,2026-05-18T09:05:19Z,2026-06-01T09:05:19Z,b001_failed_marketplace_A28R8C7NBKEWEA,,
2026-06-01T09:44:02Z,638,2026-05-18T09:05:19Z,2026-06-01T09:05:19Z,b001_failed_marketplace_AZMDEXL2RVFNN,,
2026-06-01T09:42:04Z,638,2026-05-18T09:05:19Z,2026-06-01T09:05:19Z,orphans_remain_after_lookback,,
2026-06-01T09:45:30Z,638,2026-05-18T09:05:19Z,2026-06-01T09:05:19Z,b001_failure_summary,,"A1F83G8C2ARO7P,A28R8C7NBKEWEA,AZMDEXL2RVFNN"
2026-06-01T10:50:43Z,638,2026-05-18T09:48:17Z,2026-06-01T09:48:17Z,orphans_remain_after_lookback,,
2026-06-01T11:56:23Z,638,2026-05-18T11:44:43Z,2026-06-01T11:44:43Z,orphans_remain_after_lookback,,
2026-06-01T13:03:25Z,638,2026-05-18T12:53:04Z,2026-06-01T12:53:04Z,orphans_remain_after_lookback,,
2026-06-01T14:14:07Z,638,2026-05-18T13:58:38Z,2026-06-01T13:58:38Z,b001_failed_marketplace_A28R8C7NBKEWEA,,
2026-06-01T14:13:21Z,638,2026-05-18T13:58:38Z,2026-06-01T13:58:38Z,orphans_remain_after_lookback,,
2026-06-01T14:16:42Z,638,2026-05-18T13:58:38Z,2026-06-01T13:58:38Z,b001_failure_summary,,A28R8C7NBKEWEA
2026-06-01T15:22:06Z,638,2026-05-18T14:45:31Z,2026-06-01T14:45:31Z,b004_failed_after_recovery_rc_1,,
2026-06-01T16:25:14Z,638,2026-05-18T15:44:36Z,2026-06-01T15:44:36Z,orphans_remain_after_lookback,,
2026-06-01T17:31:52Z,638,2026-05-18T17:21:47Z,2026-06-01T17:21:47Z,orphans_remain_after_lookback,,
2026-06-01T18:36:38Z,638,2026-05-18T18:17:53Z,2026-06-01T18:17:53Z,orphans_remain_after_lookback,,
2026-06-01T19:45:35Z,638,2026-05-18T18:35:24Z,2026-06-01T18:35:24Z,b001_failed_marketplace_A28R8C7NBKEWEA,,
2026-06-01T19:45:36Z,638,2026-05-18T18:35:24Z,2026-06-01T18:35:24Z,b001_failed_marketplace_A2VIGQ35RCS4UG,,
2026-06-01T19:45:38Z,638,2026-05-18T18:35:24Z,2026-06-01T18:35:24Z,b001_failed_marketplace_AZMDEXL2RVFNN,,
2026-06-01T19:43:39Z,638,2026-05-18T18:35:24Z,2026-06-01T18:35:24Z,orphans_remain_after_lookback,,
2026-06-01T19:47:05Z,638,2026-05-18T18:35:24Z,2026-06-01T18:35:24Z,b001_failure_summary,,"A28R8C7NBKEWEA,A2VIGQ35RCS4UG,AZMDEXL2RVFNN"
2026-06-01T20:52:12Z,638,2026-05-18T20:02:42Z,2026-06-01T20:02:42Z,orphans_remain_after_lookback,,
2026-06-01T21:58:17Z,638,2026-05-18T21:35:53Z,2026-06-01T21:35:53Z,b004_failed_after_recovery_rc_1,,
2026-06-01T23:03:20Z,638,2026-05-18T22:06:28Z,2026-06-01T22:06:28Z,orphans_remain_after_lookback,,
2026-06-02T00:07:48Z,638,2026-05-18T23:54:22Z,2026-06-01T23:54:22Z,orphans_remain_after_lookback,,
2026-06-02T01:34:09Z,638,2026-05-18T23:54:22Z,2026-06-01T23:54:22Z,orphans_remain_after_lookback,,
2026-06-02T02:41:48Z,638,2026-05-19T01:24:19Z,2026-06-02T01:24:19Z,orphans_remain_after_lookback,,
2026-06-02T03:45:52Z,638,2026-05-19T01:24:19Z,2026-06-02T01:24:19Z,orphans_remain_after_lookback,,
2026-06-02T04:50:19Z,638,2026-05-19T01:24:19Z,2026-06-02T01:24:19Z,orphans_remain_after_lookback,,
2026-06-02T05:53:43Z,638,2026-05-19T01:24:19Z,2026-06-02T01:24:19Z,orphans_remain_after_lookback,,
2026-06-02T07:04:21Z,638,2026-05-19T01:24:19Z,2026-06-02T01:24:19Z,orphans_remain_after_lookback,,
2026-06-02T08:12:40Z,638,2026-05-19T07:30:12Z,2026-06-02T07:30:12Z,orphans_remain_after_lookback,,
2026-06-02T09:13:04Z,638,2026-05-19T09:06:05Z,2026-06-02T09:06:05Z,orphans_remain_after_lookback,,
2026-06-02T10:18:40Z,638,2026-05-19T09:52:38Z,2026-06-02T09:52:38Z,orphans_remain_after_lookback,,
2026-06-02T11:20:26Z,638,2026-05-19T11:09:24Z,2026-06-02T11:09:24Z,orphans_remain_after_lookback,,
2026-06-02T12:20:27Z,638,2026-05-19T11:47:08Z,2026-06-02T11:47:08Z,orphans_remain_after_lookback,,
2026-06-02T13:22:04Z,638,2026-05-19T12:52:52Z,2026-06-02T12:52:52Z,orphans_remain_after_lookback,,
2026-06-02T14:26:10Z,638,2026-05-19T13:55:06Z,2026-06-02T13:55:06Z,orphans_remain_after_lookback,,
2026-06-02T15:27:03Z,638,2026-05-19T15:18:26Z,2026-06-02T15:18:26Z,orphans_remain_after_lookback,,
2026-06-02T16:30:34Z,638,2026-05-19T15:48:45Z,2026-06-02T15:48:45Z,b001_failed_marketplace_A28R8C7NBKEWEA,,
2026-06-02T16:30:35Z,638,2026-05-19T15:48:45Z,2026-06-02T15:48:45Z,b001_failed_marketplace_A2VIGQ35RCS4UG,,
2026-06-02T16:30:37Z,638,2026-05-19T15:48:45Z,2026-06-02T15:48:45Z,b001_failed_marketplace_AZMDEXL2RVFNN,,
2026-06-02T16:29:38Z,638,2026-05-19T15:48:45Z,2026-06-02T15:48:45Z,orphans_remain_after_lookback,,
2026-06-02T16:32:04Z,638,2026-05-19T15:48:45Z,2026-06-02T15:48:45Z,b001_failure_summary,,"A28R8C7NBKEWEA,A2VIGQ35RCS4UG,AZMDEXL2RVFNN"
2026-06-02T17:34:15Z,638,2026-05-19T17:21:03Z,2026-06-02T17:21:03Z,orphans_remain_after_lookback,,
2026-06-02T18:35:50Z,638,2026-05-19T18:11:11Z,2026-06-02T18:11:11Z,orphans_remain_after_lookback,,
2026-06-02T19:37:13Z,638,2026-05-19T19:24:00Z,2026-06-02T19:24:00Z,orphans_remain_after_lookback,,
2026-06-02T20:38:26Z,638,2026-05-19T20:22:02Z,2026-06-02T20:22:02Z,orphans_remain_after_lookback,,
2026-06-02T21:39:55Z,638,2026-05-19T20:58:17Z,2026-06-02T20:58:17Z,orphans_remain_after_lookback,,
2026-06-02T22:41:20Z,638,2026-05-19T22:22:46Z,2026-06-02T22:22:46Z,orphans_remain_after_lookback,,
2026-06-02T23:49:29Z,638,2026-05-19T23:17:23Z,2026-06-02T23:17:23Z,orphans_remain_after_lookback,,
2026-06-03T00:55:35Z,638,2026-05-19T23:17:23Z,2026-06-02T23:17:23Z,orphans_remain_after_lookback,,
2026-06-03T02:00:48Z,638,2026-05-19T23:17:23Z,2026-06-02T23:17:23Z,orphans_remain_after_lookback,,
2026-06-03T03:06:46Z,638,2026-05-20T02:09:23Z,2026-06-03T02:09:23Z,orphans_remain_after_lookback,,
2026-06-03T04:11:12Z,638,2026-05-20T02:09:23Z,2026-06-03T02:09:23Z,orphans_remain_after_lookback,,
2026-06-03T05:32:13Z,638,2026-05-20T02:09:23Z,2026-06-03T02:09:23Z,orphans_remain_after_lookback,,
2026-06-03T06:37:12Z,638,2026-05-20T06:26:55Z,2026-06-03T06:26:55Z,orphans_remain_after_lookback,,
2026-06-03T07:43:25Z,638,2026-05-20T07:30:14Z,2026-06-03T07:30:14Z,orphans_remain_after_lookback,,
2026-06-03T08:43:30Z,638,2026-05-20T08:36:26Z,2026-06-03T08:36:26Z,orphans_remain_after_lookback,,
2026-06-03T09:47:09Z,638,2026-05-20T09:31:46Z,2026-06-03T09:31:46Z,b004_failed_after_recovery_rc_1,,
2026-06-03T10:46:46Z,638,2026-05-20T10:34:45Z,2026-06-03T10:34:45Z,orphans_remain_after_lookback,,
2026-06-03T12:09:52Z,638,2026-05-20T11:36:33Z,2026-06-03T11:36:33Z,orphans_remain_after_lookback,,
2026-06-03T13:16:21Z,638,2026-05-20T12:25:13Z,2026-06-03T12:25:13Z,orphans_remain_after_lookback,,
2026-06-03T14:19:33Z,638,2026-05-20T13:53:43Z,2026-06-03T13:53:43Z,orphans_remain_after_lookback,,
2026-06-03T15:23:22Z,638,2026-05-20T15:12:45Z,2026-06-03T15:12:45Z,orphans_remain_after_lookback,,
2026-06-03T16:25:54Z,638,2026-05-20T15:59:29Z,2026-06-03T15:59:29Z,orphans_remain_after_lookback,,
2026-06-03T17:33:33Z,634,2026-05-20T17:22:08Z,2026-06-03T17:22:08Z,orphans_remain_after_lookback,,
2026-06-03T18:47:23Z,634,2026-05-20T18:38:02Z,2026-06-03T18:38:02Z,b004_failed_after_recovery_rc_1,,
2026-06-03T19:50:52Z,634,2026-05-20T19:33:43Z,2026-06-03T19:33:43Z,orphans_remain_after_lookback,,
2026-06-03T20:54:46Z,634,2026-05-20T19:33:43Z,2026-06-03T19:33:43Z,orphans_remain_after_lookback,,
2026-06-03T22:02:25Z,634,2026-05-20T21:21:54Z,2026-06-03T21:21:54Z,orphans_remain_after_lookback,,
2026-06-03T23:07:26Z,634,2026-05-20T21:21:54Z,2026-06-03T21:21:54Z,orphans_remain_after_lookback,,
2026-06-04T00:09:49Z,634,2026-05-20T21:21:54Z,2026-06-03T21:21:54Z,orphans_remain_after_lookback,,
2026-06-04T01:29:58Z,634,2026-05-20T21:21:54Z,2026-06-03T21:21:54Z,orphans_remain_after_lookback,,
2026-06-04T02:33:07Z,634,2026-05-20T21:21:54Z,2026-06-03T21:21:54Z,orphans_remain_after_lookback,,
2026-06-04T03:34:49Z,634,2026-05-20T21:21:54Z,2026-06-03T21:21:54Z,orphans_remain_after_lookback,,
2026-06-04T04:37:22Z,634,2026-05-20T21:21:54Z,2026-06-03T21:21:54Z,orphans_remain_after_lookback,,
2026-06-04T05:37:52Z,634,2026-05-20T21:21:54Z,2026-06-03T21:21:54Z,orphans_remain_after_lookback,,
2026-06-04T06:45:28Z,634,2026-05-21T06:01:57Z,2026-06-04T06:01:57Z,orphans_remain_after_lookback,,
2026-06-04T07:46:28Z,634,2026-05-21T06:01:57Z,2026-06-04T06:01:57Z,orphans_remain_after_lookback,,
2026-06-04T08:48:04Z,634,2026-05-21T08:24:36Z,2026-06-04T08:24:36Z,orphans_remain_after_lookback,,
2026-06-04T09:56:26Z,634,2026-05-21T09:09:32Z,2026-06-04T09:09:32Z,orphans_remain_after_lookback,,
2026-06-04T11:06:07Z,634,2026-05-21T10:45:20Z,2026-06-04T10:45:20Z,orphans_remain_after_lookback,,
2026-06-04T12:16:57Z,634,2026-05-21T11:47:45Z,2026-06-04T11:47:45Z,orphans_remain_after_lookback,,
2026-06-04T13:20:03Z,634,2026-05-21T12:56:28Z,2026-06-04T12:56:28Z,orphans_remain_after_lookback,,
2026-06-04T14:20:28Z,634,2026-05-21T13:42:33Z,2026-06-04T13:42:33Z,orphans_remain_after_lookback,,
2026-06-04T15:31:03Z,634,2026-05-21T15:04:33Z,2026-06-04T15:04:33Z,orphans_remain_after_lookback,,
2026-06-04T16:34:26Z,634,2026-05-21T16:17:01Z,2026-06-04T16:17:01Z,b004_failed_after_recovery_rc_1,,
2026-06-04T17:40:18Z,634,2026-05-21T16:57:10Z,2026-06-04T16:57:10Z,orphans_remain_after_lookback,,
2026-06-04T18:48:45Z,634,2026-05-21T18:38:24Z,2026-06-04T18:38:24Z,b004_failed_after_recovery_rc_1,,
2026-06-04T19:47:33Z,634,2026-05-21T19:09:12Z,2026-06-04T19:09:12Z,orphans_remain_after_lookback,,
2026-06-04T20:50:30Z,634,2026-05-21T20:35:50Z,2026-06-04T20:35:50Z,b004_failed_after_recovery_rc_1,,
2026-06-04T21:52:14Z,634,2026-05-21T21:36:45Z,2026-06-04T21:36:45Z,orphans_remain_after_lookback,,
2026-06-04T22:57:33Z,634,2026-05-21T22:23:13Z,2026-06-04T22:23:13Z,orphans_remain_after_lookback,,
2026-06-04T23:59:48Z,634,2026-05-21T22:23:13Z,2026-06-04T22:23:13Z,orphans_remain_after_lookback,,
2026-06-05T01:01:38Z,634,2026-05-21T22:23:13Z,2026-06-04T22:23:13Z,orphans_remain_after_lookback,,
2026-06-05T02:02:27Z,634,2026-05-22T01:10:01Z,2026-06-05T01:10:01Z,orphans_remain_after_lookback,,
2026-06-05T03:03:01Z,634,2026-05-22T01:10:01Z,2026-06-05T01:10:01Z,orphans_remain_after_lookback,,
2026-06-05T04:03:52Z,634,2026-05-22T01:10:01Z,2026-06-05T01:10:01Z,orphans_remain_after_lookback,,
2026-06-05T05:28:02Z,634,2026-05-22T01:10:01Z,2026-06-05T01:10:01Z,orphans_remain_after_lookback,,
2026-06-05T06:35:32Z,634,2026-05-22T06:13:55Z,2026-06-05T06:13:55Z,orphans_remain_after_lookback,,
2026-06-05T07:40:44Z,634,2026-05-22T06:13:55Z,2026-06-05T06:13:55Z,orphans_remain_after_lookback,,
2026-06-05T08:44:53Z,634,2026-05-22T08:37:06Z,2026-06-05T08:37:06Z,orphans_remain_after_lookback,,
2026-06-05T09:47:49Z,634,2026-05-22T09:00:18Z,2026-06-05T09:00:18Z,orphans_remain_after_lookback,,
2026-06-05T10:51:24Z,634,2026-05-22T10:39:46Z,2026-06-05T10:39:46Z,orphans_remain_after_lookback,,
2026-06-05T12:03:42Z,634,2026-05-22T11:16:26Z,2026-06-05T11:16:26Z,orphans_remain_after_lookback,,
2026-06-05T13:08:20Z,634,2026-05-22T12:52:49Z,2026-06-05T12:52:49Z,orphans_remain_after_lookback,,
2026-06-05T14:24:12Z,634,2026-05-22T13:55:41Z,2026-06-05T13:55:41Z,b004_failed_after_recovery_rc_1,,
2026-06-05T15:14:32Z,634,2026-05-22T14:52:46Z,2026-06-05T14:52:46Z,orphans_remain_after_lookback,,
2026-06-05T16:17:28Z,634,2026-05-22T16:10:20Z,2026-06-05T16:10:20Z,orphans_remain_after_lookback,,
2026-06-05T17:19:17Z,634,2026-05-22T16:11:32Z,2026-06-05T16:11:32Z,orphans_remain_after_lookback,,
2026-06-05T18:25:20Z,634,2026-05-22T16:11:32Z,2026-06-05T16:11:32Z,orphans_remain_after_lookback,,
2026-06-05T19:27:00Z,634,2026-05-22T18:31:46Z,2026-06-05T18:31:46Z,orphans_remain_after_lookback,,
2026-06-05T20:29:36Z,634,2026-05-22T20:04:00Z,2026-06-05T20:04:00Z,orphans_remain_after_lookback,,
2026-06-05T21:32:42Z,634,2026-05-22T21:00:37Z,2026-06-05T21:00:37Z,orphans_remain_after_lookback,,
2026-06-05T22:38:47Z,634,2026-05-22T22:00:30Z,2026-06-05T22:00:30Z,orphans_remain_after_lookback,,
2026-06-05T23:43:04Z,634,2026-05-22T22:45:53Z,2026-06-05T22:45:53Z,orphans_remain_after_lookback,,
2026-06-06T00:55:34Z,634,2026-05-22T22:45:53Z,2026-06-05T22:45:53Z,orphans_remain_after_lookback,,
2026-06-06T02:01:00Z,634,2026-05-22T22:45:53Z,2026-06-05T22:45:53Z,orphans_remain_after_lookback,,
2026-06-06T03:06:46Z,634,2026-05-22T22:45:53Z,2026-06-05T22:45:53Z,orphans_remain_after_lookback,,
2026-06-06T04:13:02Z,634,2026-05-22T22:45:53Z,2026-06-05T22:45:53Z,orphans_remain_after_lookback,,
2026-06-06T05:32:26Z,634,2026-05-22T22:45:53Z,2026-06-05T22:45:53Z,orphans_remain_after_lookback,,
2026-06-06T06:37:18Z,634,2026-05-23T06:08:48Z,2026-06-06T06:08:48Z,orphans_remain_after_lookback,,
2026-06-06T07:45:21Z,634,2026-05-23T06:08:48Z,2026-06-06T06:08:48Z,orphans_remain_after_lookback,,
2026-06-06T08:45:57Z,634,2026-05-23T07:47:32Z,2026-06-06T07:47:32Z,orphans_remain_after_lookback,,
2026-06-06T09:47:06Z,634,2026-05-23T07:47:32Z,2026-06-06T07:47:32Z,orphans_remain_after_lookback,,
2026-06-06T10:50:17Z,634,2026-05-23T10:29:22Z,2026-06-06T10:29:22Z,orphans_remain_after_lookback,,
2026-06-06T11:53:56Z,634,2026-05-23T10:29:22Z,2026-06-06T10:29:22Z,orphans_remain_after_lookback,,
2026-06-06T12:54:43Z,634,2026-05-23T12:31:05Z,2026-06-06T12:31:05Z,orphans_remain_after_lookback,,
2026-06-06T13:59:53Z,634,2026-05-23T12:31:05Z,2026-06-06T12:31:05Z,orphans_remain_after_lookback,,
2026-06-06T15:01:25Z,634,2026-05-23T14:36:58Z,2026-06-06T14:36:58Z,orphans_remain_after_lookback,,
2026-06-06T16:05:42Z,634,2026-05-23T15:35:27Z,2026-06-06T15:35:27Z,orphans_remain_after_lookback,,
2026-06-06T17:10:19Z,634,2026-05-23T16:18:11Z,2026-06-06T16:18:11Z,orphans_remain_after_lookback,,
2026-06-06T18:12:21Z,634,2026-05-23T16:18:11Z,2026-06-06T16:18:11Z,orphans_remain_after_lookback,,
2026-06-06T19:16:44Z,634,2026-05-23T18:39:44Z,2026-06-06T18:39:44Z,orphans_remain_after_lookback,,
2026-06-06T20:18:41Z,634,2026-05-23T20:03:28Z,2026-06-06T20:03:28Z,orphans_remain_after_lookback,,
2026-06-06T21:29:24Z,634,2026-05-23T20:21:46Z,2026-06-06T20:21:46Z,orphans_remain_after_lookback,,
2026-06-06T22:40:52Z,634,2026-05-23T20:21:46Z,2026-06-06T20:21:46Z,orphans_remain_after_lookback,,
2026-06-06T23:41:56Z,634,2026-05-23T20:21:46Z,2026-06-06T20:21:46Z,orphans_remain_after_lookback,,
2026-06-07T00:44:33Z,634,2026-05-23T20:21:46Z,2026-06-06T20:21:46Z,orphans_remain_after_lookback,,
2026-06-07T01:45:29Z,634,2026-05-23T20:21:46Z,2026-06-06T20:21:46Z,orphans_remain_after_lookback,,
2026-06-07T02:46:58Z,634,2026-05-23T20:21:46Z,2026-06-06T20:21:46Z,orphans_remain_after_lookback,,
2026-06-07T03:50:45Z,634,2026-05-24T02:58:42Z,2026-06-07T02:58:42Z,orphans_remain_after_lookback,,
2026-06-07T04:52:41Z,634,2026-05-24T02:58:42Z,2026-06-07T02:58:42Z,orphans_remain_after_lookback,,
2026-06-07T05:59:10Z,634,2026-05-24T02:58:42Z,2026-06-07T02:58:42Z,orphans_remain_after_lookback,,
2026-06-07T07:03:46Z,634,2026-05-24T06:54:07Z,2026-06-07T06:54:07Z,orphans_remain_after_lookback,,
2026-06-07T08:11:10Z,634,2026-05-24T07:32:46Z,2026-06-07T07:32:46Z,orphans_remain_after_lookback,,
2026-06-07T09:14:56Z,634,2026-05-24T07:32:46Z,2026-06-07T07:32:46Z,orphans_remain_after_lookback,,
2026-06-07T10:21:57Z,634,2026-05-24T10:11:56Z,2026-06-07T10:11:56Z,orphans_remain_after_lookback,,
2026-06-07T11:29:45Z,634,2026-05-24T11:18:35Z,2026-06-07T11:18:35Z,orphans_remain_after_lookback,,
2026-06-07T12:33:42Z,634,2026-05-24T11:54:30Z,2026-06-07T11:54:30Z,orphans_remain_after_lookback,,
2026-06-07T13:38:32Z,634,2026-05-24T13:18:29Z,2026-06-07T13:18:29Z,orphans_remain_after_lookback,,
2026-06-07T14:42:10Z,634,2026-05-24T13:59:51Z,2026-06-07T13:59:51Z,orphans_remain_after_lookback,,
2026-06-07T15:48:45Z,634,2026-05-24T15:30:44Z,2026-06-07T15:30:44Z,orphans_remain_after_lookback,,
2026-06-07T16:54:30Z,634,2026-05-24T15:30:44Z,2026-06-07T15:30:44Z,orphans_remain_after_lookback,,
2026-06-07T17:59:41Z,634,2026-05-24T17:35:44Z,2026-06-07T17:35:44Z,orphans_remain_after_lookback,,
2026-06-07T19:05:17Z,634,2026-05-24T18:45:11Z,2026-06-07T18:45:11Z,orphans_remain_after_lookback,,
2026-06-07T20:17:19Z,634,2026-05-24T19:39:33Z,2026-06-07T19:39:33Z,b004_failed_after_recovery_rc_1,,
2026-06-07T21:25:23Z,634,2026-05-24T20:53:43Z,2026-06-07T20:53:43Z,b004_failed_after_recovery_rc_1,,
2026-06-07T22:27:26Z,634,2026-05-24T22:10:51Z,2026-06-07T22:10:51Z,orphans_remain_after_lookback,,
2026-06-07T23:33:33Z,634,2026-05-24T22:55:32Z,2026-06-07T22:55:32Z,orphans_remain_after_lookback,,
2026-06-08T00:38:51Z,634,2026-05-25T00:03:50Z,2026-06-08T00:03:50Z,orphans_remain_after_lookback,,
2026-06-08T01:48:26Z,634,2026-05-25T01:25:34Z,2026-06-08T01:25:34Z,orphans_remain_after_lookback,,
2026-06-08T02:53:27Z,634,2026-05-25T01:25:34Z,2026-06-08T01:25:34Z,orphans_remain_after_lookback,,
2026-06-08T03:57:23Z,634,2026-05-25T01:25:34Z,2026-06-08T01:25:34Z,orphans_remain_after_lookback,,
2026-06-08T05:30:19Z,634,2026-05-25T04:23:03Z,2026-06-08T04:23:03Z,orphans_remain_after_lookback,,
2026-06-08T06:32:32Z,634,2026-05-25T04:23:03Z,2026-06-08T04:23:03Z,orphans_remain_after_lookback,,
2026-06-08T07:33:48Z,634,2026-05-25T04:23:03Z,2026-06-08T04:23:03Z,orphans_remain_after_lookback,,
2026-06-08T08:34:30Z,634,2026-05-25T08:05:50Z,2026-06-08T08:05:50Z,orphans_remain_after_lookback,,
2026-06-08T09:37:18Z,634,2026-05-25T09:00:03Z,2026-06-08T09:00:03Z,orphans_remain_after_lookback,,
2026-06-08T10:38:51Z,634,2026-05-25T10:13:06Z,2026-06-08T10:13:06Z,orphans_remain_after_lookback,,
2026-06-08T11:38:58Z,634,2026-05-25T10:43:01Z,2026-06-08T10:43:01Z,orphans_remain_after_lookback,,
2026-06-08T12:41:49Z,634,2026-05-25T12:21:01Z,2026-06-08T12:21:01Z,orphans_remain_after_lookback,,
2026-06-08T13:46:14Z,634,2026-05-25T13:18:48Z,2026-06-08T13:18:48Z,orphans_remain_after_lookback,,
2026-06-08T15:08:24Z,634,2026-05-25T14:39:22Z,2026-06-08T14:39:22Z,orphans_remain_after_lookback,,
2026-06-08T16:23:58Z,634,2026-05-25T16:07:26Z,2026-06-08T16:07:26Z,orphans_remain_after_lookback,,
2026-06-08T17:27:46Z,634,2026-05-25T16:28:28Z,2026-06-08T16:28:28Z,orphans_remain_after_lookback,,
2026-06-08T18:34:12Z,634,2026-05-25T17:54:44Z,2026-06-08T17:54:44Z,orphans_remain_after_lookback,,
2026-06-08T19:38:57Z,634,2026-05-25T17:54:44Z,2026-06-08T17:54:44Z,orphans_remain_after_lookback,,
2026-06-08T20:39:44Z,634,2026-05-25T20:32:14Z,2026-06-08T20:32:14Z,orphans_remain_after_lookback,,
2026-06-08T21:40:50Z,634,2026-05-25T20:46:26Z,2026-06-08T20:46:26Z,orphans_remain_after_lookback,,
2026-06-08T22:41:20Z,634,2026-05-25T22:19:42Z,2026-06-08T22:19:42Z,orphans_remain_after_lookback,,
2026-06-08T23:45:09Z,634,2026-05-25T22:19:42Z,2026-06-08T22:19:42Z,orphans_remain_after_lookback,,
2026-06-09T00:46:45Z,634,2026-05-26T00:05:16Z,2026-06-09T00:05:16Z,orphans_remain_after_lookback,,
2026-06-09T02:21:42Z,634,2026-05-26T00:05:16Z,2026-06-09T00:05:16Z,orphans_remain_after_lookback,,
2026-06-09T03:24:36Z,634,2026-05-26T00:05:16Z,2026-06-09T00:05:16Z,orphans_remain_after_lookback,,
2026-06-09T04:27:46Z,634,2026-05-26T03:51:21Z,2026-06-09T03:51:21Z,orphans_remain_after_lookback,,
2026-06-09T05:28:34Z,634,2026-05-26T04:42:39Z,2026-06-09T04:42:39Z,orphans_remain_after_lookback,,
2026-06-09T07:40:35Z,634,2026-05-26T07:23:51Z,2026-06-09T07:23:51Z,orphans_remain_after_lookback,,
2026-06-09T08:47:26Z,634,2026-05-26T08:16:25Z,2026-06-09T08:16:25Z,orphans_remain_after_lookback,,
2026-06-09T10:08:57Z,634,2026-05-26T08:16:25Z,2026-06-09T08:16:25Z,orphans_remain_after_lookback,,
2026-06-09T11:22:16Z,634,2026-05-26T10:47:42Z,2026-06-09T10:47:42Z,orphans_remain_after_lookback,,
2026-06-09T12:27:00Z,634,2026-05-26T12:10:50Z,2026-06-09T12:10:50Z,orphans_remain_after_lookback,,
2026-06-09T13:29:34Z,634,2026-05-26T12:46:16Z,2026-06-09T12:46:16Z,orphans_remain_after_lookback,,
2026-06-09T14:35:47Z,634,2026-05-26T13:47:50Z,2026-06-09T13:47:50Z,b004_failed_after_recovery_rc_1,,
2026-06-09T15:35:45Z,634,2026-05-26T15:09:11Z,2026-06-09T15:09:11Z,orphans_remain_after_lookback,,
2026-06-09T16:38:30Z,634,2026-05-26T15:41:00Z,2026-06-09T15:41:00Z,orphans_remain_after_lookback,,
2026-06-09T17:38:33Z,634,2026-05-26T16:37:35Z,2026-06-09T16:37:35Z,orphans_remain_after_lookback,,
2026-06-09T18:41:28Z,634,2026-05-26T18:23:42Z,2026-06-09T18:23:42Z,orphans_remain_after_lookback,,
2026-06-09T19:45:52Z,634,2026-05-26T19:39:37Z,2026-06-09T19:39:37Z,orphans_remain_after_lookback,,
2026-06-09T20:49:27Z,634,2026-05-26T20:33:24Z,2026-06-09T20:33:24Z,orphans_remain_after_lookback,,
2026-06-09T21:51:16Z,634,2026-05-26T20:33:24Z,2026-06-09T20:33:24Z,orphans_remain_after_lookback,,
2026-06-09T22:54:45Z,634,2026-05-26T22:45:26Z,2026-06-09T22:45:26Z,orphans_remain_after_lookback,,
2026-06-09T23:55:59Z,634,2026-05-26T22:45:26Z,2026-06-09T22:45:26Z,orphans_remain_after_lookback,,
2026-06-10T01:04:19Z,634,2026-05-27T00:21:06Z,2026-06-10T00:21:06Z,orphans_remain_after_lookback,,
2026-06-10T02:07:39Z,634,2026-05-27T00:21:06Z,2026-06-10T00:21:06Z,orphans_remain_after_lookback,,
2026-06-10T03:09:46Z,634,2026-05-27T00:21:06Z,2026-06-10T00:21:06Z,orphans_remain_after_lookback,,
2026-06-10T04:09:46Z,634,2026-05-27T00:21:06Z,2026-06-10T00:21:06Z,orphans_remain_after_lookback,,
2026-06-10T05:32:51Z,634,2026-05-27T00:21:06Z,2026-06-10T00:21:06Z,orphans_remain_after_lookback,,
2026-06-10T06:38:43Z,634,2026-05-27T00:21:06Z,2026-06-10T00:21:06Z,orphans_remain_after_lookback,,
2026-06-10T07:46:17Z,634,2026-05-27T00:21:06Z,2026-06-10T00:21:06Z,b001_failed_marketplace_A28R8C7NBKEWEA,,
2026-06-10T07:44:58Z,634,2026-05-27T00:21:06Z,2026-06-10T00:21:06Z,orphans_remain_after_lookback,,
2026-06-10T07:48:57Z,634,2026-05-27T00:21:06Z,2026-06-10T00:21:06Z,b001_failure_summary,,A28R8C7NBKEWEA
