timestamp_utc,asof_date,marketplace,sku,asin,seller_id,seller_seen_flag,first_seen_timestamp,last_seen_timestamp,continuous_presence_hours,absence_gap_hours,reentry_after_absence_flag,offer_price_gbp,min_price_seen_gbp,max_price_seen_gbp,median_price_seen_gbp,time_at_min_price_hours,time_at_max_price_hours,price_move_initiations,follow_events,reaction_lag_minutes,directional_bias,floor_set_events,min_delivery_days,max_delivery_days,delivery_range_days,is_prime,delivery_delta_vs_fastest_days,fulfilment_channel,our_price,our_price_changes,our_delivery_posture,manual_interventions,intent_notes,source,notes
2026-02-07T00:00:00Z,2026-02-07,UK,4W-VS57-BV6A,B0C9LJNJWZ,A16ZATMMFE8J3Y,1,2026-02-07T00:00:00Z,2026-02-07T00:00:00Z,0.0000,,0,35.99,35.9900,35.9900,35.9900,0.0000,0.0000,0,,,flat,0,0,0,0,1,0,FBM,35.91,0,,,,DERIVED_FROM_SELLER_OBSERVATION_HISTORY,
2026-02-07T00:00:00Z,2026-02-07,UK,4W-VS57-BV6A,B0C9LJNJWZ,A1U2WCBY9FQRJ5,1,2026-02-07T00:00:00Z,2026-02-07T00:00:00Z,0.0000,,0,38.38,38.3800,38.3800,38.3800,0.0000,0.0000,0,,,flat,0,1,2,1,0,1,FBM,35.91,0,,,,DERIVED_FROM_SELLER_OBSERVATION_HISTORY,
2026-02-07T00:00:00Z,2026-02-07,UK,4W-VS57-BV6A,B0C9LJNJWZ,A23VLR5KYFT1PR,1,2026-02-07T00:00:00Z,2026-02-07T00:00:00Z,0.0000,,0,34.99,34.9900,34.9900,34.9900,0.0000,0.0000,0,,,flat,0,0,0,0,1,0,FBA,35.91,0,,,,DERIVED_FROM_SELLER_OBSERVATION_HISTORY,
2026-02-07T00:00:00Z,2026-02-07,UK,4W-VS57-BV6A,B0C9LJNJWZ,A2N6W6R4NFCNBX,1,2026-02-07T00:00:00Z,2026-02-07T00:00:00Z,0.0000,,0,39.69,39.6900,39.6900,39.6900,0.0000,0.0000,0,,,flat,0,0,0,0,0,0,FBM,35.91,0,,,,DERIVED_FROM_SELLER_OBSERVATION_HISTORY,
2026-02-07T00:00:00Z,2026-02-07,UK,4W-VS57-BV6A,B0C9LJNJWZ,A2UD95CFO7TBZQ,1,2026-02-07T00:00:00Z,2026-02-07T00:00:00Z,0.0000,,0,35.96,35.9600,35.9600,35.9600,0.0000,0.0000,0,,,flat,0,0,0,0,0,0,FBM,35.91,0,,,,DERIVED_FROM_SELLER_OBSERVATION_HISTORY,
2026-02-07T00:00:00Z,2026-02-07,UK,4W-VS57-BV6A,B0C9LJNJWZ,A30DC7701CXIBH,1,2026-02-07T00:00:00Z,2026-02-07T00:00:00Z,0.0000,,0,39.85,39.8500,39.8500,39.8500,0.0000,0.0000,0,,,flat,0,190,190,0,1,190,FBM,35.91,0,,,,DERIVED_FROM_SELLER_OBSERVATION_HISTORY,
2026-02-07T00:00:00Z,2026-02-07,UK,4W-VS57-BV6A,B0C9LJNJWZ,A3HM7WA2CBSOPA,1,2026-02-07T00:00:00Z,2026-02-07T00:00:00Z,0.0000,,0,39.12,39.1200,39.1200,39.1200,0.0000,0.0000,0,,,flat,0,1,1,0,0,1,FBM,35.91,0,,,,DERIVED_FROM_SELLER_OBSERVATION_HISTORY,
2026-02-07T00:00:00Z,2026-02-07,UK,4W-VS57-BV6A,B0C9LJNJWZ,A3KTB05DIFHO8V,1,2026-02-07T00:00:00Z,2026-02-07T00:00:00Z,0.0000,,0,44.99,44.9900,44.9900,44.9900,0.0000,0.0000,0,,,flat,0,1,2,1,0,1,FBM,35.91,0,,,,DERIVED_FROM_SELLER_OBSERVATION_HISTORY,
2026-02-07T00:00:00Z,2026-02-07,UK,4W-VS57-BV6A,B0C9LJNJWZ,A3KTD5M81YFDGM,1,2026-02-07T00:00:00Z,2026-02-07T00:00:00Z,0.0000,,0,35.5,35.5000,35.5000,35.5000,0.0000,0.0000,0,,,flat,0,0,0,0,1,0,FBA,35.91,0,,,,DERIVED_FROM_SELLER_OBSERVATION_HISTORY,
2026-02-07T00:00:00Z,2026-02-07,UK,4W-VS57-BV6A,B0C9LJNJWZ,A3P5ROKL5A1OLE,1,2026-02-07T00:00:00Z,2026-02-07T00:00:00Z,0.0000,,0,35.0,35.0000,35.0000,35.0000,0.0000,0.0000,0,,,flat,0,0,0,0,1,0,FBA,35.91,0,,,,DERIVED_FROM_SELLER_OBSERVATION_HISTORY,
2026-02-07T00:00:00Z,2026-02-07,UK,4W-VS57-BV6A,B0C9LJNJWZ,AAOJ3B4Z594LC,1,2026-02-07T00:00:00Z,2026-02-07T00:00:00Z,0.0000,,0,39.06,39.0600,39.0600,39.0600,0.0000,0.0000,0,,,flat,0,2,3,1,0,2,FBM,35.91,0,,,,DERIVED_FROM_SELLER_OBSERVATION_HISTORY,
2026-02-07T00:00:00Z,2026-02-07,UK,4W-VS57-BV6A,B0C9LJNJWZ,AB5OM860MS57Z,1,2026-02-07T00:00:00Z,2026-02-07T00:00:00Z,0.0000,,0,35.91,35.9100,35.9100,35.9100,0.0000,0.0000,0,,,flat,0,0,0,0,1,0,FBA,35.91,0,,,,DERIVED_FROM_SELLER_OBSERVATION_HISTORY,
2026-02-07T00:00:00Z,2026-02-07,UK,4W-VS57-BV6A,B0C9LJNJWZ,AEU2J2P6WG61R,1,2026-02-07T00:00:00Z,2026-02-07T00:00:00Z,0.0000,,0,37.59,37.5900,37.5900,37.5900,0.0000,0.0000,0,,,flat,0,0,0,0,1,0,FBM,35.91,0,,,,DERIVED_FROM_SELLER_OBSERVATION_HISTORY,
2026-02-07T00:00:00Z,2026-02-07,UK,4W-VS57-BV6A,B0C9LJNJWZ,ARKFZSTQBZS2,1,2026-02-07T00:00:00Z,2026-02-07T00:00:00Z,0.0000,,0,37.25,37.2500,37.2500,37.2500,0.0000,0.0000,0,,,flat,0,2,3,1,0,2,FBM,35.91,0,,,,DERIVED_FROM_SELLER_OBSERVATION_HISTORY,
2026-02-07T00:00:00Z,2026-02-07,UK,6V-EEC1-2S9Z,B06WW79DX5,A11RGASXV3EWM4,1,2026-02-07T00:00:00Z,2026-02-07T00:00:00Z,0.0000,,0,9.5,9.5000,9.5000,9.5000,0.0000,0.0000,0,,,flat,0,0,0,0,0,0,FBM,7.99,0,,,,DERIVED_FROM_SELLER_OBSERVATION_HISTORY,
2026-02-07T00:00:00Z,2026-02-07,UK,6V-EEC1-2S9Z,B06WW79DX5,A12MJ1FK852SYB,1,2026-02-07T00:00:00Z,2026-02-07T00:00:00Z,0.0000,,0,9.99,9.9900,9.9900,9.9900,0.0000,0.0000,0,,,flat,0,0,0,0,0,0,FBM,7.99,0,,,,DERIVED_FROM_SELLER_OBSERVATION_HISTORY,
2026-02-07T00:00:00Z,2026-02-07,UK,6V-EEC1-2S9Z,B06WW79DX5,AB5OM860MS57Z,1,2026-02-07T00:00:00Z,2026-02-07T00:00:00Z,0.0000,,0,7.99,7.9900,7.9900,7.9900,0.0000,0.0000,0,,,flat,0,0,0,0,1,0,FBA,7.99,0,,,,DERIVED_FROM_SELLER_OBSERVATION_HISTORY,
2026-02-07T00:00:00Z,2026-02-07,UK,6V-EEC1-2S9Z,B06WW79DX5,AKQMAXFWUV730,1,2026-02-07T00:00:00Z,2026-02-07T00:00:00Z,0.0000,,0,9.99,9.9900,9.9900,9.9900,0.0000,0.0000,0,,,flat,0,0,0,0,0,0,FBM,7.99,0,,,,DERIVED_FROM_SELLER_OBSERVATION_HISTORY,
2026-02-07T00:00:00Z,2026-02-07,UK,6V-EEC1-2S9Z,B06WW79DX5,AM6QF58KGUUM9,1,2026-02-07T00:00:00Z,2026-02-07T00:00:00Z,0.0000,,0,9.47,9.4700,9.4700,9.4700,0.0000,0.0000,0,,,flat,0,0,0,0,1,0,FBM,7.99,0,,,,DERIVED_FROM_SELLER_OBSERVATION_HISTORY,
2026-02-07T00:00:00Z,2026-02-07,UK,6V-EEC1-2S9Z,B06WW79DX5,ATUCW8T149Y55,1,2026-02-07T00:00:00Z,2026-02-07T00:00:00Z,0.0000,,0,10.99,10.9900,10.9900,10.9900,0.0000,0.0000,0,,,flat,0,2,3,1,0,2,FBM,7.99,0,,,,DERIVED_FROM_SELLER_OBSERVATION_HISTORY,
2026-02-07T00:00:00Z,2026-02-07,UK,AX-NKNU-29C1,B08M52B4M5,A10NUX8SYO930S,1,2026-02-07T00:00:00Z,2026-02-07T00:00:00Z,0.0000,,0,5.11,5.1100,5.1100,5.1100,0.0000,0.0000,0,,,flat,0,1,2,1,0,1,FBM,3.99,0,,,,DERIVED_FROM_SELLER_OBSERVATION_HISTORY,
2026-02-07T00:00:00Z,2026-02-07,UK,AX-NKNU-29C1,B08M52B4M5,A24VQX7LPBJ2BC,1,2026-02-07T00:00:00Z,2026-02-07T00:00:00Z,0.0000,,0,1.99,1.9900,1.9900,1.9900,0.0000,0.0000,0,,,flat,0,9,10,1,0,9,FBM,3.99,0,,,,DERIVED_FROM_SELLER_OBSERVATION_HISTORY,
2026-02-07T00:00:00Z,2026-02-07,UK,AX-NKNU-29C1,B08M52B4M5,A2JJBX08NHT52K,1,2026-02-07T00:00:00Z,2026-02-07T00:00:00Z,0.0000,,0,5.35,5.3500,5.3500,5.3500,0.0000,0.0000,0,,,flat,0,1,2,1,0,1,FBM,3.99,0,,,,DERIVED_FROM_SELLER_OBSERVATION_HISTORY,
2026-02-07T00:00:00Z,2026-02-07,UK,AX-NKNU-29C1,B08M52B4M5,AB5OM860MS57Z,1,2026-02-07T00:00:00Z,2026-02-07T00:00:00Z,0.0000,,0,3.99,3.9900,3.9900,3.9900,0.0000,0.0000,0,,,flat,0,0,0,0,1,0,FBA,3.99,0,,,,DERIVED_FROM_SELLER_OBSERVATION_HISTORY,
2026-02-07T00:00:00Z,2026-02-07,UK,AX-NKNU-29C1,B08M52B4M5,AUGCSEQQV3XYY,1,2026-02-07T00:00:00Z,2026-02-07T00:00:00Z,0.0000,,0,4.99,4.9900,4.9900,4.9900,0.0000,0.0000,0,,,flat,0,1,2,1,0,1,FBM,3.99,0,,,,DERIVED_FROM_SELLER_OBSERVATION_HISTORY,
2026-02-07T00:00:00Z,2026-02-07,UK,JB-RGB6-LZOJ,B0001P0DLU,A11NIG1P7AEFFD,1,2026-02-07T00:00:00Z,2026-02-07T00:00:00Z,0.0000,,0,4.45,4.4500,4.4500,4.4500,0.0000,0.0000,0,,,flat,0,1,2,1,0,1,FBM,6.13,0,,,,DERIVED_FROM_SELLER_OBSERVATION_HISTORY,
2026-02-07T00:00:00Z,2026-02-07,UK,JB-RGB6-LZOJ,B0001P0DLU,A1I8X3GIQ4LKR5,1,2026-02-07T00:00:00Z,2026-02-07T00:00:00Z,0.0000,,0,9.68,9.6800,9.6800,9.6800,0.0000,0.0000,0,,,flat,0,1,1,0,0,1,FBM,6.13,0,,,,DERIVED_FROM_SELLER_OBSERVATION_HISTORY,
2026-02-07T00:00:00Z,2026-02-07,UK,JB-RGB6-LZOJ,B0001P0DLU,A24NGU5R55LIUJ,1,2026-02-07T00:00:00Z,2026-02-07T00:00:00Z,0.0000,,0,7.43,7.4300,7.4300,7.4300,0.0000,0.0000,0,,,flat,0,1,1,0,0,1,FBM,6.13,0,,,,DERIVED_FROM_SELLER_OBSERVATION_HISTORY,
2026-02-07T00:00:00Z,2026-02-07,UK,JB-RGB6-LZOJ,B0001P0DLU,A2FYX6NJ6MUB8R,1,2026-02-07T00:00:00Z,2026-02-07T00:00:00Z,0.0000,,0,5.95,5.9500,5.9500,5.9500,0.0000,0.0000,0,,,flat,0,0,0,0,1,0,FBA,6.13,0,,,,DERIVED_FROM_SELLER_OBSERVATION_HISTORY,
2026-02-07T00:00:00Z,2026-02-07,UK,JB-RGB6-LZOJ,B0001P0DLU,A2PJYYPKZTZJ0V,1,2026-02-07T00:00:00Z,2026-02-07T00:00:00Z,0.0000,,0,9.95,9.9500,9.9500,9.9500,0.0000,0.0000,0,,,flat,0,1,1,0,0,1,FBM,6.13,0,,,,DERIVED_FROM_SELLER_OBSERVATION_HISTORY,
2026-02-07T00:00:00Z,2026-02-07,UK,JB-RGB6-LZOJ,B0001P0DLU,A2UB2G4IVPNYOK,1,2026-02-07T00:00:00Z,2026-02-07T00:00:00Z,0.0000,,0,6.13,6.1300,6.1300,6.1300,0.0000,0.0000,0,,,flat,0,0,0,0,1,0,FBA,6.13,0,,,,DERIVED_FROM_SELLER_OBSERVATION_HISTORY,
2026-02-07T00:00:00Z,2026-02-07,UK,JB-RGB6-LZOJ,B0001P0DLU,A38JZE0FB8NDTE,1,2026-02-07T00:00:00Z,2026-02-07T00:00:00Z,0.0000,,0,7.03,7.0300,7.0300,7.0300,0.0000,0.0000,0,,,flat,0,1,1,0,0,1,FBM,6.13,0,,,,DERIVED_FROM_SELLER_OBSERVATION_HISTORY,
2026-02-07T00:00:00Z,2026-02-07,UK,JB-RGB6-LZOJ,B0001P0DLU,A39VTM0CZSRJZA,1,2026-02-07T00:00:00Z,2026-02-07T00:00:00Z,0.0000,,0,6.35,6.3500,6.3500,6.3500,0.0000,0.0000,0,,,flat,0,0,0,0,0,0,FBM,6.13,0,,,,DERIVED_FROM_SELLER_OBSERVATION_HISTORY,
2026-02-07T00:00:00Z,2026-02-07,UK,JB-RGB6-LZOJ,B0001P0DLU,A3HM7WA2CBSOPA,1,2026-02-07T00:00:00Z,2026-02-07T00:00:00Z,0.0000,,0,6.91,6.9100,6.9100,6.9100,0.0000,0.0000,0,,,flat,0,4,5,1,0,4,FBM,6.13,0,,,,DERIVED_FROM_SELLER_OBSERVATION_HISTORY,
2026-02-07T00:00:00Z,2026-02-07,UK,JB-RGB6-LZOJ,B0001P0DLU,A3SK1E64BDMB7W,1,2026-02-07T00:00:00Z,2026-02-07T00:00:00Z,0.0000,,0,12.06,12.0600,12.0600,12.0600,0.0000,0.0000,0,,,flat,0,1,1,0,0,1,FBM,6.13,0,,,,DERIVED_FROM_SELLER_OBSERVATION_HISTORY,
2026-02-07T00:00:00Z,2026-02-07,UK,JB-RGB6-LZOJ,B0001P0DLU,A3V2W4NCHQN1W7,1,2026-02-07T00:00:00Z,2026-02-07T00:00:00Z,0.0000,,0,10.21,10.2100,10.2100,10.2100,0.0000,0.0000,0,,,flat,0,0,0,0,1,0,FBM,6.13,0,,,,DERIVED_FROM_SELLER_OBSERVATION_HISTORY,
2026-02-07T00:00:00Z,2026-02-07,UK,JB-RGB6-LZOJ,B0001P0DLU,A91ZH6FZ52D9H,1,2026-02-07T00:00:00Z,2026-02-07T00:00:00Z,0.0000,,0,9.99,9.9900,9.9900,9.9900,0.0000,0.0000,0,,,flat,0,1,2,1,0,1,FBM,6.13,0,,,,DERIVED_FROM_SELLER_OBSERVATION_HISTORY,
2026-02-07T00:00:00Z,2026-02-07,UK,JB-RGB6-LZOJ,B0001P0DLU,AB5OM860MS57Z,1,2026-02-07T00:00:00Z,2026-02-07T00:00:00Z,0.0000,,0,6.13,6.1300,6.1300,6.1300,0.0000,0.0000,0,,,flat,0,0,0,0,1,0,FBA,6.13,0,,,,DERIVED_FROM_SELLER_OBSERVATION_HISTORY,
2026-02-07T00:00:00Z,2026-02-07,UK,JB-RGB6-LZOJ,B0001P0DLU,AKBY7ZMYYJKZC,1,2026-02-07T00:00:00Z,2026-02-07T00:00:00Z,0.0000,,0,6.9,6.9000,6.9000,6.9000,0.0000,0.0000,0,,,flat,0,1,1,0,0,1,FBM,6.13,0,,,,DERIVED_FROM_SELLER_OBSERVATION_HISTORY,
2026-02-07T00:00:00Z,2026-02-07,UK,JB-RGB6-LZOJ,B0001P0DLU,AY357ZGTL1GSV,1,2026-02-07T00:00:00Z,2026-02-07T00:00:00Z,0.0000,,0,7.8,7.8000,7.8000,7.8000,0.0000,0.0000,0,,,flat,0,1,1,0,0,1,FBM,6.13,0,,,,DERIVED_FROM_SELLER_OBSERVATION_HISTORY,
2026-02-07T00:00:00Z,2026-02-07,UK,RZ-6ZL9-CZ7J,B075XT2J8X,A11153KMTVDZI1,1,2026-02-07T00:00:00Z,2026-02-07T00:00:00Z,0.0000,,0,6.6,6.6000,6.6000,6.6000,0.0000,0.0000,0,,,flat,0,0,0,0,1,0,FBA,6.97,0,,,,DERIVED_FROM_SELLER_OBSERVATION_HISTORY,
2026-02-07T00:00:00Z,2026-02-07,UK,RZ-6ZL9-CZ7J,B075XT2J8X,A15X20ZKTLRSBW,1,2026-02-07T00:00:00Z,2026-02-07T00:00:00Z,0.0000,,0,6.35,6.3500,6.3500,6.3500,0.0000,0.0000,0,,,flat,0,0,0,0,1,0,FBA,6.97,0,,,,DERIVED_FROM_SELLER_OBSERVATION_HISTORY,
2026-02-07T00:00:00Z,2026-02-07,UK,RZ-6ZL9-CZ7J,B075XT2J8X,A196JBKNW3T4BS,1,2026-02-07T00:00:00Z,2026-02-07T00:00:00Z,0.0000,,0,3.27,3.2700,3.2700,3.2700,0.0000,0.0000,0,,,flat,0,1,1,0,0,1,FBM,6.97,0,,,,DERIVED_FROM_SELLER_OBSERVATION_HISTORY,
2026-02-07T00:00:00Z,2026-02-07,UK,RZ-6ZL9-CZ7J,B075XT2J8X,A1QKNW4W5SPM7T,1,2026-02-07T00:00:00Z,2026-02-07T00:00:00Z,0.0000,,0,7.61,7.6100,7.6100,7.6100,0.0000,0.0000,0,,,flat,0,1,1,0,0,1,FBM,6.97,0,,,,DERIVED_FROM_SELLER_OBSERVATION_HISTORY,
2026-02-07T00:00:00Z,2026-02-07,UK,RZ-6ZL9-CZ7J,B075XT2J8X,A1R64IUNVWPSMR,1,2026-02-07T00:00:00Z,2026-02-07T00:00:00Z,0.0000,,0,7.47,7.4700,7.4700,7.4700,0.0000,0.0000,0,,,flat,0,2,3,1,0,2,FBM,6.97,0,,,,DERIVED_FROM_SELLER_OBSERVATION_HISTORY,
2026-02-07T00:00:00Z,2026-02-07,UK,RZ-6ZL9-CZ7J,B075XT2J8X,A2JJBX08NHT52K,1,2026-02-07T00:00:00Z,2026-02-07T00:00:00Z,0.0000,,0,5.07,5.0700,5.0700,5.0700,0.0000,0.0000,0,,,flat,0,1,2,1,0,1,FBM,6.97,0,,,,DERIVED_FROM_SELLER_OBSERVATION_HISTORY,
2026-02-07T00:00:00Z,2026-02-07,UK,RZ-6ZL9-CZ7J,B075XT2J8X,A35UPYDMLICYZX,1,2026-02-07T00:00:00Z,2026-02-07T00:00:00Z,0.0000,,0,10.56,10.5600,10.5600,10.5600,0.0000,0.0000,0,,,flat,0,1,1,0,0,1,FBM,6.97,0,,,,DERIVED_FROM_SELLER_OBSERVATION_HISTORY,
2026-02-07T00:00:00Z,2026-02-07,UK,RZ-6ZL9-CZ7J,B075XT2J8X,A3C70I7GKRCETI,1,2026-02-07T00:00:00Z,2026-02-07T00:00:00Z,0.0000,,0,6.35,6.3500,6.3500,6.3500,0.0000,0.0000,0,,,flat,0,0,0,0,1,0,FBA,6.97,0,,,,DERIVED_FROM_SELLER_OBSERVATION_HISTORY,
2026-02-07T00:00:00Z,2026-02-07,UK,RZ-6ZL9-CZ7J,B075XT2J8X,A6VPZZ5FEXGVE,1,2026-02-07T00:00:00Z,2026-02-07T00:00:00Z,0.0000,,0,8.99,8.9900,8.9900,8.9900,0.0000,0.0000,0,,,flat,0,1,1,0,0,1,FBM,6.97,0,,,,DERIVED_FROM_SELLER_OBSERVATION_HISTORY,
2026-02-07T00:00:00Z,2026-02-07,UK,RZ-6ZL9-CZ7J,B075XT2J8X,AB5OM860MS57Z,1,2026-02-07T00:00:00Z,2026-02-07T00:00:00Z,0.0000,,0,6.97,6.9700,6.9700,6.9700,0.0000,0.0000,0,,,flat,0,0,0,0,1,0,FBA,6.97,0,,,,DERIVED_FROM_SELLER_OBSERVATION_HISTORY,
2026-02-07T00:00:00Z,2026-02-07,UK,TJ-6LOP-OPEU,B08P63MSS9,A2FWYQ039SD442,1,2026-02-07T00:00:00Z,2026-02-07T00:00:00Z,0.0000,,0,8.13,8.1300,8.1300,8.1300,0.0000,0.0000,0,,,flat,0,0,0,0,1,0,FBA,8.13,0,,,,DERIVED_FROM_SELLER_OBSERVATION_HISTORY,
2026-02-07T00:00:00Z,2026-02-07,UK,TJ-6LOP-OPEU,B08P63MSS9,A2JJBX08NHT52K,1,2026-02-07T00:00:00Z,2026-02-07T00:00:00Z,0.0000,,0,4.61,4.6100,4.6100,4.6100,0.0000,0.0000,0,,,flat,0,1,2,1,0,1,FBM,8.13,0,,,,DERIVED_FROM_SELLER_OBSERVATION_HISTORY,
2026-02-07T00:00:00Z,2026-02-07,UK,TJ-6LOP-OPEU,B08P63MSS9,A3IIOPC5WY6KKR,1,2026-02-07T00:00:00Z,2026-02-07T00:00:00Z,0.0000,,0,8.12,8.1200,8.1200,8.1200,0.0000,0.0000,0,,,flat,0,1,2,1,0,1,FBM,8.13,0,,,,DERIVED_FROM_SELLER_OBSERVATION_HISTORY,
2026-02-07T00:00:00Z,2026-02-07,UK,TJ-6LOP-OPEU,B08P63MSS9,AB5OM860MS57Z,1,2026-02-07T00:00:00Z,2026-02-07T00:00:00Z,0.0000,,0,8.13,8.1300,8.1300,8.1300,0.0000,0.0000,0,,,flat,0,0,0,0,1,0,FBA,8.13,0,,,,DERIVED_FROM_SELLER_OBSERVATION_HISTORY,
2026-02-07T00:00:00Z,2026-02-07,UK,TJ-6LOP-OPEU,B08P63MSS9,AHPS0P3VVEPP4,1,2026-02-07T00:00:00Z,2026-02-07T00:00:00Z,0.0000,,0,9.88,9.8800,9.8800,9.8800,0.0000,0.0000,0,,,flat,0,1,1,0,0,1,FBM,8.13,0,,,,DERIVED_FROM_SELLER_OBSERVATION_HISTORY,
2026-02-07T00:00:00Z,2026-02-07,UK,VF-3T0K-DR5O,B08KFFY86W,A1EGWKJ2C3AMWH,1,2026-02-07T00:00:00Z,2026-02-07T00:00:00Z,0.0000,,0,5.05,5.0500,5.0500,5.0500,0.0000,0.0000,0,,,flat,0,0,0,0,1,0,FBA,5.35,0,,,,DERIVED_FROM_SELLER_OBSERVATION_HISTORY,
2026-02-07T00:00:00Z,2026-02-07,UK,VF-3T0K-DR5O,B08KFFY86W,A1PDJFYGLPZ86M,1,2026-02-07T00:00:00Z,2026-02-07T00:00:00Z,0.0000,,0,4.88,4.8800,4.8800,4.8800,0.0000,0.0000,0,,,flat,0,0,0,0,1,0,FBA,5.35,0,,,,DERIVED_FROM_SELLER_OBSERVATION_HISTORY,
2026-02-07T00:00:00Z,2026-02-07,UK,VF-3T0K-DR5O,B08KFFY86W,A1R64IUNVWPSMR,1,2026-02-07T00:00:00Z,2026-02-07T00:00:00Z,0.0000,,0,9.55,9.5500,9.5500,9.5500,0.0000,0.0000,0,,,flat,0,2,3,1,0,2,FBM,5.35,0,,,,DERIVED_FROM_SELLER_OBSERVATION_HISTORY,
2026-02-07T00:00:00Z,2026-02-07,UK,VF-3T0K-DR5O,B08KFFY86W,A21NMD767VKPKA,1,2026-02-07T00:00:00Z,2026-02-07T00:00:00Z,0.0000,,0,4.89,4.8900,4.8900,4.8900,0.0000,0.0000,0,,,flat,0,0,0,0,1,0,FBA,5.35,0,,,,DERIVED_FROM_SELLER_OBSERVATION_HISTORY,
2026-02-07T00:00:00Z,2026-02-07,UK,VF-3T0K-DR5O,B08KFFY86W,A2E1OBJJDHI305,1,2026-02-07T00:00:00Z,2026-02-07T00:00:00Z,0.0000,,0,5.14,5.1400,5.1400,5.1400,0.0000,0.0000,0,,,flat,0,1,1,0,0,1,FBM,5.35,0,,,,DERIVED_FROM_SELLER_OBSERVATION_HISTORY,
2026-02-07T00:00:00Z,2026-02-07,UK,VF-3T0K-DR5O,B08KFFY86W,A2JHK2RGHEOXUY,1,2026-02-07T00:00:00Z,2026-02-07T00:00:00Z,0.0000,,0,4.85,4.8500,4.8500,4.8500,0.0000,0.0000,0,,,flat,0,0,0,0,1,0,FBA,5.35,0,,,,DERIVED_FROM_SELLER_OBSERVATION_HISTORY,
2026-02-07T00:00:00Z,2026-02-07,UK,VF-3T0K-DR5O,B08KFFY86W,A2MSCEFUU7IF9P,1,2026-02-07T00:00:00Z,2026-02-07T00:00:00Z,0.0000,,0,4.85,4.8500,4.8500,4.8500,0.0000,0.0000,0,,,flat,0,0,0,0,1,0,FBA,5.35,0,,,,DERIVED_FROM_SELLER_OBSERVATION_HISTORY,
2026-02-07T00:00:00Z,2026-02-07,UK,VF-3T0K-DR5O,B08KFFY86W,A2V6U7OVTWHOIQ,1,2026-02-07T00:00:00Z,2026-02-07T00:00:00Z,0.0000,,0,6.5,6.5000,6.5000,6.5000,0.0000,0.0000,0,,,flat,0,0,0,0,1,0,FBA,5.35,0,,,,DERIVED_FROM_SELLER_OBSERVATION_HISTORY,
2026-02-07T00:00:00Z,2026-02-07,UK,VF-3T0K-DR5O,B08KFFY86W,A2X29JTGD9RHWQ,1,2026-02-07T00:00:00Z,2026-02-07T00:00:00Z,0.0000,,0,5.7,5.7000,5.7000,5.7000,0.0000,0.0000,0,,,flat,0,0,0,0,1,0,FBA,5.35,0,,,,DERIVED_FROM_SELLER_OBSERVATION_HISTORY,
2026-02-07T00:00:00Z,2026-02-07,UK,VF-3T0K-DR5O,B08KFFY86W,A2YMCJJAZ04D29,1,2026-02-07T00:00:00Z,2026-02-07T00:00:00Z,0.0000,,0,5.05,5.0500,5.0500,5.0500,0.0000,0.0000,0,,,flat,0,0,0,0,1,0,FBA,5.35,0,,,,DERIVED_FROM_SELLER_OBSERVATION_HISTORY,
2026-02-07T00:00:00Z,2026-02-07,UK,VF-3T0K-DR5O,B08KFFY86W,A31WWR0DZ1UNBI,1,2026-02-07T00:00:00Z,2026-02-07T00:00:00Z,0.0000,,0,5.24,5.2400,5.2400,5.2400,0.0000,0.0000,0,,,flat,0,0,0,0,1,0,FBA,5.35,0,,,,DERIVED_FROM_SELLER_OBSERVATION_HISTORY,
2026-02-07T00:00:00Z,2026-02-07,UK,VF-3T0K-DR5O,B08KFFY86W,A328TDCKZBQUHR,1,2026-02-07T00:00:00Z,2026-02-07T00:00:00Z,0.0000,,0,5.15,5.1500,5.1500,5.1500,0.0000,0.0000,0,,,flat,0,0,1,1,1,0,FBA,5.35,0,,,,DERIVED_FROM_SELLER_OBSERVATION_HISTORY,
2026-02-07T00:00:00Z,2026-02-07,UK,VF-3T0K-DR5O,B08KFFY86W,A3P5ROKL5A1OLE,1,2026-02-07T00:00:00Z,2026-02-07T00:00:00Z,0.0000,,0,5.29,5.2900,5.2900,5.2900,0.0000,0.0000,0,,,flat,0,0,0,0,1,0,FBA,5.35,0,,,,DERIVED_FROM_SELLER_OBSERVATION_HISTORY,
2026-02-07T00:00:00Z,2026-02-07,UK,VF-3T0K-DR5O,B08KFFY86W,A3U8ECAOXIZYV1,1,2026-02-07T00:00:00Z,2026-02-07T00:00:00Z,0.0000,,0,9.45,9.4500,9.4500,9.4500,0.0000,0.0000,0,,,flat,0,0,0,0,1,0,FBA,5.35,0,,,,DERIVED_FROM_SELLER_OBSERVATION_HISTORY,
2026-02-07T00:00:00Z,2026-02-07,UK,VF-3T0K-DR5O,B08KFFY86W,A3VZBF976O8DK2,1,2026-02-07T00:00:00Z,2026-02-07T00:00:00Z,0.0000,,0,11.99,11.9900,11.9900,11.9900,0.0000,0.0000,0,,,flat,0,0,0,0,1,0,FBA,5.35,0,,,,DERIVED_FROM_SELLER_OBSERVATION_HISTORY,
2026-02-07T00:00:00Z,2026-02-07,UK,VF-3T0K-DR5O,B08KFFY86W,A6LWA092O6PLA,1,2026-02-07T00:00:00Z,2026-02-07T00:00:00Z,0.0000,,0,4.85,4.8500,4.8500,4.8500,0.0000,0.0000,0,,,flat,0,0,1,1,1,0,FBA,5.35,0,,,,DERIVED_FROM_SELLER_OBSERVATION_HISTORY,
2026-02-07T00:00:00Z,2026-02-07,UK,VF-3T0K-DR5O,B08KFFY86W,AB5OM860MS57Z,1,2026-02-07T00:00:00Z,2026-02-07T00:00:00Z,0.0000,,0,5.35,5.3500,5.3500,5.3500,0.0000,0.0000,0,,,flat,0,0,0,0,1,0,FBA,5.35,0,,,,DERIVED_FROM_SELLER_OBSERVATION_HISTORY,
2026-02-07T00:00:00Z,2026-02-07,UK,VF-3T0K-DR5O,B08KFFY86W,AJO4HUCJKGM4X,1,2026-02-07T00:00:00Z,2026-02-07T00:00:00Z,0.0000,,0,6.37,6.3700,6.3700,6.3700,0.0000,0.0000,0,,,flat,0,0,0,0,1,0,FBA,5.35,0,,,,DERIVED_FROM_SELLER_OBSERVATION_HISTORY,
2026-02-07T00:00:00Z,2026-02-07,UK,XH-0LAE-FQO5,B00AOES9GE,A1EGWKJ2C3AMWH,1,2026-02-07T00:00:00Z,2026-02-07T00:00:00Z,0.0000,,0,6.99,6.9900,6.9900,6.9900,0.0000,0.0000,0,,,flat,0,0,0,0,1,0,FBA,6.9,0,,,,DERIVED_FROM_SELLER_OBSERVATION_HISTORY,
2026-02-07T00:00:00Z,2026-02-07,UK,XH-0LAE-FQO5,B00AOES9GE,A2V6U7OVTWHOIQ,1,2026-02-07T00:00:00Z,2026-02-07T00:00:00Z,0.0000,,0,6.75,6.7500,6.7500,6.7500,0.0000,0.0000,0,,,flat,0,0,0,0,1,0,FBA,6.9,0,,,,DERIVED_FROM_SELLER_OBSERVATION_HISTORY,
2026-02-07T00:00:00Z,2026-02-07,UK,XH-0LAE-FQO5,B00AOES9GE,A2YMCJJAZ04D29,1,2026-02-07T00:00:00Z,2026-02-07T00:00:00Z,0.0000,,0,6.75,6.7500,6.7500,6.7500,0.0000,0.0000,0,,,flat,0,0,0,0,1,0,FBA,6.9,0,,,,DERIVED_FROM_SELLER_OBSERVATION_HISTORY,
2026-02-07T00:00:00Z,2026-02-07,UK,XH-0LAE-FQO5,B00AOES9GE,AB5OM860MS57Z,1,2026-02-07T00:00:00Z,2026-02-07T00:00:00Z,0.0000,,0,6.9,6.9000,6.9000,6.9000,0.0000,0.0000,0,,,flat,0,0,0,0,1,0,FBA,6.9,0,,,,DERIVED_FROM_SELLER_OBSERVATION_HISTORY,
2026-02-07T00:00:00Z,2026-02-07,UK,XY-UM2X-TPS3,B003VTZAM0,A1JBSHTRJ4VCVO,1,2026-02-07T00:00:00Z,2026-02-07T00:00:00Z,0.0000,,0,11.2,11.2000,11.2000,11.2000,0.0000,0.0000,0,,,flat,0,0,0,0,1,0,FBA,11.47,0,,,,DERIVED_FROM_SELLER_OBSERVATION_HISTORY,
2026-02-07T00:00:00Z,2026-02-07,UK,XY-UM2X-TPS3,B003VTZAM0,A26DO76QVK1JFR,1,2026-02-07T00:00:00Z,2026-02-07T00:00:00Z,0.0000,,0,11.99,11.9900,11.9900,11.9900,0.0000,0.0000,0,,,flat,0,0,0,0,1,0,FBA,11.47,0,,,,DERIVED_FROM_SELLER_OBSERVATION_HISTORY,
2026-02-07T00:00:00Z,2026-02-07,UK,XY-UM2X-TPS3,B003VTZAM0,A2F2QWF9KOYS5K,1,2026-02-07T00:00:00Z,2026-02-07T00:00:00Z,0.0000,,0,10.99,10.9900,10.9900,10.9900,0.0000,0.0000,0,,,flat,0,1,1,0,0,1,FBM,11.47,0,,,,DERIVED_FROM_SELLER_OBSERVATION_HISTORY,
2026-02-07T00:00:00Z,2026-02-07,UK,XY-UM2X-TPS3,B003VTZAM0,A2I9GFK5QTOYYM,1,2026-02-07T00:00:00Z,2026-02-07T00:00:00Z,0.0000,,0,11.44,11.4400,11.4400,11.4400,0.0000,0.0000,0,,,flat,0,0,0,0,1,0,FBA,11.47,0,,,,DERIVED_FROM_SELLER_OBSERVATION_HISTORY,
2026-02-07T00:00:00Z,2026-02-07,UK,XY-UM2X-TPS3,B003VTZAM0,A31LES58YOQ58B,1,2026-02-07T00:00:00Z,2026-02-07T00:00:00Z,0.0000,,0,11.6,11.6000,11.6000,11.6000,0.0000,0.0000,0,,,flat,0,0,0,0,1,0,FBA,11.47,0,,,,DERIVED_FROM_SELLER_OBSERVATION_HISTORY,
2026-02-07T00:00:00Z,2026-02-07,UK,XY-UM2X-TPS3,B003VTZAM0,A3HM7WA2CBSOPA,1,2026-02-07T00:00:00Z,2026-02-07T00:00:00Z,0.0000,,0,10.92,10.9200,10.9200,10.9200,0.0000,0.0000,0,,,flat,0,4,5,1,0,4,FBM,11.47,0,,,,DERIVED_FROM_SELLER_OBSERVATION_HISTORY,
2026-02-07T00:00:00Z,2026-02-07,UK,XY-UM2X-TPS3,B003VTZAM0,AB5OM860MS57Z,1,2026-02-07T00:00:00Z,2026-02-07T00:00:00Z,0.0000,,0,11.47,11.4700,11.4700,11.4700,0.0000,0.0000,0,,,flat,0,0,0,0,1,0,FBA,11.47,0,,,,DERIVED_FROM_SELLER_OBSERVATION_HISTORY,
2026-02-07T00:00:00Z,2026-02-07,UK,XY-UM2X-TPS3,B003VTZAM0,AHND7IKI8FHV3,1,2026-02-07T00:00:00Z,2026-02-07T00:00:00Z,0.0000,,0,11.54,11.5400,11.5400,11.5400,0.0000,0.0000,0,,,flat,0,1,2,1,0,1,FBM,11.47,0,,,,DERIVED_FROM_SELLER_OBSERVATION_HISTORY,
2026-02-07T00:00:00Z,2026-02-07,UK,XY-UM2X-TPS3,B003VTZAM0,ATUCW8T149Y55,1,2026-02-07T00:00:00Z,2026-02-07T00:00:00Z,0.0000,,0,11.59,11.5900,11.5900,11.5900,0.0000,0.0000,0,,,flat,0,1,2,1,0,1,FBM,11.47,0,,,,DERIVED_FROM_SELLER_OBSERVATION_HISTORY,
2026-02-07T00:00:00Z,2026-02-07,UK,XY-UM2X-TPS3,B003VTZAM0,AWANDGFK915DA,1,2026-02-07T00:00:00Z,2026-02-07T00:00:00Z,0.0000,,0,9.99,9.9900,9.9900,9.9900,0.0000,0.0000,0,,,flat,0,0,0,0,1,0,FBM,11.47,0,,,,DERIVED_FROM_SELLER_OBSERVATION_HISTORY,
2026-02-07T00:00:00Z,2026-02-07,UK,YC-3L3M-BV48,B0CTD6Q6KY,A16E9EEXA6BX0M,1,2026-02-07T00:00:00Z,2026-02-07T00:00:00Z,0.0000,,0,69.99,69.9900,69.9900,69.9900,0.0000,0.0000,0,,,flat,0,0,0,0,1,0,FBA,74.26,0,,,,DERIVED_FROM_SELLER_OBSERVATION_HISTORY,
2026-02-07T00:00:00Z,2026-02-07,UK,YC-3L3M-BV48,B0CTD6Q6KY,A3P5ROKL5A1OLE,1,2026-02-07T00:00:00Z,2026-02-07T00:00:00Z,0.0000,,0,105.95,105.9500,105.9500,105.9500,0.0000,0.0000,0,,,flat,0,0,0,0,1,0,FBM,74.26,0,,,,DERIVED_FROM_SELLER_OBSERVATION_HISTORY,
2026-02-07T00:00:00Z,2026-02-07,UK,YC-3L3M-BV48,B0CTD6Q6KY,AB5OM860MS57Z,1,2026-02-07T00:00:00Z,2026-02-07T00:00:00Z,0.0000,,0,74.26,74.2600,74.2600,74.2600,0.0000,0.0000,0,,,flat,0,0,0,0,1,0,FBA,74.26,0,,,,DERIVED_FROM_SELLER_OBSERVATION_HISTORY,
2026-02-07T00:00:00Z,2026-02-07,UK,YC-3L3M-BV48,B0CTD6Q6KY,AQ20HDTW7QNBM,1,2026-02-07T00:00:00Z,2026-02-07T00:00:00Z,0.0000,,0,74.0,74.0000,74.0000,74.0000,0.0000,0.0000,0,,,flat,0,0,0,0,1,0,FBA,74.26,0,,,,DERIVED_FROM_SELLER_OBSERVATION_HISTORY,
2026-02-09T00:00:00Z,2026-02-09,UK,4W-VS57-BV6A,B0C9LJNJWZ,A16ZATMMFE8J3Y,1,2026-02-07T00:00:00Z,2026-02-09T00:00:00Z,0.0000,48.0000,1,35.99,35.9900,35.9900,35.9900,48.0000,48.0000,0,,,flat,0,0,0,0,1,0,FBM,35.91,0,,,,DERIVED_FROM_SELLER_OBSERVATION_HISTORY,
2026-02-09T00:00:00Z,2026-02-09,UK,4W-VS57-BV6A,B0C9LJNJWZ,A1U2WCBY9FQRJ5,1,2026-02-07T00:00:00Z,2026-02-09T00:00:00Z,0.0000,48.0000,1,38.38,38.3800,38.3800,38.3800,48.0000,48.0000,0,,,flat,0,1,2,1,0,1,FBM,35.91,0,,,,DERIVED_FROM_SELLER_OBSERVATION_HISTORY,
2026-02-09T00:00:00Z,2026-02-09,UK,4W-VS57-BV6A,B0C9LJNJWZ,A23VLR5KYFT1PR,1,2026-02-07T00:00:00Z,2026-02-09T00:00:00Z,0.0000,48.0000,1,34.99,34.9900,34.9900,34.9900,48.0000,48.0000,0,,,flat,0,0,0,0,1,0,FBA,35.91,0,,,,DERIVED_FROM_SELLER_OBSERVATION_HISTORY,
2026-02-09T00:00:00Z,2026-02-09,UK,4W-VS57-BV6A,B0C9LJNJWZ,A2N6W6R4NFCNBX,1,2026-02-07T00:00:00Z,2026-02-09T00:00:00Z,0.0000,48.0000,1,39.69,39.6900,39.6900,39.6900,48.0000,48.0000,0,,,flat,0,0,0,0,0,0,FBM,35.91,0,,,,DERIVED_FROM_SELLER_OBSERVATION_HISTORY,
2026-02-09T00:00:00Z,2026-02-09,UK,4W-VS57-BV6A,B0C9LJNJWZ,A2UD95CFO7TBZQ,1,2026-02-07T00:00:00Z,2026-02-09T00:00:00Z,0.0000,48.0000,1,35.96,35.9600,35.9600,35.9600,48.0000,48.0000,0,,,flat,0,0,0,0,0,0,FBM,35.91,0,,,,DERIVED_FROM_SELLER_OBSERVATION_HISTORY,
2026-02-09T00:00:00Z,2026-02-09,UK,4W-VS57-BV6A,B0C9LJNJWZ,A30DC7701CXIBH,1,2026-02-07T00:00:00Z,2026-02-09T00:00:00Z,0.0000,48.0000,1,39.85,39.8500,39.8500,39.8500,48.0000,48.0000,0,,,flat,0,190,190,0,1,190,FBM,35.91,0,,,,DERIVED_FROM_SELLER_OBSERVATION_HISTORY,
2026-02-09T00:00:00Z,2026-02-09,UK,4W-VS57-BV6A,B0C9LJNJWZ,A3HM7WA2CBSOPA,1,2026-02-07T00:00:00Z,2026-02-09T00:00:00Z,0.0000,48.0000,1,39.12,39.1200,39.1200,39.1200,48.0000,48.0000,0,,,flat,0,1,1,0,0,1,FBM,35.91,0,,,,DERIVED_FROM_SELLER_OBSERVATION_HISTORY,
2026-02-09T00:00:00Z,2026-02-09,UK,4W-VS57-BV6A,B0C9LJNJWZ,A3KTB05DIFHO8V,1,2026-02-07T00:00:00Z,2026-02-09T00:00:00Z,0.0000,48.0000,1,44.99,44.9900,44.9900,44.9900,48.0000,48.0000,0,,,flat,0,1,2,1,0,1,FBM,35.91,0,,,,DERIVED_FROM_SELLER_OBSERVATION_HISTORY,
2026-02-09T00:00:00Z,2026-02-09,UK,4W-VS57-BV6A,B0C9LJNJWZ,A3KTD5M81YFDGM,1,2026-02-07T00:00:00Z,2026-02-09T00:00:00Z,0.0000,48.0000,1,35.5,35.5000,35.5000,35.5000,48.0000,48.0000,0,,,flat,0,0,0,0,1,0,FBA,35.91,0,,,,DERIVED_FROM_SELLER_OBSERVATION_HISTORY,
2026-02-09T00:00:00Z,2026-02-09,UK,4W-VS57-BV6A,B0C9LJNJWZ,A3P5ROKL5A1OLE,1,2026-02-07T00:00:00Z,2026-02-09T00:00:00Z,0.0000,48.0000,1,35.0,35.0000,35.0000,35.0000,48.0000,48.0000,0,,,flat,0,0,0,0,1,0,FBA,35.91,0,,,,DERIVED_FROM_SELLER_OBSERVATION_HISTORY,
2026-02-09T00:00:00Z,2026-02-09,UK,4W-VS57-BV6A,B0C9LJNJWZ,AAOJ3B4Z594LC,1,2026-02-07T00:00:00Z,2026-02-09T00:00:00Z,0.0000,48.0000,1,38.89,38.8900,39.0600,38.9750,48.0000,48.0000,1,,,down,1,2,3,1,0,2,FBM,35.91,0,,,,DERIVED_FROM_SELLER_OBSERVATION_HISTORY,
2026-02-09T00:00:00Z,2026-02-09,UK,4W-VS57-BV6A,B0C9LJNJWZ,AB5OM860MS57Z,1,2026-02-07T00:00:00Z,2026-02-09T00:00:00Z,0.0000,48.0000,1,35.91,35.9100,35.9100,35.9100,48.0000,48.0000,0,,,flat,0,0,0,0,1,0,FBA,35.91,0,,,,DERIVED_FROM_SELLER_OBSERVATION_HISTORY,
2026-02-09T00:00:00Z,2026-02-09,UK,4W-VS57-BV6A,B0C9LJNJWZ,AEU2J2P6WG61R,1,2026-02-07T00:00:00Z,2026-02-09T00:00:00Z,0.0000,48.0000,1,37.59,37.5900,37.5900,37.5900,48.0000,48.0000,0,,,flat,0,0,0,0,1,0,FBM,35.91,0,,,,DERIVED_FROM_SELLER_OBSERVATION_HISTORY,
2026-02-09T00:00:00Z,2026-02-09,UK,4W-VS57-BV6A,B0C9LJNJWZ,ARKFZSTQBZS2,1,2026-02-07T00:00:00Z,2026-02-09T00:00:00Z,0.0000,48.0000,1,37.25,37.2500,37.2500,37.2500,48.0000,48.0000,0,,,flat,0,2,3,1,0,2,FBM,35.91,0,,,,DERIVED_FROM_SELLER_OBSERVATION_HISTORY,
2026-02-09T00:00:00Z,2026-02-09,UK,6V-EEC1-2S9Z,B06WW79DX5,A11RGASXV3EWM4,1,2026-02-07T00:00:00Z,2026-02-09T00:00:00Z,0.0000,48.0000,1,9.5,9.5000,9.5000,9.5000,48.0000,48.0000,0,,,flat,0,0,0,0,0,0,FBM,7.99,0,,,,DERIVED_FROM_SELLER_OBSERVATION_HISTORY,
2026-02-09T00:00:00Z,2026-02-09,UK,6V-EEC1-2S9Z,B06WW79DX5,A12MJ1FK852SYB,1,2026-02-07T00:00:00Z,2026-02-09T00:00:00Z,0.0000,48.0000,1,9.99,9.9900,9.9900,9.9900,48.0000,48.0000,0,,,flat,0,0,0,0,0,0,FBM,7.99,0,,,,DERIVED_FROM_SELLER_OBSERVATION_HISTORY,
2026-02-09T00:00:00Z,2026-02-09,UK,6V-EEC1-2S9Z,B06WW79DX5,AB5OM860MS57Z,1,2026-02-07T00:00:00Z,2026-02-09T00:00:00Z,0.0000,48.0000,1,7.99,7.9900,7.9900,7.9900,48.0000,48.0000,0,,,flat,0,0,0,0,1,0,FBA,7.99,0,,,,DERIVED_FROM_SELLER_OBSERVATION_HISTORY,
2026-02-09T00:00:00Z,2026-02-09,UK,6V-EEC1-2S9Z,B06WW79DX5,AKQMAXFWUV730,1,2026-02-07T00:00:00Z,2026-02-09T00:00:00Z,0.0000,48.0000,1,9.99,9.9900,9.9900,9.9900,48.0000,48.0000,0,,,flat,0,0,0,0,0,0,FBM,7.99,0,,,,DERIVED_FROM_SELLER_OBSERVATION_HISTORY,
2026-02-09T00:00:00Z,2026-02-09,UK,6V-EEC1-2S9Z,B06WW79DX5,AM6QF58KGUUM9,1,2026-02-07T00:00:00Z,2026-02-09T00:00:00Z,0.0000,48.0000,1,9.22,9.2200,9.4700,9.3450,48.0000,48.0000,1,,,down,1,0,0,0,0,0,FBM,7.99,0,,,,DERIVED_FROM_SELLER_OBSERVATION_HISTORY,
2026-02-09T00:00:00Z,2026-02-09,UK,6V-EEC1-2S9Z,B06WW79DX5,ATUCW8T149Y55,1,2026-02-07T00:00:00Z,2026-02-09T00:00:00Z,0.0000,48.0000,1,10.99,10.9900,10.9900,10.9900,48.0000,48.0000,0,,,flat,0,2,3,1,0,2,FBM,7.99,0,,,,DERIVED_FROM_SELLER_OBSERVATION_HISTORY,
2026-02-09T00:00:00Z,2026-02-09,UK,AX-NKNU-29C1,B08M52B4M5,A10NUX8SYO930S,1,2026-02-07T00:00:00Z,2026-02-09T00:00:00Z,0.0000,48.0000,1,5.11,5.1100,5.1100,5.1100,48.0000,48.0000,0,,,flat,0,1,2,1,0,1,FBM,3.99,0,,,,DERIVED_FROM_SELLER_OBSERVATION_HISTORY,
2026-02-09T00:00:00Z,2026-02-09,UK,AX-NKNU-29C1,B08M52B4M5,A24VQX7LPBJ2BC,1,2026-02-07T00:00:00Z,2026-02-09T00:00:00Z,0.0000,48.0000,1,1.99,1.9900,1.9900,1.9900,48.0000,48.0000,0,,,flat,0,9,10,1,0,9,FBM,3.99,0,,,,DERIVED_FROM_SELLER_OBSERVATION_HISTORY,
2026-02-09T00:00:00Z,2026-02-09,UK,AX-NKNU-29C1,B08M52B4M5,A2JJBX08NHT52K,1,2026-02-07T00:00:00Z,2026-02-09T00:00:00Z,0.0000,48.0000,1,5.35,5.3500,5.3500,5.3500,48.0000,48.0000,0,,,flat,0,1,2,1,0,1,FBM,3.99,0,,,,DERIVED_FROM_SELLER_OBSERVATION_HISTORY,
2026-02-09T00:00:00Z,2026-02-09,UK,AX-NKNU-29C1,B08M52B4M5,AB5OM860MS57Z,1,2026-02-07T00:00:00Z,2026-02-09T00:00:00Z,0.0000,48.0000,1,3.99,3.9900,3.9900,3.9900,48.0000,48.0000,0,,,flat,0,0,0,0,1,0,FBA,3.99,0,,,,DERIVED_FROM_SELLER_OBSERVATION_HISTORY,
2026-02-09T00:00:00Z,2026-02-09,UK,AX-NKNU-29C1,B08M52B4M5,AUGCSEQQV3XYY,1,2026-02-07T00:00:00Z,2026-02-09T00:00:00Z,0.0000,48.0000,1,4.99,4.9900,4.9900,4.9900,48.0000,48.0000,0,,,flat,0,1,2,1,0,1,FBM,3.99,0,,,,DERIVED_FROM_SELLER_OBSERVATION_HISTORY,
2026-02-09T00:00:00Z,2026-02-09,UK,JB-RGB6-LZOJ,B0001P0DLU,A11NIG1P7AEFFD,1,2026-02-07T00:00:00Z,2026-02-09T00:00:00Z,0.0000,48.0000,1,4.45,4.4500,4.4500,4.4500,48.0000,48.0000,0,,,flat,0,1,2,1,0,1,FBM,6.15,1,,,,DERIVED_FROM_SELLER_OBSERVATION_HISTORY,
2026-02-09T00:00:00Z,2026-02-09,UK,JB-RGB6-LZOJ,B0001P0DLU,A1I8X3GIQ4LKR5,1,2026-02-07T00:00:00Z,2026-02-09T00:00:00Z,0.0000,48.0000,1,9.68,9.6800,9.6800,9.6800,48.0000,48.0000,0,,,flat,0,1,1,0,0,1,FBM,6.15,1,,,,DERIVED_FROM_SELLER_OBSERVATION_HISTORY,
2026-02-09T00:00:00Z,2026-02-09,UK,JB-RGB6-LZOJ,B0001P0DLU,A24NGU5R55LIUJ,1,2026-02-07T00:00:00Z,2026-02-09T00:00:00Z,0.0000,48.0000,1,7.43,7.4300,7.4300,7.4300,48.0000,48.0000,0,,,flat,0,1,1,0,0,1,FBM,6.15,1,,,,DERIVED_FROM_SELLER_OBSERVATION_HISTORY,
2026-02-09T00:00:00Z,2026-02-09,UK,JB-RGB6-LZOJ,B0001P0DLU,A2PJYYPKZTZJ0V,1,2026-02-07T00:00:00Z,2026-02-09T00:00:00Z,0.0000,48.0000,1,9.95,9.9500,9.9500,9.9500,48.0000,48.0000,0,,,flat,0,1,1,0,0,1,FBM,6.15,1,,,,DERIVED_FROM_SELLER_OBSERVATION_HISTORY,
2026-02-09T00:00:00Z,2026-02-09,UK,JB-RGB6-LZOJ,B0001P0DLU,A2UB2G4IVPNYOK,1,2026-02-07T00:00:00Z,2026-02-09T00:00:00Z,0.0000,48.0000,1,6.15,6.1300,6.1500,6.1400,48.0000,48.0000,1,,,up,0,0,0,0,1,0,FBA,6.15,1,,,,DERIVED_FROM_SELLER_OBSERVATION_HISTORY,
2026-02-09T00:00:00Z,2026-02-09,UK,JB-RGB6-LZOJ,B0001P0DLU,A38JZE0FB8NDTE,1,2026-02-07T00:00:00Z,2026-02-09T00:00:00Z,0.0000,48.0000,1,7.03,7.0300,7.0300,7.0300,48.0000,48.0000,0,,,flat,0,1,1,0,0,1,FBM,6.15,1,,,,DERIVED_FROM_SELLER_OBSERVATION_HISTORY,
2026-02-09T00:00:00Z,2026-02-09,UK,JB-RGB6-LZOJ,B0001P0DLU,A39VTM0CZSRJZA,1,2026-02-07T00:00:00Z,2026-02-09T00:00:00Z,0.0000,48.0000,1,6.35,6.3500,6.3500,6.3500,48.0000,48.0000,0,,,flat,0,0,0,0,0,0,FBM,6.15,1,,,,DERIVED_FROM_SELLER_OBSERVATION_HISTORY,
2026-02-09T00:00:00Z,2026-02-09,UK,JB-RGB6-LZOJ,B0001P0DLU,A3HM7WA2CBSOPA,1,2026-02-07T00:00:00Z,2026-02-09T00:00:00Z,0.0000,48.0000,1,6.91,6.9100,6.9100,6.9100,48.0000,48.0000,0,,,flat,0,4,5,1,0,4,FBM,6.15,1,,,,DERIVED_FROM_SELLER_OBSERVATION_HISTORY,
2026-02-09T00:00:00Z,2026-02-09,UK,JB-RGB6-LZOJ,B0001P0DLU,A3SK1E64BDMB7W,1,2026-02-07T00:00:00Z,2026-02-09T00:00:00Z,0.0000,48.0000,1,12.06,12.0600,12.0600,12.0600,48.0000,48.0000,0,,,flat,0,1,1,0,0,1,FBM,6.15,1,,,,DERIVED_FROM_SELLER_OBSERVATION_HISTORY,
2026-02-09T00:00:00Z,2026-02-09,UK,JB-RGB6-LZOJ,B0001P0DLU,A3V2W4NCHQN1W7,1,2026-02-07T00:00:00Z,2026-02-09T00:00:00Z,0.0000,48.0000,1,10.21,10.2100,10.2100,10.2100,48.0000,48.0000,0,,,flat,0,0,0,0,1,0,FBM,6.15,1,,,,DERIVED_FROM_SELLER_OBSERVATION_HISTORY,
2026-02-09T00:00:00Z,2026-02-09,UK,JB-RGB6-LZOJ,B0001P0DLU,A91ZH6FZ52D9H,1,2026-02-07T00:00:00Z,2026-02-09T00:00:00Z,0.0000,48.0000,1,9.99,9.9900,9.9900,9.9900,48.0000,48.0000,0,,,flat,0,1,2,1,0,1,FBM,6.15,1,,,,DERIVED_FROM_SELLER_OBSERVATION_HISTORY,
2026-02-09T00:00:00Z,2026-02-09,UK,JB-RGB6-LZOJ,B0001P0DLU,AB5OM860MS57Z,1,2026-02-07T00:00:00Z,2026-02-09T00:00:00Z,0.0000,48.0000,1,6.15,6.1300,6.1500,6.1400,48.0000,48.0000,1,,,up,0,0,0,0,1,0,FBA,6.15,1,,,,DERIVED_FROM_SELLER_OBSERVATION_HISTORY,
2026-02-09T00:00:00Z,2026-02-09,UK,JB-RGB6-LZOJ,B0001P0DLU,AKBY7ZMYYJKZC,1,2026-02-07T00:00:00Z,2026-02-09T00:00:00Z,0.0000,48.0000,1,6.9,6.9000,6.9000,6.9000,48.0000,48.0000,0,,,flat,0,1,1,0,0,1,FBM,6.15,1,,,,DERIVED_FROM_SELLER_OBSERVATION_HISTORY,
2026-02-09T00:00:00Z,2026-02-09,UK,JB-RGB6-LZOJ,B0001P0DLU,AY357ZGTL1GSV,1,2026-02-07T00:00:00Z,2026-02-09T00:00:00Z,0.0000,48.0000,1,7.8,7.8000,7.8000,7.8000,48.0000,48.0000,0,,,flat,0,1,1,0,0,1,FBM,6.15,1,,,,DERIVED_FROM_SELLER_OBSERVATION_HISTORY,
2026-02-09T00:00:00Z,2026-02-09,UK,RZ-6ZL9-CZ7J,B075XT2J8X,A11153KMTVDZI1,1,2026-02-07T00:00:00Z,2026-02-09T00:00:00Z,0.0000,48.0000,1,6.6,6.6000,6.6000,6.6000,48.0000,48.0000,0,,,flat,0,0,0,0,1,0,FBA,6.97,0,,,,DERIVED_FROM_SELLER_OBSERVATION_HISTORY,
2026-02-09T00:00:00Z,2026-02-09,UK,RZ-6ZL9-CZ7J,B075XT2J8X,A15X20ZKTLRSBW,1,2026-02-07T00:00:00Z,2026-02-09T00:00:00Z,0.0000,48.0000,1,6.35,6.3500,6.3500,6.3500,48.0000,48.0000,0,,,flat,0,0,0,0,1,0,FBA,6.97,0,,,,DERIVED_FROM_SELLER_OBSERVATION_HISTORY,
2026-02-09T00:00:00Z,2026-02-09,UK,RZ-6ZL9-CZ7J,B075XT2J8X,A196JBKNW3T4BS,1,2026-02-07T00:00:00Z,2026-02-09T00:00:00Z,0.0000,48.0000,1,3.27,3.2700,3.2700,3.2700,48.0000,48.0000,0,,,flat,0,1,1,0,0,1,FBM,6.97,0,,,,DERIVED_FROM_SELLER_OBSERVATION_HISTORY,
2026-02-09T00:00:00Z,2026-02-09,UK,RZ-6ZL9-CZ7J,B075XT2J8X,A1QKNW4W5SPM7T,1,2026-02-07T00:00:00Z,2026-02-09T00:00:00Z,0.0000,48.0000,1,7.61,7.6100,7.6100,7.6100,48.0000,48.0000,0,,,flat,0,1,1,0,0,1,FBM,6.97,0,,,,DERIVED_FROM_SELLER_OBSERVATION_HISTORY,
2026-02-09T00:00:00Z,2026-02-09,UK,RZ-6ZL9-CZ7J,B075XT2J8X,A1R64IUNVWPSMR,1,2026-02-07T00:00:00Z,2026-02-09T00:00:00Z,0.0000,48.0000,1,7.47,7.4700,7.4700,7.4700,48.0000,48.0000,0,,,flat,0,2,3,1,0,2,FBM,6.97,0,,,,DERIVED_FROM_SELLER_OBSERVATION_HISTORY,
2026-02-09T00:00:00Z,2026-02-09,UK,RZ-6ZL9-CZ7J,B075XT2J8X,A2JJBX08NHT52K,1,2026-02-07T00:00:00Z,2026-02-09T00:00:00Z,0.0000,48.0000,1,5.07,5.0700,5.0700,5.0700,48.0000,48.0000,0,,,flat,0,1,2,1,0,1,FBM,6.97,0,,,,DERIVED_FROM_SELLER_OBSERVATION_HISTORY,
2026-02-09T00:00:00Z,2026-02-09,UK,RZ-6ZL9-CZ7J,B075XT2J8X,A35UPYDMLICYZX,1,2026-02-07T00:00:00Z,2026-02-09T00:00:00Z,0.0000,48.0000,1,10.56,10.5600,10.5600,10.5600,48.0000,48.0000,0,,,flat,0,1,1,0,0,1,FBM,6.97,0,,,,DERIVED_FROM_SELLER_OBSERVATION_HISTORY,
2026-02-09T00:00:00Z,2026-02-09,UK,RZ-6ZL9-CZ7J,B075XT2J8X,A3C70I7GKRCETI,1,2026-02-07T00:00:00Z,2026-02-09T00:00:00Z,0.0000,48.0000,1,6.35,6.3500,6.3500,6.3500,48.0000,48.0000,0,,,flat,0,0,0,0,1,0,FBA,6.97,0,,,,DERIVED_FROM_SELLER_OBSERVATION_HISTORY,
2026-02-09T00:00:00Z,2026-02-09,UK,RZ-6ZL9-CZ7J,B075XT2J8X,A6VPZZ5FEXGVE,1,2026-02-07T00:00:00Z,2026-02-09T00:00:00Z,0.0000,48.0000,1,8.99,8.9900,8.9900,8.9900,48.0000,48.0000,0,,,flat,0,1,1,0,0,1,FBM,6.97,0,,,,DERIVED_FROM_SELLER_OBSERVATION_HISTORY,
2026-02-09T00:00:00Z,2026-02-09,UK,RZ-6ZL9-CZ7J,B075XT2J8X,AB5OM860MS57Z,1,2026-02-07T00:00:00Z,2026-02-09T00:00:00Z,0.0000,48.0000,1,6.97,6.9700,6.9700,6.9700,48.0000,48.0000,0,,,flat,0,0,0,0,1,0,FBA,6.97,0,,,,DERIVED_FROM_SELLER_OBSERVATION_HISTORY,
2026-02-09T00:00:00Z,2026-02-09,UK,TJ-6LOP-OPEU,B08P63MSS9,A2FWYQ039SD442,1,2026-02-07T00:00:00Z,2026-02-09T00:00:00Z,0.0000,48.0000,1,8.46,8.1300,8.4600,8.2950,48.0000,48.0000,1,,,up,0,0,0,0,1,0,FBA,8.46,1,,,,DERIVED_FROM_SELLER_OBSERVATION_HISTORY,
2026-02-09T00:00:00Z,2026-02-09,UK,TJ-6LOP-OPEU,B08P63MSS9,A2JJBX08NHT52K,1,2026-02-07T00:00:00Z,2026-02-09T00:00:00Z,0.0000,48.0000,1,4.61,4.6100,4.6100,4.6100,48.0000,48.0000,0,,,flat,0,1,2,1,0,1,FBM,8.46,1,,,,DERIVED_FROM_SELLER_OBSERVATION_HISTORY,
2026-02-09T00:00:00Z,2026-02-09,UK,TJ-6LOP-OPEU,B08P63MSS9,A3IIOPC5WY6KKR,1,2026-02-07T00:00:00Z,2026-02-09T00:00:00Z,0.0000,48.0000,1,8.45,8.1200,8.4500,8.2850,48.0000,48.0000,1,,,up,0,1,2,1,0,1,FBM,8.46,1,,,,DERIVED_FROM_SELLER_OBSERVATION_HISTORY,
2026-02-09T00:00:00Z,2026-02-09,UK,TJ-6LOP-OPEU,B08P63MSS9,AB5OM860MS57Z,1,2026-02-07T00:00:00Z,2026-02-09T00:00:00Z,0.0000,48.0000,1,8.46,8.1300,8.4600,8.2950,48.0000,48.0000,1,,,up,0,0,0,0,1,0,FBA,8.46,1,,,,DERIVED_FROM_SELLER_OBSERVATION_HISTORY,
2026-02-09T00:00:00Z,2026-02-09,UK,TJ-6LOP-OPEU,B08P63MSS9,AHPS0P3VVEPP4,1,2026-02-07T00:00:00Z,2026-02-09T00:00:00Z,0.0000,48.0000,1,9.88,9.8800,9.8800,9.8800,48.0000,48.0000,0,,,flat,0,1,1,0,0,1,FBM,8.46,1,,,,DERIVED_FROM_SELLER_OBSERVATION_HISTORY,
2026-02-09T00:00:00Z,2026-02-09,UK,VF-3T0K-DR5O,B08KFFY86W,A1EGWKJ2C3AMWH,1,2026-02-07T00:00:00Z,2026-02-09T00:00:00Z,0.0000,48.0000,1,5.05,5.0500,5.0500,5.0500,48.0000,48.0000,0,,,flat,0,0,0,0,1,0,FBA,5.35,0,,,,DERIVED_FROM_SELLER_OBSERVATION_HISTORY,
2026-02-09T00:00:00Z,2026-02-09,UK,VF-3T0K-DR5O,B08KFFY86W,A1PDJFYGLPZ86M,1,2026-02-07T00:00:00Z,2026-02-09T00:00:00Z,0.0000,48.0000,1,4.88,4.8800,4.8800,4.8800,48.0000,48.0000,0,,,flat,0,0,0,0,1,0,FBA,5.35,0,,,,DERIVED_FROM_SELLER_OBSERVATION_HISTORY,
2026-02-09T00:00:00Z,2026-02-09,UK,VF-3T0K-DR5O,B08KFFY86W,A1R64IUNVWPSMR,1,2026-02-07T00:00:00Z,2026-02-09T00:00:00Z,0.0000,48.0000,1,9.55,9.5500,9.5500,9.5500,48.0000,48.0000,0,,,flat,0,2,3,1,0,2,FBM,5.35,0,,,,DERIVED_FROM_SELLER_OBSERVATION_HISTORY,
2026-02-09T00:00:00Z,2026-02-09,UK,VF-3T0K-DR5O,B08KFFY86W,A21NMD767VKPKA,1,2026-02-07T00:00:00Z,2026-02-09T00:00:00Z,0.0000,48.0000,1,4.89,4.8900,4.8900,4.8900,48.0000,48.0000,0,,,flat,0,0,0,0,1,0,FBA,5.35,0,,,,DERIVED_FROM_SELLER_OBSERVATION_HISTORY,
2026-02-09T00:00:00Z,2026-02-09,UK,VF-3T0K-DR5O,B08KFFY86W,A2E1OBJJDHI305,1,2026-02-07T00:00:00Z,2026-02-09T00:00:00Z,0.0000,48.0000,1,5.14,5.1400,5.1400,5.1400,48.0000,48.0000,0,,,flat,0,1,1,0,0,1,FBM,5.35,0,,,,DERIVED_FROM_SELLER_OBSERVATION_HISTORY,
2026-02-09T00:00:00Z,2026-02-09,UK,VF-3T0K-DR5O,B08KFFY86W,A2JHK2RGHEOXUY,1,2026-02-07T00:00:00Z,2026-02-09T00:00:00Z,0.0000,48.0000,1,4.89,4.8500,4.8900,4.8700,48.0000,48.0000,1,,,up,0,0,0,0,1,0,FBA,5.35,0,,,,DERIVED_FROM_SELLER_OBSERVATION_HISTORY,
2026-02-09T00:00:00Z,2026-02-09,UK,VF-3T0K-DR5O,B08KFFY86W,A2MSCEFUU7IF9P,1,2026-02-07T00:00:00Z,2026-02-09T00:00:00Z,0.0000,48.0000,1,4.85,4.8500,4.8500,4.8500,48.0000,48.0000,0,,,flat,0,0,0,0,1,0,FBA,5.35,0,,,,DERIVED_FROM_SELLER_OBSERVATION_HISTORY,
2026-02-09T00:00:00Z,2026-02-09,UK,VF-3T0K-DR5O,B08KFFY86W,A2V6U7OVTWHOIQ,1,2026-02-07T00:00:00Z,2026-02-09T00:00:00Z,0.0000,48.0000,1,6.5,6.5000,6.5000,6.5000,48.0000,48.0000,0,,,flat,0,0,0,0,1,0,FBA,5.35,0,,,,DERIVED_FROM_SELLER_OBSERVATION_HISTORY,
2026-02-09T00:00:00Z,2026-02-09,UK,VF-3T0K-DR5O,B08KFFY86W,A2YMCJJAZ04D29,1,2026-02-07T00:00:00Z,2026-02-09T00:00:00Z,0.0000,48.0000,1,5.05,5.0500,5.0500,5.0500,48.0000,48.0000,0,,,flat,0,0,0,0,1,0,FBA,5.35,0,,,,DERIVED_FROM_SELLER_OBSERVATION_HISTORY,
2026-02-09T00:00:00Z,2026-02-09,UK,VF-3T0K-DR5O,B08KFFY86W,A31WWR0DZ1UNBI,1,2026-02-07T00:00:00Z,2026-02-09T00:00:00Z,0.0000,48.0000,1,5.24,5.2400,5.2400,5.2400,48.0000,48.0000,0,,,flat,0,0,0,0,1,0,FBA,5.35,0,,,,DERIVED_FROM_SELLER_OBSERVATION_HISTORY,
2026-02-09T00:00:00Z,2026-02-09,UK,VF-3T0K-DR5O,B08KFFY86W,A328TDCKZBQUHR,1,2026-02-07T00:00:00Z,2026-02-09T00:00:00Z,0.0000,48.0000,1,5.15,5.1500,5.1500,5.1500,48.0000,48.0000,0,,,flat,0,0,0,0,1,0,FBA,5.35,0,,,,DERIVED_FROM_SELLER_OBSERVATION_HISTORY,
2026-02-09T00:00:00Z,2026-02-09,UK,VF-3T0K-DR5O,B08KFFY86W,A3P5ROKL5A1OLE,1,2026-02-07T00:00:00Z,2026-02-09T00:00:00Z,0.0000,48.0000,1,5.29,5.2900,5.2900,5.2900,48.0000,48.0000,0,,,flat,0,0,0,0,1,0,FBA,5.35,0,,,,DERIVED_FROM_SELLER_OBSERVATION_HISTORY,
2026-02-09T00:00:00Z,2026-02-09,UK,VF-3T0K-DR5O,B08KFFY86W,A3U8ECAOXIZYV1,1,2026-02-07T00:00:00Z,2026-02-09T00:00:00Z,0.0000,48.0000,1,9.45,9.4500,9.4500,9.4500,48.0000,48.0000,0,,,flat,0,0,0,0,1,0,FBA,5.35,0,,,,DERIVED_FROM_SELLER_OBSERVATION_HISTORY,
2026-02-09T00:00:00Z,2026-02-09,UK,VF-3T0K-DR5O,B08KFFY86W,A3VZBF976O8DK2,1,2026-02-07T00:00:00Z,2026-02-09T00:00:00Z,0.0000,48.0000,1,11.99,11.9900,11.9900,11.9900,48.0000,48.0000,0,,,flat,0,0,0,0,1,0,FBA,5.35,0,,,,DERIVED_FROM_SELLER_OBSERVATION_HISTORY,
2026-02-09T00:00:00Z,2026-02-09,UK,VF-3T0K-DR5O,B08KFFY86W,A6LWA092O6PLA,1,2026-02-07T00:00:00Z,2026-02-09T00:00:00Z,0.0000,48.0000,1,4.85,4.8500,4.8500,4.8500,48.0000,48.0000,0,,,flat,0,0,0,0,1,0,FBA,5.35,0,,,,DERIVED_FROM_SELLER_OBSERVATION_HISTORY,
2026-02-09T00:00:00Z,2026-02-09,UK,VF-3T0K-DR5O,B08KFFY86W,AB5OM860MS57Z,1,2026-02-07T00:00:00Z,2026-02-09T00:00:00Z,0.0000,48.0000,1,5.35,5.3500,5.3500,5.3500,48.0000,48.0000,0,,,flat,0,0,0,0,1,0,FBA,5.35,0,,,,DERIVED_FROM_SELLER_OBSERVATION_HISTORY,
2026-02-09T00:00:00Z,2026-02-09,UK,VF-3T0K-DR5O,B08KFFY86W,AJO4HUCJKGM4X,1,2026-02-07T00:00:00Z,2026-02-09T00:00:00Z,0.0000,48.0000,1,6.37,6.3700,6.3700,6.3700,48.0000,48.0000,0,,,flat,0,0,0,0,1,0,FBA,5.35,0,,,,DERIVED_FROM_SELLER_OBSERVATION_HISTORY,
2026-02-09T00:00:00Z,2026-02-09,UK,XH-0LAE-FQO5,B00AOES9GE,A1EGWKJ2C3AMWH,1,2026-02-07T00:00:00Z,2026-02-09T00:00:00Z,0.0000,48.0000,1,6.99,6.9900,6.9900,6.9900,48.0000,48.0000,0,,,flat,0,0,0,0,1,0,FBA,6.9,0,,,,DERIVED_FROM_SELLER_OBSERVATION_HISTORY,
2026-02-09T00:00:00Z,2026-02-09,UK,XH-0LAE-FQO5,B00AOES9GE,A2V6U7OVTWHOIQ,1,2026-02-07T00:00:00Z,2026-02-09T00:00:00Z,0.0000,48.0000,1,6.75,6.7500,6.7500,6.7500,48.0000,48.0000,0,,,flat,0,0,0,0,1,0,FBA,6.9,0,,,,DERIVED_FROM_SELLER_OBSERVATION_HISTORY,
2026-02-09T00:00:00Z,2026-02-09,UK,XH-0LAE-FQO5,B00AOES9GE,A2YMCJJAZ04D29,1,2026-02-07T00:00:00Z,2026-02-09T00:00:00Z,0.0000,48.0000,1,6.75,6.7500,6.7500,6.7500,48.0000,48.0000,0,,,flat,0,0,0,0,1,0,FBA,6.9,0,,,,DERIVED_FROM_SELLER_OBSERVATION_HISTORY,
2026-02-09T00:00:00Z,2026-02-09,UK,XH-0LAE-FQO5,B00AOES9GE,AB5OM860MS57Z,1,2026-02-07T00:00:00Z,2026-02-09T00:00:00Z,0.0000,48.0000,1,6.9,6.9000,6.9000,6.9000,48.0000,48.0000,0,,,flat,0,0,0,0,1,0,FBA,6.9,0,,,,DERIVED_FROM_SELLER_OBSERVATION_HISTORY,
2026-02-09T00:00:00Z,2026-02-09,UK,XY-UM2X-TPS3,B003VTZAM0,A1JBSHTRJ4VCVO,1,2026-02-07T00:00:00Z,2026-02-09T00:00:00Z,0.0000,48.0000,1,11.2,11.2000,11.2000,11.2000,48.0000,48.0000,0,,,flat,0,0,0,0,1,0,FBA,11.47,0,,,,DERIVED_FROM_SELLER_OBSERVATION_HISTORY,
2026-02-09T00:00:00Z,2026-02-09,UK,XY-UM2X-TPS3,B003VTZAM0,A26DO76QVK1JFR,1,2026-02-07T00:00:00Z,2026-02-09T00:00:00Z,0.0000,48.0000,1,11.99,11.9900,11.9900,11.9900,48.0000,48.0000,0,,,flat,0,0,0,0,1,0,FBA,11.47,0,,,,DERIVED_FROM_SELLER_OBSERVATION_HISTORY,
2026-02-09T00:00:00Z,2026-02-09,UK,XY-UM2X-TPS3,B003VTZAM0,A2F2QWF9KOYS5K,1,2026-02-07T00:00:00Z,2026-02-09T00:00:00Z,0.0000,48.0000,1,10.99,10.9900,10.9900,10.9900,48.0000,48.0000,0,,,flat,0,1,1,0,0,1,FBM,11.47,0,,,,DERIVED_FROM_SELLER_OBSERVATION_HISTORY,
2026-02-09T00:00:00Z,2026-02-09,UK,XY-UM2X-TPS3,B003VTZAM0,A2I9GFK5QTOYYM,1,2026-02-07T00:00:00Z,2026-02-09T00:00:00Z,0.0000,48.0000,1,11.44,11.4400,11.4400,11.4400,48.0000,48.0000,0,,,flat,0,0,0,0,1,0,FBA,11.47,0,,,,DERIVED_FROM_SELLER_OBSERVATION_HISTORY,
2026-02-09T00:00:00Z,2026-02-09,UK,XY-UM2X-TPS3,B003VTZAM0,A31LES58YOQ58B,1,2026-02-07T00:00:00Z,2026-02-09T00:00:00Z,0.0000,48.0000,1,11.6,11.6000,11.6000,11.6000,48.0000,48.0000,0,,,flat,0,0,0,0,1,0,FBA,11.47,0,,,,DERIVED_FROM_SELLER_OBSERVATION_HISTORY,
2026-02-09T00:00:00Z,2026-02-09,UK,XY-UM2X-TPS3,B003VTZAM0,A3HM7WA2CBSOPA,1,2026-02-07T00:00:00Z,2026-02-09T00:00:00Z,0.0000,48.0000,1,10.92,10.9200,10.9200,10.9200,48.0000,48.0000,0,,,flat,0,4,5,1,0,4,FBM,11.47,0,,,,DERIVED_FROM_SELLER_OBSERVATION_HISTORY,
2026-02-09T00:00:00Z,2026-02-09,UK,XY-UM2X-TPS3,B003VTZAM0,AB5OM860MS57Z,1,2026-02-07T00:00:00Z,2026-02-09T00:00:00Z,0.0000,48.0000,1,11.47,11.4700,11.4700,11.4700,48.0000,48.0000,0,,,flat,0,0,0,0,1,0,FBA,11.47,0,,,,DERIVED_FROM_SELLER_OBSERVATION_HISTORY,
2026-02-09T00:00:00Z,2026-02-09,UK,XY-UM2X-TPS3,B003VTZAM0,AHND7IKI8FHV3,1,2026-02-07T00:00:00Z,2026-02-09T00:00:00Z,0.0000,48.0000,1,11.54,11.5400,11.5400,11.5400,48.0000,48.0000,0,,,flat,0,1,2,1,0,1,FBM,11.47,0,,,,DERIVED_FROM_SELLER_OBSERVATION_HISTORY,
2026-02-09T00:00:00Z,2026-02-09,UK,XY-UM2X-TPS3,B003VTZAM0,ATUCW8T149Y55,1,2026-02-07T00:00:00Z,2026-02-09T00:00:00Z,0.0000,48.0000,1,11.59,11.5900,11.5900,11.5900,48.0000,48.0000,0,,,flat,0,1,2,1,0,1,FBM,11.47,0,,,,DERIVED_FROM_SELLER_OBSERVATION_HISTORY,
2026-02-09T00:00:00Z,2026-02-09,UK,XY-UM2X-TPS3,B003VTZAM0,AWANDGFK915DA,1,2026-02-07T00:00:00Z,2026-02-09T00:00:00Z,0.0000,48.0000,1,9.99,9.9900,9.9900,9.9900,48.0000,48.0000,0,,,flat,0,0,0,0,1,0,FBM,11.47,0,,,,DERIVED_FROM_SELLER_OBSERVATION_HISTORY,
2026-02-09T00:00:00Z,2026-02-09,UK,YC-3L3M-BV48,B0CTD6Q6KY,A3P5ROKL5A1OLE,1,2026-02-07T00:00:00Z,2026-02-09T00:00:00Z,0.0000,48.0000,1,105.95,105.9500,105.9500,105.9500,48.0000,48.0000,0,,,flat,0,0,0,0,1,0,FBM,74.26,0,,,,DERIVED_FROM_SELLER_OBSERVATION_HISTORY,
2026-02-09T00:00:00Z,2026-02-09,UK,YC-3L3M-BV48,B0CTD6Q6KY,AB5OM860MS57Z,1,2026-02-07T00:00:00Z,2026-02-09T00:00:00Z,0.0000,48.0000,1,74.26,74.2600,74.2600,74.2600,48.0000,48.0000,0,,,flat,0,0,0,0,1,0,FBA,74.26,0,,,,DERIVED_FROM_SELLER_OBSERVATION_HISTORY,
2026-02-09T00:00:00Z,2026-02-09,UK,YC-3L3M-BV48,B0CTD6Q6KY,AQ20HDTW7QNBM,1,2026-02-07T00:00:00Z,2026-02-09T00:00:00Z,0.0000,48.0000,1,74.0,74.0000,74.0000,74.0000,48.0000,48.0000,0,,,flat,0,0,0,0,1,0,FBA,74.26,0,,,,DERIVED_FROM_SELLER_OBSERVATION_HISTORY,
2026-02-10T00:00:00Z,2026-02-10,UK,4W-VS57-BV6A,B0C9LJNJWZ,A16ZATMMFE8J3Y,1,2026-02-07T00:00:00Z,2026-02-10T00:00:00Z,24.0000,24.0000,0,35.99,35.9900,35.9900,35.9900,72.0000,72.0000,0,,,flat,0,0,0,0,1,0,FBM,35.91,0,,,,DERIVED_FROM_SELLER_OBSERVATION_HISTORY,
2026-02-10T00:00:00Z,2026-02-10,UK,4W-VS57-BV6A,B0C9LJNJWZ,A1U2WCBY9FQRJ5,1,2026-02-07T00:00:00Z,2026-02-10T00:00:00Z,24.0000,24.0000,0,38.38,38.3800,38.3800,38.3800,72.0000,72.0000,0,,,flat,0,1,2,1,0,1,FBM,35.91,0,,,,DERIVED_FROM_SELLER_OBSERVATION_HISTORY,
2026-02-10T00:00:00Z,2026-02-10,UK,4W-VS57-BV6A,B0C9LJNJWZ,A23VLR5KYFT1PR,1,2026-02-07T00:00:00Z,2026-02-10T00:00:00Z,24.0000,24.0000,0,34.99,34.9900,34.9900,34.9900,72.0000,72.0000,0,,,flat,0,0,0,0,1,0,FBA,35.91,0,,,,DERIVED_FROM_SELLER_OBSERVATION_HISTORY,
2026-02-10T00:00:00Z,2026-02-10,UK,4W-VS57-BV6A,B0C9LJNJWZ,A2N6W6R4NFCNBX,1,2026-02-07T00:00:00Z,2026-02-10T00:00:00Z,24.0000,24.0000,0,39.69,39.6900,39.6900,39.6900,72.0000,72.0000,0,,,flat,0,0,0,0,0,0,FBM,35.91,0,,,,DERIVED_FROM_SELLER_OBSERVATION_HISTORY,
2026-02-10T00:00:00Z,2026-02-10,UK,4W-VS57-BV6A,B0C9LJNJWZ,A2UD95CFO7TBZQ,1,2026-02-07T00:00:00Z,2026-02-10T00:00:00Z,24.0000,24.0000,0,35.96,35.9600,35.9600,35.9600,72.0000,72.0000,0,,,flat,0,0,0,0,0,0,FBM,35.91,0,,,,DERIVED_FROM_SELLER_OBSERVATION_HISTORY,
2026-02-10T00:00:00Z,2026-02-10,UK,4W-VS57-BV6A,B0C9LJNJWZ,A30DC7701CXIBH,1,2026-02-07T00:00:00Z,2026-02-10T00:00:00Z,24.0000,24.0000,0,39.85,39.8500,39.8500,39.8500,72.0000,72.0000,0,,,flat,0,0,0,0,1,0,FBM,35.91,0,,,,DERIVED_FROM_SELLER_OBSERVATION_HISTORY,
2026-02-10T00:00:00Z,2026-02-10,UK,4W-VS57-BV6A,B0C9LJNJWZ,A3HM7WA2CBSOPA,1,2026-02-07T00:00:00Z,2026-02-10T00:00:00Z,24.0000,24.0000,0,39.12,39.1200,39.1200,39.1200,72.0000,72.0000,0,,,flat,0,1,1,0,0,1,FBM,35.91,0,,,,DERIVED_FROM_SELLER_OBSERVATION_HISTORY,
2026-02-10T00:00:00Z,2026-02-10,UK,4W-VS57-BV6A,B0C9LJNJWZ,A3KTB05DIFHO8V,1,2026-02-07T00:00:00Z,2026-02-10T00:00:00Z,24.0000,24.0000,0,44.99,44.9900,44.9900,44.9900,72.0000,72.0000,0,,,flat,0,1,2,1,0,1,FBM,35.91,0,,,,DERIVED_FROM_SELLER_OBSERVATION_HISTORY,
2026-02-10T00:00:00Z,2026-02-10,UK,4W-VS57-BV6A,B0C9LJNJWZ,A3KTD5M81YFDGM,1,2026-02-07T00:00:00Z,2026-02-10T00:00:00Z,24.0000,24.0000,0,35.5,35.5000,35.5000,35.5000,72.0000,72.0000,0,,,flat,0,0,0,0,1,0,FBA,35.91,0,,,,DERIVED_FROM_SELLER_OBSERVATION_HISTORY,
2026-02-10T00:00:00Z,2026-02-10,UK,4W-VS57-BV6A,B0C9LJNJWZ,A3P5ROKL5A1OLE,1,2026-02-07T00:00:00Z,2026-02-10T00:00:00Z,24.0000,24.0000,0,35.0,35.0000,35.0000,35.0000,72.0000,72.0000,0,,,flat,0,0,0,0,1,0,FBA,35.91,0,,,,DERIVED_FROM_SELLER_OBSERVATION_HISTORY,
2026-02-10T00:00:00Z,2026-02-10,UK,4W-VS57-BV6A,B0C9LJNJWZ,AAOJ3B4Z594LC,1,2026-02-07T00:00:00Z,2026-02-10T00:00:00Z,24.0000,24.0000,0,38.89,38.8900,39.0600,38.8900,72.0000,48.0000,1,,,down,1,2,3,1,0,2,FBM,35.91,0,,,,DERIVED_FROM_SELLER_OBSERVATION_HISTORY,
2026-02-10T00:00:00Z,2026-02-10,UK,4W-VS57-BV6A,B0C9LJNJWZ,AB5OM860MS57Z,1,2026-02-07T00:00:00Z,2026-02-10T00:00:00Z,24.0000,24.0000,0,35.91,35.9100,35.9100,35.9100,72.0000,72.0000,0,,,flat,0,0,0,0,1,0,FBA,35.91,0,,,,DERIVED_FROM_SELLER_OBSERVATION_HISTORY,
2026-02-10T00:00:00Z,2026-02-10,UK,4W-VS57-BV6A,B0C9LJNJWZ,AEU2J2P6WG61R,1,2026-02-07T00:00:00Z,2026-02-10T00:00:00Z,24.0000,24.0000,0,37.59,37.5900,37.5900,37.5900,72.0000,72.0000,0,,,flat,0,0,0,0,1,0,FBM,35.91,0,,,,DERIVED_FROM_SELLER_OBSERVATION_HISTORY,
2026-02-10T00:00:00Z,2026-02-10,UK,4W-VS57-BV6A,B0C9LJNJWZ,ARKFZSTQBZS2,1,2026-02-07T00:00:00Z,2026-02-10T00:00:00Z,24.0000,24.0000,0,37.25,37.2500,37.2500,37.2500,72.0000,72.0000,0,,,flat,0,2,3,1,0,2,FBM,35.91,0,,,,DERIVED_FROM_SELLER_OBSERVATION_HISTORY,
2026-02-10T00:00:00Z,2026-02-10,UK,6V-EEC1-2S9Z,B06WW79DX5,A11RGASXV3EWM4,1,2026-02-07T00:00:00Z,2026-02-10T00:00:00Z,24.0000,24.0000,0,9.5,9.5000,9.5000,9.5000,72.0000,72.0000,0,,,flat,0,0,0,0,0,0,FBM,7.99,0,,,,DERIVED_FROM_SELLER_OBSERVATION_HISTORY,
2026-02-10T00:00:00Z,2026-02-10,UK,6V-EEC1-2S9Z,B06WW79DX5,A12MJ1FK852SYB,1,2026-02-07T00:00:00Z,2026-02-10T00:00:00Z,24.0000,24.0000,0,9.99,9.9900,9.9900,9.9900,72.0000,72.0000,0,,,flat,0,0,0,0,0,0,FBM,7.99,0,,,,DERIVED_FROM_SELLER_OBSERVATION_HISTORY,
2026-02-10T00:00:00Z,2026-02-10,UK,6V-EEC1-2S9Z,B06WW79DX5,AB5OM860MS57Z,1,2026-02-07T00:00:00Z,2026-02-10T00:00:00Z,24.0000,24.0000,0,7.99,7.9900,7.9900,7.9900,72.0000,72.0000,0,,,flat,0,0,0,0,1,0,FBA,7.99,0,,,,DERIVED_FROM_SELLER_OBSERVATION_HISTORY,
2026-02-10T00:00:00Z,2026-02-10,UK,6V-EEC1-2S9Z,B06WW79DX5,AKQMAXFWUV730,1,2026-02-07T00:00:00Z,2026-02-10T00:00:00Z,24.0000,24.0000,0,9.99,9.9900,9.9900,9.9900,72.0000,72.0000,0,,,flat,0,0,0,0,0,0,FBM,7.99,0,,,,DERIVED_FROM_SELLER_OBSERVATION_HISTORY,
2026-02-10T00:00:00Z,2026-02-10,UK,6V-EEC1-2S9Z,B06WW79DX5,AM6QF58KGUUM9,1,2026-02-07T00:00:00Z,2026-02-10T00:00:00Z,24.0000,24.0000,0,9.36,9.2200,9.4700,9.3600,72.0000,48.0000,2,,,flat,1,0,0,0,0,0,FBM,7.99,0,,,,DERIVED_FROM_SELLER_OBSERVATION_HISTORY,
2026-02-10T00:00:00Z,2026-02-10,UK,6V-EEC1-2S9Z,B06WW79DX5,ATUCW8T149Y55,1,2026-02-07T00:00:00Z,2026-02-10T00:00:00Z,24.0000,24.0000,0,10.99,10.9900,10.9900,10.9900,72.0000,72.0000,0,,,flat,0,2,3,1,0,2,FBM,7.99,0,,,,DERIVED_FROM_SELLER_OBSERVATION_HISTORY,
2026-02-10T00:00:00Z,2026-02-10,UK,AX-NKNU-29C1,B08M52B4M5,A10NUX8SYO930S,1,2026-02-07T00:00:00Z,2026-02-10T00:00:00Z,24.0000,24.0000,0,5.11,5.1100,5.1100,5.1100,72.0000,72.0000,0,,,flat,0,1,2,1,0,1,FBM,3.99,0,,,,DERIVED_FROM_SELLER_OBSERVATION_HISTORY,
2026-02-10T00:00:00Z,2026-02-10,UK,AX-NKNU-29C1,B08M52B4M5,A24VQX7LPBJ2BC,1,2026-02-07T00:00:00Z,2026-02-10T00:00:00Z,24.0000,24.0000,0,1.99,1.9900,1.9900,1.9900,72.0000,72.0000,0,,,flat,0,9,10,1,0,9,FBM,3.99,0,,,,DERIVED_FROM_SELLER_OBSERVATION_HISTORY,
2026-02-10T00:00:00Z,2026-02-10,UK,AX-NKNU-29C1,B08M52B4M5,A2JJBX08NHT52K,1,2026-02-07T00:00:00Z,2026-02-10T00:00:00Z,24.0000,24.0000,0,5.35,5.3500,5.3500,5.3500,72.0000,72.0000,0,,,flat,0,1,2,1,0,1,FBM,3.99,0,,,,DERIVED_FROM_SELLER_OBSERVATION_HISTORY,
2026-02-10T00:00:00Z,2026-02-10,UK,AX-NKNU-29C1,B08M52B4M5,AB5OM860MS57Z,1,2026-02-07T00:00:00Z,2026-02-10T00:00:00Z,24.0000,24.0000,0,3.99,3.9900,3.9900,3.9900,72.0000,72.0000,0,,,flat,0,0,0,0,1,0,FBA,3.99,0,,,,DERIVED_FROM_SELLER_OBSERVATION_HISTORY,
2026-02-10T00:00:00Z,2026-02-10,UK,AX-NKNU-29C1,B08M52B4M5,AUGCSEQQV3XYY,1,2026-02-07T00:00:00Z,2026-02-10T00:00:00Z,24.0000,24.0000,0,4.99,4.9900,4.9900,4.9900,72.0000,72.0000,0,,,flat,0,1,2,1,0,1,FBM,3.99,0,,,,DERIVED_FROM_SELLER_OBSERVATION_HISTORY,
2026-02-10T00:00:00Z,2026-02-10,UK,JB-RGB6-LZOJ,B0001P0DLU,A1I8X3GIQ4LKR5,1,2026-02-07T00:00:00Z,2026-02-10T00:00:00Z,24.0000,24.0000,0,9.68,9.6800,9.6800,9.6800,72.0000,72.0000,0,,,flat,0,1,1,0,0,1,FBM,9.99,2,,,,DERIVED_FROM_SELLER_OBSERVATION_HISTORY,
2026-02-10T00:00:00Z,2026-02-10,UK,JB-RGB6-LZOJ,B0001P0DLU,A24NGU5R55LIUJ,1,2026-02-07T00:00:00Z,2026-02-10T00:00:00Z,24.0000,24.0000,0,7.43,7.4300,7.4300,7.4300,72.0000,72.0000,0,,,flat,0,1,1,0,0,1,FBM,9.99,2,,,,DERIVED_FROM_SELLER_OBSERVATION_HISTORY,
2026-02-10T00:00:00Z,2026-02-10,UK,JB-RGB6-LZOJ,B0001P0DLU,A2PJYYPKZTZJ0V,1,2026-02-07T00:00:00Z,2026-02-10T00:00:00Z,24.0000,24.0000,0,9.95,9.9500,9.9500,9.9500,72.0000,72.0000,0,,,flat,0,1,1,0,0,1,FBM,9.99,2,,,,DERIVED_FROM_SELLER_OBSERVATION_HISTORY,
2026-02-10T00:00:00Z,2026-02-10,UK,JB-RGB6-LZOJ,B0001P0DLU,A38JZE0FB8NDTE,1,2026-02-07T00:00:00Z,2026-02-10T00:00:00Z,24.0000,24.0000,0,7.03,7.0300,7.0300,7.0300,72.0000,72.0000,0,,,flat,0,1,1,0,0,1,FBM,9.99,2,,,,DERIVED_FROM_SELLER_OBSERVATION_HISTORY,
2026-02-10T00:00:00Z,2026-02-10,UK,JB-RGB6-LZOJ,B0001P0DLU,A39VTM0CZSRJZA,1,2026-02-07T00:00:00Z,2026-02-10T00:00:00Z,24.0000,24.0000,0,6.35,6.3500,6.3500,6.3500,72.0000,72.0000,0,,,flat,0,0,0,0,0,0,FBM,9.99,2,,,,DERIVED_FROM_SELLER_OBSERVATION_HISTORY,
2026-02-10T00:00:00Z,2026-02-10,UK,JB-RGB6-LZOJ,B0001P0DLU,A3HM7WA2CBSOPA,1,2026-02-07T00:00:00Z,2026-02-10T00:00:00Z,24.0000,24.0000,0,6.91,6.9100,6.9100,6.9100,72.0000,72.0000,0,,,flat,0,2,3,1,0,2,FBM,9.99,2,,,,DERIVED_FROM_SELLER_OBSERVATION_HISTORY,
2026-02-10T00:00:00Z,2026-02-10,UK,JB-RGB6-LZOJ,B0001P0DLU,A3SK1E64BDMB7W,1,2026-02-07T00:00:00Z,2026-02-10T00:00:00Z,24.0000,24.0000,0,12.56,12.0600,12.5600,12.0600,72.0000,72.0000,1,,,up,0,1,1,0,0,1,FBM,9.99,2,,,,DERIVED_FROM_SELLER_OBSERVATION_HISTORY,
2026-02-10T00:00:00Z,2026-02-10,UK,JB-RGB6-LZOJ,B0001P0DLU,A3V2W4NCHQN1W7,1,2026-02-07T00:00:00Z,2026-02-10T00:00:00Z,24.0000,24.0000,0,10.21,10.2100,10.2100,10.2100,72.0000,72.0000,0,,,flat,0,0,0,0,1,0,FBM,9.99,2,,,,DERIVED_FROM_SELLER_OBSERVATION_HISTORY,
2026-02-10T00:00:00Z,2026-02-10,UK,JB-RGB6-LZOJ,B0001P0DLU,A91ZH6FZ52D9H,1,2026-02-07T00:00:00Z,2026-02-10T00:00:00Z,24.0000,24.0000,0,9.99,9.9900,9.9900,9.9900,72.0000,72.0000,0,,,flat,0,1,2,1,0,1,FBM,9.99,2,,,,DERIVED_FROM_SELLER_OBSERVATION_HISTORY,
2026-02-10T00:00:00Z,2026-02-10,UK,JB-RGB6-LZOJ,B0001P0DLU,AB5OM860MS57Z,1,2026-02-07T00:00:00Z,2026-02-10T00:00:00Z,24.0000,24.0000,0,9.99,6.1300,9.9900,6.1500,48.0000,72.0000,2,,,up,0,0,0,0,1,0,FBA,9.99,2,,,,DERIVED_FROM_SELLER_OBSERVATION_HISTORY,
2026-02-10T00:00:00Z,2026-02-10,UK,JB-RGB6-LZOJ,B0001P0DLU,AKBY7ZMYYJKZC,1,2026-02-07T00:00:00Z,2026-02-10T00:00:00Z,24.0000,24.0000,0,6.9,6.9000,6.9000,6.9000,72.0000,72.0000,0,,,flat,0,1,1,0,0,1,FBM,9.99,2,,,,DERIVED_FROM_SELLER_OBSERVATION_HISTORY,
2026-02-10T00:00:00Z,2026-02-10,UK,JB-RGB6-LZOJ,B0001P0DLU,AY357ZGTL1GSV,1,2026-02-07T00:00:00Z,2026-02-10T00:00:00Z,24.0000,24.0000,0,7.8,7.8000,7.8000,7.8000,72.0000,72.0000,0,,,flat,0,1,1,0,0,1,FBM,9.99,2,,,,DERIVED_FROM_SELLER_OBSERVATION_HISTORY,
2026-02-10T00:00:00Z,2026-02-10,UK,RZ-6ZL9-CZ7J,B075XT2J8X,A11153KMTVDZI1,1,2026-02-07T00:00:00Z,2026-02-10T00:00:00Z,24.0000,24.0000,0,6.6,6.6000,6.6000,6.6000,72.0000,72.0000,0,,,flat,0,0,0,0,1,0,FBA,6.97,0,,,,DERIVED_FROM_SELLER_OBSERVATION_HISTORY,
2026-02-10T00:00:00Z,2026-02-10,UK,RZ-6ZL9-CZ7J,B075XT2J8X,A15X20ZKTLRSBW,1,2026-02-07T00:00:00Z,2026-02-10T00:00:00Z,24.0000,24.0000,0,6.35,6.3500,6.3500,6.3500,72.0000,72.0000,0,,,flat,0,0,0,0,1,0,FBA,6.97,0,,,,DERIVED_FROM_SELLER_OBSERVATION_HISTORY,
2026-02-10T00:00:00Z,2026-02-10,UK,RZ-6ZL9-CZ7J,B075XT2J8X,A196JBKNW3T4BS,1,2026-02-07T00:00:00Z,2026-02-10T00:00:00Z,24.0000,24.0000,0,3.27,3.2700,3.2700,3.2700,72.0000,72.0000,0,,,flat,0,1,1,0,0,1,FBM,6.97,0,,,,DERIVED_FROM_SELLER_OBSERVATION_HISTORY,
2026-02-10T00:00:00Z,2026-02-10,UK,RZ-6ZL9-CZ7J,B075XT2J8X,A1QKNW4W5SPM7T,1,2026-02-07T00:00:00Z,2026-02-10T00:00:00Z,24.0000,24.0000,0,7.61,7.6100,7.6100,7.6100,72.0000,72.0000,0,,,flat,0,1,1,0,0,1,FBM,6.97,0,,,,DERIVED_FROM_SELLER_OBSERVATION_HISTORY,
2026-02-10T00:00:00Z,2026-02-10,UK,RZ-6ZL9-CZ7J,B075XT2J8X,A1R64IUNVWPSMR,1,2026-02-07T00:00:00Z,2026-02-10T00:00:00Z,24.0000,24.0000,0,7.47,7.4700,7.4700,7.4700,72.0000,72.0000,0,,,flat,0,2,3,1,0,2,FBM,6.97,0,,,,DERIVED_FROM_SELLER_OBSERVATION_HISTORY,
2026-02-10T00:00:00Z,2026-02-10,UK,RZ-6ZL9-CZ7J,B075XT2J8X,A2JJBX08NHT52K,1,2026-02-07T00:00:00Z,2026-02-10T00:00:00Z,24.0000,24.0000,0,5.07,5.0700,5.0700,5.0700,72.0000,72.0000,0,,,flat,0,1,2,1,0,1,FBM,6.97,0,,,,DERIVED_FROM_SELLER_OBSERVATION_HISTORY,
2026-02-10T00:00:00Z,2026-02-10,UK,RZ-6ZL9-CZ7J,B075XT2J8X,A35UPYDMLICYZX,1,2026-02-07T00:00:00Z,2026-02-10T00:00:00Z,24.0000,24.0000,0,10.56,10.5600,10.5600,10.5600,72.0000,72.0000,0,,,flat,0,1,1,0,0,1,FBM,6.97,0,,,,DERIVED_FROM_SELLER_OBSERVATION_HISTORY,
2026-02-10T00:00:00Z,2026-02-10,UK,RZ-6ZL9-CZ7J,B075XT2J8X,A3C70I7GKRCETI,1,2026-02-07T00:00:00Z,2026-02-10T00:00:00Z,24.0000,24.0000,0,6.35,6.3500,6.3500,6.3500,72.0000,72.0000,0,,,flat,0,0,0,0,1,0,FBA,6.97,0,,,,DERIVED_FROM_SELLER_OBSERVATION_HISTORY,
2026-02-10T00:00:00Z,2026-02-10,UK,RZ-6ZL9-CZ7J,B075XT2J8X,A6VPZZ5FEXGVE,1,2026-02-07T00:00:00Z,2026-02-10T00:00:00Z,24.0000,24.0000,0,8.99,8.9900,8.9900,8.9900,72.0000,72.0000,0,,,flat,0,1,1,0,0,1,FBM,6.97,0,,,,DERIVED_FROM_SELLER_OBSERVATION_HISTORY,
2026-02-10T00:00:00Z,2026-02-10,UK,RZ-6ZL9-CZ7J,B075XT2J8X,AB5OM860MS57Z,1,2026-02-07T00:00:00Z,2026-02-10T00:00:00Z,24.0000,24.0000,0,6.97,6.9700,6.9700,6.9700,72.0000,72.0000,0,,,flat,0,0,0,0,1,0,FBA,6.97,0,,,,DERIVED_FROM_SELLER_OBSERVATION_HISTORY,
2026-02-10T00:00:00Z,2026-02-10,UK,TJ-6LOP-OPEU,B08P63MSS9,A2FWYQ039SD442,1,2026-02-07T00:00:00Z,2026-02-10T00:00:00Z,24.0000,24.0000,0,8.63,8.1300,8.6300,8.4600,48.0000,72.0000,2,,,up,0,0,0,0,1,0,FBA,8.63,2,,,,DERIVED_FROM_SELLER_OBSERVATION_HISTORY,
2026-02-10T00:00:00Z,2026-02-10,UK,TJ-6LOP-OPEU,B08P63MSS9,A2JJBX08NHT52K,1,2026-02-07T00:00:00Z,2026-02-10T00:00:00Z,24.0000,24.0000,0,4.61,4.6100,4.6100,4.6100,72.0000,72.0000,0,,,flat,0,1,2,1,0,1,FBM,8.63,2,,,,DERIVED_FROM_SELLER_OBSERVATION_HISTORY,
2026-02-10T00:00:00Z,2026-02-10,UK,TJ-6LOP-OPEU,B08P63MSS9,A3IIOPC5WY6KKR,1,2026-02-07T00:00:00Z,2026-02-10T00:00:00Z,24.0000,24.0000,0,8.62,8.1200,8.6200,8.4500,48.0000,72.0000,2,,,up,0,1,2,1,0,1,FBM,8.63,2,,,,DERIVED_FROM_SELLER_OBSERVATION_HISTORY,
2026-02-10T00:00:00Z,2026-02-10,UK,TJ-6LOP-OPEU,B08P63MSS9,AB5OM860MS57Z,1,2026-02-07T00:00:00Z,2026-02-10T00:00:00Z,24.0000,24.0000,0,8.63,8.1300,8.6300,8.4600,48.0000,72.0000,2,,,up,0,0,0,0,1,0,FBA,8.63,2,,,,DERIVED_FROM_SELLER_OBSERVATION_HISTORY,
2026-02-10T00:00:00Z,2026-02-10,UK,TJ-6LOP-OPEU,B08P63MSS9,AHPS0P3VVEPP4,1,2026-02-07T00:00:00Z,2026-02-10T00:00:00Z,24.0000,24.0000,0,9.88,9.8800,9.8800,9.8800,72.0000,72.0000,0,,,flat,0,1,1,0,0,1,FBM,8.63,2,,,,DERIVED_FROM_SELLER_OBSERVATION_HISTORY,
2026-02-10T00:00:00Z,2026-02-10,UK,VF-3T0K-DR5O,B08KFFY86W,A1EGWKJ2C3AMWH,1,2026-02-07T00:00:00Z,2026-02-10T00:00:00Z,24.0000,24.0000,0,5.05,5.0500,5.0500,5.0500,72.0000,72.0000,0,,,flat,0,0,0,0,1,0,FBA,5.35,0,,,,DERIVED_FROM_SELLER_OBSERVATION_HISTORY,
2026-02-10T00:00:00Z,2026-02-10,UK,VF-3T0K-DR5O,B08KFFY86W,A1PDJFYGLPZ86M,1,2026-02-07T00:00:00Z,2026-02-10T00:00:00Z,24.0000,24.0000,0,4.88,4.8800,4.8800,4.8800,72.0000,72.0000,0,,,flat,0,0,0,0,1,0,FBA,5.35,0,,,,DERIVED_FROM_SELLER_OBSERVATION_HISTORY,
2026-02-10T00:00:00Z,2026-02-10,UK,VF-3T0K-DR5O,B08KFFY86W,A1R64IUNVWPSMR,1,2026-02-07T00:00:00Z,2026-02-10T00:00:00Z,24.0000,24.0000,0,9.55,9.5500,9.5500,9.5500,72.0000,72.0000,0,,,flat,0,2,3,1,0,2,FBM,5.35,0,,,,DERIVED_FROM_SELLER_OBSERVATION_HISTORY,
2026-02-10T00:00:00Z,2026-02-10,UK,VF-3T0K-DR5O,B08KFFY86W,A21NMD767VKPKA,1,2026-02-07T00:00:00Z,2026-02-10T00:00:00Z,24.0000,24.0000,0,4.89,4.8900,4.8900,4.8900,72.0000,72.0000,0,,,flat,0,0,0,0,1,0,FBA,5.35,0,,,,DERIVED_FROM_SELLER_OBSERVATION_HISTORY,
2026-02-10T00:00:00Z,2026-02-10,UK,VF-3T0K-DR5O,B08KFFY86W,A2E1OBJJDHI305,1,2026-02-07T00:00:00Z,2026-02-10T00:00:00Z,24.0000,24.0000,0,5.14,5.1400,5.1400,5.1400,72.0000,72.0000,0,,,flat,0,1,1,0,0,1,FBM,5.35,0,,,,DERIVED_FROM_SELLER_OBSERVATION_HISTORY,
2026-02-10T00:00:00Z,2026-02-10,UK,VF-3T0K-DR5O,B08KFFY86W,A2JHK2RGHEOXUY,1,2026-02-07T00:00:00Z,2026-02-10T00:00:00Z,24.0000,24.0000,0,4.85,4.8500,4.8900,4.8500,48.0000,72.0000,2,,,flat,0,0,0,0,1,0,FBA,5.35,0,,,,DERIVED_FROM_SELLER_OBSERVATION_HISTORY,
2026-02-10T00:00:00Z,2026-02-10,UK,VF-3T0K-DR5O,B08KFFY86W,A2MSCEFUU7IF9P,1,2026-02-07T00:00:00Z,2026-02-10T00:00:00Z,24.0000,24.0000,0,4.85,4.8500,4.8500,4.8500,72.0000,72.0000,0,,,flat,0,0,0,0,1,0,FBA,5.35,0,,,,DERIVED_FROM_SELLER_OBSERVATION_HISTORY,
2026-02-10T00:00:00Z,2026-02-10,UK,VF-3T0K-DR5O,B08KFFY86W,A2V6U7OVTWHOIQ,1,2026-02-07T00:00:00Z,2026-02-10T00:00:00Z,24.0000,24.0000,0,6.5,6.5000,6.5000,6.5000,72.0000,72.0000,0,,,flat,0,0,0,0,1,0,FBA,5.35,0,,,,DERIVED_FROM_SELLER_OBSERVATION_HISTORY,
2026-02-10T00:00:00Z,2026-02-10,UK,VF-3T0K-DR5O,B08KFFY86W,A2YMCJJAZ04D29,1,2026-02-07T00:00:00Z,2026-02-10T00:00:00Z,24.0000,24.0000,0,5.05,5.0500,5.0500,5.0500,72.0000,72.0000,0,,,flat,0,0,0,0,1,0,FBA,5.35,0,,,,DERIVED_FROM_SELLER_OBSERVATION_HISTORY,
2026-02-10T00:00:00Z,2026-02-10,UK,VF-3T0K-DR5O,B08KFFY86W,A31WWR0DZ1UNBI,1,2026-02-07T00:00:00Z,2026-02-10T00:00:00Z,24.0000,24.0000,0,5.24,5.2400,5.2400,5.2400,72.0000,72.0000,0,,,flat,0,0,0,0,1,0,FBA,5.35,0,,,,DERIVED_FROM_SELLER_OBSERVATION_HISTORY,
2026-02-10T00:00:00Z,2026-02-10,UK,VF-3T0K-DR5O,B08KFFY86W,A328TDCKZBQUHR,1,2026-02-07T00:00:00Z,2026-02-10T00:00:00Z,24.0000,24.0000,0,5.15,5.1500,5.1500,5.1500,72.0000,72.0000,0,,,flat,0,0,0,0,1,0,FBA,5.35,0,,,,DERIVED_FROM_SELLER_OBSERVATION_HISTORY,
2026-02-10T00:00:00Z,2026-02-10,UK,VF-3T0K-DR5O,B08KFFY86W,A3P5ROKL5A1OLE,1,2026-02-07T00:00:00Z,2026-02-10T00:00:00Z,24.0000,24.0000,0,5.29,5.2900,5.2900,5.2900,72.0000,72.0000,0,,,flat,0,0,0,0,1,0,FBA,5.35,0,,,,DERIVED_FROM_SELLER_OBSERVATION_HISTORY,
2026-02-10T00:00:00Z,2026-02-10,UK,VF-3T0K-DR5O,B08KFFY86W,A3U8ECAOXIZYV1,1,2026-02-07T00:00:00Z,2026-02-10T00:00:00Z,24.0000,24.0000,0,9.45,9.4500,9.4500,9.4500,72.0000,72.0000,0,,,flat,0,0,0,0,1,0,FBA,5.35,0,,,,DERIVED_FROM_SELLER_OBSERVATION_HISTORY,
2026-02-10T00:00:00Z,2026-02-10,UK,VF-3T0K-DR5O,B08KFFY86W,A3VZBF976O8DK2,1,2026-02-07T00:00:00Z,2026-02-10T00:00:00Z,24.0000,24.0000,0,11.99,11.9900,11.9900,11.9900,72.0000,72.0000,0,,,flat,0,0,0,0,1,0,FBA,5.35,0,,,,DERIVED_FROM_SELLER_OBSERVATION_HISTORY,
2026-02-10T00:00:00Z,2026-02-10,UK,VF-3T0K-DR5O,B08KFFY86W,A6LWA092O6PLA,1,2026-02-07T00:00:00Z,2026-02-10T00:00:00Z,24.0000,24.0000,0,4.85,4.8500,4.8500,4.8500,72.0000,72.0000,0,,,flat,0,0,0,0,1,0,FBA,5.35,0,,,,DERIVED_FROM_SELLER_OBSERVATION_HISTORY,
2026-02-10T00:00:00Z,2026-02-10,UK,VF-3T0K-DR5O,B08KFFY86W,AB5OM860MS57Z,1,2026-02-07T00:00:00Z,2026-02-10T00:00:00Z,24.0000,24.0000,0,5.35,5.3500,5.3500,5.3500,72.0000,72.0000,0,,,flat,0,0,0,0,1,0,FBA,5.35,0,,,,DERIVED_FROM_SELLER_OBSERVATION_HISTORY,
2026-02-10T00:00:00Z,2026-02-10,UK,VF-3T0K-DR5O,B08KFFY86W,AJO4HUCJKGM4X,1,2026-02-07T00:00:00Z,2026-02-10T00:00:00Z,24.0000,24.0000,0,6.37,6.3700,6.3700,6.3700,72.0000,72.0000,0,,,flat,0,0,0,0,1,0,FBA,5.35,0,,,,DERIVED_FROM_SELLER_OBSERVATION_HISTORY,
2026-02-10T00:00:00Z,2026-02-10,UK,VF-3T0K-DR5O,B08KFFY86W,AWDEFA1PV5DF7,1,2026-02-10T00:00:00Z,2026-02-10T00:00:00Z,0.0000,,0,6.5,6.5000,6.5000,6.5000,0.0000,0.0000,0,,,flat,0,0,0,0,0,0,FBM,5.35,0,,,,DERIVED_FROM_SELLER_OBSERVATION_HISTORY,
2026-02-10T00:00:00Z,2026-02-10,UK,XH-0LAE-FQO5,B00AOES9GE,A1EGWKJ2C3AMWH,1,2026-02-07T00:00:00Z,2026-02-10T00:00:00Z,24.0000,24.0000,0,6.7,6.7000,6.9900,6.9900,72.0000,72.0000,1,,,down,1,0,0,0,1,0,FBA,6.9,0,,,,DERIVED_FROM_SELLER_OBSERVATION_HISTORY,
2026-02-10T00:00:00Z,2026-02-10,UK,XH-0LAE-FQO5,B00AOES9GE,A2V6U7OVTWHOIQ,1,2026-02-07T00:00:00Z,2026-02-10T00:00:00Z,24.0000,24.0000,0,6.8,6.7500,6.8000,6.7500,72.0000,72.0000,1,,,up,0,0,0,0,1,0,FBA,6.9,0,,,,DERIVED_FROM_SELLER_OBSERVATION_HISTORY,
2026-02-10T00:00:00Z,2026-02-10,UK,XH-0LAE-FQO5,B00AOES9GE,A2YMCJJAZ04D29,1,2026-02-07T00:00:00Z,2026-02-10T00:00:00Z,24.0000,24.0000,0,6.75,6.7500,6.7500,6.7500,72.0000,72.0000,0,,,flat,0,0,0,0,1,0,FBA,6.9,0,,,,DERIVED_FROM_SELLER_OBSERVATION_HISTORY,
2026-02-10T00:00:00Z,2026-02-10,UK,XH-0LAE-FQO5,B00AOES9GE,AB5OM860MS57Z,1,2026-02-07T00:00:00Z,2026-02-10T00:00:00Z,24.0000,24.0000,0,6.9,6.9000,6.9000,6.9000,72.0000,72.0000,0,,,flat,0,0,0,0,1,0,FBA,6.9,0,,,,DERIVED_FROM_SELLER_OBSERVATION_HISTORY,
2026-02-10T00:00:00Z,2026-02-10,UK,XY-UM2X-TPS3,B003VTZAM0,A1JBSHTRJ4VCVO,1,2026-02-07T00:00:00Z,2026-02-10T00:00:00Z,24.0000,24.0000,0,11.2,11.2000,11.2000,11.2000,72.0000,72.0000,0,,,flat,0,0,0,0,1,0,FBA,11.47,0,,,,DERIVED_FROM_SELLER_OBSERVATION_HISTORY,
2026-02-10T00:00:00Z,2026-02-10,UK,XY-UM2X-TPS3,B003VTZAM0,A26DO76QVK1JFR,1,2026-02-07T00:00:00Z,2026-02-10T00:00:00Z,24.0000,24.0000,0,11.99,11.9900,11.9900,11.9900,72.0000,72.0000,0,,,flat,0,0,0,0,1,0,FBA,11.47,0,,,,DERIVED_FROM_SELLER_OBSERVATION_HISTORY,
2026-02-10T00:00:00Z,2026-02-10,UK,XY-UM2X-TPS3,B003VTZAM0,A2F2QWF9KOYS5K,1,2026-02-07T00:00:00Z,2026-02-10T00:00:00Z,24.0000,24.0000,0,10.99,10.9900,10.9900,10.9900,72.0000,72.0000,0,,,flat,0,1,1,0,0,1,FBM,11.47,0,,,,DERIVED_FROM_SELLER_OBSERVATION_HISTORY,
2026-02-10T00:00:00Z,2026-02-10,UK,XY-UM2X-TPS3,B003VTZAM0,A2I9GFK5QTOYYM,1,2026-02-07T00:00:00Z,2026-02-10T00:00:00Z,24.0000,24.0000,0,11.44,11.4400,11.4400,11.4400,72.0000,72.0000,0,,,flat,0,0,0,0,1,0,FBA,11.47,0,,,,DERIVED_FROM_SELLER_OBSERVATION_HISTORY,
2026-02-10T00:00:00Z,2026-02-10,UK,XY-UM2X-TPS3,B003VTZAM0,A31LES58YOQ58B,1,2026-02-07T00:00:00Z,2026-02-10T00:00:00Z,24.0000,24.0000,0,11.6,11.6000,11.6000,11.6000,72.0000,72.0000,0,,,flat,0,0,0,0,1,0,FBA,11.47,0,,,,DERIVED_FROM_SELLER_OBSERVATION_HISTORY,
2026-02-10T00:00:00Z,2026-02-10,UK,XY-UM2X-TPS3,B003VTZAM0,A3HM7WA2CBSOPA,1,2026-02-07T00:00:00Z,2026-02-10T00:00:00Z,24.0000,24.0000,0,10.92,10.9200,10.9200,10.9200,72.0000,72.0000,0,,,flat,0,4,5,1,0,4,FBM,11.47,0,,,,DERIVED_FROM_SELLER_OBSERVATION_HISTORY,
2026-02-10T00:00:00Z,2026-02-10,UK,XY-UM2X-TPS3,B003VTZAM0,AB5OM860MS57Z,1,2026-02-07T00:00:00Z,2026-02-10T00:00:00Z,24.0000,24.0000,0,11.47,11.4700,11.4700,11.4700,72.0000,72.0000,0,,,flat,0,0,0,0,1,0,FBA,11.47,0,,,,DERIVED_FROM_SELLER_OBSERVATION_HISTORY,
2026-02-10T00:00:00Z,2026-02-10,UK,XY-UM2X-TPS3,B003VTZAM0,AHND7IKI8FHV3,1,2026-02-07T00:00:00Z,2026-02-10T00:00:00Z,24.0000,24.0000,0,11.54,11.5400,11.5400,11.5400,72.0000,72.0000,0,,,flat,0,1,2,1,0,1,FBM,11.47,0,,,,DERIVED_FROM_SELLER_OBSERVATION_HISTORY,
2026-02-10T00:00:00Z,2026-02-10,UK,XY-UM2X-TPS3,B003VTZAM0,ATUCW8T149Y55,1,2026-02-07T00:00:00Z,2026-02-10T00:00:00Z,24.0000,24.0000,0,11.59,11.5900,11.5900,11.5900,72.0000,72.0000,0,,,flat,0,2,3,1,0,2,FBM,11.47,0,,,,DERIVED_FROM_SELLER_OBSERVATION_HISTORY,
2026-02-10T00:00:00Z,2026-02-10,UK,XY-UM2X-TPS3,B003VTZAM0,AWANDGFK915DA,1,2026-02-07T00:00:00Z,2026-02-10T00:00:00Z,24.0000,24.0000,0,9.99,9.9900,9.9900,9.9900,72.0000,72.0000,0,,,flat,0,0,0,0,1,0,FBM,11.47,0,,,,DERIVED_FROM_SELLER_OBSERVATION_HISTORY,
2026-02-10T00:00:00Z,2026-02-10,UK,YC-3L3M-BV48,B0CTD6Q6KY,A3P5ROKL5A1OLE,1,2026-02-07T00:00:00Z,2026-02-10T00:00:00Z,24.0000,24.0000,0,105.95,105.9500,105.9500,105.9500,72.0000,72.0000,0,,,flat,0,0,0,0,1,0,FBM,74.26,0,,,,DERIVED_FROM_SELLER_OBSERVATION_HISTORY,
2026-02-10T00:00:00Z,2026-02-10,UK,YC-3L3M-BV48,B0CTD6Q6KY,AB5OM860MS57Z,1,2026-02-07T00:00:00Z,2026-02-10T00:00:00Z,24.0000,24.0000,0,74.26,74.2600,74.2600,74.2600,72.0000,72.0000,0,,,flat,0,0,0,0,1,0,FBA,74.26,0,,,,DERIVED_FROM_SELLER_OBSERVATION_HISTORY,
2026-02-10T00:00:00Z,2026-02-10,UK,YC-3L3M-BV48,B0CTD6Q6KY,AQ20HDTW7QNBM,1,2026-02-07T00:00:00Z,2026-02-10T00:00:00Z,24.0000,24.0000,0,74.0,74.0000,74.0000,74.0000,72.0000,72.0000,0,,,flat,0,0,0,0,1,0,FBA,74.26,0,,,,DERIVED_FROM_SELLER_OBSERVATION_HISTORY,
2026-02-11T00:00:00Z,2026-02-11,UK,4W-VS57-BV6A,B0C9LJNJWZ,A16ZATMMFE8J3Y,1,2026-02-07T00:00:00Z,2026-02-11T00:00:00Z,48.0000,24.0000,0,35.99,35.9900,35.9900,35.9900,96.0000,96.0000,0,,,flat,0,0,0,0,1,0,FBM,35.91,0,,,,DERIVED_FROM_SELLER_OBSERVATION_HISTORY,
2026-02-11T00:00:00Z,2026-02-11,UK,4W-VS57-BV6A,B0C9LJNJWZ,A1U2WCBY9FQRJ5,1,2026-02-07T00:00:00Z,2026-02-11T00:00:00Z,48.0000,24.0000,0,38.38,38.3800,38.3800,38.3800,96.0000,96.0000,0,,,flat,0,1,2,1,0,1,FBM,35.91,0,,,,DERIVED_FROM_SELLER_OBSERVATION_HISTORY,
2026-02-11T00:00:00Z,2026-02-11,UK,4W-VS57-BV6A,B0C9LJNJWZ,A23VLR5KYFT1PR,1,2026-02-07T00:00:00Z,2026-02-11T00:00:00Z,48.0000,24.0000,0,34.99,34.9900,34.9900,34.9900,96.0000,96.0000,0,,,flat,0,0,0,0,1,0,FBA,35.91,0,,,,DERIVED_FROM_SELLER_OBSERVATION_HISTORY,
2026-02-11T00:00:00Z,2026-02-11,UK,4W-VS57-BV6A,B0C9LJNJWZ,A2N6W6R4NFCNBX,1,2026-02-07T00:00:00Z,2026-02-11T00:00:00Z,48.0000,24.0000,0,39.69,39.6900,39.6900,39.6900,96.0000,96.0000,0,,,flat,0,0,0,0,0,0,FBM,35.91,0,,,,DERIVED_FROM_SELLER_OBSERVATION_HISTORY,
2026-02-11T00:00:00Z,2026-02-11,UK,4W-VS57-BV6A,B0C9LJNJWZ,A2UD95CFO7TBZQ,1,2026-02-07T00:00:00Z,2026-02-11T00:00:00Z,48.0000,24.0000,0,35.96,35.9600,35.9600,35.9600,96.0000,96.0000,0,,,flat,0,0,0,0,0,0,FBM,35.91,0,,,,DERIVED_FROM_SELLER_OBSERVATION_HISTORY,
2026-02-11T00:00:00Z,2026-02-11,UK,4W-VS57-BV6A,B0C9LJNJWZ,A30DC7701CXIBH,1,2026-02-07T00:00:00Z,2026-02-11T00:00:00Z,48.0000,24.0000,0,40.27,39.8500,40.2700,39.8500,96.0000,96.0000,1,,,up,0,0,0,0,1,0,FBM,35.91,0,,,,DERIVED_FROM_SELLER_OBSERVATION_HISTORY,
2026-02-11T00:00:00Z,2026-02-11,UK,4W-VS57-BV6A,B0C9LJNJWZ,A3HM7WA2CBSOPA,1,2026-02-07T00:00:00Z,2026-02-11T00:00:00Z,48.0000,24.0000,0,39.12,39.1200,39.1200,39.1200,96.0000,96.0000,0,,,flat,0,1,1,0,0,1,FBM,35.91,0,,,,DERIVED_FROM_SELLER_OBSERVATION_HISTORY,
2026-02-11T00:00:00Z,2026-02-11,UK,4W-VS57-BV6A,B0C9LJNJWZ,A3KTB05DIFHO8V,1,2026-02-07T00:00:00Z,2026-02-11T00:00:00Z,48.0000,24.0000,0,44.99,44.9900,44.9900,44.9900,96.0000,96.0000,0,,,flat,0,1,2,1,0,1,FBM,35.91,0,,,,DERIVED_FROM_SELLER_OBSERVATION_HISTORY,
2026-02-11T00:00:00Z,2026-02-11,UK,4W-VS57-BV6A,B0C9LJNJWZ,A3KTD5M81YFDGM,1,2026-02-07T00:00:00Z,2026-02-11T00:00:00Z,48.0000,24.0000,0,35.5,35.5000,35.5000,35.5000,96.0000,96.0000,0,,,flat,0,0,0,0,1,0,FBA,35.91,0,,,,DERIVED_FROM_SELLER_OBSERVATION_HISTORY,
2026-02-11T00:00:00Z,2026-02-11,UK,4W-VS57-BV6A,B0C9LJNJWZ,A3P5ROKL5A1OLE,1,2026-02-07T00:00:00Z,2026-02-11T00:00:00Z,48.0000,24.0000,0,35.0,35.0000,35.0000,35.0000,96.0000,96.0000,0,,,flat,0,0,0,0,1,0,FBA,35.91,0,,,,DERIVED_FROM_SELLER_OBSERVATION_HISTORY,
2026-02-11T00:00:00Z,2026-02-11,UK,4W-VS57-BV6A,B0C9LJNJWZ,AAOJ3B4Z594LC,1,2026-02-07T00:00:00Z,2026-02-11T00:00:00Z,48.0000,24.0000,0,38.89,38.8900,39.0600,38.8900,96.0000,48.0000,1,,,down,1,2,3,1,0,2,FBM,35.91,0,,,,DERIVED_FROM_SELLER_OBSERVATION_HISTORY,
2026-02-11T00:00:00Z,2026-02-11,UK,4W-VS57-BV6A,B0C9LJNJWZ,AB5OM860MS57Z,1,2026-02-07T00:00:00Z,2026-02-11T00:00:00Z,48.0000,24.0000,0,35.91,35.9100,35.9100,35.9100,96.0000,96.0000,0,,,flat,0,0,0,0,1,0,FBA,35.91,0,,,,DERIVED_FROM_SELLER_OBSERVATION_HISTORY,
2026-02-11T00:00:00Z,2026-02-11,UK,4W-VS57-BV6A,B0C9LJNJWZ,AEU2J2P6WG61R,1,2026-02-07T00:00:00Z,2026-02-11T00:00:00Z,48.0000,24.0000,0,37.59,37.5900,37.5900,37.5900,96.0000,96.0000,0,,,flat,0,0,0,0,1,0,FBM,35.91,0,,,,DERIVED_FROM_SELLER_OBSERVATION_HISTORY,
2026-02-11T00:00:00Z,2026-02-11,UK,4W-VS57-BV6A,B0C9LJNJWZ,ARKFZSTQBZS2,1,2026-02-07T00:00:00Z,2026-02-11T00:00:00Z,48.0000,24.0000,0,37.25,37.2500,37.2500,37.2500,96.0000,96.0000,0,,,flat,0,2,3,1,0,2,FBM,35.91,0,,,,DERIVED_FROM_SELLER_OBSERVATION_HISTORY,
2026-02-11T00:00:00Z,2026-02-11,UK,6V-EEC1-2S9Z,B06WW79DX5,A11RGASXV3EWM4,1,2026-02-07T00:00:00Z,2026-02-11T00:00:00Z,48.0000,24.0000,0,9.5,9.5000,9.5000,9.5000,96.0000,96.0000,0,,,flat,0,0,0,0,0,0,FBM,7.93,1,,,,DERIVED_FROM_SELLER_OBSERVATION_HISTORY,
2026-02-11T00:00:00Z,2026-02-11,UK,6V-EEC1-2S9Z,B06WW79DX5,A12MJ1FK852SYB,1,2026-02-07T00:00:00Z,2026-02-11T00:00:00Z,48.0000,24.0000,0,9.99,9.9900,9.9900,9.9900,96.0000,96.0000,0,,,flat,0,0,0,0,0,0,FBM,7.93,1,,,,DERIVED_FROM_SELLER_OBSERVATION_HISTORY,
2026-02-11T00:00:00Z,2026-02-11,UK,6V-EEC1-2S9Z,B06WW79DX5,AB5OM860MS57Z,1,2026-02-07T00:00:00Z,2026-02-11T00:00:00Z,48.0000,24.0000,0,7.93,7.9300,7.9900,7.9900,96.0000,96.0000,1,,,down,1,0,0,0,1,0,FBA,7.93,1,,,,DERIVED_FROM_SELLER_OBSERVATION_HISTORY,
2026-02-11T00:00:00Z,2026-02-11,UK,6V-EEC1-2S9Z,B06WW79DX5,AKQMAXFWUV730,1,2026-02-07T00:00:00Z,2026-02-11T00:00:00Z,48.0000,24.0000,0,9.99,9.9900,9.9900,9.9900,96.0000,96.0000,0,,,flat,0,0,0,0,0,0,FBM,7.93,1,,,,DERIVED_FROM_SELLER_OBSERVATION_HISTORY,
2026-02-11T00:00:00Z,2026-02-11,UK,6V-EEC1-2S9Z,B06WW79DX5,AM6QF58KGUUM9,1,2026-02-07T00:00:00Z,2026-02-11T00:00:00Z,48.0000,24.0000,0,9.17,9.1700,9.4700,9.2900,72.0000,48.0000,3,,,down,2,0,0,0,0,0,FBM,7.93,1,,,,DERIVED_FROM_SELLER_OBSERVATION_HISTORY,
2026-02-11T00:00:00Z,2026-02-11,UK,6V-EEC1-2S9Z,B06WW79DX5,ATUCW8T149Y55,1,2026-02-07T00:00:00Z,2026-02-11T00:00:00Z,48.0000,24.0000,0,10.99,10.9900,10.9900,10.9900,96.0000,96.0000,0,,,flat,0,2,3,1,0,2,FBM,7.93,1,,,,DERIVED_FROM_SELLER_OBSERVATION_HISTORY,
2026-02-11T00:00:00Z,2026-02-11,UK,AX-NKNU-29C1,B08M52B4M5,A10NUX8SYO930S,1,2026-02-07T00:00:00Z,2026-02-11T00:00:00Z,48.0000,24.0000,0,5.11,5.1100,5.1100,5.1100,96.0000,96.0000,0,,,flat,0,1,2,1,0,1,FBM,3.99,0,,,,DERIVED_FROM_SELLER_OBSERVATION_HISTORY,
2026-02-11T00:00:00Z,2026-02-11,UK,AX-NKNU-29C1,B08M52B4M5,A24VQX7LPBJ2BC,1,2026-02-07T00:00:00Z,2026-02-11T00:00:00Z,48.0000,24.0000,0,1.99,1.9900,1.9900,1.9900,96.0000,96.0000,0,,,flat,0,9,10,1,0,9,FBM,3.99,0,,,,DERIVED_FROM_SELLER_OBSERVATION_HISTORY,
2026-02-11T00:00:00Z,2026-02-11,UK,AX-NKNU-29C1,B08M52B4M5,A2JJBX08NHT52K,1,2026-02-07T00:00:00Z,2026-02-11T00:00:00Z,48.0000,24.0000,0,5.35,5.3500,5.3500,5.3500,96.0000,96.0000,0,,,flat,0,1,2,1,0,1,FBM,3.99,0,,,,DERIVED_FROM_SELLER_OBSERVATION_HISTORY,
2026-02-11T00:00:00Z,2026-02-11,UK,AX-NKNU-29C1,B08M52B4M5,AB5OM860MS57Z,1,2026-02-07T00:00:00Z,2026-02-11T00:00:00Z,48.0000,24.0000,0,3.99,3.9900,3.9900,3.9900,96.0000,96.0000,0,,,flat,0,0,0,0,1,0,FBA,3.99,0,,,,DERIVED_FROM_SELLER_OBSERVATION_HISTORY,
2026-02-11T00:00:00Z,2026-02-11,UK,AX-NKNU-29C1,B08M52B4M5,AUGCSEQQV3XYY,1,2026-02-07T00:00:00Z,2026-02-11T00:00:00Z,48.0000,24.0000,0,4.99,4.9900,4.9900,4.9900,96.0000,96.0000,0,,,flat,0,1,2,1,0,1,FBM,3.99,0,,,,DERIVED_FROM_SELLER_OBSERVATION_HISTORY,
2026-02-11T00:00:00Z,2026-02-11,UK,JB-RGB6-LZOJ,B0001P0DLU,A11NIG1P7AEFFD,1,2026-02-07T00:00:00Z,2026-02-11T00:00:00Z,0.0000,48.0000,1,4.45,4.4500,4.4500,4.4500,96.0000,96.0000,0,,,flat,0,1,2,1,0,1,FBM,9.99,2,,,,DERIVED_FROM_SELLER_OBSERVATION_HISTORY,
2026-02-11T00:00:00Z,2026-02-11,UK,JB-RGB6-LZOJ,B0001P0DLU,A1I8X3GIQ4LKR5,1,2026-02-07T00:00:00Z,2026-02-11T00:00:00Z,48.0000,24.0000,0,9.68,9.6800,9.6800,9.6800,96.0000,96.0000,0,,,flat,0,1,1,0,0,1,FBM,9.99,2,,,,DERIVED_FROM_SELLER_OBSERVATION_HISTORY,
2026-02-11T00:00:00Z,2026-02-11,UK,JB-RGB6-LZOJ,B0001P0DLU,A24NGU5R55LIUJ,1,2026-02-07T00:00:00Z,2026-02-11T00:00:00Z,48.0000,24.0000,0,7.43,7.4300,7.4300,7.4300,96.0000,96.0000,0,,,flat,0,1,1,0,0,1,FBM,9.99,2,,,,DERIVED_FROM_SELLER_OBSERVATION_HISTORY,
2026-02-11T00:00:00Z,2026-02-11,UK,JB-RGB6-LZOJ,B0001P0DLU,A2PJYYPKZTZJ0V,1,2026-02-07T00:00:00Z,2026-02-11T00:00:00Z,48.0000,24.0000,0,9.95,9.9500,9.9500,9.9500,96.0000,96.0000,0,,,flat,0,1,1,0,0,1,FBM,9.99,2,,,,DERIVED_FROM_SELLER_OBSERVATION_HISTORY,
2026-02-11T00:00:00Z,2026-02-11,UK,JB-RGB6-LZOJ,B0001P0DLU,A39VTM0CZSRJZA,1,2026-02-07T00:00:00Z,2026-02-11T00:00:00Z,48.0000,24.0000,0,6.35,6.3500,6.3500,6.3500,96.0000,96.0000,0,,,flat,0,0,0,0,0,0,FBM,9.99,2,,,,DERIVED_FROM_SELLER_OBSERVATION_HISTORY,
2026-02-11T00:00:00Z,2026-02-11,UK,JB-RGB6-LZOJ,B0001P0DLU,A3HM7WA2CBSOPA,1,2026-02-07T00:00:00Z,2026-02-11T00:00:00Z,48.0000,24.0000,0,6.91,6.9100,6.9100,6.9100,96.0000,96.0000,0,,,flat,0,2,3,1,0,2,FBM,9.99,2,,,,DERIVED_FROM_SELLER_OBSERVATION_HISTORY,
2026-02-11T00:00:00Z,2026-02-11,UK,JB-RGB6-LZOJ,B0001P0DLU,A3SK1E64BDMB7W,1,2026-02-07T00:00:00Z,2026-02-11T00:00:00Z,48.0000,24.0000,0,12.56,12.0600,12.5600,12.3100,72.0000,96.0000,1,,,up,0,1,1,0,0,1,FBM,9.99,2,,,,DERIVED_FROM_SELLER_OBSERVATION_HISTORY,
2026-02-11T00:00:00Z,2026-02-11,UK,JB-RGB6-LZOJ,B0001P0DLU,A3V2W4NCHQN1W7,1,2026-02-07T00:00:00Z,2026-02-11T00:00:00Z,48.0000,24.0000,0,10.21,10.2100,10.2100,10.2100,96.0000,96.0000,0,,,flat,0,0,0,0,1,0,FBM,9.99,2,,,,DERIVED_FROM_SELLER_OBSERVATION_HISTORY,
2026-02-11T00:00:00Z,2026-02-11,UK,JB-RGB6-LZOJ,B0001P0DLU,A91ZH6FZ52D9H,1,2026-02-07T00:00:00Z,2026-02-11T00:00:00Z,48.0000,24.0000,0,9.99,9.9900,9.9900,9.9900,96.0000,96.0000,0,,,flat,0,1,2,1,0,1,FBM,9.99,2,,,,DERIVED_FROM_SELLER_OBSERVATION_HISTORY,
2026-02-11T00:00:00Z,2026-02-11,UK,JB-RGB6-LZOJ,B0001P0DLU,AB5OM860MS57Z,1,2026-02-07T00:00:00Z,2026-02-11T00:00:00Z,48.0000,24.0000,0,9.99,6.1300,9.9900,8.0700,48.0000,96.0000,2,,,up,0,0,0,0,1,0,FBA,9.99,2,,,,DERIVED_FROM_SELLER_OBSERVATION_HISTORY,
2026-02-11T00:00:00Z,2026-02-11,UK,JB-RGB6-LZOJ,B0001P0DLU,AKBY7ZMYYJKZC,1,2026-02-07T00:00:00Z,2026-02-11T00:00:00Z,48.0000,24.0000,0,6.9,6.9000,6.9000,6.9000,96.0000,96.0000,0,,,flat,0,1,1,0,0,1,FBM,9.99,2,,,,DERIVED_FROM_SELLER_OBSERVATION_HISTORY,
2026-02-11T00:00:00Z,2026-02-11,UK,JB-RGB6-LZOJ,B0001P0DLU,AY357ZGTL1GSV,1,2026-02-07T00:00:00Z,2026-02-11T00:00:00Z,48.0000,24.0000,0,7.8,7.8000,7.8000,7.8000,96.0000,96.0000,0,,,flat,0,1,1,0,0,1,FBM,9.99,2,,,,DERIVED_FROM_SELLER_OBSERVATION_HISTORY,
2026-02-11T00:00:00Z,2026-02-11,UK,RZ-6ZL9-CZ7J,B075XT2J8X,A11153KMTVDZI1,1,2026-02-07T00:00:00Z,2026-02-11T00:00:00Z,48.0000,24.0000,0,6.6,6.6000,6.6000,6.6000,96.0000,96.0000,0,,,flat,0,0,0,0,1,0,FBA,6.97,0,,,,DERIVED_FROM_SELLER_OBSERVATION_HISTORY,
2026-02-11T00:00:00Z,2026-02-11,UK,RZ-6ZL9-CZ7J,B075XT2J8X,A15X20ZKTLRSBW,1,2026-02-07T00:00:00Z,2026-02-11T00:00:00Z,48.0000,24.0000,0,6.35,6.3500,6.3500,6.3500,96.0000,96.0000,0,,,flat,0,0,0,0,1,0,FBA,6.97,0,,,,DERIVED_FROM_SELLER_OBSERVATION_HISTORY,
2026-02-11T00:00:00Z,2026-02-11,UK,RZ-6ZL9-CZ7J,B075XT2J8X,A196JBKNW3T4BS,1,2026-02-07T00:00:00Z,2026-02-11T00:00:00Z,48.0000,24.0000,0,3.27,3.2700,3.2700,3.2700,96.0000,96.0000,0,,,flat,0,1,1,0,0,1,FBM,6.97,0,,,,DERIVED_FROM_SELLER_OBSERVATION_HISTORY,
2026-02-11T00:00:00Z,2026-02-11,UK,RZ-6ZL9-CZ7J,B075XT2J8X,A1QKNW4W5SPM7T,1,2026-02-07T00:00:00Z,2026-02-11T00:00:00Z,48.0000,24.0000,0,7.61,7.6100,7.6100,7.6100,96.0000,96.0000,0,,,flat,0,1,1,0,0,1,FBM,6.97,0,,,,DERIVED_FROM_SELLER_OBSERVATION_HISTORY,
2026-02-11T00:00:00Z,2026-02-11,UK,RZ-6ZL9-CZ7J,B075XT2J8X,A1R64IUNVWPSMR,1,2026-02-07T00:00:00Z,2026-02-11T00:00:00Z,48.0000,24.0000,0,7.47,7.4700,7.4700,7.4700,96.0000,96.0000,0,,,flat,0,2,3,1,0,2,FBM,6.97,0,,,,DERIVED_FROM_SELLER_OBSERVATION_HISTORY,
2026-02-11T00:00:00Z,2026-02-11,UK,RZ-6ZL9-CZ7J,B075XT2J8X,A2JJBX08NHT52K,1,2026-02-07T00:00:00Z,2026-02-11T00:00:00Z,48.0000,24.0000,0,5.07,5.0700,5.0700,5.0700,96.0000,96.0000,0,,,flat,0,1,2,1,0,1,FBM,6.97,0,,,,DERIVED_FROM_SELLER_OBSERVATION_HISTORY,
2026-02-11T00:00:00Z,2026-02-11,UK,RZ-6ZL9-CZ7J,B075XT2J8X,A35UPYDMLICYZX,1,2026-02-07T00:00:00Z,2026-02-11T00:00:00Z,48.0000,24.0000,0,10.56,10.5600,10.5600,10.5600,96.0000,96.0000,0,,,flat,0,1,1,0,0,1,FBM,6.97,0,,,,DERIVED_FROM_SELLER_OBSERVATION_HISTORY,
2026-02-11T00:00:00Z,2026-02-11,UK,RZ-6ZL9-CZ7J,B075XT2J8X,A3C70I7GKRCETI,1,2026-02-07T00:00:00Z,2026-02-11T00:00:00Z,48.0000,24.0000,0,6.35,6.3500,6.3500,6.3500,96.0000,96.0000,0,,,flat,0,0,0,0,1,0,FBA,6.97,0,,,,DERIVED_FROM_SELLER_OBSERVATION_HISTORY,
2026-02-11T00:00:00Z,2026-02-11,UK,RZ-6ZL9-CZ7J,B075XT2J8X,A6VPZZ5FEXGVE,1,2026-02-07T00:00:00Z,2026-02-11T00:00:00Z,48.0000,24.0000,0,8.99,8.9900,8.9900,8.9900,96.0000,96.0000,0,,,flat,0,1,1,0,0,1,FBM,6.97,0,,,,DERIVED_FROM_SELLER_OBSERVATION_HISTORY,
2026-02-11T00:00:00Z,2026-02-11,UK,RZ-6ZL9-CZ7J,B075XT2J8X,AB5OM860MS57Z,1,2026-02-07T00:00:00Z,2026-02-11T00:00:00Z,48.0000,24.0000,0,6.97,6.9700,6.9700,6.9700,96.0000,96.0000,0,,,flat,0,0,0,0,1,0,FBA,6.97,0,,,,DERIVED_FROM_SELLER_OBSERVATION_HISTORY,
2026-02-11T00:00:00Z,2026-02-11,UK,TJ-6LOP-OPEU,B08P63MSS9,A2FWYQ039SD442,1,2026-02-07T00:00:00Z,2026-02-11T00:00:00Z,48.0000,24.0000,0,8.8,8.1300,8.8000,8.5450,48.0000,96.0000,3,,,up,0,0,0,0,1,0,FBA,8.8,3,,,,DERIVED_FROM_SELLER_OBSERVATION_HISTORY,
2026-02-11T00:00:00Z,2026-02-11,UK,TJ-6LOP-OPEU,B08P63MSS9,A2JJBX08NHT52K,1,2026-02-07T00:00:00Z,2026-02-11T00:00:00Z,48.0000,24.0000,0,4.61,4.6100,4.6100,4.6100,96.0000,96.0000,0,,,flat,0,1,2,1,0,1,FBM,8.8,3,,,,DERIVED_FROM_SELLER_OBSERVATION_HISTORY,
2026-02-11T00:00:00Z,2026-02-11,UK,TJ-6LOP-OPEU,B08P63MSS9,A3IIOPC5WY6KKR,1,2026-02-07T00:00:00Z,2026-02-11T00:00:00Z,48.0000,24.0000,0,8.68,8.1200,8.6800,8.5350,48.0000,96.0000,3,,,up,0,1,2,1,0,1,FBM,8.8,3,,,,DERIVED_FROM_SELLER_OBSERVATION_HISTORY,
2026-02-11T00:00:00Z,2026-02-11,UK,TJ-6LOP-OPEU,B08P63MSS9,AB5OM860MS57Z,1,2026-02-07T00:00:00Z,2026-02-11T00:00:00Z,48.0000,24.0000,0,8.8,8.1300,8.8000,8.5450,48.0000,96.0000,3,,,up,0,0,0,0,1,0,FBA,8.8,3,,,,DERIVED_FROM_SELLER_OBSERVATION_HISTORY,
2026-02-11T00:00:00Z,2026-02-11,UK,TJ-6LOP-OPEU,B08P63MSS9,AHPS0P3VVEPP4,1,2026-02-07T00:00:00Z,2026-02-11T00:00:00Z,48.0000,24.0000,0,9.88,9.8800,9.8800,9.8800,96.0000,96.0000,0,,,flat,0,1,1,0,0,1,FBM,8.8,3,,,,DERIVED_FROM_SELLER_OBSERVATION_HISTORY,
2026-02-11T00:00:00Z,2026-02-11,UK,VF-3T0K-DR5O,B08KFFY86W,A1EGWKJ2C3AMWH,1,2026-02-07T00:00:00Z,2026-02-11T00:00:00Z,48.0000,24.0000,0,5.05,5.0500,5.0500,5.0500,96.0000,96.0000,0,,,flat,0,0,0,0,1,0,FBA,5.35,0,,,,DERIVED_FROM_SELLER_OBSERVATION_HISTORY,
2026-02-11T00:00:00Z,2026-02-11,UK,VF-3T0K-DR5O,B08KFFY86W,A1PDJFYGLPZ86M,1,2026-02-07T00:00:00Z,2026-02-11T00:00:00Z,48.0000,24.0000,0,4.88,4.8800,4.8800,4.8800,96.0000,96.0000,0,,,flat,0,0,0,0,1,0,FBA,5.35,0,,,,DERIVED_FROM_SELLER_OBSERVATION_HISTORY,
2026-02-11T00:00:00Z,2026-02-11,UK,VF-3T0K-DR5O,B08KFFY86W,A1R64IUNVWPSMR,1,2026-02-07T00:00:00Z,2026-02-11T00:00:00Z,48.0000,24.0000,0,9.55,9.5500,9.5500,9.5500,96.0000,96.0000,0,,,flat,0,2,3,1,0,2,FBM,5.35,0,,,,DERIVED_FROM_SELLER_OBSERVATION_HISTORY,
2026-02-11T00:00:00Z,2026-02-11,UK,VF-3T0K-DR5O,B08KFFY86W,A21NMD767VKPKA,1,2026-02-07T00:00:00Z,2026-02-11T00:00:00Z,48.0000,24.0000,0,4.89,4.8900,4.8900,4.8900,96.0000,96.0000,0,,,flat,0,0,0,0,1,0,FBA,5.35,0,,,,DERIVED_FROM_SELLER_OBSERVATION_HISTORY,
2026-02-11T00:00:00Z,2026-02-11,UK,VF-3T0K-DR5O,B08KFFY86W,A2E1OBJJDHI305,1,2026-02-07T00:00:00Z,2026-02-11T00:00:00Z,48.0000,24.0000,0,5.14,5.1400,5.1400,5.1400,96.0000,96.0000,0,,,flat,0,1,1,0,0,1,FBM,5.35,0,,,,DERIVED_FROM_SELLER_OBSERVATION_HISTORY,
2026-02-11T00:00:00Z,2026-02-11,UK,VF-3T0K-DR5O,B08KFFY86W,A2JHK2RGHEOXUY,1,2026-02-07T00:00:00Z,2026-02-11T00:00:00Z,48.0000,24.0000,0,4.85,4.8500,4.8900,4.8500,72.0000,72.0000,2,,,flat,0,0,0,0,1,0,FBA,5.35,0,,,,DERIVED_FROM_SELLER_OBSERVATION_HISTORY,
2026-02-11T00:00:00Z,2026-02-11,UK,VF-3T0K-DR5O,B08KFFY86W,A2MSCEFUU7IF9P,1,2026-02-07T00:00:00Z,2026-02-11T00:00:00Z,48.0000,24.0000,0,4.85,4.8500,4.8500,4.8500,96.0000,96.0000,0,,,flat,0,0,0,0,1,0,FBA,5.35,0,,,,DERIVED_FROM_SELLER_OBSERVATION_HISTORY,
2026-02-11T00:00:00Z,2026-02-11,UK,VF-3T0K-DR5O,B08KFFY86W,A2V6U7OVTWHOIQ,1,2026-02-07T00:00:00Z,2026-02-11T00:00:00Z,48.0000,24.0000,0,6.5,6.5000,6.5000,6.5000,96.0000,96.0000,0,,,flat,0,0,0,0,1,0,FBA,5.35,0,,,,DERIVED_FROM_SELLER_OBSERVATION_HISTORY,
2026-02-11T00:00:00Z,2026-02-11,UK,VF-3T0K-DR5O,B08KFFY86W,A2YMCJJAZ04D29,1,2026-02-07T00:00:00Z,2026-02-11T00:00:00Z,48.0000,24.0000,0,5.05,5.0500,5.0500,5.0500,96.0000,96.0000,0,,,flat,0,0,0,0,1,0,FBA,5.35,0,,,,DERIVED_FROM_SELLER_OBSERVATION_HISTORY,
2026-02-11T00:00:00Z,2026-02-11,UK,VF-3T0K-DR5O,B08KFFY86W,A31WWR0DZ1UNBI,1,2026-02-07T00:00:00Z,2026-02-11T00:00:00Z,48.0000,24.0000,0,5.24,5.2400,5.2400,5.2400,96.0000,96.0000,0,,,flat,0,0,0,0,1,0,FBA,5.35,0,,,,DERIVED_FROM_SELLER_OBSERVATION_HISTORY,
2026-02-11T00:00:00Z,2026-02-11,UK,VF-3T0K-DR5O,B08KFFY86W,A328TDCKZBQUHR,1,2026-02-07T00:00:00Z,2026-02-11T00:00:00Z,48.0000,24.0000,0,5.15,5.1500,5.1500,5.1500,96.0000,96.0000,0,,,flat,0,0,0,0,1,0,FBA,5.35,0,,,,DERIVED_FROM_SELLER_OBSERVATION_HISTORY,
2026-02-11T00:00:00Z,2026-02-11,UK,VF-3T0K-DR5O,B08KFFY86W,A3P5ROKL5A1OLE,1,2026-02-07T00:00:00Z,2026-02-11T00:00:00Z,48.0000,24.0000,0,5.29,5.2900,5.2900,5.2900,96.0000,96.0000,0,,,flat,0,0,0,0,1,0,FBA,5.35,0,,,,DERIVED_FROM_SELLER_OBSERVATION_HISTORY,
2026-02-11T00:00:00Z,2026-02-11,UK,VF-3T0K-DR5O,B08KFFY86W,A3U8ECAOXIZYV1,1,2026-02-07T00:00:00Z,2026-02-11T00:00:00Z,48.0000,24.0000,0,9.45,9.4500,9.4500,9.4500,96.0000,96.0000,0,,,flat,0,0,0,0,1,0,FBA,5.35,0,,,,DERIVED_FROM_SELLER_OBSERVATION_HISTORY,
2026-02-11T00:00:00Z,2026-02-11,UK,VF-3T0K-DR5O,B08KFFY86W,A3VZBF976O8DK2,1,2026-02-07T00:00:00Z,2026-02-11T00:00:00Z,48.0000,24.0000,0,11.99,11.9900,11.9900,11.9900,96.0000,96.0000,0,,,flat,0,0,0,0,1,0,FBA,5.35,0,,,,DERIVED_FROM_SELLER_OBSERVATION_HISTORY,
2026-02-11T00:00:00Z,2026-02-11,UK,VF-3T0K-DR5O,B08KFFY86W,A6LWA092O6PLA,1,2026-02-07T00:00:00Z,2026-02-11T00:00:00Z,48.0000,24.0000,0,4.85,4.8500,4.8500,4.8500,96.0000,96.0000,0,,,flat,0,0,0,0,1,0,FBA,5.35,0,,,,DERIVED_FROM_SELLER_OBSERVATION_HISTORY,
2026-02-11T00:00:00Z,2026-02-11,UK,VF-3T0K-DR5O,B08KFFY86W,AB5OM860MS57Z,1,2026-02-07T00:00:00Z,2026-02-11T00:00:00Z,48.0000,24.0000,0,5.35,5.3500,5.3500,5.3500,96.0000,96.0000,0,,,flat,0,0,0,0,1,0,FBA,5.35,0,,,,DERIVED_FROM_SELLER_OBSERVATION_HISTORY,
2026-02-11T00:00:00Z,2026-02-11,UK,VF-3T0K-DR5O,B08KFFY86W,AJO4HUCJKGM4X,1,2026-02-07T00:00:00Z,2026-02-11T00:00:00Z,48.0000,24.0000,0,6.37,6.3700,6.3700,6.3700,96.0000,96.0000,0,,,flat,0,0,0,0,1,0,FBA,5.35,0,,,,DERIVED_FROM_SELLER_OBSERVATION_HISTORY,
2026-02-11T00:00:00Z,2026-02-11,UK,VF-3T0K-DR5O,B08KFFY86W,AWDEFA1PV5DF7,1,2026-02-10T00:00:00Z,2026-02-11T00:00:00Z,24.0000,24.0000,0,6.5,6.5000,6.5000,6.5000,24.0000,24.0000,0,,,flat,0,0,0,0,0,0,FBM,5.35,0,,,,DERIVED_FROM_SELLER_OBSERVATION_HISTORY,
2026-02-11T00:00:00Z,2026-02-11,UK,XH-0LAE-FQO5,B00AOES9GE,A1EGWKJ2C3AMWH,1,2026-02-07T00:00:00Z,2026-02-11T00:00:00Z,48.0000,24.0000,0,6.7,6.7000,6.9900,6.8450,96.0000,72.0000,1,,,down,1,0,0,0,1,0,FBA,6.9,0,,,,DERIVED_FROM_SELLER_OBSERVATION_HISTORY,
2026-02-11T00:00:00Z,2026-02-11,UK,XH-0LAE-FQO5,B00AOES9GE,A2V6U7OVTWHOIQ,1,2026-02-07T00:00:00Z,2026-02-11T00:00:00Z,48.0000,24.0000,0,6.8,6.7500,6.8000,6.7750,72.0000,96.0000,1,,,up,0,0,0,0,1,0,FBA,6.9,0,,,,DERIVED_FROM_SELLER_OBSERVATION_HISTORY,
2026-02-11T00:00:00Z,2026-02-11,UK,XH-0LAE-FQO5,B00AOES9GE,A2YMCJJAZ04D29,1,2026-02-07T00:00:00Z,2026-02-11T00:00:00Z,48.0000,24.0000,0,6.7,6.7000,6.7500,6.7500,96.0000,96.0000,1,,,down,1,0,0,0,1,0,FBA,6.9,0,,,,DERIVED_FROM_SELLER_OBSERVATION_HISTORY,
2026-02-11T00:00:00Z,2026-02-11,UK,XH-0LAE-FQO5,B00AOES9GE,AB5OM860MS57Z,1,2026-02-07T00:00:00Z,2026-02-11T00:00:00Z,48.0000,24.0000,0,6.9,6.9000,6.9000,6.9000,96.0000,96.0000,0,,,flat,0,0,0,0,1,0,FBA,6.9,0,,,,DERIVED_FROM_SELLER_OBSERVATION_HISTORY,
2026-02-11T00:00:00Z,2026-02-11,UK,XY-UM2X-TPS3,B003VTZAM0,A1JBSHTRJ4VCVO,1,2026-02-07T00:00:00Z,2026-02-11T00:00:00Z,48.0000,24.0000,0,11.2,11.2000,11.2000,11.2000,96.0000,96.0000,0,,,flat,0,0,0,0,1,0,FBA,11.47,0,,,,DERIVED_FROM_SELLER_OBSERVATION_HISTORY,
2026-02-11T00:00:00Z,2026-02-11,UK,XY-UM2X-TPS3,B003VTZAM0,A26DO76QVK1JFR,1,2026-02-07T00:00:00Z,2026-02-11T00:00:00Z,48.0000,24.0000,0,11.99,11.9900,11.9900,11.9900,96.0000,96.0000,0,,,flat,0,0,0,0,1,0,FBA,11.47,0,,,,DERIVED_FROM_SELLER_OBSERVATION_HISTORY,
2026-02-11T00:00:00Z,2026-02-11,UK,XY-UM2X-TPS3,B003VTZAM0,A2F2QWF9KOYS5K,1,2026-02-07T00:00:00Z,2026-02-11T00:00:00Z,48.0000,24.0000,0,10.99,10.9900,10.9900,10.9900,96.0000,96.0000,0,,,flat,0,1,1,0,0,1,FBM,11.47,0,,,,DERIVED_FROM_SELLER_OBSERVATION_HISTORY,
2026-02-11T00:00:00Z,2026-02-11,UK,XY-UM2X-TPS3,B003VTZAM0,A2I9GFK5QTOYYM,1,2026-02-07T00:00:00Z,2026-02-11T00:00:00Z,48.0000,24.0000,0,11.44,11.4400,11.4400,11.4400,96.0000,96.0000,0,,,flat,0,0,0,0,1,0,FBA,11.47,0,,,,DERIVED_FROM_SELLER_OBSERVATION_HISTORY,
2026-02-11T00:00:00Z,2026-02-11,UK,XY-UM2X-TPS3,B003VTZAM0,A31LES58YOQ58B,1,2026-02-07T00:00:00Z,2026-02-11T00:00:00Z,48.0000,24.0000,0,11.6,11.6000,11.6000,11.6000,96.0000,96.0000,0,,,flat,0,0,0,0,1,0,FBA,11.47,0,,,,DERIVED_FROM_SELLER_OBSERVATION_HISTORY,
2026-02-11T00:00:00Z,2026-02-11,UK,XY-UM2X-TPS3,B003VTZAM0,A3HM7WA2CBSOPA,1,2026-02-07T00:00:00Z,2026-02-11T00:00:00Z,48.0000,24.0000,0,10.92,10.9200,10.9200,10.9200,96.0000,96.0000,0,,,flat,0,4,5,1,0,4,FBM,11.47,0,,,,DERIVED_FROM_SELLER_OBSERVATION_HISTORY,
2026-02-11T00:00:00Z,2026-02-11,UK,XY-UM2X-TPS3,B003VTZAM0,AB5OM860MS57Z,1,2026-02-07T00:00:00Z,2026-02-11T00:00:00Z,48.0000,24.0000,0,11.47,11.4700,11.4700,11.4700,96.0000,96.0000,0,,,flat,0,0,0,0,1,0,FBA,11.47,0,,,,DERIVED_FROM_SELLER_OBSERVATION_HISTORY,
2026-02-11T00:00:00Z,2026-02-11,UK,XY-UM2X-TPS3,B003VTZAM0,AHND7IKI8FHV3,1,2026-02-07T00:00:00Z,2026-02-11T00:00:00Z,48.0000,24.0000,0,11.54,11.5400,11.5400,11.5400,96.0000,96.0000,0,,,flat,0,1,2,1,0,1,FBM,11.47,0,,,,DERIVED_FROM_SELLER_OBSERVATION_HISTORY,
2026-02-11T00:00:00Z,2026-02-11,UK,XY-UM2X-TPS3,B003VTZAM0,ATUCW8T149Y55,1,2026-02-07T00:00:00Z,2026-02-11T00:00:00Z,48.0000,24.0000,0,11.59,11.5900,11.5900,11.5900,96.0000,96.0000,0,,,flat,0,2,3,1,0,2,FBM,11.47,0,,,,DERIVED_FROM_SELLER_OBSERVATION_HISTORY,
2026-02-11T00:00:00Z,2026-02-11,UK,XY-UM2X-TPS3,B003VTZAM0,AWANDGFK915DA,1,2026-02-07T00:00:00Z,2026-02-11T00:00:00Z,48.0000,24.0000,0,9.99,9.9900,9.9900,9.9900,96.0000,96.0000,0,,,flat,0,0,0,0,1,0,FBM,11.47,0,,,,DERIVED_FROM_SELLER_OBSERVATION_HISTORY,
2026-02-11T00:00:00Z,2026-02-11,UK,YC-3L3M-BV48,B0CTD6Q6KY,A3P5ROKL5A1OLE,1,2026-02-07T00:00:00Z,2026-02-11T00:00:00Z,48.0000,24.0000,0,105.95,105.9500,105.9500,105.9500,96.0000,96.0000,0,,,flat,0,0,0,0,1,0,FBM,74.26,0,,,,DERIVED_FROM_SELLER_OBSERVATION_HISTORY,
2026-02-11T00:00:00Z,2026-02-11,UK,YC-3L3M-BV48,B0CTD6Q6KY,AB5OM860MS57Z,1,2026-02-07T00:00:00Z,2026-02-11T00:00:00Z,48.0000,24.0000,0,74.26,74.2600,74.2600,74.2600,96.0000,96.0000,0,,,flat,0,0,0,0,1,0,FBA,74.26,0,,,,DERIVED_FROM_SELLER_OBSERVATION_HISTORY,
2026-02-11T00:00:00Z,2026-02-11,UK,YC-3L3M-BV48,B0CTD6Q6KY,AQ20HDTW7QNBM,1,2026-02-07T00:00:00Z,2026-02-11T00:00:00Z,48.0000,24.0000,0,74.0,74.0000,74.0000,74.0000,96.0000,96.0000,0,,,flat,0,0,0,0,1,0,FBA,74.26,0,,,,DERIVED_FROM_SELLER_OBSERVATION_HISTORY,
2026-02-12T00:00:00Z,2026-02-12,UK,4W-VS57-BV6A,B0C9LJNJWZ,A16ZATMMFE8J3Y,1,2026-02-07T00:00:00Z,2026-02-12T00:00:00Z,72.0000,24.0000,0,35.99,35.9900,35.9900,35.9900,120.0000,120.0000,0,,,flat,0,0,0,0,1,0,FBM,35.91,0,,,,DERIVED_FROM_SELLER_OBSERVATION_HISTORY,
2026-02-12T00:00:00Z,2026-02-12,UK,4W-VS57-BV6A,B0C9LJNJWZ,A1U2WCBY9FQRJ5,1,2026-02-07T00:00:00Z,2026-02-12T00:00:00Z,72.0000,24.0000,0,38.38,38.3800,38.3800,38.3800,120.0000,120.0000,0,,,flat,0,1,2,1,0,1,FBM,35.91,0,,,,DERIVED_FROM_SELLER_OBSERVATION_HISTORY,
2026-02-12T00:00:00Z,2026-02-12,UK,4W-VS57-BV6A,B0C9LJNJWZ,A23VLR5KYFT1PR,1,2026-02-07T00:00:00Z,2026-02-12T00:00:00Z,72.0000,24.0000,0,34.99,34.9900,34.9900,34.9900,120.0000,120.0000,0,,,flat,0,0,0,0,1,0,FBA,35.91,0,,,,DERIVED_FROM_SELLER_OBSERVATION_HISTORY,
2026-02-12T00:00:00Z,2026-02-12,UK,4W-VS57-BV6A,B0C9LJNJWZ,A2N6W6R4NFCNBX,1,2026-02-07T00:00:00Z,2026-02-12T00:00:00Z,72.0000,24.0000,0,39.69,39.6900,39.6900,39.6900,120.0000,120.0000,0,,,flat,0,0,0,0,0,0,FBM,35.91,0,,,,DERIVED_FROM_SELLER_OBSERVATION_HISTORY,
2026-02-12T00:00:00Z,2026-02-12,UK,4W-VS57-BV6A,B0C9LJNJWZ,A2UD95CFO7TBZQ,1,2026-02-07T00:00:00Z,2026-02-12T00:00:00Z,72.0000,24.0000,0,35.96,35.9600,35.9600,35.9600,120.0000,120.0000,0,,,flat,0,0,0,0,0,0,FBM,35.91,0,,,,DERIVED_FROM_SELLER_OBSERVATION_HISTORY,
2026-02-12T00:00:00Z,2026-02-12,UK,4W-VS57-BV6A,B0C9LJNJWZ,A30DC7701CXIBH,1,2026-02-07T00:00:00Z,2026-02-12T00:00:00Z,72.0000,24.0000,0,40.27,39.8500,40.2700,39.8500,96.0000,120.0000,1,,,up,0,0,0,0,1,0,FBM,35.91,0,,,,DERIVED_FROM_SELLER_OBSERVATION_HISTORY,
2026-02-12T00:00:00Z,2026-02-12,UK,4W-VS57-BV6A,B0C9LJNJWZ,A3HM7WA2CBSOPA,1,2026-02-07T00:00:00Z,2026-02-12T00:00:00Z,72.0000,24.0000,0,39.12,39.1200,39.1200,39.1200,120.0000,120.0000,0,,,flat,0,1,1,0,0,1,FBM,35.91,0,,,,DERIVED_FROM_SELLER_OBSERVATION_HISTORY,
2026-02-12T00:00:00Z,2026-02-12,UK,4W-VS57-BV6A,B0C9LJNJWZ,A3KTB05DIFHO8V,1,2026-02-07T00:00:00Z,2026-02-12T00:00:00Z,72.0000,24.0000,0,44.99,44.9900,44.9900,44.9900,120.0000,120.0000,0,,,flat,0,1,2,1,0,1,FBM,35.91,0,,,,DERIVED_FROM_SELLER_OBSERVATION_HISTORY,
2026-02-12T00:00:00Z,2026-02-12,UK,4W-VS57-BV6A,B0C9LJNJWZ,A3KTD5M81YFDGM,1,2026-02-07T00:00:00Z,2026-02-12T00:00:00Z,72.0000,24.0000,0,34.99,34.9900,35.5000,35.5000,120.0000,120.0000,1,,,down,1,0,0,0,1,0,FBA,35.91,0,,,,DERIVED_FROM_SELLER_OBSERVATION_HISTORY,
2026-02-12T00:00:00Z,2026-02-12,UK,4W-VS57-BV6A,B0C9LJNJWZ,A3P5ROKL5A1OLE,1,2026-02-07T00:00:00Z,2026-02-12T00:00:00Z,72.0000,24.0000,0,35.0,35.0000,35.0000,35.0000,120.0000,120.0000,0,,,flat,0,0,0,0,1,0,FBA,35.91,0,,,,DERIVED_FROM_SELLER_OBSERVATION_HISTORY,
2026-02-12T00:00:00Z,2026-02-12,UK,4W-VS57-BV6A,B0C9LJNJWZ,AAOJ3B4Z594LC,1,2026-02-07T00:00:00Z,2026-02-12T00:00:00Z,72.0000,24.0000,0,38.89,38.8900,39.0600,38.8900,120.0000,48.0000,1,,,down,1,2,3,1,0,2,FBM,35.91,0,,,,DERIVED_FROM_SELLER_OBSERVATION_HISTORY,
2026-02-12T00:00:00Z,2026-02-12,UK,4W-VS57-BV6A,B0C9LJNJWZ,AB5OM860MS57Z,1,2026-02-07T00:00:00Z,2026-02-12T00:00:00Z,72.0000,24.0000,0,35.91,35.9100,35.9100,35.9100,120.0000,120.0000,0,,,flat,0,0,0,0,1,0,FBA,35.91,0,,,,DERIVED_FROM_SELLER_OBSERVATION_HISTORY,
2026-02-12T00:00:00Z,2026-02-12,UK,4W-VS57-BV6A,B0C9LJNJWZ,AEU2J2P6WG61R,1,2026-02-07T00:00:00Z,2026-02-12T00:00:00Z,72.0000,24.0000,0,37.59,37.5900,37.5900,37.5900,120.0000,120.0000,0,,,flat,0,0,0,0,1,0,FBM,35.91,0,,,,DERIVED_FROM_SELLER_OBSERVATION_HISTORY,
2026-02-12T00:00:00Z,2026-02-12,UK,4W-VS57-BV6A,B0C9LJNJWZ,ARKFZSTQBZS2,1,2026-02-07T00:00:00Z,2026-02-12T00:00:00Z,72.0000,24.0000,0,37.25,37.2500,37.2500,37.2500,120.0000,120.0000,0,,,flat,0,2,3,1,0,2,FBM,35.91,0,,,,DERIVED_FROM_SELLER_OBSERVATION_HISTORY,
2026-02-12T00:00:00Z,2026-02-12,UK,6V-EEC1-2S9Z,B06WW79DX5,A11RGASXV3EWM4,1,2026-02-07T00:00:00Z,2026-02-12T00:00:00Z,72.0000,24.0000,0,9.5,9.5000,9.5000,9.5000,120.0000,120.0000,0,,,flat,0,0,0,0,0,0,FBM,7.99,2,,,,DERIVED_FROM_SELLER_OBSERVATION_HISTORY,
2026-02-12T00:00:00Z,2026-02-12,UK,6V-EEC1-2S9Z,B06WW79DX5,A12MJ1FK852SYB,1,2026-02-07T00:00:00Z,2026-02-12T00:00:00Z,72.0000,24.0000,0,9.99,9.9900,9.9900,9.9900,120.0000,120.0000,0,,,flat,0,0,0,0,0,0,FBM,7.99,2,,,,DERIVED_FROM_SELLER_OBSERVATION_HISTORY,
2026-02-12T00:00:00Z,2026-02-12,UK,6V-EEC1-2S9Z,B06WW79DX5,AB5OM860MS57Z,1,2026-02-07T00:00:00Z,2026-02-12T00:00:00Z,72.0000,24.0000,0,7.99,7.9300,7.9900,7.9900,120.0000,96.0000,2,,,flat,1,0,0,0,1,0,FBA,7.99,2,,,,DERIVED_FROM_SELLER_OBSERVATION_HISTORY,
2026-02-12T00:00:00Z,2026-02-12,UK,6V-EEC1-2S9Z,B06WW79DX5,AKQMAXFWUV730,1,2026-02-07T00:00:00Z,2026-02-12T00:00:00Z,72.0000,24.0000,0,9.99,9.9900,9.9900,9.9900,120.0000,120.0000,0,,,flat,0,0,0,0,0,0,FBM,7.99,2,,,,DERIVED_FROM_SELLER_OBSERVATION_HISTORY,
2026-02-12T00:00:00Z,2026-02-12,UK,6V-EEC1-2S9Z,B06WW79DX5,AM6QF58KGUUM9,1,2026-02-07T00:00:00Z,2026-02-12T00:00:00Z,72.0000,24.0000,0,9.17,9.1700,9.4700,9.2200,96.0000,48.0000,3,,,down,2,0,0,0,0,0,FBM,7.99,2,,,,DERIVED_FROM_SELLER_OBSERVATION_HISTORY,
2026-02-12T00:00:00Z,2026-02-12,UK,6V-EEC1-2S9Z,B06WW79DX5,ATUCW8T149Y55,1,2026-02-07T00:00:00Z,2026-02-12T00:00:00Z,72.0000,24.0000,0,10.99,10.9900,10.9900,10.9900,120.0000,120.0000,0,,,flat,0,2,3,1,0,2,FBM,7.99,2,,,,DERIVED_FROM_SELLER_OBSERVATION_HISTORY,
2026-02-12T00:00:00Z,2026-02-12,UK,AX-NKNU-29C1,B08M52B4M5,A10NUX8SYO930S,1,2026-02-07T00:00:00Z,2026-02-12T00:00:00Z,72.0000,24.0000,0,5.11,5.1100,5.1100,5.1100,120.0000,120.0000,0,,,flat,0,1,2,1,0,1,FBM,3.99,0,,,,DERIVED_FROM_SELLER_OBSERVATION_HISTORY,
2026-02-12T00:00:00Z,2026-02-12,UK,AX-NKNU-29C1,B08M52B4M5,A24VQX7LPBJ2BC,1,2026-02-07T00:00:00Z,2026-02-12T00:00:00Z,72.0000,24.0000,0,1.99,1.9900,1.9900,1.9900,120.0000,120.0000,0,,,flat,0,9,10,1,0,9,FBM,3.99,0,,,,DERIVED_FROM_SELLER_OBSERVATION_HISTORY,
2026-02-12T00:00:00Z,2026-02-12,UK,AX-NKNU-29C1,B08M52B4M5,A2JJBX08NHT52K,1,2026-02-07T00:00:00Z,2026-02-12T00:00:00Z,72.0000,24.0000,0,5.35,5.3500,5.3500,5.3500,120.0000,120.0000,0,,,flat,0,1,2,1,0,1,FBM,3.99,0,,,,DERIVED_FROM_SELLER_OBSERVATION_HISTORY,
2026-02-12T00:00:00Z,2026-02-12,UK,AX-NKNU-29C1,B08M52B4M5,AB5OM860MS57Z,1,2026-02-07T00:00:00Z,2026-02-12T00:00:00Z,72.0000,24.0000,0,3.99,3.9900,3.9900,3.9900,120.0000,120.0000,0,,,flat,0,0,0,0,1,0,FBA,3.99,0,,,,DERIVED_FROM_SELLER_OBSERVATION_HISTORY,
2026-02-12T00:00:00Z,2026-02-12,UK,AX-NKNU-29C1,B08M52B4M5,AUGCSEQQV3XYY,1,2026-02-07T00:00:00Z,2026-02-12T00:00:00Z,72.0000,24.0000,0,4.99,4.9900,4.9900,4.9900,120.0000,120.0000,0,,,flat,0,1,2,1,0,1,FBM,3.99,0,,,,DERIVED_FROM_SELLER_OBSERVATION_HISTORY,
2026-02-12T00:00:00Z,2026-02-12,UK,JB-RGB6-LZOJ,B0001P0DLU,A1I8X3GIQ4LKR5,1,2026-02-07T00:00:00Z,2026-02-12T00:00:00Z,72.0000,24.0000,0,9.68,9.6800,9.6800,9.6800,120.0000,120.0000,0,,,flat,0,1,1,0,0,1,FBM,9.99,2,,,,DERIVED_FROM_SELLER_OBSERVATION_HISTORY,
2026-02-12T00:00:00Z,2026-02-12,UK,JB-RGB6-LZOJ,B0001P0DLU,A24NGU5R55LIUJ,1,2026-02-07T00:00:00Z,2026-02-12T00:00:00Z,72.0000,24.0000,0,7.43,7.4300,7.4300,7.4300,120.0000,120.0000,0,,,flat,0,1,1,0,0,1,FBM,9.99,2,,,,DERIVED_FROM_SELLER_OBSERVATION_HISTORY,
2026-02-12T00:00:00Z,2026-02-12,UK,JB-RGB6-LZOJ,B0001P0DLU,A2PJYYPKZTZJ0V,1,2026-02-07T00:00:00Z,2026-02-12T00:00:00Z,72.0000,24.0000,0,9.95,9.9500,9.9500,9.9500,120.0000,120.0000,0,,,flat,0,1,1,0,0,1,FBM,9.99,2,,,,DERIVED_FROM_SELLER_OBSERVATION_HISTORY,
2026-02-12T00:00:00Z,2026-02-12,UK,JB-RGB6-LZOJ,B0001P0DLU,A39VTM0CZSRJZA,1,2026-02-07T00:00:00Z,2026-02-12T00:00:00Z,72.0000,24.0000,0,6.35,6.3500,6.3500,6.3500,120.0000,120.0000,0,,,flat,0,0,0,0,0,0,FBM,9.99,2,,,,DERIVED_FROM_SELLER_OBSERVATION_HISTORY,
2026-02-12T00:00:00Z,2026-02-12,UK,JB-RGB6-LZOJ,B0001P0DLU,A3HM7WA2CBSOPA,1,2026-02-07T00:00:00Z,2026-02-12T00:00:00Z,72.0000,24.0000,0,6.91,6.9100,6.9100,6.9100,120.0000,120.0000,0,,,flat,0,2,3,1,0,2,FBM,9.99,2,,,,DERIVED_FROM_SELLER_OBSERVATION_HISTORY,
2026-02-12T00:00:00Z,2026-02-12,UK,JB-RGB6-LZOJ,B0001P0DLU,A3SK1E64BDMB7W,1,2026-02-07T00:00:00Z,2026-02-12T00:00:00Z,72.0000,24.0000,0,12.56,12.0600,12.5600,12.5600,72.0000,120.0000,1,,,up,0,1,1,0,0,1,FBM,9.99,2,,,,DERIVED_FROM_SELLER_OBSERVATION_HISTORY,
2026-02-12T00:00:00Z,2026-02-12,UK,JB-RGB6-LZOJ,B0001P0DLU,A3V2W4NCHQN1W7,1,2026-02-07T00:00:00Z,2026-02-12T00:00:00Z,72.0000,24.0000,0,10.21,10.2100,10.2100,10.2100,120.0000,120.0000,0,,,flat,0,0,0,0,1,0,FBM,9.99,2,,,,DERIVED_FROM_SELLER_OBSERVATION_HISTORY,
2026-02-12T00:00:00Z,2026-02-12,UK,JB-RGB6-LZOJ,B0001P0DLU,A91ZH6FZ52D9H,1,2026-02-07T00:00:00Z,2026-02-12T00:00:00Z,72.0000,24.0000,0,9.99,9.9900,9.9900,9.9900,120.0000,120.0000,0,,,flat,0,1,2,1,0,1,FBM,9.99,2,,,,DERIVED_FROM_SELLER_OBSERVATION_HISTORY,
2026-02-12T00:00:00Z,2026-02-12,UK,JB-RGB6-LZOJ,B0001P0DLU,AB5OM860MS57Z,1,2026-02-07T00:00:00Z,2026-02-12T00:00:00Z,72.0000,24.0000,0,9.99,6.1300,9.9900,9.9900,48.0000,120.0000,2,,,up,0,0,0,0,1,0,FBA,9.99,2,,,,DERIVED_FROM_SELLER_OBSERVATION_HISTORY,
2026-02-12T00:00:00Z,2026-02-12,UK,JB-RGB6-LZOJ,B0001P0DLU,AKBY7ZMYYJKZC,1,2026-02-07T00:00:00Z,2026-02-12T00:00:00Z,72.0000,24.0000,0,6.9,6.9000,6.9000,6.9000,120.0000,120.0000,0,,,flat,0,1,1,0,0,1,FBM,9.99,2,,,,DERIVED_FROM_SELLER_OBSERVATION_HISTORY,
2026-02-12T00:00:00Z,2026-02-12,UK,JB-RGB6-LZOJ,B0001P0DLU,AY357ZGTL1GSV,1,2026-02-07T00:00:00Z,2026-02-12T00:00:00Z,72.0000,24.0000,0,7.8,7.8000,7.8000,7.8000,120.0000,120.0000,0,,,flat,0,1,1,0,0,1,FBM,9.99,2,,,,DERIVED_FROM_SELLER_OBSERVATION_HISTORY,
2026-02-12T00:00:00Z,2026-02-12,UK,RZ-6ZL9-CZ7J,B075XT2J8X,A11153KMTVDZI1,1,2026-02-07T00:00:00Z,2026-02-12T00:00:00Z,72.0000,24.0000,0,6.6,6.6000,6.6000,6.6000,120.0000,120.0000,0,,,flat,0,0,0,0,1,0,FBA,6.97,0,,,,DERIVED_FROM_SELLER_OBSERVATION_HISTORY,
2026-02-12T00:00:00Z,2026-02-12,UK,RZ-6ZL9-CZ7J,B075XT2J8X,A15X20ZKTLRSBW,1,2026-02-07T00:00:00Z,2026-02-12T00:00:00Z,72.0000,24.0000,0,6.35,6.3500,6.3500,6.3500,120.0000,120.0000,0,,,flat,0,0,0,0,1,0,FBA,6.97,0,,,,DERIVED_FROM_SELLER_OBSERVATION_HISTORY,
2026-02-12T00:00:00Z,2026-02-12,UK,RZ-6ZL9-CZ7J,B075XT2J8X,A196JBKNW3T4BS,1,2026-02-07T00:00:00Z,2026-02-12T00:00:00Z,72.0000,24.0000,0,3.27,3.2700,3.2700,3.2700,120.0000,120.0000,0,,,flat,0,1,1,0,0,1,FBM,6.97,0,,,,DERIVED_FROM_SELLER_OBSERVATION_HISTORY,
2026-02-12T00:00:00Z,2026-02-12,UK,RZ-6ZL9-CZ7J,B075XT2J8X,A1QKNW4W5SPM7T,1,2026-02-07T00:00:00Z,2026-02-12T00:00:00Z,72.0000,24.0000,0,7.61,7.6100,7.6100,7.6100,120.0000,120.0000,0,,,flat,0,1,1,0,0,1,FBM,6.97,0,,,,DERIVED_FROM_SELLER_OBSERVATION_HISTORY,
2026-02-12T00:00:00Z,2026-02-12,UK,RZ-6ZL9-CZ7J,B075XT2J8X,A1R64IUNVWPSMR,1,2026-02-07T00:00:00Z,2026-02-12T00:00:00Z,72.0000,24.0000,0,7.47,7.4700,7.4700,7.4700,120.0000,120.0000,0,,,flat,0,2,3,1,0,2,FBM,6.97,0,,,,DERIVED_FROM_SELLER_OBSERVATION_HISTORY,
2026-02-12T00:00:00Z,2026-02-12,UK,RZ-6ZL9-CZ7J,B075XT2J8X,A2JJBX08NHT52K,1,2026-02-07T00:00:00Z,2026-02-12T00:00:00Z,72.0000,24.0000,0,5.07,5.0700,5.0700,5.0700,120.0000,120.0000,0,,,flat,0,1,2,1,0,1,FBM,6.97,0,,,,DERIVED_FROM_SELLER_OBSERVATION_HISTORY,
2026-02-12T00:00:00Z,2026-02-12,UK,RZ-6ZL9-CZ7J,B075XT2J8X,A35UPYDMLICYZX,1,2026-02-07T00:00:00Z,2026-02-12T00:00:00Z,72.0000,24.0000,0,10.56,10.5600,10.5600,10.5600,120.0000,120.0000,0,,,flat,0,1,1,0,0,1,FBM,6.97,0,,,,DERIVED_FROM_SELLER_OBSERVATION_HISTORY,
2026-02-12T00:00:00Z,2026-02-12,UK,RZ-6ZL9-CZ7J,B075XT2J8X,A3C70I7GKRCETI,1,2026-02-07T00:00:00Z,2026-02-12T00:00:00Z,72.0000,24.0000,0,6.35,6.3500,6.3500,6.3500,120.0000,120.0000,0,,,flat,0,0,0,0,1,0,FBA,6.97,0,,,,DERIVED_FROM_SELLER_OBSERVATION_HISTORY,
2026-02-12T00:00:00Z,2026-02-12,UK,RZ-6ZL9-CZ7J,B075XT2J8X,A6VPZZ5FEXGVE,1,2026-02-07T00:00:00Z,2026-02-12T00:00:00Z,72.0000,24.0000,0,8.99,8.9900,8.9900,8.9900,120.0000,120.0000,0,,,flat,0,1,1,0,0,1,FBM,6.97,0,,,,DERIVED_FROM_SELLER_OBSERVATION_HISTORY,
2026-02-12T00:00:00Z,2026-02-12,UK,RZ-6ZL9-CZ7J,B075XT2J8X,AB5OM860MS57Z,1,2026-02-07T00:00:00Z,2026-02-12T00:00:00Z,72.0000,24.0000,0,6.97,6.9700,6.9700,6.9700,120.0000,120.0000,0,,,flat,0,0,0,0,1,0,FBA,6.97,0,,,,DERIVED_FROM_SELLER_OBSERVATION_HISTORY,
2026-02-12T00:00:00Z,2026-02-12,UK,RZ-6ZL9-CZ7J,B075XT2J8X,AQ5QH5GRISO14,1,2026-02-12T00:00:00Z,2026-02-12T00:00:00Z,0.0000,,0,6.6,6.6000,6.6000,6.6000,0.0000,0.0000,0,,,flat,0,0,3,3,0,0,FBA,6.97,0,,,,DERIVED_FROM_SELLER_OBSERVATION_HISTORY,
2026-02-12T00:00:00Z,2026-02-12,UK,TJ-6LOP-OPEU,B08P63MSS9,A2FWYQ039SD442,1,2026-02-07T00:00:00Z,2026-02-12T00:00:00Z,72.0000,24.0000,0,8.98,8.1300,8.9800,8.6300,48.0000,120.0000,4,,,up,0,0,0,0,1,0,FBA,8.98,4,,,,DERIVED_FROM_SELLER_OBSERVATION_HISTORY,
2026-02-12T00:00:00Z,2026-02-12,UK,TJ-6LOP-OPEU,B08P63MSS9,A2JJBX08NHT52K,1,2026-02-07T00:00:00Z,2026-02-12T00:00:00Z,72.0000,24.0000,0,4.61,4.6100,4.6100,4.6100,120.0000,120.0000,0,,,flat,0,1,2,1,0,1,FBM,8.98,4,,,,DERIVED_FROM_SELLER_OBSERVATION_HISTORY,
2026-02-12T00:00:00Z,2026-02-12,UK,TJ-6LOP-OPEU,B08P63MSS9,A3IIOPC5WY6KKR,1,2026-02-07T00:00:00Z,2026-02-12T00:00:00Z,72.0000,24.0000,0,8.68,8.1200,8.6800,8.6200,48.0000,120.0000,3,,,up,0,1,2,1,0,1,FBM,8.98,4,,,,DERIVED_FROM_SELLER_OBSERVATION_HISTORY,
2026-02-12T00:00:00Z,2026-02-12,UK,TJ-6LOP-OPEU,B08P63MSS9,AB5OM860MS57Z,1,2026-02-07T00:00:00Z,2026-02-12T00:00:00Z,72.0000,24.0000,0,8.98,8.1300,8.9800,8.6300,48.0000,120.0000,4,,,up,0,0,0,0,1,0,FBA,8.98,4,,,,DERIVED_FROM_SELLER_OBSERVATION_HISTORY,
2026-02-12T00:00:00Z,2026-02-12,UK,TJ-6LOP-OPEU,B08P63MSS9,AHPS0P3VVEPP4,1,2026-02-07T00:00:00Z,2026-02-12T00:00:00Z,72.0000,24.0000,0,9.88,9.8800,9.8800,9.8800,120.0000,120.0000,0,,,flat,0,1,1,0,0,1,FBM,8.98,4,,,,DERIVED_FROM_SELLER_OBSERVATION_HISTORY,
2026-02-12T00:00:00Z,2026-02-12,UK,VF-3T0K-DR5O,B08KFFY86W,A1EGWKJ2C3AMWH,1,2026-02-07T00:00:00Z,2026-02-12T00:00:00Z,72.0000,24.0000,0,5.05,5.0500,5.0500,5.0500,120.0000,120.0000,0,,,flat,0,0,0,0,1,0,FBA,5.35,0,,,,DERIVED_FROM_SELLER_OBSERVATION_HISTORY,
2026-02-12T00:00:00Z,2026-02-12,UK,VF-3T0K-DR5O,B08KFFY86W,A1PDJFYGLPZ86M,1,2026-02-07T00:00:00Z,2026-02-12T00:00:00Z,72.0000,24.0000,0,4.88,4.8800,4.8800,4.8800,120.0000,120.0000,0,,,flat,0,0,0,0,1,0,FBA,5.35,0,,,,DERIVED_FROM_SELLER_OBSERVATION_HISTORY,
2026-02-12T00:00:00Z,2026-02-12,UK,VF-3T0K-DR5O,B08KFFY86W,A1R64IUNVWPSMR,1,2026-02-07T00:00:00Z,2026-02-12T00:00:00Z,72.0000,24.0000,0,9.55,9.5500,9.5500,9.5500,120.0000,120.0000,0,,,flat,0,2,3,1,0,2,FBM,5.35,0,,,,DERIVED_FROM_SELLER_OBSERVATION_HISTORY,
2026-02-12T00:00:00Z,2026-02-12,UK,VF-3T0K-DR5O,B08KFFY86W,A21NMD767VKPKA,1,2026-02-07T00:00:00Z,2026-02-12T00:00:00Z,72.0000,24.0000,0,4.89,4.8900,4.8900,4.8900,120.0000,120.0000,0,,,flat,0,0,0,0,1,0,FBA,5.35,0,,,,DERIVED_FROM_SELLER_OBSERVATION_HISTORY,
2026-02-12T00:00:00Z,2026-02-12,UK,VF-3T0K-DR5O,B08KFFY86W,A2E1OBJJDHI305,1,2026-02-07T00:00:00Z,2026-02-12T00:00:00Z,72.0000,24.0000,0,5.14,5.1400,5.1400,5.1400,120.0000,120.0000,0,,,flat,0,1,1,0,0,1,FBM,5.35,0,,,,DERIVED_FROM_SELLER_OBSERVATION_HISTORY,
2026-02-12T00:00:00Z,2026-02-12,UK,VF-3T0K-DR5O,B08KFFY86W,A2JHK2RGHEOXUY,1,2026-02-07T00:00:00Z,2026-02-12T00:00:00Z,72.0000,24.0000,0,4.85,4.8500,4.8900,4.8500,96.0000,72.0000,2,,,flat,0,0,0,0,1,0,FBA,5.35,0,,,,DERIVED_FROM_SELLER_OBSERVATION_HISTORY,
2026-02-12T00:00:00Z,2026-02-12,UK,VF-3T0K-DR5O,B08KFFY86W,A2MSCEFUU7IF9P,1,2026-02-07T00:00:00Z,2026-02-12T00:00:00Z,72.0000,24.0000,0,4.85,4.8500,4.8500,4.8500,120.0000,120.0000,0,,,flat,0,0,0,0,1,0,FBA,5.35,0,,,,DERIVED_FROM_SELLER_OBSERVATION_HISTORY,
2026-02-12T00:00:00Z,2026-02-12,UK,VF-3T0K-DR5O,B08KFFY86W,A2V6U7OVTWHOIQ,1,2026-02-07T00:00:00Z,2026-02-12T00:00:00Z,72.0000,24.0000,0,6.5,6.5000,6.5000,6.5000,120.0000,120.0000,0,,,flat,0,0,0,0,1,0,FBA,5.35,0,,,,DERIVED_FROM_SELLER_OBSERVATION_HISTORY,
2026-02-12T00:00:00Z,2026-02-12,UK,VF-3T0K-DR5O,B08KFFY86W,A2YMCJJAZ04D29,1,2026-02-07T00:00:00Z,2026-02-12T00:00:00Z,72.0000,24.0000,0,5.05,5.0500,5.0500,5.0500,120.0000,120.0000,0,,,flat,0,0,0,0,1,0,FBA,5.35,0,,,,DERIVED_FROM_SELLER_OBSERVATION_HISTORY,
2026-02-12T00:00:00Z,2026-02-12,UK,VF-3T0K-DR5O,B08KFFY86W,A31WWR0DZ1UNBI,1,2026-02-07T00:00:00Z,2026-02-12T00:00:00Z,72.0000,24.0000,0,5.24,5.2400,5.2400,5.2400,120.0000,120.0000,0,,,flat,0,0,0,0,1,0,FBA,5.35,0,,,,DERIVED_FROM_SELLER_OBSERVATION_HISTORY,
2026-02-12T00:00:00Z,2026-02-12,UK,VF-3T0K-DR5O,B08KFFY86W,A328TDCKZBQUHR,1,2026-02-07T00:00:00Z,2026-02-12T00:00:00Z,72.0000,24.0000,0,5.15,5.1500,5.1500,5.1500,120.0000,120.0000,0,,,flat,0,0,0,0,1,0,FBA,5.35,0,,,,DERIVED_FROM_SELLER_OBSERVATION_HISTORY,
2026-02-12T00:00:00Z,2026-02-12,UK,VF-3T0K-DR5O,B08KFFY86W,A3P5ROKL5A1OLE,1,2026-02-07T00:00:00Z,2026-02-12T00:00:00Z,72.0000,24.0000,0,5.29,5.2900,5.2900,5.2900,120.0000,120.0000,0,,,flat,0,0,0,0,1,0,FBA,5.35,0,,,,DERIVED_FROM_SELLER_OBSERVATION_HISTORY,
2026-02-12T00:00:00Z,2026-02-12,UK,VF-3T0K-DR5O,B08KFFY86W,A3U8ECAOXIZYV1,1,2026-02-07T00:00:00Z,2026-02-12T00:00:00Z,72.0000,24.0000,0,9.45,9.4500,9.4500,9.4500,120.0000,120.0000,0,,,flat,0,0,0,0,1,0,FBA,5.35,0,,,,DERIVED_FROM_SELLER_OBSERVATION_HISTORY,
2026-02-12T00:00:00Z,2026-02-12,UK,VF-3T0K-DR5O,B08KFFY86W,A3VZBF976O8DK2,1,2026-02-07T00:00:00Z,2026-02-12T00:00:00Z,72.0000,24.0000,0,11.99,11.9900,11.9900,11.9900,120.0000,120.0000,0,,,flat,0,0,0,0,1,0,FBA,5.35,0,,,,DERIVED_FROM_SELLER_OBSERVATION_HISTORY,
2026-02-12T00:00:00Z,2026-02-12,UK,VF-3T0K-DR5O,B08KFFY86W,A6LWA092O6PLA,1,2026-02-07T00:00:00Z,2026-02-12T00:00:00Z,72.0000,24.0000,0,4.85,4.8500,4.8500,4.8500,120.0000,120.0000,0,,,flat,0,0,0,0,1,0,FBA,5.35,0,,,,DERIVED_FROM_SELLER_OBSERVATION_HISTORY,
2026-02-12T00:00:00Z,2026-02-12,UK,VF-3T0K-DR5O,B08KFFY86W,AB5OM860MS57Z,1,2026-02-07T00:00:00Z,2026-02-12T00:00:00Z,72.0000,24.0000,0,5.35,5.3500,5.3500,5.3500,120.0000,120.0000,0,,,flat,0,0,0,0,1,0,FBA,5.35,0,,,,DERIVED_FROM_SELLER_OBSERVATION_HISTORY,
2026-02-12T00:00:00Z,2026-02-12,UK,VF-3T0K-DR5O,B08KFFY86W,AJO4HUCJKGM4X,1,2026-02-07T00:00:00Z,2026-02-12T00:00:00Z,72.0000,24.0000,0,6.37,6.3700,6.3700,6.3700,120.0000,120.0000,0,,,flat,0,0,0,0,1,0,FBA,5.35,0,,,,DERIVED_FROM_SELLER_OBSERVATION_HISTORY,
2026-02-12T00:00:00Z,2026-02-12,UK,VF-3T0K-DR5O,B08KFFY86W,AWDEFA1PV5DF7,1,2026-02-10T00:00:00Z,2026-02-12T00:00:00Z,48.0000,24.0000,0,6.5,6.5000,6.5000,6.5000,48.0000,48.0000,0,,,flat,0,0,0,0,0,0,FBM,5.35,0,,,,DERIVED_FROM_SELLER_OBSERVATION_HISTORY,
2026-02-12T00:00:00Z,2026-02-12,UK,XH-0LAE-FQO5,B00AOES9GE,A1EGWKJ2C3AMWH,1,2026-02-07T00:00:00Z,2026-02-12T00:00:00Z,72.0000,24.0000,0,6.7,6.7000,6.9900,6.7000,120.0000,72.0000,1,,,down,1,0,0,0,1,0,FBA,6.9,0,,,,DERIVED_FROM_SELLER_OBSERVATION_HISTORY,
2026-02-12T00:00:00Z,2026-02-12,UK,XH-0LAE-FQO5,B00AOES9GE,A2V6U7OVTWHOIQ,1,2026-02-07T00:00:00Z,2026-02-12T00:00:00Z,72.0000,24.0000,0,6.8,6.7500,6.8000,6.8000,72.0000,120.0000,1,,,up,0,0,0,0,1,0,FBA,6.9,0,,,,DERIVED_FROM_SELLER_OBSERVATION_HISTORY,
2026-02-12T00:00:00Z,2026-02-12,UK,XH-0LAE-FQO5,B00AOES9GE,A2YMCJJAZ04D29,1,2026-02-07T00:00:00Z,2026-02-12T00:00:00Z,72.0000,24.0000,0,6.7,6.7000,6.7500,6.7500,120.0000,96.0000,1,,,down,1,0,0,0,1,0,FBA,6.9,0,,,,DERIVED_FROM_SELLER_OBSERVATION_HISTORY,
2026-02-12T00:00:00Z,2026-02-12,UK,XH-0LAE-FQO5,B00AOES9GE,AB5OM860MS57Z,1,2026-02-07T00:00:00Z,2026-02-12T00:00:00Z,72.0000,24.0000,0,6.9,6.9000,6.9000,6.9000,120.0000,120.0000,0,,,flat,0,0,0,0,1,0,FBA,6.9,0,,,,DERIVED_FROM_SELLER_OBSERVATION_HISTORY,
2026-02-12T00:00:00Z,2026-02-12,UK,XY-UM2X-TPS3,B003VTZAM0,A1JBSHTRJ4VCVO,1,2026-02-07T00:00:00Z,2026-02-12T00:00:00Z,72.0000,24.0000,0,11.2,11.2000,11.2000,11.2000,120.0000,120.0000,0,,,flat,0,0,0,0,1,0,FBA,11.47,0,,,,DERIVED_FROM_SELLER_OBSERVATION_HISTORY,
2026-02-12T00:00:00Z,2026-02-12,UK,XY-UM2X-TPS3,B003VTZAM0,A26DO76QVK1JFR,1,2026-02-07T00:00:00Z,2026-02-12T00:00:00Z,72.0000,24.0000,0,11.99,11.9900,11.9900,11.9900,120.0000,120.0000,0,,,flat,0,0,0,0,1,0,FBA,11.47,0,,,,DERIVED_FROM_SELLER_OBSERVATION_HISTORY,
2026-02-12T00:00:00Z,2026-02-12,UK,XY-UM2X-TPS3,B003VTZAM0,A2F2QWF9KOYS5K,1,2026-02-07T00:00:00Z,2026-02-12T00:00:00Z,72.0000,24.0000,0,10.99,10.9900,10.9900,10.9900,120.0000,120.0000,0,,,flat,0,1,1,0,0,1,FBM,11.47,0,,,,DERIVED_FROM_SELLER_OBSERVATION_HISTORY,
2026-02-12T00:00:00Z,2026-02-12,UK,XY-UM2X-TPS3,B003VTZAM0,A2I9GFK5QTOYYM,1,2026-02-07T00:00:00Z,2026-02-12T00:00:00Z,72.0000,24.0000,0,11.44,11.4400,11.4400,11.4400,120.0000,120.0000,0,,,flat,0,0,0,0,1,0,FBA,11.47,0,,,,DERIVED_FROM_SELLER_OBSERVATION_HISTORY,
2026-02-12T00:00:00Z,2026-02-12,UK,XY-UM2X-TPS3,B003VTZAM0,A31LES58YOQ58B,1,2026-02-07T00:00:00Z,2026-02-12T00:00:00Z,72.0000,24.0000,0,11.6,11.6000,11.6000,11.6000,120.0000,120.0000,0,,,flat,0,0,0,0,1,0,FBA,11.47,0,,,,DERIVED_FROM_SELLER_OBSERVATION_HISTORY,
2026-02-12T00:00:00Z,2026-02-12,UK,XY-UM2X-TPS3,B003VTZAM0,A3HM7WA2CBSOPA,1,2026-02-07T00:00:00Z,2026-02-12T00:00:00Z,72.0000,24.0000,0,10.92,10.9200,10.9200,10.9200,120.0000,120.0000,0,,,flat,0,4,5,1,0,4,FBM,11.47,0,,,,DERIVED_FROM_SELLER_OBSERVATION_HISTORY,
2026-02-12T00:00:00Z,2026-02-12,UK,XY-UM2X-TPS3,B003VTZAM0,AB5OM860MS57Z,1,2026-02-07T00:00:00Z,2026-02-12T00:00:00Z,72.0000,24.0000,0,11.47,11.4700,11.4700,11.4700,120.0000,120.0000,0,,,flat,0,0,0,0,1,0,FBA,11.47,0,,,,DERIVED_FROM_SELLER_OBSERVATION_HISTORY,
2026-02-12T00:00:00Z,2026-02-12,UK,XY-UM2X-TPS3,B003VTZAM0,AHND7IKI8FHV3,1,2026-02-07T00:00:00Z,2026-02-12T00:00:00Z,72.0000,24.0000,0,11.54,11.5400,11.5400,11.5400,120.0000,120.0000,0,,,flat,0,1,2,1,0,1,FBM,11.47,0,,,,DERIVED_FROM_SELLER_OBSERVATION_HISTORY,
2026-02-12T00:00:00Z,2026-02-12,UK,XY-UM2X-TPS3,B003VTZAM0,AWANDGFK915DA,1,2026-02-07T00:00:00Z,2026-02-12T00:00:00Z,72.0000,24.0000,0,9.99,9.9900,9.9900,9.9900,120.0000,120.0000,0,,,flat,0,0,0,0,1,0,FBM,11.47,0,,,,DERIVED_FROM_SELLER_OBSERVATION_HISTORY,
2026-02-12T00:00:00Z,2026-02-12,UK,YC-3L3M-BV48,B0CTD6Q6KY,A3P5ROKL5A1OLE,1,2026-02-07T00:00:00Z,2026-02-12T00:00:00Z,72.0000,24.0000,0,105.95,105.9500,105.9500,105.9500,120.0000,120.0000,0,,,flat,0,0,0,0,1,0,FBM,74.26,0,,,,DERIVED_FROM_SELLER_OBSERVATION_HISTORY,
2026-02-12T00:00:00Z,2026-02-12,UK,YC-3L3M-BV48,B0CTD6Q6KY,AB5OM860MS57Z,1,2026-02-07T00:00:00Z,2026-02-12T00:00:00Z,72.0000,24.0000,0,74.26,74.2600,74.2600,74.2600,120.0000,120.0000,0,,,flat,0,0,0,0,1,0,FBA,74.26,0,,,,DERIVED_FROM_SELLER_OBSERVATION_HISTORY,
2026-02-12T00:00:00Z,2026-02-12,UK,YC-3L3M-BV48,B0CTD6Q6KY,AQ20HDTW7QNBM,1,2026-02-07T00:00:00Z,2026-02-12T00:00:00Z,72.0000,24.0000,0,74.0,74.0000,74.0000,74.0000,120.0000,120.0000,0,,,flat,0,0,0,0,1,0,FBA,74.26,0,,,,DERIVED_FROM_SELLER_OBSERVATION_HISTORY,
2026-02-13T06:09:22Z,2026-02-13,UK,4W-VS57-BV6A,B0C9LJNJWZ,A16ZATMMFE8J3Y,1,2026-02-07T00:00:00Z,2026-02-13T06:09:22Z,102.1561,30.1561,0,35.99,35.9900,35.9900,35.9900,150.1561,150.1561,0,,,flat,0,0,0,0,1,0,FBM,35.91,0,,,,DERIVED_FROM_SELLER_OBSERVATION_HISTORY,
2026-02-13T06:09:22Z,2026-02-13,UK,4W-VS57-BV6A,B0C9LJNJWZ,A1U2WCBY9FQRJ5,1,2026-02-07T00:00:00Z,2026-02-13T06:09:22Z,102.1561,30.1561,0,38.38,38.3800,38.3800,38.3800,150.1561,150.1561,0,,,flat,0,1,2,1,0,1,FBM,35.91,0,,,,DERIVED_FROM_SELLER_OBSERVATION_HISTORY,
2026-02-13T06:09:22Z,2026-02-13,UK,4W-VS57-BV6A,B0C9LJNJWZ,A23VLR5KYFT1PR,1,2026-02-07T00:00:00Z,2026-02-13T06:09:22Z,102.1561,30.1561,0,34.99,34.9900,34.9900,34.9900,150.1561,150.1561,0,,,flat,0,0,0,0,1,0,FBA,35.91,0,,,,DERIVED_FROM_SELLER_OBSERVATION_HISTORY,
2026-02-13T06:09:22Z,2026-02-13,UK,4W-VS57-BV6A,B0C9LJNJWZ,A2N6W6R4NFCNBX,1,2026-02-07T00:00:00Z,2026-02-13T06:09:22Z,102.1561,30.1561,0,39.69,39.6900,39.6900,39.6900,150.1561,150.1561,0,,,flat,0,0,0,0,0,0,FBM,35.91,0,,,,DERIVED_FROM_SELLER_OBSERVATION_HISTORY,
2026-02-13T06:09:22Z,2026-02-13,UK,4W-VS57-BV6A,B0C9LJNJWZ,A2UD95CFO7TBZQ,1,2026-02-07T00:00:00Z,2026-02-13T06:09:22Z,102.1561,30.1561,0,35.96,35.9600,35.9600,35.9600,150.1561,150.1561,0,,,flat,0,0,0,0,0,0,FBM,35.91,0,,,,DERIVED_FROM_SELLER_OBSERVATION_HISTORY,
2026-02-13T06:09:22Z,2026-02-13,UK,4W-VS57-BV6A,B0C9LJNJWZ,A30DC7701CXIBH,1,2026-02-07T00:00:00Z,2026-02-13T06:09:22Z,102.1561,30.1561,0,40.27,39.8500,40.2700,40.0600,96.0000,150.1561,1,,,up,0,0,0,0,1,0,FBM,35.91,0,,,,DERIVED_FROM_SELLER_OBSERVATION_HISTORY,
2026-02-13T06:09:22Z,2026-02-13,UK,4W-VS57-BV6A,B0C9LJNJWZ,A3HM7WA2CBSOPA,1,2026-02-07T00:00:00Z,2026-02-13T06:09:22Z,102.1561,30.1561,0,39.12,39.1200,39.1200,39.1200,150.1561,150.1561,0,,,flat,0,1,1,0,0,1,FBM,35.91,0,,,,DERIVED_FROM_SELLER_OBSERVATION_HISTORY,
2026-02-13T06:09:22Z,2026-02-13,UK,4W-VS57-BV6A,B0C9LJNJWZ,A3KTB05DIFHO8V,1,2026-02-07T00:00:00Z,2026-02-13T06:09:22Z,102.1561,30.1561,0,44.99,44.9900,44.9900,44.9900,150.1561,150.1561,0,,,flat,0,1,2,1,0,1,FBM,35.91,0,,,,DERIVED_FROM_SELLER_OBSERVATION_HISTORY,
2026-02-13T06:09:22Z,2026-02-13,UK,4W-VS57-BV6A,B0C9LJNJWZ,A3KTD5M81YFDGM,1,2026-02-07T00:00:00Z,2026-02-13T06:09:22Z,102.1561,30.1561,0,34.99,34.9900,35.5000,35.5000,150.1561,120.0000,1,,,down,1,0,0,0,1,0,FBA,35.91,0,,,,DERIVED_FROM_SELLER_OBSERVATION_HISTORY,
2026-02-13T06:09:22Z,2026-02-13,UK,4W-VS57-BV6A,B0C9LJNJWZ,A3P5ROKL5A1OLE,1,2026-02-07T00:00:00Z,2026-02-13T06:09:22Z,102.1561,30.1561,0,35.0,35.0000,35.0000,35.0000,150.1561,150.1561,0,,,flat,0,0,0,0,1,0,FBA,35.91,0,,,,DERIVED_FROM_SELLER_OBSERVATION_HISTORY,
2026-02-13T06:09:22Z,2026-02-13,UK,4W-VS57-BV6A,B0C9LJNJWZ,AAOJ3B4Z594LC,1,2026-02-07T00:00:00Z,2026-02-13T06:09:22Z,102.1561,30.1561,0,38.89,38.8900,39.0600,38.8900,150.1561,48.0000,1,,,down,1,2,3,1,0,2,FBM,35.91,0,,,,DERIVED_FROM_SELLER_OBSERVATION_HISTORY,
2026-02-13T06:09:22Z,2026-02-13,UK,4W-VS57-BV6A,B0C9LJNJWZ,AB5OM860MS57Z,1,2026-02-07T00:00:00Z,2026-02-13T06:09:22Z,102.1561,30.1561,0,35.91,35.9100,35.9100,35.9100,150.1561,150.1561,0,,,flat,0,0,0,0,1,0,FBA,35.91,0,,,,DERIVED_FROM_SELLER_OBSERVATION_HISTORY,
2026-02-13T06:09:22Z,2026-02-13,UK,4W-VS57-BV6A,B0C9LJNJWZ,AEU2J2P6WG61R,1,2026-02-07T00:00:00Z,2026-02-13T06:09:22Z,102.1561,30.1561,0,37.59,37.5900,37.5900,37.5900,150.1561,150.1561,0,,,flat,0,0,0,0,1,0,FBM,35.91,0,,,,DERIVED_FROM_SELLER_OBSERVATION_HISTORY,
2026-02-13T06:09:22Z,2026-02-13,UK,4W-VS57-BV6A,B0C9LJNJWZ,ARKFZSTQBZS2,1,2026-02-07T00:00:00Z,2026-02-13T06:09:22Z,102.1561,30.1561,0,37.35,37.2500,37.3500,37.2500,150.1561,150.1561,1,,,up,0,2,3,1,0,2,FBM,35.91,0,,,,DERIVED_FROM_SELLER_OBSERVATION_HISTORY,
2026-02-13T06:09:22Z,2026-02-13,UK,6V-EEC1-2S9Z,B06WW79DX5,A11RGASXV3EWM4,1,2026-02-07T00:00:00Z,2026-02-13T06:09:22Z,102.1561,30.1561,0,8.99,8.9900,9.5000,9.5000,150.1561,150.1561,1,,,down,1,0,0,0,0,0,FBM,7.99,2,,,,DERIVED_FROM_SELLER_OBSERVATION_HISTORY,
2026-02-13T06:09:22Z,2026-02-13,UK,6V-EEC1-2S9Z,B06WW79DX5,A12MJ1FK852SYB,1,2026-02-07T00:00:00Z,2026-02-13T06:09:22Z,102.1561,30.1561,0,9.99,9.9900,9.9900,9.9900,150.1561,150.1561,0,,,flat,0,0,0,0,0,0,FBM,7.99,2,,,,DERIVED_FROM_SELLER_OBSERVATION_HISTORY,
2026-02-13T06:09:22Z,2026-02-13,UK,6V-EEC1-2S9Z,B06WW79DX5,AB5OM860MS57Z,1,2026-02-07T00:00:00Z,2026-02-13T06:09:22Z,102.1561,30.1561,0,7.99,7.9300,7.9900,7.9900,120.0000,126.1561,2,,,flat,1,0,0,0,1,0,FBA,7.99,2,,,,DERIVED_FROM_SELLER_OBSERVATION_HISTORY,
2026-02-13T06:09:22Z,2026-02-13,UK,6V-EEC1-2S9Z,B06WW79DX5,AKQMAXFWUV730,1,2026-02-07T00:00:00Z,2026-02-13T06:09:22Z,102.1561,30.1561,0,9.99,9.9900,9.9900,9.9900,150.1561,150.1561,0,,,flat,0,0,0,0,0,0,FBM,7.99,2,,,,DERIVED_FROM_SELLER_OBSERVATION_HISTORY,
2026-02-13T06:09:22Z,2026-02-13,UK,6V-EEC1-2S9Z,B06WW79DX5,AM6QF58KGUUM9,1,2026-02-07T00:00:00Z,2026-02-13T06:09:22Z,102.1561,30.1561,0,9.17,9.1700,9.4700,9.1950,126.1561,48.0000,3,,,down,2,0,0,0,0,0,FBM,7.99,2,,,,DERIVED_FROM_SELLER_OBSERVATION_HISTORY,
2026-02-13T06:09:22Z,2026-02-13,UK,6V-EEC1-2S9Z,B06WW79DX5,ATUCW8T149Y55,1,2026-02-07T00:00:00Z,2026-02-13T06:09:22Z,102.1561,30.1561,0,10.99,10.9900,10.9900,10.9900,150.1561,150.1561,0,,,flat,0,2,3,1,0,2,FBM,7.99,2,,,,DERIVED_FROM_SELLER_OBSERVATION_HISTORY,
2026-02-13T06:09:22Z,2026-02-13,UK,AX-NKNU-29C1,B08M52B4M5,A10NUX8SYO930S,1,2026-02-07T00:00:00Z,2026-02-13T06:09:22Z,102.1561,30.1561,0,5.11,5.1100,5.1100,5.1100,150.1561,150.1561,0,,,flat,0,1,2,1,0,1,FBM,3.99,0,,,,DERIVED_FROM_SELLER_OBSERVATION_HISTORY,
2026-02-13T06:09:22Z,2026-02-13,UK,AX-NKNU-29C1,B08M52B4M5,A24VQX7LPBJ2BC,1,2026-02-07T00:00:00Z,2026-02-13T06:09:22Z,102.1561,30.1561,0,1.99,1.9900,1.9900,1.9900,150.1561,150.1561,0,,,flat,0,9,10,1,0,9,FBM,3.99,0,,,,DERIVED_FROM_SELLER_OBSERVATION_HISTORY,
2026-02-13T06:09:22Z,2026-02-13,UK,AX-NKNU-29C1,B08M52B4M5,A2JJBX08NHT52K,1,2026-02-07T00:00:00Z,2026-02-13T06:09:22Z,102.1561,30.1561,0,5.35,5.3500,5.3500,5.3500,150.1561,150.1561,0,,,flat,0,1,2,1,0,1,FBM,3.99,0,,,,DERIVED_FROM_SELLER_OBSERVATION_HISTORY,
2026-02-13T06:09:22Z,2026-02-13,UK,AX-NKNU-29C1,B08M52B4M5,AB5OM860MS57Z,1,2026-02-07T00:00:00Z,2026-02-13T06:09:22Z,102.1561,30.1561,0,3.99,3.9900,3.9900,3.9900,150.1561,150.1561,0,,,flat,0,0,0,0,1,0,FBA,3.99,0,,,,DERIVED_FROM_SELLER_OBSERVATION_HISTORY,
2026-02-13T06:09:22Z,2026-02-13,UK,AX-NKNU-29C1,B08M52B4M5,AUGCSEQQV3XYY,1,2026-02-07T00:00:00Z,2026-02-13T06:09:22Z,102.1561,30.1561,0,4.99,4.9900,4.9900,4.9900,150.1561,150.1561,0,,,flat,0,1,2,1,0,1,FBM,3.99,0,,,,DERIVED_FROM_SELLER_OBSERVATION_HISTORY,
2026-02-13T06:09:22Z,2026-02-13,UK,JB-RGB6-LZOJ,B0001P0DLU,A1I8X3GIQ4LKR5,1,2026-02-07T00:00:00Z,2026-02-13T06:09:22Z,102.1561,30.1561,0,9.68,9.6800,9.6800,9.6800,150.1561,150.1561,0,,,flat,0,1,1,0,0,1,FBM,9.99,2,,,,DERIVED_FROM_SELLER_OBSERVATION_HISTORY,
2026-02-13T06:09:22Z,2026-02-13,UK,JB-RGB6-LZOJ,B0001P0DLU,A24NGU5R55LIUJ,1,2026-02-07T00:00:00Z,2026-02-13T06:09:22Z,102.1561,30.1561,0,7.43,7.4300,7.4300,7.4300,150.1561,150.1561,0,,,flat,0,1,1,0,0,1,FBM,9.99,2,,,,DERIVED_FROM_SELLER_OBSERVATION_HISTORY,
2026-02-13T06:09:22Z,2026-02-13,UK,JB-RGB6-LZOJ,B0001P0DLU,A2PJYYPKZTZJ0V,1,2026-02-07T00:00:00Z,2026-02-13T06:09:22Z,102.1561,30.1561,0,9.95,9.9500,9.9500,9.9500,150.1561,150.1561,0,,,flat,0,1,1,0,0,1,FBM,9.99,2,,,,DERIVED_FROM_SELLER_OBSERVATION_HISTORY,
2026-02-13T06:09:22Z,2026-02-13,UK,JB-RGB6-LZOJ,B0001P0DLU,A38JZE0FB8NDTE,1,2026-02-07T00:00:00Z,2026-02-13T06:09:22Z,0.0000,78.1561,1,8.67,7.0300,8.6700,7.0300,150.1561,150.1561,1,,,up,0,1,1,0,0,1,FBM,9.99,2,,,,DERIVED_FROM_SELLER_OBSERVATION_HISTORY,
2026-02-13T06:09:22Z,2026-02-13,UK,JB-RGB6-LZOJ,B0001P0DLU,A39VTM0CZSRJZA,1,2026-02-07T00:00:00Z,2026-02-13T06:09:22Z,102.1561,30.1561,0,6.35,6.3500,6.3500,6.3500,150.1561,150.1561,0,,,flat,0,0,0,0,0,0,FBM,9.99,2,,,,DERIVED_FROM_SELLER_OBSERVATION_HISTORY,
2026-02-13T06:09:22Z,2026-02-13,UK,JB-RGB6-LZOJ,B0001P0DLU,A3HM7WA2CBSOPA,1,2026-02-07T00:00:00Z,2026-02-13T06:09:22Z,102.1561,30.1561,0,6.91,6.9100,6.9100,6.9100,150.1561,150.1561,0,,,flat,0,2,3,1,0,2,FBM,9.99,2,,,,DERIVED_FROM_SELLER_OBSERVATION_HISTORY,
2026-02-13T06:09:22Z,2026-02-13,UK,JB-RGB6-LZOJ,B0001P0DLU,A3SK1E64BDMB7W,1,2026-02-07T00:00:00Z,2026-02-13T06:09:22Z,102.1561,30.1561,0,12.56,12.0600,12.5600,12.5600,72.0000,150.1561,1,,,up,0,1,1,0,0,1,FBM,9.99,2,,,,DERIVED_FROM_SELLER_OBSERVATION_HISTORY,
2026-02-13T06:09:22Z,2026-02-13,UK,JB-RGB6-LZOJ,B0001P0DLU,A3V2W4NCHQN1W7,1,2026-02-07T00:00:00Z,2026-02-13T06:09:22Z,102.1561,30.1561,0,10.21,10.2100,10.2100,10.2100,150.1561,150.1561,0,,,flat,0,0,0,0,1,0,FBM,9.99,2,,,,DERIVED_FROM_SELLER_OBSERVATION_HISTORY,
2026-02-13T06:09:22Z,2026-02-13,UK,JB-RGB6-LZOJ,B0001P0DLU,A91ZH6FZ52D9H,1,2026-02-07T00:00:00Z,2026-02-13T06:09:22Z,102.1561,30.1561,0,9.99,9.9900,9.9900,9.9900,150.1561,150.1561,0,,,flat,0,1,2,1,0,1,FBM,9.99,2,,,,DERIVED_FROM_SELLER_OBSERVATION_HISTORY,
2026-02-13T06:09:22Z,2026-02-13,UK,JB-RGB6-LZOJ,B0001P0DLU,AB5OM860MS57Z,1,2026-02-07T00:00:00Z,2026-02-13T06:09:22Z,102.1561,30.1561,0,9.99,6.1300,9.9900,9.9900,48.0000,150.1561,2,,,up,0,0,0,0,1,0,FBA,9.99,2,,,,DERIVED_FROM_SELLER_OBSERVATION_HISTORY,
2026-02-13T06:09:22Z,2026-02-13,UK,JB-RGB6-LZOJ,B0001P0DLU,AKBY7ZMYYJKZC,1,2026-02-07T00:00:00Z,2026-02-13T06:09:22Z,102.1561,30.1561,0,6.9,6.9000,6.9000,6.9000,150.1561,150.1561,0,,,flat,0,1,1,0,0,1,FBM,9.99,2,,,,DERIVED_FROM_SELLER_OBSERVATION_HISTORY,
2026-02-13T06:09:22Z,2026-02-13,UK,JB-RGB6-LZOJ,B0001P0DLU,AY357ZGTL1GSV,1,2026-02-07T00:00:00Z,2026-02-13T06:09:22Z,102.1561,30.1561,0,7.8,7.8000,7.8000,7.8000,150.1561,150.1561,0,,,flat,0,1,1,0,0,1,FBM,9.99,2,,,,DERIVED_FROM_SELLER_OBSERVATION_HISTORY,
2026-02-13T06:09:22Z,2026-02-13,UK,RZ-6ZL9-CZ7J,B075XT2J8X,A11153KMTVDZI1,1,2026-02-07T00:00:00Z,2026-02-13T06:09:22Z,102.1561,30.1561,0,6.6,6.6000,6.6000,6.6000,150.1561,150.1561,0,,,flat,0,0,0,0,1,0,FBA,6.97,0,,,,DERIVED_FROM_SELLER_OBSERVATION_HISTORY,
2026-02-13T06:09:22Z,2026-02-13,UK,RZ-6ZL9-CZ7J,B075XT2J8X,A15X20ZKTLRSBW,1,2026-02-07T00:00:00Z,2026-02-13T06:09:22Z,102.1561,30.1561,0,6.35,6.3500,6.3500,6.3500,150.1561,150.1561,0,,,flat,0,0,0,0,1,0,FBA,6.97,0,,,,DERIVED_FROM_SELLER_OBSERVATION_HISTORY,
2026-02-13T06:09:22Z,2026-02-13,UK,RZ-6ZL9-CZ7J,B075XT2J8X,A196JBKNW3T4BS,1,2026-02-07T00:00:00Z,2026-02-13T06:09:22Z,102.1561,30.1561,0,3.27,3.2700,3.2700,3.2700,150.1561,150.1561,0,,,flat,0,1,1,0,0,1,FBM,6.97,0,,,,DERIVED_FROM_SELLER_OBSERVATION_HISTORY,
2026-02-13T06:09:22Z,2026-02-13,UK,RZ-6ZL9-CZ7J,B075XT2J8X,A1QKNW4W5SPM7T,1,2026-02-07T00:00:00Z,2026-02-13T06:09:22Z,102.1561,30.1561,0,7.61,7.6100,7.6100,7.6100,150.1561,150.1561,0,,,flat,0,1,1,0,0,1,FBM,6.97,0,,,,DERIVED_FROM_SELLER_OBSERVATION_HISTORY,
2026-02-13T06:09:22Z,2026-02-13,UK,RZ-6ZL9-CZ7J,B075XT2J8X,A1R64IUNVWPSMR,1,2026-02-07T00:00:00Z,2026-02-13T06:09:22Z,102.1561,30.1561,0,7.47,7.4700,7.4700,7.4700,150.1561,150.1561,0,,,flat,0,2,3,1,0,2,FBM,6.97,0,,,,DERIVED_FROM_SELLER_OBSERVATION_HISTORY,
2026-02-13T06:09:22Z,2026-02-13,UK,RZ-6ZL9-CZ7J,B075XT2J8X,A2JJBX08NHT52K,1,2026-02-07T00:00:00Z,2026-02-13T06:09:22Z,102.1561,30.1561,0,5.07,5.0700,5.0700,5.0700,150.1561,150.1561,0,,,flat,0,1,2,1,0,1,FBM,6.97,0,,,,DERIVED_FROM_SELLER_OBSERVATION_HISTORY,
2026-02-13T06:09:22Z,2026-02-13,UK,RZ-6ZL9-CZ7J,B075XT2J8X,A35UPYDMLICYZX,1,2026-02-07T00:00:00Z,2026-02-13T06:09:22Z,102.1561,30.1561,0,10.56,10.5600,10.5600,10.5600,150.1561,150.1561,0,,,flat,0,1,1,0,0,1,FBM,6.97,0,,,,DERIVED_FROM_SELLER_OBSERVATION_HISTORY,
2026-02-13T06:09:22Z,2026-02-13,UK,RZ-6ZL9-CZ7J,B075XT2J8X,A3C70I7GKRCETI,1,2026-02-07T00:00:00Z,2026-02-13T06:09:22Z,102.1561,30.1561,0,6.35,6.3500,6.3500,6.3500,150.1561,150.1561,0,,,flat,0,0,0,0,1,0,FBA,6.97,0,,,,DERIVED_FROM_SELLER_OBSERVATION_HISTORY,
2026-02-13T06:09:22Z,2026-02-13,UK,RZ-6ZL9-CZ7J,B075XT2J8X,A6VPZZ5FEXGVE,1,2026-02-07T00:00:00Z,2026-02-13T06:09:22Z,102.1561,30.1561,0,8.99,8.9900,8.9900,8.9900,150.1561,150.1561,0,,,flat,0,1,1,0,0,1,FBM,6.97,0,,,,DERIVED_FROM_SELLER_OBSERVATION_HISTORY,
2026-02-13T06:09:22Z,2026-02-13,UK,RZ-6ZL9-CZ7J,B075XT2J8X,AB5OM860MS57Z,1,2026-02-07T00:00:00Z,2026-02-13T06:09:22Z,102.1561,30.1561,0,6.97,6.9700,6.9700,6.9700,150.1561,150.1561,0,,,flat,0,0,0,0,1,0,FBA,6.97,0,,,,DERIVED_FROM_SELLER_OBSERVATION_HISTORY,
2026-02-13T06:09:22Z,2026-02-13,UK,RZ-6ZL9-CZ7J,B075XT2J8X,AQ5QH5GRISO14,1,2026-02-12T00:00:00Z,2026-02-13T06:09:22Z,30.1561,30.1561,0,6.6,6.6000,6.6000,6.6000,30.1561,30.1561,0,,,flat,0,0,3,3,1,0,FBA,6.97,0,,,,DERIVED_FROM_SELLER_OBSERVATION_HISTORY,
2026-02-13T06:09:22Z,2026-02-13,UK,TJ-6LOP-OPEU,B08P63MSS9,A2FWYQ039SD442,1,2026-02-07T00:00:00Z,2026-02-13T06:09:22Z,102.1561,30.1561,0,8.96,8.1300,8.9800,8.7150,48.0000,150.1561,5,,,up,0,0,0,0,1,0,FBA,8.96,5,,,,DERIVED_FROM_SELLER_OBSERVATION_HISTORY,
2026-02-13T06:09:22Z,2026-02-13,UK,TJ-6LOP-OPEU,B08P63MSS9,A2JJBX08NHT52K,1,2026-02-07T00:00:00Z,2026-02-13T06:09:22Z,102.1561,30.1561,0,4.61,4.6100,4.6100,4.6100,150.1561,150.1561,0,,,flat,0,1,2,1,0,1,FBM,8.96,5,,,,DERIVED_FROM_SELLER_OBSERVATION_HISTORY,
2026-02-13T06:09:22Z,2026-02-13,UK,TJ-6LOP-OPEU,B08P63MSS9,A3IIOPC5WY6KKR,1,2026-02-07T00:00:00Z,2026-02-13T06:09:22Z,102.1561,30.1561,0,8.68,8.1200,8.6800,8.6500,48.0000,150.1561,3,,,up,0,1,2,1,0,1,FBM,8.96,5,,,,DERIVED_FROM_SELLER_OBSERVATION_HISTORY,
2026-02-13T06:09:22Z,2026-02-13,UK,TJ-6LOP-OPEU,B08P63MSS9,AB5OM860MS57Z,1,2026-02-07T00:00:00Z,2026-02-13T06:09:22Z,102.1561,30.1561,0,8.96,8.1300,8.9800,8.7150,48.0000,150.1561,5,,,up,0,0,0,0,1,0,FBA,8.96,5,,,,DERIVED_FROM_SELLER_OBSERVATION_HISTORY,
2026-02-13T06:09:22Z,2026-02-13,UK,TJ-6LOP-OPEU,B08P63MSS9,AHPS0P3VVEPP4,1,2026-02-07T00:00:00Z,2026-02-13T06:09:22Z,102.1561,30.1561,0,9.88,9.8800,9.8800,9.8800,150.1561,150.1561,0,,,flat,0,1,1,0,0,1,FBM,8.96,5,,,,DERIVED_FROM_SELLER_OBSERVATION_HISTORY,
2026-02-13T06:09:22Z,2026-02-13,UK,VF-3T0K-DR5O,B08KFFY86W,A1EGWKJ2C3AMWH,1,2026-02-07T00:00:00Z,2026-02-13T06:09:22Z,102.1561,30.1561,0,5.05,5.0500,5.0500,5.0500,150.1561,150.1561,0,,,flat,0,0,0,0,1,0,FBA,5.35,0,,,,DERIVED_FROM_SELLER_OBSERVATION_HISTORY,
2026-02-13T06:09:22Z,2026-02-13,UK,VF-3T0K-DR5O,B08KFFY86W,A1PDJFYGLPZ86M,1,2026-02-07T00:00:00Z,2026-02-13T06:09:22Z,102.1561,30.1561,0,4.88,4.8800,4.8800,4.8800,150.1561,150.1561,0,,,flat,0,0,0,0,1,0,FBA,5.35,0,,,,DERIVED_FROM_SELLER_OBSERVATION_HISTORY,
2026-02-13T06:09:22Z,2026-02-13,UK,VF-3T0K-DR5O,B08KFFY86W,A1R64IUNVWPSMR,1,2026-02-07T00:00:00Z,2026-02-13T06:09:22Z,102.1561,30.1561,0,9.55,9.5500,9.5500,9.5500,150.1561,150.1561,0,,,flat,0,2,3,1,0,2,FBM,5.35,0,,,,DERIVED_FROM_SELLER_OBSERVATION_HISTORY,
2026-02-13T06:09:22Z,2026-02-13,UK,VF-3T0K-DR5O,B08KFFY86W,A21NMD767VKPKA,1,2026-02-07T00:00:00Z,2026-02-13T06:09:22Z,102.1561,30.1561,0,4.89,4.8900,4.8900,4.8900,150.1561,150.1561,0,,,flat,0,0,0,0,1,0,FBA,5.35,0,,,,DERIVED_FROM_SELLER_OBSERVATION_HISTORY,
2026-02-13T06:09:22Z,2026-02-13,UK,VF-3T0K-DR5O,B08KFFY86W,A2E1OBJJDHI305,1,2026-02-07T00:00:00Z,2026-02-13T06:09:22Z,102.1561,30.1561,0,5.14,5.1400,5.1400,5.1400,150.1561,150.1561,0,,,flat,0,1,1,0,0,1,FBM,5.35,0,,,,DERIVED_FROM_SELLER_OBSERVATION_HISTORY,
2026-02-13T06:09:22Z,2026-02-13,UK,VF-3T0K-DR5O,B08KFFY86W,A2JHK2RGHEOXUY,1,2026-02-07T00:00:00Z,2026-02-13T06:09:22Z,102.1561,30.1561,0,4.85,4.8500,4.8900,4.8500,126.1561,72.0000,2,,,flat,0,0,0,0,1,0,FBA,5.35,0,,,,DERIVED_FROM_SELLER_OBSERVATION_HISTORY,
2026-02-13T06:09:22Z,2026-02-13,UK,VF-3T0K-DR5O,B08KFFY86W,A2MSCEFUU7IF9P,1,2026-02-07T00:00:00Z,2026-02-13T06:09:22Z,102.1561,30.1561,0,4.85,4.8500,4.8500,4.8500,150.1561,150.1561,0,,,flat,0,0,0,0,1,0,FBA,5.35,0,,,,DERIVED_FROM_SELLER_OBSERVATION_HISTORY,
2026-02-13T06:09:22Z,2026-02-13,UK,VF-3T0K-DR5O,B08KFFY86W,A2V6U7OVTWHOIQ,1,2026-02-07T00:00:00Z,2026-02-13T06:09:22Z,102.1561,30.1561,0,6.5,6.5000,6.5000,6.5000,150.1561,150.1561,0,,,flat,0,0,0,0,1,0,FBA,5.35,0,,,,DERIVED_FROM_SELLER_OBSERVATION_HISTORY,
2026-02-13T06:09:22Z,2026-02-13,UK,VF-3T0K-DR5O,B08KFFY86W,A2YMCJJAZ04D29,1,2026-02-07T00:00:00Z,2026-02-13T06:09:22Z,102.1561,30.1561,0,5.05,5.0500,5.0500,5.0500,150.1561,150.1561,0,,,flat,0,0,0,0,1,0,FBA,5.35,0,,,,DERIVED_FROM_SELLER_OBSERVATION_HISTORY,
2026-02-13T06:09:22Z,2026-02-13,UK,VF-3T0K-DR5O,B08KFFY86W,A31WWR0DZ1UNBI,1,2026-02-07T00:00:00Z,2026-02-13T06:09:22Z,102.1561,30.1561,0,5.24,5.2400,5.2400,5.2400,150.1561,150.1561,0,,,flat,0,0,0,0,1,0,FBA,5.35,0,,,,DERIVED_FROM_SELLER_OBSERVATION_HISTORY,
2026-02-13T06:09:22Z,2026-02-13,UK,VF-3T0K-DR5O,B08KFFY86W,A328TDCKZBQUHR,1,2026-02-07T00:00:00Z,2026-02-13T06:09:22Z,102.1561,30.1561,0,5.15,5.1500,5.1500,5.1500,150.1561,150.1561,0,,,flat,0,0,0,0,1,0,FBA,5.35,0,,,,DERIVED_FROM_SELLER_OBSERVATION_HISTORY,
2026-02-13T06:09:22Z,2026-02-13,UK,VF-3T0K-DR5O,B08KFFY86W,A3P5ROKL5A1OLE,1,2026-02-07T00:00:00Z,2026-02-13T06:09:22Z,102.1561,30.1561,0,5.29,5.2900,5.2900,5.2900,150.1561,150.1561,0,,,flat,0,0,0,0,1,0,FBA,5.35,0,,,,DERIVED_FROM_SELLER_OBSERVATION_HISTORY,
2026-02-13T06:09:22Z,2026-02-13,UK,VF-3T0K-DR5O,B08KFFY86W,A3U8ECAOXIZYV1,1,2026-02-07T00:00:00Z,2026-02-13T06:09:22Z,102.1561,30.1561,0,9.45,9.4500,9.4500,9.4500,150.1561,150.1561,0,,,flat,0,0,0,0,1,0,FBA,5.35,0,,,,DERIVED_FROM_SELLER_OBSERVATION_HISTORY,
2026-02-13T06:09:22Z,2026-02-13,UK,VF-3T0K-DR5O,B08KFFY86W,A3VZBF976O8DK2,1,2026-02-07T00:00:00Z,2026-02-13T06:09:22Z,102.1561,30.1561,0,11.99,11.9900,11.9900,11.9900,150.1561,150.1561,0,,,flat,0,0,0,0,1,0,FBA,5.35,0,,,,DERIVED_FROM_SELLER_OBSERVATION_HISTORY,
2026-02-13T06:09:22Z,2026-02-13,UK,VF-3T0K-DR5O,B08KFFY86W,A6LWA092O6PLA,1,2026-02-07T00:00:00Z,2026-02-13T06:09:22Z,102.1561,30.1561,0,4.85,4.8500,4.8500,4.8500,150.1561,150.1561,0,,,flat,0,0,0,0,1,0,FBA,5.35,0,,,,DERIVED_FROM_SELLER_OBSERVATION_HISTORY,
2026-02-13T06:09:22Z,2026-02-13,UK,VF-3T0K-DR5O,B08KFFY86W,AB5OM860MS57Z,1,2026-02-07T00:00:00Z,2026-02-13T06:09:22Z,102.1561,30.1561,0,5.35,5.3500,5.3500,5.3500,150.1561,150.1561,0,,,flat,0,0,0,0,1,0,FBA,5.35,0,,,,DERIVED_FROM_SELLER_OBSERVATION_HISTORY,
2026-02-13T06:09:22Z,2026-02-13,UK,VF-3T0K-DR5O,B08KFFY86W,AJO4HUCJKGM4X,1,2026-02-07T00:00:00Z,2026-02-13T06:09:22Z,102.1561,30.1561,0,6.37,6.3700,6.3700,6.3700,150.1561,150.1561,0,,,flat,0,0,0,0,1,0,FBA,5.35,0,,,,DERIVED_FROM_SELLER_OBSERVATION_HISTORY,
2026-02-13T06:09:22Z,2026-02-13,UK,VF-3T0K-DR5O,B08KFFY86W,AWDEFA1PV5DF7,1,2026-02-10T00:00:00Z,2026-02-13T06:09:22Z,78.1561,30.1561,0,6.5,6.5000,6.5000,6.5000,78.1561,78.1561,0,,,flat,0,0,0,0,0,0,FBM,5.35,0,,,,DERIVED_FROM_SELLER_OBSERVATION_HISTORY,
2026-02-13T06:09:22Z,2026-02-13,UK,XH-0LAE-FQO5,B00AOES9GE,A1EGWKJ2C3AMWH,1,2026-02-07T00:00:00Z,2026-02-13T06:09:22Z,102.1561,30.1561,0,6.7,6.7000,6.9900,6.7000,150.1561,72.0000,1,,,down,1,0,0,0,1,0,FBA,6.9,0,,,,DERIVED_FROM_SELLER_OBSERVATION_HISTORY,
2026-02-13T06:09:22Z,2026-02-13,UK,XH-0LAE-FQO5,B00AOES9GE,A2V6U7OVTWHOIQ,1,2026-02-07T00:00:00Z,2026-02-13T06:09:22Z,102.1561,30.1561,0,6.8,6.7500,6.8000,6.8000,72.0000,150.1561,1,,,up,0,0,0,0,1,0,FBA,6.9,0,,,,DERIVED_FROM_SELLER_OBSERVATION_HISTORY,
2026-02-13T06:09:22Z,2026-02-13,UK,XH-0LAE-FQO5,B00AOES9GE,A2YMCJJAZ04D29,1,2026-02-07T00:00:00Z,2026-02-13T06:09:22Z,102.1561,30.1561,0,6.7,6.7000,6.7500,6.7250,150.1561,96.0000,1,,,down,1,0,0,0,1,0,FBA,6.9,0,,,,DERIVED_FROM_SELLER_OBSERVATION_HISTORY,
2026-02-13T06:09:22Z,2026-02-13,UK,XH-0LAE-FQO5,B00AOES9GE,AB5OM860MS57Z,1,2026-02-07T00:00:00Z,2026-02-13T06:09:22Z,102.1561,30.1561,0,6.9,6.9000,6.9000,6.9000,150.1561,150.1561,0,,,flat,0,0,0,0,1,0,FBA,6.9,0,,,,DERIVED_FROM_SELLER_OBSERVATION_HISTORY,
2026-02-13T06:09:22Z,2026-02-13,UK,XH-0LAE-FQO5,B00AOES9GE,ASUZJJAO5898W,1,2026-02-13T06:09:22Z,2026-02-13T06:09:22Z,0.0000,,0,6.7,6.7000,6.7000,6.7000,0.0000,0.0000,0,,,flat,0,0,1,1,1,0,FBA,6.9,0,,,,DERIVED_FROM_SELLER_OBSERVATION_HISTORY,
2026-02-13T06:09:22Z,2026-02-13,UK,XY-UM2X-TPS3,B003VTZAM0,A1JBSHTRJ4VCVO,1,2026-02-07T00:00:00Z,2026-02-13T06:09:22Z,102.1561,30.1561,0,11.2,11.2000,11.2000,11.2000,150.1561,150.1561,0,,,flat,0,0,0,0,1,0,FBA,11.47,0,,,,DERIVED_FROM_SELLER_OBSERVATION_HISTORY,
2026-02-13T06:09:22Z,2026-02-13,UK,XY-UM2X-TPS3,B003VTZAM0,A26DO76QVK1JFR,1,2026-02-07T00:00:00Z,2026-02-13T06:09:22Z,102.1561,30.1561,0,11.99,11.9900,11.9900,11.9900,150.1561,150.1561,0,,,flat,0,0,0,0,1,0,FBA,11.47,0,,,,DERIVED_FROM_SELLER_OBSERVATION_HISTORY,
2026-02-13T06:09:22Z,2026-02-13,UK,XY-UM2X-TPS3,B003VTZAM0,A2F2QWF9KOYS5K,1,2026-02-07T00:00:00Z,2026-02-13T06:09:22Z,102.1561,30.1561,0,10.99,10.9900,10.9900,10.9900,150.1561,150.1561,0,,,flat,0,1,1,0,0,1,FBM,11.47,0,,,,DERIVED_FROM_SELLER_OBSERVATION_HISTORY,
2026-02-13T06:09:22Z,2026-02-13,UK,XY-UM2X-TPS3,B003VTZAM0,A2I9GFK5QTOYYM,1,2026-02-07T00:00:00Z,2026-02-13T06:09:22Z,102.1561,30.1561,0,11.44,11.4400,11.4400,11.4400,150.1561,150.1561,0,,,flat,0,0,0,0,1,0,FBA,11.47,0,,,,DERIVED_FROM_SELLER_OBSERVATION_HISTORY,
2026-02-13T06:09:22Z,2026-02-13,UK,XY-UM2X-TPS3,B003VTZAM0,A31LES58YOQ58B,1,2026-02-07T00:00:00Z,2026-02-13T06:09:22Z,102.1561,30.1561,0,11.6,11.6000,11.6000,11.6000,150.1561,150.1561,0,,,flat,0,0,0,0,1,0,FBA,11.47,0,,,,DERIVED_FROM_SELLER_OBSERVATION_HISTORY,
2026-02-13T06:09:22Z,2026-02-13,UK,XY-UM2X-TPS3,B003VTZAM0,A3HM7WA2CBSOPA,1,2026-02-07T00:00:00Z,2026-02-13T06:09:22Z,102.1561,30.1561,0,10.92,10.9200,10.9200,10.9200,150.1561,150.1561,0,,,flat,0,4,5,1,0,4,FBM,11.47,0,,,,DERIVED_FROM_SELLER_OBSERVATION_HISTORY,
2026-02-13T06:09:22Z,2026-02-13,UK,XY-UM2X-TPS3,B003VTZAM0,AB5OM860MS57Z,1,2026-02-07T00:00:00Z,2026-02-13T06:09:22Z,102.1561,30.1561,0,11.47,11.4700,11.4700,11.4700,150.1561,150.1561,0,,,flat,0,0,0,0,1,0,FBA,11.47,0,,,,DERIVED_FROM_SELLER_OBSERVATION_HISTORY,
2026-02-13T06:09:22Z,2026-02-13,UK,XY-UM2X-TPS3,B003VTZAM0,AHND7IKI8FHV3,1,2026-02-07T00:00:00Z,2026-02-13T06:09:22Z,102.1561,30.1561,0,11.54,11.5400,11.5400,11.5400,150.1561,150.1561,0,,,flat,0,1,2,1,0,1,FBM,11.47,0,,,,DERIVED_FROM_SELLER_OBSERVATION_HISTORY,
2026-02-13T06:09:22Z,2026-02-13,UK,XY-UM2X-TPS3,B003VTZAM0,ATUCW8T149Y55,1,2026-02-07T00:00:00Z,2026-02-13T06:09:22Z,0.0000,54.1561,1,11.59,11.5900,11.5900,11.5900,150.1561,150.1561,0,,,flat,0,1,2,1,0,1,FBM,11.47,0,,,,DERIVED_FROM_SELLER_OBSERVATION_HISTORY,
2026-02-13T06:09:22Z,2026-02-13,UK,XY-UM2X-TPS3,B003VTZAM0,AWANDGFK915DA,1,2026-02-07T00:00:00Z,2026-02-13T06:09:22Z,102.1561,30.1561,0,9.99,9.9900,9.9900,9.9900,150.1561,150.1561,0,,,flat,0,0,0,0,1,0,FBM,11.47,0,,,,DERIVED_FROM_SELLER_OBSERVATION_HISTORY,
2026-02-13T06:09:22Z,2026-02-13,UK,YC-3L3M-BV48,B0CTD6Q6KY,A3P5ROKL5A1OLE,1,2026-02-07T00:00:00Z,2026-02-13T06:09:22Z,102.1561,30.1561,0,105.95,105.9500,105.9500,105.9500,150.1561,150.1561,0,,,flat,0,0,0,0,1,0,FBM,79.24,1,,,,DERIVED_FROM_SELLER_OBSERVATION_HISTORY,
2026-02-13T06:09:22Z,2026-02-13,UK,YC-3L3M-BV48,B0CTD6Q6KY,AB5OM860MS57Z,1,2026-02-07T00:00:00Z,2026-02-13T06:09:22Z,102.1561,30.1561,0,79.24,74.2600,79.2400,74.2600,150.1561,150.1561,1,,,up,0,0,0,0,1,0,FBA,79.24,1,,,,DERIVED_FROM_SELLER_OBSERVATION_HISTORY,
2026-02-13T06:09:22Z,2026-02-13,UK,YC-3L3M-BV48,B0CTD6Q6KY,AQ20HDTW7QNBM,1,2026-02-07T00:00:00Z,2026-02-13T06:09:22Z,102.1561,30.1561,0,79.0,74.0000,79.0000,74.0000,150.1561,150.1561,1,,,up,0,0,0,0,1,0,FBA,79.24,1,,,,DERIVED_FROM_SELLER_OBSERVATION_HISTORY,
2026-02-14T13:36:02Z,2026-02-14,UK,4W-VS57-BV6A,B0C9LJNJWZ,A16ZATMMFE8J3Y,1,2026-02-07T00:00:00Z,2026-02-14T13:36:02Z,133.6006,31.4444,0,35.99,35.9900,35.9900,35.9900,181.6006,181.6006,0,,,flat,0,0,0,0,1,0,FBM,35.91,0,,,,DERIVED_FROM_SELLER_OBSERVATION_HISTORY,
2026-02-14T13:36:02Z,2026-02-14,UK,4W-VS57-BV6A,B0C9LJNJWZ,A1U2WCBY9FQRJ5,1,2026-02-07T00:00:00Z,2026-02-14T13:36:02Z,133.6006,31.4444,0,38.38,38.3800,38.3800,38.3800,181.6006,181.6006,0,,,flat,0,1,2,1,0,1,FBM,35.91,0,,,,DERIVED_FROM_SELLER_OBSERVATION_HISTORY,
2026-02-14T13:36:02Z,2026-02-14,UK,4W-VS57-BV6A,B0C9LJNJWZ,A23VLR5KYFT1PR,1,2026-02-07T00:00:00Z,2026-02-14T13:36:02Z,133.6006,31.4444,0,34.99,34.9900,34.9900,34.9900,181.6006,181.6006,0,,,flat,0,0,0,0,1,0,FBA,35.91,0,,,,DERIVED_FROM_SELLER_OBSERVATION_HISTORY,
2026-02-14T13:36:02Z,2026-02-14,UK,4W-VS57-BV6A,B0C9LJNJWZ,A2N6W6R4NFCNBX,1,2026-02-07T00:00:00Z,2026-02-14T13:36:02Z,133.6006,31.4444,0,39.69,39.6900,39.6900,39.6900,181.6006,181.6006,0,,,flat,0,0,0,0,0,0,FBM,35.91,0,,,,DERIVED_FROM_SELLER_OBSERVATION_HISTORY,
2026-02-14T13:36:02Z,2026-02-14,UK,4W-VS57-BV6A,B0C9LJNJWZ,A2UD95CFO7TBZQ,1,2026-02-07T00:00:00Z,2026-02-14T13:36:02Z,133.6006,31.4444,0,35.96,35.9600,35.9600,35.9600,181.6006,181.6006,0,,,flat,0,0,0,0,0,0,FBM,35.91,0,,,,DERIVED_FROM_SELLER_OBSERVATION_HISTORY,
2026-02-14T13:36:02Z,2026-02-14,UK,4W-VS57-BV6A,B0C9LJNJWZ,A30DC7701CXIBH,1,2026-02-07T00:00:00Z,2026-02-14T13:36:02Z,133.6006,31.4444,0,40.27,39.8500,40.2700,40.2700,96.0000,181.6006,1,,,up,0,0,0,0,1,0,FBM,35.91,0,,,,DERIVED_FROM_SELLER_OBSERVATION_HISTORY,
2026-02-14T13:36:02Z,2026-02-14,UK,4W-VS57-BV6A,B0C9LJNJWZ,A3HM7WA2CBSOPA,1,2026-02-07T00:00:00Z,2026-02-14T13:36:02Z,133.6006,31.4444,0,39.12,39.1200,39.1200,39.1200,181.6006,181.6006,0,,,flat,0,1,1,0,0,1,FBM,35.91,0,,,,DERIVED_FROM_SELLER_OBSERVATION_HISTORY,
2026-02-14T13:36:02Z,2026-02-14,UK,4W-VS57-BV6A,B0C9LJNJWZ,A3KTB05DIFHO8V,1,2026-02-07T00:00:00Z,2026-02-14T13:36:02Z,133.6006,31.4444,0,44.99,44.9900,44.9900,44.9900,181.6006,181.6006,0,,,flat,0,1,2,1,0,1,FBM,35.91,0,,,,DERIVED_FROM_SELLER_OBSERVATION_HISTORY,
2026-02-14T13:36:02Z,2026-02-14,UK,4W-VS57-BV6A,B0C9LJNJWZ,A3KTD5M81YFDGM,1,2026-02-07T00:00:00Z,2026-02-14T13:36:02Z,133.6006,31.4444,0,34.99,34.9900,35.5000,35.5000,181.6006,120.0000,1,,,down,1,0,0,0,1,0,FBA,35.91,0,,,,DERIVED_FROM_SELLER_OBSERVATION_HISTORY,
2026-02-14T13:36:02Z,2026-02-14,UK,4W-VS57-BV6A,B0C9LJNJWZ,A3P5ROKL5A1OLE,1,2026-02-07T00:00:00Z,2026-02-14T13:36:02Z,133.6006,31.4444,0,35.0,35.0000,35.0000,35.0000,181.6006,181.6006,0,,,flat,0,0,0,0,1,0,FBA,35.91,0,,,,DERIVED_FROM_SELLER_OBSERVATION_HISTORY,
2026-02-14T13:36:02Z,2026-02-14,UK,4W-VS57-BV6A,B0C9LJNJWZ,AAOJ3B4Z594LC,1,2026-02-07T00:00:00Z,2026-02-14T13:36:02Z,133.6006,31.4444,0,39.28,38.8900,39.2800,38.8900,181.6006,48.0000,2,,,flat,1,2,3,1,0,2,FBM,35.91,0,,,,DERIVED_FROM_SELLER_OBSERVATION_HISTORY,
2026-02-14T13:36:02Z,2026-02-14,UK,4W-VS57-BV6A,B0C9LJNJWZ,AB5OM860MS57Z,1,2026-02-07T00:00:00Z,2026-02-14T13:36:02Z,133.6006,31.4444,0,35.91,35.9100,35.9100,35.9100,181.6006,181.6006,0,,,flat,0,0,0,0,1,0,FBA,35.91,0,,,,DERIVED_FROM_SELLER_OBSERVATION_HISTORY,
2026-02-14T13:36:02Z,2026-02-14,UK,4W-VS57-BV6A,B0C9LJNJWZ,AEU2J2P6WG61R,1,2026-02-07T00:00:00Z,2026-02-14T13:36:02Z,133.6006,31.4444,0,37.59,37.5900,37.5900,37.5900,181.6006,181.6006,0,,,flat,0,0,0,0,1,0,FBM,35.91,0,,,,DERIVED_FROM_SELLER_OBSERVATION_HISTORY,
2026-02-14T13:36:02Z,2026-02-14,UK,6V-EEC1-2S9Z,B06WW79DX5,A11RGASXV3EWM4,1,2026-02-07T00:00:00Z,2026-02-14T13:36:02Z,133.6006,31.4444,0,8.99,8.9900,9.5000,9.5000,181.6006,150.1561,1,,,down,1,0,0,0,0,0,FBM,7.99,2,,,,DERIVED_FROM_SELLER_OBSERVATION_HISTORY,
2026-02-14T13:36:02Z,2026-02-14,UK,6V-EEC1-2S9Z,B06WW79DX5,A12MJ1FK852SYB,1,2026-02-07T00:00:00Z,2026-02-14T13:36:02Z,133.6006,31.4444,0,9.99,9.9900,9.9900,9.9900,181.6006,181.6006,0,,,flat,0,0,0,0,0,0,FBM,7.99,2,,,,DERIVED_FROM_SELLER_OBSERVATION_HISTORY,
2026-02-14T13:36:02Z,2026-02-14,UK,6V-EEC1-2S9Z,B06WW79DX5,AB5OM860MS57Z,1,2026-02-07T00:00:00Z,2026-02-14T13:36:02Z,133.6006,31.4444,0,7.99,7.9300,7.9900,7.9900,120.0000,157.6006,2,,,flat,1,0,0,0,1,0,FBA,7.99,2,,,,DERIVED_FROM_SELLER_OBSERVATION_HISTORY,
2026-02-14T13:36:02Z,2026-02-14,UK,6V-EEC1-2S9Z,B06WW79DX5,AKQMAXFWUV730,1,2026-02-07T00:00:00Z,2026-02-14T13:36:02Z,133.6006,31.4444,0,9.99,9.9900,9.9900,9.9900,181.6006,181.6006,0,,,flat,0,0,0,0,0,0,FBM,7.99,2,,,,DERIVED_FROM_SELLER_OBSERVATION_HISTORY,
2026-02-14T13:36:02Z,2026-02-14,UK,6V-EEC1-2S9Z,B06WW79DX5,AM6QF58KGUUM9,1,2026-02-07T00:00:00Z,2026-02-14T13:36:02Z,133.6006,31.4444,0,9.17,9.1700,9.4700,9.1700,157.6006,48.0000,3,,,down,2,0,0,0,0,0,FBM,7.99,2,,,,DERIVED_FROM_SELLER_OBSERVATION_HISTORY,
2026-02-14T13:36:02Z,2026-02-14,UK,6V-EEC1-2S9Z,B06WW79DX5,ATUCW8T149Y55,1,2026-02-07T00:00:00Z,2026-02-14T13:36:02Z,133.6006,31.4444,0,10.99,10.9900,10.9900,10.9900,181.6006,181.6006,0,,,flat,0,2,3,1,0,2,FBM,7.99,2,,,,DERIVED_FROM_SELLER_OBSERVATION_HISTORY,
2026-02-14T13:36:02Z,2026-02-14,UK,AX-NKNU-29C1,B08M52B4M5,A10NUX8SYO930S,1,2026-02-07T00:00:00Z,2026-02-14T13:36:02Z,133.6006,31.4444,0,5.11,5.1100,5.1100,5.1100,181.6006,181.6006,0,,,flat,0,1,2,1,0,1,FBM,3.99,0,,,,DERIVED_FROM_SELLER_OBSERVATION_HISTORY,
2026-02-14T13:36:02Z,2026-02-14,UK,AX-NKNU-29C1,B08M52B4M5,A24VQX7LPBJ2BC,1,2026-02-07T00:00:00Z,2026-02-14T13:36:02Z,133.6006,31.4444,0,1.99,1.9900,1.9900,1.9900,181.6006,181.6006,0,,,flat,0,9,10,1,0,9,FBM,3.99,0,,,,DERIVED_FROM_SELLER_OBSERVATION_HISTORY,
2026-02-14T13:36:02Z,2026-02-14,UK,AX-NKNU-29C1,B08M52B4M5,A2JJBX08NHT52K,1,2026-02-07T00:00:00Z,2026-02-14T13:36:02Z,133.6006,31.4444,0,5.35,5.3500,5.3500,5.3500,181.6006,181.6006,0,,,flat,0,1,2,1,0,1,FBM,3.99,0,,,,DERIVED_FROM_SELLER_OBSERVATION_HISTORY,
2026-02-14T13:36:02Z,2026-02-14,UK,AX-NKNU-29C1,B08M52B4M5,AB5OM860MS57Z,1,2026-02-07T00:00:00Z,2026-02-14T13:36:02Z,133.6006,31.4444,0,3.99,3.9900,3.9900,3.9900,181.6006,181.6006,0,,,flat,0,0,0,0,1,0,FBA,3.99,0,,,,DERIVED_FROM_SELLER_OBSERVATION_HISTORY,
2026-02-14T13:36:02Z,2026-02-14,UK,AX-NKNU-29C1,B08M52B4M5,AUGCSEQQV3XYY,1,2026-02-07T00:00:00Z,2026-02-14T13:36:02Z,133.6006,31.4444,0,4.99,4.9900,4.9900,4.9900,181.6006,181.6006,0,,,flat,0,1,2,1,0,1,FBM,3.99,0,,,,DERIVED_FROM_SELLER_OBSERVATION_HISTORY,
2026-02-14T13:36:02Z,2026-02-14,UK,JB-RGB6-LZOJ,B0001P0DLU,A1I8X3GIQ4LKR5,1,2026-02-07T00:00:00Z,2026-02-14T13:36:02Z,133.6006,31.4444,0,9.68,9.6800,9.6800,9.6800,181.6006,181.6006,0,,,flat,0,1,1,0,0,1,FBM,9.98,3,,,,DERIVED_FROM_SELLER_OBSERVATION_HISTORY,
2026-02-14T13:36:02Z,2026-02-14,UK,JB-RGB6-LZOJ,B0001P0DLU,A24NGU5R55LIUJ,1,2026-02-07T00:00:00Z,2026-02-14T13:36:02Z,133.6006,31.4444,0,7.43,7.4300,7.4300,7.4300,181.6006,181.6006,0,,,flat,0,1,1,0,0,1,FBM,9.98,3,,,,DERIVED_FROM_SELLER_OBSERVATION_HISTORY,
2026-02-14T13:36:02Z,2026-02-14,UK,JB-RGB6-LZOJ,B0001P0DLU,A2PJYYPKZTZJ0V,1,2026-02-07T00:00:00Z,2026-02-14T13:36:02Z,133.6006,31.4444,0,9.95,9.9500,9.9500,9.9500,181.6006,181.6006,0,,,flat,0,1,1,0,0,1,FBM,9.98,3,,,,DERIVED_FROM_SELLER_OBSERVATION_HISTORY,
2026-02-14T13:36:02Z,2026-02-14,UK,JB-RGB6-LZOJ,B0001P0DLU,A38JZE0FB8NDTE,1,2026-02-07T00:00:00Z,2026-02-14T13:36:02Z,31.4444,31.4444,0,8.67,7.0300,8.6700,7.0300,150.1561,181.6006,1,,,up,0,1,1,0,0,1,FBM,9.98,3,,,,DERIVED_FROM_SELLER_OBSERVATION_HISTORY,
2026-02-14T13:36:02Z,2026-02-14,UK,JB-RGB6-LZOJ,B0001P0DLU,A39VTM0CZSRJZA,1,2026-02-07T00:00:00Z,2026-02-14T13:36:02Z,133.6006,31.4444,0,6.75,6.3500,6.7500,6.3500,181.6006,181.6006,1,,,up,0,0,0,0,0,0,FBM,9.98,3,,,,DERIVED_FROM_SELLER_OBSERVATION_HISTORY,
2026-02-14T13:36:02Z,2026-02-14,UK,JB-RGB6-LZOJ,B0001P0DLU,A3HM7WA2CBSOPA,1,2026-02-07T00:00:00Z,2026-02-14T13:36:02Z,133.6006,31.4444,0,6.91,6.9100,6.9100,6.9100,181.6006,181.6006,0,,,flat,0,2,3,1,0,2,FBM,9.98,3,,,,DERIVED_FROM_SELLER_OBSERVATION_HISTORY,
2026-02-14T13:36:02Z,2026-02-14,UK,JB-RGB6-LZOJ,B0001P0DLU,A3SK1E64BDMB7W,1,2026-02-07T00:00:00Z,2026-02-14T13:36:02Z,133.6006,31.4444,0,12.56,12.0600,12.5600,12.5600,72.0000,181.6006,1,,,up,0,1,1,0,0,1,FBM,9.98,3,,,,DERIVED_FROM_SELLER_OBSERVATION_HISTORY,
2026-02-14T13:36:02Z,2026-02-14,UK,JB-RGB6-LZOJ,B0001P0DLU,A3V2W4NCHQN1W7,1,2026-02-07T00:00:00Z,2026-02-14T13:36:02Z,133.6006,31.4444,0,10.21,10.2100,10.2100,10.2100,181.6006,181.6006,0,,,flat,0,0,0,0,1,0,FBM,9.98,3,,,,DERIVED_FROM_SELLER_OBSERVATION_HISTORY,
2026-02-14T13:36:02Z,2026-02-14,UK,JB-RGB6-LZOJ,B0001P0DLU,AB5OM860MS57Z,1,2026-02-07T00:00:00Z,2026-02-14T13:36:02Z,133.6006,31.4444,0,9.98,6.1300,9.9900,9.9900,48.0000,181.6006,3,,,up,0,0,0,0,1,0,FBA,9.98,3,,,,DERIVED_FROM_SELLER_OBSERVATION_HISTORY,
2026-02-14T13:36:02Z,2026-02-14,UK,JB-RGB6-LZOJ,B0001P0DLU,AKBY7ZMYYJKZC,1,2026-02-07T00:00:00Z,2026-02-14T13:36:02Z,133.6006,31.4444,0,6.9,6.9000,6.9000,6.9000,181.6006,181.6006,0,,,flat,0,1,1,0,0,1,FBM,9.98,3,,,,DERIVED_FROM_SELLER_OBSERVATION_HISTORY,
2026-02-14T13:36:02Z,2026-02-14,UK,JB-RGB6-LZOJ,B0001P0DLU,AY357ZGTL1GSV,1,2026-02-07T00:00:00Z,2026-02-14T13:36:02Z,133.6006,31.4444,0,7.8,7.8000,7.8000,7.8000,181.6006,181.6006,0,,,flat,0,1,1,0,0,1,FBM,9.98,3,,,,DERIVED_FROM_SELLER_OBSERVATION_HISTORY,
2026-02-14T13:36:02Z,2026-02-14,UK,RZ-6ZL9-CZ7J,B075XT2J8X,A11153KMTVDZI1,1,2026-02-07T00:00:00Z,2026-02-14T13:36:02Z,133.6006,31.4444,0,6.6,6.6000,6.6000,6.6000,181.6006,181.6006,0,,,flat,0,0,0,0,1,0,FBA,6.97,0,,,,DERIVED_FROM_SELLER_OBSERVATION_HISTORY,
2026-02-14T13:36:02Z,2026-02-14,UK,RZ-6ZL9-CZ7J,B075XT2J8X,A15X20ZKTLRSBW,1,2026-02-07T00:00:00Z,2026-02-14T13:36:02Z,133.6006,31.4444,0,6.35,6.3500,6.3500,6.3500,181.6006,181.6006,0,,,flat,0,0,0,0,1,0,FBA,6.97,0,,,,DERIVED_FROM_SELLER_OBSERVATION_HISTORY,
2026-02-14T13:36:02Z,2026-02-14,UK,RZ-6ZL9-CZ7J,B075XT2J8X,A196JBKNW3T4BS,1,2026-02-07T00:00:00Z,2026-02-14T13:36:02Z,133.6006,31.4444,0,3.27,3.2700,3.2700,3.2700,181.6006,181.6006,0,,,flat,0,1,1,0,0,1,FBM,6.97,0,,,,DERIVED_FROM_SELLER_OBSERVATION_HISTORY,
2026-02-14T13:36:02Z,2026-02-14,UK,RZ-6ZL9-CZ7J,B075XT2J8X,A1QKNW4W5SPM7T,1,2026-02-07T00:00:00Z,2026-02-14T13:36:02Z,133.6006,31.4444,0,7.61,7.6100,7.6100,7.6100,181.6006,181.6006,0,,,flat,0,1,1,0,0,1,FBM,6.97,0,,,,DERIVED_FROM_SELLER_OBSERVATION_HISTORY,
2026-02-14T13:36:02Z,2026-02-14,UK,RZ-6ZL9-CZ7J,B075XT2J8X,A1R64IUNVWPSMR,1,2026-02-07T00:00:00Z,2026-02-14T13:36:02Z,133.6006,31.4444,0,7.47,7.4700,7.4700,7.4700,181.6006,181.6006,0,,,flat,0,2,3,1,0,2,FBM,6.97,0,,,,DERIVED_FROM_SELLER_OBSERVATION_HISTORY,
2026-02-14T13:36:02Z,2026-02-14,UK,RZ-6ZL9-CZ7J,B075XT2J8X,A2JJBX08NHT52K,1,2026-02-07T00:00:00Z,2026-02-14T13:36:02Z,133.6006,31.4444,0,5.07,5.0700,5.0700,5.0700,181.6006,181.6006,0,,,flat,0,1,2,1,0,1,FBM,6.97,0,,,,DERIVED_FROM_SELLER_OBSERVATION_HISTORY,
2026-02-14T13:36:02Z,2026-02-14,UK,RZ-6ZL9-CZ7J,B075XT2J8X,A35UPYDMLICYZX,1,2026-02-07T00:00:00Z,2026-02-14T13:36:02Z,133.6006,31.4444,0,10.56,10.5600,10.5600,10.5600,181.6006,181.6006,0,,,flat,0,1,1,0,0,1,FBM,6.97,0,,,,DERIVED_FROM_SELLER_OBSERVATION_HISTORY,
2026-02-14T13:36:02Z,2026-02-14,UK,RZ-6ZL9-CZ7J,B075XT2J8X,A3C70I7GKRCETI,1,2026-02-07T00:00:00Z,2026-02-14T13:36:02Z,133.6006,31.4444,0,6.35,6.3500,6.3500,6.3500,181.6006,181.6006,0,,,flat,0,0,0,0,1,0,FBA,6.97,0,,,,DERIVED_FROM_SELLER_OBSERVATION_HISTORY,
2026-02-14T13:36:02Z,2026-02-14,UK,RZ-6ZL9-CZ7J,B075XT2J8X,A6VPZZ5FEXGVE,1,2026-02-07T00:00:00Z,2026-02-14T13:36:02Z,133.6006,31.4444,0,8.99,8.9900,8.9900,8.9900,181.6006,181.6006,0,,,flat,0,1,1,0,0,1,FBM,6.97,0,,,,DERIVED_FROM_SELLER_OBSERVATION_HISTORY,
2026-02-14T13:36:02Z,2026-02-14,UK,RZ-6ZL9-CZ7J,B075XT2J8X,AB5OM860MS57Z,1,2026-02-07T00:00:00Z,2026-02-14T13:36:02Z,133.6006,31.4444,0,6.97,6.9700,6.9700,6.9700,181.6006,181.6006,0,,,flat,0,0,0,0,1,0,FBA,6.97,0,,,,DERIVED_FROM_SELLER_OBSERVATION_HISTORY,
2026-02-14T13:36:02Z,2026-02-14,UK,RZ-6ZL9-CZ7J,B075XT2J8X,AQ5QH5GRISO14,1,2026-02-12T00:00:00Z,2026-02-14T13:36:02Z,61.6006,31.4444,0,6.6,6.6000,6.6000,6.6000,61.6006,61.6006,0,,,flat,0,0,0,0,1,0,FBA,6.97,0,,,,DERIVED_FROM_SELLER_OBSERVATION_HISTORY,
2026-02-14T13:36:02Z,2026-02-14,UK,TJ-6LOP-OPEU,B08P63MSS9,A2FWYQ039SD442,1,2026-02-07T00:00:00Z,2026-02-14T13:36:02Z,133.6006,31.4444,0,8.95,8.1300,8.9800,8.8000,48.0000,150.1561,6,,,up,0,0,0,0,1,0,FBA,8.95,6,,,,DERIVED_FROM_SELLER_OBSERVATION_HISTORY,
2026-02-14T13:36:02Z,2026-02-14,UK,TJ-6LOP-OPEU,B08P63MSS9,A2JJBX08NHT52K,1,2026-02-07T00:00:00Z,2026-02-14T13:36:02Z,133.6006,31.4444,0,4.61,4.6100,4.6100,4.6100,181.6006,181.6006,0,,,flat,0,1,2,1,0,1,FBM,8.95,6,,,,DERIVED_FROM_SELLER_OBSERVATION_HISTORY,
2026-02-14T13:36:02Z,2026-02-14,UK,TJ-6LOP-OPEU,B08P63MSS9,A3IIOPC5WY6KKR,1,2026-02-07T00:00:00Z,2026-02-14T13:36:02Z,133.6006,31.4444,0,8.68,8.1200,8.6800,8.6800,48.0000,181.6006,3,,,up,0,1,2,1,0,1,FBM,8.95,6,,,,DERIVED_FROM_SELLER_OBSERVATION_HISTORY,
2026-02-14T13:36:02Z,2026-02-14,UK,TJ-6LOP-OPEU,B08P63MSS9,AB5OM860MS57Z,1,2026-02-07T00:00:00Z,2026-02-14T13:36:02Z,133.6006,31.4444,0,8.95,8.1300,8.9800,8.8000,48.0000,150.1561,6,,,up,0,0,0,0,1,0,FBA,8.95,6,,,,DERIVED_FROM_SELLER_OBSERVATION_HISTORY,
2026-02-14T13:36:02Z,2026-02-14,UK,TJ-6LOP-OPEU,B08P63MSS9,AHPS0P3VVEPP4,1,2026-02-07T00:00:00Z,2026-02-14T13:36:02Z,133.6006,31.4444,0,9.88,9.8800,9.8800,9.8800,181.6006,181.6006,0,,,flat,0,1,1,0,0,1,FBM,8.95,6,,,,DERIVED_FROM_SELLER_OBSERVATION_HISTORY,
2026-02-14T13:36:02Z,2026-02-14,UK,VF-3T0K-DR5O,B08KFFY86W,A1EGWKJ2C3AMWH,1,2026-02-07T00:00:00Z,2026-02-14T13:36:02Z,133.6006,31.4444,0,5.05,5.0500,5.0500,5.0500,181.6006,181.6006,0,,,flat,0,0,0,0,1,0,FBA,5.35,0,,,,DERIVED_FROM_SELLER_OBSERVATION_HISTORY,
2026-02-14T13:36:02Z,2026-02-14,UK,VF-3T0K-DR5O,B08KFFY86W,A1PDJFYGLPZ86M,1,2026-02-07T00:00:00Z,2026-02-14T13:36:02Z,133.6006,31.4444,0,4.88,4.8800,4.8800,4.8800,181.6006,181.6006,0,,,flat,0,0,0,0,1,0,FBA,5.35,0,,,,DERIVED_FROM_SELLER_OBSERVATION_HISTORY,
2026-02-14T13:36:02Z,2026-02-14,UK,VF-3T0K-DR5O,B08KFFY86W,A1R64IUNVWPSMR,1,2026-02-07T00:00:00Z,2026-02-14T13:36:02Z,133.6006,31.4444,0,9.55,9.5500,9.5500,9.5500,181.6006,181.6006,0,,,flat,0,2,3,1,0,2,FBM,5.35,0,,,,DERIVED_FROM_SELLER_OBSERVATION_HISTORY,
2026-02-14T13:36:02Z,2026-02-14,UK,VF-3T0K-DR5O,B08KFFY86W,A21NMD767VKPKA,1,2026-02-07T00:00:00Z,2026-02-14T13:36:02Z,133.6006,31.4444,0,4.89,4.8900,4.8900,4.8900,181.6006,181.6006,0,,,flat,0,0,0,0,1,0,FBA,5.35,0,,,,DERIVED_FROM_SELLER_OBSERVATION_HISTORY,
2026-02-14T13:36:02Z,2026-02-14,UK,VF-3T0K-DR5O,B08KFFY86W,A2E1OBJJDHI305,1,2026-02-07T00:00:00Z,2026-02-14T13:36:02Z,133.6006,31.4444,0,5.09,5.0900,5.1400,5.1400,181.6006,181.6006,1,,,down,1,1,1,0,0,1,FBM,5.35,0,,,,DERIVED_FROM_SELLER_OBSERVATION_HISTORY,
2026-02-14T13:36:02Z,2026-02-14,UK,VF-3T0K-DR5O,B08KFFY86W,A2JHK2RGHEOXUY,1,2026-02-07T00:00:00Z,2026-02-14T13:36:02Z,133.6006,31.4444,0,4.85,4.8500,4.8900,4.8500,157.6006,72.0000,2,,,flat,0,0,0,0,1,0,FBA,5.35,0,,,,DERIVED_FROM_SELLER_OBSERVATION_HISTORY,
2026-02-14T13:36:02Z,2026-02-14,UK,VF-3T0K-DR5O,B08KFFY86W,A2MSCEFUU7IF9P,1,2026-02-07T00:00:00Z,2026-02-14T13:36:02Z,133.6006,31.4444,0,4.85,4.8500,4.8500,4.8500,181.6006,181.6006,0,,,flat,0,0,0,0,1,0,FBA,5.35,0,,,,DERIVED_FROM_SELLER_OBSERVATION_HISTORY,
2026-02-14T13:36:02Z,2026-02-14,UK,VF-3T0K-DR5O,B08KFFY86W,A2V6U7OVTWHOIQ,1,2026-02-07T00:00:00Z,2026-02-14T13:36:02Z,133.6006,31.4444,0,6.5,6.5000,6.5000,6.5000,181.6006,181.6006,0,,,flat,0,0,0,0,1,0,FBA,5.35,0,,,,DERIVED_FROM_SELLER_OBSERVATION_HISTORY,
2026-02-14T13:36:02Z,2026-02-14,UK,VF-3T0K-DR5O,B08KFFY86W,A2YMCJJAZ04D29,1,2026-02-07T00:00:00Z,2026-02-14T13:36:02Z,133.6006,31.4444,0,5.05,5.0500,5.0500,5.0500,181.6006,181.6006,0,,,flat,0,0,0,0,1,0,FBA,5.35,0,,,,DERIVED_FROM_SELLER_OBSERVATION_HISTORY,
2026-02-14T13:36:02Z,2026-02-14,UK,VF-3T0K-DR5O,B08KFFY86W,A31WWR0DZ1UNBI,1,2026-02-07T00:00:00Z,2026-02-14T13:36:02Z,133.6006,31.4444,0,5.24,5.2400,5.2400,5.2400,181.6006,181.6006,0,,,flat,0,0,0,0,1,0,FBA,5.35,0,,,,DERIVED_FROM_SELLER_OBSERVATION_HISTORY,
2026-02-14T13:36:02Z,2026-02-14,UK,VF-3T0K-DR5O,B08KFFY86W,A328TDCKZBQUHR,1,2026-02-07T00:00:00Z,2026-02-14T13:36:02Z,133.6006,31.4444,0,5.15,5.1500,5.1500,5.1500,181.6006,181.6006,0,,,flat,0,0,0,0,1,0,FBA,5.35,0,,,,DERIVED_FROM_SELLER_OBSERVATION_HISTORY,
2026-02-14T13:36:02Z,2026-02-14,UK,VF-3T0K-DR5O,B08KFFY86W,A3P5ROKL5A1OLE,1,2026-02-07T00:00:00Z,2026-02-14T13:36:02Z,133.6006,31.4444,0,5.29,5.2900,5.2900,5.2900,181.6006,181.6006,0,,,flat,0,0,0,0,1,0,FBA,5.35,0,,,,DERIVED_FROM_SELLER_OBSERVATION_HISTORY,
2026-02-14T13:36:02Z,2026-02-14,UK,VF-3T0K-DR5O,B08KFFY86W,A3U8ECAOXIZYV1,1,2026-02-07T00:00:00Z,2026-02-14T13:36:02Z,133.6006,31.4444,0,9.45,9.4500,9.4500,9.4500,181.6006,181.6006,0,,,flat,0,0,0,0,1,0,FBA,5.35,0,,,,DERIVED_FROM_SELLER_OBSERVATION_HISTORY,
2026-02-14T13:36:02Z,2026-02-14,UK,VF-3T0K-DR5O,B08KFFY86W,A3VZBF976O8DK2,1,2026-02-07T00:00:00Z,2026-02-14T13:36:02Z,133.6006,31.4444,0,11.99,11.9900,11.9900,11.9900,181.6006,181.6006,0,,,flat,0,0,0,0,1,0,FBA,5.35,0,,,,DERIVED_FROM_SELLER_OBSERVATION_HISTORY,
2026-02-14T13:36:02Z,2026-02-14,UK,VF-3T0K-DR5O,B08KFFY86W,A6LWA092O6PLA,1,2026-02-07T00:00:00Z,2026-02-14T13:36:02Z,133.6006,31.4444,0,4.85,4.8500,4.8500,4.8500,181.6006,181.6006,0,,,flat,0,0,0,0,1,0,FBA,5.35,0,,,,DERIVED_FROM_SELLER_OBSERVATION_HISTORY,
2026-02-14T13:36:02Z,2026-02-14,UK,VF-3T0K-DR5O,B08KFFY86W,AB5OM860MS57Z,1,2026-02-07T00:00:00Z,2026-02-14T13:36:02Z,133.6006,31.4444,0,5.35,5.3500,5.3500,5.3500,181.6006,181.6006,0,,,flat,0,0,0,0,1,0,FBA,5.35,0,,,,DERIVED_FROM_SELLER_OBSERVATION_HISTORY,
2026-02-14T13:36:02Z,2026-02-14,UK,VF-3T0K-DR5O,B08KFFY86W,AJO4HUCJKGM4X,1,2026-02-07T00:00:00Z,2026-02-14T13:36:02Z,133.6006,31.4444,0,6.37,6.3700,6.3700,6.3700,181.6006,181.6006,0,,,flat,0,0,0,0,1,0,FBA,5.35,0,,,,DERIVED_FROM_SELLER_OBSERVATION_HISTORY,
2026-02-14T13:36:02Z,2026-02-14,UK,VF-3T0K-DR5O,B08KFFY86W,AWDEFA1PV5DF7,1,2026-02-10T00:00:00Z,2026-02-14T13:36:02Z,109.6006,31.4444,0,6.5,6.5000,6.5000,6.5000,109.6006,109.6006,0,,,flat,0,0,0,0,0,0,FBM,5.35,0,,,,DERIVED_FROM_SELLER_OBSERVATION_HISTORY,
2026-02-14T13:36:02Z,2026-02-14,UK,XH-0LAE-FQO5,B00AOES9GE,A1EGWKJ2C3AMWH,1,2026-02-07T00:00:00Z,2026-02-14T13:36:02Z,133.6006,31.4444,0,6.7,6.7000,6.9900,6.7000,181.6006,72.0000,1,,,down,1,0,0,0,1,0,FBA,6.9,0,,,,DERIVED_FROM_SELLER_OBSERVATION_HISTORY,
2026-02-14T13:36:02Z,2026-02-14,UK,XH-0LAE-FQO5,B00AOES9GE,A2V6U7OVTWHOIQ,1,2026-02-07T00:00:00Z,2026-02-14T13:36:02Z,133.6006,31.4444,0,6.8,6.7500,6.8000,6.8000,72.0000,181.6006,1,,,up,0,0,0,0,1,0,FBA,6.9,0,,,,DERIVED_FROM_SELLER_OBSERVATION_HISTORY,
2026-02-14T13:36:02Z,2026-02-14,UK,XH-0LAE-FQO5,B00AOES9GE,A2YMCJJAZ04D29,1,2026-02-07T00:00:00Z,2026-02-14T13:36:02Z,133.6006,31.4444,0,6.7,6.7000,6.7500,6.7000,181.6006,96.0000,1,,,down,1,0,0,0,1,0,FBA,6.9,0,,,,DERIVED_FROM_SELLER_OBSERVATION_HISTORY,
2026-02-14T13:36:02Z,2026-02-14,UK,XH-0LAE-FQO5,B00AOES9GE,AB5OM860MS57Z,1,2026-02-07T00:00:00Z,2026-02-14T13:36:02Z,133.6006,31.4444,0,6.9,6.9000,6.9000,6.9000,181.6006,181.6006,0,,,flat,0,0,0,0,1,0,FBA,6.9,0,,,,DERIVED_FROM_SELLER_OBSERVATION_HISTORY,
2026-02-14T13:36:02Z,2026-02-14,UK,XH-0LAE-FQO5,B00AOES9GE,ASUZJJAO5898W,1,2026-02-13T06:09:22Z,2026-02-14T13:36:02Z,31.4444,31.4444,0,6.7,6.7000,6.7000,6.7000,31.4444,31.4444,0,,,flat,0,0,4,4,1,0,FBA,6.9,0,,,,DERIVED_FROM_SELLER_OBSERVATION_HISTORY,
2026-02-14T13:36:02Z,2026-02-14,UK,XY-UM2X-TPS3,B003VTZAM0,A1JBSHTRJ4VCVO,1,2026-02-07T00:00:00Z,2026-02-14T13:36:02Z,133.6006,31.4444,0,10.85,10.8500,11.2000,11.2000,181.6006,181.6006,1,,,down,1,0,0,0,1,0,FBA,11.47,0,,,,DERIVED_FROM_SELLER_OBSERVATION_HISTORY,
2026-02-14T13:36:02Z,2026-02-14,UK,XY-UM2X-TPS3,B003VTZAM0,A26DO76QVK1JFR,1,2026-02-07T00:00:00Z,2026-02-14T13:36:02Z,133.6006,31.4444,0,11.99,11.9900,11.9900,11.9900,181.6006,181.6006,0,,,flat,0,0,0,0,1,0,FBA,11.47,0,,,,DERIVED_FROM_SELLER_OBSERVATION_HISTORY,
2026-02-14T13:36:02Z,2026-02-14,UK,XY-UM2X-TPS3,B003VTZAM0,A2F2QWF9KOYS5K,1,2026-02-07T00:00:00Z,2026-02-14T13:36:02Z,133.6006,31.4444,0,10.99,10.9900,10.9900,10.9900,181.6006,181.6006,0,,,flat,0,1,1,0,0,1,FBM,11.47,0,,,,DERIVED_FROM_SELLER_OBSERVATION_HISTORY,
2026-02-14T13:36:02Z,2026-02-14,UK,XY-UM2X-TPS3,B003VTZAM0,A2I9GFK5QTOYYM,1,2026-02-07T00:00:00Z,2026-02-14T13:36:02Z,133.6006,31.4444,0,11.44,11.4400,11.4400,11.4400,181.6006,181.6006,0,,,flat,0,0,0,0,1,0,FBA,11.47,0,,,,DERIVED_FROM_SELLER_OBSERVATION_HISTORY,
2026-02-14T13:36:02Z,2026-02-14,UK,XY-UM2X-TPS3,B003VTZAM0,A31LES58YOQ58B,1,2026-02-07T00:00:00Z,2026-02-14T13:36:02Z,133.6006,31.4444,0,11.6,11.6000,11.6000,11.6000,181.6006,181.6006,0,,,flat,0,0,0,0,1,0,FBA,11.47,0,,,,DERIVED_FROM_SELLER_OBSERVATION_HISTORY,
2026-02-14T13:36:02Z,2026-02-14,UK,XY-UM2X-TPS3,B003VTZAM0,A31WWR0DZ1UNBI,1,2026-02-14T13:36:02Z,2026-02-14T13:36:02Z,0.0000,,0,9.99,9.9900,9.9900,9.9900,0.0000,0.0000,0,,,flat,0,0,5,5,1,0,FBA,11.47,0,,,,DERIVED_FROM_SELLER_OBSERVATION_HISTORY,
2026-02-14T13:36:02Z,2026-02-14,UK,XY-UM2X-TPS3,B003VTZAM0,A3HM7WA2CBSOPA,1,2026-02-07T00:00:00Z,2026-02-14T13:36:02Z,133.6006,31.4444,0,10.92,10.9200,10.9200,10.9200,181.6006,181.6006,0,,,flat,0,4,5,1,0,4,FBM,11.47,0,,,,DERIVED_FROM_SELLER_OBSERVATION_HISTORY,
2026-02-14T13:36:02Z,2026-02-14,UK,XY-UM2X-TPS3,B003VTZAM0,AB5OM860MS57Z,1,2026-02-07T00:00:00Z,2026-02-14T13:36:02Z,133.6006,31.4444,0,11.47,11.4700,11.4700,11.4700,181.6006,181.6006,0,,,flat,0,0,0,0,1,0,FBA,11.47,0,,,,DERIVED_FROM_SELLER_OBSERVATION_HISTORY,
2026-02-14T13:36:02Z,2026-02-14,UK,XY-UM2X-TPS3,B003VTZAM0,AHND7IKI8FHV3,1,2026-02-07T00:00:00Z,2026-02-14T13:36:02Z,133.6006,31.4444,0,11.54,11.5400,11.5400,11.5400,181.6006,181.6006,0,,,flat,0,1,2,1,0,1,FBM,11.47,0,,,,DERIVED_FROM_SELLER_OBSERVATION_HISTORY,
2026-02-14T13:36:02Z,2026-02-14,UK,XY-UM2X-TPS3,B003VTZAM0,ATUCW8T149Y55,1,2026-02-07T00:00:00Z,2026-02-14T13:36:02Z,31.4444,31.4444,0,11.59,11.5900,11.5900,11.5900,181.6006,181.6006,0,,,flat,0,2,3,1,0,2,FBM,11.47,0,,,,DERIVED_FROM_SELLER_OBSERVATION_HISTORY,
2026-02-14T13:36:02Z,2026-02-14,UK,XY-UM2X-TPS3,B003VTZAM0,AWANDGFK915DA,1,2026-02-07T00:00:00Z,2026-02-14T13:36:02Z,133.6006,31.4444,0,9.99,9.9900,9.9900,9.9900,181.6006,181.6006,0,,,flat,0,0,0,0,1,0,FBM,11.47,0,,,,DERIVED_FROM_SELLER_OBSERVATION_HISTORY,
2026-02-14T13:36:02Z,2026-02-14,UK,YC-3L3M-BV48,B0CTD6Q6KY,A3P5ROKL5A1OLE,1,2026-02-07T00:00:00Z,2026-02-14T13:36:02Z,133.6006,31.4444,0,105.95,105.9500,105.9500,105.9500,181.6006,181.6006,0,,,flat,0,0,0,0,1,0,FBM,79.0,2,,,,DERIVED_FROM_SELLER_OBSERVATION_HISTORY,
2026-02-14T13:36:02Z,2026-02-14,UK,YC-3L3M-BV48,B0CTD6Q6KY,AB5OM860MS57Z,1,2026-02-07T00:00:00Z,2026-02-14T13:36:02Z,133.6006,31.4444,0,79.0,74.2600,79.2400,74.2600,150.1561,181.6006,2,,,flat,0,0,0,0,1,0,FBA,79.0,2,,,,DERIVED_FROM_SELLER_OBSERVATION_HISTORY,
2026-02-14T13:36:02Z,2026-02-14,UK,YC-3L3M-BV48,B0CTD6Q6KY,AQ20HDTW7QNBM,1,2026-02-07T00:00:00Z,2026-02-14T13:36:02Z,133.6006,31.4444,0,79.0,74.0000,79.0000,74.0000,150.1561,181.6006,1,,,up,0,0,0,0,1,0,FBA,79.0,2,,,,DERIVED_FROM_SELLER_OBSERVATION_HISTORY,
2026-02-16T14:31:55Z,2026-02-16,UK,4W-VS57-BV6A,B0C9LJNJWZ,A16ZATMMFE8J3Y,1,2026-02-07T00:00:00Z,2026-02-16T14:31:55Z,0.0000,48.9314,1,35.99,35.9900,35.9900,35.9900,230.5319,230.5319,0,,,flat,0,0,0,0,1,0,FBM,35.91,0,,,,DERIVED_FROM_SELLER_OBSERVATION_HISTORY,
2026-02-16T14:31:55Z,2026-02-16,UK,4W-VS57-BV6A,B0C9LJNJWZ,A1U2WCBY9FQRJ5,1,2026-02-07T00:00:00Z,2026-02-16T14:31:55Z,0.0000,48.9314,1,38.38,38.3800,38.3800,38.3800,230.5319,230.5319,0,,,flat,0,1,2,1,0,1,FBM,35.91,0,,,,DERIVED_FROM_SELLER_OBSERVATION_HISTORY,
2026-02-16T14:31:55Z,2026-02-16,UK,4W-VS57-BV6A,B0C9LJNJWZ,A23VLR5KYFT1PR,1,2026-02-07T00:00:00Z,2026-02-16T14:31:55Z,0.0000,48.9314,1,34.99,34.9900,34.9900,34.9900,230.5319,230.5319,0,,,flat,0,0,0,0,1,0,FBA,35.91,0,,,,DERIVED_FROM_SELLER_OBSERVATION_HISTORY,
2026-02-16T14:31:55Z,2026-02-16,UK,4W-VS57-BV6A,B0C9LJNJWZ,A2N6W6R4NFCNBX,1,2026-02-07T00:00:00Z,2026-02-16T14:31:55Z,0.0000,48.9314,1,39.69,39.6900,39.6900,39.6900,230.5319,230.5319,0,,,flat,0,0,0,0,0,0,FBM,35.91,0,,,,DERIVED_FROM_SELLER_OBSERVATION_HISTORY,
2026-02-16T14:31:55Z,2026-02-16,UK,4W-VS57-BV6A,B0C9LJNJWZ,A2UD95CFO7TBZQ,1,2026-02-07T00:00:00Z,2026-02-16T14:31:55Z,0.0000,48.9314,1,35.96,35.9600,35.9600,35.9600,230.5319,230.5319,0,,,flat,0,0,0,0,0,0,FBM,35.91,0,,,,DERIVED_FROM_SELLER_OBSERVATION_HISTORY,
2026-02-16T14:31:55Z,2026-02-16,UK,4W-VS57-BV6A,B0C9LJNJWZ,A30DC7701CXIBH,1,2026-02-07T00:00:00Z,2026-02-16T14:31:55Z,0.0000,48.9314,1,40.27,39.8500,40.2700,40.2700,96.0000,230.5319,1,,,up,0,0,0,0,1,0,FBM,35.91,0,,,,DERIVED_FROM_SELLER_OBSERVATION_HISTORY,
2026-02-16T14:31:55Z,2026-02-16,UK,4W-VS57-BV6A,B0C9LJNJWZ,A3HM7WA2CBSOPA,1,2026-02-07T00:00:00Z,2026-02-16T14:31:55Z,0.0000,48.9314,1,39.12,39.1200,39.1200,39.1200,230.5319,230.5319,0,,,flat,0,1,1,0,0,1,FBM,35.91,0,,,,DERIVED_FROM_SELLER_OBSERVATION_HISTORY,
2026-02-16T14:31:55Z,2026-02-16,UK,4W-VS57-BV6A,B0C9LJNJWZ,A3KTB05DIFHO8V,1,2026-02-07T00:00:00Z,2026-02-16T14:31:55Z,0.0000,48.9314,1,44.99,44.9900,44.9900,44.9900,230.5319,230.5319,0,,,flat,0,1,2,1,0,1,FBM,35.91,0,,,,DERIVED_FROM_SELLER_OBSERVATION_HISTORY,
2026-02-16T14:31:55Z,2026-02-16,UK,4W-VS57-BV6A,B0C9LJNJWZ,A3KTD5M81YFDGM,1,2026-02-07T00:00:00Z,2026-02-16T14:31:55Z,0.0000,48.9314,1,34.99,34.9900,35.5000,35.2450,230.5319,120.0000,1,,,down,1,0,0,0,1,0,FBA,35.91,0,,,,DERIVED_FROM_SELLER_OBSERVATION_HISTORY,
2026-02-16T14:31:55Z,2026-02-16,UK,4W-VS57-BV6A,B0C9LJNJWZ,A3P5ROKL5A1OLE,1,2026-02-07T00:00:00Z,2026-02-16T14:31:55Z,0.0000,48.9314,1,35.0,35.0000,35.0000,35.0000,230.5319,230.5319,0,,,flat,0,0,0,0,1,0,FBA,35.91,0,,,,DERIVED_FROM_SELLER_OBSERVATION_HISTORY,
2026-02-16T14:31:55Z,2026-02-16,UK,4W-VS57-BV6A,B0C9LJNJWZ,AAOJ3B4Z594LC,1,2026-02-07T00:00:00Z,2026-02-16T14:31:55Z,0.0000,48.9314,1,39.06,38.8900,39.2800,38.8900,181.6006,96.9314,3,,,down,1,2,3,1,0,2,FBM,35.91,0,,,,DERIVED_FROM_SELLER_OBSERVATION_HISTORY,
2026-02-16T14:31:55Z,2026-02-16,UK,4W-VS57-BV6A,B0C9LJNJWZ,AB5OM860MS57Z,1,2026-02-07T00:00:00Z,2026-02-16T14:31:55Z,0.0000,48.9314,1,35.91,35.9100,35.9100,35.9100,230.5319,230.5319,0,,,flat,0,0,0,0,1,0,FBA,35.91,0,,,,DERIVED_FROM_SELLER_OBSERVATION_HISTORY,
2026-02-16T14:31:55Z,2026-02-16,UK,4W-VS57-BV6A,B0C9LJNJWZ,AEU2J2P6WG61R,1,2026-02-07T00:00:00Z,2026-02-16T14:31:55Z,0.0000,48.9314,1,37.59,37.5900,37.5900,37.5900,230.5319,230.5319,0,,,flat,0,0,0,0,1,0,FBM,35.91,0,,,,DERIVED_FROM_SELLER_OBSERVATION_HISTORY,
2026-02-16T14:31:55Z,2026-02-16,UK,6V-EEC1-2S9Z,B06WW79DX5,A11RGASXV3EWM4,1,2026-02-07T00:00:00Z,2026-02-16T14:31:55Z,0.0000,48.9314,1,8.99,8.9900,9.5000,9.5000,230.5319,150.1561,1,,,down,1,0,0,0,0,0,FBM,7.99,2,,,,DERIVED_FROM_SELLER_OBSERVATION_HISTORY,
2026-02-16T14:31:55Z,2026-02-16,UK,6V-EEC1-2S9Z,B06WW79DX5,A12MJ1FK852SYB,1,2026-02-07T00:00:00Z,2026-02-16T14:31:55Z,0.0000,48.9314,1,9.99,9.9900,9.9900,9.9900,230.5319,230.5319,0,,,flat,0,0,0,0,0,0,FBM,7.99,2,,,,DERIVED_FROM_SELLER_OBSERVATION_HISTORY,
2026-02-16T14:31:55Z,2026-02-16,UK,6V-EEC1-2S9Z,B06WW79DX5,AB5OM860MS57Z,1,2026-02-07T00:00:00Z,2026-02-16T14:31:55Z,0.0000,48.9314,1,7.99,7.9300,7.9900,7.9900,120.0000,206.5319,2,,,flat,1,0,0,0,1,0,FBA,7.99,2,,,,DERIVED_FROM_SELLER_OBSERVATION_HISTORY,
2026-02-16T14:31:55Z,2026-02-16,UK,6V-EEC1-2S9Z,B06WW79DX5,AKQMAXFWUV730,1,2026-02-07T00:00:00Z,2026-02-16T14:31:55Z,0.0000,48.9314,1,9.99,9.9900,9.9900,9.9900,230.5319,230.5319,0,,,flat,0,0,0,0,0,0,FBM,7.99,2,,,,DERIVED_FROM_SELLER_OBSERVATION_HISTORY,
2026-02-16T14:31:55Z,2026-02-16,UK,6V-EEC1-2S9Z,B06WW79DX5,AM6QF58KGUUM9,1,2026-02-07T00:00:00Z,2026-02-16T14:31:55Z,0.0000,48.9314,1,9.17,9.1700,9.4700,9.1700,206.5319,48.0000,3,,,down,2,0,0,0,0,0,FBM,7.99,2,,,,DERIVED_FROM_SELLER_OBSERVATION_HISTORY,
2026-02-16T14:31:55Z,2026-02-16,UK,6V-EEC1-2S9Z,B06WW79DX5,ATUCW8T149Y55,1,2026-02-07T00:00:00Z,2026-02-16T14:31:55Z,0.0000,48.9314,1,10.99,10.9900,10.9900,10.9900,230.5319,230.5319,0,,,flat,0,2,3,1,0,2,FBM,7.99,2,,,,DERIVED_FROM_SELLER_OBSERVATION_HISTORY,
2026-02-16T14:31:55Z,2026-02-16,UK,AX-NKNU-29C1,B08M52B4M5,A10NUX8SYO930S,1,2026-02-07T00:00:00Z,2026-02-16T14:31:55Z,0.0000,48.9314,1,5.11,5.1100,5.1100,5.1100,230.5319,230.5319,0,,,flat,0,1,2,1,0,1,FBM,3.99,0,,,,DERIVED_FROM_SELLER_OBSERVATION_HISTORY,
2026-02-16T14:31:55Z,2026-02-16,UK,AX-NKNU-29C1,B08M52B4M5,A24VQX7LPBJ2BC,1,2026-02-07T00:00:00Z,2026-02-16T14:31:55Z,0.0000,48.9314,1,1.99,1.9900,1.9900,1.9900,230.5319,230.5319,0,,,flat,0,9,10,1,0,9,FBM,3.99,0,,,,DERIVED_FROM_SELLER_OBSERVATION_HISTORY,
2026-02-16T14:31:55Z,2026-02-16,UK,AX-NKNU-29C1,B08M52B4M5,A2JJBX08NHT52K,1,2026-02-07T00:00:00Z,2026-02-16T14:31:55Z,0.0000,48.9314,1,5.35,5.3500,5.3500,5.3500,230.5319,230.5319,0,,,flat,0,1,2,1,0,1,FBM,3.99,0,,,,DERIVED_FROM_SELLER_OBSERVATION_HISTORY,
2026-02-16T14:31:55Z,2026-02-16,UK,AX-NKNU-29C1,B08M52B4M5,AB5OM860MS57Z,1,2026-02-07T00:00:00Z,2026-02-16T14:31:55Z,0.0000,48.9314,1,3.99,3.9900,3.9900,3.9900,230.5319,230.5319,0,,,flat,0,0,0,0,1,0,FBA,3.99,0,,,,DERIVED_FROM_SELLER_OBSERVATION_HISTORY,
2026-02-16T14:31:55Z,2026-02-16,UK,AX-NKNU-29C1,B08M52B4M5,AUGCSEQQV3XYY,1,2026-02-07T00:00:00Z,2026-02-16T14:31:55Z,0.0000,48.9314,1,4.99,4.9900,4.9900,4.9900,230.5319,230.5319,0,,,flat,0,1,2,1,0,1,FBM,3.99,0,,,,DERIVED_FROM_SELLER_OBSERVATION_HISTORY,
2026-02-16T14:31:55Z,2026-02-16,UK,JB-RGB6-LZOJ,B0001P0DLU,A1I8X3GIQ4LKR5,1,2026-02-07T00:00:00Z,2026-02-16T14:31:55Z,0.0000,48.9314,1,9.68,9.6800,9.6800,9.6800,230.5319,230.5319,0,,,flat,0,1,1,0,0,1,FBM,9.98,3,,,,DERIVED_FROM_SELLER_OBSERVATION_HISTORY,
2026-02-16T14:31:55Z,2026-02-16,UK,JB-RGB6-LZOJ,B0001P0DLU,A24NGU5R55LIUJ,1,2026-02-07T00:00:00Z,2026-02-16T14:31:55Z,0.0000,48.9314,1,7.43,7.4300,7.4300,7.4300,230.5319,230.5319,0,,,flat,0,1,1,0,0,1,FBM,9.98,3,,,,DERIVED_FROM_SELLER_OBSERVATION_HISTORY,
2026-02-16T14:31:55Z,2026-02-16,UK,JB-RGB6-LZOJ,B0001P0DLU,A2PJYYPKZTZJ0V,1,2026-02-07T00:00:00Z,2026-02-16T14:31:55Z,0.0000,48.9314,1,9.95,9.9500,9.9500,9.9500,230.5319,230.5319,0,,,flat,0,1,1,0,0,1,FBM,9.98,3,,,,DERIVED_FROM_SELLER_OBSERVATION_HISTORY,
2026-02-16T14:31:55Z,2026-02-16,UK,JB-RGB6-LZOJ,B0001P0DLU,A38JZE0FB8NDTE,1,2026-02-07T00:00:00Z,2026-02-16T14:31:55Z,0.0000,48.9314,1,8.67,7.0300,8.6700,7.8500,150.1561,230.5319,1,,,up,0,1,1,0,0,1,FBM,9.98,3,,,,DERIVED_FROM_SELLER_OBSERVATION_HISTORY,
2026-02-16T14:31:55Z,2026-02-16,UK,JB-RGB6-LZOJ,B0001P0DLU,A39VTM0CZSRJZA,1,2026-02-07T00:00:00Z,2026-02-16T14:31:55Z,0.0000,48.9314,1,6.75,6.3500,6.7500,6.3500,181.6006,230.5319,1,,,up,0,0,0,0,0,0,FBM,9.98,3,,,,DERIVED_FROM_SELLER_OBSERVATION_HISTORY,
2026-02-16T14:31:55Z,2026-02-16,UK,JB-RGB6-LZOJ,B0001P0DLU,A3HM7WA2CBSOPA,1,2026-02-07T00:00:00Z,2026-02-16T14:31:55Z,0.0000,48.9314,1,6.91,6.9100,6.9100,6.9100,230.5319,230.5319,0,,,flat,0,2,3,1,0,2,FBM,9.98,3,,,,DERIVED_FROM_SELLER_OBSERVATION_HISTORY,
2026-02-16T14:31:55Z,2026-02-16,UK,JB-RGB6-LZOJ,B0001P0DLU,A3SK1E64BDMB7W,1,2026-02-07T00:00:00Z,2026-02-16T14:31:55Z,0.0000,48.9314,1,12.56,12.0600,12.5600,12.5600,72.0000,230.5319,1,,,up,0,1,1,0,0,1,FBM,9.98,3,,,,DERIVED_FROM_SELLER_OBSERVATION_HISTORY,
2026-02-16T14:31:55Z,2026-02-16,UK,JB-RGB6-LZOJ,B0001P0DLU,A3V2W4NCHQN1W7,1,2026-02-07T00:00:00Z,2026-02-16T14:31:55Z,0.0000,48.9314,1,10.21,10.2100,10.2100,10.2100,230.5319,230.5319,0,,,flat,0,0,0,0,1,0,FBM,9.98,3,,,,DERIVED_FROM_SELLER_OBSERVATION_HISTORY,
2026-02-16T14:31:55Z,2026-02-16,UK,JB-RGB6-LZOJ,B0001P0DLU,AB5OM860MS57Z,1,2026-02-07T00:00:00Z,2026-02-16T14:31:55Z,0.0000,48.9314,1,9.98,6.1300,9.9900,9.9850,48.0000,181.6006,3,,,up,0,0,0,0,1,0,FBA,9.98,3,,,,DERIVED_FROM_SELLER_OBSERVATION_HISTORY,
2026-02-16T14:31:55Z,2026-02-16,UK,JB-RGB6-LZOJ,B0001P0DLU,AKBY7ZMYYJKZC,1,2026-02-07T00:00:00Z,2026-02-16T14:31:55Z,0.0000,48.9314,1,6.9,6.9000,6.9000,6.9000,230.5319,230.5319,0,,,flat,0,1,1,0,0,1,FBM,9.98,3,,,,DERIVED_FROM_SELLER_OBSERVATION_HISTORY,
2026-02-16T14:31:55Z,2026-02-16,UK,JB-RGB6-LZOJ,B0001P0DLU,AY357ZGTL1GSV,1,2026-02-07T00:00:00Z,2026-02-16T14:31:55Z,0.0000,48.9314,1,7.8,7.8000,7.8000,7.8000,230.5319,230.5319,0,,,flat,0,1,1,0,0,1,FBM,9.98,3,,,,DERIVED_FROM_SELLER_OBSERVATION_HISTORY,
2026-02-16T14:31:55Z,2026-02-16,UK,L1-54EX-56YC,B09445GL1C,A1DAYMAX3O8XTV,1,2026-02-16T14:31:55Z,2026-02-16T14:31:55Z,0.0000,,0,15.74,15.7400,15.7400,15.7400,0.0000,0.0000,0,,,flat,0,0,0,0,1,0,FBA,14.3,0,,,,DERIVED_FROM_SELLER_OBSERVATION_HISTORY,
2026-02-16T14:31:55Z,2026-02-16,UK,L1-54EX-56YC,B09445GL1C,A1P7PKAFGZHTEE,1,2026-02-16T14:31:55Z,2026-02-16T14:31:55Z,0.0000,,0,16.99,16.9900,16.9900,16.9900,0.0000,0.0000,0,,,flat,0,1,1,0,0,1,FBM,14.3,0,,,,DERIVED_FROM_SELLER_OBSERVATION_HISTORY,
2026-02-16T14:31:55Z,2026-02-16,UK,L1-54EX-56YC,B09445GL1C,A20Z9N2SH0I9BC,1,2026-02-16T14:31:55Z,2026-02-16T14:31:55Z,0.0000,,0,14.3,14.3000,14.3000,14.3000,0.0000,0.0000,0,,,flat,0,0,0,0,1,0,FBA,14.3,0,,,,DERIVED_FROM_SELLER_OBSERVATION_HISTORY,
2026-02-16T14:31:55Z,2026-02-16,UK,L1-54EX-56YC,B09445GL1C,A292BGT65ET8F0,1,2026-02-16T14:31:55Z,2026-02-16T14:31:55Z,0.0000,,0,13.7,13.7000,13.7000,13.7000,0.0000,0.0000,0,,,flat,0,0,0,0,0,0,FBM,14.3,0,,,,DERIVED_FROM_SELLER_OBSERVATION_HISTORY,
2026-02-16T14:31:55Z,2026-02-16,UK,L1-54EX-56YC,B09445GL1C,AB5OM860MS57Z,1,2026-02-16T14:31:55Z,2026-02-16T14:31:55Z,0.0000,,0,14.3,14.3000,14.3000,14.3000,0.0000,0.0000,0,,,flat,0,0,0,0,1,0,FBA,14.3,0,,,,DERIVED_FROM_SELLER_OBSERVATION_HISTORY,
2026-02-16T14:31:55Z,2026-02-16,UK,RZ-6ZL9-CZ7J,B075XT2J8X,A11153KMTVDZI1,1,2026-02-07T00:00:00Z,2026-02-16T14:31:55Z,0.0000,48.9314,1,6.6,6.6000,6.6000,6.6000,230.5319,230.5319,0,,,flat,0,0,0,0,1,0,FBA,6.97,0,,,,DERIVED_FROM_SELLER_OBSERVATION_HISTORY,
2026-02-16T14:31:55Z,2026-02-16,UK,RZ-6ZL9-CZ7J,B075XT2J8X,A15X20ZKTLRSBW,1,2026-02-07T00:00:00Z,2026-02-16T14:31:55Z,0.0000,48.9314,1,6.35,6.3500,6.3500,6.3500,230.5319,230.5319,0,,,flat,0,0,0,0,1,0,FBA,6.97,0,,,,DERIVED_FROM_SELLER_OBSERVATION_HISTORY,
2026-02-16T14:31:55Z,2026-02-16,UK,RZ-6ZL9-CZ7J,B075XT2J8X,A196JBKNW3T4BS,1,2026-02-07T00:00:00Z,2026-02-16T14:31:55Z,0.0000,48.9314,1,3.27,3.2700,3.2700,3.2700,230.5319,230.5319,0,,,flat,0,1,1,0,0,1,FBM,6.97,0,,,,DERIVED_FROM_SELLER_OBSERVATION_HISTORY,
2026-02-16T14:31:55Z,2026-02-16,UK,RZ-6ZL9-CZ7J,B075XT2J8X,A1QKNW4W5SPM7T,1,2026-02-07T00:00:00Z,2026-02-16T14:31:55Z,0.0000,48.9314,1,7.61,7.6100,7.6100,7.6100,230.5319,230.5319,0,,,flat,0,1,1,0,0,1,FBM,6.97,0,,,,DERIVED_FROM_SELLER_OBSERVATION_HISTORY,
2026-02-16T14:31:55Z,2026-02-16,UK,RZ-6ZL9-CZ7J,B075XT2J8X,A1R64IUNVWPSMR,1,2026-02-07T00:00:00Z,2026-02-16T14:31:55Z,0.0000,48.9314,1,7.47,7.4700,7.4700,7.4700,230.5319,230.5319,0,,,flat,0,2,3,1,0,2,FBM,6.97,0,,,,DERIVED_FROM_SELLER_OBSERVATION_HISTORY,
2026-02-16T14:31:55Z,2026-02-16,UK,RZ-6ZL9-CZ7J,B075XT2J8X,A2JJBX08NHT52K,1,2026-02-07T00:00:00Z,2026-02-16T14:31:55Z,0.0000,48.9314,1,5.07,5.0700,5.0700,5.0700,230.5319,230.5319,0,,,flat,0,1,2,1,0,1,FBM,6.97,0,,,,DERIVED_FROM_SELLER_OBSERVATION_HISTORY,
2026-02-16T14:31:55Z,2026-02-16,UK,RZ-6ZL9-CZ7J,B075XT2J8X,A35UPYDMLICYZX,1,2026-02-07T00:00:00Z,2026-02-16T14:31:55Z,0.0000,48.9314,1,10.56,10.5600,10.5600,10.5600,230.5319,230.5319,0,,,flat,0,1,1,0,0,1,FBM,6.97,0,,,,DERIVED_FROM_SELLER_OBSERVATION_HISTORY,
2026-02-16T14:31:55Z,2026-02-16,UK,RZ-6ZL9-CZ7J,B075XT2J8X,A3C70I7GKRCETI,1,2026-02-07T00:00:00Z,2026-02-16T14:31:55Z,0.0000,48.9314,1,6.35,6.3500,6.3500,6.3500,230.5319,230.5319,0,,,flat,0,0,0,0,1,0,FBA,6.97,0,,,,DERIVED_FROM_SELLER_OBSERVATION_HISTORY,
2026-02-16T14:31:55Z,2026-02-16,UK,RZ-6ZL9-CZ7J,B075XT2J8X,A6VPZZ5FEXGVE,1,2026-02-07T00:00:00Z,2026-02-16T14:31:55Z,0.0000,48.9314,1,8.99,8.9900,8.9900,8.9900,230.5319,230.5319,0,,,flat,0,1,1,0,0,1,FBM,6.97,0,,,,DERIVED_FROM_SELLER_OBSERVATION_HISTORY,
2026-02-16T14:31:55Z,2026-02-16,UK,RZ-6ZL9-CZ7J,B075XT2J8X,AB5OM860MS57Z,1,2026-02-07T00:00:00Z,2026-02-16T14:31:55Z,0.0000,48.9314,1,6.97,6.9700,6.9700,6.9700,230.5319,230.5319,0,,,flat,0,0,0,0,1,0,FBA,6.97,0,,,,DERIVED_FROM_SELLER_OBSERVATION_HISTORY,
2026-02-16T14:31:55Z,2026-02-16,UK,RZ-6ZL9-CZ7J,B075XT2J8X,AQ5QH5GRISO14,1,2026-02-12T00:00:00Z,2026-02-16T14:31:55Z,0.0000,48.9314,1,6.6,6.6000,6.6000,6.6000,110.5319,110.5319,0,,,flat,0,1,1,0,1,1,FBA,6.97,0,,,,DERIVED_FROM_SELLER_OBSERVATION_HISTORY,
2026-02-16T14:31:55Z,2026-02-16,UK,TJ-6LOP-OPEU,B08P63MSS9,A2FWYQ039SD442,1,2026-02-07T00:00:00Z,2026-02-16T14:31:55Z,0.0000,48.9314,1,8.98,8.1300,8.9800,8.8750,48.0000,150.1561,7,,,up,0,0,0,0,1,0,FBA,8.98,7,,,,DERIVED_FROM_SELLER_OBSERVATION_HISTORY,
2026-02-16T14:31:55Z,2026-02-16,UK,TJ-6LOP-OPEU,B08P63MSS9,A2JJBX08NHT52K,1,2026-02-07T00:00:00Z,2026-02-16T14:31:55Z,0.0000,48.9314,1,4.61,4.6100,4.6100,4.6100,230.5319,230.5319,0,,,flat,0,1,2,1,0,1,FBM,8.98,7,,,,DERIVED_FROM_SELLER_OBSERVATION_HISTORY,
2026-02-16T14:31:55Z,2026-02-16,UK,TJ-6LOP-OPEU,B08P63MSS9,A3IIOPC5WY6KKR,1,2026-02-07T00:00:00Z,2026-02-16T14:31:55Z,0.0000,48.9314,1,8.68,8.1200,8.6800,8.6800,48.0000,230.5319,3,,,up,0,1,2,1,0,1,FBM,8.98,7,,,,DERIVED_FROM_SELLER_OBSERVATION_HISTORY,
2026-02-16T14:31:55Z,2026-02-16,UK,TJ-6LOP-OPEU,B08P63MSS9,AB5OM860MS57Z,1,2026-02-07T00:00:00Z,2026-02-16T14:31:55Z,0.0000,48.9314,1,8.98,8.1300,8.9800,8.8750,48.0000,150.1561,7,,,up,0,0,0,0,1,0,FBA,8.98,7,,,,DERIVED_FROM_SELLER_OBSERVATION_HISTORY,
2026-02-16T14:31:55Z,2026-02-16,UK,TJ-6LOP-OPEU,B08P63MSS9,AHPS0P3VVEPP4,1,2026-02-07T00:00:00Z,2026-02-16T14:31:55Z,0.0000,48.9314,1,9.88,9.8800,9.8800,9.8800,230.5319,230.5319,0,,,flat,0,1,1,0,0,1,FBM,8.98,7,,,,DERIVED_FROM_SELLER_OBSERVATION_HISTORY,
2026-02-16T14:31:55Z,2026-02-16,UK,VF-3T0K-DR5O,B08KFFY86W,A1EGWKJ2C3AMWH,1,2026-02-07T00:00:00Z,2026-02-16T14:31:55Z,0.0000,48.9314,1,5.05,5.0500,5.0500,5.0500,230.5319,230.5319,0,,,flat,0,0,0,0,1,0,FBA,5.35,0,,,,DERIVED_FROM_SELLER_OBSERVATION_HISTORY,
2026-02-16T14:31:55Z,2026-02-16,UK,VF-3T0K-DR5O,B08KFFY86W,A1PDJFYGLPZ86M,1,2026-02-07T00:00:00Z,2026-02-16T14:31:55Z,0.0000,48.9314,1,4.88,4.8800,4.8800,4.8800,230.5319,230.5319,0,,,flat,0,0,0,0,1,0,FBA,5.35,0,,,,DERIVED_FROM_SELLER_OBSERVATION_HISTORY,
2026-02-16T14:31:55Z,2026-02-16,UK,VF-3T0K-DR5O,B08KFFY86W,A1R64IUNVWPSMR,1,2026-02-07T00:00:00Z,2026-02-16T14:31:55Z,0.0000,48.9314,1,9.55,9.5500,9.5500,9.5500,230.5319,230.5319,0,,,flat,0,2,3,1,0,2,FBM,5.35,0,,,,DERIVED_FROM_SELLER_OBSERVATION_HISTORY,
2026-02-16T14:31:55Z,2026-02-16,UK,VF-3T0K-DR5O,B08KFFY86W,A21NMD767VKPKA,1,2026-02-07T00:00:00Z,2026-02-16T14:31:55Z,0.0000,48.9314,1,4.89,4.8900,4.8900,4.8900,230.5319,230.5319,0,,,flat,0,0,0,0,1,0,FBA,5.35,0,,,,DERIVED_FROM_SELLER_OBSERVATION_HISTORY,
2026-02-16T14:31:55Z,2026-02-16,UK,VF-3T0K-DR5O,B08KFFY86W,A2JHK2RGHEOXUY,1,2026-02-07T00:00:00Z,2026-02-16T14:31:55Z,0.0000,48.9314,1,4.85,4.8500,4.8900,4.8500,206.5319,72.0000,2,,,flat,0,0,0,0,1,0,FBA,5.35,0,,,,DERIVED_FROM_SELLER_OBSERVATION_HISTORY,
2026-02-16T14:31:55Z,2026-02-16,UK,VF-3T0K-DR5O,B08KFFY86W,A2MSCEFUU7IF9P,1,2026-02-07T00:00:00Z,2026-02-16T14:31:55Z,0.0000,48.9314,1,4.85,4.8500,4.8500,4.8500,230.5319,230.5319,0,,,flat,0,0,0,0,1,0,FBA,5.35,0,,,,DERIVED_FROM_SELLER_OBSERVATION_HISTORY,
2026-02-16T14:31:55Z,2026-02-16,UK,VF-3T0K-DR5O,B08KFFY86W,A2V6U7OVTWHOIQ,1,2026-02-07T00:00:00Z,2026-02-16T14:31:55Z,0.0000,48.9314,1,6.5,6.5000,6.5000,6.5000,230.5319,230.5319,0,,,flat,0,0,0,0,1,0,FBA,5.35,0,,,,DERIVED_FROM_SELLER_OBSERVATION_HISTORY,
2026-02-16T14:31:55Z,2026-02-16,UK,VF-3T0K-DR5O,B08KFFY86W,A2YMCJJAZ04D29,1,2026-02-07T00:00:00Z,2026-02-16T14:31:55Z,0.0000,48.9314,1,5.05,5.0500,5.0500,5.0500,230.5319,230.5319,0,,,flat,0,0,0,0,1,0,FBA,5.35,0,,,,DERIVED_FROM_SELLER_OBSERVATION_HISTORY,
2026-02-16T14:31:55Z,2026-02-16,UK,VF-3T0K-DR5O,B08KFFY86W,A31WWR0DZ1UNBI,1,2026-02-07T00:00:00Z,2026-02-16T14:31:55Z,0.0000,48.9314,1,5.24,5.2400,5.2400,5.2400,230.5319,230.5319,0,,,flat,0,0,0,0,1,0,FBA,5.35,0,,,,DERIVED_FROM_SELLER_OBSERVATION_HISTORY,
2026-02-16T14:31:55Z,2026-02-16,UK,VF-3T0K-DR5O,B08KFFY86W,A328TDCKZBQUHR,1,2026-02-07T00:00:00Z,2026-02-16T14:31:55Z,0.0000,48.9314,1,5.15,5.1500,5.1500,5.1500,230.5319,230.5319,0,,,flat,0,0,0,0,1,0,FBA,5.35,0,,,,DERIVED_FROM_SELLER_OBSERVATION_HISTORY,
2026-02-16T14:31:55Z,2026-02-16,UK,VF-3T0K-DR5O,B08KFFY86W,A3P5ROKL5A1OLE,1,2026-02-07T00:00:00Z,2026-02-16T14:31:55Z,0.0000,48.9314,1,7.0,5.2900,7.0000,5.2900,230.5319,230.5319,1,,,up,0,0,0,0,1,0,FBA,5.35,0,,,,DERIVED_FROM_SELLER_OBSERVATION_HISTORY,
2026-02-16T14:31:55Z,2026-02-16,UK,VF-3T0K-DR5O,B08KFFY86W,A3U8ECAOXIZYV1,1,2026-02-07T00:00:00Z,2026-02-16T14:31:55Z,0.0000,48.9314,1,9.45,9.4500,9.4500,9.4500,230.5319,230.5319,0,,,flat,0,0,0,0,1,0,FBA,5.35,0,,,,DERIVED_FROM_SELLER_OBSERVATION_HISTORY,
2026-02-16T14:31:55Z,2026-02-16,UK,VF-3T0K-DR5O,B08KFFY86W,A3VZBF976O8DK2,1,2026-02-07T00:00:00Z,2026-02-16T14:31:55Z,0.0000,48.9314,1,11.99,11.9900,11.9900,11.9900,230.5319,230.5319,0,,,flat,0,0,0,0,1,0,FBA,5.35,0,,,,DERIVED_FROM_SELLER_OBSERVATION_HISTORY,
2026-02-16T14:31:55Z,2026-02-16,UK,VF-3T0K-DR5O,B08KFFY86W,A6LWA092O6PLA,1,2026-02-07T00:00:00Z,2026-02-16T14:31:55Z,0.0000,48.9314,1,4.85,4.8500,4.8500,4.8500,230.5319,230.5319,0,,,flat,0,0,0,0,1,0,FBA,5.35,0,,,,DERIVED_FROM_SELLER_OBSERVATION_HISTORY,
2026-02-16T14:31:55Z,2026-02-16,UK,VF-3T0K-DR5O,B08KFFY86W,AB5OM860MS57Z,1,2026-02-07T00:00:00Z,2026-02-16T14:31:55Z,0.0000,48.9314,1,5.35,5.3500,5.3500,5.3500,230.5319,230.5319,0,,,flat,0,0,0,0,1,0,FBA,5.35,0,,,,DERIVED_FROM_SELLER_OBSERVATION_HISTORY,
2026-02-16T14:31:55Z,2026-02-16,UK,VF-3T0K-DR5O,B08KFFY86W,AJO4HUCJKGM4X,1,2026-02-07T00:00:00Z,2026-02-16T14:31:55Z,0.0000,48.9314,1,6.37,6.3700,6.3700,6.3700,230.5319,230.5319,0,,,flat,0,0,0,0,1,0,FBA,5.35,0,,,,DERIVED_FROM_SELLER_OBSERVATION_HISTORY,
2026-02-16T14:31:55Z,2026-02-16,UK,VF-3T0K-DR5O,B08KFFY86W,AWDEFA1PV5DF7,1,2026-02-10T00:00:00Z,2026-02-16T14:31:55Z,0.0000,48.9314,1,6.5,6.5000,6.5000,6.5000,158.5319,158.5319,0,,,flat,0,1,1,0,0,1,FBM,5.35,0,,,,DERIVED_FROM_SELLER_OBSERVATION_HISTORY,
2026-02-16T14:31:55Z,2026-02-16,UK,XE-YPAI-HX9F,B086ZD7MG6,A1A4HAEP7CM2XC,1,2026-02-16T14:31:55Z,2026-02-16T14:31:55Z,0.0000,,0,11.1,11.1000,11.1000,11.1000,0.0000,0.0000,0,,,flat,0,1,2,1,0,1,FBM,9.0,0,,,,DERIVED_FROM_SELLER_OBSERVATION_HISTORY,
2026-02-16T14:31:55Z,2026-02-16,UK,XE-YPAI-HX9F,B086ZD7MG6,A1JC7HNS9WAGK9,1,2026-02-16T14:31:55Z,2026-02-16T14:31:55Z,0.0000,,0,8.09,8.0900,8.0900,8.0900,0.0000,0.0000,0,,,flat,0,0,0,0,1,0,FBA,9.0,0,,,,DERIVED_FROM_SELLER_OBSERVATION_HISTORY,
2026-02-16T14:31:55Z,2026-02-16,UK,XE-YPAI-HX9F,B086ZD7MG6,A1YUBY1ELGVBNZ,1,2026-02-16T14:31:55Z,2026-02-16T14:31:55Z,0.0000,,0,11.37,11.3700,11.3700,11.3700,0.0000,0.0000,0,,,flat,0,1,1,0,0,1,FBM,9.0,0,,,,DERIVED_FROM_SELLER_OBSERVATION_HISTORY,
2026-02-16T14:31:55Z,2026-02-16,UK,XE-YPAI-HX9F,B086ZD7MG6,A31QGF4ZPU8GC9,1,2026-02-16T14:31:55Z,2026-02-16T14:31:55Z,0.0000,,0,7.31,7.3100,7.3100,7.3100,0.0000,0.0000,0,,,flat,0,1,2,1,0,1,FBM,9.0,0,,,,DERIVED_FROM_SELLER_OBSERVATION_HISTORY,
2026-02-16T14:31:55Z,2026-02-16,UK,XE-YPAI-HX9F,B086ZD7MG6,AB5OM860MS57Z,1,2026-02-16T14:31:55Z,2026-02-16T14:31:55Z,0.0000,,0,9.0,9.0000,9.0000,9.0000,0.0000,0.0000,0,,,flat,0,0,0,0,1,0,FBA,9.0,0,,,,DERIVED_FROM_SELLER_OBSERVATION_HISTORY,
2026-02-16T14:31:55Z,2026-02-16,UK,XE-YPAI-HX9F,B086ZD7MG6,AMTZEDNZE6EVF,1,2026-02-16T14:31:55Z,2026-02-16T14:31:55Z,0.0000,,0,22.94,22.9400,22.9400,22.9400,0.0000,0.0000,0,,,flat,0,5,6,1,0,5,FBM,9.0,0,,,,DERIVED_FROM_SELLER_OBSERVATION_HISTORY,
2026-02-16T14:31:55Z,2026-02-16,UK,XE-YPAI-HX9F,B086ZD7MG6,ASUZJJAO5898W,1,2026-02-16T14:31:55Z,2026-02-16T14:31:55Z,0.0000,,0,8.09,8.0900,8.0900,8.0900,0.0000,0.0000,0,,,flat,0,0,0,0,1,0,FBA,9.0,0,,,,DERIVED_FROM_SELLER_OBSERVATION_HISTORY,
2026-02-16T14:31:55Z,2026-02-16,UK,XH-0LAE-FQO5,B00AOES9GE,A1EGWKJ2C3AMWH,1,2026-02-07T00:00:00Z,2026-02-16T14:31:55Z,0.0000,48.9314,1,6.7,6.7000,6.9900,6.7000,230.5319,72.0000,1,,,down,1,0,0,0,1,0,FBA,6.9,0,,,,DERIVED_FROM_SELLER_OBSERVATION_HISTORY,
2026-02-16T14:31:55Z,2026-02-16,UK,XH-0LAE-FQO5,B00AOES9GE,A2V6U7OVTWHOIQ,1,2026-02-07T00:00:00Z,2026-02-16T14:31:55Z,0.0000,48.9314,1,6.8,6.7500,6.8000,6.8000,72.0000,230.5319,1,,,up,0,0,0,0,1,0,FBA,6.9,0,,,,DERIVED_FROM_SELLER_OBSERVATION_HISTORY,
2026-02-16T14:31:55Z,2026-02-16,UK,XH-0LAE-FQO5,B00AOES9GE,A2YMCJJAZ04D29,1,2026-02-07T00:00:00Z,2026-02-16T14:31:55Z,0.0000,48.9314,1,6.7,6.7000,6.7500,6.7000,230.5319,96.0000,1,,,down,1,0,0,0,1,0,FBA,6.9,0,,,,DERIVED_FROM_SELLER_OBSERVATION_HISTORY,
2026-02-16T14:31:55Z,2026-02-16,UK,XH-0LAE-FQO5,B00AOES9GE,AB5OM860MS57Z,1,2026-02-07T00:00:00Z,2026-02-16T14:31:55Z,0.0000,48.9314,1,6.9,6.9000,6.9000,6.9000,230.5319,230.5319,0,,,flat,0,0,0,0,1,0,FBA,6.9,0,,,,DERIVED_FROM_SELLER_OBSERVATION_HISTORY,
2026-02-16T14:31:55Z,2026-02-16,UK,XH-0LAE-FQO5,B00AOES9GE,ASUZJJAO5898W,1,2026-02-13T06:09:22Z,2026-02-16T14:31:55Z,0.0000,48.9314,1,6.13,6.1300,6.7000,6.7000,80.3758,80.3758,1,,,down,1,0,0,0,1,0,FBA,6.9,0,,,,DERIVED_FROM_SELLER_OBSERVATION_HISTORY,
2026-02-16T14:31:55Z,2026-02-16,UK,XY-UM2X-TPS3,B003VTZAM0,A1JBSHTRJ4VCVO,1,2026-02-07T00:00:00Z,2026-02-16T14:31:55Z,0.0000,48.9314,1,10.25,10.2500,11.2000,11.2000,230.5319,181.6006,2,,,down,2,0,0,0,1,0,FBA,11.47,0,,,,DERIVED_FROM_SELLER_OBSERVATION_HISTORY,
2026-02-16T14:31:55Z,2026-02-16,UK,XY-UM2X-TPS3,B003VTZAM0,A26DO76QVK1JFR,1,2026-02-07T00:00:00Z,2026-02-16T14:31:55Z,0.0000,48.9314,1,11.99,11.9900,11.9900,11.9900,230.5319,230.5319,0,,,flat,0,0,0,0,1,0,FBA,11.47,0,,,,DERIVED_FROM_SELLER_OBSERVATION_HISTORY,
2026-02-16T14:31:55Z,2026-02-16,UK,XY-UM2X-TPS3,B003VTZAM0,A2F2QWF9KOYS5K,1,2026-02-07T00:00:00Z,2026-02-16T14:31:55Z,0.0000,48.9314,1,10.99,10.9900,10.9900,10.9900,230.5319,230.5319,0,,,flat,0,1,1,0,0,1,FBM,11.47,0,,,,DERIVED_FROM_SELLER_OBSERVATION_HISTORY,
2026-02-16T14:31:55Z,2026-02-16,UK,XY-UM2X-TPS3,B003VTZAM0,A2I9GFK5QTOYYM,1,2026-02-07T00:00:00Z,2026-02-16T14:31:55Z,0.0000,48.9314,1,11.44,11.4400,11.4400,11.4400,230.5319,230.5319,0,,,flat,0,0,0,0,1,0,FBA,11.47,0,,,,DERIVED_FROM_SELLER_OBSERVATION_HISTORY,
2026-02-16T14:31:55Z,2026-02-16,UK,XY-UM2X-TPS3,B003VTZAM0,A31LES58YOQ58B,1,2026-02-07T00:00:00Z,2026-02-16T14:31:55Z,0.0000,48.9314,1,11.6,11.6000,11.6000,11.6000,230.5319,230.5319,0,,,flat,0,0,0,0,1,0,FBA,11.47,0,,,,DERIVED_FROM_SELLER_OBSERVATION_HISTORY,
2026-02-16T14:31:55Z,2026-02-16,UK,XY-UM2X-TPS3,B003VTZAM0,A31WWR0DZ1UNBI,1,2026-02-14T13:36:02Z,2026-02-16T14:31:55Z,0.0000,48.9314,1,9.99,9.9900,9.9900,9.9900,48.9314,48.9314,0,,,flat,0,0,1,1,1,0,FBA,11.47,0,,,,DERIVED_FROM_SELLER_OBSERVATION_HISTORY,
2026-02-16T14:31:55Z,2026-02-16,UK,XY-UM2X-TPS3,B003VTZAM0,A3HM7WA2CBSOPA,1,2026-02-07T00:00:00Z,2026-02-16T14:31:55Z,0.0000,48.9314,1,10.92,10.9200,10.9200,10.9200,230.5319,230.5319,0,,,flat,0,4,5,1,0,4,FBM,11.47,0,,,,DERIVED_FROM_SELLER_OBSERVATION_HISTORY,
2026-02-16T14:31:55Z,2026-02-16,UK,XY-UM2X-TPS3,B003VTZAM0,AB5OM860MS57Z,1,2026-02-07T00:00:00Z,2026-02-16T14:31:55Z,0.0000,48.9314,1,11.47,11.4700,11.4700,11.4700,230.5319,230.5319,0,,,flat,0,0,0,0,1,0,FBA,11.47,0,,,,DERIVED_FROM_SELLER_OBSERVATION_HISTORY,
2026-02-16T14:31:55Z,2026-02-16,UK,XY-UM2X-TPS3,B003VTZAM0,AHND7IKI8FHV3,1,2026-02-07T00:00:00Z,2026-02-16T14:31:55Z,0.0000,48.9314,1,11.54,11.5400,11.5400,11.5400,230.5319,230.5319,0,,,flat,0,1,2,1,0,1,FBM,11.47,0,,,,DERIVED_FROM_SELLER_OBSERVATION_HISTORY,
2026-02-16T14:31:55Z,2026-02-16,UK,XY-UM2X-TPS3,B003VTZAM0,ATUCW8T149Y55,1,2026-02-07T00:00:00Z,2026-02-16T14:31:55Z,0.0000,48.9314,1,11.59,11.5900,11.5900,11.5900,230.5319,230.5319,0,,,flat,0,1,2,1,0,1,FBM,11.47,0,,,,DERIVED_FROM_SELLER_OBSERVATION_HISTORY,
2026-02-16T14:31:55Z,2026-02-16,UK,XY-UM2X-TPS3,B003VTZAM0,AWANDGFK915DA,1,2026-02-07T00:00:00Z,2026-02-16T14:31:55Z,0.0000,48.9314,1,9.99,9.9900,9.9900,9.9900,230.5319,230.5319,0,,,flat,0,0,0,0,1,0,FBM,11.47,0,,,,DERIVED_FROM_SELLER_OBSERVATION_HISTORY,
2026-02-16T14:31:55Z,2026-02-16,UK,YC-3L3M-BV48,B0CTD6Q6KY,A3P5ROKL5A1OLE,1,2026-02-07T00:00:00Z,2026-02-16T14:31:55Z,0.0000,48.9314,1,105.95,105.9500,105.9500,105.9500,230.5319,230.5319,0,,,flat,0,0,0,0,1,0,FBM,79.0,2,,,,DERIVED_FROM_SELLER_OBSERVATION_HISTORY,
2026-02-16T14:31:55Z,2026-02-16,UK,YC-3L3M-BV48,B0CTD6Q6KY,AB5OM860MS57Z,1,2026-02-07T00:00:00Z,2026-02-16T14:31:55Z,0.0000,48.9314,1,79.0,74.2600,79.2400,74.2600,150.1561,181.6006,2,,,flat,0,0,0,0,1,0,FBA,79.0,2,,,,DERIVED_FROM_SELLER_OBSERVATION_HISTORY,
2026-02-16T14:31:55Z,2026-02-16,UK,YC-3L3M-BV48,B0CTD6Q6KY,AQ20HDTW7QNBM,1,2026-02-07T00:00:00Z,2026-02-16T14:31:55Z,0.0000,48.9314,1,79.0,74.0000,79.0000,74.0000,150.1561,230.5319,1,,,up,0,0,0,0,1,0,FBA,79.0,2,,,,DERIVED_FROM_SELLER_OBSERVATION_HISTORY,
2026-02-17T09:42:52Z,2026-02-17,UK,4W-VS57-BV6A,B0C9LJNJWZ,A16ZATMMFE8J3Y,1,2026-02-07T00:00:00Z,2026-02-17T09:42:52Z,19.1825,19.1825,0,35.99,35.9900,35.9900,35.9900,249.7144,249.7144,0,,,flat,0,0,0,0,1,0,FBM,35.91,0,,,,DERIVED_FROM_SELLER_OBSERVATION_HISTORY,
2026-02-17T09:42:52Z,2026-02-17,UK,4W-VS57-BV6A,B0C9LJNJWZ,A1U2WCBY9FQRJ5,1,2026-02-07T00:00:00Z,2026-02-17T09:42:52Z,19.1825,19.1825,0,38.38,38.3800,38.3800,38.3800,249.7144,249.7144,0,,,flat,0,1,2,1,0,1,FBM,35.91,0,,,,DERIVED_FROM_SELLER_OBSERVATION_HISTORY,
2026-02-17T09:42:52Z,2026-02-17,UK,4W-VS57-BV6A,B0C9LJNJWZ,A23VLR5KYFT1PR,1,2026-02-07T00:00:00Z,2026-02-17T09:42:52Z,19.1825,19.1825,0,34.99,34.9900,34.9900,34.9900,249.7144,249.7144,0,,,flat,0,0,0,0,1,0,FBA,35.91,0,,,,DERIVED_FROM_SELLER_OBSERVATION_HISTORY,
2026-02-17T09:42:52Z,2026-02-17,UK,4W-VS57-BV6A,B0C9LJNJWZ,A2N6W6R4NFCNBX,1,2026-02-07T00:00:00Z,2026-02-17T09:42:52Z,19.1825,19.1825,0,39.69,39.6900,39.6900,39.6900,249.7144,249.7144,0,,,flat,0,0,0,0,0,0,FBM,35.91,0,,,,DERIVED_FROM_SELLER_OBSERVATION_HISTORY,
2026-02-17T09:42:52Z,2026-02-17,UK,4W-VS57-BV6A,B0C9LJNJWZ,A2UD95CFO7TBZQ,1,2026-02-07T00:00:00Z,2026-02-17T09:42:52Z,19.1825,19.1825,0,35.96,35.9600,35.9600,35.9600,249.7144,249.7144,0,,,flat,0,0,0,0,0,0,FBM,35.91,0,,,,DERIVED_FROM_SELLER_OBSERVATION_HISTORY,
2026-02-17T09:42:52Z,2026-02-17,UK,4W-VS57-BV6A,B0C9LJNJWZ,A30DC7701CXIBH,1,2026-02-07T00:00:00Z,2026-02-17T09:42:52Z,19.1825,19.1825,0,40.27,39.8500,40.2700,40.2700,96.0000,249.7144,1,,,up,0,0,0,0,1,0,FBM,35.91,0,,,,DERIVED_FROM_SELLER_OBSERVATION_HISTORY,
2026-02-17T09:42:52Z,2026-02-17,UK,4W-VS57-BV6A,B0C9LJNJWZ,A3HM7WA2CBSOPA,1,2026-02-07T00:00:00Z,2026-02-17T09:42:52Z,19.1825,19.1825,0,39.12,39.1200,39.1200,39.1200,249.7144,249.7144,0,,,flat,0,1,1,0,0,1,FBM,35.91,0,,,,DERIVED_FROM_SELLER_OBSERVATION_HISTORY,
2026-02-17T09:42:52Z,2026-02-17,UK,4W-VS57-BV6A,B0C9LJNJWZ,A3KTB05DIFHO8V,1,2026-02-07T00:00:00Z,2026-02-17T09:42:52Z,19.1825,19.1825,0,44.99,44.9900,44.9900,44.9900,249.7144,249.7144,0,,,flat,0,1,2,1,0,1,FBM,35.91,0,,,,DERIVED_FROM_SELLER_OBSERVATION_HISTORY,
2026-02-17T09:42:52Z,2026-02-17,UK,4W-VS57-BV6A,B0C9LJNJWZ,A3KTD5M81YFDGM,1,2026-02-07T00:00:00Z,2026-02-17T09:42:52Z,19.1825,19.1825,0,34.99,34.9900,35.5000,34.9900,249.7144,120.0000,1,,,down,1,0,0,0,1,0,FBA,35.91,0,,,,DERIVED_FROM_SELLER_OBSERVATION_HISTORY,
2026-02-17T09:42:52Z,2026-02-17,UK,4W-VS57-BV6A,B0C9LJNJWZ,A3P5ROKL5A1OLE,1,2026-02-07T00:00:00Z,2026-02-17T09:42:52Z,19.1825,19.1825,0,35.0,35.0000,35.0000,35.0000,249.7144,249.7144,0,,,flat,0,0,0,0,1,0,FBA,35.91,0,,,,DERIVED_FROM_SELLER_OBSERVATION_HISTORY,
2026-02-17T09:42:52Z,2026-02-17,UK,4W-VS57-BV6A,B0C9LJNJWZ,AAOJ3B4Z594LC,1,2026-02-07T00:00:00Z,2026-02-17T09:42:52Z,19.1825,19.1825,0,39.06,38.8900,39.2800,38.8900,181.6006,96.9314,3,,,down,1,2,3,1,0,2,FBM,35.91,0,,,,DERIVED_FROM_SELLER_OBSERVATION_HISTORY,
2026-02-17T09:42:52Z,2026-02-17,UK,4W-VS57-BV6A,B0C9LJNJWZ,AB5OM860MS57Z,1,2026-02-07T00:00:00Z,2026-02-17T09:42:52Z,19.1825,19.1825,0,35.91,35.9100,35.9100,35.9100,249.7144,249.7144,0,,,flat,0,0,0,0,1,0,FBA,35.91,0,,,,DERIVED_FROM_SELLER_OBSERVATION_HISTORY,
2026-02-17T09:42:52Z,2026-02-17,UK,4W-VS57-BV6A,B0C9LJNJWZ,AEU2J2P6WG61R,1,2026-02-07T00:00:00Z,2026-02-17T09:42:52Z,19.1825,19.1825,0,37.59,37.5900,37.5900,37.5900,249.7144,249.7144,0,,,flat,0,0,0,0,1,0,FBM,35.91,0,,,,DERIVED_FROM_SELLER_OBSERVATION_HISTORY,
2026-02-17T09:42:52Z,2026-02-17,UK,4W-VS57-BV6A,B0C9LJNJWZ,ARKFZSTQBZS2,1,2026-02-07T00:00:00Z,2026-02-17T09:42:52Z,0.0000,99.5583,1,37.25,37.2500,37.3500,37.2500,150.1561,249.7144,2,,,flat,0,2,3,1,0,2,FBM,35.91,0,,,,DERIVED_FROM_SELLER_OBSERVATION_HISTORY,
2026-02-17T09:42:52Z,2026-02-17,UK,6V-EEC1-2S9Z,B06WW79DX5,A11RGASXV3EWM4,1,2026-02-07T00:00:00Z,2026-02-17T09:42:52Z,19.1825,19.1825,0,8.99,8.9900,9.5000,9.5000,249.7144,150.1561,1,,,down,1,0,0,0,0,0,FBM,7.88,3,,,,DERIVED_FROM_SELLER_OBSERVATION_HISTORY,
2026-02-17T09:42:52Z,2026-02-17,UK,6V-EEC1-2S9Z,B06WW79DX5,A12MJ1FK852SYB,1,2026-02-07T00:00:00Z,2026-02-17T09:42:52Z,19.1825,19.1825,0,9.99,9.9900,9.9900,9.9900,249.7144,249.7144,0,,,flat,0,0,0,0,0,0,FBM,7.88,3,,,,DERIVED_FROM_SELLER_OBSERVATION_HISTORY,
2026-02-17T09:42:52Z,2026-02-17,UK,6V-EEC1-2S9Z,B06WW79DX5,AB5OM860MS57Z,1,2026-02-07T00:00:00Z,2026-02-17T09:42:52Z,19.1825,19.1825,0,7.88,7.8800,7.9900,7.9900,120.0000,225.7144,3,,,down,2,0,0,0,1,0,FBA,7.88,3,,,,DERIVED_FROM_SELLER_OBSERVATION_HISTORY,
2026-02-17T09:42:52Z,2026-02-17,UK,6V-EEC1-2S9Z,B06WW79DX5,AKQMAXFWUV730,1,2026-02-07T00:00:00Z,2026-02-17T09:42:52Z,19.1825,19.1825,0,9.99,9.9900,9.9900,9.9900,249.7144,249.7144,0,,,flat,0,0,0,0,0,0,FBM,7.88,3,,,,DERIVED_FROM_SELLER_OBSERVATION_HISTORY,
2026-02-17T09:42:52Z,2026-02-17,UK,6V-EEC1-2S9Z,B06WW79DX5,AM6QF58KGUUM9,1,2026-02-07T00:00:00Z,2026-02-17T09:42:52Z,19.1825,19.1825,0,9.17,9.1700,9.4700,9.1700,225.7144,48.0000,3,,,down,2,0,0,0,0,0,FBM,7.88,3,,,,DERIVED_FROM_SELLER_OBSERVATION_HISTORY,
2026-02-17T09:42:52Z,2026-02-17,UK,6V-EEC1-2S9Z,B06WW79DX5,ATUCW8T149Y55,1,2026-02-07T00:00:00Z,2026-02-17T09:42:52Z,19.1825,19.1825,0,10.99,10.9900,10.9900,10.9900,249.7144,249.7144,0,,,flat,0,2,3,1,0,2,FBM,7.88,3,,,,DERIVED_FROM_SELLER_OBSERVATION_HISTORY,
2026-02-17T09:42:52Z,2026-02-17,UK,AX-NKNU-29C1,B08M52B4M5,A24VQX7LPBJ2BC,1,2026-02-07T00:00:00Z,2026-02-17T09:42:52Z,19.1825,19.1825,0,1.99,1.9900,1.9900,1.9900,249.7144,249.7144,0,,,flat,0,9,10,1,0,9,FBM,3.99,0,,,,DERIVED_FROM_SELLER_OBSERVATION_HISTORY,
2026-02-17T09:42:52Z,2026-02-17,UK,AX-NKNU-29C1,B08M52B4M5,A2JJBX08NHT52K,1,2026-02-07T00:00:00Z,2026-02-17T09:42:52Z,19.1825,19.1825,0,5.35,5.3500,5.3500,5.3500,249.7144,249.7144,0,,,flat,0,1,2,1,0,1,FBM,3.99,0,,,,DERIVED_FROM_SELLER_OBSERVATION_HISTORY,
2026-02-17T09:42:52Z,2026-02-17,UK,AX-NKNU-29C1,B08M52B4M5,AB5OM860MS57Z,1,2026-02-07T00:00:00Z,2026-02-17T09:42:52Z,19.1825,19.1825,0,3.99,3.9900,3.9900,3.9900,249.7144,249.7144,0,,,flat,0,0,0,0,1,0,FBA,3.99,0,,,,DERIVED_FROM_SELLER_OBSERVATION_HISTORY,
2026-02-17T09:42:52Z,2026-02-17,UK,AX-NKNU-29C1,B08M52B4M5,AUGCSEQQV3XYY,1,2026-02-07T00:00:00Z,2026-02-17T09:42:52Z,19.1825,19.1825,0,4.99,4.9900,4.9900,4.9900,249.7144,249.7144,0,,,flat,0,1,2,1,0,1,FBM,3.99,0,,,,DERIVED_FROM_SELLER_OBSERVATION_HISTORY,
2026-02-17T09:42:52Z,2026-02-17,UK,JB-RGB6-LZOJ,B0001P0DLU,A24NGU5R55LIUJ,1,2026-02-07T00:00:00Z,2026-02-17T09:42:52Z,19.1825,19.1825,0,7.43,7.4300,7.4300,7.4300,249.7144,249.7144,0,,,flat,0,1,1,0,0,1,FBM,9.98,3,,,,DERIVED_FROM_SELLER_OBSERVATION_HISTORY,
2026-02-17T09:42:52Z,2026-02-17,UK,JB-RGB6-LZOJ,B0001P0DLU,A2FYX6NJ6MUB8R,1,2026-02-07T00:00:00Z,2026-02-17T09:42:52Z,0.0000,249.7144,1,5.95,5.9500,5.9500,5.9500,249.7144,249.7144,0,,,flat,0,1,1,0,1,1,FBA,9.98,3,,,,DERIVED_FROM_SELLER_OBSERVATION_HISTORY,
2026-02-17T09:42:52Z,2026-02-17,UK,JB-RGB6-LZOJ,B0001P0DLU,A2PJYYPKZTZJ0V,1,2026-02-07T00:00:00Z,2026-02-17T09:42:52Z,19.1825,19.1825,0,9.95,9.9500,9.9500,9.9500,249.7144,249.7144,0,,,flat,0,1,1,0,0,1,FBM,9.98,3,,,,DERIVED_FROM_SELLER_OBSERVATION_HISTORY,
2026-02-17T09:42:52Z,2026-02-17,UK,JB-RGB6-LZOJ,B0001P0DLU,A38JZE0FB8NDTE,1,2026-02-07T00:00:00Z,2026-02-17T09:42:52Z,19.1825,19.1825,0,8.67,7.0300,8.6700,8.6700,150.1561,249.7144,1,,,up,0,1,1,0,0,1,FBM,9.98,3,,,,DERIVED_FROM_SELLER_OBSERVATION_HISTORY,
2026-02-17T09:42:52Z,2026-02-17,UK,JB-RGB6-LZOJ,B0001P0DLU,A39VTM0CZSRJZA,1,2026-02-07T00:00:00Z,2026-02-17T09:42:52Z,19.1825,19.1825,0,6.75,6.3500,6.7500,6.3500,181.6006,249.7144,1,,,up,0,0,0,0,0,0,FBM,9.98,3,,,,DERIVED_FROM_SELLER_OBSERVATION_HISTORY,
2026-02-17T09:42:52Z,2026-02-17,UK,JB-RGB6-LZOJ,B0001P0DLU,A3HM7WA2CBSOPA,1,2026-02-07T00:00:00Z,2026-02-17T09:42:52Z,19.1825,19.1825,0,6.91,6.9100,6.9100,6.9100,249.7144,249.7144,0,,,flat,0,2,3,1,0,2,FBM,9.98,3,,,,DERIVED_FROM_SELLER_OBSERVATION_HISTORY,
2026-02-17T09:42:52Z,2026-02-17,UK,JB-RGB6-LZOJ,B0001P0DLU,A3SK1E64BDMB7W,1,2026-02-07T00:00:00Z,2026-02-17T09:42:52Z,19.1825,19.1825,0,12.56,12.0600,12.5600,12.5600,72.0000,249.7144,1,,,up,0,1,1,0,0,1,FBM,9.98,3,,,,DERIVED_FROM_SELLER_OBSERVATION_HISTORY,
2026-02-17T09:42:52Z,2026-02-17,UK,JB-RGB6-LZOJ,B0001P0DLU,A3V2W4NCHQN1W7,1,2026-02-07T00:00:00Z,2026-02-17T09:42:52Z,19.1825,19.1825,0,10.21,10.2100,10.2100,10.2100,249.7144,249.7144,0,,,flat,0,0,0,0,1,0,FBM,9.98,3,,,,DERIVED_FROM_SELLER_OBSERVATION_HISTORY,
2026-02-17T09:42:52Z,2026-02-17,UK,JB-RGB6-LZOJ,B0001P0DLU,AB5OM860MS57Z,1,2026-02-07T00:00:00Z,2026-02-17T09:42:52Z,19.1825,19.1825,0,9.98,6.1300,9.9900,9.9800,48.0000,181.6006,3,,,up,0,0,0,0,1,0,FBA,9.98,3,,,,DERIVED_FROM_SELLER_OBSERVATION_HISTORY,
2026-02-17T09:42:52Z,2026-02-17,UK,JB-RGB6-LZOJ,B0001P0DLU,AKBY7ZMYYJKZC,1,2026-02-07T00:00:00Z,2026-02-17T09:42:52Z,19.1825,19.1825,0,6.9,6.9000,6.9000,6.9000,249.7144,249.7144,0,,,flat,0,1,1,0,0,1,FBM,9.98,3,,,,DERIVED_FROM_SELLER_OBSERVATION_HISTORY,
2026-02-17T09:42:52Z,2026-02-17,UK,JB-RGB6-LZOJ,B0001P0DLU,AY357ZGTL1GSV,1,2026-02-07T00:00:00Z,2026-02-17T09:42:52Z,19.1825,19.1825,0,7.8,7.8000,7.8000,7.8000,249.7144,249.7144,0,,,flat,0,1,1,0,0,1,FBM,9.98,3,,,,DERIVED_FROM_SELLER_OBSERVATION_HISTORY,
2026-02-17T09:42:52Z,2026-02-17,UK,L1-54EX-56YC,B09445GL1C,A1DAYMAX3O8XTV,1,2026-02-16T14:31:55Z,2026-02-17T09:42:52Z,19.1825,19.1825,0,15.74,15.7400,15.7400,15.7400,19.1825,19.1825,0,,,flat,0,0,0,0,1,0,FBA,13.24,1,,,,DERIVED_FROM_SELLER_OBSERVATION_HISTORY,
2026-02-17T09:42:52Z,2026-02-17,UK,L1-54EX-56YC,B09445GL1C,A1P7PKAFGZHTEE,1,2026-02-16T14:31:55Z,2026-02-17T09:42:52Z,19.1825,19.1825,0,16.99,16.9900,16.9900,16.9900,19.1825,19.1825,0,,,flat,0,1,1,0,0,1,FBM,13.24,1,,,,DERIVED_FROM_SELLER_OBSERVATION_HISTORY,
2026-02-17T09:42:52Z,2026-02-17,UK,L1-54EX-56YC,B09445GL1C,A20Z9N2SH0I9BC,1,2026-02-16T14:31:55Z,2026-02-17T09:42:52Z,19.1825,19.1825,0,14.3,14.3000,14.3000,14.3000,19.1825,19.1825,0,,,flat,0,0,0,0,1,0,FBA,13.24,1,,,,DERIVED_FROM_SELLER_OBSERVATION_HISTORY,
2026-02-17T09:42:52Z,2026-02-17,UK,L1-54EX-56YC,B09445GL1C,A292BGT65ET8F0,1,2026-02-16T14:31:55Z,2026-02-17T09:42:52Z,19.1825,19.1825,0,13.59,13.5900,13.7000,13.6450,19.1825,19.1825,1,,,down,1,0,0,0,0,0,FBM,13.24,1,,,,DERIVED_FROM_SELLER_OBSERVATION_HISTORY,
2026-02-17T09:42:52Z,2026-02-17,UK,L1-54EX-56YC,B09445GL1C,AB5OM860MS57Z,1,2026-02-16T14:31:55Z,2026-02-17T09:42:52Z,19.1825,19.1825,0,13.24,13.2400,14.3000,13.7700,19.1825,19.1825,1,,,down,1,0,0,0,1,0,FBA,13.24,1,,,,DERIVED_FROM_SELLER_OBSERVATION_HISTORY,
2026-02-17T09:42:52Z,2026-02-17,UK,RZ-6ZL9-CZ7J,B075XT2J8X,A11153KMTVDZI1,1,2026-02-07T00:00:00Z,2026-02-17T09:42:52Z,19.1825,19.1825,0,6.6,6.6000,6.6000,6.6000,249.7144,249.7144,0,,,flat,0,0,0,0,1,0,FBA,6.97,0,,,,DERIVED_FROM_SELLER_OBSERVATION_HISTORY,
2026-02-17T09:42:52Z,2026-02-17,UK,RZ-6ZL9-CZ7J,B075XT2J8X,A15X20ZKTLRSBW,1,2026-02-07T00:00:00Z,2026-02-17T09:42:52Z,19.1825,19.1825,0,6.35,6.3500,6.3500,6.3500,249.7144,249.7144,0,,,flat,0,0,0,0,1,0,FBA,6.97,0,,,,DERIVED_FROM_SELLER_OBSERVATION_HISTORY,
2026-02-17T09:42:52Z,2026-02-17,UK,RZ-6ZL9-CZ7J,B075XT2J8X,A1QKNW4W5SPM7T,1,2026-02-07T00:00:00Z,2026-02-17T09:42:52Z,19.1825,19.1825,0,6.35,6.3500,7.6100,7.6100,249.7144,249.7144,1,,,down,1,1,1,0,0,1,FBM,6.97,0,,,,DERIVED_FROM_SELLER_OBSERVATION_HISTORY,
2026-02-17T09:42:52Z,2026-02-17,UK,RZ-6ZL9-CZ7J,B075XT2J8X,A1R64IUNVWPSMR,1,2026-02-07T00:00:00Z,2026-02-17T09:42:52Z,19.1825,19.1825,0,7.47,7.4700,7.4700,7.4700,249.7144,249.7144,0,,,flat,0,2,3,1,0,2,FBM,6.97,0,,,,DERIVED_FROM_SELLER_OBSERVATION_HISTORY,
2026-02-17T09:42:52Z,2026-02-17,UK,RZ-6ZL9-CZ7J,B075XT2J8X,A2JJBX08NHT52K,1,2026-02-07T00:00:00Z,2026-02-17T09:42:52Z,19.1825,19.1825,0,5.07,5.0700,5.0700,5.0700,249.7144,249.7144,0,,,flat,0,1,2,1,0,1,FBM,6.97,0,,,,DERIVED_FROM_SELLER_OBSERVATION_HISTORY,
2026-02-17T09:42:52Z,2026-02-17,UK,RZ-6ZL9-CZ7J,B075XT2J8X,A35UPYDMLICYZX,1,2026-02-07T00:00:00Z,2026-02-17T09:42:52Z,19.1825,19.1825,0,10.56,10.5600,10.5600,10.5600,249.7144,249.7144,0,,,flat,0,1,1,0,0,1,FBM,6.97,0,,,,DERIVED_FROM_SELLER_OBSERVATION_HISTORY,
2026-02-17T09:42:52Z,2026-02-17,UK,RZ-6ZL9-CZ7J,B075XT2J8X,A3C70I7GKRCETI,1,2026-02-07T00:00:00Z,2026-02-17T09:42:52Z,19.1825,19.1825,0,6.35,6.3500,6.3500,6.3500,249.7144,249.7144,0,,,flat,0,0,0,0,1,0,FBA,6.97,0,,,,DERIVED_FROM_SELLER_OBSERVATION_HISTORY,
2026-02-17T09:42:52Z,2026-02-17,UK,RZ-6ZL9-CZ7J,B075XT2J8X,A6VPZZ5FEXGVE,1,2026-02-07T00:00:00Z,2026-02-17T09:42:52Z,19.1825,19.1825,0,8.99,8.9900,8.9900,8.9900,249.7144,249.7144,0,,,flat,0,1,1,0,0,1,FBM,6.97,0,,,,DERIVED_FROM_SELLER_OBSERVATION_HISTORY,
2026-02-17T09:42:52Z,2026-02-17,UK,RZ-6ZL9-CZ7J,B075XT2J8X,AB5OM860MS57Z,1,2026-02-07T00:00:00Z,2026-02-17T09:42:52Z,19.1825,19.1825,0,6.97,6.9700,6.9700,6.9700,249.7144,249.7144,0,,,flat,0,0,0,0,1,0,FBA,6.97,0,,,,DERIVED_FROM_SELLER_OBSERVATION_HISTORY,
2026-02-17T09:42:52Z,2026-02-17,UK,RZ-6ZL9-CZ7J,B075XT2J8X,AQ5QH5GRISO14,1,2026-02-12T00:00:00Z,2026-02-17T09:42:52Z,19.1825,19.1825,0,6.6,6.6000,6.6000,6.6000,129.7144,129.7144,0,,,flat,0,0,0,0,1,0,FBA,6.97,0,,,,DERIVED_FROM_SELLER_OBSERVATION_HISTORY,
2026-02-17T09:42:52Z,2026-02-17,UK,TJ-6LOP-OPEU,B08P63MSS9,A2FWYQ039SD442,1,2026-02-07T00:00:00Z,2026-02-17T09:42:52Z,19.1825,19.1825,0,9.0,8.1300,9.0000,8.9500,48.0000,169.3386,8,,,up,0,0,0,0,1,0,FBA,8.96,8,,,,DERIVED_FROM_SELLER_OBSERVATION_HISTORY,
2026-02-17T09:42:52Z,2026-02-17,UK,TJ-6LOP-OPEU,B08P63MSS9,A2JJBX08NHT52K,1,2026-02-07T00:00:00Z,2026-02-17T09:42:52Z,19.1825,19.1825,0,4.61,4.6100,4.6100,4.6100,249.7144,249.7144,0,,,flat,0,1,2,1,0,1,FBM,8.96,8,,,,DERIVED_FROM_SELLER_OBSERVATION_HISTORY,
2026-02-17T09:42:52Z,2026-02-17,UK,TJ-6LOP-OPEU,B08P63MSS9,A3IIOPC5WY6KKR,1,2026-02-07T00:00:00Z,2026-02-17T09:42:52Z,19.1825,19.1825,0,8.68,8.1200,8.6800,8.6800,48.0000,249.7144,3,,,up,0,1,2,1,0,1,FBM,8.96,8,,,,DERIVED_FROM_SELLER_OBSERVATION_HISTORY,
2026-02-17T09:42:52Z,2026-02-17,UK,TJ-6LOP-OPEU,B08P63MSS9,AB5OM860MS57Z,1,2026-02-07T00:00:00Z,2026-02-17T09:42:52Z,19.1825,19.1825,0,8.96,8.1300,8.9800,8.9500,48.0000,169.3386,8,,,up,0,0,0,0,1,0,FBA,8.96,8,,,,DERIVED_FROM_SELLER_OBSERVATION_HISTORY,
2026-02-17T09:42:52Z,2026-02-17,UK,TJ-6LOP-OPEU,B08P63MSS9,AHPS0P3VVEPP4,1,2026-02-07T00:00:00Z,2026-02-17T09:42:52Z,19.1825,19.1825,0,9.88,9.8800,9.8800,9.8800,249.7144,249.7144,0,,,flat,0,1,1,0,0,1,FBM,8.96,8,,,,DERIVED_FROM_SELLER_OBSERVATION_HISTORY,
2026-02-17T09:42:52Z,2026-02-17,UK,VF-3T0K-DR5O,B08KFFY86W,A1EGWKJ2C3AMWH,1,2026-02-07T00:00:00Z,2026-02-17T09:42:52Z,19.1825,19.1825,0,5.05,5.0500,5.0500,5.0500,249.7144,249.7144,0,,,flat,0,0,0,0,1,0,FBA,5.35,0,,,,DERIVED_FROM_SELLER_OBSERVATION_HISTORY,
2026-02-17T09:42:52Z,2026-02-17,UK,VF-3T0K-DR5O,B08KFFY86W,A1PDJFYGLPZ86M,1,2026-02-07T00:00:00Z,2026-02-17T09:42:52Z,19.1825,19.1825,0,4.84,4.8400,4.8800,4.8800,249.7144,249.7144,1,,,down,1,0,0,0,1,0,FBA,5.35,0,,,,DERIVED_FROM_SELLER_OBSERVATION_HISTORY,
2026-02-17T09:42:52Z,2026-02-17,UK,VF-3T0K-DR5O,B08KFFY86W,A1R64IUNVWPSMR,1,2026-02-07T00:00:00Z,2026-02-17T09:42:52Z,19.1825,19.1825,0,9.55,9.5500,9.5500,9.5500,249.7144,249.7144,0,,,flat,0,2,3,1,0,2,FBM,5.35,0,,,,DERIVED_FROM_SELLER_OBSERVATION_HISTORY,
2026-02-17T09:42:52Z,2026-02-17,UK,VF-3T0K-DR5O,B08KFFY86W,A21NMD767VKPKA,1,2026-02-07T00:00:00Z,2026-02-17T09:42:52Z,19.1825,19.1825,0,4.89,4.8900,4.8900,4.8900,249.7144,249.7144,0,,,flat,0,0,0,0,1,0,FBA,5.35,0,,,,DERIVED_FROM_SELLER_OBSERVATION_HISTORY,
2026-02-17T09:42:52Z,2026-02-17,UK,VF-3T0K-DR5O,B08KFFY86W,A2JHK2RGHEOXUY,1,2026-02-07T00:00:00Z,2026-02-17T09:42:52Z,19.1825,19.1825,0,4.85,4.8500,4.8900,4.8500,225.7144,72.0000,2,,,flat,0,0,0,0,1,0,FBA,5.35,0,,,,DERIVED_FROM_SELLER_OBSERVATION_HISTORY,
2026-02-17T09:42:52Z,2026-02-17,UK,VF-3T0K-DR5O,B08KFFY86W,A2MSCEFUU7IF9P,1,2026-02-07T00:00:00Z,2026-02-17T09:42:52Z,19.1825,19.1825,0,4.84,4.8400,4.8500,4.8500,249.7144,249.7144,1,,,down,1,0,0,0,1,0,FBA,5.35,0,,,,DERIVED_FROM_SELLER_OBSERVATION_HISTORY,
2026-02-17T09:42:52Z,2026-02-17,UK,VF-3T0K-DR5O,B08KFFY86W,A2V6U7OVTWHOIQ,1,2026-02-07T00:00:00Z,2026-02-17T09:42:52Z,19.1825,19.1825,0,6.5,6.5000,6.5000,6.5000,249.7144,249.7144,0,,,flat,0,0,0,0,1,0,FBA,5.35,0,,,,DERIVED_FROM_SELLER_OBSERVATION_HISTORY,
2026-02-17T09:42:52Z,2026-02-17,UK,VF-3T0K-DR5O,B08KFFY86W,A2YMCJJAZ04D29,1,2026-02-07T00:00:00Z,2026-02-17T09:42:52Z,19.1825,19.1825,0,5.05,5.0500,5.0500,5.0500,249.7144,249.7144,0,,,flat,0,0,0,0,1,0,FBA,5.35,0,,,,DERIVED_FROM_SELLER_OBSERVATION_HISTORY,
2026-02-17T09:42:52Z,2026-02-17,UK,VF-3T0K-DR5O,B08KFFY86W,A31WWR0DZ1UNBI,1,2026-02-07T00:00:00Z,2026-02-17T09:42:52Z,19.1825,19.1825,0,5.24,5.2400,5.2400,5.2400,249.7144,249.7144,0,,,flat,0,0,0,0,1,0,FBA,5.35,0,,,,DERIVED_FROM_SELLER_OBSERVATION_HISTORY,
2026-02-17T09:42:52Z,2026-02-17,UK,VF-3T0K-DR5O,B08KFFY86W,A328TDCKZBQUHR,1,2026-02-07T00:00:00Z,2026-02-17T09:42:52Z,19.1825,19.1825,0,5.15,5.1500,5.1500,5.1500,249.7144,249.7144,0,,,flat,0,0,0,0,1,0,FBA,5.35,0,,,,DERIVED_FROM_SELLER_OBSERVATION_HISTORY,
2026-02-17T09:42:52Z,2026-02-17,UK,VF-3T0K-DR5O,B08KFFY86W,A3P5ROKL5A1OLE,1,2026-02-07T00:00:00Z,2026-02-17T09:42:52Z,19.1825,19.1825,0,7.0,5.2900,7.0000,5.2900,230.5319,249.7144,1,,,up,0,0,0,0,1,0,FBA,5.35,0,,,,DERIVED_FROM_SELLER_OBSERVATION_HISTORY,
2026-02-17T09:42:52Z,2026-02-17,UK,VF-3T0K-DR5O,B08KFFY86W,A3U8ECAOXIZYV1,1,2026-02-07T00:00:00Z,2026-02-17T09:42:52Z,19.1825,19.1825,0,9.45,9.4500,9.4500,9.4500,249.7144,249.7144,0,,,flat,0,0,0,0,1,0,FBA,5.35,0,,,,DERIVED_FROM_SELLER_OBSERVATION_HISTORY,
2026-02-17T09:42:52Z,2026-02-17,UK,VF-3T0K-DR5O,B08KFFY86W,A3VZBF976O8DK2,1,2026-02-07T00:00:00Z,2026-02-17T09:42:52Z,19.1825,19.1825,0,11.99,11.9900,11.9900,11.9900,249.7144,249.7144,0,,,flat,0,0,0,0,1,0,FBA,5.35,0,,,,DERIVED_FROM_SELLER_OBSERVATION_HISTORY,
2026-02-17T09:42:52Z,2026-02-17,UK,VF-3T0K-DR5O,B08KFFY86W,A6LWA092O6PLA,1,2026-02-07T00:00:00Z,2026-02-17T09:42:52Z,19.1825,19.1825,0,4.85,4.8500,4.8500,4.8500,249.7144,249.7144,0,,,flat,0,0,0,0,1,0,FBA,5.35,0,,,,DERIVED_FROM_SELLER_OBSERVATION_HISTORY,
2026-02-17T09:42:52Z,2026-02-17,UK,VF-3T0K-DR5O,B08KFFY86W,AB5OM860MS57Z,1,2026-02-07T00:00:00Z,2026-02-17T09:42:52Z,19.1825,19.1825,0,5.35,5.3500,5.3500,5.3500,249.7144,249.7144,0,,,flat,0,0,0,0,1,0,FBA,5.35,0,,,,DERIVED_FROM_SELLER_OBSERVATION_HISTORY,
2026-02-17T09:42:52Z,2026-02-17,UK,VF-3T0K-DR5O,B08KFFY86W,AJO4HUCJKGM4X,1,2026-02-07T00:00:00Z,2026-02-17T09:42:52Z,19.1825,19.1825,0,6.37,6.3700,6.3700,6.3700,249.7144,249.7144,0,,,flat,0,0,0,0,1,0,FBA,5.35,0,,,,DERIVED_FROM_SELLER_OBSERVATION_HISTORY,
2026-02-17T09:42:52Z,2026-02-17,UK,VF-3T0K-DR5O,B08KFFY86W,AWDEFA1PV5DF7,1,2026-02-10T00:00:00Z,2026-02-17T09:42:52Z,19.1825,19.1825,0,6.5,6.5000,6.5000,6.5000,177.7144,177.7144,0,,,flat,0,1,1,0,0,1,FBM,5.35,0,,,,DERIVED_FROM_SELLER_OBSERVATION_HISTORY,
2026-02-17T09:42:52Z,2026-02-17,UK,XE-YPAI-HX9F,B086ZD7MG6,A1A4HAEP7CM2XC,1,2026-02-16T14:31:55Z,2026-02-17T09:42:52Z,19.1825,19.1825,0,11.1,11.1000,11.1000,11.1000,19.1825,19.1825,0,,,flat,0,1,2,1,0,1,FBM,9.0,0,,,,DERIVED_FROM_SELLER_OBSERVATION_HISTORY,
2026-02-17T09:42:52Z,2026-02-17,UK,XE-YPAI-HX9F,B086ZD7MG6,A1JC7HNS9WAGK9,1,2026-02-16T14:31:55Z,2026-02-17T09:42:52Z,19.1825,19.1825,0,8.09,8.0900,8.0900,8.0900,19.1825,19.1825,0,,,flat,0,0,0,0,1,0,FBA,9.0,0,,,,DERIVED_FROM_SELLER_OBSERVATION_HISTORY,
2026-02-17T09:42:52Z,2026-02-17,UK,XE-YPAI-HX9F,B086ZD7MG6,A1YUBY1ELGVBNZ,1,2026-02-16T14:31:55Z,2026-02-17T09:42:52Z,19.1825,19.1825,0,11.37,11.3700,11.3700,11.3700,19.1825,19.1825,0,,,flat,0,1,1,0,0,1,FBM,9.0,0,,,,DERIVED_FROM_SELLER_OBSERVATION_HISTORY,
2026-02-17T09:42:52Z,2026-02-17,UK,XE-YPAI-HX9F,B086ZD7MG6,A31QGF4ZPU8GC9,1,2026-02-16T14:31:55Z,2026-02-17T09:42:52Z,19.1825,19.1825,0,7.31,7.3100,7.3100,7.3100,19.1825,19.1825,0,,,flat,0,1,2,1,0,1,FBM,9.0,0,,,,DERIVED_FROM_SELLER_OBSERVATION_HISTORY,
2026-02-17T09:42:52Z,2026-02-17,UK,XE-YPAI-HX9F,B086ZD7MG6,AB5OM860MS57Z,1,2026-02-16T14:31:55Z,2026-02-17T09:42:52Z,19.1825,19.1825,0,9.0,9.0000,9.0000,9.0000,19.1825,19.1825,0,,,flat,0,0,0,0,1,0,FBA,9.0,0,,,,DERIVED_FROM_SELLER_OBSERVATION_HISTORY,
2026-02-17T09:42:52Z,2026-02-17,UK,XE-YPAI-HX9F,B086ZD7MG6,AMTZEDNZE6EVF,1,2026-02-16T14:31:55Z,2026-02-17T09:42:52Z,19.1825,19.1825,0,22.94,22.9400,22.9400,22.9400,19.1825,19.1825,0,,,flat,0,5,6,1,0,5,FBM,9.0,0,,,,DERIVED_FROM_SELLER_OBSERVATION_HISTORY,
2026-02-17T09:42:52Z,2026-02-17,UK,XE-YPAI-HX9F,B086ZD7MG6,ASUZJJAO5898W,1,2026-02-16T14:31:55Z,2026-02-17T09:42:52Z,19.1825,19.1825,0,8.09,8.0900,8.0900,8.0900,19.1825,19.1825,0,,,flat,0,0,0,0,1,0,FBA,9.0,0,,,,DERIVED_FROM_SELLER_OBSERVATION_HISTORY,
2026-02-17T09:42:52Z,2026-02-17,UK,XH-0LAE-FQO5,B00AOES9GE,A1EGWKJ2C3AMWH,1,2026-02-07T00:00:00Z,2026-02-17T09:42:52Z,19.1825,19.1825,0,6.9,6.7000,6.9900,6.7000,249.7144,72.0000,2,,,flat,1,0,0,0,1,0,FBA,6.9,0,,,,DERIVED_FROM_SELLER_OBSERVATION_HISTORY,
2026-02-17T09:42:52Z,2026-02-17,UK,XH-0LAE-FQO5,B00AOES9GE,A2V6U7OVTWHOIQ,1,2026-02-07T00:00:00Z,2026-02-17T09:42:52Z,19.1825,19.1825,0,6.8,6.7500,6.8000,6.8000,72.0000,249.7144,1,,,up,0,0,0,0,1,0,FBA,6.9,0,,,,DERIVED_FROM_SELLER_OBSERVATION_HISTORY,
2026-02-17T09:42:52Z,2026-02-17,UK,XH-0LAE-FQO5,B00AOES9GE,A2YMCJJAZ04D29,1,2026-02-07T00:00:00Z,2026-02-17T09:42:52Z,19.1825,19.1825,0,6.7,6.7000,6.7500,6.7000,249.7144,96.0000,1,,,down,1,0,0,0,1,0,FBA,6.9,0,,,,DERIVED_FROM_SELLER_OBSERVATION_HISTORY,
2026-02-17T09:42:52Z,2026-02-17,UK,XH-0LAE-FQO5,B00AOES9GE,AB5OM860MS57Z,1,2026-02-07T00:00:00Z,2026-02-17T09:42:52Z,19.1825,19.1825,0,6.9,6.9000,6.9000,6.9000,249.7144,249.7144,0,,,flat,0,0,0,0,1,0,FBA,6.9,0,,,,DERIVED_FROM_SELLER_OBSERVATION_HISTORY,
2026-02-17T09:42:52Z,2026-02-17,UK,XH-0LAE-FQO5,B00AOES9GE,ASUZJJAO5898W,1,2026-02-13T06:09:22Z,2026-02-17T09:42:52Z,19.1825,19.1825,0,6.13,6.1300,6.7000,6.4150,99.5583,80.3758,1,,,down,1,1,1,0,1,1,FBA,6.9,0,,,,DERIVED_FROM_SELLER_OBSERVATION_HISTORY,
2026-02-17T09:42:52Z,2026-02-17,UK,XY-UM2X-TPS3,B003VTZAM0,A1JBSHTRJ4VCVO,1,2026-02-07T00:00:00Z,2026-02-17T09:42:52Z,19.1825,19.1825,0,10.25,10.2500,11.2000,11.2000,249.7144,181.6006,2,,,down,2,0,0,0,1,0,FBA,11.47,0,,,,DERIVED_FROM_SELLER_OBSERVATION_HISTORY,
2026-02-17T09:42:52Z,2026-02-17,UK,XY-UM2X-TPS3,B003VTZAM0,A26DO76QVK1JFR,1,2026-02-07T00:00:00Z,2026-02-17T09:42:52Z,19.1825,19.1825,0,12.59,11.9900,12.5900,11.9900,249.7144,249.7144,1,,,up,0,0,0,0,1,0,FBA,11.47,0,,,,DERIVED_FROM_SELLER_OBSERVATION_HISTORY,
2026-02-17T09:42:52Z,2026-02-17,UK,XY-UM2X-TPS3,B003VTZAM0,A2F2QWF9KOYS5K,1,2026-02-07T00:00:00Z,2026-02-17T09:42:52Z,19.1825,19.1825,0,10.99,10.9900,10.9900,10.9900,249.7144,249.7144,0,,,flat,0,1,1,0,0,1,FBM,11.47,0,,,,DERIVED_FROM_SELLER_OBSERVATION_HISTORY,
2026-02-17T09:42:52Z,2026-02-17,UK,XY-UM2X-TPS3,B003VTZAM0,A2I9GFK5QTOYYM,1,2026-02-07T00:00:00Z,2026-02-17T09:42:52Z,19.1825,19.1825,0,11.44,11.4400,11.4400,11.4400,249.7144,249.7144,0,,,flat,0,0,0,0,1,0,FBA,11.47,0,,,,DERIVED_FROM_SELLER_OBSERVATION_HISTORY,
2026-02-17T09:42:52Z,2026-02-17,UK,XY-UM2X-TPS3,B003VTZAM0,A31LES58YOQ58B,1,2026-02-07T00:00:00Z,2026-02-17T09:42:52Z,19.1825,19.1825,0,11.6,11.6000,11.6000,11.6000,249.7144,249.7144,0,,,flat,0,0,0,0,1,0,FBA,11.47,0,,,,DERIVED_FROM_SELLER_OBSERVATION_HISTORY,
2026-02-17T09:42:52Z,2026-02-17,UK,XY-UM2X-TPS3,B003VTZAM0,A31WWR0DZ1UNBI,1,2026-02-14T13:36:02Z,2026-02-17T09:42:52Z,19.1825,19.1825,0,9.99,9.9900,9.9900,9.9900,68.1139,68.1139,0,,,flat,0,0,1,1,1,0,FBA,11.47,0,,,,DERIVED_FROM_SELLER_OBSERVATION_HISTORY,
2026-02-17T09:42:52Z,2026-02-17,UK,XY-UM2X-TPS3,B003VTZAM0,A3HM7WA2CBSOPA,1,2026-02-07T00:00:00Z,2026-02-17T09:42:52Z,19.1825,19.1825,0,10.92,10.9200,10.9200,10.9200,249.7144,249.7144,0,,,flat,0,4,5,1,0,4,FBM,11.47,0,,,,DERIVED_FROM_SELLER_OBSERVATION_HISTORY,
2026-02-17T09:42:52Z,2026-02-17,UK,XY-UM2X-TPS3,B003VTZAM0,AB5OM860MS57Z,1,2026-02-07T00:00:00Z,2026-02-17T09:42:52Z,19.1825,19.1825,0,11.47,11.4700,11.4700,11.4700,249.7144,249.7144,0,,,flat,0,0,0,0,1,0,FBA,11.47,0,,,,DERIVED_FROM_SELLER_OBSERVATION_HISTORY,
2026-02-17T09:42:52Z,2026-02-17,UK,XY-UM2X-TPS3,B003VTZAM0,AHND7IKI8FHV3,1,2026-02-07T00:00:00Z,2026-02-17T09:42:52Z,19.1825,19.1825,0,11.54,11.5400,11.5400,11.5400,249.7144,249.7144,0,,,flat,0,1,2,1,0,1,FBM,11.47,0,,,,DERIVED_FROM_SELLER_OBSERVATION_HISTORY,
2026-02-17T09:42:52Z,2026-02-17,UK,XY-UM2X-TPS3,B003VTZAM0,ATUCW8T149Y55,1,2026-02-07T00:00:00Z,2026-02-17T09:42:52Z,19.1825,19.1825,0,11.59,11.5900,11.5900,11.5900,249.7144,249.7144,0,,,flat,0,2,3,1,0,2,FBM,11.47,0,,,,DERIVED_FROM_SELLER_OBSERVATION_HISTORY,
2026-02-17T09:42:52Z,2026-02-17,UK,XY-UM2X-TPS3,B003VTZAM0,AWANDGFK915DA,1,2026-02-07T00:00:00Z,2026-02-17T09:42:52Z,19.1825,19.1825,0,9.99,9.9900,9.9900,9.9900,249.7144,249.7144,0,,,flat,0,0,0,0,1,0,FBM,11.47,0,,,,DERIVED_FROM_SELLER_OBSERVATION_HISTORY,
2026-02-17T09:42:52Z,2026-02-17,UK,YC-3L3M-BV48,B0CTD6Q6KY,A3P5ROKL5A1OLE,1,2026-02-07T00:00:00Z,2026-02-17T09:42:52Z,19.1825,19.1825,0,105.95,105.9500,105.9500,105.9500,249.7144,249.7144,0,,,flat,0,0,0,0,1,0,FBM,79.0,2,,,,DERIVED_FROM_SELLER_OBSERVATION_HISTORY,
2026-02-17T09:42:52Z,2026-02-17,UK,YC-3L3M-BV48,B0CTD6Q6KY,AB5OM860MS57Z,1,2026-02-07T00:00:00Z,2026-02-17T09:42:52Z,19.1825,19.1825,0,79.0,74.2600,79.2400,74.2600,150.1561,181.6006,2,,,flat,0,0,0,0,1,0,FBA,79.0,2,,,,DERIVED_FROM_SELLER_OBSERVATION_HISTORY,
2026-02-17T09:42:52Z,2026-02-17,UK,YC-3L3M-BV48,B0CTD6Q6KY,AQ20HDTW7QNBM,1,2026-02-07T00:00:00Z,2026-02-17T09:42:52Z,19.1825,19.1825,0,79.0,74.0000,79.0000,74.0000,150.1561,249.7144,1,,,up,0,0,0,0,1,0,FBA,79.0,2,,,,DERIVED_FROM_SELLER_OBSERVATION_HISTORY,
2026-02-18T00:00:17Z,2026-02-18,UK,4W-VS57-BV6A,B0C9LJNJWZ,A16ZATMMFE8J3Y,1,2026-02-07T00:00:00Z,2026-02-18T00:00:17Z,33.4728,14.2903,0,35.99,35.9900,35.9900,35.9900,264.0047,264.0047,0,,,flat,0,0,0,0,1,0,FBM,35.91,0,,,,DERIVED_FROM_SELLER_OBSERVATION_HISTORY,
2026-02-18T00:00:17Z,2026-02-18,UK,4W-VS57-BV6A,B0C9LJNJWZ,A1U2WCBY9FQRJ5,1,2026-02-07T00:00:00Z,2026-02-18T00:00:17Z,33.4728,14.2903,0,38.38,38.3800,38.3800,38.3800,264.0047,264.0047,0,,,flat,0,1,2,1,0,1,FBM,35.91,0,,,,DERIVED_FROM_SELLER_OBSERVATION_HISTORY,
2026-02-18T00:00:17Z,2026-02-18,UK,4W-VS57-BV6A,B0C9LJNJWZ,A23VLR5KYFT1PR,1,2026-02-07T00:00:00Z,2026-02-18T00:00:17Z,33.4728,14.2903,0,34.99,34.9900,34.9900,34.9900,264.0047,264.0047,0,,,flat,0,0,0,0,1,0,FBA,35.91,0,,,,DERIVED_FROM_SELLER_OBSERVATION_HISTORY,
2026-02-18T00:00:17Z,2026-02-18,UK,4W-VS57-BV6A,B0C9LJNJWZ,A2N6W6R4NFCNBX,1,2026-02-07T00:00:00Z,2026-02-18T00:00:17Z,33.4728,14.2903,0,39.69,39.6900,39.6900,39.6900,264.0047,264.0047,0,,,flat,0,0,0,0,0,0,FBM,35.91,0,,,,DERIVED_FROM_SELLER_OBSERVATION_HISTORY,
2026-02-18T00:00:17Z,2026-02-18,UK,4W-VS57-BV6A,B0C9LJNJWZ,A2UD95CFO7TBZQ,1,2026-02-07T00:00:00Z,2026-02-18T00:00:17Z,33.4728,14.2903,0,35.96,35.9600,35.9600,35.9600,264.0047,264.0047,0,,,flat,0,0,0,0,0,0,FBM,35.91,0,,,,DERIVED_FROM_SELLER_OBSERVATION_HISTORY,
2026-02-18T00:00:17Z,2026-02-18,UK,4W-VS57-BV6A,B0C9LJNJWZ,A30DC7701CXIBH,1,2026-02-07T00:00:00Z,2026-02-18T00:00:17Z,33.4728,14.2903,0,40.27,39.8500,40.2700,40.2700,96.0000,264.0047,1,,,up,0,0,0,0,1,0,FBM,35.91,0,,,,DERIVED_FROM_SELLER_OBSERVATION_HISTORY,
2026-02-18T00:00:17Z,2026-02-18,UK,4W-VS57-BV6A,B0C9LJNJWZ,A3HM7WA2CBSOPA,1,2026-02-07T00:00:00Z,2026-02-18T00:00:17Z,33.4728,14.2903,0,39.12,39.1200,39.1200,39.1200,264.0047,264.0047,0,,,flat,0,1,1,0,0,1,FBM,35.91,0,,,,DERIVED_FROM_SELLER_OBSERVATION_HISTORY,
2026-02-18T00:00:17Z,2026-02-18,UK,4W-VS57-BV6A,B0C9LJNJWZ,A3KTB05DIFHO8V,1,2026-02-07T00:00:00Z,2026-02-18T00:00:17Z,33.4728,14.2903,0,44.99,44.9900,44.9900,44.9900,264.0047,264.0047,0,,,flat,0,1,2,1,0,1,FBM,35.91,0,,,,DERIVED_FROM_SELLER_OBSERVATION_HISTORY,
2026-02-18T00:00:17Z,2026-02-18,UK,4W-VS57-BV6A,B0C9LJNJWZ,A3P5ROKL5A1OLE,1,2026-02-07T00:00:00Z,2026-02-18T00:00:17Z,33.4728,14.2903,0,35.0,35.0000,35.0000,35.0000,264.0047,264.0047,0,,,flat,0,0,0,0,1,0,FBA,35.91,0,,,,DERIVED_FROM_SELLER_OBSERVATION_HISTORY,
2026-02-18T00:00:17Z,2026-02-18,UK,4W-VS57-BV6A,B0C9LJNJWZ,AAOJ3B4Z594LC,1,2026-02-07T00:00:00Z,2026-02-18T00:00:17Z,33.4728,14.2903,0,39.06,38.8900,39.2800,38.9750,181.6006,96.9314,3,,,down,1,2,3,1,0,2,FBM,35.91,0,,,,DERIVED_FROM_SELLER_OBSERVATION_HISTORY,
2026-02-18T00:00:17Z,2026-02-18,UK,4W-VS57-BV6A,B0C9LJNJWZ,AB5OM860MS57Z,1,2026-02-07T00:00:00Z,2026-02-18T00:00:17Z,33.4728,14.2903,0,35.91,35.9100,35.9100,35.9100,264.0047,264.0047,0,,,flat,0,0,0,0,1,0,FBA,35.91,0,,,,DERIVED_FROM_SELLER_OBSERVATION_HISTORY,
2026-02-18T00:00:17Z,2026-02-18,UK,4W-VS57-BV6A,B0C9LJNJWZ,AEU2J2P6WG61R,1,2026-02-07T00:00:00Z,2026-02-18T00:00:17Z,33.4728,14.2903,0,37.59,37.5900,37.5900,37.5900,264.0047,264.0047,0,,,flat,0,0,0,0,1,0,FBM,35.91,0,,,,DERIVED_FROM_SELLER_OBSERVATION_HISTORY,
2026-02-18T00:00:17Z,2026-02-18,UK,4W-VS57-BV6A,B0C9LJNJWZ,ARKFZSTQBZS2,1,2026-02-07T00:00:00Z,2026-02-18T00:00:17Z,14.2903,14.2903,0,37.25,37.2500,37.3500,37.2500,164.4464,249.7144,2,,,flat,0,1,2,1,0,1,FBM,35.91,0,,,,DERIVED_FROM_SELLER_OBSERVATION_HISTORY,
2026-02-18T00:00:17Z,2026-02-18,UK,6V-EEC1-2S9Z,B06WW79DX5,A11RGASXV3EWM4,1,2026-02-07T00:00:00Z,2026-02-18T00:00:17Z,33.4728,14.2903,0,8.99,8.9900,9.5000,9.2450,264.0047,150.1561,1,,,down,1,0,0,0,0,0,FBM,7.99,4,,,,DERIVED_FROM_SELLER_OBSERVATION_HISTORY,
2026-02-18T00:00:17Z,2026-02-18,UK,6V-EEC1-2S9Z,B06WW79DX5,A12MJ1FK852SYB,1,2026-02-07T00:00:00Z,2026-02-18T00:00:17Z,33.4728,14.2903,0,9.99,9.9900,9.9900,9.9900,264.0047,264.0047,0,,,flat,0,0,0,0,0,0,FBM,7.99,4,,,,DERIVED_FROM_SELLER_OBSERVATION_HISTORY,
2026-02-18T00:00:17Z,2026-02-18,UK,6V-EEC1-2S9Z,B06WW79DX5,AB5OM860MS57Z,1,2026-02-07T00:00:00Z,2026-02-18T00:00:17Z,33.4728,14.2903,0,7.99,7.8800,7.9900,7.9900,134.2903,225.7144,4,,,flat,2,0,0,0,1,0,FBA,7.99,4,,,,DERIVED_FROM_SELLER_OBSERVATION_HISTORY,
2026-02-18T00:00:17Z,2026-02-18,UK,6V-EEC1-2S9Z,B06WW79DX5,AKQMAXFWUV730,1,2026-02-07T00:00:00Z,2026-02-18T00:00:17Z,33.4728,14.2903,0,9.99,9.9900,9.9900,9.9900,264.0047,264.0047,0,,,flat,0,0,0,0,0,0,FBM,7.99,4,,,,DERIVED_FROM_SELLER_OBSERVATION_HISTORY,
2026-02-18T00:00:17Z,2026-02-18,UK,6V-EEC1-2S9Z,B06WW79DX5,AM6QF58KGUUM9,1,2026-02-07T00:00:00Z,2026-02-18T00:00:17Z,33.4728,14.2903,0,9.17,9.1700,9.4700,9.1700,240.0047,48.0000,3,,,down,2,0,0,0,0,0,FBM,7.99,4,,,,DERIVED_FROM_SELLER_OBSERVATION_HISTORY,
2026-02-18T00:00:17Z,2026-02-18,UK,6V-EEC1-2S9Z,B06WW79DX5,ATUCW8T149Y55,1,2026-02-07T00:00:00Z,2026-02-18T00:00:17Z,33.4728,14.2903,0,10.99,10.9900,10.9900,10.9900,264.0047,264.0047,0,,,flat,0,2,3,1,0,2,FBM,7.99,4,,,,DERIVED_FROM_SELLER_OBSERVATION_HISTORY,
2026-02-18T00:00:17Z,2026-02-18,UK,AX-NKNU-29C1,B08M52B4M5,A24VQX7LPBJ2BC,1,2026-02-07T00:00:00Z,2026-02-18T00:00:17Z,33.4728,14.2903,0,1.99,1.9900,1.9900,1.9900,264.0047,264.0047,0,,,flat,0,9,10,1,0,9,FBM,3.99,0,,,,DERIVED_FROM_SELLER_OBSERVATION_HISTORY,
2026-02-18T00:00:17Z,2026-02-18,UK,AX-NKNU-29C1,B08M52B4M5,A2JJBX08NHT52K,1,2026-02-07T00:00:00Z,2026-02-18T00:00:17Z,33.4728,14.2903,0,5.35,5.3500,5.3500,5.3500,264.0047,264.0047,0,,,flat,0,1,2,1,0,1,FBM,3.99,0,,,,DERIVED_FROM_SELLER_OBSERVATION_HISTORY,
2026-02-18T00:00:17Z,2026-02-18,UK,AX-NKNU-29C1,B08M52B4M5,AB5OM860MS57Z,1,2026-02-07T00:00:00Z,2026-02-18T00:00:17Z,33.4728,14.2903,0,3.99,3.9900,3.9900,3.9900,264.0047,264.0047,0,,,flat,0,0,0,0,1,0,FBA,3.99,0,,,,DERIVED_FROM_SELLER_OBSERVATION_HISTORY,
2026-02-18T00:00:17Z,2026-02-18,UK,AX-NKNU-29C1,B08M52B4M5,AUGCSEQQV3XYY,1,2026-02-07T00:00:00Z,2026-02-18T00:00:17Z,33.4728,14.2903,0,4.99,4.9900,4.9900,4.9900,264.0047,264.0047,0,,,flat,0,1,2,1,0,1,FBM,3.99,0,,,,DERIVED_FROM_SELLER_OBSERVATION_HISTORY,
2026-02-18T00:00:17Z,2026-02-18,UK,JB-RGB6-LZOJ,B0001P0DLU,A24NGU5R55LIUJ,1,2026-02-07T00:00:00Z,2026-02-18T00:00:17Z,33.4728,14.2903,0,7.43,7.4300,7.4300,7.4300,264.0047,264.0047,0,,,flat,0,1,1,0,0,1,FBM,9.98,3,,,,DERIVED_FROM_SELLER_OBSERVATION_HISTORY,
2026-02-18T00:00:17Z,2026-02-18,UK,JB-RGB6-LZOJ,B0001P0DLU,A2FYX6NJ6MUB8R,1,2026-02-07T00:00:00Z,2026-02-18T00:00:17Z,14.2903,14.2903,0,5.95,5.9500,5.9500,5.9500,264.0047,264.0047,0,,,flat,0,0,0,0,1,0,FBA,9.98,3,,,,DERIVED_FROM_SELLER_OBSERVATION_HISTORY,
2026-02-18T00:00:17Z,2026-02-18,UK,JB-RGB6-LZOJ,B0001P0DLU,A2PJYYPKZTZJ0V,1,2026-02-07T00:00:00Z,2026-02-18T00:00:17Z,33.4728,14.2903,0,9.95,9.9500,9.9500,9.9500,264.0047,264.0047,0,,,flat,0,1,1,0,0,1,FBM,9.98,3,,,,DERIVED_FROM_SELLER_OBSERVATION_HISTORY,
2026-02-18T00:00:17Z,2026-02-18,UK,JB-RGB6-LZOJ,B0001P0DLU,A38JZE0FB8NDTE,1,2026-02-07T00:00:00Z,2026-02-18T00:00:17Z,33.4728,14.2903,0,8.67,7.0300,8.6700,8.6700,150.1561,264.0047,1,,,up,0,1,1,0,0,1,FBM,9.98,3,,,,DERIVED_FROM_SELLER_OBSERVATION_HISTORY,
2026-02-18T00:00:17Z,2026-02-18,UK,JB-RGB6-LZOJ,B0001P0DLU,A39VTM0CZSRJZA,1,2026-02-07T00:00:00Z,2026-02-18T00:00:17Z,33.4728,14.2903,0,6.75,6.3500,6.7500,6.3500,181.6006,264.0047,1,,,up,0,0,0,0,0,0,FBM,9.98,3,,,,DERIVED_FROM_SELLER_OBSERVATION_HISTORY,
2026-02-18T00:00:17Z,2026-02-18,UK,JB-RGB6-LZOJ,B0001P0DLU,A3HM7WA2CBSOPA,1,2026-02-07T00:00:00Z,2026-02-18T00:00:17Z,33.4728,14.2903,0,6.91,6.9100,6.9100,6.9100,264.0047,264.0047,0,,,flat,0,2,3,1,0,2,FBM,9.98,3,,,,DERIVED_FROM_SELLER_OBSERVATION_HISTORY,
2026-02-18T00:00:17Z,2026-02-18,UK,JB-RGB6-LZOJ,B0001P0DLU,A3SK1E64BDMB7W,1,2026-02-07T00:00:00Z,2026-02-18T00:00:17Z,33.4728,14.2903,0,12.56,12.0600,12.5600,12.5600,72.0000,264.0047,1,,,up,0,1,1,0,0,1,FBM,9.98,3,,,,DERIVED_FROM_SELLER_OBSERVATION_HISTORY,
2026-02-18T00:00:17Z,2026-02-18,UK,JB-RGB6-LZOJ,B0001P0DLU,A3V2W4NCHQN1W7,1,2026-02-07T00:00:00Z,2026-02-18T00:00:17Z,33.4728,14.2903,0,10.21,10.2100,10.2100,10.2100,264.0047,264.0047,0,,,flat,0,0,0,0,1,0,FBM,9.98,3,,,,DERIVED_FROM_SELLER_OBSERVATION_HISTORY,
2026-02-18T00:00:17Z,2026-02-18,UK,JB-RGB6-LZOJ,B0001P0DLU,AB5OM860MS57Z,1,2026-02-07T00:00:00Z,2026-02-18T00:00:17Z,33.4728,14.2903,0,9.98,6.1300,9.9900,9.9800,48.0000,181.6006,3,,,up,0,0,0,0,1,0,FBA,9.98,3,,,,DERIVED_FROM_SELLER_OBSERVATION_HISTORY,
2026-02-18T00:00:17Z,2026-02-18,UK,JB-RGB6-LZOJ,B0001P0DLU,AKBY7ZMYYJKZC,1,2026-02-07T00:00:00Z,2026-02-18T00:00:17Z,33.4728,14.2903,0,6.9,6.9000,6.9000,6.9000,264.0047,264.0047,0,,,flat,0,1,1,0,0,1,FBM,9.98,3,,,,DERIVED_FROM_SELLER_OBSERVATION_HISTORY,
2026-02-18T00:00:17Z,2026-02-18,UK,JB-RGB6-LZOJ,B0001P0DLU,AY357ZGTL1GSV,1,2026-02-07T00:00:00Z,2026-02-18T00:00:17Z,33.4728,14.2903,0,7.8,7.8000,7.8000,7.8000,264.0047,264.0047,0,,,flat,0,1,1,0,0,1,FBM,9.98,3,,,,DERIVED_FROM_SELLER_OBSERVATION_HISTORY,
2026-02-18T00:00:17Z,2026-02-18,UK,L1-54EX-56YC,B09445GL1C,A1DAYMAX3O8XTV,1,2026-02-16T14:31:55Z,2026-02-18T00:00:17Z,33.4728,14.2903,0,15.74,15.7400,15.7400,15.7400,33.4728,33.4728,0,,,flat,0,0,0,0,1,0,FBA,12.53,2,,,,DERIVED_FROM_SELLER_OBSERVATION_HISTORY,
2026-02-18T00:00:17Z,2026-02-18,UK,L1-54EX-56YC,B09445GL1C,A1P7PKAFGZHTEE,1,2026-02-16T14:31:55Z,2026-02-18T00:00:17Z,33.4728,14.2903,0,16.99,16.9900,16.9900,16.9900,33.4728,33.4728,0,,,flat,0,1,1,0,0,1,FBM,12.53,2,,,,DERIVED_FROM_SELLER_OBSERVATION_HISTORY,
2026-02-18T00:00:17Z,2026-02-18,UK,L1-54EX-56YC,B09445GL1C,A20Z9N2SH0I9BC,1,2026-02-16T14:31:55Z,2026-02-18T00:00:17Z,33.4728,14.2903,0,14.3,14.3000,14.3000,14.3000,33.4728,33.4728,0,,,flat,0,0,0,0,1,0,FBA,12.53,2,,,,DERIVED_FROM_SELLER_OBSERVATION_HISTORY,
2026-02-18T00:00:17Z,2026-02-18,UK,L1-54EX-56YC,B09445GL1C,A292BGT65ET8F0,1,2026-02-16T14:31:55Z,2026-02-18T00:00:17Z,33.4728,14.2903,0,12.53,12.5300,13.7000,13.5900,33.4728,19.1825,2,,,down,2,0,0,0,0,0,FBM,12.53,2,,,,DERIVED_FROM_SELLER_OBSERVATION_HISTORY,
2026-02-18T00:00:17Z,2026-02-18,UK,L1-54EX-56YC,B09445GL1C,AB5OM860MS57Z,1,2026-02-16T14:31:55Z,2026-02-18T00:00:17Z,33.4728,14.2903,0,12.53,12.5300,14.3000,13.2400,33.4728,19.1825,2,,,down,2,0,0,0,1,0,FBA,12.53,2,,,,DERIVED_FROM_SELLER_OBSERVATION_HISTORY,
2026-02-18T00:00:17Z,2026-02-18,UK,RZ-6ZL9-CZ7J,B075XT2J8X,A11153KMTVDZI1,1,2026-02-07T00:00:00Z,2026-02-18T00:00:17Z,33.4728,14.2903,0,6.6,6.6000,6.6000,6.6000,264.0047,264.0047,0,,,flat,0,0,0,0,1,0,FBA,6.97,0,,,,DERIVED_FROM_SELLER_OBSERVATION_HISTORY,
2026-02-18T00:00:17Z,2026-02-18,UK,RZ-6ZL9-CZ7J,B075XT2J8X,A15X20ZKTLRSBW,1,2026-02-07T00:00:00Z,2026-02-18T00:00:17Z,33.4728,14.2903,0,6.35,6.3500,6.3500,6.3500,264.0047,264.0047,0,,,flat,0,0,0,0,1,0,FBA,6.97,0,,,,DERIVED_FROM_SELLER_OBSERVATION_HISTORY,
2026-02-18T00:00:17Z,2026-02-18,UK,RZ-6ZL9-CZ7J,B075XT2J8X,A196JBKNW3T4BS,1,2026-02-07T00:00:00Z,2026-02-18T00:00:17Z,33.4728,33.4728,0,3.27,3.2700,3.2700,3.2700,264.0047,264.0047,0,,,flat,0,1,1,0,0,1,FBM,6.97,0,,,,DERIVED_FROM_SELLER_OBSERVATION_HISTORY,
2026-02-18T00:00:17Z,2026-02-18,UK,RZ-6ZL9-CZ7J,B075XT2J8X,A1QKNW4W5SPM7T,1,2026-02-07T00:00:00Z,2026-02-18T00:00:17Z,33.4728,14.2903,0,6.35,6.3500,7.6100,7.6100,264.0047,249.7144,1,,,down,1,1,1,0,0,1,FBM,6.97,0,,,,DERIVED_FROM_SELLER_OBSERVATION_HISTORY,
2026-02-18T00:00:17Z,2026-02-18,UK,RZ-6ZL9-CZ7J,B075XT2J8X,A1R64IUNVWPSMR,1,2026-02-07T00:00:00Z,2026-02-18T00:00:17Z,33.4728,14.2903,0,7.47,7.4700,7.4700,7.4700,264.0047,264.0047,0,,,flat,0,2,3,1,0,2,FBM,6.97,0,,,,DERIVED_FROM_SELLER_OBSERVATION_HISTORY,
2026-02-18T00:00:17Z,2026-02-18,UK,RZ-6ZL9-CZ7J,B075XT2J8X,A2JJBX08NHT52K,1,2026-02-07T00:00:00Z,2026-02-18T00:00:17Z,33.4728,14.2903,0,5.07,5.0700,5.0700,5.0700,264.0047,264.0047,0,,,flat,0,1,2,1,0,1,FBM,6.97,0,,,,DERIVED_FROM_SELLER_OBSERVATION_HISTORY,
2026-02-18T00:00:17Z,2026-02-18,UK,RZ-6ZL9-CZ7J,B075XT2J8X,A35UPYDMLICYZX,1,2026-02-07T00:00:00Z,2026-02-18T00:00:17Z,33.4728,14.2903,0,10.56,10.5600,10.5600,10.5600,264.0047,264.0047,0,,,flat,0,1,1,0,0,1,FBM,6.97,0,,,,DERIVED_FROM_SELLER_OBSERVATION_HISTORY,
2026-02-18T00:00:17Z,2026-02-18,UK,RZ-6ZL9-CZ7J,B075XT2J8X,A3C70I7GKRCETI,1,2026-02-07T00:00:00Z,2026-02-18T00:00:17Z,33.4728,14.2903,0,6.35,6.3500,6.3500,6.3500,264.0047,264.0047,0,,,flat,0,0,0,0,1,0,FBA,6.97,0,,,,DERIVED_FROM_SELLER_OBSERVATION_HISTORY,
2026-02-18T00:00:17Z,2026-02-18,UK,RZ-6ZL9-CZ7J,B075XT2J8X,A6VPZZ5FEXGVE,1,2026-02-07T00:00:00Z,2026-02-18T00:00:17Z,33.4728,14.2903,0,8.99,8.9900,8.9900,8.9900,264.0047,264.0047,0,,,flat,0,1,1,0,0,1,FBM,6.97,0,,,,DERIVED_FROM_SELLER_OBSERVATION_HISTORY,
2026-02-18T00:00:17Z,2026-02-18,UK,RZ-6ZL9-CZ7J,B075XT2J8X,AB5OM860MS57Z,1,2026-02-07T00:00:00Z,2026-02-18T00:00:17Z,33.4728,14.2903,0,6.97,6.9700,6.9700,6.9700,264.0047,264.0047,0,,,flat,0,0,0,0,1,0,FBA,6.97,0,,,,DERIVED_FROM_SELLER_OBSERVATION_HISTORY,
2026-02-18T00:00:17Z,2026-02-18,UK,RZ-6ZL9-CZ7J,B075XT2J8X,AQ5QH5GRISO14,1,2026-02-12T00:00:00Z,2026-02-18T00:00:17Z,33.4728,14.2903,0,6.6,6.6000,6.6000,6.6000,144.0047,144.0047,0,,,flat,0,0,0,0,1,0,FBA,6.97,0,,,,DERIVED_FROM_SELLER_OBSERVATION_HISTORY,
2026-02-18T00:00:17Z,2026-02-18,UK,TJ-6LOP-OPEU,B08P63MSS9,A2FWYQ039SD442,1,2026-02-07T00:00:00Z,2026-02-18T00:00:17Z,33.4728,14.2903,0,8.96,8.1300,9.0000,8.9550,48.0000,183.6289,9,,,up,0,0,0,0,1,0,FBA,8.96,8,,,,DERIVED_FROM_SELLER_OBSERVATION_HISTORY,
2026-02-18T00:00:17Z,2026-02-18,UK,TJ-6LOP-OPEU,B08P63MSS9,A2JJBX08NHT52K,1,2026-02-07T00:00:00Z,2026-02-18T00:00:17Z,33.4728,14.2903,0,4.61,4.6100,4.6100,4.6100,264.0047,264.0047,0,,,flat,0,1,2,1,0,1,FBM,8.96,8,,,,DERIVED_FROM_SELLER_OBSERVATION_HISTORY,
2026-02-18T00:00:17Z,2026-02-18,UK,TJ-6LOP-OPEU,B08P63MSS9,A3IIOPC5WY6KKR,1,2026-02-07T00:00:00Z,2026-02-18T00:00:17Z,33.4728,14.2903,0,8.68,8.1200,8.6800,8.6800,48.0000,264.0047,3,,,up,0,1,2,1,0,1,FBM,8.96,8,,,,DERIVED_FROM_SELLER_OBSERVATION_HISTORY,
2026-02-18T00:00:17Z,2026-02-18,UK,TJ-6LOP-OPEU,B08P63MSS9,AB5OM860MS57Z,1,2026-02-07T00:00:00Z,2026-02-18T00:00:17Z,33.4728,14.2903,0,8.96,8.1300,8.9800,8.9550,48.0000,169.3386,8,,,up,0,0,0,0,1,0,FBA,8.96,8,,,,DERIVED_FROM_SELLER_OBSERVATION_HISTORY,
2026-02-18T00:00:17Z,2026-02-18,UK,TJ-6LOP-OPEU,B08P63MSS9,AHPS0P3VVEPP4,1,2026-02-07T00:00:00Z,2026-02-18T00:00:17Z,33.4728,14.2903,0,9.88,9.8800,9.8800,9.8800,264.0047,264.0047,0,,,flat,0,1,1,0,0,1,FBM,8.96,8,,,,DERIVED_FROM_SELLER_OBSERVATION_HISTORY,
2026-02-18T00:00:17Z,2026-02-18,UK,VF-3T0K-DR5O,B08KFFY86W,A1EGWKJ2C3AMWH,1,2026-02-07T00:00:00Z,2026-02-18T00:00:17Z,33.4728,14.2903,0,5.05,5.0500,5.0500,5.0500,264.0047,264.0047,0,,,flat,0,0,0,0,1,0,FBA,5.35,0,,,,DERIVED_FROM_SELLER_OBSERVATION_HISTORY,
2026-02-18T00:00:17Z,2026-02-18,UK,VF-3T0K-DR5O,B08KFFY86W,A1PDJFYGLPZ86M,1,2026-02-07T00:00:00Z,2026-02-18T00:00:17Z,33.4728,14.2903,0,4.85,4.8400,4.8800,4.8800,264.0047,249.7144,2,,,flat,1,0,0,0,1,0,FBA,5.35,0,,,,DERIVED_FROM_SELLER_OBSERVATION_HISTORY,
2026-02-18T00:00:17Z,2026-02-18,UK,VF-3T0K-DR5O,B08KFFY86W,A1R64IUNVWPSMR,1,2026-02-07T00:00:00Z,2026-02-18T00:00:17Z,33.4728,14.2903,0,9.55,9.5500,9.5500,9.5500,264.0047,264.0047,0,,,flat,0,2,3,1,0,2,FBM,5.35,0,,,,DERIVED_FROM_SELLER_OBSERVATION_HISTORY,
2026-02-18T00:00:17Z,2026-02-18,UK,VF-3T0K-DR5O,B08KFFY86W,A21NMD767VKPKA,1,2026-02-07T00:00:00Z,2026-02-18T00:00:17Z,33.4728,14.2903,0,4.89,4.8900,4.8900,4.8900,264.0047,264.0047,0,,,flat,0,0,0,0,1,0,FBA,5.35,0,,,,DERIVED_FROM_SELLER_OBSERVATION_HISTORY,
2026-02-18T00:00:17Z,2026-02-18,UK,VF-3T0K-DR5O,B08KFFY86W,A2JHK2RGHEOXUY,1,2026-02-07T00:00:00Z,2026-02-18T00:00:17Z,33.4728,14.2903,0,4.85,4.8500,4.8900,4.8500,240.0047,72.0000,2,,,flat,0,0,0,0,1,0,FBA,5.35,0,,,,DERIVED_FROM_SELLER_OBSERVATION_HISTORY,
2026-02-18T00:00:17Z,2026-02-18,UK,VF-3T0K-DR5O,B08KFFY86W,A2MSCEFUU7IF9P,1,2026-02-07T00:00:00Z,2026-02-18T00:00:17Z,33.4728,14.2903,0,4.84,4.8400,4.8500,4.8500,264.0047,249.7144,1,,,down,1,0,0,0,1,0,FBA,5.35,0,,,,DERIVED_FROM_SELLER_OBSERVATION_HISTORY,
2026-02-18T00:00:17Z,2026-02-18,UK,VF-3T0K-DR5O,B08KFFY86W,A2V6U7OVTWHOIQ,1,2026-02-07T00:00:00Z,2026-02-18T00:00:17Z,33.4728,14.2903,0,6.5,6.5000,6.5000,6.5000,264.0047,264.0047,0,,,flat,0,0,0,0,1,0,FBA,5.35,0,,,,DERIVED_FROM_SELLER_OBSERVATION_HISTORY,
2026-02-18T00:00:17Z,2026-02-18,UK,VF-3T0K-DR5O,B08KFFY86W,A2YMCJJAZ04D29,1,2026-02-07T00:00:00Z,2026-02-18T00:00:17Z,33.4728,14.2903,0,5.05,5.0500,5.0500,5.0500,264.0047,264.0047,0,,,flat,0,0,0,0,1,0,FBA,5.35,0,,,,DERIVED_FROM_SELLER_OBSERVATION_HISTORY,
2026-02-18T00:00:17Z,2026-02-18,UK,VF-3T0K-DR5O,B08KFFY86W,A31WWR0DZ1UNBI,1,2026-02-07T00:00:00Z,2026-02-18T00:00:17Z,33.4728,14.2903,0,5.24,5.2400,5.2400,5.2400,264.0047,264.0047,0,,,flat,0,0,0,0,1,0,FBA,5.35,0,,,,DERIVED_FROM_SELLER_OBSERVATION_HISTORY,
2026-02-18T00:00:17Z,2026-02-18,UK,VF-3T0K-DR5O,B08KFFY86W,A328TDCKZBQUHR,1,2026-02-07T00:00:00Z,2026-02-18T00:00:17Z,33.4728,14.2903,0,5.15,5.1500,5.1500,5.1500,264.0047,264.0047,0,,,flat,0,0,0,0,1,0,FBA,5.35,0,,,,DERIVED_FROM_SELLER_OBSERVATION_HISTORY,
2026-02-18T00:00:17Z,2026-02-18,UK,VF-3T0K-DR5O,B08KFFY86W,A3P5ROKL5A1OLE,1,2026-02-07T00:00:00Z,2026-02-18T00:00:17Z,33.4728,14.2903,0,7.0,5.2900,7.0000,5.2900,230.5319,264.0047,1,,,up,0,0,0,0,1,0,FBA,5.35,0,,,,DERIVED_FROM_SELLER_OBSERVATION_HISTORY,
2026-02-18T00:00:17Z,2026-02-18,UK,VF-3T0K-DR5O,B08KFFY86W,A3U8ECAOXIZYV1,1,2026-02-07T00:00:00Z,2026-02-18T00:00:17Z,33.4728,14.2903,0,9.45,9.4500,9.4500,9.4500,264.0047,264.0047,0,,,flat,0,0,0,0,1,0,FBA,5.35,0,,,,DERIVED_FROM_SELLER_OBSERVATION_HISTORY,
2026-02-18T00:00:17Z,2026-02-18,UK,VF-3T0K-DR5O,B08KFFY86W,A3VZBF976O8DK2,1,2026-02-07T00:00:00Z,2026-02-18T00:00:17Z,33.4728,14.2903,0,11.99,11.9900,11.9900,11.9900,264.0047,264.0047,0,,,flat,0,0,0,0,1,0,FBA,5.35,0,,,,DERIVED_FROM_SELLER_OBSERVATION_HISTORY,
2026-02-18T00:00:17Z,2026-02-18,UK,VF-3T0K-DR5O,B08KFFY86W,A6LWA092O6PLA,1,2026-02-07T00:00:00Z,2026-02-18T00:00:17Z,33.4728,14.2903,0,4.85,4.8500,4.8500,4.8500,264.0047,264.0047,0,,,flat,0,0,0,0,1,0,FBA,5.35,0,,,,DERIVED_FROM_SELLER_OBSERVATION_HISTORY,
2026-02-18T00:00:17Z,2026-02-18,UK,VF-3T0K-DR5O,B08KFFY86W,AB5OM860MS57Z,1,2026-02-07T00:00:00Z,2026-02-18T00:00:17Z,33.4728,14.2903,0,5.35,5.3500,5.3500,5.3500,264.0047,264.0047,0,,,flat,0,0,0,0,1,0,FBA,5.35,0,,,,DERIVED_FROM_SELLER_OBSERVATION_HISTORY,
2026-02-18T00:00:17Z,2026-02-18,UK,VF-3T0K-DR5O,B08KFFY86W,AJO4HUCJKGM4X,1,2026-02-07T00:00:00Z,2026-02-18T00:00:17Z,33.4728,14.2903,0,6.37,6.3700,6.3700,6.3700,264.0047,264.0047,0,,,flat,0,0,0,0,1,0,FBA,5.35,0,,,,DERIVED_FROM_SELLER_OBSERVATION_HISTORY,
2026-02-18T00:00:17Z,2026-02-18,UK,VF-3T0K-DR5O,B08KFFY86W,AWDEFA1PV5DF7,1,2026-02-10T00:00:00Z,2026-02-18T00:00:17Z,33.4728,14.2903,0,6.5,6.5000,6.5000,6.5000,192.0047,192.0047,0,,,flat,0,1,1,0,0,1,FBM,5.35,0,,,,DERIVED_FROM_SELLER_OBSERVATION_HISTORY,
2026-02-18T00:00:17Z,2026-02-18,UK,XE-YPAI-HX9F,B086ZD7MG6,A1A4HAEP7CM2XC,1,2026-02-16T14:31:55Z,2026-02-18T00:00:17Z,33.4728,14.2903,0,11.1,11.1000,11.1000,11.1000,33.4728,33.4728,0,,,flat,0,1,2,1,0,1,FBM,9.0,0,,,,DERIVED_FROM_SELLER_OBSERVATION_HISTORY,
2026-02-18T00:00:17Z,2026-02-18,UK,XE-YPAI-HX9F,B086ZD7MG6,A1JC7HNS9WAGK9,1,2026-02-16T14:31:55Z,2026-02-18T00:00:17Z,33.4728,14.2903,0,8.09,8.0900,8.0900,8.0900,33.4728,33.4728,0,,,flat,0,0,0,0,1,0,FBA,9.0,0,,,,DERIVED_FROM_SELLER_OBSERVATION_HISTORY,
2026-02-18T00:00:17Z,2026-02-18,UK,XE-YPAI-HX9F,B086ZD7MG6,A1YUBY1ELGVBNZ,1,2026-02-16T14:31:55Z,2026-02-18T00:00:17Z,33.4728,14.2903,0,11.37,11.3700,11.3700,11.3700,33.4728,33.4728,0,,,flat,0,1,1,0,0,1,FBM,9.0,0,,,,DERIVED_FROM_SELLER_OBSERVATION_HISTORY,
2026-02-18T00:00:17Z,2026-02-18,UK,XE-YPAI-HX9F,B086ZD7MG6,A31QGF4ZPU8GC9,1,2026-02-16T14:31:55Z,2026-02-18T00:00:17Z,33.4728,14.2903,0,7.31,7.3100,7.3100,7.3100,33.4728,33.4728,0,,,flat,0,1,2,1,0,1,FBM,9.0,0,,,,DERIVED_FROM_SELLER_OBSERVATION_HISTORY,
2026-02-18T00:00:17Z,2026-02-18,UK,XE-YPAI-HX9F,B086ZD7MG6,AB5OM860MS57Z,1,2026-02-16T14:31:55Z,2026-02-18T00:00:17Z,33.4728,14.2903,0,9.0,9.0000,9.0000,9.0000,33.4728,33.4728,0,,,flat,0,0,0,0,1,0,FBA,9.0,0,,,,DERIVED_FROM_SELLER_OBSERVATION_HISTORY,
2026-02-18T00:00:17Z,2026-02-18,UK,XE-YPAI-HX9F,B086ZD7MG6,AMTZEDNZE6EVF,1,2026-02-16T14:31:55Z,2026-02-18T00:00:17Z,33.4728,14.2903,0,22.96,22.9400,22.9600,22.9400,33.4728,33.4728,1,,,up,0,5,6,1,0,5,FBM,9.0,0,,,,DERIVED_FROM_SELLER_OBSERVATION_HISTORY,
2026-02-18T00:00:17Z,2026-02-18,UK,XE-YPAI-HX9F,B086ZD7MG6,ASUZJJAO5898W,1,2026-02-16T14:31:55Z,2026-02-18T00:00:17Z,33.4728,14.2903,0,8.09,8.0900,8.0900,8.0900,33.4728,33.4728,0,,,flat,0,0,0,0,1,0,FBA,9.0,0,,,,DERIVED_FROM_SELLER_OBSERVATION_HISTORY,
2026-02-18T00:00:17Z,2026-02-18,UK,XH-0LAE-FQO5,B00AOES9GE,A1EGWKJ2C3AMWH,1,2026-02-07T00:00:00Z,2026-02-18T00:00:17Z,33.4728,14.2903,0,6.9,6.7000,6.9900,6.7000,249.7144,72.0000,2,,,flat,1,0,0,0,1,0,FBA,6.9,0,,,,DERIVED_FROM_SELLER_OBSERVATION_HISTORY,
2026-02-18T00:00:17Z,2026-02-18,UK,XH-0LAE-FQO5,B00AOES9GE,A2V6U7OVTWHOIQ,1,2026-02-07T00:00:00Z,2026-02-18T00:00:17Z,33.4728,14.2903,0,6.8,6.7500,6.8000,6.8000,72.0000,264.0047,1,,,up,0,0,0,0,1,0,FBA,6.9,0,,,,DERIVED_FROM_SELLER_OBSERVATION_HISTORY,
2026-02-18T00:00:17Z,2026-02-18,UK,XH-0LAE-FQO5,B00AOES9GE,A2YMCJJAZ04D29,1,2026-02-07T00:00:00Z,2026-02-18T00:00:17Z,33.4728,14.2903,0,6.7,6.7000,6.7500,6.7000,264.0047,96.0000,1,,,down,1,0,0,0,1,0,FBA,6.9,0,,,,DERIVED_FROM_SELLER_OBSERVATION_HISTORY,
2026-02-18T00:00:17Z,2026-02-18,UK,XH-0LAE-FQO5,B00AOES9GE,AB5OM860MS57Z,1,2026-02-07T00:00:00Z,2026-02-18T00:00:17Z,33.4728,14.2903,0,6.9,6.9000,6.9000,6.9000,264.0047,264.0047,0,,,flat,0,0,0,0,1,0,FBA,6.9,0,,,,DERIVED_FROM_SELLER_OBSERVATION_HISTORY,
2026-02-18T00:00:17Z,2026-02-18,UK,XH-0LAE-FQO5,B00AOES9GE,ASUZJJAO5898W,1,2026-02-13T06:09:22Z,2026-02-18T00:00:17Z,33.4728,14.2903,0,6.13,6.1300,6.7000,6.1300,113.8486,80.3758,1,,,down,1,0,0,0,1,0,FBA,6.9,0,,,,DERIVED_FROM_SELLER_OBSERVATION_HISTORY,
2026-02-18T00:00:17Z,2026-02-18,UK,XY-UM2X-TPS3,B003VTZAM0,A1JBSHTRJ4VCVO,1,2026-02-07T00:00:00Z,2026-02-18T00:00:17Z,33.4728,14.2903,0,10.25,10.2500,11.2000,11.2000,264.0047,181.6006,2,,,down,2,0,0,0,1,0,FBA,11.47,0,,,,DERIVED_FROM_SELLER_OBSERVATION_HISTORY,
2026-02-18T00:00:17Z,2026-02-18,UK,XY-UM2X-TPS3,B003VTZAM0,A26DO76QVK1JFR,1,2026-02-07T00:00:00Z,2026-02-18T00:00:17Z,33.4728,14.2903,0,11.99,11.9900,12.5900,11.9900,249.7144,264.0047,2,,,flat,0,0,0,0,1,0,FBA,11.47,0,,,,DERIVED_FROM_SELLER_OBSERVATION_HISTORY,
2026-02-18T00:00:17Z,2026-02-18,UK,XY-UM2X-TPS3,B003VTZAM0,A2F2QWF9KOYS5K,1,2026-02-07T00:00:00Z,2026-02-18T00:00:17Z,33.4728,14.2903,0,10.99,10.9900,10.9900,10.9900,264.0047,264.0047,0,,,flat,0,1,1,0,0,1,FBM,11.47,0,,,,DERIVED_FROM_SELLER_OBSERVATION_HISTORY,
2026-02-18T00:00:17Z,2026-02-18,UK,XY-UM2X-TPS3,B003VTZAM0,A2I9GFK5QTOYYM,1,2026-02-07T00:00:00Z,2026-02-18T00:00:17Z,33.4728,14.2903,0,11.44,11.4400,11.4400,11.4400,264.0047,264.0047,0,,,flat,0,0,0,0,1,0,FBA,11.47,0,,,,DERIVED_FROM_SELLER_OBSERVATION_HISTORY,
2026-02-18T00:00:17Z,2026-02-18,UK,XY-UM2X-TPS3,B003VTZAM0,A31LES58YOQ58B,1,2026-02-07T00:00:00Z,2026-02-18T00:00:17Z,33.4728,14.2903,0,11.6,11.6000,11.6000,11.6000,264.0047,264.0047,0,,,flat,0,0,0,0,1,0,FBA,11.47,0,,,,DERIVED_FROM_SELLER_OBSERVATION_HISTORY,
2026-02-18T00:00:17Z,2026-02-18,UK,XY-UM2X-TPS3,B003VTZAM0,A31WWR0DZ1UNBI,1,2026-02-14T13:36:02Z,2026-02-18T00:00:17Z,33.4728,14.2903,0,9.99,9.9900,9.9900,9.9900,82.4042,82.4042,0,,,flat,0,0,1,1,1,0,FBA,11.47,0,,,,DERIVED_FROM_SELLER_OBSERVATION_HISTORY,
2026-02-18T00:00:17Z,2026-02-18,UK,XY-UM2X-TPS3,B003VTZAM0,A3HM7WA2CBSOPA,1,2026-02-07T00:00:00Z,2026-02-18T00:00:17Z,33.4728,14.2903,0,10.92,10.9200,10.9200,10.9200,264.0047,264.0047,0,,,flat,0,4,5,1,0,4,FBM,11.47,0,,,,DERIVED_FROM_SELLER_OBSERVATION_HISTORY,
2026-02-18T00:00:17Z,2026-02-18,UK,XY-UM2X-TPS3,B003VTZAM0,AB5OM860MS57Z,1,2026-02-07T00:00:00Z,2026-02-18T00:00:17Z,33.4728,14.2903,0,11.47,11.4700,11.4700,11.4700,264.0047,264.0047,0,,,flat,0,0,0,0,1,0,FBA,11.47,0,,,,DERIVED_FROM_SELLER_OBSERVATION_HISTORY,
2026-02-18T00:00:17Z,2026-02-18,UK,XY-UM2X-TPS3,B003VTZAM0,AHND7IKI8FHV3,1,2026-02-07T00:00:00Z,2026-02-18T00:00:17Z,33.4728,14.2903,0,11.54,11.5400,11.5400,11.5400,264.0047,264.0047,0,,,flat,0,1,2,1,0,1,FBM,11.47,0,,,,DERIVED_FROM_SELLER_OBSERVATION_HISTORY,
2026-02-18T00:00:17Z,2026-02-18,UK,XY-UM2X-TPS3,B003VTZAM0,ATUCW8T149Y55,1,2026-02-07T00:00:00Z,2026-02-18T00:00:17Z,33.4728,14.2903,0,11.59,11.5900,11.5900,11.5900,264.0047,264.0047,0,,,flat,0,2,3,1,0,2,FBM,11.47,0,,,,DERIVED_FROM_SELLER_OBSERVATION_HISTORY,
2026-02-18T00:00:17Z,2026-02-18,UK,XY-UM2X-TPS3,B003VTZAM0,AWANDGFK915DA,1,2026-02-07T00:00:00Z,2026-02-18T00:00:17Z,33.4728,14.2903,0,9.99,9.9900,9.9900,9.9900,264.0047,264.0047,0,,,flat,0,0,0,0,1,0,FBM,11.47,0,,,,DERIVED_FROM_SELLER_OBSERVATION_HISTORY,
2026-02-18T00:00:17Z,2026-02-18,UK,YC-3L3M-BV48,B0CTD6Q6KY,AB5OM860MS57Z,1,2026-02-07T00:00:00Z,2026-02-18T00:00:17Z,33.4728,14.2903,0,79.24,74.2600,79.2400,76.6300,150.1561,181.6006,3,,,up,0,0,0,0,1,0,FBA,79.24,3,,,,DERIVED_FROM_SELLER_OBSERVATION_HISTORY,
2026-02-18T00:00:17Z,2026-02-18,UK,YC-3L3M-BV48,B0CTD6Q6KY,AQ20HDTW7QNBM,1,2026-02-07T00:00:00Z,2026-02-18T00:00:17Z,33.4728,14.2903,0,79.0,74.0000,79.0000,76.5000,150.1561,264.0047,1,,,up,0,0,0,0,1,0,FBA,79.24,3,,,,DERIVED_FROM_SELLER_OBSERVATION_HISTORY,
