order_item_id,settlement_order_id,items_order_id,sku,items_sku
58782528734922,206-6215195-3385940,,DC-K5WH-R7F5,DC-K5WH-R7F5
58782528734922,206-6215195-3385940,,DC-K5WH-R7F5,DC-K5WH-R7F5
58782528734922,206-6215195-3385940,,DC-K5WH-R7F5,DC-K5WH-R7F5
58782528734922,206-6215195-3385940,,DC-K5WH-R7F5,DC-K5WH-R7F5
58782528734922,206-6215195-3385940,,DC-K5WH-R7F5,DC-K5WH-R7F5
58782528734922,206-6215195-3385940,,DC-K5WH-R7F5,DC-K5WH-R7F5
58748984793722,202-8133676-9711523,,6V-EEC1-2S9Z,6V-EEC1-2S9Z
58748984793722,202-8133676-9711523,,6V-EEC1-2S9Z,6V-EEC1-2S9Z
58748984793722,202-8133676-9711523,,6V-EEC1-2S9Z,6V-EEC1-2S9Z
58748984793722,202-8133676-9711523,,6V-EEC1-2S9Z,6V-EEC1-2S9Z
58748984793722,202-8133676-9711523,,6V-EEC1-2S9Z,6V-EEC1-2S9Z
58748984793722,202-8133676-9711523,,6V-EEC1-2S9Z,6V-EEC1-2S9Z
58760056722002,205-4536406-5581104,,DC-K5WH-R7F5,DC-K5WH-R7F5
58760056722002,205-4536406-5581104,,DC-K5WH-R7F5,DC-K5WH-R7F5
58760056722002,205-4536406-5581104,,DC-K5WH-R7F5,DC-K5WH-R7F5
58760056722002,205-4536406-5581104,,DC-K5WH-R7F5,DC-K5WH-R7F5
58760056722002,205-4536406-5581104,,DC-K5WH-R7F5,DC-K5WH-R7F5
58760056722002,205-4536406-5581104,,DC-K5WH-R7F5,DC-K5WH-R7F5
58759957955242,204-0628749-0313164,,6V-EEC1-2S9Z,6V-EEC1-2S9Z
58759957955242,204-0628749-0313164,,6V-EEC1-2S9Z,6V-EEC1-2S9Z
58759957955242,204-0628749-0313164,,6V-EEC1-2S9Z,6V-EEC1-2S9Z
58759957955242,204-0628749-0313164,,6V-EEC1-2S9Z,6V-EEC1-2S9Z
58759957955242,204-0628749-0313164,,6V-EEC1-2S9Z,6V-EEC1-2S9Z
58759957955242,204-0628749-0313164,,6V-EEC1-2S9Z,6V-EEC1-2S9Z
58420805366202,026-3109024-1881920,,XY-UM2X-TPS3,XY-UM2X-TPS3
58420805366202,026-3109024-1881920,,XY-UM2X-TPS3,XY-UM2X-TPS3
58420805366202,026-3109024-1881920,,XY-UM2X-TPS3,XY-UM2X-TPS3
58420805366202,026-3109024-1881920,,XY-UM2X-TPS3,XY-UM2X-TPS3
58420805366202,026-3109024-1881920,,XY-UM2X-TPS3,XY-UM2X-TPS3
58750946446882,202-1408352-6400333,,A2-T2AC-TW3L,A2-T2AC-TW3L
58750946446882,202-1408352-6400333,,A2-T2AC-TW3L,A2-T2AC-TW3L
58750946446882,202-1408352-6400333,,A2-T2AC-TW3L,A2-T2AC-TW3L
58750946446882,202-1408352-6400333,,A2-T2AC-TW3L,A2-T2AC-TW3L
58750946446882,202-1408352-6400333,,A2-T2AC-TW3L,A2-T2AC-TW3L
58750946446882,202-1408352-6400333,,A2-T2AC-TW3L,A2-T2AC-TW3L
58857260432322,205-4179902-1289924,,WX-L5UA-UB1Q,WX-L5UA-UB1Q
58857260432322,205-4179902-1289924,,WX-L5UA-UB1Q,WX-L5UA-UB1Q
58857260432322,205-4179902-1289924,,WX-L5UA-UB1Q,WX-L5UA-UB1Q
58857260432322,205-4179902-1289924,,WX-L5UA-UB1Q,WX-L5UA-UB1Q
58857260432322,205-4179902-1289924,,WX-L5UA-UB1Q,WX-L5UA-UB1Q
58857260432322,205-4179902-1289924,,WX-L5UA-UB1Q,WX-L5UA-UB1Q
58856108554402,203-5551125-1557926,,WX-L5UA-UB1Q,WX-L5UA-UB1Q
58856108554402,203-5551125-1557926,,WX-L5UA-UB1Q,WX-L5UA-UB1Q
58856108554402,203-5551125-1557926,,WX-L5UA-UB1Q,WX-L5UA-UB1Q
58856108554402,203-5551125-1557926,,WX-L5UA-UB1Q,WX-L5UA-UB1Q
58856108554402,203-5551125-1557926,,WX-L5UA-UB1Q,WX-L5UA-UB1Q
58856108554402,203-5551125-1557926,,WX-L5UA-UB1Q,WX-L5UA-UB1Q
58877145467122,203-5032618-1317134,,WX-L5UA-UB1Q,WX-L5UA-UB1Q
58877145467122,203-5032618-1317134,,WX-L5UA-UB1Q,WX-L5UA-UB1Q
58877145467122,203-5032618-1317134,,WX-L5UA-UB1Q,WX-L5UA-UB1Q
58877145467122,203-5032618-1317134,,WX-L5UA-UB1Q,WX-L5UA-UB1Q
58877145467122,203-5032618-1317134,,WX-L5UA-UB1Q,WX-L5UA-UB1Q
58877145467122,203-5032618-1317134,,WX-L5UA-UB1Q,WX-L5UA-UB1Q
58877145467122,203-5032618-1317134,,WX-L5UA-UB1Q,WX-L5UA-UB1Q
58877145467122,203-5032618-1317134,,WX-L5UA-UB1Q,WX-L5UA-UB1Q
58877145467122,203-5032618-1317134,,WX-L5UA-UB1Q,WX-L5UA-UB1Q
58877145467122,203-5032618-1317134,,WX-L5UA-UB1Q,WX-L5UA-UB1Q
58757541997562,205-3475637-9472332,,EV-CHU5-XU3G,EV-CHU5-XU3G
58757541997562,205-3475637-9472332,,EV-CHU5-XU3G,EV-CHU5-XU3G
58757541997562,205-3475637-9472332,,EV-CHU5-XU3G,EV-CHU5-XU3G
58757541997562,205-3475637-9472332,,EV-CHU5-XU3G,EV-CHU5-XU3G
58757541997562,205-3475637-9472332,,EV-CHU5-XU3G,EV-CHU5-XU3G
58757541997562,205-3475637-9472332,,EV-CHU5-XU3G,EV-CHU5-XU3G
58795859509202,205-0390040-6778712,,6V-EEC1-2S9Z,6V-EEC1-2S9Z
58795859509202,205-0390040-6778712,,6V-EEC1-2S9Z,6V-EEC1-2S9Z
58795859509202,205-0390040-6778712,,6V-EEC1-2S9Z,6V-EEC1-2S9Z
58795859509202,205-0390040-6778712,,6V-EEC1-2S9Z,6V-EEC1-2S9Z
58795859509202,205-0390040-6778712,,6V-EEC1-2S9Z,6V-EEC1-2S9Z
58795859509202,205-0390040-6778712,,6V-EEC1-2S9Z,6V-EEC1-2S9Z
57879349145162,203-5144976-1119512,,6V-EEC1-2S9Z,6V-EEC1-2S9Z
57879349145162,203-5144976-1119512,,6V-EEC1-2S9Z,6V-EEC1-2S9Z
57879349145162,203-5144976-1119512,,6V-EEC1-2S9Z,6V-EEC1-2S9Z
57879349145162,203-5144976-1119512,,6V-EEC1-2S9Z,6V-EEC1-2S9Z
57879349145162,203-5144976-1119512,,6V-EEC1-2S9Z,6V-EEC1-2S9Z
57879349145162,203-5144976-1119512,,6V-EEC1-2S9Z,6V-EEC1-2S9Z
58870919256482,203-5712923-5677163,,WX-L5UA-UB1Q,WX-L5UA-UB1Q
58870919256482,203-5712923-5677163,,WX-L5UA-UB1Q,WX-L5UA-UB1Q
58870919256482,203-5712923-5677163,,WX-L5UA-UB1Q,WX-L5UA-UB1Q
58870919256482,203-5712923-5677163,,WX-L5UA-UB1Q,WX-L5UA-UB1Q
58870919256482,203-5712923-5677163,,WX-L5UA-UB1Q,WX-L5UA-UB1Q
58870919256482,203-5712923-5677163,,WX-L5UA-UB1Q,WX-L5UA-UB1Q
58843614326722,203-5895207-3495524,,6V-EEC1-2S9Z,6V-EEC1-2S9Z
58843614326722,203-5895207-3495524,,6V-EEC1-2S9Z,6V-EEC1-2S9Z
58843614326722,203-5895207-3495524,,6V-EEC1-2S9Z,6V-EEC1-2S9Z
58843614326722,203-5895207-3495524,,6V-EEC1-2S9Z,6V-EEC1-2S9Z
58843614326722,203-5895207-3495524,,6V-EEC1-2S9Z,6V-EEC1-2S9Z
58843614326722,203-5895207-3495524,,6V-EEC1-2S9Z,6V-EEC1-2S9Z
58688178640522,206-5833765-0433952,,A2-T2AC-TW3L,A2-T2AC-TW3L
58688178640522,206-5833765-0433952,,A2-T2AC-TW3L,A2-T2AC-TW3L
58688178640522,206-5833765-0433952,,A2-T2AC-TW3L,A2-T2AC-TW3L
58688178640522,206-5833765-0433952,,A2-T2AC-TW3L,A2-T2AC-TW3L
58688178640522,206-5833765-0433952,,A2-T2AC-TW3L,A2-T2AC-TW3L
58688178640522,206-5833765-0433952,,A2-T2AC-TW3L,A2-T2AC-TW3L
58759382666042,026-5547487-4036354,,A2-T2AC-TW3L,A2-T2AC-TW3L
58759382666042,026-5547487-4036354,,A2-T2AC-TW3L,A2-T2AC-TW3L
58759382666042,026-5547487-4036354,,A2-T2AC-TW3L,A2-T2AC-TW3L
58759382666042,026-5547487-4036354,,A2-T2AC-TW3L,A2-T2AC-TW3L
58759382666042,026-5547487-4036354,,A2-T2AC-TW3L,A2-T2AC-TW3L
58759382666042,026-5547487-4036354,,A2-T2AC-TW3L,A2-T2AC-TW3L
58771695335602,204-8687039-5901161,,VU-8KRA-QP5M,VU-8KRA-QP5M
58771695335602,204-8687039-5901161,,VU-8KRA-QP5M,VU-8KRA-QP5M
58771695335602,204-8687039-5901161,,VU-8KRA-QP5M,VU-8KRA-QP5M
58771695335602,204-8687039-5901161,,VU-8KRA-QP5M,VU-8KRA-QP5M
58771695335602,204-8687039-5901161,,VU-8KRA-QP5M,VU-8KRA-QP5M
58771695335602,204-8687039-5901161,,VU-8KRA-QP5M,VU-8KRA-QP5M
58795319922802,204-3084029-2573143,,49-4UKW-G81R,49-4UKW-G81R
58795319922802,204-3084029-2573143,,49-4UKW-G81R,49-4UKW-G81R
58795319922802,204-3084029-2573143,,49-4UKW-G81R,49-4UKW-G81R
58795319922802,204-3084029-2573143,,49-4UKW-G81R,49-4UKW-G81R
58795319922802,204-3084029-2573143,,49-4UKW-G81R,49-4UKW-G81R
58795319922802,204-3084029-2573143,,49-4UKW-G81R,49-4UKW-G81R
58796029143402,206-6559292-1721132,,6V-EEC1-2S9Z,6V-EEC1-2S9Z
58796029143402,206-6559292-1721132,,6V-EEC1-2S9Z,6V-EEC1-2S9Z
58796029143402,206-6559292-1721132,,6V-EEC1-2S9Z,6V-EEC1-2S9Z
58796029143402,206-6559292-1721132,,6V-EEC1-2S9Z,6V-EEC1-2S9Z
58796029143402,206-6559292-1721132,,6V-EEC1-2S9Z,6V-EEC1-2S9Z
58796029143402,206-6559292-1721132,,6V-EEC1-2S9Z,6V-EEC1-2S9Z
58791785752402,206-7620027-1492336,,6V-EEC1-2S9Z,6V-EEC1-2S9Z
58791785752402,206-7620027-1492336,,6V-EEC1-2S9Z,6V-EEC1-2S9Z
58791785752402,206-7620027-1492336,,6V-EEC1-2S9Z,6V-EEC1-2S9Z
58791785752402,206-7620027-1492336,,6V-EEC1-2S9Z,6V-EEC1-2S9Z
58791785752402,206-7620027-1492336,,6V-EEC1-2S9Z,6V-EEC1-2S9Z
58791785752402,206-7620027-1492336,,6V-EEC1-2S9Z,6V-EEC1-2S9Z
58858207283882,206-9537384-7986709,,WX-L5UA-UB1Q,WX-L5UA-UB1Q
58858207283882,206-9537384-7986709,,WX-L5UA-UB1Q,WX-L5UA-UB1Q
58858207283882,206-9537384-7986709,,WX-L5UA-UB1Q,WX-L5UA-UB1Q
58858207283882,206-9537384-7986709,,WX-L5UA-UB1Q,WX-L5UA-UB1Q
58858207283882,206-9537384-7986709,,WX-L5UA-UB1Q,WX-L5UA-UB1Q
58858207283882,206-9537384-7986709,,WX-L5UA-UB1Q,WX-L5UA-UB1Q
58844916449722,206-7207471-8289903,,Z7-26PV-O9LR,Z7-26PV-O9LR
58844916449722,206-7207471-8289903,,Z7-26PV-O9LR,Z7-26PV-O9LR
58844916449722,206-7207471-8289903,,Z7-26PV-O9LR,Z7-26PV-O9LR
58844916449722,206-7207471-8289903,,Z7-26PV-O9LR,Z7-26PV-O9LR
58844916449722,206-7207471-8289903,,Z7-26PV-O9LR,Z7-26PV-O9LR
58844916449722,206-7207471-8289903,,Z7-26PV-O9LR,Z7-26PV-O9LR
58859378887322,202-7925719-5142763,,D2-8SPY-Q095,D2-8SPY-Q095
58859378887322,202-7925719-5142763,,D2-8SPY-Q095,D2-8SPY-Q095
58859378887322,202-7925719-5142763,,D2-8SPY-Q095,D2-8SPY-Q095
58859378887322,202-7925719-5142763,,D2-8SPY-Q095,D2-8SPY-Q095
58859378887322,202-7925719-5142763,,D2-8SPY-Q095,D2-8SPY-Q095
58859378887322,202-7925719-5142763,,D2-8SPY-Q095,D2-8SPY-Q095
58842394650962,202-3373455-3385164,,SU-5LQH-2DVN,SU-5LQH-2DVN
58842394650962,202-3373455-3385164,,SU-5LQH-2DVN,SU-5LQH-2DVN
58842394650962,202-3373455-3385164,,SU-5LQH-2DVN,SU-5LQH-2DVN
58842394650962,202-3373455-3385164,,SU-5LQH-2DVN,SU-5LQH-2DVN
58842394650962,202-3373455-3385164,,SU-5LQH-2DVN,SU-5LQH-2DVN
58842394650962,202-3373455-3385164,,SU-5LQH-2DVN,SU-5LQH-2DVN
58783473237562,204-6300293-2081157,,6V-EEC1-2S9Z,6V-EEC1-2S9Z
58783473237562,204-6300293-2081157,,6V-EEC1-2S9Z,6V-EEC1-2S9Z
58783473237562,204-6300293-2081157,,6V-EEC1-2S9Z,6V-EEC1-2S9Z
58783473237562,204-6300293-2081157,,6V-EEC1-2S9Z,6V-EEC1-2S9Z
58783473237562,204-6300293-2081157,,6V-EEC1-2S9Z,6V-EEC1-2S9Z
58783473237562,204-6300293-2081157,,6V-EEC1-2S9Z,6V-EEC1-2S9Z
58788172640722,204-0406957-6895560,,WX-L5UA-UB1Q,WX-L5UA-UB1Q
58788172640722,204-0406957-6895560,,WX-L5UA-UB1Q,WX-L5UA-UB1Q
58788172640722,204-0406957-6895560,,WX-L5UA-UB1Q,WX-L5UA-UB1Q
58788172640722,204-0406957-6895560,,WX-L5UA-UB1Q,WX-L5UA-UB1Q
58788172640722,204-0406957-6895560,,WX-L5UA-UB1Q,WX-L5UA-UB1Q
58788172640722,204-0406957-6895560,,WX-L5UA-UB1Q,WX-L5UA-UB1Q
58791840830642,202-3885120-2430751,,A2-T2AC-TW3L,A2-T2AC-TW3L
58791840830642,202-3885120-2430751,,A2-T2AC-TW3L,A2-T2AC-TW3L
58791840830642,202-3885120-2430751,,A2-T2AC-TW3L,A2-T2AC-TW3L
58791840830642,202-3885120-2430751,,A2-T2AC-TW3L,A2-T2AC-TW3L
58791840830642,202-3885120-2430751,,A2-T2AC-TW3L,A2-T2AC-TW3L
58791840830642,202-3885120-2430751,,A2-T2AC-TW3L,A2-T2AC-TW3L
58787236915402,202-3617025-4101965,,A2-T2AC-TW3L,A2-T2AC-TW3L
58787236915402,202-3617025-4101965,,A2-T2AC-TW3L,A2-T2AC-TW3L
58787236915402,202-3617025-4101965,,A2-T2AC-TW3L,A2-T2AC-TW3L
58787236915402,202-3617025-4101965,,A2-T2AC-TW3L,A2-T2AC-TW3L
58787236915402,202-3617025-4101965,,A2-T2AC-TW3L,A2-T2AC-TW3L
58787236915402,202-3617025-4101965,,A2-T2AC-TW3L,A2-T2AC-TW3L
58774419101162,204-9510356-8517950,,WX-L5UA-UB1Q,WX-L5UA-UB1Q
58774419101162,204-9510356-8517950,,WX-L5UA-UB1Q,WX-L5UA-UB1Q
58774419101162,204-9510356-8517950,,WX-L5UA-UB1Q,WX-L5UA-UB1Q
58774419101162,204-9510356-8517950,,WX-L5UA-UB1Q,WX-L5UA-UB1Q
58774419101162,204-9510356-8517950,,WX-L5UA-UB1Q,WX-L5UA-UB1Q
58774419101162,204-9510356-8517950,,WX-L5UA-UB1Q,WX-L5UA-UB1Q
58847163966082,205-7112528-8351519,,WX-L5UA-UB1Q,WX-L5UA-UB1Q
58847163966082,205-7112528-8351519,,WX-L5UA-UB1Q,WX-L5UA-UB1Q
58847163966082,205-7112528-8351519,,WX-L5UA-UB1Q,WX-L5UA-UB1Q
58847163966082,205-7112528-8351519,,WX-L5UA-UB1Q,WX-L5UA-UB1Q
58847163966082,205-7112528-8351519,,WX-L5UA-UB1Q,WX-L5UA-UB1Q
58847163966082,205-7112528-8351519,,WX-L5UA-UB1Q,WX-L5UA-UB1Q
58793337879762,203-6806848-3217124,,A2-T2AC-TW3L,A2-T2AC-TW3L
58793337879762,203-6806848-3217124,,A2-T2AC-TW3L,A2-T2AC-TW3L
58793337879762,203-6806848-3217124,,A2-T2AC-TW3L,A2-T2AC-TW3L
58793337879762,203-6806848-3217124,,A2-T2AC-TW3L,A2-T2AC-TW3L
58793337879762,203-6806848-3217124,,A2-T2AC-TW3L,A2-T2AC-TW3L
58793337879762,203-6806848-3217124,,A2-T2AC-TW3L,A2-T2AC-TW3L
58852536151002,026-9762495-0064333,,6V-EEC1-2S9Z,6V-EEC1-2S9Z
58852536151002,026-9762495-0064333,,6V-EEC1-2S9Z,6V-EEC1-2S9Z
58852536151002,026-9762495-0064333,,6V-EEC1-2S9Z,6V-EEC1-2S9Z
58852536151002,026-9762495-0064333,,6V-EEC1-2S9Z,6V-EEC1-2S9Z
58852536151002,026-9762495-0064333,,6V-EEC1-2S9Z,6V-EEC1-2S9Z
58852536151002,026-9762495-0064333,,6V-EEC1-2S9Z,6V-EEC1-2S9Z
58797738010602,202-0356681-3233972,,D2-8SPY-Q095,D2-8SPY-Q095
58797738010602,202-0356681-3233972,,D2-8SPY-Q095,D2-8SPY-Q095
58797738010602,202-0356681-3233972,,D2-8SPY-Q095,D2-8SPY-Q095
58797738010602,202-0356681-3233972,,D2-8SPY-Q095,D2-8SPY-Q095
58797738010602,202-0356681-3233972,,D2-8SPY-Q095,D2-8SPY-Q095
58797738010602,202-0356681-3233972,,D2-8SPY-Q095,D2-8SPY-Q095
58797895178282,206-8615539-3569945,,Z7-26PV-O9LR,Z7-26PV-O9LR
58797895178282,206-8615539-3569945,,Z7-26PV-O9LR,Z7-26PV-O9LR
58797895178282,206-8615539-3569945,,Z7-26PV-O9LR,Z7-26PV-O9LR
58797895178282,206-8615539-3569945,,Z7-26PV-O9LR,Z7-26PV-O9LR
58797895178282,206-8615539-3569945,,Z7-26PV-O9LR,Z7-26PV-O9LR
58797895178282,206-8615539-3569945,,Z7-26PV-O9LR,Z7-26PV-O9LR
58846649459162,026-8563039-1840362,,Z7-26PV-O9LR,Z7-26PV-O9LR
58846649459162,026-8563039-1840362,,Z7-26PV-O9LR,Z7-26PV-O9LR
58846649459162,026-8563039-1840362,,Z7-26PV-O9LR,Z7-26PV-O9LR
58846649459162,026-8563039-1840362,,Z7-26PV-O9LR,Z7-26PV-O9LR
58846649459162,026-8563039-1840362,,Z7-26PV-O9LR,Z7-26PV-O9LR
58846649459162,026-8563039-1840362,,Z7-26PV-O9LR,Z7-26PV-O9LR
58794555350482,202-7492014-5841140,,EV-CHU5-XU3G,EV-CHU5-XU3G
58794555350482,202-7492014-5841140,,EV-CHU5-XU3G,EV-CHU5-XU3G
58794555350482,202-7492014-5841140,,EV-CHU5-XU3G,EV-CHU5-XU3G
58794555350482,202-7492014-5841140,,EV-CHU5-XU3G,EV-CHU5-XU3G
58794555350482,202-7492014-5841140,,EV-CHU5-XU3G,EV-CHU5-XU3G
58794555350482,202-7492014-5841140,,EV-CHU5-XU3G,EV-CHU5-XU3G
58793309815442,203-9338057-2401113,,SU-5LQH-2DVN,SU-5LQH-2DVN
58793309815442,203-9338057-2401113,,SU-5LQH-2DVN,SU-5LQH-2DVN
58793309815442,203-9338057-2401113,,SU-5LQH-2DVN,SU-5LQH-2DVN
58793309815442,203-9338057-2401113,,SU-5LQH-2DVN,SU-5LQH-2DVN
58793309815442,203-9338057-2401113,,SU-5LQH-2DVN,SU-5LQH-2DVN
58793309815442,203-9338057-2401113,,SU-5LQH-2DVN,SU-5LQH-2DVN
58859854342802,204-0887647-5729144,,NN-TSZ1-X2RD,NN-TSZ1-X2RD
58859854342802,204-0887647-5729144,,NN-TSZ1-X2RD,NN-TSZ1-X2RD
58859854342802,204-0887647-5729144,,NN-TSZ1-X2RD,NN-TSZ1-X2RD
58859854342802,204-0887647-5729144,,NN-TSZ1-X2RD,NN-TSZ1-X2RD
58859854342802,204-0887647-5729144,,NN-TSZ1-X2RD,NN-TSZ1-X2RD
58859854342802,204-0887647-5729144,,NN-TSZ1-X2RD,NN-TSZ1-X2RD
58859854342802,204-0887647-5729144,,NN-TSZ1-X2RD,NN-TSZ1-X2RD
58859854342802,204-0887647-5729144,,NN-TSZ1-X2RD,NN-TSZ1-X2RD
58859854342802,204-0887647-5729144,,NN-TSZ1-X2RD,NN-TSZ1-X2RD
58859854342802,204-0887647-5729144,,NN-TSZ1-X2RD,NN-TSZ1-X2RD
58862663397642,202-4514578-4627557,,R7-98IN-2PW8,R7-98IN-2PW8
58862663397642,202-4514578-4627557,,R7-98IN-2PW8,R7-98IN-2PW8
58862663397642,202-4514578-4627557,,R7-98IN-2PW8,R7-98IN-2PW8
58862663397642,202-4514578-4627557,,R7-98IN-2PW8,R7-98IN-2PW8
58862663397642,202-4514578-4627557,,R7-98IN-2PW8,R7-98IN-2PW8
58862663397642,202-4514578-4627557,,R7-98IN-2PW8,R7-98IN-2PW8
58862663397642,202-4514578-4627557,,R7-98IN-2PW8,R7-98IN-2PW8
58862663397642,202-4514578-4627557,,R7-98IN-2PW8,R7-98IN-2PW8
58862663397642,202-4514578-4627557,,R7-98IN-2PW8,R7-98IN-2PW8
58862663397642,202-4514578-4627557,,R7-98IN-2PW8,R7-98IN-2PW8
58795176285962,202-8971188-5038717,,6V-EEC1-2S9Z,6V-EEC1-2S9Z
58795176285962,202-8971188-5038717,,6V-EEC1-2S9Z,6V-EEC1-2S9Z
58795176285962,202-8971188-5038717,,6V-EEC1-2S9Z,6V-EEC1-2S9Z
58795176285962,202-8971188-5038717,,6V-EEC1-2S9Z,6V-EEC1-2S9Z
58795176285962,202-8971188-5038717,,6V-EEC1-2S9Z,6V-EEC1-2S9Z
58795176285962,202-8971188-5038717,,6V-EEC1-2S9Z,6V-EEC1-2S9Z
58766312153322,203-1407692-9325956,,Z7-26PV-O9LR,Z7-26PV-O9LR
58766312153322,203-1407692-9325956,,Z7-26PV-O9LR,Z7-26PV-O9LR
58766312153322,203-1407692-9325956,,Z7-26PV-O9LR,Z7-26PV-O9LR
58766312153322,203-1407692-9325956,,Z7-26PV-O9LR,Z7-26PV-O9LR
58766312153322,203-1407692-9325956,,Z7-26PV-O9LR,Z7-26PV-O9LR
58766312153322,203-1407692-9325956,,Z7-26PV-O9LR,Z7-26PV-O9LR
58759568535282,203-8832315-7603562,,A2-T2AC-TW3L,A2-T2AC-TW3L
58759568535282,203-8832315-7603562,,A2-T2AC-TW3L,A2-T2AC-TW3L
58759568535282,203-8832315-7603562,,A2-T2AC-TW3L,A2-T2AC-TW3L
58759568535282,203-8832315-7603562,,A2-T2AC-TW3L,A2-T2AC-TW3L
58759568535282,203-8832315-7603562,,A2-T2AC-TW3L,A2-T2AC-TW3L
58759568535282,203-8832315-7603562,,A2-T2AC-TW3L,A2-T2AC-TW3L
58737088791562,202-9551011-1396355,,6V-EEC1-2S9Z,6V-EEC1-2S9Z
58737088791562,202-9551011-1396355,,6V-EEC1-2S9Z,6V-EEC1-2S9Z
58737088791562,202-9551011-1396355,,6V-EEC1-2S9Z,6V-EEC1-2S9Z
58737088791562,202-9551011-1396355,,6V-EEC1-2S9Z,6V-EEC1-2S9Z
58737088791562,202-9551011-1396355,,6V-EEC1-2S9Z,6V-EEC1-2S9Z
58737088791562,202-9551011-1396355,,6V-EEC1-2S9Z,6V-EEC1-2S9Z
58748562215162,203-9784582-0655504,,NN-TSZ1-X2RD,NN-TSZ1-X2RD
58748562215162,203-9784582-0655504,,NN-TSZ1-X2RD,NN-TSZ1-X2RD
58748562215162,203-9784582-0655504,,NN-TSZ1-X2RD,NN-TSZ1-X2RD
58748562215162,203-9784582-0655504,,NN-TSZ1-X2RD,NN-TSZ1-X2RD
58748562215162,203-9784582-0655504,,NN-TSZ1-X2RD,NN-TSZ1-X2RD
58748562215162,203-9784582-0655504,,NN-TSZ1-X2RD,NN-TSZ1-X2RD
58748562215162,203-9784582-0655504,,NN-TSZ1-X2RD,NN-TSZ1-X2RD
58748562215162,203-9784582-0655504,,NN-TSZ1-X2RD,NN-TSZ1-X2RD
58759724850482,026-7201679-8718746,,SU-5LQH-2DVN,SU-5LQH-2DVN
58759724850482,026-7201679-8718746,,SU-5LQH-2DVN,SU-5LQH-2DVN
58759724850482,026-7201679-8718746,,SU-5LQH-2DVN,SU-5LQH-2DVN
58759724850482,026-7201679-8718746,,SU-5LQH-2DVN,SU-5LQH-2DVN
58759724850482,026-7201679-8718746,,SU-5LQH-2DVN,SU-5LQH-2DVN
58759724850482,026-7201679-8718746,,SU-5LQH-2DVN,SU-5LQH-2DVN
58791936390242,206-3045830-8493152,,EV-CHU5-XU3G,EV-CHU5-XU3G
58791936390242,206-3045830-8493152,,EV-CHU5-XU3G,EV-CHU5-XU3G
58791936390242,206-3045830-8493152,,EV-CHU5-XU3G,EV-CHU5-XU3G
58791936390242,206-3045830-8493152,,EV-CHU5-XU3G,EV-CHU5-XU3G
58791936390242,206-3045830-8493152,,EV-CHU5-XU3G,EV-CHU5-XU3G
58791936390242,206-3045830-8493152,,EV-CHU5-XU3G,EV-CHU5-XU3G
58846644834762,204-8509333-1419566,,WX-L5UA-UB1Q,WX-L5UA-UB1Q
58846644834762,204-8509333-1419566,,WX-L5UA-UB1Q,WX-L5UA-UB1Q
58846644834762,204-8509333-1419566,,WX-L5UA-UB1Q,WX-L5UA-UB1Q
58846644834762,204-8509333-1419566,,WX-L5UA-UB1Q,WX-L5UA-UB1Q
58846644834762,204-8509333-1419566,,WX-L5UA-UB1Q,WX-L5UA-UB1Q
58846644834762,204-8509333-1419566,,WX-L5UA-UB1Q,WX-L5UA-UB1Q
58558057603642,204-4257716-6115540,,Z7-26PV-O9LR,Z7-26PV-O9LR
58558057603642,204-4257716-6115540,,Z7-26PV-O9LR,Z7-26PV-O9LR
58558057603642,204-4257716-6115540,,Z7-26PV-O9LR,Z7-26PV-O9LR
58558057603642,204-4257716-6115540,,Z7-26PV-O9LR,Z7-26PV-O9LR
58558057603642,204-4257716-6115540,,Z7-26PV-O9LR,Z7-26PV-O9LR
58751709910442,202-5837457-4821918,,A2-T2AC-TW3L,A2-T2AC-TW3L
58751709910442,202-5837457-4821918,,A2-T2AC-TW3L,A2-T2AC-TW3L
58751709910442,202-5837457-4821918,,A2-T2AC-TW3L,A2-T2AC-TW3L
58751709910442,202-5837457-4821918,,A2-T2AC-TW3L,A2-T2AC-TW3L
58751709910442,202-5837457-4821918,,A2-T2AC-TW3L,A2-T2AC-TW3L
58751709910442,202-5837457-4821918,,A2-T2AC-TW3L,A2-T2AC-TW3L
58791200247122,026-9972293-0135566,,6V-EEC1-2S9Z,6V-EEC1-2S9Z
58791200247122,026-9972293-0135566,,6V-EEC1-2S9Z,6V-EEC1-2S9Z
58791200247122,026-9972293-0135566,,6V-EEC1-2S9Z,6V-EEC1-2S9Z
58791200247122,026-9972293-0135566,,6V-EEC1-2S9Z,6V-EEC1-2S9Z
58791200247122,026-9972293-0135566,,6V-EEC1-2S9Z,6V-EEC1-2S9Z
58791200247122,026-9972293-0135566,,6V-EEC1-2S9Z,6V-EEC1-2S9Z
58866448125762,203-7773583-7885901,,WX-L5UA-UB1Q,WX-L5UA-UB1Q
58866448125762,203-7773583-7885901,,WX-L5UA-UB1Q,WX-L5UA-UB1Q
58866448125762,203-7773583-7885901,,WX-L5UA-UB1Q,WX-L5UA-UB1Q
58866448125762,203-7773583-7885901,,WX-L5UA-UB1Q,WX-L5UA-UB1Q
58866448125762,203-7773583-7885901,,WX-L5UA-UB1Q,WX-L5UA-UB1Q
58866448125762,203-7773583-7885901,,WX-L5UA-UB1Q,WX-L5UA-UB1Q
58866448125762,203-7773583-7885901,,WX-L5UA-UB1Q,WX-L5UA-UB1Q
58866448125762,203-7773583-7885901,,WX-L5UA-UB1Q,WX-L5UA-UB1Q
58866448125762,203-7773583-7885901,,WX-L5UA-UB1Q,WX-L5UA-UB1Q
58866448125762,203-7773583-7885901,,WX-L5UA-UB1Q,WX-L5UA-UB1Q
58793981142642,203-7071470-5371555,,EV-CHU5-XU3G,EV-CHU5-XU3G
58793981142642,203-7071470-5371555,,EV-CHU5-XU3G,EV-CHU5-XU3G
58793981142642,203-7071470-5371555,,EV-CHU5-XU3G,EV-CHU5-XU3G
58793981142642,203-7071470-5371555,,EV-CHU5-XU3G,EV-CHU5-XU3G
58793981142642,203-7071470-5371555,,EV-CHU5-XU3G,EV-CHU5-XU3G
58793981142642,203-7071470-5371555,,EV-CHU5-XU3G,EV-CHU5-XU3G
58888503742042,026-3943449-3352350,,NN-TSZ1-X2RD,NN-TSZ1-X2RD
58888503742042,026-3943449-3352350,,NN-TSZ1-X2RD,NN-TSZ1-X2RD
58888503742042,026-3943449-3352350,,NN-TSZ1-X2RD,NN-TSZ1-X2RD
58888503742042,026-3943449-3352350,,NN-TSZ1-X2RD,NN-TSZ1-X2RD
58888503742042,026-3943449-3352350,,NN-TSZ1-X2RD,NN-TSZ1-X2RD
58888503742042,026-3943449-3352350,,NN-TSZ1-X2RD,NN-TSZ1-X2RD
58888503742042,026-3943449-3352350,,NN-TSZ1-X2RD,NN-TSZ1-X2RD
58888503742042,026-3943449-3352350,,NN-TSZ1-X2RD,NN-TSZ1-X2RD
58888503742042,026-3943449-3352350,,NN-TSZ1-X2RD,NN-TSZ1-X2RD
58888503742042,026-3943449-3352350,,NN-TSZ1-X2RD,NN-TSZ1-X2RD
58618133099202,203-5105143-6013166,,F7-PMJ2-SG6A,F7-PMJ2-SG6A
58618133099202,203-5105143-6013166,,F7-PMJ2-SG6A,F7-PMJ2-SG6A
58618133099202,203-5105143-6013166,,F7-PMJ2-SG6A,F7-PMJ2-SG6A
58618133099202,203-5105143-6013166,,F7-PMJ2-SG6A,F7-PMJ2-SG6A
58618133099202,203-5105143-6013166,,F7-PMJ2-SG6A,F7-PMJ2-SG6A
58618133099202,203-5105143-6013166,,F7-PMJ2-SG6A,F7-PMJ2-SG6A
58618133099202,203-5105143-6013166,,F7-PMJ2-SG6A,F7-PMJ2-SG6A
58618133099202,203-5105143-6013166,,F7-PMJ2-SG6A,F7-PMJ2-SG6A
58618133099202,203-5105143-6013166,,F7-PMJ2-SG6A,F7-PMJ2-SG6A
58846072173802,026-9424504-4957967,,3X-EXDD-TD2K,3X-EXDD-TD2K
58846072173802,026-9424504-4957967,,3X-EXDD-TD2K,3X-EXDD-TD2K
58846072173802,026-9424504-4957967,,3X-EXDD-TD2K,3X-EXDD-TD2K
58846072173802,026-9424504-4957967,,3X-EXDD-TD2K,3X-EXDD-TD2K
58846072173802,026-9424504-4957967,,3X-EXDD-TD2K,3X-EXDD-TD2K
58795210311562,204-3640792-4137136,,GK-YI4S-C158,GK-YI4S-C158
58795210311562,204-3640792-4137136,,GK-YI4S-C158,GK-YI4S-C158
58795210311562,204-3640792-4137136,,GK-YI4S-C158,GK-YI4S-C158
58795210311562,204-3640792-4137136,,GK-YI4S-C158,GK-YI4S-C158
58795210311562,204-3640792-4137136,,GK-YI4S-C158,GK-YI4S-C158
58795210311562,204-3640792-4137136,,GK-YI4S-C158,GK-YI4S-C158
58795210311562,204-3640792-4137136,,GK-YI4S-C158,GK-YI4S-C158
58795210311562,204-3640792-4137136,,GK-YI4S-C158,GK-YI4S-C158
58795210311562,204-3640792-4137136,,GK-YI4S-C158,GK-YI4S-C158
58788876222722,202-5506079-8915524,,WX-L5UA-UB1Q,WX-L5UA-UB1Q
58788876222722,202-5506079-8915524,,WX-L5UA-UB1Q,WX-L5UA-UB1Q
58788876222722,202-5506079-8915524,,WX-L5UA-UB1Q,WX-L5UA-UB1Q
58788876222722,202-5506079-8915524,,WX-L5UA-UB1Q,WX-L5UA-UB1Q
58788876222722,202-5506079-8915524,,WX-L5UA-UB1Q,WX-L5UA-UB1Q
58788876222722,202-5506079-8915524,,WX-L5UA-UB1Q,WX-L5UA-UB1Q
58861554611322,203-2542466-6573903,,WX-L5UA-UB1Q,WX-L5UA-UB1Q
58861554611322,203-2542466-6573903,,WX-L5UA-UB1Q,WX-L5UA-UB1Q
58861554611322,203-2542466-6573903,,WX-L5UA-UB1Q,WX-L5UA-UB1Q
58861554611322,203-2542466-6573903,,WX-L5UA-UB1Q,WX-L5UA-UB1Q
58861554611322,203-2542466-6573903,,WX-L5UA-UB1Q,WX-L5UA-UB1Q
58861554611322,203-2542466-6573903,,WX-L5UA-UB1Q,WX-L5UA-UB1Q
58770608417082,203-8455205-0338722,,6V-EEC1-2S9Z,6V-EEC1-2S9Z
58770608417082,203-8455205-0338722,,6V-EEC1-2S9Z,6V-EEC1-2S9Z
58770608417082,203-8455205-0338722,,6V-EEC1-2S9Z,6V-EEC1-2S9Z
58770608417082,203-8455205-0338722,,6V-EEC1-2S9Z,6V-EEC1-2S9Z
58770608417082,203-8455205-0338722,,6V-EEC1-2S9Z,6V-EEC1-2S9Z
58770608417082,203-8455205-0338722,,6V-EEC1-2S9Z,6V-EEC1-2S9Z
58852206344202,203-2356632-3105919,,SU-5LQH-2DVN,SU-5LQH-2DVN
58852206344202,203-2356632-3105919,,SU-5LQH-2DVN,SU-5LQH-2DVN
58852206344202,203-2356632-3105919,,SU-5LQH-2DVN,SU-5LQH-2DVN
58852206344202,203-2356632-3105919,,SU-5LQH-2DVN,SU-5LQH-2DVN
58852206344202,203-2356632-3105919,,SU-5LQH-2DVN,SU-5LQH-2DVN
58852206344202,203-2356632-3105919,,SU-5LQH-2DVN,SU-5LQH-2DVN
58884605260202,205-4257886-1129944,,6V-EEC1-2S9Z,6V-EEC1-2S9Z
58884605260202,205-4257886-1129944,,6V-EEC1-2S9Z,6V-EEC1-2S9Z
58884605260202,205-4257886-1129944,,6V-EEC1-2S9Z,6V-EEC1-2S9Z
58884605260202,205-4257886-1129944,,6V-EEC1-2S9Z,6V-EEC1-2S9Z
58884605260202,205-4257886-1129944,,6V-EEC1-2S9Z,6V-EEC1-2S9Z
58884605260202,205-4257886-1129944,,6V-EEC1-2S9Z,6V-EEC1-2S9Z
58906523179042,202-6224398-4135568,,3X-EXDD-TD2K,3X-EXDD-TD2K
58906523179042,202-6224398-4135568,,3X-EXDD-TD2K,3X-EXDD-TD2K
58906523179042,202-6224398-4135568,,3X-EXDD-TD2K,3X-EXDD-TD2K
58906523179042,202-6224398-4135568,,3X-EXDD-TD2K,3X-EXDD-TD2K
58906523179042,202-6224398-4135568,,3X-EXDD-TD2K,3X-EXDD-TD2K
58906523179042,202-6224398-4135568,,3X-EXDD-TD2K,3X-EXDD-TD2K
58775326470082,202-6106213-9882761,,A2-T2AC-TW3L,A2-T2AC-TW3L
58775326470082,202-6106213-9882761,,A2-T2AC-TW3L,A2-T2AC-TW3L
58775326470082,202-6106213-9882761,,A2-T2AC-TW3L,A2-T2AC-TW3L
58775326470082,202-6106213-9882761,,A2-T2AC-TW3L,A2-T2AC-TW3L
58775326470082,202-6106213-9882761,,A2-T2AC-TW3L,A2-T2AC-TW3L
58775326470082,202-6106213-9882761,,A2-T2AC-TW3L,A2-T2AC-TW3L
58791719350962,026-1246687-1037931,,A2-T2AC-TW3L,A2-T2AC-TW3L
58791719350962,026-1246687-1037931,,A2-T2AC-TW3L,A2-T2AC-TW3L
58791719350962,026-1246687-1037931,,A2-T2AC-TW3L,A2-T2AC-TW3L
58791719350962,026-1246687-1037931,,A2-T2AC-TW3L,A2-T2AC-TW3L
58791719350962,026-1246687-1037931,,A2-T2AC-TW3L,A2-T2AC-TW3L
58791719350962,026-1246687-1037931,,A2-T2AC-TW3L,A2-T2AC-TW3L
58792998041122,202-6440980-2345945,,WX-L5UA-UB1Q,WX-L5UA-UB1Q
58792998041122,202-6440980-2345945,,WX-L5UA-UB1Q,WX-L5UA-UB1Q
58792998041122,202-6440980-2345945,,WX-L5UA-UB1Q,WX-L5UA-UB1Q
58792998041122,202-6440980-2345945,,WX-L5UA-UB1Q,WX-L5UA-UB1Q
58792998041122,202-6440980-2345945,,WX-L5UA-UB1Q,WX-L5UA-UB1Q
58792998041122,202-6440980-2345945,,WX-L5UA-UB1Q,WX-L5UA-UB1Q
58787216955762,205-1239514-1290731,,A2-T2AC-TW3L,A2-T2AC-TW3L
58787216955762,205-1239514-1290731,,A2-T2AC-TW3L,A2-T2AC-TW3L
58787216955762,205-1239514-1290731,,A2-T2AC-TW3L,A2-T2AC-TW3L
58787216955762,205-1239514-1290731,,A2-T2AC-TW3L,A2-T2AC-TW3L
58787216955762,205-1239514-1290731,,A2-T2AC-TW3L,A2-T2AC-TW3L
58787216955762,205-1239514-1290731,,A2-T2AC-TW3L,A2-T2AC-TW3L
58793473302442,205-6123333-4474733,,6V-EEC1-2S9Z,6V-EEC1-2S9Z
58793473302442,205-6123333-4474733,,6V-EEC1-2S9Z,6V-EEC1-2S9Z
58793473302442,205-6123333-4474733,,6V-EEC1-2S9Z,6V-EEC1-2S9Z
58793473302442,205-6123333-4474733,,6V-EEC1-2S9Z,6V-EEC1-2S9Z
58793473302442,205-6123333-4474733,,6V-EEC1-2S9Z,6V-EEC1-2S9Z
58793473302442,205-6123333-4474733,,6V-EEC1-2S9Z,6V-EEC1-2S9Z
58793473302482,205-6123333-4474733,,SU-5LQH-2DVN,SU-5LQH-2DVN
58793473302482,205-6123333-4474733,,SU-5LQH-2DVN,SU-5LQH-2DVN
58793473302482,205-6123333-4474733,,SU-5LQH-2DVN,SU-5LQH-2DVN
58793473302482,205-6123333-4474733,,SU-5LQH-2DVN,SU-5LQH-2DVN
58793473302482,205-6123333-4474733,,SU-5LQH-2DVN,SU-5LQH-2DVN
58793473302482,205-6123333-4474733,,SU-5LQH-2DVN,SU-5LQH-2DVN
58903319592442,202-5930395-7369110,,WX-L5UA-UB1Q,WX-L5UA-UB1Q
58903319592442,202-5930395-7369110,,WX-L5UA-UB1Q,WX-L5UA-UB1Q
58903319592442,202-5930395-7369110,,WX-L5UA-UB1Q,WX-L5UA-UB1Q
58903319592442,202-5930395-7369110,,WX-L5UA-UB1Q,WX-L5UA-UB1Q
58903319592442,202-5930395-7369110,,WX-L5UA-UB1Q,WX-L5UA-UB1Q
58903319592442,202-5930395-7369110,,WX-L5UA-UB1Q,WX-L5UA-UB1Q
58792952315162,202-3505674-1013145,,BQ-O3OI-FTJU,BQ-O3OI-FTJU
58792952315162,202-3505674-1013145,,BQ-O3OI-FTJU,BQ-O3OI-FTJU
58792952315162,202-3505674-1013145,,BQ-O3OI-FTJU,BQ-O3OI-FTJU
58792952315162,202-3505674-1013145,,BQ-O3OI-FTJU,BQ-O3OI-FTJU
58792952315162,202-3505674-1013145,,BQ-O3OI-FTJU,BQ-O3OI-FTJU
58792952315162,202-3505674-1013145,,BQ-O3OI-FTJU,BQ-O3OI-FTJU
58797255552522,026-9776955-5464356,,EV-CHU5-XU3G,EV-CHU5-XU3G
58797255552522,026-9776955-5464356,,EV-CHU5-XU3G,EV-CHU5-XU3G
58797255552522,026-9776955-5464356,,EV-CHU5-XU3G,EV-CHU5-XU3G
58797255552522,026-9776955-5464356,,EV-CHU5-XU3G,EV-CHU5-XU3G
58797255552522,026-9776955-5464356,,EV-CHU5-XU3G,EV-CHU5-XU3G
58797255552522,026-9776955-5464356,,EV-CHU5-XU3G,EV-CHU5-XU3G
58793960700802,202-1466415-4369958,,SU-5LQH-2DVN,SU-5LQH-2DVN
58793960700802,202-1466415-4369958,,SU-5LQH-2DVN,SU-5LQH-2DVN
58793960700802,202-1466415-4369958,,SU-5LQH-2DVN,SU-5LQH-2DVN
58793960700802,202-1466415-4369958,,SU-5LQH-2DVN,SU-5LQH-2DVN
58793960700802,202-1466415-4369958,,SU-5LQH-2DVN,SU-5LQH-2DVN
58793960700802,202-1466415-4369958,,SU-5LQH-2DVN,SU-5LQH-2DVN
58840506594282,203-4763592-6333920,,EV-CHU5-XU3G,EV-CHU5-XU3G
58840506594282,203-4763592-6333920,,EV-CHU5-XU3G,EV-CHU5-XU3G
58840506594282,203-4763592-6333920,,EV-CHU5-XU3G,EV-CHU5-XU3G
58840506594282,203-4763592-6333920,,EV-CHU5-XU3G,EV-CHU5-XU3G
58840506594282,203-4763592-6333920,,EV-CHU5-XU3G,EV-CHU5-XU3G
58840506594282,203-4763592-6333920,,EV-CHU5-XU3G,EV-CHU5-XU3G
58847430100442,205-7643303-3324362,,6V-EEC1-2S9Z,6V-EEC1-2S9Z
58847430100442,205-7643303-3324362,,6V-EEC1-2S9Z,6V-EEC1-2S9Z
58847430100442,205-7643303-3324362,,6V-EEC1-2S9Z,6V-EEC1-2S9Z
58847430100442,205-7643303-3324362,,6V-EEC1-2S9Z,6V-EEC1-2S9Z
58847430100442,205-7643303-3324362,,6V-EEC1-2S9Z,6V-EEC1-2S9Z
58847430100442,205-7643303-3324362,,6V-EEC1-2S9Z,6V-EEC1-2S9Z
58871473788922,203-9728643-0298715,,F7-PMJ2-SG6A,F7-PMJ2-SG6A
58871473788922,203-9728643-0298715,,F7-PMJ2-SG6A,F7-PMJ2-SG6A
58871473788922,203-9728643-0298715,,F7-PMJ2-SG6A,F7-PMJ2-SG6A
58871473788922,203-9728643-0298715,,F7-PMJ2-SG6A,F7-PMJ2-SG6A
58871473788922,203-9728643-0298715,,F7-PMJ2-SG6A,F7-PMJ2-SG6A
58871473788922,203-9728643-0298715,,F7-PMJ2-SG6A,F7-PMJ2-SG6A
58871473788922,203-9728643-0298715,,F7-PMJ2-SG6A,F7-PMJ2-SG6A
58871473788922,203-9728643-0298715,,F7-PMJ2-SG6A,F7-PMJ2-SG6A
58871473788922,203-9728643-0298715,,F7-PMJ2-SG6A,F7-PMJ2-SG6A
58871473788922,203-9728643-0298715,,F7-PMJ2-SG6A,F7-PMJ2-SG6A
58871473788922,203-9728643-0298715,,F7-PMJ2-SG6A,F7-PMJ2-SG6A
57893181483802,202-9205296-4503505,,A2-T2AC-TW3L,A2-T2AC-TW3L
57893181483802,202-9205296-4503505,,A2-T2AC-TW3L,A2-T2AC-TW3L
57893181483802,202-9205296-4503505,,A2-T2AC-TW3L,A2-T2AC-TW3L
57893181483802,202-9205296-4503505,,A2-T2AC-TW3L,A2-T2AC-TW3L
57893181483802,202-9205296-4503505,,A2-T2AC-TW3L,A2-T2AC-TW3L
57893181483802,202-9205296-4503505,,A2-T2AC-TW3L,A2-T2AC-TW3L
58788746006282,206-4143056-4181918,,A2-T2AC-TW3L,A2-T2AC-TW3L
58788746006282,206-4143056-4181918,,A2-T2AC-TW3L,A2-T2AC-TW3L
58788746006282,206-4143056-4181918,,A2-T2AC-TW3L,A2-T2AC-TW3L
58788746006282,206-4143056-4181918,,A2-T2AC-TW3L,A2-T2AC-TW3L
58788746006282,206-4143056-4181918,,A2-T2AC-TW3L,A2-T2AC-TW3L
58788746006282,206-4143056-4181918,,A2-T2AC-TW3L,A2-T2AC-TW3L
58792862930602,206-1634652-2425167,,EV-CHU5-XU3G,EV-CHU5-XU3G
58792862930602,206-1634652-2425167,,EV-CHU5-XU3G,EV-CHU5-XU3G
58792862930602,206-1634652-2425167,,EV-CHU5-XU3G,EV-CHU5-XU3G
58792862930602,206-1634652-2425167,,EV-CHU5-XU3G,EV-CHU5-XU3G
58792862930602,206-1634652-2425167,,EV-CHU5-XU3G,EV-CHU5-XU3G
58792862930602,206-1634652-2425167,,EV-CHU5-XU3G,EV-CHU5-XU3G
58886604178402,206-3796710-0886756,,6V-EEC1-2S9Z,6V-EEC1-2S9Z
58886604178402,206-3796710-0886756,,6V-EEC1-2S9Z,6V-EEC1-2S9Z
58886604178402,206-3796710-0886756,,6V-EEC1-2S9Z,6V-EEC1-2S9Z
58886604178402,206-3796710-0886756,,6V-EEC1-2S9Z,6V-EEC1-2S9Z
58886604178402,206-3796710-0886756,,6V-EEC1-2S9Z,6V-EEC1-2S9Z
58886604178402,206-3796710-0886756,,6V-EEC1-2S9Z,6V-EEC1-2S9Z
58839816542402,203-3755986-8779530,,6V-EEC1-2S9Z,6V-EEC1-2S9Z
58839816542402,203-3755986-8779530,,6V-EEC1-2S9Z,6V-EEC1-2S9Z
58839816542402,203-3755986-8779530,,6V-EEC1-2S9Z,6V-EEC1-2S9Z
58839816542402,203-3755986-8779530,,6V-EEC1-2S9Z,6V-EEC1-2S9Z
58839816542402,203-3755986-8779530,,6V-EEC1-2S9Z,6V-EEC1-2S9Z
58839816542402,203-3755986-8779530,,6V-EEC1-2S9Z,6V-EEC1-2S9Z
58846072173802,026-9424504-4957967,,3X-EXDD-TD2K,3X-EXDD-TD2K
58846072173802,026-9424504-4957967,,3X-EXDD-TD2K,3X-EXDD-TD2K
58846072173802,026-9424504-4957967,,3X-EXDD-TD2K,3X-EXDD-TD2K
58846072173802,026-9424504-4957967,,3X-EXDD-TD2K,3X-EXDD-TD2K
58846072173802,026-9424504-4957967,,3X-EXDD-TD2K,3X-EXDD-TD2K
58846072173802,026-9424504-4957967,,3X-EXDD-TD2K,3X-EXDD-TD2K
58803819258682,204-5110114-7020348,,Z7-26PV-O9LR,Z7-26PV-O9LR
58803819258682,204-5110114-7020348,,Z7-26PV-O9LR,Z7-26PV-O9LR
58803819258682,204-5110114-7020348,,Z7-26PV-O9LR,Z7-26PV-O9LR
58803819258682,204-5110114-7020348,,Z7-26PV-O9LR,Z7-26PV-O9LR
58803819258682,204-5110114-7020348,,Z7-26PV-O9LR,Z7-26PV-O9LR
58803819258682,204-5110114-7020348,,Z7-26PV-O9LR,Z7-26PV-O9LR
58793984361922,203-4777208-4404351,,WX-L5UA-UB1Q,WX-L5UA-UB1Q
58793984361922,203-4777208-4404351,,WX-L5UA-UB1Q,WX-L5UA-UB1Q
58793984361922,203-4777208-4404351,,WX-L5UA-UB1Q,WX-L5UA-UB1Q
58793984361922,203-4777208-4404351,,WX-L5UA-UB1Q,WX-L5UA-UB1Q
58793984361922,203-4777208-4404351,,WX-L5UA-UB1Q,WX-L5UA-UB1Q
58793984361922,203-4777208-4404351,,WX-L5UA-UB1Q,WX-L5UA-UB1Q
58847288874482,202-7815713-6541940,,6V-EEC1-2S9Z,6V-EEC1-2S9Z
58847288874482,202-7815713-6541940,,6V-EEC1-2S9Z,6V-EEC1-2S9Z
58847288874482,202-7815713-6541940,,6V-EEC1-2S9Z,6V-EEC1-2S9Z
58847288874482,202-7815713-6541940,,6V-EEC1-2S9Z,6V-EEC1-2S9Z
58847288874482,202-7815713-6541940,,6V-EEC1-2S9Z,6V-EEC1-2S9Z
58847288874482,202-7815713-6541940,,6V-EEC1-2S9Z,6V-EEC1-2S9Z
58849325908002,203-8381898-2659535,,EV-CHU5-XU3G,EV-CHU5-XU3G
58849325908002,203-8381898-2659535,,EV-CHU5-XU3G,EV-CHU5-XU3G
58849325908002,203-8381898-2659535,,EV-CHU5-XU3G,EV-CHU5-XU3G
58849325908002,203-8381898-2659535,,EV-CHU5-XU3G,EV-CHU5-XU3G
58849325908002,203-8381898-2659535,,EV-CHU5-XU3G,EV-CHU5-XU3G
58849325908002,203-8381898-2659535,,EV-CHU5-XU3G,EV-CHU5-XU3G
58850392068482,026-2835431-4003514,,DC-K5WH-R7F5,DC-K5WH-R7F5
58850392068482,026-2835431-4003514,,DC-K5WH-R7F5,DC-K5WH-R7F5
58850392068482,026-2835431-4003514,,DC-K5WH-R7F5,DC-K5WH-R7F5
58850392068482,026-2835431-4003514,,DC-K5WH-R7F5,DC-K5WH-R7F5
58850392068482,026-2835431-4003514,,DC-K5WH-R7F5,DC-K5WH-R7F5
58850392068482,026-2835431-4003514,,DC-K5WH-R7F5,DC-K5WH-R7F5
58766413193802,204-8970357-3667516,,WX-L5UA-UB1Q,WX-L5UA-UB1Q
58766413193802,204-8970357-3667516,,WX-L5UA-UB1Q,WX-L5UA-UB1Q
58766413193802,204-8970357-3667516,,WX-L5UA-UB1Q,WX-L5UA-UB1Q
58766413193802,204-8970357-3667516,,WX-L5UA-UB1Q,WX-L5UA-UB1Q
58766413193802,204-8970357-3667516,,WX-L5UA-UB1Q,WX-L5UA-UB1Q
58766413193802,204-8970357-3667516,,WX-L5UA-UB1Q,WX-L5UA-UB1Q
58760270438602,202-2261654-9449951,,6V-EEC1-2S9Z,6V-EEC1-2S9Z
58760270438602,202-2261654-9449951,,6V-EEC1-2S9Z,6V-EEC1-2S9Z
58760270438602,202-2261654-9449951,,6V-EEC1-2S9Z,6V-EEC1-2S9Z
58760270438602,202-2261654-9449951,,6V-EEC1-2S9Z,6V-EEC1-2S9Z
58760270438602,202-2261654-9449951,,6V-EEC1-2S9Z,6V-EEC1-2S9Z
58760270438602,202-2261654-9449951,,6V-EEC1-2S9Z,6V-EEC1-2S9Z
58844543289442,202-0316846-4033959,,Z7-26PV-O9LR,Z7-26PV-O9LR
58844543289442,202-0316846-4033959,,Z7-26PV-O9LR,Z7-26PV-O9LR
58844543289442,202-0316846-4033959,,Z7-26PV-O9LR,Z7-26PV-O9LR
58844543289442,202-0316846-4033959,,Z7-26PV-O9LR,Z7-26PV-O9LR
58844543289442,202-0316846-4033959,,Z7-26PV-O9LR,Z7-26PV-O9LR
58844543289442,202-0316846-4033959,,Z7-26PV-O9LR,Z7-26PV-O9LR
58876036274242,203-2212921-1515513,,WX-L5UA-UB1Q,WX-L5UA-UB1Q
58876036274242,203-2212921-1515513,,WX-L5UA-UB1Q,WX-L5UA-UB1Q
58876036274242,203-2212921-1515513,,WX-L5UA-UB1Q,WX-L5UA-UB1Q
58876036274242,203-2212921-1515513,,WX-L5UA-UB1Q,WX-L5UA-UB1Q
58876036274242,203-2212921-1515513,,WX-L5UA-UB1Q,WX-L5UA-UB1Q
58876036274242,203-2212921-1515513,,WX-L5UA-UB1Q,WX-L5UA-UB1Q
58802664504162,026-6913307-1715501,,EV-CHU5-XU3G,EV-CHU5-XU3G
58802664504162,026-6913307-1715501,,EV-CHU5-XU3G,EV-CHU5-XU3G
58802664504162,026-6913307-1715501,,EV-CHU5-XU3G,EV-CHU5-XU3G
58802664504162,026-6913307-1715501,,EV-CHU5-XU3G,EV-CHU5-XU3G
58802664504162,026-6913307-1715501,,EV-CHU5-XU3G,EV-CHU5-XU3G
58802664504162,026-6913307-1715501,,EV-CHU5-XU3G,EV-CHU5-XU3G
58802664504162,026-6913307-1715501,,EV-CHU5-XU3G,EV-CHU5-XU3G
58802664504162,026-6913307-1715501,,EV-CHU5-XU3G,EV-CHU5-XU3G
58802664504162,026-6913307-1715501,,EV-CHU5-XU3G,EV-CHU5-XU3G
58802664504162,026-6913307-1715501,,EV-CHU5-XU3G,EV-CHU5-XU3G
58786560006482,026-9621573-1979528,,A2-T2AC-TW3L,A2-T2AC-TW3L
58786560006482,026-9621573-1979528,,A2-T2AC-TW3L,A2-T2AC-TW3L
58786560006482,026-9621573-1979528,,A2-T2AC-TW3L,A2-T2AC-TW3L
58786560006482,026-9621573-1979528,,A2-T2AC-TW3L,A2-T2AC-TW3L
58786560006482,026-9621573-1979528,,A2-T2AC-TW3L,A2-T2AC-TW3L
58786560006482,026-9621573-1979528,,A2-T2AC-TW3L,A2-T2AC-TW3L
58841371091802,204-9395592-8498701,,Z7-26PV-O9LR,Z7-26PV-O9LR
58841371091802,204-9395592-8498701,,Z7-26PV-O9LR,Z7-26PV-O9LR
58841371091802,204-9395592-8498701,,Z7-26PV-O9LR,Z7-26PV-O9LR
58841371091802,204-9395592-8498701,,Z7-26PV-O9LR,Z7-26PV-O9LR
58841371091802,204-9395592-8498701,,Z7-26PV-O9LR,Z7-26PV-O9LR
58841371091802,204-9395592-8498701,,Z7-26PV-O9LR,Z7-26PV-O9LR
58870878287082,203-5457035-3459516,,NN-TSZ1-X2RD,NN-TSZ1-X2RD
58870878287082,203-5457035-3459516,,NN-TSZ1-X2RD,NN-TSZ1-X2RD
58870878287082,203-5457035-3459516,,NN-TSZ1-X2RD,NN-TSZ1-X2RD
58870878287082,203-5457035-3459516,,NN-TSZ1-X2RD,NN-TSZ1-X2RD
58870878287082,203-5457035-3459516,,NN-TSZ1-X2RD,NN-TSZ1-X2RD
58870878287082,203-5457035-3459516,,NN-TSZ1-X2RD,NN-TSZ1-X2RD
58870878287082,203-5457035-3459516,,NN-TSZ1-X2RD,NN-TSZ1-X2RD
58870878287082,203-5457035-3459516,,NN-TSZ1-X2RD,NN-TSZ1-X2RD
58870878287082,203-5457035-3459516,,NN-TSZ1-X2RD,NN-TSZ1-X2RD
58870878287082,203-5457035-3459516,,NN-TSZ1-X2RD,NN-TSZ1-X2RD
58870878287082,203-5457035-3459516,,NN-TSZ1-X2RD,NN-TSZ1-X2RD
58870878287082,203-5457035-3459516,,NN-TSZ1-X2RD,NN-TSZ1-X2RD
58870878287082,203-5457035-3459516,,NN-TSZ1-X2RD,NN-TSZ1-X2RD
58870878287082,203-5457035-3459516,,NN-TSZ1-X2RD,NN-TSZ1-X2RD
58870878287082,203-5457035-3459516,,NN-TSZ1-X2RD,NN-TSZ1-X2RD
58870878287082,203-5457035-3459516,,NN-TSZ1-X2RD,NN-TSZ1-X2RD
58870878287082,203-5457035-3459516,,NN-TSZ1-X2RD,NN-TSZ1-X2RD
58870878287082,203-5457035-3459516,,NN-TSZ1-X2RD,NN-TSZ1-X2RD
58870878287082,203-5457035-3459516,,NN-TSZ1-X2RD,NN-TSZ1-X2RD
58870878287082,203-5457035-3459516,,NN-TSZ1-X2RD,NN-TSZ1-X2RD
58870878287082,203-5457035-3459516,,NN-TSZ1-X2RD,NN-TSZ1-X2RD
58870878287082,203-5457035-3459516,,NN-TSZ1-X2RD,NN-TSZ1-X2RD
58870878287082,203-5457035-3459516,,NN-TSZ1-X2RD,NN-TSZ1-X2RD
58870878287082,203-5457035-3459516,,NN-TSZ1-X2RD,NN-TSZ1-X2RD
58870878287082,203-5457035-3459516,,NN-TSZ1-X2RD,NN-TSZ1-X2RD
58870878287082,203-5457035-3459516,,NN-TSZ1-X2RD,NN-TSZ1-X2RD
58870878287082,203-5457035-3459516,,NN-TSZ1-X2RD,NN-TSZ1-X2RD
58870878287082,203-5457035-3459516,,NN-TSZ1-X2RD,NN-TSZ1-X2RD
58870878287082,203-5457035-3459516,,NN-TSZ1-X2RD,NN-TSZ1-X2RD
58870878287082,203-5457035-3459516,,NN-TSZ1-X2RD,NN-TSZ1-X2RD
58870878287082,203-5457035-3459516,,NN-TSZ1-X2RD,NN-TSZ1-X2RD
58870878287082,203-5457035-3459516,,NN-TSZ1-X2RD,NN-TSZ1-X2RD
58870878287082,203-5457035-3459516,,NN-TSZ1-X2RD,NN-TSZ1-X2RD
58870878287082,203-5457035-3459516,,NN-TSZ1-X2RD,NN-TSZ1-X2RD
58870878287082,203-5457035-3459516,,NN-TSZ1-X2RD,NN-TSZ1-X2RD
58870878287082,203-5457035-3459516,,NN-TSZ1-X2RD,NN-TSZ1-X2RD
58870878287082,203-5457035-3459516,,NN-TSZ1-X2RD,NN-TSZ1-X2RD
58866172558922,205-5170917-6066702,,SR-6OBB-WC03,SR-6OBB-WC03
58866172558922,205-5170917-6066702,,SR-6OBB-WC03,SR-6OBB-WC03
58866172558922,205-5170917-6066702,,SR-6OBB-WC03,SR-6OBB-WC03
58866172558922,205-5170917-6066702,,SR-6OBB-WC03,SR-6OBB-WC03
58866172558922,205-5170917-6066702,,SR-6OBB-WC03,SR-6OBB-WC03
58866172558922,205-5170917-6066702,,SR-6OBB-WC03,SR-6OBB-WC03
58790243972362,204-1548717-2969134,,DC-K5WH-R7F5,DC-K5WH-R7F5
58790243972362,204-1548717-2969134,,DC-K5WH-R7F5,DC-K5WH-R7F5
58790243972362,204-1548717-2969134,,DC-K5WH-R7F5,DC-K5WH-R7F5
58790243972362,204-1548717-2969134,,DC-K5WH-R7F5,DC-K5WH-R7F5
58790243972362,204-1548717-2969134,,DC-K5WH-R7F5,DC-K5WH-R7F5
58790243972362,204-1548717-2969134,,DC-K5WH-R7F5,DC-K5WH-R7F5
58853294167402,205-0291358-9417951,,49-4UKW-G81R,49-4UKW-G81R
58853294167402,205-0291358-9417951,,49-4UKW-G81R,49-4UKW-G81R
58853294167402,205-0291358-9417951,,49-4UKW-G81R,49-4UKW-G81R
58853294167402,205-0291358-9417951,,49-4UKW-G81R,49-4UKW-G81R
58853294167402,205-0291358-9417951,,49-4UKW-G81R,49-4UKW-G81R
58853294167402,205-0291358-9417951,,49-4UKW-G81R,49-4UKW-G81R
58852257417322,206-0647215-7566760,,4F-HT42-FD26,4F-HT42-FD26
58852257417322,206-0647215-7566760,,4F-HT42-FD26,4F-HT42-FD26
58852257417322,206-0647215-7566760,,4F-HT42-FD26,4F-HT42-FD26
58852257417322,206-0647215-7566760,,4F-HT42-FD26,4F-HT42-FD26
58852257417322,206-0647215-7566760,,4F-HT42-FD26,4F-HT42-FD26
58852257417322,206-0647215-7566760,,4F-HT42-FD26,4F-HT42-FD26
58902760060042,026-0984481-7744337,,DC-K5WH-R7F5,DC-K5WH-R7F5
58902760060042,026-0984481-7744337,,DC-K5WH-R7F5,DC-K5WH-R7F5
58902760060042,026-0984481-7744337,,DC-K5WH-R7F5,DC-K5WH-R7F5
58902760060042,026-0984481-7744337,,DC-K5WH-R7F5,DC-K5WH-R7F5
58902760060042,026-0984481-7744337,,DC-K5WH-R7F5,DC-K5WH-R7F5
58897218371922,205-8740593-9628352,,DC-K5WH-R7F5,DC-K5WH-R7F5
58897218371922,205-8740593-9628352,,DC-K5WH-R7F5,DC-K5WH-R7F5
58897218371922,205-8740593-9628352,,DC-K5WH-R7F5,DC-K5WH-R7F5
58897218371922,205-8740593-9628352,,DC-K5WH-R7F5,DC-K5WH-R7F5
58897218371922,205-8740593-9628352,,DC-K5WH-R7F5,DC-K5WH-R7F5
58897218371922,205-8740593-9628352,,DC-K5WH-R7F5,DC-K5WH-R7F5
58788327810402,026-8374386-1666754,,6V-EEC1-2S9Z,6V-EEC1-2S9Z
58788327810402,026-8374386-1666754,,6V-EEC1-2S9Z,6V-EEC1-2S9Z
58788327810402,026-8374386-1666754,,6V-EEC1-2S9Z,6V-EEC1-2S9Z
58788327810402,026-8374386-1666754,,6V-EEC1-2S9Z,6V-EEC1-2S9Z
58788327810402,026-8374386-1666754,,6V-EEC1-2S9Z,6V-EEC1-2S9Z
58788327810402,026-8374386-1666754,,6V-EEC1-2S9Z,6V-EEC1-2S9Z
58788327810402,026-8374386-1666754,,6V-EEC1-2S9Z,6V-EEC1-2S9Z
58788327810402,026-8374386-1666754,,6V-EEC1-2S9Z,6V-EEC1-2S9Z
58788327810402,026-8374386-1666754,,6V-EEC1-2S9Z,6V-EEC1-2S9Z
58902760060042,026-0984481-7744337,,DC-K5WH-R7F5,DC-K5WH-R7F5
58902760060042,026-0984481-7744337,,DC-K5WH-R7F5,DC-K5WH-R7F5
58902760060042,026-0984481-7744337,,DC-K5WH-R7F5,DC-K5WH-R7F5
58902760060042,026-0984481-7744337,,DC-K5WH-R7F5,DC-K5WH-R7F5
58902760060042,026-0984481-7744337,,DC-K5WH-R7F5,DC-K5WH-R7F5
58902760060042,026-0984481-7744337,,DC-K5WH-R7F5,DC-K5WH-R7F5
58860148410642,204-9879523-5781124,,XE-YPAI-HX9F,XE-YPAI-HX9F
58860148410642,204-9879523-5781124,,XE-YPAI-HX9F,XE-YPAI-HX9F
58860148410642,204-9879523-5781124,,XE-YPAI-HX9F,XE-YPAI-HX9F
58860148410642,204-9879523-5781124,,XE-YPAI-HX9F,XE-YPAI-HX9F
58860148410642,204-9879523-5781124,,XE-YPAI-HX9F,XE-YPAI-HX9F
58860148410642,204-9879523-5781124,,XE-YPAI-HX9F,XE-YPAI-HX9F
58860148410642,204-9879523-5781124,,XE-YPAI-HX9F,XE-YPAI-HX9F
58860148410642,204-9879523-5781124,,XE-YPAI-HX9F,XE-YPAI-HX9F
58850861606602,205-9979731-9513929,,EV-CHU5-XU3G,EV-CHU5-XU3G
58850861606602,205-9979731-9513929,,EV-CHU5-XU3G,EV-CHU5-XU3G
58850861606602,205-9979731-9513929,,EV-CHU5-XU3G,EV-CHU5-XU3G
58850861606602,205-9979731-9513929,,EV-CHU5-XU3G,EV-CHU5-XU3G
58850861606602,205-9979731-9513929,,EV-CHU5-XU3G,EV-CHU5-XU3G
58850861606602,205-9979731-9513929,,EV-CHU5-XU3G,EV-CHU5-XU3G
58899272451202,206-2436816-8181134,,WX-L5UA-UB1Q,WX-L5UA-UB1Q
58899272451202,206-2436816-8181134,,WX-L5UA-UB1Q,WX-L5UA-UB1Q
58899272451202,206-2436816-8181134,,WX-L5UA-UB1Q,WX-L5UA-UB1Q
58899272451202,206-2436816-8181134,,WX-L5UA-UB1Q,WX-L5UA-UB1Q
58899272451202,206-2436816-8181134,,WX-L5UA-UB1Q,WX-L5UA-UB1Q
58899272451202,206-2436816-8181134,,WX-L5UA-UB1Q,WX-L5UA-UB1Q
58859537864202,203-0395402-2113913,,4F-HT42-FD26,4F-HT42-FD26
58859537864202,203-0395402-2113913,,4F-HT42-FD26,4F-HT42-FD26
58859537864202,203-0395402-2113913,,4F-HT42-FD26,4F-HT42-FD26
58859537864202,203-0395402-2113913,,4F-HT42-FD26,4F-HT42-FD26
58859537864202,203-0395402-2113913,,4F-HT42-FD26,4F-HT42-FD26
58859537864202,203-0395402-2113913,,4F-HT42-FD26,4F-HT42-FD26
58887062080282,205-9804324-8029946,,EV-CHU5-XU3G,EV-CHU5-XU3G
58887062080282,205-9804324-8029946,,EV-CHU5-XU3G,EV-CHU5-XU3G
58887062080282,205-9804324-8029946,,EV-CHU5-XU3G,EV-CHU5-XU3G
58887062080282,205-9804324-8029946,,EV-CHU5-XU3G,EV-CHU5-XU3G
58887062080282,205-9804324-8029946,,EV-CHU5-XU3G,EV-CHU5-XU3G
58887062080282,205-9804324-8029946,,EV-CHU5-XU3G,EV-CHU5-XU3G
58871550299082,026-7778405-0523542,,EV-CHU5-XU3G,EV-CHU5-XU3G
58871550299082,026-7778405-0523542,,EV-CHU5-XU3G,EV-CHU5-XU3G
58871550299082,026-7778405-0523542,,EV-CHU5-XU3G,EV-CHU5-XU3G
58871550299082,026-7778405-0523542,,EV-CHU5-XU3G,EV-CHU5-XU3G
58871550299082,026-7778405-0523542,,EV-CHU5-XU3G,EV-CHU5-XU3G
58871550299082,026-7778405-0523542,,EV-CHU5-XU3G,EV-CHU5-XU3G
58789482579362,203-6007105-4857913,,EV-CHU5-XU3G,EV-CHU5-XU3G
58789482579362,203-6007105-4857913,,EV-CHU5-XU3G,EV-CHU5-XU3G
58789482579362,203-6007105-4857913,,EV-CHU5-XU3G,EV-CHU5-XU3G
58789482579362,203-6007105-4857913,,EV-CHU5-XU3G,EV-CHU5-XU3G
58789482579362,203-6007105-4857913,,EV-CHU5-XU3G,EV-CHU5-XU3G
58789482579362,203-6007105-4857913,,EV-CHU5-XU3G,EV-CHU5-XU3G
58894758963842,203-9783181-8637934,,6V-EEC1-2S9Z,6V-EEC1-2S9Z
58894758963842,203-9783181-8637934,,6V-EEC1-2S9Z,6V-EEC1-2S9Z
58894758963842,203-9783181-8637934,,6V-EEC1-2S9Z,6V-EEC1-2S9Z
58894758963842,203-9783181-8637934,,6V-EEC1-2S9Z,6V-EEC1-2S9Z
58894758963842,203-9783181-8637934,,6V-EEC1-2S9Z,6V-EEC1-2S9Z
58894758963842,203-9783181-8637934,,6V-EEC1-2S9Z,6V-EEC1-2S9Z
58875805173082,026-0905037-0074719,,R7-98IN-2PW8,R7-98IN-2PW8
58875805173082,026-0905037-0074719,,R7-98IN-2PW8,R7-98IN-2PW8
58875805173082,026-0905037-0074719,,R7-98IN-2PW8,R7-98IN-2PW8
58875805173082,026-0905037-0074719,,R7-98IN-2PW8,R7-98IN-2PW8
58875805173082,026-0905037-0074719,,R7-98IN-2PW8,R7-98IN-2PW8
58875805173082,026-0905037-0074719,,R7-98IN-2PW8,R7-98IN-2PW8
58848397426602,204-6398425-2686723,,WX-L5UA-UB1Q,WX-L5UA-UB1Q
58848397426602,204-6398425-2686723,,WX-L5UA-UB1Q,WX-L5UA-UB1Q
58848397426602,204-6398425-2686723,,WX-L5UA-UB1Q,WX-L5UA-UB1Q
58848397426602,204-6398425-2686723,,WX-L5UA-UB1Q,WX-L5UA-UB1Q
58848397426602,204-6398425-2686723,,WX-L5UA-UB1Q,WX-L5UA-UB1Q
58848397426602,204-6398425-2686723,,WX-L5UA-UB1Q,WX-L5UA-UB1Q
58888354250962,026-6190272-8409147,,DC-K5WH-R7F5,DC-K5WH-R7F5
58888354250962,026-6190272-8409147,,DC-K5WH-R7F5,DC-K5WH-R7F5
58888354250962,026-6190272-8409147,,DC-K5WH-R7F5,DC-K5WH-R7F5
58888354250962,026-6190272-8409147,,DC-K5WH-R7F5,DC-K5WH-R7F5
58888354250962,026-6190272-8409147,,DC-K5WH-R7F5,DC-K5WH-R7F5
58888354250962,026-6190272-8409147,,DC-K5WH-R7F5,DC-K5WH-R7F5
58858492198802,026-4398509-3197117,,SU-5LQH-2DVN,SU-5LQH-2DVN
58858492198802,026-4398509-3197117,,SU-5LQH-2DVN,SU-5LQH-2DVN
58858492198802,026-4398509-3197117,,SU-5LQH-2DVN,SU-5LQH-2DVN
58858492198802,026-4398509-3197117,,SU-5LQH-2DVN,SU-5LQH-2DVN
58858492198802,026-4398509-3197117,,SU-5LQH-2DVN,SU-5LQH-2DVN
58858492198802,026-4398509-3197117,,SU-5LQH-2DVN,SU-5LQH-2DVN
58895096526082,202-9281090-8055533,,F7-PMJ2-SG6A,F7-PMJ2-SG6A
58895096526082,202-9281090-8055533,,F7-PMJ2-SG6A,F7-PMJ2-SG6A
58895096526082,202-9281090-8055533,,F7-PMJ2-SG6A,F7-PMJ2-SG6A
58895096526082,202-9281090-8055533,,F7-PMJ2-SG6A,F7-PMJ2-SG6A
58895096526082,202-9281090-8055533,,F7-PMJ2-SG6A,F7-PMJ2-SG6A
58895096526082,202-9281090-8055533,,F7-PMJ2-SG6A,F7-PMJ2-SG6A
58896295390082,026-3403796-9547565,,WX-L5UA-UB1Q,WX-L5UA-UB1Q
58896295390082,026-3403796-9547565,,WX-L5UA-UB1Q,WX-L5UA-UB1Q
58896295390082,026-3403796-9547565,,WX-L5UA-UB1Q,WX-L5UA-UB1Q
58896295390082,026-3403796-9547565,,WX-L5UA-UB1Q,WX-L5UA-UB1Q
58896295390082,026-3403796-9547565,,WX-L5UA-UB1Q,WX-L5UA-UB1Q
58896295390082,026-3403796-9547565,,WX-L5UA-UB1Q,WX-L5UA-UB1Q
58881408001202,202-0289114-7566715,,EV-CHU5-XU3G,EV-CHU5-XU3G
58881408001202,202-0289114-7566715,,EV-CHU5-XU3G,EV-CHU5-XU3G
58881408001202,202-0289114-7566715,,EV-CHU5-XU3G,EV-CHU5-XU3G
58881408001202,202-0289114-7566715,,EV-CHU5-XU3G,EV-CHU5-XU3G
58881408001202,202-0289114-7566715,,EV-CHU5-XU3G,EV-CHU5-XU3G
58881408001202,202-0289114-7566715,,EV-CHU5-XU3G,EV-CHU5-XU3G
58758116878522,206-1284522-7065143,,A2-T2AC-TW3L,A2-T2AC-TW3L
58758116878522,206-1284522-7065143,,A2-T2AC-TW3L,A2-T2AC-TW3L
58758116878522,206-1284522-7065143,,A2-T2AC-TW3L,A2-T2AC-TW3L
58758116878522,206-1284522-7065143,,A2-T2AC-TW3L,A2-T2AC-TW3L
58758116878522,206-1284522-7065143,,A2-T2AC-TW3L,A2-T2AC-TW3L
58758116878522,206-1284522-7065143,,A2-T2AC-TW3L,A2-T2AC-TW3L
58869449215402,204-1393969-9430740,,WX-L5UA-UB1Q,WX-L5UA-UB1Q
58869449215402,204-1393969-9430740,,WX-L5UA-UB1Q,WX-L5UA-UB1Q
58869449215402,204-1393969-9430740,,WX-L5UA-UB1Q,WX-L5UA-UB1Q
58869449215402,204-1393969-9430740,,WX-L5UA-UB1Q,WX-L5UA-UB1Q
58869449215402,204-1393969-9430740,,WX-L5UA-UB1Q,WX-L5UA-UB1Q
58869449215402,204-1393969-9430740,,WX-L5UA-UB1Q,WX-L5UA-UB1Q
58866828515882,206-7562900-5475525,,SU-5LQH-2DVN,SU-5LQH-2DVN
58866828515882,206-7562900-5475525,,SU-5LQH-2DVN,SU-5LQH-2DVN
58866828515882,206-7562900-5475525,,SU-5LQH-2DVN,SU-5LQH-2DVN
58866828515882,206-7562900-5475525,,SU-5LQH-2DVN,SU-5LQH-2DVN
58866828515882,206-7562900-5475525,,SU-5LQH-2DVN,SU-5LQH-2DVN
58866828515882,206-7562900-5475525,,SU-5LQH-2DVN,SU-5LQH-2DVN
58768038413242,202-8452991-8344351,,EV-CHU5-XU3G,EV-CHU5-XU3G
58768038413242,202-8452991-8344351,,EV-CHU5-XU3G,EV-CHU5-XU3G
58768038413242,202-8452991-8344351,,EV-CHU5-XU3G,EV-CHU5-XU3G
58768038413242,202-8452991-8344351,,EV-CHU5-XU3G,EV-CHU5-XU3G
58768038413242,202-8452991-8344351,,EV-CHU5-XU3G,EV-CHU5-XU3G
58768038413242,202-8452991-8344351,,EV-CHU5-XU3G,EV-CHU5-XU3G
58856778774802,203-3784865-8868353,,6V-EEC1-2S9Z,6V-EEC1-2S9Z
58856778774802,203-3784865-8868353,,6V-EEC1-2S9Z,6V-EEC1-2S9Z
58856778774802,203-3784865-8868353,,6V-EEC1-2S9Z,6V-EEC1-2S9Z
58856778774802,203-3784865-8868353,,6V-EEC1-2S9Z,6V-EEC1-2S9Z
58856778774802,203-3784865-8868353,,6V-EEC1-2S9Z,6V-EEC1-2S9Z
58856778774802,203-3784865-8868353,,6V-EEC1-2S9Z,6V-EEC1-2S9Z
58871973660842,202-8298923-8974720,,EV-CHU5-XU3G,EV-CHU5-XU3G
58871973660842,202-8298923-8974720,,EV-CHU5-XU3G,EV-CHU5-XU3G
58871973660842,202-8298923-8974720,,EV-CHU5-XU3G,EV-CHU5-XU3G
58871973660842,202-8298923-8974720,,EV-CHU5-XU3G,EV-CHU5-XU3G
58871973660842,202-8298923-8974720,,EV-CHU5-XU3G,EV-CHU5-XU3G
58871973660842,202-8298923-8974720,,EV-CHU5-XU3G,EV-CHU5-XU3G
58856806977922,205-2607707-4947540,,DC-K5WH-R7F5,DC-K5WH-R7F5
58856806977922,205-2607707-4947540,,DC-K5WH-R7F5,DC-K5WH-R7F5
58856806977922,205-2607707-4947540,,DC-K5WH-R7F5,DC-K5WH-R7F5
58856806977922,205-2607707-4947540,,DC-K5WH-R7F5,DC-K5WH-R7F5
58856806977922,205-2607707-4947540,,DC-K5WH-R7F5,DC-K5WH-R7F5
58856806977922,205-2607707-4947540,,DC-K5WH-R7F5,DC-K5WH-R7F5
58795111492402,026-0177850-1952301,,WX-L5UA-UB1Q,WX-L5UA-UB1Q
58795111492402,026-0177850-1952301,,WX-L5UA-UB1Q,WX-L5UA-UB1Q
58795111492402,026-0177850-1952301,,WX-L5UA-UB1Q,WX-L5UA-UB1Q
58795111492402,026-0177850-1952301,,WX-L5UA-UB1Q,WX-L5UA-UB1Q
58795111492402,026-0177850-1952301,,WX-L5UA-UB1Q,WX-L5UA-UB1Q
58795111492402,026-0177850-1952301,,WX-L5UA-UB1Q,WX-L5UA-UB1Q
58788700737802,204-2154030-2510710,,A2-T2AC-TW3L,A2-T2AC-TW3L
58788700737802,204-2154030-2510710,,A2-T2AC-TW3L,A2-T2AC-TW3L
58788700737802,204-2154030-2510710,,A2-T2AC-TW3L,A2-T2AC-TW3L
58788700737802,204-2154030-2510710,,A2-T2AC-TW3L,A2-T2AC-TW3L
58788700737802,204-2154030-2510710,,A2-T2AC-TW3L,A2-T2AC-TW3L
58788700737802,204-2154030-2510710,,A2-T2AC-TW3L,A2-T2AC-TW3L
58856401864562,206-4646853-8024367,,SU-5LQH-2DVN,SU-5LQH-2DVN
58856401864562,206-4646853-8024367,,SU-5LQH-2DVN,SU-5LQH-2DVN
58856401864562,206-4646853-8024367,,SU-5LQH-2DVN,SU-5LQH-2DVN
58856401864562,206-4646853-8024367,,SU-5LQH-2DVN,SU-5LQH-2DVN
58856401864562,206-4646853-8024367,,SU-5LQH-2DVN,SU-5LQH-2DVN
58856401864562,206-4646853-8024367,,SU-5LQH-2DVN,SU-5LQH-2DVN
58881607059402,204-3727581-4384367,,WX-L5UA-UB1Q,WX-L5UA-UB1Q
58881607059402,204-3727581-4384367,,WX-L5UA-UB1Q,WX-L5UA-UB1Q
58881607059402,204-3727581-4384367,,WX-L5UA-UB1Q,WX-L5UA-UB1Q
58881607059402,204-3727581-4384367,,WX-L5UA-UB1Q,WX-L5UA-UB1Q
58881607059402,204-3727581-4384367,,WX-L5UA-UB1Q,WX-L5UA-UB1Q
58881607059402,204-3727581-4384367,,WX-L5UA-UB1Q,WX-L5UA-UB1Q
58860843085122,206-0032685-7381948,,SR-6OBB-WC03,SR-6OBB-WC03
58860843085122,206-0032685-7381948,,SR-6OBB-WC03,SR-6OBB-WC03
58860843085122,206-0032685-7381948,,SR-6OBB-WC03,SR-6OBB-WC03
58860843085122,206-0032685-7381948,,SR-6OBB-WC03,SR-6OBB-WC03
58860843085122,206-0032685-7381948,,SR-6OBB-WC03,SR-6OBB-WC03
58860843085122,206-0032685-7381948,,SR-6OBB-WC03,SR-6OBB-WC03
58880100649442,026-5124017-9601953,,EV-CHU5-XU3G,EV-CHU5-XU3G
58880100649442,026-5124017-9601953,,EV-CHU5-XU3G,EV-CHU5-XU3G
58880100649442,026-5124017-9601953,,EV-CHU5-XU3G,EV-CHU5-XU3G
58880100649442,026-5124017-9601953,,EV-CHU5-XU3G,EV-CHU5-XU3G
58880100649442,026-5124017-9601953,,EV-CHU5-XU3G,EV-CHU5-XU3G
58880100649442,026-5124017-9601953,,EV-CHU5-XU3G,EV-CHU5-XU3G
58882870739722,204-7561096-8113911,,XE-YPAI-HX9F,XE-YPAI-HX9F
58882870739722,204-7561096-8113911,,XE-YPAI-HX9F,XE-YPAI-HX9F
58882870739722,204-7561096-8113911,,XE-YPAI-HX9F,XE-YPAI-HX9F
58882870739722,204-7561096-8113911,,XE-YPAI-HX9F,XE-YPAI-HX9F
58882870739722,204-7561096-8113911,,XE-YPAI-HX9F,XE-YPAI-HX9F
58882870739722,204-7561096-8113911,,XE-YPAI-HX9F,XE-YPAI-HX9F
58896185501282,203-2203692-1143545,,WX-L5UA-UB1Q,WX-L5UA-UB1Q
58896185501282,203-2203692-1143545,,WX-L5UA-UB1Q,WX-L5UA-UB1Q
58896185501282,203-2203692-1143545,,WX-L5UA-UB1Q,WX-L5UA-UB1Q
58896185501282,203-2203692-1143545,,WX-L5UA-UB1Q,WX-L5UA-UB1Q
58896185501282,203-2203692-1143545,,WX-L5UA-UB1Q,WX-L5UA-UB1Q
58896185501282,203-2203692-1143545,,WX-L5UA-UB1Q,WX-L5UA-UB1Q
58883277255482,206-0039341-5201956,,EV-CHU5-XU3G,EV-CHU5-XU3G
58883277255482,206-0039341-5201956,,EV-CHU5-XU3G,EV-CHU5-XU3G
58883277255482,206-0039341-5201956,,EV-CHU5-XU3G,EV-CHU5-XU3G
58883277255482,206-0039341-5201956,,EV-CHU5-XU3G,EV-CHU5-XU3G
58883277255482,206-0039341-5201956,,EV-CHU5-XU3G,EV-CHU5-XU3G
58883277255482,206-0039341-5201956,,EV-CHU5-XU3G,EV-CHU5-XU3G
58857633164202,202-7434904-0586728,,6V-EEC1-2S9Z,6V-EEC1-2S9Z
58857633164202,202-7434904-0586728,,6V-EEC1-2S9Z,6V-EEC1-2S9Z
58857633164202,202-7434904-0586728,,6V-EEC1-2S9Z,6V-EEC1-2S9Z
58857633164202,202-7434904-0586728,,6V-EEC1-2S9Z,6V-EEC1-2S9Z
58857633164202,202-7434904-0586728,,6V-EEC1-2S9Z,6V-EEC1-2S9Z
58857633164202,202-7434904-0586728,,6V-EEC1-2S9Z,6V-EEC1-2S9Z
58768057519042,202-1374924-7283540,,A2-T2AC-TW3L,A2-T2AC-TW3L
58768057519042,202-1374924-7283540,,A2-T2AC-TW3L,A2-T2AC-TW3L
58768057519042,202-1374924-7283540,,A2-T2AC-TW3L,A2-T2AC-TW3L
58768057519042,202-1374924-7283540,,A2-T2AC-TW3L,A2-T2AC-TW3L
58768057519042,202-1374924-7283540,,A2-T2AC-TW3L,A2-T2AC-TW3L
58768057519042,202-1374924-7283540,,A2-T2AC-TW3L,A2-T2AC-TW3L
58901282837242,202-3896832-9457123,,DC-K5WH-R7F5,DC-K5WH-R7F5
58901282837242,202-3896832-9457123,,DC-K5WH-R7F5,DC-K5WH-R7F5
58901282837242,202-3896832-9457123,,DC-K5WH-R7F5,DC-K5WH-R7F5
58901282837242,202-3896832-9457123,,DC-K5WH-R7F5,DC-K5WH-R7F5
58901282837242,202-3896832-9457123,,DC-K5WH-R7F5,DC-K5WH-R7F5
58901282837242,202-3896832-9457123,,DC-K5WH-R7F5,DC-K5WH-R7F5
58906947390162,203-0120357-1485966,,WX-L5UA-UB1Q,WX-L5UA-UB1Q
58906947390162,203-0120357-1485966,,WX-L5UA-UB1Q,WX-L5UA-UB1Q
58906947390162,203-0120357-1485966,,WX-L5UA-UB1Q,WX-L5UA-UB1Q
58906947390162,203-0120357-1485966,,WX-L5UA-UB1Q,WX-L5UA-UB1Q
58906947390162,203-0120357-1485966,,WX-L5UA-UB1Q,WX-L5UA-UB1Q
58906947390162,203-0120357-1485966,,WX-L5UA-UB1Q,WX-L5UA-UB1Q
58843628933242,204-7473730-8647512,,6V-EEC1-2S9Z,6V-EEC1-2S9Z
58843628933242,204-7473730-8647512,,6V-EEC1-2S9Z,6V-EEC1-2S9Z
58843628933242,204-7473730-8647512,,6V-EEC1-2S9Z,6V-EEC1-2S9Z
58843628933242,204-7473730-8647512,,6V-EEC1-2S9Z,6V-EEC1-2S9Z
58843628933242,204-7473730-8647512,,6V-EEC1-2S9Z,6V-EEC1-2S9Z
58843628933242,204-7473730-8647512,,6V-EEC1-2S9Z,6V-EEC1-2S9Z
58880580574962,205-4307144-8265131,,BQ-O3OI-FTJU,BQ-O3OI-FTJU
58880580574962,205-4307144-8265131,,BQ-O3OI-FTJU,BQ-O3OI-FTJU
58880580574962,205-4307144-8265131,,BQ-O3OI-FTJU,BQ-O3OI-FTJU
58880580574962,205-4307144-8265131,,BQ-O3OI-FTJU,BQ-O3OI-FTJU
58880580574962,205-4307144-8265131,,BQ-O3OI-FTJU,BQ-O3OI-FTJU
58880580574962,205-4307144-8265131,,BQ-O3OI-FTJU,BQ-O3OI-FTJU
58789904842482,203-1673357-8859515,,6V-EEC1-2S9Z,6V-EEC1-2S9Z
58789904842482,203-1673357-8859515,,6V-EEC1-2S9Z,6V-EEC1-2S9Z
58789904842482,203-1673357-8859515,,6V-EEC1-2S9Z,6V-EEC1-2S9Z
58789904842482,203-1673357-8859515,,6V-EEC1-2S9Z,6V-EEC1-2S9Z
58789904842482,203-1673357-8859515,,6V-EEC1-2S9Z,6V-EEC1-2S9Z
58789904842482,203-1673357-8859515,,6V-EEC1-2S9Z,6V-EEC1-2S9Z
58924156757082,026-8104747-6816319,,WX-L5UA-UB1Q,WX-L5UA-UB1Q
58924156757082,026-8104747-6816319,,WX-L5UA-UB1Q,WX-L5UA-UB1Q
58924156757082,026-8104747-6816319,,WX-L5UA-UB1Q,WX-L5UA-UB1Q
58924156757082,026-8104747-6816319,,WX-L5UA-UB1Q,WX-L5UA-UB1Q
58924156757082,026-8104747-6816319,,WX-L5UA-UB1Q,WX-L5UA-UB1Q
58924156757082,026-8104747-6816319,,WX-L5UA-UB1Q,WX-L5UA-UB1Q
58924156757082,026-8104747-6816319,,WX-L5UA-UB1Q,WX-L5UA-UB1Q
58924156757082,026-8104747-6816319,,WX-L5UA-UB1Q,WX-L5UA-UB1Q
58924156757082,026-8104747-6816319,,WX-L5UA-UB1Q,WX-L5UA-UB1Q
58904219243202,202-2541652-6004358,,6V-EEC1-2S9Z,6V-EEC1-2S9Z
58904219243202,202-2541652-6004358,,6V-EEC1-2S9Z,6V-EEC1-2S9Z
58904219243202,202-2541652-6004358,,6V-EEC1-2S9Z,6V-EEC1-2S9Z
58904219243202,202-2541652-6004358,,6V-EEC1-2S9Z,6V-EEC1-2S9Z
58904219243202,202-2541652-6004358,,6V-EEC1-2S9Z,6V-EEC1-2S9Z
58904219243202,202-2541652-6004358,,6V-EEC1-2S9Z,6V-EEC1-2S9Z
58874969213962,204-6849486-8236333,,NN-TSZ1-X2RD,NN-TSZ1-X2RD
58874969213962,204-6849486-8236333,,NN-TSZ1-X2RD,NN-TSZ1-X2RD
58874969213962,204-6849486-8236333,,NN-TSZ1-X2RD,NN-TSZ1-X2RD
58874969213962,204-6849486-8236333,,NN-TSZ1-X2RD,NN-TSZ1-X2RD
58874969213962,204-6849486-8236333,,NN-TSZ1-X2RD,NN-TSZ1-X2RD
58874969213962,204-6849486-8236333,,NN-TSZ1-X2RD,NN-TSZ1-X2RD
58800282702202,026-8440480-6373929,,WX-L5UA-UB1Q,WX-L5UA-UB1Q
58800282702202,026-8440480-6373929,,WX-L5UA-UB1Q,WX-L5UA-UB1Q
58800282702202,026-8440480-6373929,,WX-L5UA-UB1Q,WX-L5UA-UB1Q
58800282702202,026-8440480-6373929,,WX-L5UA-UB1Q,WX-L5UA-UB1Q
58800282702202,026-8440480-6373929,,WX-L5UA-UB1Q,WX-L5UA-UB1Q
58800282702202,026-8440480-6373929,,WX-L5UA-UB1Q,WX-L5UA-UB1Q
58878381654842,204-6626043-7409135,,R7-98IN-2PW8,R7-98IN-2PW8
58878381654842,204-6626043-7409135,,R7-98IN-2PW8,R7-98IN-2PW8
58878381654842,204-6626043-7409135,,R7-98IN-2PW8,R7-98IN-2PW8
58878381654842,204-6626043-7409135,,R7-98IN-2PW8,R7-98IN-2PW8
58878381654842,204-6626043-7409135,,R7-98IN-2PW8,R7-98IN-2PW8
58878381654842,204-6626043-7409135,,R7-98IN-2PW8,R7-98IN-2PW8
58891344899322,202-0653866-8191505,,D2-8SPY-Q095,D2-8SPY-Q095
58891344899322,202-0653866-8191505,,D2-8SPY-Q095,D2-8SPY-Q095
58891344899322,202-0653866-8191505,,D2-8SPY-Q095,D2-8SPY-Q095
58891344899322,202-0653866-8191505,,D2-8SPY-Q095,D2-8SPY-Q095
58891344899322,202-0653866-8191505,,D2-8SPY-Q095,D2-8SPY-Q095
58891344899322,202-0653866-8191505,,D2-8SPY-Q095,D2-8SPY-Q095
58873633497282,203-4253186-6398765,,6V-EEC1-2S9Z,6V-EEC1-2S9Z
58873633497282,203-4253186-6398765,,6V-EEC1-2S9Z,6V-EEC1-2S9Z
58873633497282,203-4253186-6398765,,6V-EEC1-2S9Z,6V-EEC1-2S9Z
58873633497282,203-4253186-6398765,,6V-EEC1-2S9Z,6V-EEC1-2S9Z
58873633497282,203-4253186-6398765,,6V-EEC1-2S9Z,6V-EEC1-2S9Z
58873633497282,203-4253186-6398765,,6V-EEC1-2S9Z,6V-EEC1-2S9Z
58840654566682,204-7553228-2684351,,6V-EEC1-2S9Z,6V-EEC1-2S9Z
58840654566682,204-7553228-2684351,,6V-EEC1-2S9Z,6V-EEC1-2S9Z
58840654566682,204-7553228-2684351,,6V-EEC1-2S9Z,6V-EEC1-2S9Z
58840654566682,204-7553228-2684351,,6V-EEC1-2S9Z,6V-EEC1-2S9Z
58840654566682,204-7553228-2684351,,6V-EEC1-2S9Z,6V-EEC1-2S9Z
58840654566682,204-7553228-2684351,,6V-EEC1-2S9Z,6V-EEC1-2S9Z
58782685203802,202-7700195-8141162,,6V-EEC1-2S9Z,6V-EEC1-2S9Z
58782685203802,202-7700195-8141162,,6V-EEC1-2S9Z,6V-EEC1-2S9Z
58782685203802,202-7700195-8141162,,6V-EEC1-2S9Z,6V-EEC1-2S9Z
58782685203802,202-7700195-8141162,,6V-EEC1-2S9Z,6V-EEC1-2S9Z
58782685203802,202-7700195-8141162,,6V-EEC1-2S9Z,6V-EEC1-2S9Z
58782685203802,202-7700195-8141162,,6V-EEC1-2S9Z,6V-EEC1-2S9Z
58867926388082,204-8124572-5223505,,SU-5LQH-2DVN,SU-5LQH-2DVN
58867926388082,204-8124572-5223505,,SU-5LQH-2DVN,SU-5LQH-2DVN
58867926388082,204-8124572-5223505,,SU-5LQH-2DVN,SU-5LQH-2DVN
58867926388082,204-8124572-5223505,,SU-5LQH-2DVN,SU-5LQH-2DVN
58867926388082,204-8124572-5223505,,SU-5LQH-2DVN,SU-5LQH-2DVN
58867926388082,204-8124572-5223505,,SU-5LQH-2DVN,SU-5LQH-2DVN
58902117243482,026-0382544-1488321,,WX-L5UA-UB1Q,WX-L5UA-UB1Q
58902117243482,026-0382544-1488321,,WX-L5UA-UB1Q,WX-L5UA-UB1Q
58902117243482,026-0382544-1488321,,WX-L5UA-UB1Q,WX-L5UA-UB1Q
58902117243482,026-0382544-1488321,,WX-L5UA-UB1Q,WX-L5UA-UB1Q
58902117243482,026-0382544-1488321,,WX-L5UA-UB1Q,WX-L5UA-UB1Q
58902117243482,026-0382544-1488321,,WX-L5UA-UB1Q,WX-L5UA-UB1Q
58789087462562,203-7377321-5867512,,6V-EEC1-2S9Z,6V-EEC1-2S9Z
58789087462562,203-7377321-5867512,,6V-EEC1-2S9Z,6V-EEC1-2S9Z
58789087462562,203-7377321-5867512,,6V-EEC1-2S9Z,6V-EEC1-2S9Z
58789087462562,203-7377321-5867512,,6V-EEC1-2S9Z,6V-EEC1-2S9Z
58789087462562,203-7377321-5867512,,6V-EEC1-2S9Z,6V-EEC1-2S9Z
58789087462562,203-7377321-5867512,,6V-EEC1-2S9Z,6V-EEC1-2S9Z
58845233789202,026-0698469-9353960,,6V-EEC1-2S9Z,6V-EEC1-2S9Z
58845233789202,026-0698469-9353960,,6V-EEC1-2S9Z,6V-EEC1-2S9Z
58845233789202,026-0698469-9353960,,6V-EEC1-2S9Z,6V-EEC1-2S9Z
58845233789202,026-0698469-9353960,,6V-EEC1-2S9Z,6V-EEC1-2S9Z
58845233789202,026-0698469-9353960,,6V-EEC1-2S9Z,6V-EEC1-2S9Z
58845233789202,026-0698469-9353960,,6V-EEC1-2S9Z,6V-EEC1-2S9Z
58879660037802,205-2654495-9353126,,3X-EXDD-TD2K,3X-EXDD-TD2K
58879660037802,205-2654495-9353126,,3X-EXDD-TD2K,3X-EXDD-TD2K
58879660037802,205-2654495-9353126,,3X-EXDD-TD2K,3X-EXDD-TD2K
58879660037802,205-2654495-9353126,,3X-EXDD-TD2K,3X-EXDD-TD2K
58879660037802,205-2654495-9353126,,3X-EXDD-TD2K,3X-EXDD-TD2K
58879660037802,205-2654495-9353126,,3X-EXDD-TD2K,3X-EXDD-TD2K
58890149970122,202-8706156-6538725,,BQ-O3OI-FTJU,BQ-O3OI-FTJU
58890149970122,202-8706156-6538725,,BQ-O3OI-FTJU,BQ-O3OI-FTJU
58890149970122,202-8706156-6538725,,BQ-O3OI-FTJU,BQ-O3OI-FTJU
58890149970122,202-8706156-6538725,,BQ-O3OI-FTJU,BQ-O3OI-FTJU
58890149970122,202-8706156-6538725,,BQ-O3OI-FTJU,BQ-O3OI-FTJU
58890149970122,202-8706156-6538725,,BQ-O3OI-FTJU,BQ-O3OI-FTJU
58896161457242,203-0038284-6083558,,WX-L5UA-UB1Q,WX-L5UA-UB1Q
58896161457242,203-0038284-6083558,,WX-L5UA-UB1Q,WX-L5UA-UB1Q
58896161457242,203-0038284-6083558,,WX-L5UA-UB1Q,WX-L5UA-UB1Q
58896161457242,203-0038284-6083558,,WX-L5UA-UB1Q,WX-L5UA-UB1Q
58896161457242,203-0038284-6083558,,WX-L5UA-UB1Q,WX-L5UA-UB1Q
58896161457242,203-0038284-6083558,,WX-L5UA-UB1Q,WX-L5UA-UB1Q
58889643754962,202-7696024-8478734,,WX-L5UA-UB1Q,WX-L5UA-UB1Q
58889643754962,202-7696024-8478734,,WX-L5UA-UB1Q,WX-L5UA-UB1Q
58889643754962,202-7696024-8478734,,WX-L5UA-UB1Q,WX-L5UA-UB1Q
58889643754962,202-7696024-8478734,,WX-L5UA-UB1Q,WX-L5UA-UB1Q
58889643754962,202-7696024-8478734,,WX-L5UA-UB1Q,WX-L5UA-UB1Q
58889643754962,202-7696024-8478734,,WX-L5UA-UB1Q,WX-L5UA-UB1Q
58869145398242,203-3431260-6116307,,BQ-O3OI-FTJU,BQ-O3OI-FTJU
58869145398242,203-3431260-6116307,,BQ-O3OI-FTJU,BQ-O3OI-FTJU
58869145398242,203-3431260-6116307,,BQ-O3OI-FTJU,BQ-O3OI-FTJU
58869145398242,203-3431260-6116307,,BQ-O3OI-FTJU,BQ-O3OI-FTJU
58869145398242,203-3431260-6116307,,BQ-O3OI-FTJU,BQ-O3OI-FTJU
58869145398242,203-3431260-6116307,,BQ-O3OI-FTJU,BQ-O3OI-FTJU
58874288473242,202-0184193-9084300,,D2-8SPY-Q095,D2-8SPY-Q095
58874288473242,202-0184193-9084300,,D2-8SPY-Q095,D2-8SPY-Q095
58874288473242,202-0184193-9084300,,D2-8SPY-Q095,D2-8SPY-Q095
58874288473242,202-0184193-9084300,,D2-8SPY-Q095,D2-8SPY-Q095
58874288473242,202-0184193-9084300,,D2-8SPY-Q095,D2-8SPY-Q095
58874288473242,202-0184193-9084300,,D2-8SPY-Q095,D2-8SPY-Q095
58901134814682,202-6464572-8395522,,TU-8I14-25ZR,TU-8I14-25ZR
58901134814682,202-6464572-8395522,,TU-8I14-25ZR,TU-8I14-25ZR
58901134814682,202-6464572-8395522,,TU-8I14-25ZR,TU-8I14-25ZR
58901134814682,202-6464572-8395522,,TU-8I14-25ZR,TU-8I14-25ZR
58901134814682,202-6464572-8395522,,TU-8I14-25ZR,TU-8I14-25ZR
58901134814682,202-6464572-8395522,,TU-8I14-25ZR,TU-8I14-25ZR
58901134814682,202-6464572-8395522,,TU-8I14-25ZR,TU-8I14-25ZR
58901134814682,202-6464572-8395522,,TU-8I14-25ZR,TU-8I14-25ZR
58901134814682,202-6464572-8395522,,TU-8I14-25ZR,TU-8I14-25ZR
58881110014402,205-5528329-6353165,,EV-CHU5-XU3G,EV-CHU5-XU3G
58881110014402,205-5528329-6353165,,EV-CHU5-XU3G,EV-CHU5-XU3G
58881110014402,205-5528329-6353165,,EV-CHU5-XU3G,EV-CHU5-XU3G
58881110014402,205-5528329-6353165,,EV-CHU5-XU3G,EV-CHU5-XU3G
58881110014402,205-5528329-6353165,,EV-CHU5-XU3G,EV-CHU5-XU3G
58881110014402,205-5528329-6353165,,EV-CHU5-XU3G,EV-CHU5-XU3G
58870903907762,202-3618100-4945111,,SU-5LQH-2DVN,SU-5LQH-2DVN
58870903907762,202-3618100-4945111,,SU-5LQH-2DVN,SU-5LQH-2DVN
58870903907762,202-3618100-4945111,,SU-5LQH-2DVN,SU-5LQH-2DVN
58870903907762,202-3618100-4945111,,SU-5LQH-2DVN,SU-5LQH-2DVN
58870903907762,202-3618100-4945111,,SU-5LQH-2DVN,SU-5LQH-2DVN
58870903907762,202-3618100-4945111,,SU-5LQH-2DVN,SU-5LQH-2DVN
58899833027282,202-3111371-4169166,,SU-5LQH-2DVN,SU-5LQH-2DVN
58899833027282,202-3111371-4169166,,SU-5LQH-2DVN,SU-5LQH-2DVN
58899833027282,202-3111371-4169166,,SU-5LQH-2DVN,SU-5LQH-2DVN
58899833027282,202-3111371-4169166,,SU-5LQH-2DVN,SU-5LQH-2DVN
58899833027282,202-3111371-4169166,,SU-5LQH-2DVN,SU-5LQH-2DVN
58899833027282,202-3111371-4169166,,SU-5LQH-2DVN,SU-5LQH-2DVN
58855578671802,202-8895078-2724346,,6V-EEC1-2S9Z,6V-EEC1-2S9Z
58855578671802,202-8895078-2724346,,6V-EEC1-2S9Z,6V-EEC1-2S9Z
58855578671802,202-8895078-2724346,,6V-EEC1-2S9Z,6V-EEC1-2S9Z
58855578671802,202-8895078-2724346,,6V-EEC1-2S9Z,6V-EEC1-2S9Z
58855578671802,202-8895078-2724346,,6V-EEC1-2S9Z,6V-EEC1-2S9Z
58855578671802,202-8895078-2724346,,6V-EEC1-2S9Z,6V-EEC1-2S9Z
58844843809762,202-7322617-9563537,,TJ-6LOP-OPEU,TJ-6LOP-OPEU
58844843809762,202-7322617-9563537,,TJ-6LOP-OPEU,TJ-6LOP-OPEU
58844843809762,202-7322617-9563537,,TJ-6LOP-OPEU,TJ-6LOP-OPEU
58844843809762,202-7322617-9563537,,TJ-6LOP-OPEU,TJ-6LOP-OPEU
58844843809762,202-7322617-9563537,,TJ-6LOP-OPEU,TJ-6LOP-OPEU
58844843809762,202-7322617-9563537,,TJ-6LOP-OPEU,TJ-6LOP-OPEU
58841151708882,205-9658159-4177914,,WX-L5UA-UB1Q,WX-L5UA-UB1Q
58841151708882,205-9658159-4177914,,WX-L5UA-UB1Q,WX-L5UA-UB1Q
58841151708882,205-9658159-4177914,,WX-L5UA-UB1Q,WX-L5UA-UB1Q
58841151708882,205-9658159-4177914,,WX-L5UA-UB1Q,WX-L5UA-UB1Q
58841151708882,205-9658159-4177914,,WX-L5UA-UB1Q,WX-L5UA-UB1Q
58841151708882,205-9658159-4177914,,WX-L5UA-UB1Q,WX-L5UA-UB1Q
58910713759002,026-3972011-9858732,,WX-L5UA-UB1Q,WX-L5UA-UB1Q
58910713759002,026-3972011-9858732,,WX-L5UA-UB1Q,WX-L5UA-UB1Q
58910713759002,026-3972011-9858732,,WX-L5UA-UB1Q,WX-L5UA-UB1Q
58910713759002,026-3972011-9858732,,WX-L5UA-UB1Q,WX-L5UA-UB1Q
58910713759002,026-3972011-9858732,,WX-L5UA-UB1Q,WX-L5UA-UB1Q
58910713759002,026-3972011-9858732,,WX-L5UA-UB1Q,WX-L5UA-UB1Q
58906349113202,206-2868903-7333923,,WX-L5UA-UB1Q,WX-L5UA-UB1Q
58906349113202,206-2868903-7333923,,WX-L5UA-UB1Q,WX-L5UA-UB1Q
58906349113202,206-2868903-7333923,,WX-L5UA-UB1Q,WX-L5UA-UB1Q
58906349113202,206-2868903-7333923,,WX-L5UA-UB1Q,WX-L5UA-UB1Q
58906349113202,206-2868903-7333923,,WX-L5UA-UB1Q,WX-L5UA-UB1Q
58906349113202,206-2868903-7333923,,WX-L5UA-UB1Q,WX-L5UA-UB1Q
58906349113202,206-2868903-7333923,,WX-L5UA-UB1Q,WX-L5UA-UB1Q
58906349113202,206-2868903-7333923,,WX-L5UA-UB1Q,WX-L5UA-UB1Q
58906349113202,206-2868903-7333923,,WX-L5UA-UB1Q,WX-L5UA-UB1Q
58906349113202,206-2868903-7333923,,WX-L5UA-UB1Q,WX-L5UA-UB1Q
58866474227562,204-4060095-3146747,,SU-5LQH-2DVN,SU-5LQH-2DVN
58866474227562,204-4060095-3146747,,SU-5LQH-2DVN,SU-5LQH-2DVN
58866474227562,204-4060095-3146747,,SU-5LQH-2DVN,SU-5LQH-2DVN
58866474227562,204-4060095-3146747,,SU-5LQH-2DVN,SU-5LQH-2DVN
58866474227562,204-4060095-3146747,,SU-5LQH-2DVN,SU-5LQH-2DVN
58866474227562,204-4060095-3146747,,SU-5LQH-2DVN,SU-5LQH-2DVN
58875226442802,026-6628620-3118713,,6V-EEC1-2S9Z,6V-EEC1-2S9Z
58875226442802,026-6628620-3118713,,6V-EEC1-2S9Z,6V-EEC1-2S9Z
58875226442802,026-6628620-3118713,,6V-EEC1-2S9Z,6V-EEC1-2S9Z
58875226442802,026-6628620-3118713,,6V-EEC1-2S9Z,6V-EEC1-2S9Z
58875226442802,026-6628620-3118713,,6V-EEC1-2S9Z,6V-EEC1-2S9Z
58875226442802,026-6628620-3118713,,6V-EEC1-2S9Z,6V-EEC1-2S9Z
58875226442802,026-6628620-3118713,,6V-EEC1-2S9Z,6V-EEC1-2S9Z
58875226442802,026-6628620-3118713,,6V-EEC1-2S9Z,6V-EEC1-2S9Z
58892694645202,026-8509770-4616326,,WX-L5UA-UB1Q,WX-L5UA-UB1Q
58892694645202,026-8509770-4616326,,WX-L5UA-UB1Q,WX-L5UA-UB1Q
58892694645202,026-8509770-4616326,,WX-L5UA-UB1Q,WX-L5UA-UB1Q
58892694645202,026-8509770-4616326,,WX-L5UA-UB1Q,WX-L5UA-UB1Q
58892694645202,026-8509770-4616326,,WX-L5UA-UB1Q,WX-L5UA-UB1Q
58892694645202,026-8509770-4616326,,WX-L5UA-UB1Q,WX-L5UA-UB1Q
58871855998522,026-2982107-8712356,,SU-5LQH-2DVN,SU-5LQH-2DVN
58871855998522,026-2982107-8712356,,SU-5LQH-2DVN,SU-5LQH-2DVN
58871855998522,026-2982107-8712356,,SU-5LQH-2DVN,SU-5LQH-2DVN
58871855998522,026-2982107-8712356,,SU-5LQH-2DVN,SU-5LQH-2DVN
58871855998522,026-2982107-8712356,,SU-5LQH-2DVN,SU-5LQH-2DVN
58871855998522,026-2982107-8712356,,SU-5LQH-2DVN,SU-5LQH-2DVN
58886352985762,026-6704830-0533922,,EV-CHU5-XU3G,EV-CHU5-XU3G
58886352985762,026-6704830-0533922,,EV-CHU5-XU3G,EV-CHU5-XU3G
58886352985762,026-6704830-0533922,,EV-CHU5-XU3G,EV-CHU5-XU3G
58886352985762,026-6704830-0533922,,EV-CHU5-XU3G,EV-CHU5-XU3G
58886352985762,026-6704830-0533922,,EV-CHU5-XU3G,EV-CHU5-XU3G
58886352985762,026-6704830-0533922,,EV-CHU5-XU3G,EV-CHU5-XU3G
58855252874682,204-3764574-1853903,,SU-5LQH-2DVN,SU-5LQH-2DVN
58855252874682,204-3764574-1853903,,SU-5LQH-2DVN,SU-5LQH-2DVN
58855252874682,204-3764574-1853903,,SU-5LQH-2DVN,SU-5LQH-2DVN
58855252874682,204-3764574-1853903,,SU-5LQH-2DVN,SU-5LQH-2DVN
58855252874682,204-3764574-1853903,,SU-5LQH-2DVN,SU-5LQH-2DVN
58855252874682,204-3764574-1853903,,SU-5LQH-2DVN,SU-5LQH-2DVN
58880580574962,205-4307144-8265131,,BQ-O3OI-FTJU,BQ-O3OI-FTJU
58880580574962,205-4307144-8265131,,BQ-O3OI-FTJU,BQ-O3OI-FTJU
58880580574962,205-4307144-8265131,,BQ-O3OI-FTJU,BQ-O3OI-FTJU
58880580574962,205-4307144-8265131,,BQ-O3OI-FTJU,BQ-O3OI-FTJU
58880580574962,205-4307144-8265131,,BQ-O3OI-FTJU,BQ-O3OI-FTJU
58870238026242,026-5642090-5130765,,6V-EEC1-2S9Z,6V-EEC1-2S9Z
58870238026242,026-5642090-5130765,,6V-EEC1-2S9Z,6V-EEC1-2S9Z
58870238026242,026-5642090-5130765,,6V-EEC1-2S9Z,6V-EEC1-2S9Z
58870238026242,026-5642090-5130765,,6V-EEC1-2S9Z,6V-EEC1-2S9Z
58870238026242,026-5642090-5130765,,6V-EEC1-2S9Z,6V-EEC1-2S9Z
58870238026242,026-5642090-5130765,,6V-EEC1-2S9Z,6V-EEC1-2S9Z
58923367790122,206-3116325-1451510,,WX-L5UA-UB1Q,WX-L5UA-UB1Q
58923367790122,206-3116325-1451510,,WX-L5UA-UB1Q,WX-L5UA-UB1Q
58923367790122,206-3116325-1451510,,WX-L5UA-UB1Q,WX-L5UA-UB1Q
58923367790122,206-3116325-1451510,,WX-L5UA-UB1Q,WX-L5UA-UB1Q
58923367790122,206-3116325-1451510,,WX-L5UA-UB1Q,WX-L5UA-UB1Q
58923367790122,206-3116325-1451510,,WX-L5UA-UB1Q,WX-L5UA-UB1Q
58923615971882,202-1854630-5117908,,XE-YPAI-HX9F,XE-YPAI-HX9F
58923615971882,202-1854630-5117908,,XE-YPAI-HX9F,XE-YPAI-HX9F
58923615971882,202-1854630-5117908,,XE-YPAI-HX9F,XE-YPAI-HX9F
58923615971882,202-1854630-5117908,,XE-YPAI-HX9F,XE-YPAI-HX9F
58923615971882,202-1854630-5117908,,XE-YPAI-HX9F,XE-YPAI-HX9F
58923615971882,202-1854630-5117908,,XE-YPAI-HX9F,XE-YPAI-HX9F
58923615971882,202-1854630-5117908,,XE-YPAI-HX9F,XE-YPAI-HX9F
58923615971882,202-1854630-5117908,,XE-YPAI-HX9F,XE-YPAI-HX9F
58923615971882,202-1854630-5117908,,XE-YPAI-HX9F,XE-YPAI-HX9F
58923615971882,202-1854630-5117908,,XE-YPAI-HX9F,XE-YPAI-HX9F
58862721036842,026-6917844-0495531,,6V-EEC1-2S9Z,6V-EEC1-2S9Z
58862721036842,026-6917844-0495531,,6V-EEC1-2S9Z,6V-EEC1-2S9Z
58862721036842,026-6917844-0495531,,6V-EEC1-2S9Z,6V-EEC1-2S9Z
58862721036842,026-6917844-0495531,,6V-EEC1-2S9Z,6V-EEC1-2S9Z
58862721036842,026-6917844-0495531,,6V-EEC1-2S9Z,6V-EEC1-2S9Z
58862721036842,026-6917844-0495531,,6V-EEC1-2S9Z,6V-EEC1-2S9Z
58909265390322,202-6512103-6200342,,WX-L5UA-UB1Q,WX-L5UA-UB1Q
58909265390322,202-6512103-6200342,,WX-L5UA-UB1Q,WX-L5UA-UB1Q
58909265390322,202-6512103-6200342,,WX-L5UA-UB1Q,WX-L5UA-UB1Q
58909265390322,202-6512103-6200342,,WX-L5UA-UB1Q,WX-L5UA-UB1Q
58909265390322,202-6512103-6200342,,WX-L5UA-UB1Q,WX-L5UA-UB1Q
58909265390322,202-6512103-6200342,,WX-L5UA-UB1Q,WX-L5UA-UB1Q
58912274476362,205-5579653-7375534,,TU-8I14-25ZR,TU-8I14-25ZR
58912274476362,205-5579653-7375534,,TU-8I14-25ZR,TU-8I14-25ZR
58912274476362,205-5579653-7375534,,TU-8I14-25ZR,TU-8I14-25ZR
58912274476362,205-5579653-7375534,,TU-8I14-25ZR,TU-8I14-25ZR
58912274476362,205-5579653-7375534,,TU-8I14-25ZR,TU-8I14-25ZR
58912274476362,205-5579653-7375534,,TU-8I14-25ZR,TU-8I14-25ZR
58901056693482,026-4863381-4681938,,6V-EEC1-2S9Z,6V-EEC1-2S9Z
58901056693482,026-4863381-4681938,,6V-EEC1-2S9Z,6V-EEC1-2S9Z
58901056693482,026-4863381-4681938,,6V-EEC1-2S9Z,6V-EEC1-2S9Z
58901056693482,026-4863381-4681938,,6V-EEC1-2S9Z,6V-EEC1-2S9Z
58901056693482,026-4863381-4681938,,6V-EEC1-2S9Z,6V-EEC1-2S9Z
58901056693482,026-4863381-4681938,,6V-EEC1-2S9Z,6V-EEC1-2S9Z
58902425767602,204-9106697-9548361,,EV-CHU5-XU3G,EV-CHU5-XU3G
58902425767602,204-9106697-9548361,,EV-CHU5-XU3G,EV-CHU5-XU3G
58902425767602,204-9106697-9548361,,EV-CHU5-XU3G,EV-CHU5-XU3G
58902425767602,204-9106697-9548361,,EV-CHU5-XU3G,EV-CHU5-XU3G
58902425767602,204-9106697-9548361,,EV-CHU5-XU3G,EV-CHU5-XU3G
58902425767602,204-9106697-9548361,,EV-CHU5-XU3G,EV-CHU5-XU3G
58896270389682,205-3006619-5381919,,6V-EEC1-2S9Z,6V-EEC1-2S9Z
58896270389682,205-3006619-5381919,,6V-EEC1-2S9Z,6V-EEC1-2S9Z
58896270389682,205-3006619-5381919,,6V-EEC1-2S9Z,6V-EEC1-2S9Z
58896270389682,205-3006619-5381919,,6V-EEC1-2S9Z,6V-EEC1-2S9Z
58896270389682,205-3006619-5381919,,6V-EEC1-2S9Z,6V-EEC1-2S9Z
58896270389682,205-3006619-5381919,,6V-EEC1-2S9Z,6V-EEC1-2S9Z
58910992120802,206-3356048-0784336,,WX-L5UA-UB1Q,WX-L5UA-UB1Q
58910992120802,206-3356048-0784336,,WX-L5UA-UB1Q,WX-L5UA-UB1Q
58910992120802,206-3356048-0784336,,WX-L5UA-UB1Q,WX-L5UA-UB1Q
58910992120802,206-3356048-0784336,,WX-L5UA-UB1Q,WX-L5UA-UB1Q
58910992120802,206-3356048-0784336,,WX-L5UA-UB1Q,WX-L5UA-UB1Q
58910992120802,206-3356048-0784336,,WX-L5UA-UB1Q,WX-L5UA-UB1Q
58919980831842,026-2227847-5353934,,Z7-26PV-O9LR,Z7-26PV-O9LR
58919980831842,026-2227847-5353934,,Z7-26PV-O9LR,Z7-26PV-O9LR
58919980831842,026-2227847-5353934,,Z7-26PV-O9LR,Z7-26PV-O9LR
58919980831842,026-2227847-5353934,,Z7-26PV-O9LR,Z7-26PV-O9LR
58919980831842,026-2227847-5353934,,Z7-26PV-O9LR,Z7-26PV-O9LR
58919980831842,026-2227847-5353934,,Z7-26PV-O9LR,Z7-26PV-O9LR
58360261745522,203-9561544-2959502,,6V-EEC1-2S9Z,6V-EEC1-2S9Z
58360261745522,203-9561544-2959502,,6V-EEC1-2S9Z,6V-EEC1-2S9Z
58360261745522,203-9561544-2959502,,6V-EEC1-2S9Z,6V-EEC1-2S9Z
58360261745522,203-9561544-2959502,,6V-EEC1-2S9Z,6V-EEC1-2S9Z
58360261745522,203-9561544-2959502,,6V-EEC1-2S9Z,6V-EEC1-2S9Z
58360261745522,203-9561544-2959502,,6V-EEC1-2S9Z,6V-EEC1-2S9Z
58360261745522,203-9561544-2959502,,6V-EEC1-2S9Z,6V-EEC1-2S9Z
58360261745522,203-9561544-2959502,,6V-EEC1-2S9Z,6V-EEC1-2S9Z
58938173971682,026-4368524-8509100,,WX-L5UA-UB1Q,WX-L5UA-UB1Q
58938173971682,026-4368524-8509100,,WX-L5UA-UB1Q,WX-L5UA-UB1Q
58938173971682,026-4368524-8509100,,WX-L5UA-UB1Q,WX-L5UA-UB1Q
58938173971682,026-4368524-8509100,,WX-L5UA-UB1Q,WX-L5UA-UB1Q
58938173971682,026-4368524-8509100,,WX-L5UA-UB1Q,WX-L5UA-UB1Q
58938173971682,026-4368524-8509100,,WX-L5UA-UB1Q,WX-L5UA-UB1Q
58925083980642,026-0567112-1309159,,WX-L5UA-UB1Q,WX-L5UA-UB1Q
58925083980642,026-0567112-1309159,,WX-L5UA-UB1Q,WX-L5UA-UB1Q
58925083980642,026-0567112-1309159,,WX-L5UA-UB1Q,WX-L5UA-UB1Q
58925083980642,026-0567112-1309159,,WX-L5UA-UB1Q,WX-L5UA-UB1Q
58925083980642,026-0567112-1309159,,WX-L5UA-UB1Q,WX-L5UA-UB1Q
58925083980642,026-0567112-1309159,,WX-L5UA-UB1Q,WX-L5UA-UB1Q
58767519661602,204-4647926-4897902,,SU-5LQH-2DVN,SU-5LQH-2DVN
58767519661602,204-4647926-4897902,,SU-5LQH-2DVN,SU-5LQH-2DVN
58767519661602,204-4647926-4897902,,SU-5LQH-2DVN,SU-5LQH-2DVN
58767519661602,204-4647926-4897902,,SU-5LQH-2DVN,SU-5LQH-2DVN
58767519661602,204-4647926-4897902,,SU-5LQH-2DVN,SU-5LQH-2DVN
58767519661602,204-4647926-4897902,,SU-5LQH-2DVN,SU-5LQH-2DVN
58866271467162,205-9679792-5814714,,BQ-O3OI-FTJU,BQ-O3OI-FTJU
58866271467162,205-9679792-5814714,,BQ-O3OI-FTJU,BQ-O3OI-FTJU
58866271467162,205-9679792-5814714,,BQ-O3OI-FTJU,BQ-O3OI-FTJU
58866271467162,205-9679792-5814714,,BQ-O3OI-FTJU,BQ-O3OI-FTJU
58866271467162,205-9679792-5814714,,BQ-O3OI-FTJU,BQ-O3OI-FTJU
58866271467162,205-9679792-5814714,,BQ-O3OI-FTJU,BQ-O3OI-FTJU
58891438117442,206-6029551-2840364,,WX-L5UA-UB1Q,WX-L5UA-UB1Q
58891438117442,206-6029551-2840364,,WX-L5UA-UB1Q,WX-L5UA-UB1Q
58891438117442,206-6029551-2840364,,WX-L5UA-UB1Q,WX-L5UA-UB1Q
58891438117442,206-6029551-2840364,,WX-L5UA-UB1Q,WX-L5UA-UB1Q
58891438117442,206-6029551-2840364,,WX-L5UA-UB1Q,WX-L5UA-UB1Q
58891438117442,206-6029551-2840364,,WX-L5UA-UB1Q,WX-L5UA-UB1Q
58931903062482,206-8408902-5737935,,TU-8I14-25ZR,TU-8I14-25ZR
58931903062482,206-8408902-5737935,,TU-8I14-25ZR,TU-8I14-25ZR
58931903062482,206-8408902-5737935,,TU-8I14-25ZR,TU-8I14-25ZR
58931903062482,206-8408902-5737935,,TU-8I14-25ZR,TU-8I14-25ZR
58931903062482,206-8408902-5737935,,TU-8I14-25ZR,TU-8I14-25ZR
58931903062482,206-8408902-5737935,,TU-8I14-25ZR,TU-8I14-25ZR
58931903062482,206-8408902-5737935,,TU-8I14-25ZR,TU-8I14-25ZR
58931903062482,206-8408902-5737935,,TU-8I14-25ZR,TU-8I14-25ZR
58931903062482,206-8408902-5737935,,TU-8I14-25ZR,TU-8I14-25ZR
58931903062482,206-8408902-5737935,,TU-8I14-25ZR,TU-8I14-25ZR
58899963945642,206-3915650-6141908,,6V-EEC1-2S9Z,6V-EEC1-2S9Z
58899963945642,206-3915650-6141908,,6V-EEC1-2S9Z,6V-EEC1-2S9Z
58899963945642,206-3915650-6141908,,6V-EEC1-2S9Z,6V-EEC1-2S9Z
58899963945642,206-3915650-6141908,,6V-EEC1-2S9Z,6V-EEC1-2S9Z
58899963945642,206-3915650-6141908,,6V-EEC1-2S9Z,6V-EEC1-2S9Z
58899963945642,206-3915650-6141908,,6V-EEC1-2S9Z,6V-EEC1-2S9Z
58926297701442,206-9658766-0846700,,SU-5LQH-2DVN,SU-5LQH-2DVN
58926297701442,206-9658766-0846700,,SU-5LQH-2DVN,SU-5LQH-2DVN
58926297701442,206-9658766-0846700,,SU-5LQH-2DVN,SU-5LQH-2DVN
58926297701442,206-9658766-0846700,,SU-5LQH-2DVN,SU-5LQH-2DVN
58926297701442,206-9658766-0846700,,SU-5LQH-2DVN,SU-5LQH-2DVN
58926297701442,206-9658766-0846700,,SU-5LQH-2DVN,SU-5LQH-2DVN
58902941142962,202-6325603-3645162,,6V-EEC1-2S9Z,6V-EEC1-2S9Z
58902941142962,202-6325603-3645162,,6V-EEC1-2S9Z,6V-EEC1-2S9Z
58902941142962,202-6325603-3645162,,6V-EEC1-2S9Z,6V-EEC1-2S9Z
58902941142962,202-6325603-3645162,,6V-EEC1-2S9Z,6V-EEC1-2S9Z
58902941142962,202-6325603-3645162,,6V-EEC1-2S9Z,6V-EEC1-2S9Z
58902941142962,202-6325603-3645162,,6V-EEC1-2S9Z,6V-EEC1-2S9Z
58899427373442,026-7691538-1113140,,6V-EEC1-2S9Z,6V-EEC1-2S9Z
58899427373442,026-7691538-1113140,,6V-EEC1-2S9Z,6V-EEC1-2S9Z
58899427373442,026-7691538-1113140,,6V-EEC1-2S9Z,6V-EEC1-2S9Z
58899427373442,026-7691538-1113140,,6V-EEC1-2S9Z,6V-EEC1-2S9Z
58899427373442,026-7691538-1113140,,6V-EEC1-2S9Z,6V-EEC1-2S9Z
58899427373442,026-7691538-1113140,,6V-EEC1-2S9Z,6V-EEC1-2S9Z
58903954274362,202-9746948-6833952,,VU-8KRA-QP5M,VU-8KRA-QP5M
58903954274362,202-9746948-6833952,,VU-8KRA-QP5M,VU-8KRA-QP5M
58903954274362,202-9746948-6833952,,VU-8KRA-QP5M,VU-8KRA-QP5M
58903954274362,202-9746948-6833952,,VU-8KRA-QP5M,VU-8KRA-QP5M
58903954274362,202-9746948-6833952,,VU-8KRA-QP5M,VU-8KRA-QP5M
58903954274362,202-9746948-6833952,,VU-8KRA-QP5M,VU-8KRA-QP5M
58915004583722,202-2721291-5212312,,6V-EEC1-2S9Z,6V-EEC1-2S9Z
58915004583722,202-2721291-5212312,,6V-EEC1-2S9Z,6V-EEC1-2S9Z
58915004583722,202-2721291-5212312,,6V-EEC1-2S9Z,6V-EEC1-2S9Z
58915004583722,202-2721291-5212312,,6V-EEC1-2S9Z,6V-EEC1-2S9Z
58915004583722,202-2721291-5212312,,6V-EEC1-2S9Z,6V-EEC1-2S9Z
58915004583722,202-2721291-5212312,,6V-EEC1-2S9Z,6V-EEC1-2S9Z
58895786895962,204-2792430-6793902,,EV-CHU5-XU3G,EV-CHU5-XU3G
58895786895962,204-2792430-6793902,,EV-CHU5-XU3G,EV-CHU5-XU3G
58895786895962,204-2792430-6793902,,EV-CHU5-XU3G,EV-CHU5-XU3G
58895786895962,204-2792430-6793902,,EV-CHU5-XU3G,EV-CHU5-XU3G
58895786895962,204-2792430-6793902,,EV-CHU5-XU3G,EV-CHU5-XU3G
58895786895962,204-2792430-6793902,,EV-CHU5-XU3G,EV-CHU5-XU3G
58915883674002,026-7782320-1281130,,DC-K5WH-R7F5,DC-K5WH-R7F5
58915883674002,026-7782320-1281130,,DC-K5WH-R7F5,DC-K5WH-R7F5
58915883674002,026-7782320-1281130,,DC-K5WH-R7F5,DC-K5WH-R7F5
58915883674002,026-7782320-1281130,,DC-K5WH-R7F5,DC-K5WH-R7F5
58915883674002,026-7782320-1281130,,DC-K5WH-R7F5,DC-K5WH-R7F5
58915883674002,026-7782320-1281130,,DC-K5WH-R7F5,DC-K5WH-R7F5
58926659815522,206-6588497-2657934,,WX-L5UA-UB1Q,WX-L5UA-UB1Q
58926659815522,206-6588497-2657934,,WX-L5UA-UB1Q,WX-L5UA-UB1Q
58926659815522,206-6588497-2657934,,WX-L5UA-UB1Q,WX-L5UA-UB1Q
58926659815522,206-6588497-2657934,,WX-L5UA-UB1Q,WX-L5UA-UB1Q
58926659815522,206-6588497-2657934,,WX-L5UA-UB1Q,WX-L5UA-UB1Q
58926659815522,206-6588497-2657934,,WX-L5UA-UB1Q,WX-L5UA-UB1Q
58927314203442,204-2064200-1143515,,XE-YPAI-HX9F,XE-YPAI-HX9F
58927314203442,204-2064200-1143515,,XE-YPAI-HX9F,XE-YPAI-HX9F
58927314203442,204-2064200-1143515,,XE-YPAI-HX9F,XE-YPAI-HX9F
58927314203442,204-2064200-1143515,,XE-YPAI-HX9F,XE-YPAI-HX9F
58927314203442,204-2064200-1143515,,XE-YPAI-HX9F,XE-YPAI-HX9F
58927314203442,204-2064200-1143515,,XE-YPAI-HX9F,XE-YPAI-HX9F
58927314203442,204-2064200-1143515,,XE-YPAI-HX9F,XE-YPAI-HX9F
58927314203442,204-2064200-1143515,,XE-YPAI-HX9F,XE-YPAI-HX9F
58927314203442,204-2064200-1143515,,XE-YPAI-HX9F,XE-YPAI-HX9F
58908679859962,205-5354342-6223527,,6V-EEC1-2S9Z,6V-EEC1-2S9Z
58908679859962,205-5354342-6223527,,6V-EEC1-2S9Z,6V-EEC1-2S9Z
58908679859962,205-5354342-6223527,,6V-EEC1-2S9Z,6V-EEC1-2S9Z
58908679859962,205-5354342-6223527,,6V-EEC1-2S9Z,6V-EEC1-2S9Z
58908679859962,205-5354342-6223527,,6V-EEC1-2S9Z,6V-EEC1-2S9Z
58908679859962,205-5354342-6223527,,6V-EEC1-2S9Z,6V-EEC1-2S9Z
58897027646642,026-5540812-9057118,,6V-EEC1-2S9Z,6V-EEC1-2S9Z
58897027646642,026-5540812-9057118,,6V-EEC1-2S9Z,6V-EEC1-2S9Z
58897027646642,026-5540812-9057118,,6V-EEC1-2S9Z,6V-EEC1-2S9Z
58897027646642,026-5540812-9057118,,6V-EEC1-2S9Z,6V-EEC1-2S9Z
58897027646642,026-5540812-9057118,,6V-EEC1-2S9Z,6V-EEC1-2S9Z
58897027646642,026-5540812-9057118,,6V-EEC1-2S9Z,6V-EEC1-2S9Z
58897027646642,026-5540812-9057118,,6V-EEC1-2S9Z,6V-EEC1-2S9Z
58897027646642,026-5540812-9057118,,6V-EEC1-2S9Z,6V-EEC1-2S9Z
58897027646642,026-5540812-9057118,,6V-EEC1-2S9Z,6V-EEC1-2S9Z
58897027646682,026-5540812-9057118,,SU-5LQH-2DVN,SU-5LQH-2DVN
58897027646682,026-5540812-9057118,,SU-5LQH-2DVN,SU-5LQH-2DVN
58897027646682,026-5540812-9057118,,SU-5LQH-2DVN,SU-5LQH-2DVN
58897027646682,026-5540812-9057118,,SU-5LQH-2DVN,SU-5LQH-2DVN
58897027646682,026-5540812-9057118,,SU-5LQH-2DVN,SU-5LQH-2DVN
58897027646682,026-5540812-9057118,,SU-5LQH-2DVN,SU-5LQH-2DVN
58897027646682,026-5540812-9057118,,SU-5LQH-2DVN,SU-5LQH-2DVN
58897027646682,026-5540812-9057118,,SU-5LQH-2DVN,SU-5LQH-2DVN
58897027646682,026-5540812-9057118,,SU-5LQH-2DVN,SU-5LQH-2DVN
58851822776082,026-5313246-8599533,,6V-EEC1-2S9Z,6V-EEC1-2S9Z
58851822776082,026-5313246-8599533,,6V-EEC1-2S9Z,6V-EEC1-2S9Z
58851822776082,026-5313246-8599533,,6V-EEC1-2S9Z,6V-EEC1-2S9Z
58851822776082,026-5313246-8599533,,6V-EEC1-2S9Z,6V-EEC1-2S9Z
58851822776082,026-5313246-8599533,,6V-EEC1-2S9Z,6V-EEC1-2S9Z
58851822776082,026-5313246-8599533,,6V-EEC1-2S9Z,6V-EEC1-2S9Z
58791715353082,204-5065061-1119522,,49-4UKW-G81R,49-4UKW-G81R
58791715353082,204-5065061-1119522,,49-4UKW-G81R,49-4UKW-G81R
58791715353082,204-5065061-1119522,,49-4UKW-G81R,49-4UKW-G81R
58791715353082,204-5065061-1119522,,49-4UKW-G81R,49-4UKW-G81R
58791715353082,204-5065061-1119522,,49-4UKW-G81R,49-4UKW-G81R
58791715353082,204-5065061-1119522,,49-4UKW-G81R,49-4UKW-G81R
58923645902002,203-4968167-0415516,,WX-L5UA-UB1Q,WX-L5UA-UB1Q
58923645902002,203-4968167-0415516,,WX-L5UA-UB1Q,WX-L5UA-UB1Q
58923645902002,203-4968167-0415516,,WX-L5UA-UB1Q,WX-L5UA-UB1Q
58923645902002,203-4968167-0415516,,WX-L5UA-UB1Q,WX-L5UA-UB1Q
58923645902002,203-4968167-0415516,,WX-L5UA-UB1Q,WX-L5UA-UB1Q
58923645902002,203-4968167-0415516,,WX-L5UA-UB1Q,WX-L5UA-UB1Q
58670003640362,204-0525033-3184331,,NN-TSZ1-X2RD,NN-TSZ1-X2RD
58670003640362,204-0525033-3184331,,NN-TSZ1-X2RD,NN-TSZ1-X2RD
58670003640362,204-0525033-3184331,,NN-TSZ1-X2RD,NN-TSZ1-X2RD
58670003640362,204-0525033-3184331,,NN-TSZ1-X2RD,NN-TSZ1-X2RD
58670003640362,204-0525033-3184331,,NN-TSZ1-X2RD,NN-TSZ1-X2RD
58905058120602,026-3128342-2453941,,KI-CR51-18J3,KI-CR51-18J3
58905058120602,026-3128342-2453941,,KI-CR51-18J3,KI-CR51-18J3
58905058120602,026-3128342-2453941,,KI-CR51-18J3,KI-CR51-18J3
58905058120602,026-3128342-2453941,,KI-CR51-18J3,KI-CR51-18J3
58905058120602,026-3128342-2453941,,KI-CR51-18J3,KI-CR51-18J3
58905058120602,026-3128342-2453941,,KI-CR51-18J3,KI-CR51-18J3
58910025717602,204-8144391-7016312,,VU-8KRA-QP5M,VU-8KRA-QP5M
58910025717602,204-8144391-7016312,,VU-8KRA-QP5M,VU-8KRA-QP5M
58910025717602,204-8144391-7016312,,VU-8KRA-QP5M,VU-8KRA-QP5M
58910025717602,204-8144391-7016312,,VU-8KRA-QP5M,VU-8KRA-QP5M
58910025717602,204-8144391-7016312,,VU-8KRA-QP5M,VU-8KRA-QP5M
58910025717602,204-8144391-7016312,,VU-8KRA-QP5M,VU-8KRA-QP5M
58878684203602,202-8742733-5448331,,EV-CHU5-XU3G,EV-CHU5-XU3G
58878684203602,202-8742733-5448331,,EV-CHU5-XU3G,EV-CHU5-XU3G
58878684203602,202-8742733-5448331,,EV-CHU5-XU3G,EV-CHU5-XU3G
58878684203602,202-8742733-5448331,,EV-CHU5-XU3G,EV-CHU5-XU3G
58878684203602,202-8742733-5448331,,EV-CHU5-XU3G,EV-CHU5-XU3G
58878684203602,202-8742733-5448331,,EV-CHU5-XU3G,EV-CHU5-XU3G
58909720607802,203-0490738-7207542,,DC-K5WH-R7F5,DC-K5WH-R7F5
58909720607802,203-0490738-7207542,,DC-K5WH-R7F5,DC-K5WH-R7F5
58909720607802,203-0490738-7207542,,DC-K5WH-R7F5,DC-K5WH-R7F5
58909720607802,203-0490738-7207542,,DC-K5WH-R7F5,DC-K5WH-R7F5
58909720607802,203-0490738-7207542,,DC-K5WH-R7F5,DC-K5WH-R7F5
58909720607802,203-0490738-7207542,,DC-K5WH-R7F5,DC-K5WH-R7F5
58914874394602,204-0145786-5703559,,EV-CHU5-XU3G,EV-CHU5-XU3G
58914874394602,204-0145786-5703559,,EV-CHU5-XU3G,EV-CHU5-XU3G
58914874394602,204-0145786-5703559,,EV-CHU5-XU3G,EV-CHU5-XU3G
58914874394602,204-0145786-5703559,,EV-CHU5-XU3G,EV-CHU5-XU3G
58914874394602,204-0145786-5703559,,EV-CHU5-XU3G,EV-CHU5-XU3G
58914874394602,204-0145786-5703559,,EV-CHU5-XU3G,EV-CHU5-XU3G
58914874394602,204-0145786-5703559,,EV-CHU5-XU3G,EV-CHU5-XU3G
58914874394602,204-0145786-5703559,,EV-CHU5-XU3G,EV-CHU5-XU3G
58914874394602,204-0145786-5703559,,EV-CHU5-XU3G,EV-CHU5-XU3G
58895984433962,202-9825204-4957913,,DC-K5WH-R7F5,DC-K5WH-R7F5
58895984433962,202-9825204-4957913,,DC-K5WH-R7F5,DC-K5WH-R7F5
58895984433962,202-9825204-4957913,,DC-K5WH-R7F5,DC-K5WH-R7F5
58895984433962,202-9825204-4957913,,DC-K5WH-R7F5,DC-K5WH-R7F5
58895984433962,202-9825204-4957913,,DC-K5WH-R7F5,DC-K5WH-R7F5
58895984433962,202-9825204-4957913,,DC-K5WH-R7F5,DC-K5WH-R7F5
58940433092242,202-6401427-1464328,,WX-L5UA-UB1Q,WX-L5UA-UB1Q
58940433092242,202-6401427-1464328,,WX-L5UA-UB1Q,WX-L5UA-UB1Q
58940433092242,202-6401427-1464328,,WX-L5UA-UB1Q,WX-L5UA-UB1Q
58940433092242,202-6401427-1464328,,WX-L5UA-UB1Q,WX-L5UA-UB1Q
58940433092242,202-6401427-1464328,,WX-L5UA-UB1Q,WX-L5UA-UB1Q
58940433092242,202-6401427-1464328,,WX-L5UA-UB1Q,WX-L5UA-UB1Q
58925701871762,204-3880156-2347550,,4F-HT42-FD26,4F-HT42-FD26
58925701871762,204-3880156-2347550,,4F-HT42-FD26,4F-HT42-FD26
58925701871762,204-3880156-2347550,,4F-HT42-FD26,4F-HT42-FD26
58925701871762,204-3880156-2347550,,4F-HT42-FD26,4F-HT42-FD26
58925701871762,204-3880156-2347550,,4F-HT42-FD26,4F-HT42-FD26
58925701871762,204-3880156-2347550,,4F-HT42-FD26,4F-HT42-FD26
58925701871762,204-3880156-2347550,,4F-HT42-FD26,4F-HT42-FD26
58925701871762,204-3880156-2347550,,4F-HT42-FD26,4F-HT42-FD26
58925701871762,204-3880156-2347550,,4F-HT42-FD26,4F-HT42-FD26
58860399912882,204-8122313-4281919,,6V-EEC1-2S9Z,6V-EEC1-2S9Z
58860399912882,204-8122313-4281919,,6V-EEC1-2S9Z,6V-EEC1-2S9Z
58860399912882,204-8122313-4281919,,6V-EEC1-2S9Z,6V-EEC1-2S9Z
58860399912882,204-8122313-4281919,,6V-EEC1-2S9Z,6V-EEC1-2S9Z
58860399912882,204-8122313-4281919,,6V-EEC1-2S9Z,6V-EEC1-2S9Z
58860399912882,204-8122313-4281919,,6V-EEC1-2S9Z,6V-EEC1-2S9Z
58896742621122,206-7054976-1472300,,EV-CHU5-XU3G,EV-CHU5-XU3G
58896742621122,206-7054976-1472300,,EV-CHU5-XU3G,EV-CHU5-XU3G
58896742621122,206-7054976-1472300,,EV-CHU5-XU3G,EV-CHU5-XU3G
58896742621122,206-7054976-1472300,,EV-CHU5-XU3G,EV-CHU5-XU3G
58896742621122,206-7054976-1472300,,EV-CHU5-XU3G,EV-CHU5-XU3G
58896742621122,206-7054976-1472300,,EV-CHU5-XU3G,EV-CHU5-XU3G
58880034525802,203-5414080-7080341,,6V-EEC1-2S9Z,6V-EEC1-2S9Z
58880034525802,203-5414080-7080341,,6V-EEC1-2S9Z,6V-EEC1-2S9Z
58880034525802,203-5414080-7080341,,6V-EEC1-2S9Z,6V-EEC1-2S9Z
58880034525802,203-5414080-7080341,,6V-EEC1-2S9Z,6V-EEC1-2S9Z
58880034525802,203-5414080-7080341,,6V-EEC1-2S9Z,6V-EEC1-2S9Z
58880034525802,203-5414080-7080341,,6V-EEC1-2S9Z,6V-EEC1-2S9Z
58883808958682,203-6391265-6346709,,SU-5LQH-2DVN,SU-5LQH-2DVN
58883808958682,203-6391265-6346709,,SU-5LQH-2DVN,SU-5LQH-2DVN
58883808958682,203-6391265-6346709,,SU-5LQH-2DVN,SU-5LQH-2DVN
58883808958682,203-6391265-6346709,,SU-5LQH-2DVN,SU-5LQH-2DVN
58883808958682,203-6391265-6346709,,SU-5LQH-2DVN,SU-5LQH-2DVN
58883808958682,203-6391265-6346709,,SU-5LQH-2DVN,SU-5LQH-2DVN
58921298930642,026-3697976-6321101,,6V-EEC1-2S9Z,6V-EEC1-2S9Z
58921298930642,026-3697976-6321101,,6V-EEC1-2S9Z,6V-EEC1-2S9Z
58921298930642,026-3697976-6321101,,6V-EEC1-2S9Z,6V-EEC1-2S9Z
58921298930642,026-3697976-6321101,,6V-EEC1-2S9Z,6V-EEC1-2S9Z
58921298930642,026-3697976-6321101,,6V-EEC1-2S9Z,6V-EEC1-2S9Z
58921298930642,026-3697976-6321101,,6V-EEC1-2S9Z,6V-EEC1-2S9Z
58858705796762,204-9027712-3542708,,DC-K5WH-R7F5,DC-K5WH-R7F5
58858705796762,204-9027712-3542708,,DC-K5WH-R7F5,DC-K5WH-R7F5
58858705796762,204-9027712-3542708,,DC-K5WH-R7F5,DC-K5WH-R7F5
58858705796762,204-9027712-3542708,,DC-K5WH-R7F5,DC-K5WH-R7F5
58858705796762,204-9027712-3542708,,DC-K5WH-R7F5,DC-K5WH-R7F5
58858705796762,204-9027712-3542708,,DC-K5WH-R7F5,DC-K5WH-R7F5
58876452053122,203-3962439-0622748,,WX-L5UA-UB1Q,WX-L5UA-UB1Q
58876452053122,203-3962439-0622748,,WX-L5UA-UB1Q,WX-L5UA-UB1Q
58876452053122,203-3962439-0622748,,WX-L5UA-UB1Q,WX-L5UA-UB1Q
58876452053122,203-3962439-0622748,,WX-L5UA-UB1Q,WX-L5UA-UB1Q
58876452053122,203-3962439-0622748,,WX-L5UA-UB1Q,WX-L5UA-UB1Q
58876452053122,203-3962439-0622748,,WX-L5UA-UB1Q,WX-L5UA-UB1Q
58898088030882,202-0585506-8850704,,6V-EEC1-2S9Z,6V-EEC1-2S9Z
58898088030882,202-0585506-8850704,,6V-EEC1-2S9Z,6V-EEC1-2S9Z
58898088030882,202-0585506-8850704,,6V-EEC1-2S9Z,6V-EEC1-2S9Z
58898088030882,202-0585506-8850704,,6V-EEC1-2S9Z,6V-EEC1-2S9Z
58898088030882,202-0585506-8850704,,6V-EEC1-2S9Z,6V-EEC1-2S9Z
58898088030882,202-0585506-8850704,,6V-EEC1-2S9Z,6V-EEC1-2S9Z
58683896065082,204-0725427-0772364,,A2-T2AC-TW3L,A2-T2AC-TW3L
58683896065082,204-0725427-0772364,,A2-T2AC-TW3L,A2-T2AC-TW3L
58683896065082,204-0725427-0772364,,A2-T2AC-TW3L,A2-T2AC-TW3L
58683896065082,204-0725427-0772364,,A2-T2AC-TW3L,A2-T2AC-TW3L
58683896065082,204-0725427-0772364,,A2-T2AC-TW3L,A2-T2AC-TW3L
58683896065082,204-0725427-0772364,,A2-T2AC-TW3L,A2-T2AC-TW3L
58849816854762,202-0163562-6882721,,Z7-26PV-O9LR,Z7-26PV-O9LR
58849816854762,202-0163562-6882721,,Z7-26PV-O9LR,Z7-26PV-O9LR
58849816854762,202-0163562-6882721,,Z7-26PV-O9LR,Z7-26PV-O9LR
58849816854762,202-0163562-6882721,,Z7-26PV-O9LR,Z7-26PV-O9LR
58849816854762,202-0163562-6882721,,Z7-26PV-O9LR,Z7-26PV-O9LR
58849816854762,202-0163562-6882721,,Z7-26PV-O9LR,Z7-26PV-O9LR
58867743096922,026-3117230-3738729,,6V-EEC1-2S9Z,6V-EEC1-2S9Z
58867743096922,026-3117230-3738729,,6V-EEC1-2S9Z,6V-EEC1-2S9Z
58867743096922,026-3117230-3738729,,6V-EEC1-2S9Z,6V-EEC1-2S9Z
58867743096922,026-3117230-3738729,,6V-EEC1-2S9Z,6V-EEC1-2S9Z
58867743096922,026-3117230-3738729,,6V-EEC1-2S9Z,6V-EEC1-2S9Z
58867743096922,026-3117230-3738729,,6V-EEC1-2S9Z,6V-EEC1-2S9Z
58903999795122,204-9523866-6874701,,6V-EEC1-2S9Z,6V-EEC1-2S9Z
58903999795122,204-9523866-6874701,,6V-EEC1-2S9Z,6V-EEC1-2S9Z
58903999795122,204-9523866-6874701,,6V-EEC1-2S9Z,6V-EEC1-2S9Z
58903999795122,204-9523866-6874701,,6V-EEC1-2S9Z,6V-EEC1-2S9Z
58903999795122,204-9523866-6874701,,6V-EEC1-2S9Z,6V-EEC1-2S9Z
58903999795122,204-9523866-6874701,,6V-EEC1-2S9Z,6V-EEC1-2S9Z
58924196992922,202-3418147-3437140,,WX-L5UA-UB1Q,WX-L5UA-UB1Q
58924196992922,202-3418147-3437140,,WX-L5UA-UB1Q,WX-L5UA-UB1Q
58924196992922,202-3418147-3437140,,WX-L5UA-UB1Q,WX-L5UA-UB1Q
58924196992922,202-3418147-3437140,,WX-L5UA-UB1Q,WX-L5UA-UB1Q
58924196992922,202-3418147-3437140,,WX-L5UA-UB1Q,WX-L5UA-UB1Q
58924196992922,202-3418147-3437140,,WX-L5UA-UB1Q,WX-L5UA-UB1Q
58862827691682,206-2446711-6689151,,WX-L5UA-UB1Q,WX-L5UA-UB1Q
58862827691682,206-2446711-6689151,,WX-L5UA-UB1Q,WX-L5UA-UB1Q
58862827691682,206-2446711-6689151,,WX-L5UA-UB1Q,WX-L5UA-UB1Q
58862827691682,206-2446711-6689151,,WX-L5UA-UB1Q,WX-L5UA-UB1Q
58862827691682,206-2446711-6689151,,WX-L5UA-UB1Q,WX-L5UA-UB1Q
58862827691682,206-2446711-6689151,,WX-L5UA-UB1Q,WX-L5UA-UB1Q
58911485565202,203-2357314-2567533,,VU-8KRA-QP5M,VU-8KRA-QP5M
58911485565202,203-2357314-2567533,,VU-8KRA-QP5M,VU-8KRA-QP5M
58911485565202,203-2357314-2567533,,VU-8KRA-QP5M,VU-8KRA-QP5M
58911485565202,203-2357314-2567533,,VU-8KRA-QP5M,VU-8KRA-QP5M
58911485565202,203-2357314-2567533,,VU-8KRA-QP5M,VU-8KRA-QP5M
58911485565202,203-2357314-2567533,,VU-8KRA-QP5M,VU-8KRA-QP5M
58899660975962,203-3000530-4443554,,WX-L5UA-UB1Q,WX-L5UA-UB1Q
58899660975962,203-3000530-4443554,,WX-L5UA-UB1Q,WX-L5UA-UB1Q
58899660975962,203-3000530-4443554,,WX-L5UA-UB1Q,WX-L5UA-UB1Q
58899660975962,203-3000530-4443554,,WX-L5UA-UB1Q,WX-L5UA-UB1Q
58899660975962,203-3000530-4443554,,WX-L5UA-UB1Q,WX-L5UA-UB1Q
58899660975962,203-3000530-4443554,,WX-L5UA-UB1Q,WX-L5UA-UB1Q
58933650368202,204-9773952-5089154,,WX-L5UA-UB1Q,WX-L5UA-UB1Q
58933650368202,204-9773952-5089154,,WX-L5UA-UB1Q,WX-L5UA-UB1Q
58933650368202,204-9773952-5089154,,WX-L5UA-UB1Q,WX-L5UA-UB1Q
58933650368202,204-9773952-5089154,,WX-L5UA-UB1Q,WX-L5UA-UB1Q
58933650368202,204-9773952-5089154,,WX-L5UA-UB1Q,WX-L5UA-UB1Q
58933650368202,204-9773952-5089154,,WX-L5UA-UB1Q,WX-L5UA-UB1Q
58908352154002,205-9102203-9287527,,WX-L5UA-UB1Q,WX-L5UA-UB1Q
58908352154002,205-9102203-9287527,,WX-L5UA-UB1Q,WX-L5UA-UB1Q
58908352154002,205-9102203-9287527,,WX-L5UA-UB1Q,WX-L5UA-UB1Q
58908352154002,205-9102203-9287527,,WX-L5UA-UB1Q,WX-L5UA-UB1Q
58908352154002,205-9102203-9287527,,WX-L5UA-UB1Q,WX-L5UA-UB1Q
58908352154002,205-9102203-9287527,,WX-L5UA-UB1Q,WX-L5UA-UB1Q
58928689880202,204-9669057-1684314,,SU-5LQH-2DVN,SU-5LQH-2DVN
58928689880202,204-9669057-1684314,,SU-5LQH-2DVN,SU-5LQH-2DVN
58928689880202,204-9669057-1684314,,SU-5LQH-2DVN,SU-5LQH-2DVN
58928689880202,204-9669057-1684314,,SU-5LQH-2DVN,SU-5LQH-2DVN
58928689880202,204-9669057-1684314,,SU-5LQH-2DVN,SU-5LQH-2DVN
58928689880202,204-9669057-1684314,,SU-5LQH-2DVN,SU-5LQH-2DVN
58898523488202,026-6427804-5291540,,EV-CHU5-XU3G,EV-CHU5-XU3G
58898523488202,026-6427804-5291540,,EV-CHU5-XU3G,EV-CHU5-XU3G
58898523488202,026-6427804-5291540,,EV-CHU5-XU3G,EV-CHU5-XU3G
58898523488202,026-6427804-5291540,,EV-CHU5-XU3G,EV-CHU5-XU3G
58898523488202,026-6427804-5291540,,EV-CHU5-XU3G,EV-CHU5-XU3G
58898523488202,026-6427804-5291540,,EV-CHU5-XU3G,EV-CHU5-XU3G
58876979724762,203-1984836-0182735,,DC-K5WH-R7F5,DC-K5WH-R7F5
58876979724762,203-1984836-0182735,,DC-K5WH-R7F5,DC-K5WH-R7F5
58876979724762,203-1984836-0182735,,DC-K5WH-R7F5,DC-K5WH-R7F5
58876979724762,203-1984836-0182735,,DC-K5WH-R7F5,DC-K5WH-R7F5
58876979724762,203-1984836-0182735,,DC-K5WH-R7F5,DC-K5WH-R7F5
58876979724762,203-1984836-0182735,,DC-K5WH-R7F5,DC-K5WH-R7F5
58890424745922,206-7097988-5064331,,NN-TSZ1-X2RD,NN-TSZ1-X2RD
58890424745922,206-7097988-5064331,,NN-TSZ1-X2RD,NN-TSZ1-X2RD
58890424745922,206-7097988-5064331,,NN-TSZ1-X2RD,NN-TSZ1-X2RD
58890424745922,206-7097988-5064331,,NN-TSZ1-X2RD,NN-TSZ1-X2RD
58890424745922,206-7097988-5064331,,NN-TSZ1-X2RD,NN-TSZ1-X2RD
58890424745922,206-7097988-5064331,,NN-TSZ1-X2RD,NN-TSZ1-X2RD
58890424745922,206-7097988-5064331,,NN-TSZ1-X2RD,NN-TSZ1-X2RD
58890424745922,206-7097988-5064331,,NN-TSZ1-X2RD,NN-TSZ1-X2RD
58874952140362,203-0734043-2984364,,WX-L5UA-UB1Q,WX-L5UA-UB1Q
58874952140362,203-0734043-2984364,,WX-L5UA-UB1Q,WX-L5UA-UB1Q
58874952140362,203-0734043-2984364,,WX-L5UA-UB1Q,WX-L5UA-UB1Q
58874952140362,203-0734043-2984364,,WX-L5UA-UB1Q,WX-L5UA-UB1Q
58874952140362,203-0734043-2984364,,WX-L5UA-UB1Q,WX-L5UA-UB1Q
58874952140362,203-0734043-2984364,,WX-L5UA-UB1Q,WX-L5UA-UB1Q
58896684174042,204-6262898-1974700,,6V-EEC1-2S9Z,6V-EEC1-2S9Z
58896684174042,204-6262898-1974700,,6V-EEC1-2S9Z,6V-EEC1-2S9Z
58896684174042,204-6262898-1974700,,6V-EEC1-2S9Z,6V-EEC1-2S9Z
58896684174042,204-6262898-1974700,,6V-EEC1-2S9Z,6V-EEC1-2S9Z
58896684174042,204-6262898-1974700,,6V-EEC1-2S9Z,6V-EEC1-2S9Z
58896684174042,204-6262898-1974700,,6V-EEC1-2S9Z,6V-EEC1-2S9Z
58923465530002,204-8812490-1432306,,TU-8I14-25ZR,TU-8I14-25ZR
58923465530002,204-8812490-1432306,,TU-8I14-25ZR,TU-8I14-25ZR
58923465530002,204-8812490-1432306,,TU-8I14-25ZR,TU-8I14-25ZR
58923465530002,204-8812490-1432306,,TU-8I14-25ZR,TU-8I14-25ZR
58923465530002,204-8812490-1432306,,TU-8I14-25ZR,TU-8I14-25ZR
58923465530002,204-8812490-1432306,,TU-8I14-25ZR,TU-8I14-25ZR
58905447336362,202-1423804-0412333,,EV-CHU5-XU3G,EV-CHU5-XU3G
58905447336362,202-1423804-0412333,,EV-CHU5-XU3G,EV-CHU5-XU3G
58905447336362,202-1423804-0412333,,EV-CHU5-XU3G,EV-CHU5-XU3G
58905447336362,202-1423804-0412333,,EV-CHU5-XU3G,EV-CHU5-XU3G
58905447336362,202-1423804-0412333,,EV-CHU5-XU3G,EV-CHU5-XU3G
58905447336362,202-1423804-0412333,,EV-CHU5-XU3G,EV-CHU5-XU3G
58905447336362,202-1423804-0412333,,EV-CHU5-XU3G,EV-CHU5-XU3G
58905447336362,202-1423804-0412333,,EV-CHU5-XU3G,EV-CHU5-XU3G
58905447336362,202-1423804-0412333,,EV-CHU5-XU3G,EV-CHU5-XU3G
58880452178482,204-5565673-2340307,,6V-EEC1-2S9Z,6V-EEC1-2S9Z
58880452178482,204-5565673-2340307,,6V-EEC1-2S9Z,6V-EEC1-2S9Z
58880452178482,204-5565673-2340307,,6V-EEC1-2S9Z,6V-EEC1-2S9Z
58880452178482,204-5565673-2340307,,6V-EEC1-2S9Z,6V-EEC1-2S9Z
58880452178482,204-5565673-2340307,,6V-EEC1-2S9Z,6V-EEC1-2S9Z
58880452178482,204-5565673-2340307,,6V-EEC1-2S9Z,6V-EEC1-2S9Z
58875888644242,205-7651046-8065944,,R7-98IN-2PW8,R7-98IN-2PW8
58875888644242,205-7651046-8065944,,R7-98IN-2PW8,R7-98IN-2PW8
58875888644242,205-7651046-8065944,,R7-98IN-2PW8,R7-98IN-2PW8
58875888644242,205-7651046-8065944,,R7-98IN-2PW8,R7-98IN-2PW8
58875888644242,205-7651046-8065944,,R7-98IN-2PW8,R7-98IN-2PW8
58875888644242,205-7651046-8065944,,R7-98IN-2PW8,R7-98IN-2PW8
58946029640122,026-2501126-0725907,,WX-L5UA-UB1Q,WX-L5UA-UB1Q
58946029640122,026-2501126-0725907,,WX-L5UA-UB1Q,WX-L5UA-UB1Q
58946029640122,026-2501126-0725907,,WX-L5UA-UB1Q,WX-L5UA-UB1Q
58946029640122,026-2501126-0725907,,WX-L5UA-UB1Q,WX-L5UA-UB1Q
58946029640122,026-2501126-0725907,,WX-L5UA-UB1Q,WX-L5UA-UB1Q
58946029640122,026-2501126-0725907,,WX-L5UA-UB1Q,WX-L5UA-UB1Q
58934820818402,206-1661764-2238732,,SU-5LQH-2DVN,SU-5LQH-2DVN
58934820818402,206-1661764-2238732,,SU-5LQH-2DVN,SU-5LQH-2DVN
58934820818402,206-1661764-2238732,,SU-5LQH-2DVN,SU-5LQH-2DVN
58934820818402,206-1661764-2238732,,SU-5LQH-2DVN,SU-5LQH-2DVN
58934820818402,206-1661764-2238732,,SU-5LQH-2DVN,SU-5LQH-2DVN
58934820818402,206-1661764-2238732,,SU-5LQH-2DVN,SU-5LQH-2DVN
58870881053122,026-6841794-5513100,,WX-L5UA-UB1Q,WX-L5UA-UB1Q
58870881053122,026-6841794-5513100,,WX-L5UA-UB1Q,WX-L5UA-UB1Q
58870881053122,026-6841794-5513100,,WX-L5UA-UB1Q,WX-L5UA-UB1Q
58870881053122,026-6841794-5513100,,WX-L5UA-UB1Q,WX-L5UA-UB1Q
58870881053122,026-6841794-5513100,,WX-L5UA-UB1Q,WX-L5UA-UB1Q
58870881053122,026-6841794-5513100,,WX-L5UA-UB1Q,WX-L5UA-UB1Q
58955803740882,206-5095451-2059542,,Z7-26PV-O9LR,Z7-26PV-O9LR
58955803740882,206-5095451-2059542,,Z7-26PV-O9LR,Z7-26PV-O9LR
58955803740882,206-5095451-2059542,,Z7-26PV-O9LR,Z7-26PV-O9LR
58955803740882,206-5095451-2059542,,Z7-26PV-O9LR,Z7-26PV-O9LR
58955803740882,206-5095451-2059542,,Z7-26PV-O9LR,Z7-26PV-O9LR
58955803740882,206-5095451-2059542,,Z7-26PV-O9LR,Z7-26PV-O9LR
58964256074602,205-2167618-3889154,,WX-L5UA-UB1Q,WX-L5UA-UB1Q
58964256074602,205-2167618-3889154,,WX-L5UA-UB1Q,WX-L5UA-UB1Q
58964256074602,205-2167618-3889154,,WX-L5UA-UB1Q,WX-L5UA-UB1Q
58964256074602,205-2167618-3889154,,WX-L5UA-UB1Q,WX-L5UA-UB1Q
58964256074602,205-2167618-3889154,,WX-L5UA-UB1Q,WX-L5UA-UB1Q
58964256074602,205-2167618-3889154,,WX-L5UA-UB1Q,WX-L5UA-UB1Q
58964256074602,205-2167618-3889154,,WX-L5UA-UB1Q,WX-L5UA-UB1Q
58964256074602,205-2167618-3889154,,WX-L5UA-UB1Q,WX-L5UA-UB1Q
58964256074602,205-2167618-3889154,,WX-L5UA-UB1Q,WX-L5UA-UB1Q
58789369200882,202-4979931-3097931,,EV-CHU5-XU3G,EV-CHU5-XU3G
58789369200882,202-4979931-3097931,,EV-CHU5-XU3G,EV-CHU5-XU3G
58789369200882,202-4979931-3097931,,EV-CHU5-XU3G,EV-CHU5-XU3G
58789369200882,202-4979931-3097931,,EV-CHU5-XU3G,EV-CHU5-XU3G
58789369200882,202-4979931-3097931,,EV-CHU5-XU3G,EV-CHU5-XU3G
58789369200882,202-4979931-3097931,,EV-CHU5-XU3G,EV-CHU5-XU3G
58936011079042,202-7341558-6385162,,WX-L5UA-UB1Q,WX-L5UA-UB1Q
58936011079042,202-7341558-6385162,,WX-L5UA-UB1Q,WX-L5UA-UB1Q
58936011079042,202-7341558-6385162,,WX-L5UA-UB1Q,WX-L5UA-UB1Q
58936011079042,202-7341558-6385162,,WX-L5UA-UB1Q,WX-L5UA-UB1Q
58936011079042,202-7341558-6385162,,WX-L5UA-UB1Q,WX-L5UA-UB1Q
58936011079042,202-7341558-6385162,,WX-L5UA-UB1Q,WX-L5UA-UB1Q
58936896336122,203-4214754-5772358,,WX-L5UA-UB1Q,WX-L5UA-UB1Q
58936896336122,203-4214754-5772358,,WX-L5UA-UB1Q,WX-L5UA-UB1Q
58936896336122,203-4214754-5772358,,WX-L5UA-UB1Q,WX-L5UA-UB1Q
58936896336122,203-4214754-5772358,,WX-L5UA-UB1Q,WX-L5UA-UB1Q
58936896336122,203-4214754-5772358,,WX-L5UA-UB1Q,WX-L5UA-UB1Q
58936896336122,203-4214754-5772358,,WX-L5UA-UB1Q,WX-L5UA-UB1Q
58937976952162,206-4788210-3117928,,6V-EEC1-2S9Z,6V-EEC1-2S9Z
58937976952162,206-4788210-3117928,,6V-EEC1-2S9Z,6V-EEC1-2S9Z
58937976952162,206-4788210-3117928,,6V-EEC1-2S9Z,6V-EEC1-2S9Z
58937976952162,206-4788210-3117928,,6V-EEC1-2S9Z,6V-EEC1-2S9Z
58937976952162,206-4788210-3117928,,6V-EEC1-2S9Z,6V-EEC1-2S9Z
58937976952162,206-4788210-3117928,,6V-EEC1-2S9Z,6V-EEC1-2S9Z
58939245686522,204-7917996-7436332,,6V-EEC1-2S9Z,6V-EEC1-2S9Z
58939245686522,204-7917996-7436332,,6V-EEC1-2S9Z,6V-EEC1-2S9Z
58939245686522,204-7917996-7436332,,6V-EEC1-2S9Z,6V-EEC1-2S9Z
58939245686522,204-7917996-7436332,,6V-EEC1-2S9Z,6V-EEC1-2S9Z
58939245686522,204-7917996-7436332,,6V-EEC1-2S9Z,6V-EEC1-2S9Z
58939245686522,204-7917996-7436332,,6V-EEC1-2S9Z,6V-EEC1-2S9Z
58930779645962,202-3909008-9223525,,SU-5LQH-2DVN,SU-5LQH-2DVN
58930779645962,202-3909008-9223525,,SU-5LQH-2DVN,SU-5LQH-2DVN
58930779645962,202-3909008-9223525,,SU-5LQH-2DVN,SU-5LQH-2DVN
58930779645962,202-3909008-9223525,,SU-5LQH-2DVN,SU-5LQH-2DVN
58930779645962,202-3909008-9223525,,SU-5LQH-2DVN,SU-5LQH-2DVN
58930779645962,202-3909008-9223525,,SU-5LQH-2DVN,SU-5LQH-2DVN
58949308024162,203-9789694-4029907,,6V-EEC1-2S9Z,6V-EEC1-2S9Z
58949308024162,203-9789694-4029907,,6V-EEC1-2S9Z,6V-EEC1-2S9Z
58949308024162,203-9789694-4029907,,6V-EEC1-2S9Z,6V-EEC1-2S9Z
58949308024162,203-9789694-4029907,,6V-EEC1-2S9Z,6V-EEC1-2S9Z
58949308024162,203-9789694-4029907,,6V-EEC1-2S9Z,6V-EEC1-2S9Z
58949308024162,203-9789694-4029907,,6V-EEC1-2S9Z,6V-EEC1-2S9Z
58933346737482,202-7117058-9452305,,SU-5LQH-2DVN,SU-5LQH-2DVN
58933346737482,202-7117058-9452305,,SU-5LQH-2DVN,SU-5LQH-2DVN
58933346737482,202-7117058-9452305,,SU-5LQH-2DVN,SU-5LQH-2DVN
58933346737482,202-7117058-9452305,,SU-5LQH-2DVN,SU-5LQH-2DVN
58933346737482,202-7117058-9452305,,SU-5LQH-2DVN,SU-5LQH-2DVN
58933346737482,202-7117058-9452305,,SU-5LQH-2DVN,SU-5LQH-2DVN
58916239963762,204-2720890-2023566,,WX-L5UA-UB1Q,WX-L5UA-UB1Q
58916239963762,204-2720890-2023566,,WX-L5UA-UB1Q,WX-L5UA-UB1Q
58916239963762,204-2720890-2023566,,WX-L5UA-UB1Q,WX-L5UA-UB1Q
58916239963762,204-2720890-2023566,,WX-L5UA-UB1Q,WX-L5UA-UB1Q
58916239963762,204-2720890-2023566,,WX-L5UA-UB1Q,WX-L5UA-UB1Q
58916239963762,204-2720890-2023566,,WX-L5UA-UB1Q,WX-L5UA-UB1Q
58968794252282,203-4590248-8459533,,WX-L5UA-UB1Q,WX-L5UA-UB1Q
58968794252282,203-4590248-8459533,,WX-L5UA-UB1Q,WX-L5UA-UB1Q
58968794252282,203-4590248-8459533,,WX-L5UA-UB1Q,WX-L5UA-UB1Q
58968794252282,203-4590248-8459533,,WX-L5UA-UB1Q,WX-L5UA-UB1Q
58968794252282,203-4590248-8459533,,WX-L5UA-UB1Q,WX-L5UA-UB1Q
58968794252282,203-4590248-8459533,,WX-L5UA-UB1Q,WX-L5UA-UB1Q
58968794252282,203-4590248-8459533,,WX-L5UA-UB1Q,WX-L5UA-UB1Q
58968794252282,203-4590248-8459533,,WX-L5UA-UB1Q,WX-L5UA-UB1Q
58968794252282,203-4590248-8459533,,WX-L5UA-UB1Q,WX-L5UA-UB1Q
58945721161082,202-8029078-3058757,,WX-L5UA-UB1Q,WX-L5UA-UB1Q
58945721161082,202-8029078-3058757,,WX-L5UA-UB1Q,WX-L5UA-UB1Q
58945721161082,202-8029078-3058757,,WX-L5UA-UB1Q,WX-L5UA-UB1Q
58945721161082,202-8029078-3058757,,WX-L5UA-UB1Q,WX-L5UA-UB1Q
58945721161082,202-8029078-3058757,,WX-L5UA-UB1Q,WX-L5UA-UB1Q
58945721161082,202-8029078-3058757,,WX-L5UA-UB1Q,WX-L5UA-UB1Q
58943545067642,206-8488855-7743559,,WX-L5UA-UB1Q,WX-L5UA-UB1Q
58943545067642,206-8488855-7743559,,WX-L5UA-UB1Q,WX-L5UA-UB1Q
58943545067642,206-8488855-7743559,,WX-L5UA-UB1Q,WX-L5UA-UB1Q
58943545067642,206-8488855-7743559,,WX-L5UA-UB1Q,WX-L5UA-UB1Q
58943545067642,206-8488855-7743559,,WX-L5UA-UB1Q,WX-L5UA-UB1Q
58943545067642,206-8488855-7743559,,WX-L5UA-UB1Q,WX-L5UA-UB1Q
58949964241922,202-2277178-3605917,,DC-K5WH-R7F5,DC-K5WH-R7F5
58949964241922,202-2277178-3605917,,DC-K5WH-R7F5,DC-K5WH-R7F5
58949964241922,202-2277178-3605917,,DC-K5WH-R7F5,DC-K5WH-R7F5
58949964241922,202-2277178-3605917,,DC-K5WH-R7F5,DC-K5WH-R7F5
58949964241922,202-2277178-3605917,,DC-K5WH-R7F5,DC-K5WH-R7F5
58949964241922,202-2277178-3605917,,DC-K5WH-R7F5,DC-K5WH-R7F5
58954807434082,026-5613258-3252301,,6V-EEC1-2S9Z,6V-EEC1-2S9Z
58954807434082,026-5613258-3252301,,6V-EEC1-2S9Z,6V-EEC1-2S9Z
58954807434082,026-5613258-3252301,,6V-EEC1-2S9Z,6V-EEC1-2S9Z
58954807434082,026-5613258-3252301,,6V-EEC1-2S9Z,6V-EEC1-2S9Z
58954807434082,026-5613258-3252301,,6V-EEC1-2S9Z,6V-EEC1-2S9Z
58954807434082,026-5613258-3252301,,6V-EEC1-2S9Z,6V-EEC1-2S9Z
58931592679562,205-0621593-5339548,,6V-EEC1-2S9Z,6V-EEC1-2S9Z
58931592679562,205-0621593-5339548,,6V-EEC1-2S9Z,6V-EEC1-2S9Z
58931592679562,205-0621593-5339548,,6V-EEC1-2S9Z,6V-EEC1-2S9Z
58931592679562,205-0621593-5339548,,6V-EEC1-2S9Z,6V-EEC1-2S9Z
58931592679562,205-0621593-5339548,,6V-EEC1-2S9Z,6V-EEC1-2S9Z
58931592679562,205-0621593-5339548,,6V-EEC1-2S9Z,6V-EEC1-2S9Z
58947855813322,202-1857567-4401968,,Z7-26PV-O9LR,Z7-26PV-O9LR
58947855813322,202-1857567-4401968,,Z7-26PV-O9LR,Z7-26PV-O9LR
58947855813322,202-1857567-4401968,,Z7-26PV-O9LR,Z7-26PV-O9LR
58947855813322,202-1857567-4401968,,Z7-26PV-O9LR,Z7-26PV-O9LR
58947855813322,202-1857567-4401968,,Z7-26PV-O9LR,Z7-26PV-O9LR
58947855813322,202-1857567-4401968,,Z7-26PV-O9LR,Z7-26PV-O9LR
58901518498602,205-0268677-8004312,,Z7-26PV-O9LR,Z7-26PV-O9LR
58901518498602,205-0268677-8004312,,Z7-26PV-O9LR,Z7-26PV-O9LR
58901518498602,205-0268677-8004312,,Z7-26PV-O9LR,Z7-26PV-O9LR
58901518498602,205-0268677-8004312,,Z7-26PV-O9LR,Z7-26PV-O9LR
58901518498602,205-0268677-8004312,,Z7-26PV-O9LR,Z7-26PV-O9LR
58901518498602,205-0268677-8004312,,Z7-26PV-O9LR,Z7-26PV-O9LR
58901518498602,205-0268677-8004312,,Z7-26PV-O9LR,Z7-26PV-O9LR
58901518498602,205-0268677-8004312,,Z7-26PV-O9LR,Z7-26PV-O9LR
58901518498602,205-0268677-8004312,,Z7-26PV-O9LR,Z7-26PV-O9LR
58901518498602,205-0268677-8004312,,Z7-26PV-O9LR,Z7-26PV-O9LR
58797896838682,203-6702758-1457952,,NN-TSZ1-X2RD,NN-TSZ1-X2RD
58797896838682,203-6702758-1457952,,NN-TSZ1-X2RD,NN-TSZ1-X2RD
58797896838682,203-6702758-1457952,,NN-TSZ1-X2RD,NN-TSZ1-X2RD
58797896838682,203-6702758-1457952,,NN-TSZ1-X2RD,NN-TSZ1-X2RD
58797896838682,203-6702758-1457952,,NN-TSZ1-X2RD,NN-TSZ1-X2RD
58797896838682,203-6702758-1457952,,NN-TSZ1-X2RD,NN-TSZ1-X2RD
58797896838682,203-6702758-1457952,,NN-TSZ1-X2RD,NN-TSZ1-X2RD
58797896838682,203-6702758-1457952,,NN-TSZ1-X2RD,NN-TSZ1-X2RD
58949020675122,206-7177930-4848306,,49-4UKW-G81R,49-4UKW-G81R
58949020675122,206-7177930-4848306,,49-4UKW-G81R,49-4UKW-G81R
58949020675122,206-7177930-4848306,,49-4UKW-G81R,49-4UKW-G81R
58949020675122,206-7177930-4848306,,49-4UKW-G81R,49-4UKW-G81R
58949020675122,206-7177930-4848306,,49-4UKW-G81R,49-4UKW-G81R
58949020675122,206-7177930-4848306,,49-4UKW-G81R,49-4UKW-G81R
58800627998482,205-6330971-6819536,,XE-YPAI-HX9F,XE-YPAI-HX9F
58800627998482,205-6330971-6819536,,XE-YPAI-HX9F,XE-YPAI-HX9F
58800627998482,205-6330971-6819536,,XE-YPAI-HX9F,XE-YPAI-HX9F
58800627998482,205-6330971-6819536,,XE-YPAI-HX9F,XE-YPAI-HX9F
58800627998482,205-6330971-6819536,,XE-YPAI-HX9F,XE-YPAI-HX9F
58800627998482,205-6330971-6819536,,XE-YPAI-HX9F,XE-YPAI-HX9F
58800627998482,205-6330971-6819536,,XE-YPAI-HX9F,XE-YPAI-HX9F
58800627998482,205-6330971-6819536,,XE-YPAI-HX9F,XE-YPAI-HX9F
58800627998482,205-6330971-6819536,,XE-YPAI-HX9F,XE-YPAI-HX9F
58800627998482,205-6330971-6819536,,XE-YPAI-HX9F,XE-YPAI-HX9F
58959266094682,026-6958448-5352365,,NN-TSZ1-X2RD,NN-TSZ1-X2RD
58959266094682,026-6958448-5352365,,NN-TSZ1-X2RD,NN-TSZ1-X2RD
58959266094682,026-6958448-5352365,,NN-TSZ1-X2RD,NN-TSZ1-X2RD
58959266094682,026-6958448-5352365,,NN-TSZ1-X2RD,NN-TSZ1-X2RD
58959266094682,026-6958448-5352365,,NN-TSZ1-X2RD,NN-TSZ1-X2RD
58959266094682,026-6958448-5352365,,NN-TSZ1-X2RD,NN-TSZ1-X2RD
58959266094682,026-6958448-5352365,,NN-TSZ1-X2RD,NN-TSZ1-X2RD
58959266094682,026-6958448-5352365,,NN-TSZ1-X2RD,NN-TSZ1-X2RD
58959266094682,026-6958448-5352365,,NN-TSZ1-X2RD,NN-TSZ1-X2RD
58959266094682,026-6958448-5352365,,NN-TSZ1-X2RD,NN-TSZ1-X2RD
58961482319202,203-2883162-3113923,,NN-TSZ1-X2RD,NN-TSZ1-X2RD
58961482319202,203-2883162-3113923,,NN-TSZ1-X2RD,NN-TSZ1-X2RD
58961482319202,203-2883162-3113923,,NN-TSZ1-X2RD,NN-TSZ1-X2RD
58961482319202,203-2883162-3113923,,NN-TSZ1-X2RD,NN-TSZ1-X2RD
58961482319202,203-2883162-3113923,,NN-TSZ1-X2RD,NN-TSZ1-X2RD
58961482319202,203-2883162-3113923,,NN-TSZ1-X2RD,NN-TSZ1-X2RD
58957957547922,202-1545524-2892317,,JH-97NP-GJDG,JH-97NP-GJDG
58957957547922,202-1545524-2892317,,JH-97NP-GJDG,JH-97NP-GJDG
58957957547922,202-1545524-2892317,,JH-97NP-GJDG,JH-97NP-GJDG
58957957547922,202-1545524-2892317,,JH-97NP-GJDG,JH-97NP-GJDG
58957957547922,202-1545524-2892317,,JH-97NP-GJDG,JH-97NP-GJDG
58957957547922,202-1545524-2892317,,JH-97NP-GJDG,JH-97NP-GJDG
58946199798482,204-2160135-5759523,,6V-EEC1-2S9Z,6V-EEC1-2S9Z
58946199798482,204-2160135-5759523,,6V-EEC1-2S9Z,6V-EEC1-2S9Z
58946199798482,204-2160135-5759523,,6V-EEC1-2S9Z,6V-EEC1-2S9Z
58946199798482,204-2160135-5759523,,6V-EEC1-2S9Z,6V-EEC1-2S9Z
58946199798482,204-2160135-5759523,,6V-EEC1-2S9Z,6V-EEC1-2S9Z
58946199798482,204-2160135-5759523,,6V-EEC1-2S9Z,6V-EEC1-2S9Z
58885797129762,202-3130004-3143532,,VU-8KRA-QP5M,VU-8KRA-QP5M
58885797129762,202-3130004-3143532,,VU-8KRA-QP5M,VU-8KRA-QP5M
58885797129762,202-3130004-3143532,,VU-8KRA-QP5M,VU-8KRA-QP5M
58885797129762,202-3130004-3143532,,VU-8KRA-QP5M,VU-8KRA-QP5M
58885797129762,202-3130004-3143532,,VU-8KRA-QP5M,VU-8KRA-QP5M
58885797129762,202-3130004-3143532,,VU-8KRA-QP5M,VU-8KRA-QP5M
58960034455402,205-3998961-7977140,,EV-CHU5-XU3G,EV-CHU5-XU3G
58960034455402,205-3998961-7977140,,EV-CHU5-XU3G,EV-CHU5-XU3G
58960034455402,205-3998961-7977140,,EV-CHU5-XU3G,EV-CHU5-XU3G
58960034455402,205-3998961-7977140,,EV-CHU5-XU3G,EV-CHU5-XU3G
58960034455402,205-3998961-7977140,,EV-CHU5-XU3G,EV-CHU5-XU3G
58960034455402,205-3998961-7977140,,EV-CHU5-XU3G,EV-CHU5-XU3G
58949759016242,202-6817376-3911564,,WX-L5UA-UB1Q,WX-L5UA-UB1Q
58949759016242,202-6817376-3911564,,WX-L5UA-UB1Q,WX-L5UA-UB1Q
58949759016242,202-6817376-3911564,,WX-L5UA-UB1Q,WX-L5UA-UB1Q
58949759016242,202-6817376-3911564,,WX-L5UA-UB1Q,WX-L5UA-UB1Q
58949759016242,202-6817376-3911564,,WX-L5UA-UB1Q,WX-L5UA-UB1Q
58949759016242,202-6817376-3911564,,WX-L5UA-UB1Q,WX-L5UA-UB1Q
58961124437402,203-7099412-5128356,,WX-L5UA-UB1Q,WX-L5UA-UB1Q
58961124437402,203-7099412-5128356,,WX-L5UA-UB1Q,WX-L5UA-UB1Q
58961124437402,203-7099412-5128356,,WX-L5UA-UB1Q,WX-L5UA-UB1Q
58961124437402,203-7099412-5128356,,WX-L5UA-UB1Q,WX-L5UA-UB1Q
58961124437402,203-7099412-5128356,,WX-L5UA-UB1Q,WX-L5UA-UB1Q
58961124437402,203-7099412-5128356,,WX-L5UA-UB1Q,WX-L5UA-UB1Q
58860241384402,206-4495253-2835556,,6V-EEC1-2S9Z,6V-EEC1-2S9Z
58860241384402,206-4495253-2835556,,6V-EEC1-2S9Z,6V-EEC1-2S9Z
58860241384402,206-4495253-2835556,,6V-EEC1-2S9Z,6V-EEC1-2S9Z
58860241384402,206-4495253-2835556,,6V-EEC1-2S9Z,6V-EEC1-2S9Z
58860241384402,206-4495253-2835556,,6V-EEC1-2S9Z,6V-EEC1-2S9Z
58860241384402,206-4495253-2835556,,6V-EEC1-2S9Z,6V-EEC1-2S9Z
58926344890322,204-1934240-0377962,,Z7-26PV-O9LR,Z7-26PV-O9LR
58926344890322,204-1934240-0377962,,Z7-26PV-O9LR,Z7-26PV-O9LR
58926344890322,204-1934240-0377962,,Z7-26PV-O9LR,Z7-26PV-O9LR
58926344890322,204-1934240-0377962,,Z7-26PV-O9LR,Z7-26PV-O9LR
58926344890322,204-1934240-0377962,,Z7-26PV-O9LR,Z7-26PV-O9LR
58926344890322,204-1934240-0377962,,Z7-26PV-O9LR,Z7-26PV-O9LR
58966688363162,204-2703585-3543542,,NN-TSZ1-X2RD,NN-TSZ1-X2RD
58966688363162,204-2703585-3543542,,NN-TSZ1-X2RD,NN-TSZ1-X2RD
58966688363162,204-2703585-3543542,,NN-TSZ1-X2RD,NN-TSZ1-X2RD
58966688363162,204-2703585-3543542,,NN-TSZ1-X2RD,NN-TSZ1-X2RD
58966688363162,204-2703585-3543542,,NN-TSZ1-X2RD,NN-TSZ1-X2RD
58966688363162,204-2703585-3543542,,NN-TSZ1-X2RD,NN-TSZ1-X2RD
58966688363162,204-2703585-3543542,,NN-TSZ1-X2RD,NN-TSZ1-X2RD
58966688363162,204-2703585-3543542,,NN-TSZ1-X2RD,NN-TSZ1-X2RD
58966688363162,204-2703585-3543542,,NN-TSZ1-X2RD,NN-TSZ1-X2RD
58966688363162,204-2703585-3543542,,NN-TSZ1-X2RD,NN-TSZ1-X2RD
58941017574402,206-7960330-8666740,,TU-8I14-25ZR,TU-8I14-25ZR
58941017574402,206-7960330-8666740,,TU-8I14-25ZR,TU-8I14-25ZR
58941017574402,206-7960330-8666740,,TU-8I14-25ZR,TU-8I14-25ZR
58941017574402,206-7960330-8666740,,TU-8I14-25ZR,TU-8I14-25ZR
58941017574402,206-7960330-8666740,,TU-8I14-25ZR,TU-8I14-25ZR
58941017574402,206-7960330-8666740,,TU-8I14-25ZR,TU-8I14-25ZR
58932084130082,026-2100465-2217928,,SR-6OBB-WC03,SR-6OBB-WC03
58932084130082,026-2100465-2217928,,SR-6OBB-WC03,SR-6OBB-WC03
58932084130082,026-2100465-2217928,,SR-6OBB-WC03,SR-6OBB-WC03
58932084130082,026-2100465-2217928,,SR-6OBB-WC03,SR-6OBB-WC03
58932084130082,026-2100465-2217928,,SR-6OBB-WC03,SR-6OBB-WC03
58932084130082,026-2100465-2217928,,SR-6OBB-WC03,SR-6OBB-WC03
58950819643242,203-6494608-9588338,,VO-A6AR-18YS,VO-A6AR-18YS
58950819643242,203-6494608-9588338,,VO-A6AR-18YS,VO-A6AR-18YS
58950819643242,203-6494608-9588338,,VO-A6AR-18YS,VO-A6AR-18YS
58950819643242,203-6494608-9588338,,VO-A6AR-18YS,VO-A6AR-18YS
58950819643242,203-6494608-9588338,,VO-A6AR-18YS,VO-A6AR-18YS
58950819643242,203-6494608-9588338,,VO-A6AR-18YS,VO-A6AR-18YS
58938159700322,026-3241016-4662717,,DC-K5WH-R7F5,DC-K5WH-R7F5
58938159700322,026-3241016-4662717,,DC-K5WH-R7F5,DC-K5WH-R7F5
58938159700322,026-3241016-4662717,,DC-K5WH-R7F5,DC-K5WH-R7F5
58938159700322,026-3241016-4662717,,DC-K5WH-R7F5,DC-K5WH-R7F5
58938159700322,026-3241016-4662717,,DC-K5WH-R7F5,DC-K5WH-R7F5
58938159700322,026-3241016-4662717,,DC-K5WH-R7F5,DC-K5WH-R7F5
58949132600202,026-2011694-6739558,,6V-EEC1-2S9Z,6V-EEC1-2S9Z
58949132600202,026-2011694-6739558,,6V-EEC1-2S9Z,6V-EEC1-2S9Z
58949132600202,026-2011694-6739558,,6V-EEC1-2S9Z,6V-EEC1-2S9Z
58949132600202,026-2011694-6739558,,6V-EEC1-2S9Z,6V-EEC1-2S9Z
58949132600202,026-2011694-6739558,,6V-EEC1-2S9Z,6V-EEC1-2S9Z
58949132600202,026-2011694-6739558,,6V-EEC1-2S9Z,6V-EEC1-2S9Z
58925308288402,203-6279927-5273105,,6V-EEC1-2S9Z,6V-EEC1-2S9Z
58925308288402,203-6279927-5273105,,6V-EEC1-2S9Z,6V-EEC1-2S9Z
58925308288402,203-6279927-5273105,,6V-EEC1-2S9Z,6V-EEC1-2S9Z
58925308288402,203-6279927-5273105,,6V-EEC1-2S9Z,6V-EEC1-2S9Z
58925308288402,203-6279927-5273105,,6V-EEC1-2S9Z,6V-EEC1-2S9Z
58925308288402,203-6279927-5273105,,6V-EEC1-2S9Z,6V-EEC1-2S9Z
58952730319762,205-9835245-8659515,,SU-5LQH-2DVN,SU-5LQH-2DVN
58952730319762,205-9835245-8659515,,SU-5LQH-2DVN,SU-5LQH-2DVN
58952730319762,205-9835245-8659515,,SU-5LQH-2DVN,SU-5LQH-2DVN
58952730319762,205-9835245-8659515,,SU-5LQH-2DVN,SU-5LQH-2DVN
58952730319762,205-9835245-8659515,,SU-5LQH-2DVN,SU-5LQH-2DVN
58952730319762,205-9835245-8659515,,SU-5LQH-2DVN,SU-5LQH-2DVN
58964901908282,026-3457103-6425155,,NN-TSZ1-X2RD,NN-TSZ1-X2RD
58964901908282,026-3457103-6425155,,NN-TSZ1-X2RD,NN-TSZ1-X2RD
58964901908282,026-3457103-6425155,,NN-TSZ1-X2RD,NN-TSZ1-X2RD
58964901908282,026-3457103-6425155,,NN-TSZ1-X2RD,NN-TSZ1-X2RD
58964901908282,026-3457103-6425155,,NN-TSZ1-X2RD,NN-TSZ1-X2RD
58964901908282,026-3457103-6425155,,NN-TSZ1-X2RD,NN-TSZ1-X2RD
58914474441162,204-1245321-3343567,,Z7-26PV-O9LR,Z7-26PV-O9LR
58914474441162,204-1245321-3343567,,Z7-26PV-O9LR,Z7-26PV-O9LR
58914474441162,204-1245321-3343567,,Z7-26PV-O9LR,Z7-26PV-O9LR
58914474441162,204-1245321-3343567,,Z7-26PV-O9LR,Z7-26PV-O9LR
58914474441162,204-1245321-3343567,,Z7-26PV-O9LR,Z7-26PV-O9LR
58914474441162,204-1245321-3343567,,Z7-26PV-O9LR,Z7-26PV-O9LR
58937677510242,205-0802609-6471515,,WX-L5UA-UB1Q,WX-L5UA-UB1Q
58937677510242,205-0802609-6471515,,WX-L5UA-UB1Q,WX-L5UA-UB1Q
58937677510242,205-0802609-6471515,,WX-L5UA-UB1Q,WX-L5UA-UB1Q
58937677510242,205-0802609-6471515,,WX-L5UA-UB1Q,WX-L5UA-UB1Q
58937677510242,205-0802609-6471515,,WX-L5UA-UB1Q,WX-L5UA-UB1Q
58937677510242,205-0802609-6471515,,WX-L5UA-UB1Q,WX-L5UA-UB1Q
58923438867842,202-5795610-4352305,,6V-EEC1-2S9Z,6V-EEC1-2S9Z
58923438867842,202-5795610-4352305,,6V-EEC1-2S9Z,6V-EEC1-2S9Z
58923438867842,202-5795610-4352305,,6V-EEC1-2S9Z,6V-EEC1-2S9Z
58923438867842,202-5795610-4352305,,6V-EEC1-2S9Z,6V-EEC1-2S9Z
58923438867842,202-5795610-4352305,,6V-EEC1-2S9Z,6V-EEC1-2S9Z
58923438867842,202-5795610-4352305,,6V-EEC1-2S9Z,6V-EEC1-2S9Z
58902088169282,202-0260740-5948307,,6V-EEC1-2S9Z,6V-EEC1-2S9Z
58902088169282,202-0260740-5948307,,6V-EEC1-2S9Z,6V-EEC1-2S9Z
58902088169282,202-0260740-5948307,,6V-EEC1-2S9Z,6V-EEC1-2S9Z
58902088169282,202-0260740-5948307,,6V-EEC1-2S9Z,6V-EEC1-2S9Z
58902088169282,202-0260740-5948307,,6V-EEC1-2S9Z,6V-EEC1-2S9Z
58902088169282,202-0260740-5948307,,6V-EEC1-2S9Z,6V-EEC1-2S9Z
58943024213762,202-2376114-2188315,,NN-TSZ1-X2RD,NN-TSZ1-X2RD
58943024213762,202-2376114-2188315,,NN-TSZ1-X2RD,NN-TSZ1-X2RD
58943024213762,202-2376114-2188315,,NN-TSZ1-X2RD,NN-TSZ1-X2RD
58943024213762,202-2376114-2188315,,NN-TSZ1-X2RD,NN-TSZ1-X2RD
58943024213762,202-2376114-2188315,,NN-TSZ1-X2RD,NN-TSZ1-X2RD
58943024213762,202-2376114-2188315,,NN-TSZ1-X2RD,NN-TSZ1-X2RD
58939292662722,026-9258037-5149159,,6V-EEC1-2S9Z,6V-EEC1-2S9Z
58939292662722,026-9258037-5149159,,6V-EEC1-2S9Z,6V-EEC1-2S9Z
58939292662722,026-9258037-5149159,,6V-EEC1-2S9Z,6V-EEC1-2S9Z
58939292662722,026-9258037-5149159,,6V-EEC1-2S9Z,6V-EEC1-2S9Z
58939292662722,026-9258037-5149159,,6V-EEC1-2S9Z,6V-EEC1-2S9Z
58939292662722,026-9258037-5149159,,6V-EEC1-2S9Z,6V-EEC1-2S9Z
58953487501922,205-2670523-4221142,,EV-CHU5-XU3G,EV-CHU5-XU3G
58953487501922,205-2670523-4221142,,EV-CHU5-XU3G,EV-CHU5-XU3G
58953487501922,205-2670523-4221142,,EV-CHU5-XU3G,EV-CHU5-XU3G
58953487501922,205-2670523-4221142,,EV-CHU5-XU3G,EV-CHU5-XU3G
58953487501922,205-2670523-4221142,,EV-CHU5-XU3G,EV-CHU5-XU3G
58953487501922,205-2670523-4221142,,EV-CHU5-XU3G,EV-CHU5-XU3G
58952148174002,202-8107812-5964367,,SU-5LQH-2DVN,SU-5LQH-2DVN
58952148174002,202-8107812-5964367,,SU-5LQH-2DVN,SU-5LQH-2DVN
58952148174002,202-8107812-5964367,,SU-5LQH-2DVN,SU-5LQH-2DVN
58952148174002,202-8107812-5964367,,SU-5LQH-2DVN,SU-5LQH-2DVN
58952148174002,202-8107812-5964367,,SU-5LQH-2DVN,SU-5LQH-2DVN
58952148174002,202-8107812-5964367,,SU-5LQH-2DVN,SU-5LQH-2DVN
58945740703082,026-7377197-1776367,,NN-TSZ1-X2RD,NN-TSZ1-X2RD
58945740703082,026-7377197-1776367,,NN-TSZ1-X2RD,NN-TSZ1-X2RD
58945740703082,026-7377197-1776367,,NN-TSZ1-X2RD,NN-TSZ1-X2RD
58945740703082,026-7377197-1776367,,NN-TSZ1-X2RD,NN-TSZ1-X2RD
58945740703082,026-7377197-1776367,,NN-TSZ1-X2RD,NN-TSZ1-X2RD
58945740703082,026-7377197-1776367,,NN-TSZ1-X2RD,NN-TSZ1-X2RD
58953180005202,206-7997257-0867566,,BQ-O3OI-FTJU,BQ-O3OI-FTJU
58953180005202,206-7997257-0867566,,BQ-O3OI-FTJU,BQ-O3OI-FTJU
58953180005202,206-7997257-0867566,,BQ-O3OI-FTJU,BQ-O3OI-FTJU
58953180005202,206-7997257-0867566,,BQ-O3OI-FTJU,BQ-O3OI-FTJU
58953180005202,206-7997257-0867566,,BQ-O3OI-FTJU,BQ-O3OI-FTJU
58953180005202,206-7997257-0867566,,BQ-O3OI-FTJU,BQ-O3OI-FTJU
58953180005202,206-7997257-0867566,,BQ-O3OI-FTJU,BQ-O3OI-FTJU
58953180005202,206-7997257-0867566,,BQ-O3OI-FTJU,BQ-O3OI-FTJU
58953180005202,206-7997257-0867566,,BQ-O3OI-FTJU,BQ-O3OI-FTJU
58953180005202,206-7997257-0867566,,BQ-O3OI-FTJU,BQ-O3OI-FTJU
58953180005202,206-7997257-0867566,,BQ-O3OI-FTJU,BQ-O3OI-FTJU
58955662430922,202-1298085-1918722,,WX-L5UA-UB1Q,WX-L5UA-UB1Q
58955662430922,202-1298085-1918722,,WX-L5UA-UB1Q,WX-L5UA-UB1Q
58955662430922,202-1298085-1918722,,WX-L5UA-UB1Q,WX-L5UA-UB1Q
58955662430922,202-1298085-1918722,,WX-L5UA-UB1Q,WX-L5UA-UB1Q
58955662430922,202-1298085-1918722,,WX-L5UA-UB1Q,WX-L5UA-UB1Q
58955662430922,202-1298085-1918722,,WX-L5UA-UB1Q,WX-L5UA-UB1Q
58949812086202,203-7134362-4402750,,6V-EEC1-2S9Z,6V-EEC1-2S9Z
58949812086202,203-7134362-4402750,,6V-EEC1-2S9Z,6V-EEC1-2S9Z
58949812086202,203-7134362-4402750,,6V-EEC1-2S9Z,6V-EEC1-2S9Z
58949812086202,203-7134362-4402750,,6V-EEC1-2S9Z,6V-EEC1-2S9Z
58949812086202,203-7134362-4402750,,6V-EEC1-2S9Z,6V-EEC1-2S9Z
58949812086202,203-7134362-4402750,,6V-EEC1-2S9Z,6V-EEC1-2S9Z
58936621679522,204-2603848-4088359,,TU-8I14-25ZR,TU-8I14-25ZR
58936621679522,204-2603848-4088359,,TU-8I14-25ZR,TU-8I14-25ZR
58936621679522,204-2603848-4088359,,TU-8I14-25ZR,TU-8I14-25ZR
58936621679522,204-2603848-4088359,,TU-8I14-25ZR,TU-8I14-25ZR
58936621679522,204-2603848-4088359,,TU-8I14-25ZR,TU-8I14-25ZR
58936621679522,204-2603848-4088359,,TU-8I14-25ZR,TU-8I14-25ZR
58939067888602,202-4901433-6699536,,WX-L5UA-UB1Q,WX-L5UA-UB1Q
58939067888602,202-4901433-6699536,,WX-L5UA-UB1Q,WX-L5UA-UB1Q
58939067888602,202-4901433-6699536,,WX-L5UA-UB1Q,WX-L5UA-UB1Q
58939067888602,202-4901433-6699536,,WX-L5UA-UB1Q,WX-L5UA-UB1Q
58939067888602,202-4901433-6699536,,WX-L5UA-UB1Q,WX-L5UA-UB1Q
58939067888602,202-4901433-6699536,,WX-L5UA-UB1Q,WX-L5UA-UB1Q
59004807742122,206-7406203-3815560,,49-4UKW-G81R,49-4UKW-G81R
59004807742122,206-7406203-3815560,,49-4UKW-G81R,49-4UKW-G81R
59004807742122,206-7406203-3815560,,49-4UKW-G81R,49-4UKW-G81R
59004807742122,206-7406203-3815560,,49-4UKW-G81R,49-4UKW-G81R
59004807742122,206-7406203-3815560,,49-4UKW-G81R,49-4UKW-G81R
59004807742122,206-7406203-3815560,,49-4UKW-G81R,49-4UKW-G81R
59004807742122,206-7406203-3815560,,49-4UKW-G81R,49-4UKW-G81R
59004807742122,206-7406203-3815560,,49-4UKW-G81R,49-4UKW-G81R
59004807742122,206-7406203-3815560,,49-4UKW-G81R,49-4UKW-G81R
59004807742122,206-7406203-3815560,,49-4UKW-G81R,49-4UKW-G81R
58857058745762,204-6220941-7393909,,WX-L5UA-UB1Q,WX-L5UA-UB1Q
58857058745762,204-6220941-7393909,,WX-L5UA-UB1Q,WX-L5UA-UB1Q
58857058745762,204-6220941-7393909,,WX-L5UA-UB1Q,WX-L5UA-UB1Q
58857058745762,204-6220941-7393909,,WX-L5UA-UB1Q,WX-L5UA-UB1Q
58857058745762,204-6220941-7393909,,WX-L5UA-UB1Q,WX-L5UA-UB1Q
58857058745762,204-6220941-7393909,,WX-L5UA-UB1Q,WX-L5UA-UB1Q
59003198577762,204-0102184-1857925,,WX-L5UA-UB1Q,WX-L5UA-UB1Q
59003198577762,204-0102184-1857925,,WX-L5UA-UB1Q,WX-L5UA-UB1Q
59003198577762,204-0102184-1857925,,WX-L5UA-UB1Q,WX-L5UA-UB1Q
59003198577762,204-0102184-1857925,,WX-L5UA-UB1Q,WX-L5UA-UB1Q
59003198577762,204-0102184-1857925,,WX-L5UA-UB1Q,WX-L5UA-UB1Q
59003198577762,204-0102184-1857925,,WX-L5UA-UB1Q,WX-L5UA-UB1Q
58913030172322,204-8877462-9841116,,6V-EEC1-2S9Z,6V-EEC1-2S9Z
58913030172322,204-8877462-9841116,,6V-EEC1-2S9Z,6V-EEC1-2S9Z
58913030172322,204-8877462-9841116,,6V-EEC1-2S9Z,6V-EEC1-2S9Z
58913030172322,204-8877462-9841116,,6V-EEC1-2S9Z,6V-EEC1-2S9Z
58913030172322,204-8877462-9841116,,6V-EEC1-2S9Z,6V-EEC1-2S9Z
58913030172322,204-8877462-9841116,,6V-EEC1-2S9Z,6V-EEC1-2S9Z
58961197193642,026-2275644-1071562,,6V-EEC1-2S9Z,6V-EEC1-2S9Z
58961197193642,026-2275644-1071562,,6V-EEC1-2S9Z,6V-EEC1-2S9Z
58961197193642,026-2275644-1071562,,6V-EEC1-2S9Z,6V-EEC1-2S9Z
58961197193642,026-2275644-1071562,,6V-EEC1-2S9Z,6V-EEC1-2S9Z
58961197193642,026-2275644-1071562,,6V-EEC1-2S9Z,6V-EEC1-2S9Z
58961197193642,026-2275644-1071562,,6V-EEC1-2S9Z,6V-EEC1-2S9Z
58926907615642,203-2818302-8916301,,6V-EEC1-2S9Z,6V-EEC1-2S9Z
58926907615642,203-2818302-8916301,,6V-EEC1-2S9Z,6V-EEC1-2S9Z
58926907615642,203-2818302-8916301,,6V-EEC1-2S9Z,6V-EEC1-2S9Z
58926907615642,203-2818302-8916301,,6V-EEC1-2S9Z,6V-EEC1-2S9Z
58926907615642,203-2818302-8916301,,6V-EEC1-2S9Z,6V-EEC1-2S9Z
58926907615642,203-2818302-8916301,,6V-EEC1-2S9Z,6V-EEC1-2S9Z
59019876519242,203-7586799-1564301,,R7-98IN-2PW8,R7-98IN-2PW8
59019876519242,203-7586799-1564301,,R7-98IN-2PW8,R7-98IN-2PW8
59019876519242,203-7586799-1564301,,R7-98IN-2PW8,R7-98IN-2PW8
59019876519242,203-7586799-1564301,,R7-98IN-2PW8,R7-98IN-2PW8
59019876519242,203-7586799-1564301,,R7-98IN-2PW8,R7-98IN-2PW8
59019876519242,203-7586799-1564301,,R7-98IN-2PW8,R7-98IN-2PW8
58963758912242,202-9172355-7733103,,NN-TSZ1-X2RD,NN-TSZ1-X2RD
58963758912242,202-9172355-7733103,,NN-TSZ1-X2RD,NN-TSZ1-X2RD
58963758912242,202-9172355-7733103,,NN-TSZ1-X2RD,NN-TSZ1-X2RD
58963758912242,202-9172355-7733103,,NN-TSZ1-X2RD,NN-TSZ1-X2RD
58963758912242,202-9172355-7733103,,NN-TSZ1-X2RD,NN-TSZ1-X2RD
58963758912242,202-9172355-7733103,,NN-TSZ1-X2RD,NN-TSZ1-X2RD
59014114883282,026-4393456-9685154,,XE-YPAI-HX9F,XE-YPAI-HX9F
59014114883282,026-4393456-9685154,,XE-YPAI-HX9F,XE-YPAI-HX9F
59014114883282,026-4393456-9685154,,XE-YPAI-HX9F,XE-YPAI-HX9F
59014114883282,026-4393456-9685154,,XE-YPAI-HX9F,XE-YPAI-HX9F
59014114883282,026-4393456-9685154,,XE-YPAI-HX9F,XE-YPAI-HX9F
59014114883282,026-4393456-9685154,,XE-YPAI-HX9F,XE-YPAI-HX9F
58952068462042,206-8170412-5531544,,SU-5LQH-2DVN,SU-5LQH-2DVN
58952068462042,206-8170412-5531544,,SU-5LQH-2DVN,SU-5LQH-2DVN
58952068462042,206-8170412-5531544,,SU-5LQH-2DVN,SU-5LQH-2DVN
58952068462042,206-8170412-5531544,,SU-5LQH-2DVN,SU-5LQH-2DVN
58952068462042,206-8170412-5531544,,SU-5LQH-2DVN,SU-5LQH-2DVN
58952068462042,206-8170412-5531544,,SU-5LQH-2DVN,SU-5LQH-2DVN
58951624583122,026-4844256-3239520,,6V-EEC1-2S9Z,6V-EEC1-2S9Z
58951624583122,026-4844256-3239520,,6V-EEC1-2S9Z,6V-EEC1-2S9Z
58951624583122,026-4844256-3239520,,6V-EEC1-2S9Z,6V-EEC1-2S9Z
58951624583122,026-4844256-3239520,,6V-EEC1-2S9Z,6V-EEC1-2S9Z
58951624583122,026-4844256-3239520,,6V-EEC1-2S9Z,6V-EEC1-2S9Z
58951624583122,026-4844256-3239520,,6V-EEC1-2S9Z,6V-EEC1-2S9Z
58951624583122,026-4844256-3239520,,6V-EEC1-2S9Z,6V-EEC1-2S9Z
58951624583122,026-4844256-3239520,,6V-EEC1-2S9Z,6V-EEC1-2S9Z
58951624583122,026-4844256-3239520,,6V-EEC1-2S9Z,6V-EEC1-2S9Z
58951624583122,026-4844256-3239520,,6V-EEC1-2S9Z,6V-EEC1-2S9Z
58965425406682,202-9039879-2037157,,6V-EEC1-2S9Z,6V-EEC1-2S9Z
58965425406682,202-9039879-2037157,,6V-EEC1-2S9Z,6V-EEC1-2S9Z
58965425406682,202-9039879-2037157,,6V-EEC1-2S9Z,6V-EEC1-2S9Z
58965425406682,202-9039879-2037157,,6V-EEC1-2S9Z,6V-EEC1-2S9Z
58965425406682,202-9039879-2037157,,6V-EEC1-2S9Z,6V-EEC1-2S9Z
58965425406682,202-9039879-2037157,,6V-EEC1-2S9Z,6V-EEC1-2S9Z
59012605847082,202-9454845-8675567,,SR-6OBB-WC03,SR-6OBB-WC03
59012605847082,202-9454845-8675567,,SR-6OBB-WC03,SR-6OBB-WC03
59012605847082,202-9454845-8675567,,SR-6OBB-WC03,SR-6OBB-WC03
59012605847082,202-9454845-8675567,,SR-6OBB-WC03,SR-6OBB-WC03
59012605847082,202-9454845-8675567,,SR-6OBB-WC03,SR-6OBB-WC03
59012605847082,202-9454845-8675567,,SR-6OBB-WC03,SR-6OBB-WC03
59009907709322,206-8291663-0993944,,Z7-26PV-O9LR,Z7-26PV-O9LR
59009907709322,206-8291663-0993944,,Z7-26PV-O9LR,Z7-26PV-O9LR
59009907709322,206-8291663-0993944,,Z7-26PV-O9LR,Z7-26PV-O9LR
59009907709322,206-8291663-0993944,,Z7-26PV-O9LR,Z7-26PV-O9LR
59009907709322,206-8291663-0993944,,Z7-26PV-O9LR,Z7-26PV-O9LR
59009907709322,206-8291663-0993944,,Z7-26PV-O9LR,Z7-26PV-O9LR
59004613254162,203-9525761-3631541,,6V-EEC1-2S9Z,6V-EEC1-2S9Z
59004613254162,203-9525761-3631541,,6V-EEC1-2S9Z,6V-EEC1-2S9Z
59004613254162,203-9525761-3631541,,6V-EEC1-2S9Z,6V-EEC1-2S9Z
59004613254162,203-9525761-3631541,,6V-EEC1-2S9Z,6V-EEC1-2S9Z
59004613254162,203-9525761-3631541,,6V-EEC1-2S9Z,6V-EEC1-2S9Z
59004613254162,203-9525761-3631541,,6V-EEC1-2S9Z,6V-EEC1-2S9Z
59005065727842,026-9350275-4001923,,6V-EEC1-2S9Z,6V-EEC1-2S9Z
59005065727842,026-9350275-4001923,,6V-EEC1-2S9Z,6V-EEC1-2S9Z
59005065727842,026-9350275-4001923,,6V-EEC1-2S9Z,6V-EEC1-2S9Z
59005065727842,026-9350275-4001923,,6V-EEC1-2S9Z,6V-EEC1-2S9Z
59005065727842,026-9350275-4001923,,6V-EEC1-2S9Z,6V-EEC1-2S9Z
59005065727842,026-9350275-4001923,,6V-EEC1-2S9Z,6V-EEC1-2S9Z
58967628261602,203-0947673-0644355,,XE-YPAI-HX9F,XE-YPAI-HX9F
58967628261602,203-0947673-0644355,,XE-YPAI-HX9F,XE-YPAI-HX9F
58967628261602,203-0947673-0644355,,XE-YPAI-HX9F,XE-YPAI-HX9F
58967628261602,203-0947673-0644355,,XE-YPAI-HX9F,XE-YPAI-HX9F
58967628261602,203-0947673-0644355,,XE-YPAI-HX9F,XE-YPAI-HX9F
58967628261602,203-0947673-0644355,,XE-YPAI-HX9F,XE-YPAI-HX9F
58967628261602,203-0947673-0644355,,XE-YPAI-HX9F,XE-YPAI-HX9F
58967628261602,203-0947673-0644355,,XE-YPAI-HX9F,XE-YPAI-HX9F
58967628261602,203-0947673-0644355,,XE-YPAI-HX9F,XE-YPAI-HX9F
58879148571162,026-6980397-8552349,,6V-EEC1-2S9Z,6V-EEC1-2S9Z
58879148571162,026-6980397-8552349,,6V-EEC1-2S9Z,6V-EEC1-2S9Z
58879148571162,026-6980397-8552349,,6V-EEC1-2S9Z,6V-EEC1-2S9Z
58879148571162,026-6980397-8552349,,6V-EEC1-2S9Z,6V-EEC1-2S9Z
58879148571162,026-6980397-8552349,,6V-EEC1-2S9Z,6V-EEC1-2S9Z
58879148571162,026-6980397-8552349,,6V-EEC1-2S9Z,6V-EEC1-2S9Z
59013968588722,205-8171026-6731549,,WX-L5UA-UB1Q,WX-L5UA-UB1Q
59013968588722,205-8171026-6731549,,WX-L5UA-UB1Q,WX-L5UA-UB1Q
59013968588722,205-8171026-6731549,,WX-L5UA-UB1Q,WX-L5UA-UB1Q
59013968588722,205-8171026-6731549,,WX-L5UA-UB1Q,WX-L5UA-UB1Q
59013968588722,205-8171026-6731549,,WX-L5UA-UB1Q,WX-L5UA-UB1Q
59013968588722,205-8171026-6731549,,WX-L5UA-UB1Q,WX-L5UA-UB1Q
58955652157402,204-5255373-8176302,,6V-EEC1-2S9Z,6V-EEC1-2S9Z
58955652157402,204-5255373-8176302,,6V-EEC1-2S9Z,6V-EEC1-2S9Z
58955652157402,204-5255373-8176302,,6V-EEC1-2S9Z,6V-EEC1-2S9Z
58955652157402,204-5255373-8176302,,6V-EEC1-2S9Z,6V-EEC1-2S9Z
58955652157402,204-5255373-8176302,,6V-EEC1-2S9Z,6V-EEC1-2S9Z
58955652157402,204-5255373-8176302,,6V-EEC1-2S9Z,6V-EEC1-2S9Z
59010169492282,203-6751019-5252305,,6V-EEC1-2S9Z,6V-EEC1-2S9Z
59010169492282,203-6751019-5252305,,6V-EEC1-2S9Z,6V-EEC1-2S9Z
59010169492282,203-6751019-5252305,,6V-EEC1-2S9Z,6V-EEC1-2S9Z
59010169492282,203-6751019-5252305,,6V-EEC1-2S9Z,6V-EEC1-2S9Z
59010169492282,203-6751019-5252305,,6V-EEC1-2S9Z,6V-EEC1-2S9Z
59010169492282,203-6751019-5252305,,6V-EEC1-2S9Z,6V-EEC1-2S9Z
58967837574762,204-8579467-0067506,,DC-K5WH-R7F5,DC-K5WH-R7F5
58967837574762,204-8579467-0067506,,DC-K5WH-R7F5,DC-K5WH-R7F5
58967837574762,204-8579467-0067506,,DC-K5WH-R7F5,DC-K5WH-R7F5
58967837574762,204-8579467-0067506,,DC-K5WH-R7F5,DC-K5WH-R7F5
58967837574762,204-8579467-0067506,,DC-K5WH-R7F5,DC-K5WH-R7F5
58967837574762,204-8579467-0067506,,DC-K5WH-R7F5,DC-K5WH-R7F5
58932197365562,202-4591701-7825913,,WX-L5UA-UB1Q,WX-L5UA-UB1Q
58932197365562,202-4591701-7825913,,WX-L5UA-UB1Q,WX-L5UA-UB1Q
58932197365562,202-4591701-7825913,,WX-L5UA-UB1Q,WX-L5UA-UB1Q
58932197365562,202-4591701-7825913,,WX-L5UA-UB1Q,WX-L5UA-UB1Q
58932197365562,202-4591701-7825913,,WX-L5UA-UB1Q,WX-L5UA-UB1Q
58932197365562,202-4591701-7825913,,WX-L5UA-UB1Q,WX-L5UA-UB1Q
59013981168242,203-8823957-7129952,,6V-EEC1-2S9Z,6V-EEC1-2S9Z
59013981168242,203-8823957-7129952,,6V-EEC1-2S9Z,6V-EEC1-2S9Z
59013981168242,203-8823957-7129952,,6V-EEC1-2S9Z,6V-EEC1-2S9Z
59013981168242,203-8823957-7129952,,6V-EEC1-2S9Z,6V-EEC1-2S9Z
59013981168242,203-8823957-7129952,,6V-EEC1-2S9Z,6V-EEC1-2S9Z
59013981168242,203-8823957-7129952,,6V-EEC1-2S9Z,6V-EEC1-2S9Z
59008303800762,203-3494066-8969953,,WX-L5UA-UB1Q,WX-L5UA-UB1Q
59008303800762,203-3494066-8969953,,WX-L5UA-UB1Q,WX-L5UA-UB1Q
59008303800762,203-3494066-8969953,,WX-L5UA-UB1Q,WX-L5UA-UB1Q
59008303800762,203-3494066-8969953,,WX-L5UA-UB1Q,WX-L5UA-UB1Q
59008303800762,203-3494066-8969953,,WX-L5UA-UB1Q,WX-L5UA-UB1Q
59008303800762,203-3494066-8969953,,WX-L5UA-UB1Q,WX-L5UA-UB1Q
59029759412122,204-1771917-4665122,,R7-98IN-2PW8,R7-98IN-2PW8
59029759412122,204-1771917-4665122,,R7-98IN-2PW8,R7-98IN-2PW8
59029759412122,204-1771917-4665122,,R7-98IN-2PW8,R7-98IN-2PW8
59029759412122,204-1771917-4665122,,R7-98IN-2PW8,R7-98IN-2PW8
59029759412122,204-1771917-4665122,,R7-98IN-2PW8,R7-98IN-2PW8
59029759412122,204-1771917-4665122,,R7-98IN-2PW8,R7-98IN-2PW8
59022312008402,203-8255888-6969142,,EV-CHU5-XU3G,EV-CHU5-XU3G
59022312008402,203-8255888-6969142,,EV-CHU5-XU3G,EV-CHU5-XU3G
59022312008402,203-8255888-6969142,,EV-CHU5-XU3G,EV-CHU5-XU3G
59022312008402,203-8255888-6969142,,EV-CHU5-XU3G,EV-CHU5-XU3G
59022312008402,203-8255888-6969142,,EV-CHU5-XU3G,EV-CHU5-XU3G
59022312008402,203-8255888-6969142,,EV-CHU5-XU3G,EV-CHU5-XU3G
58958631642722,026-8519685-0817936,,VU-8KRA-QP5M,VU-8KRA-QP5M
58958631642722,026-8519685-0817936,,VU-8KRA-QP5M,VU-8KRA-QP5M
58958631642722,026-8519685-0817936,,VU-8KRA-QP5M,VU-8KRA-QP5M
58958631642722,026-8519685-0817936,,VU-8KRA-QP5M,VU-8KRA-QP5M
58958631642722,026-8519685-0817936,,VU-8KRA-QP5M,VU-8KRA-QP5M
58958631642722,026-8519685-0817936,,VU-8KRA-QP5M,VU-8KRA-QP5M
59012964987362,205-6160058-5876312,,49-4UKW-G81R,49-4UKW-G81R
59012964987362,205-6160058-5876312,,49-4UKW-G81R,49-4UKW-G81R
59012964987362,205-6160058-5876312,,49-4UKW-G81R,49-4UKW-G81R
59012964987362,205-6160058-5876312,,49-4UKW-G81R,49-4UKW-G81R
59012964987362,205-6160058-5876312,,49-4UKW-G81R,49-4UKW-G81R
59012964987362,205-6160058-5876312,,49-4UKW-G81R,49-4UKW-G81R
58964667420322,204-7262069-1664357,,SU-5LQH-2DVN,SU-5LQH-2DVN
58964667420322,204-7262069-1664357,,SU-5LQH-2DVN,SU-5LQH-2DVN
58964667420322,204-7262069-1664357,,SU-5LQH-2DVN,SU-5LQH-2DVN
58964667420322,204-7262069-1664357,,SU-5LQH-2DVN,SU-5LQH-2DVN
58964667420322,204-7262069-1664357,,SU-5LQH-2DVN,SU-5LQH-2DVN
58964667420322,204-7262069-1664357,,SU-5LQH-2DVN,SU-5LQH-2DVN
58963767583402,026-3447841-7564328,,WX-L5UA-UB1Q,WX-L5UA-UB1Q
58963767583402,026-3447841-7564328,,WX-L5UA-UB1Q,WX-L5UA-UB1Q
58963767583402,026-3447841-7564328,,WX-L5UA-UB1Q,WX-L5UA-UB1Q
58963767583402,026-3447841-7564328,,WX-L5UA-UB1Q,WX-L5UA-UB1Q
58963767583402,026-3447841-7564328,,WX-L5UA-UB1Q,WX-L5UA-UB1Q
58963767583402,026-3447841-7564328,,WX-L5UA-UB1Q,WX-L5UA-UB1Q
58965476074682,205-4286667-2841931,,DC-K5WH-R7F5,DC-K5WH-R7F5
58965476074682,205-4286667-2841931,,DC-K5WH-R7F5,DC-K5WH-R7F5
58965476074682,205-4286667-2841931,,DC-K5WH-R7F5,DC-K5WH-R7F5
58965476074682,205-4286667-2841931,,DC-K5WH-R7F5,DC-K5WH-R7F5
58965476074682,205-4286667-2841931,,DC-K5WH-R7F5,DC-K5WH-R7F5
58965476074682,205-4286667-2841931,,DC-K5WH-R7F5,DC-K5WH-R7F5
59001115804722,204-7767924-5346758,,WX-L5UA-UB1Q,WX-L5UA-UB1Q
59001115804722,204-7767924-5346758,,WX-L5UA-UB1Q,WX-L5UA-UB1Q
59001115804722,204-7767924-5346758,,WX-L5UA-UB1Q,WX-L5UA-UB1Q
59001115804722,204-7767924-5346758,,WX-L5UA-UB1Q,WX-L5UA-UB1Q
59001115804722,204-7767924-5346758,,WX-L5UA-UB1Q,WX-L5UA-UB1Q
59001115804722,204-7767924-5346758,,WX-L5UA-UB1Q,WX-L5UA-UB1Q
59001107462602,205-7627587-1629916,,WX-L5UA-UB1Q,WX-L5UA-UB1Q
59001107462602,205-7627587-1629916,,WX-L5UA-UB1Q,WX-L5UA-UB1Q
59001107462602,205-7627587-1629916,,WX-L5UA-UB1Q,WX-L5UA-UB1Q
59001107462602,205-7627587-1629916,,WX-L5UA-UB1Q,WX-L5UA-UB1Q
59001107462602,205-7627587-1629916,,WX-L5UA-UB1Q,WX-L5UA-UB1Q
59001107462602,205-7627587-1629916,,WX-L5UA-UB1Q,WX-L5UA-UB1Q
59004602862362,205-0022118-9784364,,6V-EEC1-2S9Z,6V-EEC1-2S9Z
59004602862362,205-0022118-9784364,,6V-EEC1-2S9Z,6V-EEC1-2S9Z
59004602862362,205-0022118-9784364,,6V-EEC1-2S9Z,6V-EEC1-2S9Z
59004602862362,205-0022118-9784364,,6V-EEC1-2S9Z,6V-EEC1-2S9Z
59004602862362,205-0022118-9784364,,6V-EEC1-2S9Z,6V-EEC1-2S9Z
59004602862362,205-0022118-9784364,,6V-EEC1-2S9Z,6V-EEC1-2S9Z
58938454268722,204-0337110-6821932,,6V-EEC1-2S9Z,6V-EEC1-2S9Z
58938454268722,204-0337110-6821932,,6V-EEC1-2S9Z,6V-EEC1-2S9Z
58938454268722,204-0337110-6821932,,6V-EEC1-2S9Z,6V-EEC1-2S9Z
58938454268722,204-0337110-6821932,,6V-EEC1-2S9Z,6V-EEC1-2S9Z
58938454268722,204-0337110-6821932,,6V-EEC1-2S9Z,6V-EEC1-2S9Z
58938454268722,204-0337110-6821932,,6V-EEC1-2S9Z,6V-EEC1-2S9Z
58930726783122,205-7483966-8157143,,EV-CHU5-XU3G,EV-CHU5-XU3G
58930726783122,205-7483966-8157143,,EV-CHU5-XU3G,EV-CHU5-XU3G
58930726783122,205-7483966-8157143,,EV-CHU5-XU3G,EV-CHU5-XU3G
58930726783122,205-7483966-8157143,,EV-CHU5-XU3G,EV-CHU5-XU3G
58930726783122,205-7483966-8157143,,EV-CHU5-XU3G,EV-CHU5-XU3G
58930726783122,205-7483966-8157143,,EV-CHU5-XU3G,EV-CHU5-XU3G
58930726783122,205-7483966-8157143,,EV-CHU5-XU3G,EV-CHU5-XU3G
58930726783122,205-7483966-8157143,,EV-CHU5-XU3G,EV-CHU5-XU3G
58930726783122,205-7483966-8157143,,EV-CHU5-XU3G,EV-CHU5-XU3G
58930726783122,205-7483966-8157143,,EV-CHU5-XU3G,EV-CHU5-XU3G
59026211930202,026-5644984-1031525,,R7-98IN-2PW8,R7-98IN-2PW8
59026211930202,026-5644984-1031525,,R7-98IN-2PW8,R7-98IN-2PW8
59026211930202,026-5644984-1031525,,R7-98IN-2PW8,R7-98IN-2PW8
59026211930202,026-5644984-1031525,,R7-98IN-2PW8,R7-98IN-2PW8
59026211930202,026-5644984-1031525,,R7-98IN-2PW8,R7-98IN-2PW8
59026211930202,026-5644984-1031525,,R7-98IN-2PW8,R7-98IN-2PW8
58930581691522,202-0106726-1825134,,6V-EEC1-2S9Z,6V-EEC1-2S9Z
58930581691522,202-0106726-1825134,,6V-EEC1-2S9Z,6V-EEC1-2S9Z
58930581691522,202-0106726-1825134,,6V-EEC1-2S9Z,6V-EEC1-2S9Z
58930581691522,202-0106726-1825134,,6V-EEC1-2S9Z,6V-EEC1-2S9Z
58930581691522,202-0106726-1825134,,6V-EEC1-2S9Z,6V-EEC1-2S9Z
58930581691522,202-0106726-1825134,,6V-EEC1-2S9Z,6V-EEC1-2S9Z
58936547496362,026-9783574-8480302,,VU-8KRA-QP5M,VU-8KRA-QP5M
58936547496362,026-9783574-8480302,,VU-8KRA-QP5M,VU-8KRA-QP5M
58936547496362,026-9783574-8480302,,VU-8KRA-QP5M,VU-8KRA-QP5M
58936547496362,026-9783574-8480302,,VU-8KRA-QP5M,VU-8KRA-QP5M
58936547496362,026-9783574-8480302,,VU-8KRA-QP5M,VU-8KRA-QP5M
58936547496362,026-9783574-8480302,,VU-8KRA-QP5M,VU-8KRA-QP5M
59021071716842,204-1615120-0987551,,SU-5LQH-2DVN,SU-5LQH-2DVN
59021071716842,204-1615120-0987551,,SU-5LQH-2DVN,SU-5LQH-2DVN
59021071716842,204-1615120-0987551,,SU-5LQH-2DVN,SU-5LQH-2DVN
59021071716842,204-1615120-0987551,,SU-5LQH-2DVN,SU-5LQH-2DVN
59021071716842,204-1615120-0987551,,SU-5LQH-2DVN,SU-5LQH-2DVN
59021071716842,204-1615120-0987551,,SU-5LQH-2DVN,SU-5LQH-2DVN
58962494752242,205-1602363-1208347,,6V-EEC1-2S9Z,6V-EEC1-2S9Z
58962494752242,205-1602363-1208347,,6V-EEC1-2S9Z,6V-EEC1-2S9Z
58962494752242,205-1602363-1208347,,6V-EEC1-2S9Z,6V-EEC1-2S9Z
58962494752242,205-1602363-1208347,,6V-EEC1-2S9Z,6V-EEC1-2S9Z
58962494752242,205-1602363-1208347,,6V-EEC1-2S9Z,6V-EEC1-2S9Z
58962494752242,205-1602363-1208347,,6V-EEC1-2S9Z,6V-EEC1-2S9Z
59010381496642,204-0313456-8814776,,WX-L5UA-UB1Q,WX-L5UA-UB1Q
59010381496642,204-0313456-8814776,,WX-L5UA-UB1Q,WX-L5UA-UB1Q
59010381496642,204-0313456-8814776,,WX-L5UA-UB1Q,WX-L5UA-UB1Q
59010381496642,204-0313456-8814776,,WX-L5UA-UB1Q,WX-L5UA-UB1Q
59010381496642,204-0313456-8814776,,WX-L5UA-UB1Q,WX-L5UA-UB1Q
59010381496642,204-0313456-8814776,,WX-L5UA-UB1Q,WX-L5UA-UB1Q
58951373235482,204-0579740-3684301,,6V-EEC1-2S9Z,6V-EEC1-2S9Z
58951373235482,204-0579740-3684301,,6V-EEC1-2S9Z,6V-EEC1-2S9Z
58951373235482,204-0579740-3684301,,6V-EEC1-2S9Z,6V-EEC1-2S9Z
58951373235482,204-0579740-3684301,,6V-EEC1-2S9Z,6V-EEC1-2S9Z
58951373235482,204-0579740-3684301,,6V-EEC1-2S9Z,6V-EEC1-2S9Z
58951373235482,204-0579740-3684301,,6V-EEC1-2S9Z,6V-EEC1-2S9Z
59012425492322,204-4499648-8500300,,WX-L5UA-UB1Q,WX-L5UA-UB1Q
59012425492322,204-4499648-8500300,,WX-L5UA-UB1Q,WX-L5UA-UB1Q
59012425492322,204-4499648-8500300,,WX-L5UA-UB1Q,WX-L5UA-UB1Q
59012425492322,204-4499648-8500300,,WX-L5UA-UB1Q,WX-L5UA-UB1Q
59012425492322,204-4499648-8500300,,WX-L5UA-UB1Q,WX-L5UA-UB1Q
59012425492322,204-4499648-8500300,,WX-L5UA-UB1Q,WX-L5UA-UB1Q
58962992436042,205-6284431-9906732,,6V-EEC1-2S9Z,6V-EEC1-2S9Z
58962992436042,205-6284431-9906732,,6V-EEC1-2S9Z,6V-EEC1-2S9Z
58962992436042,205-6284431-9906732,,6V-EEC1-2S9Z,6V-EEC1-2S9Z
58962992436042,205-6284431-9906732,,6V-EEC1-2S9Z,6V-EEC1-2S9Z
58962992436042,205-6284431-9906732,,6V-EEC1-2S9Z,6V-EEC1-2S9Z
58962992436042,205-6284431-9906732,,6V-EEC1-2S9Z,6V-EEC1-2S9Z
58960170985202,206-7076553-7674769,,6V-EEC1-2S9Z,6V-EEC1-2S9Z
58960170985202,206-7076553-7674769,,6V-EEC1-2S9Z,6V-EEC1-2S9Z
58960170985202,206-7076553-7674769,,6V-EEC1-2S9Z,6V-EEC1-2S9Z
58960170985202,206-7076553-7674769,,6V-EEC1-2S9Z,6V-EEC1-2S9Z
58960170985202,206-7076553-7674769,,6V-EEC1-2S9Z,6V-EEC1-2S9Z
58960170985202,206-7076553-7674769,,6V-EEC1-2S9Z,6V-EEC1-2S9Z
58963516683762,026-3142743-1629926,,6V-EEC1-2S9Z,6V-EEC1-2S9Z
58963516683762,026-3142743-1629926,,6V-EEC1-2S9Z,6V-EEC1-2S9Z
58963516683762,026-3142743-1629926,,6V-EEC1-2S9Z,6V-EEC1-2S9Z
58963516683762,026-3142743-1629926,,6V-EEC1-2S9Z,6V-EEC1-2S9Z
58963516683762,026-3142743-1629926,,6V-EEC1-2S9Z,6V-EEC1-2S9Z
58963516683762,026-3142743-1629926,,6V-EEC1-2S9Z,6V-EEC1-2S9Z
58953981395202,205-3174632-2573111,,6V-EEC1-2S9Z,6V-EEC1-2S9Z
58953981395202,205-3174632-2573111,,6V-EEC1-2S9Z,6V-EEC1-2S9Z
58953981395202,205-3174632-2573111,,6V-EEC1-2S9Z,6V-EEC1-2S9Z
58953981395202,205-3174632-2573111,,6V-EEC1-2S9Z,6V-EEC1-2S9Z
58953981395202,205-3174632-2573111,,6V-EEC1-2S9Z,6V-EEC1-2S9Z
58953981395202,205-3174632-2573111,,6V-EEC1-2S9Z,6V-EEC1-2S9Z
58966396031882,202-3134903-4066726,,6V-EEC1-2S9Z,6V-EEC1-2S9Z
58966396031882,202-3134903-4066726,,6V-EEC1-2S9Z,6V-EEC1-2S9Z
58966396031882,202-3134903-4066726,,6V-EEC1-2S9Z,6V-EEC1-2S9Z
58966396031882,202-3134903-4066726,,6V-EEC1-2S9Z,6V-EEC1-2S9Z
58966396031882,202-3134903-4066726,,6V-EEC1-2S9Z,6V-EEC1-2S9Z
58966396031882,202-3134903-4066726,,6V-EEC1-2S9Z,6V-EEC1-2S9Z
58914067539962,204-3834739-0036368,,TU-8I14-25ZR,TU-8I14-25ZR
58914067539962,204-3834739-0036368,,TU-8I14-25ZR,TU-8I14-25ZR
58914067539962,204-3834739-0036368,,TU-8I14-25ZR,TU-8I14-25ZR
58914067539962,204-3834739-0036368,,TU-8I14-25ZR,TU-8I14-25ZR
58914067539962,204-3834739-0036368,,TU-8I14-25ZR,TU-8I14-25ZR
58914067539962,204-3834739-0036368,,TU-8I14-25ZR,TU-8I14-25ZR
58914067539962,204-3834739-0036368,,TU-8I14-25ZR,TU-8I14-25ZR
58914067539962,204-3834739-0036368,,TU-8I14-25ZR,TU-8I14-25ZR
58956290208122,202-4674158-1447565,,6V-EEC1-2S9Z,6V-EEC1-2S9Z
58956290208122,202-4674158-1447565,,6V-EEC1-2S9Z,6V-EEC1-2S9Z
58956290208122,202-4674158-1447565,,6V-EEC1-2S9Z,6V-EEC1-2S9Z
58956290208122,202-4674158-1447565,,6V-EEC1-2S9Z,6V-EEC1-2S9Z
58956290208122,202-4674158-1447565,,6V-EEC1-2S9Z,6V-EEC1-2S9Z
58956290208122,202-4674158-1447565,,6V-EEC1-2S9Z,6V-EEC1-2S9Z
58964303393082,026-0645659-4564332,,WX-L5UA-UB1Q,WX-L5UA-UB1Q
58964303393082,026-0645659-4564332,,WX-L5UA-UB1Q,WX-L5UA-UB1Q
58964303393082,026-0645659-4564332,,WX-L5UA-UB1Q,WX-L5UA-UB1Q
58964303393082,026-0645659-4564332,,WX-L5UA-UB1Q,WX-L5UA-UB1Q
58964303393082,026-0645659-4564332,,WX-L5UA-UB1Q,WX-L5UA-UB1Q
58964303393082,026-0645659-4564332,,WX-L5UA-UB1Q,WX-L5UA-UB1Q
59050052220242,204-2797085-0725106,,SU-5LQH-2DVN,SU-5LQH-2DVN
59050052220242,204-2797085-0725106,,SU-5LQH-2DVN,SU-5LQH-2DVN
59050052220242,204-2797085-0725106,,SU-5LQH-2DVN,SU-5LQH-2DVN
59050052220242,204-2797085-0725106,,SU-5LQH-2DVN,SU-5LQH-2DVN
59050052220242,204-2797085-0725106,,SU-5LQH-2DVN,SU-5LQH-2DVN
59050052220242,204-2797085-0725106,,SU-5LQH-2DVN,SU-5LQH-2DVN
58959214298082,204-0728625-5925143,,6V-EEC1-2S9Z,6V-EEC1-2S9Z
58959214298082,204-0728625-5925143,,6V-EEC1-2S9Z,6V-EEC1-2S9Z
58959214298082,204-0728625-5925143,,6V-EEC1-2S9Z,6V-EEC1-2S9Z
58959214298082,204-0728625-5925143,,6V-EEC1-2S9Z,6V-EEC1-2S9Z
58959214298082,204-0728625-5925143,,6V-EEC1-2S9Z,6V-EEC1-2S9Z
58959214298082,204-0728625-5925143,,6V-EEC1-2S9Z,6V-EEC1-2S9Z
58872210809042,206-2894201-4646768,,6V-EEC1-2S9Z,6V-EEC1-2S9Z
58872210809042,206-2894201-4646768,,6V-EEC1-2S9Z,6V-EEC1-2S9Z
58872210809042,206-2894201-4646768,,6V-EEC1-2S9Z,6V-EEC1-2S9Z
58872210809042,206-2894201-4646768,,6V-EEC1-2S9Z,6V-EEC1-2S9Z
58872210809042,206-2894201-4646768,,6V-EEC1-2S9Z,6V-EEC1-2S9Z
58872210809042,206-2894201-4646768,,6V-EEC1-2S9Z,6V-EEC1-2S9Z
58679570867522,206-2001728-1001934,,3X-EXDD-TD2K,3X-EXDD-TD2K
58679570867522,206-2001728-1001934,,3X-EXDD-TD2K,3X-EXDD-TD2K
58679570867522,206-2001728-1001934,,3X-EXDD-TD2K,3X-EXDD-TD2K
58679570867522,206-2001728-1001934,,3X-EXDD-TD2K,3X-EXDD-TD2K
58679570867522,206-2001728-1001934,,3X-EXDD-TD2K,3X-EXDD-TD2K
58679570867522,206-2001728-1001934,,3X-EXDD-TD2K,3X-EXDD-TD2K
58679570867522,206-2001728-1001934,,3X-EXDD-TD2K,3X-EXDD-TD2K
58679570867522,206-2001728-1001934,,3X-EXDD-TD2K,3X-EXDD-TD2K
58679570867522,206-2001728-1001934,,3X-EXDD-TD2K,3X-EXDD-TD2K
58679570867522,206-2001728-1001934,,3X-EXDD-TD2K,3X-EXDD-TD2K
58918422609402,204-5981954-1160347,,EV-CHU5-XU3G,EV-CHU5-XU3G
58918422609402,204-5981954-1160347,,EV-CHU5-XU3G,EV-CHU5-XU3G
58918422609402,204-5981954-1160347,,EV-CHU5-XU3G,EV-CHU5-XU3G
58918422609402,204-5981954-1160347,,EV-CHU5-XU3G,EV-CHU5-XU3G
58918422609402,204-5981954-1160347,,EV-CHU5-XU3G,EV-CHU5-XU3G
58918422609402,204-5981954-1160347,,EV-CHU5-XU3G,EV-CHU5-XU3G
59008196530202,202-6557119-5807511,,6V-EEC1-2S9Z,6V-EEC1-2S9Z
59008196530202,202-6557119-5807511,,6V-EEC1-2S9Z,6V-EEC1-2S9Z
59008196530202,202-6557119-5807511,,6V-EEC1-2S9Z,6V-EEC1-2S9Z
59008196530202,202-6557119-5807511,,6V-EEC1-2S9Z,6V-EEC1-2S9Z
59008196530202,202-6557119-5807511,,6V-EEC1-2S9Z,6V-EEC1-2S9Z
59008196530202,202-6557119-5807511,,6V-EEC1-2S9Z,6V-EEC1-2S9Z
58963258136402,206-2073536-0864307,,NN-TSZ1-X2RD,NN-TSZ1-X2RD
58963258136402,206-2073536-0864307,,NN-TSZ1-X2RD,NN-TSZ1-X2RD
58963258136402,206-2073536-0864307,,NN-TSZ1-X2RD,NN-TSZ1-X2RD
58963258136402,206-2073536-0864307,,NN-TSZ1-X2RD,NN-TSZ1-X2RD
58963258136402,206-2073536-0864307,,NN-TSZ1-X2RD,NN-TSZ1-X2RD
58963258136402,206-2073536-0864307,,NN-TSZ1-X2RD,NN-TSZ1-X2RD
59041353797522,026-3482627-8372338,,IB-U5FA-BO2Y,IB-U5FA-BO2Y
59041353797522,026-3482627-8372338,,IB-U5FA-BO2Y,IB-U5FA-BO2Y
59041353797522,026-3482627-8372338,,IB-U5FA-BO2Y,IB-U5FA-BO2Y
59041353797522,026-3482627-8372338,,IB-U5FA-BO2Y,IB-U5FA-BO2Y
59041353797522,026-3482627-8372338,,IB-U5FA-BO2Y,IB-U5FA-BO2Y
59041353797522,026-3482627-8372338,,IB-U5FA-BO2Y,IB-U5FA-BO2Y
58961351638442,026-5978798-7719567,,6V-EEC1-2S9Z,6V-EEC1-2S9Z
58961351638442,026-5978798-7719567,,6V-EEC1-2S9Z,6V-EEC1-2S9Z
58961351638442,026-5978798-7719567,,6V-EEC1-2S9Z,6V-EEC1-2S9Z
58961351638442,026-5978798-7719567,,6V-EEC1-2S9Z,6V-EEC1-2S9Z
58961351638442,026-5978798-7719567,,6V-EEC1-2S9Z,6V-EEC1-2S9Z
58961351638442,026-5978798-7719567,,6V-EEC1-2S9Z,6V-EEC1-2S9Z
59010191476402,202-2506903-7358762,,6V-EEC1-2S9Z,6V-EEC1-2S9Z
59010191476402,202-2506903-7358762,,6V-EEC1-2S9Z,6V-EEC1-2S9Z
59010191476402,202-2506903-7358762,,6V-EEC1-2S9Z,6V-EEC1-2S9Z
59010191476402,202-2506903-7358762,,6V-EEC1-2S9Z,6V-EEC1-2S9Z
59010191476402,202-2506903-7358762,,6V-EEC1-2S9Z,6V-EEC1-2S9Z
59010191476402,202-2506903-7358762,,6V-EEC1-2S9Z,6V-EEC1-2S9Z
59002186177002,205-7428289-1461158,,6V-EEC1-2S9Z,6V-EEC1-2S9Z
59002186177002,205-7428289-1461158,,6V-EEC1-2S9Z,6V-EEC1-2S9Z
59002186177002,205-7428289-1461158,,6V-EEC1-2S9Z,6V-EEC1-2S9Z
59002186177002,205-7428289-1461158,,6V-EEC1-2S9Z,6V-EEC1-2S9Z
59002186177002,205-7428289-1461158,,6V-EEC1-2S9Z,6V-EEC1-2S9Z
59002186177002,205-7428289-1461158,,6V-EEC1-2S9Z,6V-EEC1-2S9Z
58999557180962,204-2593754-7026765,,WX-L5UA-UB1Q,WX-L5UA-UB1Q
58999557180962,204-2593754-7026765,,WX-L5UA-UB1Q,WX-L5UA-UB1Q
58999557180962,204-2593754-7026765,,WX-L5UA-UB1Q,WX-L5UA-UB1Q
58999557180962,204-2593754-7026765,,WX-L5UA-UB1Q,WX-L5UA-UB1Q
58999557180962,204-2593754-7026765,,WX-L5UA-UB1Q,WX-L5UA-UB1Q
58999557180962,204-2593754-7026765,,WX-L5UA-UB1Q,WX-L5UA-UB1Q
59049427330162,206-3635566-7875544,,TU-8I14-25ZR,TU-8I14-25ZR
59049427330162,206-3635566-7875544,,TU-8I14-25ZR,TU-8I14-25ZR
59049427330162,206-3635566-7875544,,TU-8I14-25ZR,TU-8I14-25ZR
59049427330162,206-3635566-7875544,,TU-8I14-25ZR,TU-8I14-25ZR
59049427330162,206-3635566-7875544,,TU-8I14-25ZR,TU-8I14-25ZR
59049427330162,206-3635566-7875544,,TU-8I14-25ZR,TU-8I14-25ZR
59049427330162,206-3635566-7875544,,TU-8I14-25ZR,TU-8I14-25ZR
59049427330162,206-3635566-7875544,,TU-8I14-25ZR,TU-8I14-25ZR
59049427330162,206-3635566-7875544,,TU-8I14-25ZR,TU-8I14-25ZR
59049427330162,206-3635566-7875544,,TU-8I14-25ZR,TU-8I14-25ZR
58966338963242,203-3793283-4441111,,6V-EEC1-2S9Z,6V-EEC1-2S9Z
58966338963242,203-3793283-4441111,,6V-EEC1-2S9Z,6V-EEC1-2S9Z
58966338963242,203-3793283-4441111,,6V-EEC1-2S9Z,6V-EEC1-2S9Z
58966338963242,203-3793283-4441111,,6V-EEC1-2S9Z,6V-EEC1-2S9Z
58966338963242,203-3793283-4441111,,6V-EEC1-2S9Z,6V-EEC1-2S9Z
58966338963242,203-3793283-4441111,,6V-EEC1-2S9Z,6V-EEC1-2S9Z
59044051608802,206-6897518-8836367,,6V-EEC1-2S9Z,6V-EEC1-2S9Z
59044051608802,206-6897518-8836367,,6V-EEC1-2S9Z,6V-EEC1-2S9Z
59044051608802,206-6897518-8836367,,6V-EEC1-2S9Z,6V-EEC1-2S9Z
59044051608802,206-6897518-8836367,,6V-EEC1-2S9Z,6V-EEC1-2S9Z
59044051608802,206-6897518-8836367,,6V-EEC1-2S9Z,6V-EEC1-2S9Z
59044051608802,206-6897518-8836367,,6V-EEC1-2S9Z,6V-EEC1-2S9Z
58962598640122,202-9732844-0423543,,WX-L5UA-UB1Q,WX-L5UA-UB1Q
58962598640122,202-9732844-0423543,,WX-L5UA-UB1Q,WX-L5UA-UB1Q
58962598640122,202-9732844-0423543,,WX-L5UA-UB1Q,WX-L5UA-UB1Q
58962598640122,202-9732844-0423543,,WX-L5UA-UB1Q,WX-L5UA-UB1Q
58962598640122,202-9732844-0423543,,WX-L5UA-UB1Q,WX-L5UA-UB1Q
58962598640122,202-9732844-0423543,,WX-L5UA-UB1Q,WX-L5UA-UB1Q
58936301892442,204-4111431-8644363,,TU-8I14-25ZR,TU-8I14-25ZR
58936301892442,204-4111431-8644363,,TU-8I14-25ZR,TU-8I14-25ZR
58936301892442,204-4111431-8644363,,TU-8I14-25ZR,TU-8I14-25ZR
58936301892442,204-4111431-8644363,,TU-8I14-25ZR,TU-8I14-25ZR
58936301892442,204-4111431-8644363,,TU-8I14-25ZR,TU-8I14-25ZR
58936301892442,204-4111431-8644363,,TU-8I14-25ZR,TU-8I14-25ZR
58936301892442,204-4111431-8644363,,TU-8I14-25ZR,TU-8I14-25ZR
58936301892442,204-4111431-8644363,,TU-8I14-25ZR,TU-8I14-25ZR
58936301892442,204-4111431-8644363,,TU-8I14-25ZR,TU-8I14-25ZR
58936301892442,204-4111431-8644363,,TU-8I14-25ZR,TU-8I14-25ZR
59030973261122,026-6217180-5133949,,6V-EEC1-2S9Z,6V-EEC1-2S9Z
59030973261122,026-6217180-5133949,,6V-EEC1-2S9Z,6V-EEC1-2S9Z
59030973261122,026-6217180-5133949,,6V-EEC1-2S9Z,6V-EEC1-2S9Z
59030973261122,026-6217180-5133949,,6V-EEC1-2S9Z,6V-EEC1-2S9Z
59030973261122,026-6217180-5133949,,6V-EEC1-2S9Z,6V-EEC1-2S9Z
59030973261122,026-6217180-5133949,,6V-EEC1-2S9Z,6V-EEC1-2S9Z
59030077676002,205-3534641-4629147,,6V-EEC1-2S9Z,6V-EEC1-2S9Z
59030077676002,205-3534641-4629147,,6V-EEC1-2S9Z,6V-EEC1-2S9Z
59030077676002,205-3534641-4629147,,6V-EEC1-2S9Z,6V-EEC1-2S9Z
59030077676002,205-3534641-4629147,,6V-EEC1-2S9Z,6V-EEC1-2S9Z
59030077676002,205-3534641-4629147,,6V-EEC1-2S9Z,6V-EEC1-2S9Z
59030077676002,205-3534641-4629147,,6V-EEC1-2S9Z,6V-EEC1-2S9Z
58966233489962,205-9450739-4551566,,NN-TSZ1-X2RD,NN-TSZ1-X2RD
58966233489962,205-9450739-4551566,,NN-TSZ1-X2RD,NN-TSZ1-X2RD
58966233489962,205-9450739-4551566,,NN-TSZ1-X2RD,NN-TSZ1-X2RD
58966233489962,205-9450739-4551566,,NN-TSZ1-X2RD,NN-TSZ1-X2RD
58966233489962,205-9450739-4551566,,NN-TSZ1-X2RD,NN-TSZ1-X2RD
58966233489962,205-9450739-4551566,,NN-TSZ1-X2RD,NN-TSZ1-X2RD
59008645159202,206-8191758-1873908,,6V-EEC1-2S9Z,6V-EEC1-2S9Z
59008645159202,206-8191758-1873908,,6V-EEC1-2S9Z,6V-EEC1-2S9Z
59008645159202,206-8191758-1873908,,6V-EEC1-2S9Z,6V-EEC1-2S9Z
59008645159202,206-8191758-1873908,,6V-EEC1-2S9Z,6V-EEC1-2S9Z
59008645159202,206-8191758-1873908,,6V-EEC1-2S9Z,6V-EEC1-2S9Z
59008645159202,206-8191758-1873908,,6V-EEC1-2S9Z,6V-EEC1-2S9Z
59045579274482,026-5037923-1033119,,WX-L5UA-UB1Q,WX-L5UA-UB1Q
59045579274482,026-5037923-1033119,,WX-L5UA-UB1Q,WX-L5UA-UB1Q
59045579274482,026-5037923-1033119,,WX-L5UA-UB1Q,WX-L5UA-UB1Q
59045579274482,026-5037923-1033119,,WX-L5UA-UB1Q,WX-L5UA-UB1Q
59045579274482,026-5037923-1033119,,WX-L5UA-UB1Q,WX-L5UA-UB1Q
59045579274482,026-5037923-1033119,,WX-L5UA-UB1Q,WX-L5UA-UB1Q
59020388531122,206-5477326-5697915,,DC-K5WH-R7F5,DC-K5WH-R7F5
59020388531122,206-5477326-5697915,,DC-K5WH-R7F5,DC-K5WH-R7F5
59020388531122,206-5477326-5697915,,DC-K5WH-R7F5,DC-K5WH-R7F5
59020388531122,206-5477326-5697915,,DC-K5WH-R7F5,DC-K5WH-R7F5
59020388531122,206-5477326-5697915,,DC-K5WH-R7F5,DC-K5WH-R7F5
59020388531122,206-5477326-5697915,,DC-K5WH-R7F5,DC-K5WH-R7F5
59014011365842,206-6365662-3756347,,6V-EEC1-2S9Z,6V-EEC1-2S9Z
59014011365842,206-6365662-3756347,,6V-EEC1-2S9Z,6V-EEC1-2S9Z
59014011365842,206-6365662-3756347,,6V-EEC1-2S9Z,6V-EEC1-2S9Z
59014011365842,206-6365662-3756347,,6V-EEC1-2S9Z,6V-EEC1-2S9Z
59014011365842,206-6365662-3756347,,6V-EEC1-2S9Z,6V-EEC1-2S9Z
59014011365842,206-6365662-3756347,,6V-EEC1-2S9Z,6V-EEC1-2S9Z
58928311455562,203-1701666-4803509,,EV-CHU5-XU3G,EV-CHU5-XU3G
58928311455562,203-1701666-4803509,,EV-CHU5-XU3G,EV-CHU5-XU3G
58928311455562,203-1701666-4803509,,EV-CHU5-XU3G,EV-CHU5-XU3G
58928311455562,203-1701666-4803509,,EV-CHU5-XU3G,EV-CHU5-XU3G
58928311455562,203-1701666-4803509,,EV-CHU5-XU3G,EV-CHU5-XU3G
58928311455562,203-1701666-4803509,,EV-CHU5-XU3G,EV-CHU5-XU3G
58961271384202,206-6090933-1739537,,WX-L5UA-UB1Q,WX-L5UA-UB1Q
58961271384202,206-6090933-1739537,,WX-L5UA-UB1Q,WX-L5UA-UB1Q
58961271384202,206-6090933-1739537,,WX-L5UA-UB1Q,WX-L5UA-UB1Q
58961271384202,206-6090933-1739537,,WX-L5UA-UB1Q,WX-L5UA-UB1Q
58961271384202,206-6090933-1739537,,WX-L5UA-UB1Q,WX-L5UA-UB1Q
58961271384202,206-6090933-1739537,,WX-L5UA-UB1Q,WX-L5UA-UB1Q
59010148115402,203-2129227-8413924,,TU-8I14-25ZR,TU-8I14-25ZR
59010148115402,203-2129227-8413924,,TU-8I14-25ZR,TU-8I14-25ZR
59010148115402,203-2129227-8413924,,TU-8I14-25ZR,TU-8I14-25ZR
59010148115402,203-2129227-8413924,,TU-8I14-25ZR,TU-8I14-25ZR
59010148115402,203-2129227-8413924,,TU-8I14-25ZR,TU-8I14-25ZR
59010148115402,203-2129227-8413924,,TU-8I14-25ZR,TU-8I14-25ZR
59010148115402,203-2129227-8413924,,TU-8I14-25ZR,TU-8I14-25ZR
59010148115402,203-2129227-8413924,,TU-8I14-25ZR,TU-8I14-25ZR
59010148115402,203-2129227-8413924,,TU-8I14-25ZR,TU-8I14-25ZR
59024068301682,026-8401066-1326712,,SU-5LQH-2DVN,SU-5LQH-2DVN
59024068301682,026-8401066-1326712,,SU-5LQH-2DVN,SU-5LQH-2DVN
59024068301682,026-8401066-1326712,,SU-5LQH-2DVN,SU-5LQH-2DVN
59024068301682,026-8401066-1326712,,SU-5LQH-2DVN,SU-5LQH-2DVN
59024068301682,026-8401066-1326712,,SU-5LQH-2DVN,SU-5LQH-2DVN
59024068301682,026-8401066-1326712,,SU-5LQH-2DVN,SU-5LQH-2DVN
59025940809922,206-6342589-2334722,,XE-YPAI-HX9F,XE-YPAI-HX9F
59025940809922,206-6342589-2334722,,XE-YPAI-HX9F,XE-YPAI-HX9F
59025940809922,206-6342589-2334722,,XE-YPAI-HX9F,XE-YPAI-HX9F
59025940809922,206-6342589-2334722,,XE-YPAI-HX9F,XE-YPAI-HX9F
59025940809922,206-6342589-2334722,,XE-YPAI-HX9F,XE-YPAI-HX9F
59025940809922,206-6342589-2334722,,XE-YPAI-HX9F,XE-YPAI-HX9F
59046312360882,026-4545376-7121123,,WX-L5UA-UB1Q,WX-L5UA-UB1Q
59046312360882,026-4545376-7121123,,WX-L5UA-UB1Q,WX-L5UA-UB1Q
59046312360882,026-4545376-7121123,,WX-L5UA-UB1Q,WX-L5UA-UB1Q
59046312360882,026-4545376-7121123,,WX-L5UA-UB1Q,WX-L5UA-UB1Q
59046312360882,026-4545376-7121123,,WX-L5UA-UB1Q,WX-L5UA-UB1Q
59046312360882,026-4545376-7121123,,WX-L5UA-UB1Q,WX-L5UA-UB1Q
59016070126362,203-6865004-5973903,,6V-EEC1-2S9Z,6V-EEC1-2S9Z
59016070126362,203-6865004-5973903,,6V-EEC1-2S9Z,6V-EEC1-2S9Z
59016070126362,203-6865004-5973903,,6V-EEC1-2S9Z,6V-EEC1-2S9Z
59016070126362,203-6865004-5973903,,6V-EEC1-2S9Z,6V-EEC1-2S9Z
59016070126362,203-6865004-5973903,,6V-EEC1-2S9Z,6V-EEC1-2S9Z
59016070126362,203-6865004-5973903,,6V-EEC1-2S9Z,6V-EEC1-2S9Z
59000737175002,202-0202661-0945113,,6V-EEC1-2S9Z,6V-EEC1-2S9Z
59000737175002,202-0202661-0945113,,6V-EEC1-2S9Z,6V-EEC1-2S9Z
59000737175002,202-0202661-0945113,,6V-EEC1-2S9Z,6V-EEC1-2S9Z
59000737175002,202-0202661-0945113,,6V-EEC1-2S9Z,6V-EEC1-2S9Z
59000737175002,202-0202661-0945113,,6V-EEC1-2S9Z,6V-EEC1-2S9Z
59000737175002,202-0202661-0945113,,6V-EEC1-2S9Z,6V-EEC1-2S9Z
58958794882522,203-4048711-4607557,,6V-EEC1-2S9Z,6V-EEC1-2S9Z
58958794882522,203-4048711-4607557,,6V-EEC1-2S9Z,6V-EEC1-2S9Z
58958794882522,203-4048711-4607557,,6V-EEC1-2S9Z,6V-EEC1-2S9Z
58958794882522,203-4048711-4607557,,6V-EEC1-2S9Z,6V-EEC1-2S9Z
58958794882522,203-4048711-4607557,,6V-EEC1-2S9Z,6V-EEC1-2S9Z
58958794882522,203-4048711-4607557,,6V-EEC1-2S9Z,6V-EEC1-2S9Z
58964358623442,202-9693501-4323523,,NN-TSZ1-X2RD,NN-TSZ1-X2RD
58964358623442,202-9693501-4323523,,NN-TSZ1-X2RD,NN-TSZ1-X2RD
58964358623442,202-9693501-4323523,,NN-TSZ1-X2RD,NN-TSZ1-X2RD
58964358623442,202-9693501-4323523,,NN-TSZ1-X2RD,NN-TSZ1-X2RD
58964358623442,202-9693501-4323523,,NN-TSZ1-X2RD,NN-TSZ1-X2RD
58964358623442,202-9693501-4323523,,NN-TSZ1-X2RD,NN-TSZ1-X2RD
59007478073642,204-7892083-7041118,,XE-YPAI-HX9F,XE-YPAI-HX9F
59007478073642,204-7892083-7041118,,XE-YPAI-HX9F,XE-YPAI-HX9F
59007478073642,204-7892083-7041118,,XE-YPAI-HX9F,XE-YPAI-HX9F
59007478073642,204-7892083-7041118,,XE-YPAI-HX9F,XE-YPAI-HX9F
59007478073642,204-7892083-7041118,,XE-YPAI-HX9F,XE-YPAI-HX9F
59007478073642,204-7892083-7041118,,XE-YPAI-HX9F,XE-YPAI-HX9F
59047473548682,204-1873438-5502719,,BQ-O3OI-FTJU,BQ-O3OI-FTJU
59047473548682,204-1873438-5502719,,BQ-O3OI-FTJU,BQ-O3OI-FTJU
59047473548682,204-1873438-5502719,,BQ-O3OI-FTJU,BQ-O3OI-FTJU
59047473548682,204-1873438-5502719,,BQ-O3OI-FTJU,BQ-O3OI-FTJU
59047473548682,204-1873438-5502719,,BQ-O3OI-FTJU,BQ-O3OI-FTJU
59047473548682,204-1873438-5502719,,BQ-O3OI-FTJU,BQ-O3OI-FTJU
58897795115522,202-1978103-2734748,,EV-CHU5-XU3G,EV-CHU5-XU3G
58897795115522,202-1978103-2734748,,EV-CHU5-XU3G,EV-CHU5-XU3G
58897795115522,202-1978103-2734748,,EV-CHU5-XU3G,EV-CHU5-XU3G
58897795115522,202-1978103-2734748,,EV-CHU5-XU3G,EV-CHU5-XU3G
58897795115522,202-1978103-2734748,,EV-CHU5-XU3G,EV-CHU5-XU3G
58897795115522,202-1978103-2734748,,EV-CHU5-XU3G,EV-CHU5-XU3G
59053952379282,203-7135371-4841158,,WX-L5UA-UB1Q,WX-L5UA-UB1Q
59053952379282,203-7135371-4841158,,WX-L5UA-UB1Q,WX-L5UA-UB1Q
59053952379282,203-7135371-4841158,,WX-L5UA-UB1Q,WX-L5UA-UB1Q
59053952379282,203-7135371-4841158,,WX-L5UA-UB1Q,WX-L5UA-UB1Q
59053952379282,203-7135371-4841158,,WX-L5UA-UB1Q,WX-L5UA-UB1Q
59053952379282,203-7135371-4841158,,WX-L5UA-UB1Q,WX-L5UA-UB1Q
59051107505682,206-1112346-5312303,,R7-98IN-2PW8,R7-98IN-2PW8
59051107505682,206-1112346-5312303,,R7-98IN-2PW8,R7-98IN-2PW8
59051107505682,206-1112346-5312303,,R7-98IN-2PW8,R7-98IN-2PW8
59051107505682,206-1112346-5312303,,R7-98IN-2PW8,R7-98IN-2PW8
59051107505682,206-1112346-5312303,,R7-98IN-2PW8,R7-98IN-2PW8
59051107505682,206-1112346-5312303,,R7-98IN-2PW8,R7-98IN-2PW8
59028202039962,203-3840518-9262706,,R7-98IN-2PW8,R7-98IN-2PW8
59028202039962,203-3840518-9262706,,R7-98IN-2PW8,R7-98IN-2PW8
59028202039962,203-3840518-9262706,,R7-98IN-2PW8,R7-98IN-2PW8
59028202039962,203-3840518-9262706,,R7-98IN-2PW8,R7-98IN-2PW8
59028202039962,203-3840518-9262706,,R7-98IN-2PW8,R7-98IN-2PW8
59028202039962,203-3840518-9262706,,R7-98IN-2PW8,R7-98IN-2PW8
59036986659402,206-5760858-1147559,,DC-K5WH-R7F5,DC-K5WH-R7F5
59036986659402,206-5760858-1147559,,DC-K5WH-R7F5,DC-K5WH-R7F5
59036986659402,206-5760858-1147559,,DC-K5WH-R7F5,DC-K5WH-R7F5
59036986659402,206-5760858-1147559,,DC-K5WH-R7F5,DC-K5WH-R7F5
59036986659402,206-5760858-1147559,,DC-K5WH-R7F5,DC-K5WH-R7F5
59036986659402,206-5760858-1147559,,DC-K5WH-R7F5,DC-K5WH-R7F5
59020862059322,203-0589066-2107554,,6V-EEC1-2S9Z,6V-EEC1-2S9Z
59020862059322,203-0589066-2107554,,6V-EEC1-2S9Z,6V-EEC1-2S9Z
59020862059322,203-0589066-2107554,,6V-EEC1-2S9Z,6V-EEC1-2S9Z
59020862059322,203-0589066-2107554,,6V-EEC1-2S9Z,6V-EEC1-2S9Z
59020862059322,203-0589066-2107554,,6V-EEC1-2S9Z,6V-EEC1-2S9Z
59020862059322,203-0589066-2107554,,6V-EEC1-2S9Z,6V-EEC1-2S9Z
59033207087202,205-8132878-8016339,,6V-EEC1-2S9Z,6V-EEC1-2S9Z
59033207087202,205-8132878-8016339,,6V-EEC1-2S9Z,6V-EEC1-2S9Z
59033207087202,205-8132878-8016339,,6V-EEC1-2S9Z,6V-EEC1-2S9Z
59033207087202,205-8132878-8016339,,6V-EEC1-2S9Z,6V-EEC1-2S9Z
59033207087202,205-8132878-8016339,,6V-EEC1-2S9Z,6V-EEC1-2S9Z
59033207087202,205-8132878-8016339,,6V-EEC1-2S9Z,6V-EEC1-2S9Z
59033207087202,205-8132878-8016339,,6V-EEC1-2S9Z,6V-EEC1-2S9Z
59033207087202,205-8132878-8016339,,6V-EEC1-2S9Z,6V-EEC1-2S9Z
59033207087202,205-8132878-8016339,,6V-EEC1-2S9Z,6V-EEC1-2S9Z
59033207087202,205-8132878-8016339,,6V-EEC1-2S9Z,6V-EEC1-2S9Z
59014883062402,204-7088854-0874766,,6V-EEC1-2S9Z,6V-EEC1-2S9Z
59014883062402,204-7088854-0874766,,6V-EEC1-2S9Z,6V-EEC1-2S9Z
59014883062402,204-7088854-0874766,,6V-EEC1-2S9Z,6V-EEC1-2S9Z
59014883062402,204-7088854-0874766,,6V-EEC1-2S9Z,6V-EEC1-2S9Z
59014883062402,204-7088854-0874766,,6V-EEC1-2S9Z,6V-EEC1-2S9Z
59014883062402,204-7088854-0874766,,6V-EEC1-2S9Z,6V-EEC1-2S9Z
59039917180442,026-6769094-4046745,,2G-AYBQ-TUQG,2G-AYBQ-TUQG
59039917180442,026-6769094-4046745,,2G-AYBQ-TUQG,2G-AYBQ-TUQG
59039917180442,026-6769094-4046745,,2G-AYBQ-TUQG,2G-AYBQ-TUQG
59039917180442,026-6769094-4046745,,2G-AYBQ-TUQG,2G-AYBQ-TUQG
59039917180442,026-6769094-4046745,,2G-AYBQ-TUQG,2G-AYBQ-TUQG
59039917180442,026-6769094-4046745,,2G-AYBQ-TUQG,2G-AYBQ-TUQG
59034837720962,205-2990288-8017927,,6V-EEC1-2S9Z,6V-EEC1-2S9Z
59034837720962,205-2990288-8017927,,6V-EEC1-2S9Z,6V-EEC1-2S9Z
59034837720962,205-2990288-8017927,,6V-EEC1-2S9Z,6V-EEC1-2S9Z
59034837720962,205-2990288-8017927,,6V-EEC1-2S9Z,6V-EEC1-2S9Z
59034837720962,205-2990288-8017927,,6V-EEC1-2S9Z,6V-EEC1-2S9Z
59034837720962,205-2990288-8017927,,6V-EEC1-2S9Z,6V-EEC1-2S9Z
59034884487722,205-2990288-8017927,,SU-5LQH-2DVN,SU-5LQH-2DVN
59034884487722,205-2990288-8017927,,SU-5LQH-2DVN,SU-5LQH-2DVN
59034884487722,205-2990288-8017927,,SU-5LQH-2DVN,SU-5LQH-2DVN
59034884487722,205-2990288-8017927,,SU-5LQH-2DVN,SU-5LQH-2DVN
59034884487722,205-2990288-8017927,,SU-5LQH-2DVN,SU-5LQH-2DVN
59034884487722,205-2990288-8017927,,SU-5LQH-2DVN,SU-5LQH-2DVN
59057520741962,205-9829288-7604331,,NN-TSZ1-X2RD,NN-TSZ1-X2RD
59057520741962,205-9829288-7604331,,NN-TSZ1-X2RD,NN-TSZ1-X2RD
59057520741962,205-9829288-7604331,,NN-TSZ1-X2RD,NN-TSZ1-X2RD
59057520741962,205-9829288-7604331,,NN-TSZ1-X2RD,NN-TSZ1-X2RD
59057520741962,205-9829288-7604331,,NN-TSZ1-X2RD,NN-TSZ1-X2RD
59057520741962,205-9829288-7604331,,NN-TSZ1-X2RD,NN-TSZ1-X2RD
59027318296602,204-1922456-4751555,,NN-TSZ1-X2RD,NN-TSZ1-X2RD
59027318296602,204-1922456-4751555,,NN-TSZ1-X2RD,NN-TSZ1-X2RD
59027318296602,204-1922456-4751555,,NN-TSZ1-X2RD,NN-TSZ1-X2RD
59027318296602,204-1922456-4751555,,NN-TSZ1-X2RD,NN-TSZ1-X2RD
59027318296602,204-1922456-4751555,,NN-TSZ1-X2RD,NN-TSZ1-X2RD
59027318296602,204-1922456-4751555,,NN-TSZ1-X2RD,NN-TSZ1-X2RD
59016305538562,026-4358750-4808342,,SU-5LQH-2DVN,SU-5LQH-2DVN
59016305538562,026-4358750-4808342,,SU-5LQH-2DVN,SU-5LQH-2DVN
59016305538562,026-4358750-4808342,,SU-5LQH-2DVN,SU-5LQH-2DVN
59016305538562,026-4358750-4808342,,SU-5LQH-2DVN,SU-5LQH-2DVN
59016305538562,026-4358750-4808342,,SU-5LQH-2DVN,SU-5LQH-2DVN
59016305538562,026-4358750-4808342,,SU-5LQH-2DVN,SU-5LQH-2DVN
59042469328562,206-0849948-6821934,,TU-8I14-25ZR,TU-8I14-25ZR
59042469328562,206-0849948-6821934,,TU-8I14-25ZR,TU-8I14-25ZR
59042469328562,206-0849948-6821934,,TU-8I14-25ZR,TU-8I14-25ZR
59042469328562,206-0849948-6821934,,TU-8I14-25ZR,TU-8I14-25ZR
59042469328562,206-0849948-6821934,,TU-8I14-25ZR,TU-8I14-25ZR
59042469328562,206-0849948-6821934,,TU-8I14-25ZR,TU-8I14-25ZR
59048701964482,202-1908604-0278741,,TU-8I14-25ZR,TU-8I14-25ZR
59048701964482,202-1908604-0278741,,TU-8I14-25ZR,TU-8I14-25ZR
59048701964482,202-1908604-0278741,,TU-8I14-25ZR,TU-8I14-25ZR
59048701964482,202-1908604-0278741,,TU-8I14-25ZR,TU-8I14-25ZR
59048701964482,202-1908604-0278741,,TU-8I14-25ZR,TU-8I14-25ZR
59048701964482,202-1908604-0278741,,TU-8I14-25ZR,TU-8I14-25ZR
59048701964482,202-1908604-0278741,,TU-8I14-25ZR,TU-8I14-25ZR
59048701964482,202-1908604-0278741,,TU-8I14-25ZR,TU-8I14-25ZR
59048701964482,202-1908604-0278741,,TU-8I14-25ZR,TU-8I14-25ZR
59048701964482,202-1908604-0278741,,TU-8I14-25ZR,TU-8I14-25ZR
59061896102642,203-8669451-8017161,,R7-98IN-2PW8,R7-98IN-2PW8
59061896102642,203-8669451-8017161,,R7-98IN-2PW8,R7-98IN-2PW8
59061896102642,203-8669451-8017161,,R7-98IN-2PW8,R7-98IN-2PW8
59061896102642,203-8669451-8017161,,R7-98IN-2PW8,R7-98IN-2PW8
59061896102642,203-8669451-8017161,,R7-98IN-2PW8,R7-98IN-2PW8
59061896102642,203-8669451-8017161,,R7-98IN-2PW8,R7-98IN-2PW8
59061896102642,203-8669451-8017161,,R7-98IN-2PW8,R7-98IN-2PW8
59061896102642,203-8669451-8017161,,R7-98IN-2PW8,R7-98IN-2PW8
59061896102642,203-8669451-8017161,,R7-98IN-2PW8,R7-98IN-2PW8
59061896102642,203-8669451-8017161,,R7-98IN-2PW8,R7-98IN-2PW8
59029607589202,026-9223909-6953921,,6V-EEC1-2S9Z,6V-EEC1-2S9Z
59029607589202,026-9223909-6953921,,6V-EEC1-2S9Z,6V-EEC1-2S9Z
59029607589202,026-9223909-6953921,,6V-EEC1-2S9Z,6V-EEC1-2S9Z
59029607589202,026-9223909-6953921,,6V-EEC1-2S9Z,6V-EEC1-2S9Z
59029607589202,026-9223909-6953921,,6V-EEC1-2S9Z,6V-EEC1-2S9Z
59029607589202,026-9223909-6953921,,6V-EEC1-2S9Z,6V-EEC1-2S9Z
59034996746962,204-0131554-5766762,,6V-EEC1-2S9Z,6V-EEC1-2S9Z
59034996746962,204-0131554-5766762,,6V-EEC1-2S9Z,6V-EEC1-2S9Z
59034996746962,204-0131554-5766762,,6V-EEC1-2S9Z,6V-EEC1-2S9Z
59034996746962,204-0131554-5766762,,6V-EEC1-2S9Z,6V-EEC1-2S9Z
59034996746962,204-0131554-5766762,,6V-EEC1-2S9Z,6V-EEC1-2S9Z
59034996746962,204-0131554-5766762,,6V-EEC1-2S9Z,6V-EEC1-2S9Z
59042852042282,203-4391264-7951516,,6V-EEC1-2S9Z,6V-EEC1-2S9Z
59042852042282,203-4391264-7951516,,6V-EEC1-2S9Z,6V-EEC1-2S9Z
59042852042282,203-4391264-7951516,,6V-EEC1-2S9Z,6V-EEC1-2S9Z
59042852042282,203-4391264-7951516,,6V-EEC1-2S9Z,6V-EEC1-2S9Z
59042852042282,203-4391264-7951516,,6V-EEC1-2S9Z,6V-EEC1-2S9Z
59042852042282,203-4391264-7951516,,6V-EEC1-2S9Z,6V-EEC1-2S9Z
59042158206082,203-9845714-5719525,,8M-NHB7-T8TR,8M-NHB7-T8TR
59042158206082,203-9845714-5719525,,8M-NHB7-T8TR,8M-NHB7-T8TR
59042158206082,203-9845714-5719525,,8M-NHB7-T8TR,8M-NHB7-T8TR
59042158206082,203-9845714-5719525,,8M-NHB7-T8TR,8M-NHB7-T8TR
59042158206082,203-9845714-5719525,,8M-NHB7-T8TR,8M-NHB7-T8TR
59042158206082,203-9845714-5719525,,8M-NHB7-T8TR,8M-NHB7-T8TR
59041331935842,202-3874255-0901110,,TU-8I14-25ZR,TU-8I14-25ZR
59041331935842,202-3874255-0901110,,TU-8I14-25ZR,TU-8I14-25ZR
59041331935842,202-3874255-0901110,,TU-8I14-25ZR,TU-8I14-25ZR
59041331935842,202-3874255-0901110,,TU-8I14-25ZR,TU-8I14-25ZR
59041331935842,202-3874255-0901110,,TU-8I14-25ZR,TU-8I14-25ZR
59041331935842,202-3874255-0901110,,TU-8I14-25ZR,TU-8I14-25ZR
59041331935842,202-3874255-0901110,,TU-8I14-25ZR,TU-8I14-25ZR
59041331935842,202-3874255-0901110,,TU-8I14-25ZR,TU-8I14-25ZR
59041331935842,202-3874255-0901110,,TU-8I14-25ZR,TU-8I14-25ZR
59041331935842,202-3874255-0901110,,TU-8I14-25ZR,TU-8I14-25ZR
59042524940402,202-7681525-9241154,,6V-EEC1-2S9Z,6V-EEC1-2S9Z
59042524940402,202-7681525-9241154,,6V-EEC1-2S9Z,6V-EEC1-2S9Z
59042524940402,202-7681525-9241154,,6V-EEC1-2S9Z,6V-EEC1-2S9Z
59042524940402,202-7681525-9241154,,6V-EEC1-2S9Z,6V-EEC1-2S9Z
59042524940402,202-7681525-9241154,,6V-EEC1-2S9Z,6V-EEC1-2S9Z
59042524940402,202-7681525-9241154,,6V-EEC1-2S9Z,6V-EEC1-2S9Z
59011008037482,206-0510504-3129921,,6V-EEC1-2S9Z,6V-EEC1-2S9Z
59011008037482,206-0510504-3129921,,6V-EEC1-2S9Z,6V-EEC1-2S9Z
59011008037482,206-0510504-3129921,,6V-EEC1-2S9Z,6V-EEC1-2S9Z
59011008037482,206-0510504-3129921,,6V-EEC1-2S9Z,6V-EEC1-2S9Z
59011008037482,206-0510504-3129921,,6V-EEC1-2S9Z,6V-EEC1-2S9Z
59011008037482,206-0510504-3129921,,6V-EEC1-2S9Z,6V-EEC1-2S9Z
58658224220722,204-2044370-2557147,,UL-D0Y8-ZNI5,UL-D0Y8-ZNI5
58658224220722,204-2044370-2557147,,UL-D0Y8-ZNI5,UL-D0Y8-ZNI5
58658224220722,204-2044370-2557147,,UL-D0Y8-ZNI5,UL-D0Y8-ZNI5
58658224220722,204-2044370-2557147,,UL-D0Y8-ZNI5,UL-D0Y8-ZNI5
58658224220722,204-2044370-2557147,,UL-D0Y8-ZNI5,UL-D0Y8-ZNI5
59036705376042,026-2388997-2609155,,6V-EEC1-2S9Z,6V-EEC1-2S9Z
59036705376042,026-2388997-2609155,,6V-EEC1-2S9Z,6V-EEC1-2S9Z
59036705376042,026-2388997-2609155,,6V-EEC1-2S9Z,6V-EEC1-2S9Z
59036705376042,026-2388997-2609155,,6V-EEC1-2S9Z,6V-EEC1-2S9Z
59036705376042,026-2388997-2609155,,6V-EEC1-2S9Z,6V-EEC1-2S9Z
59036705376042,026-2388997-2609155,,6V-EEC1-2S9Z,6V-EEC1-2S9Z
59042071461402,204-4841295-4565113,,6V-EEC1-2S9Z,6V-EEC1-2S9Z
59042071461402,204-4841295-4565113,,6V-EEC1-2S9Z,6V-EEC1-2S9Z
59042071461402,204-4841295-4565113,,6V-EEC1-2S9Z,6V-EEC1-2S9Z
59042071461402,204-4841295-4565113,,6V-EEC1-2S9Z,6V-EEC1-2S9Z
59042071461402,204-4841295-4565113,,6V-EEC1-2S9Z,6V-EEC1-2S9Z
59042071461402,204-4841295-4565113,,6V-EEC1-2S9Z,6V-EEC1-2S9Z
59107929416322,026-4060452-5057117,,WX-L5UA-UB1Q,WX-L5UA-UB1Q
59107929416322,026-4060452-5057117,,WX-L5UA-UB1Q,WX-L5UA-UB1Q
59107929416322,026-4060452-5057117,,WX-L5UA-UB1Q,WX-L5UA-UB1Q
59107929416322,026-4060452-5057117,,WX-L5UA-UB1Q,WX-L5UA-UB1Q
59107929416322,026-4060452-5057117,,WX-L5UA-UB1Q,WX-L5UA-UB1Q
59107929416322,026-4060452-5057117,,WX-L5UA-UB1Q,WX-L5UA-UB1Q
59107929416322,026-4060452-5057117,,WX-L5UA-UB1Q,WX-L5UA-UB1Q
59107929416322,026-4060452-5057117,,WX-L5UA-UB1Q,WX-L5UA-UB1Q
59107929416322,026-4060452-5057117,,WX-L5UA-UB1Q,WX-L5UA-UB1Q
59016308399842,203-3931005-8486767,,EV-CHU5-XU3G,EV-CHU5-XU3G
59016308399842,203-3931005-8486767,,EV-CHU5-XU3G,EV-CHU5-XU3G
59016308399842,203-3931005-8486767,,EV-CHU5-XU3G,EV-CHU5-XU3G
59016308399842,203-3931005-8486767,,EV-CHU5-XU3G,EV-CHU5-XU3G
59016308399842,203-3931005-8486767,,EV-CHU5-XU3G,EV-CHU5-XU3G
59016308399842,203-3931005-8486767,,EV-CHU5-XU3G,EV-CHU5-XU3G
59016937035122,202-7372519-5197160,,VU-8KRA-QP5M,VU-8KRA-QP5M
59016937035122,202-7372519-5197160,,VU-8KRA-QP5M,VU-8KRA-QP5M
59016937035122,202-7372519-5197160,,VU-8KRA-QP5M,VU-8KRA-QP5M
59016937035122,202-7372519-5197160,,VU-8KRA-QP5M,VU-8KRA-QP5M
59016937035122,202-7372519-5197160,,VU-8KRA-QP5M,VU-8KRA-QP5M
59016937035122,202-7372519-5197160,,VU-8KRA-QP5M,VU-8KRA-QP5M
59018658640442,204-1238177-6489108,,GK-YI4S-C158,GK-YI4S-C158
59018658640442,204-1238177-6489108,,GK-YI4S-C158,GK-YI4S-C158
59018658640442,204-1238177-6489108,,GK-YI4S-C158,GK-YI4S-C158
59018658640442,204-1238177-6489108,,GK-YI4S-C158,GK-YI4S-C158
59018658640442,204-1238177-6489108,,GK-YI4S-C158,GK-YI4S-C158
59018658640442,204-1238177-6489108,,GK-YI4S-C158,GK-YI4S-C158
59051107505682,206-1112346-5312303,,R7-98IN-2PW8,R7-98IN-2PW8
59051107505682,206-1112346-5312303,,R7-98IN-2PW8,R7-98IN-2PW8
59051107505682,206-1112346-5312303,,R7-98IN-2PW8,R7-98IN-2PW8
59051107505682,206-1112346-5312303,,R7-98IN-2PW8,R7-98IN-2PW8
59051107505682,206-1112346-5312303,,R7-98IN-2PW8,R7-98IN-2PW8
59061734553522,203-6759368-3935531,,D2-8SPY-Q095,D2-8SPY-Q095
59061734553522,203-6759368-3935531,,D2-8SPY-Q095,D2-8SPY-Q095
59061734553522,203-6759368-3935531,,D2-8SPY-Q095,D2-8SPY-Q095
59061734553522,203-6759368-3935531,,D2-8SPY-Q095,D2-8SPY-Q095
59061734553522,203-6759368-3935531,,D2-8SPY-Q095,D2-8SPY-Q095
59061734553522,203-6759368-3935531,,D2-8SPY-Q095,D2-8SPY-Q095
59118933675882,202-4437580-7853135,,XE-YPAI-HX9F,XE-YPAI-HX9F
59118933675882,202-4437580-7853135,,XE-YPAI-HX9F,XE-YPAI-HX9F
59118933675882,202-4437580-7853135,,XE-YPAI-HX9F,XE-YPAI-HX9F
59118933675882,202-4437580-7853135,,XE-YPAI-HX9F,XE-YPAI-HX9F
59118933675882,202-4437580-7853135,,XE-YPAI-HX9F,XE-YPAI-HX9F
59118933675882,202-4437580-7853135,,XE-YPAI-HX9F,XE-YPAI-HX9F
59043619251402,202-1800529-6894731,,6V-EEC1-2S9Z,6V-EEC1-2S9Z
59043619251402,202-1800529-6894731,,6V-EEC1-2S9Z,6V-EEC1-2S9Z
59043619251402,202-1800529-6894731,,6V-EEC1-2S9Z,6V-EEC1-2S9Z
59043619251402,202-1800529-6894731,,6V-EEC1-2S9Z,6V-EEC1-2S9Z
59043619251402,202-1800529-6894731,,6V-EEC1-2S9Z,6V-EEC1-2S9Z
59043619251402,202-1800529-6894731,,6V-EEC1-2S9Z,6V-EEC1-2S9Z
59099865006082,203-5885235-1834709,,6V-EEC1-2S9Z,6V-EEC1-2S9Z
59099865006082,203-5885235-1834709,,6V-EEC1-2S9Z,6V-EEC1-2S9Z
59099865006082,203-5885235-1834709,,6V-EEC1-2S9Z,6V-EEC1-2S9Z
59099865006082,203-5885235-1834709,,6V-EEC1-2S9Z,6V-EEC1-2S9Z
59099865006082,203-5885235-1834709,,6V-EEC1-2S9Z,6V-EEC1-2S9Z
59099865006082,203-5885235-1834709,,6V-EEC1-2S9Z,6V-EEC1-2S9Z
59114605509682,202-0100069-1438779,,WX-L5UA-UB1Q,WX-L5UA-UB1Q
59114605509682,202-0100069-1438779,,WX-L5UA-UB1Q,WX-L5UA-UB1Q
59114605509682,202-0100069-1438779,,WX-L5UA-UB1Q,WX-L5UA-UB1Q
59114605509682,202-0100069-1438779,,WX-L5UA-UB1Q,WX-L5UA-UB1Q
59114605509682,202-0100069-1438779,,WX-L5UA-UB1Q,WX-L5UA-UB1Q
59114605509682,202-0100069-1438779,,WX-L5UA-UB1Q,WX-L5UA-UB1Q
59050688048082,206-8010686-7135507,,X7-MY4W-H2I4,X7-MY4W-H2I4
59050688048082,206-8010686-7135507,,X7-MY4W-H2I4,X7-MY4W-H2I4
59050688048082,206-8010686-7135507,,X7-MY4W-H2I4,X7-MY4W-H2I4
59050688048082,206-8010686-7135507,,X7-MY4W-H2I4,X7-MY4W-H2I4
59050688048082,206-8010686-7135507,,X7-MY4W-H2I4,X7-MY4W-H2I4
59050688048082,206-8010686-7135507,,X7-MY4W-H2I4,X7-MY4W-H2I4
59050688048082,206-8010686-7135507,,X7-MY4W-H2I4,X7-MY4W-H2I4
59050688048082,206-8010686-7135507,,X7-MY4W-H2I4,X7-MY4W-H2I4
59050688048082,206-8010686-7135507,,X7-MY4W-H2I4,X7-MY4W-H2I4
59050688048082,206-8010686-7135507,,X7-MY4W-H2I4,X7-MY4W-H2I4
59050688048082,206-8010686-7135507,,X7-MY4W-H2I4,X7-MY4W-H2I4
59122728128682,205-7450453-3786764,,WX-L5UA-UB1Q,WX-L5UA-UB1Q
59122728128682,205-7450453-3786764,,WX-L5UA-UB1Q,WX-L5UA-UB1Q
59122728128682,205-7450453-3786764,,WX-L5UA-UB1Q,WX-L5UA-UB1Q
59122728128682,205-7450453-3786764,,WX-L5UA-UB1Q,WX-L5UA-UB1Q
59122728128682,205-7450453-3786764,,WX-L5UA-UB1Q,WX-L5UA-UB1Q
59122728128682,205-7450453-3786764,,WX-L5UA-UB1Q,WX-L5UA-UB1Q
59052985847842,206-2489165-0663568,,TU-8I14-25ZR,TU-8I14-25ZR
59052985847842,206-2489165-0663568,,TU-8I14-25ZR,TU-8I14-25ZR
59052985847842,206-2489165-0663568,,TU-8I14-25ZR,TU-8I14-25ZR
59052985847842,206-2489165-0663568,,TU-8I14-25ZR,TU-8I14-25ZR
59052985847842,206-2489165-0663568,,TU-8I14-25ZR,TU-8I14-25ZR
59052985847842,206-2489165-0663568,,TU-8I14-25ZR,TU-8I14-25ZR
59052985847842,206-2489165-0663568,,TU-8I14-25ZR,TU-8I14-25ZR
59052985847842,206-2489165-0663568,,TU-8I14-25ZR,TU-8I14-25ZR
59052985847842,206-2489165-0663568,,TU-8I14-25ZR,TU-8I14-25ZR
59005553075242,202-1536101-3769111,,NN-TSZ1-X2RD,NN-TSZ1-X2RD
59005553075242,202-1536101-3769111,,NN-TSZ1-X2RD,NN-TSZ1-X2RD
59005553075242,202-1536101-3769111,,NN-TSZ1-X2RD,NN-TSZ1-X2RD
59005553075242,202-1536101-3769111,,NN-TSZ1-X2RD,NN-TSZ1-X2RD
59005553075242,202-1536101-3769111,,NN-TSZ1-X2RD,NN-TSZ1-X2RD
59005553075242,202-1536101-3769111,,NN-TSZ1-X2RD,NN-TSZ1-X2RD
59005553075242,202-1536101-3769111,,NN-TSZ1-X2RD,NN-TSZ1-X2RD
59005553075242,202-1536101-3769111,,NN-TSZ1-X2RD,NN-TSZ1-X2RD
59005553075242,202-1536101-3769111,,NN-TSZ1-X2RD,NN-TSZ1-X2RD
59005553075242,202-1536101-3769111,,NN-TSZ1-X2RD,NN-TSZ1-X2RD
59005553075242,202-1536101-3769111,,NN-TSZ1-X2RD,NN-TSZ1-X2RD
59005553075242,202-1536101-3769111,,NN-TSZ1-X2RD,NN-TSZ1-X2RD
59005553075242,202-1536101-3769111,,NN-TSZ1-X2RD,NN-TSZ1-X2RD
59048053001042,026-3912001-4479502,,6V-EEC1-2S9Z,6V-EEC1-2S9Z
59048053001042,026-3912001-4479502,,6V-EEC1-2S9Z,6V-EEC1-2S9Z
59048053001042,026-3912001-4479502,,6V-EEC1-2S9Z,6V-EEC1-2S9Z
59048053001042,026-3912001-4479502,,6V-EEC1-2S9Z,6V-EEC1-2S9Z
59048053001042,026-3912001-4479502,,6V-EEC1-2S9Z,6V-EEC1-2S9Z
59048053001042,026-3912001-4479502,,6V-EEC1-2S9Z,6V-EEC1-2S9Z
59112405927202,202-1073634-1959524,,6V-EEC1-2S9Z,6V-EEC1-2S9Z
59112405927202,202-1073634-1959524,,6V-EEC1-2S9Z,6V-EEC1-2S9Z
59112405927202,202-1073634-1959524,,6V-EEC1-2S9Z,6V-EEC1-2S9Z
59112405927202,202-1073634-1959524,,6V-EEC1-2S9Z,6V-EEC1-2S9Z
59112405927202,202-1073634-1959524,,6V-EEC1-2S9Z,6V-EEC1-2S9Z
59112405927202,202-1073634-1959524,,6V-EEC1-2S9Z,6V-EEC1-2S9Z
59108861221642,206-4372876-4006730,,6V-EEC1-2S9Z,6V-EEC1-2S9Z
59108861221642,206-4372876-4006730,,6V-EEC1-2S9Z,6V-EEC1-2S9Z
59108861221642,206-4372876-4006730,,6V-EEC1-2S9Z,6V-EEC1-2S9Z
59108861221642,206-4372876-4006730,,6V-EEC1-2S9Z,6V-EEC1-2S9Z
59108861221642,206-4372876-4006730,,6V-EEC1-2S9Z,6V-EEC1-2S9Z
59108861221642,206-4372876-4006730,,6V-EEC1-2S9Z,6V-EEC1-2S9Z
59109690337522,203-9919488-6394752,,6V-EEC1-2S9Z,6V-EEC1-2S9Z
59109690337522,203-9919488-6394752,,6V-EEC1-2S9Z,6V-EEC1-2S9Z
59109690337522,203-9919488-6394752,,6V-EEC1-2S9Z,6V-EEC1-2S9Z
59109690337522,203-9919488-6394752,,6V-EEC1-2S9Z,6V-EEC1-2S9Z
59109690337522,203-9919488-6394752,,6V-EEC1-2S9Z,6V-EEC1-2S9Z
59109690337522,203-9919488-6394752,,6V-EEC1-2S9Z,6V-EEC1-2S9Z
59059105716202,026-1371011-5523539,,3T-6QPR-E2MV,3T-6QPR-E2MV
59059105716202,026-1371011-5523539,,3T-6QPR-E2MV,3T-6QPR-E2MV
59059105716202,026-1371011-5523539,,3T-6QPR-E2MV,3T-6QPR-E2MV
59059105716202,026-1371011-5523539,,3T-6QPR-E2MV,3T-6QPR-E2MV
59059105716202,026-1371011-5523539,,3T-6QPR-E2MV,3T-6QPR-E2MV
59059105716202,026-1371011-5523539,,3T-6QPR-E2MV,3T-6QPR-E2MV
59119906602162,205-2498622-1021114,,IB-U5FA-BO2Y,IB-U5FA-BO2Y
59119906602162,205-2498622-1021114,,IB-U5FA-BO2Y,IB-U5FA-BO2Y
59119906602162,205-2498622-1021114,,IB-U5FA-BO2Y,IB-U5FA-BO2Y
59119906602162,205-2498622-1021114,,IB-U5FA-BO2Y,IB-U5FA-BO2Y
59119906602162,205-2498622-1021114,,IB-U5FA-BO2Y,IB-U5FA-BO2Y
59119906602162,205-2498622-1021114,,IB-U5FA-BO2Y,IB-U5FA-BO2Y
59119906602162,205-2498622-1021114,,IB-U5FA-BO2Y,IB-U5FA-BO2Y
59119906602162,205-2498622-1021114,,IB-U5FA-BO2Y,IB-U5FA-BO2Y
59119906602162,205-2498622-1021114,,IB-U5FA-BO2Y,IB-U5FA-BO2Y
59119906602162,205-2498622-1021114,,IB-U5FA-BO2Y,IB-U5FA-BO2Y
59060168696282,202-6459401-0978741,,3T-6QPR-E2MV,3T-6QPR-E2MV
59060168696282,202-6459401-0978741,,3T-6QPR-E2MV,3T-6QPR-E2MV
59060168696282,202-6459401-0978741,,3T-6QPR-E2MV,3T-6QPR-E2MV
59060168696282,202-6459401-0978741,,3T-6QPR-E2MV,3T-6QPR-E2MV
59060168696282,202-6459401-0978741,,3T-6QPR-E2MV,3T-6QPR-E2MV
59060168696282,202-6459401-0978741,,3T-6QPR-E2MV,3T-6QPR-E2MV
59039992130482,204-1796881-4465913,,XE-YPAI-HX9F,XE-YPAI-HX9F
59039992130482,204-1796881-4465913,,XE-YPAI-HX9F,XE-YPAI-HX9F
59039992130482,204-1796881-4465913,,XE-YPAI-HX9F,XE-YPAI-HX9F
59039992130482,204-1796881-4465913,,XE-YPAI-HX9F,XE-YPAI-HX9F
59039992130482,204-1796881-4465913,,XE-YPAI-HX9F,XE-YPAI-HX9F
59039992130482,204-1796881-4465913,,XE-YPAI-HX9F,XE-YPAI-HX9F
59039992130482,204-1796881-4465913,,XE-YPAI-HX9F,XE-YPAI-HX9F
59039992130482,204-1796881-4465913,,XE-YPAI-HX9F,XE-YPAI-HX9F
59039992130482,204-1796881-4465913,,XE-YPAI-HX9F,XE-YPAI-HX9F
59039992130482,204-1796881-4465913,,XE-YPAI-HX9F,XE-YPAI-HX9F
59100033475322,205-4256581-2691552,,6V-EEC1-2S9Z,6V-EEC1-2S9Z
59100033475322,205-4256581-2691552,,6V-EEC1-2S9Z,6V-EEC1-2S9Z
59100033475322,205-4256581-2691552,,6V-EEC1-2S9Z,6V-EEC1-2S9Z
59100033475322,205-4256581-2691552,,6V-EEC1-2S9Z,6V-EEC1-2S9Z
59100033475322,205-4256581-2691552,,6V-EEC1-2S9Z,6V-EEC1-2S9Z
59100033475322,205-4256581-2691552,,6V-EEC1-2S9Z,6V-EEC1-2S9Z
59107943525962,205-6992296-4534717,,SU-5LQH-2DVN,SU-5LQH-2DVN
59107943525962,205-6992296-4534717,,SU-5LQH-2DVN,SU-5LQH-2DVN
59107943525962,205-6992296-4534717,,SU-5LQH-2DVN,SU-5LQH-2DVN
59107943525962,205-6992296-4534717,,SU-5LQH-2DVN,SU-5LQH-2DVN
59107943525962,205-6992296-4534717,,SU-5LQH-2DVN,SU-5LQH-2DVN
59107943525962,205-6992296-4534717,,SU-5LQH-2DVN,SU-5LQH-2DVN
59111289780402,204-8293979-5239560,,6V-EEC1-2S9Z,6V-EEC1-2S9Z
59111289780402,204-8293979-5239560,,6V-EEC1-2S9Z,6V-EEC1-2S9Z
59111289780402,204-8293979-5239560,,6V-EEC1-2S9Z,6V-EEC1-2S9Z
59111289780402,204-8293979-5239560,,6V-EEC1-2S9Z,6V-EEC1-2S9Z
59111289780402,204-8293979-5239560,,6V-EEC1-2S9Z,6V-EEC1-2S9Z
59111289780402,204-8293979-5239560,,6V-EEC1-2S9Z,6V-EEC1-2S9Z
59111949600562,205-1892647-8743510,,6V-EEC1-2S9Z,6V-EEC1-2S9Z
59111949600562,205-1892647-8743510,,6V-EEC1-2S9Z,6V-EEC1-2S9Z
59111949600562,205-1892647-8743510,,6V-EEC1-2S9Z,6V-EEC1-2S9Z
59111949600562,205-1892647-8743510,,6V-EEC1-2S9Z,6V-EEC1-2S9Z
59111949600562,205-1892647-8743510,,6V-EEC1-2S9Z,6V-EEC1-2S9Z
59111949600562,205-1892647-8743510,,6V-EEC1-2S9Z,6V-EEC1-2S9Z
59105477854562,205-8409244-8158730,,6V-EEC1-2S9Z,6V-EEC1-2S9Z
59105477854562,205-8409244-8158730,,6V-EEC1-2S9Z,6V-EEC1-2S9Z
59105477854562,205-8409244-8158730,,6V-EEC1-2S9Z,6V-EEC1-2S9Z
59105477854562,205-8409244-8158730,,6V-EEC1-2S9Z,6V-EEC1-2S9Z
59105477854562,205-8409244-8158730,,6V-EEC1-2S9Z,6V-EEC1-2S9Z
59105477854562,205-8409244-8158730,,6V-EEC1-2S9Z,6V-EEC1-2S9Z
59112672915322,203-2374980-0806763,,WX-L5UA-UB1Q,WX-L5UA-UB1Q
59112672915322,203-2374980-0806763,,WX-L5UA-UB1Q,WX-L5UA-UB1Q
59112672915322,203-2374980-0806763,,WX-L5UA-UB1Q,WX-L5UA-UB1Q
59112672915322,203-2374980-0806763,,WX-L5UA-UB1Q,WX-L5UA-UB1Q
59112672915322,203-2374980-0806763,,WX-L5UA-UB1Q,WX-L5UA-UB1Q
59112672915322,203-2374980-0806763,,WX-L5UA-UB1Q,WX-L5UA-UB1Q
59053951545882,026-9888874-1149957,,RZ-6ZL9-CZ7J,RZ-6ZL9-CZ7J
59053951545882,026-9888874-1149957,,RZ-6ZL9-CZ7J,RZ-6ZL9-CZ7J
59053951545882,026-9888874-1149957,,RZ-6ZL9-CZ7J,RZ-6ZL9-CZ7J
59053951545882,026-9888874-1149957,,RZ-6ZL9-CZ7J,RZ-6ZL9-CZ7J
59053951545882,026-9888874-1149957,,RZ-6ZL9-CZ7J,RZ-6ZL9-CZ7J
59053951545882,026-9888874-1149957,,RZ-6ZL9-CZ7J,RZ-6ZL9-CZ7J
59046168019842,203-5899986-2373957,,XE-YPAI-HX9F,XE-YPAI-HX9F
59046168019842,203-5899986-2373957,,XE-YPAI-HX9F,XE-YPAI-HX9F
59046168019842,203-5899986-2373957,,XE-YPAI-HX9F,XE-YPAI-HX9F
59046168019842,203-5899986-2373957,,XE-YPAI-HX9F,XE-YPAI-HX9F
59046168019842,203-5899986-2373957,,XE-YPAI-HX9F,XE-YPAI-HX9F
59046168019842,203-5899986-2373957,,XE-YPAI-HX9F,XE-YPAI-HX9F
59098604546642,203-3371089-4605922,,EV-CHU5-XU3G,EV-CHU5-XU3G
59098604546642,203-3371089-4605922,,EV-CHU5-XU3G,EV-CHU5-XU3G
59098604546642,203-3371089-4605922,,EV-CHU5-XU3G,EV-CHU5-XU3G
59098604546642,203-3371089-4605922,,EV-CHU5-XU3G,EV-CHU5-XU3G
59098604546642,203-3371089-4605922,,EV-CHU5-XU3G,EV-CHU5-XU3G
59098604546642,203-3371089-4605922,,EV-CHU5-XU3G,EV-CHU5-XU3G
59049726021522,206-0361362-5625921,,6V-EEC1-2S9Z,6V-EEC1-2S9Z
59049726021522,206-0361362-5625921,,6V-EEC1-2S9Z,6V-EEC1-2S9Z
59049726021522,206-0361362-5625921,,6V-EEC1-2S9Z,6V-EEC1-2S9Z
59049726021522,206-0361362-5625921,,6V-EEC1-2S9Z,6V-EEC1-2S9Z
59049726021522,206-0361362-5625921,,6V-EEC1-2S9Z,6V-EEC1-2S9Z
59049726021522,206-0361362-5625921,,6V-EEC1-2S9Z,6V-EEC1-2S9Z
59114654365482,026-3066977-6699534,,SR-6OBB-WC03,SR-6OBB-WC03
59114654365482,026-3066977-6699534,,SR-6OBB-WC03,SR-6OBB-WC03
59114654365482,026-3066977-6699534,,SR-6OBB-WC03,SR-6OBB-WC03
59114654365482,026-3066977-6699534,,SR-6OBB-WC03,SR-6OBB-WC03
59114654365482,026-3066977-6699534,,SR-6OBB-WC03,SR-6OBB-WC03
59114654365482,026-3066977-6699534,,SR-6OBB-WC03,SR-6OBB-WC03
59054315258282,026-4863088-8796330,,WX-L5UA-UB1Q,WX-L5UA-UB1Q
59054315258282,026-4863088-8796330,,WX-L5UA-UB1Q,WX-L5UA-UB1Q
59054315258282,026-4863088-8796330,,WX-L5UA-UB1Q,WX-L5UA-UB1Q
59054315258282,026-4863088-8796330,,WX-L5UA-UB1Q,WX-L5UA-UB1Q
59054315258282,026-4863088-8796330,,WX-L5UA-UB1Q,WX-L5UA-UB1Q
59054315258282,026-4863088-8796330,,WX-L5UA-UB1Q,WX-L5UA-UB1Q
59052240700082,202-7807520-7168303,,6V-EEC1-2S9Z,6V-EEC1-2S9Z
59052240700082,202-7807520-7168303,,6V-EEC1-2S9Z,6V-EEC1-2S9Z
59052240700082,202-7807520-7168303,,6V-EEC1-2S9Z,6V-EEC1-2S9Z
59052240700082,202-7807520-7168303,,6V-EEC1-2S9Z,6V-EEC1-2S9Z
59052240700082,202-7807520-7168303,,6V-EEC1-2S9Z,6V-EEC1-2S9Z
59052240700082,202-7807520-7168303,,6V-EEC1-2S9Z,6V-EEC1-2S9Z
59108089376122,205-4165117-8399560,,6V-EEC1-2S9Z,6V-EEC1-2S9Z
59108089376122,205-4165117-8399560,,6V-EEC1-2S9Z,6V-EEC1-2S9Z
59108089376122,205-4165117-8399560,,6V-EEC1-2S9Z,6V-EEC1-2S9Z
59108089376122,205-4165117-8399560,,6V-EEC1-2S9Z,6V-EEC1-2S9Z
59108089376122,205-4165117-8399560,,6V-EEC1-2S9Z,6V-EEC1-2S9Z
59108089376122,205-4165117-8399560,,6V-EEC1-2S9Z,6V-EEC1-2S9Z
59167921727762,026-5294262-1399568,,4W-VS57-BV6A,4W-VS57-BV6A
59167921727762,026-5294262-1399568,,4W-VS57-BV6A,4W-VS57-BV6A
59167921727762,026-5294262-1399568,,4W-VS57-BV6A,4W-VS57-BV6A
59167921727762,026-5294262-1399568,,4W-VS57-BV6A,4W-VS57-BV6A
59167921727762,026-5294262-1399568,,4W-VS57-BV6A,4W-VS57-BV6A
59167921727762,026-5294262-1399568,,4W-VS57-BV6A,4W-VS57-BV6A
59167921727762,026-5294262-1399568,,4W-VS57-BV6A,4W-VS57-BV6A
59167921727762,026-5294262-1399568,,4W-VS57-BV6A,4W-VS57-BV6A
59167921727762,026-5294262-1399568,,4W-VS57-BV6A,4W-VS57-BV6A
59167921727762,026-5294262-1399568,,4W-VS57-BV6A,4W-VS57-BV6A
59052831093322,205-2303181-1248316,,TU-8I14-25ZR,TU-8I14-25ZR
59052831093322,205-2303181-1248316,,TU-8I14-25ZR,TU-8I14-25ZR
59052831093322,205-2303181-1248316,,TU-8I14-25ZR,TU-8I14-25ZR
59052831093322,205-2303181-1248316,,TU-8I14-25ZR,TU-8I14-25ZR
59052831093322,205-2303181-1248316,,TU-8I14-25ZR,TU-8I14-25ZR
59052831093322,205-2303181-1248316,,TU-8I14-25ZR,TU-8I14-25ZR
58949844668122,204-4295728-6665119,,6V-EEC1-2S9Z,6V-EEC1-2S9Z
58949844668122,204-4295728-6665119,,6V-EEC1-2S9Z,6V-EEC1-2S9Z
58949844668122,204-4295728-6665119,,6V-EEC1-2S9Z,6V-EEC1-2S9Z
58949844668122,204-4295728-6665119,,6V-EEC1-2S9Z,6V-EEC1-2S9Z
58949844668122,204-4295728-6665119,,6V-EEC1-2S9Z,6V-EEC1-2S9Z
58949844668122,204-4295728-6665119,,6V-EEC1-2S9Z,6V-EEC1-2S9Z
59054340218442,205-0500129-0222742,,WX-L5UA-UB1Q,WX-L5UA-UB1Q
59054340218442,205-0500129-0222742,,WX-L5UA-UB1Q,WX-L5UA-UB1Q
59054340218442,205-0500129-0222742,,WX-L5UA-UB1Q,WX-L5UA-UB1Q
59054340218442,205-0500129-0222742,,WX-L5UA-UB1Q,WX-L5UA-UB1Q
59054340218442,205-0500129-0222742,,WX-L5UA-UB1Q,WX-L5UA-UB1Q
59054340218442,205-0500129-0222742,,WX-L5UA-UB1Q,WX-L5UA-UB1Q
59107974057322,204-3480602-3004361,,6V-EEC1-2S9Z,6V-EEC1-2S9Z
59107974057322,204-3480602-3004361,,6V-EEC1-2S9Z,6V-EEC1-2S9Z
59107974057322,204-3480602-3004361,,6V-EEC1-2S9Z,6V-EEC1-2S9Z
59107974057322,204-3480602-3004361,,6V-EEC1-2S9Z,6V-EEC1-2S9Z
59107974057322,204-3480602-3004361,,6V-EEC1-2S9Z,6V-EEC1-2S9Z
59107974057322,204-3480602-3004361,,6V-EEC1-2S9Z,6V-EEC1-2S9Z
59113904526802,026-8952170-8117906,,R7-98IN-2PW8,R7-98IN-2PW8
59113904526802,026-8952170-8117906,,R7-98IN-2PW8,R7-98IN-2PW8
59113904526802,026-8952170-8117906,,R7-98IN-2PW8,R7-98IN-2PW8
59113904526802,026-8952170-8117906,,R7-98IN-2PW8,R7-98IN-2PW8
59113904526802,026-8952170-8117906,,R7-98IN-2PW8,R7-98IN-2PW8
59113904526802,026-8952170-8117906,,R7-98IN-2PW8,R7-98IN-2PW8
59111771605082,206-1817585-4104335,,6V-EEC1-2S9Z,6V-EEC1-2S9Z
59111771605082,206-1817585-4104335,,6V-EEC1-2S9Z,6V-EEC1-2S9Z
59111771605082,206-1817585-4104335,,6V-EEC1-2S9Z,6V-EEC1-2S9Z
59111771605082,206-1817585-4104335,,6V-EEC1-2S9Z,6V-EEC1-2S9Z
59111771605082,206-1817585-4104335,,6V-EEC1-2S9Z,6V-EEC1-2S9Z
59111771605082,206-1817585-4104335,,6V-EEC1-2S9Z,6V-EEC1-2S9Z
59044895870602,205-1052278-7465940,,6V-EEC1-2S9Z,6V-EEC1-2S9Z
59044895870602,205-1052278-7465940,,6V-EEC1-2S9Z,6V-EEC1-2S9Z
59044895870602,205-1052278-7465940,,6V-EEC1-2S9Z,6V-EEC1-2S9Z
59044895870602,205-1052278-7465940,,6V-EEC1-2S9Z,6V-EEC1-2S9Z
59044895870602,205-1052278-7465940,,6V-EEC1-2S9Z,6V-EEC1-2S9Z
59044895870602,205-1052278-7465940,,6V-EEC1-2S9Z,6V-EEC1-2S9Z
59047913321362,206-1203295-8076319,,DC-K5WH-R7F5,DC-K5WH-R7F5
59047913321362,206-1203295-8076319,,DC-K5WH-R7F5,DC-K5WH-R7F5
59047913321362,206-1203295-8076319,,DC-K5WH-R7F5,DC-K5WH-R7F5
59047913321362,206-1203295-8076319,,DC-K5WH-R7F5,DC-K5WH-R7F5
59047913321362,206-1203295-8076319,,DC-K5WH-R7F5,DC-K5WH-R7F5
59047913321362,206-1203295-8076319,,DC-K5WH-R7F5,DC-K5WH-R7F5
59047913321362,206-1203295-8076319,,DC-K5WH-R7F5,DC-K5WH-R7F5
59047913321362,206-1203295-8076319,,DC-K5WH-R7F5,DC-K5WH-R7F5
59047913321362,206-1203295-8076319,,DC-K5WH-R7F5,DC-K5WH-R7F5
59047913321362,206-1203295-8076319,,DC-K5WH-R7F5,DC-K5WH-R7F5
59060179200402,206-0014896-9189948,,6V-EEC1-2S9Z,6V-EEC1-2S9Z
59060179200402,206-0014896-9189948,,6V-EEC1-2S9Z,6V-EEC1-2S9Z
59060179200402,206-0014896-9189948,,6V-EEC1-2S9Z,6V-EEC1-2S9Z
59060179200402,206-0014896-9189948,,6V-EEC1-2S9Z,6V-EEC1-2S9Z
59060179200402,206-0014896-9189948,,6V-EEC1-2S9Z,6V-EEC1-2S9Z
59060179200402,206-0014896-9189948,,6V-EEC1-2S9Z,6V-EEC1-2S9Z
59175617417482,202-5973204-1836350,,WX-L5UA-UB1Q,WX-L5UA-UB1Q
59175617417482,202-5973204-1836350,,WX-L5UA-UB1Q,WX-L5UA-UB1Q
59175617417482,202-5973204-1836350,,WX-L5UA-UB1Q,WX-L5UA-UB1Q
59175617417482,202-5973204-1836350,,WX-L5UA-UB1Q,WX-L5UA-UB1Q
59175617417482,202-5973204-1836350,,WX-L5UA-UB1Q,WX-L5UA-UB1Q
59175617417482,202-5973204-1836350,,WX-L5UA-UB1Q,WX-L5UA-UB1Q
59047505658282,206-7386909-2473111,,6V-EEC1-2S9Z,6V-EEC1-2S9Z
59047505658282,206-7386909-2473111,,6V-EEC1-2S9Z,6V-EEC1-2S9Z
59047505658282,206-7386909-2473111,,6V-EEC1-2S9Z,6V-EEC1-2S9Z
59047505658282,206-7386909-2473111,,6V-EEC1-2S9Z,6V-EEC1-2S9Z
59047505658282,206-7386909-2473111,,6V-EEC1-2S9Z,6V-EEC1-2S9Z
59047505658282,206-7386909-2473111,,6V-EEC1-2S9Z,6V-EEC1-2S9Z
59175901036362,026-3086064-2050736,,TU-8I14-25ZR,TU-8I14-25ZR
59175901036362,026-3086064-2050736,,TU-8I14-25ZR,TU-8I14-25ZR
59175901036362,026-3086064-2050736,,TU-8I14-25ZR,TU-8I14-25ZR
59175901036362,026-3086064-2050736,,TU-8I14-25ZR,TU-8I14-25ZR
59175901036362,026-3086064-2050736,,TU-8I14-25ZR,TU-8I14-25ZR
59175901036362,026-3086064-2050736,,TU-8I14-25ZR,TU-8I14-25ZR
59175901036362,026-3086064-2050736,,TU-8I14-25ZR,TU-8I14-25ZR
59175901036362,026-3086064-2050736,,TU-8I14-25ZR,TU-8I14-25ZR
59175901036362,026-3086064-2050736,,TU-8I14-25ZR,TU-8I14-25ZR
59175901036362,026-3086064-2050736,,TU-8I14-25ZR,TU-8I14-25ZR
59123939740442,202-0317895-5938767,,EV-CHU5-XU3G,EV-CHU5-XU3G
59123939740442,202-0317895-5938767,,EV-CHU5-XU3G,EV-CHU5-XU3G
59123939740442,202-0317895-5938767,,EV-CHU5-XU3G,EV-CHU5-XU3G
59123939740442,202-0317895-5938767,,EV-CHU5-XU3G,EV-CHU5-XU3G
59123939740442,202-0317895-5938767,,EV-CHU5-XU3G,EV-CHU5-XU3G
59123939740442,202-0317895-5938767,,EV-CHU5-XU3G,EV-CHU5-XU3G
59122160156402,202-5046535-7958758,,SU-5LQH-2DVN,SU-5LQH-2DVN
59122160156402,202-5046535-7958758,,SU-5LQH-2DVN,SU-5LQH-2DVN
59122160156402,202-5046535-7958758,,SU-5LQH-2DVN,SU-5LQH-2DVN
59122160156402,202-5046535-7958758,,SU-5LQH-2DVN,SU-5LQH-2DVN
59122160156402,202-5046535-7958758,,SU-5LQH-2DVN,SU-5LQH-2DVN
59122160156402,202-5046535-7958758,,SU-5LQH-2DVN,SU-5LQH-2DVN
58962846586482,204-9990684-0496355,,BQ-O3OI-FTJU,BQ-O3OI-FTJU
58962846586482,204-9990684-0496355,,BQ-O3OI-FTJU,BQ-O3OI-FTJU
58962846586482,204-9990684-0496355,,BQ-O3OI-FTJU,BQ-O3OI-FTJU
58962846586482,204-9990684-0496355,,BQ-O3OI-FTJU,BQ-O3OI-FTJU
58962846586482,204-9990684-0496355,,BQ-O3OI-FTJU,BQ-O3OI-FTJU
59114531698762,203-8133131-1550749,,Z7-26PV-O9LR,Z7-26PV-O9LR
59114531698762,203-8133131-1550749,,Z7-26PV-O9LR,Z7-26PV-O9LR
59114531698762,203-8133131-1550749,,Z7-26PV-O9LR,Z7-26PV-O9LR
59114531698762,203-8133131-1550749,,Z7-26PV-O9LR,Z7-26PV-O9LR
59114531698762,203-8133131-1550749,,Z7-26PV-O9LR,Z7-26PV-O9LR
59114531698762,203-8133131-1550749,,Z7-26PV-O9LR,Z7-26PV-O9LR
59114531698762,203-8133131-1550749,,Z7-26PV-O9LR,Z7-26PV-O9LR
59114531698762,203-8133131-1550749,,Z7-26PV-O9LR,Z7-26PV-O9LR
59114531698762,203-8133131-1550749,,Z7-26PV-O9LR,Z7-26PV-O9LR
59114531698762,203-8133131-1550749,,Z7-26PV-O9LR,Z7-26PV-O9LR
59115060502922,026-2444204-7177923,,6V-EEC1-2S9Z,6V-EEC1-2S9Z
59115060502922,026-2444204-7177923,,6V-EEC1-2S9Z,6V-EEC1-2S9Z
59115060502922,026-2444204-7177923,,6V-EEC1-2S9Z,6V-EEC1-2S9Z
59115060502922,026-2444204-7177923,,6V-EEC1-2S9Z,6V-EEC1-2S9Z
59115060502922,026-2444204-7177923,,6V-EEC1-2S9Z,6V-EEC1-2S9Z
59115060502922,026-2444204-7177923,,6V-EEC1-2S9Z,6V-EEC1-2S9Z
59184219593242,206-5440980-9911509,,R7-98IN-2PW8,R7-98IN-2PW8
59184219593242,206-5440980-9911509,,R7-98IN-2PW8,R7-98IN-2PW8
59184219593242,206-5440980-9911509,,R7-98IN-2PW8,R7-98IN-2PW8
59184219593242,206-5440980-9911509,,R7-98IN-2PW8,R7-98IN-2PW8
59184219593242,206-5440980-9911509,,R7-98IN-2PW8,R7-98IN-2PW8
59184219593242,206-5440980-9911509,,R7-98IN-2PW8,R7-98IN-2PW8
59103489953802,202-9732458-2473169,,WX-L5UA-UB1Q,WX-L5UA-UB1Q
59103489953802,202-9732458-2473169,,WX-L5UA-UB1Q,WX-L5UA-UB1Q
59103489953802,202-9732458-2473169,,WX-L5UA-UB1Q,WX-L5UA-UB1Q
59103489953802,202-9732458-2473169,,WX-L5UA-UB1Q,WX-L5UA-UB1Q
59103489953802,202-9732458-2473169,,WX-L5UA-UB1Q,WX-L5UA-UB1Q
59103489953802,202-9732458-2473169,,WX-L5UA-UB1Q,WX-L5UA-UB1Q
59170330568802,203-9215222-3108300,,3T-6QPR-E2MV,3T-6QPR-E2MV
59170330568802,203-9215222-3108300,,3T-6QPR-E2MV,3T-6QPR-E2MV
59170330568802,203-9215222-3108300,,3T-6QPR-E2MV,3T-6QPR-E2MV
59170330568802,203-9215222-3108300,,3T-6QPR-E2MV,3T-6QPR-E2MV
59170330568802,203-9215222-3108300,,3T-6QPR-E2MV,3T-6QPR-E2MV
59170330568802,203-9215222-3108300,,3T-6QPR-E2MV,3T-6QPR-E2MV
59169284485522,026-4156114-0578767,,EV-CHU5-XU3G,EV-CHU5-XU3G
59169284485522,026-4156114-0578767,,EV-CHU5-XU3G,EV-CHU5-XU3G
59169284485522,026-4156114-0578767,,EV-CHU5-XU3G,EV-CHU5-XU3G
59169284485522,026-4156114-0578767,,EV-CHU5-XU3G,EV-CHU5-XU3G
59169284485522,026-4156114-0578767,,EV-CHU5-XU3G,EV-CHU5-XU3G
59169284485522,026-4156114-0578767,,EV-CHU5-XU3G,EV-CHU5-XU3G
59169284485522,026-4156114-0578767,,EV-CHU5-XU3G,EV-CHU5-XU3G
59169284485522,026-4156114-0578767,,EV-CHU5-XU3G,EV-CHU5-XU3G
59169284485522,026-4156114-0578767,,EV-CHU5-XU3G,EV-CHU5-XU3G
59048980214482,202-7894337-5758711,,6V-EEC1-2S9Z,6V-EEC1-2S9Z
59048980214482,202-7894337-5758711,,6V-EEC1-2S9Z,6V-EEC1-2S9Z
59048980214482,202-7894337-5758711,,6V-EEC1-2S9Z,6V-EEC1-2S9Z
59048980214482,202-7894337-5758711,,6V-EEC1-2S9Z,6V-EEC1-2S9Z
59048980214482,202-7894337-5758711,,6V-EEC1-2S9Z,6V-EEC1-2S9Z
59048980214482,202-7894337-5758711,,6V-EEC1-2S9Z,6V-EEC1-2S9Z
59121352213962,205-0240916-4113918,,49-4UKW-G81R,49-4UKW-G81R
59121352213962,205-0240916-4113918,,49-4UKW-G81R,49-4UKW-G81R
59121352213962,205-0240916-4113918,,49-4UKW-G81R,49-4UKW-G81R
59121352213962,205-0240916-4113918,,49-4UKW-G81R,49-4UKW-G81R
59121352213962,205-0240916-4113918,,49-4UKW-G81R,49-4UKW-G81R
59121352213962,205-0240916-4113918,,49-4UKW-G81R,49-4UKW-G81R
59047612276322,205-3557783-4505161,,6V-EEC1-2S9Z,6V-EEC1-2S9Z
59047612276322,205-3557783-4505161,,6V-EEC1-2S9Z,6V-EEC1-2S9Z
59047612276322,205-3557783-4505161,,6V-EEC1-2S9Z,6V-EEC1-2S9Z
59047612276322,205-3557783-4505161,,6V-EEC1-2S9Z,6V-EEC1-2S9Z
59047612276322,205-3557783-4505161,,6V-EEC1-2S9Z,6V-EEC1-2S9Z
59047612276322,205-3557783-4505161,,6V-EEC1-2S9Z,6V-EEC1-2S9Z
59183577153722,206-2201737-5225131,,SR-6OBB-WC03,SR-6OBB-WC03
59183577153722,206-2201737-5225131,,SR-6OBB-WC03,SR-6OBB-WC03
59183577153722,206-2201737-5225131,,SR-6OBB-WC03,SR-6OBB-WC03
59183577153722,206-2201737-5225131,,SR-6OBB-WC03,SR-6OBB-WC03
59183577153722,206-2201737-5225131,,SR-6OBB-WC03,SR-6OBB-WC03
59183577153722,206-2201737-5225131,,SR-6OBB-WC03,SR-6OBB-WC03
59183568163562,205-6512589-0785133,,NN-TSZ1-X2RD,NN-TSZ1-X2RD
59183568163562,205-6512589-0785133,,NN-TSZ1-X2RD,NN-TSZ1-X2RD
59183568163562,205-6512589-0785133,,NN-TSZ1-X2RD,NN-TSZ1-X2RD
59183568163562,205-6512589-0785133,,NN-TSZ1-X2RD,NN-TSZ1-X2RD
59183568163562,205-6512589-0785133,,NN-TSZ1-X2RD,NN-TSZ1-X2RD
59183568163562,205-6512589-0785133,,NN-TSZ1-X2RD,NN-TSZ1-X2RD
59018739748682,203-7300871-9980312,,VU-8KRA-QP5M,VU-8KRA-QP5M
59018739748682,203-7300871-9980312,,VU-8KRA-QP5M,VU-8KRA-QP5M
59018739748682,203-7300871-9980312,,VU-8KRA-QP5M,VU-8KRA-QP5M
59018739748682,203-7300871-9980312,,VU-8KRA-QP5M,VU-8KRA-QP5M
59018739748682,203-7300871-9980312,,VU-8KRA-QP5M,VU-8KRA-QP5M
59018739748682,203-7300871-9980312,,VU-8KRA-QP5M,VU-8KRA-QP5M
58898762162322,204-5090014-5156352,,3E-62Y1-WPYU,3E-62Y1-WPYU
58898762162322,204-5090014-5156352,,3E-62Y1-WPYU,3E-62Y1-WPYU
58898762162322,204-5090014-5156352,,3E-62Y1-WPYU,3E-62Y1-WPYU
58898762162322,204-5090014-5156352,,3E-62Y1-WPYU,3E-62Y1-WPYU
58898762162322,204-5090014-5156352,,3E-62Y1-WPYU,3E-62Y1-WPYU
59186764400962,026-8070484-2897147,,MW-9K5M-VKW8,MW-9K5M-VKW8
59186764400962,026-8070484-2897147,,MW-9K5M-VKW8,MW-9K5M-VKW8
59186764400962,026-8070484-2897147,,MW-9K5M-VKW8,MW-9K5M-VKW8
59186764400962,026-8070484-2897147,,MW-9K5M-VKW8,MW-9K5M-VKW8
59186764400962,026-8070484-2897147,,MW-9K5M-VKW8,MW-9K5M-VKW8
59186764400962,026-8070484-2897147,,MW-9K5M-VKW8,MW-9K5M-VKW8
59125554911842,202-1541862-4187557,,NN-TSZ1-X2RD,NN-TSZ1-X2RD
59125554911842,202-1541862-4187557,,NN-TSZ1-X2RD,NN-TSZ1-X2RD
59125554911842,202-1541862-4187557,,NN-TSZ1-X2RD,NN-TSZ1-X2RD
59125554911842,202-1541862-4187557,,NN-TSZ1-X2RD,NN-TSZ1-X2RD
59125554911842,202-1541862-4187557,,NN-TSZ1-X2RD,NN-TSZ1-X2RD
59125554911842,202-1541862-4187557,,NN-TSZ1-X2RD,NN-TSZ1-X2RD
59125554911842,202-1541862-4187557,,NN-TSZ1-X2RD,NN-TSZ1-X2RD
59125554911842,202-1541862-4187557,,NN-TSZ1-X2RD,NN-TSZ1-X2RD
59125554911842,202-1541862-4187557,,NN-TSZ1-X2RD,NN-TSZ1-X2RD
59125554911842,202-1541862-4187557,,NN-TSZ1-X2RD,NN-TSZ1-X2RD
59125554911842,202-1541862-4187557,,NN-TSZ1-X2RD,NN-TSZ1-X2RD
59125554911842,202-1541862-4187557,,NN-TSZ1-X2RD,NN-TSZ1-X2RD
59125554911842,202-1541862-4187557,,NN-TSZ1-X2RD,NN-TSZ1-X2RD
59125554911842,202-1541862-4187557,,NN-TSZ1-X2RD,NN-TSZ1-X2RD
59125554911842,202-1541862-4187557,,NN-TSZ1-X2RD,NN-TSZ1-X2RD
59125554911842,202-1541862-4187557,,NN-TSZ1-X2RD,NN-TSZ1-X2RD
59125554911842,202-1541862-4187557,,NN-TSZ1-X2RD,NN-TSZ1-X2RD
59125554911842,202-1541862-4187557,,NN-TSZ1-X2RD,NN-TSZ1-X2RD
59125554911842,202-1541862-4187557,,NN-TSZ1-X2RD,NN-TSZ1-X2RD
59175167480042,204-9534717-0636306,,EV-CHU5-XU3G,EV-CHU5-XU3G
59175167480042,204-9534717-0636306,,EV-CHU5-XU3G,EV-CHU5-XU3G
59175167480042,204-9534717-0636306,,EV-CHU5-XU3G,EV-CHU5-XU3G
59175167480042,204-9534717-0636306,,EV-CHU5-XU3G,EV-CHU5-XU3G
59175167480042,204-9534717-0636306,,EV-CHU5-XU3G,EV-CHU5-XU3G
59175167480042,204-9534717-0636306,,EV-CHU5-XU3G,EV-CHU5-XU3G
59175108498682,026-5486181-7362734,,TU-8I14-25ZR,TU-8I14-25ZR
59175108498682,026-5486181-7362734,,TU-8I14-25ZR,TU-8I14-25ZR
59175108498682,026-5486181-7362734,,TU-8I14-25ZR,TU-8I14-25ZR
59175108498682,026-5486181-7362734,,TU-8I14-25ZR,TU-8I14-25ZR
59175108498682,026-5486181-7362734,,TU-8I14-25ZR,TU-8I14-25ZR
59175108498682,026-5486181-7362734,,TU-8I14-25ZR,TU-8I14-25ZR
59180987884002,205-2901731-8429115,,Z7-26PV-O9LR,Z7-26PV-O9LR
59180987884002,205-2901731-8429115,,Z7-26PV-O9LR,Z7-26PV-O9LR
59180987884002,205-2901731-8429115,,Z7-26PV-O9LR,Z7-26PV-O9LR
59180987884002,205-2901731-8429115,,Z7-26PV-O9LR,Z7-26PV-O9LR
59180987884002,205-2901731-8429115,,Z7-26PV-O9LR,Z7-26PV-O9LR
59180987884002,205-2901731-8429115,,Z7-26PV-O9LR,Z7-26PV-O9LR
59111434341922,202-1191826-1906742,,PE-G94Y-4PYO,PE-G94Y-4PYO
59111434341922,202-1191826-1906742,,PE-G94Y-4PYO,PE-G94Y-4PYO
59111434341922,202-1191826-1906742,,PE-G94Y-4PYO,PE-G94Y-4PYO
59111434341922,202-1191826-1906742,,PE-G94Y-4PYO,PE-G94Y-4PYO
59111434341922,202-1191826-1906742,,PE-G94Y-4PYO,PE-G94Y-4PYO
59111434341922,202-1191826-1906742,,PE-G94Y-4PYO,PE-G94Y-4PYO
59103662271802,026-6069789-3163566,,6V-EEC1-2S9Z,6V-EEC1-2S9Z
59103662271802,026-6069789-3163566,,6V-EEC1-2S9Z,6V-EEC1-2S9Z
59103662271802,026-6069789-3163566,,6V-EEC1-2S9Z,6V-EEC1-2S9Z
59103662271802,026-6069789-3163566,,6V-EEC1-2S9Z,6V-EEC1-2S9Z
59103662271802,026-6069789-3163566,,6V-EEC1-2S9Z,6V-EEC1-2S9Z
59103662271802,026-6069789-3163566,,6V-EEC1-2S9Z,6V-EEC1-2S9Z
59113780103842,026-4049597-6995559,,DC-K5WH-R7F5,DC-K5WH-R7F5
59113780103842,026-4049597-6995559,,DC-K5WH-R7F5,DC-K5WH-R7F5
59113780103842,026-4049597-6995559,,DC-K5WH-R7F5,DC-K5WH-R7F5
59113780103842,026-4049597-6995559,,DC-K5WH-R7F5,DC-K5WH-R7F5
59113780103842,026-4049597-6995559,,DC-K5WH-R7F5,DC-K5WH-R7F5
59113780103842,026-4049597-6995559,,DC-K5WH-R7F5,DC-K5WH-R7F5
59184837158082,026-1213119-5142735,,WX-L5UA-UB1Q,WX-L5UA-UB1Q
59184837158082,026-1213119-5142735,,WX-L5UA-UB1Q,WX-L5UA-UB1Q
59184837158082,026-1213119-5142735,,WX-L5UA-UB1Q,WX-L5UA-UB1Q
59184837158082,026-1213119-5142735,,WX-L5UA-UB1Q,WX-L5UA-UB1Q
59184837158082,026-1213119-5142735,,WX-L5UA-UB1Q,WX-L5UA-UB1Q
59184837158082,026-1213119-5142735,,WX-L5UA-UB1Q,WX-L5UA-UB1Q
59171659639442,202-2922635-6042761,,RI-VSUS-0YTD,RI-VSUS-0YTD
59171659639442,202-2922635-6042761,,RI-VSUS-0YTD,RI-VSUS-0YTD
59171659639442,202-2922635-6042761,,RI-VSUS-0YTD,RI-VSUS-0YTD
59171659639442,202-2922635-6042761,,RI-VSUS-0YTD,RI-VSUS-0YTD
59171659639442,202-2922635-6042761,,RI-VSUS-0YTD,RI-VSUS-0YTD
59171659639442,202-2922635-6042761,,RI-VSUS-0YTD,RI-VSUS-0YTD
59180679375082,026-8028816-0518704,,RZ-6ZL9-CZ7J,RZ-6ZL9-CZ7J
59180679375082,026-8028816-0518704,,RZ-6ZL9-CZ7J,RZ-6ZL9-CZ7J
59180679375082,026-8028816-0518704,,RZ-6ZL9-CZ7J,RZ-6ZL9-CZ7J
59180679375082,026-8028816-0518704,,RZ-6ZL9-CZ7J,RZ-6ZL9-CZ7J
59180679375082,026-8028816-0518704,,RZ-6ZL9-CZ7J,RZ-6ZL9-CZ7J
59180679375082,026-8028816-0518704,,RZ-6ZL9-CZ7J,RZ-6ZL9-CZ7J
59173135903242,204-0631055-2283516,,XE-YPAI-HX9F,XE-YPAI-HX9F
59173135903242,204-0631055-2283516,,XE-YPAI-HX9F,XE-YPAI-HX9F
59173135903242,204-0631055-2283516,,XE-YPAI-HX9F,XE-YPAI-HX9F
59173135903242,204-0631055-2283516,,XE-YPAI-HX9F,XE-YPAI-HX9F
59173135903242,204-0631055-2283516,,XE-YPAI-HX9F,XE-YPAI-HX9F
59173135903242,204-0631055-2283516,,XE-YPAI-HX9F,XE-YPAI-HX9F
59173135903242,204-0631055-2283516,,XE-YPAI-HX9F,XE-YPAI-HX9F
59173135903242,204-0631055-2283516,,XE-YPAI-HX9F,XE-YPAI-HX9F
59173135903242,204-0631055-2283516,,XE-YPAI-HX9F,XE-YPAI-HX9F
59173135903242,204-0631055-2283516,,XE-YPAI-HX9F,XE-YPAI-HX9F
59168393231962,202-4367245-4593960,,WX-L5UA-UB1Q,WX-L5UA-UB1Q
59168393231962,202-4367245-4593960,,WX-L5UA-UB1Q,WX-L5UA-UB1Q
59168393231962,202-4367245-4593960,,WX-L5UA-UB1Q,WX-L5UA-UB1Q
59168393231962,202-4367245-4593960,,WX-L5UA-UB1Q,WX-L5UA-UB1Q
59168393231962,202-4367245-4593960,,WX-L5UA-UB1Q,WX-L5UA-UB1Q
59168393231962,202-4367245-4593960,,WX-L5UA-UB1Q,WX-L5UA-UB1Q
59185271979682,205-4638138-7832362,,R7-98IN-2PW8,R7-98IN-2PW8
59185271979682,205-4638138-7832362,,R7-98IN-2PW8,R7-98IN-2PW8
59185271979682,205-4638138-7832362,,R7-98IN-2PW8,R7-98IN-2PW8
59185271979682,205-4638138-7832362,,R7-98IN-2PW8,R7-98IN-2PW8
59185271979682,205-4638138-7832362,,R7-98IN-2PW8,R7-98IN-2PW8
59185271979682,205-4638138-7832362,,R7-98IN-2PW8,R7-98IN-2PW8
59185271979682,205-4638138-7832362,,R7-98IN-2PW8,R7-98IN-2PW8
59185271979682,205-4638138-7832362,,R7-98IN-2PW8,R7-98IN-2PW8
59185271979682,205-4638138-7832362,,R7-98IN-2PW8,R7-98IN-2PW8
59185271979682,205-4638138-7832362,,R7-98IN-2PW8,R7-98IN-2PW8
59171504569682,205-4897922-5455543,,SU-5LQH-2DVN,SU-5LQH-2DVN
59171504569682,205-4897922-5455543,,SU-5LQH-2DVN,SU-5LQH-2DVN
59171504569682,205-4897922-5455543,,SU-5LQH-2DVN,SU-5LQH-2DVN
59171504569682,205-4897922-5455543,,SU-5LQH-2DVN,SU-5LQH-2DVN
59171504569682,205-4897922-5455543,,SU-5LQH-2DVN,SU-5LQH-2DVN
59171504569682,205-4897922-5455543,,SU-5LQH-2DVN,SU-5LQH-2DVN
59192971457282,205-1192613-5107565,,H6-E7MP-EBPD,H6-E7MP-EBPD
59192971457282,205-1192613-5107565,,H6-E7MP-EBPD,H6-E7MP-EBPD
59192971457282,205-1192613-5107565,,H6-E7MP-EBPD,H6-E7MP-EBPD
59192971457282,205-1192613-5107565,,H6-E7MP-EBPD,H6-E7MP-EBPD
59192971457282,205-1192613-5107565,,H6-E7MP-EBPD,H6-E7MP-EBPD
59192971457282,205-1192613-5107565,,H6-E7MP-EBPD,H6-E7MP-EBPD
59192971457282,205-1192613-5107565,,H6-E7MP-EBPD,H6-E7MP-EBPD
59192971457282,205-1192613-5107565,,H6-E7MP-EBPD,H6-E7MP-EBPD
59192971457282,205-1192613-5107565,,H6-E7MP-EBPD,H6-E7MP-EBPD
59192971457282,205-1192613-5107565,,H6-E7MP-EBPD,H6-E7MP-EBPD
59045539469922,206-7159304-5721127,,6V-EEC1-2S9Z,6V-EEC1-2S9Z
59045539469922,206-7159304-5721127,,6V-EEC1-2S9Z,6V-EEC1-2S9Z
59045539469922,206-7159304-5721127,,6V-EEC1-2S9Z,6V-EEC1-2S9Z
59045539469922,206-7159304-5721127,,6V-EEC1-2S9Z,6V-EEC1-2S9Z
59045539469922,206-7159304-5721127,,6V-EEC1-2S9Z,6V-EEC1-2S9Z
59045539469922,206-7159304-5721127,,6V-EEC1-2S9Z,6V-EEC1-2S9Z
59115776145002,203-0191431-2165931,,6V-EEC1-2S9Z,6V-EEC1-2S9Z
59115776145002,203-0191431-2165931,,6V-EEC1-2S9Z,6V-EEC1-2S9Z
59115776145002,203-0191431-2165931,,6V-EEC1-2S9Z,6V-EEC1-2S9Z
59115776145002,203-0191431-2165931,,6V-EEC1-2S9Z,6V-EEC1-2S9Z
59115776145002,203-0191431-2165931,,6V-EEC1-2S9Z,6V-EEC1-2S9Z
59115776145002,203-0191431-2165931,,6V-EEC1-2S9Z,6V-EEC1-2S9Z
59171985326922,204-7731019-1735542,,Z7-26PV-O9LR,Z7-26PV-O9LR
59171985326922,204-7731019-1735542,,Z7-26PV-O9LR,Z7-26PV-O9LR
59171985326922,204-7731019-1735542,,Z7-26PV-O9LR,Z7-26PV-O9LR
59171985326922,204-7731019-1735542,,Z7-26PV-O9LR,Z7-26PV-O9LR
59171985326922,204-7731019-1735542,,Z7-26PV-O9LR,Z7-26PV-O9LR
59171985326922,204-7731019-1735542,,Z7-26PV-O9LR,Z7-26PV-O9LR
59200582347242,202-8986915-4556366,,F7-PMJ2-SG6A,F7-PMJ2-SG6A
59200582347242,202-8986915-4556366,,F7-PMJ2-SG6A,F7-PMJ2-SG6A
59200582347242,202-8986915-4556366,,F7-PMJ2-SG6A,F7-PMJ2-SG6A
59200582347242,202-8986915-4556366,,F7-PMJ2-SG6A,F7-PMJ2-SG6A
59200582347242,202-8986915-4556366,,F7-PMJ2-SG6A,F7-PMJ2-SG6A
59200582347242,202-8986915-4556366,,F7-PMJ2-SG6A,F7-PMJ2-SG6A
59200582347242,202-8986915-4556366,,F7-PMJ2-SG6A,F7-PMJ2-SG6A
59200582347242,202-8986915-4556366,,F7-PMJ2-SG6A,F7-PMJ2-SG6A
59200582347242,202-8986915-4556366,,F7-PMJ2-SG6A,F7-PMJ2-SG6A
59200582347242,202-8986915-4556366,,F7-PMJ2-SG6A,F7-PMJ2-SG6A
58912755369442,204-2149807-4618749,,TU-8I14-25ZR,TU-8I14-25ZR
58912755369442,204-2149807-4618749,,TU-8I14-25ZR,TU-8I14-25ZR
58912755369442,204-2149807-4618749,,TU-8I14-25ZR,TU-8I14-25ZR
58912755369442,204-2149807-4618749,,TU-8I14-25ZR,TU-8I14-25ZR
58912755369442,204-2149807-4618749,,TU-8I14-25ZR,TU-8I14-25ZR
59122570691322,204-6080108-9402746,,RI-VSUS-0YTD,RI-VSUS-0YTD
59122570691322,204-6080108-9402746,,RI-VSUS-0YTD,RI-VSUS-0YTD
59122570691322,204-6080108-9402746,,RI-VSUS-0YTD,RI-VSUS-0YTD
59122570691322,204-6080108-9402746,,RI-VSUS-0YTD,RI-VSUS-0YTD
59122570691322,204-6080108-9402746,,RI-VSUS-0YTD,RI-VSUS-0YTD
59122570691322,204-6080108-9402746,,RI-VSUS-0YTD,RI-VSUS-0YTD
59181361188922,205-7382454-5641917,,4F-HT42-FD26,4F-HT42-FD26
59181361188922,205-7382454-5641917,,4F-HT42-FD26,4F-HT42-FD26
59181361188922,205-7382454-5641917,,4F-HT42-FD26,4F-HT42-FD26
59181361188922,205-7382454-5641917,,4F-HT42-FD26,4F-HT42-FD26
59181361188922,205-7382454-5641917,,4F-HT42-FD26,4F-HT42-FD26
59181361188922,205-7382454-5641917,,4F-HT42-FD26,4F-HT42-FD26
59175901036362,026-3086064-2050736,,TU-8I14-25ZR,TU-8I14-25ZR
59175901036362,026-3086064-2050736,,TU-8I14-25ZR,TU-8I14-25ZR
59175901036362,026-3086064-2050736,,TU-8I14-25ZR,TU-8I14-25ZR
59175901036362,026-3086064-2050736,,TU-8I14-25ZR,TU-8I14-25ZR
59175901036362,026-3086064-2050736,,TU-8I14-25ZR,TU-8I14-25ZR
59175901036362,026-3086064-2050736,,TU-8I14-25ZR,TU-8I14-25ZR
59175901036362,026-3086064-2050736,,TU-8I14-25ZR,TU-8I14-25ZR
59175901036362,026-3086064-2050736,,TU-8I14-25ZR,TU-8I14-25ZR
59175901036362,026-3086064-2050736,,TU-8I14-25ZR,TU-8I14-25ZR
59185271979682,205-4638138-7832362,,R7-98IN-2PW8,R7-98IN-2PW8
59185271979682,205-4638138-7832362,,R7-98IN-2PW8,R7-98IN-2PW8
59185271979682,205-4638138-7832362,,R7-98IN-2PW8,R7-98IN-2PW8
59185271979682,205-4638138-7832362,,R7-98IN-2PW8,R7-98IN-2PW8
59185271979682,205-4638138-7832362,,R7-98IN-2PW8,R7-98IN-2PW8
59185271979682,205-4638138-7832362,,R7-98IN-2PW8,R7-98IN-2PW8
59185271979682,205-4638138-7832362,,R7-98IN-2PW8,R7-98IN-2PW8
59185271979682,205-4638138-7832362,,R7-98IN-2PW8,R7-98IN-2PW8
59185271979682,205-4638138-7832362,,R7-98IN-2PW8,R7-98IN-2PW8
59118628839162,203-4267674-5775516,,4F-HT42-FD26,4F-HT42-FD26
59118628839162,203-4267674-5775516,,4F-HT42-FD26,4F-HT42-FD26
59118628839162,203-4267674-5775516,,4F-HT42-FD26,4F-HT42-FD26
59118628839162,203-4267674-5775516,,4F-HT42-FD26,4F-HT42-FD26
59118628839162,203-4267674-5775516,,4F-HT42-FD26,4F-HT42-FD26
59118628839162,203-4267674-5775516,,4F-HT42-FD26,4F-HT42-FD26
59118628839162,203-4267674-5775516,,4F-HT42-FD26,4F-HT42-FD26
59118628839162,203-4267674-5775516,,4F-HT42-FD26,4F-HT42-FD26
59118628839162,203-4267674-5775516,,4F-HT42-FD26,4F-HT42-FD26
59118628839162,203-4267674-5775516,,4F-HT42-FD26,4F-HT42-FD26
59179341331842,202-2771830-6632317,,VU-8KRA-QP5M,VU-8KRA-QP5M
59179341331842,202-2771830-6632317,,VU-8KRA-QP5M,VU-8KRA-QP5M
59179341331842,202-2771830-6632317,,VU-8KRA-QP5M,VU-8KRA-QP5M
59179341331842,202-2771830-6632317,,VU-8KRA-QP5M,VU-8KRA-QP5M
59179341331842,202-2771830-6632317,,VU-8KRA-QP5M,VU-8KRA-QP5M
59179341331842,202-2771830-6632317,,VU-8KRA-QP5M,VU-8KRA-QP5M
59207752771122,202-4467900-1744337,,TU-8I14-25ZR,TU-8I14-25ZR
59207752771122,202-4467900-1744337,,TU-8I14-25ZR,TU-8I14-25ZR
59207752771122,202-4467900-1744337,,TU-8I14-25ZR,TU-8I14-25ZR
59207752771122,202-4467900-1744337,,TU-8I14-25ZR,TU-8I14-25ZR
59207752771122,202-4467900-1744337,,TU-8I14-25ZR,TU-8I14-25ZR
59207752771122,202-4467900-1744337,,TU-8I14-25ZR,TU-8I14-25ZR
59202974554842,203-3529469-8211512,,MW-9K5M-VKW8,MW-9K5M-VKW8
59202974554842,203-3529469-8211512,,MW-9K5M-VKW8,MW-9K5M-VKW8
59202974554842,203-3529469-8211512,,MW-9K5M-VKW8,MW-9K5M-VKW8
59202974554842,203-3529469-8211512,,MW-9K5M-VKW8,MW-9K5M-VKW8
59202974554842,203-3529469-8211512,,MW-9K5M-VKW8,MW-9K5M-VKW8
59202974554842,203-3529469-8211512,,MW-9K5M-VKW8,MW-9K5M-VKW8
59192508114042,205-3093647-6751569,,WX-L5UA-UB1Q,WX-L5UA-UB1Q
59192508114042,205-3093647-6751569,,WX-L5UA-UB1Q,WX-L5UA-UB1Q
59192508114042,205-3093647-6751569,,WX-L5UA-UB1Q,WX-L5UA-UB1Q
59192508114042,205-3093647-6751569,,WX-L5UA-UB1Q,WX-L5UA-UB1Q
59192508114042,205-3093647-6751569,,WX-L5UA-UB1Q,WX-L5UA-UB1Q
59192508114042,205-3093647-6751569,,WX-L5UA-UB1Q,WX-L5UA-UB1Q
59209952629122,203-2927155-9138704,,MW-9K5M-VKW8,MW-9K5M-VKW8
59209952629122,203-2927155-9138704,,MW-9K5M-VKW8,MW-9K5M-VKW8
59209952629122,203-2927155-9138704,,MW-9K5M-VKW8,MW-9K5M-VKW8
59209952629122,203-2927155-9138704,,MW-9K5M-VKW8,MW-9K5M-VKW8
59209952629122,203-2927155-9138704,,MW-9K5M-VKW8,MW-9K5M-VKW8
59209952629122,203-2927155-9138704,,MW-9K5M-VKW8,MW-9K5M-VKW8
59195773249882,205-2113226-1779563,,XE-YPAI-HX9F,XE-YPAI-HX9F
59195773249882,205-2113226-1779563,,XE-YPAI-HX9F,XE-YPAI-HX9F
59195773249882,205-2113226-1779563,,XE-YPAI-HX9F,XE-YPAI-HX9F
59195773249882,205-2113226-1779563,,XE-YPAI-HX9F,XE-YPAI-HX9F
59195773249882,205-2113226-1779563,,XE-YPAI-HX9F,XE-YPAI-HX9F
59195773249882,205-2113226-1779563,,XE-YPAI-HX9F,XE-YPAI-HX9F
59202723577722,203-8837079-9175546,,MW-9K5M-VKW8,MW-9K5M-VKW8
59202723577722,203-8837079-9175546,,MW-9K5M-VKW8,MW-9K5M-VKW8
59202723577722,203-8837079-9175546,,MW-9K5M-VKW8,MW-9K5M-VKW8
59202723577722,203-8837079-9175546,,MW-9K5M-VKW8,MW-9K5M-VKW8
59202723577722,203-8837079-9175546,,MW-9K5M-VKW8,MW-9K5M-VKW8
59202723577722,203-8837079-9175546,,MW-9K5M-VKW8,MW-9K5M-VKW8
59120808853242,206-5985829-3521138,,DC-K5WH-R7F5,DC-K5WH-R7F5
59120808853242,206-5985829-3521138,,DC-K5WH-R7F5,DC-K5WH-R7F5
59120808853242,206-5985829-3521138,,DC-K5WH-R7F5,DC-K5WH-R7F5
59120808853242,206-5985829-3521138,,DC-K5WH-R7F5,DC-K5WH-R7F5
59120808853242,206-5985829-3521138,,DC-K5WH-R7F5,DC-K5WH-R7F5
59120808853242,206-5985829-3521138,,DC-K5WH-R7F5,DC-K5WH-R7F5
59120808853242,206-5985829-3521138,,DC-K5WH-R7F5,DC-K5WH-R7F5
59120808853242,206-5985829-3521138,,DC-K5WH-R7F5,DC-K5WH-R7F5
59120808853242,206-5985829-3521138,,DC-K5WH-R7F5,DC-K5WH-R7F5
59120808853242,206-5985829-3521138,,DC-K5WH-R7F5,DC-K5WH-R7F5
59208009480122,026-4686554-3419531,,WX-L5UA-UB1Q,WX-L5UA-UB1Q
59208009480122,026-4686554-3419531,,WX-L5UA-UB1Q,WX-L5UA-UB1Q
59208009480122,026-4686554-3419531,,WX-L5UA-UB1Q,WX-L5UA-UB1Q
59208009480122,026-4686554-3419531,,WX-L5UA-UB1Q,WX-L5UA-UB1Q
59208009480122,026-4686554-3419531,,WX-L5UA-UB1Q,WX-L5UA-UB1Q
59208009480122,026-4686554-3419531,,WX-L5UA-UB1Q,WX-L5UA-UB1Q
59183325198522,204-1597994-5073115,,TU-8I14-25ZR,TU-8I14-25ZR
59183325198522,204-1597994-5073115,,TU-8I14-25ZR,TU-8I14-25ZR
59183325198522,204-1597994-5073115,,TU-8I14-25ZR,TU-8I14-25ZR
59183325198522,204-1597994-5073115,,TU-8I14-25ZR,TU-8I14-25ZR
59183325198522,204-1597994-5073115,,TU-8I14-25ZR,TU-8I14-25ZR
59183325198522,204-1597994-5073115,,TU-8I14-25ZR,TU-8I14-25ZR
59196662998242,202-0758920-0676351,,SU-5LQH-2DVN,SU-5LQH-2DVN
59196662998242,202-0758920-0676351,,SU-5LQH-2DVN,SU-5LQH-2DVN
59196662998242,202-0758920-0676351,,SU-5LQH-2DVN,SU-5LQH-2DVN
59196662998242,202-0758920-0676351,,SU-5LQH-2DVN,SU-5LQH-2DVN
59196662998242,202-0758920-0676351,,SU-5LQH-2DVN,SU-5LQH-2DVN
59196662998242,202-0758920-0676351,,SU-5LQH-2DVN,SU-5LQH-2DVN
59193548306442,204-2663705-7484306,,WX-L5UA-UB1Q,WX-L5UA-UB1Q
59193548306442,204-2663705-7484306,,WX-L5UA-UB1Q,WX-L5UA-UB1Q
59193548306442,204-2663705-7484306,,WX-L5UA-UB1Q,WX-L5UA-UB1Q
59193548306442,204-2663705-7484306,,WX-L5UA-UB1Q,WX-L5UA-UB1Q
59193548306442,204-2663705-7484306,,WX-L5UA-UB1Q,WX-L5UA-UB1Q
59193548306442,204-2663705-7484306,,WX-L5UA-UB1Q,WX-L5UA-UB1Q
59193463602722,202-1182693-7792337,,WX-L5UA-UB1Q,WX-L5UA-UB1Q
59193463602722,202-1182693-7792337,,WX-L5UA-UB1Q,WX-L5UA-UB1Q
59193463602722,202-1182693-7792337,,WX-L5UA-UB1Q,WX-L5UA-UB1Q
59193463602722,202-1182693-7792337,,WX-L5UA-UB1Q,WX-L5UA-UB1Q
59193463602722,202-1182693-7792337,,WX-L5UA-UB1Q,WX-L5UA-UB1Q
59193463602722,202-1182693-7792337,,WX-L5UA-UB1Q,WX-L5UA-UB1Q
59123119705682,026-8887771-8761901,,TU-8I14-25ZR,TU-8I14-25ZR
59123119705682,026-8887771-8761901,,TU-8I14-25ZR,TU-8I14-25ZR
59123119705682,026-8887771-8761901,,TU-8I14-25ZR,TU-8I14-25ZR
59123119705682,026-8887771-8761901,,TU-8I14-25ZR,TU-8I14-25ZR
59123119705682,026-8887771-8761901,,TU-8I14-25ZR,TU-8I14-25ZR
59123119705682,026-8887771-8761901,,TU-8I14-25ZR,TU-8I14-25ZR
59123119705682,026-8887771-8761901,,TU-8I14-25ZR,TU-8I14-25ZR
59123119705682,026-8887771-8761901,,TU-8I14-25ZR,TU-8I14-25ZR
59123119705682,026-8887771-8761901,,TU-8I14-25ZR,TU-8I14-25ZR
59182544877162,203-0310058-9573145,,WX-L5UA-UB1Q,WX-L5UA-UB1Q
59182544877162,203-0310058-9573145,,WX-L5UA-UB1Q,WX-L5UA-UB1Q
59182544877162,203-0310058-9573145,,WX-L5UA-UB1Q,WX-L5UA-UB1Q
59182544877162,203-0310058-9573145,,WX-L5UA-UB1Q,WX-L5UA-UB1Q
59182544877162,203-0310058-9573145,,WX-L5UA-UB1Q,WX-L5UA-UB1Q
59182544877162,203-0310058-9573145,,WX-L5UA-UB1Q,WX-L5UA-UB1Q
59204044079442,026-8772352-4054745,,XE-YPAI-HX9F,XE-YPAI-HX9F
59204044079442,026-8772352-4054745,,XE-YPAI-HX9F,XE-YPAI-HX9F
59204044079442,026-8772352-4054745,,XE-YPAI-HX9F,XE-YPAI-HX9F
59204044079442,026-8772352-4054745,,XE-YPAI-HX9F,XE-YPAI-HX9F
59204044079442,026-8772352-4054745,,XE-YPAI-HX9F,XE-YPAI-HX9F
59204044079442,026-8772352-4054745,,XE-YPAI-HX9F,XE-YPAI-HX9F
59204044079442,026-8772352-4054745,,XE-YPAI-HX9F,XE-YPAI-HX9F
59204044079442,026-8772352-4054745,,XE-YPAI-HX9F,XE-YPAI-HX9F
59204044079442,026-8772352-4054745,,XE-YPAI-HX9F,XE-YPAI-HX9F
59204044079442,026-8772352-4054745,,XE-YPAI-HX9F,XE-YPAI-HX9F
59172235224402,205-0767213-2917904,,WX-L5UA-UB1Q,WX-L5UA-UB1Q
59172235224402,205-0767213-2917904,,WX-L5UA-UB1Q,WX-L5UA-UB1Q
59172235224402,205-0767213-2917904,,WX-L5UA-UB1Q,WX-L5UA-UB1Q
59172235224402,205-0767213-2917904,,WX-L5UA-UB1Q,WX-L5UA-UB1Q
59172235224402,205-0767213-2917904,,WX-L5UA-UB1Q,WX-L5UA-UB1Q
59172235224402,205-0767213-2917904,,WX-L5UA-UB1Q,WX-L5UA-UB1Q
59209314072882,202-7148658-2936339,,EV-CHU5-XU3G,EV-CHU5-XU3G
59209314072882,202-7148658-2936339,,EV-CHU5-XU3G,EV-CHU5-XU3G
59209314072882,202-7148658-2936339,,EV-CHU5-XU3G,EV-CHU5-XU3G
59209314072882,202-7148658-2936339,,EV-CHU5-XU3G,EV-CHU5-XU3G
59209314072882,202-7148658-2936339,,EV-CHU5-XU3G,EV-CHU5-XU3G
59209314072882,202-7148658-2936339,,EV-CHU5-XU3G,EV-CHU5-XU3G
59214548121522,206-4836771-8977907,,MW-9K5M-VKW8,MW-9K5M-VKW8
59214548121522,206-4836771-8977907,,MW-9K5M-VKW8,MW-9K5M-VKW8
59214548121522,206-4836771-8977907,,MW-9K5M-VKW8,MW-9K5M-VKW8
59214548121522,206-4836771-8977907,,MW-9K5M-VKW8,MW-9K5M-VKW8
59214548121522,206-4836771-8977907,,MW-9K5M-VKW8,MW-9K5M-VKW8
59214548121522,206-4836771-8977907,,MW-9K5M-VKW8,MW-9K5M-VKW8
59211797866562,204-3588352-6693959,,F7-PMJ2-SG6A,F7-PMJ2-SG6A
59211797866562,204-3588352-6693959,,F7-PMJ2-SG6A,F7-PMJ2-SG6A
59211797866562,204-3588352-6693959,,F7-PMJ2-SG6A,F7-PMJ2-SG6A
59211797866562,204-3588352-6693959,,F7-PMJ2-SG6A,F7-PMJ2-SG6A
59211797866562,204-3588352-6693959,,F7-PMJ2-SG6A,F7-PMJ2-SG6A
59211797866562,204-3588352-6693959,,F7-PMJ2-SG6A,F7-PMJ2-SG6A
59197999828882,206-7447522-5339560,,WX-L5UA-UB1Q,WX-L5UA-UB1Q
59197999828882,206-7447522-5339560,,WX-L5UA-UB1Q,WX-L5UA-UB1Q
59197999828882,206-7447522-5339560,,WX-L5UA-UB1Q,WX-L5UA-UB1Q
59197999828882,206-7447522-5339560,,WX-L5UA-UB1Q,WX-L5UA-UB1Q
59197999828882,206-7447522-5339560,,WX-L5UA-UB1Q,WX-L5UA-UB1Q
59197999828882,206-7447522-5339560,,WX-L5UA-UB1Q,WX-L5UA-UB1Q
59212554124522,206-4871137-5668324,,XE-YPAI-HX9F,XE-YPAI-HX9F
59212554124522,206-4871137-5668324,,XE-YPAI-HX9F,XE-YPAI-HX9F
59212554124522,206-4871137-5668324,,XE-YPAI-HX9F,XE-YPAI-HX9F
59212554124522,206-4871137-5668324,,XE-YPAI-HX9F,XE-YPAI-HX9F
59212554124522,206-4871137-5668324,,XE-YPAI-HX9F,XE-YPAI-HX9F
59212554124522,206-4871137-5668324,,XE-YPAI-HX9F,XE-YPAI-HX9F
59189085915402,026-1117597-0899563,,VU-8KRA-QP5M,VU-8KRA-QP5M
59189085915402,026-1117597-0899563,,VU-8KRA-QP5M,VU-8KRA-QP5M
59189085915402,026-1117597-0899563,,VU-8KRA-QP5M,VU-8KRA-QP5M
59189085915402,026-1117597-0899563,,VU-8KRA-QP5M,VU-8KRA-QP5M
59189085915402,026-1117597-0899563,,VU-8KRA-QP5M,VU-8KRA-QP5M
59189085915402,026-1117597-0899563,,VU-8KRA-QP5M,VU-8KRA-QP5M
59202908415722,205-8793145-1828344,,RI-VSUS-0YTD,RI-VSUS-0YTD
59202908415722,205-8793145-1828344,,RI-VSUS-0YTD,RI-VSUS-0YTD
59202908415722,205-8793145-1828344,,RI-VSUS-0YTD,RI-VSUS-0YTD
59202908415722,205-8793145-1828344,,RI-VSUS-0YTD,RI-VSUS-0YTD
59202908415722,205-8793145-1828344,,RI-VSUS-0YTD,RI-VSUS-0YTD
59202908415722,205-8793145-1828344,,RI-VSUS-0YTD,RI-VSUS-0YTD
59192844471482,205-6258004-2051552,,49-4UKW-G81R,49-4UKW-G81R
59192844471482,205-6258004-2051552,,49-4UKW-G81R,49-4UKW-G81R
59192844471482,205-6258004-2051552,,49-4UKW-G81R,49-4UKW-G81R
59192844471482,205-6258004-2051552,,49-4UKW-G81R,49-4UKW-G81R
59192844471482,205-6258004-2051552,,49-4UKW-G81R,49-4UKW-G81R
59192844471482,205-6258004-2051552,,49-4UKW-G81R,49-4UKW-G81R
59212941003242,204-2284512-0186748,,MW-9K5M-VKW8,MW-9K5M-VKW8
59212941003242,204-2284512-0186748,,MW-9K5M-VKW8,MW-9K5M-VKW8
59212941003242,204-2284512-0186748,,MW-9K5M-VKW8,MW-9K5M-VKW8
59212941003242,204-2284512-0186748,,MW-9K5M-VKW8,MW-9K5M-VKW8
59212941003242,204-2284512-0186748,,MW-9K5M-VKW8,MW-9K5M-VKW8
59212941003242,204-2284512-0186748,,MW-9K5M-VKW8,MW-9K5M-VKW8
59204453477402,205-3556791-4341946,,MW-9K5M-VKW8,MW-9K5M-VKW8
59204453477402,205-3556791-4341946,,MW-9K5M-VKW8,MW-9K5M-VKW8
59204453477402,205-3556791-4341946,,MW-9K5M-VKW8,MW-9K5M-VKW8
59204453477402,205-3556791-4341946,,MW-9K5M-VKW8,MW-9K5M-VKW8
59204453477402,205-3556791-4341946,,MW-9K5M-VKW8,MW-9K5M-VKW8
59204453477402,205-3556791-4341946,,MW-9K5M-VKW8,MW-9K5M-VKW8
59207987812762,202-1659458-9141900,,R7-98IN-2PW8,R7-98IN-2PW8
59207987812762,202-1659458-9141900,,R7-98IN-2PW8,R7-98IN-2PW8
59207987812762,202-1659458-9141900,,R7-98IN-2PW8,R7-98IN-2PW8
59207987812762,202-1659458-9141900,,R7-98IN-2PW8,R7-98IN-2PW8
59207987812762,202-1659458-9141900,,R7-98IN-2PW8,R7-98IN-2PW8
59207987812762,202-1659458-9141900,,R7-98IN-2PW8,R7-98IN-2PW8
59207987812762,202-1659458-9141900,,R7-98IN-2PW8,R7-98IN-2PW8
59207987812762,202-1659458-9141900,,R7-98IN-2PW8,R7-98IN-2PW8
59207987812762,202-1659458-9141900,,R7-98IN-2PW8,R7-98IN-2PW8
59197185160642,205-2102319-9024302,,MW-9K5M-VKW8,MW-9K5M-VKW8
59197185160642,205-2102319-9024302,,MW-9K5M-VKW8,MW-9K5M-VKW8
59197185160642,205-2102319-9024302,,MW-9K5M-VKW8,MW-9K5M-VKW8
59197185160642,205-2102319-9024302,,MW-9K5M-VKW8,MW-9K5M-VKW8
59197185160642,205-2102319-9024302,,MW-9K5M-VKW8,MW-9K5M-VKW8
59197185160642,205-2102319-9024302,,MW-9K5M-VKW8,MW-9K5M-VKW8
59196551876602,204-5143555-4634705,,WX-L5UA-UB1Q,WX-L5UA-UB1Q
59196551876602,204-5143555-4634705,,WX-L5UA-UB1Q,WX-L5UA-UB1Q
59196551876602,204-5143555-4634705,,WX-L5UA-UB1Q,WX-L5UA-UB1Q
59196551876602,204-5143555-4634705,,WX-L5UA-UB1Q,WX-L5UA-UB1Q
59196551876602,204-5143555-4634705,,WX-L5UA-UB1Q,WX-L5UA-UB1Q
59196551876602,204-5143555-4634705,,WX-L5UA-UB1Q,WX-L5UA-UB1Q
59200237066122,026-3170480-4840358,,MW-9K5M-VKW8,MW-9K5M-VKW8
59200237066122,026-3170480-4840358,,MW-9K5M-VKW8,MW-9K5M-VKW8
59200237066122,026-3170480-4840358,,MW-9K5M-VKW8,MW-9K5M-VKW8
59200237066122,026-3170480-4840358,,MW-9K5M-VKW8,MW-9K5M-VKW8
59200237066122,026-3170480-4840358,,MW-9K5M-VKW8,MW-9K5M-VKW8
59200237066122,026-3170480-4840358,,MW-9K5M-VKW8,MW-9K5M-VKW8
59207426261162,203-4895375-3011513,,WX-L5UA-UB1Q,WX-L5UA-UB1Q
59207426261162,203-4895375-3011513,,WX-L5UA-UB1Q,WX-L5UA-UB1Q
59207426261162,203-4895375-3011513,,WX-L5UA-UB1Q,WX-L5UA-UB1Q
59207426261162,203-4895375-3011513,,WX-L5UA-UB1Q,WX-L5UA-UB1Q
59207426261162,203-4895375-3011513,,WX-L5UA-UB1Q,WX-L5UA-UB1Q
59207426261162,203-4895375-3011513,,WX-L5UA-UB1Q,WX-L5UA-UB1Q
59189245366442,203-9489437-6567516,,R7-98IN-2PW8,R7-98IN-2PW8
59189245366442,203-9489437-6567516,,R7-98IN-2PW8,R7-98IN-2PW8
59189245366442,203-9489437-6567516,,R7-98IN-2PW8,R7-98IN-2PW8
59189245366442,203-9489437-6567516,,R7-98IN-2PW8,R7-98IN-2PW8
59189245366442,203-9489437-6567516,,R7-98IN-2PW8,R7-98IN-2PW8
59189245366442,203-9489437-6567516,,R7-98IN-2PW8,R7-98IN-2PW8
59196891208402,202-5878837-5845156,,3T-6QPR-E2MV,3T-6QPR-E2MV
59196891208402,202-5878837-5845156,,3T-6QPR-E2MV,3T-6QPR-E2MV
59196891208402,202-5878837-5845156,,3T-6QPR-E2MV,3T-6QPR-E2MV
59196891208402,202-5878837-5845156,,3T-6QPR-E2MV,3T-6QPR-E2MV
59196891208402,202-5878837-5845156,,3T-6QPR-E2MV,3T-6QPR-E2MV
59196891208402,202-5878837-5845156,,3T-6QPR-E2MV,3T-6QPR-E2MV
59213210503962,205-3486642-9641936,,NN-TSZ1-X2RD,NN-TSZ1-X2RD
59213210503962,205-3486642-9641936,,NN-TSZ1-X2RD,NN-TSZ1-X2RD
59213210503962,205-3486642-9641936,,NN-TSZ1-X2RD,NN-TSZ1-X2RD
59213210503962,205-3486642-9641936,,NN-TSZ1-X2RD,NN-TSZ1-X2RD
59213210503962,205-3486642-9641936,,NN-TSZ1-X2RD,NN-TSZ1-X2RD
59213210503962,205-3486642-9641936,,NN-TSZ1-X2RD,NN-TSZ1-X2RD
59195227422522,204-6342264-4960334,,MW-9K5M-VKW8,MW-9K5M-VKW8
59195227422522,204-6342264-4960334,,MW-9K5M-VKW8,MW-9K5M-VKW8
59195227422522,204-6342264-4960334,,MW-9K5M-VKW8,MW-9K5M-VKW8
59195227422522,204-6342264-4960334,,MW-9K5M-VKW8,MW-9K5M-VKW8
59195227422522,204-6342264-4960334,,MW-9K5M-VKW8,MW-9K5M-VKW8
59195227422522,204-6342264-4960334,,MW-9K5M-VKW8,MW-9K5M-VKW8
59177514765882,206-0001654-8808316,,TU-8I14-25ZR,TU-8I14-25ZR
59177514765882,206-0001654-8808316,,TU-8I14-25ZR,TU-8I14-25ZR
59177514765882,206-0001654-8808316,,TU-8I14-25ZR,TU-8I14-25ZR
59177514765882,206-0001654-8808316,,TU-8I14-25ZR,TU-8I14-25ZR
59177514765882,206-0001654-8808316,,TU-8I14-25ZR,TU-8I14-25ZR
59177514765882,206-0001654-8808316,,TU-8I14-25ZR,TU-8I14-25ZR
59177514765882,206-0001654-8808316,,TU-8I14-25ZR,TU-8I14-25ZR
59177514765882,206-0001654-8808316,,TU-8I14-25ZR,TU-8I14-25ZR
59197108656202,202-8939527-9514762,,XE-YPAI-HX9F,XE-YPAI-HX9F
59197108656202,202-8939527-9514762,,XE-YPAI-HX9F,XE-YPAI-HX9F
59197108656202,202-8939527-9514762,,XE-YPAI-HX9F,XE-YPAI-HX9F
59197108656202,202-8939527-9514762,,XE-YPAI-HX9F,XE-YPAI-HX9F
59197108656202,202-8939527-9514762,,XE-YPAI-HX9F,XE-YPAI-HX9F
59197108656202,202-8939527-9514762,,XE-YPAI-HX9F,XE-YPAI-HX9F
59213894538082,204-3450201-4754766,,R7-98IN-2PW8,R7-98IN-2PW8
59213894538082,204-3450201-4754766,,R7-98IN-2PW8,R7-98IN-2PW8
59213894538082,204-3450201-4754766,,R7-98IN-2PW8,R7-98IN-2PW8
59213894538082,204-3450201-4754766,,R7-98IN-2PW8,R7-98IN-2PW8
59213894538082,204-3450201-4754766,,R7-98IN-2PW8,R7-98IN-2PW8
59213894538082,204-3450201-4754766,,R7-98IN-2PW8,R7-98IN-2PW8
59179885457442,202-4494647-4329102,,XE-YPAI-HX9F,XE-YPAI-HX9F
59179885457442,202-4494647-4329102,,XE-YPAI-HX9F,XE-YPAI-HX9F
59179885457442,202-4494647-4329102,,XE-YPAI-HX9F,XE-YPAI-HX9F
59179885457442,202-4494647-4329102,,XE-YPAI-HX9F,XE-YPAI-HX9F
59179885457442,202-4494647-4329102,,XE-YPAI-HX9F,XE-YPAI-HX9F
59179885457442,202-4494647-4329102,,XE-YPAI-HX9F,XE-YPAI-HX9F
59206470098002,204-4498923-3378759,,MW-9K5M-VKW8,MW-9K5M-VKW8
59206470098002,204-4498923-3378759,,MW-9K5M-VKW8,MW-9K5M-VKW8
59206470098002,204-4498923-3378759,,MW-9K5M-VKW8,MW-9K5M-VKW8
59206470098002,204-4498923-3378759,,MW-9K5M-VKW8,MW-9K5M-VKW8
59206470098002,204-4498923-3378759,,MW-9K5M-VKW8,MW-9K5M-VKW8
59206470098002,204-4498923-3378759,,MW-9K5M-VKW8,MW-9K5M-VKW8
59195245386522,204-2122126-9924354,,MW-9K5M-VKW8,MW-9K5M-VKW8
59195245386522,204-2122126-9924354,,MW-9K5M-VKW8,MW-9K5M-VKW8
59195245386522,204-2122126-9924354,,MW-9K5M-VKW8,MW-9K5M-VKW8
59195245386522,204-2122126-9924354,,MW-9K5M-VKW8,MW-9K5M-VKW8
59195245386522,204-2122126-9924354,,MW-9K5M-VKW8,MW-9K5M-VKW8
59195245386522,204-2122126-9924354,,MW-9K5M-VKW8,MW-9K5M-VKW8
59206354196282,203-5291348-7064349,,SU-5LQH-2DVN,SU-5LQH-2DVN
59206354196282,203-5291348-7064349,,SU-5LQH-2DVN,SU-5LQH-2DVN
59206354196282,203-5291348-7064349,,SU-5LQH-2DVN,SU-5LQH-2DVN
59206354196282,203-5291348-7064349,,SU-5LQH-2DVN,SU-5LQH-2DVN
59206354196282,203-5291348-7064349,,SU-5LQH-2DVN,SU-5LQH-2DVN
59206354196282,203-5291348-7064349,,SU-5LQH-2DVN,SU-5LQH-2DVN
59190279039682,206-6992792-3394733,,49-4UKW-G81R,49-4UKW-G81R
59190279039682,206-6992792-3394733,,49-4UKW-G81R,49-4UKW-G81R
59190279039682,206-6992792-3394733,,49-4UKW-G81R,49-4UKW-G81R
59190279039682,206-6992792-3394733,,49-4UKW-G81R,49-4UKW-G81R
59190279039682,206-6992792-3394733,,49-4UKW-G81R,49-4UKW-G81R
59190279039682,206-6992792-3394733,,49-4UKW-G81R,49-4UKW-G81R
59190279039682,206-6992792-3394733,,49-4UKW-G81R,49-4UKW-G81R
59190279039682,206-6992792-3394733,,49-4UKW-G81R,49-4UKW-G81R
59190279039682,206-6992792-3394733,,49-4UKW-G81R,49-4UKW-G81R
59200367690762,202-1203841-5325967,,R7-98IN-2PW8,R7-98IN-2PW8
59200367690762,202-1203841-5325967,,R7-98IN-2PW8,R7-98IN-2PW8
59200367690762,202-1203841-5325967,,R7-98IN-2PW8,R7-98IN-2PW8
59200367690762,202-1203841-5325967,,R7-98IN-2PW8,R7-98IN-2PW8
59200367690762,202-1203841-5325967,,R7-98IN-2PW8,R7-98IN-2PW8
59200367690762,202-1203841-5325967,,R7-98IN-2PW8,R7-98IN-2PW8
59199366877642,206-1329984-9781142,,MW-9K5M-VKW8,MW-9K5M-VKW8
59199366877642,206-1329984-9781142,,MW-9K5M-VKW8,MW-9K5M-VKW8
59199366877642,206-1329984-9781142,,MW-9K5M-VKW8,MW-9K5M-VKW8
59199366877642,206-1329984-9781142,,MW-9K5M-VKW8,MW-9K5M-VKW8
59199366877642,206-1329984-9781142,,MW-9K5M-VKW8,MW-9K5M-VKW8
59199366877642,206-1329984-9781142,,MW-9K5M-VKW8,MW-9K5M-VKW8
59195348003002,203-7480551-5495565,,NN-TSZ1-X2RD,NN-TSZ1-X2RD
59195348003002,203-7480551-5495565,,NN-TSZ1-X2RD,NN-TSZ1-X2RD
59195348003002,203-7480551-5495565,,NN-TSZ1-X2RD,NN-TSZ1-X2RD
59195348003002,203-7480551-5495565,,NN-TSZ1-X2RD,NN-TSZ1-X2RD
59195348003002,203-7480551-5495565,,NN-TSZ1-X2RD,NN-TSZ1-X2RD
59195348003002,203-7480551-5495565,,NN-TSZ1-X2RD,NN-TSZ1-X2RD
59114650200002,026-5117223-6007540,,49-4UKW-G81R,49-4UKW-G81R
59114650200002,026-5117223-6007540,,49-4UKW-G81R,49-4UKW-G81R
59114650200002,026-5117223-6007540,,49-4UKW-G81R,49-4UKW-G81R
59114650200002,026-5117223-6007540,,49-4UKW-G81R,49-4UKW-G81R
59114650200002,026-5117223-6007540,,49-4UKW-G81R,49-4UKW-G81R
59114650200002,026-5117223-6007540,,49-4UKW-G81R,49-4UKW-G81R
59202348131442,202-5177748-2109938,,WX-L5UA-UB1Q,WX-L5UA-UB1Q
59202348131442,202-5177748-2109938,,WX-L5UA-UB1Q,WX-L5UA-UB1Q
59202348131442,202-5177748-2109938,,WX-L5UA-UB1Q,WX-L5UA-UB1Q
59202348131442,202-5177748-2109938,,WX-L5UA-UB1Q,WX-L5UA-UB1Q
59202348131442,202-5177748-2109938,,WX-L5UA-UB1Q,WX-L5UA-UB1Q
59202348131442,202-5177748-2109938,,WX-L5UA-UB1Q,WX-L5UA-UB1Q
59182544877162,203-0310058-9573145,,WX-L5UA-UB1Q,WX-L5UA-UB1Q
59182544877162,203-0310058-9573145,,WX-L5UA-UB1Q,WX-L5UA-UB1Q
59182544877162,203-0310058-9573145,,WX-L5UA-UB1Q,WX-L5UA-UB1Q
59182544877162,203-0310058-9573145,,WX-L5UA-UB1Q,WX-L5UA-UB1Q
59182544877162,203-0310058-9573145,,WX-L5UA-UB1Q,WX-L5UA-UB1Q
59196662998242,202-0758920-0676351,,SU-5LQH-2DVN,SU-5LQH-2DVN
59196662998242,202-0758920-0676351,,SU-5LQH-2DVN,SU-5LQH-2DVN
59196662998242,202-0758920-0676351,,SU-5LQH-2DVN,SU-5LQH-2DVN
59196662998242,202-0758920-0676351,,SU-5LQH-2DVN,SU-5LQH-2DVN
59196662998242,202-0758920-0676351,,SU-5LQH-2DVN,SU-5LQH-2DVN
59200237066122,026-3170480-4840358,,MW-9K5M-VKW8,MW-9K5M-VKW8
59200237066122,026-3170480-4840358,,MW-9K5M-VKW8,MW-9K5M-VKW8
59200237066122,026-3170480-4840358,,MW-9K5M-VKW8,MW-9K5M-VKW8
59200237066122,026-3170480-4840358,,MW-9K5M-VKW8,MW-9K5M-VKW8
59200237066122,026-3170480-4840358,,MW-9K5M-VKW8,MW-9K5M-VKW8
59207987812762,202-1659458-9141900,,R7-98IN-2PW8,R7-98IN-2PW8
59207987812762,202-1659458-9141900,,R7-98IN-2PW8,R7-98IN-2PW8
59207987812762,202-1659458-9141900,,R7-98IN-2PW8,R7-98IN-2PW8
59207987812762,202-1659458-9141900,,R7-98IN-2PW8,R7-98IN-2PW8
59207987812762,202-1659458-9141900,,R7-98IN-2PW8,R7-98IN-2PW8
59207987812762,202-1659458-9141900,,R7-98IN-2PW8,R7-98IN-2PW8
59207987812762,202-1659458-9141900,,R7-98IN-2PW8,R7-98IN-2PW8
59207987812762,202-1659458-9141900,,R7-98IN-2PW8,R7-98IN-2PW8
59234407529602,026-8527235-3894724,,WX-L5UA-UB1Q,WX-L5UA-UB1Q
59234407529602,026-8527235-3894724,,WX-L5UA-UB1Q,WX-L5UA-UB1Q
59234407529602,026-8527235-3894724,,WX-L5UA-UB1Q,WX-L5UA-UB1Q
59234407529602,026-8527235-3894724,,WX-L5UA-UB1Q,WX-L5UA-UB1Q
59234407529602,026-8527235-3894724,,WX-L5UA-UB1Q,WX-L5UA-UB1Q
59234407529602,026-8527235-3894724,,WX-L5UA-UB1Q,WX-L5UA-UB1Q
59041758069282,206-4967505-7657936,,6V-EEC1-2S9Z,6V-EEC1-2S9Z
59041758069282,206-4967505-7657936,,6V-EEC1-2S9Z,6V-EEC1-2S9Z
59041758069282,206-4967505-7657936,,6V-EEC1-2S9Z,6V-EEC1-2S9Z
59041758069282,206-4967505-7657936,,6V-EEC1-2S9Z,6V-EEC1-2S9Z
59041758069282,206-4967505-7657936,,6V-EEC1-2S9Z,6V-EEC1-2S9Z
59041758069282,206-4967505-7657936,,6V-EEC1-2S9Z,6V-EEC1-2S9Z
59185401610322,203-0410352-7286732,,EV-CHU5-XU3G,EV-CHU5-XU3G
59185401610322,203-0410352-7286732,,EV-CHU5-XU3G,EV-CHU5-XU3G
59185401610322,203-0410352-7286732,,EV-CHU5-XU3G,EV-CHU5-XU3G
59185401610322,203-0410352-7286732,,EV-CHU5-XU3G,EV-CHU5-XU3G
59185401610322,203-0410352-7286732,,EV-CHU5-XU3G,EV-CHU5-XU3G
59185401610322,203-0410352-7286732,,EV-CHU5-XU3G,EV-CHU5-XU3G
59235239010482,203-8603707-9041126,,XE-YPAI-HX9F,XE-YPAI-HX9F
59235239010482,203-8603707-9041126,,XE-YPAI-HX9F,XE-YPAI-HX9F
59235239010482,203-8603707-9041126,,XE-YPAI-HX9F,XE-YPAI-HX9F
59235239010482,203-8603707-9041126,,XE-YPAI-HX9F,XE-YPAI-HX9F
59235239010482,203-8603707-9041126,,XE-YPAI-HX9F,XE-YPAI-HX9F
59235239010482,203-8603707-9041126,,XE-YPAI-HX9F,XE-YPAI-HX9F
59184009805322,206-7510560-4795553,,NN-TSZ1-X2RD,NN-TSZ1-X2RD
59184009805322,206-7510560-4795553,,NN-TSZ1-X2RD,NN-TSZ1-X2RD
59184009805322,206-7510560-4795553,,NN-TSZ1-X2RD,NN-TSZ1-X2RD
59184009805322,206-7510560-4795553,,NN-TSZ1-X2RD,NN-TSZ1-X2RD
59184009805322,206-7510560-4795553,,NN-TSZ1-X2RD,NN-TSZ1-X2RD
59184009805322,206-7510560-4795553,,NN-TSZ1-X2RD,NN-TSZ1-X2RD
59184009805322,206-7510560-4795553,,NN-TSZ1-X2RD,NN-TSZ1-X2RD
59184009805322,206-7510560-4795553,,NN-TSZ1-X2RD,NN-TSZ1-X2RD
59184009805322,206-7510560-4795553,,NN-TSZ1-X2RD,NN-TSZ1-X2RD
59184009805322,206-7510560-4795553,,NN-TSZ1-X2RD,NN-TSZ1-X2RD
59184009805322,206-7510560-4795553,,NN-TSZ1-X2RD,NN-TSZ1-X2RD
59184009805322,206-7510560-4795553,,NN-TSZ1-X2RD,NN-TSZ1-X2RD
59184009805322,206-7510560-4795553,,NN-TSZ1-X2RD,NN-TSZ1-X2RD
59208646011922,026-5720558-8867535,,F7-PMJ2-SG6A,F7-PMJ2-SG6A
59208646011922,026-5720558-8867535,,F7-PMJ2-SG6A,F7-PMJ2-SG6A
59208646011922,026-5720558-8867535,,F7-PMJ2-SG6A,F7-PMJ2-SG6A
59208646011922,026-5720558-8867535,,F7-PMJ2-SG6A,F7-PMJ2-SG6A
59208646011922,026-5720558-8867535,,F7-PMJ2-SG6A,F7-PMJ2-SG6A
59208646011922,026-5720558-8867535,,F7-PMJ2-SG6A,F7-PMJ2-SG6A
59208646011922,026-5720558-8867535,,F7-PMJ2-SG6A,F7-PMJ2-SG6A
59208646011922,026-5720558-8867535,,F7-PMJ2-SG6A,F7-PMJ2-SG6A
59208646011922,026-5720558-8867535,,F7-PMJ2-SG6A,F7-PMJ2-SG6A
59208646011922,026-5720558-8867535,,F7-PMJ2-SG6A,F7-PMJ2-SG6A
59208646011922,026-5720558-8867535,,F7-PMJ2-SG6A,F7-PMJ2-SG6A
59208646011922,026-5720558-8867535,,F7-PMJ2-SG6A,F7-PMJ2-SG6A
59208646011922,026-5720558-8867535,,F7-PMJ2-SG6A,F7-PMJ2-SG6A
59208646011922,026-5720558-8867535,,F7-PMJ2-SG6A,F7-PMJ2-SG6A
59208646011922,026-5720558-8867535,,F7-PMJ2-SG6A,F7-PMJ2-SG6A
59208646011922,026-5720558-8867535,,F7-PMJ2-SG6A,F7-PMJ2-SG6A
59208580766762,205-5423660-8629127,,TU-8I14-25ZR,TU-8I14-25ZR
59208580766762,205-5423660-8629127,,TU-8I14-25ZR,TU-8I14-25ZR
59208580766762,205-5423660-8629127,,TU-8I14-25ZR,TU-8I14-25ZR
59208580766762,205-5423660-8629127,,TU-8I14-25ZR,TU-8I14-25ZR
59208580766762,205-5423660-8629127,,TU-8I14-25ZR,TU-8I14-25ZR
59208580766762,205-5423660-8629127,,TU-8I14-25ZR,TU-8I14-25ZR
59221358906202,202-4816308-6922704,,WX-L5UA-UB1Q,WX-L5UA-UB1Q
59221358906202,202-4816308-6922704,,WX-L5UA-UB1Q,WX-L5UA-UB1Q
59221358906202,202-4816308-6922704,,WX-L5UA-UB1Q,WX-L5UA-UB1Q
59221358906202,202-4816308-6922704,,WX-L5UA-UB1Q,WX-L5UA-UB1Q
59221358906202,202-4816308-6922704,,WX-L5UA-UB1Q,WX-L5UA-UB1Q
59221358906202,202-4816308-6922704,,WX-L5UA-UB1Q,WX-L5UA-UB1Q
59013997625642,204-9713979-2872367,,TU-8I14-25ZR,TU-8I14-25ZR
59013997625642,204-9713979-2872367,,TU-8I14-25ZR,TU-8I14-25ZR
59013997625642,204-9713979-2872367,,TU-8I14-25ZR,TU-8I14-25ZR
59013997625642,204-9713979-2872367,,TU-8I14-25ZR,TU-8I14-25ZR
59013997625642,204-9713979-2872367,,TU-8I14-25ZR,TU-8I14-25ZR
59111449354922,026-0316295-8425169,,6V-EEC1-2S9Z,6V-EEC1-2S9Z
59111449354922,026-0316295-8425169,,6V-EEC1-2S9Z,6V-EEC1-2S9Z
59111449354922,026-0316295-8425169,,6V-EEC1-2S9Z,6V-EEC1-2S9Z
59111449354922,026-0316295-8425169,,6V-EEC1-2S9Z,6V-EEC1-2S9Z
59111449354922,026-0316295-8425169,,6V-EEC1-2S9Z,6V-EEC1-2S9Z
59111449354922,026-0316295-8425169,,6V-EEC1-2S9Z,6V-EEC1-2S9Z
59222327182722,205-1077954-8987562,,WX-L5UA-UB1Q,WX-L5UA-UB1Q
59222327182722,205-1077954-8987562,,WX-L5UA-UB1Q,WX-L5UA-UB1Q
59222327182722,205-1077954-8987562,,WX-L5UA-UB1Q,WX-L5UA-UB1Q
59222327182722,205-1077954-8987562,,WX-L5UA-UB1Q,WX-L5UA-UB1Q
59222327182722,205-1077954-8987562,,WX-L5UA-UB1Q,WX-L5UA-UB1Q
59222327182722,205-1077954-8987562,,WX-L5UA-UB1Q,WX-L5UA-UB1Q
59237388737802,026-5689717-4453901,,GK-YI4S-C158,GK-YI4S-C158
59237388737802,026-5689717-4453901,,GK-YI4S-C158,GK-YI4S-C158
59237388737802,026-5689717-4453901,,GK-YI4S-C158,GK-YI4S-C158
59237388737802,026-5689717-4453901,,GK-YI4S-C158,GK-YI4S-C158
59237388737802,026-5689717-4453901,,GK-YI4S-C158,GK-YI4S-C158
59237388737802,026-5689717-4453901,,GK-YI4S-C158,GK-YI4S-C158
59218937074602,204-7969833-2209956,,WX-L5UA-UB1Q,WX-L5UA-UB1Q
59218937074602,204-7969833-2209956,,WX-L5UA-UB1Q,WX-L5UA-UB1Q
59218937074602,204-7969833-2209956,,WX-L5UA-UB1Q,WX-L5UA-UB1Q
59218937074602,204-7969833-2209956,,WX-L5UA-UB1Q,WX-L5UA-UB1Q
59218937074602,204-7969833-2209956,,WX-L5UA-UB1Q,WX-L5UA-UB1Q
59218937074602,204-7969833-2209956,,WX-L5UA-UB1Q,WX-L5UA-UB1Q
59226594357682,205-8281612-8374729,,SU-5LQH-2DVN,SU-5LQH-2DVN
59226594357682,205-8281612-8374729,,SU-5LQH-2DVN,SU-5LQH-2DVN
59226594357682,205-8281612-8374729,,SU-5LQH-2DVN,SU-5LQH-2DVN
59226594357682,205-8281612-8374729,,SU-5LQH-2DVN,SU-5LQH-2DVN
59226594357682,205-8281612-8374729,,SU-5LQH-2DVN,SU-5LQH-2DVN
59226594357682,205-8281612-8374729,,SU-5LQH-2DVN,SU-5LQH-2DVN
59221775415322,202-5544674-2695501,,WX-L5UA-UB1Q,WX-L5UA-UB1Q
59221775415322,202-5544674-2695501,,WX-L5UA-UB1Q,WX-L5UA-UB1Q
59221775415322,202-5544674-2695501,,WX-L5UA-UB1Q,WX-L5UA-UB1Q
59221775415322,202-5544674-2695501,,WX-L5UA-UB1Q,WX-L5UA-UB1Q
59221775415322,202-5544674-2695501,,WX-L5UA-UB1Q,WX-L5UA-UB1Q
59221775415322,202-5544674-2695501,,WX-L5UA-UB1Q,WX-L5UA-UB1Q
59221775415322,202-5544674-2695501,,WX-L5UA-UB1Q,WX-L5UA-UB1Q
59221775415322,202-5544674-2695501,,WX-L5UA-UB1Q,WX-L5UA-UB1Q
59221775415322,202-5544674-2695501,,WX-L5UA-UB1Q,WX-L5UA-UB1Q
59221775415322,202-5544674-2695501,,WX-L5UA-UB1Q,WX-L5UA-UB1Q
59214001823562,203-5493617-3029902,,F7-PMJ2-SG6A,F7-PMJ2-SG6A
59214001823562,203-5493617-3029902,,F7-PMJ2-SG6A,F7-PMJ2-SG6A
59214001823562,203-5493617-3029902,,F7-PMJ2-SG6A,F7-PMJ2-SG6A
59214001823562,203-5493617-3029902,,F7-PMJ2-SG6A,F7-PMJ2-SG6A
59214001823562,203-5493617-3029902,,F7-PMJ2-SG6A,F7-PMJ2-SG6A
59214001823562,203-5493617-3029902,,F7-PMJ2-SG6A,F7-PMJ2-SG6A
59238816662722,203-2346752-6209925,,WX-L5UA-UB1Q,WX-L5UA-UB1Q
59238816662722,203-2346752-6209925,,WX-L5UA-UB1Q,WX-L5UA-UB1Q
59238816662722,203-2346752-6209925,,WX-L5UA-UB1Q,WX-L5UA-UB1Q
59238816662722,203-2346752-6209925,,WX-L5UA-UB1Q,WX-L5UA-UB1Q
59238816662722,203-2346752-6209925,,WX-L5UA-UB1Q,WX-L5UA-UB1Q
59238816662722,203-2346752-6209925,,WX-L5UA-UB1Q,WX-L5UA-UB1Q
59227130826162,026-2087518-1353168,,MW-9K5M-VKW8,MW-9K5M-VKW8
59227130826162,026-2087518-1353168,,MW-9K5M-VKW8,MW-9K5M-VKW8
59227130826162,026-2087518-1353168,,MW-9K5M-VKW8,MW-9K5M-VKW8
59227130826162,026-2087518-1353168,,MW-9K5M-VKW8,MW-9K5M-VKW8
59227130826162,026-2087518-1353168,,MW-9K5M-VKW8,MW-9K5M-VKW8
59227130826162,026-2087518-1353168,,MW-9K5M-VKW8,MW-9K5M-VKW8
59203104495362,206-0200270-5013161,,MW-9K5M-VKW8,MW-9K5M-VKW8
59203104495362,206-0200270-5013161,,MW-9K5M-VKW8,MW-9K5M-VKW8
59203104495362,206-0200270-5013161,,MW-9K5M-VKW8,MW-9K5M-VKW8
59203104495362,206-0200270-5013161,,MW-9K5M-VKW8,MW-9K5M-VKW8
59203104495362,206-0200270-5013161,,MW-9K5M-VKW8,MW-9K5M-VKW8
59203104495362,206-0200270-5013161,,MW-9K5M-VKW8,MW-9K5M-VKW8
59238526441082,026-8017166-2936342,,WX-L5UA-UB1Q,WX-L5UA-UB1Q
59238526441082,026-8017166-2936342,,WX-L5UA-UB1Q,WX-L5UA-UB1Q
59238526441082,026-8017166-2936342,,WX-L5UA-UB1Q,WX-L5UA-UB1Q
59238526441082,026-8017166-2936342,,WX-L5UA-UB1Q,WX-L5UA-UB1Q
59238526441082,026-8017166-2936342,,WX-L5UA-UB1Q,WX-L5UA-UB1Q
59238526441082,026-8017166-2936342,,WX-L5UA-UB1Q,WX-L5UA-UB1Q
59210918791802,203-6192271-9399515,,R7-98IN-2PW8,R7-98IN-2PW8
59210918791802,203-6192271-9399515,,R7-98IN-2PW8,R7-98IN-2PW8
59210918791802,203-6192271-9399515,,R7-98IN-2PW8,R7-98IN-2PW8
59210918791802,203-6192271-9399515,,R7-98IN-2PW8,R7-98IN-2PW8
59210918791802,203-6192271-9399515,,R7-98IN-2PW8,R7-98IN-2PW8
59210918791802,203-6192271-9399515,,R7-98IN-2PW8,R7-98IN-2PW8
59226238981082,205-5178082-4633930,,R7-98IN-2PW8,R7-98IN-2PW8
59226238981082,205-5178082-4633930,,R7-98IN-2PW8,R7-98IN-2PW8
59226238981082,205-5178082-4633930,,R7-98IN-2PW8,R7-98IN-2PW8
59226238981082,205-5178082-4633930,,R7-98IN-2PW8,R7-98IN-2PW8
59226238981082,205-5178082-4633930,,R7-98IN-2PW8,R7-98IN-2PW8
59226238981082,205-5178082-4633930,,R7-98IN-2PW8,R7-98IN-2PW8
59240860660202,203-1570062-5006743,,MW-9K5M-VKW8,MW-9K5M-VKW8
59240860660202,203-1570062-5006743,,MW-9K5M-VKW8,MW-9K5M-VKW8
59240860660202,203-1570062-5006743,,MW-9K5M-VKW8,MW-9K5M-VKW8
59240860660202,203-1570062-5006743,,MW-9K5M-VKW8,MW-9K5M-VKW8
59240860660202,203-1570062-5006743,,MW-9K5M-VKW8,MW-9K5M-VKW8
59240860660202,203-1570062-5006743,,MW-9K5M-VKW8,MW-9K5M-VKW8
59069874457562,204-9229239-2807507,,TU-8I14-25ZR,TU-8I14-25ZR
59069874457562,204-9229239-2807507,,TU-8I14-25ZR,TU-8I14-25ZR
59069874457562,204-9229239-2807507,,TU-8I14-25ZR,TU-8I14-25ZR
59069874457562,204-9229239-2807507,,TU-8I14-25ZR,TU-8I14-25ZR
59069874457562,204-9229239-2807507,,TU-8I14-25ZR,TU-8I14-25ZR
59069874457562,204-9229239-2807507,,TU-8I14-25ZR,TU-8I14-25ZR
59239329992202,202-8585887-1381103,,F7-PMJ2-SG6A,F7-PMJ2-SG6A
59239329992202,202-8585887-1381103,,F7-PMJ2-SG6A,F7-PMJ2-SG6A
59239329992202,202-8585887-1381103,,F7-PMJ2-SG6A,F7-PMJ2-SG6A
59239329992202,202-8585887-1381103,,F7-PMJ2-SG6A,F7-PMJ2-SG6A
59239329992202,202-8585887-1381103,,F7-PMJ2-SG6A,F7-PMJ2-SG6A
59239329992202,202-8585887-1381103,,F7-PMJ2-SG6A,F7-PMJ2-SG6A
59238119822922,205-5936907-2402722,,WX-L5UA-UB1Q,WX-L5UA-UB1Q
59238119822922,205-5936907-2402722,,WX-L5UA-UB1Q,WX-L5UA-UB1Q
59238119822922,205-5936907-2402722,,WX-L5UA-UB1Q,WX-L5UA-UB1Q
59238119822922,205-5936907-2402722,,WX-L5UA-UB1Q,WX-L5UA-UB1Q
59238119822922,205-5936907-2402722,,WX-L5UA-UB1Q,WX-L5UA-UB1Q
59238119822922,205-5936907-2402722,,WX-L5UA-UB1Q,WX-L5UA-UB1Q
59223566610242,205-8627869-1337930,,R7-98IN-2PW8,R7-98IN-2PW8
59223566610242,205-8627869-1337930,,R7-98IN-2PW8,R7-98IN-2PW8
59223566610242,205-8627869-1337930,,R7-98IN-2PW8,R7-98IN-2PW8
59223566610242,205-8627869-1337930,,R7-98IN-2PW8,R7-98IN-2PW8
59223566610242,205-8627869-1337930,,R7-98IN-2PW8,R7-98IN-2PW8
59223566610242,205-8627869-1337930,,R7-98IN-2PW8,R7-98IN-2PW8
59221827356282,026-3291823-1226767,,MW-9K5M-VKW8,MW-9K5M-VKW8
59221827356282,026-3291823-1226767,,MW-9K5M-VKW8,MW-9K5M-VKW8
59221827356282,026-3291823-1226767,,MW-9K5M-VKW8,MW-9K5M-VKW8
59221827356282,026-3291823-1226767,,MW-9K5M-VKW8,MW-9K5M-VKW8
59221827356282,026-3291823-1226767,,MW-9K5M-VKW8,MW-9K5M-VKW8
59221827356282,026-3291823-1226767,,MW-9K5M-VKW8,MW-9K5M-VKW8
59223115464722,203-2993585-8697134,,WX-L5UA-UB1Q,WX-L5UA-UB1Q
59223115464722,203-2993585-8697134,,WX-L5UA-UB1Q,WX-L5UA-UB1Q
59223115464722,203-2993585-8697134,,WX-L5UA-UB1Q,WX-L5UA-UB1Q
59223115464722,203-2993585-8697134,,WX-L5UA-UB1Q,WX-L5UA-UB1Q
59223115464722,203-2993585-8697134,,WX-L5UA-UB1Q,WX-L5UA-UB1Q
59223115464722,203-2993585-8697134,,WX-L5UA-UB1Q,WX-L5UA-UB1Q
59215621145282,202-6055655-3584310,,NN-TSZ1-X2RD,NN-TSZ1-X2RD
59215621145282,202-6055655-3584310,,NN-TSZ1-X2RD,NN-TSZ1-X2RD
59215621145282,202-6055655-3584310,,NN-TSZ1-X2RD,NN-TSZ1-X2RD
59215621145282,202-6055655-3584310,,NN-TSZ1-X2RD,NN-TSZ1-X2RD
59215621145282,202-6055655-3584310,,NN-TSZ1-X2RD,NN-TSZ1-X2RD
59215621145282,202-6055655-3584310,,NN-TSZ1-X2RD,NN-TSZ1-X2RD
59222862785682,202-5899580-0186706,,TJ-6LOP-OPEU,TJ-6LOP-OPEU
59222862785682,202-5899580-0186706,,TJ-6LOP-OPEU,TJ-6LOP-OPEU
59222862785682,202-5899580-0186706,,TJ-6LOP-OPEU,TJ-6LOP-OPEU
59222862785682,202-5899580-0186706,,TJ-6LOP-OPEU,TJ-6LOP-OPEU
59222862785682,202-5899580-0186706,,TJ-6LOP-OPEU,TJ-6LOP-OPEU
59222862785682,202-5899580-0186706,,TJ-6LOP-OPEU,TJ-6LOP-OPEU
59046064303562,204-8094208-4789158,,NN-TSZ1-X2RD,NN-TSZ1-X2RD
59046064303562,204-8094208-4789158,,NN-TSZ1-X2RD,NN-TSZ1-X2RD
59046064303562,204-8094208-4789158,,NN-TSZ1-X2RD,NN-TSZ1-X2RD
59046064303562,204-8094208-4789158,,NN-TSZ1-X2RD,NN-TSZ1-X2RD
59046064303562,204-8094208-4789158,,NN-TSZ1-X2RD,NN-TSZ1-X2RD
59046064303562,204-8094208-4789158,,NN-TSZ1-X2RD,NN-TSZ1-X2RD
59046064303562,204-8094208-4789158,,NN-TSZ1-X2RD,NN-TSZ1-X2RD
59046064303562,204-8094208-4789158,,NN-TSZ1-X2RD,NN-TSZ1-X2RD
59214176541162,202-0631294-3301942,,VU-8KRA-QP5M,VU-8KRA-QP5M
59214176541162,202-0631294-3301942,,VU-8KRA-QP5M,VU-8KRA-QP5M
59214176541162,202-0631294-3301942,,VU-8KRA-QP5M,VU-8KRA-QP5M
59214176541162,202-0631294-3301942,,VU-8KRA-QP5M,VU-8KRA-QP5M
59214176541162,202-0631294-3301942,,VU-8KRA-QP5M,VU-8KRA-QP5M
59214176541162,202-0631294-3301942,,VU-8KRA-QP5M,VU-8KRA-QP5M
59232733597162,202-4398399-0927537,,XE-YPAI-HX9F,XE-YPAI-HX9F
59232733597162,202-4398399-0927537,,XE-YPAI-HX9F,XE-YPAI-HX9F
59232733597162,202-4398399-0927537,,XE-YPAI-HX9F,XE-YPAI-HX9F
59232733597162,202-4398399-0927537,,XE-YPAI-HX9F,XE-YPAI-HX9F
59232733597162,202-4398399-0927537,,XE-YPAI-HX9F,XE-YPAI-HX9F
59232733597162,202-4398399-0927537,,XE-YPAI-HX9F,XE-YPAI-HX9F
59203533023522,202-7500852-6598729,,SU-5LQH-2DVN,SU-5LQH-2DVN
59203533023522,202-7500852-6598729,,SU-5LQH-2DVN,SU-5LQH-2DVN
59203533023522,202-7500852-6598729,,SU-5LQH-2DVN,SU-5LQH-2DVN
59203533023522,202-7500852-6598729,,SU-5LQH-2DVN,SU-5LQH-2DVN
59203533023522,202-7500852-6598729,,SU-5LQH-2DVN,SU-5LQH-2DVN
59203533023522,202-7500852-6598729,,SU-5LQH-2DVN,SU-5LQH-2DVN
59212308160442,026-4713016-3347542,,XE-YPAI-HX9F,XE-YPAI-HX9F
59212308160442,026-4713016-3347542,,XE-YPAI-HX9F,XE-YPAI-HX9F
59212308160442,026-4713016-3347542,,XE-YPAI-HX9F,XE-YPAI-HX9F
59212308160442,026-4713016-3347542,,XE-YPAI-HX9F,XE-YPAI-HX9F
59212308160442,026-4713016-3347542,,XE-YPAI-HX9F,XE-YPAI-HX9F
59212308160442,026-4713016-3347542,,XE-YPAI-HX9F,XE-YPAI-HX9F
59210918791802,203-6192271-9399515,,R7-98IN-2PW8,R7-98IN-2PW8
59210918791802,203-6192271-9399515,,R7-98IN-2PW8,R7-98IN-2PW8
59210918791802,203-6192271-9399515,,R7-98IN-2PW8,R7-98IN-2PW8
59210918791802,203-6192271-9399515,,R7-98IN-2PW8,R7-98IN-2PW8
59210918791802,203-6192271-9399515,,R7-98IN-2PW8,R7-98IN-2PW8
59227746585282,204-1485782-2512302,,EV-CHU5-XU3G,EV-CHU5-XU3G
59227746585282,204-1485782-2512302,,EV-CHU5-XU3G,EV-CHU5-XU3G
59227746585282,204-1485782-2512302,,EV-CHU5-XU3G,EV-CHU5-XU3G
59227746585282,204-1485782-2512302,,EV-CHU5-XU3G,EV-CHU5-XU3G
59227746585282,204-1485782-2512302,,EV-CHU5-XU3G,EV-CHU5-XU3G
59227746585282,204-1485782-2512302,,EV-CHU5-XU3G,EV-CHU5-XU3G
59267177642842,202-3265200-5496308,,4F-HT42-FD26,4F-HT42-FD26
59267177642842,202-3265200-5496308,,4F-HT42-FD26,4F-HT42-FD26
59267177642842,202-3265200-5496308,,4F-HT42-FD26,4F-HT42-FD26
59267177642842,202-3265200-5496308,,4F-HT42-FD26,4F-HT42-FD26
59267177642842,202-3265200-5496308,,4F-HT42-FD26,4F-HT42-FD26
59267177642842,202-3265200-5496308,,4F-HT42-FD26,4F-HT42-FD26
59267177642842,202-3265200-5496308,,4F-HT42-FD26,4F-HT42-FD26
59267177642842,202-3265200-5496308,,4F-HT42-FD26,4F-HT42-FD26
59267177642842,202-3265200-5496308,,4F-HT42-FD26,4F-HT42-FD26
59262819587522,026-0367564-7559568,,F7-PMJ2-SG6A,F7-PMJ2-SG6A
59262819587522,026-0367564-7559568,,F7-PMJ2-SG6A,F7-PMJ2-SG6A
59262819587522,026-0367564-7559568,,F7-PMJ2-SG6A,F7-PMJ2-SG6A
59262819587522,026-0367564-7559568,,F7-PMJ2-SG6A,F7-PMJ2-SG6A
59262819587522,026-0367564-7559568,,F7-PMJ2-SG6A,F7-PMJ2-SG6A
59262819587522,026-0367564-7559568,,F7-PMJ2-SG6A,F7-PMJ2-SG6A
59262819587522,026-0367564-7559568,,F7-PMJ2-SG6A,F7-PMJ2-SG6A
59262819587522,026-0367564-7559568,,F7-PMJ2-SG6A,F7-PMJ2-SG6A
59262819587522,026-0367564-7559568,,F7-PMJ2-SG6A,F7-PMJ2-SG6A
59252964895002,203-5923460-5049904,,TU-8I14-25ZR,TU-8I14-25ZR
59252964895002,203-5923460-5049904,,TU-8I14-25ZR,TU-8I14-25ZR
59252964895002,203-5923460-5049904,,TU-8I14-25ZR,TU-8I14-25ZR
59252964895002,203-5923460-5049904,,TU-8I14-25ZR,TU-8I14-25ZR
59252964895002,203-5923460-5049904,,TU-8I14-25ZR,TU-8I14-25ZR
59252964895002,203-5923460-5049904,,TU-8I14-25ZR,TU-8I14-25ZR
59254872433122,205-9693230-0300313,,TU-8I14-25ZR,TU-8I14-25ZR
59254872433122,205-9693230-0300313,,TU-8I14-25ZR,TU-8I14-25ZR
59254872433122,205-9693230-0300313,,TU-8I14-25ZR,TU-8I14-25ZR
59254872433122,205-9693230-0300313,,TU-8I14-25ZR,TU-8I14-25ZR
59254872433122,205-9693230-0300313,,TU-8I14-25ZR,TU-8I14-25ZR
59254872433122,205-9693230-0300313,,TU-8I14-25ZR,TU-8I14-25ZR
59254872433122,205-9693230-0300313,,TU-8I14-25ZR,TU-8I14-25ZR
59254872433122,205-9693230-0300313,,TU-8I14-25ZR,TU-8I14-25ZR
59254872433122,205-9693230-0300313,,TU-8I14-25ZR,TU-8I14-25ZR
59255756143722,202-8348302-4778741,,WX-L5UA-UB1Q,WX-L5UA-UB1Q
59255756143722,202-8348302-4778741,,WX-L5UA-UB1Q,WX-L5UA-UB1Q
59255756143722,202-8348302-4778741,,WX-L5UA-UB1Q,WX-L5UA-UB1Q
59255756143722,202-8348302-4778741,,WX-L5UA-UB1Q,WX-L5UA-UB1Q
59255756143722,202-8348302-4778741,,WX-L5UA-UB1Q,WX-L5UA-UB1Q
59255756143722,202-8348302-4778741,,WX-L5UA-UB1Q,WX-L5UA-UB1Q
59267172138842,203-8969358-9148345,,MW-9K5M-VKW8,MW-9K5M-VKW8
59267172138842,203-8969358-9148345,,MW-9K5M-VKW8,MW-9K5M-VKW8
59267172138842,203-8969358-9148345,,MW-9K5M-VKW8,MW-9K5M-VKW8
59267172138842,203-8969358-9148345,,MW-9K5M-VKW8,MW-9K5M-VKW8
59267172138842,203-8969358-9148345,,MW-9K5M-VKW8,MW-9K5M-VKW8
59267172138842,203-8969358-9148345,,MW-9K5M-VKW8,MW-9K5M-VKW8
59248043049682,205-9245928-1374727,,WX-L5UA-UB1Q,WX-L5UA-UB1Q
59248043049682,205-9245928-1374727,,WX-L5UA-UB1Q,WX-L5UA-UB1Q
59248043049682,205-9245928-1374727,,WX-L5UA-UB1Q,WX-L5UA-UB1Q
59248043049682,205-9245928-1374727,,WX-L5UA-UB1Q,WX-L5UA-UB1Q
59248043049682,205-9245928-1374727,,WX-L5UA-UB1Q,WX-L5UA-UB1Q
59248043049682,205-9245928-1374727,,WX-L5UA-UB1Q,WX-L5UA-UB1Q
59114693341962,026-2303256-1161138,,6V-EEC1-2S9Z,6V-EEC1-2S9Z
59114693341962,026-2303256-1161138,,6V-EEC1-2S9Z,6V-EEC1-2S9Z
59114693341962,026-2303256-1161138,,6V-EEC1-2S9Z,6V-EEC1-2S9Z
59114693341962,026-2303256-1161138,,6V-EEC1-2S9Z,6V-EEC1-2S9Z
59114693341962,026-2303256-1161138,,6V-EEC1-2S9Z,6V-EEC1-2S9Z
59114693341962,026-2303256-1161138,,6V-EEC1-2S9Z,6V-EEC1-2S9Z
58969994776962,206-4458368-9749939,,PE-G94Y-4PYO,PE-G94Y-4PYO
58969994776962,206-4458368-9749939,,PE-G94Y-4PYO,PE-G94Y-4PYO
58969994776962,206-4458368-9749939,,PE-G94Y-4PYO,PE-G94Y-4PYO
58969994776962,206-4458368-9749939,,PE-G94Y-4PYO,PE-G94Y-4PYO
58969994776962,206-4458368-9749939,,PE-G94Y-4PYO,PE-G94Y-4PYO
58969994776962,206-4458368-9749939,,PE-G94Y-4PYO,PE-G94Y-4PYO
59265337436202,206-4028467-7955564,,MW-9K5M-VKW8,MW-9K5M-VKW8
59265337436202,206-4028467-7955564,,MW-9K5M-VKW8,MW-9K5M-VKW8
59265337436202,206-4028467-7955564,,MW-9K5M-VKW8,MW-9K5M-VKW8
59265337436202,206-4028467-7955564,,MW-9K5M-VKW8,MW-9K5M-VKW8
59265337436202,206-4028467-7955564,,MW-9K5M-VKW8,MW-9K5M-VKW8
59265337436202,206-4028467-7955564,,MW-9K5M-VKW8,MW-9K5M-VKW8
59246776805202,202-4209084-8187552,,EV-CHU5-XU3G,EV-CHU5-XU3G
59246776805202,202-4209084-8187552,,EV-CHU5-XU3G,EV-CHU5-XU3G
59246776805202,202-4209084-8187552,,EV-CHU5-XU3G,EV-CHU5-XU3G
59246776805202,202-4209084-8187552,,EV-CHU5-XU3G,EV-CHU5-XU3G
59246776805202,202-4209084-8187552,,EV-CHU5-XU3G,EV-CHU5-XU3G
59246776805202,202-4209084-8187552,,EV-CHU5-XU3G,EV-CHU5-XU3G
59255171282842,026-2836477-2882745,,Z7-26PV-O9LR,Z7-26PV-O9LR
59255171282842,026-2836477-2882745,,Z7-26PV-O9LR,Z7-26PV-O9LR
59255171282842,026-2836477-2882745,,Z7-26PV-O9LR,Z7-26PV-O9LR
59255171282842,026-2836477-2882745,,Z7-26PV-O9LR,Z7-26PV-O9LR
59255171282842,026-2836477-2882745,,Z7-26PV-O9LR,Z7-26PV-O9LR
59255171282842,026-2836477-2882745,,Z7-26PV-O9LR,Z7-26PV-O9LR
59255171282842,026-2836477-2882745,,Z7-26PV-O9LR,Z7-26PV-O9LR
59255171282842,026-2836477-2882745,,Z7-26PV-O9LR,Z7-26PV-O9LR
59255171282842,026-2836477-2882745,,Z7-26PV-O9LR,Z7-26PV-O9LR
59263988269202,205-6745322-6958732,,MW-9K5M-VKW8,MW-9K5M-VKW8
59263988269202,205-6745322-6958732,,MW-9K5M-VKW8,MW-9K5M-VKW8
59263988269202,205-6745322-6958732,,MW-9K5M-VKW8,MW-9K5M-VKW8
59263988269202,205-6745322-6958732,,MW-9K5M-VKW8,MW-9K5M-VKW8
59263988269202,205-6745322-6958732,,MW-9K5M-VKW8,MW-9K5M-VKW8
59263988269202,205-6745322-6958732,,MW-9K5M-VKW8,MW-9K5M-VKW8
59224005888442,026-8354324-1059531,,SU-5LQH-2DVN,SU-5LQH-2DVN
59224005888442,026-8354324-1059531,,SU-5LQH-2DVN,SU-5LQH-2DVN
59224005888442,026-8354324-1059531,,SU-5LQH-2DVN,SU-5LQH-2DVN
59224005888442,026-8354324-1059531,,SU-5LQH-2DVN,SU-5LQH-2DVN
59224005888442,026-8354324-1059531,,SU-5LQH-2DVN,SU-5LQH-2DVN
59224005888442,026-8354324-1059531,,SU-5LQH-2DVN,SU-5LQH-2DVN
59267406250922,205-0238000-6058745,,WX-L5UA-UB1Q,WX-L5UA-UB1Q
59267406250922,205-0238000-6058745,,WX-L5UA-UB1Q,WX-L5UA-UB1Q
59267406250922,205-0238000-6058745,,WX-L5UA-UB1Q,WX-L5UA-UB1Q
59267406250922,205-0238000-6058745,,WX-L5UA-UB1Q,WX-L5UA-UB1Q
59267406250922,205-0238000-6058745,,WX-L5UA-UB1Q,WX-L5UA-UB1Q
59267406250922,205-0238000-6058745,,WX-L5UA-UB1Q,WX-L5UA-UB1Q
59222815079002,205-5786464-0281105,,WX-L5UA-UB1Q,WX-L5UA-UB1Q
59222815079002,205-5786464-0281105,,WX-L5UA-UB1Q,WX-L5UA-UB1Q
59222815079002,205-5786464-0281105,,WX-L5UA-UB1Q,WX-L5UA-UB1Q
59222815079002,205-5786464-0281105,,WX-L5UA-UB1Q,WX-L5UA-UB1Q
59222815079002,205-5786464-0281105,,WX-L5UA-UB1Q,WX-L5UA-UB1Q
59222815079002,205-5786464-0281105,,WX-L5UA-UB1Q,WX-L5UA-UB1Q
59240953965962,205-3333107-0955533,,NN-TSZ1-X2RD,NN-TSZ1-X2RD
59240953965962,205-3333107-0955533,,NN-TSZ1-X2RD,NN-TSZ1-X2RD
59240953965962,205-3333107-0955533,,NN-TSZ1-X2RD,NN-TSZ1-X2RD
59240953965962,205-3333107-0955533,,NN-TSZ1-X2RD,NN-TSZ1-X2RD
59240953965962,205-3333107-0955533,,NN-TSZ1-X2RD,NN-TSZ1-X2RD
59240953965962,205-3333107-0955533,,NN-TSZ1-X2RD,NN-TSZ1-X2RD
59240953965962,205-3333107-0955533,,NN-TSZ1-X2RD,NN-TSZ1-X2RD
59240953965962,205-3333107-0955533,,NN-TSZ1-X2RD,NN-TSZ1-X2RD
59231151305242,026-4835346-7151545,,R7-98IN-2PW8,R7-98IN-2PW8
59231151305242,026-4835346-7151545,,R7-98IN-2PW8,R7-98IN-2PW8
59231151305242,026-4835346-7151545,,R7-98IN-2PW8,R7-98IN-2PW8
59231151305242,026-4835346-7151545,,R7-98IN-2PW8,R7-98IN-2PW8
59231151305242,026-4835346-7151545,,R7-98IN-2PW8,R7-98IN-2PW8
59231151305242,026-4835346-7151545,,R7-98IN-2PW8,R7-98IN-2PW8
59243503643042,204-9501936-5352363,,WX-L5UA-UB1Q,WX-L5UA-UB1Q
59243503643042,204-9501936-5352363,,WX-L5UA-UB1Q,WX-L5UA-UB1Q
59243503643042,204-9501936-5352363,,WX-L5UA-UB1Q,WX-L5UA-UB1Q
59243503643042,204-9501936-5352363,,WX-L5UA-UB1Q,WX-L5UA-UB1Q
59243503643042,204-9501936-5352363,,WX-L5UA-UB1Q,WX-L5UA-UB1Q
59243503643042,204-9501936-5352363,,WX-L5UA-UB1Q,WX-L5UA-UB1Q
59266742095002,205-9890121-2506710,,DC-K5WH-R7F5,DC-K5WH-R7F5
59266742095002,205-9890121-2506710,,DC-K5WH-R7F5,DC-K5WH-R7F5
59266742095002,205-9890121-2506710,,DC-K5WH-R7F5,DC-K5WH-R7F5
59266742095002,205-9890121-2506710,,DC-K5WH-R7F5,DC-K5WH-R7F5
59266742095002,205-9890121-2506710,,DC-K5WH-R7F5,DC-K5WH-R7F5
59266742095002,205-9890121-2506710,,DC-K5WH-R7F5,DC-K5WH-R7F5
59204370023722,205-7631824-0945160,,SU-5LQH-2DVN,SU-5LQH-2DVN
59204370023722,205-7631824-0945160,,SU-5LQH-2DVN,SU-5LQH-2DVN
59204370023722,205-7631824-0945160,,SU-5LQH-2DVN,SU-5LQH-2DVN
59204370023722,205-7631824-0945160,,SU-5LQH-2DVN,SU-5LQH-2DVN
59204370023722,205-7631824-0945160,,SU-5LQH-2DVN,SU-5LQH-2DVN
59204370023722,205-7631824-0945160,,SU-5LQH-2DVN,SU-5LQH-2DVN
59252525817762,206-2417759-1401927,,R7-98IN-2PW8,R7-98IN-2PW8
59252525817762,206-2417759-1401927,,R7-98IN-2PW8,R7-98IN-2PW8
59252525817762,206-2417759-1401927,,R7-98IN-2PW8,R7-98IN-2PW8
59252525817762,206-2417759-1401927,,R7-98IN-2PW8,R7-98IN-2PW8
59252525817762,206-2417759-1401927,,R7-98IN-2PW8,R7-98IN-2PW8
59252525817762,206-2417759-1401927,,R7-98IN-2PW8,R7-98IN-2PW8
59124072891682,202-3518293-3245960,,DC-K5WH-R7F5,DC-K5WH-R7F5
59124072891682,202-3518293-3245960,,DC-K5WH-R7F5,DC-K5WH-R7F5
59124072891682,202-3518293-3245960,,DC-K5WH-R7F5,DC-K5WH-R7F5
59124072891682,202-3518293-3245960,,DC-K5WH-R7F5,DC-K5WH-R7F5
59124072891682,202-3518293-3245960,,DC-K5WH-R7F5,DC-K5WH-R7F5
59124072891682,202-3518293-3245960,,DC-K5WH-R7F5,DC-K5WH-R7F5
59124072891682,202-3518293-3245960,,DC-K5WH-R7F5,DC-K5WH-R7F5
59124072891682,202-3518293-3245960,,DC-K5WH-R7F5,DC-K5WH-R7F5
59124072891682,202-3518293-3245960,,DC-K5WH-R7F5,DC-K5WH-R7F5
59124072891682,202-3518293-3245960,,DC-K5WH-R7F5,DC-K5WH-R7F5
59124072891682,202-3518293-3245960,,DC-K5WH-R7F5,DC-K5WH-R7F5
59124072891682,202-3518293-3245960,,DC-K5WH-R7F5,DC-K5WH-R7F5
59263692664602,205-2000459-8809168,,MW-9K5M-VKW8,MW-9K5M-VKW8
59263692664602,205-2000459-8809168,,MW-9K5M-VKW8,MW-9K5M-VKW8
59263692664602,205-2000459-8809168,,MW-9K5M-VKW8,MW-9K5M-VKW8
59263692664602,205-2000459-8809168,,MW-9K5M-VKW8,MW-9K5M-VKW8
59263692664602,205-2000459-8809168,,MW-9K5M-VKW8,MW-9K5M-VKW8
59263692664602,205-2000459-8809168,,MW-9K5M-VKW8,MW-9K5M-VKW8
59240359939642,206-1931571-7567559,,XE-YPAI-HX9F,XE-YPAI-HX9F
59240359939642,206-1931571-7567559,,XE-YPAI-HX9F,XE-YPAI-HX9F
59240359939642,206-1931571-7567559,,XE-YPAI-HX9F,XE-YPAI-HX9F
59240359939642,206-1931571-7567559,,XE-YPAI-HX9F,XE-YPAI-HX9F
59240359939642,206-1931571-7567559,,XE-YPAI-HX9F,XE-YPAI-HX9F
59240359939642,206-1931571-7567559,,XE-YPAI-HX9F,XE-YPAI-HX9F
59263072386762,205-3763091-1151559,,MW-9K5M-VKW8,MW-9K5M-VKW8
59263072386762,205-3763091-1151559,,MW-9K5M-VKW8,MW-9K5M-VKW8
59263072386762,205-3763091-1151559,,MW-9K5M-VKW8,MW-9K5M-VKW8
59263072386762,205-3763091-1151559,,MW-9K5M-VKW8,MW-9K5M-VKW8
59263072386762,205-3763091-1151559,,MW-9K5M-VKW8,MW-9K5M-VKW8
59263072386762,205-3763091-1151559,,MW-9K5M-VKW8,MW-9K5M-VKW8
59255761270002,204-9409185-1453136,,WX-L5UA-UB1Q,WX-L5UA-UB1Q
59255761270002,204-9409185-1453136,,WX-L5UA-UB1Q,WX-L5UA-UB1Q
59255761270002,204-9409185-1453136,,WX-L5UA-UB1Q,WX-L5UA-UB1Q
59255761270002,204-9409185-1453136,,WX-L5UA-UB1Q,WX-L5UA-UB1Q
59255761270002,204-9409185-1453136,,WX-L5UA-UB1Q,WX-L5UA-UB1Q
59255761270002,204-9409185-1453136,,WX-L5UA-UB1Q,WX-L5UA-UB1Q
59261412069082,204-3177277-7722705,,MW-9K5M-VKW8,MW-9K5M-VKW8
59261412069082,204-3177277-7722705,,MW-9K5M-VKW8,MW-9K5M-VKW8
59261412069082,204-3177277-7722705,,MW-9K5M-VKW8,MW-9K5M-VKW8
59261412069082,204-3177277-7722705,,MW-9K5M-VKW8,MW-9K5M-VKW8
59261412069082,204-3177277-7722705,,MW-9K5M-VKW8,MW-9K5M-VKW8
59261412069082,204-3177277-7722705,,MW-9K5M-VKW8,MW-9K5M-VKW8
59225030472482,205-4589068-4768334,,PE-G94Y-4PYO,PE-G94Y-4PYO
59225030472482,205-4589068-4768334,,PE-G94Y-4PYO,PE-G94Y-4PYO
59225030472482,205-4589068-4768334,,PE-G94Y-4PYO,PE-G94Y-4PYO
59225030472482,205-4589068-4768334,,PE-G94Y-4PYO,PE-G94Y-4PYO
59225030472482,205-4589068-4768334,,PE-G94Y-4PYO,PE-G94Y-4PYO
59225030472482,205-4589068-4768334,,PE-G94Y-4PYO,PE-G94Y-4PYO
59248912982682,026-2620947-8933965,,WX-L5UA-UB1Q,WX-L5UA-UB1Q
59248912982682,026-2620947-8933965,,WX-L5UA-UB1Q,WX-L5UA-UB1Q
59248912982682,026-2620947-8933965,,WX-L5UA-UB1Q,WX-L5UA-UB1Q
59248912982682,026-2620947-8933965,,WX-L5UA-UB1Q,WX-L5UA-UB1Q
59248912982682,026-2620947-8933965,,WX-L5UA-UB1Q,WX-L5UA-UB1Q
59248912982682,026-2620947-8933965,,WX-L5UA-UB1Q,WX-L5UA-UB1Q
59207406214922,205-4659889-6278702,,VU-8KRA-QP5M,VU-8KRA-QP5M
59207406214922,205-4659889-6278702,,VU-8KRA-QP5M,VU-8KRA-QP5M
59207406214922,205-4659889-6278702,,VU-8KRA-QP5M,VU-8KRA-QP5M
59207406214922,205-4659889-6278702,,VU-8KRA-QP5M,VU-8KRA-QP5M
59207406214922,205-4659889-6278702,,VU-8KRA-QP5M,VU-8KRA-QP5M
59207406214922,205-4659889-6278702,,VU-8KRA-QP5M,VU-8KRA-QP5M
59207406214922,205-4659889-6278702,,VU-8KRA-QP5M,VU-8KRA-QP5M
59207406214922,205-4659889-6278702,,VU-8KRA-QP5M,VU-8KRA-QP5M
59207406214922,205-4659889-6278702,,VU-8KRA-QP5M,VU-8KRA-QP5M
59207406214922,205-4659889-6278702,,VU-8KRA-QP5M,VU-8KRA-QP5M
59262515310162,205-7429081-3997150,,EV-CHU5-XU3G,EV-CHU5-XU3G
59262515310162,205-7429081-3997150,,EV-CHU5-XU3G,EV-CHU5-XU3G
59262515310162,205-7429081-3997150,,EV-CHU5-XU3G,EV-CHU5-XU3G
59262515310162,205-7429081-3997150,,EV-CHU5-XU3G,EV-CHU5-XU3G
59262515310162,205-7429081-3997150,,EV-CHU5-XU3G,EV-CHU5-XU3G
59262515310162,205-7429081-3997150,,EV-CHU5-XU3G,EV-CHU5-XU3G
59231151305242,026-4835346-7151545,,R7-98IN-2PW8,R7-98IN-2PW8
59231151305242,026-4835346-7151545,,R7-98IN-2PW8,R7-98IN-2PW8
59231151305242,026-4835346-7151545,,R7-98IN-2PW8,R7-98IN-2PW8
59231151305242,026-4835346-7151545,,R7-98IN-2PW8,R7-98IN-2PW8
59231151305242,026-4835346-7151545,,R7-98IN-2PW8,R7-98IN-2PW8
57671777849962,205-3906143-8973956,,VF-3T0K-DR5O,VF-3T0K-DR5O
57671777849962,205-3906143-8973956,,VF-3T0K-DR5O,VF-3T0K-DR5O
57671777849962,205-3906143-8973956,,VF-3T0K-DR5O,VF-3T0K-DR5O
57671777849962,205-3906143-8973956,,VF-3T0K-DR5O,VF-3T0K-DR5O
57671777849962,205-3906143-8973956,,VF-3T0K-DR5O,VF-3T0K-DR5O
