,,SKU,Name,Asin,Supplier,Supply Code,Cost PU,Order Date,Ordered,Delivered,Sent to FBA,Due,31/10/2025,0,Test,Input,To ship,,OrderKey
1,IB-U5FA-BO2Y1,IB-U5FA-BO2Y,"OtterBox Symmetry Folio Case for iPad Pro 11"" (2024), Shockproof, Drop proof, Slim Protective Folio Case, Tested to Military Standard, Black",B0D3JC45CK,TD Synnex,10290417,£18.79,28/8/24,6,6,6,0,28/8/24,,TRUE,,,,bdd5db56-d454-47d2-97f8-268dbe9ecd02
1,DV-USYD-8WR21,DV-USYD-8WR2,"OtterBox Symmetry Folio Case for iPad Air 11"" (2024) & iPad Air 10.9"" (2022/2020), Shockproof, Drop proof, Slim Protective Folio Case, Tested to Military Standard, Black",B0D3JD4FFD,TD Synnex,10290403,£18.79,28/8/24,6,6,6,0,28/8/24,,TRUE,,,,7a7bb2c3-faae-46a5-bdd1-245fe7385489
1,EE-KTDC-KCFY1,EE-KTDC-KCFY,Crucial USB Adapter USB-C to USB-A CTUSBCFUSBAMAD,B08FSDMVNP,TD Synnex,6302977,£3.31,28/8/24,20,20,20,0,28/8/24,,TRUE,,,,0a92c293-40dd-49fe-b470-7afa3fb987b8
1,KR-H2ZK-DRS71,KR-H2ZK-DRS7,ERA Fortress BS 3621 2.5-inch/ 64mm 5 Lever Maximum Security Mortice Sashlock - Chrome Effect,B0074JFW3A,Aldridge Security,L27660,£11.59,28/8/24,45,45,45,0,28/8/24,,FALSE,,,,dfbf19c4-d1f4-49de-930f-154d35fcd9f2
1,A2-T2AC-TW3L1,A2-T2AC-TW3L,Everbuild Industrial Grade Superglue GP 50 g Pack of 3,B006PFN3BW,Sika,484652,£4.14,28/8/24,360,360,360,0,28/8/24,,FALSE,,,,cd42aebd-ed1b-4e8c-84a8-fb8cee536d8a
1,8N-DRTH-Z7K01,8N-DRTH-Z7K0,"PET HEAD Dog Shampoo 300ml, Birthday Sparkle, Cotton Candy Fragrance, Shampoo for Dogs with Sensitive Skin, Dog Birthday Present, Vegan, Hypoallergenic, Natural, Gentle Formula for Puppies",B0CHBQ7M5H,Trilanco,COA1031,£4.69,28/8/24,18,18,18,0,28/8/24,,TRUE,,,,f8d5c63f-b470-49f6-8768-e39c3cd882a2
1,OZ-3NKR-VLYG1,OZ-3NKR-VLYG,Good Boy Armitage Latex Space Lobber Toy Junior,B0049A27FS,Trilanco,GDB0101,£1.64,28/8/24,24,24,24,0,28/8/24,,TRUE,,,,bd01671f-a72e-4576-b51f-e40937085f2b
1,BU-H22U-ACK31,BU-H22U-ACK3,Zero In Wasp Trap Bait Refill Sachet – 3-Pack Effective Wasp Attractant,B00VAID1UW,Trilanco,VIC0221,£1.99,28/8/24,23,23,23,0,28/8/24,,TRUE,,,,32e2ec4a-1d67-492b-be70-2c92972cb0de
1,VF-3T0K-DR5O1,VF-3T0K-DR5O,"TEPE Easypick Dental Picks for Daily Oral Hygiene, Healthy Teeth and Gums, Size XL / 1 X 36 Picks, Purple, Pack of 1",B08KFFY86W,DHB,TEP484,£2.19,29/8/24,800,800,800,0,28/8/24,,FALSE,,,,e9871510-a82b-4d14-bf46-b73b63ecb818
1,YV-2E21-62SB1,YV-2E21-62SB,"Liquid Skin Liquid Plaster - Waterproof Liquid Bandage for Small Cuts, Wounds, Cracked Skin - Promotes Faster Natural Healing - No Sting, Non-Burning, Safe for Kids Formula - Pack of 2 x 1g Pipettes",B01JM7KWTK,Stax,356869,£2.63,29/8/24,180,180,180,0,28/8/24,,FALSE,,,,25f48b38-38a1-4f6c-93f8-045f0894eba5
1,EQ-EZL7-FAU31,EQ-EZL7-FAU3,"Kitchen Devils 602002 Multi Purpose Knife,Black,30.5x8.5x1.9 cm",B000FPYPM4,Stax,474836,£3.96,29/8/24,60,60,60,0,28/8/24,,FALSE,,,,dabc72df-82c7-4a29-a529-ae55e9779e2a
1,WX-L5UA-UB1Q1,WX-L5UA-UB1Q,QZ-5ZK7-W02G,B007R2ICTK,Stax,348683,£1.61,24/07/2024,600,600,600,0,28/8/24,,FALSE,,,,8235e55b-f6e2-4bb3-9059-4cd61bd97c49
1,R4-IXFX-2AQQ1,R4-IXFX-2AQQ,"Kitchen Devils 1000775 Lifestyle Tomato Knife , Black , 30.5x8.5x2 cm",B0012B4EXK,Stax,774005,£3.96,29/8/24,25,25,25,0,28/8/24,,FALSE,,,,2514713a-e77a-4533-a5b7-c7054bd90457
1,JB-RGB6-LZOJ1,JB-RGB6-LZOJ,Loctite 194088 AA 319 Rear View Mirror/Phone/Radio Aerial Bonder Adhesive Glue,B0001P0DLU,Stax,428180,£2.47,29/8/24,35,35,35,0,28/8/24,,FALSE,,,,3fbb5427-f61e-4fe2-a7d2-8c0c37599083
1,7L-OT45-7LYB1,7L-OT45-7LYB,"Yale YES-CYLPULL-CH Essentials Rim Cylinder Door Pull, Great for External Doors, for Easy Door Closing, Chrome Finish",B01NBDFDBC,Stax,376890,£1.13,29/8/24,0,0,0,0,28/8/24,,FALSE,,,,21e53f64-338b-405f-a26b-b513dcb4bec5
1,GK-YI4S-C1581,GK-YI4S-C158,"Fackelmann Sieve 15cm⌀, Strainer, Fine Mesh, Stainless Steel, 15x20x32.5cm, Silver",B0009JJZ8A,Stax,378184,£2.55,29/8/24,6,6,6,0,28/8/24,,TRUE,,,,d1d564fb-9de6-4f98-96b1-bbfa6afcb5f3
1,D3-R4XE-XV0R1,D3-R4XE-XV0R,"Viners Assure Knife Block; Set of 5 Kitchen Knives & Universal Knife Holder; Chef, Santoku, Carving, Utility & Paring Knives, Stainless Steel, ‎0305.217",B08G4Q5KK8,Stax,104696,£15.29,29/8/24,4,4,4,0,28/8/24,,TRUE,,,,87b49634-3ac9-4ee0-b76b-573c58fc47b6
1,8M-LM6B-F2Q51,8M-LM6B-F2Q5,"Bosch 2608831003 ""SDS Plus-3"" Hammer Drill Bit, 0 V, Grey, 5 x 100 x 160 mm",B00D1V5FPU,Stax,308958,£1.56,29/8/24,7,7,7,0,28/8/24,,TRUE,,,,2b6d13b4-63b1-445b-be7b-414761674b62
1,EA-FZ2V-D7II1,EA-FZ2V-D7II,"Bosch 2608831019 ""SDS Plus-3"" Hammer Drill Bit, 0 V, Grey, 8 x 100 x 160 mm",B00D1V5NWK,Stax,308965,£1.78,29/8/24,0,0,0,0,28/8/24,,TRUE,,,,ed9ebae7-a5f6-41eb-a5a7-5f7dd89febdd
1,WT-LPJW-NOXR1,WT-LPJW-NOXR,Funko POP! TV: the Boys-Homelander Levitating - Collectable Vinyl Figure - Gift Idea - Official Merchandise - Toys for Kids & Adults - TV Fans - Model Figure for Collectors and Display,B082FRV6QN,ABGee,985 48186,£7.59,1/8/24,6,6,6,0,28/8/24,,TRUE,,,,18496b06-3011-45b2-94e2-313a3cfa2bb3
1,EO-RQ6J-PAPY1,EO-RQ6J-PAPY,Funko POP! Disney: Robin Hood - Maid Marian - Collectable Vinyl Figure - Gift Idea - Official Merchandise - Toys for Kids & Adults - Movies Fans - Model Figure for Collectors and Display,B0C4S2Y186,ABGee,985 75912,£7.59,1/8/24,6,6,6,0,28/8/24,,TRUE,,,,449748ab-7494-400d-9e1c-ae0250cdbd4b
1,2S-T29M-BDIZ1,2S-T29M-BDIZ,Funko POP! Books: Five Nights At Freddy's (FNAF) - Twisted Bonnie - FNAF the Twisted Ones - Collectable Vinyl Figure - Gift Idea - Official Merchandise,B07978WZ4L,ABGee,985 28806,£7.59,1/8/24,7,7,7,0,28/8/24,,FALSE,,,,64c4f215-4047-4bc2-bc26-4e48fad41390
1,SC-LYFM-ORXK1,SC-LYFM-ORXK,"Shaun the Sheep Plush 61176 Backpack Clip, Black and White, Great Gift Idea,9 x 7 x 14 centimetres",B07QXSDZJM,ABGee,541 61176,£4.20,1/8/24,44,44,44,0,28/8/24,,FALSE,,,,4b9920f7-59b0-44be-8e43-c59666d1dd07
1,SU-JM8R-2U821,SU-JM8R-2U82,"Lexibook, Super Mario, Mini Cordless Bedside Lamp and Nightlight, Red, MLT10NI",B09ST7SSLW,Rashmian,MLT10NI,£6.95,8/22/2024,12,12,12,0,28/8/24,,FALSE,,,,6c037ec6-b953-4d2d-89ec-a8cc2c84d52d
1,MW-9K5M-VKW81,MW-9K5M-VKW8,Casio Men's Watch MRW-200H-1BVES,B0073TTHBY,Rashmian,MRW200H/1B,£13.65,8/21/2024,40,40,40,0,28/8/24,,FALSE,,,,cb9c24cd-cd70-4cb5-82c6-65218f12a4b2
1,B7-9S5E-KOHG1,B7-9S5E-KOHG,"Darlac Snapper 1000mm Reach Pruner - Lightweight, Razor Sharp & Strong Ideal for Pruning, Deadheading & Collecting Fruit - Right & Left Handed Use - Perfect for Disabled Gardeners & Wheelchair Users",B00284EJ3K,Darlac,40708,£18.75,30/8/24,48,48,48,0,28/8/24,,FALSE,,,,8feb3479-e8e6-4617-8680-4061c52e8f80
1,XB-PLFM-VNLX1,XB-PLFM-VNLX,"Ultimate Guard Classic Soft Card Sleeves (100, Transparent, Japanese Size, Polypropylene)",B00FAQCE08,Bliss Distribution,UGD010069,£0.69,30/8/24,15,15,15,0,28/8/24,,TRUE,,,,f430b3ef-d183-414f-b2d8-75764f51f8cb
1,NO-N6RP-Y30Q1,NO-N6RP-Y30Q,Dragon Shield - Matte Standard Size Sleeves 100pk - Emerald,B07NJCFPKF,Bliss Distribution,AT-11036,£4.48,20/8/24,100,100,100,0,28/8/24,,FALSE,,,,d584176c-779a-492b-be33-563c916c81cb
1,2U-4KLP-68HB1,2U-4KLP-68HB,"Ultimate Guard - Katana Sleeves - Purple (100) [Standard Size, 66 x 91mm]",B07NGGSR3D,Bliss Distribution,UGD010923,£5.86,1/8/24,20,20,20,0,28/8/24,,FALSE,,,,b586d1b2-209d-42f3-8e96-5cd02c8eeb37
1,1Q-OTO8-JG8E1,1Q-OTO8-JG8E,Dragon Shield 11009 Matte Purple Standard Sleeves (100 Sleeves),B01G263L1K,Bliss Distribution,AT-11009,£4.48,30/8/24,200,200,200,0,28/8/24,,FALSE,,,,4e6db41c-db06-4694-ac41-f8902694e536
1,49-4UKW-G81R1,49-4UKW-G81R,100 Ultra Pro Card Protector Sleeves: Pro-Matte - 66 x 91 mm,B00WI8O0RG,Bliss Distribution,E-84515,£3.17,30/8/24,60,60,60,0,26/10/24,0,FALSE,,,,f5174c72-039f-433d-bd92-c9cac66b9a3c
1,J2-N9NA-57NA1,J2-N9NA-57NA,Yu-Gi-Oh! Dark Hex Sleeves,B07VBB218V,Bliss Distribution,DHCS,£1.95,30/8/24,30,30,30,0,28/8/24,,FALSE,,,,e5420b31-2e6e-4741-81ca-292a235f4d90
1,EH-ZRT0-U4YM1,EH-ZRT0-U4YM,"Ultra Pro 84516 Standard Pro Matte Card Sleeves 100 Pack, Red",B00WI9YJVW,Bliss Distribution,E-84516,£3.22,5/8/24,30,30,30,0,26/10/24,0,FALSE,,,,453dc021-8adc-46b5-9377-ae28ae282cf8
1,SZ-UL4K-SE7W1,SZ-UL4K-SE7W,Ultra Pro Comic Bags (100-Piece),B002QGAF8S,Bliss Distribution,E-82225,£3.17,30/8/24,200,200,200,0,26/10/24,0,FALSE,,,,95a49e30-7abd-49c5-94a5-947d7e078bd0
1,BQ-O3OI-FTJU1,BQ-O3OI-FTJU,5 Ultra Pro 130pt Magnetic One Touch Card Holders (5 Total) 81721 - Fits Cards Up To 130,B01CKK8CU2,Bliss Distribution,E-81721-UV,£6.50,30/8/24,40,40,40,0,20/2/25,0,FALSE,,,,9536b00a-9370-4449-bbb8-a2a443330bbb
1,AI-IG9I-YB5A1,AI-IG9I-YB5A,WizKids WZK90035 Accessories,B081QV8W38,Bliss Distribution,90035,£7.13,30/8/24,10,10,10,0,10/3/25,0,FALSE,,,,85fd2d88-25ad-44b6-b8b0-db72c26f869a
1,ON-XPCR-TAZW1,ON-XPCR-TAZW,Ultimate Guard Katana Inner Sleeves Standard Size Transparent (100),B0BHCWWGKS,Bliss Distribution,UGD011337,£3.17,30/8/24,40,40,40,0,22/11/24,0,FALSE,,,,65a66ebd-4deb-4c1d-8a83-f2ec34533b15
1,4F-HT42-FD261,4F-HT42-FD26,100 Ultra Pro Card Protector Sleeves: Pro-Matte - 66 x 91 mm,B010E25DI2,Bliss Distribution,E-84517,£3.17,30/8/24,40,40,40,0,26/10/24,0,FALSE,,,,964276c0-f1ae-4acd-b3ad-cee3f2e3598b
1,6E-GK4T-QBFF1,6E-GK4T-QBFF,Dungeons & Dragons Baldur's Gate 3 Collectible Soul Coin,B0CND68C7W,Bliss Distribution,5060948293822,£5.49,1/8/24,100,100,100,0,28/8/24,,FALSE,,,,a6ebef1e-21a7-4b6b-969d-ca6cfdb881e2
1,V5-VWRV-4S7K1,V5-VWRV-4S7K,"Jack N' Jill Kids Natural Toothpaste, Fluoride Free Toothpaste, Helps Soothe Gums and Fight Tooth Decay, Toothpaste for Baby, Toddler and Children 6 Months Plus Bubblegum Flavour 1 x 50g",B082L15JYR,CLF,JNJ35,£2.83,3/9/24,30,30,30,0,28/8/24,,TRUE,,,,d7d454a6-87d2-4d35-9cf7-f4bf6ccc9f83
1,TK-2H97-E7UH1,TK-2H97-E7UH,"Organic Shop Softening Body Scrub Coffee, 250 ml",B01H8QOWA2,CLF,OSP51,£1.91,3/9/24,84,84,84,0,28/8/24,,FALSE,,,,e508b839-2b45-4edf-a71b-572a4d159099
1,TE-PYY9-E5X81,TE-PYY9-E5X8,"THE HUMBLE CO. - Bamboo Interdental Brushes - SIZE 3 - 0,6 mm - Developed by Dentists - Designed In Sweden - Teeth Cleaning - Vegan & Cruelty-free - Eco-Friendly Packaging - 8",B07TRJPM5R,CLF,HBH30,£1.66,3/9/24,90,90,90,0,28/8/24,,FALSE,,,,04e1c501-0718-4b58-8960-98212f944ce4
1,10-PGVO-YV151,10-PGVO-YV15,"Organic Shop Repairing Body Scrub Mango & Sugar, 250 ml",B01H8QOUTA,CLF,OSP54,£1.91,3/9/24,36,36,36,0,28/8/24,,FALSE,,,,98e67114-8e8f-40fa-ba85-665ae98f6635
1,6H-ZZN4-I77B1,6H-ZZN4-I77B,Marcel's Green Soap - Toilet Cleaner Orange & Jasmine - Kill bacteria and leave a fresh scent without bleach - 100% Eco friendly - 100% Vegan - 97% Biodegradable - 750 ML,B084HF25YN,CLF,SPC16,£2.00,3/9/24,0,0,0,0,28/8/24,,FALSE,,,,e6ec31cb-a8e1-49c5-ad8f-65475ed57fd3
1,16-5NE0-75DT1,16-5NE0-75DT,"Faith In Nature 3 x 100ml Natural Body Wash Travel Gift Set, Vegan & Cruelty Free, No SLS or Parabens",B097F7QHFF,CLF,FIN178,£1.46,3/9/24,0,0,0,0,28/8/24,,FALSE,,,,a6bc9acd-a86a-40f5-bcba-f1108df0ba44
1,VY-FXRV-DEAT1,VY-FXRV-DEAT,"Meditrade 1284M Nitrile Examination Gloves, Black, Medium",B07774W5SC,DHB,MED202,£2.06,3/9/24,0,0,0,0,28/8/24,,TRUE,,,,ce768cae-2d33-465a-bb79-99d8663adaec
1,SA-T4GN-HUNR1,SA-T4GN-HUNR,"Oral-B Kids Electric Toothbrush, Christmas Gifts For Kids, 1 Toothbrush Head, Battery Powered, Extra Soft Bristles For Gentle Cleaning, For Ages 3+",B07NSZ2DRS,DHB,OB292,£2.67,3/9/24,0,0,0,0,28/8/24,,TRUE,,,,60184fec-fd98-4de5-8b46-8355ea0fd71f
1,4V-OE5G-EJKM1,4V-OE5G-EJKM,"Oclean X Pro Elite, Smart Mute Sonic Electric Toothbrush, 4 Modes with Whitening, Quick Charge for 35 Days, IPX7 – Grey",B095X23HDH,DHB,OCL007,£35.51,3/9/24,0,0,0,0,28/8/24,,TRUE,,,,e0ed9c5f-7e55-4345-a567-53fba8bf7370
1,7Y-B7S7-O5OZ1,7Y-B7S7-O5OZ,"Oral-B Kids Electric Toothbrush Head, with Disney Characters, Extra Soft Bristles, For Ages 3+, Pack of 2 Toothbrush Heads, Red",B0014RIL1S,DHB,OB122P,£4.12,3/9/24,0,0,0,0,28/8/24,,TRUE,,,,b6710d01-f022-405b-b74a-8b16bb5667cc
1,XH-0LAE-FQO51,XH-0LAE-FQO5,"Curaprox CS 1006 Interdental Toothbrush, Assorted Colour. Manual Single Tuft Interdental Brush Ultra-Fine CUREN® Filaments",B00AOES9GE,DHB,CUR035X,£3.11,3/9/24,170,170,170,0,28/8/24,,FALSE,,,,c4d7305f-a386-4d8e-9110-a292c0c21017
1,3L-1I88-19GF1,3L-1I88-19GF,"Curaprox interdental Brushes CPS 10 Regular, Refill, 5 Pieces, White, 1.0 mm Diameter, 2.2 mm Effectiveness, Refill Pack, Without Holder",B00SYI2OCW,DHB,CUR005,£4.35,3/9/24,60,60,60,0,28/8/24,,FALSE,,,,9ab1a1a3-73f9-453d-98a5-f9becc8f025f
1,93-TB6X-UKTU1,93-TB6X-UKTU,"Piksters Interdental Brushes, Size 00, Pink Handle, 10 Pack",B078K3B7R6,DHB,PIK021X,£1.57,3/9/24,50,50,50,0,28/8/24,,FALSE,,,,07925b3a-08f2-4634-a606-9b2d9aece2b3
1,M5-EOFN-2WPJ1,M5-EOFN-2WPJ,"The Humble Co. Plant Based Floss Picks | Charcoal | Eco-Friendly, Vegan for Your Everyday Oral Care - Dentist Approved - Removes Plaque and Gives a Fresh Feel (1 x 50p)",B07RBWJ6W8,DHB,HUM028,£1.54,3/9/24,50,50,50,0,28/8/24,,FALSE,,,,78aef331-4ea2-44fc-9b56-c03a8529cc33
1,FY-TQNI-4ZV51,FY-TQNI-4ZV5,"Oclean Air 2, Sonic Electric Toothbrush, Portable Ultra Quiet Design, Dupont Brush Head Bristles, 2h Quick Charge for 40 Days, IPX7 – Eucalyptus Green",B08RHKZM4N,DHB,OCL005,£18.44,3/9/24,0,0,0,0,28/8/24,,FALSE,,,,920c26a8-4982-4b5b-b9d4-a0b4ac440ce2
1,OV-LVEL-DQL61,OV-LVEL-DQL6,"Lexibook, Paw Patrol, Mini Cordless Bedside Lamp and Nightlight, Blue, MLT10PA",B08W25WKTN,Rashmian,MLT10PA,£6.95,9/5/2024,0,0,0,0,6/6/25,0,TRUE,,,,41832c8c-9055-4ef2-b9dc-79fc37af84c9
1,U1-M5BM-8F5W1,U1-M5BM-8F5W,Groov-e Geneva Rechargeable DAB & FM Digital Radio - Built-In Alarm Clock & Bluetooth Connectivity - LCD Display - USB or Battery Operated - Portable Radio - 80 Preset Stations - Black,B0C9J86XCZ,Rashmian,GVDR09BK,£13.00,9/5/2024,20,20,20,0,28/8/24,,TRUE,,,,ef070f2d-4a7a-4d5d-9038-e710f845795f
1,QB-I6MR-7F611,QB-I6MR-7F61,Casio Unisex Watch in Resin/Acrylic Glass with Date Display and LED Light - Water Resistance & Alarm,B0788CGDMC,Rashmian,F91WM/3A,£11.60,9/5/2024,10,10,10,0,8/1/25,0,TRUE,,,,423e8b0b-5425-4fc4-9745-1d50770da762
2,DV-USYD-8WR22,DV-USYD-8WR2,"OtterBox Symmetry Folio Case for iPad Air 11"" (2024) & iPad Air 10.9"" (2022/2020), Shockproof, Drop proof, Slim Protective Folio Case, Tested to Military Standard, Black",B0D3JD4FFD,TD Synnex,10290403,£18.72,5/9/24,12,12,12,0,28/8/24,,FALSE,,,,e01f5868-87e6-45b1-9e67-273fbccc9e40
2,MW-9K5M-VKW82,MW-9K5M-VKW8,Casio Collection Men's Watch MRW-200H,B0073TTHBY,Rashmian,MRW200H/1B,£13.65,9/5/2024,40,40,40,0,8/1/25,0,FALSE,,,,40b5778f-2936-4f02-a4a8-dea6356e1003
1,KE-WQ91-B6JF1,KE-WQ91-B6JF,"World's Smallest Toys 503 Worlds Smallest Rubiks Cube small, one size",B0175BSI28,Heo,WST503,£3.68,6/9/24,8,8,8,0,28/8/24,,TRUE,,,,aea8f975-c00c-47e7-948e-7531178ebfcd
1,ZI-1MA2-8QGC1,ZI-1MA2-8QGC,"AQUARIUS 65370 Lord of The Rings Map 1000 Piece Jigsaw Puzzle, Multi-Colored, One Size",B08M8CQHHV,Heo,NMR65370,£8.48,6/9/24,8,8,8,0,28/8/24,,TRUE,,,,b4aef4cb-6825-4c0f-809a-1514ea1871ae
1,IO-9ZD2-3HDO1,IO-9ZD2-3HDO,Funko Pop! Albums: Queen - Freddie Mercury - Flash Gordon - Music - Collectable Vinyl Figure - Gift Idea - Official Merchandise - Toys for Kids & Adults - Music Fans - Model Figure for Collectors,B09SBGM9Q8,Heo,FK64036,£5.05,6/9/24,36,36,36,0,28/8/24,,FALSE,,,,fc2b487a-f929-4a8f-beac-809b71dd2585
1,HY-VZF3-EFS31,HY-VZF3-EFS3,"Funko Bitty Pop! the Nightmare Before Christmas - Santa Jack 4PK - Santa Jack, Sandy Claws, Vampire Teddy With Duck and A Surprise Mystery Mini Figure - 0.9 Inch (2.2 Cm) Collectable - Gift Ide",B0BS27RGPX,Heo,FK73022,£4.85,6/9/24,22,22,22,0,28/8/24,,FALSE,,,,ffc28db5-8bdc-4071-9775-856fda6c2a1d
1,0X-VJWI-4OT81,0X-VJWI-4OT8,Funko POP! Movies: Avatar: the Way Of Water - Lo’ak - Collectable Vinyl Figure - Gift Idea - Official Merchandise - Toys for Kids & Adults - Movies Fans - Model Figure for Collectors and Displa,B0BWFT5RGN,Heo,FK73090,£4.29,6/9/24,12,12,12,0,28/8/24,,FALSE,,,,28322a95-cd01-4d2a-b468-4ac52fb10a2b
1,4U-9ZL6-9GOY1,4U-9ZL6-9GOY,"Piksters Wax for Orthodontics and Braces, 2 Count (Pack of 1)",B07C8QSSR2,DHB,PIK054,£1.20,7/9/24,384,384,384,0,28/8/24,,FALSE,,,,5de495c4-7cad-4fdf-b2b5-9f5d8ef2cd21
1,PH-M7S4-05R51,PH-M7S4-05R5,"OtterBox Symmetry Folio Case for iPad Air 11"" (2024) & iPad Air 10.9"" (2022/2020), Shockproof, Drop proof, Slim Protective Folio Case, Tested to Military Standard, Blue",B0D3JCMSF5,TD Synnex,10290405,£18.72,16/9/24,12,12,12,0,28/8/24,,FALSE,,,,7073d240-feec-44a3-8b08-631df4401eda
3,DV-USYD-8WR23,DV-USYD-8WR2,"OtterBox Symmetry Folio Case for iPad Air 11"" (2024) & iPad Air 10.9"" (2022/2020), Shockproof, Drop proof, Slim Protective Folio Case, Tested to Military Standard, Black",B0D3JD4FFD,TD Synnex,10290403,£18.72,16/9/24,8,8,8,0,28/8/24,,FALSE,,,,0e9d99cc-b5a4-46cb-beca-bc5c1951d220
2,A2-T2AC-TW3L2,A2-T2AC-TW3L,Everbuild Industrial Grade Superglue GP 50 g Pack of 3,B006PFN3BW,Sika,484652,£4.14,16/9/24,360,360,360,0,28/8/24,,FALSE,,,,34cc5ea1-a736-4338-8091-cdcf084a6406
1,C0-RG54-30FA1,C0-RG54-30FA,Funko POP! Movies : Freddy Krueger - Nightmare on Elm Street - Collectable Vinyl Figure - Gift Idea - Official Merchandise - Toys for Kids & Adults - Movies Fans - Model Figure for Collectors,B004GFPFBO,ABGee,985 2291,£7.59,1/9/24,25,25,25,0,28/8/24,,TRUE,,,,6a4b9a45-38a6-46d4-866d-1cc2a6020b78
1,WB-6YBC-16X81,WB-6YBC-16X8,Funko POP! Movies Edward Scissorhands - Collectable Vinyl Figure - Gift Idea - Official Merchandise - Toys for Kids & Adults - Movies Fans - Model Figure for Collectors and Display,B0863J9XMR,ABGee,985 49695,£7.59,1/9/24,15,15,15,0,28/8/24,,TRUE,,,,bd1b1ce8-4de3-4558-9e0b-95d26d566185
2,3L-1I88-19GF2,3L-1I88-19GF,"Curaprox interdental Brushes CPS 10 Regular, Refill, 5 Pieces, White, 1.0 mm Diameter, 2.2 mm Effectiveness, Refill Pack, Without Holder",B00SYI2OCW,DHB,CUR005,£4.35,17/9/24,0,0,0,0,28/8/24,,FALSE,,,,fa505d4c-e2ec-46d1-8f67-f1b143976bb0
1,MU-717K-DELS1,MU-717K-DELS,"Ultra Pro 3"" x 4"" Clear Regular Top Loaders For Cards With Card Sleeves Bundle Standard Size 100ct Baseball Card Sleeves Trading Card Sleeve Baseball Card Protectors Toploader Card Protectors",B076V4V2QQ,Bliss Distribution,E-83648,£6.14,5/8/24,20,20,20,0,13/11/24,0,FALSE,,,,79fd26de-7e85-4697-a672-ddb1f52ff001
1,M5-71MK-T0DL1,M5-71MK-T0DL,Arcane Tinmen Dragon Shield Sleeves – Matte: Blood Red 100CT - MTG Card Sleeves are Smooth & Tough - Compatible with Pokemon & Magic The Gathering Card Sleeves (AT-11050),B0B337ZY41,Bliss Distribution,AT-11050,£4.48,1/10/24,200,200,200,0,1/11/24,0,FALSE,,,,a58aab6d-6350-4548-b883-2e9eac2bbfcd
2,1Q-OTO8-JG8E2,1Q-OTO8-JG8E,Dragon Shield 11009 Matte Purple Standard Sleeves (100 Sleeves),B01G263L1K,Bliss Distribution,AT-11009,£4.48,1/10/24,100,100,100,0,7/1/25,0,FALSE,,,,d51c1cfc-7e8d-4205-b4fd-3020e1d6e6f5
1,EV-CHU5-XU3G1,EV-CHU5-XU3G,The Army Painter | Hobby: Super Glue,B07QQDMJ6M,Bliss Distribution,5713799201408,£2.46,1/10/24,132,132,132,0,28/8/24,,FALSE,,,,78e933cb-97d9-488c-85c2-582fb80271a4
2,NO-N6RP-Y30Q2,NO-N6RP-Y30Q,Dragon Shield - Matte Standard Size Sleeves 100pk - Emerald,B07NJCFPKF,Bliss Distribution,AT-11036,£4.48,1/10/24,100,100,100,0,1/11/24,0,FALSE,,,,3b4348f6-9520-4013-ab19-4d9d85536735
2,6E-GK4T-QBFF2,6E-GK4T-QBFF,Dungeons & Dragons Baldur's Gate 3 Collectible Soul Coin,B0CND68C7W,Bliss Distribution,HAS-DUN52,£5.49,1/10/24,30,30,30,0,28/8/24,,FALSE,,,,b49639cf-5528-4c2f-94d9-aa5620463f52
2,2U-4KLP-68HB2,2U-4KLP-68HB,"Ultimate Guard - Katana Sleeves - Purple (100) [Standard Size, 66 x 91mm]",B07NGGSR3D,Bliss Distribution,UGD010923,£5.86,1/10/24,60,60,60,0,22/11/24,0,FALSE,,,,08c8c9d7-c24c-496e-ae72-d2191a58eeb4
1,D7-MGBX-RX2P1,D7-MGBX-RX2P,"Ultra Pro 81181 3"" x 4"" Clear Thick 55PT Toploaders (25ct)",B001Q77TI2,Bliss Distribution,E-81181,£2.86,1/10/24,50,50,50,0,26/10/24,0,FALSE,,,,4dd99981-ff18-4928-bce4-009da5e80077
2,J2-N9NA-57NA2,J2-N9NA-57NA,Yu-Gi-Oh! Dark Hex Sleeves,B07VBB218V,Bliss Distribution,4012927741481,£1.95,1/10/24,35,35,35,0,28/8/24,,FALSE,,,,1b697d66-4595-433c-a553-c4cd1235a655
1,BH-QYC3-K7VG1,BH-QYC3-K7VG,"Ultimate Guard UGD010696 Boulder Deck Case, 100 Plus, standard size, malachite",B06XGSJS7N,Bliss Distribution,UGD010696,£4.92,1/10/24,0,0,0,0,7/1/25,0,FALSE,,,,a98f4145-8598-4f82-a033-bdfcd6fac0f8
1,2T-07RT-8IMX1,2T-07RT-8IMX,Ultra Pro E-15219 Eclipse 9-Pocket PRO-Binder-Jet Black,B07W65T6VT,Bliss Distribution,E-15219,£8.70,1/10/24,12,12,12,0,26/10/24,0,FALSE,,,,6b1750d9-5a06-49ff-b03d-a4e44e511924
2,WT-LPJW-NOXR2,WT-LPJW-NOXR,Funko POP! TV: the Boys-Homelander Levitating - Collectable Vinyl Figure - Gift Idea - Official Merchandise - Toys for Kids & Adults - TV Fans - Model Figure for Collectors and Display,B082FRV6QN,ABGee,985 48186,£7.59,25/9/24,0,0,0,0,6/6/25,0,FALSE,,,,cd716ab9-abb8-491a-a8c6-370320be0922
1,12-749B-9EB51,12-749B-9EB5,Funko POP! Movies: TCM - Leatherface - Texas Chainsaw Massacre - Collectable Vinyl Figure - Gift Idea - Official Merchandise - Toys for Kids & Adults - Movies Fans - Model Figure for Collectors,B084HZRR8G,ABGee,985 49830,£7.59,1/9/24,50,50,50,0,13/12/24,0,FALSE,,,,4aecd5ef-7a38-4728-86b4-8b4cbacb67b2
2,WB-6YBC-16X82,WB-6YBC-16X8,Funko POP! Movies Edward Scissorhands - Collectable Vinyl Figure - Gift Idea - Official Merchandise - Toys for Kids & Adults - Movies Fans - Model Figure for Collectors and Display,B0863J9XMR,ABGee,985 49695,£7.59,1/9/24,0,0,0,0,,,FALSE,,,,25c35286-4bb0-462c-9041-45e685a7fa01
2,SC-LYFM-ORXK2,SC-LYFM-ORXK,"Shaun the Sheep Plush 61176 Backpack Clip, Black and White, Great Gift Idea,9 x 7 x 14 centimetres",B07QXSDZJM,ABGee,,£4.20,1/9/24,30,30,30,0,28/8/24,,FALSE,,,,4a46fbfb-56bf-4138-81a7-c2a7ce44b8ba
1,DY-51D1-CSIX1,DY-51D1-CSIX,"Lite-Brite | Peg & Template Refill Pack | Light Up Drawing Board, LED Board with Colours, Toys for Creative Play, Glow Art Neon Effect Drawing Board, Light Toys for Kids Ages 4+ | Basic Fun 02224",B07FFHPY7X,ABGee,520 02224,£2.50,1/10/24,12,12,12,0,28/8/24,,FALSE,,,,9d463beb-9c7f-42e0-9a19-5fb888d1175d
2,V5-VWRV-4S7K2,V5-VWRV-4S7K,"Jack N' Jill Natural Certified Toothpaste - Baby & Toddler Toothpaste, Fluoride-Free, 40% Xylitol, Sugar-Free, Safe for 6 Months and Up, Makes Tooth Brushing Fun, Bubblegum Flavour, 1 x 50g",B082L15JYR,CLF,9312657108031,£2.83,2/10/24,36,36,36,0,28/8/24,,FALSE,,,,e6434327-f4e3-4eaf-9ae9-235e48625ae7
1,90-0G83-3P0X1,90-0G83-3P0X,"Badger Sleep Balm, Softens Skin whilst Soothing the Mind, For a Blissful Nights Sleep Rub on the Temples or Pulse Points, Lavender and Bergamot Scent with Added Essential Oils, 56g",B0054RRCQY,CLF,634084135800,£7.15,2/10/24,11,11,11,0,28/8/24,,FALSE,,,,f6cbcd66-6e4e-4898-aeaf-2d0df6a2d119
1,HI-4CXM-9WVU1,HI-4CXM-9WVU,Himalaya Botanique Simply Cinnamon Complete Care Toothpaste 150 g,B01CWYES90,CLF,605069200264,£2.97,2/10/24,18,18,18,0,28/8/24,,FALSE,,,,ce11fa67-7c81-4a22-93a5-b21374bae4d8
2,10-PGVO-YV152,10-PGVO-YV15,"Organic Shop Repairing Body Scrub Mango & Sugar, 250 ml",B01H8QOUTA,CLF,4744183012622,£2.25,2/10/24,6,6,6,0,28/8/24,,FALSE,,,,82a98d10-53c2-4c8a-b0c4-722b26cd5beb
1,QM-QAGK-D2UQ1,QM-QAGK-D2UQ,"Maldon Crushed Sea Salt Flakes Grinder, 55g",B07RX3FCV7,CLF,5011428000232,£2.60,2/10/24,12,12,12,0,28/8/24,,FALSE,,,,d67ce16e-4b01-4540-9478-fa21e7eb1c9d
1,D1-LSS7-93U81,D1-LSS7-93U8,RAWGANIC Pure Cleansing Refreshing Facial Wipes with Aloe Vera and Green Tea | Gentle Soothing Biodegradable Makeup Removal Organic Cotton Wipes | 1 Pack (25 wipes in total),B003SYNGE2,CLF,5060169467170,£2.01,2/10/24,12,12,12,0,28/8/24,,FALSE,,,,b2394628-f22a-4df2-bdea-2d03b7686e86
1,AX-NKNU-29C11,AX-NKNU-29C1,Moo Free Choccy Buttons - Dairy Free Vegan Milk Chocolate (25g x 1 bag),B08M52B4M5,CLF,5060235831003,£0.61,2/10/24,50,50,50,0,28/8/24,,TRUE,,,,08166667-f6e7-4825-8cc9-23e8ced6e17e
2,6H-ZZN4-I77B2,6H-ZZN4-I77B,Marcel's Green Soap - Toilet Cleaner Orange & Jasmine - Kill bacteria and leave a fresh scent without bleach - 100% Eco friendly - 100% Vegan - 97% Biodegradable - 750 ML,B084HF25YN,CLF,8719189416237,£2.00,2/10/24,6,6,6,0,28/8/24,,FALSE,,,,7502f99b-bd74-4724-8d5d-a5483c043087
1,2U-EUMC-7E5P1,2U-EUMC-7E5P,"Buddha Teas Dandelion Root Tea - Kosher, Caffeine-Free, GMO-Free - 18 Bleach-Free Tea Bags multi 24g : Amazon.co.uk: Grocery",B00DLILCPU,CLF,819005010170,£3.95,2/10/24,14,14,14,0,28/8/24,,TRUE,,,,c42cdf82-9258-49ec-accd-95e8fcdff0c9
2,TK-2H97-E7UH2,TK-2H97-E7UH,"Organic Shop Softening Body Scrub Coffee, 250 ml",B01H8QOWA2,CLF,4744183012608,£2.25,2/10/24,56,56,56,0,28/8/24,,FALSE,,,,687bfcf1-c7a0-489c-b3fb-9c73f47410fb
1,6P-IWYA-X18B1,6P-IWYA-X18B,"Arcane Tinman ART11006 Sleeves: Dragon Shield Matte Gold Standard 100pk-Gold, One Size",B07B8RJDXT,Bliss Distribution,AT-11006,£4.48,2/10/24,50,50,50,0,28/8/24,,TRUE,,,,02a188ca-43de-40c1-b4e6-32b34b2fe8fa
1,0N-VZG5-JH061,0N-VZG5-JH06,Arcane Tinmen ApS ART15061 Dragon Shield: Matte - Dual Justice (100),B0CJMMYYCJ,Bliss Distribution,5706569150617,£5.04,2/10/24,50,50,50,0,28/8/24,,TRUE,,,,e43ed482-d2bd-4cd3-a7df-61d6d6bdd39f
1,E0-9FJI-8AD21,E0-9FJI-8AD2,Arcane Tinmen ApS ART15063 Dragon Shield: Matte - Dual Power (Metallic Green),B0CRRPLF9J,Bliss Distribution,AT-15063,£5.04,2/10/24,50,50,50,0,1/11/24,0,TRUE,,,,d4d94a86-6999-4253-b51e-ecbb89c6ed6a
1,7I-1717-OHRW1,7I-1717-OHRW,Dragon Shield Dual Matte Sleeves - Truth (100),B0CJMRL1WT,Bliss Distribution,AT-15060,£5.01,2/10/24,50,50,50,0,28/8/24,,TRUE,,,,85949c7d-3b68-4ec9-9b22-da6815b040d3
1,GA-9DTN-9O1E1,GA-9DTN-9O1E,"Leder Games Root: The Clockwork Expansion, LED01009",B086763VT8,Bliss Distribution,672975032081,£17.25,2/10/24,10,10,10,0,28/8/24,,TRUE,,,,b49e9e12-61cd-4d2f-9ea6-3cc649e09707
1,TL-AUNR-5YK01,TL-AUNR-5YK0,The Army Painter Anti Shine Matt Varnish for Miniature Painting - Acrylic after Quickshade Protector Spray Varnish for Miniatures,B005WH4C2S,Bliss Distribution,5713799300316,£6.10,2/10/24,12,12,12,0,28/8/24,,TRUE,,,,515d9307-b4ba-43e4-8aa1-3e6c126766bb
1,4U-9ZL6-9G0Y1,4U-9ZL6-9G0Y,"Piksters Wax for Orthodontics and Braces, 2 Count (Pack of 1)",B07C8QSSR2,DHB,9336628001701,£1.21,2/10/24,1152,1152,1152,0,28/8/24,,FALSE,,,,e77498a0-2ed3-4125-b199-f772069fc7cb
2,VF-3T0K-DR5O2,VF-3T0K-DR5O,"TePe EasyPick Toothpicks, Purple, ISO XL, 36pcs, Plaque Remover, efficient Clean Between The Teeth, Durable Dental Picks for Wide Gaps, Travel case Included",B08KFFY86W,DHB,7317400024011,£2.09,2/10/24,200,200,200,0,28/8/24,,FALSE,,,,a65eea52-91ed-4b16-b3f0-152720322889
2,XH-0LAE-FQO52,XH-0LAE-FQO5,"Curaprox CS 1006 Interdental Toothbrush, Assorted Colour. Manual Single Tuft Interdental Brush Ultra-Fine CUREN® Filaments",B00AOES9GE,DHB,7612412100600,£3.11,2/10/24,230,230,230,0,28/8/24,,FALSE,,,,3dc56e6f-c7c3-4a61-97f6-a6f42f6a7b72
2,M5-EOFN-2WPJ2,M5-EOFN-2WPJ,"The Humble Co. Plant Based Floss Picks | Charcoal | Eco-Friendly, Vegan for Your Everyday Oral Care - Dentist Approved - Removes Plaque and Gives a Fresh Feel (1 x 50p)",B07RBWJ6W8,DHB,7350075692741,£1.54,2/10/24,60,60,60,0,28/8/24,,FALSE,,,,46378763-6095-4334-aa94-d7c8007980ef
1,Z7-26PV-O9LR1,Z7-26PV-O9LR,Plaque Glo Plaque Disclosing Toothpaste and Torch System (Tropical),B07J9JGZZV,DHB,9336628002760,£4.39,2/10/24,50,50,50,0,28/8/24,,FALSE,,,,968fd1a8-a6c4-4f3e-985d-e57de1f51fd0
2,93-TB6X-UKTU2,93-TB6X-UKTU,"Piksters Interdental Brushes, Size 00, Pink Handle, 10 Pack",B078K3B7R6,DHB,9336628002036,£1.57,2/10/24,30,30,30,0,28/8/24,,FALSE,,,,51942f40-4a1e-4aa3-8067-da40250c2372
2,EE-KTDC-KCFY2,EE-KTDC-KCFY,Crucial USB Adapter USB-C to USB-A CTUSBCFUSBAMAD,B08FSDMVNP,TD Synnex,649528903648,£3.25,2/10/24,45,45,45,0,28/8/24,,FALSE,,,,81d7c23c-fad7-4928-9275-7c13618771d4
2,IB-U5FA-BO2Y2,IB-U5FA-BO2Y,"OtterBox Symmetry Folio Case for iPad Pro 11"" (2024), Shockproof, Drop proof, Slim Protective Folio Case, Tested to Military Standard, Black",B0D3JC45CK,TD Synnex,840304759033,£18.54,2/10/24,10,10,10,0,28/8/24,,FALSE,,,,720be9e3-27f0-47c3-b125-68fd115e8912
1,ZU-VG38-OF3L1,ZU-VG38-OF3L,"OtterBox Symmetry Folio Case for iPad Pro 13"" (2024), Shockproof, Drop proof, Slim Protective Folio Case, Tested to Military Standard, Purple",B0D3JBV3MY,TD Synnex,840304759064,£18.54,2/10/24,4,4,4,0,28/8/24,,FALSE,,,,22802ff6-ddbb-46b6-bb16-a9877d30d4bc
1,VU-YLRN-9V7D1,VU-YLRN-9V7D,OSRAM Halogen-pin-Base/HALOPIN / G9-Socket/dimmable / 33 Watt - 40 Watt/warmwhite - 2700K / Pack of 2,B00LTMM91G,Rashmian,LV195370,£1.32,10/2/2024,0,0,0,0,6/6/25,0,FALSE,,,,c71fbe4d-23b9-4776-ab1a-ca657c98d283
2,SU-JM8R-2U822,SU-JM8R-2U82,"Lexibook, Super Mario, Mini Cordless Bedside Lamp and Nightlight, Red, MLT10NI",B09ST7SSLW,Rashmian,MLT10NI,£6.95,10/2/2024,35,35,35,0,28/8/24,,FALSE,,,,4c5fcd2b-007e-4a56-b0db-4410774db17a
1,MY-KL21-NMV51,MY-KL21-NMV5,"LEXIBOOK Paw Patrol - Educational and Bilingual Laptop Spanish/English - Toy for Child Kid 124 Activities, Learn Play Games and Music with Chase Marshall - Red/Blue JC598PAi2,24 x 18 x 3.6 inches",B0913SVFD3,Rashmian,3380743088884,£18.50,10/2/2024,12,12,12,0,28/8/24,,FALSE,,,,a1bacd54-e699-4730-9323-fd1f69c9cf1a
2,U1-M5BM-8F5W2,U1-M5BM-8F5W,Groov-e Geneva Rechargeable DAB & FM Digital Radio - Built-In Alarm Clock & Bluetooth Connectivity - LCD Display - USB or Battery Operated - Portable Radio - 80 Preset Stations - Black,B0C9J86XCZ,Rashmian,5060108297486,£13.00,10/2/2024,20,20,20,0,28/8/24,,FALSE,,,,612a8bc7-24fd-4a42-b735-bdba52695d12
2,BU-H22U-ACK32,BU-H22U-ACK3,Zero In Wasp Trap Bait Refill Sachet – 3-Pack Effective Wasp Attractant,B00VAID1UW,Trilanco,VIC0221,£1.99,2/10/2024,65,65,65,0,27/11/24,0,FALSE,,,,153ca8af-56a9-458d-b137-37557d638f7d
1,Z3-ORV9-K8XD1,Z3-ORV9-K8XD,"Learning Resources EI-2978 Kanoodle 3D Brain Teaser Puzzle, Travel Game for Adults and Kids Ages 7 8 9 10+, Gift for Boys & Girls, Featuring 200 Challenges, Multicoloured",B000FGECAI,ABGee,290 EI-2978,£6.52,7/10/24,40,40,40,0,19/11/24,0,FALSE,,,,8b4e7ba1-5207-4bc5-8ded-45079b36f188
2,DY-51D1-CSIX2,DY-51D1-CSIX,"Lite-Brite | Peg & Template Refill Pack | Light Up Drawing Board, LED Board with Colours, Toys for Creative Play, Glow Art Neon Effect Drawing Board, Light Toys for Kids Ages 4+ | Basic Fun 02224",B07FFHPY7X,ABGee,520 02224,£2.50,7/10/24,12,12,12,0,26/10/24,0,FALSE,,,,08e4d6f8-8892-49a1-853a-3660cc0a4f42
1,JY-781R-EYHZ1,JY-781R-EYHZ,"Ultra Pro-Fit Sleeves Card Cases, Transparent Color, Miscellaneous (82712)",B005HXLH3O,Bliss Distribution,E-82712,£1.32,7/10/24,120,120,120,0,26/10/24,0,FALSE,,,,68b6d316-4605-45d4-96c5-61e4175864aa
1,W3-H7LU-CTRI1,W3-H7LU-CTRI,Ultra Pro 12911 9-Pocket Portfolio Collectors Blue C12 Card Game,B0002TT36Q,Bliss Distribution,E-81367,£3.33,7/10/24,60,60,60,0,19/12/24,0,FALSE,,,,2c724ad1-0f83-4494-b69e-475ab5db724d
1,NY-AI90-84GR1,NY-AI90-84GR,Ultimate Guard UGD010896 Standard Size Katana Sleeves - Turquoise (100 Sleeves),B07NH5TQSF,Bliss Distribution,4056133011655,£5.86,7/10/24,10,10,10,0,28/8/24,,FALSE,,,,7489aa5f-815c-461c-973b-d0bba076546f
1,3Z-45IC-N1H41,3Z-45IC-N1H4,The Army Painter | Basing Glue,B07QPB3T1J,Bliss Distribution,5713799201309,£2.47,7/10/24,24,24,24,0,28/8/24,,FALSE,,,,8cce6b61-015d-4306-96a7-a2693506837d
1,6L-SDA9-P13J1,6L-SDA9-P13J,"RAINBOW DUST Pearl Food Colouring, Edible Paint in Pearlescent Colours, Ready to Use, Easy to Apply, Create Cakes & Cupcakes with an Indulgent Shimmer - Dark Gold 25ml",B00605WJ9O,Culpitt,5060475073355,£2.44,7/10/24,60,60,60,0,28/8/24,,FALSE,,,,1b5f7163-5773-4a0c-94c7-97732f6d838e
1,WR-3V7D-BB7Z1,WR-3V7D-BB7Z,"Amtech V4045 P80 Hook and Loop Square Sheets, 10 Piece Set, 110mm x 100mm Sanding Paper, 240 V",B07BBZZ8RC,DK Tools,5032759048519,£0.98,7/10/24,30,30,30,0,28/8/24,,FALSE,,,,d6cbb9b1-9012-4486-9097-4ef8c4132ddb
1,BM-1O5E-RW8I1,BM-1O5E-RW8I,Amtech F4010 7mm x 210mm SDS Masonry Drill bit,B07BC5K5W5,DK Tools,5032759047840,£0.95,7/10/24,60,60,60,0,28/8/24,,FALSE,,,,b6d1ba5c-955d-4328-909a-540e04e0014f
1,OI-0483-CBVX1,OI-0483-CBVX,Amtech F4023 14mm x 210mm SDS Masonry Drill bit,B07BC5J1WW,DK Tools,5032759047970,£1.39,7/10/24,10,10,10,0,28/8/24,,FALSE,,,,1151cf14-08a0-48d2-999d-d32f310ee91d
2,OZ-3NKR-VLYG2,OZ-3NKR-VLYG,Good Boy Armitage Latex Space Lobber Toy Junior,B0049A27FS,Trilanco,GDB0101,£1.64,7/10/24,90,90,90,0,,0,FALSE,,,,bd323fbe-9d19-4431-b6be-81a96584e877
2,2S-T29M-BDIZ2,2S-T29M-BDIZ,Funko POP! Books: Five Nights At Freddy's (FNAF) - Twisted Bonnie - FNAF the Twisted Ones - Collectable Vinyl Figure - Gift Idea - Official Merchandise,B07978WZ4L,ABGee,889698288064,£7.59,1/8/24,3,3,3,0,28/8/24,,FALSE,,,,a883a369-9e51-47e0-9aab-53f2ef048cbf
1,OO-KLJU-ZBO91,OO-KLJU-ZBO9,Funko POP! Vinyl: Formula One - Valtteri Bottas - Mercedes-Benz - Collectable Vinyl Figure - Gift Idea - Official Merchandise - Toys for Kids & Adults - Sports Fans - Model Figure for Collectors,B09LHXLGKD,ABGee,889698622219,£7.59,1/8/24,7,7,7,0,28/8/24,,TRUE,,,,28cd3750-674f-4d78-b01a-a38d62029533
1,Z3-HICR-CPBW1,Z3-HICR-CPBW,Funko Action Figure: Five Nights At Freddy's (FNAF) - Toxic Springtrap - Glow In the Dark - Collectable Toy - Gift Idea - Official Merchandise,B09DL7M3NJ,ABGee,889698596862,£7.76,1/8/24,30,30,30,0,28/8/24,,TRUE,,,,6ad95bb2-702c-4546-972b-bc446917b6df
1,JE-D4LO-O2JD1,JE-D4LO-O2JD,"Ultra Pro 85683 Eclipse Pro 100+ Deck Box, Jet Black",B07JXBDGJB,Bliss Distribution,74427856830,£1.68,1/8/24,30,30,30,0,28/8/24,,TRUE,,,,777ffe2a-56b9-46ae-9d08-cb18a00010ee
1,1P-BRGG-P0N61,1P-BRGG-P0N6,"Worlds Smallest 568 UNO ONE, Multicoloured, único",B07QGGFKYK,Heo,854941007631,£3.07,9/9/24,15,15,15,0,28/8/24,,FALSE,,,,4467ebac-7a2f-4efe-9978-d9107bbdab6e
1,OP-0TPO-SB3I1,OP-0TPO-SB3I,Funko Pop! and Buddy: Lilo With Pudge - Disney: Lilo & Stitch - Collectable Vinyl Figure - Gift Idea - Official Merchandise - Toys for Kids & Adults - Movies Fans - Model Figure for Collectors,B08MQ1N1CC,Heo,889698556217,£9.42,9/9/24,12,12,12,0,28/8/24,,FALSE,,,,21893aa2-375b-4ab7-bb45-2ad6a5149911
1,4C-6VFW-JO2C1,4C-6VFW-JO2C,AQUARIUS Labyrinth Playing Cards - Labyrinth Themed Deck of Cards for Your Favorite Card Games - Officially Licensed Labyrinth Merchandise & Collectibles,B078Y34P17,Heo,840391124516,£3.00,9/9/24,12,12,12,0,28/8/24,,FALSE,,,,76389fbd-1cbb-4c35-8daf-48f4a01b7e04
1,3V-HQSI-8QRU1,3V-HQSI-8QRU,Funko POP! TV: Witcher - Geralt - (shield) - the Witcher - Collectable Vinyl Figure - Gift Idea - Official Merchandise - Toys for Kids & Adults - TV Fans - Model Figure for Collectors and Display,B0B6GC25G1,Heo,889698674249,£3.97,9/9/24,6,6,6,0,28/8/24,,FALSE,,,,019d7ce0-d53e-4897-94e0-bd3a4bec4b9e
1,JX-Q0XX-QBZ21,JX-Q0XX-QBZ2,"Cable Guys - Borderlands Psycho Bandit Gaming Accessories Holder & Phone Holder for Most Controller (Xbox, Play Station, Nintendo Switch) & Phone",B087538JGK,Heo,5060525893902,£8.95,9/9/24,6,6,6,0,28/8/24,,FALSE,,,,932666d5-02bf-40e6-a4cb-56cdcc3a762a
1,SH-RGTH-QQM21,SH-RGTH-QQM2,Funko POP! Disney: SitS - Madam Mim - Sword In the Stone - Collectable Vinyl Figure - Gift Idea - Official Merchandise - Toys for Kids & Adults - Movies Fans - Model Figure for Collectors and Display,B08T5WCLF2,Heo,889698491549,£4.99,9/9/24,6,6,6,0,28/8/24,,FALSE,,,,1321a305-b9d6-4178-ac18-2d21d19e7db1
1,1W-8WI9-7AUU1,1W-8WI9-7AUU,Funko Pop! Movies: Teenage Mutant Ninja Turtles - (Teenage Mutant Ninja Turtles (TMNT) ) - April O'Neil O Neil - Collectable Vinyl Figure - Gift Idea - Official Merchandise - Toys for Kids & Adults,B0BLQRDTLL,Heo,889698723336,£2.98,9/9/24,12,12,12,0,28/8/24,,FALSE,,,,23c00602-1d73-4c9b-bc3f-a0e9e8b33670
1,94-X6R7-SCOW1,94-X6R7-SCOW,Funko POP! TV: Witcher - Yennefer - the Witcher - Collectable Vinyl Figure - Gift Idea - Official Merchandise - Toys for Kids & Adults - TV Fans - Model Figure for Collectors and Display,B0B6GD6QF8,Heo,889698674263,£3.47,9/9/24,6,6,6,0,28/8/24,,FALSE,,,,65619a24-ff31-42cd-8b06-b93b19c5142b
1,7W-PCZV-CX511,7W-PCZV-CX51,Funko POP! Ad Icons: McDonalds - Birthday Ronald McDonald - McDonald's - Collectable Vinyl Figure - Gift Idea - Official Merchandise - Toys for Kids & Adults - Ad Icons Fans,B0BLRF1Q55,Heo,889698734158,£7.06,9/9/24,12,12,12,0,28/8/24,,FALSE,,,,5bc6d18f-bcfc-4272-849d-b201a3b3b299
1,FA-LRV6-YRFW1,FA-LRV6-YRFW,Funko POP! Vinyl Alien,B00BUY54DI,Heo,830395031439,£7.68,8/10/24,18,18,18,0,28/8/24,,TRUE,,,,7a0ef11f-b7f1-4252-ba58-9d12410d53e4
2,1W-8WI9-7AUU2,1W-8WI9-7AUU,Funko Pop! Movies: Teenage Mutant Ninja Turtles - (Teenage Mutant Ninja Turtles (TMNT) ) - April O'Neil O Neil - Collectable Vinyl Figure - Gift Idea - Official Merchandise - Toys for Kids & Adults,B0BLQRDTLL,Heo,889698723336,£2.42,8/10/24,18,18,18,0,28/8/24,,FALSE,,,,fbd4b46d-2680-4a48-96d7-603124619e34
2,OP-0TPO-SB3I2,OP-0TPO-SB3I,Funko Pop! and Buddy: Lilo With Pudge - Disney: Lilo & Stitch - Collectable Vinyl Figure - Gift Idea - Official Merchandise - Toys for Kids & Adults - Movies Fans - Model Figure for Collectors,B08MQ1N1CC,Heo,FK55621,£7.64,8/10/24,20,20,20,0,22/11/24,0,FALSE,,,,5246147c-efe6-409c-a9be-40a20c76aafe
1,81-3DY5-BFOR1,81-3DY5-BFOR,Funko POP! Star Wars: the Mandalorian - Big Tom - Heavy Infantry Mandalorian - Collectable Vinyl Figure - Gift Idea - Official Merchandise - Toys for Kids & Adults - TV Fans,B07W45L22P,Heo,FK45540,£7.64,8/10/24,12,12,12,0,9/11/24,0,TRUE,,,,8be07a95-76b5-4d55-83e5-063f8215e08a
1,3T-6QPR-E2MV1,3T-6QPR-E2MV,"Ultimate Guard UGD010696 Boulder Deck Case, 100 Plus, standard size, malachite",B06XGSJS7N,Heo,4056133006194,£4.40,8/10/24,30,30,30,0,28/8/24,,TRUE,,,,ef514f8a-bbf3-42c3-8b86-be217d9f014f
1,BB-JN90-IUUP1,BB-JN90-IUUP,Pop Vinyl - Carrie - Carrie 1247,B09QFWDJHP,Heo,889698639811,£7.64,8/10/24,12,12,12,0,28/8/24,,TRUE,,,,07f0b7d2-23bf-4082-ae8a-38aa14508d29
1,MF-FBAW-SRXY1,MF-FBAW-SRXY,Funko POP! Vinyl: LOTR/Hobbit: Gimli Lord Of the Rings - Collectable Vinyl Figure - Gift Idea - Official Merchandise - Toys for Kids & Adults - Movies Fans - Model Figure for Collectors and Display,B07DFCXCQF,Heo,889698332484,£7.64,8/10/24,18,18,18,0,28/8/24,,TRUE,,,,a27db137-3fd7-482a-a602-6ecf6da7ac83
1,46-MOBK-YBS11,46-MOBK-YBS1,Funko POP! Games: Sonic 30th-Silver Hedgehog the Hedgehog - Sonic the Hedgehog - Collectable Vinyl Figure - Gift Idea - Official Merchandise - Toys for Kids & Adults - Video Games Fans,B089B7YDRN,Heo,889698519656,£6.84,8/10/24,12,12,12,0,28/8/24,,TRUE,,,,e6c568c6-fc4b-46e5-84eb-fea772f8f412
1,MN-LXY0-1MMT1,MN-LXY0-1MMT,Funko Pop! Vinyl: Disney: Nightmare Before Christmas: Sally - Disney: the Nightmare Before Christmas - Collectable Vinyl Figure - Gift Idea - Official Merchandise - Toys for Kids & Adults,B07DFB8DKB,Heo,889698328371,£7.68,8/10/24,6,6,6,0,28/8/24,,TRUE,,,,71709072-08d2-4640-9624-a8e7b3481683
2,Z3-ORV9-K8XD2,Z3-ORV9-K8XD,"Learning Resources EI-2978 Kanoodle 3D Brain Teaser Puzzle, Travel Game for Adults and Kids Ages 7 8 9 10+, Gift for Boys & Girls, Featuring 200 Challenges, Multicoloured",B000FGECAI,ABGee,290 EI-2978,£6.52,9/10/24,60,60,60,0,22/11/24,0,FALSE,,,,b61302f9-66dc-48f8-818e-41036965eb2b
1,N9-IOWG-NGD91,N9-IOWG-NGD9,"Worlds Smallest 568 UNO ONE, Multicoloured, único",B07QGGFKYK,ABGee,333 SI568,£4.44,9/10/24,10,10,10,0,13/12/24,0,FALSE,,,,75e14d96-adb3-450c-8d5c-7ee0d5bd2671
1,BF-EX14-XMNB1,BF-EX14-XMNB,Funko POP! TV: Peaky Blinders - Thomas Shelby - 1/6 Odds for Rare Chase Variant - Collectable Vinyl Figure - Gift Idea - Official Merchandise - Toys for Kids & Adults - TV Fans,B0BT3W5FJZ,ABGee,985 72185,,1/8/24,0,0,0,0,6/6/25,0,FALSE,,,,41b5ef9f-ad03-4496-aa61-38ab0152685f
3,DY-51D1-CSIX3,DY-51D1-CSIX,"Lite-Brite | Peg & Template Refill Pack | Light Up Drawing Board, LED Board with Colours, Toys for Creative Play, Glow Art Neon Effect Drawing Board, Light Toys for Kids Ages 4+ | Basic Fun 02224",B07FFHPY7X,ABGee,520 02224,£2.50,9/10/24,24,24,24,0,26/10/24,0,FALSE,,,,d40fbe84-135c-4e6b-9004-a8df2c036074
1,6L-LO0H-2WGF1,6L-LO0H-2WGF,"Make It Real – Fashion Design Sketchbook: Blooming Creativity. Inspirational Fashion Design Coloring Book for Girls. includes Sketchbook, Stencils, Puffy Stickers, Foil Stickers, and Design Guide",B06XG8519L,ABGee,198 3202,£3.33,1/8/24,0,0,,0,,,TRUE,,,,52eae930-5ef2-4179-8998-2661e3640412
1,AF-KIHX-ANYY1,AF-KIHX-ANYY,"Vitrex 10 2280 Grout Finisher, Blue",B0001P15T4,Stax,5011204022809,£0.84,10/10/24,40,40,40,0,28/8/24,,TRUE,,,,519b312d-e4ae-4b29-8bbc-61a273280094
1,LW-0BSW-ZD881,LW-0BSW-ZD88,"Chef Aid 12 Reusable Thick Plastic Drinking Straws, Suitable for Hot and Cold Drinks, Made from BPA Free Stong and Durable Plastic, Each Pack Contain 4 Blue, 4 Pink and 4 Yellow Straws",B0C3WPYJHL,Stax,5012904215164,£0.70,10/10/24,48,48,48,0,28/8/24,,TRUE,,,,141b44bd-736c-4d54-a1b5-19ad1494dba3
1,US-AK96-YFSB1,US-AK96-YFSB,"Fackelmann OPAL Hand Grater, Fine Lemon & Lime Zester, Chocolate & Parmesan Grater, Sharp Durable Grating Blade, Stainless Steel, 24x5.5x1.5cm, Silver",B002DPGTF0,Stax,714760,£1.24,10/10/24,0,0,0,0,28/8/24,,TRUE,,,,e11ed861-57f9-4e0a-9670-0dec56c006eb
1,M4-MV10-9TX71,M4-MV10-9TX7,"Tala 40ml Mini Glass Measuring Jug, 10A26012, Transparent",B0B18N781Q,Stax,113299,£1.04,10/10/24,9,9,9,0,28/8/24,,TRUE,,,,0dd90e86-9005-4341-879a-e8362d2acd55
1,IB-PMXX-S0AE1,IB-PMXX-S0AE,Economy Scourer Flat 150x115mm Green (Pack of 10) SP120,B002BWSZS4,Stax,5013174036855,£1.13,10/10/24,25,25,25,0,28/8/24,,TRUE,,,,06688ce3-842e-4e45-a030-85e1677247f7
2,7L-OT45-7LYB2,7L-OT45-7LYB,"Yale YES-CYLPULL-CH Essentials Rim Cylinder Door Pull, Great for External Doors, for Easy Door Closing, Chrome Finish",B01NBDFDBC,Stax,5011802251854,£1.13,10/10/24,2,2,2,0,28/8/24,,FALSE,,,,6e30198a-3932-4a25-9853-1a0ac94658af
1,4V-19KJ-15J41,4V-19KJ-15J4,SupaTool Nuisance Dust Mask Disposable Cleaning Molded Face Masks Respirator X 20 Masks,B00D2O8936,Stax,5017193064707,£0.32,10/10/24,48,48,48,0,28/8/24,,FALSE,,,,3e1d8f89-0074-4dcc-8d52-bc6d13e7840b
2,GK-YI4S-C1582,GK-YI4S-C158,"Fackelmann Sieve 15cm⌀, Strainer, Fine Mesh, Stainless Steel, 15x20x32.5cm, Silver",B0009JJZ8A,Stax,4008033424400,£2.55,10/10/24,12,12,12,0,28/8/24,,FALSE,,,,d253ea12-9f9a-4b3e-a439-08149bd521f1
1,UR-W905-8D8D1,UR-W905-8D8D,"FITO 2044394 Citrus Plant Drip Feeder, 160 ml (5x32ml), Yellow, 13.5x2.8x18.5 cm",B00B2KJ59Y,Stax,5060494310363,£16.09,10/10/24,24,24,24,0,28/8/24,,FALSE,,,,e42097b7-279c-4bae-bc29-0f6686c1d9e6
2,JB-RGB6-LZOJ2,JB-RGB6-LZOJ,Loctite 194088 AA 319 Rear View Mirror/Phone/Radio Aerial Bonder Adhesive Glue,B0001P0DLU,Stax,5010266168227,£2.47,10/10/24,108,108,108,0,28/8/24,,FALSE,,,,69ea8a0b-00cd-47f3-9785-5b1e2bcbe573
1,7R-DKJR-F0UF1,7R-DKJR-F0UF,"Wiltshire Staysharp Triple Rivet Paring Knife 9cm, 4"", Kitchen Knife with Built-in Sharpener, Keep Your Knife Sharp at All Times, Slim Design Scabbard, Ergonomic Triple Rivet Handle, 10 Year Guarantee",B08F8MQT1G,Stax,9310346414302,£5.87,10/10/24,11,11,11,0,28/8/24,,FALSE,,,,83152a56-992b-40f3-a8b6-972bb34e0a70
1,JV-D1TI-6UF61,JV-D1TI-6UF6,Kitchen Devils Lifestyle Peeler Parer Knife 602001,B002HY4YSQ,Stax,5010624437200,£3.96,10/10/24,15,15,15,0,28/8/24,,TRUE,,,,4fea134e-5261-475f-b992-82ad1ca99a41
2,8M-LM6B-F2Q52,8M-LM6B-F2Q5,"Bosch 2608831003 ""SDS Plus-3"" Hammer Drill Bit, 0 V, Grey, 5 x 100 x 160 mm",B00D1V5FPU,Stax,6949509209344,£1.57,10/10/24,2,2,2,0,28/8/24,,FALSE,,,,549e651b-5830-4f02-9367-007d697a42c0
2,EA-FZ2V-D7II2,EA-FZ2V-D7II,"Bosch 2608831019 ""SDS Plus-3"" Hammer Drill Bit, 0 V, Grey, 8 x 100 x 160 mm",B00D1V5NWK,Stax,6949509209504,£1.78,10/10/24,8,8,8,0,28/8/24,,FALSE,,,,91a51066-4464-4c3b-9ede-aaecf05fdcac
1,9G-57PS-EN161,9G-57PS-EN16,2 PIN ORANGE RUBBER CONNECTOR 5A IN-LINE GARDEN LAWNMOWER 2PFC10,B01L4P0J64,Stax,5015056356044,£1.17,10/10/24,0,0,0,0,28/8/24,,TRUE,,,,a0ca2379-72bd-4885-8e96-f59f4d940a0f
1,08-3ABG-PL111,08-3ABG-PL11,"Unika EasyShine Wood and Laminate Floor Cleaner, 500ml",B01N58L3PP,Stax,5023778070223,£2.98,10/10/24,1,1,1,0,28/8/24,,FALSE,,,,534d3448-eff8-462c-a6a0-fdd893d3d0c4
1,2L-4Y1Q-E6OA1,2L-4Y1Q-E6OA,Ben & Holly Talking Plush Assorted,B00M8QBEIG,ABGee,674 05288,£6.20,10/10/24,81,81,81,0,26/10/24,0,TRUE,,,,6ff5ac79-c309-466e-a0af-7723c85f5630
1,P5-KMQZ-JK8Y1,P5-KMQZ-JK8Y,"BAKUGAN Legends Starter Pack 3-Pack, Gorthion Ultra with Leonidas and Viloch, Collectible Action Figures, Ages 6 and Up",B0B4YLLV8J,ABGee,231 6066104,£10.00,10/10/24,10,10,10,0,26/10/24,0,TRUE,,,,94e9a612-a471-47b7-a7af-6083d1a57924
1,RZ-QO7D-HPGQ1,RZ-QO7D-HPGQ,Quest Nutrition Quest Bar Protein â€“ 12 x 60 Gr,B0194LKIR0,Tropicana Wholesale,QUE034,£19.99,10/10/24,0,0,0,0,6/6/25,0,TRUE,,,,908b0658-bd8d-457e-90a4-d56c3257f763
1,Z7-VYUL-255V1,Z7-VYUL-255V,Crucial RAM 4GB DDR4 2400MHz CL17 Laptop Memory CT4G4SFS824A,B019FRDKWI,TD Synnex,5647144,£3.85,10/10/24,0,0,0,0,6/6/25,0,TRUE,,,,eceb331c-1dd6-4c42-9716-2a4c72bbc5e3
1,L3-ZQ8U-A7LQ1,L3-ZQ8U-A7LQ,Sandisk SDCZ50-016G-B35 USB 2.0 Flash Drive 16GB Black/Red,B004I2N5AS,TD Synnex,619659000431,£3.07,10/10/24,10,10,10,0,28/8/24,,TRUE,,,,a1440594-9c7b-4dc7-8d33-881faa4d15f7
1,P7-91M2-092T1,P7-91M2-092T,Crucial RAM 4GB DDR4 2666MHz CL19 Desktop Memory CT4G4DFS8266,B07GMRJTS9,TD Synnex,5647107,£3.85,10/10/24,0,,,0,,,TRUE,,,,cce8468f-e4b7-42b4-8b3f-5ad98cf1b3fc
1,YG-H850-FPEW1,YG-H850-FPEW,SanDisk Ultra 32GB Dual USB Flash Drive USB M3.0 up to 130 MB/s,B01LXHKR4T,TD Synnex,3988458,£5.01,10/10/24,10,10,10,0,22/11/24,0,TRUE,,,,64e4dd31-0910-430e-bc79-644c06491faa
1,Y5-REMJ-CY7A1,Y5-REMJ-CY7A,Crucial RAM 32GB Kit (2x16GB) DDR5 5600MHz (or 5200MHz or 4800MHz) Desktop Memory CT2K16G56C46U5,B0BLTGP2JX,TD Synnex,7890808,£58.87,10/10/24,4,4,4,0,7/11/24,0,TRUE,,,,9a7a79d3-6ddd-4ce2-a8f3-788987989688
1,DT-SPI3-IK341,DT-SPI3-IK34,"StarTech.com 15 ft Thin Toslink Digital Optical SPDIF Audio Cable - 15ft / 15 Feet Optical Audio Cable (THINTOS15),Black",B00BA4IOTY,TD Synnex,4428167,£3.74,10/10/24,5,5,5,0,1/11/24,0,TRUE,,,,a0c44db0-2f43-4587-b3f1-6643022cf37d
1,MF-TPXM-F8AF1,MF-TPXM-F8AF,"OtterBox Symmetry Folio Case for iPad Pro 11"" (2024), Shockproof, Drop proof, Slim Protective Folio Case, Tested to Military Standard, Purple",B0D3J9C8NN,TD Synnex,840304759026,£18.63,10/10/24,8,8,8,0,28/8/24,,TRUE,,,,8cba316b-c7c2-4da8-9467-79d4a9690899
2,PH-M7S4-05R52,PH-M7S4-05R5,"OtterBox Symmetry Folio Case for iPad Air 11"" (2024) & iPad Air 10.9"" (2022/2020), Shockproof, Drop proof, Slim Protective Folio Case, Tested to Military Standard, Blue",B0D3JCMSF5,TD Synnex,840304759217,£18.72,10/10/24,20,20,20,0,28/8/24,,FALSE,,,,b089fd5f-d3a2-4a86-96cc-ca1096d41f49
3,IB-U5FA-BO2Y3,IB-U5FA-BO2Y,"OtterBox Symmetry Folio Case for iPad Pro 11"" (2024), Shockproof, Drop proof, Slim Protective Folio Case, Tested to Military Standard, Black",B0D3JC45CK,TD Synnex,840304759033,£18.54,10/10/24,5,5,5,0,28/8/24,,FALSE,,,,ccbad7d6-d018-4bed-8c17-163b0b994db8
1,RB-82FL-T88J1,RB-82FL-T88J,"Lexibook, Disney, Stitch Nightlight alarm clock, Sounds and Melodies, LCD Backlit screen, Luminous, Snooze, Blue, One size",B0CJ8TNZ67,Rashmian,RL800D,£14.50,10/11/2024,15,15,15,0,9/11/24,0,TRUE,,,,2ba1d1a0-0c90-45b5-9717-1b6b533f5bba
1,S8-7VIK-3VEL1,S8-7VIK-3VEL,"LEXIBOOK NS01D, Disney Stitch, Nightlight with Speaker, Colour change, Soft light, Battery operated, Blue",B0CT2BZ864,Rashmian,3380743102146,£9.95,10/11/2024,12,12,12,0,28/8/24,,TRUE,,,,afd79dc4-5753-42ca-9c39-80ac24a01449
3,SU-JM8R-2U823,SU-JM8R-2U82,"Lexibook, Super Mario, Mini Cordless Bedside Lamp and Nightlight, Red, MLT10NI",B09ST7SSLW,Rashmian,MLT10NI,£6.95,10/11/2024,0,0,0,0,6/6/25,0,FALSE,,,,6b0ec162-8d93-485b-ae79-8c0c36235b92
1,GW-1ECO-QZA71,GW-1ECO-QZA7,Casio Gents 33.00mm Quartz Watch with LCD Digital dial and Silver Metal Bracelet Strap A500WEA-1EF,B00N5SLQ7A,Rashmian,4971850050025,£20.05,10/11/2024,20,20,20,0,28/8/24,,FALSE,,,,07add729-1135-4e33-9ff7-6dda6c2367ed
1,QD-UWUI-63811,QD-UWUI-6381,Casio Unisex 28.00mm Quartz Watch with LCD Digital dial and Silver Metal Bracelet Strap LA680WEA-7EF,B00DSYVL7Q,Rashmian,LA680WEA-7EF,£16.50,10/11/2024,10,10,10,0,8/1/25,0,TRUE,,,,89dfeb05-3a3e-45ae-a304-975252945b0e
1,TH-JWYZ-LM0D1,TH-JWYZ-LM0D,"LEXIBOOK Nintendo Digital Alarm Clock - Snooze Function - Super Mario Sound Effects - Children Boys, Blue/Red, T.Unica, T.Única",B087V742Y5,Rashmian,3380743085203,£15.50,10/11/2024,12,12,12,0,28/8/24,,FALSE,,,,470b55d5-e7dd-4e41-8428-1cb7a767e1aa
1,GD-B8SW-1PCP1,GD-B8SW-1PCP,"OM SYSTEM VN-541 PC (Successor Olympus VN-541 PC) Digital Voice Recorder with Omnidirectional Microphone, One-Touch Recording, Noise Cancellation & 4 GB Memory",B0D2Y4NPKZ,Rashmian,4545350055455,£28.75,10/11/2024,10,10,10,0,28/8/24,,FALSE,,,,6dcdc7d3-2793-4194-b74f-24b926606833
2,KR-H2ZK-DRS72,KR-H2ZK-DRS7,ERA Fortress BS 3621 2.5-inch/ 64mm 5 Lever Maximum Security Mortice Sashlock - Chrome Effect,B0074JFW3A,Aldridge Security,L27660,£11.59,12/10/24,25,25,25,0,28/8/24,,FALSE,,,,73f64cb6-94a7-4b62-a7ff-b7106cfb9140
1,3Q-JVVB-BIT71,3Q-JVVB-BIT7,Wizards of the Coast Lords of Waterdeep Expansion: Scoundrels of Skullport,786964502,Bliss Distribution,A35790000,£19.36,15/10/24,8,8,8,0,28/8/24,,FALSE,,,,f89a5cf6-5101-4e92-abda-ff89acfa6452
2,3Z-45IC-N1H42,3Z-45IC-N1H4,The Army Painter | Basing Glue,B07QPB3T1J,Bliss Distribution,5713799201309,£2.47,15/10/24,30,30,30,0,28/8/24,,FALSE,,,,a4b73e23-35d4-4f81-8452-7dfada7e4dcc
2,NY-AI90-84GR2,NY-AI90-84GR,Ultimate Guard UGD010896 Standard Size Katana Sleeves - Turquoise (100 Sleeves),B07NH5TQSF,Bliss Distribution,UGD010896,£5.86,15/10/24,12,12,12,0,22/11/24,0,FALSE,,,,b8b8eca9-2efc-4af4-93eb-84dddac5e2d8
3,J2-N9NA-57NA3,J2-N9NA-57NA,Yu-Gi-Oh! Dark Hex Sleeves,B07VBB218V,Bliss Distribution,DHCS,£1.95,15/10/24,0,0,0,0,,,FALSE,,,,5203ab97-f74d-4e13-8b51-295ef68b4a18
2,EV-CHU5-XU3G2,EV-CHU5-XU3G,The Army Painter | Hobby: Super Glue,B07QQDMJ6M,Bliss Distribution,GL2014,£2.46,15/10/24,78,78,78,0,22/11/24,0,FALSE,,,,79971a24-548c-4dba-b9d7-5039acb7bcec
2,94-X6R7-SCOW2,94-X6R7-SCOW,Funko POP! TV: Witcher - Yennefer - the Witcher - Collectable Vinyl Figure - Gift Idea - Official Merchandise - Toys for Kids & Adults - TV Fans - Model Figure for Collectors and Display,B0B6GD6QF8,Heo,FK67426,£2.82,15/10/24,6,6,6,0,9/11/24,0,FALSE,,,,4adc4afd-3536-4fd0-895e-ecabad55b428
3,93-TB6X-UKTU3,93-TB6X-UKTU,"Piksters Interdental Brushes, Size 00, Pink Handle, 10 Pack",B078K3B7R6,DHB,9336628002036,£1.57,15/10/24,130,130,130,0,28/8/24,,FALSE,,,,2bb8b0e8-56a7-41c0-ab80-2a101fd1b0a7
3,M5-EOFN-2WPJ3,M5-EOFN-2WPJ,"The Humble Co. Plant Based Floss Picks | Charcoal | Eco-Friendly, Vegan for Your Everyday Oral Care - Dentist Approved - Removes Plaque and Gives a Fresh Feel (1 x 50p)",B07RBWJ6W8,DHB,7350075692741,£1.54,15/10/24,50,50,50,0,28/8/24,,FALSE,,,,657ce580-fc08-4792-8b16-70fcaee2ca96
3,VF-3T0K-DR5O3,VF-3T0K-DR5O,"TePe EasyPick Toothpicks, Purple, ISO XL, 36pcs, Plaque Remover, efficient Clean Between The Teeth, Durable Dental Picks for Wide Gaps, Travel case Included",B08KFFY86W,DHB,7317400024011,£2.09,15/10/24,800,800,800,0,28/8/24,,FALSE,,,,79832ff9-ff96-4f37-a70f-22b57420ca40
3,XH-0LAE-FQO53,XH-0LAE-FQO5,"Curaprox CS 1006 Interdental Toothbrush, Assorted Colour. Manual Single Tuft Interdental Brush Ultra-Fine CUREN® Filaments",B00AOES9GE,DHB,7612412100600,£3.11,15/10/24,100,100,100,0,28/8/24,,FALSE,,,,a49ab613-e55b-493d-9de2-6a6c52098d18
2,Z7-26PV-O9LR2,Z7-26PV-O9LR,Plaque Glo Plaque Disclosing Toothpaste and Torch System (Tropical),B07J9JGZZV,DHB,9336628002760,£4.39,15/10/24,180,180,180,0,28/8/24,,FALSE,,,,39a8fcb1-3a94-40bc-8b01-6d9b5b3e62fe
2,6L-SDA9-P13J2,6L-SDA9-P13J,"RAINBOW DUST Pearl Food Colouring, Edible Paint in Pearlescent Colours, Ready to Use, Easy to Apply, Create Cakes & Cupcakes with an Indulgent Shimmer - Dark Gold 25ml",B00605WJ9O,Culpitt,5060475073355,£2.44,15/10/24,10,10,10,0,28/8/24,,FALSE,,,,efaa9fe0-8246-42d1-8688-317b887203f0
1,FR-41MF-KWKU1,FR-41MF-KWKU,"Saracino Sugarplus - Isomalt Granules for Sugar Decorations with Crystal Clear Effect 0,5 Kg Made in Italy",B01FJOSX3W,Culpitt,8051277120757,£4.67,15/10/24,20,20,20,0,28/8/24,,FALSE,,,,11fc47b1-b296-47b9-b18b-37836c392e99
2,OV-LVEL-DQL62,OV-LVEL-DQL6,"Lexibook, Paw Patrol, Mini Cordless Bedside Lamp and Nightlight, Blue, MLT10PA",B08W25WKTN,Rashmian,3380743086248,£6.95,10/15/2024,18,18,18,0,28/8/24,,FALSE,,,,b8f63132-6d6c-4f4d-a1e5-8f1a05673e7f
3,A2-T2AC-TW3L3,A2-T2AC-TW3L,Everbuild Industrial Grade Superglue GP 50 g Pack of 3,B006PFN3BW,Sika,484652,£4.14,15/10/24,300,300,300,0,28/8/24,,FALSE,,,,2d859f87-11c7-4a50-a2ca-75dda585ae55
3,10-PGVO-YV153,10-PGVO-YV15,"Organic Shop Repairing Body Scrub Mango & Sugar, 250 ml",B01H8QOUTA,CLF,OSP54,£2.25,18/10/24,3,3,3,0,28/8/24,,FALSE,,,,7294287c-425e-45b1-bba2-c69165f171be
2,HI-4CXM-9WVU2,HI-4CXM-9WVU,Himalaya Botanique Simply Cinnamon Complete Care Toothpaste 150 g,B01CWYES90,CLF,HIM57,£2.97,18/10/24,10,10,10,0,28/8/24,,FALSE,,,,456c4c24-9d72-4682-a7d6-6e4820c1619c
2,AX-NKNU-29C12,AX-NKNU-29C1,Moo Free Choccy Buttons - Dairy Free Vegan Milk Chocolate (25g x 1 bag),B08M52B4M5,CLF,MOO62,£0.61,18/10/24,150,150,150,0,28/8/24,,FALSE,,,,cbc54df2-45d2-4fc9-b839-2c67df1942a0
1,HL-B4VJ-L8FP1,HL-B4VJ-L8FP,Teapigs Limited Edition Winter Glühwein Herbal Tea Made With Whole Fruits and Spices (1 Pack of 10 Tea Bags) Naturally Caffeine Free | Herbal Tea | Christmas Limited Edition,B0813VNJF8,CLF,TP77,£3.36,18/10/24,36,36,36,0,28/8/24,,TRUE,,,,1660407c-8ece-4357-9790-7edd2f61f048
2,D1-LSS7-93U82,D1-LSS7-93U8,RAWGANIC Pure Cleansing Refreshing Facial Wipes with Aloe Vera and Green Tea | Gentle Soothing Biodegradable Makeup Removal Organic Cotton Wipes | 1 Pack (25 wipes in total),B003SYNGE2,CLF,RO-0717,£2.01,18/10/24,4,4,4,0,28/8/24,,FALSE,,,,c7e34ecf-19ef-4913-8fcb-c6f62030370d
2,QM-QAGK-D2UQ2,QM-QAGK-D2UQ,"Maldon Crushed Sea Salt Flakes Grinder, 55g",B07RX3FCV7,CLF,MAL4,£2.60,18/10/24,6,6,6,0,28/8/24,,FALSE,,,,1616c7cb-c377-4ee7-b3b3-21327c43456c
2,TE-PYY9-E5X82,TE-PYY9-E5X8,"THE HUMBLE CO. - Bamboo Interdental Brushes - SIZE 3 - 0,6 mm - Developed by Dentists - Designed In Sweden - Teeth Cleaning - Vegan & Cruelty-free - Eco-Friendly Packaging - 8p",B07TRJPM5R,CLF,HBH30,£1.66,18/10/24,60,60,60,0,28/8/24,,FALSE,,,,91c33621-c2f9-4c5f-995d-8e1aa72bc0f3
3,V5-VWRV-4S7K3,V5-VWRV-4S7K,"Jack N' Jill Natural Certified Toothpaste - Baby & Toddler Toothpaste, Fluoride-Free, 40% Xylitol, Sugar-Free, Safe for 6 Months and Up, Makes Tooth Brushing Fun, Bubblegum Flavour, 1 x 50g",B082L15JYR,CLF,JNJ35,£2.83,18/10/24,30,30,30,0,28/8/24,,FALSE,,,,239a00d7-48d4-4ad7-8f87-67fd6447508b
1,PE-G94Y-4PYO1,PE-G94Y-4PYO,2 X Everbuild CYN50 Industrial Superglue General Purpose 50 g,B011SEA38A,Sika,484652,£2.76,15/10/24,60,60,60,0,28/8/24,,FALSE,,,,e2988578-58d8-4b1f-8162-265dc8c52a78
1,6V-EEC1-2S9Z1,6V-EEC1-2S9Z,3 X Everbuild CYN20 20g General Purpose Industrial Superglue,B06WW79DX5,Sika,484651,£2.07,21/10/24,750,750,750,0,28/10/24,0,FALSE,,,,f8fa9421-257d-41c5-86d4-4fab3d4ff745
1,1S-ZFUI-RE1A1,1S-ZFUI-RE1A,Everbuild Stick2 General Purpose Superglue – Industrial Grade – High Strength – Rapid Setting – Clear – 20g,B0032NGZII,Sika,484651,£0.69,21/10/24,0,0,0,0,1/4/25,0,FALSE,,,,ea083afe-9354-448c-bf45-bea3a3e147a4
2,MY-KL21-NMV52,MY-KL21-NMV5,"LEXIBOOK Paw Patrol - Educational and Bilingual Laptop Spanish/English - Toy for Child Kid 124 Activities, Learn Play Games and Music with Chase Marshall - Red/Blue JC598PAi2,24 x 18 x 3.6 inches",B0913SVFD3,Rashmian,JC598PAI2,£18.50,10/21/2024,20,20,20,0,26/10/24,0,FALSE,,,,af5bf263-f346-4114-a8c2-aa4c152a2897
2,ZI-1MA2-8QGC2,ZI-1MA2-8QGC,"AQUARIUS 65370 Lord of The Rings Map 1000 Piece Jigsaw Puzzle, Multi-Colored, One Size",B08M8CQHHV,Heo,NMR65370,£8.48,23/10/24,10,10,10,0,11/9/25,0,FALSE,,,,b7a78562-b898-48d4-93ed-2e282448d847
2,GD-B8SW-1PCP2,GD-B8SW-1PCP,"OM SYSTEM VN-541 PC (Successor Olympus VN-541 PC) Digital Voice Recorder with Omnidirectional Microphone, One-Touch Recording, Noise Cancellation & 4 GB Memory",B0D2Y4NPKZ,Rashmian,VN541PC,£28.75,10/23/2024,24,24,24,0,30/10/24,0,FALSE,,,,aaf6673e-3754-409e-b0b0-d55b3b3e376c
3,2U-4KLP-68HB3,2U-4KLP-68HB,"Ultimate Guard - Katana Sleeves - Purple (100) [Standard Size, 66 x 91mm]",B07NGGSR3D,Bliss Distribution,UGD010923,£5.86,26/10/24,1,1,1,0,26/10/24,0,FALSE,,,,114f3c42-e236-4b75-adf0-39a2786ee8ba
4,IB-U5FA-BO2Y4,IB-U5FA-BO2Y,"OtterBox Symmetry Folio Case for iPad Pro 11"" (2024), Shockproof, Drop proof, Slim Protective Folio Case, Tested to Military Standard, Black",B0D3JC45CK,TD Synnex,77-95257,£18.54,26/10/24,1,1,1,0,26/10/2024,0,FALSE,,,,edaf61a1-52ad-4ef7-80d5-005a87b18bc8
1,X6-7E52-0VB31,X6-7E52-0VB3,"Liquid Skin Liquid Plaster - Pack of 4 Pipettes - Waterproof Liquid Bandage for Small Cuts, Wounds, Cracked Skin - Promotes Faster Natural Healing - No Sting, Non-Burning, Safe for Kids Formula",B01JM7KWSG,Stax,356869,£5.26,26/10/24,30,30,30,0,26/10/2024,0,FALSE,,,,850f45c7-dcec-4626-ad5e-aabe780a3096
3,3Z-45IC-N1H43,3Z-45IC-N1H4,The Army Painter | Basing Glue,B07QPB3T1J,Bliss Distribution,GL2013,£2.47,29/10/24,180,180,180,0,22/11/2024,0,FALSE,,,,23bacc2a-95d0-48b4-a79a-94e49aff6d32
4,10-PGVO-YV154,10-PGVO-YV15,"Organic Shop Repairing Body Scrub Mango & Sugar, 250 ml",B01H8QOUTA,CLF,OSP54,£2.25,29/10/24,15,15,15,0,30/10/2024,0,FALSE,,,,742f9a62-567d-412e-8d83-af934694d971
3,HI-4CXM-9WVU3,HI-4CXM-9WVU,Himalaya Botanique Simply Cinnamon Complete Care Toothpaste 150 g,B01CWYES90,CLF,HIM57,£2.97,29/10/24,12,12,12,0,30/10/2024,0,FALSE,,,,68c1fdb3-28c0-4569-ba7c-456b1e6455a2
2,90-0G83-3P0X2,90-0G83-3P0X,"Badger Sleep Balm, Softens Skin whilst Soothing the Mind, For a Blissful Nights Sleep Rub on the Temples or Pulse Points, Lavender and Bergamot Scent with Added Essential Oils, 56g",B0054RRCQY,CLF,BDG11,£7.15,29/10/24,12,12,12,0,30/10/2024,0,FALSE,,,,0798bd22-219e-4db7-8aaf-6874cd1bc4ab
2,2U-EUMC-7E5P2,2U-EUMC-7E5P,"Buddha Teas Dandelion Root Tea - Kosher, Caffeine-Free, GMO-Free - 18 Bleach-Free Tea Bags multi 24g : Amazon.co.uk: Grocery",B00DLILCPU,CLF,BDH8,£3.95,29/10/24,50,50,50,0,30/10/2024,0,FALSE,,,,7704a509-990f-48df-8a66-165025ec93f3
3,TE-PYY9-E5X83,TE-PYY9-E5X8,"THE HUMBLE CO. - Bamboo Interdental Brushes - SIZE 3 - 0,6 mm - Developed by Dentists - Designed In Sweden - Teeth Cleaning - Vegan & Cruelty-free - Eco-Friendly Packaging - 8p",B07TRJPM5R,CLF,HBH30,£1.66,29/10/24,72,72,72,0,30/10/2024,0,FALSE,,,,f49659fb-fa5f-4426-b7f8-6317d8774506
4,V5-VWRV-4S7K4,V5-VWRV-4S7K,"Jack N' Jill Natural Certified Toothpaste - Baby & Toddler Toothpaste, Fluoride-Free, 40% Xylitol, Sugar-Free, Safe for 6 Months and Up, Makes Tooth Brushing Fun, Bubblegum Flavour, 1 x 50g",B082L15JYR,CLF,JNJ35,£2.83,29/10/24,50,50,50,0,30/10/2024,0,FALSE,,,,c13a2025-58ff-4f30-979f-ceaf09fbb7ca
2,FA-LRV6-YRFW2,FA-LRV6-YRFW,Funko POP! Vinyl Alien,B00BUY54DI,Heo,FK3143,£7.68,29/10/24,20,20,20,0,09/11/2024,0,FALSE,,,,2fe4cda3-ca4f-457c-ac23-141d4d7bbd84
2,MN-LXY0-1MMT2,MN-LXY0-1MMT,Funko Pop! Vinyl: Disney: Nightmare Before Christmas: Sally - Disney: the Nightmare Before Christmas - Collectable Vinyl Figure - Gift Idea - Official Merchandise - Toys for Kids & Adults,B07DFB8DKB,Heo,FK32837,£7.68,29/10/24,24,24,24,0,09/11/2024,0,FALSE,,,,fa22dc13-8413-406e-b77b-07a6eed0eb97
4,A2-T2AC-TW3L4,A2-T2AC-TW3L,Everbuild Industrial Grade Superglue GP 50 g Pack of 3,B006PFN3BW,Sika,484652,£4.14,29/10/24,360,360,360,0,06/06/2025,0,FALSE,,,,c820a833-e3af-4bbf-bb91-42aa4e37bcee
3,EE-KTDC-KCFY3,EE-KTDC-KCFY,Crucial USB Adapter USB-C to USB-A CTUSBCFUSBAMAD,B08FSDMVNP,TD Synnex,6302977,£3.34,29/10/24,40,40,40,0,01/11/2024,0,FALSE,,,,155c3d99-aa19-4701-b129-c18a101cc2fc
2,MF-TPXM-F8AF2,MF-TPXM-F8AF,"OtterBox Symmetry Folio Case for iPad Pro 11"" (2024), Shockproof, Drop proof, Slim Protective Folio Case, Tested to Military Standard, Purple",B0D3J9C8NN,TD Synnex,10290415,£18.54,29/10/24,8,8,8,0,30/10/2024,0,FALSE,,,,f92ff5fa-d009-4f1e-a876-5db60a71bae4
3,PH-M7S4-05R53,PH-M7S4-05R5,"OtterBox Symmetry Folio Case for iPad Air 11"" (2024) & iPad Air 10.9"" (2022/2020), Shockproof, Drop proof, Slim Protective Folio Case, Tested to Military Standard, Blue",B0D3JCMSF5,TD Synnex,10290405,£18.54,29/10/24,5,5,5,0,30/10/2024,0,FALSE,,,,97750b76-c8b2-4a18-a57f-d68ff8661779
3,FA-LRV6-YRFW3,FA-LRV6-YRFW,Funko POP! Vinyl Alien,B00BUY54DI,Heo,FK3143,£7.68,31/10/24,34,34,34,0,22/11/2024,0,FALSE,,,,9a895947-f366-44b5-9663-708917b2450c
1,0K-6BX5-D5AH1,0K-6BX5-D5AH,"SUPERTHINGS Balloon Boxer – Large vehicle plus two attachable vehicles, 3 SuperThings and 1 exclusive Kazoom Kid",B093WHTJL7,ABGee,856 PSTSP414IN0,£7.51,1/11/24,10,,,10,,,FALSE,,,,81170f6a-ec10-4008-9980-e330fec7398c
1,UL-6G4Z-72JE1,UL-6G4Z-72JE,Make It Real Love and Daisy Inspired Fashion Design Sketchbook with Stencils and Stickers for Creativity - Kids Arts and Crafts Colouring Book - Girls Gifts,B09NCKDG86,ABGee,198 3209,£3.33,15/7/24,0,0,,0,,,FALSE,,,,0e88146b-3fd0-4a65-850e-cfb0d86fa64f
1,6V-0L0T-OF721,6V-0L0T-OF72,Top Secret Toys Giga Pets Animal Toy (1108),B0B1P26Q8H,ABGee,930 1108,£10.00,1/11/24,10,10,10,0,22/11/2024,0,FALSE,,,,53e7b0d5-75f1-42ee-892c-05e25bd41d3f
1,IQ-PR7Z-1RKG1,IQ-PR7Z-1RKG,Pokémon SCYTHER BATTLE FEATURE FIGURE - 4.5-Inch Scyther Battle Figure with Chop Attack Arms,B0B77CDN6J,ABGee,888 PKW0167,£7.00,15/7/24,10,2,2,8,07/11/2024,0,FALSE,,,,42600d13-0391-4faa-a5a7-fb4ee9cc7ba0
1,7C-XI7G-FMUU1,7C-XI7G-FMUU,Funko POP! Vinyl: Disney: the Lion King: Mufasa - Collectable Vinyl Figure - Gift Idea - Official Merchandise - Toys for Kids & Adults - Movies Fans - Model Figure for Collectors and Display,B07HB4VNVV,ABGee,985 36391,£7.59,1/11/24,15,,,15,,,FALSE,,,,10adab7d-df69-4ade-a8e7-4a2e9a9676d0
1,XH-OMMJ-C7MT1,XH-OMMJ-C7MT,"Ravensburger Bluey 35 Piece Jigsaw Puzzle for Kids Age 3 Years Up - Educational Toddler Toys, 26,4 x 18,1 x 0,2 cm",B096BPSDRZ,ABGee,542 5224,£2.45,1/11/24,7,7,7,0,05/12/2024,0,FALSE,,,,7fe4917b-0350-44df-9fde-6b5e177af074
2,Z3-HICR-CPBW2,Z3-HICR-CPBW,Funko Action Figure: Five Nights At Freddy's (FNAF) - Toxic Springtrap - Glow In the Dark - Collectable Toy - Gift Idea - Official Merchandise,B09DL7M3NJ,ABGee,985 59686,£7.76,04/11/24,24,24,24,0,22/11/2024,0,FALSE,,,,d996c674-7d1f-4cd6-86bd-178d6812f6df
2,D7-MGBX-RX2P2,D7-MGBX-RX2P,"Ultra Pro 81181 3"" x 4"" Clear Thick 55PT Toploaders (25ct)",B001Q77TI2,Bliss Distribution,E-81181,£2.79,04/11/24,45,45,45,0,11/12/2024,0,FALSE,,,,97d4d047-30b6-4e00-869d-57fa761a15fd
2,49-4UKW-G81R2,49-4UKW-G81R,100 Ultra Pro Card Protector Sleeves: Pro-Matte - 66 x 91 mm,B00WI8O0RG,Bliss Distribution,E-84515,£3.07,04/11/24,30,30,30,0,19/12/2024,0,FALSE,,,,53b543c3-9878-4d5d-8a25-40b00c791046
2,2T-07RT-8IMX2,2T-07RT-8IMX,Ultra Pro E-15219 Eclipse 9-Pocket PRO-Binder-Jet Black,B07W65T6VT,Bliss Distribution,E-15219,£8.32,04/11/24,12,12,12,0,19/12/2024,0,FALSE,,,,5703955c-168b-497b-9cca-4b126a5e7ab1
2,XB-PLFM-VNLX2,XB-PLFM-VNLX,"Ultimate Guard UGD010069 Japanese Size Classic Soft Card Sleeves (Pack of 100, Transparent)",B00FAQCE08,Bliss Distribution,UGD010069,£0.69,04/11/24,0,0,0,0,,,FALSE,,,,a2273a1e-7de6-41bb-86d3-8837aecdcf41
3,6E-GK4T-QBFF3,6E-GK4T-QBFF,Dungeons & Dragons Baldur's Gate 3 Collectible Soul Coin,B0CND68C7W,Bliss Distribution,HAS-DUN52,£5.49,04/11/24,0,,,0,,,FALSE,,,,b66c91d5-8440-42f6-bfbc-403bdf4d8f4c
3,EV-CHU5-XU3G3,EV-CHU5-XU3G,The Army Painter | Hobby: Super Glue,B07QQDMJ6M,Bliss Distribution,GL2014,£2.46,04/11/24,431,431,431,0,19/12/2024,0,FALSE,,,,7121a023-fcf8-4a0d-9f69-fe173628b25d
1,PZ-X5VL-NVBR1,PZ-X5VL-NVBR,Tiptree Green Gooseberry Conserve 340g,B000I4OEVO,CLF,TIP-05011,£2.76,04/11/24,12,12,12,0,07/11/2024,0,FALSE,,,,106bd6d0-1a5f-4748-a466-d3008338588f
1,3L-LSBT-PRST1,3L-LSBT-PRST,"Himalaya Herbals Neem Face Wash Foam with Turmeric Extract. Soap free, SLS, Paraben Free Hypoallergenic Herbal Based Face Wash Foam. DERMATOLOGICALLY TESTED 150 ml",B003OPE57C,CLF,HIM30,£2.20,04/11/24,16,16,16,0,07/11/2024,0,FALSE,,,,c7340e12-495a-409c-b9a9-34b57324172e
1,CQ-GZA7-CZBW1,CQ-GZA7-CZBW,"Himalaya Herbals Purifying Neem Foaming Face Wash ,Soap-free formulation For all skin types -150ml (Pack of 2)",B07BD35HQ9,CLF,HIM30,£4.40,04/11/24,0,0,0,0,22/11/2024,0,FALSE,,,,d70f9c66-b902-4500-84dd-58d925d393e2
1,7H-7G2P-ONWJ1,7H-7G2P-ONWJ,OceanSaver Anti-Bac Cleaning EcoDrop | Anti-Bacterial Multipurpose Cleaning Spray | Ocean Mist | Eco Friendly Cleaning (1 Pack),B081Q9CFGC,CLF,OCN6,£0.88,04/11/24,32,32,32,0,07/11/2024,0,FALSE,,,,ae876cfb-f6f7-4e19-9d3d-b571c7e7b587
3,6H-ZZN4-I77B3,6H-ZZN4-I77B,Marcel's Green Soap - Toilet Cleaner Orange & Jasmine - Kill bacteria and leave a fresh scent without bleach - 100% Eco friendly - 100% Vegan - 97% Biodegradable - 750 ML,B084HF25YN,CLF,SPC16,£2.00,04/11/24,30,30,30,0,07/11/2024,0,FALSE,,,,a447c6f6-c87a-4540-bd4b-d24874fcdcb6
3,AX-NKNU-29C13,AX-NKNU-29C1,Moo Free Choccy Buttons - Dairy Free Vegan Milk Chocolate (25g x 1 bag),B08M52B4M5,CLF,MOO62,£0.61,04/11/24,150,150,150,0,07/11/2024,0,FALSE,,,,3f1749b7-c2dd-423d-bc68-a0ba09ec801e
3,QM-QAGK-D2UQ3,QM-QAGK-D2UQ,"Maldon Crushed Sea Salt Flakes Grinder, 55g",B07RX3FCV7,CLF,MAL4,£2.60,04/11/24,6,6,6,0,07/11/2024,0,FALSE,,,,1a2b37ca-bf65-4c4a-bed2-1bbd12325e4e
3,TK-2H97-E7UH3,TK-2H97-E7UH,"Organic Shop Softening Body Scrub Coffee, 250 ml",B01H8QOWA2,CLF,OSP51,£2.25,04/11/24,18,18,18,0,07/11/2024,0,FALSE,,,,d9def2a7-7085-4141-aebf-b7adc1d51b97
2,9G-57PS-EN162,9G-57PS-EN16,2 PIN ORANGE RUBBER CONNECTOR 5A IN-LINE GARDEN LAWNMOWER 2PFC10,B01L4P0J64,Stax,5015056356044,£1.17,04/11/24,0,0,0,0,,,FALSE,,,,7b8a0c2e-8554-4301-bcac-0f8d01d72afa
2,08-3ABG-PL112,08-3ABG-PL11,"Unika EasyShine Wood and Laminate Floor Cleaner, 500ml",B01N58L3PP,Stax,5023778070223,£2.98,04/11/24,8,8,8,0,09/11/2024,0,FALSE,,,,ba4dc30b-464b-4c5f-b0e4-3e9446e47e3b
2,US-AK96-YFSB2,US-AK96-YFSB,"Fackelmann OPAL Hand Grater, Fine Lemon & Lime Zester, Chocolate & Parmesan Grater, Sharp Durable Grating Blade, Stainless Steel, 24x5.5x1.5cm, Silver",B002DPGTF0,Stax,714760,£1.24,04/11/24,27,27,27,0,06/01/2025,0,FALSE,,,,c8216e4d-0a7e-4bb0-857b-41dbde9f6b99
2,7R-DKJR-F0UF2,7R-DKJR-F0UF,"Wiltshire Staysharp Triple Rivet Paring Knife 9cm, 4"", Kitchen Knife with Built-in Sharpener, Keep Your Knife Sharp at All Times, Slim Design Scabbard, Ergonomic Triple Rivet Handle, 10 Year Guarantee",B08F8MQT1G,Stax,9310346414302,£5.87,04/11/24,24,24,24,0,06/01/2025,0,FALSE,,,,0a644335-de05-45d9-bb14-abe7f5ae1f91
2,AF-KIHX-ANYY2,AF-KIHX-ANYY,"Vitrex 10 2280 Grout Finisher, Blue",B0001P15T4,Stax,862225,£0.84,04/11/24,85,85,85,0,06/01/2025,0,FALSE,,,,6d26ce42-fb74-4f5a-9559-0b59c5f0985f
2,M4-MV10-9TX72,M4-MV10-9TX7,"Tala 40ml Mini Glass Measuring Jug, 10A26012, Transparent",B0B18N781Q,Stax,113299,£1.04,04/11/24,0,,,0,,,FALSE,,,,87cf72a3-4e87-46cb-adce-e1646d49fb78
3,JB-RGB6-LZOJ3,JB-RGB6-LZOJ,Loctite 194088 AA 319 Rear View Mirror/Phone/Radio Aerial Bonder Adhesive Glue,B0001P0DLU,Stax,5010266168227,£2.47,04/11/24,88,88,88,0,09/11/2024,0,FALSE,,,,1f327557-933f-4d17-b4de-6fc5dd648819
2,JV-D1TI-6UF62,JV-D1TI-6UF6,Kitchen Devils Lifestyle Peeler Parer Knife 602001,B002HY4YSQ,Stax,5010624437200,£3.96,04/11/24,10,10,10,0,09/11/2024,0,FALSE,,,,e2018871-d9ea-4819-9aa6-05e276cc8da8
1,WF-JLK1-5PKN1,WF-JLK1-5PKN,Yale - YE3B/32/116/1/P Standard Security 32mm Aluminium Padlock - Pink - Open Hardened Steel Shackle - 3 Keys,B08563KQKG,Aldridge Security,L32299,£3.22,11/11/24,5,5,5,0,13/11/2024,0,TRUE,,,,18e6fbee-317b-4b92-9195-a9eeb584a116
2,RB-82FL-T88J2,RB-82FL-T88J,"Lexibook, Disney, Stitch Nightlight alarm clock, Sounds and Melodies, LCD Backlit screen, Luminous, Snooze, Blue, One size",B0CJ8TNZ67,Rashmian,RL800D,£14.50,11/19/2024,30,30,30,0,22/11/24,0,FALSE,,,,50d43950-dc5b-4460-8497-7dd13c44ec49
3,OV-LVEL-DQL63,OV-LVEL-DQL6,"Lexibook, Paw Patrol, Mini Cordless Bedside Lamp and Nightlight, Blue, MLT10PA",B08W25WKTN,Rashmian,MLT10PA,£6.95,11/19/2024,24,24,24,0,6/6/25,,FALSE,,,,0322901d-615c-4c57-9126-769652ae2c02
1,0W-VJRK-9VCG1,0W-VJRK-9VCG,Character Options Ben And Holly's Little Kingdom 18cm Talking Holly Soft Plush Toy 05288,B00M9UFVGM,ABGee,674 05288,£6.20,19/11/24,0,0,0,0,19/11/2024,0,FALSE,,,,2a55ecf4-e367-4301-acae-fe2aacada933
1,T0-4R2M-4BLV1,T0-4R2M-4BLV,Ultra Pro E-15612 Eclipse Standard Matte Sleeves 100 Pack-Arctic White,B08WYJM23V,Bliss Distribution,E-15612,£4.68,04/11/24,12,12,12,0,22/11/24,0,FALSE,,,,a0d00a08-5a75-4282-b115-878646c4e98a
3,Z3-ORV9-K8XD3,Z3-ORV9-K8XD,"Learning Resources EI-2978 Kanoodle 3D Brain Teaser Puzzle, Travel Game for Adults and Kids Ages 7 8 9 10+, Gift for Boys & Girls, Featuring 200 Challenges, Multicoloured",B000FGECAI,ABGee,290 EI-2978,£6.52,25/11/24,84,84,84,0,13/12/2024,0,FALSE,,,,60c932dc-36a3-4bc2-b04e-f4044adc07f7
4,EE-KTDC-KCFY4,EE-KTDC-KCFY,Crucial USB Adapter USB-C to USB-A CTUSBCFUSBAMAD,B08FSDMVNP,TD Synnex,6302977,£3.45,26/11/24,48,48,48,0,29/11/2024,0,FALSE,,,,65ca9a81-0d12-4ee4-b0f5-de60a8b53927
5,IB-U5FA-BO2Y5,IB-U5FA-BO2Y,"OtterBox Symmetry Folio Case for iPad Pro 11"" (2024), Shockproof, Drop proof, Slim Protective Folio Case, Tested to Military Standard, Black",B0D3JC45CK,TD Synnex,77-95257,£18.73,26/11/24,14,14,14,0,29/11/2024,0,FALSE,,,,fda5bd85-e8dd-4c46-b6f6-503a735919ce
3,OZ-3NKR-VLYG3,OZ-3NKR-VLYG,Good Boy Armitage Latex Space Lobber Toy Junior,B0049A27FS,Trilanco,GDB0101,£1.64,26/11/24,120,120,120,0,13/03/2025,0,FALSE,,,,f2004aa0-6c8d-4338-a8f6-839ecce02b25
2,12-749B-9EB52,12-749B-9EB5,Funko POP! Movies: TCM - Leatherface - Texas Chainsaw Massacre - Collectable Vinyl Figure - Gift Idea - Official Merchandise - Toys for Kids & Adults - Movies Fans - Model Figure for Collectors,B084HZRR8G,ABGee,985 49830,£7.59,26/11/24,1,1,1,0,13/12/2024,0,FALSE,,,,5c6cabd7-9508-47fa-9f83-681fe71b1957
3,SC-LYFM-ORXK3,SC-LYFM-ORXK,"Shaun the Sheep Plush 61176 Backpack Clip, Black and White, Great Gift Idea,9 x 7 x 14 centimetres",B07QXSDZJM,ABGee,541 61176,£4.20,26/11/24,30,30,30,0,05/12/2024,0,FALSE,,,,5fa8690d-86aa-4233-a93d-18eb5ae4369e
4,DY-51D1-CSIX4,DY-51D1-CSIX,"Lite-Brite | Peg & Template Refill Pack | Light Up Drawing Board, LED Board with Colours, Toys for Creative Play, Glow Art Neon Effect Drawing Board, Light Toys for Kids Ages 4+ | Basic Fun 02224",B07FFHPY7X,ABGee,520 02224,£2.50,26/11/24,60,,,60,,,FALSE,,,,bff6f83a-3530-4cdd-936d-bfa31a890aeb
1,QW-9XV0-Q3EH1,QW-9XV0-Q3EH,"Ultimate Guard - Katana Sleeves - Red (100) [Standard Size, 66 x 91mm]",B00J5H1E9K,Bliss Distribution,UGD010109,£5.86,26/11/24,20,20,20,0,27/02/2025,0,TRUE,,,,159824ba-7b6b-4f4e-95e0-952cd09f5f93
2,3Q-JVVB-BIT72,3Q-JVVB-BIT7,Wizards of the Coast Lords of Waterdeep Expansion: Scoundrels of Skullport,786964502,Bliss Distribution,A35790000,£19.36,26/11/24,8,8,8,0,29/11/2024,0,FALSE,,,,0dff1213-fcfc-485d-8863-12607beea291
3,2T-07RT-8IMX3,2T-07RT-8IMX,Ultra Pro E-15219 Eclipse 9-Pocket PRO-Binder-Jet Black,B07W65T6VT,Bliss Distribution,E-15219,£8.32,26/11/24,12,12,12,0,19/12/2024,0,FALSE,,,,f9c25479-13aa-476a-8d2e-4c66cdb5440e
2,MU-717K-DELS2,MU-717K-DELS,"Ultra Pro 3"" x 4"" Clear Regular Top Loaders For Cards With Card Sleeves Bundle Standard Size 100ct Baseball Card Sleeves Trading Card Sleeve Baseball Card Protectors Toploader Card Protectors",B076V4V2QQ,Bliss Distribution,E-83648,£6.17,26/11/24,20,20,20,0,19/12/2024,0,FALSE,,,,0d29c03d-bd0a-4236-9959-a4e77dbeb8bb
2,GA-9DTN-9O1E2,GA-9DTN-9O1E,"Leder Games Root: The Clockwork Expansion, LED01009",B086763VT8,Bliss Distribution,LED01009,£18.18,26/11/24,9,9,9,0,30/01/2025,0,FALSE,,,,4a3f87d6-6393-4fee-950c-f51f1b6d3e30
4,6E-GK4T-QBFF4,6E-GK4T-QBFF,Dungeons & Dragons Baldur's Gate 3 Collectible Soul Coin,B0CND68C7W,Bliss Distribution,HAS-DUN52,£5.49,26/11/24,12,12,12,0,19/12/2024,0,FALSE,,,,302be76e-18f8-48a9-beb4-792f2525d771
2,FR-41MF-KWKU2,FR-41MF-KWKU,"Saracino Sugarplus - Isomalt Granules for Sugar Decorations with Crystal Clear Effect 0,5 Kg Made in Italy",B01FJOSX3W,Culpitt,825001,£4.67,26/11/24,48,48,48,0,03/12/2024,0,FALSE,,,,204406f9-4599-4162-b3cc-08721fdf910a
1,E8-MXNZ-4UKU1,E8-MXNZ-4UKU,Ceplac Dental Disclosing Tablets 12,B001E1E9AG,DHB,EN025X,£1.13,26/11/24,30,30,30,0,29/11/2024,0,TRUE,,,,c5e32fba-8367-435a-82a2-570e6041ab35
1,EL-1QQR-J77R1,EL-1QQR-J77R,"Oral-B Ortho Care Essentials Electric Toothbrush Head, 1 Interspace Brush and 2 Ortho Brush Heads for Teeth with Braces, Pack of 3, White",B003U9V7QO,DHB,OB279,£6.59,26/11/24,0,0,0,0,26/11/2024,0,FALSE,,,,fe6385ec-395f-43b0-9be1-019c263d85fa
2,SA-T4GN-HUNR2,SA-T4GN-HUNR,"Oral-B Kids Electric Toothbrush, Christmas Gifts For Kids, 1 Toothbrush Head, Battery Powered, Extra Soft Bristles For Gentle Cleaning, For Ages 3+",B07NSZ2DRS,DHB,OB292,£2.67,26/11/24,0,0,0,0,,,FALSE,,,,381634d2-d424-46b4-aebb-60671596fe50
1,SR-JF1N-II8S1,SR-JF1N-II8S,OrthoSpace - Orthodontic Braces Toothbrush V-Trim (Blue),B094D24L5J,DHB,ORT012,£1.08,26/11/24,10,10,10,0,29/11/2024,0,TRUE,,,,6bc99270-bac3-4718-9c5b-dc091f408c91
1,MR-727N-ZG8K1,MR-727N-ZG8K,Piksters Bamboo Interdental Brush - Size 00 Pink 0.60mm - 8 Brushes Per Pack,B07T2PV79R,DHB,PIK200,£1.90,26/11/24,12,12,12,0,29/11/2024,0,TRUE,,,,439c24b0-bede-4d54-a720-516ebf8ccab9
1,AQ-QMA9-SLHK1,AQ-QMA9-SLHK,"Sure Maximum Protection Clean Scent 96h protection deodorant Anti-perspirant Cream Stick for Men, 3x stronger* sweat protection 45 ml (Pack of 3)",B00OQ3KBZG,DHB,PRO035,£1.37,26/11/24,0,0,0,0,26/11/2024,0,FALSE,,,,822b2217-07ae-4aad-a7fd-302c7bb333db
1,DC-K5WH-R7F51,DC-K5WH-R7F5,TEPE INTERDENTAL Travel CASE,B0073FT7FY,DHB,TEP068SP,£0.63,26/11/24,50,50,50,0,29/11/2024,0,TRUE,,,,8e69eaf5-2941-4337-8868-0d3bc7149f0f
1,C5-V0VF-ZQAV1,C5-V0VF-ZQAV,"TePe Good Compact Toothbrush, Soft, Assorted Colours, 1pc, Soft Toothbrush for Adults, Sustainable Toothbrush",B0853KGR7X,DHB,TEP084,£1.08,26/11/24,15,15,15,0,29/11/2024,0,TRUE,,,,25361117-dd3a-40cf-86c5-de2c911528d3
1,5Z-6Z0P-9TQQ1,5Z-6Z0P-9TQQ,Piksters Eco Charcoal 30 Floss Picks - Pack of 1,B08MW8XMNQ,DHB,PIK077,£0.77,26/11/24,20,20,20,0,29/11/2024,0,FALSE,,,,f951d6bf-5b60-4052-a6c5-df5982925d17
4,M5-EOFN-2WPJ4,M5-EOFN-2WPJ,"The Humble Co. Plant Based Floss Picks | Charcoal | Eco-Friendly, Vegan for Your Everyday Oral Care - Dentist Approved - Removes Plaque and Gives a Fresh Feel (1 x 50p)",B07RBWJ6W8,DHB,HUM028,£1.54,26/11/24,20,20,20,0,29/11/2024,0,FALSE,,,,d38d6f1f-54d9-46eb-9981-3f61378a82dc
2,46-MOBK-YBS12,46-MOBK-YBS1,Funko POP! Games: Sonic 30th-Silver Hedgehog the Hedgehog - Sonic the Hedgehog - Collectable Vinyl Figure - Gift Idea - Official Merchandise - Toys for Kids & Adults - Video Games Fans,B089B7YDRN,Heo,FK51965,£6.84,26/11/24,24,24,24,0,04/12/2024,0,FALSE,,,,eb8be779-ac7e-4bea-8c08-95e247010c20
2,IO-9ZD2-3HDO2,IO-9ZD2-3HDO,Funko Pop! Albums: Queen - Freddie Mercury - Flash Gordon - Music - Collectable Vinyl Figure - Gift Idea - Official Merchandise - Toys for Kids & Adults - Music Fans - Model Figure for Collectors,B09SBGM9Q8,Heo,FK64036,£5.05,26/11/24,18,18,18,0,06/12/2024,0,FALSE,,,,84e9a7b6-9485-4f86-8740-18376e58a492
3,MN-LXY0-1MMT3,MN-LXY0-1MMT,Funko Pop! Vinyl: Disney: Nightmare Before Christmas: Sally - Disney: the Nightmare Before Christmas - Collectable Vinyl Figure - Gift Idea - Official Merchandise - Toys for Kids & Adults,B07DFB8DKB,Heo,FK32837,£7.68,26/11/24,18,18,18,0,04/12/2024,0,FALSE,,,,960da02b-a4d6-4914-9398-ec090a748586
2,GW-1ECO-QZA72,GW-1ECO-QZA7,Casio Gents 33.00mm Quartz Watch with LCD Digital dial and Silver Metal Bracelet Strap A500WEA-1EF,B00N5SLQ7A,Rashmian,A500WEA-1EF,£20.05,11/26/2024,32,32,32,0,08/01/2025,0,FALSE,,,,91c12301-8130-4844-bbdb-307cd361ed6a
5,A2-T2AC-TW3L5,A2-T2AC-TW3L,Everbuild Industrial Grade Superglue GP 50 g Pack of 3,B006PFN3BW,Sika,484652,£4.14,29/11/24,240,240,240,0,10/12/2024,0,FALSE,,,,32860f1e-da25-4538-a7b7-ec6a93badb76
1,SU-5LQH-2DVN1,SU-5LQH-2DVN,"3 PCS EVERBUILD INDUSTRIAL GRADE SUPER GLUE HV HIGH VISCOSITY BONDS PVC, METAL, MDF, ALUMINIUM, CERAMICS, RUBBER ETC. 20G EACH",B07SLLYRSP,Sika,484654,£2.01,29/11/24,100,100,100,0,10/12/2024,0,FALSE,,,,f9bc06a3-b1d5-46b9-b343-b076b5daf0d7
2,PZ-X5VL-NVBR2,PZ-X5VL-NVBR,Tiptree Green Gooseberry Conserve 340g,B000I4OEVO,CLF,TIP-05011,£2.76,02/12/24,15,15,15,0,04/12/2024,0,FALSE,,,,f3b2da47-517d-45bf-aee2-73e5ba11b1de
2,3L-LSBT-PRST2,3L-LSBT-PRST,"Himalaya Herbals Neem Face Wash Foam with Turmeric Extract. Soap free, SLS, Paraben Free Hypoallergenic Herbal Based Face Wash Foam. DERMATOLOGICALLY TESTED 150 ml",B003OPE57C,CLF,HIM30,£2.20,02/12/24,39,39,39,0,04/12/2024,0,FALSE,,,,4161cf51-0f9b-45dc-abeb-2eea204bd382
2,7H-7G2P-ONWJ2,7H-7G2P-ONWJ,OceanSaver Anti-Bac Cleaning EcoDrop | Anti-Bacterial Multipurpose Cleaning Spray | Ocean Mist | Eco Friendly Cleaning (1 Pack),B081Q9CFGC,CLF,OCN6,£0.88,02/12/24,16,16,16,0,04/12/2024,0,FALSE,,,,9ee36f0b-9b8d-4175-b18d-29471880d5e6
3,2U-EUMC-7E5P3,2U-EUMC-7E5P,"Buddha Teas Dandelion Root Tea - Kosher, Caffeine-Free, GMO-Free - 18 Bleach-Free Tea Bags multi 24g : Amazon.co.uk: Grocery",B00DLILCPU,CLF,BDH8,£4.94,02/12/24,36,36,36,0,04/12/2024,0,FALSE,,,,139d605e-a1a1-4d6e-86db-d7d346d0d292
4,TE-PYY9-E5X84,TE-PYY9-E5X8,"THE HUMBLE CO. - Bamboo Interdental Brushes - SIZE 3 - 0,6 mm - Developed by Dentists - Designed In Sweden - Teeth Cleaning - Vegan & Cruelty-free - Eco-Friendly Packaging - 8p",B07TRJPM5R,CLF,HBH30,£1.66,02/12/24,66,66,66,0,04/12/2024,0,FALSE,,,,17e43fb4-4c35-47be-8ef0-0d6a7493c2c8
2,3T-6QPR-E2MV2,3T-6QPR-E2MV,"Ultimate Guard UGD010696 Boulder Deck Case, 100 Plus, standard size, malachite",B06XGSJS7N,Heo,UGD010696,£4.40,02/12/24,24,24,24,0,20/01/2025,0,FALSE,,,,07de412f-e633-4290-bc6f-c102d87e1289
4,FA-LRV6-YRFW4,FA-LRV6-YRFW,Funko POP! Vinyl Alien,B00BUY54DI,Heo,FK3143,£7.68,02/12/24,72,72,72,0,27/03/2025,0,FALSE,,,,aee8d384-d0cb-4b50-a5e8-24cf247033bf
2,0X-VJWI-4OT82,0X-VJWI-4OT8,Funko POP! Movies: Avatar: the Way Of Water - Lo’ak - Collectable Vinyl Figure - Gift Idea - Official Merchandise - Toys for Kids & Adults - Movies Fans - Model Figure for Collectors and Display,B0BWFT5RGN,Heo,FK73090,£4.29,02/12/24,18,18,18,0,20/01/2025,0,FALSE,,,,dd5e95f6-234f-4b05-897f-18bd40842763
5,EE-KTDC-KCFY5,EE-KTDC-KCFY,Crucial USB Adapter USB-C to USB-A CTUSBCFUSBAMAD,B08FSDMVNP,TD Synnex,6302977,£3.44,02/12/24,100,100,100,0,17/12/2024,0,FALSE,,,,fa031130-11fc-408a-a720-bf719e4eef88
3,AF-KIHX-ANYY3,AF-KIHX-ANYY,"Vitrex 10 2280 Grout Finisher, Blue",B0001P15T4,Stax,862225,£0.84,03/12/24,13,13,13,0,,,FALSE,,,,b8cec721-b1f4-4479-b3ab-a6b71b724cc1
1,TK-E7QE-T40G1,TK-E7QE-T40G,Kitchen Devils S8602000 Lifestyle Vegetable Knife,B000FPU2SK,Stax,5010624437194,£3.96,03/12/24,90,90,90,0,10/12/2024,0,FALSE,,,,85fd3508-ed38-424c-843e-11af146cb464
2,D3-R4XE-XV0R2,D3-R4XE-XV0R,"Viners Assure Knife Block; Set of 5 Kitchen Knives & Universal Knife Holder; Chef, Santoku, Carving, Utility & Paring Knives, Stainless Steel, ‎0305.217",B08G4Q5KK8,Stax,5010853268477,£15.29,03/12/24,4,4,4,0,10/12/2024,0,FALSE,,,,e8391d3f-e460-4684-9dd3-b5c96886f728
2,6V-EEC1-2S9Z2,6V-EEC1-2S9Z,3 X Everbuild CYN20 20g General Purpose Industrial Superglue,B06WW79DX5,Sika,484651,£2.07,6/12/24,500,500,500,0,06/01/2025,0,FALSE,,,,1cbfe99e-096f-4e6f-a484-b0826c20d100
4,SC-LYFM-ORXK4,SC-LYFM-ORXK,"Shaun the Sheep Plush 61176 Backpack Clip, Black and White, Great Gift Idea,9 x 7 x 14 centimetres",B07QXSDZJM,ABGee,541 61176,£4.20,10/12/24,22,22,22,0,13/12/2024,0,FALSE,,,,bc9d5d8e-6862-46ec-a98a-a1cb05194ab2
2,6V-0L0T-OF722,6V-0L0T-OF72,Top Secret Toys Giga Pets Animal Toy (1108),B0B1P26Q8H,ABGee,930 1108,£10.00,10/12/24,19,19,19,0,13/12/2024,0,FALSE,,,,cf243131-0c28-441d-8606-bd90d16bf98b
3,3Q-JVVB-BIT73,3Q-JVVB-BIT7,Wizards of the Coast Lords of Waterdeep Expansion: Scoundrels of Skullport,786964502,Bliss Distribution,A35790000,£19.36,11/12/24,14,14,14,0,12/12/2024,0,FALSE,,,,359b07ec-7e51-499b-aeb4-ef06cc4db8f3
2,EH-ZRT0-U4YM2,EH-ZRT0-U4YM,"Ultra Pro 84516 Standard Pro Matte Card Sleeves 100 Pack, Red",B00WI9YJVW,Bliss Distribution,E-84516,£3.18,11/12/24,30,30,30,0,12/12/2024,0,FALSE,,,,64458e22-7a11-4afa-9d83-d95393d62fb5
,,M5-71MK-T0DL,Arcane Tinmen Dragon Shield Sleeves – Matte: Blood Red 100CT - MTG Card Sleeves are Smooth & Tough - Compatible with Pokemon & Magic The Gathering Card Sleeves (AT-11050),B0B337ZY41,Bliss Distribution,AT-11050,£4.48,1/10/24,100,100,100,0,6/11/24,0,FALSE,,,,115f6151-0a93-46f7-89b1-2f22cf7aa526
2,5Z-6Z0P-9TQQ2,5Z-6Z0P-9TQQ,Piksters Eco Charcoal 30 Floss Picks - Pack of 1,B08MW8XMNQ,DHB,PIK077,£0.77,11/12/24,13,13,13,0,13/12/2024,0,FALSE,,,,e772e16b-34f6-4f63-9d4e-6e6198007444
5,M5-EOFN-2WPJ5,M5-EOFN-2WPJ,"The Humble Co. Plant Based Floss Picks | Charcoal | Eco-Friendly, Vegan for Your Everyday Oral Care - Dentist Approved - Removes Plaque and Gives a Fresh Feel (1 x 50p)",B07RBWJ6W8,DHB,HUM028,£1.54,11/12/24,66,66,66,0,13/12/2024,0,FALSE,,,,8b62463a-f7af-4ad8-8c67-ca31561943c4
2,SR-JF1N-II8S2,SR-JF1N-II8S,OrthoSpace - Orthodontic Braces Toothbrush V-Trim (Blue),B094D24L5J,DHB,ORT012,£1.08,11/12/24,36,36,36,0,13/12/2024,0,FALSE,,,,900cbb86-0558-42b3-bc58-99cd80033481
3,U1-M5BM-8F5W3,U1-M5BM-8F5W,Groov-e Geneva Rechargeable DAB & FM Digital Radio - Built-In Alarm Clock & Bluetooth Connectivity - LCD Display - USB or Battery Operated - Portable Radio - 80 Preset Stations - Black,B0C9J86XCZ,Rashmian,GVDR09BK,£13.00,12/11/2024,30,30,30,0,13/12/2024,0,FALSE,,,,2898ddd0-725b-4110-9772-1458ad07ef70
3,6V-EEC1-2S9Z3,6V-EEC1-2S9Z,3 X Everbuild CYN20 20g General Purpose Industrial Superglue,B06WW79DX5,Sika,484651,£2.07,11/12/24,250,250,250,0,17/12/2024,0,FALSE,,,,64588c56-8ef7-495f-8d05-ec9a69e70d17
6,A2-T2AC-TW3L6,A2-T2AC-TW3L,Everbuild Industrial Grade Superglue GP 50 g Pack of 3,B006PFN3BW,Sika,484652,£4.14,11/12/24,106,106,106,0,17/12/2024,0,FALSE,,,,9659b286-72fe-4626-a631-5161de4b39bf
2,PE-G94Y-4PYO2,PE-G94Y-4PYO,2 X Everbuild CYN50 Industrial Superglue General Purpose 50 g,B011SEA38A,Sika,484652,£2.76,11/12/24,21,21,21,0,17/12/2024,0,FALSE,,,,03bba2cc-1ed7-4af7-9dc2-98f220d60577
2,WX-L5UA-UB1Q2,WX-L5UA-UB1Q,"HG Stain Away 7 Rusty Mark Remover, 50 ml",B007R2ICTK,Stax,87298406,£1.77,18/12/24,406,406,406,0,06/01/2025,0,FALSE,,,,6cabb2a8-3140-47c1-bdad-c639e6502d20
5,SC-LYFM-ORXK5,SC-LYFM-ORXK,"Shaun the Sheep Plush 61176 Backpack Clip, Black and White, Great Gift Idea,9 x 7 x 14 centimetres",B07QXSDZJM,ABGee,541 61176,£4.20,07/01/25,30,30,30,0,20/03/2025,0,FALSE,,,,429273ee-d473-4a16-9fbc-511d4ae6f2f5
1,9C-ZLCN-WWGK1,9C-ZLCN-WWGK,Funko POP! Movies: Harry Potter - Severus Snape - Collectable Vinyl Figure - Gift Idea - Official Merchandise - Toys for Kids & Adults - Movies Fans - Model Figure for Collectors and Display,B00TQ5KPNC,ABGee,985 5862,£7.59,07/01/25,20,,,20,,,FALSE,,,,45968bc6-5e7f-42b0-817b-1d85be2454b5
4,Z3-ORV9-K8XD4,Z3-ORV9-K8XD,"Learning Resources EI-2978 Kanoodle 3D Brain Teaser Puzzle, Travel Game for Adults and Kids Ages 7 8 9 10+, Gift for Boys & Girls, Featuring 200 Challenges, Multicoloured",B000FGECAI,ABGee,290 EI-2978,£6.56,07/01/25,30,30,30,0,20/03/2025,0,FALSE,,,,a4436620-70d5-4fce-a04e-d050f1d06065
2,SZ-UL4K-SE7W2,SZ-UL4K-SE7W,Ultra Pro Comic Bags (100-Piece),B002QGAF8S,Bliss Distribution,E-82225,£3.17,07/01/25,30,30,30,0,10/03/2025,0,FALSE,,,,9a1a5a2b-c2ba-4385-b858-a75382a4bfd1
3,1Q-OTO8-JG8E3,1Q-OTO8-JG8E,Dragon Shield 11009 Matte Purple Standard Sleeves (100 Sleeves),B01G263L1K,Bliss Distribution,AT-11009,£4.32,07/01/25,100,100,100,0,20/02/2025,0,FALSE,,,,c9e3c8dd-2504-4ecf-8763-7dd16934e5aa
4,3Q-JVVB-BIT74,3Q-JVVB-BIT7,Wizards of the Coast Lords of Waterdeep Expansion: Scoundrels of Skullport,786964502,Bliss Distribution,A35790000,£20.64,07/01/25,10,10,10,0,24/01/2025,0,FALSE,,,,78b40335-96e3-4062-b195-1f957f3a98fd
1,H0-BYHY-BTUT1,H0-BYHY-BTUT,Ultra Pro E-15613 Eclipse Standard Matte Sleeves 100 Pack-Jet Black,B08WX4Y25G,Bliss Distribution,E-15613,£4.83,07/01/25,12,12,12,0,20/02/2025,0,FALSE,,,,a9a1d031-f9e6-4eaf-ae0e-d516c14a21c4
3,49-4UKW-G81R3,49-4UKW-G81R,100 Ultra Pro Card Protector Sleeves: Pro-Matte - 66 x 91 mm,B00WI8O0RG,Bliss Distribution,E-84515,£3.17,07/01/25,30,30,30,0,20/02/2025,0,FALSE,,,,4c8c7ba8-a3e7-40ff-9c98-b2a80f66df41
2,4F-HT42-FD262,4F-HT42-FD26,100 Ultra Pro Card Protector Sleeves: Pro-Matte - 66 x 91 mm,B010E25DI2,Bliss Distribution,E-84517,£3.07,07/01/25,30,30,30,0,20/02/2025,0,FALSE,,,,c971ee21-7042-445c-b3d4-044967bbc5c1
1,CN-NR50-TSFE1,CN-NR50-TSFE,Ultra Pro E-15146 Eclipse 9-Pocket PRO-Binder-Apple Red,B0024I0DBW,Bliss Distribution,E-15146,£8.58,07/01/25,12,,,12,,,FALSE,,,,036714cb-8d0b-46cd-bc51-a22432f5bf56
3,MU-717K-DELS3,MU-717K-DELS,"Ultra Pro 3"" x 4"" Clear Regular Top Loaders For Cards With Card Sleeves Bundle Standard Size 100ct Baseball Card Sleeves Trading Card Sleeve Baseball Card Protectors Toploader Card Protectors",B076V4V2QQ,Bliss Distribution,E-83648,£6.14,07/01/25,50,50,50,0,15/03/2025,0,FALSE,,,,ce95cb71-ef06-47e7-9e37-dc1909bda654
3,46-MOBK-YBS13,46-MOBK-YBS1,Funko POP! Games: Sonic 30th-Silver Hedgehog the Hedgehog - Sonic the Hedgehog - Collectable Vinyl Figure - Gift Idea - Official Merchandise - Toys for Kids & Adults - Video Games Fans,B089B7YDRN,Heo,FK51965,£6.84,07/01/25,18,,,18,,,FALSE,,,,8db6e714-1638-4d62-9b4d-301f133989f2
3,OP-0TPO-SB3I3,OP-0TPO-SB3I,Funko Pop! and Buddy: Lilo With Pudge - Disney: Lilo & Stitch - Collectable Vinyl Figure - Gift Idea - Official Merchandise - Toys for Kids & Adults - Movies Fans - Model Figure for Collectors,B08MQ1N1CC,Heo,FK55621,£7.64,07/01/25,6,6,6,0,20/01/2025,0,FALSE,,,,0014fb45-50c2-46e2-99bf-ad4119b28577
3,IO-9ZD2-3HDO3,IO-9ZD2-3HDO,Funko Pop! Albums: Queen - Freddie Mercury - Flash Gordon - Music - Collectable Vinyl Figure - Gift Idea - Official Merchandise - Toys for Kids & Adults - Music Fans - Model Figure for Collectors,B09SBGM9Q8,Heo,FK64036,£5.05,07/01/25,36,36,36,0,20/01/2025,0,FALSE,,,,ae09f578-7de5-41a3-9558-a39e735a98e9
4,6V-EEC1-2S9Z4,6V-EEC1-2S9Z,3 X Everbuild CYN20 20g General Purpose Industrial Superglue,B06WW79DX5,Sika,484651,£2.07,07/01/25,500,500,500,0,08/01/2025,0,FALSE,,,,06cdf8b4-ac99-4e91-b833-5678edf52362
2,SU-5LQH-2DVN2,SU-5LQH-2DVN,"3 PCS EVERBUILD INDUSTRIAL GRADE SUPER GLUE HV HIGH VISCOSITY BONDS PVC, METAL, MDF, ALUMINIUM, CERAMICS, RUBBER ETC. 20G EACH",B07SLLYRSP,Sika,484654,£2.01,07/01/25,166,166,166,0,15/01/2025,0,FALSE,,,,005f7383-c4b2-4ee5-a08e-1a47774c7e9d
4,PH-M7S4-05R54,PH-M7S4-05R5,"OtterBox Symmetry Folio Case for iPad Air 11"" (2024) & iPad Air 10.9"" (2022/2020), Shockproof, Drop proof, Slim Protective Folio Case, Tested to Military Standard, Blue",B0D3JCMSF5,TD Synnex,10290405,£19.36,07/01/25,14,14,14,0,08/01/2025,0,FALSE,,,,abb540bb-dde5-441d-8981-7d702ed0e16d
4,DV-USYD-8WR24,DV-USYD-8WR2,"OtterBox Symmetry Folio Case for iPad Air 11"" (2024) & iPad Air 10.9"" (2022/2020), Shockproof, Drop proof, Slim Protective Folio Case, Tested to Military Standard, Black",B0D3JD4FFD,TD Synnex,10290403,£19.36,07/01/25,5,5,5,0,08/01/2025,0,FALSE,,,,3106e498-e026-4e9c-8603-d9804008ad5b
2,L3-ZQ8U-A7LQ2,L3-ZQ8U-A7LQ,Sandisk SDCZ50-016G-B35 USB 2.0 Flash Drive 16GB Black/Red,B004I2N5AS,TD Synnex,2046517,£3.51,07/01/25,5,5,5,0,08/01/2025,0,FALSE,,,,36e6eb11-82e0-4a58-b33c-a66180969f7b
3,5Z-6Z0P-9TQQ3,5Z-6Z0P-9TQQ,Piksters Eco Charcoal 30 Floss Picks - Pack of 1,B08MW8XMNQ,DHB,PIK077,£1.15,13/01/25,0,0,0,0,10/02/2025,0,FALSE,,,,c8e94c02-6207-41af-97bd-c515e40bfeab
6,M5-EOFN-2WPJ6,M5-EOFN-2WPJ,"The Humble Co. Plant Based Floss Picks | Charcoal | Eco-Friendly, Vegan for Your Everyday Oral Care - Dentist Approved - Removes Plaque and Gives a Fresh Feel (1 x 50p)",B07RBWJ6W8,DHB,HUM028,£1.54,13/01/25,85,85,85,0,10/02/2025,0,FALSE,,,,e4fd828a-9370-452e-a683-a26cbeba0902
2,DC-K5WH-R7F52,DC-K5WH-R7F5,TEPE INTERDENTAL Travel CASE,B0073FT7FY,DHB,TEP068SP,£0.63,13/01/25,100,100,100,0,,,FALSE,,,,14205d92-a4aa-4a1e-a866-6090b64190e2
7,A2-T2AC-TW3L7,A2-T2AC-TW3L,Everbuild Industrial Grade Superglue GP 50 g Pack of 3,B006PFN3BW,Sika,484652,£4.14,13/01/25,240,240,240,0,20/01/2025,0,FALSE,,,,a4a5b90b-665a-4a5f-b0c8-7715a866c643
4,AF-KIHX-ANYY4,AF-KIHX-ANYY,"Vitrex 10 2280 Grout Finisher, Blue",B0001P15T4,Stax,862225,£0.84,13/01/25,77,77,77,0,,,FALSE,,,,ec226179-0a86-4e35-b65a-e957d32f6cb0
4,JB-RGB6-LZOJ4,JB-RGB6-LZOJ,Loctite 194088 AA 319 Rear View Mirror/Phone/Radio Aerial Bonder Adhesive Glue,B0001P0DLU,Stax,5010266168227,£2.47,13/01/25,36,36,36,0,,,FALSE,,,,989ccb94-9b47-4db8-8ec5-3d079dfa7f64
3,JV-D1TI-6UF63,JV-D1TI-6UF6,Kitchen Devils Lifestyle Peeler Parer Knife 602001,B002HY4YSQ,Stax,5010624437200,£3.96,13/01/25,45,45,45,0,,,FALSE,,,,ccdef8c7-b9d1-43f7-b04d-93b8cb3ff774
2,TK-E7QE-T40G2,TK-E7QE-T40G,Kitchen Devils S8602000 Lifestyle Vegetable Knife,B000FPU2SK,Stax,5010624437194,£3.96,13/01/25,45,45,45,0,,,FALSE,,,,b6c4852a-a0e2-46da-853b-e8b7bca701c9
3,8M-LM6B-F2Q53,8M-LM6B-F2Q5,"Bosch 2608831003 ""SDS Plus-3"" Hammer Drill Bit, 0 V, Grey, 5 x 100 x 160 mm",B00D1V5FPU,Stax,6949509209344,£1.57,13/01/25,10,10,10,0,,,FALSE,,,,5b65718d-95da-412e-8135-3912d70cd9db
3,12-749B-9EB53,12-749B-9EB5,Funko POP! Movies: TCM - Leatherface - Texas Chainsaw Massacre - Collectable Vinyl Figure - Gift Idea - Official Merchandise - Toys for Kids & Adults - Movies Fans - Model Figure for Collectors,B084HZRR8G,ABGee,985 49830,£7.59,21/01/25,8,,,8,,,FALSE,,,,358d9840-5e39-4aff-afb6-3377f08220b3
3,90-0G83-3P0X3,90-0G83-3P0X,"Badger Sleep Balm, Softens Skin whilst Soothing the Mind, For a Blissful Nights Sleep Rub on the Temples or Pulse Points, Lavender and Bergamot Scent with Added Essential Oils, 56g",B0054RRCQY,CLF,BDG11,£7.15,21/01/25,8,8,8,0,10/02/2025,0,FALSE,,,,20b2ac56-c8de-4059-a1c1-cff2cfd503e9
4,AX-NKNU-29C14,AX-NKNU-29C1,Moo Free Choccy Buttons - Dairy Free Vegan Milk Chocolate (25g x 1 bag),B08M52B4M5,CLF,MOO62,£0.61,21/01/25,150,150,150,0,10/02/2025,0,FALSE,,,,23a352c9-c7b2-4c20-8739-54b4cb186150
5,TE-PYY9-E5X85,TE-PYY9-E5X8,"THE HUMBLE CO. - Bamboo Interdental Brushes - SIZE 3 - 0,6 mm - Developed by Dentists - Designed In Sweden - Teeth Cleaning - Vegan & Cruelty-free - Eco-Friendly Packaging - 8p",B07TRJPM5R,CLF,HBH30,£1.66,21/01/25,141,141,141,0,10/02/2025,0,FALSE,,,,3a6ceb0a-deef-4c7d-b6c8-2f57c9771851
3,DC-K5WH-R7F53,DC-K5WH-R7F5,TEPE INTERDENTAL Travel CASE,B0073FT7FY,DHB,TEP068SP,£0.63,21/01/25,300,300,300,0,10/02/2025,0,FALSE,,,,d6aae524-cd81-4504-94db-c60ad02b199d
5,6V-EEC1-2S9Z5,6V-EEC1-2S9Z,3 X Everbuild CYN20 20g General Purpose Industrial Superglue,B06WW79DX5,Sika,484651,£2.07,23/1/24,500,500,500,0,20/01/2025,0,FALSE,,,,2c3c4f21-55bc-4934-aef7-a0bfe4d8477f
4,2T-07RT-8IMX4,2T-07RT-8IMX,Ultra Pro E-15219 Eclipse 9-Pocket PRO-Binder-Jet Black,B07W65T6VT,Bliss Distribution,E-15219,£8.58,27/01/25,12,,,12,,,FALSE,,,,8fc87763-31fe-4686-98a4-da1940552e36
3,EH-ZRT0-U4YM3,EH-ZRT0-U4YM,"Ultra Pro 84516 Standard Pro Matte Card Sleeves 100 Pack, Red",B00WI9YJVW,Bliss Distribution,E-84516,£3.17,27/01/25,35,35,35,0,30/01/2025,0,FALSE,,,,15439863-8392-43ad-858c-0e3db8729ce3
4,93-TB6X-UKTU4,93-TB6X-UKTU,"Piksters Interdental Brushes, Size 00, Pink Handle, 10 Pack",B078K3B7R6,DHB,PIK021,£1.69,27/01/25,50,50,50,0,29/01/2025,0,FALSE,,,,47450b6f-c29c-40f9-b75f-0478abba927b
3,Z7-26PV-O9LR3,Z7-26PV-O9LR,Plaque Glo Plaque Disclosing Toothpaste and Torch System (Tropical),B07J9JGZZV,DHB,PIK065,£4.39,27/01/25,120,120,120,0,29/01/2025,0,FALSE,,,,a5ca1c6d-bd66-4f4b-a716-4dbe7538bfe2
2,E8-MXNZ-4UKU2,E8-MXNZ-4UKU,Ceplac Dental Disclosing Tablets 12,B001E1E9AG,DHB,EN025X,£1.13,27/01/25,40,40,40,0,29/01/2025,0,FALSE,,,,112a44e3-fc71-4ab6-bcc0-45763c6ec532
1,6Q-9G2A-IKVV1,6Q-9G2A-IKVV,Marshalltown The Premier Line GB692 12-Inch by 24-Inch Vinyl Grout Bag with Metal Tip,B000PSB13C,Tool Chimp,MGB692KIT,£7.29,03/02/25,72,72,72,0,05/02/2025,0,FALSE,,,,5d6526dd-ea9e-4bd4-b774-4c4b87491d83
1,03-7TNF-U2A11,03-7TNF-U2A1,Wisdom Clean Between Pro Interdental Brushes Large Purple,B08C34199M,DHB,WIS112,£1.40,3/2/25,30,30,30,0,05/02/2025,0,FALSE,,,,6388f141-9173-42ca-be12-3e5925ef8bcd
1,VZ-MTBC-3AJ61,VZ-MTBC-3AJ6,"Vaseline Intensive Care Advanced Repair Hand Cream, fragrance free, 75ml",B001RYSHFS,DHB,PRO048,£1.11,3/2/25,0,0,0,0,05/02/2025,0,FALSE,,,,8f1a43b0-7f39-4721-85c5-051e3c22396c
2,4U-9ZL6-9G0Y2,4U-9ZL6-9G0Y,"Piksters Wax for Orthodontics and Braces, 2 Count (Pack of 1)",B07C8QSSR2,DHB,PIK054,£1.21,03/02/25,85,85,85,0,05/02/2025,0,FALSE,,,,ef0abd91-881c-454d-a3c8-4ad7d283e24e
5,93-TB6X-UKTU5,93-TB6X-UKTU,"Piksters Interdental Brushes, Size 00, Pink Handle, 10 Pack",B078K3B7R6,DHB,PIK021,£1.69,03/02/25,62,62,62,0,05/02/2025,0,FALSE,,,,a8d51346-fd87-44fc-bee1-19cc1e3db56e
3,MW-9K5M-VKW83,MW-9K5M-VKW8,Casio Gents 43.00mm Quartz Watch with Black Analogue dial and Black Rubber Strap Strap MRW-200H-1BVES,B0073TTHBY,Rashmian,MRW-200H-1BVES,£13.65,2/3/2025,20,20,20,0,05/02/2025,0,FALSE,,,,98d235fa-87b3-4d09-93e4-4a245add3470
2,QD-UWUI-63812,QD-UWUI-6381,Casio Unisex 28.00mm Quartz Watch with LCD Digital dial and Silver Metal Bracelet Strap LA680WEA-7EF,B00DSYVL7Q,Rashmian,LA680WEA-7EF,£16.50,2/3/2025,15,15,15,0,27/02/2025,0,FALSE,,,,1fd4e0d3-a161-4bfc-ae74-2064f0c76644
6,6V-EEC1-2S9Z6,6V-EEC1-2S9Z,3 X Everbuild CYN20 20g General Purpose Industrial Superglue,B06WW79DX5,Sika,484651,£2.07,03/02/25,500,500,500,0,10/02/2025,0,FALSE,,,,16ed839f-8fc6-4606-ab82-33626bda0179
8,A2-T2AC-TW3L8,A2-T2AC-TW3L,Everbuild Industrial Grade Superglue GP 50 g Pack of 3,B006PFN3BW,Sika,484652,£4.14,03/02/25,240,240,240,0,10/02/2025,0,FALSE,,,,2b4a7ea2-1a4a-4dbf-8d19-3ab432029858
1,N4-5C3G-RJS11,N4-5C3G-RJS1,Draper 79579 230mm Spirit Level,B000MQ663C,Stax,124720,£2.93,03/02/25,0,0,0,0,10/02/2025,0,TRUE,,,,0c92205a-4426-4c12-82f9-b13ede7a5458
1,D9-42IB-HEVC1,D9-42IB-HEVC,"Zyliss E920250 Comfort Spreading Knife, Japanese Stainless Steel, Black/White, Butter Knife/Butter Spreader/Cheese Spreader, Dishwasher Safe",B088HZB5S3,Stax,121782,£3.34,03/02/25,0,0,0,0,10/02/2025,0,TRUE,,,,bb9462b8-5392-4480-8569-64f4aaa97b3c
1,LX-K206-ENZX1,LX-K206-ENZX,The Big Cheese Ultra Power Anti Rodent Laquer - 500ml Dual Action Aerosol,B0CGVDXC9C,Stax,118744,£3.92,03/02/25,6,6,6,0,17/02/2025,0,TRUE,,,,b4c13ee3-3ee7-4a21-b575-9bf9f1b8f898
1,X1-68KO-184Y1,X1-68KO-184Y,"WAGNER Control Pro Nozzle Extension for high Walls, Ceilings and Floors, accessory for WAGNER paint spraying systems ControlPro, 60 cm",B07P29MP2G,Stax,102272,£46.00,03/02/25,0,0,0,0,10/02/2025,0,TRUE,,,,365fcce2-5b45-4f37-8cb7-cee77c26cb81
1,5M-QO6K-LNH01,5M-QO6K-LNH0,"Easycook NS613R Easy Cook Polly Carbonate Non-Staining Microwave Sauce Pan and Lid, Red",B00ANP09LM,Stax,312496,£2.36,03/02/25,12,12,12,0,10/02/2025,0,TRUE,,,,083fdf02-1bcb-44f0-828e-99703a5030d3
1,8L-INBX-OUTU1,8L-INBX-OUTU,"Easy Cook NS606R Microwave Egg Poacher, red, 2 cup",B016Y8SWZQ,Stax,312497,£2.43,03/02/25,1,1,1,0,10/02/2025,0,TRUE,,,,ffc0dc73-18cd-44d8-938a-b5a22f5ed22d
1,6Z-8POQ-K5XH1,6Z-8POQ-K5XH,Easycook Microwave Saucepan with Lid 0.9lt RED,B00ANOXX9I,Stax,312494,£2.85,03/02/25,5,5,5,0,10/02/2025,0,TRUE,,,,949be5bc-375d-4427-b91a-649bd933a9af
1,D2-8SPY-Q0951,D2-8SPY-Q095,"Fackelmann OPAL Skimmer, Straining Spoon, Frying Strainer, Fine Mesh, Medium Spider Ladle Stainless Steel, 37.5x12x5.5cm, Silver",B0052VXJGO,Stax,312457,£2.42,03/02/25,12,12,12,0,10/02/2025,0,TRUE,,,,3ac0bd7e-bc5e-44bd-99f9-7acccea10b1f
1,NX-YY01-TLFO1,NX-YY01-TLFO,"Masterplug ELS132B-01 Permaplug Two Socket Trailing Socket, without Plug and Cable, 13 Amp, Black",B004TRSSIQ,Stax,782519,£1.61,03/02/25,15,15,15,0,10/02/2025,0,TRUE,,,,4e69d059-50e6-49c7-b59b-da778f5a1282
1,3A-T942-KVZH1,3A-T942-KVZH,"Eveready ER2D16W2P 16W 2 PIN Energy Saver 2D LAMP, 16 W, Warm",B002KGLYLG,Stax,568080,£1.61,03/02/25,0,0,0,0,,,TRUE,,,,5a676783-a06d-41f7-8313-8e8807e4c51d
1,7C-7V6B-QQZL1,7C-7V6B-QQZL,Kitchen Devils Control 7cm Paring Knife 603001,B003M36498,Stax,407720,£4.94,03/02/25,20,20,20,0,10/02/2025,0,TRUE,,,,9bf1560b-b912-4075-bf7b-838fc619fee2
1,G9-GAEI-FQI31,G9-GAEI-FQI3,Town & Country TGL200M Master Gardener Green Ladies Gloves Medium,B0001IWI10,Stax,757126,£3.13,03/02/25,12,12,12,0,10/02/2025,0,TRUE,,,,9184ee92-9073-42cc-9c21-005e26224834
1,RW-AZK6-O4M21,RW-AZK6-O4M2,"Chef Aid Cocktail Sticks, Pack of 200 Stick perfect for Buffets and Cocktails use, The Skewer design helps hold sweet and savoury foods, Each cocktails stick measures 8 cm",B00F4LA0K0,Stax,417440,£0.52,03/02/25,36,36,36,0,10/02/2025,0,TRUE,,,,ca3d34b9-ba66-4458-8ddb-be642174a0d2
1,HS-R5IP-7E1C1,HS-R5IP-7E1C,SupaDec Sugar Soap 500ml,B00LXM3PGK,Stax,590856,£0.99,03/02/25,12,12,12,0,10/02/2025,0,TRUE,,,,0d468b1b-8c54-42b8-9284-d019a6a0a5c4
5,AF-KIHX-ANYY5,AF-KIHX-ANYY,"Vitrex 10 2280 Grout Finisher, Blue",B0001P15T4,Stax,862225,£0.84,03/02/25,70,70,70,0,10/02/2025,0,FALSE,,,,34c8a527-3051-470e-9883-699f7767ed94
2,6L-LO0H-2WGF2,6L-LO0H-2WGF,"Make It Real – Fashion Design Sketchbook: Blooming Creativity. Inspirational Fashion Design Coloring Book for Girls. includes Sketchbook, Stencils, Puffy Stickers, Foil Stickers, and Design Guide",B06XG8519L,ABGee,198 3202,£3.33,03/02/25,10,,,10,,,FALSE,,,,28b41eb8-7e95-4935-958b-e0baf7363c35
2,XH-OMMJ-C7MT2,XH-OMMJ-C7MT,"Ravensburger Bluey 35 Piece Jigsaw Puzzle for Kids Age 3 Years Up - Educational Toddler Toys, 26,4 x 18,1 x 0,2 cm",B096BPSDRZ,ABGee,542 5224,£2.45,03/02/25,15,15,15,0,21/03/2025,0,FALSE,,,,f8c0129f-ef03-402d-9617-4520ddc7ccde
1,9D-PMDG-ALP41,9D-PMDG-ALP4,"Ultra Pro 330485 Standard Sleeves, Clear",B005BFZAK4,Bliss Distribution,E-82689,£2.80,03/02/25,12,12,12,0,20/02/2025,0,FALSE,,,,3b507609-184f-4e0b-ae9b-a2b3c559f9e0
1,M1-UFU0-V1X31,M1-UFU0-V1X3,Dragon Shield Sleeves – Dragon Shield Matte: Forest Green 100 CT - MTG Card Sleeves are Smooth & Tough - Compatible with Pokemon & Magic The Gathering Cards,B0C18VY3LL,Bliss Distribution,AT-11056,£4.31,03/02/25,50,50,50,0,10/02/2025,0,FALSE,,,,7aa554eb-dada-4d22-b6b3-21d144d66d74
3,RB-82FL-T88J3,RB-82FL-T88J,"Lexibook, Disney, Stitch Nightlight alarm clock, Sounds and Melodies, LCD Backlit screen, Luminous, Snooze, Blue, One size",B0CJ8TNZ67,Rashmian,RL800D,£14.50,2/3/2025,15,15,15,0,03/03/2025,0,FALSE,,,,5b46d8a2-d76a-4c02-9df6-2e55d6f01324
3,M5-71MK-T0DL3,M5-71MK-T0DL,Arcane Tinmen Dragon Shield Sleeves – Matte: Blood Red 100CT - MTG Card Sleeves are Smooth & Tough - Compatible with Pokemon & Magic The Gathering Card Sleeves (AT-11050),B0B337ZY41,Bliss Distribution,AT-11050,£4.32,5/2/25,100,100,100,0,10/02/2025,0,FALSE,,,,69dd22ae-c3f3-46c8-8162-366273aabd3a
3,E8-MXNZ-4UKU3,E8-MXNZ-4UKU,Ceplac Dental Disclosing Tablets 12,B001E1E9AG,DHB,EN025X,£1.13,06/02/25,300,300,300,0,10/02/2025,0,FALSE,,,,b59109c3-1996-4a3e-b6ba-fe89e7bc0a9d
4,VF-3T0K-DR5O4,VF-3T0K-DR5O,"TePe EasyPick Toothpicks, Purple, ISO XL, 36pcs, Plaque Remover, efficient Clean Between The Teeth, Durable Dental Picks for Wide Gaps, Travel case Included",B08KFFY86W,DHB,TEP484,£2.05,6/2/25,400,400,400,0,10/02/2025,0,FALSE,,,,14857c11-680f-4915-836e-d7b678be7ab1
4,MW-9K5M-VKW84,MW-9K5M-VKW8,Casio Gents 43.00mm Quartz Watch with Black Analogue dial and Black Rubber Strap Strap MRW-200H-1BVES,B0073TTHBY,Rashmian,MRW-200H-1BVES,£13.65,2/7/2025,30,30,30,0,11/02/2025,0,FALSE,,,,4e41ba01-2f18-4fba-a87f-ce2174daf81d
1,TA-HQMF-9SUB1,TA-HQMF-9SUB,Ravenhead 0041.625 Entertain Set of 2 Highly Transparent 29.5 cl Margarita Glasses,B074JHRC6J,Stax,366045,£2.79,03/02/25,1,1,1,0,10/02/2025,0,FALSE,,,,100dc3fe-3381-4e42-bc1f-66be420c56ac
3,7L-OT45-7LYB3,7L-OT45-7LYB,"Yale YES-CYLPULL-CH Essentials Rim Cylinder Door Pull, Great for External Doors, for Easy Door Closing, Chrome Finish",B01NBDFDBC,Stax,5011802251854,£1.13,03/02/25,20,20,20,0,10/02/2025,0,FALSE,,,,a72b9a4c-8f1f-46ef-af1f-75075bf29536
1,3C-5W5L-CT0T1,3C-5W5L-CT0T,Yu-Gi-Oh! Speed Duel: Streets of Battle City,B0BZQCZYN7,Bliss Distribution,SBC1,£14.00,10/2/25,5,5,5,0,14/02/2025,0,TRUE,,,,afd68db5-d28d-4536-9ba8-a60887586f25
1,Y0-Q6YF-SIEG1,Y0-Q6YF-SIEG,YU-GI-OH! Quarter Century Bonanza Display (24),B0D9KZGL4H,Bliss Distribution,QUBO,£61.90,10/2/25,6,6,6,0,14/02/2025,0,TRUE,,,,f6270c29-e5df-4f16-a9c6-1ed730d54ad4
1,YO-EKK2-FRCC1,YO-EKK2-FRCC,"SPLAT Biocalcium Toothpaste, 100 ml",B00BWU7MNU,CLF,SPLT28,£2.38,10/2/25,0,0,0,0,14/02/2025,0,TRUE,,,,9da15009-88cb-45f5-b3b2-8e101c3047c4
1,LR-Q5V9-S4GK1,LR-Q5V9-S4GK,"ATTITUDE Plastic-free Lip Balm, EWG Verified Plant- and Mineral-Based Ingredients, Vegan, Coconut, 8.5 g",B09P244SML,CLF,ATE72,£2.50,10/2/25,24,24,24,0,12/02/2025,0,TRUE,,,,51f4c59d-0000-4cec-85e7-860caeddbbd7
1,D3-QTSY-BCV51,D3-QTSY-BCV5,"ATTITUDE Plastic-free Lip Balm, EWG Verified Plant- and Mineral-Based Ingredients, Vegan, Unscented, 8.5 g",B09P24SGN5,CLF,ATE71,£2.50,10/2/25,18,18,18,0,12/02/2025,0,TRUE,,,,45585677-7c21-4058-9549-77ce0da863ac
1,RS-NSGK-AN7M1,RS-NSGK-AN7M,"ATTITUDE Plastic-free Lip Balm, EWG Verified Plant- and Mineral-Based Ingredients, Vegan, Unscented, 8.5 g",B09P24GP9M,CLF,ATE74,£2.50,10/2/25,14,14,14,0,12/02/2025,0,TRUE,,,,a4a45eea-08fa-4bd8-bf95-0779b1a7a90e
3,PZ-X5VL-NVBR3,PZ-X5VL-NVBR,Tiptree Green Gooseberry Conserve 340g,B000I4OEVO,CLF,TIP-05011,£2.76,10/02/25,20,20,20,0,12/02/2025,0,FALSE,,,,4cb5a668-45f0-4c24-b85c-50e7b499e233
3,7H-7G2P-ONWJ3,7H-7G2P-ONWJ,OceanSaver Anti-Bac Cleaning EcoDrop | Anti-Bacterial Multipurpose Cleaning Spray | Ocean Mist | Eco Friendly Cleaning (1 Pack),B081Q9CFGC,CLF,OCN6,£0.88,10/02/25,52,52,52,0,12/02/2025,0,FALSE,,,,0a5d3055-281b-4474-9393-9e1760171274
3,D1-LSS7-93U83,D1-LSS7-93U8,RAWGANIC Pure Cleansing Refreshing Facial Wipes with Aloe Vera and Green Tea | Gentle Soothing Biodegradable Makeup Removal Organic Cotton Wipes | 1 Pack (25 wipes in total),B003SYNGE2,CLF,RO-0717,£2.01,10/02/25,84,84,84,0,12/02/2025,0,FALSE,,,,e4c5b38b-0437-458f-9884-685f4a69da6f
3,GD-B8SW-1PCP3,GD-B8SW-1PCP,"OM SYSTEM VN-541 PC (Successor Olympus VN-541 PC) Digital Voice Recorder with Omnidirectional Microphone, One-Touch Recording, Noise Cancellation & 4 GB Memory",B0D2Y4NPKZ,Rashmian,VN541PC,£28.75,3/4/2025,15,15,15,0,05/03/2025,0,FALSE,,,,ddbd2190-da4e-4ccf-b949-321a2742fa35
3,D7-MGBX-RX2P3,D7-MGBX-RX2P,"Ultra Pro 81181 3"" x 4"" Clear Thick 55PT Toploaders (25ct)",B001Q77TI2,Bliss Distribution,E-81181,£2.79,11/02/25,45,45,45,0,10/03/2025,0,FALSE,,,,c7bddbed-ec4c-422a-bb85-7a3603231b4f
7,6V-EEC1-2S9Z7,6V-EEC1-2S9Z,3 X Everbuild CYN20 20g General Purpose Industrial Superglue,B06WW79DX5,Sika,484651,£2.07,11/02/25,500,500,500,0,03/03/2025,0,FALSE,,,,b699c26b-c111-4d4a-b4d3-01f1a74eff5f
9,A2-T2AC-TW3L9,A2-T2AC-TW3L,Everbuild Industrial Grade Superglue GP 50 g Pack of 3,B006PFN3BW,Sika,484652,£4.14,11/02/25,120,120,120,0,14/02/2025,0,FALSE,,,,9e44e056-7568-45c0-95ae-f7a94c437b90
1,FY-L1AO-4YOT1,FY-L1AO-4YOT,"OtterBox React Folio Case for iPad Pro 13"" M4 (2024), Shockproof, Drop proof, Ultra-Slim Protective Folio Case, Tested to Military Standard, Black",B0DHDCNX48,TD Synnex,77-95360,£13.34,11/02/25,0,0,0,0,06/06/2025,0,TRUE,,,,02215ca5-8434-4809-b4fc-ab89fee55cbd
1,ZP-F5C8-7ZCG1,ZP-F5C8-7ZCG,"Tapo Smart Bulb, Smart Wi-Fi LED Light, B22, 8.7W, Energy saving, Works with Amazon Alexa and Google Home, Dimmable Soft Warm White, No Hub Required - Tapo L510B(4-pack) [Energy Class F]",B0B7TMCPK1,TD Synnex,TAPO L510B(4-PACK),£27.75,11/02/25,0,0,0,0,17/02/2025,0,TRUE,,,,baa562d6-49f9-4491-bcd1-69006cc6dc86
1,KJ-T17P-5CVS1,KJ-T17P-5CVS,"Mayfair Pagan Perfume for Women Perfume, 3 ml",B001BB2474,Knights Fragrances,PAG93,£15.61,15/02/25,0,0,0,0,15/02/2025,0,TRUE,,,,fb70cfa2-6a39-4c2b-93b3-433bc02b70a4
1,UR-Q7TM-1F3I1,UR-Q7TM-1F3I,Funko Pop! Movies: Bride Of Chucky - Tiffany Valentine-Ray - 1/6 Odds for Rare Chase Variant - Collectable Vinyl Figure - Gift Idea - Official Merchandise - Toys for Kids & Adults - Horror Fans,B072YZPBJ3,ABGee,985 20117,£7.59,15/02/25,6,6,6,0,03/03/2025,0,TRUE,,,,442031c7-4a2a-454e-aa64-af4b8d6d16d6
1,CA-JM6T-ZXP61,CA-JM6T-ZXP6,"Squish-a-longs by Original Squishmallows 25 Pack - Series 1 - (25) 1” Mini-Squish with 5 Accessories, Ring, and Collector’s Guide - Collect, Trade, & Play",B0CMY2G83J,ABGee,888 SQAL0033,£14.58,15/02/25,8,8,8,0,20/03/2025,0,TRUE,,,,9cdb4618-1445-4008-9714-d9d88db8d1ce
1,H6-E7MP-EBPD1,H6-E7MP-EBPD,"BRIO 33344 Mechanical Switches Wooden Train Track for Kids Age 3 Years Up - Compatible with all BRIO Railway Sets & Accessories, Multicoloured",B00000IU72,ABGee,542 33344,£8.45,15/02/25,15,15,15,0,03/03/2025,0,TRUE,,,,3566c8e2-33da-429e-8f56-15545b0b847b
1,IZ-8NZ9-VXR21,IZ-8NZ9-VXR2,"Baby Annabell Lunch Time Trickbottle, Pink",B08XLT86GL,ABGee,515 706404,£3.80,15/02/25,8,8,8,0,20/03/2025,0,TRUE,,,,34db5135-e7d7-4758-b0b9-19d4a2e05666
1,9H-K7TV-V6NU1,9H-K7TV-V6NU,"NUK First Choice+ Size 2 Latex Teats, Medium 6-18 months, 2ea",B014G545T6,Murrays Health and Beauty,,£2.97,17/2/25,12,12,12,0,21/02/2025,0,TRUE,,,,3471abe5-8f64-43a0-8cdc-d95196383597
1,P4-XF7W-GMJA1,P4-XF7W-GMJA,Eylure Volume & Curl 3.4 Length No.125,B0CD8DY9LF,Murrays Health and Beauty,,£3.21,17/2/25,12,12,12,0,21/02/2025,0,TRUE,,,,9954f038-5d1d-44d5-b503-abd88b55670b
1,L7-ZGYU-IWOW1,L7-ZGYU-IWOW,"NUK First Choice+ Baby Bottle Teat, 0-6 Months, Latex with Medium Feed Hole, Anti-Colic, 2 Count",B0013NFOS6,Murrays Health and Beauty,NK701236SP,£2.97,17/2/25,0,0,0,0,21/02/2025,0,TRUE,,,,a21b04ee-541a-4014-af85-163c4e4af62a
1,XN-OF53-7WRU1,XN-OF53-7WRU,Marvis Amarelli Licorice Toothpaste - 25 ml,B0084CNKAI,Murrays Health and Beauty,MT411134,£2.41,17/2/25,12,12,12,0,21/02/2025,0,TRUE,,,,78e137fa-19d1-463f-9dad-98b23d44a324
3,WX-L5UA-UB1Q3,WX-L5UA-UB1Q,"HG Stain Away 7 Rusty Mark Remover, 50 ml",B007R2ICTK,Stax,87298406,£1.77,17/02/25,400,400,400,0,15/03/2025,0,FALSE,,,,bda3cb76-4448-4643-bfa4-a21598751de3
5,JB-RGB6-LZOJ5,JB-RGB6-LZOJ,Loctite 194088 AA 319 Rear View Mirror/Phone/Radio Aerial Bonder Adhesive Glue,B0001P0DLU,Stax,5010266168227,£2.47,17/02/25,24,24,24,0,21/02/2025,0,FALSE,,,,d1cd94ee-f89a-4d7f-a646-38faba306f94
3,TK-E7QE-T40G3,TK-E7QE-T40G,Kitchen Devils S8602000 Lifestyle Vegetable Knife,B000FPU2SK,Stax,5010624437194,£3.80,17/02/25,300,300,300,0,21/02/2025,0,FALSE,,,,16c63ab5-0904-428e-a108-f6252deb8f9e
3,GK-YI4S-C1583,GK-YI4S-C158,"Fackelmann Sieve 15cm⌀, Strainer, Fine Mesh, Stainless Steel, 15x20x32.5cm, Silver",B0009JJZ8A,Stax,4008033424400,£2.58,17/02/25,10,10,10,0,21/02/2025,0,FALSE,,,,bd7bab04-baf0-4e72-bd8d-72ba9e2b7e4c
3,EA-FZ2V-D7II3,EA-FZ2V-D7II,"Bosch 2608831019 ""SDS Plus-3"" Hammer Drill Bit, 0 V, Grey, 8 x 100 x 160 mm",B00D1V5NWK,Stax,6949509209504,£1.83,17/02/25,10,10,10,0,21/02/2025,0,FALSE,,,,7ae2fde0-86b3-40fa-9361-c8890e5f9114
2,N4-5C3G-RJS12,N4-5C3G-RJS1,Draper 79579 230mm Spirit Level,B000MQ663C,Stax,124720,£2.93,17/02/25,10,10,10,0,21/02/2025,0,FALSE,,,,01fbf01d-7deb-4aac-b228-405c6d3981fa
2,TA-HQMF-9SUB2,TA-HQMF-9SUB,Ravenhead 0041.625 Entertain Set of 2 Highly Transparent 29.5 cl Margarita Glasses,B074JHRC6J,Stax,366045,£2.79,17/02/25,5,5,5,0,21/02/2025,0,FALSE,,,,3180432d-3820-4141-a5e1-bd5c19dcab4f
6,IB-U5FA-BO2Y6,IB-U5FA-BO2Y,"OtterBox Symmetry Folio Case for iPad Pro 11"" (2024), Shockproof, Drop proof, Slim Protective Folio Case, Tested to Military Standard, Black",B0D3JC45CK,TD Synnex,77-95257,£19.52,17/02/25,11,11,11,0,10/03/2025,0,FALSE,,,,ecd610bf-c5cf-439c-8923-2a467e646854
1,3E-62Y1-WPYU1,3E-62Y1-WPYU,ECO CHIC Lightweight Foldable Reusable Shopping Bag Water Resistant Tote Bag,B0DN6KL887,Jones Wholesale,505534,£2.96,20/2/24,4,4,4,0,27/02/2025,0,TRUE,,,,8fadb2fa-e970-4d54-8bec-fa81b253c071
1,YJ-WD59-WWA21,YJ-WD59-WWA2,"Addis 513881 Essentials Wooden Outdoor Complete Broom with Metal Handle, Natural/ Black, 27.5 cm",B071X4RKYL,Jones Wholesale,456390,£3.05,20/2/24,6,6,6,0,27/02/2025,0,TRUE,,,,19be0182-3267-4458-a8c0-344469d000fa
1,XX-ISP6-LTOY1,XX-ISP6-LTOY,"Ravenhead Entertain Glass Espresso Cup and Saucer, Set of 2, 8cl",B00J4S83HQ,Jones Wholesale,449066,£2.33,20/2/24,3,3,3,0,,,TRUE,,,,e9d70bcf-5e41-4973-853d-2d2ef754f60b
1,QP-BCUW-E90M1,QP-BCUW-E90M,"Thermos Stainless King Red Travel Mug (470ml), Reusable Insulated Stainless Steel Coffee Cup for Hot or Cold Drinks, Vacuum Sealed Water Flask with a Leak-Proof Lid, 7hr Hot/18hr",B00O5NEUAY,Jones Wholesale,446271,£13.76,20/2/24,21,21,21,0,,,TRUE,,,,10059f77-e2c4-42e2-a1ff-a45fd7e4a24a
1,2G-AYBQ-TUQG1,2G-AYBQ-TUQG,"Zyliss E46145 Strongboy 2 Jar Opener, Plastic/Metal, White, Adjustable Grip to Open Opens Jar/Bottle Lids/Caps",B002KFZKZ8,Jones Wholesale,416645,£8.27,20/2/24,6,6,6,0,,,TRUE,,,,88446a6c-119f-4b4b-a520-8e85867fa09d
1,8R-0UT9-SEOY1,8R-0UT9-SEOY,"Lock & Lock HPL836 Rectangular Storage Container - Clear/Blue, 5.5 L",B0000AN4CV,Jones Wholesale,229237,£6.56,20/2/24,24,24,24,0,27/02/2025,0,TRUE,,,,7921d564-7cbb-456a-b2b2-01406012f6dc
3,SZ-UL4K-SE7W3,SZ-UL4K-SE7W,Ultra Pro Comic Bags (100-Piece),B002QGAF8S,Bliss Distribution,E-82225,£3.17,24/02/25,30,30,30,0,10/03/2025,0,FALSE,,,,8c443dc6-5312-4726-9e3a-1db403c1f133
2,ON-XPCR-TAZW2,ON-XPCR-TAZW,Ultimate Guard Katana Inner Sleeves Standard Size Transparent (100),B0BHCWWGKS,Bliss Distribution,UGD011337,£3.17,24/02/25,10,10,10,0,27/02/2025,0,FALSE,,,,2a124871-c827-4877-bddb-262443e4548c
2,JY-781R-EYHZ2,JY-781R-EYHZ,"Ultra Pro-Fit Sleeves Card Cases, Transparent Color, Miscellaneous (82712)",B005HXLH3O,Bliss Distribution,E-82712,£1.29,24/02/25,100,100,100,0,15/03/2025,0,FALSE,,,,c5e672a8-2389-40f7-a8fb-f0644c5c0fd5
1,8U-QPFH-3EKQ1,8U-QPFH-3EKQ,"Curaprox PerioPlus+ Focus Gel, 10ml - Oral Gel for Gum Disease Treatment & Enamel Repair.",B07T9WVBZ2,DHB,CUR204,£2.90,24/02/25,0,0,0,0,27/02/2025,0,TRUE,,,,9e3157a6-7486-41fa-b99a-70174336be01
7,M5-EOFN-2WPJ7,M5-EOFN-2WPJ,"The Humble Co. Plant Based Floss Picks | Charcoal | Eco-Friendly, Vegan for Your Everyday Oral Care - Dentist Approved - Removes Plaque and Gives a Fresh Feel (1 x 50p)",B07RBWJ6W8,DHB,HUM028,£1.54,24/02/25,0,0,0,0,27/02/2025,0,FALSE,,,,94d33fb4-c9ac-4cd5-9bf6-ca2e3fc445d6
4,Z7-26PV-O9LR4,Z7-26PV-O9LR,Plaque Glo Plaque Disclosing Toothpaste and Torch System (Tropical),B07J9JGZZV,DHB,PIK065,£4.39,24/02/25,50,50,50,0,27/02/2025,0,FALSE,,,,ed5844fd-cddf-430e-b3c3-d03d40357bf1
4,DC-K5WH-R7F54,DC-K5WH-R7F5,TEPE INTERDENTAL Travel CASE,B0073FT7FY,DHB,TEP068SP,£0.63,24/02/25,80,80,80,0,27/02/2025,0,FALSE,,,,3745d10e-1e23-481a-aec8-f0de0684978f
2,C5-V0VF-ZQAV2,C5-V0VF-ZQAV,"TePe Good Compact Toothbrush, Soft, Assorted Colours, 1pc, Soft Toothbrush for Adults, Sustainable Toothbrush",B0853KGR7X,DHB,TEP084,£1.08,24/02/25,10,10,10,0,27/02/2025,0,FALSE,,,,61a45e81-2449-4168-b885-5dcd63d821de
2,03-7TNF-U2A12,03-7TNF-U2A1,Wisdom Clean Between Pro Interdental Brushes Large Purple,B08C34199M,DHB,WIS112,£1.40,24/02/25,10,10,10,0,27/02/2025,0,FALSE,,,,2619d4a8-8557-4ba3-b758-90a8130d1f74
10,A2-T2AC-TW3L10,A2-T2AC-TW3L,Everbuild Industrial Grade Superglue GP 50 g Pack of 3,B006PFN3BW,Sika,484652,£4.29,24/02/25,204,204,204,0,03/03/2025,0,FALSE,,,,e85fd580-2c8c-4555-b407-8f6aa9efb9fa
3,PE-G94Y-4PYO3,PE-G94Y-4PYO,2 X Everbuild CYN50 Industrial Superglue General Purpose 50 g,B011SEA38A,Sika,484652,£2.86,24/02/25,24,24,24,0,03/03/2025,0,FALSE,,,,86a4bd5e-7494-44e1-9bb7-8ce00c6974a4
6,AF-KIHX-ANYY6,AF-KIHX-ANYY,"Vitrex 10 2280 Grout Finisher, Blue",B0001P15T4,Stax,862225,£0.84,24/02/25,110,110,110,0,15/03/2025,0,FALSE,,,,7dbae589-aaf5-4085-9a9c-3d1db145cf3e
3,US-AK96-YFSB3,US-AK96-YFSB,"Fackelmann OPAL Hand Grater, Fine Lemon & Lime Zester, Chocolate & Parmesan Grater, Sharp Durable Grating Blade, Stainless Steel, 24x5.5x1.5cm, Silver",B002DPGTF0,Stax,714760,£1.25,24/02/25,15,15,15,0,15/03/2025,0,FALSE,,,,015768aa-f91a-492b-ad27-434e43d8f2ca
2,5M-QO6K-LNH02,5M-QO6K-LNH0,"Easycook NS613R Easy Cook Polly Carbonate Non-Staining Microwave Sauce Pan and Lid, Red",B00ANP09LM,Stax,312496,£2.36,24/02/25,0,0,0,0,15/03/2025,0,FALSE,,,,73cc7bba-2ba4-411c-a9f4-431c1706942c
2,NX-YY01-TLFO2,NX-YY01-TLFO,"Masterplug ELS132B-01 Permaplug Two Socket Trailing Socket, without Plug and Cable, 13 Amp, Black",B004TRSSIQ,Stax,782519,£1.61,24/02/25,30,30,30,0,15/03/2025,0,FALSE,,,,f1d67628-dcc6-4851-a6b8-23088bc62b9f
2,7C-7V6B-QQZL2,7C-7V6B-QQZL,Kitchen Devils Control 7cm Paring Knife 603001,B003M36498,Stax,407720,£4.99,24/02/25,25,25,25,0,15/03/2025,0,FALSE,,,,d538edb6-e0b8-4b22-a013-82a98be6e30c
2,HS-R5IP-7E1C2,HS-R5IP-7E1C,SupaDec Sugar Soap 500ml,B00LXM3PGK,Stax,590856,£0.99,24/02/25,12,12,12,0,15/03/2025,0,FALSE,,,,15aeec76-3223-4310-9910-62c875140e65
1,7C-MBEY-QA371,7C-MBEY-QA37,Ultimate Guard Katana Inner Sleeves Standard Size Transparent (100),B0BHCWWGKS,Heo,UGD011356,£2.91,4/3/25,0,0,0,0,,,TRUE,,,,aca3460e-5556-4774-b078-3da6e1916de0
1,WJ-YHKC-EES51,WJ-YHKC-EES5,Harry Potter - Tattoos (Temporary) - Set of 35 Styles - Official - Cinereplicas,B07CN7NRF7,Heo,HPE560165,£2.09,4/3/25,0,0,0,0,27/03/2025,0,TRUE,,,,1e753661-0672-41f7-8bab-91d9c3bbe319
5,MW-9K5M-VKW85,MW-9K5M-VKW8,Casio Gents 43.00mm Quartz Watch with Black Analogue dial and Black Rubber Strap Strap MRW-200H-1BVES,B0073TTHBY,Rashmian,MRW-200H-1BVES,£13.65,3/4/2025,41,41,41,0,05/03/2025,0,FALSE,,,,6a36f1e5-8b13-4aaa-b0ff-73dc17974ada
4,OV-LVEL-DQL64,OV-LVEL-DQL6,"Lexibook, Paw Patrol, Mini Cordless Bedside Lamp and Nightlight, Blue, MLT10PA",B08W25WKTN,Rashmian,MLT10PA,£6.95,3/4/2025,12,12,12,0,05/03/2025,0,FALSE,,,,77b6ee38-bb85-435b-aff0-ec4e74c35798
6,EE-KTDC-KCFY6,EE-KTDC-KCFY,Crucial USB Adapter USB-C to USB-A CTUSBCFUSBAMAD,B08FSDMVNP,TD Synnex,6302977,£3.46,04/03/25,48,48,48,0,31/03/2025,0,FALSE,,,,53a7da7f-07f6-4207-b46f-11839d8521b1
5,PH-M7S4-05R55,PH-M7S4-05R5,"OtterBox Symmetry Folio Case for iPad Air 11"" (2024) & iPad Air 10.9"" (2022/2020), Shockproof, Drop proof, Slim Protective Folio Case, Tested to Military Standard, Blue",B0D3JCMSF5,TD Synnex,10290405,£19.49,04/03/25,12,12,12,0,05/03/2025,0,FALSE,,,,40af1b0a-fa18-4210-9d61-f166df84b8ae
4,3Z-45IC-N1H44,3Z-45IC-N1H4,The Army Painter | Basing Glue,B07QPB3T1J,Bliss Distribution,GL2013,£2.34,04/03/25,120,120,120,0,25/03/2025,0,FALSE,,,,e4adc7fd-e109-4303-9567-e8297c817a73
3,4F-HT42-FD263,4F-HT42-FD26,100 Ultra Pro Card Protector Sleeves: Pro-Matte - 66 x 91 mm,B010E25DI2,Bliss Distribution,E-84517,£3.38,04/03/25,80,80,80,0,11/03/2025,0,FALSE,,,,5430f993-5922-46b8-9661-7c21049a53e2
2,9D-PMDG-ALP42,9D-PMDG-ALP4,"Ultra Pro 330485 Standard Sleeves, Clear",B005BFZAK4,Bliss Distribution,E-82689,£3.00,04/03/25,30,30,30,0,,0,FALSE,,,,8d3a4e84-6876-475c-a1a3-87a3950f3afd
4,MU-717K-DELS4,MU-717K-DELS,"Ultra Pro 3"" x 4"" Clear Regular Top Loaders For Cards With Card Sleeves Bundle Standard Size 100ct Baseball Card Sleeves Trading Card Sleeve Baseball Card Protectors Toploader Card Protectors",B076V4V2QQ,Bliss Distribution,E-83648,£6.14,04/03/25,20,20,20,0,15/03/2025,0,FALSE,,,,8ed42e62-612f-44da-918c-fd24f739a205
2,3C-5W5L-CT0T2,3C-5W5L-CT0T,Yu-Gi-Oh! Speed Duel: Streets of Battle City,B0BZQCZYN7,Bliss Distribution,SBC1,£13.50,04/03/25,6,6,6,0,13/03/2025,0,FALSE,,,,946fd7ce-1659-448b-812b-0e5b35a9f06d
2,Y0-Q6YF-SIEG2,Y0-Q6YF-SIEG,YU-GI-OH! Quarter Century Bonanza Display (24),B0D9KZGL4H,Bliss Distribution,QUBO,£63.25,04/03/25,12,12,12,0,11/03/2025,0,FALSE,,,,46a9e914-f2b6-41e0-a482-1cfa56ad956c
3,4U-9ZL6-9G0Y3,4U-9ZL6-9G0Y,"Piksters Wax for Orthodontics and Braces, 2 Count (Pack of 1)",B07C8QSSR2,DHB,PIK054,£1.24,04/03/25,60,60,60,0,13/03/2025,0,FALSE,,,,294dc86a-582c-4eb4-917f-d4a60032ef87
8,M5-EOFN-2WPJ8,M5-EOFN-2WPJ,"The Humble Co. Plant Based Floss Picks | Charcoal | Eco-Friendly, Vegan for Your Everyday Oral Care - Dentist Approved - Removes Plaque and Gives a Fresh Feel (1 x 50p)",B07RBWJ6W8,DHB,HUM028,£1.54,04/03/25,0,0,0,0,05/03/2025,0,FALSE,,,,e09087d1-b467-484d-b211-2458a1a8de7c
4,XH-0LAE-FQO54,XH-0LAE-FQO5,"Curaprox CS 1006 Interdental Toothbrush, Assorted Colour. Manual Single Tuft Interdental Brush Ultra-Fine CUREN® Filaments",B00AOES9GE,DHB,CUR035X,£2.96,04/03/25,200,200,200,0,13/03/2025,0,FALSE,,,,53c02ca5-8962-4897-a304-4d1a40339593
4,E8-MXNZ-4UKU4,E8-MXNZ-4UKU,Ceplac Dental Disclosing Tablets 12,B001E1E9AG,DHB,EN025X,£1.26,04/03/25,0,0,0,0,,,FALSE,,,,59b7ded8-786f-4d26-b9b1-eda1790d3759
5,DC-K5WH-R7F55,DC-K5WH-R7F5,TEPE INTERDENTAL Travel CASE,B0073FT7FY,DHB,TEP068SP,£0.64,04/03/25,140,140,140,0,13/03/2025,0,FALSE,,,,8f36b0b1-6a93-42e5-bc61-98f253ad613c
2,8U-QPFH-3EKQ2,8U-QPFH-3EKQ,"Curaprox PerioPlus+ Focus Gel, 10ml - Oral Gel for Gum Disease Treatment & Enamel Repair.",B07T9WVBZ2,DHB,CUR204,£2.93,04/03/25,10,10,10,0,13/03/2025,0,TRUE,,,,f94ea897-c234-4759-a7d8-0a593a782ee9
1,5H-EJ59-AZPA1,5H-EJ59-AZPA,"TEPE ANGLE YELLOW BLISTER, 6 pc",B004ZMXOMA,DHB,TEP418SP,£2.03,6/3/25,10,10,10,0,11/03/2025,0,TRUE,,,,22cee0a1-4984-4323-9e28-812af651bbf7
1,DD-94AN-QL9L1,DD-94AN-QL9L,4 Pack - TUNG Brush - Tongue Cleaner,B00VQTO21M,DHB,MIR018,£8.33,6/3/25,10,10,10,0,,,TRUE,,,,3a2acc86-9fe7-4f0e-a370-3e6b1f817637
1,XJ-2FN3-M9FH1,XJ-2FN3-M9FH,"Curaprox Be You Watermelon Toothpaste Pink 60ml - Gentle Everyday Whitening Toothpaste - SLS Free, Microplastic Free, Triclosan Free, Fluoride Toothpaste",B099FBD93Y,DHB,CUR164,£6.99,6/3/25,10,10,10,0,11/03/2025,0,TRUE,,,,1199548d-2654-4e89-b719-6f2b0ecda15e
1,0N-X5KF-213D1,0N-X5KF-213D,"Curaprox Children's Toothpaste Watermelon, 60ml - Fresh & Fruity Watermelon Flavoured Toothpaste for Kids 6 Years +., Clear",B09M3RB8R1,DHB,CUR144,£3.60,6/3/25,3,3,3,0,11/03/2025,0,TRUE,,,,7be3ced7-a18c-4bce-a9de-677609b0629c
1,GY-FO04-RDYL1,GY-FO04-RDYL,"Curaprox Children's Toothpaste CS Kids Strawberry, 60ml - Strawberry Toothpaste for Kids 2 + Years with 950 ppm Fluoride - SLS Free, Microplastic Free & Triclosan Free Kids Toothpaste., Clear",B09M3PQRBG,DHB,CUR143,£3.60,6/3/25,15,15,15,0,11/03/2025,0,TRUE,,,,ff1c8fec-20b5-4bc2-828d-58148f04681a
1,HL-03ZR-QPHH1,HL-03ZR-QPHH,"Curaprox Children's Toothpaste CS Kids Strawberry, Zero Fluoride, 60ml - Fluoride Free Strawberry Toothpaste for Kids 2 + Years - SLS Free, Microplastic Free & Triclosan Free Kids Toothpaste., Clear",B09M3PFZC8,DHB,CUR142,£3.60,6/3/25,10,10,10,0,11/03/2025,0,TRUE,,,,f754a5e4-c75f-43cf-b7cd-c000dd561912
1,NN-TSZ1-X2RD1,NN-TSZ1-X2RD,Curaprox CS 12460 Velvet Ultra-Soft Toothbrush; Extra Soft bristles for Sensitive Gums,B093FQYQJH,DHB,CUR141,£3.89,6/3/25,0,0,0,0,,,TRUE,,,,83daef96-efc5-4ff3-96b6-11c1065b7a5c
1,XE-YPAI-HX9F1,XE-YPAI-HX9F,"Curaprox CPS 07 Prime Start Interdental Brush Kit, Red - 5 x 0.7mm - 2.5mm Interdental Brushes + 2 Interdental Toothbrush Holders",B086ZD7MG6,DHB,CUR120,£4.79,6/3/25,30,30,30,0,11/03/2025,0,TRUE,,,,da851433-75b0-46ab-824b-a85633691dc0
1,QS-V8XL-25CO1,QS-V8XL-25CO,Beurer WL50 Wake Up Light | Daylight Table Lamp | Helps to Support The Sleep Rhythm | LED Technology | FM Radio with 10 Memory Spaces | Bluetooth & Aux Input | 3 Light Levels,B0BWNDYLL2,Stax,119408,£36.40,10/3/25,0,0,0,0,13/03/2025,0,TRUE,,,,7debae6a-4eae-41fc-b107-f886496db7ff
1,SE-IQQJ-EOU31,SE-IQQJ-EOU3,"BG Electrical Intelligent Single Wall Dimmer Switch, 2 Way, Screwless Front Plate, Premium Flatplate, Brushed Steel, 200W, FBS81",B004R1ZS64,Stax,343398,£10.31,10/3/25,5,5,5,0,19/03/2025,0,TRUE,,,,a697a70f-68ec-412e-a379-93ad64fa736d
1,L3-OHWF-OL4P1,L3-OHWF-OL4P,FRSH Scents FR9170 Black Cherry x2 Mini Vent Clip Deluxe Diffuser Air Freshener - Lifespan of Upto 90 Days - Ideal for any Sized Car Vent,B07J2WCXGN,Stax,300641,£1.54,10/3/25,0,0,0,0,13/03/2025,0,TRUE,,,,a39e97b2-2923-46fe-ac60-ed31d0ab9706
1,VA-7T3X-R64D1,VA-7T3X-R64D,"FRSH Scents FR9187 New Car x2 Mini Vent Clip Deluxe Diffuser Air Freshener - Lifespan of Upto 90 Days - Ideal for Any Sized Car Vent, Silver",B07J2VFYWB,Stax,300653,£1.56,10/3/25,0,0,0,0,13/03/2025,0,TRUE,,,,854fee1b-3a04-44a6-9d16-ff909cacbb10
1,D8-VDSF-LENN1,D8-VDSF-LENN,"Unika ColorSealant CS4218-AZ Acrylic Gap Filler and Sealant, Grey, 0.57 kg",B00P82UZ6Y,Stax,367853,£2.78,10/3/25,3,3,3,0,20/03/2025,0,TRUE,,,,57137f36-d114-45c1-88fe-69f1204528cb
1,Y3-RYVT-A6Y81,Y3-RYVT-A6Y8,"The Big Cheese Prickle Strip Dog Stopper – 2 m x 28 cm wide, durable Grow-thru Deterrent Protects Plants and Bulbs and Prevents Cats, Dogs, and Wildlife from Digging the Garden and Plant Pots",B008ID91XI,Stax,358690,£2.85,10/3/25,23,23,23,0,20/03/2025,0,TRUE,,,,17f0d69f-da04-4ed1-beac-40f52eeafcf1
1,UR-UAT8-4JSI1,UR-UAT8-4JSI,Ravenhead Essentials Vinegar Pot,B00LDLBG3A,Stax,334657,£0.83,10/3/25,36,36,36,0,19/03/2025,0,TRUE,,,,e91c0c46-481d-4db4-b6fb-7edf866ebe3b
1,9X-HL62-83C71,9X-HL62-83C7,"Tala 61A09744 Cake Leveller, Aluminium, Pink",B00BEUFYE2,Stax,319880,£1.99,10/3/25,10,10,10,0,19/03/2025,0,TRUE,,,,c0af28a1-32cd-49a8-9883-d8f7e81cfaa0
1,X7-MY4W-H2I41,X7-MY4W-H2I4,ProDec Combination Shavehook for Removing Paint and Varnish From Flat and Irregular Surfaces,B00S9IXBVU,Stax,319378,£2.18,10/3/25,4,4,4,0,19/03/2025,0,TRUE,,,,203d4b43-4737-4e4f-9041-92e972d1d295
1,VL-48KZ-J3F21,VL-48KZ-J3F2,"Masterplug Heavy Duty Single Socket Trailing Socket, Without Plug and Cable, White",B07L8N2TC1,Stax,424668,£1.04,10/3/25,30,30,30,0,19/03/2025,0,TRUE,,,,bba20448-321e-40b5-8e18-cd74a69bb138
1,XY-UM2X-TPS31,XY-UM2X-TPS3,"Minky Reflector Ironing Board Cover, Metallic, Multicolor, 125 x 45 cm",B003VTZAM0,Stax,889142,£4.23,10/3/25,16,16,16,0,19/03/2025,0,TRUE,,,,f9f2300e-cbd2-4647-a2ea-0b8f36917ead
1,A7-868U-HTPI1,A7-868U-HTPI,"Value plus AP120 Value Plus 3 PCE Sauce pan Set with Glass Lids, Multi-Colour, 16, 18, 20cm",B003DZUDYC,Stax,786757,£9.32,10/3/25,6,6,6,0,19/03/2025,0,TRUE,,,,bb981812-27ec-4a5c-b1ce-8a773a706ef3
1,T8-6UWL-I3E11,T8-6UWL-I3E1,"Solvite SLVTHRIFT Wallpaper & Border Paste, Set of 1",B001OXH0X2,Stax,368831,£1.38,10/3/25,50,50,50,0,19/03/2025,0,TRUE,,,,801b7588-ffc5-43a5-9fc2-19baae63599f
6,JB-RGB6-LZOJ6,JB-RGB6-LZOJ,Loctite 194088 AA 319 Rear View Mirror/Phone/Radio Aerial Bonder Adhesive Glue,B0001P0DLU,Stax,5010266168227,£2.47,10/03/25,96,96,96,0,19/03/2025,0,FALSE,,,,6dd94e3e-be1a-41c8-904a-b37ce4dc0f08
3,N4-5C3G-RJS13,N4-5C3G-RJS1,Draper 79579 230mm Spirit Level,B000MQ663C,Stax,124720,£2.93,10/03/25,9,9,9,0,19/03/2025,0,FALSE,,,,d2975aab-1a6a-4256-b38d-3fd4ad3d9c46
2,8L-INBX-OUTU2,8L-INBX-OUTU,"Easy Cook NS606R Microwave Egg Poacher, red, 2 cup",B016Y8SWZQ,Stax,312497,£2.43,10/03/25,12,12,12,0,19/03/2025,0,FALSE,,,,fba76ec5-c5e9-4185-b8b6-65939b65dc66
2,G9-GAEI-FQI32,G9-GAEI-FQI3,Town & Country TGL200M Master Gardener Green Ladies Gloves Medium,B0001IWI10,Stax,757126,£3.13,10/03/25,24,24,24,0,19/03/2025,0,FALSE,,,,41a418d4-f95d-45d5-9924-2a964caa74a4
3,TA-HQMF-9SUB3,TA-HQMF-9SUB,Ravenhead 0041.625 Entertain Set of 2 Highly Transparent 29.5 cl Margarita Glasses,B074JHRC6J,Stax,366045,£2.79,10/03/25,12,12,12,0,19/03/2025,0,FALSE,,,,28d09f6a-8eff-4668-9a82-da2a247427ef
5,Z3-ORV9-K8XD5,Z3-ORV9-K8XD,"Learning Resources EI-2978 Kanoodle 3D Brain Teaser Puzzle, Travel Game for Adults and Kids Ages 7 8 9 10+, Gift for Boys & Girls, Featuring 200 Challenges, Multicoloured",B000FGECAI,ABGee,290 EI-2978,£6.56,10/03/25,65,65,65,0,27/03/2025,0,FALSE,,,,0231dd8c-4fbb-4c27-86f6-541cdd7ceecd
5,3Q-JVVB-BIT75,3Q-JVVB-BIT7,Wizards of the Coast Lords of Waterdeep Expansion: Scoundrels of Skullport,786964502,Bliss Distribution,A35790000,£20.64,10/03/25,14,14,14,0,13/03/2025,0,FALSE,,,,3e7ca48d-cff9-4a2d-88e8-f0a4d0a0a6cd
3,GA-9DTN-9O1E3,GA-9DTN-9O1E,"Leder Games Root: The Clockwork Expansion, LED01009",B086763VT8,Bliss Distribution,LED01009,£18.18,10/03/25,15,15,15,0,13/03/2025,0,FALSE,,,,82e67719-efcb-44ef-a8e9-34ae2fa83346
2,QP-BCUW-E90M2,QP-BCUW-E90M,"Thermos Stainless King Red Travel Mug (470ml), Reusable Insulated Stainless Steel Coffee Cup for Hot or Cold Drinks, Vacuum Sealed Water Flask with a Leak-Proof Lid, 7hr Hot/18hr",B00O5NEUAY,Jones Wholesale,446271,£13.76,10/03/25,45,45,45,0,04/04/2025,0,FALSE,,,,64d2075d-7c17-4748-b4cc-371987a94365
2,2G-AYBQ-TUQG2,2G-AYBQ-TUQG,"Zyliss E46145 Strongboy 2 Jar Opener, Plastic/Metal, White, Adjustable Grip to Open Opens Jar/Bottle Lids/Caps",B002KFZKZ8,Jones Wholesale,416645,£8.27,10/03/25,30,30,30,0,,,FALSE,,,,2ce3b3c2-75b1-4e5c-bf8d-364cfb8f8d80
2,6Q-9G2A-IKVV2,6Q-9G2A-IKVV,Marshalltown The Premier Line GB692 12-Inch by 24-Inch Vinyl Grout Bag with Metal Tip,B000PSB13C,Tool Chimp,MGB692KIT,£7.29,10/03/25,144,144,144,0,20/03/2025,0,FALSE,,,,cf143551-2a38-4e88-aa02-85994617117e
4,4U-9ZL6-9G0Y4,4U-9ZL6-9G0Y,"Piksters Wax for Orthodontics and Braces, 2 Count (Pack of 1)",B07C8QSSR2,DHB,PIK054,£1.24,10/03/25,20,20,20,0,13/03/2025,0,FALSE,,,,d2522b56-46cd-4d57-967b-cf60807cfa53
5,XH-0LAE-FQO55,XH-0LAE-FQO5,"Curaprox CS 1006 Interdental Toothbrush, Assorted Colour. Manual Single Tuft Interdental Brush Ultra-Fine CUREN® Filaments",B00AOES9GE,DHB,CUR035X,£2.96,10/03/25,80,80,80,0,13/03/2025,0,FALSE,,,,a22b02a7-b129-4783-a077-605cff92fcdd
5,Z7-26PV-O9LR5,Z7-26PV-O9LR,Plaque Glo Plaque Disclosing Toothpaste and Torch System (Tropical),B07J9JGZZV,DHB,PIK065,£4.39,10/03/25,0,0,0,0,,,FALSE,,,,e8475848-f9b0-464c-a784-7427539ea068
6,DC-K5WH-R7F56,DC-K5WH-R7F5,TEPE INTERDENTAL Travel CASE,B0073FT7FY,DHB,TEP068SP,£0.64,10/03/25,60,60,60,0,13/03/2025,0,FALSE,,,,354f42ee-e32e-4c31-a548-f4009717b35c
2,NN-TSZ1-X2RD2,NN-TSZ1-X2RD,Curaprox CS 12460 Velvet Ultra-Soft Toothbrush; Extra Soft bristles for Sensitive Gums,B093FQYQJH,DHB,CUR141,£3.89,10/03/25,50,50,50,0,13/03/2025,0,FALSE,,,,be4d637e-cf5c-4571-aecf-9ce41fe57b2d
1,ZU-RET1-5CSU1,ZU-RET1-5CSU,Sensitive Night Cream,B01JH0N5SC,Shure Cosmetics,SCS22441,£3.95,11/03/25,20,20,20,0,21/03/2025,0,TRUE,,,,b3a91328-4c00-4f24-875f-20f31c36045c
1,62-2H0B-RRR31,62-2H0B-RRR3,Sukin Cleansing Hand Wash 500 ml,B07VZ14N9Q,Shure Cosmetics,SCS21275,£2.50,11/03/25,15,15,15,0,21/03/2025,0,TRUE,,,,0015c4d4-f8cc-42f8-9017-ec6a2c7bc61d
1,QV-VH06-EAV31,QV-VH06-EAV3,"L 'Oréal Paris Clay Absolue Glow Mask for Clear, Radiant Complexion Cream 50 ml",B07CPKRL8Z,Shure Cosmetics,SCS13160,£3.85,11/03/25,25,25,25,0,21/03/2025,0,TRUE,,,,c35c621d-daad-400d-8f2c-93939b13e28e
1,R9-20LM-YJL91,R9-20LM-YJL9,"Cameleo - Permanent Hair Colour Cream - Blue Black - Intensive Color & Protection - 5 Oils + Omega Plus Acids - Professional, Luxurious Hair Dye - Full Kit",B01HIM4N96,Shure Cosmetics,SCS19803,£1.65,11/03/25,0,0,0,0,,,TRUE,,,,e2fa3e68-0d26-4e8e-92ef-a668fb47bfb4
1,XY-SHVR-W7PG1,XY-SHVR-W7PG,Revolution Beauty London Soph Eyeshadow Palette,B076VTQGGL,Shure Cosmetics,SCS23103,£1.50,11/03/25,20,20,20,0,21/03/2025,0,TRUE,,,,ebbc28a8-1f9b-474c-8395-199b53942409
1,B7-D9X9-FWYR1,B7-D9X9-FWYR,Maybelline Mascara Volum' Express Lift Black 10ml,B002BNKQ0I,Shure Cosmetics,SCS20085,£2.95,11/03/25,0,0,0,0,21/03/2025,0,TRUE,,,,ceae5ede-c532-463f-a3c4-205330281f90
1,5R-LL8J-AP4S1,5R-LL8J-AP4S,"L'Oréal Paris Mascara, Salon Lash Volume, Infused with Panthenol, Long-lasting, No Clumping or Smudging, Pro XXL Volume, Black",B09XVMV632,Shure Cosmetics,SCS16923,£3.50,11/03/25,30,30,30,0,21/03/2025,0,TRUE,,,,063df138-ff75-474b-8076-0cc628a694cb
1,3C-HIAR-JEF01,3C-HIAR-JEF0,"NIVEA Q10 Anti-Ageing Bb Cream Cushion Light, 24H Anti-Wrinkle Moisture, 15 g",B08BTN21C4,Shure Cosmetics,SCS20397,£1.25,11/03/25,10,10,10,0,21/03/2025,0,TRUE,,,,6a45d899-8ee1-4012-bb98-0460685ee684
1,CX-1R85-163Z1,CX-1R85-163Z,Wild Aqua Case And Fresh Cotton & Sea Salt Deodorant Starter Pack 40g,B0CVHD7892,CLF,WID1,£6.50,17/03/25,16,16,16,0,19/03/2025,0,TRUE,,,,fdaad352-3ffe-4d90-ab5a-34526273203e
1,4D-BI2L-5PZ81,4D-BI2L-5PZ8,Jojoba Blending Oil,B000Q351JG,CLF,TSD84,£6.90,17/03/25,6,6,6,0,19/03/2025,0,TRUE,,,,03956aec-76ef-421b-9706-7c427678ac93
1,MW-1ILH-TLS41,MW-1ILH-TLS4,"Rescue Remedy Kids Restful Nights Dropper, for A Natural Night’s Sleep, Flower Essences, to Support Your Child and Promote A Calming Bedtime Routine, Alcohol Free, Alternative to Sleep Aid for Kids",B0CDH5Y3N9,CLF,RSC31,£4.62,17/03/25,30,30,30,0,19/03/2025,0,TRUE,,,,8fafffac-6422-4e96-ada6-6786f151a891
1,86-1VHQ-ABNK1,86-1VHQ-ABNK,"Moo Free White Chocolate Bars - Dairy Free, Gluten Free & Vegan (20g)",B08WPCW7TH,CLF,MOO55,£0.57,17/03/25,40,40,40,0,19/03/2025,0,TRUE,,,,aca3f9c0-8abc-4703-b738-9e1d6b75a66e
1,CLFAPPLY11,CLFAPPLY1,"Macu-SAVE Food Supplement 90 Day Pack, Eye Health Food Capsules containing Lutein, Zeaxanthin and Meso-Zeaxanthin",B07T561RGR,CLF,MAU2,£11.89,17/03/25,0,0,0,0,,,TRUE,,,,1a24b1d5-746b-4b7e-814f-0a72767cfaf2
1,VI-ICHI-WPB51,VI-ICHI-WPB5,"Lavera All-Round Cream, 150ml",B004S0S0S2,CLF,LAV78,£4.19,17/03/25,12,12,12,0,20/03/2025,0,TRUE,,,,e6dfba6b-de52-4cd1-8adf-83aa8da59fe6
1,RZ-6ZL9-CZ7J1,RZ-6ZL9-CZ7J,Kingfisher Natural Toothpaste Charcoal Mint Fluoride-Free | vegetarian & vegan | Oral Health Foundation approved | Gluten-Free & GM-Free | Ethical Consumer Best Buy | 1 x 100ml tube,B075XT2J8X,CLF,KIN2,£2.42,17/03/25,12,12,12,0,19/03/2025,0,TRUE,,,,d8d27061-f9be-4ae2-b152-0517d3e8121d
1,TJ-6LOP-OPEU1,TJ-6LOP-OPEU,The Cheeky Panda Bamboo Facial Make Up Remover Wipes | Sustainable Face Wipes Eye Makeup Remover | Rose Scented Pack of 25 Face Wipes | 99% Purified Water,B08P63MSS9,CLF,CYA21,£2.19,17/03/25,24,24,24,0,19/03/2025,0,TRUE,,,,e18ce1ca-2f2c-4fc0-b979-d7960b7a9250
1,C7-D8C6-UWDV1,C7-D8C6-UWDV,400 Bamboo Cotton Buds | Q Tips | Ear Sticks | Cotton Swab | Wooden Cotton Bud | Eco Friendly Cotton Buds| Ear Buds Cotton | Biodegradable Cotton Buds | Bamboo Earbuds | Wooden Ear Buds | Bambaw,B07DY1R6YX,CLF,BBW53,£2.50,17/03/25,10,10,10,0,19/03/2025,0,TRUE,,,,296e0955-b01c-4e49-8711-1e38ce5d4737
4,7H-7G2P-ONWJ4,7H-7G2P-ONWJ,OceanSaver Anti-Bac Cleaning EcoDrop | Anti-Bacterial Multipurpose Cleaning Spray | Ocean Mist | Eco Friendly Cleaning (1 Pack),B081Q9CFGC,CLF,OCN6,£0.88,17/03/25,36,36,36,0,19/03/2025,0,FALSE,,,,ddfcfe11-a7cd-4a85-899b-90eada959702
2,YO-EKK2-FRCC2,YO-EKK2-FRCC,"SPLAT Biocalcium Toothpaste, 100 ml",B00BWU7MNU,CLF,SPLT28,£2.38,17/03/25,0,0,0,0,20/03/2025,0,FALSE,,,,0f5d0e51-3d94-4985-8d83-22b9ff10f302
1,RI-DHUT-XR751,RI-DHUT-XR75,"Ultimate Guard Boulder Deck Case 100+ Standard Size Clear, UGD010894",B0831P1SBS,Bliss Distribution,UGD010894,£4.30,17/03/25,10,,,10,,,TRUE,,,,3fcefbeb-1da0-4f3a-8b2c-79076af284ce
1,PN-0NVI-R2WQ1,PN-0NVI-R2WQ,Ultimate Guard Boulder Deck Case 100+ Standard Size Sapphire,B06XGFW1Q2,Bliss Distribution,UGD010691,£4.92,17/03/25,15,15,15,0,20/03/2025,0,TRUE,,,,16e1e5a0-c9ce-47ce-b270-07159ce13b74
1,12-3VTE-5T3Z1,12-3VTE-5T3Z,Feretory: Mork Borg Cult,9189143078,Bliss Distribution,FLFFLW09,£10.23,17/03/25,4,4,4,0,22/04/2025,0,TRUE,,,,61595bcf-cbf5-4b48-8898-99e76efba3a3
1,LV-425G-BY4X1,LV-425G-BY4X,"Free League Publishing MÖRK Borg (Fantasy OSR RPG, Hardback, Full Color",9188805646,Bliss Distribution,FLFFLW01,£16.38,17/03/25,6,6,6,0,22/04/2025,0,TRUE,,,,6d401869-bbc8-4c70-86a8-370237bd170a
1,1U-YF3T-TR741,1U-YF3T-TR74,Modiphius Entertainment Role Playing Game Alien RPG: Stress Dice Set,B082BVCQMQ,Bliss Distribution,FLFALE005,£7.67,17/03/25,5,5,5,0,22/04/2025,0,TRUE,,,,c2da3063-d021-4723-85c0-704cf27b8045
1,79-CPJ6-DSG61,79-CPJ6-DSG6,Free League FLF-ALE014 ALIEN RPG Destroyer of Worlds Game,9189143051,Bliss Distribution,FLFALE014,£13.65,17/03/25,4,4,4,0,22/04/2025,0,TRUE,,,,dad7e6e7-c8bb-420e-8a1d-cdd45dfdc750
1,4J-IY7T-6LBS1,4J-IY7T-6LBS,Free League | Alien RPG | Role Playing Game | Ages 14+ | 1+ Players,9188805557,Bliss Distribution,FLFALE002,£22.01,17/03/25,4,,,4,,,TRUE,,,,acd37ad8-eafa-456f-ad7c-e49630b1db3d
1,QT-C0ZN-T4R71,QT-C0ZN-T4R7,Free League ALIEN RPG Starter Set - Tabletop Roleplaying Game - Age 168+,9188805972,Bliss Distribution,FLFALE013,£17.06,17/03/25,5,5,5,0,22/04/2025,0,TRUE,,,,b609791a-0274-4e6c-90db-460da56f1294
2,QW-9XV0-Q3EH2,QW-9XV0-Q3EH,"Ultimate Guard - Katana Sleeves - Red (100) [Standard Size, 66 x 91mm]",B00J5H1E9K,Bliss Distribution,UGD010109,£6.05,17/03/25,45,45,45,0,20/03/2025,0,FALSE,,,,1e7b4ba9-9bea-48b1-af75-b2a416fe022c
3,3T-6QPR-E2MV3,3T-6QPR-E2MV,"Ultimate Guard UGD010696 Boulder Deck Case, 100 Plus, standard size, malachite",B06XGSJS7N,Heo,UGD010696,£4.65,17/03/25,38,38,38,0,27/03/2025,0,FALSE,,,,ecdf28a7-d841-437d-bd50-5349e14feb1e
2,7C-MBEY-QA372,7C-MBEY-QA37,Ultimate Guard Katana Inner Sleeves Standard Size Transparent (100),B0BHCWWGKS,Heo,UGD011356,£2.62,17/03/25,10,10,10,0,27/03/2025,0,FALSE,,,,b43fa9e7-b2a1-472b-923d-a5312b1df0a9
2,WJ-YHKC-EES52,WJ-YHKC-EES5,Harry Potter - Tattoos (Temporary) - Set of 35 Styles - Official - Cinereplicas,B07CN7NRF7,Heo,HPE560165,£2.09,17/03/25,10,10,10,0,15/05/2025,0,FALSE,,,,e947b873-a8d5-4948-b30f-b82afcde759a
6,MW-9K5M-VKW86,MW-9K5M-VKW8,Casio Gents 43.00mm Quartz Watch with Black Analogue dial and Black Rubber Strap Strap MRW-200H-1BVES,B0073TTHBY,Rashmian,MRW-200H-1BVES,£13.65,3/17/2025,40,40,40,0,27/03/2025,0,FALSE,,,,2fcb4a9d-0ced-43a9-a4e3-78ecdc386a75
8,6V-EEC1-2S9Z8,6V-EEC1-2S9Z,3 X Everbuild CYN20 20g General Purpose Industrial Superglue,B06WW79DX5,Sika,484651,£2.07,18/03/25,500,500,500,0,23/03/2025,0,FALSE,,,,4e0cf41a-3d2d-4089-af2d-3d32c360dd42
11,A2-T2AC-TW3L11,A2-T2AC-TW3L,Everbuild Industrial Grade Superglue GP 50 g Pack of 3,B006PFN3BW,Sika,484652,£4.29,18/03/25,240,240,240,0,23/03/2025,0,FALSE,,,,259f5a88-8dae-4276-afe0-59efc046abf7
1,FBA15K3QTGNT_unexpected_item_011,FBA15K3QTGNT_unexpected_item_01,THE HUMBLE CO. - Interdental Brushes - Size 3-0.6 mm - Developed by Dentists - Designed in Sweden - Teeth Cleaning - Vegan & Cruelty-Free - 6p,B07RRQX71T,CLF,HBH30,£1.66,22/3/25,63,63,63,0,,0,FALSE,,,,2d37cfec-e57e-4962-a405-19acf71d0795
1,VA-V4J8-WHCT1,VA-V4J8-WHCT,"Lexibook, The Collins English Dictionary, 13th Edition-Electronic Pocket Spellchecker, Thesaurus, Crossword, Conjugation, Anagram Solver, Words Games, with Battery, Blue/White, DC753EN",B08FKZMQH8,Rashmian,DC753EN,£15.25,3/25/2025,6,6,6,0,15/04/2025,0,TRUE,,,,6ff8a4b4-ed9f-468e-af81-2dbab096800c
1,KI-CR51-18J31,KI-CR51-18J3,Timex Weekender 38 mm Watch,B0070Y60K8,Rashmian,T2N747,£28.20,3/25/2025,6,6,6,0,21/05/2025,0,TRUE,,,,b23f1123-a0e6-42ff-8a7b-f242e0d0220e
1,LR-7GM6-1RCH1,LR-7GM6-1RCH,"Lexibook, The Collins English dictionary, 13th Edition-Electronic Dictionary, Definitions, Thesaurus, Conjugation, Phonetic Spellchecker, Crossword Solver, with Battery, Blue/White, D850EN",B08MQB42B3,Rashmian,D850EN,£23.25,3/25/2025,6,6,6,0,15/04/2025,0,TRUE,,,,59382b60-b6b0-45af-a045-3f100e851bdd
1,Q1-00D7-5IQF1,Q1-00D7-5IQF,Casio F-91WC Collection Men Watch,B0042SI594,Rashmian,F-91WC-9AEF,£9.80,3/25/2025,10,10,10,0,28/04/2025,0,TRUE,,,,afde527b-89bc-445c-8f7f-531c63f31adf
1,MY-XMO2-EXY11,MY-XMO2-EXY1,Casio F-91WC Collection Men Watch,B0042SNS7S,Rashmian,F-91WC-4AEF,£9.80,3/25/2025,10,10,10,0,28/04/2025,0,TRUE,,,,5a41fc11-25de-4779-957a-ebb7536637ea
1,JL-VTP2-JF3Q1,JL-VTP2-JF3Q,"Lexibook PAW Patrol Helper on Four Paws Chase LED Night Light for Kids, Color Changing, Soft Light, Batteries, Plastic, Blue/Beige, NLJ001PA1, Multicolor",B07BLX7YG9,Rashmian,NLJ001PA1,£6.95,3/25/2025,12,12,12,0,15/04/2025,0,TRUE,,,,1fc28cfd-f973-4ade-b93b-f6dde342a49e
1,4W-VS57-BV6A1,4W-VS57-BV6A,"Lexibook Barbie, French/English Bilingual Educational Computer, Toy for Kids with 124 Activities for Learning, Having Fun and Playing the Piano, Pink, Color, JC598bbi1",B0C9LJNJWZ,Rashmian,JC598BBI1,£18.50,3/25/2025,12,12,12,0,27/03/2025,0,TRUE,,,,d29311ca-9322-40fd-9407-228d29b193dd
1,TA-7DAZ-18PU1,TA-7DAZ-18PU,"Lexibook - Disney Stitch - 2-in-1 Bluetooth & Wired Headphones with microphone and control button, Foldable and Ajustable, Long lasting rechargeable battery, HPBT010D",B0CNT2Z32S,Rashmian,HPBT010D,£12.50,3/25/2025,30,30,30,0,15/04/2025,0,TRUE,,,,16092d42-6b75-44af-b496-22602f04c3d2
1,86-0EBH-JQX61,86-0EBH-JQX6,"Lexibook, English Dictionary, Pocket electronic dictionary, Definitions, Thesaurus, Grammar functions, Phonetic spellchecker, Word games, 4"" screen, Advanced features, Blue, D660EN",B0D59LGPWS,Rashmian,D660EN,£19.50,3/25/2025,15,15,15,0,15/04/2025,0,TRUE,,,,7ca75276-ed4d-41b5-ad58-5e1675fe485e
7,MW-9K5M-VKW87,MW-9K5M-VKW8,Casio Gents 43.00mm Quartz Watch with Black Analogue dial and Black Rubber Strap Strap MRW-200H-1BVES,B0073TTHBY,Rashmian,MRW-200H-1BVES,£13.65,3/25/2025,40,40,40,0,27/03/2025,0,FALSE,,,,ce4630d3-e5d6-419f-be03-946433a58e29
3,GW-1ECO-QZA73,GW-1ECO-QZA7,Casio Gents 33.00mm Quartz Watch with LCD Digital dial and Silver Metal Bracelet Strap A500WEA-1EF,B00N5SLQ7A,Rashmian,A500WEA-1EF,£20.05,3/25/2025,40,40,40,0,27/03/2025,0,FALSE,,,,70629dc6-72c9-4a4c-9166-52cab395d9f9
5,4U-9ZL6-9G0Y5,4U-9ZL6-9G0Y,"Piksters Wax for Orthodontics and Braces, 2 Count (Pack of 1)",B07C8QSSR2,DHB,PIK054,£1.24,25/03/25,500,500,500,0,31/03/2025,0,FALSE,,,,919ac8ba-eb0e-4bd4-a556-906dfe9c0bd7
6,93-TB6X-UKTU6,93-TB6X-UKTU,"Piksters Interdental Brushes, Size 00, Pink Handle, 10 Pack",B078K3B7R6,DHB,PIK021,£1.69,25/03/25,50,50,50,0,31/03/2025,0,FALSE,,,,71422e3b-ebbc-4195-88fe-97206c5e5b7c
6,Z7-26PV-O9LR6,Z7-26PV-O9LR,Plaque Glo Plaque Disclosing Toothpaste and Torch System (Tropical),B07J9JGZZV,DHB,PIK065,£4.39,25/03/25,0,0,0,0,31/03/2025,0,FALSE,,,,9b584b15-ae48-4c3d-8948-e34ac3f8ce21
2,MR-727N-ZG8K2,MR-727N-ZG8K,Piksters Bamboo Interdental Brush - Size 00 Pink 0.60mm - 8 Brushes Per Pack,B07T2PV79R,DHB,PIK200,£1.90,25/03/25,10,10,10,0,31/03/2025,0,FALSE,,,,93e53a6a-74ab-41ab-a452-e34a11a0bc9e
2,0N-X5KF-213D2,0N-X5KF-213D,"Curaprox Children's Toothpaste Watermelon, 60ml - Fresh & Fruity Watermelon Flavoured Toothpaste for Kids 6 Years +., Clear",B09M3RB8R1,DHB,CUR144,£3.60,25/03/25,10,10,10,0,31/03/2025,0,FALSE,,,,7a7d076e-db3b-4f44-85fc-f9bf019f683d
4,SZ-UL4K-SE7W4,SZ-UL4K-SE7W,Ultra Pro Comic Bags (100-Piece),B002QGAF8S,Bliss Distribution,E-82225,£3.17,25/03/25,45,45,45,0,31/03/2025,0,FALSE,,,,54cd1518-529e-4c96-9e83-40c2de98a0c1
4,D7-MGBX-RX2P4,D7-MGBX-RX2P,"Ultra Pro 81181 3"" x 4"" Clear Thick 55PT Toploaders (25ct)",B001Q77TI2,Bliss Distribution,E-81181,£2.79,25/03/25,100,100,100,0,31/03/2025,0,FALSE,,,,0a051b00-7573-4cba-ad84-1bc540d3f430
4,49-4UKW-G81R4,49-4UKW-G81R,100 Ultra Pro Card Protector Sleeves: Pro-Matte - 66 x 91 mm,B00WI8O0RG,Bliss Distribution,E-84515,£3.17,25/03/25,35,35,35,0,31/03/2025,0,FALSE,,,,98179639-5a7b-4ff5-857f-8a5327f1dfa8
5,MU-717K-DELS5,MU-717K-DELS,"Ultra Pro 3"" x 4"" Clear Regular Top Loaders For Cards With Card Sleeves Bundle Standard Size 100ct Baseball Card Sleeves Trading Card Sleeve Baseball Card Protectors Toploader Card Protectors",B076V4V2QQ,Bliss Distribution,E-83648,£6.14,25/03/25,40,,,40,,,FALSE,,,,75ec471f-ec26-4714-b904-7751db08bed6
3,3C-5W5L-CT0T3,3C-5W5L-CT0T,Yu-Gi-Oh! Speed Duel: Streets of Battle City,B0BZQCZYN7,Bliss Distribution,SBC1,£13.40,26/03/25,24,24,24,0,31/03/2025,0,FALSE,,,,5df1b3f2-5fb8-46af-b92d-268865f2c159
1,ZT-QPY3-P24I1,ZT-QPY3-P24I,"OtterBox Defender Case for iPad Air 11"" (2024) & iPad Air 10.9"" (2022/2020), Ultra-Rugged Protective Case with built in Screen Protector, 2x Tested to Military Standard, Black",B0D3JBBGSB,TD Synnex,77-95220,£33.54,27/03/25,5,5,5,0,11/04/2025,0,TRUE,,,,b5430699-aa7e-414e-936e-d39d115d26f1
1,JP-9X4T-0CCC1,JP-9X4T-0CCC,"OtterBox React Folio Case for Samsung Galaxy Tab A9, Shockproof, Drop proof, Ultra-Slim Protective Folio Case, Tested to Military Standard, Black",B0D637RYWB,TD Synnex,77-95379,£13.57,27/03/25,0,0,0,0,31/03/2025,0,TRUE,,,,c6f7a3b3-0919-4311-ac61-37195b2eb9dc
1,PK-9T59-FNWW1,PK-9T59-FNWW,"OtterBox Defender Case for iPad Pro 13"" (2024), Shockproof, Ultra-Rugged Protective Case with built in Screen Protector, 2x Tested to Military Standard, Back",B0D3JBK56B,TD Synnex,77-95232,£37.17,27/03/25,6,6,6,0,31/03/2025,0,TRUE,,,,1d3c74d9-9000-43e3-9fbe-ac5744f32dab
1,3X-EXDD-TD2K1,3X-EXDD-TD2K,"OtterBox Symmetry Folio Case for iPad 10th gen 2022, iPad 11th gen 2025 (A16), Shockproof, Drop proof, Slim Protective Folio Case, Tested to Military Standard, Black",B0D6W9DZX4,TD Synnex,77-95790,£18.77,27/03/25,6,6,6,0,31/03/2025,0,TRUE,,,,08ae2449-735e-47cd-b1a9-a7bd7776d282
1,9Q-K2SI-Q5LI1,9Q-K2SI-Q5LI,"HyperX CloudStinger Core -Gaming headset for PC, PS5, PS4, Xbox One, Xbox Series X|S, Nintendo Switch, DTS Headphone:X spatial audio, Lightweight over-ear headset with mic",B083Q6Q41G,TD Synnex,4P4F4AA,£28.50,27/03/25,0,0,0,0,27/03/2025,0,TRUE,,,,0222365d-5d22-49ae-8b5c-0910697f4f33
1,8R-E0Y9-0LAU1,8R-E0Y9-0LAU,"OtterBox Defender Case for iPad 10th gen 2022, iPad 11th gen 2025 (A16), Shockproof, Rugged Protective Case with built in Screen Protector, 2x Tested to Military Standard, Black, No Retail Packaging",B0BBHBX72C,TD Synnex,77-89955,£33.54,27/03/25,6,6,6,0,31/03/2025,0,FALSE,,,,3f9b9962-7a81-4c45-8e11-0d2c079763b6
1,ZB-PV7O-TKUD1,ZB-PV7O-TKUD,"OtterBox Symmetry Folio Case for iPad 10th gen 2022, iPad 11th gen 2025 (A16), Shockproof, Drop proof, Slim Protective Folio Case, Tested to Military Standard, Blue",B0BBH9MHBH,TD Synnex,77-89965,£19.82,27/03/25,8,8,8,0,31/03/2025,0,TRUE,,,,2afdf0fe-af5a-44f2-b0ab-a198add95c25
1,DO-QDI1-K7R91,DO-QDI1-K7R9,"OtterBox Symmetry Folio Case for iPad 10th gen 2022, iPad 11th gen 2025 (A16), Shockproof, Drop proof, Slim Protective Folio Case, Tested to Military Standard, Black",B0BBH71LQN,TD Synnex,77-89975,£19.82,27/03/25,0,0,0,0,31/03/2025,0,TRUE,,,,a4984a79-86db-4b5a-960d-5647d3fe19fd
1,M7-TSI2-5W7I1,M7-TSI2-5W7I,"SanDisk Extreme 32 GB microSDhC Memory Card for Action Cameras and Drones with A1 App Performance up to 100 MB/s, Class 10, U3, V30",B06XYTDCC5,TD Synnex,SDSQXAF-032G-GN6AA,£6.51,27/03/25,0,0,0,0,27/03/2025,0,TRUE,,,,fadc90ce-d290-4e5f-ac00-66bc9dd1af5b
4,2U-4KLP-68HB4,2U-4KLP-68HB,"Ultimate Guard - Katana Sleeves - Purple (100) [Standard Size, 66 x 91mm]",B07NGGSR3D,Bliss Distribution,UGD010923,£5.86,01/04/25,30,30,30,0,04/04/2025,0,FALSE,,,,f019b5af-4c4b-42cc-b9bb-a0d51ea72909
6,MU-717K-DELS6,MU-717K-DELS,"Ultra Pro 3"" x 4"" Clear Regular Top Loaders For Cards With Card Sleeves Bundle Standard Size 100ct Baseball Card Sleeves Trading Card Sleeve Baseball Card Protectors Toploader Card Protectors",B076V4V2QQ,Bliss Distribution,E-83648,£6.42,01/04/25,100,,,100,,,FALSE,,,,f76f47be-fa1c-455f-b535-5177303b4e12
1,7M-48OU-23X31,7M-48OU-23X3,Funko POP! Movies : Freddy Krueger - Nightmare on Elm Street - Collectable Vinyl Figure - Gift Idea - Official Merchandise - Toys for Kids & Adults - Movies Fans - Model Figure for Collectors,B004GFPFBO,ABGee,985 2291,£7.59,05/04/25,15,15,15,0,08/07/2025,0,FALSE,,,,37f27840-5ba6-46c4-8a15-81df5b17be61
1,TE-Y18U-S2O11,TE-Y18U-S2O1,"Super Impulse 361224 Worlds Smallest Monopoly Board Game in the World as Mini Version, from 8 Years",B08X1WM596,ABGee,333 SI5038,£4.44,05/04/25,12,12,12,0,15/05/2025,0,FALSE,,,,f7657812-6c41-4e67-8c18-4dd29050067d
6,Z3-ORV9-K8XD6,Z3-ORV9-K8XD,"Learning Resources EI-2978 Kanoodle 3D Brain Teaser Puzzle, Travel Game for Adults and Kids Ages 7 8 9 10+, Gift for Boys & Girls, Featuring 200 Challenges, Multicoloured",B000FGECAI,ABGee,290 EI-2978,£6.56,05/04/25,100,100,100,0,22/04/2025,0,FALSE,,,,b7caf28c-cbf7-44df-9011-ce85c086d7a0
2,5R-LL8J-AP4S2,5R-LL8J-AP4S,"L'Oréal Paris Mascara, Salon Lash Volume, Infused with Panthenol, Long-lasting, No Clumping or Smudging, Pro XXL Volume, Black",B09XVMV632,Shure Cosmetics,SCS16923,£3.50,05/04/25,56,56,56,0,11/04/2025,0,FALSE,,,,06683ce5-db21-4c03-813d-0c321d9ce0ab
9,6V-EEC1-2S9Z9,6V-EEC1-2S9Z,3 X Everbuild CYN20 20g General Purpose Industrial Superglue,B06WW79DX5,Sika,484651,£2.07,05/04/25,500,500,500,0,17/04/2025,0,FALSE,,,,28f98cd5-8530-41b0-8c5a-ac14be720378
12,A2-T2AC-TW3L12,A2-T2AC-TW3L,Everbuild Industrial Grade Superglue GP 50 g Pack of 3,B006PFN3BW,Sika,484652,£4.29,05/04/25,240,240,240,0,17/04/2025,0,FALSE,,,,c0649cd8-67a6-4259-974e-c0d30a875f8a
3,SU-5LQH-2DVN3,SU-5LQH-2DVN,"3 PCS EVERBUILD INDUSTRIAL GRADE SUPER GLUE HV HIGH VISCOSITY BONDS PVC, METAL, MDF, ALUMINIUM, CERAMICS, RUBBER ETC. 20G EACH",B07SLLYRSP,Sika,484654,£2.01,05/04/25,100,100,100,0,17/04/2025,0,FALSE,,,,8e73a97d-c22f-4629-8ca6-4168a1a5210d
3,XH-OMMJ-C7MT3,XH-OMMJ-C7MT,"Ravensburger Bluey 35 Piece Jigsaw Puzzle for Kids Age 3 Years Up - Educational Toddler Toys, 26,4 x 18,1 x 0,2 cm",B096BPSDRZ,ABGee,542 5224,£2.45,14/04/25,8,8,8,0,22/04/2025,0,FALSE,,,,87e09507-1c91-4a58-b5cf-5b6ae8a8abe3
5,AX-NKNU-29C15,AX-NKNU-29C1,Moo Free Choccy Buttons - Dairy Free Vegan Milk Chocolate (25g x 1 bag),B08M52B4M5,CLF,MOO62,£0.61,14/04/25,200,200,200,0,16/04/2025,0,FALSE,,,,79ac60b5-b897-4213-b352-b239b7f7ba77
3,YO-EKK2-FRCC3,YO-EKK2-FRCC,"SPLAT Biocalcium Toothpaste, 100 ml",B00BWU7MNU,CLF,SPLT28,£2.38,14/04/25,30,30,30,0,,,FALSE,,,,e04618ee-4718-4b51-a92b-ab5410586d83
2,RZ-6ZL9-CZ7J2,RZ-6ZL9-CZ7J,Kingfisher Natural Toothpaste Charcoal Mint Fluoride-Free | vegetarian & vegan | Oral Health Foundation approved | Gluten-Free & GM-Free | Ethical Consumer Best Buy | 1 x 100ml tube,B075XT2J8X,CLF,KIN2,£2.42,14/04/25,20,20,20,0,,,FALSE,,,,e7bd6131-2dd0-470a-86c9-047b95933c75
4,US-AK96-YFSB4,US-AK96-YFSB,"Fackelmann OPAL Hand Grater, Fine Lemon & Lime Zester, Chocolate & Parmesan Grater, Sharp Durable Grating Blade, Stainless Steel, 24x5.5x1.5cm, Silver",B002DPGTF0,Stax,714760,£1.25,14/04/25,18,18,18,0,23/04/2025,0,FALSE,,,,a4bb88f1-c3e0-4705-8432-a359631969c0
3,5M-QO6K-LNH03,5M-QO6K-LNH0,"Easycook NS613R Easy Cook Polly Carbonate Non-Staining Microwave Sauce Pan and Lid, Red",B00ANP09LM,Stax,312496,£2.36,14/04/25,45,45,45,0,23/04/2025,0,FALSE,,,,4156b2ac-a42f-4802-ae9d-de0233b6e87f
2,6Z-8POQ-K5XH2,6Z-8POQ-K5XH,Easycook Microwave Saucepan with Lid 0.9lt RED,B00ANOXX9I,Stax,312494,£2.85,14/04/25,9,9,9,0,23/04/2025,0,FALSE,,,,07d9fe22-95ce-4967-aa7f-c3feb9427ac7
4,TA-HQMF-9SUB4,TA-HQMF-9SUB,Ravenhead 0041.625 Entertain Set of 2 Highly Transparent 29.5 cl Margarita Glasses,B074JHRC6J,Stax,366045,£2.79,14/04/25,8,8,8,0,23/04/2025,0,FALSE,,,,df257077-bd8f-45c1-b60e-a43dd2626ca5
2,XY-UM2X-TPS32,XY-UM2X-TPS3,"Minky Reflector Ironing Board Cover, Metallic, Multicolor, 125 x 45 cm",B003VTZAM0,Stax,889142,£4.57,14/04/25,31,31,31,0,23/04/2025,0,FALSE,,,,b08c01df-feb8-461f-804d-a3fb5ea3f1fc
6,4U-9ZL6-9G0Y6,4U-9ZL6-9G0Y,"Piksters Wax for Orthodontics and Braces, 2 Count (Pack of 1)",B07C8QSSR2,DHB,PIK054,£1.24,14/04/25,578,578,578,0,17/04/2025,0,FALSE,,,,76e60c60-b5f3-496c-b0b4-c29a6c2ce2b3
3,C5-V0VF-ZQAV3,C5-V0VF-ZQAV,"TePe Good Compact Toothbrush, Soft, Assorted Colours, 1pc, Soft Toothbrush for Adults, Sustainable Toothbrush",B0853KGR7X,DHB,TEP084,£1.17,14/04/25,0,0,0,0,14/04/2025,0,FALSE,,,,a417b3ce-c82a-4523-ab7b-c8267bad30a0
3,03-7TNF-U2A13,03-7TNF-U2A1,Wisdom Clean Between Pro Interdental Brushes Large Purple,B08C34199M,DHB,WIS112,£1.89,14/04/25,0,0,0,0,14/04/2025,0,FALSE,,,,d23244e7-6cc8-4bd6-99be-dc6bd66d20f2
7,Z7-26PV-O9LR7,Z7-26PV-O9LR,Plaque Glo Plaque Disclosing Toothpaste and Torch System (Tropical),B07J9JGZZV,DHB,PIK065,£2.41,15/04/25,150,150,150,0,17/04/2025,0,FALSE,,,,b601bf01-9571-4a20-a557-a590af3dcc58
3,9D-PMDG-ALP43,9D-PMDG-ALP4,"Ultra Pro 330485 Standard Sleeves, Clear",B005BFZAK4,Bliss Distribution,E-82689,£3.00,22/04/25,35,,,35,,,FALSE,,,,26c676c5-8988-4996-bafe-399ac9236983
5,DV-USYD-8WR25,DV-USYD-8WR2,"OtterBox Symmetry Folio Case for iPad Air 11"" (2024) & iPad Air 10.9"" (2022/2020), Shockproof, Drop proof, Slim Protective Folio Case, Tested to Military Standard, Black",B0D3JD4FFD,TD Synnex,10290403,£20.07,22/04/25,4,4,4,0,28/04/2025,0,FALSE,,,,c631143e-a5a1-4484-89a8-fcf59d0b3f7f
2,3X-EXDD-TD2K2,3X-EXDD-TD2K,"OtterBox Symmetry Folio Case for iPad 10th gen 2022, iPad 11th gen 2025 (A16), Shockproof, Drop proof, Slim Protective Folio Case, Tested to Military Standard, Black",B0D6W9DZX4,TD Synnex,77-95790,£19.00,22/04/25,10,10,10,0,28/04/2025,0,FALSE,,,,d91aa1fe-0da0-49c2-bee0-4b4c49ae7c8a
2,DO-QDI1-K7R92,DO-QDI1-K7R9,"OtterBox Symmetry Folio Case for iPad 10th gen 2022, iPad 11th gen 2025 (A16), Shockproof, Drop proof, Slim Protective Folio Case, Tested to Military Standard, Black",B0BBH71LQN,TD Synnex,77-89975,£20.07,22/04/25,8,8,8,0,02/05/2025,0,FALSE,,,,683cc03b-ae2f-4e38-b165-1c4d8da98d77
1,JX-6USZ-SK7E1,JX-6USZ-SK7E,Wizards of the Coast Lords of Waterdeep Expansion: Scoundrels of Skullport,786964502,Heo,A35790000,£18.87,22/04/25,0,0,0,0,,,TRUE,,,,a248e652-6641-474a-9b61-cfb951d3c331
1,4B-HMJG-PHW41,4B-HMJG-PHW4,"Bosch 2608831009 ""SDS Plus-3"" Hammer Drill Bit, 0 V, Grey, 6 x 150 x 210 mm",B00D1V5E5G,Stax,108447,£2.23,23/04/25,0,0,0,0,,,TRUE,,,,baa39c39-359c-404b-aed3-a61827100000
1,NX-0OE3-AD7U1,NX-0OE3-AD7U,"Viners Assure 5 inch Utility Knife, Stainless Steel",B083G9XHT9,Stax,101798,£1.86,23/04/25,0,0,0,0,,,TRUE,,,,ecdc929f-deb6-4069-9d6e-3da264c2bf81
1,XE-27ZG-EZPZ1,XE-27ZG-EZPZ,"KitchenCraft Kitchen Scissors with Bottle Opener, Stainless Steel, Multi Purpose Shears 21 cm (8.3''), Black",B0001IWX7E,Stax,377564,£1.23,23/04/25,19,19,19,0,16/05/2025,0,TRUE,,,,fe3f765e-c34e-4497-b3fe-80d56a648872
1,AK-OB6V-HIYD1,AK-OB6V-HIYD,Price's Petali Brand Scented Tealights | 25 Pack Tealights 4 Hour Burn Time | Available in Multiple Scents (Rose),B00IUKPVYM,Stax,348926,£1.21,23/04/25,24,24,24,0,16/05/2025,0,TRUE,,,,d90ec8f3-da6f-4358-9236-e76531ff7636
1,6S-TT0C-48SV1,6S-TT0C-48SV,10-30-51 Bowsaw 30In,B0001IX7TM,Stax,838917,£9.49,23/04/25,0,0,0,0,,,TRUE,,,,df68dd3b-aaae-4555-b749-c875c0eb06b0
1,N2-I82D-3I3Q1,N2-I82D-3I3Q,"Ring Automotive Digital Keyring Tyre Pressure Gauge & LED Torch - Shows pressure in PSI, kPA, BAR & kg/cm2",B00499DTS8,Stax,743941,£6.96,23/04/25,0,0,0,0,,,TRUE,,,,2090ecbb-4a41-4958-a88e-e5a58e2465cb
1,FB-6FW0-Z82Q1,FB-6FW0-Z82Q,"Croydex White Button Shower Curtain Rings 12pk, 75g, 34F",B005F5TRBI,Stax,356204,£1.62,23/04/25,10,10,10,0,16/05/2025,0,TRUE,,,,692baa3c-dbb6-408d-8586-fa60b8aa47b6
4,7L-OT45-7LYB4,7L-OT45-7LYB,"Yale YES-CYLPULL-CH Essentials Rim Cylinder Door Pull, Great for External Doors, for Easy Door Closing, Chrome Finish",B01NBDFDBC,Stax,5011802251854,£1.19,23/04/25,32,32,32,0,16/05/2025,0,FALSE,,,,35c306e7-5395-4aed-bf0c-fc4aa4b65654
2,UR-W905-8D8D2,UR-W905-8D8D,"FITO 2044394 Citrus Plant Drip Feeder, 160 ml (5x32ml), Yellow, 13.5x2.8x18.5 cm",B00B2KJ59Y,Stax,5060494310363,£2.78,23/04/25,42,42,42,0,16/05/2025,0,FALSE,,,,dbdcaf77-5096-44b1-889b-8b87044ef70a
3,8L-INBX-OUTU3,8L-INBX-OUTU,"Easy Cook NS606R Microwave Egg Poacher, red, 2 cup",B016Y8SWZQ,Stax,312497,£2.43,23/04/25,12,12,12,0,16/05/2025,0,FALSE,,,,add36f90-85bc-4784-8705-0942d97dcf6f
3,NX-YY01-TLFO3,NX-YY01-TLFO,"Masterplug ELS132B-01 Permaplug Two Socket Trailing Socket, without Plug and Cable, 13 Amp, Black",B004TRSSIQ,Stax,782519,£1.61,23/04/25,51,51,51,0,16/05/2025,0,FALSE,,,,b53284b8-014c-422f-8d41-3c822e41de76
5,TA-HQMF-9SUB5,TA-HQMF-9SUB,Ravenhead 0041.625 Entertain Set of 2 Highly Transparent 29.5 cl Margarita Glasses,B074JHRC6J,Stax,366045,£2.79,23/04/25,6,6,6,0,16/05/2025,0,FALSE,,,,b6fe7cad-702c-4515-baff-65d002d06b9a
2,SE-IQQJ-EOU32,SE-IQQJ-EOU3,"BG Electrical Intelligent Single Wall Dimmer Switch, 2 Way, Screwless Front Plate, Premium Flatplate, Brushed Steel, 200W, FBS81",B004R1ZS64,Stax,343398,£10.31,23/04/25,6,6,6,0,16/05/2025,0,FALSE,,,,e25f58dd-0f74-44b2-9187-848ecc460601
2,VL-48KZ-J3F22,VL-48KZ-J3F2,"Masterplug Heavy Duty Single Socket Trailing Socket, Without Plug and Cable, White",B07L8N2TC1,Stax,424668,£1.04,23/04/25,25,25,25,0,16/05/2025,0,FALSE,,,,a3307115-3ea4-4fcf-9258-4ce06dc83038
1,YC-3L3M-BV481,YC-3L3M-BV48,"McFarlane DC Multiverse 7"" Scale Vehicles - Tumbler with Lucius Fox (The Dark Knight) Gold Label, Includes Action Figure and Accessories",B0CTD6Q6KY,Heo,MCF15193,£39.61,23/04/25,6,6,6,0,15/05/2025,0,TRUE,,,,1262d236-9a04-4edd-a978-fff5c213c1c5
1,GZ-0NY2-BOHL1,GZ-0NY2-BOHL,Squishy Pack - 10 Pack Balloon Refill,B0CVY2GT53,Heo,BOTI38687,£5.34,23/04/25,0,0,0,0,15/05/2025,0,TRUE,,,,8bf8f30b-a9d2-450d-ada3-875ad74f9958
2,H6-E7MP-EBPD2,H6-E7MP-EBPD,"BRIO 33344 Mechanical Switches Wooden Train Track for Kids Age 3 Years Up - Compatible with all BRIO Railway Sets & Accessories, Multicoloured",B00000IU72,ABGee,542 33344,£8.45,24/04/25,27,27,27,0,15/05/2025,0,FALSE,,,,ac4cc8ae-2b78-4e8f-b040-22e3e8fca1de
7,DC-K5WH-R7F57,DC-K5WH-R7F5,TEPE INTERDENTAL Travel CASE,B0073FT7FY,DHB,TEP068SP,£0.63,28/04/25,200,200,200,0,01/05/2025,0,FALSE,,,,154bd576-deb6-471b-bc4b-003f4471ae9a
4,03-7TNF-U2A14,03-7TNF-U2A1,Wisdom Clean Between Pro Interdental Brushes Large Purple,B08C34199M,DHB,WIS112,£1.40,28/04/25,60,60,60,0,01/05/2025,0,FALSE,,,,afaaf568-6268-4a86-b297-e816f36b8431
5,D7-MGBX-RX2P5,D7-MGBX-RX2P,"Ultra Pro 81181 3"" x 4"" Clear Thick 55PT Toploaders (25ct)",B001Q77TI2,Bliss Distribution,E-81181,£2.73,29/04/25,80,80,80,0,01/05/2025,0,FALSE,,,,9a51eda1-184f-419f-afe9-ce826407292b
5,49-4UKW-G81R5,49-4UKW-G81R,100 Ultra Pro Card Protector Sleeves: Pro-Matte - 66 x 91 mm,B00WI8O0RG,Bliss Distribution,E-84515,£3.37,29/04/25,30,30,30,0,01/05/2025,0,FALSE,,,,ceb5d860-a324-49b4-8330-ea9817ca35ae
4,9D-PMDG-ALP44,9D-PMDG-ALP4,"Ultra Pro 330485 Standard Sleeves, Clear",B005BFZAK4,Bliss Distribution,E-82689,£3.00,29/04/25,12,,,12,,,FALSE,,,,aaf1810b-deab-4511-8dd9-605df421c530
3,QW-9XV0-Q3EH3,QW-9XV0-Q3EH,"Ultimate Guard - Katana Sleeves - Red (100) [Standard Size, 66 x 91mm]",B00J5H1E9K,Bliss Distribution,UGD010109,£6.05,29/04/25,64,,,64,,,FALSE,,,,d02f9e10-a24f-480f-a076-ff7c24d8ad4b
2,LV-425G-BY4X2,LV-425G-BY4X,"Free League Publishing MÖRK Borg (Fantasy OSR RPG, Hardback, Full Color",9188805646,Bliss Distribution,FLFFLW01,£16.38,29/04/25,15,15,15,0,21/05/2025,0,FALSE,,,,3dc60f3b-52b2-483b-ab8e-31a48a29d695
2,QT-C0ZN-T4R72,QT-C0ZN-T4R7,Free League ALIEN RPG Starter Set - Tabletop Roleplaying Game - Age 168+,9188805972,Bliss Distribution,FLFALE013,£17.06,29/04/25,15,15,15,0,21/05/2025,0,FALSE,,,,f279bf60-82e1-4269-997d-1b067e9ca580
4,WX-L5UA-UB1Q4,WX-L5UA-UB1Q,"HG Stain Away 7 Rusty Mark Remover, 50 ml",B007R2ICTK,Stax,87298406,£1.84,29/04/25,400,400,400,0,16/05/2025,0,FALSE,,,,4583d363-7636-47f2-90d5-2638d4ff922c
3,6Q-9G2A-IKVV3,6Q-9G2A-IKVV,Marshalltown The Premier Line GB692 12-Inch by 24-Inch Vinyl Grout Bag with Metal Tip,B000PSB13C,Tool Chimp,MGB692KIT,£7.29,29/04/25,144,144,144,0,15/07/2025,0,FALSE,,,,bf56c45a-39c5-4b51-adf8-0002edfdcdef
13,A2-T2AC-TW3L13,A2-T2AC-TW3L,Everbuild Industrial Grade Superglue GP 50 g Pack of 3,B006PFN3BW,Sika,484652,£4.29,01/05/25,340,340,340,0,29/07/2025,0,FALSE,,,,0158bf3a-3026-4a06-a65a-73dab1bbc5d3
4,SU-5LQH-2DVN4,SU-5LQH-2DVN,"3 PCS EVERBUILD INDUSTRIAL GRADE SUPER GLUE HV HIGH VISCOSITY BONDS PVC, METAL, MDF, ALUMINIUM, CERAMICS, RUBBER ETC. 20G EACH",B07SLLYRSP,Sika,484654,£2.01,01/05/25,166,166,166,0,29/07/2025,0,FALSE,,,,8b69c0bc-2ec9-4ab1-8ff9-850ea4149431
4,PE-G94Y-4PYO4,PE-G94Y-4PYO,2 X Everbuild CYN50 Industrial Superglue General Purpose 50 g,B011SEA38A,Sika,484652,£2.86,01/05/25,30,30,30,0,29/07/2025,0,FALSE,,,,6288dccc-f639-477a-a72c-871028f064d8
5,2U-4KLP-68HB5,2U-4KLP-68HB,"Ultimate Guard - Katana Sleeves - Purple (100) [Standard Size, 66 x 91mm]",B07NGGSR3D,Bliss Distribution,UGD010923,£5.86,01/05/25,20,,,20,,,FALSE,,,,cbbbf4d8-e2ef-4ef3-8115-922135943b7a
2,1U-YF3T-TR742,1U-YF3T-TR74,Modiphius Entertainment Role Playing Game Alien RPG: Stress Dice Set,B082BVCQMQ,Bliss Distribution,FLFALE005,£7.67,01/05/25,6,,,6,,,FALSE,,,,698b4afe-d930-49b5-97b5-bde30db32ec7
2,VA-V4J8-WHCT2,VA-V4J8-WHCT,"Lexibook, The Collins English Dictionary, 13th Edition-Electronic Pocket Spellchecker, Thesaurus, Crossword, Conjugation, Anagram Solver, Words Games, with Battery, Blue/White, DC753EN",B08FKZMQH8,Rashmian,DC753EN,£15.25,5/1/2025,4,4,4,0,06/05/2025,0,FALSE,,,,93d67872-c74b-41d1-9169-b7258f01f790
2,4W-VS57-BV6A2,4W-VS57-BV6A,"Lexibook Barbie, French/English Bilingual Educational Computer, Toy for Kids with 124 Activities for Learning, Having Fun and Playing the Piano, Pink, Color, JC598bbi1",B0C9LJNJWZ,Rashmian,JC598BBI1,£18.50,5/1/2025,30,30,30,0,06/05/2025,0,FALSE,,,,aec336fe-d05c-4465-9ead-c5ca4f5c61ce
2,86-0EBH-JQX62,86-0EBH-JQX6,"Lexibook, English Dictionary, Pocket electronic dictionary, Definitions, Thesaurus, Grammar functions, Phonetic spellchecker, Word games, 4"" screen, Advanced features, Blue, D660EN",B0D59LGPWS,Rashmian,D660EN,£19.50,5/1/2025,46,46,46,0,06/05/2025,0,FALSE,,,,23d45e10-b8b1-4661-abef-46ac60134798
1,IR-BP1X-M8DG1,IR-BP1X-M8DG,"Story of Lily Ladies perfume Natural Spray,Floral, 100 ml",B008HSBYS4,Shure Cosmetics,SCS06536,£1.00,01/05/25,50,50,50,0,15/05/2025,0,TRUE,,,,fa1d5f31-5558-4600-b993-0e90deb9f163
1,3E-KHO2-YIAU1,3E-KHO2-YIAU,Men - Permanent Hair Dye | Medium Brown Colour for Hair Beard & Moustache | Natural Colour Effect in 5 Minutes | Cover Grey Hair | Ammonia FREE | 30ml,B012DV4306,Shure Cosmetics,SCS19763,£1.70,01/05/25,150,150,150,0,15/05/2025,0,TRUE,,,,8048af6a-2369-4bdf-9de8-52d4ce8d0da8
1,S2-RZ4R-15M61,S2-RZ4R-15M6,Crazy Color Semi-Permanent Hair Color Cream 4 Bottles of Violet 100 ml,B009M3917O,Shure Cosmetics,SCS18973,£9.15,01/05/25,0,0,0,0,15/05/2025,0,FALSE,,,,f6f58760-f42c-478e-92f0-4b22173bf644
2,XY-SHVR-W7PG2,XY-SHVR-W7PG,Revolution Beauty London Soph Eyeshadow Palette,B076VTQGGL,Shure Cosmetics,SCS23103,£1.50,01/05/25,35,35,35,0,15/05/2025,0,TRUE,,,,92577b47-c118-4ad7-98e6-e8014faa14e0
7,JB-RGB6-LZOJ7,JB-RGB6-LZOJ,Loctite 194088 AA 319 Rear View Mirror/Phone/Radio Aerial Bonder Adhesive Glue,B0001P0DLU,Stax,5010266168227,£2.47,01/05/25,150,150,150,0,17/05/2025,0,FALSE,,,,6b23eb68-0792-46a2-bb34-986cfea6df77
4,N4-5C3G-RJS14,N4-5C3G-RJS1,Draper 79579 230mm Spirit Level,B000MQ663C,Stax,124720,£3.23,01/05/25,5,5,5,0,17/05/2025,0,FALSE,,,,6b1b69f9-2c3f-4534-ad11-eb9e35fe367b
3,G9-GAEI-FQI33,G9-GAEI-FQI3,Town & Country TGL200M Master Gardener Green Ladies Gloves Medium,B0001IWI10,Stax,757126,£3.30,01/05/25,30,30,30,0,17/05/2025,0,FALSE,,,,0e4d0d53-541b-4e80-a5ce-d67e62816dd2
1,X1-APP3-4HQ61,X1-APP3-4HQ6,"LEXIBOOK JC598UNIi1 Unicorn Educational and Bilingual Laptop French/English-Toy for Children with 124 Activities to Learn Mathematics, Dactylography, Logic, Clock Reading, Play Games and Music, Pink",B0BMKQKC3M,Rashmian,JC598UNII1,£17.00,5/1/2025,12,12,12,0,02/06/2025,0,FALSE,,,,37597be1-aba3-4d41-be3e-15754a9bd0fc
7,Z3-ORV9-K8XD7,Z3-ORV9-K8XD,"Learning Resources EI-2978 Kanoodle 3D Brain Teaser Puzzle, Travel Game for Adults and Kids Ages 7 8 9 10+, Gift for Boys & Girls, Featuring 200 Challenges, Multicoloured",B000FGECAI,ABGee,290 EI-2978,£6.56,05/05/25,400,400,400,0,21/05/2025,0,FALSE,,,,2d80d43d-5326-41aa-8f5e-fdb2edc4f28f
2,12-3VTE-5T3Z2,12-3VTE-5T3Z,Feretory: Mork Borg Cult,9189143078,Bliss Distribution,FLFFLW09,£10.23,05/05/25,15,15,15,0,21/05/2025,0,FALSE,,,,281dc6fa-3521-4c14-81e1-c2867987dd8e
,,Z9-FBUQ-EZN3,Chipotle Chillies in Adobo Paste - 170g Jar | Smoky Chilli Peppers in Sauce for Mexican Cooking,B074RQ8G8Z,CLF,COE12,£2.89,05/05/25,30,30,30,0,14/05/2025,0,TRUE,,,,e4ccccb6-2923-455a-a9dc-160d6647a4ce
,,K0-71JR-UNLF,"Beanies Instant Coffee Flavoured 50g, Freeze-Dried Granules, Quick & Easy to Brew, Nut-Free, Premium Taste,Rich in Flavour, Low-Calorie, Sugar-Free (50g, Cookie dough)",B01JL0WRI2,CLF,BEAN10,£2.44,05/05/25,8,8,8,0,14/05/2025,0,TRUE,,,,dc0071d6-c0b4-4982-ad81-afcebbb5b78f
,,D8-1A3E-I37F,Avalon Organics Rosemary Volumizing Conditioner 325ml Pack of 3,B001ET78RY,CLF,AVA-9110,£16.74,05/05/25,10,10,10,0,14/05/2025,0,TRUE,,,,51dd18d8-9b72-4449-9188-cf0055406ba9
,,BL-WX51-KQOK,Hilltop Maple Syrup - Very Dark Late Harvest - Squeezy Bottle - 230g,B0897VHKW6,CLF,HTP41,£3.40,05/05/25,10,10,10,0,14/05/2025,0,TRUE,,,,918d7708-d47c-4b3a-b61d-56bd170a6039
,,7H-7G2P-ONWJ,OceanSaver Anti-Bac Cleaning EcoDrop | Anti-Bacterial Multipurpose Cleaning Spray | Ocean Mist | Eco Friendly Cleaning (1 Pack),B081Q9CFGC,CLF,OCN6,£0.88,05/05/25,24,24,24,0,14/05/2025,0,FALSE,,,,f1e003e5-de99-45ba-9227-901ee6a43519
,,YO-EKK2-FRCC,"SPLAT Biocalcium Toothpaste, 100 ml",B00BWU7MNU,CLF,SPLT28,£3.28,05/05/25,10,10,10,0,14/05/2025,0,FALSE,,,,86a56841-327b-4587-b3cb-e3dc429d87a6
,,RZ-6ZL9-CZ7J,Kingfisher Natural Toothpaste Charcoal Mint Fluoride-Free | vegetarian & vegan | Oral Health Foundation approved | Gluten-Free & GM-Free | Ethical Consumer Best Buy | 1 x 100ml tube,B075XT2J8X,CLF,KIN2,£2.42,05/05/25,75,75,75,0,14/05/2025,0,FALSE,,,,4a2f6b1f-e07f-4139-9d15-62d1d5a2fd9f
,,XH-0LAE-FQO5,"Curaprox CS 1006 Interdental Toothbrush, Assorted Colour. Manual Single Tuft Interdental Brush Ultra-Fine CUREN® Filaments",B00AOES9GE,DHB,CUR035X,£2.96,05/05/25,120,120,120,0,16/05/2025,0,FALSE,,,,d604c046-8801-4a97-924a-f2bb58ddde1a
,,MR-727N-ZG8K,Piksters Bamboo Interdental Brush - Size 00 Pink 0.60mm - 8 Brushes Per Pack,B07T2PV79R,DHB,PIK200,£2.12,05/05/25,10,10,10,0,16/05/2025,0,FALSE,,,,65f7f4ba-5755-4ed7-959d-6bedcd1ed6bb
,,0N-X5KF-213D,"Curaprox Children's Toothpaste Watermelon, 60ml - Fresh & Fruity Watermelon Flavoured Toothpaste for Kids 6 Years +., Clear",B09M3RB8R1,DHB,CUR144,£3.60,05/05/25,10,10,10,0,16/05/2025,0,FALSE,,,,447209ee-f268-4590-9acf-2412d78d4031
,,GY-FO04-RDYL,"Curaprox Children's Toothpaste CS Kids Strawberry, 60ml - Strawberry Toothpaste for Kids 2 + Years with 950 ppm Fluoride - SLS Free, Microplastic Free & Triclosan Free Kids Toothpaste., Clear",B09M3PQRBG,DHB,CUR143,£3.60,05/05/25,10,10,10,0,16/05/2025,0,FALSE,,,,d2452513-9755-4a87-b219-ef7d28bd4e71
,,NN-TSZ1-X2RD,Curaprox CS 12460 Velvet Ultra-Soft Toothbrush; Extra Soft bristles for Sensitive Gums,B093FQYQJH,DHB,CUR141,£3.89,05/05/25,60,60,60,0,16/05/2025,0,FALSE,,,,f16476b0-0866-43c7-9eff-75ac0936940f
,,OI-0483-CBVX,Amtech F4023 14mm x 210mm SDS Masonry Drill bit,B07BC5J1WW,DK Tools,F4023,£1.48,05/05/25,70,70,70,0,14/05/2025,0,FALSE,,,,4b2326f5-b56b-4aef-a6b0-75e66057783f
,,46-MOBK-YBS1,Funko POP! Games: Sonic 30th-Silver Hedgehog the Hedgehog - Sonic the Hedgehog - Collectable Vinyl Figure - Gift Idea - Official Merchandise - Toys for Kids & Adults - Video Games Fans,B089B7YDRN,Heo,FK51965,£6.84,05/05/25,57,,,57,,,FALSE,,,,2b998454-a883-4b4f-a237-bcffa525e85a
,,7C-MBEY-QA37,Ultimate Guard Katana Inner Sleeves Standard Size Transparent (100),B0BHCWWGKS,Heo,UGD011356,£2.62,05/05/25,12,12,12,0,15/05/2025,0,FALSE,,,,761431c3-4bcc-4d9d-a603-1326b62dd733
,,JX-6USZ-SK7E,Wizards of the Coast Lords of Waterdeep Expansion: Scoundrels of Skullport,786964502,Heo,A35790000,£18.87,05/05/25,10,5,5,5,15/05/2025,0,FALSE,,,,9dda2735-c34a-467f-a0ac-2da5b7c03964
,,EE-KTDC-KCFY,Crucial USB Adapter USB-C to USB-A CTUSBCFUSBAMAD,B08FSDMVNP,TD Synnex,6302977,£3.46,05/05/25,29,,,29,,,FALSE,,,,06fbd82e-6c97-41dc-bd42-b84a9a57673c
,,ZB-PV7O-TKUD,"OtterBox Symmetry Folio Case for iPad 10th gen 2022, iPad 11th gen 2025 (A16), Shockproof, Drop proof, Slim Protective Folio Case, Tested to Military Standard, Blue",B0BBH9MHBH,TD Synnex,77-89965,£20.57,05/05/25,9,9,9,0,21/05/2025,0,FALSE,,,,c1daa179-e25d-429c-930c-462328a4fe73
,,Q1-00D7-5IQF,Casio F-91WC Collection Men Watch,B0042SI594,Rashmian,F-91WC-9AEF,£9.80,5/6/2025,30,,,30,,,FALSE,,,,f0149c15-5337-484d-a587-495a295cdc4a
,,MY-XMO2-EXY1,Casio F-91WC Collection Men Watch,B0042SNS7S,Rashmian,F-91WC-4AEF,£9.80,5/6/2025,15,15,15,0,14/05/2025,0,FALSE,,,,6868d3a5-fb0c-4753-ab98-0b42c1bc3fe8
,,77-GYTL-JFN4,Logitech G Extreme 3D Pro USB Joystick for Windows - Black/Silver,B00009OY9U,TD Synnex,942-000031,£37.45,5/6/2025,0,0,0,0,30/05/2025,0,FALSE,,,,4bb056c4-5bbd-4f18-bad9-af18eaec3877
,,XG-Z9LW-Z27Q,"The Army Painter Speedpaint Medium 2.0, Single White Medium 18 ml Acrylic Paint One-coat Painting Solution For Fantasy Tabletop Miniatures Like Warhammer 40k And Dungeons And Dragons",B09NQ9YX9R,Bliss Distribution,WP2000,£1.89,5/7/2025,12,12,12,0,14/05/2025,0,TRUE,,,,6f5a9dfc-0109-498b-bed0-ae89a59c7cb5
,,0R-GRRH-W0Z9,"The Army Painter Speedpaint Zealot Yellow 2.0, Single Acrylic Paint 18ml One-coat Painting Soloution For Fantasy Tabletop Miniatures Like Warhammer 40k and Dungeons And Dragons Figures",B09NQD4S5N,Bliss Distribution,WP2013,£1.95,5/7/2025,12,12,12,0,14/05/2025,0,TRUE,,,,04c00dfa-e841-41ea-b09e-ead9dae3cb74
,,VO-A6AR-18YS,"The Army Painter Speedpaint Slaughter Red 2.0, Single Acrylic Paint 18ml One-coat Painting Soloution For Fantasy Tabletop Miniatures Like Warhammer 40k and Dungeons And Dragons Figures",B09NQDQ8X7,Bliss Distribution,WP2012,£1.97,5/7/2025,6,6,6,0,14/05/2025,0,TRUE,,,,775f0382-facd-4a9d-ac6b-af9bed0a103b
,,IJ-V0PQ-4CZ4,"The Army Painter Speedpaint Sand Golem 2.0, Single Acrylic Paint 18ml One-coat Painting Soloution For Fantasy Tabletop Miniatures Like Warhammer 40k and Dungeons And Dragons Figures",B09NQCV872,Bliss Distribution,WP2020,£1.97,5/7/2025,12,12,12,0,14/05/2025,0,TRUE,,,,d3dc8c0c-be51-488f-a4fa-49cd6274bdc4
,,3Z-03PB-Q1A8,The Army Painter Speedpaint Singles - Cloudburst Blue,B09NQ9ZHDQ,Bliss Distribution,WP2022,£1.84,5/7/2025,12,12,12,0,14/05/2025,0,TRUE,,,,11061abc-f77e-4b75-abeb-2001426d0deb
,,0Z-Y60V-499R,"The Army Painter Speedpaint Absolution Green 2.0, Single Model Building Acrylic Paint, 18 ml, Single Layer Paint Solution for Fantasy Tabletop Miniatures Like Warhammer 40k Figures and DnD Miniatures",B09NQBQW49,Bliss Distribution,WP2007,£1.93,5/7/2025,12,12,12,0,14/05/2025,0,TRUE,,,,986b35b5-6ebd-4842-92cf-3495a792c9ef
,,BB-ZT14-1QQA,"The Army Painter Lowland Shrubs, 77 Self Adhesive Static Grass Tufts in 3 Sizes, for Model Bases, Terrain Scenics, Miniature Bases and Diorama Base, Green Grass Tufts for Gaming Bases",B086MBW9R9,Bliss Distribution,BF4232,£3.12,5/7/2025,20,20,20,0,14/05/2025,0,TRUE,,,,b59e2423-62ad-47ce-90e2-d5de08cd4095
,,SR-6OBB-WC03,Dragon Shield ART11105 White (60) Matte Japanese Size Sleeves 60pk,B06XXDNH1P,Bliss Distribution,AT-11105,£2.86,5/7/2025,60,60,60,0,14/05/2025,0,TRUE,,,,f4e954c8-2f3f-4b7b-a1ff-e97a05cc2c09
,,0H-5V53-GPG4,Arcane Tinmen ApS ART15062 Dragon Shield: Matte - Dual Soul (Metallic Purple),B0CRRPCT5P,Bliss Distribution,AT-15062,£4.85,5/7/2025,100,100,100,0,14/05/2025,0,TRUE,,,,e52b0ed8-2409-4ecf-bbbd-ff191f9aab74
,,3Z-45IC-N1H4,The Army Painter | Basing Glue,B07QPB3T1J,Bliss Distribution,GL2013,£2.40,14/05/25,90,90,90,0,28/05/2025,0,FALSE,,,,e671c0c8-d7ca-4561-957d-23e135da8c19
,,4U-9ZL6-9G0Y,"Piksters Wax for Orthodontics and Braces, 2 Count (Pack of 1)",B07C8QSSR2,DHB,PIK054,£1.20,14/05/25,576,576,576,0,17/05/2025,0,FALSE,,,,2cfbdcc3-4d29-4133-8e59-b83af17a9a0f
,,93-TB6X-UKTU,"Piksters Interdental Brushes, Size 00, Pink Handle, 10 Pack",B078K3B7R6,DHB,PIK021,£1.69,14/05/25,20,20,20,0,17/05/2025,0,FALSE,,,,d4e1690e-08f8-49b4-96a9-8e5b9c5c1f17
,,SR-JF1N-II8S,OrthoSpace - Orthodontic Braces Toothbrush V-Trim (Blue),B094D24L5J,DHB,ORT012,£1.22,14/05/25,10,10,10,0,17/05/2025,0,FALSE,,,,d649f11c-8aed-422b-bde6-e89f7a12d99f
,,DC-K5WH-R7F5,TEPE INTERDENTAL Travel CASE,B0073FT7FY,DHB,TEP068SP,£0.63,14/05/25,160,160,160,0,17/05/2025,0,FALSE,,,,604ab1ba-4f75-45b9-b97a-fd875933b9bc
,,GY-FO04-RDYL,"Curaprox Children's Toothpaste CS Kids Strawberry, 60ml - Strawberry Toothpaste for Kids 2 + Years with 950 ppm Fluoride - SLS Free, Microplastic Free & Triclosan Free Kids Toothpaste., Clear",B09M3PQRBG,DHB,CUR143,£3.60,14/05/25,10,10,10,0,17/05/2025,0,FALSE,,,,ec54c29c-275b-4d76-b821-f9a4bcfb0c51
,,HL-03ZR-QPHH,"Curaprox Children's Toothpaste CS Kids Strawberry, Zero Fluoride, 60ml - Fluoride Free Strawberry Toothpaste for Kids 2 + Years - SLS Free, Microplastic Free & Triclosan Free Kids Toothpaste., Clear",B09M3PFZC8,DHB,CUR142,£3.60,14/05/25,10,10,10,0,17/05/2025,0,FALSE,,,,0cc4fc75-60c9-4d89-a110-f6e2d33f6f52
,,LR-7GM6-1RCH,"Lexibook, The Collins English dictionary, 13th Edition-Electronic Dictionary, Definitions, Thesaurus, Conjugation, Phonetic Spellchecker, Crossword Solver, with Battery, Blue/White, D850EN",B08MQB42B3,Rashmian,D850EN,£23.25,14/05/25,20,20,20,0,17/05/2025,0,FALSE,,,,c3a42f10-5ac2-49f9-981c-d04e943dbfb4
,,5M-QO6K-LNH0,"Easycook NS613R Easy Cook Polly Carbonate Non-Staining Microwave Sauce Pan and Lid, Red",B00ANP09LM,Stax,312496,£2.36,14/05/25,200,200,200,0,19/06/2025,0,FALSE,,,,f6066d14-3ac9-4171-a5dd-78ffdf3cd01b
,,XY-UM2X-TPS3,"Minky Reflector Ironing Board Cover, Metallic, Multicolor, 125 x 45 cm",B003VTZAM0,Stax,889142,£4.57,14/05/25,150,150,150,0,19/06/2025,0,FALSE,,,,6e87631d-d24b-42e7-ae4d-f4ea13f219a8
,,L3-ZQ8U-A7LQ,Sandisk SDCZ50-016G-B35 USB 2.0 Flash Drive 16GB Black/Red,B004I2N5AS,TD Synnex,2046517,£3.40,14/05/25,100,100,100,0,15/05/2025,0,FALSE,,,,68f85c79-eb11-481f-b059-2b2be4da32c1
,,3X-EXDD-TD2K,"OtterBox Symmetry Folio Case for iPad 10th gen 2022, iPad 11th gen 2025 (A16), Shockproof, Drop proof, Slim Protective Folio Case, Tested to Military Standard, Black",B0D6W9DZX4,TD Synnex,77-95790,£20.57,05/05/25,10,10,10,0,14/05/2025,0,FALSE,,,,d768c662-f44a-4994-8474-645b39b027cd
,,CJ-X0SS-QOUW,Snackles Small Sized 14 cm by ZURU Cuddly Squishy Comfort Plush with License Snack Brand Accessory (Random Assortment),B0CG234KW1,ABGee,777 77510GQ1-A,£4.16,20/05/25,12,12,12,0,08/07/2025,0,TRUE,,,,194bab55-52cc-4083-b60d-a98fa69058fc
,,UR-Q7TM-1F3I,Funko Pop! Movies: Bride Of Chucky - Tiffany Valentine-Ray - 1/6 Odds for Rare Chase Variant - Collectable Vinyl Figure - Gift Idea - Official Merchandise - Toys for Kids & Adults - Horror Fans,B072YZPBJ3,ABGee,985 20117,£7.59,20/05/25,6,6,6,0,08/07/2025,0,TRUE,,,,3ebba692-3d07-4b69-831e-11fbc528f007
,,B1-4B2R-MBRP,Funko POP! Rocks: Mariah Carey - Emancipation Of Mimi - Collectable Vinyl Figure - Gift Idea - Official Merchandise - Toys for Kids & Adults - Music Fans - Model Figure for Collectors and Display,B0C4RR58SF,Heo,FK75274,£1.84,20/05/25,0,0,0,0,20/05/2025,0,TRUE,,,,81047d0f-46d3-41c7-a551-79b13bfee495
,,UE-BZE5-I0WM,"Dog Toy Good Boy Mini Ball-istic Thrower Ball Launcher, Colour may Vary",B003L6RJDQ,Jones Wholesale,221598,£0.89,20/05/25,0,0,0,0,,,TRUE,,,,eaf4e4d8-35c8-4a5c-928b-e8d1ee822afe
,,A9-2Y9G-M2K7,"Elliott Multi-Purpose Window Squeegee perfect for streak free cleaning on Windows, shower screens, cars and mirrors, Aluminium frame housing a 20cm rubber squeegee with an ergonomic Grey Handle.",B00KB225MS,Jones Wholesale,216090,£1.52,20/05/25,0,0,0,0,,,TRUE,,,,bfe42660-83f0-413f-ae51-8f8cf589f7d0
,,RY-U14K-5XDR,"Chef Aid 20cm / 8 Inch Long Handled Metal Sieve, Kitchen Essential Tool and Ideal for Straining, draining, Washing and Wide Range of Foods, with a fine mesh for Ease of use",B005NG23OW,Jones Wholesale,109754,£1.70,20/05/25,0,0,0,0,,,TRUE,,,,bcb01c1c-75b8-4109-b645-cc6c274894fa
,,52-BC73-O7B2,"Mutant GEAAR - 9.4g of EAA Powder + Arginine, 7g BCAAs, 4g Leucine, Electrolytes, Coconut Water, 30 Servings (Orange Rush)",B0C7HGQRY6,Tropicana Wholesale,MUT157,£12.44,20/05/25,0,0,,0,,,TRUE,,,,c6fc0654-369d-4d9c-a473-2dab0808e9e6
,,3B-3H3V-Z93T,"Myprotein Unisex Adult Mini Bottle Shaker - Black, 400 ml (Pack of 1)",B0CP69JJGG,Tropicana Wholesale,MYP044,£1.69,20/05/25,0,0,0,0,,,TRUE,,,,37f46706-8732-4848-9961-79b447674e95
,,L5-PF3B-WHU4,"Promixx Pro Shaker Bottle - Refillable, Powerful for Smooth Protein Shakes - Includes Extra Storage - BPA Free, Tumbler 600ml (Silver White/Grey)",B09LDDFK4R,Tropicana Wholesale,MIX025,£17.50,20/05/25,6,6,6,0,02/06/2025,0,TRUE,,,,fa1081f5-1e6d-4899-ac5b-d24e44d07ac1
,,D0-C7C0-H6LN,"Skinny Food Co Salted Caramel Zero Calorie Syrup 425ml - Sugar Free Salted Caramel Syrup For Snacks, Drinks & Desserts - Vegan, Gluten-free, Keto & Paleo Friendly Caramel Syrup - Salted Caramel Syrup",B07F1MFWV1,Tropicana Wholesale,SKI004,£2.74,20/05/25,12,12,12,0,02/06/2025,0,TRUE,,,,4bb5c2bc-b4dc-420b-ba6b-515971eb60c8
,,VU-UQNN-35C8,Skinny Syrup 425ml Cookies & Cream,B07XSLL4YW,Tropicana Wholesale,SKI037,£2.00,20/05/25,6,6,6,0,,,TRUE,,,,d4174f65-d924-4fe9-b0c1-1b1e0f89d181
,,E4-HG4R-5022,"The Skinny Food Co Zero Calorie Butterscotch Syrup, 400 g SFC1062/100/101",B07TGKYLLT,Tropicana Wholesale,SKI032,£2.74,20/05/25,20,20,20,0,02/06/2025,0,TRUE,,,,57510184-86ab-4ef6-b796-9466fffe3e1f
,,2X-8XI7-C9T5,White Chocolate Skinny Syrup,B07L6H9GZ2,Tropicana Wholesale,SKI006,£2.74,20/05/25,0,0,,0,,,TRUE,,,,ebb9d148-4610-4609-8966-fe7c9f1a8e83
,,2L-M26G-560I,"USN Power Punch BCAA Amino Acids Powder, Blue Raspberry Flavour - 400g, Vegan BCAA Powder, Vitamin B6 & No Sugar, Pre Workout & Intra Workout Energy Drink & Dietary Supplement to Maximise Performance",B075WYWJ5L,Tropicana Wholesale,USN026,£13.52,20/05/25,12,12,12,0,02/06/2025,0,TRUE,,,,9d94b348-1c4f-4728-a5dc-a94ec926d32e
,,FM-7COC-V8U2,"Joseph Joseph GoAvocado, 3-in-1 Avocado Tool with soft grip handle, Green, 12",B078SZDV17,We Stock Lots,MOQ - 36,£3.30,20/05/25,0,0,0,0,,,TRUE,,,,5d9d732a-9b6f-42bc-9f9c-390ea7323fe9
,,ZU-PFDN-JSYV,GOODBOY BOY BIG DOG SUPER SOFT PLUSH SQUEAKY TOY 44 CM,B07MW9H6P4,Stax,112387,£3.76,22/05/25,9,9,9,0,06/06/2025,0,FALSE,,,,351d6d03-a177-47a9-8932-2ae7bc928ebe
,,51-79LN-GGLK,"Defenders All-Seasons Multi-Purpose Handy Spreader with Scoop - Green, Ideal for Application of Granules and Seeds",B09HHLMG1V,Stax,109696,£1.43,22/05/25,0,0,0,0,06/06/2025,0,FALSE,,,,04ef520d-0aff-445f-9aeb-68be47d6b52e
,,L1-54EX-56YC,"Price's - Time for You Large Jar Candle - Sweet, Delicious Fragrance - Long Lasting Scent - Up to 100 Hour Burn Time - Ideal for All Occasions",B09445GL1C,Stax,103987,£5.35,22/05/25,14,14,14,0,06/06/2025,0,FALSE,,,,c553f19b-69a8-4b62-9eb8-e0886654e890
,,L2-WL35-LG0D,"Johnstone's - Amphibious Wall & Ceiling Paint Tester Pots - Emulsion - Easy Apply, Dries in 1-2 Hours - 75ml",B07PRCJQFX,Stax,333644,£1.88,22/05/25,0,0,0,0,06/06/2025,0,FALSE,,,,f9f2cf94-7b64-4c23-9bdd-26a1fedbbeb6
,,98-MF34-BSCF,Acctim Wickford Kids Teaching Wall Clock Quartz Rainbow Dial Quarter Markers Pink 20cm 22520,B079MFZL6K,Stax,369621,£3.19,22/05/25,26,26,26,0,06/06/2025,0,FALSE,,,,6ca2cb81-1e2b-488f-b5e3-17e64068c501
,,YD-NO15-VYZL,Johnstone's - Paint Tester Pots - Wall & Ceiling Paint - Waterfall - Emulsion Paint - Easy to Apply - Dry in 1-2 Hours - 75ml,B00VRF1XEY,Stax,658717,£1.88,22/05/25,0,0,0,0,06/06/2025,0,FALSE,,,,22b44d1d-a74c-4be3-8b2e-146a72094592
,,K7-1K9P-TTAZ,Matt Tester 75ml (Seashell),B00VREYQYO,Stax,657732,£1.88,22/05/25,0,0,0,0,06/06/2025,0,FALSE,,,,03f85863-3832-4366-b30e-fa14af37b2b0
,,D2-8SPY-Q095,"Fackelmann OPAL Skimmer, Straining Spoon, Frying Strainer, Fine Mesh, Medium Spider Ladle Stainless Steel, 37.5x12x5.5cm, Silver",B0052VXJGO,Stax,312457,£2.42,22/05/25,12,12,12,0,06/06/2025,0,FALSE,,,,36abecbd-e1da-4507-8011-8208ca81351a
,,UR-UAT8-4JSI,Ravenhead Essentials Vinegar Pot,B00LDLBG3A,Stax,334657,£0.83,22/05/25,97,97,97,0,06/06/2025,0,FALSE,,,,58ac2598-0d4f-4814-ad39-225f95931322
,,VL-48KZ-J3F2,"Masterplug Heavy Duty Single Socket Trailing Socket, Without Plug and Cable, White",B07L8N2TC1,Stax,424668,£1.04,22/05/25,63,63,63,0,06/06/2025,0,FALSE,,,,5cc1edf1-a95f-420b-a1b5-60c98f253b49
,,JY-781R-EYHZ,"Ultra Pro-Fit Sleeves Card Cases, Transparent Color, Miscellaneous (82712)",B005HXLH3O,Bliss Distribution,E-82712,£1.35,22/05/25,100,,,100,,,FALSE,,,,627baff2-1a9b-4de9-8869-e487728ea8fe
,,XG-Z9LW-Z27Q,"The Army Painter Speedpaint Medium 2.0, Single White Medium 18 ml Acrylic Paint One-coat Painting Solution For Fantasy Tabletop Miniatures Like Warhammer 40k And Dungeons And Dragons",B09NQ9YX9R,Bliss Distribution,WP2000,£1.89,22/05/25,24,24,24,0,14/07/2025,0,FALSE,,,,16560bc9-c911-4883-913a-e5c8091db9f9
,,0Z-Y60V-499R,"The Army Painter Speedpaint Absolution Green 2.0, Single Model Building Acrylic Paint, 18 ml, Single Layer Paint Solution for Fantasy Tabletop Miniatures Like Warhammer 40k Figures and DnD Miniatures",B09NQBQW49,Bliss Distribution,WP2007,£1.92,22/05/25,6,6,6,0,14/07/2025,0,FALSE,,,,e958bbfa-55ea-4f20-b57d-4c567b5023f5
,,6V-EEC1-2S9Z,3 X Everbuild CYN20 20g General Purpose Industrial Superglue,B06WW79DX5,Sika,484651,£2.07,22/05/25,500,500,500,0,30/05/2025,0,FALSE,,,,4509f71c-f250-4cb3-9d1c-a6132912bfe8
,,OZ-3NKR-VLYG,Good Boy Armitage Latex Space Lobber Toy Junior,B0049A27FS,Trilanco,GDB0101,£1.64,22/05/25,0,0,0,0,,,FALSE,,,,298444f5-f7b3-4b2a-8015-6225770c8bfb
,,XY-UM2X-TPS3,"Minky Reflector Ironing Board Cover, Metallic, Multicolor, 125 x 45 cm",B003VTZAM0,Stax,889142,£2.56,23/05/25,0,0,0,0,,,FALSE,,,,ca1e10cd-c8e7-4f1c-8acd-12c774b3664c
,,IZ-8NZ9-VXR2,"Baby Annabell Lunch Time Trickbottle, Pink",B08XLT86GL,ABGee,515 706404,£3.80,28/05/25,48,,,48,,,FALSE,,,,56c21c0f-2845-4d4b-946e-8cca576da767
,,CX-1R85-163Z,Wild Aqua Case And Fresh Cotton & Sea Salt Deodorant Starter Pack 40g,B0CVHD7892,CLF,WID1,£6.50,30/05/25,32,32,32,0,12/06/2025,0,FALSE,,,,7ecff307-d794-4433-ac49-040d3159c4a5
,,4D-BI2L-5PZ8,Jojoba Blending Oil,B000Q351JG,CLF,TSD84,£7.35,30/05/25,6,6,6,0,12/06/2025,0,FALSE,,,,e1353636-1a7e-4021-a063-51b5363923c5
,,RZ-6ZL9-CZ7J,Kingfisher Natural Toothpaste Charcoal Mint Fluoride-Free | vegetarian & vegan | Oral Health Foundation approved | Gluten-Free & GM-Free | Ethical Consumer Best Buy | 1 x 100ml tube,B075XT2J8X,CLF,KIN2,£2.42,30/05/25,124,124,124,0,12/06/2025,0,FALSE,,,,c82f2afa-7a62-420d-a552-4fa933513414
,,4U-9ZL6-9G0Y,"Piksters Wax for Orthodontics and Braces, 2 Count (Pack of 1)",B07C8QSSR2,DHB,PIK054,£1.20,30/05/25,576,576,576,0,09/06/2025,0,FALSE,,,,b592596c-af4f-43b2-aa5f-a9bda396f285
,,VF-3T0K-DR5O,"TePe EasyPick Toothpicks, Purple, ISO XL, 36pcs, Plaque Remover, efficient Clean Between The Teeth, Durable Dental Picks for Wide Gaps, Travel case Included",B08KFFY86W,DHB,TEP484,£2.05,30/05/25,750,750,750,0,09/06/2025,0,FALSE,,,,5c602658-7158-4136-9f5d-bfee2955fd02
,,Z7-26PV-O9LR,Plaque Glo Plaque Disclosing Toothpaste and Torch System (Tropical),B07J9JGZZV,DHB,PIK065,£4.37,30/05/25,150,150,150,0,09/06/2025,0,FALSE,,,,4d9c0035-d7c7-4c6c-a161-0a2d61341b8f
,,DC-K5WH-R7F5,TEPE INTERDENTAL Travel CASE,B0073FT7FY,DHB,TEP068SP,£0.63,30/05/25,440,440,440,0,09/06/2025,0,FALSE,,,,fa673bd5-eee2-4756-a5a7-6ca2828c7b49
,,3T-6QPR-E2MV,"Ultimate Guard UGD010696 Boulder Deck Case, 100 Plus, standard size, malachite",B06XGSJS7N,Heo,UGD010696,£4.65,30/05/25,24,24,24,0,13/06/2025,0,FALSE,,,,2a7b9111-3b2e-458d-9735-6072a434e410
,,94-X6R7-SCOW,Funko POP! TV: Witcher - Yennefer - the Witcher - Collectable Vinyl Figure - Gift Idea - Official Merchandise - Toys for Kids & Adults - TV Fans - Model Figure for Collectors and Display,B0B6GD6QF8,Heo,FK67426,£2.82,30/05/25,6,6,6,0,13/06/2025,0,FALSE,,,,3ea333ca-4c90-412f-ba70-4c81c1b40485
,,7C-MBEY-QA37,Ultimate Guard Katana Inner Sleeves Standard Size Transparent (100),B0BHCWWGKS,Heo,UGD011356,£2.62,30/05/25,80,80,80,0,,,FALSE,,,,19908d7c-b945-4dea-a8da-1bedc411bf62
,,B1-4B2R-MBRP,Funko POP! Rocks: Mariah Carey - Emancipation Of Mimi - Collectable Vinyl Figure - Gift Idea - Official Merchandise - Toys for Kids & Adults - Music Fans - Model Figure for Collectors and Display,B0C4RR58SF,Heo,FK75274,£1.82,30/05/25,6,6,6,0,13/06/2025,0,FALSE,,,,d6b9ee2c-3595-49d1-963c-457f60da86d7
,,MW-9K5M-VKW8,Casio Gents 43.00mm Quartz Watch with Black Analogue dial and Black Rubber Strap Strap MRW-200H-1BVES,B0073TTHBY,Rashmian,MRW-200H-1BVES,£13.65,30/05/25,60,60,60,0,06/06/2025,0,FALSE,,,,46105d01-6c09-4679-803f-732d99404be1
,,IB-U5FA-BO2Y,"OtterBox Symmetry Folio Case for iPad Pro 11"" (2024), Shockproof, Drop proof, Slim Protective Folio Case, Tested to Military Standard, Black",B0D3JC45CK,TD Synnex,77-95257,£20.07,30/05/25,8,8,8,0,12/06/2025,0,FALSE,,,,5e8f6658-ab28-4d23-aa0e-90f82e814498
,,ZT-QPY3-P24I,"OtterBox Defender Case for iPad Air 11"" (2024) & iPad Air 10.9"" (2022/2020), Ultra-Rugged Protective Case with built in Screen Protector, 2x Tested to Military Standard, Black",B0D3JBBGSB,TD Synnex,77-95220,£33.11,30/05/25,6,6,6,0,12/06/2025,0,FALSE,,,,4cbb1806-b21a-4194-b7fe-72b3c2f68014
,,8M-NHB7-T8TR,"Salt of the Earth - Natural Deodorant Roll On Refill Bottle, x7 Uses - Amber & Sandalwood - Vegan, Long Lasting Protection, Leaping Bunny Approved, Made in the UK - 525ml",B0B2RBG672,CLF,SE66,£11.57,02/06/25,10,10,10,0,12/06/2025,0,TRUE,,,,204c5ef3-cafa-4c6c-82de-2ef9049bb1f3
,,4F-I024-EY2R,"Friendly Soap - Sweet & Uplifting Lemongrass Soap (95g), Plant-Based, Cruelty-Free, Made By Hand, No Preservatives or Sulphates, Sustainable",B012AO02EM,CLF,FSP3,£1.67,02/06/25,10,10,10,0,12/06/2025,0,TRUE,,,,048db8d0-a6f2-4d95-b833-ecd6d16da711
,,7H-7G2P-ONWJ,OceanSaver Anti-Bac Cleaning EcoDrop | Anti-Bacterial Multipurpose Cleaning Spray | Ocean Mist | Eco Friendly Cleaning (1 Pack),B081Q9CFGC,CLF,OCN6,£0.88,02/06/25,24,24,24,0,12/06/2025,0,TRUE,,,,00ae4137-9a09-4c2f-96cf-3a1eab45fa27
,,FH-DOIH-J7JE,Casio Men's Quartz Watch with Grey Dial Digital Display and Black Resin Strap F-91WM-7AEF,B01MUA5DU5,Rashmian,F-91WM-7AEF,£11.60,02/06/25,26,,,26,,,TRUE,,,,8c411b04-5a9f-4e3f-9e75-5be7f447d377
,,XY-SHVR-W7PG,Revolution Beauty London Soph Eyeshadow Palette,B076VTQGGL,Shure Cosmetics,SCS23103,£1.50,02/06/25,100,100,100,0,13/06/2025,0,FALSE,,,100x SCS23103,9580822a-1aff-4bd0-812a-efa77ac51c72
,,SQ-7QYT-5D5B,"Makeup Revolution, Conceal & Fix, Ultimate Coverage, Concealer, Medium Sand, 11g",B0915M1DLF,Shure Cosmetics,SCS22096,1.5,02/06/25,50,50,50,0,13/06/2025,0,FALSE,,,50x SCS22096,f01c2761-082a-4a93-ba45-a0d40232488c
,,H8-MI8Q-WG5C,Maybelline Fit Me! Luminous + Smooth Primer,B092K24B2Q,Shure Cosmetics,SCS23252,3.25,02/06/25,153,153,153,0,13/06/2025,0,FALSE,,,153x SCS23252,4b9f1394-a783-4e18-a175-f41f4dc330ea
,,88-PT9Z-DP6C,"Max Factor Miracle Second Skin Hydrating Foundation, Tan - 30 ml",B081SWQNFS,Shure Cosmetics,SCS24049,0.5,02/06/25,50,50,50,0,13/06/2025,0,FALSE,,,50x SCS24049,fe7a2d26-adcf-44d8-b47e-52e5bd2d29a8
,,6V-EEC1-2S9Z,3 X Everbuild CYN20 20g General Purpose Industrial Superglue,B06WW79DX5,Sika,484651,£2.10,10/06/25,500,500,500,0,08/07/2025,0,FALSE,,,,a9304a6c-0f00-4076-ba84-226230a4b944
,,SC-LYFM-ORXK,"Shaun the Sheep Plush 61176 Backpack Clip, Black and White, Great Gift Idea,9 x 7 x 14 centimetres",B07QXSDZJM,ABGee,541 61176,£4.20,19/06/25,26,26,26,0,08/07/2025,0,FALSE,,,,7ab3121c-079e-4f62-a6d3-55f4aeff175d
,,TE-Y18U-S2O1,"Super Impulse 361224 Worlds Smallest Monopoly Board Game in the World as Mini Version, from 8 Years",B08X1WM596,ABGee,333 SI5038,£4.16,19/06/25,10,10,10,0,08/07/2025,0,FALSE,,,,d00f8809-01e6-45a9-8327-85378322914e
,,D7-MGBX-RX2P,"Ultra Pro 81181 3"" x 4"" Clear Thick 55PT Toploaders (25ct)",B001Q77TI2,Bliss Distribution,E-81181,£2.73,19/06/25,80,80,80,0,14/07/2025,0,FALSE,,,,8e359559-d767-4265-92b2-486d3e34b77f
,,2U-4KLP-68HB,"Ultimate Guard - Katana Sleeves - Purple (100) [Standard Size, 66 x 91mm]",B07NGGSR3D,Bliss Distribution,UGD010923,£5.86,19/06/25,32,,,32,,,FALSE,,,,4acc3c4b-038a-4ea5-94a2-34003363b0dd
,,49-4UKW-G81R,100 Ultra Pro Card Protector Sleeves: Pro-Matte - 66 x 91 mm,B00WI8O0RG,Bliss Distribution,E-84515,£3.04,19/06/25,85,85,85,0,14/07/2025,0,FALSE,,,,323a67fb-2913-47c6-ac79-48e030c6942d
,,NO-N6RP-Y30Q,Dragon Shield - Matte Standard Size Sleeves 100pk - Emerald,B07NJCFPKF,Bliss Distribution,AT-11036,£4.31,19/06/25,120,120,120,0,14/07/2025,0,FALSE,,,,d9d9d9ae-7058-46da-b2a0-1c01961edbf6
,,QT-C0ZN-T4R7,Free League ALIEN RPG Starter Set - Tabletop Roleplaying Game - Age 168+,9188805972,Bliss Distribution,FLFALE013,£17.06,19/06/25,0,0,0,0,04/08/2025,0,FALSE,,,,688e297d-7c81-4b8c-b98f-2fb9820220dd
,,MW-9K5M-VKW8,Casio Gents 43.00mm Quartz Watch with Black Analogue dial and Black Rubber Strap Strap MRW-200H-1BVES,B0073TTHBY,Rashmian,MRW-200H-1BVES,£13.65,19/06/25,70,70,70,0,08/07/2025,0,FALSE,,,,05f0236b-666f-472a-a010-a1cac3d1daeb
,,GW-1ECO-QZA7,Casio Gents 33.00mm Quartz Watch with LCD Digital dial and Silver Metal Bracelet Strap A500WEA-1EF,B00N5SLQ7A,Rashmian,A500WEA-1EF,£20.05,19/06/25,50,50,50,0,12/08/2025,0,FALSE,,,,3a38286b-a785-40ab-af73-417179443fb9
,,LR-7GM6-1RCH,"Lexibook, The Collins English dictionary, 13th Edition-Electronic Dictionary, Definitions, Thesaurus, Conjugation, Phonetic Spellchecker, Crossword Solver, with Battery, Blue/White, D850EN",B08MQB42B3,Rashmian,D850EN,£23.25,19/06/25,52,52,52,0,08/07/2025,0,FALSE,,,,0a112791-80ef-4841-9d71-f9083ff6e473
,,MY-XMO2-EXY1,Casio F-91WC Collection Men Watch,B0042SNS7S,Rashmian,F-91WC-4AEF,£9.80,19/06/25,10,10,10,0,08/07/2025,0,FALSE,,,,8251d413-9f35-4941-9419-b209ab0f7947
,,WX-L5UA-UB1Q,"HG Stain Away 7 Rusty Mark Remover, 50 ml",B007R2ICTK,Stax,87298406,£1.72,19/06/25,802,802,802,0,10/11/2025,0,FALSE,,,,28f145c6-dde8-466a-91d3-22791ca04f12
,,NX-0Q7A-XR6H,The Skinny Food Co White Chocolate Chocahalic Skinny Spread 350g,B082DG6GJ6,Tropicana Wholesale,SKI072,£2.74,19/06/25,30,30,30,0,08/07/2025,0,FALSE,,,,e4a0cc20-c080-4758-b99b-3ff424b0eef3
,,0G-JB6S-PN34,"Skinny Food Co Sugar Free Maple Syrup 425ml - Zero Calorie Syrup For Breakfast, Snacks, Drinks & Desserts - Vegan, Gluten-free, Keto & Paleo Friendly Maple Syrup - Sugar Free Maple Syrup UK",B07H2WXMDJ,Tropicana Wholesale,SKI002,£2.74,19/06/25,10,10,10,0,08/07/2025,0,FALSE,,,,083c9017-0bfb-409c-b416-c6826e05a9de
,,GJ-2OZK-0GCA,Promixx PRO Electric Protein Shaker Bottle,B0CS3VF4GK,Tropicana Wholesale,MIX024,£17.50,19/06/25,5,5,5,0,08/07/2025,0,FALSE,,,,fe520031-16ef-477f-9892-504fbd18bead
,,3B-3H3V-Z93T,"Myprotein Unisex Adult Mini Bottle Shaker - Black, 400 ml (Pack of 1)",B0CP69JJGG,Tropicana Wholesale,MYP044,£1.60,19/06/25,50,50,50,0,08/07/2025,0,FALSE,,,,17e5159b-02cc-4726-8fb8-b46be6d0fe7b
,,L5-PF3B-WHU4,"Promixx Pro Shaker Bottle - Refillable, Powerful for Smooth Protein Shakes - Includes Extra Storage - BPA Free, Tumbler 600ml (Silver White/Grey)",B09LDDFK4R,Tropicana Wholesale,MIX025,£17.50,19/06/25,15,15,15,0,08/07/2025,0,FALSE,,,,1f9863ca-aafd-4052-b547-cfc85311ba8c
,,9X-7TBD-NA16,"Arcane Tinman ART13023 AT-13023 Dragon Shield-Perfect Fit Standard Sleeves 100pk-Smoke, Smoke, One Size",B01N49MD2S,Bliss Distribution,AT-13023,£1.99,23/06/25,90,90,90,0,12/08/2025,0,FALSE,,,,66f18b0f-ae9e-47ed-b199-86fd044c9990
,,VU-8KRA-QP5M,Arcane Tinmen Dragon Shield Standard Sleeves - Matte Turquoise (100ct),B0BNLWBLMV,Bliss Distribution,AT-11055,£4.32,23/06/25,100,100,100,0,14/07/2025,0,FALSE,,,,668b0687-c50c-4311-8a69-66636f00ae8f
,,B7-JEPF-6CU7,Vaseline Lip Therapy - 0.25 OZ Pack of 2 (Lip Therapy - Rosy Lips),B00GI299M4,Jones Wholesale,497891,£0.89,23/06/25,33,33,33,0,14/07/2025,0,FALSE,,,,083cbbad-406e-4941-9da0-ac66002626d4
,,U4-61J7-ERHI,"Prestige Eco Non Toxic Non Stick Frying Pan Set of 2 - Induction Frying Pans Set 20cm & 24cm, PFOA Free, Dishwasher Safe Cookware Made in Italy of Recyclable Materials, Green",B088FKCDV6,Jones Wholesale,479182,£16.28,23/06/25,3,3,3,0,14/07/2025,0,FALSE,,,,40d63ce3-f8e2-4bbd-9392-fc02fb7ee336
,,OW-ONY2-KNM7,"Blistex Relief Cream Soothing Protective Lip Cream, 5g",B09MTXZY2Y,Jones Wholesale,62104,£2.51,23/06/25,23,23,23,0,14/07/2025,0,FALSE,,,,19c919a7-e560-44eb-ae44-6ce9fafeab49
,,MU-A667-UQ3J,Ravensburger Aimee Stewart Myths & Legends 1000 Piece Jigsaw Puzzle for Adults and Kids Age 12 and Up,B081TGZQVR,ABGee,542 16479,£4.49,23/06/25,0,0,0,0,23/06/2025,0,FALSE,,,,83a6956c-59d0-4814-970e-498c3a029d93
,,MV-UNOG-CTUU,Bestway Splash And Play 3 Ring Play Above Ground Pool,B00FO70GG2,ABGee,386 51025,£1.50,23/06/25,30,30,30,0,08/07/2025,0,FALSE,,,,b2813578-169d-4dbb-bc8a-a55f9f4ceb3a
,,CX-SMCH-4DYA,"Kitchen Devils S8602003 Lifestyle Kitchen Knife, Black, 30x8.5x2 cm",B0012B80HG,Jones Wholesale,1000759,£3.95,23/06/25,21,21,21,0,14/07/2025,0,FALSE,,,,1732a9b4-6a2e-45ea-b732-45cda5eed006
,,QP-BCUW-E90M,"Thermos Stainless King Red Travel Mug (470ml), Reusable Insulated Stainless Steel Coffee Cup for Hot or Cold Drinks, Vacuum Sealed Water Flask with a Leak-Proof Lid, 7hr Hot/18hr",B00O5NEUAY,Jones Wholesale,446271,£13.76,23/06/25,18,18,18,0,14/07/2025,0,FALSE,,,,c7c97e75-a910-4d62-9173-4e76efd834b3
,,UE-BZE5-I0WM,"Dog Toy Good Boy Mini Ball-istic Thrower Ball Launcher, Colour may Vary",B003L6RJDQ,Jones Wholesale,221598,£0.89,23/06/25,8,8,8,0,14/07/2025,0,FALSE,,,,acd86f47-18b0-4b0d-a375-43793e5c1a44
,,A9-2Y9G-M2K7,"Elliott Multi-Purpose Window Squeegee perfect for streak free cleaning on Windows, shower screens, cars and mirrors, Aluminium frame housing a 20cm rubber squeegee with an ergonomic Grey Handle.",B00KB225MS,Jones Wholesale,216090,£1.52,23/06/25,73,73,73,0,14/07/2025,0,FALSE,,,,87a5ca64-63b6-4c25-a317-895325eb98fd
,,RY-U14K-5XDR,"Chef Aid 20cm / 8 Inch Long Handled Metal Sieve, Kitchen Essential Tool and Ideal for Straining, draining, Washing and Wide Range of Foods, with a fine mesh for Ease of use",B005NG23OW,Jones Wholesale,109754,£1.70,23/06/25,7,7,7,0,14/07/2025,0,FALSE,,,,a0d60c87-fdd3-4d0b-a7dc-8f2569e45ee6
,,SZ-UL4K-SE7W,Ultra Pro Comic Bags (100-Piece),B002QGAF8S,Bliss Distribution,E-82225,£3.08,09/07/25,30,30,30,0,25/07/2025,0,FALSE,,,,b315c5d6-981d-4208-99e4-64daef65a18a
,,6P-IWYA-X18B,"Arcane Tinman ART11006 Sleeves: Dragon Shield Matte Gold Standard 100pk-Gold, One Size",B07B8RJDXT,Bliss Distribution,AT-11006,£4.31,09/07/25,100,100,100,0,25/07/2025,0,FALSE,,,,4a976cb8-8019-4ce8-aa85-4acf05c0325e
,,LV-425G-BY4X,"Free League Publishing MÖRK Borg (Fantasy OSR RPG, Hardback, Full Color",9188805646,Bliss Distribution,FLFFLW01,£16.38,09/07/25,46,46,46,0,14/07/2025,0,FALSE,,,,21576263-f60e-4562-8ad9-76d15d195a2a
,,79-CPJ6-DSG6,Free League FLF-ALE014 ALIEN RPG Destroyer of Worlds Game,9189143051,Bliss Distribution,FLFALE014,£13.65,09/07/25,6,6,6,0,14/07/2025,0,FALSE,,,,f7058ede-5b4e-42c0-8502-5081dea347cf
,,DC-K5WH-R7F5,TEPE INTERDENTAL Travel CASE,B0073FT7FY,DHB,TEP068SP,£0.63,09/07/25,500,500,500,0,25/07/2025,0,FALSE,,,,a7cf28b7-409b-4e8d-ba5a-0649b6dde0ff
,,Q1-00D7-5IQF,Casio F-91WC Collection Men Watch,B0042SI594,Rashmian,F-91WC-9AEF,£9.80,09/07/25,20,,,20,,,FALSE,,,,af80ac92-2d2d-49e5-8fe9-5dc0d798f160
,,MY-XMO2-EXY1,Casio F-91WC Collection Men Watch,B0042SNS7S,Rashmian,F-91WC-4AEF,£9.80,09/07/25,50,,,50,,,FALSE,,,,411ac0ea-5b64-416c-b990-c176b4211269
,,6V-EEC1-2S9Z,3 X Everbuild CYN20 20g General Purpose Industrial Superglue,B06WW79DX5,Sika,484651,£2.10,09/07/25,1000,1000,1000,0,24/07/2025,0,FALSE,,,,a2909d22-8b4d-4b20-9881-8ba4a6700807
,,N4-5C3G-RJS1,Draper 79579 230mm Spirit Level,B000MQ663C,Stax,124720,£3.23,09/07/25,8,8,8,0,28/07/2025,0,FALSE,,,,c2f37d83-ee8a-41c1-b313-ce82cd6aca45
,,8L-INBX-OUTU,"Easy Cook NS606R Microwave Egg Poacher, red, 2 cup",B016Y8SWZQ,Stax,312497,£2.49,09/07/25,12,12,12,0,28/07/2025,0,FALSE,,,,37c60009-ec5f-4c1c-b2a8-0e14fba42ab4
,,6Z-8POQ-K5XH,Easycook Microwave Saucepan with Lid 0.9lt RED,B00ANOXX9I,Stax,312494,£2.91,09/07/25,10,10,10,0,28/07/2025,0,FALSE,,,,d014c365-064a-4249-9192-99afd8b709cb
,,NX-YY01-TLFO,"Masterplug ELS132B-01 Permaplug Two Socket Trailing Socket, without Plug and Cable, 13 Amp, Black",B004TRSSIQ,Stax,782519,£1.76,09/07/25,12,12,12,0,28/07/2025,0,FALSE,,,,c414d841-fae4-4b86-9009-5a2551659105
,,SE-IQQJ-EOU3,"BG Electrical Intelligent Single Wall Dimmer Switch, 2 Way, Screwless Front Plate, Premium Flatplate, Brushed Steel, 200W, FBS81",B004R1ZS64,Stax,343398,£10.38,09/07/25,11,11,11,0,28/07/2025,0,FALSE,,,,a9d65113-7e47-463a-9c90-8dfa4f87f695
,,UR-UAT8-4JSI,Ravenhead Essentials Vinegar Pot,B00LDLBG3A,Stax,334657,£0.83,09/07/25,86,86,86,0,28/07/2025,0,FALSE,,,,ca53b068-8f45-48a1-9324-140345073fdd
,,VL-48KZ-J3F2,"Masterplug Heavy Duty Single Socket Trailing Socket, Without Plug and Cable, White",B07L8N2TC1,Stax,424668,£1.06,09/07/25,56,56,56,0,28/07/2025,0,FALSE,,,,70d77dd4-8cf1-4e73-a59e-54ca1ffa273d
,,T8-6UWL-I3E1,"Solvite SLVTHRIFT Wallpaper & Border Paste, Set of 1",B001OXH0X2,Stax,368831,£1.48,09/07/25,0,0,,0,,,FALSE,,,,dc8d56dd-1d4a-4aa2-9695-97f3bb98a1ce
,,AK-OB6V-HIYD,Price's Petali Brand Scented Tealights | 25 Pack Tealights 4 Hour Burn Time | Available in Multiple Scents (Rose),B00IUKPVYM,Stax,348926,£1.21,09/07/25,10,10,10,0,28/07/2025,0,FALSE,,,,5aea6dae-f932-4d78-9482-dd6e98e92148
,,51-79LN-GGLK,"Defenders All-Seasons Multi-Purpose Handy Spreader with Scoop - Green, Ideal for Application of Granules and Seeds",B09HHLMG1V,Stax,109696,£1.43,09/07/25,0,0,0,0,16/07/2025,0,FALSE,,,,0e21d1fc-6e7f-4959-8980-003ac8c01ed9
,,NX-0Q7A-XR6H,The Skinny Food Co White Chocolate Chocahalic Skinny Spread 350g,B082DG6GJ6,Tropicana Wholesale,SKI072,£2.74,10/07/25,16,16,16,0,28/07/2025,0,FALSE,,,,03c0cfd5-d391-426f-818e-1eadc4e586c3
,,GJ-2OZK-0GCA,Promixx PRO Electric Protein Shaker Bottle,B0CS3VF4GK,Tropicana Wholesale,MIX024,£17.50,10/07/25,14,14,14,0,14/07/2025,0,FALSE,,,,0c98805e-221b-4e80-b613-1a7039362e4e
,,SZ-UL4K-SE7W,Ultra Pro Comic Bags (100-Piece),B002QGAF8S,Bliss Distribution,E-82225,£3.17,04/08/25,50,5,5,45,11/08/2025,0,FALSE,,,,9cf23c20-26e5-4a53-8630-27c61eb2b20f
,,BB-ZT14-1QQA,"The Army Painter Lowland Shrubs, 77 Self Adhesive Static Grass Tufts in 3 Sizes, for Model Bases, Terrain Scenics, Miniature Bases and Diorama Base, Green Grass Tufts for Gaming Bases",B086MBW9R9,Bliss Distribution,BF4232,£3.17,04/08/25,20,20,20,0,11/08/2025,0,FALSE,,,,eb531606-b6a5-4b10-8e89-84017700c44c
,,0H-5V53-GPG4,Arcane Tinmen ApS ART15062 Dragon Shield: Matte - Dual Soul (Metallic Purple),B0CRRPCT5P,Bliss Distribution,AT-15062,£4.85,04/08/25,100,100,100,0,12/08/2025,0,FALSE,,,,026a4cfd-b6a8-48b3-a7bf-5f3df54cf8b3
,,XH-0LAE-FQO5,"Curaprox CS 1006 Interdental Toothbrush, Assorted Colour. Manual Single Tuft Interdental Brush Ultra-Fine CUREN® Filaments",B00AOES9GE,DHB,CUR035X,£2.96,04/08/25,160,160,160,0,03/09/2025,0,FALSE,,,,14338824-ac92-4276-b7c5-8dec7640327d
,,XE-YPAI-HX9F,"Curaprox CPS 07 Prime Start Interdental Brush Kit, Red - 5 x 0.7mm - 2.5mm Interdental Brushes + 2 Interdental Toothbrush Holders",B086ZD7MG6,DHB,CUR120,£4.79,04/08/25,32,32,32,0,03/09/2025,0,FALSE,,,,dab66be6-ec5c-4b88-a999-65938924f771
,,3T-6QPR-E2MV,"Ultimate Guard UGD010696 Boulder Deck Case, 100 Plus, standard size, malachite",B06XGSJS7N,Heo,UGD010696,£4.65,04/08/25,48,48,48,0,11/09/2025,0,FALSE,,,,4fbb3a17-123a-4b96-b3be-254de2c96916
,,94-X6R7-SCOW,Funko POP! TV: Witcher - Yennefer - the Witcher - Collectable Vinyl Figure - Gift Idea - Official Merchandise - Toys for Kids & Adults - TV Fans - Model Figure for Collectors and Display,B0B6GD6QF8,Heo,FK67426,£2.82,04/08/25,6,6,6,0,11/09/2025,0,FALSE,,,,4212b859-3c7c-4703-89b8-d31ab87cfa0e
,,WJ-YHKC-EES5,Harry Potter - Tattoos (Temporary) - Set of 35 Styles - Official - Cinereplicas,B07CN7NRF7,Heo,HPE560165,£2.09,04/08/25,5,5,5,0,11/09/2025,0,FALSE,,,,2d20e184-6c48-4dd8-b716-fff53cae14a2
,,MW-9K5M-VKW8,Casio Gents 43.00mm Quartz Watch with Black Analogue dial and Black Rubber Strap Strap MRW-200H-1BVES,B0073TTHBY,Rashmian,MRW-200H-1BVES,£13.65,04/08/25,145,145,145,0,02/09/2025,0,FALSE,,,,a6317397-bccc-4785-afff-0f4355b767be
,,7L-OT45-7LYB,"Yale YES-CYLPULL-CH Essentials Rim Cylinder Door Pull, Great for External Doors, for Easy Door Closing, Chrome Finish",B01NBDFDBC,Stax,5011802251854,£1.16,04/08/25,45,45,45,0,08/08/2025,0,FALSE,,,,46b4b432-01ef-4464-ab1f-71e9e0e12e1c
,,GK-YI4S-C158,"Fackelmann Sieve 15cm⌀, Strainer, Fine Mesh, Stainless Steel, 15x20x32.5cm, Silver",B0009JJZ8A,Stax,4008033424400,£2.58,04/08/25,13,13,13,0,08/08/2025,0,FALSE,,,,1145e7a3-bbd0-4590-b0a5-afc02966912a
,,RW-AZK6-O4M2,"Chef Aid Cocktail Sticks, Pack of 200 Stick perfect for Buffets and Cocktails use, The Skewer design helps hold sweet and savoury foods, Each cocktails stick measures 8 cm",B00F4LA0K0,Stax,417440,£0.52,04/08/25,48,48,48,0,08/08/2025,0,FALSE,,,,6fd4dc0b-8dd6-434c-8e34-8aa28a775aba
,,T8-6UWL-I3E1,"Solvite SLVTHRIFT Wallpaper & Border Paste, Set of 1",B001OXH0X2,Stax,368831,£1.48,04/08/25,100,100,100,0,08/08/2025,0,FALSE,,,,93627f7f-a679-4f76-a309-a6024139901f
,,51-79LN-GGLK,"Defenders All-Seasons Multi-Purpose Handy Spreader with Scoop - Green, Ideal for Application of Granules and Seeds",B09HHLMG1V,Stax,109696,£1.43,04/08/25,6,6,6,0,08/08/2025,0,FALSE,,,,55677b7c-774c-4a8b-8041-1cc9bbbef968
,,L1-54EX-56YC,"Price's - Time for You Large Jar Candle - Sweet, Delicious Fragrance - Long Lasting Scent - Up to 100 Hour Burn Time - Ideal for All Occasions",B09445GL1C,Stax,103987,£5.35,04/08/25,18,18,18,0,08/08/2025,0,FALSE,,,,bc91f901-be27-4209-abc3-9c6e6fc9e610
,,DV-USYD-8WR2,"OtterBox Symmetry Folio Case for iPad Air 11"" (2024) & iPad Air 10.9"" (2022/2020), Shockproof, Drop proof, Slim Protective Folio Case, Tested to Military Standard, Black",B0D3JD4FFD,TD Synnex,10290403,£20.62,04/08/25,3,3,3,0,12/08/2025,0,FALSE,,,,0ef393bc-d409-48e2-91ed-417b8d950a39
,,ZT-QPY3-P24I,"OtterBox Defender Case for iPad Air 11"" (2024) & iPad Air 10.9"" (2022/2020), Ultra-Rugged Protective Case with built in Screen Protector, 2x Tested to Military Standard, Black",B0D3JBBGSB,TD Synnex,77-95220,£34.91,04/08/25,7,7,7,0,02/09/2025,0,FALSE,,,,9496f1b0-ff0b-46f1-b725-30ebc9f7008b
,,8R-E0Y9-0LAU,"OtterBox Defender Case for iPad 10th gen 2022, iPad 11th gen 2025 (A16), Shockproof, Rugged Protective Case with built in Screen Protector, 2x Tested to Military Standard, Black, No Retail Packaging",B0BBHBX72C,TD Synnex,77-89955,£34.91,04/08/25,7,7,7,0,12/08/2025,0,FALSE,,,,59c04fbd-6356-45d6-b5aa-e67c9768a322
,,L5-PF3B-WHU4,"Promixx Pro Shaker Bottle - Refillable, Powerful for Smooth Protein Shakes - Includes Extra Storage - BPA Free, Tumbler 600ml (Silver White/Grey)",B09LDDFK4R,Tropicana Wholesale,MIX025,,04/08/25,11,11,11,0,11/08/2025,0,FALSE,,,,19e83787-a6bd-433f-9ec8-63a4a4a8a40b
,,0G-JB6S-PN34,"Skinny Food Co Sugar Free Maple Syrup 425ml - Zero Calorie Syrup For Breakfast, Snacks, Drinks & Desserts - Vegan, Gluten-free, Keto & Paleo Friendly Maple Syrup - Sugar Free Maple Syrup UK",B07H2WXMDJ,Tropicana Wholesale,SKI002,£2.74,04/08/25,50,50,50,0,11/08/2025,0,FALSE,,,,298ca08f-07c3-4b73-9e38-97ab1c6b655d
,,GJ-2OZK-0GCA,Promixx PRO Electric Protein Shaker Bottle,B0CS3VF4GK,Tropicana Wholesale,MIX024,,04/08/25,9,9,9,0,,,FALSE,,,,f8d44965-8bda-43ef-bf43-cfa6ac42f87b
,,6V-EEC1-2S9Z,3 X Everbuild CYN20 20g General Purpose Industrial Superglue,B06WW79DX5,Sika,484651,£2.10,06/08/25,1000,1000,1000,0,10/10/2025,0,FALSE,,,,8785a8ea-7a6a-47a6-b048-ca0bd96c6738
,,VO-A6AR-18YS,"The Army Painter Speedpaint Slaughter Red 2.0, Single Acrylic Paint 18ml One-coat Painting Soloution For Fantasy Tabletop Miniatures Like Warhammer 40k and Dungeons And Dragons Figures",B09NQDQ8X7,Bliss Distribution,WP2012,,25/08/25,4,,,4,,,FALSE,,,,89fd6bea-a09c-4248-99e4-b241bd2bf182
,,79-CPJ6-DSG6,Free League FLF-ALE014 ALIEN RPG Destroyer of Worlds Game,9189143051,Bliss Distribution,FLFALE014,£13.65,25/08/25,7,7,7,0,17/10/2025,0,FALSE,,,,c4b92467-1b02-4984-8304-6f4af2fb0534
,,BB-ZT14-1QQA,"The Army Painter Lowland Shrubs, 77 Self Adhesive Static Grass Tufts in 3 Sizes, for Model Bases, Terrain Scenics, Miniature Bases and Diorama Base, Green Grass Tufts for Gaming Bases",B086MBW9R9,Bliss Distribution,BF4232,£3.19,25/08/25,35,35,35,0,03/09/2025,0,FALSE,,,,41811a38-3c7b-4e21-822c-f65b64c2ff7e
,,SR-6OBB-WC03,Dragon Shield ART11105 White (60) Matte Japanese Size Sleeves 60pk,B06XXDNH1P,Bliss Distribution,AT-11105,£2.86,25/08/25,120,120,120,0,03/09/2025,0,FALSE,,,,769c23bc-7b12-4646-8ec4-573bc9ea7fd6
,,0H-5V53-GPG4,Arcane Tinmen ApS ART15062 Dragon Shield: Matte - Dual Soul (Metallic Purple),B0CRRPCT5P,Bliss Distribution,AT-15062,£4.85,25/08/25,100,100,100,0,17/10/2025,0,FALSE,,,,c96dcd61-2526-46a4-b592-564fa17b4785
,,X7-MY4W-H2I4,ProDec Combination Shavehook for Removing Paint and Varnish From Flat and Irregular Surfaces,B00S9IXBVU,Stax,319378,£2.28,26/08/25,12,12,12,0,09/09/2025,0,FALSE,,,,5fcb069e-0e81-4585-b4e9-5a881ac6ed69
,,T8-6UWL-I3E1,"Solvite SLVTHRIFT Wallpaper & Border Paste, Set of 1",B001OXH0X2,Stax,368831,£1.48,26/08/25,280,280,280,0,09/09/2025,0,FALSE,,,,64e1bfb3-0311-4ee4-af59-3a1dacbc4edf
,,L1-54EX-56YC,"Price's - Time for You Large Jar Candle - Sweet, Delicious Fragrance - Long Lasting Scent - Up to 100 Hour Burn Time - Ideal for All Occasions",B09445GL1C,Stax,103987,£5.35,26/08/25,24,24,24,0,09/09/2025,0,FALSE,,,,96dd3cb0-4348-48a4-a6b1-ada5ede7393f
,,IB-U5FA-BO2Y,"OtterBox Symmetry Folio Case for iPad Pro 11"" (2024), Shockproof, Drop proof, Slim Protective Folio Case, Tested to Military Standard, Black",B0D3JC45CK,TD Synnex,77-95257,£20.33,26/08/25,4,4,4,0,01/09/2025,0,FALSE,,,,b805c7a0-de6b-4a5a-9263-f26ccbdd2e07
,,DV-USYD-8WR2,"OtterBox Symmetry Folio Case for iPad Air 11"" (2024) & iPad Air 10.9"" (2022/2020), Shockproof, Drop proof, Slim Protective Folio Case, Tested to Military Standard, Black",B0D3JD4FFD,TD Synnex,10290403,£20.33,26/08/25,1,1,1,0,01/09/2025,0,FALSE,,,,d214bc2a-f1ae-4179-9964-918698d09258
,,8R-E0Y9-0LAU,"OtterBox Defender Case for iPad 10th gen 2022, iPad 11th gen 2025 (A16), Shockproof, Rugged Protective Case with built in Screen Protector, 2x Tested to Military Standard, Black, No Retail Packaging",B0BBHBX72C,TD Synnex,77-89955,£34.40,26/08/25,8,8,8,0,03/09/2025,0,FALSE,,,,4c20d4b2-1666-4346-8235-5ae127363bdb
,,L5-PF3B-WHU4,"Promixx Pro Shaker Bottle - Refillable, Powerful for Smooth Protein Shakes - Includes Extra Storage - BPA Free, Tumbler 600ml (Silver White/Grey)",B09LDDFK4R,Tropicana Wholesale,MIX025,£17.50,26/08/25,17,17,17,0,01/09/2025,0,FALSE,,,,b287f2dd-12cd-4a75-9905-862234c212b6
,,2L-M26G-560I,"USN Power Punch BCAA Amino Acids Powder, Blue Raspberry Flavour - 400g, Vegan BCAA Powder, Vitamin B6 & No Sugar, Pre Workout & Intra Workout Energy Drink & Dietary Supplement to Maximise Performance",B075WYWJ5L,Tropicana Wholesale,USN026,£13.52,26/08/25,6,6,6,0,01/09/2025,0,FALSE,,,,6514a214-a7da-4e92-8bc7-dff037b951c6
,,0G-JB6S-PN34,"Skinny Food Co Sugar Free Maple Syrup 425ml - Zero Calorie Syrup For Breakfast, Snacks, Drinks & Desserts - Vegan, Gluten-free, Keto & Paleo Friendly Maple Syrup - Sugar Free Maple Syrup UK",B07H2WXMDJ,Tropicana Wholesale,SKI002,£2.74,26/08/25,24,24,24,0,01/09/2025,0,FALSE,,,,0029cd2d-9a1e-4897-828c-6e02574ed50d
,,GJ-2OZK-0GCA,Promixx PRO Electric Protein Shaker Bottle,B0CS3VF4GK,Tropicana Wholesale,MIX024,£17.50,26/08/25,12,12,12,0,02/09/2025,0,FALSE,,,,8a7d577f-e73a-4cdf-aacc-aab63848615f
,,M8-LMW1-Z8AS,"Yale Euro Double Cylinder, 3 Keys Supplied, Standard Security, Visi Packed, Suitable for All Door Types, Nickel Finish, 30:10:30 (70 mm)",B00IQFGOGA,Stax,125822,£4.99,27/08/25,0,0,0,0,27/08/2025,0,FALSE,,,,4f190e42-ed7e-43f4-8cab-21562cd130c5
,,MW-RSG9-3S2C,Tracer Deep Hole Construction Pencil with 6 x Replacement Lead Pack and accompanying Site Holsters all-in-one Marking Kit. Carpenter Pencil Set,B07DRLVHM2,Stax,116041,£5.70,27/08/25,0,0,0,0,03/09/2025,0,FALSE,,,,b7821271-31e6-4b61-849d-bff6eec36cb0
,,1U-1W76-M840,3 x Perfect Scents Plug In Air Freshener Refill Compatible with 3volution Mystical Japan 20ml,B07V9CRX7Y,Stax,114168,£0.76,27/08/25,48,48,48,0,09/09/2025,0,FALSE,,,,754d6be8-c247-4b36-b7d9-472ab6432a8b
,,OT-3LZR-3R6K,"Lay-Z Spa 60304 Canopy Cover for Weather and Sun Shelter, Hot Tub Accessories, Fits Most Lay-Z-Spa Models, Multicolor, 109.0 cm*183.0 cm*94.0 cm",B08CB36DY9,Stax,107736,£9.50,27/08/25,8,8,8,0,09/09/2025,0,FALSE,,,,48c26ab6-86a8-4254-a853-e09cb177e430
,,HY-T1P7-038S,"FireAngel Pro Connected Kitchen Heat Alarm - FP1720W2-R Wireless, Interlink, 10-Year Battery Heat Detector for Kitchen, Garage, Loft - Fire Alarms for Home with Free App - White",B07WNJWTTL,Stax,339243,£21.99,27/08/25,4,4,4,0,09/09/2025,0,FALSE,,,,5d7d568e-7b29-4123-af32-08b9079acb5c
,,PY-XV78-3OG5,"OtterBox Symmetry Folio Case for iPad Air 13-Inch (2024 M2, 2025 M3), Shockproof, Drop proof, Slim Protective Folio Case, Tested to Military Standard, Black",B0D3J9M2H8,TD Synnex,77-95264,£20.34,26/08/25,2,2,2,0,01/09/2025,0,FALSE,,,,0f4c2a40-6cd9-4c2f-bcfe-4c1e6b3f1483
,,FD-R7YW-X0GH,The Army Painter Speedpaint Grim Black (WP2001),B09NQC79GF,Bliss Distribution,WP2001,£1.98,25/08/25,12,12,12,0,03/09/2025,0,FALSE,,,,cbdc5f5d-3699-4b60-b4e0-bfcddc39583f
,,714776,"Fackelmann OPAL Melon Baller, Food & Fruit Scoop, Grapefruit & Potato Scoop, Cutting Scoop Head, Stainless Steel, 16.5x2.3x1.5cm, Silver",B001KYTW0O,Stax,714776,£1.21,26/08/25,8,8,8,0,09/09/2025,0,FALSE,,,,f476c718-be39-4e49-8c0b-abeb34bc601d
,,714810,"Fackelmann OPAL Pizza Wheel, Pizza Cutter & Slicer, Super Sharp Blade, Stainless Steel, 18.5x5x1.2cm, Silver",B002BX8ZFG,Stax,714810,£1.34,26/08/25,12,12,12,0,09/09/2025,0,FALSE,,,,96cf686d-9f45-4385-bd0b-7370a0df090d
,,WF-JLK1-5PKN,Yale - YE3B/32/116/1/P Standard Security 32mm Aluminium Padlock - Pink - Open Hardened Steel Shackle - 3 Keys,B08563KQKG,Aldridge Security,L32299,£3.33,09/09/25,31,,,31,,,FALSE,,,,7e58da32-3c04-4353-937c-0137e4ae59ae
,,LV-425G-BY4X,"Free League Publishing MÖRK Borg (Fantasy OSR RPG, Hardback, Full Color",9188805646,Bliss Distribution,FLFFLW01,£16.38,09/09/25,52,52,52,0,31/10/2025,0,FALSE,,,,c8239567-7acc-4d2e-92dc-89a81c15b190
,,7H-7G2P-ONWJ,OceanSaver Anti-Bac Cleaning EcoDrop | Anti-Bacterial Multipurpose Cleaning Spray | Ocean Mist | Eco Friendly Cleaning (1 Pack),B081Q9CFGC,CLF,OCN6,£0.88,09/09/25,28,28,28,0,12/09/2025,0,FALSE,,,,362dabc5-0efc-43b5-b48c-3455af226d07
,,D1-LSS7-93U8,RAWGANIC Pure Cleansing Refreshing Facial Wipes with Aloe Vera and Green Tea | Gentle Soothing Biodegradable Makeup Removal Organic Cotton Wipes | 1 Pack (25 wipes in total),B003SYNGE2,CLF,RO-0717,£2.01,09/09/25,12,12,12,0,12/09/2025,0,FALSE,,,,bfbb91e2-ec30-4299-8bac-0ee75c0c74dc
,,YO-EKK2-FRCC,"SPLAT Biocalcium Toothpaste, 100 ml",B00BWU7MNU,CLF,SPLT28,£2.38,09/09/25,10,10,10,0,12/09/2025,0,FALSE,,,,2e1c0818-fa87-40a1-9bee-ba004fcac4f9
,,MW-1ILH-TLS4,"Rescue Remedy Kids Restful Nights Dropper, for A Natural Night’s Sleep, Flower Essences, to Support Your Child and Promote A Calming Bedtime Routine, Alcohol Free, Alternative to Sleep Aid for Kids",B0CDH5Y3N9,CLF,RSC31,£5.43,09/09/25,12,12,12,0,12/09/2025,0,FALSE,,,,520f0c07-d023-4b5c-a8f2-2bc91ee77db6
,,8M-NHB7-T8TR,"Salt of the Earth - Natural Deodorant Roll On Refill Bottle, x7 Uses - Amber & Sandalwood - Vegan, Long Lasting Protection, Leaping Bunny Approved, Made in the UK - 525ml",B0B2RBG672,CLF,SE66,£11.57,09/09/25,24,24,24,0,12/09/2025,0,FALSE,,,,c5f6bcb1-22f9-4589-b53a-e641cd0a189f
,,UL-D0Y8-ZNI5,"Cliganic Organic Argan Oil, 100% Pure (473ml) | Moroccan Argan Oil for Hair, Face & Skin | Natural Cold Pressed Carrier Oil - Certified Organic | Cliganic 90 Days Warranty",B08DR97BX2,CLF,CGC27,£19.50,09/09/25,10,10,10,0,12/09/2025,0,FALSE,,,,bf1a1469-a63d-421d-ad1d-0f9fae6364b3
,,LF-X542-9TDZ,"Cliganic USDA Organic Argan Oil, 100% Pure | Moroccan Argan Oil for Hair, Face & Skin | Natural Cold Pressed Carrier Oil - Certified Organic | Cliganic 90 Days Warranty",B07YYG14S1,CLF,CGC23,£7.74,09/09/25,10,10,10,0,12/09/2025,0,FALSE,,,,3907d9e7-fc5c-4da0-8fe8-adbae27e548b
,,4U-9ZL6-9G0Y,"Piksters Wax for Orthodontics and Braces, 2 Count (Pack of 1)",B07C8QSSR2,DHB,PIK054,£1.26,09/09/25,109,109,109,0,11/09/2025,0,FALSE,,,,be907414-b713-456f-89e8-33866e2c74fd
,,DC-K5WH-R7F5,TEPE INTERDENTAL Travel CASE,B0073FT7FY,DHB,TEP068SP,£0.63,09/09/25,560,560,560,0,11/09/2025,0,FALSE,,,,f291b95c-a310-4125-9d02-95c602585e20
,,0B-IC3D-6S96,"Idontix X-Floss Lite, Blue",B00ICS6JWK,DHB,PIK015X,£3.09,09/09/25,0,0,0,0,09/09/2025,0,FALSE,,,,1d7ebcd2-b737-441d-9067-a40ee1c979a5
,,6E-U01F-GUCT,Funko Pop! TV: Wednesday - Enid Sinclair - Rave'n E - Collectable Vinyl Figure - Gift Idea - Official Merchandise - Toys for Kids & Adults - TV Fans - Model Figure for Collectors and Display,B0CSVLW6QL,Heo,FK83315,£2.39,09/09/25,10,,,10,,,FALSE,,,,dddba618-a2fa-47e5-bff5-20cf54c888ed
,,ZV-RLOD-Q0JI,Funko Pop! Deluxe: Disney the Nightmare Before Christmas 30th - Jack Skellington & Zero With Tree - Disney: the Nightmare Before Christmas - Collectable Vinyl Figure - Gift Idea - Movies Fans,B0BS1WDHP7,Heo,FK72382,£7.55,09/09/25,10,10,10,0,18/10/2025,0,FALSE,,,,6ba25c41-f8aa-4ae9-9340-728ccd04de16
,,GW-1ECO-QZA7,Casio Gents 33.00mm Quartz Watch with LCD Digital dial and Silver Metal Bracelet Strap A500WEA-1EF,B00N5SLQ7A,Rashmian,A500WEA-1EF,£20.05,09/09/25,80,,,80,,,FALSE,,,,1a5fd8b4-f45c-42d3-93bf-f0a589d7b815
,,XY-SHVR-W7PG,Revolution Beauty London Soph Eyeshadow Palette,B076VTQGGL,Shure Cosmetics,SCS23103,£1.50,09/09/25,0,0,0,0,19/09/2025,0,FALSE,,,,f44d529c-ca9a-44be-bfd4-7f2736936a30
,,IM-AYXV-79NJ,Revlon ColorStay Matte Lite Crayon - She's Fly,B09HXXMJV9,Shure Cosmetics,SCS24236,£2.25,09/09/25,30,30,30,0,19/09/2025,0,FALSE,,,,244ac5e3-3f03-4e9e-a3f0-f4f15bd824a8
,,R7-98IN-2PW8,"Max Factor Facefinity Matte Bronzer, 001",B08CHKHTWX,Shure Cosmetics,,£2.50,09/09/25,291,291,291,0,19/09/2025,0,FALSE,,,,4ae8d17f-3f7b-4ee7-90a9-6023a160d00f
,,WE-1Z7L-SA2I,"Cameleo - Permanent Hair Colour Cream - Dark Mahogany - Intensive Color & Protection - 5 Oils + Omega Plus Acids - Professional, Luxurious Hair Dye - Full Kit",B08MVG9QZW,Shure Cosmetics,SCS19765,£1.65,09/09/25,39,39,39,0,19/09/2025,0,FALSE,,,,74c1b333-d723-4eff-8080-947ffa7c3f53
,,RI-VSUS-0YTD,"Cameleo - Permanent Hair Colour Cream - Copper Brown - Intensive Color & Protection - 5 Oils + Omega Plus Acids - Professional, Luxurious Hair Dye - Full Kit",B08MVGD2ND,Shure Cosmetics,SCS19793,£1.65,09/09/25,30,30,30,0,19/09/2025,0,FALSE,,,,36ce2944-4238-4c91-91f6-a0b4e0be853d
,,A2-T2AC-TW3L,Everbuild Industrial Grade Superglue GP 50 g Pack of 3,B006PFN3BW,Sika,484652,£4.29,09/09/25,360,360,360,0,26/09/2025,0,FALSE,,,,97eefe80-d263-4c7f-8b68-4b1ee9ecf5c8
,,3X-EXDD-TD2K,"OtterBox Symmetry Folio Case for iPad 10th gen 2022, iPad 11th gen 2025 (A16), Shockproof, Drop proof, Slim Protective Folio Case, Tested to Military Standard, Black",B0D6W9DZX4,TD Synnex,77-95790,£20.37,09/09/25,15,15,15,0,12/09/2025,0,FALSE,,,,ab431fa2-abff-49e6-bbce-02a107561786
,,I2-6YKQ-CIBP,"SanDisk Cruzer Glide 32 GB USB Flash Drive USB 2.0 , Black & Red",B007YX9O9E,TD Synnex,SDCZ60-032G-B35,£3.57,09/09/25,10,10,10,0,12/09/2025,0,FALSE,,,,50c693bc-390a-4428-9d30-3737c8d549bb
,,FD-R7YW-X0GH,The Army Painter Speedpaint Grim Black (WP2001),B09NQC79GF,Bliss Distribution,WP2001,£1.98,15/09/25,42,,,42,,,FALSE,,,,796fb8e7-0db1-4cc5-bcbc-a21246ee6cc9
,,XH-0LAE-FQO5,"Curaprox CS 1006 Interdental Toothbrush, Assorted Colour. Manual Single Tuft Interdental Brush Ultra-Fine CUREN® Filaments",B00AOES9GE,DHB,CUR035X,£2.90,15/09/25,350,350,350,0,17/09/2025,0,FALSE,,,,f61cd49b-2a5f-411d-ab87-12b6365b9c8e
,,Z7-26PV-O9LR,Plaque Glo Plaque Disclosing Toothpaste and Torch System (Tropical),B07J9JGZZV,DHB,PIK065,£4.44,15/09/25,200,200,200,0,17/09/2025,0,FALSE,,,,440fe79e-f45a-4400-b363-eb41e28d6c43
,,XE-YPAI-HX9F,"Curaprox CPS 07 Prime Start Interdental Brush Kit, Red - 5 x 0.7mm - 2.5mm Interdental Brushes + 2 Interdental Toothbrush Holders",B086ZD7MG6,DHB,CUR120,£4.79,15/09/25,50,50,50,0,,,FALSE,,,,a748ce12-7c77-4f4d-b239-cbba26ed6660
,,JV-D1TI-6UF6,Kitchen Devils Lifestyle Peeler Parer Knife 602001,B002HY4YSQ,Stax,5010624437200,£3.60,15/09/25,15,15,15,0,23/09/2025,0,FALSE,,,,639575da-51c3-4fa4-bf4d-88cb6a8e7409
,,TK-E7QE-T40G,Kitchen Devils S8602000 Lifestyle Vegetable Knife,B000FPU2SK,Stax,5010624437194,£3.80,15/09/25,0,0,0,0,03/11/2025,0,FALSE,,,,d60f0425-e591-4670-a4d3-b2e31e3694be
,,8M-LM6B-F2Q5,"Bosch 2608831003 ""SDS Plus-3"" Hammer Drill Bit, 0 V, Grey, 5 x 100 x 160 mm",B00D1V5FPU,Stax,6949509209344,£1.70,15/09/25,4,4,4,0,23/09/2025,0,FALSE,,,,97d20905-97a7-45e7-8313-0dfc090c8424
,,8L-INBX-OUTU,"Easy Cook NS606R Microwave Egg Poacher, red, 2 cup",B016Y8SWZQ,Stax,312497,£2.49,15/09/25,30,30,30,0,23/09/2025,0,FALSE,,,,20e48e6a-1f73-4b30-bfd1-909edaefa664
,,SE-IQQJ-EOU3,"BG Electrical Intelligent Single Wall Dimmer Switch, 2 Way, Screwless Front Plate, Premium Flatplate, Brushed Steel, 200W, FBS81",B004R1ZS64,Stax,343398,£10.38,15/09/25,5,5,5,0,23/09/2025,0,FALSE,,,,c06e02e0-6352-4bd1-82d7-69b698379852
,,VL-48KZ-J3F2,"Masterplug Heavy Duty Single Socket Trailing Socket, Without Plug and Cable, White",B07L8N2TC1,Stax,424668,£1.06,15/09/25,40,40,40,0,23/09/2025,0,FALSE,,,,9e89201d-147d-406c-b0b6-cb91dda66a0d
,,T8-6UWL-I3E1,"Solvite SLVTHRIFT Wallpaper & Border Paste, Set of 1",B001OXH0X2,Stax,368831,£1.48,15/09/25,0,0,0,0,23/09/2025,0,FALSE,,,,b7fa9485-f172-4eca-bf2b-17e261615f9b
,,L1-54EX-56YC,"Price's - Time for You Large Jar Candle - Sweet, Delicious Fragrance - Long Lasting Scent - Up to 100 Hour Burn Time - Ideal for All Occasions",B09445GL1C,Stax,103987,£5.35,15/09/25,24,24,24,0,23/09/2025,0,FALSE,,,,c1b4c0f2-e380-429f-83fd-8860867f3570
,,MW-RSG9-3S2C,Tracer Deep Hole Construction Pencil with 6 x Replacement Lead Pack and accompanying Site Holsters all-in-one Marking Kit. Carpenter Pencil Set,B07DRLVHM2,Stax,116041,£5.22,15/09/25,0,0,,0,,,FALSE,,,,b48b5065-7a60-4dcb-8b68-c13ac62d24ff
,,D0-C7C0-H6LN,"Skinny Food Co Salted Caramel Zero Calorie Syrup 425ml - Sugar Free Salted Caramel Syrup For Snacks, Drinks & Desserts - Vegan, Gluten-free, Keto & Paleo Friendly Caramel Syrup - Salted Caramel Syrup",B07F1MFWV1,Tropicana Wholesale,SKI004,£2.74,15/09/25,12,12,12,0,18/09/2025,0,FALSE,,,,eea8c7b3-d779-4e81-86ab-0c0bfc9633ed
,,2L-M26G-560I,"USN Power Punch BCAA Amino Acids Powder, Blue Raspberry Flavour - 400g, Vegan BCAA Powder, Vitamin B6 & No Sugar, Pre Workout & Intra Workout Energy Drink & Dietary Supplement to Maximise Performance",B075WYWJ5L,Tropicana Wholesale,USN026,£13.52,15/09/25,6,6,6,0,18/09/2025,0,FALSE,,,,595944bb-ab17-4065-918f-017b4bf827cb
,,0G-JB6S-PN34,"Skinny Food Co Sugar Free Maple Syrup 425ml - Zero Calorie Syrup For Breakfast, Snacks, Drinks & Desserts - Vegan, Gluten-free, Keto & Paleo Friendly Maple Syrup - Sugar Free Maple Syrup UK",B07H2WXMDJ,Tropicana Wholesale,SKI002,£2.74,15/09/25,24,24,24,0,18/09/2025,0,FALSE,,,,bfab8456-0d2b-4532-994d-c0b199730d14
,,GJ-2OZK-0GCA,Promixx PRO Electric Protein Shaker Bottle,B0CS3VF4GK,Tropicana Wholesale,MIX024,£17.50,15/09/25,4,4,4,0,18/09/2025,0,FALSE,,,,ece29900-9cf5-4991-af66-0209e7201db0
,,JE-D4LO-O2JD,"Ultra Pro 85683 Eclipse Pro 100+ Deck Box, Jet Black",B07JXBDGJB,Bliss Distribution,85683,£1.72,06/10/25,30,,,30,,,FALSE,,,,296aa47e-1942-46ff-a7e6-639e958efccc
,,EV-CHU5-XU3G,The Army Painter | Hobby: Super Glue,B07QQDMJ6M,Bliss Distribution,GL2014,£2.73,06/10/25,228,228,228,0,13/10/2025,0,FALSE,,,,56fe6cc1-b4e9-4350-9c10-2fe4acbd0c11
,,TU-8I14-25ZR,"Yu-Gi-Oh! LDK2 Legendary Decks 2 2024 Unlimited Reprint, White, Black, Gray",B0CN5KRVXB,Bliss Distribution,LD24RP,£12.67,06/10/25,120,120,120,0,27/10/2025,0,FALSE,,,,c6b9027a-f5ea-4d05-becd-9b00d74641b1
,,GH-PONH-K4WQ,Ultimate Guard Katana Sleeves Japanese Size Black (60),B08L3FB3G2,Bliss Distribution,UGD011054,£3.78,06/10/25,15,15,15,0,,,FALSE,,,,9c75263c-ffbc-4bb2-8e8c-7ff4ec18dcbb
,,KQ-XRZK-09KK,"The Army Painter, Warpaints Fanatic Mega Paint Set, 50 x 18 ml Acrylic Paints Including Metallic, Effects, Washes, 1 Model Making Holder and 1 Paint Brushes – Model Paints for Dnd and Warhammer",B0CSG9BFMJ,Bliss Distribution,WP8067P,£71.02,06/10/25,5,,,5,,,FALSE,,,,a56ec2d7-c4af-425f-9e63-67dd83c7c285
,,F7-PMJ2-SG6A,"Dragon Shield AT-13201 Standard Size Perfect Fit Sealable (100 Sleeves), clear",B07RZBBG14,Bliss Distribution,AT-13201,£2.70,06/10/25,180,180,180,0,17/10/2025,0,FALSE,,,,1a526f97-b289-459c-acac-f05346992cea
,,MW-1ILH-TLS4,"Rescue Remedy Kids Restful Nights Dropper, for A Natural Night’s Sleep, Flower Essences, to Support Your Child and Promote A Calming Bedtime Routine, Alcohol Free, Alternative to Sleep Aid for Kids",B0CDH5Y3N9,CLF,RSC31,£4.62,06/10/25,35,35,35,0,10/10/2025,0,FALSE,,,,e1077295-4c3e-45bb-a3cb-bb2fb6a87bd0
,,4U-XT39-AMUJ,THE HUMBLE CO. - Interdental Brushes - Size 3-0.6 mm - Developed by Dentists - Designed in Sweden - Teeth Cleaning - Vegan & Cruelty-Free - 6p,B07RRQX71T,CLF,HBH30,£1.66,06/10/25,17,17,17,0,10/10/2025,0,FALSE,Add,,,74493bee-3175-41aa-aba5-74b2e5435948
,,Z9-FBUQ-EZN3,Chipotle Chillies in Adobo Paste - 170g Jar | Smoky Chilli Peppers in Sauce for Mexican Cooking,B074RQ8G8Z,CLF,COE12,£2.89,06/10/25,17,17,17,0,10/10/2025,0,FALSE,,,,a0836f4a-570d-44ac-a646-ec7de11f7110
,,8M-NHB7-T8TR,"Salt of the Earth - Natural Deodorant Roll On Refill Bottle, x7 Uses - Amber & Sandalwood - Vegan, Long Lasting Protection, Leaping Bunny Approved, Made in the UK - 525ml",B0B2RBG672,CLF,SE66,£15.26,06/10/25,25,25,25,0,10/10/2025,0,FALSE,,,,bae5fb48-1df8-44df-82e6-594691b0aafe
,,FA-LRV6-YRFW,Funko POP! Vinyl Alien,B00BUY54DI,Heo,FK3143,£7.68,06/10/25,48,,,48,,,FALSE,,,,5707a238-f745-4f82-a975-b9315c493dd1
,,WJ-YHKC-EES5,Harry Potter - Tattoos (Temporary) - Set of 35 Styles - Official - Cinereplicas,B07CN7NRF7,Heo,HPE560165,£2.09,06/10/25,36,,,36,,,FALSE,,,,52f1f657-51f9-4501-906b-807f4f50fe4d
,,YC-3L3M-BV48,"McFarlane DC Multiverse 7"" Scale Vehicles - Tumbler with Lucius Fox (The Dark Knight) Gold Label, Includes Action Figure and Accessories",B0CTD6Q6KY,Heo,MCF15193,£39.61,06/10/25,16,16,16,0,18/10/2025,0,FALSE,,,,c10ce466-e49f-41b4-8a87-3d693dba15e2
,,N7-A24N-WJA7,"Disney 6315875812X12 25cm DAR Spiderverse Miles Morales Action Figure 25 cm Soft Toy with Glow in The Dark Eyes, One Size",B09NM9TVYX,Heo,SIM6315875812X12,£3.01,06/10/25,50,50,50,0,18/10/2025,0,FALSE,,,,991381b6-aefd-4ebb-9078-eeb3d74885c0
,,R4-0AXZ-ZZ9D,"Minecraft Zombie Light - Officially Licensed Merchandise, Portable Night Light and Gaming Room Decor for Kids, Gift for Gamer, Battery Powered | Paladone, Green",B0844ZRHS9,Heo,PP6592MCF,£4.85,06/10/25,15,15,15,0,18/10/2025,0,FALSE,,,,bc48264c-b8d3-4dd7-b24e-c014d0f558a5
,,Apply-B0CSGSCWTP,Star Wars The Black Series KB (At Attin) Skeleton Crew 15-cm Action Figure,B0CSGSCWTP,Heo,HASF9991,£6.88,06/10/25,10,10,,0,,,FALSE,Add,Send,,65d07115-0f63-4d9e-bd9e-50a252f93960
,,Apply-B0CSH9HXQ5,Star Wars The Black Series Jod Na Nawood Skeleton Crew 15-cm Action Figure,B0CSH9HXQ5,Heo,HASF9987,£5.27,06/10/25,10,10,,0,,,FALSE,Add,Send,,ced6fa8f-4c2b-41c4-84a2-575bc631bd08
,,H4-86XG-NLX6,Funko Pop! Movies: Wicked - Fiyero - Collectable Vinyl Figure - Gift Idea - Official Merchandise - Toys for Kids & Adults - Movies Fans - Model Figure for Collectors and Display,B0CVNMZHZ6,Heo,FK79749,£3.25,06/10/25,24,24,24,0,18/10/2025,0,FALSE,,,,0c50a261-3785-4955-996c-e1359258c47e
,,MW-9K5M-VKW8,Casio Gents 43.00mm Quartz Watch with Black Analogue dial and Black Rubber Strap Strap MRW-200H-1BVES,B0073TTHBY,Rashmian,MRW-200H-1BVES,£13.65,06/10/25,90,90,90,0,17/10/2025,0,FALSE,,,,549438c5-1f2f-4c05-a6ce-28ae3b4f9ab2
,,US-AK96-YFSB,"Fackelmann OPAL Hand Grater, Fine Lemon & Lime Zester, Chocolate & Parmesan Grater, Sharp Durable Grating Blade, Stainless Steel, 24x5.5x1.5cm, Silver",B002DPGTF0,Stax,714760,£1.25,06/10/25,3,3,3,0,10/11/2025,0,FALSE,,,,0e6f3bd9-1fe5-4726-8189-427b9894a004
,,X7-MY4W-H2I4,ProDec Combination Shavehook for Removing Paint and Varnish From Flat and Irregular Surfaces,B00S9IXBVU,Stax,319378,£2.28,06/10/25,13,13,13,0,10/11/2025,0,FALSE,,,,ebac8bf6-1652-4803-a4b9-33e09a6f0d1f
,,VL-48KZ-J3F2,"Masterplug Heavy Duty Single Socket Trailing Socket, Without Plug and Cable, White",B07L8N2TC1,Stax,424668,£1.06,06/10/25,46,46,46,0,10/11/2025,0,FALSE,,,,0c48010e-9273-4fec-bafc-e6c6beba4433
,,ZU-PFDN-JSYV,GOODBOY BOY BIG DOG SUPER SOFT PLUSH SQUEAKY TOY 44 CM,B07MW9H6P4,Stax,112387,£4.89,06/10/25,14,14,14,0,10/11/2025,0,FALSE,,,,ee02056b-b800-4b0d-a498-7e7ea6e82d40
,,714776,"Fackelmann OPAL Melon Baller, Food & Fruit Scoop, Grapefruit & Potato Scoop, Cutting Scoop Head, Stainless Steel, 16.5x2.3x1.5cm, Silver",B001KYTW0O,Stax,714776,£1.21,06/10/25,6,6,6,0,10/11/2025,0,FALSE,,,,82651f2a-b635-440f-9955-9cc9b0586258
,,MW-RSG9-3S2C,Tracer Deep Hole Construction Pencil with 6 x Replacement Lead Pack and accompanying Site Holsters all-in-one Marking Kit. Carpenter Pencil Set,B07DRLVHM2,Stax,116041,£5.22,06/10/25,0,0,0,0,03/11/2025,0,FALSE,,,,74e7cf49-5a41-4ca7-a8d3-22ec8bd2615e
,,1U-1W76-M840,3 x Perfect Scents Plug In Air Freshener Refill Compatible with 3volution Mystical Japan 20ml,B07V9CRX7Y,Stax,114168,£0.76,06/10/25,0,0,0,0,36 Spare,0,FALSE,,,,d3c5a71a-e125-48c0-9ffa-e78216e304e9
,,GH-XAAE-HRU7,Dishmatic Value Pack Kit – 1x Refillable Washing-Up Liquid Dispensing Handle with 6X Replaceable General-Purpose Sponge Heads – Antibacterial Kitchen Washing-Up Handle with Easy-Grip Handle,B072K2PG11,Stax,116500,£2.37,06/10/25,0,0,0,0,03/11/2025,0,FALSE,,,,e8ded2b6-1d41-47d5-a7b9-82e6b465cb82
,,IB-U5FA-BO2Y,"OtterBox Symmetry Folio Case for iPad Pro 11"" (2024), Shockproof, Drop proof, Slim Protective Folio Case, Tested to Military Standard, Black",B0D3JC45CK,TD Synnex,77-95257,£20.51,06/10/25,6,6,6,0,10/10/2025,0,FALSE,,,,fb5aab4d-91b9-4d01-b87c-738b59bb80bd
,,DV-USYD-8WR2,"OtterBox Symmetry Folio Case for iPad Air 11"" (2024) & iPad Air 10.9"" (2022/2020), Shockproof, Drop proof, Slim Protective Folio Case, Tested to Military Standard, Black",B0D3JD4FFD,TD Synnex,10290403,£20.51,06/10/25,6,2,2,4,10/10/2025,0,FALSE,,,,b48ff78b-a07c-4cc8-a67e-94e120dd3ee6
,,L3-ZQ8U-A7LQ,Sandisk SDCZ50-016G-B35 USB 2.0 Flash Drive 16GB Black/Red,B004I2N5AS,TD Synnex,2046517,£3.70,06/10/25,60,60,60,0,,,FALSE,,,,dbc5da5b-8072-4240-979c-7acd76c55d83
,,ZT-QPY3-P24I,"OtterBox Defender Case for iPad Air 11"" (2024) & iPad Air 10.9"" (2022/2020), Ultra-Rugged Protective Case with built in Screen Protector, 2x Tested to Military Standard, Black",B0D3JBBGSB,TD Synnex,77-95220,£34.32,06/10/25,3,3,3,0,10/11/2025,0,FALSE,,,,51ab5431-a5ba-4bb0-8057-93884f3488e8
,,3X-EXDD-TD2K,"OtterBox Symmetry Folio Case for iPad 10th gen 2022, iPad 11th gen 2025 (A16), Shockproof, Drop proof, Slim Protective Folio Case, Tested to Military Standard, Black",B0D6W9DZX4,TD Synnex,77-95790,£20.51,06/10/25,16,16,16,0,19/12/2025,0,FALSE,,,,39290120-5aae-4c5e-8b1f-5b00ddec0e89
,,PY-XV78-3OG5,"OtterBox Symmetry Folio Case for iPad Air 13-Inch (2024 M2, 2025 M3), Shockproof, Drop proof, Slim Protective Folio Case, Tested to Military Standard, Black",B0D3J9M2H8,TD Synnex,77-95264,£20.51,06/10/25,8,8,8,0,10/11/2025,0,FALSE,,,,898830ed-3a6d-414b-9efa-9927c98a1505
,,I2-6YKQ-CIBP,"SanDisk Cruzer Glide 32 GB USB Flash Drive USB 2.0 , Black & Red",B007YX9O9E,TD Synnex,SDCZ60-032G-B35,£3.96,06/10/25,28,28,28,0,10/11/2025,0,FALSE,,,,51376db1-dd4f-426a-ae99-8b2073f3b58b
,,D0-C7C0-H6LN,"Skinny Food Co Salted Caramel Zero Calorie Syrup 425ml - Sugar Free Salted Caramel Syrup For Snacks, Drinks & Desserts - Vegan, Gluten-free, Keto & Paleo Friendly Caramel Syrup - Salted Caramel Syrup",B07F1MFWV1,Tropicana Wholesale,SKI004,£2.74,06/10/25,24,24,24,0,13/10/2025,0,FALSE,,,,e359fcb1-bad8-48d1-961a-0bf20858c1c1
,,2L-M26G-560I,"USN Power Punch BCAA Amino Acids Powder, Blue Raspberry Flavour - 400g, Vegan BCAA Powder, Vitamin B6 & No Sugar, Pre Workout & Intra Workout Energy Drink & Dietary Supplement to Maximise Performance",B075WYWJ5L,Tropicana Wholesale,USN026,£13.52,06/10/25,17,17,17,0,13/10/2025,0,FALSE,,,,914bdafa-0446-43a1-a1aa-9aeb7cefcda4
,,0G-JB6S-PN34,"Skinny Food Co Sugar Free Maple Syrup 425ml - Zero Calorie Syrup For Breakfast, Snacks, Drinks & Desserts - Vegan, Gluten-free, Keto & Paleo Friendly Maple Syrup - Sugar Free Maple Syrup UK",B07H2WXMDJ,Tropicana Wholesale,SKI002,£2.74,06/10/25,60,60,60,0,13/10/2025,0,FALSE,,,,3121bef1-7b29-4154-99a5-5acde7f5af28
,,NN-TSZ1-X2RD,Curaprox CS 12460 Velvet Ultra-Soft Toothbrush; Extra Soft bristles for Sensitive Gums,B093FQYQJH,DHB,CUR141,£3.79,07/10/25,150,150,150,0,13/10/2025,0,FALSE,,,,84583036-af2f-4391-ac24-ecd35c012ef4
,,XE-YPAI-HX9F,"Curaprox CPS 07 Prime Start Interdental Brush Kit, Red - 5 x 0.7mm - 2.5mm Interdental Brushes + 2 Interdental Toothbrush Holders",B086ZD7MG6,DHB,CUR120,£4.58,07/10/25,52,52,52,0,,,FALSE,,,,6bbb9d6a-d26d-4e85-9cba-b601b92b1003
,,G8-L8EI-INMK,"Brush-Baby Applemint Toothpaste for Babies & Toddlers | Stage 2-First Teeth | 0-36 Months, 50ml, Clear",B0054SB72I,DHB,BRU020,£1.12,07/10/25,9,9,9,0,13/10/2025,0,FALSE,,,,af18755e-14d3-4e52-9492-977c192e4b53
,,CY-5VNG-I5M8,Wisdom Pro Flex Interdental Brushes 0.70mm Yellow 25 Pack,B07Y354HMP,DHB,WIS105,£2.22,07/10/25,7,7,7,0,,,FALSE,,,,aaddda35-e487-438d-aad7-7ddd304cde74
,,SZ-UL4K-SE7W,Ultra Pro Comic Bags (100-Piece),B002QGAF8S,Bliss Distribution,E-82225,£3.08,20/10/25,50,,,50,,,FALSE,,,,7946fa48-d041-4076-ba38-4a040652532d
,,D7-MGBX-RX2P,"Ultra Pro 81181 3"" x 4"" Clear Thick 55PT Toploaders (25ct)",B001Q77TI2,Bliss Distribution,E-81181,£2.43,20/10/25,90,90,90,0,31/10/2025,0,FALSE,,,,3e45cc6d-32e3-40cd-adc5-03649b7789c4
,,4F-HT42-FD26,100 Ultra Pro Card Protector Sleeves: Pro-Matte - 66 x 91 mm,B010E25DI2,Bliss Distribution,E-84517,£3.33,20/10/25,30,30,30,0,,,FALSE,,,,fa5b2258-8052-4828-9ddf-0dfb78b9bd21
,,79-CPJ6-DSG6,Free League FLF-ALE014 ALIEN RPG Destroyer of Worlds Game,9189143051,Bliss Distribution,FLFALE014,£13.65,20/10/25,12,11,11,1,31/10/2025,0,FALSE,,,,218e24b0-53d0-4d62-8349-dccdb82ca1e4
,,XG-Z9LW-Z27Q,"The Army Painter Speedpaint Medium 2.0, Single White Medium 18 ml Acrylic Paint One-coat Painting Solution For Fantasy Tabletop Miniatures Like Warhammer 40k And Dungeons And Dragons",B09NQ9YX9R,Bliss Distribution,WP2000,£1.99,20/10/25,12,6,6,6,31/10/2025,0,FALSE,,,,dc385585-f912-490e-a95e-ff12fc12a5f5
,,0Z-Y60V-499R,"The Army Painter Speedpaint Absolution Green 2.0, Single Model Building Acrylic Paint, 18 ml, Single Layer Paint Solution for Fantasy Tabletop Miniatures Like Warhammer 40k Figures and DnD Miniatures",B09NQBQW49,Bliss Distribution,WP2007,£1.92,20/10/25,12,,,12,,,FALSE,,,,fe217ea6-d68d-41f6-b381-fd2bd050d3ac
,,XH-0LAE-FQO5,"Curaprox CS 1006 Interdental Toothbrush, Assorted Colour. Manual Single Tuft Interdental Brush Ultra-Fine CUREN® Filaments",B00AOES9GE,DHB,CUR035X,£2.90,20/10/25,305,305,306,0,31/10/2025,0,FALSE,,,,4d4ba0cb-6195-4da7-aa7f-e0bffb57a932
,,JV-D1TI-6UF6,Kitchen Devils Lifestyle Peeler Parer Knife 602001,B002HY4YSQ,Stax,5010624437200,£3.60,20/10/25,34,34,34,0,10/11/2025,0,FALSE,,,,0bbabef9-d153-4dfc-80bb-fc2b89d776de
,,7L-OT45-7LYB,"Yale YES-CYLPULL-CH Essentials Rim Cylinder Door Pull, Great for External Doors, for Easy Door Closing, Chrome Finish",B01NBDFDBC,Stax,5011802251854,£1.16,27/10/25,58,58,58,0,10/11/2025,0,FALSE,,,,f104b8ba-e74e-484f-afb9-ac7079e0f4a0
,,VF-3T0K-DR5O,"TePe EasyPick Toothpicks, Purple, ISO XL, 36pcs, Plaque Remover, efficient Clean Between The Teeth, Durable Dental Picks for Wide Gaps, Travel case Included",B08KFFY86W,DHB,TEP484,£2.05,28/10/25,800,800,800,0,04/11/2025,0,FALSE,,,,9a39778b-c10e-452b-8507-f9cbf13a35ae
,,6P-IWYA-X18B,"Arcane Tinman ART11006 Sleeves: Dragon Shield Matte Gold Standard 100pk-Gold, One Size",B07B8RJDXT,Bliss Distribution,AT-11006,,10/11/25,100,,,100,,,FALSE,,,,fdb3bba2-a146-431b-afbb-eabf1171ece9
,,MW-1ILH-TLS4,"Rescue Remedy Kids Restful Nights Dropper, for A Natural Night’s Sleep, Flower Essences, to Support Your Child and Promote A Calming Bedtime Routine, Alcohol Free, Alternative to Sleep Aid for Kids",B0CDH5Y3N9,CLF,RSC31,,10/11/25,30,,,30,,,FALSE,,,,f8a871bb-4322-4276-a646-94ee73e7fe64
,,4U-9ZL6-9G0Y,"Piksters Wax for Orthodontics and Braces, 2 Count (Pack of 1)",B07C8QSSR2,DHB,PIK054,£1.26,10/11/25,0,0,,0,,,FALSE,,,,0750fad9-dc80-4d3d-a8a9-186ab66cea7c
,,DC-K5WH-R7F5,TEPE INTERDENTAL Travel CASE,B0073FT7FY,DHB,TEP068SP,£0.68,10/11/25,520,520,520,0,18/11/2025,0,FALSE,,,,56ab30dd-95e6-4327-88f9-130c1ab148b6
,,NN-TSZ1-X2RD,Curaprox CS 12460 Velvet Ultra-Soft Toothbrush; Extra Soft bristles for Sensitive Gums,B093FQYQJH,DHB,CUR141,£3.79,10/11/25,64,64,64,0,14/11/2025,0,FALSE,,,,c7f908d6-4462-46cb-ace3-f829a89ab8cf
,,0B-IC3D-6S96,"Idontix X-Floss Lite, Blue",B00ICS6JWK,DHB,PIK015X,£3.09,10/11/25,0,0,,0,,,FALSE,,,,91137702-3f55-4949-93e0-0d54dade6d6e
,,G8-L8EI-INMK,"Brush-Baby Applemint Toothpaste for Babies & Toddlers | Stage 2-First Teeth | 0-36 Months, 50ml, Clear",B0054SB72I,DHB,BRU020,£1.12,10/11/25,0,0,,0,,,FALSE,,,,4ef2788e-0144-4219-8a8b-dbf48db391b1
,,6V-EEC1-2S9Z,3 X Everbuild CYN20 20g General Purpose Industrial Superglue,B06WW79DX5,Sika,484651,£2.25,10/11/25,1500,1500,1500,0,14/01/2026,0,FALSE,,,,8f9d367b-97d8-42bb-8448-bfe51082deb4
,,A2-T2AC-TW3L,Everbuild Industrial Grade Superglue GP 50 g Pack of 3,B006PFN3BW,Sika,484652,£4.51,10/11/25,450,450,450,0,19/12/2025,0,FALSE,,,,56d487dc-f6f9-459b-9f7b-33390417efa9
,,SU-5LQH-2DVN,"3 PCS EVERBUILD INDUSTRIAL GRADE SUPER GLUE HV HIGH VISCOSITY BONDS PVC, METAL, MDF, ALUMINIUM, CERAMICS, RUBBER ETC. 20G EACH",B07SLLYRSP,Sika,484654,£2.19,10/11/25,75,75,75,0,19/12/2025,0,FALSE,,,,9150058f-a221-4ade-958e-5bf1ac6d8526
,,EE-KTDC-KCFY,Crucial USB Adapter USB-C to USB-A CTUSBCFUSBAMAD,B08FSDMVNP,TD Synnex,6302977,,10/11/25,30,30,30,0,14/11/2025,0,FALSE,,,,e1a3bd5d-98de-499c-9bca-861c403d7d0d
,,IB-U5FA-BO2Y,"OtterBox Symmetry Folio Case for iPad Pro 11"" (2024), Shockproof, Drop proof, Slim Protective Folio Case, Tested to Military Standard, Black",B0D3JC45CK,TD Synnex,77-95257,£20.71,10/11/25,4,4,4,0,19/12/2025,0,FALSE,,,,d0300f81-c619-4b8d-b6ba-0afebcdc6f9b
,,ZT-QPY3-P24I,"OtterBox Defender Case for iPad Air 11"" (2024) & iPad Air 10.9"" (2022/2020), Ultra-Rugged Protective Case with built in Screen Protector, 2x Tested to Military Standard, Black",B0D3JBBGSB,TD Synnex,77-95220,£34.65,10/11/25,9,,,9,,,FALSE,,,,ea392a34-2a2a-4495-a29e-1f3293ab3b33
,,8R-E0Y9-0LAU,"OtterBox Defender Case for iPad 10th gen 2022, iPad 11th gen 2025 (A16), Shockproof, Rugged Protective Case with built in Screen Protector, 2x Tested to Military Standard, Black, No Retail Packaging",B0BBHBX72C,TD Synnex,77-89955,£34.65,10/11/25,24,24,24,0,14/11/2025,0,FALSE,,,,5b433fee-b29a-4c99-b68e-3e475e4c611c
,,L5-PF3B-WHU4,"Promixx Pro Shaker Bottle - Refillable, Powerful for Smooth Protein Shakes - Includes Extra Storage - BPA Free, Tumbler 600ml (Silver White/Grey)",B09LDDFK4R,Tropicana Wholesale,MIX025,£17.50,10/11/25,6,6,6,0,14/11/2025,0,FALSE,,,,e4ee9137-fe2b-4076-aa6b-82044379563a
,,0G-JB6S-PN34,"Skinny Food Co Sugar Free Maple Syrup 425ml - Zero Calorie Syrup For Breakfast, Snacks, Drinks & Desserts - Vegan, Gluten-free, Keto & Paleo Friendly Maple Syrup - Sugar Free Maple Syrup UK",B07H2WXMDJ,Tropicana Wholesale,SKI002,£2.74,10/11/25,110,110,110,0,14/11/2025,0,FALSE,,,,6903a8ea-72e4-4657-b158-8bd4c197b0aa
,,VF-3T0K-DR5O,"TePe EasyPick Toothpicks, Purple, ISO XL, 36pcs, Plaque Remover, efficient Clean Between The Teeth, Durable Dental Picks for Wide Gaps, Travel case Included",B08KFFY86W,DHB,TEP484,£2.05,18/11/25,800,800,800,0,19/12/2025,0,FALSE,,,,2c695876-bc29-400a-9f87-30667e6172ea
,,8U-QPFH-3EKQ,"Curaprox PerioPlus+ Focus Gel, 10ml - Oral Gel for Gum Disease Treatment & Enamel Repair.",B07T9WVBZ2,DHB,CUR204,£2.93,16/12/25,4,4,4,0,19/12/2025,0,FALSE,,,,184a0806-488f-4b33-b326-477dc5631130
,,NN-TSZ1-X2RD,Curaprox CS 12460 Velvet Ultra-Soft Toothbrush; Extra Soft bristles for Sensitive Gums,B093FQYQJH,DHB,CUR141,£3.99,16/12/25,94,94,94,0,19/12/2025,0,FALSE,,,,d58ac0e0-f37d-4941-b34a-c584242a2e0f
,,XE-YPAI-HX9F,"Curaprox CPS 07 Prime Start Interdental Brush Kit, Red - 5 x 0.7mm - 2.5mm Interdental Brushes + 2 Interdental Toothbrush Holders",B086ZD7MG6,DHB,CUR120,£4.70,16/12/25,24,24,24,0,19/12/2025,0,FALSE,,,,2edf362e-6207-4329-9480-3c756e00d229
,,6V-EEC1-2S9Z,3 X Everbuild CYN20 20g General Purpose Industrial Superglue,B06WW79DX5,Sika,484651,£2.25,05/01/26,500,,,500,,,FALSE,,,,93aaaad8-58b4-47c1-b42d-162242a8e7db
,,A2-T2AC-TW3L,Everbuild Industrial Grade Superglue GP 50 g Pack of 3,B006PFN3BW,Sika,484652,£4.51,05/01/26,360,360,240,0,24/01/2026,0,FALSE,,Send,,591c81ea-394c-453d-a1e7-477a0a72e369
,,3B-3H3V-Z93T,"Myprotein Unisex Adult Mini Bottle Shaker - Black, 400 ml (Pack of 1)",B0CP69JJGG,Tropicana Wholesale,MYP044,£1.60,05/01/26,30,30,30,0,14/01/2026,0,FALSE,,,,8f002bb8-6f62-4875-9331-d40abec453cb
,,GJ-2OZK-0GCA,Promixx PRO Electric Protein Shaker Bottle,B0CS3VF4GK,Tropicana Wholesale,MIX024,£17.50,05/01/26,14,14,14,0,14/01/2026,0,FALSE,,,,cb7f6bf9-6d88-4934-8734-cbb6ae3f4d96
,,8R-E0Y9-0LAU,"OtterBox Defender Case for iPad 10th gen 2022, iPad 11th gen 2025 (A16), Shockproof, Rugged Protective Case with built in Screen Protector, 2x Tested to Military Standard, Black, No Retail Packaging",B0BBHBX72C,TD Synnex,77-89955,£38.10,12/01/26,10,10,10,0,14/01/2026,0,FALSE,,,,f4d6fef9-0b58-493d-8545-80b14705dfd5
,,HO-LSOY-8R05,"OtterBox React Folio Case for iPad 10th gen 2022, iPad 11th gen 2025 (A16), Shockproof, Drop proof, Ultra-Slim Protective Folio Case, Tested to Military Standard, Black",B0BVZZDW1W,TD Synnex,77-92188,£17.40,12/01/26,3,3,3,0,14/01/2026,0,FALSE,Add,,,7758cc1b-0514-4195-8169-cb9ca50fb171
,,L5-PF3B-WHU4,"Promixx Pro Shaker Bottle - Refillable, Powerful for Smooth Protein Shakes - Includes Extra Storage - BPA Free, Tumbler 600ml (Silver White/Grey)",B09LDDFK4R,Tropicana Wholesale,MIX025,£17.50,12/01/26,15,15,15,0,30/01/2026,15,FALSE,,,,ff5cddad-cb5b-4651-a443-c94f6c316013
,,L5-PF3B-WHU4,"Promixx Pro Shaker Bottle - Refillable, Powerful for Smooth Protein Shakes - Includes Extra Storage - BPA Free, Tumbler 600ml (Silver White/Grey)",B09LDDFK4R,Tropicana Wholesale,MIX025,£17.50,12/01/26,2,,,2,,0,FALSE,,,,ff5cddad-cb5b-4651-a443-c94f6c316013
,,6V-EEC1-2S9Z,3 X Everbuild CYN20 20g General Purpose Industrial Superglue,B06WW79DX5,Sika,484651,£2.25,21/01/26,500,,,500,,,FALSE,,,,9e198630-50d1-4819-8aa6-c5035b5030a6
,,Z7-26PV-O9LR,Plaque Glo Plaque Disclosing Toothpaste and Torch System (Tropical),B07J9JGZZV,DHB,PIK065,£4.20,22/01/26,50,50,50,0,27/01/2026,50,FALSE,,,,f387a780-90b5-4fbc-a40a-991545598745
,,8U-QPFH-3EKQ,"Curaprox PerioPlus+ Focus Gel, 10ml - Oral Gel for Gum Disease Treatment & Enamel Repair.",B07T9WVBZ2,DHB,CUR204,£2.93,22/01/26,10,10,10,0,27/01/2026,10,FALSE,,,,893401a2-fe24-49c4-a50c-8ff06c8b7c5f
,,NN-TSZ1-X2RD,Curaprox CS 12460 Velvet Ultra-Soft Toothbrush; Extra Soft bristles for Sensitive Gums,B093FQYQJH,DHB,CUR141,£3.49,22/01/26,50,50,50,0,27/01/2026,50,FALSE,,,,27fcbbe1-29ef-4cbe-9973-710bdc74f57a
,,XE-YPAI-HX9F,"Curaprox CPS 07 Prime Start Interdental Brush Kit, Red - 5 x 0.7mm - 2.5mm Interdental Brushes + 2 Interdental Toothbrush Holders",B086ZD7MG6,DHB,CUR120,£4.79,22/01/26,80,80,80,0,27/01/2026,80,FALSE,,,,3cbf3088-0849-410a-a672-323e39e78b07
,,LP-QMNJ-J49G,CoComelon Children's Toothpaste - Strawberry Flavour - Sugar Free- 74ml - Award Winning,B0CL5DHG37,DHB,KOK011,£0.70,22/01/26,10,10,10,0,27/01/2026,10,FALSE,,,,1c3546b8-978d-4b2a-89ec-5472628417bc
,,W3-8FN7-FSP0,"Curaprox CS 5460 Ortho (Sortiert), Pack of 1 Unit",B004J71OSC,DHB,CUR181,£2.99,22/01/26,10,10,10,0,27/01/2026,10,FALSE,,,,5776b546-ddaa-4da9-b398-d13e9c60c19a
,,C6-XGZB-J6QA,CURAPROX 1560 Soft 0.15mm Brush Colours Vary,B0083HIM7U,DHB,CUR036X,£2.75,22/01/26,30,30,30,0,27/01/2026,30,FALSE,,,,dab676e0-69d7-436c-8fa7-2749e7238fd4
,,3N-WGU4-MT5X,"Curaprox CUR010 CPS15 Interdental Brush, Regular, Black, 1.8 mm-4 mm (Pack of 5)",B00SWSU5BG,DHB,CUR010,£4.41,22/01/26,0,0,0,0,22/01/2026,0,FALSE,,,,0d656058-4095-4d6f-9375-50f62510f2a8
,,,,,,,,,,,,,,,FALSE,,,,41e389fc-37ad-4f5b-bb61-08d73050e4f2
,,,,,,,,,,,,,,,FALSE,,,,8ff292fa-c591-4691-ac11-fcf6ab01abbe
,,,,,,,,,,,,,,,FALSE,,,,7b9b06b8-a987-4a79-8904-613f620e973b
,,,,,,,,,,,,,,,FALSE,,,,d2adfba9-b39b-4806-9cb0-b0d6777c9c58
,,,,,,,,,,,,,,,FALSE,,,,9aed8e07-2724-4322-89b2-1946dc76fa24
,,,,,,,,,,,,,,,FALSE,,,,f5ebd123-ccf6-456e-bd1b-315c8eedd348
,,,,,,,,,,,,,,,FALSE,,,,281634fd-9532-4907-893b-7d1752e4db9f
,,,,,,,,,,,,,,,FALSE,,,,1d6cebd8-4b66-4e18-a977-2fbce554d7ea
,,,,,,,,,,,,,,,FALSE,,,,438edfeb-1247-496c-bda9-1b260593594e
,,,,,,,,,,,,,,,FALSE,,,,63db7489-31b8-44d3-93b3-c79380c73e16
,,,,,,,,,,,,,,,FALSE,,,,99103fa1-1bff-4a61-8c96-485e1d20a146
,,,,,,,,,,,,,,,FALSE,,,,d7656ad5-ebaa-418a-b14a-7bab846c2b67
,,,,,,,,,,,,,,,FALSE,,,,6ee801bc-c5ee-4e67-bfe0-7bc43b0c0e13
,,,,,,,,,,,,,,,FALSE,,,,c9836e09-d891-4171-a8de-a6019562ec3d
,,,,,,,,,,,,,,,FALSE,,,,bf4f9873-bbc1-488d-8e09-83ec6f984b5c
,,,,,,,,,,,,,,,FALSE,,,,6f24798b-cfc9-4bc3-8481-63a0d4570602
,,,,,,,,,,,,,,,FALSE,,,,780e5893-5a2b-473f-992e-573ca8f74e73
,,,,,,,,,,,,,,,FALSE,,,,9dc6539a-808d-4236-a5c7-299e31246183
,,,,,,,,,,,,,,,FALSE,,,,eb206dc8-b20a-45f2-9495-c0b0f4d3f5f9
,,,,,,,,,,,,,,,FALSE,,,,14a1a334-5b05-4da9-a712-414f307b29ec
,,,,,,,,,,,,,,,FALSE,,,,fa6023b0-04ec-466e-9c3e-f943e0a8cc4c
,,,,,,,,,,,,,,,FALSE,,,,e354f9a4-51b9-4181-9fd4-89f5f868fbc7
,,,,,,,,,,,,,,,FALSE,,,,a7cb7512-a05e-42b1-8287-51901facdb20
,,,,,,,,,,,,,,,FALSE,,,,68d96660-47ca-43a6-8b58-cb8c089b5203
,,,,,,,,,,,,,,,FALSE,,,,923a0f6c-8139-477f-bedd-3b308ddfb891
,,,,,,,,,,,,,,,FALSE,,,,cb576fe2-b620-4f34-95e3-222abf563aa6
,,,,,,,,,,,,,,,FALSE,,,,e7df289a-729b-4e90-b1fc-5c99cde2738c
,,,,,,,,,,,,,,,FALSE,,,,04156c70-92ac-415e-be18-efc6e737dc15
,,,,,,,,,,,,,,,FALSE,,,,16cd7ffa-d416-42b4-9486-becd2fca4e9c
,,,,,,,,,,,,,,,FALSE,,,,b633db3d-fdb9-49b4-b1bf-c26c7b111ac2
,,,,,,,,,,,,,,,FALSE,,,,f9696526-92fb-404e-97b2-f7c078a5c96e
,,,,,,,,,,,,,,,FALSE,,,,9a276609-d038-463e-9668-eb1c0030e9c3
,,,,,,,,,,,,,,,FALSE,,,,e11213df-b721-4c96-acda-ce68cf140f9a
,,,,,,,,,,,,,,,FALSE,,,,c931a23b-18cd-45ff-8e8a-a2be7c9bbd8c
,,,,,,,,,,,,,,,FALSE,,,,571289f8-b7a9-4297-a6df-4c84e54c8c15
,,,,,,,,,,,,,,,FALSE,,,,6f279fc2-9cbe-45f9-8de6-7cae53a03c34
,,,,,,,,,,,,,,,FALSE,,,,f65632ef-048e-4411-95ce-36ce4c429765
,,,,,,,,,,,,,,,FALSE,,,,e1f116d3-065f-4ed8-84ad-c2e2d59da318
,,,,,,,,,,,,,,,FALSE,,,,12796910-b409-4d02-8e97-fb25ee056885
,,,,,,,,,,,,,,,FALSE,,,,249bf5b0-46a6-48c2-bdfd-9349c5c67793
,,,,,,,,,,,,,,,FALSE,,,,96c2b994-fa40-4c7b-b7a6-72997324ff9a
,,,,,,,,,,,,,,,FALSE,,,,dc331a05-707b-4591-9ae4-e00015134c56
,,,,,,,,,,,,,,,FALSE,,,,c17d8480-36d4-4311-839d-26d6d2d5ec54
,,,,,,,,,,,,,,,FALSE,,,,33c8bcac-5bee-4a8e-a6f8-3310bec9ebae
,,,,,,,,,,,,,,,FALSE,,,,e80f610c-4eb4-4570-b936-7c542a518764
,,,,,,,,,,,,,,,FALSE,,,,bdd707de-98a3-4427-b9af-d5927b00900c
,,,,,,,,,,,,,,,FALSE,,,,c0688c2c-443e-4ed4-9b5b-57a4264289cc
,,,,,,,,,,,,,,,FALSE,,,,290fcfb1-f3eb-4ff4-9d33-a988b1b9c66e
,,,,,,,,,,,,,,,FALSE,,,,493025bf-ba8e-4207-beb3-ed1dc2f21e4b
,,,,,,,,,,,,,,,FALSE,,,,fe96ec35-629c-4819-b7d8-60d9fb55cbee
,,,,,,,,,,,,,,,FALSE,,,,73e6e8fd-f000-4b14-bbbe-70c4554fd7de
,,,,,,,,,,,,,,,FALSE,,,,88e46e31-674e-4769-a24c-28d16a0eec45
,,,,,,,,,,,,,,,FALSE,,,,2ec1affe-febf-4902-baa4-d3ee06ed5071
,,,,,,,,,,,,,,,FALSE,,,,e7aa8757-27be-49f1-a865-49235df7427c
,,,,,,,,,,,,,,,FALSE,,,,9f65ba04-a7a9-4af4-8ee5-eb4025fc2c40
,,,,,,,,,,,,,,,FALSE,,,,2814293e-dd89-4783-96ab-8816e7009454
,,,,,,,,,,,,,,,FALSE,,,,345cb1c2-921c-4adf-96e6-cc4805bbe3bc
,,,,,,,,,,,,,,,FALSE,,,,432a9bcb-d435-4525-be5a-650319c8e075
,,,,,,,,,,,,,,,FALSE,,,,2d7d39c0-965c-4d9e-b6a4-ec69d897dc7a
,,,,,,,,,,,,,,,FALSE,,,,02afa97f-e6a3-42b9-beab-07fe92df1516
,,,,,,,,,,,,,,,FALSE,,,,41d7d994-193d-4e0c-9f11-c42230fcefb3
,,,,,,,,,,,,,,,FALSE,,,,ceae312c-9413-4573-9c41-7f8bb360a15c
,,,,,,,,,,,,,,,FALSE,,,,0d92c795-3a73-48d5-8e0c-0bbbf059e867
,,,,,,,,,,,,,,,FALSE,,,,7bb628e2-d294-47be-9c12-10bfe3020a0c
,,,,,,,,,,,,,,,FALSE,,,,8c32dc34-7421-4c81-9fe5-26cdefbb536e
,,,,,,,,,,,,,,,FALSE,,,,4149b2f6-9e33-4dbf-94e8-9cbede2b4d9f
,,,,,,,,,,,,,,,FALSE,,,,bd74c644-4aa1-4c4a-87cd-a348c75afd2c
,,,,,,,,,,,,,,,FALSE,,,,5ff621f5-df6c-4dba-91c7-e2d132c9a9df
,,,,,,,,,,,,,,,FALSE,,,,d1f20a32-38cd-4595-af03-1758fe66cd1d
,,,,,,,,,,,,,,,FALSE,,,,b37717f4-33f9-47e0-83e2-1e5cb0890333
,,,,,,,,,,,,,,,FALSE,,,,8a4caf83-f258-4bcc-a823-0a92d811cc6d
,,,,,,,,,,,,,,,FALSE,,,,2adab589-b97a-46b1-afa9-016d08e076f5
,,,,,,,,,,,,,,,FALSE,,,,94400934-5a4e-4e98-9a27-4c1f1c70155f
,,,,,,,,,,,,,,,FALSE,,,,1ed0f045-e750-442f-98d4-0affb737f34f
,,,,,,,,,,,,,,,FALSE,,,,e2fbe554-f286-4320-aa06-d9e8a21dbae6
,,,,,,,,,,,,,,,FALSE,,,,f65ab6ec-4f64-4c16-aaed-4fb8d18355a5
,,,,,,,,,,,,,,,FALSE,,,,7c10e40d-3784-45f7-a144-f05539be4121
,,,,,,,,,,,,,,,FALSE,,,,6a52f486-dd3c-44d6-bbca-39b53e8c4d37
,,,,,,,,,,,,,,,FALSE,,,,1798b5b1-5552-4e34-b392-81adb342cc44
,,,,,,,,,,,,,,,FALSE,,,,e85149ef-eae1-4bc0-aea7-f6783845b97c
,,,,,,,,,,,,,,,FALSE,,,,f2b3934b-8c32-4bf5-b805-4d18d5fc6834
,,,,,,,,,,,,,,,FALSE,,,,6cf28def-f4db-4804-92c0-00f0e4dc6d40
,,,,,,,,,,,,,,,FALSE,,,,b41ec989-1bc1-4305-a8a8-c72bb8353d68
,,,,,,,,,,,,,,,FALSE,,,,feb062b7-965a-4496-a193-0b327e2a2991
,,,,,,,,,,,,,,,FALSE,,,,770b3ed1-da01-465b-aaf9-ed3c66b274a4
,,,,,,,,,,,,,,,FALSE,,,,4c1b0ab0-2aa1-46ef-9e2f-c19f99be47cb
,,,,,,,,,,,,,,,FALSE,,,,9e07d2a9-5bd4-4ae4-afe3-16ee25a4bd6e
,,,,,,,,,,,,,,,FALSE,,,,fda2c943-7385-4278-a651-e1c4aafc168b
,,,,,,,,,,,,,,,FALSE,,,,0460343f-fd80-4575-842e-84b34de46bb8
,,,,,,,,,,,,,,,FALSE,,,,20495415-fc4d-478c-a65d-0de4ecaec689
,,,,,,,,,,,,,,,FALSE,,,,b331e38a-b5e8-4ded-8327-20c744fad508
,,,,,,,,,,,,,,,FALSE,,,,19bc6bf4-4ac7-47f0-b96a-af32620fe515
,,,,,,,,,,,,,,,FALSE,,,,0512d0e6-6535-497c-9044-b875fa950ce6
,,,,,,,,,,,,,,,FALSE,,,,06021f5c-9b6d-4516-96b9-6d77ce5fb222
,,,,,,,,,,,,,,,FALSE,,,,30517abc-f7d4-4adf-a09c-2791e44a0f0d
,,,,,,,,,,,,,,,FALSE,,,,b19afccf-10b0-4af6-be7d-c7808de3a887
,,,,,,,,,,,,,,,FALSE,,,,8a31b01b-6a78-453a-a567-8d80208288f5
,,,,,,,,,,,,,,,FALSE,,,,2ade323a-8539-4037-b897-537d4000f0ef
,,,,,,,,,,,,,,,FALSE,,,,2c4bf4cc-1eed-4576-9cbd-f278ff1637ef
,,,,,,,,,,,,,,,FALSE,,,,342134e5-e96b-487c-84fc-d3d694a1ffda
,,,,,,,,,,,,,,,FALSE,,,,be7bbb75-5858-4d5f-9b3d-4b6de10b6ac0
,,,,,,,,,,,,,,,FALSE,,,,4ef1a1af-05f0-40f0-b265-12558165b7b4
,,,,,,,,,,,,,,,FALSE,,,,b1ddafc3-2885-4572-9d9c-e37e30c864e7
,,,,,,,,,,,,,,,FALSE,,,,1cc890fa-7273-4449-9ab6-6e75ecabc776
,,,,,,,,,,,,,,,FALSE,,,,8524d20c-7153-4c38-9a0e-a6c3d36407de
,,,,,,,,,,,,,,,FALSE,,,,0c642a72-1cae-4a4c-bdea-b35e5e1f4968
,,,,,,,,,,,,,,,FALSE,,,,46b62987-4255-493b-a62d-08448cff928f
,,,,,,,,,,,,,,,FALSE,,,,d2979fea-2b37-4391-9412-00cb45411b73
,,,,,,,,,,,,,,,FALSE,,,,0304190d-77b6-4e1a-997d-2ae31678d5ed
,,,,,,,,,,,,,,,FALSE,,,,903b373e-8138-4fc0-a2ac-c06effeabd54
,,,,,,,,,,,,,,,FALSE,,,,31e38b16-6936-46c7-b9a9-ca2f57fc55fd
,,,,,,,,,,,,,,,FALSE,,,,28025a1f-814a-40e6-a155-36aa88b8bc50
,,,,,,,,,,,,,,,FALSE,,,,be996309-f18a-43a1-a060-7cdbaea63c4d
,,,,,,,,,,,,,,,FALSE,,,,1d916c33-df3c-41e4-898f-0df41c4d8ae4
,,,,,,,,,,,,,,,FALSE,,,,7561fd57-83ce-4893-bc52-4b1d8961bbc9
,,,,,,,,,,,,,,,FALSE,,,,c729f77f-95cd-44e4-b58e-57e36ede3021
,,,,,,,,,,,,,,,FALSE,,,,5371f2bd-7b0f-4d2e-b8b7-0d0b29e5ea52
,,,,,,,,,,,,,,,FALSE,,,,42b0fd85-050b-42bb-91f9-7dbc61535108
,,,,,,,,,,,,,,,FALSE,,,,f80b80bb-948e-4770-81da-01bb6e5faf99
,,,,,,,,,,,,,,,FALSE,,,,13c1ad5f-e7b5-4064-9a97-993f042bbeda
,,,,,,,,,,,,,,,FALSE,,,,4bd95388-a428-4b28-82b2-b67918e7c340
,,,,,,,,,,,,,,,FALSE,,,,c6adba93-f69f-49f3-891e-743347e4bf4b
,,,,,,,,,,,,,,,FALSE,,,,30cc4817-fd80-4e84-af96-6ecbd0f1180b
,,,,,,,,,,,,,,,FALSE,,,,0786fc2e-5dd1-47c1-a541-bbb70c03fdc8
,,,,,,,,,,,,,,,FALSE,,,,e60efb51-f2bb-4fb9-b70c-b6ca162a3ccd
,,,,,,,,,,,,,,,FALSE,,,,72d446ed-3d2b-4bf2-965c-7d6c2711f4c8
,,,,,,,,,,,,,,,FALSE,,,,0d6ae0ed-9efd-4c0d-a268-e33d412150f3
,,,,,,,,,,,,,,,FALSE,,,,a05738e4-31ab-467e-a076-041a96c07396
,,,,,,,,,,,,,,,FALSE,,,,ea46b56f-bc2c-45f4-926a-73969a881628
,,,,,,,,,,,,,,,FALSE,,,,b8f8692d-700c-479b-a780-efa1b4dcf970
,,,,,,,,,,,,,,,FALSE,,,,3ec816d4-10eb-43a1-a827-b8b792fb8981
,,,,,,,,,,,,,,,FALSE,,,,2211727d-a39f-42ce-a226-f56d2d86cec7
,,,,,,,,,,,,,,,FALSE,,,,0802accd-be3a-4aec-87f6-74eb7a6ebb3f
,,,,,,,,,,,,,,,FALSE,,,,c5afe80e-ad5e-4f2d-800b-ccb795404fa0
,,,,,,,,,,,,,,,FALSE,,,,0c173276-9bfa-49db-b099-3c8261c85187
,,,,,,,,,,,,,,,FALSE,,,,2798df24-8c5b-4866-86b1-549d38a61695
,,,,,,,,,,,,,,,FALSE,,,,fd47ca5c-da73-4b07-b124-10223f6140a8
,,,,,,,,,,,,,,,FALSE,,,,90cab491-1691-448c-b018-22f9b3737bb3
,,,,,,,,,,,,,,,FALSE,,,,c856efe6-f8ef-493a-bdc8-af88b2fffffc
,,,,,,,,,,,,,,,FALSE,,,,13df3df4-56b8-43f4-b93f-c01836711c49
,,,,,,,,,,,,,,,FALSE,,,,fa946d82-f5b6-4103-910b-522dd947c36a
,,,,,,,,,,,,,,,FALSE,,,,c6c69a2c-f846-4b4b-ac95-7a74cc241956
,,,,,,,,,,,,,,,FALSE,,,,79b386fe-ee4c-473c-9032-7743f58b673d
,,,,,,,,,,,,,,,FALSE,,,,a3f5f99f-73bc-4417-b078-2a7b352962bb
,,,,,,,,,,,,,,,FALSE,,,,37863484-06a8-4e54-b763-11502c597249
,,,,,,,,,,,,,,,FALSE,,,,f8415426-e41d-4a57-9610-03bdb51d462d
,,,,,,,,,,,,,,,FALSE,,,,15decc9f-60c0-44b9-9429-4265b0e24689
,,,,,,,,,,,,,,,FALSE,,,,3a657907-88db-4bed-9414-a23dd397d3b3
,,,,,,,,,,,,,,,FALSE,,,,8ad9828e-a341-4e24-86c1-80791be733d2
,,,,,,,,,,,,,,,FALSE,,,,b9274e6f-a5a4-45f0-85fb-d638d5241c95
,,,,,,,,,,,,,,,FALSE,,,,a5156b46-a5f1-48f5-83e7-80b36bb4f112
,,,,,,,,,,,,,,,FALSE,,,,ce0458cf-6803-4786-8e53-aa0c3f86ab81
,,,,,,,,,,,,,,,FALSE,,,,290382d9-d3cb-45ab-ad1a-90bcdb40057c
,,,,,,,,,,,,,,,FALSE,,,,d24ce759-3998-4a81-aad3-2564848fccdf
,,,,,,,,,,,,,,,FALSE,,,,2cb1eb7d-0667-4bdb-ae08-4604b05a69e1
,,,,,,,,,,,,,,,FALSE,,,,0aff7a78-3bbd-4f59-99a7-331c7f792db0
,,,,,,,,,,,,,,,FALSE,,,,e39b3685-4673-4fcd-b249-7c1577a123a2
,,,,,,,,,,,,,,,FALSE,,,,7996a3c4-626a-425f-b905-65ed4c1de965
,,,,,,,,,,,,,,,FALSE,,,,d941ad12-f26d-4ea8-a957-1d121cb1fe29
,,,,,,,,,,,,,,,FALSE,,,,0d05efc9-c8b4-48c4-a375-85f23872b032
,,,,,,,,,,,,,,,FALSE,,,,2bef6538-6b67-4698-81f2-401ea72bff2d
,,,,,,,,,,,,,,,FALSE,,,,ab3bdbe0-0ec6-4506-a288-65aa611826c5
,,,,,,,,,,,,,,,FALSE,,,,2acc8bb1-83db-4e6e-bee6-65dd35852169
,,,,,,,,,,,,,,,FALSE,,,,570b2914-4f2c-48e6-807f-ef2d9f8b277e
,,,,,,,,,,,,,,,FALSE,,,,89b6c1de-cacb-450a-9e45-e65b1edc25b9
,,,,,,,,,,,,,,,FALSE,,,,6febf177-5acc-4778-9a37-f81a3a8ad8c4
,,,,,,,,,,,,,,,FALSE,,,,139231db-1a14-4639-9acb-c18ff7785023
,,,,,,,,,,,,,,,FALSE,,,,fbc1373a-9afd-40d4-8a15-eaa58f5a7e7c
,,,,,,,,,,,,,,,FALSE,,,,8edd2094-3721-4f53-86c9-76fc5d800dd9
,,,,,,,,,,,,,,,FALSE,,,,c45355da-437f-45ae-aaf1-f806bb73f491
,,,,,,,,,,,,,,,FALSE,,,,b5a0cb32-4841-4a70-9b39-2f6877b3ceb3
,,,,,,,,,,,,,,,FALSE,,,,d2014e2d-63da-4a94-827a-d37c16532fb8
,,,,,,,,,,,,,,,FALSE,,,,bb0d6b45-40a4-4166-a53d-b5d400a1f578
,,,,,,,,,,,,,,,FALSE,,,,1776dc1c-786e-48b4-bd58-72c30bd508ef
,,,,,,,,,,,,,,,FALSE,,,,86093c48-7b9a-40ca-b63e-b064ab8ead4f
,,,,,,,,,,,,,,,FALSE,,,,382f8b2b-e036-4786-8502-a84c2340abcc
,,,,,,,,,,,,,,,FALSE,,,,813397e9-75e3-4aa2-80d8-5ff72b4d61c4
,,,,,,,,,,,,,,,FALSE,,,,018ca22b-229b-45b4-8679-f3eb786c11e0
,,,,,,,,,,,,,,,FALSE,,,,ea6e4343-5986-4615-96f9-6575551bb55c
,,,,,,,,,,,,,,,FALSE,,,,0e50bae8-a16c-4c3d-8e18-10fa4820533c
,,,,,,,,,,,,,,,FALSE,,,,b1abf4a9-b546-4d37-96b3-1ba5380a3695
,,,,,,,,,,,,,,,FALSE,,,,adbf4135-812d-479f-bf01-20dbcbc59fa0
,,,,,,,,,,,,,,,FALSE,,,,e9cc529a-aa39-4973-a7c1-f15eb913c77f
,,,,,,,,,,,,,,,FALSE,,,,df7f38b1-a6a2-41c9-b4dc-9a68edf6a53c
,,,,,,,,,,,,,,,FALSE,,,,14087f81-a40e-4716-8520-05390886226a
,,,,,,,,,,,,,,,FALSE,,,,0aee72f2-cfbf-476b-9118-5139d55ca67d
,,,,,,,,,,,,,,,FALSE,,,,ab4488b5-7fbe-4d39-95b6-897202545b93
,,,,,,,,,,,,,,,FALSE,,,,f12ada77-c22a-45a6-abc6-e5d88e7c840b
,,,,,,,,,,,,,,,FALSE,,,,da143354-ed2a-432d-ad7c-6243e2d91fe6
,,,,,,,,,,,,,,,FALSE,,,,eaa5a430-eb83-4948-a4ad-7f1b010b415d
,,,,,,,,,,,,,,,FALSE,,,,21dd508a-d658-4761-9b88-4b7754483f22
,,,,,,,,,,,,,,,FALSE,,,,6fd84299-87fb-424f-b6f2-46c3adfd6f35
,,,,,,,,,,,,,,,FALSE,,,,dc3dfb5a-881b-4cdc-b80c-d7ee64791afc
,,,,,,,,,,,,,,,FALSE,,,,f85f123b-34ce-44e0-86ba-c5c67ecc5313
,,,,,,,,,,,,,,,FALSE,,,,a938c768-373e-453d-bcd1-50199cc136ab
,,,,,,,,,,,,,,,FALSE,,,,6b9b51b3-0b8b-446e-8c74-b7f76ece38af
,,,,,,,,,,,,,,,FALSE,,,,4fc3358a-7f6e-4d9c-96bd-7d16ec889968
,,,,,,,,,,,,,,,FALSE,,,,e5eebff2-1f37-41f7-a66b-bd8e688323b4
,,,,,,,,,,,,,,,FALSE,,,,f6faef9b-a854-4b28-9c09-f6287a4c1dbd
,,,,,,,,,,,,,,,FALSE,,,,7e66c583-d1b7-4609-a48a-32283a7630d1
,,,,,,,,,,,,,,,FALSE,,,,50d2012b-3d9d-4e6d-86d7-986ae54d79c3
,,,,,,,,,,,,,,,FALSE,,,,c53a52a8-483b-4128-ac7d-3c42706d69be
,,,,,,,,,,,,,,,FALSE,,,,6d23366c-e605-4dba-b8bb-46ace1612b69
,,,,,,,,,,,,,,,FALSE,,,,d3dacf23-d2d4-4a0e-9bc3-b7c01c26eeec
,,,,,,,,,,,,,,,FALSE,,,,5639e281-cb07-454d-8431-23cf66518f69
,,,,,,,,,,,,,,,FALSE,,,,106660fb-4508-40d3-aa3c-dd69360e93c9
,,,,,,,,,,,,,,,FALSE,,,,591a6d89-c52d-43c9-a944-bbad0f67fc63
,,,,,,,,,,,,,,,FALSE,,,,12b0f1a0-f675-435f-ae01-c7c98f244261
,,,,,,,,,,,,,,,FALSE,,,,8e9f3f49-87ad-494f-9d72-2041fe22251f
,,,,,,,,,,,,,,,FALSE,,,,59874278-a6e9-4b39-bbb9-1e3834676f35
,,,,,,,,,,,,,,,FALSE,,,,d0f861f4-5267-4139-a746-407bc5097d7c
,,,,,,,,,,,,,,,FALSE,,,,3ac2356d-0262-4326-8405-14a8d76c4744
,,,,,,,,,,,,,,,FALSE,,,,599c2620-8e64-4390-b153-bb66b8120216
,,,,,,,,,,,,,,,FALSE,,,,90f65d53-74db-42a2-8a26-cdce7ce3af29
,,,,,,,,,,,,,,,FALSE,,,,c793171f-ec18-4b20-ac2d-2cd6bc09691c
,,,,,,,,,,,,,,,FALSE,,,,2cc2296f-f6a8-42a3-945a-a5e5caad0dae
,,,,,,,,,,,,,,,FALSE,,,,90e9f93e-f52f-4cee-ba11-a30af233fb1e
,,,,,,,,,,,,,,,FALSE,,,,048852ee-7893-4c8f-9aaa-ec50750986cd
,,,,,,,,,,,,,,,FALSE,,,,951e43b5-c11e-41df-a759-58aa6b6810e3
,,,,,,,,,,,,,,,FALSE,,,,f5fc72e8-d4df-441b-ad4d-44a8144eb6eb
,,,,,,,,,,,,,,,FALSE,,,,e32373bc-dad0-4c6c-b979-1f7a750957e6
,,,,,,,,,,,,,,,FALSE,,,,8781d3b8-f224-4e7f-9a0b-071e824bc9b6
,,,,,,,,,,,,,,,FALSE,,,,2181f174-23bd-4e6e-87e5-f073a8898edd
,,,,,,,,,,,,,,,FALSE,,,,0e263c7e-959d-4c83-9099-ff6da74d0d51
,,,,,,,,,,,,,,,FALSE,,,,9cf1a956-b6e1-4121-bca0-9289e4ca4b41
,,,,,,,,,,,,,,,FALSE,,,,5ddebaf5-b90a-42e8-9087-748b5836c3ad
,,,,,,,,,,,,,,,FALSE,,,,6c991730-e175-4d38-8e2c-38124ed8a7d8
,,,,,,,,,,,,,,,FALSE,,,,dfa6d3e1-f922-4bcb-99c1-a6c621be6e84
,,,,,,,,,,,,,,,FALSE,,,,9cc3cd68-4bad-46a7-8540-6a0386ae15d0
,,,,,,,,,,,,,,,FALSE,,,,54b0e7c8-1567-4990-9410-2ca6c2552bb1
,,,,,,,,,,,,,,,FALSE,,,,44f01f63-5acd-41ed-976b-a5b535b76101
,,,,,,,,,,,,,,,FALSE,,,,626955c6-8573-4602-adcc-1bb3211bc478
,,,,,,,,,,,,,,,FALSE,,,,66bd7821-9ab2-4b28-8256-a4258f4ba584
,,,,,,,,,,,,,,,FALSE,,,,dbe9143d-a934-4187-a657-5bfb57a91106
,,,,,,,,,,,,,,,FALSE,,,,987b1c46-077c-4137-af20-aead50cad362
,,,,,,,,,,,,,,,FALSE,,,,07d3c611-01e7-4f34-b6d5-87fcf3f8c6bf
,,,,,,,,,,,,,,,FALSE,,,,758f57ef-b9af-49a5-aaf7-9b2c5439b7c7
,,,,,,,,,,,,,,,FALSE,,,,1b5f0b64-6877-4f54-ac72-cc82ee21128e
,,,,,,,,,,,,,,,FALSE,,,,8f07ff27-4187-48da-b2b7-d28d0ce4069e
,,,,,,,,,,,,,,,FALSE,,,,9218cc44-a704-4f85-98f3-35af55d2954a
,,,,,,,,,,,,,,,FALSE,,,,5e261357-7f12-4ef0-bdea-131d26c0e79f
,,,,,,,,,,,,,,,FALSE,,,,a18deb1c-c088-439a-91a9-4989678df46b
,,,,,,,,,,,,,,,FALSE,,,,f1c81aef-b0de-40f5-947c-b4c9621ac2b7
,,,,,,,,,,,,,,,FALSE,,,,33d6d389-e45c-499e-8ac8-bba826303001
,,,,,,,,,,,,,,,FALSE,,,,0579871f-d5a7-436c-976e-1834152c5249
,,,,,,,,,,,,,,,FALSE,,,,26d33f1e-1772-4404-bee9-64ffbc0e1566
,,,,,,,,,,,,,,,FALSE,,,,08963284-9245-4f38-8d25-f49eb719d435
,,,,,,,,,,,,,,,FALSE,,,,045ecf86-a509-41fc-a4d0-1cb6ddea6e5c
,,,,,,,,,,,,,,,FALSE,,,,29ea300e-ed29-4c64-8e79-931e3fa403cf
,,,,,,,,,,,,,,,FALSE,,,,aa07c089-318d-430a-bcaf-ec41b38f9773
,,,,,,,,,,,,,,,FALSE,,,,04104773-8aeb-42bd-88eb-9007adf3fcf1
,,,,,,,,,,,,,,,FALSE,,,,6ecf2fe9-4f20-4d2f-837f-953215377e5b
,,,,,,,,,,,,,,,FALSE,,,,0b820ce1-fdef-4af8-8a9e-e5947b4ac4e0
,,,,,,,,,,,,,,,FALSE,,,,e73d56f0-a476-4116-a4d0-7649328b8d57
,,,,,,,,,,,,,,,FALSE,,,,089ecc88-970d-42d0-8f86-3adef5581888
,,,,,,,,,,,,,,,FALSE,,,,b0be31dd-77b1-41db-b5cc-770194066b0c
,,,,,,,,,,,,,,,FALSE,,,,0a0f79ab-2710-4a46-869a-62b74e499f51
,,,,,,,,,,,,,,,FALSE,,,,a83272e5-3625-4e79-ae62-84cdddf7018b
,,,,,,,,,,,,,,,FALSE,,,,d55b58a4-7f47-423b-9374-4f289b6235aa
,,,,,,,,,,,,,,,FALSE,,,,02a69eeb-b816-4f99-ae59-81d7ad9a8525
,,,,,,,,,,,,,,,FALSE,,,,0f7c97eb-9311-4eff-81e7-dceeaa25ee80
,,,,,,,,,,,,,,,FALSE,,,,c398f69a-91fb-4518-84ab-25a39587219c
,,,,,,,,,,,,,,,FALSE,,,,9277ef76-4d27-4ba2-9454-3b0cdcb12f61
,,,,,,,,,,,,,,,FALSE,,,,0fcac354-0fee-4f4a-a316-c9ef293e579d
,,,,,,,,,,,,,,,FALSE,,,,ac3660e1-f2f6-4a02-9829-6872db534ffe
,,,,,,,,,,,,,,,FALSE,,,,ae0e9342-d168-44f8-a58e-7f1c89e7675e
,,,,,,,,,,,,,,,FALSE,,,,dbd53023-48e9-4147-a12d-e9ecedef1dc8
,,,,,,,,,,,,,,,FALSE,,,,7881a254-d355-4f29-bf86-59b50b823ec6
,,,,,,,,,,,,,,,FALSE,,,,5298d535-6441-45c9-bc2b-2d378a7f69b8
,,,,,,,,,,,,,,,FALSE,,,,9419a874-7d56-4037-9bfd-f619e1836415
,,,,,,,,,,,,,,,FALSE,,,,f7aee773-8d43-4486-9bb0-b9c1e7e1582f
,,,,,,,,,,,,,,,FALSE,,,,ca1ad15c-adee-4590-8128-cfd1ddf8a4f5
,,,,,,,,,,,,,,,FALSE,,,,fd664ac3-023a-4265-8234-2a0bd3210aad
,,,,,,,,,,,,,,,FALSE,,,,4eedfc89-b3db-4df0-869a-28e60f90c1d9
,,,,,,,,,,,,,,,FALSE,,,,cb7c4ca7-c8b2-4e90-946b-9ed3f76cb3f9
,,,,,,,,,,,,,,,FALSE,,,,b7d61afa-7950-4e10-9acb-6b85a54a27ec
,,,,,,,,,,,,,,,FALSE,,,,45cd73a7-e2ec-4e50-8b7d-c3df24b9d8de
,,,,,,,,,,,,,,,FALSE,,,,add591da-3567-4e88-a9bb-c497e72e7642
,,,,,,,,,,,,,,,FALSE,,,,1b97a56b-653c-4949-bfbb-dd1098e2f863
,,,,,,,,,,,,,,,FALSE,,,,a9c7aaad-71f8-47cd-9c70-b3224dc4fec3
,,,,,,,,,,,,,,,FALSE,,,,78084c9d-d46f-4811-8436-9ad8610c7d37
,,,,,,,,,,,,,,,FALSE,,,,163f4881-6b8f-430d-a869-4b55e5273934
,,,,,,,,,,,,,,,FALSE,,,,be1c2aab-7be9-4dc4-8883-6de082359de6
,,,,,,,,,,,,,,,FALSE,,,,35e53099-1a6a-4391-a272-985d921687a5
,,,,,,,,,,,,,,,FALSE,,,,1de8bfbc-4ceb-4fef-93b5-a663b0940955
,,,,,,,,,,,,,,,FALSE,,,,44d0555e-205a-45ec-95cd-8734fbbb33fb
,,,,,,,,,,,,,,,FALSE,,,,d7f2a64a-5375-4ac4-b1d6-c15a274f4608
,,,,,,,,,,,,,,,FALSE,,,,3f6f127f-7ce6-42e2-bda9-1586de735e83
,,,,,,,,,,,,,,,FALSE,,,,69779fdd-8134-4bcb-958a-4188b1062446
,,,,,,,,,,,,,,,FALSE,,,,fb47295f-26d7-404e-926e-83a55f03f916
,,,,,,,,,,,,,,,FALSE,,,,cbc5491e-887a-448d-9b55-0123f4768f95
,,,,,,,,,,,,,,,FALSE,,,,0c2592f7-c0cb-4cae-bee5-44da98ef75c6
,,,,,,,,,,,,,,,FALSE,,,,037ce3d0-fc14-4d8f-8ea4-dfd328cf759f
,,,,,,,,,,,,,,,FALSE,,,,7427a6b2-1778-467a-bbd1-e48e658a38db
,,,,,,,,,,,,,,,FALSE,,,,13ce098d-1003-4c3a-a87c-bb3e90e32725
,,,,,,,,,,,,,,,FALSE,,,,f3e903c6-277b-4a7c-a3f2-0c44c7b99cbb
,,,,,,,,,,,,,,,FALSE,,,,d756f6c6-4f54-43da-bb7a-76ef9774d941
,,,,,,,,,,,,,,,FALSE,,,,7a6c71c3-540d-4ab5-bf01-2a21ab3de710
,,,,,,,,,,,,,,,FALSE,,,,c3c9dda4-13b6-4243-9ada-a3569664bc95
,,,,,,,,,,,,,,,FALSE,,,,081ee222-95d4-45a9-ba5f-f8a69ece53ed
,,,,,,,,,,,,,,,FALSE,,,,4236db52-00fe-475f-be87-850912958fc4
,,,,,,,,,,,,,,,FALSE,,,,a766301c-4dfc-4558-904f-5ac478bc4a88
,,,,,,,,,,,,,,,FALSE,,,,54d8eab4-38d3-493d-a86e-67a3fb4d08ef
,,,,,,,,,,,,,,,FALSE,,,,186ffb8c-596e-4e82-a7f7-75643c4076a2
,,,,,,,,,,,,,,,FALSE,,,,3e24c747-d55f-4485-94b0-0a28a94d2c30
,,,,,,,,,,,,,,,FALSE,,,,db3f49bf-52aa-4017-9592-9b850215eaf9
,,,,,,,,,,,,,,,FALSE,,,,74e18ece-100b-4fad-a5be-0387a0321f0c
,,,,,,,,,,,,,,,FALSE,,,,f33dae38-4346-4d91-a60d-f1b26fe49a10
,,,,,,,,,,,,,,,FALSE,,,,36417b05-b17b-44ef-b755-c38f46c40418
,,,,,,,,,,,,,,,FALSE,,,,22e90c50-afee-4c54-b7fb-6d680535723c
,,,,,,,,,,,,,,,FALSE,,,,3e9b146d-34fd-468d-a07e-ac634ea7af13
,,,,,,,,,,,,,,,FALSE,,,,2ccbb6a3-e4f1-4d1d-938e-f10e2288e733
,,,,,,,,,,,,,,,FALSE,,,,6c243249-e651-47ec-bd86-835c046cca1b
,,,,,,,,,,,,,,,FALSE,,,,c88719d9-395e-4f25-8587-b5470b7082bb
,,,,,,,,,,,,,,,FALSE,,,,d8cb781b-4b12-43bf-89f2-c3ee6bc5eb50
,,,,,,,,,,,,,,,FALSE,,,,5b73ae8e-e25d-4218-925d-27114e9531a5
,,,,,,,,,,,,,,,FALSE,,,,45b918be-d797-49ef-9d46-48cbd0ca2c78
,,,,,,,,,,,,,,,FALSE,,,,2c08494c-2168-4ccf-a6e7-a7588a1dfa23
,,,,,,,,,,,,,,,FALSE,,,,a452c4cd-9336-4878-8371-73bc7a6f177e
,,,,,,,,,,,,,,,FALSE,,,,75207066-84e6-48e7-92ca-a6ce2650e97a
,,,,,,,,,,,,,,,FALSE,,,,48347585-cef0-4f4d-a990-d71af8cc7f7b
,,,,,,,,,,,,,,,FALSE,,,,c305c8f6-6f47-42b3-8ee5-26650ec37cbd
,,,,,,,,,,,,,,,FALSE,,,,eb373468-85a9-42a0-ad80-625b36fb9fef
,,,,,,,,,,,,,,,FALSE,,,,db302862-d0f5-4155-8c6a-a79c73503471
,,,,,,,,,,,,,,,FALSE,,,,239efcde-115a-47ba-8a81-d47791c298b3
,,,,,,,,,,,,,,,FALSE,,,,1ae23447-e668-4a75-b854-143b4ce0e18d
,,,,,,,,,,,,,,,FALSE,,,,0d4e68d1-2a59-42f6-8c75-7161bd083b72
,,,,,,,,,,,,,,,FALSE,,,,ee889d32-4cb7-4ba2-9018-99a835a525d5
,,,,,,,,,,,,,,,FALSE,,,,471288d9-eb44-4a35-83f4-26e8ecd7d4f5
,,,,,,,,,,,,,,,FALSE,,,,d35f8d4b-34b7-46ba-8708-7af41ef6af0b
,,,,,,,,,,,,,,,FALSE,,,,d85227ef-6021-43a9-a997-e5b37fe3ca31
,,,,,,,,,,,,,,,FALSE,,,,ba29fd1d-550c-4633-ac87-d2145e4a65c0
,,,,,,,,,,,,,,,FALSE,,,,a4aaaaac-8b75-476c-b1dc-13bd6995d85f
,,,,,,,,,,,,,,,FALSE,,,,5fc6a44f-20cd-40ac-86eb-70f44851bf72
,,,,,,,,,,,,,,,FALSE,,,,10588c98-777f-4c93-b301-4f24a933bd73
,,,,,,,,,,,,,,,FALSE,,,,c1ab3bab-329c-4fa8-abd7-96957edb702f
,,,,,,,,,,,,,,,FALSE,,,,d75d7e00-8d06-4a7a-88bb-1b168b445e17
,,,,,,,,,,,,,,,FALSE,,,,9ced8960-302f-4dc3-91ef-78139739390e
,,,,,,,,,,,,,,,FALSE,,,,8a381c01-1361-4ebe-b573-6824cd0df163
,,,,,,,,,,,,,,,FALSE,,,,a2638eb6-2d90-4829-8098-bbbf1baa2723
,,,,,,,,,,,,,,,FALSE,,,,950191a0-c43f-4433-926d-38b31f7753ca
,,,,,,,,,,,,,,,FALSE,,,,2867d38c-49ae-446e-9627-b94cef6045f0
,,,,,,,,,,,,,,,FALSE,,,,63243a69-e73e-47f6-a30f-583532dcf082
,,,,,,,,,,,,,,,FALSE,,,,af519cec-bee7-476a-8dc2-c1888b1de912
,,,,,,,,,,,,,,,FALSE,,,,86b5fbb1-f1ba-4ee0-8267-7c283de31457
,,,,,,,,,,,,,,,FALSE,,,,6dce2008-1050-452e-86a9-fd54106ae36c
,,,,,,,,,,,,,,,FALSE,,,,8f963b64-3c4d-4f33-b912-9d48bc13f558
,,,,,,,,,,,,,,,FALSE,,,,ebb46010-9ecd-4747-888c-2557daac7851
,,,,,,,,,,,,,,,FALSE,,,,932829a7-ae6f-4d5a-afe9-c68a72123ce6
,,,,,,,,,,,,,,,FALSE,,,,48d0fc25-8611-4499-a650-79d367f92f9e
,,,,,,,,,,,,,,,FALSE,,,,bcff1263-0d72-40e6-b2fa-219a21ded1a0
,,,,,,,,,,,,,,,FALSE,,,,88419b20-fabe-4c26-bbfb-78094b5c8ddd
,,,,,,,,,,,,,,,FALSE,,,,083707e1-ce17-4ecf-a86c-920ff9832689
,,,,,,,,,,,,,,,FALSE,,,,43f73701-bdfb-4b74-8550-eb1886b0e830
,,,,,,,,,,,,,,,FALSE,,,,ab1e9427-07b9-4123-a0a9-0196bf8df59b
,,,,,,,,,,,,,,,FALSE,,,,a12e5d9b-9f8e-482b-acb3-7584b4d6a159
,,,,,,,,,,,,,,,FALSE,,,,99c93686-0d69-40c6-a9e7-11bb90161053
,,,,,,,,,,,,,,,FALSE,,,,b911a40f-9630-45bc-9f86-e8c8313854dc
,,,,,,,,,,,,,,,FALSE,,,,533a277f-66df-45b4-b8d4-916c9cd74a61
,,,,,,,,,,,,,,,FALSE,,,,40a8db26-5c50-48ca-9d37-98b204be3e8b
,,,,,,,,,,,,,,,FALSE,,,,04ee256b-b5fb-4f8f-a8c0-3f19b9d488ee
,,,,,,,,,,,,,,,FALSE,,,,e3f519dc-25d3-4ff6-b222-1ffa0f69da74
,,,,,,,,,,,,,,,FALSE,,,,8e6ef996-a5cd-46f3-9088-114894b69a29
,,,,,,,,,,,,,,,FALSE,,,,f8840d13-0075-401e-81a3-aae030b07284
,,,,,,,,,,,,,,,FALSE,,,,983fa0bc-0889-4242-b3bb-3bb63d2ea791
,,,,,,,,,,,,,,,FALSE,,,,157fe50a-ca57-41de-af7a-8b5e045e952e
,,,,,,,,,,,,,,,FALSE,,,,4007834b-c1b5-48b4-a5f5-9dda32318876
,,,,,,,,,,,,,,,FALSE,,,,8313f463-e1f1-4e5a-9e74-2a6c5ca5e65d
,,,,,,,,,,,,,,,FALSE,,,,638e8274-325e-475d-b404-9b7ba49070ab
,,,,,,,,,,,,,,,FALSE,,,,76074f6c-1741-4d7c-aac3-066516477890
,,,,,,,,,,,,,,,FALSE,,,,074fdf46-e30a-489c-9e21-bc31044a4898
,,,,,,,,,,,,,,,FALSE,,,,698be84c-dd05-4324-bd69-00ca4547570b
,,,,,,,,,,,,,,,FALSE,,,,577d081b-a4ba-498d-ae15-312c9effd13b
,,,,,,,,,,,,,,,FALSE,,,,e106164d-e38e-4640-be97-c05f9fdb06f7
,,,,,,,,,,,,,,,FALSE,,,,8fb4b58d-f4e7-48a6-8655-bc36cf894288
,,,,,,,,,,,,,,,FALSE,,,,44ce59f2-d264-4e0f-a835-430ae0362c98
,,,,,,,,,,,,,,,FALSE,,,,7a3bd306-9f64-422c-8535-d85d30e778b4
,,,,,,,,,,,,,,,FALSE,,,,85908959-608d-42f8-a17f-ac6196ed48a7
,,,,,,,,,,,,,,,FALSE,,,,b508ce03-d31e-47c1-9247-62e44af23400
,,,,,,,,,,,,,,,FALSE,,,,1d0b29ec-80df-4630-a2df-deff7c729bb3
,,,,,,,,,,,,,,,FALSE,,,,6948569a-718c-4351-a40d-03683afbd920
,,,,,,,,,,,,,,,FALSE,,,,cd2193de-4317-4afb-9116-d67243900504
,,,,,,,,,,,,,,,FALSE,,,,d32a6973-1191-4cda-9aef-6b828c17811b
,,,,,,,,,,,,,,,FALSE,,,,3bc6e6c2-f128-4ca3-9099-87016b07f94e
,,,,,,,,,,,,,,,FALSE,,,,d64b81ca-432b-425e-98cd-0d9be89b77d7
,,,,,,,,,,,,,,,FALSE,,,,4ad620f2-0135-4437-af9f-79dc6fad79ac
,,,,,,,,,,,,,,,FALSE,,,,fcb3b455-a2a9-43d7-9dbc-6908bbf9d0f2
,,,,,,,,,,,,,,,FALSE,,,,c5425f0a-7c65-4382-b4ea-1df13688f1e3
,,,,,,,,,,,,,,,FALSE,,,,ea5f94a5-e177-4d4c-9b7a-d7fe99a355ff
,,,,,,,,,,,,,,,FALSE,,,,68fae1f1-c33d-4f0d-962c-76008d2590ad
,,,,,,,,,,,,,,,FALSE,,,,8570ff78-a1df-4c21-9324-0e8dcdfe376a
,,,,,,,,,,,,,,,FALSE,,,,f1f4cd7a-6c54-4e58-b818-60a794ad40c7
,,,,,,,,,,,,,,,FALSE,,,,093b54c7-1747-485d-84fb-a12925dc5282
,,,,,,,,,,,,,,,FALSE,,,,ea06e678-c2a4-4708-ac16-f0c47fda4573
,,,,,,,,,,,,,,,FALSE,,,,7714e07e-5c51-436c-8440-03e416f6b93c
,,,,,,,,,,,,,,,FALSE,,,,9e748a1b-ccda-40c2-9299-dfa7d4f033bd
,,,,,,,,,,,,,,,FALSE,,,,e84256ca-d27d-4c5a-8eed-ae85d04fe3ec
,,,,,,,,,,,,,,,FALSE,,,,c6f56134-6178-4720-bf72-28d5dceb2e85
,,,,,,,,,,,,,,,FALSE,,,,237035d3-fb5b-478f-bbc2-761069f62abd
,,,,,,,,,,,,,,,FALSE,,,,ef30b81d-a341-48ca-aacd-fde73db93fd5
,,,,,,,,,,,,,,,FALSE,,,,6dae88c5-d036-4599-91cf-b851f82f23fc
,,,,,,,,,,,,,,,FALSE,,,,dc3d2b0d-4d90-4b26-ab52-e7dd2c05d6d4
,,,,,,,,,,,,,,,FALSE,,,,ed38807c-e27f-4674-a2d8-fc9c4430872c
,,,,,,,,,,,,,,,FALSE,,,,cb598303-54d4-482b-aee0-eee067c9a7fe
,,,,,,,,,,,,,,,FALSE,,,,63d4ae18-1ccd-4ed4-9221-16c541f31fa2
,,,,,,,,,,,,,,,FALSE,,,,48b3f5a9-7129-45a1-abc0-95f9123d5ff1
,,,,,,,,,,,,,,,FALSE,,,,3d9e046b-bf47-4df0-9249-bd4f0b4d547c
,,,,,,,,,,,,,,,FALSE,,,,70ad4d6b-f2fa-4583-a3e0-4f5b3fb94c1c
,,,,,,,,,,,,,,,FALSE,,,,d56d4d9f-0887-407e-be7e-9e0ef6962c77
,,,,,,,,,,,,,,,FALSE,,,,9c1d2913-d85a-46f1-8e52-60cb1d0d460b
,,,,,,,,,,,,,,,FALSE,,,,db5638bc-2f84-41e7-b22e-89b727bdd0f6
,,,,,,,,,,,,,,,FALSE,,,,0d7d86b8-f533-464c-a0bc-54e26360bbd5
,,,,,,,,,,,,,,,FALSE,,,,705a297b-66a3-4a5a-8428-ff984e147983
,,,,,,,,,,,,,,,FALSE,,,,5444f1db-3eb7-4856-aeef-1a2a00c67ae4
,,,,,,,,,,,,,,,FALSE,,,,f3f1ce01-cf06-456b-aee7-a0f558c4a437
,,,,,,,,,,,,,,,FALSE,,,,3a0c168e-8c84-4f51-8d29-4ae3363946e9
,,,,,,,,,,,,,,,FALSE,,,,193291ba-f18a-4ce2-a4b0-16011b560d5a
,,,,,,,,,,,,,,,FALSE,,,,c4524976-934d-4900-b4d9-733c7f4225f0
,,,,,,,,,,,,,,,FALSE,,,,9fc7c7e8-f121-498d-a630-78c555b4e24d
,,,,,,,,,,,,,,,FALSE,,,,400e1a77-e381-4523-abc1-ce0cd8acffd5
,,,,,,,,,,,,,,,FALSE,,,,fb259650-6299-4106-9a92-749157921807
,,,,,,,,,,,,,,,FALSE,,,,6c04c02e-c16e-4413-b007-8f16c8997aee
,,,,,,,,,,,,,,,FALSE,,,,13bfc7de-1db4-454b-bd45-4c0e83bc7e6f
,,,,,,,,,,,,,,,FALSE,,,,072f6199-bacd-4fce-bfbc-8df9298f6adf
,,,,,,,,,,,,,,,FALSE,,,,19ce85cb-a9dc-4f91-8aa8-d94b450647ab
,,,,,,,,,,,,,,,FALSE,,,,6e1d9409-b1f9-4a43-ba4b-b706d6d7a5ee
,,,,,,,,,,,,,,,FALSE,,,,e5875102-b18b-427c-8b08-eda4ab4fce3c
,,,,,,,,,,,,,,,FALSE,,,,da43de1f-c907-4656-9611-f3fbed51d20d
,,,,,,,,,,,,,,,FALSE,,,,0bb4ba03-5a5f-42f2-985d-1d53a06d396f
,,,,,,,,,,,,,,,FALSE,,,,932095fb-a879-46c9-bdbd-6b575e3d335f
,,,,,,,,,,,,,,,FALSE,,,,67e53032-f365-4768-9d2e-2e6870279740
,,,,,,,,,,,,,,,FALSE,,,,20124324-e12f-4bef-9a2c-9a4317457bd4
,,,,,,,,,,,,,,,FALSE,,,,3eb24367-5de1-45b4-a452-b139732f6b4a
,,,,,,,,,,,,,,,FALSE,,,,6b77c0ea-4458-48c7-8716-3666233fa014
,,,,,,,,,,,,,,,FALSE,,,,1519e90c-f5c1-4357-aefb-4630533e988f
,,,,,,,,,,,,,,,FALSE,,,,84b8a3fe-76ae-4e18-b40a-b50cbcc8782b
,,,,,,,,,,,,,,,FALSE,,,,7ee01c26-ce06-4525-84f3-737fdaa1af04
,,,,,,,,,,,,,,,FALSE,,,,1bba54aa-4e80-4b47-884f-b1fb271510ca
,,,,,,,,,,,,,,,FALSE,,,,a6d50a1c-e3fe-46d0-b98e-b25f53c8b184
,,,,,,,,,,,,,,,FALSE,,,,5bad592c-9fe3-42f0-8702-200fe34e7c34
,,,,,,,,,,,,,,,FALSE,,,,4987c2da-2863-4f80-9376-d2ad762d6e7e
,,,,,,,,,,,,,,,FALSE,,,,98bda359-fb1d-4c36-924e-24f74d787e0c
,,,,,,,,,,,,,,,FALSE,,,,2a9789dd-ddd0-449d-87bd-919c4dc4cb29
,,,,,,,,,,,,,,,FALSE,,,,f445a20c-f60b-4baa-8b90-a4971d26a681
,,,,,,,,,,,,,,,FALSE,,,,f6d8fbc7-45b4-4cb5-932a-7eb6c84b7db0
,,,,,,,,,,,,,,,FALSE,,,,65ad5896-c6a8-4d48-b204-a0e225b6a704
,,,,,,,,,,,,,,,FALSE,,,,b8997187-657c-4dda-a6a4-4a61a2ad438c
,,,,,,,,,,,,,,,FALSE,,,,d86545a0-914f-49ba-b21e-2aef06e603d7
,,,,,,,,,,,,,,,FALSE,,,,449ea583-a497-4c7f-a026-25d4230bbf25
,,,,,,,,,,,,,,,FALSE,,,,fa81d70c-4716-4ee2-8b85-d7191db9dccb
,,,,,,,,,,,,,,,FALSE,,,,1e3aaa01-05c6-4709-9831-58c11d114f7b
,,,,,,,,,,,,,,,FALSE,,,,56d9be2b-7795-4df1-8b66-fca0e5bdae7a
,,,,,,,,,,,,,,,FALSE,,,,a3241715-66ca-47d4-b5a9-5dc7c1620c90
,,,,,,,,,,,,,,,FALSE,,,,b725ec3b-1b26-40fe-8fbd-2e0f29322609
,,,,,,,,,,,,,,,FALSE,,,,5659dbbf-84bc-4865-85f7-4d0bf390bb32
,,,,,,,,,,,,,,,FALSE,,,,dc437b64-d717-45bb-acc2-8614f31f0838
,,,,,,,,,,,,,,,FALSE,,,,d151a8e6-eabf-490c-8734-2934c5d62b0b
,,,,,,,,,,,,,,,FALSE,,,,c7195350-c577-4387-8eb9-d3ef5a986199
,,,,,,,,,,,,,,,FALSE,,,,2ed94ca3-7cb0-433a-8b3c-aebc7e05a8b1
,,,,,,,,,,,,,,,FALSE,,,,604a3a81-5934-49b5-b62c-ed54957ab7c2
,,,,,,,,,,,,,,,FALSE,,,,03d8c2d8-21bf-477e-a711-d4ed9b28f00a
,,,,,,,,,,,,,,,FALSE,,,,fe82de04-c564-4ae2-aec2-7d85a5f25276
,,,,,,,,,,,,,,,FALSE,,,,4a98017c-9a31-4a4f-ac1b-f49e59510bcf
,,,,,,,,,,,,,,,FALSE,,,,44413bac-5cb1-4a73-b10e-53b1368f5c51
,,,,,,,,,,,,,,,FALSE,,,,903ef38b-7e55-4bac-bbde-b4e106533579
,,,,,,,,,,,,,,,FALSE,,,,833569fc-f187-41fc-8ad0-d6795e59fd3b
,,,,,,,,,,,,,,,FALSE,,,,8ab3aa18-92df-4197-aa91-96cf288c1e83
,,,,,,,,,,,,,,,FALSE,,,,9e3e26f4-a11c-4076-912c-5976ce2eb515
,,,,,,,,,,,,,,,FALSE,,,,ad11b495-bc4c-4338-983c-99de8170c60f
,,,,,,,,,,,,,,,FALSE,,,,1b96110b-f763-4b78-9d88-9b14f75bf353
,,,,,,,,,,,,,,,FALSE,,,,f3a1877b-1921-4c93-868a-08e2f2d12521
,,,,,,,,,,,,,,,FALSE,,,,ef52987e-f012-438d-929c-58a10b944ba0
,,,,,,,,,,,,,,,FALSE,,,,9cbb22f4-4d08-4a79-b9c6-1e00612bd619
,,,,,,,,,,,,,,,FALSE,,,,d80b5205-ce39-4813-a1b0-a50a5ec5271e
,,,,,,,,,,,,,,,FALSE,,,,e8b80d94-af2e-48fd-8aca-78d97ad5b155
,,,,,,,,,,,,,,,FALSE,,,,a28dae13-556b-462b-ab02-2facd21726ce
,,,,,,,,,,,,,,,FALSE,,,,71f28406-a6e4-4a7a-8276-382693b17098
,,,,,,,,,,,,,,,FALSE,,,,6c486aef-0476-4d32-abd0-ba1e6ab7b5c6
,,,,,,,,,,,,,,,FALSE,,,,27ad4a60-76eb-49d2-954e-77ee8bbfd9be
,,,,,,,,,,,,,,,FALSE,,,,82d13461-d879-4517-9ff0-32dce23544b8
,,,,,,,,,,,,,,,FALSE,,,,829402c1-1a35-4d83-9148-5f4f5fa04974
,,,,,,,,,,,,,,,FALSE,,,,6bf11298-3de6-49b6-a072-df62e9e44da5
,,,,,,,,,,,,,,,FALSE,,,,d10ce561-4f77-4f76-aa57-afbffb8f4398
,,,,,,,,,,,,,,,FALSE,,,,f3f4e864-6407-4288-8cd0-8e90b0adbee1
,,,,,,,,,,,,,,,FALSE,,,,e7a5bccb-192d-4149-8740-09a937d4804f
,,,,,,,,,,,,,,,FALSE,,,,a600398b-aa27-4ab4-81e3-d489b05ce3f5
,,,,,,,,,,,,,,,FALSE,,,,66abd99e-1da4-428a-879c-6248d714639f
,,,,,,,,,,,,,,,FALSE,,,,45162dd2-f20a-45b1-9d61-14467fcb0158
,,,,,,,,,,,,,,,FALSE,,,,f758163b-e05a-42df-80a9-656f8cd5507b
,,,,,,,,,,,,,,,FALSE,,,,5e0700d6-6f1e-4a22-97b5-c4fe22c185b9
,,,,,,,,,,,,,,,FALSE,,,,9a385486-4708-4815-b6f5-27b127ac95f7
,,,,,,,,,,,,,,,FALSE,,,,22219fa2-7bc8-4c0e-b2d4-6d08af5b70d5
,,,,,,,,,,,,,,,FALSE,,,,983a2454-cd09-4039-baf0-38688b6a4dbc
,,,,,,,,,,,,,,,FALSE,,,,ec15e2f3-23da-4429-89e2-524f30db9151
,,,,,,,,,,,,,,,FALSE,,,,d7e9990b-4261-4a6c-8308-139f02bd1718
,,,,,,,,,,,,,,,FALSE,,,,3a4f72b8-aea6-4959-876f-16821c9f0df0
,,,,,,,,,,,,,,,FALSE,,,,b4e524b2-0535-402f-b72c-3470e8dd4d61
,,,,,,,,,,,,,,,FALSE,,,,605c21a5-2c03-43d5-85dd-800de2336364
,,,,,,,,,,,,,,,FALSE,,,,bdaa45b2-a63e-4a62-882f-a1be7ff9de2f
,,,,,,,,,,,,,,,FALSE,,,,a0a82890-f356-4bb1-8373-0c771e56eecb
,,,,,,,,,,,,,,,FALSE,,,,5d8d421c-3395-4bf0-b264-40ee7aa830ba
,,,,,,,,,,,,,,,FALSE,,,,224368bc-2f52-4889-8c19-51d2ad31a3a2
,,,,,,,,,,,,,,,FALSE,,,,1fb63efe-fe23-4e0b-ad41-32d09c884e1c
,,,,,,,,,,,,,,,FALSE,,,,c218970b-1f6d-4260-9398-c71d966a7f53
,,,,,,,,,,,,,,,FALSE,,,,9fe357cf-d424-426f-9ca3-9012daf7a298
,,,,,,,,,,,,,,,FALSE,,,,ae842b47-81e8-4a63-8379-04d853e95014
,,,,,,,,,,,,,,,FALSE,,,,7c19963b-f9c0-4252-9d1d-6e4f4a82912c
,,,,,,,,,,,,,,,FALSE,,,,859952d0-3cd7-4d9b-be55-ac63b3a40b03
,,,,,,,,,,,,,,,FALSE,,,,9e780b01-2dc8-4555-a07a-e70d38c82d27
,,,,,,,,,,,,,,,FALSE,,,,e6fa0553-276f-4e77-b6c3-24cc5bb6726f
,,,,,,,,,,,,,,,FALSE,,,,a1bc37f4-c476-4901-8cb0-511381587209
,,,,,,,,,,,,,,,FALSE,,,,ef8dc394-e9e2-470c-a39c-2d93f5fc36b1
,,,,,,,,,,,,,,,FALSE,,,,3ab954ab-c5cb-4fa5-b39c-a32d963bd4c7
,,,,,,,,,,,,,,,FALSE,,,,d754410c-dcaf-4d43-9545-43e7a82052c6
,,,,,,,,,,,,,,,FALSE,,,,4f250f80-0657-4042-b27c-7abfc07d76ef
,,,,,,,,,,,,,,,FALSE,,,,b05f8292-eff6-4a60-b9b4-e1ff2d263e7b
,,,,,,,,,,,,,,,FALSE,,,,ae667c21-5440-45e0-9cbb-35b38d8e6226
,,,,,,,,,,,,,,,FALSE,,,,d521ac2c-73b3-4099-9a61-8317853775d1
,,,,,,,,,,,,,,,FALSE,,,,7182baef-ef60-4cb3-8ef0-0cbb94c56433
,,,,,,,,,,,,,,,FALSE,,,,cb439ecc-1208-4f39-902f-97be92504c8c
,,,,,,,,,,,,,,,FALSE,,,,0472f0e8-1527-487c-ad66-b2bb54d0bcf3
,,,,,,,,,,,,,,,FALSE,,,,2db30fde-b217-4bc4-ad21-2e31e64a5279
,,,,,,,,,,,,,,,FALSE,,,,297d4b33-70f4-4cca-9033-658424c7a89b
,,,,,,,,,,,,,,,FALSE,,,,73553f4b-7953-49ab-8064-bfa3db1e0ca2
,,,,,,,,,,,,,,,FALSE,,,,b1c74d48-34ab-413b-9b57-02f24cea1f6a
,,,,,,,,,,,,,,,FALSE,,,,4a9bd171-5dd7-4212-abff-cbbfe41204d1
,,,,,,,,,,,,,,,FALSE,,,,6ec80e02-16c7-4efb-b2ff-8c730d10efaa
,,,,,,,,,,,,,,,FALSE,,,,a3a8b04d-bbd2-4872-b4aa-7da74e188e0f
,,,,,,,,,,,,,,,FALSE,,,,426c78f8-14f8-463a-9db1-469bc02a679c
,,,,,,,,,,,,,,,FALSE,,,,e5eb7467-6bea-4a39-9c42-244ba2bb1a0f
,,,,,,,,,,,,,,,FALSE,,,,ff4929c5-9fe2-4bed-bfdc-fe68e4d57ae6
,,,,,,,,,,,,,,,FALSE,,,,58c113de-6702-4ac0-b99b-ddf34bb9d9d0
,,,,,,,,,,,,,,,FALSE,,,,d93e34bf-f019-4307-97fe-0bc86fcfb9dd
,,,,,,,,,,,,,,,FALSE,,,,5d40722d-721e-48af-be9a-f307a531a0eb
,,,,,,,,,,,,,,,FALSE,,,,428071ba-d573-4307-b01a-915c697d0562
,,,,,,,,,,,,,,,FALSE,,,,b6e39ed9-bad6-46b8-8360-cdee23f663de
,,,,,,,,,,,,,,,FALSE,,,,82c57b6f-301c-44d8-a328-db1aee8e13b8
,,,,,,,,,,,,,,,FALSE,,,,be17cf73-1158-47a6-aca9-103e3572e18e
,,,,,,,,,,,,,,,FALSE,,,,f20751a0-05b4-49f6-b795-785660202af1
,,,,,,,,,,,,,,,FALSE,,,,c2e67a75-23d1-49fe-86c4-b796a93c1d46
,,,,,,,,,,,,,,,FALSE,,,,df1d12d1-3e64-4279-9474-3646f5429172
,,,,,,,,,,,,,,,FALSE,,,,2d97c917-f438-4a2d-b967-6ebeedafd804
,,,,,,,,,,,,,,,FALSE,,,,6a8ab3e8-8f9c-48df-a299-a333f61468cf
,,,,,,,,,,,,,,,FALSE,,,,68d989be-de11-4f90-a94c-3de05d2104ff
,,,,,,,,,,,,,,,FALSE,,,,d4773739-2ead-48df-bbb8-9b0b1098fa2a
,,,,,,,,,,,,,,,FALSE,,,,c6062b49-7c61-4390-841c-d3ec8863f5b0
,,,,,,,,,,,,,,,FALSE,,,,706ce5a9-f19b-472b-a704-a6901503e27e
,,,,,,,,,,,,,,,FALSE,,,,d6056ce1-8b5b-4a6f-8b62-db56d3d7ca6f
,,,,,,,,,,,,,,,FALSE,,,,ba1ee74d-d43b-46f8-a762-8fcf5c083b83
,,,,,,,,,,,,,,,FALSE,,,,9f17c0c7-e22c-427a-a806-1bfbfabac4c3
,,,,,,,,,,,,,,,FALSE,,,,7fc44f45-bf53-43b2-ae02-46936eb332bc
,,,,,,,,,,,,,,,FALSE,,,,128862e2-1719-45ff-b5ef-050ccdb39aa3
,,,,,,,,,,,,,,,FALSE,,,,e0b2043d-c9e0-4970-bddb-e236a3a9daa4
,,,,,,,,,,,,,,,FALSE,,,,3575134f-0896-4dc6-9fed-4e82d5e6bfab
,,,,,,,,,,,,,,,FALSE,,,,1e32f317-9f1a-45a1-b866-e3fec4c66719
,,,,,,,,,,,,,,,FALSE,,,,b9611a4e-f5ec-4733-80e2-9a447622b3bc
,,,,,,,,,,,,,,,FALSE,,,,a436986c-5282-4850-9013-3a44c8cb7a8f
,,,,,,,,,,,,,,,FALSE,,,,a64ad61f-a108-47d4-beb6-e783ab42ed3f
,,,,,,,,,,,,,,,FALSE,,,,5357c923-3831-46f6-807a-30c752d883b5
,,,,,,,,,,,,,,,FALSE,,,,1e5ad2c6-7bcd-492f-87b7-0810bc040ca6
,,,,,,,,,,,,,,,FALSE,,,,5fc8be62-b86a-46c6-adb1-356d03447ef6
,,,,,,,,,,,,,,,FALSE,,,,d8e62e63-36fc-44b6-b35c-28271971b14a
,,,,,,,,,,,,,,,FALSE,,,,ea346dcc-02f2-428c-85c1-e5353804f014
,,,,,,,,,,,,,,,FALSE,,,,131ef5ae-655f-4a09-827c-524b5c543c13
,,,,,,,,,,,,,,,FALSE,,,,ffbb7efc-ef71-454a-bbde-aea1e8defec0
,,,,,,,,,,,,,,,FALSE,,,,164f1864-6c2f-4c45-bcb9-517f4bbe0b3e
,,,,,,,,,,,,,,,FALSE,,,,5445feef-bc20-4ae8-bd70-19614bd9c599
,,,,,,,,,,,,,,,FALSE,,,,47a0d1a7-1546-4ba4-bc0f-8570c9f71d78
,,,,,,,,,,,,,,,FALSE,,,,0e79a039-efb3-482b-a492-f0ca1a2650c9
,,,,,,,,,,,,,,,FALSE,,,,b6c65626-814b-4252-8304-7f0fb0276142
,,,,,,,,,,,,,,,FALSE,,,,3d24dfe0-e8be-4b1a-acab-9ba7f76460a4
,,,,,,,,,,,,,,,FALSE,,,,f66af07c-bce7-42f7-80a5-7527965017cc
,,,,,,,,,,,,,,,FALSE,,,,121a11f0-fc20-4470-837c-9ca68701e700
,,,,,,,,,,,,,,,FALSE,,,,6bf30b18-b265-49be-b91f-0f5ddd949d9c
,,,,,,,,,,,,,,,FALSE,,,,0b7826e4-439c-45b1-b211-455d44bbccdf
,,,,,,,,,,,,,,,FALSE,,,,d41d3410-08a4-4bba-b823-4227a78f70cb
,,,,,,,,,,,,,,,FALSE,,,,2e773e7b-1fb3-4c8a-8405-b22fc95ef2d6
,,,,,,,,,,,,,,,FALSE,,,,cbb04aed-c233-4699-8001-f39acc9aa9eb
,,,,,,,,,,,,,,,FALSE,,,,2370bec5-71d7-4495-a2d3-285adefff954
,,,,,,,,,,,,,,,FALSE,,,,f91204fa-28dc-4060-9192-b8a3e72b45a1
,,,,,,,,,,,,,,,FALSE,,,,6caef3c7-ba9c-415d-9544-5c0f44edf2dd
,,,,,,,,,,,,,,,FALSE,,,,360da0e7-77e9-4c19-ad43-37d76225d108
,,,,,,,,,,,,,,,FALSE,,,,d9561214-6e4c-4343-ba57-deb90fe55a16
,,,,,,,,,,,,,,,FALSE,,,,365b2b80-853c-48eb-9690-a5dda0246d81
,,,,,,,,,,,,,,,FALSE,,,,9697f97a-ea8f-4de7-aef6-5fec7abebd6f
,,,,,,,,,,,,,,,FALSE,,,,e1c9a1f4-a498-41b9-8298-8bba5865fdeb
,,,,,,,,,,,,,,,FALSE,,,,2df75415-19bc-4f81-91d5-bffed948bb41
,,,,,,,,,,,,,,,FALSE,,,,7856829c-3848-42de-8c8d-57c8c784318b
,,,,,,,,,,,,,,,FALSE,,,,798df9d6-7cfb-4759-b877-8c0c872e7fc9
,,,,,,,,,,,,,,,FALSE,,,,6acc64fa-f04a-436b-97d2-f5e9e4e3e70d
,,,,,,,,,,,,,,,FALSE,,,,93e48778-a8ab-4fbd-834a-6cdb63feba06
,,,,,,,,,,,,,,,FALSE,,,,7635ed5c-d4d9-4dd4-b0fb-f01ef3ce1570
,,,,,,,,,,,,,,,FALSE,,,,7794f9db-3768-4e0c-8a88-bacea2328a32
,,,,,,,,,,,,,,,FALSE,,,,86bf0e27-3479-4cd3-9f13-b8f47bae9eb5
,,,,,,,,,,,,,,,FALSE,,,,0efcb81a-3f41-4ef9-b0f8-4a59f9a993da
,,,,,,,,,,,,,,,FALSE,,,,ede0f465-f244-468b-ab2f-0991b593089b
,,,,,,,,,,,,,,,FALSE,,,,6e8565c4-bfd2-4eb9-85f1-982ca54cc49c
,,,,,,,,,,,,,,,FALSE,,,,61e9f907-110b-4c3e-9ff9-5ca6c0bad1f0
,,,,,,,,,,,,,,,FALSE,,,,dd8dbec5-07a3-4f0d-832a-fa3a87f10945
,,,,,,,,,,,,,,,FALSE,,,,f671bc59-dc19-4525-8e58-cdda73d01688
,,,,,,,,,,,,,,,FALSE,,,,4b3c1812-2f3e-4121-bc4a-8a91a33aaf69
,,,,,,,,,,,,,,,FALSE,,,,39ee0ff4-4de7-423d-b65b-7eec43b4949b
,,,,,,,,,,,,,,,FALSE,,,,7ae544e7-b7fe-4c5e-806d-232a34c122f8
,,,,,,,,,,,,,,,FALSE,,,,8f4102d9-ad02-45b4-ad84-8653880e1a22
,,,,,,,,,,,,,,,FALSE,,,,0fd85c96-64b3-4e86-8a1e-c25224b425b6
,,,,,,,,,,,,,,,FALSE,,,,e78034c3-9f7b-4b34-a642-60d0e9279572
,,,,,,,,,,,,,,,FALSE,,,,5ec464f9-799d-404b-8c58-9e56ed4773af
,,,,,,,,,,,,,,,FALSE,,,,dbc98949-d1f9-431c-81c1-f0ec4a36b64f
,,,,,,,,,,,,,,,FALSE,,,,cdd82324-aacc-40cc-8951-11aa670d26f7
,,,,,,,,,,,,,,,FALSE,,,,a5cbc5b0-eacb-4637-9ea7-98bdcaedc389
,,,,,,,,,,,,,,,FALSE,,,,de70e323-30fa-43b7-ac78-1448ba51234e
,,,,,,,,,,,,,,,FALSE,,,,d2d07357-c6df-440f-b842-da31e3113715
,,,,,,,,,,,,,,,FALSE,,,,99e9c12e-b58e-4b62-845a-e8a53308093b
,,,,,,,,,,,,,,,FALSE,,,,3aeb7a1c-434c-45cb-a232-9bd67e5a7c96
,,,,,,,,,,,,,,,FALSE,,,,c4d7131c-6295-4225-95aa-810c63afab58
,,,,,,,,,,,,,,,FALSE,,,,ace75432-3ed9-43af-9812-5d0176e9ca5d
,,,,,,,,,,,,,,,FALSE,,,,110045bf-9fec-47df-87c2-bac0adcf8970
,,,,,,,,,,,,,,,FALSE,,,,7cbb67ac-2b4d-4ea2-855e-6e7307573dc6
,,,,,,,,,,,,,,,FALSE,,,,9561fe78-fcc3-4cdf-b426-3cf672bca02c
,,,,,,,,,,,,,,,FALSE,,,,ccebda1e-777f-4d6d-a5c6-6825e6c5d11d
,,,,,,,,,,,,,,,FALSE,,,,c7aee1a9-fbd9-4a6a-885c-9396217eca95
,,,,,,,,,,,,,,,FALSE,,,,89df8bcc-1da8-46ca-8c88-921e54593c2a
,,,,,,,,,,,,,,,FALSE,,,,4e7fd0ec-3092-4feb-84ea-60a89c20babe
,,,,,,,,,,,,,,,FALSE,,,,bd3f148e-14ec-4233-8ef4-96673c90a129
,,,,,,,,,,,,,,,FALSE,,,,7a1feb48-ea6e-456a-ab03-a9e122eab0ac
,,,,,,,,,,,,,,,FALSE,,,,de83797c-99d1-46db-bcfd-d64705324742
,,,,,,,,,,,,,,,FALSE,,,,0f396303-0c36-43c3-99d4-74d9a5c64e36
,,,,,,,,,,,,,,,FALSE,,,,5a737fd5-94b4-43d2-a8cc-45dbf3e6906d
,,,,,,,,,,,,,,,FALSE,,,,9d7e9d34-68a6-42bf-af61-270ea1bc391c
,,,,,,,,,,,,,,,FALSE,,,,06c99839-9e66-4281-b2ec-7094a32fbaae
,,,,,,,,,,,,,,,FALSE,,,,38a337fb-55e2-43ce-94fc-2154aced54a5
,,,,,,,,,,,,,,,FALSE,,,,2f6d22b4-2d8a-49ae-83de-2c67e56c93b9
,,,,,,,,,,,,,,,FALSE,,,,7eb941cd-9bd6-415e-b2bd-ff6558fffd3c
,,,,,,,,,,,,,,,FALSE,,,,a6b45336-79fd-4cab-99ad-024e2f4b7b35
,,,,,,,,,,,,,,,FALSE,,,,5d18d6c6-aae4-4120-ac5c-88c1aff566ab
,,,,,,,,,,,,,,,FALSE,,,,49e65e0d-a629-4d66-9ec2-2e5d1ec12dc5
,,,,,,,,,,,,,,,FALSE,,,,0db25332-66e1-4881-ac91-163d6bc59b69
,,,,,,,,,,,,,,,FALSE,,,,4e709f90-650e-4eb6-946d-6c2443b35dda
,,,,,,,,,,,,,,,FALSE,,,,f21627ba-3ef7-49c6-a509-5adc445ee708
,,,,,,,,,,,,,,,FALSE,,,,fddc1124-14b0-4945-a891-be8eecea03ae
,,,,,,,,,,,,,,,FALSE,,,,4eb48246-0229-42a3-95db-65cad89bc835
,,,,,,,,,,,,,,,FALSE,,,,a1c37254-d52f-4c55-a4ed-d3d28973f6b4
,,,,,,,,,,,,,,,FALSE,,,,7a09c44d-2581-4d21-9f86-b345f19c9c1e
,,,,,,,,,,,,,,,FALSE,,,,0dce1e2c-0a2a-4862-a136-c28fad8e70fd
,,,,,,,,,,,,,,,FALSE,,,,e66edb6f-ea69-49ec-9ca1-c4060771bdc9
,,,,,,,,,,,,,,,FALSE,,,,17c1826f-af3f-49cf-9507-19ff446185c6
,,,,,,,,,,,,,,,FALSE,,,,565ffb39-c748-4dee-884d-c5ae534cc26b
,,,,,,,,,,,,,,,FALSE,,,,32ee3824-bd5d-4b10-a088-015e5b4832c9
,,,,,,,,,,,,,,,FALSE,,,,e7096ddc-956a-4627-a0fb-385f86ed729d
,,,,,,,,,,,,,,,FALSE,,,,c74b21d2-00aa-4dfd-a213-bbf0baac4192
,,,,,,,,,,,,,,,FALSE,,,,6788a28a-86e0-4f86-8305-41a3e16c1352
,,,,,,,,,,,,,,,FALSE,,,,d9aa52f9-9a19-463e-b6c5-57d1df7ef6b7
,,,,,,,,,,,,,,,FALSE,,,,c1d93784-fa40-462f-b105-f00a35ebfb51
,,,,,,,,,,,,,,,FALSE,,,,ca153244-8769-4130-8f87-1713ea773956
,,,,,,,,,,,,,,,FALSE,,,,c0028709-5cdd-48bc-8925-eb390d4158ef
,,,,,,,,,,,,,,,FALSE,,,,d8cd84f4-2d77-4a05-a179-d63a1c3a6db7
,,,,,,,,,,,,,,,FALSE,,,,8a726c10-588c-411f-9ab0-ae7c4cc166a1
,,,,,,,,,,,,,,,FALSE,,,,eb2368c0-306c-4365-a1aa-5f68ce8bfffa
,,,,,,,,,,,,,,,FALSE,,,,320ed949-0657-4844-a81f-d5e69af2798d
,,,,,,,,,,,,,,,FALSE,,,,299ecc83-d51f-4ae3-920d-818137199516
,,,,,,,,,,,,,,,FALSE,,,,10dbc111-06d9-428c-877e-53a8372848fb
,,,,,,,,,,,,,,,FALSE,,,,a6e2afa6-6f58-47f4-954d-c2e254827334
,,,,,,,,,,,,,,,FALSE,,,,18559b94-53b9-4d30-9292-ac8184752c8d
,,,,,,,,,,,,,,,FALSE,,,,29f44a9e-edbc-4e56-8b8c-fbe1dbcebe4d
,,,,,,,,,,,,,,,FALSE,,,,a2b532da-9c79-4fd4-8448-b5af5cbe9ea3
,,,,,,,,,,,,,,,FALSE,,,,86bd0b99-5855-461e-9dc6-c5393e73588a
,,,,,,,,,,,,,,,FALSE,,,,262f3b7e-4833-4502-a54c-20c2d37cbdbc
,,,,,,,,,,,,,,,FALSE,,,,af1bc485-ac33-41bf-a670-4bde576a1922
,,,,,,,,,,,,,,,FALSE,,,,7d12b31d-a83f-48ba-aa15-f9d78b9fd405
,,,,,,,,,,,,,,,FALSE,,,,fdc9f524-e049-48a5-9a5b-038807d9a0cc
,,,,,,,,,,,,,,,FALSE,,,,b49c3de7-c2a8-4616-8b46-e990758526f8
,,,,,,,,,,,,,,,FALSE,,,,9fa03b69-cd79-4142-93cb-036bc789ff84
,,,,,,,,,,,,,,,FALSE,,,,1684eed1-e5c7-4f68-8b8b-6bb42927aa6a
,,,,,,,,,,,,,,,FALSE,,,,3a5dcd3c-c56b-4153-a8a6-b395e0a94de0
,,,,,,,,,,,,,,,FALSE,,,,d3026967-1df0-400b-9184-652cfde87851
,,,,,,,,,,,,,,,FALSE,,,,d740df15-959b-4105-b486-f0c9f1eb0064
,,,,,,,,,,,,,,,FALSE,,,,953c5af5-6712-49c3-9735-c0cbd535fb07
,,,,,,,,,,,,,,,FALSE,,,,b8b78f64-cc3a-4af1-8413-ba7290e9a706
,,,,,,,,,,,,,,,FALSE,,,,8aaa9a4c-1b4e-47da-ac68-c92d60ffb695
,,,,,,,,,,,,,,,FALSE,,,,21041775-4566-446b-8596-8310fdd32928
,,,,,,,,,,,,,,,FALSE,,,,1463c847-49a9-4bfb-837f-cb5fa3d321c8
,,,,,,,,,,,,,,,FALSE,,,,6638f05e-e685-437b-a8e3-aa59b23f40f9
,,,,,,,,,,,,,,,FALSE,,,,c8ec0e94-5cef-417c-9945-a47ab57a1753
,,,,,,,,,,,,,,,FALSE,,,,0446184f-9c05-4746-ab64-71b594658505
,,,,,,,,,,,,,,,FALSE,,,,df2c380e-263f-4214-a4ff-20f646a4e121
,,,,,,,,,,,,,,,FALSE,,,,3d87dd65-ac4c-499c-96e2-c04cb805d98c