event_ts_utc,sku,our_delivery_penalty_gbp,compliance_ceiling_landed_gbp,eligibility_ceiling_landed_gbp,demand_ceiling_landed_gbp,final_ceiling_landed_gbp,binding_ceiling_type,ceiling_reason_codes_json
,JB-RGB6-LZOJ,,19.39,19.99,19.99,19.39,COMPLIANCE,"[""BINDING_CEILING_COMPLIANCE""]"
,JB-RGB6-LZOJ,0.00,19.39,19.99,19.99,19.39,COMPLIANCE,"[""BINDING_CEILING_COMPLIANCE""]"
,JB-RGB6-LZOJ,,19.39,19.99,19.99,19.39,COMPLIANCE,"[""BINDING_CEILING_COMPLIANCE""]"
,JB-RGB6-LZOJ,,19.39,19.99,19.99,19.39,COMPLIANCE,"[""BINDING_CEILING_COMPLIANCE""]"
,JB-RGB6-LZOJ,,19.39,19.99,19.99,19.39,COMPLIANCE,"[""BINDING_CEILING_COMPLIANCE""]"
,JB-RGB6-LZOJ,,19.39,19.99,19.99,19.39,COMPLIANCE,"[""BINDING_CEILING_COMPLIANCE""]"
,JB-RGB6-LZOJ,,,19.99,19.99,19.99,MANUAL_CAP,"[""BINDING_CEILING_MANUAL_CAP""]"
,JB-RGB6-LZOJ,,,19.99,19.99,19.99,MANUAL_CAP,"[""BINDING_CEILING_MANUAL_CAP""]"
,JB-RGB6-LZOJ,,,19.99,19.99,19.99,MANUAL_CAP,"[""BINDING_CEILING_MANUAL_CAP""]"
,JB-RGB6-LZOJ,,,19.99,19.99,19.99,MANUAL_CAP,"[""BINDING_CEILING_MANUAL_CAP""]"
,JB-RGB6-LZOJ,,,19.99,19.99,19.99,MANUAL_CAP,"[""BINDING_CEILING_MANUAL_CAP""]"
,JB-RGB6-LZOJ,,,19.99,9.99,9.99,MANUAL_CAP,"[""BINDING_CEILING_MANUAL_CAP""]"
,JB-RGB6-LZOJ,,,9.99,9.99,9.99,MANUAL_CAP,"[""BINDING_CEILING_MANUAL_CAP""]"
,JB-RGB6-LZOJ,,,9.99,9.99,9.99,MANUAL_CAP,"[""BINDING_CEILING_MANUAL_CAP""]"
,JB-RGB6-LZOJ,,,9.99,9.99,9.99,MANUAL_CAP,"[""BINDING_CEILING_MANUAL_CAP""]"
,JB-RGB6-LZOJ,,,9.99,9.99,9.99,MANUAL_CAP,"[""BINDING_CEILING_MANUAL_CAP""]"
,JB-RGB6-LZOJ,,,9.99,9.99,9.99,MANUAL_CAP,"[""BINDING_CEILING_MANUAL_CAP""]"
,JB-RGB6-LZOJ,,,9.99,9.99,9.99,MANUAL_CAP,"[""BINDING_CEILING_MANUAL_CAP""]"
,JB-RGB6-LZOJ,,,9.99,9.99,9.99,MANUAL_CAP,"[""BINDING_CEILING_MANUAL_CAP""]"
,JB-RGB6-LZOJ,,,9.99,9.99,9.99,MANUAL_CAP,"[""BINDING_CEILING_MANUAL_CAP""]"
,JB-RGB6-LZOJ,,,9.99,9.99,9.99,MANUAL_CAP,"[""BINDING_CEILING_MANUAL_CAP""]"
,JB-RGB6-LZOJ,,,9.99,9.99,9.99,MANUAL_CAP,"[""BINDING_CEILING_MANUAL_CAP""]"
,JB-RGB6-LZOJ,,,9.99,9.99,9.99,MANUAL_CAP,"[""BINDING_CEILING_MANUAL_CAP""]"
2026-02-13T15:58:36Z,JB-RGB6-LZOJ,,,9.99,9.99,9.99,MANUAL_CAP,"[""BINDING_CEILING_MANUAL_CAP""]"
2026-02-13T16:13:41Z,JB-RGB6-LZOJ,,5.97,6.15,9.99,5.97,COMPLIANCE,"[""BINDING_CEILING_COMPLIANCE""]"
2026-02-13T16:28:45Z,JB-RGB6-LZOJ,,5.97,6.15,9.99,5.97,COMPLIANCE,"[""BINDING_CEILING_COMPLIANCE""]"
2026-02-13T16:43:49Z,JB-RGB6-LZOJ,,5.97,6.15,9.99,5.97,COMPLIANCE,"[""BINDING_CEILING_COMPLIANCE""]"
2026-02-13T16:58:53Z,JB-RGB6-LZOJ,,5.97,6.15,9.99,5.97,COMPLIANCE,"[""BINDING_CEILING_COMPLIANCE""]"
2026-02-13T17:13:57Z,JB-RGB6-LZOJ,,5.97,6.15,9.99,5.97,COMPLIANCE,"[""BINDING_CEILING_COMPLIANCE""]"
2026-02-13T17:29:02Z,JB-RGB6-LZOJ,,5.97,6.15,9.99,5.97,COMPLIANCE,"[""BINDING_CEILING_COMPLIANCE""]"
2026-02-13T17:44:06Z,JB-RGB6-LZOJ,,5.97,6.15,9.99,5.97,COMPLIANCE,"[""BINDING_CEILING_COMPLIANCE""]"
2026-02-13T17:59:10Z,JB-RGB6-LZOJ,,5.97,6.15,9.99,5.97,COMPLIANCE,"[""BINDING_CEILING_COMPLIANCE""]"
2026-02-13T18:14:14Z,JB-RGB6-LZOJ,,5.97,6.15,9.99,5.97,COMPLIANCE,"[""BINDING_CEILING_COMPLIANCE""]"
2026-02-13T18:29:18Z,JB-RGB6-LZOJ,,5.97,6.15,9.99,5.97,COMPLIANCE,"[""BINDING_CEILING_COMPLIANCE""]"
2026-02-13T18:44:22Z,JB-RGB6-LZOJ,,5.97,6.15,9.99,5.97,COMPLIANCE,"[""BINDING_CEILING_COMPLIANCE""]"
2026-02-13T18:59:26Z,JB-RGB6-LZOJ,,5.97,6.15,9.99,5.97,COMPLIANCE,"[""BINDING_CEILING_COMPLIANCE""]"
2026-02-13T19:14:30Z,JB-RGB6-LZOJ,,5.97,6.15,9.99,5.97,COMPLIANCE,"[""BINDING_CEILING_COMPLIANCE""]"
2026-02-13T19:29:34Z,JB-RGB6-LZOJ,,5.97,6.15,9.99,5.97,COMPLIANCE,"[""BINDING_CEILING_COMPLIANCE""]"
2026-02-13T19:44:38Z,JB-RGB6-LZOJ,,5.97,6.15,9.99,5.97,COMPLIANCE,"[""BINDING_CEILING_COMPLIANCE""]"
2026-02-13T19:59:42Z,JB-RGB6-LZOJ,,5.97,6.15,9.99,5.97,COMPLIANCE,"[""BINDING_CEILING_COMPLIANCE""]"
2026-02-13T20:14:46Z,JB-RGB6-LZOJ,,5.97,6.15,9.99,5.97,COMPLIANCE,"[""BINDING_CEILING_COMPLIANCE""]"
2026-02-13T20:29:50Z,JB-RGB6-LZOJ,,5.97,6.15,9.99,5.97,COMPLIANCE,"[""BINDING_CEILING_COMPLIANCE""]"
2026-02-13T20:44:54Z,JB-RGB6-LZOJ,,5.97,6.15,9.99,5.97,COMPLIANCE,"[""BINDING_CEILING_COMPLIANCE""]"
2026-02-13T20:59:58Z,JB-RGB6-LZOJ,,5.97,6.15,9.99,5.97,COMPLIANCE,"[""BINDING_CEILING_COMPLIANCE""]"
2026-02-13T21:15:01Z,JB-RGB6-LZOJ,,5.97,6.15,9.99,5.97,COMPLIANCE,"[""BINDING_CEILING_COMPLIANCE""]"
2026-02-13T21:30:05Z,JB-RGB6-LZOJ,,5.97,6.15,9.99,5.97,COMPLIANCE,"[""BINDING_CEILING_COMPLIANCE""]"
2026-02-13T21:45:09Z,JB-RGB6-LZOJ,,5.97,6.15,9.99,5.97,COMPLIANCE,"[""BINDING_CEILING_COMPLIANCE""]"
2026-02-13T22:00:13Z,JB-RGB6-LZOJ,,5.97,6.15,9.99,5.97,COMPLIANCE,"[""BINDING_CEILING_COMPLIANCE""]"
2026-02-13T22:15:18Z,JB-RGB6-LZOJ,,5.97,6.15,9.99,5.97,COMPLIANCE,"[""BINDING_CEILING_COMPLIANCE""]"
2026-02-13T22:30:22Z,JB-RGB6-LZOJ,,5.97,6.15,9.99,5.97,COMPLIANCE,"[""BINDING_CEILING_COMPLIANCE""]"
2026-02-13T22:45:26Z,JB-RGB6-LZOJ,,5.97,6.15,9.99,5.97,COMPLIANCE,"[""BINDING_CEILING_COMPLIANCE""]"
2026-02-13T23:00:29Z,JB-RGB6-LZOJ,,5.97,6.15,9.99,5.97,COMPLIANCE,"[""BINDING_CEILING_COMPLIANCE""]"
2026-02-13T23:15:34Z,JB-RGB6-LZOJ,,5.97,6.15,9.99,5.97,COMPLIANCE,"[""BINDING_CEILING_COMPLIANCE""]"
2026-02-13T23:30:37Z,JB-RGB6-LZOJ,,5.97,6.15,9.99,5.97,COMPLIANCE,"[""BINDING_CEILING_COMPLIANCE""]"
2026-02-13T23:45:41Z,JB-RGB6-LZOJ,,5.97,6.15,9.99,5.97,COMPLIANCE,"[""BINDING_CEILING_COMPLIANCE""]"
2026-02-14T00:00:45Z,JB-RGB6-LZOJ,,5.97,6.15,9.99,5.97,COMPLIANCE,"[""BINDING_CEILING_COMPLIANCE""]"
2026-02-14T00:15:49Z,JB-RGB6-LZOJ,,5.97,6.15,9.99,5.97,COMPLIANCE,"[""BINDING_CEILING_COMPLIANCE""]"
2026-02-14T00:30:53Z,JB-RGB6-LZOJ,,5.97,6.15,9.99,5.97,COMPLIANCE,"[""BINDING_CEILING_COMPLIANCE""]"
2026-02-14T00:45:57Z,JB-RGB6-LZOJ,,5.97,6.15,9.99,5.97,COMPLIANCE,"[""BINDING_CEILING_COMPLIANCE""]"
2026-02-14T01:01:01Z,JB-RGB6-LZOJ,,5.97,6.15,9.99,5.97,COMPLIANCE,"[""BINDING_CEILING_COMPLIANCE""]"
2026-02-14T01:16:05Z,JB-RGB6-LZOJ,,5.97,6.15,9.99,5.97,COMPLIANCE,"[""BINDING_CEILING_COMPLIANCE""]"
2026-02-14T01:31:09Z,JB-RGB6-LZOJ,,5.97,6.15,9.99,5.97,COMPLIANCE,"[""BINDING_CEILING_COMPLIANCE""]"
2026-02-14T01:46:13Z,JB-RGB6-LZOJ,,5.97,6.15,9.99,5.97,COMPLIANCE,"[""BINDING_CEILING_COMPLIANCE""]"
2026-02-14T02:01:17Z,JB-RGB6-LZOJ,,5.97,6.15,9.99,5.97,COMPLIANCE,"[""BINDING_CEILING_COMPLIANCE""]"
2026-02-14T02:16:21Z,JB-RGB6-LZOJ,,5.97,6.15,9.99,5.97,COMPLIANCE,"[""BINDING_CEILING_COMPLIANCE""]"
2026-02-14T02:31:25Z,JB-RGB6-LZOJ,,5.97,6.15,9.99,5.97,COMPLIANCE,"[""BINDING_CEILING_COMPLIANCE""]"
2026-02-14T02:46:29Z,JB-RGB6-LZOJ,,5.97,6.15,9.99,5.97,COMPLIANCE,"[""BINDING_CEILING_COMPLIANCE""]"
2026-02-14T03:01:33Z,JB-RGB6-LZOJ,,5.97,6.15,9.99,5.97,COMPLIANCE,"[""BINDING_CEILING_COMPLIANCE""]"
2026-02-14T03:16:37Z,JB-RGB6-LZOJ,,5.97,6.15,9.99,5.97,COMPLIANCE,"[""BINDING_CEILING_COMPLIANCE""]"
2026-02-14T03:31:40Z,JB-RGB6-LZOJ,,5.97,6.15,9.99,5.97,COMPLIANCE,"[""BINDING_CEILING_COMPLIANCE""]"
2026-02-14T03:46:44Z,JB-RGB6-LZOJ,,5.97,6.15,9.99,5.97,COMPLIANCE,"[""BINDING_CEILING_COMPLIANCE""]"
2026-02-14T04:01:48Z,JB-RGB6-LZOJ,,5.97,6.15,9.99,5.97,COMPLIANCE,"[""BINDING_CEILING_COMPLIANCE""]"
2026-02-14T04:16:52Z,JB-RGB6-LZOJ,,5.97,6.15,9.99,5.97,COMPLIANCE,"[""BINDING_CEILING_COMPLIANCE""]"
2026-02-14T04:31:56Z,JB-RGB6-LZOJ,,5.97,6.15,9.99,5.97,COMPLIANCE,"[""BINDING_CEILING_COMPLIANCE""]"
2026-02-14T04:47:00Z,JB-RGB6-LZOJ,,5.97,6.15,9.99,5.97,COMPLIANCE,"[""BINDING_CEILING_COMPLIANCE""]"
2026-02-14T05:02:04Z,JB-RGB6-LZOJ,,5.97,6.15,9.99,5.97,COMPLIANCE,"[""BINDING_CEILING_COMPLIANCE""]"
2026-02-14T05:17:10Z,JB-RGB6-LZOJ,,5.97,6.15,9.99,5.97,COMPLIANCE,"[""BINDING_CEILING_COMPLIANCE""]"
2026-02-14T05:32:15Z,JB-RGB6-LZOJ,,5.97,6.15,9.99,5.97,COMPLIANCE,"[""BINDING_CEILING_COMPLIANCE""]"
2026-02-14T05:47:20Z,JB-RGB6-LZOJ,,5.97,6.15,9.99,5.97,COMPLIANCE,"[""BINDING_CEILING_COMPLIANCE""]"
2026-02-14T06:02:23Z,JB-RGB6-LZOJ,,5.97,6.15,9.99,5.97,COMPLIANCE,"[""BINDING_CEILING_COMPLIANCE""]"
2026-02-14T06:17:27Z,JB-RGB6-LZOJ,,5.97,6.15,9.99,5.97,COMPLIANCE,"[""BINDING_CEILING_COMPLIANCE""]"
2026-02-14T06:32:31Z,JB-RGB6-LZOJ,,5.97,6.15,9.99,5.97,COMPLIANCE,"[""BINDING_CEILING_COMPLIANCE""]"
2026-02-14T06:47:35Z,JB-RGB6-LZOJ,,5.97,6.15,9.99,5.97,COMPLIANCE,"[""BINDING_CEILING_COMPLIANCE""]"
2026-02-14T07:02:39Z,JB-RGB6-LZOJ,,5.97,6.15,9.99,5.97,COMPLIANCE,"[""BINDING_CEILING_COMPLIANCE""]"
2026-02-14T07:17:43Z,JB-RGB6-LZOJ,,5.97,6.15,9.99,5.97,COMPLIANCE,"[""BINDING_CEILING_COMPLIANCE""]"
2026-02-14T07:32:47Z,JB-RGB6-LZOJ,,5.97,6.15,9.99,5.97,COMPLIANCE,"[""BINDING_CEILING_COMPLIANCE""]"
2026-02-14T07:47:51Z,JB-RGB6-LZOJ,,5.97,6.15,9.99,5.97,COMPLIANCE,"[""BINDING_CEILING_COMPLIANCE""]"
2026-02-14T08:02:55Z,JB-RGB6-LZOJ,,5.97,6.15,9.99,5.97,COMPLIANCE,"[""BINDING_CEILING_COMPLIANCE""]"
2026-02-14T08:17:59Z,JB-RGB6-LZOJ,,5.97,6.15,9.99,5.97,COMPLIANCE,"[""BINDING_CEILING_COMPLIANCE""]"
2026-02-14T08:33:03Z,JB-RGB6-LZOJ,,5.97,6.15,9.99,5.97,COMPLIANCE,"[""BINDING_CEILING_COMPLIANCE""]"
2026-02-14T08:48:07Z,JB-RGB6-LZOJ,,5.97,6.15,9.99,5.97,COMPLIANCE,"[""BINDING_CEILING_COMPLIANCE""]"
2026-02-14T09:03:11Z,JB-RGB6-LZOJ,,5.97,6.15,9.99,5.97,COMPLIANCE,"[""BINDING_CEILING_COMPLIANCE""]"
2026-02-14T09:18:15Z,JB-RGB6-LZOJ,,5.97,6.15,9.99,5.97,COMPLIANCE,"[""BINDING_CEILING_COMPLIANCE""]"
2026-02-14T09:33:21Z,JB-RGB6-LZOJ,,5.97,6.15,9.99,5.97,COMPLIANCE,"[""BINDING_CEILING_COMPLIANCE""]"
2026-02-14T09:48:25Z,JB-RGB6-LZOJ,,5.97,6.15,9.99,5.97,COMPLIANCE,"[""BINDING_CEILING_COMPLIANCE""]"
2026-02-14T10:03:32Z,JB-RGB6-LZOJ,,5.97,6.15,9.99,5.97,COMPLIANCE,"[""BINDING_CEILING_COMPLIANCE""]"
2026-02-14T10:18:37Z,JB-RGB6-LZOJ,,5.97,6.15,9.99,5.97,COMPLIANCE,"[""BINDING_CEILING_COMPLIANCE""]"
2026-02-14T10:33:41Z,JB-RGB6-LZOJ,,5.97,6.15,9.99,5.97,COMPLIANCE,"[""BINDING_CEILING_COMPLIANCE""]"
2026-02-14T10:48:46Z,JB-RGB6-LZOJ,,5.97,6.15,7.49,5.97,COMPLIANCE,"[""BINDING_CEILING_COMPLIANCE""]"
2026-02-14T11:03:50Z,JB-RGB6-LZOJ,,5.97,6.15,7.49,5.97,COMPLIANCE,"[""BINDING_CEILING_COMPLIANCE""]"
2026-02-14T11:18:57Z,JB-RGB6-LZOJ,,5.97,6.15,7.49,5.97,COMPLIANCE,"[""BINDING_CEILING_COMPLIANCE""]"
2026-02-14T11:34:01Z,JB-RGB6-LZOJ,,5.97,6.15,7.49,5.97,COMPLIANCE,"[""BINDING_CEILING_COMPLIANCE""]"
2026-02-14T11:49:05Z,JB-RGB6-LZOJ,,,7.49,7.49,7.49,MANUAL_CAP,"[""BINDING_CEILING_MANUAL_CAP""]"
2026-02-14T12:04:09Z,JB-RGB6-LZOJ,,,7.49,7.49,7.49,MANUAL_CAP,"[""BINDING_CEILING_MANUAL_CAP""]"
2026-02-14T12:19:13Z,JB-RGB6-LZOJ,,,7.49,7.49,7.49,MANUAL_CAP,"[""BINDING_CEILING_MANUAL_CAP""]"
2026-02-14T12:34:17Z,JB-RGB6-LZOJ,,,7.49,7.49,7.49,MANUAL_CAP,"[""BINDING_CEILING_MANUAL_CAP""]"
2026-02-14T12:48:53Z,JB-RGB6-LZOJ,,,7.49,7.49,7.49,MANUAL_CAP,"[""BINDING_CEILING_MANUAL_CAP""]"
2026-02-14T13:03:57Z,JB-RGB6-LZOJ,,,7.49,7.49,7.49,MANUAL_CAP,"[""BINDING_CEILING_MANUAL_CAP""]"
2026-02-14T13:19:00Z,JB-RGB6-LZOJ,,,7.49,7.49,7.49,MANUAL_CAP,"[""BINDING_CEILING_MANUAL_CAP""]"
2026-02-14T13:34:09Z,JB-RGB6-LZOJ,,,7.49,7.49,7.49,MANUAL_CAP,"[""BINDING_CEILING_MANUAL_CAP""]"
2026-02-14T13:46:24Z,JB-RGB6-LZOJ,,,7.49,7.49,7.49,MANUAL_CAP,"[""BINDING_CEILING_MANUAL_CAP""]"
2026-02-14T13:46:24Z,6V-EEC1-2S9Z,,,9.19,9.19,9.19,MANUAL_CAP,"[""BINDING_CEILING_MANUAL_CAP""]"
2026-02-14T13:46:31Z,6V-EEC1-2S9Z,,,9.19,9.19,9.19,MANUAL_CAP,"[""BINDING_CEILING_MANUAL_CAP""]"
2026-02-14T13:50:00Z,6V-EEC1-2S9Z,,,9.19,9.19,9.19,MANUAL_CAP,"[""BINDING_CEILING_MANUAL_CAP""]"
2026-02-14T13:55:00Z,6V-EEC1-2S9Z,,,9.19,9.19,9.19,MANUAL_CAP,"[""BINDING_CEILING_MANUAL_CAP""]"
2026-02-14T14:00:00Z,6V-EEC1-2S9Z,,,9.19,9.19,9.19,MANUAL_CAP,"[""BINDING_CEILING_MANUAL_CAP""]"
2026-02-14T14:05:00Z,JB-RGB6-LZOJ,,,7.49,7.49,7.49,MANUAL_CAP,"[""BINDING_CEILING_MANUAL_CAP""]"
2026-02-14T14:15:00Z,4W-VS57-BV6A,,,7.49,7.49,7.49,MANUAL_CAP,"[""BINDING_CEILING_MANUAL_CAP""]"
2026-02-14T14:15:00Z,6V-EEC1-2S9Z,,,7.49,7.49,7.49,MANUAL_CAP,"[""BINDING_CEILING_MANUAL_CAP""]"
2026-02-14T14:15:00Z,AX-NKNU-29C1,,,7.49,7.49,7.49,MANUAL_CAP,"[""BINDING_CEILING_MANUAL_CAP""]"
2026-02-14T14:15:00Z,JB-RGB6-LZOJ,,,7.49,7.49,7.49,MANUAL_CAP,"[""BINDING_CEILING_MANUAL_CAP""]"
2026-02-14T14:15:00Z,RZ-6ZL9-CZ7J,,,7.49,7.49,7.49,MANUAL_CAP,"[""BINDING_CEILING_MANUAL_CAP""]"
2026-02-14T14:15:00Z,TJ-6LOP-OPEU,,,7.49,7.49,7.49,MANUAL_CAP,"[""BINDING_CEILING_MANUAL_CAP""]"
2026-02-14T14:15:00Z,VF-3T0K-DR5O,,,7.49,7.49,7.49,MANUAL_CAP,"[""BINDING_CEILING_MANUAL_CAP""]"
2026-02-14T14:15:00Z,XH-0LAE-FQO5,,,7.49,7.49,7.49,MANUAL_CAP,"[""BINDING_CEILING_MANUAL_CAP""]"
2026-02-14T14:15:00Z,XY-UM2X-TPS3,,,7.49,7.49,7.49,MANUAL_CAP,"[""BINDING_CEILING_MANUAL_CAP""]"
2026-02-14T14:15:00Z,YC-3L3M-BV48,,,7.49,7.49,7.49,MANUAL_CAP,"[""BINDING_CEILING_MANUAL_CAP""]"
2026-02-14T14:45:00Z,4W-VS57-BV6A,,,7.49,7.49,7.49,MANUAL_CAP,"[""BINDING_CEILING_MANUAL_CAP""]"
2026-02-14T14:45:00Z,6V-EEC1-2S9Z,,,7.49,7.49,7.49,MANUAL_CAP,"[""BINDING_CEILING_MANUAL_CAP""]"
2026-02-14T14:45:00Z,AX-NKNU-29C1,,,7.49,7.49,7.49,MANUAL_CAP,"[""BINDING_CEILING_MANUAL_CAP""]"
2026-02-14T14:45:00Z,JB-RGB6-LZOJ,,,7.49,7.49,7.49,MANUAL_CAP,"[""BINDING_CEILING_MANUAL_CAP""]"
2026-02-14T14:45:00Z,RZ-6ZL9-CZ7J,,,7.49,7.49,7.49,MANUAL_CAP,"[""BINDING_CEILING_MANUAL_CAP""]"
2026-02-14T14:45:00Z,TJ-6LOP-OPEU,,,7.49,7.49,7.49,MANUAL_CAP,"[""BINDING_CEILING_MANUAL_CAP""]"
2026-02-14T14:45:00Z,VF-3T0K-DR5O,,,7.49,7.49,7.49,MANUAL_CAP,"[""BINDING_CEILING_MANUAL_CAP""]"
2026-02-14T14:45:00Z,XH-0LAE-FQO5,,,7.49,7.49,7.49,MANUAL_CAP,"[""BINDING_CEILING_MANUAL_CAP""]"
2026-02-14T14:45:00Z,XY-UM2X-TPS3,,,7.49,7.49,7.49,MANUAL_CAP,"[""BINDING_CEILING_MANUAL_CAP""]"
2026-02-14T14:45:00Z,YC-3L3M-BV48,,,7.49,7.49,7.49,MANUAL_CAP,"[""BINDING_CEILING_MANUAL_CAP""]"
2026-02-14T15:12:57Z,4W-VS57-BV6A,,,7.49,7.49,7.49,MANUAL_CAP,"[""BINDING_CEILING_MANUAL_CAP""]"
2026-02-14T15:12:57Z,6V-EEC1-2S9Z,,,7.49,7.49,7.49,MANUAL_CAP,"[""BINDING_CEILING_MANUAL_CAP""]"
2026-02-14T15:12:57Z,AX-NKNU-29C1,,,7.49,7.49,7.49,MANUAL_CAP,"[""BINDING_CEILING_MANUAL_CAP""]"
2026-02-14T15:12:57Z,JB-RGB6-LZOJ,,,7.49,7.49,7.49,MANUAL_CAP,"[""BINDING_CEILING_MANUAL_CAP""]"
2026-02-14T15:12:57Z,RZ-6ZL9-CZ7J,,,7.49,7.49,7.49,MANUAL_CAP,"[""BINDING_CEILING_MANUAL_CAP""]"
2026-02-14T15:12:57Z,TJ-6LOP-OPEU,,,7.49,7.49,7.49,MANUAL_CAP,"[""BINDING_CEILING_MANUAL_CAP""]"
2026-02-14T15:12:57Z,VF-3T0K-DR5O,,,7.49,7.49,7.49,MANUAL_CAP,"[""BINDING_CEILING_MANUAL_CAP""]"
2026-02-14T15:12:57Z,XH-0LAE-FQO5,,,7.49,7.49,7.49,MANUAL_CAP,"[""BINDING_CEILING_MANUAL_CAP""]"
2026-02-14T15:12:57Z,XY-UM2X-TPS3,,,7.49,7.49,7.49,MANUAL_CAP,"[""BINDING_CEILING_MANUAL_CAP""]"
2026-02-14T15:12:57Z,YC-3L3M-BV48,,,7.49,7.49,7.49,MANUAL_CAP,"[""BINDING_CEILING_MANUAL_CAP""]"
2026-02-14T16:00:00Z,4W-VS57-BV6A,,,44.99,44.99,44.99,MANUAL_CAP,"[""BINDING_CEILING_MANUAL_CAP""]"
2026-02-14T16:00:00Z,6V-EEC1-2S9Z,,,10.64,10.64,10.64,MANUAL_CAP,"[""BINDING_CEILING_MANUAL_CAP""]"
2026-02-14T16:00:00Z,AX-NKNU-29C1,,,3.99,3.99,3.99,MANUAL_CAP,"[""BINDING_CEILING_MANUAL_CAP""]"
2026-02-14T16:00:00Z,JB-RGB6-LZOJ,,,7.49,9.99,7.49,ELIGIBILITY,"[""BINDING_CEILING_ELIGIBILITY""]"
2026-02-14T16:00:00Z,RZ-6ZL9-CZ7J,,,7.99,7.99,7.99,MANUAL_CAP,"[""BINDING_CEILING_MANUAL_CAP""]"
2026-02-14T16:00:00Z,TJ-6LOP-OPEU,,,9.00,9.00,9.00,MANUAL_CAP,"[""BINDING_CEILING_MANUAL_CAP""]"
2026-02-14T16:00:00Z,VF-3T0K-DR5O,,,9.99,9.99,9.99,MANUAL_CAP,"[""BINDING_CEILING_MANUAL_CAP""]"
2026-02-14T16:00:00Z,XH-0LAE-FQO5,,,8.99,8.99,8.99,MANUAL_CAP,"[""BINDING_CEILING_MANUAL_CAP""]"
2026-02-14T16:00:00Z,XY-UM2X-TPS3,,,15.00,15.00,15.00,MANUAL_CAP,"[""BINDING_CEILING_MANUAL_CAP""]"
2026-02-14T16:00:00Z,YC-3L3M-BV48,,,109.45,109.45,109.45,MANUAL_CAP,"[""BINDING_CEILING_MANUAL_CAP""]"
2026-02-14T16:27:25Z,4W-VS57-BV6A,,,44.99,44.99,44.99,MANUAL_CAP,"[""BINDING_CEILING_MANUAL_CAP""]"
2026-02-14T16:27:25Z,6V-EEC1-2S9Z,,,10.64,10.64,10.64,MANUAL_CAP,"[""BINDING_CEILING_MANUAL_CAP""]"
2026-02-14T16:27:25Z,AX-NKNU-29C1,,,3.99,3.99,3.99,MANUAL_CAP,"[""BINDING_CEILING_MANUAL_CAP""]"
2026-02-14T16:27:25Z,JB-RGB6-LZOJ,,,7.49,9.99,7.49,ELIGIBILITY,"[""BINDING_CEILING_ELIGIBILITY""]"
2026-02-14T16:27:25Z,RZ-6ZL9-CZ7J,,,7.99,7.99,7.99,MANUAL_CAP,"[""BINDING_CEILING_MANUAL_CAP""]"
2026-02-14T16:27:25Z,TJ-6LOP-OPEU,,,9.00,9.00,9.00,MANUAL_CAP,"[""BINDING_CEILING_MANUAL_CAP""]"
2026-02-14T16:27:25Z,VF-3T0K-DR5O,,,9.99,9.99,9.99,MANUAL_CAP,"[""BINDING_CEILING_MANUAL_CAP""]"
2026-02-14T16:27:25Z,XH-0LAE-FQO5,,,8.99,8.99,8.99,MANUAL_CAP,"[""BINDING_CEILING_MANUAL_CAP""]"
2026-02-14T16:27:25Z,XY-UM2X-TPS3,,,15.00,15.00,15.00,MANUAL_CAP,"[""BINDING_CEILING_MANUAL_CAP""]"
2026-02-14T16:27:25Z,YC-3L3M-BV48,,,109.45,109.45,109.45,MANUAL_CAP,"[""BINDING_CEILING_MANUAL_CAP""]"
2026-02-14T16:52:26Z,4W-VS57-BV6A,,,44.99,44.99,44.99,MANUAL_CAP,"[""BINDING_CEILING_MANUAL_CAP""]"
2026-02-14T16:52:26Z,6V-EEC1-2S9Z,,,10.64,10.64,10.64,MANUAL_CAP,"[""BINDING_CEILING_MANUAL_CAP""]"
2026-02-14T16:52:26Z,AX-NKNU-29C1,,,3.99,3.99,3.99,MANUAL_CAP,"[""BINDING_CEILING_MANUAL_CAP""]"
2026-02-14T16:52:26Z,JB-RGB6-LZOJ,,,7.49,9.99,7.49,ELIGIBILITY,"[""BINDING_CEILING_ELIGIBILITY""]"
2026-02-14T16:52:26Z,RZ-6ZL9-CZ7J,,,7.99,7.99,7.99,MANUAL_CAP,"[""BINDING_CEILING_MANUAL_CAP""]"
2026-02-14T16:52:26Z,TJ-6LOP-OPEU,,,9.00,9.00,9.00,MANUAL_CAP,"[""BINDING_CEILING_MANUAL_CAP""]"
2026-02-14T16:52:26Z,VF-3T0K-DR5O,,,9.99,9.99,9.99,MANUAL_CAP,"[""BINDING_CEILING_MANUAL_CAP""]"
2026-02-14T16:52:26Z,XH-0LAE-FQO5,,,8.99,8.99,8.99,MANUAL_CAP,"[""BINDING_CEILING_MANUAL_CAP""]"
2026-02-14T16:52:26Z,XY-UM2X-TPS3,,,15.00,15.00,15.00,MANUAL_CAP,"[""BINDING_CEILING_MANUAL_CAP""]"
2026-02-14T16:52:26Z,YC-3L3M-BV48,,,109.45,109.45,109.45,MANUAL_CAP,"[""BINDING_CEILING_MANUAL_CAP""]"
2026-02-14T17:17:29Z,4W-VS57-BV6A,,,44.99,44.99,44.99,MANUAL_CAP,"[""BINDING_CEILING_MANUAL_CAP""]"
2026-02-14T17:17:29Z,6V-EEC1-2S9Z,,,10.64,10.64,10.64,MANUAL_CAP,"[""BINDING_CEILING_MANUAL_CAP""]"
2026-02-14T17:17:29Z,AX-NKNU-29C1,,,3.99,3.99,3.99,MANUAL_CAP,"[""BINDING_CEILING_MANUAL_CAP""]"
2026-02-14T17:17:29Z,JB-RGB6-LZOJ,,,7.49,9.99,7.49,ELIGIBILITY,"[""BINDING_CEILING_ELIGIBILITY""]"
2026-02-14T17:17:29Z,RZ-6ZL9-CZ7J,,,7.99,7.99,7.99,MANUAL_CAP,"[""BINDING_CEILING_MANUAL_CAP""]"
2026-02-14T17:17:29Z,TJ-6LOP-OPEU,,,9.00,9.00,9.00,MANUAL_CAP,"[""BINDING_CEILING_MANUAL_CAP""]"
2026-02-14T17:17:29Z,VF-3T0K-DR5O,,,9.99,9.99,9.99,MANUAL_CAP,"[""BINDING_CEILING_MANUAL_CAP""]"
2026-02-14T17:17:29Z,XH-0LAE-FQO5,,,8.99,8.99,8.99,MANUAL_CAP,"[""BINDING_CEILING_MANUAL_CAP""]"
2026-02-14T17:17:29Z,XY-UM2X-TPS3,,,15.00,15.00,15.00,MANUAL_CAP,"[""BINDING_CEILING_MANUAL_CAP""]"
2026-02-14T17:17:29Z,YC-3L3M-BV48,,,109.45,109.45,109.45,MANUAL_CAP,"[""BINDING_CEILING_MANUAL_CAP""]"
2026-02-14T17:42:28Z,4W-VS57-BV6A,,,44.99,44.99,44.99,MANUAL_CAP,"[""BINDING_CEILING_MANUAL_CAP""]"
2026-02-14T17:42:28Z,6V-EEC1-2S9Z,,,10.64,10.64,10.64,MANUAL_CAP,"[""BINDING_CEILING_MANUAL_CAP""]"
2026-02-14T17:42:28Z,AX-NKNU-29C1,,,3.99,3.99,3.99,MANUAL_CAP,"[""BINDING_CEILING_MANUAL_CAP""]"
2026-02-14T17:42:28Z,JB-RGB6-LZOJ,,,7.49,9.99,7.49,ELIGIBILITY,"[""BINDING_CEILING_ELIGIBILITY""]"
2026-02-14T17:42:28Z,RZ-6ZL9-CZ7J,,,7.99,7.99,7.99,MANUAL_CAP,"[""BINDING_CEILING_MANUAL_CAP""]"
2026-02-14T17:42:28Z,TJ-6LOP-OPEU,,,9.00,9.00,9.00,MANUAL_CAP,"[""BINDING_CEILING_MANUAL_CAP""]"
2026-02-14T17:42:28Z,VF-3T0K-DR5O,,,9.99,9.99,9.99,MANUAL_CAP,"[""BINDING_CEILING_MANUAL_CAP""]"
2026-02-14T17:42:28Z,XH-0LAE-FQO5,,,8.99,8.99,8.99,MANUAL_CAP,"[""BINDING_CEILING_MANUAL_CAP""]"
2026-02-14T17:42:28Z,XY-UM2X-TPS3,,,15.00,15.00,15.00,MANUAL_CAP,"[""BINDING_CEILING_MANUAL_CAP""]"
2026-02-14T17:42:28Z,YC-3L3M-BV48,,,109.45,109.45,109.45,MANUAL_CAP,"[""BINDING_CEILING_MANUAL_CAP""]"
2026-02-14T18:07:26Z,4W-VS57-BV6A,,,44.99,44.99,44.99,MANUAL_CAP,"[""BINDING_CEILING_MANUAL_CAP""]"
2026-02-14T18:07:26Z,6V-EEC1-2S9Z,,,10.64,10.64,10.64,MANUAL_CAP,"[""BINDING_CEILING_MANUAL_CAP""]"
2026-02-14T18:07:26Z,AX-NKNU-29C1,,,3.99,3.99,3.99,MANUAL_CAP,"[""BINDING_CEILING_MANUAL_CAP""]"
2026-02-14T18:07:26Z,JB-RGB6-LZOJ,,,7.49,9.99,7.49,ELIGIBILITY,"[""BINDING_CEILING_ELIGIBILITY""]"
2026-02-14T18:07:26Z,RZ-6ZL9-CZ7J,,,7.99,7.99,7.99,MANUAL_CAP,"[""BINDING_CEILING_MANUAL_CAP""]"
2026-02-14T18:07:26Z,TJ-6LOP-OPEU,,,9.00,9.00,9.00,MANUAL_CAP,"[""BINDING_CEILING_MANUAL_CAP""]"
2026-02-14T18:07:26Z,VF-3T0K-DR5O,,,9.99,9.99,9.99,MANUAL_CAP,"[""BINDING_CEILING_MANUAL_CAP""]"
2026-02-14T18:07:26Z,XH-0LAE-FQO5,,,8.99,8.99,8.99,MANUAL_CAP,"[""BINDING_CEILING_MANUAL_CAP""]"
2026-02-14T18:07:26Z,XY-UM2X-TPS3,,,15.00,15.00,15.00,MANUAL_CAP,"[""BINDING_CEILING_MANUAL_CAP""]"
2026-02-14T18:07:26Z,YC-3L3M-BV48,,,109.45,109.45,109.45,MANUAL_CAP,"[""BINDING_CEILING_MANUAL_CAP""]"
2026-02-14T18:32:32Z,4W-VS57-BV6A,,,44.99,44.99,44.99,MANUAL_CAP,"[""BINDING_CEILING_MANUAL_CAP""]"
2026-02-14T18:32:32Z,6V-EEC1-2S9Z,,,10.64,10.64,10.64,MANUAL_CAP,"[""BINDING_CEILING_MANUAL_CAP""]"
2026-02-14T18:32:32Z,AX-NKNU-29C1,,,3.99,3.99,3.99,MANUAL_CAP,"[""BINDING_CEILING_MANUAL_CAP""]"
2026-02-14T18:32:32Z,JB-RGB6-LZOJ,,,7.49,9.99,7.49,ELIGIBILITY,"[""BINDING_CEILING_ELIGIBILITY""]"
2026-02-14T18:32:32Z,RZ-6ZL9-CZ7J,,,7.99,7.99,7.99,MANUAL_CAP,"[""BINDING_CEILING_MANUAL_CAP""]"
2026-02-14T18:32:32Z,TJ-6LOP-OPEU,,,9.00,9.00,9.00,MANUAL_CAP,"[""BINDING_CEILING_MANUAL_CAP""]"
2026-02-14T18:32:32Z,VF-3T0K-DR5O,,,9.99,9.99,9.99,MANUAL_CAP,"[""BINDING_CEILING_MANUAL_CAP""]"
2026-02-14T18:32:32Z,XH-0LAE-FQO5,,,8.99,8.99,8.99,MANUAL_CAP,"[""BINDING_CEILING_MANUAL_CAP""]"
2026-02-14T18:32:32Z,XY-UM2X-TPS3,,,15.00,15.00,15.00,MANUAL_CAP,"[""BINDING_CEILING_MANUAL_CAP""]"
2026-02-14T18:32:32Z,YC-3L3M-BV48,,,109.45,109.45,109.45,MANUAL_CAP,"[""BINDING_CEILING_MANUAL_CAP""]"
2026-02-14T18:57:34Z,4W-VS57-BV6A,,,44.99,44.99,44.99,MANUAL_CAP,"[""BINDING_CEILING_MANUAL_CAP""]"
2026-02-14T18:57:34Z,6V-EEC1-2S9Z,,,10.64,10.64,10.64,MANUAL_CAP,"[""BINDING_CEILING_MANUAL_CAP""]"
2026-02-14T18:57:34Z,AX-NKNU-29C1,,,3.99,3.99,3.99,MANUAL_CAP,"[""BINDING_CEILING_MANUAL_CAP""]"
2026-02-14T18:57:34Z,JB-RGB6-LZOJ,,,7.49,9.99,7.49,ELIGIBILITY,"[""BINDING_CEILING_ELIGIBILITY""]"
2026-02-14T18:57:34Z,RZ-6ZL9-CZ7J,,,7.99,7.99,7.99,MANUAL_CAP,"[""BINDING_CEILING_MANUAL_CAP""]"
2026-02-14T18:57:34Z,TJ-6LOP-OPEU,,,9.00,9.00,9.00,MANUAL_CAP,"[""BINDING_CEILING_MANUAL_CAP""]"
2026-02-14T18:57:34Z,VF-3T0K-DR5O,,,9.99,9.99,9.99,MANUAL_CAP,"[""BINDING_CEILING_MANUAL_CAP""]"
2026-02-14T18:57:34Z,XH-0LAE-FQO5,,,8.99,8.99,8.99,MANUAL_CAP,"[""BINDING_CEILING_MANUAL_CAP""]"
2026-02-14T18:57:34Z,XY-UM2X-TPS3,,,15.00,15.00,15.00,MANUAL_CAP,"[""BINDING_CEILING_MANUAL_CAP""]"
2026-02-14T18:57:34Z,YC-3L3M-BV48,,,109.45,109.45,109.45,MANUAL_CAP,"[""BINDING_CEILING_MANUAL_CAP""]"
2026-02-14T19:22:37Z,4W-VS57-BV6A,,,44.99,44.99,44.99,MANUAL_CAP,"[""BINDING_CEILING_MANUAL_CAP""]"
2026-02-14T19:22:37Z,6V-EEC1-2S9Z,,,10.64,10.64,10.64,MANUAL_CAP,"[""BINDING_CEILING_MANUAL_CAP""]"
2026-02-14T19:22:37Z,AX-NKNU-29C1,,,3.99,3.99,3.99,MANUAL_CAP,"[""BINDING_CEILING_MANUAL_CAP""]"
2026-02-14T19:22:37Z,JB-RGB6-LZOJ,,,7.49,9.99,7.49,ELIGIBILITY,"[""BINDING_CEILING_ELIGIBILITY""]"
2026-02-14T19:22:37Z,RZ-6ZL9-CZ7J,,,7.99,7.99,7.99,MANUAL_CAP,"[""BINDING_CEILING_MANUAL_CAP""]"
2026-02-14T19:22:37Z,TJ-6LOP-OPEU,,,9.00,9.00,9.00,MANUAL_CAP,"[""BINDING_CEILING_MANUAL_CAP""]"
2026-02-14T19:22:37Z,VF-3T0K-DR5O,,,9.99,9.99,9.99,MANUAL_CAP,"[""BINDING_CEILING_MANUAL_CAP""]"
2026-02-14T19:22:37Z,XH-0LAE-FQO5,,,8.99,8.99,8.99,MANUAL_CAP,"[""BINDING_CEILING_MANUAL_CAP""]"
2026-02-14T19:22:37Z,XY-UM2X-TPS3,,,15.00,15.00,15.00,MANUAL_CAP,"[""BINDING_CEILING_MANUAL_CAP""]"
2026-02-14T19:22:37Z,YC-3L3M-BV48,,,109.45,109.45,109.45,MANUAL_CAP,"[""BINDING_CEILING_MANUAL_CAP""]"
2026-02-14T19:47:41Z,4W-VS57-BV6A,,,44.99,44.99,44.99,MANUAL_CAP,"[""BINDING_CEILING_MANUAL_CAP""]"
2026-02-14T19:47:41Z,6V-EEC1-2S9Z,,,10.64,10.64,10.64,MANUAL_CAP,"[""BINDING_CEILING_MANUAL_CAP""]"
2026-02-14T19:47:41Z,AX-NKNU-29C1,,,3.99,3.99,3.99,MANUAL_CAP,"[""BINDING_CEILING_MANUAL_CAP""]"
2026-02-14T19:47:41Z,JB-RGB6-LZOJ,,,7.49,9.99,7.49,ELIGIBILITY,"[""BINDING_CEILING_ELIGIBILITY""]"
2026-02-14T19:47:41Z,RZ-6ZL9-CZ7J,,,7.99,7.99,7.99,MANUAL_CAP,"[""BINDING_CEILING_MANUAL_CAP""]"
2026-02-14T19:47:41Z,TJ-6LOP-OPEU,,,9.00,9.00,9.00,MANUAL_CAP,"[""BINDING_CEILING_MANUAL_CAP""]"
2026-02-14T19:47:41Z,VF-3T0K-DR5O,,,9.99,9.99,9.99,MANUAL_CAP,"[""BINDING_CEILING_MANUAL_CAP""]"
2026-02-14T19:47:41Z,XH-0LAE-FQO5,,,8.99,8.99,8.99,MANUAL_CAP,"[""BINDING_CEILING_MANUAL_CAP""]"
2026-02-14T19:47:41Z,XY-UM2X-TPS3,,,15.00,15.00,15.00,MANUAL_CAP,"[""BINDING_CEILING_MANUAL_CAP""]"
2026-02-14T19:47:41Z,YC-3L3M-BV48,,,109.45,109.45,109.45,MANUAL_CAP,"[""BINDING_CEILING_MANUAL_CAP""]"
2026-02-14T20:12:49Z,4W-VS57-BV6A,,,44.99,44.99,44.99,MANUAL_CAP,"[""BINDING_CEILING_MANUAL_CAP""]"
2026-02-14T20:12:49Z,6V-EEC1-2S9Z,,,10.64,10.64,10.64,MANUAL_CAP,"[""BINDING_CEILING_MANUAL_CAP""]"
2026-02-14T20:12:49Z,AX-NKNU-29C1,,,3.99,3.99,3.99,MANUAL_CAP,"[""BINDING_CEILING_MANUAL_CAP""]"
2026-02-14T20:12:49Z,JB-RGB6-LZOJ,,,7.49,9.99,7.49,ELIGIBILITY,"[""BINDING_CEILING_ELIGIBILITY""]"
2026-02-14T20:12:49Z,RZ-6ZL9-CZ7J,,,7.99,7.99,7.99,MANUAL_CAP,"[""BINDING_CEILING_MANUAL_CAP""]"
2026-02-14T20:12:49Z,TJ-6LOP-OPEU,,,9.00,9.00,9.00,MANUAL_CAP,"[""BINDING_CEILING_MANUAL_CAP""]"
2026-02-14T20:12:49Z,VF-3T0K-DR5O,,,9.99,9.99,9.99,MANUAL_CAP,"[""BINDING_CEILING_MANUAL_CAP""]"
2026-02-14T20:12:49Z,XH-0LAE-FQO5,,,8.99,8.99,8.99,MANUAL_CAP,"[""BINDING_CEILING_MANUAL_CAP""]"
2026-02-14T20:12:49Z,XY-UM2X-TPS3,,,15.00,15.00,15.00,MANUAL_CAP,"[""BINDING_CEILING_MANUAL_CAP""]"
2026-02-14T20:12:49Z,YC-3L3M-BV48,,,109.45,109.45,109.45,MANUAL_CAP,"[""BINDING_CEILING_MANUAL_CAP""]"
2026-02-14T20:37:51Z,4W-VS57-BV6A,,,44.99,44.99,44.99,MANUAL_CAP,"[""BINDING_CEILING_MANUAL_CAP""]"
2026-02-14T20:37:51Z,6V-EEC1-2S9Z,,,10.64,10.64,10.64,MANUAL_CAP,"[""BINDING_CEILING_MANUAL_CAP""]"
2026-02-14T20:37:51Z,AX-NKNU-29C1,,,3.99,3.99,3.99,MANUAL_CAP,"[""BINDING_CEILING_MANUAL_CAP""]"
2026-02-14T20:37:51Z,JB-RGB6-LZOJ,,,7.49,9.99,7.49,ELIGIBILITY,"[""BINDING_CEILING_ELIGIBILITY""]"
2026-02-14T20:37:51Z,RZ-6ZL9-CZ7J,,,7.99,7.99,7.99,MANUAL_CAP,"[""BINDING_CEILING_MANUAL_CAP""]"
2026-02-14T20:37:51Z,TJ-6LOP-OPEU,,,9.00,9.00,9.00,MANUAL_CAP,"[""BINDING_CEILING_MANUAL_CAP""]"
2026-02-14T20:37:51Z,VF-3T0K-DR5O,,,9.99,9.99,9.99,MANUAL_CAP,"[""BINDING_CEILING_MANUAL_CAP""]"
2026-02-14T20:37:51Z,XH-0LAE-FQO5,,,8.99,8.99,8.99,MANUAL_CAP,"[""BINDING_CEILING_MANUAL_CAP""]"
2026-02-14T20:37:51Z,XY-UM2X-TPS3,,,15.00,15.00,15.00,MANUAL_CAP,"[""BINDING_CEILING_MANUAL_CAP""]"
2026-02-14T20:37:51Z,YC-3L3M-BV48,,,109.45,109.45,109.45,MANUAL_CAP,"[""BINDING_CEILING_MANUAL_CAP""]"
2026-02-14T21:02:52Z,4W-VS57-BV6A,,,44.99,44.99,44.99,MANUAL_CAP,"[""BINDING_CEILING_MANUAL_CAP""]"
2026-02-14T21:02:52Z,6V-EEC1-2S9Z,,,10.64,10.64,10.64,MANUAL_CAP,"[""BINDING_CEILING_MANUAL_CAP""]"
2026-02-14T21:02:52Z,AX-NKNU-29C1,,,3.99,3.99,3.99,MANUAL_CAP,"[""BINDING_CEILING_MANUAL_CAP""]"
2026-02-14T21:02:52Z,JB-RGB6-LZOJ,,,7.49,9.99,7.49,ELIGIBILITY,"[""BINDING_CEILING_ELIGIBILITY""]"
2026-02-14T21:02:52Z,RZ-6ZL9-CZ7J,,,7.99,7.99,7.99,MANUAL_CAP,"[""BINDING_CEILING_MANUAL_CAP""]"
2026-02-14T21:02:52Z,TJ-6LOP-OPEU,,,9.00,9.00,9.00,MANUAL_CAP,"[""BINDING_CEILING_MANUAL_CAP""]"
2026-02-14T21:02:52Z,VF-3T0K-DR5O,,,9.99,9.99,9.99,MANUAL_CAP,"[""BINDING_CEILING_MANUAL_CAP""]"
2026-02-14T21:02:52Z,XH-0LAE-FQO5,,,8.99,8.99,8.99,MANUAL_CAP,"[""BINDING_CEILING_MANUAL_CAP""]"
2026-02-14T21:02:52Z,XY-UM2X-TPS3,,,15.00,15.00,15.00,MANUAL_CAP,"[""BINDING_CEILING_MANUAL_CAP""]"
2026-02-14T21:02:52Z,YC-3L3M-BV48,,,109.45,109.45,109.45,MANUAL_CAP,"[""BINDING_CEILING_MANUAL_CAP""]"
2026-02-14T21:27:52Z,4W-VS57-BV6A,,,44.99,44.99,44.99,MANUAL_CAP,"[""BINDING_CEILING_MANUAL_CAP""]"
2026-02-14T21:27:52Z,6V-EEC1-2S9Z,,,10.64,10.64,10.64,MANUAL_CAP,"[""BINDING_CEILING_MANUAL_CAP""]"
2026-02-14T21:27:52Z,AX-NKNU-29C1,,,3.99,3.99,3.99,MANUAL_CAP,"[""BINDING_CEILING_MANUAL_CAP""]"
2026-02-14T21:27:52Z,JB-RGB6-LZOJ,,,7.49,9.99,7.49,ELIGIBILITY,"[""BINDING_CEILING_ELIGIBILITY""]"
2026-02-14T21:27:52Z,RZ-6ZL9-CZ7J,,,7.99,7.99,7.99,MANUAL_CAP,"[""BINDING_CEILING_MANUAL_CAP""]"
2026-02-14T21:27:52Z,TJ-6LOP-OPEU,,,9.00,9.00,9.00,MANUAL_CAP,"[""BINDING_CEILING_MANUAL_CAP""]"
2026-02-14T21:27:52Z,VF-3T0K-DR5O,,,9.99,9.99,9.99,MANUAL_CAP,"[""BINDING_CEILING_MANUAL_CAP""]"
2026-02-14T21:27:52Z,XH-0LAE-FQO5,,,8.99,8.99,8.99,MANUAL_CAP,"[""BINDING_CEILING_MANUAL_CAP""]"
2026-02-14T21:27:52Z,XY-UM2X-TPS3,,,15.00,15.00,15.00,MANUAL_CAP,"[""BINDING_CEILING_MANUAL_CAP""]"
2026-02-14T21:27:52Z,YC-3L3M-BV48,,,109.45,109.45,109.45,MANUAL_CAP,"[""BINDING_CEILING_MANUAL_CAP""]"
2026-02-14T21:52:52Z,4W-VS57-BV6A,,,44.99,44.99,44.99,MANUAL_CAP,"[""BINDING_CEILING_MANUAL_CAP""]"
2026-02-14T21:52:52Z,6V-EEC1-2S9Z,,,10.64,10.64,10.64,MANUAL_CAP,"[""BINDING_CEILING_MANUAL_CAP""]"
2026-02-14T21:52:52Z,AX-NKNU-29C1,,,3.99,3.99,3.99,MANUAL_CAP,"[""BINDING_CEILING_MANUAL_CAP""]"
2026-02-14T21:52:52Z,JB-RGB6-LZOJ,,,7.49,9.99,7.49,ELIGIBILITY,"[""BINDING_CEILING_ELIGIBILITY""]"
2026-02-14T21:52:52Z,RZ-6ZL9-CZ7J,,,7.99,7.99,7.99,MANUAL_CAP,"[""BINDING_CEILING_MANUAL_CAP""]"
2026-02-14T21:52:52Z,TJ-6LOP-OPEU,,,9.00,9.00,9.00,MANUAL_CAP,"[""BINDING_CEILING_MANUAL_CAP""]"
2026-02-14T21:52:52Z,VF-3T0K-DR5O,,,9.99,9.99,9.99,MANUAL_CAP,"[""BINDING_CEILING_MANUAL_CAP""]"
2026-02-14T21:52:52Z,XH-0LAE-FQO5,,,8.99,8.99,8.99,MANUAL_CAP,"[""BINDING_CEILING_MANUAL_CAP""]"
2026-02-14T21:52:52Z,XY-UM2X-TPS3,,,15.00,15.00,15.00,MANUAL_CAP,"[""BINDING_CEILING_MANUAL_CAP""]"
2026-02-14T21:52:52Z,YC-3L3M-BV48,,,109.45,109.45,109.45,MANUAL_CAP,"[""BINDING_CEILING_MANUAL_CAP""]"
2026-02-14T22:17:54Z,4W-VS57-BV6A,,,44.99,44.99,44.99,MANUAL_CAP,"[""BINDING_CEILING_MANUAL_CAP""]"
2026-02-14T22:17:54Z,6V-EEC1-2S9Z,,,10.64,10.64,10.64,MANUAL_CAP,"[""BINDING_CEILING_MANUAL_CAP""]"
2026-02-14T22:17:54Z,AX-NKNU-29C1,,,3.99,3.99,3.99,MANUAL_CAP,"[""BINDING_CEILING_MANUAL_CAP""]"
2026-02-14T22:17:54Z,JB-RGB6-LZOJ,,,7.49,9.99,7.49,ELIGIBILITY,"[""BINDING_CEILING_ELIGIBILITY""]"
2026-02-14T22:17:54Z,RZ-6ZL9-CZ7J,,,7.99,7.99,7.99,MANUAL_CAP,"[""BINDING_CEILING_MANUAL_CAP""]"
2026-02-14T22:17:54Z,TJ-6LOP-OPEU,,,9.00,9.00,9.00,MANUAL_CAP,"[""BINDING_CEILING_MANUAL_CAP""]"
2026-02-14T22:17:54Z,VF-3T0K-DR5O,,,9.99,9.99,9.99,MANUAL_CAP,"[""BINDING_CEILING_MANUAL_CAP""]"
2026-02-14T22:17:54Z,XH-0LAE-FQO5,,,8.99,8.99,8.99,MANUAL_CAP,"[""BINDING_CEILING_MANUAL_CAP""]"
2026-02-14T22:17:54Z,XY-UM2X-TPS3,,,15.00,15.00,15.00,MANUAL_CAP,"[""BINDING_CEILING_MANUAL_CAP""]"
2026-02-14T22:17:54Z,YC-3L3M-BV48,,,109.45,109.45,109.45,MANUAL_CAP,"[""BINDING_CEILING_MANUAL_CAP""]"
2026-02-14T22:42:55Z,4W-VS57-BV6A,,,44.99,44.99,44.99,MANUAL_CAP,"[""BINDING_CEILING_MANUAL_CAP""]"
2026-02-14T22:42:55Z,6V-EEC1-2S9Z,,,10.64,10.64,10.64,MANUAL_CAP,"[""BINDING_CEILING_MANUAL_CAP""]"
2026-02-14T22:42:55Z,AX-NKNU-29C1,,,3.99,3.99,3.99,MANUAL_CAP,"[""BINDING_CEILING_MANUAL_CAP""]"
2026-02-14T22:42:55Z,JB-RGB6-LZOJ,,,7.49,9.99,7.49,ELIGIBILITY,"[""BINDING_CEILING_ELIGIBILITY""]"
2026-02-14T22:42:55Z,RZ-6ZL9-CZ7J,,,7.99,7.99,7.99,MANUAL_CAP,"[""BINDING_CEILING_MANUAL_CAP""]"
2026-02-14T22:42:55Z,TJ-6LOP-OPEU,,,9.00,9.00,9.00,MANUAL_CAP,"[""BINDING_CEILING_MANUAL_CAP""]"
2026-02-14T22:42:55Z,VF-3T0K-DR5O,,,9.99,9.99,9.99,MANUAL_CAP,"[""BINDING_CEILING_MANUAL_CAP""]"
2026-02-14T22:42:55Z,XH-0LAE-FQO5,,,8.99,8.99,8.99,MANUAL_CAP,"[""BINDING_CEILING_MANUAL_CAP""]"
2026-02-14T22:42:55Z,XY-UM2X-TPS3,,,15.00,15.00,15.00,MANUAL_CAP,"[""BINDING_CEILING_MANUAL_CAP""]"
2026-02-14T22:42:55Z,YC-3L3M-BV48,,,109.45,109.45,109.45,MANUAL_CAP,"[""BINDING_CEILING_MANUAL_CAP""]"
2026-02-14T23:07:54Z,4W-VS57-BV6A,,,44.99,44.99,44.99,MANUAL_CAP,"[""BINDING_CEILING_MANUAL_CAP""]"
2026-02-14T23:07:54Z,6V-EEC1-2S9Z,,,10.64,10.64,10.64,MANUAL_CAP,"[""BINDING_CEILING_MANUAL_CAP""]"
2026-02-14T23:07:54Z,AX-NKNU-29C1,,,3.99,3.99,3.99,MANUAL_CAP,"[""BINDING_CEILING_MANUAL_CAP""]"
2026-02-14T23:07:54Z,JB-RGB6-LZOJ,,,7.49,9.99,7.49,ELIGIBILITY,"[""BINDING_CEILING_ELIGIBILITY""]"
2026-02-14T23:07:54Z,RZ-6ZL9-CZ7J,,,7.99,7.99,7.99,MANUAL_CAP,"[""BINDING_CEILING_MANUAL_CAP""]"
2026-02-14T23:07:54Z,TJ-6LOP-OPEU,,,9.00,9.00,9.00,MANUAL_CAP,"[""BINDING_CEILING_MANUAL_CAP""]"
2026-02-14T23:07:54Z,VF-3T0K-DR5O,,,9.99,9.99,9.99,MANUAL_CAP,"[""BINDING_CEILING_MANUAL_CAP""]"
2026-02-14T23:07:54Z,XH-0LAE-FQO5,,,8.99,8.99,8.99,MANUAL_CAP,"[""BINDING_CEILING_MANUAL_CAP""]"
2026-02-14T23:07:54Z,XY-UM2X-TPS3,,,15.00,15.00,15.00,MANUAL_CAP,"[""BINDING_CEILING_MANUAL_CAP""]"
2026-02-14T23:07:54Z,YC-3L3M-BV48,,,109.45,109.45,109.45,MANUAL_CAP,"[""BINDING_CEILING_MANUAL_CAP""]"
2026-02-14T23:33:01Z,4W-VS57-BV6A,,,44.99,44.99,44.99,MANUAL_CAP,"[""BINDING_CEILING_MANUAL_CAP""]"
2026-02-14T23:33:01Z,6V-EEC1-2S9Z,,,10.64,10.64,10.64,MANUAL_CAP,"[""BINDING_CEILING_MANUAL_CAP""]"
2026-02-14T23:33:01Z,AX-NKNU-29C1,,,3.99,3.99,3.99,MANUAL_CAP,"[""BINDING_CEILING_MANUAL_CAP""]"
2026-02-14T23:33:01Z,JB-RGB6-LZOJ,,,7.49,9.99,7.49,ELIGIBILITY,"[""BINDING_CEILING_ELIGIBILITY""]"
2026-02-14T23:33:01Z,RZ-6ZL9-CZ7J,,,7.99,7.99,7.99,MANUAL_CAP,"[""BINDING_CEILING_MANUAL_CAP""]"
2026-02-14T23:33:01Z,TJ-6LOP-OPEU,,,9.00,9.00,9.00,MANUAL_CAP,"[""BINDING_CEILING_MANUAL_CAP""]"
2026-02-14T23:33:01Z,VF-3T0K-DR5O,,,9.99,9.99,9.99,MANUAL_CAP,"[""BINDING_CEILING_MANUAL_CAP""]"
2026-02-14T23:33:01Z,XH-0LAE-FQO5,,,8.99,8.99,8.99,MANUAL_CAP,"[""BINDING_CEILING_MANUAL_CAP""]"
2026-02-14T23:33:01Z,XY-UM2X-TPS3,,,15.00,15.00,15.00,MANUAL_CAP,"[""BINDING_CEILING_MANUAL_CAP""]"
2026-02-14T23:33:01Z,YC-3L3M-BV48,,,109.45,109.45,109.45,MANUAL_CAP,"[""BINDING_CEILING_MANUAL_CAP""]"
2026-02-14T23:58:09Z,4W-VS57-BV6A,,,44.99,44.99,44.99,MANUAL_CAP,"[""BINDING_CEILING_MANUAL_CAP""]"
2026-02-14T23:58:09Z,6V-EEC1-2S9Z,,,10.64,10.64,10.64,MANUAL_CAP,"[""BINDING_CEILING_MANUAL_CAP""]"
2026-02-14T23:58:09Z,AX-NKNU-29C1,,,3.99,3.99,3.99,MANUAL_CAP,"[""BINDING_CEILING_MANUAL_CAP""]"
2026-02-14T23:58:09Z,JB-RGB6-LZOJ,,,7.49,9.99,7.49,ELIGIBILITY,"[""BINDING_CEILING_ELIGIBILITY""]"
2026-02-14T23:58:09Z,RZ-6ZL9-CZ7J,,,7.99,7.99,7.99,MANUAL_CAP,"[""BINDING_CEILING_MANUAL_CAP""]"
2026-02-14T23:58:09Z,TJ-6LOP-OPEU,,,9.00,9.00,9.00,MANUAL_CAP,"[""BINDING_CEILING_MANUAL_CAP""]"
2026-02-14T23:58:09Z,VF-3T0K-DR5O,,,9.99,9.99,9.99,MANUAL_CAP,"[""BINDING_CEILING_MANUAL_CAP""]"
2026-02-14T23:58:09Z,XH-0LAE-FQO5,,,8.99,8.99,8.99,MANUAL_CAP,"[""BINDING_CEILING_MANUAL_CAP""]"
2026-02-14T23:58:09Z,XY-UM2X-TPS3,,,15.00,15.00,15.00,MANUAL_CAP,"[""BINDING_CEILING_MANUAL_CAP""]"
2026-02-14T23:58:09Z,YC-3L3M-BV48,,,109.45,109.45,109.45,MANUAL_CAP,"[""BINDING_CEILING_MANUAL_CAP""]"
2026-02-15T00:23:18Z,4W-VS57-BV6A,,,44.99,44.99,44.99,MANUAL_CAP,"[""BINDING_CEILING_MANUAL_CAP""]"
2026-02-15T00:23:18Z,6V-EEC1-2S9Z,,,10.64,10.64,10.64,MANUAL_CAP,"[""BINDING_CEILING_MANUAL_CAP""]"
2026-02-15T00:23:18Z,AX-NKNU-29C1,,,3.99,3.99,3.99,MANUAL_CAP,"[""BINDING_CEILING_MANUAL_CAP""]"
2026-02-15T00:23:18Z,JB-RGB6-LZOJ,,,7.49,9.99,7.49,ELIGIBILITY,"[""BINDING_CEILING_ELIGIBILITY""]"
2026-02-15T00:23:18Z,RZ-6ZL9-CZ7J,,,7.99,7.99,7.99,MANUAL_CAP,"[""BINDING_CEILING_MANUAL_CAP""]"
2026-02-15T00:23:18Z,TJ-6LOP-OPEU,,,9.00,9.00,9.00,MANUAL_CAP,"[""BINDING_CEILING_MANUAL_CAP""]"
2026-02-15T00:23:18Z,VF-3T0K-DR5O,,,9.99,9.99,9.99,MANUAL_CAP,"[""BINDING_CEILING_MANUAL_CAP""]"
2026-02-15T00:23:18Z,XH-0LAE-FQO5,,,8.99,8.99,8.99,MANUAL_CAP,"[""BINDING_CEILING_MANUAL_CAP""]"
2026-02-15T00:23:18Z,XY-UM2X-TPS3,,,15.00,15.00,15.00,MANUAL_CAP,"[""BINDING_CEILING_MANUAL_CAP""]"
2026-02-15T00:23:18Z,YC-3L3M-BV48,,,109.45,109.45,109.45,MANUAL_CAP,"[""BINDING_CEILING_MANUAL_CAP""]"
2026-02-15T00:48:21Z,4W-VS57-BV6A,,,44.99,44.99,44.99,MANUAL_CAP,"[""BINDING_CEILING_MANUAL_CAP""]"
2026-02-15T00:48:21Z,6V-EEC1-2S9Z,,,10.64,10.64,10.64,MANUAL_CAP,"[""BINDING_CEILING_MANUAL_CAP""]"
2026-02-15T00:48:21Z,AX-NKNU-29C1,,,3.99,3.99,3.99,MANUAL_CAP,"[""BINDING_CEILING_MANUAL_CAP""]"
2026-02-15T00:48:21Z,JB-RGB6-LZOJ,,,7.49,9.99,7.49,ELIGIBILITY,"[""BINDING_CEILING_ELIGIBILITY""]"
2026-02-15T00:48:21Z,RZ-6ZL9-CZ7J,,,7.99,7.99,7.99,MANUAL_CAP,"[""BINDING_CEILING_MANUAL_CAP""]"
2026-02-15T00:48:21Z,TJ-6LOP-OPEU,,,9.00,9.00,9.00,MANUAL_CAP,"[""BINDING_CEILING_MANUAL_CAP""]"
2026-02-15T00:48:21Z,VF-3T0K-DR5O,,,9.99,9.99,9.99,MANUAL_CAP,"[""BINDING_CEILING_MANUAL_CAP""]"
2026-02-15T00:48:21Z,XH-0LAE-FQO5,,,8.99,8.99,8.99,MANUAL_CAP,"[""BINDING_CEILING_MANUAL_CAP""]"
2026-02-15T00:48:21Z,XY-UM2X-TPS3,,,15.00,15.00,15.00,MANUAL_CAP,"[""BINDING_CEILING_MANUAL_CAP""]"
2026-02-15T00:48:21Z,YC-3L3M-BV48,,,109.45,109.45,109.45,MANUAL_CAP,"[""BINDING_CEILING_MANUAL_CAP""]"
2026-02-15T01:13:32Z,4W-VS57-BV6A,,,44.99,44.99,44.99,MANUAL_CAP,"[""BINDING_CEILING_MANUAL_CAP""]"
2026-02-15T01:13:32Z,6V-EEC1-2S9Z,,,10.64,10.64,10.64,MANUAL_CAP,"[""BINDING_CEILING_MANUAL_CAP""]"
2026-02-15T01:13:32Z,AX-NKNU-29C1,,,3.99,3.99,3.99,MANUAL_CAP,"[""BINDING_CEILING_MANUAL_CAP""]"
2026-02-15T01:13:32Z,JB-RGB6-LZOJ,,,7.49,9.99,7.49,ELIGIBILITY,"[""BINDING_CEILING_ELIGIBILITY""]"
2026-02-15T01:13:32Z,RZ-6ZL9-CZ7J,,,7.99,7.99,7.99,MANUAL_CAP,"[""BINDING_CEILING_MANUAL_CAP""]"
2026-02-15T01:13:32Z,TJ-6LOP-OPEU,,,9.00,9.00,9.00,MANUAL_CAP,"[""BINDING_CEILING_MANUAL_CAP""]"
2026-02-15T01:13:32Z,VF-3T0K-DR5O,,,9.99,9.99,9.99,MANUAL_CAP,"[""BINDING_CEILING_MANUAL_CAP""]"
2026-02-15T01:13:32Z,XH-0LAE-FQO5,,,8.99,8.99,8.99,MANUAL_CAP,"[""BINDING_CEILING_MANUAL_CAP""]"
2026-02-15T01:13:32Z,XY-UM2X-TPS3,,,15.00,15.00,15.00,MANUAL_CAP,"[""BINDING_CEILING_MANUAL_CAP""]"
2026-02-15T01:13:32Z,YC-3L3M-BV48,,,109.45,109.45,109.45,MANUAL_CAP,"[""BINDING_CEILING_MANUAL_CAP""]"
2026-02-15T01:38:33Z,4W-VS57-BV6A,,,44.99,44.99,44.99,MANUAL_CAP,"[""BINDING_CEILING_MANUAL_CAP""]"
2026-02-15T01:38:33Z,6V-EEC1-2S9Z,,,10.64,10.64,10.64,MANUAL_CAP,"[""BINDING_CEILING_MANUAL_CAP""]"
2026-02-15T01:38:33Z,AX-NKNU-29C1,,,3.99,3.99,3.99,MANUAL_CAP,"[""BINDING_CEILING_MANUAL_CAP""]"
2026-02-15T01:38:33Z,JB-RGB6-LZOJ,,,7.49,9.99,7.49,ELIGIBILITY,"[""BINDING_CEILING_ELIGIBILITY""]"
2026-02-15T01:38:33Z,RZ-6ZL9-CZ7J,,,7.99,7.99,7.99,MANUAL_CAP,"[""BINDING_CEILING_MANUAL_CAP""]"
2026-02-15T01:38:33Z,TJ-6LOP-OPEU,,,9.00,9.00,9.00,MANUAL_CAP,"[""BINDING_CEILING_MANUAL_CAP""]"
2026-02-15T01:38:33Z,VF-3T0K-DR5O,,,9.99,9.99,9.99,MANUAL_CAP,"[""BINDING_CEILING_MANUAL_CAP""]"
2026-02-15T01:38:33Z,XH-0LAE-FQO5,,,8.99,8.99,8.99,MANUAL_CAP,"[""BINDING_CEILING_MANUAL_CAP""]"
2026-02-15T01:38:33Z,XY-UM2X-TPS3,,,15.00,15.00,15.00,MANUAL_CAP,"[""BINDING_CEILING_MANUAL_CAP""]"
2026-02-15T01:38:33Z,YC-3L3M-BV48,,,109.45,109.45,109.45,MANUAL_CAP,"[""BINDING_CEILING_MANUAL_CAP""]"
2026-02-15T02:03:37Z,4W-VS57-BV6A,,,44.99,44.99,44.99,MANUAL_CAP,"[""BINDING_CEILING_MANUAL_CAP""]"
2026-02-15T02:03:37Z,6V-EEC1-2S9Z,,,10.64,10.64,10.64,MANUAL_CAP,"[""BINDING_CEILING_MANUAL_CAP""]"
2026-02-15T02:03:37Z,AX-NKNU-29C1,,,3.99,3.99,3.99,MANUAL_CAP,"[""BINDING_CEILING_MANUAL_CAP""]"
2026-02-15T02:03:37Z,JB-RGB6-LZOJ,,,7.49,9.99,7.49,ELIGIBILITY,"[""BINDING_CEILING_ELIGIBILITY""]"
2026-02-15T02:03:37Z,RZ-6ZL9-CZ7J,,,7.99,7.99,7.99,MANUAL_CAP,"[""BINDING_CEILING_MANUAL_CAP""]"
2026-02-15T02:03:37Z,TJ-6LOP-OPEU,,,9.00,9.00,9.00,MANUAL_CAP,"[""BINDING_CEILING_MANUAL_CAP""]"
2026-02-15T02:03:37Z,VF-3T0K-DR5O,,,9.99,9.99,9.99,MANUAL_CAP,"[""BINDING_CEILING_MANUAL_CAP""]"
2026-02-15T02:03:37Z,XH-0LAE-FQO5,,,8.99,8.99,8.99,MANUAL_CAP,"[""BINDING_CEILING_MANUAL_CAP""]"
2026-02-15T02:03:37Z,XY-UM2X-TPS3,,,15.00,15.00,15.00,MANUAL_CAP,"[""BINDING_CEILING_MANUAL_CAP""]"
2026-02-15T02:03:37Z,YC-3L3M-BV48,,,109.45,109.45,109.45,MANUAL_CAP,"[""BINDING_CEILING_MANUAL_CAP""]"
2026-02-15T02:28:44Z,4W-VS57-BV6A,,,44.99,44.99,44.99,MANUAL_CAP,"[""BINDING_CEILING_MANUAL_CAP""]"
2026-02-15T02:28:44Z,6V-EEC1-2S9Z,,,10.64,10.64,10.64,MANUAL_CAP,"[""BINDING_CEILING_MANUAL_CAP""]"
2026-02-15T02:28:44Z,AX-NKNU-29C1,,,3.99,3.99,3.99,MANUAL_CAP,"[""BINDING_CEILING_MANUAL_CAP""]"
2026-02-15T02:28:44Z,JB-RGB6-LZOJ,,,7.49,9.99,7.49,ELIGIBILITY,"[""BINDING_CEILING_ELIGIBILITY""]"
2026-02-15T02:28:44Z,RZ-6ZL9-CZ7J,,,7.99,7.99,7.99,MANUAL_CAP,"[""BINDING_CEILING_MANUAL_CAP""]"
2026-02-15T02:28:44Z,TJ-6LOP-OPEU,,,9.00,9.00,9.00,MANUAL_CAP,"[""BINDING_CEILING_MANUAL_CAP""]"
2026-02-15T02:28:44Z,VF-3T0K-DR5O,,,9.99,9.99,9.99,MANUAL_CAP,"[""BINDING_CEILING_MANUAL_CAP""]"
2026-02-15T02:28:44Z,XH-0LAE-FQO5,,,8.99,8.99,8.99,MANUAL_CAP,"[""BINDING_CEILING_MANUAL_CAP""]"
2026-02-15T02:28:44Z,XY-UM2X-TPS3,,,15.00,15.00,15.00,MANUAL_CAP,"[""BINDING_CEILING_MANUAL_CAP""]"
2026-02-15T02:28:44Z,YC-3L3M-BV48,,,109.45,109.45,109.45,MANUAL_CAP,"[""BINDING_CEILING_MANUAL_CAP""]"
2026-02-15T02:53:45Z,4W-VS57-BV6A,,,44.99,44.99,44.99,MANUAL_CAP,"[""BINDING_CEILING_MANUAL_CAP""]"
2026-02-15T02:53:45Z,6V-EEC1-2S9Z,,,10.64,10.64,10.64,MANUAL_CAP,"[""BINDING_CEILING_MANUAL_CAP""]"
2026-02-15T02:53:45Z,AX-NKNU-29C1,,,3.99,3.99,3.99,MANUAL_CAP,"[""BINDING_CEILING_MANUAL_CAP""]"
2026-02-15T02:53:45Z,JB-RGB6-LZOJ,,,7.49,9.99,7.49,ELIGIBILITY,"[""BINDING_CEILING_ELIGIBILITY""]"
2026-02-15T02:53:45Z,RZ-6ZL9-CZ7J,,,7.99,7.99,7.99,MANUAL_CAP,"[""BINDING_CEILING_MANUAL_CAP""]"
2026-02-15T02:53:45Z,TJ-6LOP-OPEU,,,9.00,9.00,9.00,MANUAL_CAP,"[""BINDING_CEILING_MANUAL_CAP""]"
2026-02-15T02:53:45Z,VF-3T0K-DR5O,,,9.99,9.99,9.99,MANUAL_CAP,"[""BINDING_CEILING_MANUAL_CAP""]"
2026-02-15T02:53:45Z,XH-0LAE-FQO5,,,8.99,8.99,8.99,MANUAL_CAP,"[""BINDING_CEILING_MANUAL_CAP""]"
2026-02-15T02:53:45Z,XY-UM2X-TPS3,,,15.00,15.00,15.00,MANUAL_CAP,"[""BINDING_CEILING_MANUAL_CAP""]"
2026-02-15T02:53:45Z,YC-3L3M-BV48,,,109.45,109.45,109.45,MANUAL_CAP,"[""BINDING_CEILING_MANUAL_CAP""]"
2026-02-15T03:18:46Z,4W-VS57-BV6A,,,44.99,44.99,44.99,MANUAL_CAP,"[""BINDING_CEILING_MANUAL_CAP""]"
2026-02-15T03:18:46Z,6V-EEC1-2S9Z,,,10.64,10.64,10.64,MANUAL_CAP,"[""BINDING_CEILING_MANUAL_CAP""]"
2026-02-15T03:18:46Z,AX-NKNU-29C1,,,3.99,3.99,3.99,MANUAL_CAP,"[""BINDING_CEILING_MANUAL_CAP""]"
2026-02-15T03:18:46Z,JB-RGB6-LZOJ,,,7.49,9.99,7.49,ELIGIBILITY,"[""BINDING_CEILING_ELIGIBILITY""]"
2026-02-15T03:18:46Z,RZ-6ZL9-CZ7J,,,7.99,7.99,7.99,MANUAL_CAP,"[""BINDING_CEILING_MANUAL_CAP""]"
2026-02-15T03:18:46Z,TJ-6LOP-OPEU,,,9.00,9.00,9.00,MANUAL_CAP,"[""BINDING_CEILING_MANUAL_CAP""]"
2026-02-15T03:18:46Z,VF-3T0K-DR5O,,,9.99,9.99,9.99,MANUAL_CAP,"[""BINDING_CEILING_MANUAL_CAP""]"
2026-02-15T03:18:46Z,XH-0LAE-FQO5,,,8.99,8.99,8.99,MANUAL_CAP,"[""BINDING_CEILING_MANUAL_CAP""]"
2026-02-15T03:18:46Z,XY-UM2X-TPS3,,,15.00,15.00,15.00,MANUAL_CAP,"[""BINDING_CEILING_MANUAL_CAP""]"
2026-02-15T03:18:46Z,YC-3L3M-BV48,,,109.45,109.45,109.45,MANUAL_CAP,"[""BINDING_CEILING_MANUAL_CAP""]"
2026-02-15T03:43:49Z,4W-VS57-BV6A,,,44.99,44.99,44.99,MANUAL_CAP,"[""BINDING_CEILING_MANUAL_CAP""]"
2026-02-15T03:43:49Z,6V-EEC1-2S9Z,,,10.64,10.64,10.64,MANUAL_CAP,"[""BINDING_CEILING_MANUAL_CAP""]"
2026-02-15T03:43:49Z,AX-NKNU-29C1,,,3.99,3.99,3.99,MANUAL_CAP,"[""BINDING_CEILING_MANUAL_CAP""]"
2026-02-15T03:43:49Z,JB-RGB6-LZOJ,,,7.49,9.99,7.49,ELIGIBILITY,"[""BINDING_CEILING_ELIGIBILITY""]"
2026-02-15T03:43:49Z,RZ-6ZL9-CZ7J,,,7.99,7.99,7.99,MANUAL_CAP,"[""BINDING_CEILING_MANUAL_CAP""]"
2026-02-15T03:43:49Z,TJ-6LOP-OPEU,,,9.00,9.00,9.00,MANUAL_CAP,"[""BINDING_CEILING_MANUAL_CAP""]"
2026-02-15T03:43:49Z,VF-3T0K-DR5O,,,9.99,9.99,9.99,MANUAL_CAP,"[""BINDING_CEILING_MANUAL_CAP""]"
2026-02-15T03:43:49Z,XH-0LAE-FQO5,,,8.99,8.99,8.99,MANUAL_CAP,"[""BINDING_CEILING_MANUAL_CAP""]"
2026-02-15T03:43:49Z,XY-UM2X-TPS3,,,15.00,15.00,15.00,MANUAL_CAP,"[""BINDING_CEILING_MANUAL_CAP""]"
2026-02-15T03:43:49Z,YC-3L3M-BV48,,,109.45,109.45,109.45,MANUAL_CAP,"[""BINDING_CEILING_MANUAL_CAP""]"
2026-02-15T04:08:58Z,4W-VS57-BV6A,,,44.99,44.99,44.99,MANUAL_CAP,"[""BINDING_CEILING_MANUAL_CAP""]"
2026-02-15T04:08:58Z,6V-EEC1-2S9Z,,,10.64,10.64,10.64,MANUAL_CAP,"[""BINDING_CEILING_MANUAL_CAP""]"
2026-02-15T04:08:58Z,AX-NKNU-29C1,,,3.99,3.99,3.99,MANUAL_CAP,"[""BINDING_CEILING_MANUAL_CAP""]"
2026-02-15T04:08:58Z,JB-RGB6-LZOJ,,,7.49,9.99,7.49,ELIGIBILITY,"[""BINDING_CEILING_ELIGIBILITY""]"
2026-02-15T04:08:58Z,RZ-6ZL9-CZ7J,,,7.99,7.99,7.99,MANUAL_CAP,"[""BINDING_CEILING_MANUAL_CAP""]"
2026-02-15T04:08:58Z,TJ-6LOP-OPEU,,,9.00,9.00,9.00,MANUAL_CAP,"[""BINDING_CEILING_MANUAL_CAP""]"
2026-02-15T04:08:58Z,VF-3T0K-DR5O,,,9.99,9.99,9.99,MANUAL_CAP,"[""BINDING_CEILING_MANUAL_CAP""]"
2026-02-15T04:08:58Z,XH-0LAE-FQO5,,,8.99,8.99,8.99,MANUAL_CAP,"[""BINDING_CEILING_MANUAL_CAP""]"
2026-02-15T04:08:58Z,XY-UM2X-TPS3,,,15.00,15.00,15.00,MANUAL_CAP,"[""BINDING_CEILING_MANUAL_CAP""]"
2026-02-15T04:08:58Z,YC-3L3M-BV48,,,109.45,109.45,109.45,MANUAL_CAP,"[""BINDING_CEILING_MANUAL_CAP""]"
2026-02-15T04:34:01Z,4W-VS57-BV6A,,,44.99,44.99,44.99,MANUAL_CAP,"[""BINDING_CEILING_MANUAL_CAP""]"
2026-02-15T04:34:01Z,6V-EEC1-2S9Z,,,10.64,10.64,10.64,MANUAL_CAP,"[""BINDING_CEILING_MANUAL_CAP""]"
2026-02-15T04:34:01Z,AX-NKNU-29C1,,,3.99,3.99,3.99,MANUAL_CAP,"[""BINDING_CEILING_MANUAL_CAP""]"
2026-02-15T04:34:01Z,JB-RGB6-LZOJ,,,7.49,9.99,7.49,ELIGIBILITY,"[""BINDING_CEILING_ELIGIBILITY""]"
2026-02-15T04:34:01Z,RZ-6ZL9-CZ7J,,,7.99,7.99,7.99,MANUAL_CAP,"[""BINDING_CEILING_MANUAL_CAP""]"
2026-02-15T04:34:01Z,TJ-6LOP-OPEU,,,9.00,9.00,9.00,MANUAL_CAP,"[""BINDING_CEILING_MANUAL_CAP""]"
2026-02-15T04:34:01Z,VF-3T0K-DR5O,,,9.99,9.99,9.99,MANUAL_CAP,"[""BINDING_CEILING_MANUAL_CAP""]"
2026-02-15T04:34:01Z,XH-0LAE-FQO5,,,8.99,8.99,8.99,MANUAL_CAP,"[""BINDING_CEILING_MANUAL_CAP""]"
2026-02-15T04:34:01Z,XY-UM2X-TPS3,,,15.00,15.00,15.00,MANUAL_CAP,"[""BINDING_CEILING_MANUAL_CAP""]"
2026-02-15T04:34:01Z,YC-3L3M-BV48,,,109.45,109.45,109.45,MANUAL_CAP,"[""BINDING_CEILING_MANUAL_CAP""]"
2026-02-15T04:59:00Z,4W-VS57-BV6A,,,44.99,44.99,44.99,MANUAL_CAP,"[""BINDING_CEILING_MANUAL_CAP""]"
2026-02-15T04:59:00Z,6V-EEC1-2S9Z,,,10.64,10.64,10.64,MANUAL_CAP,"[""BINDING_CEILING_MANUAL_CAP""]"
2026-02-15T04:59:00Z,AX-NKNU-29C1,,,3.99,3.99,3.99,MANUAL_CAP,"[""BINDING_CEILING_MANUAL_CAP""]"
2026-02-15T04:59:00Z,JB-RGB6-LZOJ,,,7.49,9.99,7.49,ELIGIBILITY,"[""BINDING_CEILING_ELIGIBILITY""]"
2026-02-15T04:59:00Z,RZ-6ZL9-CZ7J,,,7.99,7.99,7.99,MANUAL_CAP,"[""BINDING_CEILING_MANUAL_CAP""]"
2026-02-15T04:59:00Z,TJ-6LOP-OPEU,,,9.00,9.00,9.00,MANUAL_CAP,"[""BINDING_CEILING_MANUAL_CAP""]"
2026-02-15T04:59:00Z,VF-3T0K-DR5O,,,9.99,9.99,9.99,MANUAL_CAP,"[""BINDING_CEILING_MANUAL_CAP""]"
2026-02-15T04:59:00Z,XH-0LAE-FQO5,,,8.99,8.99,8.99,MANUAL_CAP,"[""BINDING_CEILING_MANUAL_CAP""]"
2026-02-15T04:59:00Z,XY-UM2X-TPS3,,,15.00,15.00,15.00,MANUAL_CAP,"[""BINDING_CEILING_MANUAL_CAP""]"
2026-02-15T04:59:00Z,YC-3L3M-BV48,,,109.45,109.45,109.45,MANUAL_CAP,"[""BINDING_CEILING_MANUAL_CAP""]"
2026-02-15T05:24:07Z,4W-VS57-BV6A,,,44.99,44.99,44.99,MANUAL_CAP,"[""BINDING_CEILING_MANUAL_CAP""]"
2026-02-15T05:24:07Z,6V-EEC1-2S9Z,,,10.64,10.64,10.64,MANUAL_CAP,"[""BINDING_CEILING_MANUAL_CAP""]"
2026-02-15T05:24:07Z,AX-NKNU-29C1,,,3.99,3.99,3.99,MANUAL_CAP,"[""BINDING_CEILING_MANUAL_CAP""]"
2026-02-15T05:24:07Z,JB-RGB6-LZOJ,,,7.49,9.99,7.49,ELIGIBILITY,"[""BINDING_CEILING_ELIGIBILITY""]"
2026-02-15T05:24:07Z,RZ-6ZL9-CZ7J,,,7.99,7.99,7.99,MANUAL_CAP,"[""BINDING_CEILING_MANUAL_CAP""]"
2026-02-15T05:24:07Z,TJ-6LOP-OPEU,,,9.00,9.00,9.00,MANUAL_CAP,"[""BINDING_CEILING_MANUAL_CAP""]"
2026-02-15T05:24:07Z,VF-3T0K-DR5O,,,9.99,9.99,9.99,MANUAL_CAP,"[""BINDING_CEILING_MANUAL_CAP""]"
2026-02-15T05:24:07Z,XH-0LAE-FQO5,,,8.99,8.99,8.99,MANUAL_CAP,"[""BINDING_CEILING_MANUAL_CAP""]"
2026-02-15T05:24:07Z,XY-UM2X-TPS3,,,15.00,15.00,15.00,MANUAL_CAP,"[""BINDING_CEILING_MANUAL_CAP""]"
2026-02-15T05:24:07Z,YC-3L3M-BV48,,,109.45,109.45,109.45,MANUAL_CAP,"[""BINDING_CEILING_MANUAL_CAP""]"
2026-02-15T05:49:07Z,4W-VS57-BV6A,,,44.99,44.99,44.99,MANUAL_CAP,"[""BINDING_CEILING_MANUAL_CAP""]"
2026-02-15T05:49:07Z,6V-EEC1-2S9Z,,,10.64,10.64,10.64,MANUAL_CAP,"[""BINDING_CEILING_MANUAL_CAP""]"
2026-02-15T05:49:07Z,AX-NKNU-29C1,,,3.99,3.99,3.99,MANUAL_CAP,"[""BINDING_CEILING_MANUAL_CAP""]"
2026-02-15T05:49:07Z,JB-RGB6-LZOJ,,,7.49,9.99,7.49,ELIGIBILITY,"[""BINDING_CEILING_ELIGIBILITY""]"
2026-02-15T05:49:07Z,RZ-6ZL9-CZ7J,,,7.99,7.99,7.99,MANUAL_CAP,"[""BINDING_CEILING_MANUAL_CAP""]"
2026-02-15T05:49:07Z,TJ-6LOP-OPEU,,,9.00,9.00,9.00,MANUAL_CAP,"[""BINDING_CEILING_MANUAL_CAP""]"
2026-02-15T05:49:07Z,VF-3T0K-DR5O,,,9.99,9.99,9.99,MANUAL_CAP,"[""BINDING_CEILING_MANUAL_CAP""]"
2026-02-15T05:49:07Z,XH-0LAE-FQO5,,,8.99,8.99,8.99,MANUAL_CAP,"[""BINDING_CEILING_MANUAL_CAP""]"
2026-02-15T05:49:07Z,XY-UM2X-TPS3,,,15.00,15.00,15.00,MANUAL_CAP,"[""BINDING_CEILING_MANUAL_CAP""]"
2026-02-15T05:49:07Z,YC-3L3M-BV48,,,109.45,109.45,109.45,MANUAL_CAP,"[""BINDING_CEILING_MANUAL_CAP""]"
2026-02-15T06:14:19Z,4W-VS57-BV6A,,,44.99,44.99,44.99,MANUAL_CAP,"[""BINDING_CEILING_MANUAL_CAP""]"
2026-02-15T06:14:19Z,6V-EEC1-2S9Z,,,10.64,10.64,10.64,MANUAL_CAP,"[""BINDING_CEILING_MANUAL_CAP""]"
2026-02-15T06:14:19Z,AX-NKNU-29C1,,,3.99,3.99,3.99,MANUAL_CAP,"[""BINDING_CEILING_MANUAL_CAP""]"
2026-02-15T06:14:19Z,JB-RGB6-LZOJ,,,7.49,9.99,7.49,ELIGIBILITY,"[""BINDING_CEILING_ELIGIBILITY""]"
2026-02-15T06:14:19Z,RZ-6ZL9-CZ7J,,,7.99,7.99,7.99,MANUAL_CAP,"[""BINDING_CEILING_MANUAL_CAP""]"
2026-02-15T06:14:19Z,TJ-6LOP-OPEU,,,9.00,9.00,9.00,MANUAL_CAP,"[""BINDING_CEILING_MANUAL_CAP""]"
2026-02-15T06:14:19Z,VF-3T0K-DR5O,,,9.99,9.99,9.99,MANUAL_CAP,"[""BINDING_CEILING_MANUAL_CAP""]"
2026-02-15T06:14:19Z,XH-0LAE-FQO5,,,8.99,8.99,8.99,MANUAL_CAP,"[""BINDING_CEILING_MANUAL_CAP""]"
2026-02-15T06:14:19Z,XY-UM2X-TPS3,,,15.00,15.00,15.00,MANUAL_CAP,"[""BINDING_CEILING_MANUAL_CAP""]"
2026-02-15T06:14:19Z,YC-3L3M-BV48,,,109.45,109.45,109.45,MANUAL_CAP,"[""BINDING_CEILING_MANUAL_CAP""]"
2026-02-15T06:39:18Z,4W-VS57-BV6A,,,44.99,44.99,44.99,MANUAL_CAP,"[""BINDING_CEILING_MANUAL_CAP""]"
2026-02-15T06:39:18Z,6V-EEC1-2S9Z,,,10.64,10.64,10.64,MANUAL_CAP,"[""BINDING_CEILING_MANUAL_CAP""]"
2026-02-15T06:39:18Z,AX-NKNU-29C1,,,3.99,3.99,3.99,MANUAL_CAP,"[""BINDING_CEILING_MANUAL_CAP""]"
2026-02-15T06:39:18Z,JB-RGB6-LZOJ,,,7.49,9.99,7.49,ELIGIBILITY,"[""BINDING_CEILING_ELIGIBILITY""]"
2026-02-15T06:39:18Z,RZ-6ZL9-CZ7J,,,7.99,7.99,7.99,MANUAL_CAP,"[""BINDING_CEILING_MANUAL_CAP""]"
2026-02-15T06:39:18Z,TJ-6LOP-OPEU,,,9.00,9.00,9.00,MANUAL_CAP,"[""BINDING_CEILING_MANUAL_CAP""]"
2026-02-15T06:39:18Z,VF-3T0K-DR5O,,,9.99,9.99,9.99,MANUAL_CAP,"[""BINDING_CEILING_MANUAL_CAP""]"
2026-02-15T06:39:18Z,XH-0LAE-FQO5,,,8.99,8.99,8.99,MANUAL_CAP,"[""BINDING_CEILING_MANUAL_CAP""]"
2026-02-15T06:39:18Z,XY-UM2X-TPS3,,,15.00,15.00,15.00,MANUAL_CAP,"[""BINDING_CEILING_MANUAL_CAP""]"
2026-02-15T06:39:18Z,YC-3L3M-BV48,,,109.45,109.45,109.45,MANUAL_CAP,"[""BINDING_CEILING_MANUAL_CAP""]"
2026-02-15T07:04:17Z,4W-VS57-BV6A,,,44.99,44.99,44.99,MANUAL_CAP,"[""BINDING_CEILING_MANUAL_CAP""]"
2026-02-15T07:04:17Z,6V-EEC1-2S9Z,,,10.64,10.64,10.64,MANUAL_CAP,"[""BINDING_CEILING_MANUAL_CAP""]"
2026-02-15T07:04:17Z,AX-NKNU-29C1,,,3.99,3.99,3.99,MANUAL_CAP,"[""BINDING_CEILING_MANUAL_CAP""]"
2026-02-15T07:04:17Z,JB-RGB6-LZOJ,,,7.49,9.99,7.49,ELIGIBILITY,"[""BINDING_CEILING_ELIGIBILITY""]"
2026-02-15T07:04:17Z,RZ-6ZL9-CZ7J,,,7.99,7.99,7.99,MANUAL_CAP,"[""BINDING_CEILING_MANUAL_CAP""]"
2026-02-15T07:04:17Z,TJ-6LOP-OPEU,,,9.00,9.00,9.00,MANUAL_CAP,"[""BINDING_CEILING_MANUAL_CAP""]"
2026-02-15T07:04:17Z,VF-3T0K-DR5O,,,9.99,9.99,9.99,MANUAL_CAP,"[""BINDING_CEILING_MANUAL_CAP""]"
2026-02-15T07:04:17Z,XH-0LAE-FQO5,,,8.99,8.99,8.99,MANUAL_CAP,"[""BINDING_CEILING_MANUAL_CAP""]"
2026-02-15T07:04:17Z,XY-UM2X-TPS3,,,15.00,15.00,15.00,MANUAL_CAP,"[""BINDING_CEILING_MANUAL_CAP""]"
2026-02-15T07:04:17Z,YC-3L3M-BV48,,,109.45,109.45,109.45,MANUAL_CAP,"[""BINDING_CEILING_MANUAL_CAP""]"
2026-02-15T07:29:17Z,4W-VS57-BV6A,,,44.99,44.99,44.99,MANUAL_CAP,"[""BINDING_CEILING_MANUAL_CAP""]"
2026-02-15T07:29:17Z,6V-EEC1-2S9Z,,,10.64,10.64,10.64,MANUAL_CAP,"[""BINDING_CEILING_MANUAL_CAP""]"
2026-02-15T07:29:17Z,AX-NKNU-29C1,,,3.99,3.99,3.99,MANUAL_CAP,"[""BINDING_CEILING_MANUAL_CAP""]"
2026-02-15T07:29:17Z,JB-RGB6-LZOJ,,,7.49,9.99,7.49,ELIGIBILITY,"[""BINDING_CEILING_ELIGIBILITY""]"
2026-02-15T07:29:17Z,RZ-6ZL9-CZ7J,,,7.99,7.99,7.99,MANUAL_CAP,"[""BINDING_CEILING_MANUAL_CAP""]"
2026-02-15T07:29:17Z,TJ-6LOP-OPEU,,,9.00,9.00,9.00,MANUAL_CAP,"[""BINDING_CEILING_MANUAL_CAP""]"
2026-02-15T07:29:17Z,VF-3T0K-DR5O,,,9.99,9.99,9.99,MANUAL_CAP,"[""BINDING_CEILING_MANUAL_CAP""]"
2026-02-15T07:29:17Z,XH-0LAE-FQO5,,,8.99,8.99,8.99,MANUAL_CAP,"[""BINDING_CEILING_MANUAL_CAP""]"
2026-02-15T07:29:17Z,XY-UM2X-TPS3,,,15.00,15.00,15.00,MANUAL_CAP,"[""BINDING_CEILING_MANUAL_CAP""]"
2026-02-15T07:29:17Z,YC-3L3M-BV48,,,109.45,109.45,109.45,MANUAL_CAP,"[""BINDING_CEILING_MANUAL_CAP""]"
2026-02-15T07:54:16Z,4W-VS57-BV6A,,,44.99,44.99,44.99,MANUAL_CAP,"[""BINDING_CEILING_MANUAL_CAP""]"
2026-02-15T07:54:16Z,6V-EEC1-2S9Z,,,10.64,10.64,10.64,MANUAL_CAP,"[""BINDING_CEILING_MANUAL_CAP""]"
2026-02-15T07:54:16Z,AX-NKNU-29C1,,,3.99,3.99,3.99,MANUAL_CAP,"[""BINDING_CEILING_MANUAL_CAP""]"
2026-02-15T07:54:16Z,JB-RGB6-LZOJ,,,7.49,9.99,7.49,ELIGIBILITY,"[""BINDING_CEILING_ELIGIBILITY""]"
2026-02-15T07:54:16Z,RZ-6ZL9-CZ7J,,,7.99,7.99,7.99,MANUAL_CAP,"[""BINDING_CEILING_MANUAL_CAP""]"
2026-02-15T07:54:16Z,TJ-6LOP-OPEU,,,9.00,9.00,9.00,MANUAL_CAP,"[""BINDING_CEILING_MANUAL_CAP""]"
2026-02-15T07:54:16Z,VF-3T0K-DR5O,,,9.99,9.99,9.99,MANUAL_CAP,"[""BINDING_CEILING_MANUAL_CAP""]"
2026-02-15T07:54:16Z,XH-0LAE-FQO5,,,8.99,8.99,8.99,MANUAL_CAP,"[""BINDING_CEILING_MANUAL_CAP""]"
2026-02-15T07:54:16Z,XY-UM2X-TPS3,,,15.00,15.00,15.00,MANUAL_CAP,"[""BINDING_CEILING_MANUAL_CAP""]"
2026-02-15T07:54:16Z,YC-3L3M-BV48,,,109.45,109.45,109.45,MANUAL_CAP,"[""BINDING_CEILING_MANUAL_CAP""]"
2026-02-15T08:19:15Z,4W-VS57-BV6A,,,44.99,44.99,44.99,MANUAL_CAP,"[""BINDING_CEILING_MANUAL_CAP""]"
2026-02-15T08:19:15Z,6V-EEC1-2S9Z,,,10.64,10.64,10.64,MANUAL_CAP,"[""BINDING_CEILING_MANUAL_CAP""]"
2026-02-15T08:19:15Z,AX-NKNU-29C1,,,3.99,3.99,3.99,MANUAL_CAP,"[""BINDING_CEILING_MANUAL_CAP""]"
2026-02-15T08:19:15Z,JB-RGB6-LZOJ,,,7.49,9.99,7.49,ELIGIBILITY,"[""BINDING_CEILING_ELIGIBILITY""]"
2026-02-15T08:19:15Z,RZ-6ZL9-CZ7J,,,7.99,7.99,7.99,MANUAL_CAP,"[""BINDING_CEILING_MANUAL_CAP""]"
2026-02-15T08:19:15Z,TJ-6LOP-OPEU,,,9.00,9.00,9.00,MANUAL_CAP,"[""BINDING_CEILING_MANUAL_CAP""]"
2026-02-15T08:19:15Z,VF-3T0K-DR5O,,,9.99,9.99,9.99,MANUAL_CAP,"[""BINDING_CEILING_MANUAL_CAP""]"
2026-02-15T08:19:15Z,XH-0LAE-FQO5,,,8.99,8.99,8.99,MANUAL_CAP,"[""BINDING_CEILING_MANUAL_CAP""]"
2026-02-15T08:19:15Z,XY-UM2X-TPS3,,,15.00,15.00,15.00,MANUAL_CAP,"[""BINDING_CEILING_MANUAL_CAP""]"
2026-02-15T08:19:15Z,YC-3L3M-BV48,,,109.45,109.45,109.45,MANUAL_CAP,"[""BINDING_CEILING_MANUAL_CAP""]"
2026-02-15T08:44:14Z,4W-VS57-BV6A,,,44.99,44.99,44.99,MANUAL_CAP,"[""BINDING_CEILING_MANUAL_CAP""]"
2026-02-15T08:44:14Z,6V-EEC1-2S9Z,,,10.64,10.64,10.64,MANUAL_CAP,"[""BINDING_CEILING_MANUAL_CAP""]"
2026-02-15T08:44:14Z,AX-NKNU-29C1,,,3.99,3.99,3.99,MANUAL_CAP,"[""BINDING_CEILING_MANUAL_CAP""]"
2026-02-15T08:44:14Z,JB-RGB6-LZOJ,,,7.49,9.99,7.49,ELIGIBILITY,"[""BINDING_CEILING_ELIGIBILITY""]"
2026-02-15T08:44:14Z,RZ-6ZL9-CZ7J,,,7.99,7.99,7.99,MANUAL_CAP,"[""BINDING_CEILING_MANUAL_CAP""]"
2026-02-15T08:44:14Z,TJ-6LOP-OPEU,,,9.00,9.00,9.00,MANUAL_CAP,"[""BINDING_CEILING_MANUAL_CAP""]"
2026-02-15T08:44:14Z,VF-3T0K-DR5O,,,9.99,9.99,9.99,MANUAL_CAP,"[""BINDING_CEILING_MANUAL_CAP""]"
2026-02-15T08:44:14Z,XH-0LAE-FQO5,,,8.99,8.99,8.99,MANUAL_CAP,"[""BINDING_CEILING_MANUAL_CAP""]"
2026-02-15T08:44:14Z,XY-UM2X-TPS3,,,15.00,15.00,15.00,MANUAL_CAP,"[""BINDING_CEILING_MANUAL_CAP""]"
2026-02-15T08:44:14Z,YC-3L3M-BV48,,,109.45,109.45,109.45,MANUAL_CAP,"[""BINDING_CEILING_MANUAL_CAP""]"
2026-02-15T09:09:14Z,4W-VS57-BV6A,,,44.99,44.99,44.99,MANUAL_CAP,"[""BINDING_CEILING_MANUAL_CAP""]"
2026-02-15T09:09:14Z,6V-EEC1-2S9Z,,,10.64,10.64,10.64,MANUAL_CAP,"[""BINDING_CEILING_MANUAL_CAP""]"
2026-02-15T09:09:14Z,AX-NKNU-29C1,,,3.99,3.99,3.99,MANUAL_CAP,"[""BINDING_CEILING_MANUAL_CAP""]"
2026-02-15T09:09:14Z,JB-RGB6-LZOJ,,,7.49,9.99,7.49,ELIGIBILITY,"[""BINDING_CEILING_ELIGIBILITY""]"
2026-02-15T09:09:14Z,RZ-6ZL9-CZ7J,,,7.99,7.99,7.99,MANUAL_CAP,"[""BINDING_CEILING_MANUAL_CAP""]"
2026-02-15T09:09:14Z,TJ-6LOP-OPEU,,,9.00,9.00,9.00,MANUAL_CAP,"[""BINDING_CEILING_MANUAL_CAP""]"
2026-02-15T09:09:14Z,VF-3T0K-DR5O,,,9.99,9.99,9.99,MANUAL_CAP,"[""BINDING_CEILING_MANUAL_CAP""]"
2026-02-15T09:09:14Z,XH-0LAE-FQO5,,,8.99,8.99,8.99,MANUAL_CAP,"[""BINDING_CEILING_MANUAL_CAP""]"
2026-02-15T09:09:14Z,XY-UM2X-TPS3,,,15.00,15.00,15.00,MANUAL_CAP,"[""BINDING_CEILING_MANUAL_CAP""]"
2026-02-15T09:09:14Z,YC-3L3M-BV48,,,109.45,109.45,109.45,MANUAL_CAP,"[""BINDING_CEILING_MANUAL_CAP""]"
2026-02-15T09:34:15Z,4W-VS57-BV6A,,,44.99,44.99,44.99,MANUAL_CAP,"[""BINDING_CEILING_MANUAL_CAP""]"
2026-02-15T09:34:15Z,6V-EEC1-2S9Z,,,10.64,10.64,10.64,MANUAL_CAP,"[""BINDING_CEILING_MANUAL_CAP""]"
2026-02-15T09:34:15Z,AX-NKNU-29C1,,,3.99,3.99,3.99,MANUAL_CAP,"[""BINDING_CEILING_MANUAL_CAP""]"
2026-02-15T09:34:15Z,JB-RGB6-LZOJ,,,7.49,9.99,7.49,ELIGIBILITY,"[""BINDING_CEILING_ELIGIBILITY""]"
2026-02-15T09:34:15Z,RZ-6ZL9-CZ7J,,,7.99,7.99,7.99,MANUAL_CAP,"[""BINDING_CEILING_MANUAL_CAP""]"
2026-02-15T09:34:15Z,TJ-6LOP-OPEU,,,9.00,9.00,9.00,MANUAL_CAP,"[""BINDING_CEILING_MANUAL_CAP""]"
2026-02-15T09:34:15Z,VF-3T0K-DR5O,,,9.99,9.99,9.99,MANUAL_CAP,"[""BINDING_CEILING_MANUAL_CAP""]"
2026-02-15T09:34:15Z,XH-0LAE-FQO5,,,8.99,8.99,8.99,MANUAL_CAP,"[""BINDING_CEILING_MANUAL_CAP""]"
2026-02-15T09:34:15Z,XY-UM2X-TPS3,,,15.00,15.00,15.00,MANUAL_CAP,"[""BINDING_CEILING_MANUAL_CAP""]"
2026-02-15T09:34:15Z,YC-3L3M-BV48,,,109.45,109.45,109.45,MANUAL_CAP,"[""BINDING_CEILING_MANUAL_CAP""]"
2026-02-15T09:59:15Z,4W-VS57-BV6A,,,44.99,44.99,44.99,MANUAL_CAP,"[""BINDING_CEILING_MANUAL_CAP""]"
2026-02-15T09:59:15Z,6V-EEC1-2S9Z,,,10.64,10.64,10.64,MANUAL_CAP,"[""BINDING_CEILING_MANUAL_CAP""]"
2026-02-15T09:59:15Z,AX-NKNU-29C1,,,3.99,3.99,3.99,MANUAL_CAP,"[""BINDING_CEILING_MANUAL_CAP""]"
2026-02-15T09:59:15Z,JB-RGB6-LZOJ,,,7.49,9.99,7.49,ELIGIBILITY,"[""BINDING_CEILING_ELIGIBILITY""]"
2026-02-15T09:59:15Z,RZ-6ZL9-CZ7J,,,7.99,7.99,7.99,MANUAL_CAP,"[""BINDING_CEILING_MANUAL_CAP""]"
2026-02-15T09:59:15Z,TJ-6LOP-OPEU,,,9.00,9.00,9.00,MANUAL_CAP,"[""BINDING_CEILING_MANUAL_CAP""]"
2026-02-15T09:59:15Z,VF-3T0K-DR5O,,,9.99,9.99,9.99,MANUAL_CAP,"[""BINDING_CEILING_MANUAL_CAP""]"
2026-02-15T09:59:15Z,XH-0LAE-FQO5,,,8.99,8.99,8.99,MANUAL_CAP,"[""BINDING_CEILING_MANUAL_CAP""]"
2026-02-15T09:59:15Z,XY-UM2X-TPS3,,,15.00,15.00,15.00,MANUAL_CAP,"[""BINDING_CEILING_MANUAL_CAP""]"
2026-02-15T09:59:15Z,YC-3L3M-BV48,,,109.45,109.45,109.45,MANUAL_CAP,"[""BINDING_CEILING_MANUAL_CAP""]"
2026-02-15T10:24:14Z,4W-VS57-BV6A,,,44.99,44.99,44.99,MANUAL_CAP,"[""BINDING_CEILING_MANUAL_CAP""]"
2026-02-15T10:24:14Z,6V-EEC1-2S9Z,,,10.64,10.64,10.64,MANUAL_CAP,"[""BINDING_CEILING_MANUAL_CAP""]"
2026-02-15T10:24:14Z,AX-NKNU-29C1,,,3.99,3.99,3.99,MANUAL_CAP,"[""BINDING_CEILING_MANUAL_CAP""]"
2026-02-15T10:24:14Z,JB-RGB6-LZOJ,,,7.49,9.99,7.49,ELIGIBILITY,"[""BINDING_CEILING_ELIGIBILITY""]"
2026-02-15T10:24:14Z,RZ-6ZL9-CZ7J,,,7.99,7.99,7.99,MANUAL_CAP,"[""BINDING_CEILING_MANUAL_CAP""]"
2026-02-15T10:24:14Z,TJ-6LOP-OPEU,,,9.00,9.00,9.00,MANUAL_CAP,"[""BINDING_CEILING_MANUAL_CAP""]"
2026-02-15T10:24:14Z,VF-3T0K-DR5O,,,9.99,9.99,9.99,MANUAL_CAP,"[""BINDING_CEILING_MANUAL_CAP""]"
2026-02-15T10:24:14Z,XH-0LAE-FQO5,,,8.99,8.99,8.99,MANUAL_CAP,"[""BINDING_CEILING_MANUAL_CAP""]"
2026-02-15T10:24:14Z,XY-UM2X-TPS3,,,15.00,15.00,15.00,MANUAL_CAP,"[""BINDING_CEILING_MANUAL_CAP""]"
2026-02-15T10:24:14Z,YC-3L3M-BV48,,,109.45,109.45,109.45,MANUAL_CAP,"[""BINDING_CEILING_MANUAL_CAP""]"
2026-02-15T10:49:14Z,4W-VS57-BV6A,,,44.99,44.99,44.99,MANUAL_CAP,"[""BINDING_CEILING_MANUAL_CAP""]"
2026-02-15T10:49:14Z,6V-EEC1-2S9Z,,,10.64,10.64,10.64,MANUAL_CAP,"[""BINDING_CEILING_MANUAL_CAP""]"
2026-02-15T10:49:14Z,AX-NKNU-29C1,,,3.99,3.99,3.99,MANUAL_CAP,"[""BINDING_CEILING_MANUAL_CAP""]"
2026-02-15T10:49:14Z,JB-RGB6-LZOJ,,,7.49,9.99,7.49,ELIGIBILITY,"[""BINDING_CEILING_ELIGIBILITY""]"
2026-02-15T10:49:14Z,RZ-6ZL9-CZ7J,,,7.99,7.99,7.99,MANUAL_CAP,"[""BINDING_CEILING_MANUAL_CAP""]"
2026-02-15T10:49:14Z,TJ-6LOP-OPEU,,,9.00,9.00,9.00,MANUAL_CAP,"[""BINDING_CEILING_MANUAL_CAP""]"
2026-02-15T10:49:14Z,VF-3T0K-DR5O,,,9.99,9.99,9.99,MANUAL_CAP,"[""BINDING_CEILING_MANUAL_CAP""]"
2026-02-15T10:49:14Z,XH-0LAE-FQO5,,,8.99,8.99,8.99,MANUAL_CAP,"[""BINDING_CEILING_MANUAL_CAP""]"
2026-02-15T10:49:14Z,XY-UM2X-TPS3,,,15.00,15.00,15.00,MANUAL_CAP,"[""BINDING_CEILING_MANUAL_CAP""]"
2026-02-15T10:49:14Z,YC-3L3M-BV48,,,109.45,109.45,109.45,MANUAL_CAP,"[""BINDING_CEILING_MANUAL_CAP""]"
2026-02-15T11:14:13Z,4W-VS57-BV6A,,,44.99,44.99,44.99,MANUAL_CAP,"[""BINDING_CEILING_MANUAL_CAP""]"
2026-02-15T11:14:13Z,6V-EEC1-2S9Z,,,10.64,10.64,10.64,MANUAL_CAP,"[""BINDING_CEILING_MANUAL_CAP""]"
2026-02-15T11:14:13Z,AX-NKNU-29C1,,,3.99,3.99,3.99,MANUAL_CAP,"[""BINDING_CEILING_MANUAL_CAP""]"
2026-02-15T11:14:13Z,JB-RGB6-LZOJ,,,7.49,9.99,7.49,ELIGIBILITY,"[""BINDING_CEILING_ELIGIBILITY""]"
2026-02-15T11:14:13Z,RZ-6ZL9-CZ7J,,,7.99,7.99,7.99,MANUAL_CAP,"[""BINDING_CEILING_MANUAL_CAP""]"
2026-02-15T11:14:13Z,TJ-6LOP-OPEU,,,9.00,9.00,9.00,MANUAL_CAP,"[""BINDING_CEILING_MANUAL_CAP""]"
2026-02-15T11:14:13Z,VF-3T0K-DR5O,,,9.99,9.99,9.99,MANUAL_CAP,"[""BINDING_CEILING_MANUAL_CAP""]"
2026-02-15T11:14:13Z,XH-0LAE-FQO5,,,8.99,8.99,8.99,MANUAL_CAP,"[""BINDING_CEILING_MANUAL_CAP""]"
2026-02-15T11:14:13Z,XY-UM2X-TPS3,,,15.00,15.00,15.00,MANUAL_CAP,"[""BINDING_CEILING_MANUAL_CAP""]"
2026-02-15T11:14:13Z,YC-3L3M-BV48,,,109.45,109.45,109.45,MANUAL_CAP,"[""BINDING_CEILING_MANUAL_CAP""]"
2026-02-15T11:39:12Z,4W-VS57-BV6A,,,44.99,44.99,44.99,MANUAL_CAP,"[""BINDING_CEILING_MANUAL_CAP""]"
2026-02-15T11:39:12Z,6V-EEC1-2S9Z,,,10.64,10.64,10.64,MANUAL_CAP,"[""BINDING_CEILING_MANUAL_CAP""]"
2026-02-15T11:39:12Z,AX-NKNU-29C1,,,3.99,3.99,3.99,MANUAL_CAP,"[""BINDING_CEILING_MANUAL_CAP""]"
2026-02-15T11:39:12Z,JB-RGB6-LZOJ,,,7.49,9.99,7.49,ELIGIBILITY,"[""BINDING_CEILING_ELIGIBILITY""]"
2026-02-15T11:39:12Z,RZ-6ZL9-CZ7J,,,7.99,7.99,7.99,MANUAL_CAP,"[""BINDING_CEILING_MANUAL_CAP""]"
2026-02-15T11:39:12Z,TJ-6LOP-OPEU,,,9.00,9.00,9.00,MANUAL_CAP,"[""BINDING_CEILING_MANUAL_CAP""]"
2026-02-15T11:39:12Z,VF-3T0K-DR5O,,,9.99,9.99,9.99,MANUAL_CAP,"[""BINDING_CEILING_MANUAL_CAP""]"
2026-02-15T11:39:12Z,XH-0LAE-FQO5,,,8.99,8.99,8.99,MANUAL_CAP,"[""BINDING_CEILING_MANUAL_CAP""]"
2026-02-15T11:39:12Z,XY-UM2X-TPS3,,,15.00,15.00,15.00,MANUAL_CAP,"[""BINDING_CEILING_MANUAL_CAP""]"
2026-02-15T11:39:12Z,YC-3L3M-BV48,,,109.45,109.45,109.45,MANUAL_CAP,"[""BINDING_CEILING_MANUAL_CAP""]"
2026-02-15T12:04:12Z,4W-VS57-BV6A,,,44.99,44.99,44.99,MANUAL_CAP,"[""BINDING_CEILING_MANUAL_CAP""]"
2026-02-15T12:04:12Z,6V-EEC1-2S9Z,,,10.64,10.64,10.64,MANUAL_CAP,"[""BINDING_CEILING_MANUAL_CAP""]"
2026-02-15T12:04:12Z,AX-NKNU-29C1,,,3.99,3.99,3.99,MANUAL_CAP,"[""BINDING_CEILING_MANUAL_CAP""]"
2026-02-15T12:04:12Z,JB-RGB6-LZOJ,,,7.49,9.99,7.49,ELIGIBILITY,"[""BINDING_CEILING_ELIGIBILITY""]"
2026-02-15T12:04:12Z,RZ-6ZL9-CZ7J,,,7.99,7.99,7.99,MANUAL_CAP,"[""BINDING_CEILING_MANUAL_CAP""]"
2026-02-15T12:04:12Z,TJ-6LOP-OPEU,,,9.00,9.00,9.00,MANUAL_CAP,"[""BINDING_CEILING_MANUAL_CAP""]"
2026-02-15T12:04:12Z,VF-3T0K-DR5O,,,9.99,9.99,9.99,MANUAL_CAP,"[""BINDING_CEILING_MANUAL_CAP""]"
2026-02-15T12:04:12Z,XH-0LAE-FQO5,,,8.99,8.99,8.99,MANUAL_CAP,"[""BINDING_CEILING_MANUAL_CAP""]"
2026-02-15T12:04:12Z,XY-UM2X-TPS3,,,15.00,15.00,15.00,MANUAL_CAP,"[""BINDING_CEILING_MANUAL_CAP""]"
2026-02-15T12:04:12Z,YC-3L3M-BV48,,,109.45,109.45,109.45,MANUAL_CAP,"[""BINDING_CEILING_MANUAL_CAP""]"
2026-02-15T12:29:11Z,4W-VS57-BV6A,,,44.99,44.99,44.99,MANUAL_CAP,"[""BINDING_CEILING_MANUAL_CAP""]"
2026-02-15T12:29:11Z,6V-EEC1-2S9Z,,,10.64,10.64,10.64,MANUAL_CAP,"[""BINDING_CEILING_MANUAL_CAP""]"
2026-02-15T12:29:11Z,AX-NKNU-29C1,,,3.99,3.99,3.99,MANUAL_CAP,"[""BINDING_CEILING_MANUAL_CAP""]"
2026-02-15T12:29:11Z,JB-RGB6-LZOJ,,,7.49,9.99,7.49,ELIGIBILITY,"[""BINDING_CEILING_ELIGIBILITY""]"
2026-02-15T12:29:11Z,RZ-6ZL9-CZ7J,,,7.99,7.99,7.99,MANUAL_CAP,"[""BINDING_CEILING_MANUAL_CAP""]"
2026-02-15T12:29:11Z,TJ-6LOP-OPEU,,,9.00,9.00,9.00,MANUAL_CAP,"[""BINDING_CEILING_MANUAL_CAP""]"
2026-02-15T12:29:11Z,VF-3T0K-DR5O,,,9.99,9.99,9.99,MANUAL_CAP,"[""BINDING_CEILING_MANUAL_CAP""]"
2026-02-15T12:29:11Z,XH-0LAE-FQO5,,,8.99,8.99,8.99,MANUAL_CAP,"[""BINDING_CEILING_MANUAL_CAP""]"
2026-02-15T12:29:11Z,XY-UM2X-TPS3,,,15.00,15.00,15.00,MANUAL_CAP,"[""BINDING_CEILING_MANUAL_CAP""]"
2026-02-15T12:29:11Z,YC-3L3M-BV48,,,109.45,109.45,109.45,MANUAL_CAP,"[""BINDING_CEILING_MANUAL_CAP""]"
2026-02-15T12:54:12Z,4W-VS57-BV6A,,,44.99,44.99,44.99,MANUAL_CAP,"[""BINDING_CEILING_MANUAL_CAP""]"
2026-02-15T12:54:12Z,6V-EEC1-2S9Z,,,10.64,10.64,10.64,MANUAL_CAP,"[""BINDING_CEILING_MANUAL_CAP""]"
2026-02-15T12:54:12Z,AX-NKNU-29C1,,,3.99,3.99,3.99,MANUAL_CAP,"[""BINDING_CEILING_MANUAL_CAP""]"
2026-02-15T12:54:12Z,JB-RGB6-LZOJ,,,7.49,9.99,7.49,ELIGIBILITY,"[""BINDING_CEILING_ELIGIBILITY""]"
2026-02-15T12:54:12Z,RZ-6ZL9-CZ7J,,,7.99,7.99,7.99,MANUAL_CAP,"[""BINDING_CEILING_MANUAL_CAP""]"
2026-02-15T12:54:12Z,TJ-6LOP-OPEU,,,9.00,9.00,9.00,MANUAL_CAP,"[""BINDING_CEILING_MANUAL_CAP""]"
2026-02-15T12:54:12Z,VF-3T0K-DR5O,,,9.99,9.99,9.99,MANUAL_CAP,"[""BINDING_CEILING_MANUAL_CAP""]"
2026-02-15T12:54:12Z,XH-0LAE-FQO5,,,8.99,8.99,8.99,MANUAL_CAP,"[""BINDING_CEILING_MANUAL_CAP""]"
2026-02-15T12:54:12Z,XY-UM2X-TPS3,,,15.00,15.00,15.00,MANUAL_CAP,"[""BINDING_CEILING_MANUAL_CAP""]"
2026-02-15T12:54:12Z,YC-3L3M-BV48,,,109.45,109.45,109.45,MANUAL_CAP,"[""BINDING_CEILING_MANUAL_CAP""]"
2026-02-15T13:19:11Z,4W-VS57-BV6A,,,44.99,44.99,44.99,MANUAL_CAP,"[""BINDING_CEILING_MANUAL_CAP""]"
2026-02-15T13:19:11Z,6V-EEC1-2S9Z,,,10.64,10.64,10.64,MANUAL_CAP,"[""BINDING_CEILING_MANUAL_CAP""]"
2026-02-15T13:19:11Z,AX-NKNU-29C1,,,3.99,3.99,3.99,MANUAL_CAP,"[""BINDING_CEILING_MANUAL_CAP""]"
2026-02-15T13:19:11Z,JB-RGB6-LZOJ,,,7.49,9.99,7.49,ELIGIBILITY,"[""BINDING_CEILING_ELIGIBILITY""]"
2026-02-15T13:19:11Z,RZ-6ZL9-CZ7J,,,7.99,7.99,7.99,MANUAL_CAP,"[""BINDING_CEILING_MANUAL_CAP""]"
2026-02-15T13:19:11Z,TJ-6LOP-OPEU,,,9.00,9.00,9.00,MANUAL_CAP,"[""BINDING_CEILING_MANUAL_CAP""]"
2026-02-15T13:19:11Z,VF-3T0K-DR5O,,,9.99,9.99,9.99,MANUAL_CAP,"[""BINDING_CEILING_MANUAL_CAP""]"
2026-02-15T13:19:11Z,XH-0LAE-FQO5,,,8.99,8.99,8.99,MANUAL_CAP,"[""BINDING_CEILING_MANUAL_CAP""]"
2026-02-15T13:19:11Z,XY-UM2X-TPS3,,,15.00,15.00,15.00,MANUAL_CAP,"[""BINDING_CEILING_MANUAL_CAP""]"
2026-02-15T13:19:11Z,YC-3L3M-BV48,,,109.45,109.45,109.45,MANUAL_CAP,"[""BINDING_CEILING_MANUAL_CAP""]"
2026-02-15T13:44:10Z,4W-VS57-BV6A,,,44.99,44.99,44.99,MANUAL_CAP,"[""BINDING_CEILING_MANUAL_CAP""]"
2026-02-15T13:44:10Z,6V-EEC1-2S9Z,,,10.64,10.64,10.64,MANUAL_CAP,"[""BINDING_CEILING_MANUAL_CAP""]"
2026-02-15T13:44:10Z,AX-NKNU-29C1,,,3.99,3.99,3.99,MANUAL_CAP,"[""BINDING_CEILING_MANUAL_CAP""]"
2026-02-15T13:44:10Z,JB-RGB6-LZOJ,,,7.49,9.99,7.49,ELIGIBILITY,"[""BINDING_CEILING_ELIGIBILITY""]"
2026-02-15T13:44:10Z,RZ-6ZL9-CZ7J,,,7.99,7.99,7.99,MANUAL_CAP,"[""BINDING_CEILING_MANUAL_CAP""]"
2026-02-15T13:44:10Z,TJ-6LOP-OPEU,,,9.00,9.00,9.00,MANUAL_CAP,"[""BINDING_CEILING_MANUAL_CAP""]"
2026-02-15T13:44:10Z,VF-3T0K-DR5O,,,9.99,9.99,9.99,MANUAL_CAP,"[""BINDING_CEILING_MANUAL_CAP""]"
2026-02-15T13:44:10Z,XH-0LAE-FQO5,,,8.99,8.99,8.99,MANUAL_CAP,"[""BINDING_CEILING_MANUAL_CAP""]"
2026-02-15T13:44:10Z,XY-UM2X-TPS3,,,15.00,15.00,15.00,MANUAL_CAP,"[""BINDING_CEILING_MANUAL_CAP""]"
2026-02-15T13:44:10Z,YC-3L3M-BV48,,,109.45,109.45,109.45,MANUAL_CAP,"[""BINDING_CEILING_MANUAL_CAP""]"
2026-02-15T14:09:10Z,4W-VS57-BV6A,,,44.99,44.99,44.99,MANUAL_CAP,"[""BINDING_CEILING_MANUAL_CAP""]"
2026-02-15T14:09:10Z,6V-EEC1-2S9Z,,,10.64,10.64,10.64,MANUAL_CAP,"[""BINDING_CEILING_MANUAL_CAP""]"
2026-02-15T14:09:10Z,AX-NKNU-29C1,,,3.99,3.99,3.99,MANUAL_CAP,"[""BINDING_CEILING_MANUAL_CAP""]"
2026-02-15T14:09:10Z,JB-RGB6-LZOJ,,,7.49,9.99,7.49,ELIGIBILITY,"[""BINDING_CEILING_ELIGIBILITY""]"
2026-02-15T14:09:10Z,RZ-6ZL9-CZ7J,,,7.99,7.99,7.99,MANUAL_CAP,"[""BINDING_CEILING_MANUAL_CAP""]"
2026-02-15T14:09:10Z,TJ-6LOP-OPEU,,,9.00,9.00,9.00,MANUAL_CAP,"[""BINDING_CEILING_MANUAL_CAP""]"
2026-02-15T14:09:10Z,VF-3T0K-DR5O,,,9.99,9.99,9.99,MANUAL_CAP,"[""BINDING_CEILING_MANUAL_CAP""]"
2026-02-15T14:09:10Z,XH-0LAE-FQO5,,,8.99,8.99,8.99,MANUAL_CAP,"[""BINDING_CEILING_MANUAL_CAP""]"
2026-02-15T14:09:10Z,XY-UM2X-TPS3,,,15.00,15.00,15.00,MANUAL_CAP,"[""BINDING_CEILING_MANUAL_CAP""]"
2026-02-15T14:09:10Z,YC-3L3M-BV48,,,109.45,109.45,109.45,MANUAL_CAP,"[""BINDING_CEILING_MANUAL_CAP""]"
2026-02-15T14:34:09Z,4W-VS57-BV6A,,,44.99,44.99,44.99,MANUAL_CAP,"[""BINDING_CEILING_MANUAL_CAP""]"
2026-02-15T14:34:09Z,6V-EEC1-2S9Z,,,10.64,10.64,10.64,MANUAL_CAP,"[""BINDING_CEILING_MANUAL_CAP""]"
2026-02-15T14:34:09Z,AX-NKNU-29C1,,,3.99,3.99,3.99,MANUAL_CAP,"[""BINDING_CEILING_MANUAL_CAP""]"
2026-02-15T14:34:09Z,JB-RGB6-LZOJ,,,7.49,9.99,7.49,ELIGIBILITY,"[""BINDING_CEILING_ELIGIBILITY""]"
2026-02-15T14:34:09Z,RZ-6ZL9-CZ7J,,,7.99,7.99,7.99,MANUAL_CAP,"[""BINDING_CEILING_MANUAL_CAP""]"
2026-02-15T14:34:09Z,TJ-6LOP-OPEU,,,9.00,9.00,9.00,MANUAL_CAP,"[""BINDING_CEILING_MANUAL_CAP""]"
2026-02-15T14:34:09Z,VF-3T0K-DR5O,,,9.99,9.99,9.99,MANUAL_CAP,"[""BINDING_CEILING_MANUAL_CAP""]"
2026-02-15T14:34:09Z,XH-0LAE-FQO5,,,8.99,8.99,8.99,MANUAL_CAP,"[""BINDING_CEILING_MANUAL_CAP""]"
2026-02-15T14:34:09Z,XY-UM2X-TPS3,,,15.00,15.00,15.00,MANUAL_CAP,"[""BINDING_CEILING_MANUAL_CAP""]"
2026-02-15T14:34:09Z,YC-3L3M-BV48,,,109.45,109.45,109.45,MANUAL_CAP,"[""BINDING_CEILING_MANUAL_CAP""]"
2026-02-15T14:59:09Z,4W-VS57-BV6A,,,44.99,44.99,44.99,MANUAL_CAP,"[""BINDING_CEILING_MANUAL_CAP""]"
2026-02-15T14:59:09Z,6V-EEC1-2S9Z,,,10.64,10.64,10.64,MANUAL_CAP,"[""BINDING_CEILING_MANUAL_CAP""]"
2026-02-15T14:59:09Z,AX-NKNU-29C1,,,3.99,3.99,3.99,MANUAL_CAP,"[""BINDING_CEILING_MANUAL_CAP""]"
2026-02-15T14:59:09Z,JB-RGB6-LZOJ,,,7.49,9.99,7.49,ELIGIBILITY,"[""BINDING_CEILING_ELIGIBILITY""]"
2026-02-15T14:59:09Z,RZ-6ZL9-CZ7J,,,7.99,7.99,7.99,MANUAL_CAP,"[""BINDING_CEILING_MANUAL_CAP""]"
2026-02-15T14:59:09Z,TJ-6LOP-OPEU,,,9.00,9.00,9.00,MANUAL_CAP,"[""BINDING_CEILING_MANUAL_CAP""]"
2026-02-15T14:59:09Z,VF-3T0K-DR5O,,,9.99,9.99,9.99,MANUAL_CAP,"[""BINDING_CEILING_MANUAL_CAP""]"
2026-02-15T14:59:09Z,XH-0LAE-FQO5,,,8.99,8.99,8.99,MANUAL_CAP,"[""BINDING_CEILING_MANUAL_CAP""]"
2026-02-15T14:59:09Z,XY-UM2X-TPS3,,,15.00,15.00,15.00,MANUAL_CAP,"[""BINDING_CEILING_MANUAL_CAP""]"
2026-02-15T14:59:09Z,YC-3L3M-BV48,,,109.45,109.45,109.45,MANUAL_CAP,"[""BINDING_CEILING_MANUAL_CAP""]"
2026-02-15T15:24:08Z,4W-VS57-BV6A,,,44.99,44.99,44.99,MANUAL_CAP,"[""BINDING_CEILING_MANUAL_CAP""]"
2026-02-15T15:24:08Z,6V-EEC1-2S9Z,,,10.64,10.64,10.64,MANUAL_CAP,"[""BINDING_CEILING_MANUAL_CAP""]"
2026-02-15T15:24:08Z,AX-NKNU-29C1,,,3.99,3.99,3.99,MANUAL_CAP,"[""BINDING_CEILING_MANUAL_CAP""]"
2026-02-15T15:24:08Z,JB-RGB6-LZOJ,,,7.49,9.99,7.49,ELIGIBILITY,"[""BINDING_CEILING_ELIGIBILITY""]"
2026-02-15T15:24:08Z,RZ-6ZL9-CZ7J,,,7.99,7.99,7.99,MANUAL_CAP,"[""BINDING_CEILING_MANUAL_CAP""]"
2026-02-15T15:24:08Z,TJ-6LOP-OPEU,,,9.00,9.00,9.00,MANUAL_CAP,"[""BINDING_CEILING_MANUAL_CAP""]"
2026-02-15T15:24:08Z,VF-3T0K-DR5O,,,9.99,9.99,9.99,MANUAL_CAP,"[""BINDING_CEILING_MANUAL_CAP""]"
2026-02-15T15:24:08Z,XH-0LAE-FQO5,,,8.99,8.99,8.99,MANUAL_CAP,"[""BINDING_CEILING_MANUAL_CAP""]"
2026-02-15T15:24:08Z,XY-UM2X-TPS3,,,15.00,15.00,15.00,MANUAL_CAP,"[""BINDING_CEILING_MANUAL_CAP""]"
2026-02-15T15:24:08Z,YC-3L3M-BV48,,,109.45,109.45,109.45,MANUAL_CAP,"[""BINDING_CEILING_MANUAL_CAP""]"
2026-02-15T15:49:08Z,4W-VS57-BV6A,,,44.99,44.99,44.99,MANUAL_CAP,"[""BINDING_CEILING_MANUAL_CAP""]"
2026-02-15T15:49:08Z,6V-EEC1-2S9Z,,,10.64,10.64,10.64,MANUAL_CAP,"[""BINDING_CEILING_MANUAL_CAP""]"
2026-02-15T15:49:08Z,AX-NKNU-29C1,,,3.99,3.99,3.99,MANUAL_CAP,"[""BINDING_CEILING_MANUAL_CAP""]"
2026-02-15T15:49:08Z,JB-RGB6-LZOJ,,,7.49,9.99,7.49,ELIGIBILITY,"[""BINDING_CEILING_ELIGIBILITY""]"
2026-02-15T15:49:08Z,RZ-6ZL9-CZ7J,,,7.99,7.99,7.99,MANUAL_CAP,"[""BINDING_CEILING_MANUAL_CAP""]"
2026-02-15T15:49:08Z,TJ-6LOP-OPEU,,,9.00,9.00,9.00,MANUAL_CAP,"[""BINDING_CEILING_MANUAL_CAP""]"
2026-02-15T15:49:08Z,VF-3T0K-DR5O,,,9.99,9.99,9.99,MANUAL_CAP,"[""BINDING_CEILING_MANUAL_CAP""]"
2026-02-15T15:49:08Z,XH-0LAE-FQO5,,,8.99,8.99,8.99,MANUAL_CAP,"[""BINDING_CEILING_MANUAL_CAP""]"
2026-02-15T15:49:08Z,XY-UM2X-TPS3,,,15.00,15.00,15.00,MANUAL_CAP,"[""BINDING_CEILING_MANUAL_CAP""]"
2026-02-15T15:49:08Z,YC-3L3M-BV48,,,109.45,109.45,109.45,MANUAL_CAP,"[""BINDING_CEILING_MANUAL_CAP""]"
2026-02-15T16:14:07Z,4W-VS57-BV6A,,,44.99,44.99,44.99,MANUAL_CAP,"[""BINDING_CEILING_MANUAL_CAP""]"
2026-02-15T16:14:07Z,6V-EEC1-2S9Z,,,10.64,10.64,10.64,MANUAL_CAP,"[""BINDING_CEILING_MANUAL_CAP""]"
2026-02-15T16:14:07Z,AX-NKNU-29C1,,,3.99,3.99,3.99,MANUAL_CAP,"[""BINDING_CEILING_MANUAL_CAP""]"
2026-02-15T16:14:07Z,JB-RGB6-LZOJ,,,7.49,9.99,7.49,ELIGIBILITY,"[""BINDING_CEILING_ELIGIBILITY""]"
2026-02-15T16:14:07Z,RZ-6ZL9-CZ7J,,,7.99,7.99,7.99,MANUAL_CAP,"[""BINDING_CEILING_MANUAL_CAP""]"
2026-02-15T16:14:07Z,TJ-6LOP-OPEU,,,9.00,9.00,9.00,MANUAL_CAP,"[""BINDING_CEILING_MANUAL_CAP""]"
2026-02-15T16:14:07Z,VF-3T0K-DR5O,,,9.99,9.99,9.99,MANUAL_CAP,"[""BINDING_CEILING_MANUAL_CAP""]"
2026-02-15T16:14:07Z,XH-0LAE-FQO5,,,8.99,8.99,8.99,MANUAL_CAP,"[""BINDING_CEILING_MANUAL_CAP""]"
2026-02-15T16:14:07Z,XY-UM2X-TPS3,,,15.00,15.00,15.00,MANUAL_CAP,"[""BINDING_CEILING_MANUAL_CAP""]"
2026-02-15T16:14:07Z,YC-3L3M-BV48,,,109.45,109.45,109.45,MANUAL_CAP,"[""BINDING_CEILING_MANUAL_CAP""]"
2026-02-15T16:39:07Z,4W-VS57-BV6A,,,44.99,44.99,44.99,MANUAL_CAP,"[""BINDING_CEILING_MANUAL_CAP""]"
2026-02-15T16:39:07Z,6V-EEC1-2S9Z,,,10.64,10.64,10.64,MANUAL_CAP,"[""BINDING_CEILING_MANUAL_CAP""]"
2026-02-15T16:39:07Z,AX-NKNU-29C1,,,3.99,3.99,3.99,MANUAL_CAP,"[""BINDING_CEILING_MANUAL_CAP""]"
2026-02-15T16:39:07Z,JB-RGB6-LZOJ,,,7.49,9.99,7.49,ELIGIBILITY,"[""BINDING_CEILING_ELIGIBILITY""]"
2026-02-15T16:39:07Z,RZ-6ZL9-CZ7J,,,7.99,7.99,7.99,MANUAL_CAP,"[""BINDING_CEILING_MANUAL_CAP""]"
2026-02-15T16:39:07Z,TJ-6LOP-OPEU,,,9.00,9.00,9.00,MANUAL_CAP,"[""BINDING_CEILING_MANUAL_CAP""]"
2026-02-15T16:39:07Z,VF-3T0K-DR5O,,,9.99,9.99,9.99,MANUAL_CAP,"[""BINDING_CEILING_MANUAL_CAP""]"
2026-02-15T16:39:07Z,XH-0LAE-FQO5,,,8.99,8.99,8.99,MANUAL_CAP,"[""BINDING_CEILING_MANUAL_CAP""]"
2026-02-15T16:39:07Z,XY-UM2X-TPS3,,,15.00,15.00,15.00,MANUAL_CAP,"[""BINDING_CEILING_MANUAL_CAP""]"
2026-02-15T16:39:07Z,YC-3L3M-BV48,,,109.45,109.45,109.45,MANUAL_CAP,"[""BINDING_CEILING_MANUAL_CAP""]"
2026-02-15T17:04:06Z,4W-VS57-BV6A,,,44.99,44.99,44.99,MANUAL_CAP,"[""BINDING_CEILING_MANUAL_CAP""]"
2026-02-15T17:04:06Z,6V-EEC1-2S9Z,,,10.64,10.64,10.64,MANUAL_CAP,"[""BINDING_CEILING_MANUAL_CAP""]"
2026-02-15T17:04:06Z,AX-NKNU-29C1,,,3.99,3.99,3.99,MANUAL_CAP,"[""BINDING_CEILING_MANUAL_CAP""]"
2026-02-15T17:04:06Z,JB-RGB6-LZOJ,,,7.49,9.99,7.49,ELIGIBILITY,"[""BINDING_CEILING_ELIGIBILITY""]"
2026-02-15T17:04:06Z,RZ-6ZL9-CZ7J,,,7.99,7.99,7.99,MANUAL_CAP,"[""BINDING_CEILING_MANUAL_CAP""]"
2026-02-15T17:04:06Z,TJ-6LOP-OPEU,,,9.00,9.00,9.00,MANUAL_CAP,"[""BINDING_CEILING_MANUAL_CAP""]"
2026-02-15T17:04:06Z,VF-3T0K-DR5O,,,9.99,9.99,9.99,MANUAL_CAP,"[""BINDING_CEILING_MANUAL_CAP""]"
2026-02-15T17:04:06Z,XH-0LAE-FQO5,,,8.99,8.99,8.99,MANUAL_CAP,"[""BINDING_CEILING_MANUAL_CAP""]"
2026-02-15T17:04:06Z,XY-UM2X-TPS3,,,15.00,15.00,15.00,MANUAL_CAP,"[""BINDING_CEILING_MANUAL_CAP""]"
2026-02-15T17:04:06Z,YC-3L3M-BV48,,,109.45,109.45,109.45,MANUAL_CAP,"[""BINDING_CEILING_MANUAL_CAP""]"
2026-02-15T17:29:06Z,4W-VS57-BV6A,,,44.99,44.99,44.99,MANUAL_CAP,"[""BINDING_CEILING_MANUAL_CAP""]"
2026-02-15T17:29:06Z,6V-EEC1-2S9Z,,,10.64,10.64,10.64,MANUAL_CAP,"[""BINDING_CEILING_MANUAL_CAP""]"
2026-02-15T17:29:06Z,AX-NKNU-29C1,,,3.99,3.99,3.99,MANUAL_CAP,"[""BINDING_CEILING_MANUAL_CAP""]"
2026-02-15T17:29:06Z,JB-RGB6-LZOJ,,,7.49,9.99,7.49,ELIGIBILITY,"[""BINDING_CEILING_ELIGIBILITY""]"
2026-02-15T17:29:06Z,RZ-6ZL9-CZ7J,,,7.99,7.99,7.99,MANUAL_CAP,"[""BINDING_CEILING_MANUAL_CAP""]"
2026-02-15T17:29:06Z,TJ-6LOP-OPEU,,,9.00,9.00,9.00,MANUAL_CAP,"[""BINDING_CEILING_MANUAL_CAP""]"
2026-02-15T17:29:06Z,VF-3T0K-DR5O,,,9.99,9.99,9.99,MANUAL_CAP,"[""BINDING_CEILING_MANUAL_CAP""]"
2026-02-15T17:29:06Z,XH-0LAE-FQO5,,,8.99,8.99,8.99,MANUAL_CAP,"[""BINDING_CEILING_MANUAL_CAP""]"
2026-02-15T17:29:06Z,XY-UM2X-TPS3,,,15.00,15.00,15.00,MANUAL_CAP,"[""BINDING_CEILING_MANUAL_CAP""]"
2026-02-15T17:29:06Z,YC-3L3M-BV48,,,109.45,109.45,109.45,MANUAL_CAP,"[""BINDING_CEILING_MANUAL_CAP""]"
2026-02-15T17:54:05Z,4W-VS57-BV6A,,,44.99,44.99,44.99,MANUAL_CAP,"[""BINDING_CEILING_MANUAL_CAP""]"
2026-02-15T17:54:05Z,6V-EEC1-2S9Z,,,10.64,10.64,10.64,MANUAL_CAP,"[""BINDING_CEILING_MANUAL_CAP""]"
2026-02-15T17:54:05Z,AX-NKNU-29C1,,,3.99,3.99,3.99,MANUAL_CAP,"[""BINDING_CEILING_MANUAL_CAP""]"
2026-02-15T17:54:05Z,JB-RGB6-LZOJ,,,7.49,9.99,7.49,ELIGIBILITY,"[""BINDING_CEILING_ELIGIBILITY""]"
2026-02-15T17:54:05Z,RZ-6ZL9-CZ7J,,,7.99,7.99,7.99,MANUAL_CAP,"[""BINDING_CEILING_MANUAL_CAP""]"
2026-02-15T17:54:05Z,TJ-6LOP-OPEU,,,9.00,9.00,9.00,MANUAL_CAP,"[""BINDING_CEILING_MANUAL_CAP""]"
2026-02-15T17:54:05Z,VF-3T0K-DR5O,,,9.99,9.99,9.99,MANUAL_CAP,"[""BINDING_CEILING_MANUAL_CAP""]"
2026-02-15T17:54:05Z,XH-0LAE-FQO5,,,8.99,8.99,8.99,MANUAL_CAP,"[""BINDING_CEILING_MANUAL_CAP""]"
2026-02-15T17:54:05Z,XY-UM2X-TPS3,,,15.00,15.00,15.00,MANUAL_CAP,"[""BINDING_CEILING_MANUAL_CAP""]"
2026-02-15T17:54:05Z,YC-3L3M-BV48,,,109.45,109.45,109.45,MANUAL_CAP,"[""BINDING_CEILING_MANUAL_CAP""]"
2026-02-15T18:19:07Z,4W-VS57-BV6A,,,44.99,44.99,44.99,MANUAL_CAP,"[""BINDING_CEILING_MANUAL_CAP""]"
2026-02-15T18:19:07Z,6V-EEC1-2S9Z,,,10.64,10.64,10.64,MANUAL_CAP,"[""BINDING_CEILING_MANUAL_CAP""]"
2026-02-15T18:19:07Z,AX-NKNU-29C1,,,3.99,3.99,3.99,MANUAL_CAP,"[""BINDING_CEILING_MANUAL_CAP""]"
2026-02-15T18:19:07Z,JB-RGB6-LZOJ,,,7.49,9.99,7.49,ELIGIBILITY,"[""BINDING_CEILING_ELIGIBILITY""]"
2026-02-15T18:19:07Z,RZ-6ZL9-CZ7J,,,7.99,7.99,7.99,MANUAL_CAP,"[""BINDING_CEILING_MANUAL_CAP""]"
2026-02-15T18:19:07Z,TJ-6LOP-OPEU,,,9.00,9.00,9.00,MANUAL_CAP,"[""BINDING_CEILING_MANUAL_CAP""]"
2026-02-15T18:19:07Z,VF-3T0K-DR5O,,,9.99,9.99,9.99,MANUAL_CAP,"[""BINDING_CEILING_MANUAL_CAP""]"
2026-02-15T18:19:07Z,XH-0LAE-FQO5,,,8.99,8.99,8.99,MANUAL_CAP,"[""BINDING_CEILING_MANUAL_CAP""]"
2026-02-15T18:19:07Z,XY-UM2X-TPS3,,,15.00,15.00,15.00,MANUAL_CAP,"[""BINDING_CEILING_MANUAL_CAP""]"
2026-02-15T18:19:07Z,YC-3L3M-BV48,,,109.45,109.45,109.45,MANUAL_CAP,"[""BINDING_CEILING_MANUAL_CAP""]"
2026-02-15T18:44:07Z,4W-VS57-BV6A,,,44.99,44.99,44.99,MANUAL_CAP,"[""BINDING_CEILING_MANUAL_CAP""]"
2026-02-15T18:44:07Z,6V-EEC1-2S9Z,,,10.64,10.64,10.64,MANUAL_CAP,"[""BINDING_CEILING_MANUAL_CAP""]"
2026-02-15T18:44:07Z,AX-NKNU-29C1,,,3.99,3.99,3.99,MANUAL_CAP,"[""BINDING_CEILING_MANUAL_CAP""]"
2026-02-15T18:44:07Z,JB-RGB6-LZOJ,,,7.49,9.99,7.49,ELIGIBILITY,"[""BINDING_CEILING_ELIGIBILITY""]"
2026-02-15T18:44:07Z,RZ-6ZL9-CZ7J,,,7.99,7.99,7.99,MANUAL_CAP,"[""BINDING_CEILING_MANUAL_CAP""]"
2026-02-15T18:44:07Z,TJ-6LOP-OPEU,,,9.00,9.00,9.00,MANUAL_CAP,"[""BINDING_CEILING_MANUAL_CAP""]"
2026-02-15T18:44:07Z,VF-3T0K-DR5O,,,9.99,9.99,9.99,MANUAL_CAP,"[""BINDING_CEILING_MANUAL_CAP""]"
2026-02-15T18:44:07Z,XH-0LAE-FQO5,,,8.99,8.99,8.99,MANUAL_CAP,"[""BINDING_CEILING_MANUAL_CAP""]"
2026-02-15T18:44:07Z,XY-UM2X-TPS3,,,15.00,15.00,15.00,MANUAL_CAP,"[""BINDING_CEILING_MANUAL_CAP""]"
2026-02-15T18:44:07Z,YC-3L3M-BV48,,,109.45,109.45,109.45,MANUAL_CAP,"[""BINDING_CEILING_MANUAL_CAP""]"
2026-02-15T19:09:07Z,4W-VS57-BV6A,,,44.99,44.99,44.99,MANUAL_CAP,"[""BINDING_CEILING_MANUAL_CAP""]"
2026-02-15T19:09:07Z,6V-EEC1-2S9Z,,,10.64,10.64,10.64,MANUAL_CAP,"[""BINDING_CEILING_MANUAL_CAP""]"
2026-02-15T19:09:07Z,AX-NKNU-29C1,,,3.99,3.99,3.99,MANUAL_CAP,"[""BINDING_CEILING_MANUAL_CAP""]"
2026-02-15T19:09:07Z,JB-RGB6-LZOJ,,,7.49,9.99,7.49,ELIGIBILITY,"[""BINDING_CEILING_ELIGIBILITY""]"
2026-02-15T19:09:07Z,RZ-6ZL9-CZ7J,,,7.99,7.99,7.99,MANUAL_CAP,"[""BINDING_CEILING_MANUAL_CAP""]"
2026-02-15T19:09:07Z,TJ-6LOP-OPEU,,,9.00,9.00,9.00,MANUAL_CAP,"[""BINDING_CEILING_MANUAL_CAP""]"
2026-02-15T19:09:07Z,VF-3T0K-DR5O,,,9.99,9.99,9.99,MANUAL_CAP,"[""BINDING_CEILING_MANUAL_CAP""]"
2026-02-15T19:09:07Z,XH-0LAE-FQO5,,,8.99,8.99,8.99,MANUAL_CAP,"[""BINDING_CEILING_MANUAL_CAP""]"
2026-02-15T19:09:07Z,XY-UM2X-TPS3,,,15.00,15.00,15.00,MANUAL_CAP,"[""BINDING_CEILING_MANUAL_CAP""]"
2026-02-15T19:09:07Z,YC-3L3M-BV48,,,109.45,109.45,109.45,MANUAL_CAP,"[""BINDING_CEILING_MANUAL_CAP""]"
2026-02-15T19:34:06Z,4W-VS57-BV6A,,,44.99,44.99,44.99,MANUAL_CAP,"[""BINDING_CEILING_MANUAL_CAP""]"
2026-02-15T19:34:06Z,6V-EEC1-2S9Z,,,10.64,10.64,10.64,MANUAL_CAP,"[""BINDING_CEILING_MANUAL_CAP""]"
2026-02-15T19:34:06Z,AX-NKNU-29C1,,,3.99,3.99,3.99,MANUAL_CAP,"[""BINDING_CEILING_MANUAL_CAP""]"
2026-02-15T19:34:06Z,JB-RGB6-LZOJ,,,7.49,9.99,7.49,ELIGIBILITY,"[""BINDING_CEILING_ELIGIBILITY""]"
2026-02-15T19:34:06Z,RZ-6ZL9-CZ7J,,,7.99,7.99,7.99,MANUAL_CAP,"[""BINDING_CEILING_MANUAL_CAP""]"
2026-02-15T19:34:06Z,TJ-6LOP-OPEU,,,9.00,9.00,9.00,MANUAL_CAP,"[""BINDING_CEILING_MANUAL_CAP""]"
2026-02-15T19:34:06Z,VF-3T0K-DR5O,,,9.99,9.99,9.99,MANUAL_CAP,"[""BINDING_CEILING_MANUAL_CAP""]"
2026-02-15T19:34:06Z,XH-0LAE-FQO5,,,8.99,8.99,8.99,MANUAL_CAP,"[""BINDING_CEILING_MANUAL_CAP""]"
2026-02-15T19:34:06Z,XY-UM2X-TPS3,,,15.00,15.00,15.00,MANUAL_CAP,"[""BINDING_CEILING_MANUAL_CAP""]"
2026-02-15T19:34:06Z,YC-3L3M-BV48,,,109.45,109.45,109.45,MANUAL_CAP,"[""BINDING_CEILING_MANUAL_CAP""]"
2026-02-15T19:59:06Z,4W-VS57-BV6A,,,44.99,44.99,44.99,MANUAL_CAP,"[""BINDING_CEILING_MANUAL_CAP""]"
2026-02-15T19:59:06Z,6V-EEC1-2S9Z,,,10.64,10.64,10.64,MANUAL_CAP,"[""BINDING_CEILING_MANUAL_CAP""]"
2026-02-15T19:59:06Z,AX-NKNU-29C1,,,3.99,3.99,3.99,MANUAL_CAP,"[""BINDING_CEILING_MANUAL_CAP""]"
2026-02-15T19:59:06Z,JB-RGB6-LZOJ,,,7.49,9.99,7.49,ELIGIBILITY,"[""BINDING_CEILING_ELIGIBILITY""]"
2026-02-15T19:59:06Z,RZ-6ZL9-CZ7J,,,7.99,7.99,7.99,MANUAL_CAP,"[""BINDING_CEILING_MANUAL_CAP""]"
2026-02-15T19:59:06Z,TJ-6LOP-OPEU,,,9.00,9.00,9.00,MANUAL_CAP,"[""BINDING_CEILING_MANUAL_CAP""]"
2026-02-15T19:59:06Z,VF-3T0K-DR5O,,,9.99,9.99,9.99,MANUAL_CAP,"[""BINDING_CEILING_MANUAL_CAP""]"
2026-02-15T19:59:06Z,XH-0LAE-FQO5,,,8.99,8.99,8.99,MANUAL_CAP,"[""BINDING_CEILING_MANUAL_CAP""]"
2026-02-15T19:59:06Z,XY-UM2X-TPS3,,,15.00,15.00,15.00,MANUAL_CAP,"[""BINDING_CEILING_MANUAL_CAP""]"
2026-02-15T19:59:06Z,YC-3L3M-BV48,,,109.45,109.45,109.45,MANUAL_CAP,"[""BINDING_CEILING_MANUAL_CAP""]"
2026-02-15T20:24:06Z,4W-VS57-BV6A,,,44.99,44.99,44.99,MANUAL_CAP,"[""BINDING_CEILING_MANUAL_CAP""]"
2026-02-15T20:24:06Z,6V-EEC1-2S9Z,,,10.64,10.64,10.64,MANUAL_CAP,"[""BINDING_CEILING_MANUAL_CAP""]"
2026-02-15T20:24:06Z,AX-NKNU-29C1,,,3.99,3.99,3.99,MANUAL_CAP,"[""BINDING_CEILING_MANUAL_CAP""]"
2026-02-15T20:24:06Z,JB-RGB6-LZOJ,,,7.49,9.99,7.49,ELIGIBILITY,"[""BINDING_CEILING_ELIGIBILITY""]"
2026-02-15T20:24:06Z,RZ-6ZL9-CZ7J,,,7.99,7.99,7.99,MANUAL_CAP,"[""BINDING_CEILING_MANUAL_CAP""]"
2026-02-15T20:24:06Z,TJ-6LOP-OPEU,,,9.00,9.00,9.00,MANUAL_CAP,"[""BINDING_CEILING_MANUAL_CAP""]"
2026-02-15T20:24:06Z,VF-3T0K-DR5O,,,9.99,9.99,9.99,MANUAL_CAP,"[""BINDING_CEILING_MANUAL_CAP""]"
2026-02-15T20:24:06Z,XH-0LAE-FQO5,,,8.99,8.99,8.99,MANUAL_CAP,"[""BINDING_CEILING_MANUAL_CAP""]"
2026-02-15T20:24:06Z,XY-UM2X-TPS3,,,15.00,15.00,15.00,MANUAL_CAP,"[""BINDING_CEILING_MANUAL_CAP""]"
2026-02-15T20:24:06Z,YC-3L3M-BV48,,,109.45,109.45,109.45,MANUAL_CAP,"[""BINDING_CEILING_MANUAL_CAP""]"
2026-02-15T20:49:05Z,4W-VS57-BV6A,,,44.99,44.99,44.99,MANUAL_CAP,"[""BINDING_CEILING_MANUAL_CAP""]"
2026-02-15T20:49:05Z,6V-EEC1-2S9Z,,,10.64,10.64,10.64,MANUAL_CAP,"[""BINDING_CEILING_MANUAL_CAP""]"
2026-02-15T20:49:05Z,AX-NKNU-29C1,,,3.99,3.99,3.99,MANUAL_CAP,"[""BINDING_CEILING_MANUAL_CAP""]"
2026-02-15T20:49:05Z,JB-RGB6-LZOJ,,,7.49,9.99,7.49,ELIGIBILITY,"[""BINDING_CEILING_ELIGIBILITY""]"
2026-02-15T20:49:05Z,RZ-6ZL9-CZ7J,,,7.99,7.99,7.99,MANUAL_CAP,"[""BINDING_CEILING_MANUAL_CAP""]"
2026-02-15T20:49:05Z,TJ-6LOP-OPEU,,,9.00,9.00,9.00,MANUAL_CAP,"[""BINDING_CEILING_MANUAL_CAP""]"
2026-02-15T20:49:05Z,VF-3T0K-DR5O,,,9.99,9.99,9.99,MANUAL_CAP,"[""BINDING_CEILING_MANUAL_CAP""]"
2026-02-15T20:49:05Z,XH-0LAE-FQO5,,,8.99,8.99,8.99,MANUAL_CAP,"[""BINDING_CEILING_MANUAL_CAP""]"
2026-02-15T20:49:05Z,XY-UM2X-TPS3,,,15.00,15.00,15.00,MANUAL_CAP,"[""BINDING_CEILING_MANUAL_CAP""]"
2026-02-15T20:49:05Z,YC-3L3M-BV48,,,109.45,109.45,109.45,MANUAL_CAP,"[""BINDING_CEILING_MANUAL_CAP""]"
2026-02-15T21:14:05Z,4W-VS57-BV6A,,,44.99,44.99,44.99,MANUAL_CAP,"[""BINDING_CEILING_MANUAL_CAP""]"
2026-02-15T21:14:05Z,6V-EEC1-2S9Z,,,10.64,10.64,10.64,MANUAL_CAP,"[""BINDING_CEILING_MANUAL_CAP""]"
2026-02-15T21:14:05Z,AX-NKNU-29C1,,,3.99,3.99,3.99,MANUAL_CAP,"[""BINDING_CEILING_MANUAL_CAP""]"
2026-02-15T21:14:05Z,JB-RGB6-LZOJ,,,7.49,9.99,7.49,ELIGIBILITY,"[""BINDING_CEILING_ELIGIBILITY""]"
2026-02-15T21:14:05Z,RZ-6ZL9-CZ7J,,,7.99,7.99,7.99,MANUAL_CAP,"[""BINDING_CEILING_MANUAL_CAP""]"
2026-02-15T21:14:05Z,TJ-6LOP-OPEU,,,9.00,9.00,9.00,MANUAL_CAP,"[""BINDING_CEILING_MANUAL_CAP""]"
2026-02-15T21:14:05Z,VF-3T0K-DR5O,,,9.99,9.99,9.99,MANUAL_CAP,"[""BINDING_CEILING_MANUAL_CAP""]"
2026-02-15T21:14:05Z,XH-0LAE-FQO5,,,8.99,8.99,8.99,MANUAL_CAP,"[""BINDING_CEILING_MANUAL_CAP""]"
2026-02-15T21:14:05Z,XY-UM2X-TPS3,,,15.00,15.00,15.00,MANUAL_CAP,"[""BINDING_CEILING_MANUAL_CAP""]"
2026-02-15T21:14:05Z,YC-3L3M-BV48,,,109.45,109.45,109.45,MANUAL_CAP,"[""BINDING_CEILING_MANUAL_CAP""]"
2026-02-15T21:39:05Z,4W-VS57-BV6A,,,44.99,44.99,44.99,MANUAL_CAP,"[""BINDING_CEILING_MANUAL_CAP""]"
2026-02-15T21:39:05Z,6V-EEC1-2S9Z,,,10.64,10.64,10.64,MANUAL_CAP,"[""BINDING_CEILING_MANUAL_CAP""]"
2026-02-15T21:39:05Z,AX-NKNU-29C1,,,3.99,3.99,3.99,MANUAL_CAP,"[""BINDING_CEILING_MANUAL_CAP""]"
2026-02-15T21:39:05Z,JB-RGB6-LZOJ,,,7.49,9.99,7.49,ELIGIBILITY,"[""BINDING_CEILING_ELIGIBILITY""]"
2026-02-15T21:39:05Z,RZ-6ZL9-CZ7J,,,7.99,7.99,7.99,MANUAL_CAP,"[""BINDING_CEILING_MANUAL_CAP""]"
2026-02-15T21:39:05Z,TJ-6LOP-OPEU,,,9.00,9.00,9.00,MANUAL_CAP,"[""BINDING_CEILING_MANUAL_CAP""]"
2026-02-15T21:39:05Z,VF-3T0K-DR5O,,,9.99,9.99,9.99,MANUAL_CAP,"[""BINDING_CEILING_MANUAL_CAP""]"
2026-02-15T21:39:05Z,XH-0LAE-FQO5,,,8.99,8.99,8.99,MANUAL_CAP,"[""BINDING_CEILING_MANUAL_CAP""]"
2026-02-15T21:39:05Z,XY-UM2X-TPS3,,,15.00,15.00,15.00,MANUAL_CAP,"[""BINDING_CEILING_MANUAL_CAP""]"
2026-02-15T21:39:05Z,YC-3L3M-BV48,,,109.45,109.45,109.45,MANUAL_CAP,"[""BINDING_CEILING_MANUAL_CAP""]"
2026-02-15T22:04:05Z,4W-VS57-BV6A,,,44.99,44.99,44.99,MANUAL_CAP,"[""BINDING_CEILING_MANUAL_CAP""]"
2026-02-15T22:04:05Z,6V-EEC1-2S9Z,,,10.64,10.64,10.64,MANUAL_CAP,"[""BINDING_CEILING_MANUAL_CAP""]"
2026-02-15T22:04:05Z,AX-NKNU-29C1,,,3.99,3.99,3.99,MANUAL_CAP,"[""BINDING_CEILING_MANUAL_CAP""]"
2026-02-15T22:04:05Z,JB-RGB6-LZOJ,,,7.49,9.99,7.49,ELIGIBILITY,"[""BINDING_CEILING_ELIGIBILITY""]"
2026-02-15T22:04:05Z,RZ-6ZL9-CZ7J,,,7.99,7.99,7.99,MANUAL_CAP,"[""BINDING_CEILING_MANUAL_CAP""]"
2026-02-15T22:04:05Z,TJ-6LOP-OPEU,,,9.00,9.00,9.00,MANUAL_CAP,"[""BINDING_CEILING_MANUAL_CAP""]"
2026-02-15T22:04:05Z,VF-3T0K-DR5O,,,9.99,9.99,9.99,MANUAL_CAP,"[""BINDING_CEILING_MANUAL_CAP""]"
2026-02-15T22:04:05Z,XH-0LAE-FQO5,,,8.99,8.99,8.99,MANUAL_CAP,"[""BINDING_CEILING_MANUAL_CAP""]"
2026-02-15T22:04:05Z,XY-UM2X-TPS3,,,15.00,15.00,15.00,MANUAL_CAP,"[""BINDING_CEILING_MANUAL_CAP""]"
2026-02-15T22:04:05Z,YC-3L3M-BV48,,,109.45,109.45,109.45,MANUAL_CAP,"[""BINDING_CEILING_MANUAL_CAP""]"
2026-02-15T22:29:05Z,4W-VS57-BV6A,,,44.99,44.99,44.99,MANUAL_CAP,"[""BINDING_CEILING_MANUAL_CAP""]"
2026-02-15T22:29:05Z,6V-EEC1-2S9Z,,,10.64,10.64,10.64,MANUAL_CAP,"[""BINDING_CEILING_MANUAL_CAP""]"
2026-02-15T22:29:05Z,AX-NKNU-29C1,,,3.99,3.99,3.99,MANUAL_CAP,"[""BINDING_CEILING_MANUAL_CAP""]"
2026-02-15T22:29:05Z,JB-RGB6-LZOJ,,,7.49,9.99,7.49,ELIGIBILITY,"[""BINDING_CEILING_ELIGIBILITY""]"
2026-02-15T22:29:05Z,RZ-6ZL9-CZ7J,,,7.99,7.99,7.99,MANUAL_CAP,"[""BINDING_CEILING_MANUAL_CAP""]"
2026-02-15T22:29:05Z,TJ-6LOP-OPEU,,,9.00,9.00,9.00,MANUAL_CAP,"[""BINDING_CEILING_MANUAL_CAP""]"
2026-02-15T22:29:05Z,VF-3T0K-DR5O,,,9.99,9.99,9.99,MANUAL_CAP,"[""BINDING_CEILING_MANUAL_CAP""]"
2026-02-15T22:29:05Z,XH-0LAE-FQO5,,,8.99,8.99,8.99,MANUAL_CAP,"[""BINDING_CEILING_MANUAL_CAP""]"
2026-02-15T22:29:05Z,XY-UM2X-TPS3,,,15.00,15.00,15.00,MANUAL_CAP,"[""BINDING_CEILING_MANUAL_CAP""]"
2026-02-15T22:29:05Z,YC-3L3M-BV48,,,109.45,109.45,109.45,MANUAL_CAP,"[""BINDING_CEILING_MANUAL_CAP""]"
2026-02-15T22:54:05Z,4W-VS57-BV6A,,,44.99,44.99,44.99,MANUAL_CAP,"[""BINDING_CEILING_MANUAL_CAP""]"
2026-02-15T22:54:05Z,6V-EEC1-2S9Z,,,10.64,10.64,10.64,MANUAL_CAP,"[""BINDING_CEILING_MANUAL_CAP""]"
2026-02-15T22:54:05Z,AX-NKNU-29C1,,,3.99,3.99,3.99,MANUAL_CAP,"[""BINDING_CEILING_MANUAL_CAP""]"
2026-02-15T22:54:05Z,JB-RGB6-LZOJ,,,7.49,9.99,7.49,ELIGIBILITY,"[""BINDING_CEILING_ELIGIBILITY""]"
2026-02-15T22:54:05Z,RZ-6ZL9-CZ7J,,,7.99,7.99,7.99,MANUAL_CAP,"[""BINDING_CEILING_MANUAL_CAP""]"
2026-02-15T22:54:05Z,TJ-6LOP-OPEU,,,9.00,9.00,9.00,MANUAL_CAP,"[""BINDING_CEILING_MANUAL_CAP""]"
2026-02-15T22:54:05Z,VF-3T0K-DR5O,,,9.99,9.99,9.99,MANUAL_CAP,"[""BINDING_CEILING_MANUAL_CAP""]"
2026-02-15T22:54:05Z,XH-0LAE-FQO5,,,8.99,8.99,8.99,MANUAL_CAP,"[""BINDING_CEILING_MANUAL_CAP""]"
2026-02-15T22:54:05Z,XY-UM2X-TPS3,,,15.00,15.00,15.00,MANUAL_CAP,"[""BINDING_CEILING_MANUAL_CAP""]"
2026-02-15T22:54:05Z,YC-3L3M-BV48,,,109.45,109.45,109.45,MANUAL_CAP,"[""BINDING_CEILING_MANUAL_CAP""]"
2026-02-15T23:19:06Z,4W-VS57-BV6A,,,44.99,44.99,44.99,MANUAL_CAP,"[""BINDING_CEILING_MANUAL_CAP""]"
2026-02-15T23:19:06Z,6V-EEC1-2S9Z,,,10.64,10.64,10.64,MANUAL_CAP,"[""BINDING_CEILING_MANUAL_CAP""]"
2026-02-15T23:19:06Z,AX-NKNU-29C1,,,3.99,3.99,3.99,MANUAL_CAP,"[""BINDING_CEILING_MANUAL_CAP""]"
2026-02-15T23:19:06Z,JB-RGB6-LZOJ,,,7.49,9.99,7.49,ELIGIBILITY,"[""BINDING_CEILING_ELIGIBILITY""]"
2026-02-15T23:19:06Z,RZ-6ZL9-CZ7J,,,7.99,7.99,7.99,MANUAL_CAP,"[""BINDING_CEILING_MANUAL_CAP""]"
2026-02-15T23:19:06Z,TJ-6LOP-OPEU,,,9.00,9.00,9.00,MANUAL_CAP,"[""BINDING_CEILING_MANUAL_CAP""]"
2026-02-15T23:19:06Z,VF-3T0K-DR5O,,,9.99,9.99,9.99,MANUAL_CAP,"[""BINDING_CEILING_MANUAL_CAP""]"
2026-02-15T23:19:06Z,XH-0LAE-FQO5,,,8.99,8.99,8.99,MANUAL_CAP,"[""BINDING_CEILING_MANUAL_CAP""]"
2026-02-15T23:19:06Z,XY-UM2X-TPS3,,,15.00,15.00,15.00,MANUAL_CAP,"[""BINDING_CEILING_MANUAL_CAP""]"
2026-02-15T23:19:06Z,YC-3L3M-BV48,,,109.45,109.45,109.45,MANUAL_CAP,"[""BINDING_CEILING_MANUAL_CAP""]"
2026-02-15T23:44:06Z,4W-VS57-BV6A,,,44.99,44.99,44.99,MANUAL_CAP,"[""BINDING_CEILING_MANUAL_CAP""]"
2026-02-15T23:44:06Z,6V-EEC1-2S9Z,,,10.64,10.64,10.64,MANUAL_CAP,"[""BINDING_CEILING_MANUAL_CAP""]"
2026-02-15T23:44:06Z,AX-NKNU-29C1,,,3.99,3.99,3.99,MANUAL_CAP,"[""BINDING_CEILING_MANUAL_CAP""]"
2026-02-15T23:44:06Z,JB-RGB6-LZOJ,,,7.49,9.99,7.49,ELIGIBILITY,"[""BINDING_CEILING_ELIGIBILITY""]"
2026-02-15T23:44:06Z,RZ-6ZL9-CZ7J,,,7.99,7.99,7.99,MANUAL_CAP,"[""BINDING_CEILING_MANUAL_CAP""]"
2026-02-15T23:44:06Z,TJ-6LOP-OPEU,,,9.00,9.00,9.00,MANUAL_CAP,"[""BINDING_CEILING_MANUAL_CAP""]"
2026-02-15T23:44:06Z,VF-3T0K-DR5O,,,9.99,9.99,9.99,MANUAL_CAP,"[""BINDING_CEILING_MANUAL_CAP""]"
2026-02-15T23:44:06Z,XH-0LAE-FQO5,,,8.99,8.99,8.99,MANUAL_CAP,"[""BINDING_CEILING_MANUAL_CAP""]"
2026-02-15T23:44:06Z,XY-UM2X-TPS3,,,15.00,15.00,15.00,MANUAL_CAP,"[""BINDING_CEILING_MANUAL_CAP""]"
2026-02-15T23:44:06Z,YC-3L3M-BV48,,,109.45,109.45,109.45,MANUAL_CAP,"[""BINDING_CEILING_MANUAL_CAP""]"
2026-02-16T00:09:06Z,4W-VS57-BV6A,,,44.99,44.99,44.99,MANUAL_CAP,"[""BINDING_CEILING_MANUAL_CAP""]"
2026-02-16T00:09:06Z,6V-EEC1-2S9Z,,,10.64,10.64,10.64,MANUAL_CAP,"[""BINDING_CEILING_MANUAL_CAP""]"
2026-02-16T00:09:06Z,AX-NKNU-29C1,,,3.99,3.99,3.99,MANUAL_CAP,"[""BINDING_CEILING_MANUAL_CAP""]"
2026-02-16T00:09:06Z,JB-RGB6-LZOJ,,,7.49,9.99,7.49,ELIGIBILITY,"[""BINDING_CEILING_ELIGIBILITY""]"
2026-02-16T00:09:06Z,RZ-6ZL9-CZ7J,,,7.99,7.99,7.99,MANUAL_CAP,"[""BINDING_CEILING_MANUAL_CAP""]"
2026-02-16T00:09:06Z,TJ-6LOP-OPEU,,,9.00,9.00,9.00,MANUAL_CAP,"[""BINDING_CEILING_MANUAL_CAP""]"
2026-02-16T00:09:06Z,VF-3T0K-DR5O,,,9.99,9.99,9.99,MANUAL_CAP,"[""BINDING_CEILING_MANUAL_CAP""]"
2026-02-16T00:09:06Z,XH-0LAE-FQO5,,,8.99,8.99,8.99,MANUAL_CAP,"[""BINDING_CEILING_MANUAL_CAP""]"
2026-02-16T00:09:06Z,XY-UM2X-TPS3,,,15.00,15.00,15.00,MANUAL_CAP,"[""BINDING_CEILING_MANUAL_CAP""]"
2026-02-16T00:09:06Z,YC-3L3M-BV48,,,109.45,109.45,109.45,MANUAL_CAP,"[""BINDING_CEILING_MANUAL_CAP""]"
2026-02-16T00:34:05Z,4W-VS57-BV6A,,,44.99,44.99,44.99,MANUAL_CAP,"[""BINDING_CEILING_MANUAL_CAP""]"
2026-02-16T00:34:05Z,6V-EEC1-2S9Z,,,10.64,10.64,10.64,MANUAL_CAP,"[""BINDING_CEILING_MANUAL_CAP""]"
2026-02-16T00:34:05Z,AX-NKNU-29C1,,,3.99,3.99,3.99,MANUAL_CAP,"[""BINDING_CEILING_MANUAL_CAP""]"
2026-02-16T00:34:05Z,JB-RGB6-LZOJ,,,7.49,9.99,7.49,ELIGIBILITY,"[""BINDING_CEILING_ELIGIBILITY""]"
2026-02-16T00:34:05Z,RZ-6ZL9-CZ7J,,,7.99,7.99,7.99,MANUAL_CAP,"[""BINDING_CEILING_MANUAL_CAP""]"
2026-02-16T00:34:05Z,TJ-6LOP-OPEU,,,9.00,9.00,9.00,MANUAL_CAP,"[""BINDING_CEILING_MANUAL_CAP""]"
2026-02-16T00:34:05Z,VF-3T0K-DR5O,,,9.99,9.99,9.99,MANUAL_CAP,"[""BINDING_CEILING_MANUAL_CAP""]"
2026-02-16T00:34:05Z,XH-0LAE-FQO5,,,8.99,8.99,8.99,MANUAL_CAP,"[""BINDING_CEILING_MANUAL_CAP""]"
2026-02-16T00:34:05Z,XY-UM2X-TPS3,,,15.00,15.00,15.00,MANUAL_CAP,"[""BINDING_CEILING_MANUAL_CAP""]"
2026-02-16T00:34:05Z,YC-3L3M-BV48,,,109.45,109.45,109.45,MANUAL_CAP,"[""BINDING_CEILING_MANUAL_CAP""]"
2026-02-16T00:59:06Z,4W-VS57-BV6A,,,44.99,44.99,44.99,MANUAL_CAP,"[""BINDING_CEILING_MANUAL_CAP""]"
2026-02-16T00:59:06Z,6V-EEC1-2S9Z,,,10.64,10.64,10.64,MANUAL_CAP,"[""BINDING_CEILING_MANUAL_CAP""]"
2026-02-16T00:59:06Z,AX-NKNU-29C1,,,3.99,3.99,3.99,MANUAL_CAP,"[""BINDING_CEILING_MANUAL_CAP""]"
2026-02-16T00:59:06Z,JB-RGB6-LZOJ,,,7.49,9.99,7.49,ELIGIBILITY,"[""BINDING_CEILING_ELIGIBILITY""]"
2026-02-16T00:59:06Z,RZ-6ZL9-CZ7J,,,7.99,7.99,7.99,MANUAL_CAP,"[""BINDING_CEILING_MANUAL_CAP""]"
2026-02-16T00:59:06Z,TJ-6LOP-OPEU,,,9.00,9.00,9.00,MANUAL_CAP,"[""BINDING_CEILING_MANUAL_CAP""]"
2026-02-16T00:59:06Z,VF-3T0K-DR5O,,,9.99,9.99,9.99,MANUAL_CAP,"[""BINDING_CEILING_MANUAL_CAP""]"
2026-02-16T00:59:06Z,XH-0LAE-FQO5,,,8.99,8.99,8.99,MANUAL_CAP,"[""BINDING_CEILING_MANUAL_CAP""]"
2026-02-16T00:59:06Z,XY-UM2X-TPS3,,,15.00,15.00,15.00,MANUAL_CAP,"[""BINDING_CEILING_MANUAL_CAP""]"
2026-02-16T00:59:06Z,YC-3L3M-BV48,,,109.45,109.45,109.45,MANUAL_CAP,"[""BINDING_CEILING_MANUAL_CAP""]"
2026-02-16T01:24:05Z,4W-VS57-BV6A,,,44.99,44.99,44.99,MANUAL_CAP,"[""BINDING_CEILING_MANUAL_CAP""]"
2026-02-16T01:24:05Z,6V-EEC1-2S9Z,,,10.64,10.64,10.64,MANUAL_CAP,"[""BINDING_CEILING_MANUAL_CAP""]"
2026-02-16T01:24:05Z,AX-NKNU-29C1,,,3.99,3.99,3.99,MANUAL_CAP,"[""BINDING_CEILING_MANUAL_CAP""]"
2026-02-16T01:24:05Z,JB-RGB6-LZOJ,,,7.49,9.99,7.49,ELIGIBILITY,"[""BINDING_CEILING_ELIGIBILITY""]"
2026-02-16T01:24:05Z,RZ-6ZL9-CZ7J,,,7.99,7.99,7.99,MANUAL_CAP,"[""BINDING_CEILING_MANUAL_CAP""]"
2026-02-16T01:24:05Z,TJ-6LOP-OPEU,,,9.00,9.00,9.00,MANUAL_CAP,"[""BINDING_CEILING_MANUAL_CAP""]"
2026-02-16T01:24:05Z,VF-3T0K-DR5O,,,9.99,9.99,9.99,MANUAL_CAP,"[""BINDING_CEILING_MANUAL_CAP""]"
2026-02-16T01:24:05Z,XH-0LAE-FQO5,,,8.99,8.99,8.99,MANUAL_CAP,"[""BINDING_CEILING_MANUAL_CAP""]"
2026-02-16T01:24:05Z,XY-UM2X-TPS3,,,15.00,15.00,15.00,MANUAL_CAP,"[""BINDING_CEILING_MANUAL_CAP""]"
2026-02-16T01:24:05Z,YC-3L3M-BV48,,,109.45,109.45,109.45,MANUAL_CAP,"[""BINDING_CEILING_MANUAL_CAP""]"
2026-02-16T01:49:05Z,4W-VS57-BV6A,,,44.99,44.99,44.99,MANUAL_CAP,"[""BINDING_CEILING_MANUAL_CAP""]"
2026-02-16T01:49:05Z,6V-EEC1-2S9Z,,,10.64,10.64,10.64,MANUAL_CAP,"[""BINDING_CEILING_MANUAL_CAP""]"
2026-02-16T01:49:05Z,AX-NKNU-29C1,,,3.99,3.99,3.99,MANUAL_CAP,"[""BINDING_CEILING_MANUAL_CAP""]"
2026-02-16T01:49:05Z,JB-RGB6-LZOJ,,,7.49,9.99,7.49,ELIGIBILITY,"[""BINDING_CEILING_ELIGIBILITY""]"
2026-02-16T01:49:05Z,RZ-6ZL9-CZ7J,,,7.99,7.99,7.99,MANUAL_CAP,"[""BINDING_CEILING_MANUAL_CAP""]"
2026-02-16T01:49:05Z,TJ-6LOP-OPEU,,,9.00,9.00,9.00,MANUAL_CAP,"[""BINDING_CEILING_MANUAL_CAP""]"
2026-02-16T01:49:05Z,VF-3T0K-DR5O,,,9.99,9.99,9.99,MANUAL_CAP,"[""BINDING_CEILING_MANUAL_CAP""]"
2026-02-16T01:49:05Z,XH-0LAE-FQO5,,,8.99,8.99,8.99,MANUAL_CAP,"[""BINDING_CEILING_MANUAL_CAP""]"
2026-02-16T01:49:05Z,XY-UM2X-TPS3,,,15.00,15.00,15.00,MANUAL_CAP,"[""BINDING_CEILING_MANUAL_CAP""]"
2026-02-16T01:49:05Z,YC-3L3M-BV48,,,109.45,109.45,109.45,MANUAL_CAP,"[""BINDING_CEILING_MANUAL_CAP""]"
2026-02-16T02:14:06Z,4W-VS57-BV6A,,,44.99,44.99,44.99,MANUAL_CAP,"[""BINDING_CEILING_MANUAL_CAP""]"
2026-02-16T02:14:06Z,6V-EEC1-2S9Z,,,10.64,10.64,10.64,MANUAL_CAP,"[""BINDING_CEILING_MANUAL_CAP""]"
2026-02-16T02:14:06Z,AX-NKNU-29C1,,,3.99,3.99,3.99,MANUAL_CAP,"[""BINDING_CEILING_MANUAL_CAP""]"
2026-02-16T02:14:06Z,JB-RGB6-LZOJ,,,7.49,9.99,7.49,ELIGIBILITY,"[""BINDING_CEILING_ELIGIBILITY""]"
2026-02-16T02:14:06Z,RZ-6ZL9-CZ7J,,,7.99,7.99,7.99,MANUAL_CAP,"[""BINDING_CEILING_MANUAL_CAP""]"
2026-02-16T02:14:06Z,TJ-6LOP-OPEU,,,9.00,9.00,9.00,MANUAL_CAP,"[""BINDING_CEILING_MANUAL_CAP""]"
2026-02-16T02:14:06Z,VF-3T0K-DR5O,,,9.99,9.99,9.99,MANUAL_CAP,"[""BINDING_CEILING_MANUAL_CAP""]"
2026-02-16T02:14:06Z,XH-0LAE-FQO5,,,8.99,8.99,8.99,MANUAL_CAP,"[""BINDING_CEILING_MANUAL_CAP""]"
2026-02-16T02:14:06Z,XY-UM2X-TPS3,,,15.00,15.00,15.00,MANUAL_CAP,"[""BINDING_CEILING_MANUAL_CAP""]"
2026-02-16T02:14:06Z,YC-3L3M-BV48,,,109.45,109.45,109.45,MANUAL_CAP,"[""BINDING_CEILING_MANUAL_CAP""]"
2026-02-16T02:39:06Z,4W-VS57-BV6A,,,44.99,44.99,44.99,MANUAL_CAP,"[""BINDING_CEILING_MANUAL_CAP""]"
2026-02-16T02:39:06Z,6V-EEC1-2S9Z,,,10.64,10.64,10.64,MANUAL_CAP,"[""BINDING_CEILING_MANUAL_CAP""]"
2026-02-16T02:39:06Z,AX-NKNU-29C1,,,3.99,3.99,3.99,MANUAL_CAP,"[""BINDING_CEILING_MANUAL_CAP""]"
2026-02-16T02:39:06Z,JB-RGB6-LZOJ,,,7.49,9.99,7.49,ELIGIBILITY,"[""BINDING_CEILING_ELIGIBILITY""]"
2026-02-16T02:39:06Z,RZ-6ZL9-CZ7J,,,7.99,7.99,7.99,MANUAL_CAP,"[""BINDING_CEILING_MANUAL_CAP""]"
2026-02-16T02:39:06Z,TJ-6LOP-OPEU,,,9.00,9.00,9.00,MANUAL_CAP,"[""BINDING_CEILING_MANUAL_CAP""]"
2026-02-16T02:39:06Z,VF-3T0K-DR5O,,,9.99,9.99,9.99,MANUAL_CAP,"[""BINDING_CEILING_MANUAL_CAP""]"
2026-02-16T02:39:06Z,XH-0LAE-FQO5,,,8.99,8.99,8.99,MANUAL_CAP,"[""BINDING_CEILING_MANUAL_CAP""]"
2026-02-16T02:39:06Z,XY-UM2X-TPS3,,,15.00,15.00,15.00,MANUAL_CAP,"[""BINDING_CEILING_MANUAL_CAP""]"
2026-02-16T02:39:06Z,YC-3L3M-BV48,,,109.45,109.45,109.45,MANUAL_CAP,"[""BINDING_CEILING_MANUAL_CAP""]"
2026-02-16T03:04:06Z,4W-VS57-BV6A,,,44.99,44.99,44.99,MANUAL_CAP,"[""BINDING_CEILING_MANUAL_CAP""]"
2026-02-16T03:04:06Z,6V-EEC1-2S9Z,,,10.64,10.64,10.64,MANUAL_CAP,"[""BINDING_CEILING_MANUAL_CAP""]"
2026-02-16T03:04:06Z,AX-NKNU-29C1,,,3.99,3.99,3.99,MANUAL_CAP,"[""BINDING_CEILING_MANUAL_CAP""]"
2026-02-16T03:04:06Z,JB-RGB6-LZOJ,,,7.49,9.99,7.49,ELIGIBILITY,"[""BINDING_CEILING_ELIGIBILITY""]"
2026-02-16T03:04:06Z,RZ-6ZL9-CZ7J,,,7.99,7.99,7.99,MANUAL_CAP,"[""BINDING_CEILING_MANUAL_CAP""]"
2026-02-16T03:04:06Z,TJ-6LOP-OPEU,,,9.00,9.00,9.00,MANUAL_CAP,"[""BINDING_CEILING_MANUAL_CAP""]"
2026-02-16T03:04:06Z,VF-3T0K-DR5O,,,9.99,9.99,9.99,MANUAL_CAP,"[""BINDING_CEILING_MANUAL_CAP""]"
2026-02-16T03:04:06Z,XH-0LAE-FQO5,,,8.99,8.99,8.99,MANUAL_CAP,"[""BINDING_CEILING_MANUAL_CAP""]"
2026-02-16T03:04:06Z,XY-UM2X-TPS3,,,15.00,15.00,15.00,MANUAL_CAP,"[""BINDING_CEILING_MANUAL_CAP""]"
2026-02-16T03:04:06Z,YC-3L3M-BV48,,,109.45,109.45,109.45,MANUAL_CAP,"[""BINDING_CEILING_MANUAL_CAP""]"
2026-02-16T03:29:06Z,4W-VS57-BV6A,,,44.99,44.99,44.99,MANUAL_CAP,"[""BINDING_CEILING_MANUAL_CAP""]"
2026-02-16T03:29:06Z,6V-EEC1-2S9Z,,,10.64,10.64,10.64,MANUAL_CAP,"[""BINDING_CEILING_MANUAL_CAP""]"
2026-02-16T03:29:06Z,AX-NKNU-29C1,,,3.99,3.99,3.99,MANUAL_CAP,"[""BINDING_CEILING_MANUAL_CAP""]"
2026-02-16T03:29:06Z,JB-RGB6-LZOJ,,,7.49,9.99,7.49,ELIGIBILITY,"[""BINDING_CEILING_ELIGIBILITY""]"
2026-02-16T03:29:06Z,RZ-6ZL9-CZ7J,,,7.99,7.99,7.99,MANUAL_CAP,"[""BINDING_CEILING_MANUAL_CAP""]"
2026-02-16T03:29:06Z,TJ-6LOP-OPEU,,,9.00,9.00,9.00,MANUAL_CAP,"[""BINDING_CEILING_MANUAL_CAP""]"
2026-02-16T03:29:06Z,VF-3T0K-DR5O,,,9.99,9.99,9.99,MANUAL_CAP,"[""BINDING_CEILING_MANUAL_CAP""]"
2026-02-16T03:29:06Z,XH-0LAE-FQO5,,,8.99,8.99,8.99,MANUAL_CAP,"[""BINDING_CEILING_MANUAL_CAP""]"
2026-02-16T03:29:06Z,XY-UM2X-TPS3,,,15.00,15.00,15.00,MANUAL_CAP,"[""BINDING_CEILING_MANUAL_CAP""]"
2026-02-16T03:29:06Z,YC-3L3M-BV48,,,109.45,109.45,109.45,MANUAL_CAP,"[""BINDING_CEILING_MANUAL_CAP""]"
2026-02-16T03:54:07Z,4W-VS57-BV6A,,,44.99,44.99,44.99,MANUAL_CAP,"[""BINDING_CEILING_MANUAL_CAP""]"
2026-02-16T03:54:07Z,6V-EEC1-2S9Z,,,10.64,10.64,10.64,MANUAL_CAP,"[""BINDING_CEILING_MANUAL_CAP""]"
2026-02-16T03:54:07Z,AX-NKNU-29C1,,,3.99,3.99,3.99,MANUAL_CAP,"[""BINDING_CEILING_MANUAL_CAP""]"
2026-02-16T03:54:07Z,JB-RGB6-LZOJ,,,7.49,9.99,7.49,ELIGIBILITY,"[""BINDING_CEILING_ELIGIBILITY""]"
2026-02-16T03:54:07Z,RZ-6ZL9-CZ7J,,,7.99,7.99,7.99,MANUAL_CAP,"[""BINDING_CEILING_MANUAL_CAP""]"
2026-02-16T03:54:07Z,TJ-6LOP-OPEU,,,9.00,9.00,9.00,MANUAL_CAP,"[""BINDING_CEILING_MANUAL_CAP""]"
2026-02-16T03:54:07Z,VF-3T0K-DR5O,,,9.99,9.99,9.99,MANUAL_CAP,"[""BINDING_CEILING_MANUAL_CAP""]"
2026-02-16T03:54:07Z,XH-0LAE-FQO5,,,8.99,8.99,8.99,MANUAL_CAP,"[""BINDING_CEILING_MANUAL_CAP""]"
2026-02-16T03:54:07Z,XY-UM2X-TPS3,,,15.00,15.00,15.00,MANUAL_CAP,"[""BINDING_CEILING_MANUAL_CAP""]"
2026-02-16T03:54:07Z,YC-3L3M-BV48,,,109.45,109.45,109.45,MANUAL_CAP,"[""BINDING_CEILING_MANUAL_CAP""]"
2026-02-16T04:19:07Z,4W-VS57-BV6A,,,44.99,44.99,44.99,MANUAL_CAP,"[""BINDING_CEILING_MANUAL_CAP""]"
2026-02-16T04:19:07Z,6V-EEC1-2S9Z,,,10.64,10.64,10.64,MANUAL_CAP,"[""BINDING_CEILING_MANUAL_CAP""]"
2026-02-16T04:19:07Z,AX-NKNU-29C1,,,3.99,3.99,3.99,MANUAL_CAP,"[""BINDING_CEILING_MANUAL_CAP""]"
2026-02-16T04:19:07Z,JB-RGB6-LZOJ,,,7.49,9.99,7.49,ELIGIBILITY,"[""BINDING_CEILING_ELIGIBILITY""]"
2026-02-16T04:19:07Z,RZ-6ZL9-CZ7J,,,7.99,7.99,7.99,MANUAL_CAP,"[""BINDING_CEILING_MANUAL_CAP""]"
2026-02-16T04:19:07Z,TJ-6LOP-OPEU,,,9.00,9.00,9.00,MANUAL_CAP,"[""BINDING_CEILING_MANUAL_CAP""]"
2026-02-16T04:19:07Z,VF-3T0K-DR5O,,,9.99,9.99,9.99,MANUAL_CAP,"[""BINDING_CEILING_MANUAL_CAP""]"
2026-02-16T04:19:07Z,XH-0LAE-FQO5,,,8.99,8.99,8.99,MANUAL_CAP,"[""BINDING_CEILING_MANUAL_CAP""]"
2026-02-16T04:19:07Z,XY-UM2X-TPS3,,,15.00,15.00,15.00,MANUAL_CAP,"[""BINDING_CEILING_MANUAL_CAP""]"
2026-02-16T04:19:07Z,YC-3L3M-BV48,,,109.45,109.45,109.45,MANUAL_CAP,"[""BINDING_CEILING_MANUAL_CAP""]"
2026-02-16T04:44:07Z,4W-VS57-BV6A,,,44.99,44.99,44.99,MANUAL_CAP,"[""BINDING_CEILING_MANUAL_CAP""]"
2026-02-16T04:44:07Z,6V-EEC1-2S9Z,,,10.64,10.64,10.64,MANUAL_CAP,"[""BINDING_CEILING_MANUAL_CAP""]"
2026-02-16T04:44:07Z,AX-NKNU-29C1,,,3.99,3.99,3.99,MANUAL_CAP,"[""BINDING_CEILING_MANUAL_CAP""]"
2026-02-16T04:44:07Z,JB-RGB6-LZOJ,,,7.49,9.99,7.49,ELIGIBILITY,"[""BINDING_CEILING_ELIGIBILITY""]"
2026-02-16T04:44:07Z,RZ-6ZL9-CZ7J,,,7.99,7.99,7.99,MANUAL_CAP,"[""BINDING_CEILING_MANUAL_CAP""]"
2026-02-16T04:44:07Z,TJ-6LOP-OPEU,,,9.00,9.00,9.00,MANUAL_CAP,"[""BINDING_CEILING_MANUAL_CAP""]"
2026-02-16T04:44:07Z,VF-3T0K-DR5O,,,9.99,9.99,9.99,MANUAL_CAP,"[""BINDING_CEILING_MANUAL_CAP""]"
2026-02-16T04:44:07Z,XH-0LAE-FQO5,,,8.99,8.99,8.99,MANUAL_CAP,"[""BINDING_CEILING_MANUAL_CAP""]"
2026-02-16T04:44:07Z,XY-UM2X-TPS3,,,15.00,15.00,15.00,MANUAL_CAP,"[""BINDING_CEILING_MANUAL_CAP""]"
2026-02-16T04:44:07Z,YC-3L3M-BV48,,,109.45,109.45,109.45,MANUAL_CAP,"[""BINDING_CEILING_MANUAL_CAP""]"
2026-02-16T05:09:08Z,4W-VS57-BV6A,,,44.99,44.99,44.99,MANUAL_CAP,"[""BINDING_CEILING_MANUAL_CAP""]"
2026-02-16T05:09:08Z,6V-EEC1-2S9Z,,,10.64,10.64,10.64,MANUAL_CAP,"[""BINDING_CEILING_MANUAL_CAP""]"
2026-02-16T05:09:08Z,AX-NKNU-29C1,,,3.99,3.99,3.99,MANUAL_CAP,"[""BINDING_CEILING_MANUAL_CAP""]"
2026-02-16T05:09:08Z,JB-RGB6-LZOJ,,,7.49,9.99,7.49,ELIGIBILITY,"[""BINDING_CEILING_ELIGIBILITY""]"
2026-02-16T05:09:08Z,RZ-6ZL9-CZ7J,,,7.99,7.99,7.99,MANUAL_CAP,"[""BINDING_CEILING_MANUAL_CAP""]"
2026-02-16T05:09:08Z,TJ-6LOP-OPEU,,,9.00,9.00,9.00,MANUAL_CAP,"[""BINDING_CEILING_MANUAL_CAP""]"
2026-02-16T05:09:08Z,VF-3T0K-DR5O,,,9.99,9.99,9.99,MANUAL_CAP,"[""BINDING_CEILING_MANUAL_CAP""]"
2026-02-16T05:09:08Z,XH-0LAE-FQO5,,,8.99,8.99,8.99,MANUAL_CAP,"[""BINDING_CEILING_MANUAL_CAP""]"
2026-02-16T05:09:08Z,XY-UM2X-TPS3,,,15.00,15.00,15.00,MANUAL_CAP,"[""BINDING_CEILING_MANUAL_CAP""]"
2026-02-16T05:09:08Z,YC-3L3M-BV48,,,109.45,109.45,109.45,MANUAL_CAP,"[""BINDING_CEILING_MANUAL_CAP""]"
2026-02-16T05:34:11Z,4W-VS57-BV6A,,,44.99,44.99,44.99,MANUAL_CAP,"[""BINDING_CEILING_MANUAL_CAP""]"
2026-02-16T05:34:11Z,6V-EEC1-2S9Z,,,10.64,10.64,10.64,MANUAL_CAP,"[""BINDING_CEILING_MANUAL_CAP""]"
2026-02-16T05:34:11Z,AX-NKNU-29C1,,,3.99,3.99,3.99,MANUAL_CAP,"[""BINDING_CEILING_MANUAL_CAP""]"
2026-02-16T05:34:11Z,JB-RGB6-LZOJ,,,7.49,9.99,7.49,ELIGIBILITY,"[""BINDING_CEILING_ELIGIBILITY""]"
2026-02-16T05:34:11Z,RZ-6ZL9-CZ7J,,,7.99,7.99,7.99,MANUAL_CAP,"[""BINDING_CEILING_MANUAL_CAP""]"
2026-02-16T05:34:11Z,TJ-6LOP-OPEU,,,9.00,9.00,9.00,MANUAL_CAP,"[""BINDING_CEILING_MANUAL_CAP""]"
2026-02-16T05:34:11Z,VF-3T0K-DR5O,,,9.99,9.99,9.99,MANUAL_CAP,"[""BINDING_CEILING_MANUAL_CAP""]"
2026-02-16T05:34:11Z,XH-0LAE-FQO5,,,8.99,8.99,8.99,MANUAL_CAP,"[""BINDING_CEILING_MANUAL_CAP""]"
2026-02-16T05:34:11Z,XY-UM2X-TPS3,,,15.00,15.00,15.00,MANUAL_CAP,"[""BINDING_CEILING_MANUAL_CAP""]"
2026-02-16T05:34:11Z,YC-3L3M-BV48,,,109.45,109.45,109.45,MANUAL_CAP,"[""BINDING_CEILING_MANUAL_CAP""]"
2026-02-16T05:59:11Z,4W-VS57-BV6A,,,44.99,44.99,44.99,MANUAL_CAP,"[""BINDING_CEILING_MANUAL_CAP""]"
2026-02-16T05:59:11Z,6V-EEC1-2S9Z,,,10.64,10.64,10.64,MANUAL_CAP,"[""BINDING_CEILING_MANUAL_CAP""]"
2026-02-16T05:59:11Z,AX-NKNU-29C1,,,3.99,3.99,3.99,MANUAL_CAP,"[""BINDING_CEILING_MANUAL_CAP""]"
2026-02-16T05:59:11Z,JB-RGB6-LZOJ,,,7.49,9.99,7.49,ELIGIBILITY,"[""BINDING_CEILING_ELIGIBILITY""]"
2026-02-16T05:59:11Z,RZ-6ZL9-CZ7J,,,7.99,7.99,7.99,MANUAL_CAP,"[""BINDING_CEILING_MANUAL_CAP""]"
2026-02-16T05:59:11Z,TJ-6LOP-OPEU,,,9.00,9.00,9.00,MANUAL_CAP,"[""BINDING_CEILING_MANUAL_CAP""]"
2026-02-16T05:59:11Z,VF-3T0K-DR5O,,,9.99,9.99,9.99,MANUAL_CAP,"[""BINDING_CEILING_MANUAL_CAP""]"
2026-02-16T05:59:11Z,XH-0LAE-FQO5,,,8.99,8.99,8.99,MANUAL_CAP,"[""BINDING_CEILING_MANUAL_CAP""]"
2026-02-16T05:59:11Z,XY-UM2X-TPS3,,,15.00,15.00,15.00,MANUAL_CAP,"[""BINDING_CEILING_MANUAL_CAP""]"
2026-02-16T05:59:11Z,YC-3L3M-BV48,,,109.45,109.45,109.45,MANUAL_CAP,"[""BINDING_CEILING_MANUAL_CAP""]"
2026-02-16T06:24:11Z,4W-VS57-BV6A,,,44.99,44.99,44.99,MANUAL_CAP,"[""BINDING_CEILING_MANUAL_CAP""]"
2026-02-16T06:24:11Z,6V-EEC1-2S9Z,,,10.64,10.64,10.64,MANUAL_CAP,"[""BINDING_CEILING_MANUAL_CAP""]"
2026-02-16T06:24:11Z,AX-NKNU-29C1,,,3.99,3.99,3.99,MANUAL_CAP,"[""BINDING_CEILING_MANUAL_CAP""]"
2026-02-16T06:24:11Z,JB-RGB6-LZOJ,,,7.49,9.99,7.49,ELIGIBILITY,"[""BINDING_CEILING_ELIGIBILITY""]"
2026-02-16T06:24:11Z,RZ-6ZL9-CZ7J,,,7.99,7.99,7.99,MANUAL_CAP,"[""BINDING_CEILING_MANUAL_CAP""]"
2026-02-16T06:24:11Z,TJ-6LOP-OPEU,,,9.00,9.00,9.00,MANUAL_CAP,"[""BINDING_CEILING_MANUAL_CAP""]"
2026-02-16T06:24:11Z,VF-3T0K-DR5O,,,9.99,9.99,9.99,MANUAL_CAP,"[""BINDING_CEILING_MANUAL_CAP""]"
2026-02-16T06:24:11Z,XH-0LAE-FQO5,,,8.99,8.99,8.99,MANUAL_CAP,"[""BINDING_CEILING_MANUAL_CAP""]"
2026-02-16T06:24:11Z,XY-UM2X-TPS3,,,15.00,15.00,15.00,MANUAL_CAP,"[""BINDING_CEILING_MANUAL_CAP""]"
2026-02-16T06:24:11Z,YC-3L3M-BV48,,,109.45,109.45,109.45,MANUAL_CAP,"[""BINDING_CEILING_MANUAL_CAP""]"
2026-02-16T06:49:11Z,4W-VS57-BV6A,,,44.99,44.99,44.99,MANUAL_CAP,"[""BINDING_CEILING_MANUAL_CAP""]"
2026-02-16T06:49:11Z,6V-EEC1-2S9Z,,,10.64,10.64,10.64,MANUAL_CAP,"[""BINDING_CEILING_MANUAL_CAP""]"
2026-02-16T06:49:11Z,AX-NKNU-29C1,,,3.99,3.99,3.99,MANUAL_CAP,"[""BINDING_CEILING_MANUAL_CAP""]"
2026-02-16T06:49:11Z,JB-RGB6-LZOJ,,,7.49,9.99,7.49,ELIGIBILITY,"[""BINDING_CEILING_ELIGIBILITY""]"
2026-02-16T06:49:11Z,RZ-6ZL9-CZ7J,,,7.99,7.99,7.99,MANUAL_CAP,"[""BINDING_CEILING_MANUAL_CAP""]"
2026-02-16T06:49:11Z,TJ-6LOP-OPEU,,,9.00,9.00,9.00,MANUAL_CAP,"[""BINDING_CEILING_MANUAL_CAP""]"
2026-02-16T06:49:11Z,VF-3T0K-DR5O,,,9.99,9.99,9.99,MANUAL_CAP,"[""BINDING_CEILING_MANUAL_CAP""]"
2026-02-16T06:49:11Z,XH-0LAE-FQO5,,,8.99,8.99,8.99,MANUAL_CAP,"[""BINDING_CEILING_MANUAL_CAP""]"
2026-02-16T06:49:11Z,XY-UM2X-TPS3,,,15.00,15.00,15.00,MANUAL_CAP,"[""BINDING_CEILING_MANUAL_CAP""]"
2026-02-16T06:49:11Z,YC-3L3M-BV48,,,109.45,109.45,109.45,MANUAL_CAP,"[""BINDING_CEILING_MANUAL_CAP""]"
2026-02-16T07:14:11Z,4W-VS57-BV6A,,,44.99,44.99,44.99,MANUAL_CAP,"[""BINDING_CEILING_MANUAL_CAP""]"
2026-02-16T07:14:11Z,6V-EEC1-2S9Z,,,10.64,10.64,10.64,MANUAL_CAP,"[""BINDING_CEILING_MANUAL_CAP""]"
2026-02-16T07:14:11Z,AX-NKNU-29C1,,,3.99,3.99,3.99,MANUAL_CAP,"[""BINDING_CEILING_MANUAL_CAP""]"
2026-02-16T07:14:11Z,JB-RGB6-LZOJ,,,7.49,9.99,7.49,ELIGIBILITY,"[""BINDING_CEILING_ELIGIBILITY""]"
2026-02-16T07:14:11Z,RZ-6ZL9-CZ7J,,,7.99,7.99,7.99,MANUAL_CAP,"[""BINDING_CEILING_MANUAL_CAP""]"
2026-02-16T07:14:11Z,TJ-6LOP-OPEU,,,9.00,9.00,9.00,MANUAL_CAP,"[""BINDING_CEILING_MANUAL_CAP""]"
2026-02-16T07:14:11Z,VF-3T0K-DR5O,,,9.99,9.99,9.99,MANUAL_CAP,"[""BINDING_CEILING_MANUAL_CAP""]"
2026-02-16T07:14:11Z,XH-0LAE-FQO5,,,8.99,8.99,8.99,MANUAL_CAP,"[""BINDING_CEILING_MANUAL_CAP""]"
2026-02-16T07:14:11Z,XY-UM2X-TPS3,,,15.00,15.00,15.00,MANUAL_CAP,"[""BINDING_CEILING_MANUAL_CAP""]"
2026-02-16T07:14:11Z,YC-3L3M-BV48,,,109.45,109.45,109.45,MANUAL_CAP,"[""BINDING_CEILING_MANUAL_CAP""]"
2026-02-16T07:39:11Z,4W-VS57-BV6A,,,44.99,44.99,44.99,MANUAL_CAP,"[""BINDING_CEILING_MANUAL_CAP""]"
2026-02-16T07:39:11Z,6V-EEC1-2S9Z,,,10.64,10.64,10.64,MANUAL_CAP,"[""BINDING_CEILING_MANUAL_CAP""]"
2026-02-16T07:39:11Z,AX-NKNU-29C1,,,3.99,3.99,3.99,MANUAL_CAP,"[""BINDING_CEILING_MANUAL_CAP""]"
2026-02-16T07:39:11Z,JB-RGB6-LZOJ,,,7.49,9.99,7.49,ELIGIBILITY,"[""BINDING_CEILING_ELIGIBILITY""]"
2026-02-16T07:39:11Z,RZ-6ZL9-CZ7J,,,7.99,7.99,7.99,MANUAL_CAP,"[""BINDING_CEILING_MANUAL_CAP""]"
2026-02-16T07:39:11Z,TJ-6LOP-OPEU,,,9.00,9.00,9.00,MANUAL_CAP,"[""BINDING_CEILING_MANUAL_CAP""]"
2026-02-16T07:39:11Z,VF-3T0K-DR5O,,,9.99,9.99,9.99,MANUAL_CAP,"[""BINDING_CEILING_MANUAL_CAP""]"
2026-02-16T07:39:11Z,XH-0LAE-FQO5,,,8.99,8.99,8.99,MANUAL_CAP,"[""BINDING_CEILING_MANUAL_CAP""]"
2026-02-16T07:39:11Z,XY-UM2X-TPS3,,,15.00,15.00,15.00,MANUAL_CAP,"[""BINDING_CEILING_MANUAL_CAP""]"
2026-02-16T07:39:11Z,YC-3L3M-BV48,,,109.45,109.45,109.45,MANUAL_CAP,"[""BINDING_CEILING_MANUAL_CAP""]"
2026-02-16T09:16:27Z,4W-VS57-BV6A,,,44.99,44.99,44.99,MANUAL_CAP,"[""BINDING_CEILING_MANUAL_CAP""]"
2026-02-16T09:16:27Z,6V-EEC1-2S9Z,,,10.64,10.64,10.64,MANUAL_CAP,"[""BINDING_CEILING_MANUAL_CAP""]"
2026-02-16T09:16:27Z,AX-NKNU-29C1,,,3.99,3.99,3.99,MANUAL_CAP,"[""BINDING_CEILING_MANUAL_CAP""]"
2026-02-16T09:16:27Z,JB-RGB6-LZOJ,,,7.49,9.99,7.49,ELIGIBILITY,"[""BINDING_CEILING_ELIGIBILITY""]"
2026-02-16T09:16:27Z,RZ-6ZL9-CZ7J,,,7.99,7.99,7.99,MANUAL_CAP,"[""BINDING_CEILING_MANUAL_CAP""]"
2026-02-16T09:16:27Z,TJ-6LOP-OPEU,,,9.00,9.00,9.00,MANUAL_CAP,"[""BINDING_CEILING_MANUAL_CAP""]"
2026-02-16T09:16:27Z,VF-3T0K-DR5O,,,9.99,9.99,9.99,MANUAL_CAP,"[""BINDING_CEILING_MANUAL_CAP""]"
2026-02-16T09:16:27Z,XH-0LAE-FQO5,,,8.99,8.99,8.99,MANUAL_CAP,"[""BINDING_CEILING_MANUAL_CAP""]"
2026-02-16T09:16:27Z,XY-UM2X-TPS3,,,15.00,15.00,15.00,MANUAL_CAP,"[""BINDING_CEILING_MANUAL_CAP""]"
2026-02-16T09:16:27Z,YC-3L3M-BV48,,,109.45,109.45,109.45,MANUAL_CAP,"[""BINDING_CEILING_MANUAL_CAP""]"
2026-02-16T09:32:34Z,4W-VS57-BV6A,,,44.99,44.99,44.99,MANUAL_CAP,"[""BINDING_CEILING_MANUAL_CAP""]"
2026-02-16T09:32:34Z,6V-EEC1-2S9Z,,,10.64,10.64,10.64,MANUAL_CAP,"[""BINDING_CEILING_MANUAL_CAP""]"
2026-02-16T09:32:34Z,AX-NKNU-29C1,,,3.99,3.99,3.99,MANUAL_CAP,"[""BINDING_CEILING_MANUAL_CAP""]"
2026-02-16T09:32:34Z,JB-RGB6-LZOJ,,,7.49,9.99,7.49,ELIGIBILITY,"[""BINDING_CEILING_ELIGIBILITY""]"
2026-02-16T09:32:34Z,RZ-6ZL9-CZ7J,,,7.99,7.99,7.99,MANUAL_CAP,"[""BINDING_CEILING_MANUAL_CAP""]"
2026-02-16T09:32:34Z,TJ-6LOP-OPEU,,,9.00,9.00,9.00,MANUAL_CAP,"[""BINDING_CEILING_MANUAL_CAP""]"
2026-02-16T09:32:34Z,VF-3T0K-DR5O,,,9.99,9.99,9.99,MANUAL_CAP,"[""BINDING_CEILING_MANUAL_CAP""]"
2026-02-16T09:32:34Z,XH-0LAE-FQO5,,,8.99,8.99,8.99,MANUAL_CAP,"[""BINDING_CEILING_MANUAL_CAP""]"
2026-02-16T09:32:34Z,XY-UM2X-TPS3,,,15.00,15.00,15.00,MANUAL_CAP,"[""BINDING_CEILING_MANUAL_CAP""]"
2026-02-16T09:32:34Z,YC-3L3M-BV48,,,109.45,109.45,109.45,MANUAL_CAP,"[""BINDING_CEILING_MANUAL_CAP""]"
2026-02-16T09:48:39Z,4W-VS57-BV6A,,,44.99,44.99,44.99,MANUAL_CAP,"[""BINDING_CEILING_MANUAL_CAP""]"
2026-02-16T09:48:39Z,6V-EEC1-2S9Z,,,10.64,10.64,10.64,MANUAL_CAP,"[""BINDING_CEILING_MANUAL_CAP""]"
2026-02-16T09:48:39Z,AX-NKNU-29C1,,,3.99,3.99,3.99,MANUAL_CAP,"[""BINDING_CEILING_MANUAL_CAP""]"
2026-02-16T09:48:39Z,JB-RGB6-LZOJ,,,7.49,9.99,7.49,ELIGIBILITY,"[""BINDING_CEILING_ELIGIBILITY""]"
2026-02-16T09:48:39Z,RZ-6ZL9-CZ7J,,,7.99,7.99,7.99,MANUAL_CAP,"[""BINDING_CEILING_MANUAL_CAP""]"
2026-02-16T09:48:39Z,TJ-6LOP-OPEU,,,9.00,9.00,9.00,MANUAL_CAP,"[""BINDING_CEILING_MANUAL_CAP""]"
2026-02-16T09:48:39Z,VF-3T0K-DR5O,,,9.99,9.99,9.99,MANUAL_CAP,"[""BINDING_CEILING_MANUAL_CAP""]"
2026-02-16T09:48:39Z,XH-0LAE-FQO5,,,8.99,8.99,8.99,MANUAL_CAP,"[""BINDING_CEILING_MANUAL_CAP""]"
2026-02-16T09:48:39Z,XY-UM2X-TPS3,,,15.00,15.00,15.00,MANUAL_CAP,"[""BINDING_CEILING_MANUAL_CAP""]"
2026-02-16T09:48:39Z,YC-3L3M-BV48,,,109.45,109.45,109.45,MANUAL_CAP,"[""BINDING_CEILING_MANUAL_CAP""]"
2026-02-16T10:04:44Z,4W-VS57-BV6A,,,44.99,44.99,44.99,MANUAL_CAP,"[""BINDING_CEILING_MANUAL_CAP""]"
2026-02-16T10:04:44Z,6V-EEC1-2S9Z,,,10.64,10.64,10.64,MANUAL_CAP,"[""BINDING_CEILING_MANUAL_CAP""]"
2026-02-16T10:04:44Z,AX-NKNU-29C1,,,3.99,3.99,3.99,MANUAL_CAP,"[""BINDING_CEILING_MANUAL_CAP""]"
2026-02-16T10:04:44Z,JB-RGB6-LZOJ,,,7.49,9.99,7.49,ELIGIBILITY,"[""BINDING_CEILING_ELIGIBILITY""]"
2026-02-16T10:04:44Z,RZ-6ZL9-CZ7J,,,7.99,7.99,7.99,MANUAL_CAP,"[""BINDING_CEILING_MANUAL_CAP""]"
2026-02-16T10:04:44Z,TJ-6LOP-OPEU,,,9.00,9.00,9.00,MANUAL_CAP,"[""BINDING_CEILING_MANUAL_CAP""]"
2026-02-16T10:04:44Z,VF-3T0K-DR5O,,,9.99,9.99,9.99,MANUAL_CAP,"[""BINDING_CEILING_MANUAL_CAP""]"
2026-02-16T10:04:44Z,XH-0LAE-FQO5,,,8.99,8.99,8.99,MANUAL_CAP,"[""BINDING_CEILING_MANUAL_CAP""]"
2026-02-16T10:04:44Z,XY-UM2X-TPS3,,,15.00,15.00,15.00,MANUAL_CAP,"[""BINDING_CEILING_MANUAL_CAP""]"
2026-02-16T10:04:44Z,YC-3L3M-BV48,,,109.45,109.45,109.45,MANUAL_CAP,"[""BINDING_CEILING_MANUAL_CAP""]"
2026-02-16T10:20:47Z,4W-VS57-BV6A,,,44.99,44.99,44.99,MANUAL_CAP,"[""BINDING_CEILING_MANUAL_CAP""]"
2026-02-16T10:20:47Z,6V-EEC1-2S9Z,,,10.64,10.64,10.64,MANUAL_CAP,"[""BINDING_CEILING_MANUAL_CAP""]"
2026-02-16T10:20:47Z,AX-NKNU-29C1,,,3.99,3.99,3.99,MANUAL_CAP,"[""BINDING_CEILING_MANUAL_CAP""]"
2026-02-16T10:20:47Z,JB-RGB6-LZOJ,,,7.49,9.99,7.49,ELIGIBILITY,"[""BINDING_CEILING_ELIGIBILITY""]"
2026-02-16T10:20:47Z,RZ-6ZL9-CZ7J,,,7.99,7.99,7.99,MANUAL_CAP,"[""BINDING_CEILING_MANUAL_CAP""]"
2026-02-16T10:20:47Z,TJ-6LOP-OPEU,,,9.00,9.00,9.00,MANUAL_CAP,"[""BINDING_CEILING_MANUAL_CAP""]"
2026-02-16T10:20:47Z,VF-3T0K-DR5O,,,9.99,9.99,9.99,MANUAL_CAP,"[""BINDING_CEILING_MANUAL_CAP""]"
2026-02-16T10:20:47Z,XH-0LAE-FQO5,,,8.99,8.99,8.99,MANUAL_CAP,"[""BINDING_CEILING_MANUAL_CAP""]"
2026-02-16T10:20:47Z,XY-UM2X-TPS3,,,15.00,15.00,15.00,MANUAL_CAP,"[""BINDING_CEILING_MANUAL_CAP""]"
2026-02-16T10:20:47Z,YC-3L3M-BV48,,,109.45,109.45,109.45,MANUAL_CAP,"[""BINDING_CEILING_MANUAL_CAP""]"
2026-02-16T10:36:57Z,4W-VS57-BV6A,,,44.99,44.99,44.99,MANUAL_CAP,"[""BINDING_CEILING_MANUAL_CAP""]"
2026-02-16T10:36:57Z,6V-EEC1-2S9Z,,,10.64,10.64,10.64,MANUAL_CAP,"[""BINDING_CEILING_MANUAL_CAP""]"
2026-02-16T10:36:57Z,AX-NKNU-29C1,,,3.99,3.99,3.99,MANUAL_CAP,"[""BINDING_CEILING_MANUAL_CAP""]"
2026-02-16T10:36:57Z,JB-RGB6-LZOJ,,,7.49,9.99,7.49,ELIGIBILITY,"[""BINDING_CEILING_ELIGIBILITY""]"
2026-02-16T10:36:57Z,RZ-6ZL9-CZ7J,,,7.99,7.99,7.99,MANUAL_CAP,"[""BINDING_CEILING_MANUAL_CAP""]"
2026-02-16T10:36:57Z,TJ-6LOP-OPEU,,,9.00,9.00,9.00,MANUAL_CAP,"[""BINDING_CEILING_MANUAL_CAP""]"
2026-02-16T10:36:57Z,VF-3T0K-DR5O,,,9.99,9.99,9.99,MANUAL_CAP,"[""BINDING_CEILING_MANUAL_CAP""]"
2026-02-16T10:36:57Z,XH-0LAE-FQO5,,,8.99,8.99,8.99,MANUAL_CAP,"[""BINDING_CEILING_MANUAL_CAP""]"
2026-02-16T10:36:57Z,XY-UM2X-TPS3,,,15.00,15.00,15.00,MANUAL_CAP,"[""BINDING_CEILING_MANUAL_CAP""]"
2026-02-16T10:36:57Z,YC-3L3M-BV48,,,109.45,109.45,109.45,MANUAL_CAP,"[""BINDING_CEILING_MANUAL_CAP""]"
2026-02-16T10:53:03Z,4W-VS57-BV6A,,,44.99,44.99,44.99,MANUAL_CAP,"[""BINDING_CEILING_MANUAL_CAP""]"
2026-02-16T10:53:03Z,6V-EEC1-2S9Z,,,10.64,10.64,10.64,MANUAL_CAP,"[""BINDING_CEILING_MANUAL_CAP""]"
2026-02-16T10:53:03Z,AX-NKNU-29C1,,,3.99,3.99,3.99,MANUAL_CAP,"[""BINDING_CEILING_MANUAL_CAP""]"
2026-02-16T10:53:03Z,JB-RGB6-LZOJ,,,7.49,9.99,7.49,ELIGIBILITY,"[""BINDING_CEILING_ELIGIBILITY""]"
2026-02-16T10:53:03Z,RZ-6ZL9-CZ7J,,,7.99,7.99,7.99,MANUAL_CAP,"[""BINDING_CEILING_MANUAL_CAP""]"
2026-02-16T10:53:03Z,TJ-6LOP-OPEU,,,9.00,9.00,9.00,MANUAL_CAP,"[""BINDING_CEILING_MANUAL_CAP""]"
2026-02-16T10:53:03Z,VF-3T0K-DR5O,,,9.99,9.99,9.99,MANUAL_CAP,"[""BINDING_CEILING_MANUAL_CAP""]"
2026-02-16T10:53:03Z,XH-0LAE-FQO5,,,8.99,8.99,8.99,MANUAL_CAP,"[""BINDING_CEILING_MANUAL_CAP""]"
2026-02-16T10:53:03Z,XY-UM2X-TPS3,,,15.00,15.00,15.00,MANUAL_CAP,"[""BINDING_CEILING_MANUAL_CAP""]"
2026-02-16T10:53:03Z,YC-3L3M-BV48,,,109.45,109.45,109.45,MANUAL_CAP,"[""BINDING_CEILING_MANUAL_CAP""]"
2026-02-16T11:09:15Z,4W-VS57-BV6A,,,44.99,44.99,44.99,MANUAL_CAP,"[""BINDING_CEILING_MANUAL_CAP""]"
2026-02-16T11:09:15Z,6V-EEC1-2S9Z,,,10.64,10.64,10.64,MANUAL_CAP,"[""BINDING_CEILING_MANUAL_CAP""]"
2026-02-16T11:09:15Z,AX-NKNU-29C1,,,3.99,3.99,3.99,MANUAL_CAP,"[""BINDING_CEILING_MANUAL_CAP""]"
2026-02-16T11:09:15Z,JB-RGB6-LZOJ,,,7.49,9.99,7.49,ELIGIBILITY,"[""BINDING_CEILING_ELIGIBILITY""]"
2026-02-16T11:09:15Z,RZ-6ZL9-CZ7J,,,7.99,7.99,7.99,MANUAL_CAP,"[""BINDING_CEILING_MANUAL_CAP""]"
2026-02-16T11:09:15Z,TJ-6LOP-OPEU,,,9.00,9.00,9.00,MANUAL_CAP,"[""BINDING_CEILING_MANUAL_CAP""]"
2026-02-16T11:09:15Z,VF-3T0K-DR5O,,,9.99,9.99,9.99,MANUAL_CAP,"[""BINDING_CEILING_MANUAL_CAP""]"
2026-02-16T11:09:15Z,XH-0LAE-FQO5,,,8.99,8.99,8.99,MANUAL_CAP,"[""BINDING_CEILING_MANUAL_CAP""]"
2026-02-16T11:09:15Z,XY-UM2X-TPS3,,,15.00,15.00,15.00,MANUAL_CAP,"[""BINDING_CEILING_MANUAL_CAP""]"
2026-02-16T11:09:15Z,YC-3L3M-BV48,,,109.45,109.45,109.45,MANUAL_CAP,"[""BINDING_CEILING_MANUAL_CAP""]"
2026-02-16T11:25:27Z,4W-VS57-BV6A,,,44.99,44.99,44.99,MANUAL_CAP,"[""BINDING_CEILING_MANUAL_CAP""]"
2026-02-16T11:25:27Z,6V-EEC1-2S9Z,,,10.64,10.64,10.64,MANUAL_CAP,"[""BINDING_CEILING_MANUAL_CAP""]"
2026-02-16T11:25:27Z,AX-NKNU-29C1,,,3.99,3.99,3.99,MANUAL_CAP,"[""BINDING_CEILING_MANUAL_CAP""]"
2026-02-16T11:25:27Z,JB-RGB6-LZOJ,,,7.49,9.99,7.49,ELIGIBILITY,"[""BINDING_CEILING_ELIGIBILITY""]"
2026-02-16T11:25:27Z,RZ-6ZL9-CZ7J,,,7.99,7.99,7.99,MANUAL_CAP,"[""BINDING_CEILING_MANUAL_CAP""]"
2026-02-16T11:25:27Z,TJ-6LOP-OPEU,,,9.00,9.00,9.00,MANUAL_CAP,"[""BINDING_CEILING_MANUAL_CAP""]"
2026-02-16T11:25:27Z,VF-3T0K-DR5O,,,9.99,9.99,9.99,MANUAL_CAP,"[""BINDING_CEILING_MANUAL_CAP""]"
2026-02-16T11:25:27Z,XH-0LAE-FQO5,,,8.99,8.99,8.99,MANUAL_CAP,"[""BINDING_CEILING_MANUAL_CAP""]"
2026-02-16T11:25:27Z,XY-UM2X-TPS3,,,15.00,15.00,15.00,MANUAL_CAP,"[""BINDING_CEILING_MANUAL_CAP""]"
2026-02-16T11:25:27Z,YC-3L3M-BV48,,,109.45,109.45,109.45,MANUAL_CAP,"[""BINDING_CEILING_MANUAL_CAP""]"
2026-02-16T11:41:39Z,4W-VS57-BV6A,,,44.99,44.99,44.99,MANUAL_CAP,"[""BINDING_CEILING_MANUAL_CAP""]"
2026-02-16T11:41:39Z,6V-EEC1-2S9Z,,,10.64,10.64,10.64,MANUAL_CAP,"[""BINDING_CEILING_MANUAL_CAP""]"
2026-02-16T11:41:39Z,AX-NKNU-29C1,,,3.99,3.99,3.99,MANUAL_CAP,"[""BINDING_CEILING_MANUAL_CAP""]"
2026-02-16T11:41:39Z,JB-RGB6-LZOJ,,,7.49,9.99,7.49,ELIGIBILITY,"[""BINDING_CEILING_ELIGIBILITY""]"
2026-02-16T11:41:39Z,RZ-6ZL9-CZ7J,,,7.99,7.99,7.99,MANUAL_CAP,"[""BINDING_CEILING_MANUAL_CAP""]"
2026-02-16T11:41:39Z,TJ-6LOP-OPEU,,,9.00,9.00,9.00,MANUAL_CAP,"[""BINDING_CEILING_MANUAL_CAP""]"
2026-02-16T11:41:39Z,VF-3T0K-DR5O,,,9.99,9.99,9.99,MANUAL_CAP,"[""BINDING_CEILING_MANUAL_CAP""]"
2026-02-16T11:41:39Z,XH-0LAE-FQO5,,,8.99,8.99,8.99,MANUAL_CAP,"[""BINDING_CEILING_MANUAL_CAP""]"
2026-02-16T11:41:39Z,XY-UM2X-TPS3,,,15.00,15.00,15.00,MANUAL_CAP,"[""BINDING_CEILING_MANUAL_CAP""]"
2026-02-16T11:41:39Z,YC-3L3M-BV48,,,109.45,109.45,109.45,MANUAL_CAP,"[""BINDING_CEILING_MANUAL_CAP""]"
2026-02-16T11:57:47Z,4W-VS57-BV6A,,,44.99,44.99,44.99,MANUAL_CAP,"[""BINDING_CEILING_MANUAL_CAP""]"
2026-02-16T11:57:47Z,6V-EEC1-2S9Z,,,10.64,10.64,10.64,MANUAL_CAP,"[""BINDING_CEILING_MANUAL_CAP""]"
2026-02-16T11:57:47Z,AX-NKNU-29C1,,,3.99,3.99,3.99,MANUAL_CAP,"[""BINDING_CEILING_MANUAL_CAP""]"
2026-02-16T11:57:47Z,JB-RGB6-LZOJ,,,7.49,9.99,7.49,ELIGIBILITY,"[""BINDING_CEILING_ELIGIBILITY""]"
2026-02-16T11:57:47Z,RZ-6ZL9-CZ7J,,,7.99,7.99,7.99,MANUAL_CAP,"[""BINDING_CEILING_MANUAL_CAP""]"
2026-02-16T11:57:47Z,TJ-6LOP-OPEU,,,9.00,9.00,9.00,MANUAL_CAP,"[""BINDING_CEILING_MANUAL_CAP""]"
2026-02-16T11:57:47Z,VF-3T0K-DR5O,,,9.99,9.99,9.99,MANUAL_CAP,"[""BINDING_CEILING_MANUAL_CAP""]"
2026-02-16T11:57:47Z,XH-0LAE-FQO5,,,8.99,8.99,8.99,MANUAL_CAP,"[""BINDING_CEILING_MANUAL_CAP""]"
2026-02-16T11:57:47Z,XY-UM2X-TPS3,,,15.00,15.00,15.00,MANUAL_CAP,"[""BINDING_CEILING_MANUAL_CAP""]"
2026-02-16T11:57:47Z,YC-3L3M-BV48,,,109.45,109.45,109.45,MANUAL_CAP,"[""BINDING_CEILING_MANUAL_CAP""]"
2026-02-16T12:20:00Z,4W-VS57-BV6A,,,44.99,44.99,44.99,MANUAL_CAP,"[""BINDING_CEILING_MANUAL_CAP""]"
2026-02-16T12:20:00Z,6V-EEC1-2S9Z,,,10.64,10.64,10.64,MANUAL_CAP,"[""BINDING_CEILING_MANUAL_CAP""]"
2026-02-16T12:20:00Z,AX-NKNU-29C1,,,3.99,3.99,3.99,MANUAL_CAP,"[""BINDING_CEILING_MANUAL_CAP""]"
2026-02-16T12:20:00Z,JB-RGB6-LZOJ,,,7.49,9.99,7.49,ELIGIBILITY,"[""BINDING_CEILING_ELIGIBILITY""]"
2026-02-16T12:20:00Z,RZ-6ZL9-CZ7J,,,7.99,7.99,7.99,MANUAL_CAP,"[""BINDING_CEILING_MANUAL_CAP""]"
2026-02-16T12:20:00Z,TJ-6LOP-OPEU,,,9.00,9.00,9.00,MANUAL_CAP,"[""BINDING_CEILING_MANUAL_CAP""]"
2026-02-16T12:20:00Z,VF-3T0K-DR5O,,,9.99,9.99,9.99,MANUAL_CAP,"[""BINDING_CEILING_MANUAL_CAP""]"
2026-02-16T12:20:00Z,XH-0LAE-FQO5,,,8.99,8.99,8.99,MANUAL_CAP,"[""BINDING_CEILING_MANUAL_CAP""]"
2026-02-16T12:20:00Z,XY-UM2X-TPS3,,,15.00,15.00,15.00,MANUAL_CAP,"[""BINDING_CEILING_MANUAL_CAP""]"
2026-02-16T12:20:00Z,4W-VS57-BV6A,,,44.99,44.99,44.99,MANUAL_CAP,"[""BINDING_CEILING_MANUAL_CAP""]"
2026-02-16T12:20:00Z,YC-3L3M-BV48,,,109.45,109.45,109.45,MANUAL_CAP,"[""BINDING_CEILING_MANUAL_CAP""]"
2026-02-16T12:20:00Z,6V-EEC1-2S9Z,,,10.64,10.64,10.64,MANUAL_CAP,"[""BINDING_CEILING_MANUAL_CAP""]"
2026-02-16T12:20:00Z,AX-NKNU-29C1,,,3.99,3.99,3.99,MANUAL_CAP,"[""BINDING_CEILING_MANUAL_CAP""]"
2026-02-16T12:20:00Z,JB-RGB6-LZOJ,,,7.49,9.99,7.49,ELIGIBILITY,"[""BINDING_CEILING_ELIGIBILITY""]"
2026-02-16T12:20:00Z,RZ-6ZL9-CZ7J,,,7.99,7.99,7.99,MANUAL_CAP,"[""BINDING_CEILING_MANUAL_CAP""]"
2026-02-16T12:20:00Z,TJ-6LOP-OPEU,,,9.00,9.00,9.00,MANUAL_CAP,"[""BINDING_CEILING_MANUAL_CAP""]"
2026-02-16T12:20:00Z,VF-3T0K-DR5O,,,9.99,9.99,9.99,MANUAL_CAP,"[""BINDING_CEILING_MANUAL_CAP""]"
2026-02-16T12:20:00Z,XH-0LAE-FQO5,,,8.99,8.99,8.99,MANUAL_CAP,"[""BINDING_CEILING_MANUAL_CAP""]"
2026-02-16T12:20:00Z,XY-UM2X-TPS3,,,15.00,15.00,15.00,MANUAL_CAP,"[""BINDING_CEILING_MANUAL_CAP""]"
2026-02-16T12:20:00Z,YC-3L3M-BV48,,,109.45,109.45,109.45,MANUAL_CAP,"[""BINDING_CEILING_MANUAL_CAP""]"
2026-02-16T12:45:00Z,4W-VS57-BV6A,,,44.99,44.99,44.99,MANUAL_CAP,"[""BINDING_CEILING_MANUAL_CAP""]"
2026-02-16T12:45:00Z,6V-EEC1-2S9Z,,,10.64,10.64,10.64,MANUAL_CAP,"[""BINDING_CEILING_MANUAL_CAP""]"
2026-02-16T12:45:00Z,AX-NKNU-29C1,,,3.99,3.99,3.99,MANUAL_CAP,"[""BINDING_CEILING_MANUAL_CAP""]"
2026-02-16T12:45:00Z,JB-RGB6-LZOJ,,,7.49,9.99,7.49,ELIGIBILITY,"[""BINDING_CEILING_ELIGIBILITY""]"
2026-02-16T12:45:00Z,RZ-6ZL9-CZ7J,,,7.99,7.99,7.99,MANUAL_CAP,"[""BINDING_CEILING_MANUAL_CAP""]"
2026-02-16T12:45:00Z,TJ-6LOP-OPEU,,,9.00,9.00,9.00,MANUAL_CAP,"[""BINDING_CEILING_MANUAL_CAP""]"
2026-02-16T12:45:00Z,VF-3T0K-DR5O,,,9.99,9.99,9.99,MANUAL_CAP,"[""BINDING_CEILING_MANUAL_CAP""]"
2026-02-16T12:45:00Z,XH-0LAE-FQO5,,,8.99,8.99,8.99,MANUAL_CAP,"[""BINDING_CEILING_MANUAL_CAP""]"
2026-02-16T12:45:00Z,XY-UM2X-TPS3,,,15.00,15.00,15.00,MANUAL_CAP,"[""BINDING_CEILING_MANUAL_CAP""]"
2026-02-16T12:45:00Z,YC-3L3M-BV48,,,109.45,109.45,109.45,MANUAL_CAP,"[""BINDING_CEILING_MANUAL_CAP""]"
2026-02-16T13:10:00Z,4W-VS57-BV6A,,,44.99,44.99,44.99,MANUAL_CAP,"[""BINDING_CEILING_MANUAL_CAP""]"
2026-02-16T13:10:00Z,6V-EEC1-2S9Z,,,10.64,10.64,10.64,MANUAL_CAP,"[""BINDING_CEILING_MANUAL_CAP""]"
2026-02-16T13:10:00Z,AX-NKNU-29C1,,,3.99,3.99,3.99,MANUAL_CAP,"[""BINDING_CEILING_MANUAL_CAP""]"
2026-02-16T13:10:00Z,JB-RGB6-LZOJ,,,7.49,9.99,7.49,ELIGIBILITY,"[""BINDING_CEILING_ELIGIBILITY""]"
2026-02-16T13:10:00Z,RZ-6ZL9-CZ7J,,,7.99,7.99,7.99,MANUAL_CAP,"[""BINDING_CEILING_MANUAL_CAP""]"
2026-02-16T13:10:00Z,TJ-6LOP-OPEU,,,9.00,9.00,9.00,MANUAL_CAP,"[""BINDING_CEILING_MANUAL_CAP""]"
2026-02-16T13:10:00Z,VF-3T0K-DR5O,,,9.99,9.99,9.99,MANUAL_CAP,"[""BINDING_CEILING_MANUAL_CAP""]"
2026-02-16T13:10:00Z,XH-0LAE-FQO5,,,8.99,8.99,8.99,MANUAL_CAP,"[""BINDING_CEILING_MANUAL_CAP""]"
2026-02-16T13:10:00Z,XY-UM2X-TPS3,,,15.00,15.00,15.00,MANUAL_CAP,"[""BINDING_CEILING_MANUAL_CAP""]"
2026-02-16T13:10:00Z,YC-3L3M-BV48,,,109.45,109.45,109.45,MANUAL_CAP,"[""BINDING_CEILING_MANUAL_CAP""]"
2026-02-16T13:35:00Z,4W-VS57-BV6A,,,44.99,44.99,44.99,MANUAL_CAP,"[""BINDING_CEILING_MANUAL_CAP""]"
2026-02-16T13:35:00Z,6V-EEC1-2S9Z,,,10.64,10.64,10.64,MANUAL_CAP,"[""BINDING_CEILING_MANUAL_CAP""]"
2026-02-16T13:35:00Z,AX-NKNU-29C1,,,3.99,3.99,3.99,MANUAL_CAP,"[""BINDING_CEILING_MANUAL_CAP""]"
2026-02-16T13:35:00Z,JB-RGB6-LZOJ,,,7.49,9.99,7.49,ELIGIBILITY,"[""BINDING_CEILING_ELIGIBILITY""]"
2026-02-16T13:35:00Z,RZ-6ZL9-CZ7J,,,7.99,7.99,7.99,MANUAL_CAP,"[""BINDING_CEILING_MANUAL_CAP""]"
2026-02-16T13:35:00Z,TJ-6LOP-OPEU,,,9.00,9.00,9.00,MANUAL_CAP,"[""BINDING_CEILING_MANUAL_CAP""]"
2026-02-16T13:35:00Z,VF-3T0K-DR5O,,,9.99,9.99,9.99,MANUAL_CAP,"[""BINDING_CEILING_MANUAL_CAP""]"
2026-02-16T13:35:00Z,XH-0LAE-FQO5,,,8.99,8.99,8.99,MANUAL_CAP,"[""BINDING_CEILING_MANUAL_CAP""]"
2026-02-16T13:35:00Z,XY-UM2X-TPS3,,,15.00,15.00,15.00,MANUAL_CAP,"[""BINDING_CEILING_MANUAL_CAP""]"
2026-02-16T13:35:00Z,YC-3L3M-BV48,,,109.45,109.45,109.45,MANUAL_CAP,"[""BINDING_CEILING_MANUAL_CAP""]"
2026-02-16T14:00:00Z,4W-VS57-BV6A,,,44.99,44.99,44.99,MANUAL_CAP,"[""BINDING_CEILING_MANUAL_CAP""]"
2026-02-16T14:00:00Z,6V-EEC1-2S9Z,,,10.64,10.64,10.64,MANUAL_CAP,"[""BINDING_CEILING_MANUAL_CAP""]"
2026-02-16T14:00:00Z,AX-NKNU-29C1,,,3.99,3.99,3.99,MANUAL_CAP,"[""BINDING_CEILING_MANUAL_CAP""]"
2026-02-16T14:00:00Z,JB-RGB6-LZOJ,,,7.49,9.99,7.49,ELIGIBILITY,"[""BINDING_CEILING_ELIGIBILITY""]"
2026-02-16T14:00:00Z,RZ-6ZL9-CZ7J,,,7.99,7.99,7.99,MANUAL_CAP,"[""BINDING_CEILING_MANUAL_CAP""]"
2026-02-16T14:00:00Z,TJ-6LOP-OPEU,,,9.00,9.00,9.00,MANUAL_CAP,"[""BINDING_CEILING_MANUAL_CAP""]"
2026-02-16T14:00:00Z,VF-3T0K-DR5O,,,9.99,9.99,9.99,MANUAL_CAP,"[""BINDING_CEILING_MANUAL_CAP""]"
2026-02-16T14:05:00Z,4W-VS57-BV6A,,,44.99,44.99,44.99,MANUAL_CAP,"[""BINDING_CEILING_MANUAL_CAP""]"
2026-02-16T14:05:00Z,6V-EEC1-2S9Z,,,10.64,10.64,10.64,MANUAL_CAP,"[""BINDING_CEILING_MANUAL_CAP""]"
2026-02-16T14:05:00Z,AX-NKNU-29C1,,,3.99,3.99,3.99,MANUAL_CAP,"[""BINDING_CEILING_MANUAL_CAP""]"
2026-02-16T14:05:00Z,JB-RGB6-LZOJ,,,7.49,9.99,7.49,ELIGIBILITY,"[""BINDING_CEILING_ELIGIBILITY""]"
2026-02-16T14:05:00Z,RZ-6ZL9-CZ7J,,,7.99,7.99,7.99,MANUAL_CAP,"[""BINDING_CEILING_MANUAL_CAP""]"
2026-02-16T14:05:00Z,TJ-6LOP-OPEU,,,9.00,9.00,9.00,MANUAL_CAP,"[""BINDING_CEILING_MANUAL_CAP""]"
2026-02-16T14:05:00Z,VF-3T0K-DR5O,,,9.99,9.99,9.99,MANUAL_CAP,"[""BINDING_CEILING_MANUAL_CAP""]"
2026-02-16T14:05:00Z,XH-0LAE-FQO5,,,8.99,8.99,8.99,MANUAL_CAP,"[""BINDING_CEILING_MANUAL_CAP""]"
2026-02-16T14:05:00Z,XY-UM2X-TPS3,,,15.00,15.00,15.00,MANUAL_CAP,"[""BINDING_CEILING_MANUAL_CAP""]"
2026-02-16T14:05:00Z,YC-3L3M-BV48,,,109.45,109.45,109.45,MANUAL_CAP,"[""BINDING_CEILING_MANUAL_CAP""]"
2026-02-16T14:20:15Z,4W-VS57-BV6A,,,44.99,44.99,44.99,MANUAL_CAP,"[""BINDING_CEILING_MANUAL_CAP""]"
2026-02-16T14:20:15Z,6V-EEC1-2S9Z,,,10.64,10.64,10.64,MANUAL_CAP,"[""BINDING_CEILING_MANUAL_CAP""]"
2026-02-16T14:20:15Z,AX-NKNU-29C1,,,3.99,3.99,3.99,MANUAL_CAP,"[""BINDING_CEILING_MANUAL_CAP""]"
2026-02-16T14:20:15Z,JB-RGB6-LZOJ,,,7.49,9.99,7.49,ELIGIBILITY,"[""BINDING_CEILING_ELIGIBILITY""]"
2026-02-16T14:20:15Z,RZ-6ZL9-CZ7J,,,7.99,7.99,7.99,MANUAL_CAP,"[""BINDING_CEILING_MANUAL_CAP""]"
2026-02-16T14:20:15Z,TJ-6LOP-OPEU,,,9.00,9.00,9.00,MANUAL_CAP,"[""BINDING_CEILING_MANUAL_CAP""]"
2026-02-16T14:20:15Z,VF-3T0K-DR5O,,,9.99,9.99,9.99,MANUAL_CAP,"[""BINDING_CEILING_MANUAL_CAP""]"
2026-02-16T14:20:15Z,XE-YPAI-HX9F,,,7.49,7.49,7.49,MANUAL_CAP,"[""BINDING_CEILING_MANUAL_CAP""]"
2026-02-16T14:20:15Z,XH-0LAE-FQO5,,,8.99,8.99,8.99,MANUAL_CAP,"[""BINDING_CEILING_MANUAL_CAP""]"
2026-02-16T14:20:15Z,XY-UM2X-TPS3,,,15.00,15.00,15.00,MANUAL_CAP,"[""BINDING_CEILING_MANUAL_CAP""]"
2026-02-16T14:20:15Z,YC-3L3M-BV48,,,109.45,109.45,109.45,MANUAL_CAP,"[""BINDING_CEILING_MANUAL_CAP""]"
2026-02-16T14:36:29Z,4W-VS57-BV6A,,,44.99,44.99,44.99,MANUAL_CAP,"[""BINDING_CEILING_MANUAL_CAP""]"
2026-02-16T14:36:29Z,6V-EEC1-2S9Z,,,10.64,10.64,10.64,MANUAL_CAP,"[""BINDING_CEILING_MANUAL_CAP""]"
2026-02-16T14:36:29Z,AX-NKNU-29C1,,,3.99,3.99,3.99,MANUAL_CAP,"[""BINDING_CEILING_MANUAL_CAP""]"
2026-02-16T14:36:29Z,JB-RGB6-LZOJ,,,7.49,9.99,7.49,ELIGIBILITY,"[""BINDING_CEILING_ELIGIBILITY""]"
2026-02-16T14:36:29Z,RZ-6ZL9-CZ7J,,,7.99,7.99,7.99,MANUAL_CAP,"[""BINDING_CEILING_MANUAL_CAP""]"
2026-02-16T14:36:29Z,TJ-6LOP-OPEU,,,9.00,9.00,9.00,MANUAL_CAP,"[""BINDING_CEILING_MANUAL_CAP""]"
2026-02-16T14:36:29Z,VF-3T0K-DR5O,,,9.99,9.99,9.99,MANUAL_CAP,"[""BINDING_CEILING_MANUAL_CAP""]"
2026-02-16T14:36:29Z,XE-YPAI-HX9F,,,7.49,7.49,7.49,MANUAL_CAP,"[""BINDING_CEILING_MANUAL_CAP""]"
2026-02-16T14:36:29Z,XH-0LAE-FQO5,,,8.99,8.99,8.99,MANUAL_CAP,"[""BINDING_CEILING_MANUAL_CAP""]"
2026-02-16T14:36:29Z,XY-UM2X-TPS3,,,15.00,15.00,15.00,MANUAL_CAP,"[""BINDING_CEILING_MANUAL_CAP""]"
2026-02-16T14:36:29Z,YC-3L3M-BV48,,,109.45,109.45,109.45,MANUAL_CAP,"[""BINDING_CEILING_MANUAL_CAP""]"
2026-02-16T15:05:00Z,4W-VS57-BV6A,,,44.99,44.99,44.99,MANUAL_CAP,"[""BINDING_CEILING_MANUAL_CAP""]"
2026-02-16T15:05:00Z,6V-EEC1-2S9Z,,,10.64,10.64,10.64,MANUAL_CAP,"[""BINDING_CEILING_MANUAL_CAP""]"
2026-02-16T15:05:00Z,AX-NKNU-29C1,,,3.99,3.99,3.99,MANUAL_CAP,"[""BINDING_CEILING_MANUAL_CAP""]"
2026-02-16T15:05:00Z,JB-RGB6-LZOJ,,,7.49,9.99,7.49,ELIGIBILITY,"[""BINDING_CEILING_ELIGIBILITY""]"
2026-02-16T15:05:00Z,RZ-6ZL9-CZ7J,,,7.99,7.99,7.99,MANUAL_CAP,"[""BINDING_CEILING_MANUAL_CAP""]"
2026-02-16T15:05:00Z,TJ-6LOP-OPEU,,,9.00,9.00,9.00,MANUAL_CAP,"[""BINDING_CEILING_MANUAL_CAP""]"
2026-02-16T15:05:00Z,VF-3T0K-DR5O,,,9.99,9.99,9.99,MANUAL_CAP,"[""BINDING_CEILING_MANUAL_CAP""]"
2026-02-16T15:05:00Z,XE-YPAI-HX9F,,,7.49,7.49,7.49,MANUAL_CAP,"[""BINDING_CEILING_MANUAL_CAP""]"
2026-02-16T15:05:00Z,XH-0LAE-FQO5,,,8.99,8.99,8.99,MANUAL_CAP,"[""BINDING_CEILING_MANUAL_CAP""]"
2026-02-16T15:05:00Z,XY-UM2X-TPS3,,,15.00,15.00,15.00,MANUAL_CAP,"[""BINDING_CEILING_MANUAL_CAP""]"
2026-02-16T15:05:00Z,YC-3L3M-BV48,,,109.45,109.45,109.45,MANUAL_CAP,"[""BINDING_CEILING_MANUAL_CAP""]"
2026-02-16T15:30:00Z,4W-VS57-BV6A,,,44.99,44.99,44.99,MANUAL_CAP,"[""BINDING_CEILING_MANUAL_CAP""]"
2026-02-16T15:30:00Z,6V-EEC1-2S9Z,,,10.64,10.64,10.64,MANUAL_CAP,"[""BINDING_CEILING_MANUAL_CAP""]"
2026-02-16T15:30:00Z,AX-NKNU-29C1,,,3.99,3.99,3.99,MANUAL_CAP,"[""BINDING_CEILING_MANUAL_CAP""]"
2026-02-16T15:30:00Z,JB-RGB6-LZOJ,,,7.49,9.99,7.49,ELIGIBILITY,"[""BINDING_CEILING_ELIGIBILITY""]"
2026-02-16T15:30:00Z,RZ-6ZL9-CZ7J,,,7.99,7.99,7.99,MANUAL_CAP,"[""BINDING_CEILING_MANUAL_CAP""]"
2026-02-16T15:30:00Z,TJ-6LOP-OPEU,,,9.00,9.00,9.00,MANUAL_CAP,"[""BINDING_CEILING_MANUAL_CAP""]"
2026-02-16T15:30:00Z,VF-3T0K-DR5O,,,9.99,9.99,9.99,MANUAL_CAP,"[""BINDING_CEILING_MANUAL_CAP""]"
2026-02-16T15:30:00Z,XE-YPAI-HX9F,,,7.49,7.49,7.49,MANUAL_CAP,"[""BINDING_CEILING_MANUAL_CAP""]"
2026-02-16T15:30:00Z,XH-0LAE-FQO5,,,8.99,8.99,8.99,MANUAL_CAP,"[""BINDING_CEILING_MANUAL_CAP""]"
2026-02-16T15:30:00Z,XY-UM2X-TPS3,,,15.00,15.00,15.00,MANUAL_CAP,"[""BINDING_CEILING_MANUAL_CAP""]"
2026-02-16T15:30:00Z,YC-3L3M-BV48,,,109.45,109.45,109.45,MANUAL_CAP,"[""BINDING_CEILING_MANUAL_CAP""]"
2026-02-16T16:00:00Z,4W-VS57-BV6A,,,44.99,44.99,44.99,MANUAL_CAP,"[""BINDING_CEILING_MANUAL_CAP""]"
2026-02-16T16:00:00Z,6V-EEC1-2S9Z,,,10.64,10.64,10.64,MANUAL_CAP,"[""BINDING_CEILING_MANUAL_CAP""]"
2026-02-16T16:00:00Z,AX-NKNU-29C1,,,3.99,3.99,3.99,MANUAL_CAP,"[""BINDING_CEILING_MANUAL_CAP""]"
2026-02-16T16:00:00Z,JB-RGB6-LZOJ,,,7.49,9.99,7.49,ELIGIBILITY,"[""BINDING_CEILING_ELIGIBILITY""]"
2026-02-16T16:00:00Z,RZ-6ZL9-CZ7J,,,7.99,7.99,7.99,MANUAL_CAP,"[""BINDING_CEILING_MANUAL_CAP""]"
2026-02-16T16:00:00Z,TJ-6LOP-OPEU,,,9.00,9.00,9.00,MANUAL_CAP,"[""BINDING_CEILING_MANUAL_CAP""]"
2026-02-16T16:00:00Z,VF-3T0K-DR5O,,,9.99,9.99,9.99,MANUAL_CAP,"[""BINDING_CEILING_MANUAL_CAP""]"
2026-02-16T16:00:00Z,XE-YPAI-HX9F,,,7.49,7.49,7.49,MANUAL_CAP,"[""BINDING_CEILING_MANUAL_CAP""]"
2026-02-16T16:00:00Z,XH-0LAE-FQO5,,,8.99,8.99,8.99,MANUAL_CAP,"[""BINDING_CEILING_MANUAL_CAP""]"
2026-02-16T16:00:00Z,XY-UM2X-TPS3,,,15.00,15.00,15.00,MANUAL_CAP,"[""BINDING_CEILING_MANUAL_CAP""]"
2026-02-16T16:00:00Z,YC-3L3M-BV48,,,109.45,109.45,109.45,MANUAL_CAP,"[""BINDING_CEILING_MANUAL_CAP""]"
2026-02-16T16:20:00Z,4W-VS57-BV6A,,,44.99,44.99,44.99,MANUAL_CAP,"[""BINDING_CEILING_MANUAL_CAP""]"
2026-02-16T16:20:00Z,6V-EEC1-2S9Z,,,10.64,10.64,10.64,MANUAL_CAP,"[""BINDING_CEILING_MANUAL_CAP""]"
2026-02-16T16:20:00Z,AX-NKNU-29C1,,,3.99,3.99,3.99,MANUAL_CAP,"[""BINDING_CEILING_MANUAL_CAP""]"
2026-02-16T16:20:00Z,JB-RGB6-LZOJ,,,7.49,9.99,7.49,ELIGIBILITY,"[""BINDING_CEILING_ELIGIBILITY""]"
2026-02-16T16:20:00Z,RZ-6ZL9-CZ7J,,,7.99,7.99,7.99,MANUAL_CAP,"[""BINDING_CEILING_MANUAL_CAP""]"
2026-02-16T16:20:00Z,TJ-6LOP-OPEU,,,9.00,9.00,9.00,MANUAL_CAP,"[""BINDING_CEILING_MANUAL_CAP""]"
2026-02-16T16:20:00Z,VF-3T0K-DR5O,,,9.99,9.99,9.99,MANUAL_CAP,"[""BINDING_CEILING_MANUAL_CAP""]"
2026-02-16T16:20:00Z,XE-YPAI-HX9F,,,7.49,7.49,7.49,MANUAL_CAP,"[""BINDING_CEILING_MANUAL_CAP""]"
2026-02-16T16:20:00Z,XH-0LAE-FQO5,,,8.99,8.99,8.99,MANUAL_CAP,"[""BINDING_CEILING_MANUAL_CAP""]"
2026-02-16T16:20:00Z,XY-UM2X-TPS3,,,15.00,15.00,15.00,MANUAL_CAP,"[""BINDING_CEILING_MANUAL_CAP""]"
2026-02-16T16:20:00Z,YC-3L3M-BV48,,,109.45,109.45,109.45,MANUAL_CAP,"[""BINDING_CEILING_MANUAL_CAP""]"
2026-02-16T16:43:58Z,4W-VS57-BV6A,,,44.99,44.99,44.99,MANUAL_CAP,"[""BINDING_CEILING_MANUAL_CAP""]"
2026-02-16T16:43:58Z,6V-EEC1-2S9Z,,,10.64,10.64,10.64,MANUAL_CAP,"[""BINDING_CEILING_MANUAL_CAP""]"
2026-02-16T16:43:58Z,AX-NKNU-29C1,,,3.99,3.99,3.99,MANUAL_CAP,"[""BINDING_CEILING_MANUAL_CAP""]"
2026-02-16T16:43:58Z,JB-RGB6-LZOJ,,,7.49,9.99,7.49,ELIGIBILITY,"[""BINDING_CEILING_ELIGIBILITY""]"
2026-02-16T16:43:58Z,RZ-6ZL9-CZ7J,,,7.99,7.99,7.99,MANUAL_CAP,"[""BINDING_CEILING_MANUAL_CAP""]"
2026-02-16T16:43:58Z,TJ-6LOP-OPEU,,,9.00,9.00,9.00,MANUAL_CAP,"[""BINDING_CEILING_MANUAL_CAP""]"
2026-02-16T16:43:58Z,VF-3T0K-DR5O,,,9.99,9.99,9.99,MANUAL_CAP,"[""BINDING_CEILING_MANUAL_CAP""]"
2026-02-16T16:43:58Z,XE-YPAI-HX9F,,,7.49,7.49,7.49,MANUAL_CAP,"[""BINDING_CEILING_MANUAL_CAP""]"
2026-02-16T16:43:58Z,XH-0LAE-FQO5,,,8.99,8.99,8.99,MANUAL_CAP,"[""BINDING_CEILING_MANUAL_CAP""]"
2026-02-16T16:43:58Z,XY-UM2X-TPS3,,,15.00,15.00,15.00,MANUAL_CAP,"[""BINDING_CEILING_MANUAL_CAP""]"
2026-02-16T16:43:58Z,YC-3L3M-BV48,,,109.45,109.45,109.45,MANUAL_CAP,"[""BINDING_CEILING_MANUAL_CAP""]"
2026-02-16T17:00:14Z,4W-VS57-BV6A,,,44.99,44.99,44.99,MANUAL_CAP,"[""BINDING_CEILING_MANUAL_CAP""]"
2026-02-16T17:00:14Z,6V-EEC1-2S9Z,,,10.64,10.64,10.64,MANUAL_CAP,"[""BINDING_CEILING_MANUAL_CAP""]"
2026-02-16T17:00:14Z,AX-NKNU-29C1,,,3.99,3.99,3.99,MANUAL_CAP,"[""BINDING_CEILING_MANUAL_CAP""]"
2026-02-16T17:00:14Z,JB-RGB6-LZOJ,,,7.49,9.99,7.49,ELIGIBILITY,"[""BINDING_CEILING_ELIGIBILITY""]"
2026-02-16T17:00:14Z,RZ-6ZL9-CZ7J,,,7.99,7.99,7.99,MANUAL_CAP,"[""BINDING_CEILING_MANUAL_CAP""]"
2026-02-16T17:00:14Z,TJ-6LOP-OPEU,,,9.00,9.00,9.00,MANUAL_CAP,"[""BINDING_CEILING_MANUAL_CAP""]"
2026-02-16T17:00:14Z,VF-3T0K-DR5O,,,9.99,9.99,9.99,MANUAL_CAP,"[""BINDING_CEILING_MANUAL_CAP""]"
2026-02-16T17:00:14Z,XE-YPAI-HX9F,,,7.49,7.49,7.49,MANUAL_CAP,"[""BINDING_CEILING_MANUAL_CAP""]"
2026-02-16T17:00:14Z,XH-0LAE-FQO5,,,8.99,8.99,8.99,MANUAL_CAP,"[""BINDING_CEILING_MANUAL_CAP""]"
2026-02-16T17:00:14Z,XY-UM2X-TPS3,,,15.00,15.00,15.00,MANUAL_CAP,"[""BINDING_CEILING_MANUAL_CAP""]"
2026-02-16T17:00:14Z,YC-3L3M-BV48,,,109.45,109.45,109.45,MANUAL_CAP,"[""BINDING_CEILING_MANUAL_CAP""]"
2026-02-16T17:13:17Z,L1-54EX-56YC,,,17.99,17.99,17.99,MANUAL_CAP,"[""BINDING_CEILING_MANUAL_CAP""]"
2026-02-16T17:29:09Z,L1-54EX-56YC,,,17.99,17.99,17.99,MANUAL_CAP,"[""BINDING_CEILING_MANUAL_CAP""]"
2026-02-16T17:45:05Z,L1-54EX-56YC,,,17.99,17.99,17.99,MANUAL_CAP,"[""BINDING_CEILING_MANUAL_CAP""]"
2026-02-16T18:01:02Z,L1-54EX-56YC,,,17.99,17.99,17.99,MANUAL_CAP,"[""BINDING_CEILING_MANUAL_CAP""]"
2026-02-16T18:16:56Z,L1-54EX-56YC,,,17.99,17.99,17.99,MANUAL_CAP,"[""BINDING_CEILING_MANUAL_CAP""]"
2026-02-16T18:32:47Z,L1-54EX-56YC,,,17.99,17.99,17.99,MANUAL_CAP,"[""BINDING_CEILING_MANUAL_CAP""]"
2026-02-16T18:48:40Z,L1-54EX-56YC,,,17.99,17.99,17.99,MANUAL_CAP,"[""BINDING_CEILING_MANUAL_CAP""]"
2026-02-16T19:04:33Z,L1-54EX-56YC,,,17.99,17.99,17.99,MANUAL_CAP,"[""BINDING_CEILING_MANUAL_CAP""]"
2026-02-16T19:20:26Z,L1-54EX-56YC,,,17.99,17.99,17.99,MANUAL_CAP,"[""BINDING_CEILING_MANUAL_CAP""]"
2026-02-16T19:36:22Z,L1-54EX-56YC,,,17.99,17.99,17.99,MANUAL_CAP,"[""BINDING_CEILING_MANUAL_CAP""]"
2026-02-16T19:52:21Z,L1-54EX-56YC,,,17.99,17.99,17.99,MANUAL_CAP,"[""BINDING_CEILING_MANUAL_CAP""]"
2026-02-16T20:08:25Z,L1-54EX-56YC,,,17.99,17.99,17.99,MANUAL_CAP,"[""BINDING_CEILING_MANUAL_CAP""]"
2026-02-16T20:24:23Z,L1-54EX-56YC,,,17.99,17.99,17.99,MANUAL_CAP,"[""BINDING_CEILING_MANUAL_CAP""]"
2026-02-16T20:40:18Z,L1-54EX-56YC,,,17.99,17.99,17.99,MANUAL_CAP,"[""BINDING_CEILING_MANUAL_CAP""]"
2026-02-16T20:56:14Z,L1-54EX-56YC,,,17.99,17.99,17.99,MANUAL_CAP,"[""BINDING_CEILING_MANUAL_CAP""]"
2026-02-16T21:12:08Z,L1-54EX-56YC,,,17.99,17.99,17.99,MANUAL_CAP,"[""BINDING_CEILING_MANUAL_CAP""]"
2026-02-16T21:28:13Z,L1-54EX-56YC,,,17.99,17.99,17.99,MANUAL_CAP,"[""BINDING_CEILING_MANUAL_CAP""]"
2026-02-16T21:44:05Z,L1-54EX-56YC,,,17.99,17.99,17.99,MANUAL_CAP,"[""BINDING_CEILING_MANUAL_CAP""]"
2026-02-16T22:00:03Z,L1-54EX-56YC,,,17.99,17.99,17.99,MANUAL_CAP,"[""BINDING_CEILING_MANUAL_CAP""]"
2026-02-16T22:15:55Z,L1-54EX-56YC,,,17.99,17.99,17.99,MANUAL_CAP,"[""BINDING_CEILING_MANUAL_CAP""]"
2026-02-16T22:31:48Z,L1-54EX-56YC,,,17.99,17.99,17.99,MANUAL_CAP,"[""BINDING_CEILING_MANUAL_CAP""]"
2026-02-16T22:47:46Z,L1-54EX-56YC,,,17.99,17.99,17.99,MANUAL_CAP,"[""BINDING_CEILING_MANUAL_CAP""]"
2026-02-16T23:03:43Z,L1-54EX-56YC,,,17.99,17.99,17.99,MANUAL_CAP,"[""BINDING_CEILING_MANUAL_CAP""]"
2026-02-16T23:19:39Z,L1-54EX-56YC,,,17.99,17.99,17.99,MANUAL_CAP,"[""BINDING_CEILING_MANUAL_CAP""]"
2026-02-16T23:35:34Z,L1-54EX-56YC,,,17.99,17.99,17.99,MANUAL_CAP,"[""BINDING_CEILING_MANUAL_CAP""]"
2026-02-16T23:51:30Z,L1-54EX-56YC,,,17.99,17.99,17.99,MANUAL_CAP,"[""BINDING_CEILING_MANUAL_CAP""]"
2026-02-17T00:07:25Z,L1-54EX-56YC,,,17.99,17.99,17.99,MANUAL_CAP,"[""BINDING_CEILING_MANUAL_CAP""]"
2026-02-17T00:23:18Z,L1-54EX-56YC,,,17.99,17.99,17.99,MANUAL_CAP,"[""BINDING_CEILING_MANUAL_CAP""]"
2026-02-17T00:39:09Z,L1-54EX-56YC,,,17.99,17.99,17.99,MANUAL_CAP,"[""BINDING_CEILING_MANUAL_CAP""]"
2026-02-17T00:55:07Z,L1-54EX-56YC,,,17.99,17.99,17.99,MANUAL_CAP,"[""BINDING_CEILING_MANUAL_CAP""]"
2026-02-17T01:11:06Z,L1-54EX-56YC,,,17.99,17.99,17.99,MANUAL_CAP,"[""BINDING_CEILING_MANUAL_CAP""]"
2026-02-17T01:27:04Z,L1-54EX-56YC,,,17.99,17.99,17.99,MANUAL_CAP,"[""BINDING_CEILING_MANUAL_CAP""]"
2026-02-17T01:43:00Z,L1-54EX-56YC,,,17.99,17.99,17.99,MANUAL_CAP,"[""BINDING_CEILING_MANUAL_CAP""]"
2026-02-17T01:58:55Z,L1-54EX-56YC,,,17.99,17.99,17.99,MANUAL_CAP,"[""BINDING_CEILING_MANUAL_CAP""]"
2026-02-17T02:14:50Z,L1-54EX-56YC,,,17.99,17.99,17.99,MANUAL_CAP,"[""BINDING_CEILING_MANUAL_CAP""]"
2026-02-17T02:30:45Z,L1-54EX-56YC,,,17.99,17.99,17.99,MANUAL_CAP,"[""BINDING_CEILING_MANUAL_CAP""]"
2026-02-17T02:46:45Z,L1-54EX-56YC,,,17.99,17.99,17.99,MANUAL_CAP,"[""BINDING_CEILING_MANUAL_CAP""]"
2026-02-17T03:02:46Z,L1-54EX-56YC,,,17.99,17.99,17.99,MANUAL_CAP,"[""BINDING_CEILING_MANUAL_CAP""]"
2026-02-17T03:18:49Z,L1-54EX-56YC,,,17.99,17.99,17.99,MANUAL_CAP,"[""BINDING_CEILING_MANUAL_CAP""]"
2026-02-17T03:34:42Z,L1-54EX-56YC,,,17.99,17.99,17.99,MANUAL_CAP,"[""BINDING_CEILING_MANUAL_CAP""]"
2026-02-17T03:50:42Z,L1-54EX-56YC,,,17.99,17.99,17.99,MANUAL_CAP,"[""BINDING_CEILING_MANUAL_CAP""]"
2026-02-17T04:06:42Z,L1-54EX-56YC,,,17.99,17.99,17.99,MANUAL_CAP,"[""BINDING_CEILING_MANUAL_CAP""]"
2026-02-17T04:22:37Z,L1-54EX-56YC,,,17.99,17.99,17.99,MANUAL_CAP,"[""BINDING_CEILING_MANUAL_CAP""]"
2026-02-17T04:38:36Z,L1-54EX-56YC,,,17.99,17.99,17.99,MANUAL_CAP,"[""BINDING_CEILING_MANUAL_CAP""]"
2026-02-17T04:54:34Z,L1-54EX-56YC,,,17.99,17.99,17.99,MANUAL_CAP,"[""BINDING_CEILING_MANUAL_CAP""]"
2026-02-17T05:10:29Z,L1-54EX-56YC,,,17.99,17.99,17.99,MANUAL_CAP,"[""BINDING_CEILING_MANUAL_CAP""]"
2026-02-17T05:26:24Z,L1-54EX-56YC,,,17.99,17.99,17.99,MANUAL_CAP,"[""BINDING_CEILING_MANUAL_CAP""]"
2026-02-17T05:42:15Z,L1-54EX-56YC,,,17.99,17.99,17.99,MANUAL_CAP,"[""BINDING_CEILING_MANUAL_CAP""]"
2026-02-17T05:58:12Z,L1-54EX-56YC,,,17.99,17.99,17.99,MANUAL_CAP,"[""BINDING_CEILING_MANUAL_CAP""]"
2026-02-17T06:14:08Z,L1-54EX-56YC,,,17.99,17.99,17.99,MANUAL_CAP,"[""BINDING_CEILING_MANUAL_CAP""]"
2026-02-17T06:30:08Z,L1-54EX-56YC,,,17.99,17.99,17.99,MANUAL_CAP,"[""BINDING_CEILING_MANUAL_CAP""]"
2026-02-17T06:46:04Z,L1-54EX-56YC,,,17.99,17.99,17.99,MANUAL_CAP,"[""BINDING_CEILING_MANUAL_CAP""]"
2026-02-17T07:01:57Z,L1-54EX-56YC,,,17.99,17.99,17.99,MANUAL_CAP,"[""BINDING_CEILING_MANUAL_CAP""]"
2026-02-17T07:17:53Z,L1-54EX-56YC,,,17.99,17.99,17.99,MANUAL_CAP,"[""BINDING_CEILING_MANUAL_CAP""]"
2026-02-17T07:33:46Z,L1-54EX-56YC,,,17.99,17.99,17.99,MANUAL_CAP,"[""BINDING_CEILING_MANUAL_CAP""]"
2026-02-17T07:49:41Z,L1-54EX-56YC,,,17.99,17.99,17.99,MANUAL_CAP,"[""BINDING_CEILING_MANUAL_CAP""]"
2026-02-17T08:44:05Z,L1-54EX-56YC,,,17.99,17.99,17.99,MANUAL_CAP,"[""BINDING_CEILING_MANUAL_CAP""]"
2026-02-17T09:00:12Z,L1-54EX-56YC,,,17.99,17.99,17.99,MANUAL_CAP,"[""BINDING_CEILING_MANUAL_CAP""]"
2026-02-17T09:16:10Z,4W-VS57-BV6A,,,44.99,44.99,44.99,MANUAL_CAP,"[""BINDING_CEILING_MANUAL_CAP""]"
2026-02-17T09:16:10Z,6V-EEC1-2S9Z,,,10.64,10.64,10.64,MANUAL_CAP,"[""BINDING_CEILING_MANUAL_CAP""]"
2026-02-17T09:16:10Z,AX-NKNU-29C1,,,3.99,3.99,3.99,MANUAL_CAP,"[""BINDING_CEILING_MANUAL_CAP""]"
2026-02-17T09:16:10Z,JB-RGB6-LZOJ,,,7.49,9.99,7.49,ELIGIBILITY,"[""BINDING_CEILING_ELIGIBILITY""]"
2026-02-17T09:16:10Z,RZ-6ZL9-CZ7J,,,7.99,7.99,7.99,MANUAL_CAP,"[""BINDING_CEILING_MANUAL_CAP""]"
2026-02-17T09:16:10Z,TJ-6LOP-OPEU,,,9.00,9.00,9.00,MANUAL_CAP,"[""BINDING_CEILING_MANUAL_CAP""]"
2026-02-17T09:16:10Z,VF-3T0K-DR5O,,,9.99,9.99,9.99,MANUAL_CAP,"[""BINDING_CEILING_MANUAL_CAP""]"
2026-02-17T09:16:10Z,XE-YPAI-HX9F,,,17.99,17.99,17.99,MANUAL_CAP,"[""BINDING_CEILING_MANUAL_CAP""]"
2026-02-17T09:16:10Z,XH-0LAE-FQO5,,,8.99,8.99,8.99,MANUAL_CAP,"[""BINDING_CEILING_MANUAL_CAP""]"
2026-02-17T09:16:10Z,XY-UM2X-TPS3,,,15.00,15.00,15.00,MANUAL_CAP,"[""BINDING_CEILING_MANUAL_CAP""]"
2026-02-17T09:16:10Z,YC-3L3M-BV48,,,109.45,109.45,109.45,MANUAL_CAP,"[""BINDING_CEILING_MANUAL_CAP""]"
2026-02-17T09:16:10Z,L1-54EX-56YC,,,17.99,17.99,17.99,MANUAL_CAP,"[""BINDING_CEILING_MANUAL_CAP""]"
2026-02-17T09:32:29Z,4W-VS57-BV6A,,,44.99,44.99,44.99,MANUAL_CAP,"[""BINDING_CEILING_MANUAL_CAP""]"
2026-02-17T09:32:29Z,6V-EEC1-2S9Z,,,10.64,10.64,10.64,MANUAL_CAP,"[""BINDING_CEILING_MANUAL_CAP""]"
2026-02-17T09:32:29Z,AX-NKNU-29C1,,,3.99,3.99,3.99,MANUAL_CAP,"[""BINDING_CEILING_MANUAL_CAP""]"
2026-02-17T09:32:29Z,JB-RGB6-LZOJ,,,7.49,9.99,7.49,ELIGIBILITY,"[""BINDING_CEILING_ELIGIBILITY""]"
2026-02-17T09:32:29Z,RZ-6ZL9-CZ7J,,,7.99,7.99,7.99,MANUAL_CAP,"[""BINDING_CEILING_MANUAL_CAP""]"
2026-02-17T09:32:29Z,TJ-6LOP-OPEU,,,9.00,9.00,9.00,MANUAL_CAP,"[""BINDING_CEILING_MANUAL_CAP""]"
2026-02-17T09:32:29Z,VF-3T0K-DR5O,,,9.99,9.99,9.99,MANUAL_CAP,"[""BINDING_CEILING_MANUAL_CAP""]"
2026-02-17T09:32:29Z,XE-YPAI-HX9F,,,17.99,17.99,17.99,MANUAL_CAP,"[""BINDING_CEILING_MANUAL_CAP""]"
2026-02-17T09:32:29Z,XH-0LAE-FQO5,,,8.99,8.99,8.99,MANUAL_CAP,"[""BINDING_CEILING_MANUAL_CAP""]"
2026-02-17T09:32:29Z,XY-UM2X-TPS3,,,15.00,15.00,15.00,MANUAL_CAP,"[""BINDING_CEILING_MANUAL_CAP""]"
2026-02-17T09:32:29Z,YC-3L3M-BV48,,,109.45,109.45,109.45,MANUAL_CAP,"[""BINDING_CEILING_MANUAL_CAP""]"
2026-02-17T09:32:29Z,L1-54EX-56YC,,,17.99,17.99,17.99,MANUAL_CAP,"[""BINDING_CEILING_MANUAL_CAP""]"
2026-02-17T09:48:52Z,4W-VS57-BV6A,,,44.99,44.99,44.99,MANUAL_CAP,"[""BINDING_CEILING_MANUAL_CAP""]"
2026-02-17T09:48:52Z,6V-EEC1-2S9Z,,,10.64,10.64,10.64,MANUAL_CAP,"[""BINDING_CEILING_MANUAL_CAP""]"
2026-02-17T09:48:52Z,AX-NKNU-29C1,,,3.99,3.99,3.99,MANUAL_CAP,"[""BINDING_CEILING_MANUAL_CAP""]"
2026-02-17T09:48:52Z,JB-RGB6-LZOJ,,,7.49,9.99,7.49,ELIGIBILITY,"[""BINDING_CEILING_ELIGIBILITY""]"
2026-02-17T09:48:52Z,L1-54EX-56YC,,,17.99,17.99,17.99,MANUAL_CAP,"[""BINDING_CEILING_MANUAL_CAP""]"
2026-02-17T09:48:52Z,RZ-6ZL9-CZ7J,,,7.99,7.99,7.99,MANUAL_CAP,"[""BINDING_CEILING_MANUAL_CAP""]"
2026-02-17T09:48:52Z,TJ-6LOP-OPEU,,,9.00,9.00,9.00,MANUAL_CAP,"[""BINDING_CEILING_MANUAL_CAP""]"
2026-02-17T09:48:52Z,VF-3T0K-DR5O,,,9.99,9.99,9.99,MANUAL_CAP,"[""BINDING_CEILING_MANUAL_CAP""]"
2026-02-17T09:48:52Z,XE-YPAI-HX9F,,,17.99,17.99,17.99,MANUAL_CAP,"[""BINDING_CEILING_MANUAL_CAP""]"
2026-02-17T09:48:52Z,XH-0LAE-FQO5,,,8.99,8.99,8.99,MANUAL_CAP,"[""BINDING_CEILING_MANUAL_CAP""]"
2026-02-17T09:48:52Z,XY-UM2X-TPS3,,,15.00,15.00,15.00,MANUAL_CAP,"[""BINDING_CEILING_MANUAL_CAP""]"
2026-02-17T09:48:52Z,YC-3L3M-BV48,,,109.45,109.45,109.45,MANUAL_CAP,"[""BINDING_CEILING_MANUAL_CAP""]"
2026-02-17T10:05:21Z,4W-VS57-BV6A,,,44.99,44.99,44.99,MANUAL_CAP,"[""BINDING_CEILING_MANUAL_CAP""]"
2026-02-17T10:05:21Z,6V-EEC1-2S9Z,,,10.64,10.64,10.64,MANUAL_CAP,"[""BINDING_CEILING_MANUAL_CAP""]"
2026-02-17T10:05:21Z,AX-NKNU-29C1,,,3.99,3.99,3.99,MANUAL_CAP,"[""BINDING_CEILING_MANUAL_CAP""]"
2026-02-17T10:05:21Z,JB-RGB6-LZOJ,,,7.49,9.99,7.49,ELIGIBILITY,"[""BINDING_CEILING_ELIGIBILITY""]"
2026-02-17T10:05:21Z,L1-54EX-56YC,,,17.99,17.99,17.99,MANUAL_CAP,"[""BINDING_CEILING_MANUAL_CAP""]"
2026-02-17T10:05:21Z,RZ-6ZL9-CZ7J,,,7.99,7.99,7.99,MANUAL_CAP,"[""BINDING_CEILING_MANUAL_CAP""]"
2026-02-17T10:05:21Z,TJ-6LOP-OPEU,,,9.00,9.00,9.00,MANUAL_CAP,"[""BINDING_CEILING_MANUAL_CAP""]"
2026-02-17T10:05:21Z,VF-3T0K-DR5O,,,9.99,9.99,9.99,MANUAL_CAP,"[""BINDING_CEILING_MANUAL_CAP""]"
2026-02-17T10:05:21Z,XE-YPAI-HX9F,,,17.99,17.99,17.99,MANUAL_CAP,"[""BINDING_CEILING_MANUAL_CAP""]"
2026-02-17T10:05:21Z,XH-0LAE-FQO5,,,8.99,8.99,8.99,MANUAL_CAP,"[""BINDING_CEILING_MANUAL_CAP""]"
2026-02-17T10:05:21Z,XY-UM2X-TPS3,,,15.00,15.00,15.00,MANUAL_CAP,"[""BINDING_CEILING_MANUAL_CAP""]"
2026-02-17T10:05:21Z,YC-3L3M-BV48,,,109.45,109.45,109.45,MANUAL_CAP,"[""BINDING_CEILING_MANUAL_CAP""]"
2026-02-17T10:21:47Z,4W-VS57-BV6A,,,44.99,44.99,44.99,MANUAL_CAP,"[""BINDING_CEILING_MANUAL_CAP""]"
2026-02-17T10:21:47Z,6V-EEC1-2S9Z,,,10.64,10.64,10.64,MANUAL_CAP,"[""BINDING_CEILING_MANUAL_CAP""]"
2026-02-17T10:21:47Z,AX-NKNU-29C1,,,3.99,3.99,3.99,MANUAL_CAP,"[""BINDING_CEILING_MANUAL_CAP""]"
2026-02-17T10:21:47Z,JB-RGB6-LZOJ,,,7.49,9.99,7.49,ELIGIBILITY,"[""BINDING_CEILING_ELIGIBILITY""]"
2026-02-17T10:21:47Z,L1-54EX-56YC,,,17.99,17.99,17.99,MANUAL_CAP,"[""BINDING_CEILING_MANUAL_CAP""]"
2026-02-17T10:21:47Z,RZ-6ZL9-CZ7J,,,7.99,7.99,7.99,MANUAL_CAP,"[""BINDING_CEILING_MANUAL_CAP""]"
2026-02-17T10:21:47Z,TJ-6LOP-OPEU,,,9.00,9.00,9.00,MANUAL_CAP,"[""BINDING_CEILING_MANUAL_CAP""]"
2026-02-17T10:21:47Z,VF-3T0K-DR5O,,,9.99,9.99,9.99,MANUAL_CAP,"[""BINDING_CEILING_MANUAL_CAP""]"
2026-02-17T10:21:47Z,XE-YPAI-HX9F,,,17.99,17.99,17.99,MANUAL_CAP,"[""BINDING_CEILING_MANUAL_CAP""]"
2026-02-17T10:21:47Z,XH-0LAE-FQO5,,,8.99,8.99,8.99,MANUAL_CAP,"[""BINDING_CEILING_MANUAL_CAP""]"
2026-02-17T10:21:47Z,XY-UM2X-TPS3,,,15.00,15.00,15.00,MANUAL_CAP,"[""BINDING_CEILING_MANUAL_CAP""]"
2026-02-17T10:21:47Z,YC-3L3M-BV48,,,109.45,109.45,109.45,MANUAL_CAP,"[""BINDING_CEILING_MANUAL_CAP""]"
2026-02-17T10:38:10Z,4W-VS57-BV6A,,,44.99,44.99,44.99,MANUAL_CAP,"[""BINDING_CEILING_MANUAL_CAP""]"
2026-02-17T10:38:10Z,6V-EEC1-2S9Z,,,10.64,10.64,10.64,MANUAL_CAP,"[""BINDING_CEILING_MANUAL_CAP""]"
2026-02-17T10:38:10Z,AX-NKNU-29C1,,,3.99,3.99,3.99,MANUAL_CAP,"[""BINDING_CEILING_MANUAL_CAP""]"
2026-02-17T10:38:10Z,JB-RGB6-LZOJ,,,7.49,9.99,7.49,ELIGIBILITY,"[""BINDING_CEILING_ELIGIBILITY""]"
2026-02-17T10:38:10Z,L1-54EX-56YC,,,17.99,17.99,17.99,MANUAL_CAP,"[""BINDING_CEILING_MANUAL_CAP""]"
2026-02-17T10:38:10Z,RZ-6ZL9-CZ7J,,,7.99,7.99,7.99,MANUAL_CAP,"[""BINDING_CEILING_MANUAL_CAP""]"
2026-02-17T10:38:10Z,TJ-6LOP-OPEU,,,9.00,9.00,9.00,MANUAL_CAP,"[""BINDING_CEILING_MANUAL_CAP""]"
2026-02-17T10:38:10Z,VF-3T0K-DR5O,,,9.99,9.99,9.99,MANUAL_CAP,"[""BINDING_CEILING_MANUAL_CAP""]"
2026-02-17T10:38:10Z,XE-YPAI-HX9F,,,17.99,17.99,17.99,MANUAL_CAP,"[""BINDING_CEILING_MANUAL_CAP""]"
2026-02-17T10:38:10Z,XH-0LAE-FQO5,,,8.99,8.99,8.99,MANUAL_CAP,"[""BINDING_CEILING_MANUAL_CAP""]"
2026-02-17T10:38:10Z,XY-UM2X-TPS3,,,15.00,15.00,15.00,MANUAL_CAP,"[""BINDING_CEILING_MANUAL_CAP""]"
2026-02-17T10:38:10Z,YC-3L3M-BV48,,,109.45,109.45,109.45,MANUAL_CAP,"[""BINDING_CEILING_MANUAL_CAP""]"
2026-02-17T10:54:29Z,4W-VS57-BV6A,,,44.99,44.99,44.99,MANUAL_CAP,"[""BINDING_CEILING_MANUAL_CAP""]"
2026-02-17T10:54:29Z,6V-EEC1-2S9Z,,,10.64,10.64,10.64,MANUAL_CAP,"[""BINDING_CEILING_MANUAL_CAP""]"
2026-02-17T10:54:29Z,AX-NKNU-29C1,,,3.99,3.99,3.99,MANUAL_CAP,"[""BINDING_CEILING_MANUAL_CAP""]"
2026-02-17T10:54:29Z,JB-RGB6-LZOJ,,,7.49,9.99,7.49,ELIGIBILITY,"[""BINDING_CEILING_ELIGIBILITY""]"
2026-02-17T10:54:29Z,L1-54EX-56YC,,,17.99,17.99,17.99,MANUAL_CAP,"[""BINDING_CEILING_MANUAL_CAP""]"
2026-02-17T10:54:29Z,RZ-6ZL9-CZ7J,,,7.99,7.99,7.99,MANUAL_CAP,"[""BINDING_CEILING_MANUAL_CAP""]"
2026-02-17T10:54:29Z,TJ-6LOP-OPEU,,,9.00,9.00,9.00,MANUAL_CAP,"[""BINDING_CEILING_MANUAL_CAP""]"
2026-02-17T10:54:29Z,VF-3T0K-DR5O,,,9.99,9.99,9.99,MANUAL_CAP,"[""BINDING_CEILING_MANUAL_CAP""]"
2026-02-17T10:54:29Z,XE-YPAI-HX9F,,,17.99,17.99,17.99,MANUAL_CAP,"[""BINDING_CEILING_MANUAL_CAP""]"
2026-02-17T10:54:29Z,XH-0LAE-FQO5,,,8.99,8.99,8.99,MANUAL_CAP,"[""BINDING_CEILING_MANUAL_CAP""]"
2026-02-17T10:54:29Z,XY-UM2X-TPS3,,,15.00,15.00,15.00,MANUAL_CAP,"[""BINDING_CEILING_MANUAL_CAP""]"
2026-02-17T10:54:29Z,YC-3L3M-BV48,,,109.45,109.45,109.45,MANUAL_CAP,"[""BINDING_CEILING_MANUAL_CAP""]"
2026-02-17T11:10:48Z,4W-VS57-BV6A,,,44.99,44.99,44.99,MANUAL_CAP,"[""BINDING_CEILING_MANUAL_CAP""]"
2026-02-17T11:10:48Z,6V-EEC1-2S9Z,,,10.64,10.64,10.64,MANUAL_CAP,"[""BINDING_CEILING_MANUAL_CAP""]"
2026-02-17T11:10:48Z,AX-NKNU-29C1,,,3.99,3.99,3.99,MANUAL_CAP,"[""BINDING_CEILING_MANUAL_CAP""]"
2026-02-17T11:10:48Z,JB-RGB6-LZOJ,,,7.49,9.99,7.49,ELIGIBILITY,"[""BINDING_CEILING_ELIGIBILITY""]"
2026-02-17T11:10:48Z,L1-54EX-56YC,,,17.99,17.99,17.99,MANUAL_CAP,"[""BINDING_CEILING_MANUAL_CAP""]"
2026-02-17T11:10:48Z,RZ-6ZL9-CZ7J,,,7.99,7.99,7.99,MANUAL_CAP,"[""BINDING_CEILING_MANUAL_CAP""]"
2026-02-17T11:10:48Z,TJ-6LOP-OPEU,,,9.00,9.00,9.00,MANUAL_CAP,"[""BINDING_CEILING_MANUAL_CAP""]"
2026-02-17T11:10:48Z,VF-3T0K-DR5O,,,9.99,9.99,9.99,MANUAL_CAP,"[""BINDING_CEILING_MANUAL_CAP""]"
2026-02-17T11:10:48Z,XE-YPAI-HX9F,,,17.99,17.99,17.99,MANUAL_CAP,"[""BINDING_CEILING_MANUAL_CAP""]"
2026-02-17T11:10:48Z,XH-0LAE-FQO5,,,8.99,8.99,8.99,MANUAL_CAP,"[""BINDING_CEILING_MANUAL_CAP""]"
2026-02-17T11:10:48Z,XY-UM2X-TPS3,,,15.00,15.00,15.00,MANUAL_CAP,"[""BINDING_CEILING_MANUAL_CAP""]"
2026-02-17T11:10:48Z,YC-3L3M-BV48,,,109.45,109.45,109.45,MANUAL_CAP,"[""BINDING_CEILING_MANUAL_CAP""]"
2026-02-17T12:00:05Z,L1-54EX-56YC,,17.99,17.99,17.99,17.99,COMPLIANCE,"[""BINDING_CEILING_COMPLIANCE""]"
2026-02-17T12:16:25Z,L1-54EX-56YC,,17.99,17.99,17.99,17.99,COMPLIANCE,"[""BINDING_CEILING_COMPLIANCE""]"
2026-02-17T12:16:25Z,YC-3L3M-BV48,,109.45,109.45,109.45,109.45,COMPLIANCE,"[""BINDING_CEILING_COMPLIANCE""]"
2026-02-17T12:32:48Z,L1-54EX-56YC,,17.99,17.99,17.99,17.99,COMPLIANCE,"[""BINDING_CEILING_COMPLIANCE""]"
2026-02-17T12:32:48Z,YC-3L3M-BV48,,109.45,109.45,109.45,109.45,COMPLIANCE,"[""BINDING_CEILING_COMPLIANCE""]"
2026-02-17T12:49:14Z,L1-54EX-56YC,,17.99,17.99,17.99,17.99,COMPLIANCE,"[""BINDING_CEILING_COMPLIANCE""]"
2026-02-17T12:49:14Z,YC-3L3M-BV48,,109.45,109.45,109.45,109.45,COMPLIANCE,"[""BINDING_CEILING_COMPLIANCE""]"
2026-02-17T13:05:35Z,4W-VS57-BV6A,,44.99,44.99,44.99,44.99,COMPLIANCE,"[""BINDING_CEILING_COMPLIANCE""]"
2026-02-17T13:05:35Z,6V-EEC1-2S9Z,,10.64,10.64,10.64,10.64,COMPLIANCE,"[""BINDING_CEILING_COMPLIANCE""]"
2026-02-17T13:05:35Z,AX-NKNU-29C1,,3.99,3.99,3.99,3.99,COMPLIANCE,"[""BINDING_CEILING_COMPLIANCE""]"
2026-02-17T13:05:35Z,JB-RGB6-LZOJ,,9.99,9.99,9.99,9.99,COMPLIANCE,"[""BINDING_CEILING_COMPLIANCE""]"
2026-02-17T13:05:35Z,L1-54EX-56YC,,17.99,17.99,17.99,17.99,COMPLIANCE,"[""BINDING_CEILING_COMPLIANCE""]"
2026-02-17T13:05:35Z,RZ-6ZL9-CZ7J,,7.99,7.99,7.99,7.99,COMPLIANCE,"[""BINDING_CEILING_COMPLIANCE""]"
2026-02-17T13:05:35Z,TJ-6LOP-OPEU,,9.00,9.00,9.00,9.00,COMPLIANCE,"[""BINDING_CEILING_COMPLIANCE""]"
2026-02-17T13:05:35Z,VF-3T0K-DR5O,,9.99,9.99,9.99,9.99,COMPLIANCE,"[""BINDING_CEILING_COMPLIANCE""]"
2026-02-17T13:05:35Z,XE-YPAI-HX9F,,17.99,17.99,17.99,17.99,COMPLIANCE,"[""BINDING_CEILING_COMPLIANCE""]"
2026-02-17T13:05:35Z,XH-0LAE-FQO5,,8.99,8.99,8.99,8.99,COMPLIANCE,"[""BINDING_CEILING_COMPLIANCE""]"
2026-02-17T13:05:35Z,YC-3L3M-BV48,,109.45,109.45,109.45,109.45,COMPLIANCE,"[""BINDING_CEILING_COMPLIANCE""]"
2026-02-17T13:21:53Z,4W-VS57-BV6A,,44.99,44.99,44.99,44.99,COMPLIANCE,"[""BINDING_CEILING_COMPLIANCE""]"
2026-02-17T13:21:53Z,6V-EEC1-2S9Z,,10.64,10.64,10.64,10.64,COMPLIANCE,"[""BINDING_CEILING_COMPLIANCE""]"
2026-02-17T13:21:53Z,AX-NKNU-29C1,,3.99,3.99,3.99,3.99,COMPLIANCE,"[""BINDING_CEILING_COMPLIANCE""]"
2026-02-17T13:21:53Z,JB-RGB6-LZOJ,,9.99,9.99,9.99,9.99,COMPLIANCE,"[""BINDING_CEILING_COMPLIANCE""]"
2026-02-17T13:21:53Z,L1-54EX-56YC,,17.99,17.99,17.99,17.99,COMPLIANCE,"[""BINDING_CEILING_COMPLIANCE""]"
2026-02-17T13:21:53Z,RZ-6ZL9-CZ7J,,7.99,7.99,7.99,7.99,COMPLIANCE,"[""BINDING_CEILING_COMPLIANCE""]"
2026-02-17T13:21:53Z,TJ-6LOP-OPEU,,9.00,9.00,9.00,9.00,COMPLIANCE,"[""BINDING_CEILING_COMPLIANCE""]"
2026-02-17T13:21:53Z,VF-3T0K-DR5O,,9.99,9.99,9.99,9.99,COMPLIANCE,"[""BINDING_CEILING_COMPLIANCE""]"
2026-02-17T13:21:53Z,XE-YPAI-HX9F,,17.99,17.99,17.99,17.99,COMPLIANCE,"[""BINDING_CEILING_COMPLIANCE""]"
2026-02-17T13:21:53Z,XH-0LAE-FQO5,,8.99,8.99,8.99,8.99,COMPLIANCE,"[""BINDING_CEILING_COMPLIANCE""]"
2026-02-17T13:21:53Z,YC-3L3M-BV48,,109.45,109.45,109.45,109.45,COMPLIANCE,"[""BINDING_CEILING_COMPLIANCE""]"
2026-02-17T13:38:11Z,4W-VS57-BV6A,,44.99,44.99,44.99,44.99,COMPLIANCE,"[""BINDING_CEILING_COMPLIANCE""]"
2026-02-17T13:38:11Z,6V-EEC1-2S9Z,,10.64,10.64,10.64,10.64,COMPLIANCE,"[""BINDING_CEILING_COMPLIANCE""]"
2026-02-17T13:38:11Z,AX-NKNU-29C1,,3.99,3.99,3.99,3.99,COMPLIANCE,"[""BINDING_CEILING_COMPLIANCE""]"
2026-02-17T13:38:11Z,JB-RGB6-LZOJ,,9.99,9.99,9.99,9.99,COMPLIANCE,"[""BINDING_CEILING_COMPLIANCE""]"
2026-02-17T13:38:11Z,L1-54EX-56YC,,17.99,17.99,17.99,17.99,COMPLIANCE,"[""BINDING_CEILING_COMPLIANCE""]"
2026-02-17T13:38:11Z,RZ-6ZL9-CZ7J,,7.99,7.99,7.99,7.99,COMPLIANCE,"[""BINDING_CEILING_COMPLIANCE""]"
2026-02-17T13:38:11Z,TJ-6LOP-OPEU,,9.00,9.00,9.00,9.00,COMPLIANCE,"[""BINDING_CEILING_COMPLIANCE""]"
2026-02-17T13:38:11Z,VF-3T0K-DR5O,,9.99,9.99,9.99,9.99,COMPLIANCE,"[""BINDING_CEILING_COMPLIANCE""]"
2026-02-17T13:38:11Z,XE-YPAI-HX9F,,17.99,17.99,17.99,17.99,COMPLIANCE,"[""BINDING_CEILING_COMPLIANCE""]"
2026-02-17T13:38:11Z,XH-0LAE-FQO5,,8.99,8.99,8.99,8.99,COMPLIANCE,"[""BINDING_CEILING_COMPLIANCE""]"
2026-02-17T13:38:11Z,YC-3L3M-BV48,,109.45,109.45,109.45,109.45,COMPLIANCE,"[""BINDING_CEILING_COMPLIANCE""]"
2026-02-17T13:54:30Z,4W-VS57-BV6A,,44.99,44.99,44.99,44.99,COMPLIANCE,"[""BINDING_CEILING_COMPLIANCE""]"
2026-02-17T13:54:30Z,6V-EEC1-2S9Z,,10.64,10.64,10.64,10.64,COMPLIANCE,"[""BINDING_CEILING_COMPLIANCE""]"
2026-02-17T13:54:30Z,AX-NKNU-29C1,,3.99,3.99,3.99,3.99,COMPLIANCE,"[""BINDING_CEILING_COMPLIANCE""]"
2026-02-17T13:54:30Z,JB-RGB6-LZOJ,,9.99,9.99,9.99,9.99,COMPLIANCE,"[""BINDING_CEILING_COMPLIANCE""]"
2026-02-17T13:54:30Z,L1-54EX-56YC,,17.99,17.99,17.99,17.99,COMPLIANCE,"[""BINDING_CEILING_COMPLIANCE""]"
2026-02-17T13:54:30Z,RZ-6ZL9-CZ7J,,7.99,7.99,7.99,7.99,COMPLIANCE,"[""BINDING_CEILING_COMPLIANCE""]"
2026-02-17T13:54:30Z,TJ-6LOP-OPEU,,9.00,9.00,9.00,9.00,COMPLIANCE,"[""BINDING_CEILING_COMPLIANCE""]"
2026-02-17T13:54:30Z,VF-3T0K-DR5O,,9.99,9.99,9.99,9.99,COMPLIANCE,"[""BINDING_CEILING_COMPLIANCE""]"
2026-02-17T13:54:30Z,XE-YPAI-HX9F,,17.99,17.99,17.99,17.99,COMPLIANCE,"[""BINDING_CEILING_COMPLIANCE""]"
2026-02-17T13:54:30Z,XH-0LAE-FQO5,,8.99,8.99,8.99,8.99,COMPLIANCE,"[""BINDING_CEILING_COMPLIANCE""]"
2026-02-17T13:54:30Z,YC-3L3M-BV48,,109.45,109.45,109.45,109.45,COMPLIANCE,"[""BINDING_CEILING_COMPLIANCE""]"
2026-02-17T14:10:48Z,4W-VS57-BV6A,,44.99,44.99,44.99,44.99,COMPLIANCE,"[""BINDING_CEILING_COMPLIANCE""]"
2026-02-17T14:10:48Z,6V-EEC1-2S9Z,,10.64,10.64,10.64,10.64,COMPLIANCE,"[""BINDING_CEILING_COMPLIANCE""]"
2026-02-17T14:10:48Z,AX-NKNU-29C1,,3.99,3.99,3.99,3.99,COMPLIANCE,"[""BINDING_CEILING_COMPLIANCE""]"
2026-02-17T14:10:48Z,JB-RGB6-LZOJ,,9.99,9.99,9.99,9.99,COMPLIANCE,"[""BINDING_CEILING_COMPLIANCE""]"
2026-02-17T14:10:48Z,L1-54EX-56YC,,17.99,17.99,17.99,17.99,COMPLIANCE,"[""BINDING_CEILING_COMPLIANCE""]"
2026-02-17T14:10:48Z,RZ-6ZL9-CZ7J,,7.99,7.99,7.99,7.99,COMPLIANCE,"[""BINDING_CEILING_COMPLIANCE""]"
2026-02-17T14:10:48Z,TJ-6LOP-OPEU,,9.00,9.00,9.00,9.00,COMPLIANCE,"[""BINDING_CEILING_COMPLIANCE""]"
2026-02-17T14:10:48Z,VF-3T0K-DR5O,,9.99,9.99,9.99,9.99,COMPLIANCE,"[""BINDING_CEILING_COMPLIANCE""]"
2026-02-17T14:10:48Z,XE-YPAI-HX9F,,17.99,17.99,17.99,17.99,COMPLIANCE,"[""BINDING_CEILING_COMPLIANCE""]"
2026-02-17T14:10:48Z,XH-0LAE-FQO5,,8.99,8.99,8.99,8.99,COMPLIANCE,"[""BINDING_CEILING_COMPLIANCE""]"
2026-02-17T14:10:48Z,YC-3L3M-BV48,,109.45,109.45,109.45,109.45,COMPLIANCE,"[""BINDING_CEILING_COMPLIANCE""]"
2026-02-17T14:27:07Z,4W-VS57-BV6A,,44.99,44.99,44.99,44.99,COMPLIANCE,"[""BINDING_CEILING_COMPLIANCE""]"
2026-02-17T14:27:07Z,6V-EEC1-2S9Z,,10.64,10.64,10.64,10.64,COMPLIANCE,"[""BINDING_CEILING_COMPLIANCE""]"
2026-02-17T14:27:07Z,AX-NKNU-29C1,,3.99,3.99,3.99,3.99,COMPLIANCE,"[""BINDING_CEILING_COMPLIANCE""]"
2026-02-17T14:27:07Z,JB-RGB6-LZOJ,,9.99,9.99,9.99,9.99,COMPLIANCE,"[""BINDING_CEILING_COMPLIANCE""]"
2026-02-17T14:27:07Z,L1-54EX-56YC,,17.99,17.99,17.99,17.99,COMPLIANCE,"[""BINDING_CEILING_COMPLIANCE""]"
2026-02-17T14:27:07Z,RZ-6ZL9-CZ7J,,7.99,7.99,7.99,7.99,COMPLIANCE,"[""BINDING_CEILING_COMPLIANCE""]"
2026-02-17T14:27:07Z,TJ-6LOP-OPEU,,9.00,9.00,9.00,9.00,COMPLIANCE,"[""BINDING_CEILING_COMPLIANCE""]"
2026-02-17T14:27:07Z,VF-3T0K-DR5O,,9.99,9.99,9.99,9.99,COMPLIANCE,"[""BINDING_CEILING_COMPLIANCE""]"
2026-02-17T14:27:07Z,XE-YPAI-HX9F,,17.99,17.99,17.99,17.99,COMPLIANCE,"[""BINDING_CEILING_COMPLIANCE""]"
2026-02-17T14:27:07Z,XH-0LAE-FQO5,,8.99,8.99,8.99,8.99,COMPLIANCE,"[""BINDING_CEILING_COMPLIANCE""]"
2026-02-17T14:27:07Z,YC-3L3M-BV48,,109.45,109.45,109.45,109.45,COMPLIANCE,"[""BINDING_CEILING_COMPLIANCE""]"
2026-02-17T14:43:36Z,4W-VS57-BV6A,,44.99,44.99,44.99,44.99,COMPLIANCE,"[""BINDING_CEILING_COMPLIANCE""]"
2026-02-17T14:47:49Z,L1-54EX-56YC,,17.99,17.99,17.99,17.99,COMPLIANCE,"[""BINDING_CEILING_COMPLIANCE""]"
2026-02-17T15:03:01Z,L1-54EX-56YC,,17.99,17.99,17.99,17.99,COMPLIANCE,"[""BINDING_CEILING_COMPLIANCE""]"
2026-02-17T15:03:01Z,L1-54EX-56YC,,17.99,17.99,17.99,17.99,COMPLIANCE,"[""BINDING_CEILING_COMPLIANCE""]"
2026-02-17T15:07:25Z,L1-54EX-56YC,,17.99,17.99,17.99,17.99,COMPLIANCE,"[""BINDING_CEILING_COMPLIANCE""]"
2026-02-17T15:12:02Z,L1-54EX-56YC,,17.99,17.99,17.99,17.99,COMPLIANCE,"[""BINDING_CEILING_COMPLIANCE""]"
2026-02-17T15:16:42Z,L1-54EX-56YC,,17.99,17.99,17.99,17.99,COMPLIANCE,"[""BINDING_CEILING_COMPLIANCE""]"
2026-02-17T15:23:04Z,L1-54EX-56YC,,17.99,17.99,17.99,17.99,COMPLIANCE,"[""BINDING_CEILING_COMPLIANCE""]"
2026-02-17T15:23:52Z,L1-54EX-56YC,,17.99,17.99,17.99,17.99,COMPLIANCE,"[""BINDING_CEILING_COMPLIANCE""]"
2026-02-17T15:28:25Z,L1-54EX-56YC,,17.99,17.99,17.99,17.99,COMPLIANCE,"[""BINDING_CEILING_COMPLIANCE""]"
2026-02-17T15:33:04Z,L1-54EX-56YC,,17.99,17.99,17.99,17.99,COMPLIANCE,"[""BINDING_CEILING_COMPLIANCE""]"
2026-02-17T15:37:51Z,L1-54EX-56YC,,17.99,17.99,17.99,17.99,COMPLIANCE,"[""BINDING_CEILING_COMPLIANCE""]"
2026-02-17T15:44:04Z,L1-54EX-56YC,,17.99,17.99,17.99,17.99,COMPLIANCE,"[""BINDING_CEILING_COMPLIANCE""]"
2026-02-17T15:45:29Z,L1-54EX-56YC,,17.99,17.99,17.99,17.99,COMPLIANCE,"[""BINDING_CEILING_COMPLIANCE""]"
2026-02-17T15:42:32Z,L1-54EX-56YC,,17.99,17.99,17.99,17.99,COMPLIANCE,"[""BINDING_CEILING_COMPLIANCE""]"
2026-02-17T15:47:10Z,L1-54EX-56YC,,17.99,17.99,17.99,17.99,COMPLIANCE,"[""BINDING_CEILING_COMPLIANCE""]"
2026-02-17T15:51:43Z,L1-54EX-56YC,,17.99,17.99,17.99,17.99,COMPLIANCE,"[""BINDING_CEILING_COMPLIANCE""]"
2026-02-17T15:56:02Z,L1-54EX-56YC,,17.99,17.99,17.99,17.99,COMPLIANCE,"[""BINDING_CEILING_COMPLIANCE""]"
2026-02-17T16:03:14Z,L1-54EX-56YC,,17.99,17.99,17.99,17.99,COMPLIANCE,"[""BINDING_CEILING_COMPLIANCE""]"
2026-02-17T16:03:53Z,L1-54EX-56YC,,17.99,17.99,17.99,17.99,COMPLIANCE,"[""BINDING_CEILING_COMPLIANCE""]"
2026-02-17T16:00:23Z,L1-54EX-56YC,,17.99,17.99,17.99,17.99,COMPLIANCE,"[""BINDING_CEILING_COMPLIANCE""]"
2026-02-17T16:04:50Z,L1-54EX-56YC,,17.99,17.99,17.99,17.99,COMPLIANCE,"[""BINDING_CEILING_COMPLIANCE""]"
2026-02-17T16:09:11Z,L1-54EX-56YC,,17.99,17.99,17.99,17.99,COMPLIANCE,"[""BINDING_CEILING_COMPLIANCE""]"
2026-02-17T16:13:33Z,L1-54EX-56YC,,17.99,17.99,17.99,17.99,COMPLIANCE,"[""BINDING_CEILING_COMPLIANCE""]"
2026-02-17T16:17:57Z,L1-54EX-56YC,,17.99,17.99,17.99,17.99,COMPLIANCE,"[""BINDING_CEILING_COMPLIANCE""]"
2026-02-17T16:22:17Z,L1-54EX-56YC,,17.99,17.99,17.99,17.99,COMPLIANCE,"[""BINDING_CEILING_COMPLIANCE""]"
2026-02-17T16:26:36Z,L1-54EX-56YC,,17.99,17.99,17.99,17.99,COMPLIANCE,"[""BINDING_CEILING_COMPLIANCE""]"
2026-02-17T16:31:06Z,L1-54EX-56YC,,17.99,17.99,17.99,17.99,COMPLIANCE,"[""BINDING_CEILING_COMPLIANCE""]"
2026-02-17T16:35:31Z,L1-54EX-56YC,,17.99,17.99,17.99,17.99,COMPLIANCE,"[""BINDING_CEILING_COMPLIANCE""]"
2026-02-17T16:39:52Z,L1-54EX-56YC,,17.99,17.99,17.99,17.99,COMPLIANCE,"[""BINDING_CEILING_COMPLIANCE""]"
2026-02-17T16:44:11Z,L1-54EX-56YC,,17.99,17.99,17.99,17.99,COMPLIANCE,"[""BINDING_CEILING_COMPLIANCE""]"
2026-02-17T16:48:31Z,L1-54EX-56YC,,17.99,17.99,17.99,17.99,COMPLIANCE,"[""BINDING_CEILING_COMPLIANCE""]"
2026-02-17T16:52:53Z,L1-54EX-56YC,,17.99,17.99,17.99,17.99,COMPLIANCE,"[""BINDING_CEILING_COMPLIANCE""]"
2026-02-17T16:57:48Z,L1-54EX-56YC,,17.99,17.99,17.99,17.99,COMPLIANCE,"[""BINDING_CEILING_COMPLIANCE""]"
2026-02-17T17:02:09Z,L1-54EX-56YC,,17.99,17.99,17.99,17.99,COMPLIANCE,"[""BINDING_CEILING_COMPLIANCE""]"
2026-02-17T17:06:36Z,0G-JB6S-PN34,,17.99,17.99,17.99,17.99,COMPLIANCE,"[""BINDING_CEILING_COMPLIANCE""]"
2026-02-17T17:06:36Z,0R-GRRH-W0Z9,,17.99,17.99,17.99,17.99,COMPLIANCE,"[""BINDING_CEILING_COMPLIANCE""]"
2026-02-17T17:06:36Z,2G-AYBQ-TUQG,,17.99,17.99,17.99,17.99,COMPLIANCE,"[""BINDING_CEILING_COMPLIANCE""]"
2026-02-17T17:06:36Z,3X-EXDD-TD2K,,17.99,17.99,17.99,17.99,COMPLIANCE,"[""BINDING_CEILING_COMPLIANCE""]"
2026-02-17T17:06:36Z,4W-VS57-BV6A,,44.99,44.99,44.99,44.99,COMPLIANCE,"[""BINDING_CEILING_COMPLIANCE""]"
2026-02-17T17:06:36Z,6Q-9G2A-IKVV,,17.99,17.99,17.99,17.99,COMPLIANCE,"[""BINDING_CEILING_COMPLIANCE""]"
2026-02-17T17:06:36Z,6V-EEC1-2S9Z,,10.64,10.64,10.64,10.64,COMPLIANCE,"[""BINDING_CEILING_COMPLIANCE""]"
2026-02-17T17:06:36Z,714810,,17.99,17.99,17.99,17.99,COMPLIANCE,"[""BINDING_CEILING_COMPLIANCE""]"
2026-02-17T17:06:36Z,7M-48OU-23X3,,17.99,17.99,17.99,17.99,COMPLIANCE,"[""BINDING_CEILING_COMPLIANCE""]"
2026-02-17T17:06:36Z,8M-LM6B-F2Q5,,17.99,17.99,17.99,17.99,COMPLIANCE,"[""BINDING_CEILING_COMPLIANCE""]"
2026-02-17T17:06:36Z,8M-NHB7-T8TR,,17.99,17.99,17.99,17.99,COMPLIANCE,"[""BINDING_CEILING_COMPLIANCE""]"
2026-02-17T17:06:36Z,8U-QPFH-3EKQ,,17.99,17.99,17.99,17.99,COMPLIANCE,"[""BINDING_CEILING_COMPLIANCE""]"
2026-02-17T17:06:36Z,9X-HL62-83C7,,17.99,17.99,17.99,17.99,COMPLIANCE,"[""BINDING_CEILING_COMPLIANCE""]"
2026-02-17T17:06:36Z,A2-T2AC-TW3L,,17.99,17.99,17.99,17.99,COMPLIANCE,"[""BINDING_CEILING_COMPLIANCE""]"
2026-02-17T17:06:36Z,AF-KIHX-ANYY,,17.99,17.99,17.99,17.99,COMPLIANCE,"[""BINDING_CEILING_COMPLIANCE""]"
2026-02-17T17:06:36Z,AX-NKNU-29C1,,3.99,3.99,3.99,3.99,COMPLIANCE,"[""BINDING_CEILING_COMPLIANCE""]"
2026-02-17T17:06:36Z,BL-WX51-KQOK,,17.99,17.99,17.99,17.99,COMPLIANCE,"[""BINDING_CEILING_COMPLIANCE""]"
2026-02-17T17:06:36Z,CJ-X0SS-QOUW,,17.99,17.99,17.99,17.99,COMPLIANCE,"[""BINDING_CEILING_COMPLIANCE""]"
2026-02-17T17:06:36Z,CX-SMCH-4DYA,,17.99,17.99,17.99,17.99,COMPLIANCE,"[""BINDING_CEILING_COMPLIANCE""]"
2026-02-17T17:06:36Z,D0-C7C0-H6LN,,17.99,17.99,17.99,17.99,COMPLIANCE,"[""BINDING_CEILING_COMPLIANCE""]"
2026-02-17T17:06:36Z,D8-1A3E-I37F,,17.99,17.99,17.99,17.99,COMPLIANCE,"[""BINDING_CEILING_COMPLIANCE""]"
2026-02-17T17:06:36Z,DC-K5WH-R7F5,,17.99,17.99,17.99,17.99,COMPLIANCE,"[""BINDING_CEILING_COMPLIANCE""]"
2026-02-17T17:06:36Z,EV-CHU5-XU3G,,17.99,17.99,17.99,17.99,COMPLIANCE,"[""BINDING_CEILING_COMPLIANCE""]"
2026-02-17T17:06:36Z,FB-6FW0-Z82Q,,17.99,17.99,17.99,17.99,COMPLIANCE,"[""BINDING_CEILING_COMPLIANCE""]"
2026-02-17T17:06:36Z,GA-9DTN-9O1E,,17.99,17.99,17.99,17.99,COMPLIANCE,"[""BINDING_CEILING_COMPLIANCE""]"
2026-02-17T17:06:36Z,H6-E7MP-EBPD,,17.99,17.99,17.99,17.99,COMPLIANCE,"[""BINDING_CEILING_COMPLIANCE""]"
2026-02-17T17:06:36Z,HL-03ZR-QPHH,,17.99,17.99,17.99,17.99,COMPLIANCE,"[""BINDING_CEILING_COMPLIANCE""]"
2026-02-17T17:06:36Z,HS-R5IP-7E1C,,17.99,17.99,17.99,17.99,COMPLIANCE,"[""BINDING_CEILING_COMPLIANCE""]"
2026-02-17T17:06:36Z,IJ-V0PQ-4CZ4,,17.99,17.99,17.99,17.99,COMPLIANCE,"[""BINDING_CEILING_COMPLIANCE""]"
2026-02-17T17:06:36Z,JB-RGB6-LZOJ,,9.99,9.99,9.99,9.99,COMPLIANCE,"[""BINDING_CEILING_COMPLIANCE""]"
2026-02-17T17:06:36Z,L5-PF3B-WHU4,,17.99,17.99,17.99,17.99,COMPLIANCE,"[""BINDING_CEILING_COMPLIANCE""]"
2026-02-17T17:06:36Z,LP-QMNJ-J49G,,17.99,17.99,17.99,17.99,COMPLIANCE,"[""BINDING_CEILING_COMPLIANCE""]"
2026-02-17T17:06:36Z,LR-7GM6-1RCH,,17.99,17.99,17.99,17.99,COMPLIANCE,"[""BINDING_CEILING_COMPLIANCE""]"
2026-02-17T17:06:36Z,OV-LVEL-DQL6,,17.99,17.99,17.99,17.99,COMPLIANCE,"[""BINDING_CEILING_COMPLIANCE""]"
2026-02-17T17:06:36Z,R4-0AXZ-ZZ9D,,17.99,17.99,17.99,17.99,COMPLIANCE,"[""BINDING_CEILING_COMPLIANCE""]"
2026-02-17T17:06:36Z,R7-98IN-2PW8,,17.99,17.99,17.99,17.99,COMPLIANCE,"[""BINDING_CEILING_COMPLIANCE""]"
2026-02-17T17:06:36Z,RI-VSUS-0YTD,,17.99,17.99,17.99,17.99,COMPLIANCE,"[""BINDING_CEILING_COMPLIANCE""]"
2026-02-17T17:06:36Z,RW-AZK6-O4M2,,17.99,17.99,17.99,17.99,COMPLIANCE,"[""BINDING_CEILING_COMPLIANCE""]"
2026-02-17T17:06:36Z,RZ-6ZL9-CZ7J,,7.99,7.99,7.99,7.99,COMPLIANCE,"[""BINDING_CEILING_COMPLIANCE""]"
2026-02-17T17:06:36Z,TJ-6LOP-OPEU,,9.00,9.00,9.00,9.00,COMPLIANCE,"[""BINDING_CEILING_COMPLIANCE""]"
2026-02-17T17:06:36Z,TK-E7QE-T40G,,17.99,17.99,17.99,17.99,COMPLIANCE,"[""BINDING_CEILING_COMPLIANCE""]"
2026-02-17T17:06:36Z,UR-Q7TM-1F3I,,17.99,17.99,17.99,17.99,COMPLIANCE,"[""BINDING_CEILING_COMPLIANCE""]"
2026-02-17T17:06:36Z,US-AK96-YFSB,,17.99,17.99,17.99,17.99,COMPLIANCE,"[""BINDING_CEILING_COMPLIANCE""]"
2026-02-17T17:06:36Z,VF-3T0K-DR5O,,9.99,9.99,9.99,9.99,COMPLIANCE,"[""BINDING_CEILING_COMPLIANCE""]"
2026-02-17T17:06:36Z,VO-A6AR-18YS,,17.99,17.99,17.99,17.99,COMPLIANCE,"[""BINDING_CEILING_COMPLIANCE""]"
2026-02-17T17:06:36Z,VU-8KRA-QP5M,,17.99,17.99,17.99,17.99,COMPLIANCE,"[""BINDING_CEILING_COMPLIANCE""]"
2026-02-17T17:06:36Z,W3-8FN7-FSP0,,17.99,17.99,17.99,17.99,COMPLIANCE,"[""BINDING_CEILING_COMPLIANCE""]"
2026-02-17T17:06:36Z,WE-1Z7L-SA2I,,17.99,17.99,17.99,17.99,COMPLIANCE,"[""BINDING_CEILING_COMPLIANCE""]"
2026-02-17T17:06:36Z,X7-MY4W-H2I4,,17.99,17.99,17.99,17.99,COMPLIANCE,"[""BINDING_CEILING_COMPLIANCE""]"
2026-02-17T17:06:36Z,XE-27ZG-EZPZ,,17.99,17.99,17.99,17.99,COMPLIANCE,"[""BINDING_CEILING_COMPLIANCE""]"
2026-02-17T17:06:36Z,XE-YPAI-HX9F,,17.99,17.99,17.99,17.99,COMPLIANCE,"[""BINDING_CEILING_COMPLIANCE""]"
2026-02-17T17:06:36Z,XH-0LAE-FQO5,,8.99,8.99,8.99,8.99,COMPLIANCE,"[""BINDING_CEILING_COMPLIANCE""]"
2026-02-17T17:06:36Z,YC-3L3M-BV48,,109.45,109.45,109.45,109.45,COMPLIANCE,"[""BINDING_CEILING_COMPLIANCE""]"
2026-02-17T17:06:36Z,YO-EKK2-FRCC,,17.99,17.99,17.99,17.99,COMPLIANCE,"[""BINDING_CEILING_COMPLIANCE""]"
2026-02-17T17:06:36Z,Z7-26PV-O9LR,,17.99,17.99,17.99,17.99,COMPLIANCE,"[""BINDING_CEILING_COMPLIANCE""]"
2026-02-17T17:06:36Z,ZT-QPY3-P24I,,17.99,17.99,17.99,17.99,COMPLIANCE,"[""BINDING_CEILING_COMPLIANCE""]"
2026-02-17T17:30:00Z,6V-EEC1-2S9Z,,10.64,10.64,10.64,10.64,COMPLIANCE,"[""BINDING_CEILING_COMPLIANCE""]"
2026-02-17T17:46:00Z,6V-EEC1-2S9Z,,10.64,10.64,10.64,10.64,COMPLIANCE,"[""BINDING_CEILING_COMPLIANCE""]"
2026-02-17T18:10:00Z,6V-EEC1-2S9Z,,10.64,10.64,10.64,10.64,COMPLIANCE,"[""BINDING_CEILING_COMPLIANCE""]"
2026-02-17T18:26:00Z,6V-EEC1-2S9Z,,10.64,10.64,10.64,10.64,COMPLIANCE,"[""BINDING_CEILING_COMPLIANCE""]"
2026-02-17T17:24:04Z,0G-JB6S-PN34,,17.99,17.99,17.99,17.99,COMPLIANCE,"[""BINDING_CEILING_COMPLIANCE""]"
2026-02-17T17:24:04Z,0R-GRRH-W0Z9,,17.99,17.99,17.99,17.99,COMPLIANCE,"[""BINDING_CEILING_COMPLIANCE""]"
2026-02-17T17:24:04Z,2G-AYBQ-TUQG,,17.99,17.99,17.99,17.99,COMPLIANCE,"[""BINDING_CEILING_COMPLIANCE""]"
2026-02-17T17:24:04Z,3X-EXDD-TD2K,,17.99,17.99,17.99,17.99,COMPLIANCE,"[""BINDING_CEILING_COMPLIANCE""]"
2026-02-17T17:24:04Z,4W-VS57-BV6A,,44.99,44.99,44.99,44.99,COMPLIANCE,"[""BINDING_CEILING_COMPLIANCE""]"
2026-02-17T17:24:04Z,6Q-9G2A-IKVV,,17.99,17.99,17.99,17.99,COMPLIANCE,"[""BINDING_CEILING_COMPLIANCE""]"
2026-02-17T17:24:04Z,714810,,17.99,17.99,17.99,17.99,COMPLIANCE,"[""BINDING_CEILING_COMPLIANCE""]"
2026-02-17T17:24:04Z,7M-48OU-23X3,,17.99,17.99,17.99,17.99,COMPLIANCE,"[""BINDING_CEILING_COMPLIANCE""]"
2026-02-17T17:24:04Z,8M-LM6B-F2Q5,,17.99,17.99,17.99,17.99,COMPLIANCE,"[""BINDING_CEILING_COMPLIANCE""]"
2026-02-17T17:24:04Z,8M-NHB7-T8TR,,17.99,17.99,17.99,17.99,COMPLIANCE,"[""BINDING_CEILING_COMPLIANCE""]"
2026-02-17T17:24:04Z,8U-QPFH-3EKQ,,17.99,17.99,17.99,17.99,COMPLIANCE,"[""BINDING_CEILING_COMPLIANCE""]"
2026-02-17T17:24:04Z,9X-HL62-83C7,,17.99,17.99,17.99,17.99,COMPLIANCE,"[""BINDING_CEILING_COMPLIANCE""]"
2026-02-17T17:24:04Z,A2-T2AC-TW3L,,17.99,17.99,17.99,17.99,COMPLIANCE,"[""BINDING_CEILING_COMPLIANCE""]"
2026-02-17T17:24:04Z,AF-KIHX-ANYY,,17.99,17.99,17.99,17.99,COMPLIANCE,"[""BINDING_CEILING_COMPLIANCE""]"
2026-02-17T17:24:04Z,AX-NKNU-29C1,,3.99,3.99,3.99,3.99,COMPLIANCE,"[""BINDING_CEILING_COMPLIANCE""]"
2026-02-17T17:24:04Z,BL-WX51-KQOK,,17.99,17.99,17.99,17.99,COMPLIANCE,"[""BINDING_CEILING_COMPLIANCE""]"
2026-02-17T17:24:04Z,CJ-X0SS-QOUW,,17.99,17.99,17.99,17.99,COMPLIANCE,"[""BINDING_CEILING_COMPLIANCE""]"
2026-02-17T17:24:04Z,CX-SMCH-4DYA,,17.99,17.99,17.99,17.99,COMPLIANCE,"[""BINDING_CEILING_COMPLIANCE""]"
2026-02-17T17:24:04Z,D0-C7C0-H6LN,,17.99,17.99,17.99,17.99,COMPLIANCE,"[""BINDING_CEILING_COMPLIANCE""]"
2026-02-17T17:24:04Z,D8-1A3E-I37F,,17.99,17.99,17.99,17.99,COMPLIANCE,"[""BINDING_CEILING_COMPLIANCE""]"
2026-02-17T17:24:04Z,DC-K5WH-R7F5,,17.99,17.99,17.99,17.99,COMPLIANCE,"[""BINDING_CEILING_COMPLIANCE""]"
2026-02-17T17:24:04Z,EV-CHU5-XU3G,,17.99,17.99,17.99,17.99,COMPLIANCE,"[""BINDING_CEILING_COMPLIANCE""]"
2026-02-17T17:24:04Z,FB-6FW0-Z82Q,,17.99,17.99,17.99,17.99,COMPLIANCE,"[""BINDING_CEILING_COMPLIANCE""]"
2026-02-17T17:24:04Z,GA-9DTN-9O1E,,17.99,17.99,17.99,17.99,COMPLIANCE,"[""BINDING_CEILING_COMPLIANCE""]"
2026-02-17T17:24:04Z,H6-E7MP-EBPD,,17.99,17.99,17.99,17.99,COMPLIANCE,"[""BINDING_CEILING_COMPLIANCE""]"
2026-02-17T17:24:04Z,HL-03ZR-QPHH,,17.99,17.99,17.99,17.99,COMPLIANCE,"[""BINDING_CEILING_COMPLIANCE""]"
2026-02-17T17:24:04Z,HS-R5IP-7E1C,,17.99,17.99,17.99,17.99,COMPLIANCE,"[""BINDING_CEILING_COMPLIANCE""]"
2026-02-17T17:24:04Z,IJ-V0PQ-4CZ4,,17.99,17.99,17.99,17.99,COMPLIANCE,"[""BINDING_CEILING_COMPLIANCE""]"
2026-02-17T17:24:04Z,JB-RGB6-LZOJ,,9.99,9.99,9.99,9.99,COMPLIANCE,"[""BINDING_CEILING_COMPLIANCE""]"
2026-02-17T17:24:04Z,L1-54EX-56YC,,17.99,17.99,17.99,17.99,COMPLIANCE,"[""BINDING_CEILING_COMPLIANCE""]"
2026-02-17T17:24:04Z,L5-PF3B-WHU4,,17.99,17.99,17.99,17.99,COMPLIANCE,"[""BINDING_CEILING_COMPLIANCE""]"
2026-02-17T17:24:04Z,LP-QMNJ-J49G,,17.99,17.99,17.99,17.99,COMPLIANCE,"[""BINDING_CEILING_COMPLIANCE""]"
2026-02-17T17:24:04Z,LR-7GM6-1RCH,,17.99,17.99,17.99,17.99,COMPLIANCE,"[""BINDING_CEILING_COMPLIANCE""]"
2026-02-17T17:24:04Z,OV-LVEL-DQL6,,17.99,17.99,17.99,17.99,COMPLIANCE,"[""BINDING_CEILING_COMPLIANCE""]"
2026-02-17T17:24:04Z,R4-0AXZ-ZZ9D,,17.99,17.99,17.99,17.99,COMPLIANCE,"[""BINDING_CEILING_COMPLIANCE""]"
2026-02-17T17:24:04Z,R7-98IN-2PW8,,17.99,17.99,17.99,17.99,COMPLIANCE,"[""BINDING_CEILING_COMPLIANCE""]"
2026-02-17T17:24:04Z,RI-VSUS-0YTD,,17.99,17.99,17.99,17.99,COMPLIANCE,"[""BINDING_CEILING_COMPLIANCE""]"
2026-02-17T17:24:04Z,RW-AZK6-O4M2,,17.99,17.99,17.99,17.99,COMPLIANCE,"[""BINDING_CEILING_COMPLIANCE""]"
2026-02-17T17:24:04Z,RZ-6ZL9-CZ7J,,7.99,7.99,7.99,7.99,COMPLIANCE,"[""BINDING_CEILING_COMPLIANCE""]"
2026-02-17T17:24:04Z,TJ-6LOP-OPEU,,9.00,9.00,9.00,9.00,COMPLIANCE,"[""BINDING_CEILING_COMPLIANCE""]"
2026-02-17T17:24:04Z,TK-E7QE-T40G,,17.99,17.99,17.99,17.99,COMPLIANCE,"[""BINDING_CEILING_COMPLIANCE""]"
2026-02-17T17:24:04Z,UR-Q7TM-1F3I,,17.99,17.99,17.99,17.99,COMPLIANCE,"[""BINDING_CEILING_COMPLIANCE""]"
2026-02-17T17:24:04Z,US-AK96-YFSB,,17.99,17.99,17.99,17.99,COMPLIANCE,"[""BINDING_CEILING_COMPLIANCE""]"
2026-02-17T17:24:04Z,VF-3T0K-DR5O,,9.99,9.99,9.99,9.99,COMPLIANCE,"[""BINDING_CEILING_COMPLIANCE""]"
2026-02-17T17:24:04Z,VO-A6AR-18YS,,17.99,17.99,17.99,17.99,COMPLIANCE,"[""BINDING_CEILING_COMPLIANCE""]"
2026-02-17T17:24:04Z,VU-8KRA-QP5M,,17.99,17.99,17.99,17.99,COMPLIANCE,"[""BINDING_CEILING_COMPLIANCE""]"
2026-02-17T17:24:04Z,W3-8FN7-FSP0,,17.99,17.99,17.99,17.99,COMPLIANCE,"[""BINDING_CEILING_COMPLIANCE""]"
2026-02-17T17:24:04Z,WE-1Z7L-SA2I,,17.99,17.99,17.99,17.99,COMPLIANCE,"[""BINDING_CEILING_COMPLIANCE""]"
2026-02-17T17:24:04Z,X7-MY4W-H2I4,,17.99,17.99,17.99,17.99,COMPLIANCE,"[""BINDING_CEILING_COMPLIANCE""]"
2026-02-17T17:24:04Z,XE-27ZG-EZPZ,,17.99,17.99,17.99,17.99,COMPLIANCE,"[""BINDING_CEILING_COMPLIANCE""]"
2026-02-17T17:24:04Z,XE-YPAI-HX9F,,17.99,17.99,17.99,17.99,COMPLIANCE,"[""BINDING_CEILING_COMPLIANCE""]"
2026-02-17T17:24:04Z,XH-0LAE-FQO5,,8.99,8.99,8.99,8.99,COMPLIANCE,"[""BINDING_CEILING_COMPLIANCE""]"
2026-02-17T17:24:04Z,YC-3L3M-BV48,,109.45,109.45,109.45,109.45,COMPLIANCE,"[""BINDING_CEILING_COMPLIANCE""]"
2026-02-17T17:24:04Z,YO-EKK2-FRCC,,17.99,17.99,17.99,17.99,COMPLIANCE,"[""BINDING_CEILING_COMPLIANCE""]"
2026-02-17T17:24:04Z,Z7-26PV-O9LR,,17.99,17.99,17.99,17.99,COMPLIANCE,"[""BINDING_CEILING_COMPLIANCE""]"
2026-02-17T17:24:04Z,ZT-QPY3-P24I,,17.99,17.99,17.99,17.99,COMPLIANCE,"[""BINDING_CEILING_COMPLIANCE""]"
2026-02-17T17:45:59Z,0G-JB6S-PN34,,17.99,17.99,17.99,17.99,COMPLIANCE,"[""BINDING_CEILING_COMPLIANCE""]"
2026-02-17T17:45:59Z,0R-GRRH-W0Z9,,17.99,17.99,17.99,17.99,COMPLIANCE,"[""BINDING_CEILING_COMPLIANCE""]"
2026-02-17T17:45:59Z,2G-AYBQ-TUQG,,17.99,17.99,17.99,17.99,COMPLIANCE,"[""BINDING_CEILING_COMPLIANCE""]"
2026-02-17T17:45:59Z,3X-EXDD-TD2K,,17.99,17.99,17.99,17.99,COMPLIANCE,"[""BINDING_CEILING_COMPLIANCE""]"
2026-02-17T17:45:59Z,4W-VS57-BV6A,,44.99,44.99,44.99,44.99,COMPLIANCE,"[""BINDING_CEILING_COMPLIANCE""]"
2026-02-17T17:45:59Z,6Q-9G2A-IKVV,,17.99,17.99,17.99,17.99,COMPLIANCE,"[""BINDING_CEILING_COMPLIANCE""]"
2026-02-17T17:45:59Z,714810,,17.99,17.99,17.99,17.99,COMPLIANCE,"[""BINDING_CEILING_COMPLIANCE""]"
2026-02-17T17:45:59Z,7M-48OU-23X3,,17.99,17.99,17.99,17.99,COMPLIANCE,"[""BINDING_CEILING_COMPLIANCE""]"
2026-02-17T17:45:59Z,8M-LM6B-F2Q5,,17.99,17.99,17.99,17.99,COMPLIANCE,"[""BINDING_CEILING_COMPLIANCE""]"
2026-02-17T17:45:59Z,8M-NHB7-T8TR,,17.99,17.99,17.99,17.99,COMPLIANCE,"[""BINDING_CEILING_COMPLIANCE""]"
2026-02-17T17:45:59Z,8U-QPFH-3EKQ,,17.99,17.99,17.99,17.99,COMPLIANCE,"[""BINDING_CEILING_COMPLIANCE""]"
2026-02-17T17:45:59Z,9X-HL62-83C7,,17.99,17.99,17.99,17.99,COMPLIANCE,"[""BINDING_CEILING_COMPLIANCE""]"
2026-02-17T17:45:59Z,A2-T2AC-TW3L,,17.99,17.99,17.99,17.99,COMPLIANCE,"[""BINDING_CEILING_COMPLIANCE""]"
2026-02-17T17:45:59Z,AF-KIHX-ANYY,,17.99,17.99,17.99,17.99,COMPLIANCE,"[""BINDING_CEILING_COMPLIANCE""]"
2026-02-17T17:45:59Z,AX-NKNU-29C1,,3.99,3.99,3.99,3.99,COMPLIANCE,"[""BINDING_CEILING_COMPLIANCE""]"
2026-02-17T17:45:59Z,BL-WX51-KQOK,,17.99,17.99,17.99,17.99,COMPLIANCE,"[""BINDING_CEILING_COMPLIANCE""]"
2026-02-17T17:45:59Z,CJ-X0SS-QOUW,,17.99,17.99,17.99,17.99,COMPLIANCE,"[""BINDING_CEILING_COMPLIANCE""]"
2026-02-17T17:45:59Z,CX-SMCH-4DYA,,17.99,17.99,17.99,17.99,COMPLIANCE,"[""BINDING_CEILING_COMPLIANCE""]"
2026-02-17T17:45:59Z,D0-C7C0-H6LN,,17.99,17.99,17.99,17.99,COMPLIANCE,"[""BINDING_CEILING_COMPLIANCE""]"
2026-02-17T17:45:59Z,D8-1A3E-I37F,,17.99,17.99,17.99,17.99,COMPLIANCE,"[""BINDING_CEILING_COMPLIANCE""]"
2026-02-17T17:45:59Z,DC-K5WH-R7F5,,17.99,17.99,17.99,17.99,COMPLIANCE,"[""BINDING_CEILING_COMPLIANCE""]"
2026-02-17T17:45:59Z,EV-CHU5-XU3G,,17.99,17.99,17.99,17.99,COMPLIANCE,"[""BINDING_CEILING_COMPLIANCE""]"
2026-02-17T17:45:59Z,FB-6FW0-Z82Q,,17.99,17.99,17.99,17.99,COMPLIANCE,"[""BINDING_CEILING_COMPLIANCE""]"
2026-02-17T17:45:59Z,GA-9DTN-9O1E,,17.99,17.99,17.99,17.99,COMPLIANCE,"[""BINDING_CEILING_COMPLIANCE""]"
2026-02-17T17:45:59Z,H6-E7MP-EBPD,,17.99,17.99,17.99,17.99,COMPLIANCE,"[""BINDING_CEILING_COMPLIANCE""]"
2026-02-17T17:45:59Z,HL-03ZR-QPHH,,17.99,17.99,17.99,17.99,COMPLIANCE,"[""BINDING_CEILING_COMPLIANCE""]"
2026-02-17T17:45:59Z,HS-R5IP-7E1C,,17.99,17.99,17.99,17.99,COMPLIANCE,"[""BINDING_CEILING_COMPLIANCE""]"
2026-02-17T17:45:59Z,IJ-V0PQ-4CZ4,,17.99,17.99,17.99,17.99,COMPLIANCE,"[""BINDING_CEILING_COMPLIANCE""]"
2026-02-17T17:45:59Z,JB-RGB6-LZOJ,,9.99,9.99,9.99,9.99,COMPLIANCE,"[""BINDING_CEILING_COMPLIANCE""]"
2026-02-17T17:45:59Z,L1-54EX-56YC,,17.99,17.99,17.99,17.99,COMPLIANCE,"[""BINDING_CEILING_COMPLIANCE""]"
2026-02-17T17:45:59Z,L5-PF3B-WHU4,,17.99,17.99,17.99,17.99,COMPLIANCE,"[""BINDING_CEILING_COMPLIANCE""]"
2026-02-17T17:45:59Z,LP-QMNJ-J49G,,17.99,17.99,17.99,17.99,COMPLIANCE,"[""BINDING_CEILING_COMPLIANCE""]"
2026-02-17T17:45:59Z,LR-7GM6-1RCH,,17.99,17.99,17.99,17.99,COMPLIANCE,"[""BINDING_CEILING_COMPLIANCE""]"
2026-02-17T17:45:59Z,OV-LVEL-DQL6,,17.99,17.99,17.99,17.99,COMPLIANCE,"[""BINDING_CEILING_COMPLIANCE""]"
2026-02-17T17:45:59Z,R4-0AXZ-ZZ9D,,17.99,17.99,17.99,17.99,COMPLIANCE,"[""BINDING_CEILING_COMPLIANCE""]"
2026-02-17T17:45:59Z,R7-98IN-2PW8,,17.99,17.99,17.99,17.99,COMPLIANCE,"[""BINDING_CEILING_COMPLIANCE""]"
2026-02-17T17:45:59Z,RI-VSUS-0YTD,,17.99,17.99,17.99,17.99,COMPLIANCE,"[""BINDING_CEILING_COMPLIANCE""]"
2026-02-17T17:45:59Z,RW-AZK6-O4M2,,17.99,17.99,17.99,17.99,COMPLIANCE,"[""BINDING_CEILING_COMPLIANCE""]"
2026-02-17T17:45:59Z,RZ-6ZL9-CZ7J,,7.99,7.99,7.99,7.99,COMPLIANCE,"[""BINDING_CEILING_COMPLIANCE""]"
2026-02-17T17:45:59Z,TJ-6LOP-OPEU,,9.00,9.00,9.00,9.00,COMPLIANCE,"[""BINDING_CEILING_COMPLIANCE""]"
2026-02-17T17:45:59Z,TK-E7QE-T40G,,17.99,17.99,17.99,17.99,COMPLIANCE,"[""BINDING_CEILING_COMPLIANCE""]"
2026-02-17T17:45:59Z,UR-Q7TM-1F3I,,17.99,17.99,17.99,17.99,COMPLIANCE,"[""BINDING_CEILING_COMPLIANCE""]"
2026-02-17T17:45:59Z,US-AK96-YFSB,,17.99,17.99,17.99,17.99,COMPLIANCE,"[""BINDING_CEILING_COMPLIANCE""]"
2026-02-17T17:45:59Z,VF-3T0K-DR5O,,9.99,9.99,9.99,9.99,COMPLIANCE,"[""BINDING_CEILING_COMPLIANCE""]"
2026-02-17T17:45:59Z,VO-A6AR-18YS,,17.99,17.99,17.99,17.99,COMPLIANCE,"[""BINDING_CEILING_COMPLIANCE""]"
2026-02-17T17:45:59Z,VU-8KRA-QP5M,,17.99,17.99,17.99,17.99,COMPLIANCE,"[""BINDING_CEILING_COMPLIANCE""]"
2026-02-17T17:45:59Z,W3-8FN7-FSP0,,17.99,17.99,17.99,17.99,COMPLIANCE,"[""BINDING_CEILING_COMPLIANCE""]"
2026-02-17T17:45:59Z,WE-1Z7L-SA2I,,17.99,17.99,17.99,17.99,COMPLIANCE,"[""BINDING_CEILING_COMPLIANCE""]"
2026-02-17T17:45:59Z,X7-MY4W-H2I4,,17.99,17.99,17.99,17.99,COMPLIANCE,"[""BINDING_CEILING_COMPLIANCE""]"
2026-02-17T17:45:59Z,XE-27ZG-EZPZ,,17.99,17.99,17.99,17.99,COMPLIANCE,"[""BINDING_CEILING_COMPLIANCE""]"
2026-02-17T17:45:59Z,XE-YPAI-HX9F,,17.99,17.99,17.99,17.99,COMPLIANCE,"[""BINDING_CEILING_COMPLIANCE""]"
2026-02-17T17:45:59Z,XH-0LAE-FQO5,,8.99,8.99,8.99,8.99,COMPLIANCE,"[""BINDING_CEILING_COMPLIANCE""]"
2026-02-17T17:45:59Z,YC-3L3M-BV48,,109.45,109.45,109.45,109.45,COMPLIANCE,"[""BINDING_CEILING_COMPLIANCE""]"
2026-02-17T17:45:59Z,YO-EKK2-FRCC,,17.99,17.99,17.99,17.99,COMPLIANCE,"[""BINDING_CEILING_COMPLIANCE""]"
2026-02-17T17:45:59Z,Z7-26PV-O9LR,,17.99,17.99,17.99,17.99,COMPLIANCE,"[""BINDING_CEILING_COMPLIANCE""]"
2026-02-17T17:45:59Z,ZT-QPY3-P24I,,17.99,17.99,17.99,17.99,COMPLIANCE,"[""BINDING_CEILING_COMPLIANCE""]"
2026-02-17T18:07:56Z,0G-JB6S-PN34,,17.99,17.99,17.99,17.99,COMPLIANCE,"[""BINDING_CEILING_COMPLIANCE""]"
2026-02-17T18:07:56Z,0R-GRRH-W0Z9,,17.99,17.99,17.99,17.99,COMPLIANCE,"[""BINDING_CEILING_COMPLIANCE""]"
2026-02-17T18:07:56Z,2G-AYBQ-TUQG,,17.99,17.99,17.99,17.99,COMPLIANCE,"[""BINDING_CEILING_COMPLIANCE""]"
2026-02-17T18:07:56Z,3X-EXDD-TD2K,,17.99,17.99,17.99,17.99,COMPLIANCE,"[""BINDING_CEILING_COMPLIANCE""]"
2026-02-17T18:07:56Z,4W-VS57-BV6A,,44.99,44.99,44.99,44.99,COMPLIANCE,"[""BINDING_CEILING_COMPLIANCE""]"
2026-02-17T18:07:56Z,6Q-9G2A-IKVV,,17.99,17.99,17.99,17.99,COMPLIANCE,"[""BINDING_CEILING_COMPLIANCE""]"
2026-02-17T18:07:56Z,714810,,17.99,17.99,17.99,17.99,COMPLIANCE,"[""BINDING_CEILING_COMPLIANCE""]"
2026-02-17T18:07:56Z,7M-48OU-23X3,,17.99,17.99,17.99,17.99,COMPLIANCE,"[""BINDING_CEILING_COMPLIANCE""]"
2026-02-17T18:07:56Z,8M-LM6B-F2Q5,,17.99,17.99,17.99,17.99,COMPLIANCE,"[""BINDING_CEILING_COMPLIANCE""]"
2026-02-17T18:07:56Z,8M-NHB7-T8TR,,17.99,17.99,17.99,17.99,COMPLIANCE,"[""BINDING_CEILING_COMPLIANCE""]"
2026-02-17T18:07:56Z,8U-QPFH-3EKQ,,17.99,17.99,17.99,17.99,COMPLIANCE,"[""BINDING_CEILING_COMPLIANCE""]"
2026-02-17T18:07:56Z,9X-HL62-83C7,,17.99,17.99,17.99,17.99,COMPLIANCE,"[""BINDING_CEILING_COMPLIANCE""]"
2026-02-17T18:07:56Z,A2-T2AC-TW3L,,17.99,17.99,17.99,17.99,COMPLIANCE,"[""BINDING_CEILING_COMPLIANCE""]"
2026-02-17T18:07:56Z,AF-KIHX-ANYY,,17.99,17.99,17.99,17.99,COMPLIANCE,"[""BINDING_CEILING_COMPLIANCE""]"
2026-02-17T18:07:56Z,AX-NKNU-29C1,,3.99,3.99,3.99,3.99,COMPLIANCE,"[""BINDING_CEILING_COMPLIANCE""]"
2026-02-17T18:07:56Z,BL-WX51-KQOK,,17.99,17.99,17.99,17.99,COMPLIANCE,"[""BINDING_CEILING_COMPLIANCE""]"
2026-02-17T18:07:56Z,CJ-X0SS-QOUW,,17.99,17.99,17.99,17.99,COMPLIANCE,"[""BINDING_CEILING_COMPLIANCE""]"
2026-02-17T18:07:56Z,CX-SMCH-4DYA,,17.99,17.99,17.99,17.99,COMPLIANCE,"[""BINDING_CEILING_COMPLIANCE""]"
2026-02-17T18:07:56Z,D0-C7C0-H6LN,,17.99,17.99,17.99,17.99,COMPLIANCE,"[""BINDING_CEILING_COMPLIANCE""]"
2026-02-17T18:07:56Z,D8-1A3E-I37F,,17.99,17.99,17.99,17.99,COMPLIANCE,"[""BINDING_CEILING_COMPLIANCE""]"
2026-02-17T18:07:56Z,DC-K5WH-R7F5,,17.99,17.99,17.99,17.99,COMPLIANCE,"[""BINDING_CEILING_COMPLIANCE""]"
2026-02-17T18:07:56Z,EV-CHU5-XU3G,,17.99,17.99,17.99,17.99,COMPLIANCE,"[""BINDING_CEILING_COMPLIANCE""]"
2026-02-17T18:07:56Z,FB-6FW0-Z82Q,,17.99,17.99,17.99,17.99,COMPLIANCE,"[""BINDING_CEILING_COMPLIANCE""]"
2026-02-17T18:07:56Z,GA-9DTN-9O1E,,17.99,17.99,17.99,17.99,COMPLIANCE,"[""BINDING_CEILING_COMPLIANCE""]"
2026-02-17T18:07:56Z,H6-E7MP-EBPD,,17.99,17.99,17.99,17.99,COMPLIANCE,"[""BINDING_CEILING_COMPLIANCE""]"
2026-02-17T18:07:56Z,HL-03ZR-QPHH,,17.99,17.99,17.99,17.99,COMPLIANCE,"[""BINDING_CEILING_COMPLIANCE""]"
2026-02-17T18:07:56Z,HS-R5IP-7E1C,,17.99,17.99,17.99,17.99,COMPLIANCE,"[""BINDING_CEILING_COMPLIANCE""]"
2026-02-17T18:07:56Z,IJ-V0PQ-4CZ4,,17.99,17.99,17.99,17.99,COMPLIANCE,"[""BINDING_CEILING_COMPLIANCE""]"
2026-02-17T18:07:56Z,JB-RGB6-LZOJ,,9.99,9.99,9.99,9.99,COMPLIANCE,"[""BINDING_CEILING_COMPLIANCE""]"
2026-02-17T18:07:56Z,L1-54EX-56YC,,17.99,17.99,17.99,17.99,COMPLIANCE,"[""BINDING_CEILING_COMPLIANCE""]"
2026-02-17T18:07:56Z,L5-PF3B-WHU4,,17.99,17.99,17.99,17.99,COMPLIANCE,"[""BINDING_CEILING_COMPLIANCE""]"
2026-02-17T18:07:56Z,LP-QMNJ-J49G,,17.99,17.99,17.99,17.99,COMPLIANCE,"[""BINDING_CEILING_COMPLIANCE""]"
2026-02-17T18:07:56Z,LR-7GM6-1RCH,,17.99,17.99,17.99,17.99,COMPLIANCE,"[""BINDING_CEILING_COMPLIANCE""]"
2026-02-17T18:07:56Z,OV-LVEL-DQL6,,17.99,17.99,17.99,17.99,COMPLIANCE,"[""BINDING_CEILING_COMPLIANCE""]"
2026-02-17T18:07:56Z,R4-0AXZ-ZZ9D,,17.99,17.99,17.99,17.99,COMPLIANCE,"[""BINDING_CEILING_COMPLIANCE""]"
2026-02-17T18:07:56Z,R7-98IN-2PW8,,17.99,17.99,17.99,17.99,COMPLIANCE,"[""BINDING_CEILING_COMPLIANCE""]"
2026-02-17T18:07:56Z,RI-VSUS-0YTD,,17.99,17.99,17.99,17.99,COMPLIANCE,"[""BINDING_CEILING_COMPLIANCE""]"
2026-02-17T18:07:56Z,RW-AZK6-O4M2,,17.99,17.99,17.99,17.99,COMPLIANCE,"[""BINDING_CEILING_COMPLIANCE""]"
2026-02-17T18:07:56Z,RZ-6ZL9-CZ7J,,7.99,7.99,7.99,7.99,COMPLIANCE,"[""BINDING_CEILING_COMPLIANCE""]"
2026-02-17T18:07:56Z,TJ-6LOP-OPEU,,9.00,9.00,9.00,9.00,COMPLIANCE,"[""BINDING_CEILING_COMPLIANCE""]"
2026-02-17T18:07:56Z,TK-E7QE-T40G,,17.99,17.99,17.99,17.99,COMPLIANCE,"[""BINDING_CEILING_COMPLIANCE""]"
2026-02-17T18:07:56Z,UR-Q7TM-1F3I,,17.99,17.99,17.99,17.99,COMPLIANCE,"[""BINDING_CEILING_COMPLIANCE""]"
2026-02-17T18:07:56Z,US-AK96-YFSB,,17.99,17.99,17.99,17.99,COMPLIANCE,"[""BINDING_CEILING_COMPLIANCE""]"
2026-02-17T18:07:56Z,VF-3T0K-DR5O,,9.99,9.99,9.99,9.99,COMPLIANCE,"[""BINDING_CEILING_COMPLIANCE""]"
2026-02-17T18:07:56Z,VO-A6AR-18YS,,17.99,17.99,17.99,17.99,COMPLIANCE,"[""BINDING_CEILING_COMPLIANCE""]"
2026-02-17T18:07:56Z,VU-8KRA-QP5M,,17.99,17.99,17.99,17.99,COMPLIANCE,"[""BINDING_CEILING_COMPLIANCE""]"
2026-02-17T18:07:56Z,W3-8FN7-FSP0,,17.99,17.99,17.99,17.99,COMPLIANCE,"[""BINDING_CEILING_COMPLIANCE""]"
2026-02-17T18:07:56Z,WE-1Z7L-SA2I,,17.99,17.99,17.99,17.99,COMPLIANCE,"[""BINDING_CEILING_COMPLIANCE""]"
2026-02-17T18:07:56Z,X7-MY4W-H2I4,,17.99,17.99,17.99,17.99,COMPLIANCE,"[""BINDING_CEILING_COMPLIANCE""]"
2026-02-17T18:07:56Z,XE-27ZG-EZPZ,,17.99,17.99,17.99,17.99,COMPLIANCE,"[""BINDING_CEILING_COMPLIANCE""]"
2026-02-17T18:07:56Z,XE-YPAI-HX9F,,17.99,17.99,17.99,17.99,COMPLIANCE,"[""BINDING_CEILING_COMPLIANCE""]"
2026-02-17T18:07:56Z,XH-0LAE-FQO5,,8.99,8.99,8.99,8.99,COMPLIANCE,"[""BINDING_CEILING_COMPLIANCE""]"
2026-02-17T18:07:56Z,YC-3L3M-BV48,,109.45,109.45,109.45,109.45,COMPLIANCE,"[""BINDING_CEILING_COMPLIANCE""]"
2026-02-17T18:07:56Z,YO-EKK2-FRCC,,17.99,17.99,17.99,17.99,COMPLIANCE,"[""BINDING_CEILING_COMPLIANCE""]"
2026-02-17T18:07:56Z,Z7-26PV-O9LR,,17.99,17.99,17.99,17.99,COMPLIANCE,"[""BINDING_CEILING_COMPLIANCE""]"
2026-02-17T18:07:56Z,ZT-QPY3-P24I,,17.99,17.99,17.99,17.99,COMPLIANCE,"[""BINDING_CEILING_COMPLIANCE""]"
2026-02-17T18:29:57Z,0G-JB6S-PN34,,17.99,17.99,17.99,17.99,COMPLIANCE,"[""BINDING_CEILING_COMPLIANCE""]"
2026-02-17T18:29:57Z,0R-GRRH-W0Z9,,17.99,17.99,17.99,17.99,COMPLIANCE,"[""BINDING_CEILING_COMPLIANCE""]"
2026-02-17T18:29:57Z,2G-AYBQ-TUQG,,17.99,17.99,17.99,17.99,COMPLIANCE,"[""BINDING_CEILING_COMPLIANCE""]"
2026-02-17T18:29:57Z,3X-EXDD-TD2K,,17.99,17.99,17.99,17.99,COMPLIANCE,"[""BINDING_CEILING_COMPLIANCE""]"
2026-02-17T18:29:57Z,4W-VS57-BV6A,,44.99,44.99,44.99,44.99,COMPLIANCE,"[""BINDING_CEILING_COMPLIANCE""]"
2026-02-17T18:29:57Z,6Q-9G2A-IKVV,,17.99,17.99,17.99,17.99,COMPLIANCE,"[""BINDING_CEILING_COMPLIANCE""]"
2026-02-17T18:29:57Z,714810,,17.99,17.99,17.99,17.99,COMPLIANCE,"[""BINDING_CEILING_COMPLIANCE""]"
2026-02-17T18:29:57Z,7M-48OU-23X3,,17.99,17.99,17.99,17.99,COMPLIANCE,"[""BINDING_CEILING_COMPLIANCE""]"
2026-02-17T18:29:57Z,8M-LM6B-F2Q5,,17.99,17.99,17.99,17.99,COMPLIANCE,"[""BINDING_CEILING_COMPLIANCE""]"
2026-02-17T18:29:57Z,8M-NHB7-T8TR,,17.99,17.99,17.99,17.99,COMPLIANCE,"[""BINDING_CEILING_COMPLIANCE""]"
2026-02-17T18:29:57Z,8U-QPFH-3EKQ,,17.99,17.99,17.99,17.99,COMPLIANCE,"[""BINDING_CEILING_COMPLIANCE""]"
2026-02-17T18:29:57Z,9X-HL62-83C7,,17.99,17.99,17.99,17.99,COMPLIANCE,"[""BINDING_CEILING_COMPLIANCE""]"
2026-02-17T18:29:57Z,A2-T2AC-TW3L,,17.99,17.99,17.99,17.99,COMPLIANCE,"[""BINDING_CEILING_COMPLIANCE""]"
2026-02-17T18:29:57Z,AF-KIHX-ANYY,,17.99,17.99,17.99,17.99,COMPLIANCE,"[""BINDING_CEILING_COMPLIANCE""]"
2026-02-17T18:29:57Z,AX-NKNU-29C1,,3.99,3.99,3.99,3.99,COMPLIANCE,"[""BINDING_CEILING_COMPLIANCE""]"
2026-02-17T18:29:57Z,BL-WX51-KQOK,,17.99,17.99,17.99,17.99,COMPLIANCE,"[""BINDING_CEILING_COMPLIANCE""]"
2026-02-17T18:29:57Z,CJ-X0SS-QOUW,,17.99,17.99,17.99,17.99,COMPLIANCE,"[""BINDING_CEILING_COMPLIANCE""]"
2026-02-17T18:29:57Z,CX-SMCH-4DYA,,17.99,17.99,17.99,17.99,COMPLIANCE,"[""BINDING_CEILING_COMPLIANCE""]"
2026-02-17T18:29:57Z,D0-C7C0-H6LN,,17.99,17.99,17.99,17.99,COMPLIANCE,"[""BINDING_CEILING_COMPLIANCE""]"
2026-02-17T18:29:57Z,D8-1A3E-I37F,,17.99,17.99,17.99,17.99,COMPLIANCE,"[""BINDING_CEILING_COMPLIANCE""]"
2026-02-17T18:29:57Z,DC-K5WH-R7F5,,17.99,17.99,17.99,17.99,COMPLIANCE,"[""BINDING_CEILING_COMPLIANCE""]"
2026-02-17T18:29:57Z,EV-CHU5-XU3G,,17.99,17.99,17.99,17.99,COMPLIANCE,"[""BINDING_CEILING_COMPLIANCE""]"
2026-02-17T18:29:57Z,FB-6FW0-Z82Q,,17.99,17.99,17.99,17.99,COMPLIANCE,"[""BINDING_CEILING_COMPLIANCE""]"
2026-02-17T18:29:57Z,GA-9DTN-9O1E,,17.99,17.99,17.99,17.99,COMPLIANCE,"[""BINDING_CEILING_COMPLIANCE""]"
2026-02-17T18:29:57Z,H6-E7MP-EBPD,,17.99,17.99,17.99,17.99,COMPLIANCE,"[""BINDING_CEILING_COMPLIANCE""]"
2026-02-17T18:29:57Z,HL-03ZR-QPHH,,17.99,17.99,17.99,17.99,COMPLIANCE,"[""BINDING_CEILING_COMPLIANCE""]"
2026-02-17T18:29:57Z,HS-R5IP-7E1C,,17.99,17.99,17.99,17.99,COMPLIANCE,"[""BINDING_CEILING_COMPLIANCE""]"
2026-02-17T18:29:57Z,IJ-V0PQ-4CZ4,,17.99,17.99,17.99,17.99,COMPLIANCE,"[""BINDING_CEILING_COMPLIANCE""]"
2026-02-17T18:29:57Z,JB-RGB6-LZOJ,,9.99,9.99,9.99,9.99,COMPLIANCE,"[""BINDING_CEILING_COMPLIANCE""]"
2026-02-17T18:29:57Z,L1-54EX-56YC,,17.99,17.99,17.99,17.99,COMPLIANCE,"[""BINDING_CEILING_COMPLIANCE""]"
2026-02-17T18:29:57Z,L5-PF3B-WHU4,,17.99,17.99,17.99,17.99,COMPLIANCE,"[""BINDING_CEILING_COMPLIANCE""]"
2026-02-17T18:29:57Z,LP-QMNJ-J49G,,17.99,17.99,17.99,17.99,COMPLIANCE,"[""BINDING_CEILING_COMPLIANCE""]"
2026-02-17T18:29:57Z,LR-7GM6-1RCH,,17.99,17.99,17.99,17.99,COMPLIANCE,"[""BINDING_CEILING_COMPLIANCE""]"
2026-02-17T18:29:57Z,OV-LVEL-DQL6,,17.99,17.99,17.99,17.99,COMPLIANCE,"[""BINDING_CEILING_COMPLIANCE""]"
2026-02-17T18:29:57Z,R4-0AXZ-ZZ9D,,17.99,17.99,17.99,17.99,COMPLIANCE,"[""BINDING_CEILING_COMPLIANCE""]"
2026-02-17T18:29:57Z,R7-98IN-2PW8,,17.99,17.99,17.99,17.99,COMPLIANCE,"[""BINDING_CEILING_COMPLIANCE""]"
2026-02-17T18:29:57Z,RI-VSUS-0YTD,,17.99,17.99,17.99,17.99,COMPLIANCE,"[""BINDING_CEILING_COMPLIANCE""]"
2026-02-17T18:29:57Z,RW-AZK6-O4M2,,17.99,17.99,17.99,17.99,COMPLIANCE,"[""BINDING_CEILING_COMPLIANCE""]"
2026-02-17T18:29:57Z,RZ-6ZL9-CZ7J,,7.99,7.99,7.99,7.99,COMPLIANCE,"[""BINDING_CEILING_COMPLIANCE""]"
2026-02-17T18:29:57Z,TJ-6LOP-OPEU,,9.00,9.00,9.00,9.00,COMPLIANCE,"[""BINDING_CEILING_COMPLIANCE""]"
2026-02-17T18:29:57Z,TK-E7QE-T40G,,17.99,17.99,17.99,17.99,COMPLIANCE,"[""BINDING_CEILING_COMPLIANCE""]"
2026-02-17T18:29:57Z,UR-Q7TM-1F3I,,17.99,17.99,17.99,17.99,COMPLIANCE,"[""BINDING_CEILING_COMPLIANCE""]"
2026-02-17T18:29:57Z,US-AK96-YFSB,,17.99,17.99,17.99,17.99,COMPLIANCE,"[""BINDING_CEILING_COMPLIANCE""]"
2026-02-17T18:29:57Z,VF-3T0K-DR5O,,9.99,9.99,9.99,9.99,COMPLIANCE,"[""BINDING_CEILING_COMPLIANCE""]"
2026-02-17T18:29:57Z,VO-A6AR-18YS,,17.99,17.99,17.99,17.99,COMPLIANCE,"[""BINDING_CEILING_COMPLIANCE""]"
2026-02-17T18:29:57Z,VU-8KRA-QP5M,,17.99,17.99,17.99,17.99,COMPLIANCE,"[""BINDING_CEILING_COMPLIANCE""]"
2026-02-17T18:29:57Z,W3-8FN7-FSP0,,17.99,17.99,17.99,17.99,COMPLIANCE,"[""BINDING_CEILING_COMPLIANCE""]"
2026-02-17T18:29:57Z,WE-1Z7L-SA2I,,17.99,17.99,17.99,17.99,COMPLIANCE,"[""BINDING_CEILING_COMPLIANCE""]"
2026-02-17T18:29:57Z,X7-MY4W-H2I4,,17.99,17.99,17.99,17.99,COMPLIANCE,"[""BINDING_CEILING_COMPLIANCE""]"
2026-02-17T18:29:57Z,XE-27ZG-EZPZ,,17.99,17.99,17.99,17.99,COMPLIANCE,"[""BINDING_CEILING_COMPLIANCE""]"
2026-02-17T18:29:57Z,XE-YPAI-HX9F,,17.99,17.99,17.99,17.99,COMPLIANCE,"[""BINDING_CEILING_COMPLIANCE""]"
2026-02-17T18:29:57Z,XH-0LAE-FQO5,,8.99,8.99,8.99,8.99,COMPLIANCE,"[""BINDING_CEILING_COMPLIANCE""]"
2026-02-17T18:29:57Z,YC-3L3M-BV48,,109.45,109.45,109.45,109.45,COMPLIANCE,"[""BINDING_CEILING_COMPLIANCE""]"
2026-02-17T18:29:57Z,YO-EKK2-FRCC,,17.99,17.99,17.99,17.99,COMPLIANCE,"[""BINDING_CEILING_COMPLIANCE""]"
2026-02-17T18:29:57Z,Z7-26PV-O9LR,,17.99,17.99,17.99,17.99,COMPLIANCE,"[""BINDING_CEILING_COMPLIANCE""]"
2026-02-17T18:29:57Z,ZT-QPY3-P24I,,17.99,17.99,17.99,17.99,COMPLIANCE,"[""BINDING_CEILING_COMPLIANCE""]"
2026-02-17T18:48:05Z,0G-JB6S-PN34,,17.99,17.99,17.99,17.99,COMPLIANCE,"[""BINDING_CEILING_COMPLIANCE""]"
2026-02-17T18:48:05Z,0R-GRRH-W0Z9,,17.99,17.99,17.99,17.99,COMPLIANCE,"[""BINDING_CEILING_COMPLIANCE""]"
2026-02-17T18:48:05Z,2G-AYBQ-TUQG,,17.99,17.99,17.99,17.99,COMPLIANCE,"[""BINDING_CEILING_COMPLIANCE""]"
2026-02-17T18:48:05Z,3X-EXDD-TD2K,,17.99,17.99,17.99,17.99,COMPLIANCE,"[""BINDING_CEILING_COMPLIANCE""]"
2026-02-17T18:48:05Z,4W-VS57-BV6A,,44.99,44.99,44.99,44.99,COMPLIANCE,"[""BINDING_CEILING_COMPLIANCE""]"
2026-02-17T18:48:05Z,6Q-9G2A-IKVV,,17.99,17.99,17.99,17.99,COMPLIANCE,"[""BINDING_CEILING_COMPLIANCE""]"
2026-02-17T18:48:05Z,6V-EEC1-2S9Z,,10.64,10.64,10.64,10.64,COMPLIANCE,"[""BINDING_CEILING_COMPLIANCE""]"
2026-02-17T18:48:05Z,714810,,17.99,17.99,17.99,17.99,COMPLIANCE,"[""BINDING_CEILING_COMPLIANCE""]"
2026-02-17T18:48:05Z,7M-48OU-23X3,,17.99,17.99,17.99,17.99,COMPLIANCE,"[""BINDING_CEILING_COMPLIANCE""]"
2026-02-17T18:48:05Z,8M-LM6B-F2Q5,,17.99,17.99,17.99,17.99,COMPLIANCE,"[""BINDING_CEILING_COMPLIANCE""]"
2026-02-17T18:48:05Z,8M-NHB7-T8TR,,17.99,17.99,17.99,17.99,COMPLIANCE,"[""BINDING_CEILING_COMPLIANCE""]"
2026-02-17T18:48:05Z,8U-QPFH-3EKQ,,17.99,17.99,17.99,17.99,COMPLIANCE,"[""BINDING_CEILING_COMPLIANCE""]"
2026-02-17T18:48:05Z,9X-HL62-83C7,,17.99,17.99,17.99,17.99,COMPLIANCE,"[""BINDING_CEILING_COMPLIANCE""]"
2026-02-17T18:48:05Z,A2-T2AC-TW3L,,17.99,17.99,17.99,17.99,COMPLIANCE,"[""BINDING_CEILING_COMPLIANCE""]"
2026-02-17T18:48:05Z,AF-KIHX-ANYY,,17.99,17.99,17.99,17.99,COMPLIANCE,"[""BINDING_CEILING_COMPLIANCE""]"
2026-02-17T18:48:05Z,AX-NKNU-29C1,,3.99,3.99,3.99,3.99,COMPLIANCE,"[""BINDING_CEILING_COMPLIANCE""]"
2026-02-17T18:48:05Z,BL-WX51-KQOK,,17.99,17.99,17.99,17.99,COMPLIANCE,"[""BINDING_CEILING_COMPLIANCE""]"
2026-02-17T18:48:05Z,CJ-X0SS-QOUW,,17.99,17.99,17.99,17.99,COMPLIANCE,"[""BINDING_CEILING_COMPLIANCE""]"
2026-02-17T18:48:05Z,CX-SMCH-4DYA,,17.99,17.99,17.99,17.99,COMPLIANCE,"[""BINDING_CEILING_COMPLIANCE""]"
2026-02-17T18:48:05Z,D0-C7C0-H6LN,,17.99,17.99,17.99,17.99,COMPLIANCE,"[""BINDING_CEILING_COMPLIANCE""]"
2026-02-17T18:48:05Z,D8-1A3E-I37F,,17.99,17.99,17.99,17.99,COMPLIANCE,"[""BINDING_CEILING_COMPLIANCE""]"
2026-02-17T18:48:05Z,DC-K5WH-R7F5,,17.99,17.99,17.99,17.99,COMPLIANCE,"[""BINDING_CEILING_COMPLIANCE""]"
2026-02-17T18:48:05Z,EV-CHU5-XU3G,,17.99,17.99,17.99,17.99,COMPLIANCE,"[""BINDING_CEILING_COMPLIANCE""]"
2026-02-17T18:48:05Z,FB-6FW0-Z82Q,,17.99,17.99,17.99,17.99,COMPLIANCE,"[""BINDING_CEILING_COMPLIANCE""]"
2026-02-17T18:48:05Z,GA-9DTN-9O1E,,17.99,17.99,17.99,17.99,COMPLIANCE,"[""BINDING_CEILING_COMPLIANCE""]"
2026-02-17T18:48:05Z,H6-E7MP-EBPD,,17.99,17.99,17.99,17.99,COMPLIANCE,"[""BINDING_CEILING_COMPLIANCE""]"
2026-02-17T18:48:05Z,HL-03ZR-QPHH,,17.99,17.99,17.99,17.99,COMPLIANCE,"[""BINDING_CEILING_COMPLIANCE""]"
2026-02-17T18:48:05Z,HS-R5IP-7E1C,,17.99,17.99,17.99,17.99,COMPLIANCE,"[""BINDING_CEILING_COMPLIANCE""]"
2026-02-17T18:48:05Z,IJ-V0PQ-4CZ4,,17.99,17.99,17.99,17.99,COMPLIANCE,"[""BINDING_CEILING_COMPLIANCE""]"
2026-02-17T18:48:05Z,JB-RGB6-LZOJ,,9.99,9.99,9.99,9.99,COMPLIANCE,"[""BINDING_CEILING_COMPLIANCE""]"
2026-02-17T18:48:05Z,L1-54EX-56YC,,17.99,17.99,17.99,17.99,COMPLIANCE,"[""BINDING_CEILING_COMPLIANCE""]"
2026-02-17T18:48:05Z,L5-PF3B-WHU4,,17.99,17.99,17.99,17.99,COMPLIANCE,"[""BINDING_CEILING_COMPLIANCE""]"
2026-02-17T18:48:05Z,LP-QMNJ-J49G,,17.99,17.99,17.99,17.99,COMPLIANCE,"[""BINDING_CEILING_COMPLIANCE""]"
2026-02-17T18:48:05Z,LR-7GM6-1RCH,,17.99,17.99,17.99,17.99,COMPLIANCE,"[""BINDING_CEILING_COMPLIANCE""]"
2026-02-17T18:48:05Z,OV-LVEL-DQL6,,17.99,17.99,17.99,17.99,COMPLIANCE,"[""BINDING_CEILING_COMPLIANCE""]"
2026-02-17T18:48:05Z,R4-0AXZ-ZZ9D,,17.99,17.99,17.99,17.99,COMPLIANCE,"[""BINDING_CEILING_COMPLIANCE""]"
2026-02-17T18:48:05Z,R7-98IN-2PW8,,17.99,17.99,17.99,17.99,COMPLIANCE,"[""BINDING_CEILING_COMPLIANCE""]"
2026-02-17T18:48:05Z,RI-VSUS-0YTD,,17.99,17.99,17.99,17.99,COMPLIANCE,"[""BINDING_CEILING_COMPLIANCE""]"
2026-02-17T18:48:05Z,RW-AZK6-O4M2,,17.99,17.99,17.99,17.99,COMPLIANCE,"[""BINDING_CEILING_COMPLIANCE""]"
2026-02-17T18:48:05Z,RZ-6ZL9-CZ7J,,7.99,7.99,7.99,7.99,COMPLIANCE,"[""BINDING_CEILING_COMPLIANCE""]"
2026-02-17T18:48:05Z,TJ-6LOP-OPEU,,9.00,9.00,9.00,9.00,COMPLIANCE,"[""BINDING_CEILING_COMPLIANCE""]"
2026-02-17T18:48:05Z,TK-E7QE-T40G,,17.99,17.99,17.99,17.99,COMPLIANCE,"[""BINDING_CEILING_COMPLIANCE""]"
2026-02-17T18:48:05Z,UR-Q7TM-1F3I,,17.99,17.99,17.99,17.99,COMPLIANCE,"[""BINDING_CEILING_COMPLIANCE""]"
2026-02-17T18:48:05Z,US-AK96-YFSB,,17.99,17.99,17.99,17.99,COMPLIANCE,"[""BINDING_CEILING_COMPLIANCE""]"
2026-02-17T18:48:05Z,VF-3T0K-DR5O,,9.99,9.99,9.99,9.99,COMPLIANCE,"[""BINDING_CEILING_COMPLIANCE""]"
2026-02-17T18:48:05Z,VO-A6AR-18YS,,17.99,17.99,17.99,17.99,COMPLIANCE,"[""BINDING_CEILING_COMPLIANCE""]"
2026-02-17T18:48:05Z,VU-8KRA-QP5M,,17.99,17.99,17.99,17.99,COMPLIANCE,"[""BINDING_CEILING_COMPLIANCE""]"
2026-02-17T18:48:05Z,W3-8FN7-FSP0,,17.99,17.99,17.99,17.99,COMPLIANCE,"[""BINDING_CEILING_COMPLIANCE""]"
2026-02-17T18:48:05Z,WE-1Z7L-SA2I,,17.99,17.99,17.99,17.99,COMPLIANCE,"[""BINDING_CEILING_COMPLIANCE""]"
2026-02-17T18:48:05Z,X7-MY4W-H2I4,,17.99,17.99,17.99,17.99,COMPLIANCE,"[""BINDING_CEILING_COMPLIANCE""]"
2026-02-17T18:48:05Z,XE-27ZG-EZPZ,,17.99,17.99,17.99,17.99,COMPLIANCE,"[""BINDING_CEILING_COMPLIANCE""]"
2026-02-17T18:48:05Z,XE-YPAI-HX9F,,17.99,17.99,17.99,17.99,COMPLIANCE,"[""BINDING_CEILING_COMPLIANCE""]"
2026-02-17T18:48:05Z,XH-0LAE-FQO5,,8.99,8.99,8.99,8.99,COMPLIANCE,"[""BINDING_CEILING_COMPLIANCE""]"
2026-02-17T18:48:05Z,YC-3L3M-BV48,,109.45,109.45,109.45,109.45,COMPLIANCE,"[""BINDING_CEILING_COMPLIANCE""]"
2026-02-17T18:48:05Z,YO-EKK2-FRCC,,17.99,17.99,17.99,17.99,COMPLIANCE,"[""BINDING_CEILING_COMPLIANCE""]"
2026-02-17T18:48:05Z,Z7-26PV-O9LR,,17.99,17.99,17.99,17.99,COMPLIANCE,"[""BINDING_CEILING_COMPLIANCE""]"
2026-02-17T18:48:05Z,ZT-QPY3-P24I,,17.99,17.99,17.99,17.99,COMPLIANCE,"[""BINDING_CEILING_COMPLIANCE""]"
2026-02-17T19:07:37Z,0G-JB6S-PN34,,17.99,17.99,17.99,17.99,COMPLIANCE,"[""BINDING_CEILING_COMPLIANCE""]"
2026-02-17T19:07:37Z,0R-GRRH-W0Z9,,17.99,17.99,17.99,17.99,COMPLIANCE,"[""BINDING_CEILING_COMPLIANCE""]"
2026-02-17T19:07:37Z,2G-AYBQ-TUQG,,17.99,17.99,17.99,17.99,COMPLIANCE,"[""BINDING_CEILING_COMPLIANCE""]"
2026-02-17T19:07:37Z,3X-EXDD-TD2K,,17.99,17.99,17.99,17.99,COMPLIANCE,"[""BINDING_CEILING_COMPLIANCE""]"
2026-02-17T19:07:37Z,4W-VS57-BV6A,,44.99,44.99,44.99,44.99,COMPLIANCE,"[""BINDING_CEILING_COMPLIANCE""]"
2026-02-17T19:07:37Z,6Q-9G2A-IKVV,,17.99,17.99,17.99,17.99,COMPLIANCE,"[""BINDING_CEILING_COMPLIANCE""]"
2026-02-17T19:07:37Z,6V-EEC1-2S9Z,,10.64,10.64,10.64,10.64,COMPLIANCE,"[""BINDING_CEILING_COMPLIANCE""]"
2026-02-17T19:07:37Z,714810,,17.99,17.99,17.99,17.99,COMPLIANCE,"[""BINDING_CEILING_COMPLIANCE""]"
2026-02-17T19:07:37Z,7M-48OU-23X3,,17.99,17.99,17.99,17.99,COMPLIANCE,"[""BINDING_CEILING_COMPLIANCE""]"
2026-02-17T19:07:37Z,8M-LM6B-F2Q5,,17.99,17.99,17.99,17.99,COMPLIANCE,"[""BINDING_CEILING_COMPLIANCE""]"
2026-02-17T19:07:37Z,8M-NHB7-T8TR,,17.99,17.99,17.99,17.99,COMPLIANCE,"[""BINDING_CEILING_COMPLIANCE""]"
2026-02-17T19:07:37Z,8U-QPFH-3EKQ,,17.99,17.99,17.99,17.99,COMPLIANCE,"[""BINDING_CEILING_COMPLIANCE""]"
2026-02-17T19:07:37Z,9X-HL62-83C7,,17.99,17.99,17.99,17.99,COMPLIANCE,"[""BINDING_CEILING_COMPLIANCE""]"
2026-02-17T19:07:37Z,A2-T2AC-TW3L,,17.99,17.99,17.99,17.99,COMPLIANCE,"[""BINDING_CEILING_COMPLIANCE""]"
2026-02-17T19:07:37Z,AF-KIHX-ANYY,,17.99,17.99,17.99,17.99,COMPLIANCE,"[""BINDING_CEILING_COMPLIANCE""]"
2026-02-17T19:07:37Z,AX-NKNU-29C1,,3.99,3.99,3.99,3.99,COMPLIANCE,"[""BINDING_CEILING_COMPLIANCE""]"
2026-02-17T19:07:37Z,BL-WX51-KQOK,,17.99,17.99,17.99,17.99,COMPLIANCE,"[""BINDING_CEILING_COMPLIANCE""]"
2026-02-17T19:07:37Z,CJ-X0SS-QOUW,,17.99,17.99,17.99,17.99,COMPLIANCE,"[""BINDING_CEILING_COMPLIANCE""]"
2026-02-17T19:07:37Z,CX-SMCH-4DYA,,17.99,17.99,17.99,17.99,COMPLIANCE,"[""BINDING_CEILING_COMPLIANCE""]"
2026-02-17T19:07:37Z,D0-C7C0-H6LN,,17.99,17.99,17.99,17.99,COMPLIANCE,"[""BINDING_CEILING_COMPLIANCE""]"
2026-02-17T19:07:37Z,D8-1A3E-I37F,,17.99,17.99,17.99,17.99,COMPLIANCE,"[""BINDING_CEILING_COMPLIANCE""]"
2026-02-17T19:07:37Z,DC-K5WH-R7F5,,17.99,17.99,17.99,17.99,COMPLIANCE,"[""BINDING_CEILING_COMPLIANCE""]"
2026-02-17T19:07:37Z,EV-CHU5-XU3G,,17.99,17.99,17.99,17.99,COMPLIANCE,"[""BINDING_CEILING_COMPLIANCE""]"
2026-02-17T19:07:37Z,FB-6FW0-Z82Q,,17.99,17.99,17.99,17.99,COMPLIANCE,"[""BINDING_CEILING_COMPLIANCE""]"
2026-02-17T19:07:37Z,GA-9DTN-9O1E,,17.99,17.99,17.99,17.99,COMPLIANCE,"[""BINDING_CEILING_COMPLIANCE""]"
2026-02-17T19:07:37Z,H6-E7MP-EBPD,,17.99,17.99,17.99,17.99,COMPLIANCE,"[""BINDING_CEILING_COMPLIANCE""]"
2026-02-17T19:07:37Z,HL-03ZR-QPHH,,17.99,17.99,17.99,17.99,COMPLIANCE,"[""BINDING_CEILING_COMPLIANCE""]"
2026-02-17T19:07:37Z,HS-R5IP-7E1C,,17.99,17.99,17.99,17.99,COMPLIANCE,"[""BINDING_CEILING_COMPLIANCE""]"
2026-02-17T19:07:37Z,IJ-V0PQ-4CZ4,,17.99,17.99,17.99,17.99,COMPLIANCE,"[""BINDING_CEILING_COMPLIANCE""]"
2026-02-17T19:07:37Z,JB-RGB6-LZOJ,,9.99,9.99,9.99,9.99,COMPLIANCE,"[""BINDING_CEILING_COMPLIANCE""]"
2026-02-17T19:07:37Z,L1-54EX-56YC,,17.99,17.99,17.99,17.99,COMPLIANCE,"[""BINDING_CEILING_COMPLIANCE""]"
2026-02-17T19:07:37Z,L5-PF3B-WHU4,,17.99,17.99,17.99,17.99,COMPLIANCE,"[""BINDING_CEILING_COMPLIANCE""]"
2026-02-17T19:07:37Z,LP-QMNJ-J49G,,17.99,17.99,17.99,17.99,COMPLIANCE,"[""BINDING_CEILING_COMPLIANCE""]"
2026-02-17T19:07:37Z,LR-7GM6-1RCH,,17.99,17.99,17.99,17.99,COMPLIANCE,"[""BINDING_CEILING_COMPLIANCE""]"
2026-02-17T19:07:37Z,OV-LVEL-DQL6,,17.99,17.99,17.99,17.99,COMPLIANCE,"[""BINDING_CEILING_COMPLIANCE""]"
2026-02-17T19:07:37Z,R4-0AXZ-ZZ9D,,17.99,17.99,17.99,17.99,COMPLIANCE,"[""BINDING_CEILING_COMPLIANCE""]"
2026-02-17T19:07:37Z,R7-98IN-2PW8,,17.99,17.99,17.99,17.99,COMPLIANCE,"[""BINDING_CEILING_COMPLIANCE""]"
2026-02-17T19:07:37Z,RI-VSUS-0YTD,,17.99,17.99,17.99,17.99,COMPLIANCE,"[""BINDING_CEILING_COMPLIANCE""]"
2026-02-17T19:07:37Z,RW-AZK6-O4M2,,17.99,17.99,17.99,17.99,COMPLIANCE,"[""BINDING_CEILING_COMPLIANCE""]"
2026-02-17T19:07:37Z,RZ-6ZL9-CZ7J,,7.99,7.99,7.99,7.99,COMPLIANCE,"[""BINDING_CEILING_COMPLIANCE""]"
2026-02-17T19:07:37Z,TJ-6LOP-OPEU,,9.00,9.00,9.00,9.00,COMPLIANCE,"[""BINDING_CEILING_COMPLIANCE""]"
2026-02-17T19:07:37Z,TK-E7QE-T40G,,17.99,17.99,17.99,17.99,COMPLIANCE,"[""BINDING_CEILING_COMPLIANCE""]"
2026-02-17T19:07:37Z,UR-Q7TM-1F3I,,17.99,17.99,17.99,17.99,COMPLIANCE,"[""BINDING_CEILING_COMPLIANCE""]"
2026-02-17T19:07:37Z,US-AK96-YFSB,,17.99,17.99,17.99,17.99,COMPLIANCE,"[""BINDING_CEILING_COMPLIANCE""]"
2026-02-17T19:07:37Z,VF-3T0K-DR5O,,9.99,9.99,9.99,9.99,COMPLIANCE,"[""BINDING_CEILING_COMPLIANCE""]"
2026-02-17T19:07:37Z,VO-A6AR-18YS,,17.99,17.99,17.99,17.99,COMPLIANCE,"[""BINDING_CEILING_COMPLIANCE""]"
2026-02-17T19:07:37Z,VU-8KRA-QP5M,,17.99,17.99,17.99,17.99,COMPLIANCE,"[""BINDING_CEILING_COMPLIANCE""]"
2026-02-17T19:07:37Z,W3-8FN7-FSP0,,17.99,17.99,17.99,17.99,COMPLIANCE,"[""BINDING_CEILING_COMPLIANCE""]"
2026-02-17T19:07:37Z,WE-1Z7L-SA2I,,17.99,17.99,17.99,17.99,COMPLIANCE,"[""BINDING_CEILING_COMPLIANCE""]"
2026-02-17T19:07:37Z,X7-MY4W-H2I4,,17.99,17.99,17.99,17.99,COMPLIANCE,"[""BINDING_CEILING_COMPLIANCE""]"
2026-02-17T19:07:37Z,XE-27ZG-EZPZ,,17.99,17.99,17.99,17.99,COMPLIANCE,"[""BINDING_CEILING_COMPLIANCE""]"
2026-02-17T19:07:37Z,XE-YPAI-HX9F,,17.99,17.99,17.99,17.99,COMPLIANCE,"[""BINDING_CEILING_COMPLIANCE""]"
2026-02-17T19:07:37Z,XH-0LAE-FQO5,,8.99,8.99,8.99,8.99,COMPLIANCE,"[""BINDING_CEILING_COMPLIANCE""]"
2026-02-17T19:07:37Z,YC-3L3M-BV48,,109.45,109.45,109.45,109.45,COMPLIANCE,"[""BINDING_CEILING_COMPLIANCE""]"
2026-02-17T19:07:37Z,YO-EKK2-FRCC,,17.99,17.99,17.99,17.99,COMPLIANCE,"[""BINDING_CEILING_COMPLIANCE""]"
2026-02-17T19:07:37Z,Z7-26PV-O9LR,,17.99,17.99,17.99,17.99,COMPLIANCE,"[""BINDING_CEILING_COMPLIANCE""]"
2026-02-17T19:07:37Z,ZT-QPY3-P24I,,17.99,17.99,17.99,17.99,COMPLIANCE,"[""BINDING_CEILING_COMPLIANCE""]"
2026-02-17T19:27:05Z,0G-JB6S-PN34,,17.99,17.99,17.99,17.99,COMPLIANCE,"[""BINDING_CEILING_COMPLIANCE""]"
2026-02-17T19:27:05Z,0R-GRRH-W0Z9,,17.99,17.99,17.99,17.99,COMPLIANCE,"[""BINDING_CEILING_COMPLIANCE""]"
2026-02-17T19:27:05Z,2G-AYBQ-TUQG,,17.99,17.99,17.99,17.99,COMPLIANCE,"[""BINDING_CEILING_COMPLIANCE""]"
2026-02-17T19:27:05Z,3X-EXDD-TD2K,,17.99,17.99,17.99,17.99,COMPLIANCE,"[""BINDING_CEILING_COMPLIANCE""]"
2026-02-17T19:27:05Z,4W-VS57-BV6A,,44.99,44.99,44.99,44.99,COMPLIANCE,"[""BINDING_CEILING_COMPLIANCE""]"
2026-02-17T19:27:05Z,6Q-9G2A-IKVV,,17.99,17.99,17.99,17.99,COMPLIANCE,"[""BINDING_CEILING_COMPLIANCE""]"
2026-02-17T19:27:05Z,6V-EEC1-2S9Z,,10.64,10.64,10.64,10.64,COMPLIANCE,"[""BINDING_CEILING_COMPLIANCE""]"
2026-02-17T19:27:05Z,714810,,17.99,17.99,17.99,17.99,COMPLIANCE,"[""BINDING_CEILING_COMPLIANCE""]"
2026-02-17T19:27:05Z,7M-48OU-23X3,,17.99,17.99,17.99,17.99,COMPLIANCE,"[""BINDING_CEILING_COMPLIANCE""]"
2026-02-17T19:27:05Z,8M-LM6B-F2Q5,,17.99,17.99,17.99,17.99,COMPLIANCE,"[""BINDING_CEILING_COMPLIANCE""]"
2026-02-17T19:27:05Z,8M-NHB7-T8TR,,17.99,17.99,17.99,17.99,COMPLIANCE,"[""BINDING_CEILING_COMPLIANCE""]"
2026-02-17T19:27:05Z,8U-QPFH-3EKQ,,17.99,17.99,17.99,17.99,COMPLIANCE,"[""BINDING_CEILING_COMPLIANCE""]"
2026-02-17T19:27:05Z,9X-HL62-83C7,,17.99,17.99,17.99,17.99,COMPLIANCE,"[""BINDING_CEILING_COMPLIANCE""]"
2026-02-17T19:27:05Z,A2-T2AC-TW3L,,17.99,17.99,17.99,17.99,COMPLIANCE,"[""BINDING_CEILING_COMPLIANCE""]"
2026-02-17T19:27:05Z,AF-KIHX-ANYY,,17.99,17.99,17.99,17.99,COMPLIANCE,"[""BINDING_CEILING_COMPLIANCE""]"
2026-02-17T19:27:05Z,AX-NKNU-29C1,,3.99,3.99,3.99,3.99,COMPLIANCE,"[""BINDING_CEILING_COMPLIANCE""]"
2026-02-17T19:27:05Z,BL-WX51-KQOK,,17.99,17.99,17.99,17.99,COMPLIANCE,"[""BINDING_CEILING_COMPLIANCE""]"
2026-02-17T19:27:05Z,CJ-X0SS-QOUW,,17.99,17.99,17.99,17.99,COMPLIANCE,"[""BINDING_CEILING_COMPLIANCE""]"
2026-02-17T19:27:05Z,CX-SMCH-4DYA,,17.99,17.99,17.99,17.99,COMPLIANCE,"[""BINDING_CEILING_COMPLIANCE""]"
2026-02-17T19:27:05Z,D0-C7C0-H6LN,,17.99,17.99,17.99,17.99,COMPLIANCE,"[""BINDING_CEILING_COMPLIANCE""]"
2026-02-17T19:27:05Z,D8-1A3E-I37F,,17.99,17.99,17.99,17.99,COMPLIANCE,"[""BINDING_CEILING_COMPLIANCE""]"
2026-02-17T19:27:05Z,DC-K5WH-R7F5,,17.99,17.99,17.99,17.99,COMPLIANCE,"[""BINDING_CEILING_COMPLIANCE""]"
2026-02-17T19:27:05Z,EV-CHU5-XU3G,,17.99,17.99,17.99,17.99,COMPLIANCE,"[""BINDING_CEILING_COMPLIANCE""]"
2026-02-17T19:27:05Z,FB-6FW0-Z82Q,,17.99,17.99,17.99,17.99,COMPLIANCE,"[""BINDING_CEILING_COMPLIANCE""]"
2026-02-17T19:27:05Z,GA-9DTN-9O1E,,17.99,17.99,17.99,17.99,COMPLIANCE,"[""BINDING_CEILING_COMPLIANCE""]"
2026-02-17T19:27:05Z,H6-E7MP-EBPD,,17.99,17.99,17.99,17.99,COMPLIANCE,"[""BINDING_CEILING_COMPLIANCE""]"
2026-02-17T19:27:05Z,HL-03ZR-QPHH,,17.99,17.99,17.99,17.99,COMPLIANCE,"[""BINDING_CEILING_COMPLIANCE""]"
2026-02-17T19:27:05Z,HS-R5IP-7E1C,,17.99,17.99,17.99,17.99,COMPLIANCE,"[""BINDING_CEILING_COMPLIANCE""]"
2026-02-17T19:27:05Z,IJ-V0PQ-4CZ4,,17.99,17.99,17.99,17.99,COMPLIANCE,"[""BINDING_CEILING_COMPLIANCE""]"
2026-02-17T19:27:05Z,JB-RGB6-LZOJ,,9.99,9.99,9.99,9.99,COMPLIANCE,"[""BINDING_CEILING_COMPLIANCE""]"
2026-02-17T19:27:05Z,L1-54EX-56YC,,17.99,17.99,17.99,17.99,COMPLIANCE,"[""BINDING_CEILING_COMPLIANCE""]"
2026-02-17T19:27:05Z,L5-PF3B-WHU4,,17.99,17.99,17.99,17.99,COMPLIANCE,"[""BINDING_CEILING_COMPLIANCE""]"
2026-02-17T19:27:05Z,LP-QMNJ-J49G,,17.99,17.99,17.99,17.99,COMPLIANCE,"[""BINDING_CEILING_COMPLIANCE""]"
2026-02-17T19:27:05Z,LR-7GM6-1RCH,,17.99,17.99,17.99,17.99,COMPLIANCE,"[""BINDING_CEILING_COMPLIANCE""]"
2026-02-17T19:27:05Z,OV-LVEL-DQL6,,17.99,17.99,17.99,17.99,COMPLIANCE,"[""BINDING_CEILING_COMPLIANCE""]"
2026-02-17T19:27:05Z,R4-0AXZ-ZZ9D,,17.99,17.99,17.99,17.99,COMPLIANCE,"[""BINDING_CEILING_COMPLIANCE""]"
2026-02-17T19:27:05Z,R7-98IN-2PW8,,17.99,17.99,17.99,17.99,COMPLIANCE,"[""BINDING_CEILING_COMPLIANCE""]"
2026-02-17T19:27:05Z,RI-VSUS-0YTD,,17.99,17.99,17.99,17.99,COMPLIANCE,"[""BINDING_CEILING_COMPLIANCE""]"
2026-02-17T19:27:05Z,RW-AZK6-O4M2,,17.99,17.99,17.99,17.99,COMPLIANCE,"[""BINDING_CEILING_COMPLIANCE""]"
2026-02-17T19:27:05Z,RZ-6ZL9-CZ7J,,7.99,7.99,7.99,7.99,COMPLIANCE,"[""BINDING_CEILING_COMPLIANCE""]"
2026-02-17T19:27:05Z,TJ-6LOP-OPEU,,9.00,9.00,9.00,9.00,COMPLIANCE,"[""BINDING_CEILING_COMPLIANCE""]"
2026-02-17T19:27:05Z,TK-E7QE-T40G,,17.99,17.99,17.99,17.99,COMPLIANCE,"[""BINDING_CEILING_COMPLIANCE""]"
2026-02-17T19:27:05Z,UR-Q7TM-1F3I,,17.99,17.99,17.99,17.99,COMPLIANCE,"[""BINDING_CEILING_COMPLIANCE""]"
2026-02-17T19:27:05Z,US-AK96-YFSB,,17.99,17.99,17.99,17.99,COMPLIANCE,"[""BINDING_CEILING_COMPLIANCE""]"
2026-02-17T19:27:05Z,VF-3T0K-DR5O,,9.99,9.99,9.99,9.99,COMPLIANCE,"[""BINDING_CEILING_COMPLIANCE""]"
2026-02-17T19:27:05Z,VO-A6AR-18YS,,17.99,17.99,17.99,17.99,COMPLIANCE,"[""BINDING_CEILING_COMPLIANCE""]"
2026-02-17T19:27:05Z,VU-8KRA-QP5M,,17.99,17.99,17.99,17.99,COMPLIANCE,"[""BINDING_CEILING_COMPLIANCE""]"
2026-02-17T19:27:05Z,W3-8FN7-FSP0,,17.99,17.99,17.99,17.99,COMPLIANCE,"[""BINDING_CEILING_COMPLIANCE""]"
2026-02-17T19:27:05Z,WE-1Z7L-SA2I,,17.99,17.99,17.99,17.99,COMPLIANCE,"[""BINDING_CEILING_COMPLIANCE""]"
2026-02-17T19:27:05Z,X7-MY4W-H2I4,,17.99,17.99,17.99,17.99,COMPLIANCE,"[""BINDING_CEILING_COMPLIANCE""]"
2026-02-17T19:27:05Z,XE-27ZG-EZPZ,,17.99,17.99,17.99,17.99,COMPLIANCE,"[""BINDING_CEILING_COMPLIANCE""]"
2026-02-17T19:27:05Z,XE-YPAI-HX9F,,17.99,17.99,17.99,17.99,COMPLIANCE,"[""BINDING_CEILING_COMPLIANCE""]"
2026-02-17T19:27:05Z,XH-0LAE-FQO5,,8.99,8.99,8.99,8.99,COMPLIANCE,"[""BINDING_CEILING_COMPLIANCE""]"
2026-02-17T19:27:05Z,YC-3L3M-BV48,,109.45,109.45,109.45,109.45,COMPLIANCE,"[""BINDING_CEILING_COMPLIANCE""]"
2026-02-17T19:27:05Z,YO-EKK2-FRCC,,17.99,17.99,17.99,17.99,COMPLIANCE,"[""BINDING_CEILING_COMPLIANCE""]"
2026-02-17T19:27:05Z,Z7-26PV-O9LR,,17.99,17.99,17.99,17.99,COMPLIANCE,"[""BINDING_CEILING_COMPLIANCE""]"
2026-02-17T19:27:05Z,ZT-QPY3-P24I,,17.99,17.99,17.99,17.99,COMPLIANCE,"[""BINDING_CEILING_COMPLIANCE""]"
2026-02-17T19:46:38Z,0G-JB6S-PN34,,17.99,17.99,17.99,17.99,COMPLIANCE,"[""BINDING_CEILING_COMPLIANCE""]"
2026-02-17T19:46:38Z,0R-GRRH-W0Z9,,17.99,17.99,17.99,17.99,COMPLIANCE,"[""BINDING_CEILING_COMPLIANCE""]"
2026-02-17T19:46:38Z,2G-AYBQ-TUQG,,17.99,17.99,17.99,17.99,COMPLIANCE,"[""BINDING_CEILING_COMPLIANCE""]"
2026-02-17T19:46:38Z,3X-EXDD-TD2K,,17.99,17.99,17.99,17.99,COMPLIANCE,"[""BINDING_CEILING_COMPLIANCE""]"
2026-02-17T19:46:38Z,4W-VS57-BV6A,,44.99,44.99,44.99,44.99,COMPLIANCE,"[""BINDING_CEILING_COMPLIANCE""]"
2026-02-17T19:46:38Z,6Q-9G2A-IKVV,,17.99,17.99,17.99,17.99,COMPLIANCE,"[""BINDING_CEILING_COMPLIANCE""]"
2026-02-17T19:46:38Z,6V-EEC1-2S9Z,,10.64,10.64,10.64,10.64,COMPLIANCE,"[""BINDING_CEILING_COMPLIANCE""]"
2026-02-17T19:46:38Z,714810,,17.99,17.99,17.99,17.99,COMPLIANCE,"[""BINDING_CEILING_COMPLIANCE""]"
2026-02-17T19:46:38Z,7M-48OU-23X3,,17.99,17.99,17.99,17.99,COMPLIANCE,"[""BINDING_CEILING_COMPLIANCE""]"
2026-02-17T19:46:38Z,8M-LM6B-F2Q5,,17.99,17.99,17.99,17.99,COMPLIANCE,"[""BINDING_CEILING_COMPLIANCE""]"
2026-02-17T19:46:38Z,8M-NHB7-T8TR,,17.99,17.99,17.99,17.99,COMPLIANCE,"[""BINDING_CEILING_COMPLIANCE""]"
2026-02-17T19:46:38Z,8U-QPFH-3EKQ,,17.99,17.99,17.99,17.99,COMPLIANCE,"[""BINDING_CEILING_COMPLIANCE""]"
2026-02-17T19:46:38Z,9X-HL62-83C7,,17.99,17.99,17.99,17.99,COMPLIANCE,"[""BINDING_CEILING_COMPLIANCE""]"
2026-02-17T19:46:38Z,A2-T2AC-TW3L,,17.99,17.99,17.99,17.99,COMPLIANCE,"[""BINDING_CEILING_COMPLIANCE""]"
2026-02-17T19:46:38Z,AF-KIHX-ANYY,,17.99,17.99,17.99,17.99,COMPLIANCE,"[""BINDING_CEILING_COMPLIANCE""]"
2026-02-17T19:46:38Z,AX-NKNU-29C1,,3.99,3.99,3.99,3.99,COMPLIANCE,"[""BINDING_CEILING_COMPLIANCE""]"
2026-02-17T19:46:38Z,BL-WX51-KQOK,,17.99,17.99,17.99,17.99,COMPLIANCE,"[""BINDING_CEILING_COMPLIANCE""]"
2026-02-17T19:46:38Z,CJ-X0SS-QOUW,,17.99,17.99,17.99,17.99,COMPLIANCE,"[""BINDING_CEILING_COMPLIANCE""]"
2026-02-17T19:46:38Z,CX-SMCH-4DYA,,17.99,17.99,17.99,17.99,COMPLIANCE,"[""BINDING_CEILING_COMPLIANCE""]"
2026-02-17T19:46:38Z,D0-C7C0-H6LN,,17.99,17.99,17.99,17.99,COMPLIANCE,"[""BINDING_CEILING_COMPLIANCE""]"
2026-02-17T19:46:38Z,D8-1A3E-I37F,,17.99,17.99,17.99,17.99,COMPLIANCE,"[""BINDING_CEILING_COMPLIANCE""]"
2026-02-17T19:46:38Z,DC-K5WH-R7F5,,17.99,17.99,17.99,17.99,COMPLIANCE,"[""BINDING_CEILING_COMPLIANCE""]"
2026-02-17T19:46:38Z,EV-CHU5-XU3G,,17.99,17.99,17.99,17.99,COMPLIANCE,"[""BINDING_CEILING_COMPLIANCE""]"
2026-02-17T19:46:38Z,FB-6FW0-Z82Q,,17.99,17.99,17.99,17.99,COMPLIANCE,"[""BINDING_CEILING_COMPLIANCE""]"
2026-02-17T19:46:38Z,GA-9DTN-9O1E,,17.99,17.99,17.99,17.99,COMPLIANCE,"[""BINDING_CEILING_COMPLIANCE""]"
2026-02-17T19:46:38Z,H6-E7MP-EBPD,,17.99,17.99,17.99,17.99,COMPLIANCE,"[""BINDING_CEILING_COMPLIANCE""]"
2026-02-17T19:46:38Z,HL-03ZR-QPHH,,17.99,17.99,17.99,17.99,COMPLIANCE,"[""BINDING_CEILING_COMPLIANCE""]"
2026-02-17T19:46:38Z,HS-R5IP-7E1C,,17.99,17.99,17.99,17.99,COMPLIANCE,"[""BINDING_CEILING_COMPLIANCE""]"
2026-02-17T19:46:38Z,IJ-V0PQ-4CZ4,,17.99,17.99,17.99,17.99,COMPLIANCE,"[""BINDING_CEILING_COMPLIANCE""]"
2026-02-17T19:46:38Z,JB-RGB6-LZOJ,,9.99,9.99,9.99,9.99,COMPLIANCE,"[""BINDING_CEILING_COMPLIANCE""]"
2026-02-17T19:46:38Z,L1-54EX-56YC,,17.99,17.99,17.99,17.99,COMPLIANCE,"[""BINDING_CEILING_COMPLIANCE""]"
2026-02-17T19:46:38Z,L5-PF3B-WHU4,,17.99,17.99,17.99,17.99,COMPLIANCE,"[""BINDING_CEILING_COMPLIANCE""]"
2026-02-17T19:46:38Z,LP-QMNJ-J49G,,17.99,17.99,17.99,17.99,COMPLIANCE,"[""BINDING_CEILING_COMPLIANCE""]"
2026-02-17T19:46:38Z,LR-7GM6-1RCH,,17.99,17.99,17.99,17.99,COMPLIANCE,"[""BINDING_CEILING_COMPLIANCE""]"
2026-02-17T19:46:38Z,OV-LVEL-DQL6,,17.99,17.99,17.99,17.99,COMPLIANCE,"[""BINDING_CEILING_COMPLIANCE""]"
2026-02-17T19:46:38Z,R4-0AXZ-ZZ9D,,17.99,17.99,17.99,17.99,COMPLIANCE,"[""BINDING_CEILING_COMPLIANCE""]"
2026-02-17T19:46:38Z,R7-98IN-2PW8,,17.99,17.99,17.99,17.99,COMPLIANCE,"[""BINDING_CEILING_COMPLIANCE""]"
2026-02-17T19:46:38Z,RI-VSUS-0YTD,,17.99,17.99,17.99,17.99,COMPLIANCE,"[""BINDING_CEILING_COMPLIANCE""]"
2026-02-17T19:46:38Z,RW-AZK6-O4M2,,17.99,17.99,17.99,17.99,COMPLIANCE,"[""BINDING_CEILING_COMPLIANCE""]"
2026-02-17T19:46:38Z,RZ-6ZL9-CZ7J,,7.99,7.99,7.99,7.99,COMPLIANCE,"[""BINDING_CEILING_COMPLIANCE""]"
2026-02-17T19:46:38Z,TJ-6LOP-OPEU,,9.00,9.00,9.00,9.00,COMPLIANCE,"[""BINDING_CEILING_COMPLIANCE""]"
2026-02-17T19:46:38Z,TK-E7QE-T40G,,17.99,17.99,17.99,17.99,COMPLIANCE,"[""BINDING_CEILING_COMPLIANCE""]"
2026-02-17T19:46:38Z,UR-Q7TM-1F3I,,17.99,17.99,17.99,17.99,COMPLIANCE,"[""BINDING_CEILING_COMPLIANCE""]"
2026-02-17T19:46:38Z,US-AK96-YFSB,,17.99,17.99,17.99,17.99,COMPLIANCE,"[""BINDING_CEILING_COMPLIANCE""]"
2026-02-17T19:46:38Z,VF-3T0K-DR5O,,9.99,9.99,9.99,9.99,COMPLIANCE,"[""BINDING_CEILING_COMPLIANCE""]"
2026-02-17T19:46:38Z,VO-A6AR-18YS,,17.99,17.99,17.99,17.99,COMPLIANCE,"[""BINDING_CEILING_COMPLIANCE""]"
2026-02-17T19:46:38Z,VU-8KRA-QP5M,,17.99,17.99,17.99,17.99,COMPLIANCE,"[""BINDING_CEILING_COMPLIANCE""]"
2026-02-17T19:46:38Z,W3-8FN7-FSP0,,17.99,17.99,17.99,17.99,COMPLIANCE,"[""BINDING_CEILING_COMPLIANCE""]"
2026-02-17T19:46:38Z,WE-1Z7L-SA2I,,17.99,17.99,17.99,17.99,COMPLIANCE,"[""BINDING_CEILING_COMPLIANCE""]"
2026-02-17T19:46:38Z,X7-MY4W-H2I4,,17.99,17.99,17.99,17.99,COMPLIANCE,"[""BINDING_CEILING_COMPLIANCE""]"
2026-02-17T19:46:38Z,XE-27ZG-EZPZ,,17.99,17.99,17.99,17.99,COMPLIANCE,"[""BINDING_CEILING_COMPLIANCE""]"
2026-02-17T19:46:38Z,XE-YPAI-HX9F,,17.99,17.99,17.99,17.99,COMPLIANCE,"[""BINDING_CEILING_COMPLIANCE""]"
2026-02-17T19:46:38Z,XH-0LAE-FQO5,,8.99,8.99,8.99,8.99,COMPLIANCE,"[""BINDING_CEILING_COMPLIANCE""]"
2026-02-17T19:46:38Z,YC-3L3M-BV48,,109.45,109.45,109.45,109.45,COMPLIANCE,"[""BINDING_CEILING_COMPLIANCE""]"
2026-02-17T19:46:38Z,YO-EKK2-FRCC,,17.99,17.99,17.99,17.99,COMPLIANCE,"[""BINDING_CEILING_COMPLIANCE""]"
2026-02-17T19:46:38Z,Z7-26PV-O9LR,,17.99,17.99,17.99,17.99,COMPLIANCE,"[""BINDING_CEILING_COMPLIANCE""]"
2026-02-17T19:46:38Z,ZT-QPY3-P24I,,17.99,17.99,17.99,17.99,COMPLIANCE,"[""BINDING_CEILING_COMPLIANCE""]"
2026-02-17T20:06:22Z,0G-JB6S-PN34,,17.99,17.99,17.99,17.99,COMPLIANCE,"[""BINDING_CEILING_COMPLIANCE""]"
2026-02-17T20:06:22Z,0R-GRRH-W0Z9,,17.99,17.99,17.99,17.99,COMPLIANCE,"[""BINDING_CEILING_COMPLIANCE""]"
2026-02-17T20:06:22Z,2G-AYBQ-TUQG,,17.99,17.99,17.99,17.99,COMPLIANCE,"[""BINDING_CEILING_COMPLIANCE""]"
2026-02-17T20:06:22Z,3X-EXDD-TD2K,,17.99,17.99,17.99,17.99,COMPLIANCE,"[""BINDING_CEILING_COMPLIANCE""]"
2026-02-17T20:06:22Z,4W-VS57-BV6A,,44.99,44.99,44.99,44.99,COMPLIANCE,"[""BINDING_CEILING_COMPLIANCE""]"
2026-02-17T20:06:22Z,6Q-9G2A-IKVV,,17.99,17.99,17.99,17.99,COMPLIANCE,"[""BINDING_CEILING_COMPLIANCE""]"
2026-02-17T20:06:22Z,6V-EEC1-2S9Z,,10.64,10.64,10.64,10.64,COMPLIANCE,"[""BINDING_CEILING_COMPLIANCE""]"
2026-02-17T20:06:22Z,714810,,17.99,17.99,17.99,17.99,COMPLIANCE,"[""BINDING_CEILING_COMPLIANCE""]"
2026-02-17T20:06:22Z,7M-48OU-23X3,,17.99,17.99,17.99,17.99,COMPLIANCE,"[""BINDING_CEILING_COMPLIANCE""]"
2026-02-17T20:06:22Z,8M-LM6B-F2Q5,,17.99,17.99,17.99,17.99,COMPLIANCE,"[""BINDING_CEILING_COMPLIANCE""]"
2026-02-17T20:06:22Z,8M-NHB7-T8TR,,17.99,17.99,17.99,17.99,COMPLIANCE,"[""BINDING_CEILING_COMPLIANCE""]"
2026-02-17T20:06:22Z,8U-QPFH-3EKQ,,17.99,17.99,17.99,17.99,COMPLIANCE,"[""BINDING_CEILING_COMPLIANCE""]"
2026-02-17T20:06:22Z,9X-HL62-83C7,,17.99,17.99,17.99,17.99,COMPLIANCE,"[""BINDING_CEILING_COMPLIANCE""]"
2026-02-17T20:06:22Z,A2-T2AC-TW3L,,17.99,17.99,17.99,17.99,COMPLIANCE,"[""BINDING_CEILING_COMPLIANCE""]"
2026-02-17T20:06:22Z,AF-KIHX-ANYY,,17.99,17.99,17.99,17.99,COMPLIANCE,"[""BINDING_CEILING_COMPLIANCE""]"
2026-02-17T20:06:22Z,AX-NKNU-29C1,,3.99,3.99,3.99,3.99,COMPLIANCE,"[""BINDING_CEILING_COMPLIANCE""]"
2026-02-17T20:06:22Z,BL-WX51-KQOK,,17.99,17.99,17.99,17.99,COMPLIANCE,"[""BINDING_CEILING_COMPLIANCE""]"
2026-02-17T20:06:22Z,CJ-X0SS-QOUW,,17.99,17.99,17.99,17.99,COMPLIANCE,"[""BINDING_CEILING_COMPLIANCE""]"
2026-02-17T20:06:22Z,CX-SMCH-4DYA,,17.99,17.99,17.99,17.99,COMPLIANCE,"[""BINDING_CEILING_COMPLIANCE""]"
2026-02-17T20:06:22Z,D0-C7C0-H6LN,,17.99,17.99,17.99,17.99,COMPLIANCE,"[""BINDING_CEILING_COMPLIANCE""]"
2026-02-17T20:06:22Z,D8-1A3E-I37F,,17.99,17.99,17.99,17.99,COMPLIANCE,"[""BINDING_CEILING_COMPLIANCE""]"
2026-02-17T20:06:22Z,DC-K5WH-R7F5,,17.99,17.99,17.99,17.99,COMPLIANCE,"[""BINDING_CEILING_COMPLIANCE""]"
2026-02-17T20:06:22Z,EV-CHU5-XU3G,,17.99,17.99,17.99,17.99,COMPLIANCE,"[""BINDING_CEILING_COMPLIANCE""]"
2026-02-17T20:06:22Z,FB-6FW0-Z82Q,,17.99,17.99,17.99,17.99,COMPLIANCE,"[""BINDING_CEILING_COMPLIANCE""]"
2026-02-17T20:06:22Z,GA-9DTN-9O1E,,17.99,17.99,17.99,17.99,COMPLIANCE,"[""BINDING_CEILING_COMPLIANCE""]"
2026-02-17T20:06:22Z,H6-E7MP-EBPD,,17.99,17.99,17.99,17.99,COMPLIANCE,"[""BINDING_CEILING_COMPLIANCE""]"
2026-02-17T20:06:22Z,HL-03ZR-QPHH,,17.99,17.99,17.99,17.99,COMPLIANCE,"[""BINDING_CEILING_COMPLIANCE""]"
2026-02-17T20:06:22Z,HS-R5IP-7E1C,,17.99,17.99,17.99,17.99,COMPLIANCE,"[""BINDING_CEILING_COMPLIANCE""]"
2026-02-17T20:06:22Z,IJ-V0PQ-4CZ4,,17.99,17.99,17.99,17.99,COMPLIANCE,"[""BINDING_CEILING_COMPLIANCE""]"
2026-02-17T20:06:22Z,JB-RGB6-LZOJ,,9.99,9.99,9.99,9.99,COMPLIANCE,"[""BINDING_CEILING_COMPLIANCE""]"
2026-02-17T20:06:22Z,L1-54EX-56YC,,17.99,17.99,17.99,17.99,COMPLIANCE,"[""BINDING_CEILING_COMPLIANCE""]"
2026-02-17T20:06:22Z,L5-PF3B-WHU4,,17.99,17.99,17.99,17.99,COMPLIANCE,"[""BINDING_CEILING_COMPLIANCE""]"
2026-02-17T20:06:22Z,LP-QMNJ-J49G,,17.99,17.99,17.99,17.99,COMPLIANCE,"[""BINDING_CEILING_COMPLIANCE""]"
2026-02-17T20:06:22Z,LR-7GM6-1RCH,,17.99,17.99,17.99,17.99,COMPLIANCE,"[""BINDING_CEILING_COMPLIANCE""]"
2026-02-17T20:06:22Z,OV-LVEL-DQL6,,17.99,17.99,17.99,17.99,COMPLIANCE,"[""BINDING_CEILING_COMPLIANCE""]"
2026-02-17T20:06:22Z,R4-0AXZ-ZZ9D,,17.99,17.99,17.99,17.99,COMPLIANCE,"[""BINDING_CEILING_COMPLIANCE""]"
2026-02-17T20:06:22Z,R7-98IN-2PW8,,17.99,17.99,17.99,17.99,COMPLIANCE,"[""BINDING_CEILING_COMPLIANCE""]"
2026-02-17T20:06:22Z,RI-VSUS-0YTD,,17.99,17.99,17.99,17.99,COMPLIANCE,"[""BINDING_CEILING_COMPLIANCE""]"
2026-02-17T20:06:22Z,RW-AZK6-O4M2,,17.99,17.99,17.99,17.99,COMPLIANCE,"[""BINDING_CEILING_COMPLIANCE""]"
2026-02-17T20:06:22Z,RZ-6ZL9-CZ7J,,7.99,7.99,7.99,7.99,COMPLIANCE,"[""BINDING_CEILING_COMPLIANCE""]"
2026-02-17T20:06:22Z,TJ-6LOP-OPEU,,9.00,9.00,9.00,9.00,COMPLIANCE,"[""BINDING_CEILING_COMPLIANCE""]"
2026-02-17T20:06:22Z,TK-E7QE-T40G,,17.99,17.99,17.99,17.99,COMPLIANCE,"[""BINDING_CEILING_COMPLIANCE""]"
2026-02-17T20:06:22Z,UR-Q7TM-1F3I,,17.99,17.99,17.99,17.99,COMPLIANCE,"[""BINDING_CEILING_COMPLIANCE""]"
2026-02-17T20:06:22Z,US-AK96-YFSB,,17.99,17.99,17.99,17.99,COMPLIANCE,"[""BINDING_CEILING_COMPLIANCE""]"
2026-02-17T20:06:22Z,VF-3T0K-DR5O,,9.99,9.99,9.99,9.99,COMPLIANCE,"[""BINDING_CEILING_COMPLIANCE""]"
2026-02-17T20:06:22Z,VO-A6AR-18YS,,17.99,17.99,17.99,17.99,COMPLIANCE,"[""BINDING_CEILING_COMPLIANCE""]"
2026-02-17T20:06:22Z,VU-8KRA-QP5M,,17.99,17.99,17.99,17.99,COMPLIANCE,"[""BINDING_CEILING_COMPLIANCE""]"
2026-02-17T20:06:22Z,W3-8FN7-FSP0,,17.99,17.99,17.99,17.99,COMPLIANCE,"[""BINDING_CEILING_COMPLIANCE""]"
2026-02-17T20:06:22Z,WE-1Z7L-SA2I,,17.99,17.99,17.99,17.99,COMPLIANCE,"[""BINDING_CEILING_COMPLIANCE""]"
2026-02-17T20:06:22Z,X7-MY4W-H2I4,,17.99,17.99,17.99,17.99,COMPLIANCE,"[""BINDING_CEILING_COMPLIANCE""]"
2026-02-17T20:06:22Z,XE-27ZG-EZPZ,,17.99,17.99,17.99,17.99,COMPLIANCE,"[""BINDING_CEILING_COMPLIANCE""]"
2026-02-17T20:06:22Z,XE-YPAI-HX9F,,17.99,17.99,17.99,17.99,COMPLIANCE,"[""BINDING_CEILING_COMPLIANCE""]"
2026-02-17T20:06:22Z,XH-0LAE-FQO5,,8.99,8.99,8.99,8.99,COMPLIANCE,"[""BINDING_CEILING_COMPLIANCE""]"
2026-02-17T20:06:22Z,YC-3L3M-BV48,,109.45,109.45,109.45,109.45,COMPLIANCE,"[""BINDING_CEILING_COMPLIANCE""]"
2026-02-17T20:06:22Z,YO-EKK2-FRCC,,17.99,17.99,17.99,17.99,COMPLIANCE,"[""BINDING_CEILING_COMPLIANCE""]"
2026-02-17T20:06:22Z,Z7-26PV-O9LR,,17.99,17.99,17.99,17.99,COMPLIANCE,"[""BINDING_CEILING_COMPLIANCE""]"
2026-02-17T20:06:22Z,ZT-QPY3-P24I,,17.99,17.99,17.99,17.99,COMPLIANCE,"[""BINDING_CEILING_COMPLIANCE""]"
2026-02-17T20:25:56Z,0G-JB6S-PN34,,17.99,17.99,17.99,17.99,COMPLIANCE,"[""BINDING_CEILING_COMPLIANCE""]"
2026-02-17T20:25:56Z,0R-GRRH-W0Z9,,17.99,17.99,17.99,17.99,COMPLIANCE,"[""BINDING_CEILING_COMPLIANCE""]"
2026-02-17T20:25:56Z,2G-AYBQ-TUQG,,17.99,17.99,17.99,17.99,COMPLIANCE,"[""BINDING_CEILING_COMPLIANCE""]"
2026-02-17T20:25:56Z,3X-EXDD-TD2K,,17.99,17.99,17.99,17.99,COMPLIANCE,"[""BINDING_CEILING_COMPLIANCE""]"
2026-02-17T20:25:56Z,4W-VS57-BV6A,,44.99,44.99,44.99,44.99,COMPLIANCE,"[""BINDING_CEILING_COMPLIANCE""]"
2026-02-17T20:25:56Z,6Q-9G2A-IKVV,,17.99,17.99,17.99,17.99,COMPLIANCE,"[""BINDING_CEILING_COMPLIANCE""]"
2026-02-17T20:25:56Z,6V-EEC1-2S9Z,,10.64,10.64,10.64,10.64,COMPLIANCE,"[""BINDING_CEILING_COMPLIANCE""]"
2026-02-17T20:25:56Z,714810,,17.99,17.99,17.99,17.99,COMPLIANCE,"[""BINDING_CEILING_COMPLIANCE""]"
2026-02-17T20:25:56Z,7M-48OU-23X3,,17.99,17.99,17.99,17.99,COMPLIANCE,"[""BINDING_CEILING_COMPLIANCE""]"
2026-02-17T20:25:56Z,8M-LM6B-F2Q5,,17.99,17.99,17.99,17.99,COMPLIANCE,"[""BINDING_CEILING_COMPLIANCE""]"
2026-02-17T20:25:56Z,8M-NHB7-T8TR,,17.99,17.99,17.99,17.99,COMPLIANCE,"[""BINDING_CEILING_COMPLIANCE""]"
2026-02-17T20:25:56Z,8U-QPFH-3EKQ,,17.99,17.99,17.99,17.99,COMPLIANCE,"[""BINDING_CEILING_COMPLIANCE""]"
2026-02-17T20:25:56Z,9X-HL62-83C7,,17.99,17.99,17.99,17.99,COMPLIANCE,"[""BINDING_CEILING_COMPLIANCE""]"
2026-02-17T20:25:56Z,A2-T2AC-TW3L,,17.99,17.99,17.99,17.99,COMPLIANCE,"[""BINDING_CEILING_COMPLIANCE""]"
2026-02-17T20:25:56Z,AF-KIHX-ANYY,,17.99,17.99,17.99,17.99,COMPLIANCE,"[""BINDING_CEILING_COMPLIANCE""]"
2026-02-17T20:25:56Z,AX-NKNU-29C1,,3.99,3.99,3.99,3.99,COMPLIANCE,"[""BINDING_CEILING_COMPLIANCE""]"
2026-02-17T20:25:56Z,BL-WX51-KQOK,,17.99,17.99,17.99,17.99,COMPLIANCE,"[""BINDING_CEILING_COMPLIANCE""]"
2026-02-17T20:25:56Z,CJ-X0SS-QOUW,,17.99,17.99,17.99,17.99,COMPLIANCE,"[""BINDING_CEILING_COMPLIANCE""]"
2026-02-17T20:25:56Z,CX-SMCH-4DYA,,17.99,17.99,17.99,17.99,COMPLIANCE,"[""BINDING_CEILING_COMPLIANCE""]"
2026-02-17T20:25:56Z,D0-C7C0-H6LN,,17.99,17.99,17.99,17.99,COMPLIANCE,"[""BINDING_CEILING_COMPLIANCE""]"
2026-02-17T20:25:56Z,D8-1A3E-I37F,,17.99,17.99,17.99,17.99,COMPLIANCE,"[""BINDING_CEILING_COMPLIANCE""]"
2026-02-17T20:25:56Z,DC-K5WH-R7F5,,17.99,17.99,17.99,17.99,COMPLIANCE,"[""BINDING_CEILING_COMPLIANCE""]"
2026-02-17T20:25:56Z,EV-CHU5-XU3G,,17.99,17.99,17.99,17.99,COMPLIANCE,"[""BINDING_CEILING_COMPLIANCE""]"
2026-02-17T20:25:56Z,FB-6FW0-Z82Q,,17.99,17.99,17.99,17.99,COMPLIANCE,"[""BINDING_CEILING_COMPLIANCE""]"
2026-02-17T20:25:56Z,GA-9DTN-9O1E,,17.99,17.99,17.99,17.99,COMPLIANCE,"[""BINDING_CEILING_COMPLIANCE""]"
2026-02-17T20:25:56Z,H6-E7MP-EBPD,,17.99,17.99,17.99,17.99,COMPLIANCE,"[""BINDING_CEILING_COMPLIANCE""]"
2026-02-17T20:25:56Z,HL-03ZR-QPHH,,17.99,17.99,17.99,17.99,COMPLIANCE,"[""BINDING_CEILING_COMPLIANCE""]"
2026-02-17T20:25:56Z,HS-R5IP-7E1C,,17.99,17.99,17.99,17.99,COMPLIANCE,"[""BINDING_CEILING_COMPLIANCE""]"
2026-02-17T20:25:56Z,IJ-V0PQ-4CZ4,,17.99,17.99,17.99,17.99,COMPLIANCE,"[""BINDING_CEILING_COMPLIANCE""]"
2026-02-17T20:25:56Z,JB-RGB6-LZOJ,,9.99,9.99,9.99,9.99,COMPLIANCE,"[""BINDING_CEILING_COMPLIANCE""]"
2026-02-17T20:25:56Z,L1-54EX-56YC,,17.99,17.99,17.99,17.99,COMPLIANCE,"[""BINDING_CEILING_COMPLIANCE""]"
2026-02-17T20:25:56Z,L5-PF3B-WHU4,,17.99,17.99,17.99,17.99,COMPLIANCE,"[""BINDING_CEILING_COMPLIANCE""]"
2026-02-17T20:25:56Z,LP-QMNJ-J49G,,17.99,17.99,17.99,17.99,COMPLIANCE,"[""BINDING_CEILING_COMPLIANCE""]"
2026-02-17T20:25:56Z,LR-7GM6-1RCH,,17.99,17.99,17.99,17.99,COMPLIANCE,"[""BINDING_CEILING_COMPLIANCE""]"
2026-02-17T20:25:56Z,OV-LVEL-DQL6,,17.99,17.99,17.99,17.99,COMPLIANCE,"[""BINDING_CEILING_COMPLIANCE""]"
2026-02-17T20:25:56Z,R4-0AXZ-ZZ9D,,17.99,17.99,17.99,17.99,COMPLIANCE,"[""BINDING_CEILING_COMPLIANCE""]"
2026-02-17T20:25:56Z,R7-98IN-2PW8,,17.99,17.99,17.99,17.99,COMPLIANCE,"[""BINDING_CEILING_COMPLIANCE""]"
2026-02-17T20:25:56Z,RI-VSUS-0YTD,,17.99,17.99,17.99,17.99,COMPLIANCE,"[""BINDING_CEILING_COMPLIANCE""]"
2026-02-17T20:25:56Z,RW-AZK6-O4M2,,17.99,17.99,17.99,17.99,COMPLIANCE,"[""BINDING_CEILING_COMPLIANCE""]"
2026-02-17T20:25:56Z,RZ-6ZL9-CZ7J,,7.99,7.99,7.99,7.99,COMPLIANCE,"[""BINDING_CEILING_COMPLIANCE""]"
2026-02-17T20:25:56Z,TJ-6LOP-OPEU,,9.00,9.00,9.00,9.00,COMPLIANCE,"[""BINDING_CEILING_COMPLIANCE""]"
2026-02-17T20:25:56Z,TK-E7QE-T40G,,17.99,17.99,17.99,17.99,COMPLIANCE,"[""BINDING_CEILING_COMPLIANCE""]"
2026-02-17T20:25:56Z,UR-Q7TM-1F3I,,17.99,17.99,17.99,17.99,COMPLIANCE,"[""BINDING_CEILING_COMPLIANCE""]"
2026-02-17T20:25:56Z,US-AK96-YFSB,,17.99,17.99,17.99,17.99,COMPLIANCE,"[""BINDING_CEILING_COMPLIANCE""]"
2026-02-17T20:25:56Z,VF-3T0K-DR5O,,9.99,9.99,9.99,9.99,COMPLIANCE,"[""BINDING_CEILING_COMPLIANCE""]"
2026-02-17T20:25:56Z,VO-A6AR-18YS,,17.99,17.99,17.99,17.99,COMPLIANCE,"[""BINDING_CEILING_COMPLIANCE""]"
2026-02-17T20:25:56Z,VU-8KRA-QP5M,,17.99,17.99,17.99,17.99,COMPLIANCE,"[""BINDING_CEILING_COMPLIANCE""]"
2026-02-17T20:25:56Z,W3-8FN7-FSP0,,17.99,17.99,17.99,17.99,COMPLIANCE,"[""BINDING_CEILING_COMPLIANCE""]"
2026-02-17T20:25:56Z,WE-1Z7L-SA2I,,17.99,17.99,17.99,17.99,COMPLIANCE,"[""BINDING_CEILING_COMPLIANCE""]"
2026-02-17T20:25:56Z,X7-MY4W-H2I4,,17.99,17.99,17.99,17.99,COMPLIANCE,"[""BINDING_CEILING_COMPLIANCE""]"
2026-02-17T20:25:56Z,XE-27ZG-EZPZ,,17.99,17.99,17.99,17.99,COMPLIANCE,"[""BINDING_CEILING_COMPLIANCE""]"
2026-02-17T20:25:56Z,XE-YPAI-HX9F,,17.99,17.99,17.99,17.99,COMPLIANCE,"[""BINDING_CEILING_COMPLIANCE""]"
2026-02-17T20:25:56Z,XH-0LAE-FQO5,,8.99,8.99,8.99,8.99,COMPLIANCE,"[""BINDING_CEILING_COMPLIANCE""]"
2026-02-17T20:25:56Z,YC-3L3M-BV48,,109.45,109.45,109.45,109.45,COMPLIANCE,"[""BINDING_CEILING_COMPLIANCE""]"
2026-02-17T20:25:56Z,YO-EKK2-FRCC,,17.99,17.99,17.99,17.99,COMPLIANCE,"[""BINDING_CEILING_COMPLIANCE""]"
2026-02-17T20:25:56Z,Z7-26PV-O9LR,,17.99,17.99,17.99,17.99,COMPLIANCE,"[""BINDING_CEILING_COMPLIANCE""]"
2026-02-17T20:25:56Z,ZT-QPY3-P24I,,17.99,17.99,17.99,17.99,COMPLIANCE,"[""BINDING_CEILING_COMPLIANCE""]"
2026-02-17T20:46:36Z,0G-JB6S-PN34,,17.99,17.99,17.99,17.99,COMPLIANCE,"[""BINDING_CEILING_COMPLIANCE""]"
2026-02-17T20:46:36Z,0R-GRRH-W0Z9,,17.99,17.99,17.99,17.99,COMPLIANCE,"[""BINDING_CEILING_COMPLIANCE""]"
2026-02-17T20:46:36Z,2G-AYBQ-TUQG,,17.99,17.99,17.99,17.99,COMPLIANCE,"[""BINDING_CEILING_COMPLIANCE""]"
2026-02-17T20:46:36Z,3X-EXDD-TD2K,,17.99,17.99,17.99,17.99,COMPLIANCE,"[""BINDING_CEILING_COMPLIANCE""]"
2026-02-17T20:46:36Z,4W-VS57-BV6A,,44.99,44.99,44.99,44.99,COMPLIANCE,"[""BINDING_CEILING_COMPLIANCE""]"
2026-02-17T20:46:36Z,6Q-9G2A-IKVV,,17.99,17.99,17.99,17.99,COMPLIANCE,"[""BINDING_CEILING_COMPLIANCE""]"
2026-02-17T20:46:36Z,6V-EEC1-2S9Z,,10.64,10.64,10.64,10.64,COMPLIANCE,"[""BINDING_CEILING_COMPLIANCE""]"
2026-02-17T20:46:36Z,714810,,17.99,17.99,17.99,17.99,COMPLIANCE,"[""BINDING_CEILING_COMPLIANCE""]"
2026-02-17T20:46:36Z,7M-48OU-23X3,,17.99,17.99,17.99,17.99,COMPLIANCE,"[""BINDING_CEILING_COMPLIANCE""]"
2026-02-17T20:46:36Z,8M-LM6B-F2Q5,,17.99,17.99,17.99,17.99,COMPLIANCE,"[""BINDING_CEILING_COMPLIANCE""]"
2026-02-17T20:46:36Z,8M-NHB7-T8TR,,17.99,17.99,17.99,17.99,COMPLIANCE,"[""BINDING_CEILING_COMPLIANCE""]"
2026-02-17T20:46:36Z,8U-QPFH-3EKQ,,17.99,17.99,17.99,17.99,COMPLIANCE,"[""BINDING_CEILING_COMPLIANCE""]"
2026-02-17T20:46:36Z,9X-HL62-83C7,,17.99,17.99,17.99,17.99,COMPLIANCE,"[""BINDING_CEILING_COMPLIANCE""]"
2026-02-17T20:46:36Z,A2-T2AC-TW3L,,17.99,17.99,17.99,17.99,COMPLIANCE,"[""BINDING_CEILING_COMPLIANCE""]"
2026-02-17T20:46:36Z,AF-KIHX-ANYY,,17.99,17.99,17.99,17.99,COMPLIANCE,"[""BINDING_CEILING_COMPLIANCE""]"
2026-02-17T20:46:36Z,AX-NKNU-29C1,,3.99,3.99,3.99,3.99,COMPLIANCE,"[""BINDING_CEILING_COMPLIANCE""]"
2026-02-17T20:46:36Z,BL-WX51-KQOK,,17.99,17.99,17.99,17.99,COMPLIANCE,"[""BINDING_CEILING_COMPLIANCE""]"
2026-02-17T20:46:36Z,CJ-X0SS-QOUW,,17.99,17.99,17.99,17.99,COMPLIANCE,"[""BINDING_CEILING_COMPLIANCE""]"
2026-02-17T20:46:36Z,CX-SMCH-4DYA,,17.99,17.99,17.99,17.99,COMPLIANCE,"[""BINDING_CEILING_COMPLIANCE""]"
2026-02-17T20:46:36Z,D0-C7C0-H6LN,,17.99,17.99,17.99,17.99,COMPLIANCE,"[""BINDING_CEILING_COMPLIANCE""]"
2026-02-17T20:46:36Z,D8-1A3E-I37F,,17.99,17.99,17.99,17.99,COMPLIANCE,"[""BINDING_CEILING_COMPLIANCE""]"
2026-02-17T20:46:36Z,DC-K5WH-R7F5,,17.99,17.99,17.99,17.99,COMPLIANCE,"[""BINDING_CEILING_COMPLIANCE""]"
2026-02-17T20:46:36Z,EV-CHU5-XU3G,,17.99,17.99,17.99,17.99,COMPLIANCE,"[""BINDING_CEILING_COMPLIANCE""]"
2026-02-17T20:46:36Z,FB-6FW0-Z82Q,,17.99,17.99,17.99,17.99,COMPLIANCE,"[""BINDING_CEILING_COMPLIANCE""]"
2026-02-17T20:46:36Z,GA-9DTN-9O1E,,17.99,17.99,17.99,17.99,COMPLIANCE,"[""BINDING_CEILING_COMPLIANCE""]"
2026-02-17T20:46:36Z,H6-E7MP-EBPD,,17.99,17.99,17.99,17.99,COMPLIANCE,"[""BINDING_CEILING_COMPLIANCE""]"
2026-02-17T20:46:36Z,HL-03ZR-QPHH,,17.99,17.99,17.99,17.99,COMPLIANCE,"[""BINDING_CEILING_COMPLIANCE""]"
2026-02-17T20:46:36Z,HS-R5IP-7E1C,,17.99,17.99,17.99,17.99,COMPLIANCE,"[""BINDING_CEILING_COMPLIANCE""]"
2026-02-17T20:46:36Z,IJ-V0PQ-4CZ4,,17.99,17.99,17.99,17.99,COMPLIANCE,"[""BINDING_CEILING_COMPLIANCE""]"
2026-02-17T20:46:36Z,JB-RGB6-LZOJ,,9.99,9.99,9.99,9.99,COMPLIANCE,"[""BINDING_CEILING_COMPLIANCE""]"
2026-02-17T20:46:36Z,L1-54EX-56YC,,17.99,17.99,17.99,17.99,COMPLIANCE,"[""BINDING_CEILING_COMPLIANCE""]"
2026-02-17T20:46:36Z,L5-PF3B-WHU4,,17.99,17.99,17.99,17.99,COMPLIANCE,"[""BINDING_CEILING_COMPLIANCE""]"
2026-02-17T20:46:36Z,LP-QMNJ-J49G,,17.99,17.99,17.99,17.99,COMPLIANCE,"[""BINDING_CEILING_COMPLIANCE""]"
2026-02-17T20:46:36Z,LR-7GM6-1RCH,,17.99,17.99,17.99,17.99,COMPLIANCE,"[""BINDING_CEILING_COMPLIANCE""]"
2026-02-17T20:46:36Z,OV-LVEL-DQL6,,17.99,17.99,17.99,17.99,COMPLIANCE,"[""BINDING_CEILING_COMPLIANCE""]"
2026-02-17T20:46:36Z,R4-0AXZ-ZZ9D,,17.99,17.99,17.99,17.99,COMPLIANCE,"[""BINDING_CEILING_COMPLIANCE""]"
2026-02-17T20:46:36Z,R7-98IN-2PW8,,17.99,17.99,17.99,17.99,COMPLIANCE,"[""BINDING_CEILING_COMPLIANCE""]"
2026-02-17T20:46:36Z,RI-VSUS-0YTD,,17.99,17.99,17.99,17.99,COMPLIANCE,"[""BINDING_CEILING_COMPLIANCE""]"
2026-02-17T20:46:36Z,RW-AZK6-O4M2,,17.99,17.99,17.99,17.99,COMPLIANCE,"[""BINDING_CEILING_COMPLIANCE""]"
2026-02-17T20:46:36Z,RZ-6ZL9-CZ7J,,7.99,7.99,7.99,7.99,COMPLIANCE,"[""BINDING_CEILING_COMPLIANCE""]"
2026-02-17T20:46:36Z,TJ-6LOP-OPEU,,9.00,9.00,9.00,9.00,COMPLIANCE,"[""BINDING_CEILING_COMPLIANCE""]"
2026-02-17T20:46:36Z,TK-E7QE-T40G,,17.99,17.99,17.99,17.99,COMPLIANCE,"[""BINDING_CEILING_COMPLIANCE""]"
2026-02-17T20:46:36Z,UR-Q7TM-1F3I,,17.99,17.99,17.99,17.99,COMPLIANCE,"[""BINDING_CEILING_COMPLIANCE""]"
2026-02-17T20:46:36Z,US-AK96-YFSB,,17.99,17.99,17.99,17.99,COMPLIANCE,"[""BINDING_CEILING_COMPLIANCE""]"
2026-02-17T20:46:36Z,VF-3T0K-DR5O,,9.99,9.99,9.99,9.99,COMPLIANCE,"[""BINDING_CEILING_COMPLIANCE""]"
2026-02-17T20:46:36Z,VO-A6AR-18YS,,17.99,17.99,17.99,17.99,COMPLIANCE,"[""BINDING_CEILING_COMPLIANCE""]"
2026-02-17T20:46:36Z,VU-8KRA-QP5M,,17.99,17.99,17.99,17.99,COMPLIANCE,"[""BINDING_CEILING_COMPLIANCE""]"
2026-02-17T20:46:36Z,W3-8FN7-FSP0,,17.99,17.99,17.99,17.99,COMPLIANCE,"[""BINDING_CEILING_COMPLIANCE""]"
2026-02-17T20:46:36Z,WE-1Z7L-SA2I,,17.99,17.99,17.99,17.99,COMPLIANCE,"[""BINDING_CEILING_COMPLIANCE""]"
2026-02-17T20:46:36Z,X7-MY4W-H2I4,,17.99,17.99,17.99,17.99,COMPLIANCE,"[""BINDING_CEILING_COMPLIANCE""]"
2026-02-17T20:46:36Z,XE-27ZG-EZPZ,,17.99,17.99,17.99,17.99,COMPLIANCE,"[""BINDING_CEILING_COMPLIANCE""]"
2026-02-17T20:46:36Z,XE-YPAI-HX9F,,17.99,17.99,17.99,17.99,COMPLIANCE,"[""BINDING_CEILING_COMPLIANCE""]"
2026-02-17T20:46:36Z,XH-0LAE-FQO5,,8.99,8.99,8.99,8.99,COMPLIANCE,"[""BINDING_CEILING_COMPLIANCE""]"
2026-02-17T20:46:36Z,YC-3L3M-BV48,,109.45,109.45,109.45,109.45,COMPLIANCE,"[""BINDING_CEILING_COMPLIANCE""]"
2026-02-17T20:46:36Z,YO-EKK2-FRCC,,17.99,17.99,17.99,17.99,COMPLIANCE,"[""BINDING_CEILING_COMPLIANCE""]"
2026-02-17T20:46:36Z,Z7-26PV-O9LR,,17.99,17.99,17.99,17.99,COMPLIANCE,"[""BINDING_CEILING_COMPLIANCE""]"
2026-02-17T20:46:36Z,ZT-QPY3-P24I,,17.99,17.99,17.99,17.99,COMPLIANCE,"[""BINDING_CEILING_COMPLIANCE""]"
2026-02-17T21:06:15Z,0G-JB6S-PN34,,17.99,17.99,17.99,17.99,COMPLIANCE,"[""BINDING_CEILING_COMPLIANCE""]"
2026-02-17T21:06:15Z,0R-GRRH-W0Z9,,17.99,17.99,17.99,17.99,COMPLIANCE,"[""BINDING_CEILING_COMPLIANCE""]"
2026-02-17T21:06:15Z,2G-AYBQ-TUQG,,17.99,17.99,17.99,17.99,COMPLIANCE,"[""BINDING_CEILING_COMPLIANCE""]"
2026-02-17T21:06:15Z,3X-EXDD-TD2K,,17.99,17.99,17.99,17.99,COMPLIANCE,"[""BINDING_CEILING_COMPLIANCE""]"
2026-02-17T21:06:15Z,4W-VS57-BV6A,,44.99,44.99,44.99,44.99,COMPLIANCE,"[""BINDING_CEILING_COMPLIANCE""]"
2026-02-17T21:06:15Z,6Q-9G2A-IKVV,,17.99,17.99,17.99,17.99,COMPLIANCE,"[""BINDING_CEILING_COMPLIANCE""]"
2026-02-17T21:06:15Z,6V-EEC1-2S9Z,,10.64,10.64,10.64,10.64,COMPLIANCE,"[""BINDING_CEILING_COMPLIANCE""]"
2026-02-17T21:06:15Z,714810,,17.99,17.99,17.99,17.99,COMPLIANCE,"[""BINDING_CEILING_COMPLIANCE""]"
2026-02-17T21:06:15Z,7M-48OU-23X3,,17.99,17.99,17.99,17.99,COMPLIANCE,"[""BINDING_CEILING_COMPLIANCE""]"
2026-02-17T21:06:15Z,8M-LM6B-F2Q5,,17.99,17.99,17.99,17.99,COMPLIANCE,"[""BINDING_CEILING_COMPLIANCE""]"
2026-02-17T21:06:15Z,8M-NHB7-T8TR,,17.99,17.99,17.99,17.99,COMPLIANCE,"[""BINDING_CEILING_COMPLIANCE""]"
2026-02-17T21:06:15Z,8U-QPFH-3EKQ,,17.99,17.99,17.99,17.99,COMPLIANCE,"[""BINDING_CEILING_COMPLIANCE""]"
2026-02-17T21:06:15Z,9X-HL62-83C7,,17.99,17.99,17.99,17.99,COMPLIANCE,"[""BINDING_CEILING_COMPLIANCE""]"
2026-02-17T21:06:15Z,A2-T2AC-TW3L,,17.99,17.99,17.99,17.99,COMPLIANCE,"[""BINDING_CEILING_COMPLIANCE""]"
2026-02-17T21:06:15Z,AF-KIHX-ANYY,,17.99,17.99,17.99,17.99,COMPLIANCE,"[""BINDING_CEILING_COMPLIANCE""]"
2026-02-17T21:06:15Z,AX-NKNU-29C1,,3.99,3.99,3.99,3.99,COMPLIANCE,"[""BINDING_CEILING_COMPLIANCE""]"
2026-02-17T21:06:15Z,BL-WX51-KQOK,,17.99,17.99,17.99,17.99,COMPLIANCE,"[""BINDING_CEILING_COMPLIANCE""]"
2026-02-17T21:06:15Z,CJ-X0SS-QOUW,,17.99,17.99,17.99,17.99,COMPLIANCE,"[""BINDING_CEILING_COMPLIANCE""]"
2026-02-17T21:06:15Z,CX-SMCH-4DYA,,17.99,17.99,17.99,17.99,COMPLIANCE,"[""BINDING_CEILING_COMPLIANCE""]"
2026-02-17T21:06:15Z,D0-C7C0-H6LN,,17.99,17.99,17.99,17.99,COMPLIANCE,"[""BINDING_CEILING_COMPLIANCE""]"
2026-02-17T21:06:15Z,D8-1A3E-I37F,,17.99,17.99,17.99,17.99,COMPLIANCE,"[""BINDING_CEILING_COMPLIANCE""]"
2026-02-17T21:06:15Z,DC-K5WH-R7F5,,17.99,17.99,17.99,17.99,COMPLIANCE,"[""BINDING_CEILING_COMPLIANCE""]"
2026-02-17T21:06:15Z,EV-CHU5-XU3G,,17.99,17.99,17.99,17.99,COMPLIANCE,"[""BINDING_CEILING_COMPLIANCE""]"
2026-02-17T21:06:15Z,FB-6FW0-Z82Q,,17.99,17.99,17.99,17.99,COMPLIANCE,"[""BINDING_CEILING_COMPLIANCE""]"
2026-02-17T21:06:15Z,GA-9DTN-9O1E,,17.99,17.99,17.99,17.99,COMPLIANCE,"[""BINDING_CEILING_COMPLIANCE""]"
2026-02-17T21:06:15Z,H6-E7MP-EBPD,,17.99,17.99,17.99,17.99,COMPLIANCE,"[""BINDING_CEILING_COMPLIANCE""]"
2026-02-17T21:06:15Z,HL-03ZR-QPHH,,17.99,17.99,17.99,17.99,COMPLIANCE,"[""BINDING_CEILING_COMPLIANCE""]"
2026-02-17T21:06:15Z,HS-R5IP-7E1C,,17.99,17.99,17.99,17.99,COMPLIANCE,"[""BINDING_CEILING_COMPLIANCE""]"
2026-02-17T21:06:15Z,IJ-V0PQ-4CZ4,,17.99,17.99,17.99,17.99,COMPLIANCE,"[""BINDING_CEILING_COMPLIANCE""]"
2026-02-17T21:06:15Z,JB-RGB6-LZOJ,,9.99,9.99,9.99,9.99,COMPLIANCE,"[""BINDING_CEILING_COMPLIANCE""]"
2026-02-17T21:06:15Z,L1-54EX-56YC,,17.99,17.99,17.99,17.99,COMPLIANCE,"[""BINDING_CEILING_COMPLIANCE""]"
2026-02-17T21:06:15Z,L5-PF3B-WHU4,,17.99,17.99,17.99,17.99,COMPLIANCE,"[""BINDING_CEILING_COMPLIANCE""]"
2026-02-17T21:06:15Z,LP-QMNJ-J49G,,17.99,17.99,17.99,17.99,COMPLIANCE,"[""BINDING_CEILING_COMPLIANCE""]"
2026-02-17T21:06:15Z,LR-7GM6-1RCH,,17.99,17.99,17.99,17.99,COMPLIANCE,"[""BINDING_CEILING_COMPLIANCE""]"
2026-02-17T21:06:15Z,OV-LVEL-DQL6,,17.99,17.99,17.99,17.99,COMPLIANCE,"[""BINDING_CEILING_COMPLIANCE""]"
2026-02-17T21:06:15Z,R4-0AXZ-ZZ9D,,17.99,17.99,17.99,17.99,COMPLIANCE,"[""BINDING_CEILING_COMPLIANCE""]"
2026-02-17T21:06:15Z,R7-98IN-2PW8,,17.99,17.99,17.99,17.99,COMPLIANCE,"[""BINDING_CEILING_COMPLIANCE""]"
2026-02-17T21:06:15Z,RI-VSUS-0YTD,,17.99,17.99,17.99,17.99,COMPLIANCE,"[""BINDING_CEILING_COMPLIANCE""]"
2026-02-17T21:06:15Z,RW-AZK6-O4M2,,17.99,17.99,17.99,17.99,COMPLIANCE,"[""BINDING_CEILING_COMPLIANCE""]"
2026-02-17T21:06:15Z,RZ-6ZL9-CZ7J,,7.99,7.99,7.99,7.99,COMPLIANCE,"[""BINDING_CEILING_COMPLIANCE""]"
2026-02-17T21:06:15Z,TJ-6LOP-OPEU,,9.00,9.00,9.00,9.00,COMPLIANCE,"[""BINDING_CEILING_COMPLIANCE""]"
2026-02-17T21:06:15Z,TK-E7QE-T40G,,17.99,17.99,17.99,17.99,COMPLIANCE,"[""BINDING_CEILING_COMPLIANCE""]"
2026-02-17T21:06:15Z,UR-Q7TM-1F3I,,17.99,17.99,17.99,17.99,COMPLIANCE,"[""BINDING_CEILING_COMPLIANCE""]"
2026-02-17T21:06:15Z,US-AK96-YFSB,,17.99,17.99,17.99,17.99,COMPLIANCE,"[""BINDING_CEILING_COMPLIANCE""]"
2026-02-17T21:06:15Z,VF-3T0K-DR5O,,9.99,9.99,9.99,9.99,COMPLIANCE,"[""BINDING_CEILING_COMPLIANCE""]"
2026-02-17T21:06:15Z,VO-A6AR-18YS,,17.99,17.99,17.99,17.99,COMPLIANCE,"[""BINDING_CEILING_COMPLIANCE""]"
2026-02-17T21:06:15Z,VU-8KRA-QP5M,,17.99,17.99,17.99,17.99,COMPLIANCE,"[""BINDING_CEILING_COMPLIANCE""]"
2026-02-17T21:06:15Z,W3-8FN7-FSP0,,17.99,17.99,17.99,17.99,COMPLIANCE,"[""BINDING_CEILING_COMPLIANCE""]"
2026-02-17T21:06:15Z,WE-1Z7L-SA2I,,17.99,17.99,17.99,17.99,COMPLIANCE,"[""BINDING_CEILING_COMPLIANCE""]"
2026-02-17T21:06:15Z,X7-MY4W-H2I4,,17.99,17.99,17.99,17.99,COMPLIANCE,"[""BINDING_CEILING_COMPLIANCE""]"
2026-02-17T21:06:15Z,XE-27ZG-EZPZ,,17.99,17.99,17.99,17.99,COMPLIANCE,"[""BINDING_CEILING_COMPLIANCE""]"
2026-02-17T21:06:15Z,XE-YPAI-HX9F,,17.99,17.99,17.99,17.99,COMPLIANCE,"[""BINDING_CEILING_COMPLIANCE""]"
2026-02-17T21:06:15Z,XH-0LAE-FQO5,,8.99,8.99,8.99,8.99,COMPLIANCE,"[""BINDING_CEILING_COMPLIANCE""]"
2026-02-17T21:06:15Z,YC-3L3M-BV48,,109.45,109.45,109.45,109.45,COMPLIANCE,"[""BINDING_CEILING_COMPLIANCE""]"
2026-02-17T21:06:15Z,YO-EKK2-FRCC,,17.99,17.99,17.99,17.99,COMPLIANCE,"[""BINDING_CEILING_COMPLIANCE""]"
2026-02-17T21:06:15Z,Z7-26PV-O9LR,,17.99,17.99,17.99,17.99,COMPLIANCE,"[""BINDING_CEILING_COMPLIANCE""]"
2026-02-17T21:06:15Z,ZT-QPY3-P24I,,17.99,17.99,17.99,17.99,COMPLIANCE,"[""BINDING_CEILING_COMPLIANCE""]"
2026-02-17T21:25:58Z,0G-JB6S-PN34,,17.99,17.99,17.99,17.99,COMPLIANCE,"[""BINDING_CEILING_COMPLIANCE""]"
2026-02-17T21:25:58Z,0R-GRRH-W0Z9,,17.99,17.99,17.99,17.99,COMPLIANCE,"[""BINDING_CEILING_COMPLIANCE""]"
2026-02-17T21:25:58Z,2G-AYBQ-TUQG,,17.99,17.99,17.99,17.99,COMPLIANCE,"[""BINDING_CEILING_COMPLIANCE""]"
2026-02-17T21:25:58Z,3X-EXDD-TD2K,,17.99,17.99,17.99,17.99,COMPLIANCE,"[""BINDING_CEILING_COMPLIANCE""]"
2026-02-17T21:25:58Z,4W-VS57-BV6A,,44.99,44.99,44.99,44.99,COMPLIANCE,"[""BINDING_CEILING_COMPLIANCE""]"
2026-02-17T21:25:58Z,6Q-9G2A-IKVV,,17.99,17.99,17.99,17.99,COMPLIANCE,"[""BINDING_CEILING_COMPLIANCE""]"
2026-02-17T21:25:58Z,6V-EEC1-2S9Z,,10.64,10.64,10.64,10.64,COMPLIANCE,"[""BINDING_CEILING_COMPLIANCE""]"
2026-02-17T21:25:58Z,714810,,17.99,17.99,17.99,17.99,COMPLIANCE,"[""BINDING_CEILING_COMPLIANCE""]"
2026-02-17T21:25:58Z,7M-48OU-23X3,,17.99,17.99,17.99,17.99,COMPLIANCE,"[""BINDING_CEILING_COMPLIANCE""]"
2026-02-17T21:25:58Z,8M-LM6B-F2Q5,,17.99,17.99,17.99,17.99,COMPLIANCE,"[""BINDING_CEILING_COMPLIANCE""]"
2026-02-17T21:25:58Z,8M-NHB7-T8TR,,17.99,17.99,17.99,17.99,COMPLIANCE,"[""BINDING_CEILING_COMPLIANCE""]"
2026-02-17T21:25:58Z,8U-QPFH-3EKQ,,17.99,17.99,17.99,17.99,COMPLIANCE,"[""BINDING_CEILING_COMPLIANCE""]"
2026-02-17T21:25:58Z,9X-HL62-83C7,,17.99,17.99,17.99,17.99,COMPLIANCE,"[""BINDING_CEILING_COMPLIANCE""]"
2026-02-17T21:25:58Z,A2-T2AC-TW3L,,17.99,17.99,17.99,17.99,COMPLIANCE,"[""BINDING_CEILING_COMPLIANCE""]"
2026-02-17T21:25:58Z,AF-KIHX-ANYY,,17.99,17.99,17.99,17.99,COMPLIANCE,"[""BINDING_CEILING_COMPLIANCE""]"
2026-02-17T21:25:58Z,AX-NKNU-29C1,,3.99,3.99,3.99,3.99,COMPLIANCE,"[""BINDING_CEILING_COMPLIANCE""]"
2026-02-17T21:25:58Z,BL-WX51-KQOK,,17.99,17.99,17.99,17.99,COMPLIANCE,"[""BINDING_CEILING_COMPLIANCE""]"
2026-02-17T21:25:58Z,CJ-X0SS-QOUW,,17.99,17.99,17.99,17.99,COMPLIANCE,"[""BINDING_CEILING_COMPLIANCE""]"
2026-02-17T21:25:58Z,CX-SMCH-4DYA,,17.99,17.99,17.99,17.99,COMPLIANCE,"[""BINDING_CEILING_COMPLIANCE""]"
2026-02-17T21:25:58Z,D0-C7C0-H6LN,,17.99,17.99,17.99,17.99,COMPLIANCE,"[""BINDING_CEILING_COMPLIANCE""]"
2026-02-17T21:25:58Z,D8-1A3E-I37F,,17.99,17.99,17.99,17.99,COMPLIANCE,"[""BINDING_CEILING_COMPLIANCE""]"
2026-02-17T21:25:58Z,DC-K5WH-R7F5,,17.99,17.99,17.99,17.99,COMPLIANCE,"[""BINDING_CEILING_COMPLIANCE""]"
2026-02-17T21:25:58Z,EV-CHU5-XU3G,,17.99,17.99,17.99,17.99,COMPLIANCE,"[""BINDING_CEILING_COMPLIANCE""]"
2026-02-17T21:25:58Z,FB-6FW0-Z82Q,,17.99,17.99,17.99,17.99,COMPLIANCE,"[""BINDING_CEILING_COMPLIANCE""]"
2026-02-17T21:25:58Z,GA-9DTN-9O1E,,17.99,17.99,17.99,17.99,COMPLIANCE,"[""BINDING_CEILING_COMPLIANCE""]"
2026-02-17T21:25:58Z,H6-E7MP-EBPD,,17.99,17.99,17.99,17.99,COMPLIANCE,"[""BINDING_CEILING_COMPLIANCE""]"
2026-02-17T21:25:58Z,HL-03ZR-QPHH,,17.99,17.99,17.99,17.99,COMPLIANCE,"[""BINDING_CEILING_COMPLIANCE""]"
2026-02-17T21:25:58Z,HS-R5IP-7E1C,,17.99,17.99,17.99,17.99,COMPLIANCE,"[""BINDING_CEILING_COMPLIANCE""]"
2026-02-17T21:25:58Z,IJ-V0PQ-4CZ4,,17.99,17.99,17.99,17.99,COMPLIANCE,"[""BINDING_CEILING_COMPLIANCE""]"
2026-02-17T21:25:58Z,JB-RGB6-LZOJ,,9.99,9.99,9.99,9.99,COMPLIANCE,"[""BINDING_CEILING_COMPLIANCE""]"
2026-02-17T21:25:58Z,L1-54EX-56YC,,17.99,17.99,17.99,17.99,COMPLIANCE,"[""BINDING_CEILING_COMPLIANCE""]"
2026-02-17T21:25:58Z,L5-PF3B-WHU4,,17.99,17.99,17.99,17.99,COMPLIANCE,"[""BINDING_CEILING_COMPLIANCE""]"
2026-02-17T21:25:58Z,LP-QMNJ-J49G,,17.99,17.99,17.99,17.99,COMPLIANCE,"[""BINDING_CEILING_COMPLIANCE""]"
2026-02-17T21:25:58Z,LR-7GM6-1RCH,,17.99,17.99,17.99,17.99,COMPLIANCE,"[""BINDING_CEILING_COMPLIANCE""]"
2026-02-17T21:25:58Z,OV-LVEL-DQL6,,17.99,17.99,17.99,17.99,COMPLIANCE,"[""BINDING_CEILING_COMPLIANCE""]"
2026-02-17T21:25:58Z,R4-0AXZ-ZZ9D,,17.99,17.99,17.99,17.99,COMPLIANCE,"[""BINDING_CEILING_COMPLIANCE""]"
2026-02-17T21:25:58Z,R7-98IN-2PW8,,17.99,17.99,17.99,17.99,COMPLIANCE,"[""BINDING_CEILING_COMPLIANCE""]"
2026-02-17T21:25:58Z,RI-VSUS-0YTD,,17.99,17.99,17.99,17.99,COMPLIANCE,"[""BINDING_CEILING_COMPLIANCE""]"
2026-02-17T21:25:58Z,RW-AZK6-O4M2,,17.99,17.99,17.99,17.99,COMPLIANCE,"[""BINDING_CEILING_COMPLIANCE""]"
2026-02-17T21:25:58Z,RZ-6ZL9-CZ7J,,7.99,7.99,7.99,7.99,COMPLIANCE,"[""BINDING_CEILING_COMPLIANCE""]"
2026-02-17T21:25:58Z,TJ-6LOP-OPEU,,9.00,9.00,9.00,9.00,COMPLIANCE,"[""BINDING_CEILING_COMPLIANCE""]"
2026-02-17T21:25:58Z,TK-E7QE-T40G,,17.99,17.99,17.99,17.99,COMPLIANCE,"[""BINDING_CEILING_COMPLIANCE""]"
2026-02-17T21:25:58Z,UR-Q7TM-1F3I,,17.99,17.99,17.99,17.99,COMPLIANCE,"[""BINDING_CEILING_COMPLIANCE""]"
2026-02-17T21:25:58Z,US-AK96-YFSB,,17.99,17.99,17.99,17.99,COMPLIANCE,"[""BINDING_CEILING_COMPLIANCE""]"
2026-02-17T21:25:58Z,VF-3T0K-DR5O,,9.99,9.99,9.99,9.99,COMPLIANCE,"[""BINDING_CEILING_COMPLIANCE""]"
2026-02-17T21:25:58Z,VO-A6AR-18YS,,17.99,17.99,17.99,17.99,COMPLIANCE,"[""BINDING_CEILING_COMPLIANCE""]"
2026-02-17T21:25:58Z,VU-8KRA-QP5M,,17.99,17.99,17.99,17.99,COMPLIANCE,"[""BINDING_CEILING_COMPLIANCE""]"
2026-02-17T21:25:58Z,W3-8FN7-FSP0,,17.99,17.99,17.99,17.99,COMPLIANCE,"[""BINDING_CEILING_COMPLIANCE""]"
2026-02-17T21:25:58Z,WE-1Z7L-SA2I,,17.99,17.99,17.99,17.99,COMPLIANCE,"[""BINDING_CEILING_COMPLIANCE""]"
2026-02-17T21:25:58Z,X7-MY4W-H2I4,,17.99,17.99,17.99,17.99,COMPLIANCE,"[""BINDING_CEILING_COMPLIANCE""]"
2026-02-17T21:25:58Z,XE-27ZG-EZPZ,,17.99,17.99,17.99,17.99,COMPLIANCE,"[""BINDING_CEILING_COMPLIANCE""]"
2026-02-17T21:25:58Z,XE-YPAI-HX9F,,17.99,17.99,17.99,17.99,COMPLIANCE,"[""BINDING_CEILING_COMPLIANCE""]"
2026-02-17T21:25:58Z,XH-0LAE-FQO5,,8.99,8.99,8.99,8.99,COMPLIANCE,"[""BINDING_CEILING_COMPLIANCE""]"
2026-02-17T21:25:58Z,YC-3L3M-BV48,,109.45,109.45,109.45,109.45,COMPLIANCE,"[""BINDING_CEILING_COMPLIANCE""]"
2026-02-17T21:25:58Z,YO-EKK2-FRCC,,17.99,17.99,17.99,17.99,COMPLIANCE,"[""BINDING_CEILING_COMPLIANCE""]"
2026-02-17T21:25:58Z,Z7-26PV-O9LR,,17.99,17.99,17.99,17.99,COMPLIANCE,"[""BINDING_CEILING_COMPLIANCE""]"
2026-02-17T21:25:58Z,ZT-QPY3-P24I,,17.99,17.99,17.99,17.99,COMPLIANCE,"[""BINDING_CEILING_COMPLIANCE""]"
2026-02-17T21:45:35Z,0G-JB6S-PN34,,17.99,17.99,17.99,17.99,COMPLIANCE,"[""BINDING_CEILING_COMPLIANCE""]"
2026-02-17T21:45:35Z,0R-GRRH-W0Z9,,17.99,17.99,17.99,17.99,COMPLIANCE,"[""BINDING_CEILING_COMPLIANCE""]"
2026-02-17T21:45:35Z,2G-AYBQ-TUQG,,17.99,17.99,17.99,17.99,COMPLIANCE,"[""BINDING_CEILING_COMPLIANCE""]"
2026-02-17T21:45:35Z,3X-EXDD-TD2K,,17.99,17.99,17.99,17.99,COMPLIANCE,"[""BINDING_CEILING_COMPLIANCE""]"
2026-02-17T21:45:35Z,4W-VS57-BV6A,,44.99,44.99,44.99,44.99,COMPLIANCE,"[""BINDING_CEILING_COMPLIANCE""]"
2026-02-17T21:45:35Z,6Q-9G2A-IKVV,,17.99,17.99,17.99,17.99,COMPLIANCE,"[""BINDING_CEILING_COMPLIANCE""]"
2026-02-17T21:45:35Z,6V-EEC1-2S9Z,,10.64,10.64,10.64,10.64,COMPLIANCE,"[""BINDING_CEILING_COMPLIANCE""]"
2026-02-17T21:45:35Z,714810,,17.99,17.99,17.99,17.99,COMPLIANCE,"[""BINDING_CEILING_COMPLIANCE""]"
2026-02-17T21:45:35Z,7M-48OU-23X3,,17.99,17.99,17.99,17.99,COMPLIANCE,"[""BINDING_CEILING_COMPLIANCE""]"
2026-02-17T21:45:35Z,8M-LM6B-F2Q5,,17.99,17.99,17.99,17.99,COMPLIANCE,"[""BINDING_CEILING_COMPLIANCE""]"
2026-02-17T21:45:35Z,8M-NHB7-T8TR,,17.99,17.99,17.99,17.99,COMPLIANCE,"[""BINDING_CEILING_COMPLIANCE""]"
2026-02-17T21:45:35Z,8U-QPFH-3EKQ,,17.99,17.99,17.99,17.99,COMPLIANCE,"[""BINDING_CEILING_COMPLIANCE""]"
2026-02-17T21:45:35Z,9X-HL62-83C7,,17.99,17.99,17.99,17.99,COMPLIANCE,"[""BINDING_CEILING_COMPLIANCE""]"
2026-02-17T21:45:35Z,A2-T2AC-TW3L,,17.99,17.99,17.99,17.99,COMPLIANCE,"[""BINDING_CEILING_COMPLIANCE""]"
2026-02-17T21:45:35Z,AF-KIHX-ANYY,,17.99,17.99,17.99,17.99,COMPLIANCE,"[""BINDING_CEILING_COMPLIANCE""]"
2026-02-17T21:45:35Z,AX-NKNU-29C1,,3.99,3.99,3.99,3.99,COMPLIANCE,"[""BINDING_CEILING_COMPLIANCE""]"
2026-02-17T21:45:35Z,BL-WX51-KQOK,,17.99,17.99,17.99,17.99,COMPLIANCE,"[""BINDING_CEILING_COMPLIANCE""]"
2026-02-17T21:45:35Z,CJ-X0SS-QOUW,,17.99,17.99,17.99,17.99,COMPLIANCE,"[""BINDING_CEILING_COMPLIANCE""]"
2026-02-17T21:45:35Z,CX-SMCH-4DYA,,17.99,17.99,17.99,17.99,COMPLIANCE,"[""BINDING_CEILING_COMPLIANCE""]"
2026-02-17T21:45:35Z,D0-C7C0-H6LN,,17.99,17.99,17.99,17.99,COMPLIANCE,"[""BINDING_CEILING_COMPLIANCE""]"
2026-02-17T21:45:35Z,D8-1A3E-I37F,,17.99,17.99,17.99,17.99,COMPLIANCE,"[""BINDING_CEILING_COMPLIANCE""]"
2026-02-17T21:45:35Z,DC-K5WH-R7F5,,17.99,17.99,17.99,17.99,COMPLIANCE,"[""BINDING_CEILING_COMPLIANCE""]"
2026-02-17T21:45:35Z,EV-CHU5-XU3G,,17.99,17.99,17.99,17.99,COMPLIANCE,"[""BINDING_CEILING_COMPLIANCE""]"
2026-02-17T21:45:35Z,FB-6FW0-Z82Q,,17.99,17.99,17.99,17.99,COMPLIANCE,"[""BINDING_CEILING_COMPLIANCE""]"
2026-02-17T21:45:35Z,GA-9DTN-9O1E,,17.99,17.99,17.99,17.99,COMPLIANCE,"[""BINDING_CEILING_COMPLIANCE""]"
2026-02-17T21:45:35Z,H6-E7MP-EBPD,,17.99,17.99,17.99,17.99,COMPLIANCE,"[""BINDING_CEILING_COMPLIANCE""]"
2026-02-17T21:45:35Z,HL-03ZR-QPHH,,17.99,17.99,17.99,17.99,COMPLIANCE,"[""BINDING_CEILING_COMPLIANCE""]"
2026-02-17T21:45:35Z,HS-R5IP-7E1C,,17.99,17.99,17.99,17.99,COMPLIANCE,"[""BINDING_CEILING_COMPLIANCE""]"
2026-02-17T21:45:35Z,IJ-V0PQ-4CZ4,,17.99,17.99,17.99,17.99,COMPLIANCE,"[""BINDING_CEILING_COMPLIANCE""]"
2026-02-17T21:45:35Z,JB-RGB6-LZOJ,,9.99,9.99,9.99,9.99,COMPLIANCE,"[""BINDING_CEILING_COMPLIANCE""]"
2026-02-17T21:45:35Z,L1-54EX-56YC,,17.99,17.99,17.99,17.99,COMPLIANCE,"[""BINDING_CEILING_COMPLIANCE""]"
2026-02-17T21:45:35Z,L5-PF3B-WHU4,,17.99,17.99,17.99,17.99,COMPLIANCE,"[""BINDING_CEILING_COMPLIANCE""]"
2026-02-17T21:45:35Z,LP-QMNJ-J49G,,17.99,17.99,17.99,17.99,COMPLIANCE,"[""BINDING_CEILING_COMPLIANCE""]"
2026-02-17T21:45:35Z,LR-7GM6-1RCH,,17.99,17.99,17.99,17.99,COMPLIANCE,"[""BINDING_CEILING_COMPLIANCE""]"
2026-02-17T21:45:35Z,OV-LVEL-DQL6,,17.99,17.99,17.99,17.99,COMPLIANCE,"[""BINDING_CEILING_COMPLIANCE""]"
2026-02-17T21:45:35Z,R4-0AXZ-ZZ9D,,17.99,17.99,17.99,17.99,COMPLIANCE,"[""BINDING_CEILING_COMPLIANCE""]"
2026-02-17T21:45:35Z,R7-98IN-2PW8,,17.99,17.99,17.99,17.99,COMPLIANCE,"[""BINDING_CEILING_COMPLIANCE""]"
2026-02-17T21:45:35Z,RI-VSUS-0YTD,,17.99,17.99,17.99,17.99,COMPLIANCE,"[""BINDING_CEILING_COMPLIANCE""]"
2026-02-17T21:45:35Z,RW-AZK6-O4M2,,17.99,17.99,17.99,17.99,COMPLIANCE,"[""BINDING_CEILING_COMPLIANCE""]"
2026-02-17T21:45:35Z,RZ-6ZL9-CZ7J,,7.99,7.99,7.99,7.99,COMPLIANCE,"[""BINDING_CEILING_COMPLIANCE""]"
2026-02-17T21:45:35Z,TJ-6LOP-OPEU,,9.00,9.00,9.00,9.00,COMPLIANCE,"[""BINDING_CEILING_COMPLIANCE""]"
2026-02-17T21:45:35Z,TK-E7QE-T40G,,17.99,17.99,17.99,17.99,COMPLIANCE,"[""BINDING_CEILING_COMPLIANCE""]"
2026-02-17T21:45:35Z,UR-Q7TM-1F3I,,17.99,17.99,17.99,17.99,COMPLIANCE,"[""BINDING_CEILING_COMPLIANCE""]"
2026-02-17T21:45:35Z,US-AK96-YFSB,,17.99,17.99,17.99,17.99,COMPLIANCE,"[""BINDING_CEILING_COMPLIANCE""]"
2026-02-17T21:45:35Z,VF-3T0K-DR5O,,9.99,9.99,9.99,9.99,COMPLIANCE,"[""BINDING_CEILING_COMPLIANCE""]"
2026-02-17T21:45:35Z,VO-A6AR-18YS,,17.99,17.99,17.99,17.99,COMPLIANCE,"[""BINDING_CEILING_COMPLIANCE""]"
2026-02-17T21:45:35Z,VU-8KRA-QP5M,,17.99,17.99,17.99,17.99,COMPLIANCE,"[""BINDING_CEILING_COMPLIANCE""]"
2026-02-17T21:45:35Z,W3-8FN7-FSP0,,17.99,17.99,17.99,17.99,COMPLIANCE,"[""BINDING_CEILING_COMPLIANCE""]"
2026-02-17T21:45:35Z,WE-1Z7L-SA2I,,17.99,17.99,17.99,17.99,COMPLIANCE,"[""BINDING_CEILING_COMPLIANCE""]"
2026-02-17T21:45:35Z,X7-MY4W-H2I4,,17.99,17.99,17.99,17.99,COMPLIANCE,"[""BINDING_CEILING_COMPLIANCE""]"
2026-02-17T21:45:35Z,XE-27ZG-EZPZ,,17.99,17.99,17.99,17.99,COMPLIANCE,"[""BINDING_CEILING_COMPLIANCE""]"
2026-02-17T21:45:35Z,XE-YPAI-HX9F,,17.99,17.99,17.99,17.99,COMPLIANCE,"[""BINDING_CEILING_COMPLIANCE""]"
2026-02-17T21:45:35Z,XH-0LAE-FQO5,,8.99,8.99,8.99,8.99,COMPLIANCE,"[""BINDING_CEILING_COMPLIANCE""]"
2026-02-17T21:45:35Z,YC-3L3M-BV48,,109.45,109.45,109.45,109.45,COMPLIANCE,"[""BINDING_CEILING_COMPLIANCE""]"
2026-02-17T21:45:35Z,YO-EKK2-FRCC,,17.99,17.99,17.99,17.99,COMPLIANCE,"[""BINDING_CEILING_COMPLIANCE""]"
2026-02-17T21:45:35Z,Z7-26PV-O9LR,,17.99,17.99,17.99,17.99,COMPLIANCE,"[""BINDING_CEILING_COMPLIANCE""]"
2026-02-17T21:45:35Z,ZT-QPY3-P24I,,17.99,17.99,17.99,17.99,COMPLIANCE,"[""BINDING_CEILING_COMPLIANCE""]"
2026-02-17T22:05:12Z,0G-JB6S-PN34,,17.99,17.99,17.99,17.99,COMPLIANCE,"[""BINDING_CEILING_COMPLIANCE""]"
2026-02-17T22:05:12Z,0R-GRRH-W0Z9,,17.99,17.99,17.99,17.99,COMPLIANCE,"[""BINDING_CEILING_COMPLIANCE""]"
2026-02-17T22:05:12Z,2G-AYBQ-TUQG,,17.99,17.99,17.99,17.99,COMPLIANCE,"[""BINDING_CEILING_COMPLIANCE""]"
2026-02-17T22:05:12Z,3X-EXDD-TD2K,,17.99,17.99,17.99,17.99,COMPLIANCE,"[""BINDING_CEILING_COMPLIANCE""]"
2026-02-17T22:05:12Z,4W-VS57-BV6A,,44.99,44.99,44.99,44.99,COMPLIANCE,"[""BINDING_CEILING_COMPLIANCE""]"
2026-02-17T22:05:12Z,6Q-9G2A-IKVV,,17.99,17.99,17.99,17.99,COMPLIANCE,"[""BINDING_CEILING_COMPLIANCE""]"
2026-02-17T22:05:12Z,6V-EEC1-2S9Z,,10.64,10.64,10.64,10.64,COMPLIANCE,"[""BINDING_CEILING_COMPLIANCE""]"
2026-02-17T22:05:12Z,714810,,17.99,17.99,17.99,17.99,COMPLIANCE,"[""BINDING_CEILING_COMPLIANCE""]"
2026-02-17T22:05:12Z,7M-48OU-23X3,,17.99,17.99,17.99,17.99,COMPLIANCE,"[""BINDING_CEILING_COMPLIANCE""]"
2026-02-17T22:05:12Z,8M-LM6B-F2Q5,,17.99,17.99,17.99,17.99,COMPLIANCE,"[""BINDING_CEILING_COMPLIANCE""]"
2026-02-17T22:05:12Z,8M-NHB7-T8TR,,17.99,17.99,17.99,17.99,COMPLIANCE,"[""BINDING_CEILING_COMPLIANCE""]"
2026-02-17T22:05:12Z,8U-QPFH-3EKQ,,17.99,17.99,17.99,17.99,COMPLIANCE,"[""BINDING_CEILING_COMPLIANCE""]"
2026-02-17T22:05:12Z,9X-HL62-83C7,,17.99,17.99,17.99,17.99,COMPLIANCE,"[""BINDING_CEILING_COMPLIANCE""]"
2026-02-17T22:05:12Z,A2-T2AC-TW3L,,17.99,17.99,17.99,17.99,COMPLIANCE,"[""BINDING_CEILING_COMPLIANCE""]"
2026-02-17T22:05:12Z,AF-KIHX-ANYY,,17.99,17.99,17.99,17.99,COMPLIANCE,"[""BINDING_CEILING_COMPLIANCE""]"
2026-02-17T22:05:12Z,AX-NKNU-29C1,,3.99,3.99,3.99,3.99,COMPLIANCE,"[""BINDING_CEILING_COMPLIANCE""]"
2026-02-17T22:05:12Z,BL-WX51-KQOK,,17.99,17.99,17.99,17.99,COMPLIANCE,"[""BINDING_CEILING_COMPLIANCE""]"
2026-02-17T22:05:12Z,CJ-X0SS-QOUW,,17.99,17.99,17.99,17.99,COMPLIANCE,"[""BINDING_CEILING_COMPLIANCE""]"
2026-02-17T22:05:12Z,CX-SMCH-4DYA,,17.99,17.99,17.99,17.99,COMPLIANCE,"[""BINDING_CEILING_COMPLIANCE""]"
2026-02-17T22:05:12Z,D0-C7C0-H6LN,,17.99,17.99,17.99,17.99,COMPLIANCE,"[""BINDING_CEILING_COMPLIANCE""]"
2026-02-17T22:05:12Z,D8-1A3E-I37F,,17.99,17.99,17.99,17.99,COMPLIANCE,"[""BINDING_CEILING_COMPLIANCE""]"
2026-02-17T22:05:12Z,DC-K5WH-R7F5,,17.99,17.99,17.99,17.99,COMPLIANCE,"[""BINDING_CEILING_COMPLIANCE""]"
2026-02-17T22:05:12Z,EV-CHU5-XU3G,,17.99,17.99,17.99,17.99,COMPLIANCE,"[""BINDING_CEILING_COMPLIANCE""]"
2026-02-17T22:05:12Z,FB-6FW0-Z82Q,,17.99,17.99,17.99,17.99,COMPLIANCE,"[""BINDING_CEILING_COMPLIANCE""]"
2026-02-17T22:05:12Z,GA-9DTN-9O1E,,17.99,17.99,17.99,17.99,COMPLIANCE,"[""BINDING_CEILING_COMPLIANCE""]"
2026-02-17T22:05:12Z,H6-E7MP-EBPD,,17.99,17.99,17.99,17.99,COMPLIANCE,"[""BINDING_CEILING_COMPLIANCE""]"
2026-02-17T22:05:12Z,HL-03ZR-QPHH,,17.99,17.99,17.99,17.99,COMPLIANCE,"[""BINDING_CEILING_COMPLIANCE""]"
2026-02-17T22:05:12Z,HS-R5IP-7E1C,,17.99,17.99,17.99,17.99,COMPLIANCE,"[""BINDING_CEILING_COMPLIANCE""]"
2026-02-17T22:05:12Z,IJ-V0PQ-4CZ4,,17.99,17.99,17.99,17.99,COMPLIANCE,"[""BINDING_CEILING_COMPLIANCE""]"
2026-02-17T22:05:12Z,JB-RGB6-LZOJ,,9.99,9.99,9.99,9.99,COMPLIANCE,"[""BINDING_CEILING_COMPLIANCE""]"
2026-02-17T22:05:12Z,L1-54EX-56YC,,17.99,17.99,17.99,17.99,COMPLIANCE,"[""BINDING_CEILING_COMPLIANCE""]"
2026-02-17T22:05:12Z,L5-PF3B-WHU4,,17.99,17.99,17.99,17.99,COMPLIANCE,"[""BINDING_CEILING_COMPLIANCE""]"
2026-02-17T22:05:12Z,LP-QMNJ-J49G,,17.99,17.99,17.99,17.99,COMPLIANCE,"[""BINDING_CEILING_COMPLIANCE""]"
2026-02-17T22:05:12Z,LR-7GM6-1RCH,,17.99,17.99,17.99,17.99,COMPLIANCE,"[""BINDING_CEILING_COMPLIANCE""]"
2026-02-17T22:05:12Z,OV-LVEL-DQL6,,17.99,17.99,17.99,17.99,COMPLIANCE,"[""BINDING_CEILING_COMPLIANCE""]"
2026-02-17T22:05:12Z,R4-0AXZ-ZZ9D,,17.99,17.99,17.99,17.99,COMPLIANCE,"[""BINDING_CEILING_COMPLIANCE""]"
2026-02-17T22:05:12Z,R7-98IN-2PW8,,17.99,17.99,17.99,17.99,COMPLIANCE,"[""BINDING_CEILING_COMPLIANCE""]"
2026-02-17T22:05:12Z,RI-VSUS-0YTD,,17.99,17.99,17.99,17.99,COMPLIANCE,"[""BINDING_CEILING_COMPLIANCE""]"
2026-02-17T22:05:12Z,RW-AZK6-O4M2,,17.99,17.99,17.99,17.99,COMPLIANCE,"[""BINDING_CEILING_COMPLIANCE""]"
2026-02-17T22:05:12Z,RZ-6ZL9-CZ7J,,7.99,7.99,7.99,7.99,COMPLIANCE,"[""BINDING_CEILING_COMPLIANCE""]"
2026-02-17T22:05:12Z,TJ-6LOP-OPEU,,9.00,9.00,9.00,9.00,COMPLIANCE,"[""BINDING_CEILING_COMPLIANCE""]"
2026-02-17T22:05:12Z,TK-E7QE-T40G,,17.99,17.99,17.99,17.99,COMPLIANCE,"[""BINDING_CEILING_COMPLIANCE""]"
2026-02-17T22:05:12Z,UR-Q7TM-1F3I,,17.99,17.99,17.99,17.99,COMPLIANCE,"[""BINDING_CEILING_COMPLIANCE""]"
2026-02-17T22:05:12Z,US-AK96-YFSB,,17.99,17.99,17.99,17.99,COMPLIANCE,"[""BINDING_CEILING_COMPLIANCE""]"
2026-02-17T22:05:12Z,VF-3T0K-DR5O,,9.99,9.99,9.99,9.99,COMPLIANCE,"[""BINDING_CEILING_COMPLIANCE""]"
2026-02-17T22:05:12Z,VO-A6AR-18YS,,17.99,17.99,17.99,17.99,COMPLIANCE,"[""BINDING_CEILING_COMPLIANCE""]"
2026-02-17T22:05:12Z,VU-8KRA-QP5M,,17.99,17.99,17.99,17.99,COMPLIANCE,"[""BINDING_CEILING_COMPLIANCE""]"
2026-02-17T22:05:12Z,W3-8FN7-FSP0,,17.99,17.99,17.99,17.99,COMPLIANCE,"[""BINDING_CEILING_COMPLIANCE""]"
2026-02-17T22:05:12Z,WE-1Z7L-SA2I,,17.99,17.99,17.99,17.99,COMPLIANCE,"[""BINDING_CEILING_COMPLIANCE""]"
2026-02-17T22:05:12Z,X7-MY4W-H2I4,,17.99,17.99,17.99,17.99,COMPLIANCE,"[""BINDING_CEILING_COMPLIANCE""]"
2026-02-17T22:05:12Z,XE-27ZG-EZPZ,,17.99,17.99,17.99,17.99,COMPLIANCE,"[""BINDING_CEILING_COMPLIANCE""]"
2026-02-17T22:05:12Z,XE-YPAI-HX9F,,17.99,17.99,17.99,17.99,COMPLIANCE,"[""BINDING_CEILING_COMPLIANCE""]"
2026-02-17T22:05:12Z,XH-0LAE-FQO5,,8.99,8.99,8.99,8.99,COMPLIANCE,"[""BINDING_CEILING_COMPLIANCE""]"
2026-02-17T22:05:12Z,YC-3L3M-BV48,,109.45,109.45,109.45,109.45,COMPLIANCE,"[""BINDING_CEILING_COMPLIANCE""]"
2026-02-17T22:05:12Z,YO-EKK2-FRCC,,17.99,17.99,17.99,17.99,COMPLIANCE,"[""BINDING_CEILING_COMPLIANCE""]"
2026-02-17T22:05:12Z,Z7-26PV-O9LR,,17.99,17.99,17.99,17.99,COMPLIANCE,"[""BINDING_CEILING_COMPLIANCE""]"
2026-02-17T22:05:12Z,ZT-QPY3-P24I,,17.99,17.99,17.99,17.99,COMPLIANCE,"[""BINDING_CEILING_COMPLIANCE""]"
2026-02-17T22:24:50Z,0G-JB6S-PN34,,17.99,17.99,17.99,17.99,COMPLIANCE,"[""BINDING_CEILING_COMPLIANCE""]"
2026-02-17T22:24:50Z,0R-GRRH-W0Z9,,17.99,17.99,17.99,17.99,COMPLIANCE,"[""BINDING_CEILING_COMPLIANCE""]"
2026-02-17T22:24:50Z,2G-AYBQ-TUQG,,17.99,17.99,17.99,17.99,COMPLIANCE,"[""BINDING_CEILING_COMPLIANCE""]"
2026-02-17T22:24:50Z,3X-EXDD-TD2K,,17.99,17.99,17.99,17.99,COMPLIANCE,"[""BINDING_CEILING_COMPLIANCE""]"
2026-02-17T22:24:50Z,4W-VS57-BV6A,,44.99,44.99,44.99,44.99,COMPLIANCE,"[""BINDING_CEILING_COMPLIANCE""]"
2026-02-17T22:24:50Z,6Q-9G2A-IKVV,,17.99,17.99,17.99,17.99,COMPLIANCE,"[""BINDING_CEILING_COMPLIANCE""]"
2026-02-17T22:24:50Z,6V-EEC1-2S9Z,,10.64,10.64,10.64,10.64,COMPLIANCE,"[""BINDING_CEILING_COMPLIANCE""]"
2026-02-17T22:24:50Z,714810,,17.99,17.99,17.99,17.99,COMPLIANCE,"[""BINDING_CEILING_COMPLIANCE""]"
2026-02-17T22:24:50Z,7M-48OU-23X3,,17.99,17.99,17.99,17.99,COMPLIANCE,"[""BINDING_CEILING_COMPLIANCE""]"
2026-02-17T22:24:50Z,8M-LM6B-F2Q5,,17.99,17.99,17.99,17.99,COMPLIANCE,"[""BINDING_CEILING_COMPLIANCE""]"
2026-02-17T22:24:50Z,8M-NHB7-T8TR,,17.99,17.99,17.99,17.99,COMPLIANCE,"[""BINDING_CEILING_COMPLIANCE""]"
2026-02-17T22:24:50Z,8U-QPFH-3EKQ,,17.99,17.99,17.99,17.99,COMPLIANCE,"[""BINDING_CEILING_COMPLIANCE""]"
2026-02-17T22:24:50Z,9X-HL62-83C7,,17.99,17.99,17.99,17.99,COMPLIANCE,"[""BINDING_CEILING_COMPLIANCE""]"
2026-02-17T22:24:50Z,A2-T2AC-TW3L,,17.99,17.99,17.99,17.99,COMPLIANCE,"[""BINDING_CEILING_COMPLIANCE""]"
2026-02-17T22:24:50Z,AF-KIHX-ANYY,,17.99,17.99,17.99,17.99,COMPLIANCE,"[""BINDING_CEILING_COMPLIANCE""]"
2026-02-17T22:24:50Z,AX-NKNU-29C1,,3.99,3.99,3.99,3.99,COMPLIANCE,"[""BINDING_CEILING_COMPLIANCE""]"
2026-02-17T22:24:50Z,BL-WX51-KQOK,,17.99,17.99,17.99,17.99,COMPLIANCE,"[""BINDING_CEILING_COMPLIANCE""]"
2026-02-17T22:24:50Z,CJ-X0SS-QOUW,,17.99,17.99,17.99,17.99,COMPLIANCE,"[""BINDING_CEILING_COMPLIANCE""]"
2026-02-17T22:24:50Z,CX-SMCH-4DYA,,17.99,17.99,17.99,17.99,COMPLIANCE,"[""BINDING_CEILING_COMPLIANCE""]"
2026-02-17T22:24:50Z,D0-C7C0-H6LN,,17.99,17.99,17.99,17.99,COMPLIANCE,"[""BINDING_CEILING_COMPLIANCE""]"
2026-02-17T22:24:50Z,D8-1A3E-I37F,,17.99,17.99,17.99,17.99,COMPLIANCE,"[""BINDING_CEILING_COMPLIANCE""]"
2026-02-17T22:24:50Z,DC-K5WH-R7F5,,17.99,17.99,17.99,17.99,COMPLIANCE,"[""BINDING_CEILING_COMPLIANCE""]"
2026-02-17T22:24:50Z,EV-CHU5-XU3G,,17.99,17.99,17.99,17.99,COMPLIANCE,"[""BINDING_CEILING_COMPLIANCE""]"
2026-02-17T22:24:50Z,FB-6FW0-Z82Q,,17.99,17.99,17.99,17.99,COMPLIANCE,"[""BINDING_CEILING_COMPLIANCE""]"
2026-02-17T22:24:50Z,GA-9DTN-9O1E,,17.99,17.99,17.99,17.99,COMPLIANCE,"[""BINDING_CEILING_COMPLIANCE""]"
2026-02-17T22:24:50Z,H6-E7MP-EBPD,,17.99,17.99,17.99,17.99,COMPLIANCE,"[""BINDING_CEILING_COMPLIANCE""]"
2026-02-17T22:24:50Z,HL-03ZR-QPHH,,17.99,17.99,17.99,17.99,COMPLIANCE,"[""BINDING_CEILING_COMPLIANCE""]"
2026-02-17T22:24:50Z,HS-R5IP-7E1C,,17.99,17.99,17.99,17.99,COMPLIANCE,"[""BINDING_CEILING_COMPLIANCE""]"
2026-02-17T22:24:50Z,IJ-V0PQ-4CZ4,,17.99,17.99,17.99,17.99,COMPLIANCE,"[""BINDING_CEILING_COMPLIANCE""]"
2026-02-17T22:24:50Z,JB-RGB6-LZOJ,,9.99,9.99,9.99,9.99,COMPLIANCE,"[""BINDING_CEILING_COMPLIANCE""]"
2026-02-17T22:24:50Z,L1-54EX-56YC,,17.99,17.99,17.99,17.99,COMPLIANCE,"[""BINDING_CEILING_COMPLIANCE""]"
2026-02-17T22:24:50Z,L5-PF3B-WHU4,,17.99,17.99,17.99,17.99,COMPLIANCE,"[""BINDING_CEILING_COMPLIANCE""]"
2026-02-17T22:24:50Z,LP-QMNJ-J49G,,17.99,17.99,17.99,17.99,COMPLIANCE,"[""BINDING_CEILING_COMPLIANCE""]"
2026-02-17T22:24:50Z,LR-7GM6-1RCH,,17.99,17.99,17.99,17.99,COMPLIANCE,"[""BINDING_CEILING_COMPLIANCE""]"
2026-02-17T22:24:50Z,OV-LVEL-DQL6,,17.99,17.99,17.99,17.99,COMPLIANCE,"[""BINDING_CEILING_COMPLIANCE""]"
2026-02-17T22:24:50Z,R4-0AXZ-ZZ9D,,17.99,17.99,17.99,17.99,COMPLIANCE,"[""BINDING_CEILING_COMPLIANCE""]"
2026-02-17T22:24:50Z,R7-98IN-2PW8,,17.99,17.99,17.99,17.99,COMPLIANCE,"[""BINDING_CEILING_COMPLIANCE""]"
2026-02-17T22:24:50Z,RI-VSUS-0YTD,,17.99,17.99,17.99,17.99,COMPLIANCE,"[""BINDING_CEILING_COMPLIANCE""]"
2026-02-17T22:24:50Z,RW-AZK6-O4M2,,17.99,17.99,17.99,17.99,COMPLIANCE,"[""BINDING_CEILING_COMPLIANCE""]"
2026-02-17T22:24:50Z,RZ-6ZL9-CZ7J,,7.99,7.99,7.99,7.99,COMPLIANCE,"[""BINDING_CEILING_COMPLIANCE""]"
2026-02-17T22:24:50Z,TJ-6LOP-OPEU,,9.00,9.00,9.00,9.00,COMPLIANCE,"[""BINDING_CEILING_COMPLIANCE""]"
2026-02-17T22:24:50Z,TK-E7QE-T40G,,17.99,17.99,17.99,17.99,COMPLIANCE,"[""BINDING_CEILING_COMPLIANCE""]"
2026-02-17T22:24:50Z,UR-Q7TM-1F3I,,17.99,17.99,17.99,17.99,COMPLIANCE,"[""BINDING_CEILING_COMPLIANCE""]"
2026-02-17T22:24:50Z,US-AK96-YFSB,,17.99,17.99,17.99,17.99,COMPLIANCE,"[""BINDING_CEILING_COMPLIANCE""]"
2026-02-17T22:24:50Z,VF-3T0K-DR5O,,9.99,9.99,9.99,9.99,COMPLIANCE,"[""BINDING_CEILING_COMPLIANCE""]"
2026-02-17T22:24:50Z,VO-A6AR-18YS,,17.99,17.99,17.99,17.99,COMPLIANCE,"[""BINDING_CEILING_COMPLIANCE""]"
2026-02-17T22:24:50Z,VU-8KRA-QP5M,,17.99,17.99,17.99,17.99,COMPLIANCE,"[""BINDING_CEILING_COMPLIANCE""]"
2026-02-17T22:24:50Z,W3-8FN7-FSP0,,17.99,17.99,17.99,17.99,COMPLIANCE,"[""BINDING_CEILING_COMPLIANCE""]"
2026-02-17T22:24:50Z,WE-1Z7L-SA2I,,17.99,17.99,17.99,17.99,COMPLIANCE,"[""BINDING_CEILING_COMPLIANCE""]"
2026-02-17T22:24:50Z,X7-MY4W-H2I4,,17.99,17.99,17.99,17.99,COMPLIANCE,"[""BINDING_CEILING_COMPLIANCE""]"
2026-02-17T22:24:50Z,XE-27ZG-EZPZ,,17.99,17.99,17.99,17.99,COMPLIANCE,"[""BINDING_CEILING_COMPLIANCE""]"
2026-02-17T22:24:50Z,XE-YPAI-HX9F,,17.99,17.99,17.99,17.99,COMPLIANCE,"[""BINDING_CEILING_COMPLIANCE""]"
2026-02-17T22:24:50Z,XH-0LAE-FQO5,,8.99,8.99,8.99,8.99,COMPLIANCE,"[""BINDING_CEILING_COMPLIANCE""]"
2026-02-17T22:24:50Z,YC-3L3M-BV48,,109.45,109.45,109.45,109.45,COMPLIANCE,"[""BINDING_CEILING_COMPLIANCE""]"
2026-02-17T22:24:50Z,YO-EKK2-FRCC,,17.99,17.99,17.99,17.99,COMPLIANCE,"[""BINDING_CEILING_COMPLIANCE""]"
2026-02-17T22:24:50Z,Z7-26PV-O9LR,,17.99,17.99,17.99,17.99,COMPLIANCE,"[""BINDING_CEILING_COMPLIANCE""]"
2026-02-17T22:24:50Z,ZT-QPY3-P24I,,17.99,17.99,17.99,17.99,COMPLIANCE,"[""BINDING_CEILING_COMPLIANCE""]"
2026-02-17T22:44:30Z,0G-JB6S-PN34,,17.99,17.99,17.99,17.99,COMPLIANCE,"[""BINDING_CEILING_COMPLIANCE""]"
2026-02-17T22:44:30Z,0R-GRRH-W0Z9,,17.99,17.99,17.99,17.99,COMPLIANCE,"[""BINDING_CEILING_COMPLIANCE""]"
2026-02-17T22:44:30Z,2G-AYBQ-TUQG,,17.99,17.99,17.99,17.99,COMPLIANCE,"[""BINDING_CEILING_COMPLIANCE""]"
2026-02-17T22:44:30Z,3X-EXDD-TD2K,,17.99,17.99,17.99,17.99,COMPLIANCE,"[""BINDING_CEILING_COMPLIANCE""]"
2026-02-17T22:44:30Z,4W-VS57-BV6A,,44.99,44.99,44.99,44.99,COMPLIANCE,"[""BINDING_CEILING_COMPLIANCE""]"
2026-02-17T22:44:30Z,6Q-9G2A-IKVV,,17.99,17.99,17.99,17.99,COMPLIANCE,"[""BINDING_CEILING_COMPLIANCE""]"
2026-02-17T22:44:30Z,6V-EEC1-2S9Z,,10.64,10.64,10.64,10.64,COMPLIANCE,"[""BINDING_CEILING_COMPLIANCE""]"
2026-02-17T22:44:30Z,714810,,17.99,17.99,17.99,17.99,COMPLIANCE,"[""BINDING_CEILING_COMPLIANCE""]"
2026-02-17T22:44:30Z,7M-48OU-23X3,,17.99,17.99,17.99,17.99,COMPLIANCE,"[""BINDING_CEILING_COMPLIANCE""]"
2026-02-17T22:44:30Z,8M-LM6B-F2Q5,,17.99,17.99,17.99,17.99,COMPLIANCE,"[""BINDING_CEILING_COMPLIANCE""]"
2026-02-17T22:44:30Z,8M-NHB7-T8TR,,17.99,17.99,17.99,17.99,COMPLIANCE,"[""BINDING_CEILING_COMPLIANCE""]"
2026-02-17T22:44:30Z,8U-QPFH-3EKQ,,17.99,17.99,17.99,17.99,COMPLIANCE,"[""BINDING_CEILING_COMPLIANCE""]"
2026-02-17T22:44:30Z,9X-HL62-83C7,,17.99,17.99,17.99,17.99,COMPLIANCE,"[""BINDING_CEILING_COMPLIANCE""]"
2026-02-17T22:44:30Z,A2-T2AC-TW3L,,17.99,17.99,17.99,17.99,COMPLIANCE,"[""BINDING_CEILING_COMPLIANCE""]"
2026-02-17T22:44:30Z,AF-KIHX-ANYY,,17.99,17.99,17.99,17.99,COMPLIANCE,"[""BINDING_CEILING_COMPLIANCE""]"
2026-02-17T22:44:30Z,AX-NKNU-29C1,,3.99,3.99,3.99,3.99,COMPLIANCE,"[""BINDING_CEILING_COMPLIANCE""]"
2026-02-17T22:44:30Z,BL-WX51-KQOK,,17.99,17.99,17.99,17.99,COMPLIANCE,"[""BINDING_CEILING_COMPLIANCE""]"
2026-02-17T22:44:30Z,CJ-X0SS-QOUW,,17.99,17.99,17.99,17.99,COMPLIANCE,"[""BINDING_CEILING_COMPLIANCE""]"
2026-02-17T22:44:30Z,CX-SMCH-4DYA,,17.99,17.99,17.99,17.99,COMPLIANCE,"[""BINDING_CEILING_COMPLIANCE""]"
2026-02-17T22:44:30Z,D0-C7C0-H6LN,,17.99,17.99,17.99,17.99,COMPLIANCE,"[""BINDING_CEILING_COMPLIANCE""]"
2026-02-17T22:44:30Z,D8-1A3E-I37F,,17.99,17.99,17.99,17.99,COMPLIANCE,"[""BINDING_CEILING_COMPLIANCE""]"
2026-02-17T22:44:30Z,DC-K5WH-R7F5,,17.99,17.99,17.99,17.99,COMPLIANCE,"[""BINDING_CEILING_COMPLIANCE""]"
2026-02-17T22:44:30Z,EV-CHU5-XU3G,,17.99,17.99,17.99,17.99,COMPLIANCE,"[""BINDING_CEILING_COMPLIANCE""]"
2026-02-17T22:44:30Z,FB-6FW0-Z82Q,,17.99,17.99,17.99,17.99,COMPLIANCE,"[""BINDING_CEILING_COMPLIANCE""]"
2026-02-17T22:44:30Z,GA-9DTN-9O1E,,17.99,17.99,17.99,17.99,COMPLIANCE,"[""BINDING_CEILING_COMPLIANCE""]"
2026-02-17T22:44:30Z,H6-E7MP-EBPD,,17.99,17.99,17.99,17.99,COMPLIANCE,"[""BINDING_CEILING_COMPLIANCE""]"
2026-02-17T22:44:30Z,HL-03ZR-QPHH,,17.99,17.99,17.99,17.99,COMPLIANCE,"[""BINDING_CEILING_COMPLIANCE""]"
2026-02-17T22:44:30Z,HS-R5IP-7E1C,,17.99,17.99,17.99,17.99,COMPLIANCE,"[""BINDING_CEILING_COMPLIANCE""]"
2026-02-17T22:44:30Z,IJ-V0PQ-4CZ4,,17.99,17.99,17.99,17.99,COMPLIANCE,"[""BINDING_CEILING_COMPLIANCE""]"
2026-02-17T22:44:30Z,JB-RGB6-LZOJ,,9.99,9.99,9.99,9.99,COMPLIANCE,"[""BINDING_CEILING_COMPLIANCE""]"
2026-02-17T22:44:30Z,L1-54EX-56YC,,17.99,17.99,17.99,17.99,COMPLIANCE,"[""BINDING_CEILING_COMPLIANCE""]"
2026-02-17T22:44:30Z,L5-PF3B-WHU4,,17.99,17.99,17.99,17.99,COMPLIANCE,"[""BINDING_CEILING_COMPLIANCE""]"
2026-02-17T22:44:30Z,LP-QMNJ-J49G,,17.99,17.99,17.99,17.99,COMPLIANCE,"[""BINDING_CEILING_COMPLIANCE""]"
2026-02-17T22:44:30Z,LR-7GM6-1RCH,,17.99,17.99,17.99,17.99,COMPLIANCE,"[""BINDING_CEILING_COMPLIANCE""]"
2026-02-17T22:44:30Z,OV-LVEL-DQL6,,17.99,17.99,17.99,17.99,COMPLIANCE,"[""BINDING_CEILING_COMPLIANCE""]"
2026-02-17T22:44:30Z,R4-0AXZ-ZZ9D,,17.99,17.99,17.99,17.99,COMPLIANCE,"[""BINDING_CEILING_COMPLIANCE""]"
2026-02-17T22:44:30Z,R7-98IN-2PW8,,17.99,17.99,17.99,17.99,COMPLIANCE,"[""BINDING_CEILING_COMPLIANCE""]"
2026-02-17T22:44:30Z,RI-VSUS-0YTD,,17.99,17.99,17.99,17.99,COMPLIANCE,"[""BINDING_CEILING_COMPLIANCE""]"
2026-02-17T22:44:30Z,RW-AZK6-O4M2,,17.99,17.99,17.99,17.99,COMPLIANCE,"[""BINDING_CEILING_COMPLIANCE""]"
2026-02-17T22:44:30Z,RZ-6ZL9-CZ7J,,7.99,7.99,7.99,7.99,COMPLIANCE,"[""BINDING_CEILING_COMPLIANCE""]"
2026-02-17T22:44:30Z,TJ-6LOP-OPEU,,9.00,9.00,9.00,9.00,COMPLIANCE,"[""BINDING_CEILING_COMPLIANCE""]"
2026-02-17T22:44:30Z,TK-E7QE-T40G,,17.99,17.99,17.99,17.99,COMPLIANCE,"[""BINDING_CEILING_COMPLIANCE""]"
2026-02-17T22:44:30Z,UR-Q7TM-1F3I,,17.99,17.99,17.99,17.99,COMPLIANCE,"[""BINDING_CEILING_COMPLIANCE""]"
2026-02-17T22:44:30Z,US-AK96-YFSB,,17.99,17.99,17.99,17.99,COMPLIANCE,"[""BINDING_CEILING_COMPLIANCE""]"
2026-02-17T22:44:30Z,VF-3T0K-DR5O,,9.99,9.99,9.99,9.99,COMPLIANCE,"[""BINDING_CEILING_COMPLIANCE""]"
2026-02-17T22:44:30Z,VO-A6AR-18YS,,17.99,17.99,17.99,17.99,COMPLIANCE,"[""BINDING_CEILING_COMPLIANCE""]"
2026-02-17T22:44:30Z,VU-8KRA-QP5M,,17.99,17.99,17.99,17.99,COMPLIANCE,"[""BINDING_CEILING_COMPLIANCE""]"
2026-02-17T22:44:30Z,W3-8FN7-FSP0,,17.99,17.99,17.99,17.99,COMPLIANCE,"[""BINDING_CEILING_COMPLIANCE""]"
2026-02-17T22:44:30Z,WE-1Z7L-SA2I,,17.99,17.99,17.99,17.99,COMPLIANCE,"[""BINDING_CEILING_COMPLIANCE""]"
2026-02-17T22:44:30Z,X7-MY4W-H2I4,,17.99,17.99,17.99,17.99,COMPLIANCE,"[""BINDING_CEILING_COMPLIANCE""]"
2026-02-17T22:44:30Z,XE-27ZG-EZPZ,,17.99,17.99,17.99,17.99,COMPLIANCE,"[""BINDING_CEILING_COMPLIANCE""]"
2026-02-17T22:44:30Z,XE-YPAI-HX9F,,17.99,17.99,17.99,17.99,COMPLIANCE,"[""BINDING_CEILING_COMPLIANCE""]"
2026-02-17T22:44:30Z,XH-0LAE-FQO5,,8.99,8.99,8.99,8.99,COMPLIANCE,"[""BINDING_CEILING_COMPLIANCE""]"
2026-02-17T22:44:30Z,YC-3L3M-BV48,,109.45,109.45,109.45,109.45,COMPLIANCE,"[""BINDING_CEILING_COMPLIANCE""]"
2026-02-17T22:44:30Z,YO-EKK2-FRCC,,17.99,17.99,17.99,17.99,COMPLIANCE,"[""BINDING_CEILING_COMPLIANCE""]"
2026-02-17T22:44:30Z,Z7-26PV-O9LR,,17.99,17.99,17.99,17.99,COMPLIANCE,"[""BINDING_CEILING_COMPLIANCE""]"
2026-02-17T22:44:30Z,ZT-QPY3-P24I,,17.99,17.99,17.99,17.99,COMPLIANCE,"[""BINDING_CEILING_COMPLIANCE""]"
2026-02-17T23:04:18Z,0G-JB6S-PN34,,17.99,17.99,17.99,17.99,COMPLIANCE,"[""BINDING_CEILING_COMPLIANCE""]"
2026-02-17T23:04:18Z,0R-GRRH-W0Z9,,17.99,17.99,17.99,17.99,COMPLIANCE,"[""BINDING_CEILING_COMPLIANCE""]"
2026-02-17T23:04:18Z,2G-AYBQ-TUQG,,17.99,17.99,17.99,17.99,COMPLIANCE,"[""BINDING_CEILING_COMPLIANCE""]"
2026-02-17T23:04:18Z,3X-EXDD-TD2K,,17.99,17.99,17.99,17.99,COMPLIANCE,"[""BINDING_CEILING_COMPLIANCE""]"
2026-02-17T23:04:18Z,4W-VS57-BV6A,,44.99,44.99,44.99,44.99,COMPLIANCE,"[""BINDING_CEILING_COMPLIANCE""]"
2026-02-17T23:04:18Z,6Q-9G2A-IKVV,,17.99,17.99,17.99,17.99,COMPLIANCE,"[""BINDING_CEILING_COMPLIANCE""]"
2026-02-17T23:04:18Z,6V-EEC1-2S9Z,,10.64,10.64,10.64,10.64,COMPLIANCE,"[""BINDING_CEILING_COMPLIANCE""]"
2026-02-17T23:04:18Z,714810,,17.99,17.99,17.99,17.99,COMPLIANCE,"[""BINDING_CEILING_COMPLIANCE""]"
2026-02-17T23:04:18Z,7M-48OU-23X3,,17.99,17.99,17.99,17.99,COMPLIANCE,"[""BINDING_CEILING_COMPLIANCE""]"
2026-02-17T23:04:18Z,8M-LM6B-F2Q5,,17.99,17.99,17.99,17.99,COMPLIANCE,"[""BINDING_CEILING_COMPLIANCE""]"
2026-02-17T23:04:18Z,8M-NHB7-T8TR,,17.99,17.99,17.99,17.99,COMPLIANCE,"[""BINDING_CEILING_COMPLIANCE""]"
2026-02-17T23:04:18Z,8U-QPFH-3EKQ,,17.99,17.99,17.99,17.99,COMPLIANCE,"[""BINDING_CEILING_COMPLIANCE""]"
2026-02-17T23:04:18Z,9X-HL62-83C7,,17.99,17.99,17.99,17.99,COMPLIANCE,"[""BINDING_CEILING_COMPLIANCE""]"
2026-02-17T23:04:18Z,A2-T2AC-TW3L,,17.99,17.99,17.99,17.99,COMPLIANCE,"[""BINDING_CEILING_COMPLIANCE""]"
2026-02-17T23:04:18Z,AF-KIHX-ANYY,,17.99,17.99,17.99,17.99,COMPLIANCE,"[""BINDING_CEILING_COMPLIANCE""]"
2026-02-17T23:04:18Z,AX-NKNU-29C1,,3.99,3.99,3.99,3.99,COMPLIANCE,"[""BINDING_CEILING_COMPLIANCE""]"
2026-02-17T23:04:18Z,BL-WX51-KQOK,,17.99,17.99,17.99,17.99,COMPLIANCE,"[""BINDING_CEILING_COMPLIANCE""]"
2026-02-17T23:04:18Z,CJ-X0SS-QOUW,,17.99,17.99,17.99,17.99,COMPLIANCE,"[""BINDING_CEILING_COMPLIANCE""]"
2026-02-17T23:04:18Z,CX-SMCH-4DYA,,17.99,17.99,17.99,17.99,COMPLIANCE,"[""BINDING_CEILING_COMPLIANCE""]"
2026-02-17T23:04:18Z,D0-C7C0-H6LN,,17.99,17.99,17.99,17.99,COMPLIANCE,"[""BINDING_CEILING_COMPLIANCE""]"
2026-02-17T23:04:18Z,D8-1A3E-I37F,,17.99,17.99,17.99,17.99,COMPLIANCE,"[""BINDING_CEILING_COMPLIANCE""]"
2026-02-17T23:04:18Z,DC-K5WH-R7F5,,17.99,17.99,17.99,17.99,COMPLIANCE,"[""BINDING_CEILING_COMPLIANCE""]"
2026-02-17T23:04:18Z,EV-CHU5-XU3G,,17.99,17.99,17.99,17.99,COMPLIANCE,"[""BINDING_CEILING_COMPLIANCE""]"
2026-02-17T23:04:18Z,FB-6FW0-Z82Q,,17.99,17.99,17.99,17.99,COMPLIANCE,"[""BINDING_CEILING_COMPLIANCE""]"
2026-02-17T23:04:18Z,GA-9DTN-9O1E,,17.99,17.99,17.99,17.99,COMPLIANCE,"[""BINDING_CEILING_COMPLIANCE""]"
2026-02-17T23:04:18Z,H6-E7MP-EBPD,,17.99,17.99,17.99,17.99,COMPLIANCE,"[""BINDING_CEILING_COMPLIANCE""]"
2026-02-17T23:04:18Z,HL-03ZR-QPHH,,17.99,17.99,17.99,17.99,COMPLIANCE,"[""BINDING_CEILING_COMPLIANCE""]"
2026-02-17T23:04:18Z,HS-R5IP-7E1C,,17.99,17.99,17.99,17.99,COMPLIANCE,"[""BINDING_CEILING_COMPLIANCE""]"
2026-02-17T23:04:18Z,IJ-V0PQ-4CZ4,,17.99,17.99,17.99,17.99,COMPLIANCE,"[""BINDING_CEILING_COMPLIANCE""]"
2026-02-17T23:04:18Z,JB-RGB6-LZOJ,,9.99,9.99,9.99,9.99,COMPLIANCE,"[""BINDING_CEILING_COMPLIANCE""]"
2026-02-17T23:04:18Z,L1-54EX-56YC,,17.99,17.99,17.99,17.99,COMPLIANCE,"[""BINDING_CEILING_COMPLIANCE""]"
2026-02-17T23:04:18Z,L5-PF3B-WHU4,,17.99,17.99,17.99,17.99,COMPLIANCE,"[""BINDING_CEILING_COMPLIANCE""]"
2026-02-17T23:04:18Z,LP-QMNJ-J49G,,17.99,17.99,17.99,17.99,COMPLIANCE,"[""BINDING_CEILING_COMPLIANCE""]"
2026-02-17T23:04:18Z,LR-7GM6-1RCH,,17.99,17.99,17.99,17.99,COMPLIANCE,"[""BINDING_CEILING_COMPLIANCE""]"
2026-02-17T23:04:18Z,OV-LVEL-DQL6,,17.99,17.99,17.99,17.99,COMPLIANCE,"[""BINDING_CEILING_COMPLIANCE""]"
2026-02-17T23:04:18Z,R4-0AXZ-ZZ9D,,17.99,17.99,17.99,17.99,COMPLIANCE,"[""BINDING_CEILING_COMPLIANCE""]"
2026-02-17T23:04:18Z,R7-98IN-2PW8,,17.99,17.99,17.99,17.99,COMPLIANCE,"[""BINDING_CEILING_COMPLIANCE""]"
2026-02-17T23:04:18Z,RI-VSUS-0YTD,,17.99,17.99,17.99,17.99,COMPLIANCE,"[""BINDING_CEILING_COMPLIANCE""]"
2026-02-17T23:04:18Z,RW-AZK6-O4M2,,17.99,17.99,17.99,17.99,COMPLIANCE,"[""BINDING_CEILING_COMPLIANCE""]"
2026-02-17T23:04:18Z,RZ-6ZL9-CZ7J,,7.99,7.99,7.99,7.99,COMPLIANCE,"[""BINDING_CEILING_COMPLIANCE""]"
2026-02-17T23:04:18Z,TJ-6LOP-OPEU,,9.00,9.00,9.00,9.00,COMPLIANCE,"[""BINDING_CEILING_COMPLIANCE""]"
2026-02-17T23:04:18Z,TK-E7QE-T40G,,17.99,17.99,17.99,17.99,COMPLIANCE,"[""BINDING_CEILING_COMPLIANCE""]"
2026-02-17T23:04:18Z,UR-Q7TM-1F3I,,17.99,17.99,17.99,17.99,COMPLIANCE,"[""BINDING_CEILING_COMPLIANCE""]"
2026-02-17T23:04:18Z,US-AK96-YFSB,,17.99,17.99,17.99,17.99,COMPLIANCE,"[""BINDING_CEILING_COMPLIANCE""]"
2026-02-17T23:04:18Z,VF-3T0K-DR5O,,9.99,9.99,9.99,9.99,COMPLIANCE,"[""BINDING_CEILING_COMPLIANCE""]"
2026-02-17T23:04:18Z,VO-A6AR-18YS,,17.99,17.99,17.99,17.99,COMPLIANCE,"[""BINDING_CEILING_COMPLIANCE""]"
2026-02-17T23:04:18Z,VU-8KRA-QP5M,,17.99,17.99,17.99,17.99,COMPLIANCE,"[""BINDING_CEILING_COMPLIANCE""]"
2026-02-17T23:04:18Z,W3-8FN7-FSP0,,17.99,17.99,17.99,17.99,COMPLIANCE,"[""BINDING_CEILING_COMPLIANCE""]"
2026-02-17T23:04:18Z,WE-1Z7L-SA2I,,17.99,17.99,17.99,17.99,COMPLIANCE,"[""BINDING_CEILING_COMPLIANCE""]"
2026-02-17T23:04:18Z,X7-MY4W-H2I4,,17.99,17.99,17.99,17.99,COMPLIANCE,"[""BINDING_CEILING_COMPLIANCE""]"
2026-02-17T23:04:18Z,XE-27ZG-EZPZ,,17.99,17.99,17.99,17.99,COMPLIANCE,"[""BINDING_CEILING_COMPLIANCE""]"
2026-02-17T23:04:18Z,XE-YPAI-HX9F,,17.99,17.99,17.99,17.99,COMPLIANCE,"[""BINDING_CEILING_COMPLIANCE""]"
2026-02-17T23:04:18Z,XH-0LAE-FQO5,,8.99,8.99,8.99,8.99,COMPLIANCE,"[""BINDING_CEILING_COMPLIANCE""]"
2026-02-17T23:04:18Z,YC-3L3M-BV48,,109.45,109.45,109.45,109.45,COMPLIANCE,"[""BINDING_CEILING_COMPLIANCE""]"
2026-02-17T23:04:18Z,YO-EKK2-FRCC,,17.99,17.99,17.99,17.99,COMPLIANCE,"[""BINDING_CEILING_COMPLIANCE""]"
2026-02-17T23:04:18Z,Z7-26PV-O9LR,,17.99,17.99,17.99,17.99,COMPLIANCE,"[""BINDING_CEILING_COMPLIANCE""]"
2026-02-17T23:04:18Z,ZT-QPY3-P24I,,17.99,17.99,17.99,17.99,COMPLIANCE,"[""BINDING_CEILING_COMPLIANCE""]"
2026-02-17T23:23:53Z,0G-JB6S-PN34,,17.99,17.99,17.99,17.99,COMPLIANCE,"[""BINDING_CEILING_COMPLIANCE""]"
2026-02-17T23:23:53Z,0R-GRRH-W0Z9,,17.99,17.99,17.99,17.99,COMPLIANCE,"[""BINDING_CEILING_COMPLIANCE""]"
2026-02-17T23:23:53Z,2G-AYBQ-TUQG,,17.99,17.99,17.99,17.99,COMPLIANCE,"[""BINDING_CEILING_COMPLIANCE""]"
2026-02-17T23:23:53Z,3X-EXDD-TD2K,,17.99,17.99,17.99,17.99,COMPLIANCE,"[""BINDING_CEILING_COMPLIANCE""]"
2026-02-17T23:23:53Z,4W-VS57-BV6A,,44.99,44.99,44.99,44.99,COMPLIANCE,"[""BINDING_CEILING_COMPLIANCE""]"
2026-02-17T23:23:53Z,6Q-9G2A-IKVV,,17.99,17.99,17.99,17.99,COMPLIANCE,"[""BINDING_CEILING_COMPLIANCE""]"
2026-02-17T23:23:53Z,6V-EEC1-2S9Z,,10.64,10.64,10.64,10.64,COMPLIANCE,"[""BINDING_CEILING_COMPLIANCE""]"
2026-02-17T23:23:53Z,714810,,17.99,17.99,17.99,17.99,COMPLIANCE,"[""BINDING_CEILING_COMPLIANCE""]"
2026-02-17T23:23:53Z,7M-48OU-23X3,,17.99,17.99,17.99,17.99,COMPLIANCE,"[""BINDING_CEILING_COMPLIANCE""]"
2026-02-17T23:23:53Z,8M-LM6B-F2Q5,,17.99,17.99,17.99,17.99,COMPLIANCE,"[""BINDING_CEILING_COMPLIANCE""]"
2026-02-17T23:23:53Z,8M-NHB7-T8TR,,17.99,17.99,17.99,17.99,COMPLIANCE,"[""BINDING_CEILING_COMPLIANCE""]"
2026-02-17T23:23:53Z,8U-QPFH-3EKQ,,17.99,17.99,17.99,17.99,COMPLIANCE,"[""BINDING_CEILING_COMPLIANCE""]"
2026-02-17T23:23:53Z,9X-HL62-83C7,,17.99,17.99,17.99,17.99,COMPLIANCE,"[""BINDING_CEILING_COMPLIANCE""]"
2026-02-17T23:23:53Z,A2-T2AC-TW3L,,17.99,17.99,17.99,17.99,COMPLIANCE,"[""BINDING_CEILING_COMPLIANCE""]"
2026-02-17T23:23:53Z,AF-KIHX-ANYY,,17.99,17.99,17.99,17.99,COMPLIANCE,"[""BINDING_CEILING_COMPLIANCE""]"
2026-02-17T23:23:53Z,AX-NKNU-29C1,,3.99,3.99,3.99,3.99,COMPLIANCE,"[""BINDING_CEILING_COMPLIANCE""]"
2026-02-17T23:23:53Z,BL-WX51-KQOK,,17.99,17.99,17.99,17.99,COMPLIANCE,"[""BINDING_CEILING_COMPLIANCE""]"
2026-02-17T23:23:53Z,CJ-X0SS-QOUW,,17.99,17.99,17.99,17.99,COMPLIANCE,"[""BINDING_CEILING_COMPLIANCE""]"
2026-02-17T23:23:53Z,CX-SMCH-4DYA,,17.99,17.99,17.99,17.99,COMPLIANCE,"[""BINDING_CEILING_COMPLIANCE""]"
2026-02-17T23:23:53Z,D0-C7C0-H6LN,,17.99,17.99,17.99,17.99,COMPLIANCE,"[""BINDING_CEILING_COMPLIANCE""]"
2026-02-17T23:23:53Z,D8-1A3E-I37F,,17.99,17.99,17.99,17.99,COMPLIANCE,"[""BINDING_CEILING_COMPLIANCE""]"
2026-02-17T23:23:53Z,DC-K5WH-R7F5,,17.99,17.99,17.99,17.99,COMPLIANCE,"[""BINDING_CEILING_COMPLIANCE""]"
2026-02-17T23:23:53Z,EV-CHU5-XU3G,,17.99,17.99,17.99,17.99,COMPLIANCE,"[""BINDING_CEILING_COMPLIANCE""]"
2026-02-17T23:23:53Z,FB-6FW0-Z82Q,,17.99,17.99,17.99,17.99,COMPLIANCE,"[""BINDING_CEILING_COMPLIANCE""]"
2026-02-17T23:23:53Z,GA-9DTN-9O1E,,17.99,17.99,17.99,17.99,COMPLIANCE,"[""BINDING_CEILING_COMPLIANCE""]"
2026-02-17T23:23:53Z,H6-E7MP-EBPD,,17.99,17.99,17.99,17.99,COMPLIANCE,"[""BINDING_CEILING_COMPLIANCE""]"
2026-02-17T23:23:53Z,HL-03ZR-QPHH,,17.99,17.99,17.99,17.99,COMPLIANCE,"[""BINDING_CEILING_COMPLIANCE""]"
2026-02-17T23:23:53Z,HS-R5IP-7E1C,,17.99,17.99,17.99,17.99,COMPLIANCE,"[""BINDING_CEILING_COMPLIANCE""]"
2026-02-17T23:23:53Z,IJ-V0PQ-4CZ4,,17.99,17.99,17.99,17.99,COMPLIANCE,"[""BINDING_CEILING_COMPLIANCE""]"
2026-02-17T23:23:53Z,JB-RGB6-LZOJ,,9.99,9.99,9.99,9.99,COMPLIANCE,"[""BINDING_CEILING_COMPLIANCE""]"
2026-02-17T23:23:53Z,L1-54EX-56YC,,17.99,17.99,17.99,17.99,COMPLIANCE,"[""BINDING_CEILING_COMPLIANCE""]"
2026-02-17T23:23:53Z,L5-PF3B-WHU4,,17.99,17.99,17.99,17.99,COMPLIANCE,"[""BINDING_CEILING_COMPLIANCE""]"
2026-02-17T23:23:53Z,LP-QMNJ-J49G,,17.99,17.99,17.99,17.99,COMPLIANCE,"[""BINDING_CEILING_COMPLIANCE""]"
2026-02-17T23:23:53Z,LR-7GM6-1RCH,,17.99,17.99,17.99,17.99,COMPLIANCE,"[""BINDING_CEILING_COMPLIANCE""]"
2026-02-17T23:23:53Z,OV-LVEL-DQL6,,17.99,17.99,17.99,17.99,COMPLIANCE,"[""BINDING_CEILING_COMPLIANCE""]"
2026-02-17T23:23:53Z,R4-0AXZ-ZZ9D,,17.99,17.99,17.99,17.99,COMPLIANCE,"[""BINDING_CEILING_COMPLIANCE""]"
2026-02-17T23:23:53Z,R7-98IN-2PW8,,17.99,17.99,17.99,17.99,COMPLIANCE,"[""BINDING_CEILING_COMPLIANCE""]"
2026-02-17T23:23:53Z,RI-VSUS-0YTD,,17.99,17.99,17.99,17.99,COMPLIANCE,"[""BINDING_CEILING_COMPLIANCE""]"
2026-02-17T23:23:53Z,RW-AZK6-O4M2,,17.99,17.99,17.99,17.99,COMPLIANCE,"[""BINDING_CEILING_COMPLIANCE""]"
2026-02-17T23:23:53Z,RZ-6ZL9-CZ7J,,7.99,7.99,7.99,7.99,COMPLIANCE,"[""BINDING_CEILING_COMPLIANCE""]"
2026-02-17T23:23:53Z,TJ-6LOP-OPEU,,9.00,9.00,9.00,9.00,COMPLIANCE,"[""BINDING_CEILING_COMPLIANCE""]"
2026-02-17T23:23:53Z,TK-E7QE-T40G,,17.99,17.99,17.99,17.99,COMPLIANCE,"[""BINDING_CEILING_COMPLIANCE""]"
2026-02-17T23:23:53Z,UR-Q7TM-1F3I,,17.99,17.99,17.99,17.99,COMPLIANCE,"[""BINDING_CEILING_COMPLIANCE""]"
2026-02-17T23:23:53Z,US-AK96-YFSB,,17.99,17.99,17.99,17.99,COMPLIANCE,"[""BINDING_CEILING_COMPLIANCE""]"
2026-02-17T23:23:53Z,VF-3T0K-DR5O,,9.99,9.99,9.99,9.99,COMPLIANCE,"[""BINDING_CEILING_COMPLIANCE""]"
2026-02-17T23:23:53Z,VO-A6AR-18YS,,17.99,17.99,17.99,17.99,COMPLIANCE,"[""BINDING_CEILING_COMPLIANCE""]"
2026-02-17T23:23:53Z,VU-8KRA-QP5M,,17.99,17.99,17.99,17.99,COMPLIANCE,"[""BINDING_CEILING_COMPLIANCE""]"
2026-02-17T23:23:53Z,W3-8FN7-FSP0,,17.99,17.99,17.99,17.99,COMPLIANCE,"[""BINDING_CEILING_COMPLIANCE""]"
2026-02-17T23:23:53Z,WE-1Z7L-SA2I,,17.99,17.99,17.99,17.99,COMPLIANCE,"[""BINDING_CEILING_COMPLIANCE""]"
2026-02-17T23:23:53Z,X7-MY4W-H2I4,,17.99,17.99,17.99,17.99,COMPLIANCE,"[""BINDING_CEILING_COMPLIANCE""]"
2026-02-17T23:23:53Z,XE-27ZG-EZPZ,,17.99,17.99,17.99,17.99,COMPLIANCE,"[""BINDING_CEILING_COMPLIANCE""]"
2026-02-17T23:23:53Z,XE-YPAI-HX9F,,17.99,17.99,17.99,17.99,COMPLIANCE,"[""BINDING_CEILING_COMPLIANCE""]"
2026-02-17T23:23:53Z,XH-0LAE-FQO5,,8.99,8.99,8.99,8.99,COMPLIANCE,"[""BINDING_CEILING_COMPLIANCE""]"
2026-02-17T23:23:53Z,YC-3L3M-BV48,,109.45,109.45,109.45,109.45,COMPLIANCE,"[""BINDING_CEILING_COMPLIANCE""]"
2026-02-17T23:23:53Z,YO-EKK2-FRCC,,17.99,17.99,17.99,17.99,COMPLIANCE,"[""BINDING_CEILING_COMPLIANCE""]"
2026-02-17T23:23:53Z,Z7-26PV-O9LR,,17.99,17.99,17.99,17.99,COMPLIANCE,"[""BINDING_CEILING_COMPLIANCE""]"
2026-02-17T23:23:53Z,ZT-QPY3-P24I,,17.99,17.99,17.99,17.99,COMPLIANCE,"[""BINDING_CEILING_COMPLIANCE""]"
2026-02-17T23:43:28Z,0G-JB6S-PN34,,17.99,17.99,17.99,17.99,COMPLIANCE,"[""BINDING_CEILING_COMPLIANCE""]"
2026-02-17T23:43:28Z,0R-GRRH-W0Z9,,17.99,17.99,17.99,17.99,COMPLIANCE,"[""BINDING_CEILING_COMPLIANCE""]"
2026-02-17T23:43:28Z,2G-AYBQ-TUQG,,17.99,17.99,17.99,17.99,COMPLIANCE,"[""BINDING_CEILING_COMPLIANCE""]"
2026-02-17T23:43:28Z,3X-EXDD-TD2K,,17.99,17.99,17.99,17.99,COMPLIANCE,"[""BINDING_CEILING_COMPLIANCE""]"
2026-02-17T23:43:28Z,4W-VS57-BV6A,,44.99,44.99,44.99,44.99,COMPLIANCE,"[""BINDING_CEILING_COMPLIANCE""]"
2026-02-17T23:43:28Z,6Q-9G2A-IKVV,,17.99,17.99,17.99,17.99,COMPLIANCE,"[""BINDING_CEILING_COMPLIANCE""]"
2026-02-17T23:43:28Z,6V-EEC1-2S9Z,,10.64,10.64,10.64,10.64,COMPLIANCE,"[""BINDING_CEILING_COMPLIANCE""]"
2026-02-17T23:43:28Z,714810,,17.99,17.99,17.99,17.99,COMPLIANCE,"[""BINDING_CEILING_COMPLIANCE""]"
2026-02-17T23:43:28Z,7M-48OU-23X3,,17.99,17.99,17.99,17.99,COMPLIANCE,"[""BINDING_CEILING_COMPLIANCE""]"
2026-02-17T23:43:28Z,8M-LM6B-F2Q5,,17.99,17.99,17.99,17.99,COMPLIANCE,"[""BINDING_CEILING_COMPLIANCE""]"
2026-02-17T23:43:28Z,8M-NHB7-T8TR,,17.99,17.99,17.99,17.99,COMPLIANCE,"[""BINDING_CEILING_COMPLIANCE""]"
2026-02-17T23:43:28Z,8U-QPFH-3EKQ,,17.99,17.99,17.99,17.99,COMPLIANCE,"[""BINDING_CEILING_COMPLIANCE""]"
2026-02-17T23:43:28Z,9X-HL62-83C7,,17.99,17.99,17.99,17.99,COMPLIANCE,"[""BINDING_CEILING_COMPLIANCE""]"
2026-02-17T23:43:28Z,A2-T2AC-TW3L,,17.99,17.99,17.99,17.99,COMPLIANCE,"[""BINDING_CEILING_COMPLIANCE""]"
2026-02-17T23:43:28Z,AF-KIHX-ANYY,,17.99,17.99,17.99,17.99,COMPLIANCE,"[""BINDING_CEILING_COMPLIANCE""]"
2026-02-17T23:43:28Z,AX-NKNU-29C1,,3.99,3.99,3.99,3.99,COMPLIANCE,"[""BINDING_CEILING_COMPLIANCE""]"
2026-02-17T23:43:28Z,BL-WX51-KQOK,,17.99,17.99,17.99,17.99,COMPLIANCE,"[""BINDING_CEILING_COMPLIANCE""]"
2026-02-17T23:43:28Z,CJ-X0SS-QOUW,,17.99,17.99,17.99,17.99,COMPLIANCE,"[""BINDING_CEILING_COMPLIANCE""]"
2026-02-17T23:43:28Z,CX-SMCH-4DYA,,17.99,17.99,17.99,17.99,COMPLIANCE,"[""BINDING_CEILING_COMPLIANCE""]"
2026-02-17T23:43:28Z,D0-C7C0-H6LN,,17.99,17.99,17.99,17.99,COMPLIANCE,"[""BINDING_CEILING_COMPLIANCE""]"
2026-02-17T23:43:28Z,D8-1A3E-I37F,,17.99,17.99,17.99,17.99,COMPLIANCE,"[""BINDING_CEILING_COMPLIANCE""]"
2026-02-17T23:43:28Z,DC-K5WH-R7F5,,17.99,17.99,17.99,17.99,COMPLIANCE,"[""BINDING_CEILING_COMPLIANCE""]"
2026-02-17T23:43:28Z,EV-CHU5-XU3G,,17.99,17.99,17.99,17.99,COMPLIANCE,"[""BINDING_CEILING_COMPLIANCE""]"
2026-02-17T23:43:28Z,FB-6FW0-Z82Q,,17.99,17.99,17.99,17.99,COMPLIANCE,"[""BINDING_CEILING_COMPLIANCE""]"
2026-02-17T23:43:28Z,GA-9DTN-9O1E,,17.99,17.99,17.99,17.99,COMPLIANCE,"[""BINDING_CEILING_COMPLIANCE""]"
2026-02-17T23:43:28Z,H6-E7MP-EBPD,,17.99,17.99,17.99,17.99,COMPLIANCE,"[""BINDING_CEILING_COMPLIANCE""]"
2026-02-17T23:43:28Z,HL-03ZR-QPHH,,17.99,17.99,17.99,17.99,COMPLIANCE,"[""BINDING_CEILING_COMPLIANCE""]"
2026-02-17T23:43:28Z,HS-R5IP-7E1C,,17.99,17.99,17.99,17.99,COMPLIANCE,"[""BINDING_CEILING_COMPLIANCE""]"
2026-02-17T23:43:28Z,IJ-V0PQ-4CZ4,,17.99,17.99,17.99,17.99,COMPLIANCE,"[""BINDING_CEILING_COMPLIANCE""]"
2026-02-17T23:43:28Z,JB-RGB6-LZOJ,,9.99,9.99,9.99,9.99,COMPLIANCE,"[""BINDING_CEILING_COMPLIANCE""]"
2026-02-17T23:43:28Z,L1-54EX-56YC,,17.99,17.99,17.99,17.99,COMPLIANCE,"[""BINDING_CEILING_COMPLIANCE""]"
2026-02-17T23:43:28Z,L5-PF3B-WHU4,,17.99,17.99,17.99,17.99,COMPLIANCE,"[""BINDING_CEILING_COMPLIANCE""]"
2026-02-17T23:43:28Z,LP-QMNJ-J49G,,17.99,17.99,17.99,17.99,COMPLIANCE,"[""BINDING_CEILING_COMPLIANCE""]"
2026-02-17T23:43:28Z,LR-7GM6-1RCH,,17.99,17.99,17.99,17.99,COMPLIANCE,"[""BINDING_CEILING_COMPLIANCE""]"
2026-02-17T23:43:28Z,OV-LVEL-DQL6,,17.99,17.99,17.99,17.99,COMPLIANCE,"[""BINDING_CEILING_COMPLIANCE""]"
2026-02-17T23:43:28Z,R4-0AXZ-ZZ9D,,17.99,17.99,17.99,17.99,COMPLIANCE,"[""BINDING_CEILING_COMPLIANCE""]"
2026-02-17T23:43:28Z,R7-98IN-2PW8,,17.99,17.99,17.99,17.99,COMPLIANCE,"[""BINDING_CEILING_COMPLIANCE""]"
2026-02-17T23:43:28Z,RI-VSUS-0YTD,,17.99,17.99,17.99,17.99,COMPLIANCE,"[""BINDING_CEILING_COMPLIANCE""]"
2026-02-17T23:43:28Z,RW-AZK6-O4M2,,17.99,17.99,17.99,17.99,COMPLIANCE,"[""BINDING_CEILING_COMPLIANCE""]"
2026-02-17T23:43:28Z,RZ-6ZL9-CZ7J,,7.99,7.99,7.99,7.99,COMPLIANCE,"[""BINDING_CEILING_COMPLIANCE""]"
2026-02-17T23:43:28Z,TJ-6LOP-OPEU,,9.00,9.00,9.00,9.00,COMPLIANCE,"[""BINDING_CEILING_COMPLIANCE""]"
2026-02-17T23:43:28Z,TK-E7QE-T40G,,17.99,17.99,17.99,17.99,COMPLIANCE,"[""BINDING_CEILING_COMPLIANCE""]"
2026-02-17T23:43:28Z,UR-Q7TM-1F3I,,17.99,17.99,17.99,17.99,COMPLIANCE,"[""BINDING_CEILING_COMPLIANCE""]"
2026-02-17T23:43:28Z,US-AK96-YFSB,,17.99,17.99,17.99,17.99,COMPLIANCE,"[""BINDING_CEILING_COMPLIANCE""]"
2026-02-17T23:43:28Z,VF-3T0K-DR5O,,9.99,9.99,9.99,9.99,COMPLIANCE,"[""BINDING_CEILING_COMPLIANCE""]"
2026-02-17T23:43:28Z,VO-A6AR-18YS,,17.99,17.99,17.99,17.99,COMPLIANCE,"[""BINDING_CEILING_COMPLIANCE""]"
2026-02-17T23:43:28Z,VU-8KRA-QP5M,,17.99,17.99,17.99,17.99,COMPLIANCE,"[""BINDING_CEILING_COMPLIANCE""]"
2026-02-17T23:43:28Z,W3-8FN7-FSP0,,17.99,17.99,17.99,17.99,COMPLIANCE,"[""BINDING_CEILING_COMPLIANCE""]"
2026-02-17T23:43:28Z,WE-1Z7L-SA2I,,17.99,17.99,17.99,17.99,COMPLIANCE,"[""BINDING_CEILING_COMPLIANCE""]"
2026-02-17T23:43:28Z,X7-MY4W-H2I4,,17.99,17.99,17.99,17.99,COMPLIANCE,"[""BINDING_CEILING_COMPLIANCE""]"
2026-02-17T23:43:28Z,XE-27ZG-EZPZ,,17.99,17.99,17.99,17.99,COMPLIANCE,"[""BINDING_CEILING_COMPLIANCE""]"
2026-02-17T23:43:28Z,XE-YPAI-HX9F,,17.99,17.99,17.99,17.99,COMPLIANCE,"[""BINDING_CEILING_COMPLIANCE""]"
2026-02-17T23:43:28Z,XH-0LAE-FQO5,,8.99,8.99,8.99,8.99,COMPLIANCE,"[""BINDING_CEILING_COMPLIANCE""]"
2026-02-17T23:43:28Z,YC-3L3M-BV48,,109.45,109.45,109.45,109.45,COMPLIANCE,"[""BINDING_CEILING_COMPLIANCE""]"
2026-02-17T23:43:28Z,YO-EKK2-FRCC,,17.99,17.99,17.99,17.99,COMPLIANCE,"[""BINDING_CEILING_COMPLIANCE""]"
2026-02-17T23:43:28Z,Z7-26PV-O9LR,,17.99,17.99,17.99,17.99,COMPLIANCE,"[""BINDING_CEILING_COMPLIANCE""]"
2026-02-17T23:43:28Z,ZT-QPY3-P24I,,17.99,17.99,17.99,17.99,COMPLIANCE,"[""BINDING_CEILING_COMPLIANCE""]"
2026-02-18T06:33:47Z,0G-JB6S-PN34,,17.99,17.99,17.99,17.99,COMPLIANCE,"[""BINDING_CEILING_COMPLIANCE""]"
2026-02-18T06:33:47Z,0R-GRRH-W0Z9,,17.99,17.99,17.99,17.99,COMPLIANCE,"[""BINDING_CEILING_COMPLIANCE""]"
2026-02-18T06:33:47Z,2G-AYBQ-TUQG,,17.99,17.99,17.99,17.99,COMPLIANCE,"[""BINDING_CEILING_COMPLIANCE""]"
2026-02-18T06:33:47Z,3X-EXDD-TD2K,,17.99,17.99,17.99,17.99,COMPLIANCE,"[""BINDING_CEILING_COMPLIANCE""]"
2026-02-18T06:33:47Z,4W-VS57-BV6A,,44.99,44.99,44.99,44.99,COMPLIANCE,"[""BINDING_CEILING_COMPLIANCE""]"
2026-02-18T06:33:47Z,6Q-9G2A-IKVV,,17.99,17.99,17.99,17.99,COMPLIANCE,"[""BINDING_CEILING_COMPLIANCE""]"
2026-02-18T06:33:47Z,6V-EEC1-2S9Z,,10.64,10.64,10.64,10.64,COMPLIANCE,"[""BINDING_CEILING_COMPLIANCE""]"
2026-02-18T06:33:47Z,714810,,17.99,17.99,17.99,17.99,COMPLIANCE,"[""BINDING_CEILING_COMPLIANCE""]"
2026-02-18T06:38:36Z,0G-JB6S-PN34,,17.99,17.99,17.99,17.99,COMPLIANCE,"[""BINDING_CEILING_COMPLIANCE""]"
2026-02-18T06:38:36Z,0R-GRRH-W0Z9,,17.99,17.99,17.99,17.99,COMPLIANCE,"[""BINDING_CEILING_COMPLIANCE""]"
2026-02-18T06:38:36Z,2G-AYBQ-TUQG,,17.99,17.99,17.99,17.99,COMPLIANCE,"[""BINDING_CEILING_COMPLIANCE""]"
2026-02-18T06:38:36Z,3X-EXDD-TD2K,,17.99,17.99,17.99,17.99,COMPLIANCE,"[""BINDING_CEILING_COMPLIANCE""]"
2026-02-18T06:38:36Z,4W-VS57-BV6A,,44.99,44.99,44.99,44.99,COMPLIANCE,"[""BINDING_CEILING_COMPLIANCE""]"
2026-02-18T06:38:36Z,6Q-9G2A-IKVV,,17.99,17.99,17.99,17.99,COMPLIANCE,"[""BINDING_CEILING_COMPLIANCE""]"
2026-02-18T06:38:36Z,6V-EEC1-2S9Z,,10.64,10.64,10.64,10.64,COMPLIANCE,"[""BINDING_CEILING_COMPLIANCE""]"
2026-02-18T06:38:36Z,714810,,17.99,17.99,17.99,17.99,COMPLIANCE,"[""BINDING_CEILING_COMPLIANCE""]"
2026-02-18T06:38:36Z,7M-48OU-23X3,,17.99,17.99,17.99,17.99,COMPLIANCE,"[""BINDING_CEILING_COMPLIANCE""]"
2026-02-18T06:38:36Z,8M-LM6B-F2Q5,,17.99,17.99,17.99,17.99,COMPLIANCE,"[""BINDING_CEILING_COMPLIANCE""]"
2026-02-18T06:38:36Z,8M-NHB7-T8TR,,17.99,17.99,17.99,17.99,COMPLIANCE,"[""BINDING_CEILING_COMPLIANCE""]"
2026-02-18T06:38:36Z,8U-QPFH-3EKQ,,17.99,17.99,17.99,17.99,COMPLIANCE,"[""BINDING_CEILING_COMPLIANCE""]"
2026-02-18T06:38:36Z,9X-HL62-83C7,,17.99,17.99,17.99,17.99,COMPLIANCE,"[""BINDING_CEILING_COMPLIANCE""]"
2026-02-18T06:38:36Z,A2-T2AC-TW3L,,17.99,17.99,17.99,17.99,COMPLIANCE,"[""BINDING_CEILING_COMPLIANCE""]"
2026-02-18T06:38:36Z,AF-KIHX-ANYY,,17.99,17.99,17.99,17.99,COMPLIANCE,"[""BINDING_CEILING_COMPLIANCE""]"
2026-02-18T06:38:36Z,AX-NKNU-29C1,,3.99,3.99,3.99,3.99,COMPLIANCE,"[""BINDING_CEILING_COMPLIANCE""]"
2026-02-18T06:38:36Z,BL-WX51-KQOK,,17.99,17.99,17.99,17.99,COMPLIANCE,"[""BINDING_CEILING_COMPLIANCE""]"
2026-02-18T06:38:36Z,CJ-X0SS-QOUW,,17.99,17.99,17.99,17.99,COMPLIANCE,"[""BINDING_CEILING_COMPLIANCE""]"
2026-02-18T06:38:36Z,CX-SMCH-4DYA,,17.99,17.99,17.99,17.99,COMPLIANCE,"[""BINDING_CEILING_COMPLIANCE""]"
2026-02-18T06:38:36Z,D0-C7C0-H6LN,,17.99,17.99,17.99,17.99,COMPLIANCE,"[""BINDING_CEILING_COMPLIANCE""]"
2026-02-18T06:38:36Z,D8-1A3E-I37F,,17.99,17.99,17.99,17.99,COMPLIANCE,"[""BINDING_CEILING_COMPLIANCE""]"
2026-02-18T06:38:36Z,DC-K5WH-R7F5,,17.99,17.99,17.99,17.99,COMPLIANCE,"[""BINDING_CEILING_COMPLIANCE""]"
2026-02-18T06:38:36Z,EV-CHU5-XU3G,,17.99,17.99,17.99,17.99,COMPLIANCE,"[""BINDING_CEILING_COMPLIANCE""]"
2026-02-18T06:38:36Z,FB-6FW0-Z82Q,,17.99,17.99,17.99,17.99,COMPLIANCE,"[""BINDING_CEILING_COMPLIANCE""]"
2026-02-18T06:38:36Z,GA-9DTN-9O1E,,17.99,17.99,17.99,17.99,COMPLIANCE,"[""BINDING_CEILING_COMPLIANCE""]"
2026-02-18T06:38:36Z,H6-E7MP-EBPD,,17.99,17.99,17.99,17.99,COMPLIANCE,"[""BINDING_CEILING_COMPLIANCE""]"
2026-02-18T06:38:36Z,HL-03ZR-QPHH,,17.99,17.99,17.99,17.99,COMPLIANCE,"[""BINDING_CEILING_COMPLIANCE""]"
2026-02-18T06:38:36Z,HS-R5IP-7E1C,,17.99,17.99,17.99,17.99,COMPLIANCE,"[""BINDING_CEILING_COMPLIANCE""]"
2026-02-18T06:38:36Z,IJ-V0PQ-4CZ4,,17.99,17.99,17.99,17.99,COMPLIANCE,"[""BINDING_CEILING_COMPLIANCE""]"
2026-02-18T06:38:36Z,JB-RGB6-LZOJ,,9.99,9.99,9.99,9.99,COMPLIANCE,"[""BINDING_CEILING_COMPLIANCE""]"
2026-02-18T06:38:36Z,L1-54EX-56YC,,17.99,17.99,17.99,17.99,COMPLIANCE,"[""BINDING_CEILING_COMPLIANCE""]"
2026-02-18T06:38:36Z,L5-PF3B-WHU4,,17.99,17.99,17.99,17.99,COMPLIANCE,"[""BINDING_CEILING_COMPLIANCE""]"
2026-02-18T06:38:36Z,LP-QMNJ-J49G,,17.99,17.99,17.99,17.99,COMPLIANCE,"[""BINDING_CEILING_COMPLIANCE""]"
2026-02-18T06:38:36Z,LR-7GM6-1RCH,,17.99,17.99,17.99,17.99,COMPLIANCE,"[""BINDING_CEILING_COMPLIANCE""]"
2026-02-18T06:38:36Z,OV-LVEL-DQL6,,17.99,17.99,17.99,17.99,COMPLIANCE,"[""BINDING_CEILING_COMPLIANCE""]"
2026-02-18T06:38:36Z,R4-0AXZ-ZZ9D,,17.99,17.99,17.99,17.99,COMPLIANCE,"[""BINDING_CEILING_COMPLIANCE""]"
2026-02-18T06:38:36Z,R7-98IN-2PW8,,17.99,17.99,17.99,17.99,COMPLIANCE,"[""BINDING_CEILING_COMPLIANCE""]"
2026-02-18T06:38:36Z,RI-VSUS-0YTD,,17.99,17.99,17.99,17.99,COMPLIANCE,"[""BINDING_CEILING_COMPLIANCE""]"
2026-02-18T06:38:36Z,RZ-6ZL9-CZ7J,,7.99,7.99,7.99,7.99,COMPLIANCE,"[""BINDING_CEILING_COMPLIANCE""]"
2026-02-18T06:38:36Z,TJ-6LOP-OPEU,,9.00,9.00,9.00,9.00,COMPLIANCE,"[""BINDING_CEILING_COMPLIANCE""]"
2026-02-18T06:38:36Z,TK-E7QE-T40G,,17.99,17.99,17.99,17.99,COMPLIANCE,"[""BINDING_CEILING_COMPLIANCE""]"
2026-02-18T06:38:36Z,UR-Q7TM-1F3I,,17.99,17.99,17.99,17.99,COMPLIANCE,"[""BINDING_CEILING_COMPLIANCE""]"
2026-02-18T06:38:36Z,US-AK96-YFSB,,17.99,17.99,17.99,17.99,COMPLIANCE,"[""BINDING_CEILING_COMPLIANCE""]"
2026-02-18T06:38:36Z,VF-3T0K-DR5O,,9.99,9.99,9.99,9.99,COMPLIANCE,"[""BINDING_CEILING_COMPLIANCE""]"
2026-02-18T06:38:36Z,VO-A6AR-18YS,,17.99,17.99,17.99,17.99,COMPLIANCE,"[""BINDING_CEILING_COMPLIANCE""]"
2026-02-18T06:38:36Z,VU-8KRA-QP5M,,17.99,17.99,17.99,17.99,COMPLIANCE,"[""BINDING_CEILING_COMPLIANCE""]"
2026-02-18T06:38:36Z,W3-8FN7-FSP0,,17.99,17.99,17.99,17.99,COMPLIANCE,"[""BINDING_CEILING_COMPLIANCE""]"
2026-02-18T06:38:36Z,WE-1Z7L-SA2I,,17.99,17.99,17.99,17.99,COMPLIANCE,"[""BINDING_CEILING_COMPLIANCE""]"
2026-02-18T06:38:36Z,X7-MY4W-H2I4,,17.99,17.99,17.99,17.99,COMPLIANCE,"[""BINDING_CEILING_COMPLIANCE""]"
2026-02-18T06:38:36Z,XE-27ZG-EZPZ,,17.99,17.99,17.99,17.99,COMPLIANCE,"[""BINDING_CEILING_COMPLIANCE""]"
2026-02-18T06:38:36Z,XE-YPAI-HX9F,,17.99,17.99,17.99,17.99,COMPLIANCE,"[""BINDING_CEILING_COMPLIANCE""]"
2026-02-18T06:38:36Z,XH-0LAE-FQO5,,8.99,8.99,8.99,8.99,COMPLIANCE,"[""BINDING_CEILING_COMPLIANCE""]"
2026-02-18T06:38:36Z,YC-3L3M-BV48,,109.45,109.45,109.45,109.45,COMPLIANCE,"[""BINDING_CEILING_COMPLIANCE""]"
2026-02-18T06:38:36Z,YO-EKK2-FRCC,,17.99,17.99,17.99,17.99,COMPLIANCE,"[""BINDING_CEILING_COMPLIANCE""]"
2026-02-18T06:38:36Z,Z7-26PV-O9LR,,17.99,17.99,17.99,17.99,COMPLIANCE,"[""BINDING_CEILING_COMPLIANCE""]"
2026-02-18T06:38:36Z,ZT-QPY3-P24I,,17.99,17.99,17.99,17.99,COMPLIANCE,"[""BINDING_CEILING_COMPLIANCE""]"
2026-02-18T07:06:01Z,0G-JB6S-PN34,,17.99,17.99,17.99,17.99,COMPLIANCE,"[""BINDING_CEILING_COMPLIANCE""]"
2026-02-18T07:06:01Z,0R-GRRH-W0Z9,,17.99,17.99,17.99,17.99,COMPLIANCE,"[""BINDING_CEILING_COMPLIANCE""]"
2026-02-18T07:06:01Z,2G-AYBQ-TUQG,,17.99,17.99,17.99,17.99,COMPLIANCE,"[""BINDING_CEILING_COMPLIANCE""]"
2026-02-18T07:06:01Z,3X-EXDD-TD2K,,17.99,17.99,17.99,17.99,COMPLIANCE,"[""BINDING_CEILING_COMPLIANCE""]"
2026-02-18T07:06:01Z,4W-VS57-BV6A,,44.99,44.99,44.99,44.99,COMPLIANCE,"[""BINDING_CEILING_COMPLIANCE""]"
2026-02-18T07:06:01Z,6Q-9G2A-IKVV,,17.99,17.99,17.99,17.99,COMPLIANCE,"[""BINDING_CEILING_COMPLIANCE""]"
2026-02-18T07:06:01Z,6V-EEC1-2S9Z,,10.64,10.64,10.64,10.64,COMPLIANCE,"[""BINDING_CEILING_COMPLIANCE""]"
2026-02-18T07:06:01Z,714810,,17.99,17.99,17.99,17.99,COMPLIANCE,"[""BINDING_CEILING_COMPLIANCE""]"
2026-02-18T07:06:01Z,7M-48OU-23X3,,17.99,17.99,17.99,17.99,COMPLIANCE,"[""BINDING_CEILING_COMPLIANCE""]"
2026-02-18T07:06:01Z,8M-LM6B-F2Q5,,17.99,17.99,17.99,17.99,COMPLIANCE,"[""BINDING_CEILING_COMPLIANCE""]"
2026-02-18T07:06:01Z,8M-NHB7-T8TR,,17.99,17.99,17.99,17.99,COMPLIANCE,"[""BINDING_CEILING_COMPLIANCE""]"
2026-02-18T07:06:01Z,8U-QPFH-3EKQ,,17.99,17.99,17.99,17.99,COMPLIANCE,"[""BINDING_CEILING_COMPLIANCE""]"
2026-02-18T07:06:01Z,9X-HL62-83C7,,17.99,17.99,17.99,17.99,COMPLIANCE,"[""BINDING_CEILING_COMPLIANCE""]"
2026-02-18T07:06:01Z,A2-T2AC-TW3L,,17.99,17.99,17.99,17.99,COMPLIANCE,"[""BINDING_CEILING_COMPLIANCE""]"
2026-02-18T07:06:01Z,AF-KIHX-ANYY,,17.99,17.99,17.99,17.99,COMPLIANCE,"[""BINDING_CEILING_COMPLIANCE""]"
2026-02-18T07:06:01Z,AX-NKNU-29C1,,3.99,3.99,3.99,3.99,COMPLIANCE,"[""BINDING_CEILING_COMPLIANCE""]"
2026-02-18T07:06:01Z,BL-WX51-KQOK,,17.99,17.99,17.99,17.99,COMPLIANCE,"[""BINDING_CEILING_COMPLIANCE""]"
2026-02-18T07:06:01Z,CJ-X0SS-QOUW,,17.99,17.99,17.99,17.99,COMPLIANCE,"[""BINDING_CEILING_COMPLIANCE""]"
2026-02-18T07:06:01Z,CX-SMCH-4DYA,,17.99,17.99,17.99,17.99,COMPLIANCE,"[""BINDING_CEILING_COMPLIANCE""]"
2026-02-18T07:06:01Z,D0-C7C0-H6LN,,17.99,17.99,17.99,17.99,COMPLIANCE,"[""BINDING_CEILING_COMPLIANCE""]"
2026-02-18T07:06:01Z,D8-1A3E-I37F,,17.99,17.99,17.99,17.99,COMPLIANCE,"[""BINDING_CEILING_COMPLIANCE""]"
2026-02-18T07:06:01Z,DC-K5WH-R7F5,,17.99,17.99,17.99,17.99,COMPLIANCE,"[""BINDING_CEILING_COMPLIANCE""]"
2026-02-18T07:06:01Z,EV-CHU5-XU3G,,17.99,17.99,17.99,17.99,COMPLIANCE,"[""BINDING_CEILING_COMPLIANCE""]"
2026-02-18T07:06:01Z,FB-6FW0-Z82Q,,17.99,17.99,17.99,17.99,COMPLIANCE,"[""BINDING_CEILING_COMPLIANCE""]"
2026-02-18T07:06:01Z,GA-9DTN-9O1E,,17.99,17.99,17.99,17.99,COMPLIANCE,"[""BINDING_CEILING_COMPLIANCE""]"
2026-02-18T07:06:01Z,H6-E7MP-EBPD,,17.99,17.99,17.99,17.99,COMPLIANCE,"[""BINDING_CEILING_COMPLIANCE""]"
2026-02-18T07:06:01Z,HL-03ZR-QPHH,,17.99,17.99,17.99,17.99,COMPLIANCE,"[""BINDING_CEILING_COMPLIANCE""]"
2026-02-18T07:06:01Z,HS-R5IP-7E1C,,17.99,17.99,17.99,17.99,COMPLIANCE,"[""BINDING_CEILING_COMPLIANCE""]"
2026-02-18T07:06:01Z,IJ-V0PQ-4CZ4,,17.99,17.99,17.99,17.99,COMPLIANCE,"[""BINDING_CEILING_COMPLIANCE""]"
2026-02-18T07:06:01Z,JB-RGB6-LZOJ,,9.99,9.99,9.99,9.99,COMPLIANCE,"[""BINDING_CEILING_COMPLIANCE""]"
2026-02-18T07:06:01Z,L1-54EX-56YC,,17.99,17.99,17.99,17.99,COMPLIANCE,"[""BINDING_CEILING_COMPLIANCE""]"
2026-02-18T07:06:01Z,L5-PF3B-WHU4,,17.99,17.99,17.99,17.99,COMPLIANCE,"[""BINDING_CEILING_COMPLIANCE""]"
2026-02-18T07:06:01Z,LP-QMNJ-J49G,,17.99,17.99,17.99,17.99,COMPLIANCE,"[""BINDING_CEILING_COMPLIANCE""]"
2026-02-18T07:06:01Z,LR-7GM6-1RCH,,17.99,17.99,17.99,17.99,COMPLIANCE,"[""BINDING_CEILING_COMPLIANCE""]"
2026-02-18T07:06:01Z,OV-LVEL-DQL6,,17.99,17.99,17.99,17.99,COMPLIANCE,"[""BINDING_CEILING_COMPLIANCE""]"
2026-02-18T07:06:01Z,R4-0AXZ-ZZ9D,,17.99,17.99,17.99,17.99,COMPLIANCE,"[""BINDING_CEILING_COMPLIANCE""]"
2026-02-18T07:06:01Z,R7-98IN-2PW8,,17.99,17.99,17.99,17.99,COMPLIANCE,"[""BINDING_CEILING_COMPLIANCE""]"
2026-02-18T07:06:01Z,RI-VSUS-0YTD,,17.99,17.99,17.99,17.99,COMPLIANCE,"[""BINDING_CEILING_COMPLIANCE""]"
2026-02-18T07:06:01Z,RZ-6ZL9-CZ7J,,7.99,7.99,7.99,7.99,COMPLIANCE,"[""BINDING_CEILING_COMPLIANCE""]"
2026-02-18T07:06:01Z,TJ-6LOP-OPEU,,9.00,9.00,9.00,9.00,COMPLIANCE,"[""BINDING_CEILING_COMPLIANCE""]"
2026-02-18T07:06:01Z,TK-E7QE-T40G,,17.99,17.99,17.99,17.99,COMPLIANCE,"[""BINDING_CEILING_COMPLIANCE""]"
2026-02-18T07:06:01Z,UR-Q7TM-1F3I,,17.99,17.99,17.99,17.99,COMPLIANCE,"[""BINDING_CEILING_COMPLIANCE""]"
2026-02-18T07:06:01Z,US-AK96-YFSB,,17.99,17.99,17.99,17.99,COMPLIANCE,"[""BINDING_CEILING_COMPLIANCE""]"
2026-02-18T07:06:01Z,VF-3T0K-DR5O,,9.99,9.99,9.99,9.99,COMPLIANCE,"[""BINDING_CEILING_COMPLIANCE""]"
2026-02-18T07:06:01Z,VO-A6AR-18YS,,17.99,17.99,17.99,17.99,COMPLIANCE,"[""BINDING_CEILING_COMPLIANCE""]"
2026-02-18T07:06:01Z,VU-8KRA-QP5M,,17.99,17.99,17.99,17.99,COMPLIANCE,"[""BINDING_CEILING_COMPLIANCE""]"
2026-02-18T07:06:01Z,W3-8FN7-FSP0,,17.99,17.99,17.99,17.99,COMPLIANCE,"[""BINDING_CEILING_COMPLIANCE""]"
2026-02-18T07:06:01Z,WE-1Z7L-SA2I,,17.99,17.99,17.99,17.99,COMPLIANCE,"[""BINDING_CEILING_COMPLIANCE""]"
2026-02-18T07:06:01Z,X7-MY4W-H2I4,,17.99,17.99,17.99,17.99,COMPLIANCE,"[""BINDING_CEILING_COMPLIANCE""]"
2026-02-18T07:06:01Z,XE-27ZG-EZPZ,,17.99,17.99,17.99,17.99,COMPLIANCE,"[""BINDING_CEILING_COMPLIANCE""]"
2026-02-18T07:06:01Z,XE-YPAI-HX9F,,17.99,17.99,17.99,17.99,COMPLIANCE,"[""BINDING_CEILING_COMPLIANCE""]"
2026-02-18T07:06:01Z,XH-0LAE-FQO5,,8.99,8.99,8.99,8.99,COMPLIANCE,"[""BINDING_CEILING_COMPLIANCE""]"
2026-02-18T07:06:01Z,YC-3L3M-BV48,,109.45,109.45,109.45,109.45,COMPLIANCE,"[""BINDING_CEILING_COMPLIANCE""]"
2026-02-18T07:06:01Z,YO-EKK2-FRCC,,17.99,17.99,17.99,17.99,COMPLIANCE,"[""BINDING_CEILING_COMPLIANCE""]"
2026-02-18T07:06:01Z,Z7-26PV-O9LR,,17.99,17.99,17.99,17.99,COMPLIANCE,"[""BINDING_CEILING_COMPLIANCE""]"
2026-02-18T07:06:01Z,ZT-QPY3-P24I,,17.99,17.99,17.99,17.99,COMPLIANCE,"[""BINDING_CEILING_COMPLIANCE""]"
2026-02-18T07:25:17Z,0G-JB6S-PN34,,17.99,17.99,17.99,17.99,COMPLIANCE,"[""BINDING_CEILING_COMPLIANCE""]"
2026-02-18T07:25:17Z,0R-GRRH-W0Z9,,17.99,17.99,17.99,17.99,COMPLIANCE,"[""BINDING_CEILING_COMPLIANCE""]"
2026-02-18T07:25:17Z,2G-AYBQ-TUQG,,17.99,17.99,17.99,17.99,COMPLIANCE,"[""BINDING_CEILING_COMPLIANCE""]"
2026-02-18T07:25:17Z,3X-EXDD-TD2K,,17.99,17.99,17.99,17.99,COMPLIANCE,"[""BINDING_CEILING_COMPLIANCE""]"
2026-02-18T07:25:17Z,4W-VS57-BV6A,,44.99,44.99,44.99,44.99,COMPLIANCE,"[""BINDING_CEILING_COMPLIANCE""]"
2026-02-18T07:25:17Z,6Q-9G2A-IKVV,,17.99,17.99,17.99,17.99,COMPLIANCE,"[""BINDING_CEILING_COMPLIANCE""]"
2026-02-18T07:25:17Z,6V-EEC1-2S9Z,,10.64,10.64,10.64,10.64,COMPLIANCE,"[""BINDING_CEILING_COMPLIANCE""]"
2026-02-18T07:25:17Z,714810,,17.99,17.99,17.99,17.99,COMPLIANCE,"[""BINDING_CEILING_COMPLIANCE""]"
2026-02-18T07:25:17Z,7M-48OU-23X3,,17.99,17.99,17.99,17.99,COMPLIANCE,"[""BINDING_CEILING_COMPLIANCE""]"
2026-02-18T07:25:17Z,8M-LM6B-F2Q5,,17.99,17.99,17.99,17.99,COMPLIANCE,"[""BINDING_CEILING_COMPLIANCE""]"
2026-02-18T07:25:17Z,8M-NHB7-T8TR,,17.99,17.99,17.99,17.99,COMPLIANCE,"[""BINDING_CEILING_COMPLIANCE""]"
2026-02-18T07:25:17Z,8U-QPFH-3EKQ,,17.99,17.99,17.99,17.99,COMPLIANCE,"[""BINDING_CEILING_COMPLIANCE""]"
2026-02-18T07:25:17Z,9X-HL62-83C7,,17.99,17.99,17.99,17.99,COMPLIANCE,"[""BINDING_CEILING_COMPLIANCE""]"
2026-02-18T07:25:17Z,A2-T2AC-TW3L,,17.99,17.99,17.99,17.99,COMPLIANCE,"[""BINDING_CEILING_COMPLIANCE""]"
2026-02-18T07:25:17Z,AF-KIHX-ANYY,,17.99,17.99,17.99,17.99,COMPLIANCE,"[""BINDING_CEILING_COMPLIANCE""]"
2026-02-18T07:25:17Z,AX-NKNU-29C1,,3.99,3.99,3.99,3.99,COMPLIANCE,"[""BINDING_CEILING_COMPLIANCE""]"
2026-02-18T07:25:17Z,BL-WX51-KQOK,,17.99,17.99,17.99,17.99,COMPLIANCE,"[""BINDING_CEILING_COMPLIANCE""]"
2026-02-18T07:25:17Z,CJ-X0SS-QOUW,,17.99,17.99,17.99,17.99,COMPLIANCE,"[""BINDING_CEILING_COMPLIANCE""]"
2026-02-18T07:25:17Z,CX-SMCH-4DYA,,17.99,17.99,17.99,17.99,COMPLIANCE,"[""BINDING_CEILING_COMPLIANCE""]"
2026-02-18T07:25:17Z,D0-C7C0-H6LN,,17.99,17.99,17.99,17.99,COMPLIANCE,"[""BINDING_CEILING_COMPLIANCE""]"
2026-02-18T07:25:17Z,D8-1A3E-I37F,,17.99,17.99,17.99,17.99,COMPLIANCE,"[""BINDING_CEILING_COMPLIANCE""]"
2026-02-18T07:25:17Z,DC-K5WH-R7F5,,17.99,17.99,17.99,17.99,COMPLIANCE,"[""BINDING_CEILING_COMPLIANCE""]"
2026-02-18T07:25:17Z,EV-CHU5-XU3G,,17.99,17.99,17.99,17.99,COMPLIANCE,"[""BINDING_CEILING_COMPLIANCE""]"
2026-02-18T07:25:17Z,FB-6FW0-Z82Q,,17.99,17.99,17.99,17.99,COMPLIANCE,"[""BINDING_CEILING_COMPLIANCE""]"
2026-02-18T07:25:17Z,GA-9DTN-9O1E,,17.99,17.99,17.99,17.99,COMPLIANCE,"[""BINDING_CEILING_COMPLIANCE""]"
2026-02-18T07:25:17Z,H6-E7MP-EBPD,,17.99,17.99,17.99,17.99,COMPLIANCE,"[""BINDING_CEILING_COMPLIANCE""]"
2026-02-18T07:25:17Z,HL-03ZR-QPHH,,17.99,17.99,17.99,17.99,COMPLIANCE,"[""BINDING_CEILING_COMPLIANCE""]"
2026-02-18T07:25:17Z,HS-R5IP-7E1C,,17.99,17.99,17.99,17.99,COMPLIANCE,"[""BINDING_CEILING_COMPLIANCE""]"
2026-02-18T07:25:17Z,IJ-V0PQ-4CZ4,,17.99,17.99,17.99,17.99,COMPLIANCE,"[""BINDING_CEILING_COMPLIANCE""]"
2026-02-18T07:25:17Z,JB-RGB6-LZOJ,,9.99,9.99,9.99,9.99,COMPLIANCE,"[""BINDING_CEILING_COMPLIANCE""]"
2026-02-18T07:25:17Z,L1-54EX-56YC,,17.99,17.99,17.99,17.99,COMPLIANCE,"[""BINDING_CEILING_COMPLIANCE""]"
2026-02-18T07:25:17Z,L5-PF3B-WHU4,,17.99,17.99,17.99,17.99,COMPLIANCE,"[""BINDING_CEILING_COMPLIANCE""]"
2026-02-18T07:25:17Z,LP-QMNJ-J49G,,17.99,17.99,17.99,17.99,COMPLIANCE,"[""BINDING_CEILING_COMPLIANCE""]"
2026-02-18T07:25:17Z,LR-7GM6-1RCH,,17.99,17.99,17.99,17.99,COMPLIANCE,"[""BINDING_CEILING_COMPLIANCE""]"
2026-02-18T07:25:17Z,OV-LVEL-DQL6,,17.99,17.99,17.99,17.99,COMPLIANCE,"[""BINDING_CEILING_COMPLIANCE""]"
2026-02-18T07:25:17Z,R4-0AXZ-ZZ9D,,17.99,17.99,17.99,17.99,COMPLIANCE,"[""BINDING_CEILING_COMPLIANCE""]"
2026-02-18T07:25:17Z,R7-98IN-2PW8,,17.99,17.99,17.99,17.99,COMPLIANCE,"[""BINDING_CEILING_COMPLIANCE""]"
2026-02-18T07:25:17Z,RI-VSUS-0YTD,,17.99,17.99,17.99,17.99,COMPLIANCE,"[""BINDING_CEILING_COMPLIANCE""]"
2026-02-18T07:25:17Z,RZ-6ZL9-CZ7J,,7.99,7.99,7.99,7.99,COMPLIANCE,"[""BINDING_CEILING_COMPLIANCE""]"
2026-02-18T07:25:17Z,TJ-6LOP-OPEU,,9.00,9.00,9.00,9.00,COMPLIANCE,"[""BINDING_CEILING_COMPLIANCE""]"
2026-02-18T07:25:17Z,TK-E7QE-T40G,,17.99,17.99,17.99,17.99,COMPLIANCE,"[""BINDING_CEILING_COMPLIANCE""]"
2026-02-18T07:25:17Z,UR-Q7TM-1F3I,,17.99,17.99,17.99,17.99,COMPLIANCE,"[""BINDING_CEILING_COMPLIANCE""]"
2026-02-18T07:25:17Z,US-AK96-YFSB,,17.99,17.99,17.99,17.99,COMPLIANCE,"[""BINDING_CEILING_COMPLIANCE""]"
2026-02-18T07:25:17Z,VF-3T0K-DR5O,,9.99,9.99,9.99,9.99,COMPLIANCE,"[""BINDING_CEILING_COMPLIANCE""]"
2026-02-18T07:25:17Z,VO-A6AR-18YS,,17.99,17.99,17.99,17.99,COMPLIANCE,"[""BINDING_CEILING_COMPLIANCE""]"
2026-02-18T07:25:17Z,VU-8KRA-QP5M,,17.99,17.99,17.99,17.99,COMPLIANCE,"[""BINDING_CEILING_COMPLIANCE""]"
2026-02-18T07:25:17Z,W3-8FN7-FSP0,,17.99,17.99,17.99,17.99,COMPLIANCE,"[""BINDING_CEILING_COMPLIANCE""]"
2026-02-18T07:25:17Z,WE-1Z7L-SA2I,,17.99,17.99,17.99,17.99,COMPLIANCE,"[""BINDING_CEILING_COMPLIANCE""]"
2026-02-18T07:25:17Z,X7-MY4W-H2I4,,17.99,17.99,17.99,17.99,COMPLIANCE,"[""BINDING_CEILING_COMPLIANCE""]"
2026-02-18T07:25:17Z,XE-27ZG-EZPZ,,17.99,17.99,17.99,17.99,COMPLIANCE,"[""BINDING_CEILING_COMPLIANCE""]"
2026-02-18T07:25:17Z,XE-YPAI-HX9F,,17.99,17.99,17.99,17.99,COMPLIANCE,"[""BINDING_CEILING_COMPLIANCE""]"
2026-02-18T07:25:17Z,XH-0LAE-FQO5,,8.99,8.99,8.99,8.99,COMPLIANCE,"[""BINDING_CEILING_COMPLIANCE""]"
2026-02-18T07:25:17Z,YC-3L3M-BV48,,109.45,109.45,109.45,109.45,COMPLIANCE,"[""BINDING_CEILING_COMPLIANCE""]"
2026-02-18T07:25:17Z,YO-EKK2-FRCC,,17.99,17.99,17.99,17.99,COMPLIANCE,"[""BINDING_CEILING_COMPLIANCE""]"
2026-02-18T07:25:17Z,Z7-26PV-O9LR,,17.99,17.99,17.99,17.99,COMPLIANCE,"[""BINDING_CEILING_COMPLIANCE""]"
2026-02-18T07:25:17Z,ZT-QPY3-P24I,,17.99,17.99,17.99,17.99,COMPLIANCE,"[""BINDING_CEILING_COMPLIANCE""]"
2026-02-18T07:44:33Z,0G-JB6S-PN34,,17.99,17.99,17.99,17.99,COMPLIANCE,"[""BINDING_CEILING_COMPLIANCE""]"
2026-02-18T07:44:33Z,0R-GRRH-W0Z9,,17.99,17.99,17.99,17.99,COMPLIANCE,"[""BINDING_CEILING_COMPLIANCE""]"
2026-02-18T07:44:33Z,2G-AYBQ-TUQG,,17.99,17.99,17.99,17.99,COMPLIANCE,"[""BINDING_CEILING_COMPLIANCE""]"
2026-02-18T07:44:33Z,3X-EXDD-TD2K,,17.99,17.99,17.99,17.99,COMPLIANCE,"[""BINDING_CEILING_COMPLIANCE""]"
2026-02-18T07:44:33Z,4W-VS57-BV6A,,44.99,44.99,44.99,44.99,COMPLIANCE,"[""BINDING_CEILING_COMPLIANCE""]"
2026-02-18T07:44:33Z,6Q-9G2A-IKVV,,17.99,17.99,17.99,17.99,COMPLIANCE,"[""BINDING_CEILING_COMPLIANCE""]"
2026-02-18T07:44:33Z,6V-EEC1-2S9Z,,10.64,10.64,10.64,10.64,COMPLIANCE,"[""BINDING_CEILING_COMPLIANCE""]"
2026-02-18T07:44:33Z,714810,,17.99,17.99,17.99,17.99,COMPLIANCE,"[""BINDING_CEILING_COMPLIANCE""]"
2026-02-18T07:44:33Z,7M-48OU-23X3,,17.99,17.99,17.99,17.99,COMPLIANCE,"[""BINDING_CEILING_COMPLIANCE""]"
2026-02-18T07:44:33Z,8M-LM6B-F2Q5,,17.99,17.99,17.99,17.99,COMPLIANCE,"[""BINDING_CEILING_COMPLIANCE""]"
2026-02-18T07:44:33Z,8M-NHB7-T8TR,,17.99,17.99,17.99,17.99,COMPLIANCE,"[""BINDING_CEILING_COMPLIANCE""]"
2026-02-18T07:44:33Z,8U-QPFH-3EKQ,,17.99,17.99,17.99,17.99,COMPLIANCE,"[""BINDING_CEILING_COMPLIANCE""]"
2026-02-18T07:44:33Z,9X-HL62-83C7,,17.99,17.99,17.99,17.99,COMPLIANCE,"[""BINDING_CEILING_COMPLIANCE""]"
2026-02-18T07:44:33Z,A2-T2AC-TW3L,,17.99,17.99,17.99,17.99,COMPLIANCE,"[""BINDING_CEILING_COMPLIANCE""]"
2026-02-18T07:44:33Z,AF-KIHX-ANYY,,17.99,17.99,17.99,17.99,COMPLIANCE,"[""BINDING_CEILING_COMPLIANCE""]"
2026-02-18T07:44:33Z,AX-NKNU-29C1,,3.99,3.99,3.99,3.99,COMPLIANCE,"[""BINDING_CEILING_COMPLIANCE""]"
2026-02-18T07:44:33Z,BL-WX51-KQOK,,17.99,17.99,17.99,17.99,COMPLIANCE,"[""BINDING_CEILING_COMPLIANCE""]"
2026-02-18T07:44:33Z,CJ-X0SS-QOUW,,17.99,17.99,17.99,17.99,COMPLIANCE,"[""BINDING_CEILING_COMPLIANCE""]"
2026-02-18T07:44:33Z,CX-SMCH-4DYA,,17.99,17.99,17.99,17.99,COMPLIANCE,"[""BINDING_CEILING_COMPLIANCE""]"
2026-02-18T07:44:33Z,D0-C7C0-H6LN,,17.99,17.99,17.99,17.99,COMPLIANCE,"[""BINDING_CEILING_COMPLIANCE""]"
2026-02-18T07:44:33Z,D8-1A3E-I37F,,17.99,17.99,17.99,17.99,COMPLIANCE,"[""BINDING_CEILING_COMPLIANCE""]"
2026-02-18T07:44:33Z,DC-K5WH-R7F5,,17.99,17.99,17.99,17.99,COMPLIANCE,"[""BINDING_CEILING_COMPLIANCE""]"
2026-02-18T07:44:33Z,EV-CHU5-XU3G,,17.99,17.99,17.99,17.99,COMPLIANCE,"[""BINDING_CEILING_COMPLIANCE""]"
2026-02-18T07:44:33Z,FB-6FW0-Z82Q,,17.99,17.99,17.99,17.99,COMPLIANCE,"[""BINDING_CEILING_COMPLIANCE""]"
2026-02-18T07:44:33Z,GA-9DTN-9O1E,,17.99,17.99,17.99,17.99,COMPLIANCE,"[""BINDING_CEILING_COMPLIANCE""]"
2026-02-18T07:44:33Z,H6-E7MP-EBPD,,17.99,17.99,17.99,17.99,COMPLIANCE,"[""BINDING_CEILING_COMPLIANCE""]"
2026-02-18T07:44:33Z,HL-03ZR-QPHH,,17.99,17.99,17.99,17.99,COMPLIANCE,"[""BINDING_CEILING_COMPLIANCE""]"
2026-02-18T07:44:33Z,HS-R5IP-7E1C,,17.99,17.99,17.99,17.99,COMPLIANCE,"[""BINDING_CEILING_COMPLIANCE""]"
2026-02-18T07:44:33Z,IJ-V0PQ-4CZ4,,17.99,17.99,17.99,17.99,COMPLIANCE,"[""BINDING_CEILING_COMPLIANCE""]"
2026-02-18T07:44:33Z,JB-RGB6-LZOJ,,9.99,9.99,9.99,9.99,COMPLIANCE,"[""BINDING_CEILING_COMPLIANCE""]"
2026-02-18T07:44:33Z,L1-54EX-56YC,,17.99,17.99,17.99,17.99,COMPLIANCE,"[""BINDING_CEILING_COMPLIANCE""]"
2026-02-18T07:44:33Z,L5-PF3B-WHU4,,17.99,17.99,17.99,17.99,COMPLIANCE,"[""BINDING_CEILING_COMPLIANCE""]"
2026-02-18T07:44:33Z,LP-QMNJ-J49G,,17.99,17.99,17.99,17.99,COMPLIANCE,"[""BINDING_CEILING_COMPLIANCE""]"
2026-02-18T07:44:33Z,LR-7GM6-1RCH,,17.99,17.99,17.99,17.99,COMPLIANCE,"[""BINDING_CEILING_COMPLIANCE""]"
2026-02-18T07:44:33Z,OV-LVEL-DQL6,,17.99,17.99,17.99,17.99,COMPLIANCE,"[""BINDING_CEILING_COMPLIANCE""]"
2026-02-18T07:44:33Z,R4-0AXZ-ZZ9D,,17.99,17.99,17.99,17.99,COMPLIANCE,"[""BINDING_CEILING_COMPLIANCE""]"
2026-02-18T07:44:33Z,R7-98IN-2PW8,,17.99,17.99,17.99,17.99,COMPLIANCE,"[""BINDING_CEILING_COMPLIANCE""]"
2026-02-18T07:44:33Z,RI-VSUS-0YTD,,17.99,17.99,17.99,17.99,COMPLIANCE,"[""BINDING_CEILING_COMPLIANCE""]"
2026-02-18T07:44:33Z,RZ-6ZL9-CZ7J,,7.99,7.99,7.99,7.99,COMPLIANCE,"[""BINDING_CEILING_COMPLIANCE""]"
2026-02-18T07:44:33Z,TJ-6LOP-OPEU,,9.00,9.00,9.00,9.00,COMPLIANCE,"[""BINDING_CEILING_COMPLIANCE""]"
2026-02-18T07:44:33Z,TK-E7QE-T40G,,17.99,17.99,17.99,17.99,COMPLIANCE,"[""BINDING_CEILING_COMPLIANCE""]"
2026-02-18T07:44:33Z,UR-Q7TM-1F3I,,17.99,17.99,17.99,17.99,COMPLIANCE,"[""BINDING_CEILING_COMPLIANCE""]"
2026-02-18T07:44:33Z,US-AK96-YFSB,,17.99,17.99,17.99,17.99,COMPLIANCE,"[""BINDING_CEILING_COMPLIANCE""]"
2026-02-18T07:44:33Z,VF-3T0K-DR5O,,9.99,9.99,9.99,9.99,COMPLIANCE,"[""BINDING_CEILING_COMPLIANCE""]"
2026-02-18T07:44:33Z,VO-A6AR-18YS,,17.99,17.99,17.99,17.99,COMPLIANCE,"[""BINDING_CEILING_COMPLIANCE""]"
2026-02-18T07:44:33Z,VU-8KRA-QP5M,,17.99,17.99,17.99,17.99,COMPLIANCE,"[""BINDING_CEILING_COMPLIANCE""]"
2026-02-18T07:44:33Z,W3-8FN7-FSP0,,17.99,17.99,17.99,17.99,COMPLIANCE,"[""BINDING_CEILING_COMPLIANCE""]"
2026-02-18T07:44:33Z,WE-1Z7L-SA2I,,17.99,17.99,17.99,17.99,COMPLIANCE,"[""BINDING_CEILING_COMPLIANCE""]"
2026-02-18T07:44:33Z,X7-MY4W-H2I4,,17.99,17.99,17.99,17.99,COMPLIANCE,"[""BINDING_CEILING_COMPLIANCE""]"
2026-02-18T07:44:33Z,XE-27ZG-EZPZ,,17.99,17.99,17.99,17.99,COMPLIANCE,"[""BINDING_CEILING_COMPLIANCE""]"
2026-02-18T07:44:33Z,XE-YPAI-HX9F,,17.99,17.99,17.99,17.99,COMPLIANCE,"[""BINDING_CEILING_COMPLIANCE""]"
2026-02-18T07:44:33Z,XH-0LAE-FQO5,,8.99,8.99,8.99,8.99,COMPLIANCE,"[""BINDING_CEILING_COMPLIANCE""]"
2026-02-18T07:44:33Z,YC-3L3M-BV48,,109.45,109.45,109.45,109.45,COMPLIANCE,"[""BINDING_CEILING_COMPLIANCE""]"
2026-02-18T07:44:33Z,YO-EKK2-FRCC,,17.99,17.99,17.99,17.99,COMPLIANCE,"[""BINDING_CEILING_COMPLIANCE""]"
2026-02-18T07:44:33Z,Z7-26PV-O9LR,,17.99,17.99,17.99,17.99,COMPLIANCE,"[""BINDING_CEILING_COMPLIANCE""]"
2026-02-18T07:44:33Z,ZT-QPY3-P24I,,17.99,17.99,17.99,17.99,COMPLIANCE,"[""BINDING_CEILING_COMPLIANCE""]"
2026-02-18T09:09:20Z,0G-JB6S-PN34,,17.99,17.99,17.99,17.99,COMPLIANCE,"[""BINDING_CEILING_COMPLIANCE""]"
2026-02-18T09:09:20Z,0R-GRRH-W0Z9,,17.99,17.99,17.99,17.99,COMPLIANCE,"[""BINDING_CEILING_COMPLIANCE""]"
2026-02-18T09:09:20Z,2G-AYBQ-TUQG,,17.99,17.99,17.99,17.99,COMPLIANCE,"[""BINDING_CEILING_COMPLIANCE""]"
2026-02-18T09:09:20Z,3X-EXDD-TD2K,,17.99,17.99,17.99,17.99,COMPLIANCE,"[""BINDING_CEILING_COMPLIANCE""]"
2026-02-18T09:09:20Z,4W-VS57-BV6A,,44.99,44.99,44.99,44.99,COMPLIANCE,"[""BINDING_CEILING_COMPLIANCE""]"
2026-02-18T09:09:20Z,6Q-9G2A-IKVV,,17.99,17.99,17.99,17.99,COMPLIANCE,"[""BINDING_CEILING_COMPLIANCE""]"
2026-02-18T09:09:20Z,6V-EEC1-2S9Z,,10.64,10.64,10.64,10.64,COMPLIANCE,"[""BINDING_CEILING_COMPLIANCE""]"
2026-02-18T09:09:20Z,714810,,17.99,17.99,17.99,17.99,COMPLIANCE,"[""BINDING_CEILING_COMPLIANCE""]"
2026-02-18T09:09:20Z,7M-48OU-23X3,,17.99,17.99,17.99,17.99,COMPLIANCE,"[""BINDING_CEILING_COMPLIANCE""]"
2026-02-18T09:09:20Z,8M-LM6B-F2Q5,,17.99,17.99,17.99,17.99,COMPLIANCE,"[""BINDING_CEILING_COMPLIANCE""]"
2026-02-18T09:09:20Z,8M-NHB7-T8TR,,17.99,17.99,17.99,17.99,COMPLIANCE,"[""BINDING_CEILING_COMPLIANCE""]"
2026-02-18T09:09:20Z,8U-QPFH-3EKQ,,17.99,17.99,17.99,17.99,COMPLIANCE,"[""BINDING_CEILING_COMPLIANCE""]"
2026-02-18T09:09:20Z,9X-HL62-83C7,,17.99,17.99,17.99,17.99,COMPLIANCE,"[""BINDING_CEILING_COMPLIANCE""]"
2026-02-18T09:09:20Z,A2-T2AC-TW3L,,17.99,17.99,17.99,17.99,COMPLIANCE,"[""BINDING_CEILING_COMPLIANCE""]"
2026-02-18T09:09:20Z,AF-KIHX-ANYY,,17.99,17.99,17.99,17.99,COMPLIANCE,"[""BINDING_CEILING_COMPLIANCE""]"
2026-02-18T09:09:20Z,AX-NKNU-29C1,,3.99,3.99,3.99,3.99,COMPLIANCE,"[""BINDING_CEILING_COMPLIANCE""]"
2026-02-18T09:09:20Z,BL-WX51-KQOK,,17.99,17.99,17.99,17.99,COMPLIANCE,"[""BINDING_CEILING_COMPLIANCE""]"
2026-02-18T09:09:20Z,CJ-X0SS-QOUW,,17.99,17.99,17.99,17.99,COMPLIANCE,"[""BINDING_CEILING_COMPLIANCE""]"
2026-02-18T09:09:20Z,CX-SMCH-4DYA,,17.99,17.99,17.99,17.99,COMPLIANCE,"[""BINDING_CEILING_COMPLIANCE""]"
2026-02-18T09:09:20Z,D0-C7C0-H6LN,,17.99,17.99,17.99,17.99,COMPLIANCE,"[""BINDING_CEILING_COMPLIANCE""]"
2026-02-18T09:09:20Z,D8-1A3E-I37F,,17.99,17.99,17.99,17.99,COMPLIANCE,"[""BINDING_CEILING_COMPLIANCE""]"
2026-02-18T09:09:20Z,DC-K5WH-R7F5,,17.99,17.99,17.99,17.99,COMPLIANCE,"[""BINDING_CEILING_COMPLIANCE""]"
2026-02-18T09:09:20Z,EV-CHU5-XU3G,,17.99,17.99,17.99,17.99,COMPLIANCE,"[""BINDING_CEILING_COMPLIANCE""]"
2026-02-18T09:09:20Z,FB-6FW0-Z82Q,,17.99,17.99,17.99,17.99,COMPLIANCE,"[""BINDING_CEILING_COMPLIANCE""]"
2026-02-18T09:09:20Z,GA-9DTN-9O1E,,17.99,17.99,17.99,17.99,COMPLIANCE,"[""BINDING_CEILING_COMPLIANCE""]"
2026-02-18T09:09:20Z,H6-E7MP-EBPD,,17.99,17.99,17.99,17.99,COMPLIANCE,"[""BINDING_CEILING_COMPLIANCE""]"
2026-02-18T09:09:20Z,HL-03ZR-QPHH,,17.99,17.99,17.99,17.99,COMPLIANCE,"[""BINDING_CEILING_COMPLIANCE""]"
2026-02-18T09:09:20Z,HS-R5IP-7E1C,,17.99,17.99,17.99,17.99,COMPLIANCE,"[""BINDING_CEILING_COMPLIANCE""]"
2026-02-18T09:09:20Z,IJ-V0PQ-4CZ4,,17.99,17.99,17.99,17.99,COMPLIANCE,"[""BINDING_CEILING_COMPLIANCE""]"
2026-02-18T09:09:20Z,JB-RGB6-LZOJ,,9.99,9.99,9.99,9.99,COMPLIANCE,"[""BINDING_CEILING_COMPLIANCE""]"
2026-02-18T09:09:20Z,L1-54EX-56YC,,17.99,17.99,17.99,17.99,COMPLIANCE,"[""BINDING_CEILING_COMPLIANCE""]"
2026-02-18T09:09:20Z,L5-PF3B-WHU4,,17.99,17.99,17.99,17.99,COMPLIANCE,"[""BINDING_CEILING_COMPLIANCE""]"
2026-02-18T09:09:20Z,LP-QMNJ-J49G,,17.99,17.99,17.99,17.99,COMPLIANCE,"[""BINDING_CEILING_COMPLIANCE""]"
2026-02-18T09:09:20Z,LR-7GM6-1RCH,,17.99,17.99,17.99,17.99,COMPLIANCE,"[""BINDING_CEILING_COMPLIANCE""]"
2026-02-18T09:09:20Z,OV-LVEL-DQL6,,17.99,17.99,17.99,17.99,COMPLIANCE,"[""BINDING_CEILING_COMPLIANCE""]"
2026-02-18T09:09:20Z,R4-0AXZ-ZZ9D,,17.99,17.99,17.99,17.99,COMPLIANCE,"[""BINDING_CEILING_COMPLIANCE""]"
2026-02-18T09:09:20Z,R7-98IN-2PW8,,17.99,17.99,17.99,17.99,COMPLIANCE,"[""BINDING_CEILING_COMPLIANCE""]"
2026-02-18T09:09:20Z,RI-VSUS-0YTD,,17.99,17.99,17.99,17.99,COMPLIANCE,"[""BINDING_CEILING_COMPLIANCE""]"
2026-02-18T09:09:20Z,RZ-6ZL9-CZ7J,,7.99,7.99,7.99,7.99,COMPLIANCE,"[""BINDING_CEILING_COMPLIANCE""]"
2026-02-18T09:09:20Z,TJ-6LOP-OPEU,,9.00,9.00,9.00,9.00,COMPLIANCE,"[""BINDING_CEILING_COMPLIANCE""]"
2026-02-18T09:09:20Z,TK-E7QE-T40G,,17.99,17.99,17.99,17.99,COMPLIANCE,"[""BINDING_CEILING_COMPLIANCE""]"
2026-02-18T09:09:20Z,UR-Q7TM-1F3I,,17.99,17.99,17.99,17.99,COMPLIANCE,"[""BINDING_CEILING_COMPLIANCE""]"
2026-02-18T09:09:20Z,US-AK96-YFSB,,17.99,17.99,17.99,17.99,COMPLIANCE,"[""BINDING_CEILING_COMPLIANCE""]"
2026-02-18T09:09:20Z,VF-3T0K-DR5O,,9.99,9.99,9.99,9.99,COMPLIANCE,"[""BINDING_CEILING_COMPLIANCE""]"
2026-02-18T09:09:20Z,VO-A6AR-18YS,,17.99,17.99,17.99,17.99,COMPLIANCE,"[""BINDING_CEILING_COMPLIANCE""]"
2026-02-18T09:09:20Z,VU-8KRA-QP5M,,17.99,17.99,17.99,17.99,COMPLIANCE,"[""BINDING_CEILING_COMPLIANCE""]"
2026-02-18T09:09:20Z,W3-8FN7-FSP0,,17.99,17.99,17.99,17.99,COMPLIANCE,"[""BINDING_CEILING_COMPLIANCE""]"
2026-02-18T09:09:20Z,WE-1Z7L-SA2I,,17.99,17.99,17.99,17.99,COMPLIANCE,"[""BINDING_CEILING_COMPLIANCE""]"
2026-02-18T09:09:20Z,X7-MY4W-H2I4,,17.99,17.99,17.99,17.99,COMPLIANCE,"[""BINDING_CEILING_COMPLIANCE""]"
2026-02-18T09:09:20Z,XE-27ZG-EZPZ,,17.99,17.99,17.99,17.99,COMPLIANCE,"[""BINDING_CEILING_COMPLIANCE""]"
2026-02-18T09:09:20Z,XE-YPAI-HX9F,,17.99,17.99,17.99,17.99,COMPLIANCE,"[""BINDING_CEILING_COMPLIANCE""]"
2026-02-18T09:09:20Z,XH-0LAE-FQO5,,8.99,8.99,8.99,8.99,COMPLIANCE,"[""BINDING_CEILING_COMPLIANCE""]"
2026-02-18T09:09:20Z,YC-3L3M-BV48,,109.45,109.45,109.45,109.45,COMPLIANCE,"[""BINDING_CEILING_COMPLIANCE""]"
2026-02-18T09:09:20Z,YO-EKK2-FRCC,,17.99,17.99,17.99,17.99,COMPLIANCE,"[""BINDING_CEILING_COMPLIANCE""]"
2026-02-18T09:09:20Z,Z7-26PV-O9LR,,17.99,17.99,17.99,17.99,COMPLIANCE,"[""BINDING_CEILING_COMPLIANCE""]"
2026-02-18T09:09:20Z,ZT-QPY3-P24I,,17.99,17.99,17.99,17.99,COMPLIANCE,"[""BINDING_CEILING_COMPLIANCE""]"
2026-02-18T09:29:09Z,0G-JB6S-PN34,,17.99,17.99,17.99,17.99,COMPLIANCE,"[""BINDING_CEILING_COMPLIANCE""]"
2026-02-18T09:29:09Z,0R-GRRH-W0Z9,,17.99,17.99,17.99,17.99,COMPLIANCE,"[""BINDING_CEILING_COMPLIANCE""]"
2026-02-18T09:29:09Z,2G-AYBQ-TUQG,,17.99,17.99,17.99,17.99,COMPLIANCE,"[""BINDING_CEILING_COMPLIANCE""]"
2026-02-18T09:29:09Z,3X-EXDD-TD2K,,17.99,17.99,17.99,17.99,COMPLIANCE,"[""BINDING_CEILING_COMPLIANCE""]"
2026-02-18T09:29:09Z,4W-VS57-BV6A,,44.99,44.99,44.99,44.99,COMPLIANCE,"[""BINDING_CEILING_COMPLIANCE""]"
2026-02-18T09:29:09Z,6Q-9G2A-IKVV,,17.99,17.99,17.99,17.99,COMPLIANCE,"[""BINDING_CEILING_COMPLIANCE""]"
2026-02-18T09:29:09Z,6V-EEC1-2S9Z,,10.64,10.64,10.64,10.64,COMPLIANCE,"[""BINDING_CEILING_COMPLIANCE""]"
2026-02-18T09:29:09Z,714810,,17.99,17.99,17.99,17.99,COMPLIANCE,"[""BINDING_CEILING_COMPLIANCE""]"
2026-02-18T09:29:09Z,7M-48OU-23X3,,17.99,17.99,17.99,17.99,COMPLIANCE,"[""BINDING_CEILING_COMPLIANCE""]"
2026-02-18T09:29:09Z,8M-LM6B-F2Q5,,17.99,17.99,17.99,17.99,COMPLIANCE,"[""BINDING_CEILING_COMPLIANCE""]"
2026-02-18T09:29:09Z,8M-NHB7-T8TR,,17.99,17.99,17.99,17.99,COMPLIANCE,"[""BINDING_CEILING_COMPLIANCE""]"
2026-02-18T09:29:09Z,8U-QPFH-3EKQ,,17.99,17.99,17.99,17.99,COMPLIANCE,"[""BINDING_CEILING_COMPLIANCE""]"
2026-02-18T09:29:09Z,9X-HL62-83C7,,17.99,17.99,17.99,17.99,COMPLIANCE,"[""BINDING_CEILING_COMPLIANCE""]"
2026-02-18T09:29:09Z,A2-T2AC-TW3L,,17.99,17.99,17.99,17.99,COMPLIANCE,"[""BINDING_CEILING_COMPLIANCE""]"
2026-02-18T09:29:09Z,AF-KIHX-ANYY,,17.99,17.99,17.99,17.99,COMPLIANCE,"[""BINDING_CEILING_COMPLIANCE""]"
2026-02-18T09:29:09Z,AX-NKNU-29C1,,3.99,3.99,3.99,3.99,COMPLIANCE,"[""BINDING_CEILING_COMPLIANCE""]"
2026-02-18T09:29:09Z,BL-WX51-KQOK,,17.99,17.99,17.99,17.99,COMPLIANCE,"[""BINDING_CEILING_COMPLIANCE""]"
2026-02-18T09:29:09Z,CJ-X0SS-QOUW,,17.99,17.99,17.99,17.99,COMPLIANCE,"[""BINDING_CEILING_COMPLIANCE""]"
2026-02-18T09:29:09Z,CX-SMCH-4DYA,,17.99,17.99,17.99,17.99,COMPLIANCE,"[""BINDING_CEILING_COMPLIANCE""]"
2026-02-18T09:29:09Z,D0-C7C0-H6LN,,17.99,17.99,17.99,17.99,COMPLIANCE,"[""BINDING_CEILING_COMPLIANCE""]"
2026-02-18T09:29:09Z,D8-1A3E-I37F,,17.99,17.99,17.99,17.99,COMPLIANCE,"[""BINDING_CEILING_COMPLIANCE""]"
2026-02-18T09:29:09Z,DC-K5WH-R7F5,,17.99,17.99,17.99,17.99,COMPLIANCE,"[""BINDING_CEILING_COMPLIANCE""]"
2026-02-18T09:29:09Z,EV-CHU5-XU3G,,17.99,17.99,17.99,17.99,COMPLIANCE,"[""BINDING_CEILING_COMPLIANCE""]"
2026-02-18T09:29:09Z,FB-6FW0-Z82Q,,17.99,17.99,17.99,17.99,COMPLIANCE,"[""BINDING_CEILING_COMPLIANCE""]"
2026-02-18T09:29:09Z,GA-9DTN-9O1E,,17.99,17.99,17.99,17.99,COMPLIANCE,"[""BINDING_CEILING_COMPLIANCE""]"
2026-02-18T09:29:09Z,H6-E7MP-EBPD,,17.99,17.99,17.99,17.99,COMPLIANCE,"[""BINDING_CEILING_COMPLIANCE""]"
2026-02-18T09:29:09Z,HL-03ZR-QPHH,,17.99,17.99,17.99,17.99,COMPLIANCE,"[""BINDING_CEILING_COMPLIANCE""]"
2026-02-18T09:29:09Z,HS-R5IP-7E1C,,17.99,17.99,17.99,17.99,COMPLIANCE,"[""BINDING_CEILING_COMPLIANCE""]"
2026-02-18T09:29:09Z,IJ-V0PQ-4CZ4,,17.99,17.99,17.99,17.99,COMPLIANCE,"[""BINDING_CEILING_COMPLIANCE""]"
2026-02-18T09:29:09Z,JB-RGB6-LZOJ,,9.99,9.99,9.99,9.99,COMPLIANCE,"[""BINDING_CEILING_COMPLIANCE""]"
2026-02-18T09:29:09Z,L1-54EX-56YC,,17.99,17.99,17.99,17.99,COMPLIANCE,"[""BINDING_CEILING_COMPLIANCE""]"
2026-02-18T09:29:09Z,L5-PF3B-WHU4,,17.99,17.99,17.99,17.99,COMPLIANCE,"[""BINDING_CEILING_COMPLIANCE""]"
2026-02-18T09:29:09Z,LP-QMNJ-J49G,,17.99,17.99,17.99,17.99,COMPLIANCE,"[""BINDING_CEILING_COMPLIANCE""]"
2026-02-18T09:29:09Z,LR-7GM6-1RCH,,17.99,17.99,17.99,17.99,COMPLIANCE,"[""BINDING_CEILING_COMPLIANCE""]"
2026-02-18T09:29:09Z,OV-LVEL-DQL6,,17.99,17.99,17.99,17.99,COMPLIANCE,"[""BINDING_CEILING_COMPLIANCE""]"
2026-02-18T09:29:09Z,R4-0AXZ-ZZ9D,,17.99,17.99,17.99,17.99,COMPLIANCE,"[""BINDING_CEILING_COMPLIANCE""]"
2026-02-18T09:29:09Z,R7-98IN-2PW8,,17.99,17.99,17.99,17.99,COMPLIANCE,"[""BINDING_CEILING_COMPLIANCE""]"
2026-02-18T09:29:09Z,RI-VSUS-0YTD,,17.99,17.99,17.99,17.99,COMPLIANCE,"[""BINDING_CEILING_COMPLIANCE""]"
2026-02-18T09:29:09Z,RZ-6ZL9-CZ7J,,7.99,7.99,7.99,7.99,COMPLIANCE,"[""BINDING_CEILING_COMPLIANCE""]"
2026-02-18T09:29:09Z,TJ-6LOP-OPEU,,9.00,9.00,9.00,9.00,COMPLIANCE,"[""BINDING_CEILING_COMPLIANCE""]"
2026-02-18T09:29:09Z,TK-E7QE-T40G,,17.99,17.99,17.99,17.99,COMPLIANCE,"[""BINDING_CEILING_COMPLIANCE""]"
2026-02-18T09:29:09Z,UR-Q7TM-1F3I,,17.99,17.99,17.99,17.99,COMPLIANCE,"[""BINDING_CEILING_COMPLIANCE""]"
2026-02-18T09:29:09Z,US-AK96-YFSB,,17.99,17.99,17.99,17.99,COMPLIANCE,"[""BINDING_CEILING_COMPLIANCE""]"
2026-02-18T09:29:09Z,VF-3T0K-DR5O,,9.99,9.99,9.99,9.99,COMPLIANCE,"[""BINDING_CEILING_COMPLIANCE""]"
2026-02-18T09:29:09Z,VO-A6AR-18YS,,17.99,17.99,17.99,17.99,COMPLIANCE,"[""BINDING_CEILING_COMPLIANCE""]"
2026-02-18T09:29:09Z,VU-8KRA-QP5M,,17.99,17.99,17.99,17.99,COMPLIANCE,"[""BINDING_CEILING_COMPLIANCE""]"
2026-02-18T09:29:09Z,W3-8FN7-FSP0,,17.99,17.99,17.99,17.99,COMPLIANCE,"[""BINDING_CEILING_COMPLIANCE""]"
2026-02-18T09:29:09Z,WE-1Z7L-SA2I,,17.99,17.99,17.99,17.99,COMPLIANCE,"[""BINDING_CEILING_COMPLIANCE""]"
2026-02-18T09:29:09Z,X7-MY4W-H2I4,,17.99,17.99,17.99,17.99,COMPLIANCE,"[""BINDING_CEILING_COMPLIANCE""]"
2026-02-18T09:29:09Z,XE-27ZG-EZPZ,,17.99,17.99,17.99,17.99,COMPLIANCE,"[""BINDING_CEILING_COMPLIANCE""]"
2026-02-18T09:29:09Z,XE-YPAI-HX9F,,17.99,17.99,17.99,17.99,COMPLIANCE,"[""BINDING_CEILING_COMPLIANCE""]"
2026-02-18T09:29:09Z,XH-0LAE-FQO5,,8.99,8.99,8.99,8.99,COMPLIANCE,"[""BINDING_CEILING_COMPLIANCE""]"
2026-02-18T09:29:09Z,YC-3L3M-BV48,,109.45,109.45,109.45,109.45,COMPLIANCE,"[""BINDING_CEILING_COMPLIANCE""]"
2026-02-18T09:29:09Z,YO-EKK2-FRCC,,17.99,17.99,17.99,17.99,COMPLIANCE,"[""BINDING_CEILING_COMPLIANCE""]"
2026-02-18T09:29:09Z,Z7-26PV-O9LR,,17.99,17.99,17.99,17.99,COMPLIANCE,"[""BINDING_CEILING_COMPLIANCE""]"
2026-02-18T09:29:09Z,ZT-QPY3-P24I,,17.99,17.99,17.99,17.99,COMPLIANCE,"[""BINDING_CEILING_COMPLIANCE""]"
2026-02-18T09:48:36Z,0G-JB6S-PN34,,17.99,17.99,17.99,17.99,COMPLIANCE,"[""BINDING_CEILING_COMPLIANCE""]"
2026-02-18T09:48:36Z,0R-GRRH-W0Z9,,17.99,17.99,17.99,17.99,COMPLIANCE,"[""BINDING_CEILING_COMPLIANCE""]"
2026-02-18T09:48:36Z,2G-AYBQ-TUQG,,17.99,17.99,17.99,17.99,COMPLIANCE,"[""BINDING_CEILING_COMPLIANCE""]"
2026-02-18T09:48:36Z,3X-EXDD-TD2K,,17.99,17.99,17.99,17.99,COMPLIANCE,"[""BINDING_CEILING_COMPLIANCE""]"
2026-02-18T09:48:36Z,4W-VS57-BV6A,,44.99,44.99,44.99,44.99,COMPLIANCE,"[""BINDING_CEILING_COMPLIANCE""]"
2026-02-18T09:48:36Z,6Q-9G2A-IKVV,,17.99,17.99,17.99,17.99,COMPLIANCE,"[""BINDING_CEILING_COMPLIANCE""]"
2026-02-18T09:48:36Z,6V-EEC1-2S9Z,,10.64,10.64,10.64,10.64,COMPLIANCE,"[""BINDING_CEILING_COMPLIANCE""]"
2026-02-18T09:48:36Z,714810,,17.99,17.99,17.99,17.99,COMPLIANCE,"[""BINDING_CEILING_COMPLIANCE""]"
2026-02-18T09:48:36Z,7M-48OU-23X3,,17.99,17.99,17.99,17.99,COMPLIANCE,"[""BINDING_CEILING_COMPLIANCE""]"
2026-02-18T09:48:36Z,8M-LM6B-F2Q5,,17.99,17.99,17.99,17.99,COMPLIANCE,"[""BINDING_CEILING_COMPLIANCE""]"
2026-02-18T09:48:36Z,8M-NHB7-T8TR,,17.99,17.99,17.99,17.99,COMPLIANCE,"[""BINDING_CEILING_COMPLIANCE""]"
2026-02-18T09:48:36Z,8U-QPFH-3EKQ,,17.99,17.99,17.99,17.99,COMPLIANCE,"[""BINDING_CEILING_COMPLIANCE""]"
2026-02-18T09:48:36Z,9X-HL62-83C7,,17.99,17.99,17.99,17.99,COMPLIANCE,"[""BINDING_CEILING_COMPLIANCE""]"
2026-02-18T09:48:36Z,A2-T2AC-TW3L,,17.99,17.99,17.99,17.99,COMPLIANCE,"[""BINDING_CEILING_COMPLIANCE""]"
2026-02-18T09:48:36Z,AF-KIHX-ANYY,,17.99,17.99,17.99,17.99,COMPLIANCE,"[""BINDING_CEILING_COMPLIANCE""]"
2026-02-18T09:48:36Z,AX-NKNU-29C1,,3.99,3.99,3.99,3.99,COMPLIANCE,"[""BINDING_CEILING_COMPLIANCE""]"
2026-02-18T09:48:36Z,BL-WX51-KQOK,,17.99,17.99,17.99,17.99,COMPLIANCE,"[""BINDING_CEILING_COMPLIANCE""]"
2026-02-18T09:48:36Z,CJ-X0SS-QOUW,,17.99,17.99,17.99,17.99,COMPLIANCE,"[""BINDING_CEILING_COMPLIANCE""]"
2026-02-18T09:48:36Z,CX-SMCH-4DYA,,17.99,17.99,17.99,17.99,COMPLIANCE,"[""BINDING_CEILING_COMPLIANCE""]"
2026-02-18T09:48:36Z,D0-C7C0-H6LN,,17.99,17.99,17.99,17.99,COMPLIANCE,"[""BINDING_CEILING_COMPLIANCE""]"
2026-02-18T09:48:36Z,D8-1A3E-I37F,,17.99,17.99,17.99,17.99,COMPLIANCE,"[""BINDING_CEILING_COMPLIANCE""]"
2026-02-18T09:48:36Z,DC-K5WH-R7F5,,17.99,17.99,17.99,17.99,COMPLIANCE,"[""BINDING_CEILING_COMPLIANCE""]"
2026-02-18T09:48:36Z,EV-CHU5-XU3G,,17.99,17.99,17.99,17.99,COMPLIANCE,"[""BINDING_CEILING_COMPLIANCE""]"
2026-02-18T09:48:36Z,FB-6FW0-Z82Q,,17.99,17.99,17.99,17.99,COMPLIANCE,"[""BINDING_CEILING_COMPLIANCE""]"
2026-02-18T09:48:36Z,GA-9DTN-9O1E,,17.99,17.99,17.99,17.99,COMPLIANCE,"[""BINDING_CEILING_COMPLIANCE""]"
2026-02-18T09:48:36Z,H6-E7MP-EBPD,,17.99,17.99,17.99,17.99,COMPLIANCE,"[""BINDING_CEILING_COMPLIANCE""]"
2026-02-18T09:48:36Z,HL-03ZR-QPHH,,17.99,17.99,17.99,17.99,COMPLIANCE,"[""BINDING_CEILING_COMPLIANCE""]"
2026-02-18T09:48:36Z,HS-R5IP-7E1C,,17.99,17.99,17.99,17.99,COMPLIANCE,"[""BINDING_CEILING_COMPLIANCE""]"
2026-02-18T09:48:36Z,IJ-V0PQ-4CZ4,,17.99,17.99,17.99,17.99,COMPLIANCE,"[""BINDING_CEILING_COMPLIANCE""]"
2026-02-18T09:48:36Z,JB-RGB6-LZOJ,,9.99,9.99,9.99,9.99,COMPLIANCE,"[""BINDING_CEILING_COMPLIANCE""]"
2026-02-18T09:48:36Z,L1-54EX-56YC,,17.99,17.99,17.99,17.99,COMPLIANCE,"[""BINDING_CEILING_COMPLIANCE""]"
2026-02-18T09:48:36Z,L5-PF3B-WHU4,,17.99,17.99,17.99,17.99,COMPLIANCE,"[""BINDING_CEILING_COMPLIANCE""]"
2026-02-18T09:48:36Z,LP-QMNJ-J49G,,17.99,17.99,17.99,17.99,COMPLIANCE,"[""BINDING_CEILING_COMPLIANCE""]"
2026-02-18T09:48:36Z,LR-7GM6-1RCH,,17.99,17.99,17.99,17.99,COMPLIANCE,"[""BINDING_CEILING_COMPLIANCE""]"
2026-02-18T09:48:36Z,OV-LVEL-DQL6,,17.99,17.99,17.99,17.99,COMPLIANCE,"[""BINDING_CEILING_COMPLIANCE""]"
2026-02-18T09:48:36Z,R4-0AXZ-ZZ9D,,17.99,17.99,17.99,17.99,COMPLIANCE,"[""BINDING_CEILING_COMPLIANCE""]"
2026-02-18T09:48:36Z,R7-98IN-2PW8,,17.99,17.99,17.99,17.99,COMPLIANCE,"[""BINDING_CEILING_COMPLIANCE""]"
2026-02-18T09:48:36Z,RI-VSUS-0YTD,,17.99,17.99,17.99,17.99,COMPLIANCE,"[""BINDING_CEILING_COMPLIANCE""]"
2026-02-18T09:48:36Z,RZ-6ZL9-CZ7J,,7.99,7.99,7.99,7.99,COMPLIANCE,"[""BINDING_CEILING_COMPLIANCE""]"
2026-02-18T09:48:36Z,TJ-6LOP-OPEU,,9.00,9.00,9.00,9.00,COMPLIANCE,"[""BINDING_CEILING_COMPLIANCE""]"
2026-02-18T09:48:36Z,TK-E7QE-T40G,,17.99,17.99,17.99,17.99,COMPLIANCE,"[""BINDING_CEILING_COMPLIANCE""]"
2026-02-18T09:48:36Z,UR-Q7TM-1F3I,,17.99,17.99,17.99,17.99,COMPLIANCE,"[""BINDING_CEILING_COMPLIANCE""]"
2026-02-18T09:48:36Z,US-AK96-YFSB,,17.99,17.99,17.99,17.99,COMPLIANCE,"[""BINDING_CEILING_COMPLIANCE""]"
2026-02-18T09:48:36Z,VF-3T0K-DR5O,,9.99,9.99,9.99,9.99,COMPLIANCE,"[""BINDING_CEILING_COMPLIANCE""]"
2026-02-18T09:48:36Z,VO-A6AR-18YS,,17.99,17.99,17.99,17.99,COMPLIANCE,"[""BINDING_CEILING_COMPLIANCE""]"
2026-02-18T09:48:36Z,VU-8KRA-QP5M,,17.99,17.99,17.99,17.99,COMPLIANCE,"[""BINDING_CEILING_COMPLIANCE""]"
2026-02-18T09:48:36Z,W3-8FN7-FSP0,,17.99,17.99,17.99,17.99,COMPLIANCE,"[""BINDING_CEILING_COMPLIANCE""]"
2026-02-18T09:48:36Z,WE-1Z7L-SA2I,,17.99,17.99,17.99,17.99,COMPLIANCE,"[""BINDING_CEILING_COMPLIANCE""]"
2026-02-18T09:48:36Z,X7-MY4W-H2I4,,17.99,17.99,17.99,17.99,COMPLIANCE,"[""BINDING_CEILING_COMPLIANCE""]"
2026-02-18T09:48:36Z,XE-27ZG-EZPZ,,17.99,17.99,17.99,17.99,COMPLIANCE,"[""BINDING_CEILING_COMPLIANCE""]"
2026-02-18T09:48:36Z,XE-YPAI-HX9F,,17.99,17.99,17.99,17.99,COMPLIANCE,"[""BINDING_CEILING_COMPLIANCE""]"
2026-02-18T09:48:36Z,XH-0LAE-FQO5,,8.99,8.99,8.99,8.99,COMPLIANCE,"[""BINDING_CEILING_COMPLIANCE""]"
2026-02-18T09:48:36Z,YC-3L3M-BV48,,109.45,109.45,109.45,109.45,COMPLIANCE,"[""BINDING_CEILING_COMPLIANCE""]"
2026-02-18T09:48:36Z,YO-EKK2-FRCC,,17.99,17.99,17.99,17.99,COMPLIANCE,"[""BINDING_CEILING_COMPLIANCE""]"
2026-02-18T09:48:36Z,Z7-26PV-O9LR,,17.99,17.99,17.99,17.99,COMPLIANCE,"[""BINDING_CEILING_COMPLIANCE""]"
2026-02-18T09:48:36Z,ZT-QPY3-P24I,,17.99,17.99,17.99,17.99,COMPLIANCE,"[""BINDING_CEILING_COMPLIANCE""]"
2026-02-18T10:08:13Z,0G-JB6S-PN34,,17.99,17.99,17.99,17.99,COMPLIANCE,"[""BINDING_CEILING_COMPLIANCE""]"
2026-02-18T10:08:13Z,0R-GRRH-W0Z9,,17.99,17.99,17.99,17.99,COMPLIANCE,"[""BINDING_CEILING_COMPLIANCE""]"
2026-02-18T10:08:13Z,2G-AYBQ-TUQG,,17.99,17.99,17.99,17.99,COMPLIANCE,"[""BINDING_CEILING_COMPLIANCE""]"
2026-02-18T10:08:13Z,3X-EXDD-TD2K,,17.99,17.99,17.99,17.99,COMPLIANCE,"[""BINDING_CEILING_COMPLIANCE""]"
2026-02-18T10:08:13Z,4W-VS57-BV6A,,44.99,44.99,44.99,44.99,COMPLIANCE,"[""BINDING_CEILING_COMPLIANCE""]"
2026-02-18T10:08:13Z,6Q-9G2A-IKVV,,17.99,17.99,17.99,17.99,COMPLIANCE,"[""BINDING_CEILING_COMPLIANCE""]"
2026-02-18T10:08:13Z,6V-EEC1-2S9Z,,10.64,10.64,10.64,10.64,COMPLIANCE,"[""BINDING_CEILING_COMPLIANCE""]"
2026-02-18T10:08:13Z,714810,,17.99,17.99,17.99,17.99,COMPLIANCE,"[""BINDING_CEILING_COMPLIANCE""]"
2026-02-18T10:08:13Z,7M-48OU-23X3,,17.99,17.99,17.99,17.99,COMPLIANCE,"[""BINDING_CEILING_COMPLIANCE""]"
2026-02-18T10:08:13Z,8M-LM6B-F2Q5,,17.99,17.99,17.99,17.99,COMPLIANCE,"[""BINDING_CEILING_COMPLIANCE""]"
2026-02-18T10:08:13Z,8M-NHB7-T8TR,,17.99,17.99,17.99,17.99,COMPLIANCE,"[""BINDING_CEILING_COMPLIANCE""]"
2026-02-18T10:08:13Z,8U-QPFH-3EKQ,,17.99,17.99,17.99,17.99,COMPLIANCE,"[""BINDING_CEILING_COMPLIANCE""]"
2026-02-18T10:08:13Z,9X-HL62-83C7,,17.99,17.99,17.99,17.99,COMPLIANCE,"[""BINDING_CEILING_COMPLIANCE""]"
2026-02-18T10:08:13Z,A2-T2AC-TW3L,,17.99,17.99,17.99,17.99,COMPLIANCE,"[""BINDING_CEILING_COMPLIANCE""]"
2026-02-18T10:08:13Z,AF-KIHX-ANYY,,17.99,17.99,17.99,17.99,COMPLIANCE,"[""BINDING_CEILING_COMPLIANCE""]"
2026-02-18T10:08:13Z,AX-NKNU-29C1,,3.99,3.99,3.99,3.99,COMPLIANCE,"[""BINDING_CEILING_COMPLIANCE""]"
2026-02-18T10:08:13Z,BL-WX51-KQOK,,17.99,17.99,17.99,17.99,COMPLIANCE,"[""BINDING_CEILING_COMPLIANCE""]"
2026-02-18T10:08:13Z,CJ-X0SS-QOUW,,17.99,17.99,17.99,17.99,COMPLIANCE,"[""BINDING_CEILING_COMPLIANCE""]"
2026-02-18T10:08:13Z,CX-SMCH-4DYA,,17.99,17.99,17.99,17.99,COMPLIANCE,"[""BINDING_CEILING_COMPLIANCE""]"
2026-02-18T10:08:13Z,D0-C7C0-H6LN,,17.99,17.99,17.99,17.99,COMPLIANCE,"[""BINDING_CEILING_COMPLIANCE""]"
2026-02-18T10:08:13Z,D8-1A3E-I37F,,17.99,17.99,17.99,17.99,COMPLIANCE,"[""BINDING_CEILING_COMPLIANCE""]"
2026-02-18T10:08:13Z,DC-K5WH-R7F5,,17.99,17.99,17.99,17.99,COMPLIANCE,"[""BINDING_CEILING_COMPLIANCE""]"
2026-02-18T10:08:13Z,EV-CHU5-XU3G,,17.99,17.99,17.99,17.99,COMPLIANCE,"[""BINDING_CEILING_COMPLIANCE""]"
2026-02-18T10:08:13Z,FB-6FW0-Z82Q,,17.99,17.99,17.99,17.99,COMPLIANCE,"[""BINDING_CEILING_COMPLIANCE""]"
2026-02-18T10:08:13Z,GA-9DTN-9O1E,,17.99,17.99,17.99,17.99,COMPLIANCE,"[""BINDING_CEILING_COMPLIANCE""]"
2026-02-18T10:08:13Z,H6-E7MP-EBPD,,17.99,17.99,17.99,17.99,COMPLIANCE,"[""BINDING_CEILING_COMPLIANCE""]"
2026-02-18T10:08:13Z,HL-03ZR-QPHH,,17.99,17.99,17.99,17.99,COMPLIANCE,"[""BINDING_CEILING_COMPLIANCE""]"
2026-02-18T10:08:13Z,HS-R5IP-7E1C,,17.99,17.99,17.99,17.99,COMPLIANCE,"[""BINDING_CEILING_COMPLIANCE""]"
2026-02-18T10:08:13Z,IJ-V0PQ-4CZ4,,17.99,17.99,17.99,17.99,COMPLIANCE,"[""BINDING_CEILING_COMPLIANCE""]"
2026-02-18T10:08:13Z,JB-RGB6-LZOJ,,9.99,9.99,9.99,9.99,COMPLIANCE,"[""BINDING_CEILING_COMPLIANCE""]"
2026-02-18T10:08:13Z,L1-54EX-56YC,,17.99,17.99,17.99,17.99,COMPLIANCE,"[""BINDING_CEILING_COMPLIANCE""]"
2026-02-18T10:08:13Z,L5-PF3B-WHU4,,17.99,17.99,17.99,17.99,COMPLIANCE,"[""BINDING_CEILING_COMPLIANCE""]"
2026-02-18T10:08:13Z,LP-QMNJ-J49G,,17.99,17.99,17.99,17.99,COMPLIANCE,"[""BINDING_CEILING_COMPLIANCE""]"
2026-02-18T10:08:13Z,LR-7GM6-1RCH,,17.99,17.99,17.99,17.99,COMPLIANCE,"[""BINDING_CEILING_COMPLIANCE""]"
2026-02-18T10:08:13Z,OV-LVEL-DQL6,,17.99,17.99,17.99,17.99,COMPLIANCE,"[""BINDING_CEILING_COMPLIANCE""]"
2026-02-18T10:08:13Z,R4-0AXZ-ZZ9D,,17.99,17.99,17.99,17.99,COMPLIANCE,"[""BINDING_CEILING_COMPLIANCE""]"
2026-02-18T10:08:13Z,R7-98IN-2PW8,,17.99,17.99,17.99,17.99,COMPLIANCE,"[""BINDING_CEILING_COMPLIANCE""]"
2026-02-18T10:08:13Z,RI-VSUS-0YTD,,17.99,17.99,17.99,17.99,COMPLIANCE,"[""BINDING_CEILING_COMPLIANCE""]"
2026-02-18T10:08:13Z,RZ-6ZL9-CZ7J,,7.99,7.99,7.99,7.99,COMPLIANCE,"[""BINDING_CEILING_COMPLIANCE""]"
2026-02-18T10:08:13Z,TJ-6LOP-OPEU,,9.00,9.00,9.00,9.00,COMPLIANCE,"[""BINDING_CEILING_COMPLIANCE""]"
2026-02-18T10:08:13Z,TK-E7QE-T40G,,17.99,17.99,17.99,17.99,COMPLIANCE,"[""BINDING_CEILING_COMPLIANCE""]"
2026-02-18T10:08:13Z,UR-Q7TM-1F3I,,17.99,17.99,17.99,17.99,COMPLIANCE,"[""BINDING_CEILING_COMPLIANCE""]"
2026-02-18T10:08:13Z,US-AK96-YFSB,,17.99,17.99,17.99,17.99,COMPLIANCE,"[""BINDING_CEILING_COMPLIANCE""]"
2026-02-18T10:08:13Z,VF-3T0K-DR5O,,9.99,9.99,9.99,9.99,COMPLIANCE,"[""BINDING_CEILING_COMPLIANCE""]"
2026-02-18T10:08:13Z,VO-A6AR-18YS,,17.99,17.99,17.99,17.99,COMPLIANCE,"[""BINDING_CEILING_COMPLIANCE""]"
2026-02-18T10:08:13Z,VU-8KRA-QP5M,,17.99,17.99,17.99,17.99,COMPLIANCE,"[""BINDING_CEILING_COMPLIANCE""]"
2026-02-18T10:08:13Z,W3-8FN7-FSP0,,17.99,17.99,17.99,17.99,COMPLIANCE,"[""BINDING_CEILING_COMPLIANCE""]"
2026-02-18T10:08:13Z,WE-1Z7L-SA2I,,17.99,17.99,17.99,17.99,COMPLIANCE,"[""BINDING_CEILING_COMPLIANCE""]"
2026-02-18T10:08:13Z,X7-MY4W-H2I4,,17.99,17.99,17.99,17.99,COMPLIANCE,"[""BINDING_CEILING_COMPLIANCE""]"
2026-02-18T10:08:13Z,XE-27ZG-EZPZ,,17.99,17.99,17.99,17.99,COMPLIANCE,"[""BINDING_CEILING_COMPLIANCE""]"
2026-02-18T10:08:13Z,XE-YPAI-HX9F,,17.99,17.99,17.99,17.99,COMPLIANCE,"[""BINDING_CEILING_COMPLIANCE""]"
2026-02-18T10:08:13Z,XH-0LAE-FQO5,,8.99,8.99,8.99,8.99,COMPLIANCE,"[""BINDING_CEILING_COMPLIANCE""]"
2026-02-18T10:08:13Z,YC-3L3M-BV48,,109.45,109.45,109.45,109.45,COMPLIANCE,"[""BINDING_CEILING_COMPLIANCE""]"
2026-02-18T10:08:13Z,YO-EKK2-FRCC,,17.99,17.99,17.99,17.99,COMPLIANCE,"[""BINDING_CEILING_COMPLIANCE""]"
2026-02-18T10:08:13Z,Z7-26PV-O9LR,,17.99,17.99,17.99,17.99,COMPLIANCE,"[""BINDING_CEILING_COMPLIANCE""]"
2026-02-18T10:08:13Z,ZT-QPY3-P24I,,17.99,17.99,17.99,17.99,COMPLIANCE,"[""BINDING_CEILING_COMPLIANCE""]"
2026-02-18T10:25:40Z,0G-JB6S-PN34,,17.99,17.99,17.99,17.99,COMPLIANCE,"[""BINDING_CEILING_COMPLIANCE""]"
2026-02-18T10:25:40Z,0R-GRRH-W0Z9,,17.99,17.99,17.99,17.99,COMPLIANCE,"[""BINDING_CEILING_COMPLIANCE""]"
2026-02-18T10:25:40Z,2G-AYBQ-TUQG,,17.99,17.99,17.99,17.99,COMPLIANCE,"[""BINDING_CEILING_COMPLIANCE""]"
2026-02-18T10:25:40Z,3X-EXDD-TD2K,,17.99,17.99,17.99,17.99,COMPLIANCE,"[""BINDING_CEILING_COMPLIANCE""]"
2026-02-18T10:25:40Z,4W-VS57-BV6A,,44.99,44.99,44.99,44.99,COMPLIANCE,"[""BINDING_CEILING_COMPLIANCE""]"
2026-02-18T10:25:40Z,6Q-9G2A-IKVV,,17.99,17.99,17.99,17.99,COMPLIANCE,"[""BINDING_CEILING_COMPLIANCE""]"
2026-02-18T10:25:40Z,6V-EEC1-2S9Z,,10.64,10.64,10.64,10.64,COMPLIANCE,"[""BINDING_CEILING_COMPLIANCE""]"
2026-02-18T10:25:40Z,714810,,17.99,17.99,17.99,17.99,COMPLIANCE,"[""BINDING_CEILING_COMPLIANCE""]"
2026-02-18T10:25:40Z,7M-48OU-23X3,,17.99,17.99,17.99,17.99,COMPLIANCE,"[""BINDING_CEILING_COMPLIANCE""]"
2026-02-18T10:25:40Z,8M-LM6B-F2Q5,,17.99,17.99,17.99,17.99,COMPLIANCE,"[""BINDING_CEILING_COMPLIANCE""]"
2026-02-18T10:25:40Z,8M-NHB7-T8TR,,17.99,17.99,17.99,17.99,COMPLIANCE,"[""BINDING_CEILING_COMPLIANCE""]"
2026-02-18T10:25:40Z,8U-QPFH-3EKQ,,17.99,17.99,17.99,17.99,COMPLIANCE,"[""BINDING_CEILING_COMPLIANCE""]"
2026-02-18T10:25:40Z,9X-HL62-83C7,,17.99,17.99,17.99,17.99,COMPLIANCE,"[""BINDING_CEILING_COMPLIANCE""]"
2026-02-18T10:25:40Z,A2-T2AC-TW3L,,17.99,17.99,17.99,17.99,COMPLIANCE,"[""BINDING_CEILING_COMPLIANCE""]"
2026-02-18T10:25:40Z,AF-KIHX-ANYY,,17.99,17.99,17.99,17.99,COMPLIANCE,"[""BINDING_CEILING_COMPLIANCE""]"
2026-02-18T10:25:40Z,AX-NKNU-29C1,,3.99,3.99,3.99,3.99,COMPLIANCE,"[""BINDING_CEILING_COMPLIANCE""]"
2026-02-18T10:25:40Z,BL-WX51-KQOK,,17.99,17.99,17.99,17.99,COMPLIANCE,"[""BINDING_CEILING_COMPLIANCE""]"
2026-02-18T10:25:40Z,CJ-X0SS-QOUW,,17.99,17.99,17.99,17.99,COMPLIANCE,"[""BINDING_CEILING_COMPLIANCE""]"
2026-02-18T10:25:40Z,CX-SMCH-4DYA,,17.99,17.99,17.99,17.99,COMPLIANCE,"[""BINDING_CEILING_COMPLIANCE""]"
2026-02-18T10:25:40Z,D0-C7C0-H6LN,,17.99,17.99,17.99,17.99,COMPLIANCE,"[""BINDING_CEILING_COMPLIANCE""]"
2026-02-18T10:25:40Z,D8-1A3E-I37F,,17.99,17.99,17.99,17.99,COMPLIANCE,"[""BINDING_CEILING_COMPLIANCE""]"
2026-02-18T10:25:40Z,DC-K5WH-R7F5,,17.99,17.99,17.99,17.99,COMPLIANCE,"[""BINDING_CEILING_COMPLIANCE""]"
2026-02-18T10:25:40Z,EV-CHU5-XU3G,,17.99,17.99,17.99,17.99,COMPLIANCE,"[""BINDING_CEILING_COMPLIANCE""]"
2026-02-18T10:25:40Z,FB-6FW0-Z82Q,,17.99,17.99,17.99,17.99,COMPLIANCE,"[""BINDING_CEILING_COMPLIANCE""]"
2026-02-18T10:25:40Z,GA-9DTN-9O1E,,17.99,17.99,17.99,17.99,COMPLIANCE,"[""BINDING_CEILING_COMPLIANCE""]"
2026-02-18T10:25:40Z,H6-E7MP-EBPD,,17.99,17.99,17.99,17.99,COMPLIANCE,"[""BINDING_CEILING_COMPLIANCE""]"
2026-02-18T10:25:40Z,HL-03ZR-QPHH,,17.99,17.99,17.99,17.99,COMPLIANCE,"[""BINDING_CEILING_COMPLIANCE""]"
2026-02-18T10:25:40Z,HS-R5IP-7E1C,,17.99,17.99,17.99,17.99,COMPLIANCE,"[""BINDING_CEILING_COMPLIANCE""]"
2026-02-18T10:25:40Z,IJ-V0PQ-4CZ4,,17.99,17.99,17.99,17.99,COMPLIANCE,"[""BINDING_CEILING_COMPLIANCE""]"
2026-02-18T10:25:40Z,JB-RGB6-LZOJ,,9.99,9.99,9.99,9.99,COMPLIANCE,"[""BINDING_CEILING_COMPLIANCE""]"
2026-02-18T10:25:40Z,L1-54EX-56YC,,17.99,17.99,17.99,17.99,COMPLIANCE,"[""BINDING_CEILING_COMPLIANCE""]"
2026-02-18T10:25:40Z,L5-PF3B-WHU4,,17.99,17.99,17.99,17.99,COMPLIANCE,"[""BINDING_CEILING_COMPLIANCE""]"
2026-02-18T10:25:40Z,LP-QMNJ-J49G,,17.99,17.99,17.99,17.99,COMPLIANCE,"[""BINDING_CEILING_COMPLIANCE""]"
2026-02-18T10:25:40Z,LR-7GM6-1RCH,,17.99,17.99,17.99,17.99,COMPLIANCE,"[""BINDING_CEILING_COMPLIANCE""]"
2026-02-18T10:25:40Z,OV-LVEL-DQL6,,17.99,17.99,17.99,17.99,COMPLIANCE,"[""BINDING_CEILING_COMPLIANCE""]"
2026-02-18T10:25:40Z,R4-0AXZ-ZZ9D,,17.99,17.99,17.99,17.99,COMPLIANCE,"[""BINDING_CEILING_COMPLIANCE""]"
2026-02-18T10:25:40Z,R7-98IN-2PW8,,17.99,17.99,17.99,17.99,COMPLIANCE,"[""BINDING_CEILING_COMPLIANCE""]"
2026-02-18T10:25:40Z,RI-VSUS-0YTD,,17.99,17.99,17.99,17.99,COMPLIANCE,"[""BINDING_CEILING_COMPLIANCE""]"
2026-02-18T10:25:40Z,RZ-6ZL9-CZ7J,,7.99,7.99,7.99,7.99,COMPLIANCE,"[""BINDING_CEILING_COMPLIANCE""]"
2026-02-18T10:25:40Z,TJ-6LOP-OPEU,,9.00,9.00,9.00,9.00,COMPLIANCE,"[""BINDING_CEILING_COMPLIANCE""]"
2026-02-18T10:25:40Z,TK-E7QE-T40G,,17.99,17.99,17.99,17.99,COMPLIANCE,"[""BINDING_CEILING_COMPLIANCE""]"
2026-02-18T10:25:40Z,UR-Q7TM-1F3I,,17.99,17.99,17.99,17.99,COMPLIANCE,"[""BINDING_CEILING_COMPLIANCE""]"
2026-02-18T10:25:40Z,US-AK96-YFSB,,17.99,17.99,17.99,17.99,COMPLIANCE,"[""BINDING_CEILING_COMPLIANCE""]"
2026-02-18T10:25:40Z,VF-3T0K-DR5O,,9.99,9.99,9.99,9.99,COMPLIANCE,"[""BINDING_CEILING_COMPLIANCE""]"
2026-02-18T10:25:40Z,VO-A6AR-18YS,,17.99,17.99,17.99,17.99,COMPLIANCE,"[""BINDING_CEILING_COMPLIANCE""]"
2026-02-18T10:25:40Z,VU-8KRA-QP5M,,17.99,17.99,17.99,17.99,COMPLIANCE,"[""BINDING_CEILING_COMPLIANCE""]"
2026-02-18T10:25:40Z,W3-8FN7-FSP0,,17.99,17.99,17.99,17.99,COMPLIANCE,"[""BINDING_CEILING_COMPLIANCE""]"
2026-02-18T10:25:40Z,WE-1Z7L-SA2I,,17.99,17.99,17.99,17.99,COMPLIANCE,"[""BINDING_CEILING_COMPLIANCE""]"
2026-02-18T10:25:40Z,X7-MY4W-H2I4,,17.99,17.99,17.99,17.99,COMPLIANCE,"[""BINDING_CEILING_COMPLIANCE""]"
2026-02-18T10:25:40Z,XE-27ZG-EZPZ,,17.99,17.99,17.99,17.99,COMPLIANCE,"[""BINDING_CEILING_COMPLIANCE""]"
2026-02-18T10:25:40Z,XE-YPAI-HX9F,,17.99,17.99,17.99,17.99,COMPLIANCE,"[""BINDING_CEILING_COMPLIANCE""]"
2026-02-18T10:25:40Z,XH-0LAE-FQO5,,8.99,8.99,8.99,8.99,COMPLIANCE,"[""BINDING_CEILING_COMPLIANCE""]"
2026-02-18T10:25:40Z,YC-3L3M-BV48,,109.45,109.45,109.45,109.45,COMPLIANCE,"[""BINDING_CEILING_COMPLIANCE""]"
2026-02-18T10:25:40Z,YO-EKK2-FRCC,,17.99,17.99,17.99,17.99,COMPLIANCE,"[""BINDING_CEILING_COMPLIANCE""]"
2026-02-18T10:25:40Z,Z7-26PV-O9LR,,17.99,17.99,17.99,17.99,COMPLIANCE,"[""BINDING_CEILING_COMPLIANCE""]"
2026-02-18T10:25:40Z,ZT-QPY3-P24I,,17.99,17.99,17.99,17.99,COMPLIANCE,"[""BINDING_CEILING_COMPLIANCE""]"
2026-02-18T10:45:23Z,0G-JB6S-PN34,,17.99,17.99,17.99,17.99,COMPLIANCE,"[""BINDING_CEILING_COMPLIANCE""]"
2026-02-18T10:45:23Z,0R-GRRH-W0Z9,,17.99,17.99,17.99,17.99,COMPLIANCE,"[""BINDING_CEILING_COMPLIANCE""]"
2026-02-18T10:45:23Z,2G-AYBQ-TUQG,,17.99,17.99,17.99,17.99,COMPLIANCE,"[""BINDING_CEILING_COMPLIANCE""]"
2026-02-18T10:45:23Z,3X-EXDD-TD2K,,17.99,17.99,17.99,17.99,COMPLIANCE,"[""BINDING_CEILING_COMPLIANCE""]"
2026-02-18T10:45:23Z,4W-VS57-BV6A,,44.99,44.99,44.99,44.99,COMPLIANCE,"[""BINDING_CEILING_COMPLIANCE""]"
2026-02-18T10:45:23Z,6Q-9G2A-IKVV,,17.99,17.99,17.99,17.99,COMPLIANCE,"[""BINDING_CEILING_COMPLIANCE""]"
2026-02-18T10:45:23Z,6V-EEC1-2S9Z,,10.64,10.64,10.64,10.64,COMPLIANCE,"[""BINDING_CEILING_COMPLIANCE""]"
2026-02-18T10:45:23Z,714810,,17.99,17.99,17.99,17.99,COMPLIANCE,"[""BINDING_CEILING_COMPLIANCE""]"
2026-02-18T10:45:23Z,7M-48OU-23X3,,17.99,17.99,17.99,17.99,COMPLIANCE,"[""BINDING_CEILING_COMPLIANCE""]"
2026-02-18T10:45:23Z,8M-LM6B-F2Q5,,17.99,17.99,17.99,17.99,COMPLIANCE,"[""BINDING_CEILING_COMPLIANCE""]"
2026-02-18T10:45:23Z,8M-NHB7-T8TR,,17.99,17.99,17.99,17.99,COMPLIANCE,"[""BINDING_CEILING_COMPLIANCE""]"
2026-02-18T10:45:23Z,8U-QPFH-3EKQ,,17.99,17.99,17.99,17.99,COMPLIANCE,"[""BINDING_CEILING_COMPLIANCE""]"
2026-02-18T10:45:23Z,9X-HL62-83C7,,17.99,17.99,17.99,17.99,COMPLIANCE,"[""BINDING_CEILING_COMPLIANCE""]"
2026-02-18T10:45:23Z,A2-T2AC-TW3L,,17.99,17.99,17.99,17.99,COMPLIANCE,"[""BINDING_CEILING_COMPLIANCE""]"
2026-02-18T10:45:23Z,AF-KIHX-ANYY,,17.99,17.99,17.99,17.99,COMPLIANCE,"[""BINDING_CEILING_COMPLIANCE""]"
2026-02-18T10:45:23Z,AX-NKNU-29C1,,3.99,3.99,3.99,3.99,COMPLIANCE,"[""BINDING_CEILING_COMPLIANCE""]"
2026-02-18T10:45:23Z,BL-WX51-KQOK,,17.99,17.99,17.99,17.99,COMPLIANCE,"[""BINDING_CEILING_COMPLIANCE""]"
2026-02-18T10:45:23Z,CJ-X0SS-QOUW,,17.99,17.99,17.99,17.99,COMPLIANCE,"[""BINDING_CEILING_COMPLIANCE""]"
2026-02-18T10:45:23Z,CX-SMCH-4DYA,,17.99,17.99,17.99,17.99,COMPLIANCE,"[""BINDING_CEILING_COMPLIANCE""]"
2026-02-18T10:45:23Z,D0-C7C0-H6LN,,17.99,17.99,17.99,17.99,COMPLIANCE,"[""BINDING_CEILING_COMPLIANCE""]"
2026-02-18T10:45:23Z,D8-1A3E-I37F,,17.99,17.99,17.99,17.99,COMPLIANCE,"[""BINDING_CEILING_COMPLIANCE""]"
2026-02-18T10:45:23Z,DC-K5WH-R7F5,,17.99,17.99,17.99,17.99,COMPLIANCE,"[""BINDING_CEILING_COMPLIANCE""]"
2026-02-18T10:45:23Z,EV-CHU5-XU3G,,17.99,17.99,17.99,17.99,COMPLIANCE,"[""BINDING_CEILING_COMPLIANCE""]"
2026-02-18T10:45:23Z,FB-6FW0-Z82Q,,17.99,17.99,17.99,17.99,COMPLIANCE,"[""BINDING_CEILING_COMPLIANCE""]"
2026-02-18T10:45:23Z,GA-9DTN-9O1E,,17.99,17.99,17.99,17.99,COMPLIANCE,"[""BINDING_CEILING_COMPLIANCE""]"
2026-02-18T10:45:23Z,H6-E7MP-EBPD,,17.99,17.99,17.99,17.99,COMPLIANCE,"[""BINDING_CEILING_COMPLIANCE""]"
2026-02-18T10:45:23Z,HL-03ZR-QPHH,,17.99,17.99,17.99,17.99,COMPLIANCE,"[""BINDING_CEILING_COMPLIANCE""]"
2026-02-18T10:45:23Z,HS-R5IP-7E1C,,17.99,17.99,17.99,17.99,COMPLIANCE,"[""BINDING_CEILING_COMPLIANCE""]"
2026-02-18T10:45:23Z,IJ-V0PQ-4CZ4,,17.99,17.99,17.99,17.99,COMPLIANCE,"[""BINDING_CEILING_COMPLIANCE""]"
2026-02-18T10:45:23Z,JB-RGB6-LZOJ,,9.99,9.99,9.99,9.99,COMPLIANCE,"[""BINDING_CEILING_COMPLIANCE""]"
2026-02-18T10:45:23Z,L1-54EX-56YC,,17.99,17.99,17.99,17.99,COMPLIANCE,"[""BINDING_CEILING_COMPLIANCE""]"
2026-02-18T10:45:23Z,L5-PF3B-WHU4,,17.99,17.99,17.99,17.99,COMPLIANCE,"[""BINDING_CEILING_COMPLIANCE""]"
2026-02-18T10:45:23Z,LP-QMNJ-J49G,,17.99,17.99,17.99,17.99,COMPLIANCE,"[""BINDING_CEILING_COMPLIANCE""]"
2026-02-18T10:45:23Z,LR-7GM6-1RCH,,17.99,17.99,17.99,17.99,COMPLIANCE,"[""BINDING_CEILING_COMPLIANCE""]"
2026-02-18T10:45:23Z,OV-LVEL-DQL6,,17.99,17.99,17.99,17.99,COMPLIANCE,"[""BINDING_CEILING_COMPLIANCE""]"
2026-02-18T10:45:23Z,R4-0AXZ-ZZ9D,,17.99,17.99,17.99,17.99,COMPLIANCE,"[""BINDING_CEILING_COMPLIANCE""]"
2026-02-18T10:45:23Z,R7-98IN-2PW8,,17.99,17.99,17.99,17.99,COMPLIANCE,"[""BINDING_CEILING_COMPLIANCE""]"
2026-02-18T10:45:23Z,RI-VSUS-0YTD,,17.99,17.99,17.99,17.99,COMPLIANCE,"[""BINDING_CEILING_COMPLIANCE""]"
2026-02-18T10:45:23Z,RZ-6ZL9-CZ7J,,7.99,7.99,7.99,7.99,COMPLIANCE,"[""BINDING_CEILING_COMPLIANCE""]"
2026-02-18T10:45:23Z,TJ-6LOP-OPEU,,9.00,9.00,9.00,9.00,COMPLIANCE,"[""BINDING_CEILING_COMPLIANCE""]"
2026-02-18T10:45:23Z,TK-E7QE-T40G,,17.99,17.99,17.99,17.99,COMPLIANCE,"[""BINDING_CEILING_COMPLIANCE""]"
2026-02-18T10:45:23Z,UR-Q7TM-1F3I,,17.99,17.99,17.99,17.99,COMPLIANCE,"[""BINDING_CEILING_COMPLIANCE""]"
2026-02-18T10:45:23Z,US-AK96-YFSB,,17.99,17.99,17.99,17.99,COMPLIANCE,"[""BINDING_CEILING_COMPLIANCE""]"
2026-02-18T10:45:23Z,VF-3T0K-DR5O,,9.99,9.99,9.99,9.99,COMPLIANCE,"[""BINDING_CEILING_COMPLIANCE""]"
2026-02-18T10:45:23Z,VO-A6AR-18YS,,17.99,17.99,17.99,17.99,COMPLIANCE,"[""BINDING_CEILING_COMPLIANCE""]"
2026-02-18T10:45:23Z,VU-8KRA-QP5M,,17.99,17.99,17.99,17.99,COMPLIANCE,"[""BINDING_CEILING_COMPLIANCE""]"
2026-02-18T10:45:23Z,W3-8FN7-FSP0,,17.99,17.99,17.99,17.99,COMPLIANCE,"[""BINDING_CEILING_COMPLIANCE""]"
2026-02-18T10:45:23Z,WE-1Z7L-SA2I,,17.99,17.99,17.99,17.99,COMPLIANCE,"[""BINDING_CEILING_COMPLIANCE""]"
2026-02-18T10:45:23Z,X7-MY4W-H2I4,,17.99,17.99,17.99,17.99,COMPLIANCE,"[""BINDING_CEILING_COMPLIANCE""]"
2026-02-18T10:45:23Z,XE-27ZG-EZPZ,,17.99,17.99,17.99,17.99,COMPLIANCE,"[""BINDING_CEILING_COMPLIANCE""]"
2026-02-18T10:45:23Z,XE-YPAI-HX9F,,17.99,17.99,17.99,17.99,COMPLIANCE,"[""BINDING_CEILING_COMPLIANCE""]"
2026-02-18T10:45:23Z,XH-0LAE-FQO5,,8.99,8.99,8.99,8.99,COMPLIANCE,"[""BINDING_CEILING_COMPLIANCE""]"
2026-02-18T10:45:23Z,YC-3L3M-BV48,,109.45,109.45,109.45,109.45,COMPLIANCE,"[""BINDING_CEILING_COMPLIANCE""]"
2026-02-18T10:45:23Z,YO-EKK2-FRCC,,17.99,17.99,17.99,17.99,COMPLIANCE,"[""BINDING_CEILING_COMPLIANCE""]"
2026-02-18T10:45:23Z,Z7-26PV-O9LR,,17.99,17.99,17.99,17.99,COMPLIANCE,"[""BINDING_CEILING_COMPLIANCE""]"
2026-02-18T10:45:23Z,ZT-QPY3-P24I,,17.99,17.99,17.99,17.99,COMPLIANCE,"[""BINDING_CEILING_COMPLIANCE""]"
2026-02-18T11:04:52Z,0G-JB6S-PN34,,17.99,17.99,17.99,17.99,COMPLIANCE,"[""BINDING_CEILING_COMPLIANCE""]"
2026-02-18T11:04:52Z,0R-GRRH-W0Z9,,17.99,17.99,17.99,17.99,COMPLIANCE,"[""BINDING_CEILING_COMPLIANCE""]"
2026-02-18T11:04:52Z,2G-AYBQ-TUQG,,17.99,17.99,17.99,17.99,COMPLIANCE,"[""BINDING_CEILING_COMPLIANCE""]"
2026-02-18T11:04:52Z,3X-EXDD-TD2K,,17.99,17.99,17.99,17.99,COMPLIANCE,"[""BINDING_CEILING_COMPLIANCE""]"
2026-02-18T11:04:52Z,4W-VS57-BV6A,,44.99,44.99,44.99,44.99,COMPLIANCE,"[""BINDING_CEILING_COMPLIANCE""]"
2026-02-18T11:04:52Z,6Q-9G2A-IKVV,,17.99,17.99,17.99,17.99,COMPLIANCE,"[""BINDING_CEILING_COMPLIANCE""]"
2026-02-18T11:04:52Z,6V-EEC1-2S9Z,,10.64,10.64,10.64,10.64,COMPLIANCE,"[""BINDING_CEILING_COMPLIANCE""]"
2026-02-18T11:04:52Z,714810,,17.99,17.99,17.99,17.99,COMPLIANCE,"[""BINDING_CEILING_COMPLIANCE""]"
2026-02-18T11:04:52Z,7M-48OU-23X3,,17.99,17.99,17.99,17.99,COMPLIANCE,"[""BINDING_CEILING_COMPLIANCE""]"
2026-02-18T11:04:52Z,8M-LM6B-F2Q5,,17.99,17.99,17.99,17.99,COMPLIANCE,"[""BINDING_CEILING_COMPLIANCE""]"
2026-02-18T11:04:52Z,8M-NHB7-T8TR,,17.99,17.99,17.99,17.99,COMPLIANCE,"[""BINDING_CEILING_COMPLIANCE""]"
2026-02-18T11:04:52Z,8U-QPFH-3EKQ,,17.99,17.99,17.99,17.99,COMPLIANCE,"[""BINDING_CEILING_COMPLIANCE""]"
2026-02-18T11:04:52Z,9X-HL62-83C7,,17.99,17.99,17.99,17.99,COMPLIANCE,"[""BINDING_CEILING_COMPLIANCE""]"
2026-02-18T11:04:52Z,A2-T2AC-TW3L,,17.99,17.99,17.99,17.99,COMPLIANCE,"[""BINDING_CEILING_COMPLIANCE""]"
2026-02-18T11:04:52Z,AF-KIHX-ANYY,,17.99,17.99,17.99,17.99,COMPLIANCE,"[""BINDING_CEILING_COMPLIANCE""]"
2026-02-18T11:04:52Z,AX-NKNU-29C1,,3.99,3.99,3.99,3.99,COMPLIANCE,"[""BINDING_CEILING_COMPLIANCE""]"
2026-02-18T11:04:52Z,BL-WX51-KQOK,,17.99,17.99,17.99,17.99,COMPLIANCE,"[""BINDING_CEILING_COMPLIANCE""]"
2026-02-18T11:04:52Z,CJ-X0SS-QOUW,,17.99,17.99,17.99,17.99,COMPLIANCE,"[""BINDING_CEILING_COMPLIANCE""]"
2026-02-18T11:04:52Z,CX-SMCH-4DYA,,17.99,17.99,17.99,17.99,COMPLIANCE,"[""BINDING_CEILING_COMPLIANCE""]"
2026-02-18T11:04:52Z,D0-C7C0-H6LN,,17.99,17.99,17.99,17.99,COMPLIANCE,"[""BINDING_CEILING_COMPLIANCE""]"
2026-02-18T11:04:52Z,D8-1A3E-I37F,,17.99,17.99,17.99,17.99,COMPLIANCE,"[""BINDING_CEILING_COMPLIANCE""]"
2026-02-18T11:04:52Z,DC-K5WH-R7F5,,17.99,17.99,17.99,17.99,COMPLIANCE,"[""BINDING_CEILING_COMPLIANCE""]"
2026-02-18T11:04:52Z,EV-CHU5-XU3G,,17.99,17.99,17.99,17.99,COMPLIANCE,"[""BINDING_CEILING_COMPLIANCE""]"
2026-02-18T11:04:52Z,FB-6FW0-Z82Q,,17.99,17.99,17.99,17.99,COMPLIANCE,"[""BINDING_CEILING_COMPLIANCE""]"
2026-02-18T11:04:52Z,GA-9DTN-9O1E,,17.99,17.99,17.99,17.99,COMPLIANCE,"[""BINDING_CEILING_COMPLIANCE""]"
2026-02-18T11:04:52Z,H6-E7MP-EBPD,,17.99,17.99,17.99,17.99,COMPLIANCE,"[""BINDING_CEILING_COMPLIANCE""]"
2026-02-18T11:04:52Z,HL-03ZR-QPHH,,17.99,17.99,17.99,17.99,COMPLIANCE,"[""BINDING_CEILING_COMPLIANCE""]"
2026-02-18T11:04:52Z,HS-R5IP-7E1C,,17.99,17.99,17.99,17.99,COMPLIANCE,"[""BINDING_CEILING_COMPLIANCE""]"
2026-02-18T11:04:52Z,IJ-V0PQ-4CZ4,,17.99,17.99,17.99,17.99,COMPLIANCE,"[""BINDING_CEILING_COMPLIANCE""]"
2026-02-18T11:04:52Z,JB-RGB6-LZOJ,,9.99,9.99,9.99,9.99,COMPLIANCE,"[""BINDING_CEILING_COMPLIANCE""]"
2026-02-18T11:04:52Z,L1-54EX-56YC,,17.99,17.99,17.99,17.99,COMPLIANCE,"[""BINDING_CEILING_COMPLIANCE""]"
2026-02-18T11:04:52Z,L5-PF3B-WHU4,,17.99,17.99,17.99,17.99,COMPLIANCE,"[""BINDING_CEILING_COMPLIANCE""]"
2026-02-18T11:04:52Z,LP-QMNJ-J49G,,17.99,17.99,17.99,17.99,COMPLIANCE,"[""BINDING_CEILING_COMPLIANCE""]"
2026-02-18T11:04:52Z,LR-7GM6-1RCH,,17.99,17.99,17.99,17.99,COMPLIANCE,"[""BINDING_CEILING_COMPLIANCE""]"
2026-02-18T11:04:52Z,OV-LVEL-DQL6,,17.99,17.99,17.99,17.99,COMPLIANCE,"[""BINDING_CEILING_COMPLIANCE""]"
2026-02-18T11:04:52Z,R4-0AXZ-ZZ9D,,17.99,17.99,17.99,17.99,COMPLIANCE,"[""BINDING_CEILING_COMPLIANCE""]"
2026-02-18T11:04:52Z,R7-98IN-2PW8,,17.99,17.99,17.99,17.99,COMPLIANCE,"[""BINDING_CEILING_COMPLIANCE""]"
2026-02-18T11:04:52Z,RI-VSUS-0YTD,,17.99,17.99,17.99,17.99,COMPLIANCE,"[""BINDING_CEILING_COMPLIANCE""]"
2026-02-18T11:04:52Z,RZ-6ZL9-CZ7J,,7.99,7.99,7.99,7.99,COMPLIANCE,"[""BINDING_CEILING_COMPLIANCE""]"
2026-02-18T11:04:52Z,TJ-6LOP-OPEU,,9.00,9.00,9.00,9.00,COMPLIANCE,"[""BINDING_CEILING_COMPLIANCE""]"
2026-02-18T11:04:52Z,TK-E7QE-T40G,,17.99,17.99,17.99,17.99,COMPLIANCE,"[""BINDING_CEILING_COMPLIANCE""]"
2026-02-18T11:04:52Z,UR-Q7TM-1F3I,,17.99,17.99,17.99,17.99,COMPLIANCE,"[""BINDING_CEILING_COMPLIANCE""]"
2026-02-18T11:04:52Z,US-AK96-YFSB,,17.99,17.99,17.99,17.99,COMPLIANCE,"[""BINDING_CEILING_COMPLIANCE""]"
2026-02-18T11:04:52Z,VF-3T0K-DR5O,,9.99,9.99,9.99,9.99,COMPLIANCE,"[""BINDING_CEILING_COMPLIANCE""]"
2026-02-18T11:04:52Z,VO-A6AR-18YS,,17.99,17.99,17.99,17.99,COMPLIANCE,"[""BINDING_CEILING_COMPLIANCE""]"
2026-02-18T11:04:52Z,VU-8KRA-QP5M,,17.99,17.99,17.99,17.99,COMPLIANCE,"[""BINDING_CEILING_COMPLIANCE""]"
2026-02-18T11:04:52Z,W3-8FN7-FSP0,,17.99,17.99,17.99,17.99,COMPLIANCE,"[""BINDING_CEILING_COMPLIANCE""]"
2026-02-18T11:04:52Z,WE-1Z7L-SA2I,,17.99,17.99,17.99,17.99,COMPLIANCE,"[""BINDING_CEILING_COMPLIANCE""]"
2026-02-18T11:04:52Z,X7-MY4W-H2I4,,17.99,17.99,17.99,17.99,COMPLIANCE,"[""BINDING_CEILING_COMPLIANCE""]"
2026-02-18T11:04:52Z,XE-27ZG-EZPZ,,17.99,17.99,17.99,17.99,COMPLIANCE,"[""BINDING_CEILING_COMPLIANCE""]"
2026-02-18T11:04:52Z,XE-YPAI-HX9F,,17.99,17.99,17.99,17.99,COMPLIANCE,"[""BINDING_CEILING_COMPLIANCE""]"
2026-02-18T11:04:52Z,XH-0LAE-FQO5,,8.99,8.99,8.99,8.99,COMPLIANCE,"[""BINDING_CEILING_COMPLIANCE""]"
2026-02-18T11:04:52Z,YC-3L3M-BV48,,109.45,109.45,109.45,109.45,COMPLIANCE,"[""BINDING_CEILING_COMPLIANCE""]"
2026-02-18T11:04:52Z,YO-EKK2-FRCC,,17.99,17.99,17.99,17.99,COMPLIANCE,"[""BINDING_CEILING_COMPLIANCE""]"
2026-02-18T11:04:52Z,Z7-26PV-O9LR,,17.99,17.99,17.99,17.99,COMPLIANCE,"[""BINDING_CEILING_COMPLIANCE""]"
2026-02-18T11:04:52Z,ZT-QPY3-P24I,,17.99,17.99,17.99,17.99,COMPLIANCE,"[""BINDING_CEILING_COMPLIANCE""]"
2026-02-18T11:24:23Z,0G-JB6S-PN34,,17.99,17.99,17.99,17.99,COMPLIANCE,"[""BINDING_CEILING_COMPLIANCE""]"
2026-02-18T11:24:23Z,0R-GRRH-W0Z9,,17.99,17.99,17.99,17.99,COMPLIANCE,"[""BINDING_CEILING_COMPLIANCE""]"
2026-02-18T11:24:23Z,2G-AYBQ-TUQG,,17.99,17.99,17.99,17.99,COMPLIANCE,"[""BINDING_CEILING_COMPLIANCE""]"
2026-02-18T11:24:23Z,3X-EXDD-TD2K,,17.99,17.99,17.99,17.99,COMPLIANCE,"[""BINDING_CEILING_COMPLIANCE""]"
2026-02-18T11:24:23Z,4W-VS57-BV6A,,44.99,44.99,44.99,44.99,COMPLIANCE,"[""BINDING_CEILING_COMPLIANCE""]"
2026-02-18T11:24:23Z,6Q-9G2A-IKVV,,17.99,17.99,17.99,17.99,COMPLIANCE,"[""BINDING_CEILING_COMPLIANCE""]"
2026-02-18T11:24:23Z,6V-EEC1-2S9Z,,10.64,10.64,10.64,10.64,COMPLIANCE,"[""BINDING_CEILING_COMPLIANCE""]"
2026-02-18T11:24:23Z,714810,,17.99,17.99,17.99,17.99,COMPLIANCE,"[""BINDING_CEILING_COMPLIANCE""]"
2026-02-18T11:24:23Z,7M-48OU-23X3,,17.99,17.99,17.99,17.99,COMPLIANCE,"[""BINDING_CEILING_COMPLIANCE""]"
2026-02-18T11:24:23Z,8M-LM6B-F2Q5,,17.99,17.99,17.99,17.99,COMPLIANCE,"[""BINDING_CEILING_COMPLIANCE""]"
2026-02-18T11:24:23Z,8M-NHB7-T8TR,,17.99,17.99,17.99,17.99,COMPLIANCE,"[""BINDING_CEILING_COMPLIANCE""]"
2026-02-18T11:24:23Z,8U-QPFH-3EKQ,,17.99,17.99,17.99,17.99,COMPLIANCE,"[""BINDING_CEILING_COMPLIANCE""]"
2026-02-18T11:24:23Z,9X-HL62-83C7,,17.99,17.99,17.99,17.99,COMPLIANCE,"[""BINDING_CEILING_COMPLIANCE""]"
2026-02-18T11:24:23Z,A2-T2AC-TW3L,,17.99,17.99,17.99,17.99,COMPLIANCE,"[""BINDING_CEILING_COMPLIANCE""]"
2026-02-18T11:24:23Z,AF-KIHX-ANYY,,17.99,17.99,17.99,17.99,COMPLIANCE,"[""BINDING_CEILING_COMPLIANCE""]"
2026-02-18T11:24:23Z,AX-NKNU-29C1,,3.99,3.99,3.99,3.99,COMPLIANCE,"[""BINDING_CEILING_COMPLIANCE""]"
2026-02-18T11:24:23Z,BL-WX51-KQOK,,17.99,17.99,17.99,17.99,COMPLIANCE,"[""BINDING_CEILING_COMPLIANCE""]"
2026-02-18T11:24:23Z,CJ-X0SS-QOUW,,17.99,17.99,17.99,17.99,COMPLIANCE,"[""BINDING_CEILING_COMPLIANCE""]"
2026-02-18T11:24:23Z,CX-SMCH-4DYA,,17.99,17.99,17.99,17.99,COMPLIANCE,"[""BINDING_CEILING_COMPLIANCE""]"
2026-02-18T11:24:23Z,D0-C7C0-H6LN,,17.99,17.99,17.99,17.99,COMPLIANCE,"[""BINDING_CEILING_COMPLIANCE""]"
2026-02-18T11:24:23Z,D8-1A3E-I37F,,17.99,17.99,17.99,17.99,COMPLIANCE,"[""BINDING_CEILING_COMPLIANCE""]"
2026-02-18T11:24:23Z,DC-K5WH-R7F5,,17.99,17.99,17.99,17.99,COMPLIANCE,"[""BINDING_CEILING_COMPLIANCE""]"
2026-02-18T11:24:23Z,EV-CHU5-XU3G,,17.99,17.99,17.99,17.99,COMPLIANCE,"[""BINDING_CEILING_COMPLIANCE""]"
2026-02-18T11:24:23Z,FB-6FW0-Z82Q,,17.99,17.99,17.99,17.99,COMPLIANCE,"[""BINDING_CEILING_COMPLIANCE""]"
2026-02-18T11:24:23Z,GA-9DTN-9O1E,,17.99,17.99,17.99,17.99,COMPLIANCE,"[""BINDING_CEILING_COMPLIANCE""]"
2026-02-18T11:24:23Z,H6-E7MP-EBPD,,17.99,17.99,17.99,17.99,COMPLIANCE,"[""BINDING_CEILING_COMPLIANCE""]"
2026-02-18T11:24:23Z,HL-03ZR-QPHH,,17.99,17.99,17.99,17.99,COMPLIANCE,"[""BINDING_CEILING_COMPLIANCE""]"
2026-02-18T11:24:23Z,HS-R5IP-7E1C,,17.99,17.99,17.99,17.99,COMPLIANCE,"[""BINDING_CEILING_COMPLIANCE""]"
2026-02-18T11:24:23Z,IJ-V0PQ-4CZ4,,17.99,17.99,17.99,17.99,COMPLIANCE,"[""BINDING_CEILING_COMPLIANCE""]"
2026-02-18T11:24:23Z,JB-RGB6-LZOJ,,9.99,9.99,9.99,9.99,COMPLIANCE,"[""BINDING_CEILING_COMPLIANCE""]"
2026-02-18T11:24:23Z,L1-54EX-56YC,,17.99,17.99,17.99,17.99,COMPLIANCE,"[""BINDING_CEILING_COMPLIANCE""]"
2026-02-18T11:24:23Z,L5-PF3B-WHU4,,17.99,17.99,17.99,17.99,COMPLIANCE,"[""BINDING_CEILING_COMPLIANCE""]"
2026-02-18T11:24:23Z,LP-QMNJ-J49G,,17.99,17.99,17.99,17.99,COMPLIANCE,"[""BINDING_CEILING_COMPLIANCE""]"
2026-02-18T11:24:23Z,LR-7GM6-1RCH,,17.99,17.99,17.99,17.99,COMPLIANCE,"[""BINDING_CEILING_COMPLIANCE""]"
2026-02-18T11:24:23Z,OV-LVEL-DQL6,,17.99,17.99,17.99,17.99,COMPLIANCE,"[""BINDING_CEILING_COMPLIANCE""]"
2026-02-18T11:24:23Z,R4-0AXZ-ZZ9D,,17.99,17.99,17.99,17.99,COMPLIANCE,"[""BINDING_CEILING_COMPLIANCE""]"
2026-02-18T11:24:23Z,R7-98IN-2PW8,,17.99,17.99,17.99,17.99,COMPLIANCE,"[""BINDING_CEILING_COMPLIANCE""]"
2026-02-18T11:24:23Z,RI-VSUS-0YTD,,17.99,17.99,17.99,17.99,COMPLIANCE,"[""BINDING_CEILING_COMPLIANCE""]"
2026-02-18T11:24:23Z,RZ-6ZL9-CZ7J,,7.99,7.99,7.99,7.99,COMPLIANCE,"[""BINDING_CEILING_COMPLIANCE""]"
2026-02-18T11:24:23Z,TJ-6LOP-OPEU,,9.00,9.00,9.00,9.00,COMPLIANCE,"[""BINDING_CEILING_COMPLIANCE""]"
2026-02-18T11:24:23Z,TK-E7QE-T40G,,17.99,17.99,17.99,17.99,COMPLIANCE,"[""BINDING_CEILING_COMPLIANCE""]"
2026-02-18T11:24:23Z,UR-Q7TM-1F3I,,17.99,17.99,17.99,17.99,COMPLIANCE,"[""BINDING_CEILING_COMPLIANCE""]"
2026-02-18T11:24:23Z,US-AK96-YFSB,,17.99,17.99,17.99,17.99,COMPLIANCE,"[""BINDING_CEILING_COMPLIANCE""]"
2026-02-18T11:24:23Z,VF-3T0K-DR5O,,9.99,9.99,9.99,9.99,COMPLIANCE,"[""BINDING_CEILING_COMPLIANCE""]"
2026-02-18T11:24:23Z,VO-A6AR-18YS,,17.99,17.99,17.99,17.99,COMPLIANCE,"[""BINDING_CEILING_COMPLIANCE""]"
2026-02-18T11:24:23Z,VU-8KRA-QP5M,,17.99,17.99,17.99,17.99,COMPLIANCE,"[""BINDING_CEILING_COMPLIANCE""]"
2026-02-18T11:24:23Z,W3-8FN7-FSP0,,17.99,17.99,17.99,17.99,COMPLIANCE,"[""BINDING_CEILING_COMPLIANCE""]"
2026-02-18T11:24:23Z,WE-1Z7L-SA2I,,17.99,17.99,17.99,17.99,COMPLIANCE,"[""BINDING_CEILING_COMPLIANCE""]"
2026-02-18T11:24:23Z,X7-MY4W-H2I4,,17.99,17.99,17.99,17.99,COMPLIANCE,"[""BINDING_CEILING_COMPLIANCE""]"
2026-02-18T11:24:23Z,XE-27ZG-EZPZ,,17.99,17.99,17.99,17.99,COMPLIANCE,"[""BINDING_CEILING_COMPLIANCE""]"
2026-02-18T11:24:23Z,XE-YPAI-HX9F,,17.99,17.99,17.99,17.99,COMPLIANCE,"[""BINDING_CEILING_COMPLIANCE""]"
2026-02-18T11:24:23Z,XH-0LAE-FQO5,,8.99,8.99,8.99,8.99,COMPLIANCE,"[""BINDING_CEILING_COMPLIANCE""]"
2026-02-18T11:24:23Z,YC-3L3M-BV48,,109.45,109.45,109.45,109.45,COMPLIANCE,"[""BINDING_CEILING_COMPLIANCE""]"
2026-02-18T11:24:23Z,YO-EKK2-FRCC,,17.99,17.99,17.99,17.99,COMPLIANCE,"[""BINDING_CEILING_COMPLIANCE""]"
2026-02-18T11:24:23Z,Z7-26PV-O9LR,,17.99,17.99,17.99,17.99,COMPLIANCE,"[""BINDING_CEILING_COMPLIANCE""]"
2026-02-18T11:24:23Z,ZT-QPY3-P24I,,17.99,17.99,17.99,17.99,COMPLIANCE,"[""BINDING_CEILING_COMPLIANCE""]"
