asof_utc,seller_sku,asin,supplier_code,supplier_name,recommendation_status,reason_codes,recommended_qty_raw,recommended_qty_rounded,target_days_cover,days_cover_available_only,days_cover_total_pipeline,current_supplier_buy_cost_gbp,current_supplier_cost_source,market_price_gbp,market_price_basis_used,forward_roi_pct,forward_profit_per_unit_gbp,title,main_image,confidence_score,policy_version,cost_mode,recommendation_basis,max_break_even_purchase_price_gbp,max_target_roi_purchase_price_gbp,target_roi_pct,purchase_price_safety_status,user_price_check_required,supplier_cost_review_reason,expected_next_unit_cost_gbp,price_list_unit_cost_gbp,purchase_reference_list_cost_gbp,actual_paid_unit_cost_gbp,confidence_note,blocked_note,snooze_until_utc
2026-05-19T12:38:56Z,N9-IOWG-NGD9,,333 SI568,ABGee,wait,"SUPPLIER_COST_USER_CONFIRMATION_REQUIRED,LOW_CONFIDENCE_MARKET_CONTEXT,SALE_STATUS_NOT_ACTIVE",0,0,0,,,4.44,supplier_buy_cost_truth,,MISSING_MARKET_CONTEXT,,,"Worlds Smallest 568 UNO ONE, Multicoloured, único",https://m.media-amazon.com/images/I/51+CVldiUZL.jpg,40,o_phase1_v1,live,live_cost_inputs,,,10,missing_market_price,1,missing_current_price_list_cost|actual_paid_without_list_reference,4.44,,,4.44,inactive_sale_status,inactive_sale_status,
2026-05-19T12:38:56Z,BF-KVJ0-RUA9,,DC,ABGee,wait,"SUPPLIER_COST_USER_CONFIRMATION_REQUIRED,LOW_CONFIDENCE_MARKET_CONTEXT,SALE_STATUS_NOT_ACTIVE",0,0,0,,,,missing_cost,,MISSING_MARKET_CONTEXT,,,"Hey Duggee - 4 in Box (12, 16, 20, 24 piece) Jigsaw Puzzles for Kids age 3 years and up",https://m.media-amazon.com/images/I/91Sy359ZNHL.jpg,40,o_phase1_v1,live,live_mode_missing_cost,,,10,missing_market_price,1,missing_all_cost_inputs,,,,,inactive_sale_status,inactive_sale_status,
2026-05-19T12:38:56Z,12-749B-9EB5,B084HZRR8G,985 49830,ABGee,wait,"SUPPLIER_COST_USER_CONFIRMATION_REQUIRED,LOW_CONFIDENCE_MARKET_CONTEXT,SALE_STATUS_NOT_ACTIVE",0,0,0,,,7.59,supplier_buy_cost_truth,,MISSING_MARKET_CONTEXT,,,Funko POP! Movies: TCM - Leatherface - Texas Chainsaw Massacre - Collectable Vinyl Figure - Gift Idea - Official Merchandise - Toys for Kids & Adults - Movies Fans - Model Figure for Collectors,https://m.media-amazon.com/images/I/71iMqGn81SL.jpg,40,o_phase1_v1,live,live_cost_inputs,,,10,missing_market_price,1,missing_current_price_list_cost|actual_paid_without_list_reference,7.59,,,7.59,inactive_sale_status,inactive_sale_status,
2026-05-19T12:38:56Z,WT-LPJW-NOXR,,985 48186,ABGee,wait,"SUPPLIER_COST_USER_CONFIRMATION_REQUIRED,LOW_CONFIDENCE_MARKET_CONTEXT,SALE_STATUS_NOT_ACTIVE",0,0,0,,,7.59,supplier_buy_cost_truth,,MISSING_MARKET_CONTEXT,,,Funko POP! TV: the Boys-Homelander Levitating - Collectable Vinyl Figure - Gift Idea - Official Merchandise - Toys for Kids & Adults - TV Fans - Model Figure for Collectors and Display,https://m.media-amazon.com/images/I/71D9gnXS2AL.jpg,40,o_phase1_v1,live,live_cost_inputs,,,10,missing_market_price,1,missing_current_price_list_cost|actual_paid_without_list_reference,7.59,,,7.59,inactive_sale_status,inactive_sale_status,
2026-05-19T12:38:56Z,BF-EX14-XMNB,,985 72185,ABGee,wait,"SUPPLIER_COST_USER_CONFIRMATION_REQUIRED,LOW_CONFIDENCE_MARKET_CONTEXT,SALE_STATUS_NOT_ACTIVE",0,0,0,,,,missing_cost,,MISSING_MARKET_CONTEXT,,,Funko POP! TV: Peaky Blinders - Thomas Shelby - 1/6 Odds for Rare Chase Variant - Collectable Vinyl Figure - Gift Idea - Official Merchandise - Toys for Kids & Adults - TV Fans,https://m.media-amazon.com/images/I/61+3xi12j7L.jpg,40,o_phase1_v1,live,live_mode_missing_cost,,,10,missing_market_price,1,missing_all_cost_inputs,,,,,inactive_sale_status,inactive_sale_status,
2026-05-19T12:38:56Z,WB-6YBC-16X8,,985 49695,ABGee,wait,"SUPPLIER_COST_USER_CONFIRMATION_REQUIRED,LOW_CONFIDENCE_MARKET_CONTEXT,SALE_STATUS_NOT_ACTIVE",0,0,0,,,7.59,supplier_buy_cost_truth,,MISSING_MARKET_CONTEXT,,,Funko POP! Movies Edward Scissorhands - Collectable Vinyl Figure - Gift Idea - Official Merchandise - Toys for Kids & Adults - Movies Fans - Model Figure for Collectors and Display,https://m.media-amazon.com/images/I/61nUMbNapPL.jpg,40,o_phase1_v1,live,live_cost_inputs,,,10,missing_market_price,1,missing_current_price_list_cost|actual_paid_without_list_reference,7.59,,,7.59,inactive_sale_status,inactive_sale_status,
2026-05-19T12:38:56Z,5B-DQES-2T3E,,,ABGee,wait,"SUPPLIER_COST_USER_CONFIRMATION_REQUIRED,LOW_CONFIDENCE_MARKET_CONTEXT,SALE_STATUS_NOT_ACTIVE",0,0,0,,,,missing_cost,,MISSING_MARKET_CONTEXT,,,Ravensburger Super Mario Brothers Pencil Pot 3D Jigsaw Puzzles for Kids Age 6 Years Up - 54 Pieces - No Glue Required,https://m.media-amazon.com/images/I/91WRlFY-feS.jpg,40,o_phase1_v1,live,live_mode_missing_cost,,,10,missing_market_price,1,missing_all_cost_inputs,,,,,inactive_sale_status,inactive_sale_status,
2026-05-19T12:38:56Z,BJ-1TEF-1BUZ,,,ABGee,wait,"SUPPLIER_COST_USER_CONFIRMATION_REQUIRED,LOW_CONFIDENCE_MARKET_CONTEXT,SALE_STATUS_NOT_ACTIVE",0,0,0,,,,missing_cost,,MISSING_MARKET_CONTEXT,,,Ravensburger Marvel Avengers Mini Memory Game - Matching Picture Snap Pairs Game For Kids Age 3 Years and Up,https://m.media-amazon.com/images/I/71I9yTM9dhL.jpg,40,o_phase1_v1,live,live_mode_missing_cost,,,10,missing_market_price,1,missing_all_cost_inputs,,,,,inactive_sale_status,inactive_sale_status,
2026-05-19T12:38:56Z,2S-T29M-BDIZ,,985 28806,ABGee,wait,"SUPPLIER_COST_USER_CONFIRMATION_REQUIRED,LOW_CONFIDENCE_MARKET_CONTEXT,SALE_STATUS_NOT_ACTIVE",0,0,0,,,7.59,supplier_buy_cost_truth,,MISSING_MARKET_CONTEXT,,,Funko POP! Books: Five Nights At Freddy's (FNAF) - Twisted Bonnie - FNAF the Twisted Ones - Collectable Vinyl Figure - Gift Idea - Official Merchandise,https://m.media-amazon.com/images/I/81sziQbC8sL.jpg,40,o_phase1_v1,live,live_cost_inputs,,,10,missing_market_price,1,missing_current_price_list_cost|actual_paid_without_list_reference,7.59,,,7.59,inactive_sale_status,inactive_sale_status,
2026-05-19T12:38:56Z,DY-51D1-CSIX,,520 02224,ABGee,wait,"SUPPLIER_COST_USER_CONFIRMATION_REQUIRED,LOW_CONFIDENCE_MARKET_CONTEXT,SALE_STATUS_NOT_ACTIVE",0,0,0,,,2.5,supplier_buy_cost_truth,,MISSING_MARKET_CONTEXT,,,"Basic Fun Lite-Brite | Peg & Template Refill Pack | Light Up Drawing Board, LED Board with Colours, Toys for Creative Play, Glow Art Neon Effect Drawing Board, Light Toys for Kids Ages 4 02224",https://m.media-amazon.com/images/I/71fM4VgovVL.jpg,40,o_phase1_v1,live,live_cost_inputs,,,10,missing_market_price,1,missing_current_price_list_cost|actual_paid_without_list_reference,2.5,,,2.5,inactive_sale_status,inactive_sale_status,
2026-05-19T12:38:56Z,09-CZ59-Q6OR,B09BR88BPW,,DHB,wait,"SUPPLIER_COST_USER_CONFIRMATION_REQUIRED,LOW_CONFIDENCE_MARKET_CONTEXT,SALE_STATUS_NOT_ACTIVE",0,0,0,,,,missing_cost,,MISSING_MARKET_CONTEXT,,,Stoddard Icon White Standard Interdental Brushes - 8 Brush Plus 2 Free Brush in 1 Pack,https://m.media-amazon.com/images/I/717S2YgqeWL.jpg,40,o_phase1_v1,live,live_mode_missing_cost,,,10,missing_market_price,1,missing_all_cost_inputs,,,,,inactive_sale_status,inactive_sale_status,
2026-05-19T12:38:56Z,B2-5FFM-153A,,,ABGee,wait,"SUPPLIER_COST_USER_CONFIRMATION_REQUIRED,LOW_CONFIDENCE_MARKET_CONTEXT,SALE_STATUS_NOT_ACTIVE",0,0,0,,,,missing_cost,,MISSING_MARKET_CONTEXT,,,Ravensburger Disney Princess 100 Piece Jigsaw Puzzles for Kids Age 6 Years Up,https://m.media-amazon.com/images/I/81N07VEGGoL.jpg,40,o_phase1_v1,live,live_mode_missing_cost,,,10,missing_market_price,1,missing_all_cost_inputs,,,,,inactive_sale_status,inactive_sale_status,
2026-05-19T12:38:56Z,XI-DUS3-PXC9,,413674,ABGee,wait,"SUPPLIER_COST_USER_CONFIRMATION_REQUIRED,LOW_CONFIDENCE_MARKET_CONTEXT,SALE_STATUS_NOT_ACTIVE",0,0,0,,,,missing_cost,,MISSING_MARKET_CONTEXT,,,"Super Mario - 2,5 Deluxe Toad House Playset (413674)",https://m.media-amazon.com/images/I/710YGjvZI4L.jpg,40,o_phase1_v1,live,live_mode_missing_cost,,,10,missing_market_price,1,missing_all_cost_inputs,,,,,inactive_sale_status,inactive_sale_status,
2026-05-19T12:38:56Z,0T-LQK2-KFCY,B0CBNNKLYJ,,ABGee,wait,"SUPPLIER_COST_USER_CONFIRMATION_REQUIRED,LOW_CONFIDENCE_MARKET_CONTEXT,SALE_STATUS_NOT_ACTIVE",0,0,0,,,,missing_cost,,MISSING_MARKET_CONTEXT,,,"Mattel WWE Ultimate Edition Asuka Action Figure & Accessories, 6-inch Collectible Set, Swappable Heads & Hands, Entrance Gear & 30 Articulation Points, HWP53",https://m.media-amazon.com/images/I/917SgK2N-DL.jpg,40,o_phase1_v1,live,live_mode_missing_cost,,,10,missing_market_price,1,missing_all_cost_inputs,,,,,inactive_sale_status,inactive_sale_status,
2026-05-19T12:38:56Z,OL-F41R-EZEF,,,ABGee,wait,"SUPPLIER_COST_USER_CONFIRMATION_REQUIRED,LOW_CONFIDENCE_MARKET_CONTEXT,SALE_STATUS_NOT_ACTIVE",0,0,0,,,,missing_cost,,MISSING_MARKET_CONTEXT,,,BRIO World Collapsing Bridge for Kids Age 3 Years Up - Compatible With All BRIO Railway Train Sets and Accessories,https://m.media-amazon.com/images/I/71SYuSV+hcL.jpg,40,o_phase1_v1,live,live_mode_missing_cost,,,10,missing_market_price,1,missing_all_cost_inputs,,,,,inactive_sale_status,inactive_sale_status,
2026-05-19T12:38:56Z,NC-MA70-7OJ9,,,ABGee,wait,"SUPPLIER_COST_USER_CONFIRMATION_REQUIRED,LOW_CONFIDENCE_MARKET_CONTEXT,SALE_STATUS_NOT_ACTIVE",0,0,0,,,,missing_cost,,MISSING_MARKET_CONTEXT,,,Learning Resources Playfoam Sparkle (Set of 4) EI-1910,https://m.media-amazon.com/images/I/61ZL-BMxtdL.jpg,40,o_phase1_v1,live,live_mode_missing_cost,,,10,missing_market_price,1,missing_all_cost_inputs,,,,,inactive_sale_status,inactive_sale_status,
2026-05-19T12:38:56Z,T7-NZWY-R44R,,,ABGee,wait,"SUPPLIER_COST_USER_CONFIRMATION_REQUIRED,LOW_CONFIDENCE_MARKET_CONTEXT,SALE_STATUS_NOT_ACTIVE",0,0,0,,,,missing_cost,,MISSING_MARKET_CONTEXT,,,"The Original Plasticine, FunTUBulous, Original Modelling Clay, Soft and Non-Hardening, Includes 8 Bumper Sticks of Plasticine in Plastic Bucket with Carry Handle, Suitable for Ages 3+",https://m.media-amazon.com/images/I/51DjBSiS5zL.jpg,40,o_phase1_v1,live,live_mode_missing_cost,,,10,missing_market_price,1,missing_all_cost_inputs,,,,,inactive_sale_status,inactive_sale_status,
2026-05-19T12:38:56Z,I2-OJSR-TKZ6,,,ABGee,wait,"SUPPLIER_COST_USER_CONFIRMATION_REQUIRED,LOW_CONFIDENCE_MARKET_CONTEXT,SALE_STATUS_NOT_ACTIVE",0,0,0,,,,missing_cost,,MISSING_MARKET_CONTEXT,,,BRIO World Wooden Tunnel Train for Kids Age 3 Years Up - Compatible with all BRIO Railway Sets & Accessories,https://m.media-amazon.com/images/I/81rV5ilI-bL.jpg,40,o_phase1_v1,live,live_mode_missing_cost,,,10,missing_market_price,1,missing_all_cost_inputs,,,,,inactive_sale_status,inactive_sale_status,
2026-05-19T12:38:56Z,9C-ZLCN-WWGK,,985 5862,ABGee,wait,"SUPPLIER_COST_USER_CONFIRMATION_REQUIRED,LOW_CONFIDENCE_MARKET_CONTEXT,SALE_STATUS_NOT_ACTIVE",0,0,0,,,7.59,supplier_buy_cost_truth,,MISSING_MARKET_CONTEXT,,,Funko POP! Movies: Harry Potter - Severus Snape - Collectable Vinyl Figure - Gift Idea - Official Merchandise - Toys for Kids & Adults - Movies Fans - Model Figure for Collectors and Display,https://m.media-amazon.com/images/I/51X1fLoBCRL.jpg,40,o_phase1_v1,live,live_cost_inputs,,,10,missing_market_price,1,missing_current_price_list_cost|actual_paid_without_list_reference,7.59,,,7.59,inactive_sale_status,inactive_sale_status,
2026-05-19T12:38:56Z,6L-LO0H-2WGF,,198 3202,ABGee,wait,"SUPPLIER_COST_USER_CONFIRMATION_REQUIRED,LOW_CONFIDENCE_MARKET_CONTEXT,SALE_STATUS_NOT_ACTIVE",0,0,0,,,3.33,supplier_buy_cost_truth,,MISSING_MARKET_CONTEXT,,,"Make It Real Blooming Vibes Sketchbook - Princess Fashion Design Drawing and Craft Book - Fashion Designer Kits for Girls with Templates, Stencils, Stickers - Kids Arts and Crafts Sets, Creative Gifts",https://m.media-amazon.com/images/I/81lqhgqcQjL.jpg,40,o_phase1_v1,live,live_cost_inputs,,,10,missing_market_price,1,missing_current_price_list_cost|actual_paid_without_list_reference,3.33,,,3.33,inactive_sale_status,inactive_sale_status,
2026-05-19T12:38:56Z,7C-XI7G-FMUU,,985 36391,ABGee,wait,"SUPPLIER_COST_USER_CONFIRMATION_REQUIRED,LOW_CONFIDENCE_MARKET_CONTEXT,SALE_STATUS_NOT_ACTIVE",0,0,0,,,7.59,supplier_buy_cost_truth,,MISSING_MARKET_CONTEXT,,,Funko POP! Vinyl: Disney: the Lion King: Mufasa - Collectable Vinyl Figure - Gift Idea - Official Merchandise - Toys for Kids & Adults - Movies Fans - Model Figure for Collectors and Display,https://m.media-amazon.com/images/I/71c-DYBU4dL.jpg,40,o_phase1_v1,live,live_cost_inputs,,,10,missing_market_price,1,missing_current_price_list_cost|actual_paid_without_list_reference,7.59,,,7.59,inactive_sale_status,inactive_sale_status,
2026-05-19T12:38:56Z,W7-F06R-CW3C,,,ABGee,wait,"SUPPLIER_COST_USER_CONFIRMATION_REQUIRED,LOW_CONFIDENCE_MARKET_CONTEXT,SALE_STATUS_NOT_ACTIVE",0,0,0,,,,missing_cost,,MISSING_MARKET_CONTEXT,,,Giga Pets AR Virtual Animal Pet Toy (Unicorn),https://m.media-amazon.com/images/I/71twRRGGk5L.jpg,40,o_phase1_v1,live,live_mode_missing_cost,,,10,missing_market_price,1,missing_all_cost_inputs,,,,,inactive_sale_status,inactive_sale_status,
2026-05-19T12:38:56Z,D6-Y4EX-C9HL,,,ABGee,wait,"SUPPLIER_COST_USER_CONFIRMATION_REQUIRED,LOW_CONFIDENCE_MARKET_CONTEXT,SALE_STATUS_NOT_ACTIVE",0,0,0,,,,missing_cost,,MISSING_MARKET_CONTEXT,,,Ravensburger Hey Duggee Mini Memory Game - Matching Picture Snap Pairs Game for Kids Age 3 Years Up,https://m.media-amazon.com/images/I/71IbAg+4oUL.jpg,40,o_phase1_v1,live,live_mode_missing_cost,,,10,missing_market_price,1,missing_all_cost_inputs,,,,,inactive_sale_status,inactive_sale_status,
2026-05-19T12:38:56Z,NB-UWOU-68PW,,,ABGee,wait,"SUPPLIER_COST_USER_CONFIRMATION_REQUIRED,LOW_CONFIDENCE_MARKET_CONTEXT,SALE_STATUS_NOT_ACTIVE",0,0,0,,,,missing_cost,,MISSING_MARKET_CONTEXT,,,Funko Mystery Mini: Marvel Deadpool 30th - 1 Of 12 to Collect - Styles Vary - Collectable Vinyl Figure - Gift Idea - Official Merchandise - Toys for Kids & Adults - Comic Books Fans and Display,https://m.media-amazon.com/images/I/711+E-ENm-L.jpg,40,o_phase1_v1,live,live_mode_missing_cost,,,10,missing_market_price,1,missing_all_cost_inputs,,,,,inactive_sale_status,inactive_sale_status,
2026-05-19T12:38:56Z,QG-6O1N-7HTR,,,ABGee,wait,"SUPPLIER_COST_USER_CONFIRMATION_REQUIRED,LOW_CONFIDENCE_MARKET_CONTEXT,SALE_STATUS_NOT_ACTIVE",0,0,0,,,,missing_cost,,MISSING_MARKET_CONTEXT,,,Pokemon Piplup 8 inch Plush,https://m.media-amazon.com/images/I/61VLPNwyHHL.jpg,40,o_phase1_v1,live,live_mode_missing_cost,,,10,missing_market_price,1,missing_all_cost_inputs,,,,,inactive_sale_status,inactive_sale_status,
2026-05-19T12:38:56Z,E7-LAKI-9FEO,,,ABGee,wait,"SUPPLIER_COST_USER_CONFIRMATION_REQUIRED,LOW_CONFIDENCE_MARKET_CONTEXT,SALE_STATUS_NOT_ACTIVE",0,0,0,,,,missing_cost,,MISSING_MARKET_CONTEXT,,,"Ravensburger Disney Princess - Jigsaw Puzzles for Kids Age 3 Years Up, Multicolored, 4 in Box (12, 16, 20, 24 Piece)",https://m.media-amazon.com/images/I/91imrUZlBdL.jpg,40,o_phase1_v1,live,live_mode_missing_cost,,,10,missing_market_price,1,missing_all_cost_inputs,,,,,inactive_sale_status,inactive_sale_status,
2026-05-19T12:38:56Z,FQ-DRSZ-XVJI,,,ABGee,wait,"SUPPLIER_COST_USER_CONFIRMATION_REQUIRED,LOW_CONFIDENCE_MARKET_CONTEXT,SALE_STATUS_NOT_ACTIVE",0,0,0,,,,missing_cost,,MISSING_MARKET_CONTEXT,,,"Purse Pets, Glamicorn Unicorn Interactive Purse Pet with Over 25 Sounds and Reactions, Kids Toys for Girls Ages 5 and up",https://m.media-amazon.com/images/I/91D-ngZHERL.jpg,40,o_phase1_v1,live,live_mode_missing_cost,,,10,missing_market_price,1,missing_all_cost_inputs,,,,,inactive_sale_status,inactive_sale_status,
2026-05-19T12:38:56Z,WY-Z6LP-JOMV,,542 12001074,ABGee,wait,"SUPPLIER_COST_USER_CONFIRMATION_REQUIRED,LOW_CONFIDENCE_MARKET_CONTEXT,SALE_STATUS_NOT_ACTIVE",0,0,0,,,,missing_cost,,MISSING_MARKET_CONTEXT,,,Ravensburger Super Mario 100 Piece XXL Jigsaw Puzzles for Kids Age 6 Years Up - Extra Large Pieces,https://m.media-amazon.com/images/I/81CUvQsVPbL.jpg,40,o_phase1_v1,live,live_mode_missing_cost,,,10,missing_market_price,1,missing_all_cost_inputs,,,,,inactive_sale_status,inactive_sale_status,
2026-05-19T12:38:56Z,IX-E0R5-6P6G,,,ABGee,wait,"SUPPLIER_COST_USER_CONFIRMATION_REQUIRED,LOW_CONFIDENCE_MARKET_CONTEXT,SALE_STATUS_NOT_ACTIVE",0,0,0,,,,missing_cost,,MISSING_MARKET_CONTEXT,,,Ravensburger Super Mario 3x 49 Piece Jigsaw Puzzles for Kids Age 5 Years Up,https://m.media-amazon.com/images/I/51RpYtwv6PL.jpg,40,o_phase1_v1,live,live_mode_missing_cost,,,10,missing_market_price,1,missing_all_cost_inputs,,,,,inactive_sale_status,inactive_sale_status,
2026-05-19T12:38:56Z,J7-QL4P-4SOM,,,ABGee,wait,"SUPPLIER_COST_USER_CONFIRMATION_REQUIRED,LOW_CONFIDENCE_MARKET_CONTEXT,SALE_STATUS_NOT_ACTIVE",0,0,0,,,,missing_cost,,MISSING_MARKET_CONTEXT,,,ThinkFun Cold Case Files A Pinch of Murder - Murder Mystery Game for Adults and Kids Age 14 Years Up - 1 to 4 Players,https://m.media-amazon.com/images/I/71ERGa-yLwS.jpg,40,o_phase1_v1,live,live_mode_missing_cost,,,10,missing_market_price,1,missing_all_cost_inputs,,,,,inactive_sale_status,inactive_sale_status,
2026-05-19T12:38:56Z,UF-8XYI-JUTX,,,ABGee,wait,"SUPPLIER_COST_USER_CONFIRMATION_REQUIRED,LOW_CONFIDENCE_MARKET_CONTEXT,SALE_STATUS_NOT_ACTIVE",0,0,0,,,,missing_cost,,MISSING_MARKET_CONTEXT,,,ThinkFun Cold Case Files A Pinch of Murder - Murder Mystery Game for Adults and Kids Age 14 Years Up - 1 to 4 Players,https://m.media-amazon.com/images/I/71ERGa-yLwS.jpg,40,o_phase1_v1,live,live_mode_missing_cost,,,10,missing_market_price,1,missing_all_cost_inputs,,,,,inactive_sale_status,inactive_sale_status,
2026-05-19T12:38:56Z,LG-AZOP-KOUU,,,ABGee,wait,"SUPPLIER_COST_USER_CONFIRMATION_REQUIRED,LOW_CONFIDENCE_MARKET_CONTEXT,SALE_STATUS_NOT_ACTIVE",0,0,0,,,,missing_cost,,MISSING_MARKET_CONTEXT,,,ThinkFun Cold Case Files A Pinch of Murder - Murder Mystery Game for Adults and Kids Age 14 Years Up - 1 to 4 Players,https://m.media-amazon.com/images/I/71ERGa-yLwS.jpg,40,o_phase1_v1,live,live_mode_missing_cost,,,10,missing_market_price,1,missing_all_cost_inputs,,,,,inactive_sale_status,inactive_sale_status,
2026-05-19T12:38:56Z,0K-6BX5-D5AH,B093WHTJL7,856 PSTSP414IN0,ABGee,wait,"SUPPLIER_COST_USER_CONFIRMATION_REQUIRED,LOW_CONFIDENCE_MARKET_CONTEXT,SALE_STATUS_NOT_ACTIVE",0,0,0,,,7.51,supplier_buy_cost_truth,,MISSING_MARKET_CONTEXT,,,"SUPERTHINGS Balloon Boxer – Large vehicle plus two attachable vehicles, 3 SuperThings and 1 exclusive Kazoom Kid",https://m.media-amazon.com/images/I/71bN1sKoFDL.jpg,40,o_phase1_v1,live,live_cost_inputs,,,10,missing_market_price,1,missing_current_price_list_cost|actual_paid_without_list_reference,7.51,,,7.51,inactive_sale_status,inactive_sale_status,
2026-05-19T12:38:56Z,Z3-HICR-CPBW,,985 59686,ABGee,wait,"SUPPLIER_COST_USER_CONFIRMATION_REQUIRED,LOW_CONFIDENCE_MARKET_CONTEXT,SALE_STATUS_NOT_ACTIVE",0,0,0,,,7.76,supplier_buy_cost_truth,,MISSING_MARKET_CONTEXT,,,Funko Action Figure: Five Nights At Freddy's (FNAF) - Toxic Springtrap - Glow In the Dark - Collectable Toy - Gift Idea - Official Merchandise,https://m.media-amazon.com/images/I/81IsgXrrosL.jpg,40,o_phase1_v1,live,live_cost_inputs,,,10,missing_market_price,1,missing_current_price_list_cost|actual_paid_without_list_reference,7.76,,,7.76,inactive_sale_status,inactive_sale_status,
2026-05-19T12:38:56Z,OO-KLJU-ZBO9,,985 62221,ABGee,wait,"SUPPLIER_COST_USER_CONFIRMATION_REQUIRED,LOW_CONFIDENCE_MARKET_CONTEXT,SALE_STATUS_NOT_ACTIVE",0,0,0,,,7.59,supplier_buy_cost_truth,,MISSING_MARKET_CONTEXT,,,Funko POP! Vinyl: Formula One - Valtteri Bottas - Mercedes-Benz - Collectable Vinyl Figure - Gift Idea - Official Merchandise - Toys for Kids & Adults - Sports Fans - Model Figure for Collectors,https://m.media-amazon.com/images/I/71x6e5bASPL.jpg,40,o_phase1_v1,live,live_cost_inputs,,,10,missing_market_price,1,missing_current_price_list_cost|actual_paid_without_list_reference,7.59,,,7.59,inactive_sale_status,inactive_sale_status,
2026-05-19T12:38:56Z,UL-6G4Z-72JE,,198 3209,ABGee,wait,"SUPPLIER_COST_USER_CONFIRMATION_REQUIRED,LOW_CONFIDENCE_MARKET_CONTEXT,SALE_STATUS_NOT_ACTIVE",0,0,0,,,3.33,supplier_buy_cost_truth,,MISSING_MARKET_CONTEXT,,,Make It Real Love and Daisy Inspired Fashion Design Sketchbook with Stencils and Stickers for Creativity - Kids Arts and Crafts Colouring Book - Girls Gifts,https://m.media-amazon.com/images/I/81hdQWwZbHL.jpg,40,o_phase1_v1,live,live_cost_inputs,,,10,missing_market_price,1,missing_current_price_list_cost|actual_paid_without_list_reference,3.33,,,3.33,inactive_sale_status,inactive_sale_status,
2026-05-19T12:38:56Z,2K-6X85-CXUL,,,ABGee,wait,"SUPPLIER_COST_USER_CONFIRMATION_REQUIRED,LOW_CONFIDENCE_MARKET_CONTEXT,SALE_STATUS_NOT_ACTIVE",0,0,0,,,,missing_cost,,MISSING_MARKET_CONTEXT,,,Ravensburger Happy Days Royal Residences 4x 500 Piece Jigsaw Puzzle for Adults and Kids Age 10 Years Up,https://m.media-amazon.com/images/I/81g3nUgtByL.jpg,40,o_phase1_v1,live,live_mode_missing_cost,,,10,missing_market_price,1,missing_all_cost_inputs,,,,,inactive_sale_status,inactive_sale_status,
2026-05-19T12:38:56Z,MF-MNIN-FGXW,,,ABGee,wait,"SUPPLIER_COST_USER_CONFIRMATION_REQUIRED,LOW_CONFIDENCE_MARKET_CONTEXT,SALE_STATUS_NOT_ACTIVE",0,0,0,,,,missing_cost,,MISSING_MARKET_CONTEXT,,,Squishville Squad 4 pack - Puppy Love Squad,https://m.media-amazon.com/images/I/91A6qEEJbQL.jpg,40,o_phase1_v1,live,live_mode_missing_cost,,,10,missing_market_price,1,missing_all_cost_inputs,,,,,inactive_sale_status,inactive_sale_status,
2026-05-19T12:38:56Z,FQ-MTRD-YPII,,,ABGee,wait,"SUPPLIER_COST_USER_CONFIRMATION_REQUIRED,LOW_CONFIDENCE_MARKET_CONTEXT,SALE_STATUS_NOT_ACTIVE",0,0,0,,,,missing_cost,,MISSING_MARKET_CONTEXT,,,"Learning Resources Carlos the Pop & Count Cactus, Top Toddler Toys, Preschool, Fine Motor Skills, Educational Toys, 16 Pieces, Age 18 Months",https://m.media-amazon.com/images/I/41H32Fa1UNL.jpg,40,o_phase1_v1,live,live_mode_missing_cost,,,10,missing_market_price,1,missing_all_cost_inputs,,,,,inactive_sale_status,inactive_sale_status,
2026-05-19T12:38:56Z,8N-T5OY-DSW9,,,ABGee,wait,"SUPPLIER_COST_USER_CONFIRMATION_REQUIRED,LOW_CONFIDENCE_MARKET_CONTEXT,SALE_STATUS_NOT_ACTIVE",0,0,0,,,,missing_cost,,MISSING_MARKET_CONTEXT,,,Funko POP! Animation: Demon Slayer - Mitsuri Kanroji - Collectable Vinyl Figure - Gift Idea - Official Merchandise - Toys for Kids & Adults - Anime Fans - Model Figure for Collectors and Display,https://m.media-amazon.com/images/I/519kX3uAjbL.jpg,40,o_phase1_v1,live,live_mode_missing_cost,,,10,missing_market_price,1,missing_all_cost_inputs,,,,,inactive_sale_status,inactive_sale_status,
2026-05-19T12:38:56Z,JE-NHAA-HEYR,,,ABGee,wait,"SUPPLIER_COST_USER_CONFIRMATION_REQUIRED,LOW_CONFIDENCE_MARKET_CONTEXT,SALE_STATUS_NOT_ACTIVE",0,0,0,,,,missing_cost,,MISSING_MARKET_CONTEXT,,,Ravensburger Disney Encanto The Magic Awaits 3x 49 Pieces Jigsaw Puzzle for Kids Age 5 Years Up,https://m.media-amazon.com/images/I/913mkx8SMUL.jpg,40,o_phase1_v1,live,live_mode_missing_cost,,,10,missing_market_price,1,missing_all_cost_inputs,,,,,inactive_sale_status,inactive_sale_status,
2026-05-19T12:38:56Z,6V-0L0T-OF72,,930 1108,ABGee,wait,"SUPPLIER_COST_USER_CONFIRMATION_REQUIRED,LOW_CONFIDENCE_MARKET_CONTEXT,SALE_STATUS_NOT_ACTIVE",0,0,0,,,10,supplier_buy_cost_truth,,MISSING_MARKET_CONTEXT,,,Top Secret Toys Giga Pets Animal Toy (1108),https://m.media-amazon.com/images/I/71vLSIfjwzL.jpg,40,o_phase1_v1,live,live_cost_inputs,,,10,missing_market_price,1,missing_current_price_list_cost|actual_paid_without_list_reference,10,,,10,inactive_sale_status,inactive_sale_status,
2026-05-19T12:38:56Z,IQ-PR7Z-1RKG,,888 PKW0167,ABGee,wait,"SUPPLIER_COST_USER_CONFIRMATION_REQUIRED,LOW_CONFIDENCE_MARKET_CONTEXT,SALE_STATUS_NOT_ACTIVE",0,0,0,,,7,supplier_buy_cost_truth,,MISSING_MARKET_CONTEXT,,,Pokémon SCYTHER BATTLE FEATURE FIGURE - 4.5-Inch Scyther Battle Figure with Chop Attack Arms,https://m.media-amazon.com/images/I/51Ktd7rWebL.jpg,40,o_phase1_v1,live,live_cost_inputs,,,10,missing_market_price,1,missing_current_price_list_cost|actual_paid_without_list_reference,7,,,7,inactive_sale_status,inactive_sale_status,
2026-05-19T12:38:56Z,A9-31T9-JF3W,,,ABGee,wait,"SUPPLIER_COST_USER_CONFIRMATION_REQUIRED,LOW_CONFIDENCE_MARKET_CONTEXT,SALE_STATUS_NOT_ACTIVE",0,0,0,,,,missing_cost,,MISSING_MARKET_CONTEXT,,,"Squishville by Original Squishmallows Pep Squad Plush - Four 2-Inch Squishmallows Plush Including Prim, Harley, Mellie, and Zaylee - Toys for Kids",https://m.media-amazon.com/images/I/71ZXe7Xy+mL.jpg,40,o_phase1_v1,live,live_mode_missing_cost,,,10,missing_market_price,1,missing_all_cost_inputs,,,,,inactive_sale_status,inactive_sale_status,
2026-05-19T12:38:56Z,TT-1DQK-CJFF,,,ABGee,wait,"SUPPLIER_COST_USER_CONFIRMATION_REQUIRED,LOW_CONFIDENCE_MARKET_CONTEXT,SALE_STATUS_NOT_ACTIVE",0,0,0,,,,missing_cost,,MISSING_MARKET_CONTEXT,,,"Squishville by Original Squishmallows Cow Squad Plush - Four 2-Inch Squishmallows Plush Including Reshma, Candess, Calton, and 1 Surprise - Toys for Kids",https://m.media-amazon.com/images/I/51tMsbIExXL.jpg,40,o_phase1_v1,live,live_mode_missing_cost,,,10,missing_market_price,1,missing_all_cost_inputs,,,,,inactive_sale_status,inactive_sale_status,
2026-05-19T12:38:56Z,EO-RQ6J-PAPY,,,ABGee,wait,"SUPPLIER_COST_USER_CONFIRMATION_REQUIRED,LOW_CONFIDENCE_MARKET_CONTEXT,SALE_STATUS_NOT_ACTIVE",0,0,0,,,7.59,supplier_buy_cost_truth,,MISSING_MARKET_CONTEXT,,,Funko POP! Disney: Robin Hood - Maid Marian - Collectable Vinyl Figure - Gift Idea - Official Merchandise - Toys for Kids & Adults - Movies Fans - Model Figure for Collectors and Display,https://m.media-amazon.com/images/I/61ibEkuSiPL.jpg,40,o_phase1_v1,live,live_cost_inputs,,,10,missing_market_price,1,missing_current_price_list_cost|actual_paid_without_list_reference,7.59,,,7.59,inactive_sale_status,inactive_sale_status,
2026-05-19T12:38:56Z,F9-ETRB-6FVQ,,,ABGee,wait,"SUPPLIER_COST_USER_CONFIRMATION_REQUIRED,LOW_CONFIDENCE_MARKET_CONTEXT,SALE_STATUS_NOT_ACTIVE",0,0,0,,,,missing_cost,,MISSING_MARKET_CONTEXT,,,DOCTOR WHO 14th Doctor sonic screwdriver,https://m.media-amazon.com/images/I/61vvFU5t72L.jpg,40,o_phase1_v1,live,live_mode_missing_cost,,,10,missing_market_price,1,missing_all_cost_inputs,,,,,inactive_sale_status,inactive_sale_status,
2026-05-19T12:38:56Z,10-PGVO-YV15,B01H8QOUTA,OSP54,CLF,wait,"SUPPLIER_COST_USER_CONFIRMATION_REQUIRED,LOW_CONFIDENCE_MARKET_CONTEXT,SALE_STATUS_NOT_ACTIVE",0,0,0,,,2.25,supplier_buy_cost_truth,,MISSING_MARKET_CONTEXT,,,Organic Shop 250ml Body Scrub Repairing Mango & Sugar,https://m.media-amazon.com/images/I/41REMg8PKUL.jpg,40,o_phase1_v1,live,live_cost_inputs,,,10,missing_market_price,1,discount_assumption_needs_confirmation,2.25,2.34,2.34,2.25,inactive_sale_status,inactive_sale_status,
2026-05-19T12:38:56Z,LL-NBBZ-I90A,,,BEM,wait,"SUPPLIER_COST_USER_CONFIRMATION_REQUIRED,LOW_CONFIDENCE_MARKET_CONTEXT,SALE_STATUS_NOT_ACTIVE",0,0,0,,,,missing_cost,,MISSING_MARKET_CONTEXT,,,Funko POP! Movies - Lord Of the Rings - Hobbit - Samwise Gamgee - Lord Of the Rings - Collectable Vinyl Figure - Gift Idea - Official Merchandise - Toys for Kids & Adults - Movies Fans,https://m.media-amazon.com/images/I/41Kj+4ogOeL.jpg,40,o_phase1_v1,live,live_mode_missing_cost,,,10,missing_market_price,1,missing_all_cost_inputs,,,,,inactive_sale_status,inactive_sale_status,
2026-05-19T12:38:56Z,HJ-6HB4-VVF2,,,BEM,wait,"SUPPLIER_COST_USER_CONFIRMATION_REQUIRED,LOW_CONFIDENCE_MARKET_CONTEXT,SALE_STATUS_NOT_ACTIVE",0,0,0,,,,missing_cost,,MISSING_MARKET_CONTEXT,,,Pyramid International HARRY POTTER A5 Lined Wiro Notebook The Marauders Map - Official Merchandise,https://m.media-amazon.com/images/I/718QxyQozYL.jpg,40,o_phase1_v1,live,live_mode_missing_cost,,,10,missing_market_price,1,missing_all_cost_inputs,,,,,inactive_sale_status,inactive_sale_status,
2026-05-19T12:38:56Z,R7-RF9Q-9AMN,,,BEM,wait,"SUPPLIER_COST_USER_CONFIRMATION_REQUIRED,LOW_CONFIDENCE_MARKET_CONTEXT,SALE_STATUS_NOT_ACTIVE",0,0,0,,,,missing_cost,,MISSING_MARKET_CONTEXT,,,"Super Mario Bros. Mushroom Collectible Figure Light, Officially Licensed Nintendo Merchandise",https://m.media-amazon.com/images/I/710eH-0xhmL.jpg,40,o_phase1_v1,live,live_mode_missing_cost,,,10,missing_market_price,1,missing_all_cost_inputs,,,,,inactive_sale_status,inactive_sale_status,
2026-05-19T12:38:56Z,9I-QC5D-QDT2,,,BEM,wait,"SUPPLIER_COST_USER_CONFIRMATION_REQUIRED,LOW_CONFIDENCE_MARKET_CONTEXT,SALE_STATUS_NOT_ACTIVE",0,0,0,,,,missing_cost,,MISSING_MARKET_CONTEXT,,,Funko Pop! Games: OverWatch2- Kiriko - Kuriko - Overwatch - Collectable Vinyl Figure - Gift Idea - Official Merchandise - Toys for Kids & Adults - Video Games Fans - Model Figure for Collectors,https://m.media-amazon.com/images/I/716ASfk5ocL.jpg,40,o_phase1_v1,live,live_mode_missing_cost,,,10,missing_market_price,1,missing_all_cost_inputs,,,,,inactive_sale_status,inactive_sale_status,
2026-05-19T12:38:56Z,26-E5TZ-WU0I,,AT-15052,Bliss Distribution,wait,"SUPPLIER_COST_USER_CONFIRMATION_REQUIRED,LOW_CONFIDENCE_MARKET_CONTEXT,SALE_STATUS_NOT_ACTIVE",0,0,0,,,,missing_cost,,MISSING_MARKET_CONTEXT,,,Dragon Shield AT-15052 Standard Size Dual Matte Crypt (100 Sleeves),https://m.media-amazon.com/images/I/61quPclcFhL.jpg,40,o_phase1_v1,live,live_mode_missing_cost,,,10,missing_market_price,1,missing_all_cost_inputs,,,,,inactive_sale_status,inactive_sale_status,
2026-05-19T12:38:56Z,1Q-OTO8-JG8E,B01G263L1K,AT-11009,Bliss Distribution,wait,"SUPPLIER_COST_USER_CONFIRMATION_REQUIRED,LOW_CONFIDENCE_MARKET_CONTEXT,SALE_STATUS_NOT_ACTIVE",0,0,0,,,4.32,supplier_buy_cost_truth,,MISSING_MARKET_CONTEXT,,,Dragon Shield 11009 Matte Purple Standard Sleeves (100 Sleeves),https://m.media-amazon.com/images/I/6183+8T0y5L.jpg,40,o_phase1_v1,live,live_cost_inputs,,,10,missing_market_price,1,missing_current_price_list_cost|actual_paid_without_list_reference,4.32,,,4.32,inactive_sale_status,inactive_sale_status,
2026-05-19T12:38:56Z,27-VH0D-TKGK,,,CLF,wait,"SUPPLIER_COST_USER_CONFIRMATION_REQUIRED,LOW_CONFIDENCE_MARKET_CONTEXT,SALE_STATUS_NOT_ACTIVE",0,0,0,,,,missing_cost,,MISSING_MARKET_CONTEXT,,,Colgin Natural Pecan Liquid Smoke 118 ml,https://m.media-amazon.com/images/I/41WbijJWYiL.jpg,40,o_phase1_v1,live,live_mode_missing_cost,,,10,missing_market_price,1,missing_all_cost_inputs,,,,,inactive_sale_status,inactive_sale_status,
2026-05-19T12:38:56Z,2L-4Y1Q-E6OA,,674 05288,ABGee,wait,"SUPPLIER_COST_USER_CONFIRMATION_REQUIRED,LOW_CONFIDENCE_MARKET_CONTEXT,SALE_STATUS_NOT_ACTIVE",0,0,0,,,6.2,supplier_buy_cost_truth,,MISSING_MARKET_CONTEXT,,,Ben & Holly Talking Plush Assorted,https://m.media-amazon.com/images/I/81xCnINAh7L.jpg,40,o_phase1_v1,live,live_cost_inputs,,,10,missing_market_price,1,missing_current_price_list_cost|actual_paid_without_list_reference,6.2,,,6.2,inactive_sale_status,inactive_sale_status,
2026-05-19T12:38:56Z,ON-XPCR-TAZW,,UGD011337,Bliss Distribution,wait,"SUPPLIER_COST_USER_CONFIRMATION_REQUIRED,LOW_CONFIDENCE_MARKET_CONTEXT,SALE_STATUS_NOT_ACTIVE",0,0,0,,,2.62,supplier_buy_cost_truth,,MISSING_MARKET_CONTEXT,,,Ultimate Guard Katana Inner Sleeves Standard Size Transparent (100),https://m.media-amazon.com/images/I/713cteyad4L.jpg,40,o_phase1_v1,live,live_cost_inputs,,,10,missing_market_price,1,missing_current_price_list_cost|actual_paid_without_list_reference,2.62,,,2.62,inactive_sale_status,inactive_sale_status,
2026-05-19T12:38:56Z,BH-QYC3-K7VG,,UGD010696,Bliss Distribution,wait,"SUPPLIER_COST_USER_CONFIRMATION_REQUIRED,LOW_CONFIDENCE_MARKET_CONTEXT,SALE_STATUS_NOT_ACTIVE",0,0,0,,,4.65,supplier_buy_cost_truth,,MISSING_MARKET_CONTEXT,,,"Ultimate Guard UGD010696 Boulder Deck Case, 100 Plus, standard size, malachite",https://m.media-amazon.com/images/I/51qKt3O0w9L.jpg,40,o_phase1_v1,live,live_cost_inputs,,,10,missing_market_price,1,discount_assumption_needs_confirmation,4.65,5.2,5.2,4.65,inactive_sale_status,inactive_sale_status,
2026-05-19T12:38:56Z,T0-4R2M-4BLV,,E-15612,Bliss Distribution,wait,"SUPPLIER_COST_USER_CONFIRMATION_REQUIRED,LOW_CONFIDENCE_MARKET_CONTEXT,SALE_STATUS_NOT_ACTIVE",0,0,0,,,4.68,supplier_buy_cost_truth,,MISSING_MARKET_CONTEXT,,,Ultra Pro - Eclipse Standard Matte Sleeves 100 Pack - Arctic White,https://m.media-amazon.com/images/I/71-fzyUgVXL.jpg,40,o_phase1_v1,live,live_cost_inputs,,,10,missing_market_price,1,missing_current_price_list_cost|actual_paid_without_list_reference,4.68,,,4.68,inactive_sale_status,inactive_sale_status,
2026-05-19T12:38:56Z,46-MOBK-YBS1,,FK51965,Heo,wait,"SUPPLIER_COST_USER_CONFIRMATION_REQUIRED,LOW_CONFIDENCE_MARKET_CONTEXT,SALE_STATUS_NOT_ACTIVE",0,0,0,,,6.84,supplier_buy_cost_truth,,MISSING_MARKET_CONTEXT,,,Funko POP! Games: Sonic 30th-Silver Hedgehog the Hedgehog - Sonic the Hedgehog - Collectable Vinyl Figure - Gift Idea - Official Merchandise - Toys for Kids & Adults - Video Games Fans,https://m.media-amazon.com/images/I/41RwPGn7qyL.jpg,40,o_phase1_v1,live,live_cost_inputs,,,10,missing_market_price,1,missing_current_price_list_cost|actual_paid_without_list_reference,6.84,,,6.84,inactive_sale_status,inactive_sale_status,
2026-05-19T12:38:56Z,NY-AI90-84GR,,UGD010896,Bliss Distribution,wait,"SUPPLIER_COST_USER_CONFIRMATION_REQUIRED,LOW_CONFIDENCE_MARKET_CONTEXT,SALE_STATUS_NOT_ACTIVE",0,0,0,,,5.86,supplier_buy_cost_truth,,MISSING_MARKET_CONTEXT,,,Ultimate Guard UGD010896 Standard Size Katana Sleeves - Turquoise (100 Sleeves),https://m.media-amazon.com/images/I/713cteyad4L.jpg,40,o_phase1_v1,live,live_cost_inputs,,,10,missing_market_price,1,discount_assumption_needs_confirmation,5.86,6.11,6.11,5.86,inactive_sale_status,inactive_sale_status,
2026-05-19T12:38:56Z,3Z-S01D-H4GA,,,Bliss Distribution,wait,"SUPPLIER_COST_USER_CONFIRMATION_REQUIRED,LOW_CONFIDENCE_MARKET_CONTEXT,SALE_STATUS_NOT_ACTIVE",0,0,0,,,,missing_cost,,MISSING_MARKET_CONTEXT,,,"PLATINUM 9-Pocket Page For Standard Size Cards (11-Holes, Box 100),White",https://m.media-amazon.com/images/I/61+02fd3rsL.jpg,40,o_phase1_v1,live,live_mode_missing_cost,,,10,missing_market_price,1,missing_all_cost_inputs,,,,,inactive_sale_status,inactive_sale_status,
2026-05-19T12:38:56Z,2T-07RT-8IMX,B07W65T6VT,E-15219,Bliss Distribution,wait,"SUPPLIER_COST_USER_CONFIRMATION_REQUIRED,SALE_STATUS_NOT_ACTIVE",0,0,0,,,8.58,supplier_buy_cost_truth,22.9,BUY_BOX_PRICE,166.899767,14.32,Ultra Pro - Eclipse 9-Pocket Pro-Binder - Jet Black,https://m.media-amazon.com/images/I/41MKd7guyEL.jpg,40,o_phase1_v1,live,live_cost_inputs,22.9,20.818182,10,within_target_roi_max,1,missing_current_price_list_cost|actual_paid_without_list_reference,8.58,,,8.58,inactive_sale_status,inactive_sale_status,
2026-05-19T12:38:56Z,66-6EUM-PSH8,,,Bliss Distribution,wait,"SUPPLIER_COST_USER_CONFIRMATION_REQUIRED,LOW_CONFIDENCE_MARKET_CONTEXT,SALE_STATUS_NOT_ACTIVE",0,0,0,,,,missing_cost,,MISSING_MARKET_CONTEXT,,,Ultra Pro - Eclipse Standard Matte Sleeves 100 Pack - Smoke Grey,https://m.media-amazon.com/images/I/71ewykdRANL.jpg,40,o_phase1_v1,live,live_mode_missing_cost,,,10,missing_market_price,1,missing_all_cost_inputs,,,,,inactive_sale_status,inactive_sale_status,
2026-05-19T12:38:56Z,CN-NR50-TSFE,B0024I0DBW,E-15146,Bliss Distribution,wait,"SUPPLIER_COST_USER_CONFIRMATION_REQUIRED,SALE_STATUS_NOT_ACTIVE",0,0,0,1.8,1.8,8.58,supplier_buy_cost_truth,22.99,BUY_BOX_PRICE,167.948718,14.41,Ultra Pro - Eclipse 9-Pocket Pro-Binder - Apple Red,https://m.media-amazon.com/images/I/41e7IwSEjqL.jpg,40,o_phase1_v1,live,live_cost_inputs,22.99,20.9,10,within_target_roi_max,1,missing_current_price_list_cost|actual_paid_without_list_reference,8.58,,,8.58,inactive_sale_status,inactive_sale_status,
2026-05-19T12:38:56Z,0C-AOG2-B23Z,B003TYWR5K,,Bliss Distribution,wait,"SUPPLIER_COST_USER_CONFIRMATION_REQUIRED,LOW_CONFIDENCE_MARKET_CONTEXT,SALE_STATUS_NOT_ACTIVE",0,0,0,,,,missing_cost,,MISSING_MARKET_CONTEXT,,,White Deck Box for Trading Cards,https://m.media-amazon.com/images/I/41Pk+nNNpwL.jpg,40,o_phase1_v1,live,live_mode_missing_cost,,,10,missing_market_price,1,missing_all_cost_inputs,,,,,inactive_sale_status,inactive_sale_status,
2026-05-19T12:38:56Z,XB-PLFM-VNLX,,UGD010069,Bliss Distribution,wait,"SUPPLIER_COST_USER_CONFIRMATION_REQUIRED,LOW_CONFIDENCE_MARKET_CONTEXT,SALE_STATUS_NOT_ACTIVE",0,0,0,,,0.69,supplier_buy_cost_truth,,MISSING_MARKET_CONTEXT,,,"Ultimate Guard UGD010069 Japanese Size Classic Soft Card Sleeves (Pack of 100, Transparent)",https://m.media-amazon.com/images/I/51bU7lo2v0L.jpg,40,o_phase1_v1,live,live_cost_inputs,,,10,missing_market_price,1,discount_assumption_needs_confirmation,0.69,0.76,0.76,0.69,inactive_sale_status,inactive_sale_status,
2026-05-19T12:38:56Z,8G-7PJ0-25UD,,,Bliss Distribution,wait,"SUPPLIER_COST_USER_CONFIRMATION_REQUIRED,LOW_CONFIDENCE_MARKET_CONTEXT,SALE_STATUS_NOT_ACTIVE",0,0,0,,,,missing_cost,,MISSING_MARKET_CONTEXT,,,Ultra Pro PLAYMAT and Artwork Tube C20 Card Game,https://m.media-amazon.com/images/I/41r2aB9MbnL.jpg,40,o_phase1_v1,live,live_mode_missing_cost,,,10,missing_market_price,1,missing_all_cost_inputs,,,,,inactive_sale_status,inactive_sale_status,
2026-05-19T12:38:56Z,EH-ZRT0-U4YM,,E-84516,Bliss Distribution,wait,"SUPPLIER_COST_USER_CONFIRMATION_REQUIRED,LOW_CONFIDENCE_MARKET_CONTEXT,SALE_STATUS_NOT_ACTIVE",0,0,0,,,3.17,supplier_buy_cost_truth,,MISSING_MARKET_CONTEXT,,,Ultra Pro - Standard Pro Matte Card Sleeves 100 Pack - Red,https://m.media-amazon.com/images/I/41RGR1JXifL.jpg,40,o_phase1_v1,live,live_cost_inputs,,,10,missing_market_price,1,missing_current_price_list_cost|actual_paid_without_list_reference,3.17,,,3.17,inactive_sale_status,inactive_sale_status,
2026-05-19T12:38:56Z,7I-GPVA-PDJ6,,,Bliss Distribution,wait,"SUPPLIER_COST_USER_CONFIRMATION_REQUIRED,LOW_CONFIDENCE_MARKET_CONTEXT,SALE_STATUS_NOT_ACTIVE",0,0,0,,,,missing_cost,,MISSING_MARKET_CONTEXT,,,Dungeons & Dragons Dungeon Mayhem Card Game: Monster Madness,https://m.media-amazon.com/images/I/71iiM1OAgML.jpg,40,o_phase1_v1,live,live_mode_missing_cost,,,10,missing_market_price,1,missing_all_cost_inputs,,,,,inactive_sale_status,inactive_sale_status,
2026-05-19T12:38:56Z,Z7-ZI0R-NWCK,,,Bliss Distribution,wait,"SUPPLIER_COST_USER_CONFIRMATION_REQUIRED,LOW_CONFIDENCE_MARKET_CONTEXT,SALE_STATUS_NOT_ACTIVE",0,0,0,,,,missing_cost,,MISSING_MARKET_CONTEXT,,,"Magic The Gathering The Lord of the Rings: Tales of Middle-earth Starter Kit - Learn to Play with 2 Ready-to-Play Decks + 2 Codes to Play Online (2-Player Card Game), Multicolor (D15290000)",https://m.media-amazon.com/images/I/51xda8tfREL.jpg,40,o_phase1_v1,live,live_mode_missing_cost,,,10,missing_market_price,1,missing_all_cost_inputs,,,,,inactive_sale_status,inactive_sale_status,
2026-05-19T12:38:56Z,M1-UFU0-V1X3,,AT-11056,Bliss Distribution,wait,"SUPPLIER_COST_USER_CONFIRMATION_REQUIRED,LOW_CONFIDENCE_MARKET_CONTEXT,SALE_STATUS_NOT_ACTIVE",0,0,0,,,4.31,supplier_buy_cost_truth,,MISSING_MARKET_CONTEXT,,,Dragon Shield Sleeves – Dragon Shield Matte: Forest Green 100 CT - MTG Card Sleeves are Smooth & Tough - Compatible with Pokemon & Magic The Gathering Cards,https://m.media-amazon.com/images/I/612GdhiTQTL.jpg,40,o_phase1_v1,live,live_cost_inputs,,,10,missing_market_price,1,missing_current_price_list_cost|actual_paid_without_list_reference,4.31,,,4.31,inactive_sale_status,inactive_sale_status,
2026-05-19T12:38:56Z,E0-9FJI-8AD2,,AT-15063,Bliss Distribution,wait,"SUPPLIER_COST_USER_CONFIRMATION_REQUIRED,LOW_CONFIDENCE_MARKET_CONTEXT,SALE_STATUS_NOT_ACTIVE",0,0,0,,,5.04,supplier_buy_cost_truth,,MISSING_MARKET_CONTEXT,,,Arcane Tinmen ApS ART15063 Dragon Shield: Matte - Dual Power (Metallic Green),https://m.media-amazon.com/images/I/61tI01dfWQL.jpg,40,o_phase1_v1,live,live_cost_inputs,,,10,missing_market_price,1,missing_current_price_list_cost|actual_paid_without_list_reference,5.04,,,5.04,inactive_sale_status,inactive_sale_status,
2026-05-19T12:38:56Z,TL-AUNR-5YK0,,CP3003,Bliss Distribution,wait,"SUPPLIER_COST_USER_CONFIRMATION_REQUIRED,LOW_CONFIDENCE_MARKET_CONTEXT,SALE_STATUS_NOT_ACTIVE",0,0,0,,,6.1,supplier_buy_cost_truth,,MISSING_MARKET_CONTEXT,,,The Army Painter Anti Shine Matt Varnish for Miniature Painting - Acrylic after Quickshade Protector Spray Varnish for Miniatures,https://m.media-amazon.com/images/I/61CTG3YDohL.jpg,40,o_phase1_v1,live,live_cost_inputs,,,10,missing_market_price,1,missing_current_price_list_cost|actual_paid_without_list_reference,6.1,,,6.1,inactive_sale_status,inactive_sale_status,
2026-05-19T12:38:56Z,JQ-6JZ4-3GJ7,,,Clearance King,wait,"SUPPLIER_COST_USER_CONFIRMATION_REQUIRED,LOW_CONFIDENCE_MARKET_CONTEXT,SALE_STATUS_NOT_ACTIVE",0,0,0,,,,missing_cost,,MISSING_MARKET_CONTEXT,,,"Daewoo 1-Gang Extension, White, 2 m",https://m.media-amazon.com/images/I/61+UbD29LWL.jpg,40,o_phase1_v1,live,live_mode_missing_cost,,,10,missing_market_price,1,missing_all_cost_inputs,,,,,inactive_sale_status,inactive_sale_status,
2026-05-19T12:38:56Z,GB-RXX5-97UW,,,Clearance King,wait,"SUPPLIER_COST_USER_CONFIRMATION_REQUIRED,LOW_CONFIDENCE_MARKET_CONTEXT,SALE_STATUS_NOT_ACTIVE",0,0,0,,,,missing_cost,,MISSING_MARKET_CONTEXT,,,24pk Soap Filled Scourer Pads | 2 x 12pk Stain and Grease-Cutting Pad with Soap | Durable and Long Lasting Scourer Pads for Tough Food Stain Cleaning,https://m.media-amazon.com/images/I/81+lI-Luv7L.jpg,40,o_phase1_v1,live,live_mode_missing_cost,,,10,missing_market_price,1,missing_all_cost_inputs,,,,,inactive_sale_status,inactive_sale_status,
2026-05-19T12:38:56Z,N0-JAU8-SI40,,,Clearance King,wait,"SUPPLIER_COST_USER_CONFIRMATION_REQUIRED,LOW_CONFIDENCE_MARKET_CONTEXT,SALE_STATUS_NOT_ACTIVE",0,0,0,,,,missing_cost,,MISSING_MARKET_CONTEXT,,,"Vaseline Baby Gel for Baby, 100 ml.",https://m.media-amazon.com/images/I/812JxslnJIL.jpg,40,o_phase1_v1,live,live_mode_missing_cost,,,10,missing_market_price,1,missing_all_cost_inputs,,,,,inactive_sale_status,inactive_sale_status,
2026-05-19T12:38:56Z,MI-J6KS-0097,,,Clearance King,wait,"SUPPLIER_COST_USER_CONFIRMATION_REQUIRED,LOW_CONFIDENCE_MARKET_CONTEXT,SALE_STATUS_NOT_ACTIVE",0,0,0,,,,missing_cost,,MISSING_MARKET_CONTEXT,,,Vaseline Soothing Jelly No 3 250Ml Aloe Vera,https://m.media-amazon.com/images/I/41YKIIcfVsL.jpg,40,o_phase1_v1,live,live_mode_missing_cost,,,10,missing_market_price,1,missing_all_cost_inputs,,,,,inactive_sale_status,inactive_sale_status,
2026-05-19T12:38:56Z,PF-7VUQ-LIUC,,PUR6,CLF,wait,"SUPPLIER_COST_USER_CONFIRMATION_REQUIRED,LOW_CONFIDENCE_MARKET_CONTEXT,SALE_STATUS_NOT_ACTIVE",0,0,0,,,,missing_cost,,MISSING_MARKET_CONTEXT,,,"PUR Gum | Sugar Free Chewing Gum | Made with Xylitol | Vegan, Aspartame Free, Gluten Free & Keto Friendly | Natural Peppermint Flavoured Gum, 55 Pieces (Pack of 1)",https://m.media-amazon.com/images/I/71uMPKdpIUL.jpg,40,o_phase1_v1,live,live_mode_missing_cost,,,10,missing_market_price,1,missing_all_cost_inputs,,,,,inactive_sale_status,inactive_sale_status,
2026-05-19T12:38:56Z,6E-GK4T-QBFF,,HAS-DUN52,Bliss Distribution,wait,"SUPPLIER_COST_USER_CONFIRMATION_REQUIRED,LOW_CONFIDENCE_MARKET_CONTEXT,SALE_STATUS_NOT_ACTIVE",0,0,0,,,5.49,supplier_buy_cost_truth,,MISSING_MARKET_CONTEXT,,,FaNaTtik Dungeons & Dragons Baldur's Gate 3 Collectible Soul Coin,https://m.media-amazon.com/images/I/41JgcEpki4L.jpg,40,o_phase1_v1,live,live_cost_inputs,,,10,missing_market_price,1,missing_current_price_list_cost|actual_paid_without_list_reference,5.49,,,5.49,inactive_sale_status,inactive_sale_status,
2026-05-19T12:38:56Z,16-5NE0-75DT,B097F7QHFF,FIN178,CLF,wait,"SUPPLIER_COST_USER_CONFIRMATION_REQUIRED,LOW_CONFIDENCE_MARKET_CONTEXT,SALE_STATUS_NOT_ACTIVE",0,0,0,,,1.46,supplier_buy_cost_truth,,MISSING_MARKET_CONTEXT,,,"Faith In Nature 3 x 100ml Natural Body Wash Travel Gift Set, Vegan & Cruelty Free, No SLS or Parabens",https://m.media-amazon.com/images/I/71qqSiAY9LS.jpg,40,o_phase1_v1,live,live_cost_inputs,,,10,missing_market_price,1,missing_current_price_list_cost|actual_paid_without_list_reference,1.46,,,1.46,inactive_sale_status,inactive_sale_status,
2026-05-19T12:38:56Z,7R-DKJR-F0UF,,9310346414302,Stax,wait,"SUPPLIER_COST_USER_CONFIRMATION_REQUIRED,LOW_CONFIDENCE_MARKET_CONTEXT,SALE_STATUS_NOT_ACTIVE",0,0,0,,,5.87,supplier_buy_cost_truth,,MISSING_MARKET_CONTEXT,,,"Wiltshire Staysharp Triple Rivet Multi-Purpose Paring Knife 9cm, Stainless Steel Sharp Blade for Chopping Cutting & Slicing, Built-in Sharpener, Slim Scabbard, Ergonomic Triple Rivet Handle",https://m.media-amazon.com/images/I/615xDleH3EL.jpg,40,o_phase1_v1,live,live_cost_inputs,,,10,missing_market_price,1,missing_current_price_list_cost|actual_paid_without_list_reference,5.87,,,5.87,inactive_sale_status,inactive_sale_status,
2026-05-19T12:38:56Z,7W-PCZV-CX51,,FK73415,Heo,wait,"SUPPLIER_COST_USER_CONFIRMATION_REQUIRED,LOW_CONFIDENCE_MARKET_CONTEXT,SALE_STATUS_NOT_ACTIVE",0,0,0,,,7.06,supplier_buy_cost_truth,,MISSING_MARKET_CONTEXT,,,Funko POP! Ad Icons: McDonalds - Birthday Ronald McDonald - McDonald's - Collectable Vinyl Figure - Gift Idea - Official Merchandise - Toys for Kids & Adults - Ad Icons Fans,https://m.media-amazon.com/images/I/51ofu1uIIaL.jpg,40,o_phase1_v1,live,live_cost_inputs,,,10,missing_market_price,1,missing_current_price_list_cost|actual_paid_without_list_reference,7.06,,,7.06,inactive_sale_status,inactive_sale_status,
2026-05-19T12:38:56Z,HI-4CXM-9WVU,,HIM57,CLF,wait,"SUPPLIER_COST_USER_CONFIRMATION_REQUIRED,LOW_CONFIDENCE_MARKET_CONTEXT,SALE_STATUS_NOT_ACTIVE",0,0,0,,,2.97,supplier_buy_cost_truth,,MISSING_MARKET_CONTEXT,,,"Himalaya Botanique Complete Care Toothpaste, Herbal, Cinnamon Flavor, Fights Plaque, Freshens Breath, Fluoride Free, No Artificial Flavors, SLS Free, Cruelty Free, Foaming 150ml",https://m.media-amazon.com/images/I/41RHcghcwgL.jpg,40,o_phase1_v1,live,live_cost_inputs,,,10,missing_market_price,1,missing_current_price_list_cost|actual_paid_without_list_reference,2.97,,,2.97,inactive_sale_status,inactive_sale_status,
2026-05-19T12:38:56Z,JC-NYJZ-DIWR,,,CLF,wait,"SUPPLIER_COST_USER_CONFIRMATION_REQUIRED,LOW_CONFIDENCE_MARKET_CONTEXT,SALE_STATUS_NOT_ACTIVE",0,0,0,,,,missing_cost,,MISSING_MARKET_CONTEXT,,,RAWGANIC Pure Cleansing Anti-aging Facial Wipes with Pomegranate and Aloe Vera | Gentle Hydrating Biodegradable Makeup Removal Wipes | Organic Cotton Face Wipes | 1 Pack (25 wipes in total),https://m.media-amazon.com/images/I/51351oWGWWL.jpg,40,o_phase1_v1,live,live_mode_missing_cost,,,10,missing_market_price,1,missing_all_cost_inputs,,,,,inactive_sale_status,inactive_sale_status,
2026-05-19T12:38:56Z,FX-3YH6-IF6A,,,CLF,wait,"SUPPLIER_COST_USER_CONFIRMATION_REQUIRED,LOW_CONFIDENCE_MARKET_CONTEXT,SALE_STATUS_NOT_ACTIVE",0,0,0,,,,missing_cost,,MISSING_MARKET_CONTEXT,,,COLGIN LIQUID SMOKE NATURAL HICKORY FLAVOUR 1 x 118 ml BOTTLE AMERICAN IMPORT,https://m.media-amazon.com/images/I/61sIcp93M4L.jpg,40,o_phase1_v1,live,live_mode_missing_cost,,,10,missing_market_price,1,missing_all_cost_inputs,,,,,inactive_sale_status,inactive_sale_status,
2026-05-19T12:38:56Z,PZ-X5VL-NVBR,,TIP-05011,CLF,wait,"LOW_CONFIDENCE_MARKET_CONTEXT,SALE_STATUS_NOT_ACTIVE",0,0,0,,,2.76,supplier_buy_cost_truth,,MISSING_MARKET_CONTEXT,,,Tiptree Green Gooseberry Conserve 340g,https://m.media-amazon.com/images/I/81DnvOXniBL.jpg,40,o_phase1_v1,live,live_cost_inputs,,,10,missing_market_price,0,,2.76,2.76,2.76,2.76,inactive_sale_status,inactive_sale_status,
2026-05-19T12:38:56Z,AY-LA00-LUJD,,MER-15579050,CLF,wait,"LOW_CONFIDENCE_MARKET_CONTEXT,SALE_STATUS_NOT_ACTIVE",0,0,0,,,2.84,supplier_buy_cost_truth,,MISSING_MARKET_CONTEXT,,,Meridian Barley Malt Extract -- 370g,https://m.media-amazon.com/images/I/41jJcqbiQmL.jpg,40,o_phase1_v1,live,live_cost_inputs,,,10,missing_market_price,0,price_list_only_no_purchase_reference,2.84,2.84,2.84,,inactive_sale_status,inactive_sale_status,
2026-05-19T12:38:56Z,3L-LSBT-PRST,,HIM30,CLF,wait,"SUPPLIER_COST_USER_CONFIRMATION_REQUIRED,LOW_CONFIDENCE_MARKET_CONTEXT,SALE_STATUS_NOT_ACTIVE",0,0,0,,,2.2,supplier_buy_cost_truth,,MISSING_MARKET_CONTEXT,,,"Himalaya Herbals Neem Face Wash Foam with Turmeric Extract, 150 ml",https://m.media-amazon.com/images/I/31A4WWtcmvL.jpg,40,o_phase1_v1,live,live_cost_inputs,,,10,missing_market_price,1,discount_assumption_needs_confirmation,2.2,3.59,3.59,2.2,inactive_sale_status,inactive_sale_status,
2026-05-19T12:38:56Z,PF-9T40-Q7YW,,,CLF,wait,"SUPPLIER_COST_USER_CONFIRMATION_REQUIRED,LOW_CONFIDENCE_MARKET_CONTEXT,SALE_STATUS_NOT_ACTIVE",0,0,0,,,,missing_cost,,MISSING_MARKET_CONTEXT,,,"PUR Gum | Sugar Free Chewing Gum | Made with Xylitol | Vegan, Aspartame Free, Gluten Free & Keto Friendly | Natural Spearmint Flavoured Gum, 55 Pieces (Pack of 1)",https://m.media-amazon.com/images/I/41eKr-luN6L.jpg,40,o_phase1_v1,live,live_mode_missing_cost,,,10,missing_market_price,1,missing_all_cost_inputs,,,,,inactive_sale_status,inactive_sale_status,
2026-05-19T12:38:56Z,PQ-SCCQ-7RCR,,,CLF,wait,"SUPPLIER_COST_USER_CONFIRMATION_REQUIRED,LOW_CONFIDENCE_MARKET_CONTEXT,SALE_STATUS_NOT_ACTIVE",0,0,0,,,,missing_cost,,MISSING_MARKET_CONTEXT,,,"Doves Farm Rice Flour, 1kg",https://m.media-amazon.com/images/I/61vk3n8VHgL.jpg,40,o_phase1_v1,live,live_mode_missing_cost,,,10,missing_market_price,1,missing_all_cost_inputs,,,,,inactive_sale_status,inactive_sale_status,
2026-05-19T12:38:56Z,YM-HLZL-A3XS,,,CLF,wait,"SUPPLIER_COST_USER_CONFIRMATION_REQUIRED,LOW_CONFIDENCE_MARKET_CONTEXT,SALE_STATUS_NOT_ACTIVE",0,0,0,,,,missing_cost,,MISSING_MARKET_CONTEXT,,,"Doves Farm Rice Flour, 1kg",https://m.media-amazon.com/images/I/61vk3n8VHgL.jpg,40,o_phase1_v1,live,live_mode_missing_cost,,,10,missing_market_price,1,missing_all_cost_inputs,,,,,inactive_sale_status,inactive_sale_status,
2026-05-19T12:38:56Z,HN-13OB-TAYD,,,CLF,wait,"SUPPLIER_COST_USER_CONFIRMATION_REQUIRED,LOW_CONFIDENCE_MARKET_CONTEXT,SALE_STATUS_NOT_ACTIVE",0,0,0,,,,missing_cost,,MISSING_MARKET_CONTEXT,,,"Mustela Very High Protection SPF 50+ Sun Lotion, 100 ml",https://m.media-amazon.com/images/I/41uMzJ6whxL.jpg,40,o_phase1_v1,live,live_mode_missing_cost,,,10,missing_market_price,1,missing_all_cost_inputs,,,,,inactive_sale_status,inactive_sale_status,
2026-05-19T12:38:56Z,RF-3X39-FYXB,,OSP56,CLF,wait,"LOW_CONFIDENCE_MARKET_CONTEXT,SALE_STATUS_NOT_ACTIVE",0,0,0,,,2.34,supplier_buy_cost_truth,,MISSING_MARKET_CONTEXT,,,Organic Shop 250ml Body Scrub Restoring Cocoa & Sugar,https://m.media-amazon.com/images/I/71+dwIYc0bL.jpg,40,o_phase1_v1,live,live_cost_inputs,,,10,missing_market_price,0,price_list_only_no_purchase_reference,2.34,2.34,2.34,,inactive_sale_status,inactive_sale_status,
2026-05-19T12:38:56Z,CQ-GZA7-CZBW,,HIM30,CLF,wait,"SUPPLIER_COST_USER_CONFIRMATION_REQUIRED,LOW_CONFIDENCE_MARKET_CONTEXT,SALE_STATUS_NOT_ACTIVE",0,0,0,,,4.4,supplier_buy_cost_truth,,MISSING_MARKET_CONTEXT,,,"Himalaya Herbals Purifying Neem Foaming Face Wash ,Soap-free formulation For all skin types -150ml (Pack of 2)",https://m.media-amazon.com/images/I/71inRXt+DPL.jpg,40,o_phase1_v1,live,live_cost_inputs,,,10,missing_market_price,1,actual_paid_above_list_needs_review,4.4,3.59,3.59,4.4,inactive_sale_status,inactive_sale_status,
2026-05-19T12:38:56Z,WN-BBR4-67NP,,,CLF,wait,"SUPPLIER_COST_USER_CONFIRMATION_REQUIRED,LOW_CONFIDENCE_MARKET_CONTEXT,SALE_STATUS_NOT_ACTIVE",0,0,0,,,,missing_cost,,MISSING_MARKET_CONTEXT,,,"ATTITUDE Baby Lotion, EWG Verified Moisturizer, Dermatologically Tested Moisturizing Cream, Vegan, Pear Nectar, 473 mL",https://m.media-amazon.com/images/I/610fcAWPJ7L.jpg,40,o_phase1_v1,live,live_mode_missing_cost,,,10,missing_market_price,1,missing_all_cost_inputs,,,,,inactive_sale_status,inactive_sale_status,
2026-05-19T12:38:56Z,6H-ZZN4-I77B,,SPC16,CLF,wait,"LOW_CONFIDENCE_MARKET_CONTEXT,SALE_STATUS_NOT_ACTIVE",0,0,0,,,2,supplier_buy_cost_truth,,MISSING_MARKET_CONTEXT,,,Marcel's Green Soap - Toilet Cleaner Orange & Jasmine - Kill bacteria and leave a fresh scent without bleach - Eco friendly - Vegan - 99% Biodegradable - 750 ML,https://m.media-amazon.com/images/I/6187ovIax1L.jpg,40,o_phase1_v1,live,live_cost_inputs,,,10,missing_market_price,0,,2,2,2,2,inactive_sale_status,inactive_sale_status,
2026-05-19T12:38:56Z,V7-HT4G-K9QH,,NOJ6,CLF,wait,"LOW_CONFIDENCE_MARKET_CONTEXT,SALE_STATUS_NOT_ACTIVE",0,0,0,,,3.62,supplier_buy_cost_truth,,MISSING_MARKET_CONTEXT,,,"Yuzu Sauce with Natural Ponzu Juices for Umami Dressing & Marinade | Non-GMO & No Added Sugar | Gluten-Free, Nut-Free, Vegan | 200ml x 1 Recycled Glass Bottle | NOJŌ Yuzu Sauce",https://m.media-amazon.com/images/I/71kVwXyMHtL.jpg,40,o_phase1_v1,live,live_cost_inputs,,,10,missing_market_price,0,price_list_only_no_purchase_reference,3.62,3.62,3.62,,inactive_sale_status,inactive_sale_status,
2026-05-19T12:38:56Z,C1-4N7O-1LWT,,,CLF,wait,"SUPPLIER_COST_USER_CONFIRMATION_REQUIRED,LOW_CONFIDENCE_MARKET_CONTEXT,SALE_STATUS_NOT_ACTIVE",0,0,0,,,,missing_cost,,MISSING_MARKET_CONTEXT,,,"OceanSaver Eco Laundry Detergent Sheets | Non-Bio | Eco-Friendly, Biodegradable & Freshly Scented | Zero-Waste & Removes Tough Stains | Vegan, Plastic & Cruelty-Free | Plant Based Formula (30 Washes)",https://m.media-amazon.com/images/I/71X9O3TLyTL.jpg,40,o_phase1_v1,live,live_mode_missing_cost,,,10,missing_market_price,1,missing_all_cost_inputs,,,,,inactive_sale_status,inactive_sale_status,
2026-05-19T12:38:56Z,2U-EUMC-7E5P,,BDH8,CLF,wait,"SUPPLIER_COST_USER_CONFIRMATION_REQUIRED,LOW_CONFIDENCE_MARKET_CONTEXT,SALE_STATUS_NOT_ACTIVE",0,0,0,,,4.94,supplier_buy_cost_truth,,MISSING_MARKET_CONTEXT,,,"Buddha Teas Dandelion Root Tea - Kosher, Caffeine-Free, GMO-Free - 18 Bleach-Free Tea Bags multi 24g",https://m.media-amazon.com/images/I/715FQgzqKPL.jpg,40,o_phase1_v1,live,live_cost_inputs,,,10,missing_market_price,1,missing_current_price_list_cost|actual_paid_without_list_reference,4.94,,,4.94,inactive_sale_status,inactive_sale_status,
2026-05-19T12:38:56Z,9R-YGAK-KTA0,,,Culpitt,wait,"SUPPLIER_COST_USER_CONFIRMATION_REQUIRED,LOW_CONFIDENCE_MARKET_CONTEXT,SALE_STATUS_NOT_ACTIVE",0,0,0,,,,missing_cost,,MISSING_MARKET_CONTEXT,,,"RAINBOW DUST Pearl Food Colouring, Edible Paint in Pearlescent Colours, Ready to Use, Easy to Apply, Create Cakes & Cupcakes with an Indulgent Shimmer - Light Silver 25ml",https://m.media-amazon.com/images/I/51s+eqtReQL.jpg,40,o_phase1_v1,live,live_mode_missing_cost,,,10,missing_market_price,1,missing_all_cost_inputs,,,,,inactive_sale_status,inactive_sale_status,
2026-05-19T12:38:56Z,KG-GAQU-OLI0,,,Culpitt,wait,"SUPPLIER_COST_USER_CONFIRMATION_REQUIRED,LOW_CONFIDENCE_MARKET_CONTEXT,SALE_STATUS_NOT_ACTIVE",0,0,0,,,,missing_cost,,MISSING_MARKET_CONTEXT,,,"Rainbow Dust Metallic Paint Light Gold, 25 g",https://m.media-amazon.com/images/I/51vHvjPqdrL.jpg,40,o_phase1_v1,live,live_mode_missing_cost,,,10,missing_market_price,1,missing_all_cost_inputs,,,,,inactive_sale_status,inactive_sale_status,
2026-05-19T12:38:56Z,B7-9S5E-KOHG,,,Darlac,wait,"SUPPLIER_COST_USER_CONFIRMATION_REQUIRED,LOW_CONFIDENCE_MARKET_CONTEXT,SALE_STATUS_NOT_ACTIVE",0,0,0,,,18.75,supplier_buy_cost_truth,,MISSING_MARKET_CONTEXT,,,"Darlac Snapper 1000mm Reach Pruner - Lightweight, Razor Sharp & Strong Ideal for Pruning, Deadheading & Collecting Fruit - Right & Left Handed Use - Perfect for Disabled Gardeners & Wheelchair Users",https://m.media-amazon.com/images/I/51Boxao6OjL.jpg,40,o_phase1_v1,live,live_cost_inputs,,,10,missing_market_price,1,missing_current_price_list_cost|actual_paid_without_list_reference,18.75,,,18.75,inactive_sale_status,inactive_sale_status,
2026-05-19T12:38:56Z,LH-LOUH-H54B,,,Darlac,wait,"SUPPLIER_COST_USER_CONFIRMATION_REQUIRED,LOW_CONFIDENCE_MARKET_CONTEXT,SALE_STATUS_NOT_ACTIVE",0,0,0,,,,missing_cost,,MISSING_MARKET_CONTEXT,,,"Darlac Compound Action Pruner, Garden Secateurs",https://m.media-amazon.com/images/I/61AXet83vmL.jpg,40,o_phase1_v1,live,live_mode_missing_cost,,,10,missing_market_price,1,missing_all_cost_inputs,,,,,inactive_sale_status,inactive_sale_status,
2026-05-19T12:38:56Z,ET-D23X-A5I2,,,Darlac,wait,"SUPPLIER_COST_USER_CONFIRMATION_REQUIRED,LOW_CONFIDENCE_MARKET_CONTEXT,SALE_STATUS_NOT_ACTIVE",0,0,0,,,,missing_cost,,MISSING_MARKET_CONTEXT,,,"Darlac Ergo Gardening Snips – Strong, Lightweight Gardening Scissors Ideal for Houseplants and Flower Arranging – Razor Sharp, Pocket-Sized Pruners - SK5 High Carbon Steel Blade",https://m.media-amazon.com/images/I/41-PK+aVT-L.jpg,40,o_phase1_v1,live,live_mode_missing_cost,,,10,missing_market_price,1,missing_all_cost_inputs,,,,,inactive_sale_status,inactive_sale_status,
2026-05-19T12:38:56Z,BB-JN90-IUUP,,FK63981,Heo,wait,"SUPPLIER_COST_USER_CONFIRMATION_REQUIRED,LOW_CONFIDENCE_MARKET_CONTEXT,SALE_STATUS_NOT_ACTIVE",0,0,0,,,7.64,supplier_buy_cost_truth,,MISSING_MARKET_CONTEXT,,,Funko Pop! Movies: Carrie,https://m.media-amazon.com/images/I/51TNQLjW4ZL.jpg,40,o_phase1_v1,live,live_cost_inputs,,,10,missing_market_price,1,missing_current_price_list_cost|actual_paid_without_list_reference,7.64,,,7.64,inactive_sale_status,inactive_sale_status,
2026-05-19T12:38:56Z,BU-H22U-ACK3,,VIC0221,Trilanco,wait,"SUPPLIER_COST_USER_CONFIRMATION_REQUIRED,LOW_CONFIDENCE_MARKET_CONTEXT,SALE_STATUS_NOT_ACTIVE",0,0,0,,,1.99,supplier_buy_cost_truth,,MISSING_MARKET_CONTEXT,,,"Zero In Wasp Trap Bait Refill Sachet – 3-Pack Effective Wasp Attractant, Green",https://m.media-amazon.com/images/I/614Mv8PdsEL.jpg,40,o_phase1_v1,live,live_cost_inputs,,,10,missing_market_price,1,missing_current_price_list_cost|actual_paid_without_list_reference,1.99,,,1.99,inactive_sale_status,inactive_sale_status,
2026-05-19T12:38:56Z,3L-1I88-19GF,,CUR005,DHB,wait,"SUPPLIER_COST_USER_CONFIRMATION_REQUIRED,LOW_CONFIDENCE_MARKET_CONTEXT,SALE_STATUS_NOT_ACTIVE",0,0,0,,,4.35,supplier_buy_cost_truth,,MISSING_MARKET_CONTEXT,,,Curaprox Interdental Brush Refills CPS 10 Regular Conique | White | for Tight Interdental Spaces | Ultra-Fine Filaments for Gentle Cleaning | 5-Pieces | Designed in Switzerland,https://m.media-amazon.com/images/I/41zER6h1xwL.jpg,40,o_phase1_v1,live,live_cost_inputs,,,10,missing_market_price,1,missing_current_price_list_cost|actual_paid_without_list_reference,4.35,,,4.35,inactive_sale_status,inactive_sale_status,
2026-05-19T12:38:56Z,CJ-DLBW-HKFS,,,DHB,wait,"SUPPLIER_COST_USER_CONFIRMATION_REQUIRED,LOW_CONFIDENCE_MARKET_CONTEXT,SALE_STATUS_NOT_ACTIVE",0,0,0,,,,missing_cost,,MISSING_MARKET_CONTEXT,,,"Meditrade Nitril® Black Nitrile Examination Gloves - Powder-Free, Latex-Free, Multi Use Protective Exam Gloves - Size Large - Black - 100pcs",https://m.media-amazon.com/images/I/61pfyxo-gnL.jpg,40,o_phase1_v1,live,live_mode_missing_cost,,,10,missing_market_price,1,missing_all_cost_inputs,,,,,inactive_sale_status,inactive_sale_status,
2026-05-19T12:38:56Z,0N-JV0B-5UNV,B009L12MLO,,DHB,wait,"SUPPLIER_COST_USER_CONFIRMATION_REQUIRED,LOW_CONFIDENCE_MARKET_CONTEXT,SALE_STATUS_NOT_ACTIVE",0,0,0,,,,missing_cost,,MISSING_MARKET_CONTEXT,,,"Proxysoft Dental Floss for Bridges and Implants 30 Strands - Floss Threaders for Bridges, Dental Implants, Braces with Extra-Thick Proxy Brush for Optimal Oral Hygiene -Teeth Bridge and Implant Cleaners",https://m.media-amazon.com/images/I/41GzvqRXKdL.jpg,40,o_phase1_v1,live,live_mode_missing_cost,,,10,missing_market_price,1,missing_all_cost_inputs,,,,,inactive_sale_status,inactive_sale_status,
2026-05-19T12:38:56Z,8G-JH1T-98X4,,,DHB,wait,"SUPPLIER_COST_USER_CONFIRMATION_REQUIRED,LOW_CONFIDENCE_MARKET_CONTEXT,SALE_STATUS_NOT_ACTIVE",0,0,0,,,,missing_cost,,MISSING_MARKET_CONTEXT,,,"Curaprox CS 3960 Super Soft Toothbrush– Adult Gum and Tooth Care | Super Soft Curen® Filaments for Gentle Cleaning | Assorted Colours, Single Pack | Made in Switzerland",https://m.media-amazon.com/images/I/31umBN7oPfL.jpg,40,o_phase1_v1,live,live_mode_missing_cost,,,10,missing_market_price,1,missing_all_cost_inputs,,,,,inactive_sale_status,inactive_sale_status,
2026-05-19T12:38:56Z,7Y-B7S7-O5OZ,,,DHB,wait,"SUPPLIER_COST_USER_CONFIRMATION_REQUIRED,LOW_CONFIDENCE_MARKET_CONTEXT,SALE_STATUS_NOT_ACTIVE",0,0,0,,,4.12,supplier_buy_cost_truth,,MISSING_MARKET_CONTEXT,,,"Oral-B Kids Electric Toothbrush Head, with Disney Characters, Extra Soft Bristles, For Ages 3+, Pack of 2 Toothbrush Heads, Red",https://m.media-amazon.com/images/I/81dBDZIbudL.jpg,40,o_phase1_v1,live,live_cost_inputs,,,10,missing_market_price,1,missing_current_price_list_cost|actual_paid_without_list_reference,4.12,,,4.12,inactive_sale_status,inactive_sale_status,
2026-05-19T12:38:56Z,3K-PWXF-IHKI,,,DHB,wait,"SUPPLIER_COST_USER_CONFIRMATION_REQUIRED,LOW_CONFIDENCE_MARKET_CONTEXT,SALE_STATUS_NOT_ACTIVE",0,0,0,,,,missing_cost,,MISSING_MARKET_CONTEXT,,,"Clinell Universal Cleaning and Disinfectant Spray for Surfaces - 500 ml - White Universal Spray, Kills 99.9% of Germs, Quick Action, Surface Cleaning, NO Bleach",https://m.media-amazon.com/images/I/51Tj9xpCOkL.jpg,40,o_phase1_v1,live,live_mode_missing_cost,,,10,missing_market_price,1,missing_all_cost_inputs,,,,,inactive_sale_status,inactive_sale_status,
2026-05-19T12:38:56Z,PT-CVT8-NV21,,,DHB,wait,"SUPPLIER_COST_USER_CONFIRMATION_REQUIRED,LOW_CONFIDENCE_MARKET_CONTEXT,SALE_STATUS_NOT_ACTIVE",0,0,0,,,,missing_cost,,MISSING_MARKET_CONTEXT,,,"Neutrogena Norwegian Formula Deep Moisture Fast-Absorbing Body Lotion (1x 250ml), Non-Greasy Body Moisturiser for Dry Skin with 10% Glycerine and Pro-Ceramide Technology, Provides 72-Hour Moisturisation",https://m.media-amazon.com/images/I/31HW+BJuCjL.jpg,40,o_phase1_v1,live,live_mode_missing_cost,,,10,missing_market_price,1,missing_all_cost_inputs,,,,,inactive_sale_status,inactive_sale_status,
2026-05-19T12:38:56Z,10-JQEP-V8I7,B00CRGM45O,,DHB,wait,"SUPPLIER_COST_USER_CONFIRMATION_REQUIRED,LOW_CONFIDENCE_MARKET_CONTEXT,SALE_STATUS_NOT_ACTIVE",0,0,0,,,,missing_cost,,MISSING_MARKET_CONTEXT,,,The Original TUNG Brush - 2 Pack,https://m.media-amazon.com/images/I/61FPQpIdv5L.jpg,40,o_phase1_v1,live,live_mode_missing_cost,,,10,missing_market_price,1,missing_all_cost_inputs,,,,,inactive_sale_status,inactive_sale_status,
2026-05-19T12:38:56Z,YD-0TJL-WINU,,,DHB,wait,"SUPPLIER_COST_USER_CONFIRMATION_REQUIRED,LOW_CONFIDENCE_MARKET_CONTEXT,SALE_STATUS_NOT_ACTIVE",0,0,0,,,,missing_cost,,MISSING_MARKET_CONTEXT,,,"Oral-B Stages Power Kids Electric Toothbrush Featuring Frozen Characters, 1 Handle, 1 Brush Head, UK 2 Pin Plug",https://m.media-amazon.com/images/I/817Xpt7V32L.jpg,40,o_phase1_v1,live,live_mode_missing_cost,,,10,missing_market_price,1,missing_all_cost_inputs,,,,,inactive_sale_status,inactive_sale_status,
2026-05-19T12:38:56Z,VY-FXRV-DEAT,,,DHB,wait,"SUPPLIER_COST_USER_CONFIRMATION_REQUIRED,LOW_CONFIDENCE_MARKET_CONTEXT,SALE_STATUS_NOT_ACTIVE",0,0,0,,,2.06,supplier_buy_cost_truth,,MISSING_MARKET_CONTEXT,,,"Meditrade Nitril® Black Nitrile Examination Gloves - Powder-Free, Latex-Free, Multi Use Protective Exam Gloves - Size Medium - Black - 100pcs",https://m.media-amazon.com/images/I/611fcJpilSL.jpg,40,o_phase1_v1,live,live_cost_inputs,,,10,missing_market_price,1,missing_current_price_list_cost|actual_paid_without_list_reference,2.06,,,2.06,inactive_sale_status,inactive_sale_status,
2026-05-19T12:38:56Z,SA-T4GN-HUNR,,OB292,DHB,wait,"SUPPLIER_COST_USER_CONFIRMATION_REQUIRED,LOW_CONFIDENCE_MARKET_CONTEXT,SALE_STATUS_NOT_ACTIVE",0,0,0,,,2.67,supplier_buy_cost_truth,,MISSING_MARKET_CONTEXT,,,"Oral-B Kids Electric Toothbrush, Christmas Gifts For Kids, 1 Toothbrush Head, Battery Powered, Extra Soft Bristles For Gentle Cleaning, For Ages 3+",https://m.media-amazon.com/images/I/71STMq6erAL.jpg,40,o_phase1_v1,live,live_cost_inputs,,,10,missing_market_price,1,missing_current_price_list_cost|actual_paid_without_list_reference,2.67,,,2.67,inactive_sale_status,inactive_sale_status,
2026-05-19T12:38:56Z,Z4-04O5-E86C,,,DHB,wait,"SUPPLIER_COST_USER_CONFIRMATION_REQUIRED,LOW_CONFIDENCE_MARKET_CONTEXT,SALE_STATUS_NOT_ACTIVE",0,0,0,,,,missing_cost,,MISSING_MARKET_CONTEXT,,,"DenTek 3-in 1 Interdental Cleaners - Features an Interdental Brush, Floss and Pick All in One, 12 Pack",https://m.media-amazon.com/images/I/8137ovLSlTL.jpg,40,o_phase1_v1,live,live_mode_missing_cost,,,10,missing_market_price,1,missing_all_cost_inputs,,,,,inactive_sale_status,inactive_sale_status,
2026-05-19T12:38:56Z,FY-TQNI-4ZV5,,,DHB,wait,"SUPPLIER_COST_USER_CONFIRMATION_REQUIRED,LOW_CONFIDENCE_MARKET_CONTEXT,SALE_STATUS_NOT_ACTIVE",0,0,0,,,18.44,supplier_buy_cost_truth,,MISSING_MARKET_CONTEXT,,,"Oclean Air 2, Sonic Electric Toothbrush, Portable Ultra Quiet Design, Dupont Brush Head Bristles, 2h Quick Charge for 40 Days, IPX7 – Eucalyptus Green",https://m.media-amazon.com/images/I/512hLn6S3BL.jpg,40,o_phase1_v1,live,live_cost_inputs,,,10,missing_market_price,1,missing_current_price_list_cost|actual_paid_without_list_reference,18.44,,,18.44,inactive_sale_status,inactive_sale_status,
2026-05-19T12:38:56Z,4V-OE5G-EJKM,,,DHB,wait,"SUPPLIER_COST_USER_CONFIRMATION_REQUIRED,LOW_CONFIDENCE_MARKET_CONTEXT,SALE_STATUS_NOT_ACTIVE",0,0,0,,,35.51,supplier_buy_cost_truth,,MISSING_MARKET_CONTEXT,,,"Oclean X Pro Elite, Smart Mute Sonic Electric Toothbrush, 4 Modes with Whitening, Quick Charge for 35 Days, IPX7 – Grey",https://m.media-amazon.com/images/I/61OzxY3i+mL.jpg,40,o_phase1_v1,live,live_cost_inputs,,,10,missing_market_price,1,missing_current_price_list_cost|actual_paid_without_list_reference,35.51,,,35.51,inactive_sale_status,inactive_sale_status,
2026-05-19T12:38:56Z,7U-508Y-MZAQ,,V4055,DK Tools,wait,"SUPPLIER_COST_USER_CONFIRMATION_REQUIRED,LOW_CONFIDENCE_MARKET_CONTEXT,SALE_STATUS_NOT_ACTIVE",0,0,0,,,,missing_cost,,MISSING_MARKET_CONTEXT,,,"Amtech V4055 P240 Hook and Loop Square Sheets, 10 Piece Set, 110mm x 100mm Sanding Paper, 240 V, Clear, 110 x 100mm",https://m.media-amazon.com/images/I/A1SIwQvsM9L.jpg,40,o_phase1_v1,live,live_mode_missing_cost,,,10,missing_market_price,1,missing_all_cost_inputs,,,,,inactive_sale_status,inactive_sale_status,
2026-05-19T12:38:56Z,55-5RSU-1KG1,,,DK Tools,wait,"SUPPLIER_COST_USER_CONFIRMATION_REQUIRED,LOW_CONFIDENCE_MARKET_CONTEXT,SALE_STATUS_NOT_ACTIVE",0,0,0,,,,missing_cost,,MISSING_MARKET_CONTEXT,,,"Amtech N2376 Thermal Work Gloves Large (Size 9), Certified Quality for Heavy Duty Tasks, Hi-Vis Yellow",https://m.media-amazon.com/images/I/91HHz1aKJYL.jpg,40,o_phase1_v1,live,live_mode_missing_cost,,,10,missing_market_price,1,missing_all_cost_inputs,,,,,inactive_sale_status,inactive_sale_status,
2026-05-19T12:38:56Z,FN-ZANK-PHQO,,C3185,DK Tools,wait,"SUPPLIER_COST_USER_CONFIRMATION_REQUIRED,LOW_CONFIDENCE_MARKET_CONTEXT,SALE_STATUS_NOT_ACTIVE",0,0,0,,,,missing_cost,,MISSING_MARKET_CONTEXT,,,Amtech C3185 2 Piece T-Handle Manhole Key Set,https://m.media-amazon.com/images/I/31PzNmfzxNL.jpg,40,o_phase1_v1,live,live_mode_missing_cost,,,10,missing_market_price,1,missing_all_cost_inputs,,,,,inactive_sale_status,inactive_sale_status,
2026-05-19T12:38:56Z,FW-WGL2-H61I,,G4480,DK Tools,wait,"SUPPLIER_COST_USER_CONFIRMATION_REQUIRED,LOW_CONFIDENCE_MARKET_CONTEXT,SALE_STATUS_NOT_ACTIVE",0,0,0,,,,missing_cost,,MISSING_MARKET_CONTEXT,,,Amtech G4480 7 Piece Paint pad Set,https://m.media-amazon.com/images/I/71qzoO0TgQL.jpg,40,o_phase1_v1,live,live_mode_missing_cost,,,10,missing_market_price,1,missing_all_cost_inputs,,,,,inactive_sale_status,inactive_sale_status,
2026-05-19T12:38:56Z,HT-LVU9-4F5R,,N2377,DK Tools,wait,"SUPPLIER_COST_USER_CONFIRMATION_REQUIRED,LOW_CONFIDENCE_MARKET_CONTEXT,SALE_STATUS_NOT_ACTIVE",0,0,0,,,,missing_cost,,MISSING_MARKET_CONTEXT,,,"Amtech N2377 Thermal Work Gloves Medium (Size 8), Certified Quality for Heavy Duty Tasks, Hi-Vis Yellow",https://m.media-amazon.com/images/I/915NJs1y5GL.jpg,40,o_phase1_v1,live,live_mode_missing_cost,,,10,missing_market_price,1,missing_all_cost_inputs,,,,,inactive_sale_status,inactive_sale_status,
2026-05-19T12:38:56Z,YB-8YQ7-X1X8,,N2382,DK Tools,wait,"SUPPLIER_COST_USER_CONFIRMATION_REQUIRED,LOW_CONFIDENCE_MARKET_CONTEXT,SALE_STATUS_NOT_ACTIVE",0,0,0,,,,missing_cost,,MISSING_MARKET_CONTEXT,,,"Amtech N2382 Hi Vis Gloves Medium (Size 8), Certified Quality Rubber Coated Hi Vis Work Gloves, Black/Yellow",https://m.media-amazon.com/images/I/915NJs1y5GL.jpg,40,o_phase1_v1,live,live_mode_missing_cost,,,10,missing_market_price,1,missing_all_cost_inputs,,,,,inactive_sale_status,inactive_sale_status,
2026-05-19T12:38:56Z,TX-7TYN-NVF4,,,DK Tools,wait,"SUPPLIER_COST_USER_CONFIRMATION_REQUIRED,LOW_CONFIDENCE_MARKET_CONTEXT,SALE_STATUS_NOT_ACTIVE",0,0,0,,,,missing_cost,,MISSING_MARKET_CONTEXT,,,"Amtech D0929 Ratchet Non-Marking Durable 9-inch Spring Clamp, 75mm Max Jaw Opening, Soft Grip Handle",https://m.media-amazon.com/images/I/51iFSzDr+jL.jpg,40,o_phase1_v1,live,live_mode_missing_cost,,,10,missing_market_price,1,missing_all_cost_inputs,,,,,inactive_sale_status,inactive_sale_status,
2026-05-19T12:38:56Z,WI-QO7X-YZOL,,,EE Distribution,wait,"SUPPLIER_COST_USER_CONFIRMATION_REQUIRED,LOW_CONFIDENCE_MARKET_CONTEXT,SALE_STATUS_NOT_ACTIVE",0,0,0,,,,missing_cost,,MISSING_MARKET_CONTEXT,,,"Power Rangers, Dino Fury Ranger Red Electronic Mask Fancy Dress",https://m.media-amazon.com/images/I/71Ar6lMMwCL.jpg,40,o_phase1_v1,live,live_mode_missing_cost,,,10,missing_market_price,1,missing_all_cost_inputs,,,,,inactive_sale_status,inactive_sale_status,
2026-05-19T12:38:56Z,G0-25T9-9YZS,,,EE Distribution,wait,"SUPPLIER_COST_USER_CONFIRMATION_REQUIRED,LOW_CONFIDENCE_MARKET_CONTEXT,SALE_STATUS_NOT_ACTIVE",0,0,0,,,,missing_cost,,MISSING_MARKET_CONTEXT,,,"Monster High Doll, Abbey Bominable Yeti Fashion Doll with Pet Mammoth and Themed Accessories, HNF64",https://m.media-amazon.com/images/I/71iWIA5uXrL.jpg,40,o_phase1_v1,live,live_mode_missing_cost,,,10,missing_market_price,1,missing_all_cost_inputs,,,,,inactive_sale_status,inactive_sale_status,
2026-05-19T12:38:56Z,2I-R2RY-BZ85,,,Entertainment Trading,wait,"SUPPLIER_COST_USER_CONFIRMATION_REQUIRED,LOW_CONFIDENCE_MARKET_CONTEXT,SALE_STATUS_NOT_ACTIVE",0,0,0,,,,missing_cost,,MISSING_MARKET_CONTEXT,,,Australian Gold - Instant Sunscreen Spray SPF 30 100 ml (Pack of 1),https://m.media-amazon.com/images/I/71qcuoU9duL.jpg,40,o_phase1_v1,live,live_mode_missing_cost,,,10,missing_market_price,1,missing_all_cost_inputs,,,,,inactive_sale_status,inactive_sale_status,
2026-05-19T12:38:56Z,RR-0TGC-U4IT,,,Entertainment Trading,wait,"SUPPLIER_COST_USER_CONFIRMATION_REQUIRED,LOW_CONFIDENCE_MARKET_CONTEXT,SALE_STATUS_NOT_ACTIVE",0,0,0,,,,missing_cost,,MISSING_MARKET_CONTEXT,,,Australian Gold - Instant Sunscreen Spray SPF 15 100 ml (Pack of 1) White,https://m.media-amazon.com/images/I/51L+5luf7oS.jpg,40,o_phase1_v1,live,live_mode_missing_cost,,,10,missing_market_price,1,missing_all_cost_inputs,,,,,inactive_sale_status,inactive_sale_status,
2026-05-19T12:38:56Z,1P-BRGG-P0N6,B07QGGFKYK,WST568,Heo,wait,"SUPPLIER_COST_USER_CONFIRMATION_REQUIRED,LOW_CONFIDENCE_MARKET_CONTEXT,SALE_STATUS_NOT_ACTIVE",0,0,0,,,4.44,supplier_buy_cost_truth,,MISSING_MARKET_CONTEXT,,,"Worlds Smallest 568 UNO ONE, Multicoloured, único",https://m.media-amazon.com/images/I/51+CVldiUZL.jpg,40,o_phase1_v1,live,live_cost_inputs,,,10,missing_market_price,1,missing_current_price_list_cost|actual_paid_without_list_reference,4.44,,,4.44,inactive_sale_status,inactive_sale_status,
2026-05-19T12:38:56Z,HY-VZF3-EFS3,,FK73022,Heo,wait,"SUPPLIER_COST_USER_CONFIRMATION_REQUIRED,LOW_CONFIDENCE_MARKET_CONTEXT,SALE_STATUS_NOT_ACTIVE",0,0,0,,,4.85,supplier_buy_cost_truth,,MISSING_MARKET_CONTEXT,,,"Funko Bitty Pop! the Nightmare Before Christmas - Santa Jack 4PK - Santa Jack, Sandy Claws, Vampire Teddy With Duck and A Surprise Mystery Mini Figure - 0.9 Inch (2.2 Cm) Collectable - Gift Idea",https://m.media-amazon.com/images/I/71jXOHNdFeL.jpg,40,o_phase1_v1,live,live_cost_inputs,,,10,missing_market_price,1,missing_current_price_list_cost|actual_paid_without_list_reference,4.85,,,4.85,inactive_sale_status,inactive_sale_status,
2026-05-19T12:38:56Z,4C-6VFW-JO2C,,NMR52536,Heo,wait,"SUPPLIER_COST_USER_CONFIRMATION_REQUIRED,LOW_CONFIDENCE_MARKET_CONTEXT,SALE_STATUS_NOT_ACTIVE",0,0,0,,,3,supplier_buy_cost_truth,,MISSING_MARKET_CONTEXT,,,AQUARIUS Labyrinth Playing Cards - Labyrinth Themed Deck of Cards for Your Favorite Card Games - Officially Licensed Labyrinth Merchandise & Collectibles,https://m.media-amazon.com/images/I/8133u1C63vL.jpg,40,o_phase1_v1,live,live_cost_inputs,,,10,missing_market_price,1,missing_current_price_list_cost|actual_paid_without_list_reference,3,,,3,inactive_sale_status,inactive_sale_status,
2026-05-19T12:38:56Z,3V-HQSI-8QRU,,FK67424,Heo,wait,"SUPPLIER_COST_USER_CONFIRMATION_REQUIRED,LOW_CONFIDENCE_MARKET_CONTEXT,SALE_STATUS_NOT_ACTIVE",0,0,0,,,3.97,supplier_buy_cost_truth,,MISSING_MARKET_CONTEXT,,,Funko POP! TV: Witcher - Geralt - (shield) - the Witcher - Collectable Vinyl Figure - Gift Idea - Official Merchandise - Toys for Kids & Adults - TV Fans - Model Figure for Collectors and Display,https://m.media-amazon.com/images/I/71Au3RvURbL.jpg,40,o_phase1_v1,live,live_cost_inputs,,,10,missing_market_price,1,missing_current_price_list_cost|actual_paid_without_list_reference,3.97,,,3.97,inactive_sale_status,inactive_sale_status,
2026-05-19T12:38:56Z,KE-WQ91-B6JF,,WST503,Heo,wait,"SUPPLIER_COST_USER_CONFIRMATION_REQUIRED,LOW_CONFIDENCE_MARKET_CONTEXT,SALE_STATUS_NOT_ACTIVE",0,0,0,,,3.68,supplier_buy_cost_truth,,MISSING_MARKET_CONTEXT,,,Worlds Smallest Rubiks Cube,https://m.media-amazon.com/images/I/31JjuLbAxeL.jpg,40,o_phase1_v1,live,live_cost_inputs,,,10,missing_market_price,1,missing_current_price_list_cost|actual_paid_without_list_reference,3.68,,,3.68,inactive_sale_status,inactive_sale_status,
2026-05-19T12:38:56Z,JX-Q0XX-QBZ2,,EXGMER-2927,Heo,wait,"SUPPLIER_COST_USER_CONFIRMATION_REQUIRED,LOW_CONFIDENCE_MARKET_CONTEXT,SALE_STATUS_NOT_ACTIVE",0,0,0,,,8.95,supplier_buy_cost_truth,,MISSING_MARKET_CONTEXT,,,"Cableguys Borderlands Psycho Controller Holder & Phone Stand - Gaming Accessories for Room and Desk Setup, Holder Compatible with Xbox, PlayStation & Most Standard Game Controllers",https://m.media-amazon.com/images/I/61XVG4azatL.jpg,40,o_phase1_v1,live,live_cost_inputs,,,10,missing_market_price,1,missing_current_price_list_cost|actual_paid_without_list_reference,8.95,,,8.95,inactive_sale_status,inactive_sale_status,
2026-05-19T12:38:56Z,SH-RGTH-QQM2,,FK49154,Heo,wait,"SUPPLIER_COST_USER_CONFIRMATION_REQUIRED,LOW_CONFIDENCE_MARKET_CONTEXT,SALE_STATUS_NOT_ACTIVE",0,0,0,,,4.99,supplier_buy_cost_truth,,MISSING_MARKET_CONTEXT,,,Funko POP! Disney: SitS - Madam Mim - Sword In the Stone - Collectable Vinyl Figure - Gift Idea - Official Merchandise - Toys for Kids & Adults - Movies Fans - Model Figure for Collectors and Display,https://m.media-amazon.com/images/I/61kAcAQLyEL.jpg,40,o_phase1_v1,live,live_cost_inputs,,,10,missing_market_price,1,missing_current_price_list_cost|actual_paid_without_list_reference,4.99,,,4.99,inactive_sale_status,inactive_sale_status,
2026-05-19T12:38:56Z,FR-41MF-KWKU,,825001,Culpitt,wait,"SUPPLIER_COST_USER_CONFIRMATION_REQUIRED,LOW_CONFIDENCE_MARKET_CONTEXT,SALE_STATUS_NOT_ACTIVE",0,0,0,,,4.67,supplier_buy_cost_truth,,MISSING_MARKET_CONTEXT,,,"Saracino Sugarplus - Isomalt Granules for Sugar Decorations with Crystal Clear Effect 0,5 Kg Made in Italy",https://m.media-amazon.com/images/I/61bxEy4dgsL.jpg,40,o_phase1_v1,live,live_cost_inputs,,,10,missing_market_price,1,missing_current_price_list_cost|actual_paid_without_list_reference,4.67,,,4.67,inactive_sale_status,inactive_sale_status,
2026-05-19T12:38:56Z,MF-FBAW-SRXY,,FK33248,Heo,wait,"SUPPLIER_COST_USER_CONFIRMATION_REQUIRED,LOW_CONFIDENCE_MARKET_CONTEXT,SALE_STATUS_NOT_ACTIVE",0,0,0,,,7.64,supplier_buy_cost_truth,,MISSING_MARKET_CONTEXT,,,Funko POP! Vinyl: LOTR/Hobbit: Gimli Lord Of the Rings - Collectable Vinyl Figure - Gift Idea - Official Merchandise - Toys for Kids & Adults - Movies Fans - Model Figure for Collectors and Display,https://m.media-amazon.com/images/I/41uj+-NksZL.jpg,40,o_phase1_v1,live,live_cost_inputs,,,10,missing_market_price,1,missing_current_price_list_cost|actual_paid_without_list_reference,7.64,,,7.64,inactive_sale_status,inactive_sale_status,
2026-05-19T12:38:56Z,J2-N9NA-57NA,,DHCS,Bliss Distribution,wait,"SUPPLIER_COST_USER_CONFIRMATION_REQUIRED,LOW_CONFIDENCE_MARKET_CONTEXT,SALE_STATUS_NOT_ACTIVE",0,0,0,,,1.95,supplier_buy_cost_truth,,MISSING_MARKET_CONTEXT,,,Yu-Gi-Oh! Dark Hex Sleeves,https://m.media-amazon.com/images/I/81nD4W2wWZL.jpg,40,o_phase1_v1,live,live_cost_inputs,,,10,missing_market_price,1,missing_current_price_list_cost|actual_paid_without_list_reference,1.95,,,1.95,inactive_sale_status,inactive_sale_status,
2026-05-19T12:38:56Z,KR-H2ZK-DRS7,,L27660,Aldridge Security,wait,"SUPPLIER_COST_USER_CONFIRMATION_REQUIRED,LOW_CONFIDENCE_MARKET_CONTEXT,SALE_STATUS_NOT_ACTIVE",0,0,0,,,11.59,supplier_buy_cost_truth,,MISSING_MARKET_CONTEXT,,,ERA Fortress BS 3621 2.5-inch/ 64mm 5 Lever Maximum Security Mortice Sashlock - Chrome Effect,https://m.media-amazon.com/images/I/81LKhYHG8AL.jpg,40,o_phase1_v1,live,live_cost_inputs,,,10,missing_market_price,1,missing_current_price_list_cost|actual_paid_without_list_reference,11.59,,,11.59,inactive_sale_status,inactive_sale_status,
2026-05-19T12:38:56Z,M4-MV10-9TX7,,113299,Stax,wait,"SUPPLIER_COST_USER_CONFIRMATION_REQUIRED,LOW_CONFIDENCE_MARKET_CONTEXT,SALE_STATUS_NOT_ACTIVE",0,0,0,,,1.04,supplier_buy_cost_truth,,MISSING_MARKET_CONTEXT,,,"Tala 40ml Mini Glass Measuring Jug, 10A26012, Transparent",https://m.media-amazon.com/images/I/71-do97LXSL.jpg,40,o_phase1_v1,live,live_cost_inputs,,,10,missing_market_price,1,missing_current_price_list_cost|actual_paid_without_list_reference,1.04,,,1.04,inactive_sale_status,inactive_sale_status,
2026-05-19T12:38:56Z,M5-EOFN-2WPJ,,HUM028,DHB,wait,"SUPPLIER_COST_USER_CONFIRMATION_REQUIRED,LOW_CONFIDENCE_MARKET_CONTEXT,SALE_STATUS_NOT_ACTIVE",0,0,0,,,1.54,supplier_buy_cost_truth,,MISSING_MARKET_CONTEXT,,,THE HUMBLE CO. - Dental Floss Picks - 2 in 1 Charcoal Infused with Mint Flavour - Developed by Dentists - Designed in Sweden - Teeth Cleaning - Reusable - Vegan & Cruelty-Free - 50p,https://m.media-amazon.com/images/I/41sbo7JrSWL.jpg,40,o_phase1_v1,live,live_cost_inputs,,,10,missing_market_price,1,missing_current_price_list_cost|actual_paid_without_list_reference,1.54,,,1.54,inactive_sale_status,inactive_sale_status,
2026-05-19T12:38:56Z,8K-FX05-CCPX,,,Infinity Foods,wait,"SUPPLIER_COST_USER_CONFIRMATION_REQUIRED,LOW_CONFIDENCE_MARKET_CONTEXT,SALE_STATUS_NOT_ACTIVE",0,0,0,,,,missing_cost,,MISSING_MARKET_CONTEXT,,,"Jack N’ Jill Natural Certified Kids Toothpaste – Fluoride-Free Toddler & Baby Toothpaste with 40% Xylitol, No Sugar, Suitable from 6 Months+, Organic Banana Flavour, Pack of 1 (50g)",https://m.media-amazon.com/images/I/61dEbfGDOHL.jpg,40,o_phase1_v1,live,live_mode_missing_cost,,,10,missing_market_price,1,missing_all_cost_inputs,,,,,inactive_sale_status,inactive_sale_status,
2026-05-19T12:38:56Z,DK-9CZR-7SUV,,,Infinity Foods,wait,"SUPPLIER_COST_USER_CONFIRMATION_REQUIRED,LOW_CONFIDENCE_MARKET_CONTEXT,SALE_STATUS_NOT_ACTIVE",0,0,0,,,,missing_cost,,MISSING_MARKET_CONTEXT,,,Fairtrade Organic Ground Coffee 200g - Medium Roast - Ideal For French Press Cafetiere Filter Drip V60 Aeropress - Shade Grown Bird Friendly Certified - Bird and Wild - Donation to RSPB - Strength 3,https://m.media-amazon.com/images/I/61bIWrecA+L.jpg,40,o_phase1_v1,live,live_mode_missing_cost,,,10,missing_market_price,1,missing_all_cost_inputs,,,,,inactive_sale_status,inactive_sale_status,
2026-05-19T12:38:56Z,4Y-2V2S-KSTO,,,Jones Wholesale,wait,"SUPPLIER_COST_USER_CONFIRMATION_REQUIRED,LOW_CONFIDENCE_MARKET_CONTEXT,SALE_STATUS_NOT_ACTIVE",0,0,0,,,,missing_cost,,MISSING_MARKET_CONTEXT,,,"LICKIMAT Buddy Treat Mat , Assorted colors",https://m.media-amazon.com/images/I/71+EhhPBnPL.jpg,40,o_phase1_v1,live,live_mode_missing_cost,,,10,missing_market_price,1,missing_all_cost_inputs,,,,,inactive_sale_status,inactive_sale_status,
2026-05-19T12:38:56Z,VF-WENE-0QSF,,,Jones Wholesale,wait,"SUPPLIER_COST_USER_CONFIRMATION_REQUIRED,LOW_CONFIDENCE_MARKET_CONTEXT,SALE_STATUS_NOT_ACTIVE",0,0,0,,,,missing_cost,,MISSING_MARKET_CONTEXT,,,Metal Screw-In Dog Lead Stake,https://m.media-amazon.com/images/I/517+y-yugQL.jpg,40,o_phase1_v1,live,live_mode_missing_cost,,,10,missing_market_price,1,missing_all_cost_inputs,,,,,inactive_sale_status,inactive_sale_status,
2026-05-19T12:38:56Z,10-KNVB-4BRI,B002GZJUQ2,,Jones Wholesale,wait,"SUPPLIER_COST_USER_CONFIRMATION_REQUIRED,LOW_CONFIDENCE_MARKET_CONTEXT,SALE_STATUS_NOT_ACTIVE",0,0,0,,,,missing_cost,,MISSING_MARKET_CONTEXT,,,"Kitchen Devils S8603000 Control Vegetable Knife, 10 cm, Multi-Colour , Black",https://m.media-amazon.com/images/I/71IB6G0kwoL.jpg,40,o_phase1_v1,live,live_mode_missing_cost,,,10,missing_market_price,1,missing_all_cost_inputs,,,,,inactive_sale_status,inactive_sale_status,
2026-05-19T12:38:56Z,CC-9HJK-1XR3,,,Jones Wholesale,wait,"SUPPLIER_COST_USER_CONFIRMATION_REQUIRED,LOW_CONFIDENCE_MARKET_CONTEXT,SALE_STATUS_NOT_ACTIVE",0,0,0,,,,missing_cost,,MISSING_MARKET_CONTEXT,,,Partisan Products Happy Birthday Boy Blue Occassions Gift Bag With Gift Tag Made From Recycled Board Medium,https://m.media-amazon.com/images/I/71oR7e6oHyL.jpg,40,o_phase1_v1,live,live_mode_missing_cost,,,10,missing_market_price,1,missing_all_cost_inputs,,,,,inactive_sale_status,inactive_sale_status,
2026-05-19T12:38:56Z,IX-BHAG-7688,,,Knights Fragrances,wait,"SUPPLIER_COST_USER_CONFIRMATION_REQUIRED,LOW_CONFIDENCE_MARKET_CONTEXT,SALE_STATUS_NOT_ACTIVE",0,0,0,,,,missing_cost,,MISSING_MARKET_CONTEXT,,,Guy Laroche DRAKKAR NOIR Eau De Toilette Spray for Men 30ml (1 Oz) EDT Cologne,https://m.media-amazon.com/images/I/71YxBJd1VJL.jpg,40,o_phase1_v1,live,live_mode_missing_cost,,,10,missing_market_price,1,missing_all_cost_inputs,,,,,inactive_sale_status,inactive_sale_status,
2026-05-19T12:38:56Z,8Y-8UTW-YHVV,,,Knights Fragrances,wait,"SUPPLIER_COST_USER_CONFIRMATION_REQUIRED,LOW_CONFIDENCE_MARKET_CONTEXT,SALE_STATUS_NOT_ACTIVE",0,0,0,,,,missing_cost,,MISSING_MARKET_CONTEXT,,,"Brut Original Eau De Toilette Spray, 100 ml",https://m.media-amazon.com/images/I/61TYSdgDWJL.jpg,40,o_phase1_v1,live,live_mode_missing_cost,,,10,missing_market_price,1,missing_all_cost_inputs,,,,,inactive_sale_status,inactive_sale_status,
2026-05-19T12:38:56Z,IS-RZRJ-JMUQ,,,Knights Fragrances,wait,"SUPPLIER_COST_USER_CONFIRMATION_REQUIRED,LOW_CONFIDENCE_MARKET_CONTEXT,SALE_STATUS_NOT_ACTIVE",0,0,0,,,,missing_cost,,MISSING_MARKET_CONTEXT,,,"ALYSSA ASHLEY Cologne Spray, 100 ml",https://m.media-amazon.com/images/I/61UGWiBNvqL.jpg,40,o_phase1_v1,live,live_mode_missing_cost,,,10,missing_market_price,1,missing_all_cost_inputs,,,,,inactive_sale_status,inactive_sale_status,
2026-05-19T12:38:56Z,4D-KUD8-5IQP,,,Knights Fragrances,wait,"SUPPLIER_COST_USER_CONFIRMATION_REQUIRED,LOW_CONFIDENCE_MARKET_CONTEXT,SALE_STATUS_NOT_ACTIVE",0,0,0,,,,missing_cost,,MISSING_MARKET_CONTEXT,,,"ALYSSA ASHLEY Vanilla Eau Parfumee Cologne Spray, Women (100 ml)",https://m.media-amazon.com/images/I/41o-6jFcJGL.jpg,40,o_phase1_v1,live,live_mode_missing_cost,,,10,missing_market_price,1,missing_all_cost_inputs,,,,,inactive_sale_status,inactive_sale_status,
2026-05-19T12:38:56Z,6L-R2ZY-X2E0,,,Knights Fragrances,wait,"SUPPLIER_COST_USER_CONFIRMATION_REQUIRED,LOW_CONFIDENCE_MARKET_CONTEXT,SALE_STATUS_NOT_ACTIVE",0,0,0,,,,missing_cost,,MISSING_MARKET_CONTEXT,,,"Alyssa Ashley Essence De Patchouli Perfume, 100 ml",https://m.media-amazon.com/images/I/71V1-2D-6OL.jpg,40,o_phase1_v1,live,live_mode_missing_cost,,,10,missing_market_price,1,missing_all_cost_inputs,,,,,inactive_sale_status,inactive_sale_status,
2026-05-19T12:38:56Z,H4-EFUP-2ASL,,,Knights Fragrances,wait,"SUPPLIER_COST_USER_CONFIRMATION_REQUIRED,LOW_CONFIDENCE_MARKET_CONTEXT,SALE_STATUS_NOT_ACTIVE",0,0,0,,,,missing_cost,,MISSING_MARKET_CONTEXT,,,"Woods of Windsor Rose Bath and Shower Gel, Womens Shower Gel with Floral White Jasmine and Ylang Ylang Notes, Moisturising Body Wash for Women with Vitamin E, True Rose Scent 250ml",https://m.media-amazon.com/images/I/61GNNlGyJ1L.jpg,40,o_phase1_v1,live,live_mode_missing_cost,,,10,missing_market_price,1,missing_all_cost_inputs,,,,,inactive_sale_status,inactive_sale_status,
2026-05-19T12:38:56Z,QZ-5ZK7-W02G,,,Mark Up Wholesale,wait,"SUPPLIER_COST_USER_CONFIRMATION_REQUIRED,LOW_CONFIDENCE_MARKET_CONTEXT,SALE_STATUS_NOT_ACTIVE",0,0,0,,,,missing_cost,,MISSING_MARKET_CONTEXT,,,XPRO All Purpose Super Glue Gel 20g - Industrial Grade (2 Pcs),https://m.media-amazon.com/images/I/41Awy2ztR+L.jpg,40,o_phase1_v1,live,live_mode_missing_cost,,,10,missing_market_price,1,missing_all_cost_inputs,,,,,inactive_sale_status,inactive_sale_status,
2026-05-19T12:38:56Z,9H-K7TV-V6NU,,,Murrays Health and Beauty,wait,"SUPPLIER_COST_USER_CONFIRMATION_REQUIRED,LOW_CONFIDENCE_MARKET_CONTEXT,SALE_STATUS_NOT_ACTIVE",0,0,0,,,2.97,supplier_buy_cost_truth,,MISSING_MARKET_CONTEXT,,,"NUK First Choice+ Size 2 Latex Teats, Medium 6-18 months, 2ea",https://m.media-amazon.com/images/I/719FRFGwoWL.jpg,40,o_phase1_v1,live,live_cost_inputs,,,10,missing_market_price,1,missing_current_price_list_cost|actual_paid_without_list_reference,2.97,,,2.97,inactive_sale_status,inactive_sale_status,
2026-05-19T12:38:56Z,PI-JTWZ-8YNT,,,Murrays Health and Beauty,wait,"SUPPLIER_COST_USER_CONFIRMATION_REQUIRED,LOW_CONFIDENCE_MARKET_CONTEXT,SALE_STATUS_NOT_ACTIVE",0,0,0,,,,missing_cost,,MISSING_MARKET_CONTEXT,,,"7th Heaven Pink Rose Clay Hard Drying Mud Face Mask with Shea Butter, Damask Rose and Marula Oil to Cleanse and Hydrate Skin - Ideal for Normal, Combination and Dry Skin",https://m.media-amazon.com/images/I/81H-uDcXZ4L.jpg,40,o_phase1_v1,live,live_mode_missing_cost,,,10,missing_market_price,1,missing_all_cost_inputs,,,,,inactive_sale_status,inactive_sale_status,
2026-05-19T12:38:56Z,UC-D1G4-MTYN,,,Murrays Health and Beauty,wait,"SUPPLIER_COST_USER_CONFIRMATION_REQUIRED,LOW_CONFIDENCE_MARKET_CONTEXT,SALE_STATUS_NOT_ACTIVE",0,0,0,,,,missing_cost,,MISSING_MARKET_CONTEXT,,,,,40,o_phase1_v1,live,live_mode_missing_cost,,,10,missing_market_price,1,missing_all_cost_inputs,,,,,inactive_sale_status,inactive_sale_status,
2026-05-19T12:38:56Z,RJ-OVDC-R9JF,,,Murrays Health and Beauty,wait,"SUPPLIER_COST_USER_CONFIRMATION_REQUIRED,LOW_CONFIDENCE_MARKET_CONTEXT,SALE_STATUS_NOT_ACTIVE",0,0,0,,,,missing_cost,,MISSING_MARKET_CONTEXT,,,,,40,o_phase1_v1,live,live_mode_missing_cost,,,10,missing_market_price,1,missing_all_cost_inputs,,,,,inactive_sale_status,inactive_sale_status,
2026-05-19T12:38:56Z,HO-7XV5-UD4D,,,Murrays Health and Beauty,wait,"SUPPLIER_COST_USER_CONFIRMATION_REQUIRED,LOW_CONFIDENCE_MARKET_CONTEXT,SALE_STATUS_NOT_ACTIVE",0,0,0,,,,missing_cost,,MISSING_MARKET_CONTEXT,,,LaModa Bare Essentials Natural Wood-Effect Large Paddle Brush with Rose Gold Detailing for Wet or Dry Hair,https://m.media-amazon.com/images/I/71uf3UQJ+lL.jpg,40,o_phase1_v1,live,live_mode_missing_cost,,,10,missing_market_price,1,missing_all_cost_inputs,,,,,inactive_sale_status,inactive_sale_status,
2026-05-19T12:38:56Z,P4-XF7W-GMJA,,,Murrays Health and Beauty,wait,"SUPPLIER_COST_USER_CONFIRMATION_REQUIRED,LOW_CONFIDENCE_MARKET_CONTEXT,SALE_STATUS_NOT_ACTIVE",0,0,0,,,3.21,supplier_buy_cost_truth,,MISSING_MARKET_CONTEXT,,,Eylure Volume & Curl 3.4 Length No.125,https://m.media-amazon.com/images/I/71leMY7YWaL.jpg,40,o_phase1_v1,live,live_cost_inputs,,,10,missing_market_price,1,missing_current_price_list_cost|actual_paid_without_list_reference,3.21,,,3.21,inactive_sale_status,inactive_sale_status,
2026-05-19T12:38:56Z,D8-QDS3-LH4T,,,Peak Dale Products,wait,"SUPPLIER_COST_USER_CONFIRMATION_REQUIRED,LOW_CONFIDENCE_MARKET_CONTEXT,SALE_STATUS_NOT_ACTIVE",0,0,0,,,,missing_cost,,MISSING_MARKET_CONTEXT,,,"Décopatch - Ref PP70AO - PaperPatch Glossy Glue - 70g Tub - Formualted with Varnish, No Pull-In or Crinkle, Child Safe & Food Safe, Suitable for Wood, Metal, Plastic & More.",https://m.media-amazon.com/images/I/61WIcJNAt1L.jpg,40,o_phase1_v1,live,live_mode_missing_cost,,,10,missing_market_price,1,missing_all_cost_inputs,,,,,inactive_sale_status,inactive_sale_status,
2026-05-19T12:38:56Z,XN-OHVO-FXL6,,,Pulse Wholesale,wait,"SUPPLIER_COST_USER_CONFIRMATION_REQUIRED,LOW_CONFIDENCE_MARKET_CONTEXT,SALE_STATUS_NOT_ACTIVE",0,0,0,,,,missing_cost,,MISSING_MARKET_CONTEXT,,,OTOSAN FORTUSS COUGH SYRUP 180G,https://m.media-amazon.com/images/I/61p66rSTryL.jpg,40,o_phase1_v1,live,live_mode_missing_cost,,,10,missing_market_price,1,missing_all_cost_inputs,,,,,inactive_sale_status,inactive_sale_status,
2026-05-19T12:38:56Z,VU-YLRN-9V7D,,LV195370,Rashmian,wait,"SUPPLIER_COST_USER_CONFIRMATION_REQUIRED,LOW_CONFIDENCE_MARKET_CONTEXT,SALE_STATUS_NOT_ACTIVE",0,0,0,,,1.32,supplier_buy_cost_truth,,MISSING_MARKET_CONTEXT,,,OSRAM Halogen-pin-Base/HALOPIN / G9-Socket/dimmable / 33 Watt - 40 Watt/warmwhite - 2700K / Pack of 2,https://m.media-amazon.com/images/I/51bgKhlyu0L.jpg,40,o_phase1_v1,live,live_cost_inputs,,,10,missing_market_price,1,missing_current_price_list_cost|actual_paid_without_list_reference,1.32,,,1.32,inactive_sale_status,inactive_sale_status,
2026-05-19T12:38:56Z,QB-I6MR-7F61,,F-91WM-3AEF,Rashmian,wait,"SUPPLIER_COST_USER_CONFIRMATION_REQUIRED,LOW_CONFIDENCE_MARKET_CONTEXT,SALE_STATUS_NOT_ACTIVE",0,0,0,,,11.6,supplier_buy_cost_truth,,MISSING_MARKET_CONTEXT,,,"Casio Unisex Adult Quartz Watch, digital Display and Resin Strap F-91WM-3AEF",https://m.media-amazon.com/images/I/61uMxQ5XE5L.jpg,40,o_phase1_v1,live,live_cost_inputs,,,10,missing_market_price,1,missing_current_price_list_cost|actual_paid_without_list_reference,11.6,,,11.6,inactive_sale_status,inactive_sale_status,
2026-05-19T12:38:56Z,TH-JWYZ-LM0D,,RL800NI,Rashmian,wait,"SUPPLIER_COST_USER_CONFIRMATION_REQUIRED,LOW_CONFIDENCE_MARKET_CONTEXT,SALE_STATUS_NOT_ACTIVE",0,0,0,,,15.5,supplier_buy_cost_truth,,MISSING_MARKET_CONTEXT,,,"LEXIBOOK, Super Mario, Mario Nightlight alarm clock, Sounds and Melodies, LCD Backlit screen, Luminous, Snooze, Blue, RL800NI",https://m.media-amazon.com/images/I/61Oo4+zGi9L.jpg,40,o_phase1_v1,live,live_cost_inputs,,,10,missing_market_price,1,missing_current_price_list_cost|actual_paid_without_list_reference,15.5,,,15.5,inactive_sale_status,inactive_sale_status,
2026-05-19T12:38:56Z,J5-IJ6Y-64VG,,,Reydon,wait,"SUPPLIER_COST_USER_CONFIRMATION_REQUIRED,LOW_CONFIDENCE_MARKET_CONTEXT,SALE_STATUS_NOT_ACTIVE",0,0,0,,,,missing_cost,,MISSING_MARKET_CONTEXT,,,"Grangers Merino Wash | 300ml | Cleans, Gently Refreshes and Restores the Appearance of All Merino Wool | Outdoor Down Jacket | Waterproof Down Jacket Wash Merino Wash…",https://m.media-amazon.com/images/I/611ZNdDxh8L.jpg,40,o_phase1_v1,live,live_mode_missing_cost,,,10,missing_market_price,1,missing_all_cost_inputs,,,,,inactive_sale_status,inactive_sale_status,
2026-05-19T12:38:56Z,9Q-XGAX-ZGBT,,,Shure Cosmetics,wait,"SUPPLIER_COST_USER_CONFIRMATION_REQUIRED,LOW_CONFIDENCE_MARKET_CONTEXT,SALE_STATUS_NOT_ACTIVE",0,0,0,,,,missing_cost,,MISSING_MARKET_CONTEXT,,,"REVOLUTION Ultra 32 Eyeshadow Palette Flawless Matte, Powder",https://m.media-amazon.com/images/I/71IOCwjuq1L.jpg,40,o_phase1_v1,live,live_mode_missing_cost,,,10,missing_market_price,1,missing_all_cost_inputs,,,,,inactive_sale_status,inactive_sale_status,
2026-05-19T12:38:56Z,P5-KMQZ-JK8Y,,231 6066104,ABGee,wait,"SUPPLIER_COST_USER_CONFIRMATION_REQUIRED,LOW_CONFIDENCE_MARKET_CONTEXT,SALE_STATUS_NOT_ACTIVE",0,0,0,,,10,supplier_buy_cost_truth,,MISSING_MARKET_CONTEXT,,,"BAKUGAN Legends Starter Pack 3-Pack, Gorthion Ultra with Leonidas and Viloch, Collectible Action Figures, Ages 6 and Up",https://m.media-amazon.com/images/I/51FXnANSkeL.jpg,40,o_phase1_v1,live,live_cost_inputs,,,10,missing_market_price,1,missing_current_price_list_cost|actual_paid_without_list_reference,10,,,10,inactive_sale_status,inactive_sale_status,
2026-05-19T12:38:56Z,P7-91M2-092T,,5647107,TD Synnex,wait,"SUPPLIER_COST_USER_CONFIRMATION_REQUIRED,LOW_CONFIDENCE_MARKET_CONTEXT,SALE_STATUS_NOT_ACTIVE",0,0,0,,,3.85,supplier_buy_cost_truth,,MISSING_MARKET_CONTEXT,,,Crucial RAM 4GB DDR4 2666MHz CL19 Desktop Memory CT4G4DFS8266,https://m.media-amazon.com/images/I/61LjnKSImPL.jpg,40,o_phase1_v1,live,live_cost_inputs,,,10,missing_market_price,1,missing_current_price_list_cost|actual_paid_without_list_reference,3.85,,,3.85,inactive_sale_status,inactive_sale_status,
2026-05-19T12:38:56Z,BC-6AFY-0M24,,,Shure Cosmetics,wait,"SUPPLIER_COST_USER_CONFIRMATION_REQUIRED,LOW_CONFIDENCE_MARKET_CONTEXT,SALE_STATUS_NOT_ACTIVE",0,0,0,,,,missing_cost,,MISSING_MARKET_CONTEXT,,,Max Factor Lash Revival Strengthening Mascara with Bamboo Extract Shade Black 001,https://m.media-amazon.com/images/I/51NZ8TWByhS.jpg,40,o_phase1_v1,live,live_mode_missing_cost,,,10,missing_market_price,1,missing_all_cost_inputs,,,,,inactive_sale_status,inactive_sale_status,
2026-05-19T12:38:56Z,QD-2EAL-Z4J5,,,Shure Cosmetics,wait,"SUPPLIER_COST_USER_CONFIRMATION_REQUIRED,LOW_CONFIDENCE_MARKET_CONTEXT,SALE_STATUS_NOT_ACTIVE",0,0,0,,,1.25,supplier_buy_cost_truth,,MISSING_MARKET_CONTEXT,,,"NIVEA Q10 Anti-Ageing Bb Cream Cushion Light, 24H Anti-Wrinkle Moisture, 15 g",https://m.media-amazon.com/images/I/61ImXXC1xJS.jpg,40,o_phase1_v1,live,live_cost_inputs,,,10,missing_market_price,1,missing_current_price_list_cost|actual_paid_without_list_reference,1.25,,,1.25,inactive_sale_status,inactive_sale_status,
2026-05-19T12:38:56Z,R8-VELO-CPUA,,,Shure Cosmetics,wait,"SUPPLIER_COST_USER_CONFIRMATION_REQUIRED,LOW_CONFIDENCE_MARKET_CONTEXT,SALE_STATUS_NOT_ACTIVE",0,0,0,,,,missing_cost,,MISSING_MARKET_CONTEXT,,,Makeup Revolution Shimmers and Matte Nudes Ultra 32 Eyeshadows Flawless Palette,https://m.media-amazon.com/images/I/71of6AW4OwL.jpg,40,o_phase1_v1,live,live_mode_missing_cost,,,10,missing_market_price,1,missing_all_cost_inputs,,,,,inactive_sale_status,inactive_sale_status,
2026-05-19T12:38:56Z,QM-QAGK-D2UQ,,MAL4,CLF,wait,"LOW_CONFIDENCE_MARKET_CONTEXT,SALE_STATUS_NOT_ACTIVE",0,0,0,,,2.6,supplier_buy_cost_truth,,MISSING_MARKET_CONTEXT,,,"Maldon Crushed Sea Salt Flakes Grinder, 55g",https://m.media-amazon.com/images/I/51qTO5e8EuL.jpg,40,o_phase1_v1,live,live_cost_inputs,,,10,missing_market_price,0,,2.6,2.6,2.6,2.6,inactive_sale_status,inactive_sale_status,
2026-05-19T12:38:56Z,WO-75W6-980Q,,,Shure Cosmetics,wait,"SUPPLIER_COST_USER_CONFIRMATION_REQUIRED,LOW_CONFIDENCE_MARKET_CONTEXT,SALE_STATUS_NOT_ACTIVE",0,0,0,,,,missing_cost,,MISSING_MARKET_CONTEXT,,,"Max Factor 2000 Calorie Pro Stylist Mascara, Black, 9ml",https://m.media-amazon.com/images/I/61f5VbmuMBL.jpg,40,o_phase1_v1,live,live_mode_missing_cost,,,10,missing_market_price,1,missing_all_cost_inputs,,,,,inactive_sale_status,inactive_sale_status,
2026-05-19T12:38:56Z,YF-KP66-IJY6,,,Shure Cosmetics,wait,"SUPPLIER_COST_USER_CONFIRMATION_REQUIRED,LOW_CONFIDENCE_MARKET_CONTEXT,SALE_STATUS_NOT_ACTIVE",0,0,0,,,,missing_cost,,MISSING_MARKET_CONTEXT,,,Sukin Oil Balancing Mattifying Facial Moisturiser 125ml,https://m.media-amazon.com/images/I/61D5pblsK9L.jpg,40,o_phase1_v1,live,live_mode_missing_cost,,,10,missing_market_price,1,missing_all_cost_inputs,,,,,inactive_sale_status,inactive_sale_status,
2026-05-19T12:38:56Z,1A-S381-J09C,B002ZTVMDI,,Shure Cosmetics,wait,"SUPPLIER_COST_USER_CONFIRMATION_REQUIRED,LOW_CONFIDENCE_MARKET_CONTEXT,SALE_STATUS_NOT_ACTIVE",0,0,0,,,,missing_cost,,MISSING_MARKET_CONTEXT,,,Maybelline The Colossal Volum Express Mascara - # 230 Glam Black For Women 0.31 oz Mascara,https://m.media-amazon.com/images/I/71sSgQyuZQL.jpg,40,o_phase1_v1,live,live_mode_missing_cost,,,10,missing_market_price,1,missing_all_cost_inputs,,,,,inactive_sale_status,inactive_sale_status,
2026-05-19T12:38:56Z,GQ-JASA-966U,,,Shure Cosmetics,wait,"SUPPLIER_COST_USER_CONFIRMATION_REQUIRED,LOW_CONFIDENCE_MARKET_CONTEXT,SALE_STATUS_NOT_ACTIVE",0,0,0,,,,missing_cost,,MISSING_MARKET_CONTEXT,,,Figure Out Men by Saffron Eau de toilette 100ml,https://m.media-amazon.com/images/I/41ehYxhoDIL.jpg,40,o_phase1_v1,live,live_mode_missing_cost,,,10,missing_market_price,1,missing_all_cost_inputs,,,,,inactive_sale_status,inactive_sale_status,
2026-05-19T12:38:56Z,3Q-JJ0H-Y8K7,,,Shure Cosmetics,wait,"SUPPLIER_COST_USER_CONFIRMATION_REQUIRED,LOW_CONFIDENCE_MARKET_CONTEXT,SALE_STATUS_NOT_ACTIVE",0,0,0,,,,missing_cost,,MISSING_MARKET_CONTEXT,,,L'Oreal Mega Volume Collagene 24h Black Mascara 9ml,https://m.media-amazon.com/images/I/310EjwRxwbL.jpg,40,o_phase1_v1,live,live_mode_missing_cost,,,10,missing_market_price,1,missing_all_cost_inputs,,,,,inactive_sale_status,inactive_sale_status,
2026-05-19T12:38:56Z,1C-WYGV-IW8O,B00YPA854Y,,Shure Cosmetics,wait,"SUPPLIER_COST_USER_CONFIRMATION_REQUIRED,LOW_CONFIDENCE_MARKET_CONTEXT,SALE_STATUS_NOT_ACTIVE",0,0,0,,,,missing_cost,,MISSING_MARKET_CONTEXT,,,"Sukin Super Greens Detoxifying Clay Masque 100ml - with Goji Berry, Avocado & Baobab; cruelty free & vegan friendly - detoxes & brightens the complexion.",https://m.media-amazon.com/images/I/61RJus-ziXL.jpg,40,o_phase1_v1,live,live_mode_missing_cost,,,10,missing_market_price,1,missing_all_cost_inputs,,,,,inactive_sale_status,inactive_sale_status,
2026-05-19T12:38:56Z,2C-S7N4-TU7U,,,Shure Cosmetics,wait,"SUPPLIER_COST_USER_CONFIRMATION_REQUIRED,LOW_CONFIDENCE_MARKET_CONTEXT,SALE_STATUS_NOT_ACTIVE",0,0,0,,,,missing_cost,,MISSING_MARKET_CONTEXT,,,"Makeup Revolution Ultra Contour Palette, Makeup Palette Includes Highlighters & Contour Shades, Adds Definition & Sculpts Features, Vegan, 13g",https://m.media-amazon.com/images/I/71TOqxgCvTL.jpg,40,o_phase1_v1,live,live_mode_missing_cost,,,10,missing_market_price,1,missing_all_cost_inputs,,,,,inactive_sale_status,inactive_sale_status,
2026-05-19T12:38:56Z,EI-2WXL-O395,,,Shure Cosmetics,wait,"SUPPLIER_COST_USER_CONFIRMATION_REQUIRED,LOW_CONFIDENCE_MARKET_CONTEXT,SALE_STATUS_NOT_ACTIVE",0,0,0,,,,missing_cost,,MISSING_MARKET_CONTEXT,,,Makeup RevolutionLondon 32 Eyeshadow MERMAIDS FOREVER,https://m.media-amazon.com/images/I/8187CiEj+XL.jpg,40,o_phase1_v1,live,live_mode_missing_cost,,,10,missing_market_price,1,missing_all_cost_inputs,,,,,inactive_sale_status,inactive_sale_status,
2026-05-19T12:38:56Z,KP-AMHW-L7J3,,,Shure Cosmetics,wait,"SUPPLIER_COST_USER_CONFIRMATION_REQUIRED,LOW_CONFIDENCE_MARKET_CONTEXT,SALE_STATUS_NOT_ACTIVE",0,0,0,,,,missing_cost,,MISSING_MARKET_CONTEXT,,,"L'Oréal Volume Million Lashes, Extra Black 9 ml",https://m.media-amazon.com/images/I/61KOLjaw0AL.jpg,40,o_phase1_v1,live,live_mode_missing_cost,,,10,missing_market_price,1,missing_all_cost_inputs,,,,,inactive_sale_status,inactive_sale_status,
2026-05-19T12:38:56Z,B0-FSK3-1L88,,,Shure Cosmetics,wait,"SUPPLIER_COST_USER_CONFIRMATION_REQUIRED,LOW_CONFIDENCE_MARKET_CONTEXT,SALE_STATUS_NOT_ACTIVE",0,0,0,,,,missing_cost,,MISSING_MARKET_CONTEXT,,,"Max Factor False Lash Effect Voluptuous Volume Mascara, 13.1 ml, Black",https://m.media-amazon.com/images/I/71L9N38YG-L.jpg,40,o_phase1_v1,live,live_mode_missing_cost,,,10,missing_market_price,1,missing_all_cost_inputs,,,,,inactive_sale_status,inactive_sale_status,
2026-05-19T12:38:56Z,WR-IXBZ-8DOL,,,Shure Cosmetics,wait,"SUPPLIER_COST_USER_CONFIRMATION_REQUIRED,LOW_CONFIDENCE_MARKET_CONTEXT,SALE_STATUS_NOT_ACTIVE",0,0,0,,,,missing_cost,,MISSING_MARKET_CONTEXT,,,W7 IT'S MAGIC! Make Up Remover Cloth,https://m.media-amazon.com/images/I/616DBPR41HL.jpg,40,o_phase1_v1,live,live_mode_missing_cost,,,10,missing_market_price,1,missing_all_cost_inputs,,,,,inactive_sale_status,inactive_sale_status,
2026-05-19T12:38:56Z,BT-7DBY-VHSC,,,Shure Cosmetics,wait,"SUPPLIER_COST_USER_CONFIRMATION_REQUIRED,LOW_CONFIDENCE_MARKET_CONTEXT,SALE_STATUS_NOT_ACTIVE",0,0,0,,,,missing_cost,,MISSING_MARKET_CONTEXT,,,Original Attar Full Jasmine 100ml Perfume Spray from Ahsan,https://m.media-amazon.com/images/I/71o8wyvTiuL.jpg,40,o_phase1_v1,live,live_mode_missing_cost,,,10,missing_market_price,1,missing_all_cost_inputs,,,,,inactive_sale_status,inactive_sale_status,
2026-05-19T12:38:56Z,AB-B7ZS-3CGI,,,Shure Cosmetics,wait,"SUPPLIER_COST_USER_CONFIRMATION_REQUIRED,LOW_CONFIDENCE_MARKET_CONTEXT,SALE_STATUS_NOT_ACTIVE",0,0,0,,,,missing_cost,,MISSING_MARKET_CONTEXT,,,"Rimmel London Wonder Wing Eyeliner, Black",https://m.media-amazon.com/images/I/31uLLabtKhL.jpg,40,o_phase1_v1,live,live_mode_missing_cost,,,10,missing_market_price,1,missing_all_cost_inputs,,,,,inactive_sale_status,inactive_sale_status,
2026-05-19T12:38:56Z,VE-1BJX-JY53,,,Shure Cosmetics,wait,"SUPPLIER_COST_USER_CONFIRMATION_REQUIRED,LOW_CONFIDENCE_MARKET_CONTEXT,SALE_STATUS_NOT_ACTIVE",0,0,0,,,,missing_cost,,MISSING_MARKET_CONTEXT,,,"Essie Nail Polish Nail Care Quick-E Drying Drops Fast Drying Quick Dry Nail Polish Treatment, 13.5 ML",https://m.media-amazon.com/images/I/619zdvhYOLL.jpg,40,o_phase1_v1,live,live_mode_missing_cost,,,10,missing_market_price,1,missing_all_cost_inputs,,,,,inactive_sale_status,inactive_sale_status,
2026-05-19T12:38:56Z,AQ-4A75-UZQ4,,,Shure Cosmetics,wait,"SUPPLIER_COST_USER_CONFIRMATION_REQUIRED,LOW_CONFIDENCE_MARKET_CONTEXT,SALE_STATUS_NOT_ACTIVE",0,0,0,,,,missing_cost,,MISSING_MARKET_CONTEXT,,,Max Factor Miracle Prep Lip Scrub,https://m.media-amazon.com/images/I/71-LoI5AceL.jpg,40,o_phase1_v1,live,live_mode_missing_cost,,,10,missing_market_price,1,missing_all_cost_inputs,,,,,inactive_sale_status,inactive_sale_status,
2026-05-19T12:38:56Z,4A-DZKT-5L3H,,,Shure Cosmetics,wait,"SUPPLIER_COST_USER_CONFIRMATION_REQUIRED,LOW_CONFIDENCE_MARKET_CONTEXT,SALE_STATUS_NOT_ACTIVE",0,0,0,,,,missing_cost,,MISSING_MARKET_CONTEXT,,,"Olay Mist Ultimate Hydration Essence Calming With Aloe Leaf & Chamomile, 3.3 fl oz",https://m.media-amazon.com/images/I/61afRVo75IL.jpg,40,o_phase1_v1,live,live_mode_missing_cost,,,10,missing_market_price,1,missing_all_cost_inputs,,,,,inactive_sale_status,inactive_sale_status,
2026-05-19T12:38:56Z,56-K5VJ-WKGX,,,Shure Cosmetics,wait,"SUPPLIER_COST_USER_CONFIRMATION_REQUIRED,LOW_CONFIDENCE_MARKET_CONTEXT,SALE_STATUS_NOT_ACTIVE",0,0,0,,,,missing_cost,,MISSING_MARKET_CONTEXT,,,"Max Factor Miracle Second Skin Hydrating Foundation, Golden Medium - 30 ml",https://m.media-amazon.com/images/I/411cCT45PuL.jpg,40,o_phase1_v1,live,live_mode_missing_cost,,,10,missing_market_price,1,missing_all_cost_inputs,,,,,inactive_sale_status,inactive_sale_status,
2026-05-19T12:38:56Z,RR-A7OX-MCB4,,,Shure Cosmetics,wait,"SUPPLIER_COST_USER_CONFIRMATION_REQUIRED,LOW_CONFIDENCE_MARKET_CONTEXT,SALE_STATUS_NOT_ACTIVE",0,0,0,,,,missing_cost,,MISSING_MARKET_CONTEXT,,,"Max Factor Miracle Second Skin Hydrating Foundation, Neutral Medium, 30 ml (Pack of 1)",https://m.media-amazon.com/images/I/31A4vMOYWKL.jpg,40,o_phase1_v1,live,live_mode_missing_cost,,,10,missing_market_price,1,missing_all_cost_inputs,,,,,inactive_sale_status,inactive_sale_status,
2026-05-19T12:38:56Z,E8-4EWH-VI2G,,,Shure Cosmetics,wait,"SUPPLIER_COST_USER_CONFIRMATION_REQUIRED,LOW_CONFIDENCE_MARKET_CONTEXT,SALE_STATUS_NOT_ACTIVE",0,0,0,,,,missing_cost,,MISSING_MARKET_CONTEXT,,,"Max Factor Miracle Second Skin Hydrating Foundation, Neutral Medium, 30 ml (Pack of 1)",https://m.media-amazon.com/images/I/31A4vMOYWKL.jpg,40,o_phase1_v1,live,live_mode_missing_cost,,,10,missing_market_price,1,missing_all_cost_inputs,,,,,inactive_sale_status,inactive_sale_status,
2026-05-19T12:38:56Z,UE-IIJJ-P6EL,,,Shure Cosmetics,wait,"SUPPLIER_COST_USER_CONFIRMATION_REQUIRED,LOW_CONFIDENCE_MARKET_CONTEXT,SALE_STATUS_NOT_ACTIVE",0,0,0,,,,missing_cost,,MISSING_MARKET_CONTEXT,,,"Max Factor Miracle Second Skin Hydrating Foundation, Light-Medium - 30 ml",https://m.media-amazon.com/images/I/41vOr8d-uSL.jpg,40,o_phase1_v1,live,live_mode_missing_cost,,,10,missing_market_price,1,missing_all_cost_inputs,,,,,inactive_sale_status,inactive_sale_status,
2026-05-19T12:38:56Z,DW-459L-AFIY,,,Shure Cosmetics,wait,"SUPPLIER_COST_USER_CONFIRMATION_REQUIRED,LOW_CONFIDENCE_MARKET_CONTEXT,SALE_STATUS_NOT_ACTIVE",0,0,0,,,,missing_cost,,MISSING_MARKET_CONTEXT,,,La Roche-Posay Anthelios Invisible Sun Protection Spray SPF 30 200ml,https://m.media-amazon.com/images/I/61TaGtZhB0L.jpg,40,o_phase1_v1,live,live_mode_missing_cost,,,10,missing_market_price,1,missing_all_cost_inputs,,,,,inactive_sale_status,inactive_sale_status,
2026-05-19T12:38:56Z,0G-0234-E9NG,B08J1X9VVF,,Shure Cosmetics,wait,"SUPPLIER_COST_USER_CONFIRMATION_REQUIRED,LOW_CONFIDENCE_MARKET_CONTEXT,SALE_STATUS_NOT_ACTIVE",0,0,0,,,,missing_cost,,MISSING_MARKET_CONTEXT,,,Tangle Teezer | The Mini Ultimate Detangler Hairbrush |Gentle on Wet Hair | Two-Tiered Teeth & Comfortable Handle | Ideal for Kids And Travel | Reduces Knots & Breakage | Wisteria Leaf,https://m.media-amazon.com/images/I/61RCSDZlsAL.jpg,40,o_phase1_v1,live,live_mode_missing_cost,,,10,missing_market_price,1,missing_all_cost_inputs,,,,,inactive_sale_status,inactive_sale_status,
2026-05-19T12:38:56Z,3X-9BNK-4A9V,,,Shure Cosmetics,wait,"SUPPLIER_COST_USER_CONFIRMATION_REQUIRED,LOW_CONFIDENCE_MARKET_CONTEXT,SALE_STATUS_NOT_ACTIVE",0,0,0,,,,missing_cost,,MISSING_MARKET_CONTEXT,,,"Tangle Teezer, The Mini Wet Detangler Hairbrush for Wet and Dry Hair, Perfect for Kids and Traveling, Eliminates Knots and Reduces Breakage, Baby Pink Sparkle",https://m.media-amazon.com/images/I/61JxEk6cCWL.jpg,40,o_phase1_v1,live,live_mode_missing_cost,,,10,missing_market_price,1,missing_all_cost_inputs,,,,,inactive_sale_status,inactive_sale_status,
2026-05-19T12:38:56Z,ML-L9EE-YFAW,,,Shure Cosmetics,wait,"SUPPLIER_COST_USER_CONFIRMATION_REQUIRED,LOW_CONFIDENCE_MARKET_CONTEXT,SALE_STATUS_NOT_ACTIVE",0,0,0,,,,missing_cost,,MISSING_MARKET_CONTEXT,,,"Rimmel  London, Wonder’Extension  Lash Extension Effect Mascara, 001 Very Black",https://m.media-amazon.com/images/I/412dSUUWF9L.jpg,40,o_phase1_v1,live,live_mode_missing_cost,,,10,missing_market_price,1,missing_all_cost_inputs,,,,,inactive_sale_status,inactive_sale_status,
2026-05-19T12:38:56Z,RZ-QO7D-HPGQ,,QUE034,Tropicana Wholesale,wait,"SUPPLIER_COST_USER_CONFIRMATION_REQUIRED,LOW_CONFIDENCE_MARKET_CONTEXT,SALE_STATUS_NOT_ACTIVE",0,0,0,,,19.99,supplier_buy_cost_truth,,MISSING_MARKET_CONTEXT,,,Quest Nutrition Quest Bar Protein â€“ 12 x 60 Gr,https://m.media-amazon.com/images/I/81i8qDqq9oL.jpg,40,o_phase1_v1,live,live_cost_inputs,,,10,missing_market_price,1,missing_current_price_list_cost|actual_paid_without_list_reference,19.99,,,19.99,inactive_sale_status,inactive_sale_status,
2026-05-19T12:38:56Z,8G-5YVC-GJ6P,,484651,Sika,wait,"SUPPLIER_COST_USER_CONFIRMATION_REQUIRED,LOW_CONFIDENCE_MARKET_CONTEXT,SALE_STATUS_NOT_ACTIVE",0,0,0,,,2.07,supplier_buy_cost_truth,,MISSING_MARKET_CONTEXT,,,3 X Everbuild CYN20 20g General Purpose Industrial Superglue,https://m.media-amazon.com/images/I/81tysH80DZL.jpg,40,o_phase1_v1,live,live_cost_inputs,,,10,missing_market_price,1,actual_paid_above_list_needs_review,2.07,1.45,1.45,2.07,inactive_sale_status,inactive_sale_status,
2026-05-19T12:38:56Z,9I-A0BY-EW0X,,484651,Sika,wait,"SUPPLIER_COST_USER_CONFIRMATION_REQUIRED,LOW_CONFIDENCE_MARKET_CONTEXT,SALE_STATUS_NOT_ACTIVE",0,0,0,,,0.69,supplier_buy_cost_truth,,MISSING_MARKET_CONTEXT,,,Everbuild Stick2 General Purpose Superglue – Industrial Grade – High Strength – Rapid Setting – Clear – 20g,https://m.media-amazon.com/images/I/61S4YRDZfTL.jpg,40,o_phase1_v1,live,live_cost_inputs,,,10,missing_market_price,1,discount_assumption_needs_confirmation,0.69,1.45,1.45,0.69,inactive_sale_status,inactive_sale_status,
2026-05-19T12:38:56Z,YV-2E21-62SB,,5016318100283,Stax,wait,"SUPPLIER_COST_USER_CONFIRMATION_REQUIRED,LOW_CONFIDENCE_MARKET_CONTEXT,SALE_STATUS_NOT_ACTIVE",0,0,0,,,2.63,supplier_buy_cost_truth,,MISSING_MARKET_CONTEXT,,,"Liquid Skin Liquid Plaster - Waterproof Liquid Bandage for Small Cuts, Wounds, Cracked Skin - Promotes Faster Natural Healing - No Sting, Non-Burning, Safe for Kids Formula - Pack of 2 x 1g Pipettes",https://m.media-amazon.com/images/I/71LhaDa9QIL.jpg,40,o_phase1_v1,live,live_cost_inputs,,,10,missing_market_price,1,missing_current_price_list_cost|actual_paid_without_list_reference,2.63,,,2.63,inactive_sale_status,inactive_sale_status,
2026-05-19T12:38:56Z,RX-E62R-OEMW,,5011309026917,Stax,wait,"SUPPLIER_COST_USER_CONFIRMATION_REQUIRED,LOW_CONFIDENCE_MARKET_CONTEXT,SALE_STATUS_NOT_ACTIVE",0,0,0,,,,missing_cost,,MISSING_MARKET_CONTEXT,,,Zoflora Multipurpose Concentrated Antibacterial Disinfectant Multi Surface Cleaning Solution Country Garden 120 ml Green,https://m.media-amazon.com/images/I/61y9cs51Y2L.jpg,40,o_phase1_v1,live,live_mode_missing_cost,,,10,missing_market_price,1,missing_all_cost_inputs,,,,,inactive_sale_status,inactive_sale_status,
2026-05-19T12:38:56Z,SE-GMXY-FA0M,,,Party Wholesale,wait,"SUPPLIER_COST_USER_CONFIRMATION_REQUIRED,LOW_CONFIDENCE_MARKET_CONTEXT,SALE_STATUS_NOT_ACTIVE",0,0,0,,,,missing_cost,,MISSING_MARKET_CONTEXT,,,"Anniversary House Metallic Gold Glitter Candle, Number 60, 60th Birthday Cake Topper, 7 Centimeters, AHC208",https://m.media-amazon.com/images/I/81gdqs7eXIL.jpg,40,o_phase1_v1,live,live_mode_missing_cost,,,10,missing_market_price,1,missing_all_cost_inputs,,,,,inactive_sale_status,inactive_sale_status,
2026-05-19T12:38:56Z,EQ-EZL7-FAU3,,1000758,Stax,wait,"SUPPLIER_COST_USER_CONFIRMATION_REQUIRED,LOW_CONFIDENCE_MARKET_CONTEXT,SALE_STATUS_NOT_ACTIVE",0,0,0,,,3.96,supplier_buy_cost_truth,,MISSING_MARKET_CONTEXT,,,"Kitchen Devils 602002 Multi Purpose Knife,Black,30.5x8.5x1.9 cm - Packaging May Vary",https://m.media-amazon.com/images/I/61+2gSIjbeL.jpg,40,o_phase1_v1,live,live_cost_inputs,,,10,missing_market_price,1,discount_assumption_needs_confirmation,3.96,4.36,4.36,3.96,inactive_sale_status,inactive_sale_status,
2026-05-19T12:38:56Z,S8-3SXM-Y0JF,,5010624437262,Stax,wait,"SUPPLIER_COST_USER_CONFIRMATION_REQUIRED,LOW_CONFIDENCE_MARKET_CONTEXT,SALE_STATUS_NOT_ACTIVE",0,0,0,,,,missing_cost,,MISSING_MARKET_CONTEXT,,,"Kitchen Devils 1000763 Kitchen Knife, Metal, Black",https://m.media-amazon.com/images/I/41Nqw9TwnTL.jpg,40,o_phase1_v1,live,live_mode_missing_cost,,,10,missing_market_price,1,missing_all_cost_inputs,,,,,inactive_sale_status,inactive_sale_status,
2026-05-19T12:38:56Z,R4-IXFX-2AQQ,,5010624437545,Stax,wait,"SUPPLIER_COST_USER_CONFIRMATION_REQUIRED,LOW_CONFIDENCE_MARKET_CONTEXT,SALE_STATUS_NOT_ACTIVE",0,0,0,,,3.96,supplier_buy_cost_truth,,MISSING_MARKET_CONTEXT,,,"Kitchen Devils 1000775 Lifestyle Tomato Knife , Black , 30.5x8.5x2 cm",https://m.media-amazon.com/images/I/41Unft9NS2L.jpg,40,o_phase1_v1,live,live_cost_inputs,,,10,missing_market_price,1,missing_current_price_list_cost|actual_paid_without_list_reference,3.96,,,3.96,inactive_sale_status,inactive_sale_status,
2026-05-19T12:38:56Z,U8-RDSV-JZ7U,,87298406,Stax,wait,"SUPPLIER_COST_USER_CONFIRMATION_REQUIRED,LOW_CONFIDENCE_MARKET_CONTEXT,SALE_STATUS_NOT_ACTIVE",0,0,0,,,,missing_cost,,MISSING_MARKET_CONTEXT,,,"HG Stain Away 7 Rust, Stain Remover for Stubborn Rusty Marks, Erases Stains from Clothes, Tiles, Flagstone, Concrete & Natural Stone Surfaces, Textile Safe – 50ml (426005106)",https://m.media-amazon.com/images/I/41Q6Ie1kfbL.jpg,40,o_phase1_v1,live,live_mode_missing_cost,,,10,missing_market_price,1,missing_all_cost_inputs,,,,,inactive_sale_status,inactive_sale_status,
2026-05-19T12:38:56Z,3M-SOO9-5R17,,5015056394459,Stax,wait,"SUPPLIER_COST_USER_CONFIRMATION_REQUIRED,LOW_CONFIDENCE_MARKET_CONTEXT,SALE_STATUS_NOT_ACTIVE",0,0,0,,,,missing_cost,,MISSING_MARKET_CONTEXT,,,"Masterplug SPTO-MS Splash-Proof Outdoor and Indoor Plug and Socket Cover, 21 x 8.5 cm, Orange",https://m.media-amazon.com/images/I/712APZ9v85L.jpg,40,o_phase1_v1,live,live_mode_missing_cost,,,10,missing_market_price,1,missing_all_cost_inputs,,,,,inactive_sale_status,inactive_sale_status,
2026-05-19T12:38:56Z,K7-L390-M667,,5010624437422,Stax,wait,"SUPPLIER_COST_USER_CONFIRMATION_REQUIRED,LOW_CONFIDENCE_MARKET_CONTEXT,SALE_STATUS_NOT_ACTIVE",0,0,0,,,,missing_cost,,MISSING_MARKET_CONTEXT,,,Kitchen Devils Control 11cm Multi-Purpose Knife 603002,https://m.media-amazon.com/images/I/11Qn0cSX78L.jpg,40,o_phase1_v1,live,live_mode_missing_cost,,,10,missing_market_price,1,missing_all_cost_inputs,,,,,inactive_sale_status,inactive_sale_status,
2026-05-19T12:38:56Z,50-U3CD-LWFE,,5028250441898,Stax,wait,"SUPPLIER_COST_USER_CONFIRMATION_REQUIRED,LOW_CONFIDENCE_MARKET_CONTEXT,SALE_STATUS_NOT_ACTIVE",0,0,0,,,,missing_cost,,MISSING_MARKET_CONTEXT,,,"KitchenCraft 1-Pack Glass Mini Measures, 50 ml, Multi-colour",https://m.media-amazon.com/images/I/514yqb0Tp0L.jpg,40,o_phase1_v1,live,live_mode_missing_cost,,,10,missing_market_price,1,missing_all_cost_inputs,,,,,inactive_sale_status,inactive_sale_status,
2026-05-19T12:38:56Z,T8-R745-DYOV,,51141346939,Stax,wait,"SUPPLIER_COST_USER_CONFIRMATION_REQUIRED,LOW_CONFIDENCE_MARKET_CONTEXT,SALE_STATUS_NOT_ACTIVE",0,0,0,,,,missing_cost,,MISSING_MARKET_CONTEXT,,,Command Strips 17006CLR Clear Mini Command Hooks 6 Count,https://m.media-amazon.com/images/I/61pQFm1kYGL.jpg,40,o_phase1_v1,live,live_mode_missing_cost,,,10,missing_market_price,1,missing_all_cost_inputs,,,,,inactive_sale_status,inactive_sale_status,
2026-05-19T12:38:56Z,F7-3B20-C9TW,,5010853203508,Stax,wait,"SUPPLIER_COST_USER_CONFIRMATION_REQUIRED,LOW_CONFIDENCE_MARKET_CONTEXT,SALE_STATUS_NOT_ACTIVE",0,0,0,,,,missing_cost,,MISSING_MARKET_CONTEXT,,,"Mason Cash 2001.542 Collection Fine Stoneware Square Roasting Baking and Serving Dish, Ceramic, White, 16 x 16 x 4.5 cm",https://m.media-amazon.com/images/I/71Tki6GkkdL.jpg,40,o_phase1_v1,live,live_mode_missing_cost,,,10,missing_market_price,1,missing_all_cost_inputs,,,,,inactive_sale_status,inactive_sale_status,
2026-05-19T12:38:56Z,9G-57PS-EN16,,5015056356044,Stax,wait,"SUPPLIER_COST_USER_CONFIRMATION_REQUIRED,LOW_CONFIDENCE_MARKET_CONTEXT,SALE_STATUS_NOT_ACTIVE",0,0,0,,,1.17,supplier_buy_cost_truth,,MISSING_MARKET_CONTEXT,,,,,40,o_phase1_v1,live,live_cost_inputs,,,10,missing_market_price,1,missing_current_price_list_cost|actual_paid_without_list_reference,1.17,,,1.17,inactive_sale_status,inactive_sale_status,
2026-05-19T12:38:56Z,08-3ABG-PL11,B01N58L3PP,5023778070223,Stax,wait,"SUPPLIER_COST_USER_CONFIRMATION_REQUIRED,LOW_CONFIDENCE_MARKET_CONTEXT,SALE_STATUS_NOT_ACTIVE",0,0,0,,,2.98,supplier_buy_cost_truth,,MISSING_MARKET_CONTEXT,,,"Unika EasyShine Wood and Laminate Floor Cleaner, 500ml",https://m.media-amazon.com/images/I/41EiwdkbdDL.jpg,40,o_phase1_v1,live,live_cost_inputs,,,10,missing_market_price,1,missing_current_price_list_cost|actual_paid_without_list_reference,2.98,,,2.98,inactive_sale_status,inactive_sale_status,
2026-05-19T12:38:56Z,UG-OV2U-0MBJ,,5010853265179,Stax,wait,"SUPPLIER_COST_USER_CONFIRMATION_REQUIRED,LOW_CONFIDENCE_MARKET_CONTEXT,SALE_STATUS_NOT_ACTIVE",0,0,0,,,,missing_cost,,MISSING_MARKET_CONTEXT,,,Viners Everyday Purity 4 Piece 18/0 Silver Stainless Steel Table Knife Set,https://m.media-amazon.com/images/I/71kYvgnmtCL.jpg,40,o_phase1_v1,live,live_mode_missing_cost,,,10,missing_market_price,1,missing_all_cost_inputs,,,,,inactive_sale_status,inactive_sale_status,
2026-05-19T12:38:56Z,D3-R4XE-XV0R,,5010853268477,Stax,wait,"SUPPLIER_COST_USER_CONFIRMATION_REQUIRED,LOW_CONFIDENCE_MARKET_CONTEXT,SALE_STATUS_NOT_ACTIVE",0,0,0,,,15.29,supplier_buy_cost_truth,,MISSING_MARKET_CONTEXT,,,"Viners Assure 5 Piece Knife Set with Stylish Soft Touch Universal Block Stainless Steel Blades with Squared Tips for Safety, Non-Stick Coating, Rust-Resistant, Ideal for Everyday Food Prep",https://m.media-amazon.com/images/I/61-Rl3SAKPL.jpg,40,o_phase1_v1,live,live_cost_inputs,,,10,missing_market_price,1,missing_current_price_list_cost|actual_paid_without_list_reference,15.29,,,15.29,inactive_sale_status,inactive_sale_status,
2026-05-19T12:38:56Z,X6-7E52-0VB3,,356869,Stax,wait,"SUPPLIER_COST_USER_CONFIRMATION_REQUIRED,LOW_CONFIDENCE_MARKET_CONTEXT,SALE_STATUS_NOT_ACTIVE",0,0,0,,,5.26,supplier_buy_cost_truth,,MISSING_MARKET_CONTEXT,,,"Liquid Skin Liquid Plaster - Waterproof Liquid Bandage for Cuts, Wounds, Cracked Skin, Scrapes - Promotes Faster Natural Healing - No Sting, Non-Burning, Safe for Kids Formula - Pack of 4 Pipettes",https://m.media-amazon.com/images/I/81K2AbDtULL.jpg,40,o_phase1_v1,live,live_cost_inputs,,,10,missing_market_price,1,missing_current_price_list_cost|actual_paid_without_list_reference,5.26,,,5.26,inactive_sale_status,inactive_sale_status,
2026-05-19T12:38:56Z,SY-KXX7-PDAL,,,Shure Cosmetics,wait,"SUPPLIER_COST_USER_CONFIRMATION_REQUIRED,LOW_CONFIDENCE_MARKET_CONTEXT,SALE_STATUS_NOT_ACTIVE",0,0,0,,,,missing_cost,,MISSING_MARKET_CONTEXT,,,Dove Hair Therapy Dry Scalp Care sulphate free Conditioner clinically proven dryness relief 400 ml,https://m.media-amazon.com/images/I/51mUfLjCRjL.jpg,40,o_phase1_v1,live,live_mode_missing_cost,,,10,missing_market_price,1,missing_all_cost_inputs,,,,,inactive_sale_status,inactive_sale_status,
2026-05-19T12:38:56Z,LW-0BSW-ZD88,,,Stax,wait,"SUPPLIER_COST_USER_CONFIRMATION_REQUIRED,LOW_CONFIDENCE_MARKET_CONTEXT,SALE_STATUS_NOT_ACTIVE",0,0,0,,,0.7,supplier_buy_cost_truth,,MISSING_MARKET_CONTEXT,,,"Chef Aid 12 Reusable Thick Plastic Drinking Straws, Suitable for Hot and Cold Drinks, Made from BPA Free Stong and Durable Plastic, Each Pack Contain 4 Blue, 4 Pink and 4 Yellow Straws",https://m.media-amazon.com/images/I/610vV2gbrXL.jpg,40,o_phase1_v1,live,live_cost_inputs,,,10,missing_market_price,1,missing_current_price_list_cost|actual_paid_without_list_reference,0.7,,,0.7,inactive_sale_status,inactive_sale_status,
2026-05-19T12:38:56Z,TE-PYY9-E5X8,,HBH30,CLF,wait,"LOW_CONFIDENCE_MARKET_CONTEXT,SALE_STATUS_NOT_ACTIVE",0,0,0,,,1.66,supplier_buy_cost_truth,,MISSING_MARKET_CONTEXT,,,"THE HUMBLE CO. - Interdental Brushes - Size 3-0,6 mm - Developed by Dentists - Designed in Sweden - Teeth Cleaning - Vegan & Cruelty-Free - 8p",https://m.media-amazon.com/images/I/617n-nYV4aL.jpg,40,o_phase1_v1,live,live_cost_inputs,,,10,missing_market_price,0,,1.66,1.66,1.66,1.66,inactive_sale_status,inactive_sale_status,
2026-05-19T12:38:56Z,TK-2H97-E7UH,,OSP51,CLF,wait,"SUPPLIER_COST_USER_CONFIRMATION_REQUIRED,LOW_CONFIDENCE_MARKET_CONTEXT,SALE_STATUS_NOT_ACTIVE",0,0,0,,,2.25,supplier_buy_cost_truth,,MISSING_MARKET_CONTEXT,,,Organic Shop 250ml Body Scrub Softening Coffee & Sugar,https://m.media-amazon.com/images/I/41ZLsBgyZGL.jpg,40,o_phase1_v1,live,live_cost_inputs,,,10,missing_market_price,1,discount_assumption_needs_confirmation,2.25,2.34,2.34,2.25,inactive_sale_status,inactive_sale_status,
2026-05-19T12:38:56Z,ZU-VG38-OF3L,,10290397,TD Synnex,wait,"SUPPLIER_COST_USER_CONFIRMATION_REQUIRED,LOW_CONFIDENCE_MARKET_CONTEXT,SALE_STATUS_NOT_ACTIVE",0,0,0,,,18.54,supplier_buy_cost_truth,,MISSING_MARKET_CONTEXT,,,"OtterBox Symmetry Folio Case for iPad Pro 13"" (M5/M4), Shockproof, Drop proof, Slim Protective Folio Case, Tested to Military Standard, Purple",https://m.media-amazon.com/images/I/612OYV3aA+L.jpg,40,o_phase1_v1,live,live_cost_inputs,,,10,missing_market_price,1,missing_current_price_list_cost|actual_paid_without_list_reference,18.54,,,18.54,inactive_sale_status,inactive_sale_status,
2026-05-19T12:38:56Z,1D-E3I8-TUK8,B00O3XUG5E,,TD Synnex,wait,"SUPPLIER_COST_USER_CONFIRMATION_REQUIRED,LOW_CONFIDENCE_MARKET_CONTEXT,SALE_STATUS_NOT_ACTIVE",0,0,0,,,,missing_cost,,MISSING_MARKET_CONTEXT,,,"Epson C13T295000 - WF100W MAINTENANCE BOX,Black",https://m.media-amazon.com/images/I/316alguRfML.jpg,40,o_phase1_v1,live,live_mode_missing_cost,,,10,missing_market_price,1,missing_all_cost_inputs,,,,,inactive_sale_status,inactive_sale_status,
2026-05-19T12:38:56Z,V0-8QPG-0A04,,,Shure Cosmetics,wait,"SUPPLIER_COST_USER_CONFIRMATION_REQUIRED,LOW_CONFIDENCE_MARKET_CONTEXT,SALE_STATUS_NOT_ACTIVE",0,0,0,,,,missing_cost,,MISSING_MARKET_CONTEXT,,,"Makeup Revolution X Roxxsaurus, Highlight & Contour Palette, 8 shades, 20 g",https://m.media-amazon.com/images/I/41LJrai9h4L.jpg,40,o_phase1_v1,live,live_mode_missing_cost,,,10,missing_market_price,1,missing_all_cost_inputs,,,,,inactive_sale_status,inactive_sale_status,
2026-05-19T12:38:56Z,V5-VWRV-4S7K,,JNJ35,CLF,wait,"LOW_CONFIDENCE_MARKET_CONTEXT,SALE_STATUS_NOT_ACTIVE",0,0,0,,,2.83,supplier_buy_cost_truth,,MISSING_MARKET_CONTEXT,,,"Jack N’ Jill Natural Certified Kids Toothpaste – Fluoride-Free Toddler & Baby Toothpaste with 40% Xylitol, No Sugar, Suitable from 6 Months+, Organic Bubblegum Flavour, Pack of 1 (50g)",https://m.media-amazon.com/images/I/61k5v+AvedL.jpg,40,o_phase1_v1,live,live_cost_inputs,,,10,missing_market_price,0,,2.83,2.83,2.83,2.83,inactive_sale_status,inactive_sale_status,
2026-05-19T12:38:56Z,8N-DRTH-Z7K0,,COA1031,Trilanco,wait,"SUPPLIER_COST_USER_CONFIRMATION_REQUIRED,LOW_CONFIDENCE_MARKET_CONTEXT,SALE_STATUS_NOT_ACTIVE",0,0,0,,,4.69,supplier_buy_cost_truth,,MISSING_MARKET_CONTEXT,,,Pet Head Birthday Sparkle Dog Shampoo | Cotton Candy Scent | Shampoo for Dogs with Sensitive Skin | Dog Birthday Present | Vegan | Gentle Formula for Puppies | 300ml,https://m.media-amazon.com/images/I/71t-kIs6GHL.jpg,40,o_phase1_v1,live,live_cost_inputs,,,10,missing_market_price,1,missing_current_price_list_cost|actual_paid_without_list_reference,4.69,,,4.69,inactive_sale_status,inactive_sale_status,
2026-05-19T12:38:56Z,JA-LKQX-7YEN,,,DHB,wait,"SUPPLIER_COST_USER_CONFIRMATION_REQUIRED,LOW_CONFIDENCE_MARKET_CONTEXT,SALE_STATUS_NOT_ACTIVE",0,0,0,,,,missing_cost,,MISSING_MARKET_CONTEXT,,,"Westlab - Reviving Epsom Salt - 2kg Resealable Pouch - 100% Natural, Pure & Unscented Mineral Salts - Supports Sleep and Relieves Aching Muscles",https://m.media-amazon.com/images/I/61fkXXyqsnL.jpg,40,o_phase1_v1,live,live_mode_missing_cost,,,10,missing_market_price,1,missing_all_cost_inputs,,,,,inactive_sale_status,inactive_sale_status,
2026-05-19T12:38:56Z,FY-HXC0-DSPO,,,Vital Pet,wait,"SUPPLIER_COST_USER_CONFIRMATION_REQUIRED,LOW_CONFIDENCE_MARKET_CONTEXT,SALE_STATUS_NOT_ACTIVE",0,0,0,,,,missing_cost,,MISSING_MARKET_CONTEXT,,,"Other KONG Handipod Mini Pick Up Bag Refills, clear, 8410",https://m.media-amazon.com/images/I/612qK8JXsdL.jpg,40,o_phase1_v1,live,live_mode_missing_cost,,,10,missing_market_price,1,missing_all_cost_inputs,,,,,inactive_sale_status,inactive_sale_status,
2026-05-19T12:38:56Z,96-FPCV-82R1,,,We Stock Lots,wait,"SUPPLIER_COST_USER_CONFIRMATION_REQUIRED,LOW_CONFIDENCE_MARKET_CONTEXT,SALE_STATUS_NOT_ACTIVE",0,0,0,,,,missing_cost,,MISSING_MARKET_CONTEXT,,,"Morphy Richards Turbosteam Steam Iron, Non stick Ceramic Soleplate, 170g Boost, 50g Output, 380ml Water Tank, Anti-Scale and Drip, Auto Shut-off, 3m Cord, 2800W, Purple and Black, 303140",https://m.media-amazon.com/images/I/415-a0W8uZL.jpg,40,o_phase1_v1,live,live_mode_missing_cost,,,10,missing_market_price,1,missing_all_cost_inputs,,,,,inactive_sale_status,inactive_sale_status,
2026-05-19T12:38:56Z,YB-QDA8-VS05,,,We Stock Lots,wait,"SUPPLIER_COST_USER_CONFIRMATION_REQUIRED,LOW_CONFIDENCE_MARKET_CONTEXT,SALE_STATUS_NOT_ACTIVE",0,0,0,,,,missing_cost,,MISSING_MARKET_CONTEXT,,,"Morphy Richards Turbosteam Steam Iron, Non stick Ceramic Soleplate, 170g Boost, 50g Output, 380ml Water Tank, Anti-Scale and Drip, Auto Shut-off, 3m Cord, 2800W, Purple and Black, 303140",https://m.media-amazon.com/images/I/415-a0W8uZL.jpg,40,o_phase1_v1,live,live_mode_missing_cost,,,10,missing_market_price,1,missing_all_cost_inputs,,,,,inactive_sale_status,inactive_sale_status,
2026-05-19T12:38:56Z,YG-H850-FPEW,,3988458,TD Synnex,wait,"SUPPLIER_COST_USER_CONFIRMATION_REQUIRED,LOW_CONFIDENCE_MARKET_CONTEXT,SALE_STATUS_NOT_ACTIVE",0,0,0,,,5.01,supplier_buy_cost_truth,,MISSING_MARKET_CONTEXT,,,SanDisk Ultra 32GB Dual USB Flash Drive USB M3.0 up to 130 MB/s,https://m.media-amazon.com/images/I/71bV203ASmL.jpg,40,o_phase1_v1,live,live_cost_inputs,,,10,missing_market_price,1,missing_current_price_list_cost|actual_paid_without_list_reference,5.01,,,5.01,inactive_sale_status,inactive_sale_status,
2026-05-19T12:38:56Z,X4-FG91-H4MR,,,Shure Cosmetics,wait,"SUPPLIER_COST_USER_CONFIRMATION_REQUIRED,LOW_CONFIDENCE_MARKET_CONTEXT,SALE_STATUS_NOT_ACTIVE",0,0,0,,,,missing_cost,,MISSING_MARKET_CONTEXT,,,"Rimmel London Moisture Renew Lip Liner, Transparent, 1.2 g",https://m.media-amazon.com/images/I/51i2JZGUvxL.jpg,40,o_phase1_v1,live,live_mode_missing_cost,,,10,missing_market_price,1,missing_all_cost_inputs,,,,,inactive_sale_status,inactive_sale_status,
2026-05-19T12:38:56Z,YI-3CHP-LJOZ,,FIN159,CLF,wait,"SUPPLIER_COST_USER_CONFIRMATION_REQUIRED,LOW_CONFIDENCE_MARKET_CONTEXT,SALE_STATUS_NOT_ACTIVE",0,0,0,,,,missing_cost,,MISSING_MARKET_CONTEXT,,,"Faith In Nature Natural Coconut & Shea Butter Conditioner Bar, Hydrating, Vegan & Cruelty Free, No SLS or Parabens, For Normal to Dry Hair, 85g",https://m.media-amazon.com/images/I/81gRnqdlCUL.jpg,40,o_phase1_v1,live,live_mode_missing_cost,,,10,missing_market_price,1,missing_all_cost_inputs,,,,,inactive_sale_status,inactive_sale_status,
2026-05-19T12:38:56Z,YP-C2ZB-ES8H,,,DK Tools,wait,"SUPPLIER_COST_USER_CONFIRMATION_REQUIRED,LOW_CONFIDENCE_MARKET_CONTEXT,SALE_STATUS_NOT_ACTIVE",0,0,0,,,,missing_cost,,MISSING_MARKET_CONTEXT,,,Amtech F5103 6mm x 100mm Masonry drill bit,https://m.media-amazon.com/images/I/216JWFkE-4L.jpg,40,o_phase1_v1,live,live_mode_missing_cost,,,10,missing_market_price,1,missing_all_cost_inputs,,,,,inactive_sale_status,inactive_sale_status,
2026-05-19T12:38:56Z,Z7-VYUL-255V,,5647144,TD Synnex,wait,"SUPPLIER_COST_USER_CONFIRMATION_REQUIRED,LOW_CONFIDENCE_MARKET_CONTEXT,SALE_STATUS_NOT_ACTIVE",0,0,0,,,3.85,supplier_buy_cost_truth,,MISSING_MARKET_CONTEXT,,,Crucial RAM CT4G4SFS824A 4GB DDR4 2400MHz CL17 Laptop Memory,https://m.media-amazon.com/images/I/61FsaYbk3UL.jpg,40,o_phase1_v1,live,live_cost_inputs,,,10,missing_market_price,1,missing_current_price_list_cost|actual_paid_without_list_reference,3.85,,,3.85,inactive_sale_status,inactive_sale_status,
2026-05-19T12:38:56Z,ZA-4RO9-GD8M,,,Shure Cosmetics,wait,"SUPPLIER_COST_USER_CONFIRMATION_REQUIRED,LOW_CONFIDENCE_MARKET_CONTEXT,SALE_STATUS_NOT_ACTIVE",0,0,0,,,,missing_cost,,MISSING_MARKET_CONTEXT,,,"Delia Cosmetics - DARK BROWN Eyebrow & Eyelashes Tint, Innovative Formula, Easy 15 Applications, Full Treatment Kit",https://m.media-amazon.com/images/I/51w5qY+M5QL.jpg,40,o_phase1_v1,live,live_mode_missing_cost,,,10,missing_market_price,1,missing_all_cost_inputs,,,,,inactive_sale_status,inactive_sale_status,
2026-05-19T12:38:56Z,ZB-SIAQ-2V7L,,HIG029,Tropicana,wait,"SUPPLIER_COST_USER_CONFIRMATION_REQUIRED,LOW_CONFIDENCE_MARKET_CONTEXT,SALE_STATUS_NOT_ACTIVE",0,0,0,,,,missing_cost,,MISSING_MARKET_CONTEXT,,,"HIGH5 Energy Gel Aqua - Quick Release Sports Gels to Power Muscles for Peak Performance - Natural Fruit Juice & Caffeine-Free - Energy Boost for Running, Cycling and Endurance (Berry, 20 x 66g)",https://m.media-amazon.com/images/I/81jXV0yHD5L.jpg,40,o_phase1_v1,live,live_mode_missing_cost,,,10,missing_market_price,1,missing_all_cost_inputs,,,,,inactive_sale_status,inactive_sale_status,
2026-05-19T12:38:56Z,1S-ZFUI-RE1A,B0032NGZII,484651,Sika,wait,"SUPPLIER_COST_USER_CONFIRMATION_REQUIRED,LOW_CONFIDENCE_MARKET_CONTEXT,SALE_STATUS_NOT_ACTIVE",0,0,0,,,0.69,supplier_buy_cost_truth,,MISSING_MARKET_CONTEXT,,,Everbuild Stick2 General Purpose Superglue – Industrial Grade – High Strength – Rapid Setting – Clear – 20g,https://m.media-amazon.com/images/I/61S4YRDZfTL.jpg,40,o_phase1_v1,live,live_cost_inputs,,,10,missing_market_price,1,discount_assumption_needs_confirmation,0.69,1.45,1.45,0.69,inactive_sale_status,inactive_sale_status,
2026-05-19T12:38:56Z,0W-VJRK-9VCG,B00M9UFVGM,674 05288,ABGee,wait,"SUPPLIER_COST_USER_CONFIRMATION_REQUIRED,LOW_CONFIDENCE_MARKET_CONTEXT,SALE_STATUS_NOT_ACTIVE",0,0,0,,,6.2,supplier_buy_cost_truth,,MISSING_MARKET_CONTEXT,,,Character Options Ben And Holly's Little Kingdom 18cm Talking Holly Soft Plush Toy 05288,https://m.media-amazon.com/images/I/813t2oA1DyL.jpg,40,o_phase1_v1,live,live_cost_inputs,,,10,missing_market_price,1,missing_current_price_list_cost|actual_paid_without_list_reference,6.2,,,6.2,inactive_sale_status,inactive_sale_status,
2026-05-19T12:38:56Z,E8-MXNZ-4UKU,,EN025X,DHB,wait,"SUPPLIER_COST_USER_CONFIRMATION_REQUIRED,LOW_CONFIDENCE_MARKET_CONTEXT,SALE_STATUS_NOT_ACTIVE",0,0,0,,,1.26,supplier_buy_cost_truth,,MISSING_MARKET_CONTEXT,,,Ceplac Dental Disclosing Tablets 12,https://m.media-amazon.com/images/I/71jqQOFTWyL.jpg,40,o_phase1_v1,live,live_cost_inputs,,,10,missing_market_price,1,actual_paid_above_list_needs_review,1.26,1.25,1.25,1.26,inactive_sale_status,inactive_sale_status,
2026-05-19T12:38:56Z,EL-1QQR-J77R,,OB279,DHB,wait,"SUPPLIER_COST_USER_CONFIRMATION_REQUIRED,LOW_CONFIDENCE_MARKET_CONTEXT,SALE_STATUS_NOT_ACTIVE",0,0,0,,,6.59,supplier_buy_cost_truth,,MISSING_MARKET_CONTEXT,,,"Oral-B Ortho Care Essentials Electric Toothbrush Head, 1 Interspace Brush and 2 Ortho Brush Heads for Teeth with Braces, Pack of 3, White",https://m.media-amazon.com/images/I/51gPqP0IYOL.jpg,40,o_phase1_v1,live,live_cost_inputs,,,10,missing_market_price,1,missing_current_price_list_cost|actual_paid_without_list_reference,6.59,,,6.59,inactive_sale_status,inactive_sale_status,
2026-05-19T12:38:56Z,AQ-QMA9-SLHK,,PRO035,DHB,wait,"SUPPLIER_COST_USER_CONFIRMATION_REQUIRED,LOW_CONFIDENCE_MARKET_CONTEXT,SALE_STATUS_NOT_ACTIVE",0,0,0,,,1.37,supplier_buy_cost_truth,,MISSING_MARKET_CONTEXT,,,"Sure Maximum Protection Clean Scent 96h protection deodorant Anti-perspirant Cream Stick for Men, 3x stronger* sweat protection 45 ml (Pack of 3)",https://m.media-amazon.com/images/I/61PUsoXGzLL.jpg,40,o_phase1_v1,live,live_cost_inputs,,,10,missing_market_price,1,missing_current_price_list_cost|actual_paid_without_list_reference,1.37,,,1.37,inactive_sale_status,inactive_sale_status,
2026-05-19T12:38:56Z,C5-V0VF-ZQAV,,TEP084,DHB,wait,"SUPPLIER_COST_USER_CONFIRMATION_REQUIRED,LOW_CONFIDENCE_MARKET_CONTEXT,SALE_STATUS_NOT_ACTIVE",0,0,0,,,1.17,supplier_buy_cost_truth,,MISSING_MARKET_CONTEXT,,,"TePe GOOD Compact Toothbrush, Soft, Assorted Colours, 1pc, soft toothbrush for adults, sustainable toothbrush",https://m.media-amazon.com/images/I/711wHUgRi8L.jpg,40,o_phase1_v1,live,live_cost_inputs,,,10,missing_market_price,1,actual_paid_above_list_needs_review,1.17,1.09,1.09,1.17,inactive_sale_status,inactive_sale_status,
2026-05-19T12:38:56Z,VZ-MTBC-3AJ6,,PRO048,DHB,wait,"SUPPLIER_COST_USER_CONFIRMATION_REQUIRED,LOW_CONFIDENCE_MARKET_CONTEXT,SALE_STATUS_NOT_ACTIVE",0,0,0,,,1.11,supplier_buy_cost_truth,,MISSING_MARKET_CONTEXT,,,"Vaseline Intensive Care Advanced Repair Hand Cream, fragrance free, 75ml",https://m.media-amazon.com/images/I/71TdnAJNv8L.jpg,40,o_phase1_v1,live,live_cost_inputs,,,10,missing_market_price,1,discount_assumption_needs_confirmation,1.11,4.19,4.19,1.11,inactive_sale_status,inactive_sale_status,
2026-05-19T12:38:56Z,D9-42IB-HEVC,,121782,Stax,wait,"SUPPLIER_COST_USER_CONFIRMATION_REQUIRED,LOW_CONFIDENCE_MARKET_CONTEXT,SALE_STATUS_NOT_ACTIVE",0,0,0,,,3.34,supplier_buy_cost_truth,,MISSING_MARKET_CONTEXT,,,"Zyliss E920250 Comfort Spreading Knife, Japanese Stainless Steel, Black/White, Butter Knife/Butter Spreader/Cheese Spreader, Dishwasher Safe",https://m.media-amazon.com/images/I/61v2GSOgicL.jpg,40,o_phase1_v1,live,live_cost_inputs,,,10,missing_market_price,1,missing_current_price_list_cost|actual_paid_without_list_reference,3.34,,,3.34,inactive_sale_status,inactive_sale_status,
2026-05-19T12:38:56Z,LX-K206-ENZX,,118744,Stax,wait,"SUPPLIER_COST_USER_CONFIRMATION_REQUIRED,LOW_CONFIDENCE_MARKET_CONTEXT,SALE_STATUS_NOT_ACTIVE",0,0,0,,,3.92,supplier_buy_cost_truth,,MISSING_MARKET_CONTEXT,,,The Big Cheese Ultra Power Anti Rodent Laquer - 500ml Dual Action Aerosol,https://m.media-amazon.com/images/I/519-RneudGL.jpg,40,o_phase1_v1,live,live_cost_inputs,,,10,missing_market_price,1,missing_current_price_list_cost|actual_paid_without_list_reference,3.92,,,3.92,inactive_sale_status,inactive_sale_status,
2026-05-19T12:38:56Z,X1-68KO-184Y,,102272,Stax,wait,"SUPPLIER_COST_USER_CONFIRMATION_REQUIRED,LOW_CONFIDENCE_MARKET_CONTEXT,SALE_STATUS_NOT_ACTIVE",0,0,0,,,46,supplier_buy_cost_truth,,MISSING_MARKET_CONTEXT,,,"WAGNER Control Pro Nozzle Extension for high Walls, Ceilings and Floors, accessory for WAGNER paint spraying systems ControlPro, 60 cm",https://m.media-amazon.com/images/I/31znOYo9+yL.jpg,40,o_phase1_v1,live,live_cost_inputs,,,10,missing_market_price,1,missing_current_price_list_cost|actual_paid_without_list_reference,46,,,46,inactive_sale_status,inactive_sale_status,
2026-05-19T12:38:56Z,3A-T942-KVZH,,568080,Stax,wait,"SUPPLIER_COST_USER_CONFIRMATION_REQUIRED,LOW_CONFIDENCE_MARKET_CONTEXT,SALE_STATUS_NOT_ACTIVE",0,0,0,,,1.61,supplier_buy_cost_truth,,MISSING_MARKET_CONTEXT,,,16W 2 PIN Energy Saver 2D LAMP*,https://m.media-amazon.com/images/I/51DPyFuMqqS.jpg,40,o_phase1_v1,live,live_cost_inputs,,,10,missing_market_price,1,missing_current_price_list_cost|actual_paid_without_list_reference,1.61,,,1.61,inactive_sale_status,inactive_sale_status,
2026-05-19T12:38:56Z,Y0-Q6YF-SIEG,,QUBO,Bliss Distribution,wait,"SUPPLIER_COST_USER_CONFIRMATION_REQUIRED,LOW_CONFIDENCE_MARKET_CONTEXT,SALE_STATUS_NOT_ACTIVE",0,0,0,,,63.25,supplier_buy_cost_truth,,MISSING_MARKET_CONTEXT,,,YU-GI-OH! Quarter Century Bonanza Display (24),https://m.media-amazon.com/images/I/51vmeq7brRL.jpg,40,o_phase1_v1,live,live_cost_inputs,,,10,missing_market_price,1,missing_current_price_list_cost|actual_paid_without_list_reference,63.25,,,63.25,inactive_sale_status,inactive_sale_status,
2026-05-19T12:38:56Z,FY-L1AO-4YOT,,77-95360,TD Synnex,wait,"SUPPLIER_COST_USER_CONFIRMATION_REQUIRED,LOW_CONFIDENCE_MARKET_CONTEXT,SALE_STATUS_NOT_ACTIVE",0,0,0,,,13.34,supplier_buy_cost_truth,,MISSING_MARKET_CONTEXT,,,"OtterBox React Folio Case for iPad Pro 13"" (M5/M4), Shockproof, Drop proof, Ultra-Slim Protective Folio Case, Tested to Military Standard, Black",https://m.media-amazon.com/images/I/81W3yFZPGcL.jpg,40,o_phase1_v1,live,live_cost_inputs,,,10,missing_market_price,1,missing_current_price_list_cost|actual_paid_without_list_reference,13.34,,,13.34,inactive_sale_status,inactive_sale_status,
2026-05-19T12:38:56Z,ZP-F5C8-7ZCG,,TAPO L510B(4-PACK),TD Synnex,wait,"SUPPLIER_COST_USER_CONFIRMATION_REQUIRED,LOW_CONFIDENCE_MARKET_CONTEXT,SALE_STATUS_NOT_ACTIVE",0,0,0,,,27.75,supplier_buy_cost_truth,,MISSING_MARKET_CONTEXT,,,"Tapo Smart Bulb, Smart Wi-Fi LED Light, B22, 8.7W, Energy Saving, Works with Amazon Alexa and Google Home, Dimmable Soft Warm White, No Hub Required L510B(4-Pack) [Energy Class F]",https://m.media-amazon.com/images/I/61DU8D+31vL.jpg,40,o_phase1_v1,live,live_cost_inputs,,,10,missing_market_price,1,missing_current_price_list_cost|actual_paid_without_list_reference,27.75,,,27.75,inactive_sale_status,inactive_sale_status,
2026-05-19T12:38:56Z,KJ-T17P-5CVS,,PAG93,Knights Fragrances,wait,"SUPPLIER_COST_USER_CONFIRMATION_REQUIRED,LOW_CONFIDENCE_MARKET_CONTEXT,SALE_STATUS_NOT_ACTIVE",0,0,0,,,15.61,supplier_buy_cost_truth,,MISSING_MARKET_CONTEXT,,,"Mayfair Pagan Perfume for Women Perfume, 3 ml",https://m.media-amazon.com/images/I/71NmN6WSjjL.jpg,40,o_phase1_v1,live,live_cost_inputs,,,10,missing_market_price,1,missing_current_price_list_cost|actual_paid_without_list_reference,15.61,,,15.61,inactive_sale_status,inactive_sale_status,
2026-05-19T12:38:56Z,Approval-1,,285 F9988,ABGee,wait,"SUPPLIER_COST_USER_CONFIRMATION_REQUIRED,LOW_CONFIDENCE_MARKET_CONTEXT,SALE_STATUS_NOT_ACTIVE",0,0,0,,,,missing_cost,,MISSING_MARKET_CONTEXT,,,Star Wars The Black Series Wim (At Attin) Skeleton Crew 15-cm Action Figure,https://m.media-amazon.com/images/I/817edvcLJEL.jpg,40,o_phase1_v1,live,live_mode_missing_cost,,,10,missing_market_price,1,missing_all_cost_inputs,,,,,inactive_sale_status,inactive_sale_status,
2026-05-19T12:38:56Z,L7-ZGYU-IWOW,,NK701236SP,Murrays Health and Beauty,wait,"SUPPLIER_COST_USER_CONFIRMATION_REQUIRED,LOW_CONFIDENCE_MARKET_CONTEXT,SALE_STATUS_NOT_ACTIVE",0,0,0,,,2.97,supplier_buy_cost_truth,,MISSING_MARKET_CONTEXT,,,NUK First Choice+ Latex Replacement Teats | 0-6 Months with Medium Feed Hole | 2 Count,https://m.media-amazon.com/images/I/61K3Lu6BEgL.jpg,40,o_phase1_v1,live,live_cost_inputs,,,10,missing_market_price,1,missing_current_price_list_cost|actual_paid_without_list_reference,2.97,,,2.97,inactive_sale_status,inactive_sale_status,
2026-05-19T12:38:56Z,XX-ISP6-LTOY,,449066,Jones Wholesale,wait,"SUPPLIER_COST_USER_CONFIRMATION_REQUIRED,LOW_CONFIDENCE_MARKET_CONTEXT,SALE_STATUS_NOT_ACTIVE",0,0,0,,,2.33,supplier_buy_cost_truth,,MISSING_MARKET_CONTEXT,,,"Ravenhead Entertain Glass Espresso Cup and Saucer, Set of 2, 8cl",https://m.media-amazon.com/images/I/51yVuE1eLKL.jpg,40,o_phase1_v1,live,live_cost_inputs,,,10,missing_market_price,1,missing_current_price_list_cost|actual_paid_without_list_reference,2.33,,,2.33,inactive_sale_status,inactive_sale_status,
2026-05-19T12:38:56Z,8R-0UT9-SEOY,,229237,Jones Wholesale,wait,"SUPPLIER_COST_USER_CONFIRMATION_REQUIRED,LOW_CONFIDENCE_MARKET_CONTEXT,SALE_STATUS_NOT_ACTIVE",0,0,0,,,6.56,supplier_buy_cost_truth,,MISSING_MARKET_CONTEXT,,,"Lock & Lock HPL836 Rectangular Storage Container - Clear/Blue, 5.5 L",https://m.media-amazon.com/images/I/51pn5BwPD1L.jpg,40,o_phase1_v1,live,live_cost_inputs,,,10,missing_market_price,1,missing_current_price_list_cost|actual_paid_without_list_reference,6.56,,,6.56,inactive_sale_status,inactive_sale_status,
2026-05-19T12:38:56Z,7C-MBEY-QA37,,UGD011356,Heo,wait,"SUPPLIER_COST_USER_CONFIRMATION_REQUIRED,LOW_CONFIDENCE_MARKET_CONTEXT,SALE_STATUS_NOT_ACTIVE",0,0,0,,,2.62,supplier_buy_cost_truth,,MISSING_MARKET_CONTEXT,,,Ultimate Guard Katana Inner Sleeves Standard Size Transparent (100),https://m.media-amazon.com/images/I/713cteyad4L.jpg,40,o_phase1_v1,live,live_cost_inputs,,,10,missing_market_price,1,discount_assumption_needs_confirmation,2.62,2.91,2.91,2.62,inactive_sale_status,inactive_sale_status,
2026-05-19T12:38:56Z,QS-V8XL-25CO,,119408,Stax,wait,"SUPPLIER_COST_USER_CONFIRMATION_REQUIRED,LOW_CONFIDENCE_MARKET_CONTEXT,SALE_STATUS_NOT_ACTIVE",0,0,0,,,36.4,supplier_buy_cost_truth,,MISSING_MARKET_CONTEXT,,,Beurer WL50 Wake Up Light | Daylight Table Lamp | Helps to Support The Sleep Rhythm | LED Technology | FM Radio with 10 Memory Spaces | Bluetooth & Aux Input | 3 Light Levels,https://m.media-amazon.com/images/I/41hMGfL6AsL.jpg,40,o_phase1_v1,live,live_cost_inputs,,,10,missing_market_price,1,missing_current_price_list_cost|actual_paid_without_list_reference,36.4,,,36.4,inactive_sale_status,inactive_sale_status,
2026-05-19T12:38:56Z,L3-OHWF-OL4P,,300641,Stax,wait,"SUPPLIER_COST_USER_CONFIRMATION_REQUIRED,LOW_CONFIDENCE_MARKET_CONTEXT,SALE_STATUS_NOT_ACTIVE",0,0,0,,,1.54,supplier_buy_cost_truth,,MISSING_MARKET_CONTEXT,,,FRSH Scents FR9170 Black Cherry x2 Mini Vent Clip Deluxe Diffuser Air Freshener - Lifespan of Upto 90 Days - Ideal for any Sized Car Vent,https://m.media-amazon.com/images/I/71P8t7Ba6aL.jpg,40,o_phase1_v1,live,live_cost_inputs,,,10,missing_market_price,1,missing_current_price_list_cost|actual_paid_without_list_reference,1.54,,,1.54,inactive_sale_status,inactive_sale_status,
2026-05-19T12:38:56Z,VA-7T3X-R64D,,300653,Stax,wait,"SUPPLIER_COST_USER_CONFIRMATION_REQUIRED,LOW_CONFIDENCE_MARKET_CONTEXT,SALE_STATUS_NOT_ACTIVE",0,0,0,,,1.56,supplier_buy_cost_truth,,MISSING_MARKET_CONTEXT,,,"FRSH Scents FR9187 New Car x2 Mini Vent Clip Deluxe Diffuser Air Freshener - Lifespan of Upto 90 Days - Ideal for Any Sized Car Vent, Silver",https://m.media-amazon.com/images/I/71xRa282-nL.jpg,40,o_phase1_v1,live,live_cost_inputs,,,10,missing_market_price,1,missing_current_price_list_cost|actual_paid_without_list_reference,1.56,,,1.56,inactive_sale_status,inactive_sale_status,
2026-05-19T12:38:56Z,Y3-RYVT-A6Y8,,358690,Stax,wait,"SUPPLIER_COST_USER_CONFIRMATION_REQUIRED,LOW_CONFIDENCE_MARKET_CONTEXT,SALE_STATUS_NOT_ACTIVE",0,0,0,,,2.85,supplier_buy_cost_truth,12.03,PRODUCT_DB_LIVE_LISTING_PRICE,322.105263,9.18,"The Big Cheese Prickle Strip Dog Stopper – 2 m x 28 cm wide, durable Grow-thru Deterrent Protects Plants and Bulbs and Prevents Cats, Dogs, and Wildlife from Digging the Garden and Plant Pots",https://m.media-amazon.com/images/I/71JRV4x4eDL.jpg,40,o_phase1_v1,live,live_cost_inputs,12.03,10.936364,10,within_target_roi_max,1,missing_current_price_list_cost|actual_paid_without_list_reference,2.85,,,2.85,inactive_sale_status,inactive_sale_status,
2026-05-19T12:38:56Z,ZU-RET1-5CSU,,SCS22441,Shure Cosmetics,wait,"SUPPLIER_COST_USER_CONFIRMATION_REQUIRED,LOW_CONFIDENCE_MARKET_CONTEXT,SALE_STATUS_NOT_ACTIVE",0,0,0,,,3.95,supplier_buy_cost_truth,,MISSING_MARKET_CONTEXT,,,"Sukin Sensitive Calming Night Cream 120ml - with Rosehip & Evening Primrose; vegan friendly - improves texture while you sleep, soothes & helps relieve redness, boost moisture levels for dry skin.",https://m.media-amazon.com/images/I/61DCqXzszlL.jpg,40,o_phase1_v1,live,live_cost_inputs,,,10,missing_market_price,1,missing_current_price_list_cost|actual_paid_without_list_reference,3.95,,,3.95,inactive_sale_status,inactive_sale_status,
2026-05-19T12:38:56Z,62-2H0B-RRR3,,SCS21275,Shure Cosmetics,wait,"SUPPLIER_COST_USER_CONFIRMATION_REQUIRED,LOW_CONFIDENCE_MARKET_CONTEXT,SALE_STATUS_NOT_ACTIVE",0,0,0,,,2.5,supplier_buy_cost_truth,,MISSING_MARKET_CONTEXT,,,"Sukin Signature Cleansing Hand Wash 500ml - gently removes dirt, moisturises & hydrates the skin - with Rosehip and Avocado Oils; cruelty free & vegan friendly.",https://m.media-amazon.com/images/I/41N55bXUR6L.jpg,40,o_phase1_v1,live,live_cost_inputs,,,10,missing_market_price,1,missing_current_price_list_cost|actual_paid_without_list_reference,2.5,,,2.5,inactive_sale_status,inactive_sale_status,
2026-05-19T12:38:56Z,R9-20LM-YJL9,,SCS19803,Shure Cosmetics,wait,"SUPPLIER_COST_USER_CONFIRMATION_REQUIRED,LOW_CONFIDENCE_MARKET_CONTEXT,SALE_STATUS_NOT_ACTIVE",0,0,0,,,1.65,supplier_buy_cost_truth,,MISSING_MARKET_CONTEXT,,,"Cameleo - Permanent Hair Colour Cream - Blue Black - Intensive Color & Protection - 5 Oils + Omega Plus Acids - Professional, Luxurious Hair Dye - Full Kit",https://m.media-amazon.com/images/I/61+3tqTL2nL.jpg,40,o_phase1_v1,live,live_cost_inputs,,,10,missing_market_price,1,missing_current_price_list_cost|actual_paid_without_list_reference,1.65,,,1.65,inactive_sale_status,inactive_sale_status,
2026-05-19T12:38:56Z,B7-D9X9-FWYR,,SCS20085,Shure Cosmetics,wait,"SUPPLIER_COST_USER_CONFIRMATION_REQUIRED,LOW_CONFIDENCE_MARKET_CONTEXT,SALE_STATUS_NOT_ACTIVE",0,0,0,,,2.95,supplier_buy_cost_truth,,MISSING_MARKET_CONTEXT,,,Maybelline Mascara Volum' Express Lift Black 10ml,https://m.media-amazon.com/images/I/419Gy7vjI2L.jpg,40,o_phase1_v1,live,live_cost_inputs,,,10,missing_market_price,1,missing_current_price_list_cost|actual_paid_without_list_reference,2.95,,,2.95,inactive_sale_status,inactive_sale_status,
2026-05-19T12:38:56Z,5R-LL8J-AP4S,,SCS16923,Shure Cosmetics,wait,"SUPPLIER_COST_USER_CONFIRMATION_REQUIRED,LOW_CONFIDENCE_MARKET_CONTEXT,SALE_STATUS_NOT_ACTIVE",0,0,0,,,3.5,supplier_buy_cost_truth,,MISSING_MARKET_CONTEXT,,,"L'Oréal Paris Mascara, Salon Lash Volume, Infused with Panthenol, Long-lasting, No Clumping or Smudging, Pro XXL Volume, Black",https://m.media-amazon.com/images/I/71-izrHKbaL.jpg,40,o_phase1_v1,live,live_cost_inputs,,,10,missing_market_price,1,missing_current_price_list_cost|actual_paid_without_list_reference,3.5,,,3.5,inactive_sale_status,inactive_sale_status,
2026-05-19T12:38:56Z,3C-HIAR-JEF0,,SCS20397,Shure Cosmetics,wait,"SUPPLIER_COST_USER_CONFIRMATION_REQUIRED,LOW_CONFIDENCE_MARKET_CONTEXT,SALE_STATUS_NOT_ACTIVE",0,0,0,,,1.25,supplier_buy_cost_truth,,MISSING_MARKET_CONTEXT,,,"NIVEA Q10 Anti-Ageing Bb Cream Cushion Light, 24H Anti-Wrinkle Moisture, 15 g",https://m.media-amazon.com/images/I/61ImXXC1xJS.jpg,40,o_phase1_v1,live,live_cost_inputs,,,10,missing_market_price,1,missing_current_price_list_cost|actual_paid_without_list_reference,1.25,,,1.25,inactive_sale_status,inactive_sale_status,
2026-05-19T12:38:56Z,CLFAPPLY1,,MAU2,CLF,wait,"SUPPLIER_COST_USER_CONFIRMATION_REQUIRED,LOW_CONFIDENCE_MARKET_CONTEXT,SALE_STATUS_NOT_ACTIVE",0,0,0,,,11.89,supplier_buy_cost_truth,,MISSING_MARKET_CONTEXT,,,"MACU-SAVE Eye Health Supplement* 90-Day Pack, with Lutein Zeaxanthin and Meso-Zeaxanthin – 90 Capsules",https://m.media-amazon.com/images/I/41K0tRLzp4L.jpg,40,o_phase1_v1,live,live_cost_inputs,,,10,missing_market_price,1,discount_assumption_needs_confirmation,11.89,16.99,16.99,11.89,inactive_sale_status,inactive_sale_status,
2026-05-19T12:38:56Z,---,,HRI-GM,CLF,wait,"SUPPLIER_COST_USER_CONFIRMATION_REQUIRED,LOW_CONFIDENCE_MARKET_CONTEXT,SALE_STATUS_NOT_ACTIVE",0,0,0,,,,missing_cost,,MISSING_MARKET_CONTEXT,,,HRI Good Mood. St John's Wort 344 Milligrams Tablets. To Relieve the Symptoms of Slightly Low Mood and Mild Anxiety Relief. 30 Tablets,https://m.media-amazon.com/images/I/71qXAMDne2L.jpg,40,o_phase1_v1,live,live_mode_missing_cost,,,10,missing_market_price,1,missing_all_cost_inputs,,,,,inactive_sale_status,inactive_sale_status,
2026-05-19T12:38:56Z,C7-D8C6-UWDV,,BBW53,CLF,wait,"LOW_CONFIDENCE_MARKET_CONTEXT,SALE_STATUS_NOT_ACTIVE",0,0,0,,,2.5,supplier_buy_cost_truth,,MISSING_MARKET_CONTEXT,,,"Bambaw 400 Bamboo Cotton Buds, Ear Sticks, Cotton Swab, Bamboo Earbuds, Wooden Ear Buds",https://m.media-amazon.com/images/I/71HP2jsKkAL.jpg,40,o_phase1_v1,live,live_cost_inputs,,,10,missing_market_price,0,,2.5,2.5,2.5,2.5,inactive_sale_status,inactive_sale_status,
2026-05-19T12:38:56Z,RI-DHUT-XR75,,UGD010894,Bliss Distribution,wait,"SUPPLIER_COST_USER_CONFIRMATION_REQUIRED,LOW_CONFIDENCE_MARKET_CONTEXT,SALE_STATUS_NOT_ACTIVE",0,0,0,,,4.3,supplier_buy_cost_truth,,MISSING_MARKET_CONTEXT,,,"Ultimate Guard Boulder Deck Case 100+ Standard Size Clear, UGD010894",https://m.media-amazon.com/images/I/51Oqryi8SrL.jpg,40,o_phase1_v1,live,live_cost_inputs,,,10,missing_market_price,1,missing_current_price_list_cost|actual_paid_without_list_reference,4.3,,,4.3,inactive_sale_status,inactive_sale_status,
2026-05-19T12:38:56Z,Y2-A0XO-9DCH,,484652,Sika,wait,"SUPPLIER_COST_USER_CONFIRMATION_REQUIRED,LOW_CONFIDENCE_MARKET_CONTEXT,SALE_STATUS_NOT_ACTIVE",0,0,0,,,4.29,supplier_buy_cost_truth,,MISSING_MARKET_CONTEXT,,,Everbuild Industrial Grade Superglue GP 50 g Pack of 3,https://m.media-amazon.com/images/I/41y5LjKd7aL.jpg,40,o_phase1_v1,live,live_cost_inputs,,,10,missing_market_price,1,missing_current_price_list_cost|actual_paid_without_list_reference,4.29,,,4.29,inactive_sale_status,inactive_sale_status,
2026-05-19T12:38:56Z,JP-9X4T-0CCC,,77-95379,TD Synnex,wait,"SUPPLIER_COST_USER_CONFIRMATION_REQUIRED,LOW_CONFIDENCE_MARKET_CONTEXT,SALE_STATUS_NOT_ACTIVE",0,0,0,,,13.57,supplier_buy_cost_truth,,MISSING_MARKET_CONTEXT,,,"OtterBox React Folio Case for Samsung Galaxy Tab A9, Shockproof, Drop proof, Ultra-Slim Protective Folio Case, Tested to Military Standard, Black",https://m.media-amazon.com/images/I/91olY8SCX1L.jpg,40,o_phase1_v1,live,live_cost_inputs,,,10,missing_market_price,1,missing_current_price_list_cost|actual_paid_without_list_reference,13.57,,,13.57,inactive_sale_status,inactive_sale_status,
2026-05-19T12:38:56Z,9Q-K2SI-Q5LI,,4P4F4AA,TD Synnex,wait,"SUPPLIER_COST_USER_CONFIRMATION_REQUIRED,LOW_CONFIDENCE_MARKET_CONTEXT,SALE_STATUS_NOT_ACTIVE",0,0,0,,,28.5,supplier_buy_cost_truth,,MISSING_MARKET_CONTEXT,,,"HyperX CloudStinger Core -Gaming headset for PC, PS5, PS4, Xbox One, Xbox Series X|S, Nintendo Switch, DTS Headphone:X spatial audio, Lightweight over-ear headset with mic",https://m.media-amazon.com/images/I/51jP+CHXPVL.jpg,40,o_phase1_v1,live,live_cost_inputs,,,10,missing_market_price,1,missing_current_price_list_cost|actual_paid_without_list_reference,28.5,,,28.5,inactive_sale_status,inactive_sale_status,
2026-05-19T12:38:56Z,2Z-WVXG-I7W1,,CT2K8G4DFS824A,TD Synnex,wait,"SUPPLIER_COST_USER_CONFIRMATION_REQUIRED,LOW_CONFIDENCE_MARKET_CONTEXT,SALE_STATUS_NOT_ACTIVE",0,0,0,,,,missing_cost,,MISSING_MARKET_CONTEXT,,,"Crucial DDR4 RAM 16GB Kit (8GBx2) 2400MHz CL17, Desktop Computer Memory - CT2K8G4DFS824A",https://m.media-amazon.com/images/I/61fwPjPIHjL.jpg,40,o_phase1_v1,live,live_mode_missing_cost,,,10,missing_market_price,1,missing_all_cost_inputs,,,,,inactive_sale_status,inactive_sale_status,
2026-05-19T12:38:56Z,E1-W7LJ-CUKO,,CT2K8G4SFS824A,TD Synnex,wait,"SUPPLIER_COST_USER_CONFIRMATION_REQUIRED,LOW_CONFIDENCE_MARKET_CONTEXT,SALE_STATUS_NOT_ACTIVE",0,0,0,,,,missing_cost,,MISSING_MARKET_CONTEXT,,,"Crucial DDR4 RAM 16GB Kit (2x8GB) 2400MHz SODIMM CL17, Laptop Computer Memory, Mini PC - CT2K8G4SFS824A",https://m.media-amazon.com/images/I/61q1ch0o2+L.jpg,40,o_phase1_v1,live,live_mode_missing_cost,,,10,missing_market_price,1,missing_all_cost_inputs,,,,,inactive_sale_status,inactive_sale_status,
2026-05-19T12:38:56Z,U4-Z3VT-1WNS,,4X90U90618,TD Synnex,wait,"LOW_CONFIDENCE_MARKET_CONTEXT,SALE_STATUS_NOT_ACTIVE",0,0,0,,,16.21,supplier_buy_cost_truth,,MISSING_MARKET_CONTEXT,,,"Lenovo HYBRID USB-C with USB-A, 4X90U90618, schwarz, 3 feet",https://m.media-amazon.com/images/I/21xJ5eNVZiL.jpg,40,o_phase1_v1,live,live_cost_inputs,,,10,missing_market_price,0,price_list_only_no_purchase_reference,16.21,16.21,16.21,,inactive_sale_status,inactive_sale_status,
2026-05-19T12:38:56Z,6S-TT0C-48SV,,838917,Stax,wait,"SUPPLIER_COST_USER_CONFIRMATION_REQUIRED,LOW_CONFIDENCE_MARKET_CONTEXT,SALE_STATUS_NOT_ACTIVE",0,0,0,,,9.49,supplier_buy_cost_truth,,MISSING_MARKET_CONTEXT,,,Bahco 10-30-51 Bowsaw 30In,https://m.media-amazon.com/images/I/61UC0trbURS.jpg,40,o_phase1_v1,live,live_cost_inputs,,,10,missing_market_price,1,missing_current_price_list_cost|actual_paid_without_list_reference,9.49,,,9.49,inactive_sale_status,inactive_sale_status,
2026-05-19T12:38:56Z,N2-I82D-3I3Q,,743941,Stax,wait,"SUPPLIER_COST_USER_CONFIRMATION_REQUIRED,LOW_CONFIDENCE_MARKET_CONTEXT,SALE_STATUS_NOT_ACTIVE",0,0,0,,,6.96,supplier_buy_cost_truth,,MISSING_MARKET_CONTEXT,,,"Ring Digital Keyring Tyre Pressure Gauge & LED Torch - Shows pressure in PSI, kPA, BAR & kg/cm2",https://m.media-amazon.com/images/I/51VINMFd4CL.jpg,40,o_phase1_v1,live,live_cost_inputs,,,10,missing_market_price,1,missing_current_price_list_cost|actual_paid_without_list_reference,6.96,,,6.96,inactive_sale_status,inactive_sale_status,
2026-05-19T12:38:56Z,GZ-0NY2-BOHL,,BOTI38687,Heo,wait,"SUPPLIER_COST_USER_CONFIRMATION_REQUIRED,LOW_CONFIDENCE_MARKET_CONTEXT,SALE_STATUS_NOT_ACTIVE",0,0,0,,,5.34,supplier_buy_cost_truth,,MISSING_MARKET_CONTEXT,,,Doctor Squish - Squishy Pack - 10 Pack Balloon Refill,https://m.media-amazon.com/images/I/61Vvvm9j7ML.jpg,40,o_phase1_v1,live,live_cost_inputs,,,10,missing_market_price,1,missing_current_price_list_cost|actual_paid_without_list_reference,5.34,,,5.34,inactive_sale_status,inactive_sale_status,
2026-05-19T12:38:56Z,S2-RZ4R-15M6,,SCS18973,Shure Cosmetics,wait,"SUPPLIER_COST_USER_CONFIRMATION_REQUIRED,LOW_CONFIDENCE_MARKET_CONTEXT,SALE_STATUS_NOT_ACTIVE",0,0,0,,,9.15,supplier_buy_cost_truth,,MISSING_MARKET_CONTEXT,,,,,40,o_phase1_v1,live,live_cost_inputs,,,10,missing_market_price,1,missing_current_price_list_cost|actual_paid_without_list_reference,9.15,,,9.15,inactive_sale_status,inactive_sale_status,
2026-05-19T12:38:56Z,VU-UQNN-35C8,,SKI037,Tropicana Wholesale,wait,"SUPPLIER_COST_USER_CONFIRMATION_REQUIRED,LOW_CONFIDENCE_MARKET_CONTEXT,SALE_STATUS_NOT_ACTIVE",0,0,0,,,2,supplier_buy_cost_truth,9.97,PRODUCT_DB_LIVE_LISTING_PRICE,398.5,7.97,Skinny Syrup 425ml Cookies & Cream,https://m.media-amazon.com/images/I/51WCHHjneoL.jpg,40,o_phase1_v1,live,live_cost_inputs,9.97,9.063636,10,within_target_roi_max,1,missing_current_price_list_cost|actual_paid_without_list_reference,2,,,2,inactive_sale_status,inactive_sale_status,
2026-05-19T12:38:56Z,Apply2,,6F22R-1BP,Rashmian,wait,"SUPPLIER_COST_USER_CONFIRMATION_REQUIRED,LOW_CONFIDENCE_MARKET_CONTEXT,SALE_STATUS_NOT_ACTIVE",0,0,0,,,,missing_cost,,MISSING_MARKET_CONTEXT,,,Panasonic 1148 Zinc 6F22R 9 V Special Power Battery,https://m.media-amazon.com/images/I/31Wfr9qiOkL.jpg,40,o_phase1_v1,live,live_mode_missing_cost,,,10,missing_market_price,1,missing_all_cost_inputs,,,,,inactive_sale_status,inactive_sale_status,
2026-05-19T12:38:56Z,Apply-B0CSGSCWTP,,HASF9991,Heo,wait,"SUPPLIER_COST_USER_CONFIRMATION_REQUIRED,LOW_CONFIDENCE_MARKET_CONTEXT,SALE_STATUS_NOT_ACTIVE",0,0,0,,,6.88,supplier_buy_cost_truth,,MISSING_MARKET_CONTEXT,,,Star Wars The Black Series KB (At Attin) Skeleton Crew 15-cm Action Figure,https://m.media-amazon.com/images/I/81099d6SbdL.jpg,40,o_phase1_v1,live,live_cost_inputs,,,10,missing_market_price,1,actual_paid_above_list_needs_review,6.88,5.3,5.3,6.88,inactive_sale_status,inactive_sale_status,
2026-05-19T12:38:56Z,Apply-B0CSH9HXQ5,,HASF9987,Heo,wait,"SUPPLIER_COST_USER_CONFIRMATION_REQUIRED,LOW_CONFIDENCE_MARKET_CONTEXT,SALE_STATUS_NOT_ACTIVE",0,0,0,,,5.27,supplier_buy_cost_truth,,MISSING_MARKET_CONTEXT,,,Star Wars The Black Series Jod Na Nawood Skeleton Crew 15-cm Action Figure,https://m.media-amazon.com/images/I/41Z2zgyjVWL.jpg,40,o_phase1_v1,live,live_cost_inputs,,,10,missing_market_price,1,missing_current_price_list_cost|actual_paid_without_list_reference,5.27,,,5.27,inactive_sale_status,inactive_sale_status,
2026-05-19T12:38:56Z,REJECT,,EAN1,CLF,wait,"LOW_CONFIDENCE_MARKET_CONTEXT,SALE_STATUS_NOT_ACTIVE",0,0,0,,,2.41,supplier_buy_cost_truth,,MISSING_MARKET_CONTEXT,,,"Explore Cuisine Edamame & Mung Bean Fettuccine, Delicious Low Carb, Plant-based Vegan Pasta, High in Protein, High in Fibre, Gluten Free, Easy to Cook",https://m.media-amazon.com/images/I/91oE0PMhy4L.jpg,40,o_phase1_v1,live,live_cost_inputs,,,10,missing_market_price,0,price_list_only_no_purchase_reference,2.41,2.41,2.41,,inactive_sale_status,inactive_sale_status,
2026-05-19T12:38:56Z,UE-BZE5-I0WM,,,,wait,"SUPPLIER_COST_USER_CONFIRMATION_REQUIRED,LOW_CONFIDENCE_MARKET_CONTEXT,SALE_STATUS_NOT_ACTIVE",0,0,0,,,,missing_cost,,MISSING_MARKET_CONTEXT,,,,,40,o_phase1_v1,live,live_mode_missing_cost,,,10,missing_market_price,1,missing_all_cost_inputs,,,,,inactive_sale_status,inactive_sale_status,
2026-05-19T12:38:56Z,FBA15K3QTGNT_unexpected_item_01,B07RRQX71T,HBH30,CLF,wait,"LOW_CONFIDENCE_MARKET_CONTEXT,SALE_STATUS_NOT_ACTIVE",0,0,0,,,1.66,supplier_buy_cost_truth,5.14,PRODUCT_DB_LIVE_LISTING_PRICE,209.638554,3.48,THE HUMBLE CO. - Interdental Brushes - Size 3-0.6 mm - Developed by Dentists - Designed in Sweden - Teeth Cleaning - Vegan & Cruelty-Free - 6p,https://m.media-amazon.com/images/I/61kBseqk88L.jpg,40,o_phase1_v1,live,live_cost_inputs,5.14,4.672727,10,within_target_roi_max,0,price_list_only_no_purchase_reference,1.66,1.66,1.66,,inactive_sale_status,inactive_sale_status,
2026-05-19T12:38:56Z,PT-7SUD-DDSG,B09NQ9ZHDQ,,,wait,"SUPPLIER_COST_USER_CONFIRMATION_REQUIRED,LOW_CONFIDENCE_MARKET_CONTEXT,SALE_STATUS_NOT_ACTIVE",0,0,0,,,,missing_cost,8.99,PRODUCT_DB_LIVE_LISTING_PRICE,,,The Army Painter Speedpaint Singles - Cloudburst Blue,https://m.media-amazon.com/images/I/41Ty40mqCAL.jpg,40,o_phase1_v1,live,live_mode_missing_cost,8.99,8.172727,10,missing_expected_cost,1,missing_all_cost_inputs,,,,,inactive_sale_status,inactive_sale_status,
2026-05-19T12:38:56Z,3Z-03PB-Q1A8,B09NQ9ZHDQ,WP2022,Bliss Distribution,wait,"SUPPLIER_COST_USER_CONFIRMATION_REQUIRED,LOW_CONFIDENCE_MARKET_CONTEXT,SALE_STATUS_NOT_ACTIVE",0,0,0,,,,missing_cost,6.79,PRODUCT_DB_LIVE_LISTING_PRICE,,,The Army Painter Speedpaint Singles - Cloudburst Blue,https://m.media-amazon.com/images/I/41Ty40mqCAL.jpg,40,o_phase1_v1,live,live_mode_missing_cost,6.79,6.172727,10,missing_expected_cost,1,missing_all_cost_inputs,,,,,inactive_sale_status,inactive_sale_status,
2026-05-19T12:38:56Z,02-7AZG-O0CV,B01N31JDVX,,Party Wholesalers,wait,"SUPPLIER_COST_USER_CONFIRMATION_REQUIRED,LOW_CONFIDENCE_MARKET_CONTEXT,WEAK_DEMAND_SIGNAL",0,0,0,,,,missing_cost,2.99,PRODUCT_DB_LIVE_LISTING_PRICE,,,Anniversary House Metallic Colourful Pink Glitter Number 7 Cake Candle for Birthday and Anniversary Decorations - Elegant Birthday Candle for Cake - Stylish Silver Number Candle Topper 7 cm,https://m.media-amazon.com/images/I/61m1cxp3F5L.jpg,50,o_phase1_v1,live,live_mode_missing_cost,2.99,2.718182,10,missing_expected_cost,1,missing_all_cost_inputs,,,,,weak_demand,weak_demand,
2026-05-19T12:38:56Z,03-7TNF-U2A1,B08C34199M,WIS112,DHB,wait,"LOW_CONFIDENCE_MARKET_CONTEXT,SALE_STATUS_NOT_ACTIVE",0,0,0,,,1.41,supplier_buy_cost_truth,4.1,PRODUCT_DB_LIVE_LISTING_PRICE,190.780142,2.69,Wisdom Clean Between Pro Interdental Brushes Large Purple,https://m.media-amazon.com/images/I/41kngJga3rL.jpg,40,o_phase1_v1,live,live_cost_inputs,4.1,3.727273,10,within_target_roi_max,0,price_list_only_no_purchase_reference,1.41,1.41,1.41,,inactive_sale_status,inactive_sale_status,
2026-05-19T12:38:56Z,06-6WC0-UGFH,B004YJLV6K,TZE242,TD Synnex,wait,"LOW_CONFIDENCE_MARKET_CONTEXT,WEAK_DEMAND_SIGNAL",0,0,0,,,10.15,supplier_buy_cost_truth,17.63,PRODUCT_DB_LIVE_LISTING_PRICE,73.694581,7.48,"Brother TZe-242 Labelling Tape Cassette, 18 mm (W) x 8 m (L), Laminated, Brother Genuine Supplies - Red on White",https://m.media-amazon.com/images/I/51cr6GOpSsL.jpg,50,o_phase1_v1,live,live_cost_inputs,17.63,16.027273,10,within_target_roi_max,0,price_list_only_no_purchase_reference,10.15,10.15,10.15,,weak_demand,weak_demand,
2026-05-19T12:38:56Z,0B-IC3D-6S96,B00ICS6JWK,,,wait,"SUPPLIER_COST_USER_CONFIRMATION_REQUIRED,LOW_CONFIDENCE_MARKET_CONTEXT,SALE_STATUS_NOT_ACTIVE",0,0,0,,,,missing_cost,8.95,PRODUCT_DB_LIVE_LISTING_PRICE,,,"Idontix X-Floss Lite, Blue",https://m.media-amazon.com/images/I/61E7TRHWsuL.jpg,40,o_phase1_v1,live,live_mode_missing_cost,8.95,8.136364,10,missing_expected_cost,1,missing_all_cost_inputs,,,,,inactive_sale_status,inactive_sale_status,
2026-05-19T12:38:56Z,0G-JB6S-PN34,B07H2WXMDJ,SKI002,Tropicana Wholesale,wait,"SUPPLIER_COST_USER_CONFIRMATION_REQUIRED,LOW_CONFIDENCE_MARKET_CONTEXT,BLOCKED_MISSING_COST_INPUT",0,0,0,0,0,,missing_cost,5.9,PRODUCT_DB_LIVE_LISTING_PRICE,,,"Skinny Food Co Sugar Free Maple Syrup 425ml - Zero Calorie Syrup For Breakfast, Snacks, Drinks & Desserts - Vegan, Gluten-free, Keto & Paleo Friendly Maple Syrup - Sugar Free Maple Syrup UK",https://m.media-amazon.com/images/I/51wYyQ03wBL.jpg,35,o_phase1_v1,live,live_mode_missing_cost,5.9,5.363636,10,missing_expected_cost,1,missing_all_cost_inputs,,,,,missing_forward_roi_inputs,missing_forward_roi_inputs,
2026-05-19T12:38:56Z,0H-5V53-GPG4,B0CRRPCT5P,AT-15062,Bliss Distribution,wait,"SUPPLIER_COST_USER_CONFIRMATION_REQUIRED,LOW_CONFIDENCE_MARKET_CONTEXT,SALE_STATUS_NOT_ACTIVE",0,0,0,,,,missing_cost,12.83,PRODUCT_DB_LIVE_LISTING_PRICE,,,Arcane Tinmen ApS ART15062 Dragon Shield: Matte - Dual Soul (Metallic Purple),https://m.media-amazon.com/images/I/61qOS4GChpL.jpg,40,o_phase1_v1,live,live_mode_missing_cost,12.83,11.663636,10,missing_expected_cost,1,missing_all_cost_inputs,,,,,inactive_sale_status,inactive_sale_status,
2026-05-19T12:38:56Z,0N-VZG5-JH06,B0CJMMYYCJ,AT-15061,Bliss Distribution,wait,"SUPPLIER_COST_USER_CONFIRMATION_REQUIRED,LOW_CONFIDENCE_MARKET_CONTEXT,SALE_STATUS_NOT_ACTIVE",0,0,0,,,,missing_cost,12.98,PRODUCT_DB_LIVE_LISTING_PRICE,,,"Dragon Shield | Matte Dual Standard Size Card Sleeves | 100 CT - Smooth & Tough Premium TCG Sleeves - Compatible with Pokemon, Flesh & Blood, One Piece & Magic The Gathering | Justice",https://m.media-amazon.com/images/I/618q1HPqSML.jpg,40,o_phase1_v1,live,live_mode_missing_cost,12.98,11.8,10,missing_expected_cost,1,missing_all_cost_inputs,,,,,inactive_sale_status,inactive_sale_status,
2026-05-19T12:38:56Z,0N-X5KF-213D,B09M3RB8R1,CUR144,DHB,wait,"LOW_CONFIDENCE_MARKET_CONTEXT,SALE_STATUS_NOT_ACTIVE",0,0,0,,,3.47,supplier_buy_cost_truth,8.71,PRODUCT_DB_LIVE_LISTING_PRICE,151.008646,5.24,Curaprox Kids Toothpaste – Ages 6+ | Watermelon Flavour | Protects Against Tooth Decay & Strengthens Enamel | 60ml Fluoride Formula | Made in Switzerland,https://m.media-amazon.com/images/I/61ia2c7A-3L.jpg,40,o_phase1_v1,live,live_cost_inputs,8.71,7.918182,10,within_target_roi_max,0,price_list_only_no_purchase_reference,3.47,3.47,3.47,,inactive_sale_status,inactive_sale_status,
2026-05-19T12:38:56Z,0R-GRRH-W0Z9,B09NQD4S5N,WP2013,Bliss Distribution,wait,"SUPPLIER_COST_USER_CONFIRMATION_REQUIRED,LOW_CONFIDENCE_MARKET_CONTEXT,WEAK_DEMAND_SIGNAL",0,0,0,,,,missing_cost,5.76,PRODUCT_DB_LIVE_LISTING_PRICE,,,"The Army Painter Speedpaint Zealot Yellow 2.0, Single Acrylic Paint 18ml One-coat Painting Soloution For Fantasy Tabletop Miniatures Like Warhammer 40k and Dungeons And Dragons Figures",https://m.media-amazon.com/images/I/61H9ZassLIL.jpg,50,o_phase1_v1,live,live_mode_missing_cost,5.76,5.236364,10,missing_expected_cost,1,missing_all_cost_inputs,,,,,weak_demand,weak_demand,
2026-05-19T12:38:56Z,0X-VJWI-4OT8,B0BWFT5RGN,FK73090,Heo,wait,"SUPPLIER_COST_USER_CONFIRMATION_REQUIRED,LOW_CONFIDENCE_MARKET_CONTEXT,SALE_STATUS_NOT_ACTIVE",0,0,0,,,,missing_cost,12.18,PRODUCT_DB_LIVE_LISTING_PRICE,,,Funko POP! Movies: Avatar: the Way Of Water - Lo’ak - Collectable Vinyl Figure - Gift Idea - Official Merchandise - Toys for Kids & Adults - Movies Fans - Model Figure for Collectors and Display,https://m.media-amazon.com/images/I/71u40-zF7kL.jpg,40,o_phase1_v1,live,live_mode_missing_cost,12.18,11.072727,10,missing_expected_cost,1,missing_all_cost_inputs,,,,,inactive_sale_status,inactive_sale_status,
2026-05-19T12:38:56Z,0Z-Y60V-499R,B09NQBQW49,WP2007,Bliss Distribution,wait,"SUPPLIER_COST_USER_CONFIRMATION_REQUIRED,LOW_CONFIDENCE_MARKET_CONTEXT,WEAK_DEMAND_SIGNAL",0,0,0,,,,missing_cost,6.79,PRODUCT_DB_LIVE_LISTING_PRICE,,,"The Army Painter Speedpaint Absolution Green 2.0, Single Model Building Acrylic Paint, 18 ml, Single Layer Paint Solution for Fantasy Tabletop Miniatures Like Warhammer 40k Figures and DnD Miniatures",https://m.media-amazon.com/images/I/61jhXgHtWwL.jpg,50,o_phase1_v1,live,live_mode_missing_cost,6.79,6.172727,10,missing_expected_cost,1,missing_all_cost_inputs,,,,,weak_demand,weak_demand,
2026-05-19T12:38:56Z,12-3VTE-5T3Z,9189143078,FLFFLW09,Bliss Distribution,wait,"LOW_CONFIDENCE_MARKET_CONTEXT,SALE_STATUS_NOT_ACTIVE",0,0,0,,,10.23,supplier_buy_cost_truth,18.65,PRODUCT_DB_LIVE_LISTING_PRICE,82.30694,8.42,Feretory: Mork Borg Cult,https://m.media-amazon.com/images/I/818+M5RrqkL.jpg,40,o_phase1_v1,live,live_cost_inputs,18.65,16.954545,10,within_target_roi_max,0,price_list_only_no_purchase_reference,10.23,10.23,10.23,,inactive_sale_status,inactive_sale_status,
2026-05-19T12:38:56Z,18-WD7G-J8U4,B0B32365PH,,,wait,"SUPPLIER_COST_USER_CONFIRMATION_REQUIRED,LOW_CONFIDENCE_MARKET_CONTEXT,SALE_STATUS_NOT_ACTIVE",0,0,0,,,,missing_cost,12.99,PRODUCT_DB_LIVE_LISTING_PRICE,,,"Pokémon Paldea Battle Figure 4 Pack - Features 2-Inch Pikachu, Fuecoco, Sprigatito, and Quaxly Battle Figures",https://m.media-amazon.com/images/I/51HMT-g+OCL.jpg,40,o_phase1_v1,live,live_mode_missing_cost,12.99,11.809091,10,missing_expected_cost,1,missing_all_cost_inputs,,,,,inactive_sale_status,inactive_sale_status,
2026-05-19T12:38:56Z,1U-1W76-M840,B07V9CRX7Y,,,wait,"SUPPLIER_COST_USER_CONFIRMATION_REQUIRED,LOW_CONFIDENCE_MARKET_CONTEXT,SALE_STATUS_NOT_ACTIVE",0,0,0,,,,missing_cost,4.02,PRODUCT_DB_LIVE_LISTING_PRICE,,,PERFECT SCENTS 3 SCENTS - MYSTIC JAPAN,https://m.media-amazon.com/images/I/61hW8U-I+FL.jpg,40,o_phase1_v1,live,live_mode_missing_cost,4.02,3.654545,10,missing_expected_cost,1,missing_all_cost_inputs,,,,,inactive_sale_status,inactive_sale_status,
2026-05-19T12:38:56Z,1U-YF3T-TR74,B082BVCQMQ,FLFALE005,Bliss Distribution,wait,"SUPPLIER_COST_USER_CONFIRMATION_REQUIRED,LOW_CONFIDENCE_MARKET_CONTEXT,WEAK_DEMAND_SIGNAL",0,0,0,,,,missing_cost,19.93,PRODUCT_DB_LIVE_LISTING_PRICE,,,Modiphius Entertainment Role Playing Game Alien RPG: Stress Dice Set,https://m.media-amazon.com/images/I/61qcMExo7NL.jpg,50,o_phase1_v1,live,live_mode_missing_cost,19.93,18.118182,10,missing_expected_cost,1,missing_all_cost_inputs,,,,,weak_demand,weak_demand,
2026-05-19T12:38:56Z,QP-BCUW-E90M,B00O5NEUAY,446271,Jones Wholesale,wait,"SUPPLIER_COST_USER_CONFIRMATION_REQUIRED,LOW_CONFIDENCE_MARKET_CONTEXT,WEAK_DEMAND_SIGNAL",0,0,0,,,,missing_cost,27.98,PRODUCT_DB_LIVE_LISTING_PRICE,,,"Thermos Stainless King Red Travel Mug (470ml), Reusable Insulated Stainless Steel Coffee Cup for Hot or Cold Drinks, Vacuum Sealed Water Flask with a Leak-Proof Lid, 7hr Hot/18hr",https://m.media-amazon.com/images/I/61L-CoBdkHL.jpg,50,o_phase1_v1,live,live_mode_missing_cost,27.98,25.436364,10,missing_expected_cost,1,missing_all_cost_inputs,,,,,weak_demand,weak_demand,
2026-05-19T12:38:56Z,714776,B001KYTW0O,,,wait,"SUPPLIER_COST_USER_CONFIRMATION_REQUIRED,SALE_STATUS_NOT_ACTIVE",0,0,0,45,45,,missing_cost,5.58,BUY_BOX_PRICE,,,"Fackelmann OPAL Melon Baller, Food & Fruit Scoop, Grapefruit & Potato Scoop, Cutting Scoop Head, Stainless Steel, 16.5x2.3x1.5cm, Silver",https://m.media-amazon.com/images/I/61jP94DCp2L.jpg,40,o_phase1_v1,live,live_mode_missing_cost,5.58,5.072727,10,missing_expected_cost,1,missing_all_cost_inputs,,,,,inactive_sale_status,inactive_sale_status,
2026-05-19T12:38:56Z,GA-9DTN-9O1E,B086763VT8,LED01009,Bliss Distribution,wait,"SUPPLIER_COST_USER_CONFIRMATION_REQUIRED,LOW_CONFIDENCE_MARKET_CONTEXT,WEAK_DEMAND_SIGNAL",0,0,0,,,,missing_cost,36.99,PRODUCT_DB_LIVE_LISTING_PRICE,,,"Root: The Clockwork Expansion, LED01009",https://m.media-amazon.com/images/I/91KEm69SdRL.jpg,50,o_phase1_v1,live,live_mode_missing_cost,36.99,33.627273,10,missing_expected_cost,1,missing_all_cost_inputs,,,,,weak_demand,weak_demand,
2026-05-19T12:38:56Z,D3-QTSY-BCV5,B09P24SGN5,ATE71,CLF,wait,"SUPPLIER_COST_USER_CONFIRMATION_REQUIRED,LOW_CONFIDENCE_MARKET_CONTEXT,SALE_STATUS_NOT_ACTIVE",0,0,0,,,,missing_cost,5.5,PRODUCT_DB_LIVE_LISTING_PRICE,,,"ATTITUDE Lip Balm, Natural Origin, Nourishes & Protects, Shea Butter, Coconut & Olive Oils, EWG Verified, For Dry Lips, Men and Women, Vegan, Fresh Mint, 8.5 g",https://m.media-amazon.com/images/I/61ApBAgMJLL.jpg,40,o_phase1_v1,live,live_mode_missing_cost,5.5,5,10,missing_expected_cost,1,missing_all_cost_inputs,,,,,inactive_sale_status,inactive_sale_status,
2026-05-19T12:38:56Z,K7-1K9P-TTAZ,B00VREYQYO,657732,Stax,wait,"SUPPLIER_COST_USER_CONFIRMATION_REQUIRED,LOW_CONFIDENCE_MARKET_CONTEXT,SALE_STATUS_NOT_ACTIVE",0,0,0,,,,missing_cost,8.99,PRODUCT_DB_LIVE_LISTING_PRICE,,,Matt Tester 75ml (Seashell),https://m.media-amazon.com/images/I/51t8NZfnu3L.jpg,40,o_phase1_v1,live,live_mode_missing_cost,8.99,8.172727,10,missing_expected_cost,1,missing_all_cost_inputs,,,,,inactive_sale_status,inactive_sale_status,
2026-05-19T12:38:56Z,2U-4KLP-68HB,B07NGGSR3D,UGD010923,Bliss Distribution,wait,"SUPPLIER_COST_USER_CONFIRMATION_REQUIRED,LOW_CONFIDENCE_MARKET_CONTEXT,WEAK_DEMAND_SIGNAL",0,0,0,,,,missing_cost,13.54,PRODUCT_DB_LIVE_LISTING_PRICE,,,"Ultimate Guard - Katana Sleeves - Purple (100) [Standard Size, 66 x 91mm]",https://m.media-amazon.com/images/I/713cteyad4L.jpg,50,o_phase1_v1,live,live_mode_missing_cost,13.54,12.309091,10,missing_expected_cost,1,missing_all_cost_inputs,,,,,weak_demand,weak_demand,
2026-05-19T12:38:56Z,86-1VHQ-ABNK,B08WPCW7TH,MOO55,CLF,wait,"LOW_CONFIDENCE_MARKET_CONTEXT,SALE_STATUS_NOT_ACTIVE",0,0,0,,,0.57,supplier_buy_cost_truth,7.98,PRODUCT_DB_LIVE_LISTING_PRICE,1300,7.41,"1 x Moo Free White Chocolate Bar - Dairy Free, Gluten Free & Vegan (20g)",https://m.media-amazon.com/images/I/71Eqr6U6l6L.jpg,40,o_phase1_v1,live,live_cost_inputs,7.98,7.254545,10,within_target_roi_max,0,price_list_only_no_purchase_reference,0.57,0.57,0.57,,inactive_sale_status,inactive_sale_status,
2026-05-19T12:38:56Z,AX-NKNU-29C1,B08M52B4M5,MOO62,CLF,wait,"LOW_CONFIDENCE_MARKET_CONTEXT,WEAK_DEMAND_SIGNAL",0,0,0,,,0.69,supplier_buy_cost_truth,2.71,PRODUCT_DB_LIVE_LISTING_PRICE,292.753623,2.02,Moo Free Dairy Free Milk Chocolate Buttons (25g),https://m.media-amazon.com/images/I/81kCiZ5ZOZL.jpg,50,o_phase1_v1,live,live_cost_inputs,2.71,2.463636,10,within_target_roi_max,0,price_list_only_no_purchase_reference,0.69,0.69,0.69,,weak_demand,weak_demand,
2026-05-19T12:38:56Z,EA-FZ2V-D7II,B00D1V5NWK,6949509209504,Stax,wait,"SUPPLIER_COST_USER_CONFIRMATION_REQUIRED,LOW_CONFIDENCE_MARKET_CONTEXT,SALE_STATUS_NOT_ACTIVE",0,0,0,,,,missing_cost,5.12,PRODUCT_DB_LIVE_LISTING_PRICE,,,"Bosch 2608831019 ""SDS Plus-3"" Hammer Drill Bit, 0 V, Grey, 8 x 100 x 160 mm",https://m.media-amazon.com/images/I/314JSa6--CL.jpg,40,o_phase1_v1,live,live_mode_missing_cost,5.12,4.654545,10,missing_expected_cost,1,missing_all_cost_inputs,,,,,inactive_sale_status,inactive_sale_status,
2026-05-19T12:38:56Z,8S-MI05-1R1X,B09NQ9ZHDQ,,,wait,"SUPPLIER_COST_USER_CONFIRMATION_REQUIRED,LOW_CONFIDENCE_MARKET_CONTEXT,SALE_STATUS_NOT_ACTIVE",0,0,0,,,,missing_cost,8.99,PRODUCT_DB_LIVE_LISTING_PRICE,,,The Army Painter Speedpaint Singles - Cloudburst Blue,https://m.media-amazon.com/images/I/41Ty40mqCAL.jpg,40,o_phase1_v1,live,live_mode_missing_cost,8.99,8.172727,10,missing_expected_cost,1,missing_all_cost_inputs,,,,,inactive_sale_status,inactive_sale_status,
2026-05-19T12:38:56Z,SR-JF1N-II8S,B094D24L5J,ORT012,DHB,wait,"LOW_CONFIDENCE_MARKET_CONTEXT,SALE_STATUS_NOT_ACTIVE",0,0,0,,,1.25,supplier_buy_cost_truth,3.99,PRODUCT_DB_LIVE_LISTING_PRICE,219.2,2.74,OrthoSpace - Orthodontic Braces Toothbrush V-Trim (Blue),https://m.media-amazon.com/images/I/61fwRLPTCFS.jpg,40,o_phase1_v1,live,live_cost_inputs,3.99,3.627273,10,within_target_roi_max,0,price_list_only_no_purchase_reference,1.25,1.25,1.25,,inactive_sale_status,inactive_sale_status,
2026-05-19T12:38:56Z,A9-2Y9G-M2K7,B00KB225MS,216090,Jones Wholesale,wait,"SUPPLIER_COST_USER_CONFIRMATION_REQUIRED,LOW_CONFIDENCE_MARKET_CONTEXT,WEAK_DEMAND_SIGNAL",0,0,0,,,,missing_cost,6.02,PRODUCT_DB_LIVE_LISTING_PRICE,,,"Elliott Multi-Purpose Window Squeegee perfect for streak free cleaning on Windows, shower screens, cars and mirrors, Aluminium frame housing a 20cm rubber squeegee with an ergonomic Grey Handle.",https://m.media-amazon.com/images/I/31xSauyOSaL.jpg,50,o_phase1_v1,live,live_mode_missing_cost,6.02,5.472727,10,missing_expected_cost,1,missing_all_cost_inputs,,,,,weak_demand,weak_demand,
2026-05-19T12:38:56Z,ZT-QPY3-P24I,B0D3JBBGSB,77-95220,TD Synnex,wait,"LOW_CONFIDENCE_MARKET_CONTEXT,WEAK_DEMAND_SIGNAL",0,0,0,,,38.37,supplier_buy_cost_truth,79.99,PRODUCT_DB_LIVE_LISTING_PRICE,108.470159,41.62,"OtterBox Defender Case for iPad Air 11"" (M2/M3/M4) & iPad Air 10.9"" (2022/2020), Ultra-Rugged Protective Case with built in Screen Protector, 2x Tested to Military Standard, Black",https://m.media-amazon.com/images/I/71kF7Gumz0L.jpg,50,o_phase1_v1,live,live_cost_inputs,79.99,72.718182,10,within_target_roi_max,0,price_list_only_no_purchase_reference,38.37,38.37,38.37,,weak_demand,weak_demand,
2026-05-19T12:38:56Z,8W-I703-VOFQ,B074H6M7TW,,,wait,"SUPPLIER_COST_USER_CONFIRMATION_REQUIRED,SALE_STATUS_NOT_ACTIVE",0,0,0,15,22,,missing_cost,14.99,BUY_BOX_PRICE,,,"LEXIBOOK, Peppa Pig, Walkie-Talkies 200m, Communication Game for Children, 2 Communication Channels, Belt Clip, Battery Operated, Blue, TW12PP",https://m.media-amazon.com/images/I/71zZSx-60sL.jpg,40,o_phase1_v1,live,live_mode_missing_cost,14.99,13.627273,10,missing_expected_cost,1,missing_all_cost_inputs,,,,,inactive_sale_status,inactive_sale_status,
2026-05-19T12:38:56Z,JY-781R-EYHZ,B005HXLH3O,E-82712,Bliss Distribution,wait,"SUPPLIER_COST_USER_CONFIRMATION_REQUIRED,LOW_CONFIDENCE_MARKET_CONTEXT,WEAK_DEMAND_SIGNAL",0,0,0,,,,missing_cost,7.22,PRODUCT_DB_LIVE_LISTING_PRICE,,,"Ultra Pro-Fit Sleeves Card Cases, Transparent Color, Miscellaneous (82712)",https://m.media-amazon.com/images/I/61dOVyuz9LL.jpg,50,o_phase1_v1,live,live_mode_missing_cost,7.22,6.563636,10,missing_expected_cost,1,missing_all_cost_inputs,,,,,weak_demand,weak_demand,
2026-05-19T12:38:56Z,R4-0AXZ-ZZ9D,B0844ZRHS9,,,wait,"SUPPLIER_COST_USER_CONFIRMATION_REQUIRED,LOW_CONFIDENCE_MARKET_CONTEXT,SALE_STATUS_NOT_ACTIVE",0,0,0,,,,missing_cost,12.1,PRODUCT_DB_LIVE_LISTING_PRICE,,,"Paladone Minecraft Zombie Light - Officially Licensed Merchandise, Portable Night Light and Gaming Room Decor for Kids, Gift for Gamer, Battery Powered",https://m.media-amazon.com/images/I/31r7JdCaQrL.jpg,40,o_phase1_v1,live,live_mode_missing_cost,12.1,11,10,missing_expected_cost,1,missing_all_cost_inputs,,,,,inactive_sale_status,inactive_sale_status,
2026-05-19T12:38:56Z,M5-71MK-T0DL,B0B337ZY41,AT-11050,Bliss Distribution,wait,"SUPPLIER_COST_USER_CONFIRMATION_REQUIRED,LOW_CONFIDENCE_MARKET_CONTEXT,SALE_STATUS_NOT_ACTIVE",0,0,0,,,,missing_cost,11.59,PRODUCT_DB_LIVE_LISTING_PRICE,,,"Dragon Shield | Standard Size Card Matte Sleeves | 100 CT - Smooth & Tough Premium TCG Sleeves | Compatible with Pokemon, Flesh & Blood, One Piece & Magic The Gathering | Blood Red - Matte",https://m.media-amazon.com/images/I/416uEsefQrL.jpg,40,o_phase1_v1,live,live_mode_missing_cost,11.59,10.536364,10,missing_expected_cost,1,missing_all_cost_inputs,,,,,inactive_sale_status,inactive_sale_status,
2026-05-19T12:38:56Z,GD-B8SW-1PCP,B0D2Y4NPKZ,VN541PC,Rashmian,wait,"SUPPLIER_COST_USER_CONFIRMATION_REQUIRED,LOW_CONFIDENCE_MARKET_CONTEXT,WEAK_DEMAND_SIGNAL",0,0,0,,,,missing_cost,43.88,PRODUCT_DB_LIVE_LISTING_PRICE,,,"OM SYSTEM VN-541 PC Digital Voice Recorder with One-Touch Recording, Omnidirectional Microphone, Noise Cancellation, 4GB Built-in Memory, Ideal for Lectures & Meetings",https://m.media-amazon.com/images/I/61Df8huxsZL.jpg,50,o_phase1_v1,live,live_mode_missing_cost,43.88,39.890909,10,missing_expected_cost,1,missing_all_cost_inputs,,,,,weak_demand,weak_demand,
2026-05-19T12:38:56Z,4J-IY7T-6LBS,9188805557,FLFALE002,Bliss Distribution,wait,"SUPPLIER_COST_USER_CONFIRMATION_REQUIRED,LOW_CONFIDENCE_MARKET_CONTEXT,WEAK_DEMAND_SIGNAL",0,0,0,,,,missing_cost,49.99,PRODUCT_DB_LIVE_LISTING_PRICE,,,Free League | Alien RPG | Role Playing Game | Ages 14+ | 1+ Players,https://m.media-amazon.com/images/I/61nMoRTJJOL.jpg,50,o_phase1_v1,live,live_mode_missing_cost,49.99,45.445455,10,missing_expected_cost,1,missing_all_cost_inputs,,,,,weak_demand,weak_demand,
2026-05-19T12:38:56Z,VO-A6AR-18YS,B09NQDQ8X7,WP2012,Bliss Distribution,wait,"SUPPLIER_COST_USER_CONFIRMATION_REQUIRED,LOW_CONFIDENCE_MARKET_CONTEXT,WEAK_DEMAND_SIGNAL",0,0,0,,,,missing_cost,5.81,PRODUCT_DB_LIVE_LISTING_PRICE,,,"The Army Painter Speedpaint Slaughter Red 2.0, Single Acrylic Paint 18ml One-coat Painting Soloution For Fantasy Tabletop Miniatures Like Warhammer 40k and Dungeons And Dragons Figures",https://m.media-amazon.com/images/I/61UmeC0IwFL.jpg,50,o_phase1_v1,live,live_mode_missing_cost,5.81,5.281818,10,missing_expected_cost,1,missing_all_cost_inputs,,,,,weak_demand,weak_demand,
2026-05-19T12:38:56Z,Z9-FBUQ-EZN3,B074RQ8G8Z,COE12,CLF,wait,"LOW_CONFIDENCE_MARKET_CONTEXT,WEAK_DEMAND_SIGNAL",0,0,0,,,3.15,supplier_buy_cost_truth,8.1,PRODUCT_DB_LIVE_LISTING_PRICE,157.142857,4.95,Cool Chile Chipotle Chillies in Adobo Paste - 170g Jar | Smoky Chilli Peppers in Sauce for Mexican Cooking,https://m.media-amazon.com/images/I/81tMRhJH50L.jpg,50,o_phase1_v1,live,live_cost_inputs,8.1,7.363636,10,within_target_roi_max,0,price_list_only_no_purchase_reference,3.15,3.15,3.15,,weak_demand,weak_demand,
2026-05-19T12:38:56Z,DT-SPI3-IK34,B00BA4IOTY,4428167,TD Synnex,wait,"SUPPLIER_COST_USER_CONFIRMATION_REQUIRED,LOW_CONFIDENCE_MARKET_CONTEXT,SALE_STATUS_NOT_ACTIVE",0,0,0,,,,missing_cost,6.39,PRODUCT_DB_LIVE_LISTING_PRICE,,,"StarTech.com 15 ft Thin Toslink Digital Optical SPDIF Audio Cable - 15ft / 15 Feet Optical Audio Cable (THINTOS15),Black",https://m.media-amazon.com/images/I/71m2qdMrClL.jpg,40,o_phase1_v1,live,live_mode_missing_cost,6.39,5.809091,10,missing_expected_cost,1,missing_all_cost_inputs,,,,,inactive_sale_status,inactive_sale_status,
2026-05-19T12:38:56Z,2G-AYBQ-TUQG,B002KFZKZ8,416645,Jones Wholesale,wait,"SUPPLIER_COST_USER_CONFIRMATION_REQUIRED,WEAK_DEMAND_SIGNAL",0,0,0,,,,missing_cost,11.09,BUY_BOX_PRICE,,,"Zyliss E46145 Strongboy 2 Jar Opener, Plastic/Metal, White, Adjustable Grip to Open Opens Jar/Bottle Lids/Caps",https://m.media-amazon.com/images/I/71Yo37WqIVL.jpg,50,o_phase1_v1,live,live_mode_missing_cost,11.09,10.081818,10,missing_expected_cost,1,missing_all_cost_inputs,,,,,weak_demand,weak_demand,
2026-05-19T12:38:56Z,DV-USYD-8WR2,B0D3JD4FFD,10290403,TD Synnex,wait,"SUPPLIER_COST_USER_CONFIRMATION_REQUIRED,LOW_CONFIDENCE_MARKET_CONTEXT,WEAK_DEMAND_SIGNAL",0,0,0,,,,missing_cost,37,PRODUCT_DB_LIVE_LISTING_PRICE,,,"OtterBox Symmetry Folio Case for iPad Air 11"" (M2/M3/M4) & iPad Air 10.9"" (2022/2020), Shockproof, Drop proof, Slim Protective Folio Case, Tested to Military Standard, Black",https://m.media-amazon.com/images/I/51GPEI-26yL.jpg,50,o_phase1_v1,live,live_mode_missing_cost,37,33.636364,10,missing_expected_cost,1,missing_all_cost_inputs,,,,,weak_demand,weak_demand,
2026-05-19T12:38:56Z,K5-QUBI-YTWD,B0037B0C66,TP-03,CLF,wait,"LOW_CONFIDENCE_MARKET_CONTEXT,SALE_STATUS_NOT_ACTIVE",0,0,0,,,3.67,supplier_buy_cost_truth,6.4,PRODUCT_DB_LIVE_LISTING_PRICE,74.386921,2.73,"teapigs Chai Tea - Assam Black Tea Bags with Cinnamon, Ginger & Cardamom - Strong and Spicy Aromatic Blend - 15 Temples",https://m.media-amazon.com/images/I/4169RFxTdtL.jpg,40,o_phase1_v1,live,live_cost_inputs,6.4,5.818182,10,within_target_roi_max,0,price_list_only_no_purchase_reference,3.67,3.67,3.67,,inactive_sale_status,inactive_sale_status,
2026-05-19T12:38:56Z,4V-19KJ-15J4,B00D2O8936,5017193064707,Stax,wait,"SUPPLIER_COST_USER_CONFIRMATION_REQUIRED,LOW_CONFIDENCE_MARKET_CONTEXT,SALE_STATUS_NOT_ACTIVE",0,0,0,,,,missing_cost,6.99,PRODUCT_DB_LIVE_LISTING_PRICE,,,SupaTool Nuisance Dust Mask Disposable Cleaning Molded Face Masks Respirator X 20 Masks,https://m.media-amazon.com/images/I/41jIPHA9kUL.jpg,40,o_phase1_v1,live,live_mode_missing_cost,6.99,6.354545,10,missing_expected_cost,1,missing_all_cost_inputs,,,,,inactive_sale_status,inactive_sale_status,
2026-05-19T12:38:56Z,RZ-6ZL9-CZ7J,B075XT2J8X,KIN2,CLF,full_restock,,15,15,30,22.5,22.5,2.55,supplier_buy_cost_truth,6.15,BUY_BOX_PRICE,141.176471,3.6,Kingfisher Natural Toothpaste Charcoal Mint Fluoride-Free | Vegetarian & Vegan | Oral Health Foundation Approved | Gluten-Free & GM-Free | Ethical Consumer Best Buy | 1x100ml Tube,https://m.media-amazon.com/images/I/71zSyXb4ypL.jpg,100,o_phase1_v1,live,live_cost_inputs,6.15,5.590909,10,within_target_roi_max,0,price_list_only_no_purchase_reference,2.55,2.55,2.55,,,,
2026-05-19T12:38:56Z,8T-HE78-3AQ3,B07772WMSM,,DHB,wait,"SUPPLIER_COST_USER_CONFIRMATION_REQUIRED,LOW_CONFIDENCE_MARKET_CONTEXT,SALE_STATUS_NOT_ACTIVE",0,0,0,,,,missing_cost,6.47,PRODUCT_DB_LIVE_LISTING_PRICE,,,"Meditrade Nitril® Black Nitrile Examination Gloves - Powder-Free, Latex-Free, Multi Use Protective Exam Gloves - Size X-Large - Black - 100pcs",https://m.media-amazon.com/images/I/613M-RT1W3L.jpg,40,o_phase1_v1,live,live_mode_missing_cost,6.47,5.881818,10,missing_expected_cost,1,missing_all_cost_inputs,,,,,inactive_sale_status,inactive_sale_status,
2026-05-19T12:38:56Z,SE-IQQJ-EOU3,B004R1ZS64,343398,Stax,wait,"SUPPLIER_COST_USER_CONFIRMATION_REQUIRED,LOW_CONFIDENCE_MARKET_CONTEXT,SALE_STATUS_NOT_ACTIVE",0,0,0,,,,missing_cost,21.15,PRODUCT_DB_LIVE_LISTING_PRICE,,,"BG Electrical Intelligent Single Wall Dimmer Switch, 2 Way, Screwless Front Plate, Premium Flatplate, Brushed Steel, 200W, FBS81",https://m.media-amazon.com/images/I/41qJAlSRi3L.jpg,40,o_phase1_v1,live,live_mode_missing_cost,21.15,19.227273,10,missing_expected_cost,1,missing_all_cost_inputs,,,,,inactive_sale_status,inactive_sale_status,
2026-05-19T12:38:56Z,D8-1A3E-I37F,B001ET78RY,AVA-9110,CLF,wait,"SUPPLIER_COST_USER_CONFIRMATION_REQUIRED,LOW_CONFIDENCE_MARKET_CONTEXT,WEAK_DEMAND_SIGNAL",0,0,0,,,,missing_cost,31.65,PRODUCT_DB_LIVE_LISTING_PRICE,,,Avalon Organics Rosemary Volumizing Conditioner 325ml Pack of 3,https://m.media-amazon.com/images/I/71P0sKuhUKL.jpg,50,o_phase1_v1,live,live_mode_missing_cost,31.65,28.772727,10,missing_expected_cost,1,missing_all_cost_inputs,,,,,weak_demand,weak_demand,
2026-05-19T12:38:56Z,MV-UNOG-CTUU,B00FO70GG2,386 51025,ABGee,wait,"SUPPLIER_COST_USER_CONFIRMATION_REQUIRED,LOW_CONFIDENCE_MARKET_CONTEXT,SALE_STATUS_NOT_ACTIVE",0,0,0,,,,missing_cost,8.49,PRODUCT_DB_LIVE_LISTING_PRICE,,,"Bestway 51025-17 Splash and Play Three Ring Play Paddling Pool - Multi-Colour, 1.22 m x 25 cm",https://m.media-amazon.com/images/I/4182VOHgoXL.jpg,40,o_phase1_v1,live,live_mode_missing_cost,8.49,7.718182,10,missing_expected_cost,1,missing_all_cost_inputs,,,,,inactive_sale_status,inactive_sale_status,
2026-05-19T12:38:56Z,US-AK96-YFSB,B002DPGTF0,714760,Stax,wait,"SUPPLIER_COST_USER_CONFIRMATION_REQUIRED,BLOCKED_MISSING_COST_INPUT",0,0,0,0,0,,missing_cost,7.9,BUY_BOX_PRICE,,,"Fackelmann OPAL Hand Grater, Fine Lemon & Lime Zester, Chocolate & Parmesan Grater, Sharp Durable Grating Blade, Stainless Steel, 24x5.5x1.5cm, Silver",https://m.media-amazon.com/images/I/718l926suQL.jpg,35,o_phase1_v1,live,live_mode_missing_cost,7.9,7.181818,10,missing_expected_cost,1,missing_all_cost_inputs,,,,,missing_forward_roi_inputs,missing_forward_roi_inputs,
2026-05-19T12:38:56Z,Z7-26PV-O9LR,B07J9JGZZV,PIK065,DHB,wait,"LOW_CONFIDENCE_MARKET_CONTEXT,WEAK_DEMAND_SIGNAL",0,0,0,,,4.2,supplier_buy_cost_truth,8.7,PRODUCT_DB_LIVE_LISTING_PRICE,107.142857,4.5,Plaque Glo Plaque Disclosing Toothpaste and Torch System (Tropical),https://m.media-amazon.com/images/I/41Kic40-R4L.jpg,50,o_phase1_v1,live,live_cost_inputs,8.7,7.909091,10,within_target_roi_max,0,price_list_only_no_purchase_reference,4.2,4.2,4.2,,weak_demand,weak_demand,
2026-05-19T12:38:56Z,HS-R5IP-7E1C,B00LXM3PGK,590856,Stax,wait,"SUPPLIER_COST_USER_CONFIRMATION_REQUIRED,WEAK_DEMAND_SIGNAL",0,0,0,,,,missing_cost,5.46,BUY_BOX_PRICE,,,SupaDec Sugar Soap 500ml,https://m.media-amazon.com/images/I/51hRuV83wwL.jpg,50,o_phase1_v1,live,live_mode_missing_cost,5.46,4.963636,10,missing_expected_cost,1,missing_all_cost_inputs,,,,,weak_demand,weak_demand,
2026-05-19T12:38:56Z,BM-1O5E-RW8I,B07BC5K5W5,F4010,DK Tools,wait,"SUPPLIER_COST_USER_CONFIRMATION_REQUIRED,LOW_CONFIDENCE_MARKET_CONTEXT,SALE_STATUS_NOT_ACTIVE",0,0,0,,,,missing_cost,3.96,PRODUCT_DB_LIVE_LISTING_PRICE,,,Amtech F4010 7mm x 210mm SDS masonry drill bit,https://m.media-amazon.com/images/I/61yarT6g1qL.jpg,40,o_phase1_v1,live,live_mode_missing_cost,3.96,3.6,10,missing_expected_cost,1,missing_all_cost_inputs,,,,,inactive_sale_status,inactive_sale_status,
2026-05-19T12:38:56Z,PN-0NVI-R2WQ,B06XGFW1Q2,UGD010691,Bliss Distribution,wait,"LOW_CONFIDENCE_MARKET_CONTEXT,SALE_STATUS_NOT_ACTIVE",0,0,0,,,5.04,supplier_buy_cost_truth,12.57,PRODUCT_DB_LIVE_LISTING_PRICE,149.404762,7.53,Ultimate Guard Boulder Deck Case 100+ Standard Size Sapphire,https://m.media-amazon.com/images/I/517lp8t8OdL.jpg,40,o_phase1_v1,live,live_cost_inputs,12.57,11.427273,10,within_target_roi_max,0,price_list_only_no_purchase_reference,5.04,5.04,5.04,,inactive_sale_status,inactive_sale_status,
2026-05-19T12:38:56Z,4B-HMJG-PHW4,B00D1V5E5G,108447,Stax,wait,"SUPPLIER_COST_USER_CONFIRMATION_REQUIRED,LOW_CONFIDENCE_MARKET_CONTEXT,SALE_STATUS_NOT_ACTIVE",0,0,0,,,,missing_cost,8.99,PRODUCT_DB_LIVE_LISTING_PRICE,,,"Bosch 2608831009 ""SDS Plus-3"" Hammer Drill Bit, 0 V, Grey, 6 x 150 x 210 mm",https://m.media-amazon.com/images/I/41Ob6BK83mL.jpg,40,o_phase1_v1,live,live_mode_missing_cost,8.99,8.172727,10,missing_expected_cost,1,missing_all_cost_inputs,,,,,inactive_sale_status,inactive_sale_status,
2026-05-19T12:38:56Z,GH-XAAE-HRU7,B072K2PG11,116500,Stax,wait,WEAK_DEMAND_SIGNAL,0,0,0,,,2.49,supplier_buy_cost_truth,5.75,BUY_BOX_PRICE,130.923695,3.26,"Dishmatic Refillable Washing-Up Liquid Dispensing Handle x1, Antibacterial Easy-Grip Kitchen Washing-Up Tool, with Replaceable General Purpose Sponge Heads x 6",https://m.media-amazon.com/images/I/716YaajxTRL.jpg,50,o_phase1_v1,live,live_cost_inputs,5.75,5.227273,10,within_target_roi_max,0,price_list_only_no_purchase_reference,2.49,2.49,2.49,,weak_demand,weak_demand,
2026-05-19T12:38:56Z,R5-Y2AA-V5FS,B07Z2QNW7R,,,wait,"SUPPLIER_COST_USER_CONFIRMATION_REQUIRED,LOW_CONFIDENCE_MARKET_CONTEXT,SALE_STATUS_NOT_ACTIVE",0,0,0,,,,missing_cost,14.79,PRODUCT_DB_LIVE_LISTING_PRICE,,,"Cliganic 100% Pure Vitamin E Oil for Skin, Hair & Face - 30,000 IU, Non-GMO Verified | Natural D-Alpha Tocopherol",https://m.media-amazon.com/images/I/81vokf11E+L.jpg,40,o_phase1_v1,live,live_mode_missing_cost,14.79,13.445455,10,missing_expected_cost,1,missing_all_cost_inputs,,,,,inactive_sale_status,inactive_sale_status,
2026-05-19T12:38:56Z,WR-3V7D-BB7Z,B07BBZZ8RC,V4045,DK Tools,wait,"SUPPLIER_COST_USER_CONFIRMATION_REQUIRED,LOW_CONFIDENCE_MARKET_CONTEXT,SALE_STATUS_NOT_ACTIVE",0,0,0,,,,missing_cost,2.99,PRODUCT_DB_LIVE_LISTING_PRICE,,,"Amtech V4045 P80 Hook and Loop Square Sheets, 10 Piece Set, 110mm x 100mm Sanding Paper, 240 V",https://m.media-amazon.com/images/I/812QuuFB-bL.jpg,40,o_phase1_v1,live,live_mode_missing_cost,2.99,2.718182,10,missing_expected_cost,1,missing_all_cost_inputs,,,,,inactive_sale_status,inactive_sale_status,
2026-05-19T12:38:56Z,L3-ZQ8U-A7LQ,B004I2N5AS,2046517,TD Synnex,wait,"SUPPLIER_COST_USER_CONFIRMATION_REQUIRED,BLOCKED_MISSING_COST_INPUT",0,0,0,0,0,,missing_cost,14.89,BUY_BOX_PRICE,,,Sandisk SDCZ50-016G-B35 USB 2.0 Flash Drive 16GB Black/Red,https://m.media-amazon.com/images/I/61x1JIF9MwS.jpg,35,o_phase1_v1,live,live_mode_missing_cost,14.89,13.536364,10,missing_expected_cost,1,missing_all_cost_inputs,,,,,missing_forward_roi_inputs,missing_forward_roi_inputs,
2026-05-19T12:38:56Z,6L-SDA9-P13J,B00605WJ9O,552760,Culpitt,wait,"SUPPLIER_COST_USER_CONFIRMATION_REQUIRED,LOW_CONFIDENCE_MARKET_CONTEXT,WEAK_DEMAND_SIGNAL",0,0,0,,,,missing_cost,6.32,PRODUCT_DB_LIVE_LISTING_PRICE,,,"RAINBOW DUST Pearl Food Colouring, Edible Paint in Pearlescent Colours, Ready to Use, Easy to Apply, Create Cakes & Cupcakes with an Indulgent Shimmer - Dark Gold 25ml",https://m.media-amazon.com/images/I/51qjgCk8vYL.jpg,50,o_phase1_v1,live,live_mode_missing_cost,6.32,5.745455,10,missing_expected_cost,1,missing_all_cost_inputs,,,,,weak_demand,weak_demand,
2026-05-19T12:38:56Z,GW-1ECO-QZA7,B00N5SLQ7A,A500WEA-1EF,Rashmian,wait,"SUPPLIER_COST_USER_CONFIRMATION_REQUIRED,LOW_CONFIDENCE_MARKET_CONTEXT,WEAK_DEMAND_SIGNAL",0,0,0,,,,missing_cost,39.48,PRODUCT_DB_LIVE_LISTING_PRICE,,,Casio Gents 33.00mm Quartz Watch with LCD Digital dial and Silver Metal Bracelet Strap A500WEA-1EF,https://m.media-amazon.com/images/I/71HI3O4rhtL.jpg,50,o_phase1_v1,live,live_mode_missing_cost,39.48,35.890909,10,missing_expected_cost,1,missing_all_cost_inputs,,,,,weak_demand,weak_demand,
2026-05-19T12:38:56Z,VI-ICHI-WPB5,B004S0S0S2,LAV78,CLF,wait,"LOW_CONFIDENCE_MARKET_CONTEXT,SALE_STATUS_NOT_ACTIVE",0,0,0,,,4.93,supplier_buy_cost_truth,14.99,PRODUCT_DB_LIVE_LISTING_PRICE,204.056795,10.06,"Lavera All-Round Cream, 150ml",https://m.media-amazon.com/images/I/71HozW+TklL.jpg,40,o_phase1_v1,live,live_cost_inputs,14.99,13.627273,10,within_target_roi_max,0,price_list_only_no_purchase_reference,4.93,4.93,4.93,,inactive_sale_status,inactive_sale_status,
2026-05-19T12:38:56Z,N4-5C3G-RJS1,B000MQ663C,124720,Stax,wait,"SUPPLIER_COST_USER_CONFIRMATION_REQUIRED,LOW_CONFIDENCE_MARKET_CONTEXT,SALE_STATUS_NOT_ACTIVE",0,0,0,,,,missing_cost,6.81,PRODUCT_DB_LIVE_LISTING_PRICE,,,Draper 79579 230mm Spirit Level,https://m.media-amazon.com/images/I/614+upuxXjL.jpg,40,o_phase1_v1,live,live_mode_missing_cost,6.81,6.190909,10,missing_expected_cost,1,missing_all_cost_inputs,,,,,inactive_sale_status,inactive_sale_status,
2026-05-19T12:38:56Z,B1-4B2R-MBRP,B0C4RR58SF,FK75274,Heo,wait,"SUPPLIER_COST_USER_CONFIRMATION_REQUIRED,LOW_CONFIDENCE_MARKET_CONTEXT,SALE_STATUS_NOT_ACTIVE",0,0,0,,,,missing_cost,9.99,PRODUCT_DB_LIVE_LISTING_PRICE,,,Funko POP! Rocks: Mariah Carey - Emancipation Of Mimi - Collectable Vinyl Figure - Gift Idea - Official Merchandise - Toys for Kids & Adults - Music Fans - Model Figure for Collectors and Display,https://m.media-amazon.com/images/I/616VXppjJ4L.jpg,40,o_phase1_v1,live,live_mode_missing_cost,9.99,9.081818,10,missing_expected_cost,1,missing_all_cost_inputs,,,,,inactive_sale_status,inactive_sale_status,
2026-05-19T12:38:56Z,B7-JEPF-6CU7,B00GI299M4,497891,Jones Wholesale,wait,"SUPPLIER_COST_USER_CONFIRMATION_REQUIRED,LOW_CONFIDENCE_MARKET_CONTEXT,WEAK_DEMAND_SIGNAL",0,0,0,,,,missing_cost,7.7,PRODUCT_DB_LIVE_LISTING_PRICE,,,Vaseline Lip Therapy - 0.25 OZ Pack of 2 (Lip Therapy - Rosy Lips),https://m.media-amazon.com/images/I/61szf3EYZQL.jpg,50,o_phase1_v1,live,live_mode_missing_cost,7.7,7,10,missing_expected_cost,1,missing_all_cost_inputs,,,,,weak_demand,weak_demand,
2026-05-19T12:38:56Z,ZJ-9IR6-7M3A,B07RXCFY28,,Party Wholesalers,wait,"SUPPLIER_COST_USER_CONFIRMATION_REQUIRED,LOW_CONFIDENCE_MARKET_CONTEXT,SALE_STATUS_NOT_ACTIVE",0,0,0,,,,missing_cost,5.3,PRODUCT_DB_LIVE_LISTING_PRICE,,,"Procos Dnpx Toy Story 4 Party Table Cover 1CT, 120 x 180 cm",https://m.media-amazon.com/images/I/81SUI4OPY8L.jpg,40,o_phase1_v1,live,live_mode_missing_cost,5.3,4.818182,10,missing_expected_cost,1,missing_all_cost_inputs,,,,,inactive_sale_status,inactive_sale_status,
2026-05-19T12:38:56Z,PK-9T59-FNWW,B0D3JBK56B,77-95232,TD Synnex,wait,"LOW_CONFIDENCE_MARKET_CONTEXT,SALE_STATUS_NOT_ACTIVE",0,0,0,,,41.07,supplier_buy_cost_truth,82.07,PRODUCT_DB_LIVE_LISTING_PRICE,99.829559,41,"OtterBox Defender Case for iPad Pro 13"" (M5) 2025, (M4) 2024, Shockproof, Ultra-Rugged Protective Case with built in Screen Protector, 2x Tested to Military Standard, Back",https://m.media-amazon.com/images/I/71jxFxOUfQL.jpg,40,o_phase1_v1,live,live_cost_inputs,82.07,74.609091,10,within_target_roi_max,0,price_list_only_no_purchase_reference,41.07,41.07,41.07,,inactive_sale_status,inactive_sale_status,
2026-05-19T12:38:56Z,XE-YPAI-HX9F,B086ZD7MG6,CUR120,DHB,full_restock,,83,83,30,0,0,4.79,supplier_buy_cost_truth,9.99,BUY_BOX_PRICE,108.559499,5.2,Curaprox CPS 07 Prime Start Interdental Brush Set |Starter Set with 5 Brushes |2 Different Holders |Red | 0.7 mm Diameter |2.5 mm Effectiveness | Made in Switzerland,https://m.media-amazon.com/images/I/31z0cQgDn5L.jpg,100,o_phase1_v1,live,live_cost_inputs,9.99,9.081818,10,within_target_roi_max,0,price_list_only_no_purchase_reference,4.79,4.79,4.79,,,,
2026-05-19T12:38:56Z,K0-71JR-UNLF,B01JL0WRI2,BEAN10,CLF,wait,"SUPPLIER_COST_USER_CONFIRMATION_REQUIRED,LOW_CONFIDENCE_MARKET_CONTEXT,WEAK_DEMAND_SIGNAL",0,0,0,,,,missing_cost,7.94,PRODUCT_DB_LIVE_LISTING_PRICE,,,"Beanies Instant Coffee Flavoured 50g, Freeze-Dried Granules, Quick & Easy to Brew, Nut-Free, Premium Taste,Rich in Flavour, Low-Calorie, Sugar-Free (50g, Cookie dough)",https://m.media-amazon.com/images/I/712FKXeIWDL.jpg,50,o_phase1_v1,live,live_mode_missing_cost,7.94,7.218182,10,missing_expected_cost,1,missing_all_cost_inputs,,,,,weak_demand,weak_demand,
2026-05-19T12:38:56Z,JE-D4LO-O2JD,B07JXBDGJB,85683,Bliss Distribution,wait,"SUPPLIER_COST_USER_CONFIRMATION_REQUIRED,BLOCKED_MISSING_COST_INPUT",0,0,0,0,0,,missing_cost,7.6,BUY_BOX_PRICE,,,Ultra Pro - Eclipse Pro 100+ Deck Box - Jet Black,https://m.media-amazon.com/images/I/41ZT5lRU3yL.jpg,35,o_phase1_v1,live,live_mode_missing_cost,7.6,6.909091,10,missing_expected_cost,1,missing_all_cost_inputs,,,,,missing_forward_roi_inputs,missing_forward_roi_inputs,
2026-05-19T12:38:56Z,JH-97NP-GJDG,B007C3KBIY,,Party Wholesalers,wait,"SUPPLIER_COST_USER_CONFIRMATION_REQUIRED,LOW_CONFIDENCE_MARKET_CONTEXT,WEAK_DEMAND_SIGNAL",0,0,0,,,,missing_cost,2.49,PRODUCT_DB_LIVE_LISTING_PRICE,,,Floral Cellophane Bags | Multicolor | 20 Pcs.,https://m.media-amazon.com/images/I/61+sz1X702L.jpg,50,o_phase1_v1,live,live_mode_missing_cost,2.49,2.263636,10,missing_expected_cost,1,missing_all_cost_inputs,,,,,weak_demand,weak_demand,
2026-05-19T12:38:56Z,U4-61J7-ERHI,B088FKCDV6,479182,Jones Wholesale,wait,"SUPPLIER_COST_USER_CONFIRMATION_REQUIRED,LOW_CONFIDENCE_MARKET_CONTEXT,SALE_STATUS_NOT_ACTIVE",0,0,0,,,,missing_cost,49.97,PRODUCT_DB_LIVE_LISTING_PRICE,,,PRESTIGE ECO FRYPAN 24CM 12298,https://m.media-amazon.com/images/I/81q8-xPYXbL.jpg,40,o_phase1_v1,live,live_mode_missing_cost,49.97,45.427273,10,missing_expected_cost,1,missing_all_cost_inputs,,,,,inactive_sale_status,inactive_sale_status,
2026-05-19T12:38:56Z,G9-GAEI-FQI3,B0001IWI10,757126,Stax,wait,"SUPPLIER_COST_USER_CONFIRMATION_REQUIRED,LOW_CONFIDENCE_MARKET_CONTEXT,SALE_STATUS_NOT_ACTIVE",0,0,0,,,,missing_cost,6.72,PRODUCT_DB_LIVE_LISTING_PRICE,,,Town & Country TGL200M Master Gardener Green Ladies Gloves Medium,https://m.media-amazon.com/images/I/61-buXOH7aL.jpg,40,o_phase1_v1,live,live_mode_missing_cost,6.72,6.109091,10,missing_expected_cost,1,missing_all_cost_inputs,,,,,inactive_sale_status,inactive_sale_status,
2026-05-19T12:38:56Z,R7-98IN-2PW8,B08CHKHTWX,,,wait,"SUPPLIER_COST_USER_CONFIRMATION_REQUIRED,SALE_STATUS_NOT_ACTIVE",0,0,0,0.947368,0.947368,,missing_cost,5.45,BUY_BOX_PRICE,,,"Max Factor Facefinity Matte Bronzer, 001 Light Bronze",https://m.media-amazon.com/images/I/81quouyCPYL.jpg,40,o_phase1_v1,live,live_mode_missing_cost,5.45,4.954545,10,missing_expected_cost,1,missing_all_cost_inputs,,,,,inactive_sale_status,inactive_sale_status,
2026-05-19T12:38:56Z,M7-TSI2-5W7I,B06XYTDCC5,SDSQXAF-032G-GN6AA,TD Synnex,wait,"LOW_CONFIDENCE_MARKET_CONTEXT,WEAK_DEMAND_SIGNAL",0,0,0,,,18.4,supplier_buy_cost_truth,16.24,PRODUCT_DB_LIVE_LISTING_PRICE,-11.73913,-2.16,"SanDisk Extreme 32 GB microSDhC Memory Card for Action Cameras and Drones with A1 App Performance up to 100 MB/s, Class 10, U3, V30",https://m.media-amazon.com/images/I/61mKfpQ2icL.jpg,50,o_phase1_v1,live,live_cost_inputs,16.24,14.763636,10,above_break_even_max,0,price_list_only_no_purchase_reference,18.4,18.4,18.4,,weak_demand,weak_demand,
2026-05-19T12:38:56Z,CH-RLZA-2OYU,B01M6BSYME,,,wait,"SUPPLIER_COST_USER_CONFIRMATION_REQUIRED,LOW_CONFIDENCE_MARKET_CONTEXT,SALE_STATUS_NOT_ACTIVE",0,0,0,,,,missing_cost,31.21,PRODUCT_DB_LIVE_LISTING_PRICE,,,"Brother LC-3219XLBK Inkjet Cartridge, Black, Single Pack, High Yield, Includes 1 x Inkjet Cartridge, Genuine Supplies",https://m.media-amazon.com/images/I/61xNJgaxlpL.jpg,40,o_phase1_v1,live,live_mode_missing_cost,31.21,28.372727,10,missing_expected_cost,1,missing_all_cost_inputs,,,,,inactive_sale_status,inactive_sale_status,
2026-05-19T12:38:56Z,E4-HG4R-5022,B07TGKYLLT,SKI032,Tropicana Wholesale,wait,"SUPPLIER_COST_USER_CONFIRMATION_REQUIRED,LOW_CONFIDENCE_MARKET_CONTEXT,SALE_STATUS_NOT_ACTIVE",0,0,0,,,,missing_cost,7.69,PRODUCT_DB_LIVE_LISTING_PRICE,,,"The Skinny Food Co Zero Calorie Butterscotch Syrup, 400 g SFC1062/100/101",https://m.media-amazon.com/images/I/611NDnNNoWL.jpg,40,o_phase1_v1,live,live_mode_missing_cost,7.69,6.990909,10,missing_expected_cost,1,missing_all_cost_inputs,,,,,inactive_sale_status,inactive_sale_status,
2026-05-19T12:38:56Z,6V-EEC1-2S9Z,B06WW79DX5,484651,Sika,full_restock,,167,167,30,8.760611,21.494058,1.45,supplier_buy_cost_truth,6.98,BUY_BOX_PRICE,381.37931,5.53,3 X Everbuild CYN20 20g General Purpose Industrial Superglue,https://m.media-amazon.com/images/I/81tysH80DZL.jpg,100,o_phase1_v1,live,live_cost_inputs,6.98,6.345455,10,within_target_roi_max,0,price_list_only_no_purchase_reference,1.45,1.45,1.45,,,,
2026-05-19T12:38:56Z,FD-R7YW-X0GH,B09NQC79GF,,,wait,"SUPPLIER_COST_USER_CONFIRMATION_REQUIRED,LOW_CONFIDENCE_MARKET_CONTEXT,SALE_STATUS_NOT_ACTIVE",0,0,0,,,,missing_cost,6.79,PRODUCT_DB_LIVE_LISTING_PRICE,,,The Army Painter Speedpaint Grim Black (WP2001),https://m.media-amazon.com/images/I/61gDgn+ZsEL.jpg,40,o_phase1_v1,live,live_mode_missing_cost,6.79,6.172727,10,missing_expected_cost,1,missing_all_cost_inputs,,,,,inactive_sale_status,inactive_sale_status,
2026-05-19T12:38:56Z,94-X6R7-SCOW,B0B6GD6QF8,FK67426,Heo,wait,"SUPPLIER_COST_USER_CONFIRMATION_REQUIRED,LOW_CONFIDENCE_MARKET_CONTEXT,SALE_STATUS_NOT_ACTIVE",0,0,0,,,,missing_cost,19.99,PRODUCT_DB_LIVE_LISTING_PRICE,,,Funko POP! TV: Witcher - Yennefer - the Witcher - Collectable Vinyl Figure - Gift Idea - Official Merchandise - Toys for Kids & Adults - TV Fans - Model Figure for Collectors and Display,https://m.media-amazon.com/images/I/71iTawOPdgL.jpg,40,o_phase1_v1,live,live_mode_missing_cost,19.99,18.172727,10,missing_expected_cost,1,missing_all_cost_inputs,,,,,inactive_sale_status,inactive_sale_status,
2026-05-19T12:38:56Z,MF-TPXM-F8AF,B0D3J9C8NN,10290415,TD Synnex,wait,"SUPPLIER_COST_USER_CONFIRMATION_REQUIRED,LOW_CONFIDENCE_MARKET_CONTEXT,SALE_STATUS_NOT_ACTIVE",0,0,0,,,,missing_cost,49.38,PRODUCT_DB_LIVE_LISTING_PRICE,,,"OtterBox Symmetry Folio Case for iPad Pro 11"" (M5 2025 /M4 2024), Shockproof, Drop proof, Slim Protective Folio Case, Tested to Military Standard, Purple",https://m.media-amazon.com/images/I/512jSCmVnvL.jpg,40,o_phase1_v1,live,live_mode_missing_cost,49.38,44.890909,10,missing_expected_cost,1,missing_all_cost_inputs,,,,,inactive_sale_status,inactive_sale_status,
2026-05-19T12:38:56Z,MN-LXY0-1MMT,B07DFB8DKB,FK32837,Heo,wait,"SUPPLIER_COST_USER_CONFIRMATION_REQUIRED,LOW_CONFIDENCE_MARKET_CONTEXT,SALE_STATUS_NOT_ACTIVE",0,0,0,,,,missing_cost,16.08,PRODUCT_DB_LIVE_LISTING_PRICE,,,Funko Pop! Vinyl: Disney: Nightmare Before Christmas: Sally - Disney: the Nightmare Before Christmas - Collectable Vinyl Figure - Gift Idea - Official Merchandise - Toys for Kids & Adults,https://m.media-amazon.com/images/I/71c1rmL9GXL.jpg,40,o_phase1_v1,live,live_mode_missing_cost,16.08,14.618182,10,missing_expected_cost,1,missing_all_cost_inputs,,,,,inactive_sale_status,inactive_sale_status,
2026-05-19T12:38:56Z,EE-KTDC-KCFY,B08FSDMVNP,6302977,TD Synnex,wait,"SUPPLIER_COST_USER_CONFIRMATION_REQUIRED,LOW_CONFIDENCE_MARKET_CONTEXT,SALE_STATUS_NOT_ACTIVE",0,0,0,,,,missing_cost,9.98,PRODUCT_DB_LIVE_LISTING_PRICE,,,Crucial USB-C to USB-A Adapter - CTUSBCFUSBAMAD,https://m.media-amazon.com/images/I/51EQLB4TLZL.jpg,40,o_phase1_v1,live,live_mode_missing_cost,9.98,9.072727,10,missing_expected_cost,1,missing_all_cost_inputs,,,,,inactive_sale_status,inactive_sale_status,
2026-05-19T12:38:56Z,5Q-LUQ1-L14K,B09MWLJFFX,77-87476,TD Synnex,wait,"LOW_CONFIDENCE_MARKET_CONTEXT,LOW_CONFIDENCE_DOWNGRADE_TO_TEST,SUFFICIENT_EFFECTIVE_SUPPLY",0,0,0,125,125,30.7,supplier_buy_cost_truth,52.99,PRODUCT_DB_LIVE_LISTING_PRICE,72.605863,22.29,"OtterBox Defender Case for iPad Mini 8.3-Inch 7th gen 2024 (A17 Pro) / 6th gen 2021, Shockproof, Ultra-Rugged Protective Case with built in Screen Protector, 2x Tested to Military Standard, Black",https://m.media-amazon.com/images/I/41FABt+suTL.jpg,75,o_phase1_v1,live,live_cost_inputs,52.99,48.172727,10,within_target_roi_max,0,price_list_only_no_purchase_reference,30.7,30.7,30.7,,supply_already_sufficient,supply_already_sufficient,
2026-05-19T12:38:56Z,ZV-RLOD-Q0JI,B0BS1WDHP7,,,wait,"SUPPLIER_COST_USER_CONFIRMATION_REQUIRED,LOW_CONFIDENCE_MARKET_CONTEXT,SALE_STATUS_NOT_ACTIVE",0,0,0,,,,missing_cost,24.89,PRODUCT_DB_LIVE_LISTING_PRICE,,,Funko Pop! Deluxe: Disney the Nightmare Before Christmas 30th - Jack Skellington & Zero With Tree - Disney: the Nightmare Before Christmas - Collectable Vinyl Figure - Gift Idea - Movies Fans,https://m.media-amazon.com/images/I/61aVlD0QzJL.jpg,40,o_phase1_v1,live,live_mode_missing_cost,24.89,22.627273,10,missing_expected_cost,1,missing_all_cost_inputs,,,,,inactive_sale_status,inactive_sale_status,
2026-05-19T12:38:56Z,D1-LSS7-93U8,B003SYNGE2,RO-0717,CLF,wait,"LOW_CONFIDENCE_MARKET_CONTEXT,WEAK_DEMAND_SIGNAL",0,0,0,,,2.01,supplier_buy_cost_truth,7.99,PRODUCT_DB_LIVE_LISTING_PRICE,297.512438,5.98,RAWGANIC Pure Cleansing Refreshing Facial Wipes with Aloe Vera and Green Tea | Gentle Soothing Biodegradable Makeup Removal Organic Cotton Wipes | 1 Pack (25 wipes in total),https://m.media-amazon.com/images/I/71pHlHE-62L.jpg,50,o_phase1_v1,live,live_cost_inputs,7.99,7.263636,10,within_target_roi_max,0,price_list_only_no_purchase_reference,2.01,2.01,2.01,,weak_demand,weak_demand,
2026-05-19T12:38:56Z,KQ-XRZK-09KK,B0CSG9BFMJ,,,wait,"SUPPLIER_COST_USER_CONFIRMATION_REQUIRED,LOW_CONFIDENCE_MARKET_CONTEXT,SALE_STATUS_NOT_ACTIVE",0,0,0,,,,missing_cost,129.6,PRODUCT_DB_LIVE_LISTING_PRICE,,,"The Army Painter, Warpaints Fanatic Mega Paint Set, 50 x 18 ml Acrylic Paints Including Metallic, Effects, Washes, 1 Model Making Holder and 1 Paint Brushes – Model Paints for Dnd and Warhammer",https://m.media-amazon.com/images/I/513qdP3iRyL.jpg,40,o_phase1_v1,live,live_mode_missing_cost,129.6,117.818182,10,missing_expected_cost,1,missing_all_cost_inputs,,,,,inactive_sale_status,inactive_sale_status,
2026-05-19T12:38:56Z,X1-APP3-4HQ6,B0BMKQKC3M,JC598UNII1,Rashmian,wait,"SUPPLIER_COST_USER_CONFIRMATION_REQUIRED,LOW_CONFIDENCE_MARKET_CONTEXT,SALE_STATUS_NOT_ACTIVE",0,0,0,,,,missing_cost,37.97,PRODUCT_DB_LIVE_LISTING_PRICE,,,"LEXIBOOK, Unicorn, Educational and Bilingual Laptop French/English, Toy for Children with 124 Activities to Learn Mathematics, Dactylography, Logic, Clock Reading, Games and Music, Pink, JC598UNIi1",https://m.media-amazon.com/images/I/71cwf2PVvrL.jpg,40,o_phase1_v1,live,live_mode_missing_cost,37.97,34.518182,10,missing_expected_cost,1,missing_all_cost_inputs,,,,,inactive_sale_status,inactive_sale_status,
2026-05-19T12:38:56Z,M8-LMW1-Z8AS,B00IQFGOGA,,,wait,"SUPPLIER_COST_USER_CONFIRMATION_REQUIRED,LOW_CONFIDENCE_MARKET_CONTEXT,SALE_STATUS_NOT_ACTIVE",0,0,0,,,,missing_cost,11.99,PRODUCT_DB_LIVE_LISTING_PRICE,,,"Yale Euro Double Cylinder, 3 Keys Supplied, Standard Security, Visi Packed, Suitable for All Door Types, Nickel Finish, 30:10:30 (70 mm)",https://m.media-amazon.com/images/I/61s9eDJSTnL.jpg,40,o_phase1_v1,live,live_mode_missing_cost,11.99,10.9,10,missing_expected_cost,1,missing_all_cost_inputs,,,,,inactive_sale_status,inactive_sale_status,
2026-05-19T12:38:56Z,VL-48KZ-J3F2,B07L8N2TC1,424668,Stax,wait,"SUPPLIER_COST_USER_CONFIRMATION_REQUIRED,WEAK_DEMAND_SIGNAL",0,0,0,,,,missing_cost,4.99,BUY_BOX_PRICE,,,"Masterplug Heavy Duty Single Socket Trailing Socket, without Plug and Cable, White",https://m.media-amazon.com/images/I/31phRGP8KjL.jpg,50,o_phase1_v1,live,live_mode_missing_cost,4.99,4.536364,10,missing_expected_cost,1,missing_all_cost_inputs,,,,,weak_demand,weak_demand,
2026-05-19T12:38:56Z,9D-PMDG-ALP4,B005BFZAK4,E-82689,Bliss Distribution,wait,"SUPPLIER_COST_USER_CONFIRMATION_REQUIRED,LOW_CONFIDENCE_MARKET_CONTEXT,WEAK_DEMAND_SIGNAL",0,0,0,,,,missing_cost,11.75,PRODUCT_DB_LIVE_LISTING_PRICE,,,Ultra Pro SLEEVES Solid 100 Card Game (Clear),https://m.media-amazon.com/images/I/518ahx1LdML.jpg,50,o_phase1_v1,live,live_mode_missing_cost,11.75,10.681818,10,missing_expected_cost,1,missing_all_cost_inputs,,,,,weak_demand,weak_demand,
2026-05-19T12:38:56Z,UR-Q7TM-1F3I,B072YZPBJ3,985 20117,ABGee,wait,"SUPPLIER_COST_USER_CONFIRMATION_REQUIRED,LOW_CONFIDENCE_MARKET_CONTEXT,WEAK_DEMAND_SIGNAL",0,0,0,,,,missing_cost,17.14,PRODUCT_DB_LIVE_LISTING_PRICE,,,Funko Pop! Movies: Bride Of Chucky - Tiffany Valentine-Ray - 1/6 Odds for Rare Chase Variant - Collectable Vinyl Figure - Gift Idea - Official Merchandise - Toys for Kids & Adults - Horror Fans,https://m.media-amazon.com/images/I/71gXywrMGwL.jpg,50,o_phase1_v1,live,live_mode_missing_cost,17.14,15.581818,10,missing_expected_cost,1,missing_all_cost_inputs,,,,,weak_demand,weak_demand,
2026-05-19T12:38:56Z,OZ-3NKR-VLYG,B0049A27FS,GDB0101,Trilanco,wait,"SUPPLIER_COST_USER_CONFIRMATION_REQUIRED,LOW_CONFIDENCE_MARKET_CONTEXT,SALE_STATUS_NOT_ACTIVE",0,0,0,,,,missing_cost,7.29,PRODUCT_DB_LIVE_LISTING_PRICE,,,Good Boy Armitage Latex Space Lobber Toy Junior,https://m.media-amazon.com/images/I/61-R389wpJL.jpg,40,o_phase1_v1,live,live_mode_missing_cost,7.29,6.627273,10,missing_expected_cost,1,missing_all_cost_inputs,,,,,inactive_sale_status,inactive_sale_status,
2026-05-19T12:38:56Z,I2-6YKQ-CIBP,B007YX9O9E,,,wait,"SUPPLIER_COST_USER_CONFIRMATION_REQUIRED,LOW_CONFIDENCE_MARKET_CONTEXT,SALE_STATUS_NOT_ACTIVE",0,0,0,,,,missing_cost,9.95,PRODUCT_DB_LIVE_LISTING_PRICE,,,"SanDisk Cruzer Glide 32 GB USB Flash Drive USB 2.0 , Black & Red",https://m.media-amazon.com/images/I/41bb6wrza-L.jpg,40,o_phase1_v1,live,live_mode_missing_cost,9.95,9.045455,10,missing_expected_cost,1,missing_all_cost_inputs,,,,,inactive_sale_status,inactive_sale_status,
2026-05-19T12:38:56Z,RB-82FL-T88J,B0CJ8TNZ67,RL800D,Rashmian,wait,"SUPPLIER_COST_USER_CONFIRMATION_REQUIRED,WEAK_DEMAND_SIGNAL",0,0,0,,,,missing_cost,19.99,BUY_BOX_PRICE,,,"LEXIBOOK, Disney Stitch, Nightlight alarm clock, Sounds and Melodies, LCD Backlit screen, Luminous, Snooze, Blue, RL800D",https://m.media-amazon.com/images/I/71q5c0llSXL.jpg,50,o_phase1_v1,live,live_mode_missing_cost,19.99,18.172727,10,missing_expected_cost,1,missing_all_cost_inputs,,,,,weak_demand,weak_demand,
2026-05-19T12:38:56Z,H8-MI8Q-WG5C,B092K24B2Q,SCS23252,Shure Cosmetics,wait,"SUPPLIER_COST_USER_CONFIRMATION_REQUIRED,LOW_CONFIDENCE_MARKET_CONTEXT,SALE_STATUS_NOT_ACTIVE",0,0,0,,,,missing_cost,7.24,PRODUCT_DB_LIVE_LISTING_PRICE,,,Maybelline Fit Me! Luminous + Smooth Primer,https://m.media-amazon.com/images/I/61SBnTtKP5L.jpg,40,o_phase1_v1,live,live_mode_missing_cost,7.24,6.581818,10,missing_expected_cost,1,missing_all_cost_inputs,,,,,inactive_sale_status,inactive_sale_status,
2026-05-19T12:38:56Z,4U-XT39-AMUJ,B07RRQX71T,HBH30,CLF,wait,"LOW_CONFIDENCE_MARKET_CONTEXT,SALE_STATUS_NOT_ACTIVE",0,0,0,,,1.66,supplier_buy_cost_truth,4.62,PRODUCT_DB_LIVE_LISTING_PRICE,178.313253,2.96,THE HUMBLE CO. - Interdental Brushes - Size 3-0.6 mm - Developed by Dentists - Designed in Sweden - Teeth Cleaning - Vegan & Cruelty-Free - 6p,https://m.media-amazon.com/images/I/61kBseqk88L.jpg,40,o_phase1_v1,live,live_cost_inputs,4.62,4.2,10,within_target_roi_max,0,price_list_only_no_purchase_reference,1.66,1.66,1.66,,inactive_sale_status,inactive_sale_status,
2026-05-19T12:38:56Z,OP-0TPO-SB3I,B08MQ1N1CC,FK55621,Heo,wait,"LOW_CONFIDENCE_MARKET_CONTEXT,SALE_STATUS_NOT_ACTIVE",0,0,0,,,7.16,supplier_buy_cost_truth,18.19,PRODUCT_DB_LIVE_LISTING_PRICE,154.050279,11.03,Funko Pop! and Buddy: Lilo With Pudge - Disney: Lilo & Stitch - Collectable Vinyl Figure - Gift Idea - Official Merchandise - Toys for Kids & Adults - Movies Fans - Model Figure for Collectors,https://m.media-amazon.com/images/I/711M6sppd5L.jpg,40,o_phase1_v1,live,live_cost_inputs,18.19,16.536364,10,within_target_roi_max,0,price_list_only_no_purchase_reference,7.16,7.16,7.16,,inactive_sale_status,inactive_sale_status,
2026-05-19T12:38:56Z,IB-U5FA-BO2Y,B0D3JC45CK,10290417,TD Synnex,wait,"SUPPLIER_COST_USER_CONFIRMATION_REQUIRED,LOW_CONFIDENCE_MARKET_CONTEXT,WEAK_DEMAND_SIGNAL",0,0,0,,,,missing_cost,45.99,PRODUCT_DB_LIVE_LISTING_PRICE,,,"OtterBox Symmetry Folio Case for iPad Pro 11"" (M5 2025 /M4 2024), Shockproof, Drop proof, Slim Protective Folio Case, Tested to Military Standard, Black",https://m.media-amazon.com/images/I/51lNn-OE8VL.jpg,50,o_phase1_v1,live,live_mode_missing_cost,45.99,41.809091,10,missing_expected_cost,1,missing_all_cost_inputs,,,,,weak_demand,weak_demand,
2026-05-19T12:38:56Z,AK-OB6V-HIYD,B00IUKPVYM,348926,Stax,wait,"SUPPLIER_COST_USER_CONFIRMATION_REQUIRED,BLOCKED_MISSING_COST_INPUT",0,0,0,8.142858,8.57143,,missing_cost,4.93,BUY_BOX_PRICE,,,Price's Petali Brand Scented Tealights | 25 Pack Tealights 4 Hour Burn Time | Available in Multiple Scents (Rose),https://m.media-amazon.com/images/I/71cKVSFRSzL.jpg,35,o_phase1_v1,live,live_mode_missing_cost,4.93,4.481818,10,missing_expected_cost,1,missing_all_cost_inputs,,,,,missing_forward_roi_inputs,missing_forward_roi_inputs,
2026-05-19T12:38:56Z,U1-M5BM-8F5W,B0C9J86XCZ,GVDR09BK,Rashmian,wait,"SUPPLIER_COST_USER_CONFIRMATION_REQUIRED,BLOCKED_MISSING_COST_INPUT",0,0,0,19,19,,missing_cost,24.43,BUY_BOX_PRICE,,,Groov-e Geneva Rechargeable DAB & FM Digital Radio - Built-In Alarm Clock & Bluetooth Connectivity - LCD Display - USB or Battery Operated - Portable Radio - 80 Preset Stations - Black,https://m.media-amazon.com/images/I/61aNB0JOklL.jpg,35,o_phase1_v1,live,live_mode_missing_cost,24.43,22.209091,10,missing_expected_cost,1,missing_all_cost_inputs,,,,,missing_forward_roi_inputs,missing_forward_roi_inputs,
2026-05-19T12:38:56Z,4F-HT42-FD26,B010E25DI2,E-84517,Bliss Distribution,wait,"SUPPLIER_COST_USER_CONFIRMATION_REQUIRED,BLOCKED_MISSING_COST_INPUT",0,0,0,0,0,,missing_cost,9.99,BUY_BOX_PRICE,,,100 Ultra Pro Card Protector Sleeves: Pro-Matte - 66 x 91 mm,https://m.media-amazon.com/images/I/31NMQGpbeqL.jpg,35,o_phase1_v1,live,live_mode_missing_cost,9.99,9.081818,10,missing_expected_cost,1,missing_all_cost_inputs,,,,,missing_forward_roi_inputs,missing_forward_roi_inputs,
2026-05-19T12:38:56Z,UR-UAT8-4JSI,B00LDLBG3A,334657,Stax,wait,"SUPPLIER_COST_USER_CONFIRMATION_REQUIRED,LOW_CONFIDENCE_MARKET_CONTEXT,SALE_STATUS_NOT_ACTIVE",0,0,0,,,,missing_cost,5,PRODUCT_DB_LIVE_LISTING_PRICE,,,Ravenhead Essentials Vinegar Pot,https://m.media-amazon.com/images/I/51P4VgDBcrL.jpg,40,o_phase1_v1,live,live_mode_missing_cost,5,4.545455,10,missing_expected_cost,1,missing_all_cost_inputs,,,,,inactive_sale_status,inactive_sale_status,
2026-05-19T12:38:56Z,714810,B002BX8ZFG,,,wait,"SUPPLIER_COST_USER_CONFIRMATION_REQUIRED,SALE_STATUS_NOT_ACTIVE",0,0,0,,,,missing_cost,4.66,BUY_BOX_PRICE,,,"Fackelmann OPAL Pizza Wheel, Pizza Cutter & Slicer, Super Sharp Blade, Stainless Steel, 18.5x5x1.2cm, Silver",https://m.media-amazon.com/images/I/414DudnlCbL.jpg,40,o_phase1_v1,live,live_mode_missing_cost,4.66,4.236364,10,missing_expected_cost,1,missing_all_cost_inputs,,,,,inactive_sale_status,inactive_sale_status,
2026-05-19T12:38:56Z,D7-MGBX-RX2P,B001Q77TI2,E-81181,Bliss Distribution,wait,"SUPPLIER_COST_USER_CONFIRMATION_REQUIRED,LOW_CONFIDENCE_MARKET_CONTEXT,WEAK_DEMAND_SIGNAL",0,0,0,,,,missing_cost,9.92,PRODUCT_DB_LIVE_LISTING_PRICE,,,"Ultra Pro 81181 3"" x 4"" Clear Thick 55PT Toploaders (25ct)",https://m.media-amazon.com/images/I/61ng1GVZNsL.jpg,50,o_phase1_v1,live,live_mode_missing_cost,9.92,9.018182,10,missing_expected_cost,1,missing_all_cost_inputs,,,,,weak_demand,weak_demand,
2026-05-19T12:38:56Z,LR-Q5V9-S4GK,B09P244SML,ATE72,CLF,wait,"LOW_CONFIDENCE_MARKET_CONTEXT,SALE_STATUS_NOT_ACTIVE",0,0,0,,,2.83,supplier_buy_cost_truth,5.5,PRODUCT_DB_LIVE_LISTING_PRICE,94.34629,2.67,"ATTITUDE Lip Balm, Natural Origin, Nourishes & Protects, Shea Butter, Coconut & Castor Oils, EWG Verified, For Dry Lips, Men and Women, Vegan, Coconut, 8.5 g",https://m.media-amazon.com/images/I/61mCp53g3XL.jpg,40,o_phase1_v1,live,live_cost_inputs,5.5,5,10,within_target_roi_max,0,price_list_only_no_purchase_reference,2.83,2.83,2.83,,inactive_sale_status,inactive_sale_status,
2026-05-19T12:38:56Z,RY-2DTP-16YZ,B01N273YMX,,Party Wholesalers,wait,"SUPPLIER_COST_USER_CONFIRMATION_REQUIRED,LOW_CONFIDENCE_MARKET_CONTEXT,SALE_STATUS_NOT_ACTIVE",0,0,0,,,,missing_cost,2.99,PRODUCT_DB_LIVE_LISTING_PRICE,,,"Anniversary House Elegant Gold Glitter 70th Birthday Candle - Premium Wax Number 70 Cake Topper for Anniversary, Party Decor & Milestone Celebrations - Shiny Metallic Sparkle Finish, 7cm Large",https://m.media-amazon.com/images/I/61hLyVTOVwL.jpg,40,o_phase1_v1,live,live_mode_missing_cost,2.99,2.718182,10,missing_expected_cost,1,missing_all_cost_inputs,,,,,inactive_sale_status,inactive_sale_status,
2026-05-19T12:38:56Z,TK-E7QE-T40G,B000FPU2SK,5010624437194,Stax,wait,"SUPPLIER_COST_USER_CONFIRMATION_REQUIRED,BLOCKED_MISSING_COST_INPUT",0,0,0,16,16,,missing_cost,8.39,BUY_BOX_PRICE,,,"Kitchen Devils S8602000 Lifestyle Vegetable Knife, 1 cm",https://m.media-amazon.com/images/I/51hssgaVLLL.jpg,35,o_phase1_v1,live,live_mode_missing_cost,8.39,7.627273,10,missing_expected_cost,1,missing_all_cost_inputs,,,,,missing_forward_roi_inputs,missing_forward_roi_inputs,
2026-05-19T12:38:56Z,GY-FO04-RDYL,B09M3PQRBG,CUR143,DHB,wait,"LOW_CONFIDENCE_MARKET_CONTEXT,SALE_STATUS_NOT_ACTIVE",0,0,0,,,3.47,supplier_buy_cost_truth,8.56,PRODUCT_DB_LIVE_LISTING_PRICE,146.685879,5.09,Curaprox Kids Toothpaste – Ages 2+ | Strawberry Flavour | Protects Milk Teeth with 950 ppm Fluoride | Gentle Formula | 60 ml | Made in Switzerland,https://m.media-amazon.com/images/I/31xG1CXufdL.jpg,40,o_phase1_v1,live,live_cost_inputs,8.56,7.781818,10,within_target_roi_max,0,price_list_only_no_purchase_reference,3.47,3.47,3.47,,inactive_sale_status,inactive_sale_status,
2026-05-19T12:38:56Z,SQ-7QYT-5D5B,B0915M1DLF,SCS22096,Shure Cosmetics,wait,"LOW_CONFIDENCE_MARKET_CONTEXT,WEAK_DEMAND_SIGNAL",0,0,0,,,1.5,supplier_buy_cost_truth,6.7,PRODUCT_DB_LIVE_LISTING_PRICE,346.666667,5.2,"Makeup Revolution, Conceal & Fix, Ultimate Coverage, Concealer, Medium Sand, 11g",https://m.media-amazon.com/images/I/71nmcSvxaPL.jpg,50,o_phase1_v1,live,live_cost_inputs,6.7,6.090909,10,within_target_roi_max,0,price_list_only_no_purchase_reference,1.5,1.5,1.5,,weak_demand,weak_demand,
2026-05-19T12:38:56Z,GK-YI4S-C158,B0009JJZ8A,4008033424400,Stax,wait,"SUPPLIER_COST_USER_CONFIRMATION_REQUIRED,BLOCKED_MISSING_COST_INPUT",0,0,0,88.399859,88.399859,,missing_cost,8.35,BUY_BOX_PRICE,,,"Fackelmann Sieve 15cm⌀, Strainer, Fine Mesh, Stainless Steel, 15x20x32.5cm, Silver",https://m.media-amazon.com/images/I/61+NWXEsooL.jpg,35,o_phase1_v1,live,live_mode_missing_cost,8.35,7.590909,10,missing_expected_cost,1,missing_all_cost_inputs,,,,,missing_forward_roi_inputs,missing_forward_roi_inputs,
2026-05-19T12:38:56Z,LR-7GM6-1RCH,B08MQB42B3,D850EN,Rashmian,wait,"SUPPLIER_COST_USER_CONFIRMATION_REQUIRED,LOW_CONFIDENCE_MARKET_CONTEXT,WEAK_DEMAND_SIGNAL",0,0,0,,,,missing_cost,37.34,PRODUCT_DB_LIVE_LISTING_PRICE,,,"LEXIBOOK, The Collins English dictionary, 13th Edition-Electronic Dictionary, Definitions, Thesaurus, Conjugation, Phonetic Spellchecker, Crossword Solver, with Battery, Blue/White, D850EN",https://m.media-amazon.com/images/I/81XjRPG-kFL.jpg,50,o_phase1_v1,live,live_mode_missing_cost,37.34,33.945455,10,missing_expected_cost,1,missing_all_cost_inputs,,,,,weak_demand,weak_demand,
2026-05-19T12:38:56Z,RY-U14K-5XDR,B005NG23OW,109754,Jones Wholesale,wait,"SUPPLIER_COST_USER_CONFIRMATION_REQUIRED,LOW_CONFIDENCE_MARKET_CONTEXT,WEAK_DEMAND_SIGNAL",0,0,0,,,,missing_cost,8.03,PRODUCT_DB_LIVE_LISTING_PRICE,,,"Chef Aid 20cm / 8 Inch Long Handled Metal Sieve, Kitchen Essential Tool and Ideal for Straining, draining, Washing and Wide Range of Foods, with a fine mesh for Ease of use",https://m.media-amazon.com/images/I/71ZHK5ZwYsL.jpg,50,o_phase1_v1,live,live_mode_missing_cost,8.03,7.3,10,missing_expected_cost,1,missing_all_cost_inputs,,,,,weak_demand,weak_demand,
2026-05-19T12:38:56Z,HL-B4VJ-L8FP,B0813VNJF8,TP77,CLF,wait,"SUPPLIER_COST_USER_CONFIRMATION_REQUIRED,LOW_CONFIDENCE_MARKET_CONTEXT,SALE_STATUS_NOT_ACTIVE",0,0,0,,,,missing_cost,7.39,PRODUCT_DB_LIVE_LISTING_PRICE,,,Teapigs Limited Edition Winter Glühwein Tea Bags - Mulled Wine-Inspired Herbal Infusion with Whole Fruits & Spices - Naturally Caffeine-Free - 10 Biodegradable Tea Temples,https://m.media-amazon.com/images/I/511yCfdZM7L.jpg,40,o_phase1_v1,live,live_mode_missing_cost,7.39,6.718182,10,missing_expected_cost,1,missing_all_cost_inputs,,,,,inactive_sale_status,inactive_sale_status,
2026-05-19T12:38:56Z,3E-KHO2-YIAU,B012DV4306,SCS19763,Shure Cosmetics,wait,"SUPPLIER_COST_USER_CONFIRMATION_REQUIRED,LOW_CONFIDENCE_MARKET_CONTEXT,SALE_STATUS_NOT_ACTIVE",0,0,0,,,,missing_cost,6.62,PRODUCT_DB_LIVE_LISTING_PRICE,,,Cameleo Men - Permanent Hair Dye | Medium Brown Colour for Hair Beard & Moustache | Natural Colour Effect in 5 Minutes | Cover Grey Hair | Ammonia FREE | 30ml,https://m.media-amazon.com/images/I/71mrVK2VBzL.jpg,40,o_phase1_v1,live,live_mode_missing_cost,6.62,6.018182,10,missing_expected_cost,1,missing_all_cost_inputs,,,,,inactive_sale_status,inactive_sale_status,
2026-05-19T12:38:56Z,QT-C0ZN-T4R7,9188805972,FLFALE013,Bliss Distribution,wait,"SUPPLIER_COST_USER_CONFIRMATION_REQUIRED,LOW_CONFIDENCE_MARKET_CONTEXT,SALE_STATUS_NOT_ACTIVE",0,0,0,,,,missing_cost,41.99,PRODUCT_DB_LIVE_LISTING_PRICE,,,Free League ALIEN RPG Starter Set - Tabletop Roleplaying Game - Age 168+,https://m.media-amazon.com/images/I/61QjcBhWBTL.jpg,40,o_phase1_v1,live,live_mode_missing_cost,41.99,38.172727,10,missing_expected_cost,1,missing_all_cost_inputs,,,,,inactive_sale_status,inactive_sale_status,
2026-05-19T12:38:56Z,IB-PMXX-S0AE,B002BWSZS4,5013174036855,Stax,wait,"SUPPLIER_COST_USER_CONFIRMATION_REQUIRED,LOW_CONFIDENCE_MARKET_CONTEXT,SALE_STATUS_NOT_ACTIVE",0,0,0,,,,missing_cost,5.8,PRODUCT_DB_LIVE_LISTING_PRICE,,,Economy Scourer Flat 150x115mm Green (Pack of 10) SP120,https://m.media-amazon.com/images/I/61Ojclw5S4L.jpg,40,o_phase1_v1,live,live_mode_missing_cost,5.8,5.272727,10,missing_expected_cost,1,missing_all_cost_inputs,,,,,inactive_sale_status,inactive_sale_status,
2026-05-19T12:38:56Z,TA-HQMF-9SUB,B074JHRC6J,366045,Stax,wait,"SUPPLIER_COST_USER_CONFIRMATION_REQUIRED,LOW_CONFIDENCE_MARKET_CONTEXT,SALE_STATUS_NOT_ACTIVE",0,0,0,,,,missing_cost,9.49,PRODUCT_DB_LIVE_LISTING_PRICE,,,Ravenhead 0041.625 Entertain Set of 2 Highly Transparent 29.5 cl Margarita Glasses,https://m.media-amazon.com/images/I/41bz-SebWQL.jpg,40,o_phase1_v1,live,live_mode_missing_cost,9.49,8.627273,10,missing_expected_cost,1,missing_all_cost_inputs,,,,,inactive_sale_status,inactive_sale_status,
2026-05-19T12:38:56Z,MY-85FY-TSON,B0CKS4H64X,4005240136836,Stax,wait,"SUPPLIER_COST_USER_CONFIRMATION_REQUIRED,LOW_CONFIDENCE_MARKET_CONTEXT,SALE_STATUS_NOT_ACTIVE",0,0,0,,,,missing_cost,10.39,PRODUCT_DB_LIVE_LISTING_PRICE,,,"Neudorff WeedFree Plus RTU Weed Killer Spray, 750 ml, Glyphosate Free Spray, Weed Remover, Animal Fiendly, Herbicide",https://m.media-amazon.com/images/I/71rn1aug-LL.jpg,40,o_phase1_v1,live,live_mode_missing_cost,10.39,9.445455,10,missing_expected_cost,1,missing_all_cost_inputs,,,,,inactive_sale_status,inactive_sale_status,
2026-05-19T12:38:56Z,NX-YY01-TLFO,B004TRSSIQ,782519,Stax,wait,"SUPPLIER_COST_USER_CONFIRMATION_REQUIRED,LOW_CONFIDENCE_MARKET_CONTEXT,SALE_STATUS_NOT_ACTIVE",0,0,0,,,,missing_cost,5.69,PRODUCT_DB_LIVE_LISTING_PRICE,,,"Masterplug ELS132B-01 Permaplug Two Socket Trailing Socket, without Plug and Cable, 13 Amp, Black",https://m.media-amazon.com/images/I/71xtwqAHecL.jpg,40,o_phase1_v1,live,live_mode_missing_cost,5.69,5.172727,10,missing_expected_cost,1,missing_all_cost_inputs,,,,,inactive_sale_status,inactive_sale_status,
2026-05-19T12:38:56Z,L1-54EX-56YC,B09445GL1C,103987,Stax,wait,"SUPPLIER_COST_USER_CONFIRMATION_REQUIRED,BLOCKED_MISSING_COST_INPUT",0,0,0,51.999827,51.999827,,missing_cost,13.49,BUY_BOX_PRICE,,,"Price's - Time for You Large Jar Candle - Sweet, Delicious Fragrance - Long Lasting Scent - Up to 100 Hour Burn Time - Ideal for All Occasions",https://m.media-amazon.com/images/I/61LEqg13MwL.jpg,35,o_phase1_v1,live,live_mode_missing_cost,13.49,12.263636,10,missing_expected_cost,1,missing_all_cost_inputs,,,,,missing_forward_roi_inputs,missing_forward_roi_inputs,
2026-05-19T12:38:56Z,IM-AYXV-79NJ,B09HXXMJV9,,,wait,"SUPPLIER_COST_USER_CONFIRMATION_REQUIRED,LOW_CONFIDENCE_MARKET_CONTEXT,SALE_STATUS_NOT_ACTIVE",0,0,0,,,,missing_cost,5.43,PRODUCT_DB_LIVE_LISTING_PRICE,,,Revlon ColorStay Matte Lite Crayon - She's Fly,https://m.media-amazon.com/images/I/51-bjkStPgL.jpg,40,o_phase1_v1,live,live_mode_missing_cost,5.43,4.936364,10,missing_expected_cost,1,missing_all_cost_inputs,,,,,inactive_sale_status,inactive_sale_status,
2026-05-19T12:38:56Z,94-7TOA-9ZBH,B07QNL4BNM,N2381,DK Tools,wait,"SUPPLIER_COST_USER_CONFIRMATION_REQUIRED,LOW_CONFIDENCE_MARKET_CONTEXT,SALE_STATUS_NOT_ACTIVE",0,0,0,,,,missing_cost,4.99,PRODUCT_DB_LIVE_LISTING_PRICE,,,"Amtech N2381 Hi Vis Gloves Large (Size 9), Certified Quality Rubber Coated Hi Vis Work Gloves, Black/Yellow",https://m.media-amazon.com/images/I/91fa5fmKikL.jpg,40,o_phase1_v1,live,live_mode_missing_cost,4.99,4.536364,10,missing_expected_cost,1,missing_all_cost_inputs,,,,,inactive_sale_status,inactive_sale_status,
2026-05-19T12:38:56Z,SC-LYFM-ORXK,B07QXSDZJM,541 61176,ABGee,wait,"SUPPLIER_COST_USER_CONFIRMATION_REQUIRED,LOW_CONFIDENCE_MARKET_CONTEXT,WEAK_DEMAND_SIGNAL",0,0,0,,,,missing_cost,11.85,PRODUCT_DB_LIVE_LISTING_PRICE,,,"Shaun the Sheep Plush 61176 Backpack Clip, Black and White, Great Gift Idea,9 x 7 x 14 centimetres",https://m.media-amazon.com/images/I/61bOg8EcyyL.jpg,50,o_phase1_v1,live,live_mode_missing_cost,11.85,10.772727,10,missing_expected_cost,1,missing_all_cost_inputs,,,,,weak_demand,weak_demand,
2026-05-19T12:38:56Z,BL-WX51-KQOK,B0897VHKW6,HTP41,CLF,wait,"SUPPLIER_COST_USER_CONFIRMATION_REQUIRED,LOW_CONFIDENCE_MARKET_CONTEXT,WEAK_DEMAND_SIGNAL",0,0,0,,,,missing_cost,6.76,PRODUCT_DB_LIVE_LISTING_PRICE,,,Hilltop Maple Syrup - Very Dark Late Harvest - Squeezy Bottle - 230g,https://m.media-amazon.com/images/I/61lWpmxhgIL.jpg,50,o_phase1_v1,live,live_mode_missing_cost,6.76,6.145455,10,missing_expected_cost,1,missing_all_cost_inputs,,,,,weak_demand,weak_demand,
2026-05-19T12:38:56Z,3Q-8PJ1-BLBC,B0BBWH7DBT,SNV2S/250G,TD Synnex,wait,"LOW_CONFIDENCE_MARKET_CONTEXT,WEAK_DEMAND_SIGNAL",0,0,0,,,20.77,supplier_buy_cost_truth,49.23,PRODUCT_DB_LIVE_LISTING_PRICE,137.024555,28.46,Kingston NV2 NVMe PCIe 4.0 Internal SSD 250GB M.2 2280 - SNV2S/250G,https://m.media-amazon.com/images/I/71HDFuABFeL.jpg,50,o_phase1_v1,live,live_cost_inputs,49.23,44.754545,10,within_target_roi_max,0,price_list_only_no_purchase_reference,20.77,20.77,20.77,,weak_demand,weak_demand,
2026-05-19T12:38:56Z,7C-7V6B-QQZL,B003M36498,407720,Stax,wait,"SUPPLIER_COST_USER_CONFIRMATION_REQUIRED,LOW_CONFIDENCE_MARKET_CONTEXT,SALE_STATUS_NOT_ACTIVE",0,0,0,,,,missing_cost,9.97,PRODUCT_DB_LIVE_LISTING_PRICE,,,Kitchen Devils Control 7cm Paring Knife 603001,https://m.media-amazon.com/images/I/41MxVn2sFqL.jpg,40,o_phase1_v1,live,live_mode_missing_cost,9.97,9.063636,10,missing_expected_cost,1,missing_all_cost_inputs,,,,,inactive_sale_status,inactive_sale_status,
2026-05-19T12:38:56Z,T8-6UWL-I3E1,B001OXH0X2,368831,Stax,wait,"SUPPLIER_COST_USER_CONFIRMATION_REQUIRED,LOW_CONFIDENCE_MARKET_CONTEXT,SALE_STATUS_NOT_ACTIVE",0,0,0,,,,missing_cost,4.21,PRODUCT_DB_LIVE_LISTING_PRICE,,,"Solvite SLVTHRIFT Wallpaper & Border Paste, Set of 1",https://m.media-amazon.com/images/I/51MG-rVwuEL.jpg,40,o_phase1_v1,live,live_mode_missing_cost,4.21,3.827273,10,missing_expected_cost,1,missing_all_cost_inputs,,,,,inactive_sale_status,inactive_sale_status,
2026-05-19T12:38:56Z,GJ-2OZK-0GCA,B0CS3VF4GK,MIX024,Tropicana Wholesale,wait,"SUPPLIER_COST_USER_CONFIRMATION_REQUIRED,BLOCKED_MISSING_COST_INPUT",0,0,0,1,1,,missing_cost,33,BUY_BOX_PRICE,,,Promixx PRO Electric Protein Shaker Bottle,https://m.media-amazon.com/images/I/711WVq3I5NL.jpg,35,o_phase1_v1,live,live_mode_missing_cost,33,30,10,missing_expected_cost,1,missing_all_cost_inputs,,,,,missing_forward_roi_inputs,missing_forward_roi_inputs,
2026-05-19T12:38:56Z,6E-U01F-GUCT,B0CSVLW6QL,,,wait,"SUPPLIER_COST_USER_CONFIRMATION_REQUIRED,LOW_CONFIDENCE_MARKET_CONTEXT,SALE_STATUS_NOT_ACTIVE",0,0,0,,,,missing_cost,10,PRODUCT_DB_LIVE_LISTING_PRICE,,,Funko Pop! TV: Wednesday - Enid Sinclair - Rave'n E - Collectable Vinyl Figure - Gift Idea - Official Merchandise - Toys for Kids & Adults - TV Fans - Model Figure for Collectors and Display,https://m.media-amazon.com/images/I/61Oc1I+iqPL.jpg,40,o_phase1_v1,live,live_mode_missing_cost,10,9.090909,10,missing_expected_cost,1,missing_all_cost_inputs,,,,,inactive_sale_status,inactive_sale_status,
2026-05-19T12:38:56Z,H4-86XG-NLX6,B0CVNMZHZ6,FK79749,Heo,wait,"SUPPLIER_COST_USER_CONFIRMATION_REQUIRED,LOW_CONFIDENCE_MARKET_CONTEXT,WEAK_DEMAND_SIGNAL",0,0,0,,,,missing_cost,19.99,PRODUCT_DB_LIVE_LISTING_PRICE,,,Funko Pop! Movies: Wicked - Fiyero - Collectable Vinyl Figure - Gift Idea - Official Merchandise - Toys for Kids & Adults - Movies Fans - Model Figure for Collectors and Display,https://m.media-amazon.com/images/I/71tllEAu9rL.jpg,50,o_phase1_v1,live,live_mode_missing_cost,19.99,18.172727,10,missing_expected_cost,1,missing_all_cost_inputs,,,,,weak_demand,weak_demand,
2026-05-19T12:38:56Z,CY-5VNG-I5M8,B07Y354HMP,WIS105,DHB,wait,"LOW_CONFIDENCE_MARKET_CONTEXT,SALE_STATUS_NOT_ACTIVE",0,0,0,,,2.22,supplier_buy_cost_truth,7.94,PRODUCT_DB_LIVE_LISTING_PRICE,257.657658,5.72,Wisdom Pro Flex Interdental Brushes 0.70mm Yellow 25 Pack,https://m.media-amazon.com/images/I/61MeZuxokXL.jpg,40,o_phase1_v1,live,live_cost_inputs,7.94,7.218182,10,within_target_roi_max,0,price_list_only_no_purchase_reference,2.22,2.22,2.22,,inactive_sale_status,inactive_sale_status,
2026-05-19T12:38:56Z,86-0EBH-JQX6,B0D59LGPWS,D660EN,Rashmian,wait,"SUPPLIER_COST_USER_CONFIRMATION_REQUIRED,LOW_CONFIDENCE_MARKET_CONTEXT,SALE_STATUS_NOT_ACTIVE",0,0,0,,,,missing_cost,32.98,PRODUCT_DB_LIVE_LISTING_PRICE,,,"LEXIBOOK, English Dictionary, Pocket electronic dictionary, Definitions, Thesaurus, Grammar functions, Phonetic spellchecker, Word games, 4"" screen, Advanced features, Blue, D660EN",https://m.media-amazon.com/images/I/71yRvgzpmBL.jpg,40,o_phase1_v1,live,live_mode_missing_cost,32.98,29.981818,10,missing_expected_cost,1,missing_all_cost_inputs,,,,,inactive_sale_status,inactive_sale_status,
2026-05-19T12:38:56Z,WE-1Z7L-SA2I,B08MVG9QZW,,,wait,"SUPPLIER_COST_USER_CONFIRMATION_REQUIRED,SALE_STATUS_NOT_ACTIVE",0,0,0,,,,missing_cost,5.09,BUY_BOX_PRICE,,,"Cameleo - Permanent Hair Colour Cream - Dark Mahogany - Intensive Color & Protection - 5 Oils + Omega Plus Acids - Professional, Luxurious Hair Dye - Full Kit",https://m.media-amazon.com/images/I/81ZCXZrZiCL.jpg,40,o_phase1_v1,live,live_mode_missing_cost,5.09,4.627273,10,missing_expected_cost,1,missing_all_cost_inputs,,,,,inactive_sale_status,inactive_sale_status,
2026-05-19T12:38:56Z,TU-8I14-25ZR,B0CN5KRVXB,,,wait,"SUPPLIER_COST_USER_CONFIRMATION_REQUIRED,LOW_CONFIDENCE_MARKET_CONTEXT,SALE_STATUS_NOT_ACTIVE",0,0,0,,,,missing_cost,27.55,PRODUCT_DB_LIVE_LISTING_PRICE,,,Yu-Gi-Oh Legendary Decks 2 2024 Unlimited Reprint,https://m.media-amazon.com/images/I/51YSnKT7wbL.jpg,40,o_phase1_v1,live,live_mode_missing_cost,27.55,25.045455,10,missing_expected_cost,1,missing_all_cost_inputs,,,,,inactive_sale_status,inactive_sale_status,
2026-05-19T12:38:56Z,93-TB6X-UKTU,B078K3B7R6,PIK021,DHB,wait,"LOW_CONFIDENCE_MARKET_CONTEXT,SALE_STATUS_NOT_ACTIVE",0,0,0,,,1.69,supplier_buy_cost_truth,4.39,PRODUCT_DB_LIVE_LISTING_PRICE,159.763314,2.7,"Piksters Interdental Brushes, 10 pk, Size 00, Interdental Brush for Extremely Fine Gaps, Gum Soft Bristles for Plaque Removal, Safe for Braces",https://m.media-amazon.com/images/I/71-wtPCa+EL.jpg,40,o_phase1_v1,live,live_cost_inputs,4.39,3.990909,10,within_target_roi_max,0,price_list_only_no_purchase_reference,1.69,1.69,1.69,,inactive_sale_status,inactive_sale_status,
2026-05-19T12:38:56Z,LV-425G-BY4X,9188805646,FLFFLW01,Bliss Distribution,full_restock,,15,15,30,14.518514,14.518514,16.38,supplier_buy_cost_truth,26.86,BUY_BOX_PRICE,63.980464,10.48,"Free League Publishing MÖRK Borg (Fantasy OSR RPG, Hardback, Full Color",https://m.media-amazon.com/images/I/814lycmRG0L.jpg,100,o_phase1_v1,live,live_cost_inputs,26.86,24.418182,10,within_target_roi_max,0,price_list_only_no_purchase_reference,16.38,16.38,16.38,,,,
2026-05-19T12:38:56Z,90-0G83-3P0X,B0054RRCQY,BDG11,CLF,wait,"LOW_CONFIDENCE_MARKET_CONTEXT,SALE_STATUS_NOT_ACTIVE",0,0,0,,,8.29,supplier_buy_cost_truth,14.47,PRODUCT_DB_LIVE_LISTING_PRICE,74.547648,6.18,"Badger Sleep Balm, Softens Skin whilst Soothing the Mind, For a Blissful Nights Sleep Rub on the Temples or Pulse Points, Lavender and Bergamot Scent with Added Essential Oils, 56g",https://m.media-amazon.com/images/I/71pCeLnKvDL.jpg,40,o_phase1_v1,live,live_cost_inputs,14.47,13.154545,10,within_target_roi_max,0,price_list_only_no_purchase_reference,8.29,8.29,8.29,,inactive_sale_status,inactive_sale_status,
2026-05-19T12:38:56Z,S8-7VIK-3VEL,B0CT2BZ864,NS01D,Rashmian,wait,"SUPPLIER_COST_USER_CONFIRMATION_REQUIRED,LOW_CONFIDENCE_MARKET_CONTEXT,SALE_STATUS_NOT_ACTIVE",0,0,0,,,,missing_cost,19.38,PRODUCT_DB_LIVE_LISTING_PRICE,,,"LEXIBOOK, Disney Stitch, Nightlight with Speaker, Colour change, Soft light, Battery operated, Blue, NS01D",https://m.media-amazon.com/images/I/61lXonjLPXL.jpg,40,o_phase1_v1,live,live_mode_missing_cost,19.38,17.618182,10,missing_expected_cost,1,missing_all_cost_inputs,,,,,inactive_sale_status,inactive_sale_status,
2026-05-19T12:38:56Z,79-CPJ6-DSG6,9189143051,FLFALE014,Bliss Distribution,wait,"LOW_CONFIDENCE_MARKET_CONTEXT,WEAK_DEMAND_SIGNAL",0,0,0,,,13.65,supplier_buy_cost_truth,39.99,PRODUCT_DB_LIVE_LISTING_PRICE,192.967033,26.34,Free League FLF-ALE014 ALIEN RPG Destroyer of Worlds Game,https://m.media-amazon.com/images/I/61qpeYKd65L.jpg,50,o_phase1_v1,live,live_cost_inputs,39.99,36.354545,10,within_target_roi_max,0,price_list_only_no_purchase_reference,13.65,13.65,13.65,,weak_demand,weak_demand,
2026-05-19T12:38:56Z,UT-WXOQ-6CZL,B08CVTBP81,,Bliss Distribution,wait,"SUPPLIER_COST_USER_CONFIRMATION_REQUIRED,LOW_CONFIDENCE_MARKET_CONTEXT,SALE_STATUS_NOT_ACTIVE",0,0,0,,,,missing_cost,9.99,PRODUCT_DB_LIVE_LISTING_PRICE,,,Deck Protector: Eclipse Gloss: Apple Red (100),https://m.media-amazon.com/images/I/51EKTxjrbTL.jpg,40,o_phase1_v1,live,live_mode_missing_cost,9.99,9.081818,10,missing_expected_cost,1,missing_all_cost_inputs,,,,,inactive_sale_status,inactive_sale_status,
2026-05-19T12:38:56Z,51-79LN-GGLK,B09HHLMG1V,109696,Stax,wait,"SUPPLIER_COST_USER_CONFIRMATION_REQUIRED,LOW_CONFIDENCE_MARKET_CONTEXT,SALE_STATUS_NOT_ACTIVE",0,0,0,,,,missing_cost,9.97,PRODUCT_DB_LIVE_LISTING_PRICE,,,"Defenders All-Seasons Multi-Purpose Handy Spreader with Scoop - Green, Ideal for Application of Granules and Seeds",https://m.media-amazon.com/images/I/51E9mX9hW7L.jpg,40,o_phase1_v1,live,live_mode_missing_cost,9.97,9.063636,10,missing_expected_cost,1,missing_all_cost_inputs,,,,,inactive_sale_status,inactive_sale_status,
2026-05-19T12:38:56Z,J1-6I0O-YXCL,B08CHK57TB,,,wait,"SUPPLIER_COST_USER_CONFIRMATION_REQUIRED,LOW_CONFIDENCE_MARKET_CONTEXT,SALE_STATUS_NOT_ACTIVE",0,0,0,,,,missing_cost,7.27,PRODUCT_DB_LIVE_LISTING_PRICE,,,"Max Factor Facefinity Matte Bronzer, 002 Warm Tan",https://m.media-amazon.com/images/I/41wKYq2Ve3L.jpg,40,o_phase1_v1,live,live_mode_missing_cost,7.27,6.609091,10,missing_expected_cost,1,missing_all_cost_inputs,,,,,inactive_sale_status,inactive_sale_status,
2026-05-19T12:38:56Z,VA-V4J8-WHCT,B08FKZMQH8,DC753EN,Rashmian,wait,"SUPPLIER_COST_USER_CONFIRMATION_REQUIRED,LOW_CONFIDENCE_MARKET_CONTEXT,SALE_STATUS_NOT_ACTIVE",0,0,0,,,,missing_cost,28.13,PRODUCT_DB_LIVE_LISTING_PRICE,,,"LEXIBOOK, The Collins English Dictionary, 13th Edition-Electronic Pocket Spellchecker, Thesaurus, Crossword, Conjugation, Anagram Solver, Words Games, with Battery, Blue/White, DC753EN",https://m.media-amazon.com/images/I/71XS6+2nmTL.jpg,40,o_phase1_v1,live,live_mode_missing_cost,28.13,25.572727,10,missing_expected_cost,1,missing_all_cost_inputs,,,,,inactive_sale_status,inactive_sale_status,
2026-05-19T12:38:56Z,XE-27ZG-EZPZ,B0001IWX7E,377564,Stax,wait,"SUPPLIER_COST_USER_CONFIRMATION_REQUIRED,LOW_CONFIDENCE_MARKET_CONTEXT,WEAK_DEMAND_SIGNAL",0,0,0,,,,missing_cost,7.99,PRODUCT_DB_LIVE_LISTING_PRICE,,,"KitchenCraft Kitchen Scissors with Bottle Opener, Stainless Steel, Multi Purpose Shears 21 cm (8.3''), Black",https://m.media-amazon.com/images/I/51pyGOajiCL.jpg,50,o_phase1_v1,live,live_mode_missing_cost,7.99,7.263636,10,missing_expected_cost,1,missing_all_cost_inputs,,,,,weak_demand,weak_demand,
2026-05-19T12:38:56Z,IO-9ZD2-3HDO,B09SBGM9Q8,FK64036,Heo,wait,"SUPPLIER_COST_USER_CONFIRMATION_REQUIRED,LOW_CONFIDENCE_MARKET_CONTEXT,SALE_STATUS_NOT_ACTIVE",0,0,0,,,,missing_cost,24.98,PRODUCT_DB_LIVE_LISTING_PRICE,,,Funko Pop! Albums: Queen - Freddie Mercury - Flash Gordon - Music - Collectable Vinyl Figure - Gift Idea - Official Merchandise - Toys for Kids & Adults - Music Fans - Model Figure for Collectors,https://m.media-amazon.com/images/I/71Te9qE8YdL.jpg,40,o_phase1_v1,live,live_mode_missing_cost,24.98,22.709091,10,missing_expected_cost,1,missing_all_cost_inputs,,,,,inactive_sale_status,inactive_sale_status,
2026-05-19T12:38:56Z,7I-1717-OHRW,B0CJMRL1WT,AT-15060,Bliss Distribution,wait,"SUPPLIER_COST_USER_CONFIRMATION_REQUIRED,LOW_CONFIDENCE_MARKET_CONTEXT,SALE_STATUS_NOT_ACTIVE",0,0,0,,,,missing_cost,11.75,PRODUCT_DB_LIVE_LISTING_PRICE,,,"Dragon Shield | Matte Dual Standard Size Card Sleeves | 100 CT - Smooth & Tough Premium TCG Sleeves - Compatible with Pokemon, Flesh & Blood, One Piece & Magic The Gathering | Truth",https://m.media-amazon.com/images/I/71FHv1UDc-L.jpg,40,o_phase1_v1,live,live_mode_missing_cost,11.75,10.681818,10,missing_expected_cost,1,missing_all_cost_inputs,,,,,inactive_sale_status,inactive_sale_status,
2026-05-19T12:38:56Z,F7-PMJ2-SG6A,B07RZBBG14,,,wait,"SUPPLIER_COST_USER_CONFIRMATION_REQUIRED,LOW_CONFIDENCE_MARKET_CONTEXT,SALE_STATUS_NOT_ACTIVE",0,0,0,62.162149,62.162149,,missing_cost,7.9,PRODUCT_DB_LIVE_LISTING_PRICE,,,"Dragon Shield AT-13201 Standard Size Perfect Fit Sealable (100 Sleeves), clear",https://m.media-amazon.com/images/I/31pRHLs9B2L.jpg,40,o_phase1_v1,live,live_mode_missing_cost,7.9,7.181818,10,missing_expected_cost,1,missing_all_cost_inputs,,,,,inactive_sale_status,inactive_sale_status,
2026-05-19T12:38:56Z,3B-3H3V-Z93T,B0CP69JJGG,MYP044,Tropicana Wholesale,wait,"SUPPLIER_COST_USER_CONFIRMATION_REQUIRED,LOW_CONFIDENCE_MARKET_CONTEXT,WEAK_DEMAND_SIGNAL",0,0,0,,,,missing_cost,9.94,PRODUCT_DB_LIVE_LISTING_PRICE,,,"Myprotein Unisex Adult Mini Bottle Shaker - Black, 400 ml (Pack of 1)",https://m.media-amazon.com/images/I/612Tsz5lHIL.jpg,50,o_phase1_v1,live,live_mode_missing_cost,9.94,9.036364,10,missing_expected_cost,1,missing_all_cost_inputs,,,,,weak_demand,weak_demand,
2026-05-19T12:38:56Z,DX-1NE9-39YS,B08MT6CW12,103073,Stax,wait,"SUPPLIER_COST_USER_CONFIRMATION_REQUIRED,LOW_CONFIDENCE_MARKET_CONTEXT,SALE_STATUS_NOT_ACTIVE",0,0,0,,,,missing_cost,8.05,PRODUCT_DB_LIVE_LISTING_PRICE,,,"Rawlplug WetNFix Wall Filler for Hole Quick setting Pack of 10 | Fixing Wall Plugs perfect for oversized holes | Suitable for Masonry, Wood, and Plasterboard | Repair Kit white",https://m.media-amazon.com/images/I/811IX00JCXL.jpg,40,o_phase1_v1,live,live_mode_missing_cost,8.05,7.318182,10,missing_expected_cost,1,missing_all_cost_inputs,,,,,inactive_sale_status,inactive_sale_status,
2026-05-19T12:38:56Z,PY-XV78-3OG5,B0D3J9M2H8,,,wait,"SUPPLIER_COST_USER_CONFIRMATION_REQUIRED,LOW_CONFIDENCE_MARKET_CONTEXT,SALE_STATUS_NOT_ACTIVE",0,0,0,,,,missing_cost,49.97,PRODUCT_DB_LIVE_LISTING_PRICE,,,"OtterBox Symmetry Folio Case for iPad Air 13-Inch (2024 M2, 2025 M3, 2026 M4), Shockproof, Drop proof, Slim Protective Folio Case, Tested to Military Standard, Black",https://m.media-amazon.com/images/I/51NrGRrcraL.jpg,40,o_phase1_v1,live,live_mode_missing_cost,49.97,45.427273,10,missing_expected_cost,1,missing_all_cost_inputs,,,,,inactive_sale_status,inactive_sale_status,
2026-05-19T12:38:56Z,PE-G94Y-4PYO,B011SEA38A,484652,Sika,wait,"SUPPLIER_COST_USER_CONFIRMATION_REQUIRED,LOW_CONFIDENCE_MARKET_CONTEXT,WEAK_DEMAND_SIGNAL",0,0,0,,,,missing_cost,8.41,PRODUCT_DB_LIVE_LISTING_PRICE,,,Everbuild 2 X CYN50 Industrial Superglue General Purpose 50 g,https://m.media-amazon.com/images/I/6126h1bhD4L.jpg,50,o_phase1_v1,live,live_mode_missing_cost,8.41,7.645455,10,missing_expected_cost,1,missing_all_cost_inputs,,,,,weak_demand,weak_demand,
2026-05-19T12:38:56Z,XG-Z9LW-Z27Q,B09NQ9YX9R,WP2000,Bliss Distribution,wait,"SUPPLIER_COST_USER_CONFIRMATION_REQUIRED,LOW_CONFIDENCE_MARKET_CONTEXT,WEAK_DEMAND_SIGNAL",0,0,0,,,,missing_cost,6.79,PRODUCT_DB_LIVE_LISTING_PRICE,,,"The Army Painter Speedpaint Medium 2.0, Single White Medium 18 ml Acrylic Paint One-coat Painting Solution For Fantasy Tabletop Miniatures Like Warhammer 40k And Dungeons And Dragons",https://m.media-amazon.com/images/I/81w-GcespFL.jpg,50,o_phase1_v1,live,live_mode_missing_cost,6.79,6.172727,10,missing_expected_cost,1,missing_all_cost_inputs,,,,,weak_demand,weak_demand,
2026-05-19T12:38:56Z,G8-L8EI-INMK,B0054SB72I,BRU020,DHB,wait,"LOW_CONFIDENCE_MARKET_CONTEXT,WEAK_DEMAND_SIGNAL",0,0,0,,,1.12,supplier_buy_cost_truth,6.99,PRODUCT_DB_LIVE_LISTING_PRICE,524.107143,5.87,"Brush-Baby Applemint Toothpaste for Babies & Toddlers | Stage 2-First Teeth | 0-36 Months, 50ml, Clear",https://m.media-amazon.com/images/I/71B0UOuOshL.jpg,50,o_phase1_v1,live,live_cost_inputs,6.99,6.354545,10,within_target_roi_max,0,price_list_only_no_purchase_reference,1.12,1.12,1.12,,weak_demand,weak_demand,
2026-05-19T12:38:56Z,3T-6QPR-E2MV,B06XGSJS7N,UGD010696,Heo,wait,"LOW_CONFIDENCE_MARKET_CONTEXT,WEAK_DEMAND_SIGNAL",0,0,0,,,5.33,supplier_buy_cost_truth,11.94,PRODUCT_DB_LIVE_LISTING_PRICE,124.015009,6.61,"Ultimate Guard UGD010696 Boulder Deck Case, 100 Plus, standard size, malachite",https://m.media-amazon.com/images/I/51qKt3O0w9L.jpg,50,o_phase1_v1,live,live_cost_inputs,11.94,10.854545,10,within_target_roi_max,0,price_list_only_no_purchase_reference,5.33,5.33,5.33,,weak_demand,weak_demand,
2026-05-19T12:38:56Z,JV-D1TI-6UF6,B002HY4YSQ,5010624437200,Stax,wait,"SUPPLIER_COST_USER_CONFIRMATION_REQUIRED,LOW_CONFIDENCE_MARKET_CONTEXT,SALE_STATUS_NOT_ACTIVE",0,0,0,,,,missing_cost,9.95,PRODUCT_DB_LIVE_LISTING_PRICE,,,Kitchen Devils Lifestyle Peeler Parer Knife 602001,https://m.media-amazon.com/images/I/41SNRqHKMOL.jpg,40,o_phase1_v1,live,live_mode_missing_cost,9.95,9.045455,10,missing_expected_cost,1,missing_all_cost_inputs,,,,,inactive_sale_status,inactive_sale_status,
2026-05-19T12:38:56Z,DD-94AN-QL9L,B00VQTO21M,MIR018,DHB,wait,"SUPPLIER_COST_USER_CONFIRMATION_REQUIRED,LOW_CONFIDENCE_MARKET_CONTEXT,SALE_STATUS_NOT_ACTIVE",0,0,0,,,,missing_cost,21.99,PRODUCT_DB_LIVE_LISTING_PRICE,,,4 Pack - TUNG Brush - Tongue Cleaner,https://m.media-amazon.com/images/I/61o8VgPku+L.jpg,40,o_phase1_v1,live,live_mode_missing_cost,21.99,19.990909,10,missing_expected_cost,1,missing_all_cost_inputs,,,,,inactive_sale_status,inactive_sale_status,
2026-05-19T12:38:56Z,H0-BYHY-BTUT,B08WX4Y25G,E-15613,Bliss Distribution,wait,"SUPPLIER_COST_USER_CONFIRMATION_REQUIRED,LOW_CONFIDENCE_MARKET_CONTEXT,SALE_STATUS_NOT_ACTIVE",0,0,0,,,,missing_cost,11.14,PRODUCT_DB_LIVE_LISTING_PRICE,,,Ultra Pro - Eclipse Standard Matte Sleeves 100 Pack - Jet Black,https://m.media-amazon.com/images/I/81GN4lUOoxL.jpg,40,o_phase1_v1,live,live_mode_missing_cost,11.14,10.127273,10,missing_expected_cost,1,missing_all_cost_inputs,,,,,inactive_sale_status,inactive_sale_status,
2026-05-19T12:38:56Z,NX-0Q7A-XR6H,B082DG6GJ6,SKI072,Tropicana Wholesale,wait,"SUPPLIER_COST_USER_CONFIRMATION_REQUIRED,LOW_CONFIDENCE_MARKET_CONTEXT,SALE_STATUS_NOT_ACTIVE",0,0,0,,,,missing_cost,7.59,PRODUCT_DB_LIVE_LISTING_PRICE,,,The Skinny Food Co White Chocolate Chocahalic Skinny Spread 350g,https://m.media-amazon.com/images/I/519LRIf+vSL.jpg,40,o_phase1_v1,live,live_mode_missing_cost,7.59,6.9,10,missing_expected_cost,1,missing_all_cost_inputs,,,,,inactive_sale_status,inactive_sale_status,
2026-05-19T12:38:56Z,QF-JFBE-D4VE,B008ID91XI,,,wait,"SUPPLIER_COST_USER_CONFIRMATION_REQUIRED,LOW_CONFIDENCE_MARKET_CONTEXT,SALE_STATUS_NOT_ACTIVE",0,0,0,,,,missing_cost,12.03,PRODUCT_DB_LIVE_LISTING_PRICE,,,"The Big Cheese Prickle Strip Dog Stopper – 2 m x 28 cm wide, durable Grow-thru Deterrent Protects Plants and Bulbs and Prevents Cats, Dogs, and Wildlife from Digging the Garden and Plant Pots",https://m.media-amazon.com/images/I/41i2F2LNV3L.jpg,40,o_phase1_v1,live,live_mode_missing_cost,12.03,10.936364,10,missing_expected_cost,1,missing_all_cost_inputs,,,,,inactive_sale_status,inactive_sale_status,
2026-05-19T12:38:56Z,MY-KL21-NMV5,B0913SVFD3,JC598PAI2,Rashmian,wait,"SUPPLIER_COST_USER_CONFIRMATION_REQUIRED,WEAK_DEMAND_SIGNAL",0,0,0,,,,missing_cost,36.99,BUY_BOX_PRICE,,,"LEXIBOOK Paw Patrol - Educational and Bilingual Laptop Spanish/English - Toy for Child Kid (Boys & Girls), 124 Activities, Learn Play Games and Music with Chase Marshall - Red/Blue, JC598PAi2",https://m.media-amazon.com/images/I/51mUAsTrnVL.jpg,50,o_phase1_v1,live,live_mode_missing_cost,36.99,33.627273,10,missing_expected_cost,1,missing_all_cost_inputs,,,,,weak_demand,weak_demand,
2026-05-19T12:38:56Z,4D-BI2L-5PZ8,B000Q351JG,TSD84,CLF,wait,"LOW_CONFIDENCE_MARKET_CONTEXT,WEAK_DEMAND_SIGNAL",0,0,0,,,7.35,supplier_buy_cost_truth,15.49,PRODUCT_DB_LIVE_LISTING_PRICE,110.748299,8.14,Tisserand Aromatherapy - Jojoba Organic Carrier Oil - Face and Body Blending Oil - 100% Natural and Pure Carrier Oil for Essential Oils Mixing,https://m.media-amazon.com/images/I/61mD8nKHQ0L.jpg,50,o_phase1_v1,live,live_cost_inputs,15.49,14.081818,10,within_target_roi_max,0,price_list_only_no_purchase_reference,7.35,7.35,7.35,,weak_demand,weak_demand,
2026-05-19T12:38:56Z,NN-TSZ1-X2RD,B093FQYQJH,CUR141,DHB,wait,SUFFICIENT_EFFECTIVE_SUPPLY,0,0,0,33.9759,33.9759,3.49,supplier_buy_cost_truth,7.12,BUY_BOX_PRICE,104.011461,3.63,"Curaprox CS 12460 Velvet Soft Toothbrush – Sensitive Gum Care | Ultra-Gentle Cleaning with 12,460 Filaments | Single Pack, Random Color | Made in Switzerland",https://m.media-amazon.com/images/I/41S5MecA9GL.jpg,75,o_phase1_v1,live,live_cost_inputs,7.12,6.472727,10,within_target_roi_max,0,price_list_only_no_purchase_reference,3.49,3.49,3.49,,supply_already_sufficient,supply_already_sufficient,
2026-05-19T12:38:56Z,6Q-9G2A-IKVV,B000PSB13C,MGB692KIT,Tool Chimp,wait,"SUPPLIER_COST_USER_CONFIRMATION_REQUIRED,BLOCKED_MISSING_COST_INPUT",0,0,0,0,0,,missing_cost,9.99,BUY_BOX_PRICE,,,"MARSHALLTOWN Masonry Grout Bags for Mortar and Grout, Tiling Tools, Durable Black Vinyl Bag, 30 x 60 cm, Tip Included, Made in USA, GB692",https://m.media-amazon.com/images/I/613r9ejsR-L.jpg,35,o_phase1_v1,live,live_mode_missing_cost,9.99,9.081818,10,missing_expected_cost,1,missing_all_cost_inputs,,,,,missing_forward_roi_inputs,missing_forward_roi_inputs,
2026-05-19T12:38:56Z,52-BC73-O7B2,B0C7HGQRY6,MUT157,Tropicana Wholesale,wait,"SUPPLIER_COST_USER_CONFIRMATION_REQUIRED,LOW_CONFIDENCE_MARKET_CONTEXT,SALE_STATUS_NOT_ACTIVE",0,0,0,,,,missing_cost,29.99,PRODUCT_DB_LIVE_LISTING_PRICE,,,"MUTANT GEAAR | 9.4g of EAA Powder + Arginine, 7g BCAAs, 4g Leucine, Electrolytes, Coconut Water, No Artificial Colours or Flavours | 30 Servings | Orange Rush",https://m.media-amazon.com/images/I/81UjS4Xbx8L.jpg,40,o_phase1_v1,live,live_mode_missing_cost,29.99,27.263636,10,missing_expected_cost,1,missing_all_cost_inputs,,,,,inactive_sale_status,inactive_sale_status,
2026-05-19T12:38:56Z,UN-2721-RX94,B08ZJL6FGL,77-82261,TD Synnex,wait,"SUPPLIER_COST_USER_CONFIRMATION_REQUIRED,LOW_CONFIDENCE_MARKET_CONTEXT,WEAK_DEMAND_SIGNAL",0,0,0,,,,missing_cost,79.99,PRODUCT_DB_LIVE_LISTING_PRICE,,,"OtterBox Defender Case for iPad Pro 11"" (1st gen/2nd gen/3rd gen/4th gen), Shockproof, Ultra-Rugged Protective Case with built in Screen Protector, 2x Tested to Military Standard, Black",https://m.media-amazon.com/images/I/81E0b8PN0rL.jpg,50,o_phase1_v1,live,live_mode_missing_cost,79.99,72.718182,10,missing_expected_cost,1,missing_all_cost_inputs,,,,,weak_demand,weak_demand,
2026-05-19T12:38:56Z,YC-3L3M-BV48,B0CTD6Q6KY,MCF15193,Heo,wait,"SUPPLIER_COST_USER_CONFIRMATION_REQUIRED,LOW_CONFIDENCE_MARKET_CONTEXT,WEAK_DEMAND_SIGNAL",0,0,0,,,,missing_cost,71.46,PRODUCT_DB_LIVE_LISTING_PRICE,,,"McFarlane DC Multiverse 7"" Scale Vehicles - Tumbler with Lucius Fox (The Dark Knight) Gold Label, Includes Action Figure and Accessories",https://m.media-amazon.com/images/I/61H3lSc0PVL.jpg,50,o_phase1_v1,live,live_mode_missing_cost,71.46,64.963636,10,missing_expected_cost,1,missing_all_cost_inputs,,,,,weak_demand,weak_demand,
2026-05-19T12:38:56Z,MW-RSG9-3S2C,B07DRLVHM2,,,wait,"SUPPLIER_COST_USER_CONFIRMATION_REQUIRED,LOW_CONFIDENCE_MARKET_CONTEXT,SALE_STATUS_NOT_ACTIVE",0,0,0,,,,missing_cost,12.21,PRODUCT_DB_LIVE_LISTING_PRICE,,,Tracer Deep Hole Construction Pencil with 6 x Replacement Lead Pack and accompanying Site Holsters all-in-one Marking Kit. Carpenter Pencil Set,https://m.media-amazon.com/images/I/61WCa3RcjIL.jpg,40,o_phase1_v1,live,live_mode_missing_cost,12.21,11.1,10,missing_expected_cost,1,missing_all_cost_inputs,,,,,inactive_sale_status,inactive_sale_status,
2026-05-19T12:38:56Z,7M-48OU-23X3,B004GFPFBO,985 2291,ABGee,wait,"SUPPLIER_COST_USER_CONFIRMATION_REQUIRED,LOW_CONFIDENCE_MARKET_CONTEXT,WEAK_DEMAND_SIGNAL",0,0,0,,,,missing_cost,24.44,PRODUCT_DB_LIVE_LISTING_PRICE,,,Funko POP! Movies : Freddy Krueger - Nightmare on Elm Street - Collectable Vinyl Figure - Gift Idea - Official Merchandise - Toys for Kids & Adults - Movies Fans - Model Figure for Collectors,https://m.media-amazon.com/images/I/71R1ToiJaoS.jpg,50,o_phase1_v1,live,live_mode_missing_cost,24.44,22.218182,10,missing_expected_cost,1,missing_all_cost_inputs,,,,,weak_demand,weak_demand,
2026-05-19T12:38:56Z,88-PT9Z-DP6C,B081SWQNFS,SCS24049,Shure Cosmetics,wait,"SUPPLIER_COST_USER_CONFIRMATION_REQUIRED,LOW_CONFIDENCE_MARKET_CONTEXT,SALE_STATUS_NOT_ACTIVE",0,0,0,,,,missing_cost,4.15,PRODUCT_DB_LIVE_LISTING_PRICE,,,"Max Factor Miracle Second Skin Hydrating Foundation, Tan - 30 ml",https://m.media-amazon.com/images/I/41QDRa1pY-L.jpg,40,o_phase1_v1,live,live_mode_missing_cost,4.15,3.772727,10,missing_expected_cost,1,missing_all_cost_inputs,,,,,inactive_sale_status,inactive_sale_status,
2026-05-19T12:38:56Z,MY-XMO2-EXY1,B0042SNS7S,F-91WC-4AEF,Rashmian,wait,"SUPPLIER_COST_USER_CONFIRMATION_REQUIRED,LOW_CONFIDENCE_MARKET_CONTEXT,WEAK_DEMAND_SIGNAL",0,0,0,,,,missing_cost,21.06,PRODUCT_DB_LIVE_LISTING_PRICE,,,Casio F-91WC-4AEF Mens Collection Watch,https://m.media-amazon.com/images/I/613Hq0nRt-L.jpg,50,o_phase1_v1,live,live_mode_missing_cost,21.06,19.145455,10,missing_expected_cost,1,missing_all_cost_inputs,,,,,weak_demand,weak_demand,
2026-05-19T12:38:56Z,UR-W905-8D8D,B00B2KJ59Y,5060494310363,Stax,wait,"SUPPLIER_COST_USER_CONFIRMATION_REQUIRED,LOW_CONFIDENCE_MARKET_CONTEXT,SALE_STATUS_NOT_ACTIVE",0,0,0,,,,missing_cost,9.7,PRODUCT_DB_LIVE_LISTING_PRICE,,,FITO DRIPFEEDER CITRUS 32ML PK5,https://m.media-amazon.com/images/I/81hGiavk+8S.jpg,40,o_phase1_v1,live,live_mode_missing_cost,9.7,8.818182,10,missing_expected_cost,1,missing_all_cost_inputs,,,,,inactive_sale_status,inactive_sale_status,
2026-05-19T12:38:56Z,5Z-6Z0P-9TQQ,B08MW8XMNQ,PIK077,DHB,wait,"LOW_CONFIDENCE_MARKET_CONTEXT,SALE_STATUS_NOT_ACTIVE",0,0,0,,,0.79,supplier_buy_cost_truth,3.49,PRODUCT_DB_LIVE_LISTING_PRICE,341.772152,2.7,Piksters Eco Charcoal 30 Floss Picks - Pack of 1,https://m.media-amazon.com/images/I/81rYMMDuXqL.jpg,40,o_phase1_v1,live,live_cost_inputs,3.49,3.172727,10,within_target_roi_max,0,price_list_only_no_purchase_reference,0.79,0.79,0.79,,inactive_sale_status,inactive_sale_status,
2026-05-19T12:38:56Z,91-PZCP-NNGD,B0198KU5PW,985 5305,ABGee,wait,"SUPPLIER_COST_USER_CONFIRMATION_REQUIRED,LOW_CONFIDENCE_MARKET_CONTEXT,SALE_STATUS_NOT_ACTIVE",0,0,0,,,,missing_cost,15.66,PRODUCT_DB_LIVE_LISTING_PRICE,,,Funko POP! Animation: One Piece - Monkey D. Luffy - Collectable Vinyl Figure - Gift Idea - Official Merchandise - Toys for Kids & Adults - Anime Fans - Model Figure for Collectors and Display,https://m.media-amazon.com/images/I/81aQmjff2kL.jpg,40,o_phase1_v1,live,live_mode_missing_cost,15.66,14.236364,10,missing_expected_cost,1,missing_all_cost_inputs,,,,,inactive_sale_status,inactive_sale_status,
2026-05-19T12:38:56Z,8D-Y151-NFFF,B0031DCJWU,PE4,CLF,wait,"SUPPLIER_COST_USER_CONFIRMATION_REQUIRED,LOW_CONFIDENCE_MARKET_CONTEXT,WEAK_DEMAND_SIGNAL",0,0,0,,,,missing_cost,12.59,PRODUCT_DB_LIVE_LISTING_PRICE,,,"Puressentiel Rest & Relax, Stress Roll-On - 5 ml - Helps Promote Healthy Sleep, Stress Relief & Anxiety Relief Routines - Soothing, Relaxing & Naturally Calming Essential Oils - Aromatherapy",https://m.media-amazon.com/images/I/71M5o2KGY3L.jpg,50,o_phase1_v1,live,live_mode_missing_cost,12.59,11.445455,10,missing_expected_cost,1,missing_all_cost_inputs,,,,,weak_demand,weak_demand,
2026-05-19T12:38:56Z,BB-ZT14-1QQA,B086MBW9R9,BF4232,Bliss Distribution,wait,"SUPPLIER_COST_USER_CONFIRMATION_REQUIRED,LOW_CONFIDENCE_MARKET_CONTEXT,WEAK_DEMAND_SIGNAL",0,0,0,,,,missing_cost,8.5,PRODUCT_DB_LIVE_LISTING_PRICE,,,"The Army Painter Lowland Shrubs, 77 Self Adhesive Static Grass Tufts in 3 Sizes, for Model Bases, Terrain Scenics, Miniature Bases and Diorama Base, Green Grass Tufts for Gaming Bases",https://m.media-amazon.com/images/I/61KaZlO4c9L.jpg,50,o_phase1_v1,live,live_mode_missing_cost,8.5,7.727273,10,missing_expected_cost,1,missing_all_cost_inputs,,,,,weak_demand,weak_demand,
2026-05-19T12:38:56Z,WJ-YHKC-EES5,B07CN7NRF7,HPE560165,Heo,wait,"SUPPLIER_COST_USER_CONFIRMATION_REQUIRED,BLOCKED_MISSING_COST_INPUT",0,0,0,49.777711,49.777711,,missing_cost,9,BUY_BOX_PRICE,,,Harry Potter - Tattoos (Temporary) - Set of 35 Styles - Official - Cinereplicas,https://m.media-amazon.com/images/I/61BKecxuKLL.jpg,35,o_phase1_v1,live,live_mode_missing_cost,9,8.181818,10,missing_expected_cost,1,missing_all_cost_inputs,,,,,missing_forward_roi_inputs,missing_forward_roi_inputs,
2026-05-19T12:38:56Z,K2-VE7K-V9TU,B08FR6S7CD,,Culpitt,wait,"SUPPLIER_COST_USER_CONFIRMATION_REQUIRED,LOW_CONFIDENCE_MARKET_CONTEXT,SALE_STATUS_NOT_ACTIVE",0,0,0,,,,missing_cost,4.79,PRODUCT_DB_LIVE_LISTING_PRICE,,,"Sugarflair Rose Gold Chocolate Paint - Coloured Cocoa Butter for Painting Directly Onto Chocolate, Transfer Sheets or Moulds - 35g",https://m.media-amazon.com/images/I/4135wx0lvIL.jpg,40,o_phase1_v1,live,live_mode_missing_cost,4.79,4.354545,10,missing_expected_cost,1,missing_all_cost_inputs,,,,,inactive_sale_status,inactive_sale_status,
2026-05-19T12:38:56Z,CA-JM6T-ZXP6,B0CMY2G83J,888 SQAL0033,ABGee,wait,"SUPPLIER_COST_USER_CONFIRMATION_REQUIRED,LOW_CONFIDENCE_MARKET_CONTEXT,SALE_STATUS_NOT_ACTIVE",0,0,0,,,,missing_cost,28.99,PRODUCT_DB_LIVE_LISTING_PRICE,,,"Squish-a-longs by Original Squishmallows 25 Pack - Series 1 - (25) 1” Mini-Squish with 5 Accessories, Ring, and Collector’s Guide - Collect, Trade, & Play",https://m.media-amazon.com/images/I/71abEbObyEL.jpg,40,o_phase1_v1,live,live_mode_missing_cost,28.99,26.354545,10,missing_expected_cost,1,missing_all_cost_inputs,,,,,inactive_sale_status,inactive_sale_status,
2026-05-19T12:38:56Z,3E-62Y1-WPYU,B0DN6KL887,505534,Jones Wholesale,wait,"SUPPLIER_COST_USER_CONFIRMATION_REQUIRED,LOW_CONFIDENCE_MARKET_CONTEXT,WEAK_DEMAND_SIGNAL",0,0,0,,,,missing_cost,7.21,PRODUCT_DB_LIVE_LISTING_PRICE,,,ECO CHIC Lightweight Foldable Reusable Shopping Bag Water Resistant Tote Bag (Cosy Camping Blue),https://m.media-amazon.com/images/I/61238UQYV9L.jpg,50,o_phase1_v1,live,live_mode_missing_cost,7.21,6.554545,10,missing_expected_cost,1,missing_all_cost_inputs,,,,,weak_demand,weak_demand,
2026-05-19T12:38:56Z,X7-MY4W-H2I4,B00S9IXBVU,319378,Stax,wait,"SUPPLIER_COST_USER_CONFIRMATION_REQUIRED,BLOCKED_MISSING_COST_INPUT",0,0,0,25,25,,missing_cost,7.09,BUY_BOX_PRICE,,,ProDec Combination Shavehook for Removing Paint and Varnish from Flat and Irregular Surfaces,https://m.media-amazon.com/images/I/61Id210w6CL.jpg,35,o_phase1_v1,live,live_mode_missing_cost,7.09,6.445455,10,missing_expected_cost,1,missing_all_cost_inputs,,,,,missing_forward_roi_inputs,missing_forward_roi_inputs,
2026-05-19T12:38:56Z,NO-N6RP-Y30Q,B07NJCFPKF,AT-11036,Bliss Distribution,wait,"SUPPLIER_COST_USER_CONFIRMATION_REQUIRED,LOW_CONFIDENCE_MARKET_CONTEXT,SALE_STATUS_NOT_ACTIVE",0,0,0,,,,missing_cost,11.08,PRODUCT_DB_LIVE_LISTING_PRICE,,,"Dragon Shield | Standard Size Card Matte Sleeves | 100 CT - Smooth & Tough Premium TCG Sleeves | Compatible with Pokemon, Flesh & Blood, One Piece & Magic The Gathering | Emerald",https://m.media-amazon.com/images/I/61Dx1PE7yrL.jpg,40,o_phase1_v1,live,live_mode_missing_cost,11.08,10.072727,10,missing_expected_cost,1,missing_all_cost_inputs,,,,,inactive_sale_status,inactive_sale_status,
2026-05-19T12:38:56Z,OW-ONY2-KNM7,B09MTXZY2Y,62104,Jones Wholesale,wait,"SUPPLIER_COST_USER_CONFIRMATION_REQUIRED,LOW_CONFIDENCE_MARKET_CONTEXT,WEAK_DEMAND_SIGNAL",0,0,0,,,,missing_cost,5.5,PRODUCT_DB_LIVE_LISTING_PRICE,,,"Blistex Relief Cream Soothing Protective Lip Cream, 5g",https://m.media-amazon.com/images/I/71BEhii7pFL.jpg,50,o_phase1_v1,live,live_mode_missing_cost,5.5,5,10,missing_expected_cost,1,missing_all_cost_inputs,,,,,weak_demand,weak_demand,
2026-05-19T12:38:56Z,8U-QPFH-3EKQ,B07T9WVBZ2,CUR204,DHB,wait,WEAK_DEMAND_SIGNAL,0,0,0,,,2.74,supplier_buy_cost_truth,5.36,BUY_BOX_PRICE,95.620438,2.62,Curaprox PerioPlus+ Focus Gel – Targeted Gum Care | Supports Healing with CHX and Hyaluronic Acid | 10 ml Tube | Designed in Switzerland,https://m.media-amazon.com/images/I/611F7W7ixgL.jpg,50,o_phase1_v1,live,live_cost_inputs,5.36,4.872727,10,within_target_roi_max,0,price_list_only_no_purchase_reference,2.74,2.74,2.74,,weak_demand,weak_demand,
2026-05-19T12:38:56Z,4U-9ZL6-9G0Y,B07C8QSSR2,PIK054,DHB,wait,"SUPPLIER_COST_USER_CONFIRMATION_REQUIRED,LOW_CONFIDENCE_MARKET_CONTEXT,WEAK_DEMAND_SIGNAL",0,0,0,,,,missing_cost,7,PRODUCT_DB_LIVE_LISTING_PRICE,,,"Piksters Wax for Orthodontics and Braces, 2 Count (Pack of 1)",https://m.media-amazon.com/images/I/61Q0S-FBK+L.jpg,50,o_phase1_v1,live,live_mode_missing_cost,7,6.363636,10,missing_expected_cost,1,missing_all_cost_inputs,,,,,weak_demand,weak_demand,
2026-05-19T12:38:56Z,D2-8SPY-Q095,B0052VXJGO,312457,Stax,wait,"SUPPLIER_COST_USER_CONFIRMATION_REQUIRED,LOW_CONFIDENCE_MARKET_CONTEXT,WEAK_DEMAND_SIGNAL",0,0,0,,,,missing_cost,9.99,PRODUCT_DB_LIVE_LISTING_PRICE,,,"Fackelmann OPAL Skimmer, Straining Spoon, Frying Strainer, Fine Mesh, Medium Spider Ladle Stainless Steel, 37.5x12x5.5cm, Silver",https://m.media-amazon.com/images/I/51519TUOuxL.jpg,50,o_phase1_v1,live,live_mode_missing_cost,9.99,9.081818,10,missing_expected_cost,1,missing_all_cost_inputs,,,,,weak_demand,weak_demand,
2026-05-19T12:38:56Z,A1-KSU1-GZMS,B07BC1CMDK,P240,DK Tools,wait,"SUPPLIER_COST_USER_CONFIRMATION_REQUIRED,WEAK_DEMAND_SIGNAL",0,0,0,,,,missing_cost,3.7,BUY_BOX_PRICE,,,"Amtech V4075 P240 Hook and Loop Orbital Sanding Sheets, 10 Piece Set, 115mm Diameter Sanding Paper",https://m.media-amazon.com/images/I/A1dQ64V7FjL.jpg,50,o_phase1_v1,live,live_mode_missing_cost,3.7,3.363636,10,missing_expected_cost,1,missing_all_cost_inputs,,,,,weak_demand,weak_demand,
2026-05-19T12:38:56Z,5H-EJ59-AZPA,B004ZMXOMA,TEP418SP,DHB,wait,"SUPPLIER_COST_USER_CONFIRMATION_REQUIRED,LOW_CONFIDENCE_MARKET_CONTEXT,SALE_STATUS_NOT_ACTIVE",0,0,0,,,,missing_cost,5.02,PRODUCT_DB_LIVE_LISTING_PRICE,,,"TEPE ANGLE YELLOW BLISTER, 6 pc",https://m.media-amazon.com/images/I/711CNYWG0qL.jpg,40,o_phase1_v1,live,live_mode_missing_cost,5.02,4.563636,10,missing_expected_cost,1,missing_all_cost_inputs,,,,,inactive_sale_status,inactive_sale_status,
2026-05-19T12:38:56Z,XN-OF53-7WRU,B0084CNKAI,MT411134,Murrays Health and Beauty,wait,"SUPPLIER_COST_USER_CONFIRMATION_REQUIRED,LOW_CONFIDENCE_MARKET_CONTEXT,SALE_STATUS_NOT_ACTIVE",0,0,0,,,,missing_cost,9.99,PRODUCT_DB_LIVE_LISTING_PRICE,,,Marvis Amarelli Licorice Toothpaste - 25 ml,https://m.media-amazon.com/images/I/71Zhnq9NlKL.jpg,40,o_phase1_v1,live,live_mode_missing_cost,9.99,9.081818,10,missing_expected_cost,1,missing_all_cost_inputs,,,,,inactive_sale_status,inactive_sale_status,
2026-05-19T12:38:56Z,8R-E0Y9-0LAU,B0BBHBX72C,77-89955,TD Synnex,wait,"SUPPLIER_COST_USER_CONFIRMATION_REQUIRED,WEAK_DEMAND_SIGNAL",0,0,0,,,,missing_cost,56.83,BUY_BOX_PRICE,,,"OtterBox Defender Case for iPad 10th gen 2022, iPad 11th gen 2025 (A16), Shockproof, Rugged Protective Case with built in Screen Protector, 2x Tested to Military Standard, Black, No Retail Packaging",https://m.media-amazon.com/images/I/61lsa4VKdyL.jpg,50,o_phase1_v1,live,live_mode_missing_cost,56.83,51.663636,10,missing_expected_cost,1,missing_all_cost_inputs,,,,,weak_demand,weak_demand,
2026-05-19T12:38:56Z,3X-EXDD-TD2K,B0D6W9DZX4,77-95790,TD Synnex,wait,"LOW_CONFIDENCE_MARKET_CONTEXT,LOW_CONFIDENCE_DOWNGRADE_TO_TEST,SUFFICIENT_EFFECTIVE_SUPPLY",0,0,0,13,13,24.51,supplier_buy_cost_truth,36.18,PRODUCT_DB_LIVE_LISTING_PRICE,47.613219,11.67,"OtterBox Symmetry Folio Case for iPad 10th gen 2022, iPad 11th gen 2025 (A16), Shockproof, Drop proof, Slim Protective Folio Case, Tested to Military Standard, Black",https://m.media-amazon.com/images/I/81WznDxFpML.jpg,75,o_phase1_v1,live,live_cost_inputs,36.18,32.890909,10,within_target_roi_max,0,price_list_only_no_purchase_reference,24.51,24.51,24.51,,supply_already_sufficient,supply_already_sufficient,
2026-05-19T12:38:56Z,XJ-2FN3-M9FH,B099FBD93Y,CUR164,DHB,wait,"LOW_CONFIDENCE_MARKET_CONTEXT,SALE_STATUS_NOT_ACTIVE",0,0,0,,,7.07,supplier_buy_cost_truth,15.63,PRODUCT_DB_LIVE_LISTING_PRICE,121.074965,8.56,"Curaprox Whitening Toothpaste – for Fresh Breath & Gum Care | Enzymatic Formula, Watermelon Flavour, 60ml | Vegan, SLS-Free, Fluoride 950ppm | Made in Switzerland",https://m.media-amazon.com/images/I/31A6BVxjUgL.jpg,40,o_phase1_v1,live,live_cost_inputs,15.63,14.209091,10,within_target_roi_max,0,price_list_only_no_purchase_reference,7.07,7.07,7.07,,inactive_sale_status,inactive_sale_status,
2026-05-19T12:38:56Z,WX-L5UA-UB1Q,B007R2ICTK,87298406,Stax,wait,"SUPPLIER_COST_USER_CONFIRMATION_REQUIRED,LOW_CONFIDENCE_MARKET_CONTEXT,BLOCKED_MISSING_COST_INPUT",0,0,0,0,0,,missing_cost,5.99,PRODUCT_DB_LIVE_LISTING_PRICE,,,"HG Stain Away 7, Removes Rust Stains from Clothing & Textiles, Concentrated Rusty Mark Remover for Surfaces & Tiles, Fabric & Natural Stone Safe – 50m (426005106)",https://m.media-amazon.com/images/I/51lYh+BlHDL.jpg,35,o_phase1_v1,live,live_mode_missing_cost,5.99,5.445455,10,missing_expected_cost,1,missing_all_cost_inputs,,,,,missing_forward_roi_inputs,missing_forward_roi_inputs,
2026-05-19T12:38:56Z,UL-D0Y8-ZNI5,B08DR97BX2,,,wait,"SUPPLIER_COST_USER_CONFIRMATION_REQUIRED,LOW_CONFIDENCE_MARKET_CONTEXT,SALE_STATUS_NOT_ACTIVE",0,0,0,,,,missing_cost,39.99,PRODUCT_DB_LIVE_LISTING_PRICE,,,"Cliganic Organic Argan Oil, 100% Pure (473ml) | Moroccan Argan Oil for Hair, Face & Skin | Natural Cold Pressed Carrier Oil - Certified Organic | Cliganic 90 Days Warranty",https://m.media-amazon.com/images/I/816UYvUb+aL.jpg,40,o_phase1_v1,live,live_mode_missing_cost,39.99,36.354545,10,missing_expected_cost,1,missing_all_cost_inputs,,,,,inactive_sale_status,inactive_sale_status,
2026-05-19T12:38:56Z,49-4UKW-G81R,B00WI8O0RG,E-84515,Bliss Distribution,wait,"SUPPLIER_COST_USER_CONFIRMATION_REQUIRED,LOW_CONFIDENCE_MARKET_CONTEXT,WEAK_DEMAND_SIGNAL",0,0,0,,,,missing_cost,8.99,PRODUCT_DB_LIVE_LISTING_PRICE,,,100 Ultra Pro Card Protector Sleeves: Pro-Matte - 66 x 91 mm,https://m.media-amazon.com/images/I/41xo7bwm0xL.jpg,50,o_phase1_v1,live,live_mode_missing_cost,8.99,8.172727,10,missing_expected_cost,1,missing_all_cost_inputs,,,,,weak_demand,weak_demand,
2026-05-19T12:38:56Z,YO-EKK2-FRCC,B00BWU7MNU,SPLT28,CLF,full_restock,,60,60,30,0,0,2.38,supplier_buy_cost_truth,5.75,BUY_BOX_PRICE,141.596639,3.37,"SPLAT Biocalcium Toothpaste, 100 ml",https://m.media-amazon.com/images/I/61+bC9eXnhL.jpg,100,o_phase1_v1,live,live_cost_inputs,5.75,5.227273,10,within_target_roi_max,0,price_list_only_no_purchase_reference,2.38,2.38,2.38,,,,
2026-05-19T12:38:56Z,L5-PF3B-WHU4,B09LDDFK4R,MIX025,Tropicana Wholesale,wait,"SUPPLIER_COST_USER_CONFIRMATION_REQUIRED,BLOCKED_MISSING_COST_INPUT",0,0,0,17.5,17.5,,missing_cost,36.57,BUY_BOX_PRICE,,,"Promixx Pro Shaker Bottle - Refillable, Powerful for Smooth Protein Shakes - Includes Extra Storage - BPA Free, Tumbler 600ml (Silver White/Grey)",https://m.media-amazon.com/images/I/71oVZ-t0i+L.jpg,35,o_phase1_v1,live,live_mode_missing_cost,36.57,33.245455,10,missing_expected_cost,1,missing_all_cost_inputs,,,,,missing_forward_roi_inputs,missing_forward_roi_inputs,
2026-05-19T12:38:56Z,DC-K5WH-R7F5,B0073FT7FY,TEP068SP,DHB,full_restock,,185,185,30,0.48,0.48,0.64,supplier_buy_cost_truth,2.99,BUY_BOX_PRICE,367.1875,2.35,TEPE INTERDENTAL Travel CASE,https://m.media-amazon.com/images/I/41xVodpUBKL.jpg,100,o_phase1_v1,live,live_cost_inputs,2.99,2.718182,10,within_target_roi_max,0,price_list_only_no_purchase_reference,0.64,0.64,0.64,,,,
2026-05-19T12:38:56Z,BD-TLOK-BCEE,B0D3JCG3YJ,77-95261,TD Synnex,wait,"LOW_CONFIDENCE_MARKET_CONTEXT,WEAK_DEMAND_SIGNAL",0,0,0,,,24.51,supplier_buy_cost_truth,38.79,PRODUCT_DB_LIVE_LISTING_PRICE,58.261934,14.28,"OtterBox Symmetry Folio Case for iPad Pro 13"" (M5 2025 /M4 2024), Shockproof, Drop proof, Slim Protective Folio Case, Tested to Military Standard, Black",https://m.media-amazon.com/images/I/51QIsTQn6TL.jpg,50,o_phase1_v1,live,live_cost_inputs,38.79,35.263636,10,within_target_roi_max,0,price_list_only_no_purchase_reference,24.51,24.51,24.51,,weak_demand,weak_demand,
2026-05-19T12:38:56Z,N7-A24N-WJA7,B09NM9TVYX,,,wait,"SUPPLIER_COST_USER_CONFIRMATION_REQUIRED,LOW_CONFIDENCE_MARKET_CONTEXT,SALE_STATUS_NOT_ACTIVE",0,0,0,,,,missing_cost,9.18,PRODUCT_DB_LIVE_LISTING_PRICE,,,"Disney 6315875812X12 25cm DAR Spiderverse Miles Morales Action Figure 25 cm Soft Toy with Glow in The Dark Eyes, One Size",https://m.media-amazon.com/images/I/61LWiRZy7aL.jpg,40,o_phase1_v1,live,live_mode_missing_cost,9.18,8.345455,10,missing_expected_cost,1,missing_all_cost_inputs,,,,,inactive_sale_status,inactive_sale_status,
2026-05-19T12:38:56Z,2X-8XI7-C9T5,B07L6H9GZ2,SKI006,Tropicana Wholesale,wait,"SUPPLIER_COST_USER_CONFIRMATION_REQUIRED,BLOCKED_MISSING_COST_INPUT",0,0,0,0,0,,missing_cost,9.99,BUY_BOX_PRICE,,,White Chocolate Skinny Syrup,https://m.media-amazon.com/images/I/61J-nAYIP2L.jpg,35,o_phase1_v1,live,live_mode_missing_cost,9.99,9.081818,10,missing_expected_cost,1,missing_all_cost_inputs,,,,,missing_forward_roi_inputs,missing_forward_roi_inputs,
2026-05-19T12:38:56Z,QW-9XV0-Q3EH,B00J5H1E9K,UGD010109,Bliss Distribution,wait,"SUPPLIER_COST_USER_CONFIRMATION_REQUIRED,LOW_CONFIDENCE_MARKET_CONTEXT,WEAK_DEMAND_SIGNAL",0,0,0,,,,missing_cost,13.81,PRODUCT_DB_LIVE_LISTING_PRICE,,,"Ultimate Guard - Katana Sleeves - Red (100) [Standard Size, 66 x 91mm]",https://m.media-amazon.com/images/I/811-A-FPc0L.jpg,50,o_phase1_v1,live,live_mode_missing_cost,13.81,12.554545,10,missing_expected_cost,1,missing_all_cost_inputs,,,,,weak_demand,weak_demand,
2026-05-19T12:38:56Z,IZ-8NZ9-VXR2,B08XLT86GL,515 706404,ABGee,wait,"SUPPLIER_COST_USER_CONFIRMATION_REQUIRED,LOW_CONFIDENCE_MARKET_CONTEXT,WEAK_DEMAND_SIGNAL",0,0,0,,,,missing_cost,11.12,PRODUCT_DB_LIVE_LISTING_PRICE,,,"Baby Annabell Lunch Time Trickbottle, Pink",https://m.media-amazon.com/images/I/61ZQ8yDskfL.jpg,50,o_phase1_v1,live,live_mode_missing_cost,11.12,10.109091,10,missing_expected_cost,1,missing_all_cost_inputs,,,,,weak_demand,weak_demand,
2026-05-19T12:38:56Z,I5-DDJZ-N4EF,B07QLML4ZG,N2380,DK Tools,wait,"SUPPLIER_COST_USER_CONFIRMATION_REQUIRED,LOW_CONFIDENCE_MARKET_CONTEXT,SALE_STATUS_NOT_ACTIVE",0,0,0,,,,missing_cost,2.99,PRODUCT_DB_LIVE_LISTING_PRICE,,,"Amtech N2380 XL (Size 10), Certified Quality Rubber Coated Hi Vis Work Gloves, Black/Yellow",https://m.media-amazon.com/images/I/91vnFpU5djL.jpg,40,o_phase1_v1,live,live_mode_missing_cost,2.99,2.718182,10,missing_expected_cost,1,missing_all_cost_inputs,,,,,inactive_sale_status,inactive_sale_status,
2026-05-19T12:38:56Z,ZB-PV7O-TKUD,B0BBH9MHBH,77-89965,TD Synnex,wait,"SUPPLIER_COST_USER_CONFIRMATION_REQUIRED,LOW_CONFIDENCE_MARKET_CONTEXT,SALE_STATUS_NOT_ACTIVE",0,0,0,,,,missing_cost,49.97,PRODUCT_DB_LIVE_LISTING_PRICE,,,"OtterBox Symmetry Folio Case for iPad 10th gen 2022, iPad 11th gen 2025 (A16), Shockproof, Drop proof, Slim Protective Folio Case, Tested to Military Standard, Blue",https://m.media-amazon.com/images/I/71x4S9Qi5JL.jpg,40,o_phase1_v1,live,live_mode_missing_cost,49.97,45.427273,10,missing_expected_cost,1,missing_all_cost_inputs,,,,,inactive_sale_status,inactive_sale_status,
2026-05-19T12:38:56Z,4F-I024-EY2R,B012AO02EM,FSP3,CLF,wait,"LOW_CONFIDENCE_MARKET_CONTEXT,SALE_STATUS_NOT_ACTIVE",0,0,0,,,1.85,supplier_buy_cost_truth,4.32,PRODUCT_DB_LIVE_LISTING_PRICE,133.513514,2.47,"Friendly Soap - Sweet & Uplifting Lemongrass Soap (95g), Plant-Based, Cruelty-Free, Made By Hand, No Preservatives or Sulphates, Sustainable",https://m.media-amazon.com/images/I/518occCMdhL.jpg,40,o_phase1_v1,live,live_cost_inputs,4.32,3.927273,10,within_target_roi_max,0,price_list_only_no_purchase_reference,1.85,1.85,1.85,,inactive_sale_status,inactive_sale_status,
2026-05-19T12:38:56Z,VU-8KRA-QP5M,B0BNLWBLMV,AT-11055,Bliss Distribution,wait,"SUPPLIER_COST_USER_CONFIRMATION_REQUIRED,WEAK_DEMAND_SIGNAL",0,0,0,,,,missing_cost,12.95,BUY_BOX_PRICE,,,"Dragon Shield | Standard Size Card Matte Sleeves | 100 CT - Smooth & Tough Premium TCG Sleeves | Compatible with Pokemon, Flesh & Blood, One Piece & Magic The Gathering | Turquoise - Players' Choice",https://m.media-amazon.com/images/I/61e4+QIve2L.jpg,50,o_phase1_v1,live,live_mode_missing_cost,12.95,11.772727,10,missing_expected_cost,1,missing_all_cost_inputs,,,,,weak_demand,weak_demand,
2026-05-19T12:38:56Z,5M-QO6K-LNH0,B00ANP09LM,312496,Stax,wait,"SUPPLIER_COST_USER_CONFIRMATION_REQUIRED,LOW_CONFIDENCE_MARKET_CONTEXT,SALE_STATUS_NOT_ACTIVE",0,0,0,,,,missing_cost,8.86,PRODUCT_DB_LIVE_LISTING_PRICE,,,"Easycook NS613R Easy Cook Polly Carbonate Non-Staining Microwave Sauce Pan and Lid, Red",https://m.media-amazon.com/images/I/61PEfYuQXvL.jpg,40,o_phase1_v1,live,live_mode_missing_cost,8.86,8.054545,10,missing_expected_cost,1,missing_all_cost_inputs,,,,,inactive_sale_status,inactive_sale_status,
2026-05-19T12:38:56Z,TA-7DAZ-18PU,B0CNT2Z32S,HPBT010D,Rashmian,wait,"SUPPLIER_COST_USER_CONFIRMATION_REQUIRED,LOW_CONFIDENCE_MARKET_CONTEXT,SALE_STATUS_NOT_ACTIVE",0,0,0,,,,missing_cost,28.99,PRODUCT_DB_LIVE_LISTING_PRICE,,,"LEXIBOOK - Disney Stitch - 2-in-1 Bluetooth & Wired Headphones with microphone and control button, Foldable and Ajustable, Long lasting rechargeable battery, HPBT010D",https://m.media-amazon.com/images/I/61NkqCqkgqL.jpg,40,o_phase1_v1,live,live_mode_missing_cost,28.99,26.354545,10,missing_expected_cost,1,missing_all_cost_inputs,,,,,inactive_sale_status,inactive_sale_status,
2026-05-19T12:38:56Z,V1-ON8D-S6WQ,B06XY4DS8H,,,wait,"SUPPLIER_COST_USER_CONFIRMATION_REQUIRED,LOW_CONFIDENCE_MARKET_CONTEXT,SALE_STATUS_NOT_ACTIVE",0,0,0,,,,missing_cost,35.99,PRODUCT_DB_LIVE_LISTING_PRICE,,,"Yale B-YS3-3535NT Anti-Snap 3 Star Euro Thumbturn Cylinder, High Security, 35:35 (70mm), Nickel Finish",https://m.media-amazon.com/images/I/51a2dtS-s1L.jpg,40,o_phase1_v1,live,live_mode_missing_cost,35.99,32.718182,10,missing_expected_cost,1,missing_all_cost_inputs,,,,,inactive_sale_status,inactive_sale_status,
2026-05-19T12:38:56Z,TE-Y18U-S2O1,B08X1WM596,333 SI5038,ABGee,wait,"SUPPLIER_COST_USER_CONFIRMATION_REQUIRED,LOW_CONFIDENCE_MARKET_CONTEXT,WEAK_DEMAND_SIGNAL",0,0,0,,,,missing_cost,9.99,PRODUCT_DB_LIVE_LISTING_PRICE,,,"Super Impulse 361224 Worlds Smallest Monopoly Board Game in the World as Mini Version, from 8 Years",https://m.media-amazon.com/images/I/41eHznD4rEL.jpg,50,o_phase1_v1,live,live_mode_missing_cost,9.99,9.081818,10,missing_expected_cost,1,missing_all_cost_inputs,,,,,weak_demand,weak_demand,
2026-05-19T12:38:56Z,HO-LSOY-8R05,B0BVZZDW1W,77-92188,TD Synnex,wait,"LOW_CONFIDENCE_MARKET_CONTEXT,WEAK_DEMAND_SIGNAL",0,0,0,,,17.49,supplier_buy_cost_truth,32.05,PRODUCT_DB_LIVE_LISTING_PRICE,83.24757,14.56,"OtterBox React Folio Case for iPad 10th gen 2022, iPad 11th gen 2025 (A16), Shockproof, Drop proof, Ultra-Slim Protective Folio Case, Tested to Military Standard, Black",https://m.media-amazon.com/images/I/71LpMzO1IZL.jpg,50,o_phase1_v1,live,live_cost_inputs,32.05,29.136364,10,within_target_roi_max,0,price_list_only_no_purchase_reference,17.49,17.49,17.49,,weak_demand,weak_demand,
2026-05-19T12:38:56Z,ZU-PFDN-JSYV,B07MW9H6P4,112387,Stax,wait,"SUPPLIER_COST_USER_CONFIRMATION_REQUIRED,LOW_CONFIDENCE_MARKET_CONTEXT,SALE_STATUS_NOT_ACTIVE",0,0,0,,,,missing_cost,12.15,PRODUCT_DB_LIVE_LISTING_PRICE,,,GoodBoy BOY BIG DOG SUPER SOFT PLUSH SQUEAKY TOY 44 CM,https://m.media-amazon.com/images/I/81gYLgHs-zL.jpg,40,o_phase1_v1,live,live_mode_missing_cost,12.15,11.045455,10,missing_expected_cost,1,missing_all_cost_inputs,,,,,inactive_sale_status,inactive_sale_status,
2026-05-19T12:38:56Z,1W-8WI9-7AUU,B0BLQRDTLL,FK72333,Heo,wait,"SUPPLIER_COST_USER_CONFIRMATION_REQUIRED,LOW_CONFIDENCE_MARKET_CONTEXT,SALE_STATUS_NOT_ACTIVE",0,0,0,,,,missing_cost,9.49,PRODUCT_DB_LIVE_LISTING_PRICE,,,Funko Pop! Movies: Teenage Mutant Ninja Turtles - (Teenage Mutant Ninja Turtles (TMNT) ) - April O'Neil O Neil - Collectable Vinyl Figure - Gift Idea - Official Merchandise - Toys for Kids & Adults,https://m.media-amazon.com/images/I/81vb1jv63KL.jpg,40,o_phase1_v1,live,live_mode_missing_cost,9.49,8.627273,10,missing_expected_cost,1,missing_all_cost_inputs,,,,,inactive_sale_status,inactive_sale_status,
2026-05-19T12:38:56Z,TJ-6LOP-OPEU,B08P63MSS9,CYA21,CLF,wait,WEAK_DEMAND_SIGNAL,0,0,0,,,2.19,supplier_buy_cost_truth,6.49,BUY_BOX_PRICE,196.347032,4.3,The Cheeky Panda Bamboo Facial Make Up Remover Wipes | Sustainable Face Wipes Eye Makeup Remover | Rose Scented Pack of 25 Face Wipes | 99% Purified Water,https://m.media-amazon.com/images/I/61PcNhdtKxL.jpg,50,o_phase1_v1,live,live_cost_inputs,6.49,5.9,10,within_target_roi_max,0,price_list_only_no_purchase_reference,2.19,2.19,2.19,,weak_demand,weak_demand,
2026-05-19T12:38:56Z,3Z-45IC-N1H4,B07QPB3T1J,GL2013,Bliss Distribution,wait,"SUPPLIER_COST_USER_CONFIRMATION_REQUIRED,LOW_CONFIDENCE_MARKET_CONTEXT,SALE_STATUS_NOT_ACTIVE",0,0,0,,,,missing_cost,7.06,PRODUCT_DB_LIVE_LISTING_PRICE,,,The Army Painter | Basing Glue,https://m.media-amazon.com/images/I/51ZRCnGQFWL.jpg,40,o_phase1_v1,live,live_mode_missing_cost,7.06,6.418182,10,missing_expected_cost,1,missing_all_cost_inputs,,,,,inactive_sale_status,inactive_sale_status,
2026-05-19T12:38:56Z,MR-727N-ZG8K,B07T2PV79R,PIK200,DHB,wait,"LOW_CONFIDENCE_MARKET_CONTEXT,SALE_STATUS_NOT_ACTIVE",0,0,0,,,1.91,supplier_buy_cost_truth,4.82,PRODUCT_DB_LIVE_LISTING_PRICE,152.356021,2.91,Piksters Bamboo Interdental Brush - Size 00 Pink 0.60mm - 8 Brushes Per Pack,https://m.media-amazon.com/images/I/81CVZdjWE4L.jpg,40,o_phase1_v1,live,live_cost_inputs,4.82,4.381818,10,within_target_roi_max,0,price_list_only_no_purchase_reference,1.91,1.91,1.91,,inactive_sale_status,inactive_sale_status,
2026-05-19T12:38:56Z,9X-7TBD-NA16,B01N49MD2S,AT-13023,Bliss Distribution,wait,"SUPPLIER_COST_USER_CONFIRMATION_REQUIRED,LOW_CONFIDENCE_MARKET_CONTEXT,WEAK_DEMAND_SIGNAL",0,0,0,,,,missing_cost,6.94,PRODUCT_DB_LIVE_LISTING_PRICE,,,"Arcane Tinman ART13023 AT-13023 Dragon Shield-Perfect Fit Standard Sleeves 100pk-Smoke, Smoke, One Size",https://m.media-amazon.com/images/I/71SnsMiRXML.jpg,50,o_phase1_v1,live,live_mode_missing_cost,6.94,6.309091,10,missing_expected_cost,1,missing_all_cost_inputs,,,,,weak_demand,weak_demand,
2026-05-19T12:38:56Z,7H-7G2P-ONWJ,B081Q9CFGC,OCN6,CLF,wait,"LOW_CONFIDENCE_MARKET_CONTEXT,WEAK_DEMAND_SIGNAL",0,0,0,,,0.88,supplier_buy_cost_truth,3.65,PRODUCT_DB_LIVE_LISTING_PRICE,314.772727,2.77,OceanSaver Anti-Bac Cleaning EcoDrop | Anti-Bacterial Multipurpose Cleaning Spray | Ocean Mist | Eco Friendly Cleaning (1 Pack),https://m.media-amazon.com/images/I/41stG1i9RYL.jpg,50,o_phase1_v1,live,live_cost_inputs,3.65,3.318182,10,within_target_roi_max,0,price_list_only_no_purchase_reference,0.88,0.88,0.88,,weak_demand,weak_demand,
2026-05-19T12:38:56Z,Y5-REMJ-CY7A,B0BLTGP2JX,7890808,TD Synnex,wait,"SUPPLIER_COST_USER_CONFIRMATION_REQUIRED,LOW_CONFIDENCE_MARKET_CONTEXT,SALE_STATUS_NOT_ACTIVE",0,0,0,,,,missing_cost,85.95,PRODUCT_DB_LIVE_LISTING_PRICE,,,"Crucial DDR5 RAM 32GB Kit (2x16GB) 5600MHz, Desktop Computer Memory, (or 5200MHz, 4800MHz) CL46 - CT2K16G56C46U5",https://m.media-amazon.com/images/I/61eLcrtn80L.jpg,40,o_phase1_v1,live,live_mode_missing_cost,85.95,78.136364,10,missing_expected_cost,1,missing_all_cost_inputs,,,,,inactive_sale_status,inactive_sale_status,
2026-05-19T12:38:56Z,EV-CHU5-XU3G,B07QQDMJ6M,GL2014,Bliss Distribution,wait,"SUPPLIER_COST_USER_CONFIRMATION_REQUIRED,BLOCKED_MISSING_COST_INPUT",0,0,0,274.909366,274.909366,,missing_cost,7.31,BUY_BOX_PRICE,,,The Army Painter | Hobby: Super Glue,https://m.media-amazon.com/images/I/41q1bQa3UxL.jpg,35,o_phase1_v1,live,live_mode_missing_cost,7.31,6.645455,10,missing_expected_cost,1,missing_all_cost_inputs,,,,,missing_forward_roi_inputs,missing_forward_roi_inputs,
2026-05-19T12:38:56Z,W3-H7LU-CTRI,B0002TT36Q,E-81367,Bliss Distribution,wait,"SUPPLIER_COST_USER_CONFIRMATION_REQUIRED,LOW_CONFIDENCE_MARKET_CONTEXT,SALE_STATUS_NOT_ACTIVE",0,0,0,,,,missing_cost,10.35,PRODUCT_DB_LIVE_LISTING_PRICE,,,Ultra Pro 12911 9-Pocket Portfolio Collectors Blue C12 Card Game,https://m.media-amazon.com/images/I/51WE7hFIchL.jpg,40,o_phase1_v1,live,live_mode_missing_cost,10.35,9.409091,10,missing_expected_cost,1,missing_all_cost_inputs,,,,,inactive_sale_status,inactive_sale_status,
2026-05-19T12:38:56Z,MU-717K-DELS,B076V4V2QQ,E-83648,Bliss Distribution,wait,"SUPPLIER_COST_USER_CONFIRMATION_REQUIRED,LOW_CONFIDENCE_MARKET_CONTEXT,WEAK_DEMAND_SIGNAL",0,0,0,,,,missing_cost,16.49,PRODUCT_DB_LIVE_LISTING_PRICE,,,"Ultra PRO 3"" x 4"" Clear Regular Top Loaders For Cards With Card Sleeves Bundle Standard Size 100ct Baseball Card Sleeves Trading Card Sleeve Baseball Card Protectors Toploader Card Protectors",https://m.media-amazon.com/images/I/71NZPDrUU9L.jpg,50,o_phase1_v1,live,live_mode_missing_cost,16.49,14.990909,10,missing_expected_cost,1,missing_all_cost_inputs,,,,,weak_demand,weak_demand,
2026-05-19T12:38:56Z,OT-3LZR-3R6K,B08CB36DY9,,,wait,"SUPPLIER_COST_USER_CONFIRMATION_REQUIRED,LOW_CONFIDENCE_MARKET_CONTEXT,SALE_STATUS_NOT_ACTIVE",0,0,0,,,,missing_cost,29.99,PRODUCT_DB_LIVE_LISTING_PRICE,,,"Lay-Z Spa 60304 Hot Tub Canopy Cover for Weather and Sun Shelter, Hot Tub Accessories, Fits Most Lay-Z-Spa Models, Multicolor, 109.0 cm*183.0 cm*94.0 cm",https://m.media-amazon.com/images/I/41zvNM8qwEL.jpg,40,o_phase1_v1,live,live_mode_missing_cost,29.99,27.263636,10,missing_expected_cost,1,missing_all_cost_inputs,,,,,inactive_sale_status,inactive_sale_status,
2026-05-19T12:38:56Z,L2-WL35-LG0D,B07PRCJQFX,333644,Stax,wait,"SUPPLIER_COST_USER_CONFIRMATION_REQUIRED,LOW_CONFIDENCE_MARKET_CONTEXT,SALE_STATUS_NOT_ACTIVE",0,0,0,,,,missing_cost,8.99,PRODUCT_DB_LIVE_LISTING_PRICE,,,"Johnstone's - Amphibious Wall & Ceiling Paint Tester Pots - Emulsion - Easy Apply, Dries in 1-2 Hours - 75ml",https://m.media-amazon.com/images/I/51Wziut3JLL.jpg,40,o_phase1_v1,live,live_mode_missing_cost,8.99,8.172727,10,missing_expected_cost,1,missing_all_cost_inputs,,,,,inactive_sale_status,inactive_sale_status,
2026-05-19T12:38:56Z,OI-0483-CBVX,B07BC5J1WW,F4023,DK Tools,wait,"SUPPLIER_COST_USER_CONFIRMATION_REQUIRED,LOW_CONFIDENCE_MARKET_CONTEXT,SALE_STATUS_NOT_ACTIVE",0,0,0,,,,missing_cost,5.24,PRODUCT_DB_LIVE_LISTING_PRICE,,,Amtech F4023 14mm x 210mm SDS masonry drill bit,https://m.media-amazon.com/images/I/71bOMp6q4GL.jpg,40,o_phase1_v1,live,live_mode_missing_cost,5.24,4.763636,10,missing_expected_cost,1,missing_all_cost_inputs,,,,,inactive_sale_status,inactive_sale_status,
2026-05-19T12:38:56Z,XY-SHVR-W7PG,B076VTQGGL,SCS23103,Shure Cosmetics,wait,"LOW_CONFIDENCE_MARKET_CONTEXT,SALE_STATUS_NOT_ACTIVE",0,0,0,,,1.5,supplier_buy_cost_truth,5.2,PRODUCT_DB_LIVE_LISTING_PRICE,246.666667,3.7,Revolution Beauty London Soph Eyeshadow Palette,https://m.media-amazon.com/images/I/81-mB7RfFrL.jpg,40,o_phase1_v1,live,live_cost_inputs,5.2,4.727273,10,within_target_roi_max,0,price_list_only_no_purchase_reference,1.5,1.5,1.5,,inactive_sale_status,inactive_sale_status,
2026-05-19T12:38:56Z,GH-PONH-K4WQ,B08L3FB3G2,,,wait,"SUPPLIER_COST_USER_CONFIRMATION_REQUIRED,LOW_CONFIDENCE_MARKET_CONTEXT,SALE_STATUS_NOT_ACTIVE",0,0,0,,,,missing_cost,11.64,PRODUCT_DB_LIVE_LISTING_PRICE,,,Ultimate Guard Katana Sleeves Japanese Size Black (60),https://m.media-amazon.com/images/I/81b3cVchhbL.jpg,40,o_phase1_v1,live,live_mode_missing_cost,11.64,10.581818,10,missing_expected_cost,1,missing_all_cost_inputs,,,,,inactive_sale_status,inactive_sale_status,
2026-05-19T12:38:56Z,NX-0OE3-AD7U,B083G9XHT9,101798,Stax,wait,"SUPPLIER_COST_USER_CONFIRMATION_REQUIRED,LOW_CONFIDENCE_MARKET_CONTEXT,SALE_STATUS_NOT_ACTIVE",0,0,0,,,,missing_cost,9.99,PRODUCT_DB_LIVE_LISTING_PRICE,,,"Viners Assure 5” Utility Knife Stainless Steel Blade with Squared Tip for Safety, Soft Grip Handle, Non-Stick Coating, Rust-Resistant, Ideal for Cutting Fruit, Vegetables & Everyday Foods",https://m.media-amazon.com/images/I/41IMZNTRtGL.jpg,40,o_phase1_v1,live,live_mode_missing_cost,9.99,9.081818,10,missing_expected_cost,1,missing_all_cost_inputs,,,,,inactive_sale_status,inactive_sale_status,
2026-05-19T12:38:56Z,XY-UM2X-TPS3,B003VTZAM0,889142,Stax,wait,"SUPPLIER_COST_USER_CONFIRMATION_REQUIRED,SALE_STATUS_NOT_ACTIVE",0,0,0,,,,missing_cost,9.54,BUY_BOX_PRICE,,,"Minky Metallic Reflector Ironing Board Cover, Extra Large",https://m.media-amazon.com/images/I/71Ywj9fJFiS.jpg,40,o_phase1_v1,live,live_mode_missing_cost,9.54,8.672727,10,missing_expected_cost,1,missing_all_cost_inputs,,,,,inactive_sale_status,inactive_sale_status,
2026-05-19T12:38:56Z,MW-9K5M-VKW8,B0073TTHBY,MRW-200H-1BVES,Rashmian,wait,"SUPPLIER_COST_USER_CONFIRMATION_REQUIRED,LOW_CONFIDENCE_MARKET_CONTEXT,BLOCKED_MISSING_COST_INPUT",0,0,0,0,0,,missing_cost,27,PRODUCT_DB_LIVE_LISTING_PRICE,,,Casio Gents 43.00mm Quartz Watch with Black Analogue dial and Black Rubber Strap Strap MRW-200H-1BVES,https://m.media-amazon.com/images/I/71zW6bcu+4L.jpg,35,o_phase1_v1,live,live_mode_missing_cost,27,24.545455,10,missing_expected_cost,1,missing_all_cost_inputs,,,,,missing_forward_roi_inputs,missing_forward_roi_inputs,
2026-05-19T12:38:56Z,3C-5W5L-CT0T,B0BZQCZYN7,SBC1,Bliss Distribution,wait,"LOW_CONFIDENCE_MARKET_CONTEXT,SALE_STATUS_NOT_ACTIVE",0,0,0,,,8.76,supplier_buy_cost_truth,25.71,PRODUCT_DB_LIVE_LISTING_PRICE,193.493151,16.95,Yu-Gi-Oh! Speed Duel: Streets of Battle City,https://m.media-amazon.com/images/I/71qhGBFOvGL.jpg,40,o_phase1_v1,live,live_cost_inputs,25.71,23.372727,10,within_target_roi_max,0,price_list_only_no_purchase_reference,8.76,8.76,8.76,,inactive_sale_status,inactive_sale_status,
2026-05-19T12:38:56Z,98-MF34-BSCF,B079MFZL6K,369621,Stax,wait,"SUPPLIER_COST_USER_CONFIRMATION_REQUIRED,LOW_CONFIDENCE_MARKET_CONTEXT,SALE_STATUS_NOT_ACTIVE",0,0,0,,,,missing_cost,10.49,PRODUCT_DB_LIVE_LISTING_PRICE,,,Acctim Wickford Kids Teaching Wall Clock Quartz Rainbow Dial Quarter Markers Pink 20cm 22520,https://m.media-amazon.com/images/I/71DjiNjCgeL.jpg,40,o_phase1_v1,live,live_mode_missing_cost,10.49,9.536364,10,missing_expected_cost,1,missing_all_cost_inputs,,,,,inactive_sale_status,inactive_sale_status,
2026-05-19T12:38:56Z,SZ-UL4K-SE7W,B002QGAF8S,E-82225,Bliss Distribution,wait,"SUPPLIER_COST_USER_CONFIRMATION_REQUIRED,BLOCKED_MISSING_COST_INPUT",0,0,0,0,0,,missing_cost,15.99,BUY_BOX_PRICE,,,Ultra Pro Comic Bags (100-Piece),https://m.media-amazon.com/images/I/81mIcr5fNDL.jpg,35,o_phase1_v1,live,live_mode_missing_cost,15.99,14.536364,10,missing_expected_cost,1,missing_all_cost_inputs,,,,,missing_forward_roi_inputs,missing_forward_roi_inputs,
2026-05-19T12:38:56Z,BQ-O3OI-FTJU,B01CKK8CU2,,Bliss Distribution,wait,"SUPPLIER_COST_USER_CONFIRMATION_REQUIRED,LOW_CONFIDENCE_MARKET_CONTEXT,WEAK_DEMAND_SIGNAL",0,0,0,,,,missing_cost,24.95,PRODUCT_DB_LIVE_LISTING_PRICE,,,5 Ultra Pro 130pt Magnetic One Touch Card Holders (5 Total) 81721 - Fits Cards Up to 130 Point in Thickness,https://m.media-amazon.com/images/I/51NCisDDbIL.jpg,50,o_phase1_v1,live,live_mode_missing_cost,24.95,22.681818,10,missing_expected_cost,1,missing_all_cost_inputs,,,,,weak_demand,weak_demand,
2026-05-19T12:38:56Z,LF-X542-9TDZ,B07YYG14S1,,,wait,"SUPPLIER_COST_USER_CONFIRMATION_REQUIRED,LOW_CONFIDENCE_MARKET_CONTEXT,SALE_STATUS_NOT_ACTIVE",0,0,0,,,,missing_cost,20.44,PRODUCT_DB_LIVE_LISTING_PRICE,,,"Cliganic USDA Organic Argan Oil, 100% Pure | Moroccan Argan Oil for Hair, Face & Skin | Natural Cold Pressed Carrier Oil - Certified Organic | Cliganic 90 Days Warranty",https://m.media-amazon.com/images/I/51XU05wPgrL.jpg,40,o_phase1_v1,live,live_mode_missing_cost,20.44,18.581818,10,missing_expected_cost,1,missing_all_cost_inputs,,,,,inactive_sale_status,inactive_sale_status,
2026-05-19T12:38:56Z,FM-7COC-V8U2,B078SZDV17,MOQ - 36,We Stock Lots,wait,"SUPPLIER_COST_USER_CONFIRMATION_REQUIRED,LOW_CONFIDENCE_MARKET_CONTEXT,SALE_STATUS_NOT_ACTIVE",0,0,0,,,,missing_cost,8.49,PRODUCT_DB_LIVE_LISTING_PRICE,,,"Joseph Joseph GoAvocado, 3-in-1 Avocado Tool with soft grip handle, Green",https://m.media-amazon.com/images/I/61m4suuUWbL.jpg,40,o_phase1_v1,live,live_mode_missing_cost,8.49,7.718182,10,missing_expected_cost,1,missing_all_cost_inputs,,,,,inactive_sale_status,inactive_sale_status,
2026-05-19T12:38:56Z,SU-JM8R-2U82,B09ST7SSLW,MLT10NI,Rashmian,wait,"SUPPLIER_COST_USER_CONFIRMATION_REQUIRED,BLOCKED_MISSING_COST_INPUT",0,0,0,7.800008,7.800008,,missing_cost,15.97,BUY_BOX_PRICE,,,LEXIBOOK Cordless Mini Bedside Lamp and Nightlight Nintendo - Red - MLT10NI,https://m.media-amazon.com/images/I/41KOChuJHBL.jpg,35,o_phase1_v1,live,live_mode_missing_cost,15.97,14.518182,10,missing_expected_cost,1,missing_all_cost_inputs,,,,,missing_forward_roi_inputs,missing_forward_roi_inputs,
2026-05-19T12:38:56Z,A7-868U-HTPI,B003DZUDYC,786757,Stax,wait,"SUPPLIER_COST_USER_CONFIRMATION_REQUIRED,LOW_CONFIDENCE_MARKET_CONTEXT,SALE_STATUS_NOT_ACTIVE",0,0,0,,,,missing_cost,23.2,PRODUCT_DB_LIVE_LISTING_PRICE,,,"Pendeford Value Plus Saucepan Set 3PC | Carbon Steel Non-Stick with Tempered Glass Lids | 16cm 18cm 20cm | Easy Clean, Lightweight, Dishwasher Safe | Suitable for All Hob Types Except Induction",https://m.media-amazon.com/images/I/610ap-LVQgL.jpg,40,o_phase1_v1,live,live_mode_missing_cost,23.2,21.090909,10,missing_expected_cost,1,missing_all_cost_inputs,,,,,inactive_sale_status,inactive_sale_status,
2026-05-19T12:38:56Z,6Z-8POQ-K5XH,B00ANOXX9I,312494,Stax,wait,"SUPPLIER_COST_USER_CONFIRMATION_REQUIRED,LOW_CONFIDENCE_MARKET_CONTEXT,SALE_STATUS_NOT_ACTIVE",0,0,0,,,,missing_cost,9.41,PRODUCT_DB_LIVE_LISTING_PRICE,,,Easycook Microwave Saucepan with Lid 750ML RED,https://m.media-amazon.com/images/I/81+jfweE4HL.jpg,40,o_phase1_v1,live,live_mode_missing_cost,9.41,8.554545,10,missing_expected_cost,1,missing_all_cost_inputs,,,,,inactive_sale_status,inactive_sale_status,
2026-05-19T12:38:56Z,IJ-V0PQ-4CZ4,B09NQCV872,WP2020,Bliss Distribution,wait,"SUPPLIER_COST_USER_CONFIRMATION_REQUIRED,LOW_CONFIDENCE_MARKET_CONTEXT,WEAK_DEMAND_SIGNAL",0,0,0,,,,missing_cost,5.7,PRODUCT_DB_LIVE_LISTING_PRICE,,,"The Army Painter Speedpaint Sand Golem 2.0, Single Acrylic Paint 18ml One-coat Painting Soloution For Fantasy Tabletop Miniatures Like Warhammer 40k and Dungeons And Dragons Figures",https://m.media-amazon.com/images/I/61rKshTf+lL.jpg,50,o_phase1_v1,live,live_mode_missing_cost,5.7,5.181818,10,missing_expected_cost,1,missing_all_cost_inputs,,,,,weak_demand,weak_demand,
2026-05-19T12:38:56Z,YJ-WD59-WWA2,B071X4RKYL,456390,Jones Wholesale,wait,"SUPPLIER_COST_USER_CONFIRMATION_REQUIRED,LOW_CONFIDENCE_MARKET_CONTEXT,SALE_STATUS_NOT_ACTIVE",0,0,0,,,,missing_cost,9.99,PRODUCT_DB_LIVE_LISTING_PRICE,,,"Addis 513881 Essentials Wooden Outdoor Complete Broom with Metal Handle, Natural/ Black, 27.5 cm",https://m.media-amazon.com/images/I/61xZbvSLEiL.jpg,40,o_phase1_v1,live,live_mode_missing_cost,9.99,9.081818,10,missing_expected_cost,1,missing_all_cost_inputs,,,,,inactive_sale_status,inactive_sale_status,
2026-05-19T12:38:56Z,8M-NHB7-T8TR,B0B2RBG672,SE66,CLF,wait,"LOW_CONFIDENCE_MARKET_CONTEXT,WEAK_DEMAND_SIGNAL",0,0,0,,,15.26,supplier_buy_cost_truth,29.37,PRODUCT_DB_LIVE_LISTING_PRICE,92.463958,14.11,"Salt of the Earth - Natural Deodorant Roll on Refill - x7 Uses - Amber & Sandalwood - 100% Natural Origin Ingredients - Vegan - Suitable for Men, Women & Children - 525ml",https://m.media-amazon.com/images/I/71NfVXw8OrL.jpg,50,o_phase1_v1,live,live_cost_inputs,29.37,26.7,10,within_target_roi_max,0,price_list_only_no_purchase_reference,15.26,15.26,15.26,,weak_demand,weak_demand,
2026-05-19T12:38:56Z,FZ-YQYO-ICX5,B0BTTHVGD3,GVDR08WD,Rashmian,wait,"SUPPLIER_COST_USER_CONFIRMATION_REQUIRED,LOW_CONFIDENCE_MARKET_CONTEXT,WEAK_DEMAND_SIGNAL",0,0,0,,,,missing_cost,49.99,PRODUCT_DB_LIVE_LISTING_PRICE,,,"Groov-e Boston Wooden DAB & FM Digital Radio - Built-In Alarm Clock, Dynamic Range Control & Bluetooth Connectivity - LCD Display - Mains or Battery Operated - Portable Radio - 40 Preset Stations",https://m.media-amazon.com/images/I/71URbp6eN2L.jpg,50,o_phase1_v1,live,live_mode_missing_cost,49.99,45.445455,10,missing_expected_cost,1,missing_all_cost_inputs,,,,,weak_demand,weak_demand,
2026-05-19T12:38:56Z,CX-1R85-163Z,B0CVHD7892,WID1,CLF,wait,"LOW_CONFIDENCE_MARKET_CONTEXT,SALE_STATUS_NOT_ACTIVE",0,0,0,,,6.5,supplier_buy_cost_truth,14.56,PRODUCT_DB_LIVE_LISTING_PRICE,124,8.06,Wild Aqua Case and Fresh Cotton & Sea Salt Deodorant Starter Pack 40g,https://m.media-amazon.com/images/I/71P3TNgFYXL.jpg,40,o_phase1_v1,live,live_cost_inputs,14.56,13.236364,10,within_target_roi_max,0,price_list_only_no_purchase_reference,6.5,6.5,6.5,,inactive_sale_status,inactive_sale_status,
2026-05-19T12:38:56Z,XH-OMMJ-C7MT,B096BPSDRZ,542 5224,ABGee,wait,"SUPPLIER_COST_USER_CONFIRMATION_REQUIRED,LOW_CONFIDENCE_MARKET_CONTEXT,SALE_STATUS_NOT_ACTIVE",0,0,0,,,,missing_cost,8.89,PRODUCT_DB_LIVE_LISTING_PRICE,,,Ravensburger Bluey 35 Piece Jigsaw Puzzle for Kids Age 3 Years Up - Educational Toddler Toys,https://m.media-amazon.com/images/I/81aVYPXB4vL.jpg,40,o_phase1_v1,live,live_mode_missing_cost,8.89,8.081818,10,missing_expected_cost,1,missing_all_cost_inputs,,,,,inactive_sale_status,inactive_sale_status,
2026-05-19T12:38:56Z,FB-6FW0-Z82Q,B005F5TRBI,356204,Stax,wait,"SUPPLIER_COST_USER_CONFIRMATION_REQUIRED,BLOCKED_MISSING_COST_INPUT",0,0,0,2.5,2.5,,missing_cost,5,BUY_BOX_PRICE,,,"Croydex White Button Shower Curtain Rings 12pk, 75g, 34F",https://m.media-amazon.com/images/I/51nE7RNL3zL.jpg,35,o_phase1_v1,live,live_mode_missing_cost,5,4.545455,10,missing_expected_cost,1,missing_all_cost_inputs,,,,,missing_forward_roi_inputs,missing_forward_roi_inputs,
2026-05-19T12:38:56Z,CJ-X0SS-QOUW,B0CG234KW1,777 77510GQ1-A,ABGee,wait,"SUPPLIER_COST_USER_CONFIRMATION_REQUIRED,WEAK_DEMAND_SIGNAL",0,0,0,,,,missing_cost,10.29,BUY_BOX_PRICE,,,Snackles Small Sized 14 cm by ZURU Cuddly Squishy Comfort Plush with License Snack Brand Accessory (Random Assortment),https://m.media-amazon.com/images/I/51FXLwFoP1L.jpg,50,o_phase1_v1,live,live_mode_missing_cost,10.29,9.354545,10,missing_expected_cost,1,missing_all_cost_inputs,,,,,weak_demand,weak_demand,
2026-05-19T12:38:56Z,SU-5LQH-2DVN,B07SLLYRSP,484654,Sika,wait,"SUPPLIER_COST_USER_CONFIRMATION_REQUIRED,LOW_CONFIDENCE_MARKET_CONTEXT,WEAK_DEMAND_SIGNAL",0,0,0,,,,missing_cost,8.39,PRODUCT_DB_LIVE_LISTING_PRICE,,,"3 PCS EVERBUILD INDUSTRIAL GRADE SUPER GLUE HV HIGH VISCOSITY BONDS PVC, METAL, MDF, ALUMINIUM, CERAMICS, RUBBER ETC. 20G EACH",https://m.media-amazon.com/images/I/51b1wbfnH0L.jpg,50,o_phase1_v1,live,live_mode_missing_cost,8.39,7.627273,10,missing_expected_cost,1,missing_all_cost_inputs,,,,,weak_demand,weak_demand,
2026-05-19T12:38:56Z,VF-3T0K-DR5O,B08KFFY86W,TEP484,DHB,wait,"SUPPLIER_COST_USER_CONFIRMATION_REQUIRED,BLOCKED_MISSING_COST_INPUT",0,0,0,13.768708,29.931974,,missing_cost,4.12,BUY_BOX_PRICE,,,"TePe EasyPick Toothpicks, Purple, ISO XL, 36pcs, Plaque Remover, efficient Clean Between The Teeth, Durable Dental Picks for Wide Gaps, Travel case Included",https://m.media-amazon.com/images/I/71ZzMuWswEL.jpg,35,o_phase1_v1,live,live_mode_missing_cost,4.12,3.745455,10,missing_expected_cost,1,missing_all_cost_inputs,,,,,missing_forward_roi_inputs,missing_forward_roi_inputs,
2026-05-19T12:38:56Z,8L-INBX-OUTU,B016Y8SWZQ,312497,Stax,wait,"SUPPLIER_COST_USER_CONFIRMATION_REQUIRED,BLOCKED_MISSING_COST_INPUT",0,0,0,120,120,,missing_cost,8.96,BUY_BOX_PRICE,,,"Easy Cook NS606R Microwave Egg Poacher, red, 2 cup",https://m.media-amazon.com/images/I/61lW3osNZcL.jpg,35,o_phase1_v1,live,live_mode_missing_cost,8.96,8.145455,10,missing_expected_cost,1,missing_all_cost_inputs,,,,,missing_forward_roi_inputs,missing_forward_roi_inputs,
2026-05-19T12:38:56Z,PH-M7S4-05R5,B0D3JCMSF5,10290405,TD Synnex,wait,"SUPPLIER_COST_USER_CONFIRMATION_REQUIRED,LOW_CONFIDENCE_MARKET_CONTEXT,WEAK_DEMAND_SIGNAL",0,0,0,,,,missing_cost,38.07,PRODUCT_DB_LIVE_LISTING_PRICE,,,"OtterBox Symmetry Folio Case for iPad Air 11"" (M2/M3/M4) & iPad Air 10.9"" (2022/2020), Shockproof, Drop proof, Slim Protective Folio Case, Tested to Military Standard, Blue",https://m.media-amazon.com/images/I/514Z0jLRw0L.jpg,50,o_phase1_v1,live,live_mode_missing_cost,38.07,34.609091,10,missing_expected_cost,1,missing_all_cost_inputs,,,,,weak_demand,weak_demand,
2026-05-19T12:38:56Z,HJ-DHEU-9WG8,B0DHDCRX76,77-95357,TD Synnex,wait,"SUPPLIER_COST_USER_CONFIRMATION_REQUIRED,LOW_CONFIDENCE_MARKET_CONTEXT,WEAK_DEMAND_SIGNAL",0,0,0,,,,missing_cost,34.99,PRODUCT_DB_LIVE_LISTING_PRICE,,,"OtterBox React Folio Case for iPad Pro 11"" M4 (M5/M4), Shockproof, Drop proof, Ultra-Slim Protective Folio Case, Tested to Military Standard, Black",https://m.media-amazon.com/images/I/81A0EgzSYzL.jpg,50,o_phase1_v1,live,live_mode_missing_cost,34.99,31.809091,10,missing_expected_cost,1,missing_all_cost_inputs,,,,,weak_demand,weak_demand,
2026-05-19T12:38:56Z,QV-8RC1-EYAM,B07DVPP57X,CGC39,CLF,wait,"LOW_CONFIDENCE_MARKET_CONTEXT,WEAK_DEMAND_SIGNAL",0,0,0,,,5,supplier_buy_cost_truth,14.55,PRODUCT_DB_LIVE_LISTING_PRICE,191,9.55,"USDA Organic Frankincense Essential Oil, 10ml - 100% Pure Natural Undiluted, Therapeutic Grade for Aromatherapy | Premium Certified Organic | Cliganic 90 Days Warranty",https://m.media-amazon.com/images/I/815d-E8c-VL.jpg,50,o_phase1_v1,live,live_cost_inputs,14.55,13.227273,10,within_target_roi_max,0,price_list_only_no_purchase_reference,5,5,5,,weak_demand,weak_demand,
2026-05-19T12:38:56Z,MU-A667-UQ3J,B081TGZQVR,542 16479,ABGee,wait,"SUPPLIER_COST_USER_CONFIRMATION_REQUIRED,LOW_CONFIDENCE_MARKET_CONTEXT,SALE_STATUS_NOT_ACTIVE",0,0,0,,,,missing_cost,14.99,PRODUCT_DB_LIVE_LISTING_PRICE,,,Ravensburger Aimee Stewart Myths & Legends 1000 Piece Jigsaw Puzzle for Adults and Kids Age 12 and Up,https://m.media-amazon.com/images/I/91BzwSNSQWL.jpg,40,o_phase1_v1,live,live_mode_missing_cost,14.99,13.627273,10,missing_expected_cost,1,missing_all_cost_inputs,,,,,inactive_sale_status,inactive_sale_status,
2026-05-19T12:38:56Z,WF-JLK1-5PKN,B08563KQKG,L32299,Aldridge Security,wait,"SUPPLIER_COST_USER_CONFIRMATION_REQUIRED,LOW_CONFIDENCE_MARKET_CONTEXT,WEAK_DEMAND_SIGNAL",0,0,0,,,,missing_cost,8.38,PRODUCT_DB_LIVE_LISTING_PRICE,,,Yale - YE3B/32/116/1/P Standard Security 32mm Aluminium Padlock - Pink - Open Hardened Steel Shackle - 3 Keys,https://m.media-amazon.com/images/I/61lAinYRWsL.jpg,50,o_phase1_v1,live,live_mode_missing_cost,8.38,7.618182,10,missing_expected_cost,1,missing_all_cost_inputs,,,,,weak_demand,weak_demand,
2026-05-19T12:38:56Z,Z3-ORV9-K8XD,B000FGECAI,290 EI-2978,ABGee,wait,"SUPPLIER_COST_USER_CONFIRMATION_REQUIRED,LOW_CONFIDENCE_MARKET_CONTEXT,WEAK_DEMAND_SIGNAL",0,0,0,,,,missing_cost,13.99,PRODUCT_DB_LIVE_LISTING_PRICE,,,"Learning Resources Kanoodle 3D Brain Teaser Puzzle, Travel Game for Adults and Kids Ages 7 8 9 10+, Gift for Boys and Girls, Featuring over 200 Challenges",https://m.media-amazon.com/images/I/41o+miqQGmL.jpg,50,o_phase1_v1,live,live_mode_missing_cost,13.99,12.718182,10,missing_expected_cost,1,missing_all_cost_inputs,,,,,weak_demand,weak_demand,
2026-05-19T12:38:56Z,OV-LVEL-DQL6,B08W25WKTN,MLT10PA,Rashmian,wait,"SUPPLIER_COST_USER_CONFIRMATION_REQUIRED,BLOCKED_MISSING_COST_INPUT",0,0,0,0,0,,missing_cost,14.48,BUY_BOX_PRICE,,,LEXIBOOK - Paw Patrol - Cordless Mini Bedside Lamp and Nightlight Paw Patrol - Blue - MLT10PA,https://m.media-amazon.com/images/I/71tneZnzewL.jpg,35,o_phase1_v1,live,live_mode_missing_cost,14.48,13.163636,10,missing_expected_cost,1,missing_all_cost_inputs,,,,,missing_forward_roi_inputs,missing_forward_roi_inputs,
2026-05-19T12:38:56Z,HL-03ZR-QPHH,B09M3PFZC8,CUR142,DHB,wait,"LOW_CONFIDENCE_MARKET_CONTEXT,WEAK_DEMAND_SIGNAL",0,0,0,,,3.47,supplier_buy_cost_truth,8.54,PRODUCT_DB_LIVE_LISTING_PRICE,146.10951,5.07,Curaprox Kids Toothpaste – Fluoride-Free for Toddlers | Strawberry Flavour | Gentle Protection from First Tooth | 60ml | Made in Switzerland,https://m.media-amazon.com/images/I/5165wja5WrL.jpg,50,o_phase1_v1,live,live_cost_inputs,8.54,7.763636,10,within_target_roi_max,0,price_list_only_no_purchase_reference,3.47,3.47,3.47,,weak_demand,weak_demand,
2026-05-19T12:38:56Z,XL-BFPF-CBW4,B07QNL62Z2,N2352,DK Tools,wait,"SUPPLIER_COST_USER_CONFIRMATION_REQUIRED,LOW_CONFIDENCE_MARKET_CONTEXT,SALE_STATUS_NOT_ACTIVE",0,0,0,,,,missing_cost,4.49,PRODUCT_DB_LIVE_LISTING_PRICE,,,"Amtech N2352 Rubber Palm Coated Builders Gloves Medium (Size 8), Certified Quality for Heavy Duty Tasks, Yellow/Orange",https://m.media-amazon.com/images/I/91s1B7tjNEL.jpg,40,o_phase1_v1,live,live_mode_missing_cost,4.49,4.081818,10,missing_expected_cost,1,missing_all_cost_inputs,,,,,inactive_sale_status,inactive_sale_status,
2026-05-19T12:38:56Z,A2-T2AC-TW3L,B006PFN3BW,484652,Sika,wait,"SUPPLIER_COST_USER_CONFIRMATION_REQUIRED,BLOCKED_MISSING_COST_INPUT",0,0,0,5.084746,5.084746,,missing_cost,10.8,BUY_BOX_PRICE,,,Everbuild Industrial Grade Superglue GP 50 g Pack of 3,https://m.media-amazon.com/images/I/41y5LjKd7aL.jpg,35,o_phase1_v1,live,live_mode_missing_cost,10.8,9.818182,10,missing_expected_cost,1,missing_all_cost_inputs,,,,,missing_forward_roi_inputs,missing_forward_roi_inputs,
2026-05-19T12:38:56Z,MW-1ILH-TLS4,B0CDH5Y3N9,RSC31,CLF,wait,"SUPPLIER_COST_USER_CONFIRMATION_REQUIRED,LOW_CONFIDENCE_MARKET_CONTEXT,SALE_STATUS_NOT_ACTIVE",0,0,0,,,,missing_cost,9.78,PRODUCT_DB_LIVE_LISTING_PRICE,,,"Rescue Remedy Kids Restful Nights Dropper, for A Natural Night’s Sleep, Flower Essences, to Support Your Child and Promote A Calming Bedtime Routine, Alcohol Free, Alternative to Sleep Aid for Kids",https://m.media-amazon.com/images/I/71tMWmzqtYL.jpg,40,o_phase1_v1,live,live_mode_missing_cost,9.78,8.890909,10,missing_expected_cost,1,missing_all_cost_inputs,,,,,inactive_sale_status,inactive_sale_status,
2026-05-19T12:38:56Z,QV-VH06-EAV3,B07CPKRL8Z,SCS13160,Shure Cosmetics,wait,"SUPPLIER_COST_USER_CONFIRMATION_REQUIRED,LOW_CONFIDENCE_MARKET_CONTEXT,SALE_STATUS_NOT_ACTIVE",0,0,0,,,,missing_cost,9.99,PRODUCT_DB_LIVE_LISTING_PRICE,,,"L 'Oréal Paris Clay Absolue Glow Mask for Clear, Radiant Complexion Cream 50 ml",https://m.media-amazon.com/images/I/81Wo7poSVDL.jpg,40,o_phase1_v1,live,live_mode_missing_cost,9.99,9.081818,10,missing_expected_cost,1,missing_all_cost_inputs,,,,,inactive_sale_status,inactive_sale_status,
2026-05-19T12:38:56Z,AI-IG9I-YB5A,B081QV8W38,WZK90035,Bliss Distribution,wait,"SUPPLIER_COST_USER_CONFIRMATION_REQUIRED,LOW_CONFIDENCE_MARKET_CONTEXT,SALE_STATUS_NOT_ACTIVE",0,0,0,,,,missing_cost,24.97,PRODUCT_DB_LIVE_LISTING_PRICE,,,WizKids WZK90035 Accessories,https://m.media-amazon.com/images/I/71NXK1sTMHL.jpg,40,o_phase1_v1,live,live_mode_missing_cost,24.97,22.7,10,missing_expected_cost,1,missing_all_cost_inputs,,,,,inactive_sale_status,inactive_sale_status,
2026-05-19T12:38:56Z,KI-CR51-18J3,B0070Y60K8,T2N747,Rashmian,wait,"SUPPLIER_COST_USER_CONFIRMATION_REQUIRED,LOW_CONFIDENCE_MARKET_CONTEXT,WEAK_DEMAND_SIGNAL",0,0,0,,,,missing_cost,56.94,PRODUCT_DB_LIVE_LISTING_PRICE,,,"Weekender Timex Central Park Quartz Watch with Analogue Display and Nylon Strap - T2N747, Blue, T2N747PF",https://m.media-amazon.com/images/I/61paOv5MCmL.jpg,50,o_phase1_v1,live,live_mode_missing_cost,56.94,51.763636,10,missing_expected_cost,1,missing_all_cost_inputs,,,,,weak_demand,weak_demand,
2026-05-19T12:38:56Z,Q1-00D7-5IQF,B0042SI594,F-91WC-9AEF,Rashmian,wait,"SUPPLIER_COST_USER_CONFIRMATION_REQUIRED,LOW_CONFIDENCE_MARKET_CONTEXT,WEAK_DEMAND_SIGNAL",0,0,0,,,,missing_cost,23.96,PRODUCT_DB_LIVE_LISTING_PRICE,,,Casio Unisex 37.00mm Quartz Watch with LCD Digital dial and Yellow Plastic/Resin Strap Strap F-91WC-9AEF,https://m.media-amazon.com/images/I/41b4cp-Yv3L.jpg,50,o_phase1_v1,live,live_mode_missing_cost,23.96,21.781818,10,missing_expected_cost,1,missing_all_cost_inputs,,,,,weak_demand,weak_demand,
2026-05-19T12:38:56Z,FH-DOIH-J7JE,B01MUA5DU5,F-91WM-7AEF,Rashmian,wait,"SUPPLIER_COST_USER_CONFIRMATION_REQUIRED,LOW_CONFIDENCE_MARKET_CONTEXT,WEAK_DEMAND_SIGNAL",0,0,0,,,,missing_cost,36.99,PRODUCT_DB_LIVE_LISTING_PRICE,,,Casio Men's Quartz Watch with Grey Dial Digital Display and Black Resin Strap F-91WM-7AEF,https://m.media-amazon.com/images/I/61zPTKahPoL.jpg,50,o_phase1_v1,live,live_mode_missing_cost,36.99,33.627273,10,missing_expected_cost,1,missing_all_cost_inputs,,,,,weak_demand,weak_demand,
2026-05-19T12:38:56Z,IR-BP1X-M8DG,B008HSBYS4,SCS06536,Shure Cosmetics,wait,"LOW_CONFIDENCE_MARKET_CONTEXT,SALE_STATUS_NOT_ACTIVE",0,0,0,,,1,supplier_buy_cost_truth,5.95,PRODUCT_DB_LIVE_LISTING_PRICE,495,4.95,"Story of Roses Story of Lily Ladies perfume Natural Spray,Floral, 100 ml",https://m.media-amazon.com/images/I/51y8J2KKtmL.jpg,40,o_phase1_v1,live,live_cost_inputs,5.95,5.409091,10,within_target_roi_max,0,price_list_only_no_purchase_reference,1,1,1,,inactive_sale_status,inactive_sale_status,
2026-05-19T12:38:56Z,DO-QDI1-K7R9,B0BBH71LQN,77-89975,TD Synnex,wait,"SUPPLIER_COST_USER_CONFIRMATION_REQUIRED,LOW_CONFIDENCE_MARKET_CONTEXT,SALE_STATUS_NOT_ACTIVE",0,0,0,,,,missing_cost,45.95,PRODUCT_DB_LIVE_LISTING_PRICE,,,"OtterBox Symmetry Folio Case for iPad 10th gen 2022, iPad 11th gen 2025 (A16), Shockproof, Drop proof, Slim Protective Folio Case, Tested to Military Standard, Black",https://m.media-amazon.com/images/I/71a5zy75yHL.jpg,40,o_phase1_v1,live,live_mode_missing_cost,45.95,41.772727,10,missing_expected_cost,1,missing_all_cost_inputs,,,,,inactive_sale_status,inactive_sale_status,
2026-05-19T12:38:56Z,RW-AZK6-O4M2,B00F4LA0K0,417440,Stax,wait,"SUPPLIER_COST_USER_CONFIRMATION_REQUIRED,LOW_CONFIDENCE_MARKET_CONTEXT,SALE_STATUS_NOT_ACTIVE",0,0,0,,,,missing_cost,3.4,PRODUCT_DB_LIVE_LISTING_PRICE,,,"Chef Aid Cocktail Sticks, Pack of 200 Stick perfect for Buffets and Cocktails use, The Skewer design helps hold sweet and savoury foods, Each cocktails stick measures 8 cm",https://m.media-amazon.com/images/I/91UMTqcIr8L.jpg,40,o_phase1_v1,live,live_mode_missing_cost,3.4,3.090909,10,missing_expected_cost,1,missing_all_cost_inputs,,,,,inactive_sale_status,inactive_sale_status,
2026-05-19T12:38:56Z,YD-NO15-VYZL,B00VRF1XEY,658717,Stax,wait,"SUPPLIER_COST_USER_CONFIRMATION_REQUIRED,LOW_CONFIDENCE_MARKET_CONTEXT,SALE_STATUS_NOT_ACTIVE",0,0,0,,,,missing_cost,8.99,PRODUCT_DB_LIVE_LISTING_PRICE,,,Matt Tester 75ml (Waterfall),https://m.media-amazon.com/images/I/51SJSZgS3QL.jpg,40,o_phase1_v1,live,live_mode_missing_cost,8.99,8.172727,10,missing_expected_cost,1,missing_all_cost_inputs,,,,,inactive_sale_status,inactive_sale_status,
2026-05-19T12:38:56Z,JL-VTP2-JF3Q,B07BLX7YG9,NLJ001PA1,Rashmian,wait,"SUPPLIER_COST_USER_CONFIRMATION_REQUIRED,LOW_CONFIDENCE_MARKET_CONTEXT,WEAK_DEMAND_SIGNAL",0,0,0,,,,missing_cost,15.67,PRODUCT_DB_LIVE_LISTING_PRICE,,,"Lexibook PAW Patrol Helper on Four Paws Chase LED Night Light for Kids, Color Changing, Soft Light, Batteries, Plastic, Blue/Beige, NLJ001PA1, Multicolor, 13, Colour Change",https://m.media-amazon.com/images/I/51Co9jfIV0L.jpg,50,o_phase1_v1,live,live_mode_missing_cost,15.67,14.245455,10,missing_expected_cost,1,missing_all_cost_inputs,,,,,weak_demand,weak_demand,
2026-05-19T12:38:56Z,AF-KIHX-ANYY,B0001P15T4,862225,Stax,wait,"SUPPLIER_COST_USER_CONFIRMATION_REQUIRED,LOW_CONFIDENCE_MARKET_CONTEXT,WEAK_DEMAND_SIGNAL",0,0,0,,,,missing_cost,3.45,PRODUCT_DB_LIVE_LISTING_PRICE,,,"Vitrex 10 2280 Grout Finisher, Blue",https://m.media-amazon.com/images/I/61Gf0NeeSPL.jpg,50,o_phase1_v1,live,live_mode_missing_cost,3.45,3.136364,10,missing_expected_cost,1,missing_all_cost_inputs,,,,,weak_demand,weak_demand,
2026-05-19T12:38:56Z,D0-C7C0-H6LN,B07F1MFWV1,SKI004,Tropicana Wholesale,wait,"SUPPLIER_COST_USER_CONFIRMATION_REQUIRED,BLOCKED_MISSING_COST_INPUT",0,0,0,0,0,,missing_cost,7,LOWEST_FBA_PRICE,,,"Skinny Food Co Salted Caramel Zero Calorie Syrup 425ml - Sugar Free Salted Caramel Syrup For Snacks, Drinks & Desserts - Vegan, Gluten-free, Keto & Paleo Friendly Caramel Syrup - Salted Caramel Syrup",https://m.media-amazon.com/images/I/71TPjMVes1L.jpg,35,o_phase1_v1,live,live_mode_missing_cost,7,6.363636,10,missing_expected_cost,1,missing_all_cost_inputs,,,,,missing_forward_roi_inputs,missing_forward_roi_inputs,
2026-05-19T12:38:56Z,JB-RGB6-LZOJ,B0001P0DLU,5010266168227,Stax,wait,"SUPPLIER_COST_USER_CONFIRMATION_REQUIRED,BLOCKED_MISSING_COST_INPUT",0,0,0,93.75,93.75,,missing_cost,5.9,BUY_BOX_PRICE,,,Loctite 319 Rear View Mirror Bonder 0.5ml,https://m.media-amazon.com/images/I/41tr8w9s-uL.jpg,35,o_phase1_v1,live,live_mode_missing_cost,5.9,5.363636,10,missing_expected_cost,1,missing_all_cost_inputs,,,,,missing_forward_roi_inputs,missing_forward_roi_inputs,
2026-05-19T12:38:56Z,R0-ODDX-WROO,B076RY52XG,,CLF,wait,"SUPPLIER_COST_USER_CONFIRMATION_REQUIRED,LOW_CONFIDENCE_MARKET_CONTEXT,SALE_STATUS_NOT_ACTIVE",0,0,0,,,,missing_cost,5.49,PRODUCT_DB_LIVE_LISTING_PRICE,,,The Humble CO. - Natural Toothpaste - Fresh Mint - Caries Prevention - Natural Fluoride - Developed by Dentists - Designed in Sweden - Vegan & Cruelty-Free - Eco-Friendly Packaging - 75ml,https://m.media-amazon.com/images/I/31SD0jEoIgL.jpg,40,o_phase1_v1,live,live_mode_missing_cost,5.49,4.990909,10,missing_expected_cost,1,missing_all_cost_inputs,,,,,inactive_sale_status,inactive_sale_status,
2026-05-19T12:38:56Z,SR-6OBB-WC03,B06XXDNH1P,AT-11105,Bliss Distribution,wait,"SUPPLIER_COST_USER_CONFIRMATION_REQUIRED,LOW_CONFIDENCE_MARKET_CONTEXT,WEAK_DEMAND_SIGNAL",0,0,0,,,,missing_cost,7.41,PRODUCT_DB_LIVE_LISTING_PRICE,,,"Dragon Shield | Japanese Size Card Matte Sleeves | 60 CT - Smooth & Tough Premium TCG Sleeves - Compatible with Yu-Gi-Oh, Naruto, Cardfight & Vanguard | White",https://m.media-amazon.com/images/I/61yZ1oy31zL.jpg,50,o_phase1_v1,live,live_mode_missing_cost,7.41,6.736364,10,missing_expected_cost,1,missing_all_cost_inputs,,,,,weak_demand,weak_demand,
2026-05-19T12:38:56Z,D8-VDSF-LENN,B00P82UZ6Y,367853,Stax,wait,"SUPPLIER_COST_USER_CONFIRMATION_REQUIRED,LOW_CONFIDENCE_MARKET_CONTEXT,SALE_STATUS_NOT_ACTIVE",0,0,0,,,,missing_cost,8.52,PRODUCT_DB_LIVE_LISTING_PRICE,,,"Unika ColorSealant CS4218-AZ Acrylic Gap Filler and Sealant, Grey, 0.57 kg",https://m.media-amazon.com/images/I/311gQKhK5PL.jpg,40,o_phase1_v1,live,live_mode_missing_cost,8.52,7.745455,10,missing_expected_cost,1,missing_all_cost_inputs,,,,,inactive_sale_status,inactive_sale_status,
2026-05-19T12:38:56Z,RS-NSGK-AN7M,B09P24GP9M,ATE74,CLF,wait,"SUPPLIER_COST_USER_CONFIRMATION_REQUIRED,LOW_CONFIDENCE_MARKET_CONTEXT,SALE_STATUS_NOT_ACTIVE",0,0,0,,,,missing_cost,5.5,PRODUCT_DB_LIVE_LISTING_PRICE,,,"ATTITUDE Lip Balm, Natural Origin, Nourishes & Protects, Shea Butter, Coconut & Castor Oils, EWG Verified, For Dry Lips, Men and Women, Vegan, Unscented, 8.5 g",https://m.media-amazon.com/images/I/61Tbx6xojlL.jpg,40,o_phase1_v1,live,live_mode_missing_cost,5.5,5,10,missing_expected_cost,1,missing_all_cost_inputs,,,,,inactive_sale_status,inactive_sale_status,
2026-05-19T12:38:56Z,8M-LM6B-F2Q5,B00D1V5FPU,6949509209344,Stax,wait,"SUPPLIER_COST_USER_CONFIRMATION_REQUIRED,BLOCKED_MISSING_COST_INPUT",0,0,0,80.50002,80.50002,,missing_cost,6.43,BUY_BOX_PRICE,,,"Bosch 2608831003 ""SDS Plus-3"" Hammer Drill Bit, 0 V, Grey, 5 x 100 x 160 mm",https://m.media-amazon.com/images/I/21IxQYuIX3L.jpg,35,o_phase1_v1,live,live_mode_missing_cost,6.43,5.845455,10,missing_expected_cost,1,missing_all_cost_inputs,,,,,missing_forward_roi_inputs,missing_forward_roi_inputs,
2026-05-19T12:38:56Z,ZI-1MA2-8QGC,B08M8CQHHV,NMR65370,Heo,wait,"SUPPLIER_COST_USER_CONFIRMATION_REQUIRED,LOW_CONFIDENCE_MARKET_CONTEXT,WEAK_DEMAND_SIGNAL",0,0,0,,,,missing_cost,20.41,PRODUCT_DB_LIVE_LISTING_PRICE,,,"AQUARIUS 65370 Lord of The Rings Map 1000 Piece Jigsaw Puzzle, Multi-Colored, One Size",https://m.media-amazon.com/images/I/911wZHnj+tL.jpg,50,o_phase1_v1,live,live_mode_missing_cost,20.41,18.554545,10,missing_expected_cost,1,missing_all_cost_inputs,,,,,weak_demand,weak_demand,
2026-05-19T12:38:56Z,FA-LRV6-YRFW,B00BUY54DI,FK3143,Heo,wait,"SUPPLIER_COST_USER_CONFIRMATION_REQUIRED,BLOCKED_MISSING_COST_INPUT",0,0,0,169.000169,169.000169,,missing_cost,16.34,BUY_BOX_PRICE,,,Funko POP! Vinyl Alien,https://m.media-amazon.com/images/I/810pSZzGBOL.jpg,35,o_phase1_v1,live,live_mode_missing_cost,16.34,14.854545,10,missing_expected_cost,1,missing_all_cost_inputs,,,,,missing_forward_roi_inputs,missing_forward_roi_inputs,
2026-05-19T12:38:56Z,4W-VS57-BV6A,B0C9LJNJWZ,JC598BBI1,Rashmian,wait,"SUPPLIER_COST_USER_CONFIRMATION_REQUIRED,LOW_CONFIDENCE_MARKET_CONTEXT,WEAK_DEMAND_SIGNAL",0,0,0,,,,missing_cost,34.89,PRODUCT_DB_LIVE_LISTING_PRICE,,,"LEXIBOOK, Barbie, Educational and Bilingual Laptop in English/French, Toy for children with 124 activities to learn, play games and music, Pink, JC598BBi1",https://m.media-amazon.com/images/I/81TJrqeG8JL.jpg,50,o_phase1_v1,live,live_mode_missing_cost,34.89,31.718182,10,missing_expected_cost,1,missing_all_cost_inputs,,,,,weak_demand,weak_demand,
2026-05-19T12:38:56Z,H6-E7MP-EBPD,B00000IU72,542 33344,ABGee,wait,"SUPPLIER_COST_USER_CONFIRMATION_REQUIRED,BLOCKED_MISSING_COST_INPUT",0,0,0,20.16665,20.16665,,missing_cost,17.73,BUY_BOX_PRICE,,,"BRIO 33344 Mechanical Switches Wooden Train Track for Kids Age 3 Years Up - Compatible with all BRIO Railway Sets & Accessories, Multicoloured",https://m.media-amazon.com/images/I/71J9qCmIGjL.jpg,35,o_phase1_v1,live,live_mode_missing_cost,17.73,16.118182,10,missing_expected_cost,1,missing_all_cost_inputs,,,,,missing_forward_roi_inputs,missing_forward_roi_inputs,
2026-05-19T12:38:56Z,2L-M26G-560I,B075WYWJ5L,USN026,Tropicana Wholesale,wait,"SUPPLIER_COST_USER_CONFIRMATION_REQUIRED,LOW_CONFIDENCE_MARKET_CONTEXT,SALE_STATUS_NOT_ACTIVE",0,0,0,,,,missing_cost,25.04,PRODUCT_DB_LIVE_LISTING_PRICE,,,"USN Power Punch BCAA Amino Acids Powder, Blue Raspberry Flavour - 400g, Vegan BCAA Powder, Vitamin B6 & No Sugar, Pre Workout & Intra Workout Energy Drink & Dietary Supplement to Maximise Performance",https://m.media-amazon.com/images/I/71UzRAtue2L.jpg,40,o_phase1_v1,live,live_mode_missing_cost,25.04,22.763636,10,missing_expected_cost,1,missing_all_cost_inputs,,,,,inactive_sale_status,inactive_sale_status,
2026-05-19T12:38:56Z,9X-HL62-83C7,B00BEUFYE2,319880,Stax,wait,"SUPPLIER_COST_USER_CONFIRMATION_REQUIRED,WEAK_DEMAND_SIGNAL",0,0,0,,,,missing_cost,4.99,BUY_BOX_PRICE,,,"Tala Adjustable Cake Leveller, Stainless Steel Wire Cutter for Even Cake Layers, Multi-Height Settings for Cakes up to 25cm Wide, Perfect for Leveling & Decorating Sponges",https://m.media-amazon.com/images/I/71Wd99xaORL.jpg,50,o_phase1_v1,live,live_mode_missing_cost,4.99,4.536364,10,missing_expected_cost,1,missing_all_cost_inputs,,,,,weak_demand,weak_demand,
2026-05-19T12:38:56Z,6P-IWYA-X18B,B07B8RJDXT,AT-11006,Bliss Distribution,wait,"SUPPLIER_COST_USER_CONFIRMATION_REQUIRED,LOW_CONFIDENCE_MARKET_CONTEXT,WEAK_DEMAND_SIGNAL",0,0,0,,,,missing_cost,11.98,PRODUCT_DB_LIVE_LISTING_PRICE,,,"Dragon Shield | Standard Size Card Matte Sleeves | 100 CT - Smooth & Tough Premium TCG Sleeves | Compatible with Pokemon, Flesh & Blood, One Piece & Magic The Gathering | Gold - Matte",https://m.media-amazon.com/images/I/71FoRNrkf4L.jpg,50,o_phase1_v1,live,live_mode_missing_cost,11.98,10.890909,10,missing_expected_cost,1,missing_all_cost_inputs,,,,,weak_demand,weak_demand,
2026-05-19T12:38:56Z,QD-UWUI-6381,B00DSYVL7Q,LA680WEA-7EF,Rashmian,wait,"SUPPLIER_COST_USER_CONFIRMATION_REQUIRED,LOW_CONFIDENCE_MARKET_CONTEXT,SALE_STATUS_NOT_ACTIVE",0,0,0,,,,missing_cost,32.82,PRODUCT_DB_LIVE_LISTING_PRICE,,,Casio Unisex 28.00mm Quartz Watch with LCD Digital dial and Silver Metal Bracelet Strap LA680WEA-7EF,https://m.media-amazon.com/images/I/517hVhdD3QL.jpg,40,o_phase1_v1,live,live_mode_missing_cost,32.82,29.836364,10,missing_expected_cost,1,missing_all_cost_inputs,,,,,inactive_sale_status,inactive_sale_status,
2026-05-19T12:38:56Z,RI-VSUS-0YTD,B08MVGD2ND,,,wait,"SUPPLIER_COST_USER_CONFIRMATION_REQUIRED,SALE_STATUS_NOT_ACTIVE",0,0,0,1,1,,missing_cost,6.99,BUY_BOX_PRICE,,,"Cameleo - Permanent Hair Colour Cream - Copper Brown - Intensive Color & Protection - 5 Oils + Omega Plus Acids - Professional, Luxurious Hair Dye - Full Kit",https://m.media-amazon.com/images/I/81nwFO1nMpL.jpg,40,o_phase1_v1,live,live_mode_missing_cost,6.99,6.354545,10,missing_expected_cost,1,missing_all_cost_inputs,,,,,inactive_sale_status,inactive_sale_status,
2026-05-19T12:38:56Z,WR-MNST-TKW6,B0BVZVSHZP,77-92189,TD Synnex,wait,"LOW_CONFIDENCE_MARKET_CONTEXT,WEAK_DEMAND_SIGNAL",0,0,0,,,17.49,supplier_buy_cost_truth,34.99,PRODUCT_DB_LIVE_LISTING_PRICE,100.057176,17.5,"OtterBox React Folio Case for iPad 10th gen 2022, iPad 11th gen 2025 (A16), Shockproof, Drop proof, Ultra-Slim Protective Folio Case, Tested to Military Standard, Blue",https://m.media-amazon.com/images/I/71AwRvClHgL.jpg,50,o_phase1_v1,live,live_cost_inputs,34.99,31.809091,10,within_target_roi_max,0,price_list_only_no_purchase_reference,17.49,17.49,17.49,,weak_demand,weak_demand,
2026-05-19T12:38:56Z,CX-SMCH-4DYA,B0012B80HG,1000759,Jones Wholesale,wait,WEAK_DEMAND_SIGNAL,0,0,0,,,4.36,supplier_buy_cost_truth,8.35,BUY_BOX_PRICE,91.513761,3.99,"Kitchen Devils S8602003 Lifestyle Kitchen Knife, Black, 30x8.5x2 cm",https://m.media-amazon.com/images/I/412V6V3BO5L.jpg,50,o_phase1_v1,live,live_cost_inputs,8.35,7.590909,10,within_target_roi_max,0,price_list_only_no_purchase_reference,4.36,4.36,4.36,,weak_demand,weak_demand,
2026-05-19T12:38:56Z,81-3DY5-BFOR,B07W45L22P,FK45540,Heo,wait,"SUPPLIER_COST_USER_CONFIRMATION_REQUIRED,LOW_CONFIDENCE_MARKET_CONTEXT,WEAK_DEMAND_SIGNAL",0,0,0,,,,missing_cost,15.5,PRODUCT_DB_LIVE_LISTING_PRICE,,,Funko POP! Star Wars: the Mandalorian - Big Tom - Heavy Infantry Mandalorian - Collectable Vinyl Figure - Gift Idea - Official Merchandise - Toys for Kids & Adults - TV Fans,https://m.media-amazon.com/images/I/71nNTiFyJAL.jpg,50,o_phase1_v1,live,live_mode_missing_cost,15.5,14.090909,10,missing_expected_cost,1,missing_all_cost_inputs,,,,,weak_demand,weak_demand,
2026-05-19T12:38:56Z,77-GYTL-JFN4,B00009OY9U,942-000031,TD Synnex,wait,"SUPPLIER_COST_USER_CONFIRMATION_REQUIRED,LOW_CONFIDENCE_MARKET_CONTEXT,WEAK_DEMAND_SIGNAL",0,0,0,,,,missing_cost,103.06,PRODUCT_DB_LIVE_LISTING_PRICE,,,Logitech G Extreme 3D Pro USB Joystick for Windows - Black/Silver,https://m.media-amazon.com/images/I/51AoO6zKNsL.jpg,50,o_phase1_v1,live,live_mode_missing_cost,103.06,93.690909,10,missing_expected_cost,1,missing_all_cost_inputs,,,,,weak_demand,weak_demand,
2026-05-19T12:38:56Z,XH-0LAE-FQO5,B00AOES9GE,CUR035X,DHB,wait,WEAK_DEMAND_SIGNAL,0,0,0,,,2.75,supplier_buy_cost_truth,8.1,BUY_BOX_PRICE,194.545455,5.35,Curaprox CS 1006 Single Toothbrush – Targeted Cleaning for Gumline and Braces | Ultra-Soft Single Tuft | for Sensitive Teeth and Implants | Designed in Switzerland,https://m.media-amazon.com/images/I/51JKBIHGVwL.jpg,50,o_phase1_v1,live,live_cost_inputs,8.1,7.363636,10,within_target_roi_max,0,price_list_only_no_purchase_reference,2.75,2.75,2.75,,weak_demand,weak_demand,
2026-05-19T12:38:56Z,7L-OT45-7LYB,B01NBDFDBC,5011802251854,Stax,wait,"SUPPLIER_COST_USER_CONFIRMATION_REQUIRED,BLOCKED_MISSING_COST_INPUT",0,0,0,7.692308,7.692308,,missing_cost,4.3,BUY_BOX_PRICE,,,"Yale YES-CYLPULL-CH Essentials Rim Cylinder Door Pull, Great for External Doors, for Easy Door Closing, Chrome Finish",https://m.media-amazon.com/images/I/31RbkOTmIbL.jpg,35,o_phase1_v1,live,live_mode_missing_cost,4.3,3.909091,10,missing_expected_cost,1,missing_all_cost_inputs,,,,,missing_forward_roi_inputs,missing_forward_roi_inputs,
2026-05-19T12:38:56Z,3N-WGU4-MT5X,B00SWSU5BG,,,wait,"SUPPLIER_COST_USER_CONFIRMATION_REQUIRED,LOW_CONFIDENCE_MARKET_CONTEXT,SALE_STATUS_NOT_ACTIVE",0,0,0,,,,missing_cost,9.99,PRODUCT_DB_LIVE_LISTING_PRICE,,,"Curaprox CUR010 CPS15 Interdental Brush, Regular, Black, 1.8 mm-4 mm (Pack of 5)",https://m.media-amazon.com/images/I/81bgaq9JhOL.jpg,40,o_phase1_v1,live,live_mode_missing_cost,9.99,9.081818,10,missing_expected_cost,1,missing_all_cost_inputs,,,,,inactive_sale_status,inactive_sale_status,
2026-05-19T12:38:56Z,C6-XGZB-J6QA,B0083HIM7U,,,wait,"SUPPLIER_COST_USER_CONFIRMATION_REQUIRED,SALE_STATUS_NOT_ACTIVE",0,0,0,104.243249,104.243249,,missing_cost,5.94,BUY_BOX_PRICE,,,"Curaprox CS 1560 Soft Toothbrush – Firmer Brushing Experience | Gentle Plaque Removal for Adults | Single Pack, Random Color | Made in Switzerland",https://m.media-amazon.com/images/I/71x5uj7jZZL.jpg,40,o_phase1_v1,live,live_mode_missing_cost,5.94,5.4,10,missing_expected_cost,1,missing_all_cost_inputs,,,,,inactive_sale_status,inactive_sale_status,
2026-05-19T12:38:56Z,LP-QMNJ-J49G,B0CL5DHG37,,,wait,"SUPPLIER_COST_USER_CONFIRMATION_REQUIRED,SALE_STATUS_NOT_ACTIVE",0,0,0,224.000224,224.000224,,missing_cost,4.32,LOWEST_FBA_PRICE,,,CoComelon Children's Toothpaste - Strawberry Flavour - Sugar Free- 74ml - Award Winning,https://m.media-amazon.com/images/I/71KGOVc14aL.jpg,40,o_phase1_v1,live,live_mode_missing_cost,4.32,3.927273,10,missing_expected_cost,1,missing_all_cost_inputs,,,,,inactive_sale_status,inactive_sale_status,
2026-05-19T12:38:56Z,W3-8FN7-FSP0,B004J71OSC,,,wait,"SUPPLIER_COST_USER_CONFIRMATION_REQUIRED,SALE_STATUS_NOT_ACTIVE",0,0,0,2,2,,missing_cost,6.36,LOWEST_FBA_PRICE,,,"Curaprox CS 5460 Ortho (Sortiert), Pack of 1 Unit",https://m.media-amazon.com/images/I/61riqi4-RbL.jpg,40,o_phase1_v1,live,live_mode_missing_cost,6.36,5.781818,10,missing_expected_cost,1,missing_all_cost_inputs,,,,,inactive_sale_status,inactive_sale_status,
2026-05-19T12:38:56Z,04-FYSA-YCV0,B001JYLJB0,,,wait,"SUPPLIER_COST_USER_CONFIRMATION_REQUIRED,LOW_CONFIDENCE_MARKET_CONTEXT,SALE_STATUS_NOT_ACTIVE",0,0,0,,,,missing_cost,,MISSING_MARKET_CONTEXT,,,Blackspur BB-RLP102 Heavy Duty Revolving Leather Punch,https://m.media-amazon.com/images/I/71-FRvcDS4L.jpg,40,o_phase1_v1,live,live_mode_missing_cost,,,10,missing_market_price,1,missing_all_cost_inputs,,,,,inactive_sale_status,inactive_sale_status,
2026-05-19T12:38:56Z,04-PU0K-EVHU,B009NST7AY,,,wait,"SUPPLIER_COST_USER_CONFIRMATION_REQUIRED,LOW_CONFIDENCE_MARKET_CONTEXT,SALE_STATUS_NOT_ACTIVE",0,0,0,,,,missing_cost,,MISSING_MARKET_CONTEXT,,,GREEN SHIELD CONDITIONING LEATHER SURFACE WIPES 70 PACK - EXTRA LARGE WIPES,https://m.media-amazon.com/images/I/71dgKEsyBQL.jpg,40,o_phase1_v1,live,live_mode_missing_cost,,,10,missing_market_price,1,missing_all_cost_inputs,,,,,inactive_sale_status,inactive_sale_status,
2026-05-19T12:38:56Z,05-CH74-4EW3,B006R5Z7DC,,,wait,"SUPPLIER_COST_USER_CONFIRMATION_REQUIRED,LOW_CONFIDENCE_MARKET_CONTEXT,SALE_STATUS_NOT_ACTIVE",0,0,0,,,,missing_cost,,MISSING_MARKET_CONTEXT,,,Opies Red Marachino Cocktail Cherries with Stem 225g Jar - Marachino Cherries for Cocktails,https://m.media-amazon.com/images/I/418+WDPHi+L.jpg,40,o_phase1_v1,live,live_mode_missing_cost,,,10,missing_market_price,1,missing_all_cost_inputs,,,,,inactive_sale_status,inactive_sale_status,
2026-05-19T12:38:56Z,0A-HHXO-QF32,B0993N4XMC,,,wait,"SUPPLIER_COST_USER_CONFIRMATION_REQUIRED,LOW_CONFIDENCE_MARKET_CONTEXT,SALE_STATUS_NOT_ACTIVE",0,0,0,,,,missing_cost,,MISSING_MARKET_CONTEXT,,,"Goodyear Bumper and Trim Restorer 750ml-back to Black| Helps Bumper and Trim Plastic Look Like New| Restores, Protects and Shines| Long Lasting Gloss Finish| Suitable for All Exterior Plastics",https://m.media-amazon.com/images/I/31xKdKDFC1L.jpg,40,o_phase1_v1,live,live_mode_missing_cost,,,10,missing_market_price,1,missing_all_cost_inputs,,,,,inactive_sale_status,inactive_sale_status,
2026-05-19T12:38:56Z,0B-KZD0-FZB1,B07Y5KYLQ8,,,wait,"SUPPLIER_COST_USER_CONFIRMATION_REQUIRED,LOW_CONFIDENCE_MARKET_CONTEXT,SALE_STATUS_NOT_ACTIVE",0,0,0,,,,missing_cost,,MISSING_MARKET_CONTEXT,,,"Silvine Cloakroom/Raffle Tickets, Numbered 1-1000 with Security Numbering. Ref CRT1000, Single",https://m.media-amazon.com/images/I/41iBh9y9haL.jpg,40,o_phase1_v1,live,live_mode_missing_cost,,,10,missing_market_price,1,missing_all_cost_inputs,,,,,inactive_sale_status,inactive_sale_status,
2026-05-19T12:38:56Z,0B-OUCV-UQE9,B01N4LH1PN,,,wait,"SUPPLIER_COST_USER_CONFIRMATION_REQUIRED,LOW_CONFIDENCE_MARKET_CONTEXT,SALE_STATUS_NOT_ACTIVE",0,0,0,,,,missing_cost,,MISSING_MARKET_CONTEXT,,,PETITFEE Gold Hydrogel Eye Patch,https://m.media-amazon.com/images/I/61pz8nfXpyL.jpg,40,o_phase1_v1,live,live_mode_missing_cost,,,10,missing_market_price,1,missing_all_cost_inputs,,,,,inactive_sale_status,inactive_sale_status,
2026-05-19T12:38:56Z,0D-0039-WEPJ,B09V8GFY8C,,,wait,"SUPPLIER_COST_USER_CONFIRMATION_REQUIRED,LOW_CONFIDENCE_MARKET_CONTEXT,SALE_STATUS_NOT_ACTIVE",0,0,0,,,,missing_cost,,MISSING_MARKET_CONTEXT,,,,,40,o_phase1_v1,live,live_mode_missing_cost,,,10,missing_market_price,1,missing_all_cost_inputs,,,,,inactive_sale_status,inactive_sale_status,
2026-05-19T12:38:56Z,0F-MLCO-206G,B00RO5R4JE,,,wait,"SUPPLIER_COST_USER_CONFIRMATION_REQUIRED,LOW_CONFIDENCE_MARKET_CONTEXT,SALE_STATUS_NOT_ACTIVE",0,0,0,,,,missing_cost,,MISSING_MARKET_CONTEXT,,,"Bettina Soap Pads, 12 Pcs – Plastic-Free, Biodegradable, 100% Recycled Material, Eco-Friendly Steel Wool Pads for Sparkling Cleaning, Animal-Free Ingredients",https://m.media-amazon.com/images/I/71tPAc+V4fL.jpg,40,o_phase1_v1,live,live_mode_missing_cost,,,10,missing_market_price,1,missing_all_cost_inputs,,,,,inactive_sale_status,inactive_sale_status,
2026-05-19T12:38:56Z,0Q-F5R3-333E,1848450486,,,wait,"SUPPLIER_COST_USER_CONFIRMATION_REQUIRED,LOW_CONFIDENCE_MARKET_CONTEXT,SALE_STATUS_NOT_ACTIVE",0,0,0,,,,missing_cost,,MISSING_MARKET_CONTEXT,,,The Darkest Surrender (Lords of the Underworld: Book 8),https://m.media-amazon.com/images/I/61FDxq9I0kL.jpg,40,o_phase1_v1,live,live_mode_missing_cost,,,10,missing_market_price,1,missing_all_cost_inputs,,,,,inactive_sale_status,inactive_sale_status,
2026-05-19T12:38:56Z,0R-31MX-8MNY,B07B4NQSYS,,,wait,"SUPPLIER_COST_USER_CONFIRMATION_REQUIRED,LOW_CONFIDENCE_MARKET_CONTEXT,SALE_STATUS_NOT_ACTIVE",0,0,0,,,,missing_cost,,MISSING_MARKET_CONTEXT,,,Kilner Wide Mouth Preserve Jar 0.35L (350ml) Glass Storage Jar with Vacuum Seal Lid Ideal for Preserving Whole Fruits Vegetables Pickles Jams,https://m.media-amazon.com/images/I/61ihCtGrO7L.jpg,40,o_phase1_v1,live,live_mode_missing_cost,,,10,missing_market_price,1,missing_all_cost_inputs,,,,,inactive_sale_status,inactive_sale_status,
2026-05-19T12:38:56Z,0T-2B9X-7G65,B0B8T9L8RY,,,wait,"SUPPLIER_COST_USER_CONFIRMATION_REQUIRED,LOW_CONFIDENCE_MARKET_CONTEXT,SALE_STATUS_NOT_ACTIVE",0,0,0,,,,missing_cost,,MISSING_MARKET_CONTEXT,,,"Smart Choice Dog Toy Box, Grey",https://m.media-amazon.com/images/I/71lZ0qgvZnL.jpg,40,o_phase1_v1,live,live_mode_missing_cost,,,10,missing_market_price,1,missing_all_cost_inputs,,,,,inactive_sale_status,inactive_sale_status,
2026-05-19T12:38:56Z,1B-X7OV-DC22,B00SH4QZIM,,,wait,"SUPPLIER_COST_USER_CONFIRMATION_REQUIRED,LOW_CONFIDENCE_MARKET_CONTEXT,SALE_STATUS_NOT_ACTIVE",0,0,0,,,,missing_cost,,MISSING_MARKET_CONTEXT,,,"Darlac Grab-N-Lift Garden Waste Collector, Leaf Grabber Tool for Gardens, Ultra Lightweight Design, Leaf and Garden Waste Collection, Ref. DP556, Back Friendly Large Jaw Grabber with Moulded Handles",https://m.media-amazon.com/images/I/31DujYTU0kL.jpg,40,o_phase1_v1,live,live_mode_missing_cost,,,10,missing_market_price,1,missing_all_cost_inputs,,,,,inactive_sale_status,inactive_sale_status,
2026-05-19T12:38:56Z,1I-68NK-QBN0,B095ZY4PCG,,,wait,"SUPPLIER_COST_USER_CONFIRMATION_REQUIRED,LOW_CONFIDENCE_MARKET_CONTEXT,SALE_STATUS_NOT_ACTIVE",0,0,0,,,,missing_cost,,MISSING_MARKET_CONTEXT,,,"Fry's Turkish Delight Mini Chocolate Bars, 105 g (pack of 7)",https://m.media-amazon.com/images/I/618CVP8noDL.jpg,40,o_phase1_v1,live,live_mode_missing_cost,,,10,missing_market_price,1,missing_all_cost_inputs,,,,,inactive_sale_status,inactive_sale_status,
2026-05-19T12:38:56Z,1L-X5VM-8E2W,B09S5RXYKR,,,wait,"SUPPLIER_COST_USER_CONFIRMATION_REQUIRED,LOW_CONFIDENCE_MARKET_CONTEXT,SALE_STATUS_NOT_ACTIVE",0,0,0,,,,missing_cost,,MISSING_MARKET_CONTEXT,,,Etude House Fixing Tint #11 Rose Blending | Long Lasting High Pigmented Liquid Lipstick |Waterproof Lightweight Matte Finish Lip Stain| Full Coverage,https://m.media-amazon.com/images/I/41NXn28N4PL.jpg,40,o_phase1_v1,live,live_mode_missing_cost,,,10,missing_market_price,1,missing_all_cost_inputs,,,,,inactive_sale_status,inactive_sale_status,
2026-05-19T12:38:56Z,3Q-JVVB-BIT7,0786964502,A35790000,Bliss Distribution,wait,"SUPPLIER_COST_USER_CONFIRMATION_REQUIRED,LOW_CONFIDENCE_MARKET_CONTEXT,SALE_STATUS_NOT_ACTIVE",0,0,0,,,,missing_cost,38.43,PRODUCT_DB_LIVE_LISTING_PRICE,,,Wizards of the Coast Lords of Waterdeep Expansion: Scoundrels of Skullport,https://m.media-amazon.com/images/I/91HCVyS3OBL.jpg,40,o_phase1_v1,live,live_mode_missing_cost,38.43,34.936364,10,missing_expected_cost,1,missing_all_cost_inputs,,,,,inactive_sale_status,inactive_sale_status,
2026-05-19T12:38:56Z,JX-6USZ-SK7E,0786964502,A35790000,Heo,wait,"SUPPLIER_COST_USER_CONFIRMATION_REQUIRED,LOW_CONFIDENCE_MARKET_CONTEXT,WEAK_DEMAND_SIGNAL",0,0,0,,,,missing_cost,39.49,PRODUCT_DB_LIVE_LISTING_PRICE,,,Wizards of the Coast Lords of Waterdeep Expansion: Scoundrels of Skullport,https://m.media-amazon.com/images/I/91HCVyS3OBL.jpg,50,o_phase1_v1,live,live_mode_missing_cost,39.49,35.9,10,missing_expected_cost,1,missing_all_cost_inputs,,,,,weak_demand,weak_demand,
2026-05-19T12:38:56Z,RB-1O77-8969,B000X2F4II,,,wait,"SUPPLIER_COST_USER_CONFIRMATION_REQUIRED,SALE_STATUS_NOT_ACTIVE",0,0,0,,,,missing_cost,7.94,BUY_BOX_PRICE,,,"Tacwise 0283 Type 91 / 15 mm Galvanised Narrow Crown Staples, Pack of 1",https://m.media-amazon.com/images/I/41ZkivEOOKL.jpg,40,o_phase1_v1,live,live_mode_missing_cost,7.94,7.218182,10,missing_expected_cost,1,missing_all_cost_inputs,,,,,inactive_sale_status,inactive_sale_status,
2026-05-19T12:38:56Z,SE-UITZ-7CPY,B006SYGN9O,,,wait,"SUPPLIER_COST_USER_CONFIRMATION_REQUIRED,SALE_STATUS_NOT_ACTIVE",0,0,0,0,0,,missing_cost,10.1,BUY_BOX_PRICE,,,"Minky PP23004003 Easy Medium Ironing Cover Fits Boards, 110 x 35 cm, Black",https://m.media-amazon.com/images/I/71B-1yIwYxL.jpg,40,o_phase1_v1,live,live_mode_missing_cost,10.1,9.181818,10,missing_expected_cost,1,missing_all_cost_inputs,,,,,inactive_sale_status,inactive_sale_status,
